date,hour,type,北京,天津,石家庄,唐山,秦皇岛,邯郸,保定,张家口,承德,廊坊,沧州,衡水,邢台,太原,呼和浩特,沈阳,大连,长春,哈尔滨,上海,南京,苏州,南通,连云港,徐州,扬州,无锡,常州,镇江,泰州,淮安,盐城,宿迁,杭州,宁波,温州,绍兴,湖州,嘉兴,台州,舟山,金华,衢州,丽水,合肥,福州,厦门,南昌,济南,青岛,郑州,武汉,长沙,广州,深圳,珠海,佛山,中山,江门,东莞,惠州,肇庆,南宁,海口,重庆,成都,贵阳,昆明,拉萨,西安,兰州,西宁,银川,乌鲁木齐,湘潭,株洲,包头,鄂尔多斯,营口,丹东,盘锦,葫芦岛,泉州,临沂,德州,聊城,滨州,淄博,枣庄,烟台,潍坊,济宁,泰安,日照,威海,东营,韶关,汕头,湛江,茂名,梅州,汕尾,河源,阳江,清远,潮州,揭阳,云浮,玉溪,菏泽,大同,长治,临汾,阳泉,赤峰,鞍山,抚顺,本溪,锦州,吉林,齐齐哈尔,牡丹江,大庆,芜湖,马鞍山,九江,洛阳,安阳,开封,焦作,平顶山,三门峡,宜昌,荆州,岳阳,常德,张家界,桂林,北海,柳州,三亚,绵阳,宜宾,攀枝花,泸州,自贡,德阳,南充,遵义,曲靖,咸阳,铜川,延安,宝鸡,渭南,金昌,嘉峪关,石嘴山,克拉玛依,巴音郭楞州,寿光,章丘,即墨,胶南,胶州,莱西,平度,蓬莱,招远,莱州,荣成,文登,乳山,吴江,昆山,常熟,张家港,太仓,句容,江阴,宜兴,金坛,溧阳,海门,临安,富阳,义乌,诸暨,瓦房店,信阳,周口,漳州,晋城,朔州,晋中,运城,忻州,吕梁,乌海,通辽,呼伦贝尔,巴彦淖尔,乌兰察布,兴安盟,锡林郭勒盟,阿拉善盟,阜新,辽阳,铁岭,朝阳,四平,辽源,通化,白山,松原,白城,延边朝鲜族自治州,鸡西,鹤岗,双鸭山,伊春,佳木斯,七台河,黑河,绥化,大兴安岭地区,蚌埠,淮南,淮北,铜陵,安庆,黄山,滁州,阜阳,宿州,六安,亳州,池州,宣城,莆田,三明,南平,龙岩,宁德,景德镇,萍乡,新余,鹰潭,赣州,吉安,宜春,抚州,上饶,鹤壁,新乡,濮阳,许昌,漯河,南阳,商丘,驻马店,黄石,十堰,襄阳,鄂州,荆门,孝感,黄冈,咸宁,随州,恩施土家族苗族自治州,衡阳,邵阳,益阳,郴州,永州,怀化,娄底,湘西州,梧州,防城港,钦州,贵港,玉林,百色,贺州,河池,来宾,崇左,广元,遂宁,内江,乐山,眉山,广安,达州,雅安,巴中,资阳,阿坝藏族羌族自治州,甘孜州,甘孜藏族自治州,凉山彝族自治州,六盘水,安顺,铜仁地区,毕节,黔西南布依族苗族自治州,黔东南苗族侗族自治州,黔东南州,黔南布依族苗族自治州,保山,昭通,丽江,普洱,临沧,楚雄州,红河州,文山州,西双版纳州,大理州,德宏州,怒江州,迪庆州,昌都,山南,日喀则,那曲地区,那曲,阿里地区,林芝,汉中,榆林,安康,商洛,白银,天水,武威,张掖,平凉,酒泉,庆阳,定西,陇南,临夏回族自治州,甘南州,海东地区,海北藏族自治州,黄南藏族自治州,海南藏族自治州,果洛藏族自治州,玉树藏族自治州,海西蒙古族藏族自治州,吴忠,中卫,固原,吐鲁番地区,哈密地区,昌吉州,博尔塔拉蒙古自治州,阿克苏地区,克孜勒苏柯尔克孜自治州,喀什地区,和田地区,伊犁哈萨克州,塔城地区,阿勒泰地区,石河子,五家渠,三沙,兰州新区,赣江新区,儋州,雄安新区,西咸新区
20260401,0,AQI,65,81,63,56,59,83,73,56,24,85,113,96,83,34,21,64,49,101,204,59,120,71,60,145,101,123,80,95,111,96,115,80,146,30,44,29,36,41,40,33,32,23,22,23,100,28,27,31,118,59,99,53,70,16,39,41,18,17,17,13,39,19,24,48,36,36,25,41,31,62,59,40,59,64,54,54,24,42,52,51,47,63,30,141,150,116,62,79,128,44,58,115,128,79,47,49,22,44,40,34,20,29,23,38,24,41,43,16,43,96,37,55,52,52,56,56,78,81,68,104,53,91,72,60,93,42,64,82,34,70,54,42,55,59,51,27,20,26,20,25,36,51,26,32,16,30,51,40,31,28,64,59,52,58,53,80,73,60,53,137,,,,,,,,,,,,,,,,,,,,,,,,,,,,,,63,95,51,58,61,59,57,34,51,41,234,24,43,28,,27,49,78,56,118,50,64,81,52,58,96,59,33,71,167,86,55,77,46,89,199,25,118,105,98,96,89,26,123,95,106,96,86,42,56,26,22,16,20,25,24,31,27,30,25,28,23,31,19,52,49,99,83,101,71,103,83,41,42,33,31,56,59,30,27,55,33,29,27,56,21,30,35,31,21,21,26,26,23,22,21,21,15,26,32,38,40,30,34,42,41,31,21,40,35,27,,14,13,35,32,34,35,28,26,,23,39,48,28,63,89,47,47,40,83,25,60,56,27,28,28,31,27,,35,25,54,54,33,51,101,66,69,98,44,,56,,51,,75,54,27,41,40,46,35,37,60,65,40,88,56,71,87,136,145,99,116,87,57,28,80,52,,,,51,,
20260401,0,PM2.5,41,60,41,38,27,61,53,9,13,63,85,72,61,18,8,46,28,76,154,42,91,52,43,111,76,93,59,71,84,72,87,59,112,19,31,6,25,29,25,5,9,13,15,3,75,4,19,21,89,42,74,29,51,4,25,29,4,5,6,5,27,3,9,29,15,20,9,24,8,20,29,28,24,37,38,38,8,12,25,26,33,45,21,108,115,88,38,55,97,17,28,87,97,58,27,23,3,25,28,24,3,20,3,26,3,29,30,3,25,72,7,25,18,17,9,38,57,60,49,78,6,68,29,43,69,27,46,59,18,51,31,19,39,42,36,17,13,13,10,6,25,24,15,20,4,10,24,20,15,12,28,28,19,29,16,43,26,23,17,57,,,,,,,,,,,,,,,,,,,,,,,,,,,,,,45,71,36,22,20,23,38,16,21,6,38,17,12,10,,7,11,57,38,89,35,46,60,29,26,72,30,23,42,115,64,39,47,32,66,149,14,89,79,73,72,66,7,93,71,80,72,64,29,40,8,3,3,3,10,4,22,13,17,6,6,10,16,7,28,24,74,61,76,52,77,61,19,25,21,14,38,42,20,19,34,21,20,13,35,11,21,12,22,15,7,5,10,3,6,3,7,3,6,18,16,18,10,14,8,27,8,13,24,18,11,,5,7,21,17,16,17,13,15,,16,27,23,7,37,66,31,33,28,61,15,43,40,9,18,3,6,17,,3,3,27,17,12,16,31,33,32,60,20,,26,,15,,39,24,3,16,8,21,11,12,24,28,17,32,22,50,43,70,80,23,53,59,13,3,59,24,,,,32,,
20260401,0,PM2.5_24h,29,24,30,21,22,43,35,18,13,31,39,27,39,27,15,40,23,101,96,27,89,40,31,63,82,64,41,49,62,49,82,59,82,19,20,24,21,31,23,11,12,10,8,5,70,22,21,18,56,32,52,42,28,18,20,20,20,18,18,26,21,21,23,20,10,13,6,20,6,20,32,20,29,23,23,22,17,11,36,27,30,32,30,53,63,67,25,39,91,20,25,82,73,32,19,14,16,25,22,20,15,17,19,18,20,20,30,19,23,51,23,42,33,27,20,41,37,32,39,52,34,38,90,54,76,28,59,53,49,63,52,53,24,38,36,29,22,7,21,11,17,17,6,21,3,5,17,13,8,14,26,24,18,18,19,21,20,26,12,56,,,,,,,,,,,,,,,,,,,,,,,,,,,,,,53,45,24,31,20,42,36,19,19,15,30,8,11,13,,7,10,30,41,39,30,42,34,19,17,106,29,21,41,67,64,30,69,44,38,115,19,85,77,66,65,51,9,90,62,76,68,46,38,34,32,20,21,12,17,7,16,12,10,8,9,14,10,8,45,56,46,51,60,54,52,60,21,17,43,24,46,44,27,19,44,11,14,10,33,13,14,10,14,12,21,19,18,22,20,26,7,16,18,32,15,13,11,6,5,17,7,5,13,14,12,,3,4,8,10,8,7,14,9,,10,27,10,6,40,40,22,37,37,60,19,48,24,9,7,3,5,21,,3,5,17,16,13,17,24,19,23,37,21,,21,,16,,17,23,11,14,13,23,6,13,34,27,19,24,15,26,23,61,62,65,60,19,7,2,27,29,,,,26,,
20260401,0,PM10,79,104,76,61,67,82,94,61,24,94,113,134,99,34,20,66,49,113,218,53,113,61,66,147,104,129,81,120,88,101,123,84,129,30,41,11,35,39,40,8,14,19,22,7,130,8,27,31,133,54,88,56,62,8,39,41,9,10,15,11,36,6,14,48,36,36,25,41,25,74,67,39,67,78,47,54,24,42,54,51,,64,,139,158,129,73,108,140,44,66,114,127,87,47,49,7,44,39,33,6,24,12,38,6,35,43,16,43,107,37,60,53,54,62,62,92,92,66,104,55,86,94,48,81,42,65,114,17,86,57,42,50,45,50,27,20,26,20,15,36,52,26,32,12,30,51,40,31,25,78,67,53,66,55,110,95,69,55,223,,,,,,,,,,,,,,,,,,,,,,,,,,,,,,69,79,50,65,72,68,64,34,51,41,374,19,43,28,,27,49,73,62,130,39,67,92,54,66,116,68,32,92,283,82,48,103,41,83,199,16,118,100,94,118,80,11,128,101,105,90,88,42,37,8,22,6,6,8,6,26,27,22,14,23,23,31,15,53,49,95,71,95,78,100,99,41,42,20,31,61,62,30,24,59,33,26,27,62,18,27,35,30,20,20,14,19,10,12,15,14,14,15,32,38,40,30,34,42,41,31,21,40,35,27,,14,10,35,32,34,35,18,26,,17,35,48,18,75,57,47,42,32,84,24,68,61,13,28,10,27,23,,10,10,58,58,33,51,152,81,87,146,44,,61,,51,,100,58,27,41,40,46,35,37,69,79,40,125,61,92,124,222,239,148,182,124,64,15,93,54,,,,52,,
20260401,0,PM10_24h,62,54,63,50,61,64,66,43,34,55,65,59,68,37,25,58,40,129,135,34,112,48,56,94,110,86,60,78,61,68,118,78,100,31,32,31,30,41,32,19,17,17,10,14,114,29,31,24,93,58,69,57,33,29,33,30,30,25,30,37,34,31,35,32,24,22,17,32,15,55,56,30,65,62,30,30,33,30,59,50,38,50,43,78,95,103,53,80,132,45,60,102,100,62,39,36,23,41,35,34,27,28,29,30,29,37,52,37,39,85,41,61,57,51,43,65,58,57,54,72,108,52,123,68,100,37,81,71,72,92,85,73,37,44,44,34,23,15,42,24,29,31,10,33,10,24,35,25,22,26,59,54,37,45,54,75,67,60,45,237,,,,,,,,,,,,,,,,,,,,,,,,,,,,,,81,72,36,73,44,63,64,31,41,49,78,25,39,31,,34,43,52,68,57,48,57,57,42,46,130,90,33,59,104,87,38,81,64,60,138,33,118,104,106,96,56,16,117,95,101,85,80,47,33,40,30,31,21,25,15,22,22,13,14,22,23,23,23,68,84,77,68,84,88,76,98,36,35,77,42,73,62,39,30,72,20,21,18,42,18,19,16,22,16,36,34,37,34,32,44,16,26,33,55,36,24,24,18,32,24,25,10,22,21,30,,10,14,14,13,19,10,24,11,,11,40,26,15,74,51,33,48,52,79,24,62,34,19,17,18,22,32,,9,12,38,36,27,36,44,46,67,89,55,,55,,45,,44,45,25,28,42,60,23,32,82,84,55,84,42,49,74,191,202,232,245,58,35,12,58,60,,,,42,,
20260401,0,SO2,3,11,2,6,16,5,4,3,2,7,15,7,20,4,6,20,9,10,15,5,5,5,5,8,8,7,5,8,4,9,8,7,5,6,6,5,6,5,5,5,6,2,3,4,6,4,2,6,6,8,4,7,4,5,4,5,5,4,4,4,5,6,5,7,7,5,5,4,4,4,9,11,7,7,3,5,7,8,11,11,6,13,3,16,10,7,18,19,8,11,8,8,5,10,7,16,6,6,12,11,7,5,6,5,6,14,5,7,6,5,14,11,6,9,6,15,12,9,9,18,5,5,6,7,7,6,12,3,7,9,4,10,6,6,7,7,7,4,7,5,4,9,8,6,10,6,3,7,8,6,4,3,2,6,5,11,10,13,5,10,,,,,,,,,,,,,,,,,,,,,,,,,,,,,,5,2,3,4,7,10,6,6,5,10,7,5,12,21,,4,8,22,14,10,8,7,6,10,9,2,3,6,12,13,11,6,6,8,7,12,9,7,8,7,6,6,4,7,6,5,5,6,4,5,3,9,3,4,4,4,6,2,5,3,7,9,11,5,6,7,3,6,7,5,3,4,6,7,10,6,4,4,5,5,4,7,6,6,4,5,4,4,2,4,9,7,4,7,7,9,6,5,7,6,3,6,7,5,8,5,4,5,8,3,5,,5,4,6,33,4,10,12,3,,4,6,7,9,8,6,4,6,5,9,5,4,6,6,6,10,8,12,,6,6,7,5,4,7,11,10,10,5,7,,13,,6,,3,15,5,9,12,15,9,11,7,9,9,4,5,8,5,4,7,3,2,10,5,5,16,11,,,,7,,
20260401,0,SO2_24h,4,9,3,7,12,7,5,3,6,6,9,5,9,4,7,11,10,8,11,6,6,6,4,12,9,5,5,8,4,9,8,7,8,6,6,5,6,5,5,5,6,3,3,4,6,4,3,6,7,8,5,7,4,5,5,4,6,4,6,4,5,8,4,7,7,5,5,4,6,5,7,6,9,7,3,5,11,6,15,11,8,24,5,12,12,10,13,15,10,9,10,7,7,12,7,10,7,7,6,5,8,6,6,5,6,7,7,6,5,7,7,8,8,7,10,16,11,12,15,11,7,5,8,7,9,5,10,5,9,12,6,12,6,8,6,7,7,4,8,5,4,9,8,7,7,6,3,6,6,7,4,3,3,5,6,9,16,14,5,9,,,,,,,,,,,,,,,,,,,,,,,,,,,,,,5,3,4,4,5,11,7,7,6,22,11,5,9,7,,6,9,17,12,9,11,4,6,11,10,3,5,7,9,11,9,6,6,8,7,10,10,6,8,7,7,5,4,7,6,5,5,6,4,5,4,7,3,5,4,4,6,3,5,3,7,9,8,9,9,10,6,6,6,5,4,4,8,6,10,9,5,4,5,5,3,7,6,7,4,4,4,5,3,4,8,7,5,9,9,12,6,5,7,6,9,6,7,5,10,5,5,6,9,3,5,,6,5,6,13,4,10,8,2,,4,6,5,9,9,6,4,10,6,9,5,7,7,6,6,8,9,14,,6,6,6,15,5,7,8,11,9,5,7,,5,,8,,5,11,6,9,14,14,6,15,9,9,9,4,7,8,4,4,9,4,3,7,5,5,16,9,,,,7,,
20260401,0,NO2,35,63,23,33,34,28,36,6,12,45,50,48,27,45,15,37,28,51,50,33,34,30,48,34,37,70,53,48,44,49,37,24,22,13,30,21,13,13,13,11,13,22,23,12,50,15,18,33,59,23,25,24,47,16,21,15,14,15,18,19,19,8,12,10,33,37,21,17,5,45,52,15,32,52,30,37,17,34,23,15,16,70,17,31,49,27,52,66,27,19,34,27,60,40,21,49,13,14,10,12,8,5,7,19,7,26,23,11,19,26,8,34,41,54,4,25,38,46,41,35,3,48,6,47,43,41,46,31,13,15,16,29,23,22,36,12,15,13,9,10,15,35,34,8,18,20,48,21,26,10,57,25,55,19,33,27,30,45,16,39,,,,,,,,,,,,,,,,,,,,,,,,,,,,,,18,13,29,46,25,54,60,24,65,13,3,5,9,12,,7,5,36,23,42,22,33,42,33,38,17,4,13,20,30,31,15,10,14,11,31,2,27,18,25,38,21,8,16,15,19,14,14,32,21,14,12,6,4,17,8,12,15,8,11,12,15,8,14,10,13,25,23,32,28,19,23,9,21,8,12,12,11,8,19,19,10,31,15,28,13,18,27,39,12,11,10,9,10,10,13,15,14,9,10,35,35,25,41,25,25,47,12,39,12,10,,20,5,26,17,25,16,5,13,,9,7,19,6,16,11,12,9,7,22,8,10,18,5,17,1,4,7,,1,1,41,80,15,32,56,53,29,29,25,,14,,9,,65,4,4,1,20,8,36,7,19,43,17,29,13,79,55,34,56,28,19,73,11,2,35,12,,,,6,,
20260401,0,NO2_24h,27,37,19,29,33,23,22,12,19,22,35,29,23,21,11,39,22,47,44,21,26,27,17,35,27,24,30,26,28,18,24,17,17,17,22,28,17,14,15,16,11,17,14,14,26,21,24,13,36,29,20,19,17,26,17,7,22,9,16,29,15,23,13,10,15,21,11,11,12,26,26,14,25,25,13,18,22,13,27,16,21,41,33,22,36,31,42,44,25,30,28,22,26,33,24,31,18,17,12,8,15,8,17,5,20,18,26,15,15,20,17,19,19,28,19,31,31,32,32,26,10,24,18,32,31,23,26,23,24,18,15,22,20,19,17,10,13,10,11,10,9,22,19,12,14,11,26,15,8,12,23,20,28,14,19,6,13,26,10,26,,,,,,,,,,,,,,,,,,,,,,,,,,,,,,12,17,22,15,14,23,19,22,23,23,13,5,8,9,,10,6,25,29,28,29,32,25,21,22,18,15,13,15,21,22,13,30,20,12,27,8,25,20,19,21,13,9,16,14,18,14,13,24,16,21,15,11,8,17,10,12,15,9,11,14,15,6,15,16,19,27,19,19,16,17,16,9,13,14,15,15,11,8,10,17,8,14,11,7,14,12,11,15,9,25,9,9,17,14,14,11,9,8,8,24,18,16,19,21,16,27,9,18,11,6,,14,6,10,8,14,7,8,8,,6,7,10,8,16,10,11,9,9,18,9,13,14,9,8,6,7,15,,2,2,19,23,13,18,19,25,15,17,18,,12,,13,,19,8,2,2,12,3,12,3,22,18,18,16,18,23,13,24,9,28,13,22,11,4,20,22,,,,8,,
20260401,0,O3,48,27,74,22,53,71,56,75,25,37,32,52,66,36,66,62,66,56,87,62,47,57,36,49,50,13,32,39,29,26,50,74,49,96,68,92,103,92,102,107,103,74,54,75,44,88,34,66,44,89,74,64,27,52,29,38,56,53,54,42,30,60,76,65,37,52,31,71,100,45,36,84,53,69,36,22,68,51,73,87,62,10,55,82,54,91,38,23,79,98,54,71,49,74,98,46,69,35,42,42,63,56,73,31,78,31,27,51,61,71,74,43,26,31,73,70,56,27,35,44,81,21,78,39,31,54,46,52,110,90,83,47,64,94,38,71,25,69,61,79,32,51,36,88,50,65,51,65,15,89,28,51,4,42,61,46,56,40,81,50,,,,,,,,,,,,,,,,,,,,,,,,,,,,,,75,86,14,38,46,29,19,60,8,78,63,73,64,72,,68,95,52,73,51,58,84,16,31,30,81,74,57,53,75,58,43,83,84,100,103,79,60,68,44,20,68,82,75,75,66,94,74,40,67,82,61,51,64,80,78,55,66,95,81,90,58,88,60,93,100,58,65,48,53,81,66,53,47,106,80,105,103,86,36,90,33,36,53,63,67,51,7,16,16,68,83,83,75,69,67,67,47,84,45,45,34,77,33,70,52,6,48,21,74,67,,45,43,32,57,23,26,90,28,,23,66,52,88,67,50,74,83,86,55,79,45,31,86,66,89,99,85,,111,80,21,11,37,39,19,29,41,43,46,,96,,85,,11,109,56,92,63,61,63,115,65,38,71,69,73,24,48,54,47,60,66,25,53,90,67,90,,,,90,,
20260401,0,O3_24h,48,27,74,22,53,71,56,75,25,37,32,52,66,36,66,62,66,56,87,62,47,57,36,49,50,13,32,39,29,26,50,74,49,96,68,92,103,92,102,107,103,74,54,75,44,88,34,66,44,89,74,64,27,52,29,38,56,53,54,42,30,60,76,65,37,52,31,71,100,45,36,84,53,69,36,22,68,51,73,87,62,10,55,82,54,91,38,23,79,98,54,71,49,74,98,46,69,35,42,42,63,56,73,31,78,31,27,51,61,71,74,43,26,31,73,70,56,27,35,44,81,21,78,39,31,54,46,52,110,90,83,47,64,94,38,71,25,69,61,79,32,51,36,88,50,65,51,65,15,89,28,51,4,42,61,46,56,40,81,50,,,,,,,,,,,,,,,,,,,,,,,,,,,,,,75,86,14,38,46,29,19,60,8,78,63,73,64,72,,68,95,52,73,51,58,84,16,31,30,81,74,57,53,75,58,43,83,84,100,103,79,60,68,44,20,68,82,75,75,66,94,74,40,67,82,61,51,64,80,78,55,66,95,81,90,58,88,60,93,100,58,65,48,53,81,66,53,47,106,80,105,103,86,36,90,33,36,53,63,67,51,7,16,16,68,83,83,75,69,67,67,47,84,45,45,34,77,33,70,52,6,48,21,74,67,,45,43,32,57,23,26,90,28,,23,66,52,88,67,50,74,83,86,55,79,45,31,86,66,89,99,85,,111,80,21,11,37,39,19,29,41,43,46,,96,,85,,11,109,56,92,63,61,63,115,65,38,71,69,73,24,48,54,47,60,66,25,53,90,67,90,,,,90,,
20260401,0,O3_8h,95,81,111,74,79,109,122,94,64,112,85,117,119,100,93,121,110,139,122,114,96,115,118,100,127,106,104,109,89,107,83,104,119,91,112,100,102,119,113,118,125,86,78,68,100,100,84,100,112,108,131,112,96,59,59,64,57,67,61,65,63,69,62,114,93,109,79,107,99,115,103,104,103,129,102,92,97,105,113,126,113,95,68,133,117,126,99,104,146,103,108,140,127,97,94,96,74,59,93,64,57,64,55,61,73,72,64,75,103,135,98,117,109,100,98,107,112,111,103,109,112,106,114,75,81,111,112,106,134,110,116,110,130,129,105,118,103,100,61,89,63,107,87,111,88,100,118,89,76,112,108,111,101,106,118,116,112,99,121,98,,,,,,,,,,,,,,,,,,,,,,,,,,,,,,137,118,90,114,89,100,116,101,100,104,112,85,95,97,,83,105,114,116,112,102,116,106,110,109,113,105,95,105,115,100,99,127,119,102,138,86,85,84,112,87,99,84,97,106,102,103,105,90,107,101,66,56,66,97,74,89,95,89,85,95,91,100,72,107,121,106,111,115,107,116,120,92,108,126,110,129,134,116,87,129,118,94,105,100,59,98,102,101,111,55,70,78,77,63,78,86,81,95,96,107,66,105,110,107,94,81,93,104,96,122,,80,80,84,90,109,78,108,100,,78,94,93,100,113,102,99,117,124,120,92,96,67,90,115,95,102,100,,119,89,101,103,96,111,95,116,103,113,105,,107,,96,,102,118,109,118,128,122,135,144,98,107,104,112,114,129,128,103,111,104,99,109,94,95,120,121,,,,105,,
20260401,0,O3_8h_24h,84,58,100,47,61,94,95,86,47,86,69,96,97,82,84,95,85,74,100,80,71,71,72,74,89,60,67,73,57,68,60,91,86,89,80,98,101,99,98,115,104,80,69,67,74,88,41,94,75,100,101,93,69,52,41,54,50,55,47,51,44,55,60,93,72,91,59,86,96,76,79,87,84,115,82,70,85,80,93,91,84,56,46,118,94,107,68,64,119,90,78,110,98,86,97,76,74,49,63,48,48,56,55,48,72,45,42,56,89,114,85,78,69,64,84,89,93,67,61,73,88,68,98,55,54,76,81,89,115,97,98,83,102,111,80,100,55,86,60,88,52,83,73,99,76,89,103,81,56,102,76,84,47,72,93,98,90,74,105,75,,,,,,,,,,,,,,,,,,,,,,,,,,,,,,118,104,42,92,71,76,81,77,60,87,101,82,80,85,,71,99,85,94,79,77,84,62,71,63,97,80,84,72,94,67,63,71,97,102,110,83,71,77,86,58,84,83,81,93,79,99,92,65,84,86,65,55,64,94,72,66,86,83,83,91,70,92,69,103,112,90,92,82,83,102,91,75,70,113,97,115,127,105,65,105,68,70,79,86,73,77,55,69,65,55,70,78,77,58,75,80,70,92,61,82,63,95,86,93,73,46,75,67,74,92,,62,59,58,78,62,55,100,53,,44,83,77,93,89,74,90,98,109,79,85,67,48,89,98,87,101,89,,117,83,67,70,72,78,61,85,78,91,73,,95,,86,,57,113,89,106,102,88,102,137,85,86,74,97,93,100,111,83,97,94,92,88,76,90,104,113,,,,94,,
20260401,0,CO,0.54,0.72,0.58,0.76,0.70,0.60,0.49,0.23,0.40,0.58,0.63,0.60,1.50,0.40,0.30,1.40,0.72,0.80,0.94,0.50,0.80,0.69,0.58,0.97,0.66,0.92,1.00,0.94,0.86,0.73,0.78,0.74,0.70,0.53,0.50,0.33,0.40,0.65,0.63,0.40,0.50,0.47,0.40,0.35,0.82,0.35,0.30,0.60,0.86,0.59,0.61,0.67,0.87,0.70,0.57,0.57,0.57,0.50,0.50,0.77,0.50,0.47,0.61,0.43,0.57,0.59,0.53,0.50,0.40,0.41,0.67,0.55,0.44,0.62,0.45,0.77,0.53,0.32,0.68,0.63,0.53,0.88,0.60,0.66,0.86,0.80,0.64,0.98,0.80,0.42,0.47,0.75,0.63,0.82,0.50,0.67,0.63,0.78,0.57,0.73,0.75,0.50,0.55,0.67,0.45,0.70,0.80,0.55,0.50,0.60,0.46,0.52,0.45,0.56,0.30,1.28,1.13,1.12,0.78,1.18,0.23,0.77,0.24,0.67,0.70,0.68,0.70,0.55,0.52,0.70,0.53,0.38,0.47,0.60,0.67,0.82,0.50,0.70,0.72,0.54,0.45,0.52,0.77,0.65,0.70,0.50,0.53,0.40,0.58,0.58,0.60,0.45,0.55,0.36,0.30,0.50,0.70,0.68,0.36,0.45,,,,,,,,,,,,,,,,,,,,,,,,,,,,,,0.45,0.50,0.40,0.50,0.35,0.45,0.78,0.33,0.37,0.30,0.33,0.20,0.40,0.35,,0.20,0.50,1.10,1.10,0.65,0.77,0.37,0.80,0.65,0.95,0.55,0.30,0.37,0.53,1.10,0.77,0.45,0.30,0.43,0.55,1.00,0.25,0.67,0.60,0.65,0.85,0.60,0.45,0.70,0.72,0.50,0.55,0.27,0.90,0.47,0.60,1.07,0.60,0.70,0.35,0.60,0.63,0.50,0.40,0.50,0.85,0.80,0.85,0.45,0.46,0.40,0.65,0.53,0.64,0.70,0.53,0.57,1.02,0.70,0.62,0.63,0.45,0.40,0.50,0.70,0.60,0.50,0.92,0.75,0.90,0.45,0.63,0.50,0.75,0.35,0.35,0.47,0.63,0.60,0.63,0.40,0.73,0.60,0.95,0.60,0.57,0.65,0.45,0.55,0.45,0.70,0.38,0.40,0.75,0.45,0.20,,0.30,0.45,0.50,0.60,0.65,0.55,0.45,0.60,,0.65,0.35,0.40,0.55,0.60,0.70,0.60,0.30,0.40,0.90,0.40,0.60,0.70,0.50,0.50,0.25,0.30,0.60,,0.30,0.45,0.53,0.43,0.40,0.40,0.60,0.65,0.50,0.60,0.40,,0.40,,0.70,,0.55,0.60,0.40,0.30,0.30,0.50,0.60,0.40,0.40,0.35,0.40,0.70,,1.05,0.55,0.40,0.45,0.55,0.55,1.75,0.60,0.20,0.85,0.50,,,,0.65,,
20260401,0,CO_24h,0.48,0.57,0.54,0.59,0.65,0.65,0.49,0.37,0.45,0.43,0.43,0.43,0.80,0.53,0.38,0.73,0.63,0.84,0.74,0.53,0.89,0.80,0.52,0.99,0.68,0.72,0.89,0.61,0.74,0.63,0.90,0.74,0.60,0.60,0.51,0.50,0.46,0.72,0.60,0.43,0.50,0.57,0.40,0.50,0.80,0.50,0.43,0.60,0.74,0.61,0.56,0.62,0.66,0.62,0.49,0.43,0.53,0.35,0.33,0.70,0.45,0.40,0.70,0.38,0.47,0.47,0.50,0.49,0.42,0.46,0.60,0.65,0.56,0.46,0.35,0.52,0.56,0.30,0.76,0.50,0.50,0.70,0.67,0.44,0.72,0.73,0.44,0.63,0.84,0.42,0.52,0.77,0.62,0.86,0.43,0.57,0.67,0.77,0.53,0.57,0.70,0.45,0.60,0.50,0.45,0.60,0.80,0.60,0.40,0.50,0.49,0.62,0.77,0.66,0.50,1.18,0.73,1.08,0.76,0.88,0.42,0.53,0.48,0.92,0.87,0.66,0.71,0.67,0.72,0.80,0.65,0.48,0.38,0.60,0.63,0.80,0.50,0.63,0.63,0.64,0.40,0.50,0.65,0.68,0.67,0.47,0.53,0.40,0.45,0.63,0.50,0.40,0.45,0.36,0.30,0.40,0.73,0.72,0.34,0.40,,,,,,,,,,,,,,,,,,,,,,,,,,,,,,0.40,0.40,0.55,0.60,0.33,0.55,0.60,0.47,0.43,0.57,0.57,0.20,0.35,0.30,,0.20,0.50,0.68,0.97,0.50,0.80,0.40,0.60,0.65,0.90,0.60,0.15,0.37,0.50,0.73,0.57,0.50,0.50,0.53,0.45,0.90,0.40,0.67,0.68,0.60,0.78,0.58,0.50,0.70,0.56,0.53,0.57,0.20,0.88,0.43,0.70,1.13,0.70,0.65,0.60,0.60,0.77,0.53,0.55,0.62,0.90,0.77,0.80,0.65,0.62,0.58,0.70,0.50,0.60,0.68,0.47,0.47,0.82,0.63,0.76,0.50,0.68,0.40,0.47,0.90,0.63,0.50,0.73,0.65,0.80,0.50,0.53,0.30,0.45,0.30,0.50,0.50,0.63,0.77,0.67,0.70,0.70,0.70,0.85,0.60,0.73,0.65,0.40,0.50,0.45,0.60,0.30,0.35,0.65,0.45,0.20,,0.30,0.45,0.37,0.57,0.60,0.40,0.45,0.55,,0.60,0.30,0.30,0.45,0.55,0.55,0.40,0.40,0.40,0.75,0.35,0.60,0.70,0.50,0.50,0.25,0.35,0.80,,0.30,0.50,0.63,0.37,0.50,0.45,0.35,0.45,0.30,0.40,0.40,,0.35,,0.75,,0.40,0.70,0.30,0.20,0.30,0.30,0.30,0.40,0.60,0.35,0.45,0.70,0.35,0.60,0.25,0.30,0.15,0.45,0.50,0.75,0.40,0.20,0.75,0.60,,,,0.65,,
20260401,1,AQI,63,89,67,59,58,91,78,53,20,100,110,105,85,36,29,65,48,88,219,63,113,73,63,145,99,124,79,95,109,99,114,88,139,31,31,28,35,44,43,33,31,23,20,24,96,28,28,31,119,61,70,51,66,17,27,34,18,17,16,14,30,19,24,44,35,38,25,40,32,59,58,39,59,68,54,53,27,45,45,52,47,101,24,143,150,119,65,84,120,45,60,111,126,89,44,51,20,37,34,33,19,33,23,31,23,40,41,17,34,65,36,53,57,60,60,57,84,76,68,98,27,98,61,68,88,34,68,66,34,64,49,41,53,55,49,29,19,24,19,23,35,49,29,31,13,29,50,36,30,27,65,55,46,53,53,70,80,56,52,128,,,,,,,,,,,,,,,,,,,,,,,,,,,,,,60,81,55,60,55,47,57,37,43,41,140,22,44,29,,28,40,68,55,80,48,79,75,46,57,170,69,37,68,148,75,53,65,46,121,206,25,119,106,95,96,89,27,119,99,111,94,85,41,58,25,19,15,21,21,23,31,27,31,26,27,25,31,17,52,40,88,89,96,76,116,80,41,41,40,35,56,71,28,24,54,29,27,31,53,20,30,32,39,20,18,26,25,22,23,18,17,20,28,34,36,35,23,33,42,40,31,22,36,26,32,,13,13,33,24,29,32,28,23,,23,29,39,27,62,68,45,44,53,74,27,58,46,25,23,28,32,25,,35,25,53,51,30,47,76,61,67,90,41,,54,,51,,69,55,20,39,39,51,30,37,58,69,32,71,46,62,87,125,150,83,124,92,24,29,73,76,,,,50,,
20260401,1,PM2.5,38,66,41,39,34,68,57,8,9,75,83,79,63,17,13,47,28,65,169,45,85,53,45,111,74,94,58,71,82,74,86,65,106,20,20,6,24,31,27,3,3,16,12,3,72,4,19,22,90,44,51,27,48,4,18,21,4,4,6,6,21,3,6,30,16,20,7,24,5,20,34,27,26,37,38,37,9,12,19,27,33,76,17,109,115,90,44,62,91,20,31,84,96,66,27,24,4,26,23,23,3,23,3,19,3,28,29,3,24,47,4,24,18,18,8,38,62,56,49,73,5,73,19,49,65,23,49,48,20,45,29,22,37,39,34,16,13,13,7,12,23,25,17,21,3,9,26,22,14,10,33,29,16,22,20,35,25,25,16,53,,,,,,,,,,,,,,,,,,,,,,,,,,,,,,43,60,39,16,14,17,32,15,18,8,32,12,14,9,,7,10,49,39,59,25,58,55,24,29,37,19,26,42,113,55,37,44,32,92,156,9,90,80,71,72,66,7,90,74,84,70,63,29,41,9,3,3,3,14,3,22,14,22,4,4,13,14,9,31,24,65,66,72,56,88,59,21,23,28,8,40,52,9,17,35,17,19,15,32,14,21,8,26,14,6,3,6,4,8,6,7,3,3,19,15,16,10,16,15,27,7,13,21,17,9,,3,7,18,17,16,17,13,14,,16,17,24,10,38,49,30,29,20,54,15,32,32,10,16,3,3,14,,3,3,27,16,12,14,32,31,28,62,15,,26,,11,,31,24,10,17,15,18,6,12,24,30,13,26,16,44,46,69,99,27,56,62,3,3,47,56,,,,34,,
20260401,1,PM2.5_24h,30,27,31,22,22,44,36,18,13,34,41,30,40,26,15,40,23,97,98,28,92,41,33,65,82,66,42,51,64,51,83,61,83,20,21,21,22,32,24,10,12,10,8,5,70,20,21,19,58,33,53,42,29,17,20,20,19,18,18,24,21,19,22,21,11,14,5,20,7,19,32,20,28,24,24,23,17,11,35,28,30,33,30,56,67,69,26,41,91,20,25,82,75,33,20,15,15,25,22,20,14,17,18,18,19,20,29,18,22,52,22,40,32,26,18,42,38,33,39,52,33,40,89,54,78,28,58,54,49,64,50,50,25,38,36,28,22,7,20,10,17,17,6,21,3,5,17,14,8,13,25,24,18,18,19,21,20,27,12,55,,,,,,,,,,,,,,,,,,,,,,,,,,,,,,52,45,23,30,19,39,35,18,19,15,31,8,11,11,,7,11,32,41,40,30,42,34,20,18,105,29,21,42,71,65,31,70,44,42,117,19,86,77,67,67,52,9,91,62,76,69,47,37,34,31,19,20,11,16,7,16,12,10,7,9,13,10,8,45,55,48,52,60,54,54,60,22,17,43,24,46,45,27,19,43,11,13,10,33,12,15,10,14,12,21,18,18,21,20,24,6,14,16,32,16,14,11,6,5,18,8,6,14,14,12,,3,4,8,10,9,8,14,9,,10,27,11,6,40,39,22,36,36,60,19,48,24,9,8,3,5,21,,2,5,18,16,13,17,25,20,24,37,21,,21,,16,,18,23,11,14,13,22,6,13,32,27,18,24,14,27,23,61,64,63,59,21,7,2,28,28,,,,26,,
20260401,1,PM10,75,113,84,68,66,83,103,56,20,96,107,108,103,36,29,69,48,92,232,57,100,61,64,146,102,135,81,118,90,100,121,91,121,31,31,11,35,43,43,7,10,21,17,6,123,10,28,31,131,56,66,52,60,9,27,34,13,6,13,12,29,6,14,44,35,38,25,40,25,68,65,36,67,86,45,53,27,45,45,53,,61,,137,151,128,80,115,132,45,70,113,124,96,44,51,9,35,34,31,8,31,,31,6,29,39,16,32,73,36,55,64,69,70,63,92,90,61,95,27,90,71,58,77,34,72,59,,78,49,41,54,45,48,29,18,24,19,15,35,49,29,31,10,29,50,36,30,25,79,60,46,56,55,90,110,62,54,205,,,,,,,,,,,,,,,,,,,,,,,,,,,,,,70,86,55,70,59,47,63,37,43,41,229,19,44,29,,28,40,77,54,107,48,77,75,46,64,290,87,37,85,239,97,44,79,39,105,212,13,115,104,99,117,83,19,120,106,103,87,87,41,32,15,7,6,6,10,9,27,27,29,14,20,25,31,14,54,40,89,86,86,84,100,93,41,41,38,35,60,68,25,23,58,29,26,31,55,16,28,32,39,18,15,14,18,8,11,18,15,,10,34,36,35,21,33,42,40,31,22,36,26,32,,11,11,33,22,29,32,16,23,,18,29,39,17,73,70,45,44,56,79,27,66,44,15,23,9,16,16,,10,8,55,51,30,47,102,71,84,130,41,,57,,52,,88,60,20,39,39,51,30,33,65,87,32,92,46,73,124,200,250,116,197,134,24,11,95,76,,,,50,,
20260401,1,PM10_24h,64,58,65,50,61,65,68,43,34,58,68,62,70,36,25,59,41,125,138,36,114,50,58,96,110,90,62,81,63,71,120,80,101,32,32,28,30,43,34,17,17,17,10,13,115,27,31,25,95,58,70,57,35,28,33,30,29,25,29,35,33,30,34,33,24,23,16,32,15,56,56,31,65,63,31,31,33,31,58,51,37,50,42,81,100,106,55,83,132,44,60,103,101,63,38,37,21,41,36,35,26,28,28,31,27,38,51,35,38,86,41,59,57,50,42,65,61,58,53,72,107,55,124,69,102,37,79,71,70,92,82,70,38,44,45,34,23,16,40,23,30,32,11,33,10,24,36,26,22,25,60,55,38,46,55,75,69,61,46,232,,,,,,,,,,,,,,,,,,,,,,,,,,,,,,80,72,34,71,44,62,64,31,40,49,85,25,39,30,,35,45,53,68,59,48,57,57,43,48,139,92,33,61,112,89,40,84,64,64,142,33,118,105,105,99,58,16,118,95,100,86,80,48,34,38,29,30,20,24,15,22,22,14,14,22,23,24,22,67,83,78,69,84,87,77,98,37,35,76,42,73,63,39,30,72,20,21,18,44,18,19,17,23,16,35,34,36,33,31,43,15,23,31,54,37,25,24,19,33,25,26,10,23,21,31,,9,13,15,12,20,11,24,12,,11,40,27,15,74,52,33,47,52,79,24,61,35,19,17,18,22,32,,9,12,39,37,27,37,48,48,68,90,55,,56,,46,,46,46,25,29,42,57,23,32,81,83,54,85,41,49,75,190,204,228,243,61,35,12,60,60,,,,42,,
20260401,1,SO2,3,11,3,5,17,5,4,3,2,8,14,6,17,4,7,24,9,10,15,6,6,5,5,9,8,7,5,8,5,9,8,7,5,6,7,5,6,5,6,5,6,2,3,4,6,4,3,6,6,8,3,6,4,5,4,5,5,4,5,5,5,6,5,7,8,5,6,5,4,4,9,10,8,7,3,5,7,6,11,11,6,18,3,14,10,7,19,19,8,12,7,9,5,9,6,19,7,6,14,12,7,5,6,6,5,6,5,10,4,5,8,10,6,9,7,17,11,9,70,12,5,5,5,7,7,5,13,3,8,9,5,11,7,6,7,7,8,4,7,5,4,8,8,7,9,6,3,7,8,6,5,3,1,5,5,16,11,12,5,10,,,,,,,,,,,,,,,,,,,,,,,,,,,,,,5,3,3,4,8,10,6,6,5,10,7,5,11,11,,3,8,19,13,10,7,8,6,10,9,1,4,7,9,12,10,6,6,8,8,12,9,7,8,7,7,6,4,7,6,4,5,6,3,5,2,11,3,4,4,4,6,2,5,3,6,10,11,6,7,7,2,7,6,5,3,4,6,7,11,7,4,4,5,5,6,7,6,7,4,5,4,4,3,4,11,7,4,7,5,10,5,8,8,6,3,6,7,5,8,6,4,5,9,4,5,,5,4,6,21,4,14,8,2,,4,5,6,9,8,5,4,5,4,9,5,4,6,6,6,11,8,12,,6,6,9,4,4,6,9,13,9,5,7,,11,,7,,3,15,8,9,11,19,7,14,8,11,9,4,6,7,3,4,7,4,3,9,6,5,15,9,,,,7,,
20260401,1,SO2_24h,4,9,3,7,12,7,5,3,6,6,10,5,10,4,7,12,10,8,11,6,6,6,4,12,9,5,5,8,4,9,8,7,8,6,6,5,6,5,5,5,6,3,3,4,6,4,3,6,7,8,5,6,4,5,5,4,6,4,6,4,5,8,4,7,7,5,5,4,6,5,8,7,9,7,3,5,11,6,15,11,8,23,5,12,12,10,14,15,10,10,10,8,7,12,7,10,7,7,7,5,7,6,6,5,6,7,7,6,5,6,7,9,8,7,10,16,11,13,17,11,7,5,8,7,9,5,11,5,9,12,6,12,6,8,6,7,7,4,8,5,4,9,8,7,7,6,3,6,6,7,4,3,2,5,6,9,16,14,5,9,,,,,,,,,,,,,,,,,,,,,,,,,,,,,,5,3,4,4,5,11,7,7,6,22,11,5,9,7,,6,9,18,12,9,11,5,6,11,9,3,5,7,9,11,9,6,6,8,7,10,10,6,8,7,7,6,4,7,6,5,5,6,4,5,4,7,3,4,4,4,6,3,5,3,7,9,8,9,9,10,6,6,6,5,4,4,8,6,10,8,5,4,5,5,3,7,6,7,4,4,4,5,3,4,8,7,5,9,9,12,6,5,7,6,9,6,7,5,10,5,5,5,9,3,5,,6,5,6,13,4,10,8,2,,4,6,5,9,9,6,4,10,6,9,5,7,7,6,6,9,9,14,,6,6,6,14,5,7,9,11,9,5,7,,6,,8,,5,11,6,9,14,14,6,15,9,10,9,4,7,8,4,4,8,4,3,7,5,5,16,9,,,,7,,
20260401,1,NO2,37,64,24,33,32,32,45,5,19,49,43,48,26,50,18,41,27,42,40,43,31,32,48,29,30,63,46,38,33,48,40,24,16,14,20,18,13,15,16,10,11,25,20,9,41,13,22,37,54,23,17,25,42,16,16,16,14,16,17,19,15,8,10,14,30,36,19,20,4,45,48,14,33,52,30,34,19,48,20,15,14,68,15,31,46,31,62,69,22,20,41,27,54,40,19,40,13,16,12,12,9,6,6,12,7,16,21,9,17,20,7,31,54,55,3,26,38,42,43,31,3,42,6,59,43,32,46,30,13,18,13,23,22,19,31,13,20,13,9,10,19,28,32,9,17,17,51,17,23,9,43,25,50,14,29,36,15,42,16,30,,,,,,,,,,,,,,,,,,,,,,,,,,,,,,13,15,26,48,13,43,49,21,50,16,3,5,8,16,,12,4,32,27,25,16,37,36,31,37,6,4,15,20,33,30,10,9,15,12,31,2,23,16,26,46,28,8,15,14,19,13,14,34,24,15,12,7,4,20,11,12,13,7,10,12,17,8,17,11,15,22,29,26,33,19,22,9,18,12,9,13,10,5,16,20,9,36,19,,16,19,23,32,9,13,10,9,11,10,17,17,8,6,9,36,35,16,41,40,19,41,11,36,13,7,,26,5,21,13,21,13,5,10,,10,5,14,6,28,11,10,11,6,16,8,12,15,6,14,1,3,8,,2,2,28,82,13,28,51,51,14,24,26,,15,,10,,52,8,2,1,27,5,37,4,21,47,16,29,14,42,31,33,46,45,26,80,8,2,30,24,,,,6,,
20260401,1,NO2_24h,27,38,19,29,31,23,22,12,19,23,36,29,23,22,11,39,23,46,43,23,27,27,19,35,27,27,31,27,29,20,25,18,17,17,22,26,17,14,15,15,11,18,14,14,27,21,23,15,37,29,20,20,18,25,17,7,21,9,16,28,15,22,13,10,16,21,12,12,12,26,26,14,24,25,14,19,22,15,27,16,20,41,32,22,36,31,43,45,25,29,29,22,28,33,24,32,17,17,12,9,15,8,16,5,19,18,25,15,14,20,16,19,20,29,18,31,32,32,32,27,10,25,17,34,32,24,27,23,23,18,14,22,20,19,17,10,14,10,11,9,9,22,20,12,14,11,27,15,9,13,23,20,29,14,20,7,13,26,10,25,,,,,,,,,,,,,,,,,,,,,,,,,,,,,,13,16,21,17,13,24,21,21,24,23,12,5,8,9,,10,6,25,29,27,27,31,25,21,23,18,14,13,15,21,23,13,30,19,12,27,8,25,20,19,22,14,9,16,14,18,15,13,25,16,20,15,11,8,17,10,12,15,10,11,14,15,6,15,15,19,26,20,20,16,17,17,10,13,14,15,14,11,8,11,17,8,15,12,7,14,12,12,15,9,24,9,9,16,13,15,11,8,8,8,24,20,17,21,22,16,28,9,18,11,6,,14,6,11,8,15,8,8,8,,7,7,10,8,16,10,11,8,9,17,9,13,15,8,8,6,7,15,,2,2,19,25,13,18,20,26,15,17,19,,12,,13,,21,7,2,2,11,4,13,3,22,19,18,17,15,22,14,24,10,28,13,25,11,4,20,23,,,,8,,
20260401,1,O3,42,22,66,19,52,62,38,74,13,31,34,47,62,27,62,55,69,65,87,51,48,53,29,59,47,15,28,48,40,25,47,67,57,93,80,89,99,84,94,107,99,65,63,76,47,89,23,55,50,85,94,59,25,53,37,43,56,53,52,46,35,62,78,54,32,49,28,64,101,40,35,79,46,66,28,17,59,31,77,85,60,13,56,68,59,79,27,17,81,93,41,61,50,60,103,55,64,31,44,41,62,54,73,49,75,31,30,54,53,84,73,42,7,27,77,68,45,30,29,44,76,16,77,27,43,57,43,49,109,82,84,45,57,,36,61,16,67,62,74,27,54,28,85,43,67,42,67,12,87,44,44,5,43,56,34,66,40,79,56,,,,,,,,,,,,,,,,,,,,,,,,,,,,,,82,77,13,23,47,24,25,62,17,74,59,70,62,64,,54,94,51,62,64,57,71,21,30,27,64,73,50,45,63,53,52,79,74,106,86,80,63,69,48,13,54,87,69,75,55,94,71,31,57,81,60,49,66,68,75,51,68,94,82,85,50,82,54,89,89,55,49,51,34,76,62,51,43,97,78,100,94,89,31,72,33,22,35,76,52,39,7,14,15,59,83,81,71,72,52,55,63,88,48,38,28,73,28,30,58,5,44,18,67,65,,34,43,36,59,19,25,90,28,,16,60,57,86,46,43,71,76,83,56,77,39,29,81,68,90,103,80,,111,79,30,6,35,40,12,25,50,39,45,,92,,71,,17,98,54,88,52,58,58,118,58,30,69,65,72,55,60,52,51,36,40,10,42,92,75,58,,,,86,,
20260401,1,O3_24h,42,22,66,19,52,62,38,74,13,31,34,47,62,27,62,55,69,65,87,51,48,53,29,59,47,15,28,48,40,25,47,67,57,93,80,89,99,84,94,107,99,65,63,76,47,89,23,55,50,85,94,59,25,53,37,43,56,53,52,46,35,62,78,54,32,49,28,64,101,40,35,79,46,66,28,17,59,31,77,85,60,13,56,68,59,79,27,17,81,93,41,61,50,60,103,55,64,31,44,41,62,54,73,49,75,31,30,54,53,84,73,42,7,27,77,68,45,30,29,44,76,16,77,27,43,57,43,49,109,82,84,45,57,,36,61,16,67,62,74,27,54,28,85,43,67,42,67,12,87,44,44,5,43,56,34,66,40,79,56,,,,,,,,,,,,,,,,,,,,,,,,,,,,,,82,77,13,23,47,24,25,62,17,74,59,70,62,64,,54,94,51,62,64,57,71,21,30,27,64,73,50,45,63,53,52,79,74,106,86,80,63,69,48,13,54,87,69,75,55,94,71,31,57,81,60,49,66,68,75,51,68,94,82,85,50,82,54,89,89,55,49,51,34,76,62,51,43,97,78,100,94,89,31,72,33,22,35,76,52,39,7,14,15,59,83,81,71,72,52,55,63,88,48,38,28,73,28,30,58,5,44,18,67,65,,34,43,36,59,19,25,90,28,,16,60,57,86,46,43,71,76,83,56,77,39,29,81,68,90,103,80,,111,79,30,6,35,40,12,25,50,39,45,,92,,71,,17,98,54,88,52,58,58,118,58,30,69,65,72,55,60,52,51,36,40,10,42,92,75,58,,,,86,,
20260401,1,O3_8h,,,,,,,,,,,,,,,,,,,,116,,,,103,,,,,,,,,,,,,,,,,,,,,,,98,,,,,,,,,,,,63,,,,,,,,,,,,,,,,,,,,,,,,,,,,,,,,,,,,57,,,,,,,,,,,,,,,,,,,,,,,,,85,114,,,,,,,,,,,,,,,,,,,,,,,,,,,,,,,,,,,,,,,,,,,,,,,,,,,,,,,,,,,,,,,,,,,,,,,88,,88,,,,,,,,,,,,,,,,,,,,,,,,,,,,,,,,,,,,,,,,,,,,,,,,,,,,,98,,,,,,,,,,,,,,,,,,,,,,,,,,,,,,,,,,,,,,,,,,,,,,,,,,,,,,,,,,,,,,,,,,,,,,,,,,,,,,,,,,,,,,,,,,,,,,,,,,,,,,,,,,,,,,,,,,,,,,,,,,,,,,,,
20260401,1,O3_8h_24h,,,,,,,,,,,,,,,,,,,,,,,,,,,,,,,,,,,,,,,,,,,,,,,,,,,,,,,,,,,,,,,,,,,,,,,,,,,,,,,,,,,,,,,,,,,,,,,,,,,,,,,,,,,,,,,,,,,,,,,,,,,,,,,,,,,,,,,,,,,,,,,,,,,,,,,,,,,,,,,,,,,,,,,,,,,,,,,,,,,,,,,,,,,,,,,,,,,,,,,,,,,,,,,,,,,,,,,,,,,,,,,,,,,,,,,,,,,,,,,,,,,,,,,,,,,,,,,,,,,,,,,,,,,,,,,,,,,,,,,,,,,,,,,,,,,,,,,,,,,,,,,,,,,,,,,,,,,,,,,,,,,,,,,,,,,,,,,,,,,,,,,,,,,,,,,,,,,,,,,,,,,,,,,,,,,,,,,
20260401,1,CO,0.52,0.75,0.60,0.71,0.90,0.60,0.49,0.27,0.35,0.63,0.63,0.57,1.35,0.40,0.38,1.37,0.64,0.71,0.96,0.52,0.76,0.69,0.62,1.00,0.64,0.88,0.96,0.91,0.80,0.77,0.68,0.78,0.67,0.53,0.41,0.33,0.40,0.65,0.63,0.40,0.50,0.50,0.40,0.35,0.82,0.35,0.33,0.60,0.82,0.59,0.52,0.63,0.83,0.72,0.61,0.60,0.57,0.55,0.50,0.77,0.47,0.50,0.61,0.45,0.62,0.60,0.63,0.49,0.40,0.36,0.77,0.50,0.48,0.61,0.45,0.82,0.53,0.32,0.68,0.67,0.50,0.95,0.63,0.67,0.86,0.77,0.74,1.03,0.76,0.40,0.48,0.78,0.60,0.90,0.50,0.72,0.63,0.75,0.67,0.80,0.70,0.50,0.50,0.63,0.45,0.60,0.73,0.55,0.43,0.50,0.41,0.48,0.45,0.60,0.32,1.42,1.10,1.06,0.76,1.10,0.25,0.80,0.28,0.78,0.70,0.68,0.76,0.45,0.52,0.70,0.48,0.42,0.47,0.60,0.73,0.82,0.50,0.70,0.72,0.54,0.50,0.47,0.77,0.68,0.67,0.50,0.57,0.45,0.53,0.57,0.57,0.40,0.50,0.32,0.30,0.40,0.67,0.64,0.44,0.45,,,,,,,,,,,,,,,,,,,,,,,,,,,,,,0.40,0.40,0.40,0.50,0.35,0.25,0.70,0.33,0.37,0.23,0.37,0.20,0.40,0.33,,0.25,0.45,1.15,1.07,0.65,0.63,0.40,0.70,0.60,0.95,0.35,0.30,0.40,0.63,1.10,0.90,0.43,0.25,0.43,0.65,1.00,0.25,0.65,0.58,0.65,0.90,0.63,0.45,0.70,0.74,0.53,0.53,0.27,0.90,0.47,0.63,1.17,0.60,0.65,0.35,0.60,0.60,0.60,0.45,0.50,0.85,0.93,0.82,0.45,0.44,0.40,0.65,0.55,0.62,0.70,0.57,0.50,1.00,0.63,0.64,0.60,0.47,0.50,0.47,0.70,0.60,0.50,0.90,0.75,0.90,0.40,0.57,0.40,0.80,0.30,0.35,0.47,0.60,0.60,0.60,0.45,0.73,0.60,0.85,0.60,0.57,0.60,0.45,0.55,0.50,0.63,0.33,0.40,0.70,0.45,0.20,,0.30,0.45,0.53,0.63,0.65,0.55,0.40,0.60,,0.65,0.30,0.30,0.50,0.65,0.65,0.60,0.30,0.40,0.75,0.45,0.60,0.70,0.50,0.45,0.25,0.30,0.60,,0.30,0.50,0.57,0.47,0.40,0.40,0.60,0.60,0.30,0.60,0.40,,0.35,,0.75,,0.55,0.70,0.40,0.30,0.40,0.50,0.60,0.40,0.43,0.40,0.45,0.75,0.10,0.65,0.45,0.40,0.35,0.75,0.75,1.75,0.50,0.20,0.75,0.70,,,,0.65,,
20260401,1,CO_24h,0.48,0.58,0.54,0.60,0.65,0.65,0.50,0.37,0.45,0.43,0.45,0.43,0.85,0.50,0.38,0.74,0.63,0.84,0.74,0.53,0.89,0.80,0.52,0.99,0.68,0.76,0.90,0.61,0.74,0.63,0.88,0.74,0.60,0.60,0.51,0.50,0.46,0.72,0.60,0.43,0.50,0.57,0.40,0.45,0.81,0.47,0.43,0.60,0.74,0.61,0.56,0.62,0.66,0.62,0.49,0.43,0.53,0.35,0.33,0.70,0.45,0.40,0.69,0.38,0.48,0.47,0.47,0.49,0.42,0.45,0.60,0.65,0.56,0.46,0.35,0.55,0.57,0.28,0.74,0.53,0.50,0.72,0.67,0.49,0.72,0.77,0.46,0.65,0.82,0.40,0.52,0.77,0.62,0.88,0.43,0.57,0.67,0.75,0.53,0.60,0.65,0.45,0.55,0.50,0.45,0.60,0.80,0.60,0.40,0.50,0.49,0.58,0.75,0.64,0.50,1.20,0.77,1.08,0.76,0.88,0.42,0.53,0.47,0.92,0.87,0.66,0.71,0.67,0.70,0.80,0.63,0.48,0.38,0.60,0.63,0.80,0.50,0.63,0.63,0.64,0.40,0.50,0.70,0.68,0.70,0.47,0.53,0.40,0.45,0.63,0.50,0.40,0.45,0.34,0.30,0.40,0.73,0.72,0.34,0.40,,,,,,,,,,,,,,,,,,,,,,,,,,,,,,0.40,0.40,0.55,0.57,0.33,0.55,0.63,0.47,0.40,0.57,0.53,0.20,0.35,0.30,,0.20,0.50,0.68,0.97,0.50,0.80,0.40,0.60,0.65,0.90,0.55,0.15,0.37,0.50,0.77,0.57,0.50,0.50,0.53,0.45,0.90,0.40,0.65,0.68,0.60,0.78,0.58,0.50,0.70,0.58,0.53,0.57,0.20,0.90,0.43,0.70,1.13,0.70,0.65,0.60,0.60,0.77,0.50,0.55,0.62,0.90,0.77,0.80,0.60,0.62,0.58,0.70,0.50,0.60,0.68,0.47,0.47,0.82,0.67,0.76,0.53,0.65,0.40,0.50,0.80,0.63,0.50,0.75,0.70,0.80,0.50,0.53,0.30,0.50,0.30,0.45,0.50,0.63,0.77,0.63,0.70,0.70,0.70,0.85,0.60,0.73,0.65,0.43,0.50,0.45,0.60,0.33,0.35,0.65,0.45,0.20,,0.30,0.45,0.40,0.57,0.60,0.40,0.45,0.55,,0.60,0.30,0.30,0.45,0.55,0.55,0.50,0.40,0.40,0.75,0.35,0.60,0.70,0.50,0.50,0.25,0.35,0.70,,0.30,0.50,0.63,0.37,0.50,0.45,0.35,0.50,0.30,0.40,0.40,,0.35,,0.75,,0.40,0.70,0.30,0.30,0.30,0.30,0.40,0.40,0.57,0.35,0.45,0.70,0.25,0.60,0.30,0.30,0.15,0.45,0.50,0.85,0.40,0.20,0.75,0.60,,,,0.65,,
20260401,2,AQI,62,98,70,58,60,96,86,42,27,106,111,100,90,34,22,69,41,80,169,66,113,75,68,148,104,126,79,96,105,108,115,98,139,32,28,27,34,49,45,33,30,33,22,22,96,28,27,39,123,65,58,48,66,17,24,21,17,15,15,16,20,22,23,47,34,38,27,43,30,57,57,36,56,65,53,52,29,35,44,51,51,78,24,149,148,125,65,90,116,45,61,116,123,98,40,52,20,43,24,20,18,43,23,23,23,33,33,16,36,46,30,51,54,60,54,59,84,70,76,91,34,78,63,71,94,31,80,55,37,66,52,36,52,46,50,31,20,22,19,21,34,52,29,33,12,30,52,31,26,26,67,56,44,51,65,67,74,52,41,123,,,,,,,,,,,,,,,,,,,,,,,,,,,,,,59,73,51,45,51,35,56,38,49,38,111,20,43,23,,29,38,112,58,76,116,90,70,42,55,178,52,40,80,149,66,58,57,50,75,108,24,123,105,95,91,96,25,119,101,113,94,85,34,63,27,20,15,19,23,23,33,25,34,24,25,29,25,21,44,49,65,100,104,85,63,56,40,36,46,33,54,79,27,23,55,24,30,30,49,20,31,22,38,19,19,25,24,23,21,17,21,23,27,33,35,31,29,35,45,37,26,21,34,27,30,,16,12,29,24,24,29,25,24,,19,33,35,26,61,61,43,47,33,73,22,54,49,23,21,27,33,28,,34,25,49,52,27,46,60,60,58,88,42,,53,,52,,61,51,24,34,39,42,29,39,58,71,36,71,33,56,88,119,153,87,141,89,21,29,68,78,,,,50,,
20260401,2,PM2.5,37,73,49,37,35,72,64,11,14,80,84,75,67,19,10,50,25,59,128,48,85,55,49,113,78,96,58,72,79,81,87,73,106,20,17,4,24,34,30,4,9,23,15,3,72,3,19,27,93,47,41,29,48,4,16,12,3,4,6,5,14,3,5,28,15,22,10,24,5,20,32,25,27,36,37,35,11,11,20,27,36,57,17,114,113,95,46,67,88,25,37,88,93,73,28,28,4,30,13,14,3,25,3,16,3,23,22,3,21,32,5,25,17,23,5,42,62,51,56,68,5,57,16,52,70,20,59,39,26,42,30,20,34,32,35,17,14,12,10,15,22,27,17,23,3,10,27,22,13,11,38,29,13,20,31,30,30,21,16,50,,,,,,,,,,,,,,,,,,,,,,,,,,,,,,36,53,36,20,13,18,31,12,20,9,27,7,16,9,,7,11,12,41,56,19,67,51,21,24,18,14,28,59,114,48,41,40,35,55,81,5,93,79,71,68,72,7,90,76,85,70,63,24,45,7,3,3,3,13,5,23,12,24,3,6,20,11,3,31,32,47,75,78,63,35,39,24,21,28,13,37,58,9,12,39,9,20,14,33,14,17,9,22,13,6,3,9,6,4,6,9,11,3,21,15,15,13,18,18,26,7,12,18,16,7,,7,8,19,15,12,16,16,12,,13,23,17,11,36,44,30,33,17,53,12,35,34,8,10,3,3,9,,3,3,28,16,11,15,29,29,24,53,16,,23,,17,,20,24,11,12,20,17,14,16,25,31,12,31,13,34,34,63,77,51,66,51,3,3,37,51,,,,34,,
20260401,2,PM2.5_24h,31,29,32,23,23,46,38,17,14,37,44,33,42,25,15,41,24,92,98,30,93,43,34,67,82,69,44,53,66,53,84,62,84,20,21,20,23,33,25,9,12,11,8,4,70,19,21,20,60,34,53,42,31,16,20,20,18,18,18,22,20,18,21,21,11,14,5,20,7,19,32,20,27,24,25,24,16,11,34,29,30,34,30,59,72,72,28,42,91,20,26,83,75,35,20,15,14,24,22,20,14,17,18,19,17,21,29,17,22,52,21,38,31,26,17,42,40,35,40,52,32,42,88,55,79,28,57,54,48,64,48,48,26,38,37,28,21,7,20,9,17,17,7,21,3,5,17,15,9,13,25,24,17,18,20,22,21,26,12,54,,,,,,,,,,,,,,,,,,,,,,,,,,,,,,51,46,23,29,18,37,34,18,18,15,31,8,11,11,,7,11,31,41,40,30,43,35,21,19,102,29,22,43,75,65,33,72,44,44,114,19,87,78,68,67,53,9,91,62,77,69,47,37,35,30,18,19,11,15,7,16,12,11,7,8,13,10,7,45,55,48,54,62,55,54,59,22,17,42,24,46,45,27,19,43,11,13,10,33,12,14,10,15,12,20,17,17,20,19,22,6,12,15,31,16,14,11,7,6,19,8,6,14,15,12,,3,5,9,9,9,9,14,9,,10,27,11,6,40,40,22,36,35,60,19,47,25,9,8,3,4,21,,2,5,18,15,13,17,25,21,24,37,21,,22,,16,,18,23,11,14,13,21,6,13,31,27,18,25,14,27,24,61,64,61,59,23,7,2,28,29,,,,27,,
20260401,2,PM10,73,120,90,65,69,87,109,42,27,116,111,111,104,34,22,72,41,82,235,60,101,63,75,145,102,139,78,116,81,108,123,96,118,32,27,12,34,47,45,6,12,28,21,7,116,6,27,34,130,59,43,48,53,9,24,21,10,6,12,11,20,6,15,47,34,38,27,43,19,63,63,35,61,79,47,53,29,35,44,52,,77,,141,151,136,80,118,129,45,71,122,119,101,38,54,9,40,24,20,8,43,8,21,6,24,33,14,36,44,30,52,58,70,58,68,94,82,69,87,34,73,75,70,97,31,83,47,22,82,54,36,54,45,44,31,16,22,18,20,34,53,29,32,8,30,53,29,26,24,84,62,44,51,79,83,97,53,41,196,,,,,,,,,,,,,,,,,,,,,,,,,,,,,,67,77,52,45,52,35,62,38,49,38,171,19,43,23,,29,38,173,61,78,182,84,68,42,60,305,53,37,84,204,79,42,63,46,95,88,9,118,96,103,110,98,16,118,105,100,79,84,34,53,16,12,9,6,13,8,29,25,31,12,21,26,25,13,40,49,76,90,92,84,76,62,40,36,46,33,58,70,24,23,60,24,30,30,49,18,31,22,38,18,13,17,14,10,10,17,21,11,13,33,35,31,29,35,45,37,26,21,34,27,30,,12,11,29,24,24,29,19,24,,14,31,35,21,71,50,43,45,33,70,21,58,45,16,15,7,12,22,,8,7,49,53,27,46,70,70,66,125,42,,55,,53,,72,51,24,34,39,42,29,28,66,92,36,92,33,62,126,188,256,124,232,127,21,7,85,105,,,,50,,
20260401,2,PM10_24h,65,61,66,51,61,66,70,44,34,61,71,65,73,35,26,60,41,121,141,38,117,51,60,99,109,94,64,84,64,74,122,82,102,33,33,26,31,44,35,16,17,18,11,12,115,26,30,25,97,58,70,58,36,26,33,30,27,24,29,32,32,28,33,34,25,24,17,32,16,56,57,32,65,63,31,32,33,31,57,53,36,51,40,85,105,109,57,85,131,44,60,104,102,65,38,38,20,40,36,35,26,29,27,31,25,38,50,34,37,85,40,57,56,51,42,66,62,61,54,72,106,56,124,70,104,37,79,71,69,93,80,68,39,44,45,34,22,17,38,22,29,33,12,33,9,24,37,27,23,25,61,55,37,47,57,76,70,61,46,229,,,,,,,,,,,,,,,,,,,,,,,,,,,,,,79,72,34,68,44,62,64,31,40,49,90,25,39,29,,36,46,58,67,60,54,58,58,43,49,147,93,34,63,119,89,40,85,64,66,140,32,119,105,105,101,61,17,118,95,100,87,80,47,34,36,28,29,19,23,14,21,22,14,13,21,22,24,21,66,82,79,71,84,86,78,96,38,35,74,43,73,64,39,29,72,20,21,19,45,17,19,17,24,16,33,32,35,31,29,40,14,20,29,53,38,26,24,20,34,26,27,11,24,21,31,,10,13,16,12,20,12,24,13,,11,39,27,15,74,52,33,46,51,78,24,61,35,19,17,18,22,33,,8,12,39,37,28,38,49,49,69,91,55,,57,,46,,48,47,25,30,42,55,23,32,81,82,53,86,40,49,78,189,206,222,243,64,35,12,61,62,,,,43,,
20260401,2,SO2,3,11,2,5,19,5,4,3,2,10,14,5,14,4,8,21,9,10,11,6,6,5,6,8,8,8,5,8,5,9,8,8,5,6,7,5,6,5,5,5,6,2,2,4,6,4,2,6,6,8,3,6,4,5,4,6,6,4,5,6,5,6,6,7,8,5,6,5,4,5,10,10,7,7,3,5,6,6,11,10,6,16,3,14,10,8,18,17,9,11,6,9,5,9,6,23,7,6,11,10,7,6,6,6,5,3,4,9,4,6,10,10,6,11,6,20,10,9,11,12,5,5,5,7,7,5,12,4,8,9,5,12,6,6,7,7,8,4,8,6,4,7,8,7,9,6,3,7,7,7,5,3,2,5,6,21,15,11,5,9,,,,,,,,,,,,,,,,,,,,,,,,,,,,,,5,2,3,4,10,9,7,6,5,9,7,5,11,8,,4,8,6,15,10,7,9,6,7,9,2,4,6,10,13,11,6,5,8,8,6,9,7,8,7,6,6,4,7,6,4,5,7,3,5,3,7,3,4,4,5,7,2,6,3,6,8,9,6,8,9,3,6,5,5,2,4,7,7,12,8,5,4,4,5,4,7,6,7,4,5,5,4,2,4,12,7,4,7,6,13,6,10,7,6,3,7,7,5,8,5,4,6,9,4,4,,6,5,6,32,4,16,10,2,,4,6,5,9,8,5,4,5,4,9,5,4,7,6,5,10,8,14,,6,6,8,6,4,6,8,14,10,5,7,,5,,7,,3,9,9,9,9,18,6,16,14,12,9,3,6,7,4,4,7,4,3,7,5,5,12,9,,,,8,,
20260401,2,SO2_24h,4,9,3,7,13,7,5,3,6,6,10,5,10,4,7,12,10,8,11,6,6,6,4,12,9,6,5,8,5,9,7,7,7,6,6,5,6,5,5,5,6,3,3,4,6,4,3,6,7,8,5,6,4,5,5,4,6,4,6,4,5,8,4,7,7,5,5,4,6,5,8,7,9,7,3,5,11,6,15,11,8,22,5,12,12,9,14,15,10,10,10,8,7,12,7,11,7,7,7,5,7,6,6,5,6,7,7,6,5,6,7,9,8,7,10,17,11,13,17,11,7,5,8,7,8,5,11,5,9,12,6,12,6,8,6,7,7,4,8,5,4,9,8,7,7,6,3,6,6,8,4,3,2,5,6,10,16,14,5,10,,,,,,,,,,,,,,,,,,,,,,,,,,,,,,5,3,4,4,5,11,7,7,6,22,11,5,9,8,,6,9,17,12,9,11,5,6,11,9,3,5,7,9,11,9,6,6,8,7,10,10,7,8,7,7,6,4,7,6,5,5,6,4,5,4,7,3,4,4,4,7,3,5,3,7,9,8,8,9,10,5,6,6,5,4,4,8,6,10,9,5,4,5,5,3,7,6,7,4,4,4,5,3,4,9,6,5,9,9,11,6,6,7,6,9,6,7,5,10,5,5,5,9,4,5,,6,5,6,14,4,10,8,2,,4,6,5,9,9,6,4,10,5,9,5,7,7,6,6,9,8,15,,6,6,6,14,5,7,9,11,9,5,7,,5,,8,,5,11,6,9,14,14,6,15,9,10,9,4,7,8,4,4,7,4,3,8,6,5,16,9,,,,7,,
20260401,2,NO2,42,63,26,34,33,38,57,5,16,53,43,46,25,52,12,41,22,32,23,49,31,31,54,25,28,56,43,37,36,63,34,24,15,12,17,17,12,17,16,10,10,22,13,9,37,11,20,32,53,21,17,26,37,16,16,15,15,18,18,19,11,8,11,18,28,37,22,21,4,42,45,12,31,50,30,29,24,33,20,17,15,68,15,31,42,35,63,71,20,21,41,28,52,46,18,39,12,18,10,11,9,13,6,9,8,6,10,12,16,14,9,27,48,55,3,26,39,42,42,30,2,38,5,59,52,24,47,30,17,17,22,25,22,17,23,12,13,11,9,16,18,31,33,7,15,19,69,17,18,10,33,23,44,14,59,19,13,31,10,17,,,,,,,,,,,,,,,,,,,,,,,,,,,,,,10,16,27,34,10,47,34,22,36,8,3,5,8,13,,12,3,7,24,37,8,36,34,30,29,4,5,15,32,32,26,10,7,15,11,14,2,21,13,25,41,43,8,12,14,18,14,12,25,19,12,8,6,4,17,13,12,12,8,9,12,16,6,12,10,19,23,37,29,27,13,18,11,14,16,10,12,8,4,13,21,8,32,25,32,14,20,22,33,8,10,9,10,10,14,15,17,5,6,10,32,27,20,39,51,19,34,8,32,11,8,,31,6,19,12,18,12,8,11,,12,5,13,7,29,9,10,8,6,15,10,11,14,6,11,1,3,5,,2,2,25,83,11,26,52,49,15,19,21,,13,,11,,35,4,2,2,27,4,32,2,22,45,18,26,12,20,18,27,40,59,37,68,7,1,21,29,,,,8,,
20260401,2,NO2_24h,28,39,18,30,31,23,24,11,19,25,37,30,23,23,11,39,23,45,41,24,28,28,21,35,27,29,32,28,29,22,25,19,17,17,23,25,17,15,16,14,11,18,14,13,28,20,22,16,38,29,20,20,19,24,16,7,20,10,16,26,15,20,13,11,16,22,12,12,11,26,27,14,24,25,15,19,22,17,26,17,19,41,30,23,36,31,43,46,24,29,29,22,29,34,24,32,16,16,12,9,14,7,14,6,18,18,24,14,14,19,15,20,21,30,16,31,32,33,32,27,10,25,17,35,33,25,27,23,23,18,15,23,20,19,18,11,14,10,11,9,9,23,21,12,14,12,29,15,10,13,23,20,29,14,21,8,13,25,10,25,,,,,,,,,,,,,,,,,,,,,,,,,,,,,,13,16,20,18,13,25,21,21,24,21,12,5,8,9,,10,6,24,28,28,26,30,25,21,23,17,14,13,16,22,23,13,30,19,12,27,8,25,20,19,23,15,9,16,14,17,15,13,25,16,20,15,10,8,17,10,12,15,9,11,13,15,6,15,15,19,26,21,20,17,17,17,10,13,14,14,14,11,8,11,17,8,16,12,8,15,13,12,17,9,22,9,8,16,13,15,11,7,8,8,24,21,17,22,24,17,29,9,19,11,6,,15,6,12,8,15,8,8,9,,7,7,10,8,16,10,11,8,9,17,9,13,15,8,9,5,7,15,,2,2,19,28,13,18,22,27,15,17,19,,12,,13,,22,7,2,2,12,4,15,3,21,21,17,17,13,22,14,24,11,28,13,27,11,4,20,23,,,,8,,
20260401,2,O3,35,24,58,19,47,55,21,72,11,26,35,42,58,22,66,54,72,75,73,38,47,45,25,62,40,18,30,49,37,12,51,56,61,92,88,86,99,77,89,107,97,59,70,70,47,91,24,55,43,85,92,57,31,53,35,49,55,49,49,50,45,69,74,41,33,25,21,61,97,37,32,57,41,61,15,19,51,43,75,80,53,6,54,61,66,64,28,15,78,87,36,53,46,41,101,52,65,25,52,50,58,41,74,54,72,40,44,51,48,96,68,53,11,24,79,66,39,26,25,43,77,16,79,16,23,64,35,50,98,80,79,41,42,77,42,53,17,66,62,63,26,42,22,84,38,45,28,64,15,83,51,46,5,39,17,60,77,49,87,69,,,,,,,,,,,,,,,,,,,,,,,,,,,,,,98,76,16,35,46,18,39,50,27,83,55,65,60,63,,46,95,74,67,49,66,62,17,28,32,66,72,46,25,59,63,45,79,61,89,72,78,63,75,54,12,32,80,71,80,55,83,72,38,65,85,64,48,61,74,72,50,66,96,76,81,51,79,68,89,75,59,30,44,,96,71,44,38,81,75,91,89,87,29,47,22,22,27,59,45,25,6,6,14,61,80,77,72,66,50,51,72,85,46,38,34,62,20,11,38,9,43,16,60,57,,24,39,37,60,17,28,80,26,,8,59,55,82,42,44,71,85,79,53,71,40,28,73,67,87,104,89,,110,79,28,5,34,36,8,24,45,52,50,,91,,61,,25,74,52,82,46,59,56,124,55,26,58,59,74,74,62,53,51,16,32,12,45,94,79,50,,,,81,,
20260401,2,O3_24h,35,24,58,19,47,55,21,72,11,26,35,42,58,22,66,54,72,75,73,38,47,45,25,62,40,18,30,49,37,12,51,56,61,92,88,86,99,77,89,107,97,59,70,70,47,91,24,55,43,85,92,57,31,53,35,49,55,49,49,50,45,69,74,41,33,25,21,61,97,37,32,57,41,61,15,19,51,43,75,80,53,6,54,61,66,64,28,15,78,87,36,53,46,41,101,52,65,25,52,50,58,41,74,54,72,40,44,51,48,96,68,53,11,24,79,66,39,26,25,43,77,16,79,16,23,64,35,50,98,80,79,41,42,77,42,53,17,66,62,63,26,42,22,84,38,45,28,64,15,83,51,46,5,39,17,60,77,49,87,69,,,,,,,,,,,,,,,,,,,,,,,,,,,,,,98,76,16,35,46,18,39,50,27,83,55,65,60,63,,46,95,74,67,49,66,62,17,28,32,66,72,46,25,59,63,45,79,61,89,72,78,63,75,54,12,32,80,71,80,55,83,72,38,65,85,64,48,61,74,72,50,66,96,76,81,51,79,68,89,75,59,30,44,,96,71,44,38,81,75,91,89,87,29,47,22,22,27,59,45,25,6,6,14,61,80,77,72,66,50,51,72,85,46,38,34,62,20,11,38,9,43,16,60,57,,24,39,37,60,17,28,80,26,,8,59,55,82,42,44,71,85,79,53,71,40,28,73,67,87,104,89,,110,79,28,5,34,36,8,24,45,52,50,,91,,61,,25,74,52,82,46,59,56,124,55,26,58,59,74,74,62,53,51,16,32,12,45,94,79,50,,,,81,,
20260401,2,O3_8h,,,,,,,,,,,,,,,,,,,,116,,,,,,,,,,,,,,,,,,,,,,,,,,,98,,,,,,,,,,,,63,,,,,,,,,,,,,,,,,,,,,,,,,,,,,,,,,,,,57,,,,,,,,,,,,,,,,,,,,,,,,,85,114,,,,,,,,,,,,,,,,,,,,,,,,,,,,,,,,,,,,,,,,,,,,,,,,,,,,,,,,,,,,,,,,,,,,,,,88,,88,,,,,,,,,,,,,,,,,,,,,,,,,,,,,,,,,,,,,,,,,,,,,,,,,,,,,98,,,,,,,,,,,,,,,,,,,,,,,,,,,,,,,,,,,,,,,,,,,,,,,,,,,,,,,,,,,,,,,,,,,,,,,,,,,,,,,,,,,,,,,,,,,,,,,,,,,,,,,,,,,,,,,,,,,,,,,,,,,,,,,,
20260401,2,O3_8h_24h,,,,,,,,,,,,,,,,,,,,,,,,,,,,,,,,,,,,,,,,,,,,,,,,,,,,,,,,,,,,,,,,,,,,,,,,,,,,,,,,,,,,,,,,,,,,,,,,,,,,,,,,,,,,,,,,,,,,,,,,,,,,,,,,,,,,,,,,,,,,,,,,,,,,,,,,,,,,,,,,,,,,,,,,,,,,,,,,,,,,,,,,,,,,,,,,,,,,,,,,,,,,,,,,,,,,,,,,,,,,,,,,,,,,,,,,,,,,,,,,,,,,,,,,,,,,,,,,,,,,,,,,,,,,,,,,,,,,,,,,,,,,,,,,,,,,,,,,,,,,,,,,,,,,,,,,,,,,,,,,,,,,,,,,,,,,,,,,,,,,,,,,,,,,,,,,,,,,,,,,,,,,,,,,,,,,,,,
20260401,2,CO,0.51,0.78,0.58,0.68,0.95,0.63,0.47,0.30,0.35,0.63,0.60,0.60,1.35,0.42,0.32,1.33,0.60,0.61,0.73,0.51,0.79,0.68,0.73,0.97,0.66,0.84,0.96,0.89,0.92,0.80,0.68,0.88,0.60,0.54,0.39,0.30,0.39,0.67,0.60,0.40,0.45,0.50,0.40,0.35,0.80,0.35,0.33,0.60,0.81,0.64,0.47,0.61,0.83,0.72,0.63,0.53,0.53,0.60,0.50,0.80,0.52,0.43,0.60,0.40,0.52,0.59,0.70,0.51,0.38,0.35,0.97,0.50,0.48,0.61,0.43,0.80,0.51,0.32,0.68,0.60,0.47,0.95,0.63,0.70,0.86,0.77,0.74,1.07,0.78,0.42,0.48,0.75,0.58,0.94,0.40,0.73,0.67,0.73,0.60,0.73,0.70,0.45,0.50,0.60,0.50,0.40,0.57,0.55,0.43,0.40,0.53,0.48,0.45,0.64,0.30,1.48,0.92,1.10,0.88,1.02,0.28,0.67,0.26,0.82,0.77,0.66,0.79,0.45,0.53,0.93,0.48,0.40,0.42,0.60,0.73,0.82,0.45,0.70,0.75,0.59,0.50,0.55,0.75,0.68,0.67,0.50,0.53,0.40,0.50,0.60,0.53,0.40,0.45,0.32,0.35,0.40,0.67,0.56,0.34,0.45,,,,,,,,,,,,,,,,,,,,,,,,,,,,,,0.38,0.40,0.40,0.47,0.35,0.25,0.63,0.37,0.37,0.23,0.37,0.20,0.40,0.35,,0.25,0.45,0.35,1.13,0.95,0.47,0.47,0.60,0.55,0.95,0.35,0.30,0.40,0.77,1.23,0.90,0.43,0.25,0.47,0.50,0.55,0.25,0.67,0.60,0.65,0.82,0.68,0.45,0.65,0.74,0.60,0.55,0.27,0.88,0.47,0.67,1.23,0.60,0.60,0.40,0.57,0.67,0.60,0.55,0.52,0.85,0.97,0.78,0.55,0.44,0.47,0.60,0.55,0.64,0.68,0.43,0.37,0.95,0.60,0.68,0.67,0.45,0.50,0.43,0.70,0.63,0.50,0.87,0.75,0.90,0.50,0.60,0.30,0.60,0.25,0.35,0.47,0.63,0.60,0.60,0.50,0.77,0.60,0.80,0.70,0.57,0.55,0.40,0.55,0.55,0.65,0.30,0.40,0.65,0.45,0.20,,0.30,0.50,0.53,0.60,0.60,0.50,0.45,0.65,,0.70,0.30,0.30,0.55,0.65,0.60,0.60,0.30,0.40,0.75,0.40,0.55,0.65,0.50,0.35,0.30,0.30,0.40,,0.30,0.60,0.67,0.47,0.40,0.40,0.80,0.55,0.30,0.50,0.40,,0.40,,0.80,,0.55,0.60,0.30,0.30,0.40,0.40,0.60,0.30,0.47,0.35,0.55,0.70,0.10,0.55,0.45,0.30,0.35,0.95,0.80,1.35,0.40,0.20,0.65,0.65,,,,0.65,,
20260401,2,CO_24h,0.48,0.61,0.54,0.60,0.65,0.65,0.51,0.37,0.45,0.43,0.45,0.43,0.88,0.50,0.36,0.78,0.63,0.83,0.74,0.53,0.89,0.80,0.55,0.99,0.68,0.76,0.90,0.64,0.76,0.63,0.88,0.74,0.60,0.60,0.51,0.43,0.46,0.75,0.60,0.43,0.50,0.53,0.40,0.45,0.81,0.47,0.40,0.60,0.75,0.61,0.56,0.62,0.67,0.62,0.49,0.47,0.50,0.35,0.33,0.70,0.45,0.43,0.69,0.38,0.49,0.48,0.50,0.49,0.42,0.44,0.63,0.60,0.56,0.46,0.35,0.55,0.56,0.30,0.72,0.53,0.50,0.72,0.67,0.49,0.76,0.77,0.52,0.70,0.80,0.40,0.52,0.77,0.62,0.88,0.43,0.57,0.67,0.75,0.53,0.60,0.65,0.45,0.55,0.53,0.45,0.60,0.80,0.60,0.37,0.50,0.47,0.58,0.70,0.64,0.48,1.22,0.78,1.16,0.76,0.88,0.44,0.57,0.47,0.92,0.87,0.68,0.71,0.63,0.70,0.87,0.60,0.45,0.38,0.60,0.63,0.82,0.50,0.67,0.65,0.63,0.45,0.50,0.70,0.68,0.70,0.47,0.53,0.40,0.45,0.63,0.50,0.40,0.45,0.34,0.30,0.40,0.77,0.72,0.36,0.40,,,,,,,,,,,,,,,,,,,,,,,,,,,,,,0.40,0.40,0.55,0.53,0.33,0.55,0.63,0.43,0.40,0.57,0.53,0.20,0.35,0.30,,0.20,0.50,0.68,0.97,0.50,0.80,0.40,0.60,0.65,0.90,0.55,0.20,0.37,0.50,0.80,0.60,0.50,0.50,0.53,0.45,0.90,0.35,0.67,0.68,0.60,0.82,0.60,0.50,0.70,0.60,0.53,0.57,0.20,0.90,0.43,0.70,1.17,0.70,0.65,0.55,0.60,0.77,0.50,0.50,0.60,0.90,0.77,0.83,0.60,0.62,0.57,0.70,0.50,0.60,0.68,0.47,0.47,0.88,0.67,0.76,0.57,0.65,0.40,0.50,0.80,0.63,0.50,0.75,0.75,0.80,0.50,0.53,0.30,0.50,0.30,0.45,0.47,0.63,0.73,0.67,0.65,0.70,0.60,0.80,0.60,0.73,0.65,0.40,0.50,0.45,0.60,0.33,0.35,0.65,0.45,0.20,,0.30,0.45,0.40,0.57,0.60,0.40,0.45,0.55,,0.60,0.30,0.30,0.45,0.55,0.55,0.50,0.40,0.40,0.75,0.40,0.60,0.70,0.50,0.50,0.25,0.35,0.70,,0.30,0.50,0.63,0.37,0.40,0.45,0.40,0.50,0.30,0.40,0.40,,0.35,,0.75,,0.45,0.60,0.30,0.30,0.30,0.30,0.40,0.40,0.53,0.35,0.45,0.75,0.25,0.60,0.30,0.30,0.15,0.50,0.50,0.85,0.30,0.20,0.75,0.60,,,,0.65,,
20260401,3,AQI,49,104,72,61,69,98,91,32,29,111,109,113,89,37,20,71,40,84,108,73,119,83,73,148,109,128,84,101,108,115,120,113,141,32,28,27,37,50,51,34,31,33,24,20,98,29,27,37,125,76,49,51,64,16,22,16,17,18,16,15,16,21,23,48,34,34,27,42,29,58,55,30,59,64,50,50,31,32,41,49,53,69,26,154,145,130,65,96,108,45,65,118,120,109,44,53,18,46,17,18,18,41,24,22,23,23,15,14,31,36,28,52,48,59,38,63,84,70,75,90,24,66,52,71,94,32,88,49,43,64,54,41,56,47,44,30,20,20,19,34,31,53,28,34,10,34,52,34,26,26,65,56,41,49,65,63,68,46,40,120,,,,,,,,,,,,,,,,,,,,,,,,,,,,,,54,70,54,50,46,40,54,33,57,37,69,24,42,20,,26,36,117,60,73,126,85,64,39,54,97,38,32,81,159,68,55,110,53,45,40,24,125,105,93,94,99,25,119,105,114,91,55,33,65,29,20,16,19,24,21,41,26,37,23,24,33,25,22,41,58,69,125,118,75,35,54,42,34,57,36,54,81,30,26,58,35,29,30,51,21,24,22,40,20,29,25,24,22,21,17,22,24,26,33,35,31,29,33,49,37,29,22,31,28,29,,9,11,29,30,21,27,27,29,,16,36,41,26,59,46,40,61,27,71,23,53,44,22,22,28,33,27,,35,24,47,51,26,42,64,54,57,78,42,,54,,51,,55,43,18,31,38,40,24,38,56,68,41,74,29,46,83,118,148,96,136,77,15,30,58,75,,,,52,,
20260401,3,PM2.5,21,78,51,41,38,73,68,10,8,84,82,85,66,15,3,52,24,62,57,53,90,61,53,113,82,97,62,76,81,87,91,85,108,21,19,5,26,35,36,3,11,23,12,3,73,3,19,26,95,56,34,33,46,4,15,9,4,3,7,3,5,3,4,28,14,23,11,25,4,23,30,21,26,34,35,33,9,9,18,27,37,45,18,118,111,99,47,72,81,30,44,89,91,82,28,30,5,32,9,12,3,29,5,12,3,16,4,3,22,25,4,24,13,22,4,45,62,51,33,67,3,48,13,52,70,18,65,34,30,46,28,20,40,33,31,15,14,12,11,15,20,26,18,24,3,12,24,23,12,15,38,25,13,18,32,19,28,18,11,49,,,,,,,,,,,,,,,,,,,,,,,,,,,,,,38,51,38,12,9,20,26,13,26,8,19,8,14,10,,6,10,9,43,53,16,63,46,19,24,17,9,22,60,121,49,39,83,37,27,28,7,95,79,69,70,74,9,90,79,86,68,24,23,47,6,3,3,3,12,5,25,14,26,6,7,23,12,4,29,41,50,95,89,55,11,31,23,20,36,16,37,60,16,16,41,16,19,13,33,15,17,7,20,14,19,3,4,8,6,8,9,17,3,19,17,13,14,17,20,26,7,12,17,16,8,,6,7,20,21,15,15,10,15,,10,25,22,9,40,32,22,32,18,52,14,37,31,8,5,3,6,11,,3,5,26,17,11,14,30,25,20,43,15,,24,,17,,19,25,7,14,16,11,14,12,27,29,13,26,13,27,26,60,73,46,67,38,3,3,27,48,,,,35,,
20260401,3,PM2.5_24h,31,32,33,24,24,48,40,17,13,39,47,36,44,24,15,41,24,87,96,31,95,44,36,69,82,71,46,55,67,55,85,64,86,21,21,18,23,34,25,8,12,12,9,4,71,17,21,21,61,34,53,42,32,15,20,20,17,17,17,20,20,16,20,22,11,15,6,20,6,19,32,21,27,25,26,24,16,11,33,30,30,35,29,62,75,74,29,43,91,20,27,84,76,37,20,16,13,24,22,20,13,17,17,19,16,21,28,16,21,52,19,36,29,25,16,42,41,36,39,52,31,43,85,56,80,28,56,54,48,63,47,45,28,38,37,27,21,8,19,9,18,18,8,21,3,6,17,15,9,13,25,24,17,18,20,21,21,26,12,53,,,,,,,,,,,,,,,,,,,,,,,,,,,,,,50,46,23,27,17,36,33,18,18,15,31,8,11,11,,7,11,30,41,41,30,44,35,21,19,92,28,22,45,80,65,34,75,44,44,111,19,87,78,68,68,55,9,91,63,77,69,46,36,35,28,17,18,11,15,7,15,12,12,7,8,13,11,7,44,55,49,56,64,54,53,58,23,17,42,24,46,46,27,19,43,12,13,10,34,12,14,9,15,12,20,16,17,18,17,20,6,11,13,31,17,14,11,8,7,20,8,7,14,15,12,,4,5,9,10,10,9,13,9,,10,27,12,6,39,39,22,36,34,59,18,47,25,9,8,3,5,21,,2,5,18,15,13,17,25,21,24,37,20,,22,,16,,18,22,11,14,13,20,6,13,30,27,18,25,13,27,24,61,64,60,60,24,7,2,28,29,,,,28,,
20260401,3,PM10,49,124,94,71,87,98,117,32,29,129,117,117,100,37,15,74,40,81,165,65,100,71,79,145,107,133,85,119,78,112,128,109,120,32,28,14,36,50,47,6,14,28,15,9,114,7,26,33,128,68,42,51,66,9,22,15,9,9,10,10,10,6,11,48,34,34,27,42,16,66,59,30,67,78,45,50,31,32,41,49,,87,,143,147,138,74,119,117,45,80,117,124,108,44,55,9,41,15,18,7,39,14,22,6,18,11,14,31,36,28,53,48,68,38,74,90,82,99,83,20,70,53,67,100,32,86,47,28,70,57,41,54,46,38,30,20,20,19,34,31,55,28,32,9,34,53,34,26,26,79,61,41,49,79,75,86,46,40,189,,,,,,,,,,,,,,,,,,,,,,,,,,,,,,57,69,52,50,46,40,57,33,63,37,87,24,42,20,,26,36,184,68,79,202,84,62,39,57,144,38,32,88,223,75,43,54,49,45,,10,118,99,103,111,94,16,124,108,95,80,60,33,46,13,8,7,8,13,12,41,26,28,13,24,30,25,12,41,63,66,107,93,84,22,57,42,34,63,36,57,78,30,26,64,35,29,30,51,20,24,22,40,16,29,15,12,12,12,17,22,,10,33,35,31,29,33,49,37,29,22,31,28,29,,9,10,29,30,20,27,27,29,,16,36,41,17,68,43,40,71,27,68,20,55,38,14,11,6,6,15,,6,6,47,52,26,42,77,57,64,106,42,,57,,52,,60,43,18,31,38,40,24,20,61,86,41,97,29,46,116,185,246,142,222,104,15,7,65,100,,,,54,,
20260401,3,PM10_24h,65,65,67,52,63,68,73,44,34,65,74,69,75,34,26,61,42,115,142,40,119,53,62,101,109,98,66,86,66,77,123,85,102,34,33,24,32,45,36,15,17,19,11,11,116,24,30,26,98,59,70,58,38,25,32,29,26,24,28,29,31,26,32,35,26,25,17,33,16,57,57,32,65,64,32,33,33,32,56,54,36,52,38,88,109,111,58,86,131,43,62,105,103,67,38,39,19,39,35,35,25,29,26,30,23,38,48,32,36,84,39,55,55,52,41,67,64,62,56,72,106,58,122,72,106,38,78,70,68,93,79,66,40,44,45,34,22,17,37,21,30,35,13,33,9,25,38,28,23,24,61,56,37,48,58,75,71,60,46,227,,,,,,,,,,,,,,,,,,,,,,,,,,,,,,78,73,33,66,44,61,62,31,41,49,92,25,40,29,,36,47,63,67,61,61,59,58,44,50,144,92,34,66,125,90,41,87,65,67,136,32,119,105,105,102,63,17,118,95,100,88,79,47,34,35,27,28,18,21,14,21,22,15,13,21,22,24,21,65,82,78,73,86,86,75,95,39,35,73,43,72,65,39,29,72,21,21,19,47,17,19,18,24,15,33,31,34,30,28,38,14,18,27,52,38,27,25,21,35,27,27,12,24,22,31,,10,13,16,13,20,13,23,13,,11,39,28,15,73,52,33,47,50,78,24,61,36,19,17,17,21,32,,8,12,40,38,28,38,52,50,69,91,55,,59,,47,,50,47,25,31,42,52,23,32,80,81,52,88,40,49,79,189,208,217,244,67,35,12,61,63,,,,44,,
20260401,3,SO2,3,12,3,6,20,5,4,3,2,10,12,5,18,5,8,19,9,9,8,7,7,6,5,9,11,6,6,8,6,9,12,10,5,6,7,5,7,5,5,3,5,3,2,4,6,4,2,6,5,8,3,6,46,6,5,5,6,4,,7,7,7,5,7,9,5,6,5,4,5,10,8,7,7,3,5,7,5,11,9,6,23,3,14,7,7,14,18,9,13,6,8,4,11,6,23,7,7,11,7,7,6,6,5,5,3,4,8,4,6,8,12,7,16,6,25,9,8,9,7,5,5,5,8,7,6,12,4,7,9,5,14,5,6,6,7,8,4,8,8,5,7,7,6,10,6,3,7,6,10,6,3,2,5,6,17,14,14,5,9,,,,,,,,,,,,,,,,,,,,,,,,,,,,,,5,4,4,4,7,8,9,7,7,11,6,5,10,6,,4,8,5,15,12,6,7,6,7,9,2,3,5,10,13,13,6,6,13,6,5,9,7,7,6,6,7,4,7,7,4,5,5,3,5,3,5,3,4,5,5,7,3,7,5,6,10,7,16,10,10,3,6,6,5,3,4,14,6,13,13,7,4,8,5,5,6,6,14,,5,8,5,4,4,26,6,4,7,7,10,6,9,7,8,8,8,7,4,8,4,4,5,9,3,6,,6,5,5,57,4,12,14,2,,4,5,6,10,9,5,4,6,4,9,5,4,7,6,5,10,8,12,,6,6,7,6,4,6,10,14,10,4,7,,4,,7,,4,8,9,9,9,20,5,15,12,11,9,3,7,6,4,4,9,4,2,6,5,5,12,9,,,,7,,
20260401,3,SO2_24h,4,9,3,7,13,7,5,3,6,6,10,5,11,4,7,13,10,8,11,6,6,6,4,11,9,6,5,8,5,9,7,7,7,6,6,5,7,5,5,5,6,3,3,4,6,4,3,6,7,8,5,6,5,5,5,4,6,4,6,4,5,8,4,7,7,5,5,4,6,5,8,7,9,7,3,5,11,6,14,11,8,20,5,13,12,9,15,16,10,10,10,8,7,12,7,12,7,7,7,5,7,6,6,5,6,6,7,6,5,6,7,9,7,7,10,17,12,13,17,11,6,6,8,7,8,5,11,5,9,12,6,12,6,8,6,7,7,4,8,6,4,9,8,7,8,6,3,6,6,8,4,3,2,5,6,10,16,14,5,10,,,,,,,,,,,,,,,,,,,,,,,,,,,,,,5,3,4,4,5,11,7,7,6,21,11,5,9,8,,5,9,17,12,9,11,5,6,11,9,3,5,7,9,11,10,6,6,9,7,10,10,7,8,7,7,6,4,7,6,5,5,6,4,5,4,7,3,4,4,4,7,3,5,3,7,9,8,8,9,10,5,6,6,6,4,4,8,6,10,9,5,4,5,5,3,7,6,7,4,4,5,5,3,4,10,6,4,9,8,11,6,6,7,6,9,6,7,5,10,5,5,5,9,4,5,,6,5,6,16,4,10,8,2,,4,6,5,9,9,6,4,10,5,9,5,6,7,6,6,9,8,14,,6,6,6,14,5,7,9,11,9,5,7,,5,,8,,5,10,6,9,14,14,6,15,9,10,9,4,7,8,4,4,7,4,3,8,6,5,16,10,,,,7,,
20260401,3,NO2,27,61,25,37,35,42,58,10,15,57,47,45,23,42,13,41,22,22,8,53,33,30,56,25,29,41,46,33,36,68,32,23,18,11,19,19,11,17,15,9,9,15,11,10,33,11,17,34,51,25,16,23,38,16,17,15,15,16,17,19,7,10,11,14,25,35,22,25,5,46,43,8,31,32,31,27,29,22,20,18,17,60,13,32,47,38,57,78,17,23,48,30,51,46,17,39,12,16,9,11,8,14,6,10,8,3,6,21,15,12,10,26,35,55,3,28,41,42,24,31,3,34,4,58,59,19,46,30,21,15,26,28,19,20,23,10,10,11,9,15,17,31,28,9,14,19,44,18,11,15,30,23,40,13,56,17,10,26,4,17,,,,,,,,,,,,,,,,,,,,,,,,,,,,,,10,18,19,30,12,41,26,18,34,7,3,5,8,11,,11,4,6,26,30,6,31,35,30,22,3,5,13,36,29,27,10,21,17,6,7,2,21,12,20,40,47,8,11,12,16,14,7,18,18,11,5,6,4,15,12,12,12,8,9,15,16,5,12,9,25,35,26,32,25,5,13,12,12,17,10,12,8,7,11,31,2,28,23,33,15,21,21,29,8,19,9,9,11,14,14,16,4,6,9,24,30,25,31,50,16,31,6,27,10,5,,12,5,14,11,15,11,11,11,,11,5,14,7,27,9,35,8,6,13,8,15,12,6,7,2,3,3,,2,1,23,86,10,23,47,42,8,17,17,,12,,13,,25,3,2,1,5,3,27,1,26,49,23,20,8,14,11,29,26,64,29,45,7,2,11,46,,,,8,,
20260401,3,NO2_24h,27,41,19,30,30,23,25,11,19,26,37,30,22,23,12,38,23,43,39,26,28,29,23,35,27,30,33,28,30,24,26,19,17,18,23,24,17,15,16,14,11,19,15,12,29,19,21,17,38,28,20,20,20,23,16,7,19,11,16,24,14,20,13,11,17,23,13,13,11,27,28,14,23,26,15,20,22,17,26,17,19,41,28,24,36,31,43,48,24,28,30,22,30,35,24,33,16,15,12,9,13,7,13,6,18,17,22,14,14,19,14,20,22,30,15,31,32,33,31,26,10,25,16,37,35,25,28,23,23,18,15,23,21,19,19,11,14,10,10,9,10,23,22,12,14,12,29,16,10,13,22,20,29,14,23,8,13,25,10,24,,,,,,,,,,,,,,,,,,,,,,,,,,,,,,13,16,20,18,13,25,22,20,25,21,12,5,7,9,,10,6,23,28,28,24,29,25,22,23,16,13,13,17,23,24,13,30,19,12,26,7,25,20,19,24,17,9,16,14,17,15,13,25,16,19,14,10,8,17,10,12,15,10,11,13,14,6,15,15,19,26,21,21,17,16,17,10,13,14,15,14,10,8,11,18,8,16,13,10,15,13,13,17,9,21,9,8,15,13,14,12,6,7,8,24,22,18,23,26,17,29,9,19,11,6,,15,6,12,8,15,8,8,9,,7,7,11,8,16,10,12,8,9,17,9,13,15,8,9,5,7,14,,2,2,19,31,13,18,24,27,14,16,19,,12,,13,,23,7,2,2,11,4,16,3,21,22,18,18,11,22,14,24,12,30,15,29,10,4,20,24,,,,8,,
20260401,3,O3,46,23,57,15,39,46,20,68,10,20,26,39,55,27,63,50,72,74,69,33,39,36,24,61,33,28,24,52,37,5,49,48,57,88,85,85,94,70,89,108,99,66,76,65,48,94,48,47,38,80,89,61,26,52,32,50,55,56,52,49,52,67,73,50,28,36,18,52,94,32,31,49,46,64,18,14,43,59,74,78,43,20,55,50,48,55,22,9,77,85,26,44,42,34,103,45,59,29,54,48,59,34,76,47,75,50,49,36,46,,62,47,18,27,78,59,29,22,49,39,76,20,81,15,6,77,35,61,89,73,63,34,38,69,39,54,16,63,60,54,27,31,27,75,31,59,40,50,25,76,54,46,6,38,11,65,76,51,90,66,,,,,,,,,,,,,,,,,,,,,,,,,,,,,,100,70,32,37,43,18,49,54,24,83,77,62,58,59,,38,96,79,59,48,75,56,,25,34,68,72,44,19,47,57,45,64,53,76,70,76,63,81,59,10,23,79,79,77,57,73,96,47,59,93,65,52,60,77,67,43,64,91,73,70,49,79,71,92,55,38,40,33,26,113,83,46,36,70,74,102,86,79,32,38,18,16,8,52,34,21,10,11,17,54,81,76,69,66,48,52,72,84,46,48,29,39,23,6,21,7,41,17,50,59,,29,34,50,59,18,27,69,22,,7,56,42,82,41,40,32,97,79,54,72,33,26,70,69,88,104,87,,112,78,25,2,30,35,16,27,54,56,52,,90,,54,,28,68,54,77,76,64,56,120,43,24,44,66,87,81,63,46,58,8,47,25,43,96,90,27,,,,73,,
20260401,3,O3_24h,46,23,57,15,39,46,20,68,10,20,26,39,55,27,63,50,72,74,69,33,39,36,24,61,33,28,24,52,37,5,49,48,57,88,85,85,94,70,89,108,99,66,76,65,48,94,48,47,38,80,89,61,26,52,32,50,55,56,52,49,52,67,73,50,28,36,18,52,94,32,31,49,46,64,18,14,43,59,74,78,43,20,55,50,48,55,22,9,77,85,26,44,42,34,103,45,59,29,54,48,59,34,76,47,75,50,49,36,46,,62,47,18,27,78,59,29,22,49,39,76,20,81,15,6,77,35,61,89,73,63,34,38,69,39,54,16,63,60,54,27,31,27,75,31,59,40,50,25,76,54,46,6,38,11,65,76,51,90,66,,,,,,,,,,,,,,,,,,,,,,,,,,,,,,100,70,32,37,43,18,49,54,24,83,77,62,58,59,,38,96,79,59,48,75,56,,25,34,68,72,44,19,47,57,45,64,53,76,70,76,63,81,59,10,23,79,79,77,57,73,96,47,59,93,65,52,60,77,67,43,64,91,73,70,49,79,71,92,55,38,40,33,26,113,83,46,36,70,74,102,86,79,32,38,18,16,8,52,34,21,10,11,17,54,81,76,69,66,48,52,72,84,46,48,29,39,23,6,21,7,41,17,50,59,,29,34,50,59,18,27,69,22,,7,56,42,82,41,40,32,97,79,54,72,33,26,70,69,88,104,87,,112,78,25,2,30,35,16,27,54,56,52,,90,,54,,28,68,54,77,76,64,56,120,43,24,44,66,87,81,63,46,58,8,47,25,43,96,90,27,,,,73,,
20260401,3,O3_8h,,,,,,,,,,,,,,,,,,,,116,,,,,,,,,,,,,,,,,,,,,,,,,,,98,,,,,,,,,,,,63,,,,,,,,,,,,,,,,,,,,,,,,,,,,,,,,,,,,57,,,,,,,,,,,,,,,,,,,,,,,,,85,114,,,,,,,,,,,,,,,,,,,,,,,,,,,,,,,,,,,,,,,,,,,,,,,,,,,,,,,,,,,,,,,,,,,,,,,88,,88,,,,,,,,,,,,,,,,,,,,,,,,,,,,,,,,,,,,,,,,,,,,,,,,,,,,,98,,,,,,,,,,,,,,,,,,,,,,,,,,,,,,,,,,,,,,,,,,,,,,,,,,,,,,,,,,,,,,,,,,,,,,,,,,,,,,,,,,,,,,,,,,,,,,,,,,,,,,,,,,,,,,,,,,,,,,,,,,,,,,,,
20260401,3,O3_8h_24h,,,,,,,,,,,,,,,,,,,,,,,,,,,,,,,,,,,,,,,,,,,,,,,,,,,,,,,,,,,,,,,,,,,,,,,,,,,,,,,,,,,,,,,,,,,,,,,,,,,,,,,,,,,,,,,,,,,,,,,,,,,,,,,,,,,,,,,,,,,,,,,,,,,,,,,,,,,,,,,,,,,,,,,,,,,,,,,,,,,,,,,,,,,,,,,,,,,,,,,,,,,,,,,,,,,,,,,,,,,,,,,,,,,,,,,,,,,,,,,,,,,,,,,,,,,,,,,,,,,,,,,,,,,,,,,,,,,,,,,,,,,,,,,,,,,,,,,,,,,,,,,,,,,,,,,,,,,,,,,,,,,,,,,,,,,,,,,,,,,,,,,,,,,,,,,,,,,,,,,,,,,,,,,,,,,,,,,
20260401,3,CO,0.37,0.79,0.58,0.72,1.00,0.68,0.47,0.40,0.30,0.60,0.60,0.60,1.45,0.40,0.32,1.35,0.59,0.59,0.49,0.54,0.81,0.71,0.80,0.93,0.68,0.80,0.94,0.90,0.88,0.80,0.76,0.94,0.60,0.53,0.40,0.30,0.40,0.68,0.60,0.40,0.45,0.50,0.40,0.35,0.77,0.35,0.30,0.60,0.79,0.69,0.46,0.58,0.87,0.72,0.65,0.53,0.53,0.60,0.50,0.80,0.55,0.43,0.59,0.42,0.51,0.61,0.70,0.56,0.38,0.35,0.93,0.50,0.46,0.49,0.48,0.78,0.44,0.30,0.64,0.45,0.50,0.95,0.60,0.73,0.86,0.80,0.70,1.07,0.72,0.40,0.47,0.75,0.55,1.26,0.45,0.77,0.73,0.73,0.57,0.73,0.70,0.50,0.50,0.63,0.50,0.40,0.67,0.55,0.43,0.40,0.46,0.67,0.43,0.64,0.28,1.64,0.92,1.12,0.64,0.98,0.25,0.67,0.26,0.83,0.77,0.66,0.79,0.47,0.57,0.80,0.50,0.45,0.42,0.80,0.92,0.82,0.45,0.70,0.75,0.58,0.50,0.52,0.75,0.65,0.63,0.50,0.53,0.40,0.42,0.70,0.57,0.40,0.40,0.32,0.35,0.50,0.67,0.58,0.32,0.40,,,,,,,,,,,,,,,,,,,,,,,,,,,,,,0.35,0.40,0.40,0.43,0.30,0.25,0.58,0.37,0.37,0.23,0.37,0.20,0.35,0.33,,0.25,0.45,0.30,1.17,1.05,0.37,0.50,0.60,0.55,0.90,0.35,0.30,0.37,0.77,1.33,1.23,0.43,0.55,0.50,0.30,0.30,0.25,0.62,0.60,0.60,0.80,0.63,0.45,0.65,0.76,0.60,0.55,0.13,0.93,0.47,0.67,0.87,0.60,0.60,0.40,0.60,0.73,0.60,0.55,0.52,0.85,0.97,0.78,0.65,0.46,0.48,0.55,0.60,0.70,0.68,0.30,0.27,1.25,0.60,0.77,0.70,0.50,0.50,0.57,0.60,0.60,0.50,0.88,0.75,0.90,0.45,0.57,0.30,0.50,0.25,0.35,0.47,0.60,0.60,0.60,0.50,0.73,0.60,0.70,0.70,0.67,0.55,0.43,0.53,0.55,0.65,0.28,0.35,0.65,0.45,0.20,,0.25,0.45,0.57,0.60,0.60,0.45,0.45,0.60,,0.70,0.30,0.30,0.55,0.65,0.55,0.50,0.50,0.40,0.75,0.40,0.55,0.60,0.55,0.35,0.30,0.30,0.40,,0.25,0.60,0.70,0.53,0.40,0.35,0.70,0.55,0.20,0.40,0.40,,0.40,,0.75,,0.45,0.60,0.30,0.30,0.30,0.40,0.50,0.40,0.50,0.35,0.55,0.70,0.10,0.50,0.35,0.35,0.30,1.05,0.55,1.10,1.00,0.20,0.70,0.70,,,,0.70,,
20260401,3,CO_24h,0.48,0.62,0.54,0.60,0.70,0.65,0.51,0.37,0.45,0.43,0.45,0.45,0.90,0.48,0.36,0.82,0.63,0.80,0.70,0.53,0.89,0.79,0.58,0.99,0.70,0.78,0.90,0.66,0.76,0.63,0.90,0.76,0.60,0.61,0.51,0.43,0.46,0.75,0.60,0.40,0.50,0.53,0.40,0.45,0.81,0.47,0.40,0.60,0.75,0.61,0.56,0.61,0.67,0.62,0.51,0.47,0.50,0.40,0.33,0.70,0.45,0.43,0.69,0.38,0.48,0.49,0.50,0.50,0.42,0.44,0.63,0.60,0.54,0.46,0.37,0.55,0.56,0.30,0.72,0.53,0.50,0.72,0.63,0.49,0.78,0.77,0.52,0.72,0.80,0.40,0.52,0.77,0.62,0.90,0.43,0.57,0.67,0.75,0.53,0.60,0.65,0.45,0.55,0.53,0.45,0.60,0.77,0.60,0.37,0.50,0.47,0.57,0.70,0.64,0.46,1.28,0.78,1.16,0.76,0.88,0.42,0.60,0.47,0.93,0.90,0.68,0.71,0.63,0.70,0.87,0.60,0.45,0.38,0.60,0.63,0.82,0.50,0.70,0.65,0.63,0.45,0.50,0.70,0.68,0.70,0.47,0.50,0.40,0.48,0.65,0.50,0.35,0.45,0.34,0.30,0.40,0.77,0.70,0.36,0.40,,,,,,,,,,,,,,,,,,,,,,,,,,,,,,0.40,0.40,0.55,0.50,0.33,0.50,0.63,0.43,0.40,0.57,0.53,0.20,0.35,0.30,,0.20,0.50,0.63,0.97,0.55,0.80,0.40,0.60,0.65,0.90,0.55,0.20,0.37,0.53,0.80,0.67,0.50,0.50,0.53,0.45,0.80,0.35,0.67,0.68,0.60,0.85,0.60,0.50,0.70,0.60,0.53,0.55,0.20,0.90,0.43,0.70,1.17,0.70,0.65,0.55,0.60,0.77,0.50,0.50,0.60,0.85,0.77,0.83,0.60,0.60,0.58,0.70,0.50,0.60,0.68,0.47,0.47,0.90,0.67,0.76,0.57,0.65,0.40,0.53,0.80,0.63,0.50,0.77,0.75,0.80,0.50,0.53,0.30,0.50,0.30,0.45,0.47,0.63,0.73,0.63,0.60,0.70,0.60,0.80,0.60,0.70,0.65,0.40,0.50,0.45,0.60,0.33,0.35,0.65,0.45,0.20,,0.30,0.45,0.40,0.57,0.60,0.40,0.45,0.55,,0.60,0.30,0.30,0.50,0.55,0.55,0.50,0.40,0.40,0.75,0.40,0.60,0.70,0.50,0.50,0.25,0.35,0.70,,0.30,0.50,0.63,0.37,0.40,0.45,0.40,0.50,0.30,0.40,0.40,,0.40,,0.75,,0.45,0.60,0.30,0.30,0.30,0.40,0.40,0.40,0.53,0.35,0.40,0.75,0.20,0.60,0.30,0.30,0.15,0.50,0.50,0.85,0.30,0.20,0.75,0.60,,,,0.65,,
20260401,4,AQI,30,109,74,63,62,76,81,24,21,79,105,120,86,37,19,69,41,139,60,76,125,88,81,150,109,133,84,105,105,116,128,119,140,31,30,29,41,53,60,34,29,23,25,20,95,29,27,31,124,88,51,52,59,16,19,16,17,17,18,15,18,21,23,45,37,31,29,39,29,58,52,34,54,60,44,45,30,32,39,47,43,99,23,161,151,138,75,108,103,48,66,115,116,118,44,50,16,32,16,27,19,34,25,21,24,18,15,18,27,31,28,52,38,58,27,63,90,71,104,78,24,64,43,74,104,34,80,49,40,66,52,46,49,42,61,28,20,21,18,26,30,53,30,34,9,28,48,31,22,24,62,53,37,45,56,71,56,40,33,124,,,,,,,,,,,,,,,,,,,,,,,,,,,,,,53,89,17,53,41,46,51,34,59,35,64,19,47,22,,27,36,100,64,71,109,187,64,47,53,79,31,33,84,179,70,68,156,52,26,21,24,126,106,98,93,96,25,134,106,116,85,44,32,68,29,20,15,19,25,20,31,28,40,23,23,39,24,23,48,69,55,141,120,73,33,55,43,34,67,32,55,83,34,25,61,21,30,25,51,23,30,19,26,17,25,25,23,20,23,18,15,24,25,24,34,28,28,34,44,36,30,20,28,30,21,,8,10,30,26,18,27,24,23,,16,34,41,26,57,42,38,69,26,71,24,57,49,19,22,26,33,24,,35,24,45,51,25,42,72,52,55,71,44,,51,,51,,52,45,16,33,33,39,20,39,58,66,40,77,35,43,75,117,148,95,124,65,11,30,53,83,,,,52,,
20260401,4,PM2.5,8,82,53,44,32,56,60,5,9,48,79,91,64,17,8,50,24,29,33,56,95,65,60,115,82,101,62,79,79,88,97,90,107,20,21,3,29,37,43,3,12,15,9,7,71,3,19,22,94,65,36,35,42,4,12,9,4,3,5,3,3,3,4,26,15,22,12,23,4,23,30,24,25,29,31,28,10,8,19,26,30,10,16,123,116,105,55,81,77,31,45,87,88,89,31,33,4,22,9,19,3,24,3,15,3,3,3,3,19,22,5,22,12,23,4,45,67,52,14,57,3,46,11,54,78,21,59,34,28,48,31,20,34,27,44,13,12,15,12,12,20,25,20,24,3,9,22,22,9,14,37,26,13,17,29,32,26,14,10,45,,,,,,,,,,,,,,,,,,,,,,,,,,,,,,37,66,10,13,9,20,24,10,25,6,13,6,15,11,,7,5,6,46,52,8,28,46,20,25,15,5,23,62,135,46,49,119,36,14,8,6,96,80,73,69,72,11,102,80,88,63,12,22,49,7,3,3,3,9,8,22,15,28,8,10,27,14,15,30,50,39,108,91,53,9,38,23,20,38,14,33,61,20,14,44,11,17,12,33,16,13,8,17,12,8,3,6,4,6,9,9,17,5,14,17,12,15,17,22,25,7,11,17,18,7,,3,7,14,18,12,14,9,16,,11,23,20,8,37,27,21,46,17,52,15,40,34,6,3,6,7,14,,3,5,23,18,11,14,36,24,25,40,18,,25,,17,,21,25,8,15,10,7,3,7,31,23,13,24,18,25,22,62,71,47,57,31,3,3,23,48,,,,36,,
20260401,4,PM2.5_24h,31,35,34,25,24,49,42,16,13,41,49,39,45,23,15,42,24,80,92,33,96,46,38,72,83,74,47,57,69,58,87,66,87,22,21,16,24,34,26,8,13,12,9,4,71,16,20,21,63,36,53,42,33,14,20,19,16,17,17,18,19,15,19,23,12,15,6,20,6,19,32,21,27,25,26,25,15,11,32,30,30,34,29,65,79,77,31,44,91,20,28,84,77,39,20,17,12,23,21,20,13,17,17,18,15,20,26,15,21,52,18,34,27,24,15,43,42,37,39,52,30,43,82,56,81,29,55,54,48,63,47,42,29,37,38,26,20,8,18,8,18,19,8,21,3,6,17,16,9,12,25,24,16,18,20,22,21,25,12,52,,,,,,,,,,,,,,,,,,,,,,,,,,,,,,49,48,22,26,16,34,31,17,18,15,30,8,11,11,,7,11,29,41,42,29,43,36,21,20,81,27,23,46,85,64,35,79,44,44,107,19,88,78,69,69,56,9,92,63,78,70,45,36,34,26,16,17,10,14,7,14,13,13,7,9,13,11,7,44,54,50,58,66,54,53,57,23,17,41,23,46,46,27,19,43,12,13,10,34,11,14,9,15,12,19,15,16,17,17,18,6,10,12,30,17,15,11,8,8,21,9,7,14,15,12,,4,5,10,10,10,9,13,10,,10,27,12,6,39,39,22,36,33,59,19,46,26,9,8,4,5,20,,2,5,19,14,13,17,26,21,24,37,20,,22,,16,,19,22,11,14,13,19,6,13,30,27,17,26,13,26,25,60,65,59,60,24,6,2,28,29,,,,28,,
20260401,4,PM10,30,126,97,76,74,79,106,24,21,107,110,119,93,37,16,74,41,227,69,68,124,74,79,144,105,132,80,115,62,112,132,114,121,31,30,9,38,52,55,6,15,19,11,13,111,8,25,30,124,78,47,54,67,10,19,15,11,9,11,8,9,6,9,45,37,28,29,39,13,65,54,34,58,69,41,45,30,32,39,47,41,147,,151,148,148,79,125,108,48,81,109,110,115,44,50,9,32,14,19,8,29,8,21,6,6,6,18,26,29,28,54,38,65,27,75,94,81,158,72,23,65,43,65,105,34,83,47,28,68,53,46,48,42,42,28,20,21,16,26,30,56,30,32,9,28,48,30,22,24,74,55,37,45,61,92,62,40,33,198,,,,,,,,,,,,,,,,,,,,,,,,,,,,,,56,75,15,55,41,46,52,34,68,35,78,16,47,22,,27,36,149,68,73,167,323,61,47,56,108,31,31,94,174,90,65,,53,21,10,15,118,100,101,109,98,24,123,110,101,80,44,32,52,14,8,6,7,10,16,26,28,32,13,23,31,24,14,48,63,52,112,99,78,19,60,43,34,83,32,60,63,34,25,67,21,30,25,51,19,30,19,26,15,25,15,13,15,12,18,15,17,12,24,34,28,28,34,44,34,30,20,28,30,21,,8,10,30,24,18,27,20,21,,15,34,41,14,63,42,38,87,24,66,24,64,33,14,10,,8,,,6,6,45,51,25,42,94,54,59,91,44,,52,,51,,54,45,16,33,33,39,20,20,66,81,40,103,35,43,100,184,245,139,198,80,6,7,56,115,,,,53,,
20260401,4,PM10_24h,65,69,69,54,63,69,76,44,34,67,78,72,76,33,26,61,42,116,139,42,120,55,64,104,109,101,68,89,67,80,125,88,103,34,33,23,33,46,37,14,17,19,11,11,117,22,29,26,100,59,69,58,39,24,32,29,25,24,28,27,30,24,31,36,26,26,18,33,16,58,57,33,65,64,32,34,33,32,55,55,36,57,36,91,114,115,60,87,130,43,63,105,104,69,37,40,18,38,34,34,25,29,25,30,22,37,46,31,35,83,38,54,53,52,40,68,66,64,61,72,107,59,119,73,109,39,78,70,67,93,78,64,41,44,45,33,22,17,36,20,30,36,14,33,9,25,39,28,23,24,62,57,36,49,59,76,70,60,45,225,,,,,,,,,,,,,,,,,,,,,,,,,,,,,,77,74,31,65,44,59,61,31,43,49,93,25,41,29,,37,48,68,67,62,66,70,59,45,51,137,92,35,68,131,90,43,90,65,67,131,32,119,105,105,104,64,17,119,95,99,88,78,46,34,33,25,26,18,21,15,20,22,16,13,21,22,25,20,65,82,78,75,87,85,74,93,39,36,72,43,72,65,39,28,72,21,22,19,48,17,19,17,24,15,32,31,33,28,27,35,13,16,26,51,39,28,25,22,36,29,28,13,25,23,31,,10,13,17,14,19,14,22,14,,12,39,29,15,73,52,33,48,50,78,24,60,37,19,17,17,21,31,,8,12,42,38,28,39,55,51,68,90,55,,59,,47,,52,47,25,32,43,51,23,31,79,80,52,90,40,48,81,189,210,212,243,68,35,12,62,64,,,,44,,
20260401,4,SO2,3,11,2,4,20,6,4,3,2,5,14,7,15,6,8,17,9,6,8,7,6,5,7,8,9,6,5,9,6,9,9,9,5,6,6,5,7,5,5,5,6,3,3,4,6,4,3,7,5,8,3,7,26,6,4,5,6,5,5,5,6,6,5,7,8,5,5,4,4,4,8,8,8,7,3,5,8,5,10,8,6,13,3,15,9,8,15,17,8,10,6,9,5,10,5,15,7,6,11,13,7,5,6,7,5,2,4,9,4,6,9,9,7,9,6,27,10,8,6,13,5,5,5,7,8,5,11,3,8,9,5,13,6,6,8,7,8,5,8,12,4,7,8,6,10,4,3,6,7,7,6,3,1,5,6,18,14,14,5,9,,,,,,,,,,,,,,,,,,,,,,,,,,,,,,5,2,4,4,9,8,10,7,6,11,3,5,9,8,,4,8,5,15,14,7,4,6,7,8,2,3,5,9,14,14,6,7,18,6,5,9,7,8,7,7,6,4,7,6,5,5,4,3,4,4,6,3,4,4,5,5,2,8,5,7,10,7,14,11,14,3,5,6,5,2,3,20,6,12,9,4,4,7,5,5,7,6,65,3,5,6,5,2,4,10,6,4,7,7,10,6,9,7,8,7,12,7,5,8,6,4,6,8,4,5,,6,5,6,27,4,12,7,2,,4,6,6,9,9,5,4,5,4,10,5,4,7,6,5,9,8,14,,6,6,6,10,4,5,24,14,10,5,6,,4,,8,,3,7,8,9,9,21,5,15,7,10,9,4,7,7,4,4,9,5,2,6,6,5,11,10,,,,9,,
20260401,4,SO2_24h,4,9,3,7,14,7,5,3,6,6,10,6,11,4,7,13,10,8,11,6,6,6,5,11,9,6,5,7,5,9,8,7,7,6,6,5,7,5,5,5,6,3,3,4,6,4,3,6,7,8,5,7,6,5,5,4,6,4,6,4,5,8,4,7,7,5,5,4,6,5,8,7,9,7,3,5,10,6,14,11,7,19,4,13,11,9,15,16,10,10,10,8,7,12,7,12,7,7,8,6,7,6,6,5,6,6,7,7,5,6,7,9,7,7,10,18,12,13,16,11,6,6,7,8,8,5,11,5,9,12,6,12,6,7,6,7,8,4,8,6,4,9,8,7,8,6,3,6,6,8,4,4,2,5,6,11,16,14,5,10,,,,,,,,,,,,,,,,,,,,,,,,,,,,,,5,3,4,4,5,10,7,7,6,21,11,5,9,8,,5,9,17,13,9,11,5,6,11,9,3,4,7,9,11,10,6,6,9,7,10,10,6,8,7,7,6,4,7,6,5,5,6,4,5,4,8,3,4,4,4,6,3,5,3,7,9,8,8,9,10,5,6,6,6,4,4,8,6,10,8,5,4,5,5,4,7,6,9,3,4,5,5,2,4,10,6,4,9,8,10,6,6,7,6,9,7,7,5,10,5,5,5,9,4,5,,6,5,6,16,4,10,9,2,,4,6,5,9,9,6,4,10,5,9,5,6,7,6,6,9,8,14,,6,6,6,14,5,7,10,11,9,5,7,,5,,8,,5,10,6,9,13,14,6,15,8,10,9,4,7,8,4,4,7,4,3,8,6,5,16,10,,,,7,,
20260401,4,NO2,14,62,20,38,39,31,44,7,15,58,58,47,20,36,13,39,21,10,9,55,35,41,55,27,24,35,48,36,30,65,28,24,17,13,15,13,13,23,17,8,10,12,8,8,36,12,21,30,50,23,18,22,41,15,15,16,16,18,16,19,6,11,11,6,24,30,22,30,4,48,42,8,31,25,29,24,24,23,20,15,17,11,11,33,50,37,65,72,16,25,55,27,46,48,17,44,19,13,9,12,8,10,6,12,9,2,7,21,12,13,13,35,32,56,3,31,54,40,7,27,2,36,4,55,66,19,48,29,22,16,19,34,22,,17,8,9,10,9,13,15,33,22,10,15,14,32,20,10,11,27,20,35,13,52,31,8,24,4,19,,,,,,,,,,,,,,,,,,,,,,,,,,,,,,10,24,9,30,8,39,22,19,40,9,3,5,10,15,,14,4,6,24,24,6,8,32,27,22,4,5,13,45,29,25,11,31,24,5,7,2,20,12,18,39,45,7,9,12,15,16,5,17,33,10,5,6,4,15,13,8,11,7,11,15,16,4,10,10,26,33,25,30,28,6,13,10,9,20,10,11,8,9,6,36,5,27,24,22,13,21,17,19,5,19,8,9,13,10,13,16,5,7,8,21,18,27,34,42,11,29,6,21,14,4,,14,5,14,14,14,11,4,8,,11,5,14,6,20,8,34,8,5,12,8,18,12,7,6,1,3,8,,2,2,20,80,9,19,45,32,8,13,16,,11,,13,,21,3,2,1,5,2,22,1,30,35,28,10,9,12,9,31,26,62,24,32,7,1,10,64,,,,11,,
20260401,4,NO2_24h,27,42,19,31,31,23,26,11,19,28,37,31,22,24,12,37,23,41,37,28,29,30,25,34,27,31,35,29,31,27,27,20,17,18,23,23,17,15,16,14,12,19,14,12,29,18,21,18,38,28,19,20,22,22,16,8,19,11,15,23,13,18,13,11,18,24,14,14,10,28,28,14,22,26,16,21,22,18,25,17,19,39,26,25,36,30,43,49,23,28,31,22,31,36,23,34,16,14,12,10,13,7,13,7,17,17,21,13,14,19,14,21,23,31,14,31,32,33,30,27,10,26,15,38,36,25,29,23,23,18,16,24,21,19,19,10,14,10,9,9,10,24,22,12,15,13,30,16,10,12,22,20,29,14,25,9,13,24,10,24,,,,,,,,,,,,,,,,,,,,,,,,,,,,,,12,17,19,19,13,25,23,19,26,20,11,5,7,10,,9,6,22,27,27,22,28,25,22,23,15,12,13,18,23,24,13,30,19,12,25,7,25,20,19,25,18,9,16,14,17,15,12,25,17,18,14,9,7,17,11,12,15,10,11,13,15,6,15,14,18,27,21,21,18,16,17,10,13,14,14,14,10,8,10,18,8,17,13,10,15,13,14,18,9,21,8,8,15,12,14,12,6,7,8,23,22,18,24,27,17,30,9,20,12,6,,15,6,12,9,16,9,8,9,,7,7,11,8,16,10,13,8,8,17,9,14,15,8,9,5,7,13,,2,2,19,34,13,18,25,28,14,16,19,,13,,13,,23,7,2,2,11,4,17,3,21,23,19,18,11,21,14,24,13,30,15,29,11,4,20,25,,,,8,,
20260401,4,O3,56,17,59,12,34,57,35,69,10,21,14,29,56,31,60,43,79,69,64,27,32,28,25,57,45,31,23,40,40,4,49,38,53,86,82,93,88,60,83,108,94,75,80,65,35,93,38,46,38,77,84,60,13,52,36,50,54,53,58,47,56,68,74,49,26,37,16,42,94,24,26,44,41,68,16,18,45,50,73,74,45,68,58,43,32,51,15,13,71,79,16,43,47,26,99,34,50,38,51,43,61,37,79,39,76,56,49,38,44,84,55,33,22,30,76,52,15,18,70,43,76,15,79,15,2,71,30,60,83,66,66,26,34,70,46,48,14,66,59,55,31,22,31,66,29,58,50,42,27,77,53,50,8,36,11,34,81,47,89,68,,,,,,,,,,,,,,,,,,,,,,,,,,,,,,99,49,53,27,45,19,50,44,13,77,54,60,51,55,,35,97,83,54,46,77,65,36,24,34,70,69,37,11,62,65,45,50,49,82,68,76,60,80,58,12,16,81,83,74,55,67,97,50,26,94,64,49,61,79,63,48,59,89,72,67,47,75,75,90,51,34,42,28,21,107,82,55,35,62,74,97,84,72,42,12,22,10,13,58,40,16,9,9,25,57,81,73,63,72,43,37,65,79,54,46,37,36,14,4,33,5,36,19,37,61,,22,32,45,52,16,23,77,25,,7,52,39,82,44,38,23,99,82,50,71,25,22,60,70,83,105,78,,112,77,25,2,28,36,18,30,56,58,52,,88,,52,,30,68,49,72,80,69,59,126,31,35,32,83,73,79,56,41,53,4,69,35,28,95,85,16,,,,50,,
20260401,4,O3_24h,56,17,59,12,34,57,35,69,10,21,14,29,56,31,60,43,79,69,64,27,32,28,25,57,45,31,23,40,40,4,49,38,53,86,82,93,88,60,83,108,94,75,80,65,35,93,38,46,38,77,84,60,13,52,36,50,54,53,58,47,56,68,74,49,26,37,16,42,94,24,26,44,41,68,16,18,45,50,73,74,45,68,58,43,32,51,15,13,71,79,16,43,47,26,99,34,50,38,51,43,61,37,79,39,76,56,49,38,44,84,55,33,22,30,76,52,15,18,70,43,76,15,79,15,2,71,30,60,83,66,66,26,34,70,46,48,14,66,59,55,31,22,31,66,29,58,50,42,27,77,53,50,8,36,11,34,81,47,89,68,,,,,,,,,,,,,,,,,,,,,,,,,,,,,,99,49,53,27,45,19,50,44,13,77,54,60,51,55,,35,97,83,54,46,77,65,36,24,34,70,69,37,11,62,65,45,50,49,82,68,76,60,80,58,12,16,81,83,74,55,67,97,50,26,94,64,49,61,79,63,48,59,89,72,67,47,75,75,90,51,34,42,28,21,107,82,55,35,62,74,97,84,72,42,12,22,10,13,58,40,16,9,9,25,57,81,73,63,72,43,37,65,79,54,46,37,36,14,4,33,5,36,19,37,61,,22,32,45,52,16,23,77,25,,7,52,39,82,44,38,23,99,82,50,71,25,22,60,70,83,105,78,,112,77,25,2,28,36,18,30,56,58,52,,88,,52,,30,68,49,72,80,69,59,126,31,35,32,83,73,79,56,41,53,4,69,35,28,95,85,16,,,,50,,
20260401,4,O3_8h,,,,,,,,,,,,,,,,,,,,116,,,,,,,,,,,,,,,,,,,,,,,,,,,98,,,,,,,,,,,,63,,,,,,,,,,,,,,,,,,,,,,,,,,,,,,,,,,,,57,,,,,,,,,,,,,,,,,,,,,,,,,85,114,,,,,,,,,,,,,,,,,,,,,,,,,,,,,,,,,,,,,,,,,,,,,,,,,,,,,,,,,,,,,,,,,,,,,,,88,,88,,,,,,,,,,,,,,,,,,,,,,,,,,,,,,,,,,,,,,,,,,,,,,,,,,,,,98,,,,,,,,,,,,,,,,,,,,,,,,,,,,,,,,,,,,,,,,,,,,,,,,,,,,,,,,,,,,,,,,,,,,,,,,,,,,,,,,,,,,,,,,,,,,,,,,,,,,,,,,,,,,,,,,,,,,,,,,,,,,,,,,
20260401,4,O3_8h_24h,,,,,,,,,,,,,,,,,,,,,,,,,,,,,,,,,,,,,,,,,,,,,,,,,,,,,,,,,,,,,,,,,,,,,,,,,,,,,,,,,,,,,,,,,,,,,,,,,,,,,,,,,,,,,,,,,,,,,,,,,,,,,,,,,,,,,,,,,,,,,,,,,,,,,,,,,,,,,,,,,,,,,,,,,,,,,,,,,,,,,,,,,,,,,,,,,,,,,,,,,,,,,,,,,,,,,,,,,,,,,,,,,,,,,,,,,,,,,,,,,,,,,,,,,,,,,,,,,,,,,,,,,,,,,,,,,,,,,,,,,,,,,,,,,,,,,,,,,,,,,,,,,,,,,,,,,,,,,,,,,,,,,,,,,,,,,,,,,,,,,,,,,,,,,,,,,,,,,,,,,,,,,,,,,,,,,,,
20260401,4,CO,0.28,0.81,0.64,0.80,1.15,0.68,0.45,0.33,0.30,0.47,0.70,0.60,1.32,0.48,0.32,1.21,0.64,0.39,0.50,0.59,0.86,0.71,0.97,0.88,0.68,0.78,0.96,1.13,0.82,0.82,1.08,0.92,0.60,0.53,0.41,0.30,0.41,0.65,0.60,0.37,0.45,0.50,0.40,0.35,0.80,0.35,0.30,0.62,0.75,0.71,0.46,0.56,0.83,0.71,0.61,0.57,0.57,0.60,0.50,0.73,0.57,0.43,0.57,0.40,0.53,0.59,0.63,0.57,0.38,0.36,0.87,0.55,0.48,0.49,0.66,0.78,0.47,0.32,0.62,0.50,0.47,0.38,0.55,0.79,0.85,0.87,0.70,1.14,0.68,0.43,0.55,0.75,0.57,1.36,0.30,0.80,0.60,0.68,0.50,0.90,0.70,0.50,0.50,0.67,0.50,0.50,0.70,0.55,0.43,0.40,0.51,0.52,0.45,0.66,0.25,1.74,0.97,1.16,0.36,0.90,0.25,0.67,0.24,0.87,0.87,0.65,0.74,0.45,0.57,0.73,0.50,0.47,0.40,0.60,0.78,0.80,0.45,0.70,0.75,0.56,0.50,0.52,0.75,0.63,0.63,0.50,0.50,0.35,0.45,0.65,0.53,0.40,0.40,0.32,0.35,0.60,0.67,0.60,0.34,0.45,,,,,,,,,,,,,,,,,,,,,,,,,,,,,,0.35,0.40,0.40,0.50,0.30,0.25,0.60,0.37,0.40,0.27,0.37,0.20,0.35,0.38,,0.25,0.45,0.30,1.30,1.10,0.37,0.23,0.60,0.55,0.90,0.30,0.30,0.37,0.80,1.60,0.93,0.50,0.70,0.50,0.25,0.30,0.25,0.62,0.60,0.65,0.77,0.70,0.45,0.60,0.74,0.60,0.50,0.10,1.05,0.47,0.73,0.73,0.60,0.60,0.35,0.70,0.60,0.65,0.55,0.52,0.85,0.95,0.78,0.55,0.46,0.53,0.50,0.63,0.72,0.65,0.23,0.33,1.38,0.57,0.74,0.67,0.50,0.50,0.60,0.70,0.67,0.50,0.94,0.75,1.00,0.45,0.50,0.40,0.50,0.25,0.35,0.47,0.63,0.63,0.63,0.50,0.73,0.60,0.75,0.60,0.63,0.55,0.35,0.53,0.55,0.60,0.28,0.35,0.65,0.50,0.20,,0.25,0.45,0.57,0.60,0.60,0.50,0.40,0.60,,0.70,0.30,0.30,0.50,0.65,0.55,0.50,0.60,0.40,0.70,0.40,0.55,0.60,0.45,0.35,0.30,0.30,0.50,,0.25,0.55,0.67,0.30,0.40,0.40,0.55,0.50,0.20,0.45,0.35,,0.40,,0.70,,0.40,0.60,0.30,0.30,0.30,0.30,0.60,0.30,0.60,0.35,0.50,0.65,0.10,0.50,0.35,0.35,0.30,1.05,0.50,0.95,1.10,0.20,0.60,0.80,,,,0.80,,
20260401,4,CO_24h,0.48,0.63,0.56,0.59,0.70,0.65,0.49,0.37,0.45,0.45,0.50,0.50,0.93,0.48,0.36,0.83,0.64,0.74,0.67,0.53,0.90,0.80,0.60,0.99,0.68,0.78,0.93,0.67,0.78,0.65,0.90,0.80,0.60,0.61,0.51,0.43,0.46,0.72,0.60,0.37,0.50,0.53,0.40,0.45,0.80,0.45,0.40,0.60,0.76,0.60,0.56,0.61,0.68,0.62,0.51,0.47,0.50,0.45,0.33,0.70,0.45,0.40,0.67,0.38,0.48,0.50,0.53,0.51,0.42,0.43,0.63,0.60,0.52,0.46,0.38,0.63,0.56,0.32,0.70,0.53,0.50,0.72,0.63,0.51,0.78,0.73,0.52,0.73,0.80,0.42,0.52,0.77,0.62,0.90,0.43,0.58,0.67,0.75,0.53,0.60,0.65,0.45,0.55,0.53,0.45,0.60,0.77,0.60,0.37,0.50,0.47,0.55,0.67,0.64,0.44,1.30,0.80,1.18,0.74,0.87,0.42,0.60,0.47,0.95,0.87,0.68,0.71,0.60,0.70,0.87,0.60,0.45,0.38,0.60,0.65,0.82,0.50,0.70,0.65,0.63,0.50,0.50,0.72,0.68,0.70,0.47,0.50,0.40,0.45,0.67,0.50,0.35,0.45,0.34,0.30,0.40,0.77,0.68,0.36,0.40,,,,,,,,,,,,,,,,,,,,,,,,,,,,,,0.40,0.40,0.55,0.50,0.33,0.50,0.63,0.43,0.40,0.53,0.53,0.20,0.35,0.30,,0.20,0.50,0.63,1.00,0.60,0.77,0.40,0.60,0.70,0.90,0.55,0.20,0.37,0.53,0.83,0.67,0.50,0.55,0.53,0.45,0.80,0.35,0.67,0.68,0.60,0.85,0.60,0.50,0.70,0.62,0.53,0.55,0.20,0.93,0.40,0.70,1.13,0.65,0.65,0.55,0.60,0.77,0.50,0.50,0.60,0.85,0.77,0.83,0.55,0.58,0.57,0.70,0.53,0.60,0.68,0.47,0.47,0.90,0.67,0.76,0.57,0.65,0.40,0.53,0.80,0.67,0.50,0.77,0.75,0.80,0.50,0.53,0.30,0.50,0.30,0.45,0.50,0.63,0.70,0.60,0.60,0.70,0.60,0.80,0.60,0.70,0.65,0.43,0.50,0.45,0.60,0.33,0.35,0.65,0.45,0.20,,0.30,0.45,0.40,0.57,0.60,0.40,0.45,0.55,,0.60,0.30,0.30,0.50,0.55,0.55,0.50,0.40,0.40,0.75,0.40,0.60,0.70,0.50,0.50,0.25,0.35,0.60,,0.25,0.50,0.63,0.37,0.40,0.45,0.40,0.50,0.30,0.40,0.40,,0.40,,0.75,,0.45,0.60,0.30,0.30,0.30,0.40,0.40,0.40,0.53,0.35,0.50,0.75,0.20,0.60,0.30,0.30,0.15,0.50,0.50,0.85,0.30,0.20,0.75,0.60,,,,0.65,,
20260401,5,AQI,22,110,75,70,61,78,75,23,35,62,109,126,69,37,18,70,42,132,50,81,125,89,94,150,108,136,80,106,98,118,129,125,136,28,27,27,41,51,68,32,31,24,24,19,96,28,30,33,121,93,55,53,53,17,16,16,17,16,18,15,20,22,23,44,34,31,26,42,30,56,54,39,57,55,33,35,31,28,55,51,118,105,29,167,161,139,81,115,104,47,64,118,113,120,51,51,14,15,15,31,18,16,25,33,23,19,18,21,27,39,30,51,36,65,23,63,85,78,103,86,22,73,54,68,95,31,80,58,40,75,58,45,46,46,47,28,18,26,18,24,31,51,29,36,10,28,50,31,20,24,60,51,40,43,56,76,44,36,30,113,,,,,,,,,,,,,,,,,,,,,,,,,,,,,,54,91,19,54,43,36,45,34,60,39,59,23,45,21,,28,37,93,60,113,70,162,77,40,53,61,26,39,91,177,65,106,187,57,25,20,23,125,108,96,90,88,23,120,105,114,74,28,33,69,27,20,17,18,27,24,40,26,47,23,25,34,26,40,50,69,43,119,113,66,29,59,44,36,70,36,56,86,39,22,61,24,25,22,49,21,23,18,24,17,22,25,22,18,23,17,18,21,23,19,34,27,34,31,43,39,25,18,26,26,18,,11,11,24,27,24,24,24,29,,13,41,32,25,61,43,37,79,25,68,30,54,47,17,22,25,32,26,,35,25,39,50,24,34,67,55,56,73,44,,49,,49,,53,42,22,32,35,38,21,39,63,65,39,81,45,45,65,97,141,135,123,63,24,29,50,79,,,,60,,
20260401,5,PM2.5,3,83,49,48,33,57,55,7,9,33,82,96,50,16,3,42,26,12,18,60,95,66,70,115,81,104,59,80,73,89,98,95,104,18,18,3,29,36,49,3,13,8,13,9,72,3,21,18,92,69,39,37,35,4,9,8,6,4,5,3,3,3,4,26,17,22,13,19,5,23,26,27,28,25,23,15,14,7,27,30,9,10,20,127,123,106,60,87,78,33,45,89,85,91,35,36,4,9,10,22,3,11,3,23,3,5,3,3,19,22,10,24,14,24,5,41,63,57,9,64,4,53,9,49,71,19,59,41,28,55,38,20,32,32,33,12,11,14,11,12,20,24,19,25,3,11,26,22,10,15,37,24,12,15,27,24,18,13,9,43,,,,,,,,,,,,,,,,,,,,,,,,,,,,,,38,68,3,6,5,13,27,9,21,12,10,8,12,6,,3,3,5,42,21,8,14,38,21,32,11,5,27,68,134,47,80,141,39,13,8,5,95,81,72,67,65,11,91,79,86,54,16,22,50,8,3,3,3,7,17,28,17,33,6,12,24,15,28,35,50,30,90,85,48,20,42,26,18,39,17,38,64,20,13,44,10,13,9,29,15,12,8,17,12,3,3,6,8,5,8,10,10,7,12,17,12,16,15,22,27,8,10,15,18,7,,3,8,13,19,9,14,10,18,,9,29,20,5,44,30,20,58,17,49,21,38,33,6,3,5,6,14,,3,3,21,18,10,14,40,22,19,51,16,,25,,17,,17,22,7,11,6,8,3,6,39,27,15,28,21,25,18,52,67,59,49,30,3,3,23,49,,,,43,,
20260401,5,PM2.5_24h,31,38,35,27,24,50,43,16,13,41,52,43,46,21,14,41,24,73,89,34,97,47,40,74,83,76,49,59,71,60,88,68,89,22,22,15,24,35,27,8,13,12,9,4,71,14,20,21,65,37,54,42,34,13,19,19,15,17,16,16,18,13,18,23,13,16,6,20,6,19,32,21,27,25,26,24,14,11,31,31,29,33,28,68,83,80,33,45,90,21,28,85,77,41,20,18,10,22,21,20,12,17,16,19,13,20,25,14,21,53,17,31,25,23,14,43,44,39,38,52,29,44,77,56,81,28,55,54,48,63,46,39,29,37,39,25,19,8,17,7,18,19,9,22,3,6,18,16,9,12,25,24,15,18,20,23,21,24,12,51,,,,,,,,,,,,,,,,,,,,,,,,,,,,,,48,49,21,23,15,33,30,16,18,15,30,9,11,11,,7,11,29,41,41,28,42,36,22,21,70,26,23,48,90,64,38,82,44,44,102,19,88,78,69,69,57,9,92,64,78,69,45,35,35,25,15,15,10,14,7,14,13,14,7,9,14,12,7,44,54,49,60,68,53,52,55,24,17,41,23,46,46,26,18,43,12,13,10,34,11,14,10,15,12,18,15,16,16,16,16,6,9,10,29,18,15,12,9,9,21,9,7,15,15,12,,4,5,10,10,10,10,12,10,,11,27,13,6,39,39,22,36,33,59,19,46,27,9,8,4,5,20,,2,5,19,14,13,17,27,22,24,37,20,,22,,16,,19,22,10,14,13,18,6,12,30,27,17,26,13,26,24,60,66,58,59,25,6,2,28,29,,,,29,,
20260401,5,PM10,22,126,100,90,71,73,98,23,35,73,120,123,73,37,13,89,42,214,50,73,129,74,92,138,102,133,80,119,67,118,130,116,118,28,27,9,37,50,64,6,17,13,16,15,114,8,28,33,122,83,47,54,55,10,16,15,13,9,10,9,7,6,11,44,34,28,26,42,11,61,58,38,64,59,31,35,31,28,60,51,186,159,18,154,157,146,87,131,109,46,78,102,107,120,51,51,11,15,15,19,7,,7,27,6,,6,21,23,39,30,52,36,80,17,76,93,87,155,84,16,63,57,66,108,31,77,48,33,79,65,45,44,37,40,28,18,26,15,24,31,51,29,35,10,28,50,27,20,22,69,51,40,43,61,102,44,36,30,176,,,,,,,,,,,,,,,,,,,,,,,,,,,,,,58,69,6,57,43,36,45,34,70,39,68,23,45,21,,28,37,135,69,175,89,273,104,40,56,71,26,29,97,165,79,110,167,64,19,11,18,121,103,98,111,89,21,113,107,93,67,23,33,49,14,7,8,6,8,,32,26,33,12,25,32,26,,47,69,43,100,103,77,23,67,44,36,89,36,62,67,39,22,62,24,25,22,49,20,23,18,23,12,17,18,12,17,10,17,18,,19,19,34,27,34,31,43,32,25,18,26,22,18,,11,11,24,25,24,24,17,29,,13,32,32,14,66,39,37,86,25,63,25,52,39,13,9,6,7,,,6,6,39,50,24,34,83,59,61,95,44,,49,,49,,56,42,22,32,35,38,21,27,76,80,39,112,45,45,80,144,232,220,196,76,24,8,50,108,,,,55,,
20260401,5,PM10_24h,63,73,71,56,64,69,77,43,34,68,81,76,76,32,26,63,42,117,136,44,121,56,67,106,109,104,69,92,68,83,126,90,104,35,33,21,33,47,38,14,18,19,11,11,118,21,27,26,102,60,69,58,41,22,31,29,25,23,28,24,29,21,30,37,27,27,19,33,16,59,57,34,65,64,32,34,33,33,55,56,43,61,35,95,118,117,63,89,129,43,64,106,104,72,38,41,16,36,34,34,25,29,24,30,20,38,43,30,35,82,37,52,51,52,39,69,68,66,65,73,107,60,115,74,110,39,77,69,66,93,76,61,42,43,45,33,21,18,34,19,30,37,15,33,9,26,40,29,23,23,62,57,36,49,61,77,70,59,45,222,,,,,,,,,,,,,,,,,,,,,,,,,,,,,,75,75,30,62,44,58,59,31,45,48,94,25,42,29,,37,49,72,67,68,68,79,61,45,51,127,92,35,70,135,90,46,94,65,67,126,32,120,105,105,106,66,18,119,96,99,88,76,45,34,31,24,24,18,20,14,20,22,17,13,21,22,25,19,64,81,77,76,88,84,73,92,40,36,72,43,71,65,40,28,72,21,22,18,48,17,19,18,24,14,31,30,32,27,26,33,13,14,24,50,40,29,25,23,36,30,29,13,26,23,31,,10,12,18,14,20,15,21,15,,13,39,29,15,73,52,33,49,49,78,24,60,38,19,17,17,21,30,,8,12,42,39,28,39,58,52,69,89,54,,59,,47,,53,47,25,32,43,49,23,31,79,80,50,92,41,48,82,186,212,212,242,70,36,12,62,65,,,,45,,
20260401,5,SO2,3,10,3,5,16,6,4,3,2,2,15,7,10,9,8,11,8,7,7,7,6,5,7,8,8,6,5,7,6,9,8,8,5,6,5,5,7,5,5,5,5,2,3,4,6,4,3,7,5,7,3,7,7,6,5,5,6,5,5,5,6,6,5,6,8,5,5,4,4,5,6,7,8,7,4,5,11,5,10,7,5,11,2,15,8,8,15,16,8,9,6,8,5,10,6,12,8,7,13,14,7,6,6,9,5,2,5,9,4,5,12,10,7,11,5,19,10,9,6,8,5,5,6,7,7,5,11,3,8,8,6,13,6,6,8,7,7,4,8,14,4,6,8,7,10,7,3,6,6,6,6,3,2,5,6,19,11,10,5,9,,,,,,,,,,,,,,,,,,,,,,,,,,,,,,5,2,3,4,9,8,11,7,6,12,5,5,9,8,,4,8,5,11,8,6,3,7,8,9,2,3,5,9,13,14,6,7,9,6,5,9,6,7,6,8,6,4,7,6,4,5,4,3,4,3,7,3,5,4,5,5,3,6,3,7,11,7,16,11,12,3,4,5,5,2,3,13,5,11,7,5,4,5,5,4,7,6,7,4,5,4,5,2,4,8,6,5,7,7,9,5,8,9,7,7,7,7,5,8,6,4,6,8,4,5,,6,5,5,27,4,11,6,2,,5,6,5,9,8,5,5,4,4,10,5,4,7,6,5,9,9,13,,6,6,5,7,4,6,18,13,10,5,6,,4,,9,,4,6,8,9,9,19,5,13,6,10,9,4,9,6,4,4,8,5,3,6,5,6,11,11,,,,8,,
20260401,5,SO2_24h,4,9,3,7,14,6,5,3,6,5,11,6,11,4,7,13,10,8,11,6,6,6,5,11,9,6,5,7,5,9,8,7,7,6,6,5,6,5,5,5,6,3,3,4,6,4,2,6,7,8,5,7,6,5,5,4,6,4,6,4,5,8,4,7,7,5,5,4,6,5,8,7,9,7,3,5,11,6,14,11,7,17,4,13,11,9,15,16,10,10,10,8,7,12,7,12,7,7,8,6,7,6,6,6,6,6,6,7,4,6,8,9,7,7,10,19,12,13,16,11,6,6,7,8,8,5,11,5,9,12,6,12,6,7,7,7,8,4,8,6,4,9,8,7,8,6,3,6,6,8,4,4,2,5,6,12,16,13,5,10,,,,,,,,,,,,,,,,,,,,,,,,,,,,,,5,3,4,4,5,10,8,7,6,21,10,5,9,8,,5,9,16,13,9,11,5,7,11,9,3,4,7,9,11,11,6,6,9,7,10,10,7,8,7,7,6,4,7,6,5,5,6,4,5,4,8,3,4,4,4,6,3,5,3,7,9,8,8,9,10,5,6,6,6,4,4,8,7,10,8,5,4,5,5,4,7,6,9,3,4,5,5,2,4,10,6,4,9,8,10,6,6,7,6,9,7,7,5,10,5,5,5,9,4,5,,6,5,6,17,4,10,9,2,,4,6,5,9,9,6,4,10,5,9,5,6,7,6,6,9,8,15,,6,6,6,14,5,7,10,11,9,5,7,,5,,8,,5,10,6,9,13,15,6,15,8,10,9,4,8,8,4,4,7,4,3,8,6,5,16,10,,,,7,,
20260401,5,NO2,10,62,13,40,46,33,33,7,12,43,60,40,15,39,13,23,26,8,7,52,35,39,57,31,22,38,41,35,29,64,25,24,18,11,16,12,17,25,19,11,8,12,8,11,40,13,18,30,47,19,22,23,30,16,13,17,17,19,16,16,7,10,11,4,22,31,21,33,4,44,37,10,43,21,28,23,30,32,21,13,4,8,13,35,60,34,67,71,20,26,62,25,51,56,18,43,17,7,10,15,11,4,,17,12,2,6,24,14,,17,37,29,55,4,28,43,40,6,26,4,28,4,47,60,24,40,20,23,10,22,17,18,15,15,10,11,16,9,11,14,31,24,8,14,15,39,18,11,9,27,17,31,13,54,27,8,19,3,17,,,,,,,,,,,,,,,,,,,,,,,,,,,,,,9,,9,27,20,33,22,14,42,15,3,5,10,13,,14,4,6,21,3,6,4,,32,18,5,12,13,19,25,25,9,41,18,5,8,2,25,15,21,35,44,8,18,12,20,17,6,19,26,13,6,6,5,14,9,9,11,9,10,11,16,4,8,10,24,28,23,29,31,13,12,12,10,17,11,11,5,9,5,24,9,29,23,15,9,23,19,,4,10,8,12,15,8,14,15,4,9,8,21,15,20,29,37,17,25,6,18,20,6,,13,6,12,9,13,12,5,10,,10,5,12,6,18,7,20,7,5,11,9,16,12,6,5,2,3,3,,1,2,19,72,8,24,40,31,12,18,20,,11,,14,,15,3,1,1,10,3,23,2,28,43,28,8,17,13,8,19,16,57,17,22,9,2,8,23,,,,9,,
20260401,5,NO2_24h,26,43,18,31,31,23,26,10,18,29,39,31,21,24,12,36,23,39,36,29,30,30,27,34,27,32,35,30,31,29,27,20,17,18,24,22,17,16,17,14,12,19,14,12,30,17,20,19,38,28,20,21,22,21,15,8,18,11,15,21,13,16,13,11,18,24,14,15,10,28,28,14,23,26,17,21,21,19,24,17,18,38,25,26,37,30,44,49,23,28,32,22,31,37,23,34,15,14,12,10,12,7,12,7,17,17,20,14,14,18,13,21,24,32,13,31,32,33,29,26,10,26,15,39,37,26,29,22,22,18,16,23,21,19,19,11,14,11,9,9,10,24,23,12,15,13,30,17,10,12,23,20,29,14,26,10,13,23,10,23,,,,,,,,,,,,,,,,,,,,,,,,,,,,,,12,16,18,20,13,25,23,19,27,20,11,5,8,10,,9,6,21,26,25,22,26,25,22,23,15,12,12,19,24,25,13,30,19,12,24,7,25,19,20,26,20,9,16,14,17,15,12,25,17,18,13,9,7,17,11,12,15,10,11,13,15,6,14,14,19,26,20,22,18,16,16,10,14,14,14,14,10,8,10,19,8,18,14,11,15,14,14,18,9,20,9,8,15,12,13,12,6,7,8,23,23,19,24,28,17,31,9,20,12,6,,16,6,12,9,16,9,8,10,,8,7,11,8,16,10,13,8,8,17,9,14,15,8,9,5,6,13,,2,2,19,36,12,18,27,28,15,16,19,,13,,13,,23,7,2,1,11,4,17,3,21,24,19,18,11,22,14,23,14,31,15,29,11,4,20,23,,,,8,,
20260401,5,O3,61,14,60,6,25,59,45,65,11,28,11,35,61,29,59,51,71,68,65,21,28,22,15,44,48,27,25,41,50,3,51,35,47,87,86,86,80,55,71,101,100,78,77,62,26,89,35,47,37,74,79,55,12,53,38,50,55,50,59,47,63,69,73,53,23,27,18,36,95,25,26,37,24,70,16,19,39,42,58,66,74,73,50,37,28,55,10,10,61,75,9,39,39,17,90,34,44,44,46,40,58,42,80,32,75,61,58,30,38,77,44,32,25,27,74,47,22,15,78,44,71,20,76,18,,67,24,52,79,72,45,35,29,67,55,43,10,56,59,60,30,16,27,60,28,46,36,36,24,76,49,49,9,32,8,36,84,46,89,68,,,,,,,,,,,,,,,,,,,,,,,,,,,,,,97,58,60,30,29,25,47,41,8,61,52,61,45,56,,34,97,83,50,61,80,65,63,24,24,68,67,37,21,60,64,70,33,49,80,64,75,53,76,50,22,18,75,70,72,43,62,89,44,36,86,63,54,59,87,68,42,60,87,74,69,48,68,82,85,52,47,41,28,15,89,80,50,32,59,73,90,81,72,45,28,20,7,8,71,38,12,11,7,24,71,80,69,59,75,40,33,68,75,62,42,31,26,15,4,47,5,32,17,27,53,,21,31,44,59,21,22,77,19,,9,54,40,80,45,39,36,104,78,47,70,26,20,54,70,81,102,82,,111,80,20,2,23,31,15,28,41,51,45,,89,,50,,30,67,52,70,70,61,51,125,24,15,36,87,57,74,52,64,68,4,71,42,23,94,74,48,,,,59,,
20260401,5,O3_24h,61,14,60,6,25,59,45,65,11,28,11,35,61,29,59,51,71,68,65,21,28,22,15,44,48,27,25,41,50,3,51,35,47,87,86,86,80,55,71,101,100,78,77,62,26,89,35,47,37,74,79,55,12,53,38,50,55,50,59,47,63,69,73,53,23,27,18,36,95,25,26,37,24,70,16,19,39,42,58,66,74,73,50,37,28,55,10,10,61,75,9,39,39,17,90,34,44,44,46,40,58,42,80,32,75,61,58,30,38,77,44,32,25,27,74,47,22,15,78,44,71,20,76,18,,67,24,52,79,72,45,35,29,67,55,43,10,56,59,60,30,16,27,60,28,46,36,36,24,76,49,49,9,32,8,36,84,46,89,68,,,,,,,,,,,,,,,,,,,,,,,,,,,,,,97,58,60,30,29,25,47,41,8,61,52,61,45,56,,34,97,83,50,61,80,65,63,24,24,68,67,37,21,60,64,70,33,49,80,64,75,53,76,50,22,18,75,70,72,43,62,89,44,36,86,63,54,59,87,68,42,60,87,74,69,48,68,82,85,52,47,41,28,15,89,80,50,32,59,73,90,81,72,45,28,20,7,8,71,38,12,11,7,24,71,80,69,59,75,40,33,68,75,62,42,31,26,15,4,47,5,32,17,27,53,,21,31,44,59,21,22,77,19,,9,54,40,80,45,39,36,104,78,47,70,26,20,54,70,81,102,82,,111,80,20,2,23,31,15,28,41,51,45,,89,,50,,30,67,52,70,70,61,51,125,24,15,36,87,57,74,52,64,68,4,71,42,23,94,74,48,,,,59,,
20260401,5,O3_8h,,,,,,,,,,,,,,,,,,,,116,,,,,,,,,,,,,,,,,,,,,,,,,,,98,,,,,,,,,,,,63,,,,,,,,,,,,,,,,,,,,,,,,,,,,,,,,,,,,57,,,,,,,,,,,,,,,,,,,,,,,,,85,114,,,,,,,,,,,,,,,,,,,,,,,,,,,,,,,,,,,,,,,,,,,,,,,,,,,,,,,,,,,,,,,,,,,,,,,88,,88,,,,,,,,,,,,,,,,,,,,,,,,,,,,,,,,,,,,,,,,,,,,,,,,,,,,,98,,,,,,,,,,,,,,,,,,,,,119,,,,,,,,,,,,,,,,,,,,,,,,,,,,,,,,,,,,,,,,,,,,,,,,,,,,,,,,,,,,,,,,,,,,,,,,,,,,,,,,,,,,,,,,,,,,,,,,,,,,,,,,,,,
20260401,5,O3_8h_24h,,,,,,,,,,,,,,,,,,,,,,,,,,,,,,,,,,,,,,,,,,,,,,,,,,,,,,,,,,,,,,,,,,,,,,,,,,,,,,,,,,,,,,,,,,,,,,,,,,,,,,,,,,,,,,,,,,,,,,,,,,,,,,,,,,,,,,,,,,,,,,,,,,,,,,,,,,,,,,,,,,,,,,,,,,,,,,,,,,,,,,,,,,,,,,,,,,,,,,,,,,,,,,,,,,,,,,,,,,,,,,,,,,,,,,,,,,,,,,,,,,,,,,,,,,,,,,,,,,,,,,,,,,,,,,,,,,,,,,,,,,,,,,,,,,,,,,,,,,,,,,,,,,,,,,,,,,,,,,,,,,,,,,,,,,,,,,,,,,,,,,,,,,,,,,,,,,,,,,,,,,,,,,,,,,,,,,,
20260401,5,CO,0.26,0.82,0.66,0.74,0.95,0.75,0.47,0.33,0.30,0.40,0.70,0.60,1.00,0.52,0.34,0.83,0.66,0.29,0.46,0.65,0.88,0.76,1.07,0.87,0.68,0.82,0.96,0.88,0.80,0.88,0.76,0.94,0.57,0.50,0.40,0.30,0.41,0.65,0.63,0.40,0.45,0.50,0.40,0.35,0.80,0.35,0.33,0.60,0.81,0.73,0.48,0.67,0.76,0.69,0.66,0.57,0.57,0.60,0.50,0.70,0.55,0.43,0.56,0.35,0.58,0.57,0.60,0.58,0.38,0.38,0.77,0.60,0.54,0.44,0.68,0.72,0.61,0.32,0.68,0.53,0.23,0.30,0.60,0.84,0.92,0.87,0.78,1.25,0.74,0.42,0.60,0.75,0.55,1.34,0.50,0.82,0.67,0.68,0.57,0.93,0.70,0.50,0.50,0.67,0.45,0.50,0.60,0.55,0.47,0.40,0.69,0.53,0.47,0.68,0.27,1.46,0.95,1.30,0.32,0.94,0.28,0.60,0.26,0.80,0.87,0.68,0.73,0.40,0.57,0.67,0.60,0.40,0.20,0.60,0.72,0.80,0.45,0.67,0.75,0.56,0.50,0.52,0.75,0.65,0.67,0.50,0.57,0.40,0.48,0.60,0.57,0.35,0.40,0.30,0.30,0.50,0.63,0.48,0.32,0.45,,,,,,,,,,,,,,,,,,,,,,,,,,,,,,0.38,0.50,0.50,0.53,0.35,0.25,0.63,0.37,0.43,0.37,0.37,0.20,0.40,0.38,,0.25,0.45,0.28,0.97,0.40,0.37,0.20,0.50,0.55,0.95,0.35,0.30,0.40,0.80,1.17,0.97,0.63,0.75,0.50,0.25,0.30,0.25,0.60,0.60,0.70,0.82,0.65,0.40,0.65,0.74,0.60,0.50,0.13,1.13,0.43,0.80,0.70,0.60,0.60,0.35,0.63,0.63,0.65,0.65,0.52,0.90,0.93,0.78,0.60,0.46,0.53,0.50,0.55,0.72,0.68,0.30,0.33,1.30,0.57,0.76,0.63,0.50,0.50,0.60,0.70,0.63,0.50,0.87,0.80,0.90,0.45,0.53,0.30,0.50,0.25,0.30,0.47,0.88,0.60,0.63,0.50,0.73,0.50,1.00,0.60,0.67,0.50,0.43,0.50,0.55,0.65,0.30,0.35,0.65,0.50,0.20,,0.25,0.45,0.50,0.60,0.60,0.50,0.40,0.60,,0.70,0.30,0.30,0.50,0.60,0.55,0.40,0.60,0.40,0.70,0.40,0.55,0.65,0.45,0.35,0.30,0.30,0.40,,0.25,0.55,0.57,0.40,0.30,0.40,0.70,0.45,0.30,0.55,0.40,,0.40,,0.75,,0.30,0.60,0.30,0.30,0.30,0.40,0.60,0.30,0.63,0.50,0.55,0.65,0.40,0.50,0.30,0.25,0.20,1.10,0.35,0.85,1.30,0.20,0.60,0.75,,,,0.75,,
20260401,5,CO_24h,0.47,0.64,0.56,0.59,0.75,0.65,0.49,0.37,0.45,0.45,0.55,0.50,0.95,0.48,0.36,0.84,0.64,0.72,0.67,0.55,0.90,0.79,0.62,0.99,0.68,0.78,0.96,0.69,0.80,0.68,0.90,0.82,0.60,0.61,0.50,0.43,0.46,0.72,0.60,0.37,0.50,0.53,0.40,0.45,0.80,0.45,0.40,0.60,0.76,0.61,0.56,0.62,0.72,0.63,0.52,0.47,0.50,0.45,0.33,0.70,0.45,0.40,0.67,0.38,0.49,0.51,0.53,0.51,0.42,0.43,0.63,0.60,0.50,0.46,0.40,0.63,0.56,0.34,0.70,0.53,0.50,0.72,0.63,0.51,0.78,0.77,0.56,0.73,0.80,0.43,0.52,0.77,0.62,0.94,0.43,0.60,0.67,0.70,0.57,0.67,0.65,0.45,0.55,0.53,0.45,0.60,0.73,0.60,0.33,0.50,0.47,0.55,0.60,0.62,0.44,1.34,0.83,1.18,0.72,0.88,0.42,0.60,0.45,0.93,0.87,0.68,0.70,0.60,0.68,0.87,0.60,0.45,0.38,0.60,0.65,0.82,0.50,0.70,0.65,0.61,0.50,0.52,0.75,0.68,0.70,0.47,0.50,0.40,0.45,0.67,0.50,0.35,0.45,0.34,0.30,0.40,0.77,0.66,0.36,0.40,,,,,,,,,,,,,,,,,,,,,,,,,,,,,,0.38,0.40,0.55,0.50,0.33,0.45,0.60,0.43,0.40,0.50,0.53,0.20,0.35,0.30,,0.20,0.50,0.63,1.00,0.60,0.77,0.37,0.60,0.70,0.90,0.50,0.25,0.37,0.53,0.83,0.70,0.50,0.55,0.53,0.45,0.80,0.35,0.67,0.68,0.60,0.88,0.60,0.50,0.70,0.62,0.53,0.55,0.20,0.93,0.40,0.70,1.13,0.65,0.65,0.50,0.60,0.77,0.50,0.50,0.60,0.85,0.77,0.83,0.55,0.56,0.57,0.65,0.53,0.64,0.68,0.43,0.47,0.97,0.67,0.76,0.57,0.65,0.40,0.53,0.80,0.67,0.50,0.78,0.75,0.90,0.50,0.53,0.35,0.55,0.30,0.45,0.50,0.63,0.70,0.60,0.60,0.73,0.60,0.80,0.60,0.70,0.65,0.43,0.50,0.45,0.63,0.33,0.35,0.65,0.45,0.20,,0.30,0.45,0.40,0.57,0.60,0.40,0.45,0.55,,0.60,0.30,0.30,0.50,0.55,0.55,0.50,0.40,0.40,0.75,0.40,0.60,0.70,0.50,0.45,0.25,0.30,0.60,,0.25,0.50,0.63,0.37,0.40,0.45,0.40,0.50,0.30,0.40,0.40,,0.40,,0.70,,0.45,0.60,0.30,0.30,0.30,0.40,0.40,0.40,0.53,0.40,0.50,0.75,0.20,0.60,0.30,0.30,0.15,0.55,0.50,0.85,0.40,0.20,0.75,0.60,,,,0.65,,
20260401,6,AQI,20,105,69,78,62,84,78,20,27,51,114,133,69,37,18,118,42,77,38,83,121,90,103,140,105,126,70,105,91,121,125,135,134,27,28,24,37,47,68,30,29,23,22,22,94,25,26,30,123,91,64,53,46,16,14,16,18,16,18,13,22,19,23,41,36,31,27,42,30,57,55,39,62,53,31,31,32,40,80,54,127,91,33,167,164,140,75,124,101,53,68,118,113,118,55,56,13,16,17,20,19,15,24,29,25,18,17,22,35,34,32,53,37,66,21,77,83,81,85,75,22,70,51,54,86,34,75,64,43,68,71,40,46,41,49,24,19,21,20,20,28,51,29,40,10,27,52,34,23,26,57,50,37,42,53,71,49,31,27,112,,,,,,,,,,,,,,,,,,,,,,,,,,,,,,59,88,18,53,51,41,49,35,60,47,54,23,45,22,,24,40,76,69,247,46,111,99,35,57,43,31,43,95,186,65,61,163,58,24,20,23,123,108,89,81,76,23,119,104,113,66,28,30,60,26,18,16,18,24,25,40,30,41,23,24,40,25,30,60,56,41,116,109,68,27,64,46,34,69,38,58,88,40,28,55,28,21,25,40,21,29,17,26,20,19,25,23,18,24,18,17,18,23,21,39,34,31,32,44,39,26,16,23,26,16,,10,11,27,27,24,28,24,24,,17,37,29,24,60,41,35,83,30,69,26,52,44,17,22,25,32,25,,33,24,36,47,25,36,60,55,56,72,48,,53,,47,,50,45,18,30,40,36,26,38,69,71,39,83,57,45,62,83,139,120,123,55,13,30,46,75,,,,60,,
20260401,6,PM2.5,3,79,48,52,18,62,57,9,10,18,86,101,50,18,9,19,26,10,12,61,92,67,77,107,79,96,51,79,68,92,95,103,102,18,14,5,26,33,49,3,17,9,12,9,70,4,18,18,93,68,46,37,32,5,8,9,6,3,7,4,3,3,4,24,17,22,16,20,5,24,26,27,31,25,22,13,18,11,19,35,11,8,23,127,125,107,55,94,76,36,49,89,85,89,39,36,6,3,9,14,3,3,3,20,3,3,3,3,20,24,9,24,16,28,3,38,42,60,8,51,4,51,8,38,64,20,55,46,30,49,47,20,32,29,34,11,10,13,8,10,19,24,18,25,3,11,30,22,11,15,37,23,13,16,27,27,21,22,9,41,,,,,,,,,,,,,,,,,,,,,,,,,,,,,,42,65,3,21,9,18,27,11,19,13,9,7,20,11,,6,7,3,42,16,4,11,13,20,33,12,22,30,71,140,46,44,124,38,15,9,5,93,81,66,60,56,7,90,78,85,48,19,21,43,4,3,3,3,9,16,25,21,29,7,16,28,14,21,43,40,29,88,82,49,19,46,25,18,45,21,37,65,20,16,39,14,13,9,28,15,16,6,18,14,10,3,7,8,6,11,10,9,8,9,19,18,16,17,16,27,9,10,14,18,8,,5,8,14,19,11,16,11,17,,12,26,18,5,43,29,24,61,20,50,18,36,31,3,3,3,3,10,,3,3,19,18,11,15,33,21,28,41,14,,23,,16,,14,22,6,10,8,12,3,7,38,33,18,30,23,28,18,42,67,49,50,26,8,3,23,48,,,,43,,
20260401,6,PM2.5_24h,30,41,36,28,24,51,44,15,13,41,55,47,47,20,13,40,24,66,86,36,97,49,42,76,83,78,49,61,71,62,89,70,90,22,22,13,25,36,28,8,13,12,10,5,72,13,19,20,66,38,54,42,34,12,19,19,14,16,16,14,17,11,18,23,13,16,7,20,6,19,31,22,26,25,26,24,14,11,30,32,28,32,27,71,87,82,34,47,90,21,29,86,79,44,21,19,9,21,21,20,12,16,15,19,12,20,23,12,20,53,15,30,23,22,13,43,44,41,36,52,28,46,70,55,81,28,53,54,47,63,46,36,30,37,38,24,18,9,16,7,18,19,9,21,3,6,18,17,9,12,25,24,15,18,20,23,21,24,12,51,,,,,,,,,,,,,,,,,,,,,,,,,,,,,,47,51,21,22,14,31,29,16,17,15,29,9,12,11,,7,11,28,40,39,27,40,35,22,22,60,26,24,49,95,63,40,85,44,44,97,19,89,78,69,69,57,9,92,64,79,69,45,34,35,23,14,14,10,14,8,14,13,14,7,9,14,12,7,44,54,48,62,70,52,51,55,25,17,41,23,45,46,27,17,42,13,13,10,34,11,14,10,15,12,18,14,15,15,15,14,6,8,9,28,18,15,12,10,9,22,9,8,15,15,12,,4,6,10,11,10,10,11,11,,11,27,13,6,39,39,22,37,32,59,18,46,28,9,8,3,5,20,,2,5,19,14,13,17,28,22,24,36,20,,22,,16,,19,22,10,14,13,17,6,12,29,27,16,26,14,26,24,59,66,58,58,26,7,2,29,30,,,,30,,
20260401,6,PM10,18,120,88,105,73,81,104,19,27,51,118,126,80,37,16,185,42,103,38,75,122,75,99,131,100,124,68,119,64,120,131,125,117,27,23,11,33,47,68,7,20,13,15,16,116,8,23,30,123,82,69,56,45,10,14,15,14,10,11,8,7,7,11,41,36,30,27,42,10,63,59,31,73,55,28,31,32,40,109,58,203,131,,157,161,147,82,136,110,56,81,97,107,121,45,61,13,8,17,18,8,6,6,29,6,6,7,22,35,31,32,56,37,81,12,103,116,89,120,99,19,90,51,57,92,34,77,55,30,74,92,40,44,38,45,24,19,21,16,20,28,51,29,40,10,27,54,34,23,26,64,50,37,42,56,92,49,29,27,173,,,,,,,,,,,,,,,,,,,,,,,,,,,,,,61,,6,55,52,41,49,35,69,47,58,23,45,22,,24,40,101,87,383,46,172,147,35,64,43,19,35,102,143,79,52,144,65,20,14,11,118,99,94,104,75,17,124,105,92,61,21,30,,8,9,6,7,7,25,40,27,32,14,24,35,25,26,59,60,37,96,97,80,25,70,46,34,87,38,66,,40,28,58,28,21,25,37,18,29,17,10,,14,12,12,17,11,18,17,13,18,21,39,34,31,32,44,33,26,16,23,24,16,,10,9,27,25,24,28,19,22,,16,33,29,11,65,35,35,85,30,60,25,54,40,13,9,6,7,11,,7,6,36,47,25,36,69,60,61,94,48,,55,,47,,50,45,18,30,40,36,26,26,88,92,39,116,64,45,74,115,228,190,195,60,,9,46,99,,,,55,,
20260401,6,PM10_24h,62,77,72,59,66,71,79,43,34,68,85,79,77,31,25,68,42,113,133,46,122,58,69,108,108,107,70,95,69,86,126,92,105,35,33,20,33,48,39,14,18,19,11,12,118,19,26,26,104,61,68,58,41,21,30,28,24,23,27,22,28,19,28,38,28,27,20,33,16,60,57,35,66,64,32,34,33,34,57,58,50,65,33,98,122,120,64,90,128,43,64,106,106,74,39,42,15,34,33,34,24,28,23,30,18,38,41,29,34,82,35,51,50,52,38,71,71,69,68,74,108,61,110,74,110,38,76,68,64,93,77,59,43,43,45,32,21,18,33,19,30,39,16,33,9,26,41,29,23,23,63,57,36,50,61,78,70,58,45,220,,,,,,,,,,,,,,,,,,,,,,,,,,,,,,74,76,29,60,44,57,58,32,47,49,95,25,42,29,,38,50,74,67,82,68,84,65,45,51,117,91,36,73,138,90,48,97,66,66,120,32,120,104,104,107,66,18,119,96,98,87,74,44,34,30,23,23,17,19,15,20,23,18,13,21,23,25,19,64,80,75,77,89,83,71,91,40,36,72,43,71,64,40,27,71,21,21,18,48,17,19,18,24,14,30,29,31,26,25,31,13,12,22,49,40,29,25,24,38,31,29,14,26,23,31,,11,12,19,15,20,16,21,16,,13,39,30,16,73,51,33,50,48,78,24,59,38,19,18,16,21,30,,9,12,42,39,28,40,59,54,68,88,54,,60,,48,,54,48,25,33,43,47,23,31,79,80,49,95,42,49,83,184,215,211,240,71,35,12,62,66,,,,46,,
20260401,6,SO2,3,10,3,7,11,8,4,3,2,2,14,7,8,9,8,9,9,7,7,7,6,5,6,9,8,7,6,6,6,9,7,8,5,6,5,5,7,5,5,5,6,2,3,4,6,5,3,8,5,7,3,6,6,6,5,5,6,5,6,5,6,7,6,6,8,5,5,4,4,5,6,7,12,7,4,5,9,5,9,8,5,12,3,13,10,7,15,15,9,9,6,8,5,10,5,14,10,7,11,13,7,6,6,8,5,2,5,11,4,,16,11,8,13,8,13,9,9,5,11,6,6,5,6,7,6,10,3,7,8,6,12,5,6,9,7,8,4,8,13,4,7,8,7,11,6,3,6,6,6,6,2,2,6,6,12,11,17,5,9,,,,,,,,,,,,,,,,,,,,,,,,,,,,,,5,2,5,4,8,9,12,7,6,14,5,6,9,7,,4,9,5,10,7,6,3,4,12,11,1,5,5,15,13,34,6,6,6,5,4,10,6,7,7,9,6,4,7,6,4,5,4,3,4,3,5,2,5,5,8,5,2,6,4,8,10,9,13,9,8,2,4,6,5,2,4,10,6,11,8,4,4,5,5,4,7,5,7,3,4,4,4,2,4,12,7,5,8,6,11,5,6,10,6,8,7,7,5,8,6,4,6,9,4,5,,6,5,5,26,4,11,5,2,,4,6,5,9,9,5,4,4,4,9,5,4,6,6,5,8,9,12,,7,6,5,6,6,7,11,14,10,5,6,,4,,9,,4,5,6,9,9,21,5,13,6,10,9,4,9,7,4,4,16,4,3,6,4,5,10,9,,,,8,,
20260401,6,SO2_24h,4,10,3,7,14,6,5,3,6,5,11,6,11,4,7,13,10,8,10,6,6,6,5,11,9,6,5,7,5,9,8,7,7,6,6,5,7,5,5,5,6,2,3,4,6,4,2,6,7,8,5,7,6,5,5,4,6,4,6,4,5,7,5,7,7,5,5,4,6,5,8,7,10,7,3,5,11,6,13,11,7,17,4,14,11,9,15,16,10,9,9,8,7,12,7,12,7,7,8,6,7,6,6,6,5,6,6,7,4,6,8,9,7,7,10,19,12,13,15,11,6,6,7,8,8,5,11,5,9,12,6,12,6,7,7,7,8,4,8,6,4,9,8,7,8,6,3,6,6,7,4,3,2,5,6,12,16,14,5,10,,,,,,,,,,,,,,,,,,,,,,,,,,,,,,5,3,4,4,5,10,8,7,6,19,10,5,9,8,,5,9,16,13,9,11,5,7,11,9,2,4,7,10,12,11,6,6,9,7,9,10,7,8,7,7,6,4,7,6,5,5,6,4,5,4,8,3,5,4,5,6,3,5,3,7,9,8,8,9,10,5,6,6,6,4,4,8,7,10,8,5,4,5,5,4,7,6,10,3,4,5,5,2,4,10,6,4,9,8,10,6,6,7,6,9,7,7,5,10,5,5,6,9,4,5,,6,5,7,18,4,10,9,2,,4,6,5,9,9,6,4,10,5,9,5,6,7,6,6,9,8,15,,6,6,6,14,5,7,10,11,9,5,7,,5,,8,,5,10,6,9,13,15,6,15,8,10,9,4,8,8,4,4,7,4,3,8,6,5,16,10,,,,7,,
20260401,6,NO2,8,65,19,47,28,28,38,7,16,22,61,40,17,41,14,11,30,10,8,51,35,41,58,31,28,54,39,32,29,57,29,25,19,14,15,20,17,25,23,12,13,16,9,9,48,14,26,22,51,22,24,23,36,17,13,21,17,18,18,17,7,12,10,5,23,34,18,32,4,46,34,10,42,21,27,19,41,28,15,31,5,9,15,38,54,36,70,70,23,35,66,25,42,56,20,43,20,7,11,14,11,6,5,17,11,3,8,23,15,15,21,33,28,56,9,23,27,42,6,19,5,35,6,38,59,29,43,21,22,13,32,18,18,15,14,11,9,12,9,10,12,27,22,14,14,14,47,18,11,10,28,18,30,14,51,24,8,19,3,16,,,,,,,,,,,,,,,,,,,,,,,,,,,,,,11,15,11,32,23,23,30,20,37,18,4,6,11,12,,9,4,7,18,2,7,5,6,28,31,4,16,14,34,34,22,4,39,23,6,9,2,24,16,18,27,30,7,15,16,16,16,8,20,15,13,7,8,5,15,8,15,11,9,9,16,17,7,9,10,19,21,24,32,39,12,12,13,9,18,12,14,7,6,5,22,6,26,22,9,10,19,18,21,5,11,8,12,14,9,14,15,4,10,6,20,21,22,31,35,15,22,8,16,15,4,,13,5,11,9,13,12,4,9,,9,5,14,10,16,8,23,7,5,12,9,18,12,5,5,1,3,2,,2,1,18,69,9,20,46,31,21,14,24,,11,,13,,19,3,1,2,11,3,23,2,27,44,23,6,13,18,7,10,13,51,17,17,11,1,8,21,,,,10,,
20260401,6,NO2_24h,25,45,18,32,31,23,27,10,18,29,40,31,21,24,12,34,23,37,34,30,31,31,29,35,27,33,37,31,32,31,28,21,17,18,24,22,17,17,17,14,12,19,14,12,30,17,20,19,39,28,20,21,23,20,15,8,17,12,15,20,12,15,13,11,19,25,15,16,10,29,29,14,23,26,18,21,22,20,23,18,17,35,24,26,37,30,44,50,22,28,34,22,32,38,23,34,16,13,12,10,12,7,12,7,16,16,18,14,12,18,13,22,24,33,12,31,32,34,28,26,9,26,14,40,39,26,30,22,22,18,16,23,21,19,19,11,14,11,9,9,10,24,23,12,15,14,31,17,11,12,24,20,29,14,28,11,13,23,10,22,,,,,,,,,,,,,,,,,,,,,,,,,,,,,,12,16,18,21,13,24,23,18,27,19,11,5,8,10,,9,6,20,25,24,21,25,24,22,23,14,12,12,19,25,25,13,30,18,11,24,6,25,19,20,27,21,9,16,14,16,15,12,25,17,18,13,9,7,17,11,12,15,10,11,14,15,6,14,13,19,25,20,22,20,15,16,11,14,14,14,14,10,8,10,19,8,19,15,11,15,14,15,19,9,19,9,8,14,12,13,13,6,7,8,23,24,19,25,29,18,31,9,20,12,6,,16,6,13,9,16,9,7,10,,8,7,12,8,16,10,13,8,8,17,9,14,15,8,9,5,6,12,,2,2,19,38,12,18,29,28,15,16,19,,13,,14,,23,7,2,2,11,4,18,3,20,25,20,18,11,22,14,22,14,32,15,29,11,4,20,21,,,,9,,
20260401,6,O3,64,10,51,16,45,51,34,64,7,46,10,36,60,24,57,64,66,66,66,26,28,17,6,40,37,10,38,42,50,6,43,36,49,80,88,76,76,55,68,96,94,74,70,69,29,80,26,45,33,62,69,54,12,52,44,50,56,52,59,42,70,61,73,51,22,20,18,34,95,22,26,34,23,65,14,33,24,44,61,48,73,72,41,27,27,53,9,11,51,59,6,32,32,16,77,28,27,52,47,43,61,49,76,30,79,57,54,35,33,65,37,25,25,25,67,45,39,15,79,52,70,15,73,29,1,49,22,51,77,75,31,45,28,62,58,38,8,54,64,61,39,20,22,55,28,39,27,28,19,72,41,48,8,30,9,36,85,42,86,69,,,,,,,,,,,,,,,,,,,,,,,,,,,,,,93,59,58,18,20,31,38,39,11,55,49,59,40,53,,44,98,81,47,64,78,64,59,20,18,65,62,34,22,48,64,74,36,40,78,64,75,49,65,50,34,33,74,63,62,58,59,88,45,61,82,58,51,56,76,71,28,63,82,74,63,45,59,80,89,60,48,34,25,11,84,75,40,33,52,69,84,78,74,51,30,15,6,14,63,35,19,11,11,29,60,80,72,57,78,38,35,58,74,68,40,18,23,10,3,,8,27,29,27,52,,22,31,50,59,22,18,77,22,,11,53,32,77,42,33,23,105,75,45,65,22,19,53,71,80,101,81,,107,77,16,1,21,30,7,27,26,47,35,,89,,48,,29,65,50,68,63,61,51,123,19,8,44,90,60,58,48,82,66,4,64,45,27,95,71,41,,,,60,,
20260401,6,O3_24h,64,10,51,16,45,51,34,64,7,46,10,36,60,24,57,64,66,66,66,26,28,17,6,40,37,10,38,42,50,6,43,36,49,80,88,76,76,55,68,96,94,74,70,69,29,80,26,45,33,62,69,54,12,52,44,50,56,52,59,42,70,61,73,51,22,20,18,34,95,22,26,34,23,65,14,33,24,44,61,48,73,72,41,27,27,53,9,11,51,59,6,32,32,16,77,28,27,52,47,43,61,49,76,30,79,57,54,35,33,65,37,25,25,25,67,45,39,15,79,52,70,15,73,29,1,49,22,51,77,75,31,45,28,62,58,38,8,54,64,61,39,20,22,55,28,39,27,28,19,72,41,48,8,30,9,36,85,42,86,69,,,,,,,,,,,,,,,,,,,,,,,,,,,,,,93,59,58,18,20,31,38,39,11,55,49,59,40,53,,44,98,81,47,64,78,64,59,20,18,65,62,34,22,48,64,74,36,40,78,64,75,49,65,50,34,33,74,63,62,58,59,88,45,61,82,58,51,56,76,71,28,63,82,74,63,45,59,80,89,60,48,34,25,11,84,75,40,33,52,69,84,78,74,51,30,15,6,14,63,35,19,11,11,29,60,80,72,57,78,38,35,58,74,68,40,18,23,10,3,,8,27,29,27,52,,22,31,50,59,22,18,77,22,,11,53,32,77,42,33,23,105,75,45,65,22,19,53,71,80,101,81,,107,77,16,1,21,30,7,27,26,47,35,,89,,48,,29,65,50,68,63,61,51,123,19,8,44,90,60,58,48,82,66,4,64,45,27,95,71,41,,,,60,,
20260401,6,O3_8h,,,,,,,,,,,,,,,,,,,,116,,,,,,,,,,,,,,,,,,,,,,,,,,,98,,,,,,,,,,,,63,,,,,,,,,,,,,,,,,,,,,,,,,,,,,,,,,,,,57,,,,,,,,,,,,,,,,,,,,,,,,,85,114,,,,,,,,,,,,,,,,,,,,,,,,,,,,,,,,,,,,,,,,,,,,,,,,,,,,,,,,,,,,,,,,,,,,,,,88,,88,,,,,,,,,,,,,,,,,,,,,,,,,,,,,,,,,,,,,,,,,,,,,,,,,,,,,98,,,,,,,,,,,,,,,,,,,,,119,,,,,,,,,,,,,,,,,,,,,,,,,,,,,,,,,,,,,,,,,,,,,,,,,,,,,,,,,,,,,,,,,,,,,,,,,,,,,,,,,,,,,,,,,,,,,,,,,,,,,,,,,,,
20260401,6,O3_8h_24h,,,,,,,,,,,,,,,,,,,,,,,,,,,,,,,,,,,,,,,,,,,,,,,,,,,,,,,,,,,,,,,,,,,,,,,,,,,,,,,,,,,,,,,,,,,,,,,,,,,,,,,,,,,,,,,,,,,,,,,,,,,,,,,,,,,,,,,,,,,,,,,,,,,,,,,,,,,,,,,,,,,,,,,,,,,,,,,,,,,,,,,,,,,,,,,,,,,,,,,,,,,,,,,,,,,,,,,,,,,,,,,,,,,,,,,,,,,,,,,,,,,,,,,,,,,,,,,,,,,,,,,,,,,,,,,,,,,,,,,,,,,,,,,,,,,,,,,,,,,,,,,,,,,,,,,,,,,,,,,,,,,,,,,,,,,,,,,,,,,,,,,,,,,,,,,,,,,,,,,,,,,,,,,,,,,,,,,
20260401,6,CO,0.26,0.79,0.64,0.81,0.55,0.98,0.47,0.30,0.30,0.33,0.75,0.65,0.85,0.60,0.40,0.46,0.66,0.31,0.49,0.69,0.89,0.78,1.03,0.84,0.72,0.84,0.96,0.86,0.84,0.87,0.78,0.96,0.57,0.52,0.39,0.33,0.45,0.60,0.63,0.37,0.45,0.50,0.40,0.35,0.79,0.35,0.43,0.60,0.83,0.77,0.51,0.59,0.73,0.68,0.64,0.53,0.57,0.60,0.60,0.73,0.52,0.43,0.56,0.40,0.53,0.59,0.60,0.61,0.40,0.37,0.73,0.85,0.68,0.47,0.72,0.65,0.77,0.34,0.72,0.57,0.23,0.33,0.60,0.86,0.94,0.87,0.80,1.28,0.80,0.48,0.70,0.80,0.58,1.42,0.50,0.84,0.63,0.73,0.57,0.83,0.70,0.60,0.50,0.67,0.50,0.50,0.63,0.55,0.53,0.50,0.87,0.50,0.60,0.72,0.33,1.26,0.70,1.52,0.34,0.88,0.30,0.63,0.26,0.60,0.83,0.68,0.74,0.43,0.58,0.67,0.60,0.35,0.38,0.60,0.72,0.80,0.45,0.70,0.75,0.57,0.50,0.55,0.77,0.73,0.70,0.50,0.57,0.40,0.48,0.57,0.60,0.35,0.40,0.30,0.30,0.40,0.67,0.60,0.32,0.40,,,,,,,,,,,,,,,,,,,,,,,,,,,,,,0.38,0.50,0.50,0.57,0.35,0.25,1.42,0.40,0.37,0.40,0.43,0.20,0.40,0.38,,0.25,0.45,0.30,0.70,0.30,0.37,0.23,0.30,0.55,0.95,0.35,0.40,0.33,0.87,1.50,0.47,0.35,0.65,0.57,0.25,0.30,0.25,0.58,0.60,0.65,0.78,0.63,0.45,0.65,0.76,0.53,0.47,0.13,1.17,0.40,0.73,0.70,0.60,0.70,0.35,0.63,0.77,0.65,0.60,0.50,0.90,0.93,0.78,0.60,0.48,0.53,0.50,0.55,0.70,0.68,0.33,0.33,1.35,0.57,0.76,0.63,0.50,0.50,0.55,0.70,0.67,0.50,0.85,0.70,1.00,0.45,0.53,0.35,0.55,0.25,0.30,0.47,0.90,0.60,0.63,0.50,0.70,0.60,0.95,0.50,0.73,0.50,0.43,0.53,0.50,0.65,0.33,0.40,0.65,0.45,0.20,,0.20,0.45,0.47,0.60,0.60,0.55,0.40,0.60,,0.70,0.30,0.30,0.55,0.65,0.55,0.40,0.60,0.40,0.65,0.45,0.55,0.60,0.40,0.35,0.30,0.30,0.40,,0.25,0.55,0.50,0.47,0.30,0.40,1.10,0.45,0.40,0.45,0.40,,0.35,,0.75,,0.35,0.60,0.30,0.30,0.30,0.40,0.60,0.30,0.67,0.60,0.55,0.65,0.20,0.60,0.30,0.20,0.20,0.90,0.40,0.80,1.30,0.20,0.60,0.80,,,,0.75,,
20260401,6,CO_24h,0.47,0.65,0.58,0.59,0.75,0.68,0.47,0.33,0.45,0.45,0.55,0.50,0.95,0.45,0.36,0.83,0.64,0.69,0.66,0.55,0.90,0.79,0.63,0.97,0.68,0.78,0.97,0.70,0.80,0.68,0.90,0.82,0.60,0.61,0.50,0.43,0.46,0.72,0.60,0.37,0.50,0.53,0.40,0.45,0.80,0.45,0.38,0.60,0.77,0.61,0.56,0.62,0.73,0.64,0.52,0.50,0.50,0.45,0.33,0.67,0.47,0.40,0.66,0.38,0.50,0.51,0.53,0.51,0.43,0.43,0.67,0.65,0.50,0.46,0.40,0.63,0.56,0.32,0.72,0.57,0.47,0.70,0.63,0.54,0.78,0.80,0.56,0.77,0.80,0.43,0.52,0.77,0.62,0.98,0.43,0.63,0.67,0.70,0.57,0.67,0.70,0.45,0.55,0.53,0.45,0.60,0.73,0.60,0.33,0.50,0.47,0.55,0.58,0.60,0.44,1.36,0.83,1.24,0.70,0.88,0.42,0.60,0.42,0.93,0.87,0.68,0.70,0.58,0.67,0.87,0.60,0.45,0.38,0.60,0.68,0.82,0.50,0.70,0.65,0.60,0.50,0.52,0.75,0.68,0.70,0.47,0.50,0.40,0.45,0.63,0.53,0.35,0.45,0.34,0.30,0.40,0.73,0.64,0.36,0.40,,,,,,,,,,,,,,,,,,,,,,,,,,,,,,0.38,0.50,0.50,0.50,0.30,0.40,0.63,0.43,0.37,0.50,0.50,0.20,0.35,0.30,,0.20,0.50,0.60,1.00,0.60,0.77,0.33,0.60,0.70,0.90,0.45,0.25,0.37,0.53,0.90,0.70,0.50,0.55,0.53,0.45,0.75,0.35,0.67,0.66,0.60,0.88,0.60,0.45,0.70,0.66,0.53,0.55,0.20,0.93,0.37,0.70,1.13,0.65,0.65,0.45,0.60,0.77,0.50,0.50,0.60,0.85,0.77,0.83,0.55,0.56,0.57,0.65,0.53,0.64,0.68,0.43,0.47,0.97,0.67,0.76,0.57,0.63,0.40,0.50,0.80,0.67,0.50,0.82,0.75,0.90,0.50,0.53,0.35,0.55,0.35,0.45,0.50,0.65,0.70,0.60,0.60,0.73,0.60,0.80,0.60,0.70,0.65,0.40,0.50,0.45,0.65,0.33,0.35,0.65,0.45,0.20,,0.30,0.45,0.40,0.57,0.60,0.45,0.45,0.55,,0.60,0.30,0.30,0.50,0.55,0.55,0.50,0.40,0.40,0.75,0.40,0.60,0.70,0.50,0.45,0.25,0.30,0.60,,0.25,0.55,0.60,0.37,0.40,0.45,0.45,0.50,0.30,0.40,0.40,,0.40,,0.70,,0.45,0.60,0.30,0.30,0.30,0.40,0.40,0.40,0.53,0.40,0.50,0.75,0.20,0.55,0.30,0.30,0.15,0.60,0.50,0.85,0.40,0.20,0.75,0.60,,,,0.65,,
20260401,7,AQI,20,73,70,82,77,74,77,25,36,40,118,138,59,40,17,109,49,68,35,81,120,91,105,143,103,121,69,105,84,124,126,135,133,24,27,21,37,46,69,28,37,21,19,17,95,23,16,30,124,86,73,54,41,15,15,15,17,16,18,12,23,18,22,40,36,33,29,45,29,58,55,40,63,53,23,32,39,34,107,58,107,80,37,167,166,144,81,143,101,58,70,118,114,121,64,56,19,16,16,21,18,18,23,38,23,21,16,18,49,41,31,55,42,64,19,88,149,105,73,53,21,86,29,46,89,36,71,64,43,79,74,36,47,40,41,26,18,28,21,19,29,55,30,43,10,30,51,33,25,26,60,41,39,41,52,70,44,41,28,120,,,,,,,,,,,,,,,,,,,,,,,,,,,,,,60,91,17,52,60,48,51,35,69,48,48,24,49,24,,25,43,55,133,153,43,82,88,46,65,35,45,49,99,204,59,29,130,69,24,20,24,120,108,85,76,66,22,121,108,111,60,31,25,51,24,18,14,18,22,29,36,31,41,22,26,36,28,34,59,61,47,121,104,65,25,60,48,35,70,41,61,76,39,29,54,19,19,17,43,28,43,17,24,21,16,25,22,17,22,16,17,20,21,22,40,42,31,31,46,40,23,17,24,29,28,,18,14,25,23,23,27,24,26,,17,40,28,24,60,39,49,85,30,73,31,54,44,14,21,25,31,24,,33,26,33,48,24,35,66,56,61,64,47,,55,,53,,49,49,21,32,41,34,26,41,71,68,54,83,58,48,60,91,137,108,121,44,32,30,47,72,,,,60,,
20260401,7,PM2.5,3,53,46,51,12,54,51,13,13,8,89,105,39,18,8,11,29,11,9,60,91,68,79,109,77,92,50,79,62,94,96,103,101,16,17,4,26,31,50,4,26,9,11,6,71,5,11,19,94,64,53,35,28,5,7,9,5,5,7,4,3,3,7,24,19,23,15,22,6,24,28,28,31,24,16,13,23,4,20,41,11,7,26,127,126,110,60,109,76,39,51,89,86,92,46,40,11,3,9,11,3,2,5,16,3,3,3,3,24,24,9,24,17,22,6,22,27,79,8,21,7,64,8,32,66,19,52,46,30,58,54,17,30,28,29,11,11,19,9,10,20,26,19,24,3,11,28,23,14,15,38,24,14,16,22,31,19,17,9,40,,,,,,,,,,,,,,,,,,,,,,,,,,,,,,43,68,3,17,12,15,27,13,19,11,10,8,18,8,,5,10,3,25,10,3,21,9,28,41,13,20,34,74,154,42,10,99,44,14,13,3,91,81,63,56,48,11,92,81,84,43,22,16,36,8,3,3,4,10,20,25,18,29,5,13,22,13,24,42,43,33,92,78,47,17,42,25,17,46,20,42,56,19,14,35,11,11,8,30,18,17,9,16,15,8,3,10,8,6,11,11,14,10,8,20,16,16,16,15,28,11,11,14,20,8,,5,10,12,16,12,17,12,17,,12,28,18,9,43,27,34,63,18,53,22,38,31,3,5,3,3,13,,3,5,20,17,11,14,32,25,28,35,21,,26,,18,,12,25,11,10,8,13,8,9,33,35,23,30,22,32,19,44,71,44,49,23,14,3,19,46,,,,43,,
20260401,7,PM2.5_24h,29,42,36,29,24,52,45,15,13,41,58,51,47,18,13,39,24,59,84,37,98,51,44,78,83,80,50,63,72,64,89,72,92,22,22,12,25,36,29,8,14,12,10,5,72,12,19,20,68,40,55,42,34,12,18,19,13,16,15,13,16,10,17,24,13,17,7,20,6,19,31,22,26,26,25,24,14,10,29,33,27,30,26,74,91,84,36,48,90,22,30,86,79,46,22,21,8,19,21,20,11,15,15,18,10,19,22,11,20,53,13,28,21,21,12,41,43,43,35,50,27,47,62,54,81,28,52,54,47,64,46,33,31,37,37,23,17,9,15,7,19,19,10,22,3,6,19,17,10,12,26,23,14,18,20,23,21,23,12,50,,,,,,,,,,,,,,,,,,,,,,,,,,,,,,46,53,20,20,12,29,27,15,17,14,28,9,12,10,,7,11,27,39,37,26,38,33,22,22,51,25,24,51,101,62,40,86,44,44,92,19,89,78,69,70,57,9,92,65,80,68,44,33,35,21,13,13,9,13,8,14,14,15,7,9,14,12,7,44,54,48,63,71,51,50,54,25,17,40,23,45,46,26,17,42,13,12,10,34,11,14,10,15,12,17,14,15,14,15,12,6,7,7,26,18,16,12,10,10,22,9,8,15,15,12,,4,6,11,11,11,11,11,11,,12,27,13,7,39,39,23,37,31,58,18,45,28,9,8,3,5,20,,2,5,20,14,14,16,28,22,24,35,20,,22,,16,,19,22,10,14,13,16,7,12,30,27,16,27,14,26,24,59,67,56,57,26,7,2,29,31,,,,31,,
20260401,7,PM10,18,86,90,113,103,81,103,25,36,40,121,141,68,40,15,168,49,86,35,74,125,76,106,135,102,120,67,130,61,122,130,125,116,23,27,11,32,46,67,7,27,13,13,11,122,13,15,30,123,83,61,58,41,11,13,15,11,11,11,8,6,7,10,40,36,33,29,45,9,65,60,39,75,55,23,32,39,34,164,65,164,109,,152,166,154,90,151,113,66,86,97,113,124,59,57,19,6,12,21,9,,10,38,6,,10,18,49,41,31,60,42,78,13,126,247,116,95,56,19,84,29,40,90,36,75,58,34,85,95,36,47,39,40,26,18,28,17,19,28,60,30,43,10,30,51,32,25,26,70,41,39,41,53,90,44,41,28,189,,,,,,,,,,,,,,,,,,,,,,,,,,,,,,69,,6,54,70,48,52,35,87,48,48,24,49,24,,25,43,59,216,255,43,113,126,46,80,35,45,43,109,165,64,29,145,88,24,20,10,115,98,89,102,63,22,131,111,90,55,26,25,38,10,7,9,6,,24,,31,31,15,26,36,28,25,60,71,43,104,98,79,19,70,48,35,89,41,72,63,39,29,58,19,19,17,37,20,43,17,24,,15,16,17,16,14,16,17,,17,15,40,42,31,31,46,33,23,17,24,25,28,,18,11,25,22,23,27,14,26,,12,36,28,18,64,38,45,86,30,61,26,50,40,14,11,7,7,,,7,6,33,48,24,35,82,62,72,78,47,,59,,55,,49,49,21,32,41,34,26,22,92,85,57,116,65,48,69,132,224,165,192,44,32,7,47,94,,,,57,,
20260401,7,PM10_24h,60,79,73,61,68,72,81,43,34,68,88,84,77,30,25,72,42,108,131,48,122,60,72,110,108,110,71,97,69,88,127,94,105,35,33,19,33,48,40,14,19,19,12,12,119,18,25,27,106,62,68,58,42,20,29,28,23,22,27,20,26,17,28,38,29,28,21,34,16,61,57,36,67,64,31,34,33,34,60,59,55,67,32,101,127,123,66,92,127,44,65,106,107,77,41,43,14,32,33,33,22,27,23,30,16,38,39,27,34,81,34,50,47,52,37,73,79,71,70,72,110,62,101,73,110,38,75,69,63,94,76,56,44,43,46,32,21,18,31,18,30,39,17,34,9,26,42,30,23,23,65,58,36,50,62,78,69,58,45,219,,,,,,,,,,,,,,,,,,,,,,,,,,,,,,72,76,28,58,44,54,56,32,49,48,92,26,43,29,,38,51,75,73,87,67,85,68,46,53,108,91,35,75,141,90,48,101,67,66,114,31,120,104,103,108,66,18,119,96,98,86,72,43,35,29,22,22,15,18,15,20,23,19,13,21,23,25,19,63,80,74,79,90,82,69,90,41,36,72,43,70,64,40,26,70,22,21,18,47,17,20,18,24,14,29,29,30,24,25,27,14,11,21,47,41,31,25,25,38,31,29,14,27,23,32,,11,12,20,16,21,17,20,17,,14,39,30,15,73,51,33,51,46,77,24,59,39,19,18,15,21,29,,8,12,43,40,29,40,62,55,69,87,53,,60,,49,,54,48,24,33,43,45,24,30,80,80,50,97,44,49,84,183,217,208,238,71,36,12,63,66,,,,47,,
20260401,7,SO2,3,8,2,11,8,13,4,3,2,2,10,8,8,8,7,7,10,7,7,6,6,6,6,9,8,7,6,7,7,9,7,8,5,6,6,5,6,5,5,5,5,3,3,4,6,4,4,10,5,7,3,6,7,6,5,5,6,6,5,5,6,6,5,7,10,5,5,4,4,5,6,7,13,7,3,5,12,5,9,8,5,10,3,13,11,6,20,19,9,9,7,8,6,12,6,16,9,7,10,7,7,6,6,7,5,2,4,7,4,5,14,13,9,15,7,16,8,10,5,9,6,8,6,7,9,6,12,3,7,7,5,12,5,6,9,7,8,4,7,11,4,7,8,7,12,6,4,7,7,5,6,3,2,5,6,13,11,18,5,12,,,,,,,,,,,,,,,,,,,,,,,,,,,,,,5,3,5,5,9,9,15,7,10,16,6,5,9,5,,4,8,5,9,8,7,19,4,11,10,2,6,10,10,14,7,6,7,16,6,5,10,5,7,6,8,6,4,7,6,4,5,4,3,4,3,11,3,5,5,5,4,1,6,4,7,10,8,9,8,9,3,4,5,5,2,3,6,6,11,8,5,4,5,5,4,7,6,9,4,5,4,4,2,4,11,7,5,8,6,11,6,6,11,6,6,7,7,5,8,6,4,6,8,4,5,,6,5,5,22,4,10,6,2,,4,5,6,10,9,5,4,4,4,9,6,5,6,6,5,8,8,12,,6,6,5,6,6,5,8,13,9,4,7,,5,,9,,3,5,7,9,9,21,5,14,6,10,9,4,7,7,3,4,29,4,3,6,4,5,10,9,,,,8,,
20260401,7,SO2_24h,4,10,3,7,14,7,5,3,6,5,11,6,11,5,7,13,10,8,10,6,6,6,5,11,9,6,5,8,5,9,8,8,7,6,6,5,6,5,5,5,6,2,3,4,6,4,2,7,7,8,5,7,6,5,5,4,6,4,6,4,5,7,5,7,7,5,6,4,6,5,8,7,10,7,3,5,11,6,13,11,7,15,4,14,11,9,16,16,10,9,9,8,7,13,7,13,7,7,8,6,7,6,6,6,5,6,6,7,4,6,8,9,7,8,9,19,12,13,14,11,6,6,7,8,8,5,11,5,9,12,6,12,6,7,7,7,8,4,8,6,4,9,8,7,9,6,3,6,6,7,4,3,2,5,6,12,16,14,5,10,,,,,,,,,,,,,,,,,,,,,,,,,,,,,,5,3,4,4,6,10,8,7,7,18,10,5,9,8,,5,9,16,13,9,11,6,6,11,9,2,4,7,10,12,11,6,6,9,7,9,10,7,8,7,7,6,4,7,6,5,5,6,4,5,4,8,3,5,4,5,6,3,5,3,7,8,8,8,9,10,5,6,6,5,4,4,8,7,10,8,5,4,5,5,4,7,6,10,3,4,5,5,2,4,10,6,4,9,8,10,6,6,7,6,9,7,7,5,10,5,5,6,9,4,5,,6,5,6,18,4,10,8,2,,4,6,5,9,9,6,4,10,5,9,5,6,7,6,6,9,8,14,,6,6,6,14,5,7,10,11,10,5,7,,5,,8,,5,10,6,9,13,15,6,15,8,10,9,4,8,8,4,4,8,4,4,8,5,5,16,10,,,,7,,
20260401,7,NO2,10,57,20,47,20,34,41,9,17,11,58,44,15,41,17,12,40,15,9,51,37,41,54,34,35,51,44,39,30,49,35,34,23,16,20,26,19,31,30,15,14,21,10,10,40,15,23,20,47,29,26,26,35,19,12,23,19,18,19,18,8,15,12,6,27,37,18,37,4,53,42,16,39,19,26,16,52,36,12,41,6,11,15,41,54,45,66,72,28,51,61,26,35,52,33,45,24,8,9,14,12,7,7,16,13,3,11,20,16,21,20,33,28,49,14,17,15,44,8,15,8,33,9,31,59,38,42,24,24,17,33,16,20,16,21,13,11,18,9,12,14,27,22,17,16,17,48,20,12,12,33,21,31,15,51,26,8,33,3,19,,,,,,,,,,,,,,,,,,,,,,,,,,,,,,11,15,13,29,32,35,46,25,37,27,6,6,14,28,,12,5,7,13,3,13,12,7,30,34,7,27,20,27,40,18,4,32,30,6,10,2,30,22,25,20,28,9,19,22,18,19,11,22,15,15,14,10,6,13,10,22,13,12,9,18,18,9,11,11,26,26,27,38,40,14,14,16,11,22,22,17,8,9,12,28,7,24,18,17,55,15,15,19,5,13,9,13,16,15,15,15,4,11,6,30,32,19,33,34,25,24,9,17,12,6,,16,7,10,11,13,14,4,10,,9,10,19,10,17,8,16,7,6,13,10,23,13,8,8,1,4,3,,2,2,23,65,11,23,53,33,38,13,28,,20,,16,,22,11,1,1,27,3,32,1,27,41,31,8,8,18,6,14,12,50,21,17,10,1,9,19,,,,14,,
20260401,7,NO2_24h,24,46,18,32,30,23,27,9,18,29,41,30,20,24,11,32,24,34,32,32,31,32,31,35,27,35,37,32,32,32,29,22,18,18,24,22,18,18,18,14,12,20,14,12,31,16,20,19,39,27,20,22,25,19,15,9,17,12,15,19,12,14,13,11,20,26,15,17,10,30,30,14,24,26,19,21,22,20,22,19,16,34,22,27,37,29,45,50,21,28,34,22,32,39,23,34,16,12,12,11,12,7,12,8,15,16,17,14,12,17,13,23,24,34,11,30,31,34,27,25,9,26,13,39,41,27,31,22,21,18,17,23,21,19,19,11,14,12,8,9,10,24,24,11,15,14,32,17,11,12,24,20,30,14,29,12,13,24,10,22,,,,,,,,,,,,,,,,,,,,,,,,,,,,,,12,16,17,21,13,24,25,18,28,18,10,5,8,10,,9,6,19,24,23,20,23,23,22,23,13,11,12,19,26,24,12,29,18,11,23,5,26,19,20,26,21,9,16,14,16,16,11,25,17,17,12,9,7,17,11,13,15,10,12,14,15,7,14,13,19,24,20,23,21,15,16,11,14,14,14,14,10,8,10,19,8,19,15,12,17,15,15,19,9,18,9,9,14,12,12,13,5,7,8,23,25,19,26,29,18,31,9,20,12,6,,16,6,13,9,16,10,7,10,,8,8,12,8,17,10,13,8,8,18,9,14,16,8,9,4,6,12,,2,2,19,39,12,19,31,29,16,16,19,,13,,13,,23,7,2,2,12,4,19,3,20,26,20,18,11,22,14,22,14,32,15,29,11,4,20,19,,,,9,,
20260401,7,O3,63,17,56,13,44,45,34,62,8,59,15,28,65,19,53,67,59,62,66,24,24,16,7,33,23,15,30,30,57,15,35,23,43,76,79,68,73,49,61,91,98,66,61,55,43,73,25,48,37,52,62,51,9,49,47,49,54,52,56,38,72,58,69,48,21,15,16,26,93,14,17,27,23,67,12,36,15,32,62,40,71,69,37,21,24,42,14,12,38,42,9,33,42,16,59,28,15,51,51,44,58,56,72,34,72,68,51,51,30,51,37,25,24,25,61,51,56,15,78,58,66,19,70,44,2,35,22,46,74,61,27,45,21,55,44,33,6,37,66,57,34,22,20,49,25,36,25,27,17,65,38,43,6,25,7,39,87,28,84,69,,,,,,,,,,,,,,,,,,,,,,,,,,,,,,86,61,53,25,11,20,28,35,10,48,49,59,34,31,,40,96,79,52,63,72,59,55,19,15,65,53,30,39,45,70,76,50,39,77,64,77,40,50,35,40,30,62,52,56,48,51,87,37,72,76,59,46,59,70,66,18,59,78,70,54,40,51,77,84,50,40,21,15,10,81,71,32,30,42,46,73,72,67,44,21,10,8,17,24,44,38,12,8,22,50,81,70,55,70,34,34,53,68,71,25,11,32,4,3,26,9,24,20,35,46,,26,28,58,57,25,11,76,20,,11,38,24,77,40,31,32,102,75,41,64,16,16,46,68,80,98,78,,105,83,11,2,17,24,5,24,7,47,31,,83,,42,,25,56,49,66,47,68,44,130,16,10,43,81,74,58,46,66,70,5,67,44,23,97,75,43,,,,46,,
20260401,7,O3_24h,63,17,56,13,44,45,34,62,8,59,15,28,65,19,53,67,59,62,66,24,24,16,7,33,23,15,30,30,57,15,35,23,43,76,79,68,73,49,61,91,98,66,61,55,43,73,25,48,37,52,62,51,9,49,47,49,54,52,56,38,72,58,69,48,21,15,16,26,93,14,17,27,23,67,12,36,15,32,62,40,71,69,37,21,24,42,14,12,38,42,9,33,42,16,59,28,15,51,51,44,58,56,72,34,72,68,51,51,30,51,37,25,24,25,61,51,56,15,78,58,66,19,70,44,2,35,22,46,74,61,27,45,21,55,44,33,6,37,66,57,34,22,20,49,25,36,25,27,17,65,38,43,6,25,7,39,87,28,84,69,,,,,,,,,,,,,,,,,,,,,,,,,,,,,,86,61,53,25,11,20,28,35,10,48,49,59,34,31,,40,96,79,52,63,72,59,55,19,15,65,53,30,39,45,70,76,50,39,77,64,77,40,50,35,40,30,62,52,56,48,51,87,37,72,76,59,46,59,70,66,18,59,78,70,54,40,51,77,84,50,40,21,15,10,81,71,32,30,42,46,73,72,67,44,21,10,8,17,24,44,38,12,8,22,50,81,70,55,70,34,34,53,68,71,25,11,32,4,3,26,9,24,20,35,46,,26,28,58,57,25,11,76,20,,11,38,24,77,40,31,32,102,75,41,64,16,16,46,68,80,98,78,,105,83,11,2,17,24,5,24,7,47,31,,83,,42,,25,56,49,66,47,68,44,130,16,10,43,81,74,58,46,66,70,5,67,44,23,97,75,43,,,,46,,
20260401,7,O3_8h,,,,,,,,,,,,,,,,,,,,116,,,,,,,,,,,,,,,,,,,,,,,,,,,98,,,,,,,,,,,,63,,,,,,,,,,,,,,,,,,,,,,,,,,,,,,,,,,,,57,,,,,,,,,,,,,,,,,,,,,,,,,85,114,,,,,,,,,,,,,,,,,,,,,,,,,,,,,,,,,,,,,,,,,,,,,,,,,,,,,,,,,,,,,,,,,,,,,,,88,,,,,,,,,,,,,,,,,,,,,,,,,,,,,,,,,,,,,,,,,,,,,,,,,,,,,,,98,,,,,,,,,,,,,,,,,,,,,119,,,,,,,,,,,,,,,,,,,,,,,,,,,,,,,,,,,,,,,,,,,,,,,,,,,,,,,,,,,,,,,,,,,,,,,,,,,,,,,,,,,,,,,,,,,,,,,,,,,,,,,,,,,
20260401,7,O3_8h_24h,,,,,,,,,,,,,,,,,,,,,,,,,,,,,,,,,,,,,,,,,,,,,,,,,,,,,,,,,,,,,,,,,,,,,,,,,,,,,,,,,,,,,,,,,,,,,,,,,,,,,,,,,,,,,,,,,,,,,,,,,,,,,,,,,,,,,,,,,,,,,,,,,,,,,,,,,,,,,,,,,,,,,,,,,,,,,,,,,,,,,,,,,,,,,,,,,,,,,,,,,,,,,,,,,,,,,,,,,,,,,,,,,,,,,,,,,,,,,,,,,,,,,,,,,,,,,,,,,,,,,,,,,,,,,,,,,,,,,,,,,,,,,,,,,,,,,,,,,,,,,,,,,,,,,,,,,,,,,,,,,,,,,,,,,,,,,,,,,,,,,,,,,,,,,,,,,,,,,,,,,,,,,,,,,,,,,,,
20260401,7,CO,0.26,0.67,0.58,0.97,0.35,1.20,0.44,0.30,0.30,0.22,0.77,0.65,0.65,0.62,0.42,0.44,0.70,0.38,0.53,0.71,0.98,0.82,1.03,0.89,0.76,0.90,0.99,0.84,0.74,0.90,0.80,1.00,0.67,0.52,0.43,0.37,0.48,0.60,0.65,0.40,0.50,0.50,0.40,0.35,0.80,0.38,0.47,0.62,0.88,0.79,0.54,0.60,0.76,0.72,0.63,0.53,0.57,0.60,0.60,0.77,0.47,0.47,0.56,0.40,0.58,0.61,0.67,0.65,0.42,0.43,0.80,0.80,0.88,0.47,0.70,0.63,1.09,0.40,0.78,0.57,0.23,0.32,0.63,0.91,0.96,0.90,0.98,1.27,0.92,0.57,0.75,0.80,0.63,1.42,0.55,0.88,0.63,0.73,0.57,0.73,0.70,0.60,0.50,0.70,0.50,0.50,0.67,0.55,0.57,0.50,0.87,0.52,0.65,0.80,0.35,1.10,0.47,1.92,0.32,0.68,0.30,0.67,0.28,0.55,0.93,0.74,0.74,0.45,0.60,0.70,0.93,0.33,0.42,0.60,0.72,0.82,0.45,0.70,0.75,0.60,0.50,0.60,0.77,0.75,0.67,0.50,0.57,0.40,0.50,0.65,0.67,0.45,0.45,0.34,0.35,0.60,0.63,0.66,0.30,0.40,,,,,,,,,,,,,,,,,,,,,,,,,,,,,,0.42,0.60,0.50,0.70,0.40,0.30,2.48,0.43,0.40,0.43,0.43,0.20,0.45,0.35,,0.25,0.50,0.30,0.53,0.30,0.37,0.67,0.30,0.60,1.40,0.40,0.45,0.43,0.80,1.27,0.33,0.33,0.60,0.63,0.25,0.35,0.20,0.65,0.66,0.65,0.78,0.65,0.45,0.70,0.80,0.57,0.52,0.13,1.13,0.37,0.70,0.93,0.60,0.70,0.35,0.67,0.87,0.65,0.60,0.50,0.90,0.90,0.78,0.60,0.52,0.55,0.45,0.63,0.72,0.70,0.37,0.33,1.23,0.60,0.80,0.67,0.55,0.50,0.50,0.70,0.73,0.50,0.93,0.70,1.20,0.50,0.60,0.40,0.65,0.25,0.35,0.47,0.75,0.63,0.63,0.50,0.77,0.60,0.90,0.50,0.67,0.65,0.43,0.55,0.50,0.72,0.35,0.40,0.65,0.45,0.20,,0.25,0.50,0.43,0.60,0.60,0.55,0.45,0.60,,0.70,0.30,0.30,0.55,0.60,0.55,0.40,0.60,0.40,0.65,0.45,0.65,0.65,0.50,0.40,0.30,0.30,0.40,,0.25,0.55,0.57,0.60,0.30,0.40,1.20,0.50,0.60,0.40,0.50,,0.40,,0.75,,0.35,0.60,0.30,0.30,0.30,0.40,0.50,0.30,0.60,0.50,0.70,0.65,0.10,0.55,0.30,0.30,0.20,0.75,0.40,0.80,0.80,0.20,0.55,0.75,,,,0.75,,
20260401,7,CO_24h,0.47,0.65,0.58,0.62,0.75,0.68,0.47,0.33,0.45,0.45,0.55,0.50,0.95,0.45,0.36,0.83,0.64,0.66,0.64,0.55,0.92,0.79,0.63,0.96,0.68,0.78,0.97,0.73,0.80,0.70,0.90,0.82,0.60,0.61,0.49,0.40,0.46,0.72,0.63,0.40,0.50,0.53,0.40,0.45,0.80,0.45,0.38,0.60,0.77,0.63,0.56,0.61,0.74,0.65,0.54,0.50,0.50,0.45,0.33,0.67,0.47,0.40,0.66,0.40,0.50,0.51,0.57,0.52,0.43,0.42,0.67,0.70,0.52,0.47,0.43,0.63,0.59,0.32,0.72,0.60,0.43,0.68,0.63,0.57,0.82,0.80,0.56,0.78,0.80,0.43,0.53,0.77,0.62,0.98,0.47,0.63,0.67,0.70,0.57,0.67,0.70,0.50,0.55,0.53,0.45,0.60,0.70,0.60,0.33,0.50,0.50,0.50,0.58,0.60,0.42,1.36,0.82,1.30,0.68,0.87,0.42,0.60,0.38,0.92,0.87,0.68,0.70,0.55,0.65,0.87,0.60,0.42,0.40,0.60,0.68,0.82,0.50,0.70,0.65,0.60,0.50,0.52,0.75,0.68,0.70,0.47,0.50,0.40,0.45,0.60,0.53,0.35,0.45,0.34,0.30,0.40,0.70,0.64,0.36,0.40,,,,,,,,,,,,,,,,,,,,,,,,,,,,,,0.38,0.50,0.50,0.50,0.30,0.40,0.70,0.43,0.37,0.47,0.47,0.20,0.35,0.30,,0.20,0.50,0.60,0.93,0.60,0.77,0.37,0.50,0.70,0.95,0.45,0.25,0.37,0.53,0.90,0.70,0.50,0.55,0.53,0.45,0.70,0.35,0.67,0.66,0.60,0.88,0.60,0.45,0.65,0.66,0.53,0.55,0.20,0.95,0.37,0.70,1.10,0.65,0.65,0.45,0.60,0.80,0.53,0.50,0.58,0.85,0.80,0.83,0.55,0.56,0.57,0.60,0.55,0.66,0.68,0.43,0.47,1.00,0.67,0.76,0.57,0.63,0.40,0.50,0.80,0.67,0.50,0.83,0.75,0.90,0.50,0.53,0.35,0.60,0.30,0.40,0.50,0.65,0.67,0.60,0.55,0.73,0.60,0.85,0.60,0.70,0.65,0.40,0.50,0.45,0.65,0.33,0.35,0.65,0.45,0.20,,0.30,0.45,0.40,0.57,0.60,0.50,0.45,0.55,,0.60,0.30,0.30,0.50,0.55,0.55,0.50,0.40,0.40,0.75,0.40,0.60,0.70,0.50,0.45,0.25,0.30,0.60,,0.25,0.55,0.60,0.37,0.40,0.45,0.50,0.50,0.30,0.40,0.40,,0.40,,0.70,,0.45,0.60,0.30,0.30,0.30,0.40,0.40,0.40,0.53,0.40,0.50,0.75,0.20,0.55,0.30,0.30,0.15,0.60,0.50,0.85,0.50,0.20,0.75,0.60,,,,0.65,,
20260401,8,AQI,20,57,75,79,87,76,74,27,35,33,89,148,58,43,20,91,59,59,30,81,125,85,113,145,105,128,78,99,86,126,128,140,130,25,36,24,39,41,63,27,51,18,18,18,100,23,27,37,126,89,90,66,37,15,16,15,17,15,17,12,22,17,20,39,36,34,31,49,27,58,60,51,65,51,22,35,46,53,107,66,78,78,34,176,173,150,91,166,105,65,80,126,130,128,59,69,29,17,26,23,19,21,22,38,23,22,17,20,41,57,37,57,48,67,19,114,178,84,67,49,29,80,34,43,98,34,70,64,47,68,82,35,54,43,41,21,23,27,20,21,31,55,31,44,10,31,52,34,29,33,58,52,41,43,58,81,54,43,27,115,,,,,,,,,,,,,,,,,,,,,,,,,,,,,,61,79,14,58,69,56,53,35,70,51,40,23,50,24,,24,48,43,196,109,33,69,74,56,72,32,51,50,94,187,66,24,126,75,24,23,24,119,106,86,75,78,21,128,111,106,55,34,26,33,21,19,14,21,19,39,36,33,61,21,29,36,27,51,56,61,49,114,99,65,28,57,52,39,73,45,60,71,47,33,55,20,21,33,44,33,35,17,34,29,17,25,21,21,21,19,18,15,20,29,42,38,33,36,47,39,31,16,24,33,16,,21,14,26,23,28,34,25,36,,17,40,37,23,61,40,40,94,33,69,26,59,46,24,20,25,30,33,,33,21,40,49,25,38,68,55,68,62,54,,60,,52,,58,51,24,31,52,32,26,40,72,70,60,78,51,43,58,96,137,109,129,47,30,31,46,69,,,,56,,
20260401,8,PM2.5,3,34,47,35,3,56,33,11,5,6,66,113,29,15,5,10,38,15,7,60,95,63,85,111,79,97,57,74,64,96,97,107,99,14,25,5,27,29,45,4,36,8,7,6,75,6,18,26,96,66,67,48,26,6,5,10,7,5,8,4,3,3,5,25,19,24,15,26,9,24,34,30,30,23,14,18,22,14,16,48,9,7,24,133,131,115,68,126,79,43,59,96,99,97,42,50,18,3,8,12,3,3,7,14,3,3,3,3,24,30,9,19,15,23,4,26,18,49,8,19,9,59,7,30,73,20,51,46,33,49,58,16,38,30,26,12,16,19,5,15,22,25,20,25,3,13,29,23,15,17,40,26,15,18,31,26,16,21,9,41,,,,,,,,,,,,,,,,,,,,,,,,,,,,,,38,58,5,19,16,19,23,9,20,17,9,8,14,7,,10,6,3,20,9,3,18,9,39,44,8,25,35,70,141,48,4,96,52,9,12,3,90,80,64,54,57,10,97,84,80,39,24,18,23,9,3,3,3,9,27,25,17,44,7,17,21,13,36,40,43,34,86,74,47,19,37,20,12,43,24,39,52,28,8,34,12,12,23,26,23,18,12,24,20,3,4,10,13,5,12,12,9,13,20,22,15,18,20,16,27,12,11,17,23,10,,6,10,12,16,10,17,16,22,,10,28,21,9,40,28,28,70,16,50,18,42,32,9,10,5,8,23,,3,6,23,21,12,15,28,22,26,36,21,,22,,15,,21,27,16,10,8,12,13,9,26,39,18,30,18,30,19,49,71,43,51,26,16,3,19,39,,,,40,,
20260401,8,PM2.5_24h,28,43,37,30,23,53,44,14,13,40,59,55,48,17,12,37,25,52,81,39,98,52,47,81,83,82,51,64,72,66,90,74,94,22,22,11,25,36,30,8,15,12,9,4,72,10,18,20,70,41,56,42,34,11,18,18,13,15,15,12,16,9,16,24,14,17,8,20,6,19,31,22,26,26,25,24,14,10,27,34,26,29,26,78,95,86,38,51,89,22,31,87,81,49,24,22,8,17,21,20,11,14,14,18,9,19,21,10,20,54,12,26,19,20,11,40,42,44,32,48,27,48,52,53,81,27,51,54,46,63,46,30,32,37,37,23,17,9,14,7,19,20,11,21,3,7,19,18,10,13,26,23,14,18,21,24,21,23,11,49,,,,,,,,,,,,,,,,,,,,,,,,,,,,,,45,54,19,19,12,25,26,15,16,14,26,9,12,10,,8,12,25,38,36,24,36,32,23,23,44,25,23,52,104,62,39,86,44,43,88,19,90,79,69,69,57,9,92,66,80,67,44,32,35,20,12,12,9,13,9,15,14,17,6,9,15,12,9,44,54,48,65,73,50,49,53,24,17,40,23,44,46,26,16,41,13,12,11,34,10,13,10,15,12,16,13,14,13,13,10,6,7,7,26,18,16,12,11,11,23,9,9,16,15,12,,4,6,11,12,11,11,10,12,,12,28,14,7,38,38,23,38,30,58,18,45,29,9,8,3,5,19,,2,5,20,14,13,16,28,22,23,35,20,,22,,16,,20,22,10,14,12,15,7,12,29,27,16,27,15,27,24,58,68,55,57,27,8,2,29,31,,,,31,,
20260401,8,PM10,18,64,100,108,123,90,98,27,35,33,110,148,66,43,20,131,67,68,30,75,125,70,125,141,105,127,81,114,67,126,138,128,113,20,33,11,32,41,66,8,43,12,8,11,129,18,27,36,134,89,71,63,34,11,12,15,13,10,11,9,7,7,10,39,36,30,31,49,14,66,70,51,79,52,22,35,46,55,164,77,105,106,22,157,179,162,113,178,119,80,103,110,141,130,58,77,29,8,26,23,9,6,7,38,6,,9,16,41,63,37,63,48,84,17,178,305,117,83,49,29,73,34,34,105,34,78,61,35,79,113,35,43,38,41,21,9,23,16,20,31,60,31,44,10,31,54,34,29,33,66,54,41,43,65,112,57,43,27,179,,,,,,,,,,,,,,,,,,,,,,,,,,,,,,71,74,11,66,87,62,55,35,90,52,40,23,50,24,,24,48,43,341,168,33,87,98,62,93,32,51,42,108,166,77,24,132,100,23,22,15,117,103,90,99,89,21,122,114,89,54,28,25,,10,11,8,7,,31,29,33,28,15,29,36,27,36,61,71,48,99,96,79,28,63,54,39,95,45,69,64,47,33,59,20,21,12,44,,35,17,29,,17,15,21,21,15,19,18,13,19,26,42,38,33,36,47,36,31,16,24,30,16,,21,11,26,19,28,34,25,36,,17,38,37,20,71,39,40,88,33,61,22,62,40,24,13,10,6,,,7,8,40,49,25,38,86,60,85,73,58,,69,,54,,66,51,24,31,53,32,26,24,94,90,70,106,52,43,66,141,224,168,207,47,30,6,46,87,,,,56,,
20260401,8,PM10_24h,58,79,74,63,71,73,83,43,34,67,91,88,77,29,24,75,43,102,128,49,123,61,75,113,108,112,72,99,70,91,127,96,106,35,34,17,33,49,40,13,19,19,11,11,120,17,24,27,107,63,69,58,42,20,28,27,22,22,26,18,25,15,27,39,29,29,21,34,16,62,58,37,68,64,31,34,34,35,64,61,59,69,30,105,132,125,69,95,126,45,66,107,109,80,40,45,13,30,33,33,20,27,22,31,14,38,37,26,33,81,33,50,45,52,35,76,90,74,71,71,113,64,91,72,111,38,74,69,62,93,77,52,45,43,45,31,20,18,30,18,31,41,18,34,9,27,43,31,24,24,66,58,36,51,63,79,70,57,45,217,,,,,,,,,,,,,,,,,,,,,,,,,,,,,,71,78,26,56,46,51,56,32,51,48,90,26,43,29,,39,52,74,84,92,67,86,69,46,54,99,91,35,77,144,90,47,102,67,65,109,30,119,103,103,109,66,18,120,97,97,84,70,42,34,27,21,21,15,17,15,21,23,19,13,22,24,25,19,63,80,74,80,91,81,67,88,42,36,71,43,70,63,39,26,69,22,21,18,47,17,21,18,24,14,28,28,29,21,23,24,14,11,20,45,41,31,25,26,40,32,30,15,27,23,31,,12,12,20,17,21,19,19,18,,14,39,30,16,73,51,33,53,45,77,24,59,39,19,18,14,21,28,,8,12,43,41,29,41,64,56,69,86,53,,60,,49,,55,48,24,33,43,43,23,31,82,80,50,99,45,49,84,182,219,205,236,72,37,12,63,66,,,,48,,
20260401,8,SO2,3,8,3,16,6,11,4,3,2,2,9,8,7,10,7,6,10,7,7,7,7,6,7,11,8,7,10,8,8,10,8,9,7,6,6,5,7,6,6,5,5,2,3,4,6,4,4,11,6,8,5,8,9,7,4,6,6,6,6,5,6,6,5,7,9,5,5,4,5,5,7,9,16,6,3,5,13,8,9,10,5,9,3,14,13,8,25,23,11,10,16,9,10,15,7,18,12,7,11,8,7,6,6,7,6,2,5,8,4,6,17,11,9,14,7,10,7,10,5,9,6,9,5,7,8,7,12,10,8,8,6,13,6,7,9,7,8,6,7,22,4,7,8,7,11,5,4,7,7,7,5,4,2,6,7,10,10,33,5,12,,,,,,,,,,,,,,,,,,,,,,,,,,,,,,6,3,6,6,11,10,17,7,16,20,7,5,11,6,,9,8,5,8,8,6,9,5,15,9,1,7,12,9,13,16,6,7,17,6,5,9,6,7,7,8,6,4,7,6,4,5,4,3,4,3,12,3,6,4,9,5,1,8,4,7,8,8,11,8,11,5,5,6,6,2,4,6,7,12,12,5,4,5,5,4,7,7,8,5,5,4,4,2,4,7,7,6,9,7,15,5,5,9,7,5,8,8,5,8,6,5,6,9,4,5,,6,5,4,19,4,9,5,3,,4,6,7,9,9,5,4,4,4,9,5,5,6,6,5,8,9,13,,6,6,6,15,5,7,8,12,11,4,7,,8,,9,,4,6,6,9,10,20,6,14,7,10,10,4,7,7,4,3,25,4,3,6,5,5,10,9,,,,8,,
20260401,8,SO2_24h,3,9,3,8,14,7,5,3,6,5,11,6,11,5,7,13,10,8,10,6,6,5,5,11,9,6,5,7,5,9,8,8,7,6,6,5,6,5,5,5,6,2,3,4,6,4,3,7,7,8,5,7,7,5,5,5,6,4,6,4,5,7,5,7,7,5,6,4,6,5,8,8,10,7,3,5,11,6,12,11,7,14,4,14,11,9,16,17,10,9,9,8,7,13,7,13,7,7,9,7,7,6,6,6,5,6,6,7,4,6,9,9,7,8,9,19,11,13,13,10,6,6,7,8,8,5,11,5,9,11,6,12,6,7,7,7,8,5,7,7,4,9,8,7,9,6,3,6,6,7,4,3,2,5,6,12,16,15,5,10,,,,,,,,,,,,,,,,,,,,,,,,,,,,,,5,3,4,4,6,9,9,7,7,17,8,5,9,8,,5,9,15,13,9,10,6,6,11,9,2,4,7,10,12,11,6,6,10,7,8,10,7,8,7,7,6,4,7,6,5,5,6,4,5,4,8,3,5,4,5,6,3,5,3,7,8,8,8,9,10,4,6,6,5,4,4,8,7,11,9,5,4,5,5,4,8,6,10,3,4,5,5,2,4,10,6,4,8,7,10,6,6,7,6,9,7,7,5,10,5,5,6,9,4,5,,6,5,6,19,4,10,8,2,,4,6,5,9,9,6,4,10,5,9,5,6,7,6,6,9,8,14,,6,6,6,13,5,7,10,12,10,4,7,,5,,8,,5,10,6,9,12,15,6,15,8,10,9,4,8,8,4,4,9,4,4,8,5,5,16,10,,,,7,,
20260401,8,NO2,11,41,23,27,8,31,36,9,23,5,56,44,10,36,22,11,36,14,8,49,40,35,60,36,36,43,40,38,28,52,37,40,22,17,23,21,20,31,31,17,13,25,13,13,34,15,21,18,54,39,34,30,30,20,13,25,22,20,22,19,10,18,17,8,28,38,21,40,10,48,43,24,35,20,23,17,47,41,12,37,7,10,15,39,54,50,64,75,30,56,62,28,38,52,42,60,21,13,10,15,12,8,9,16,14,4,12,18,20,29,22,28,26,47,16,16,10,30,8,16,7,33,8,24,61,42,41,29,27,18,35,22,22,17,23,15,14,22,11,15,17,27,24,18,17,21,42,27,12,15,38,25,27,18,42,37,11,36,4,20,,,,,,,,,,,,,,,,,,,,,,,,,,,,,,13,17,17,27,32,31,46,25,37,37,6,6,20,22,,12,9,7,13,4,9,10,10,32,35,8,21,20,30,30,24,4,26,32,6,10,3,29,27,28,24,22,10,21,24,18,23,16,21,15,19,19,12,6,14,19,22,19,13,11,19,17,10,14,16,34,32,26,35,34,19,16,21,14,22,27,18,10,20,22,27,7,22,12,8,38,16,16,18,10,18,10,15,17,15,21,18,4,11,10,36,31,26,35,39,28,27,11,17,17,16,,19,8,11,12,12,14,6,14,,7,6,20,12,22,13,30,10,7,14,13,25,15,14,11,2,4,8,,2,2,26,57,10,20,46,35,50,24,34,,19,,24,,28,24,5,2,33,5,41,1,25,35,55,15,7,20,7,24,13,49,13,19,12,2,9,21,,,,15,,
20260401,8,NO2_24h,23,46,18,30,29,23,28,9,18,27,40,30,19,25,11,30,24,32,30,33,31,33,33,35,27,36,38,33,31,33,29,22,18,18,24,22,18,18,19,14,12,20,14,12,32,16,19,20,39,28,20,22,25,19,14,10,17,12,15,18,12,13,13,11,20,26,15,17,9,31,30,15,24,26,19,21,21,21,21,19,14,32,21,27,38,30,45,51,22,29,35,22,33,40,24,35,16,11,12,11,12,7,11,8,15,15,16,14,12,17,12,23,24,35,10,28,30,34,26,24,9,27,12,39,42,28,31,22,21,18,17,22,21,18,20,11,14,12,8,9,10,25,24,11,15,14,32,17,11,12,24,20,29,14,29,13,13,24,10,21,,,,,,,,,,,,,,,,,,,,,,,,,,,,,,12,16,17,22,14,24,26,18,28,17,9,5,9,10,,9,6,17,23,21,19,22,22,22,23,11,12,12,19,26,25,12,29,18,11,22,5,26,19,20,26,22,9,16,14,16,16,11,25,17,17,13,9,7,17,11,13,15,10,12,14,16,7,14,13,19,23,20,23,21,15,15,12,14,14,14,14,10,8,11,20,8,20,15,12,19,15,15,19,9,17,9,9,13,12,12,13,6,7,8,23,25,19,26,29,19,30,10,20,12,7,,16,6,13,9,16,10,7,11,,8,8,12,8,17,10,13,8,8,18,9,15,16,8,9,4,6,11,,2,2,19,40,12,19,32,29,16,16,19,,13,,14,,23,8,2,2,12,4,20,3,20,26,21,18,11,22,14,22,14,33,15,29,12,4,19,18,,,,8,,
20260401,8,O3,63,31,55,41,63,51,37,64,12,70,28,30,86,25,50,67,58,67,70,33,28,38,14,31,24,28,53,39,65,19,35,23,51,80,77,76,73,62,70,86,116,59,59,56,59,75,30,52,35,52,51,51,13,49,51,48,53,48,55,37,69,54,63,45,21,15,13,26,87,20,18,23,27,65,20,40,22,29,62,50,71,72,37,35,25,42,24,20,39,41,19,36,46,21,62,28,24,54,54,45,61,68,71,35,75,70,54,63,23,53,37,34,28,27,61,56,65,37,79,61,70,30,74,65,6,35,25,46,75,59,25,41,24,49,44,33,7,34,64,51,30,18,17,44,25,40,35,18,13,60,27,42,10,22,18,35,85,31,81,70,,,,,,,,,,,,,,,,,,,,,,,,,,,,,,84,67,44,31,17,21,32,38,12,31,72,62,30,38,,43,92,79,59,65,79,65,59,20,20,65,57,40,52,66,73,76,56,43,76,73,76,53,48,42,48,41,62,55,57,55,48,80,40,86,68,60,45,66,61,54,29,49,78,68,55,48,55,75,74,47,50,21,26,16,77,73,30,29,40,43,65,71,35,31,30,15,14,19,55,42,37,13,11,23,51,79,67,53,68,33,30,48,65,66,16,20,29,8,4,23,9,19,18,37,34,,20,27,58,60,23,9,75,16,,11,41,25,74,36,22,15,98,75,36,60,13,15,40,65,81,97,73,,104,68,8,16,15,26,7,24,8,34,24,,78,,32,,21,41,44,63,47,62,35,129,17,16,32,67,81,53,48,46,60,3,63,41,14,98,67,48,,,,35,,
20260401,8,O3_24h,63,31,55,41,63,51,37,64,12,70,28,30,86,25,50,67,58,67,70,33,28,38,14,31,24,28,53,39,65,19,35,23,51,80,77,76,73,62,70,86,116,59,59,56,59,75,30,52,35,52,51,51,13,49,51,48,53,48,55,37,69,54,63,45,21,15,13,26,87,20,18,23,27,65,20,40,22,29,62,50,71,72,37,35,25,42,24,20,39,41,19,36,46,21,62,28,24,54,54,45,61,68,71,35,75,70,54,63,23,53,37,34,28,27,61,56,65,37,79,61,70,30,74,65,6,35,25,46,75,59,25,41,24,49,44,33,7,34,64,51,30,18,17,44,25,40,35,18,13,60,27,42,10,22,18,35,85,31,81,70,,,,,,,,,,,,,,,,,,,,,,,,,,,,,,84,67,44,31,17,21,32,38,12,31,72,62,30,38,,43,92,79,59,65,79,65,59,20,20,65,57,40,52,66,73,76,56,43,76,73,76,53,48,42,48,41,62,55,57,55,48,80,40,86,68,60,45,66,61,54,29,49,78,68,55,48,55,75,74,47,50,21,26,16,77,73,30,29,40,43,65,71,35,31,30,15,14,19,55,42,37,13,11,23,51,79,67,53,68,33,30,48,65,66,16,20,29,8,4,23,9,19,18,37,34,,20,27,58,60,23,9,75,16,,11,41,25,74,36,22,15,98,75,36,60,13,15,40,65,81,97,73,,104,68,8,16,15,26,7,24,8,34,24,,78,,32,,21,41,44,63,47,62,35,129,17,16,32,67,81,53,48,46,60,3,63,41,14,98,67,48,,,,35,,
20260401,8,O3_8h,54,18,58,18,44,53,33,67,10,38,21,36,63,26,59,57,68,68,70,36,34,31,18,48,38,22,29,42,47,10,45,41,53,85,83,82,85,64,78,101,100,68,69,64,41,86,44,50,39,71,78,56,17,52,40,49,55,52,56,44,58,63,72,49,25,29,19,43,95,26,27,41,34,64,17,25,38,40,67,65,61,49,48,42,34,55,17,14,61,70,20,43,41,29,81,38,44,41,50,44,60,48,75,40,75,54,49,45,39,73,51,36,20,26,71,56,39,22,61,54,81,19,76,25,7,55,30,52,85,69,50,39,34,64,46,45,12,55,62,60,30,27,24,66,31,49,34,42,19,75,44,46,7,33,17,42,80,42,86,67,,,,,,,,,,,,,,,,,,,,,,,,,,,,,,92,65,56,28,32,22,38,45,16,64,52,62,49,52,,42,96,76,56,58,73,63,44,24,26,66,65,40,29,58,64,61,56,51,83,70,77,55,67,50,24,31,75,67,70,53,68,85,41,58,83,62,49,61,74,67,39,79,87,74,68,47,68,73,86,60,46,35,31,18,91,75,43,34,61,66,88,82,87,38,37,19,12,14,57,41,26,10,9,21,58,81,73,63,71,42,41,62,77,58,37,26,41,15,8,35,7,33,19,43,53,,25,33,47,58,20,20,78,22,,10,52,39,80,42,36,38,96,78,48,69,27,22,60,69,84,102,81,,109,78,21,4,25,32,11,26,36,48,42,,87,,51,,26,67,50,73,60,63,51,124,33,20,45,75,72,66,55,56,60,10,56,32,31,95,77,41,,,,61,,
20260401,8,O3_8h_24h,54,18,58,18,44,53,33,67,10,38,21,36,63,26,59,57,68,68,70,32,34,31,18,48,38,22,29,42,47,10,45,41,53,85,83,82,85,64,78,101,100,68,69,64,41,86,30,50,39,71,78,56,17,52,40,49,55,52,54,44,58,63,72,49,25,29,19,43,95,26,27,41,34,64,17,25,38,40,67,65,61,49,48,42,34,55,17,14,61,70,20,43,41,29,87,38,44,41,50,44,60,48,75,40,75,54,49,45,39,73,51,36,20,26,71,56,39,22,61,48,73,19,76,25,7,55,30,52,85,69,50,39,34,64,46,45,12,55,62,60,30,27,24,66,31,49,34,42,19,75,44,46,7,33,17,42,80,42,86,67,,,,,,,,,,,,,,,,,,,,,,,,,,,,,,92,65,41,28,32,22,38,45,16,64,52,62,49,52,,42,96,76,56,58,73,63,44,24,26,66,65,40,29,58,64,61,56,51,83,70,77,55,67,50,24,31,75,67,70,53,68,85,41,58,83,62,49,61,74,67,39,61,87,74,68,47,68,73,86,60,46,35,31,18,91,75,43,34,61,66,88,82,72,38,37,19,12,14,57,41,26,10,9,21,58,81,73,63,71,42,41,62,77,58,37,26,41,15,8,35,7,33,19,43,53,,25,33,47,58,20,20,78,22,,10,52,39,80,42,36,38,96,78,48,69,27,22,60,69,84,102,81,,109,78,21,4,25,32,11,26,36,48,42,,87,,51,,26,67,50,73,60,63,51,124,33,20,45,75,72,66,55,56,60,10,56,32,31,95,77,41,,,,61,,
20260401,8,CO,0.28,0.63,0.62,1.08,0.25,1.13,0.43,0.33,0.30,0.22,0.53,0.73,0.50,0.72,0.46,0.45,0.67,0.39,0.55,0.76,1.06,0.81,1.03,0.90,0.82,1.00,1.06,0.79,0.80,0.93,0.82,0.96,0.70,0.53,0.50,0.37,0.46,0.65,0.67,0.40,0.50,0.57,0.50,0.40,0.82,0.40,0.47,0.68,1.01,0.80,0.64,0.64,0.82,0.73,0.61,0.57,0.60,0.60,0.65,0.77,0.53,0.47,0.60,0.45,0.64,0.71,0.67,0.71,0.42,0.48,1.00,0.90,0.96,0.49,0.72,0.68,1.06,0.52,0.72,0.70,0.23,0.32,0.67,0.99,1.02,0.93,1.12,1.20,0.98,0.68,0.80,0.85,1.05,1.44,0.60,1.10,0.90,0.77,0.57,0.77,0.75,0.60,0.55,0.77,0.55,0.50,0.70,0.60,0.60,0.60,1.11,0.67,0.68,0.86,0.38,0.74,0.43,1.16,0.32,0.68,0.30,0.77,0.30,0.58,0.97,0.78,0.79,0.90,0.68,0.73,0.77,0.38,0.47,0.60,0.75,0.88,0.60,0.80,0.75,0.67,0.55,0.65,0.80,0.77,0.70,0.57,0.67,0.50,0.55,0.78,0.67,0.55,0.50,0.40,0.40,1.20,0.63,0.86,0.34,0.40,,,,,,,,,,,,,,,,,,,,,,,,,,,,,,0.45,0.50,0.60,0.87,0.47,0.40,2.80,0.43,0.47,0.67,0.43,0.30,0.50,0.38,,0.30,0.50,0.30,0.47,0.30,0.37,0.40,0.40,0.85,1.10,0.40,0.45,0.47,0.73,0.97,0.43,0.33,0.55,0.73,0.25,0.35,0.20,0.65,0.68,0.70,0.82,0.72,0.45,0.80,0.84,0.53,0.53,0.13,1.07,0.37,0.73,1.07,0.70,0.70,0.45,0.77,0.90,0.80,0.55,0.50,0.95,0.88,0.78,0.65,0.54,0.68,0.55,0.65,0.78,0.73,0.47,0.37,1.15,0.67,0.80,0.70,0.60,0.50,0.65,0.80,0.77,0.50,1.40,0.70,1.10,0.50,0.60,0.40,1.15,0.30,0.40,0.53,0.75,0.63,0.63,0.60,0.80,0.60,0.80,0.60,0.70,0.65,0.50,0.60,0.70,0.82,0.47,0.40,0.70,0.55,0.20,,0.35,0.50,0.37,0.60,0.60,0.55,0.45,0.65,,0.70,0.35,0.40,0.55,0.70,0.70,0.60,0.60,0.45,0.75,0.45,0.75,0.70,0.60,0.55,0.30,0.35,0.50,,0.25,0.55,0.73,0.80,0.40,0.45,1.35,0.55,0.80,0.50,0.60,,0.45,,0.85,,0.60,0.80,0.40,0.40,0.40,0.50,0.50,0.30,0.73,0.60,0.85,0.75,0.10,0.65,0.30,0.35,0.20,0.95,0.45,0.80,0.90,0.30,0.60,0.75,,,,0.75,,
20260401,8,CO_24h,0.46,0.65,0.58,0.64,0.70,0.68,0.47,0.33,0.45,0.43,0.55,0.50,0.95,0.42,0.36,0.79,0.64,0.60,0.62,0.55,0.93,0.80,0.67,0.96,0.68,0.80,0.99,0.73,0.78,0.72,0.88,0.84,0.60,0.60,0.49,0.40,0.46,0.70,0.63,0.40,0.50,0.53,0.40,0.45,0.80,0.45,0.38,0.60,0.79,0.63,0.56,0.61,0.74,0.65,0.54,0.50,0.50,0.45,0.40,0.67,0.47,0.40,0.66,0.40,0.51,0.51,0.57,0.52,0.43,0.42,0.67,0.70,0.52,0.47,0.45,0.65,0.60,0.32,0.70,0.60,0.43,0.65,0.63,0.59,0.82,0.80,0.60,0.80,0.80,0.43,0.53,0.77,0.62,1.04,0.50,0.63,0.67,0.70,0.57,0.70,0.70,0.50,0.55,0.57,0.45,0.60,0.70,0.55,0.37,0.50,0.53,0.52,0.55,0.58,0.38,1.28,0.80,1.26,0.66,0.85,0.40,0.60,0.35,0.92,0.90,0.70,0.70,0.55,0.65,0.87,0.60,0.42,0.40,0.60,0.68,0.82,0.50,0.70,0.67,0.60,0.50,0.52,0.75,0.65,0.70,0.47,0.50,0.40,0.45,0.63,0.53,0.35,0.45,0.34,0.30,0.40,0.70,0.64,0.36,0.40,,,,,,,,,,,,,,,,,,,,,,,,,,,,,,0.38,0.50,0.50,0.50,0.30,0.35,0.80,0.37,0.37,0.43,0.47,0.20,0.35,0.28,,0.20,0.50,0.55,0.93,0.55,0.70,0.33,0.50,0.65,0.95,0.45,0.30,0.37,0.57,0.90,0.70,0.47,0.55,0.47,0.45,0.70,0.35,0.67,0.64,0.60,0.88,0.60,0.45,0.70,0.66,0.53,0.55,0.20,0.95,0.37,0.70,1.10,0.65,0.65,0.45,0.60,0.77,0.53,0.50,0.56,0.85,0.83,0.83,0.55,0.54,0.57,0.60,0.55,0.66,0.68,0.43,0.47,1.00,0.67,0.74,0.63,0.60,0.40,0.53,0.80,0.67,0.50,0.85,0.75,0.90,0.50,0.53,0.35,0.60,0.35,0.40,0.50,0.67,0.67,0.60,0.55,0.73,0.60,0.85,0.60,0.70,0.60,0.40,0.55,0.45,0.65,0.33,0.35,0.65,0.45,0.20,,0.30,0.45,0.40,0.57,0.60,0.50,0.45,0.55,,0.60,0.30,0.30,0.55,0.55,0.55,0.50,0.40,0.40,0.75,0.40,0.60,0.70,0.50,0.45,0.25,0.30,0.50,,0.25,0.55,0.57,0.37,0.40,0.45,0.50,0.50,0.30,0.40,0.40,,0.40,,0.70,,0.45,0.60,0.30,0.30,0.30,0.40,0.40,0.40,0.53,0.40,0.45,0.75,0.20,0.55,0.30,0.30,0.20,0.60,0.50,0.90,0.50,0.20,0.75,0.60,,,,0.65,,
20260401,9,AQI,21,58,72,76,86,66,67,23,16,36,62,109,64,51,21,84,70,53,43,78,133,64,113,144,99,133,56,85,81,133,118,163,125,28,39,25,34,29,37,28,44,18,21,18,95,24,30,41,123,95,111,68,46,18,16,15,19,20,17,16,21,21,21,39,36,43,32,51,26,58,67,53,66,51,39,33,49,56,97,64,66,72,24,161,164,153,109,184,104,63,85,129,156,134,49,86,31,18,19,26,24,22,22,29,25,22,17,25,59,44,44,54,54,70,23,100,150,121,61,53,27,71,34,41,83,34,71,81,66,76,76,37,53,71,38,21,26,33,20,20,38,52,31,50,14,32,52,40,27,37,60,51,41,43,64,109,59,43,30,119,,,,,,,,,,,,,,,,,,,,,,,,,,,,,,56,10,17,60,66,61,58,44,68,55,37,25,60,24,,28,53,37,167,85,36,60,63,65,77,37,30,46,118,100,110,24,125,85,28,39,24,123,104,88,66,81,25,126,94,90,55,44,29,29,21,21,19,26,21,54,37,50,58,24,34,38,41,54,59,70,53,121,78,65,50,57,56,43,70,56,66,74,63,47,59,19,33,40,33,43,29,33,64,27,21,24,22,24,22,38,24,15,23,36,51,35,40,40,47,43,39,17,26,33,26,,32,19,29,19,22,33,34,32,,12,55,58,22,71,58,63,88,31,75,27,59,43,33,20,23,29,34,,33,18,52,54,44,50,63,55,77,65,55,,60,,53,,60,57,26,28,51,71,32,41,77,74,61,81,56,47,55,111,139,118,152,56,33,28,40,65,,,,56,,
20260401,9,PM2.5,3,35,35,18,3,48,14,9,3,4,38,82,34,15,7,11,51,22,12,57,101,46,85,110,74,101,40,63,60,101,89,124,95,10,27,4,24,20,26,3,31,9,3,4,71,4,20,29,93,71,84,49,32,6,4,10,7,6,8,4,3,3,5,25,23,30,14,32,14,23,41,34,33,21,27,23,22,9,14,46,11,4,16,123,125,117,82,139,78,39,63,98,119,102,33,64,21,4,10,14,3,3,7,13,3,3,3,3,42,26,9,18,18,21,3,20,16,37,8,25,8,52,7,29,61,14,52,60,48,56,52,16,37,52,26,9,18,19,9,11,24,25,22,27,4,13,28,23,15,22,39,27,20,18,40,46,17,14,11,43,,,,,,,,,,,,,,,,,,,,,,,,,,,,,,34,,3,18,15,23,24,7,16,21,7,6,10,5,,5,5,3,14,10,3,15,6,43,46,3,20,31,89,75,83,4,95,58,6,27,7,93,78,65,43,60,5,96,70,67,38,31,20,14,10,3,3,3,10,38,26,35,41,8,24,25,29,38,38,51,32,92,57,39,35,38,40,7,40,40,48,54,45,33,39,12,19,28,23,30,20,23,43,19,6,4,13,11,7,18,17,3,10,15,32,11,20,23,16,28,15,11,18,23,18,,8,13,16,13,9,20,24,21,,8,39,36,7,41,41,45,65,22,55,19,42,30,21,12,11,5,24,,3,5,22,24,25,17,30,21,27,32,22,,23,,18,,29,26,17,10,14,52,14,7,28,50,17,40,17,26,17,56,69,49,59,22,11,3,18,41,,,,40,,
20260401,9,PM2.5_24h,27,44,38,30,23,53,43,14,13,39,60,58,47,16,11,36,26,49,79,40,98,52,49,83,83,84,51,65,73,69,89,76,95,22,23,10,25,36,30,7,16,12,9,4,72,9,18,20,72,43,57,42,34,11,17,18,12,15,15,11,15,8,15,24,14,18,9,20,7,19,31,22,26,25,25,24,14,10,26,36,26,29,24,82,98,89,41,55,89,23,32,87,83,52,24,24,7,16,20,20,10,14,14,18,9,18,19,8,20,53,11,24,17,19,10,38,42,44,31,46,27,49,44,52,80,26,49,55,47,63,47,27,32,38,36,22,16,10,14,7,19,20,12,21,3,7,19,18,11,14,27,23,13,18,21,25,21,22,11,49,,,,,,,,,,,,,,,,,,,,,,,,,,,,,,44,55,19,17,12,20,26,14,16,13,24,9,12,10,,7,11,23,36,35,23,35,31,24,25,39,24,23,53,105,64,38,87,43,42,85,18,90,79,69,69,58,9,92,66,80,66,44,31,34,19,11,11,8,12,11,16,15,18,6,10,16,13,10,43,54,47,67,73,49,49,52,26,17,39,24,44,45,27,17,40,13,13,12,33,11,14,11,16,13,15,12,14,11,13,9,6,7,6,24,19,15,12,12,11,23,9,9,16,16,11,,4,6,12,12,11,12,11,13,,12,28,15,7,38,38,23,39,28,58,18,44,29,9,8,4,5,18,,2,5,20,14,14,16,28,22,24,35,20,,22,,16,,20,22,10,13,12,16,7,11,28,27,16,28,15,27,24,59,69,55,57,27,8,2,29,31,,,,31,,
20260401,9,PM10,17,65,94,101,122,80,84,17,16,36,74,133,77,51,21,118,87,56,43,72,135,53,132,138,102,138,60,106,64,130,129,146,111,15,33,9,27,28,28,6,34,14,6,10,122,11,30,39,138,94,97,64,32,12,12,15,13,20,16,10,7,8,11,39,36,32,32,51,20,65,83,55,82,51,37,33,49,61,144,75,81,93,24,153,177,164,125,182,126,75,113,112,166,136,49,89,31,10,19,26,8,6,10,29,6,7,15,18,48,44,44,58,58,90,20,150,249,191,72,55,27,83,34,35,102,34,87,83,62,92,102,37,44,,38,21,9,33,20,20,38,54,30,50,14,32,53,40,27,37,70,52,41,43,77,168,67,43,30,187,,,,,,,,,,,,,,,,,,,,,,,,,,,,,,62,,11,69,82,72,66,44,85,60,37,25,69,24,,28,56,37,284,120,36,69,76,79,103,37,30,46,115,94,131,20,127,119,28,35,11,125,96,99,82,77,12,122,106,80,60,37,26,18,13,12,12,12,16,45,36,36,,17,31,38,25,40,68,80,55,117,89,80,45,63,59,43,89,51,70,63,53,40,68,19,33,,,,27,18,78,,9,23,21,24,17,38,19,14,23,36,51,35,40,40,47,43,39,17,25,32,,,32,12,29,18,22,33,25,32,,12,39,65,22,91,50,47,80,30,69,26,63,38,33,20,22,12,,,8,14,53,57,44,50,75,60,104,79,60,,69,,55,,69,63,26,28,52,76,32,26,104,97,71,111,61,47,60,171,228,185,253,61,33,6,40,79,,,,57,,
20260401,9,PM10_24h,56,80,75,66,74,74,84,43,33,67,91,91,78,28,24,78,45,97,126,51,124,61,78,115,107,115,72,100,71,94,126,98,106,34,34,16,33,48,40,13,20,19,11,11,120,16,24,27,110,64,70,58,42,19,28,27,22,22,26,17,24,14,25,40,30,29,22,34,16,62,58,38,67,63,32,35,34,36,67,63,61,69,28,110,135,128,72,98,125,46,67,108,112,83,41,47,12,28,32,33,20,27,21,31,13,36,34,25,33,79,33,49,44,53,34,78,98,79,71,70,117,66,82,70,111,38,73,69,62,93,78,49,45,42,45,32,20,19,28,17,31,41,20,34,9,27,44,31,24,25,67,58,36,52,64,83,70,56,44,216,,,,,,,,,,,,,,,,,,,,,,,,,,,,,,70,79,26,54,48,46,55,33,53,47,89,26,45,29,,39,53,73,92,98,66,85,69,46,56,93,89,35,79,142,93,47,103,68,64,106,29,119,102,102,109,66,18,119,97,95,84,68,41,33,26,20,20,14,16,16,22,23,20,13,22,24,25,19,63,80,73,82,91,80,66,87,43,36,71,44,69,62,39,26,68,22,22,18,45,17,21,18,26,14,25,28,28,19,22,23,14,11,19,44,41,31,26,28,40,33,30,15,27,23,29,,13,12,21,17,21,20,19,19,,14,39,32,16,72,50,34,53,44,76,24,59,40,19,19,14,20,26,,8,12,44,41,29,42,66,57,69,85,52,,60,,49,,55,49,25,33,43,42,23,31,83,79,51,100,46,49,84,182,221,204,236,73,37,12,63,67,,,,48,,
20260401,9,SO2,3,11,3,12,6,9,3,3,2,3,5,9,6,13,7,7,11,7,7,7,9,6,9,13,10,9,8,9,8,12,8,9,7,6,5,5,7,6,6,6,6,3,3,4,6,4,4,11,8,11,9,8,5,7,4,7,6,5,6,5,6,7,7,7,10,5,6,5,5,6,9,15,22,6,5,5,16,10,9,10,5,9,3,16,16,10,26,25,12,11,22,11,15,13,8,19,14,7,14,11,7,6,6,7,6,2,4,7,5,6,21,14,9,13,5,11,8,9,5,9,5,7,5,7,10,7,15,14,8,12,9,16,6,9,9,8,8,7,7,14,4,7,9,9,17,6,5,8,7,7,9,4,3,5,8,12,11,30,5,11,,,,,,,,,,,,,,,,,,,,,,,,,,,,,,6,4,6,10,12,13,15,7,26,27,7,5,8,11,,9,9,6,8,7,5,7,5,16,8,2,5,13,10,10,9,6,7,14,6,5,9,7,7,8,10,5,4,7,7,4,5,5,3,5,3,12,3,6,4,8,5,2,7,4,8,8,8,14,11,13,6,5,7,7,2,4,8,7,15,16,4,4,6,5,13,7,9,7,7,7,4,4,4,4,8,7,6,9,6,33,5,6,11,8,26,8,9,6,10,7,6,7,9,4,5,,6,6,4,16,4,11,6,3,,5,6,8,9,9,5,5,4,5,9,5,5,7,6,5,8,9,13,,6,7,7,15,36,8,17,11,11,5,8,,5,,12,,4,10,8,9,13,24,8,14,12,11,10,4,8,8,4,4,24,5,3,8,5,5,10,9,,,,7,,
20260401,9,SO2_24h,3,10,3,8,13,7,5,3,6,5,11,6,11,5,7,12,10,8,10,6,6,5,5,11,9,6,6,8,5,9,8,8,7,6,6,5,6,5,5,5,6,2,3,4,6,4,3,7,7,8,5,7,7,5,5,5,6,4,6,4,5,7,5,7,7,5,6,4,5,5,8,8,10,7,3,5,11,6,11,11,7,14,4,14,11,9,17,17,10,9,9,8,7,13,7,13,7,6,9,7,7,6,6,6,5,5,6,7,4,6,9,10,7,8,8,18,11,12,12,10,6,6,7,8,8,5,11,5,9,11,6,12,6,7,7,7,8,5,7,8,4,9,8,7,9,6,3,6,7,7,5,3,2,5,6,13,16,16,5,10,,,,,,,,,,,,,,,,,,,,,,,,,,,,,,5,3,4,4,6,9,9,7,8,15,8,5,9,8,,5,9,14,13,9,9,6,6,10,9,2,4,7,10,12,11,6,7,10,7,8,10,7,8,7,7,6,4,7,7,5,5,6,4,5,4,9,3,5,4,5,6,3,5,3,7,8,8,8,9,10,4,6,6,5,4,4,8,7,11,9,5,4,5,5,4,8,6,10,4,5,5,5,2,4,10,6,5,8,7,11,6,6,7,7,9,7,7,5,10,5,5,6,9,4,5,,6,5,6,19,4,10,8,2,,4,6,5,9,9,6,4,10,5,9,5,6,7,6,6,9,8,14,,6,6,6,11,6,7,10,12,10,4,7,,5,,8,,4,11,6,9,12,15,6,15,9,10,9,4,8,8,4,4,9,4,4,8,5,5,16,10,,,,7,,
20260401,9,NO2,9,36,18,12,4,23,22,8,14,4,34,36,8,34,17,11,30,12,8,43,35,22,51,38,32,29,22,30,24,39,31,36,19,17,20,19,19,22,23,15,15,28,13,14,31,13,22,19,49,40,28,24,28,16,14,25,18,24,24,16,10,15,16,9,26,41,25,31,13,39,46,27,33,27,27,18,36,36,11,34,6,9,16,30,50,30,61,66,24,43,57,29,35,51,23,58,17,14,14,17,10,9,9,14,14,5,13,14,21,20,19,26,26,47,12,13,9,16,8,14,5,31,6,17,48,32,37,27,24,21,28,19,26,18,17,12,17,16,13,12,16,25,25,20,21,24,35,25,14,15,30,29,25,15,36,59,12,26,10,30,,,,,,,,,,,,,,,,,,,,,,,,,,,,,,12,19,18,26,27,29,32,23,30,31,5,6,10,15,,10,10,7,11,5,7,7,8,31,40,6,8,24,27,11,20,4,19,28,6,10,2,24,18,28,18,16,7,19,17,18,25,16,20,11,17,14,10,5,18,18,21,17,11,11,16,16,9,15,16,23,29,23,26,23,16,17,22,12,17,20,20,11,15,13,23,8,22,14,10,35,20,13,20,8,19,11,15,17,13,26,17,6,11,10,32,22,31,38,43,23,26,11,16,15,11,,23,14,12,14,13,15,7,14,,6,13,16,16,31,13,28,10,9,17,12,26,13,22,14,4,6,11,,2,9,22,50,14,20,43,30,43,30,36,,19,,21,,28,27,7,1,45,14,41,1,26,36,44,32,9,27,11,39,20,51,14,26,8,8,23,22,,,,11,,
20260401,9,NO2_24h,21,45,17,29,27,23,28,8,18,26,40,31,18,25,11,29,24,30,29,34,32,33,35,35,27,36,38,33,32,34,29,23,18,18,25,21,18,19,19,14,12,21,14,12,32,16,19,20,40,28,20,22,26,19,14,10,17,13,15,18,11,12,12,11,21,27,16,18,8,32,31,15,24,26,20,21,21,22,20,19,13,29,20,28,39,29,46,51,21,29,36,22,32,41,24,36,16,11,12,11,12,7,11,9,14,15,14,13,12,17,12,24,25,36,10,26,29,33,24,23,9,27,11,39,43,29,32,22,21,18,18,22,21,18,20,11,14,12,8,9,10,24,24,10,15,14,32,17,11,12,25,20,29,14,29,16,13,24,9,20,,,,,,,,,,,,,,,,,,,,,,,,,,,,,,12,16,16,22,14,24,26,18,28,16,8,5,9,9,,9,6,16,22,20,17,21,21,22,23,11,11,12,19,25,25,11,29,18,11,21,4,25,19,20,26,22,9,16,14,15,16,11,25,17,17,12,9,6,17,11,13,15,10,11,14,16,7,14,13,19,23,20,24,22,14,16,12,14,14,14,14,10,9,11,20,8,20,16,12,20,15,16,20,9,17,9,9,12,11,12,14,6,7,8,23,26,19,27,29,19,30,10,20,12,7,,16,6,13,9,16,10,7,11,,8,7,12,8,16,10,13,7,7,17,9,15,16,8,9,4,6,10,,2,2,20,41,12,19,33,29,16,16,20,,13,,13,,23,8,2,1,13,4,21,3,20,26,21,18,10,22,15,23,16,34,15,30,12,4,20,17,,,,8,,
20260401,9,O3,68,42,64,59,74,67,49,73,48,72,45,49,94,35,61,68,54,75,79,54,49,74,48,37,55,61,89,60,75,42,52,44,68,91,91,81,80,94,99,91,115,56,67,58,69,77,37,53,60,61,60,67,24,56,52,46,60,45,55,50,67,68,66,46,29,21,18,45,84,37,24,24,37,57,23,46,44,42,65,57,74,75,47,74,49,81,48,51,67,65,42,50,68,35,94,58,37,56,51,42,76,69,71,45,80,70,53,79,26,86,51,56,32,34,73,64,70,58,80,70,77,46,80,82,35,55,37,59,83,63,43,49,31,49,61,50,11,53,60,56,41,30,20,48,22,40,39,25,15,62,51,49,20,34,31,25,90,48,73,62,,,,,,,,,,,,,,,,,,,,,,,,,,,,,,87,,53,42,40,29,52,44,28,41,75,68,50,62,,54,93,80,66,67,83,73,70,32,30,69,73,42,75,87,99,76,80,58,75,84,76,71,66,67,64,57,81,68,78,64,56,84,50,94,68,67,60,82,67,68,35,61,93,78,65,58,72,76,77,75,73,38,52,46,96,77,50,37,51,63,59,80,60,54,45,23,21,23,79,46,23,15,14,27,68,78,69,57,69,33,54,47,74,64,31,35,29,6,11,28,17,15,28,38,45,,18,22,60,58,25,17,76,17,,15,40,38,71,38,26,26,95,73,35,64,14,17,40,61,72,94,71,,107,58,22,31,21,32,21,34,24,24,26,,82,,36,,33,41,42,66,36,64,39,130,24,22,46,51,78,50,49,25,48,9,55,36,14,91,57,44,,,,39,,
20260401,9,O3_24h,68,42,64,59,74,67,49,73,48,72,45,49,94,35,61,68,54,75,79,54,49,74,48,37,55,61,89,60,75,42,52,44,68,91,91,81,80,94,99,91,115,56,67,58,69,77,37,53,60,61,60,67,24,56,52,46,60,45,55,50,67,68,66,46,29,21,18,45,84,37,24,24,37,57,23,46,44,42,65,57,74,75,47,74,49,81,48,51,67,65,42,50,68,35,94,58,37,56,51,42,76,69,71,45,80,70,53,79,26,86,51,56,32,34,73,64,70,58,80,70,77,46,80,82,35,55,37,59,83,63,43,49,31,49,61,50,11,53,60,56,41,30,20,48,22,40,39,25,15,62,51,49,20,34,31,25,90,48,73,62,,,,,,,,,,,,,,,,,,,,,,,,,,,,,,87,,53,42,40,29,52,44,28,41,75,68,50,62,,54,93,80,66,67,83,73,70,32,30,69,73,42,75,87,99,76,80,58,75,84,76,71,66,67,64,57,81,68,78,64,56,84,50,94,68,67,60,82,67,68,35,61,93,78,65,58,72,76,77,75,73,38,52,46,96,77,50,37,51,63,59,80,60,54,45,23,21,23,79,46,23,15,14,27,68,78,69,57,69,33,54,47,74,64,31,35,29,6,11,28,17,15,28,38,45,,18,22,60,58,25,17,76,17,,15,40,38,71,38,26,26,95,73,35,64,14,17,40,61,72,94,71,,107,58,22,31,21,32,21,34,24,24,26,,82,,36,,33,41,42,66,36,64,39,130,24,22,46,51,78,50,49,25,48,9,55,36,14,91,57,44,,,,39,,
20260401,9,O3_8h,57,21,59,23,46,54,34,67,13,43,22,37,67,27,59,58,69,70,70,38,36,34,20,48,38,27,37,44,51,13,46,41,54,86,84,82,85,66,79,101,102,68,71,64,44,86,45,50,42,71,78,57,18,52,42,50,55,52,57,45,63,64,72,50,26,29,19,43,95,26,27,41,34,66,18,28,38,42,68,65,63,57,48,43,35,56,20,18,62,70,21,43,44,29,81,39,44,44,51,45,62,50,75,41,75,59,51,48,39,73,51,38,23,28,72,56,42,26,67,51,73,21,76,32,8,56,30,53,85,69,50,40,34,64,50,46,12,55,62,60,32,27,25,66,31,49,36,42,20,75,45,47,9,33,17,42,83,43,87,68,,,,,,,,,,,,,,,,,,,,,,,,,,,,,,93,65,60,30,32,23,42,45,17,64,52,62,49,52,,42,96,80,57,58,76,64,51,25,26,67,66,40,33,61,70,64,56,51,83,70,77,56,68,52,30,32,75,68,71,53,68,87,44,62,83,63,51,63,75,67,39,79,87,74,68,48,68,75,86,60,49,35,31,19,93,77,44,35,61,66,88,82,72,41,37,19,13,14,58,42,26,10,10,22,59,81,73,63,71,42,41,62,77,60,38,28,41,15,8,35,9,33,20,43,53,,25,33,50,58,21,20,78,22,,10,52,39,80,42,36,38,98,78,48,69,27,22,60,69,84,102,81,,109,78,21,8,25,32,12,27,36,48,42,,87,,51,,28,67,50,73,60,64,51,126,33,20,45,75,73,67,55,56,60,10,58,35,31,95,77,41,,,,61,,
20260401,9,O3_8h_24h,57,21,58,23,46,53,34,67,12,43,21,36,67,27,59,58,66,69,69,32,34,34,20,46,38,27,37,44,51,12,46,38,54,85,84,81,82,64,79,99,102,67,70,61,45,84,32,49,40,68,74,57,17,52,42,49,55,51,55,45,63,64,71,48,25,25,17,40,92,25,25,37,33,64,17,28,35,42,66,62,63,57,47,43,33,55,20,18,59,67,20,41,43,25,86,38,40,44,51,44,62,50,75,39,75,59,51,48,36,73,49,37,23,28,71,55,42,26,67,51,73,21,76,32,8,55,29,53,82,68,45,39,31,62,50,44,11,54,62,58,32,24,24,61,28,46,35,36,20,71,45,46,9,32,14,41,83,43,85,67,,,,,,,,,,,,,,,,,,,,,,,,,,,,,,92,63,46,30,30,23,42,43,17,61,75,62,47,52,,42,95,80,57,58,76,63,51,24,26,67,66,38,33,60,70,64,56,50,79,70,76,56,67,52,30,31,74,67,71,53,62,87,44,62,81,63,51,63,74,66,37,60,86,73,65,48,67,75,85,58,49,33,31,19,93,77,43,34,57,65,82,80,68,41,34,18,12,12,58,41,24,10,9,22,58,80,71,61,71,40,40,60,75,60,36,27,34,13,6,31,9,30,20,39,51,,23,31,50,58,21,20,76,21,,10,49,37,78,41,34,32,98,77,45,67,23,20,55,68,81,101,80,,108,75,19,8,24,31,12,27,33,46,39,,86,,48,,28,60,49,70,58,64,49,126,28,20,42,73,73,66,53,53,59,7,58,35,27,95,75,40,,,,56,,
20260401,9,CO,0.27,0.76,0.54,0.83,0.20,0.88,0.33,0.30,0.25,0.22,0.38,0.60,0.55,0.87,0.40,0.45,0.72,0.38,0.62,0.73,1.19,0.70,0.98,0.87,0.78,1.14,0.87,0.79,0.72,0.97,0.78,0.92,0.67,0.51,0.46,0.37,0.44,0.63,0.60,0.40,0.50,0.60,0.50,0.45,0.80,0.42,0.50,0.70,0.97,0.87,0.77,0.61,0.90,0.74,0.64,0.57,0.60,0.60,0.65,0.73,0.50,0.47,0.59,0.52,0.62,0.78,0.67,0.72,0.48,0.44,1.10,1.10,1.06,0.56,1.07,0.70,0.94,0.44,0.52,0.70,0.23,0.32,0.70,0.81,0.94,0.87,1.06,1.07,0.94,0.55,0.88,0.85,1.45,1.36,0.45,1.05,0.90,0.80,0.63,0.83,0.70,0.60,0.55,0.70,0.55,0.50,0.77,0.55,0.67,0.40,1.24,0.73,0.68,0.88,0.38,0.68,0.42,0.76,0.40,0.73,0.30,0.75,0.28,0.60,0.70,0.76,0.85,1.20,0.73,0.83,0.80,0.38,0.45,0.70,0.72,0.83,0.60,0.77,0.75,0.54,0.60,0.63,0.85,0.83,0.70,0.60,0.65,0.45,0.55,0.78,0.63,0.50,0.50,0.42,0.45,1.40,0.67,0.78,0.42,0.50,,,,,,,,,,,,,,,,,,,,,,,,,,,,,,0.47,0.50,0.60,1.53,0.40,0.45,2.33,0.40,0.50,0.77,0.43,0.20,0.50,0.43,,0.30,0.55,0.33,0.47,0.35,0.37,0.23,0.30,1.00,1.20,0.40,0.35,0.50,0.73,0.47,0.57,0.35,0.50,0.63,0.25,0.40,0.20,0.66,0.62,0.65,0.70,0.67,0.45,0.80,0.78,0.50,0.50,0.23,1.05,0.33,0.70,0.90,0.65,0.60,0.45,0.77,0.90,0.75,0.60,0.50,0.95,0.88,0.80,0.65,0.80,0.62,0.55,0.67,0.64,0.65,0.47,0.37,1.03,0.67,0.76,0.63,0.55,0.50,0.53,0.70,0.80,0.50,1.80,0.75,1.10,0.55,0.60,0.40,1.35,0.30,0.40,0.53,0.72,0.67,0.63,0.65,0.83,0.60,0.90,0.60,1.00,0.80,0.57,0.68,0.70,0.83,0.45,0.45,0.70,0.55,0.30,,0.40,0.55,0.37,0.60,0.65,0.60,0.45,0.65,,0.70,0.45,0.50,0.60,0.85,0.70,0.70,0.60,0.50,0.75,0.45,0.80,0.65,0.75,0.55,0.35,0.35,0.50,,0.25,0.60,0.67,0.87,0.40,0.50,1.15,0.65,0.80,0.60,0.55,,0.45,,0.90,,1.00,1.00,0.40,0.30,1.20,0.90,0.60,0.30,0.90,0.80,0.75,0.90,0.10,0.80,0.25,0.55,0.25,1.00,0.50,0.80,0.60,0.30,0.60,0.75,,,,0.70,,
20260401,9,CO_24h,0.45,0.65,0.56,0.64,0.65,0.68,0.46,0.33,0.45,0.43,0.55,0.53,0.93,0.43,0.36,0.77,0.64,0.59,0.62,0.55,0.94,0.80,0.70,0.96,0.70,0.86,0.99,0.73,0.80,0.72,0.86,0.84,0.60,0.59,0.49,0.40,0.45,0.70,0.63,0.40,0.50,0.53,0.40,0.45,0.80,0.42,0.35,0.60,0.79,0.64,0.56,0.61,0.74,0.65,0.54,0.50,0.50,0.45,0.40,0.67,0.47,0.37,0.66,0.40,0.52,0.52,0.57,0.52,0.43,0.41,0.67,0.70,0.54,0.47,0.47,0.65,0.60,0.34,0.66,0.63,0.43,0.65,0.60,0.60,0.84,0.80,0.62,0.85,0.80,0.43,0.53,0.77,0.62,1.08,0.50,0.65,0.70,0.68,0.57,0.70,0.70,0.50,0.50,0.60,0.45,0.50,0.70,0.55,0.37,0.50,0.54,0.52,0.53,0.58,0.38,1.26,0.78,1.20,0.64,0.85,0.40,0.60,0.35,0.88,0.90,0.72,0.70,0.58,0.65,0.83,0.60,0.42,0.40,0.60,0.70,0.82,0.50,0.70,0.67,0.60,0.50,0.52,0.75,0.65,0.70,0.47,0.50,0.40,0.45,0.63,0.53,0.35,0.35,0.34,0.30,0.40,0.70,0.64,0.36,0.40,,,,,,,,,,,,,,,,,,,,,,,,,,,,,,0.38,0.50,0.50,0.53,0.30,0.35,0.85,0.37,0.37,0.40,0.47,0.20,0.35,0.33,,0.20,0.50,0.53,0.93,0.50,0.67,0.33,0.50,0.60,1.00,0.45,0.30,0.37,0.57,0.90,0.70,0.43,0.55,0.47,0.45,0.70,0.35,0.67,0.64,0.60,0.88,0.60,0.45,0.70,0.66,0.53,0.55,0.20,0.97,0.37,0.70,1.10,0.65,0.65,0.45,0.60,0.80,0.50,0.50,0.56,0.85,0.85,0.83,0.55,0.56,0.57,0.60,0.55,0.66,0.68,0.43,0.47,1.05,0.67,0.74,0.63,0.63,0.40,0.53,0.80,0.67,0.50,0.90,0.70,0.90,0.50,0.53,0.35,0.65,0.30,0.40,0.50,0.67,0.63,0.60,0.55,0.73,0.60,0.85,0.60,0.67,0.60,0.40,0.57,0.45,0.70,0.35,0.35,0.65,0.45,0.20,,0.30,0.50,0.40,0.57,0.60,0.50,0.45,0.55,,0.65,0.30,0.30,0.55,0.60,0.55,0.50,0.40,0.40,0.75,0.40,0.60,0.70,0.50,0.45,0.25,0.30,0.50,,0.25,0.55,0.57,0.43,0.40,0.45,0.55,0.50,0.40,0.40,0.40,,0.40,,0.70,,0.45,0.60,0.30,0.30,0.30,0.40,0.40,0.40,0.53,0.35,0.45,0.75,0.15,0.55,0.30,0.30,0.20,0.60,0.50,0.90,0.50,0.30,0.75,0.60,,,,0.65,,
20260401,10,AQI,23,61,70,71,75,66,61,26,24,35,74,83,70,53,23,80,72,54,55,76,128,54,123,139,89,130,48,78,89,141,111,161,118,31,43,25,31,35,36,29,36,21,22,21,75,28,37,35,109,100,120,58,51,20,18,16,20,18,20,23,22,25,22,40,35,41,32,45,27,60,70,53,65,53,61,44,47,44,96,61,73,59,26,151,133,138,143,170,94,58,75,118,150,119,48,92,18,20,22,38,26,20,23,21,27,25,19,26,53,46,41,51,56,69,26,85,117,144,57,54,31,65,30,43,70,32,79,78,77,71,72,40,54,70,43,20,24,29,18,21,41,48,39,47,15,39,52,41,30,37,58,53,52,52,70,117,61,45,40,124,,,,,,,,,,,,,,,,,,,,,,,,,,,,,,52,71,19,60,57,60,57,45,60,58,32,24,44,26,,28,55,36,173,65,30,55,53,64,75,35,33,47,134,32,163,24,87,105,27,51,24,124,95,74,79,86,28,113,73,65,52,54,29,31,24,22,25,26,23,56,47,37,46,28,34,65,33,47,71,85,53,106,64,61,65,57,55,42,69,46,69,61,50,38,64,18,48,34,30,39,36,44,90,31,25,28,26,23,22,56,24,21,25,35,59,40,36,44,56,44,45,18,26,34,17,,24,23,35,20,12,33,29,39,,19,53,41,26,81,52,44,83,51,75,41,63,38,40,20,23,30,33,,33,20,53,57,44,52,51,55,67,75,53,,58,,53,,57,59,27,29,55,83,46,42,80,83,55,96,74,56,54,114,130,135,159,66,70,27,45,67,,,,53,,
20260401,10,PM2.5,3,34,29,13,3,48,7,5,3,9,49,60,50,13,7,12,47,24,19,56,97,38,93,106,66,99,33,57,66,108,84,123,89,7,30,5,22,15,15,3,25,9,3,5,55,4,26,24,82,75,91,41,36,6,5,11,8,8,9,3,3,4,6,25,23,29,16,27,14,26,38,37,35,22,44,31,21,6,14,44,12,4,17,116,101,105,109,129,70,36,55,89,115,90,27,64,11,5,15,23,3,3,6,12,3,3,3,3,37,30,7,12,21,27,7,19,17,38,8,27,13,47,9,29,51,14,58,57,54,43,45,21,38,51,30,9,17,18,9,9,23,24,27,26,8,15,28,24,19,25,38,29,24,20,45,48,16,13,11,44,,,,,,,,,,,,,,,,,,,,,,,,,,,,,,27,38,5,21,12,20,18,8,10,21,9,3,11,7,,6,5,3,17,8,3,15,9,39,41,7,17,33,102,21,124,3,63,79,7,36,5,94,71,54,58,64,5,85,53,47,34,38,20,11,11,4,3,4,11,40,33,26,32,9,24,47,23,33,52,63,34,80,46,37,47,33,39,6,50,29,50,44,35,24,44,7,33,24,21,27,25,31,67,22,3,7,10,16,8,31,17,3,10,19,42,16,21,26,23,29,16,11,18,24,12,,6,16,18,10,6,23,20,27,,13,37,29,3,47,35,31,61,36,55,29,45,20,26,9,9,3,23,,5,3,21,19,25,17,26,29,23,33,24,,26,,16,,39,32,19,9,23,61,19,7,39,52,13,35,14,21,13,59,62,64,60,19,10,3,12,37,,,,36,,
20260401,10,PM2.5_24h,26,44,38,30,23,54,43,13,13,38,61,60,48,15,10,35,27,48,77,41,99,53,51,85,83,86,51,66,74,72,88,78,95,21,23,9,25,35,29,7,16,12,9,4,71,7,17,20,75,45,58,42,34,10,17,18,12,15,14,11,15,7,14,25,15,19,9,20,7,19,31,23,26,26,26,24,13,10,25,37,25,28,22,87,100,90,44,59,89,24,33,87,87,55,24,27,6,15,20,19,9,13,13,17,7,17,17,8,20,52,9,22,15,17,10,35,41,44,29,48,25,50,37,51,79,26,47,55,48,62,46,25,32,38,35,22,16,11,13,7,20,20,13,21,3,8,19,18,11,15,27,23,13,18,22,26,21,21,12,49,,,,,,,,,,,,,,,,,,,,,,,,,,,,,,42,56,18,15,12,17,25,13,15,13,23,9,13,9,,8,11,22,34,35,21,35,30,24,26,36,23,23,55,103,68,36,86,44,42,83,17,90,79,67,69,58,9,92,66,78,65,44,30,34,18,10,10,7,11,12,17,15,19,6,11,17,13,11,44,56,48,69,73,47,49,51,26,17,38,24,44,44,27,17,39,13,14,12,33,12,14,12,19,13,14,12,14,10,13,8,7,7,5,24,19,16,13,13,12,23,9,9,16,16,11,,5,7,12,13,11,13,11,13,,12,28,16,7,37,37,24,40,28,57,19,44,30,9,8,4,5,17,,2,5,20,13,14,16,29,22,24,35,19,,22,,16,,20,23,11,13,12,17,7,11,28,28,15,28,15,27,24,59,70,55,56,27,8,2,29,32,,,,31,,
20260401,10,PM10,16,71,89,92,99,77,71,14,24,35,97,116,89,55,21,109,94,57,60,71,131,44,137,134,91,138,48,92,60,136,114,149,106,12,37,11,25,22,20,6,28,14,7,11,98,9,37,35,117,97,107,56,39,11,12,15,17,18,20,9,8,9,15,40,35,38,32,45,20,70,90,51,79,56,53,34,47,44,141,72,95,67,26,147,149,145,133,152,115,66,89,93,150,118,48,134,17,11,22,38,6,10,8,21,7,15,17,22,54,46,41,51,62,88,20,120,184,237,63,57,31,65,30,43,82,32,86,77,104,91,93,40,52,52,41,20,17,29,18,19,41,48,39,47,15,39,54,41,30,37,65,56,53,54,90,183,71,45,40,198,,,,,,,,,,,,,,,,,,,,,,,,,,,,,,54,92,12,70,63,69,64,45,69,66,32,19,44,26,,28,60,36,295,79,30,60,55,77,100,35,33,46,135,32,195,20,123,136,27,49,11,120,87,86,89,79,14,132,80,63,54,54,27,19,20,11,7,13,10,46,40,37,36,17,28,,28,46,86,91,55,110,70,72,61,64,57,42,86,46,79,64,47,38,77,18,48,33,,33,33,31,122,,25,28,26,21,15,61,23,11,24,35,56,40,36,44,61,44,45,18,26,21,,,24,15,35,15,12,32,21,34,,17,44,37,22,111,54,34,63,43,75,31,59,38,40,18,19,10,,,12,12,55,63,44,53,51,60,84,99,55,,66,,55,,64,68,24,29,60,,46,19,109,115,59,141,97,61,57,177,210,219,268,81,89,12,45,84,,,,55,,
20260401,10,PM10_24h,55,81,76,67,76,75,84,42,32,66,93,94,79,28,23,80,47,96,124,53,124,62,82,117,107,117,72,101,71,97,125,100,105,33,35,15,33,48,39,13,21,19,12,11,120,14,23,27,112,65,71,58,42,18,28,27,21,21,25,17,24,13,24,40,30,30,23,35,16,63,59,39,67,62,33,35,34,37,70,65,63,71,26,115,137,128,75,102,126,47,68,107,116,86,41,52,12,27,32,33,19,27,21,31,12,34,31,24,33,77,33,48,43,53,33,78,104,86,71,74,125,66,75,69,109,38,71,69,64,93,78,47,46,42,45,31,19,19,26,17,32,42,21,33,9,27,45,32,25,26,68,59,36,52,66,87,71,56,44,212,,,,,,,,,,,,,,,,,,,,,,,,,,,,,,68,80,25,52,49,43,55,33,55,46,87,25,45,29,,40,52,71,101,98,64,83,68,47,58,89,86,34,81,140,99,45,104,69,63,103,27,119,101,100,109,67,17,119,96,93,82,67,40,33,25,19,19,14,14,17,23,22,21,14,22,25,26,20,63,80,73,84,91,78,65,85,44,37,70,43,69,61,40,26,67,22,23,19,44,17,22,19,28,15,24,27,28,17,22,22,14,11,17,43,41,32,26,29,42,34,31,16,28,23,26,,13,13,23,18,21,21,19,20,,15,39,32,16,73,50,33,53,42,76,24,58,40,19,19,13,19,23,,8,12,45,42,29,43,67,57,69,85,52,,60,,49,,57,50,25,33,44,42,24,31,84,79,51,102,48,50,84,181,221,203,235,74,39,13,63,67,,,,49,,
20260401,10,SO2,3,14,3,9,4,8,3,3,3,3,5,9,7,12,8,7,11,7,8,8,11,5,10,13,9,9,7,17,8,11,8,10,7,6,6,5,7,5,5,6,5,3,3,4,6,4,3,9,9,12,9,8,5,7,5,8,7,4,6,5,6,7,6,7,10,7,8,5,5,6,20,36,21,7,8,5,19,8,8,11,5,10,3,16,19,9,22,23,11,13,18,9,17,14,8,15,7,7,14,16,7,6,6,6,7,2,5,7,6,5,19,12,11,13,5,10,8,10,6,8,7,6,5,9,10,6,14,11,9,15,11,16,6,9,7,7,8,6,8,9,4,7,10,13,13,6,4,7,8,6,10,5,3,6,10,40,11,32,5,11,,,,,,,,,,,,,,,,,,,,,,,,,,,,,,5,5,6,16,14,17,13,8,20,36,7,6,14,8,,4,10,6,8,7,5,4,7,14,12,3,5,9,11,8,8,6,5,9,6,6,9,7,8,9,8,5,3,8,7,4,5,6,3,5,3,11,3,6,4,8,7,2,6,4,7,7,9,14,15,10,5,7,8,7,4,5,10,7,17,9,5,6,6,5,10,7,6,7,5,9,4,4,9,4,7,7,6,9,6,34,6,7,11,8,72,8,10,6,17,7,8,8,9,4,5,,7,7,4,13,4,12,6,3,,4,7,7,9,10,5,4,4,5,9,5,5,7,6,5,8,8,13,,6,6,7,13,29,7,16,12,11,5,8,,5,,9,,15,17,8,10,14,28,30,14,22,12,10,4,8,9,3,6,16,7,4,8,5,5,10,10,,,,7,,
20260401,10,SO2_24h,3,10,3,8,13,7,5,3,6,5,11,7,11,6,8,12,10,8,10,6,6,5,6,11,9,6,6,8,5,9,7,8,6,6,6,5,6,5,5,5,6,2,3,4,6,4,3,7,7,8,5,7,7,5,5,5,6,4,6,4,5,7,5,7,8,5,6,4,5,5,8,9,10,7,3,5,10,6,11,12,7,14,4,14,11,9,17,17,10,9,9,8,7,13,7,13,7,6,9,8,7,6,6,6,5,5,5,7,4,6,10,10,7,9,8,17,11,12,12,10,6,5,6,8,8,6,11,5,9,11,6,12,6,7,7,7,8,5,7,8,4,8,8,7,9,7,3,6,7,7,5,3,2,5,6,14,16,16,5,10,,,,,,,,,,,,,,,,,,,,,,,,,,,,,,5,3,4,5,7,10,9,7,8,15,8,5,9,8,,5,9,13,12,9,9,6,6,10,9,2,4,7,10,12,11,6,7,9,7,8,10,7,8,7,7,6,4,7,7,5,5,6,3,5,4,9,3,4,4,5,6,2,5,3,7,8,8,9,9,10,4,6,6,5,4,4,9,7,11,9,5,4,5,5,5,8,6,10,4,5,5,5,3,4,10,6,5,8,6,12,6,6,7,7,10,7,7,5,10,6,5,6,9,4,5,,6,5,6,19,4,11,8,2,,4,6,6,9,9,6,4,9,5,9,5,6,7,6,6,9,8,13,,6,6,6,7,7,7,10,12,10,4,7,,5,,7,,4,11,7,9,12,16,7,15,9,10,9,4,8,8,4,4,10,4,3,8,5,5,16,10,,,,7,,
20260401,10,NO2,6,30,12,6,4,19,10,7,5,7,34,25,9,29,10,11,25,11,10,39,27,19,43,32,26,23,20,27,18,26,23,27,16,15,17,21,15,15,15,14,14,22,12,14,29,11,21,15,29,34,28,19,27,14,16,26,18,21,23,11,9,14,16,8,23,34,23,16,11,33,43,34,30,31,25,18,22,23,11,28,6,8,17,28,30,23,42,39,16,33,40,26,28,39,21,29,13,13,16,19,10,9,6,12,14,4,10,12,24,15,14,21,24,36,8,13,9,15,8,11,4,14,6,18,26,20,28,23,22,24,24,16,24,18,14,10,17,14,15,11,9,19,27,18,19,22,35,26,13,12,21,26,30,16,34,48,11,20,17,39,,,,,,,,,,,,,,,,,,,,,,,,,,,,,,10,,18,26,16,26,22,19,26,32,4,5,12,8,,8,7,7,12,5,6,6,8,23,30,6,8,23,24,7,20,3,12,19,6,12,2,19,15,27,21,15,6,13,12,15,14,13,16,9,15,13,8,6,20,17,18,17,9,11,15,13,6,15,18,14,18,20,17,18,14,15,16,13,18,13,19,11,7,9,21,9,22,14,7,30,18,13,24,9,9,12,14,15,13,24,15,5,9,11,28,20,30,40,46,19,25,11,17,18,10,,18,20,13,10,13,20,8,16,,10,18,11,10,37,13,12,8,11,20,11,27,11,24,16,11,7,11,,4,6,19,25,12,15,20,31,26,32,27,,17,,25,,27,30,4,4,31,16,42,1,27,40,24,38,9,34,15,48,17,54,21,32,16,8,34,21,,,,6,,
20260401,10,NO2_24h,20,45,17,28,27,23,28,8,17,25,40,30,17,25,11,27,24,29,28,34,32,33,36,35,27,37,38,33,32,35,29,23,18,18,25,21,18,19,19,14,12,21,14,12,32,15,19,20,39,28,20,22,27,18,14,11,17,13,15,17,11,12,12,10,21,27,16,18,8,32,32,15,24,26,21,22,20,22,19,20,13,28,18,28,38,29,46,52,21,30,36,22,33,41,24,36,15,11,12,12,11,7,11,9,13,14,13,13,12,17,12,24,25,36,9,24,29,32,23,23,8,27,11,38,43,29,32,22,21,18,18,21,21,18,20,12,14,12,8,10,10,24,24,10,15,15,32,18,11,12,26,20,30,14,30,18,13,24,9,19,,,,,,,,,,,,,,,,,,,,,,,,,,,,,,12,15,16,23,14,24,26,18,29,16,7,5,9,9,,9,6,15,21,18,16,21,21,21,24,10,11,12,19,24,25,11,29,18,10,21,4,25,18,20,26,22,9,16,14,15,16,11,24,17,16,12,9,6,17,11,14,16,10,11,15,16,7,14,13,19,23,20,24,22,14,16,13,14,14,14,14,9,9,11,20,8,21,16,12,20,15,16,20,9,16,9,9,11,11,12,14,6,7,8,23,26,19,27,29,19,30,10,20,12,7,,16,6,13,10,16,11,7,11,,9,7,13,8,17,10,13,7,7,17,9,15,15,8,10,4,5,9,,2,2,19,42,12,19,33,29,16,17,20,,14,,13,,23,9,2,2,14,5,22,3,20,27,22,18,9,23,15,23,16,34,15,30,12,4,20,17,,,,8,,
20260401,10,O3,72,54,72,67,81,89,67,84,68,72,55,69,100,50,75,71,59,79,84,74,80,92,76,68,79,97,98,77,96,79,67,75,84,98,102,81,93,111,114,93,114,67,69,68,79,88,48,61,103,81,67,83,38,63,58,48,65,50,60,73,70,81,70,52,40,52,30,82,87,51,40,34,50,57,43,53,61,64,70,71,79,79,62,97,80,100,89,104,112,83,77,74,103,73,106,101,57,63,50,42,82,65,75,53,86,81,62,84,41,101,67,75,48,49,83,67,76,69,83,83,81,81,83,93,82,86,65,77,87,65,60,65,54,71,76,63,24,69,56,66,62,56,24,63,27,51,55,38,22,74,73,66,32,44,42,40,98,60,69,52,,,,,,,,,,,,,,,,,,,,,,,,,,,,,,103,82,62,59,59,48,75,49,37,54,80,76,55,76,,64,100,82,69,70,85,76,72,82,67,71,79,57,99,85,104,77,89,96,75,95,76,96,77,78,56,67,89,97,91,80,92,98,67,100,77,70,80,84,72,80,45,69,106,88,85,76,89,84,84,91,94,57,72,61,103,86,79,53,62,85,75,90,98,73,76,29,30,28,96,65,29,24,15,32,76,75,72,61,71,55,72,66,80,71,38,49,42,9,27,38,31,16,41,42,53,,34,31,58,65,30,23,75,16,,17,49,61,83,49,39,76,99,79,45,71,15,28,54,64,72,96,75,,104,65,37,67,34,52,61,47,57,34,40,,90,,32,,46,50,64,81,60,69,40,133,41,35,76,53,80,52,44,17,51,9,54,36,21,87,49,49,,,,56,,
20260401,10,O3_24h,72,54,72,67,81,89,67,84,68,72,55,69,100,50,75,71,59,79,84,74,80,92,76,68,79,97,98,77,96,79,67,75,84,98,102,81,93,111,114,93,114,67,69,68,79,88,48,61,103,81,67,83,38,63,58,48,65,50,60,73,70,81,70,52,40,52,30,82,87,51,40,34,50,57,43,53,61,64,70,71,79,79,62,97,80,100,89,104,112,83,77,74,103,73,106,101,57,63,50,42,82,65,75,53,86,81,62,84,41,101,67,75,48,49,83,67,76,69,83,83,81,81,83,93,82,86,65,77,87,65,60,65,54,71,76,63,24,69,56,66,62,56,24,63,27,51,55,38,22,74,73,66,32,44,42,40,98,60,69,52,,,,,,,,,,,,,,,,,,,,,,,,,,,,,,103,82,62,59,59,48,75,49,37,54,80,76,55,76,,64,100,82,69,70,85,76,72,82,67,71,79,57,99,85,104,77,89,96,75,95,76,96,77,78,56,67,89,97,91,80,92,98,67,100,77,70,80,84,72,80,45,69,106,88,85,76,89,84,84,91,94,57,72,61,103,86,79,53,62,85,75,90,98,73,76,29,30,28,96,65,29,24,15,32,76,75,72,61,71,55,72,66,80,71,38,49,42,9,27,38,31,16,41,42,53,,34,31,58,65,30,23,75,16,,17,49,61,83,49,39,76,99,79,45,71,15,28,54,64,72,96,75,,104,65,37,67,34,52,61,47,57,34,40,,90,,32,,46,50,64,81,60,69,40,133,41,35,76,53,80,52,44,17,51,9,54,36,21,87,49,49,,,,56,,
20260401,10,O3_8h,62,25,60,28,49,59,39,69,20,49,25,40,72,30,60,60,72,72,71,37,40,40,25,49,44,37,46,48,57,21,48,42,57,86,86,82,85,69,82,101,104,69,71,64,48,86,36,51,48,72,78,60,20,53,45,50,56,52,58,48,65,66,72,51,28,30,19,45,95,28,28,41,35,68,22,32,39,45,68,65,66,66,49,48,38,60,27,29,63,70,26,43,51,31,87,44,44,48,58,45,65,53,76,41,77,64,54,52,39,74,52,41,28,31,72,56,47,31,74,57,74,30,77,42,17,58,32,56,85,69,50,42,34,64,53,47,12,55,62,60,36,28,25,66,31,49,38,42,21,75,48,49,12,34,18,42,86,44,88,68,,,,,,,,,,,,,,,,,,,,,,,,,,,,,,94,65,64,33,33,26,46,45,18,64,52,63,49,53,,44,96,81,57,60,78,65,59,31,28,67,67,41,42,64,76,68,57,54,83,73,77,61,68,55,35,36,75,70,72,57,68,90,48,66,83,63,55,66,75,67,39,80,88,75,68,51,69,78,86,60,53,37,35,24,94,78,48,36,61,67,88,82,72,46,39,19,15,15,62,44,26,13,10,25,60,81,73,63,71,42,42,62,77,63,38,29,41,16,9,36,11,33,23,43,53,,26,33,53,59,23,20,78,22,,11,52,39,80,44,36,38,100,78,48,69,27,22,60,69,84,102,81,,109,78,21,16,25,33,16,30,36,48,42,,87,,51,,30,67,50,73,60,65,51,127,33,21,46,75,73,67,55,56,61,10,61,38,31,95,77,41,,,,61,,
20260401,10,O3_8h_24h,62,25,59,28,49,57,39,69,20,49,25,39,72,30,59,60,65,70,70,36,38,40,25,46,44,37,46,48,57,21,48,40,57,86,85,81,82,68,82,97,104,67,70,60,48,84,36,50,47,68,70,60,18,53,45,49,56,51,57,48,65,65,70,49,26,27,18,42,91,27,26,34,33,64,20,32,36,45,66,61,66,66,48,48,37,60,27,29,63,66,26,43,51,29,86,46,39,48,51,43,65,53,75,39,77,64,54,52,35,74,48,41,28,31,71,55,47,31,74,57,74,30,77,42,17,58,32,56,81,66,45,42,32,61,53,45,12,54,61,58,36,26,24,58,27,45,38,33,20,70,48,49,12,33,17,39,86,44,82,66,,,,,,,,,,,,,,,,,,,,,,,,,,,,,,93,64,52,33,34,26,46,43,18,57,75,63,46,52,,44,96,81,57,60,78,65,59,31,28,67,67,39,42,63,76,68,57,54,78,73,76,61,68,55,35,36,75,70,72,57,63,90,48,66,80,63,55,66,73,67,36,61,88,75,65,51,68,78,84,60,53,37,34,24,94,78,48,36,55,66,81,80,70,46,38,19,14,14,62,44,25,13,10,25,60,79,71,59,71,40,42,60,75,63,36,29,32,11,8,31,11,26,23,37,50,,24,30,53,59,23,19,75,20,,11,48,38,78,42,33,33,100,77,44,67,20,20,52,67,80,100,78,,108,73,21,16,24,33,16,30,34,44,38,,86,,44,,30,57,50,70,60,65,47,127,27,21,44,72,73,63,51,48,59,5,61,38,24,94,71,39,,,,52,,
20260401,10,CO,0.26,0.94,0.36,0.56,0.20,0.67,0.27,0.30,0.20,0.33,0.40,0.45,0.57,0.82,0.38,0.48,0.69,0.40,0.61,0.78,1.30,0.68,0.98,0.86,0.72,1.12,0.81,0.71,0.90,1.03,0.76,0.92,0.65,0.53,0.43,0.37,0.40,0.53,0.57,0.40,0.45,0.60,0.40,0.45,0.72,0.45,0.50,0.68,0.82,0.87,0.73,0.57,0.87,0.70,0.61,0.60,0.60,0.65,0.65,0.67,0.50,0.43,0.59,0.52,0.61,0.69,0.67,0.64,0.45,0.45,1.27,1.90,1.02,0.57,1.36,0.73,0.68,0.36,0.48,0.65,0.23,0.32,0.77,0.69,0.78,0.80,0.88,0.95,0.78,0.42,0.67,0.80,1.46,1.20,0.50,0.77,0.67,0.77,0.67,0.97,0.70,0.55,0.50,0.67,0.55,0.50,0.73,0.55,0.77,0.40,0.98,0.58,0.73,0.78,0.34,0.72,0.42,0.74,0.38,0.70,0.48,0.50,0.28,0.75,0.63,0.68,0.76,0.83,0.74,0.77,0.72,0.38,0.42,0.67,0.72,0.80,0.55,0.70,0.75,0.59,0.50,0.55,1.00,0.93,0.83,0.57,0.63,0.45,0.57,0.72,0.57,0.50,0.55,0.42,0.45,0.70,0.63,0.72,0.42,0.45,,,,,,,,,,,,,,,,,,,,,,,,,,,,,,0.42,0.50,0.80,2.03,0.37,0.45,1.63,0.40,0.43,1.00,0.40,0.20,0.40,0.35,,0.25,0.50,0.33,0.47,0.35,0.37,0.23,0.40,0.80,1.10,0.35,0.35,0.50,0.73,0.37,0.67,0.35,0.35,0.60,0.25,0.45,0.20,0.68,0.60,0.70,0.93,0.60,0.45,0.70,0.66,0.40,0.47,0.23,0.77,0.33,0.77,1.13,0.60,0.65,0.45,0.77,0.97,0.80,0.55,0.48,0.95,0.83,0.75,0.60,1.16,0.57,0.55,0.60,0.56,0.60,0.50,0.37,1.00,0.63,0.74,0.67,0.60,0.50,0.47,0.70,0.77,0.50,1.25,0.75,0.90,0.50,0.57,0.50,1.75,0.30,0.20,0.53,0.67,0.63,0.67,0.75,0.87,0.60,0.90,0.70,1.63,0.60,0.53,0.75,0.75,0.78,0.43,0.45,0.80,0.55,0.20,,0.40,0.60,0.37,0.60,0.65,0.60,0.45,0.70,,0.65,0.55,0.40,0.55,0.85,0.65,0.50,0.50,0.55,0.85,0.45,0.85,0.60,0.80,0.60,0.35,0.35,0.50,,0.35,0.60,0.60,0.53,0.50,0.50,0.90,0.60,0.40,0.60,0.55,,0.40,,0.85,,0.85,1.30,0.40,0.40,0.80,1.20,0.70,0.30,1.03,0.85,0.50,0.95,,0.90,0.50,0.75,0.25,1.45,0.65,0.80,0.50,0.30,0.70,0.75,,,,0.70,,
20260401,10,CO_24h,0.43,0.67,0.56,0.66,0.65,0.68,0.44,0.33,0.45,0.43,0.55,0.50,0.90,0.45,0.36,0.73,0.63,0.57,0.62,0.56,0.95,0.80,0.72,0.94,0.70,0.88,0.99,0.76,0.84,0.72,0.84,0.84,0.60,0.58,0.49,0.40,0.45,0.70,0.63,0.40,0.50,0.53,0.40,0.45,0.80,0.42,0.35,0.60,0.80,0.64,0.57,0.62,0.74,0.66,0.54,0.50,0.50,0.50,0.40,0.67,0.47,0.40,0.66,0.40,0.53,0.52,0.57,0.52,0.42,0.40,0.67,0.70,0.54,0.48,0.48,0.67,0.59,0.34,0.62,0.63,0.40,0.63,0.60,0.63,0.84,0.80,0.66,0.83,0.80,0.43,0.53,0.77,0.67,1.08,0.50,0.67,0.63,0.68,0.57,0.70,0.70,0.50,0.50,0.63,0.45,0.50,0.70,0.55,0.40,0.50,0.54,0.50,0.47,0.58,0.38,1.20,0.75,1.16,0.62,0.87,0.40,0.60,0.33,0.88,0.90,0.72,0.69,0.58,0.67,0.83,0.60,0.38,0.40,0.60,0.70,0.82,0.50,0.70,0.67,0.60,0.50,0.52,0.75,0.65,0.70,0.50,0.50,0.40,0.45,0.63,0.53,0.40,0.40,0.34,0.30,0.40,0.70,0.66,0.36,0.40,,,,,,,,,,,,,,,,,,,,,,,,,,,,,,0.38,0.50,0.55,0.60,0.30,0.30,0.90,0.37,0.37,0.40,0.47,0.20,0.40,0.35,,0.20,0.50,0.53,0.90,0.50,0.63,0.33,0.50,0.60,1.00,0.45,0.30,0.37,0.60,0.87,0.70,0.43,0.55,0.50,0.45,0.65,0.35,0.65,0.64,0.60,0.88,0.60,0.45,0.70,0.68,0.53,0.55,0.20,0.95,0.37,0.70,1.10,0.65,0.65,0.40,0.60,0.80,0.55,0.50,0.56,0.85,0.85,0.83,0.55,0.60,0.57,0.60,0.55,0.68,0.68,0.43,0.47,1.05,0.67,0.72,0.63,0.60,0.40,0.53,0.70,0.67,0.50,0.93,0.75,0.90,0.50,0.53,0.35,0.70,0.30,0.40,0.50,0.67,0.60,0.63,0.55,0.73,0.60,0.85,0.60,0.70,0.60,0.40,0.57,0.45,0.70,0.38,0.35,0.65,0.45,0.20,,0.30,0.45,0.40,0.57,0.60,0.50,0.45,0.60,,0.65,0.30,0.30,0.55,0.55,0.55,0.50,0.40,0.40,0.75,0.45,0.60,0.70,0.50,0.45,0.25,0.30,0.50,,0.25,0.55,0.53,0.43,0.40,0.40,0.60,0.50,0.40,0.40,0.40,,0.40,,0.70,,0.50,0.70,0.30,0.30,0.30,0.40,0.40,0.40,0.53,0.40,0.45,0.75,0.15,0.55,0.35,0.30,0.20,0.65,0.50,0.90,0.50,0.30,0.75,0.60,,,,0.65,,
20260401,11,AQI,24,63,62,66,61,79,56,29,23,49,124,72,90,56,26,75,78,56,70,76,103,53,130,150,89,121,44,68,95,133,108,156,115,31,34,27,32,37,38,30,38,26,23,20,66,30,48,29,83,98,116,59,49,23,22,20,22,20,25,28,24,28,27,45,34,36,30,41,29,63,60,53,64,57,55,44,43,40,98,54,65,54,28,130,129,100,121,119,88,69,80,100,120,113,44,118,21,25,31,37,27,22,26,20,29,27,24,30,51,61,33,41,46,64,28,84,95,147,51,65,40,85,36,54,59,40,83,81,79,63,57,60,50,73,39,25,19,28,25,24,39,46,40,37,17,29,46,49,28,37,56,55,56,58,68,70,77,45,40,134,,,,,,,,,,,,,,,,,,,,,,,,,,,,,,48,62,28,58,51,53,57,33,57,60,33,26,49,24,,27,56,27,124,57,30,52,55,57,60,24,41,49,139,27,205,25,78,120,25,138,24,108,84,58,75,75,27,95,64,51,49,58,33,34,31,24,32,30,23,59,83,34,51,33,34,51,35,41,73,76,53,96,56,57,66,52,63,39,68,44,65,53,53,60,63,24,49,47,33,37,34,47,78,34,24,23,26,21,21,58,29,21,28,45,49,39,26,47,52,44,37,18,26,24,23,,19,23,34,23,16,44,29,48,,24,52,35,28,79,57,29,69,58,74,41,70,44,29,22,23,32,27,,32,22,52,46,41,52,44,45,59,71,59,,57,,51,,47,46,26,29,33,31,42,43,80,84,44,95,72,58,54,145,115,174,153,65,43,29,52,63,,,,52,,
20260401,11,PM2.5,4,29,33,10,3,58,6,3,7,22,94,34,67,15,3,15,37,31,51,56,77,37,99,115,66,92,29,49,71,101,81,119,87,6,22,6,19,12,13,3,19,8,6,4,44,4,28,20,61,73,88,42,34,7,6,14,10,10,12,7,4,5,6,24,21,25,20,23,4,31,39,19,34,21,38,31,20,12,17,36,13,4,19,99,98,75,92,90,65,37,59,75,91,85,25,16,7,5,22,22,3,3,7,11,4,3,5,3,31,44,4,10,21,27,4,23,19,40,8,46,19,63,19,38,42,28,61,60,58,45,28,43,30,53,27,7,12,16,9,7,21,24,28,26,9,11,25,25,19,25,38,29,27,26,38,29,20,14,8,45,,,,,,,,,,,,,,,,,,,,,,,,,,,,,,23,36,3,12,9,20,19,12,4,18,7,7,12,5,,7,12,3,24,12,3,18,17,35,38,11,22,29,106,6,155,3,27,91,6,105,5,81,62,38,55,55,3,71,46,33,34,41,23,5,11,3,3,5,12,42,61,21,36,10,21,36,22,23,53,56,26,72,40,32,48,31,45,10,49,29,47,28,37,43,39,16,34,33,23,26,24,33,43,24,3,7,9,13,3,33,13,6,12,24,31,16,18,27,25,28,14,12,18,17,14,,3,16,17,13,10,31,20,29,,17,35,24,3,52,39,18,50,41,54,29,51,31,18,6,3,6,12,,3,5,20,15,23,24,24,24,20,27,27,,25,,15,,14,21,9,9,19,21,3,7,35,34,12,34,13,22,17,68,38,67,53,11,3,3,17,31,,,,31,,
20260401,11,PM2.5_24h,25,44,38,29,23,54,41,12,13,37,64,60,49,15,9,34,27,47,77,43,98,53,54,87,82,87,51,66,74,74,88,80,95,20,24,8,25,34,29,7,16,12,9,4,70,6,17,19,76,46,59,41,35,10,16,18,11,14,14,10,15,7,13,25,15,19,10,20,7,20,31,22,25,26,27,25,12,10,23,37,25,28,21,90,101,89,47,62,89,25,34,87,89,57,25,27,5,15,20,19,9,13,13,17,7,15,15,7,20,50,9,21,14,17,9,34,41,45,29,50,24,51,34,51,77,25,46,55,49,61,45,23,32,38,34,21,15,11,13,7,20,19,14,21,3,8,19,18,12,16,28,24,14,18,23,26,22,20,12,48,,,,,,,,,,,,,,,,,,,,,,,,,,,,,,40,57,17,15,12,16,24,12,15,12,22,9,13,9,,8,11,20,34,34,20,35,30,25,27,35,23,23,57,100,73,35,84,46,41,85,16,89,77,65,68,59,8,90,65,75,63,43,29,33,17,9,9,7,11,13,20,15,20,7,11,18,14,12,44,55,48,71,74,46,49,50,27,17,37,24,43,43,27,16,38,13,15,13,32,13,15,14,20,14,12,11,13,9,11,8,7,7,5,23,19,16,13,14,12,24,9,10,17,16,11,,5,8,13,13,11,13,12,14,,13,28,17,7,37,37,24,40,27,57,18,44,30,9,9,4,5,16,,2,5,20,13,14,16,29,22,24,35,19,,22,,16,,20,23,10,13,12,18,7,11,27,27,15,28,16,27,24,59,69,55,56,27,8,2,29,32,,,,32,,
20260401,11,PM10,19,75,73,82,72,90,61,10,22,49,140,93,105,61,19,99,106,61,72,72,95,45,138,144,91,117,44,71,67,122,106,136,103,11,29,12,22,18,20,7,20,13,10,11,81,11,48,29,90,95,108,49,45,13,14,19,19,20,25,13,9,9,18,45,34,35,30,41,12,75,70,56,77,63,59,33,43,40,145,57,79,57,28,117,143,98,156,107,102,88,82,87,114,115,44,186,12,14,29,37,11,6,7,20,8,20,21,17,51,63,33,41,46,78,18,118,139,243,51,79,40,96,36,53,59,40,96,84,85,73,64,70,50,59,36,20,15,28,25,20,39,46,40,36,17,29,46,49,28,37,61,59,62,66,85,90,103,45,40,217,,,,,,,,,,,,,,,,,,,,,,,,,,,,,,48,73,11,66,51,56,64,33,64,69,33,18,49,24,,22,62,27,197,63,30,54,59,64,69,21,41,49,151,14,235,19,106,153,25,139,13,102,77,65,92,68,13,99,67,51,49,63,33,13,25,10,7,17,14,47,74,34,,19,31,35,30,41,93,82,55,109,56,63,60,54,66,39,84,44,77,55,48,,75,24,44,,,36,28,44,106,,19,17,26,19,18,66,20,21,23,45,49,39,25,47,54,44,37,18,25,,,,19,17,34,16,16,36,,48,,14,53,35,21,107,63,29,56,49,78,35,67,38,29,20,14,9,18,,11,14,53,46,41,53,44,45,67,91,68,,64,,52,,47,46,26,28,33,31,42,13,109,118,44,139,94,66,57,240,179,298,255,80,43,16,54,75,,,,53,,
20260401,11,PM10_24h,53,81,76,68,76,76,84,41,32,66,96,95,80,30,22,82,49,96,124,55,123,62,85,119,106,118,72,101,72,99,123,101,104,32,35,15,32,47,39,12,21,18,12,11,118,13,24,26,113,67,71,57,43,17,27,27,19,21,25,16,23,12,22,41,31,30,24,35,15,65,59,40,67,62,35,36,33,37,73,66,65,71,24,118,139,128,78,104,126,49,70,107,118,88,41,59,10,27,31,33,18,26,19,30,11,32,29,22,33,76,32,48,42,54,31,79,108,94,71,77,147,68,72,68,107,37,70,69,65,92,77,45,46,42,45,31,18,20,26,17,32,42,22,33,10,27,45,32,25,27,68,59,38,53,67,88,73,55,43,210,,,,,,,,,,,,,,,,,,,,,,,,,,,,,,66,79,24,52,50,44,54,33,56,47,86,25,45,29,,41,53,70,105,97,63,86,69,48,59,87,84,35,84,137,107,45,104,72,62,107,26,117,99,97,108,67,17,118,95,90,80,65,40,33,24,19,17,13,14,18,25,23,21,13,22,25,26,20,65,80,72,86,90,76,64,84,44,37,69,43,69,59,40,27,66,22,24,20,42,18,21,19,32,15,22,26,27,16,20,23,14,11,16,43,41,33,26,30,42,35,31,17,28,23,24,,14,13,23,18,21,22,19,21,,15,39,32,17,73,50,33,53,42,76,24,58,41,19,19,13,18,21,,8,12,46,43,29,43,68,58,69,86,51,,59,,50,,57,50,25,33,43,42,24,30,85,80,50,102,50,50,84,182,220,203,232,75,39,13,64,67,,,,49,,
20260401,11,SO2,3,13,3,9,6,9,2,3,2,5,12,7,8,15,7,7,11,7,9,9,9,5,11,15,10,8,7,12,9,10,8,9,7,6,5,5,7,5,6,5,5,3,3,4,5,4,4,8,9,11,9,8,5,6,5,8,7,5,8,5,6,8,6,7,10,9,9,5,4,6,31,29,24,8,10,5,16,8,8,10,5,9,3,13,20,7,19,16,10,12,11,6,14,23,8,8,6,7,18,17,7,6,6,6,7,2,5,7,7,6,11,10,10,16,5,11,7,11,6,10,5,6,6,10,11,6,14,11,9,15,8,16,6,10,7,7,8,5,8,6,5,7,11,14,15,6,4,7,9,5,10,6,3,7,16,31,16,21,6,10,,,,,,,,,,,,,,,,,,,,,,,,,,,,,,5,,6,11,11,19,9,7,19,34,7,5,10,8,,4,11,5,8,7,5,6,6,12,11,1,5,8,10,9,9,6,5,6,6,9,9,7,9,9,10,6,3,7,7,4,5,6,4,5,4,7,3,6,5,6,11,4,10,3,7,7,7,11,15,10,5,8,7,6,4,5,11,7,19,8,6,5,5,6,12,7,6,6,4,10,4,4,11,4,7,7,5,8,5,27,5,7,12,9,21,8,9,6,28,7,6,10,9,4,5,,6,5,4,12,4,13,6,3,,6,7,6,9,9,6,4,4,5,10,6,5,7,6,5,8,8,12,,6,7,6,6,14,9,17,12,10,6,15,,6,,8,,12,23,9,10,13,24,8,15,14,12,9,4,8,10,3,6,9,9,3,7,7,5,11,12,,,,7,,
20260401,11,SO2_24h,3,10,3,8,12,7,5,3,6,5,11,7,11,6,7,12,10,8,10,6,7,5,6,11,9,6,6,8,5,10,7,8,6,6,6,5,6,5,5,5,6,2,3,4,6,4,3,7,7,8,5,7,7,6,5,5,6,4,6,4,5,7,5,7,8,5,6,4,5,5,9,10,10,7,3,5,9,6,10,11,7,14,4,14,12,9,17,17,10,10,9,8,7,13,7,13,7,6,10,8,7,6,6,6,5,5,5,7,4,6,10,10,7,9,8,16,11,11,12,10,6,6,6,8,9,6,11,5,9,11,6,12,6,8,7,7,8,5,7,8,4,8,8,7,10,7,3,6,7,7,5,4,2,5,7,15,16,16,5,10,,,,,,,,,,,,,,,,,,,,,,,,,,,,,,5,3,4,5,7,10,9,6,8,14,8,5,9,8,,5,9,13,12,9,8,6,6,10,9,2,4,7,10,12,12,6,7,9,7,8,10,7,8,7,7,6,4,7,7,5,5,6,3,5,4,9,3,5,4,5,6,3,5,3,7,8,8,9,10,10,4,6,6,5,3,4,9,7,11,9,5,4,5,5,5,7,6,10,4,5,5,5,3,4,10,7,5,7,6,13,6,6,7,7,10,7,7,6,11,6,5,6,9,4,5,,6,5,6,19,4,11,8,2,,4,6,6,9,9,6,4,9,5,9,5,6,7,6,6,9,8,12,,6,6,6,6,7,6,11,12,10,4,7,,5,,7,,5,11,7,9,12,16,7,15,9,10,9,4,8,8,4,4,10,4,3,8,6,5,16,10,,,,7,,
20260401,11,NO2,6,24,12,5,2,16,6,6,5,12,43,20,10,25,6,12,20,12,11,31,21,19,33,27,21,18,17,19,19,19,17,23,11,16,17,20,13,13,16,15,11,16,10,14,21,10,17,13,18,32,26,16,23,14,15,26,18,19,24,14,8,13,14,10,19,27,18,10,9,33,35,19,25,33,25,17,18,19,12,20,6,9,17,19,22,15,26,26,14,31,22,16,20,33,17,16,11,11,17,19,9,8,5,12,14,4,9,9,21,16,10,15,21,22,6,14,9,14,8,16,6,14,7,22,22,21,21,23,22,22,12,16,26,17,13,9,12,14,15,8,5,16,25,13,19,15,26,24,12,7,21,19,22,17,24,14,9,14,8,42,,,,,,,,,,,,,,,,,,,,,,,,,,,,,,8,12,14,19,12,23,17,16,20,29,3,5,10,9,,5,7,6,13,5,6,6,10,13,16,4,10,19,17,6,28,4,6,15,6,21,2,17,12,19,16,12,5,11,10,8,10,9,14,9,13,9,6,6,19,14,18,15,8,9,14,11,5,12,18,13,12,18,15,12,12,11,15,13,16,8,16,7,5,7,17,8,20,14,7,10,14,13,29,11,15,12,14,15,10,19,13,5,9,9,19,18,23,38,34,15,24,11,15,14,13,,13,15,12,7,15,18,7,14,,11,14,9,8,20,18,5,6,9,18,13,21,12,12,12,9,4,7,,3,6,15,14,13,15,15,27,14,17,22,,15,,17,,17,13,3,5,8,9,17,1,23,32,11,17,6,32,19,48,15,60,24,24,11,5,28,19,,,,4,,
20260401,11,NO2_24h,19,44,17,27,26,23,27,8,16,24,40,31,17,26,11,27,24,29,27,35,31,32,37,34,27,37,38,33,32,35,29,23,18,18,25,20,17,19,19,14,12,21,14,12,32,14,18,20,39,28,20,22,27,18,15,12,17,14,16,16,11,12,12,10,21,27,17,18,8,33,33,15,25,26,21,22,20,23,19,20,13,28,16,28,37,29,45,51,21,30,36,21,33,42,23,35,14,11,12,12,11,7,11,9,12,13,13,13,13,17,12,24,25,37,9,23,28,32,23,24,8,27,10,38,43,29,32,22,21,17,18,20,21,18,20,11,14,12,9,10,10,24,24,10,16,15,32,18,12,12,26,21,30,14,30,17,13,24,9,20,,,,,,,,,,,,,,,,,,,,,,,,,,,,,,12,15,16,23,15,24,26,18,29,16,7,5,9,9,,9,6,15,20,18,16,21,21,21,24,10,11,12,20,24,26,11,29,18,10,21,4,24,18,20,26,22,9,16,14,14,16,11,23,17,16,12,8,6,17,11,14,16,10,11,15,15,7,13,13,19,23,20,24,21,14,15,13,14,14,14,15,9,9,11,20,8,21,16,13,21,16,16,21,9,15,9,10,11,11,12,14,6,7,8,22,25,20,28,30,19,30,10,20,12,7,,16,6,13,10,16,12,7,11,,9,7,12,8,17,10,13,7,7,17,10,15,15,8,10,3,5,8,,2,2,19,42,12,18,34,30,17,17,20,,14,,13,,23,9,2,2,14,5,22,3,20,27,22,18,9,23,15,24,16,35,16,29,12,4,20,17,,,,8,,
20260401,11,O3,76,67,75,72,82,101,80,92,75,74,75,78,106,62,82,79,70,86,95,95,102,101,104,109,104,120,107,101,109,108,81,95,99,98,110,87,103,117,121,96,121,83,74,65,95,96,74,68,127,98,92,98,58,73,70,56,71,61,68,90,78,89,86,48,55,72,49,95,93,61,59,62,71,65,61,68,79,76,76,97,84,84,83,122,104,122,116,130,129,85,111,113,127,101,108,79,67,80,51,44,87,70,82,60,94,86,78,95,74,106,77,96,65,77,89,71,83,80,86,99,89,107,90,99,100,111,90,90,97,72,94,91,70,83,96,81,60,71,58,77,75,75,39,90,32,63,80,46,32,89,79,97,75,64,63,82,103,77,85,55,,,,,,,,,,,,,,,,,,,,,,,,,,,,,,117,89,90,84,64,70,90,61,58,70,83,82,66,77,,87,101,84,76,76,87,82,82,115,114,76,92,78,125,86,98,79,91,106,76,126,77,108,95,97,85,71,87,106,95,102,104,109,98,109,98,77,101,96,74,97,66,84,119,106,108,98,113,101,98,99,106,77,85,84,102,108,101,84,77,106,95,100,109,99,110,55,46,36,103,91,43,28,41,34,77,73,76,68,67,83,94,68,89,86,68,53,61,18,54,59,49,22,76,61,72,,50,46,63,72,33,40,77,23,,24,73,75,88,97,42,93,104,87,69,73,39,38,79,70,74,102,85,,103,71,57,87,48,83,68,60,84,77,68,,99,,46,,65,90,76,93,81,88,79,138,67,56,99,84,87,60,44,20,59,15,63,53,43,94,74,60,,,,66,,
20260401,11,O3_24h,76,67,75,72,82,101,80,92,75,74,75,78,106,62,82,79,70,86,95,95,102,101,104,109,104,120,107,101,109,108,81,95,99,98,110,87,103,117,121,96,121,83,74,65,95,96,74,68,127,98,92,98,58,73,70,56,71,61,68,90,78,89,86,48,55,72,49,95,93,61,59,62,71,65,61,68,79,76,76,97,84,84,83,122,104,122,116,130,129,85,111,113,127,101,108,79,67,80,51,44,87,70,82,60,94,86,78,95,74,106,77,96,65,77,89,71,83,80,86,99,89,107,90,99,100,111,90,90,97,72,94,91,70,83,96,81,60,71,58,77,75,75,39,90,32,63,80,46,32,89,79,97,75,64,63,82,103,77,85,55,,,,,,,,,,,,,,,,,,,,,,,,,,,,,,117,89,90,84,64,70,90,61,58,70,83,82,66,77,,87,101,84,76,76,87,82,82,115,114,76,92,78,125,86,98,79,91,106,76,126,77,108,95,97,85,71,87,106,95,102,104,109,98,109,98,77,101,96,74,97,66,84,119,106,108,98,113,101,98,99,106,77,85,84,102,108,101,84,77,106,95,100,109,99,110,55,46,36,103,91,43,28,41,34,77,73,76,68,67,83,94,68,89,86,68,53,61,18,54,59,49,22,76,61,72,,50,46,63,72,33,40,77,23,,24,73,75,88,97,42,93,104,87,69,73,39,38,79,70,74,102,85,,103,71,57,87,48,83,68,60,84,77,68,,99,,46,,65,90,76,93,81,88,79,138,67,56,99,84,87,60,44,20,59,15,63,53,43,94,74,60,,,,66,,
20260401,11,O3_8h,65,31,63,35,54,65,46,72,28,55,31,43,79,35,62,64,73,73,73,45,45,48,35,53,52,47,57,54,66,33,50,46,61,87,89,82,85,75,86,101,105,70,71,64,54,86,39,53,58,73,78,65,23,56,50,50,58,52,59,53,68,69,73,52,31,34,22,48,95,31,32,41,37,68,27,39,41,47,68,65,71,74,52,57,44,68,37,45,68,71,34,52,61,38,88,47,44,55,58,45,68,57,76,42,80,69,57,59,40,78,53,47,34,37,73,57,53,38,79,64,75,41,83,52,28,64,39,60,85,69,53,48,37,64,61,49,17,56,62,63,43,31,27,66,31,49,42,42,21,75,51,56,17,36,24,42,88,47,88,69,,,,,,,,,,,,,,,,,,,,,,,,,,,,,,95,66,69,39,35,33,51,45,21,64,52,66,49,55,,47,96,81,59,64,80,68,62,42,38,68,69,45,55,66,79,71,61,61,83,80,77,65,70,60,43,41,77,74,74,63,69,91,52,71,83,65,61,71,75,71,39,80,91,79,70,56,73,81,87,65,62,40,41,32,94,81,53,42,61,70,88,82,74,55,47,24,18,16,69,51,27,15,12,27,63,81,73,63,72,45,47,62,77,68,39,31,41,17,14,38,15,33,31,43,53,,27,33,54,60,24,21,78,22,,13,52,42,80,49,36,40,101,79,48,69,27,22,60,69,84,102,81,,109,78,23,27,26,39,23,32,38,48,42,,88,,51,,35,67,53,73,60,68,51,129,33,25,50,75,73,67,55,56,61,10,64,41,31,95,77,43,,,,61,,
20260401,11,O3_8h_24h,65,30,62,35,54,65,46,72,28,55,31,43,79,35,62,64,65,71,73,44,45,48,34,52,52,47,57,54,66,33,50,46,61,87,89,81,83,75,86,95,105,70,69,60,54,84,39,52,58,70,70,65,22,56,50,50,58,51,59,53,68,69,72,49,30,32,22,47,91,31,30,36,37,64,26,39,41,47,66,63,71,74,52,57,44,68,37,45,67,66,34,52,61,36,87,50,40,55,50,43,68,57,76,40,80,69,57,59,37,78,50,47,34,37,73,57,53,38,79,64,75,41,77,52,28,64,39,60,81,66,49,48,36,63,61,48,17,55,61,61,43,31,25,60,27,46,41,32,21,72,51,56,17,36,24,41,88,47,82,64,,,,,,,,,,,,,,,,,,,,,,,,,,,,,,95,66,59,39,35,33,51,44,20,55,76,66,48,55,,47,96,81,59,64,80,68,62,42,38,68,69,44,55,66,79,71,61,61,78,80,76,65,70,60,43,41,75,74,74,63,66,91,52,71,81,65,61,71,73,71,39,63,91,79,70,56,73,81,84,65,62,40,41,32,93,81,53,42,56,70,80,82,74,55,47,24,18,16,69,51,27,15,12,27,63,79,71,59,71,45,47,59,75,68,39,30,36,10,14,37,15,24,31,38,52,,27,32,54,60,24,19,76,20,,13,50,42,79,49,34,40,101,78,46,67,21,22,53,67,78,100,78,,107,72,23,27,26,39,23,32,38,47,40,,88,,43,,35,60,53,72,60,68,50,129,30,25,47,75,73,61,48,45,59,6,63,41,24,94,69,43,,,,51,,
20260401,11,CO,0.27,0.85,0.35,0.51,0.20,0.73,0.23,0.30,0.20,0.53,0.88,0.38,0.63,0.82,0.30,0.48,0.61,0.41,0.51,0.83,1.02,0.66,1.15,1.10,0.68,0.96,0.73,0.67,0.94,0.95,0.76,0.90,0.57,0.53,0.40,0.40,0.41,0.55,0.53,0.40,0.45,0.53,0.50,0.40,0.65,0.47,0.53,0.62,0.73,0.81,0.70,0.54,0.83,0.72,0.64,0.60,0.60,0.40,0.60,0.70,0.55,0.50,0.57,0.57,0.61,0.60,0.63,0.53,0.43,0.46,1.07,1.35,1.12,0.53,1.32,0.70,0.53,0.36,0.52,0.50,0.23,0.32,0.73,0.61,0.76,0.67,0.64,0.70,0.70,0.45,0.50,0.70,1.12,1.16,0.50,0.52,0.63,0.75,0.67,1.00,0.70,0.55,0.50,0.70,0.50,0.50,0.70,0.55,0.73,0.50,0.51,0.37,0.70,0.74,0.34,0.80,0.42,0.72,0.34,0.82,0.42,0.60,0.28,1.15,0.77,0.70,0.72,0.83,0.75,0.73,0.50,0.45,0.42,0.70,0.72,0.77,0.45,0.70,0.77,0.56,0.50,0.55,0.95,1.03,0.70,0.50,0.53,0.50,0.57,0.60,0.53,0.45,0.40,0.44,0.45,0.30,0.67,0.64,0.40,0.45,,,,,,,,,,,,,,,,,,,,,,,,,,,,,,0.35,,0.70,1.30,0.37,0.45,0.92,0.40,0.40,0.83,0.43,0.20,0.40,0.35,,0.25,0.55,0.33,0.53,0.35,0.37,0.40,0.40,0.60,0.90,0.40,0.45,0.50,0.70,0.33,0.87,0.33,0.20,0.60,0.30,0.75,0.20,0.60,0.54,0.55,0.90,0.60,0.45,0.60,0.64,0.33,0.42,0.23,0.70,0.33,0.77,0.90,0.60,0.60,0.45,0.73,1.70,1.10,0.65,0.46,0.95,0.83,0.72,0.55,1.10,0.60,0.45,0.58,0.54,0.57,0.53,0.33,0.97,0.63,0.78,0.53,0.55,0.40,0.45,0.60,0.70,0.50,1.13,0.75,1.00,0.50,0.53,0.55,1.80,0.35,0.25,0.57,0.75,0.60,0.63,0.70,0.80,0.60,0.80,0.70,1.05,0.60,0.47,0.83,0.70,0.70,0.40,0.45,0.75,0.50,0.30,,0.35,0.50,0.40,0.60,0.65,0.55,0.40,0.70,,0.75,0.40,0.30,0.55,0.75,0.60,0.40,0.50,0.55,0.85,0.50,0.65,0.60,0.55,0.50,0.35,0.30,0.50,,0.30,0.60,0.53,0.30,0.50,0.50,0.50,0.55,0.20,0.40,0.55,,0.40,,0.80,,0.45,1.10,0.40,0.40,0.30,0.60,0.40,0.30,0.70,0.70,0.35,0.75,,1.00,0.35,0.70,0.25,1.25,0.60,0.75,0.30,0.20,0.75,0.70,,,,0.65,,
20260401,11,CO_24h,0.42,0.68,0.56,0.66,0.60,0.68,0.43,0.30,0.45,0.43,0.55,0.50,0.88,0.47,0.34,0.73,0.66,0.57,0.62,0.59,0.97,0.80,0.73,0.96,0.70,0.88,0.99,0.76,0.84,0.75,0.80,0.84,0.60,0.57,0.49,0.33,0.44,0.70,0.65,0.40,0.50,0.53,0.40,0.45,0.80,0.40,0.35,0.60,0.81,0.64,0.57,0.62,0.74,0.66,0.54,0.50,0.50,0.50,0.40,0.67,0.47,0.40,0.63,0.40,0.53,0.52,0.57,0.52,0.42,0.40,0.70,0.75,0.54,0.48,0.55,0.67,0.51,0.34,0.62,0.63,0.40,0.63,0.60,0.63,0.80,0.80,0.66,0.83,0.80,0.43,0.53,0.77,0.68,1.06,0.50,0.67,0.63,0.68,0.57,0.70,0.70,0.50,0.50,0.63,0.50,0.50,0.70,0.55,0.43,0.50,0.53,0.45,0.47,0.58,0.38,1.12,0.73,1.14,0.62,0.88,0.40,0.60,0.32,0.90,0.90,0.70,0.69,0.58,0.67,0.83,0.60,0.38,0.40,0.60,0.70,0.82,0.50,0.70,0.67,0.57,0.50,0.52,0.75,0.65,0.70,0.50,0.50,0.40,0.45,0.63,0.53,0.40,0.40,0.34,0.30,0.40,0.70,0.62,0.36,0.40,,,,,,,,,,,,,,,,,,,,,,,,,,,,,,0.38,0.50,0.55,0.63,0.30,0.30,0.90,0.37,0.37,0.40,0.43,0.20,0.40,0.35,,0.25,0.50,0.53,0.87,0.50,0.60,0.33,0.50,0.65,1.00,0.45,0.30,0.40,0.60,0.87,0.77,0.43,0.55,0.53,0.45,0.65,0.30,0.65,0.62,0.60,0.88,0.60,0.45,0.70,0.68,0.50,0.55,0.23,0.93,0.37,0.70,1.13,0.65,0.65,0.40,0.60,0.87,0.55,0.50,0.54,0.85,0.85,0.80,0.55,0.62,0.57,0.55,0.55,0.66,0.65,0.43,0.47,1.07,0.67,0.72,0.63,0.60,0.40,0.53,0.70,0.67,0.50,0.93,0.75,0.90,0.50,0.53,0.35,0.75,0.30,0.35,0.50,0.67,0.60,0.63,0.55,0.77,0.60,0.80,0.60,0.70,0.60,0.40,0.55,0.45,0.70,0.35,0.35,0.65,0.45,0.20,,0.30,0.45,0.40,0.57,0.60,0.50,0.45,0.65,,0.65,0.30,0.30,0.55,0.60,0.55,0.50,0.40,0.40,0.75,0.45,0.60,0.70,0.50,0.45,0.25,0.30,0.50,,0.25,0.55,0.53,0.43,0.40,0.40,0.60,0.50,0.30,0.40,0.40,,0.40,,0.75,,0.50,0.70,0.30,0.30,0.30,0.40,0.50,0.30,0.53,0.40,0.45,0.75,0.15,0.60,0.35,0.30,0.20,0.70,0.50,0.85,0.50,0.30,0.75,0.60,,,,0.65,,
20260401,12,AQI,25,61,63,60,56,83,57,30,25,57,141,63,95,53,27,73,84,57,67,66,83,43,120,124,74,105,45,54,98,113,106,145,109,32,38,30,35,39,41,34,40,28,27,23,57,32,35,47,66,81,89,59,44,28,28,26,28,23,29,34,28,31,27,50,33,35,27,37,31,66,60,53,62,55,45,39,43,33,91,50,62,39,31,111,123,79,148,86,78,74,90,81,85,120,48,106,25,30,36,36,29,24,27,21,33,29,29,31,46,71,32,35,48,57,30,88,86,142,40,95,43,88,46,55,53,49,66,81,80,64,53,61,36,65,36,29,24,28,28,27,41,45,43,30,17,25,42,44,39,31,56,53,53,61,64,64,86,41,39,123,,,,,,,,,,,,,,,,,,,,,,,,,,,,,,39,56,33,50,49,47,56,45,52,54,31,26,46,26,,27,56,27,109,60,28,51,54,43,47,24,47,46,128,28,144,24,64,103,29,211,25,94,83,52,68,68,34,75,59,47,56,59,35,37,38,28,34,33,20,54,83,34,50,33,40,55,39,41,74,70,50,78,43,56,53,45,58,41,73,43,58,45,59,49,59,22,50,44,35,35,31,52,52,36,28,25,26,29,22,54,33,28,35,45,51,36,27,44,48,39,30,18,33,25,28,,23,26,34,23,33,47,25,40,,19,55,36,29,74,61,31,68,55,75,36,66,46,29,23,26,33,28,,34,25,50,35,37,52,44,51,58,64,56,,52,,46,,39,53,29,38,34,35,28,46,71,65,39,94,72,65,57,130,121,164,136,61,50,29,61,55,,,,50,,
20260401,12,PM2.5,6,20,30,9,5,61,7,7,3,29,90,28,71,15,14,17,33,36,41,48,61,30,91,94,54,79,28,37,73,85,80,111,82,6,16,6,18,13,12,3,14,8,8,3,34,4,24,21,48,60,66,42,30,8,9,18,12,14,15,9,4,6,6,27,22,21,15,18,5,39,34,20,34,17,24,27,15,8,17,31,12,5,18,84,93,58,34,64,57,36,67,60,63,91,29,7,3,7,25,24,3,5,9,11,4,3,6,3,19,52,4,9,19,19,7,29,19,40,7,71,18,65,30,38,37,34,46,60,59,46,27,44,20,47,22,6,9,17,10,8,20,24,30,21,9,11,28,24,24,20,33,28,21,32,35,24,30,13,9,41,,,,,,,,,,,,,,,,,,,,,,,,,,,,,,16,34,3,12,11,18,27,17,5,13,7,7,9,8,,3,11,3,30,16,3,17,16,28,33,8,21,32,97,3,110,4,8,63,6,161,7,70,61,31,48,49,3,55,36,33,33,42,23,8,9,3,3,4,12,38,61,24,35,7,18,39,17,17,54,51,29,57,30,26,37,25,41,13,53,30,37,25,42,34,31,12,35,31,21,24,22,29,24,25,3,8,7,11,3,20,9,6,11,19,35,15,17,25,17,25,11,12,16,10,12,,3,18,23,15,23,33,14,28,,13,36,22,3,45,42,11,49,39,55,21,48,32,8,6,3,3,16,,3,3,17,17,19,27,20,10,23,25,18,,19,,12,,9,18,7,10,13,8,3,6,30,29,14,30,13,29,18,69,53,63,50,14,3,3,26,,,,,30,,
20260401,12,PM2.5_24h,24,44,38,29,22,55,41,11,12,37,66,61,50,15,9,34,27,47,77,44,96,53,56,88,81,88,51,66,75,76,87,81,95,20,23,8,24,34,29,7,16,12,9,4,68,5,17,19,77,48,59,41,35,9,16,18,11,14,13,10,14,7,12,26,16,19,10,21,7,20,30,22,25,25,27,25,12,10,23,37,24,27,20,93,102,88,47,64,88,26,37,86,90,60,25,26,5,15,20,20,8,13,12,17,6,14,14,7,21,50,8,19,14,17,9,34,41,45,28,53,23,53,32,50,76,25,45,56,49,59,44,22,32,38,34,19,14,11,12,7,21,19,15,21,3,8,19,18,12,16,28,24,14,19,23,26,22,19,12,48,,,,,,,,,,,,,,,,,,,,,,,,,,,,,,39,57,16,14,12,16,24,12,15,12,22,8,12,9,,8,11,20,34,33,20,35,30,26,28,34,23,23,57,98,76,34,82,46,40,89,15,88,76,62,67,58,8,89,64,71,61,43,28,32,16,8,8,6,10,15,22,15,21,6,11,19,14,12,44,55,47,71,73,44,48,49,28,17,37,24,43,42,27,17,37,13,16,15,32,13,15,14,20,14,11,11,13,8,11,9,8,7,5,23,19,16,12,14,13,24,9,10,17,16,10,,4,8,13,13,11,15,12,15,,12,28,17,7,38,37,23,41,28,57,18,43,30,9,8,3,5,15,,2,5,20,14,13,16,28,22,24,35,18,,22,,15,,20,22,10,13,12,18,7,11,27,27,15,29,16,28,24,60,69,54,55,27,8,2,30,33,,,,33,,
20260401,12,PM10,23,71,76,69,61,95,64,10,18,64,231,75,108,56,20,96,117,64,83,61,77,35,127,140,83,98,45,57,80,104,106,125,101,11,23,13,21,20,20,7,17,13,12,12,64,11,35,47,79,79,102,48,44,14,18,25,20,23,29,16,12,12,26,50,33,35,27,37,9,81,70,56,73,60,45,29,43,33,131,50,73,39,28,99,139,78,245,79,92,98,109,84,81,123,48,161,8,19,32,36,6,13,11,19,9,29,24,17,46,75,32,35,48,64,18,125,122,233,40,111,43,98,46,59,46,44,82,92,87,65,56,65,36,48,32,18,18,28,28,16,41,45,43,29,17,25,42,44,39,31,61,56,55,72,77,78,122,41,39,196,,,,,,,,,,,,,,,,,,,,,,,,,,,,,,37,62,9,50,49,47,61,45,53,57,31,14,46,24,,16,61,27,168,69,24,51,58,43,46,19,47,44,142,18,177,24,77,155,29,227,13,93,74,53,86,45,17,91,67,47,61,64,32,19,29,9,6,20,20,55,85,32,37,15,30,34,30,41,87,83,50,76,42,61,54,45,59,41,81,41,65,45,48,44,67,16,43,34,,35,25,54,54,,21,13,26,15,14,57,19,28,35,45,52,36,27,44,48,39,30,18,23,14,,,23,21,34,14,,33,14,35,,17,59,36,17,97,71,24,56,51,71,36,70,41,29,19,12,7,19,,9,11,50,35,37,54,44,52,66,77,61,,54,,46,,39,55,29,38,34,30,21,13,92,79,39,138,94,79,63,209,191,278,221,72,50,12,71,60,,,,50,,
20260401,12,PM10_24h,51,82,77,69,74,77,85,40,30,66,102,96,81,31,21,84,53,95,123,56,121,61,87,121,106,119,71,101,72,101,123,102,103,31,35,14,32,46,39,12,21,18,12,11,116,13,24,27,114,68,71,56,44,17,27,26,19,21,23,16,23,12,21,42,31,31,24,35,15,66,60,41,66,62,35,36,32,37,76,65,66,71,23,121,141,126,86,107,126,52,73,105,118,92,42,65,10,26,31,33,16,25,19,30,9,29,27,22,34,75,32,47,42,55,30,82,111,101,71,81,143,70,69,67,105,38,69,70,64,90,75,44,47,42,44,30,18,21,26,17,33,42,23,33,10,27,45,33,25,28,68,60,39,54,68,89,75,53,42,207,,,,,,,,,,,,,,,,,,,,,,,,,,,,,,63,78,23,51,51,45,54,34,56,47,86,24,45,29,,40,53,70,110,99,62,87,70,49,60,86,80,36,87,138,112,44,104,75,62,112,25,115,97,93,108,67,17,117,93,86,79,64,38,32,23,17,16,13,13,19,28,23,22,13,22,26,26,21,65,80,71,85,89,75,63,81,45,37,68,43,68,58,40,27,65,23,25,21,41,19,22,20,33,15,21,25,27,14,19,24,14,11,17,43,41,33,26,31,43,35,30,17,28,23,23,,14,13,24,19,21,23,19,23,,15,39,33,17,74,51,33,54,41,75,25,57,41,19,19,12,17,19,,8,12,46,43,29,43,68,58,69,86,51,,59,,50,,57,51,26,33,42,41,24,30,85,79,50,104,51,52,84,182,220,203,228,75,39,13,64,68,,,,50,,
20260401,12,SO2,3,10,2,9,6,10,2,3,2,6,14,5,8,13,7,7,10,8,9,8,7,6,10,15,9,7,11,8,9,10,9,8,6,6,6,5,7,5,5,5,6,3,3,4,6,4,3,8,8,10,7,7,6,6,5,7,7,6,8,5,6,8,5,7,9,7,10,4,4,6,28,18,29,9,11,6,11,7,9,9,5,9,4,12,17,6,12,14,10,11,12,6,9,13,9,6,6,7,14,15,7,6,6,7,7,2,5,8,4,6,9,8,10,15,5,11,8,10,6,12,5,6,6,11,8,6,12,10,9,14,7,15,6,9,7,7,7,6,7,6,5,8,11,11,13,5,5,21,10,5,8,5,3,8,13,14,44,13,6,10,,,,,,,,,,,,,,,,,,,,,,,,,,,,,,5,,6,5,10,16,10,8,11,27,8,5,9,7,,4,12,5,8,8,5,5,6,11,10,2,5,7,9,9,6,7,4,6,6,11,9,8,9,7,11,5,4,7,7,4,5,6,4,5,3,4,3,5,5,5,14,3,5,4,7,9,7,6,13,11,4,10,6,7,3,5,9,8,19,13,5,4,6,6,9,7,7,7,11,9,4,4,6,4,7,7,5,8,5,23,6,7,9,8,24,9,9,7,21,7,5,10,9,4,4,,6,7,6,11,4,12,6,3,,5,7,7,9,10,6,4,4,5,10,6,5,7,6,5,8,8,11,,6,6,5,4,9,8,12,11,10,8,15,,6,,8,,4,17,10,10,12,17,9,16,12,13,9,4,8,11,4,5,13,6,12,7,8,5,11,12,,,,7,,
20260401,12,SO2_24h,3,10,3,8,12,7,5,3,5,5,11,7,10,6,7,12,10,8,10,6,7,5,6,11,9,6,6,8,6,10,7,8,6,6,6,5,6,5,5,5,6,2,3,4,6,4,3,7,7,8,5,7,7,6,5,5,6,5,6,4,5,7,5,7,8,5,6,4,5,5,10,11,11,7,4,5,9,6,10,11,6,13,3,14,12,9,17,17,10,10,9,8,7,13,7,13,7,7,10,9,7,6,6,6,5,5,5,7,4,6,10,9,7,9,8,16,11,11,12,10,6,6,6,8,9,6,11,5,9,11,6,12,6,7,7,7,8,5,7,8,4,8,8,7,10,6,3,7,7,7,5,3,2,5,7,15,17,16,5,10,,,,,,,,,,,,,,,,,,,,,,,,,,,,,,5,3,4,5,7,10,9,7,9,15,8,5,9,8,,5,9,12,12,9,8,6,6,10,9,2,4,7,9,12,12,6,7,9,7,8,9,7,8,7,7,6,4,7,7,5,5,6,3,5,3,9,3,5,4,5,7,3,5,3,7,9,8,9,10,10,4,6,6,5,3,4,9,7,12,9,5,4,5,5,5,7,6,10,4,5,4,5,3,4,10,7,5,7,6,13,6,6,7,7,9,7,7,6,11,6,5,6,9,4,5,,6,5,6,19,4,11,8,2,,4,6,6,9,9,6,4,5,5,9,5,6,7,6,6,9,8,12,,6,6,6,6,7,6,11,12,10,5,7,,5,,7,,5,12,7,9,12,16,7,15,9,10,9,4,8,8,4,4,10,4,3,8,6,5,16,10,,,,7,,
20260401,12,NO2,7,18,11,4,3,14,7,7,4,16,31,17,12,23,7,12,19,11,12,28,16,16,27,23,17,13,16,14,20,14,15,18,8,16,16,19,13,13,13,12,10,14,9,12,14,9,15,15,15,31,22,14,18,13,16,25,18,20,24,14,8,14,13,9,17,19,14,8,6,31,31,14,19,21,17,13,14,12,13,14,6,8,15,16,21,12,18,20,13,31,21,11,15,36,24,9,10,11,18,19,9,8,5,12,14,3,8,10,7,15,10,11,17,16,7,15,9,13,7,19,5,13,8,20,17,17,19,22,20,20,10,16,20,15,9,7,9,14,12,7,3,17,25,11,18,13,24,19,9,7,18,16,8,17,17,6,10,11,6,17,,,,,,,,,,,,,,,,,,,,,,,,,,,,,,7,12,13,13,11,18,19,18,14,21,3,5,8,8,,4,6,6,13,4,6,5,8,11,10,4,9,14,14,6,16,3,4,11,8,31,2,18,11,14,11,11,4,8,9,8,8,7,14,10,13,6,5,5,15,12,20,13,8,9,13,11,4,10,16,12,10,14,11,9,9,9,9,14,13,8,12,6,4,5,14,7,18,18,5,12,13,11,21,11,8,11,12,11,11,15,8,6,8,8,25,17,17,34,24,11,18,12,8,9,8,,9,13,14,6,15,9,6,12,,7,14,9,7,12,18,4,6,8,13,10,16,14,10,9,4,4,7,,2,5,10,11,12,15,12,20,7,13,19,,12,,15,,8,6,3,5,4,2,15,2,17,21,9,10,7,35,21,36,11,29,16,13,18,5,34,19,,,,4,,
20260401,12,NO2_24h,19,43,17,26,25,23,27,8,15,24,39,31,16,27,10,26,24,29,26,35,31,32,38,34,27,37,38,33,31,35,29,23,17,18,24,20,17,19,19,14,12,21,14,12,31,14,18,20,39,28,20,22,27,17,15,13,17,14,17,16,11,12,12,10,21,27,17,18,7,34,33,15,25,26,21,22,19,23,18,21,12,28,16,28,37,28,45,51,21,30,36,22,33,42,23,35,14,11,12,13,11,7,10,10,11,12,12,13,13,17,12,24,25,36,8,22,28,31,23,24,7,27,10,38,43,28,32,22,21,18,18,20,21,18,19,11,14,13,9,9,10,24,23,10,16,15,32,18,12,12,26,21,30,15,31,18,13,23,9,20,,,,,,,,,,,,,,,,,,,,,,,,,,,,,,12,15,16,23,15,25,27,19,30,16,7,5,9,10,,9,6,15,20,18,15,21,20,21,24,10,11,13,20,24,26,11,29,18,10,22,4,24,17,20,26,22,9,16,13,14,15,11,23,17,16,12,8,6,17,12,14,16,10,11,14,15,7,13,13,19,23,21,24,21,14,15,12,14,14,13,15,9,8,10,20,9,21,16,13,20,16,16,21,9,14,9,10,11,12,12,14,6,7,8,22,25,20,28,30,19,29,10,20,11,7,,16,6,13,10,16,12,7,11,,9,7,12,8,17,10,13,7,7,17,10,15,16,8,10,3,4,8,,2,2,20,42,12,18,34,30,17,17,20,,14,,13,,23,9,2,2,14,5,23,2,20,27,22,18,9,24,15,25,17,34,15,29,12,4,21,18,,,,8,,
20260401,12,O3,79,75,83,77,86,119,87,95,80,77,90,86,108,80,86,89,77,100,97,117,120,118,134,139,119,133,115,127,132,131,94,107,118,101,120,97,112,124,132,110,128,91,86,74,114,102,107,83,137,105,118,117,89,89,90,76,89,72,86,110,88,100,86,47,69,96,63,106,99,73,76,80,94,90,97,100,91,95,82,115,88,86,99,136,121,133,93,150,138,76,123,128,133,107,108,87,79,95,50,47,92,77,86,67,106,92,93,100,102,118,81,107,89,93,95,80,90,89,90,116,91,106,99,110,111,125,109,102,118,92,109,105,91,93,116,93,78,80,61,86,76,95,57,95,40,71,98,61,50,98,89,109,109,87,82,106,107,89,95,86,,,,,,,,,,,,,,,,,,,,,,,,,,,,,,124,100,105,103,69,91,89,70,93,90,86,83,81,82,,87,103,87,86,86,90,87,86,124,120,76,96,106,128,90,98,78,97,102,78,161,79,122,102,118,99,85,108,115,107,115,120,116,113,117,120,90,110,105,,104,91,104,127,106,127,117,125,114,110,120,114,100,103,103,114,121,121,95,100,117,110,118,128,125,128,69,66,49,113,108,58,45,74,44,89,80,84,92,71,94,106,71,104,98,75,70,73,42,76,72,76,24,107,80,90,,59,61,63,75,40,67,81,45,,59,91,88,93,113,55,98,104,93,107,85,58,46,85,75,84,105,89,,110,79,81,100,67,96,89,105,101,96,72,,101,,56,,83,,90,101,100,111,90,148,90,77,101,94,90,63,74,41,79,63,82,76,63,94,79,84,,,,72,,
20260401,12,O3_24h,79,75,83,77,86,119,87,95,80,77,90,86,108,80,86,89,77,100,97,117,120,118,134,139,119,133,115,127,132,131,94,107,118,101,120,97,112,124,132,110,128,91,86,74,114,102,107,83,137,105,118,117,89,89,90,76,89,72,86,110,88,100,86,47,69,96,63,106,99,73,76,80,94,90,97,100,91,95,82,115,88,86,99,136,121,133,93,150,138,76,123,128,133,107,108,87,79,95,50,47,92,77,86,67,106,92,93,100,102,118,81,107,89,93,95,80,90,89,90,116,91,106,99,110,111,125,109,102,118,92,109,105,91,93,116,93,78,80,61,86,76,95,57,95,40,71,98,61,50,98,89,109,109,87,82,106,107,89,95,86,,,,,,,,,,,,,,,,,,,,,,,,,,,,,,124,100,105,103,69,91,89,70,93,90,86,83,81,82,,87,103,87,86,86,90,87,86,124,120,76,96,106,128,90,98,78,97,102,78,161,79,122,102,118,99,85,108,115,107,115,120,116,113,117,120,90,110,105,,104,91,104,127,106,127,117,125,114,110,120,114,100,103,103,114,121,121,95,100,117,110,118,128,125,128,69,66,49,113,108,58,45,74,44,89,80,84,92,71,94,106,71,104,98,75,70,73,42,76,72,76,24,107,80,90,,59,61,63,75,40,67,81,45,,59,91,88,93,113,55,98,104,93,107,85,58,46,85,75,84,105,89,,110,79,81,100,67,96,89,105,101,96,72,,101,,56,,83,,90,101,100,111,90,148,90,77,101,94,90,63,74,41,79,63,82,76,63,94,79,84,,,,72,,
20260401,12,O3_8h,68,38,65,44,61,73,53,75,38,62,41,50,85,41,65,69,71,76,77,56,55,59,48,63,60,60,70,64,78,46,55,55,68,89,94,83,87,83,90,101,108,72,71,71,64,87,48,57,69,76,79,71,32,60,56,53,63,54,62,61,72,73,74,52,36,41,28,55,95,37,37,43,43,70,36,49,47,53,68,69,77,77,57,69,55,79,47,62,74,72,46,63,73,46,91,52,45,62,58,46,72,61,76,44,82,73,62,67,43,82,55,56,42,45,75,60,62,47,82,72,77,53,85,66,42,67,48,65,87,70,55,59,43,66,69,54,26,57,62,65,49,38,29,67,31,50,47,42,24,75,56,59,31,42,33,50,91,53,88,70,,,,,,,,,,,,,,,,,,,,,,,,,,,,,,99,74,66,49,38,42,56,48,31,64,53,69,52,58,,54,97,82,62,69,82,72,68,54,50,69,73,53,70,70,84,76,66,68,83,91,77,73,73,67,55,50,79,76,78,72,73,94,58,83,85,68,69,76,75,76,44,83,97,83,79,66,79,86,89,74,71,48,50,42,94,85,58,49,63,76,88,86,81,65,58,27,25,22,76,58,33,19,16,28,68,81,73,63,73,51,56,62,78,73,42,35,42,19,23,41,24,33,43,44,56,,31,36,56,63,28,25,78,24,,19,55,48,81,58,36,50,101,80,53,70,27,25,60,69,84,102,81,,109,78,30,40,31,47,32,43,44,51,43,,89,,52,,41,67,58,76,63,73,54,132,37,30,56,76,76,67,55,56,62,14,66,46,31,95,77,87,,,,61,,
20260401,12,O3_8h_24h,68,38,64,44,61,73,53,75,38,62,41,50,85,41,65,69,64,75,76,56,55,59,48,63,60,60,70,64,78,46,55,55,68,89,94,81,85,83,90,96,108,72,70,69,64,85,48,57,69,73,74,71,32,60,56,53,63,54,62,61,72,73,73,49,35,40,28,55,92,37,36,40,43,67,36,49,47,53,67,69,77,77,57,69,55,79,47,62,74,65,46,63,73,46,88,56,44,62,50,43,72,61,76,44,82,73,62,67,42,82,53,56,42,45,75,60,62,47,82,72,77,53,79,66,42,67,48,65,86,69,53,59,43,66,69,53,26,57,61,64,49,38,28,63,28,48,47,35,23,74,56,59,31,42,33,50,91,53,83,67,,,,,,,,,,,,,,,,,,,,,,,,,,,,,,99,74,66,49,38,42,56,47,31,57,76,69,52,58,,54,97,82,62,69,82,72,68,54,50,69,73,53,70,70,84,76,66,68,76,91,76,73,72,67,55,50,79,75,78,72,73,94,58,83,84,68,69,76,72,76,44,69,97,83,79,66,79,86,87,74,71,48,50,42,92,85,63,49,60,76,82,86,81,65,58,27,25,22,76,58,33,19,26,28,68,78,72,62,71,51,56,60,77,73,42,35,41,14,23,42,24,23,43,44,56,,31,36,56,63,28,25,77,22,,19,55,48,81,58,36,50,101,79,53,69,25,25,57,68,78,99,79,,106,72,30,40,31,47,32,43,44,51,43,,89,,43,,41,59,58,76,63,73,54,132,37,30,56,76,76,58,51,45,62,14,65,46,28,94,68,49,,,,53,,
20260401,12,CO,0.28,0.63,0.30,0.46,0.25,0.78,0.26,0.33,0.20,0.55,0.65,0.30,0.57,0.82,0.28,0.46,0.56,0.41,0.49,0.76,0.85,0.64,0.94,1.04,0.62,0.76,0.77,0.61,0.93,0.83,0.74,0.86,0.50,0.53,0.37,0.40,0.41,0.58,0.50,0.37,0.50,0.50,0.50,0.40,0.59,0.47,0.55,0.64,0.65,0.68,0.63,0.48,0.82,0.70,0.64,0.60,0.60,0.50,0.60,0.70,0.55,0.53,0.55,0.63,0.60,0.53,0.60,0.47,0.40,0.48,0.87,0.95,0.85,0.41,1.03,0.62,0.46,0.34,0.58,0.47,0.23,0.32,0.70,0.54,0.70,0.60,0.44,0.57,0.60,0.50,0.48,0.63,0.70,1.05,0.50,0.38,0.60,0.82,0.70,0.97,0.70,0.55,0.50,0.67,0.50,0.40,0.70,0.55,0.33,0.50,0.45,0.34,0.70,0.72,0.36,0.72,0.40,0.68,0.34,0.98,0.36,0.53,0.40,1.00,0.70,0.70,0.65,0.80,0.70,0.70,0.43,0.47,0.35,0.57,0.65,0.73,0.45,0.70,0.80,0.54,0.50,0.52,0.88,0.85,0.70,0.50,0.53,0.40,0.48,0.57,0.53,0.40,0.30,0.44,0.40,0.20,1.00,0.58,0.36,0.45,,,,,,,,,,,,,,,,,,,,,,,,,,,,,,0.28,0.40,0.70,0.60,0.37,0.35,0.88,0.40,0.37,0.57,0.40,0.20,0.40,0.30,,0.20,0.50,0.33,0.53,0.40,0.37,0.33,0.40,0.55,0.85,0.35,0.40,0.37,0.60,0.30,0.57,0.35,0.15,0.43,0.35,1.10,0.20,0.54,0.54,0.50,0.80,0.60,0.50,0.60,0.62,0.33,0.40,0.23,0.70,0.30,0.67,0.77,0.50,0.60,0.45,0.77,1.63,1.00,0.55,0.46,0.85,0.83,0.65,0.50,1.00,0.58,0.45,0.47,0.52,0.57,0.53,0.27,0.82,0.70,0.76,0.57,0.55,0.40,0.40,0.60,0.63,0.50,1.25,0.75,0.90,0.40,0.53,0.45,1.05,0.35,0.25,0.53,0.72,0.57,0.55,0.60,0.90,0.60,0.75,0.70,1.13,0.60,0.40,0.77,0.60,0.68,0.37,0.45,0.70,0.45,0.20,,0.30,0.55,0.43,0.60,0.65,0.60,0.45,0.65,,0.80,0.40,0.30,0.55,0.65,0.65,0.40,0.50,0.55,0.80,0.45,0.65,0.60,0.55,0.45,0.30,0.30,0.40,,0.25,0.55,0.47,0.30,0.50,0.50,0.40,0.45,0.20,0.40,0.50,,0.40,,0.70,,0.30,0.70,0.40,0.40,0.20,0.30,0.50,0.30,0.57,0.45,0.35,0.70,,1.20,0.40,0.40,0.25,0.50,0.45,0.65,0.30,0.30,0.80,0.80,,,,0.80,,
20260401,12,CO_24h,0.42,0.68,0.56,0.67,0.60,0.70,0.41,0.27,0.40,0.43,0.57,0.53,0.85,0.50,0.34,0.73,0.66,0.56,0.62,0.59,0.95,0.78,0.75,0.96,0.68,0.88,0.99,0.76,0.86,0.75,0.78,0.84,0.60,0.57,0.49,0.33,0.46,0.70,0.65,0.40,0.50,0.53,0.40,0.45,0.78,0.40,0.38,0.60,0.80,0.66,0.56,0.62,0.74,0.66,0.54,0.50,0.53,0.50,0.43,0.67,0.47,0.47,0.63,0.40,0.53,0.51,0.57,0.52,0.42,0.40,0.73,0.75,0.56,0.47,0.58,0.67,0.51,0.34,0.62,0.63,0.40,0.63,0.60,0.66,0.80,0.80,0.66,0.83,0.78,0.43,0.53,0.75,0.68,1.04,0.50,0.67,0.63,0.68,0.57,0.73,0.70,0.50,0.50,0.63,0.50,0.50,0.67,0.55,0.43,0.50,0.54,0.45,0.50,0.58,0.38,1.10,0.72,1.08,0.60,0.92,0.40,0.60,0.30,0.90,0.90,0.70,0.68,0.58,0.67,0.80,0.60,0.38,0.40,0.60,0.70,0.82,0.50,0.70,0.70,0.57,0.50,0.52,0.75,0.65,0.70,0.50,0.50,0.40,0.45,0.60,0.53,0.40,0.40,0.34,0.30,0.40,0.70,0.60,0.36,0.40,,,,,,,,,,,,,,,,,,,,,,,,,,,,,,0.38,0.50,0.55,0.63,0.30,0.30,0.90,0.37,0.37,0.40,0.43,0.20,0.40,0.35,,0.25,0.50,0.53,0.87,0.50,0.57,0.33,0.50,0.65,1.00,0.45,0.30,0.40,0.60,0.87,0.77,0.43,0.55,0.53,0.45,0.65,0.30,0.65,0.62,0.60,0.85,0.60,0.45,0.70,0.68,0.50,0.53,0.23,0.93,0.37,0.70,1.10,0.60,0.60,0.35,0.60,0.93,0.55,0.50,0.52,0.85,0.85,0.80,0.55,0.62,0.57,0.55,0.55,0.66,0.65,0.43,0.47,1.05,0.67,0.72,0.63,0.60,0.40,0.50,0.70,0.67,0.50,0.97,0.75,0.90,0.50,0.53,0.35,0.75,0.35,0.35,0.50,0.67,0.60,0.63,0.55,0.77,0.60,0.80,0.60,0.70,0.60,0.40,0.55,0.45,0.70,0.35,0.40,0.65,0.45,0.20,,0.30,0.45,0.40,0.60,0.60,0.50,0.45,0.65,,0.65,0.30,0.30,0.55,0.60,0.55,0.50,0.40,0.40,0.75,0.45,0.55,0.70,0.50,0.45,0.25,0.30,0.50,,0.25,0.55,0.53,0.43,0.40,0.40,0.60,0.50,0.30,0.40,0.40,,0.40,,0.75,,0.50,0.70,0.30,0.30,0.30,0.40,0.50,0.30,0.53,0.40,0.45,0.75,0.15,0.65,0.35,0.30,0.20,0.65,0.50,0.85,0.50,0.30,0.75,0.60,,,,0.65,,
20260401,13,AQI,28,61,61,54,53,100,55,30,26,63,115,66,79,51,28,72,83,60,66,59,73,42,105,93,61,94,49,52,104,99,99,135,91,34,40,31,38,42,41,36,39,32,32,26,56,33,42,32,58,88,66,51,43,33,36,34,35,30,36,40,31,35,28,49,31,35,24,34,32,65,53,43,61,43,41,40,38,34,82,38,61,34,33,85,126,79,110,88,63,77,75,75,53,125,46,99,28,34,46,39,30,26,28,23,36,29,33,36,33,68,48,36,34,57,31,85,75,130,34,113,37,66,42,60,81,51,60,81,65,55,46,51,33,41,38,33,28,36,22,30,36,43,44,35,17,27,39,34,35,34,55,52,48,60,62,59,86,42,40,120,,,,,,,,,,,,,,,,,,,,,,,,,,,,,,40,54,37,35,50,39,53,47,48,53,30,26,46,28,,27,55,28,103,60,29,47,55,40,47,25,40,44,118,28,149,25,51,77,35,173,25,80,74,52,68,64,37,61,49,52,46,56,39,41,41,32,36,35,32,59,64,37,44,34,42,39,41,38,71,70,52,57,38,56,52,39,55,49,64,40,51,42,49,44,53,28,56,34,40,38,27,30,40,31,29,28,28,31,25,32,35,24,35,34,48,36,29,39,44,38,30,16,37,29,31,,21,30,36,25,24,40,24,37,,23,53,31,29,71,58,31,63,53,75,28,69,41,28,27,29,33,30,,36,27,37,38,30,47,45,36,65,73,49,,52,,41,,34,43,34,37,37,38,28,48,65,56,39,94,62,56,60,128,122,141,140,61,33,28,67,60,,,,51,,
20260401,13,PM2.5,9,16,24,7,7,75,13,5,3,25,26,23,58,15,7,21,30,38,39,42,53,19,79,69,43,70,27,34,78,74,74,103,68,5,10,3,19,16,16,4,9,7,9,3,32,6,15,20,40,65,47,36,30,8,11,23,12,19,18,7,5,5,9,23,21,20,9,14,5,38,28,16,30,15,21,23,12,15,15,22,9,5,10,63,96,58,18,53,45,39,55,55,37,95,30,7,5,6,32,26,3,7,8,11,5,3,5,3,15,49,9,9,15,33,10,32,18,33,6,85,12,48,23,43,40,36,32,60,44,39,22,21,12,29,19,4,8,14,11,8,21,25,31,18,8,8,22,17,24,15,30,21,17,34,34,19,30,13,9,39,,,,,,,,,,,,,,,,,,,,,,,,,,,,,,12,33,3,8,9,15,18,21,6,19,7,3,7,13,,3,13,3,34,18,3,16,22,24,33,8,18,31,89,16,114,5,9,41,6,131,3,59,54,31,46,46,8,41,29,36,29,33,23,10,7,3,3,4,11,42,46,21,31,7,13,27,18,15,52,51,27,33,20,29,31,24,39,16,46,28,29,18,34,27,20,11,40,24,18,19,15,18,21,22,3,9,10,11,9,13,8,11,23,15,25,16,12,22,15,19,10,11,11,9,10,,3,21,19,17,17,28,15,26,,12,27,20,6,43,37,12,45,37,55,17,50,29,7,3,3,3,13,,3,3,17,17,16,17,16,12,20,27,19,,19,,13,,8,14,3,12,7,7,9,8,30,20,8,34,15,26,17,65,54,53,51,18,3,3,38,19,,,,32,,
20260401,13,PM2.5_24h,24,44,38,28,21,56,40,10,12,37,66,61,51,16,8,34,28,46,76,44,93,52,58,89,79,87,50,64,75,76,86,82,95,19,23,7,24,33,28,6,16,11,9,4,67,5,17,19,77,50,58,40,36,9,16,18,11,14,13,9,14,6,11,26,16,19,10,21,7,21,30,22,26,25,27,26,12,10,22,36,24,27,19,95,103,87,46,66,87,26,38,84,88,63,26,26,5,15,21,20,8,13,12,17,5,13,13,6,21,49,8,19,14,18,9,34,41,46,27,57,20,54,31,50,74,25,44,56,48,57,42,22,31,37,33,18,13,12,12,8,21,20,16,21,4,8,20,18,13,17,28,24,14,20,24,27,22,18,12,48,,,,,,,,,,,,,,,,,,,,,,,,,,,,,,38,57,15,14,13,17,23,12,15,12,21,8,12,9,,8,11,19,35,34,19,34,30,26,29,32,23,24,58,96,80,33,79,46,40,91,14,86,75,59,66,58,7,87,63,69,59,42,27,32,14,7,7,6,10,15,24,13,22,6,11,20,15,13,44,54,47,70,71,43,47,48,28,17,37,23,42,40,27,17,36,13,18,16,31,14,15,14,22,15,10,11,13,8,10,9,8,7,6,23,19,15,12,14,13,24,8,11,17,16,10,,4,9,14,14,11,15,13,16,,12,28,18,7,38,37,24,41,28,56,18,43,31,9,8,3,5,15,,2,5,21,14,13,16,28,22,24,35,18,,23,,15,,20,21,10,13,12,17,7,10,28,27,15,29,16,28,24,60,69,54,54,27,8,2,30,34,,,,33,,
20260401,13,PM10,28,71,72,58,55,102,59,15,15,76,179,82,103,52,19,93,116,70,82,53,77,23,109,108,71,95,49,54,90,96,107,125,82,10,18,10,22,23,24,10,15,12,14,9,61,12,22,32,66,83,82,44,42,15,21,29,21,26,31,15,11,11,27,49,31,34,24,25,8,80,56,43,71,43,37,25,38,34,114,38,72,34,21,73,135,80,170,126,72,103,96,70,56,122,46,147,9,21,39,39,10,24,10,18,10,26,24,18,25,68,48,31,32,63,17,120,99,209,34,129,37,73,42,61,111,46,70,93,79,57,46,52,33,41,27,17,25,36,16,21,36,43,43,30,16,24,39,34,35,30,60,54,48,69,74,68,122,42,40,189,,,,,,,,,,,,,,,,,,,,,,,,,,,,,,34,57,9,34,50,39,56,47,48,56,30,12,46,24,,13,60,21,155,69,20,47,59,31,47,25,40,44,128,15,166,21,52,103,35,160,12,77,68,53,85,,18,72,49,54,46,61,33,29,25,20,8,21,19,52,58,30,36,18,26,30,31,30,85,76,54,64,35,61,54,34,60,49,78,40,52,40,45,44,55,24,51,32,,29,17,30,40,,25,16,28,19,16,32,14,24,28,34,48,36,19,39,44,38,30,16,18,13,,,12,23,36,15,19,32,16,31,,17,55,25,24,91,66,24,51,52,73,28,70,35,21,12,11,6,15,,7,7,37,38,30,47,45,25,80,95,49,,53,,41,,34,43,19,37,29,22,28,16,80,61,39,137,74,62,70,206,193,231,230,71,33,16,84,70,,,,52,,
20260401,13,PM10_24h,50,82,78,70,74,78,84,40,29,67,107,97,82,33,20,86,56,95,123,56,119,60,89,122,104,118,71,99,73,102,122,103,102,29,34,14,31,46,38,11,20,17,13,10,113,13,24,27,115,69,70,55,45,16,27,26,18,21,23,15,22,11,19,42,32,31,24,35,14,67,60,41,66,61,36,36,32,38,78,64,68,72,23,122,142,124,91,109,124,54,75,104,116,94,43,70,10,27,31,33,16,24,17,30,8,27,26,21,34,74,33,47,42,57,30,85,114,108,71,85,103,72,68,67,105,38,69,71,64,88,74,44,47,42,43,29,17,21,25,17,33,43,25,33,10,27,45,33,26,28,68,60,41,55,69,90,76,52,42,205,,,,,,,,,,,,,,,,,,,,,,,,,,,,,,62,77,22,51,52,46,53,35,56,47,86,24,45,28,,41,52,70,115,101,61,87,71,49,61,85,80,36,88,136,118,44,103,78,61,116,23,113,95,89,106,66,16,115,91,84,77,63,38,32,22,16,15,12,13,21,29,22,24,13,23,26,26,21,65,79,70,85,87,73,62,80,46,38,67,42,67,56,40,28,63,23,26,21,40,20,22,21,34,15,20,24,26,14,18,25,15,12,17,42,42,34,26,31,43,36,30,17,28,23,22,,14,13,25,19,22,24,19,24,,15,40,33,17,75,51,33,53,41,74,25,56,42,19,18,12,17,18,,8,12,47,43,29,43,69,57,70,87,50,,59,,51,,57,51,26,34,42,41,24,30,85,78,50,106,52,52,84,183,220,202,222,75,39,13,66,69,,,,50,,
20260401,13,SO2,3,9,3,8,6,9,3,3,2,5,7,5,7,10,7,7,8,7,8,7,7,5,8,12,9,6,11,8,8,9,8,8,6,6,5,5,6,5,5,5,5,3,3,4,6,4,3,7,8,10,6,7,6,6,5,7,6,6,8,5,6,8,5,7,9,6,9,4,4,7,20,14,26,8,8,6,8,6,10,8,5,10,4,10,16,6,10,13,9,12,10,6,6,13,9,5,6,7,14,15,7,6,6,7,7,2,5,9,4,5,7,7,8,10,5,12,8,10,6,13,5,4,6,9,8,8,13,9,9,13,6,13,6,7,7,7,8,5,8,5,5,8,12,9,12,5,4,7,13,6,7,4,3,8,11,15,46,12,6,11,,,,,,,,,,,,,,,,,,,,,,,,,,,,,,5,8,6,5,10,12,9,9,7,25,5,5,10,8,,4,11,5,8,8,5,4,7,10,11,2,5,7,8,8,7,5,5,7,6,10,9,7,9,6,9,5,4,7,7,5,5,6,4,5,4,4,3,5,6,6,10,3,4,4,7,9,8,8,12,10,5,8,6,7,3,4,6,7,14,7,5,4,5,6,5,8,9,7,11,7,5,5,6,6,6,7,5,9,5,19,6,7,9,8,18,10,9,7,16,7,5,9,9,4,4,,6,7,5,11,4,11,5,4,,5,6,7,9,9,7,4,4,5,10,5,6,7,6,5,9,8,10,,6,6,6,4,6,7,8,13,10,9,12,,5,,7,,4,13,9,10,13,13,10,17,11,11,7,4,9,9,5,5,12,6,10,9,6,5,14,13,,,,6,,
20260401,13,SO2_24h,3,10,3,8,12,7,4,3,4,5,11,6,10,7,7,12,10,8,10,6,7,5,6,11,9,6,6,8,6,9,8,8,6,6,6,5,6,5,5,5,6,2,3,4,6,4,3,7,7,9,5,7,7,6,5,5,6,5,6,5,5,7,5,7,8,5,6,4,5,5,11,11,12,7,4,5,8,6,10,11,6,13,3,14,12,8,17,17,9,10,9,8,7,12,7,13,7,7,10,9,7,6,6,6,5,4,4,7,5,6,10,9,7,9,8,15,10,11,11,11,6,6,6,8,9,6,11,6,9,10,6,12,6,7,7,7,8,5,7,8,4,7,8,7,10,6,3,7,7,6,5,3,2,5,7,15,18,16,5,10,,,,,,,,,,,,,,,,,,,,,,,,,,,,,,5,3,4,5,8,10,9,7,9,15,8,5,9,8,,5,9,12,12,9,8,6,6,10,9,2,4,7,9,12,12,6,7,9,7,8,9,7,8,7,7,6,4,7,7,5,5,6,3,5,3,8,3,5,4,5,6,2,5,3,7,9,8,9,10,10,4,6,6,6,3,4,9,7,12,9,5,4,5,5,5,8,6,10,4,5,5,5,4,4,9,7,5,7,6,13,6,6,8,7,9,8,7,6,10,6,5,7,9,4,5,,6,5,5,19,4,11,8,2,,4,6,6,9,9,6,4,5,5,9,5,5,7,6,5,9,8,12,,6,6,6,6,7,6,11,12,10,5,8,,5,,7,,5,12,7,10,12,16,7,15,9,10,9,4,8,8,4,5,11,4,3,8,6,5,16,10,,,,7,,
20260401,13,NO2,7,16,10,4,5,13,8,8,4,11,11,17,8,17,6,11,16,10,10,25,15,14,24,19,14,10,14,14,22,12,14,15,3,15,15,15,14,13,15,13,9,12,8,9,10,9,10,13,13,30,17,11,14,12,16,22,16,20,24,13,7,12,13,8,16,15,11,7,6,27,21,11,18,15,12,11,10,9,13,11,6,8,12,13,19,11,11,21,13,28,21,12,11,30,31,9,9,10,19,16,10,11,5,12,13,3,8,10,5,14,11,8,13,12,7,15,9,12,7,19,5,10,7,17,14,17,18,20,16,15,9,12,18,12,9,8,8,12,12,7,3,15,20,8,19,9,14,13,7,7,15,14,8,17,16,4,10,9,7,13,,,,,,,,,,,,,,,,,,,,,,,,,,,,,,7,12,11,9,10,12,14,19,14,17,3,5,7,8,,5,6,6,13,4,6,5,8,10,10,3,8,14,12,6,13,3,4,8,7,23,2,13,9,11,14,11,4,9,7,9,8,7,13,9,10,5,5,5,,12,11,13,7,8,13,10,5,9,15,13,10,12,8,9,9,9,4,11,10,7,10,4,3,5,7,4,16,16,2,10,11,9,14,12,9,12,11,12,11,11,8,7,9,7,16,15,13,24,21,11,15,10,6,7,6,,7,11,11,6,16,7,6,11,,6,6,8,7,9,20,4,6,7,11,7,16,17,9,5,3,4,4,,1,3,8,10,9,11,9,17,3,9,12,,11,,10,,6,,1,3,4,3,18,1,14,15,6,8,5,19,11,29,7,12,14,13,9,9,29,18,,,,6,,
20260401,13,NO2_24h,18,43,17,25,24,23,27,7,15,23,38,31,15,28,10,26,24,29,26,36,30,32,38,34,27,37,37,32,31,35,29,23,17,18,24,20,17,19,19,14,12,20,14,12,31,14,18,20,39,29,20,21,27,17,15,14,17,15,18,17,11,12,12,10,21,26,17,18,7,35,33,15,25,26,21,21,19,23,18,21,12,28,15,28,37,28,44,51,21,31,36,22,33,42,24,34,14,11,12,13,11,8,10,10,11,12,12,13,13,17,11,24,25,37,8,22,28,31,22,25,7,27,10,38,42,28,32,23,21,18,18,20,22,18,19,11,14,13,9,9,10,24,23,10,16,15,31,18,12,12,26,21,30,15,31,18,13,23,9,20,,,,,,,,,,,,,,,,,,,,,,,,,,,,,,11,15,16,23,16,25,27,19,30,16,7,5,9,10,,9,6,15,20,18,14,21,20,21,24,10,11,13,20,24,27,10,29,18,10,22,3,24,16,19,25,22,8,15,13,14,15,11,22,17,15,11,8,6,17,12,14,15,9,10,14,15,7,13,13,19,22,20,23,21,14,15,12,14,14,13,15,8,8,10,19,9,21,17,13,20,16,16,21,10,14,9,10,11,12,13,14,6,7,8,22,24,20,28,30,19,29,10,19,11,8,,16,7,14,10,17,12,7,12,,9,7,12,8,17,11,13,7,7,17,10,15,16,8,10,3,4,8,,2,2,20,42,12,19,34,30,17,17,21,,14,,13,,23,9,2,2,14,5,24,2,20,27,22,18,9,24,15,26,17,34,15,29,12,4,22,18,,,,8,,
20260401,13,O3,85,80,88,83,85,132,98,97,84,88,86,99,120,97,91,100,82,112,97,130,130,134,143,155,129,137,130,137,149,141,102,115,130,109,127,100,120,133,132,115,126,101,102,84,125,107,134,102,144,118,136,137,121,104,115,109,113,95,115,128,99,113,91,54,78,112,70,109,102,88,97,92,106,106,130,128,97,107,85,123,92,88,104,144,138,142,94,157,140,89,115,141,131,131,104,91,90,109,49,50,97,84,90,73,116,92,106,114,105,131,85,116,108,99,100,90,93,93,92,133,90,96,96,122,127,138,121,120,135,118,117,121,107,94,121,105,90,92,69,96,74,106,88,111,54,85,118,93,60,108,101,115,111,99,98,120,107,103,98,87,,,,,,,,,,,,,,,,,,,,,,,,,,,,,,127,113,118,111,76,107,108,82,110,102,89,84,93,88,,87,106,90,99,95,94,94,96,128,124,81,97,127,119,90,120,79,100,103,77,152,79,135,116,133,108,104,118,120,117,124,136,124,126,132,130,101,114,111,103,109,120,117,130,108,134,126,130,123,122,130,124,116,122,112,119,124,129,107,117,129,119,134,140,140,130,89,90,83,128,123,86,74,99,66,93,89,89,100,80,100,112,72,113,100,98,86,94,73,88,95,90,34,119,94,98,,67,78,70,80,53,75,78,59,,72,103,98,93,118,62,99,106,98,131,91,69,50,88,87,93,107,95,,114,87,98,111,91,100,101,115,109,109,94,,107,,69,,95,123,109,109,117,123,90,154,99,98,108,104,101,97,115,54,97,88,93,80,91,89,99,104,,,,75,,
20260401,13,O3_24h,85,80,88,83,85,132,98,97,84,88,86,99,120,97,91,100,82,112,97,130,130,134,143,155,129,137,130,137,149,141,102,115,130,109,127,100,120,133,132,115,126,101,102,84,125,107,134,102,144,118,136,137,121,104,115,109,113,95,115,128,99,113,91,54,78,112,70,109,102,88,97,92,106,106,130,128,97,107,85,123,92,88,104,144,138,142,94,157,140,89,115,141,131,131,104,91,90,109,49,50,97,84,90,73,116,92,106,114,105,131,85,116,108,99,100,90,93,93,92,133,90,96,96,122,127,138,121,120,135,118,117,121,107,94,121,105,90,92,69,96,74,106,88,111,54,85,118,93,60,108,101,115,111,99,98,120,107,103,98,87,,,,,,,,,,,,,,,,,,,,,,,,,,,,,,127,113,118,111,76,107,108,82,110,102,89,84,93,88,,87,106,90,99,95,94,94,96,128,124,81,97,127,119,90,120,79,100,103,77,152,79,135,116,133,108,104,118,120,117,124,136,124,126,132,130,101,114,111,103,109,120,117,130,108,134,126,130,123,122,130,124,116,122,112,119,124,129,107,117,129,119,134,140,140,130,89,90,83,128,123,86,74,99,66,93,89,89,100,80,100,112,72,113,100,98,86,94,73,88,95,90,34,119,94,98,,67,78,70,80,53,75,78,59,,72,103,98,93,118,62,99,106,98,131,91,69,50,88,87,93,107,95,,114,87,98,111,91,100,101,115,109,109,94,,107,,69,,95,123,109,109,117,123,90,154,99,98,108,104,101,97,115,54,97,88,93,80,91,89,99,104,,,,75,,
20260401,13,O3_8h,71,47,69,53,69,83,60,79,47,70,51,59,92,49,70,76,72,81,81,69,69,73,65,78,70,74,82,76,91,65,62,65,80,92,99,84,91,93,98,102,112,75,74,64,77,88,60,64,83,79,82,81,46,67,66,60,70,59,69,71,77,79,76,52,43,51,34,64,95,45,45,47,54,73,51,64,54,61,70,76,79,78,64,82,70,89,58,81,85,73,60,76,85,61,93,59,49,70,59,47,76,67,78,49,88,77,69,77,51,89,59,66,53,55,79,65,71,57,83,83,79,63,87,80,58,76,61,74,93,75,62,70,53,69,77,62,35,61,63,69,54,50,36,70,32,54,59,43,28,78,62,68,44,51,44,60,94,60,88,71,,,,,,,,,,,,,,,,,,,,,,,,,,,,,,103,82,73,59,46,52,64,53,44,64,54,72,58,63,,61,98,83,69,73,83,76,72,68,63,71,76,65,82,74,91,77,75,75,83,102,77,84,78,77,66,61,85,82,84,82,83,98,69,96,90,73,76,82,76,81,54,87,102,87,88,76,87,91,93,84,81,58,62,55,96,91,66,59,68,82,88,93,89,77,71,36,35,32,83,65,43,28,22,34,70,81,75,68,74,59,67,62,82,78,50,43,50,24,34,46,36,33,57,52,61,,37,42,60,65,31,32,78,27,,28,61,55,82,66,38,58,102,82,64,71,31,29,61,70,84,102,81,,109,78,40,54,39,55,43,54,52,59,49,,91,,55,,50,67,66,81,69,81,58,136,47,41,66,78,81,67,59,56,66,25,67,51,37,95,77,53,,,,61,,
20260401,13,O3_8h_24h,71,47,68,53,69,83,60,79,47,70,51,59,92,49,70,76,65,81,81,69,69,73,65,78,70,74,82,76,91,65,62,65,80,92,99,83,91,93,98,98,112,75,74,70,77,87,60,64,83,79,82,81,46,67,66,60,70,59,69,71,77,79,76,49,42,51,34,64,92,45,45,47,54,72,51,64,54,61,70,76,79,78,64,82,70,89,58,81,85,67,60,76,85,61,89,64,49,70,51,45,76,67,78,49,88,77,69,77,51,89,59,66,53,55,79,65,71,57,83,83,79,63,83,80,58,76,61,74,93,75,62,70,53,69,77,62,35,61,62,69,54,50,36,70,31,53,59,42,28,78,62,68,44,51,44,60,94,60,84,69,,,,,,,,,,,,,,,,,,,,,,,,,,,,,,103,82,73,59,46,52,64,53,44,62,78,72,58,63,,61,98,83,69,73,83,76,72,68,63,71,76,65,82,74,91,77,75,75,75,102,77,84,78,77,66,61,85,82,84,82,83,98,69,96,90,73,76,82,74,81,54,76,102,87,88,76,87,91,92,84,81,58,62,55,96,91,74,59,68,82,85,93,89,77,71,36,35,32,83,68,43,28,38,34,70,79,75,68,72,59,67,60,82,78,50,43,50,22,34,49,36,22,57,52,61,,37,42,60,65,31,32,77,27,,28,61,55,82,66,38,58,102,82,64,71,31,29,61,70,80,100,81,,107,73,40,54,39,55,43,54,52,59,49,,91,,45,,50,67,66,81,69,81,58,136,47,41,66,78,81,62,59,44,66,25,67,51,37,93,71,53,,,,56,,
20260401,13,CO,0.29,0.58,0.28,0.47,0.25,0.78,0.36,0.33,0.20,0.57,0.35,0.38,0.50,0.46,0.26,0.46,0.49,0.41,0.46,0.66,0.79,0.58,0.82,0.87,0.54,0.65,0.80,0.61,0.94,0.72,0.70,0.82,0.48,0.53,0.34,0.37,0.39,0.60,0.50,0.37,0.40,0.50,0.50,0.45,0.56,0.43,0.50,0.62,0.64,0.73,0.53,0.49,0.92,0.69,0.65,0.63,0.60,0.50,0.60,0.70,0.52,0.50,0.53,0.55,0.57,0.46,0.60,0.45,0.40,0.46,0.67,0.75,0.70,0.34,0.82,0.55,0.37,0.32,0.52,0.40,0.23,0.30,0.63,0.46,0.72,0.60,0.35,0.50,0.57,0.53,0.42,0.57,0.47,1.04,0.50,0.37,0.60,0.77,0.73,0.90,0.70,0.60,0.50,0.70,0.60,0.50,0.67,0.55,0.30,0.40,0.44,0.32,0.57,0.66,0.38,0.70,0.43,0.64,0.34,1.02,0.34,0.43,0.28,0.85,0.63,0.75,0.58,0.70,0.64,0.63,0.37,0.38,0.35,0.53,0.65,0.70,0.40,0.70,0.75,0.54,0.50,0.53,0.80,0.57,0.73,0.40,0.47,0.35,0.50,0.55,0.50,0.30,0.25,0.44,0.45,0.20,1.30,0.50,0.32,0.45,,,,,,,,,,,,,,,,,,,,,,,,,,,,,,0.25,0.40,0.70,0.47,0.37,0.25,0.70,0.43,0.40,0.57,0.40,0.20,0.40,0.30,,0.25,0.50,0.33,0.55,0.40,0.37,0.23,0.40,0.70,0.90,0.40,0.30,0.37,0.57,0.33,0.53,0.33,0.15,0.33,0.30,0.80,0.20,0.52,0.52,0.45,0.70,0.60,0.45,0.50,0.60,0.33,0.40,0.20,0.68,0.27,0.55,0.53,0.50,0.60,,0.73,0.87,1.00,0.55,0.44,0.85,0.88,0.70,0.50,0.96,0.60,0.45,0.40,0.46,0.57,0.43,0.25,0.73,0.63,0.74,0.50,0.50,0.40,0.35,0.60,0.60,0.45,1.40,0.75,0.90,0.40,0.53,0.30,0.60,0.40,0.25,0.57,0.65,0.60,0.63,0.55,0.83,0.60,0.70,0.70,1.03,0.70,0.40,0.63,0.60,0.68,0.33,0.40,0.60,0.45,0.20,,0.30,0.50,0.40,0.60,0.60,0.55,0.50,0.60,,0.60,0.30,0.30,0.50,0.60,0.65,0.40,0.50,0.50,0.80,0.45,0.65,0.70,0.50,0.45,0.30,0.30,0.40,,0.25,0.55,0.47,0.30,0.40,0.45,0.35,0.30,0.20,0.35,0.35,,0.40,,0.70,,0.30,0.60,0.40,0.20,0.30,0.30,0.60,0.30,0.53,0.35,0.30,0.70,,0.85,0.40,0.35,0.20,0.25,0.40,0.65,0.20,0.30,1.10,0.80,,,,0.65,,
20260401,13,CO_24h,0.40,0.69,0.54,0.67,0.55,0.70,0.41,0.27,0.40,0.43,0.55,0.53,0.82,0.50,0.32,0.73,0.66,0.56,0.62,0.59,0.95,0.77,0.77,0.96,0.68,0.88,0.97,0.77,0.86,0.75,0.76,0.84,0.60,0.57,0.47,0.33,0.45,0.67,0.63,0.40,0.50,0.53,0.40,0.45,0.78,0.40,0.38,0.60,0.81,0.67,0.56,0.58,0.76,0.66,0.55,0.50,0.53,0.50,0.43,0.67,0.47,0.47,0.63,0.43,0.55,0.52,0.57,0.52,0.42,0.40,0.77,0.75,0.58,0.45,0.62,0.67,0.51,0.34,0.62,0.63,0.40,0.63,0.60,0.66,0.80,0.80,0.66,0.83,0.78,0.43,0.53,0.75,0.70,1.06,0.50,0.67,0.63,0.70,0.57,0.73,0.70,0.50,0.50,0.63,0.50,0.50,0.70,0.55,0.43,0.50,0.54,0.45,0.50,0.62,0.38,1.06,0.72,1.04,0.60,0.93,0.40,0.60,0.30,0.90,0.90,0.70,0.68,0.58,0.67,0.73,0.60,0.38,0.40,0.60,0.70,0.82,0.50,0.70,0.72,0.56,0.50,0.52,0.75,0.65,0.70,0.50,0.50,0.40,0.45,0.60,0.53,0.45,0.40,0.34,0.30,0.40,0.70,0.60,0.36,0.40,,,,,,,,,,,,,,,,,,,,,,,,,,,,,,0.38,0.50,0.55,0.63,0.30,0.30,0.93,0.37,0.37,0.40,0.43,0.20,0.40,0.35,,0.25,0.50,0.53,0.87,0.50,0.57,0.33,0.50,0.65,1.00,0.45,0.35,0.40,0.60,0.83,0.77,0.43,0.50,0.53,0.45,0.70,0.25,0.65,0.62,0.60,0.85,0.60,0.45,0.65,0.68,0.50,0.50,0.23,0.93,0.37,0.70,1.03,0.60,0.60,0.35,0.67,0.90,0.55,0.50,0.52,0.85,0.85,0.80,0.55,0.64,0.55,0.55,0.53,0.66,0.65,0.43,0.40,1.05,0.67,0.74,0.63,0.60,0.40,0.50,0.70,0.67,0.50,0.97,0.75,0.90,0.50,0.53,0.40,0.75,0.35,0.35,0.53,0.67,0.60,0.63,0.55,0.77,0.60,0.80,0.60,0.70,0.60,0.40,0.53,0.45,0.70,0.38,0.40,0.65,0.45,0.20,,0.30,0.45,0.40,0.60,0.60,0.50,0.45,0.65,,0.65,0.30,0.30,0.55,0.60,0.55,0.50,0.40,0.40,0.75,0.45,0.55,0.70,0.50,0.45,0.25,0.30,0.50,,0.25,0.55,0.53,0.43,0.40,0.40,0.60,0.50,0.30,0.40,0.40,,0.40,,0.75,,0.50,0.70,0.30,0.30,0.30,0.40,0.50,0.30,0.53,0.40,0.45,0.75,0.10,0.65,0.35,0.30,0.25,0.65,0.50,0.85,0.50,0.30,0.75,0.60,,,,0.65,,
20260401,14,AQI,34,61,59,50,65,114,68,31,27,76,94,65,73,48,30,72,84,60,64,54,60,45,99,83,53,88,50,51,96,85,100,124,68,37,41,32,39,44,45,39,44,35,35,29,57,34,41,37,59,75,56,46,45,36,44,43,41,42,47,39,33,38,30,46,28,38,24,33,33,62,53,32,61,36,47,46,31,38,74,41,59,28,33,73,134,81,101,99,59,86,79,71,48,136,52,96,30,37,50,40,30,42,30,23,40,29,36,38,36,58,34,38,38,68,32,78,73,113,30,116,30,49,38,59,68,50,55,84,63,48,38,48,36,31,40,34,29,31,26,33,33,40,32,34,20,30,41,34,26,36,55,53,48,59,63,60,73,52,45,117,,,,,,,,,,,,,,,,,,,,,,,,,,,,,,40,49,40,39,48,44,54,49,52,54,34,26,43,29,,28,55,29,93,59,30,46,57,52,62,28,38,40,104,28,144,25,37,65,38,118,25,63,64,49,63,53,39,55,44,51,42,51,43,44,42,33,37,35,37,65,52,41,49,34,43,40,41,39,78,69,53,51,40,56,43,39,54,37,60,43,51,46,47,45,46,33,51,31,41,38,34,27,35,28,31,29,28,33,26,33,37,25,54,35,38,33,33,43,34,34,32,14,38,32,33,,22,33,33,29,25,37,26,34,,24,44,33,30,64,58,31,61,58,73,28,64,41,29,28,31,34,31,,36,28,36,37,33,38,41,37,67,76,47,,49,,38,,34,40,37,39,41,39,33,50,67,50,40,84,43,40,64,108,121,127,140,62,32,24,76,61,,,,51,,
20260401,14,PM2.5,11,14,19,9,11,86,34,6,3,45,23,31,53,16,9,24,28,41,30,38,43,15,74,60,33,65,26,31,72,63,75,94,49,4,9,6,20,17,15,5,31,3,8,3,33,7,7,17,35,55,38,32,28,9,12,22,12,21,18,4,4,4,9,20,19,18,6,13,5,37,25,12,31,12,20,24,8,13,13,21,13,4,5,53,102,60,15,46,39,38,44,52,28,104,30,7,5,7,35,28,3,7,7,12,6,3,5,3,16,41,8,9,13,24,8,31,18,30,5,88,5,27,17,42,49,35,31,62,39,23,18,20,11,22,21,3,8,12,12,8,19,21,21,15,9,4,18,10,18,16,29,25,16,37,33,22,28,17,10,42,,,,,,,,,,,,,,,,,,,,,,,,,,,,,,16,20,5,5,9,13,12,22,7,13,5,3,13,9,,7,17,3,33,22,10,18,18,34,42,16,18,24,78,3,110,5,20,38,9,89,3,45,46,25,40,37,17,37,22,35,20,26,25,16,7,3,3,4,14,47,35,16,34,5,12,20,20,15,57,50,23,28,22,29,20,9,29,10,37,24,29,19,25,24,18,5,36,19,16,15,11,13,10,14,3,12,8,11,10,10,7,9,38,16,12,10,9,22,9,13,10,10,8,12,9,,3,23,18,20,12,26,18,24,,8,26,18,5,37,41,14,44,41,53,18,46,26,12,3,3,3,6,,3,3,14,15,15,15,11,11,19,24,18,,16,,12,,8,8,6,10,7,3,9,8,25,13,3,32,12,12,16,53,52,52,61,18,3,3,36,26,,,,31,,
20260401,14,PM2.5_24h,23,44,38,28,21,58,40,10,11,38,66,61,51,16,7,34,28,46,75,45,90,51,59,89,77,87,50,63,75,77,86,83,94,18,23,7,24,33,28,5,16,11,9,3,65,5,16,19,77,51,57,39,36,8,16,18,11,14,13,9,13,6,9,26,17,20,10,21,7,22,30,22,26,25,28,26,12,11,20,36,23,26,19,96,104,86,45,67,85,27,39,83,86,66,27,26,5,15,21,20,7,13,11,16,4,12,13,6,21,48,8,18,14,19,8,34,41,46,26,60,18,55,30,48,72,26,44,57,48,55,41,21,31,36,32,16,13,12,12,8,21,20,16,21,4,8,20,18,13,17,29,25,15,21,25,27,23,18,12,48,,,,,,,,,,,,,,,,,,,,,,,,,,,,,,36,57,15,14,13,17,23,13,15,12,20,8,12,9,,8,11,19,35,34,19,34,31,27,30,31,22,24,59,93,82,31,77,47,40,91,12,83,73,57,65,57,7,84,61,66,57,41,26,31,12,6,6,6,10,17,25,12,23,6,11,20,15,13,44,52,46,69,68,43,46,46,28,18,37,23,42,39,27,17,35,13,19,16,30,14,15,14,22,15,8,10,12,7,9,10,8,7,8,22,19,15,12,15,13,23,8,11,17,16,10,,4,9,14,14,12,16,14,17,,12,28,18,7,38,38,24,41,29,55,18,42,31,10,8,3,5,15,,3,5,21,14,13,16,27,22,24,35,19,,23,,15,,20,21,10,13,12,17,7,10,27,27,15,30,16,28,24,60,69,53,54,27,8,2,31,35,,,,34,,
20260401,14,PM10,34,72,67,50,80,109,86,15,8,102,138,79,90,48,24,93,117,70,77,49,61,19,106,115,56,89,50,51,85,93,93,107,65,9,17,19,20,24,24,12,37,8,12,9,63,13,12,25,67,78,62,42,41,15,24,29,17,28,30,10,11,10,22,46,28,28,23,22,12,74,55,31,72,35,35,26,30,38,97,37,67,28,16,65,137,85,152,148,67,121,108,74,48,136,53,142,9,16,45,40,12,42,9,18,11,15,33,16,31,53,34,26,31,85,20,105,95,176,30,129,30,49,38,65,51,47,60,94,75,48,37,48,27,29,22,14,24,28,26,17,33,40,30,23,17,22,38,25,26,30,60,56,48,68,75,70,96,53,45,184,,,,,,,,,,,,,,,,,,,,,,,,,,,,,,32,49,12,35,48,44,58,49,53,57,34,15,43,20,,23,60,22,135,68,19,46,63,54,73,26,38,37,122,22,164,21,37,80,38,,12,65,65,49,76,46,36,59,44,52,36,52,35,28,19,13,12,22,27,47,53,27,35,16,26,33,30,30,86,80,55,51,31,61,43,29,57,37,69,37,51,35,43,39,46,23,50,31,,25,13,25,28,15,18,27,28,21,17,25,13,17,33,25,38,24,16,43,34,32,32,14,16,15,9,,7,26,33,,11,35,25,30,,17,44,22,20,77,60,22,46,52,85,21,65,41,18,7,8,6,12,,6,6,36,37,29,38,41,26,83,101,47,,49,,38,,27,31,15,27,21,18,26,17,83,50,40,117,43,40,77,166,191,204,230,74,31,22,101,71,,,,51,,
20260401,14,PM10_24h,48,84,79,71,75,80,86,39,28,70,111,98,84,34,19,88,60,96,123,57,116,59,90,124,101,119,70,97,73,102,121,103,100,28,33,14,31,45,37,10,21,16,13,10,111,13,23,27,115,71,69,54,45,15,26,26,18,21,23,15,22,11,17,42,32,32,25,35,14,68,60,40,67,60,37,37,31,37,79,63,69,71,22,123,144,123,95,113,123,58,78,102,114,97,43,74,10,26,31,33,14,25,16,29,7,26,26,19,34,72,33,46,42,59,29,88,116,114,70,90,64,73,67,67,104,38,68,72,63,85,71,43,47,42,42,28,17,22,24,17,33,44,26,33,10,28,45,33,26,29,68,60,42,55,69,91,77,52,42,202,,,,,,,,,,,,,,,,,,,,,,,,,,,,,,61,75,22,50,53,47,54,36,57,47,85,23,45,28,,41,51,69,118,103,60,84,72,49,63,84,79,36,89,135,123,43,101,79,61,114,21,110,93,86,104,66,17,112,89,82,75,62,37,32,22,15,14,11,14,22,31,22,24,13,23,27,26,22,65,78,69,84,84,72,60,77,47,39,67,41,67,56,40,28,62,24,27,22,40,20,22,21,34,15,18,24,25,14,17,26,15,12,17,40,41,33,26,32,43,36,30,18,28,23,22,,14,13,26,19,22,26,19,25,,15,40,33,17,75,52,34,54,41,72,25,57,42,19,17,12,17,18,,8,12,47,43,29,43,69,57,72,90,50,,59,,51,,57,51,26,33,41,40,24,29,83,78,50,108,52,53,84,182,219,200,220,75,39,13,68,71,,,,51,,
20260401,14,SO2,3,9,3,8,7,8,6,3,2,9,6,6,7,6,8,7,8,7,8,7,7,6,7,11,8,6,8,7,7,8,7,8,4,6,5,5,6,5,5,5,6,3,3,4,6,4,2,7,8,10,6,7,6,6,5,6,6,6,7,5,6,8,5,7,9,6,8,4,4,7,15,11,26,8,6,6,8,6,9,7,5,9,4,10,15,7,9,14,8,11,9,5,6,13,9,5,6,7,12,15,7,6,6,7,8,2,5,9,4,5,7,7,7,7,6,11,8,10,6,14,5,4,5,8,9,7,17,9,9,10,4,12,6,7,7,7,8,5,8,6,5,8,11,7,10,6,4,6,11,6,7,5,2,8,12,16,32,14,6,10,,,,,,,,,,,,,,,,,,,,,,,,,,,,,,5,6,5,6,9,9,8,8,5,21,6,5,9,7,,4,9,5,8,8,5,5,7,10,11,2,5,6,8,9,10,6,5,6,6,7,10,7,9,6,9,6,4,7,7,5,5,6,4,4,3,4,3,5,7,6,7,2,5,3,7,7,9,6,12,11,5,8,7,7,3,4,8,7,11,6,5,4,6,6,6,7,8,8,7,7,5,5,2,5,6,7,5,10,6,15,5,8,9,8,3,8,9,7,11,7,5,7,9,5,4,,6,9,5,9,4,10,5,3,,5,6,7,9,9,7,4,4,4,10,5,5,7,6,5,9,9,10,,6,6,5,5,6,7,7,13,11,5,9,,5,,7,,4,9,7,10,13,10,8,18,12,9,6,4,8,8,5,6,6,5,3,8,4,6,15,18,,,,7,,
20260401,14,SO2_24h,3,10,3,8,11,7,4,3,4,5,11,6,10,7,7,12,10,8,10,6,7,5,6,11,9,6,6,8,6,9,8,8,6,6,6,5,6,5,5,5,6,2,3,4,6,4,3,7,7,9,5,7,7,6,5,6,6,5,6,5,5,7,5,7,8,5,6,4,5,5,11,11,12,7,4,5,8,6,10,11,6,13,3,14,12,8,17,17,9,10,9,8,7,12,7,13,7,7,10,10,7,6,6,6,6,4,4,7,5,6,10,9,7,9,8,15,10,10,11,11,6,6,6,8,9,6,11,6,9,10,6,12,6,7,7,7,8,5,7,8,4,7,9,7,10,6,3,7,8,6,5,3,2,6,7,16,18,16,5,10,,,,,,,,,,,,,,,,,,,,,,,,,,,,,,5,3,4,5,8,10,9,7,9,16,7,5,9,8,,5,9,11,12,9,8,6,6,10,9,2,4,7,9,12,12,6,6,9,7,8,9,7,8,7,7,6,4,7,6,5,5,6,3,5,3,8,3,5,5,5,7,2,5,3,7,9,8,9,10,10,4,6,6,6,3,4,9,7,12,8,5,4,5,5,5,7,6,10,5,5,5,5,4,4,9,7,5,7,6,14,6,6,8,7,9,8,7,6,10,6,5,7,9,4,5,,6,5,5,19,4,11,8,2,,4,6,6,9,9,6,4,5,5,9,5,5,7,6,5,9,8,12,,6,6,6,6,8,6,11,12,10,5,8,,5,,7,,5,12,7,10,12,16,8,15,9,10,9,4,8,8,4,5,11,5,3,8,6,5,16,10,,,,7,,
20260401,14,NO2,8,17,8,4,9,14,14,8,5,15,9,15,9,13,7,11,15,11,11,23,13,14,22,18,13,10,15,12,21,11,13,13,3,13,15,17,14,14,11,12,13,11,7,7,11,9,8,11,13,29,12,11,12,11,16,22,14,18,48,11,8,12,12,8,14,12,10,7,6,21,18,9,19,15,11,12,9,7,13,11,7,8,10,12,17,11,10,23,11,29,16,11,9,30,36,8,9,10,22,19,8,10,4,13,13,3,8,8,6,12,11,7,10,11,7,14,10,12,7,20,4,9,7,13,14,19,16,17,14,11,7,12,17,11,9,7,8,11,10,7,3,10,13,7,18,6,10,9,5,7,14,13,6,16,14,3,12,11,7,12,,,,,,,,,,,,,,,,,,,,,,,,,,,,,,8,11,12,8,9,9,11,16,10,14,3,5,6,8,,4,5,6,13,4,6,5,8,13,14,5,8,11,11,5,15,3,5,9,7,15,2,11,9,10,11,11,5,7,7,8,7,6,13,8,10,4,5,5,14,12,10,12,7,8,12,11,5,8,14,14,10,12,9,8,7,9,5,7,8,6,10,4,4,5,6,4,12,11,2,9,10,8,8,8,8,12,11,12,11,10,8,6,9,6,8,10,10,19,20,9,20,9,5,5,7,,5,10,8,5,13,8,5,9,,5,5,8,5,10,16,4,6,7,9,8,12,22,7,4,2,3,5,,1,2,6,9,8,10,8,17,4,5,8,,10,,9,,5,,1,2,2,2,12,1,13,6,5,8,3,14,9,20,3,9,8,12,7,10,18,15,,,,8,,
20260401,14,NO2_24h,18,43,17,25,24,23,27,7,14,24,37,31,15,28,10,26,24,29,26,36,30,31,39,33,27,37,37,32,31,35,28,23,16,17,24,20,17,19,19,14,12,20,13,12,30,14,17,20,39,29,21,21,27,17,15,14,17,16,19,17,11,12,12,10,21,26,17,18,7,35,33,14,26,25,21,21,20,23,18,21,12,27,15,28,37,28,43,51,20,31,36,21,32,42,24,34,14,11,12,14,11,8,9,11,11,12,12,13,13,17,12,24,25,37,8,21,27,31,22,25,7,27,10,37,42,28,32,23,21,17,18,20,22,18,19,11,14,13,9,9,10,24,22,10,16,15,31,19,12,11,26,21,30,15,31,18,13,23,9,21,,,,,,,,,,,,,,,,,,,,,,,,,,,,,,11,15,16,23,16,25,27,19,30,17,7,5,9,10,,9,6,15,20,18,14,20,20,22,24,10,11,13,20,24,27,10,28,18,10,22,3,23,16,19,25,22,8,15,13,14,15,11,21,17,15,11,8,6,16,12,14,15,9,10,14,15,7,12,13,19,22,20,23,21,14,15,12,14,14,12,15,8,8,10,19,9,21,17,13,20,16,16,21,10,13,10,11,11,12,13,14,6,7,8,22,24,20,29,30,19,30,10,19,11,8,,16,7,14,10,17,12,7,12,,9,7,12,8,17,11,13,7,7,16,10,15,17,8,10,3,4,8,,2,2,20,42,12,19,34,30,17,17,21,,14,,13,,24,9,2,2,14,5,24,2,20,27,22,18,9,24,15,26,17,33,15,29,12,5,22,19,,,,8,,
20260401,14,O3,91,81,96,88,84,144,115,98,87,103,88,123,127,106,95,109,89,118,94,141,137,143,155,160,133,139,142,144,157,145,107,126,132,119,132,102,124,142,145,125,142,113,112,93,131,110,132,119,147,128,150,146,145,116,141,137,131,133,149,124,105,122,97,62,85,120,76,107,105,105,108,103,115,115,151,146,100,116,91,130,96,89,104,150,152,151,97,152,143,89,119,145,130,154,99,94,97,118,48,51,97,98,95,73,128,92,114,122,114,141,91,122,121,107,102,98,98,96,92,139,90,94,94,137,133,149,131,133,141,128,122,128,116,96,129,110,94,99,79,105,70,119,102,108,64,96,130,109,67,116,113,122,111,113,115,124,108,107,110,84,,,,,,,,,,,,,,,,,,,,,,,,,,,,,,128,132,129,124,84,112,120,93,120,109,90,84,107,94,,90,111,94,108,102,96,98,103,131,125,89,97,129,114,89,127,79,103,107,82,118,80,146,125,140,126,126,126,132,125,133,133,130,137,142,135,107,119,111,119,119,134,132,133,109,137,129,132,125,134,141,132,126,129,119,124,126,137,112,126,138,125,146,149,143,135,107,113,100,132,123,108,86,112,89,98,93,90,106,82,106,117,80,123,112,111,104,104,85,107,110,91,45,123,102,106,,71,94,79,85,79,85,79,71,,76,105,107,95,109,82,100,109,107,146,90,85,47,92,90,100,110,99,,115,90,113,117,104,106,109,117,114,113,105,,116,,76,,108,129,117,124,130,124,104,159,110,117,115,110,109,112,121,81,104,97,105,92,101,78,129,125,,,,79,,
20260401,14,O3_24h,91,81,96,88,84,144,115,98,87,103,88,123,127,106,95,109,89,118,94,141,137,143,155,160,133,139,142,144,157,145,107,126,132,119,132,102,124,142,145,125,142,113,112,93,131,110,132,119,147,128,150,146,145,116,141,137,131,133,149,124,105,122,97,62,85,120,76,107,105,105,108,103,115,115,151,146,100,116,91,130,96,89,104,150,152,151,97,152,143,89,119,145,130,154,99,94,97,118,48,51,97,98,95,73,128,92,114,122,114,141,91,122,121,107,102,98,98,96,92,139,90,94,94,137,133,149,131,133,141,128,122,128,116,96,129,110,94,99,79,105,70,119,102,108,64,96,130,109,67,116,113,122,111,113,115,124,108,107,110,84,,,,,,,,,,,,,,,,,,,,,,,,,,,,,,128,132,129,124,84,112,120,93,120,109,90,84,107,94,,90,111,94,108,102,96,98,103,131,125,89,97,129,114,89,127,79,103,107,82,118,80,146,125,140,126,126,126,132,125,133,133,130,137,142,135,107,119,111,119,119,134,132,133,109,137,129,132,125,134,141,132,126,129,119,124,126,137,112,126,138,125,146,149,143,135,107,113,100,132,123,108,86,112,89,98,93,90,106,82,106,117,80,123,112,111,104,104,85,107,110,91,45,123,102,106,,71,94,79,85,79,85,79,71,,76,105,107,95,109,82,100,109,107,146,90,85,47,92,90,100,110,99,,115,90,113,117,104,106,109,117,114,113,105,,116,,76,,108,129,117,124,130,124,104,159,110,117,115,110,109,112,121,81,104,97,105,92,101,78,129,125,,,,79,,
20260401,14,O3_8h,75,56,73,63,74,94,71,83,58,77,61,70,101,59,74,82,74,87,85,84,83,89,85,93,82,90,96,89,105,83,71,76,89,97,105,86,97,104,108,104,119,79,79,69,90,91,72,74,98,86,93,95,62,75,78,71,80,70,80,81,81,86,79,52,50,64,42,74,95,56,55,56,66,78,68,77,64,70,74,86,82,80,71,97,86,102,70,97,98,76,74,91,97,79,97,65,58,79,59,47,79,73,80,55,94,81,76,88,62,98,66,78,66,65,83,72,78,67,85,94,82,74,84,94,74,90,75,85,102,82,74,80,64,74,86,71,46,67,64,74,58,63,46,76,36,60,73,53,34,84,71,78,58,61,57,71,97,68,88,72,,,,,,,,,,,,,,,,,,,,,,,,,,,,,,107,92,81,73,54,62,74,60,58,69,55,75,67,68,,67,100,84,76,78,86,80,78,81,77,74,81,78,94,79,99,77,84,82,83,109,77,97,85,89,79,73,92,91,91,90,92,104,81,107,97,79,84,89,81,87,68,91,109,92,98,88,96,97,98,94,92,71,76,69,101,97,80,69,77,91,91,101,107,89,85,48,48,43,91,72,53,37,45,42,75,81,77,74,75,67,77,63,89,84,59,56,58,32,46,57,47,33,67,61,68,,43,50,64,69,39,41,78,33,,37,67,64,85,75,45,67,102,86,76,74,39,32,66,72,84,103,83,,109,78,53,67,50,65,57,66,63,67,59,,95,,59,,60,76,74,88,77,89,65,140,58,54,76,80,87,68,68,56,71,36,73,57,46,95,80,65,,,,61,,
20260401,14,O3_8h_24h,75,56,73,63,74,94,71,83,58,77,61,70,101,59,74,82,68,87,85,84,83,89,85,93,82,90,96,89,105,83,71,76,89,97,105,86,97,104,108,102,119,79,79,69,90,91,72,74,98,86,93,92,62,75,78,71,80,70,80,81,81,86,79,51,50,64,42,74,94,56,55,56,66,77,68,77,64,70,74,86,82,80,71,97,86,102,70,97,98,71,74,91,97,79,92,71,58,79,51,45,79,73,80,55,94,81,76,88,62,98,66,78,66,65,83,72,78,67,85,94,82,74,86,94,74,90,75,85,102,82,74,80,64,74,86,71,46,67,64,74,58,63,46,76,36,60,73,53,34,84,71,78,58,61,57,71,97,68,86,71,,,,,,,,,,,,,,,,,,,,,,,,,,,,,,107,92,81,73,54,62,74,60,58,69,80,75,67,68,,67,100,84,76,78,86,80,78,81,77,74,81,78,94,79,99,77,84,82,75,109,77,97,85,89,79,73,92,91,91,90,92,104,81,107,97,79,84,89,81,87,68,84,109,92,98,88,96,97,98,94,92,71,76,69,101,97,80,69,77,91,90,101,95,89,85,48,48,43,91,79,53,37,45,42,75,81,77,74,72,67,77,63,89,84,59,56,58,32,46,57,47,25,67,61,68,,43,50,64,69,39,41,77,33,,37,67,64,85,75,45,67,102,86,76,74,39,32,66,72,82,101,83,,108,75,53,67,50,65,57,66,63,67,59,,95,,49,,60,76,74,88,77,89,65,140,58,54,76,80,87,68,68,44,71,36,73,57,46,91,79,65,,,,58,,
20260401,14,CO,0.29,0.56,0.28,0.44,0.25,0.78,0.49,0.30,0.15,0.75,0.33,0.40,0.50,0.40,0.24,0.47,0.46,0.39,0.43,0.64,0.72,0.57,0.85,0.80,0.43,0.65,0.80,0.57,0.88,0.63,0.78,0.80,0.40,0.50,0.33,0.37,0.38,0.60,0.43,0.37,0.60,0.50,0.40,0.45,0.58,0.45,0.45,0.57,0.61,0.69,0.44,0.49,0.78,0.66,0.64,0.57,0.57,0.50,0.60,0.67,0.47,0.43,0.53,0.55,0.56,0.42,0.60,0.42,0.40,0.43,0.60,0.65,0.72,0.43,0.60,0.50,0.34,0.32,0.54,0.43,0.23,0.30,0.57,0.41,0.72,0.60,0.32,0.53,0.52,0.50,0.40,0.53,0.42,1.14,0.50,0.37,0.60,0.77,0.85,0.90,0.70,0.60,0.50,0.70,0.65,0.50,0.67,0.55,0.43,0.40,0.47,0.32,0.45,0.58,0.38,0.66,0.43,0.60,0.34,1.00,0.34,0.37,0.28,0.67,0.70,0.76,0.57,0.60,0.60,0.50,0.33,0.38,0.33,0.47,0.63,0.73,0.40,0.70,0.70,0.54,0.50,0.47,0.75,0.57,0.73,0.43,0.43,0.30,0.50,0.50,0.47,0.35,0.25,0.44,0.50,0.30,1.50,0.54,0.34,0.40,,,,,,,,,,,,,,,,,,,,,,,,,,,,,,0.23,0.40,0.60,0.37,0.35,0.25,0.58,0.37,0.30,0.47,0.40,0.20,0.40,0.30,,0.25,0.45,0.33,0.53,0.40,0.37,0.27,0.40,0.80,0.95,0.40,0.30,0.27,0.53,0.33,0.50,0.40,0.25,0.33,0.25,0.40,0.20,0.45,0.50,0.35,0.53,0.60,0.45,0.50,0.52,0.37,0.35,0.13,0.63,0.30,0.53,0.60,0.50,0.60,0.70,0.73,0.57,0.80,0.55,0.44,0.85,0.75,0.70,0.50,0.88,0.57,0.45,0.38,0.42,0.57,0.40,0.23,0.73,0.60,0.72,0.43,0.50,0.40,0.55,0.50,0.63,0.45,1.12,0.70,0.90,0.40,0.47,0.30,0.40,0.35,0.25,0.55,0.67,0.60,0.60,0.50,0.83,0.60,0.70,0.60,0.50,0.60,0.40,0.57,0.50,0.63,0.35,0.40,0.55,0.45,0.20,,0.30,0.55,0.37,0.65,0.60,0.55,0.45,0.55,,0.55,0.30,0.30,0.50,0.55,0.65,0.30,0.40,0.50,0.70,0.40,0.55,0.70,0.50,0.45,0.25,0.30,0.40,,0.30,0.55,0.43,0.23,0.40,0.50,0.25,0.25,0.20,0.25,0.35,,0.35,,0.70,,0.30,0.60,0.40,0.10,0.30,0.30,0.50,0.30,0.53,0.20,0.30,0.70,,0.50,0.45,0.30,0.15,0.25,0.40,0.65,0.10,0.30,1.00,0.70,,,,0.70,,
20260401,14,CO_24h,0.39,0.69,0.54,0.67,0.55,0.70,0.41,0.30,0.40,0.43,0.55,0.50,0.82,0.50,0.32,0.73,0.66,0.56,0.61,0.61,0.91,0.77,0.78,0.93,0.68,0.88,0.96,0.76,0.86,0.77,0.78,0.84,0.60,0.57,0.44,0.33,0.44,0.67,0.63,0.40,0.50,0.53,0.40,0.45,0.74,0.40,0.38,0.60,0.81,0.67,0.56,0.58,0.77,0.68,0.57,0.53,0.53,0.50,0.47,0.70,0.47,0.47,0.63,0.45,0.55,0.52,0.57,0.51,0.42,0.40,0.77,0.75,0.58,0.45,0.63,0.67,0.51,0.34,0.62,0.63,0.40,0.63,0.60,0.66,0.80,0.80,0.64,0.83,0.78,0.43,0.53,0.75,0.68,1.06,0.50,0.63,0.63,0.70,0.57,0.77,0.70,0.50,0.50,0.63,0.50,0.50,0.70,0.55,0.43,0.50,0.56,0.43,0.50,0.62,0.36,1.04,0.70,1.02,0.60,0.95,0.40,0.60,0.28,0.90,0.90,0.70,0.67,0.60,0.67,0.73,0.60,0.38,0.40,0.60,0.73,0.82,0.50,0.70,0.72,0.56,0.50,0.52,0.75,0.65,0.70,0.50,0.50,0.40,0.45,0.60,0.53,0.45,0.40,0.34,0.35,0.40,0.80,0.60,0.36,0.40,,,,,,,,,,,,,,,,,,,,,,,,,,,,,,0.38,0.50,0.55,0.63,0.33,0.30,0.93,0.37,0.37,0.40,0.43,0.20,0.40,0.33,,0.25,0.50,0.53,0.87,0.50,0.57,0.33,0.50,0.65,1.00,0.45,0.35,0.37,0.60,0.83,0.77,0.43,0.50,0.47,0.45,0.70,0.25,0.63,0.60,0.55,0.80,0.60,0.45,0.65,0.68,0.47,0.50,0.23,0.93,0.37,0.70,0.97,0.60,0.60,0.35,0.70,0.87,0.55,0.50,0.52,0.85,0.85,0.80,0.55,0.64,0.53,0.55,0.53,0.64,0.65,0.43,0.40,1.02,0.67,0.74,0.63,0.57,0.40,0.50,0.70,0.67,0.50,0.98,0.75,0.90,0.50,0.53,0.35,0.75,0.35,0.35,0.53,0.67,0.60,0.63,0.55,0.77,0.60,0.80,0.60,0.70,0.60,0.40,0.55,0.45,0.70,0.38,0.40,0.65,0.45,0.20,,0.30,0.45,0.43,0.60,0.60,0.50,0.45,0.65,,0.65,0.30,0.30,0.55,0.60,0.55,0.50,0.40,0.40,0.75,0.45,0.60,0.70,0.50,0.45,0.30,0.30,0.50,,0.25,0.55,0.53,0.43,0.40,0.40,0.60,0.50,0.30,0.40,0.40,,0.40,,0.75,,0.50,0.70,0.30,0.30,0.40,0.40,0.50,0.30,0.53,0.40,0.45,0.75,0.10,0.65,0.35,0.30,0.25,0.65,0.50,0.85,0.50,0.30,0.80,0.60,,,,0.65,,
20260401,15,AQI,41,60,60,51,58,120,106,31,28,84,84,71,75,48,32,69,89,61,57,50,51,46,91,75,58,71,49,47,78,76,103,115,58,39,42,35,40,46,48,40,63,38,36,31,58,38,39,40,73,70,52,49,49,39,58,48,46,53,76,36,35,41,32,43,29,40,26,32,34,59,51,34,56,41,51,47,32,45,71,45,56,28,33,65,119,81,98,100,53,98,88,56,45,139,51,93,32,40,54,44,31,32,32,23,41,31,39,40,37,66,30,38,51,66,32,69,67,94,31,124,35,41,38,55,62,47,53,93,54,40,40,44,39,31,41,35,29,33,29,35,27,39,32,33,26,33,41,35,25,38,55,52,48,57,63,69,67,54,42,124,,,,,,,,,,,,,,,,,,,,,,,,,,,,,,41,45,46,39,47,37,48,42,47,54,29,28,47,30,,28,47,30,83,55,31,46,55,81,79,29,32,40,79,28,119,24,33,66,38,104,33,52,53,43,59,44,39,52,40,50,42,43,45,47,43,34,37,35,39,59,44,47,43,35,45,42,42,40,75,67,48,41,41,55,39,41,46,36,56,45,40,46,48,44,45,33,39,38,42,42,38,28,37,32,32,32,33,34,23,31,38,28,46,38,35,33,33,40,37,38,33,26,38,33,36,,24,31,37,27,29,38,27,31,,25,39,32,30,61,54,32,58,54,81,30,64,46,29,29,32,35,32,,37,28,37,49,35,35,38,36,65,66,45,,46,,40,,37,43,37,40,41,43,35,55,62,59,37,76,35,37,68,96,114,122,149,61,34,27,66,56,,,,48,,
20260401,15,PM2.5,14,12,19,10,6,91,55,7,3,52,19,49,55,13,9,24,26,39,35,35,31,16,68,55,39,52,26,27,57,56,77,87,41,4,13,6,16,18,12,7,45,3,9,3,33,8,5,19,37,51,31,34,25,9,15,22,12,25,17,3,7,5,9,21,18,17,5,14,6,34,24,12,27,12,16,22,7,15,14,26,10,4,4,47,90,60,14,40,27,32,36,34,20,106,30,8,3,7,38,29,3,7,8,13,5,3,5,3,14,48,7,7,11,30,12,27,18,27,6,94,8,12,20,38,43,29,29,69,31,21,16,15,19,17,13,4,8,8,15,10,19,18,15,15,9,3,18,6,14,15,28,19,14,35,33,28,23,15,10,45,,,,,,,,,,,,,,,,,,,,,,,,,,,,,,20,11,12,5,12,11,9,21,6,8,6,10,13,10,,3,12,3,36,18,3,19,22,37,40,19,18,19,53,5,90,8,18,42,9,78,23,33,33,17,38,27,18,36,15,31,16,14,28,24,4,3,3,4,13,42,26,18,30,5,15,14,21,16,55,46,23,21,12,29,18,15,27,4,32,23,22,21,27,22,21,6,24,14,12,11,10,11,8,10,3,14,12,11,8,7,8,3,32,10,9,9,8,19,10,10,10,16,8,13,7,,5,22,21,18,10,22,14,22,,6,22,18,3,30,38,15,41,38,60,21,46,19,13,3,3,3,6,,3,3,12,16,14,14,15,10,24,22,17,,15,,11,,3,6,6,9,7,3,3,3,17,20,3,26,7,12,21,48,51,52,60,19,3,3,19,20,,,,30,,
20260401,15,PM2.5_24h,22,43,38,28,20,60,41,10,11,38,65,63,52,16,7,33,28,46,73,45,87,49,60,89,74,86,49,62,74,77,86,84,92,17,22,7,23,32,27,5,17,10,9,3,63,5,16,19,76,52,56,39,37,8,15,18,10,14,13,9,13,6,8,25,17,20,10,21,7,23,29,22,26,25,28,27,12,11,20,35,22,25,19,96,105,85,45,68,83,28,40,80,84,69,27,26,5,14,21,21,7,13,10,16,4,12,13,5,21,47,8,18,14,20,9,34,41,47,26,64,16,54,29,47,70,26,44,58,46,53,40,21,31,36,30,15,12,13,12,8,21,21,17,21,4,8,21,18,13,17,29,25,15,21,25,28,23,18,12,47,,,,,,,,,,,,,,,,,,,,,,,,,,,,,,36,55,15,14,13,17,22,14,15,13,20,8,13,9,,7,11,18,35,34,19,34,31,28,31,31,22,25,60,91,84,30,74,47,39,90,12,81,71,55,64,57,7,83,60,65,55,40,26,31,11,5,5,5,10,18,26,12,24,6,12,20,15,14,44,51,45,68,66,42,44,45,28,18,37,23,41,39,27,18,34,13,20,16,29,15,15,14,22,15,7,10,12,7,8,10,9,7,9,21,19,15,13,15,13,23,9,11,17,16,10,,4,10,15,14,12,17,14,17,,12,28,19,7,38,38,24,42,30,55,19,42,31,10,8,3,5,15,,3,5,21,15,14,16,27,22,25,35,19,,23,,16,,20,20,10,13,12,17,7,10,27,28,15,30,16,27,24,59,69,53,54,27,8,2,31,34,,,,34,,
20260401,15,PM10,41,70,69,52,66,135,162,15,12,117,117,92,93,48,24,88,127,71,64,47,52,21,103,98,66,72,49,47,75,88,95,98,58,9,24,20,16,26,21,17,54,7,14,9,66,24,9,28,95,74,53,43,39,15,28,31,20,34,33,10,12,10,22,43,29,30,26,22,9,67,51,24,62,41,29,24,26,45,92,45,61,27,15,61,170,86,145,149,56,145,126,61,45,138,52,135,7,17,35,44,9,29,8,22,10,27,24,12,37,68,30,29,51,82,22,87,83,137,31,134,35,41,38,59,73,46,56,94,57,37,33,44,31,22,18,15,14,26,29,25,26,35,21,22,17,23,38,21,23,28,60,54,48,64,75,88,83,58,42,197,,,,,,,,,,,,,,,,,,,,,,,,,,,,,,38,45,24,25,47,34,48,42,47,57,29,20,47,28,,18,47,20,116,59,16,46,59,112,108,28,32,31,108,21,127,23,33,81,38,84,14,53,56,40,68,44,37,53,37,50,37,43,36,45,20,31,16,20,29,47,37,29,32,16,26,32,33,33,87,83,48,36,28,60,39,30,46,27,62,33,39,42,43,33,45,23,39,28,14,23,12,20,31,15,27,32,33,23,17,21,13,24,37,36,23,23,13,40,36,30,33,24,17,9,16,,12,27,37,,11,38,27,29,,19,39,20,16,71,56,23,44,53,84,26,64,46,24,9,9,6,11,,6,7,34,49,28,35,38,27,80,81,45,,46,,40,,18,25,16,19,21,17,20,14,74,67,36,101,33,34,85,142,178,193,248,72,34,27,81,62,,,,48,,
20260401,15,PM10_24h,47,85,80,71,75,82,90,38,28,72,114,101,85,36,19,89,64,96,120,57,110,57,91,124,100,118,68,95,73,103,120,103,98,27,32,14,30,44,36,9,22,15,13,9,109,13,23,28,115,71,69,53,46,14,27,26,17,21,23,14,21,10,15,43,32,33,25,36,14,68,59,39,67,59,37,37,31,37,81,61,69,71,22,122,146,122,99,117,121,63,81,100,111,100,45,78,10,26,31,33,13,25,15,28,6,26,26,18,35,71,33,47,43,62,29,90,118,118,70,95,59,73,65,66,102,38,68,73,61,83,70,43,47,41,40,28,17,23,24,18,33,44,26,33,10,28,46,33,26,29,68,60,43,55,69,92,78,52,42,200,,,,,,,,,,,,,,,,,,,,,,,,,,,,,,60,74,22,49,54,47,53,37,57,48,85,23,45,27,,40,51,69,120,104,59,88,72,53,65,83,78,37,91,133,126,42,99,81,61,113,19,107,91,84,103,66,17,110,88,80,73,61,36,33,21,14,13,11,14,23,32,23,25,13,23,28,27,22,65,77,68,81,81,72,59,75,47,40,67,40,66,55,39,29,61,24,28,23,39,21,21,22,35,16,18,23,25,15,17,26,15,12,18,39,41,34,26,33,43,36,31,18,29,23,22,,14,14,28,20,22,27,19,26,,15,40,33,17,76,52,34,54,42,73,25,57,43,20,16,12,17,18,,8,12,47,45,30,43,69,57,74,91,50,,59,,52,,57,50,25,33,39,39,24,28,82,78,50,109,51,54,85,181,219,200,220,76,41,13,69,71,,,,51,,
20260401,15,SO2,4,9,2,8,7,8,10,3,2,9,6,6,7,5,8,7,8,7,8,6,6,6,7,11,8,5,8,6,7,9,7,7,4,6,5,5,6,5,5,6,6,3,3,4,6,4,2,7,8,11,5,7,5,6,5,5,7,6,7,5,6,8,7,7,9,5,8,3,4,7,12,10,18,7,5,6,9,6,9,8,5,10,3,10,12,7,8,14,8,9,9,4,4,13,10,5,7,7,13,14,7,6,6,6,7,2,5,8,4,6,7,7,6,6,11,11,8,10,6,13,6,3,7,8,9,6,14,7,8,8,3,11,8,7,7,7,8,5,8,7,4,7,8,5,9,7,3,6,11,6,6,5,2,7,10,16,28,12,6,10,,,,,,,,,,,,,,,,,,,,,,,,,,,,,,5,6,5,5,8,9,7,8,5,11,4,5,9,6,,4,9,5,9,8,5,4,7,10,12,1,4,6,7,8,10,6,5,6,6,8,7,6,8,6,10,6,3,7,6,5,5,6,4,5,3,5,3,5,7,5,7,3,5,3,8,7,10,6,11,11,6,8,6,7,3,4,8,7,11,6,5,4,5,6,7,8,7,8,8,6,4,5,2,5,6,7,6,10,6,12,6,10,9,8,3,9,8,8,10,7,6,7,9,7,5,,6,8,5,8,4,10,6,3,,6,5,6,9,9,6,4,5,4,10,5,5,7,6,5,9,9,11,,6,6,5,7,5,8,9,14,13,4,9,,5,,7,,3,,6,10,12,7,5,16,11,8,7,5,8,8,3,4,6,5,3,7,4,6,13,12,,,,8,,
20260401,15,SO2_24h,3,10,3,8,11,7,4,3,3,5,11,7,10,7,7,11,10,8,10,6,7,5,6,11,9,6,7,8,6,9,8,8,6,6,6,5,6,5,5,5,6,2,3,4,6,4,2,7,7,9,5,7,7,6,5,6,6,5,6,5,5,7,5,7,8,5,6,4,5,5,11,11,13,7,4,5,9,6,10,11,6,13,3,14,12,8,16,17,9,10,9,8,7,12,7,13,7,7,11,10,7,6,6,6,6,4,4,8,5,6,10,9,7,9,8,15,10,10,11,12,6,6,6,8,9,6,11,6,8,10,6,12,6,7,7,7,8,5,7,8,4,7,9,7,10,6,3,7,8,6,6,4,2,6,8,16,19,16,5,10,,,,,,,,,,,,,,,,,,,,,,,,,,,,,,5,3,4,5,8,10,9,7,9,16,7,5,9,8,,5,9,11,12,9,8,6,6,10,10,2,4,7,9,12,11,6,6,9,7,8,9,7,8,7,8,6,4,7,6,5,5,6,3,5,3,8,3,5,5,5,7,2,5,3,7,9,8,9,10,10,4,6,6,6,3,4,9,7,12,8,5,4,5,5,5,8,6,10,5,6,4,5,4,4,9,7,5,8,6,14,6,7,8,7,9,8,8,6,10,6,5,7,9,4,5,,6,5,5,19,4,11,7,2,,4,6,6,9,9,6,4,5,5,9,5,5,7,6,5,9,8,12,,6,6,6,7,8,6,11,12,10,5,8,,5,,7,,5,12,7,10,12,16,8,15,9,10,9,4,8,8,4,5,11,5,3,8,5,5,16,10,,,,7,,
20260401,15,NO2,9,17,7,4,8,13,25,8,5,20,9,17,9,11,6,11,15,11,13,21,11,15,23,19,15,9,14,12,19,13,10,13,2,13,16,16,13,12,11,15,13,9,8,7,12,12,9,11,16,30,9,12,12,11,17,25,14,18,46,10,8,12,11,7,16,11,9,7,5,17,14,9,13,14,9,13,10,9,12,13,8,8,11,12,19,13,10,23,11,27,15,9,7,30,36,8,9,10,19,23,8,9,5,13,12,4,10,9,6,12,11,8,9,13,11,13,11,12,7,20,4,8,7,13,14,18,15,13,13,9,7,11,16,12,11,6,7,9,9,9,3,7,10,7,16,5,11,7,6,7,14,15,6,15,14,3,10,6,6,8,,,,,,,,,,,,,,,,,,,,,,,,,,,,,,8,10,14,9,9,6,8,15,7,5,4,5,6,7,,4,6,6,13,3,6,5,9,14,14,6,8,8,8,5,11,3,7,9,6,18,2,11,8,8,14,9,5,7,7,8,7,6,14,10,10,5,6,5,15,10,8,13,7,8,12,10,5,7,13,13,9,11,9,10,6,7,5,7,7,5,9,4,5,6,10,6,8,8,2,11,10,9,8,6,8,11,13,12,13,9,8,6,8,6,6,12,11,17,14,8,19,11,5,6,6,,5,8,9,6,9,8,5,10,,4,5,7,8,9,9,5,6,6,10,8,12,21,9,4,2,3,4,,2,2,6,9,7,9,8,16,5,5,8,,9,,9,,3,,1,2,2,1,7,2,7,6,6,7,3,11,7,8,2,7,4,9,6,8,11,2,,,,7,,
20260401,15,NO2_24h,18,43,17,25,23,23,28,7,14,24,37,31,15,28,10,25,24,28,25,36,29,31,39,32,27,37,36,31,30,35,28,22,16,17,23,20,16,19,19,13,12,20,13,12,30,14,17,20,38,29,21,21,28,17,16,15,17,16,21,17,11,13,12,10,22,26,17,18,7,36,33,15,26,25,21,21,20,23,17,21,12,26,15,27,37,28,43,51,20,31,36,21,32,41,25,33,14,11,13,14,11,8,9,11,11,11,12,13,13,17,12,24,26,37,8,21,27,31,21,26,6,27,10,35,41,28,32,23,20,17,18,20,22,18,19,11,14,13,9,10,10,24,22,10,16,15,31,18,12,11,27,22,30,16,31,18,14,22,9,21,,,,,,,,,,,,,,,,,,,,,,,,,,,,,,11,15,16,23,16,25,27,20,30,17,6,5,9,10,,9,6,14,20,18,14,20,20,22,25,10,11,13,20,23,27,10,28,18,9,22,3,23,16,19,25,22,8,15,13,14,15,10,21,17,15,10,8,6,16,12,14,15,9,10,14,15,7,12,13,19,22,20,23,21,13,15,12,14,14,12,14,8,8,10,19,9,21,17,13,21,16,16,22,10,13,10,11,12,12,13,14,6,8,8,22,24,20,29,30,19,30,10,19,11,8,,15,7,14,10,17,12,7,12,,9,7,13,9,18,12,13,8,7,16,9,16,17,9,10,3,4,8,,2,2,20,42,12,19,34,30,17,17,21,,14,,14,,24,10,2,2,14,5,24,2,20,27,22,18,9,24,15,26,17,33,15,29,12,5,22,19,,,,8,,
20260401,15,O3,96,83,100,91,87,156,113,99,89,113,91,145,135,109,101,112,95,118,100,148,145,147,164,164,139,145,152,145,165,147,119,133,133,126,134,113,129,147,153,128,142,123,116,98,133,121,126,128,150,134,150,151,158,124,166,154,148,162,181,116,111,132,102,72,86,127,80,103,108,118,119,110,120,120,161,150,103,118,94,134,97,91,107,154,155,164,99,149,138,85,116,144,130,166,92,96,102,127,54,47,98,101,102,74,132,99,124,128,106,149,95,121,130,112,102,100,102,100,93,147,90,98,81,149,145,151,139,149,142,129,127,127,126,99,131,113,93,107,90,111,66,124,102,104,82,104,131,111,80,122,117,120,109,125,119,120,112,111,114,91,,,,,,,,,,,,,,,,,,,,,,,,,,,,,,132,137,146,126,87,118,126,100,117,116,91,88,114,97,,91,110,97,113,105,98,103,114,133,128,94,96,128,103,89,120,78,102,113,81,117,81,146,128,137,132,138,125,132,129,138,134,128,145,151,139,109,119,113,125,128,142,151,137,113,143,135,134,129,143,144,139,130,131,123,122,130,145,115,126,144,127,147,155,140,138,104,125,122,134,134,120,88,118,101,101,95,90,108,75,100,123,90,127,123,113,106,107,99,117,120,100,82,123,107,114,,77,100,81,87,92,88,79,74,,80,101,103,97,111,98,101,113,117,152,91,92,51,94,92,103,112,102,,117,91,118,121,113,110,120,116,117,113,109,,122,,81,,119,136,119,127,131,136,111,164,122,113,118,122,112,119,124,103,110,107,113,108,103,87,131,114,,,,78,,
20260401,15,O3_24h,96,83,100,91,87,156,113,99,89,113,91,145,135,109,101,112,95,118,100,148,145,147,164,164,139,145,152,145,165,147,119,133,133,126,134,113,129,147,153,128,142,123,116,98,133,121,126,128,150,134,150,151,158,124,166,154,148,162,181,116,111,132,102,72,86,127,80,103,108,118,119,110,120,120,161,150,103,118,94,134,97,91,107,154,155,164,99,149,138,85,116,144,130,166,92,96,102,127,54,47,98,101,102,74,132,99,124,128,106,149,95,121,130,112,102,100,102,100,93,147,90,98,81,149,145,151,139,149,142,129,127,127,126,99,131,113,93,107,90,111,66,124,102,104,82,104,131,111,80,122,117,120,109,125,119,120,112,111,114,91,,,,,,,,,,,,,,,,,,,,,,,,,,,,,,132,137,146,126,87,118,126,100,117,116,91,88,114,97,,91,110,97,113,105,98,103,114,133,128,94,96,128,103,89,120,78,102,113,81,117,81,146,128,137,132,138,125,132,129,138,134,128,145,151,139,109,119,113,125,128,142,151,137,113,143,135,134,129,143,144,139,130,131,123,122,130,145,115,126,144,127,147,155,140,138,104,125,122,134,134,120,88,118,101,101,95,90,108,75,100,123,90,127,123,113,106,107,99,117,120,100,82,123,107,114,,77,100,81,87,92,88,79,74,,80,101,103,97,111,98,101,113,117,152,91,92,51,94,92,103,112,102,,117,91,118,121,113,110,120,116,117,113,109,,122,,81,,119,136,119,127,131,136,111,164,122,113,118,122,112,119,124,103,110,107,113,108,103,87,131,114,,,,78,,
20260401,15,O3_8h,79,64,79,72,80,109,82,88,69,84,71,85,109,71,80,87,77,95,89,99,99,106,105,110,97,107,111,103,119,101,82,90,107,103,112,92,104,117,120,107,126,87,86,75,103,97,85,83,113,97,104,105,81,85,93,84,92,85,96,91,86,95,83,54,58,78,50,87,96,69,67,66,78,84,87,92,76,81,78,99,85,83,80,114,103,117,81,114,112,79,88,105,108,98,102,72,69,89,59,48,85,79,84,60,102,85,85,98,73,111,74,91,79,76,88,79,84,78,87,106,86,84,87,108,92,105,90,99,111,91,87,91,77,79,97,81,57,76,67,81,62,77,56,84,43,69,88,64,42,91,81,88,72,73,71,82,100,78,91,74,,,,,,,,,,,,,,,,,,,,,,,,,,,,,,113,103,93,86,64,74,87,68,73,78,57,78,78,77,,75,102,87,84,83,89,87,85,96,92,78,86,91,102,85,105,78,90,91,83,116,78,111,94,101,91,87,100,102,100,102,103,109,96,117,105,85,94,96,89,95,83,96,117,97,110,100,106,104,106,106,104,85,90,84,107,105,97,79,87,103,97,111,107,101,99,61,63,57,105,79,63,47,60,53,82,83,80,81,76,75,89,68,96,90,71,70,67,43,61,70,59,34,79,70,76,,49,60,66,73,47,52,78,40,,46,75,74,87,84,53,76,104,91,90,78,48,37,71,76,86,104,86,,109,78,67,81,62,76,72,79,77,75,69,,99,,63,,72,87,83,96,88,97,74,144,71,67,86,86,92,72,77,56,76,49,79,65,56,95,86,73,,,,63,,
20260401,15,O3_8h_24h,79,64,79,72,80,109,82,88,69,84,71,85,109,71,80,87,72,95,89,99,99,106,105,110,97,107,111,103,119,101,82,90,100,103,112,92,104,117,120,106,126,87,86,75,103,97,85,83,113,97,104,105,81,85,93,84,92,85,96,91,86,95,83,53,58,78,50,84,96,69,67,66,78,84,87,92,76,81,78,99,85,83,80,114,103,117,81,114,112,76,88,105,108,98,96,79,69,89,51,46,85,79,84,60,102,85,85,98,73,111,74,91,79,76,88,79,84,78,87,106,86,84,89,108,92,105,90,99,111,91,87,91,77,79,97,81,57,76,67,81,62,77,56,84,43,69,88,64,42,91,81,88,72,73,71,82,100,78,90,74,,,,,,,,,,,,,,,,,,,,,,,,,,,,,,113,103,93,86,64,74,87,68,73,78,83,78,78,77,,75,102,87,84,83,89,87,85,96,92,78,86,91,102,85,105,78,90,91,76,116,78,111,94,101,91,87,100,102,100,102,103,109,96,117,105,85,94,96,89,95,83,96,117,97,110,100,106,104,106,106,104,85,90,84,107,105,97,79,87,103,97,111,107,101,99,61,63,57,105,90,63,47,60,53,82,83,80,81,72,75,89,68,96,90,71,70,67,43,61,70,59,32,79,70,76,,49,60,66,73,47,52,78,40,,46,75,74,87,84,53,76,104,91,90,78,48,37,71,76,86,103,86,,109,76,67,81,62,76,72,79,77,75,69,,99,,53,,72,87,83,96,88,97,74,144,71,67,86,86,92,72,77,48,76,49,79,65,56,90,86,73,,,,62,,
20260401,15,CO,0.32,0.56,0.24,0.43,0.25,0.78,0.63,0.27,0.20,0.77,0.22,0.47,0.50,0.40,0.26,0.45,0.47,0.35,0.42,0.59,0.64,0.59,0.85,0.76,0.42,0.58,0.80,0.49,0.78,0.58,0.64,0.76,0.43,0.51,0.37,0.35,0.35,0.60,0.42,0.37,0.65,0.50,0.40,0.45,0.58,0.47,0.45,0.57,0.61,0.67,0.41,0.46,0.68,0.65,0.64,0.60,0.57,0.50,0.60,0.63,0.47,0.47,0.53,0.57,0.57,0.41,0.63,0.40,0.38,0.42,0.50,0.55,0.54,0.35,0.37,0.50,0.41,0.32,0.54,0.43,0.17,0.28,0.53,0.41,0.70,0.63,0.28,0.52,0.53,0.47,0.38,0.47,0.37,1.10,0.50,0.38,0.63,0.77,0.85,0.97,0.70,0.60,0.50,0.73,0.65,0.50,0.65,0.55,0.23,0.40,0.49,0.40,0.55,0.58,0.56,0.66,0.43,0.54,0.34,1.00,0.30,0.33,0.32,0.57,0.77,0.70,0.54,0.60,0.53,0.37,0.30,0.35,0.38,0.53,0.63,0.83,0.40,0.67,0.70,0.63,0.50,0.45,0.68,0.58,0.73,0.43,0.43,0.25,0.48,0.50,0.43,0.40,0.25,0.44,0.40,0.20,1.30,0.50,0.40,0.35,,,,,,,,,,,,,,,,,,,,,,,,,,,,,,0.25,0.30,0.60,0.30,0.35,0.30,0.45,0.33,0.20,0.23,0.43,0.20,0.40,0.30,,0.25,0.40,0.30,0.53,0.40,0.37,0.27,0.50,0.75,0.95,0.40,0.30,0.27,0.40,0.30,0.43,0.33,0.25,0.40,0.25,0.40,0.20,0.42,0.44,0.30,0.47,0.57,0.45,0.50,0.46,0.33,0.35,0.10,0.68,0.33,0.53,0.53,0.50,0.60,0.65,0.67,0.60,0.90,0.60,0.46,0.85,0.65,0.68,0.50,0.84,0.57,0.45,0.28,0.42,0.57,0.27,0.23,0.65,0.57,0.74,0.43,0.45,0.40,0.43,0.50,0.63,0.45,0.75,0.60,0.80,0.35,0.43,0.30,0.25,0.25,0.20,0.57,0.73,0.63,0.63,0.50,0.87,0.60,0.70,0.60,0.40,0.55,0.30,0.53,0.50,0.57,0.37,0.40,0.55,0.40,0.20,,0.30,0.50,0.40,0.60,0.55,0.55,0.50,0.60,,0.55,0.30,0.30,0.50,0.55,0.45,0.30,0.40,0.40,0.70,0.40,0.60,0.70,0.50,0.45,0.25,0.30,0.40,,0.25,0.55,0.43,0.23,0.40,0.50,0.30,0.25,0.20,0.20,0.35,,0.35,,0.70,,0.25,0.50,0.20,0.10,0.20,0.20,0.40,0.30,0.53,0.20,0.30,0.70,,0.35,0.40,0.20,0.15,0.25,0.40,0.65,0.10,0.30,0.55,0.50,,,,0.75,,
20260401,15,CO_24h,0.38,0.69,0.52,0.67,0.50,0.70,0.40,0.30,0.30,0.47,0.55,0.50,0.82,0.50,0.30,0.72,0.64,0.56,0.60,0.61,0.89,0.73,0.80,0.93,0.68,0.82,0.94,0.77,0.86,0.77,0.76,0.84,0.60,0.57,0.44,0.33,0.42,0.67,0.60,0.40,0.50,0.53,0.40,0.45,0.73,0.40,0.38,0.60,0.80,0.69,0.53,0.58,0.78,0.68,0.60,0.53,0.57,0.55,0.50,0.70,0.52,0.50,0.61,0.47,0.55,0.52,0.57,0.51,0.42,0.41,0.73,0.75,0.60,0.45,0.63,0.67,0.51,0.34,0.62,0.63,0.40,0.55,0.60,0.66,0.80,0.80,0.64,0.85,0.78,0.45,0.53,0.75,0.67,1.06,0.50,0.62,0.63,0.73,0.57,0.77,0.70,0.50,0.50,0.67,0.50,0.50,0.70,0.55,0.43,0.50,0.56,0.43,0.50,0.64,0.36,1.04,0.70,1.02,0.60,0.95,0.40,0.60,0.28,0.87,0.83,0.72,0.67,0.60,0.67,0.73,0.55,0.38,0.40,0.60,0.70,0.82,0.50,0.70,0.72,0.57,0.50,0.52,0.75,0.65,0.70,0.50,0.50,0.40,0.45,0.60,0.53,0.45,0.40,0.34,0.35,0.40,0.80,0.60,0.36,0.40,,,,,,,,,,,,,,,,,,,,,,,,,,,,,,0.38,0.50,0.55,0.63,0.33,0.30,0.90,0.37,0.37,0.40,0.43,0.20,0.40,0.33,,0.25,0.50,0.53,0.83,0.50,0.57,0.33,0.50,0.65,1.00,0.45,0.35,0.37,0.60,0.80,0.77,0.43,0.50,0.50,0.45,0.70,0.25,0.60,0.60,0.55,0.80,0.60,0.45,0.65,0.68,0.47,0.50,0.23,0.93,0.37,0.70,0.93,0.60,0.60,0.40,0.70,0.87,0.57,0.55,0.50,0.85,0.83,0.80,0.55,0.66,0.55,0.55,0.53,0.62,0.65,0.43,0.40,1.02,0.67,0.74,0.63,0.57,0.40,0.50,0.70,0.67,0.50,0.98,0.75,0.90,0.50,0.53,0.35,0.75,0.35,0.30,0.53,0.67,0.60,0.63,0.55,0.77,0.60,0.80,0.60,0.70,0.60,0.40,0.55,0.45,0.70,0.38,0.40,0.65,0.45,0.20,,0.30,0.45,0.40,0.60,0.60,0.50,0.45,0.65,,0.65,0.30,0.30,0.55,0.65,0.60,0.50,0.40,0.40,0.75,0.45,0.60,0.70,0.50,0.45,0.30,0.30,0.50,,0.25,0.55,0.53,0.43,0.40,0.45,0.60,0.50,0.30,0.40,0.40,,0.40,,0.75,,0.50,0.70,0.30,0.30,0.40,0.40,0.50,0.30,0.53,0.40,0.45,0.75,0.10,0.65,0.35,0.30,0.25,0.65,0.50,0.85,0.50,0.30,0.80,0.60,,,,0.65,,
20260401,16,AQI,53,59,65,52,57,118,103,32,28,91,78,94,81,42,31,64,90,58,70,49,48,48,84,99,57,54,52,47,68,68,89,99,63,41,44,38,42,46,49,40,53,40,37,33,58,40,39,43,100,69,46,48,51,41,64,61,50,74,89,36,36,43,33,40,30,41,25,32,34,60,41,35,51,47,56,45,35,51,70,56,52,29,34,58,132,65,97,96,49,100,96,49,44,129,54,90,33,41,53,41,31,32,33,24,41,32,41,42,36,46,31,38,50,66,32,71,61,81,30,113,28,39,47,53,56,47,45,85,46,42,40,40,38,32,42,37,29,35,31,36,36,39,33,33,31,35,42,34,27,38,53,49,49,56,56,70,65,51,45,106,,,,,,,,,,,,,,,,,,,,,,,,,,,,,,41,42,46,40,45,46,45,44,52,51,31,29,49,31,,29,36,32,75,52,31,43,58,96,80,36,43,40,64,28,83,25,32,63,30,108,29,49,53,44,60,44,42,55,41,46,42,40,47,48,43,35,38,36,39,55,46,50,43,36,44,44,43,41,78,70,52,40,42,53,41,42,46,36,51,46,42,47,50,43,44,31,41,38,44,40,38,28,38,32,33,32,35,33,27,31,40,28,41,46,36,32,34,36,38,37,33,29,39,34,35,,25,30,40,27,31,36,25,29,,26,39,31,31,62,58,33,64,56,78,30,61,50,30,29,34,60,31,,38,28,38,55,36,33,49,35,64,64,41,,39,,40,,37,44,38,41,42,43,36,53,64,57,36,69,37,42,73,101,96,107,141,58,34,30,54,35,,,,47,,
20260401,16,PM2.5,20,10,24,9,9,89,45,5,3,42,17,70,60,15,6,21,28,39,51,34,26,19,62,74,37,37,26,27,49,49,66,74,45,4,18,4,13,19,13,12,37,3,10,3,31,11,5,23,45,50,26,32,21,9,17,22,13,23,16,4,7,6,9,21,17,17,9,16,4,30,15,10,18,15,14,17,14,17,13,38,9,9,4,41,55,47,14,34,23,27,26,26,20,98,30,8,3,8,37,26,3,7,9,14,5,3,6,3,15,27,8,14,13,34,16,31,20,25,7,85,8,12,25,36,40,21,18,63,30,19,15,13,18,18,13,4,8,11,15,10,20,16,10,13,8,3,21,7,16,12,27,19,13,29,22,23,23,11,13,34,,,,,,,,,,,,,,,,,,,,,,,,,,,,,,15,18,13,11,12,10,9,19,9,5,7,10,16,8,,6,7,3,35,20,3,20,30,35,33,22,21,17,34,7,61,10,18,43,8,81,20,28,29,16,38,25,19,39,13,26,15,14,30,25,3,4,3,4,10,39,22,22,30,5,15,16,25,16,57,51,33,16,19,26,29,20,25,7,28,20,25,15,27,15,22,12,18,11,12,9,10,9,8,8,3,17,16,11,14,7,8,3,25,10,10,10,7,16,8,7,8,17,6,11,9,,5,17,26,13,9,23,9,18,,7,22,13,7,26,41,17,46,40,57,15,44,28,14,3,3,3,12,,3,3,12,12,12,12,22,16,26,22,14,,14,,15,,15,6,3,9,6,3,3,3,15,16,12,32,6,16,28,50,48,47,54,19,3,3,22,12,,,,28,,
20260401,16,PM2.5_24h,21,43,37,28,20,61,42,9,10,39,65,65,53,16,7,33,29,45,72,45,84,48,62,90,72,85,48,61,73,77,85,83,91,16,22,7,23,31,26,5,18,10,9,3,62,5,16,20,76,53,56,38,36,7,15,18,10,14,13,8,13,5,8,25,17,20,10,21,7,24,29,22,27,25,28,27,12,12,20,35,22,24,19,95,103,84,44,68,80,28,40,78,81,72,28,25,6,14,21,21,6,12,10,16,3,12,12,5,22,45,8,19,14,21,9,34,40,47,25,66,14,53,28,46,68,26,43,58,45,51,39,21,31,35,30,14,12,13,13,8,21,21,17,20,4,9,21,18,14,17,30,25,16,22,26,29,23,17,12,47,,,,,,,,,,,,,,,,,,,,,,,,,,,,,,35,54,15,14,13,17,22,14,16,12,20,8,13,9,,7,11,18,35,35,18,34,31,29,32,30,22,25,60,88,85,29,71,47,37,90,11,79,70,53,63,55,7,81,58,64,52,38,26,30,10,4,4,5,11,19,27,16,25,6,12,20,15,14,44,50,45,66,64,42,43,43,28,18,37,23,40,39,26,18,34,14,20,16,28,15,16,14,22,15,7,10,12,8,8,10,9,8,10,20,19,15,12,16,13,23,9,12,17,17,10,,4,11,16,15,12,17,14,17,,11,28,19,7,38,39,24,43,30,55,19,42,31,10,8,3,5,15,,2,5,21,15,14,16,27,22,25,35,19,,22,,16,,20,20,10,13,12,16,7,10,27,28,15,30,16,28,24,58,69,52,54,27,8,2,30,34,,,,34,,
20260401,16,PM10,55,67,80,53,63,112,156,14,10,132,106,137,92,42,23,77,129,65,74,46,48,25,98,102,64,58,54,47,68,85,85,98,62,10,29,16,15,26,24,25,47,8,16,8,65,27,10,35,149,74,44,42,37,16,31,34,24,35,39,9,13,14,20,40,30,28,24,28,10,70,41,19,52,47,30,21,26,51,89,62,53,23,15,65,214,80,144,142,49,150,141,49,44,128,58,129,7,26,43,41,10,23,12,23,10,31,30,23,36,46,31,35,50,82,27,91,72,111,30,123,26,39,47,56,53,47,45,89,46,36,37,40,33,22,21,19,13,27,31,21,36,33,14,20,15,19,40,24,25,28,55,49,49,62,62,90,80,52,45,162,,,,,,,,,,,,,,,,,,,,,,,,,,,,,,36,39,26,33,45,46,45,44,54,51,31,24,49,20,,6,36,19,100,54,20,43,66,141,110,36,43,31,78,25,,22,32,75,30,106,15,49,56,32,70,43,42,53,39,46,35,39,44,48,17,9,9,22,22,48,35,28,34,14,23,32,33,35,85,81,53,31,32,55,38,42,45,30,51,32,39,42,42,29,44,17,33,31,15,20,12,20,30,13,25,32,35,23,27,12,11,20,41,46,25,29,14,36,31,28,33,25,16,13,15,,12,24,40,17,13,36,21,29,,17,39,25,17,74,55,23,49,55,77,26,70,50,25,8,10,70,21,,6,13,31,59,27,33,49,22,77,78,41,,39,,40,,19,21,14,18,13,17,13,9,78,63,33,88,31,36,96,151,141,164,232,65,31,24,57,27,,,,47,,
20260401,16,PM10_24h,47,86,81,71,76,84,94,38,27,75,116,104,87,37,19,90,68,95,118,57,104,55,92,125,98,116,67,93,73,103,119,102,97,25,32,14,29,43,35,9,23,15,13,9,107,14,23,29,117,72,68,53,47,14,26,26,17,21,24,14,20,10,15,43,33,33,25,36,14,68,59,39,67,59,37,37,31,37,84,60,69,69,21,122,151,121,103,120,118,67,84,98,109,103,46,81,10,25,31,33,12,25,14,28,6,25,26,17,35,69,33,47,44,64,29,92,118,121,69,98,52,73,64,64,99,39,68,73,59,80,68,43,47,41,39,27,17,23,24,18,33,45,26,32,11,28,46,33,26,29,67,59,45,56,68,94,78,52,42,197,,,,,,,,,,,,,,,,,,,,,,,,,,,,,,59,73,22,50,54,48,53,38,58,48,85,23,46,27,,36,50,68,122,104,59,90,73,57,68,82,78,37,92,130,128,42,97,81,59,114,17,104,90,81,102,66,18,108,87,79,70,59,36,34,20,13,11,11,14,24,33,26,26,14,23,28,27,23,65,76,67,79,78,71,57,74,48,40,67,39,65,55,39,29,61,24,29,23,38,21,21,22,35,16,18,23,24,15,16,26,16,13,19,38,40,33,25,34,43,36,32,19,28,23,21,,14,14,29,20,21,28,20,26,,15,39,33,17,77,52,34,55,43,73,25,57,44,20,16,12,19,18,,8,12,46,46,30,43,70,56,75,91,49,,58,,51,,56,49,25,33,38,39,24,27,82,78,48,109,51,54,85,180,216,198,220,76,41,14,68,71,,,,52,,
20260401,16,SO2,4,8,3,8,8,8,8,3,3,6,6,8,7,6,9,7,8,7,8,6,6,6,8,11,8,5,7,6,8,8,7,7,3,6,7,5,6,5,5,6,6,3,4,4,6,4,2,8,10,8,5,7,5,6,5,7,7,6,8,5,6,8,5,6,9,5,7,3,5,7,10,9,8,7,4,6,10,6,8,10,5,11,4,9,13,9,8,14,7,9,7,4,4,12,10,5,7,7,11,12,7,6,6,7,7,3,5,8,3,5,7,9,7,6,17,12,8,9,6,13,6,3,6,8,7,6,11,7,8,8,3,11,8,7,7,8,8,5,8,7,4,7,8,5,9,7,3,6,10,6,7,4,2,6,7,16,21,9,6,10,,,,,,,,,,,,,,,,,,,,,,,,,,,,,,5,3,5,5,6,10,6,7,5,11,5,5,9,6,,4,9,5,8,9,5,4,7,10,11,2,5,6,6,8,8,6,4,6,6,8,7,6,8,6,9,6,4,7,6,5,5,6,4,5,4,4,3,4,7,7,6,2,5,3,8,7,10,6,11,10,4,5,6,6,2,4,8,7,11,7,6,4,5,5,7,7,6,8,7,6,5,5,3,4,6,7,6,9,7,12,6,9,9,8,3,10,8,7,10,7,6,7,9,6,5,,6,8,4,9,4,11,5,3,,6,6,6,12,9,6,4,5,5,11,5,5,7,5,5,9,9,10,,6,6,5,5,5,5,28,13,12,4,8,,4,,7,,4,7,7,10,11,5,4,16,5,8,7,5,9,8,4,4,6,5,1,7,6,5,13,11,,,,7,,
20260401,16,SO2_24h,3,10,3,8,11,7,4,3,3,6,11,7,10,7,7,11,9,8,10,6,7,5,7,10,9,6,7,8,6,9,8,8,5,6,6,5,6,5,5,5,6,3,3,4,6,4,3,7,7,9,5,7,7,6,5,6,6,5,7,5,5,7,5,7,8,5,6,4,4,5,11,11,13,7,4,5,9,6,10,11,6,13,3,14,12,8,16,17,9,10,9,7,7,12,7,12,7,7,11,10,7,6,6,6,6,4,5,8,5,5,10,10,7,9,8,15,10,10,11,12,6,6,6,8,8,6,12,6,8,10,5,12,6,7,7,7,8,5,7,8,4,7,9,7,10,6,3,7,8,6,6,4,2,6,8,16,19,16,5,10,,,,,,,,,,,,,,,,,,,,,,,,,,,,,,5,3,4,5,8,11,9,7,9,16,7,5,9,8,,5,9,10,11,9,8,6,6,10,10,2,4,7,9,11,11,6,6,9,7,8,9,7,8,7,8,6,4,7,6,5,5,6,3,5,3,8,3,5,5,5,7,2,5,3,7,9,8,9,10,10,4,6,6,6,3,4,9,7,12,8,5,4,5,5,6,7,6,10,5,6,4,5,4,4,9,7,5,8,6,14,6,7,8,7,9,8,8,6,10,6,5,7,9,4,5,,6,5,5,19,4,11,7,2,,4,6,6,10,9,6,4,5,5,9,5,5,7,6,5,9,8,12,,6,6,6,7,8,6,12,12,10,5,8,,5,,7,,5,12,7,10,11,16,8,15,9,10,9,4,8,8,4,4,11,5,3,8,6,5,15,10,,,,7,,
20260401,16,NO2,12,19,9,5,9,14,19,7,6,20,10,19,9,12,7,11,14,12,15,22,11,17,23,23,15,10,15,12,21,13,10,14,3,13,19,16,13,14,12,20,13,10,8,6,12,13,10,13,22,23,8,13,12,13,19,24,16,19,24,10,8,15,11,8,17,10,10,8,5,15,11,8,8,12,9,12,11,9,13,18,8,8,11,12,23,12,11,23,11,26,15,8,7,29,39,9,9,10,18,20,8,9,5,16,12,,11,9,6,11,11,9,10,15,16,15,12,13,8,19,5,8,8,13,13,16,14,12,13,10,8,11,17,13,11,6,7,9,10,11,3,7,9,7,14,6,12,9,6,7,14,14,6,14,11,3,7,5,5,3,,,,,,,,,,,,,,,,,,,,,,,,,,,,,,8,10,14,8,9,8,7,12,8,5,4,5,5,6,,4,6,6,14,4,6,6,10,14,14,6,8,9,6,5,12,3,7,10,6,19,3,11,9,8,16,9,5,8,8,8,7,7,15,10,11,5,6,5,14,15,9,13,7,9,13,11,5,7,12,13,10,10,10,9,7,10,6,8,6,5,11,4,5,6,13,6,7,7,4,13,11,9,8,4,10,11,12,15,18,9,9,6,8,7,6,16,11,14,12,8,19,11,5,5,10,,4,6,9,6,8,9,5,9,,4,5,6,7,9,7,4,7,6,10,7,10,27,9,4,2,4,6,,1,2,6,8,6,6,11,16,7,5,8,,9,,6,,4,2,1,2,2,2,4,,3,5,6,7,4,8,6,4,1,7,2,9,6,6,9,6,,,,7,,
20260401,16,NO2_24h,18,43,17,24,23,24,28,7,14,24,36,31,15,28,10,25,24,28,25,35,29,30,39,32,26,36,35,31,30,35,28,22,15,16,23,20,15,19,18,14,12,19,13,11,30,14,17,20,39,29,20,21,27,16,16,16,17,17,22,17,12,13,12,10,22,26,17,18,7,36,33,15,26,25,21,21,20,23,17,21,12,26,15,27,37,28,42,51,20,31,36,21,32,42,25,32,14,11,13,15,11,8,9,12,11,11,12,13,13,17,12,24,26,37,9,21,26,31,21,26,6,27,9,34,40,28,32,23,20,17,18,20,22,18,19,11,14,13,10,10,10,24,22,10,16,15,31,18,12,11,27,22,30,16,31,18,14,22,9,21,,,,,,,,,,,,,,,,,,,,,,,,,,,,,,11,14,16,23,16,25,27,20,30,17,6,5,9,10,,9,6,14,20,18,14,20,20,22,25,9,11,14,20,23,28,10,28,18,9,22,3,22,15,19,25,22,8,15,13,14,14,10,21,17,15,10,8,6,16,12,14,15,9,10,14,15,7,12,13,19,21,20,23,21,13,15,11,15,14,12,14,8,8,10,19,9,21,16,13,21,16,16,22,9,13,10,11,12,12,13,13,7,8,8,22,23,20,29,30,19,30,11,19,11,8,,15,7,14,10,17,12,7,12,,9,7,13,9,18,12,13,7,7,16,9,16,18,9,10,3,4,8,,2,2,20,42,12,19,34,30,17,17,21,,15,,13,,24,10,2,2,14,5,24,2,19,27,22,18,10,24,15,26,17,33,15,28,12,5,21,19,,,,8,,
20260401,16,O3,99,84,103,92,88,163,113,101,90,109,91,152,135,112,100,112,104,115,111,152,146,152,168,160,137,149,157,145,166,147,126,124,137,130,140,120,133,147,158,127,141,127,119,104,135,129,126,137,153,140,148,155,161,131,171,169,159,179,191,116,116,136,106,77,86,131,80,101,110,128,123,112,115,125,165,145,113,118,96,128,98,92,110,153,136,161,99,137,139,87,103,141,133,155,91,99,106,132,58,51,100,103,107,77,131,103,130,133,106,142,96,123,134,111,101,103,106,102,93,143,89,99,100,153,146,149,136,155,143,134,129,123,123,101,135,118,94,113,95,116,63,125,106,106,100,112,134,110,87,121,122,123,111,132,121,120,115,112,116,95,,,,,,,,,,,,,,,,,,,,,,,,,,,,,,132,134,147,128,91,121,127,104,117,116,92,92,117,100,,92,113,101,114,108,99,105,121,133,125,99,97,128,100,89,104,79,95,118,79,119,79,143,134,140,128,140,125,131,132,136,134,128,149,151,136,112,121,114,125,131,146,159,137,115,142,141,136,132,152,148,141,127,133,118,125,130,148,115,128,146,134,150,160,138,141,99,130,120,141,128,121,89,121,102,104,98,95,104,66,98,129,90,131,129,114,102,108,108,122,117,105,92,126,108,111,,81,97,80,86,100,89,81,81,,83,107,98,98,119,103,107,113,119,150,95,100,47,95,93,110,111,100,,121,90,120,119,115,104,124,113,116,115,118,,121,,103,,119,140,120,130,135,136,114,162,115,114,116,131,117,134,129,108,115,115,114,118,108,97,136,111,,,,71,,
20260401,16,O3_24h,99,84,103,92,88,163,113,101,90,109,91,152,135,112,100,112,104,115,111,152,146,152,168,160,137,149,157,145,166,147,126,124,137,130,140,120,133,147,158,127,141,127,119,104,135,129,126,137,153,140,148,155,161,131,171,169,159,179,191,116,116,136,106,77,86,131,80,101,110,128,123,112,115,125,165,145,113,118,96,128,98,92,110,153,136,161,99,137,139,87,103,141,133,155,91,99,106,132,58,51,100,103,107,77,131,103,130,133,106,142,96,123,134,111,101,103,106,102,93,143,89,99,100,153,146,149,136,155,143,134,129,123,123,101,135,118,94,113,95,116,63,125,106,106,100,112,134,110,87,121,122,123,111,132,121,120,115,112,116,95,,,,,,,,,,,,,,,,,,,,,,,,,,,,,,132,134,147,128,91,121,127,104,117,116,92,92,117,100,,92,113,101,114,108,99,105,121,133,125,99,97,128,100,89,104,79,95,118,79,119,79,143,134,140,128,140,125,131,132,136,134,128,149,151,136,112,121,114,125,131,146,159,137,115,142,141,136,132,152,148,141,127,133,118,125,130,148,115,128,146,134,150,160,138,141,99,130,120,141,128,121,89,121,102,104,98,95,104,66,98,129,90,131,129,114,102,108,108,122,117,105,92,126,108,111,,81,97,80,86,100,89,81,81,,83,107,98,98,119,103,107,113,119,150,95,100,47,95,93,110,111,100,,121,90,120,119,115,104,124,113,116,115,118,,121,,103,,119,140,120,130,135,136,114,162,115,114,116,131,117,134,129,108,115,115,114,118,108,97,136,111,,,,71,,
20260401,16,O3_8h,83,71,86,79,83,123,92,92,80,88,79,101,116,81,87,93,81,101,94,114,114,120,126,127,112,123,124,117,132,117,94,102,115,109,120,98,112,128,132,112,129,95,93,81,112,104,102,95,128,108,117,120,99,95,108,99,105,101,113,101,92,105,88,57,66,92,58,94,99,83,81,77,90,91,106,106,88,92,82,108,89,86,90,129,117,132,92,129,126,84,100,119,119,115,107,88,79,98,59,48,90,84,88,66,109,89,95,107,84,122,81,102,93,87,93,84,89,86,89,116,87,93,90,119,110,120,105,114,120,100,100,102,89,85,108,92,68,86,71,89,66,91,67,90,52,79,98,76,51,99,93,99,85,87,84,92,105,88,95,77,,,,,,,,,,,,,,,,,,,,,,,,,,,,,,119,112,105,99,72,87,99,77,86,89,87,82,85,85,,81,105,90,92,89,92,91,93,110,107,82,91,102,108,88,108,78,95,100,83,121,78,121,105,114,102,100,109,112,110,112,115,115,111,125,114,92,103,102,98,104,98,112,124,103,122,111,116,111,116,119,115,99,104,97,113,112,113,90,98,116,105,121,130,114,113,72,78,70,116,86,74,58,77,63,89,86,83,88,76,84,102,73,105,98,84,81,77,57,75,83,72,41,93,79,86,,57,70,70,76,57,62,79,48,,55,84,84,90,94,63,88,105,97,105,82,59,40,79,79,89,105,90,,111,79,82,94,74,85,88,91,90,85,82,,105,,68,,84,101,92,104,99,106,83,148,84,79,97,94,97,83,87,58,83,63,85,75,68,95,94,81,,,,67,,
20260401,16,O3_8h_24h,83,71,86,79,83,123,92,92,80,88,79,101,116,81,87,93,78,101,94,114,114,120,126,127,112,123,124,117,132,117,94,102,111,109,120,98,112,128,132,112,129,95,93,81,112,104,102,95,128,108,117,120,99,95,108,99,105,101,113,101,92,105,88,57,66,92,58,94,99,83,81,77,90,91,106,106,88,92,82,108,89,86,90,129,117,132,92,129,126,82,100,119,119,115,99,88,79,98,52,46,90,84,88,66,109,89,95,107,84,122,81,102,93,87,93,84,89,86,89,116,87,93,93,119,110,120,105,114,120,100,100,102,89,85,108,92,68,86,71,89,66,91,67,90,52,79,98,76,51,99,93,99,85,87,84,92,105,88,95,77,,,,,,,,,,,,,,,,,,,,,,,,,,,,,,119,112,105,99,72,87,99,77,86,89,87,82,85,85,,81,105,90,92,89,92,91,93,110,107,82,91,102,108,88,108,78,95,100,77,121,78,121,105,114,102,100,109,112,110,112,115,115,111,125,114,92,103,102,98,104,98,112,124,103,122,111,116,111,116,119,115,99,104,97,113,112,113,90,98,116,105,121,130,114,113,72,78,70,116,100,74,58,77,63,89,86,83,88,72,84,102,73,105,98,84,81,77,57,75,83,72,41,93,79,86,,57,70,70,76,57,62,79,48,,55,84,84,90,94,63,88,105,97,105,82,59,40,79,79,89,105,90,,111,79,82,94,74,85,88,91,90,85,82,,105,,63,,84,101,92,104,99,106,83,148,84,79,97,94,97,83,87,56,83,63,85,75,68,90,94,81,,,,67,,
20260401,16,CO,0.38,0.54,0.28,0.44,0.25,0.78,0.49,0.30,0.20,0.70,0.20,0.53,0.53,0.42,0.24,0.43,0.46,0.36,0.48,0.55,0.67,0.60,0.92,0.84,0.40,0.60,0.84,0.54,0.74,0.57,0.65,0.74,0.47,0.52,0.49,0.33,0.35,0.60,0.42,0.37,0.70,0.43,0.50,0.40,0.59,0.45,0.43,0.62,0.67,0.66,0.36,0.46,0.63,0.64,0.66,0.60,0.57,0.55,0.60,0.60,0.50,0.50,0.54,0.57,0.55,0.41,0.67,0.41,0.34,0.41,0.43,0.45,0.28,0.31,0.32,0.47,0.47,0.32,0.52,0.47,0.20,0.28,0.57,0.40,0.68,0.60,0.28,0.50,0.46,0.38,0.30,0.45,0.37,1.06,0.50,0.40,0.63,0.72,0.85,0.87,0.65,0.60,0.50,0.70,0.55,0.50,0.67,0.55,0.20,0.30,0.49,0.46,0.65,0.58,0.66,0.66,0.43,0.52,0.36,1.04,0.36,0.33,0.26,0.58,0.70,0.66,0.48,0.60,0.50,0.33,0.28,0.27,0.35,0.47,0.60,0.75,0.40,0.63,0.73,0.67,0.45,0.45,0.65,0.53,0.70,0.43,0.43,0.20,0.45,0.47,0.47,0.35,0.25,0.40,0.30,0.30,1.00,0.40,0.42,0.30,,,,,,,,,,,,,,,,,,,,,,,,,,,,,,0.28,0.30,0.55,0.30,0.35,0.25,0.38,0.33,0.25,0.23,0.43,0.20,0.30,0.30,,0.25,0.40,0.30,0.53,0.40,0.33,0.27,0.50,0.75,0.85,0.40,0.30,0.27,0.37,0.30,0.33,0.35,0.15,0.40,0.25,0.50,0.20,0.38,0.44,0.30,0.47,0.53,0.45,0.50,0.42,0.30,0.35,0.10,0.70,0.33,0.53,0.50,0.50,0.60,0.55,0.67,0.63,0.82,0.50,0.46,0.85,0.63,0.68,0.50,0.84,0.57,0.45,0.28,0.38,0.55,0.30,0.23,0.65,0.60,0.68,0.43,0.50,0.40,0.47,0.50,0.63,0.45,0.68,0.60,0.80,0.35,0.43,0.25,0.25,0.30,0.25,0.60,0.72,0.65,0.70,0.45,0.87,0.60,0.65,0.60,0.40,0.55,0.30,0.47,0.40,0.57,0.35,0.40,0.50,0.45,0.20,,0.30,0.45,0.40,0.60,0.60,0.55,0.50,0.55,,0.55,0.30,0.30,0.45,0.50,0.40,0.30,0.40,0.45,0.70,0.35,0.60,0.70,0.50,0.40,0.25,0.30,0.40,,0.25,0.55,0.43,0.25,0.40,0.40,0.30,0.25,0.20,0.20,0.35,,0.35,,0.65,,0.30,0.50,0.30,0.10,0.20,0.20,0.40,0.30,0.33,0.20,0.30,0.70,0.20,0.35,0.35,0.20,0.15,0.25,0.30,0.65,0.10,0.30,0.55,0.45,,,,0.75,,
20260401,16,CO_24h,0.37,0.69,0.50,0.66,0.50,0.70,0.41,0.30,0.30,0.53,0.55,0.55,0.82,0.50,0.30,0.72,0.64,0.55,0.61,0.61,0.89,0.71,0.83,0.91,0.68,0.82,0.94,0.77,0.86,0.77,0.76,0.84,0.60,0.56,0.44,0.33,0.41,0.67,0.57,0.40,0.50,0.50,0.40,0.45,0.73,0.40,0.38,0.60,0.81,0.70,0.53,0.58,0.77,0.68,0.60,0.53,0.57,0.55,0.50,0.70,0.52,0.50,0.60,0.47,0.55,0.54,0.57,0.51,0.42,0.42,0.73,0.75,0.62,0.45,0.63,0.67,0.51,0.34,0.62,0.63,0.40,0.55,0.60,0.66,0.80,0.80,0.62,0.83,0.76,0.45,0.53,0.73,0.67,1.08,0.50,0.62,0.67,0.75,0.60,0.80,0.70,0.50,0.50,0.67,0.50,0.50,0.70,0.55,0.43,0.50,0.56,0.43,0.53,0.62,0.38,1.02,0.70,1.02,0.58,0.98,0.38,0.60,0.28,0.80,0.83,0.70,0.67,0.60,0.63,0.73,0.55,0.38,0.42,0.60,0.70,0.82,0.50,0.70,0.72,0.57,0.50,0.52,0.75,0.65,0.70,0.50,0.50,0.40,0.48,0.60,0.53,0.45,0.40,0.36,0.35,0.40,0.80,0.60,0.36,0.40,,,,,,,,,,,,,,,,,,,,,,,,,,,,,,0.38,0.50,0.55,0.63,0.33,0.30,0.90,0.37,0.37,0.43,0.43,0.20,0.40,0.33,,0.25,0.50,0.50,0.83,0.50,0.57,0.33,0.50,0.65,1.00,0.45,0.35,0.37,0.60,0.80,0.77,0.43,0.50,0.47,0.35,0.70,0.25,0.58,0.60,0.55,0.78,0.60,0.45,0.65,0.68,0.47,0.47,0.23,0.90,0.37,0.70,0.90,0.60,0.60,0.45,0.70,0.87,0.65,0.55,0.50,0.85,0.85,0.80,0.55,0.66,0.55,0.55,0.53,0.62,0.65,0.43,0.40,1.02,0.67,0.72,0.57,0.57,0.40,0.50,0.70,0.67,0.50,0.98,0.75,0.90,0.45,0.53,0.35,0.75,0.35,0.30,0.53,0.67,0.60,0.63,0.50,0.77,0.60,0.80,0.60,0.70,0.60,0.40,0.57,0.45,0.70,0.38,0.40,0.65,0.45,0.20,,0.30,0.45,0.40,0.60,0.60,0.50,0.45,0.65,,0.65,0.30,0.30,0.55,0.65,0.60,0.50,0.40,0.45,0.75,0.45,0.60,0.70,0.50,0.45,0.30,0.30,0.50,,0.25,0.55,0.53,0.43,0.40,0.45,0.60,0.45,0.30,0.40,0.40,,0.40,,0.75,,0.50,0.70,0.30,0.30,0.30,0.40,0.50,0.30,0.57,0.40,0.50,0.75,0.10,0.60,0.35,0.30,0.25,0.65,0.50,0.85,0.50,0.30,0.75,0.60,,,,0.65,,
20260401,17,AQI,60,56,62,61,60,124,99,32,28,92,81,117,70,39,31,61,87,60,72,47,48,48,75,119,58,51,51,47,54,67,79,59,66,41,43,38,42,47,50,40,43,39,38,34,54,40,40,44,114,80,45,48,49,42,71,64,55,80,81,38,37,43,34,37,31,41,25,32,36,57,39,36,44,51,55,44,38,43,68,62,47,29,34,54,125,62,92,102,51,93,94,46,47,115,55,86,34,43,50,46,32,33,34,29,40,35,42,39,33,43,32,38,54,63,33,68,59,77,33,128,37,38,51,54,60,45,44,86,45,60,40,42,41,32,43,39,28,36,31,36,35,39,33,33,33,36,40,33,28,37,52,51,55,54,58,64,63,40,45,113,,,,,,,,,,,,,,,,,,,,,,,,,,,,,,42,52,44,43,39,50,41,35,54,44,31,28,51,31,,28,35,32,70,53,30,44,59,96,78,33,49,41,53,28,65,25,33,65,24,115,25,48,52,45,56,48,40,65,40,46,42,38,46,51,41,35,35,34,36,59,43,44,49,36,42,44,43,42,76,66,55,38,41,51,44,39,48,38,48,46,42,47,51,41,44,28,40,35,45,39,37,27,38,31,32,32,42,30,26,33,38,27,46,41,36,32,33,34,37,34,35,32,39,34,34,,25,30,45,26,30,37,27,28,,26,44,31,31,63,53,34,63,59,80,31,64,58,29,58,48,34,31,,38,28,38,63,36,34,41,35,61,65,38,,39,,39,,43,43,38,41,45,43,34,48,64,58,36,63,36,45,72,96,87,99,124,55,35,30,52,35,,,,47,,
20260401,17,PM2.5,26,10,22,16,10,94,40,10,3,27,17,59,51,18,5,20,29,43,51,32,24,21,55,90,38,35,24,27,38,47,58,42,48,5,17,7,11,21,16,14,17,3,10,3,25,9,6,26,42,59,22,31,20,11,20,23,13,22,16,6,7,6,11,22,18,16,7,18,3,27,24,12,12,18,13,15,15,18,15,44,11,8,5,35,37,44,14,32,22,29,23,18,21,87,36,8,3,18,35,31,3,8,9,17,6,18,7,3,18,21,9,13,14,31,23,30,20,26,9,97,8,22,30,36,43,18,16,64,29,34,21,15,18,19,11,9,9,11,21,11,22,16,10,12,6,3,16,7,16,16,24,19,13,23,21,24,21,6,12,39,,,,,,,,,,,,,,,,,,,,,,,,,,,,,,21,25,11,15,12,15,8,15,16,9,8,12,15,10,,10,5,3,40,20,4,22,32,40,40,23,25,28,26,6,47,11,23,45,9,87,3,26,28,20,35,24,19,47,12,26,16,12,30,26,3,3,3,4,6,42,22,19,34,8,11,21,24,17,56,48,33,17,20,21,31,18,33,14,27,18,27,15,30,19,21,9,15,9,14,12,10,10,9,8,16,19,17,18,11,10,9,3,23,12,10,11,7,15,5,7,9,17,7,11,9,,3,16,28,15,6,26,19,19,,10,26,15,13,39,37,16,45,42,59,20,46,41,17,21,9,3,12,,3,14,11,13,12,12,19,17,30,24,11,,13,,16,,30,3,3,10,6,3,3,3,13,16,15,20,6,19,30,45,29,39,48,30,6,3,29,9,,,,26,,
20260401,17,PM2.5_24h,21,43,37,27,19,63,42,9,10,39,65,66,54,17,7,32,29,45,70,45,81,47,63,92,70,83,47,59,72,77,84,82,89,15,21,7,22,30,25,5,18,10,9,3,60,5,16,20,75,55,55,38,36,7,15,18,10,14,13,7,12,5,8,25,17,20,10,21,7,25,29,22,27,25,28,27,13,12,19,34,22,23,18,94,102,83,44,68,78,29,40,76,79,75,29,25,6,15,21,21,6,12,9,16,3,12,12,5,22,43,8,19,15,22,9,34,40,47,24,68,13,52,27,45,66,25,43,58,44,51,38,20,31,35,29,13,12,13,13,9,21,21,17,20,5,9,22,18,14,17,30,25,16,22,26,29,23,17,12,47,,,,,,,,,,,,,,,,,,,,,,,,,,,,,,34,52,15,14,14,17,22,15,16,12,20,8,13,9,,7,10,17,36,35,17,34,32,30,34,29,23,25,60,82,85,28,69,47,35,90,9,77,68,52,62,54,8,80,57,63,50,37,26,30,9,3,3,5,11,21,28,17,26,6,12,21,16,15,44,49,44,63,62,42,42,42,28,18,37,22,40,39,26,18,34,14,21,16,27,15,16,14,23,15,7,10,11,8,8,11,9,8,11,18,19,15,13,16,13,23,9,12,17,17,10,,4,11,17,15,12,18,15,18,,11,28,19,7,39,39,24,44,30,56,19,42,31,10,9,4,5,16,,2,5,21,16,14,16,27,22,26,35,19,,22,,16,,22,20,9,13,12,16,7,10,27,28,15,30,16,27,24,58,67,51,54,28,8,2,30,34,,,,34,,
20260401,17,PM10,70,62,73,71,70,121,147,20,19,133,111,184,86,39,25,72,123,64,94,44,48,28,93,135,65,52,52,47,53,83,80,50,65,11,29,22,13,29,26,28,26,9,17,11,58,18,12,42,177,79,42,38,34,19,35,38,25,35,31,11,16,16,24,37,31,34,23,30,9,63,34,18,44,51,33,19,29,43,85,73,47,23,18,57,199,74,134,154,51,136,137,46,47,114,60,122,8,32,42,46,12,23,11,29,12,35,26,17,33,41,32,37,57,75,30,85,67,103,33,133,37,38,52,58,66,38,44,81,42,70,40,42,41,24,21,24,27,30,31,24,35,37,15,21,13,22,40,27,28,28,54,52,60,57,65,78,75,40,45,176,,,,,,,,,,,,,,,,,,,,,,,,,,,,,,37,54,25,35,39,50,41,35,58,44,31,22,52,23,,6,34,19,89,56,18,44,68,141,105,32,49,35,56,28,61,25,32,80,20,118,14,48,54,38,62,48,30,57,38,46,37,35,45,51,15,13,10,19,22,55,39,29,36,16,24,32,35,39,85,82,60,26,29,51,43,39,48,38,48,32,42,46,39,30,42,18,33,28,14,22,12,23,28,15,32,32,42,29,26,23,15,15,46,33,25,30,29,34,32,29,35,25,17,18,16,,12,22,45,21,15,36,24,28,,12,44,25,21,75,53,25,54,65,71,30,77,60,27,65,48,15,19,,8,26,32,75,29,34,41,27,72,80,38,,39,,39,,38,16,12,21,9,15,14,14,77,65,32,76,25,38,94,142,124,148,197,59,17,18,53,26,,,,47,,
20260401,17,PM10_24h,47,87,82,72,77,87,97,36,27,79,118,110,89,39,20,91,71,94,115,57,98,54,93,127,96,114,66,91,72,102,117,100,94,24,31,13,28,42,34,9,23,15,14,9,104,13,22,30,120,74,67,53,47,13,26,25,16,21,24,13,20,9,15,43,33,33,26,36,14,68,59,39,67,59,38,37,31,38,86,60,70,69,21,120,155,120,106,124,115,71,87,96,107,105,47,84,11,25,31,33,11,24,13,27,6,25,26,16,36,67,34,47,45,66,30,93,118,124,68,101,50,72,63,63,96,39,68,73,57,80,66,44,47,41,39,26,17,24,23,18,33,46,27,32,11,28,47,33,27,29,67,59,46,56,68,95,80,51,42,196,,,,,,,,,,,,,,,,,,,,,,,,,,,,,,58,71,23,50,54,49,52,39,59,49,85,22,46,26,,30,49,67,123,105,58,90,75,61,72,81,78,37,93,125,128,42,96,81,55,114,15,103,88,79,100,65,18,106,85,78,68,57,36,34,19,12,10,12,15,26,34,26,27,14,24,29,27,24,65,75,66,77,76,71,56,71,48,40,67,39,64,55,39,29,60,24,30,24,37,21,22,22,36,16,19,22,23,16,16,26,16,13,21,35,40,34,26,34,43,37,33,19,28,23,21,,14,15,30,20,21,29,20,27,,15,39,33,16,77,53,34,56,44,74,25,58,44,21,18,14,19,18,,8,13,46,48,31,44,70,55,77,91,49,,57,,51,,57,49,24,33,37,38,24,26,81,78,47,109,50,54,86,177,212,195,219,76,40,14,68,72,,,,52,,
20260401,17,SO2,4,8,3,8,7,7,6,2,4,5,5,9,7,5,9,7,8,8,8,6,6,6,8,12,8,5,7,6,7,8,7,6,5,6,7,5,7,5,5,6,6,3,4,4,6,4,2,8,11,8,4,7,5,6,5,7,8,5,8,5,6,8,5,7,8,5,7,3,5,6,9,9,6,8,4,6,9,6,8,10,5,11,4,9,12,8,9,14,10,9,6,5,5,10,11,6,7,7,9,13,7,6,6,8,7,4,6,7,4,5,8,8,7,7,18,11,9,9,7,14,4,4,6,8,7,6,9,6,8,9,3,10,7,7,7,8,8,5,9,7,4,7,7,6,8,7,3,6,9,6,6,5,2,6,6,16,19,8,6,10,,,,,,,,,,,,,,,,,,,,,,,,,,,,,,5,2,4,6,5,10,6,6,5,10,5,5,9,4,,4,9,5,8,7,6,6,7,10,11,3,5,7,5,8,7,6,5,7,6,8,39,5,8,6,9,6,4,7,6,4,5,6,6,5,3,5,3,5,5,8,6,3,5,4,7,6,8,9,12,9,4,5,6,6,3,4,7,8,11,8,5,,6,6,7,8,6,8,7,6,6,5,3,4,8,7,5,9,7,12,6,7,9,8,3,9,7,6,9,7,6,8,9,6,4,,6,6,4,10,4,13,6,3,,6,6,6,10,9,6,4,4,4,10,5,5,6,5,5,8,8,11,,6,6,5,3,5,5,18,13,11,5,7,,4,,7,,1,6,5,10,,5,5,17,5,9,7,4,8,9,3,3,6,4,1,7,6,6,17,11,,,,7,,
20260401,17,SO2_24h,3,10,3,8,11,7,4,3,3,6,10,7,10,7,7,11,9,8,10,6,7,5,7,10,9,6,7,8,6,9,7,8,5,6,6,5,6,5,5,5,6,3,3,4,6,4,3,7,7,9,5,7,7,6,5,6,6,5,7,5,5,7,5,7,8,5,6,4,4,5,11,12,13,7,4,5,9,6,10,11,6,12,3,14,12,8,16,17,9,10,9,7,7,12,7,12,7,7,11,11,7,6,6,6,6,4,5,8,5,5,10,10,7,10,9,15,10,10,11,12,6,6,6,8,8,6,12,6,8,10,5,12,6,7,7,7,8,5,8,8,4,7,9,7,10,6,3,7,8,6,6,4,2,6,8,16,19,16,5,10,,,,,,,,,,,,,,,,,,,,,,,,,,,,,,5,3,4,5,8,11,9,7,9,16,7,5,10,8,,5,9,10,11,9,7,6,6,11,10,2,4,7,9,11,12,6,6,9,7,8,11,7,8,7,8,6,4,7,6,5,5,6,3,5,3,8,3,5,5,6,7,2,5,3,7,9,8,9,10,10,4,6,6,6,3,4,9,7,12,8,5,4,5,5,6,8,6,10,5,6,4,5,4,4,9,7,5,8,6,14,6,7,8,7,9,8,8,6,10,6,5,7,9,4,5,,6,6,5,19,4,11,7,3,,4,6,6,10,9,6,4,5,5,9,5,5,7,6,5,9,8,12,,6,6,6,7,8,6,12,12,10,5,8,,5,,7,,4,12,7,10,11,16,8,15,9,10,8,4,8,8,4,4,11,5,3,8,6,5,15,10,,,,8,,
20260401,17,NO2,15,20,9,8,10,14,17,8,7,16,10,21,9,11,7,13,15,13,17,23,12,18,26,29,16,11,16,13,21,14,10,14,4,15,20,22,14,13,13,20,12,9,9,7,12,13,11,15,27,25,8,14,14,14,24,27,17,20,26,10,9,14,11,8,18,10,11,8,6,15,8,8,7,13,10,13,11,8,13,20,9,9,12,14,20,12,12,26,12,31,15,8,9,28,39,9,9,11,15,18,8,9,5,21,13,10,12,11,8,11,12,11,12,18,15,16,13,13,10,23,7,11,10,15,17,16,13,12,15,11,9,12,19,14,16,10,10,9,10,12,4,9,11,9,13,6,11,12,7,7,15,17,5,13,11,3,8,4,4,3,,,,,,,,,,,,,,,,,,,,,,,,,,,,,,9,9,17,10,9,11,7,13,9,5,7,6,5,5,,4,6,7,16,4,7,7,12,16,16,6,10,11,7,5,10,4,11,11,7,20,2,11,10,10,14,11,5,10,9,7,8,7,19,11,10,6,7,6,15,18,11,13,7,10,12,12,5,8,12,14,11,10,10,9,8,10,14,10,7,7,11,5,7,8,14,6,7,8,5,9,10,13,9,6,12,14,11,20,20,9,12,6,8,7,7,17,12,15,11,12,30,11,6,6,11,,6,6,10,7,11,11,6,10,,4,5,6,7,8,8,4,8,7,8,6,13,34,10,4,3,4,9,,2,2,6,9,7,6,8,17,4,5,7,,9,,7,,4,3,1,3,2,1,7,,4,6,6,7,3,10,6,4,2,6,2,9,6,9,11,4,,,,6,,
20260401,17,NO2_24h,17,43,17,24,22,24,28,7,14,25,36,32,16,28,10,24,24,28,24,35,28,29,40,32,26,36,33,30,30,35,28,22,15,16,22,20,15,18,17,14,12,18,13,11,29,13,18,19,39,29,20,21,28,16,16,17,17,17,22,17,12,13,12,10,22,26,17,18,7,36,33,15,26,25,22,21,20,23,17,21,11,25,15,27,37,27,41,51,20,31,36,21,31,41,26,31,14,11,13,15,11,8,8,12,11,10,12,13,13,17,12,24,26,37,9,21,25,31,20,26,6,26,9,33,39,28,32,23,20,17,18,20,22,18,19,11,14,13,10,10,10,24,22,10,16,15,31,18,12,10,27,22,30,16,31,18,14,22,9,21,,,,,,,,,,,,,,,,,,,,,,,,,,,,,,11,14,16,23,16,25,27,20,30,17,6,5,9,10,,9,6,14,20,18,13,20,20,22,26,9,11,14,19,22,28,10,28,18,9,22,2,22,15,19,25,22,8,14,13,14,14,10,21,16,15,9,8,6,16,12,14,15,9,10,14,15,6,12,13,19,21,20,23,21,13,15,11,15,14,12,14,8,8,10,20,9,21,16,13,22,16,16,23,9,13,10,11,12,12,13,13,7,8,8,22,23,20,29,30,19,31,11,19,11,8,,15,7,14,10,17,12,6,13,,8,7,13,9,18,12,13,8,7,16,9,16,19,9,10,3,4,8,,2,2,20,42,12,19,34,30,17,17,21,,15,,13,,24,10,2,2,14,5,25,3,19,27,22,18,10,24,15,25,17,33,15,28,12,5,21,19,,,,8,,
20260401,17,O3,101,82,109,88,89,162,109,103,90,93,89,122,132,114,100,111,107,111,109,151,148,154,161,159,134,144,151,144,160,144,128,122,141,131,137,123,134,151,159,129,137,126,121,108,135,128,129,140,141,127,143,154,157,133,177,171,164,184,185,122,117,138,108,78,84,131,80,103,114,131,126,115,114,131,164,141,122,121,96,125,98,92,110,144,124,156,97,126,138,86,95,137,135,137,99,100,108,136,68,53,101,104,108,77,128,,134,125,106,138,96,120,134,108,104,101,109,103,93,140,89,99,105,148,137,144,130,157,145,141,127,118,118,103,136,124,90,115,93,116,64,126,106,104,106,116,122,106,85,117,127,123,113,131,123,122,117,112,124,102,,,,,,,,,,,,,,,,,,,,,,,,,,,,,,134,133,141,137,91,116,128,103,119,113,91,91,118,99,,91,112,103,115,106,97,103,118,133,123,101,98,131,97,87,98,80,91,113,77,113,80,140,132,143,133,139,127,127,129,136,135,123,147,150,130,111,113,109,115,129,139,140,139,115,133,142,137,135,153,151,148,123,132,113,136,121,147,122,130,146,131,150,161,132,141,89,128,113,144,125,119,85,120,100,103,95,97,97,61,107,123,87,133,131,114,101,105,107,118,110,90,102,126,109,108,,79,97,80,83,96,87,84,78,,82,107,99,98,122,105,109,108,120,142,99,102,47,93,92,114,108,98,,123,88,120,117,114,105,122,113,117,116,120,,121,,104,,115,138,123,131,145,136,110,155,116,115,116,131,115,145,134,110,117,120,116,125,111,97,139,112,,,,79,,
20260401,17,O3_24h,101,82,109,88,89,162,109,103,90,93,89,122,132,114,100,111,107,111,109,151,148,154,161,159,134,144,151,144,160,144,128,122,141,131,137,123,134,151,159,129,137,126,121,108,135,128,129,140,141,127,143,154,157,133,177,171,164,184,185,122,117,138,108,78,84,131,80,103,114,131,126,115,114,131,164,141,122,121,96,125,98,92,110,144,124,156,97,126,138,86,95,137,135,137,99,100,108,136,68,53,101,104,108,77,128,,134,125,106,138,96,120,134,108,104,101,109,103,93,140,89,99,105,148,137,144,130,157,145,141,127,118,118,103,136,124,90,115,93,116,64,126,106,104,106,116,122,106,85,117,127,123,113,131,123,122,117,112,124,102,,,,,,,,,,,,,,,,,,,,,,,,,,,,,,134,133,141,137,91,116,128,103,119,113,91,91,118,99,,91,112,103,115,106,97,103,118,133,123,101,98,131,97,87,98,80,91,113,77,113,80,140,132,143,133,139,127,127,129,136,135,123,147,150,130,111,113,109,115,129,139,140,139,115,133,142,137,135,153,151,148,123,132,113,136,121,147,122,130,146,131,150,161,132,141,89,128,113,144,125,119,85,120,100,103,95,97,97,61,107,123,87,133,131,114,101,105,107,118,110,90,102,126,109,108,,79,97,80,83,96,87,84,78,,82,107,99,98,122,105,109,108,120,142,99,102,47,93,92,114,108,98,,123,88,120,117,114,105,122,113,117,116,120,,121,,104,,115,138,123,131,145,136,110,155,116,115,116,131,115,145,134,110,117,120,116,125,111,97,139,112,,,,79,,
20260401,17,O3_8h,87,76,92,83,85,133,100,96,83,91,83,110,120,91,92,98,87,105,98,126,127,131,140,141,122,134,132,128,143,131,104,112,122,114,126,103,119,134,139,116,132,104,100,88,118,110,111,106,138,117,128,131,116,105,123,114,118,117,129,110,98,114,94,61,73,106,66,101,103,95,93,88,99,101,121,118,96,102,86,115,91,88,98,137,126,141,98,138,135,86,106,130,128,128,110,93,88,108,61,49,94,88,93,70,115,92,105,112,95,128,87,110,104,97,97,89,95,91,91,126,89,97,92,127,123,132,117,125,127,110,111,111,101,93,117,101,78,93,76,97,69,103,78,98,63,89,110,87,61,106,103,109,98,99,95,104,108,96,101,82,,,,,,,,,,,,,,,,,,,,,,,,,,,,,,124,115,117,111,78,98,108,85,98,96,88,85,94,89,,86,107,92,98,93,93,94,99,122,119,86,94,111,111,88,109,78,96,107,83,125,79,130,113,123,111,110,115,120,116,121,125,120,124,133,122,97,109,106,105,112,110,123,128,107,128,121,125,118,127,129,124,108,114,104,118,118,127,100,108,126,115,129,139,124,125,81,91,81,124,93,86,67,92,73,93,88,87,93,76,93,111,78,113,106,91,87,87,70,88,94,82,52,105,88,94,,65,76,72,80,65,72,80,56,,64,92,91,93,105,73,98,107,103,118,87,70,44,85,83,95,106,93,,113,83,94,105,86,95,102,101,102,97,94,,110,,72,,94,115,102,112,112,115,92,152,95,91,107,104,102,96,98,67,92,77,93,86,80,95,105,92,,,,72,,
20260401,17,O3_8h_24h,87,76,92,83,85,133,100,96,83,91,83,110,120,91,92,98,85,105,98,126,127,131,140,141,122,134,132,128,143,131,104,112,122,114,126,103,119,134,139,116,132,104,100,88,118,110,111,106,138,117,128,131,116,105,123,114,118,117,129,110,98,114,94,61,73,106,66,101,103,95,93,88,99,101,121,118,96,102,86,115,91,88,98,137,126,141,98,138,135,85,106,130,128,128,100,93,88,108,54,48,94,88,93,70,115,92,105,112,95,128,87,110,104,97,97,89,95,91,91,126,89,97,96,127,123,132,117,125,127,110,111,111,101,93,117,101,78,93,76,97,69,103,78,98,63,89,110,87,61,106,103,109,98,99,95,104,108,96,101,82,,,,,,,,,,,,,,,,,,,,,,,,,,,,,,124,115,117,111,78,98,108,85,98,96,88,85,94,89,,86,107,92,98,93,93,94,99,122,119,86,94,111,111,88,108,78,96,107,77,125,79,130,113,123,111,110,115,120,116,121,125,120,124,133,122,97,109,106,105,112,110,123,128,107,128,121,125,118,127,129,124,108,114,104,118,118,127,100,108,126,115,129,139,124,125,81,91,81,124,110,86,67,92,73,93,88,87,93,71,93,111,78,113,106,91,87,87,70,88,94,82,52,105,88,94,,65,76,72,80,65,72,80,56,,64,92,91,93,105,73,98,107,103,118,87,70,44,85,83,95,106,93,,113,83,94,105,86,95,102,101,102,97,94,,110,,71,,94,115,102,112,112,115,92,152,95,91,107,104,102,96,98,67,92,77,93,86,80,90,105,92,,,,72,,
20260401,17,CO,0.46,0.48,0.28,0.43,0.25,0.72,0.40,0.30,0.25,0.53,0.22,0.47,0.53,0.40,0.26,0.46,0.46,0.36,0.44,0.54,0.62,0.63,0.85,1.04,0.40,0.58,0.76,0.54,0.66,0.55,0.58,0.66,0.50,0.53,0.44,0.37,0.35,0.67,0.42,0.37,0.65,0.43,0.50,0.40,0.57,0.45,0.45,0.67,0.68,0.73,0.33,0.44,0.59,0.63,0.69,0.63,0.57,0.55,0.60,0.60,0.50,0.50,0.54,0.55,0.57,0.40,0.60,0.42,0.38,0.39,0.30,0.50,0.32,0.31,0.28,0.43,0.44,0.32,0.52,0.57,0.20,0.33,0.57,0.37,0.60,0.60,0.28,0.48,0.46,0.43,0.28,0.42,0.32,0.96,0.55,0.42,0.60,0.72,0.80,0.90,0.65,0.60,0.50,0.73,0.55,,0.67,0.60,0.27,0.30,0.47,0.37,0.60,0.60,0.56,0.68,0.43,0.58,0.40,1.00,0.36,0.33,0.26,0.62,0.63,0.66,0.43,0.55,0.50,0.43,0.28,0.27,0.35,0.43,0.57,0.80,0.40,0.63,0.75,0.70,0.50,0.45,0.65,0.63,0.70,0.43,0.43,0.30,0.45,0.45,0.50,0.35,0.20,0.38,0.30,0.30,1.07,0.38,0.38,0.25,,,,,,,,,,,,,,,,,,,,,,,,,,,,,,0.25,0.30,0.55,0.33,0.27,0.40,0.38,0.33,0.20,0.20,0.43,0.20,0.30,0.28,,0.25,0.45,0.33,0.57,0.40,0.37,0.30,0.50,0.85,0.85,0.30,0.30,0.30,0.37,0.30,0.33,0.33,0.25,0.40,0.30,0.50,0.20,0.38,0.44,0.35,0.50,0.45,0.40,0.55,0.44,0.33,0.35,0.10,0.80,0.33,0.50,0.57,0.50,0.60,0.45,0.63,0.60,0.50,0.45,0.48,0.85,0.55,0.72,0.50,0.90,0.52,0.45,0.25,0.38,0.47,0.37,0.27,0.80,0.60,0.68,0.40,0.45,,0.43,0.50,0.63,0.45,0.68,0.60,0.80,0.35,0.45,0.30,0.40,0.35,0.25,0.63,0.68,0.67,0.67,0.50,0.87,0.60,0.70,0.60,0.43,0.55,0.30,0.47,0.45,0.57,0.40,0.40,0.55,0.45,0.20,,0.35,0.40,0.40,0.63,0.60,0.55,0.50,0.60,,0.55,0.30,0.30,0.50,0.50,0.40,0.30,0.40,0.45,0.65,0.35,0.55,0.80,0.50,0.45,0.25,0.30,0.50,,0.25,0.55,0.43,0.23,0.40,0.40,0.30,0.30,0.20,0.20,0.30,,0.35,,0.65,,0.30,0.50,0.30,0.20,0.20,0.30,0.40,0.50,0.33,0.20,0.25,0.65,,0.35,0.35,0.20,0.15,0.25,0.30,0.60,0.10,0.30,0.60,0.45,,,,0.75,,
20260401,17,CO_24h,0.37,0.69,0.50,0.66,0.50,0.70,0.41,0.30,0.30,0.53,0.55,0.55,0.82,0.52,0.28,0.72,0.64,0.54,0.60,0.62,0.87,0.70,0.83,0.91,0.66,0.82,0.93,0.79,0.86,0.77,0.76,0.84,0.57,0.55,0.43,0.33,0.41,0.67,0.57,0.40,0.50,0.50,0.40,0.45,0.73,0.40,0.40,0.60,0.81,0.70,0.54,0.57,0.77,0.68,0.60,0.53,0.57,0.55,0.50,0.70,0.52,0.50,0.60,0.47,0.55,0.54,0.60,0.51,0.42,0.42,0.73,0.75,0.60,0.46,0.63,0.67,0.53,0.34,0.62,0.63,0.37,0.53,0.63,0.66,0.80,0.80,0.60,0.83,0.74,0.45,0.53,0.70,0.65,1.08,0.50,0.62,0.67,0.78,0.60,0.80,0.70,0.50,0.50,0.67,0.50,0.50,0.70,0.55,0.43,0.50,0.56,0.43,0.55,0.64,0.38,1.02,0.70,1.02,0.58,1.02,0.38,0.60,0.27,0.80,0.83,0.70,0.67,0.60,0.60,0.70,0.53,0.38,0.42,0.57,0.70,0.82,0.50,0.70,0.75,0.59,0.50,0.52,0.75,0.65,0.70,0.50,0.50,0.40,0.48,0.60,0.53,0.45,0.45,0.36,0.35,0.40,0.83,0.60,0.36,0.40,,,,,,,,,,,,,,,,,,,,,,,,,,,,,,0.35,0.40,0.55,0.63,0.33,0.30,0.90,0.37,0.37,0.43,0.43,0.20,0.40,0.33,,0.25,0.50,0.47,0.77,0.50,0.53,0.33,0.50,0.70,1.00,0.45,0.35,0.37,0.60,0.80,0.77,0.43,0.45,0.47,0.35,0.65,0.25,0.58,0.58,0.55,0.78,0.60,0.45,0.65,0.68,0.47,0.47,0.23,0.90,0.37,0.63,0.87,0.60,0.60,0.45,0.70,0.87,0.65,0.55,0.50,0.85,0.83,0.78,0.55,0.66,0.55,0.55,0.53,0.60,0.65,0.43,0.37,1.00,0.67,0.72,0.57,0.57,0.40,0.50,0.60,0.67,0.50,0.98,0.75,0.90,0.45,0.53,0.35,0.75,0.35,0.30,0.53,0.67,0.60,0.63,0.50,0.77,0.60,0.80,0.60,0.70,0.60,0.40,0.57,0.50,0.70,0.38,0.40,0.65,0.45,0.20,,0.30,0.45,0.43,0.60,0.60,0.50,0.45,0.65,,0.65,0.30,0.30,0.55,0.65,0.60,0.50,0.40,0.45,0.75,0.40,0.60,0.70,0.50,0.45,0.30,0.30,0.50,,0.25,0.55,0.53,0.43,0.40,0.45,0.60,0.45,0.30,0.40,0.40,,0.40,,0.75,,0.50,0.70,0.30,0.30,0.30,0.40,0.50,0.30,0.57,0.40,0.50,0.75,0.10,0.60,0.35,0.30,0.25,0.65,0.45,0.85,0.50,0.30,0.70,0.65,,,,0.70,,
20260401,18,AQI,68,55,67,73,60,126,94,31,28,85,89,109,73,40,32,61,82,55,72,44,53,46,76,135,54,55,49,45,54,64,76,86,70,38,39,38,41,47,47,39,40,38,38,33,57,38,40,45,108,99,43,46,45,40,54,59,49,74,68,37,35,42,32,38,33,39,25,33,35,58,39,36,44,50,47,42,37,46,67,62,43,29,34,65,112,64,88,99,51,91,87,41,53,115,58,83,34,40,43,41,31,33,33,43,38,54,54,34,35,44,40,40,53,66,37,65,59,79,32,133,48,49,53,58,63,38,47,96,52,70,44,42,40,32,42,42,27,35,31,35,36,38,33,32,31,34,37,34,28,35,54,53,57,48,56,54,61,38,50,121,,,,,,,,,,,,,,,,,,,,,,,,,,,,,,42,45,39,53,42,44,43,39,55,42,39,28,49,31,,28,34,31,68,54,29,47,60,94,84,70,42,84,48,28,53,30,53,73,25,118,24,49,53,50,60,51,37,73,42,46,42,38,46,52,38,33,33,31,34,53,40,43,46,33,39,45,43,42,76,83,56,46,49,47,49,49,53,38,51,46,39,47,49,42,42,26,38,34,44,38,37,27,35,29,45,39,45,35,26,34,35,25,41,43,35,38,34,34,35,35,45,30,38,33,33,,25,28,43,27,27,41,27,39,,22,50,29,30,65,58,34,65,59,86,33,68,61,29,30,48,33,31,,39,26,37,62,34,37,47,35,58,67,41,,39,,51,,36,42,39,40,44,41,33,48,61,57,40,63,36,46,70,84,77,90,115,57,34,31,64,41,,,,47,,
20260401,18,PM2.5,30,9,26,21,8,96,35,11,6,23,21,42,53,17,11,23,28,37,51,29,27,23,56,103,33,38,22,26,38,44,56,64,51,5,18,10,11,23,16,19,9,4,13,4,26,4,6,28,36,74,20,32,19,9,19,24,13,21,18,5,8,8,14,22,20,15,7,20,8,24,20,16,13,21,14,17,15,16,17,44,10,9,4,47,28,46,14,28,21,29,18,18,29,87,35,8,5,23,26,27,3,9,9,22,8,33,13,6,18,22,20,18,14,32,26,30,23,29,11,101,9,31,36,37,39,13,24,72,35,51,25,11,19,18,17,18,11,12,17,11,23,17,11,12,3,3,14,11,17,18,24,19,14,17,20,18,20,9,15,43,,,,,,,,,,,,,,,,,,,,,,,,,,,,,,26,24,8,25,10,21,9,18,19,7,13,18,17,7,,3,6,4,38,25,11,26,34,47,48,51,22,62,29,10,36,14,37,49,12,89,3,25,27,20,33,25,18,53,12,30,21,11,31,31,3,6,3,5,3,37,25,24,32,14,11,22,26,18,56,61,36,32,34,21,30,28,37,24,32,23,22,22,31,24,21,15,18,9,16,12,10,16,9,10,17,24,19,15,17,12,11,3,15,17,10,13,8,14,3,12,13,17,8,12,8,,3,16,28,19,14,29,19,27,,10,35,14,12,41,41,20,47,41,64,22,49,44,14,13,11,3,3,,3,14,11,14,12,13,20,19,27,25,10,,14,,21,,15,10,3,12,8,3,3,6,19,16,14,23,5,20,25,44,28,29,37,20,10,3,46,8,,,,23,,
20260401,18,PM2.5_24h,20,42,36,27,18,65,42,9,10,38,63,67,55,17,7,31,30,45,68,45,78,45,63,94,67,82,46,58,70,76,83,83,88,15,21,6,21,29,25,5,18,9,10,3,59,5,16,22,73,57,54,37,36,7,15,18,9,14,13,7,11,5,8,25,18,20,11,21,7,25,29,22,27,25,27,26,13,12,19,34,21,22,18,95,100,82,43,68,74,29,41,73,76,77,30,24,6,15,21,22,5,12,9,16,4,13,12,5,22,42,8,19,15,23,10,34,39,47,23,70,12,51,27,44,64,24,43,58,42,51,37,20,30,34,28,13,12,13,13,9,22,22,17,20,5,9,22,18,14,17,31,25,16,22,26,28,23,17,12,47,,,,,,,,,,,,,,,,,,,,,,,,,,,,,,33,50,15,15,14,18,22,15,17,12,19,9,14,9,,6,10,16,36,35,16,34,33,31,35,29,23,27,59,79,83,27,67,45,31,89,7,75,66,50,60,53,9,78,55,63,49,36,25,30,8,3,2,4,10,22,28,17,27,7,12,21,17,16,43,48,43,62,60,41,41,41,28,18,37,22,39,39,26,18,33,14,21,16,26,15,16,14,23,15,8,9,10,9,8,11,9,8,12,18,19,15,13,17,13,22,10,13,17,17,10,,4,12,18,15,12,20,15,18,,11,28,20,8,39,40,24,45,31,56,19,42,31,11,9,4,5,16,,3,5,21,16,14,16,27,22,26,35,18,,22,,16,,22,20,9,13,12,16,7,10,27,28,15,30,16,27,24,57,65,50,53,28,9,2,31,33,,,,34,,
20260401,18,PM10,85,59,83,95,69,120,137,20,24,119,128,167,91,40,28,72,113,59,94,40,55,31,93,153,57,60,49,45,54,78,78,71,68,13,32,27,14,32,27,35,18,11,22,17,63,14,12,45,165,98,41,39,37,18,36,40,28,39,37,12,15,18,26,38,33,39,25,29,10,66,35,23,44,50,34,22,32,46,83,73,43,29,19,70,173,77,125,148,52,131,124,40,55,112,65,116,10,40,43,41,16,24,12,43,14,57,58,21,35,44,40,40,56,82,37,80,67,107,32,141,48,49,55,66,76,34,47,112,53,79,44,42,40,24,26,33,26,35,31,23,36,38,17,21,12,28,37,34,28,32,58,55,63,48,62,58,71,38,50,192,,,,,,,,,,,,,,,,,,,,,,,,,,,,,,42,45,21,55,42,44,43,39,59,42,39,24,49,23,,7,31,21,85,57,23,47,70,137,117,41,42,103,48,28,55,30,43,96,25,116,18,49,56,50,69,52,31,64,42,46,39,38,46,54,17,19,10,13,19,46,40,30,34,20,25,33,35,38,76,89,62,38,39,47,49,49,51,33,51,36,36,40,38,36,42,20,32,34,25,23,12,27,32,21,45,39,45,35,26,24,23,18,40,43,28,38,34,34,30,35,45,26,18,17,25,,12,23,43,27,22,41,22,35,,12,50,23,24,80,46,30,56,68,76,33,77,70,21,30,48,10,19,,9,,30,73,30,37,47,35,65,84,41,,39,,51,,36,26,11,25,10,17,18,18,71,64,40,76,23,40,89,118,103,129,180,63,10,14,72,41,,,,47,,
20260401,18,PM10_24h,47,87,82,74,77,89,101,35,27,81,120,115,90,40,20,91,74,95,113,56,95,52,94,129,93,112,65,89,71,101,116,99,93,23,31,13,26,40,34,10,23,14,14,9,103,13,22,31,122,75,67,52,47,13,26,26,16,21,24,12,19,9,15,43,33,33,26,37,14,69,59,38,66,58,38,36,32,39,88,59,70,68,21,120,157,119,108,127,111,75,90,94,104,107,48,87,11,26,31,33,11,24,11,27,6,26,26,16,36,64,34,48,46,69,30,94,118,125,67,104,49,71,63,61,93,39,68,74,55,80,65,44,47,40,38,26,18,25,23,18,34,46,27,32,12,29,47,34,26,29,67,58,48,56,68,91,80,51,43,194,,,,,,,,,,,,,,,,,,,,,,,,,,,,,,57,70,23,51,55,50,53,39,60,49,85,22,47,26,,26,48,65,125,105,57,91,77,66,75,80,78,39,93,122,126,41,94,80,52,113,13,100,87,78,99,65,19,103,84,77,66,55,36,36,17,13,9,11,14,27,35,27,28,14,24,30,28,25,64,74,65,75,74,70,55,69,49,40,67,38,62,55,39,30,59,24,31,24,36,21,22,22,38,16,20,22,23,16,16,27,17,13,22,35,39,34,26,35,43,37,34,20,28,23,21,,14,15,31,21,22,31,20,28,,15,40,33,16,78,53,34,57,44,74,26,60,44,20,18,15,19,18,,8,13,45,49,31,43,71,55,77,91,48,,57,,51,,58,48,23,33,36,38,25,25,81,79,47,109,50,54,87,175,208,192,218,75,39,14,68,71,,,,53,,
20260401,18,SO2,6,7,2,6,7,7,4,3,4,4,5,7,7,5,9,7,8,8,8,6,5,6,6,13,8,5,7,5,6,8,7,6,4,6,7,5,7,5,5,6,6,3,4,4,5,4,3,8,11,7,3,7,5,5,6,6,6,6,8,5,6,9,5,6,9,5,6,3,4,6,8,9,6,7,4,6,9,7,8,9,5,13,4,10,11,7,9,13,8,9,6,4,5,9,9,5,9,6,9,12,7,6,6,9,8,4,7,6,3,5,9,9,6,7,14,12,9,9,7,14,5,7,6,8,7,6,10,5,8,9,4,10,7,7,6,9,8,4,9,6,4,7,7,10,8,7,2,6,8,5,6,5,2,6,6,16,18,9,6,10,,,,,,,,,,,,,,,,,,,,,,,,,,,,,,6,2,4,7,5,10,5,7,5,10,6,5,8,3,,4,9,5,7,8,6,5,7,10,11,2,5,10,5,8,8,6,6,8,6,8,7,5,8,7,8,6,5,7,6,4,5,6,5,5,4,7,4,6,5,8,5,3,4,4,7,6,8,8,11,8,4,5,6,6,3,4,8,8,11,7,4,3,7,5,10,7,7,10,6,6,5,5,3,4,8,8,5,9,7,13,7,6,9,8,3,8,7,6,9,7,5,7,9,6,4,,6,6,4,11,4,15,6,3,,5,7,7,9,9,6,4,5,5,10,5,5,6,6,6,9,7,11,,6,6,5,3,,4,19,13,11,5,6,,4,,7,,4,14,6,10,10,5,5,,5,8,7,4,8,9,4,4,6,4,3,8,6,5,29,12,,,,6,,
20260401,18,SO2_24h,3,10,3,8,11,7,4,3,3,6,10,7,10,7,7,11,9,8,10,6,7,5,7,11,9,6,7,8,6,9,7,8,5,6,6,5,6,5,5,5,6,3,3,4,6,4,3,8,7,9,5,7,7,6,5,6,6,5,7,5,5,7,5,7,8,5,7,4,4,5,11,12,13,7,4,5,9,7,10,11,6,12,3,13,12,8,15,17,9,10,9,7,7,12,7,12,7,7,11,11,7,6,6,6,6,4,5,8,5,5,10,10,7,10,9,15,10,10,10,12,5,6,6,8,8,6,12,6,8,10,5,12,6,7,7,7,8,5,8,8,4,7,9,7,10,6,3,7,8,6,6,4,2,6,8,16,19,16,5,10,,,,,,,,,,,,,,,,,,,,,,,,,,,,,,5,3,4,6,8,11,9,7,9,16,7,5,10,8,,5,9,10,11,9,7,6,6,11,10,2,4,7,9,11,12,6,6,9,7,8,11,7,8,7,8,6,4,7,6,4,5,5,3,5,3,8,3,5,5,6,7,2,5,3,7,9,8,9,10,10,4,6,6,6,3,4,9,7,12,8,5,4,5,5,6,7,6,10,5,6,5,5,4,4,9,7,5,8,6,14,6,7,8,7,9,8,7,6,10,6,5,7,9,4,5,,6,6,5,19,4,11,7,3,,5,6,6,9,9,6,4,5,5,9,5,5,7,6,5,9,8,12,,6,6,6,7,8,6,13,12,10,5,8,,5,,7,,4,12,7,10,11,15,8,15,9,10,8,4,8,8,4,4,11,5,3,8,6,5,15,10,,,,7,,
20260401,18,NO2,18,23,11,11,14,16,16,10,8,14,13,19,11,10,8,15,18,17,22,27,15,20,33,40,18,12,17,14,29,16,15,14,5,18,27,23,17,14,15,23,15,12,11,9,14,13,12,16,32,26,10,15,16,16,29,29,21,24,29,12,11,19,14,8,21,11,15,9,6,16,9,8,8,12,14,17,12,11,16,21,10,15,12,18,20,13,14,29,14,32,20,9,11,28,44,10,12,10,13,19,10,11,6,21,16,12,16,17,7,12,17,12,11,18,16,18,15,15,12,27,10,15,16,17,20,23,15,13,17,13,10,14,18,13,17,11,13,9,12,11,4,11,12,10,13,8,10,20,9,7,16,21,10,13,12,3,9,6,5,4,,,,,,,,,,,,,,,,,,,,,,,,,,,,,,10,9,18,12,7,10,8,22,9,5,11,6,6,5,,5,6,9,18,6,9,8,16,18,20,8,11,16,8,6,11,6,16,15,10,20,2,14,12,13,21,17,7,12,10,8,9,6,20,12,12,9,8,8,18,15,13,14,7,13,14,13,5,10,13,15,13,13,12,9,8,11,16,11,8,9,12,,9,7,14,10,9,9,8,10,12,15,13,8,22,15,13,20,24,10,16,8,8,8,8,24,14,17,13,22,39,12,6,6,7,,7,7,11,8,15,13,7,12,,4,7,9,7,10,8,6,8,11,12,7,15,58,10,5,3,4,8,,1,3,7,11,7,6,8,18,5,4,8,,9,,7,,4,8,1,4,2,1,10,5,5,7,6,9,5,9,9,4,2,6,1,10,6,5,16,4,,,,6,,
20260401,18,NO2_24h,18,42,17,23,22,24,28,7,14,25,35,32,16,29,10,24,24,28,23,35,27,28,40,31,26,36,32,29,29,35,27,22,14,16,22,20,15,18,17,14,12,18,12,11,29,13,17,20,40,28,20,20,28,16,17,18,17,18,23,17,12,13,13,9,23,26,17,18,7,36,33,15,26,25,22,21,21,23,16,21,11,25,15,26,37,27,40,50,19,31,36,21,31,41,27,31,14,11,13,15,10,9,8,13,11,9,12,14,13,17,13,24,26,37,9,21,24,31,19,26,6,26,9,33,39,28,32,23,20,17,18,20,21,17,19,11,14,13,10,10,10,24,22,10,16,15,31,19,12,10,27,22,30,17,31,18,14,22,9,21,,,,,,,,,,,,,,,,,,,,,,,,,,,,,,11,14,17,23,16,25,26,20,30,17,6,5,9,10,,9,6,13,20,17,13,19,21,22,26,9,11,14,19,21,27,10,27,17,8,22,2,22,15,19,25,22,7,14,13,14,14,10,20,16,14,9,7,5,17,12,14,15,9,10,14,15,6,12,13,18,21,20,23,21,13,15,12,15,14,12,14,8,8,10,19,9,21,16,13,22,16,16,23,9,14,11,11,13,13,13,14,7,8,8,22,24,20,29,30,20,32,11,19,11,9,,15,7,14,10,17,12,6,13,,8,7,13,8,18,12,13,8,7,17,9,16,19,9,10,3,4,8,,2,2,20,43,12,19,34,30,17,17,21,,15,,13,,24,10,2,2,14,5,25,3,19,27,22,18,10,24,15,25,17,33,15,28,12,5,21,19,,,,8,,
20260401,18,O3,103,81,113,79,84,154,100,100,90,91,84,105,126,110,102,108,102,101,102,142,143,146,150,146,122,139,143,140,148,140,122,115,135,123,126,122,132,150,151,126,128,121,120,106,131,123,127,137,120,109,137,148,145,129,163,167,156,179,174,118,113,135,102,81,79,124,74,104,113,129,125,115,116,135,151,134,119,119,93,120,92,88,109,146,115,152,91,109,133,87,87,132,139,114,79,100,109,128,72,54,99,106,105,77,120,130,126,108,107,130,92,118,132,106,104,96,110,101,90,126,85,99,97,142,129,122,130,155,137,139,122,115,114,103,135,135,85,111,91,112,62,120,105,103,100,108,114,94,81,111,130,123,109,123,127,122,114,110,129,104,,,,,,,,,,,,,,,,,,,,,,,,,,,,,,132,131,124,148,94,112,125,92,117,111,87,89,114,98,,91,110,99,110,104,94,101,113,125,114,100,85,146,97,84,86,77,86,102,72,108,78,134,129,135,127,129,118,120,122,132,133,115,143,148,123,105,105,100,108,123,128,137,139,107,124,144,137,133,140,143,147,121,128,111,132,122,145,121,126,146,125,150,156,134,134,83,123,105,140,120,117,86,112,94,90,92,97,91,59,110,111,79,131,130,111,97,100,104,113,94,79,95,123,104,107,,79,90,82,78,86,80,85,76,,70,102,94,97,113,106,109,106,97,134,98,99,39,92,89,110,107,100,,125,83,118,114,110,107,117,110,114,116,121,,121,,102,,111,133,124,127,141,132,105,152,113,114,122,133,114,146,136,114,121,124,118,124,110,99,147,112,,,,78,,
20260401,18,O3_24h,103,81,113,79,84,154,100,100,90,91,84,105,126,110,102,108,102,101,102,142,143,146,150,146,122,139,143,140,148,140,122,115,135,123,126,122,132,150,151,126,128,121,120,106,131,123,127,137,120,109,137,148,145,129,163,167,156,179,174,118,113,135,102,81,79,124,74,104,113,129,125,115,116,135,151,134,119,119,93,120,92,88,109,146,115,152,91,109,133,87,87,132,139,114,79,100,109,128,72,54,99,106,105,77,120,130,126,108,107,130,92,118,132,106,104,96,110,101,90,126,85,99,97,142,129,122,130,155,137,139,122,115,114,103,135,135,85,111,91,112,62,120,105,103,100,108,114,94,81,111,130,123,109,123,127,122,114,110,129,104,,,,,,,,,,,,,,,,,,,,,,,,,,,,,,132,131,124,148,94,112,125,92,117,111,87,89,114,98,,91,110,99,110,104,94,101,113,125,114,100,85,146,97,84,86,77,86,102,72,108,78,134,129,135,127,129,118,120,122,132,133,115,143,148,123,105,105,100,108,123,128,137,139,107,124,144,137,133,140,143,147,121,128,111,132,122,145,121,126,146,125,150,156,134,134,83,123,105,140,120,117,86,112,94,90,92,97,91,59,110,111,79,131,130,111,97,100,104,113,94,79,95,123,104,107,,79,90,82,78,86,80,85,76,,70,102,94,97,113,106,109,106,97,134,98,99,39,92,89,110,107,100,,125,83,118,114,110,107,117,110,114,116,121,,121,,102,,111,133,124,127,141,132,105,152,113,114,122,133,114,146,136,114,121,124,118,124,110,99,147,112,,,,78,,
20260401,18,O3_8h,91,79,96,84,86,141,103,98,85,94,87,115,124,99,95,103,91,108,101,135,135,137,149,150,127,139,137,136,148,139,111,117,129,117,128,109,124,139,144,120,134,111,106,92,125,115,119,116,140,120,136,139,129,112,136,129,129,133,144,116,103,121,97,65,78,115,72,104,106,104,104,99,106,110,135,127,103,109,89,121,93,89,103,144,131,148,98,139,137,87,108,135,132,134,110,93,95,116,63,50,96,94,97,72,120,99,114,115,104,132,89,116,114,102,100,92,99,95,91,131,89,100,94,133,128,137,123,133,133,119,119,117,108,97,125,111,86,99,81,102,69,112,88,103,72,94,118,91,68,110,110,116,108,109,106,114,111,103,109,88,,,,,,,,,,,,,,,,,,,,,,,,,,,,,,128,121,124,120,82,106,114,88,108,103,89,87,101,92,,90,108,94,103,98,94,97,104,128,122,90,95,122,111,88,109,79,96,108,83,127,79,135,120,130,118,118,117,123,121,127,129,122,135,139,127,102,112,108,109,117,121,132,133,110,131,130,131,124,133,135,131,117,120,111,122,123,136,109,116,134,121,137,145,131,132,89,102,91,129,97,97,75,106,82,94,90,90,97,76,100,115,80,120,114,100,93,94,79,100,99,87,62,115,96,101,,70,83,75,81,73,79,81,63,,72,99,95,95,113,82,102,108,104,129,90,81,46,90,86,98,108,96,,116,85,105,111,95,102,106,110,109,107,101,,114,,80,,102,127,110,118,122,123,100,154,104,101,113,114,106,109,109,79,100,91,100,97,91,95,117,103,,,,75,,
20260401,18,O3_8h_24h,91,79,96,84,86,141,103,98,85,94,87,115,124,99,95,103,91,108,101,135,135,137,148,149,127,139,137,136,148,139,111,117,129,117,128,109,124,139,144,120,134,111,106,92,125,115,119,116,140,120,135,139,129,112,136,129,129,133,144,116,103,121,97,65,78,115,72,104,106,104,104,99,106,110,135,127,103,109,89,121,93,89,103,144,131,148,98,139,137,85,108,135,132,134,97,93,95,116,57,49,96,94,97,72,120,99,114,115,104,132,89,116,114,102,100,92,99,95,91,131,89,100,98,133,128,137,123,133,133,119,119,117,108,97,125,111,86,99,81,102,69,112,88,103,72,94,118,91,68,110,110,116,108,109,106,114,111,103,109,88,,,,,,,,,,,,,,,,,,,,,,,,,,,,,,128,121,124,120,82,106,114,88,108,103,89,87,101,92,,90,108,94,103,98,94,97,104,128,122,90,95,122,110,88,107,79,96,108,78,127,79,135,120,130,118,118,117,123,121,127,129,122,135,139,127,102,112,108,109,117,121,132,133,110,131,130,131,124,133,135,131,117,120,111,122,123,136,109,116,134,121,137,145,131,132,89,102,91,129,117,97,75,106,82,94,90,90,97,70,100,114,80,120,114,100,93,94,79,100,99,86,62,115,96,101,,70,83,75,81,73,79,81,63,,72,99,95,95,113,82,102,108,104,129,90,81,46,90,86,98,108,96,,116,85,105,111,95,102,106,110,109,107,101,,114,,80,,102,127,110,118,122,123,100,154,104,101,113,114,106,109,109,79,100,91,100,97,91,92,117,103,,,,75,,
20260401,18,CO,0.53,0.49,0.30,0.40,0.25,0.70,0.36,0.33,0.25,0.43,0.20,0.38,0.50,0.32,0.26,0.48,0.47,0.38,0.50,0.54,0.64,0.66,0.78,1.17,0.40,0.56,0.77,0.56,0.66,0.54,0.70,0.70,0.47,0.54,0.41,0.37,0.36,0.67,0.47,0.37,0.55,0.47,0.50,0.45,0.57,0.40,0.50,0.70,0.74,0.83,0.32,0.44,0.60,0.65,0.69,0.63,0.60,0.55,0.63,0.60,0.53,0.50,0.55,0.55,0.60,0.40,0.53,0.43,0.38,0.38,0.30,0.40,0.34,0.30,0.35,0.45,0.44,0.30,0.54,0.60,0.20,0.32,0.57,0.42,0.60,0.60,0.30,0.48,0.56,0.40,0.32,0.45,0.38,1.02,0.55,0.43,0.67,0.70,0.77,0.90,0.70,0.60,0.50,0.77,0.60,0.60,0.80,0.60,0.27,0.30,0.47,0.45,0.47,0.58,0.48,0.76,0.47,0.52,0.40,1.02,0.38,0.43,0.32,0.62,0.63,0.66,0.48,0.57,0.53,0.57,0.33,0.30,0.30,0.47,0.60,0.90,0.40,0.55,0.77,0.65,0.45,0.47,0.65,0.88,0.70,0.47,0.43,0.35,0.42,0.45,0.47,0.40,0.25,0.38,0.30,0.30,1.13,0.38,0.40,0.25,,,,,,,,,,,,,,,,,,,,,,,,,,,,,,0.28,0.30,0.55,0.40,0.23,0.40,0.38,0.37,0.27,0.20,0.43,0.20,0.35,0.27,,0.25,0.45,0.33,0.57,0.45,0.40,0.30,0.50,0.85,0.95,0.40,0.30,0.57,0.40,0.30,0.35,0.38,0.30,0.47,0.35,0.45,0.10,0.38,0.44,0.40,0.50,0.50,0.50,0.60,0.44,0.30,0.35,0.10,0.75,0.37,0.47,0.73,0.60,0.70,0.50,0.60,0.63,0.55,0.55,0.48,0.95,0.57,0.75,0.60,0.72,0.53,0.45,0.30,0.40,0.47,0.30,0.37,0.87,0.65,0.72,0.40,0.53,0.50,0.53,0.50,0.63,0.45,0.70,0.65,0.80,0.40,0.40,0.30,0.35,0.40,0.30,0.77,0.63,0.70,0.70,0.50,0.90,0.60,0.60,0.70,0.43,0.60,0.30,0.50,0.50,0.68,0.47,0.40,0.50,0.50,0.20,,0.35,0.40,0.43,0.63,0.70,0.55,0.55,0.60,,0.55,0.30,0.30,0.50,0.60,0.50,0.40,0.40,0.55,0.65,0.35,0.55,0.90,0.55,0.50,0.30,0.30,0.50,,0.25,0.55,0.43,0.30,0.30,0.40,0.25,0.30,0.20,0.30,0.25,,0.35,,0.70,,0.35,,0.30,0.20,,0.30,0.40,0.50,0.30,0.20,0.25,0.65,,0.35,0.35,0.20,0.15,0.25,0.30,0.60,0.10,0.30,0.90,0.45,,,,0.65,,
20260401,18,CO_24h,0.38,0.69,0.48,0.66,0.50,0.70,0.41,0.30,0.30,0.53,0.53,0.55,0.82,0.50,0.28,0.72,0.64,0.51,0.58,0.62,0.84,0.69,0.83,0.93,0.66,0.82,0.90,0.77,0.86,0.77,0.76,0.84,0.57,0.53,0.43,0.33,0.41,0.67,0.57,0.40,0.50,0.50,0.40,0.45,0.73,0.42,0.40,0.62,0.79,0.70,0.54,0.57,0.77,0.69,0.61,0.57,0.57,0.55,0.50,0.70,0.52,0.50,0.59,0.47,0.56,0.54,0.60,0.51,0.42,0.42,0.73,0.75,0.58,0.46,0.63,0.67,0.53,0.36,0.64,0.60,0.37,0.53,0.63,0.66,0.80,0.80,0.58,0.83,0.72,0.45,0.53,0.68,0.63,1.08,0.50,0.60,0.67,0.78,0.60,0.80,0.70,0.55,0.50,0.67,0.50,0.50,0.70,0.55,0.43,0.40,0.56,0.45,0.55,0.66,0.40,1.02,0.68,1.00,0.52,1.02,0.36,0.60,0.27,0.80,0.77,0.70,0.66,0.60,0.60,0.73,0.53,0.38,0.42,0.57,0.70,0.82,0.50,0.70,0.75,0.59,0.50,0.52,0.75,0.68,0.70,0.50,0.50,0.40,0.48,0.60,0.53,0.45,0.45,0.38,0.35,0.40,0.87,0.60,0.36,0.40,,,,,,,,,,,,,,,,,,,,,,,,,,,,,,0.35,0.40,0.55,0.63,0.33,0.30,0.90,0.37,0.37,0.43,0.43,0.20,0.40,0.33,,0.25,0.50,0.47,0.77,0.50,0.53,0.33,0.50,0.70,1.00,0.40,0.35,0.40,0.60,0.80,0.77,0.43,0.45,0.47,0.35,0.65,0.25,0.58,0.58,0.55,0.78,0.60,0.45,0.65,0.66,0.47,0.47,0.20,0.88,0.37,0.63,0.87,0.60,0.60,0.45,0.70,0.80,0.68,0.55,0.50,0.85,0.83,0.78,0.55,0.66,0.53,0.55,0.50,0.60,0.65,0.43,0.37,1.00,0.67,0.74,0.57,0.55,0.50,0.50,0.60,0.67,0.50,0.98,0.75,0.90,0.45,0.53,0.35,0.75,0.35,0.30,0.53,0.67,0.60,0.63,0.50,0.80,0.60,0.80,0.60,0.67,0.60,0.40,0.57,0.50,0.70,0.38,0.40,0.65,0.45,0.20,,0.30,0.45,0.50,0.60,0.65,0.50,0.45,0.65,,0.65,0.30,0.30,0.55,0.65,0.60,0.50,0.40,0.45,0.75,0.40,0.60,0.70,0.50,0.45,0.30,0.30,0.50,,0.25,0.55,0.53,0.43,0.40,0.45,0.60,0.45,0.30,0.40,0.40,,0.40,,0.75,,0.45,0.70,0.30,0.30,0.30,0.40,0.50,0.30,0.57,0.40,0.45,0.75,0.10,0.60,0.35,0.30,0.25,0.65,0.45,0.85,0.50,0.30,0.70,0.65,,,,0.70,,
20260401,19,AQI,70,54,76,68,58,119,86,32,35,75,93,93,74,54,31,61,78,66,86,40,55,38,80,151,56,60,51,47,56,69,80,79,70,31,38,38,36,43,39,43,33,33,35,27,62,36,37,46,107,94,46,49,38,37,44,48,43,49,49,33,32,38,32,39,37,36,26,33,34,59,45,34,39,48,43,40,36,39,72,64,41,52,33,65,107,64,85,90,55,92,85,38,52,119,62,80,28,39,33,36,27,32,29,45,33,43,61,33,37,46,46,51,57,66,38,65,59,74,35,186,55,65,67,59,59,33,49,135,55,66,49,44,38,31,36,43,33,31,39,33,37,43,31,32,26,34,38,33,28,35,57,55,54,46,55,53,59,33,52,122,,,,,,,,,,,,,,,,,,,,,,,,,,,,,,47,51,38,57,41,74,43,52,53,40,45,26,50,31,,27,33,27,61,55,28,65,70,89,85,59,31,98,49,30,59,33,64,81,30,123,24,52,60,50,67,53,29,76,47,50,47,42,45,53,37,24,27,28,34,45,41,40,41,31,36,44,41,40,88,88,59,50,48,49,46,51,53,43,53,47,37,44,49,46,39,29,36,36,42,33,36,44,36,30,29,48,52,32,30,35,31,22,37,51,35,45,34,39,34,48,66,29,35,29,32,,23,31,48,33,30,53,36,47,,20,52,34,28,73,59,33,61,64,94,39,66,65,29,26,53,33,31,,38,24,36,53,8,38,50,43,73,67,46,,46,,51,,51,43,39,39,3,41,32,125,60,57,51,60,36,44,69,95,79,82,119,54,39,31,80,36,,,,43,,
20260401,19,PM2.5,28,9,34,21,16,90,30,13,9,20,23,37,54,28,15,25,27,48,64,26,34,26,59,116,34,43,23,27,40,50,59,58,51,8,22,16,14,24,16,27,10,9,16,5,33,3,6,26,32,70,28,34,23,11,19,28,16,24,24,10,12,9,22,22,20,14,9,22,4,24,24,22,21,21,18,28,21,19,22,46,14,24,3,47,22,46,13,24,24,26,18,14,29,90,37,8,8,20,18,24,9,10,11,23,10,30,30,9,24,20,19,29,17,34,25,32,31,40,18,140,25,43,47,41,37,13,24,100,39,48,27,11,24,20,19,23,15,14,27,16,24,20,12,13,6,8,16,14,16,18,28,23,16,21,20,21,22,8,17,47,,,,,,,,,,,,,,,,,,,,,,,,,,,,,,27,36,7,36,14,27,13,23,20,11,18,15,20,14,,3,8,12,39,31,12,47,51,48,60,42,18,73,32,12,42,16,46,60,13,93,5,27,33,19,39,29,19,56,18,31,27,15,30,35,3,13,5,8,3,28,26,27,29,16,18,31,29,22,65,65,35,29,31,26,26,28,37,30,36,33,22,,34,32,22,20,21,12,28,14,14,23,14,21,13,31,24,19,15,13,13,10,11,18,14,14,12,18,3,21,31,15,12,14,10,,6,14,29,23,16,37,25,33,,6,36,24,13,46,42,23,44,46,70,27,48,47,11,3,10,3,3,,3,3,18,14,,15,21,18,30,28,13,,16,,23,,29,20,9,12,,11,3,95,26,17,16,23,9,19,26,49,27,27,35,19,9,3,59,10,,,,23,,
20260401,19,PM2.5_24h,20,41,36,27,18,67,41,9,9,38,61,67,55,17,8,31,30,45,66,45,75,44,64,96,65,81,45,56,69,76,82,83,87,14,21,6,21,28,25,6,18,9,10,3,58,4,15,22,72,58,53,37,35,7,15,18,9,14,13,6,11,5,8,25,18,20,11,21,7,25,29,23,27,24,27,26,13,12,20,34,20,21,17,93,97,82,42,67,70,30,41,71,74,80,31,24,6,15,20,22,4,12,8,17,4,13,12,4,22,40,9,19,15,24,10,33,38,46,22,72,11,50,27,42,61,24,43,60,40,50,35,20,30,33,27,13,12,14,13,10,22,22,17,20,5,9,22,18,15,16,31,25,17,23,27,28,23,17,12,46,,,,,,,,,,,,,,,,,,,,,,,,,,,,,,33,49,15,16,14,18,22,15,17,12,19,9,14,9,,6,10,15,36,35,15,34,34,32,36,28,23,30,59,74,79,26,64,45,28,88,7,73,64,49,59,52,10,77,54,62,47,34,25,31,8,4,2,4,10,23,29,18,28,7,13,22,17,16,42,48,42,61,59,40,40,39,29,19,37,22,37,39,26,20,33,14,21,16,26,15,16,15,23,15,8,10,11,9,8,12,10,8,12,18,19,15,13,17,13,23,11,13,17,17,10,,5,12,18,16,12,21,16,19,,11,28,20,8,40,40,24,45,31,57,20,43,32,11,9,4,5,15,,3,5,21,16,14,16,27,22,26,36,18,,22,,16,,22,21,9,13,12,16,7,13,27,28,15,30,15,27,25,57,64,49,53,28,9,2,32,33,,,,34,,
20260401,19,PM10,89,58,101,86,66,120,122,32,35,99,136,135,88,58,30,72,105,60,99,36,60,37,95,178,61,65,51,47,55,83,90,66,67,19,38,38,18,36,28,43,18,17,27,19,73,10,12,46,163,93,46,39,38,22,36,48,30,37,44,18,23,21,32,39,37,36,26,33,33,67,45,34,39,48,43,36,36,39,94,75,41,53,19,75,164,78,119,130,60,133,119,35,54,106,74,110,15,37,33,36,17,28,17,45,18,39,72,23,37,46,46,51,63,82,38,79,67,98,35,185,59,79,83,68,67,33,49,220,55,82,49,44,38,24,33,39,33,31,37,28,37,43,19,25,15,34,38,33,28,35,64,59,57,46,59,56,67,32,53,194,,,,,,,,,,,,,,,,,,,,,,,,,,,,,,47,39,19,64,41,98,43,53,55,40,45,26,50,31,,7,29,26,71,60,28,56,80,127,120,61,31,124,49,30,53,33,49,106,30,133,19,53,70,50,83,56,28,72,47,50,47,42,45,55,12,19,18,8,16,45,41,36,40,24,26,37,38,40,91,97,67,50,48,49,46,52,55,41,56,44,36,,42,46,37,21,36,36,39,26,17,44,32,26,29,48,53,32,30,31,28,16,33,52,35,45,34,39,34,48,82,24,23,22,31,,19,22,48,29,30,54,32,33,,16,54,34,17,96,47,33,56,67,106,32,75,68,20,6,55,14,15,,6,11,36,56,,38,50,43,96,83,46,,46,,51,,51,35,19,28,,27,20,,70,64,51,70,24,38,88,139,108,114,188,58,39,10,90,31,,,,43,,
20260401,19,PM10_24h,48,87,83,75,77,92,103,34,26,83,122,119,91,41,20,91,77,94,110,56,92,51,95,132,92,110,64,87,71,101,114,99,91,21,31,14,26,39,34,11,23,14,15,10,101,13,22,33,123,77,66,51,47,13,26,26,16,21,25,11,18,9,16,43,34,33,26,37,15,69,59,37,66,58,38,36,33,39,90,59,70,67,20,119,159,118,110,129,107,79,93,91,102,109,51,89,11,26,30,32,10,24,10,27,7,26,27,16,36,62,35,48,48,71,31,93,118,126,66,107,48,70,62,59,90,39,68,77,53,79,64,44,46,39,37,26,18,25,23,18,34,47,27,31,12,29,47,34,27,29,67,58,49,55,67,90,80,50,43,195,,,,,,,,,,,,,,,,,,,,,,,,,,,,,,56,67,23,52,55,52,53,40,60,49,84,22,47,26,,22,47,64,125,106,56,90,78,68,78,79,76,43,93,117,121,40,92,80,48,111,13,98,86,77,98,64,20,101,82,76,64,53,35,36,16,13,9,11,14,28,36,28,29,15,24,31,29,26,63,74,64,73,73,70,54,67,49,40,68,38,61,56,39,31,59,24,32,25,36,22,22,23,38,17,21,21,24,17,16,27,17,14,23,36,39,34,26,35,43,38,36,20,28,23,21,,15,15,33,21,22,33,21,29,,15,41,34,16,79,53,35,58,45,75,26,60,45,21,18,17,19,18,,8,11,45,51,32,43,71,55,78,92,48,,56,,50,,58,48,23,33,36,37,25,25,81,79,46,108,50,54,87,174,204,189,217,75,40,13,68,71,,,,52,,
20260401,19,SO2,5,7,2,7,7,6,4,4,4,3,4,6,6,5,8,8,8,8,9,6,6,6,6,13,8,5,6,6,7,8,6,6,4,6,7,5,7,6,5,6,5,3,4,4,6,4,4,7,10,6,4,7,5,6,6,5,6,6,7,4,6,8,5,6,9,5,6,3,5,6,8,12,6,7,4,6,10,7,9,9,5,18,4,10,11,7,8,12,8,8,5,4,5,8,8,6,7,6,7,8,7,6,6,8,7,4,6,6,4,5,9,10,7,6,7,12,9,10,8,15,6,5,7,8,7,5,10,5,8,9,4,12,7,8,6,8,8,4,10,5,4,8,7,16,8,6,2,6,8,5,6,5,2,6,7,16,22,9,7,10,,,,,,,,,,,,,,,,,,,,,,,,,,,,,,6,3,4,7,4,10,5,7,5,10,6,5,9,4,,4,9,5,7,8,6,8,8,11,11,2,5,11,6,8,8,6,6,9,6,8,7,5,8,6,8,6,4,7,6,4,5,6,5,5,3,6,3,7,5,6,4,3,4,4,7,8,8,8,11,26,3,6,6,6,3,4,8,9,11,9,5,5,7,6,5,7,7,8,4,6,4,5,3,5,8,8,6,10,7,14,7,6,7,8,2,6,7,6,9,7,6,6,9,6,4,,6,9,5,10,4,11,6,4,,4,6,7,9,9,6,4,4,5,10,6,5,7,6,6,9,8,11,,6,6,6,3,7,5,19,12,10,3,6,,4,,7,,4,11,6,10,10,7,4,,5,8,7,5,8,9,3,4,6,3,3,8,6,5,31,12,,,,7,,
20260401,19,SO2_24h,3,10,3,8,11,7,4,3,3,6,10,7,10,7,8,11,9,8,10,6,7,5,7,11,8,6,7,8,6,9,7,8,5,6,6,5,6,5,5,5,6,3,3,4,6,4,3,8,8,9,5,7,7,6,5,6,6,5,7,5,6,7,5,7,8,5,7,4,4,5,11,12,13,7,5,5,9,7,9,10,5,12,3,13,12,8,15,17,9,10,9,7,6,12,8,12,8,7,11,11,7,6,6,6,6,4,5,8,5,5,11,10,7,10,9,15,10,10,10,13,5,6,6,8,8,6,12,6,8,10,5,12,6,7,7,7,8,5,8,8,4,7,9,8,10,6,3,7,8,6,6,4,2,6,8,16,18,15,5,10,,,,,,,,,,,,,,,,,,,,,,,,,,,,,,5,3,4,6,8,10,9,7,8,15,7,5,10,8,,5,9,10,11,9,7,6,6,11,10,2,4,7,9,11,11,6,6,9,7,8,11,7,8,7,8,6,4,7,6,4,5,5,3,5,3,8,3,5,5,6,7,2,5,3,7,9,8,9,10,11,4,6,6,6,3,4,9,7,12,8,5,4,6,5,6,7,6,10,5,6,5,5,4,4,9,7,5,8,6,14,6,7,8,7,9,8,7,6,10,6,5,7,9,4,5,,6,6,5,19,4,11,7,3,,5,6,6,9,9,6,4,5,5,9,5,5,7,6,5,9,8,12,,6,6,6,7,8,6,13,12,10,5,8,,5,,7,,4,12,7,10,11,15,8,15,9,10,9,4,8,8,4,4,11,5,3,8,6,5,15,10,,,,7,,
20260401,19,NO2,19,26,15,15,12,20,17,14,17,14,15,20,11,15,10,20,20,23,31,30,20,30,55,52,21,18,25,20,52,18,23,18,8,28,40,24,23,16,21,24,22,22,14,11,20,12,13,18,37,25,13,21,26,21,37,26,28,29,28,15,16,20,15,8,26,13,16,9,9,21,14,17,9,13,22,30,18,17,21,23,12,24,13,25,21,17,14,29,22,35,18,10,15,31,43,13,15,10,12,18,14,16,9,23,19,15,16,15,9,13,21,14,17,19,19,20,19,22,19,42,14,16,23,39,26,27,16,19,21,16,13,18,20,15,24,11,25,14,14,14,4,18,15,11,19,11,12,32,9,7,20,28,16,18,14,5,10,8,6,7,,,,,,,,,,,,,,,,,,,,,,,,,,,,,,10,11,16,14,9,15,9,20,29,5,15,7,8,12,,9,7,16,20,8,13,17,18,16,19,16,15,20,11,9,14,9,19,18,9,25,2,22,19,17,32,23,10,15,14,13,14,10,30,15,13,21,13,10,15,17,17,17,11,17,16,15,9,13,16,19,20,17,16,15,11,13,15,13,10,15,13,,16,12,15,17,15,11,13,12,15,27,16,23,35,20,18,22,23,13,23,8,9,10,16,21,14,23,14,30,77,12,12,9,6,,8,6,12,10,13,13,7,13,,4,7,20,11,12,7,7,7,11,23,9,15,32,9,8,5,4,8,,1,6,16,13,16,11,12,19,6,7,10,,14,,8,,8,5,1,6,3,2,3,6,7,7,11,12,5,10,9,4,2,8,2,13,7,4,17,4,,,,6,,
20260401,19,NO2_24h,18,42,17,22,21,24,28,8,13,25,35,32,16,29,10,23,24,27,23,35,27,28,41,31,26,35,31,28,30,35,27,22,14,16,23,19,15,18,17,14,13,18,12,11,29,13,17,20,40,28,20,20,28,16,18,20,18,19,24,16,12,13,12,9,23,26,18,18,7,37,33,15,26,25,22,21,21,23,17,21,11,24,15,26,37,27,40,50,19,31,36,20,31,40,28,30,14,12,13,16,10,9,7,14,11,9,12,14,13,17,13,24,26,37,9,21,24,30,19,27,6,25,9,32,38,28,32,23,19,17,18,20,21,17,19,11,14,13,11,11,10,24,22,10,16,15,31,20,12,10,27,22,30,17,32,18,14,22,9,21,,,,,,,,,,,,,,,,,,,,,,,,,,,,,,11,14,17,23,16,25,26,20,31,17,6,5,9,11,,9,6,13,19,17,12,18,21,22,26,9,11,14,19,20,26,9,24,16,8,21,2,21,15,19,25,22,8,14,13,14,14,10,20,16,14,9,7,5,17,12,14,15,9,10,14,15,6,12,13,19,21,20,23,21,13,15,12,15,14,12,14,8,8,10,19,9,22,16,13,20,16,17,23,10,14,11,12,13,14,13,14,7,8,9,22,24,20,30,30,20,34,11,20,11,9,,15,7,14,10,17,13,6,13,,8,7,13,8,18,12,13,8,8,17,9,16,19,9,10,3,4,8,,2,2,20,43,12,19,34,30,17,17,21,,15,,12,,24,10,2,2,14,5,25,3,18,27,22,18,9,24,15,25,17,33,15,28,12,5,21,19,,,,8,,
20260401,19,O3,98,74,107,69,87,135,89,92,75,86,80,90,122,102,99,96,95,89,87,127,129,123,112,122,107,127,127,128,105,129,107,105,117,98,103,121,115,139,126,123,105,106,111,85,120,114,119,123,99,98,132,134,118,119,142,153,139,156,157,107,103,121,98,79,68,114,70,102,109,117,122,105,114,130,129,108,112,106,82,105,80,74,106,130,103,139,86,92,109,81,83,121,128,99,70,98,91,125,71,53,87,101,92,75,105,128,111,105,105,119,83,120,122,102,93,88,101,92,82,102,82,106,88,111,114,101,123,146,127,127,110,116,104,100,116,137,56,99,84,105,61,103,100,101,83,95,109,76,76,108,130,116,100,110,123,120,111,107,132,100,,,,,,,,,,,,,,,,,,,,,,,,,,,,,,125,118,120,150,88,97,122,87,89,111,80,82,111,89,,85,107,85,96,94,86,87,114,113,110,87,71,130,95,79,78,72,86,102,69,97,76,115,114,120,108,112,94,113,113,113,123,107,128,130,118,78,85,88,109,101,105,127,130,100,115,138,126,122,128,123,126,105,108,102,121,110,136,110,124,135,118,142,134,122,125,72,109,98,134,104,114,63,115,65,54,84,88,84,58,112,98,71,119,122,99,83,96,95,94,82,31,92,112,93,101,,75,98,81,71,74,80,85,65,,65,103,85,91,103,118,103,110,85,108,94,95,44,93,83,107,105,100,,122,78,103,109,,98,108,105,108,113,117,,113,,96,,120,136,124,126,,131,103,155,109,113,116,128,114,142,137,114,123,124,119,123,110,98,149,114,,,,72,,
20260401,19,O3_24h,98,74,107,69,87,135,89,92,75,86,80,90,122,102,99,96,95,89,87,127,129,123,112,122,107,127,127,128,105,129,107,105,117,98,103,121,115,139,126,123,105,106,111,85,120,114,119,123,99,98,132,134,118,119,142,153,139,156,157,107,103,121,98,79,68,114,70,102,109,117,122,105,114,130,129,108,112,106,82,105,80,74,106,130,103,139,86,92,109,81,83,121,128,99,70,98,91,125,71,53,87,101,92,75,105,128,111,105,105,119,83,120,122,102,93,88,101,92,82,102,82,106,88,111,114,101,123,146,127,127,110,116,104,100,116,137,56,99,84,105,61,103,100,101,83,95,109,76,76,108,130,116,100,110,123,120,111,107,132,100,,,,,,,,,,,,,,,,,,,,,,,,,,,,,,125,118,120,150,88,97,122,87,89,111,80,82,111,89,,85,107,85,96,94,86,87,114,113,110,87,71,130,95,79,78,72,86,102,69,97,76,115,114,120,108,112,94,113,113,113,123,107,128,130,118,78,85,88,109,101,105,127,130,100,115,138,126,122,128,123,126,105,108,102,121,110,136,110,124,135,118,142,134,122,125,72,109,98,134,104,114,63,115,65,54,84,88,84,58,112,98,71,119,122,99,83,96,95,94,82,31,92,112,93,101,,75,98,81,71,74,80,85,65,,65,103,85,91,103,118,103,110,85,108,94,95,44,93,83,107,105,100,,122,78,103,109,,98,108,105,108,113,117,,113,,96,,120,136,124,126,,131,103,155,109,113,116,128,114,142,137,114,123,124,119,123,110,98,149,114,,,,72,,
20260401,19,O3_8h,94,80,100,84,86,145,104,98,86,95,88,116,126,104,97,105,94,109,101,139,138,140,150,154,128,140,140,139,150,141,114,119,131,118,129,112,125,142,145,123,134,114,111,94,128,117,125,121,141,121,140,144,137,118,145,141,137,145,155,117,106,124,99,69,80,120,74,104,108,112,112,104,112,119,144,131,107,113,90,123,93,89,106,145,131,150,98,139,137,87,108,137,133,135,110,96,98,121,65,51,96,98,98,74,121,105,117,117,107,134,90,119,121,105,101,94,101,97,91,132,89,100,94,136,130,137,127,140,136,126,121,119,112,98,128,117,86,102,84,106,69,115,96,104,79,98,120,95,74,113,115,119,110,115,114,119,111,106,114,94,,,,,,,,,,,,,,,,,,,,,,,,,,,,,,130,125,129,128,85,110,118,91,111,109,89,87,107,93,,90,109,95,106,100,94,97,108,128,122,92,95,128,111,88,109,79,96,108,83,127,79,136,122,133,120,122,119,124,122,129,131,122,137,141,129,103,112,108,115,118,127,136,134,110,132,134,132,127,135,138,134,119,123,112,125,123,140,112,122,137,124,142,148,134,134,91,111,99,133,99,105,77,111,86,95,92,91,98,76,103,115,80,124,118,105,95,98,89,104,101,87,71,120,100,104,,73,89,77,81,77,82,82,68,,74,102,96,95,114,91,103,109,104,134,93,87,48,91,88,103,108,98,,118,86,109,114,102,103,111,113,112,111,107,,116,,86,,108,134,116,122,128,129,103,156,109,108,114,119,108,120,121,91,108,105,108,105,100,95,126,112,,,,76,,
20260401,19,O3_8h_24h,94,80,100,84,86,145,103,98,86,95,87,115,126,104,97,105,94,109,100,139,138,140,148,151,128,139,140,139,148,141,114,119,131,117,127,112,125,142,145,123,131,114,111,94,128,117,125,121,137,120,139,144,137,118,145,141,137,145,155,117,106,124,99,69,80,120,74,104,108,112,112,104,112,119,144,131,107,113,90,123,93,88,106,145,130,150,95,135,134,85,104,137,132,133,92,96,98,121,59,51,96,98,98,74,121,105,117,117,107,134,90,119,121,105,100,94,101,97,90,132,88,100,98,134,130,135,127,140,136,126,121,119,112,98,128,117,85,102,83,106,67,115,96,104,79,98,119,95,74,113,115,119,109,115,114,119,111,106,114,94,,,,,,,,,,,,,,,,,,,,,,,,,,,,,,130,125,129,128,85,110,118,91,110,109,88,87,107,93,,89,109,95,106,100,94,97,108,127,121,91,92,128,107,87,105,78,95,107,77,123,79,135,122,133,120,122,117,124,122,128,131,122,137,140,129,103,111,106,115,118,127,136,134,109,132,134,132,127,135,137,134,119,123,112,125,123,140,112,122,137,124,142,148,134,134,91,111,99,133,119,105,77,111,86,94,92,91,98,69,103,115,80,124,118,105,95,98,89,104,100,83,71,120,100,104,,73,89,77,81,77,81,82,68,,73,102,96,95,114,91,103,109,104,134,93,87,46,91,88,103,108,98,,118,86,109,114,102,103,111,112,112,111,107,,116,,86,,108,134,116,122,128,129,103,156,109,108,114,119,108,120,121,91,108,105,108,105,100,92,126,112,,,,76,,
20260401,19,CO,0.50,0.43,0.32,0.56,0.30,0.60,0.35,0.40,0.25,0.35,0.25,0.35,0.50,0.38,0.28,0.52,0.47,0.44,0.56,0.54,0.68,0.70,0.78,1.21,0.38,0.62,0.80,0.56,0.70,0.58,0.62,0.72,0.50,0.60,0.50,0.37,0.39,0.67,0.53,0.40,0.55,0.57,0.50,0.50,0.63,0.38,0.50,0.70,0.72,0.99,0.36,0.46,0.70,0.66,0.70,0.70,0.63,0.70,0.67,0.63,0.57,0.50,0.63,0.57,0.62,0.41,0.57,0.43,0.42,0.41,0.33,0.50,0.34,0.29,0.42,0.63,0.47,0.32,0.56,0.67,0.27,0.43,0.47,0.46,0.52,0.60,0.28,0.48,0.56,0.42,0.32,0.43,0.33,1.12,0.60,0.44,0.63,0.73,0.70,0.93,0.80,0.60,0.55,0.87,0.60,0.70,0.83,0.65,0.33,0.30,0.49,0.60,0.55,0.58,0.50,0.80,0.50,0.58,0.46,1.20,0.46,0.47,0.45,0.68,0.63,0.68,0.50,0.63,0.57,0.57,0.35,0.33,0.40,0.53,0.60,0.90,0.55,0.67,0.80,0.63,0.45,0.50,0.67,1.13,0.70,0.47,0.43,0.45,0.42,0.47,0.53,0.45,0.30,0.42,0.40,0.30,1.17,0.42,0.44,0.30,,,,,,,,,,,,,,,,,,,,,,,,,,,,,,0.28,0.40,0.55,0.40,0.23,0.40,0.40,0.40,0.37,0.23,0.53,0.20,0.40,0.33,,0.30,0.45,0.35,0.60,0.45,0.40,0.43,0.60,0.70,0.90,0.40,0.30,0.60,0.43,0.37,0.37,0.40,0.35,0.53,0.35,0.55,0.15,0.43,0.48,0.40,0.60,0.58,0.40,0.60,0.53,0.33,0.45,0.20,0.70,0.43,0.47,0.77,0.75,0.75,0.45,0.70,0.60,0.58,0.60,0.54,0.95,0.95,0.77,0.65,0.70,0.56,0.45,0.35,0.46,0.57,0.30,0.33,0.88,0.67,0.72,0.50,0.53,0.50,0.60,0.60,0.60,0.40,0.80,0.60,1.00,0.40,0.43,0.35,0.45,0.60,0.50,0.87,0.70,0.70,0.77,0.55,0.90,0.60,0.55,0.70,0.47,0.70,0.40,0.55,0.35,0.75,1.18,0.45,0.60,0.50,0.20,,0.40,0.40,0.43,0.67,0.70,0.65,0.55,0.65,,0.55,0.30,0.30,0.50,0.65,0.55,0.40,0.40,0.60,0.95,0.45,0.60,1.00,0.55,0.55,0.30,0.30,0.50,,0.25,0.60,0.47,0.30,0.60,0.40,0.25,0.35,0.20,0.35,0.30,,0.40,,0.70,,0.35,,0.40,0.20,0.30,0.30,0.30,,0.33,0.20,0.25,0.75,,0.30,0.40,0.30,0.15,0.25,0.35,0.55,0.10,0.20,0.95,0.45,,,,0.65,,
20260401,19,CO_24h,0.39,0.68,0.48,0.66,0.50,0.73,0.41,0.30,0.30,0.53,0.53,0.55,0.82,0.48,0.28,0.72,0.63,0.51,0.58,0.61,0.82,0.69,0.85,0.94,0.66,0.82,0.90,0.77,0.86,0.77,0.72,0.84,0.55,0.53,0.44,0.33,0.41,0.67,0.57,0.40,0.50,0.50,0.40,0.45,0.73,0.42,0.40,0.62,0.79,0.70,0.53,0.56,0.77,0.69,0.64,0.57,0.57,0.55,0.53,0.70,0.50,0.47,0.59,0.50,0.57,0.54,0.60,0.51,0.42,0.42,0.73,0.70,0.58,0.46,0.63,0.67,0.54,0.36,0.62,0.60,0.33,0.47,0.63,0.66,0.80,0.73,0.58,0.83,0.72,0.47,0.53,0.68,0.63,1.10,0.50,0.60,0.67,0.78,0.67,0.80,0.70,0.55,0.50,0.67,0.50,0.50,0.70,0.55,0.43,0.40,0.56,0.47,0.55,0.66,0.38,1.00,0.65,0.98,0.48,1.02,0.36,0.60,0.27,0.77,0.77,0.68,0.66,0.60,0.60,0.67,0.53,0.38,0.42,0.57,0.70,0.82,0.50,0.70,0.73,0.59,0.50,0.52,0.75,0.68,0.70,0.50,0.50,0.40,0.48,0.60,0.53,0.45,0.45,0.38,0.40,0.40,0.90,0.60,0.36,0.40,,,,,,,,,,,,,,,,,,,,,,,,,,,,,,0.35,0.40,0.55,0.63,0.37,0.30,0.90,0.37,0.37,0.43,0.43,0.20,0.40,0.33,,0.25,0.50,0.47,0.77,0.50,0.47,0.33,0.50,0.70,1.00,0.45,0.35,0.40,0.60,0.77,0.77,0.43,0.45,0.47,0.35,0.65,0.20,0.57,0.56,0.55,0.78,0.60,0.45,0.65,0.62,0.43,0.45,0.20,0.88,0.37,0.63,0.87,0.60,0.60,0.45,0.70,0.80,0.68,0.55,0.50,0.85,0.85,0.78,0.55,0.66,0.53,0.55,0.50,0.60,0.63,0.43,0.37,1.00,0.67,0.74,0.57,0.55,0.50,0.50,0.60,0.67,0.50,0.98,0.75,0.90,0.45,0.53,0.35,0.75,0.35,0.30,0.57,0.67,0.60,0.63,0.50,0.80,0.60,0.80,0.70,0.67,0.60,0.40,0.57,0.50,0.70,0.42,0.40,0.65,0.45,0.20,,0.30,0.45,0.50,0.60,0.65,0.50,0.45,0.65,,0.65,0.30,0.30,0.55,0.65,0.60,0.50,0.40,0.45,0.75,0.40,0.60,0.70,0.55,0.50,0.30,0.30,0.50,,0.25,0.55,0.53,0.43,0.40,0.45,0.60,0.45,0.30,0.40,0.40,,0.40,,0.75,,0.45,0.70,0.30,0.30,0.40,0.40,0.50,0.30,0.57,0.40,0.45,0.75,0.10,0.60,0.35,0.30,0.25,0.65,0.45,0.85,0.50,0.30,0.70,0.65,,,,0.70,,
20260401,20,AQI,73,53,107,66,57,95,81,38,39,69,88,90,78,61,43,64,72,80,93,46,62,47,91,157,58,68,57,51,58,84,85,88,85,26,44,46,28,40,32,49,25,24,31,22,72,34,35,49,101,100,49,51,54,30,40,44,36,50,53,34,31,31,37,41,41,34,25,37,33,62,55,39,39,45,53,44,45,48,75,69,42,58,32,69,99,79,84,87,59,94,82,36,54,123,72,76,25,39,30,40,21,32,24,40,28,37,47,30,44,51,50,50,59,67,44,72,59,75,44,222,64,74,70,63,65,44,48,159,63,76,53,41,37,34,37,44,34,44,43,31,36,53,28,30,23,44,37,45,30,36,59,56,58,53,65,60,56,37,55,118,,,,,,,,,,,,,,,,,,,,,,,,,,,,,,46,47,35,63,45,60,43,47,64,51,51,24,60,32,,19,33,39,79,70,31,93,90,89,88,103,44,89,64,30,69,34,71,114,34,129,23,58,64,57,70,54,39,80,52,57,50,51,50,58,37,20,19,27,36,51,52,37,47,29,29,39,48,49,104,85,70,45,50,53,45,53,56,51,54,53,40,41,50,47,63,29,44,40,47,31,31,52,39,43,33,51,52,44,31,34,31,23,34,38,43,51,43,47,52,49,72,26,33,32,32,,22,28,43,26,28,56,41,38,,21,50,59,29,75,85,46,73,56,103,39,73,58,29,24,37,34,28,,37,21,51,52,54,47,58,42,75,65,51,,56,,51,,55,40,38,41,8,41,33,14,59,54,57,63,33,46,70,89,77,89,179,56,33,28,74,37,,,,46,,
20260401,20,PM2.5,28,9,50,24,15,71,24,16,11,19,23,29,57,29,18,33,24,59,69,32,44,32,68,120,40,49,26,30,41,62,63,65,63,12,27,22,15,25,19,33,15,14,19,7,45,3,5,27,32,75,31,36,28,16,21,31,19,35,37,13,15,12,26,23,21,15,12,26,7,28,31,27,12,23,25,31,31,20,28,50,23,31,3,50,19,48,14,21,26,22,15,14,32,93,31,8,11,11,21,25,12,10,14,28,13,17,27,9,26,23,24,35,21,33,31,40,37,43,31,172,35,54,50,45,47,17,23,121,45,56,31,18,24,24,25,27,23,23,30,22,25,27,16,14,10,11,19,18,12,20,30,26,21,31,16,21,20,16,21,50,,,,,,,,,,,,,,,,,,,,,,,,,,,,,,24,33,6,36,17,31,14,25,24,21,24,11,23,15,,5,8,27,58,51,11,69,67,66,65,77,20,64,46,8,50,18,52,86,17,98,6,31,39,32,44,34,23,59,24,35,29,23,31,41,3,13,11,8,3,36,23,24,28,16,13,27,26,26,78,63,51,31,30,27,29,23,31,31,31,35,24,24,33,32,25,11,31,15,28,17,18,32,20,29,7,28,29,23,22,14,18,16,11,19,16,16,15,23,5,26,39,17,20,21,10,,6,18,28,18,16,36,29,21,,10,23,19,13,49,63,32,53,36,77,27,53,41,10,5,10,5,15,,3,5,29,16,20,23,23,20,31,25,15,,22,,24,,29,,15,13,,16,3,8,23,21,23,26,19,25,25,49,27,23,38,24,15,8,44,21,,,,27,,
20260401,20,PM2.5_24h,19,40,37,27,18,68,41,9,8,37,59,66,55,18,8,30,30,45,64,45,73,43,65,98,63,79,43,55,67,76,82,84,86,13,21,6,21,27,25,7,18,10,11,4,56,4,15,23,70,60,52,36,34,7,15,19,9,15,14,6,11,5,9,25,18,20,11,22,7,26,30,23,26,24,27,26,14,13,20,35,19,20,16,92,94,81,42,66,66,30,40,68,72,83,31,24,7,15,20,22,4,11,8,17,4,13,12,4,23,38,9,20,16,24,10,33,38,46,21,76,11,49,26,41,59,23,42,61,39,49,34,20,29,33,27,13,13,14,13,11,22,23,18,20,5,9,22,19,15,16,32,25,17,23,27,28,23,16,13,46,,,,,,,,,,,,,,,,,,,,,,,,,,,,,,32,47,14,17,14,19,22,15,17,13,18,9,14,9,,6,10,15,36,35,14,34,35,33,37,29,21,31,60,70,75,24,61,47,25,86,7,71,63,48,57,51,11,75,52,59,45,33,25,31,7,4,2,4,10,24,30,19,28,8,13,23,18,18,44,47,42,60,57,40,38,37,29,18,37,22,36,39,26,21,33,13,22,16,26,16,16,16,23,16,8,10,12,10,9,12,10,8,12,17,19,15,13,18,14,23,12,13,17,17,10,,4,12,19,17,12,22,16,20,,12,28,20,8,40,40,24,46,31,57,20,43,32,11,9,5,4,15,,3,5,21,16,14,16,27,22,26,36,18,,22,,16,,23,21,10,12,12,16,7,13,26,27,16,30,15,27,25,56,62,47,52,28,9,2,32,33,,,,33,,
20260401,20,PM10,96,56,164,81,63,97,112,38,39,87,126,130,93,71,43,77,93,66,112,46,73,47,104,173,65,74,63,52,54,95,99,72,81,26,44,46,23,40,32,49,23,24,31,21,94,12,11,49,152,104,49,48,57,29,40,44,36,50,50,24,31,27,35,41,41,34,25,36,31,73,59,37,39,45,55,43,45,48,100,87,42,65,19,84,147,108,117,123,68,137,113,36,57,108,93,102,20,22,26,40,16,14,24,40,21,23,47,27,44,51,50,50,68,84,43,94,67,100,44,237,78,76,89,71,73,44,48,136,64,97,56,41,37,30,37,44,34,44,38,28,35,56,27,27,19,44,37,45,30,36,67,62,65,56,80,70,62,37,59,186,,,,,,,,,,,,,,,,,,,,,,,,,,,,,,46,,17,76,45,70,43,47,78,52,51,23,69,32,,11,27,39,78,67,31,73,97,123,119,53,44,127,57,30,68,34,68,130,34,136,17,66,77,64,89,58,39,76,53,63,50,51,50,63,16,20,18,,8,48,54,37,47,26,29,38,48,49,110,98,67,45,50,55,45,56,61,52,57,55,40,,50,47,75,29,43,40,47,31,23,54,39,43,33,51,54,44,27,31,31,20,31,38,43,51,43,47,54,49,94,26,33,32,32,,10,24,43,22,28,62,38,38,,9,50,68,25,99,,40,64,62,116,31,76,48,16,7,37,34,21,,7,11,51,53,57,47,65,42,100,79,51,,62,,52,,59,,19,30,,23,16,14,67,58,63,75,33,41,90,127,104,127,307,61,29,10,97,34,,,,46,,
20260401,20,PM10_24h,49,86,87,76,77,92,104,31,25,84,123,120,91,43,21,92,79,92,107,57,90,50,96,135,89,108,63,85,70,102,113,100,90,21,31,15,26,38,35,13,23,15,16,10,99,12,22,34,125,79,66,51,47,13,26,26,16,22,25,11,17,9,16,43,34,33,26,37,16,70,60,38,65,57,39,37,33,40,92,59,70,68,19,117,159,118,113,130,103,83,95,87,99,111,52,92,12,25,28,33,9,22,10,28,7,24,26,16,37,60,36,48,50,73,31,95,117,127,65,111,41,69,62,58,87,39,69,79,52,78,63,44,45,39,37,26,19,26,23,19,34,48,28,31,12,29,46,35,27,30,67,58,50,55,67,90,80,49,44,194,,,,,,,,,,,,,,,,,,,,,,,,,,,,,,54,65,22,53,55,54,53,40,62,49,83,22,48,26,,21,45,63,125,106,55,90,80,71,81,78,73,47,92,112,114,37,89,82,45,109,13,97,84,76,96,64,21,98,80,74,63,52,35,37,16,13,9,10,13,30,37,28,30,15,25,31,30,27,66,72,62,73,71,69,52,64,50,40,67,38,59,56,39,32,60,24,33,26,36,22,22,25,38,18,22,22,25,19,17,26,18,14,23,35,39,34,26,36,44,39,38,20,28,24,21,,15,16,34,21,23,35,21,29,,15,41,36,16,80,53,35,60,45,76,26,61,45,20,17,18,18,18,,8,10,45,51,32,43,72,53,79,93,48,,56,,50,,58,46,23,32,35,37,25,23,80,78,47,107,50,54,88,172,199,185,223,76,39,13,70,70,,,,52,,
20260401,20,SO2,5,7,3,4,8,6,4,6,3,3,4,5,7,7,9,8,7,9,10,6,6,6,6,11,8,5,6,6,6,9,6,6,4,6,6,5,7,5,6,6,6,3,5,4,6,4,3,7,9,6,4,7,5,6,6,5,6,4,6,5,6,10,5,6,8,5,6,3,4,6,10,12,6,7,4,6,12,6,10,10,5,19,3,12,12,7,8,10,8,7,4,4,5,7,8,6,7,6,7,9,7,6,6,10,7,3,6,7,5,5,12,9,7,7,7,16,9,10,8,16,9,6,8,8,7,5,9,6,9,9,5,11,7,12,7,8,8,5,12,6,4,8,8,14,10,6,3,6,7,5,6,6,2,6,7,13,15,11,7,9,,,,,,,,,,,,,,,,,,,,,,,,,,,,,,6,2,4,6,5,10,6,7,6,10,7,5,8,4,,4,9,7,8,8,6,11,11,11,10,2,6,8,6,8,9,6,6,11,7,10,8,5,8,7,8,6,4,7,6,4,5,6,4,5,3,4,3,7,5,5,4,3,5,3,8,11,8,9,11,11,3,5,6,6,3,4,8,9,11,9,5,5,5,6,4,8,7,8,8,6,5,4,5,4,6,7,5,10,8,17,6,5,6,9,3,6,7,6,9,7,7,6,9,6,5,,6,9,5,10,4,11,7,4,,6,6,7,9,10,7,4,5,4,10,6,5,6,6,6,9,7,13,,6,7,6,3,6,26,12,11,11,3,7,,6,,7,,4,10,6,10,12,8,6,12,5,9,8,5,8,10,3,4,6,3,3,8,6,5,23,10,,,,7,,
20260401,20,SO2_24h,3,10,3,8,11,7,4,3,3,5,10,7,10,7,8,11,9,8,9,6,7,5,7,11,8,6,7,8,6,9,7,8,5,6,6,5,6,5,5,5,6,3,3,4,6,4,3,8,8,8,5,7,7,6,5,6,6,5,7,5,6,7,5,7,9,5,7,4,4,5,12,12,13,7,5,5,10,7,10,10,5,13,3,13,13,8,15,17,9,10,9,7,6,11,7,11,8,7,11,11,7,6,6,7,6,4,5,8,5,5,11,10,7,10,7,15,10,10,10,13,5,6,6,8,8,6,12,6,8,10,5,12,6,7,7,7,8,5,8,8,4,7,9,8,10,6,3,7,8,6,6,4,2,6,8,16,18,15,5,10,,,,,,,,,,,,,,,,,,,,,,,,,,,,,,5,3,4,6,8,10,9,7,8,15,7,5,10,8,,5,9,9,11,9,6,7,6,11,10,2,4,7,9,11,11,6,6,9,6,8,10,7,8,7,8,6,4,7,6,4,5,5,4,5,3,7,3,5,5,6,7,2,5,3,7,9,8,9,10,11,4,6,6,6,3,4,9,7,12,9,5,4,5,5,6,7,7,10,5,6,5,5,4,4,9,7,5,8,6,15,6,7,8,8,9,8,8,6,10,6,5,7,9,4,5,,6,6,5,19,4,11,7,3,,5,6,6,9,9,6,4,5,5,9,5,5,7,6,5,9,8,12,,6,6,6,7,8,7,13,12,10,5,8,,6,,7,,4,12,7,10,11,15,8,14,9,10,9,4,8,8,4,4,11,5,3,8,6,5,15,10,,,,8,,
20260401,20,NO2,21,28,26,12,16,21,18,21,22,18,15,21,13,19,20,23,17,36,46,42,28,50,61,48,20,33,34,28,54,25,34,25,16,48,46,23,29,18,39,24,29,44,16,14,34,14,12,24,38,26,16,41,39,32,42,27,37,32,32,20,24,28,16,9,29,14,16,8,8,37,35,19,14,15,45,39,32,28,25,31,15,41,14,31,22,31,16,30,28,32,17,14,20,38,35,13,18,9,12,19,19,10,18,22,26,10,14,18,9,16,27,12,19,17,24,23,21,35,28,55,17,16,22,57,43,36,16,23,29,17,15,17,22,17,23,13,36,20,17,19,4,29,16,13,20,15,16,44,10,7,29,29,44,24,63,6,11,16,9,10,,,,,,,,,,,,,,,,,,,,,,,,,,,,,,10,13,16,13,14,17,10,18,21,10,24,7,19,17,,22,9,28,25,15,17,30,30,16,19,35,21,15,12,10,21,12,15,21,16,36,3,34,26,17,28,24,10,15,18,19,16,14,35,22,13,24,19,10,13,17,20,22,19,20,24,18,17,21,22,24,24,21,18,18,13,14,14,15,9,24,14,,20,31,16,13,25,14,11,15,19,35,18,22,26,17,17,27,24,14,30,8,11,10,24,26,16,29,23,29,84,21,30,11,3,,9,10,12,7,12,17,10,21,,4,8,16,11,14,9,8,9,10,23,9,17,16,8,8,8,4,20,,1,7,25,24,30,32,18,19,9,13,26,,25,,9,,9,7,1,1,15,1,6,20,14,13,21,21,10,11,10,6,4,9,4,12,8,5,13,7,,,,6,,
20260401,20,NO2_24h,17,41,17,21,21,24,28,8,13,25,34,31,16,29,11,22,24,26,23,36,27,28,43,31,25,34,30,28,31,35,26,22,14,17,24,19,16,18,18,15,13,18,12,11,29,13,17,20,39,28,20,21,29,16,19,20,18,20,25,16,12,13,13,9,24,26,18,18,7,37,34,15,26,25,23,22,22,24,17,21,11,25,15,27,36,27,39,49,19,31,36,20,30,40,28,29,14,12,13,16,10,9,7,14,12,8,12,14,13,17,14,23,26,37,10,21,23,30,18,27,6,25,10,32,39,28,31,23,20,16,18,20,21,17,19,11,15,14,11,11,10,24,21,11,17,15,31,21,13,10,28,23,30,17,33,18,14,22,9,21,,,,,,,,,,,,,,,,,,,,,,,,,,,,,,11,14,16,23,16,26,26,20,31,17,7,5,10,11,,10,6,13,19,15,12,17,21,22,25,9,11,14,19,20,24,8,21,17,8,21,2,22,15,19,25,23,8,14,13,14,14,10,20,16,14,10,8,5,16,13,14,15,9,11,14,15,7,12,13,18,21,20,23,21,13,14,12,14,13,12,14,8,9,11,19,9,22,17,13,21,16,17,23,10,15,11,12,14,14,14,15,7,9,9,23,24,20,30,30,20,36,11,20,11,9,,14,8,14,10,16,13,6,13,,8,8,13,8,18,12,13,8,8,16,9,16,19,9,10,3,4,8,,2,3,20,43,12,19,34,29,17,17,21,,15,,12,,24,10,2,2,15,5,25,3,18,27,22,18,9,24,15,25,17,33,15,28,12,5,20,19,,,,8,,
20260401,20,O3,89,70,92,51,82,116,80,77,65,80,78,82,115,96,84,86,93,67,64,102,105,88,96,109,103,103,100,108,79,111,88,84,97,64,81,121,88,117,86,122,79,66,98,70,98,110,111,102,81,94,121,100,84,95,120,130,113,121,123,108,84,100,93,77,58,101,67,97,107,86,95,99,102,125,81,86,93,91,74,83,77,48,101,106,91,107,81,77,94,79,79,107,115,80,72,98,79,124,67,47,66,101,66,81,88,119,109,97,101,108,72,123,110,100,80,83,93,83,69,81,79,113,86,78,81,86,115,139,110,125,101,114,94,97,110,133,29,87,70,92,61,82,91,95,72,87,98,60,72,105,103,102,51,94,59,116,104,93,127,90,,,,,,,,,,,,,,,,,,,,,,,,,,,,,,122,105,112,147,79,93,125,89,92,101,66,76,94,77,,62,104,67,82,82,78,68,96,108,105,62,62,111,101,76,72,64,101,110,63,88,74,93,99,111,92,101,81,109,106,97,112,96,86,104,118,56,61,85,114,78,96,108,112,92,93,126,102,98,118,99,109,90,98,86,108,98,118,104,109,114,106,132,125,87,127,76,83,90,134,78,98,32,109,43,54,82,86,71,51,109,79,64,108,119,79,64,92,81,94,71,10,72,69,91,100,,70,91,78,72,72,73,81,53,,68,93,83,92,85,116,98,102,76,85,94,84,47,94,76,103,102,90,,118,68,80,94,54,83,100,99,97,101,93,,95,,94,,105,128,120,131,,130,105,,95,100,100,115,101,146,133,112,123,126,117,127,106,91,157,117,,,,69,,
20260401,20,O3_24h,89,70,92,51,82,116,80,77,65,80,78,82,115,96,84,86,93,67,64,102,105,88,96,109,103,103,100,108,79,111,88,84,97,64,81,121,88,117,86,122,79,66,98,70,98,110,111,102,81,94,121,100,84,95,120,130,113,121,123,108,84,100,93,77,58,101,67,97,107,86,95,99,102,125,81,86,93,91,74,83,77,48,101,106,91,107,81,77,94,79,79,107,115,80,72,98,79,124,67,47,66,101,66,81,88,119,109,97,101,108,72,123,110,100,80,83,93,83,69,81,79,113,86,78,81,86,115,139,110,125,101,114,94,97,110,133,29,87,70,92,61,82,91,95,72,87,98,60,72,105,103,102,51,94,59,116,104,93,127,90,,,,,,,,,,,,,,,,,,,,,,,,,,,,,,122,105,112,147,79,93,125,89,92,101,66,76,94,77,,62,104,67,82,82,78,68,96,108,105,62,62,111,101,76,72,64,101,110,63,88,74,93,99,111,92,101,81,109,106,97,112,96,86,104,118,56,61,85,114,78,96,108,112,92,93,126,102,98,118,99,109,90,98,86,108,98,118,104,109,114,106,132,125,87,127,76,83,90,134,78,98,32,109,43,54,82,86,71,51,109,79,64,108,119,79,64,92,81,94,71,10,72,69,91,100,,70,91,78,72,72,73,81,53,,68,93,83,92,85,116,98,102,76,85,94,84,47,94,76,103,102,90,,118,68,80,94,54,83,100,99,97,101,93,,95,,94,,105,128,120,131,,130,105,,95,100,100,115,101,146,133,112,123,126,117,127,106,91,157,117,,,,69,,
20260401,20,O3_8h,95,80,101,84,86,146,104,98,86,95,88,116,127,106,97,105,96,109,101,139,138,140,151,155,128,140,140,139,150,141,114,119,131,118,129,115,125,143,145,124,134,114,112,95,128,118,126,124,141,121,140,144,137,120,149,148,142,151,159,118,107,125,100,72,81,120,75,104,108,113,114,107,112,123,146,132,108,115,90,123,93,89,106,145,131,150,98,139,137,87,108,137,133,135,110,97,98,125,59,51,96,100,98,76,121,109,119,117,107,134,90,121,124,106,101,94,102,98,91,132,89,101,94,136,130,137,128,144,136,130,122,120,113,99,129,122,86,103,85,107,69,115,100,105,83,100,120,95,76,113,117,120,110,117,114,120,111,107,118,95,,,,,,,,,,,,,,,,,,,,,,,,,,,,,,130,125,130,133,87,111,123,94,111,110,89,87,109,93,,90,109,95,106,100,94,97,109,128,122,92,95,130,111,88,109,79,96,109,83,127,79,136,123,133,121,124,119,124,122,129,131,122,139,141,129,103,112,108,115,118,130,136,134,110,132,135,132,127,136,138,135,119,123,112,125,123,140,114,123,138,124,144,148,134,134,91,113,105,136,120,110,78,114,86,95,92,92,98,76,105,115,80,124,121,105,97,102,94,107,101,87,77,120,101,106,,75,93,79,81,81,82,82,71,,75,103,96,95,114,97,103,109,104,134,94,91,48,93,88,105,108,98,,119,86,110,114,102,103,113,113,112,112,109,,116,,90,,111,134,120,126,133,131,105,157,110,111,114,122,111,131,129,100,114,112,112,112,105,95,136,115,,,,76,,
20260401,20,O3_8h_24h,95,79,101,80,86,145,102,96,84,95,86,115,127,106,97,104,96,104,96,137,135,136,143,147,126,136,138,136,141,138,112,116,128,112,123,115,122,142,139,124,128,111,112,94,126,118,126,123,130,118,139,141,136,119,149,148,140,151,159,118,106,125,100,72,78,120,75,103,108,113,114,107,112,123,144,130,107,114,89,118,91,85,106,141,127,146,93,127,129,85,99,134,130,129,88,97,98,125,61,51,93,100,96,76,119,109,119,116,106,132,88,121,124,106,98,94,102,97,88,127,87,100,92,130,126,130,128,144,135,130,121,120,113,99,127,122,79,103,84,107,65,113,100,104,83,100,119,95,76,113,117,118,102,116,111,120,111,107,118,94,,,,,,,,,,,,,,,,,,,,,,,,,,,,,,130,125,129,133,87,111,123,94,110,110,86,86,109,93,,86,109,92,104,99,93,95,109,126,119,89,88,129,103,85,102,76,96,109,75,116,78,131,122,132,119,124,114,123,122,127,130,121,135,138,129,98,104,104,115,115,130,135,132,107,128,135,129,125,136,135,135,118,122,111,123,120,138,114,123,137,123,144,147,130,134,90,113,105,136,117,110,75,113,83,90,91,92,95,67,105,112,79,123,121,105,97,102,94,107,100,74,77,115,101,106,,75,93,79,80,81,82,81,71,,75,102,96,95,110,97,103,108,102,131,94,91,47,93,88,105,108,98,,119,84,109,113,100,102,113,111,112,112,109,,114,,90,,111,133,120,126,133,131,105,157,110,111,114,122,111,131,129,100,114,112,112,112,105,92,136,115,,,,75,,
20260401,20,CO,0.48,0.39,0.46,0.60,0.30,0.55,0.35,0.57,0.25,0.35,0.25,0.33,0.57,0.45,0.36,0.55,0.43,0.53,0.68,0.61,0.75,0.77,0.87,1.12,0.42,0.64,0.86,0.61,0.70,0.67,0.70,0.82,0.48,0.67,0.57,0.40,0.44,0.75,0.57,0.43,0.60,0.70,0.50,0.50,0.70,0.35,0.45,0.70,0.73,1.13,0.39,0.56,0.82,0.77,0.71,0.67,0.63,0.80,0.73,0.70,0.70,0.53,0.63,0.57,0.65,0.42,0.50,0.45,0.38,0.54,0.47,0.50,0.36,0.34,0.60,0.80,0.50,0.40,0.56,0.82,0.35,0.68,0.45,0.47,0.48,0.73,0.28,0.42,0.62,0.38,0.27,0.45,0.40,1.16,0.55,0.42,0.67,0.70,0.70,0.90,0.85,0.60,0.55,0.80,0.65,0.60,0.80,0.65,0.43,0.30,0.54,0.62,0.60,0.60,0.50,1.02,0.52,0.56,0.58,1.47,0.47,0.53,0.42,0.75,0.77,0.72,0.50,0.70,0.62,0.63,0.38,0.38,0.40,0.60,0.68,0.90,0.65,0.73,0.83,0.65,0.45,0.55,0.68,1.30,0.73,0.47,0.47,0.50,0.42,0.47,0.63,0.50,0.45,0.46,0.40,0.30,0.90,0.50,0.44,0.35,,,,,,,,,,,,,,,,,,,,,,,,,,,,,,0.33,0.40,0.65,0.47,0.30,0.40,0.40,0.40,0.33,0.27,0.60,0.30,0.40,0.30,,0.45,0.50,0.50,0.67,0.55,0.47,0.53,0.80,0.80,0.85,0.55,0.35,0.53,0.47,0.37,0.50,0.38,0.35,0.67,0.40,0.70,0.15,0.45,0.48,0.50,0.63,0.60,0.45,0.60,0.52,0.33,0.50,0.17,0.80,0.47,0.63,0.70,0.80,0.65,0.45,0.70,0.67,0.60,0.60,0.56,0.95,1.27,0.93,0.70,0.82,0.62,0.55,0.33,0.46,0.63,0.37,0.27,0.80,0.77,0.72,0.53,0.68,0.60,0.50,0.70,0.60,0.40,0.96,0.70,1.00,0.50,0.47,0.65,0.55,0.60,0.35,0.70,0.73,0.80,0.77,0.60,0.90,0.50,0.55,0.60,0.47,0.70,0.40,0.57,0.60,0.80,1.25,0.45,0.75,0.50,0.20,,0.35,0.60,0.43,0.63,0.60,0.65,0.60,0.70,,0.55,0.30,0.30,0.50,0.70,0.80,0.40,0.50,0.60,0.95,0.45,0.65,0.50,0.50,0.60,0.30,0.30,0.80,,0.25,0.65,0.60,0.37,0.70,0.65,0.25,0.35,0.30,0.35,0.35,,0.60,,0.70,,0.35,,0.40,0.20,0.30,0.30,0.30,,0.33,0.25,0.40,0.75,,0.40,0.30,0.20,0.15,0.20,0.30,0.55,0.20,0.30,0.85,0.45,,,,0.75,,
20260401,20,CO_24h,0.38,0.67,0.48,0.67,0.50,0.73,0.40,0.30,0.30,0.53,0.53,0.55,0.82,0.48,0.30,0.72,0.62,0.51,0.58,0.61,0.82,0.69,0.85,0.96,0.64,0.82,0.89,0.73,0.80,0.77,0.72,0.84,0.55,0.53,0.43,0.33,0.40,0.67,0.57,0.40,0.50,0.50,0.40,0.45,0.73,0.42,0.40,0.62,0.78,0.73,0.53,0.54,0.79,0.69,0.64,0.57,0.57,0.55,0.53,0.70,0.50,0.47,0.59,0.52,0.58,0.54,0.60,0.51,0.42,0.43,0.73,0.70,0.58,0.45,0.63,0.67,0.54,0.36,0.62,0.60,0.33,0.50,0.60,0.66,0.78,0.70,0.58,0.82,0.70,0.47,0.52,0.68,0.62,1.12,0.50,0.60,0.67,0.75,0.67,0.83,0.70,0.55,0.50,0.67,0.55,0.50,0.70,0.55,0.43,0.40,0.60,0.48,0.55,0.66,0.40,1.04,0.65,0.98,0.48,1.02,0.36,0.60,0.27,0.72,0.77,0.68,0.64,0.60,0.60,0.67,0.50,0.38,0.42,0.57,0.70,0.82,0.50,0.70,0.73,0.59,0.50,0.55,0.75,0.72,0.70,0.50,0.50,0.40,0.48,0.60,0.53,0.45,0.45,0.40,0.40,0.40,0.87,0.60,0.36,0.40,,,,,,,,,,,,,,,,,,,,,,,,,,,,,,0.35,0.40,0.55,0.63,0.33,0.30,0.90,0.37,0.33,0.43,0.43,0.20,0.40,0.33,,0.25,0.50,0.45,0.77,0.50,0.47,0.33,0.50,0.70,1.00,0.40,0.35,0.40,0.60,0.77,0.70,0.43,0.40,0.50,0.35,0.65,0.20,0.57,0.56,0.55,0.78,0.60,0.45,0.65,0.62,0.43,0.45,0.17,0.88,0.37,0.63,0.87,0.60,0.60,0.45,0.70,0.80,0.68,0.55,0.50,0.85,0.85,0.78,0.55,0.68,0.53,0.55,0.50,0.60,0.63,0.40,0.37,1.00,0.67,0.72,0.57,0.55,0.50,0.50,0.60,0.70,0.50,0.98,0.75,0.90,0.45,0.53,0.40,0.75,0.35,0.30,0.57,0.70,0.60,0.63,0.50,0.80,0.60,0.75,0.60,0.67,0.60,0.40,0.57,0.50,0.70,0.45,0.40,0.65,0.45,0.20,,0.30,0.45,0.47,0.60,0.65,0.55,0.45,0.65,,0.65,0.30,0.30,0.55,0.65,0.60,0.50,0.50,0.45,0.75,0.40,0.60,0.70,0.55,0.50,0.30,0.30,0.50,,0.25,0.55,0.53,0.43,0.40,0.45,0.60,0.45,0.30,0.40,0.40,,0.40,,0.75,,0.45,0.70,0.30,0.30,0.40,0.40,0.50,0.30,0.53,0.40,0.45,0.75,0.10,0.60,0.35,0.30,0.25,0.65,0.50,0.85,0.50,0.30,0.70,0.65,,,,0.70,,
20260401,21,AQI,71,53,109,62,60,80,82,36,39,64,91,86,79,61,56,65,69,93,101,60,71,54,116,171,60,78,56,56,63,96,93,90,99,31,48,42,26,44,37,50,22,29,34,18,78,33,33,52,97,109,50,60,60,34,41,51,45,54,63,29,28,27,46,43,45,34,22,41,30,66,67,34,40,44,55,48,51,48,74,65,42,57,28,99,96,114,80,83,60,95,79,46,61,126,74,74,25,38,29,34,29,29,18,46,27,34,33,23,42,53,57,41,64,66,53,77,60,71,56,242,62,89,63,68,70,52,51,169,66,89,61,44,35,36,47,46,37,56,47,49,38,55,43,29,24,43,51,45,29,38,61,57,64,56,72,60,53,43,56,124,,,,,,,,,,,,,,,,,,,,,,,,,,,,,,48,29,33,64,46,62,42,47,61,53,59,23,60,34,,18,29,61,94,101,41,120,148,96,95,86,47,68,89,28,73,31,91,146,41,133,23,58,64,57,72,55,37,84,58,60,49,52,50,56,34,21,18,22,38,58,32,42,54,30,35,38,52,53,130,86,76,53,53,58,47,53,57,56,48,64,40,37,55,52,41,31,61,33,48,44,30,54,43,41,36,44,52,48,37,36,41,20,29,47,45,45,45,49,57,56,68,28,43,36,29,,20,27,43,23,28,53,41,39,,24,46,42,29,72,86,44,71,56,81,34,86,49,29,20,31,31,30,,37,19,58,53,54,56,67,46,64,65,64,,60,,50,,53,39,33,39,45,38,21,52,60,60,64,73,51,50,76,100,78,76,106,57,54,27,65,49,,,,46,,
20260401,21,PM2.5,24,10,54,22,21,59,20,20,11,16,23,30,58,32,37,41,23,69,76,43,52,38,88,130,43,57,29,35,45,72,69,67,74,15,30,23,17,28,24,32,14,15,20,7,51,3,4,30,31,82,34,43,33,19,21,36,25,38,45,14,13,14,32,24,23,15,9,26,6,36,37,24,14,22,29,32,30,24,31,43,27,29,3,74,18,49,11,20,32,19,14,23,38,96,30,10,11,8,19,24,15,11,12,32,13,12,12,10,27,24,28,29,23,31,37,46,40,40,40,192,33,66,45,49,51,17,27,128,48,66,35,21,23,25,28,31,25,33,33,34,26,29,28,16,14,19,36,22,11,19,33,31,29,33,27,37,21,18,24,53,,,,,,,,,,,,,,,,,,,,,,,,,,,,,,30,14,7,30,20,35,15,28,25,23,34,10,24,14,,5,10,44,70,76,26,91,113,72,71,64,24,45,66,7,53,20,68,112,16,101,5,34,43,32,50,37,26,62,32,40,32,27,29,40,3,13,9,10,3,41,19,19,31,14,11,17,32,29,99,64,56,37,32,36,33,30,37,39,25,46,28,26,39,32,24,13,44,18,29,31,21,29,20,25,14,27,31,26,26,25,29,14,15,20,19,15,19,26,10,28,37,17,30,23,9,,5,19,28,15,8,37,29,27,,13,30,22,15,42,64,31,52,34,60,24,64,34,9,5,8,8,21,,3,5,40,22,21,25,28,24,34,27,21,,30,,21,,24,,21,16,24,20,3,18,28,22,31,34,25,35,27,49,32,23,42,33,27,15,37,21,,,,26,,
20260401,21,PM2.5_24h,19,39,38,26,17,68,39,9,8,36,57,64,55,18,10,29,30,44,62,45,70,43,67,101,62,78,42,54,65,76,81,84,85,13,21,7,21,26,26,8,18,10,11,4,55,4,15,23,68,61,50,36,34,8,14,19,10,15,15,6,10,5,10,24,18,20,11,22,7,27,30,23,25,24,26,26,15,13,20,35,19,20,15,91,91,80,41,65,63,30,40,65,69,85,32,23,7,14,19,21,4,11,7,18,5,12,12,4,23,36,10,20,16,25,12,33,37,45,21,81,11,49,25,41,57,22,42,63,38,47,34,20,29,32,27,14,13,15,14,12,22,23,18,20,6,10,23,19,15,17,32,25,17,24,27,29,23,16,12,46,,,,,,,,,,,,,,,,,,,,,,,,,,,,,,31,45,13,17,14,20,21,16,17,13,18,9,15,9,,6,9,15,36,35,12,35,37,35,39,29,21,32,61,66,72,23,60,50,23,82,7,69,62,47,55,51,11,73,51,58,43,32,25,31,6,4,3,4,10,25,29,19,29,8,13,23,19,18,47,47,41,59,54,40,37,36,29,18,36,23,35,39,27,22,32,13,23,16,26,17,16,16,23,17,8,11,12,11,9,12,11,8,13,17,19,14,14,19,14,23,13,13,17,17,10,,4,13,20,17,12,23,16,20,,12,29,20,8,40,40,24,47,31,57,19,44,32,11,8,5,4,14,,3,5,22,17,15,17,27,22,26,35,18,,22,,16,,22,20,10,12,12,16,7,13,27,27,16,30,15,27,25,56,59,45,52,29,10,3,32,32,,,,33,,
20260401,21,PM10,91,56,167,74,70,99,114,36,39,78,132,121,94,72,62,80,88,83,122,59,81,56,123,194,66,87,61,61,58,108,101,79,91,31,48,42,26,44,37,50,22,29,34,18,106,11,10,54,144,107,50,61,69,34,41,51,45,52,57,28,28,27,38,43,45,34,22,41,13,82,83,31,40,44,60,48,51,48,97,79,42,64,21,105,142,177,109,115,70,139,108,46,72,121,97,98,20,18,29,33,29,18,15,44,21,,22,23,42,56,64,41,77,81,51,103,70,92,54,270,73,89,76,79,89,53,51,148,64,99,71,44,35,36,47,46,37,62,39,48,38,60,43,29,24,43,51,45,29,38,72,64,78,61,93,70,55,43,61,197,,,,,,,,,,,,,,,,,,,,,,,,,,,,,,48,28,17,78,46,73,42,47,71,55,67,20,70,34,,17,28,71,91,91,41,97,123,121,118,83,47,86,80,28,68,31,74,163,41,131,15,66,78,64,93,59,37,80,66,69,49,53,50,60,11,21,17,14,14,58,30,42,57,30,35,38,53,56,133,106,78,43,55,66,46,55,64,62,48,69,37,,59,53,35,31,51,33,48,40,28,58,43,41,36,44,54,48,34,35,38,15,29,47,45,45,45,49,64,61,86,28,43,36,24,,13,26,43,19,28,56,41,37,,,46,42,25,93,88,42,64,61,98,31,86,40,15,12,23,27,29,,9,16,65,55,57,61,83,46,77,80,77,,69,,50,,56,,24,32,45,33,18,53,70,70,77,96,51,45,101,149,106,102,162,63,57,,79,49,,,,46,,
20260401,21,PM10_24h,50,85,91,76,77,93,104,29,25,85,124,122,92,46,23,92,81,91,104,57,89,50,98,139,87,107,62,83,69,102,112,100,89,21,31,17,26,37,35,14,23,16,17,11,98,12,21,35,126,80,64,51,48,14,26,26,17,22,26,12,17,10,17,43,34,33,26,37,16,70,61,38,64,57,39,36,34,41,94,60,70,68,18,116,159,120,115,131,99,87,96,84,96,113,55,94,12,24,28,32,10,21,9,28,8,23,25,17,37,58,37,48,51,75,31,96,116,128,65,118,39,70,61,58,84,39,68,81,51,76,63,44,44,38,36,27,19,28,23,20,34,49,28,31,13,29,46,34,27,30,68,58,51,55,68,90,79,48,44,195,,,,,,,,,,,,,,,,,,,,,,,,,,,,,,54,62,22,54,54,55,53,40,62,50,83,21,49,26,,21,44,63,125,106,54,90,81,74,82,78,71,49,94,105,107,36,87,87,42,103,13,94,84,75,95,64,22,97,79,73,60,51,36,38,15,14,9,10,13,31,37,29,32,16,26,32,31,28,69,73,62,72,69,69,50,62,50,40,66,39,58,56,39,33,58,24,34,27,35,23,22,26,39,19,22,23,26,21,17,26,19,15,24,35,39,35,27,37,44,39,40,20,28,24,21,,14,17,34,21,22,36,22,30,,15,41,36,16,81,53,35,60,45,77,26,61,45,20,17,17,16,18,,8,10,45,52,33,44,73,52,79,93,49,,56,,49,,58,45,21,31,35,36,25,24,80,78,48,107,50,54,89,171,194,179,220,76,40,13,70,70,,,,52,,
20260401,21,SO2,5,7,3,3,8,5,4,8,2,3,5,5,6,6,9,9,7,9,10,7,6,6,5,11,8,5,5,6,6,11,6,7,4,6,5,5,6,5,5,7,6,3,5,4,6,4,3,7,9,6,4,7,5,6,6,5,7,4,6,5,6,9,5,6,9,5,5,4,5,5,10,12,6,7,4,7,13,6,11,9,7,13,3,11,12,10,8,10,8,6,4,4,6,10,7,6,10,6,6,12,9,6,6,9,7,3,5,7,5,5,13,8,7,7,10,21,9,9,9,16,7,6,9,7,7,5,9,5,9,11,5,12,7,10,6,9,8,4,13,9,4,8,8,18,11,6,7,6,7,4,6,5,3,6,7,14,25,10,6,9,,,,,,,,,,,,,,,,,,,,,,,,,,,,,,5,2,4,5,5,10,6,7,7,10,17,5,9,5,,6,9,13,10,8,7,10,9,10,10,1,7,6,9,8,7,6,6,11,9,11,7,5,8,6,7,6,4,7,6,4,5,6,4,5,3,5,3,8,5,5,4,5,5,3,8,8,8,9,11,13,3,6,6,6,3,5,7,8,12,9,5,4,6,5,4,9,7,14,10,7,6,4,4,4,6,8,7,10,9,17,6,5,6,8,2,6,8,6,9,7,6,7,9,6,4,,6,8,5,10,4,13,6,3,,5,6,7,9,9,7,4,5,4,9,5,5,6,6,6,9,7,14,,6,6,5,3,7,24,25,11,11,4,9,,6,,7,,5,9,6,10,15,10,7,,5,9,9,4,8,9,5,4,7,3,1,8,7,5,17,9,,,,7,,
20260401,21,SO2_24h,3,10,3,8,11,7,4,3,3,5,9,7,10,7,8,11,9,8,9,6,7,5,7,11,8,6,7,8,6,9,7,8,5,6,6,5,6,5,5,5,6,3,3,4,6,4,3,8,8,8,5,7,8,6,5,6,6,5,7,5,6,7,5,7,9,5,6,4,4,5,12,12,13,7,5,6,10,7,10,9,5,13,3,13,12,7,14,16,9,10,9,7,6,11,7,11,8,7,11,12,7,6,6,7,6,4,5,8,5,5,11,10,7,10,8,15,9,9,10,13,5,5,6,8,8,6,12,6,8,10,5,12,6,7,7,8,8,5,8,8,4,7,9,9,10,6,4,7,8,6,6,4,2,6,8,16,18,15,6,10,,,,,,,,,,,,,,,,,,,,,,,,,,,,,,5,3,4,6,8,10,9,7,8,15,7,5,10,8,,5,9,8,10,9,6,7,7,11,10,2,4,7,9,11,11,6,6,9,6,8,10,6,8,7,8,6,4,7,6,4,5,5,4,5,3,7,3,5,5,6,7,2,5,3,7,8,8,9,10,11,4,6,6,6,3,4,9,7,12,9,5,4,5,5,6,7,7,11,6,6,5,4,4,4,9,7,5,8,6,15,6,7,8,8,9,8,8,6,10,6,5,7,9,5,5,,6,6,5,19,4,11,7,3,,5,6,6,9,9,6,4,5,5,9,5,5,7,6,5,9,8,12,,6,6,6,7,8,8,14,12,10,5,8,,5,,7,,4,12,7,10,11,15,8,15,9,10,9,4,8,8,4,4,11,5,3,8,6,5,15,11,,,,7,,
20260401,21,NO2,21,31,22,11,19,22,21,19,32,16,20,23,14,19,38,29,18,55,50,61,44,59,35,48,20,47,37,40,47,30,35,26,23,55,60,22,32,21,61,25,19,52,17,15,49,15,12,42,43,21,17,65,52,42,40,30,47,35,36,27,24,37,17,9,32,18,13,9,15,59,70,19,24,20,46,37,46,34,24,29,19,49,15,32,22,38,17,33,28,35,18,19,29,48,32,13,18,8,12,19,31,12,19,24,23,10,11,22,11,17,31,10,25,18,34,26,24,33,37,62,12,30,16,67,68,36,17,23,30,18,19,17,22,20,50,15,32,32,18,30,4,35,21,14,19,21,23,41,8,7,37,34,70,28,89,15,14,38,13,17,,,,,,,,,,,,,,,,,,,,,,,,,,,,,,11,17,17,11,17,21,9,18,29,23,30,8,20,17,,16,8,38,31,42,35,46,51,15,17,38,18,11,19,8,18,12,16,28,19,41,3,44,30,17,31,25,13,18,18,28,15,14,34,37,12,32,16,12,12,19,16,29,42,28,35,18,15,30,23,27,30,22,19,28,14,14,14,18,8,36,13,14,30,25,15,12,37,15,12,35,19,33,20,16,52,17,22,29,29,15,29,11,19,10,39,31,18,31,38,39,75,19,34,10,3,,11,11,11,7,22,16,11,23,,4,8,15,9,15,14,7,8,9,8,8,24,13,8,11,7,4,17,,1,6,38,49,26,39,27,20,16,13,42,,29,,11,,11,8,4,2,13,1,38,,28,24,57,29,14,16,18,16,9,11,5,25,17,6,18,13,,,,7,,
20260401,21,NO2_24h,17,40,17,20,20,24,27,9,13,25,33,31,15,29,13,21,23,25,22,37,28,29,44,32,25,34,30,28,31,35,26,23,14,18,25,19,17,18,20,15,13,20,12,11,30,13,16,21,39,27,20,23,30,17,20,22,19,21,26,17,12,14,13,9,24,26,17,18,7,37,35,15,25,25,24,22,23,25,17,21,10,26,14,27,35,27,38,48,20,31,35,20,30,40,28,28,14,11,13,16,11,9,7,15,13,8,12,14,13,17,15,22,26,36,11,20,23,29,18,28,6,25,10,34,39,27,30,23,20,16,18,19,21,17,20,11,15,14,11,12,10,24,21,11,17,15,31,21,12,10,28,23,31,17,35,18,14,22,9,21,,,,,,,,,,,,,,,,,,,,,,,,,,,,,,11,14,16,22,17,26,25,19,30,17,7,6,10,12,,9,6,14,19,15,12,17,22,21,25,10,10,14,20,19,22,7,18,17,8,20,2,22,16,19,26,23,8,14,13,15,14,10,21,17,13,11,8,6,16,13,14,16,10,11,15,15,7,13,14,18,21,20,22,21,13,14,12,13,13,12,13,8,9,11,19,9,22,17,14,23,16,18,23,10,16,11,13,15,15,14,16,7,9,9,24,24,20,30,30,20,36,11,19,11,8,,14,8,13,9,16,13,6,13,,8,8,13,8,18,12,13,8,8,15,9,17,18,9,9,3,4,8,,2,3,20,44,13,19,33,29,17,17,21,,15,,12,,23,9,2,2,14,5,24,3,19,28,22,18,9,24,15,25,17,32,15,28,11,5,20,19,,,,8,,
20260401,21,O3,79,65,90,48,74,106,69,73,43,75,72,73,106,93,62,77,89,45,54,73,71,69,99,92,98,77,84,87,73,93,83,70,86,45,55,118,71,101,70,121,67,39,89,58,71,106,107,78,64,96,113,59,57,69,101,120,92,92,101,92,90,86,89,73,46,90,68,93,95,47,50,98,85,113,64,79,74,80,71,79,61,42,90,113,83,97,75,64,93,71,74,100,93,59,71,99,79,120,72,44,38,92,58,73,85,110,107,74,97,107,61,118,96,96,63,73,84,67,55,63,78,90,87,62,38,81,108,118,99,117,94,106,84,88,56,125,26,48,57,69,60,67,80,93,68,76,81,52,67,100,73,75,16,68,9,88,102,63,117,79,,,,,,,,,,,,,,,,,,,,,,,,,,,,,,123,94,105,140,74,88,123,84,77,80,60,75,79,80,,59,94,50,68,48,53,50,43,104,100,52,60,89,96,76,74,56,111,116,57,79,72,78,90,98,67,92,66,99,102,84,106,90,77,75,109,38,56,71,120,65,102,91,66,72,71,106,103,66,117,86,87,83,92,69,100,96,104,99,100,97,107,,100,77,131,75,55,92,127,48,93,23,105,36,21,77,78,65,40,91,55,46,90,109,50,47,87,69,72,48,8,63,54,88,94,,63,78,78,72,52,63,80,39,,76,82,75,93,73,87,95,106,71,113,91,55,61,94,65,99,100,85,,118,62,50,60,48,71,86,97,84,98,58,,86,,93,,94,126,107,124,110,122,67,,73,84,49,97,81,129,126,95,115,115,107,106,89,87,132,104,,,,62,,
20260401,21,O3_24h,79,65,90,48,74,106,69,73,43,75,72,73,106,93,62,77,89,45,54,73,71,69,99,92,98,77,84,87,73,93,83,70,86,45,55,118,71,101,70,121,67,39,89,58,71,106,107,78,64,96,113,59,57,69,101,120,92,92,101,92,90,86,89,73,46,90,68,93,95,47,50,98,85,113,64,79,74,80,71,79,61,42,90,113,83,97,75,64,93,71,74,100,93,59,71,99,79,120,72,44,38,92,58,73,85,110,107,74,97,107,61,118,96,96,63,73,84,67,55,63,78,90,87,62,38,81,108,118,99,117,94,106,84,88,56,125,26,48,57,69,60,67,80,93,68,76,81,52,67,100,73,75,16,68,9,88,102,63,117,79,,,,,,,,,,,,,,,,,,,,,,,,,,,,,,123,94,105,140,74,88,123,84,77,80,60,75,79,80,,59,94,50,68,48,53,50,43,104,100,52,60,89,96,76,74,56,111,116,57,79,72,78,90,98,67,92,66,99,102,84,106,90,77,75,109,38,56,71,120,65,102,91,66,72,71,106,103,66,117,86,87,83,92,69,100,96,104,99,100,97,107,,100,77,131,75,55,92,127,48,93,23,105,36,21,77,78,65,40,91,55,46,90,109,50,47,87,69,72,48,8,63,54,88,94,,63,78,78,72,52,63,80,39,,76,82,75,93,73,87,95,106,71,113,91,55,61,94,65,99,100,85,,118,62,50,60,48,71,86,97,84,98,58,,86,,93,,94,126,107,124,110,122,67,,73,84,49,97,81,129,126,95,115,115,107,106,89,87,132,104,,,,62,,
20260401,21,O3_8h,95,80,102,84,86,146,104,98,86,96,88,116,127,106,97,105,97,109,101,139,138,140,151,155,128,140,140,139,150,141,114,119,131,118,129,117,125,143,145,125,134,114,112,95,128,118,126,124,141,122,140,144,137,121,150,150,143,152,160,118,107,126,101,75,81,120,75,104,108,113,114,108,112,124,146,132,108,115,90,123,93,89,106,145,131,150,98,139,137,88,108,137,133,135,110,98,98,126,61,51,96,101,98,76,121,112,120,117,107,134,90,121,124,106,101,94,102,98,91,132,89,101,94,136,130,137,128,144,136,131,122,120,113,99,129,124,86,103,85,107,69,115,100,105,85,100,120,95,77,113,117,120,110,117,115,120,111,107,121,96,,,,,,,,,,,,,,,,,,,,,,,,,,,,,,130,125,130,137,87,111,125,94,111,110,89,87,109,93,,90,109,95,106,100,94,97,109,128,122,92,95,130,111,88,109,79,97,110,83,127,79,136,123,133,121,124,119,124,122,130,131,122,139,141,129,103,112,108,117,118,130,136,134,110,132,135,132,127,137,138,135,120,123,112,125,123,140,114,123,138,124,145,148,134,134,91,114,106,136,120,111,78,114,86,95,92,92,98,76,105,115,80,124,122,105,97,102,94,107,101,87,80,120,101,106,,75,93,80,81,82,82,82,71,,75,103,96,95,114,102,103,109,104,134,95,91,50,94,88,106,108,98,,120,86,110,114,102,103,113,113,112,112,109,,116,,93,,111,134,120,128,133,131,105,158,110,111,114,122,111,135,130,105,116,115,114,115,105,95,140,115,,,,76,,
20260401,21,O3_8h_24h,94,78,101,76,85,142,99,93,79,95,84,112,125,105,93,101,97,96,90,130,128,128,138,139,122,128,132,130,132,132,110,110,122,104,114,117,116,138,129,125,120,102,111,90,119,118,122,120,120,116,137,131,128,115,147,150,138,151,158,113,105,123,100,75,74,117,74,101,108,108,108,107,110,124,132,125,104,107,87,113,89,78,105,137,120,141,90,115,123,83,95,129,125,120,84,98,97,126,64,50,85,101,92,76,115,112,119,111,105,129,86,121,123,106,94,92,100,93,83,118,86,100,92,123,115,123,127,144,131,130,116,119,110,99,118,124,71,97,82,104,63,108,99,102,85,99,115,90,77,113,113,113,90,112,106,116,110,102,121,93,,,,,,,,,,,,,,,,,,,,,,,,,,,,,,129,123,128,137,86,108,125,94,106,107,82,85,107,92,,82,108,87,100,93,88,90,103,122,116,86,83,124,100,84,96,73,97,110,72,108,78,124,119,130,114,122,107,120,120,125,126,116,128,131,126,90,97,99,117,109,128,131,124,103,120,132,127,117,136,129,130,116,119,105,121,117,135,113,121,133,122,145,144,122,133,88,110,106,136,107,111,69,113,79,80,90,90,91,61,104,105,76,121,122,99,85,100,93,105,94,64,80,107,100,105,,75,93,80,79,81,80,81,68,,75,101,93,95,104,102,103,108,99,129,94,89,49,94,85,106,107,97,,120,81,103,106,94,98,111,109,108,110,105,,112,,93,,110,133,119,128,132,131,102,158,106,109,106,121,107,135,130,105,116,115,114,115,105,92,140,114,,,,74,,
20260401,21,CO,0.44,0.40,0.46,0.60,0.35,0.55,0.37,0.50,0.30,0.33,0.30,0.33,0.60,0.48,0.48,0.58,0.42,0.65,0.79,0.68,0.86,0.87,0.87,1.19,0.46,0.70,0.87,0.69,0.68,0.77,0.70,0.84,0.48,0.71,0.60,0.40,0.45,0.77,0.68,0.43,0.55,0.67,0.50,0.50,0.79,0.35,0.43,0.68,0.72,1.13,0.46,0.70,0.90,0.82,0.70,0.73,0.73,0.75,0.73,0.73,0.68,0.57,0.64,0.57,0.65,0.43,0.43,0.46,0.45,0.76,0.63,0.45,0.38,0.37,0.57,0.85,0.57,0.42,0.58,0.75,0.37,0.60,0.50,0.63,0.46,0.73,0.28,0.43,0.64,0.38,0.27,0.47,0.43,1.54,0.50,0.43,0.67,0.70,0.70,0.90,0.85,0.60,0.55,0.83,0.70,0.60,0.73,0.70,0.50,0.40,0.56,0.50,0.57,0.62,0.62,1.18,0.55,0.56,0.66,1.60,0.45,0.63,0.38,0.75,0.87,0.72,0.49,0.65,0.65,0.80,0.45,0.40,0.40,0.63,0.85,0.90,0.65,0.80,0.85,0.73,0.45,0.57,0.72,1.32,0.80,0.50,0.57,0.50,0.42,0.47,0.73,0.60,0.65,0.48,0.50,0.40,1.00,0.58,0.46,0.35,,,,,,,,,,,,,,,,,,,,,,,,,,,,,,0.35,0.40,0.55,0.43,0.33,0.40,0.45,0.47,0.33,0.27,0.67,0.20,0.45,0.30,,0.30,0.50,0.68,0.73,0.65,0.60,0.70,1.10,0.80,0.85,0.50,0.40,0.40,0.63,0.30,0.43,0.38,0.35,0.77,0.40,0.75,0.15,0.47,0.50,0.45,0.68,0.63,0.50,0.60,0.60,0.37,0.45,0.17,0.90,0.50,0.67,0.63,0.75,0.65,0.45,0.73,0.57,0.65,0.60,0.56,1.00,1.02,0.83,0.80,0.86,0.58,0.60,0.35,0.50,0.68,0.37,0.30,0.75,0.83,0.70,0.67,0.65,0.50,0.50,0.70,0.60,0.40,1.24,0.70,1.00,0.55,0.50,0.55,0.60,0.55,0.35,0.70,0.73,0.77,0.83,0.55,1.00,0.60,0.55,0.60,0.53,0.70,0.47,0.57,0.70,0.90,1.10,0.45,0.75,0.50,0.20,,0.35,0.50,0.47,0.63,0.70,0.65,0.65,0.75,,0.50,0.30,0.30,0.50,0.80,0.90,0.50,0.40,0.55,0.70,0.45,0.90,0.50,0.50,0.65,0.30,0.30,0.70,,0.25,0.60,0.67,0.60,0.50,0.70,0.35,0.35,0.40,0.40,0.55,,0.60,,0.70,,0.35,0.50,0.50,0.20,0.30,0.40,0.50,,0.43,0.35,0.65,0.95,0.60,0.40,0.40,0.25,0.25,0.30,0.40,0.70,0.30,0.20,0.70,0.45,,,,0.75,,
20260401,21,CO_24h,0.38,0.66,0.48,0.64,0.50,0.73,0.40,0.33,0.30,0.50,0.47,0.47,0.80,0.48,0.36,0.71,0.58,0.50,0.58,0.62,0.82,0.69,0.85,0.97,0.58,0.80,0.89,0.71,0.80,0.77,0.72,0.84,0.55,0.53,0.44,0.33,0.40,0.67,0.57,0.40,0.50,0.53,0.40,0.45,0.71,0.40,0.40,0.62,0.77,0.79,0.53,0.54,0.80,0.70,0.64,0.60,0.57,0.55,0.57,0.70,0.52,0.50,0.59,0.52,0.58,0.54,0.60,0.51,0.42,0.43,0.73,0.70,0.58,0.46,0.63,0.67,0.54,0.36,0.60,0.60,0.33,0.50,0.60,0.64,0.76,0.70,0.58,0.82,0.70,0.47,0.50,0.65,0.62,1.16,0.50,0.60,0.67,0.75,0.67,0.87,0.70,0.55,0.50,0.67,0.55,0.50,0.70,0.55,0.43,0.40,0.60,0.48,0.55,0.66,0.40,1.02,0.63,0.90,0.48,1.03,0.36,0.60,0.27,0.72,0.77,0.68,0.64,0.63,0.60,0.67,0.50,0.38,0.40,0.57,0.70,0.82,0.50,0.70,0.73,0.59,0.50,0.55,0.75,0.75,0.70,0.50,0.50,0.40,0.48,0.60,0.53,0.45,0.45,0.40,0.40,0.50,0.87,0.60,0.36,0.40,,,,,,,,,,,,,,,,,,,,,,,,,,,,,,0.35,0.40,0.55,0.60,0.33,0.30,0.90,0.37,0.33,0.40,0.47,0.20,0.40,0.33,,0.25,0.50,0.45,0.73,0.50,0.47,0.40,0.60,0.70,0.95,0.45,0.35,0.40,0.60,0.73,0.67,0.43,0.40,0.50,0.35,0.65,0.25,0.57,0.56,0.55,0.75,0.63,0.45,0.65,0.62,0.43,0.45,0.17,0.88,0.37,0.67,0.83,0.60,0.60,0.45,0.70,0.80,0.68,0.55,0.50,0.90,0.85,0.78,0.60,0.68,0.53,0.55,0.50,0.60,0.63,0.40,0.37,1.00,0.67,0.72,0.57,0.52,0.50,0.50,0.60,0.70,0.50,1.02,0.75,0.90,0.45,0.53,0.40,0.75,0.35,0.30,0.57,0.70,0.63,0.63,0.50,0.80,0.60,0.75,0.60,0.67,0.60,0.40,0.57,0.55,0.70,0.47,0.40,0.65,0.45,0.20,,0.30,0.45,0.47,0.60,0.60,0.55,0.50,0.65,,0.65,0.30,0.30,0.55,0.65,0.60,0.50,0.50,0.50,0.75,0.40,0.65,0.70,0.55,0.50,0.30,0.30,0.50,,0.25,0.55,0.53,0.43,0.40,0.45,0.60,0.45,0.30,0.40,0.40,,0.40,,0.75,,0.45,0.70,0.40,0.30,0.40,0.40,0.50,0.30,0.53,0.40,0.45,0.75,0.10,0.60,0.35,0.30,0.25,0.65,0.50,0.85,0.50,0.30,0.70,0.65,,,,0.75,,
20260401,22,AQI,68,53,96,63,65,84,80,42,46,60,86,82,85,61,73,67,68,100,120,69,75,59,124,183,64,89,58,62,69,103,94,93,100,38,50,39,27,48,43,49,34,29,38,16,77,33,32,56,94,108,49,65,62,37,41,56,44,55,64,30,28,29,51,41,49,37,26,44,29,73,71,33,51,47,53,52,64,44,79,55,52,65,26,138,90,107,80,84,63,95,78,51,63,129,78,73,24,36,26,32,28,28,17,50,25,36,31,31,45,52,64,46,63,63,54,81,74,70,69,257,61,95,61,73,75,49,60,130,63,89,59,47,35,40,54,49,36,55,54,55,37,58,46,30,28,49,53,53,28,45,71,64,72,56,66,65,48,53,59,121,,,,,,,,,,,,,,,,,,,,,,,,,,,,,,49,46,31,64,46,69,41,45,62,54,60,23,54,33,,19,31,61,90,113,66,126,154,86,110,95,40,59,108,27,70,32,134,186,38,138,23,58,64,58,72,56,42,83,61,58,52,53,52,54,33,20,15,27,35,51,30,45,55,33,42,40,52,55,144,86,80,52,52,55,53,53,61,58,45,66,39,36,66,41,45,32,74,39,51,44,56,52,47,36,25,48,52,51,40,35,41,24,35,33,41,73,47,53,51,56,58,32,44,36,29,,19,31,44,22,28,49,47,39,,24,50,41,30,78,81,42,71,54,70,34,84,46,28,19,33,30,30,,36,18,58,58,54,43,81,44,69,63,61,,52,,51,,39,69,34,34,44,37,32,47,62,67,83,89,178,58,80,119,80,74,121,76,41,24,66,54,,,,47,,
20260401,22,PM2.5,21,9,38,26,21,62,22,20,12,18,22,24,62,31,53,44,23,75,91,50,55,42,94,138,46,66,30,41,50,77,70,69,75,18,32,23,17,31,28,31,24,15,23,6,53,3,5,34,31,81,31,47,36,21,21,40,28,39,46,15,12,14,36,23,24,14,8,25,6,40,29,23,16,25,32,35,46,20,37,27,30,38,5,105,16,39,12,21,38,20,16,32,41,98,34,12,10,5,16,20,14,12,11,33,13,7,8,14,30,22,33,29,24,32,37,52,54,47,50,207,33,71,44,53,55,18,37,99,45,66,37,18,23,25,38,34,25,35,38,38,26,34,30,17,18,24,36,21,14,23,37,34,35,32,21,39,19,20,27,56,,,,,,,,,,,,,,,,,,,,,,,,,,,,,,30,32,7,39,19,32,12,25,24,17,39,13,21,17,,3,8,43,67,85,48,96,118,64,83,71,23,37,81,9,51,19,102,140,16,105,5,36,45,35,52,40,28,61,36,40,35,29,30,38,3,14,9,12,3,29,15,22,34,13,18,16,36,31,110,64,59,32,31,36,37,34,44,41,22,48,27,25,46,27,29,22,54,27,36,23,36,28,21,24,9,31,31,35,27,13,24,14,20,22,18,24,21,31,13,31,28,20,30,25,8,,9,22,28,10,9,34,22,24,,8,35,19,14,57,60,26,52,38,51,24,62,32,8,6,6,5,18,,3,3,37,24,21,18,31,22,43,28,29,,25,,20,,21,19,24,20,26,24,13,14,25,28,40,60,31,41,30,58,38,28,48,56,29,9,48,31,,,,26,,
20260401,22,PM2.5_24h,18,37,38,26,17,68,38,10,8,35,55,62,56,19,12,29,30,43,60,46,68,42,69,103,60,77,40,53,64,76,80,85,83,13,21,8,21,25,26,9,19,11,12,4,54,4,14,24,65,63,48,37,33,8,14,20,11,16,16,6,9,6,11,24,19,20,11,22,7,27,30,23,25,24,26,26,17,13,20,35,19,20,14,91,87,78,40,64,60,30,39,62,67,88,32,23,7,13,19,21,4,11,7,18,5,12,11,5,23,34,11,20,16,26,12,34,36,45,21,85,11,50,24,41,55,22,42,64,36,47,33,20,28,32,27,14,14,16,15,13,22,23,19,20,6,10,24,19,15,17,33,25,18,24,27,29,23,16,13,46,,,,,,,,,,,,,,,,,,,,,,,,,,,,,,30,43,12,18,13,20,20,16,17,13,17,9,15,10,,6,9,15,38,36,12,36,40,36,41,29,20,33,63,62,69,22,60,55,21,79,7,67,60,46,54,50,12,72,50,57,41,31,25,31,6,5,3,5,9,26,29,20,30,8,13,23,20,19,51,48,41,58,51,39,35,34,30,19,36,24,34,38,27,22,32,13,24,16,26,17,17,16,23,17,8,12,13,13,10,13,12,9,13,17,19,14,14,19,14,23,14,13,17,17,10,,4,14,20,16,12,23,17,21,,11,29,21,8,41,40,24,48,31,57,20,45,32,11,8,5,4,14,,3,5,22,17,15,17,26,22,27,35,18,,22,,16,,21,20,10,12,12,16,7,13,27,27,17,31,16,28,25,56,57,43,51,30,10,3,33,32,,,,33,,
20260401,22,PM10,85,55,142,76,79,97,109,42,46,70,122,114,119,71,78,84,85,90,132,69,84,62,128,179,70,94,65,73,65,105,102,87,93,38,50,39,27,48,43,49,32,29,38,16,104,24,11,62,138,106,49,70,74,37,41,58,44,44,58,30,25,29,43,41,49,37,26,44,15,95,91,33,51,47,56,54,67,44,107,60,53,79,18,147,130,164,109,117,76,140,106,51,76,136,105,96,20,16,26,32,28,,15,50,21,,17,31,45,53,77,46,75,75,57,111,79,89,67,300,71,89,70,81,94,49,69,123,64,95,68,47,35,40,58,47,30,60,50,60,36,65,46,30,28,49,56,55,28,45,91,78,94,62,82,80,48,55,68,191,,,,,,,,,,,,,,,,,,,,,,,,,,,,,,49,,18,78,46,87,41,45,74,57,70,16,58,33,,15,26,72,95,99,75,108,139,119,120,89,40,67,98,27,53,32,,202,38,147,16,66,78,65,94,59,42,81,72,65,53,56,54,54,9,20,15,27,9,51,28,45,59,33,42,40,54,59,144,102,90,54,53,60,50,55,70,57,45,74,32,,81,41,45,32,70,37,40,44,62,54,47,36,23,48,54,52,40,35,41,24,35,33,41,95,47,55,51,61,65,32,44,36,23,,12,28,44,19,28,46,47,39,,7,38,41,25,101,70,42,64,52,80,28,89,46,13,18,18,21,29,,13,14,66,65,57,43,112,44,88,76,72,,54,,52,,39,88,33,33,44,32,32,47,74,83,115,127,305,66,110,187,109,98,192,96,39,13,78,58,,,,47,,
20260401,22,PM10_24h,50,83,94,77,77,94,105,27,26,84,125,122,92,48,26,93,82,89,101,58,88,49,101,142,85,106,62,82,68,102,111,100,88,21,32,18,26,37,35,16,24,16,18,11,97,12,20,36,125,82,63,51,48,15,26,27,19,23,27,12,16,11,18,43,35,33,26,37,16,71,62,37,63,56,40,37,36,41,96,60,70,69,18,117,158,122,117,132,96,90,98,82,94,116,57,97,13,23,28,32,10,20,10,28,9,22,24,18,37,55,39,48,52,75,32,98,115,127,65,124,39,70,60,59,83,38,69,82,50,76,63,44,43,37,36,27,19,30,25,22,34,49,30,31,14,30,47,35,27,30,68,58,53,55,70,90,78,47,44,193,,,,,,,,,,,,,,,,,,,,,,,,,,,,,,52,60,21,55,53,55,53,40,62,49,82,20,49,26,,20,43,63,126,106,54,92,83,77,84,78,61,51,96,96,101,35,83,93,40,101,13,92,83,74,94,63,23,94,78,72,58,51,37,39,14,14,9,11,13,32,37,30,34,17,26,32,32,30,74,75,61,71,67,68,48,59,51,40,64,40,55,56,42,34,57,23,35,27,34,25,22,27,39,19,23,24,28,23,18,27,20,16,25,34,39,35,28,38,45,40,41,21,27,23,20,,14,17,35,21,22,36,22,30,,14,41,36,16,81,53,36,62,44,76,26,62,44,20,17,17,15,18,,8,10,46,53,34,44,73,50,78,93,50,,56,,49,,54,46,21,31,35,35,26,23,79,79,50,108,56,55,89,169,189,174,219,77,35,13,70,70,,,,51,,
20260401,22,SO2,4,6,3,3,9,5,4,7,2,4,6,5,6,6,9,10,8,10,11,7,6,6,5,10,8,5,6,8,5,10,6,7,5,6,5,5,7,5,5,6,6,3,5,4,6,4,3,7,9,6,4,7,7,5,6,5,6,4,6,5,6,9,5,6,9,5,6,4,5,5,9,11,10,7,4,7,11,7,9,11,7,14,4,17,11,9,14,11,8,7,4,5,5,15,7,6,10,6,6,9,13,6,6,8,7,3,7,6,7,5,12,9,7,7,20,16,10,9,14,19,6,6,8,7,7,5,10,6,9,10,5,13,7,9,6,10,8,4,11,9,4,7,7,18,10,5,5,6,7,5,5,5,4,6,6,15,27,12,5,9,,,,,,,,,,,,,,,,,,,,,,,,,,,,,,5,2,4,6,5,10,8,10,6,11,14,5,10,5,,5,8,20,10,10,10,7,8,11,10,4,6,6,10,9,6,6,10,13,12,16,7,7,8,6,7,6,4,7,6,4,5,7,4,5,4,4,3,7,5,5,5,4,5,3,8,9,10,9,10,10,4,6,6,8,3,6,10,7,13,12,5,4,8,5,8,7,6,9,8,6,6,4,7,4,7,7,6,9,9,18,6,5,6,10,2,6,8,6,9,7,6,7,9,6,4,,6,7,4,13,4,13,6,3,,4,5,7,9,9,5,4,5,3,9,5,5,7,6,6,8,7,13,,6,6,5,11,6,6,38,11,12,4,8,,5,,7,,4,12,7,10,17,12,9,15,21,10,11,5,8,8,5,4,7,3,1,10,8,5,17,9,,,,7,,
20260401,22,SO2_24h,4,10,3,7,10,7,4,3,3,5,9,7,9,7,8,11,9,8,9,6,7,5,7,11,8,6,7,8,6,9,7,8,5,6,6,5,7,5,5,5,6,3,3,4,6,4,3,8,8,8,5,7,8,6,5,6,6,5,7,5,6,8,5,7,9,5,6,4,4,5,11,12,13,7,5,6,10,7,9,9,5,13,3,13,12,8,14,16,9,10,9,7,6,11,7,11,8,7,11,12,8,6,6,7,6,3,5,8,5,5,11,10,8,10,8,15,9,9,10,13,5,5,6,8,8,6,12,6,8,10,5,12,6,7,7,8,8,5,8,9,4,7,9,9,10,6,4,7,8,6,6,4,2,6,8,17,19,15,6,10,,,,,,,,,,,,,,,,,,,,,,,,,,,,,,5,3,4,6,8,10,9,7,8,15,7,5,10,7,,5,9,9,10,9,6,7,7,11,10,2,4,7,9,11,10,6,6,9,7,8,10,6,8,7,8,6,4,7,6,4,5,5,4,5,3,7,3,5,5,6,6,2,5,3,7,8,8,10,10,11,4,6,6,6,3,4,9,7,12,9,5,4,5,5,6,7,7,11,6,6,5,4,4,4,9,7,5,8,6,15,6,7,8,8,9,8,8,6,10,6,5,7,9,5,5,,6,6,5,18,4,12,7,3,,5,6,6,9,9,6,4,5,5,9,5,5,7,6,5,9,8,12,,6,6,6,7,8,8,15,12,11,5,8,,5,,7,,5,11,7,10,11,15,8,15,9,10,9,4,8,8,4,4,11,5,3,8,6,5,15,11,,,,7,,
20260401,22,NO2,21,34,18,13,48,24,22,16,23,15,25,25,20,20,51,36,18,66,64,73,53,70,31,37,25,49,55,52,51,27,32,32,35,58,68,25,36,35,59,24,35,49,27,13,53,12,13,66,50,18,15,72,62,49,35,31,50,38,36,30,21,38,17,8,36,21,15,9,14,76,75,16,34,29,52,51,75,35,28,20,20,69,16,32,21,34,19,36,27,35,22,21,33,52,31,15,19,8,10,18,30,16,21,28,20,7,12,35,13,17,36,11,20,21,40,29,33,36,50,73,9,38,14,83,76,44,26,26,28,15,23,18,22,21,55,33,28,41,19,33,4,44,27,13,19,34,25,49,8,7,44,48,74,32,66,25,18,55,23,21,,,,,,,,,,,,,,,,,,,,,,,,,,,,,,12,16,20,11,24,23,8,22,55,50,34,7,18,23,,15,5,45,31,47,62,55,51,17,40,33,14,11,20,12,12,12,26,35,15,44,3,57,27,22,28,70,17,18,16,22,14,14,33,42,10,32,20,13,13,18,16,26,58,35,31,23,16,46,22,27,27,26,18,27,14,16,26,20,9,29,12,14,57,16,13,12,44,30,15,35,28,27,24,13,49,22,22,28,29,16,26,16,20,9,47,61,17,45,38,46,68,21,38,13,4,,9,12,10,6,23,14,9,27,,3,8,15,7,14,15,5,7,7,9,8,20,16,8,8,2,5,9,,1,5,30,69,23,27,35,20,56,12,48,,18,,11,,16,18,5,2,15,1,60,7,39,34,64,47,26,41,24,43,30,26,14,87,19,11,25,15,,,,6,,
20260401,22,NO2_24h,17,39,17,20,20,24,27,9,13,24,33,31,15,29,14,22,23,24,23,39,28,31,43,32,25,34,31,29,31,35,26,23,15,20,26,20,17,18,22,16,14,21,13,11,30,13,16,23,39,27,19,25,31,19,21,23,21,22,26,17,12,16,13,9,24,25,17,18,7,38,36,15,26,25,26,23,26,25,17,21,11,27,14,27,34,27,37,47,20,31,35,20,30,41,28,28,14,11,13,16,12,10,8,16,13,8,12,15,13,16,16,21,25,34,12,20,23,28,19,29,6,25,9,36,40,27,30,23,20,16,18,19,21,17,21,11,15,16,11,13,9,24,21,11,17,16,30,22,12,9,29,23,31,17,37,19,13,23,9,20,,,,,,,,,,,,,,,,,,,,,,,,,,,,,,11,14,16,21,16,26,24,19,30,18,8,6,10,12,,10,6,14,19,16,13,18,22,21,25,11,11,15,20,18,20,7,17,18,9,21,2,23,16,19,26,25,8,14,13,15,13,10,22,18,13,12,9,6,16,14,14,16,12,12,16,15,8,14,14,19,21,20,22,21,12,14,13,13,13,13,13,8,11,12,19,9,23,17,13,24,17,18,22,10,18,12,13,16,15,14,16,7,10,9,24,24,19,31,31,20,36,12,20,11,8,,13,8,13,9,16,13,6,13,,7,8,13,8,18,11,13,8,8,15,9,17,18,9,9,3,4,8,,1,3,20,45,13,19,31,28,18,17,22,,15,,12,,21,10,2,2,14,4,25,4,19,28,23,19,9,24,15,24,17,33,15,30,11,5,20,19,,,,8,,
20260401,22,O3,71,59,84,45,40,97,64,75,53,68,68,68,87,87,42,66,86,33,36,56,48,51,89,91,89,71,55,70,58,82,82,57,68,33,42,107,57,71,61,117,51,35,67,50,61,107,101,43,49,95,110,51,44,52,96,115,78,79,91,70,89,66,85,74,35,81,64,94,94,26,40,96,71,92,47,53,38,73,63,90,60,20,84,128,78,87,72,56,92,65,68,98,82,54,69,98,76,115,83,46,33,89,53,65,81,115,98,46,95,99,46,111,92,86,49,65,67,56,34,41,79,63,83,38,22,71,91,93,89,116,82,99,82,86,36,100,23,32,50,54,60,45,63,93,63,49,79,38,66,96,54,46,7,50,31,61,99,41,97,72,,,,,,,,,,,,,,,,,,,,,,,,,,,,,,122,92,99,135,59,83,120,74,38,48,57,75,77,70,,60,99,37,58,39,14,34,28,85,58,59,59,84,95,71,78,59,108,125,57,71,73,67,89,91,61,43,52,94,101,87,104,88,69,67,107,30,44,61,113,56,95,97,34,53,66,90,96,41,109,78,99,74,92,78,100,92,85,76,96,95,110,,70,74,120,66,30,64,120,36,70,22,88,31,15,67,70,63,35,91,51,35,81,91,33,11,85,44,63,35,10,47,40,76,92,,61,71,76,71,50,61,83,27,,78,75,71,96,62,65,99,110,71,105,88,49,49,91,60,105,97,97,,114,59,49,36,41,73,73,97,23,95,34,,99,,89,,85,,95,110,107,119,45,122,55,63,30,74,70,83,96,59,86,88,93,33,79,76,109,91,,,,59,,
20260401,22,O3_24h,71,59,84,45,40,97,64,75,53,68,68,68,87,87,42,66,86,33,36,56,48,51,89,91,89,71,55,70,58,82,82,57,68,33,42,107,57,71,61,117,51,35,67,50,61,107,101,43,49,95,110,51,44,52,96,115,78,79,91,70,89,66,85,74,35,81,64,94,94,26,40,96,71,92,47,53,38,73,63,90,60,20,84,128,78,87,72,56,92,65,68,98,82,54,69,98,76,115,83,46,33,89,53,65,81,115,98,46,95,99,46,111,92,86,49,65,67,56,34,41,79,63,83,38,22,71,91,93,89,116,82,99,82,86,36,100,23,32,50,54,60,45,63,93,63,49,79,38,66,96,54,46,7,50,31,61,99,41,97,72,,,,,,,,,,,,,,,,,,,,,,,,,,,,,,122,92,99,135,59,83,120,74,38,48,57,75,77,70,,60,99,37,58,39,14,34,28,85,58,59,59,84,95,71,78,59,108,125,57,71,73,67,89,91,61,43,52,94,101,87,104,88,69,67,107,30,44,61,113,56,95,97,34,53,66,90,96,41,109,78,99,74,92,78,100,92,85,76,96,95,110,,70,74,120,66,30,64,120,36,70,22,88,31,15,67,70,63,35,91,51,35,81,91,33,11,85,44,63,35,10,47,40,76,92,,61,71,76,71,50,61,83,27,,78,75,71,96,62,65,99,110,71,105,88,49,49,91,60,105,97,97,,114,59,49,36,41,73,73,97,23,95,34,,99,,89,,85,,95,110,107,119,45,122,55,63,30,74,70,83,96,59,86,88,93,33,79,76,109,91,,,,59,,
20260401,22,O3_8h,95,80,102,84,86,146,104,98,86,96,88,116,127,106,97,105,97,109,101,139,138,140,151,155,128,140,140,139,150,141,114,119,131,118,129,119,125,143,145,126,134,114,112,95,128,118,126,124,141,122,140,144,137,121,150,151,143,152,160,118,107,126,101,76,81,120,75,104,108,113,114,109,112,124,146,132,108,115,90,123,93,89,106,145,131,150,98,139,137,88,108,137,133,135,110,99,98,127,64,51,96,101,98,77,121,115,120,117,107,134,90,121,124,106,101,94,102,98,91,132,89,101,94,136,130,137,128,144,136,131,122,120,113,99,129,125,86,103,85,107,69,115,100,105,85,100,120,95,77,113,117,120,110,117,115,120,111,107,121,96,,,,,,,,,,,,,,,,,,,,,,,,,,,,,,130,125,130,138,87,111,125,94,111,110,89,87,109,93,,90,109,95,106,100,94,97,109,128,122,92,95,130,111,88,109,79,98,113,83,127,79,136,123,133,121,124,119,124,122,130,131,122,139,141,129,103,112,108,117,118,130,136,134,110,132,135,132,127,137,138,135,120,123,112,125,123,140,114,123,138,124,145,148,134,134,91,114,106,136,120,111,78,114,86,95,92,92,98,76,105,115,80,124,122,105,97,102,94,107,101,87,81,120,101,106,,75,93,80,81,82,82,82,71,,75,103,96,96,114,102,103,109,104,134,95,91,50,94,88,107,108,98,,120,86,110,114,102,103,113,113,112,112,109,,116,,96,,111,134,120,128,133,131,105,158,110,111,114,122,111,135,130,105,116,115,114,115,105,95,140,115,,,,76,,
20260401,22,O3_8h_24h,92,75,100,70,79,136,93,90,74,91,82,105,120,103,86,96,96,85,83,118,117,116,130,131,116,120,121,121,119,124,107,101,114,95,102,118,107,129,117,124,108,93,105,85,110,118,118,111,107,112,132,119,116,107,142,147,131,144,150,106,103,115,97,76,68,112,73,99,106,98,99,107,104,121,119,113,97,103,84,108,84,69,103,135,111,133,87,102,117,80,89,122,119,108,80,99,94,126,67,49,78,100,86,75,109,115,117,102,103,124,80,120,119,103,87,88,96,88,76,106,85,96,91,110,102,113,122,139,124,128,112,114,105,97,107,123,62,88,78,97,62,99,94,100,84,93,109,81,77,111,106,104,77,105,95,109,109,94,119,92,,,,,,,,,,,,,,,,,,,,,,,,,,,,,,128,118,124,138,83,104,125,91,96,100,78,84,103,89,,79,106,80,94,86,78,81,93,117,108,82,78,118,98,82,89,71,98,113,69,98,77,114,114,124,106,112,99,116,117,118,123,110,120,122,123,80,88,92,116,101,122,127,112,96,111,128,122,107,133,122,126,109,114,100,118,112,129,108,117,128,120,145,134,113,131,83,97,101,134,97,106,61,110,71,69,86,88,85,56,102,96,70,115,119,89,74,98,88,99,84,54,81,97,97,103,,73,90,80,78,78,77,82,62,,75,97,88,96,99,99,103,108,95,124,94,85,49,93,81,107,105,96,,120,78,95,96,85,94,106,106,97,108,96,,110,,95,,107,134,116,126,128,130,95,152,100,102,96,116,102,131,129,102,114,114,113,108,102,92,138,109,,,,71,,
20260401,22,CO,0.39,0.41,0.38,0.57,0.50,0.57,0.33,0.43,0.30,0.33,0.33,0.33,0.60,0.44,0.60,0.61,0.46,0.78,0.93,0.74,0.94,0.91,0.90,1.26,0.44,0.72,0.91,0.76,0.68,0.75,0.68,0.90,0.42,0.76,0.60,0.40,0.49,0.80,0.73,0.50,0.65,0.67,0.60,0.45,0.79,0.35,0.43,0.78,0.71,1.10,0.46,0.70,0.88,0.82,0.70,0.70,0.73,0.75,0.73,0.77,0.65,0.60,0.64,0.57,0.70,0.43,0.43,0.47,0.43,0.83,0.77,0.45,0.42,0.43,0.58,0.95,0.79,0.40,0.60,0.57,0.37,0.75,0.50,1.24,0.44,0.70,0.30,0.47,0.70,0.40,0.28,0.53,0.45,2.20,0.55,0.47,0.67,0.70,0.67,0.97,0.85,0.60,0.55,0.90,0.65,0.60,0.70,0.75,0.57,0.30,0.54,0.60,0.55,0.66,0.74,1.16,0.65,0.58,0.84,1.75,0.40,0.70,0.36,0.80,0.90,0.70,0.57,0.47,0.65,0.70,0.45,0.40,0.42,0.60,0.82,0.93,0.65,0.87,0.85,0.75,0.45,0.60,0.77,1.00,0.80,0.60,0.53,0.50,0.45,0.47,0.77,0.60,0.80,0.52,0.40,0.60,1.03,0.60,0.54,0.45,,,,,,,,,,,,,,,,,,,,,,,,,,,,,,0.35,0.40,0.55,0.47,0.30,0.45,0.47,0.50,0.43,0.27,0.70,0.20,0.45,0.32,,0.30,0.45,0.75,0.73,0.70,0.93,0.77,1.20,0.80,0.95,0.50,0.35,0.37,0.70,0.60,0.43,0.35,0.60,0.90,0.40,0.75,0.15,0.43,0.52,0.45,0.70,0.63,0.50,0.60,0.60,0.33,0.45,0.17,1.02,0.47,0.70,0.60,0.70,0.70,0.40,0.73,0.63,0.63,0.70,0.56,1.00,0.88,0.85,0.80,0.94,0.60,0.70,0.38,0.50,0.57,0.37,0.33,0.80,0.87,0.74,0.93,0.60,0.50,0.57,0.60,0.60,0.45,1.32,0.75,1.00,0.55,0.70,0.55,0.70,0.50,0.35,0.70,0.73,0.77,0.83,0.55,1.00,0.60,0.65,0.60,0.53,0.80,0.50,0.67,0.70,1.00,0.90,0.45,0.75,0.55,0.20,,0.35,0.55,0.40,0.60,0.65,0.65,0.65,0.75,,0.50,0.35,0.30,0.50,0.80,0.90,0.40,0.40,0.55,0.70,0.45,0.90,0.55,0.50,0.60,0.25,0.30,0.60,,0.30,0.60,0.63,0.67,0.50,0.55,0.40,0.40,0.70,0.40,0.55,,0.50,,0.75,,0.40,0.60,0.50,0.20,0.40,0.40,0.70,0.40,0.57,0.50,0.90,1.10,0.40,0.55,0.50,0.40,0.30,0.40,0.40,1.30,0.30,0.30,0.85,0.45,,,,0.75,,
20260401,22,CO_24h,0.38,0.65,0.46,0.62,0.50,0.73,0.40,0.37,0.30,0.45,0.47,0.47,0.80,0.53,0.36,0.71,0.58,0.49,0.59,0.64,0.83,0.70,0.87,0.99,0.58,0.80,0.90,0.71,0.80,0.77,0.72,0.84,0.55,0.55,0.46,0.33,0.40,0.67,0.57,0.40,0.55,0.53,0.50,0.45,0.70,0.40,0.43,0.63,0.77,0.79,0.52,0.56,0.80,0.71,0.64,0.60,0.57,0.60,0.57,0.70,0.52,0.50,0.57,0.52,0.59,0.53,0.60,0.52,0.43,0.44,0.73,0.70,0.58,0.46,0.67,0.70,0.59,0.36,0.60,0.57,0.33,0.47,0.60,0.66,0.76,0.70,0.58,0.82,0.68,0.47,0.48,0.65,0.62,1.20,0.50,0.60,0.67,0.75,0.67,0.87,0.70,0.55,0.50,0.70,0.55,0.50,0.70,0.55,0.47,0.40,0.60,0.50,0.55,0.66,0.42,1.00,0.63,0.88,0.50,1.05,0.36,0.60,0.30,0.73,0.77,0.68,0.63,0.60,0.60,0.67,0.50,0.38,0.40,0.57,0.73,0.85,0.45,0.70,0.77,0.59,0.50,0.52,0.75,0.78,0.70,0.50,0.50,0.40,0.48,0.60,0.57,0.45,0.45,0.42,0.40,0.50,0.87,0.60,0.36,0.40,,,,,,,,,,,,,,,,,,,,,,,,,,,,,,0.35,0.40,0.55,0.63,0.30,0.30,0.90,0.40,0.33,0.40,0.47,0.20,0.40,0.33,,0.25,0.50,0.45,0.73,0.50,0.47,0.40,0.60,0.70,0.95,0.45,0.35,0.40,0.60,0.70,0.63,0.40,0.40,0.53,0.35,0.60,0.20,0.57,0.56,0.55,0.73,0.63,0.45,0.65,0.62,0.43,0.45,0.17,0.90,0.37,0.67,0.83,0.60,0.60,0.45,0.70,0.77,0.68,0.55,0.50,0.90,0.85,0.78,0.60,0.70,0.55,0.55,0.50,0.60,0.63,0.40,0.37,0.95,0.70,0.72,0.60,0.53,0.50,0.50,0.60,0.63,0.50,1.03,0.75,0.90,0.45,0.53,0.40,0.75,0.35,0.30,0.57,0.70,0.67,0.63,0.50,0.80,0.60,0.75,0.60,0.67,0.60,0.40,0.60,0.55,0.70,0.50,0.40,0.65,0.50,0.20,,0.30,0.45,0.47,0.60,0.60,0.55,0.50,0.65,,0.65,0.30,0.30,0.55,0.65,0.60,0.50,0.50,0.50,0.75,0.45,0.65,0.65,0.55,0.50,0.30,0.30,0.50,,0.25,0.55,0.53,0.43,0.40,0.45,0.60,0.45,0.40,0.40,0.40,,0.40,,0.75,,0.45,0.70,0.40,0.30,0.40,0.40,0.50,0.30,0.53,0.40,0.45,0.75,0.10,0.60,0.35,0.35,0.25,0.65,0.45,0.90,0.50,0.30,0.70,0.65,,,,0.75,,
20260401,23,AQI,65,52,91,68,68,94,79,41,52,56,83,83,99,63,80,67,67,111,118,76,75,66,124,167,63,98,61,65,75,108,94,95,100,42,51,34,27,48,48,47,51,26,38,18,78,33,30,55,92,93,46,66,63,39,40,56,51,51,63,33,26,28,59,40,50,36,25,45,29,77,65,38,51,56,60,55,68,48,76,54,47,62,26,141,88,104,80,82,65,98,79,50,62,109,84,73,23,33,25,29,23,28,17,50,24,34,29,36,50,53,69,54,56,68,57,89,86,69,81,243,55,104,60,71,76,45,58,111,59,80,59,50,39,53,59,48,55,55,53,57,37,60,47,32,29,46,54,53,28,40,72,63,72,53,66,69,59,57,58,129,,,,,,,,,,,,,,,,,,,,,,,,,,,,,,47,35,30,61,46,66,44,49,62,63,65,23,64,34,,21,32,60,88,109,61,104,161,86,108,99,28,53,123,34,73,36,159,227,34,149,23,56,70,61,70,61,39,88,59,56,51,53,53,54,33,26,18,19,36,49,30,45,51,35,44,41,55,55,157,89,96,51,51,52,51,54,63,54,40,67,37,77,73,41,46,32,71,54,54,45,56,51,52,33,35,55,53,48,43,33,40,29,39,37,37,60,47,56,57,55,56,31,43,38,29,,16,27,39,21,33,47,41,41,,24,44,41,29,78,80,43,61,55,68,31,75,51,28,19,33,28,30,,33,19,55,59,47,37,90,52,81,64,60,,49,,49,,37,50,36,34,36,38,42,34,66,70,81,99,54,72,97,123,87,90,125,110,47,24,85,54,,,,46,,
20260401,23,PM2.5,18,10,38,32,25,70,21,14,17,13,22,24,65,34,59,48,23,84,89,56,55,48,94,127,45,73,32,44,55,81,70,71,75,20,34,21,17,33,32,29,36,13,23,8,55,3,6,31,31,69,31,48,34,22,21,40,33,36,45,17,13,15,42,23,23,16,11,29,6,40,35,25,15,31,39,39,49,20,38,25,30,39,3,108,17,36,14,23,44,29,16,34,41,82,35,13,11,5,15,20,14,17,11,33,14,6,9,14,33,26,34,38,24,36,39,64,64,46,60,193,31,78,41,52,56,21,34,84,42,59,39,25,18,37,38,33,26,36,37,38,26,35,31,20,18,20,32,27,14,22,38,33,28,29,28,36,24,25,23,61,,,,,,,,,,,,,,,,,,,,,,,,,,,,,,28,19,7,28,21,31,12,27,24,16,44,11,31,17,,3,6,42,65,82,35,78,123,64,81,74,16,36,93,13,53,19,121,177,14,114,8,40,51,37,51,44,27,65,39,40,36,33,31,38,3,17,10,13,3,33,16,25,36,12,24,22,39,36,120,66,72,34,33,26,36,31,45,38,22,44,25,23,53,25,32,20,52,38,38,25,40,35,26,22,17,34,33,33,30,17,22,16,27,26,16,24,25,38,23,35,25,19,29,25,7,,10,19,25,8,13,33,23,23,,6,31,24,11,57,59,27,44,39,49,22,55,36,9,5,5,5,19,,3,3,36,26,19,17,38,25,48,27,25,,21,,18,,21,24,20,17,24,15,19,13,37,34,39,50,37,49,49,67,37,62,56,83,24,3,63,38,,,,26,,
20260401,23,PM2.5_24h,17,35,38,26,17,69,37,10,8,33,52,60,56,19,14,29,29,43,57,47,67,42,72,105,58,76,39,51,63,77,80,86,81,13,21,8,20,26,26,10,20,11,12,5,53,3,13,24,63,64,46,37,33,9,14,20,12,16,17,7,8,6,12,24,19,20,11,22,7,28,30,23,25,24,26,26,19,14,20,34,18,20,13,91,83,75,39,63,58,30,38,60,65,89,32,23,8,12,18,21,4,11,8,19,6,11,10,5,23,32,12,20,17,27,14,35,36,44,21,89,12,50,23,42,55,21,42,65,37,46,33,20,27,31,27,15,14,17,16,14,22,24,20,20,7,11,25,19,15,17,33,26,18,24,28,29,23,16,13,46,,,,,,,,,,,,,,,,,,,,,,,,,,,,,,30,41,11,19,13,20,20,17,17,13,17,9,16,10,,5,9,14,39,36,13,37,42,37,43,29,19,34,65,58,68,21,63,62,19,77,7,65,59,46,52,49,13,70,49,55,39,29,25,31,6,6,3,5,9,28,29,20,31,9,14,23,21,21,55,50,41,57,49,38,33,33,32,19,36,25,34,38,28,23,31,13,25,17,26,18,18,18,24,17,8,13,14,14,11,13,12,9,14,17,19,14,15,20,14,23,14,14,17,17,9,,4,14,21,16,12,24,17,21,,11,29,21,8,42,41,24,48,31,56,20,46,33,11,8,5,3,14,,3,5,22,18,15,17,27,21,27,34,18,,22,,16,,20,19,11,12,13,16,8,13,27,28,17,31,16,28,25,56,55,45,51,32,9,3,33,33,,,,32,,
20260401,23,PM10,79,54,132,85,85,103,107,41,54,61,115,115,147,76,74,83,83,109,146,76,86,70,127,158,67,104,71,79,71,116,100,86,94,42,52,34,27,48,48,47,48,26,38,18,105,12,12,59,134,95,46,68,75,39,40,57,51,42,55,33,26,28,50,40,50,36,25,45,15,104,80,38,52,61,69,60,76,48,102,57,47,73,14,148,125,158,109,114,80,146,107,50,74,113,117,96,22,16,24,29,23,25,17,50,23,,19,36,50,56,88,41,61,86,64,128,91,88,84,270,60,135,69,79,92,45,65,111,59,84,68,50,39,38,67,48,60,60,51,63,33,69,47,32,29,46,57,56,28,40,93,75,94,56,82,88,67,63,65,207,,,,,,,,,,,,,,,,,,,,,,,,,,,,,,47,35,19,71,46,81,44,49,74,75,80,14,77,34,,16,26,70,87,104,72,108,140,106,122,96,28,55,114,34,61,36,,239,34,171,23,59,75,71,90,56,35,85,67,61,48,56,56,48,13,26,18,17,9,49,27,45,49,35,44,41,55,59,160,101,102,51,52,53,50,57,75,53,40,84,37,103,81,41,44,32,79,53,46,45,54,51,54,33,35,60,56,48,40,33,40,29,38,32,37,69,47,61,64,59,61,31,43,38,25,,11,26,39,19,33,43,41,41,,9,40,41,25,97,,43,63,49,80,27,78,44,15,14,20,19,26,,12,10,60,67,47,37,130,54,111,77,69,,49,,49,,37,50,36,34,36,27,42,34,82,89,112,148,57,94,144,196,124,130,199,161,47,16,94,48,,,,46,,
20260401,23,PM10_24h,51,81,96,78,78,95,106,27,27,83,124,121,94,49,28,93,83,88,99,60,87,50,104,143,83,105,62,81,67,103,110,100,86,21,32,19,26,37,36,18,26,17,18,12,96,12,20,37,125,84,61,51,49,16,26,27,20,23,28,13,15,12,19,43,35,33,26,37,16,72,63,37,62,56,41,37,38,42,98,60,71,71,18,117,157,123,118,132,93,94,100,79,92,117,60,99,14,22,27,31,11,20,10,29,10,20,24,19,38,53,41,47,52,77,33,101,115,127,67,129,38,71,55,60,82,39,69,84,50,75,62,44,42,37,36,28,20,32,26,24,34,50,31,32,15,31,47,36,27,31,69,57,54,55,71,91,75,46,44,191,,,,,,,,,,,,,,,,,,,,,,,,,,,,,,52,58,20,56,52,56,53,41,64,51,76,20,51,25,,20,42,63,127,106,55,93,85,79,86,78,42,52,97,87,100,34,81,102,37,100,14,89,82,73,92,63,24,93,77,71,56,49,38,39,15,14,10,11,13,34,37,31,35,18,27,33,32,32,79,77,60,71,64,67,46,57,52,41,64,42,54,58,43,35,56,23,37,28,34,26,23,29,40,20,23,25,29,24,19,28,21,17,26,34,38,36,29,40,45,40,42,21,27,23,20,,14,18,35,21,22,36,23,31,,14,41,36,16,82,53,35,62,45,76,27,63,44,20,16,17,15,18,,8,10,46,53,35,43,74,49,79,92,51,,55,,49,,51,46,21,30,35,33,26,24,80,80,52,108,56,54,89,168,185,170,218,81,33,13,70,70,,,,51,,
20260401,23,SO2,4,6,3,4,10,5,4,6,3,3,6,6,6,6,9,10,8,10,12,7,6,6,4,14,8,6,5,8,6,9,6,7,4,7,5,5,7,5,5,5,6,3,4,4,6,4,3,7,9,6,4,7,6,6,5,6,6,4,6,6,6,8,5,6,9,5,7,4,4,5,10,13,11,7,4,6,9,6,10,9,7,27,5,23,11,9,23,11,8,8,4,6,6,10,6,6,7,6,6,8,9,6,6,7,6,4,8,7,7,5,13,10,7,6,38,16,10,8,14,15,5,6,15,7,7,5,10,5,9,9,5,14,7,8,7,10,8,4,12,11,4,7,8,5,9,5,4,6,7,5,5,5,3,6,6,14,16,13,5,10,,,,,,,,,,,,,,,,,,,,,,,,,,,,,,6,2,4,5,5,10,9,8,6,13,22,5,11,5,,5,8,15,11,13,8,6,8,9,8,3,4,7,9,8,6,6,11,14,11,43,8,5,8,7,7,6,5,7,6,5,5,6,4,5,3,4,3,8,5,5,6,6,4,4,8,8,9,19,11,10,4,5,6,9,3,4,12,7,13,16,6,4,10,5,6,7,6,9,6,6,10,5,7,4,10,8,5,9,8,19,6,5,10,10,2,6,7,6,9,7,6,6,9,6,5,,7,8,4,13,4,12,6,4,,5,6,6,9,8,5,4,5,4,9,5,4,7,6,6,8,7,12,,7,6,7,10,5,6,17,11,12,7,7,,5,,7,,3,24,8,10,16,12,9,16,15,10,9,5,11,7,3,5,7,5,1,9,8,5,15,9,,,,7,,
20260401,23,SO2_24h,4,9,3,7,10,7,4,3,3,5,9,7,9,8,8,11,9,8,9,7,7,6,7,11,8,6,7,8,6,9,7,8,5,6,6,5,7,5,5,5,6,3,3,4,6,4,3,8,8,8,5,7,8,6,5,6,6,5,7,5,6,8,5,7,9,5,7,4,4,6,11,13,13,7,5,6,10,6,9,9,5,13,3,13,12,8,15,16,9,10,8,7,6,12,7,11,8,7,11,12,8,6,6,7,7,3,5,8,5,5,11,10,8,10,10,15,9,9,10,12,5,5,7,8,8,6,12,6,8,10,6,13,6,7,7,8,8,5,9,9,4,7,9,9,10,6,4,7,8,6,6,4,2,6,8,17,19,15,6,10,,,,,,,,,,,,,,,,,,,,,,,,,,,,,,5,3,4,6,8,11,9,7,8,16,7,5,10,7,,5,9,8,10,9,6,7,7,10,10,2,5,8,8,10,10,6,6,10,7,10,10,6,8,7,8,6,4,7,6,4,5,6,4,5,3,7,3,5,5,6,6,3,5,3,7,8,8,10,10,11,4,6,6,6,3,4,9,7,13,9,5,4,5,5,6,7,7,11,6,6,5,4,4,4,9,7,5,8,7,16,6,7,8,8,9,8,8,6,11,6,5,7,9,5,5,,6,7,5,18,4,12,7,3,,5,6,6,9,9,6,4,5,5,9,5,5,7,6,5,9,8,12,,6,6,6,7,8,8,15,12,11,5,8,,5,,7,,5,11,7,10,12,15,8,15,10,10,9,4,8,8,4,4,11,5,3,7,6,5,15,11,,,,7,,
20260401,23,NO2,22,35,17,15,67,22,22,14,23,14,26,24,21,24,60,40,17,70,76,77,57,78,31,43,24,60,64,67,63,32,35,29,30,63,71,21,32,42,57,22,43,30,46,14,59,12,15,61,54,18,13,68,55,56,34,33,51,33,36,44,17,32,20,7,35,25,14,10,13,76,78,18,39,55,60,51,98,38,34,20,23,71,15,31,21,35,17,37,28,41,26,25,35,55,29,17,20,9,13,20,23,12,26,24,20,6,14,37,15,18,40,14,20,31,41,33,36,40,59,65,8,45,14,84,73,50,29,24,29,12,26,18,21,17,56,33,28,33,21,38,4,50,33,8,30,26,34,61,10,7,71,42,71,29,72,32,27,54,21,31,,,,,,,,,,,,,,,,,,,,,,,,,,,,,,12,12,20,10,22,21,8,27,49,60,24,6,28,40,,8,4,45,32,56,54,65,51,17,38,20,14,11,27,9,14,12,25,37,16,41,13,28,26,26,39,80,17,25,16,23,16,13,34,27,9,27,20,17,11,18,14,25,49,29,31,21,22,37,21,31,25,25,17,16,12,17,29,19,9,28,14,,39,14,19,11,53,44,12,31,27,26,30,15,48,21,21,29,30,18,28,23,20,7,45,62,19,42,48,47,66,14,36,18,4,,15,11,8,5,23,10,8,20,,5,9,13,8,13,12,4,8,7,9,8,16,15,10,8,1,9,11,,1,4,32,77,18,20,51,34,69,30,32,,15,,11,,15,21,2,2,14,2,69,14,47,36,57,51,36,72,39,48,52,56,21,104,18,6,47,16,,,,6,,
20260401,23,NO2_24h,16,38,17,19,21,24,27,10,14,23,32,30,15,28,17,22,22,24,23,41,29,33,42,32,24,34,32,30,32,34,26,23,15,22,27,20,18,19,23,16,16,22,14,11,31,12,16,25,39,26,18,26,31,20,21,24,22,22,27,17,12,16,13,9,24,25,17,17,7,39,38,15,26,26,27,24,29,25,18,22,11,28,14,27,33,27,36,46,20,32,34,20,29,41,28,27,15,11,13,16,12,10,9,17,14,7,12,16,13,16,17,20,24,33,14,21,23,28,19,29,7,25,9,38,41,27,29,23,20,15,19,18,20,16,21,12,15,16,12,14,9,24,22,11,17,16,30,24,11,9,29,24,31,17,39,20,12,23,9,19,,,,,,,,,,,,,,,,,,,,,,,,,,,,,,10,14,16,21,16,25,22,20,30,19,9,6,11,14,,10,6,15,19,16,15,19,22,21,25,11,11,15,20,17,19,7,17,19,9,21,3,23,16,19,26,27,8,14,13,15,13,10,22,18,12,13,9,6,15,14,14,16,14,13,17,15,8,15,14,19,21,21,21,21,12,14,14,13,13,14,13,8,12,12,19,9,23,17,12,25,17,18,23,10,19,12,14,17,16,15,16,7,10,8,24,24,19,31,32,21,37,11,19,11,7,,13,8,13,9,15,13,6,14,,7,8,13,8,17,11,12,8,8,14,9,17,17,10,8,3,4,8,,1,3,19,44,13,19,30,28,20,16,22,,15,,12,,19,10,2,2,14,4,26,4,21,28,24,19,10,25,15,24,18,35,16,32,10,5,20,19,,,,8,,
20260401,23,O3,63,57,77,40,18,89,62,77,49,67,66,64,74,74,34,59,85,24,25,50,36,38,84,76,88,52,53,44,36,66,71,51,73,24,35,108,54,60,60,102,38,46,33,40,54,106,95,39,39,91,108,57,52,38,84,100,66,73,77,44,84,60,78,75,34,64,62,91,92,24,28,93,59,58,30,42,13,63,55,86,55,12,83,117,73,75,76,47,87,55,59,84,73,37,71,97,73,106,79,44,35,91,44,69,76,108,93,35,94,93,35,104,91,69,43,55,56,44,18,40,74,41,80,27,20,63,76,88,79,112,73,98,79,96,25,93,20,28,41,46,61,33,46,95,46,60,62,16,64,94,24,47,5,45,16,38,78,32,85,55,,,,,,,,,,,,,,,,,,,,,,,,,,,,,,125,98,95,128,58,82,116,61,36,37,68,75,54,46,,68,102,31,52,27,17,20,15,72,53,68,56,78,90,72,81,51,110,127,52,65,47,97,86,83,36,30,36,79,99,91,91,91,62,77,107,28,38,53,115,47,95,91,33,53,59,88,75,51,103,73,102,71,91,88,101,87,79,65,93,97,109,106,95,70,117,62,16,37,125,31,61,23,75,23,9,65,65,57,29,95,40,22,74,92,31,2,79,37,35,23,5,44,37,63,92,,52,68,76,67,33,63,85,34,,76,74,72,94,61,60,104,95,68,93,87,49,45,90,60,106,89,97,,107,60,42,20,42,84,43,68,9,69,49,,100,,85,,81,,111,102,104,123,24,101,44,53,29,56,56,43,70,55,59,38,83,11,72,77,71,82,,,,51,,
20260401,23,O3_24h,63,57,77,40,18,89,62,77,49,67,66,64,74,74,34,59,85,24,25,50,36,38,84,76,88,52,53,44,36,66,71,51,73,24,35,108,54,60,60,102,38,46,33,40,54,106,95,39,39,91,108,57,52,38,84,100,66,73,77,44,84,60,78,75,34,64,62,91,92,24,28,93,59,58,30,42,13,63,55,86,55,12,83,117,73,75,76,47,87,55,59,84,73,37,71,97,73,106,79,44,35,91,44,69,76,108,93,35,94,93,35,104,91,69,43,55,56,44,18,40,74,41,80,27,20,63,76,88,79,112,73,98,79,96,25,93,20,28,41,46,61,33,46,95,46,60,62,16,64,94,24,47,5,45,16,38,78,32,85,55,,,,,,,,,,,,,,,,,,,,,,,,,,,,,,125,98,95,128,58,82,116,61,36,37,68,75,54,46,,68,102,31,52,27,17,20,15,72,53,68,56,78,90,72,81,51,110,127,52,65,47,97,86,83,36,30,36,79,99,91,91,91,62,77,107,28,38,53,115,47,95,91,33,53,59,88,75,51,103,73,102,71,91,88,101,87,79,65,93,97,109,106,95,70,117,62,16,37,125,31,61,23,75,23,9,65,65,57,29,95,40,22,74,92,31,2,79,37,35,23,5,44,37,63,92,,52,68,76,67,33,63,85,34,,76,74,72,94,61,60,104,95,68,93,87,49,45,90,60,106,89,97,,107,60,42,20,42,84,43,68,9,69,49,,100,,85,,81,,111,102,104,123,24,101,44,53,29,56,56,43,70,55,59,38,83,11,72,77,71,82,,,,51,,
20260401,23,O3_8h,95,80,102,84,86,146,104,98,86,96,88,116,127,106,97,105,97,109,101,139,138,140,151,155,128,140,140,139,150,141,114,119,131,118,129,120,125,143,145,126,134,114,112,95,128,118,126,124,141,122,140,144,137,121,150,151,143,152,160,118,107,126,101,77,81,120,75,104,108,113,114,109,112,124,146,132,108,115,90,123,93,89,106,145,131,150,98,139,137,88,108,137,133,135,110,99,98,127,66,52,96,101,98,77,121,116,120,117,107,134,90,121,124,106,101,94,102,98,91,132,89,101,95,136,130,137,128,144,136,131,122,120,113,99,129,125,86,103,85,107,69,115,100,105,85,100,120,95,77,113,117,120,110,117,115,120,111,107,121,96,,,,,,,,,,,,,,,,,,,,,,,,,,,,,,130,125,130,139,87,111,125,94,111,110,89,87,109,93,,90,109,95,106,100,94,97,109,128,122,92,95,130,111,88,109,79,98,115,83,127,79,136,123,133,121,124,119,124,122,130,131,122,139,141,129,103,112,108,117,118,130,136,134,110,132,135,132,127,137,138,135,120,123,112,125,123,140,114,123,138,124,145,148,134,134,91,114,106,136,120,111,78,114,86,95,92,92,98,76,105,115,80,124,122,105,97,102,94,107,101,87,81,120,101,106,,75,93,80,81,82,82,83,71,,75,103,96,96,114,102,103,109,104,134,95,91,50,94,88,107,108,98,,120,86,110,114,102,103,113,113,112,112,109,,116,,98,,111,134,120,128,133,131,105,158,110,111,114,122,111,135,130,105,116,115,115,115,105,95,140,115,,,,76,,
20260401,23,O3_8h_24h,88,71,97,64,70,127,86,87,69,85,79,94,112,99,78,89,95,73,74,105,103,103,120,120,110,108,110,108,103,114,101,91,106,82,90,118,98,117,103,121,94,83,95,78,101,116,114,101,93,106,126,107,102,96,131,140,121,133,137,97,100,106,94,77,61,104,71,98,104,86,86,109,97,114,104,99,85,97,79,102,79,58,100,130,101,122,84,89,111,77,81,115,112,92,78,99,91,123,70,49,70,98,79,74,102,116,114,90,101,117,73,118,114,98,80,83,91,81,67,92,83,89,91,95,86,102,114,131,116,126,107,111,100,97,96,121,53,76,73,89,62,88,87,98,80,88,100,69,75,107,94,94,64,94,81,98,105,84,115,87,,,,,,,,,,,,,,,,,,,,,,,,,,,,,,127,113,118,139,79,99,123,87,86,90,75,82,96,82,,76,105,72,87,76,67,71,81,109,98,79,74,112,96,79,85,67,98,115,66,93,72,108,109,117,94,98,87,109,113,112,117,105,109,113,118,69,78,85,115,91,116,119,99,88,100,122,115,97,127,112,121,100,109,96,115,107,120,101,113,122,117,138,127,104,129,78,84,90,133,84,98,52,104,61,57,83,84,79,50,101,86,62,109,115,79,62,94,81,89,72,42,76,86,91,101,,70,86,79,75,70,74,83,57,,75,93,85,95,92,94,103,106,88,116,93,79,48,93,77,107,102,96,,119,73,85,82,75,90,97,100,84,103,88,,107,,96,,102,134,116,123,124,129,84,141,90,95,85,108,94,121,122,96,107,104,111,96,98,90,130,105,,,,68,,
20260401,23,CO,0.37,0.42,0.38,0.60,0.55,0.57,0.39,0.43,0.35,0.33,0.30,0.33,0.55,0.48,0.70,0.63,0.46,0.89,1.02,0.79,0.96,0.94,0.93,1.30,0.44,0.80,0.87,0.81,0.72,0.80,0.66,0.92,0.40,0.78,0.56,0.33,0.45,0.77,0.72,0.43,0.60,0.60,0.60,0.45,0.77,0.35,0.43,0.80,0.73,1.07,0.42,0.66,0.82,0.80,0.70,0.70,0.77,0.75,0.77,0.77,0.63,0.63,0.67,0.57,0.71,0.50,0.50,0.47,0.43,0.79,0.87,0.45,0.44,0.67,0.63,1.03,0.74,0.38,0.58,0.55,0.47,0.82,0.53,1.66,0.44,0.70,0.30,0.48,0.84,0.50,0.32,0.55,0.47,1.72,0.50,0.45,0.67,0.70,0.67,0.85,0.85,0.60,0.55,0.83,0.65,0.50,0.70,0.75,0.67,0.40,0.60,0.77,0.57,0.64,0.82,1.04,0.68,0.60,0.96,1.67,0.38,0.70,0.36,0.85,0.80,0.72,0.58,0.55,0.67,0.63,0.47,0.45,0.40,0.63,0.80,1.00,0.65,0.83,0.88,0.78,0.45,0.68,0.77,0.55,0.87,0.57,0.57,0.60,0.45,0.47,0.83,0.55,0.65,0.48,0.45,0.60,1.20,0.64,0.58,0.50,,,,,,,,,,,,,,,,,,,,,,,,,,,,,,0.40,0.30,0.55,0.50,0.35,0.45,0.50,0.47,0.33,0.33,0.67,0.20,0.50,0.32,,0.25,0.45,0.68,0.73,0.75,0.73,0.67,1.10,0.90,0.95,0.50,0.30,0.33,0.77,0.43,0.47,0.38,0.60,1.00,0.40,0.80,0.25,0.45,0.52,0.45,0.63,0.63,0.50,0.75,0.60,0.37,0.47,0.17,1.05,0.47,0.53,0.63,0.70,0.70,0.40,0.77,0.73,0.70,0.60,0.54,1.00,0.83,0.88,0.80,0.96,0.62,0.75,0.38,0.48,0.55,0.37,0.33,0.88,0.83,0.72,0.70,0.53,0.60,0.60,0.60,0.67,0.45,1.16,0.80,1.00,0.50,0.67,0.45,0.70,0.55,0.40,0.77,0.73,0.73,0.83,0.60,0.97,0.70,0.65,0.60,0.50,0.80,0.50,0.70,0.60,1.05,0.80,0.45,0.75,0.55,0.20,,0.35,0.50,0.40,0.60,0.65,0.60,0.55,0.70,,0.55,0.35,0.30,0.50,0.80,0.90,0.40,0.40,0.55,0.75,0.45,0.75,0.55,0.60,0.55,0.25,0.35,0.70,,0.30,0.55,0.63,0.67,0.40,0.50,0.45,0.50,0.90,0.45,0.45,,0.50,,0.75,,0.40,0.60,0.50,0.20,0.40,0.40,0.80,0.50,0.63,0.65,0.80,1.20,0.60,0.80,0.50,0.45,0.35,0.90,0.80,1.90,0.30,0.30,1.00,0.55,,,,0.70,,
20260401,23,CO_24h,0.37,0.64,0.44,0.62,0.50,0.73,0.40,0.37,0.30,0.45,0.47,0.47,0.75,0.53,0.36,0.69,0.57,0.49,0.58,0.65,0.85,0.70,0.90,0.99,0.58,0.80,0.90,0.73,0.80,0.78,0.72,0.84,0.55,0.56,0.46,0.37,0.40,0.67,0.57,0.40,0.55,0.53,0.50,0.45,0.70,0.40,0.43,0.63,0.77,0.79,0.52,0.57,0.80,0.71,0.66,0.60,0.60,0.60,0.57,0.70,0.52,0.50,0.57,0.52,0.59,0.53,0.60,0.52,0.43,0.45,0.73,0.70,0.58,0.46,0.67,0.70,0.59,0.36,0.60,0.57,0.33,0.47,0.60,0.71,0.74,0.70,0.56,0.78,0.68,0.47,0.47,0.63,0.62,1.22,0.50,0.58,0.67,0.75,0.67,0.87,0.70,0.60,0.50,0.73,0.55,0.50,0.70,0.60,0.47,0.40,0.63,0.52,0.55,0.66,0.46,1.02,0.62,0.86,0.50,1.07,0.36,0.60,0.30,0.73,0.77,0.68,0.64,0.60,0.60,0.67,0.50,0.38,0.38,0.57,0.73,0.82,0.45,0.70,0.77,0.60,0.50,0.55,0.75,0.78,0.70,0.50,0.50,0.40,0.48,0.57,0.57,0.45,0.45,0.42,0.40,0.50,0.90,0.58,0.36,0.40,,,,,,,,,,,,,,,,,,,,,,,,,,,,,,0.35,0.40,0.55,0.63,0.30,0.30,0.90,0.40,0.33,0.40,0.47,0.20,0.40,0.33,,0.25,0.50,0.42,0.73,0.50,0.47,0.40,0.60,0.70,0.95,0.45,0.35,0.40,0.63,0.70,0.63,0.40,0.40,0.57,0.35,0.60,0.25,0.57,0.56,0.55,0.73,0.63,0.45,0.65,0.62,0.43,0.45,0.17,0.90,0.37,0.67,0.80,0.60,0.60,0.45,0.70,0.80,0.68,0.55,0.50,0.95,0.85,0.78,0.60,0.74,0.57,0.55,0.50,0.54,0.63,0.40,0.33,0.97,0.67,0.72,0.60,0.53,0.50,0.50,0.60,0.67,0.50,1.05,0.75,0.90,0.45,0.53,0.40,0.75,0.35,0.30,0.60,0.73,0.67,0.70,0.55,0.80,0.60,0.75,0.60,0.67,0.55,0.40,0.60,0.55,0.70,0.50,0.40,0.65,0.50,0.20,,0.30,0.45,0.43,0.60,0.60,0.55,0.50,0.65,,0.60,0.30,0.30,0.55,0.65,0.60,0.40,0.50,0.50,0.75,0.45,0.65,0.65,0.55,0.50,0.30,0.30,0.50,,0.25,0.55,0.53,0.47,0.40,0.50,0.60,0.45,0.40,0.40,0.40,,0.40,,0.75,,0.45,0.70,0.40,0.30,0.40,0.40,0.50,0.30,0.57,0.40,0.50,0.75,0.10,0.60,0.35,0.35,0.25,0.65,0.50,0.90,0.50,0.30,0.70,0.65,,,,0.75,,