date,hour,type,北京,天津,石家庄,唐山,秦皇岛,邯郸,保定,张家口,承德,廊坊,沧州,衡水,邢台,太原,呼和浩特,沈阳,大连,长春,哈尔滨,上海,南京,苏州,南通,连云港,徐州,扬州,无锡,常州,镇江,泰州,淮安,盐城,宿迁,杭州,宁波,温州,绍兴,湖州,嘉兴,台州,舟山,金华,衢州,丽水,合肥,福州,厦门,南昌,济南,青岛,郑州,武汉,长沙,广州,深圳,珠海,佛山,中山,江门,东莞,惠州,肇庆,南宁,海口,重庆,成都,贵阳,昆明,拉萨,西安,兰州,西宁,银川,乌鲁木齐,湘潭,株洲,包头,鄂尔多斯,营口,丹东,盘锦,葫芦岛,泉州,临沂,德州,聊城,滨州,淄博,枣庄,烟台,潍坊,济宁,泰安,日照,威海,东营,韶关,汕头,湛江,茂名,梅州,汕尾,河源,阳江,清远,潮州,揭阳,云浮,玉溪,菏泽,大同,长治,临汾,阳泉,赤峰,鞍山,抚顺,本溪,锦州,吉林,齐齐哈尔,牡丹江,大庆,芜湖,马鞍山,九江,洛阳,安阳,开封,焦作,平顶山,三门峡,宜昌,荆州,岳阳,常德,张家界,桂林,北海,柳州,三亚,绵阳,宜宾,攀枝花,泸州,自贡,德阳,南充,遵义,曲靖,咸阳,铜川,延安,宝鸡,渭南,金昌,嘉峪关,石嘴山,克拉玛依,巴音郭楞州,寿光,章丘,即墨,胶南,胶州,莱西,平度,蓬莱,招远,莱州,荣成,文登,乳山,吴江,昆山,常熟,张家港,太仓,句容,江阴,宜兴,金坛,溧阳,海门,临安,富阳,义乌,诸暨,瓦房店,信阳,周口,漳州,晋城,朔州,晋中,运城,忻州,吕梁,乌海,通辽,呼伦贝尔,巴彦淖尔,乌兰察布,兴安盟,锡林郭勒盟,阿拉善盟,阜新,辽阳,铁岭,朝阳,四平,辽源,通化,白山,松原,白城,延边朝鲜族自治州,鸡西,鹤岗,双鸭山,伊春,佳木斯,七台河,黑河,绥化,大兴安岭地区,蚌埠,淮南,淮北,铜陵,安庆,黄山,滁州,阜阳,宿州,六安,亳州,池州,宣城,莆田,三明,南平,龙岩,宁德,景德镇,萍乡,新余,鹰潭,赣州,吉安,宜春,抚州,上饶,鹤壁,新乡,濮阳,许昌,漯河,南阳,商丘,驻马店,黄石,十堰,襄阳,鄂州,荆门,孝感,黄冈,咸宁,随州,恩施土家族苗族自治州,衡阳,邵阳,益阳,郴州,永州,怀化,娄底,湘西州,梧州,防城港,钦州,贵港,玉林,百色,贺州,河池,来宾,崇左,广元,遂宁,内江,乐山,眉山,广安,达州,雅安,巴中,资阳,阿坝藏族羌族自治州,甘孜州,甘孜藏族自治州,凉山彝族自治州,六盘水,安顺,铜仁地区,毕节,黔西南布依族苗族自治州,黔东南苗族侗族自治州,黔东南州,黔南布依族苗族自治州,保山,昭通,丽江,普洱,临沧,楚雄州,红河州,文山州,西双版纳州,大理州,德宏州,怒江州,迪庆州,昌都,山南,日喀则,那曲地区,那曲,阿里地区,林芝,汉中,榆林,安康,商洛,白银,天水,武威,张掖,平凉,酒泉,庆阳,定西,陇南,临夏回族自治州,甘南州,海东地区,海北藏族自治州,黄南藏族自治州,海南藏族自治州,果洛藏族自治州,玉树藏族自治州,海西蒙古族藏族自治州,吴忠,中卫,固原,吐鲁番地区,哈密地区,昌吉州,博尔塔拉蒙古自治州,阿克苏地区,克孜勒苏柯尔克孜自治州,喀什地区,和田地区,伊犁哈萨克州,塔城地区,阿勒泰地区,石河子,五家渠,三沙,兰州新区,赣江新区,儋州,雄安新区,西咸新区
20260624,0,AQI,55,47,46,49,33,40,61,27,30,96,75,60,52,49,25,29,21,43,48,21,20,23,28,31,23,23,22,21,23,23,24,25,25,43,33,32,37,21,33,36,33,44,23,14,20,28,35,20,34,26,29,16,16,33,34,25,32,24,31,28,25,34,29,29,22,29,24,19,35,21,35,30,63,32,15,18,26,54,52,27,32,34,37,25,75,43,29,32,25,24,24,27,31,31,30,30,27,22,29,33,35,27,26,26,42,34,27,30,16,29,49,34,43,52,23,46,33,39,30,54,29,29,44,20,20,20,32,44,35,38,39,44,18,26,20,26,23,29,24,18,49,18,18,18,19,18,17,15,15,24,51,32,20,33,39,54,52,38,51,30,,,,,,,,,,,,,,,,,,,,,,,,,,,,,,28,38,54,37,47,44,43,34,87,44,33,27,26,29,,21,45,22,40,31,39,31,31,23,25,39,17,12,53,36,42,68,35,15,18,47,25,22,21,57,20,23,16,23,36,24,21,18,19,24,33,18,18,23,24,14,26,36,15,30,22,45,22,19,46,37,29,23,32,33,23,29,16,29,30,15,29,18,15,19,24,20,16,31,24,20,15,50,21,12,57,28,33,36,31,43,31,15,34,27,27,13,17,33,29,13,12,36,15,17,21,,13,18,18,47,19,22,25,14,,6,19,22,13,32,17,14,21,13,25,14,17,15,18,16,40,38,37,,42,27,23,29,23,19,33,27,51,29,33,,33,,24,,56,35,28,40,35,27,28,35,52,31,24,36,31,30,55,57,141,89,55,45,90,41,39,30,,,,28,,
20260624,0,PM2.5,38,24,24,26,15,22,39,18,14,72,55,29,25,28,8,15,15,29,28,15,6,5,3,10,7,7,3,7,4,4,8,7,10,30,21,18,26,14,23,15,20,24,15,3,3,12,19,8,11,9,16,7,9,17,14,16,22,11,17,15,12,18,16,16,9,13,10,7,5,7,14,21,35,10,8,11,18,20,31,12,17,24,14,12,55,15,11,4,5,7,3,3,6,6,21,4,12,13,18,18,23,10,12,17,19,24,19,18,3,6,19,17,17,29,16,24,17,27,21,38,11,16,28,9,9,3,18,18,22,20,19,30,5,18,3,18,16,17,6,12,15,5,10,3,7,7,3,3,6,6,29,21,10,16,27,34,25,7,32,7,,,,,,,,,,,,,,,,,,,,,,,,,,,,,,12,9,29,15,18,27,22,23,26,10,11,19,9,15,,6,8,12,28,22,27,20,21,11,5,27,6,7,11,20,21,16,14,7,11,19,7,4,3,7,6,3,3,13,10,9,3,5,7,11,22,6,5,16,4,7,18,20,7,11,7,20,9,12,32,16,20,16,21,23,11,18,3,19,21,4,16,10,4,3,14,5,6,15,13,11,5,5,15,6,8,13,11,25,22,23,17,3,24,11,3,3,12,23,20,7,5,25,3,7,7,,3,8,9,33,3,10,10,8,,3,13,7,5,18,12,3,8,9,14,5,6,9,8,3,3,11,16,,3,3,3,13,6,8,14,17,26,13,12,,9,,10,,17,21,14,11,9,7,3,8,29,11,8,9,22,19,23,30,55,35,10,25,67,9,17,6,,,,8,,
20260624,0,PM2.5_24h,24,26,19,26,18,24,25,17,11,37,25,20,21,26,7,17,14,19,13,9,2,4,,5,14,5,2,4,5,3,6,4,10,13,17,21,19,6,11,11,15,16,19,7,3,25,20,5,25,3,26,6,7,14,10,12,16,11,15,12,12,14,15,13,9,10,8,5,6,16,15,17,18,15,7,7,10,14,14,15,14,18,22,10,26,20,26,20,7,9,6,10,26,4,9,16,19,12,15,15,18,9,17,13,17,17,13,14,4,16,16,23,19,25,14,17,16,14,19,17,12,12,18,6,8,1,30,25,23,25,24,22,8,21,3,13,7,14,12,12,11,6,14,5,4,3,3,3,7,8,25,18,13,17,16,21,25,15,25,6,,,,,,,,,,,,,,,,,,,,,,,,,,,,,,17,16,21,21,16,28,16,22,14,11,18,12,9,9,,5,9,14,14,15,19,19,14,11,6,21,14,7,12,14,17,11,16,10,12,7,10,6,7,11,3,3,2,10,14,13,6,14,6,5,24,13,12,17,28,5,22,28,16,15,11,20,8,14,33,23,21,20,22,17,18,21,3,18,21,2,21,6,4,4,10,6,9,14,7,15,17,4,4,7,18,14,14,18,21,20,16,7,15,20,3,1,6,12,9,8,3,17,4,5,8,,3,9,9,14,4,10,12,8,,5,11,10,4,11,10,4,8,6,10,5,8,8,6,3,3,2,9,,4,4,3,11,5,7,16,9,25,16,12,,13,,8,,11,17,11,11,11,5,3,6,17,13,9,14,14,16,14,33,20,13,17,12,39,6,9,15,,,,9,,
20260624,0,PM10,59,47,46,49,32,27,71,27,30,91,71,70,54,49,7,28,21,43,48,18,14,8,8,18,17,17,6,15,11,14,14,19,22,38,33,32,37,11,20,36,33,44,23,14,7,25,35,8,32,19,28,14,13,33,34,25,32,24,31,28,25,34,29,29,22,29,24,19,16,21,35,29,75,23,15,18,26,57,54,27,22,29,37,17,77,43,29,24,20,13,19,19,22,12,26,24,27,22,29,33,35,27,26,26,42,33,25,30,14,27,49,29,43,53,21,46,27,35,24,56,26,29,44,13,11,6,32,44,35,38,39,44,15,24,8,,,29,23,18,49,10,18,18,19,18,7,15,15,24,52,32,20,33,35,58,53,38,52,16,,,,,,,,,,,,,,,,,,,,,,,,,,,,,,28,38,57,36,47,34,27,34,124,44,28,27,26,29,,10,28,13,15,18,32,31,31,23,25,24,17,11,55,36,42,86,35,13,16,47,25,13,14,63,11,6,9,,36,24,6,14,11,24,33,11,11,23,11,14,23,36,12,30,22,45,22,19,34,37,29,23,32,33,23,29,16,29,28,14,20,,11,8,22,20,11,31,24,20,12,50,16,12,64,28,33,36,31,43,31,15,25,27,11,10,16,23,24,11,12,31,9,15,21,,8,15,18,31,13,22,25,,,,19,22,11,32,17,14,21,13,25,10,17,15,15,11,6,21,22,,7,9,6,24,23,14,28,26,51,28,33,,28,,24,,62,35,23,21,19,20,13,21,53,31,12,29,19,23,59,63,231,127,59,45,80,28,39,30,,,,28,,
20260624,0,PM10_24h,42,55,41,55,49,33,56,25,23,61,43,48,42,42,14,36,24,31,35,11,11,6,3,12,25,13,6,9,9,8,12,12,15,16,25,36,25,7,11,22,24,30,27,18,8,36,37,5,49,9,37,12,12,27,27,20,23,22,29,25,24,25,26,23,20,14,20,13,11,30,32,25,52,51,11,14,20,41,33,29,23,27,37,16,47,41,50,42,22,19,23,27,42,9,14,36,31,23,27,28,27,21,28,21,33,36,25,28,11,28,32,30,46,52,20,34,29,28,31,28,25,27,33,8,11,7,43,40,33,38,38,35,16,27,9,13,7,29,30,24,25,13,21,17,11,13,9,10,19,17,40,27,21,27,39,59,66,48,44,21,,,,,,,,,,,,,,,,,,,,,,,,,,,,,,25,24,38,39,44,43,23,36,53,45,35,29,35,25,,13,32,25,26,34,29,29,24,23,30,29,17,13,23,27,30,23,23,19,20,19,14,18,12,23,10,6,9,7,26,24,5,17,9,8,39,26,20,25,44,8,31,49,28,29,29,33,24,28,45,42,35,25,28,27,28,41,13,27,30,9,27,15,7,6,21,17,14,13,14,20,26,11,9,10,39,40,30,31,29,36,25,16,25,36,18,6,10,20,22,12,12,26,10,12,19,,7,14,16,19,13,18,18,6,,5,13,23,10,26,15,6,11,14,23,8,16,13,14,9,8,11,18,,12,8,9,24,14,16,39,21,47,39,35,,24,,26,,37,27,23,24,24,17,9,17,40,33,15,38,18,52,41,55,56,36,92,26,73,23,48,80,,,,20,,
20260624,0,SO2,3,7,1,9,7,4,5,3,3,2,10,6,2,10,8,5,7,6,6,6,5,5,4,5,8,6,5,7,4,9,7,7,5,6,6,5,6,5,5,6,6,3,4,5,7,4,2,7,6,6,4,4,5,6,5,6,5,8,4,3,5,11,4,5,9,4,5,5,6,5,8,17,7,5,5,6,10,9,7,6,7,9,2,7,15,11,13,9,9,7,4,5,5,7,3,8,16,7,7,4,9,6,6,5,4,13,4,8,5,4,8,10,8,12,12,8,9,8,5,6,3,6,6,5,6,3,11,3,8,8,5,8,7,6,4,7,8,12,3,6,2,8,9,9,4,13,4,6,4,3,5,6,2,7,7,25,4,11,6,4,,,,,,,,,,,,,,,,,,,,,,,,,,,,,,6,2,5,4,5,9,5,4,4,10,7,5,9,17,,6,12,5,9,11,7,4,8,13,10,1,4,7,10,5,11,5,4,9,10,9,7,6,7,4,8,4,4,8,5,5,5,5,5,6,5,6,4,4,5,4,12,4,5,4,15,12,7,8,6,6,5,3,6,6,4,4,4,8,7,4,7,4,5,6,4,5,6,3,4,5,6,5,5,3,8,6,4,7,7,8,11,3,7,3,4,9,9,4,6,6,5,7,8,6,3,,6,7,3,11,3,6,4,4,,6,5,9,9,5,6,2,4,1,7,5,4,5,9,7,6,7,4,,5,4,4,39,5,8,4,10,9,7,9,,6,,9,,4,3,6,10,11,14,7,19,8,6,8,6,6,8,4,3,6,2,5,7,5,7,6,5,,,,3,,
20260624,0,SO2_24h,3,9,3,9,7,4,4,4,3,3,9,6,4,12,8,10,7,7,6,6,5,5,4,5,8,6,5,7,5,8,7,7,6,6,5,5,6,5,5,5,6,3,4,5,7,5,3,7,7,6,4,4,5,6,5,6,6,6,4,3,5,8,4,5,8,4,6,6,6,5,10,15,8,5,5,6,9,10,7,6,7,8,3,9,12,9,12,12,10,5,5,6,8,7,3,11,12,6,8,4,8,6,6,5,4,11,4,7,6,5,9,10,7,12,14,9,11,7,8,6,4,6,6,5,6,3,11,3,8,8,5,8,7,7,3,7,8,6,3,6,2,8,10,10,4,10,4,6,3,4,6,6,3,8,7,17,15,14,7,4,,,,,,,,,,,,,,,,,,,,,,,,,,,,,,5,3,5,4,8,10,5,8,6,12,8,4,11,7,,6,10,8,9,12,7,6,7,12,11,2,4,7,9,6,8,6,4,8,7,10,6,6,7,4,8,4,4,8,5,5,5,4,4,6,4,9,4,5,5,4,12,5,6,4,10,5,5,10,6,7,6,3,6,6,4,5,4,8,7,4,6,4,5,7,3,5,6,3,4,6,7,5,5,3,8,5,4,7,5,14,12,3,7,4,6,8,10,4,7,6,5,7,7,4,3,,6,9,4,9,3,6,4,4,,4,5,8,9,6,6,2,4,2,8,5,6,5,9,7,6,9,4,,5,4,4,17,7,8,56,10,10,9,9,,5,,8,,4,9,8,10,11,14,7,19,9,7,7,6,6,8,5,4,8,3,4,6,4,7,6,6,,,,3,,
20260624,0,NO2,18,17,11,13,9,9,16,11,12,32,22,39,13,15,7,12,13,46,24,18,9,14,4,9,13,4,13,13,10,2,7,5,10,20,31,10,15,10,16,23,38,38,23,12,8,7,22,9,14,9,15,14,7,19,11,3,12,4,14,11,11,12,8,15,16,13,12,11,13,16,23,25,42,10,6,11,17,54,18,22,14,48,17,10,27,17,16,12,14,11,17,8,9,6,13,14,15,6,12,6,17,5,13,3,29,15,6,7,7,12,21,8,16,23,23,17,13,15,16,36,12,20,10,9,5,18,13,11,30,13,32,13,7,10,7,5,10,11,4,13,9,7,14,7,20,8,7,6,7,11,20,19,27,13,26,16,20,11,3,8,,,,,,,,,,,,,,,,,,,,,,,,,,,,,,8,16,18,13,15,6,5,13,63,7,10,16,9,22,,15,5,14,16,25,22,22,29,10,13,8,19,10,23,19,16,11,16,11,11,34,7,11,7,7,12,5,5,3,15,3,8,15,16,7,13,6,6,10,8,7,17,13,6,7,8,18,4,15,12,13,16,13,23,12,12,14,4,10,17,10,8,7,6,4,6,3,6,5,6,9,6,6,16,5,36,15,10,21,13,11,14,8,13,11,9,6,9,13,16,5,16,8,7,4,4,,11,3,10,11,4,6,8,5,,7,7,13,6,7,9,4,12,7,5,8,6,9,6,7,1,3,5,,2,3,5,19,17,20,16,11,25,14,26,,8,,10,,48,5,4,1,4,1,16,2,49,9,7,5,10,12,11,26,26,27,9,24,2,4,11,6,,,,6,,
20260624,0,NO2_24h,17,20,11,20,25,10,15,9,12,24,16,19,8,19,9,21,11,28,28,15,11,14,5,8,11,4,15,15,11,3,7,3,8,16,20,11,18,9,14,14,21,18,17,7,8,10,20,6,15,9,14,11,6,14,10,3,12,4,10,10,11,8,8,8,14,11,11,8,8,16,19,17,19,9,6,10,13,21,14,13,13,15,12,12,19,9,18,15,13,11,12,6,11,8,10,17,12,6,11,6,10,5,12,3,13,11,5,6,6,11,14,8,13,19,16,13,21,18,15,22,11,11,13,9,6,14,13,9,14,10,17,8,13,8,8,5,8,8,4,10,7,9,15,9,13,7,6,8,10,9,15,12,11,10,14,16,13,20,3,5,,,,,,,,,,,,,,,,,,,,,,,,,,,,,,5,9,13,11,14,12,5,12,21,12,14,9,8,10,,8,7,22,11,21,16,27,34,13,13,11,11,8,14,12,11,7,15,10,14,15,5,10,8,6,11,5,5,4,10,3,6,7,13,6,12,10,10,7,11,5,14,12,6,9,8,10,3,10,11,11,13,8,13,7,8,11,5,13,14,8,8,6,4,6,6,5,4,5,8,8,6,6,7,6,21,7,7,13,10,11,11,8,8,11,12,7,8,10,17,6,17,10,9,4,5,,11,10,11,6,5,8,5,7,,6,5,10,6,8,7,4,5,8,6,7,6,9,7,8,5,4,8,,3,5,6,13,9,12,19,10,19,15,16,,9,,8,,18,9,4,2,5,1,10,2,16,14,7,7,9,9,8,12,7,11,7,11,4,7,6,7,,,,4,,
20260624,0,O3,94,105,124,77,105,128,151,63,49,115,151,98,123,126,80,94,59,42,100,65,65,75,89,100,73,74,71,67,75,75,76,81,81,40,45,63,60,66,50,18,20,25,35,22,64,91,54,64,108,82,92,51,52,38,47,60,49,59,47,61,44,49,66,44,29,59,26,42,111,50,97,73,67,102,45,44,73,46,86,33,103,44,51,81,164,120,92,101,81,76,78,87,98,98,68,96,71,54,49,63,39,48,48,72,37,52,49,53,50,92,73,108,85,102,63,87,107,91,89,52,94,26,101,64,65,64,85,103,71,91,46,105,57,59,65,59,31,24,78,28,82,56,36,47,25,44,55,29,36,47,67,65,53,26,59,93,96,92,113,97,,,,,,,,,,,,,,,,,,,,,,,,,,,,,,68,55,72,119,91,142,137,88,28,101,105,57,71,57,,66,143,70,105,63,31,85,85,51,62,102,49,37,11,37,45,21,54,48,58,94,24,70,67,78,65,75,52,73,58,74,66,57,61,62,68,58,58,36,78,23,27,62,49,35,52,39,63,37,101,90,81,58,55,79,72,69,44,34,50,47,92,58,48,61,76,47,51,47,61,45,49,41,26,14,17,53,63,24,48,56,43,24,39,55,85,41,34,73,61,42,27,74,47,54,55,,40,56,41,41,60,42,40,44,,12,42,52,41,37,37,44,30,42,26,46,36,38,59,50,127,123,118,,134,85,73,93,21,61,104,87,68,94,53,,105,,47,,20,,90,129,111,87,89,113,46,87,76,115,78,95,94,94,91,93,111,78,93,130,98,94,,,,40,,
20260624,0,O3_24h,94,105,124,77,105,128,151,63,49,115,151,98,123,126,80,94,59,42,100,65,65,75,89,100,73,74,71,67,75,75,76,81,81,40,45,63,60,66,50,18,20,25,35,22,64,91,54,64,108,82,92,51,52,38,47,60,49,59,47,61,44,49,66,44,29,59,26,42,111,50,97,73,67,102,45,44,73,46,86,33,103,44,51,81,164,120,92,101,81,76,78,87,98,98,68,96,71,54,49,63,39,48,48,72,37,52,49,53,50,92,73,108,85,102,63,87,107,91,89,52,94,26,101,64,65,64,85,103,71,91,46,105,57,59,65,59,31,24,78,28,82,56,36,47,25,44,55,29,36,47,67,65,53,26,59,93,96,92,113,97,,,,,,,,,,,,,,,,,,,,,,,,,,,,,,68,55,72,119,91,142,137,88,28,101,105,57,71,57,,66,143,70,105,63,31,85,85,51,62,102,49,37,11,37,45,21,54,48,58,94,24,70,67,78,65,75,52,73,58,74,66,57,61,62,68,58,58,36,78,23,27,62,49,35,52,39,63,37,101,90,81,58,55,79,72,69,44,34,50,47,92,58,48,61,76,47,51,47,61,45,49,41,26,14,17,53,63,24,48,56,43,24,39,55,85,41,34,73,61,42,27,74,47,54,55,,40,56,41,41,60,42,40,44,,12,42,52,41,37,37,44,30,42,26,46,36,38,59,50,127,123,118,,134,85,73,93,21,61,104,87,68,94,53,,105,,47,,20,,90,129,111,87,89,113,46,87,76,115,78,95,94,94,91,93,111,78,93,130,98,94,,,,40,,
20260624,0,O3_8h,143,195,173,133,129,156,204,142,103,190,201,195,178,163,97,125,106,136,139,79,82,81,88,98,106,85,74,78,87,89,85,90,98,64,72,98,69,87,80,76,65,71,67,79,89,132,154,75,197,106,147,67,55,104,72,65,84,76,66,107,99,93,82,91,53,98,47,62,129,122,148,122,137,123,52,52,102,146,138,103,135,124,156,105,213,193,219,203,119,106,134,152,173,103,101,180,102,89,89,90,89,73,115,82,119,103,85,76,62,136,151,129,143,152,122,113,125,108,127,127,135,102,150,82,83,83,142,166,131,148,114,121,60,69,73,73,68,59,90,71,95,89,70,72,58,76,84,44,49,77,144,126,111,101,128,138,139,137,123,111,,,,,,,,,,,,,,,,,,,,,,,,,,,,,,98,104,133,145,134,163,126,166,154,118,103,81,103,107,,71,130,114,117,113,95,125,139,107,108,131,97,52,87,98,90,98,104,82,92,138,98,88,85,97,82,82,61,91,85,91,87,101,76,82,138,97,96,97,141,42,86,93,78,93,96,98,67,75,154,150,160,111,119,111,115,114,67,87,85,72,89,76,68,77,97,64,69,53,64,72,53,58,50,52,89,80,94,68,88,105,81,61,74,116,90,57,47,88,98,54,51,99,62,79,43,,61,74,59,58,78,73,59,50,,39,61,73,61,62,58,50,64,66,42,54,52,58,65,107,132,123,125,,155,86,89,135,80,134,130,88,124,110,96,,103,,74,,125,138,140,157,133,81,124,126,151,137,98,117,111,123,125,141,137,134,120,125,104,134,121,120,,,,63,,
20260624,0,O3_8h_24h,123,165,159,117,122,156,178,109,70,166,190,161,158,146,91,107,83,77,124,71,64,72,86,97,92,74,69,63,74,78,82,84,92,52,58,74,60,72,60,33,42,52,52,50,73,117,89,71,162,90,122,58,53,61,53,64,63,68,60,72,64,69,80,57,41,81,37,53,125,83,128,103,117,113,47,47,92,106,112,71,112,93,101,93,197,165,154,142,99,90,104,124,133,101,86,133,88,66,58,75,65,59,93,75,88,68,64,66,56,117,116,117,118,137,86,97,107,78,109,87,109,62,129,74,72,68,122,147,106,128,84,119,53,65,73,61,46,40,79,45,88,74,53,56,46,62,71,35,40,70,115,108,89,66,107,116,122,121,121,106,,,,,,,,,,,,,,,,,,,,,,,,,,,,,,85,84,112,139,120,153,126,129,105,107,102,75,90,91,,70,128,98,109,90,70,72,87,83,82,111,80,40,53,75,65,54,73,70,67,115,58,80,77,88,78,80,53,75,68,82,77,84,71,76,101,74,74,62,102,28,58,90,62,48,54,74,66,65,136,126,128,90,91,102,99,95,55,65,69,60,89,62,57,69,89,55,56,51,62,60,53,49,38,40,45,75,75,41,66,81,60,39,43,88,80,48,41,79,81,50,29,78,45,66,30,,44,57,44,50,64,49,52,43,,22,51,60,46,48,48,46,50,52,33,48,45,51,61,77,132,122,119,,151,79,86,118,60,93,124,87,100,130,78,,95,,56,,84,129,115,152,122,81,114,117,120,120,90,116,91,111,115,131,131,129,110,115,101,134,115,109,,,,49,,
20260624,0,CO,0.58,0.66,0.42,0.49,0.25,0.28,0.44,0.27,0.50,0.60,0.60,0.45,0.35,0.67,0.26,0.49,0.52,0.69,0.52,0.37,0.33,0.46,0.42,0.34,0.32,0.52,0.61,0.41,0.30,0.42,0.76,0.38,0.38,0.60,0.51,0.37,0.60,0.47,0.80,0.50,0.60,0.67,0.40,0.40,0.48,0.45,0.40,0.75,0.42,0.41,0.40,0.46,0.57,0.55,0.55,0.67,0.50,0.40,0.50,0.50,0.55,0.50,0.60,0.38,0.58,0.50,0.63,0.43,0.27,0.57,0.60,0.80,0.84,0.26,0.42,0.65,0.26,0.60,0.50,0.47,0.33,0.65,0.45,0.28,0.65,0.37,0.46,0.25,0.30,0.33,0.38,0.33,0.24,0.44,0.40,0.46,0.63,0.57,0.40,0.60,0.65,0.55,0.55,0.47,0.55,0.50,0.47,0.65,0.20,0.20,0.54,0.50,0.72,0.86,0.60,0.58,0.45,0.52,0.52,0.55,0.36,0.33,0.55,0.43,0.43,0.52,0.42,0.43,0.47,0.40,0.53,0.50,0.33,0.47,0.78,0.85,0.75,0.47,0.38,0.54,0.45,0.60,0.68,0.45,0.60,0.50,0.60,0.30,0.55,0.45,0.50,0.55,0.55,0.60,0.45,0.40,0.47,0.36,0.34,0.25,,,,,,,,,,,,,,,,,,,,,,,,,,,,,,0.43,0.40,0.60,0.47,0.30,0.60,0.68,0.67,0.50,0.30,0.30,0.30,0.45,0.43,,0.20,0.50,0.50,0.50,0.25,0.77,0.23,0.50,0.55,0.35,0.35,0.30,0.43,0.33,0.33,0.57,0.45,0.20,0.33,0.25,0.35,0.40,0.32,0.18,0.30,0.63,0.52,0.50,0.30,0.48,0.20,0.25,0.23,0.53,0.37,0.43,0.50,0.25,0.35,0.45,0.70,0.90,0.85,0.65,0.44,0.20,1.50,0.80,0.55,0.52,0.43,0.40,0.45,0.52,0.52,0.40,0.20,0.35,0.80,0.80,0.57,0.63,0.60,0.53,1.00,0.60,0.50,0.75,0.55,0.90,0.85,0.70,0.50,0.55,0.30,0.35,0.60,0.53,0.70,0.43,0.40,0.47,0.90,0.60,1.00,0.57,0.55,0.47,0.65,0.65,0.45,0.30,0.60,0.60,0.30,0.40,,0.25,0.45,0.40,0.53,0.35,0.50,0.45,0.50,,0.60,0.35,0.40,0.55,0.65,0.50,0.50,0.20,0.20,0.55,0.40,0.40,0.55,0.45,0.45,0.15,0.35,0.30,,0.30,0.35,0.43,0.37,0.50,0.85,0.20,0.40,0.50,0.30,1.05,,0.50,,0.40,,0.30,,0.40,0.40,0.40,0.30,0.20,0.40,0.70,0.35,0.35,0.45,0.15,0.20,0.40,0.70,0.20,0.50,0.25,0.55,0.70,0.20,0.40,0.20,,,,0.45,,
20260624,0,CO_24h,0.48,0.59,0.44,0.67,0.30,0.35,0.36,0.37,0.30,0.47,0.40,0.43,0.45,0.72,0.32,0.82,0.51,0.50,0.49,0.38,0.38,0.47,0.42,0.36,0.32,0.50,0.59,0.49,0.36,0.43,0.74,0.38,0.45,0.59,0.51,0.43,0.57,0.53,0.70,0.43,0.60,0.67,0.40,0.45,0.52,0.47,0.43,0.77,0.43,0.40,0.50,0.51,0.54,0.48,0.54,0.60,0.47,0.30,0.50,0.47,0.55,0.43,0.59,0.40,0.55,0.51,0.63,0.42,0.27,0.57,0.57,0.60,0.60,0.28,0.38,0.63,0.29,0.52,0.50,0.52,0.30,0.45,0.43,0.33,0.52,0.40,0.52,0.52,0.36,0.33,0.42,0.33,0.33,0.44,0.27,0.58,0.57,0.55,0.43,0.60,0.55,0.55,0.60,0.47,0.45,0.40,0.40,0.55,0.40,0.20,0.56,0.62,0.90,0.88,0.52,0.82,0.65,0.68,0.52,0.38,0.34,0.30,0.40,0.40,0.50,0.54,0.54,0.47,0.52,0.40,0.63,0.53,0.38,0.47,0.68,0.82,0.70,0.47,0.42,0.64,0.45,0.57,0.68,0.50,0.53,0.47,0.60,0.30,0.53,0.45,0.47,0.55,0.45,0.56,0.50,0.30,0.63,0.60,0.34,0.20,,,,,,,,,,,,,,,,,,,,,,,,,,,,,,0.43,0.40,0.50,0.47,0.27,0.60,0.67,0.60,0.43,0.37,0.40,0.30,0.45,0.42,,0.15,0.45,0.53,0.53,0.50,0.77,0.37,0.50,0.65,0.35,0.40,0.35,0.30,0.23,0.20,0.50,0.47,0.20,0.30,0.25,0.25,0.25,0.33,0.22,0.25,0.60,0.55,0.60,0.30,0.48,0.20,0.25,0.23,0.58,0.33,0.40,0.83,0.30,0.40,0.70,0.60,0.93,0.68,0.50,0.40,0.25,1.02,0.78,0.60,0.50,0.45,0.40,0.53,0.50,0.52,0.43,0.30,0.33,0.87,0.80,0.53,0.60,0.60,0.57,0.70,0.63,0.55,0.80,0.55,0.90,0.65,0.70,0.50,0.50,0.30,0.25,0.60,0.55,0.67,0.40,0.40,0.43,0.90,0.40,0.60,0.63,0.55,0.53,0.70,0.60,0.38,0.35,0.60,0.65,0.35,0.40,,0.20,0.45,0.43,0.50,0.40,0.50,0.35,0.55,,0.60,0.40,0.40,0.55,0.65,0.45,0.50,0.10,0.15,0.55,0.40,0.40,0.55,0.45,0.50,0.20,0.40,0.30,,0.30,0.35,0.47,0.33,0.60,0.85,0.45,0.35,0.40,0.40,0.60,,0.55,,0.45,,0.25,0.50,0.40,0.70,0.40,0.30,0.20,0.30,0.50,0.35,0.35,0.45,0.10,0.20,0.35,0.65,0.30,0.35,0.30,0.45,0.60,0.20,0.35,0.20,,,,0.40,,
20260624,1,AQI,54,44,46,38,37,35,64,20,32,114,70,55,43,46,23,28,24,42,40,20,20,22,28,30,23,22,22,21,23,23,23,24,25,43,35,28,40,23,31,42,47,44,24,12,19,27,35,20,32,53,30,15,17,33,31,23,34,24,33,27,24,32,34,28,22,19,25,21,35,18,32,32,68,33,20,17,28,48,54,27,31,37,30,24,78,42,30,30,24,22,23,25,28,31,30,26,31,21,33,31,31,32,24,28,41,38,27,26,16,26,41,36,50,58,26,50,30,33,36,53,31,25,45,20,20,21,34,31,42,33,38,40,16,29,20,22,20,22,30,23,29,15,19,18,20,15,18,12,17,25,25,37,33,49,25,28,167,37,46,28,,,,,,,,,,,,,,,,,,,,,,,,,,,,,,25,25,55,36,42,42,43,34,89,31,26,24,22,32,,20,47,23,34,37,27,27,36,18,23,43,18,17,53,50,43,31,31,20,19,51,18,23,22,25,22,22,18,23,32,24,20,18,18,20,47,16,17,25,21,13,37,34,20,22,22,43,26,23,49,39,31,27,33,35,29,29,16,33,32,15,29,18,16,19,25,17,15,19,20,17,14,14,21,21,55,24,37,37,29,31,32,18,34,19,27,13,19,33,31,13,14,23,12,16,25,,10,18,13,37,18,23,16,13,,5,17,22,13,24,19,16,19,15,30,14,26,17,19,13,40,37,36,,45,23,21,26,27,18,29,26,37,29,31,,34,,26,,54,29,27,39,32,28,26,35,54,31,22,32,36,29,57,51,125,96,35,52,88,38,42,31,,,,23,,
20260624,1,PM2.5,36,25,31,23,13,21,45,12,19,86,51,32,22,27,6,12,17,29,24,14,5,4,3,8,9,8,3,7,4,6,9,5,11,30,20,15,28,16,22,18,30,24,16,3,3,12,18,8,11,11,17,7,9,17,13,15,21,11,18,14,13,16,16,15,9,7,8,7,5,6,15,20,34,11,12,10,15,22,33,13,22,26,11,16,57,19,10,4,9,9,4,3,8,8,21,3,13,13,20,18,22,14,12,16,18,20,16,17,4,9,19,20,20,29,18,27,21,23,25,37,11,14,27,10,10,3,22,22,23,22,20,28,3,20,3,14,14,13,9,12,15,5,11,3,8,7,3,3,5,7,15,22,12,16,8,,85,7,32,8,,,,,,,,,,,,,,,,,,,,,,,,,,,,,,13,8,28,16,20,27,15,24,23,9,10,17,9,15,,3,6,16,15,26,17,19,24,8,5,30,10,9,22,19,18,10,9,7,8,23,10,4,3,6,5,6,3,13,8,10,4,7,8,13,30,6,8,16,3,7,21,15,13,10,5,18,9,11,34,20,21,16,22,21,14,18,3,16,22,4,18,3,3,3,13,3,6,13,7,3,8,4,15,5,14,11,9,22,16,22,16,3,24,13,3,3,13,23,22,7,3,16,3,7,6,,3,11,7,23,3,12,7,5,,3,12,9,5,11,13,3,6,6,11,3,8,11,5,5,3,9,8,,3,7,3,13,7,8,12,15,26,15,12,,11,,10,,11,19,7,10,13,6,3,6,31,10,6,12,25,16,26,27,49,38,6,24,65,14,19,8,,,,9,,
20260624,1,PM2.5_24h,25,26,20,26,19,25,26,17,11,40,27,21,22,26,6,16,14,19,13,9,3,4,,6,13,5,2,4,5,3,6,4,10,13,18,21,20,6,11,11,16,17,19,7,3,25,20,5,24,4,25,7,7,14,10,12,16,11,15,12,12,14,15,13,9,10,7,5,6,15,15,17,19,15,7,7,10,14,15,15,14,19,22,10,28,19,26,19,6,9,6,9,23,5,9,16,19,13,15,15,18,10,17,13,18,18,13,14,4,15,17,23,19,25,14,17,16,15,20,18,12,12,18,6,8,2,30,25,23,24,24,22,8,21,2,14,8,14,12,12,11,6,14,5,4,3,3,3,7,8,25,18,13,17,16,21,28,14,25,6,,,,,,,,,,,,,,,,,,,,,,,,,,,,,,16,16,21,21,16,29,16,22,14,11,18,12,9,10,,4,9,14,14,16,19,19,15,11,7,22,14,7,13,15,18,11,16,10,12,8,11,5,7,10,3,3,2,10,13,13,6,13,6,5,25,13,12,17,27,5,22,28,16,15,11,20,9,14,33,22,20,19,22,17,18,20,3,18,21,2,21,6,4,3,10,6,8,13,7,14,17,4,4,7,18,14,13,19,20,21,16,7,15,19,3,1,6,13,10,8,3,18,4,5,8,,3,10,9,14,4,10,11,8,,5,11,10,4,11,10,4,8,6,10,5,8,8,6,3,2,2,9,,4,4,3,11,5,7,16,9,25,15,12,,13,,8,,11,17,11,11,11,5,3,6,18,12,9,13,14,16,14,33,21,14,17,12,41,6,9,15,,,,8,,
20260624,1,PM10,57,44,46,38,37,35,77,20,32,101,65,60,43,46,7,22,21,42,40,17,13,6,7,17,23,19,6,15,12,13,15,16,25,35,35,28,38,13,23,42,47,44,24,12,8,27,35,14,32,55,30,13,11,33,31,23,34,24,33,27,24,32,34,28,22,10,25,21,16,18,32,32,85,27,20,17,28,48,57,27,30,35,30,21,77,42,30,16,23,17,20,18,23,15,22,20,31,21,33,31,31,32,24,28,41,38,27,26,10,22,41,32,50,66,23,50,27,32,34,55,31,25,45,12,18,9,34,30,42,33,38,39,13,25,9,22,,22,30,23,29,11,19,18,20,15,7,12,17,25,25,37,33,49,25,,283,37,45,17,,,,,,,,,,,,,,,,,,,,,,,,,,,,,,25,25,60,36,42,34,28,33,127,31,26,21,22,32,,8,26,20,34,25,27,24,28,18,23,43,18,17,55,50,43,31,31,20,14,52,18,12,11,13,14,10,7,,32,24,7,14,13,12,47,12,15,25,,13,37,34,20,22,22,43,26,23,42,39,31,27,33,35,29,29,16,33,32,11,27,10,10,6,21,17,12,16,20,12,14,14,,21,60,24,37,37,29,30,32,18,26,14,16,11,,23,27,10,14,22,9,14,25,,6,18,9,37,12,23,16,,,,9,22,10,24,16,16,19,15,30,6,26,17,11,10,11,14,10,,7,6,11,20,27,17,26,26,28,21,31,,26,,26,,57,29,20,20,19,18,13,12,58,31,14,32,,21,64,51,199,142,31,54,84,26,42,31,,,,23,,
20260624,1,PM10_24h,44,55,42,55,49,32,57,25,24,63,44,48,43,42,13,35,24,31,36,11,11,6,4,12,25,13,6,10,9,8,12,12,16,17,26,35,26,8,12,23,25,31,28,18,8,36,37,5,48,9,36,12,12,27,27,21,23,22,29,25,24,26,26,23,20,14,20,13,11,29,33,25,54,51,11,14,20,41,35,28,23,28,37,16,48,40,50,40,22,19,23,26,41,10,14,36,30,23,27,28,27,21,28,22,34,36,25,27,11,28,33,30,46,53,21,35,28,28,31,29,26,27,34,8,12,7,42,40,33,38,38,36,16,27,9,13,7,28,30,24,26,13,20,17,11,13,9,10,19,18,39,26,22,28,39,59,77,46,44,21,,,,,,,,,,,,,,,,,,,,,,,,,,,,,,25,23,38,38,43,43,25,36,54,44,34,29,35,25,,13,32,25,26,34,29,28,24,23,30,30,17,13,24,28,31,23,23,19,20,21,15,18,12,21,10,6,9,7,25,23,5,16,9,8,39,25,20,25,43,8,30,49,28,29,29,34,24,28,44,42,34,24,27,28,28,40,13,27,30,9,27,15,7,6,21,17,14,14,15,19,25,11,9,11,40,40,30,32,29,37,26,16,25,34,19,6,10,20,23,12,13,26,10,12,19,,7,15,16,19,13,19,18,6,,5,13,23,10,27,16,6,11,14,23,8,16,13,14,9,9,11,18,,11,8,9,24,14,16,38,21,45,36,35,,24,,26,,37,27,23,23,24,17,9,17,41,33,15,38,18,52,42,54,63,40,91,27,75,23,47,80,,,,20,,
20260624,1,SO2,2,6,1,9,6,4,4,4,3,2,9,5,3,10,8,5,6,6,6,6,5,5,4,5,8,7,5,7,4,9,7,8,6,6,6,5,6,5,5,6,6,2,4,5,7,5,2,7,6,6,4,4,5,6,5,6,5,8,4,4,5,10,4,5,8,4,5,5,6,5,7,19,7,5,5,6,11,8,7,5,7,9,2,7,14,10,11,9,16,6,4,5,6,7,3,8,14,6,7,4,9,6,6,5,4,9,4,6,6,4,8,10,9,12,13,8,9,7,6,6,4,6,6,5,6,3,11,3,7,7,5,9,7,6,4,7,8,5,3,6,3,7,9,9,3,11,4,6,3,3,5,6,3,6,6,22,13,13,6,4,,,,,,,,,,,,,,,,,,,,,,,,,,,,,,5,3,4,4,5,9,5,5,5,9,7,5,9,26,,6,12,7,10,9,6,3,8,12,10,1,4,7,10,5,11,5,4,9,7,10,7,6,7,4,8,4,4,8,5,5,5,5,5,6,8,5,4,6,5,4,13,4,4,3,13,10,5,9,8,6,5,3,6,6,4,5,4,8,7,5,6,4,5,7,3,5,6,3,4,4,5,5,5,4,8,7,4,6,8,11,12,3,7,4,4,9,9,4,6,7,4,7,7,7,3,,6,7,3,15,3,6,4,4,,4,5,9,8,6,7,2,4,2,8,6,4,4,9,7,6,6,3,,5,4,4,47,4,8,6,8,10,6,9,,5,,9,,4,2,3,10,12,14,7,18,8,6,7,6,7,8,6,4,6,3,5,7,4,7,6,5,,,,5,,
20260624,1,SO2_24h,3,8,3,9,7,4,4,4,3,3,9,6,4,12,8,9,7,7,6,6,5,5,4,5,8,6,5,7,5,9,7,7,6,6,5,5,6,5,5,5,6,3,4,5,7,5,3,7,7,6,4,4,5,6,5,6,6,6,4,3,5,8,4,5,8,4,6,6,6,5,10,15,8,5,5,6,9,10,7,6,7,8,3,9,12,9,12,11,10,5,5,6,8,7,3,11,12,6,8,4,8,6,6,5,5,11,4,7,6,5,9,10,7,12,14,8,11,7,8,6,4,6,6,5,6,3,10,3,8,8,5,8,7,7,3,7,8,6,3,6,2,8,10,10,4,10,4,6,3,4,6,6,3,8,7,18,15,14,7,4,,,,,,,,,,,,,,,,,,,,,,,,,,,,,,5,3,5,4,7,10,5,8,6,12,8,5,11,8,,6,10,8,9,12,7,6,7,12,11,2,4,7,9,6,8,6,4,8,7,10,6,6,7,4,8,4,4,8,5,5,5,4,4,6,4,9,4,5,5,4,12,5,6,4,10,5,5,10,6,7,6,3,6,6,4,5,4,8,7,4,6,4,5,7,3,5,6,3,4,6,7,5,5,3,8,5,4,7,5,14,12,3,7,4,6,8,10,4,7,6,5,7,7,4,3,,6,9,4,9,3,6,4,4,,4,5,8,9,6,6,2,4,2,8,5,5,5,9,7,6,9,4,,5,4,4,18,7,8,55,10,10,9,9,,5,,8,,4,9,8,10,11,14,7,19,9,7,7,6,6,8,5,4,8,3,4,6,4,7,6,6,,,,3,,
20260624,1,NO2,19,15,10,11,8,15,18,9,17,29,25,34,8,19,8,13,12,41,21,18,9,18,4,7,15,3,12,12,9,2,7,4,9,16,23,9,15,8,15,24,27,35,20,12,7,7,24,8,15,9,15,13,6,18,11,2,11,5,14,11,11,10,9,11,16,8,11,11,9,15,23,21,42,8,5,10,17,47,18,23,17,55,12,10,23,16,22,12,15,12,19,8,10,7,13,16,16,7,11,7,14,4,13,2,26,13,6,8,7,14,20,7,21,23,24,19,17,14,29,37,9,15,10,7,5,13,15,10,37,9,32,12,8,9,6,4,10,7,4,12,9,8,15,7,21,6,6,6,5,11,19,17,30,11,8,17,28,11,3,9,,,,,,,,,,,,,,,,,,,,,,,,,,,,,,8,13,21,15,16,6,5,12,53,7,12,14,7,20,,12,5,18,17,18,23,23,10,8,18,10,14,12,25,17,14,8,30,13,10,33,5,8,6,6,8,5,5,2,12,4,7,15,13,5,12,7,6,11,7,4,17,13,5,6,6,17,3,18,11,15,17,14,27,16,11,13,5,9,17,7,6,7,3,5,7,3,6,5,6,7,6,6,12,5,38,14,9,24,11,10,11,12,13,13,10,6,8,10,15,5,12,8,9,5,4,,15,7,9,11,4,6,7,5,,4,4,16,5,6,10,4,12,8,5,7,6,9,5,8,1,3,3,,2,4,6,20,18,16,16,11,21,14,17,,8,,8,,45,4,3,2,9,2,18,2,50,7,8,6,6,10,12,23,29,23,9,17,3,4,8,5,,,,5,,
20260624,1,NO2_24h,17,20,11,19,23,10,15,9,12,25,16,19,8,18,8,20,10,28,27,15,11,14,5,8,11,4,15,15,11,3,7,4,9,16,21,11,18,9,14,14,22,19,18,7,8,10,20,6,14,9,14,11,6,14,10,3,12,4,10,10,10,8,8,8,14,11,11,8,8,15,19,18,20,9,6,10,13,22,14,13,13,17,12,12,19,9,18,15,13,11,12,6,11,8,10,17,12,6,11,6,10,5,12,3,14,11,5,6,6,12,14,8,13,19,16,13,21,17,15,22,11,11,13,9,6,14,13,9,15,10,17,8,13,8,8,5,8,8,4,10,7,9,15,9,13,7,6,8,10,9,15,13,11,10,13,16,14,19,4,5,,,,,,,,,,,,,,,,,,,,,,,,,,,,,,5,8,13,11,14,11,5,12,22,11,14,10,8,10,,8,7,21,11,21,16,26,32,12,13,11,11,8,14,12,11,7,16,10,14,16,5,10,8,6,10,5,5,4,10,3,6,7,13,6,12,10,9,7,10,5,14,12,6,9,8,10,3,10,11,11,13,8,14,7,8,11,5,12,14,8,8,6,4,6,6,5,4,5,8,7,6,6,8,7,22,6,7,13,11,11,11,9,9,11,12,8,8,10,17,6,17,10,9,4,5,,11,10,11,6,5,8,6,7,,6,5,10,6,7,7,4,6,8,6,7,6,9,7,8,5,4,8,,3,5,6,13,9,12,19,10,18,14,15,,8,,8,,18,9,4,2,5,1,10,2,18,14,7,7,9,8,8,13,8,11,6,11,4,6,6,7,,,,4,,
20260624,1,O3,80,96,116,75,96,112,118,57,40,111,119,106,122,116,74,90,58,47,104,63,64,70,91,96,67,71,70,67,72,75,74,78,81,43,35,63,56,67,53,19,21,25,41,19,62,87,44,65,100,81,87,48,53,39,47,62,47,58,40,56,43,50,61,49,25,61,28,41,113,50,91,68,54,107,47,46,66,48,79,27,93,28,50,78,160,112,73,96,77,69,74,80,89,99,61,84,74,49,47,61,41,54,41,73,34,51,46,53,51,84,68,114,73,88,54,79,93,85,59,44,100,29,93,63,64,68,80,96,58,94,39,100,51,,63,65,26,28,73,27,82,49,27,45,19,46,58,28,39,42,53,59,41,24,63,91,71,92,108,88,,,,,,,,,,,,,,,,,,,,,,,,,,,,,,64,64,59,109,80,134,139,82,31,96,84,58,70,60,,63,149,61,95,62,29,79,116,43,43,95,53,34,10,34,51,22,38,38,60,86,22,75,69,79,69,69,57,74,61,73,65,58,59,64,67,50,53,33,66,30,24,57,53,35,50,36,60,33,101,79,74,45,43,67,70,69,37,33,45,49,94,56,51,61,80,46,49,47,58,55,45,40,21,13,15,57,67,19,48,50,53,18,33,48,85,41,32,73,59,42,35,59,38,51,49,,31,42,41,39,58,39,41,40,,15,49,46,42,35,30,44,29,39,21,45,30,33,60,42,129,118,116,,144,75,66,84,17,57,93,72,64,93,52,,109,,44,,19,,87,124,103,90,84,112,41,86,71,100,80,94,92,90,83,90,113,89,78,122,101,90,,,,43,,
20260624,1,O3_24h,80,96,116,75,96,112,118,57,40,111,119,106,122,116,74,90,58,47,104,63,64,70,91,96,67,71,70,67,72,75,74,78,81,43,35,63,56,67,53,19,21,25,41,19,62,87,44,65,100,81,87,48,53,39,47,62,47,58,40,56,43,50,61,49,25,61,28,41,113,50,91,68,54,107,47,46,66,48,79,27,93,28,50,78,160,112,73,96,77,69,74,80,89,99,61,84,74,49,47,61,41,54,41,73,34,51,46,53,51,84,68,114,73,88,54,79,93,85,59,44,100,29,93,63,64,68,80,96,58,94,39,100,51,,63,65,26,28,73,27,82,49,27,45,19,46,58,28,39,42,53,59,41,24,63,91,71,92,108,88,,,,,,,,,,,,,,,,,,,,,,,,,,,,,,64,64,59,109,80,134,139,82,31,96,84,58,70,60,,63,149,61,95,62,29,79,116,43,43,95,53,34,10,34,51,22,38,38,60,86,22,75,69,79,69,69,57,74,61,73,65,58,59,64,67,50,53,33,66,30,24,57,53,35,50,36,60,33,101,79,74,45,43,67,70,69,37,33,45,49,94,56,51,61,80,46,49,47,58,55,45,40,21,13,15,57,67,19,48,50,53,18,33,48,85,41,32,73,59,42,35,59,38,51,49,,31,42,41,39,58,39,41,40,,15,49,46,42,35,30,44,29,39,21,45,30,33,60,42,129,118,116,,144,75,66,84,17,57,93,72,64,93,52,,109,,44,,19,,87,124,103,90,84,112,41,86,71,100,80,94,92,90,83,90,113,89,78,122,101,90,,,,43,,
20260624,1,O3_8h,,,,,,,,,,,,,,,,,,,,,,,,,,,,,,,,,,,,,,,,,,,,,,,,,,,,,,,,,,,,,,,,,,113,,,,,,,,,,,,,,,,,,,211,,,,,,,,,,,,,,,,,,,,,,,,,,,,,,,,,,,,,,,,,,,,,,,,,,,,,,,,,,,,,,,,,,,,,,,,,,,,,,,,,,,,,,,,,,,,,,,,,,,,,,,,,,,,,,,,,,,,,,,,,,,,,,,,,,,,,,,,,,,,,,,,,,,,,,,,,,,,,,,,,,,,,,,,,,,,,,,,,,,,,,,,,,,,,,,,,,,,,,,,,,,,,,,,,,,,,,,,,,,,,,,,,,,,,,,,,,,,,,,,,,,,,,,,,,,,,,,,,,,,,,,,,,,,,,,,,,,,,,,,,,,,,,,,,,
20260624,1,O3_8h_24h,,,,,,,,,,,,,,,,,,,,,,,,,,,,,,,,,,,,,,,,,,,,,,,,,,,,,,,,,,,,,,,,,,,,,,,,,,,,,,,,,,,,,,,,,,,,,,,,,,,,,,,,,,,,,,,,,,,,,,,,,,,,,,,,,,,,,,,,,,,,,,,,,,,,,,,,,,,,,,,,,,,,,,,,,,,,,,,,,,,,,,,,,,,,,,,,,,,,,,,,,,,,,,,,,,,,,,,,,,,,,,,,,,,,,,,,,,,,,,,,,,,,,,,,,,,,,,,,,,,,,,,,,,,,,,,,,,,,,,,,,,,,,,,,,,,,,,,,,,,,,,,,,,,,,,,,,,,,,,,,,,,,,,,,,,,,,,,,,,,,,,,,,,,,,,,,,,,,,,,,,,,,,,,,,,,,,,,
20260624,1,CO,0.56,0.65,0.44,0.52,0.20,0.35,0.49,0.20,0.40,0.60,0.57,0.45,0.38,0.75,0.26,0.54,0.54,0.61,0.47,0.36,0.33,0.43,0.42,0.34,0.30,0.52,0.61,0.46,0.30,0.42,0.78,0.40,0.38,0.62,0.49,0.40,0.58,0.47,0.75,0.50,0.70,0.67,0.40,0.40,0.47,0.48,0.40,0.75,0.46,0.43,0.40,0.50,0.56,0.55,0.55,0.63,0.50,0.45,0.53,0.50,0.55,0.50,0.59,0.35,0.59,0.47,0.63,0.43,0.25,0.54,0.57,0.65,0.84,0.27,0.40,0.63,0.26,0.54,0.72,0.50,0.33,0.63,0.40,0.26,0.65,0.37,0.54,0.25,0.32,0.33,0.38,0.30,0.25,0.46,0.40,0.48,0.67,0.57,0.43,0.60,0.60,0.55,0.55,0.47,0.50,0.40,0.43,0.65,0.30,0.20,0.56,0.50,0.93,0.86,0.64,0.58,0.48,0.48,0.52,0.52,0.38,0.30,0.57,0.42,0.43,0.52,0.42,0.35,0.48,0.47,0.50,0.55,0.33,0.43,0.70,0.80,0.75,0.50,0.38,0.56,0.45,0.63,0.68,0.50,0.63,0.50,0.60,0.25,0.55,0.45,0.47,0.50,0.55,0.56,0.40,,1.43,0.40,0.32,0.20,,,,,,,,,,,,,,,,,,,,,,,,,,,,,,0.43,0.40,0.60,0.47,0.33,0.60,0.68,0.67,0.50,0.23,0.37,0.20,0.45,0.43,,0.15,0.55,0.50,0.53,0.25,0.77,0.20,0.90,0.45,0.35,0.35,0.30,0.43,0.33,0.37,0.67,0.40,0.25,0.33,0.25,0.45,0.35,0.32,0.23,0.30,0.60,0.50,0.55,0.30,0.44,0.20,0.25,0.23,0.53,0.37,0.43,0.50,0.25,0.35,0.40,0.70,0.77,0.78,0.50,0.42,0.20,1.48,0.80,0.50,0.44,0.48,0.40,0.50,0.52,0.52,0.40,0.17,0.43,0.83,0.80,0.57,0.67,0.60,0.50,1.00,0.60,0.50,0.78,0.55,0.90,0.70,0.70,0.50,0.55,0.30,0.35,0.60,0.53,0.63,0.43,0.35,0.43,0.90,0.60,0.70,0.60,0.55,0.47,0.63,0.65,0.45,0.32,0.60,0.60,0.30,0.40,,0.25,0.50,0.40,0.53,0.35,0.50,0.40,0.50,,0.45,0.35,0.50,0.55,0.65,0.45,0.50,0.10,0.15,0.55,0.40,0.35,0.55,0.50,0.45,0.15,0.30,0.20,,0.30,0.35,0.47,0.40,0.50,0.85,0.25,0.40,0.30,0.30,1.00,,0.50,,0.45,,0.30,0.40,0.30,0.40,0.40,0.30,0.20,0.30,0.70,0.35,0.35,0.45,0.10,0.20,0.45,0.70,0.20,0.45,0.25,0.45,0.70,0.20,0.40,0.15,,,,0.50,,
20260624,1,CO_24h,0.48,0.59,0.46,0.68,0.30,0.38,0.36,0.37,0.30,0.50,0.40,0.43,0.45,0.72,0.32,0.81,0.51,0.53,0.49,0.38,0.38,0.47,0.42,0.36,0.32,0.50,0.60,0.49,0.36,0.43,0.74,0.38,0.43,0.59,0.51,0.43,0.55,0.53,0.70,0.43,0.60,0.67,0.40,0.45,0.52,0.47,0.43,0.77,0.43,0.40,0.49,0.51,0.54,0.49,0.54,0.60,0.47,0.40,0.53,0.47,0.55,0.43,0.59,0.40,0.56,0.51,0.63,0.42,0.27,0.56,0.57,0.60,0.66,0.30,0.38,0.63,0.29,0.52,0.50,0.52,0.30,0.45,0.43,0.33,0.56,0.40,0.52,0.47,0.36,0.32,0.42,0.33,0.33,0.44,0.27,0.58,0.57,0.55,0.43,0.60,0.55,0.55,0.60,0.47,0.45,0.40,0.43,0.55,0.40,0.20,0.56,0.62,0.88,0.90,0.52,0.82,0.65,0.68,0.52,0.38,0.36,0.30,0.40,0.40,0.50,0.54,0.52,0.47,0.48,0.40,0.63,0.53,0.38,0.47,0.68,0.82,0.75,0.47,0.42,0.64,0.45,0.57,0.70,0.50,0.53,0.47,0.60,0.30,0.53,0.45,0.47,0.55,0.45,0.56,0.50,0.30,0.67,0.58,0.34,0.20,,,,,,,,,,,,,,,,,,,,,,,,,,,,,,0.43,0.40,0.50,0.47,0.30,0.60,0.67,0.60,0.43,0.40,0.40,0.30,0.45,0.42,,0.15,0.45,0.50,0.53,0.50,0.77,0.37,0.50,0.65,0.35,0.40,0.35,0.30,0.23,0.20,0.50,0.47,0.25,0.30,0.25,0.25,0.25,0.33,0.22,0.25,0.60,0.55,0.60,0.30,0.48,0.20,0.25,0.23,0.55,0.33,0.40,0.83,0.30,0.40,0.65,0.60,0.93,0.68,0.50,0.40,0.25,1.05,0.78,0.60,0.50,0.43,0.40,0.50,0.50,0.52,0.43,0.30,0.33,0.87,0.80,0.53,0.60,0.60,0.57,0.70,0.63,0.55,0.80,0.55,0.90,0.65,0.73,0.50,0.50,0.30,0.25,0.60,0.55,0.67,0.40,0.40,0.43,0.90,0.40,0.60,0.63,0.55,0.53,0.70,0.60,0.38,0.35,0.60,0.65,0.35,0.40,,0.20,0.45,0.43,0.50,0.40,0.50,0.40,0.55,,0.60,0.40,0.40,0.55,0.65,0.45,0.50,0.10,0.15,0.55,0.40,0.40,0.55,0.45,0.50,0.20,0.40,0.30,,0.30,0.35,0.43,0.33,0.60,0.85,0.40,0.35,0.40,0.40,0.60,,0.55,,0.45,,0.25,0.50,0.40,0.70,0.40,0.30,0.20,0.30,0.50,0.35,0.35,0.45,0.10,0.20,0.35,0.65,0.30,0.35,0.30,0.45,0.60,0.20,0.35,0.20,,,,0.40,,
20260624,2,AQI,55,40,44,38,31,32,68,20,34,100,54,57,46,47,23,24,21,46,34,20,21,25,30,28,22,22,23,23,22,24,23,25,24,40,38,25,43,21,26,48,49,48,27,18,20,26,33,21,30,26,28,13,18,32,30,23,33,24,30,26,24,30,37,29,22,19,21,22,36,17,31,27,55,34,19,17,25,65,56,28,30,41,28,26,73,42,25,27,25,21,23,24,25,29,31,24,29,23,31,32,33,28,26,26,39,33,29,28,15,29,41,35,45,57,29,52,41,34,41,33,29,23,45,20,21,22,35,33,43,33,45,41,17,26,19,23,21,19,25,24,28,14,19,16,22,20,18,10,15,20,22,37,48,33,20,8,500,30,46,25,,,,,,,,,,,,,,,,,,,,,,,,,,,,,,27,30,57,34,49,40,41,33,62,34,28,26,21,25,,17,44,29,37,40,26,27,33,20,22,43,65,17,53,32,35,22,30,21,18,50,21,23,22,24,22,21,19,23,20,24,20,19,18,21,41,14,16,26,19,11,31,33,16,17,18,38,25,26,36,38,29,31,37,37,30,31,17,30,32,15,30,22,17,14,23,17,14,17,19,17,16,13,16,20,51,29,35,32,27,39,25,23,36,28,28,12,19,34,33,13,10,23,13,16,27,,10,17,10,35,19,19,17,12,,6,20,17,13,22,19,16,20,12,28,14,23,15,19,12,41,36,28,,43,21,18,26,28,16,35,25,31,28,31,,31,,20,,55,28,22,37,30,28,13,35,57,28,20,39,26,28,64,48,107,90,48,37,81,39,39,29,,,,20,,
20260624,2,PM2.5,38,22,30,21,14,20,49,14,17,75,38,38,24,29,4,12,15,32,20,13,6,3,3,8,12,10,3,4,5,5,9,4,13,28,21,13,30,14,18,24,33,26,16,3,4,12,18,6,10,10,18,7,8,16,13,15,21,11,17,14,13,17,16,17,9,7,8,8,5,5,17,19,24,12,11,10,7,23,36,15,21,29,15,18,53,21,7,4,11,13,6,4,12,8,22,3,15,14,20,19,23,15,8,17,19,19,14,17,5,13,16,23,18,32,20,28,29,24,29,20,11,10,25,9,11,5,23,19,26,21,21,28,6,18,4,16,15,12,10,16,15,7,10,3,9,10,3,3,4,9,11,23,14,17,3,,196,8,32,7,,,,,,,,,,,,,,,,,,,,,,,,,,,,,,12,14,32,17,22,28,15,21,18,6,10,14,8,8,,6,5,20,26,28,16,19,23,9,5,30,9,12,18,18,13,7,11,8,8,27,15,4,4,7,7,9,3,12,5,7,5,9,7,11,25,8,7,16,3,4,19,10,8,7,5,18,7,18,25,18,19,20,24,23,15,17,3,16,19,3,20,3,4,3,11,3,7,12,7,3,9,3,11,12,21,11,13,20,14,16,16,3,25,12,3,3,13,24,23,5,3,16,3,6,6,,3,9,3,21,3,11,7,6,,4,14,7,5,8,12,3,10,6,8,3,6,8,6,5,6,5,6,,3,8,4,12,8,9,16,12,19,16,14,,16,,11,,18,16,13,9,12,3,3,3,33,11,5,16,18,8,27,23,44,36,5,14,60,15,12,12,,,,8,,
20260624,2,PM2.5_24h,26,27,21,26,19,25,27,17,12,42,28,22,22,27,6,16,14,20,14,9,3,4,,6,13,5,2,4,5,3,6,4,11,14,18,21,20,7,11,12,17,18,19,7,3,24,20,5,22,4,25,7,7,14,11,13,17,12,15,13,12,15,15,13,9,10,7,5,6,15,15,17,20,15,7,8,9,15,16,15,14,19,22,10,29,19,26,18,6,8,6,8,22,5,9,16,19,13,16,15,18,10,18,14,18,18,13,14,4,14,17,23,19,25,15,18,17,15,21,18,13,13,19,6,8,1,29,25,23,24,23,23,8,21,2,14,8,14,12,13,11,6,14,5,3,3,3,3,7,8,24,18,13,17,15,21,37,14,26,6,,,,,,,,,,,,,,,,,,,,,,,,,,,,,,16,15,21,20,16,29,16,21,14,11,18,13,9,9,,4,9,14,14,16,19,19,15,11,7,22,14,8,13,15,18,11,15,10,11,8,11,5,6,9,3,3,2,10,12,12,6,12,5,5,25,13,12,17,26,5,21,28,16,15,11,21,9,14,33,22,20,19,21,17,17,20,3,18,21,3,21,5,4,3,10,6,8,13,7,14,16,4,5,7,18,14,13,19,20,21,16,6,16,18,3,1,7,14,11,8,3,18,3,5,8,,3,10,9,14,4,10,11,7,,5,11,10,4,11,10,4,8,6,9,5,8,8,6,3,3,2,9,,3,4,3,11,5,8,16,10,25,15,12,,13,,8,,11,17,11,11,11,5,3,6,18,12,9,13,14,16,15,31,23,15,16,12,42,7,9,15,,,,8,,
20260624,2,PM10,60,40,44,38,31,32,74,20,34,92,56,64,46,47,7,22,20,37,34,16,13,7,6,20,22,21,8,9,15,14,18,14,24,34,38,25,42,14,20,48,49,48,27,18,7,24,33,11,30,16,28,13,12,32,30,23,33,24,30,26,24,30,37,29,22,12,21,22,12,17,31,27,60,32,19,17,25,79,61,28,20,38,28,19,75,42,25,23,25,19,20,20,25,10,22,19,29,23,31,32,32,28,26,26,39,33,29,28,10,29,41,31,45,63,29,53,30,33,40,33,24,23,45,14,21,9,35,33,43,33,45,41,17,24,13,15,19,19,25,24,28,12,19,16,22,20,7,10,15,20,22,37,48,33,17,,616,30,42,22,,,,,,,,,,,,,,,,,,,,,,,,,,,,,,27,30,63,34,49,35,29,33,73,34,28,26,18,25,,11,23,25,36,24,26,21,28,20,22,38,80,15,55,32,35,22,30,21,14,50,19,11,13,16,15,14,6,,20,20,8,19,13,14,41,14,16,26,12,11,31,33,14,17,18,38,25,25,33,38,29,31,37,37,30,31,17,30,32,9,30,6,11,12,22,17,13,14,19,6,16,9,15,20,51,29,35,32,27,39,25,23,29,28,12,11,18,21,28,9,7,21,7,11,27,,7,17,8,35,14,19,17,,,,13,17,10,22,19,16,20,9,28,6,23,15,11,8,6,12,13,,13,10,11,24,28,16,35,25,31,24,31,,28,,20,,60,28,20,20,21,20,13,9,64,20,15,39,25,21,77,48,164,129,48,37,,24,39,28,,,,20,,
20260624,2,PM10_24h,45,55,42,55,48,32,58,25,25,66,45,49,43,42,12,33,24,32,36,10,11,6,4,12,25,14,6,10,9,9,12,12,17,17,27,35,26,8,12,25,26,32,28,18,8,36,37,5,47,10,35,12,12,28,27,21,24,22,30,25,25,26,26,23,20,14,21,14,11,28,33,25,54,51,12,14,20,43,36,28,24,29,37,16,49,40,50,39,22,19,23,26,39,9,14,35,30,24,27,29,26,22,28,22,34,37,25,27,11,27,33,31,46,53,21,36,28,27,31,29,27,27,35,8,12,7,42,39,33,38,38,36,16,27,9,13,8,28,30,24,26,13,20,17,12,13,9,10,19,18,38,26,23,29,38,59,104,45,46,20,,,,,,,,,,,,,,,,,,,,,,,,,,,,,,25,23,38,37,43,43,25,36,55,43,34,29,35,24,,12,32,25,26,33,29,28,25,22,30,30,18,13,25,28,31,23,23,19,19,23,15,16,11,21,9,6,9,6,24,23,5,16,8,8,40,25,20,25,41,9,29,49,28,29,28,35,25,28,44,41,33,24,27,28,27,39,14,27,30,9,27,15,8,6,21,17,14,13,15,19,24,12,10,11,40,40,31,32,29,37,25,16,25,33,19,7,10,20,23,12,12,26,10,12,19,,7,15,16,19,13,19,18,6,,5,13,23,10,26,16,7,12,14,23,8,16,13,14,9,8,12,18,,12,8,9,23,15,16,39,22,45,34,35,,24,,26,,38,28,24,23,24,17,10,17,43,32,15,38,19,51,44,51,69,46,90,28,75,24,47,80,,,,20,,
20260624,2,SO2,3,7,2,9,6,5,4,4,3,2,11,5,4,12,8,5,6,6,6,6,5,6,4,5,8,6,5,7,4,8,7,7,6,6,6,4,6,5,5,5,6,2,4,5,7,5,2,7,6,6,3,4,5,6,5,6,6,8,4,4,5,9,4,5,8,5,5,6,6,5,8,16,8,5,4,6,8,10,7,5,7,12,2,7,12,9,9,9,15,5,4,5,5,7,3,9,6,6,7,5,10,5,5,5,4,12,4,6,6,4,9,10,9,11,13,7,9,7,6,5,3,6,5,5,6,3,12,3,7,7,5,10,7,,4,8,8,5,3,7,2,8,9,9,4,10,4,6,3,3,5,6,2,7,8,23,32,19,7,4,,,,,,,,,,,,,,,,,,,,,,,,,,,,,,5,4,4,4,6,9,5,5,5,7,7,5,10,30,,6,11,8,9,9,6,4,7,11,10,2,4,7,10,5,9,5,4,10,7,11,6,6,7,4,9,4,4,8,5,5,5,4,5,6,6,6,3,5,5,4,13,5,5,4,13,7,5,12,7,8,5,3,6,6,4,6,4,8,5,4,7,5,5,6,3,5,6,3,4,4,4,4,5,3,8,7,3,5,5,8,11,3,9,4,4,9,9,4,7,6,5,7,8,7,3,,6,7,3,14,3,6,3,3,,5,5,8,8,6,7,2,4,2,8,5,4,5,9,7,6,7,4,,5,3,4,24,5,7,45,8,9,6,9,,7,,9,,5,2,3,10,12,12,7,18,8,6,8,7,6,8,3,3,6,2,5,6,4,7,6,5,,,,4,,
20260624,2,SO2_24h,3,8,3,9,7,4,4,4,3,3,9,6,4,12,8,9,7,7,6,6,5,5,4,5,8,6,5,7,5,9,7,7,5,6,6,5,6,5,5,5,6,3,4,5,7,5,3,7,7,6,4,4,5,6,5,6,6,6,4,3,5,8,4,5,8,4,6,6,6,5,10,16,8,5,5,6,9,10,7,6,7,8,3,9,12,9,12,11,10,5,5,6,8,7,3,11,11,6,8,4,8,6,6,5,5,11,4,7,6,5,9,10,7,12,14,8,11,7,7,6,4,6,6,5,6,3,10,3,7,8,5,8,7,7,3,7,8,6,3,6,2,8,10,10,4,10,4,6,3,4,6,6,3,8,7,18,16,14,7,4,,,,,,,,,,,,,,,,,,,,,,,,,,,,,,5,3,5,4,7,10,5,8,6,12,8,5,11,8,,6,10,8,9,12,7,6,7,11,11,2,4,7,9,6,8,6,4,9,7,10,6,6,7,4,8,4,4,8,5,5,5,4,4,6,4,9,4,5,5,4,12,5,6,4,11,5,5,10,6,6,6,3,6,6,4,5,4,8,7,4,6,4,5,7,3,5,6,3,4,6,6,5,6,3,7,5,4,7,5,13,12,3,7,4,5,8,10,4,7,6,5,7,7,4,3,,6,9,4,9,3,6,4,4,,4,5,8,9,6,6,2,4,2,8,5,5,5,9,7,6,9,4,,5,4,4,18,7,8,57,10,10,9,9,,5,,8,,4,8,7,10,11,14,7,19,8,7,7,6,6,8,5,4,8,3,4,6,4,7,6,6,,,,3,,
20260624,2,NO2,23,15,8,10,10,13,18,8,14,25,20,41,9,21,7,14,7,36,20,17,8,12,3,8,13,4,11,9,10,2,7,4,9,15,17,7,13,7,13,26,20,31,17,12,6,7,17,7,13,7,17,11,4,16,10,2,13,5,13,11,12,10,8,11,14,8,8,10,6,10,22,16,28,8,5,10,13,64,16,13,17,51,9,10,27,14,21,12,14,13,18,9,12,7,12,17,14,8,11,6,15,3,15,4,20,13,6,8,9,19,17,6,18,27,20,16,20,20,26,17,9,15,9,7,3,13,14,12,36,8,37,11,8,8,5,4,9,7,5,13,8,8,16,7,21,5,5,5,5,11,21,15,33,11,7,,25,13,2,10,,,,,,,,,,,,,,,,,,,,,,,,,,,,,,8,11,26,16,25,17,5,11,45,4,13,14,6,13,,12,4,22,18,15,15,22,8,7,22,6,13,11,22,14,8,6,24,20,8,23,3,8,5,5,6,5,5,2,9,2,6,13,12,4,10,7,6,9,6,3,16,15,4,4,5,16,3,15,9,14,18,16,35,13,10,15,6,9,16,7,7,6,3,10,6,3,6,5,5,7,6,5,12,4,38,14,10,21,12,11,9,13,13,15,7,6,7,9,13,5,11,9,8,4,4,,16,9,11,10,4,6,7,5,,3,6,12,5,6,9,4,10,9,5,5,4,10,5,6,1,3,10,,1,4,6,18,14,17,24,12,19,13,20,,12,,9,,37,2,6,1,10,2,18,2,32,6,11,6,5,9,17,15,21,19,18,15,2,4,5,6,,,,5,,
20260624,2,NO2_24h,17,19,10,19,20,10,15,9,12,25,16,19,9,18,8,19,10,28,26,15,11,15,5,7,11,4,15,15,11,3,7,4,9,16,21,11,18,9,14,15,22,20,18,7,8,9,20,6,14,9,13,11,6,15,10,3,12,4,10,11,10,8,8,8,14,11,12,8,8,14,19,18,20,9,6,10,13,24,14,13,14,18,12,12,19,9,19,14,13,11,12,6,11,8,10,18,12,7,11,6,10,5,12,3,14,11,5,6,6,12,14,8,13,18,16,14,20,16,16,22,11,12,13,9,6,14,13,9,16,10,18,9,13,8,8,5,8,8,4,10,7,9,15,9,13,7,6,8,9,9,15,12,12,10,13,15,14,19,4,5,,,,,,,,,,,,,,,,,,,,,,,,,,,,,,6,8,13,11,14,11,5,11,23,11,14,10,8,10,,8,7,20,11,20,16,25,30,12,13,11,11,9,14,12,11,7,16,10,13,17,5,10,8,6,10,5,5,4,10,3,6,7,13,6,12,10,8,7,10,5,14,12,6,9,8,10,3,11,11,11,13,8,14,7,8,11,5,13,14,8,8,6,4,6,6,5,5,5,8,7,6,6,8,7,23,7,7,14,11,11,11,9,9,11,12,8,8,10,17,6,18,10,9,4,5,,11,10,11,6,5,8,6,7,,6,5,10,6,7,7,4,6,8,5,7,6,9,7,8,4,4,8,,3,5,6,13,9,12,19,10,18,15,15,,9,,8,,18,9,4,2,5,1,11,2,19,14,7,7,9,8,8,12,9,12,7,11,4,6,6,6,,,,4,,
20260624,2,O3,64,86,114,73,87,103,105,52,38,92,95,83,119,101,75,77,63,49,104,65,67,79,97,91,65,70,74,75,71,77,72,79,78,41,56,66,54,66,56,16,25,27,43,18,63,83,50,68,93,83,76,43,58,40,44,65,45,56,40,53,39,49,58,45,26,60,33,40,114,50,82,64,56,108,53,45,65,32,70,35,85,23,53,77,129,105,74,87,78,66,72,76,80,92,62,77,70,47,47,59,34,57,34,75,38,47,43,50,47,71,65,113,72,69,52,79,78,67,65,86,94,28,89,65,68,71,77,88,55,91,38,93,41,60,62,62,37,27,70,20,86,46,21,44,15,44,57,27,36,36,44,55,28,22,65,,58,87,104,80,,,,,,,,,,,,,,,,,,,,,,,,,,,,,,,,45,90,49,110,130,79,34,95,76,56,66,66,,54,141,45,83,65,41,73,104,41,30,92,54,34,13,35,60,24,46,26,58,88,17,74,69,78,71,66,60,75,63,76,64,54,58,66,68,45,46,32,60,34,23,52,50,39,54,36,55,39,96,76,78,35,28,63,66,60,31,25,41,48,91,70,53,44,73,39,46,47,58,53,42,41,20,13,9,50,64,30,45,41,56,16,30,40,90,39,31,71,58,42,33,49,41,50,44,,32,37,31,35,60,39,41,37,,13,51,54,43,31,29,44,30,37,19,46,43,30,60,39,132,115,91,,139,68,58,82,20,41,91,60,63,91,39,,100,,42,,23,,70,117,97,89,,111,49,91,64,96,77,91,73,98,90,85,94,92,69,126,104,92,,,,42,,
20260624,2,O3_24h,64,86,114,73,87,103,105,52,38,92,95,83,119,101,75,77,63,49,104,65,67,79,97,91,65,70,74,75,71,77,72,79,78,41,56,66,54,66,56,16,25,27,43,18,63,83,50,68,93,83,76,43,58,40,44,65,45,56,40,53,39,49,58,45,26,60,33,40,114,50,82,64,56,108,53,45,65,32,70,35,85,23,53,77,129,105,74,87,78,66,72,76,80,92,62,77,70,47,47,59,34,57,34,75,38,47,43,50,47,71,65,113,72,69,52,79,78,67,65,86,94,28,89,65,68,71,77,88,55,91,38,93,41,60,62,62,37,27,70,20,86,46,21,44,15,44,57,27,36,36,44,55,28,22,65,,58,87,104,80,,,,,,,,,,,,,,,,,,,,,,,,,,,,,,,,45,90,49,110,130,79,34,95,76,56,66,66,,54,141,45,83,65,41,73,104,41,30,92,54,34,13,35,60,24,46,26,58,88,17,74,69,78,71,66,60,75,63,76,64,54,58,66,68,45,46,32,60,34,23,52,50,39,54,36,55,39,96,76,78,35,28,63,66,60,31,25,41,48,91,70,53,44,73,39,46,47,58,53,42,41,20,13,9,50,64,30,45,41,56,16,30,40,90,39,31,71,58,42,33,49,41,50,44,,32,37,31,35,60,39,41,37,,13,51,54,43,31,29,44,30,37,19,46,43,30,60,39,132,115,91,,139,68,58,82,20,41,91,60,63,91,39,,100,,42,,23,,70,117,97,89,,111,49,91,64,96,77,91,73,98,90,85,94,92,69,126,104,92,,,,42,,
20260624,2,O3_8h,,,,,,,,,,,,,,,,,,,,,,,,,,,,,,,,,,,,,,,,,,,,,,,,,,,,,,,,,,,,,,,,,,113,,,,,,,,,,,,,,,,,,,211,,,,,,,,,,,,,,,,,,,,,,,,,,,,,,,,,,,,,,,,,,,,,,,,,,,,,,,,,,,,,,,,,,,,,,,,,,,,,,,,,,,,,,,,,,,,,,,,,,,,,,,,,,,,,125,,,,,,,,,,,,,,,,,,,,,,,,,,,,,,,,,,,,,,,,,,,,,,,,,,,,,,,,,,,,,,,,,,,,,,,,,,,,,,,,,,,59,,,,,,,,,,,,,,,,,,,52,,,,,,,,,,,,,,,,,,,,,,,,,,,,,,,,,,,,,,,,,,,,,,,,,,,,,,,,,,,,,,,,,,,,,,,,,,,,,,,
20260624,2,O3_8h_24h,,,,,,,,,,,,,,,,,,,,,,,,,,,,,,,,,,,,,,,,,,,,,,,,,,,,,,,,,,,,,,,,,,,,,,,,,,,,,,,,,,,,,,,,,,,,,,,,,,,,,,,,,,,,,,,,,,,,,,,,,,,,,,,,,,,,,,,,,,,,,,,,,,,,,,,,,,,,,,,,,,,,,,,,,,,,,,,,,,,,,,,,,,,,,,,,,,,,,,,,,,,,,,,,,,,,,,,,,,,,,,,,,,,,,,,,,,,,,,,,,,,,,,,,,,,,,,,,,,,,,,,,,,,,,,,,,,,,,,,,,,,,,,,,,,,,,,,,,,,,,,,,,,,,,,,,,,,,,,,,,,,,,,,,,,,,,,,,,,,,,,,,,,,,,,,,,,,,,,,,,,,,,,,,,,,,,,,
20260624,2,CO,0.56,0.66,0.52,0.56,0.25,0.42,0.53,0.17,0.40,0.60,0.40,0.45,0.55,0.85,0.26,0.59,0.53,0.53,0.42,0.36,0.30,0.43,0.40,0.34,0.34,0.52,0.63,0.42,0.30,0.42,0.76,0.38,0.38,0.62,0.48,0.37,0.60,0.45,0.70,0.53,0.65,0.67,0.50,0.50,0.47,0.48,0.38,0.73,0.42,0.41,0.42,0.47,0.56,0.53,0.54,0.60,0.53,0.45,0.57,0.50,0.55,0.50,0.59,0.38,0.57,0.46,0.63,0.42,0.22,0.49,0.53,0.55,0.66,0.28,0.38,0.60,0.23,0.52,0.72,0.50,0.33,0.63,0.40,0.26,0.63,0.40,0.52,0.25,0.34,0.37,0.38,0.30,0.27,0.46,0.40,0.52,0.57,0.60,0.43,0.60,0.60,0.55,0.55,0.43,0.50,0.40,0.47,0.65,0.33,0.20,0.54,0.52,0.80,0.82,0.64,0.58,0.63,0.52,0.56,0.42,0.36,0.30,0.57,0.40,0.43,0.52,0.44,0.40,0.47,0.37,0.53,0.53,0.33,0.47,0.78,0.80,0.70,0.50,0.38,0.59,0.40,0.65,0.65,0.63,0.67,0.50,0.60,0.25,0.53,0.45,0.43,0.50,0.55,0.56,0.50,0.50,1.00,0.48,0.36,0.20,,,,,,,,,,,,,,,,,,,,,,,,,,,,,,0.43,0.40,0.65,0.47,0.30,0.55,0.75,0.67,0.50,0.23,0.37,0.20,0.45,0.43,,0.15,0.45,0.53,0.63,0.25,0.67,0.27,0.50,0.45,0.35,0.35,0.30,0.43,0.30,0.37,0.23,0.38,0.20,0.33,0.25,0.45,0.35,0.30,0.17,0.30,0.60,0.53,0.50,0.25,0.40,0.15,0.25,0.27,0.53,0.37,0.43,0.50,0.25,0.40,0.40,0.70,0.70,0.65,0.55,0.44,0.25,1.35,0.83,0.55,0.44,0.53,0.40,0.50,0.46,0.52,0.37,0.17,0.47,0.97,0.80,0.53,0.65,0.60,0.50,1.00,0.60,0.45,0.78,0.60,0.90,0.65,0.70,0.50,0.55,0.35,0.30,0.60,0.55,0.57,0.40,0.35,0.40,0.90,0.70,0.60,0.57,0.55,0.47,0.63,0.70,0.45,0.33,0.65,0.60,0.30,0.30,,0.20,0.50,0.40,0.53,0.35,0.50,0.45,0.50,,0.40,0.35,0.40,0.55,0.65,0.45,0.50,0.20,0.15,0.55,0.40,0.25,0.55,0.45,0.40,0.15,0.30,0.50,,0.30,0.35,0.47,0.33,0.50,0.85,0.45,0.40,0.30,0.30,0.70,,0.50,,0.40,,0.30,0.40,0.40,0.40,0.40,0.30,0.20,0.30,0.50,0.35,0.40,0.45,0.10,0.20,0.60,0.60,0.15,0.35,0.35,0.40,0.70,0.20,0.40,0.15,,,,0.45,,
20260624,2,CO_24h,0.49,0.59,0.46,0.68,0.30,0.38,0.37,0.37,0.30,0.50,0.40,0.43,0.45,0.73,0.32,0.78,0.51,0.53,0.48,0.38,0.37,0.47,0.42,0.36,0.32,0.48,0.60,0.49,0.36,0.43,0.74,0.38,0.45,0.59,0.51,0.43,0.55,0.50,0.70,0.43,0.60,0.67,0.40,0.45,0.52,0.47,0.40,0.78,0.42,0.40,0.49,0.51,0.56,0.49,0.54,0.60,0.50,0.40,0.53,0.47,0.55,0.43,0.59,0.40,0.56,0.51,0.63,0.42,0.27,0.56,0.57,0.60,0.66,0.29,0.40,0.63,0.27,0.52,0.52,0.52,0.30,0.45,0.43,0.33,0.56,0.40,0.52,0.43,0.34,0.32,0.42,0.33,0.33,0.44,0.27,0.57,0.57,0.57,0.43,0.60,0.60,0.55,0.60,0.47,0.45,0.40,0.43,0.55,0.40,0.20,0.56,0.60,0.82,0.90,0.56,0.78,0.65,0.66,0.52,0.40,0.36,0.30,0.42,0.42,0.50,0.54,0.52,0.47,0.48,0.40,0.60,0.53,0.38,0.47,0.70,0.82,0.75,0.47,0.42,0.64,0.45,0.57,0.70,0.50,0.53,0.47,0.60,0.30,0.53,0.45,0.47,0.50,0.45,0.56,0.50,0.30,0.63,0.58,0.34,0.20,,,,,,,,,,,,,,,,,,,,,,,,,,,,,,0.43,0.40,0.50,0.47,0.33,0.60,0.67,0.60,0.43,0.40,0.40,0.30,0.45,0.45,,0.15,0.45,0.50,0.53,0.50,0.77,0.37,0.50,0.65,0.35,0.40,0.35,0.30,0.23,0.20,0.50,0.47,0.20,0.30,0.25,0.25,0.25,0.32,0.22,0.25,0.60,0.55,0.60,0.30,0.48,0.20,0.25,0.23,0.53,0.33,0.40,0.83,0.30,0.40,0.65,0.60,0.87,0.68,0.50,0.40,0.25,1.07,0.78,0.60,0.48,0.43,0.40,0.50,0.50,0.52,0.43,0.27,0.33,0.87,0.80,0.53,0.60,0.60,0.57,0.70,0.63,0.55,0.82,0.55,0.90,0.65,0.73,0.50,0.50,0.30,0.25,0.60,0.55,0.67,0.40,0.40,0.43,0.90,0.45,0.60,0.63,0.55,0.53,0.70,0.60,0.38,0.35,0.60,0.65,0.35,0.40,,0.20,0.45,0.43,0.50,0.40,0.50,0.40,0.55,,0.55,0.40,0.40,0.55,0.65,0.45,0.50,0.10,0.15,0.50,0.40,0.35,0.55,0.50,0.45,0.20,0.40,0.30,,0.30,0.35,0.47,0.33,0.60,0.85,0.40,0.35,0.40,0.40,0.65,,0.55,,0.45,,0.25,0.50,0.40,0.70,0.40,0.30,0.20,0.30,0.50,0.35,0.35,0.45,0.10,0.20,0.35,0.65,0.30,0.35,0.25,0.45,0.60,0.20,0.40,0.20,,,,0.40,,
20260624,3,AQI,61,40,40,36,41,34,70,17,35,64,49,59,51,44,22,26,23,50,36,20,20,25,32,28,22,23,23,22,22,24,22,25,26,33,38,25,40,23,21,51,48,52,29,21,20,22,37,21,27,25,31,13,18,31,30,23,29,18,28,27,29,29,33,31,22,18,17,17,37,16,31,24,53,31,15,18,20,62,55,29,30,44,32,29,71,35,28,27,24,21,25,23,29,26,34,23,30,23,28,33,27,38,26,26,38,38,25,28,14,29,34,34,35,57,37,53,46,37,54,28,28,19,41,21,20,24,37,37,48,35,48,42,18,24,18,24,23,21,22,28,27,15,14,14,21,20,17,11,13,20,21,35,45,30,16,52,500,31,47,24,,,,,,,,,,,,,,,,,,,,,,,,,,,,,,26,27,55,34,52,39,39,36,58,29,28,30,20,22,,16,40,27,55,39,25,39,33,22,20,37,27,17,50,33,27,37,32,22,16,42,23,23,22,23,21,20,17,23,20,25,20,19,17,18,32,13,16,26,15,12,33,29,15,17,23,33,28,26,31,40,32,34,37,34,30,36,21,30,32,13,28,19,13,14,22,14,14,19,24,15,19,13,16,18,49,27,25,26,29,31,24,21,34,24,28,11,16,30,28,13,10,18,15,14,23,,12,18,11,23,19,15,19,12,,7,23,20,13,24,17,13,15,11,35,13,17,14,18,11,40,35,25,,44,19,17,26,33,18,26,23,33,33,35,,34,,20,,51,26,21,36,33,28,21,35,55,21,19,36,26,30,65,71,98,90,41,30,75,36,37,44,,,,19,,
20260624,3,PM2.5,44,22,28,20,18,20,51,12,24,46,30,41,24,29,5,18,16,35,18,11,8,3,3,8,13,8,4,4,5,5,11,3,15,23,20,13,28,8,15,29,33,30,18,5,6,10,20,7,10,9,18,8,7,16,12,15,20,10,18,14,14,16,16,19,8,10,7,7,4,5,15,16,16,11,7,11,7,12,38,16,21,31,19,20,52,16,7,6,13,14,10,4,17,9,24,3,17,13,17,19,19,15,11,16,19,22,14,17,4,18,15,24,15,33,20,29,32,26,33,13,9,11,26,8,11,7,23,22,26,24,20,27,5,17,3,17,16,11,6,17,15,6,8,3,8,10,4,3,5,9,10,22,18,16,3,31,237,8,31,3,,,,,,,,,,,,,,,,,,,,,,,,,,,,,,15,14,30,18,24,24,19,24,16,5,9,13,5,5,,4,9,19,39,27,17,27,23,10,7,26,13,12,23,14,12,9,15,10,9,22,12,4,5,7,11,10,3,13,4,5,5,11,7,12,22,8,8,17,3,3,20,10,6,7,7,20,4,18,22,20,13,22,24,22,14,18,4,17,20,3,19,3,6,3,11,8,8,13,11,5,10,4,8,9,23,12,9,17,17,15,12,3,24,12,3,3,11,21,19,3,3,10,3,7,3,,3,10,3,16,3,10,12,5,,5,16,3,5,11,12,3,9,6,9,3,3,10,7,3,6,3,9,,3,8,3,12,10,10,14,13,21,19,13,,16,,6,,20,15,12,9,8,6,3,6,23,8,8,14,13,13,28,27,46,36,9,9,55,14,13,31,,,,8,,
20260624,3,PM2.5_24h,28,27,21,26,18,24,29,17,13,43,28,23,22,27,6,15,14,21,14,9,3,4,,6,12,5,2,4,5,3,6,4,10,14,19,20,20,7,11,13,18,18,20,7,3,24,20,5,21,4,24,7,7,15,11,13,17,12,16,13,12,15,15,13,9,10,8,5,6,14,15,16,20,15,7,8,9,14,17,14,15,20,22,11,31,18,25,17,6,8,5,7,20,4,10,15,18,13,16,16,18,11,17,14,18,18,13,14,4,14,17,23,19,26,15,18,17,15,22,18,13,13,19,6,8,2,29,25,23,24,23,23,8,20,2,14,9,13,11,13,12,6,13,5,3,4,3,3,7,8,23,18,13,17,15,22,46,13,27,6,,,,,,,,,,,,,,,,,,,,,,,,,,,,,,16,14,21,20,16,29,16,21,14,11,17,13,9,9,,4,9,14,14,16,18,20,16,11,7,22,14,8,13,15,17,10,15,10,11,10,11,5,5,8,3,3,2,10,11,11,5,12,5,4,25,12,11,17,25,5,20,28,16,15,10,21,9,15,32,21,19,19,21,18,17,19,3,18,21,3,20,5,4,3,10,6,8,13,8,14,16,4,5,8,18,14,13,19,20,21,15,6,17,18,3,1,7,14,11,7,3,18,3,5,8,,3,10,9,14,4,10,11,7,,5,11,10,4,11,10,4,8,6,9,5,7,9,6,3,3,2,9,,3,4,3,11,5,8,16,10,25,16,12,,14,,8,,12,17,12,11,11,5,3,6,19,12,9,14,15,16,16,31,24,15,15,12,44,7,9,16,,,,8,,
20260624,3,PM10,67,40,40,36,41,34,72,15,35,65,49,67,52,44,9,26,20,42,36,15,15,6,7,17,22,20,7,9,16,13,15,11,26,30,38,25,40,10,15,52,48,53,29,21,9,22,37,10,27,13,31,13,12,31,30,23,28,18,28,27,29,29,33,31,22,17,17,17,11,16,31,24,56,25,15,18,17,73,60,29,25,38,32,22,74,35,28,19,22,18,25,18,29,14,,19,30,23,28,33,27,38,26,26,38,38,25,28,12,29,34,30,35,63,37,55,43,35,58,26,28,19,41,12,14,12,37,37,48,35,48,42,18,22,15,21,15,21,20,28,21,12,14,13,21,20,7,11,13,20,21,35,45,30,14,53,628,31,47,23,,,,,,,,,,,,,,,,,,,,,,,,,,,,,,26,27,59,34,54,39,27,36,65,29,26,30,15,22,,7,21,24,58,21,25,,26,22,20,28,27,13,50,33,27,37,32,22,12,42,23,13,11,13,18,11,6,10,15,20,10,19,14,8,32,12,16,26,9,9,33,29,9,17,23,33,28,26,31,40,32,34,37,34,30,36,21,30,32,12,28,15,13,14,22,14,14,15,24,11,19,7,16,18,49,27,25,26,29,31,24,21,30,24,15,11,,21,28,9,9,15,6,10,23,,6,18,7,17,13,15,19,,,,14,20,11,24,17,9,15,9,35,6,17,14,14,11,6,9,20,,9,7,9,25,33,18,26,23,33,33,35,,28,,20,,51,20,20,20,26,21,12,6,59,19,13,36,15,30,79,91,146,130,41,26,56,24,37,31,,,,19,,
20260624,3,PM10_24h,47,56,43,55,46,32,59,25,26,67,45,50,44,42,11,32,23,32,37,10,11,6,4,13,24,14,6,10,10,9,12,13,17,18,28,34,26,8,12,27,28,33,29,18,8,35,37,5,46,10,34,12,12,28,28,21,24,23,30,26,25,26,27,23,20,14,20,14,11,27,33,25,55,51,12,14,20,44,37,28,24,30,37,16,50,39,50,38,22,18,23,25,38,10,14,35,30,24,27,29,26,23,28,23,34,38,25,27,11,27,33,31,45,53,21,37,28,27,32,30,27,26,36,8,12,7,41,39,34,38,38,37,17,27,9,14,8,26,30,24,26,13,20,17,12,13,9,10,19,18,37,27,24,29,37,59,129,45,47,20,,,,,,,,,,,,,,,,,,,,,,,,,,,,,,25,23,39,36,44,44,25,36,55,43,34,29,34,24,,12,32,24,27,32,29,28,25,22,29,30,18,13,26,29,31,25,23,19,18,24,15,16,11,20,9,6,8,6,24,23,5,16,8,8,39,24,20,25,40,9,29,49,28,28,28,36,25,29,43,41,32,24,27,29,26,38,14,28,30,9,27,14,8,7,21,17,14,14,16,18,24,12,11,12,41,39,30,33,28,38,25,16,26,32,18,7,10,20,23,12,12,26,10,12,19,,7,15,16,19,13,19,18,6,,5,13,23,10,26,17,7,11,14,24,8,16,13,14,9,8,12,18,,12,8,9,24,15,15,38,22,45,33,35,,25,,26,,38,28,24,23,23,17,10,16,43,31,16,39,18,51,46,51,74,50,89,28,76,25,47,79,,,,20,,
20260624,3,SO2,3,7,3,13,8,5,6,3,3,2,8,5,5,13,7,5,6,5,6,7,7,6,3,6,9,6,5,7,5,8,7,8,5,6,6,5,7,6,5,8,3,3,4,,7,5,3,7,6,6,4,5,5,7,5,7,7,5,4,3,8,10,4,5,8,5,5,6,6,5,8,14,8,5,5,6,8,11,7,5,7,19,2,8,11,11,12,11,12,5,6,5,6,7,3,11,7,6,8,5,9,6,,5,8,22,4,8,5,6,9,12,9,14,14,7,10,6,5,5,3,6,5,5,6,3,13,4,9,12,5,14,8,7,4,7,,5,3,8,3,9,9,14,4,9,4,6,3,3,5,7,3,7,7,,20,23,7,4,,,,,,,,,,,,,,,,,,,,,,,,,,,,,,6,,5,5,8,9,7,6,5,6,9,5,12,12,,6,10,6,9,9,6,5,8,14,11,2,4,8,14,6,8,5,4,11,6,10,7,6,8,4,9,4,5,8,6,6,6,5,5,6,5,6,3,5,5,3,12,9,4,4,11,6,5,15,7,8,5,3,6,6,5,7,4,8,7,5,7,5,7,6,4,5,7,2,4,4,6,5,5,3,8,9,3,5,9,10,11,3,9,3,5,,11,3,7,8,4,7,8,7,3,,7,,4,9,3,5,3,4,,5,5,8,8,6,6,2,4,2,8,5,4,5,9,7,5,7,5,,5,4,4,34,5,7,28,7,9,7,9,,7,,8,,4,4,3,10,12,12,,19,8,6,8,7,6,8,6,4,7,3,4,6,4,7,6,6,,,,3,,
20260624,3,SO2_24h,3,8,3,9,7,4,4,4,3,3,9,6,4,12,8,9,7,7,6,6,5,5,4,5,8,6,5,7,5,9,7,7,5,6,5,5,6,5,5,5,6,3,4,5,7,5,3,7,7,6,4,4,5,6,5,6,6,6,4,3,5,8,4,5,8,4,6,6,6,5,10,16,8,5,5,6,8,10,7,6,7,8,3,9,12,9,11,11,10,5,5,6,7,7,3,11,10,6,8,4,8,6,6,5,5,11,4,7,6,5,9,10,7,12,14,8,11,7,7,6,4,6,6,5,6,3,10,3,7,8,5,9,7,7,3,7,8,6,3,6,2,8,10,10,4,10,4,6,3,4,6,6,3,8,7,19,16,14,6,4,,,,,,,,,,,,,,,,,,,,,,,,,,,,,,5,3,5,4,8,10,5,8,5,11,8,5,11,8,,6,10,8,9,12,7,6,7,12,11,2,4,7,9,6,9,6,4,9,7,10,6,6,7,4,8,4,4,8,5,5,5,4,4,6,5,9,4,5,5,4,12,5,6,4,11,5,5,10,6,6,6,3,6,6,5,5,4,8,7,4,6,4,5,7,3,5,6,3,4,6,7,5,6,3,7,5,4,7,5,13,11,3,7,4,5,8,10,4,7,6,5,7,7,5,3,,6,9,4,10,3,6,4,4,,4,5,8,9,6,6,2,4,2,8,5,5,5,9,7,6,9,4,,5,4,4,18,7,8,58,10,10,8,9,,5,,8,,4,8,7,10,11,14,7,19,8,7,7,7,6,8,5,4,8,3,4,6,4,7,6,6,,,,3,,
20260624,3,NO2,26,17,7,12,19,13,17,8,13,23,23,38,9,19,8,17,6,31,20,15,8,13,3,8,12,3,10,9,9,2,7,3,10,13,18,10,12,6,11,26,20,29,24,12,6,9,16,6,13,8,22,11,4,16,9,2,11,3,12,12,16,10,8,9,11,7,7,9,5,10,17,13,20,9,4,7,10,61,15,10,16,53,9,9,39,13,23,15,14,11,15,8,15,7,11,17,13,6,13,6,9,4,16,3,16,20,5,7,7,20,16,7,18,28,21,13,25,23,26,10,11,13,9,8,4,11,14,12,32,8,39,10,9,10,5,3,8,7,4,13,7,7,11,8,14,6,7,4,4,10,20,17,28,10,10,22,20,12,4,8,,,,,,,,,,,,,,,,,,,,,,,,,,,,,,8,11,25,17,23,16,4,16,32,4,10,10,7,12,,9,4,20,21,13,13,22,12,9,17,5,13,12,22,14,7,7,23,21,7,26,3,6,6,6,8,4,5,3,8,2,5,12,13,6,9,7,6,10,9,3,14,17,4,6,6,17,3,10,16,18,14,14,39,9,9,18,6,9,15,8,6,6,3,6,6,3,7,6,5,7,6,6,9,3,37,10,9,10,11,11,8,10,14,18,5,6,6,8,13,5,10,6,6,3,2,,13,8,10,8,4,6,8,5,,4,5,11,5,7,8,5,9,9,6,5,3,9,7,6,2,3,10,,1,4,7,15,15,12,19,13,20,13,29,,10,,5,,37,2,6,1,6,1,,2,27,13,10,7,6,6,14,14,14,16,15,12,2,4,6,7,,,,5,,
20260624,3,NO2_24h,18,19,10,18,17,10,15,9,12,25,16,19,9,18,8,18,9,29,25,15,11,15,5,7,11,4,15,15,11,3,7,4,9,16,21,11,17,9,15,16,22,21,18,7,8,9,19,6,14,9,13,11,6,15,9,3,12,4,10,11,11,8,8,8,14,11,12,8,8,14,19,18,20,8,6,10,13,26,14,13,14,20,12,11,19,9,19,14,12,11,12,6,11,8,10,17,11,6,11,6,10,4,12,3,14,11,5,6,6,12,14,8,13,18,17,14,19,16,16,20,11,12,12,9,6,14,13,8,16,10,19,9,13,8,8,5,8,7,4,11,7,9,15,9,13,7,6,8,9,9,14,13,13,10,11,15,14,18,4,5,,,,,,,,,,,,,,,,,,,,,,,,,,,,,,6,8,13,11,14,10,5,11,23,11,14,10,8,10,,8,7,19,12,19,16,23,28,12,13,10,11,9,14,12,11,7,15,11,12,17,5,9,8,6,10,5,5,4,10,3,6,8,14,6,12,9,8,6,10,5,14,12,6,9,8,11,3,11,11,11,13,9,15,7,7,11,5,12,14,8,8,6,4,6,6,5,5,5,8,7,6,6,8,6,23,7,7,14,11,11,10,9,9,11,12,8,7,10,16,6,17,10,9,4,5,,12,10,11,7,5,8,6,7,,6,5,10,6,7,7,4,6,8,5,7,6,9,7,7,4,4,8,,3,5,6,13,9,12,19,10,18,15,15,,9,,8,,19,9,4,2,5,1,10,2,19,14,7,7,9,8,9,12,9,12,7,11,4,6,6,5,,,,4,,
20260624,3,O3,57,82,108,67,69,100,106,48,37,76,74,80,115,94,70,71,69,49,104,64,64,81,103,91,64,72,74,71,71,77,69,81,73,40,54,61,53,74,59,15,21,24,32,19,64,69,47,68,87,80,64,43,59,40,47,65,45,59,38,50,32,45,57,44,28,59,33,41,117,50,85,65,58,98,49,49,65,23,64,36,69,12,57,79,97,90,64,85,78,66,72,74,69,84,64,75,70,47,43,59,53,57,27,80,38,36,56,48,44,,58,104,68,60,40,72,60,50,40,89,89,25,71,66,63,77,72,81,51,83,27,86,30,55,58,61,29,27,70,21,86,49,30,44,22,42,53,27,34,34,39,45,24,21,51,45,58,85,94,78,,,,,,,,,,,,,,,,,,,,,,,,,,,,,,59,56,28,71,49,99,125,55,45,93,89,56,65,64,,51,127,32,65,64,37,57,,34,31,92,54,31,15,25,58,14,38,20,52,88,19,74,69,74,66,65,55,73,64,79,63,50,55,58,78,42,39,31,49,37,29,47,48,40,50,37,56,,75,63,93,39,35,72,62,53,29,29,38,43,86,60,43,,67,35,43,44,56,48,37,41,24,12,9,55,62,46,43,34,54,17,23,35,91,34,32,67,57,40,33,57,49,46,40,,37,36,34,36,60,42,36,37,,14,40,52,43,27,30,42,33,35,20,43,53,29,59,35,128,112,81,,140,62,53,83,25,54,75,50,48,85,23,,110,,45,,18,84,68,116,105,88,67,112,42,68,62,93,82,97,74,84,85,84,80,95,64,116,105,86,,,,41,,
20260624,3,O3_24h,57,82,108,67,69,100,106,48,37,76,74,80,115,94,70,71,69,49,104,64,64,81,103,91,64,72,74,71,71,77,69,81,73,40,54,61,53,74,59,15,21,24,32,19,64,69,47,68,87,80,64,43,59,40,47,65,45,59,38,50,32,45,57,44,28,59,33,41,117,50,85,65,58,98,49,49,65,23,64,36,69,12,57,79,97,90,64,85,78,66,72,74,69,84,64,75,70,47,43,59,53,57,27,80,38,36,56,48,44,,58,104,68,60,40,72,60,50,40,89,89,25,71,66,63,77,72,81,51,83,27,86,30,55,58,61,29,27,70,21,86,49,30,44,22,42,53,27,34,34,39,45,24,21,51,45,58,85,94,78,,,,,,,,,,,,,,,,,,,,,,,,,,,,,,59,56,28,71,49,99,125,55,45,93,89,56,65,64,,51,127,32,65,64,37,57,,34,31,92,54,31,15,25,58,14,38,20,52,88,19,74,69,74,66,65,55,73,64,79,63,50,55,58,78,42,39,31,49,37,29,47,48,40,50,37,56,,75,63,93,39,35,72,62,53,29,29,38,43,86,60,43,,67,35,43,44,56,48,37,41,24,12,9,55,62,46,43,34,54,17,23,35,91,34,32,67,57,40,33,57,49,46,40,,37,36,34,36,60,42,36,37,,14,40,52,43,27,30,42,33,35,20,43,53,29,59,35,128,112,81,,140,62,53,83,25,54,75,50,48,85,23,,110,,45,,18,84,68,116,105,88,67,112,42,68,62,93,82,97,74,84,85,84,80,95,64,116,105,86,,,,41,,
20260624,3,O3_8h,,,,,,,,,,,,,,,,,,,,,,,,,,,,,,,,,,,,,,,,,,,,,,,,,,,,,,,,,,,,,,,,,,113,,,,,,,,,,,,,,,,,,,211,,,,,,,,,,,,,,,,,,,,,,,,,,,,,,,,,,,,,,,,,,,,,,,,,,,,,,,,,,,,,,,,,,,,,,,,,,,,,,,,,,,,,,,,,,,,,,,,,,,,,,,,,,,,,,,,,,,,,,,,,,,,,,,,,,,,,,,,,,,,,,,,,,,,,,,,,,,,,,,,,,,,,,,,,,,,,,,,,,,,,,,,,,,,,,,,,,,,,,,,,,,,,,,,,,,52,,,,,,,,,,,,,,,,,,,,,,,,,,,,,,,,,,,,,,,,,,,,,,,,,,,,,,,,,,,,,,,,,,,,,,,,,,,,,,,
20260624,3,O3_8h_24h,,,,,,,,,,,,,,,,,,,,,,,,,,,,,,,,,,,,,,,,,,,,,,,,,,,,,,,,,,,,,,,,,,,,,,,,,,,,,,,,,,,,,,,,,,,,,,,,,,,,,,,,,,,,,,,,,,,,,,,,,,,,,,,,,,,,,,,,,,,,,,,,,,,,,,,,,,,,,,,,,,,,,,,,,,,,,,,,,,,,,,,,,,,,,,,,,,,,,,,,,,,,,,,,,,,,,,,,,,,,,,,,,,,,,,,,,,,,,,,,,,,,,,,,,,,,,,,,,,,,,,,,,,,,,,,,,,,,,,,,,,,,,,,,,,,,,,,,,,,,,,,,,,,,,,,,,,,,,,,,,,,,,,,,,,,,,,,,,,,,,,,,,,,,,,,,,,,,,,,,,,,,,,,,,,,,,,,
20260624,3,CO,0.61,0.58,0.54,0.58,0.25,0.53,0.53,0.17,0.35,0.45,0.40,0.43,0.55,0.73,0.34,0.74,0.53,0.53,0.41,0.38,0.31,0.44,0.42,0.36,0.30,0.54,0.64,0.42,0.30,0.42,0.76,0.36,0.38,0.61,0.52,0.37,0.60,0.45,0.68,0.50,0.70,0.67,0.50,0.50,0.46,0.45,0.40,0.73,0.44,0.41,0.45,0.44,0.57,0.52,0.55,0.60,0.50,0.40,0.53,0.53,0.55,0.50,0.60,0.40,0.56,0.48,0.60,0.45,0.20,0.50,0.50,0.55,0.52,0.25,0.37,0.60,0.23,0.50,0.64,0.52,0.37,0.63,0.40,0.28,0.60,0.37,0.50,0.30,0.34,0.37,0.40,0.33,0.36,0.44,0.40,0.50,0.57,0.60,0.43,0.60,0.55,0.55,0.55,0.47,0.50,0.50,0.37,0.65,0.27,0.20,0.53,0.53,0.63,0.78,0.64,0.58,0.65,0.58,0.62,0.38,0.40,0.33,0.57,0.38,0.43,0.52,0.44,0.43,0.47,0.37,0.53,0.50,0.33,,0.67,0.80,0.75,0.53,0.35,0.59,0.40,0.65,0.63,0.55,0.57,0.50,0.60,0.25,0.55,0.47,0.43,0.50,0.50,0.56,0.50,0.60,0.50,0.50,0.36,0.20,,,,,,,,,,,,,,,,,,,,,,,,,,,,,,0.43,0.40,0.60,0.47,0.30,0.55,0.72,0.67,0.47,0.23,0.37,0.20,0.45,0.38,,0.15,0.40,0.53,0.77,0.25,0.63,0.40,0.50,0.45,0.35,0.30,0.30,0.43,0.23,0.30,0.20,0.38,0.25,0.33,0.20,0.40,0.40,0.27,0.20,0.30,0.65,0.55,0.50,0.25,0.36,0.17,0.25,0.23,0.55,0.40,0.40,0.50,0.25,0.40,0.40,0.67,0.70,0.63,0.55,0.38,0.30,1.23,0.83,0.50,0.44,0.57,0.35,0.47,0.42,0.52,0.37,0.17,0.50,0.70,0.77,0.53,0.70,0.60,0.50,1.00,0.60,0.45,0.82,0.60,0.90,0.70,0.70,0.50,0.55,0.30,0.30,0.60,0.53,0.50,0.40,0.40,0.40,0.90,0.65,0.60,0.60,0.55,0.47,0.60,0.60,0.42,0.33,0.55,0.60,0.30,0.30,,0.20,0.55,0.37,0.57,0.40,0.50,0.55,0.50,,0.40,0.35,0.40,0.55,0.65,0.45,0.50,0.10,0.15,0.55,0.40,0.30,0.55,0.50,0.40,0.25,0.35,0.60,,0.30,0.35,0.43,0.33,0.50,0.85,0.40,0.40,0.30,0.35,0.85,,0.50,,0.40,,0.30,0.50,0.30,0.40,0.40,0.30,0.20,0.30,0.47,0.35,0.40,0.45,0.10,0.20,0.45,0.65,0.15,0.30,0.40,0.45,0.60,0.20,0.45,0.20,,,,0.45,,
20260624,3,CO_24h,0.51,0.61,0.46,0.68,0.30,0.38,0.39,0.37,0.35,0.50,0.40,0.45,0.45,0.75,0.30,0.76,0.51,0.53,0.48,0.38,0.37,0.46,0.42,0.34,0.32,0.48,0.60,0.49,0.36,0.43,0.74,0.36,0.45,0.59,0.51,0.43,0.55,0.50,0.68,0.43,0.60,0.67,0.40,0.45,0.50,0.47,0.40,0.78,0.42,0.40,0.48,0.51,0.56,0.49,0.54,0.60,0.50,0.40,0.53,0.47,0.55,0.43,0.57,0.40,0.57,0.51,0.63,0.42,0.27,0.55,0.57,0.60,0.66,0.29,0.40,0.63,0.27,0.52,0.52,0.52,0.30,0.47,0.43,0.33,0.56,0.40,0.54,0.43,0.34,0.32,0.40,0.33,0.32,0.44,0.33,0.57,0.57,0.57,0.43,0.60,0.60,0.55,0.60,0.47,0.45,0.40,0.43,0.55,0.40,0.20,0.56,0.60,0.82,0.88,0.56,0.78,0.63,0.64,0.52,0.40,0.36,0.30,0.45,0.42,0.50,0.54,0.52,0.47,0.48,0.40,0.60,0.50,0.38,0.47,0.70,0.82,0.75,0.47,0.42,0.64,0.45,0.60,0.65,0.50,0.53,0.47,0.60,0.30,0.53,0.45,0.47,0.50,0.45,0.58,0.50,0.30,0.63,0.58,0.34,0.20,,,,,,,,,,,,,,,,,,,,,,,,,,,,,,0.43,0.40,0.50,0.47,0.33,0.60,0.70,0.63,0.47,0.37,0.40,0.30,0.45,0.45,,0.15,0.45,0.50,0.53,0.50,0.77,0.37,0.50,0.65,0.35,0.40,0.35,0.33,0.23,0.20,0.47,0.47,0.25,0.30,0.25,0.30,0.25,0.32,0.20,0.30,0.60,0.55,0.60,0.30,0.48,0.20,0.25,0.23,0.55,0.33,0.40,0.80,0.30,0.40,0.65,0.60,0.87,0.70,0.50,0.40,0.25,1.10,0.78,0.60,0.48,0.43,0.40,0.50,0.50,0.52,0.40,0.23,0.33,0.87,0.80,0.53,0.60,0.60,0.57,0.70,0.63,0.55,0.80,0.55,0.90,0.65,0.73,0.50,0.50,0.30,0.25,0.60,0.55,0.67,0.40,0.40,0.43,0.90,0.45,0.60,0.63,0.55,0.53,0.70,0.60,0.40,0.35,0.60,0.65,0.35,0.40,,0.20,0.45,0.43,0.50,0.40,0.50,0.40,0.55,,0.55,0.40,0.40,0.55,0.65,0.45,0.50,0.10,0.15,0.55,0.40,0.35,0.55,0.50,0.45,0.20,0.40,0.40,,0.30,0.35,0.47,0.33,0.60,0.85,0.40,0.35,0.40,0.40,0.65,,0.55,,0.45,,0.25,0.50,0.40,0.70,0.40,0.30,0.20,0.30,0.53,0.35,0.35,0.45,0.10,0.20,0.40,0.65,0.30,0.35,0.25,0.45,0.60,0.20,0.40,0.20,,,,0.40,,
20260624,4,AQI,68,40,37,44,52,38,69,14,31,40,49,61,50,43,20,34,21,53,38,22,20,25,31,29,26,23,23,23,23,24,22,24,32,21,40,26,37,24,19,52,41,54,32,17,20,24,37,20,29,26,35,15,18,29,28,23,27,21,35,27,29,29,30,28,21,17,16,16,37,16,29,23,48,29,15,17,18,50,55,30,36,44,31,29,58,35,35,26,24,29,22,23,33,22,36,22,33,20,32,31,27,35,29,27,37,34,23,24,13,29,21,33,40,55,30,54,53,37,67,31,33,30,43,21,19,21,35,33,47,35,47,43,16,31,19,26,21,15,22,30,27,14,12,16,20,20,17,10,12,16,26,33,53,31,17,54,479,30,44,45,,,,,,,,,,,,,,,,,,,,,,,,,,,,,,22,32,54,40,52,33,38,36,67,28,28,26,20,20,,12,37,29,49,36,27,44,34,18,23,36,22,16,48,21,24,19,33,17,14,33,24,22,22,22,19,19,17,23,19,24,20,17,20,21,30,14,18,27,13,14,19,26,14,17,24,37,28,29,41,37,29,39,35,33,29,40,20,29,30,13,27,16,13,14,22,15,17,47,21,14,18,14,29,18,46,28,23,26,29,33,23,18,31,25,23,10,14,24,27,13,10,15,16,14,22,,10,17,12,13,18,14,20,12,,6,17,21,14,21,23,14,14,10,46,12,16,16,17,10,40,34,25,,42,22,16,26,20,28,27,21,45,28,48,,37,,22,,46,25,23,37,34,27,19,34,54,22,16,37,22,31,53,211,105,90,30,29,64,34,38,30,,,,20,,
20260624,4,PM2.5,49,22,26,20,24,21,50,6,18,23,33,40,28,27,8,24,15,37,17,8,9,3,3,7,18,9,6,4,6,4,10,3,20,15,21,14,26,4,12,30,28,35,20,6,5,9,20,9,12,9,19,8,7,16,12,16,19,10,19,14,14,16,15,17,8,11,4,6,4,6,20,16,13,11,6,10,7,12,37,17,25,31,16,20,41,13,10,6,15,16,14,6,22,9,25,4,18,13,16,20,19,14,14,17,18,22,13,17,3,16,9,23,15,29,21,30,37,26,34,18,14,14,29,7,13,9,23,21,25,24,23,28,5,22,4,18,15,9,8,19,13,6,5,3,8,10,4,3,4,8,15,23,25,17,6,38,214,8,31,8,,,,,,,,,,,,,,,,,,,,,,,,,,,,,,9,14,33,22,24,22,22,22,20,4,10,13,3,7,,6,9,20,34,25,19,31,24,9,11,25,13,11,16,12,12,9,15,6,6,17,12,5,5,9,8,7,3,12,4,7,3,9,12,15,20,9,9,17,3,6,13,8,9,8,7,21,8,16,29,22,17,18,22,20,16,18,5,16,21,3,19,8,5,3,13,3,10,14,8,8,11,8,20,6,24,11,8,15,17,17,14,8,21,15,3,3,10,17,10,3,3,6,3,5,3,,3,11,3,9,3,6,14,6,,3,12,10,5,10,10,6,9,5,14,3,3,10,5,3,3,3,10,,3,7,3,12,3,10,15,13,28,18,14,,16,,6,,17,16,11,11,9,3,,6,20,7,7,11,12,17,23,136,51,35,12,14,46,16,17,16,,,,9,,
20260624,4,PM2.5_24h,29,27,21,26,19,24,30,16,13,44,29,24,22,27,6,15,13,23,15,8,3,4,,6,12,5,2,4,5,4,6,4,10,15,19,19,20,7,11,15,19,19,21,7,3,23,20,5,19,4,23,7,7,15,11,13,17,12,16,13,12,15,15,14,9,10,7,6,6,13,16,16,20,16,7,8,9,14,18,14,16,21,22,11,31,17,25,16,6,7,5,6,19,4,10,15,19,13,15,16,18,11,17,14,18,19,14,14,4,13,17,23,18,26,16,19,18,15,23,19,13,13,20,6,8,2,28,24,23,24,23,24,8,20,2,15,9,13,11,13,12,6,13,5,4,4,3,3,7,8,22,17,13,17,14,23,54,13,28,6,,,,,,,,,,,,,,,,,,,,,,,,,,,,,,16,14,22,19,17,29,17,22,14,11,17,13,9,9,,5,9,14,15,16,19,21,16,11,7,22,14,8,13,14,17,10,15,10,10,10,11,5,5,8,3,3,2,10,11,10,5,11,5,4,25,12,11,16,23,5,19,28,16,14,10,22,9,15,32,20,19,18,21,18,17,19,3,18,21,3,20,5,4,3,10,6,8,14,8,13,16,4,6,8,18,14,13,19,20,21,15,5,17,17,3,1,7,15,11,7,3,18,3,5,8,,3,10,8,15,3,10,11,7,,4,11,10,4,11,10,4,8,6,10,5,7,9,6,4,2,2,9,,3,4,3,11,5,8,16,10,25,16,12,,14,,8,,12,17,12,11,11,5,3,6,19,12,9,14,15,16,17,34,26,17,15,12,45,8,10,16,,,,8,,
20260624,4,PM10,71,40,37,44,54,38,74,14,31,40,49,71,50,43,11,31,19,,38,10,17,6,6,17,26,19,9,8,17,12,13,10,32,18,40,26,35,7,12,53,41,58,32,17,7,24,37,9,29,11,35,14,11,29,28,23,25,21,35,27,29,29,30,28,21,17,16,16,10,10,29,23,48,28,15,17,14,50,60,30,26,41,31,21,59,35,35,20,22,29,19,16,33,16,26,15,33,20,32,31,27,35,29,27,37,34,23,21,9,29,21,32,40,60,28,57,43,35,84,31,33,30,43,10,19,10,35,33,47,35,47,43,16,28,13,16,19,15,22,30,16,10,12,16,20,20,7,10,12,16,26,31,56,31,17,51,579,30,38,45,,,,,,,,,,,,,,,,,,,,,,,,,,,,,,22,32,58,40,53,33,32,36,83,28,22,26,17,19,,6,20,26,48,20,25,35,28,18,23,32,22,14,48,21,24,19,33,17,12,33,24,15,13,20,18,9,13,11,16,21,8,16,20,,30,14,18,27,9,14,19,26,13,17,24,37,28,29,39,37,25,39,35,33,29,40,20,29,30,13,26,15,13,12,22,15,17,14,21,14,18,8,18,18,46,28,23,26,29,33,23,18,31,25,22,10,12,16,27,8,10,12,6,12,22,,6,17,6,9,12,13,17,,,6,9,21,14,21,23,7,14,10,46,8,13,16,16,8,7,8,13,,6,,8,23,20,16,27,21,45,28,48,,29,,22,,46,20,23,18,26,21,,11,58,22,14,37,18,27,55,358,160,130,30,24,51,26,38,30,,,,20,,
20260624,4,PM10_24h,49,56,42,55,46,32,60,25,27,67,46,51,44,42,11,32,22,33,37,10,11,5,4,13,24,14,6,10,10,9,12,13,17,18,28,34,26,8,12,29,29,35,30,18,8,35,37,5,45,10,33,12,12,28,28,22,24,23,30,26,26,26,27,23,20,14,20,14,12,26,33,26,55,50,12,14,19,45,38,28,24,30,38,16,51,39,49,37,22,18,22,24,37,9,15,35,30,24,27,29,26,23,28,23,35,38,25,27,12,27,33,31,44,52,22,37,28,26,33,30,28,26,37,8,13,8,41,38,34,38,38,37,17,27,9,14,9,26,30,25,26,13,19,17,13,14,9,10,19,18,36,27,25,29,35,60,143,44,47,21,,,,,,,,,,,,,,,,,,,,,,,,,,,,,,25,23,39,36,43,44,26,35,56,42,34,29,34,24,,12,32,23,28,31,28,27,25,21,29,30,18,13,27,29,30,25,24,19,18,25,15,16,11,20,9,6,8,6,22,22,5,15,8,8,39,24,20,25,38,8,28,50,27,28,28,36,25,29,42,40,32,24,27,29,25,38,15,28,30,10,27,14,8,7,21,17,14,14,16,17,24,12,12,12,41,40,30,33,28,38,25,15,26,31,18,7,10,20,23,12,12,25,10,12,18,,7,15,16,19,13,19,18,6,,5,13,24,10,26,17,7,11,14,25,8,16,13,14,9,8,12,19,,12,8,9,24,16,15,37,23,46,32,35,,25,,26,,36,28,24,23,23,18,10,16,45,31,15,39,18,50,47,62,79,55,88,28,76,25,47,78,,,,20,,
20260624,4,SO2,3,7,2,10,6,5,4,3,3,2,11,5,5,12,8,5,6,5,6,6,5,6,4,6,9,6,5,15,5,8,7,7,6,6,5,5,6,5,5,7,5,2,4,20,8,5,3,7,6,6,4,4,5,6,6,6,5,6,4,3,6,8,4,5,8,5,5,6,6,5,9,15,8,5,5,6,7,9,7,5,7,49,2,8,11,11,11,9,9,5,5,5,7,7,3,10,7,6,7,5,8,5,7,5,6,19,3,8,4,6,9,10,7,11,13,7,10,7,5,5,3,6,5,5,6,3,12,4,8,7,5,11,7,7,7,7,8,5,3,7,3,8,9,12,3,10,4,6,3,3,5,7,3,7,8,25,13,24,6,4,,,,,,,,,,,,,,,,,,,,,,,,,,,,,,5,6,6,4,5,9,5,5,5,7,9,5,13,10,,6,10,5,9,9,7,4,7,11,10,2,4,7,10,6,7,5,4,9,8,9,7,6,7,4,8,4,4,8,6,5,5,4,6,7,5,6,3,5,5,4,10,6,5,4,9,8,5,17,7,9,5,3,6,7,5,5,4,8,7,4,7,4,6,7,4,5,6,142,4,5,5,5,7,4,7,8,3,5,6,12,11,3,7,6,5,9,9,4,7,6,4,7,7,6,3,,6,7,4,8,3,6,3,4,,5,6,9,8,6,7,2,4,2,8,6,4,5,9,7,5,7,4,,5,4,4,35,5,7,32,8,9,11,9,,5,,9,,4,7,3,10,12,12,7,19,7,6,7,6,6,8,5,4,10,3,3,6,4,7,6,6,,,,4,,
20260624,4,SO2_24h,3,8,3,9,7,4,4,4,3,3,9,6,4,12,8,8,7,7,6,6,5,5,4,5,8,6,5,7,5,9,7,7,5,6,5,5,6,5,5,5,6,3,4,6,7,5,3,7,7,6,4,4,5,6,5,6,6,6,4,3,5,8,4,5,8,4,6,6,6,5,10,16,9,5,5,6,8,10,7,6,7,9,3,9,12,9,11,11,10,5,5,6,7,7,3,11,10,6,8,4,8,6,6,5,5,11,4,7,6,5,9,10,7,12,14,8,10,7,7,6,4,6,6,5,6,3,11,3,8,8,5,9,7,7,4,7,8,6,3,6,2,8,10,11,4,10,4,6,3,4,6,6,3,8,7,20,16,14,6,4,,,,,,,,,,,,,,,,,,,,,,,,,,,,,,5,3,5,4,8,10,5,8,5,11,8,5,11,8,,6,10,8,9,11,7,6,7,12,11,2,4,7,9,6,8,6,4,9,7,10,6,6,7,4,8,4,4,8,5,5,5,4,5,6,5,9,4,5,5,4,12,5,6,4,11,5,5,11,7,6,6,3,6,6,5,5,4,8,7,4,6,4,5,7,3,5,6,9,4,6,7,5,6,3,7,6,4,7,5,12,11,3,7,4,5,8,10,4,7,6,5,7,7,5,3,,6,9,4,10,3,6,4,4,,5,5,8,9,6,7,2,4,2,8,5,5,5,9,7,6,9,4,,5,4,4,19,7,8,46,10,10,8,9,,5,,8,,4,8,7,10,11,13,7,19,8,7,7,7,6,8,5,4,8,3,4,6,4,7,6,6,,,,3,,
20260624,4,NO2,23,17,4,13,21,14,16,7,13,16,21,33,10,22,10,20,6,23,27,12,7,13,3,8,15,3,10,8,10,2,7,3,11,12,15,10,12,5,10,20,15,27,30,12,5,8,13,7,13,8,22,10,3,15,11,2,10,3,14,11,18,10,8,10,12,8,6,9,5,10,14,11,13,9,5,7,14,39,15,11,21,46,10,10,33,12,29,14,13,14,13,7,13,17,11,17,14,7,15,6,7,5,14,2,14,27,5,5,7,19,13,8,17,25,17,12,25,21,32,9,18,13,8,8,5,11,14,13,24,9,34,9,19,,4,3,8,5,4,14,6,8,8,8,12,4,4,4,4,10,21,16,16,8,16,37,12,12,3,8,,,,,,,,,,,,,,,,,,,,,,,,,,,,,,8,10,25,18,18,17,4,16,35,5,9,8,7,12,,14,3,21,18,16,13,20,15,8,16,8,12,11,25,12,7,9,24,25,13,23,3,8,5,6,6,3,4,3,9,2,5,10,10,10,8,7,6,11,8,3,9,11,4,6,7,14,4,11,17,18,11,12,35,8,11,31,6,9,18,10,8,11,4,6,5,3,8,4,5,9,6,5,11,3,35,7,10,11,11,15,8,8,16,23,8,6,6,7,13,5,9,5,4,3,2,,12,10,8,7,5,4,7,4,,5,7,20,4,7,7,3,8,13,6,5,5,9,7,5,2,3,5,,2,4,7,14,7,10,14,11,29,11,35,,8,,8,,30,3,5,2,2,2,17,2,30,11,12,5,7,6,9,7,15,10,9,11,2,5,6,5,,,,5,,
20260624,4,NO2_24h,18,19,10,17,16,9,15,9,13,25,16,19,9,18,8,18,9,29,24,16,11,15,5,7,11,4,15,16,11,3,7,4,9,17,21,11,17,9,15,17,21,22,18,7,9,9,19,7,14,9,14,11,6,15,9,3,12,4,10,11,11,8,8,8,14,11,12,8,8,13,19,18,20,8,6,10,13,27,14,13,14,21,12,11,19,9,19,14,12,11,11,6,11,7,10,17,11,6,11,6,10,4,12,3,14,12,5,6,6,12,14,8,13,18,17,14,19,15,17,19,12,12,12,9,6,14,13,8,17,10,19,9,13,8,8,5,8,7,4,11,7,9,14,9,13,7,6,8,9,9,14,13,13,10,10,16,14,17,4,6,,,,,,,,,,,,,,,,,,,,,,,,,,,,,,6,8,13,12,15,10,5,12,24,11,14,10,8,10,,8,7,18,12,19,16,23,26,11,13,10,11,9,15,13,11,8,16,11,11,18,5,9,8,5,10,5,5,4,10,3,6,8,13,6,11,9,7,7,10,5,13,12,6,9,8,11,3,11,11,11,13,9,16,7,7,11,5,12,14,8,8,6,4,6,6,5,5,5,8,7,6,6,9,7,23,7,7,14,11,11,10,9,9,12,11,8,7,10,16,6,17,10,9,4,5,,12,10,11,7,5,8,6,7,,6,5,11,6,8,7,4,6,8,5,7,6,9,7,7,4,4,8,,3,5,6,13,9,12,18,10,19,15,16,,9,,9,,20,9,4,2,5,2,11,2,20,14,8,7,9,8,9,11,9,12,6,11,4,6,6,5,,,,4,,
20260624,4,O3,59,73,108,65,58,86,103,45,39,75,70,81,105,81,63,61,65,44,90,69,63,80,99,92,58,73,75,73,72,78,70,77,70,43,57,55,49,77,62,18,20,22,25,15,64,66,44,63,81,82,55,48,59,40,44,65,46,58,35,51,26,37,53,45,27,54,31,41,119,50,83,61,58,92,47,49,58,41,58,31,50,13,49,76,93,81,50,83,78,57,69,72,67,70,66,70,58,46,41,59,51,54,26,79,42,34,41,50,43,59,57,100,66,56,37,68,51,39,27,100,64,19,77,66,62,68,67,77,54,74,29,83,28,56,60,62,22,32,71,15,85,46,36,41,29,42,53,27,31,33,34,41,19,20,37,34,69,77,91,76,,,,,,,,,,,,,,,,,,,,,,,,,,,,,,55,55,25,62,47,87,121,51,42,88,89,49,63,63,,39,118,22,64,42,33,48,72,25,25,88,54,29,17,31,55,14,36,17,46,91,17,71,71,70,62,62,54,73,61,77,64,54,57,51,66,36,35,24,41,38,31,54,44,35,43,26,56,34,65,59,93,44,45,73,54,28,35,28,33,38,75,51,38,45,66,29,42,37,61,34,38,46,21,14,10,57,57,44,42,36,43,16,16,28,74,33,28,63,58,40,33,47,52,46,34,,33,31,39,42,57,44,32,38,,12,36,42,45,30,37,44,34,25,19,37,50,26,55,31,128,110,81,,134,69,51,83,29,89,77,47,36,84,14,,119,,39,,21,79,72,117,108,87,62,108,28,67,51,94,70,99,64,81,76,90,94,94,60,109,107,85,,,,41,,
20260624,4,O3_24h,59,73,108,65,58,86,103,45,39,75,70,81,105,81,63,61,65,44,90,69,63,80,99,92,58,73,75,73,72,78,70,77,70,43,57,55,49,77,62,18,20,22,25,15,64,66,44,63,81,82,55,48,59,40,44,65,46,58,35,51,26,37,53,45,27,54,31,41,119,50,83,61,58,92,47,49,58,41,58,31,50,13,49,76,93,81,50,83,78,57,69,72,67,70,66,70,58,46,41,59,51,54,26,79,42,34,41,50,43,59,57,100,66,56,37,68,51,39,27,100,64,19,77,66,62,68,67,77,54,74,29,83,28,56,60,62,22,32,71,15,85,46,36,41,29,42,53,27,31,33,34,41,19,20,37,34,69,77,91,76,,,,,,,,,,,,,,,,,,,,,,,,,,,,,,55,55,25,62,47,87,121,51,42,88,89,49,63,63,,39,118,22,64,42,33,48,72,25,25,88,54,29,17,31,55,14,36,17,46,91,17,71,71,70,62,62,54,73,61,77,64,54,57,51,66,36,35,24,41,38,31,54,44,35,43,26,56,34,65,59,93,44,45,73,54,28,35,28,33,38,75,51,38,45,66,29,42,37,61,34,38,46,21,14,10,57,57,44,42,36,43,16,16,28,74,33,28,63,58,40,33,47,52,46,34,,33,31,39,42,57,44,32,38,,12,36,42,45,30,37,44,34,25,19,37,50,26,55,31,128,110,81,,134,69,51,83,29,89,77,47,36,84,14,,119,,39,,21,79,72,117,108,87,62,108,28,67,51,94,70,99,64,81,76,90,94,94,60,109,107,85,,,,41,,
20260624,4,O3_8h,,,,,,,,,,,,,,,,,,,,,,,,,,,,,,,,,,,,,,,,,,,,,,,,,,,,,,,,,,,,,,,,,,113,,,,,,,,,,,,,,,,,,,211,,,,,,,,,,,,,,,,,,,,,,,,,,,,,,,,,,,,,,,,,,,,,,,,,66,,,,,,,,,,,,,,,,,,,,,,,,,,,,,,,,,,,,,,,,,,,,,,,,,,,,,,,,,,,,,,,,,,,,,,,,,,,,,,,,,,,,,,,,,,,,,,,,,,,,,,,,,,,,,,,,,,,,,,,,,,,,,,,,,,,,,,,,,,,,,,,59,,,,,,,,,,,,,,,,,,,52,,,,,,,,,,,,,,,,,,,,,,,,,,,,,,,,,,,,,,,,,,,,,,,,,,,,,,,,,,,,,,,,,,,,,,,,,,,,,,,
20260624,4,O3_8h_24h,,,,,,,,,,,,,,,,,,,,,,,,,,,,,,,,,,,,,,,,,,,,,,,,,,,,,,,,,,,,,,,,,,,,,,,,,,,,,,,,,,,,,,,,,,,,,,,,,,,,,,,,,,,,,,,,,,,,,,,,,,,,,,,,,,,,,,,,,,,,,,,,,,,,,,,,,,,,,,,,,,,,,,,,,,,,,,,,,,,,,,,,,,,,,,,,,,,,,,,,,,,,,,,,,,,,,,,,,,,,,,,,,,,,,,,,,,,,,,,,,,,,,,,,,,,,,,,,,,,,,,,,,,,,,,,,,,,,,,,,,,,,,,,,,,,,,,,,,,,,,,,,,,,,,,,,,,,,,,,,,,,,,,,,,,,,,,,,,,,,,,,,,,,,,,,,,,,,,,,,,,,,,,,,,,,,,,,
20260624,4,CO,0.62,0.54,0.56,0.64,0.30,0.53,0.53,0.17,0.35,0.27,0.40,0.47,0.75,0.93,0.50,0.75,0.50,0.51,0.42,0.38,0.31,0.43,0.42,0.30,0.34,0.55,0.66,0.47,0.28,0.42,0.74,0.36,0.50,0.62,0.47,0.43,0.57,0.47,0.70,0.47,0.65,0.67,0.50,0.50,0.47,0.45,0.40,0.73,0.46,0.43,0.44,0.46,0.52,0.52,0.56,0.60,0.50,0.35,0.53,0.53,0.58,0.50,0.60,0.38,0.54,0.49,0.60,0.42,0.18,0.49,0.47,0.55,0.48,0.25,0.38,0.62,0.23,0.46,0.62,0.52,0.40,0.57,0.40,0.28,0.63,0.40,0.55,0.25,0.28,0.37,0.45,0.35,0.36,0.48,0.40,0.57,0.60,0.57,0.45,0.60,0.55,0.55,0.55,0.47,0.50,0.50,0.37,0.60,0.27,0.20,0.50,0.54,0.60,0.86,0.62,0.62,0.70,0.60,0.62,0.43,0.50,0.37,0.58,0.37,0.47,0.52,0.46,0.43,0.47,0.40,0.60,0.50,0.33,0.40,0.60,0.80,0.75,0.53,0.35,0.60,0.40,0.65,0.60,0.53,0.57,0.50,0.60,0.25,0.53,0.47,0.43,0.50,0.55,0.58,0.45,0.70,0.40,0.52,0.34,0.20,,,,,,,,,,,,,,,,,,,,,,,,,,,,,,0.43,0.40,0.60,0.47,0.33,0.60,0.82,0.63,0.47,0.23,0.30,0.20,0.45,0.38,,0.15,0.40,0.53,0.77,0.25,0.60,0.33,0.50,0.50,0.35,0.30,0.35,0.43,0.30,0.40,0.15,0.37,0.25,0.33,0.30,0.35,0.20,0.30,0.20,0.40,0.60,0.53,0.50,0.30,0.36,0.17,0.25,0.17,0.60,0.50,0.40,0.50,0.25,0.35,0.40,0.70,0.57,0.63,0.55,0.40,0.30,1.10,0.83,0.50,0.46,0.55,0.35,0.47,0.42,0.50,0.37,0.20,0.33,0.77,0.80,0.53,0.65,0.60,0.50,1.00,0.60,0.45,1.06,0.60,0.90,0.75,0.80,0.50,0.55,0.30,0.30,0.63,0.55,0.53,0.43,0.45,0.40,0.90,0.55,0.70,0.63,0.40,0.47,0.60,0.60,0.47,0.33,0.55,0.60,0.30,0.30,,0.20,0.50,0.30,0.60,0.40,0.50,0.45,0.50,,0.35,0.35,0.40,0.55,0.70,0.45,0.50,0.10,0.15,0.55,0.40,0.30,0.55,0.50,0.40,0.15,0.30,0.50,,0.30,0.35,0.43,0.35,0.40,0.80,0.40,0.40,0.30,0.35,0.70,,0.50,,0.45,,0.30,0.50,0.40,0.40,0.40,0.30,,0.30,0.47,0.40,0.40,0.40,0.10,0.20,0.45,0.55,0.15,0.25,0.30,0.45,0.60,0.20,0.55,0.15,,,,0.45,,
20260624,4,CO_24h,0.51,0.61,0.46,0.69,0.30,0.38,0.41,0.37,0.40,0.50,0.40,0.45,0.45,0.75,0.32,0.74,0.51,0.53,0.47,0.38,0.38,0.46,0.42,0.34,0.30,0.48,0.60,0.47,0.36,0.43,0.74,0.36,0.43,0.59,0.51,0.43,0.55,0.47,0.68,0.43,0.60,0.67,0.40,0.45,0.50,0.45,0.40,0.77,0.43,0.40,0.48,0.51,0.56,0.51,0.54,0.60,0.50,0.40,0.53,0.47,0.55,0.47,0.59,0.40,0.57,0.50,0.63,0.42,0.27,0.54,0.57,0.60,0.66,0.28,0.40,0.63,0.27,0.52,0.52,0.50,0.33,0.47,0.43,0.33,0.56,0.40,0.54,0.43,0.34,0.32,0.40,0.33,0.32,0.44,0.33,0.57,0.57,0.57,0.43,0.60,0.60,0.55,0.60,0.47,0.45,0.40,0.43,0.55,0.37,0.20,0.56,0.60,0.80,0.88,0.56,0.78,0.63,0.64,0.54,0.40,0.36,0.30,0.45,0.42,0.50,0.54,0.51,0.45,0.48,0.40,0.60,0.50,0.38,0.47,0.70,0.82,0.75,0.47,0.42,0.66,0.45,0.60,0.65,0.53,0.53,0.47,0.60,0.30,0.55,0.45,0.47,0.50,0.45,0.58,0.50,0.30,0.63,0.58,0.34,0.20,,,,,,,,,,,,,,,,,,,,,,,,,,,,,,0.43,0.40,0.50,0.47,0.33,0.60,0.70,0.63,0.47,0.37,0.40,0.30,0.45,0.40,,0.15,0.45,0.47,0.57,0.45,0.77,0.37,0.50,0.55,0.40,0.40,0.35,0.33,0.23,0.20,0.43,0.47,0.25,0.30,0.25,0.30,0.25,0.32,0.20,0.30,0.60,0.55,0.60,0.30,0.46,0.20,0.25,0.23,0.55,0.33,0.40,0.80,0.30,0.40,0.65,0.60,0.87,0.70,0.55,0.42,0.25,1.13,0.78,0.60,0.48,0.45,0.40,0.47,0.48,0.52,0.37,0.23,0.33,0.87,0.80,0.53,0.63,0.60,0.57,0.80,0.63,0.55,0.82,0.55,0.90,0.65,0.73,0.50,0.50,0.30,0.30,0.60,0.53,0.67,0.40,0.40,0.43,0.90,0.50,0.60,0.63,0.55,0.53,0.70,0.60,0.40,0.35,0.60,0.65,0.35,0.40,,0.20,0.45,0.43,0.53,0.40,0.50,0.40,0.55,,0.50,0.40,0.40,0.55,0.65,0.45,0.50,0.10,0.15,0.55,0.40,0.35,0.55,0.50,0.45,0.20,0.40,0.40,,0.30,0.35,0.47,0.33,0.60,0.85,0.45,0.35,0.40,0.40,0.65,,0.55,,0.45,,0.25,0.50,0.40,0.70,0.40,0.30,0.20,0.30,0.53,0.35,0.35,0.45,0.10,0.20,0.40,0.65,0.30,0.35,0.25,0.45,0.60,0.20,0.40,0.20,,,,0.40,,
20260624,5,AQI,69,40,42,41,54,42,76,14,35,50,51,59,52,49,20,39,20,54,40,22,20,24,28,28,30,23,24,24,23,25,22,23,33,14,33,28,30,24,21,45,31,55,32,27,20,25,39,19,33,23,35,16,18,29,25,23,27,22,32,27,30,29,30,27,21,24,15,16,37,14,28,29,48,29,14,16,15,45,54,29,34,51,30,29,52,32,35,25,30,27,23,22,37,21,39,20,33,24,32,32,27,30,29,25,37,26,20,26,14,24,17,31,39,55,41,54,57,42,54,28,40,25,41,20,20,21,37,35,38,34,47,39,19,34,18,29,23,20,26,29,25,13,12,21,21,19,16,12,11,17,23,34,55,30,35,44,500,32,41,55,,,,,,,,,,,,,,,,,,,,,,,,,,,,,,25,26,53,33,52,38,37,39,69,38,28,28,20,20,,19,38,24,53,37,20,40,31,23,35,39,15,19,41,23,22,40,32,18,14,32,16,21,22,22,22,19,16,23,19,23,20,18,21,20,29,16,19,28,14,14,18,24,14,28,28,33,27,26,51,37,29,34,30,33,32,49,20,25,31,14,33,16,13,16,21,15,16,20,19,12,17,16,25,14,49,24,26,29,27,34,30,32,33,26,22,10,10,21,21,13,11,13,16,13,23,,13,16,12,16,16,14,23,12,,6,13,18,14,17,14,14,12,11,44,11,17,18,16,9,38,34,28,,42,20,16,25,25,27,42,25,51,30,47,,40,,26,,37,24,21,36,33,26,19,34,52,20,18,34,23,32,34,195,100,91,32,26,52,33,43,34,,,,18,,
20260624,5,PM2.5,50,21,26,20,29,25,56,5,19,35,33,39,24,28,5,27,14,38,20,6,7,3,3,7,21,9,6,4,7,3,8,3,22,10,19,16,21,3,5,26,19,36,20,10,5,9,22,12,13,9,23,9,6,16,12,16,19,11,19,14,15,16,14,16,7,13,3,7,4,7,16,20,13,13,7,10,8,13,34,16,24,36,19,20,34,14,12,5,17,19,16,7,26,11,27,4,19,15,14,20,19,14,17,17,18,14,13,18,3,13,7,22,15,31,29,30,38,28,38,15,21,14,27,8,14,10,24,21,25,23,23,22,8,24,6,20,16,3,10,19,14,6,6,7,9,12,3,3,3,5,11,24,18,16,8,29,224,9,28,9,,,,,,,,,,,,,,,,,,,,,,,,,,,,,,15,11,32,20,26,23,16,27,23,6,9,12,3,6,,13,8,17,37,26,7,28,22,10,16,27,8,13,23,16,11,6,19,10,6,14,11,5,6,11,8,9,3,10,7,11,6,7,12,14,20,11,13,17,3,6,8,10,9,7,6,18,10,16,36,18,8,17,20,19,19,22,3,15,22,3,23,10,5,3,13,5,11,14,10,4,11,11,8,6,22,11,11,15,18,19,18,9,23,18,3,3,7,15,8,3,3,5,3,5,3,,3,11,3,5,3,3,16,5,,3,7,11,3,10,10,3,7,5,13,5,5,3,3,3,3,3,13,,3,3,3,13,7,13,15,13,29,15,13,,20,,5,,11,15,15,10,8,6,3,3,19,12,6,11,13,17,19,117,53,36,7,12,36,11,18,24,,,,9,,
20260624,5,PM2.5_24h,31,28,22,26,19,24,32,16,13,44,29,25,22,27,6,15,13,23,15,8,4,4,,6,11,5,2,4,5,4,6,5,10,14,19,19,20,7,11,16,19,21,21,8,3,23,20,6,18,4,23,7,7,15,11,14,18,12,16,13,13,16,15,14,9,10,7,6,6,13,16,16,20,16,7,8,9,14,19,14,17,22,23,10,30,16,24,15,6,7,5,5,17,4,11,15,19,13,15,16,18,11,18,15,18,19,14,14,4,12,16,23,18,26,16,19,19,15,24,19,14,13,21,6,8,2,28,24,22,24,22,23,8,21,3,15,10,12,11,13,12,6,13,5,4,5,3,3,6,8,20,18,13,18,14,23,62,13,28,6,,,,,,,,,,,,,,,,,,,,,,,,,,,,,,16,14,22,19,17,29,17,22,14,10,17,13,9,8,,5,9,13,16,16,18,21,17,11,7,22,13,8,13,15,16,11,16,10,10,11,11,5,5,8,3,3,2,10,10,10,5,9,6,5,25,12,11,16,22,5,19,27,16,14,10,21,9,16,31,20,18,18,21,18,16,19,3,18,21,3,20,5,4,3,10,6,8,14,8,13,15,5,7,8,19,14,13,19,19,21,15,5,17,17,3,1,8,15,12,7,3,17,3,5,8,,3,10,8,14,3,10,12,7,,4,11,10,4,11,10,4,8,6,10,5,7,9,6,4,3,2,9,,3,4,3,11,5,7,15,10,25,16,12,,14,,8,,11,17,12,11,11,5,3,5,19,12,9,14,15,17,17,37,27,18,15,13,46,8,10,16,,,,8,,
20260624,5,PM10,72,40,42,41,57,42,77,13,35,48,52,67,54,49,9,34,19,,40,8,15,6,6,16,26,21,10,9,14,9,12,10,33,12,33,28,29,6,6,45,31,59,32,27,11,25,39,14,33,10,35,16,11,29,25,23,25,22,32,27,30,29,30,27,21,24,15,16,9,14,28,26,48,29,13,16,14,45,57,29,28,37,30,23,53,32,35,19,30,18,19,16,30,17,,19,33,24,32,32,27,30,29,25,37,26,20,25,8,24,16,30,39,60,32,58,64,42,,28,40,25,41,9,18,15,37,35,38,34,47,39,19,31,13,,18,20,26,29,21,10,12,21,21,19,7,12,11,17,23,34,59,30,35,44,747,32,41,59,,,,,,,,,,,,,,,,,,,,,,,,,,,,,,25,26,56,33,54,38,30,30,88,38,20,28,20,19,,6,23,23,47,25,20,33,28,23,35,29,15,17,41,13,22,40,32,18,13,32,15,16,14,19,22,9,12,9,18,23,8,15,21,,26,16,19,28,14,14,18,24,12,28,28,33,27,26,48,37,29,34,30,33,32,49,20,25,28,14,32,16,13,10,21,15,16,16,11,8,17,12,25,14,49,24,26,29,27,34,30,32,30,26,16,8,10,17,21,8,8,11,7,10,23,,9,16,6,8,10,14,22,,,6,13,18,8,17,13,8,11,11,44,10,17,18,12,6,6,7,,,6,6,10,23,25,20,42,25,51,30,47,,32,,26,,37,18,20,19,28,16,,12,54,19,17,34,11,26,34,339,149,132,23,24,53,28,43,34,,,,18,,
20260624,5,PM10_24h,51,56,42,54,46,31,61,24,27,67,46,52,44,43,11,31,21,33,38,9,11,5,4,13,24,14,6,10,10,9,12,13,17,18,27,34,26,7,11,30,29,37,30,19,8,35,37,5,44,10,33,12,12,29,28,22,25,23,30,26,26,27,27,23,21,14,20,14,12,25,34,26,56,50,12,14,19,46,40,28,24,31,38,15,51,38,49,37,22,18,22,24,36,10,15,34,30,25,27,30,27,24,29,24,35,38,25,27,12,26,33,31,44,52,22,38,28,26,32,31,28,26,37,8,13,8,40,37,34,38,38,38,17,26,10,14,9,25,30,25,26,13,19,18,13,14,9,10,18,18,35,27,26,30,35,60,175,43,48,23,,,,,,,,,,,,,,,,,,,,,,,,,,,,,,25,22,39,36,44,44,26,35,57,42,34,28,33,23,,12,32,23,29,30,28,27,25,21,29,29,18,13,28,29,29,26,24,19,18,26,15,16,11,18,10,6,9,6,22,22,5,15,9,8,39,24,19,25,37,9,28,49,26,28,28,36,25,29,41,39,31,24,27,29,24,38,15,28,30,10,27,14,8,7,21,17,14,14,16,17,23,12,12,12,42,38,30,33,28,38,24,16,26,31,18,7,10,20,23,12,12,24,10,11,19,,7,15,16,19,13,19,18,5,,4,13,23,10,26,17,7,11,14,26,8,16,13,14,9,8,12,19,,12,8,9,24,16,15,37,23,47,33,36,,26,,26,,37,28,24,23,24,18,10,16,46,30,15,39,18,49,47,72,84,60,88,28,77,26,48,76,,,,20,,
20260624,5,SO2,3,7,2,11,6,5,4,4,2,2,10,5,5,10,8,4,6,5,6,6,5,6,4,6,9,6,5,6,5,9,7,7,6,6,6,5,7,5,5,6,5,2,5,9,8,5,3,7,6,5,4,4,5,6,5,6,5,5,4,4,5,8,4,5,9,5,5,5,6,5,8,14,8,5,6,6,7,9,6,5,7,56,2,8,11,10,12,9,17,4,5,5,7,7,3,9,6,6,7,6,8,6,6,5,5,8,4,5,4,6,9,10,7,10,14,7,9,7,5,5,3,6,5,6,7,3,12,4,8,7,5,11,7,7,5,7,8,4,3,7,2,8,9,14,4,10,4,6,3,3,5,6,3,6,8,24,4,21,6,3,,,,,,,,,,,,,,,,,,,,,,,,,,,,,,6,5,7,4,5,9,5,5,6,8,9,5,14,6,,6,11,5,8,9,6,4,7,14,11,2,4,8,10,6,7,5,4,9,7,9,6,6,7,4,8,4,4,8,5,5,5,4,5,6,4,8,3,5,5,4,9,6,5,4,7,7,6,11,7,8,5,3,6,7,6,6,5,8,7,5,7,4,6,7,4,5,6,3,4,4,6,5,6,3,7,7,4,6,9,8,13,3,7,6,5,9,9,4,6,6,4,7,8,6,3,,6,7,4,10,3,5,4,4,,4,6,8,8,6,7,1,4,2,9,6,5,5,9,7,6,7,4,,5,4,4,31,5,8,43,8,13,10,10,,5,,9,,4,8,6,10,13,12,7,20,6,6,8,6,6,8,5,4,12,3,3,6,4,7,6,5,,,,5,,
20260624,5,SO2_24h,3,8,3,9,7,4,4,4,3,3,9,6,4,12,8,8,7,7,6,6,5,5,4,5,8,6,5,7,5,9,7,7,6,6,6,5,6,5,5,5,6,3,4,6,7,5,3,7,7,6,4,4,5,6,5,6,6,6,4,3,5,8,4,5,8,4,6,6,6,5,10,16,9,5,5,6,8,10,7,6,7,11,3,8,12,9,11,10,10,5,5,6,7,7,3,11,9,6,8,4,8,6,5,5,5,11,4,7,5,5,9,10,7,12,14,8,10,7,7,6,4,6,6,5,6,3,11,3,8,8,5,9,7,7,4,7,8,6,3,7,2,8,10,11,4,10,4,6,3,4,6,6,3,8,7,20,15,15,6,4,,,,,,,,,,,,,,,,,,,,,,,,,,,,,,5,3,5,4,7,10,5,8,5,11,8,5,11,8,,6,10,8,9,11,7,6,7,12,11,2,4,7,9,6,8,6,4,9,7,10,6,6,7,4,8,4,4,8,5,5,5,4,5,6,5,9,4,5,5,4,12,6,6,4,11,6,5,11,7,7,6,3,6,6,5,5,4,8,7,4,6,4,5,7,3,5,6,9,4,5,7,5,6,3,7,6,3,7,5,12,11,3,6,4,5,8,10,4,7,6,5,7,7,5,3,,6,9,4,10,3,6,4,4,,5,6,8,9,6,7,2,4,2,8,5,5,5,9,7,6,9,4,,5,4,4,20,7,8,38,10,10,8,9,,5,,8,,4,8,7,10,11,13,7,19,8,7,7,7,6,8,5,4,8,3,4,6,4,7,6,6,,,,3,,
20260624,5,NO2,19,18,4,14,22,11,15,7,12,16,21,20,13,19,8,25,8,24,32,11,7,15,4,8,16,3,11,7,10,2,6,4,13,12,17,9,12,8,9,24,14,24,33,11,4,10,11,8,16,13,27,10,5,14,10,3,10,4,13,14,16,13,8,8,11,9,5,8,5,13,14,10,17,9,5,6,21,39,21,9,25,46,11,14,27,12,44,16,15,16,15,8,12,20,10,19,14,8,11,7,13,6,12,3,12,13,5,5,6,,13,9,14,30,22,14,31,22,28,10,17,19,9,7,5,11,12,23,21,7,40,11,11,10,4,4,8,5,4,16,5,7,9,11,12,4,4,4,4,10,17,15,20,7,24,38,6,15,5,8,,,,,,,,,,,,,,,,,,,,,,,,,,,,,,8,9,27,15,23,15,4,,33,6,10,9,8,9,,11,4,22,15,19,9,25,16,8,19,7,23,8,20,12,9,8,17,18,13,20,3,17,7,8,5,5,5,2,9,2,6,9,8,9,8,12,6,18,,2,,10,6,5,6,12,4,21,23,21,13,9,24,6,10,33,5,9,17,10,9,7,4,5,5,4,7,5,5,9,7,4,13,4,35,8,11,14,9,11,7,10,14,25,9,5,8,7,18,4,11,5,2,2,3,,11,9,7,5,5,4,6,4,,4,6,10,4,6,6,3,7,14,6,5,5,11,6,5,2,3,2,,2,4,7,11,9,10,14,12,22,11,33,,7,,10,,26,3,6,2,2,2,15,2,31,10,9,8,6,5,8,3,12,11,6,11,2,3,7,4,,,,5,,
20260624,5,NO2_24h,18,19,9,17,14,9,15,9,13,25,16,19,8,17,8,17,8,28,24,16,11,15,5,7,11,4,15,16,11,3,6,4,9,17,21,11,18,9,15,17,21,22,19,7,9,9,18,7,14,9,14,12,7,15,9,3,12,4,10,11,11,9,8,8,14,11,12,8,8,13,19,18,21,9,6,10,13,27,14,12,14,23,12,10,18,9,18,14,12,11,11,6,11,7,10,17,12,6,11,6,10,4,12,3,14,12,5,6,6,12,14,8,13,17,17,14,18,15,17,18,12,12,12,9,6,14,13,9,17,10,20,9,13,8,8,5,9,7,4,11,7,9,14,9,14,7,6,8,9,9,14,13,13,10,11,18,13,17,4,6,,,,,,,,,,,,,,,,,,,,,,,,,,,,,,6,8,13,11,14,10,5,11,24,10,14,10,8,10,,8,7,17,12,18,16,24,25,11,13,10,11,9,15,13,10,8,16,11,11,18,5,10,8,5,10,5,5,4,10,3,6,8,13,6,11,9,7,7,10,5,13,12,5,9,8,11,3,11,11,11,13,8,16,8,7,12,5,12,14,9,8,6,4,6,6,5,5,5,8,7,6,6,9,7,24,7,7,14,11,11,10,9,10,12,11,8,7,10,16,6,17,10,9,4,5,,12,10,11,7,5,9,6,7,,6,5,11,6,7,7,4,6,8,5,7,6,9,7,7,4,4,8,,3,5,6,13,9,12,17,10,19,15,17,,8,,9,,20,9,4,2,5,2,11,2,21,14,8,7,10,8,9,10,9,12,6,11,4,6,6,5,,,,4,,
20260624,5,O3,59,67,100,62,50,83,102,44,40,66,68,84,95,76,65,39,59,44,85,71,63,78,91,88,53,73,78,78,73,80,69,73,61,44,54,56,40,77,67,26,23,19,17,14,64,59,42,61,74,73,50,50,58,38,45,64,47,53,34,44,26,31,51,46,27,48,31,41,118,45,78,51,53,81,45,51,47,41,42,24,42,11,46,72,85,74,41,80,74,53,67,70,63,68,63,63,49,43,48,57,42,51,24,79,43,40,40,50,46,60,55,91,70,50,31,62,43,29,30,88,65,10,74,65,59,66,62,66,61,75,25,81,31,56,57,65,22,36,71,12,81,41,38,33,27,43,51,31,33,31,38,37,20,18,24,24,97,70,84,72,,,,,,,,,,,,,,,,,,,,,,,,,,,,,,53,58,16,62,39,80,118,43,39,82,88,41,59,65,,38,120,22,59,29,32,37,67,22,22,82,34,28,20,38,51,10,50,25,46,97,16,68,71,71,59,61,50,73,60,67,63,57,56,56,70,29,34,24,39,39,33,50,44,34,37,23,56,26,58,49,85,45,50,71,53,29,41,25,33,39,66,52,36,52,63,29,41,39,61,38,38,50,19,15,8,52,52,37,40,35,39,13,18,20,71,33,26,58,48,41,35,40,51,43,28,,43,28,39,50,50,42,34,38,,11,35,59,45,31,42,44,37,22,18,36,46,20,52,28,121,110,90,,134,65,52,80,25,87,69,47,46,77,11,,127,,35,,23,78,58,114,107,84,60,110,26,64,59,78,74,101,66,90,74,76,101,84,52,107,100,86,,,,44,,
20260624,5,O3_24h,59,67,100,62,50,83,102,44,40,66,68,84,95,76,65,39,59,44,85,71,63,78,91,88,53,73,78,78,73,80,69,73,61,44,54,56,40,77,67,26,23,19,17,14,64,59,42,61,74,73,50,50,58,38,45,64,47,53,34,44,26,31,51,46,27,48,31,41,118,45,78,51,53,81,45,51,47,41,42,24,42,11,46,72,85,74,41,80,74,53,67,70,63,68,63,63,49,43,48,57,42,51,24,79,43,40,40,50,46,60,55,91,70,50,31,62,43,29,30,88,65,10,74,65,59,66,62,66,61,75,25,81,31,56,57,65,22,36,71,12,81,41,38,33,27,43,51,31,33,31,38,37,20,18,24,24,97,70,84,72,,,,,,,,,,,,,,,,,,,,,,,,,,,,,,53,58,16,62,39,80,118,43,39,82,88,41,59,65,,38,120,22,59,29,32,37,67,22,22,82,34,28,20,38,51,10,50,25,46,97,16,68,71,71,59,61,50,73,60,67,63,57,56,56,70,29,34,24,39,39,33,50,44,34,37,23,56,26,58,49,85,45,50,71,53,29,41,25,33,39,66,52,36,52,63,29,41,39,61,38,38,50,19,15,8,52,52,37,40,35,39,13,18,20,71,33,26,58,48,41,35,40,51,43,28,,43,28,39,50,50,42,34,38,,11,35,59,45,31,42,44,37,22,18,36,46,20,52,28,121,110,90,,134,65,52,80,25,87,69,47,46,77,11,,127,,35,,23,78,58,114,107,84,60,110,26,64,59,78,74,101,66,90,74,76,101,84,52,107,100,86,,,,44,,
20260624,5,O3_8h,,,,,,,,,,,,,,,,,,,,,,,,,,,,,,,,,,,,,,,,,,,,,,,,,,,,,,,,,,,,,,,,,,113,,,,,,,,,,,,,,,,,,,211,,,,,,,,,,,,,,,,,,,,,,,,,,,,,,,,,,,,,,,,,,,,,,,,,66,,,,,,,,,,,,,,,,,,,,,,,,,,,,,,,,,,,,,,,,,,,,,,,,,,,,,,,,,,,,,,,,,,,,,,,,,,,,,,,,,,,,,,,,,,,,,,,,,,,,,,,,,,,,,,,,,,,,,,,,,,,,,,,,,,,,,,,,,,,,,,,59,,,,,,,,,,,,,,,,,,,52,,,,,,,,,,,,,,,,,,,,,,,,,,,,,,,,,,,,,,,,,,,,,,,,,,,,,,,,,,,,,,,,,,,,,,,,,,,,,,,
20260624,5,O3_8h_24h,,,,,,,,,,,,,,,,,,,,,,,,,,,,,,,,,,,,,,,,,,,,,,,,,,,,,,,,,,,,,,,,,,,,,,,,,,,,,,,,,,,,,,,,,,,,,,,,,,,,,,,,,,,,,,,,,,,,,,,,,,,,,,,,,,,,,,,,,,,,,,,,,,,,,,,,,,,,,,,,,,,,,,,,,,,,,,,,,,,,,,,,,,,,,,,,,,,,,,,,,,,,,,,,,,,,,,,,,,,,,,,,,,,,,,,,,,,,,,,,,,,,,,,,,,,,,,,,,,,,,,,,,,,,,,,,,,,,,,,,,,,,,,,,,,,,,,,,,,,,,,,,,,,,,,,,,,,,,,,,,,,,,,,,,,,,,,,,,,,,,,,,,,,,,,,,,,,,,,,,,,,,,,,,,,,,,,,
20260624,5,CO,0.64,0.52,0.48,0.81,0.30,0.50,0.53,0.20,0.35,0.40,0.38,0.43,0.65,0.82,0.40,0.73,0.53,0.53,0.41,0.38,0.30,0.46,0.42,0.34,0.36,0.56,0.64,0.33,0.28,0.42,0.76,0.40,0.52,0.64,0.46,0.40,0.59,0.47,0.63,0.40,0.65,0.67,0.50,0.50,0.44,0.45,0.38,0.72,0.45,0.43,0.47,0.49,0.56,0.52,0.56,0.60,0.57,0.40,0.53,0.53,0.58,0.50,0.59,0.38,0.59,0.51,0.60,0.44,0.20,0.49,0.47,0.55,0.46,0.28,0.38,0.60,0.26,0.42,0.66,0.50,0.47,0.57,0.43,0.31,0.58,0.35,0.66,0.25,0.32,0.37,0.38,0.33,0.42,0.46,0.43,0.57,0.57,0.57,1.77,0.63,0.55,0.55,0.55,0.47,0.50,0.40,0.37,0.65,0.30,0.20,0.66,0.53,0.55,0.88,0.70,0.64,0.63,0.66,0.64,0.40,0.44,0.37,0.55,0.35,0.47,0.50,0.44,0.45,0.48,0.40,0.55,0.47,0.20,0.40,0.65,0.78,0.75,0.57,0.42,0.61,0.40,0.63,0.60,0.57,0.57,0.50,0.60,0.25,0.55,0.47,0.40,0.55,0.55,0.56,0.50,0.70,0.33,0.50,0.36,0.20,,,,,,,,,,,,,,,,,,,,,,,,,,,,,,0.43,0.40,0.60,0.47,0.33,0.55,0.82,0.63,0.47,0.33,0.33,0.20,0.45,0.35,,0.15,0.40,0.53,0.77,0.20,0.57,0.40,0.50,0.50,0.40,0.30,0.35,0.43,0.27,0.30,0.20,0.38,0.25,0.33,0.30,0.35,0.40,0.30,0.17,0.35,0.55,0.57,0.50,0.40,0.36,0.15,0.25,0.17,0.57,0.43,0.40,0.53,0.20,0.35,0.40,0.63,0.53,0.63,0.55,0.46,0.25,1.07,0.83,0.55,0.48,0.55,0.35,0.47,0.42,0.50,0.40,0.23,0.30,0.77,0.80,0.53,0.67,0.50,0.50,1.00,0.63,0.50,1.08,0.70,0.90,0.75,0.75,0.50,0.70,0.25,0.25,0.63,0.55,0.60,0.43,0.35,0.45,0.90,0.55,0.70,0.63,0.55,0.47,0.63,0.60,0.42,0.33,0.55,0.60,0.30,0.30,,0.20,0.50,0.33,0.60,0.40,0.50,0.45,0.50,,0.35,0.35,0.40,0.55,0.65,0.45,0.50,0.10,0.15,0.55,0.40,0.35,0.55,0.50,0.40,0.20,0.30,0.30,,0.30,0.35,0.43,0.33,0.40,0.90,0.40,0.40,0.30,0.35,0.65,,0.55,,0.45,,0.30,0.50,0.30,0.40,0.40,0.30,0.20,0.30,0.47,0.40,0.40,0.45,0.15,0.25,0.45,0.55,0.15,0.30,0.25,0.45,0.60,0.20,0.45,0.15,,,,0.45,,
20260624,5,CO_24h,0.52,0.62,0.46,0.72,0.30,0.40,0.41,0.37,0.40,0.50,0.40,0.45,0.45,0.75,0.32,0.71,0.51,0.54,0.46,0.38,0.38,0.46,0.42,0.36,0.30,0.50,0.61,0.47,0.36,0.43,0.74,0.36,0.43,0.59,0.53,0.43,0.55,0.47,0.68,0.43,0.60,0.67,0.40,0.50,0.50,0.45,0.40,0.78,0.43,0.40,0.47,0.49,0.56,0.52,0.54,0.60,0.53,0.40,0.53,0.50,0.55,0.47,0.59,0.40,0.57,0.50,0.63,0.42,0.25,0.54,0.57,0.60,0.66,0.28,0.40,0.63,0.27,0.50,0.52,0.50,0.33,0.47,0.43,0.33,0.56,0.40,0.54,0.42,0.34,0.32,0.40,0.33,0.32,0.44,0.33,0.57,0.57,0.57,0.47,0.60,0.60,0.55,0.60,0.47,0.45,0.40,0.43,0.60,0.37,0.20,0.57,0.60,0.75,0.86,0.58,0.76,0.63,0.62,0.54,0.40,0.36,0.30,0.47,0.42,0.50,0.52,0.51,0.45,0.48,0.40,0.60,0.50,0.38,0.47,0.70,0.82,0.75,0.47,0.40,0.64,0.45,0.63,0.65,0.53,0.53,0.47,0.60,0.30,0.55,0.45,0.47,0.50,0.45,0.58,0.50,0.30,0.60,0.58,0.34,0.20,,,,,,,,,,,,,,,,,,,,,,,,,,,,,,0.43,0.40,0.50,0.47,0.33,0.60,0.70,0.63,0.47,0.37,0.40,0.30,0.45,0.40,,0.15,0.45,0.47,0.57,0.45,0.73,0.37,0.50,0.50,0.40,0.40,0.35,0.33,0.23,0.23,0.40,0.47,0.25,0.30,0.25,0.30,0.25,0.32,0.20,0.30,0.60,0.55,0.60,0.30,0.46,0.20,0.25,0.23,0.55,0.33,0.43,0.77,0.30,0.40,0.65,0.60,0.87,0.70,0.55,0.42,0.25,1.10,0.80,0.60,0.46,0.45,0.40,0.47,0.46,0.52,0.37,0.20,0.33,0.87,0.80,0.53,0.63,0.60,0.57,0.80,0.63,0.50,0.82,0.55,0.90,0.65,0.73,0.50,0.50,0.30,0.35,0.60,0.53,0.63,0.40,0.40,0.43,0.90,0.50,0.60,0.63,0.55,0.53,0.70,0.60,0.40,0.35,0.60,0.65,0.35,0.40,,0.20,0.45,0.43,0.53,0.40,0.50,0.40,0.55,,0.50,0.40,0.40,0.55,0.65,0.45,0.50,0.10,0.15,0.55,0.40,0.35,0.55,0.50,0.40,0.20,0.40,0.40,,0.30,0.35,0.47,0.33,0.60,0.85,0.45,0.35,0.40,0.40,0.65,,0.50,,0.45,,0.25,0.50,0.40,0.70,0.40,0.30,0.20,0.30,0.53,0.35,0.35,0.45,0.10,0.20,0.40,0.60,0.20,0.30,0.25,0.45,0.60,0.20,0.40,0.20,,,,0.40,,
20260624,6,AQI,66,44,43,42,52,37,78,15,33,49,53,57,53,43,19,46,21,47,40,22,20,24,26,25,33,24,26,25,23,23,19,23,31,13,27,32,20,24,21,38,32,53,31,33,20,25,51,19,28,20,38,17,18,29,25,25,27,17,34,28,33,31,28,25,23,20,13,15,36,15,33,30,53,29,14,15,17,35,58,31,36,47,35,31,45,29,31,25,27,31,23,20,43,27,37,20,24,26,26,30,27,24,29,24,39,25,24,26,13,24,16,36,41,58,33,53,53,41,55,26,35,27,42,20,24,24,38,40,31,36,46,40,23,30,17,29,23,14,27,30,24,12,13,20,19,18,15,10,12,16,21,36,31,28,30,53,143,36,41,59,,,,,,,,,,,,,,,,,,,,,,,,,,,,,,24,25,47,36,60,43,38,31,66,36,27,25,23,19,,12,36,30,53,36,32,36,24,19,51,39,16,19,40,24,22,44,31,19,17,37,13,23,23,23,22,18,13,22,20,22,19,17,16,18,31,20,26,29,14,13,12,22,17,26,27,25,29,28,52,43,29,33,36,31,20,44,20,28,33,15,34,17,13,16,22,12,14,20,21,13,16,16,24,11,43,25,28,47,33,26,38,27,34,25,21,12,12,19,23,13,10,12,17,14,24,,10,20,13,14,18,15,25,12,,7,12,18,13,17,14,13,14,13,46,12,20,20,16,8,36,33,37,,42,19,18,23,23,19,43,22,55,26,50,,35,,25,,45,23,23,34,32,30,17,34,49,19,18,34,33,33,29,226,96,88,32,25,46,32,39,55,,,,19,,
20260624,6,PM2.5,48,23,22,24,25,26,57,9,22,34,35,37,26,29,5,32,15,33,19,4,5,3,3,6,23,8,5,4,7,4,10,6,21,7,15,19,14,3,3,22,21,34,21,15,3,9,30,11,14,10,22,9,5,16,12,16,19,10,19,14,17,17,13,17,7,13,3,6,5,8,17,21,14,14,6,8,8,7,37,20,25,32,23,22,29,13,15,5,19,22,16,11,30,12,26,7,15,16,14,19,19,14,14,17,19,15,13,18,4,13,7,25,17,31,21,29,37,29,39,14,19,13,26,9,16,12,25,28,22,21,23,28,9,21,6,20,16,3,11,20,13,6,6,7,6,7,3,3,4,7,13,25,17,17,16,30,109,12,29,6,,,,,,,,,,,,,,,,,,,,,,,,,,,,,,13,11,29,20,28,27,19,19,21,8,17,8,8,6,,3,8,21,37,25,20,25,17,12,14,27,3,13,23,17,14,6,19,12,12,16,8,5,7,12,10,11,3,12,10,13,6,9,8,10,22,14,18,19,3,3,8,10,8,7,3,10,11,13,32,23,11,20,25,18,11,17,3,12,23,3,24,12,6,3,14,8,9,14,15,6,9,10,17,6,23,11,13,20,23,14,17,3,24,16,3,3,7,10,10,3,3,5,3,5,3,,3,14,3,4,3,3,16,5,,3,5,6,3,10,10,3,10,9,6,3,5,3,3,5,3,3,11,,3,5,3,16,7,10,14,12,26,16,23,,20,,7,,14,16,11,8,11,7,3,7,26,8,9,12,22,23,20,113,50,39,3,8,32,9,18,39,,,,10,,
20260624,6,PM2.5_24h,33,28,22,26,19,23,34,16,14,44,30,25,22,27,5,15,13,24,16,8,4,3,,6,11,5,2,4,5,3,6,5,10,14,18,20,19,6,10,16,18,22,21,8,3,22,20,6,16,5,22,7,7,15,11,14,18,13,16,13,13,16,15,14,9,11,7,6,6,12,16,16,20,15,7,8,9,14,20,14,17,23,23,10,29,15,23,15,7,7,5,4,17,4,11,14,19,14,15,17,19,12,18,15,19,19,14,14,4,10,16,23,18,27,16,19,19,15,26,19,14,13,21,6,9,3,27,23,22,24,22,24,8,21,3,15,10,12,11,14,12,6,12,5,4,5,3,3,6,8,19,18,13,18,14,24,65,12,29,5,,,,,,,,,,,,,,,,,,,,,,,,,,,,,,15,13,22,18,18,29,17,22,14,10,17,13,9,8,,5,9,13,16,16,18,21,17,11,7,23,12,8,14,15,15,11,16,10,10,11,11,5,4,8,3,3,2,10,9,9,5,8,6,5,26,12,11,16,21,5,18,26,16,14,10,20,9,15,30,19,17,18,21,18,16,19,3,18,22,3,20,5,4,3,11,6,8,14,9,12,15,5,7,8,19,13,13,19,19,21,15,5,17,16,3,1,8,15,12,7,3,16,3,5,8,,3,11,8,14,3,10,12,7,,4,11,10,4,11,10,4,8,6,10,5,7,8,6,4,3,2,10,,3,4,3,12,5,7,15,10,26,17,12,,14,,8,,12,16,12,11,11,5,3,6,20,12,9,14,15,17,17,40,28,19,15,12,46,8,11,17,,,,8,,
20260624,6,PM10,67,44,43,42,53,35,80,15,33,46,55,63,55,43,8,41,19,,40,6,17,6,6,17,28,16,9,9,14,12,13,13,31,10,27,32,18,6,6,38,32,55,31,33,8,25,52,15,28,13,38,17,10,29,25,24,27,17,34,28,33,31,28,25,23,20,13,15,10,15,33,25,56,29,14,14,17,35,66,31,26,47,35,26,45,29,31,14,27,22,22,16,35,27,28,20,24,26,26,30,26,24,29,24,39,25,24,25,10,24,15,32,41,65,33,56,37,38,,26,35,27,42,10,24,24,38,40,30,36,46,40,23,28,17,20,17,14,27,30,24,11,13,20,19,18,6,10,12,16,21,34,31,28,30,56,196,36,38,68,,,,,,,,,,,,,,,,,,,,,,,,,,,,,,24,25,47,36,69,43,27,31,81,36,23,25,23,18,,6,25,28,39,29,32,31,22,19,52,30,16,16,40,23,22,44,31,19,14,37,13,16,13,17,22,13,7,8,20,21,7,16,14,15,25,19,23,29,14,13,12,22,17,26,27,25,29,28,53,43,29,33,33,31,20,44,20,28,32,15,33,,13,11,22,12,14,13,19,10,16,12,23,11,43,25,28,47,32,26,38,27,30,25,21,6,12,14,23,7,8,11,8,13,24,,9,16,6,8,13,15,25,6,,7,10,14,13,17,12,6,10,12,46,6,20,20,14,8,7,8,,,6,8,11,23,23,19,43,22,60,26,50,,32,,25,,45,17,23,23,21,16,11,8,49,19,17,34,33,31,29,368,142,125,26,20,38,28,39,34,,,,19,,
20260624,6,PM10_24h,53,56,42,53,45,31,62,24,28,67,47,53,44,43,10,31,21,33,38,9,12,5,4,14,24,14,6,10,11,10,12,14,18,17,27,34,25,7,11,31,29,38,30,19,8,34,38,5,44,10,32,13,12,29,28,22,25,23,31,27,26,27,27,23,20,15,20,14,12,25,33,26,57,49,12,14,19,46,41,28,24,33,39,14,50,38,47,36,22,18,22,24,36,10,15,34,30,25,27,30,27,24,29,24,35,38,26,27,12,25,32,31,44,52,23,38,28,26,32,31,29,25,38,8,13,8,40,36,33,38,38,38,17,26,10,15,10,25,30,25,26,13,19,18,14,14,9,10,18,18,34,27,26,30,34,61,186,43,48,24,,,,,,,,,,,,,,,,,,,,,,,,,,,,,,25,22,40,35,45,44,26,35,57,42,33,28,33,23,,12,32,22,30,29,28,27,25,21,29,29,18,13,29,29,28,27,24,19,17,27,15,16,11,18,11,6,8,6,21,22,5,14,9,8,39,24,19,25,35,9,27,48,26,28,28,35,25,30,41,38,30,24,27,29,24,37,15,28,30,10,27,14,8,8,21,16,14,14,16,17,23,12,13,12,42,35,30,33,28,37,23,16,26,30,18,7,10,20,23,12,12,24,9,11,19,,7,16,16,19,13,20,19,5,,3,13,23,10,26,17,8,11,14,27,8,16,14,14,9,8,12,19,,12,8,10,24,16,15,36,23,49,33,36,,26,,26,,36,27,24,23,23,18,10,15,46,30,15,39,18,49,46,85,88,64,87,28,78,27,49,74,,,,20,,
20260624,6,SO2,3,7,2,12,6,5,4,3,3,2,9,5,7,9,8,6,7,5,6,6,5,6,5,6,11,5,5,7,4,9,7,8,6,6,5,5,6,5,5,5,5,3,5,7,7,4,4,7,6,5,4,4,5,6,5,6,5,5,4,3,5,7,4,5,9,5,5,6,6,5,8,16,8,5,5,6,8,9,7,6,15,36,5,9,11,12,11,10,14,5,4,5,8,7,3,11,5,6,8,5,8,6,6,5,4,9,4,6,5,8,10,10,7,10,15,8,10,7,19,6,4,6,6,5,6,4,10,3,8,7,6,12,7,7,4,7,7,4,3,7,3,8,9,16,3,10,4,6,3,3,5,7,4,7,7,25,4,15,6,3,,,,,,,,,,,,,,,,,,,,,,,,,,,,,,6,5,13,4,6,9,5,5,6,11,8,5,16,8,,6,12,6,11,9,6,5,7,16,11,2,5,5,,7,8,5,4,9,7,10,5,6,7,7,8,5,4,8,5,5,5,4,5,6,5,11,3,8,6,5,8,8,7,8,8,10,6,12,8,7,6,3,7,6,6,7,5,8,7,5,9,4,5,,4,5,6,3,4,4,5,6,7,4,9,5,4,10,5,7,13,3,7,5,5,9,9,4,8,6,5,7,6,5,3,,6,8,4,8,3,6,4,4,,5,6,7,8,6,7,2,4,2,8,6,5,5,8,7,6,6,4,,5,4,4,44,5,7,50,8,13,17,10,,5,,9,,4,7,8,10,12,12,7,20,8,6,7,7,6,8,5,3,13,3,4,6,4,7,6,5,,,,3,,
20260624,6,SO2_24h,3,8,3,10,7,4,4,4,3,3,9,6,4,12,8,7,7,7,6,6,5,5,4,5,8,6,5,7,5,9,7,7,6,6,6,5,6,5,5,5,6,2,4,6,7,5,3,7,7,6,4,4,5,6,5,6,6,6,4,3,5,8,4,5,8,4,6,6,6,5,10,16,8,5,5,6,8,10,7,6,7,12,3,8,11,9,11,10,10,5,5,6,7,7,3,11,9,6,8,5,8,6,5,5,5,11,4,7,5,5,9,10,7,12,14,8,10,7,7,6,4,6,6,5,6,3,11,3,8,8,5,9,7,7,4,7,8,6,3,7,2,8,10,11,4,10,4,6,3,4,6,6,3,8,7,21,15,15,6,4,,,,,,,,,,,,,,,,,,,,,,,,,,,,,,5,3,5,4,7,10,5,8,5,11,8,5,11,8,,6,10,8,9,11,7,6,7,12,11,2,4,7,9,6,8,6,4,9,7,10,6,6,7,4,8,4,4,8,5,5,5,4,5,6,5,9,4,5,5,4,12,6,6,4,11,6,5,11,7,7,6,3,6,6,5,5,4,8,7,4,7,4,5,7,3,5,6,9,4,5,7,5,6,3,7,6,4,7,5,11,11,3,6,4,5,9,10,4,7,6,5,7,7,5,3,,6,9,4,10,3,6,4,4,,5,6,8,9,6,7,2,4,2,8,5,5,5,9,7,6,9,4,,5,4,4,21,7,8,30,10,10,8,9,,5,,8,,4,8,7,10,11,13,7,19,8,7,7,7,6,8,5,4,8,3,4,6,4,7,6,5,,,,3,,
20260624,6,NO2,19,23,6,16,26,15,16,6,11,16,23,22,20,22,9,27,11,20,30,14,8,15,4,13,14,4,11,10,9,2,9,5,13,12,14,15,15,6,11,17,21,24,28,11,5,10,16,8,16,14,34,10,4,16,10,3,13,4,14,14,18,10,8,9,11,13,5,8,5,14,14,15,17,10,4,6,21,35,28,19,29,41,12,17,27,12,39,15,17,16,16,9,14,17,12,21,13,9,13,7,13,5,14,3,13,14,6,6,7,18,15,11,14,32,22,14,21,23,25,12,15,16,12,8,5,9,17,24,17,10,33,9,12,11,5,4,8,6,4,15,6,8,9,14,12,5,6,6,4,11,16,14,17,8,21,26,5,19,5,4,,,,,,,,,,,,,,,,,,,,,,,,,,,,,,9,9,23,14,28,18,4,14,31,9,13,9,7,10,,9,7,22,17,28,14,31,14,11,20,10,17,12,19,15,11,6,22,16,11,25,4,7,5,7,7,6,5,4,10,2,5,10,8,5,9,11,7,10,7,3,8,12,5,7,5,14,3,15,21,28,12,19,26,7,10,34,4,8,17,11,10,6,5,6,7,3,7,6,5,8,7,4,17,3,26,11,14,25,10,8,10,13,12,27,10,5,6,8,19,5,10,6,7,3,3,,14,11,7,6,5,5,8,4,,5,7,9,5,6,7,6,7,15,5,6,5,11,7,5,2,3,1,,1,3,7,22,8,17,14,14,24,10,24,,6,,7,,21,3,7,1,2,1,14,2,24,19,8,11,11,5,6,2,10,19,3,11,2,3,7,4,,,,4,,
20260624,6,NO2_24h,18,19,9,16,13,10,15,9,13,24,16,19,9,17,8,17,8,27,23,16,11,15,5,8,11,4,15,16,11,3,6,4,9,17,21,11,18,9,15,18,21,23,19,8,9,9,18,7,14,9,15,12,7,15,9,3,12,4,10,11,11,9,8,8,14,11,12,8,8,12,19,17,21,9,6,10,13,28,15,12,14,24,12,10,18,10,18,14,12,11,11,6,10,7,10,17,12,6,11,6,10,4,11,3,14,12,5,7,6,12,14,8,13,17,18,14,18,15,18,18,12,12,12,9,6,15,13,9,16,10,20,9,13,8,8,5,9,7,4,12,7,9,14,9,14,7,6,8,9,9,14,13,13,10,11,18,13,17,4,6,,,,,,,,,,,,,,,,,,,,,,,,,,,,,,6,7,14,11,15,10,5,11,24,10,13,10,8,10,,8,7,17,12,18,16,24,23,10,13,10,11,9,15,13,10,8,16,11,12,19,5,9,7,5,10,5,5,4,10,3,6,8,13,6,11,9,6,7,10,5,13,12,5,9,7,11,3,11,11,12,12,9,17,8,7,13,5,12,14,9,8,6,4,6,6,5,5,5,8,7,6,6,10,7,24,7,7,14,10,11,10,9,10,12,11,8,8,10,16,6,17,10,8,4,5,,12,10,12,7,5,9,6,7,,6,5,11,6,7,7,4,6,8,5,7,6,9,7,7,4,4,8,,3,5,6,13,9,12,17,10,19,14,17,,8,,9,,20,9,4,2,5,2,11,2,21,14,8,8,10,8,9,10,9,12,6,11,4,6,6,5,,,,4,,
20260624,6,O3,54,58,98,60,41,78,98,44,36,56,64,85,82,61,61,40,57,46,89,70,64,78,83,79,54,76,82,79,75,73,60,73,60,43,56,51,35,76,68,22,18,22,17,14,65,54,38,60,70,64,39,50,56,35,50,79,40,52,32,42,28,32,49,45,23,42,33,41,116,40,73,45,51,80,43,49,45,45,34,18,38,17,42,65,76,71,35,80,73,57,65,63,57,55,60,58,43,44,44,71,63,69,20,76,35,36,39,44,43,55,51,77,72,64,30,61,38,27,34,78,70,17,76,63,58,62,51,55,69,72,24,88,31,54,54,71,22,38,73,11,72,37,38,30,27,40,48,32,34,29,37,41,16,16,32,37,118,63,77,83,,,,,,,,,,,,,,,,,,,,,,,,,,,,,,55,54,19,54,27,73,122,40,40,78,85,43,56,61,,37,115,29,55,23,33,28,78,21,24,73,52,30,31,45,55,14,50,28,46,89,16,73,74,74,59,58,43,70,56,69,62,55,51,58,65,24,32,21,40,35,31,46,49,31,40,23,57,25,55,45,77,34,44,64,56,28,46,23,34,44,64,52,37,52,56,28,42,41,60,40,38,50,19,17,12,41,45,21,37,48,35,11,18,16,60,38,31,60,40,41,33,39,54,44,21,,32,28,40,45,57,39,32,39,,9,38,58,43,27,35,42,39,19,15,37,37,17,51,23,116,105,117,,135,60,58,69,38,44,71,33,40,75,23,,113,,38,,25,74,58,108,103,96,54,108,30,50,57,67,70,102,68,98,66,57,102,81,47,102,97,81,,,,53,,
20260624,6,O3_24h,54,58,98,60,41,78,98,44,36,56,64,85,82,61,61,40,57,46,89,70,64,78,83,79,54,76,82,79,75,73,60,73,60,43,56,51,35,76,68,22,18,22,17,14,65,54,38,60,70,64,39,50,56,35,50,79,40,52,32,42,28,32,49,45,23,42,33,41,116,40,73,45,51,80,43,49,45,45,34,18,38,17,42,65,76,71,35,80,73,57,65,63,57,55,60,58,43,44,44,71,63,69,20,76,35,36,39,44,43,55,51,77,72,64,30,61,38,27,34,78,70,17,76,63,58,62,51,55,69,72,24,88,31,54,54,71,22,38,73,11,72,37,38,30,27,40,48,32,34,29,37,41,16,16,32,37,118,63,77,83,,,,,,,,,,,,,,,,,,,,,,,,,,,,,,55,54,19,54,27,73,122,40,40,78,85,43,56,61,,37,115,29,55,23,33,28,78,21,24,73,52,30,31,45,55,14,50,28,46,89,16,73,74,74,59,58,43,70,56,69,62,55,51,58,65,24,32,21,40,35,31,46,49,31,40,23,57,25,55,45,77,34,44,64,56,28,46,23,34,44,64,52,37,52,56,28,42,41,60,40,38,50,19,17,12,41,45,21,37,48,35,11,18,16,60,38,31,60,40,41,33,39,54,44,21,,32,28,40,45,57,39,32,39,,9,38,58,43,27,35,42,39,19,15,37,37,17,51,23,116,105,117,,135,60,58,69,38,44,71,33,40,75,23,,113,,38,,25,74,58,108,103,96,54,108,30,50,57,67,70,102,68,98,66,57,102,81,47,102,97,81,,,,53,,
20260624,6,O3_8h,,,,,,,,,,,,,,,,,,,,,,,,,,,,82,,,,,,,,,,,,,,,,,,,,,,,,,,,,,,,,,,,,,,113,,,,,,,,,,,,,,,,,,,211,,,,,,,,,,,,,,,,,,,,,,,,,,,,,,,,,,,,,,,,,,,,,,,,,66,,,,,,,,,,,,,,,,,,,,,,,,,,,,,,,,,,,,,,,,,,,,,,,,,,,,,,,,,,,,,,,,,,,,,,,,,,,,,,,,,,,,,,,,,,,,,,,,,,,,,,,,,,,,,,,,,,,,,,,,,,,,,,,,,,,,,,,,,,,,,,,,,,,,,,,,,,,,,,,,,,52,,,,,,,,,,,,,,,,,,,,,,,,,,,,,,,,,,,,,,,,,,,,,,,,,,,,,,,,,,,,,,,,,,,,,,,,,,,,,,,
20260624,6,O3_8h_24h,,,,,,,,,,,,,,,,,,,,,,,,,,,,,,,,,,,,,,,,,,,,,,,,,,,,,,,,,,,,,,,,,,,,,,,,,,,,,,,,,,,,,,,,,,,,,,,,,,,,,,,,,,,,,,,,,,,,,,,,,,,,,,,,,,,,,,,,,,,,,,,,,,,,,,,,,,,,,,,,,,,,,,,,,,,,,,,,,,,,,,,,,,,,,,,,,,,,,,,,,,,,,,,,,,,,,,,,,,,,,,,,,,,,,,,,,,,,,,,,,,,,,,,,,,,,,,,,,,,,,,,,,,,,,,,,,,,,,,,,,,,,,,,,,,,,,,,,,,,,,,,,,,,,,,,,,,,,,,,,,,,,,,,,,,,,,,,,,,,,,,,,,,,,,,,,,,,,,,,,,,,,,,,,,,,,,,,
20260624,6,CO,0.66,0.57,0.54,0.91,0.30,0.57,0.56,0.23,0.35,0.43,0.45,0.40,0.70,0.78,0.30,0.75,0.54,0.54,0.46,0.37,0.29,0.51,0.42,0.34,0.36,0.54,0.64,0.40,0.30,0.42,0.80,0.42,0.53,0.70,0.47,0.43,0.56,0.45,0.57,0.43,0.65,0.67,0.50,0.50,0.48,0.45,0.42,0.72,0.45,0.43,0.47,0.46,0.59,0.53,0.55,0.60,0.60,0.40,0.53,0.57,0.58,0.50,0.59,0.40,0.58,0.50,0.60,0.44,0.20,0.51,0.47,0.70,0.50,0.27,0.37,0.62,0.43,0.38,0.74,0.52,0.50,0.65,0.43,0.39,0.55,0.37,0.68,0.25,0.40,0.38,0.40,0.33,0.45,0.46,0.40,0.62,0.57,0.63,0.50,0.63,0.60,0.55,0.60,0.50,0.50,0.40,0.40,0.65,0.40,0.20,0.70,0.55,0.55,0.96,0.68,0.76,0.58,0.68,0.66,0.40,0.44,0.37,0.50,0.33,0.43,0.52,0.44,0.43,0.48,0.40,0.55,0.53,0.33,0.50,0.67,0.80,0.75,0.60,0.42,0.60,0.40,0.63,0.60,0.55,0.53,0.50,0.60,0.25,0.53,0.47,0.43,0.55,0.55,0.58,0.50,0.50,0.37,0.46,0.34,0.20,,,,,,,,,,,,,,,,,,,,,,,,,,,,,,0.43,0.40,0.60,0.47,0.33,0.60,0.78,0.63,0.43,0.37,0.40,0.30,0.45,0.35,,0.15,0.45,0.60,0.80,0.25,0.60,0.47,0.40,0.55,0.40,0.30,0.50,0.43,0.27,0.40,0.25,0.40,0.25,0.33,0.25,0.35,0.40,0.30,0.16,0.35,0.60,0.60,0.50,0.40,0.44,0.13,0.25,0.23,0.55,0.33,0.37,0.57,0.25,0.35,0.40,0.63,0.57,0.63,0.55,0.46,0.25,0.98,0.80,0.55,0.54,0.48,0.35,0.47,0.46,0.47,0.40,0.20,0.28,0.77,0.80,0.53,0.68,0.50,0.50,1.00,0.63,0.50,0.87,0.55,0.90,0.80,0.77,0.50,0.80,0.25,0.35,0.67,0.57,0.73,0.47,0.25,0.50,0.90,0.60,0.60,0.67,0.55,0.43,0.60,0.60,0.42,0.33,0.55,0.55,0.30,0.30,,0.20,0.50,0.33,0.60,0.40,0.50,0.40,0.50,,0.35,0.35,0.40,0.55,0.70,0.45,0.50,0.10,0.20,0.50,0.40,0.35,0.55,0.50,0.40,0.20,0.35,0.30,,0.25,0.35,0.47,0.40,0.40,0.80,0.35,0.40,0.30,0.40,0.70,,0.55,,0.45,,0.25,0.50,0.30,0.40,0.40,0.30,0.20,0.30,0.50,0.45,0.40,0.45,0.35,0.25,0.45,0.55,0.15,0.35,0.20,0.40,0.50,0.20,0.45,0.15,,,,0.45,,
20260624,6,CO_24h,0.54,0.62,0.48,0.72,0.30,0.40,0.41,0.33,0.40,0.50,0.40,0.45,0.45,0.78,0.34,0.70,0.51,0.54,0.47,0.38,0.37,0.46,0.42,0.36,0.30,0.50,0.61,0.46,0.34,0.43,0.74,0.36,0.43,0.59,0.53,0.43,0.55,0.45,0.68,0.43,0.60,0.67,0.40,0.50,0.50,0.45,0.43,0.78,0.43,0.40,0.46,0.49,0.56,0.51,0.54,0.60,0.53,0.40,0.53,0.50,0.55,0.47,0.59,0.40,0.57,0.50,0.63,0.42,0.25,0.53,0.57,0.60,0.66,0.27,0.40,0.63,0.27,0.50,0.54,0.50,0.33,0.50,0.43,0.31,0.56,0.40,0.52,0.37,0.34,0.32,0.38,0.33,0.32,0.44,0.33,0.55,0.57,0.57,0.50,0.60,0.60,0.55,0.60,0.47,0.50,0.40,0.43,0.60,0.37,0.20,0.57,0.60,0.75,0.88,0.60,0.76,0.62,0.62,0.54,0.40,0.36,0.30,0.47,0.42,0.50,0.54,0.50,0.45,0.47,0.40,0.60,0.50,0.38,0.47,0.70,0.82,0.75,0.47,0.40,0.64,0.45,0.63,0.65,0.53,0.53,0.50,0.63,0.30,0.55,0.45,0.47,0.50,0.45,0.56,0.50,0.40,0.60,0.58,0.36,0.20,,,,,,,,,,,,,,,,,,,,,,,,,,,,,,0.43,0.40,0.50,0.47,0.33,0.60,0.70,0.63,0.47,0.33,0.40,0.30,0.45,0.40,,0.15,0.45,0.47,0.60,0.40,0.73,0.37,0.50,0.50,0.40,0.40,0.35,0.33,0.23,0.23,0.33,0.45,0.25,0.30,0.25,0.30,0.30,0.32,0.20,0.30,0.60,0.55,0.60,0.30,0.46,0.20,0.25,0.23,0.55,0.33,0.43,0.77,0.30,0.40,0.65,0.60,0.87,0.70,0.55,0.44,0.25,1.10,0.80,0.60,0.48,0.47,0.40,0.47,0.46,0.52,0.37,0.20,0.33,0.87,0.80,0.53,0.63,0.60,0.57,0.80,0.63,0.50,0.82,0.55,0.90,0.65,0.73,0.50,0.50,0.30,0.35,0.60,0.53,0.63,0.40,0.40,0.43,0.90,0.50,0.60,0.63,0.55,0.50,0.70,0.60,0.40,0.35,0.60,0.65,0.35,0.40,,0.20,0.45,0.43,0.53,0.40,0.50,0.45,0.50,,0.50,0.40,0.40,0.55,0.65,0.45,0.50,0.10,0.15,0.55,0.40,0.35,0.55,0.50,0.40,0.25,0.40,0.40,,0.30,0.35,0.47,0.33,0.60,0.85,0.40,0.40,0.40,0.35,0.65,,0.50,,0.45,,0.30,0.50,0.40,0.70,0.40,0.30,0.20,0.30,0.57,0.35,0.35,0.45,0.10,0.20,0.40,0.60,0.20,0.35,0.25,0.45,0.60,0.20,0.40,0.20,,,,0.40,,
20260624,7,AQI,61,44,44,42,51,34,76,17,32,47,63,55,51,44,17,55,21,41,47,20,19,24,23,25,36,22,24,23,23,21,19,23,31,13,21,36,17,24,23,35,24,50,32,29,20,29,55,19,30,21,40,16,17,29,25,26,29,18,36,28,32,30,30,27,23,19,12,14,36,18,31,27,49,32,14,14,17,31,53,34,38,53,40,40,47,26,35,25,27,33,26,26,46,21,34,19,21,24,25,32,28,28,29,27,40,27,25,30,13,22,21,33,36,55,35,47,53,42,59,23,32,22,46,18,24,20,41,47,28,33,52,36,21,39,19,30,24,13,29,39,22,13,15,26,17,15,15,14,13,15,48,36,38,31,40,63,79,34,43,58,,,,,,,,,,,,,,,,,,,,,,,,,,,,,,27,24,48,42,59,46,37,39,65,42,29,40,24,19,,14,36,34,49,47,33,39,33,21,53,39,23,19,41,21,33,19,31,25,17,41,15,21,20,23,19,17,13,21,21,30,19,18,15,18,29,29,21,46,11,11,15,24,17,25,26,18,28,28,47,41,28,37,37,33,21,45,23,26,32,16,36,16,11,16,26,13,18,21,25,13,15,14,27,10,38,29,28,51,37,14,31,17,37,25,21,11,12,19,21,12,9,12,10,12,15,,9,21,12,13,17,13,23,12,,8,13,17,13,19,11,13,13,14,43,11,28,17,18,8,33,32,33,,42,18,22,27,20,19,31,20,51,26,52,,36,,25,,42,23,20,33,29,29,16,34,50,20,20,33,31,36,33,236,93,87,33,24,41,30,34,38,,,,20,,
20260624,7,PM2.5,44,23,28,22,19,21,56,5,19,33,45,31,26,25,7,39,15,29,19,3,3,5,3,7,25,8,3,4,7,4,11,11,22,5,11,21,12,3,3,21,15,32,21,19,3,9,35,11,16,12,24,6,6,16,12,18,20,11,22,15,16,18,13,17,7,13,3,8,5,9,11,17,12,16,6,6,4,5,35,22,23,37,28,24,28,10,19,8,15,23,15,14,32,14,24,10,12,17,13,17,19,15,13,18,19,14,13,19,5,14,6,23,17,27,24,25,37,29,42,11,22,10,29,11,17,14,26,21,16,16,22,21,5,26,6,21,17,3,12,27,12,5,7,11,6,4,3,3,4,8,23,25,26,18,28,27,51,10,30,6,,,,,,,,,,,,,,,,,,,,,,,,,,,,,,13,17,28,27,25,32,15,27,19,9,15,28,3,5,,3,6,24,34,33,23,27,23,15,14,27,3,13,28,12,17,9,18,11,9,17,5,10,8,12,8,9,3,12,10,16,7,8,9,9,19,20,15,32,3,4,6,10,6,9,5,4,8,12,31,23,13,21,23,16,15,15,3,10,22,3,25,11,6,3,16,6,10,15,14,7,9,8,18,5,21,14,11,27,26,9,16,3,26,14,5,3,7,4,11,4,3,7,3,6,7,,3,15,5,3,3,6,14,5,,3,3,3,3,10,8,3,9,7,7,3,6,10,5,3,3,3,12,,3,5,3,19,8,12,17,10,21,15,29,,25,,11,,16,16,7,9,14,7,3,12,30,8,9,14,22,25,18,104,45,37,3,9,29,14,16,19,,,,11,,
20260624,7,PM2.5_24h,34,28,23,27,19,22,35,15,14,43,31,26,22,27,6,16,13,25,16,8,4,3,,6,11,5,2,4,5,3,6,5,10,14,18,20,19,6,10,17,19,22,21,9,3,21,21,7,15,5,21,7,7,15,12,14,18,13,16,14,13,16,15,14,9,11,7,6,6,11,16,16,20,15,7,8,9,13,21,14,18,24,24,9,28,15,22,14,7,8,5,4,17,4,12,13,18,14,15,17,18,12,18,15,19,19,14,14,4,9,16,23,18,27,17,20,20,15,27,19,15,13,22,6,9,3,27,22,21,23,22,24,8,20,3,15,10,11,11,14,12,6,12,5,4,5,4,3,6,8,19,18,13,18,14,24,66,12,29,5,,,,,,,,,,,,,,,,,,,,,,,,,,,,,,15,13,22,19,18,29,17,22,15,10,17,14,8,8,,5,9,14,17,16,18,22,17,11,7,23,12,8,13,15,15,11,16,9,9,12,11,5,4,8,3,4,2,10,8,9,5,7,6,6,25,12,11,17,20,5,17,26,15,13,9,19,9,14,30,19,17,17,20,17,15,19,3,17,22,3,21,5,4,3,11,6,8,14,9,12,15,5,8,8,19,13,13,19,19,20,15,5,18,15,3,1,8,14,12,7,3,16,3,5,8,,3,11,8,14,3,10,12,7,,3,11,10,5,11,10,4,8,6,10,5,7,8,6,4,3,2,10,,3,4,3,12,5,7,15,10,26,17,12,,15,,8,,12,16,11,11,11,5,3,6,21,12,9,14,16,17,17,43,29,20,14,12,46,9,11,17,,,,8,,
20260624,7,PM10,62,44,44,42,52,34,82,17,32,44,64,60,52,44,10,44,20,,47,6,15,7,6,14,30,16,8,8,13,9,19,16,31,8,21,36,15,6,6,35,24,50,32,29,8,29,59,12,30,13,40,16,10,29,25,23,28,18,36,28,32,30,30,27,23,19,12,14,10,18,31,27,49,32,14,11,17,31,55,34,38,56,37,40,47,26,35,24,27,26,26,26,35,21,28,19,21,24,25,32,28,28,29,27,40,27,25,30,9,22,21,32,36,59,35,47,28,42,,22,32,22,46,10,22,17,41,47,28,33,53,36,21,39,19,,20,10,29,36,22,13,15,26,17,15,8,14,13,15,48,33,38,31,24,75,108,34,42,66,,,,,,,,,,,,,,,,,,,,,,,,,,,,,,27,19,48,42,67,44,26,36,79,42,22,,24,19,,6,31,31,46,,26,29,24,20,55,31,17,18,41,21,33,19,31,25,13,41,15,20,13,18,19,11,13,10,21,30,7,14,15,9,29,19,21,36,9,11,15,24,11,25,26,18,28,28,47,41,28,37,37,33,20,45,23,26,32,16,35,15,10,10,26,13,18,,25,11,15,11,27,10,38,29,28,51,36,13,31,17,33,25,15,6,12,9,21,9,7,12,10,10,15,,9,17,10,7,13,13,23,6,,8,7,16,11,19,10,6,12,14,43,7,28,17,15,8,14,8,,,6,6,7,24,20,19,31,20,51,26,54,,34,,25,,42,19,20,26,24,25,12,,50,20,20,33,,29,33,375,136,124,28,19,34,28,34,38,,,,20,,
20260624,7,PM10_24h,54,56,42,53,45,30,63,24,28,66,48,53,44,42,10,30,20,33,39,9,12,5,4,14,23,14,6,10,11,10,12,14,18,17,26,34,25,7,11,32,29,39,31,20,8,34,39,5,43,10,32,13,12,29,28,22,26,24,31,27,26,27,27,23,20,15,20,14,12,24,33,25,57,49,12,14,19,46,42,28,25,34,39,14,49,38,46,35,22,18,21,23,35,10,15,33,30,25,27,30,27,25,29,24,35,38,26,27,12,25,32,31,44,52,23,39,27,26,32,31,29,26,39,8,13,9,39,35,33,37,37,39,18,26,10,15,11,24,30,25,26,13,19,18,14,15,9,10,17,18,34,27,26,30,34,62,187,42,48,26,,,,,,,,,,,,,,,,,,,,,,,,,,,,,,25,22,40,35,45,45,26,35,57,42,32,28,33,23,,11,32,23,30,28,27,27,25,21,30,30,18,14,29,30,27,28,25,19,17,28,16,16,11,17,11,6,9,6,21,22,5,14,9,8,39,24,19,26,34,9,26,47,25,28,28,33,25,29,41,38,30,24,27,30,23,37,16,28,30,10,27,14,9,8,21,16,14,14,17,16,22,12,14,12,42,34,30,33,28,36,24,16,26,29,18,6,10,19,23,11,11,24,9,11,19,,7,16,16,18,13,20,19,5,,3,13,23,10,26,17,8,11,14,27,8,16,14,14,9,8,12,19,,12,8,9,24,16,15,35,23,49,32,37,,27,,26,,36,27,24,23,23,18,11,15,47,30,15,40,18,48,46,98,92,69,87,28,78,28,49,73,,,,20,,
20260624,7,SO2,3,7,2,10,6,6,4,4,3,3,10,5,5,10,8,6,7,6,6,6,5,5,4,6,10,5,5,6,4,9,7,7,6,6,5,5,6,6,5,5,5,3,5,6,7,5,8,7,6,6,4,4,5,6,5,6,5,5,4,3,5,8,4,5,8,5,5,6,6,5,8,17,8,5,5,6,9,7,7,8,8,35,3,13,11,11,12,10,10,6,4,5,8,7,4,11,5,6,7,5,8,6,6,5,4,9,4,7,5,7,11,10,7,12,14,8,10,7,17,6,4,6,6,5,6,3,11,4,8,8,5,12,7,8,4,7,8,4,3,8,3,8,9,15,4,10,4,6,3,3,5,7,3,8,8,25,4,11,7,3,,,,,,,,,,,,,,,,,,,,,,,,,,,,,,6,4,9,4,7,11,5,5,6,10,8,5,16,9,,6,11,9,10,10,6,5,8,11,12,1,5,7,9,6,7,6,4,9,6,9,7,6,7,5,8,5,4,8,5,5,5,4,4,6,5,8,4,8,5,4,10,5,5,4,7,6,5,9,8,7,6,3,7,6,6,6,5,8,7,5,7,4,5,9,4,5,6,3,4,5,7,6,8,4,8,6,4,26,6,7,12,2,8,3,6,9,9,4,7,7,5,7,8,4,3,,6,8,3,7,3,5,3,4,,5,6,7,8,6,7,2,4,2,8,6,4,5,9,7,6,7,5,,5,4,4,44,5,6,40,9,17,13,13,,5,,9,,4,7,10,10,12,12,7,19,9,7,8,7,5,8,5,3,10,3,5,6,4,7,6,5,,,,3,,
20260624,7,SO2_24h,3,8,3,10,7,4,4,4,3,3,9,6,4,12,8,7,7,7,6,6,5,5,4,5,8,6,5,7,5,9,7,7,6,6,6,5,6,5,5,5,6,2,4,6,7,5,3,7,7,6,4,4,5,6,5,6,6,6,4,3,5,8,4,5,8,4,6,6,6,5,10,16,8,5,5,6,8,10,7,6,7,13,3,8,11,9,11,10,10,5,5,6,7,7,3,11,9,6,8,5,8,6,5,5,5,11,4,7,5,5,9,10,7,12,14,8,10,7,7,6,4,6,6,5,6,3,11,3,8,8,5,9,7,7,4,7,8,6,3,7,2,8,10,11,4,10,4,6,3,3,6,6,3,8,8,22,14,15,6,4,,,,,,,,,,,,,,,,,,,,,,,,,,,,,,5,3,6,4,7,10,5,8,5,11,8,5,11,8,,6,10,8,9,11,7,6,7,12,11,2,4,7,9,6,8,6,4,9,7,10,6,6,7,4,8,4,4,8,5,5,5,4,5,6,5,9,4,5,5,4,12,6,6,4,11,6,5,11,7,7,5,3,6,6,5,5,4,8,7,4,7,4,5,7,3,5,6,9,4,5,7,5,6,3,8,6,4,7,5,11,11,3,7,4,5,9,10,4,7,6,5,7,7,5,3,,6,9,4,10,3,6,4,4,,5,6,8,9,6,7,2,4,2,8,5,5,5,9,7,6,9,4,,5,4,4,22,7,7,29,10,11,9,9,,5,,8,,4,8,7,10,11,13,7,19,9,7,7,7,6,8,5,4,8,3,4,6,4,7,6,5,,,,3,,
20260624,7,NO2,21,26,9,16,32,12,17,7,13,16,27,21,22,23,13,24,10,19,34,19,11,16,5,11,15,5,14,12,11,3,13,8,13,14,16,18,17,7,11,17,25,23,20,12,7,13,16,6,16,17,30,13,6,18,12,3,14,4,17,16,17,10,10,11,13,14,5,10,6,18,21,16,19,10,5,8,22,24,20,17,28,46,12,23,26,11,37,16,15,16,17,9,15,18,12,23,13,9,12,8,11,8,21,5,14,13,7,14,8,17,16,9,14,29,23,19,19,20,28,12,15,13,12,10,6,14,21,21,17,10,35,10,13,11,7,5,10,6,5,15,8,12,11,17,13,7,6,8,6,10,16,15,20,8,18,13,5,21,10,6,,,,,,,,,,,,,,,,,,,,,,,,,,,,,,9,10,21,16,30,19,5,14,27,14,13,12,9,11,,7,8,23,16,31,16,29,19,22,19,11,10,12,14,14,12,8,23,18,9,39,6,11,8,7,9,7,5,8,10,3,6,9,10,4,10,11,7,13,10,4,8,11,3,7,7,12,4,17,19,24,12,29,26,9,11,34,4,11,20,12,9,7,6,8,10,4,9,5,7,9,6,5,12,5,28,18,12,26,12,10,13,7,14,25,14,8,8,8,19,6,17,9,10,4,4,,14,10,8,6,5,5,6,4,,6,8,9,6,9,7,5,8,17,6,8,5,11,7,5,3,3,10,,1,4,5,23,5,12,15,17,19,13,24,,7,,4,,23,6,7,1,8,2,15,1,32,19,9,14,7,5,6,2,8,18,5,12,2,5,8,6,,,,4,,
20260624,7,NO2_24h,19,19,9,15,14,10,15,9,13,23,17,20,9,17,8,16,8,26,23,16,11,15,5,8,11,4,15,16,11,3,6,4,9,17,21,11,18,9,15,17,21,23,19,8,9,9,18,7,14,9,15,12,7,15,9,3,12,4,10,11,11,9,8,8,14,11,12,8,8,12,18,17,21,9,6,10,13,28,15,12,15,26,12,9,17,10,18,13,12,11,11,6,10,8,10,17,12,7,10,6,10,4,12,3,14,12,5,7,6,12,14,8,13,17,18,14,17,15,18,17,12,12,12,10,6,15,13,9,16,10,20,9,12,9,8,5,9,7,4,12,7,8,13,9,14,6,6,8,9,9,14,13,14,9,11,19,12,17,4,6,,,,,,,,,,,,,,,,,,,,,,,,,,,,,,7,7,14,12,15,10,5,11,25,10,13,10,8,10,,8,7,17,12,18,17,24,22,10,13,9,11,9,15,13,10,8,16,11,11,20,5,9,7,5,10,5,5,4,10,3,6,8,13,6,11,9,6,7,10,5,13,13,5,9,7,10,3,11,11,12,12,10,17,8,7,14,5,12,15,9,8,6,4,6,6,5,5,5,8,7,6,6,10,7,24,8,8,15,10,11,10,9,10,13,11,8,8,10,16,6,17,10,8,4,5,,12,10,11,7,5,9,6,7,,6,5,11,6,8,7,4,6,8,5,7,6,9,7,7,4,4,9,,3,5,6,13,9,12,16,10,19,14,18,,8,,9,,21,9,4,2,5,2,11,2,22,14,8,8,10,8,8,10,9,12,7,11,4,6,7,5,,,,4,,
20260624,7,O3,58,55,87,58,35,80,90,43,34,57,61,80,70,68,54,51,65,61,76,64,61,76,75,81,57,71,76,74,72,68,56,72,66,42,51,47,35,77,72,26,15,22,25,14,65,47,42,61,70,67,45,48,54,35,43,63,39,51,28,41,26,26,44,35,22,39,34,39,114,35,65,44,48,79,41,45,44,51,64,29,52,18,48,57,72,75,43,79,78,59,68,69,57,66,84,59,37,39,41,58,45,51,15,67,44,38,31,27,43,60,50,77,76,41,43,64,45,40,35,75,73,33,84,58,57,54,43,62,69,74,24,81,16,56,52,71,21,40,71,10,64,31,35,23,25,35,48,28,35,29,45,50,11,14,50,55,118,59,72,82,,,,,,,,,,,,,,,,,,,,,,,,,,,,,,54,54,24,53,32,69,118,48,42,61,92,52,51,61,,44,115,42,65,29,38,47,67,28,33,74,72,31,42,54,60,24,56,45,55,67,20,67,65,74,58,54,43,66,59,66,61,57,48,58,63,25,34,19,36,34,31,48,53,30,38,29,54,22,59,53,73,26,41,56,51,28,39,22,30,39,72,46,36,50,54,22,47,39,58,40,38,45,21,21,13,29,47,15,33,45,29,23,17,14,66,35,26,60,40,38,26,30,30,37,16,,26,30,39,40,55,39,33,38,,11,40,54,41,22,30,41,33,16,11,36,32,17,56,20,107,102,105,,133,59,70,73,57,47,60,24,52,60,21,,107,,41,,21,67,58,105,92,92,52,110,25,42,51,60,79,98,69,98,65,56,104,78,46,97,97,76,,,,62,,
20260624,7,O3_24h,58,55,87,58,35,80,90,43,34,57,61,80,70,68,54,51,65,61,76,64,61,76,75,81,57,71,76,74,72,68,56,72,66,42,51,47,35,77,72,26,15,22,25,14,65,47,42,61,70,67,45,48,54,35,43,63,39,51,28,41,26,26,44,35,22,39,34,39,114,35,65,44,48,79,41,45,44,51,64,29,52,18,48,57,72,75,43,79,78,59,68,69,57,66,84,59,37,39,41,58,45,51,15,67,44,38,31,27,43,60,50,77,76,41,43,64,45,40,35,75,73,33,84,58,57,54,43,62,69,74,24,81,16,56,52,71,21,40,71,10,64,31,35,23,25,35,48,28,35,29,45,50,11,14,50,55,118,59,72,82,,,,,,,,,,,,,,,,,,,,,,,,,,,,,,54,54,24,53,32,69,118,48,42,61,92,52,51,61,,44,115,42,65,29,38,47,67,28,33,74,72,31,42,54,60,24,56,45,55,67,20,67,65,74,58,54,43,66,59,66,61,57,48,58,63,25,34,19,36,34,31,48,53,30,38,29,54,22,59,53,73,26,41,56,51,28,39,22,30,39,72,46,36,50,54,22,47,39,58,40,38,45,21,21,13,29,47,15,33,45,29,23,17,14,66,35,26,60,40,38,26,30,30,37,16,,26,30,39,40,55,39,33,38,,11,40,54,41,22,30,41,33,16,11,36,32,17,56,20,107,102,105,,133,59,70,73,57,47,60,24,52,60,21,,107,,41,,21,67,58,105,92,92,52,110,25,42,51,60,79,98,69,98,65,56,104,78,46,97,97,76,,,,62,,
20260624,7,O3_8h,,,,,,,,,,,,,,,,,,,,,,,,,,,,,,,,,,,,,,,,,,,,,,,,,,,,,,,,,,,,,,,,,,113,,,,,,,,,,,,,,,,,,,211,,,,,,,,,,,,,,,,,,,,,,,,,,,,,,,,,,,,,,,,,,,,,,,,,66,,,,,,,,,,,,,,,,,,,,,,,,,,,,,,,,,,,,,,,,,,,,,,,,,,,,,,,,,,,,,,,,,,,,,,,,,,,,,,,,,,,,,,,,,,,,,,,,,,,,,,,,,,,,,,,,,,,,,,,,,,,,,,,,,,,,,,,,,,,,,,,,,,,,,,,,,,,,,,,,,,52,,,,,,,,,,,,,,,,,,,,,,,,,,,,,,,,,,,,,,,,,,,,,,,,,,,,,,,,,,,,,,,,,,,,,,,,,,,,,,,
20260624,7,O3_8h_24h,,,,,,,,,,,,,,,,,,,,,,,,,,,,,,,,,,,,,,,,,,,,,,,,,,,,,,,,,,,,,,,,,,,,,,,,,,,,,,,,,,,,,,,,,,,,,,,,,,,,,,,,,,,,,,,,,,,,,,,,,,,,,,,,,,,,,,,,,,,,,,,,,,,,,,,,,,,,,,,,,,,,,,,,,,,,,,,,,,,,,,,,,,,,,,,,,,,,,,,,,,,,,,,,,,,,,,,,,,,,,,,,,,,,,,,,,,,,,,,,,,,,,,,,,,,,,,,,,,,,,,,,,,,,,,,,,,,,,,,,,,,,,,,,,,,,,,,,,,,,,,,,,,,,,,,,,,,,,,,,,,,,,,,,,,,,,,,,,,,,,,,,,,,,,,,,,,,,,,,,,,,,,,,,,,,,,,,
20260624,7,CO,0.69,0.56,0.56,0.86,0.30,0.50,0.59,0.27,0.35,0.57,0.45,0.40,0.85,0.78,0.32,0.90,0.60,0.53,0.48,0.41,0.30,0.52,0.42,0.34,0.38,0.54,0.61,0.37,0.30,0.42,0.76,0.46,0.57,0.67,0.49,0.43,0.60,0.45,0.63,0.47,0.65,0.73,0.60,0.50,0.48,0.45,0.42,0.72,0.51,0.47,0.50,0.46,0.61,0.55,0.57,0.67,0.57,0.40,0.57,0.57,0.60,0.50,0.60,0.45,0.57,0.51,0.60,0.47,0.22,0.54,0.57,0.70,0.52,0.29,0.38,0.67,0.51,0.38,0.72,0.55,0.47,0.70,0.47,0.61,0.55,0.37,0.62,0.27,0.36,0.37,0.42,0.33,0.53,0.50,0.33,0.60,0.57,0.75,0.43,0.67,0.65,0.55,0.60,0.53,0.50,0.40,0.43,0.65,0.40,0.30,0.80,0.57,0.60,1.12,0.68,0.80,0.67,0.78,0.70,0.40,0.46,0.30,0.50,0.45,0.43,0.50,0.52,0.50,0.47,0.47,0.60,0.55,0.35,0.50,0.67,0.80,0.75,0.63,0.42,0.69,0.45,0.65,0.63,0.53,0.53,0.57,0.63,0.30,0.53,0.47,0.47,0.60,0.65,0.62,0.50,0.40,0.33,0.44,0.35,0.20,,,,,,,,,,,,,,,,,,,,,,,,,,,,,,0.43,0.40,0.60,0.47,0.33,0.65,0.77,0.67,0.43,0.43,0.40,0.40,0.45,0.38,,0.15,0.50,0.60,0.73,0.30,0.73,0.30,0.50,0.60,0.50,0.35,0.50,0.43,0.23,0.23,0.27,0.42,0.30,0.37,0.25,0.45,0.40,0.32,0.14,0.35,0.57,0.57,0.50,0.40,0.38,0.20,0.25,0.23,0.55,0.17,0.40,0.57,0.30,0.40,0.45,0.63,0.70,0.63,0.55,0.48,0.35,0.90,0.83,0.60,0.52,0.45,0.35,0.50,0.46,0.55,0.43,0.20,0.28,0.80,0.82,0.53,0.68,0.60,0.50,1.00,0.63,0.45,0.80,0.60,0.90,0.75,0.77,0.50,0.80,0.30,0.35,0.67,0.57,0.77,0.50,0.30,0.43,0.90,0.65,0.50,0.77,0.55,0.50,0.60,0.60,0.45,0.40,0.60,0.65,0.30,0.30,,0.20,0.50,0.33,0.63,0.40,0.50,0.40,0.50,,0.35,0.35,0.40,0.55,0.70,0.45,0.50,0.10,0.25,0.55,0.45,0.35,0.55,0.50,0.45,0.25,0.35,0.30,,0.30,0.40,0.47,0.47,0.50,0.90,0.45,0.45,0.30,0.45,0.70,,0.60,,0.45,,0.30,0.50,0.30,0.40,0.40,0.30,0.20,0.30,0.70,0.45,0.40,0.50,0.30,0.30,0.40,0.55,0.20,0.40,0.15,0.40,0.60,0.20,0.45,0.25,,,,0.50,,
20260624,7,CO_24h,0.56,0.62,0.48,0.72,0.30,0.40,0.43,0.33,0.40,0.50,0.45,0.45,0.48,0.78,0.32,0.70,0.51,0.55,0.46,0.37,0.33,0.47,0.42,0.37,0.30,0.50,0.61,0.46,0.34,0.43,0.74,0.36,0.43,0.59,0.53,0.43,0.55,0.45,0.68,0.47,0.60,0.67,0.40,0.50,0.50,0.45,0.43,0.78,0.43,0.40,0.43,0.49,0.57,0.52,0.54,0.60,0.53,0.40,0.53,0.50,0.55,0.47,0.59,0.40,0.57,0.49,0.63,0.43,0.27,0.53,0.57,0.60,0.66,0.27,0.40,0.63,0.29,0.46,0.54,0.50,0.33,0.55,0.43,0.30,0.56,0.40,0.52,0.37,0.34,0.32,0.37,0.33,0.33,0.44,0.33,0.55,0.57,0.57,0.50,0.60,0.60,0.55,0.60,0.47,0.50,0.40,0.43,0.60,0.33,0.20,0.57,0.60,0.75,0.88,0.60,0.74,0.62,0.60,0.54,0.40,0.36,0.30,0.47,0.40,0.50,0.54,0.49,0.43,0.47,0.40,0.57,0.53,0.38,0.47,0.70,0.82,0.75,0.47,0.42,0.64,0.40,0.63,0.65,0.53,0.53,0.50,0.63,0.30,0.55,0.45,0.43,0.50,0.45,0.56,0.50,0.40,0.60,0.60,0.36,0.20,,,,,,,,,,,,,,,,,,,,,,,,,,,,,,0.43,0.40,0.50,0.47,0.33,0.65,0.70,0.63,0.47,0.37,0.40,0.30,0.45,0.40,,0.15,0.45,0.47,0.60,0.35,0.73,0.37,0.50,0.50,0.40,0.40,0.35,0.37,0.23,0.23,0.33,0.45,0.25,0.30,0.25,0.30,0.30,0.32,0.20,0.30,0.60,0.55,0.60,0.30,0.46,0.17,0.25,0.23,0.55,0.33,0.43,0.77,0.30,0.40,0.65,0.60,0.87,0.70,0.55,0.44,0.25,1.05,0.80,0.60,0.46,0.43,0.40,0.47,0.44,0.52,0.37,0.20,0.33,0.87,0.80,0.53,0.68,0.60,0.57,0.80,0.63,0.50,0.83,0.60,0.90,0.65,0.73,0.50,0.55,0.30,0.35,0.60,0.53,0.63,0.40,0.35,0.43,0.90,0.50,0.60,0.63,0.55,0.50,0.70,0.60,0.40,0.35,0.60,0.65,0.35,0.40,,0.20,0.45,0.43,0.53,0.40,0.50,0.45,0.50,,0.50,0.40,0.40,0.55,0.65,0.45,0.50,0.10,0.15,0.55,0.40,0.35,0.55,0.50,0.40,0.25,0.40,0.40,,0.30,0.35,0.47,0.33,0.60,0.85,0.35,0.40,0.40,0.35,0.65,,0.55,,0.45,,0.25,0.50,0.40,0.70,0.40,0.30,0.20,0.30,0.57,0.35,0.35,0.45,0.10,0.20,0.40,0.55,0.20,0.30,0.25,0.45,0.60,0.20,0.40,0.20,,,,0.40,,
20260624,8,AQI,63,45,57,41,45,31,81,19,34,46,64,53,50,47,19,54,24,26,52,19,19,22,20,26,32,21,21,21,21,20,21,24,31,14,17,32,13,24,23,35,14,44,34,33,20,29,53,23,29,22,41,18,17,34,25,24,29,18,34,28,30,32,26,26,23,20,11,15,34,20,32,29,46,35,13,15,17,48,36,32,36,59,40,37,41,29,38,28,27,31,31,24,49,23,31,23,17,26,22,34,27,23,30,33,40,39,21,34,14,23,20,36,47,57,35,52,49,45,59,25,31,24,43,18,20,17,47,41,31,29,48,33,19,33,21,29,29,12,28,36,23,14,14,24,15,14,14,16,11,18,55,39,60,29,39,69,78,31,46,51,,,,,,,,,,,,,,,,,,,,,,,,,,,,,,27,19,45,47,61,60,35,43,60,54,32,36,31,22,,15,41,40,46,46,30,28,,25,45,28,25,16,34,26,33,19,31,31,22,41,18,23,20,24,19,16,13,21,19,25,19,20,15,19,26,33,19,37,15,11,11,23,16,23,25,14,30,30,40,46,25,36,34,34,26,44,21,28,34,16,31,14,12,16,28,12,17,23,29,12,15,13,25,9,37,30,32,34,36,18,28,11,39,28,20,11,12,17,26,12,14,10,10,13,19,,13,24,10,12,15,12,20,10,,14,14,23,13,24,29,13,12,16,45,13,33,19,17,9,32,31,36,,41,15,22,34,23,20,29,17,50,73,46,,41,,27,,51,27,20,31,25,30,14,34,58,24,31,43,26,34,23,181,88,85,33,23,46,28,33,40,,,,22,,
20260624,8,PM2.5,45,23,36,20,25,22,60,6,18,26,46,23,26,25,5,38,17,18,19,3,3,3,3,5,22,5,3,4,8,5,15,12,22,3,9,18,9,3,3,21,5,27,22,23,3,9,33,16,13,13,24,8,5,19,13,17,20,12,21,16,15,19,15,18,8,14,3,8,8,14,11,18,10,16,4,4,7,3,20,22,25,41,28,21,20,11,21,9,10,22,13,14,34,13,21,8,10,18,12,16,19,16,15,23,19,16,15,24,3,16,5,24,17,27,21,27,34,28,42,10,20,17,27,11,14,12,28,18,22,18,24,20,8,21,6,20,15,3,11,25,13,6,7,16,5,3,6,5,4,9,39,27,43,19,24,25,29,8,26,6,,,,,,,,,,,,,,,,,,,,,,,,,,,,,,12,3,29,28,22,38,17,30,13,6,17,25,3,5,,3,7,28,26,32,21,19,,16,11,19,9,11,20,6,12,8,16,11,8,21,10,12,6,11,9,9,3,12,11,17,7,10,7,13,16,23,13,26,5,3,7,7,5,8,4,3,3,14,25,24,13,18,22,15,18,21,3,11,24,3,22,3,4,6,16,3,10,16,18,7,8,9,17,6,19,14,13,23,25,11,14,3,27,15,6,3,8,3,10,6,3,5,3,9,13,,3,17,4,3,3,5,14,7,,10,8,3,3,8,9,3,6,8,7,7,7,11,7,3,5,3,25,,3,3,3,24,8,14,16,8,25,53,25,,29,,6,,18,11,12,9,17,7,3,16,25,10,22,16,16,20,15,81,40,38,6,11,32,12,16,24,,,,12,,
20260624,8,PM2.5_24h,35,28,23,27,19,22,36,15,14,41,32,26,21,27,6,17,13,25,17,8,4,3,,6,12,5,2,5,5,3,7,6,10,14,17,20,19,6,10,17,19,23,22,10,3,21,22,7,15,6,21,8,7,16,12,14,18,13,16,14,13,17,15,14,9,11,7,6,6,11,16,16,21,15,7,8,9,13,22,14,19,26,24,9,28,14,21,14,7,8,5,4,17,4,12,12,18,14,15,17,19,12,18,16,19,19,14,15,4,9,15,23,18,28,17,20,20,16,28,19,15,13,22,6,9,4,26,22,21,23,22,24,8,20,3,16,11,11,11,15,12,6,12,5,4,5,4,3,6,7,20,18,14,19,14,24,65,12,29,5,,,,,,,,,,,,,,,,,,,,,,,,,,,,,,15,12,23,19,18,29,17,23,15,9,16,14,8,8,,5,9,15,18,17,18,21,17,11,7,24,11,9,13,14,14,11,16,9,9,12,10,5,4,8,4,4,2,10,8,9,5,6,6,6,25,13,10,17,19,5,17,25,15,13,9,18,8,14,29,19,16,17,20,17,15,18,3,17,22,3,21,5,5,3,11,6,8,14,10,11,14,6,9,8,19,13,13,19,19,20,14,4,18,15,4,1,8,14,12,7,2,16,2,5,8,,3,11,8,14,3,10,12,7,,4,11,10,5,11,10,4,8,6,10,6,6,8,6,4,3,2,10,,3,4,3,12,5,7,14,10,26,20,12,,16,,8,,12,16,11,11,11,6,3,6,22,12,10,14,16,18,17,44,30,21,14,12,47,9,12,17,,,,8,,
20260624,8,PM10,63,45,63,41,45,29,78,19,34,46,68,56,50,47,13,44,20,,54,6,15,6,6,19,32,14,8,8,14,8,21,18,29,6,17,32,12,6,6,35,14,44,34,33,7,29,55,21,29,20,41,18,11,34,25,24,26,17,34,28,30,32,26,26,23,16,11,15,11,18,32,29,46,35,11,8,17,48,36,32,33,68,39,37,41,29,38,28,23,27,31,21,41,20,26,23,17,24,22,34,24,18,30,29,40,39,21,32,9,22,20,36,47,63,35,53,,45,,18,31,18,43,13,19,15,47,41,30,29,48,33,19,33,21,22,29,9,28,34,23,14,14,24,15,14,11,16,11,18,49,35,25,29,39,88,106,31,46,52,,,,,,,,,,,,,,,,,,,,,,,,,,,,,,27,12,45,47,71,70,28,43,70,57,26,,31,18,,6,41,35,46,35,27,28,,25,45,20,14,13,34,19,33,19,31,31,16,41,18,23,14,17,19,9,13,12,19,25,7,14,11,,26,18,19,35,15,10,10,23,15,23,25,14,30,30,40,46,25,36,34,34,25,44,21,28,33,16,30,8,12,7,28,12,17,15,29,11,15,12,25,8,37,30,32,34,35,18,28,8,34,28,20,6,12,9,26,9,7,10,10,13,18,,13,,9,6,10,12,18,7,,,8,23,10,24,29,6,11,16,45,6,33,19,17,9,12,9,,,8,6,7,32,23,19,29,17,50,67,46,,37,,27,,52,27,19,21,25,18,12,,65,24,,43,16,34,23,312,126,119,33,23,,28,33,40,,,,22,,
20260624,8,PM10_24h,55,56,42,53,44,29,64,23,29,64,49,54,44,42,10,31,19,32,40,9,12,5,4,15,23,15,6,10,11,10,13,14,19,17,26,34,25,7,11,33,29,40,31,21,8,34,39,6,42,11,32,13,12,30,28,23,26,24,32,27,26,27,27,23,20,16,20,15,12,23,33,25,57,48,13,14,18,46,42,28,25,36,40,15,50,38,45,34,22,19,22,24,35,10,16,32,29,25,27,31,27,25,30,24,36,38,26,27,12,24,32,31,44,52,24,40,27,26,32,31,29,25,39,8,14,9,39,35,33,37,37,38,17,27,11,15,12,23,30,26,26,13,18,18,14,15,9,11,17,18,34,27,27,30,34,61,187,42,48,28,,,,,,,,,,,,,,,,,,,,,,,,,,,,,,25,21,41,35,45,44,26,35,58,42,32,28,33,23,,11,33,23,31,28,27,27,24,20,29,29,18,14,30,30,27,29,25,20,16,29,16,15,11,17,12,7,9,6,20,22,5,13,10,9,39,23,19,26,33,9,25,46,25,27,27,32,25,29,40,37,29,24,27,30,23,36,16,28,31,10,27,14,9,8,21,16,15,14,18,15,22,13,15,11,42,34,30,33,28,35,23,15,27,28,18,6,10,19,24,11,11,23,9,11,19,,7,16,16,18,13,20,19,6,,3,12,23,10,25,17,8,12,14,28,8,16,14,14,9,8,12,19,,12,8,9,24,16,13,34,23,49,34,37,,28,,26,,36,26,24,23,23,18,11,14,49,30,15,41,18,48,46,107,96,73,87,28,77,29,50,72,,,,20,,
20260624,8,SO2,3,7,1,10,5,5,3,3,3,4,10,7,5,11,8,7,7,6,6,6,5,6,4,6,11,6,5,6,4,9,7,7,6,6,5,5,6,5,4,6,6,2,5,6,7,5,4,7,7,6,4,4,5,6,5,6,6,6,5,3,5,9,4,5,8,5,5,6,5,5,8,18,9,5,5,6,9,7,7,7,8,58,2,17,11,11,14,11,11,6,5,5,8,8,4,10,5,6,8,5,8,6,5,5,5,10,4,6,6,6,11,10,7,13,15,9,11,10,16,5,4,6,6,5,6,3,12,4,8,9,6,12,7,8,4,8,8,5,3,7,3,8,10,15,4,11,4,6,4,3,7,8,4,8,9,22,4,9,7,3,,,,,,,,,,,,,,,,,,,,,,,,,,,,,,6,3,6,4,9,18,5,6,6,11,8,5,13,8,,6,12,14,9,11,6,5,,13,14,2,5,7,9,6,8,7,4,9,6,10,7,6,7,4,8,4,4,8,5,5,5,5,4,6,5,8,3,6,5,4,10,4,5,4,7,6,5,9,8,7,7,4,6,6,6,6,5,8,7,5,7,4,5,7,4,5,7,4,4,5,6,6,9,4,8,6,3,14,7,11,11,2,8,4,6,9,9,3,9,7,4,8,7,4,3,,6,8,4,8,3,6,4,5,,5,6,8,8,6,7,2,4,3,8,6,5,4,9,7,6,7,6,,5,4,4,34,6,7,51,8,15,8,11,,5,,8,,5,7,11,10,13,12,7,19,12,6,7,7,5,8,5,3,8,3,4,7,4,7,6,6,,,,3,,
20260624,8,SO2_24h,3,8,3,10,7,4,4,4,3,3,9,6,4,12,8,7,7,7,6,6,5,5,4,5,8,6,5,7,4,9,7,7,6,6,6,5,6,5,5,5,6,2,4,6,7,5,3,7,7,6,4,4,5,6,5,6,5,6,4,3,5,8,4,5,8,4,6,5,6,5,10,16,8,5,5,6,8,9,7,6,7,15,3,8,11,9,11,10,10,5,5,5,7,7,3,11,9,6,8,5,8,6,5,5,5,11,4,7,5,5,9,10,7,12,15,8,10,7,7,6,4,6,6,5,6,3,11,3,8,8,5,9,7,7,4,7,8,6,3,7,2,8,10,11,4,10,4,6,3,3,6,6,3,8,8,23,13,15,7,4,,,,,,,,,,,,,,,,,,,,,,,,,,,,,,5,3,6,4,7,10,5,8,5,11,8,5,11,9,,6,11,8,9,11,7,6,7,12,11,2,4,7,9,6,8,5,4,9,7,10,6,6,7,4,8,4,4,8,5,5,5,4,5,6,5,9,4,5,6,4,12,6,6,4,11,6,5,11,7,7,5,3,6,6,5,5,4,8,7,4,7,4,5,7,3,5,6,9,4,5,7,6,6,3,8,6,4,8,5,11,11,3,7,4,5,9,9,4,7,6,5,7,7,5,3,,6,9,4,10,3,6,4,4,,5,6,8,9,6,7,2,4,2,8,5,5,5,9,7,6,9,4,,5,4,4,23,7,7,29,10,11,8,10,,5,,8,,4,8,7,10,11,13,7,19,9,7,7,7,6,8,5,4,8,3,4,7,4,7,6,5,,,,3,,
20260624,8,NO2,20,27,13,17,31,12,18,8,15,13,27,16,19,23,13,25,9,16,31,23,13,17,7,10,14,6,17,13,12,4,13,9,12,16,18,17,18,9,12,17,19,23,22,13,8,12,15,8,13,19,28,16,7,17,11,4,14,5,15,14,13,12,11,11,16,14,8,12,11,19,27,26,14,12,5,8,19,22,12,20,20,52,13,24,20,8,32,17,13,17,17,8,16,16,15,22,11,7,14,9,8,5,16,5,15,10,7,21,9,15,15,11,16,29,20,22,20,22,34,12,12,11,12,12,9,18,23,12,16,10,31,10,13,12,8,5,14,7,5,15,9,13,13,17,13,8,8,12,7,11,19,15,23,10,19,16,6,21,13,11,,,,,,,,,,,,,,,,,,,,,,,,,,,,,,9,10,20,17,30,19,6,16,23,19,11,9,10,10,,12,10,22,18,25,13,19,,15,20,9,11,12,13,9,14,11,13,15,10,24,3,15,8,6,13,7,6,9,9,2,6,8,15,6,9,11,6,11,12,4,11,11,5,8,8,13,4,16,14,18,12,21,21,9,9,26,8,12,23,15,10,11,6,8,10,6,9,6,9,9,7,8,10,7,23,14,10,19,12,13,12,6,14,17,16,9,9,11,18,8,27,10,15,6,6,,23,14,14,8,7,9,7,8,,7,11,15,8,10,8,5,8,16,5,7,8,11,11,7,6,4,23,,3,5,7,17,8,12,16,22,35,14,20,,11,,6,,27,18,8,1,24,2,21,1,29,15,11,26,7,8,10,3,9,23,4,13,4,5,9,17,,,,4,,
20260624,8,NO2_24h,19,18,8,15,13,10,14,9,13,22,17,20,9,17,8,16,8,25,23,16,12,15,5,8,11,4,15,16,11,3,7,4,9,17,21,12,18,9,15,17,21,23,19,8,9,9,18,7,14,10,15,12,7,15,9,3,12,4,10,11,10,9,8,8,14,11,12,8,8,12,18,17,21,9,6,10,13,28,14,13,15,27,12,10,17,10,19,13,12,11,11,6,10,8,10,16,12,7,10,6,10,4,12,3,14,12,5,7,6,12,14,8,13,17,18,14,17,15,19,17,12,12,11,10,6,15,13,9,17,9,21,9,13,9,7,5,9,6,4,12,7,8,13,9,14,6,6,8,9,8,14,13,14,10,12,19,12,17,4,6,,,,,,,,,,,,,,,,,,,,,,,,,,,,,,7,7,14,12,15,10,4,11,25,10,13,11,8,10,,8,7,17,13,18,16,24,20,10,13,9,11,9,14,13,10,8,16,12,11,20,5,9,7,5,10,6,6,4,10,3,6,8,13,6,11,9,6,7,10,5,13,12,5,9,7,10,3,11,11,12,12,10,17,8,8,14,5,12,15,9,9,6,4,6,6,5,6,5,8,8,6,6,10,6,24,8,8,15,10,10,10,9,10,12,11,8,8,10,16,6,17,10,8,4,5,,13,10,12,7,6,9,6,7,,6,6,11,6,8,7,4,6,9,5,7,6,9,7,7,4,4,9,,3,5,6,13,9,12,16,10,19,14,18,,9,,8,,21,9,4,2,6,2,10,2,22,14,8,8,10,8,8,9,9,13,7,11,4,6,7,5,,,,4,,
20260624,8,O3,68,53,93,56,55,88,82,45,39,66,77,92,82,77,61,66,74,79,77,61,62,71,64,83,64,66,66,68,67,65,61,76,73,46,45,53,35,76,73,35,22,24,27,19,64,52,54,57,78,69,53,48,53,40,47,65,44,59,44,56,42,34,43,39,20,41,30,37,109,41,58,36,56,79,43,48,52,55,89,30,85,32,54,64,84,84,62,83,86,64,76,78,61,75,99,68,43,48,41,61,54,60,24,71,44,44,33,31,44,68,53,89,79,48,62,83,56,49,40,81,85,42,90,56,56,49,50,82,67,80,34,81,17,61,51,72,27,37,66,10,66,38,35,27,20,33,45,23,35,30,63,68,22,15,41,60,117,61,62,66,,,,,,,,,,,,,,,,,,,,,,,,,,,,,,55,60,36,76,38,71,111,60,54,47,101,71,50,70,,49,118,67,75,46,49,72,,42,59,88,79,32,50,83,68,40,81,66,69,85,27,61,64,78,57,52,41,67,61,73,62,64,48,56,66,34,48,30,33,36,28,56,50,35,37,26,53,23,76,68,76,46,50,60,57,37,43,23,31,39,74,46,36,51,51,23,40,37,57,37,39,41,22,22,21,36,50,23,34,43,32,34,18,26,65,34,25,54,43,37,17,30,25,32,14,,14,20,33,39,48,31,32,33,,10,44,39,40,24,28,41,38,18,12,40,30,15,50,22,101,99,82,,131,48,70,94,45,61,66,23,36,69,25,,103,,39,,23,53,63,98,75,97,44,108,38,52,59,54,82,94,60,94,61,49,104,71,41,85,95,64,,,,63,,
20260624,8,O3_24h,68,53,93,56,55,88,82,45,39,66,77,92,82,77,61,66,74,79,77,61,62,71,64,83,64,66,66,68,67,65,61,76,73,46,45,53,35,76,73,35,22,24,27,19,64,52,54,57,78,69,53,48,53,40,47,65,44,59,44,56,42,34,43,39,20,41,30,37,109,41,58,36,56,79,43,48,52,55,89,30,85,32,54,64,84,84,62,83,86,64,76,78,61,75,99,68,43,48,41,61,54,60,24,71,44,44,33,31,44,68,53,89,79,48,62,83,56,49,40,81,85,42,90,56,56,49,50,82,67,80,34,81,17,61,51,72,27,37,66,10,66,38,35,27,20,33,45,23,35,30,63,68,22,15,41,60,117,61,62,66,,,,,,,,,,,,,,,,,,,,,,,,,,,,,,55,60,36,76,38,71,111,60,54,47,101,71,50,70,,49,118,67,75,46,49,72,,42,59,88,79,32,50,83,68,40,81,66,69,85,27,61,64,78,57,52,41,67,61,73,62,64,48,56,66,34,48,30,33,36,28,56,50,35,37,26,53,23,76,68,76,46,50,60,57,37,43,23,31,39,74,46,36,51,51,23,40,37,57,37,39,41,22,22,21,36,50,23,34,43,32,34,18,26,65,34,25,54,43,37,17,30,25,32,14,,14,20,33,39,48,31,32,33,,10,44,39,40,24,28,41,38,18,12,40,30,15,50,22,101,99,82,,131,48,70,94,45,61,66,23,36,69,25,,103,,39,,23,53,63,98,75,97,44,108,38,52,59,54,82,94,60,94,61,49,104,71,41,85,95,64,,,,63,,
20260624,8,O3_8h,63,71,104,64,66,91,101,47,38,75,78,87,99,85,65,61,64,52,91,66,63,77,88,88,60,71,74,73,72,74,67,76,70,43,52,56,44,74,63,22,20,23,28,17,64,64,45,63,82,74,58,47,56,38,46,66,44,56,36,50,33,37,52,43,25,57,32,40,115,45,77,54,54,93,46,48,55,42,63,29,64,19,50,71,120,86,54,85,78,61,70,74,68,76,70,70,56,45,43,61,48,56,27,75,40,41,41,44,45,65,57,96,72,58,44,71,58,48,40,80,80,26,83,63,61,63,63,76,61,81,29,86,31,59,56,66,24,33,71,16,78,42,32,37,23,40,52,28,35,33,44,49,23,19,45,49,88,74,88,78,,,,,,,,,,,,,,,,,,,,,,,,,,,,,,56,57,31,72,45,90,123,57,41,80,88,53,60,64,,47,125,40,70,45,37,53,139,32,34,86,57,31,25,44,57,21,49,33,54,87,19,70,69,75,62,61,50,71,61,73,63,56,54,58,68,36,40,27,45,35,29,51,49,35,43,29,56,29,73,61,81,40,43,66,58,41,38,26,35,43,76,54,40,51,63,31,44,41,59,43,40,45,21,16,12,47,55,29,40,41,43,18,21,28,76,36,29,63,50,40,36,44,41,43,31,,31,31,37,41,55,39,35,38,,12,41,50,42,28,33,43,34,26,17,40,40,23,55,30,120,109,95,,136,63,60,81,32,60,75,45,48,79,26,,111,,40,,22,72,67,112,99,90,60,110,35,65,59,80,77,97,71,92,75,73,99,85,57,108,101,83,,,,49,,
20260624,8,O3_8h_24h,63,71,104,64,66,91,101,47,38,75,78,87,99,85,65,61,64,52,91,66,63,77,88,88,60,71,74,73,72,74,67,76,70,43,52,56,44,74,63,22,20,23,28,17,64,64,45,63,82,74,58,47,56,38,46,66,44,56,36,50,33,37,52,43,25,50,32,40,115,45,77,54,54,93,46,48,55,42,63,29,64,19,50,71,97,86,54,85,78,61,70,74,68,76,70,70,56,45,43,61,48,56,27,75,40,41,41,44,45,65,57,96,72,58,44,71,58,48,40,80,80,26,83,63,61,63,63,76,61,81,29,86,31,57,56,66,24,33,71,16,78,42,32,37,23,40,52,28,35,33,44,49,23,19,45,49,88,74,88,78,,,,,,,,,,,,,,,,,,,,,,,,,,,,,,56,57,31,72,45,90,123,57,41,80,88,53,60,64,,47,125,40,70,45,37,53,84,32,34,86,57,31,25,44,57,21,49,33,54,87,19,70,69,75,62,61,50,71,61,73,63,56,54,58,68,36,40,27,45,35,29,51,49,35,43,29,56,29,73,61,81,40,43,66,58,41,38,26,35,43,76,54,40,51,63,31,44,41,59,43,40,45,21,16,12,47,55,29,40,41,43,18,21,28,76,36,29,63,50,40,31,44,41,43,31,,31,31,37,41,55,39,35,38,,12,41,50,42,28,33,43,34,26,17,40,40,23,55,30,120,109,95,,136,63,60,81,32,60,75,45,48,79,26,,111,,40,,22,72,67,112,99,90,60,110,35,65,59,80,77,97,71,92,75,73,99,85,57,108,101,83,,,,49,,
20260624,8,CO,0.73,0.65,0.58,0.87,0.25,0.45,0.59,0.27,0.40,0.67,0.47,0.40,0.75,0.85,0.30,1.08,0.62,0.49,0.56,0.44,0.33,0.54,0.42,0.36,0.40,0.54,0.67,0.45,0.30,0.43,0.77,0.48,0.57,0.59,0.49,0.43,0.60,0.53,0.63,0.47,0.75,0.73,0.60,0.50,0.47,0.50,0.45,0.75,0.49,0.47,0.54,0.49,0.62,0.57,0.59,0.70,0.53,0.40,0.53,0.53,0.63,0.50,0.61,0.47,0.62,0.53,0.63,0.48,0.25,0.59,0.57,0.75,0.54,0.30,0.40,0.62,0.41,0.42,0.64,0.55,0.40,0.97,0.47,0.86,0.53,0.37,0.64,0.33,0.36,0.42,0.43,0.33,0.60,0.52,0.33,0.55,0.57,0.70,0.43,0.77,0.60,0.60,0.65,0.67,0.50,0.40,0.47,0.70,0.40,0.20,0.74,0.63,0.60,1.16,0.66,1.12,0.78,1.26,0.76,0.38,0.46,0.27,0.52,0.50,0.47,0.54,0.54,0.50,0.47,0.43,0.63,0.57,0.38,0.50,0.70,0.80,0.85,0.63,0.42,0.64,0.40,0.65,0.68,0.70,0.57,0.60,0.63,0.35,0.55,0.53,0.47,0.60,0.80,0.64,0.65,0.40,0.33,0.42,0.34,0.20,,,,,,,,,,,,,,,,,,,,,,,,,,,,,,0.43,0.30,0.65,0.57,0.37,0.95,0.82,0.67,0.43,0.57,0.37,0.40,0.45,0.40,,0.25,0.60,0.73,0.70,0.35,0.63,0.30,,0.60,0.50,0.30,0.45,0.43,0.27,0.25,0.27,0.40,0.30,0.37,0.25,0.35,0.40,0.35,0.17,0.35,0.63,0.57,0.50,0.40,0.40,0.20,0.25,0.23,0.63,0.23,0.37,0.67,0.25,0.50,0.50,0.63,1.10,0.65,0.55,0.46,0.60,0.90,0.85,0.60,0.52,0.45,0.40,0.47,0.46,0.55,0.43,0.20,0.30,0.83,0.82,0.53,0.60,0.60,0.50,1.00,0.73,0.50,0.82,0.60,0.90,0.75,0.77,0.50,0.60,0.30,0.35,0.63,0.55,0.73,0.50,0.40,0.50,0.90,0.65,0.50,0.70,0.55,0.47,0.67,0.65,0.45,0.47,0.60,0.70,0.35,0.40,,0.25,0.60,0.43,0.63,0.40,0.55,0.45,0.55,,0.35,0.45,0.50,0.55,0.75,0.55,0.50,0.10,0.25,0.55,0.45,0.45,0.60,0.55,0.50,0.25,0.35,0.50,,0.30,0.40,0.47,0.53,0.50,0.85,0.45,0.40,0.50,0.40,0.70,,0.60,,0.45,,0.45,0.60,0.30,0.50,0.50,0.40,0.30,0.30,0.70,0.45,0.40,0.60,0.20,0.30,0.50,0.55,0.90,0.45,0.20,0.45,0.60,0.30,0.45,0.25,,,,0.50,,
20260624,8,CO_24h,0.57,0.63,0.48,0.73,0.30,0.38,0.43,0.33,0.40,0.53,0.45,0.45,0.48,0.78,0.30,0.70,0.52,0.55,0.46,0.37,0.33,0.47,0.42,0.37,0.30,0.50,0.61,0.44,0.34,0.43,0.74,0.38,0.43,0.59,0.51,0.43,0.55,0.45,0.68,0.47,0.65,0.67,0.40,0.50,0.50,0.45,0.43,0.77,0.43,0.40,0.43,0.50,0.58,0.52,0.54,0.60,0.53,0.40,0.53,0.50,0.55,0.50,0.59,0.40,0.57,0.50,0.63,0.43,0.27,0.53,0.57,0.60,0.66,0.27,0.40,0.63,0.29,0.46,0.54,0.50,0.33,0.55,0.43,0.30,0.54,0.40,0.52,0.35,0.34,0.32,0.37,0.33,0.33,0.44,0.33,0.55,0.57,0.57,0.50,0.60,0.60,0.55,0.60,0.47,0.50,0.40,0.43,0.65,0.30,0.20,0.59,0.60,0.75,0.88,0.62,0.76,0.62,0.60,0.56,0.40,0.38,0.30,0.47,0.42,0.50,0.52,0.49,0.43,0.47,0.40,0.57,0.53,0.38,0.47,0.70,0.82,0.75,0.50,0.42,0.64,0.40,0.63,0.68,0.53,0.53,0.50,0.60,0.30,0.53,0.45,0.43,0.50,0.50,0.56,0.50,0.40,0.57,0.58,0.36,0.20,,,,,,,,,,,,,,,,,,,,,,,,,,,,,,0.43,0.40,0.50,0.47,0.33,0.65,0.70,0.63,0.47,0.37,0.40,0.30,0.45,0.40,,0.15,0.45,0.47,0.60,0.35,0.73,0.37,0.50,0.50,0.40,0.40,0.35,0.37,0.23,0.23,0.30,0.45,0.25,0.30,0.25,0.30,0.30,0.32,0.20,0.30,0.60,0.55,0.55,0.30,0.46,0.17,0.25,0.23,0.55,0.33,0.43,0.80,0.30,0.40,0.65,0.60,0.87,0.70,0.55,0.44,0.30,1.02,0.80,0.60,0.46,0.43,0.40,0.47,0.44,0.52,0.37,0.20,0.33,0.87,0.80,0.53,0.68,0.60,0.57,0.80,0.63,0.50,0.83,0.60,0.90,0.65,0.73,0.50,0.55,0.30,0.35,0.60,0.53,0.63,0.40,0.40,0.43,0.90,0.50,0.60,0.63,0.55,0.50,0.70,0.60,0.40,0.35,0.60,0.65,0.35,0.40,,0.20,0.45,0.43,0.53,0.40,0.50,0.45,0.50,,0.50,0.40,0.40,0.55,0.65,0.45,0.50,0.10,0.15,0.55,0.40,0.35,0.55,0.50,0.40,0.25,0.35,0.40,,0.30,0.35,0.47,0.40,0.60,0.85,0.35,0.40,0.40,0.35,0.65,,0.55,,0.45,,0.30,0.50,0.40,0.80,0.40,0.30,0.20,0.30,0.57,0.35,0.35,0.45,0.10,0.20,0.40,0.55,0.30,0.30,0.25,0.45,0.60,0.20,0.40,0.20,,,,0.40,,
20260624,9,AQI,56,49,59,45,51,33,70,18,33,39,54,52,48,52,24,51,25,29,50,21,23,21,19,28,28,22,19,19,19,21,24,24,29,16,16,31,13,24,23,31,12,37,44,33,21,29,54,21,31,25,47,20,16,30,24,24,28,25,35,27,30,30,25,25,22,21,12,16,34,29,30,31,37,45,14,15,20,52,29,35,31,53,41,32,41,30,40,30,28,36,28,28,44,25,38,27,21,26,21,37,27,24,27,43,41,47,26,40,15,24,20,46,40,56,39,58,43,33,63,29,32,21,36,18,18,17,43,38,44,32,49,40,20,37,17,26,23,13,36,35,31,15,12,28,15,15,14,14,12,19,58,39,49,35,41,60,74,32,51,56,,,,,,,,,,,,,,,,,,,,,,,,,,,,,,24,21,44,40,61,64,37,44,56,51,35,28,33,24,,21,44,39,36,44,36,29,,28,40,32,26,13,25,32,31,23,32,33,25,36,26,24,22,24,20,17,14,22,33,24,20,24,17,19,38,34,26,39,15,12,28,21,29,23,25,17,28,33,41,40,31,35,29,36,29,42,16,31,36,14,37,16,15,17,29,14,19,24,34,16,15,16,31,13,47,33,33,37,39,27,27,22,37,34,21,10,16,15,27,13,13,11,15,15,23,,19,27,9,12,14,13,25,10,,13,17,19,13,25,17,14,14,16,30,14,30,25,21,11,31,29,42,,41,15,21,33,21,24,26,21,50,260,44,,37,,29,,44,29,27,31,29,29,20,16,55,26,26,52,26,37,35,150,84,88,62,27,77,31,38,52,,,,21,,
20260624,9,PM2.5,40,25,40,21,12,20,51,5,10,24,38,26,25,35,5,36,17,11,25,3,3,3,3,6,18,4,3,3,6,5,14,6,20,3,8,17,6,3,3,18,5,23,26,23,3,10,35,15,12,12,24,9,4,17,12,17,18,12,18,16,15,18,14,17,8,9,4,9,8,20,11,22,10,17,3,5,10,4,14,23,22,22,29,15,17,6,22,7,9,25,7,9,31,10,16,6,14,15,13,16,16,17,19,30,21,19,17,21,4,14,4,32,16,30,27,33,30,15,45,8,17,10,25,8,10,12,30,16,22,20,18,24,8,22,7,18,16,3,10,23,14,7,7,13,5,3,6,5,4,12,41,27,34,21,20,24,29,6,29,4,,,,,,,,,,,,,,,,,,,,,,,,,,,,,,11,7,29,22,23,39,18,31,11,8,16,14,3,5,,5,12,25,20,31,25,15,,13,10,13,9,9,16,8,10,9,12,8,6,18,18,10,6,12,7,11,3,13,15,16,5,10,6,10,15,24,18,23,8,4,9,5,6,11,3,4,5,19,24,19,11,17,16,13,10,19,4,9,24,3,20,3,4,6,14,6,13,17,24,11,9,11,11,9,25,13,13,26,27,14,17,3,25,20,3,3,7,3,10,7,4,3,5,9,16,,6,19,3,4,3,6,14,6,,9,12,13,3,8,11,3,3,7,5,6,10,10,8,3,15,3,23,,3,9,3,21,8,16,14,10,17,113,24,,26,,5,,16,14,13,9,17,6,3,11,19,11,18,12,17,18,13,64,34,39,9,9,39,11,13,15,,,,10,,
20260624,9,PM2.5_24h,36,29,24,27,20,21,38,14,14,40,33,26,21,27,6,18,13,24,17,8,4,3,,7,12,5,2,5,5,3,7,6,10,14,17,20,19,6,10,17,18,24,22,10,3,20,22,8,14,6,20,8,7,16,12,14,19,13,17,14,13,17,15,14,9,12,7,6,6,10,15,16,20,16,7,8,9,13,22,14,20,26,24,9,27,14,20,13,7,9,5,5,17,5,13,11,18,14,15,17,19,12,18,16,19,19,14,15,4,9,15,23,18,28,18,21,21,16,29,19,15,12,23,6,9,4,26,22,21,22,21,24,8,20,3,16,11,11,11,15,12,6,11,5,4,5,4,3,6,8,21,19,14,19,14,25,66,12,28,5,,,,,,,,,,,,,,,,,,,,,,,,,,,,,,15,11,23,19,18,29,17,23,15,9,16,14,8,8,,5,9,15,19,17,18,21,17,11,7,24,11,9,12,14,14,11,16,9,9,13,10,4,4,8,4,4,2,10,8,9,5,6,6,6,25,13,10,17,18,5,16,23,15,13,8,17,8,14,29,19,16,17,20,17,15,18,3,17,22,3,20,5,5,3,12,6,9,14,10,11,13,6,9,8,19,13,13,20,19,20,14,4,19,14,3,1,8,13,12,7,2,16,2,5,8,,3,12,8,14,3,10,12,7,,4,10,10,5,11,10,4,8,7,10,5,6,8,6,4,3,2,10,,3,5,3,13,5,7,14,10,26,24,13,,16,,8,,12,16,11,11,11,6,3,6,22,11,9,14,16,18,17,46,30,22,15,13,47,10,12,18,,,,8,,
20260624,9,PM10,61,49,68,45,52,28,74,18,33,39,54,53,48,53,10,48,22,14,50,6,15,6,6,13,28,14,8,9,10,10,24,13,27,6,16,31,9,6,6,31,12,37,44,32,8,29,57,20,31,23,47,20,11,30,24,24,28,25,35,27,30,30,25,25,22,21,12,16,15,25,30,30,37,45,12,10,20,54,25,35,28,55,40,32,41,23,40,21,22,33,27,22,44,17,26,23,21,26,21,37,27,17,26,33,41,47,26,40,11,19,17,43,40,62,28,65,37,33,64,16,27,21,36,14,14,14,42,38,44,31,49,40,20,37,17,21,17,13,36,35,31,15,12,28,15,15,12,14,12,19,49,31,48,35,41,70,98,32,51,61,,,,,,,,,,,,,,,,,,,,,,,,,,,,,,24,16,44,40,71,77,30,42,61,51,21,25,33,18,,10,44,39,36,30,27,26,,28,40,13,18,10,25,15,31,21,28,33,19,36,,24,18,20,19,13,10,16,33,23,9,14,8,16,38,27,22,39,15,12,28,21,29,23,25,17,28,33,41,40,31,35,29,36,29,42,16,31,36,14,37,16,12,,29,14,19,,28,12,15,14,31,11,47,33,33,31,34,27,27,6,37,34,20,6,16,9,27,13,13,8,15,15,19,,19,,8,8,13,13,25,6,,,10,19,11,25,17,6,14,16,30,8,30,25,12,11,31,14,42,,10,,15,27,21,22,26,21,50,392,44,,35,,29,,44,29,27,22,29,17,20,15,60,26,18,54,,37,35,250,117,126,73,27,103,31,38,53,,,,21,,
20260624,9,PM10_24h,56,56,43,52,45,29,65,23,29,61,50,55,43,42,10,31,19,31,41,9,12,5,4,15,23,15,6,9,11,10,13,14,19,17,25,34,25,7,11,33,28,41,31,21,8,33,40,6,41,11,32,14,12,30,28,23,26,24,32,27,27,27,27,23,20,16,19,15,12,22,33,25,57,48,13,14,17,47,42,28,25,37,40,15,50,37,43,33,22,19,22,24,34,10,17,30,29,25,27,31,28,25,30,25,36,38,26,27,11,24,32,30,44,52,24,42,27,26,33,31,30,24,40,8,14,9,38,35,33,36,38,38,17,27,11,15,12,22,30,26,24,13,18,18,14,15,9,12,16,17,35,27,28,30,33,62,188,41,48,30,,,,,,,,,,,,,,,,,,,,,,,,,,,,,,24,21,42,35,46,44,26,36,58,42,31,28,33,22,,11,33,24,32,28,26,27,24,21,28,29,18,14,30,30,27,30,26,21,16,30,16,15,11,18,12,7,9,7,21,22,5,13,10,9,39,24,19,26,32,9,25,45,24,27,27,31,26,28,39,37,29,24,26,30,24,36,16,28,31,11,28,13,9,8,22,16,15,14,18,15,21,13,15,11,42,34,31,32,28,35,23,15,27,27,18,6,10,18,23,11,11,23,9,12,19,,8,16,16,18,13,20,19,6,,3,12,23,10,25,17,8,12,14,28,8,16,14,14,9,9,12,20,,12,8,9,25,16,13,33,23,49,53,37,,28,,26,,36,26,24,23,23,19,11,14,51,30,15,40,18,49,46,115,100,77,87,28,79,29,51,72,,,,19,,
20260624,9,SO2,4,8,1,8,7,6,4,3,3,5,9,7,6,18,8,8,8,5,6,6,5,5,4,6,10,7,5,6,4,9,7,7,6,6,5,5,7,5,5,5,6,2,5,6,7,5,3,7,8,6,4,5,5,6,5,6,6,6,5,3,4,8,4,4,9,5,5,7,6,5,9,28,9,5,5,6,10,7,7,7,9,19,2,14,12,9,14,10,10,7,5,4,9,8,3,10,6,6,7,5,8,6,5,6,4,9,4,4,6,6,12,13,7,12,13,12,13,12,14,5,4,6,6,5,5,3,14,5,8,15,6,13,7,9,4,8,8,5,3,7,2,8,9,25,4,11,4,6,3,4,8,7,4,7,8,19,4,9,7,3,,,,,,,,,,,,,,,,,,,,,,,,,,,,,,6,3,7,5,17,17,5,7,6,13,8,5,12,7,,6,12,14,11,10,7,7,,12,13,2,5,7,9,6,8,5,4,10,6,10,7,6,7,4,8,4,4,8,5,5,5,5,4,6,5,12,4,5,6,4,10,3,6,5,8,4,5,9,8,7,6,5,6,6,5,6,5,9,7,5,7,4,5,7,4,5,7,5,4,5,6,5,10,4,8,6,3,7,9,13,16,3,7,6,5,9,9,4,11,7,4,8,7,4,3,,6,8,4,8,3,6,4,5,,5,6,8,8,6,7,1,4,2,9,5,5,4,9,7,6,7,6,,5,3,4,13,6,8,40,6,13,6,10,,4,,8,,4,10,8,10,13,11,7,18,29,6,7,7,4,8,5,3,7,3,4,6,4,7,6,5,,,,3,,
20260624,9,SO2_24h,3,8,2,9,7,5,4,4,3,3,9,6,4,12,8,7,7,6,6,6,5,5,4,5,8,6,5,7,4,9,7,7,6,6,6,5,6,5,5,5,6,2,4,6,7,5,3,7,6,6,4,4,5,6,5,6,5,6,4,3,5,8,4,5,8,4,6,5,6,5,9,16,9,5,5,6,8,9,7,6,7,16,3,8,11,9,11,9,11,5,5,5,7,7,3,10,8,6,8,5,8,6,5,5,5,11,4,7,5,5,9,10,7,12,15,9,10,8,8,6,4,6,6,5,6,3,11,3,8,9,5,9,7,7,4,7,8,6,3,7,2,8,10,11,4,10,4,6,3,3,6,6,3,8,8,23,12,15,7,4,,,,,,,,,,,,,,,,,,,,,,,,,,,,,,5,3,6,4,7,10,5,8,5,11,8,5,11,9,,6,11,8,9,11,7,6,7,12,11,2,4,7,9,6,8,5,4,9,7,10,7,6,7,4,8,4,4,8,5,5,5,4,5,6,5,9,4,5,6,4,12,6,6,4,11,5,5,11,7,7,5,3,6,6,5,5,4,8,7,4,7,4,5,7,3,5,6,9,4,5,7,6,6,3,8,6,4,7,5,10,11,3,7,4,5,9,9,4,7,6,5,7,7,5,3,,6,9,4,10,3,6,4,4,,5,6,8,9,6,7,2,4,2,8,5,5,5,9,7,6,9,4,,5,4,4,23,6,7,29,10,11,8,10,,5,,8,,4,8,7,10,11,13,7,19,10,7,7,7,6,8,5,4,8,3,4,7,4,7,6,5,,,,3,,
20260624,9,NO2,16,24,12,16,34,8,17,8,12,14,20,13,13,26,7,24,8,14,25,19,11,17,6,8,12,4,16,14,13,3,11,6,11,16,17,12,18,9,12,15,16,19,20,10,7,11,17,9,13,16,24,15,7,14,9,3,12,6,10,11,10,9,9,8,16,12,10,11,12,17,25,25,14,14,5,10,19,24,9,16,15,29,12,19,16,5,24,15,13,18,12,5,15,13,14,19,11,6,12,8,7,5,13,8,12,10,7,12,7,12,13,8,11,24,19,20,21,17,38,11,9,9,10,10,8,16,17,7,15,10,22,9,14,12,7,5,12,9,5,15,7,11,14,13,11,7,8,10,7,14,17,13,20,11,13,17,5,15,22,10,,,,,,,,,,,,,,,,,,,,,,,,,,,,,,7,7,13,13,25,20,7,13,22,15,10,9,8,7,,9,9,16,18,15,14,13,,16,17,7,7,10,12,6,8,11,9,15,9,17,3,13,7,6,7,7,6,9,10,2,6,6,14,6,10,13,6,8,10,4,11,16,8,9,10,13,4,17,10,11,11,15,16,8,7,20,6,9,23,16,10,7,7,6,9,7,9,6,10,12,6,8,12,10,27,8,10,16,11,15,12,4,14,15,20,10,9,15,20,8,24,8,17,6,9,,27,17,18,11,8,9,8,8,,9,13,17,8,9,11,4,9,14,7,6,9,10,10,8,11,9,26,,5,9,7,14,12,12,14,22,20,8,22,,9,,12,,23,35,13,1,24,4,20,4,20,14,13,21,9,11,10,4,13,27,13,15,7,11,13,13,,,,5,,
20260624,9,NO2_24h,19,19,8,14,14,10,14,8,12,22,17,20,9,17,7,17,8,25,23,17,12,15,5,8,11,4,15,16,11,3,7,4,9,17,21,12,18,9,15,17,21,24,19,8,8,9,18,7,14,10,16,12,7,15,9,3,13,4,10,11,10,9,8,8,14,11,11,8,8,11,18,17,20,9,6,10,13,28,14,13,16,28,12,10,17,10,19,13,12,11,11,6,10,8,11,16,11,7,11,6,10,4,12,3,14,12,5,7,6,12,14,7,13,17,18,14,18,15,19,17,12,12,11,10,6,15,13,9,17,9,21,9,13,9,7,5,9,7,4,12,7,8,13,9,13,6,5,8,8,8,14,13,14,10,12,19,11,17,5,6,,,,,,,,,,,,,,,,,,,,,,,,,,,,,,7,7,14,12,15,10,4,11,25,10,13,11,8,9,,8,7,17,13,18,16,24,19,10,12,9,11,9,15,13,10,8,15,12,11,21,5,9,7,5,10,6,6,5,10,3,6,8,13,6,11,9,6,7,10,5,13,12,5,9,7,10,3,11,11,12,12,10,18,8,8,15,5,12,16,10,9,6,4,6,6,5,6,5,8,8,6,6,10,6,25,8,8,15,10,10,10,9,10,12,11,8,8,10,15,6,17,10,9,4,5,,13,10,12,7,6,9,7,7,,6,6,12,6,8,7,4,6,9,5,7,6,9,7,7,3,4,9,,3,5,5,13,9,12,15,11,18,13,18,,9,,9,,21,10,5,2,6,2,10,2,23,14,8,9,10,8,8,9,9,13,7,11,3,7,7,6,,,,4,,
20260624,9,O3,87,57,109,55,51,107,88,57,54,72,98,110,108,90,77,91,81,92,82,66,72,68,62,91,71,69,61,61,62,66,71,77,78,52,44,67,41,77,75,53,33,32,35,38,66,57,71,56,87,81,64,52,52,55,56,70,57,68,63,62,55,55,49,59,23,49,28,40,110,53,67,51,63,80,45,49,58,54,92,44,98,69,67,79,99,97,91,95,89,76,89,90,75,80,122,86,50,60,50,68,47,64,38,70,57,52,41,58,48,78,63,117,102,68,82,104,81,74,39,93,102,55,103,58,59,48,82,100,68,102,50,93,25,62,50,75,41,37,66,13,87,46,36,44,20,39,46,24,34,28,81,77,52,21,54,68,121,77,49,74,,,,,,,,,,,,,,,,,,,,,,,,,,,,,,61,66,61,107,65,94,117,92,66,62,113,91,62,76,,67,122,94,102,71,64,94,,64,68,102,83,38,65,102,91,73,103,83,80,105,35,68,70,78,64,54,45,69,60,78,63,76,53,62,71,49,54,67,32,37,27,53,47,39,38,26,50,26,95,92,89,53,60,64,76,45,52,28,28,45,72,,47,55,54,20,40,37,53,32,40,39,26,20,31,39,51,28,41,41,49,71,30,44,68,33,25,48,38,37,20,34,22,33,13,,9,23,27,37,46,35,35,32,,7,47,45,42,27,27,46,42,25,18,45,29,12,66,27,93,94,80,,131,48,68,106,41,76,81,42,72,96,34,,112,,31,,38,44,56,100,67,94,50,,71,61,76,69,82,85,64,90,55,57,90,68,40,70,88,66,,,,64,,
20260624,9,O3_24h,87,57,109,55,51,107,88,57,54,72,98,110,108,90,77,91,81,92,82,66,72,68,62,91,71,69,61,61,62,66,71,77,78,52,44,67,41,77,75,53,33,32,35,38,66,57,71,56,87,81,64,52,52,55,56,70,57,68,63,62,55,55,49,59,23,49,28,40,110,53,67,51,63,80,45,49,58,54,92,44,98,69,67,79,99,97,91,95,89,76,89,90,75,80,122,86,50,60,50,68,47,64,38,70,57,52,41,58,48,78,63,117,102,68,82,104,81,74,39,93,102,55,103,58,59,48,82,100,68,102,50,93,25,62,50,75,41,37,66,13,87,46,36,44,20,39,46,24,34,28,81,77,52,21,54,68,121,77,49,74,,,,,,,,,,,,,,,,,,,,,,,,,,,,,,61,66,61,107,65,94,117,92,66,62,113,91,62,76,,67,122,94,102,71,64,94,,64,68,102,83,38,65,102,91,73,103,83,80,105,35,68,70,78,64,54,45,69,60,78,63,76,53,62,71,49,54,67,32,37,27,53,47,39,38,26,50,26,95,92,89,53,60,64,76,45,52,28,28,45,72,,47,55,54,20,40,37,53,32,40,39,26,20,31,39,51,28,41,41,49,71,30,44,68,33,25,48,38,37,20,34,22,33,13,,9,23,27,37,46,35,35,32,,7,47,45,42,27,27,46,42,25,18,45,29,12,66,27,93,94,80,,131,48,68,106,41,76,81,42,72,96,34,,112,,31,,38,44,56,100,67,94,50,,71,61,76,69,82,85,64,90,55,57,90,68,40,70,88,66,,,,64,,
20260624,9,O3_8h,64,71,105,64,66,91,101,48,39,75,78,88,99,85,65,62,66,58,91,67,65,77,88,88,61,71,74,73,72,74,67,76,70,44,53,57,45,75,66,27,22,24,28,19,65,64,48,63,82,75,58,48,56,40,47,67,45,57,39,51,34,38,52,45,26,50,32,40,115,46,77,54,56,93,46,48,55,44,64,31,66,23,52,71,120,86,56,85,79,63,72,75,68,76,78,71,56,47,44,62,50,58,27,75,43,41,41,45,45,65,58,97,76,58,47,74,58,49,41,86,80,29,84,63,61,63,64,77,62,82,31,87,31,59,56,67,27,35,71,16,78,42,34,37,24,40,52,28,35,33,48,50,24,19,45,49,94,74,88,78,,,,,,,,,,,,,,,,,,,,,,,,,,,,,,56,58,32,72,46,90,123,59,45,80,91,57,60,66,,47,125,44,71,46,41,56,84,35,35,87,61,31,32,53,62,27,57,40,57,89,20,70,69,75,62,61,50,71,61,73,63,58,54,58,68,36,40,30,45,36,29,51,49,36,43,29,56,29,73,63,83,41,46,66,59,41,40,27,35,43,76,54,40,51,63,31,44,41,59,43,40,45,21,17,14,47,55,31,40,41,43,25,21,28,76,36,29,63,50,40,31,44,41,43,31,,31,31,37,41,55,39,35,38,,12,41,50,42,28,33,43,36,26,17,41,40,23,56,30,120,109,95,,136,63,60,84,35,62,75,45,49,114,26,,112,,40,,24,72,67,112,99,91,60,110,39,65,60,80,77,97,71,92,75,73,99,85,57,108,101,83,,,,51,,
20260624,9,O3_8h_24h,63,66,101,62,59,90,97,47,39,70,75,87,97,82,66,62,66,58,88,66,64,76,84,87,61,71,73,73,70,73,66,76,70,44,52,57,43,75,66,27,22,24,28,19,64,61,48,62,80,74,56,48,56,40,47,67,45,57,39,51,34,38,50,45,25,49,32,40,115,45,74,52,55,90,46,48,54,43,64,31,64,22,52,71,89,84,56,82,79,62,72,75,66,74,78,70,53,47,44,62,50,58,26,75,43,41,41,45,45,64,56,97,76,56,47,73,57,46,38,86,80,29,84,62,60,60,63,76,62,82,31,85,27,57,55,67,27,35,70,14,78,42,34,36,23,40,50,28,34,31,48,50,24,19,44,46,94,72,80,76,,,,,,,,,,,,,,,,,,,,,,,,,,,,,,56,58,32,72,43,85,120,57,45,76,91,57,58,66,,47,122,44,71,44,41,56,,35,34,87,61,31,32,53,62,27,57,40,57,89,20,69,69,75,61,59,49,71,60,73,63,58,54,58,68,35,40,29,41,36,29,51,48,36,42,28,55,28,72,63,83,40,46,65,59,38,39,26,33,42,73,54,38,50,61,29,43,39,58,40,39,45,21,17,14,45,53,31,39,40,41,25,21,28,74,35,28,60,47,40,28,41,39,40,26,,28,28,35,41,54,39,35,37,,11,41,50,42,28,32,43,36,25,16,40,40,21,56,28,116,106,91,,135,60,60,84,35,62,74,40,49,78,23,,112,,39,,24,68,63,109,94,91,56,110,39,62,60,76,77,96,67,92,71,69,96,83,52,102,99,81,,,,51,,
20260624,9,CO,0.75,0.71,0.60,0.79,0.30,0.42,0.60,0.27,0.45,0.70,0.45,0.40,0.68,1.23,0.32,1.12,0.59,0.42,0.57,0.44,0.32,0.53,0.43,0.36,0.40,0.50,0.66,0.47,0.30,0.43,0.68,0.44,0.57,0.55,0.47,0.43,0.61,0.53,0.63,0.47,0.65,0.73,0.50,0.50,0.47,0.47,0.50,0.73,0.55,0.44,0.54,0.47,0.63,0.55,0.56,0.70,0.53,0.40,0.53,0.53,0.60,0.47,0.61,0.50,0.62,0.51,0.70,0.53,0.27,0.60,0.57,0.90,0.58,0.34,0.43,0.67,0.42,0.40,0.54,0.65,0.33,0.63,0.47,0.64,0.53,0.33,0.68,0.33,0.33,0.40,0.40,0.33,0.58,0.52,0.33,0.52,0.67,0.65,0.40,0.77,0.55,0.60,0.65,0.90,0.50,0.50,0.47,0.70,0.47,0.20,0.77,0.87,0.58,1.00,0.70,1.08,1.00,1.48,0.86,0.44,0.44,0.30,0.50,0.40,0.47,0.54,0.51,0.53,0.47,0.57,0.63,0.60,0.38,0.45,0.70,0.80,0.75,0.67,0.45,0.66,0.40,0.65,0.72,0.88,0.60,0.57,0.63,0.30,0.55,0.53,0.47,0.55,0.70,0.68,0.60,0.40,0.37,0.42,0.42,0.20,,,,,,,,,,,,,,,,,,,,,,,,,,,,,,0.43,0.30,0.60,0.47,0.37,1.10,0.77,0.67,0.57,0.63,0.37,0.40,0.45,0.40,,0.25,0.60,0.65,1.07,0.40,0.93,0.23,,0.60,0.45,0.30,0.35,0.43,0.30,0.25,0.20,0.42,0.30,0.33,0.25,0.35,0.40,0.33,0.18,0.35,0.53,0.57,0.50,0.40,0.38,0.20,0.25,0.23,0.55,0.23,0.37,0.90,0.30,0.50,0.55,0.63,0.70,0.68,0.50,0.43,0.60,0.95,0.85,0.60,0.50,0.45,0.35,0.47,0.44,0.55,0.37,0.23,0.28,0.80,0.82,0.57,0.53,0.50,0.50,1.00,0.67,0.50,0.87,0.60,0.90,0.80,0.80,0.55,0.70,0.40,0.35,0.60,0.55,0.63,0.50,0.55,0.50,0.80,0.55,0.60,0.70,0.55,0.53,0.70,0.65,0.45,0.47,0.60,0.75,0.35,0.40,,0.30,0.60,0.53,0.67,0.45,0.60,0.50,0.55,,0.35,0.45,0.50,0.55,0.75,0.55,0.50,0.20,0.30,0.55,0.40,0.45,0.60,0.50,0.50,0.25,0.40,0.50,,0.30,0.40,0.50,0.53,0.50,0.90,0.40,0.45,0.30,0.40,0.75,,0.60,,0.50,,0.50,0.80,0.30,0.50,0.50,0.40,0.30,0.40,0.73,0.50,0.40,0.60,0.35,0.30,0.45,0.60,0.35,0.40,0.40,0.50,0.60,0.30,0.45,0.15,,,,0.45,,
20260624,9,CO_24h,0.58,0.62,0.48,0.73,0.30,0.38,0.43,0.33,0.40,0.55,0.45,0.45,0.45,0.78,0.30,0.70,0.52,0.55,0.47,0.37,0.33,0.47,0.42,0.36,0.30,0.50,0.61,0.44,0.32,0.43,0.76,0.38,0.45,0.59,0.50,0.43,0.55,0.45,0.68,0.47,0.65,0.67,0.50,0.50,0.50,0.48,0.43,0.77,0.43,0.41,0.43,0.50,0.59,0.52,0.54,0.60,0.53,0.40,0.53,0.50,0.55,0.50,0.59,0.40,0.57,0.50,0.63,0.42,0.27,0.51,0.57,0.60,0.66,0.28,0.40,0.63,0.29,0.46,0.52,0.50,0.33,0.55,0.43,0.30,0.56,0.40,0.52,0.33,0.32,0.32,0.35,0.33,0.35,0.46,0.33,0.53,0.57,0.57,0.47,0.60,0.60,0.55,0.60,0.47,0.50,0.40,0.47,0.65,0.30,0.20,0.60,0.60,0.75,0.88,0.62,0.80,0.63,0.64,0.60,0.42,0.38,0.30,0.47,0.43,0.47,0.52,0.49,0.43,0.47,0.40,0.55,0.53,0.38,0.47,0.70,0.82,0.75,0.50,0.40,0.66,0.40,0.63,0.65,0.53,0.53,0.50,0.63,0.30,0.53,0.45,0.43,0.50,0.50,0.56,0.50,0.40,0.53,0.58,0.36,0.20,,,,,,,,,,,,,,,,,,,,,,,,,,,,,,0.43,0.40,0.50,0.47,0.33,0.65,0.70,0.63,0.47,0.37,0.40,0.30,0.45,0.38,,0.15,0.45,0.58,0.63,0.35,0.73,0.37,0.50,0.50,0.40,0.40,0.35,0.37,0.23,0.23,0.27,0.45,0.25,0.30,0.25,0.30,0.30,0.32,0.20,0.30,0.60,0.55,0.55,0.30,0.46,0.17,0.25,0.23,0.53,0.33,0.43,0.77,0.30,0.40,0.65,0.60,0.87,0.70,0.55,0.44,0.30,1.02,0.80,0.60,0.44,0.43,0.35,0.47,0.44,0.52,0.37,0.20,0.33,0.87,0.80,0.53,0.65,0.60,0.57,0.80,0.63,0.50,0.83,0.60,0.90,0.70,0.73,0.50,0.55,0.30,0.35,0.60,0.50,0.63,0.40,0.40,0.43,0.90,0.50,0.60,0.60,0.55,0.50,0.68,0.60,0.40,0.35,0.60,0.65,0.35,0.40,,0.20,0.45,0.43,0.53,0.40,0.50,0.45,0.50,,0.45,0.40,0.40,0.55,0.65,0.45,0.50,0.10,0.15,0.55,0.40,0.35,0.55,0.50,0.40,0.25,0.35,0.40,,0.30,0.35,0.47,0.40,0.60,0.85,0.35,0.40,0.40,0.35,0.65,,0.50,,0.45,,0.30,0.50,0.40,0.80,0.40,0.30,0.20,0.30,0.57,0.35,0.35,0.45,0.10,0.20,0.40,0.55,0.30,0.30,0.25,0.45,0.60,0.20,0.40,0.20,,,,0.40,,
20260624,10,AQI,53,52,74,43,48,40,63,23,43,43,47,50,44,59,26,45,30,33,33,22,20,21,20,30,30,23,18,18,20,22,25,25,26,18,14,29,14,25,23,24,13,38,55,30,22,25,55,47,32,29,45,20,18,32,25,25,30,32,39,25,28,34,28,26,21,18,11,18,40,32,27,35,37,50,14,15,23,53,29,36,35,29,41,27,38,34,42,37,29,33,30,32,42,28,41,37,29,30,26,34,20,27,38,34,41,55,33,39,18,28,24,43,42,56,34,55,43,31,59,34,34,22,37,20,21,17,42,38,43,37,39,39,22,34,20,26,20,12,36,35,41,18,14,26,13,15,16,15,16,22,54,36,45,40,67,51,104,32,60,63,,,,,,,,,,,,,,,,,,,,,,,,,,,,,,22,23,44,39,54,56,38,39,52,44,41,33,31,27,,23,43,36,53,43,40,38,,28,29,34,29,16,27,36,32,37,37,35,26,38,19,23,24,57,20,18,17,23,25,27,21,26,17,21,38,29,24,42,14,12,36,20,22,25,25,19,25,37,58,38,32,30,24,34,27,38,19,28,43,18,29,20,18,20,25,12,24,23,40,19,14,15,27,14,45,36,35,27,36,32,27,15,42,36,27,10,14,13,25,13,12,13,19,15,21,,15,30,10,11,14,12,29,11,,7,33,22,15,25,24,6,16,21,28,16,23,19,24,13,33,32,36,,45,16,22,37,23,23,28,38,57,308,49,,38,,26,,28,34,32,32,35,30,20,33,32,27,31,53,26,47,46,158,88,93,78,31,63,40,42,54,,,,21,,
20260624,10,PM2.5,37,27,54,23,19,17,45,9,23,24,30,25,24,38,5,29,15,7,21,3,3,3,3,6,18,5,3,3,5,4,13,8,18,3,4,15,5,3,3,10,9,24,37,17,3,9,37,16,11,11,21,7,6,18,13,16,18,15,15,16,15,22,16,18,8,7,3,9,7,22,12,21,11,15,4,6,8,5,10,22,17,20,28,10,14,6,25,10,8,23,4,7,26,9,14,5,19,17,13,13,14,17,26,24,23,20,14,19,4,10,4,26,17,29,21,26,23,7,42,8,16,3,22,8,8,10,27,17,15,12,19,21,9,24,8,16,14,4,14,21,13,4,8,9,5,3,9,8,3,12,38,25,17,24,36,18,29,6,26,9,,,,,,,,,,,,,,,,,,,,,,,,,,,,,,10,10,27,14,25,36,14,27,14,5,19,18,3,5,,3,11,24,24,30,28,12,,12,8,13,10,11,10,7,6,14,13,9,3,14,13,4,5,11,8,11,3,12,16,13,3,8,6,6,15,20,13,18,10,3,25,5,7,12,3,8,7,26,27,22,6,16,10,12,12,17,5,7,25,6,17,3,4,3,10,3,11,16,28,13,8,9,3,8,19,15,11,19,22,18,19,3,18,21,3,3,3,5,8,8,3,3,8,8,15,,6,21,3,6,3,5,13,7,,3,23,13,3,7,17,3,3,5,8,5,8,13,6,3,14,3,10,,3,10,5,18,10,12,10,14,24,84,18,,23,,6,,15,14,8,8,9,3,3,,7,17,11,14,13,19,6,60,33,40,10,3,36,12,9,18,,,,8,,
20260624,10,PM2.5_24h,36,29,25,27,21,21,39,14,15,39,34,27,21,28,6,18,13,24,18,8,4,3,,7,11,5,2,5,5,3,8,6,11,14,16,19,18,6,10,17,18,24,23,10,3,19,22,8,14,6,20,8,7,16,12,15,19,14,17,14,14,17,15,14,9,12,7,6,6,10,15,16,21,16,8,8,9,13,22,14,20,27,24,9,27,14,19,12,7,10,5,5,16,5,14,10,18,14,15,17,19,12,19,17,19,19,14,16,4,9,15,23,17,28,18,22,22,16,31,19,15,11,23,7,9,4,25,21,20,22,21,24,8,20,3,16,11,10,11,15,12,6,11,5,4,5,4,4,6,8,21,19,13,19,15,24,66,12,27,6,,,,,,,,,,,,,,,,,,,,,,,,,,,,,,14,11,24,18,19,29,17,23,15,9,16,14,8,7,,5,9,16,19,18,18,21,17,11,7,24,11,9,12,13,14,11,16,9,8,13,10,4,4,8,4,5,2,10,8,9,5,6,6,7,24,13,10,17,16,5,17,22,14,13,8,16,8,14,29,19,15,17,19,17,15,18,3,17,22,3,20,5,5,4,12,6,9,14,11,11,13,6,9,8,19,13,12,19,19,20,14,4,19,14,3,1,8,13,12,7,2,15,3,5,8,,3,12,8,13,3,10,12,7,,4,11,10,5,11,11,4,8,7,10,5,6,9,6,4,4,2,10,,3,5,3,13,6,7,14,11,26,27,13,,16,,8,,12,15,11,11,11,6,3,7,23,11,9,14,17,19,18,48,31,23,15,12,47,10,13,18,,,,8,,
20260624,10,PM10,56,53,75,43,48,28,70,13,43,43,47,50,44,67,10,45,20,14,33,6,14,6,6,14,30,22,8,10,8,8,20,15,25,7,12,29,8,6,6,21,13,38,59,30,10,25,60,47,29,22,45,20,13,32,25,25,30,32,39,24,28,34,28,25,21,15,11,18,16,32,27,35,37,50,11,11,23,56,23,36,30,27,41,26,38,21,42,24,21,32,25,19,42,16,28,27,29,30,26,34,20,27,38,33,41,60,33,39,11,19,16,35,42,61,34,59,43,15,53,15,34,15,37,11,21,11,42,30,43,32,39,39,22,33,20,24,19,8,36,35,41,17,14,26,13,14,13,15,16,22,56,32,45,40,83,51,157,32,70,75,,,,,,,,,,,,,,,,,,,,,,,,,,,,,,19,19,44,36,57,61,30,32,54,44,30,25,31,20,,15,43,28,55,40,37,18,,22,29,12,7,15,24,14,26,17,24,35,18,30,14,17,14,64,20,16,11,14,25,27,6,14,9,13,38,26,24,42,14,12,26,20,22,25,25,19,25,36,66,38,27,30,24,34,16,38,17,28,43,18,29,10,11,,25,12,24,16,28,15,14,15,27,14,45,36,35,19,36,32,21,9,42,36,14,6,14,13,25,13,12,7,19,15,21,,15,,8,9,14,12,29,,,7,,22,13,25,22,6,8,21,28,12,23,14,14,11,24,18,36,,7,8,10,29,23,21,16,38,64,426,49,,34,,26,,28,34,32,25,20,20,17,,32,27,14,56,9,47,46,265,125,135,105,31,76,40,42,58,,,,21,,
20260624,10,PM10_24h,57,57,44,52,46,29,66,23,29,60,51,55,43,42,10,31,19,30,41,9,12,5,4,15,24,15,6,9,11,10,13,14,20,17,25,33,24,7,10,33,28,41,33,22,8,33,41,7,41,12,31,14,12,30,28,23,26,24,32,28,27,28,27,23,20,16,19,15,12,22,33,25,57,48,13,15,17,47,43,28,26,37,40,15,50,37,43,32,22,20,22,23,34,11,18,29,29,26,26,31,28,25,30,26,36,38,26,28,11,24,32,30,43,52,25,43,27,26,34,31,30,24,40,8,14,9,38,34,33,36,37,38,17,27,11,16,12,21,30,26,24,12,17,18,14,14,9,11,16,18,36,28,29,31,35,61,191,41,48,33,,,,,,,,,,,,,,,,,,,,,,,,,,,,,,24,20,43,34,46,44,26,35,58,41,30,28,32,22,,10,33,24,33,28,26,27,24,20,28,28,18,14,30,29,26,29,26,21,17,31,16,15,11,20,12,7,9,7,21,22,5,12,10,9,38,24,19,26,29,10,24,43,23,27,27,30,25,28,39,36,28,25,26,30,24,36,16,28,31,11,27,13,9,8,22,16,15,14,19,15,20,13,16,11,43,34,31,32,28,34,23,15,28,27,18,6,11,18,23,11,11,22,9,12,20,,8,16,15,18,12,20,20,6,,3,12,23,10,25,17,8,12,15,29,8,17,15,14,8,10,12,21,,12,8,9,25,17,14,31,23,49,70,37,,28,,26,,36,27,24,22,23,19,11,14,51,29,15,41,17,49,47,123,103,81,88,28,79,30,51,73,,,,19,,
20260624,10,SO2,5,8,2,6,6,5,4,4,3,5,8,6,6,21,8,8,7,5,6,6,5,6,4,6,9,6,5,6,4,9,8,7,6,6,5,5,6,5,5,5,6,2,5,5,7,5,2,7,7,6,4,4,5,6,5,6,5,6,5,3,5,9,4,5,8,5,5,8,6,5,8,43,9,5,5,6,11,8,7,9,9,15,2,12,12,8,12,11,13,7,5,5,9,9,3,10,12,6,8,5,8,6,6,5,4,8,4,4,5,5,9,13,8,13,10,12,13,10,14,5,4,7,5,5,5,3,14,4,8,12,6,12,7,7,4,8,8,4,3,8,3,8,10,22,4,10,4,5,3,6,8,7,4,8,9,20,4,10,7,4,,,,,,,,,,,,,,,,,,,,,,,,,,,,,,5,4,7,5,13,16,6,7,6,13,7,5,10,10,,6,12,11,15,12,7,7,,10,11,1,5,7,9,6,7,5,4,9,6,10,7,6,7,4,8,4,4,8,5,6,5,4,5,6,4,20,4,4,6,4,10,4,6,5,9,6,6,13,7,7,6,5,7,6,5,6,4,9,7,5,8,,5,7,4,5,6,4,5,5,5,5,6,4,7,5,3,7,8,14,14,3,7,6,4,9,9,4,8,6,5,8,8,4,3,,7,9,3,9,3,6,4,4,,5,6,8,8,6,7,2,4,2,9,6,5,4,9,7,6,7,5,,5,3,4,13,,8,8,5,12,6,10,,4,,8,,4,16,8,10,12,12,7,,10,6,7,7,5,8,3,3,7,4,4,7,4,7,6,2,,,,3,,
20260624,10,SO2_24h,4,8,2,9,7,5,4,4,3,3,9,6,4,12,8,7,7,6,6,6,5,5,4,5,8,6,5,7,4,9,7,7,6,6,6,5,7,5,5,5,6,2,4,6,7,5,3,7,6,6,4,4,5,6,5,6,5,6,4,3,5,8,4,5,8,4,6,6,6,5,9,17,8,5,5,6,8,9,7,6,7,16,3,8,11,9,11,9,11,5,5,5,7,7,3,10,8,6,8,5,8,6,5,5,5,10,4,7,5,5,9,10,7,12,15,9,11,8,8,6,4,6,6,5,6,3,11,3,8,9,5,9,7,7,4,7,8,5,3,6,2,8,10,11,4,10,4,6,3,3,6,6,3,7,8,23,11,15,7,4,,,,,,,,,,,,,,,,,,,,,,,,,,,,,,5,3,6,4,7,11,5,7,5,11,8,5,11,9,,6,11,8,9,11,7,6,7,11,11,2,4,7,10,6,8,5,4,9,7,10,7,6,7,4,8,4,4,8,5,5,5,4,5,6,5,9,4,5,6,4,12,6,6,4,11,5,5,10,7,7,5,3,6,6,5,5,4,8,7,5,7,4,5,7,3,5,6,10,4,5,7,6,6,3,8,6,4,7,5,10,11,3,7,4,5,9,9,4,7,6,5,7,7,5,3,,6,9,4,10,3,6,4,4,,5,6,8,9,6,7,2,4,2,8,5,5,5,9,7,6,9,4,,5,4,4,23,5,7,26,10,11,8,10,,5,,8,,4,8,7,10,11,13,7,19,10,7,7,7,6,8,5,4,7,3,4,7,4,7,6,5,,,,3,,
20260624,10,NO2,13,22,12,13,31,7,13,7,9,12,11,11,8,26,6,18,5,7,20,16,10,15,6,8,10,5,16,15,14,3,8,6,11,17,17,9,18,9,14,7,19,17,14,8,7,11,16,9,12,13,18,14,6,13,10,3,10,5,7,11,8,8,8,7,15,10,10,9,10,15,19,26,13,16,5,11,18,21,8,11,11,14,10,14,13,3,15,13,12,13,12,5,12,10,12,15,13,6,10,7,6,6,13,5,10,8,4,8,5,9,9,6,11,21,16,16,18,9,30,11,8,9,8,10,8,13,11,4,13,8,16,7,17,10,8,5,11,9,5,18,6,10,16,11,13,5,7,10,8,12,14,14,12,12,11,11,4,12,31,8,,,,,,,,,,,,,,,,,,,,,,,,,,,,,,5,6,11,12,14,12,7,11,18,17,10,11,7,6,,7,7,10,20,14,9,8,,10,9,6,5,11,10,5,5,7,9,12,7,12,3,9,6,4,12,6,5,6,10,2,6,5,12,5,9,15,5,4,11,4,12,18,8,11,10,12,4,17,8,8,9,11,12,5,6,17,6,11,23,13,8,7,6,6,6,7,7,9,10,12,6,8,7,10,20,6,7,12,11,17,13,6,12,13,12,11,9,23,23,8,17,7,15,5,11,,27,19,19,10,10,11,8,6,,7,10,14,7,7,12,4,4,12,5,6,10,9,9,7,9,7,10,,2,9,7,14,12,9,9,22,20,8,15,,7,,12,,20,20,6,5,5,3,16,4,10,13,7,16,8,19,12,4,14,29,14,15,7,13,20,14,,,,3,,
20260624,10,NO2_24h,18,19,8,14,15,10,14,8,12,21,17,20,9,17,7,17,8,24,23,17,11,16,5,8,11,4,15,16,12,3,7,4,9,17,21,12,18,9,15,17,21,24,19,8,8,9,17,7,14,11,16,13,7,15,9,3,13,4,10,11,10,9,8,8,14,10,11,8,8,11,18,17,20,9,6,10,13,28,14,13,16,28,12,10,17,10,19,13,12,12,12,6,10,8,11,16,12,7,11,7,10,4,12,3,14,12,5,7,6,12,14,7,13,17,18,15,18,15,20,18,12,12,11,10,6,15,13,9,17,9,21,9,13,9,7,5,9,7,4,13,7,8,13,9,14,6,6,8,8,9,14,13,14,10,12,18,11,16,6,6,,,,,,,,,,,,,,,,,,,,,,,,,,,,,,7,7,15,12,15,10,5,11,25,10,13,11,8,9,,8,7,17,14,18,16,24,20,10,12,9,11,9,14,12,10,8,15,12,11,21,5,9,7,5,10,6,6,5,10,3,6,8,13,6,11,10,5,7,10,5,12,12,5,9,7,11,3,12,11,12,12,11,18,8,8,15,5,11,16,10,9,6,4,6,6,5,6,5,8,8,6,6,10,6,25,8,8,14,10,11,10,9,10,12,11,8,8,10,15,6,17,10,9,4,5,,13,10,12,7,6,9,7,7,,6,6,12,6,8,7,4,6,9,5,7,6,9,7,7,3,4,9,,3,5,5,14,9,11,14,11,18,12,18,,9,,9,,21,10,5,2,6,2,10,2,23,13,8,9,9,8,8,8,9,14,7,11,3,7,7,6,,,,4,,
20260624,10,O3,106,66,134,63,57,127,107,72,92,85,125,131,134,111,82,120,95,107,93,69,64,67,65,97,80,73,59,58,64,69,80,81,82,57,45,86,46,79,73,78,36,47,48,60,69,63,98,56,101,94,89,55,56,74,65,76,78,81,79,81,75,72,56,78,27,57,26,48,129,72,85,67,77,84,46,49,67,68,94,79,112,90,85,87,122,110,124,118,93,96,97,101,93,91,132,119,71,73,69,76,62,73,60,79,75,70,58,78,58,90,77,136,122,103,92,119,126,99,51,109,109,71,113,64,65,55,111,122,81,117,76,101,26,67,51,82,55,38,74,19,68,58,38,58,22,49,52,23,33,34,99,105,92,34,84,90,123,95,53,87,,,,,,,,,,,,,,,,,,,,,,,,,,,,,,69,73,99,125,94,132,121,109,104,82,131,104,71,85,,74,127,114,121,116,80,120,,90,92,109,93,47,86,115,101,117,118,93,84,121,52,75,76,83,56,58,53,72,62,80,67,84,54,67,75,76,72,93,46,37,34,48,51,56,51,28,50,31,113,111,103,66,73,78,87,53,62,43,36,55,78,65,58,64,69,35,45,38,53,31,46,44,43,22,48,50,60,40,56,40,51,49,41,74,86,31,25,37,36,40,29,40,29,36,13,,19,20,25,35,46,38,37,35,,19,56,49,48,38,36,,52,41,33,50,32,32,77,40,104,101,103,,143,50,70,117,,74,89,54,76,107,74,,122,,33,,65,75,92,102,113,96,65,105,97,74,98,86,82,68,71,96,66,66,98,75,46,71,73,63,,,,63,,
20260624,10,O3_24h,106,66,134,63,57,127,107,72,92,85,125,131,134,111,82,120,95,107,93,69,64,67,65,97,80,73,59,58,64,69,80,81,82,57,45,86,46,79,73,78,36,47,48,60,69,63,98,56,101,94,89,55,56,74,65,76,78,81,79,81,75,72,56,78,27,57,26,48,129,72,85,67,77,84,46,49,67,68,94,79,112,90,85,87,122,110,124,118,93,96,97,101,93,91,132,119,71,73,69,76,62,73,60,79,75,70,58,78,58,90,77,136,122,103,92,119,126,99,51,109,109,71,113,64,65,55,111,122,81,117,76,101,26,67,51,82,55,38,74,19,68,58,38,58,22,49,52,23,33,34,99,105,92,34,84,90,123,95,53,87,,,,,,,,,,,,,,,,,,,,,,,,,,,,,,69,73,99,125,94,132,121,109,104,82,131,104,71,85,,74,127,114,121,116,80,120,,90,92,109,93,47,86,115,101,117,118,93,84,121,52,75,76,83,56,58,53,72,62,80,67,84,54,67,75,76,72,93,46,37,34,48,51,56,51,28,50,31,113,111,103,66,73,78,87,53,62,43,36,55,78,65,58,64,69,35,45,38,53,31,46,44,43,22,48,50,60,40,56,40,51,49,41,74,86,31,25,37,36,40,29,40,29,36,13,,19,20,25,35,46,38,37,35,,19,56,49,48,38,36,,52,41,33,50,32,32,77,40,104,101,103,,143,50,70,117,,74,89,54,76,107,74,,122,,33,,65,75,92,102,113,96,65,105,97,74,98,86,82,68,71,96,66,66,98,75,46,71,73,63,,,,63,,
20260624,10,O3_8h,69,71,106,64,66,93,101,50,46,75,80,93,100,86,66,67,70,65,91,67,65,77,88,88,63,72,74,73,72,74,67,76,70,46,53,59,45,77,68,35,24,26,29,24,65,64,54,63,82,76,59,49,56,45,50,68,49,60,44,55,39,41,52,49,26,50,32,41,117,49,77,55,58,89,46,49,56,48,67,36,69,31,56,72,120,87,63,88,81,66,75,77,69,77,85,75,56,50,46,64,54,59,30,75,49,44,43,48,46,67,59,99,80,61,51,78,62,51,42,89,82,34,87,63,61,63,67,81,65,84,35,88,31,60,56,70,30,36,71,16,78,43,36,38,25,40,52,28,35,33,55,52,28,20,46,52,102,74,88,79,,,,,,,,,,,,,,,,,,,,,,,,,,,,,,58,60,39,74,51,90,123,62,55,80,98,63,60,68,,50,125,53,74,49,46,63,84,41,43,89,65,33,39,63,68,37,66,49,60,93,24,71,70,75,62,61,50,71,61,74,63,61,54,58,69,39,44,38,45,37,31,51,49,38,43,29,56,29,74,68,86,44,50,67,62,41,42,28,35,43,76,54,40,53,63,31,44,41,59,43,40,50,24,18,19,47,56,32,40,41,43,29,22,32,76,36,29,63,50,40,31,44,41,43,31,,31,31,37,41,55,39,35,38,,12,42,50,43,29,33,43,38,26,18,41,40,23,58,30,120,109,95,,136,63,61,89,37,67,75,45,51,115,28,,113,,40,,29,72,67,112,99,92,60,110,45,65,63,80,78,97,71,92,75,73,99,85,57,108,101,83,,,,53,,
20260624,10,O3_8h_24h,69,63,104,60,54,93,97,50,46,69,77,93,99,82,67,66,70,65,86,67,64,75,81,88,63,72,72,71,70,73,67,76,70,45,51,59,42,77,68,35,24,26,28,24,65,59,54,61,81,76,57,49,56,45,50,68,49,60,44,55,39,41,50,49,25,49,31,41,117,48,74,53,58,83,45,49,54,47,67,36,67,31,56,72,91,85,63,87,81,66,75,77,68,74,85,75,53,50,46,64,54,58,30,75,49,44,43,48,46,67,58,99,80,60,51,78,62,50,37,89,82,34,87,62,60,58,66,81,65,84,35,86,26,59,54,70,30,36,70,14,75,43,36,38,24,40,49,27,34,31,55,52,28,20,46,52,102,73,73,77,,,,,,,,,,,,,,,,,,,,,,,,,,,,,,58,60,39,74,50,88,119,61,55,75,98,63,59,68,,50,120,53,73,46,46,63,,41,43,89,65,33,39,63,68,37,66,49,60,93,24,70,70,75,60,58,48,70,60,73,63,61,53,58,69,39,44,38,39,37,31,50,48,38,41,27,54,27,74,68,86,44,50,67,62,37,42,28,33,43,73,53,40,53,60,29,42,39,57,37,39,46,24,18,19,45,53,32,40,40,41,29,22,32,74,34,27,57,44,40,29,39,38,40,22,,26,26,34,40,52,39,34,36,,11,41,50,43,28,33,43,38,25,18,41,39,22,58,28,112,104,92,,135,58,61,89,37,67,73,40,51,78,28,,113,,38,,29,69,66,108,96,92,57,109,45,60,62,75,78,93,67,91,68,66,97,80,50,95,95,76,,,,53,,
20260624,10,CO,0.74,0.72,0.58,0.69,0.25,0.45,0.55,0.27,0.50,0.70,0.38,0.33,0.57,1.38,0.32,0.90,0.60,0.39,0.44,0.39,0.31,0.52,0.40,0.36,0.36,0.50,0.62,0.47,0.36,0.42,0.58,0.47,0.47,0.53,0.47,0.47,0.57,0.53,0.63,0.40,0.60,0.73,0.50,0.50,0.47,0.50,0.50,0.73,0.55,0.43,0.54,0.53,0.63,0.55,0.56,0.67,0.53,0.40,0.53,0.53,0.58,0.47,0.63,0.45,0.60,0.48,0.70,0.50,0.34,0.57,0.50,1.30,0.50,0.40,0.43,0.70,0.44,0.42,0.56,0.55,0.30,0.53,0.40,0.49,0.53,0.30,0.66,0.40,0.38,0.42,0.40,0.28,0.50,0.47,0.33,0.52,0.73,0.57,0.40,0.73,0.55,0.65,0.65,0.70,0.50,0.40,0.40,0.70,0.40,0.20,0.57,0.70,0.65,1.04,0.62,1.08,0.90,0.74,0.78,0.42,0.42,0.33,0.42,0.40,0.47,0.52,0.46,0.47,0.47,0.40,0.55,0.60,0.38,0.45,0.75,0.80,0.75,0.63,0.45,0.76,0.35,0.60,0.70,0.85,0.60,0.50,0.63,0.30,0.55,0.53,0.47,0.50,0.65,0.68,0.70,0.40,0.37,0.54,0.50,0.20,,,,,,,,,,,,,,,,,,,,,,,,,,,,,,0.43,0.30,0.60,0.40,0.50,0.95,0.75,0.65,0.93,0.50,0.40,0.50,0.45,0.40,,0.25,0.55,0.60,1.47,0.45,0.75,0.27,,0.55,0.40,0.30,0.30,0.47,0.23,0.17,0.17,0.42,0.30,0.30,0.25,0.35,0.70,0.28,0.16,0.35,0.63,0.53,0.45,0.40,0.38,0.20,0.25,0.17,0.53,0.17,0.37,1.57,0.30,0.40,0.60,0.60,0.63,0.68,0.50,0.46,0.65,1.00,0.83,0.60,0.50,0.38,0.35,0.40,0.42,0.50,0.33,0.15,0.30,0.80,0.82,0.53,0.58,0.50,0.50,1.00,0.63,0.55,0.78,0.60,0.90,0.80,0.77,0.60,0.55,0.35,0.35,0.60,0.57,0.60,0.50,0.55,0.55,0.90,0.45,0.70,0.63,0.60,0.47,0.73,0.65,0.47,0.42,0.60,0.75,0.30,0.40,,0.30,0.60,0.50,0.67,0.50,0.55,0.45,0.50,,0.35,0.45,0.50,0.55,0.70,0.50,0.60,0.10,0.25,0.50,0.40,0.50,0.60,0.50,0.50,0.25,0.35,0.40,,0.30,0.45,0.47,0.50,0.50,0.85,0.35,0.55,0.40,0.40,0.80,,0.60,,0.45,,0.35,0.90,0.50,0.50,0.50,0.30,0.30,,0.47,0.50,0.35,0.55,0.20,0.35,0.70,0.65,0.20,0.40,0.35,0.50,0.60,0.30,0.50,0.20,,,,0.40,,
20260624,10,CO_24h,0.59,0.63,0.46,0.69,0.30,0.38,0.43,0.33,0.40,0.58,0.45,0.45,0.42,0.78,0.30,0.71,0.53,0.55,0.47,0.37,0.33,0.47,0.42,0.36,0.30,0.50,0.63,0.44,0.32,0.42,0.76,0.38,0.47,0.59,0.49,0.43,0.56,0.45,0.68,0.47,0.65,0.67,0.50,0.50,0.49,0.48,0.43,0.77,0.43,0.41,0.42,0.50,0.59,0.52,0.54,0.63,0.53,0.40,0.53,0.50,0.55,0.50,0.59,0.40,0.57,0.50,0.63,0.42,0.25,0.51,0.57,0.60,0.68,0.28,0.40,0.63,0.27,0.46,0.52,0.50,0.33,0.55,0.43,0.30,0.56,0.40,0.52,0.33,0.32,0.32,0.35,0.33,0.35,0.46,0.33,0.50,0.57,0.57,0.47,0.60,0.55,0.55,0.60,0.47,0.50,0.40,0.43,0.65,0.30,0.20,0.60,0.58,0.75,0.88,0.62,0.80,0.65,0.64,0.60,0.42,0.38,0.30,0.48,0.42,0.47,0.52,0.48,0.43,0.47,0.40,0.53,0.53,0.38,0.47,0.67,0.82,0.75,0.50,0.40,0.66,0.40,0.63,0.65,0.53,0.53,0.50,0.60,0.30,0.53,0.45,0.43,0.50,0.50,0.58,0.50,0.40,0.50,0.58,0.36,0.20,,,,,,,,,,,,,,,,,,,,,,,,,,,,,,0.43,0.40,0.55,0.47,0.33,0.65,0.70,0.63,0.50,0.37,0.40,0.30,0.45,0.38,,0.15,0.45,0.58,0.67,0.35,0.73,0.37,0.50,0.50,0.40,0.40,0.35,0.37,0.27,0.23,0.27,0.45,0.25,0.27,0.25,0.30,0.30,0.32,0.20,0.35,0.60,0.55,0.55,0.30,0.46,0.17,0.25,0.23,0.53,0.33,0.43,0.80,0.30,0.40,0.65,0.60,0.83,0.70,0.50,0.44,0.30,1.02,0.80,0.60,0.44,0.43,0.35,0.47,0.42,0.52,0.37,0.20,0.33,0.87,0.80,0.53,0.65,0.60,0.57,0.90,0.63,0.50,0.85,0.60,0.90,0.70,0.70,0.50,0.55,0.30,0.35,0.60,0.50,0.63,0.40,0.40,0.43,0.90,0.50,0.60,0.60,0.55,0.50,0.65,0.60,0.42,0.35,0.60,0.65,0.30,0.40,,0.20,0.45,0.43,0.57,0.40,0.50,0.45,0.50,,0.45,0.40,0.40,0.55,0.65,0.45,0.50,0.10,0.15,0.55,0.40,0.35,0.55,0.50,0.40,0.25,0.35,0.40,,0.30,0.35,0.47,0.40,0.60,0.85,0.30,0.40,0.40,0.35,0.65,,0.50,,0.45,,0.30,0.50,0.40,0.80,0.40,0.30,0.20,0.30,0.57,0.35,0.35,0.45,0.15,0.20,0.40,0.55,0.30,0.30,0.25,0.45,0.60,0.20,0.40,0.20,,,,0.40,,
20260624,11,AQI,51,54,63,51,36,46,60,25,37,48,45,47,48,59,28,44,32,37,33,22,20,21,22,30,28,25,19,18,22,23,26,27,28,19,16,34,17,24,24,29,16,36,66,28,23,29,56,39,38,29,37,20,18,35,26,26,37,35,36,34,32,41,29,26,22,19,14,18,40,43,32,33,38,47,16,16,25,50,32,42,38,33,44,32,46,38,46,46,32,36,36,36,43,30,43,48,35,34,36,28,26,31,44,33,45,54,31,42,21,32,28,45,43,57,31,42,48,36,44,36,36,25,38,23,22,20,39,43,37,40,32,34,23,31,17,25,24,13,38,23,29,22,25,27,11,14,19,18,13,21,52,35,42,46,58,58,88,36,57,69,,,,,,,,,,,,,,,,,,,,,,,,,,,,,,24,26,44,42,51,53,38,43,49,48,43,38,32,28,,25,40,39,45,41,39,42,47,33,33,37,31,22,33,39,32,39,43,40,26,40,19,25,25,27,22,20,18,24,24,25,21,28,19,22,39,40,26,33,24,12,27,18,23,27,19,23,23,44,45,41,37,37,27,30,27,25,20,23,43,19,26,21,19,21,24,16,17,24,41,23,18,12,14,11,42,22,35,32,33,31,21,14,25,35,28,10,10,17,27,13,12,15,15,11,26,,13,34,10,14,16,13,23,12,,6,30,23,17,27,28,44,19,20,22,18,27,15,27,17,38,35,38,,45,20,23,42,15,26,32,38,56,163,55,,39,,22,,30,36,39,35,35,30,33,33,38,28,39,57,25,46,58,170,90,98,60,35,69,43,48,54,,,,20,,
20260624,11,PM2.5,33,30,45,36,22,15,43,9,25,26,28,24,20,34,4,22,13,9,10,3,4,3,3,7,18,3,3,3,6,4,13,11,16,3,4,15,5,4,3,10,10,23,48,13,3,11,36,16,8,13,22,8,9,20,14,15,19,17,14,17,18,27,20,13,7,7,4,9,5,30,12,11,12,17,8,6,6,5,9,23,11,16,30,9,12,5,24,18,11,20,3,6,18,4,11,8,22,15,25,11,14,17,31,20,27,18,12,17,4,6,9,23,12,32,12,18,20,7,28,7,17,9,20,7,10,10,22,19,18,21,22,16,7,22,8,17,13,3,11,6,13,4,16,9,4,3,10,6,6,10,35,24,14,32,41,21,37,9,18,17,,,,,,,,,,,,,,,,,,,,,,,,,,,,,,11,14,29,7,21,34,13,30,12,5,21,18,3,5,,6,11,22,14,29,26,10,14,9,8,5,10,11,18,6,5,14,11,10,8,14,6,3,7,12,5,9,3,9,13,10,4,3,4,8,14,19,10,18,11,3,11,3,10,16,5,10,7,31,28,16,13,19,11,16,9,11,5,15,23,4,11,,3,3,5,6,9,17,29,16,6,8,3,8,19,14,15,15,23,21,14,3,3,19,3,3,4,9,8,8,3,3,7,8,11,,3,24,3,10,3,3,16,6,,3,21,16,3,3,14,31,6,5,12,3,5,3,5,3,3,3,3,,5,3,7,13,,12,10,13,27,72,26,,19,,9,,7,19,6,12,23,3,3,6,16,17,27,18,9,15,3,68,33,23,3,5,26,14,8,16,,,,7,,
20260624,11,PM2.5_24h,37,29,26,28,21,20,40,14,16,38,34,27,21,28,6,19,13,23,18,8,4,3,,7,12,5,2,5,6,3,8,6,11,14,15,19,18,6,10,16,17,24,24,10,3,19,22,9,13,7,20,8,7,17,12,15,19,14,17,15,14,17,15,14,8,12,6,7,6,11,15,15,20,16,8,8,9,13,22,14,20,27,24,9,27,14,18,12,7,10,5,5,16,5,14,8,18,14,16,17,19,13,19,17,20,19,14,16,4,9,14,22,17,28,18,22,22,16,31,19,15,11,23,7,9,5,25,21,20,21,21,24,8,19,4,16,11,10,11,15,12,6,11,5,4,4,4,4,6,8,22,19,14,19,16,25,67,12,27,6,,,,,,,,,,,,,,,,,,,,,,,,,,,,,,14,11,25,17,18,29,16,24,15,9,16,14,8,7,,5,9,17,20,19,18,20,18,11,7,24,11,9,12,13,14,11,15,9,8,14,10,4,4,7,4,5,2,11,8,9,4,6,6,7,23,13,10,17,15,5,17,21,14,13,8,16,8,15,28,18,15,17,19,17,15,18,3,16,22,3,20,5,5,4,11,6,9,14,13,11,12,7,9,8,19,13,12,18,19,20,14,4,18,14,3,1,8,13,12,7,2,15,3,6,8,,3,12,8,13,3,10,13,7,,4,11,10,4,11,11,5,8,7,10,5,6,9,6,4,4,2,10,,3,5,3,13,6,8,13,11,27,28,13,,16,,8,,12,15,11,11,12,6,3,7,23,12,10,15,17,19,18,50,32,24,15,12,47,11,12,19,,,,8,,
20260624,11,PM10,52,58,76,49,36,27,69,10,37,48,36,45,40,68,9,36,18,13,26,6,16,6,6,17,28,13,10,10,10,8,22,18,24,6,12,28,9,6,6,21,14,36,73,28,8,29,62,39,27,21,37,20,18,35,26,26,37,35,36,25,32,41,28,24,22,15,14,18,12,42,24,30,38,47,14,11,19,50,21,42,38,17,44,25,39,23,41,32,27,34,25,27,43,13,21,28,35,34,36,28,26,31,40,33,45,57,31,42,11,14,25,38,42,63,26,42,48,21,44,14,33,18,31,11,20,15,38,23,37,33,32,30,23,30,17,22,18,9,38,23,29,16,25,27,11,14,18,18,13,21,53,33,42,41,48,66,126,31,63,88,,,,,,,,,,,,,,,,,,,,,,,,,,,,,,18,26,44,32,52,55,26,32,49,48,37,26,32,17,,11,39,31,45,39,39,19,47,23,25,12,14,22,23,17,25,14,24,40,19,27,13,13,17,10,14,14,9,14,24,16,6,12,7,10,39,40,18,33,24,12,27,18,23,27,19,23,23,38,45,41,27,37,20,30,19,25,18,19,43,17,20,,12,8,19,16,17,21,35,19,10,12,13,11,42,22,35,32,31,31,21,6,25,29,12,7,10,17,27,13,12,6,15,11,26,,9,,7,9,11,11,20,,,6,,22,13,27,28,,12,19,22,9,27,9,11,13,15,15,18,,17,9,14,32,,20,17,38,62,276,59,,30,,22,,30,29,39,22,25,18,11,29,25,28,18,64,,46,65,290,130,146,70,35,88,43,48,58,,,,20,,
20260624,11,PM10_24h,57,57,46,52,46,29,67,22,31,59,51,55,44,42,9,32,18,29,40,8,12,5,4,15,24,15,6,10,11,10,14,15,20,17,24,33,24,7,10,33,27,41,34,22,8,32,40,7,40,13,31,14,13,30,28,24,27,24,33,28,27,29,28,23,20,16,18,15,12,22,32,25,57,49,13,15,17,47,43,29,26,36,39,16,50,37,42,31,22,20,22,24,34,11,18,28,30,26,26,31,27,25,30,26,36,38,26,29,11,24,32,29,43,53,25,43,28,26,34,31,30,24,40,8,14,10,37,34,33,35,37,38,18,27,11,16,12,20,30,25,23,12,17,19,14,14,9,11,16,18,37,29,29,31,36,60,194,40,49,36,,,,,,,,,,,,,,,,,,,,,,,,,,,,,,24,21,43,34,46,44,26,35,58,42,30,28,32,21,,10,33,24,34,28,27,26,26,20,28,28,17,14,30,28,26,29,26,22,17,31,16,15,11,18,13,7,9,7,21,22,5,12,10,9,38,23,19,26,28,10,24,41,22,27,26,29,25,28,39,37,28,25,26,30,24,35,16,28,31,12,27,13,9,8,22,16,15,15,20,15,18,13,16,11,43,34,31,32,28,34,23,14,27,27,17,6,10,18,24,11,11,21,9,12,20,,8,16,15,17,12,20,20,6,,3,12,23,10,25,17,8,12,14,29,8,17,15,14,8,10,12,22,,12,8,9,25,17,14,30,23,49,77,38,,29,,26,,36,27,25,22,23,20,10,14,51,28,15,41,17,50,47,134,106,84,88,28,79,31,52,73,,,,19,,
20260624,11,SO2,6,8,2,6,5,5,4,4,3,5,7,7,5,21,8,8,7,5,5,6,4,6,4,6,8,6,5,7,5,9,7,7,6,6,5,5,7,5,5,5,6,2,5,5,7,5,3,7,7,6,4,4,18,6,5,6,5,6,4,2,5,9,4,5,8,5,4,6,6,6,10,27,8,5,4,6,10,9,7,9,9,9,2,11,12,8,12,13,14,8,4,5,9,8,4,10,10,6,7,6,7,6,5,5,3,8,3,4,5,4,8,13,8,15,9,10,12,10,11,6,4,7,6,5,5,4,12,3,8,11,7,10,7,7,3,7,8,6,3,6,2,8,10,15,4,9,4,6,2,7,8,6,7,8,9,19,5,13,7,3,,,,,,,,,,,,,,,,,,,,,,,,,,,,,,5,4,6,4,12,14,5,8,5,16,9,5,11,6,,6,12,11,13,12,7,5,7,9,11,1,5,7,9,6,7,5,5,9,6,10,7,6,7,6,8,4,4,8,4,6,5,4,4,7,3,16,4,4,6,4,10,4,6,4,8,4,8,14,8,7,6,4,6,6,4,5,4,8,7,5,8,4,5,7,4,5,6,4,5,5,6,7,4,3,8,5,3,7,4,16,13,3,6,7,4,9,9,5,8,6,5,7,8,5,4,,7,11,4,11,3,6,4,4,,5,6,8,8,7,6,,4,4,9,5,6,5,9,7,7,7,4,,5,3,4,9,6,8,6,5,13,6,11,,4,,8,,5,16,9,10,13,13,7,21,10,6,7,7,5,8,5,3,7,2,4,7,4,7,6,2,,,,3,,
20260624,11,SO2_24h,4,8,2,9,6,5,4,4,3,3,9,6,4,12,8,7,7,6,6,6,5,6,4,5,8,6,5,7,5,9,7,7,6,6,6,5,6,5,5,5,6,2,4,6,7,5,3,7,6,6,4,4,5,6,5,6,5,6,4,3,5,8,4,5,8,4,6,6,6,5,9,16,8,5,5,6,8,9,7,6,7,16,3,8,11,9,11,9,11,5,5,5,7,7,3,10,8,6,8,5,8,6,5,5,5,10,4,7,5,5,9,11,7,12,15,9,11,8,8,6,4,6,6,5,6,3,11,3,8,9,5,9,7,8,4,7,8,5,3,6,2,8,10,11,4,10,4,6,3,3,6,6,3,7,8,23,12,15,7,4,,,,,,,,,,,,,,,,,,,,,,,,,,,,,,5,3,6,4,7,11,5,7,5,11,8,5,11,9,,6,11,8,10,11,7,6,7,11,11,1,4,7,10,6,8,5,4,9,7,10,7,6,7,4,8,4,4,8,5,5,5,4,5,6,5,9,4,5,6,4,12,5,5,4,11,5,5,10,7,7,6,3,6,6,5,5,4,8,7,5,7,4,5,7,3,5,6,10,4,5,7,6,5,3,8,6,4,7,5,11,11,3,7,4,5,9,9,4,7,6,5,7,7,5,3,,6,9,4,10,3,6,4,4,,5,6,8,9,6,7,2,4,2,8,5,5,5,9,7,6,9,4,,5,4,4,23,5,7,24,9,11,8,10,,5,,8,,4,9,7,10,12,13,7,19,10,7,7,7,6,8,5,4,7,3,4,7,4,7,6,5,,,,3,,
20260624,11,NO2,11,20,11,13,18,6,11,7,10,10,7,10,6,22,5,13,5,7,16,13,10,15,5,7,8,4,15,15,12,3,7,5,11,15,17,7,18,9,14,6,14,18,14,6,6,12,17,8,10,17,13,13,7,11,10,3,9,3,6,10,7,7,7,5,13,10,10,9,8,15,12,15,12,14,4,11,13,16,8,10,10,9,10,11,10,3,12,12,11,12,10,5,11,8,9,13,11,6,10,5,6,3,11,4,10,8,4,5,5,8,7,6,12,18,9,12,14,9,18,9,9,10,7,8,7,11,9,3,10,7,13,6,18,10,8,5,8,6,4,12,5,6,15,9,11,4,7,10,7,9,11,10,5,11,8,11,4,12,21,5,,,,,,,,,,,,,,,,,,,,,,,,,,,,,,4,5,12,11,12,10,4,9,10,17,12,10,6,4,,7,5,10,11,12,8,7,8,6,7,4,5,12,9,5,4,6,7,9,8,12,2,6,6,4,7,6,5,5,7,2,6,3,9,5,9,15,4,3,14,5,8,14,8,11,10,11,4,13,6,7,8,6,10,3,7,12,5,9,20,11,7,,6,6,5,6,9,9,10,11,5,9,7,7,11,7,8,10,9,15,13,5,5,11,9,10,8,23,24,7,12,6,15,6,10,,15,17,19,7,10,11,8,6,,7,8,19,7,5,9,,4,7,5,6,8,8,8,8,5,3,5,,1,8,6,10,,7,9,23,16,7,11,,7,,8,,17,10,3,2,5,2,8,,8,11,6,11,10,13,10,3,11,15,9,12,7,7,13,18,,,,3,,
20260624,11,NO2_24h,18,19,8,14,15,10,14,8,12,20,17,20,9,17,7,17,8,24,23,17,11,16,5,8,11,4,15,16,12,3,7,4,9,17,21,11,19,9,15,17,21,24,19,8,8,9,17,7,14,11,16,12,7,15,9,3,13,4,10,11,10,9,8,8,14,10,11,8,8,11,17,16,20,9,6,11,13,28,14,13,16,28,12,11,17,10,19,13,12,12,12,6,10,9,11,16,12,7,11,7,10,4,12,4,14,12,5,8,6,12,14,7,13,17,18,15,18,15,20,18,12,12,10,10,6,15,12,9,17,9,21,9,13,9,7,5,9,7,4,13,7,7,12,9,14,5,6,8,8,9,14,13,14,10,12,18,11,16,7,6,,,,,,,,,,,,,,,,,,,,,,,,,,,,,,7,8,15,12,15,11,5,11,24,10,12,11,8,9,,8,7,16,14,18,16,24,20,10,12,8,10,9,14,12,10,8,15,12,11,21,5,9,7,5,10,6,6,5,10,3,6,8,13,6,11,10,5,7,10,5,12,12,5,9,7,11,3,12,11,12,12,11,18,8,8,15,5,11,16,10,9,6,5,6,6,5,6,5,8,8,6,6,10,6,25,8,8,15,10,11,10,9,10,12,11,8,8,10,15,6,17,9,9,4,6,,13,10,12,7,6,9,7,6,,6,6,12,6,7,7,4,6,9,5,7,6,9,7,7,3,4,9,,3,5,6,14,9,11,14,12,17,11,18,,8,,9,,21,9,5,2,6,2,10,2,23,13,8,9,10,8,8,8,10,14,7,11,3,7,8,6,,,,4,,
20260624,11,O3,129,83,159,74,92,148,137,81,112,105,143,151,155,150,88,142,102,118,106,70,65,67,69,96,89,79,60,59,70,72,82,85,91,60,51,109,53,78,76,92,50,65,71,82,73,71,137,59,123,93,114,62,56,100,76,79,99,91,87,108,95,92,75,82,37,60,26,59,128,92,103,105,98,91,50,50,80,84,102,92,108,104,104,103,147,123,148,146,102,115,115,114,116,96,136,152,103,86,88,79,72,83,91,87,98,87,68,92,67,103,89,145,136,122,100,132,153,115,81,116,115,81,121,75,69,65,126,137,103,128,86,110,35,72,52,79,77,40,81,52,75,69,42,71,22,46,62,29,32,44,121,113,110,74,107,107,120,114,73,92,,,,,,,,,,,,,,,,,,,,,,,,,,,,,,78,84,127,135,107,153,123,130,137,107,136,120,83,90,,79,128,125,132,120,111,135,134,107,105,118,99,64,105,126,101,126,138,105,83,128,61,79,79,86,69,63,56,77,72,80,66,90,62,70,85,107,83,100,64,34,40,53,54,82,56,38,52,50,129,129,119,78,85,92,86,66,63,72,51,62,84,66,61,68,78,38,46,40,58,33,57,39,44,30,77,66,75,58,77,48,68,45,66,112,90,33,27,35,36,43,38,48,34,36,20,,42,29,26,37,50,42,42,38,,19,60,48,53,48,49,51,60,65,46,57,40,47,85,54,120,112,120,,145,64,74,135,49,84,103,67,88,109,102,,125,,40,,85,116,126,112,113,96,107,104,122,87,106,102,81,85,88,103,88,91,114,88,63,92,97,67,,,,61,,
20260624,11,O3_24h,129,83,159,74,92,148,137,81,112,105,143,151,155,150,88,142,102,118,106,70,65,67,69,96,89,79,60,59,70,72,82,85,91,60,51,109,53,78,76,92,50,65,71,82,73,71,137,59,123,93,114,62,56,100,76,79,99,91,87,108,95,92,75,82,37,60,26,59,128,92,103,105,98,91,50,50,80,84,102,92,108,104,104,103,147,123,148,146,102,115,115,114,116,96,136,152,103,86,88,79,72,83,91,87,98,87,68,92,67,103,89,145,136,122,100,132,153,115,81,116,115,81,121,75,69,65,126,137,103,128,86,110,35,72,52,79,77,40,81,52,75,69,42,71,22,46,62,29,32,44,121,113,110,74,107,107,120,114,73,92,,,,,,,,,,,,,,,,,,,,,,,,,,,,,,78,84,127,135,107,153,123,130,137,107,136,120,83,90,,79,128,125,132,120,111,135,134,107,105,118,99,64,105,126,101,126,138,105,83,128,61,79,79,86,69,63,56,77,72,80,66,90,62,70,85,107,83,100,64,34,40,53,54,82,56,38,52,50,129,129,119,78,85,92,86,66,63,72,51,62,84,66,61,68,78,38,46,40,58,33,57,39,44,30,77,66,75,58,77,48,68,45,66,112,90,33,27,35,36,43,38,48,34,36,20,,42,29,26,37,50,42,42,38,,19,60,48,53,48,49,51,60,65,46,57,40,47,85,54,120,112,120,,145,64,74,135,49,84,103,67,88,109,102,,125,,40,,85,116,126,112,113,96,107,104,122,87,106,102,81,85,88,103,88,91,114,88,63,92,97,67,,,,61,,
20260624,11,O3_8h,78,72,112,64,66,100,102,54,56,75,87,102,105,90,69,76,74,74,91,68,65,77,88,89,66,73,74,73,72,74,69,77,72,48,54,65,45,77,71,45,27,32,33,32,66,64,66,63,86,78,64,52,56,53,53,70,56,64,50,63,47,47,53,54,28,50,32,43,118,54,77,58,63,90,46,50,57,55,72,43,73,43,62,75,122,89,74,94,84,72,81,84,74,81,94,85,58,55,53,66,56,62,38,76,57,50,45,54,50,72,62,104,89,70,59,86,74,59,45,92,85,41,92,63,61,63,73,88,72,91,43,90,31,62,56,72,36,37,72,18,79,46,37,42,26,41,52,28,35,33,65,62,39,27,53,59,110,77,88,80,,,,,,,,,,,,,,,,,,,,,,,,,,,,,,60,63,51,82,58,95,123,70,67,80,104,71,62,71,,53,125,64,82,54,55,73,84,50,52,92,71,37,50,74,73,50,79,60,64,98,30,71,71,76,62,61,51,71,62,74,64,66,55,59,71,48,49,46,45,37,32,52,49,43,44,29,56,31,81,76,90,49,56,70,65,41,46,33,36,45,76,54,42,55,63,31,44,41,59,43,42,46,27,20,28,48,57,33,44,42,43,33,28,42,76,36,29,63,50,40,31,44,41,43,31,,31,31,37,41,55,39,35,38,,12,43,50,44,31,36,44,42,29,22,42,40,24,62,30,120,109,97,,136,63,64,96,41,70,77,47,56,117,38,,116,,40,,38,73,73,112,99,93,62,110,55,65,68,80,78,97,71,94,75,73,101,85,57,108,101,83,,,,56,,
20260624,11,O3_8h_24h,78,64,111,61,58,100,101,54,56,73,86,102,105,90,69,76,74,74,87,67,64,73,76,89,66,73,70,69,69,72,69,77,72,48,50,65,42,77,71,45,27,32,33,32,66,59,66,59,86,78,63,52,55,53,53,70,56,64,50,63,47,47,52,54,27,49,30,43,118,53,76,58,63,82,45,49,56,55,72,43,73,43,62,75,97,89,74,94,84,72,81,84,74,75,94,85,57,55,53,66,56,62,38,76,57,50,44,54,50,72,62,104,89,69,59,86,74,59,42,92,85,41,92,63,61,58,73,88,72,91,43,90,26,61,53,72,36,37,71,18,74,46,37,42,24,40,51,27,33,32,65,62,39,27,53,59,110,77,70,79,,,,,,,,,,,,,,,,,,,,,,,,,,,,,,60,63,51,82,58,95,119,70,67,76,104,71,62,71,,53,120,64,82,54,55,73,,50,52,92,71,37,50,74,73,50,79,60,64,98,30,70,71,76,60,58,48,71,61,74,64,66,54,59,70,48,49,46,41,37,32,51,49,43,43,27,53,30,81,76,90,49,56,70,65,39,46,33,34,45,73,54,42,55,61,29,43,39,58,35,42,45,27,20,28,46,55,33,44,42,42,33,28,42,74,34,26,53,42,40,30,39,36,38,20,,27,24,33,41,51,39,35,37,,10,43,49,44,31,36,44,42,29,22,42,37,24,62,30,111,104,97,,136,58,64,96,41,70,77,42,56,84,38,,116,,37,,38,73,73,107,97,93,62,108,55,62,68,76,77,92,69,94,69,67,101,80,49,92,94,74,,,,56,,
20260624,11,CO,0.74,0.72,0.56,0.62,0.25,0.33,0.53,0.27,0.50,0.70,0.35,0.38,0.50,1.32,0.30,0.82,0.61,0.36,0.42,0.38,0.30,0.50,0.40,0.35,0.32,0.50,0.68,0.41,0.34,0.42,0.60,0.46,0.40,0.52,0.46,0.50,0.51,0.53,0.65,0.40,0.60,0.67,0.60,0.50,0.47,0.50,0.50,0.75,0.49,0.44,0.50,0.49,0.60,0.55,0.59,0.63,0.53,0.40,0.50,0.53,0.55,0.47,0.64,0.45,0.60,0.48,0.67,0.45,0.30,0.59,0.50,0.65,0.45,0.38,0.45,0.72,0.43,0.42,0.56,0.60,0.30,0.43,0.40,0.45,0.48,0.30,0.60,0.44,0.34,0.42,0.52,0.33,0.47,0.50,0.33,0.52,0.70,0.57,0.40,0.67,0.55,0.60,0.60,0.57,0.50,0.50,0.40,0.65,0.40,0.10,0.49,0.60,0.63,1.08,0.48,0.98,0.72,0.88,0.64,0.36,0.40,0.33,0.42,0.35,0.43,0.52,0.40,0.50,0.43,0.40,0.57,0.55,0.35,0.45,0.70,0.80,0.70,0.63,0.45,0.64,0.30,0.63,0.65,0.73,0.60,0.47,0.63,0.30,0.50,0.55,0.47,0.50,0.60,0.66,0.70,0.50,0.35,0.52,0.42,0.20,,,,,,,,,,,,,,,,,,,,,,,,,,,,,,0.43,0.30,0.55,0.37,0.50,0.85,0.60,0.70,0.60,0.57,0.45,0.50,0.50,0.33,,0.20,0.55,0.55,1.00,0.50,0.73,0.27,0.50,0.50,0.30,0.30,0.30,0.25,0.20,0.17,0.20,0.50,0.25,0.33,0.25,0.35,0.40,0.27,0.17,0.35,0.47,0.55,0.50,0.30,0.35,0.17,0.25,0.17,0.45,0.20,0.37,1.80,0.30,0.35,0.55,0.63,0.53,0.65,0.55,0.46,0.65,1.05,0.83,0.65,0.44,0.40,0.35,0.35,0.38,0.45,0.37,0.17,0.30,0.80,0.80,0.70,0.60,,0.50,1.00,0.57,0.55,0.97,0.60,0.90,0.80,0.73,0.55,0.50,0.35,0.25,0.60,0.57,0.67,0.45,0.55,0.47,0.90,0.30,0.70,0.63,0.55,0.47,0.72,0.70,0.47,0.40,0.60,0.75,0.30,0.40,,0.25,0.65,0.53,0.60,0.45,0.55,0.45,0.50,,0.35,0.40,0.60,0.55,0.70,0.45,0.50,0.10,0.20,0.50,0.40,0.40,0.70,0.50,0.50,0.25,0.35,0.30,,0.30,0.40,0.47,0.43,,0.85,0.35,0.55,0.40,0.40,0.50,,0.55,,0.45,,0.35,0.60,0.50,0.50,0.50,0.30,0.30,0.50,0.47,0.40,0.35,0.50,0.35,0.30,0.45,0.55,0.30,0.20,0.35,0.45,0.70,0.20,0.50,0.30,,,,0.35,,
20260624,11,CO_24h,0.61,0.63,0.44,0.68,0.30,0.38,0.44,0.33,0.40,0.60,0.45,0.45,0.42,0.80,0.30,0.71,0.54,0.54,0.47,0.37,0.33,0.47,0.42,0.36,0.30,0.50,0.64,0.44,0.32,0.42,0.76,0.38,0.47,0.59,0.49,0.43,0.56,0.45,0.68,0.43,0.65,0.67,0.50,0.50,0.49,0.48,0.45,0.77,0.44,0.41,0.42,0.50,0.59,0.54,0.55,0.63,0.53,0.40,0.53,0.50,0.55,0.50,0.59,0.40,0.57,0.49,0.63,0.43,0.27,0.51,0.57,0.50,0.68,0.28,0.38,0.65,0.27,0.46,0.52,0.50,0.33,0.55,0.43,0.30,0.54,0.40,0.52,0.32,0.30,0.35,0.37,0.33,0.35,0.46,0.33,0.50,0.57,0.57,0.47,0.60,0.55,0.55,0.60,0.50,0.50,0.40,0.40,0.65,0.30,0.20,0.60,0.58,0.75,0.88,0.62,0.80,0.67,0.64,0.60,0.42,0.40,0.30,0.48,0.42,0.47,0.52,0.48,0.45,0.45,0.40,0.53,0.53,0.38,0.47,0.67,0.82,0.75,0.53,0.40,0.66,0.40,0.63,0.65,0.53,0.53,0.50,0.60,0.30,0.53,0.45,0.47,0.50,0.50,0.58,0.50,0.40,0.50,0.58,0.36,0.20,,,,,,,,,,,,,,,,,,,,,,,,,,,,,,0.43,0.40,0.55,0.47,0.33,0.65,0.70,0.63,0.50,0.40,0.40,0.30,0.45,0.38,,0.15,0.45,0.58,0.67,0.35,0.73,0.37,0.50,0.50,0.35,0.40,0.35,0.37,0.27,0.23,0.27,0.45,0.25,0.27,0.25,0.35,0.35,0.32,0.20,0.35,0.60,0.55,0.55,0.30,0.44,0.17,0.25,0.23,0.55,0.33,0.43,0.80,0.30,0.40,0.60,0.60,0.83,0.70,0.50,0.44,0.30,1.02,0.80,0.60,0.44,0.43,0.35,0.45,0.42,0.52,0.37,0.20,0.33,0.87,0.80,0.53,0.65,0.60,0.53,0.90,0.63,0.50,0.85,0.60,0.90,0.70,0.70,0.50,0.55,0.30,0.35,0.60,0.50,0.63,0.40,0.40,0.43,0.90,0.50,0.60,0.60,0.55,0.50,0.65,0.60,0.42,0.35,0.60,0.65,0.30,0.40,,0.20,0.45,0.43,0.57,0.40,0.50,0.45,0.50,,0.45,0.40,0.40,0.55,0.65,0.45,0.50,0.10,0.15,0.55,0.40,0.35,0.55,0.50,0.40,0.25,0.35,0.40,,0.30,0.35,0.47,0.40,0.60,0.85,0.30,0.40,0.40,0.35,0.65,,0.50,,0.45,,0.30,0.50,0.40,0.70,0.40,0.30,0.20,0.30,0.57,0.35,0.35,0.45,0.15,0.25,0.40,0.55,0.30,0.30,0.25,0.45,0.60,0.20,0.40,0.20,,,,0.40,,
20260624,12,AQI,48,56,75,33,38,48,58,27,40,53,51,61,56,73,29,49,33,40,37,23,22,21,22,30,31,24,20,21,23,23,26,27,33,20,18,37,21,26,24,32,18,40,65,26,23,31,59,23,44,32,42,23,18,39,28,27,35,35,33,39,36,39,34,27,20,20,14,20,42,46,38,42,38,50,18,17,29,54,33,43,39,32,44,38,63,42,65,69,35,41,40,40,43,31,40,60,40,31,47,28,29,39,41,32,44,50,32,44,21,34,30,47,48,54,30,51,53,39,34,37,43,31,38,25,22,23,43,45,38,43,34,36,21,29,19,25,26,13,35,18,30,26,28,26,10,15,23,15,12,18,50,37,36,42,46,53,75,42,51,82,,,,,,,,,,,,,,,,,,,,,,,,,,,,,,28,28,41,42,50,70,38,47,49,41,43,42,31,29,,25,40,41,44,44,39,46,47,33,33,39,33,28,38,41,35,43,40,39,25,41,21,25,26,29,25,23,19,24,27,28,20,30,21,25,40,35,28,31,37,12,30,18,21,35,22,28,21,50,42,44,40,33,29,31,28,30,20,31,43,23,27,23,23,22,27,15,17,24,41,26,21,11,17,16,39,34,40,35,33,41,28,16,21,45,28,12,14,16,30,15,15,20,16,13,17,,20,37,11,13,18,16,26,13,,7,66,29,18,27,19,17,22,24,28,19,18,17,28,23,40,37,39,,45,24,26,47,20,33,36,24,54,152,43,,39,,25,,30,43,44,39,38,31,32,29,43,35,37,45,28,42,46,170,81,89,52,32,43,33,49,53,,,,20,,
20260624,12,PM2.5,31,34,42,23,9,11,39,7,23,29,32,21,11,31,6,20,12,8,8,4,3,4,5,7,18,3,4,4,7,5,15,10,17,3,4,15,5,4,3,11,8,27,47,11,3,17,38,16,8,14,23,9,12,22,15,15,19,18,14,16,19,26,19,11,8,8,6,8,4,31,14,15,13,23,10,8,7,8,10,20,13,16,31,10,10,4,21,21,7,20,3,3,12,4,9,8,28,15,32,11,14,17,27,15,25,17,11,14,4,3,4,14,15,34,11,23,18,8,18,8,16,10,19,7,9,10,23,15,20,21,22,20,7,20,5,17,12,3,11,3,13,3,19,8,4,3,7,9,3,10,32,26,9,28,24,19,35,20,21,23,,,,,,,,,,,,,,,,,,,,,,,,,,,,,,13,13,24,3,19,31,10,27,14,8,23,20,7,4,,2,7,20,13,20,20,8,6,10,5,5,6,8,15,11,7,15,15,11,14,18,6,3,4,7,4,10,3,9,11,10,4,3,4,10,13,16,8,18,13,3,11,3,8,18,6,12,9,35,21,17,5,18,19,12,10,16,3,17,25,5,9,3,3,3,4,6,11,17,29,18,4,5,3,11,20,14,20,23,23,21,16,3,3,19,3,3,3,8,11,9,3,3,5,8,10,,3,26,3,9,3,9,18,5,,3,8,20,5,7,10,,13,7,18,3,6,3,3,3,3,3,8,,3,3,8,11,,11,12,7,27,69,22,,12,,6,,5,13,10,13,26,6,3,7,7,9,6,12,10,23,5,88,33,40,5,9,25,18,13,16,,,,8,,
20260624,12,PM2.5_24h,37,30,27,28,21,20,41,13,17,38,35,28,21,28,6,20,13,23,18,8,4,3,,7,12,5,2,5,6,4,8,6,12,14,15,19,18,6,10,16,17,24,25,10,3,18,23,9,13,7,20,8,8,17,13,15,20,14,17,15,14,18,15,14,8,12,6,7,6,11,15,15,20,16,8,8,8,12,22,14,20,27,23,10,27,14,18,11,7,11,5,5,16,5,14,7,19,14,16,17,19,13,19,17,20,19,14,16,4,9,14,21,16,29,18,22,23,16,31,19,15,11,24,7,9,5,25,21,20,21,21,24,7,19,4,16,12,10,10,14,12,5,11,5,4,4,4,4,6,8,23,20,14,19,16,25,67,13,27,7,,,,,,,,,,,,,,,,,,,,,,,,,,,,,,14,11,25,17,19,29,16,24,15,9,16,15,8,7,,5,9,17,20,19,18,20,18,11,7,23,10,9,12,13,13,12,15,10,9,14,9,4,4,7,5,5,2,11,8,9,4,6,7,7,23,13,10,18,14,5,16,19,13,12,7,15,8,16,28,18,15,17,19,17,15,17,3,16,22,3,19,5,5,4,11,6,9,15,14,11,11,6,9,8,19,13,13,19,19,20,14,4,17,15,3,2,7,13,12,7,2,14,3,6,8,,3,12,8,13,3,10,13,7,,4,11,10,4,11,11,5,8,7,11,5,6,9,6,4,4,2,10,,3,5,3,13,6,8,13,11,27,29,14,,16,,8,,12,15,11,11,13,6,3,7,23,12,10,15,17,19,17,52,32,25,15,12,47,11,13,19,,,,8,,
20260624,12,PM10,48,62,67,32,38,13,66,16,32,55,41,41,34,60,8,38,18,31,18,7,14,6,9,17,26,12,13,10,10,9,22,18,23,6,11,29,8,6,6,24,14,40,70,24,12,31,67,13,28,20,39,20,18,38,28,27,31,35,33,26,34,39,34,24,20,14,14,17,10,46,22,23,35,50,18,12,18,57,23,43,39,26,43,25,38,19,40,36,23,34,23,25,32,16,19,31,40,31,47,27,29,39,41,32,44,50,32,44,10,14,12,30,41,57,11,51,44,21,25,14,43,23,22,13,18,14,34,21,34,37,34,28,21,23,19,20,13,7,35,11,22,15,28,26,10,13,19,15,9,18,50,30,23,42,46,56,99,35,51,114,,,,,,,,,,,,,,,,,,,,,,,,,,,,,,21,26,37,26,50,59,25,36,34,41,43,22,31,20,,13,34,32,34,44,30,15,8,20,22,12,12,23,21,19,26,23,24,39,24,30,20,12,13,18,13,16,8,8,27,21,6,12,6,13,40,35,21,29,37,12,30,17,20,32,13,28,21,41,31,36,21,33,28,30,23,30,20,28,43,16,26,12,14,9,15,15,17,20,40,19,9,10,12,15,39,34,40,35,28,41,26,13,12,44,14,9,14,16,30,11,15,6,8,9,17,,6,12,7,8,11,12,,7,,7,81,23,13,27,16,,,16,28,8,17,14,13,12,9,26,9,,12,6,14,30,,18,19,19,58,254,43,,28,,25,,22,20,32,20,27,14,14,27,18,23,19,45,14,42,46,289,111,127,54,29,43,33,49,56,,,,20,,
20260624,12,PM10_24h,57,57,46,51,46,28,68,22,31,59,52,55,44,43,9,32,18,29,40,8,12,5,5,15,23,15,6,10,11,10,14,15,21,17,23,33,24,7,10,33,27,41,36,21,8,32,41,7,39,13,32,14,13,31,29,24,27,25,33,28,28,29,28,23,20,16,18,15,13,23,30,24,56,49,13,15,17,47,43,29,27,36,38,16,51,36,41,31,22,20,22,24,33,11,18,27,30,26,27,32,27,26,31,27,37,38,27,28,11,24,31,29,43,53,25,45,29,27,34,30,31,24,40,9,14,10,36,34,33,34,37,38,18,26,12,16,12,19,30,25,23,12,18,19,14,14,9,12,16,18,38,29,29,32,36,58,194,40,48,39,,,,,,,,,,,,,,,,,,,,,,,,,,,,,,23,21,44,34,46,45,26,35,58,41,30,27,31,21,,10,33,24,34,28,26,26,26,20,28,27,17,15,30,28,26,29,25,23,18,31,16,15,11,18,13,7,9,7,22,22,5,12,10,10,38,22,19,26,27,10,24,39,21,27,25,29,24,29,39,37,28,26,25,30,24,35,17,28,31,12,26,13,10,8,22,16,16,15,21,15,17,14,16,11,44,33,31,33,28,34,23,15,27,28,17,6,10,18,24,11,11,21,10,12,20,,8,16,15,17,12,19,20,6,,4,14,22,10,25,17,8,12,14,29,8,16,15,14,9,10,13,21,,12,8,9,25,17,14,28,24,49,82,38,,29,,26,,36,27,25,21,23,20,11,15,51,28,15,41,16,50,48,144,109,88,88,27,78,31,52,74,,,,19,,
20260624,12,SO2,5,8,2,4,5,5,5,4,3,4,6,6,4,17,8,8,7,5,6,6,5,6,4,6,8,8,5,6,6,9,7,7,6,6,5,5,7,5,5,5,6,2,4,5,7,5,3,7,6,6,4,4,5,6,6,6,5,6,5,3,5,8,4,5,8,5,4,6,6,6,9,15,9,5,4,6,10,8,8,9,9,7,2,11,11,8,11,12,12,7,6,4,8,7,3,10,9,6,8,5,7,6,5,6,4,8,3,4,4,4,7,12,8,15,9,9,12,11,10,5,4,6,5,5,5,3,11,4,8,12,7,9,7,7,3,7,8,5,3,5,3,8,9,13,4,9,4,6,4,6,7,6,5,8,9,15,5,15,7,3,,,,,,,,,,,,,,,,,,,,,,,,,,,,,,5,3,5,4,11,14,5,7,5,14,8,6,12,5,,6,12,9,11,10,7,5,7,8,11,1,4,7,7,6,7,7,4,8,5,10,7,6,6,5,8,4,4,8,4,6,5,3,4,6,3,8,3,4,6,4,9,4,6,3,8,3,6,11,8,6,6,4,6,6,5,4,4,9,7,4,7,4,5,7,4,5,6,3,5,5,5,10,3,4,8,5,3,8,3,15,11,3,6,7,4,9,10,6,16,6,5,8,8,5,3,,7,9,4,7,3,6,4,5,,5,6,8,9,6,7,2,4,4,9,5,7,5,9,7,6,7,4,,5,3,4,7,6,7,9,5,13,6,10,,4,,8,,4,12,8,10,12,13,7,20,9,6,7,7,5,8,5,3,6,2,4,6,4,7,7,6,,,,3,,
20260624,12,SO2_24h,4,8,2,8,6,5,4,4,3,3,9,6,4,12,8,6,7,6,6,6,5,6,4,5,8,6,5,7,5,9,7,7,6,6,6,5,6,5,5,5,6,2,4,6,7,5,3,7,6,6,4,4,5,6,5,6,5,6,4,3,5,8,4,5,8,4,5,5,6,5,8,16,9,5,5,6,8,9,7,6,7,16,3,9,11,9,11,9,11,5,5,5,7,7,3,10,8,6,8,5,8,6,5,5,4,10,4,7,5,5,9,11,7,12,15,9,11,8,8,6,4,6,6,5,6,3,11,3,8,9,5,9,7,8,4,7,8,5,3,6,2,8,9,11,4,10,4,6,3,3,6,6,4,7,8,23,11,15,7,4,,,,,,,,,,,,,,,,,,,,,,,,,,,,,,5,3,6,4,7,11,5,7,5,11,8,5,11,9,,6,11,8,10,11,7,5,7,11,11,1,4,7,10,6,8,5,4,9,7,10,7,6,7,4,8,4,4,8,5,5,5,4,5,6,5,9,4,5,6,4,12,5,5,4,11,5,5,10,7,7,6,3,6,6,5,5,4,8,7,5,7,4,5,7,3,5,6,10,4,5,6,6,5,3,8,6,4,7,5,11,11,3,7,4,5,9,9,4,7,6,5,7,7,5,3,,6,9,4,10,3,6,4,4,,5,6,8,9,6,7,2,4,2,8,5,5,5,9,7,6,9,4,,5,4,4,23,5,7,22,9,11,8,10,,5,,8,,4,9,7,10,12,13,7,19,10,7,7,7,6,8,5,4,7,3,4,6,4,7,6,5,,,,3,,
20260624,12,NO2,10,18,10,12,19,4,10,6,8,10,6,7,4,14,4,12,4,7,13,11,10,14,5,8,6,4,15,12,12,2,8,5,6,17,17,8,16,6,13,6,11,19,14,4,7,14,14,7,9,13,8,12,6,10,10,3,8,3,6,10,7,6,7,5,12,10,9,7,6,12,9,10,11,9,5,11,11,14,7,9,11,8,9,11,9,2,10,11,9,12,9,6,9,7,9,12,10,5,10,5,5,3,9,3,9,7,3,4,4,7,5,5,10,11,9,12,12,10,11,7,9,8,7,7,7,8,8,4,9,9,11,6,15,9,8,4,8,8,4,10,4,5,10,8,10,4,6,9,6,8,8,8,5,8,6,9,6,11,13,5,,,,,,,,,,,,,,,,,,,,,,,,,,,,,,3,4,7,7,12,8,3,9,10,14,10,9,7,4,,8,5,10,10,10,7,5,11,5,1,3,5,10,6,7,4,6,7,8,7,12,2,7,4,3,4,6,5,4,7,2,6,2,7,5,8,6,4,4,12,5,8,12,3,7,9,10,4,11,6,5,8,6,10,4,6,9,5,9,14,8,7,4,4,6,4,6,9,5,8,10,4,8,5,7,8,6,7,9,8,16,10,7,5,9,9,9,7,17,14,6,11,5,8,5,5,,10,17,14,6,8,8,7,5,,9,4,19,6,4,7,4,4,6,6,6,7,7,7,9,3,3,5,,2,5,5,8,,5,8,21,13,6,10,,6,,7,,13,5,2,1,4,1,6,9,5,8,6,6,8,6,8,3,5,8,4,9,4,6,7,17,,,,3,,
20260624,12,NO2_24h,18,19,8,14,16,10,14,8,12,20,17,20,9,17,7,17,8,24,23,16,11,16,5,8,11,4,15,16,11,3,7,4,9,17,21,11,19,9,15,17,21,24,19,8,8,9,17,7,14,11,16,12,7,15,10,3,13,4,10,11,10,9,8,9,14,10,11,9,8,12,16,16,20,9,6,10,13,28,14,14,15,28,12,11,17,10,18,13,12,12,12,6,11,9,11,16,12,7,11,7,9,4,12,4,14,12,5,7,6,12,14,7,13,17,18,15,18,15,20,18,12,13,10,10,6,15,12,9,17,9,21,9,13,9,7,5,9,7,4,13,7,7,12,9,14,5,6,8,8,9,15,13,14,10,13,17,11,16,7,6,,,,,,,,,,,,,,,,,,,,,,,,,,,,,,7,8,15,12,15,10,4,12,24,10,12,11,8,9,,9,6,16,14,18,15,23,20,10,12,8,10,9,14,12,10,8,15,12,11,21,5,9,7,5,10,6,6,5,10,3,6,8,13,6,11,10,5,7,10,5,12,12,5,9,7,11,3,11,11,12,12,11,18,8,8,15,5,11,16,10,9,6,5,6,6,5,6,5,8,8,6,6,10,6,25,9,8,15,10,11,10,8,10,12,11,8,8,11,15,6,16,9,9,4,5,,14,10,12,7,6,9,7,6,,6,6,13,6,7,7,4,6,9,6,7,6,9,7,7,3,3,9,,3,5,6,14,9,11,13,13,17,11,18,,8,,8,,22,9,5,2,6,2,10,2,24,13,8,9,10,8,8,7,10,13,7,11,3,7,8,6,,,,4,,
20260624,12,O3,146,105,180,102,82,153,165,87,127,128,161,169,165,178,94,156,105,127,119,72,71,66,70,97,98,78,63,66,72,74,84,86,104,64,58,117,66,83,78,102,58,88,91,83,75,85,164,67,142,102,135,73,58,124,86,82,113,91,91,124,114,104,103,87,48,65,29,65,134,119,122,133,123,108,51,54,94,99,105,105,103,102,124,120,170,135,172,175,111,130,129,128,137,98,127,168,112,92,108,89,78,91,97,90,119,93,74,90,68,110,96,150,152,156,97,138,162,126,108,117,117,99,122,80,69,73,138,143,120,138,96,114,53,79,57,79,83,42,83,59,96,83,52,82,28,49,72,31,37,56,137,117,115,103,126,122,119,135,95,105,,,,,,,,,,,,,,,,,,,,,,,,,,,,,,88,90,132,135,119,176,120,150,157,126,138,133,92,94,,81,128,130,142,132,125,147,150,107,107,125,106,90,123,130,113,138,128,118,79,132,68,80,82,93,79,73,60,78,76,89,65,95,66,81,85,110,88,99,92,36,47,58,66,111,71,48,54,65,134,141,127,93,92,98,88,78,65,98,77,74,85,72,74,71,87,42,50,55,66,41,66,36,53,42,98,84,94,85,86,58,88,51,66,145,90,37,29,49,55,49,42,63,52,41,41,,64,32,34,34,58,51,52,43,,14,69,54,57,55,62,53,70,78,55,61,56,54,88,72,129,119,125,,144,76,82,150,65,105,115,77,97,115,117,,124,,55,,95,137,140,124,121,98,101,94,138,111,118,113,90,119,104,103,110,108,127,102,82,97,124,80,,,,65,,
20260624,12,O3_24h,146,105,180,102,82,153,165,87,127,128,161,169,165,178,94,156,105,127,119,72,71,66,70,97,98,78,63,66,72,74,84,86,104,64,58,117,66,83,78,102,58,88,91,83,75,85,164,67,142,102,135,73,58,124,86,82,113,91,91,124,114,104,103,87,48,65,29,65,134,119,122,133,123,108,51,54,94,99,105,105,103,102,124,120,170,135,172,175,111,130,129,128,137,98,127,168,112,92,108,89,78,91,97,90,119,93,74,90,68,110,96,150,152,156,97,138,162,126,108,117,117,99,122,80,69,73,138,143,120,138,96,114,53,79,57,79,83,42,83,59,96,83,52,82,28,49,72,31,37,56,137,117,115,103,126,122,119,135,95,105,,,,,,,,,,,,,,,,,,,,,,,,,,,,,,88,90,132,135,119,176,120,150,157,126,138,133,92,94,,81,128,130,142,132,125,147,150,107,107,125,106,90,123,130,113,138,128,118,79,132,68,80,82,93,79,73,60,78,76,89,65,95,66,81,85,110,88,99,92,36,47,58,66,111,71,48,54,65,134,141,127,93,92,98,88,78,65,98,77,74,85,72,74,71,87,42,50,55,66,41,66,36,53,42,98,84,94,85,86,58,88,51,66,145,90,37,29,49,55,49,42,63,52,41,41,,64,32,34,34,58,51,52,43,,14,69,54,57,55,62,53,70,78,55,61,56,54,88,72,129,119,125,,144,76,82,150,65,105,115,77,97,115,117,,124,,55,,95,137,140,124,121,98,101,94,138,111,118,113,90,119,104,103,110,108,127,102,82,97,124,80,,,,65,,
20260624,12,O3_8h,88,74,120,67,66,108,110,59,68,80,99,113,112,103,73,88,79,84,93,68,65,77,88,89,71,73,74,73,72,74,71,78,77,51,55,73,45,77,73,56,32,40,41,41,68,65,81,63,94,81,74,55,56,63,59,72,65,68,57,72,58,56,59,59,30,51,33,47,120,62,82,66,72,91,46,50,61,62,78,53,79,55,71,81,128,96,90,104,88,82,88,91,84,80,102,97,64,61,62,70,60,67,48,77,68,58,48,59,53,78,67,111,100,83,66,95,88,70,52,95,92,51,98,65,61,63,82,97,80,98,52,94,33,63,56,74,43,38,73,23,80,50,39,48,26,42,53,29,35,36,78,73,52,37,65,70,116,84,88,83,,,,,,,,,,,,,,,,,,,,,,,,,,,,,,64,67,64,92,68,106,123,84,82,82,111,82,66,75,,59,125,78,92,67,66,86,84,60,63,97,78,45,64,87,80,66,90,73,68,103,37,72,73,80,63,61,51,71,63,75,64,72,55,64,73,57,55,56,47,37,34,52,52,53,46,30,56,34,90,87,94,55,62,73,69,45,51,42,40,50,76,57,47,58,64,32,45,42,59,43,46,50,31,24,39,50,61,39,50,45,48,37,34,56,76,36,29,63,50,41,32,45,41,43,31,,32,31,37,41,55,40,37,38,,12,48,51,46,34,38,45,46,36,26,45,40,28,66,36,120,109,103,,137,63,68,104,46,72,82,49,63,119,52,,116,,41,,47,80,81,112,99,94,67,110,68,68,77,80,80,97,74,96,75,73,105,85,57,108,101,83,,,,59,,
20260624,12,O3_8h_24h,88,68,121,66,61,108,110,59,68,80,99,113,112,103,73,88,79,84,91,68,65,71,73,89,71,73,69,68,69,71,71,78,77,51,50,73,44,77,73,56,32,40,41,41,68,61,81,60,94,80,74,55,55,63,59,72,65,68,57,72,58,56,59,59,29,50,30,47,120,62,82,66,72,85,46,50,61,62,78,53,79,55,71,81,107,96,90,106,88,82,88,91,84,79,102,97,64,61,62,70,60,67,48,77,68,58,48,59,53,78,67,111,100,82,66,95,88,70,52,95,92,51,98,65,61,59,82,97,80,98,52,94,29,63,53,74,43,38,73,23,76,50,39,48,24,41,53,28,34,36,78,73,52,37,65,70,116,84,71,83,,,,,,,,,,,,,,,,,,,,,,,,,,,,,,64,67,64,92,68,106,119,84,82,82,111,82,66,75,,59,121,78,92,67,66,86,,60,63,97,78,45,64,87,80,66,90,73,68,103,37,71,73,80,63,59,49,71,63,75,64,72,55,64,73,57,55,56,47,36,34,52,52,53,46,30,53,34,90,87,94,55,62,73,69,45,51,42,40,50,74,57,47,58,64,31,44,41,58,36,46,43,31,24,39,50,59,39,50,45,48,37,34,56,75,34,27,51,42,41,31,40,36,38,21,,31,24,33,39,51,40,37,37,,10,48,51,46,34,38,45,46,36,26,45,38,28,66,36,111,105,103,,137,59,68,104,46,72,82,46,63,88,52,,116,,40,,47,80,81,108,99,94,67,106,68,68,77,79,80,94,74,96,73,70,105,81,52,90,96,73,,,,59,,
20260624,12,CO,0.73,0.72,0.57,0.54,0.25,0.28,0.53,0.27,0.50,0.73,0.35,0.43,0.38,1.12,0.30,0.83,0.59,0.35,0.38,0.38,0.33,0.47,0.40,0.37,0.30,0.50,0.77,0.40,0.36,0.43,0.62,0.48,0.47,0.52,0.46,0.47,0.49,0.53,0.68,0.40,0.60,0.70,0.60,0.50,0.48,0.53,0.47,0.75,0.45,0.50,0.49,0.53,0.60,0.53,0.60,0.63,0.50,0.35,0.50,0.50,0.58,0.47,0.58,0.45,0.56,0.48,0.65,0.43,0.28,0.59,0.50,0.40,0.46,0.33,0.46,0.70,0.35,0.44,0.62,0.57,0.33,0.38,0.40,0.43,0.48,0.37,0.54,0.48,0.30,0.42,0.50,0.30,0.38,0.46,0.33,0.50,0.67,0.55,0.40,0.67,0.55,0.60,0.60,0.53,0.50,0.50,0.40,0.65,0.30,0.10,0.40,0.52,0.63,1.02,0.42,1.10,0.68,0.98,0.56,0.36,0.38,0.33,0.42,0.35,0.43,0.56,0.36,0.45,0.42,0.40,0.60,0.53,0.38,0.45,0.75,0.80,0.70,0.55,0.45,0.62,0.30,0.63,0.65,0.65,0.60,0.53,0.63,0.30,0.53,0.55,0.47,0.55,0.55,0.60,0.65,0.40,0.40,0.60,0.32,0.20,,,,,,,,,,,,,,,,,,,,,,,,,,,,,,0.40,0.30,0.50,0.33,0.40,0.85,0.57,0.70,0.53,0.47,0.50,0.50,0.50,0.35,,0.25,0.45,0.53,0.73,0.45,0.73,0.23,0.40,0.45,0.40,0.25,0.30,0.23,0.20,0.17,0.20,0.47,0.30,0.40,0.25,0.35,0.40,0.28,0.16,0.35,0.45,0.55,0.50,0.30,0.32,0.20,0.25,0.15,0.43,0.30,0.40,0.83,0.25,0.35,0.55,0.67,0.53,0.65,0.50,0.48,0.75,0.95,0.83,0.60,0.40,0.37,0.25,0.38,0.36,0.45,0.33,0.17,0.40,0.83,0.74,0.67,0.60,0.50,0.50,1.00,0.53,0.55,1.08,0.60,0.90,0.80,0.73,0.60,0.50,0.35,0.25,0.60,0.57,0.63,0.43,0.55,0.43,0.90,0.35,0.70,0.67,0.55,0.47,0.67,0.70,0.50,0.40,0.60,0.60,0.30,0.40,,0.25,0.65,0.43,0.55,0.50,0.60,0.40,0.50,,0.60,0.30,0.50,0.55,0.70,0.45,,0.10,0.15,0.50,0.40,0.40,0.55,0.45,0.55,0.25,0.35,0.20,,0.30,0.35,0.47,0.37,0.50,0.85,0.35,0.60,0.40,0.40,0.50,,0.50,,0.50,,0.30,0.50,0.40,0.50,0.40,0.30,0.20,0.60,0.43,0.40,0.35,0.45,0.15,0.35,0.40,0.60,0.15,0.20,0.25,0.45,0.60,0.20,0.55,0.35,,,,0.35,,
20260624,12,CO_24h,0.62,0.64,0.44,0.66,0.30,0.38,0.46,0.33,0.40,0.60,0.45,0.43,0.45,0.80,0.30,0.70,0.54,0.54,0.47,0.37,0.33,0.47,0.42,0.36,0.30,0.50,0.64,0.43,0.32,0.42,0.74,0.38,0.47,0.59,0.49,0.43,0.55,0.45,0.68,0.43,0.65,0.67,0.50,0.50,0.48,0.50,0.45,0.77,0.44,0.41,0.42,0.49,0.59,0.54,0.55,0.63,0.53,0.40,0.53,0.50,0.55,0.50,0.59,0.40,0.58,0.49,0.63,0.43,0.25,0.51,0.53,0.50,0.68,0.28,0.40,0.65,0.29,0.46,0.54,0.50,0.37,0.55,0.43,0.31,0.54,0.40,0.52,0.32,0.30,0.35,0.40,0.33,0.35,0.46,0.33,0.47,0.57,0.57,0.47,0.63,0.55,0.55,0.60,0.53,0.50,0.40,0.40,0.65,0.30,0.20,0.59,0.58,0.72,0.88,0.62,0.82,0.67,0.68,0.60,0.42,0.42,0.30,0.48,0.40,0.47,0.52,0.47,0.45,0.45,0.40,0.53,0.53,0.38,0.47,0.67,0.82,0.75,0.53,0.40,0.64,0.40,0.63,0.65,0.53,0.53,0.50,0.60,0.30,0.55,0.45,0.47,0.50,0.50,0.58,0.50,0.40,0.50,0.58,0.34,0.20,,,,,,,,,,,,,,,,,,,,,,,,,,,,,,0.43,0.40,0.60,0.47,0.33,0.65,0.70,0.67,0.50,0.40,0.40,0.40,0.45,0.38,,0.15,0.45,0.58,0.67,0.35,0.73,0.33,0.50,0.50,0.40,0.35,0.35,0.37,0.27,0.23,0.30,0.45,0.25,0.30,0.25,0.35,0.35,0.30,0.18,0.35,0.60,0.55,0.55,0.30,0.44,0.17,0.25,0.23,0.58,0.33,0.43,0.80,0.30,0.40,0.55,0.60,0.80,0.68,0.50,0.44,0.35,1.02,0.80,0.60,0.44,0.43,0.35,0.43,0.42,0.52,0.37,0.20,0.33,0.87,0.80,0.53,0.63,0.60,0.50,0.90,0.63,0.50,0.85,0.60,0.90,0.70,0.70,0.50,0.60,0.30,0.35,0.60,0.50,0.63,0.40,0.40,0.43,0.90,0.50,0.60,0.60,0.55,0.50,0.65,0.65,0.42,0.35,0.60,0.65,0.30,0.40,,0.25,0.45,0.43,0.57,0.40,0.50,0.45,0.50,,0.45,0.40,0.40,0.55,0.65,0.45,0.50,0.10,0.15,0.55,0.40,0.35,0.55,0.50,0.40,0.25,0.35,0.40,,0.30,0.35,0.47,0.40,0.50,0.85,0.30,0.45,0.40,0.35,0.65,,0.50,,0.45,,0.30,0.50,0.40,0.40,0.40,0.30,0.20,0.30,0.57,0.35,0.35,0.45,0.15,0.25,0.40,0.55,0.30,0.30,0.25,0.45,0.60,0.20,0.40,0.20,,,,0.40,,
20260624,13,AQI,50,56,88,35,39,49,83,29,42,54,70,75,63,83,30,49,33,42,41,23,25,20,23,30,32,25,20,21,25,24,28,27,34,23,20,42,24,26,24,33,22,43,56,27,24,43,56,24,50,34,44,27,21,41,30,27,37,34,33,39,38,34,38,28,20,23,12,21,43,43,41,44,45,47,43,17,34,41,30,40,33,30,46,41,83,45,85,98,37,42,43,43,48,31,37,75,30,30,36,29,26,40,37,27,40,36,28,30,21,38,32,48,49,73,29,62,60,43,38,39,37,38,38,25,24,25,45,46,40,45,40,36,22,28,20,26,25,14,38,17,29,29,22,27,11,17,24,14,13,19,45,38,37,38,44,52,70,48,39,84,,,,,,,,,,,,,,,,,,,,,,,,,,,,,,28,39,43,38,47,71,37,59,68,44,44,43,34,31,,25,43,41,64,48,43,48,48,33,34,39,34,35,38,49,38,42,43,38,25,44,23,25,26,31,24,26,19,26,29,30,22,32,22,27,32,30,28,40,40,13,18,21,26,37,26,25,20,44,44,45,42,33,33,34,31,28,27,33,35,28,50,24,26,24,28,17,20,25,41,27,21,13,16,18,37,38,43,40,32,49,30,19,21,44,29,12,15,22,26,17,18,21,18,15,18,,24,30,10,10,19,17,20,14,,7,21,24,19,24,22,18,22,28,29,20,22,18,26,28,43,38,38,,42,26,27,48,25,43,37,32,47,173,41,,38,,31,,33,44,47,43,40,31,36,33,46,40,38,40,32,43,46,175,90,86,47,33,56,30,46,53,,,,22,,
20260624,13,PM2.5,27,36,42,17,16,8,39,4,17,33,29,12,12,25,7,16,13,6,7,4,3,4,5,7,16,4,4,6,8,6,13,9,15,3,5,20,5,5,4,12,3,29,40,9,3,24,32,17,9,14,23,14,15,22,15,15,19,19,13,15,19,24,18,11,9,8,4,5,4,22,15,16,15,25,14,10,5,6,11,19,15,18,26,7,12,4,18,25,5,23,3,3,9,3,7,10,21,14,19,11,13,16,26,12,22,15,10,15,3,3,3,14,13,34,10,31,15,9,15,8,13,15,17,9,8,7,20,16,20,19,28,15,6,16,7,18,11,5,12,3,13,3,15,6,4,3,6,9,3,12,26,24,9,24,17,17,27,12,21,26,,,,,,,,,,,,,,,,,,,,,,,,,,,,,,11,27,21,3,14,34,11,30,15,13,23,17,10,4,,3,5,8,46,20,23,8,3,5,3,7,3,7,15,16,10,12,19,11,12,16,12,5,4,6,5,11,3,10,16,6,5,3,7,10,14,11,9,12,12,3,12,4,10,19,3,14,8,31,17,16,5,20,20,13,14,14,6,17,22,6,15,3,5,3,4,7,12,15,29,19,6,4,3,10,17,14,14,25,22,24,15,3,3,15,3,3,4,4,14,10,4,3,5,8,7,,3,21,3,4,3,6,14,6,,3,8,17,3,7,8,,11,6,20,3,9,6,3,3,3,3,8,,3,3,7,10,8,13,11,12,20,76,27,,8,,8,,7,11,10,11,22,6,3,14,7,8,9,8,9,30,5,87,34,41,7,10,26,16,22,17,,,,8,,
20260624,13,PM2.5_24h,37,30,28,28,21,20,41,13,17,38,36,28,20,28,5,20,13,23,18,8,4,4,1,7,12,5,2,5,6,4,9,7,12,14,15,18,18,6,10,16,17,24,25,9,3,18,23,10,13,8,20,8,8,17,13,15,20,14,17,15,14,18,15,14,8,11,6,7,6,11,15,15,20,17,8,9,8,12,22,15,21,27,22,10,27,13,17,11,7,12,5,5,15,5,14,7,19,14,17,17,19,13,19,17,20,19,14,16,4,9,13,21,16,29,18,23,23,16,30,19,15,11,24,7,9,5,24,21,20,20,21,23,7,19,4,17,12,9,10,14,12,5,11,5,4,4,4,4,5,8,23,20,14,19,16,25,67,13,26,8,,,,,,,,,,,,,,,,,,,,,,,,,,,,,,14,11,25,17,19,29,16,24,16,9,16,15,8,7,,5,9,17,22,20,19,20,18,10,7,23,10,9,12,13,14,12,15,10,9,15,9,4,4,7,5,6,2,11,9,9,4,6,7,7,22,13,10,18,13,5,15,18,12,12,7,15,8,16,28,19,14,17,19,17,15,17,3,16,22,3,19,5,5,4,11,6,9,15,15,12,10,6,9,8,19,13,12,19,19,20,14,4,17,15,3,2,7,12,13,7,2,14,3,6,8,,3,13,7,13,3,9,13,7,,4,11,10,4,11,10,5,8,6,11,5,7,9,6,4,4,2,11,,3,5,3,13,6,8,12,11,27,30,14,,16,,8,,12,14,11,11,13,6,3,7,23,11,10,15,16,20,18,54,34,26,15,12,46,12,14,19,,,,9,,
20260624,13,PM10,43,62,74,23,39,18,57,9,35,58,43,42,35,52,6,33,18,16,23,7,16,8,8,17,24,14,12,13,11,9,20,16,20,6,12,36,9,7,6,25,10,43,60,21,11,43,55,19,33,23,32,21,20,36,29,27,27,34,33,25,34,34,38,23,18,11,12,11,8,39,23,21,37,47,43,16,16,41,23,40,23,26,46,21,39,19,38,44,20,32,18,29,30,10,17,34,29,30,36,26,23,40,31,26,38,36,28,30,12,14,10,27,30,55,13,73,37,25,21,14,22,24,28,15,18,16,30,32,38,38,37,27,18,26,14,20,12,14,38,11,17,10,22,20,11,17,18,14,11,10,41,31,33,34,44,53,90,42,39,118,,,,,,,,,,,,,,,,,,,,,,,,,,,,,,20,,33,26,47,49,23,34,34,38,42,19,34,16,,12,36,20,68,48,43,15,16,13,23,14,13,20,22,49,24,23,30,29,25,25,23,15,11,14,17,14,12,9,29,20,7,10,10,10,27,28,24,40,40,6,13,18,26,32,10,25,20,39,27,31,19,31,24,26,21,27,27,25,35,15,50,11,15,9,13,16,20,25,39,20,11,12,13,12,37,38,43,40,32,49,22,19,14,29,16,10,15,14,26,15,18,6,7,12,10,,8,,8,9,14,10,16,10,,6,6,22,10,24,14,,,19,22,8,11,9,11,8,9,10,17,,8,7,13,24,16,18,16,25,47,296,41,,25,,31,,24,16,30,25,25,9,8,32,31,21,30,30,13,41,46,300,130,122,47,26,62,26,46,56,,,,20,,
20260624,13,PM10_24h,57,58,48,49,46,28,69,21,33,59,52,55,44,43,9,32,18,28,40,8,13,5,5,15,24,15,6,10,11,10,15,15,21,17,23,32,23,7,11,32,26,41,37,21,8,32,42,8,38,14,32,15,13,31,29,24,27,25,33,27,28,29,28,23,20,16,17,15,12,23,30,24,56,50,13,15,17,46,43,30,26,35,37,17,51,35,40,30,22,21,22,23,32,12,19,26,30,26,27,32,27,27,31,27,37,38,27,28,11,23,30,28,42,54,24,46,30,27,33,30,31,23,39,9,14,10,36,34,33,34,37,37,18,26,12,17,12,19,30,24,24,12,18,19,14,14,9,12,15,18,38,29,29,33,36,59,195,40,48,44,,,,,,,,,,,,,,,,,,,,,,,,,,,,,,24,21,44,34,47,45,26,35,58,41,31,26,31,21,,11,33,24,36,29,27,25,26,21,28,26,17,15,31,28,26,29,26,24,18,32,16,14,11,18,14,8,9,7,22,22,5,12,10,10,37,22,18,27,26,10,23,37,21,27,24,29,24,29,39,37,27,26,25,31,24,34,17,28,32,12,27,13,10,8,21,16,15,16,22,15,16,14,16,11,45,34,32,33,28,34,23,16,26,28,17,7,11,18,25,11,11,20,9,12,20,,8,16,14,16,12,18,20,6,,4,14,22,10,25,17,8,12,14,29,8,16,15,14,9,10,13,21,,12,8,9,25,18,15,27,24,50,88,39,,28,,27,,36,26,25,21,23,20,11,15,51,28,16,40,16,50,48,155,114,90,88,27,78,32,52,75,,,,20,,
20260624,13,SO2,5,8,2,5,6,5,5,4,3,3,6,7,4,14,7,7,7,5,6,6,5,6,4,6,8,6,5,6,5,9,7,7,6,6,5,5,7,5,5,5,6,2,5,5,7,5,3,7,6,6,4,4,4,6,6,6,6,6,4,3,5,7,4,5,8,4,5,5,6,6,8,9,9,5,4,6,9,8,6,8,8,7,2,10,11,9,10,11,10,6,5,5,7,7,3,10,5,6,8,5,7,6,5,5,4,9,3,4,4,4,7,11,7,14,10,10,11,11,6,7,4,7,5,5,6,4,10,3,8,11,7,8,7,7,4,7,8,4,3,5,3,8,9,10,3,10,4,6,3,4,7,5,4,7,8,13,5,12,7,4,,,,,,,,,,,,,,,,,,,,,,,,,,,,,,5,3,5,3,10,12,5,8,6,12,8,6,11,5,,6,12,7,11,10,6,5,7,9,11,3,5,8,7,5,8,6,4,6,6,10,7,6,7,4,8,4,4,8,4,5,5,4,4,6,4,8,4,4,7,5,9,5,6,3,8,3,5,9,8,6,5,4,6,6,5,5,4,9,6,4,5,4,5,7,4,5,6,3,5,5,6,8,3,3,7,5,4,7,3,12,10,3,6,5,4,9,9,5,22,6,5,8,8,5,3,,6,9,4,6,3,6,4,5,,4,5,9,10,6,6,1,4,4,9,6,5,5,9,7,6,7,4,,5,3,4,8,4,7,8,7,12,6,11,,4,,8,,4,16,8,10,12,12,7,19,8,6,6,7,5,8,5,3,6,3,5,6,4,7,7,6,,,,3,,
20260624,13,SO2_24h,4,8,2,8,6,5,4,4,3,3,9,6,4,12,8,6,7,6,6,6,5,5,4,6,8,6,5,7,5,9,7,7,6,6,6,5,6,5,5,5,6,2,4,6,7,5,3,7,6,6,4,4,5,6,5,6,5,6,4,3,5,8,4,5,8,4,5,5,6,5,8,15,9,5,5,6,8,9,7,6,7,16,3,9,11,9,11,9,11,6,5,5,7,7,3,10,8,6,8,5,8,6,5,5,4,10,4,7,5,5,8,11,7,12,15,9,11,8,8,6,4,6,6,5,6,3,11,3,8,9,5,9,7,8,4,7,8,5,3,6,2,8,9,11,4,10,4,6,3,3,6,6,4,7,8,23,10,15,7,4,,,,,,,,,,,,,,,,,,,,,,,,,,,,,,5,3,6,4,8,11,5,7,5,11,8,5,11,9,,6,11,7,10,11,6,5,7,11,11,2,4,7,9,6,8,6,4,9,6,10,7,6,7,4,8,4,4,8,5,5,5,4,5,6,5,10,4,5,6,4,12,5,5,4,11,5,5,10,7,7,6,3,6,6,5,5,4,8,7,5,7,4,5,7,3,5,6,10,4,5,6,6,5,3,8,6,4,7,5,11,11,3,7,4,5,9,9,4,8,6,5,7,8,5,3,,6,9,4,10,3,6,4,4,,5,6,8,9,6,7,2,4,2,8,5,5,5,9,7,6,9,4,,5,4,4,23,5,7,21,8,11,8,10,,5,,8,,4,9,7,10,12,13,7,19,10,7,8,7,6,8,5,4,7,3,4,6,4,7,6,5,,,,3,,
20260624,13,NO2,10,14,14,11,16,5,8,5,7,8,7,6,4,11,3,10,5,6,11,10,10,14,4,8,6,6,15,12,12,3,6,5,5,15,16,9,15,7,12,6,8,17,13,4,6,11,13,9,8,12,7,10,7,9,9,2,8,2,6,8,6,5,6,5,10,8,9,6,6,9,9,8,11,5,5,11,8,11,9,9,11,7,8,10,10,2,9,10,8,12,8,5,7,6,10,13,8,6,8,4,5,2,7,3,8,6,3,4,3,8,5,5,8,8,11,16,12,9,8,7,7,7,6,7,5,10,7,3,8,8,9,5,13,7,6,4,6,10,4,11,4,4,7,7,9,4,5,8,5,7,8,9,4,7,6,8,6,11,5,5,,,,,,,,,,,,,,,,,,,,,,,,,,,,,,3,4,6,5,9,4,3,8,9,11,10,8,7,4,,7,5,7,16,7,6,5,10,4,1,9,3,8,5,9,6,5,7,8,7,10,3,8,5,3,9,5,4,4,8,2,5,3,9,5,6,5,4,3,9,3,7,10,2,5,8,7,3,7,6,5,8,4,8,3,4,7,6,8,9,8,6,2,4,6,4,7,8,5,8,8,5,7,5,5,7,5,6,8,8,12,6,7,5,6,8,9,7,9,12,7,11,4,6,4,4,,5,13,14,6,6,6,5,5,,7,4,14,5,5,6,4,3,6,4,6,6,6,6,8,3,3,7,,3,5,5,6,,6,6,13,10,6,9,,5,,10,,10,8,2,1,4,1,2,3,6,7,6,4,6,5,5,3,3,6,4,8,2,6,6,11,,,,2,,
20260624,13,NO2_24h,18,19,9,13,16,10,14,8,12,19,17,20,9,17,7,17,8,23,23,16,11,16,5,8,11,4,15,16,11,3,7,5,9,17,21,11,19,9,15,17,21,24,19,8,8,9,17,7,13,12,15,12,7,15,10,3,13,4,10,10,10,9,8,9,14,10,10,9,8,12,16,16,20,9,6,10,13,28,14,14,16,28,12,11,18,10,18,13,12,12,12,6,11,9,11,16,12,7,11,7,9,4,12,4,14,12,5,7,6,12,14,7,13,17,18,15,18,15,20,17,12,13,10,10,6,15,12,9,17,9,21,9,13,9,7,5,9,7,4,13,7,7,12,9,14,5,6,8,7,9,15,13,14,9,13,17,10,16,7,6,,,,,,,,,,,,,,,,,,,,,,,,,,,,,,7,8,15,12,15,10,4,12,25,10,12,11,8,9,,9,6,16,14,17,15,23,19,10,12,8,10,10,15,12,10,8,15,13,11,21,5,9,7,5,10,6,6,5,11,3,6,8,13,6,11,10,5,7,10,4,12,12,5,9,8,11,3,11,11,12,13,11,18,8,8,15,5,11,16,10,8,6,5,6,6,5,7,5,8,9,6,6,10,6,25,8,8,15,10,11,10,8,10,12,11,8,8,11,15,6,16,9,9,4,5,,14,10,13,7,6,8,7,6,,6,6,13,6,7,7,4,6,9,6,7,6,9,7,7,3,3,9,,3,5,6,14,9,11,13,13,17,10,18,,8,,9,,22,8,5,2,6,2,10,2,24,13,8,9,10,8,8,7,10,13,7,11,3,7,8,6,,,,4,,
20260624,13,O3,159,135,190,113,91,158,186,93,133,154,176,180,170,186,96,156,106,133,130,72,79,65,72,97,102,80,63,68,80,77,90,85,109,72,64,135,76,84,78,105,70,117,114,87,78,116,165,71,159,108,142,86,61,132,96,83,117,92,85,124,122,107,114,91,64,74,32,67,138,136,130,140,145,123,54,55,108,109,97,111,105,97,125,132,186,145,188,198,119,135,136,139,152,100,119,180,91,88,97,94,83,91,98,85,127,98,75,94,67,120,101,152,156,178,93,125,168,139,122,124,117,120,120,81,76,80,143,147,127,144,109,115,71,88,63,78,80,44,83,54,92,92,57,85,34,52,78,34,42,62,144,122,118,120,141,131,117,152,116,109,,,,,,,,,,,,,,,,,,,,,,,,,,,,,,90,98,138,123,129,177,119,167,174,142,140,136,103,98,,80,137,130,150,130,121,153,153,107,109,125,108,112,122,121,120,135,136,121,77,140,70,81,83,100,77,84,61,82,75,96,71,101,71,87,102,96,90,93,114,43,56,66,79,118,82,63,59,89,140,144,135,106,104,108,100,89,74,106,95,90,89,76,84,76,91,54,62,61,67,57,68,40,52,57,109,88,107,103,95,74,97,38,66,142,92,39,30,70,69,53,44,68,56,47,58,,76,44,33,32,62,55,56,44,,23,67,59,61,58,70,56,70,89,60,63,69,59,82,91,136,122,122,,135,84,86,153,81,137,117,101,108,120,129,,123,,58,,104,140,149,137,128,99,116,107,148,127,123,127,103,133,122,102,116,120,134,107,92,96,136,110,,,,69,,
20260624,13,O3_24h,159,135,190,113,91,158,186,93,133,154,176,180,170,186,96,156,106,133,130,72,79,65,72,97,102,80,63,68,80,77,90,85,109,72,64,135,76,84,78,105,70,117,114,87,78,116,165,71,159,108,142,86,61,132,96,83,117,92,85,124,122,107,114,91,64,74,32,67,138,136,130,140,145,123,54,55,108,109,97,111,105,97,125,132,186,145,188,198,119,135,136,139,152,100,119,180,91,88,97,94,83,91,98,85,127,98,75,94,67,120,101,152,156,178,93,125,168,139,122,124,117,120,120,81,76,80,143,147,127,144,109,115,71,88,63,78,80,44,83,54,92,92,57,85,34,52,78,34,42,62,144,122,118,120,141,131,117,152,116,109,,,,,,,,,,,,,,,,,,,,,,,,,,,,,,90,98,138,123,129,177,119,167,174,142,140,136,103,98,,80,137,130,150,130,121,153,153,107,109,125,108,112,122,121,120,135,136,121,77,140,70,81,83,100,77,84,61,82,75,96,71,101,71,87,102,96,90,93,114,43,56,66,79,118,82,63,59,89,140,144,135,106,104,108,100,89,74,106,95,90,89,76,84,76,91,54,62,61,67,57,68,40,52,57,109,88,107,103,95,74,97,38,66,142,92,39,30,70,69,53,44,68,56,47,58,,76,44,33,32,62,55,56,44,,23,67,59,61,58,70,56,70,89,60,63,69,59,82,91,136,122,122,,135,84,86,153,81,137,117,101,108,120,129,,123,,58,,104,140,149,137,128,99,116,107,148,127,123,127,103,133,122,102,116,120,134,107,92,96,136,110,,,,69,,
20260624,13,O3_8h,101,77,129,72,68,117,121,65,80,91,113,125,122,117,77,102,86,95,97,69,67,77,88,90,77,76,74,73,72,74,73,79,83,54,57,83,49,79,74,66,38,52,53,50,71,68,97,63,105,85,86,59,56,76,65,75,74,73,63,83,70,65,67,64,34,53,33,50,123,74,88,78,84,93,47,51,69,71,85,63,87,66,81,89,138,105,109,117,94,92,97,101,95,84,109,111,70,67,69,74,65,72,58,78,79,65,53,64,55,86,72,119,111,100,74,103,104,84,64,99,98,65,104,67,64,63,93,108,89,107,63,99,36,66,57,76,51,40,75,29,82,57,41,55,28,43,56,29,36,39,91,85,65,50,79,84,118,95,88,88,,,,,,,,,,,,,,,,,,,,,,,,,,,,,,69,72,80,100,80,118,123,100,99,89,117,94,71,79,,64,125,92,104,82,77,101,84,71,75,102,87,56,78,97,89,83,101,85,72,109,45,73,74,84,65,62,52,72,66,80,65,77,57,68,76,66,63,65,57,37,37,54,56,63,52,35,56,42,100,99,100,63,68,78,75,53,55,52,48,56,77,60,54,61,68,34,47,44,59,43,50,44,35,30,51,54,67,47,58,50,56,40,40,72,79,36,29,63,50,42,32,47,41,43,31,,35,31,37,41,55,42,40,38,,14,52,51,48,37,42,47,50,44,31,48,41,33,69,44,120,109,107,,137,64,72,114,54,78,88,54,71,122,68,,116,,43,,57,88,93,112,102,96,74,110,84,75,85,85,83,99,81,98,78,76,109,86,57,108,101,83,,,,62,,
20260624,13,O3_8h_24h,101,76,133,73,67,117,121,65,80,91,113,125,122,117,77,102,86,95,97,68,67,70,70,90,77,74,66,67,70,71,73,79,83,54,52,83,49,79,74,66,38,52,53,50,69,68,97,61,105,85,86,59,56,76,65,75,74,73,63,83,70,65,67,64,34,53,30,50,123,74,88,78,84,90,46,50,69,71,85,63,87,66,81,89,120,105,109,122,94,92,97,101,95,84,109,111,70,67,69,74,65,72,58,78,79,65,53,64,55,86,72,119,111,100,74,103,104,84,64,99,98,65,104,67,64,61,93,108,89,107,63,99,34,67,54,76,51,40,75,29,77,57,41,55,25,42,56,29,36,39,91,85,65,50,79,84,118,95,75,88,,,,,,,,,,,,,,,,,,,,,,,,,,,,,,69,72,80,100,80,118,119,100,99,89,117,94,71,79,,64,124,92,104,82,77,101,,71,75,102,87,56,78,97,89,83,101,85,72,109,45,73,74,84,65,62,50,72,66,80,65,77,57,68,76,66,63,65,57,37,37,54,56,63,52,35,54,42,100,99,100,63,68,78,75,53,55,52,48,56,77,60,54,61,68,34,47,44,59,39,50,42,35,30,51,54,66,47,58,50,56,40,40,72,78,35,27,52,45,42,32,44,37,38,24,,35,26,33,37,53,42,40,38,,13,52,51,48,37,42,47,50,44,31,48,41,33,69,44,113,107,107,,137,61,72,114,54,78,88,53,71,94,68,,116,,43,,57,88,93,111,102,96,74,105,84,75,85,85,83,98,81,98,78,76,109,84,57,89,101,76,,,,62,,
20260624,13,CO,0.69,0.72,0.60,0.59,0.25,0.28,0.54,0.27,0.45,0.70,0.35,0.45,0.38,0.87,0.26,0.75,0.56,0.34,0.38,0.36,0.35,0.44,0.40,0.36,0.30,0.57,0.84,0.43,0.40,0.47,0.56,0.46,0.43,0.52,0.44,0.47,0.46,0.50,0.65,0.40,0.60,0.65,0.60,0.45,0.47,0.53,0.47,0.83,0.39,0.46,0.43,0.64,0.60,0.52,0.61,0.63,0.50,0.35,0.50,0.50,0.58,0.43,0.61,0.43,0.57,0.48,0.57,0.40,0.28,0.58,0.50,0.30,0.54,0.37,0.43,0.67,0.32,0.44,0.56,0.53,0.37,0.38,0.37,0.40,0.50,0.33,0.54,0.48,0.30,0.45,0.40,0.30,0.35,0.46,0.30,0.52,0.60,0.55,0.40,0.63,0.55,0.65,0.60,0.47,0.50,0.40,0.37,0.65,0.27,0.10,0.34,0.48,0.58,0.92,0.44,1.32,0.65,0.94,0.46,0.38,0.34,0.33,0.37,0.38,0.43,0.52,0.33,0.43,0.37,0.40,0.53,0.50,0.35,0.40,0.72,0.80,0.70,0.67,0.45,0.64,0.30,0.60,0.65,0.58,0.60,0.53,0.63,0.30,0.53,0.47,0.43,0.50,0.50,0.60,0.55,0.40,0.43,0.58,0.30,0.25,,,,,,,,,,,,,,,,,,,,,,,,,,,,,,0.40,0.30,0.50,0.27,0.37,0.65,0.55,0.70,0.50,0.43,0.47,0.40,0.50,0.38,,0.25,0.45,0.47,1.70,0.40,0.70,0.27,0.40,0.40,0.45,0.25,0.30,0.20,0.20,0.20,0.30,0.42,0.30,0.40,0.25,0.35,0.45,0.30,0.17,0.30,0.50,0.55,0.50,0.30,0.36,0.17,0.25,0.17,0.53,0.27,0.37,0.70,0.30,0.30,0.65,0.60,0.60,0.68,0.45,0.44,0.80,0.93,0.85,0.65,0.42,0.37,0.25,0.35,0.36,0.43,0.33,0.13,0.30,0.73,0.70,0.67,0.63,0.50,0.50,1.00,0.57,0.50,0.92,0.55,0.90,0.80,0.73,0.55,0.50,0.35,0.25,0.60,0.57,0.77,0.40,0.50,0.43,0.90,0.35,0.60,0.60,0.55,0.47,0.63,0.70,0.50,0.38,0.60,0.60,0.30,0.30,,0.25,0.65,0.43,0.57,0.40,0.50,0.40,0.50,,0.60,0.40,0.50,0.55,0.65,0.40,,0.10,0.20,0.50,0.40,0.35,0.55,0.50,0.50,0.20,0.35,0.30,,0.30,0.40,0.43,0.33,0.50,0.90,0.25,0.50,0.30,0.40,0.60,,0.45,,0.50,,0.30,0.50,0.30,0.20,0.40,0.30,0.20,0.40,0.40,0.40,0.40,0.45,0.10,0.35,0.35,0.65,0.20,0.20,0.25,0.45,0.60,0.20,0.55,0.30,,,,0.40,,
20260624,13,CO_24h,0.62,0.64,0.44,0.66,0.30,0.38,0.47,0.33,0.40,0.60,0.45,0.43,0.45,0.80,0.30,0.70,0.54,0.54,0.47,0.38,0.32,0.47,0.42,0.36,0.30,0.50,0.64,0.43,0.32,0.42,0.72,0.38,0.47,0.59,0.47,0.47,0.55,0.45,0.68,0.43,0.65,0.67,0.50,0.50,0.48,0.50,0.43,0.75,0.44,0.41,0.42,0.49,0.59,0.54,0.55,0.63,0.53,0.40,0.53,0.50,0.55,0.50,0.59,0.40,0.58,0.49,0.63,0.43,0.27,0.51,0.53,0.50,0.68,0.28,0.40,0.65,0.29,0.46,0.54,0.50,0.37,0.55,0.43,0.34,0.54,0.37,0.52,0.32,0.30,0.35,0.40,0.33,0.35,0.46,0.33,0.47,0.57,0.57,0.47,0.63,0.55,0.55,0.60,0.53,0.50,0.40,0.40,0.65,0.30,0.20,0.59,0.58,0.72,0.88,0.62,0.86,0.65,0.70,0.60,0.40,0.42,0.30,0.48,0.40,0.47,0.52,0.47,0.45,0.45,0.40,0.53,0.53,0.38,0.47,0.67,0.80,0.75,0.53,0.40,0.64,0.40,0.63,0.65,0.53,0.53,0.50,0.60,0.30,0.55,0.45,0.47,0.50,0.50,0.58,0.50,0.40,0.50,0.58,0.34,0.20,,,,,,,,,,,,,,,,,,,,,,,,,,,,,,0.43,0.40,0.60,0.43,0.37,0.65,0.70,0.67,0.50,0.37,0.40,0.40,0.45,0.38,,0.20,0.45,0.55,0.73,0.35,0.73,0.30,0.50,0.50,0.40,0.35,0.30,0.37,0.27,0.23,0.30,0.45,0.25,0.30,0.25,0.35,0.35,0.30,0.18,0.35,0.60,0.55,0.50,0.30,0.42,0.17,0.25,0.23,0.58,0.33,0.43,0.80,0.30,0.40,0.55,0.63,0.80,0.68,0.50,0.44,0.35,1.02,0.80,0.60,0.44,0.43,0.35,0.43,0.42,0.52,0.37,0.20,0.35,0.87,0.80,0.53,0.63,0.60,0.50,0.90,0.63,0.50,0.85,0.60,0.90,0.70,0.70,0.50,0.60,0.30,0.30,0.60,0.50,0.63,0.40,0.40,0.43,0.90,0.50,0.60,0.60,0.55,0.50,0.65,0.65,0.42,0.38,0.60,0.65,0.30,0.40,,0.25,0.50,0.43,0.57,0.40,0.50,0.45,0.50,,0.45,0.40,0.40,0.55,0.65,0.45,0.50,0.10,0.15,0.55,0.40,0.35,0.55,0.50,0.50,0.25,0.35,0.40,,0.30,0.35,0.47,0.40,0.50,0.85,0.30,0.45,0.40,0.35,0.65,,0.50,,0.45,,0.30,0.50,0.40,0.40,0.40,0.30,0.20,0.40,0.57,0.35,0.35,0.45,0.15,0.30,0.45,0.55,0.30,0.30,0.25,0.45,0.60,0.20,0.45,0.20,,,,0.40,,
20260624,14,AQI,51,54,101,36,43,51,100,31,39,71,83,84,65,86,31,51,34,43,43,22,26,20,23,32,33,24,18,21,24,24,29,26,35,24,26,43,26,27,25,32,26,45,51,24,25,42,50,26,64,34,46,30,22,41,31,26,34,36,29,38,38,33,36,34,23,26,14,23,44,46,40,42,48,46,23,19,37,38,29,41,32,38,38,44,95,50,101,106,39,43,45,46,54,31,37,83,37,29,27,31,27,34,37,26,40,34,24,28,21,39,33,48,49,70,30,49,64,37,39,39,34,39,37,26,26,25,46,47,41,47,38,35,26,27,22,25,25,16,37,17,30,29,19,26,13,15,26,12,15,21,47,40,38,39,44,44,99,53,39,111,,,,,,,,,,,,,,,,,,,,,,,,,,,,,,28,33,35,41,47,83,38,55,64,47,45,41,39,32,,25,45,35,71,47,44,50,48,34,33,37,34,37,33,36,36,43,41,43,26,46,28,26,27,33,27,27,19,27,24,32,24,33,23,28,36,29,28,28,42,17,20,24,27,34,25,26,19,54,46,46,45,34,35,35,34,31,28,34,33,30,31,22,28,24,27,18,22,25,37,29,22,15,17,19,37,30,38,35,33,51,25,10,18,41,28,14,14,27,30,18,16,23,18,16,21,,24,20,13,10,21,18,21,14,,9,23,20,20,26,21,17,23,27,23,20,21,19,26,31,44,40,41,,42,26,28,49,26,44,35,45,39,183,42,,38,,23,,36,44,46,42,41,28,40,33,48,42,41,42,33,46,41,158,113,89,43,36,50,30,44,51,,,,22,,
20260624,14,PM2.5,24,33,40,16,17,7,41,3,19,36,30,15,9,27,3,16,12,6,8,5,3,6,4,8,15,5,4,5,6,6,9,9,12,4,7,18,6,7,6,13,3,30,36,9,3,25,29,18,9,13,18,10,13,20,14,15,16,21,14,14,17,23,17,12,9,8,3,4,3,18,18,12,12,21,16,13,6,7,11,19,17,16,22,4,12,5,18,26,4,19,3,3,10,3,7,10,24,14,13,13,14,14,26,12,21,14,10,13,3,3,3,9,9,32,4,22,14,8,13,8,7,14,13,9,5,8,16,16,14,13,21,10,7,16,6,15,10,3,11,3,12,3,11,4,3,3,5,5,4,8,24,22,8,20,15,7,30,11,20,49,,,,,,,,,,,,,,,,,,,,,,,,,,,,,,7,19,13,3,15,25,12,30,10,11,21,14,11,3,,7,7,13,40,23,19,9,3,3,3,6,6,5,12,12,14,14,17,13,8,11,9,5,4,6,5,9,3,9,12,5,3,3,9,9,15,13,8,11,13,3,10,6,14,16,3,13,3,38,15,14,5,22,21,12,14,13,7,14,18,5,13,3,4,3,5,11,12,15,26,20,6,3,3,10,22,14,11,22,23,28,13,3,3,13,3,3,3,4,13,8,4,3,3,5,6,,3,13,3,6,3,3,15,8,,3,8,11,3,10,10,,8,5,13,5,11,6,3,3,3,3,8,,3,3,5,10,8,11,7,17,14,85,19,,10,,13,,8,13,15,9,11,3,3,18,7,8,10,11,14,28,5,85,38,37,7,10,29,7,21,27,,,,8,,
20260624,14,PM2.5_24h,37,31,29,27,21,19,42,12,18,38,36,28,20,28,5,20,13,22,18,8,4,4,1,7,12,6,2,5,6,4,9,7,12,14,15,18,18,6,10,16,16,24,25,9,3,18,24,10,12,8,20,8,8,17,13,16,20,15,17,15,15,18,16,14,8,11,6,7,6,11,15,15,20,17,9,9,8,12,23,15,21,27,21,10,27,13,17,11,7,12,5,5,15,6,15,6,19,14,17,17,19,13,20,17,20,19,14,16,4,9,13,20,16,30,17,23,23,16,29,19,15,12,24,7,9,6,24,21,20,19,21,23,7,19,4,17,12,9,11,14,12,5,11,5,4,4,4,5,5,9,23,21,14,19,16,25,68,13,26,10,,,,,,,,,,,,,,,,,,,,,,,,,,,,,,13,11,25,16,19,29,16,24,16,9,16,15,8,7,,5,9,17,23,21,19,19,17,10,7,22,9,9,13,13,14,12,15,10,9,15,10,4,4,7,5,6,2,11,9,9,4,6,7,8,21,13,10,17,13,4,15,16,12,12,6,15,8,17,28,19,14,17,19,17,14,17,4,16,22,3,19,4,5,4,12,6,9,15,16,12,9,6,9,8,19,13,12,20,20,20,14,4,17,15,3,2,7,13,12,7,2,13,3,6,8,,3,13,7,12,3,9,13,8,,4,11,10,4,11,11,5,8,6,12,5,7,9,6,4,4,2,11,,3,5,4,13,6,9,13,12,28,32,15,,15,,8,,12,14,11,11,13,6,3,8,22,11,10,14,16,21,17,57,35,27,15,12,46,12,14,20,,,,9,,
20260624,14,PM10,38,57,68,24,42,14,56,10,31,57,40,36,24,48,6,35,18,14,25,7,16,10,7,15,21,18,12,12,10,10,13,14,18,7,12,36,9,9,7,25,9,45,52,22,13,41,49,20,34,21,26,17,20,33,28,26,26,36,29,23,31,31,33,24,19,13,14,9,10,37,18,20,35,46,19,19,16,34,23,41,12,22,38,21,39,26,39,50,17,30,21,23,30,13,25,33,32,29,25,27,14,34,28,22,35,34,23,24,9,19,10,19,26,52,12,49,37,28,34,15,19,23,23,13,21,12,33,33,28,28,31,21,17,20,12,17,14,11,37,12,28,7,16,17,10,14,13,12,11,13,36,28,26,34,43,41,148,32,34,172,,,,,,,,,,,,,,,,,,,,,,,,,,,,,,19,31,24,17,47,43,25,40,31,33,36,21,39,14,,8,34,31,92,37,35,16,17,20,21,11,18,19,23,35,32,23,31,43,23,18,28,16,11,14,14,12,11,8,19,18,7,10,13,14,36,29,21,27,35,8,15,16,20,27,20,24,19,40,27,31,16,26,25,31,24,26,24,21,32,16,31,12,13,8,12,14,22,25,30,,9,6,14,12,37,30,38,34,31,52,23,10,17,22,10,6,14,12,30,12,14,6,8,11,11,,9,16,9,8,12,9,14,6,,6,7,17,10,26,10,,8,21,23,9,15,10,11,6,6,7,26,,10,7,11,25,16,17,15,45,31,316,41,,23,,22,,21,20,31,21,21,14,,24,35,24,19,28,,37,26,266,175,127,43,24,50,21,44,51,,,,20,,
20260624,14,PM10_24h,57,57,49,48,45,27,69,21,33,58,53,55,43,44,9,33,18,28,39,8,13,5,4,16,24,15,7,10,11,10,15,15,22,17,23,32,23,7,11,32,25,42,38,21,8,33,42,8,37,14,32,15,13,31,29,25,27,25,33,27,28,30,29,24,20,16,17,15,13,23,29,23,55,50,14,15,17,46,43,30,26,34,37,18,51,34,40,30,22,21,22,23,32,12,19,26,30,26,27,32,27,27,31,27,37,38,27,28,11,23,28,28,41,53,23,47,30,27,33,30,30,24,39,10,15,10,35,35,33,33,37,36,18,26,12,17,12,18,30,24,23,11,18,19,14,14,9,12,15,18,38,30,29,33,36,60,199,40,47,50,,,,,,,,,,,,,,,,,,,,,,,,,,,,,,23,22,44,34,48,46,26,36,59,41,31,26,31,21,,10,33,24,38,30,27,25,25,21,28,25,17,16,32,28,26,29,27,25,18,32,17,15,11,18,14,8,9,7,22,22,5,12,11,10,37,22,18,28,26,10,22,35,20,27,23,29,24,30,39,37,27,27,26,31,24,34,18,28,32,12,27,13,10,8,21,16,15,16,23,15,15,13,16,11,44,33,32,34,28,35,23,16,25,27,17,7,11,18,25,11,11,19,9,12,20,,8,16,14,16,12,18,19,6,,4,14,22,10,26,16,8,12,14,30,8,16,15,14,9,10,13,21,,12,8,9,26,18,16,27,25,50,92,39,,28,,27,,37,26,25,21,24,20,10,15,52,27,16,40,16,49,47,165,121,93,88,27,76,31,52,74,,,,20,,
20260624,14,SO2,5,8,2,5,5,4,5,4,3,3,6,6,4,12,8,7,7,5,5,6,5,6,4,6,8,6,5,6,4,9,7,7,6,6,5,5,7,5,5,5,6,2,5,5,7,5,3,7,6,6,4,4,5,6,6,6,6,6,4,3,5,7,4,5,8,4,6,5,6,6,8,10,8,5,4,6,8,8,6,9,8,6,2,9,10,8,10,10,9,5,5,4,6,7,4,9,11,6,8,5,6,6,5,5,4,8,3,4,4,4,7,11,6,13,9,9,11,9,6,7,4,6,5,5,6,3,9,3,8,9,6,8,7,7,4,7,8,5,4,5,3,8,9,10,3,9,4,6,3,5,7,5,4,8,8,15,6,13,7,3,,,,,,,,,,,,,,,,,,,,,,,,,,,,,,5,3,4,4,9,11,5,7,5,12,8,5,11,5,,6,12,6,10,12,6,5,7,9,10,1,5,8,8,5,8,5,5,6,6,9,7,6,7,5,8,4,4,8,4,5,5,4,5,7,4,12,4,4,8,4,9,9,5,3,8,2,5,8,7,6,5,4,6,6,4,4,4,9,6,4,7,4,5,7,4,5,6,3,6,5,6,7,4,3,8,6,4,7,2,11,10,2,6,4,4,9,9,4,25,6,5,8,7,5,3,,6,8,4,6,3,6,4,4,,4,6,7,9,7,7,1,4,3,9,6,4,5,9,7,6,7,4,,6,4,4,7,4,7,3,11,11,6,10,,4,,8,,4,18,9,10,13,12,7,18,8,6,6,7,5,9,5,3,5,3,4,6,4,7,7,5,,,,3,,
20260624,14,SO2_24h,4,8,2,8,6,4,4,4,3,3,9,6,4,12,8,6,7,6,6,6,5,5,4,6,8,6,5,7,4,9,7,7,6,6,5,5,7,5,5,5,6,2,4,6,7,5,3,7,6,6,4,4,5,6,5,6,5,6,4,3,5,8,4,5,8,4,5,5,6,5,8,15,9,5,5,6,8,9,7,6,8,16,3,9,11,9,11,9,11,6,5,4,7,7,4,10,8,6,8,5,8,6,5,5,4,10,4,6,5,5,8,11,7,12,15,9,11,8,8,6,4,6,6,5,6,3,11,3,8,9,5,9,7,8,4,7,8,5,3,6,2,8,9,11,4,10,4,6,3,3,6,6,4,7,8,23,10,15,7,4,,,,,,,,,,,,,,,,,,,,,,,,,,,,,,5,3,5,4,8,11,5,7,5,11,8,5,12,9,,6,11,7,10,11,6,5,7,11,11,1,4,7,9,6,8,6,4,9,6,10,7,6,7,4,8,4,4,8,5,5,5,4,5,6,5,10,4,5,6,4,11,5,5,4,11,5,5,9,7,7,6,3,6,6,5,5,4,8,7,5,7,4,5,7,4,5,6,10,4,5,6,6,5,3,8,6,4,8,5,11,11,3,7,4,5,9,9,4,9,6,5,7,8,5,3,,6,9,4,10,3,6,4,4,,5,6,8,9,6,7,2,4,2,8,6,5,5,9,7,6,9,4,,5,4,4,23,5,7,21,8,11,8,10,,5,,8,,4,9,8,10,12,13,7,19,10,7,7,7,6,8,5,4,7,3,4,6,4,7,6,5,,,,3,,
20260624,14,NO2,9,12,13,12,10,5,8,5,6,8,7,7,6,9,3,10,5,7,11,11,10,14,5,8,6,5,18,13,12,3,5,5,7,14,15,8,14,6,11,6,7,16,11,4,6,8,10,8,9,12,7,10,5,8,7,2,7,2,6,7,6,6,5,5,10,7,8,5,6,8,7,12,9,5,5,9,7,8,10,8,8,9,7,10,9,2,8,9,8,10,8,5,6,6,10,13,8,4,7,4,4,2,6,2,7,5,2,3,3,8,5,5,8,8,9,17,12,9,8,8,6,6,6,7,5,10,6,3,7,7,8,5,10,5,6,3,6,9,4,10,4,4,7,6,8,5,4,7,4,6,8,7,4,6,6,6,5,12,5,4,,,,,,,,,,,,,,,,,,,,,,,,,,,,,,3,4,6,5,8,3,3,9,7,9,10,7,7,4,,6,5,12,19,11,6,5,9,5,4,19,4,7,8,14,8,6,7,9,9,10,2,6,4,3,6,5,4,5,7,2,4,3,10,4,6,9,3,2,8,3,8,9,2,5,8,7,3,9,6,5,9,3,7,4,4,6,5,7,7,6,6,3,3,5,4,4,6,3,6,8,5,6,6,4,6,5,6,6,8,10,7,7,7,4,7,8,7,6,10,5,9,4,6,3,4,,4,8,11,6,4,5,4,4,,6,3,11,5,5,4,3,3,6,5,6,5,7,7,7,2,3,4,,2,6,5,6,3,7,5,9,6,6,8,,5,,5,,7,9,2,2,3,1,3,2,5,7,5,4,5,5,4,3,3,4,2,7,2,6,6,4,,,,2,,
20260624,14,NO2_24h,18,19,9,13,16,10,14,8,12,19,17,20,9,17,7,17,8,23,23,16,11,16,5,8,11,4,15,15,11,3,7,5,9,17,21,11,18,9,15,17,21,23,19,8,8,10,17,8,13,12,15,12,7,15,10,3,13,4,10,10,10,9,8,9,14,10,10,8,8,12,16,16,20,9,6,10,13,28,14,14,15,28,11,11,18,10,18,13,12,12,12,6,11,9,11,15,12,7,11,7,9,4,12,3,14,12,5,8,6,12,14,7,13,17,18,15,19,16,20,17,11,13,10,9,6,14,12,9,17,9,21,9,13,8,7,5,9,7,4,13,7,7,12,9,14,5,6,8,7,9,15,13,14,9,13,17,10,16,7,6,,,,,,,,,,,,,,,,,,,,,,,,,,,,,,7,8,15,12,16,10,4,12,25,10,12,11,8,9,,9,6,16,15,17,15,22,19,10,13,9,10,10,15,13,11,8,15,13,11,22,5,9,7,5,10,6,6,5,11,3,6,8,13,6,11,10,5,7,10,4,11,12,5,10,8,11,3,11,11,12,13,11,18,8,8,15,5,11,16,10,8,6,5,6,6,5,7,5,8,9,6,6,10,6,25,8,8,15,10,12,10,8,10,13,11,8,8,11,15,6,16,9,9,4,5,,14,10,12,7,6,8,7,6,,6,6,13,6,7,7,4,6,9,6,7,6,9,7,7,3,3,9,,3,6,6,14,9,11,12,13,17,11,18,,8,,9,,22,8,5,2,6,2,10,2,24,13,8,8,9,8,8,7,10,13,7,11,3,7,8,6,,,,4,,
20260624,14,O3,161,159,202,116,139,161,200,98,126,177,186,187,172,189,98,161,109,137,137,70,84,65,72,101,104,78,58,67,77,77,94,82,112,78,82,139,84,85,80,101,84,115,124,78,81,135,160,77,171,108,148,95,71,131,98,81,108,94,74,120,120,106,114,108,72,83,34,72,140,146,128,133,153,131,56,62,118,123,94,115,103,123,123,140,196,159,201,211,126,137,145,146,163,100,117,186,118,90,86,98,86,90,100,84,128,95,77,89,66,126,107,153,156,176,97,112,171,117,124,125,110,125,118,84,83,81,146,150,130,150,123,112,82,87,71,81,81,50,87,53,96,93,60,82,41,49,82,36,47,67,149,127,120,125,142,142,117,162,125,109,,,,,,,,,,,,,,,,,,,,,,,,,,,,,,90,105,112,130,140,186,122,164,171,150,143,130,111,101,,80,145,112,127,151,140,159,154,108,106,118,110,118,104,116,115,139,132,125,84,147,68,83,85,107,87,87,62,87,77,103,77,105,75,91,105,81,88,88,134,53,65,76,86,110,81,84,57,94,147,146,145,110,112,111,109,99,88,108,104,96,92,71,91,76,87,56,61,65,85,66,69,48,53,62,114,94,113,112,100,95,80,21,59,131,90,44,32,86,87,58,51,72,57,52,67,,76,64,41,33,67,58,62,46,,30,74,63,63,57,68,55,72,86,61,64,67,60,84,99,141,128,131,,133,84,89,156,84,142,113,101,126,124,134,,121,,74,,116,141,147,134,130,91,128,105,155,134,130,134,105,146,132,106,122,129,139,115,104,96,140,132,,,,69,,
20260624,14,O3_24h,161,159,202,116,139,161,200,98,126,177,186,187,172,189,98,161,109,137,137,70,84,65,72,101,104,78,58,67,77,77,94,82,112,78,82,139,84,85,80,101,84,115,124,78,81,135,160,77,171,108,148,95,71,131,98,81,108,94,74,120,120,106,114,108,72,83,34,72,140,146,128,133,153,131,56,62,118,123,94,115,103,123,123,140,196,159,201,211,126,137,145,146,163,100,117,186,118,90,86,98,86,90,100,84,128,95,77,89,66,126,107,153,156,176,97,112,171,117,124,125,110,125,118,84,83,81,146,150,130,150,123,112,82,87,71,81,81,50,87,53,96,93,60,82,41,49,82,36,47,67,149,127,120,125,142,142,117,162,125,109,,,,,,,,,,,,,,,,,,,,,,,,,,,,,,90,105,112,130,140,186,122,164,171,150,143,130,111,101,,80,145,112,127,151,140,159,154,108,106,118,110,118,104,116,115,139,132,125,84,147,68,83,85,107,87,87,62,87,77,103,77,105,75,91,105,81,88,88,134,53,65,76,86,110,81,84,57,94,147,146,145,110,112,111,109,99,88,108,104,96,92,71,91,76,87,56,61,65,85,66,69,48,53,62,114,94,113,112,100,95,80,21,59,131,90,44,32,86,87,58,51,72,57,52,67,,76,64,41,33,67,58,62,46,,30,74,63,63,57,68,55,72,86,61,64,67,60,84,99,141,128,131,,133,84,89,156,84,142,113,101,126,124,134,,121,,74,,116,141,147,134,130,91,128,105,155,134,130,134,105,146,132,106,122,129,139,115,104,96,140,132,,,,69,,
20260624,14,O3_8h,114,90,139,79,78,128,133,72,92,106,130,138,132,133,82,118,92,107,103,70,70,78,88,93,83,74,74,73,73,74,77,80,90,59,58,94,55,80,76,74,46,64,67,58,71,78,112,64,117,91,101,65,58,86,71,76,82,78,69,89,81,74,76,73,40,58,33,54,126,87,95,89,97,97,49,52,78,81,93,76,96,80,91,98,151,116,130,131,101,101,107,109,108,88,116,127,78,72,75,78,79,75,65,79,86,72,57,70,58,94,79,127,122,112,83,110,120,96,75,105,103,78,109,69,67,64,105,121,96,117,76,101,40,69,58,77,58,41,76,34,86,64,44,60,29,44,61,29,37,44,105,97,79,63,93,97,118,107,88,91,,,,,,,,,,,,,,,,,,,,,,,,,,,,,,73,79,91,110,91,132,123,116,113,99,125,105,79,84,,69,127,102,114,100,91,118,84,82,86,108,94,67,87,106,96,99,112,95,77,116,51,75,75,88,68,65,53,75,68,83,67,84,60,72,81,73,69,74,69,39,42,58,61,74,57,43,56,51,112,112,108,73,77,84,81,63,61,63,56,62,81,63,62,64,72,37,49,47,62,43,53,45,39,34,64,61,74,58,66,56,62,42,45,86,82,36,29,63,51,44,34,49,41,43,31,,41,36,37,41,55,44,44,39,,17,57,51,51,41,46,49,55,52,37,52,45,39,73,53,120,109,108,,138,66,76,123,60,91,93,61,82,125,83,,117,,48,,68,97,104,114,105,96,83,110,99,86,95,93,88,103,89,99,85,85,114,88,64,108,106,84,,,,64,,
20260624,14,O3_8h_24h,114,89,145,80,78,128,133,72,92,106,130,138,132,133,82,118,92,107,103,68,70,68,69,93,83,74,63,65,71,71,77,80,90,59,55,94,55,80,76,74,46,64,67,58,71,78,112,63,117,90,101,65,57,86,71,75,82,78,69,89,81,74,76,73,40,58,30,54,126,87,95,89,97,97,49,52,78,81,93,76,96,80,91,98,136,116,130,138,101,101,107,109,108,88,116,127,78,72,75,78,66,75,65,79,86,72,57,70,58,94,79,127,122,112,83,110,120,96,75,105,103,78,109,69,67,63,105,121,96,117,76,101,40,72,56,77,58,41,76,34,80,64,44,60,27,43,61,29,37,44,105,97,79,63,93,97,118,107,82,91,,,,,,,,,,,,,,,,,,,,,,,,,,,,,,73,79,91,110,91,132,119,116,113,99,125,105,79,84,,69,127,102,114,100,91,118,,82,86,108,94,67,87,106,96,99,112,95,77,116,51,74,75,88,68,65,53,75,68,83,67,84,60,72,81,73,69,74,69,39,42,58,61,74,57,43,53,51,112,112,108,73,77,84,81,63,61,63,56,62,81,63,62,64,72,37,49,47,62,42,53,42,39,34,64,61,74,58,66,56,62,42,45,86,81,36,27,56,51,44,34,48,38,39,30,,41,35,32,36,54,44,44,39,,16,57,51,51,41,46,49,55,52,37,52,45,39,73,53,116,109,108,,137,64,76,123,60,91,93,61,82,100,83,,117,,48,,68,97,104,114,105,95,83,105,99,86,95,93,88,103,89,99,85,85,114,88,64,88,106,83,,,,64,,
20260624,14,CO,0.66,0.68,0.65,0.79,0.25,0.25,0.56,0.27,0.40,0.70,0.38,0.43,0.35,0.73,0.26,0.76,0.54,0.34,0.33,0.36,0.34,0.46,0.38,0.36,0.32,0.50,0.80,0.40,0.36,0.47,0.54,0.46,0.43,0.52,0.44,0.47,0.46,0.50,0.65,0.40,0.60,0.63,0.50,0.45,0.46,0.53,0.47,0.83,0.35,0.44,0.41,0.54,0.59,0.48,0.59,0.63,0.50,0.40,0.53,0.50,0.55,0.40,0.60,0.45,0.57,0.48,0.50,0.40,0.28,0.55,0.47,0.20,0.50,0.31,0.37,0.62,0.30,0.40,0.58,0.53,0.33,0.40,0.37,0.41,0.50,0.37,0.50,0.47,0.26,0.43,0.40,0.30,0.30,0.44,0.30,0.50,0.60,0.52,0.37,0.60,0.60,0.65,0.60,0.47,0.45,0.40,0.40,0.65,0.23,0.10,0.36,0.42,0.47,0.86,0.38,0.96,0.68,0.68,0.46,0.33,0.30,0.33,0.37,0.35,0.40,0.52,0.31,0.40,0.33,0.30,0.50,0.45,0.30,0.35,0.78,0.80,0.70,0.67,0.42,0.63,0.30,0.60,0.60,0.55,0.53,0.53,0.63,0.30,0.50,0.45,0.43,0.50,0.50,0.50,0.50,0.40,0.43,0.62,0.32,0.20,,,,,,,,,,,,,,,,,,,,,,,,,,,,,,0.35,0.40,0.40,0.27,0.30,0.65,0.50,0.70,0.40,0.47,0.47,0.30,0.50,0.33,,0.20,0.45,0.55,1.43,0.45,0.60,0.30,0.50,0.40,0.35,0.25,0.30,0.17,0.27,0.20,0.30,0.42,0.30,0.40,0.25,0.35,0.45,0.30,0.17,0.30,0.53,0.53,0.50,0.35,0.36,0.17,0.25,0.17,0.55,0.27,0.37,1.43,0.20,0.30,0.80,0.63,0.67,0.60,0.45,0.42,0.80,0.88,0.82,0.65,0.38,0.33,0.25,0.33,0.34,0.45,0.33,0.13,0.35,0.67,0.70,0.63,0.65,0.50,0.47,1.00,0.57,0.50,0.88,0.55,0.90,0.85,0.73,0.50,0.50,0.40,0.30,0.60,0.55,0.70,0.40,0.50,0.43,0.90,0.45,0.50,0.60,0.55,0.47,0.63,0.70,0.47,0.33,0.55,0.60,0.30,0.30,,0.25,0.50,0.40,0.57,0.40,0.50,0.40,0.50,,0.60,0.40,0.40,0.55,0.60,0.35,0.30,0.10,0.15,0.50,0.40,0.35,0.60,0.50,0.45,0.20,0.35,0.30,,0.30,0.45,0.43,0.33,0.50,0.85,0.25,0.35,0.30,0.40,0.50,,0.40,,0.45,,0.25,0.50,0.40,0.20,0.40,0.30,0.20,0.40,0.33,0.30,0.30,0.45,,0.40,0.35,0.65,0.10,0.20,0.25,0.45,0.60,0.20,0.50,0.30,,,,0.40,,
20260624,14,CO_24h,0.62,0.64,0.48,0.67,0.30,0.38,0.49,0.30,0.40,0.60,0.45,0.45,0.45,0.82,0.30,0.70,0.54,0.54,0.47,0.38,0.32,0.47,0.42,0.36,0.30,0.50,0.64,0.43,0.34,0.42,0.72,0.38,0.45,0.59,0.46,0.47,0.55,0.47,0.68,0.43,0.65,0.67,0.50,0.50,0.48,0.50,0.43,0.75,0.45,0.41,0.42,0.49,0.59,0.54,0.56,0.63,0.53,0.40,0.53,0.50,0.55,0.50,0.60,0.40,0.58,0.49,0.63,0.43,0.27,0.51,0.50,0.50,0.62,0.28,0.40,0.65,0.27,0.46,0.54,0.50,0.37,0.55,0.43,0.36,0.54,0.37,0.50,0.32,0.30,0.37,0.40,0.33,0.35,0.46,0.33,0.48,0.57,0.57,0.47,0.63,0.55,0.55,0.60,0.50,0.50,0.40,0.40,0.65,0.30,0.20,0.59,0.58,0.65,0.88,0.62,0.86,0.65,0.72,0.60,0.40,0.40,0.30,0.48,0.40,0.47,0.52,0.44,0.45,0.45,0.40,0.53,0.53,0.38,0.47,0.70,0.80,0.75,0.53,0.38,0.63,0.40,0.63,0.65,0.53,0.53,0.50,0.63,0.30,0.55,0.45,0.47,0.50,0.50,0.58,0.50,0.40,0.50,0.58,0.34,0.20,,,,,,,,,,,,,,,,,,,,,,,,,,,,,,0.43,0.40,0.60,0.43,0.37,0.65,0.70,0.67,0.50,0.37,0.40,0.40,0.45,0.38,,0.20,0.45,0.58,0.77,0.35,0.73,0.27,0.50,0.50,0.40,0.35,0.30,0.37,0.27,0.23,0.33,0.45,0.25,0.30,0.25,0.35,0.35,0.30,0.18,0.35,0.60,0.55,0.50,0.30,0.42,0.17,0.25,0.23,0.58,0.33,0.43,0.87,0.30,0.40,0.55,0.63,0.77,0.70,0.50,0.44,0.40,1.02,0.80,0.60,0.44,0.43,0.35,0.43,0.42,0.52,0.37,0.20,0.35,0.83,0.80,0.57,0.63,0.60,0.50,0.90,0.63,0.50,0.85,0.60,0.90,0.70,0.70,0.50,0.60,0.30,0.30,0.60,0.50,0.67,0.40,0.40,0.43,0.90,0.50,0.60,0.60,0.55,0.50,0.67,0.65,0.42,0.38,0.60,0.65,0.30,0.40,,0.25,0.50,0.43,0.57,0.40,0.50,0.45,0.50,,0.45,0.40,0.40,0.55,0.65,0.45,0.50,0.10,0.15,0.55,0.40,0.35,0.55,0.50,0.50,0.20,0.35,0.40,,0.30,0.35,0.47,0.40,0.50,0.85,0.30,0.45,0.40,0.35,0.65,,0.50,,0.45,,0.30,0.50,0.40,0.40,0.40,0.30,0.20,0.40,0.57,0.35,0.35,0.45,0.15,0.25,0.40,0.55,0.30,0.30,0.25,0.45,0.60,0.20,0.45,0.20,,,,0.40,,
20260624,15,AQI,51,66,106,39,45,54,106,31,38,89,88,86,66,75,32,63,34,43,43,21,25,20,22,31,34,26,19,20,23,24,30,27,36,24,29,43,28,27,24,29,29,43,46,36,25,45,49,26,71,35,47,28,23,40,30,26,31,31,32,35,36,31,34,32,25,29,16,24,43,47,37,40,48,42,23,23,38,39,28,41,38,45,39,46,101,65,105,110,42,43,48,47,65,32,38,83,36,33,26,33,26,36,33,26,41,29,25,34,21,41,36,49,48,75,32,52,64,27,44,40,34,40,36,26,24,28,47,48,41,50,40,34,28,27,23,26,25,16,37,18,31,28,21,25,14,16,27,12,17,23,49,40,37,37,45,52,91,58,39,150,,,,,,,,,,,,,,,,,,,,,,,,,,,,,,30,33,40,46,46,81,40,42,59,49,47,38,40,32,,23,47,39,40,54,49,56,47,33,33,37,36,37,33,34,40,45,39,43,24,46,43,28,27,34,28,30,20,28,24,34,26,34,24,29,41,32,27,26,44,16,22,25,26,36,29,25,19,47,48,47,48,35,36,33,36,32,28,32,36,30,30,22,29,21,28,17,20,20,31,36,22,16,19,19,37,32,39,38,29,54,22,20,21,42,27,14,13,30,29,19,18,26,18,18,23,,23,24,16,13,21,18,21,15,,10,23,29,19,24,21,18,20,22,23,19,20,18,24,32,44,41,42,,44,25,28,50,26,38,34,41,42,190,42,,39,,24,,36,43,45,43,40,26,38,34,60,44,42,43,34,48,42,131,107,91,52,38,58,30,46,43,,,,20,,
20260624,15,PM2.5,20,33,47,18,14,7,43,4,15,40,28,20,11,26,5,16,13,7,8,6,3,10,4,7,14,5,8,5,13,6,10,11,14,5,7,18,8,8,10,11,3,28,32,14,3,26,28,18,10,12,15,6,12,19,15,14,15,21,15,12,16,21,15,10,10,8,4,4,3,15,18,11,10,16,12,15,3,9,12,19,18,16,23,5,13,8,17,27,5,15,3,5,11,4,7,8,23,14,12,14,14,14,23,12,22,14,10,14,3,3,3,8,6,55,4,24,13,4,12,9,7,8,10,9,5,8,18,13,13,13,20,8,9,14,6,12,11,3,10,3,12,3,9,4,5,3,5,5,5,6,19,19,7,20,11,14,32,13,17,80,,,,,,,,,,,,,,,,,,,,,,,,,,,,,,12,16,19,6,17,24,14,22,6,9,23,20,11,6,,3,12,14,18,22,34,9,6,5,3,6,11,3,11,17,18,13,20,15,11,9,8,7,3,6,3,12,3,14,11,9,3,3,9,14,15,10,8,11,16,3,9,5,17,16,3,13,3,33,21,8,11,13,18,20,12,11,5,12,18,4,17,3,4,3,6,3,9,13,22,25,6,3,3,10,21,14,15,23,16,31,5,3,3,13,3,3,3,3,14,5,3,3,3,5,3,,3,9,11,9,3,5,12,8,,5,12,20,3,8,10,,3,3,9,7,6,8,3,3,3,3,8,,3,5,6,10,12,7,7,19,9,88,14,,11,,10,,12,13,19,9,12,6,3,12,16,13,7,12,14,28,5,75,38,39,5,9,41,8,18,25,,,,5,,
20260624,15,PM2.5_24h,36,31,30,27,20,19,43,12,18,38,37,27,21,28,5,20,13,22,18,7,4,4,1,8,13,6,3,5,6,4,9,7,13,13,14,18,18,6,10,15,16,25,25,9,3,18,24,11,12,9,19,8,9,17,13,16,20,15,18,15,15,19,16,14,8,11,6,7,6,12,15,15,19,17,9,9,8,11,23,15,21,27,21,10,27,12,17,11,7,13,5,6,15,6,15,6,19,14,17,17,19,13,20,17,20,19,14,16,4,9,12,20,16,31,17,24,23,16,29,19,15,12,24,8,9,6,24,20,19,18,21,23,7,19,4,17,13,9,10,14,12,5,11,5,4,4,4,5,5,9,24,21,14,19,16,24,69,13,26,13,,,,,,,,,,,,,,,,,,,,,,,,,,,,,,14,12,26,16,20,29,16,24,16,10,17,16,8,7,,5,9,18,23,22,20,19,17,10,7,22,9,9,13,13,14,12,16,10,10,15,10,4,4,7,5,7,2,11,9,9,4,6,7,8,21,13,10,17,13,5,15,14,11,13,6,14,8,18,28,18,13,17,19,17,14,16,4,16,22,3,19,4,5,4,11,6,9,15,16,13,8,6,9,8,20,13,13,20,19,21,14,4,16,15,3,2,7,13,12,7,3,12,2,6,8,,3,13,6,12,3,9,13,7,,4,11,10,4,11,10,5,7,6,11,5,7,9,6,4,4,2,11,,3,5,4,13,6,9,13,13,27,33,15,,15,,9,,13,14,12,11,14,6,3,8,22,12,10,14,16,21,17,58,36,29,13,12,46,12,15,20,,,,9,,
20260624,15,PM10,32,57,68,24,35,8,58,17,34,61,49,39,28,43,7,34,19,16,28,9,19,14,8,16,22,15,19,15,12,10,14,18,20,8,13,34,10,10,7,22,9,43,46,36,13,41,49,18,36,18,23,15,19,32,29,26,28,31,32,22,31,28,28,21,19,14,16,9,8,33,21,21,32,32,21,23,14,39,24,41,12,29,38,23,38,28,43,49,20,24,18,22,34,13,16,30,34,33,22,31,18,36,26,24,34,29,25,34,9,17,11,18,16,69,10,53,35,21,40,15,18,17,23,13,22,12,27,26,28,28,30,22,17,24,12,17,12,10,37,6,21,8,13,18,14,14,12,9,9,12,27,26,16,35,34,53,132,34,33,249,,,,,,,,,,,,,,,,,,,,,,,,,,,,,,16,28,26,22,43,35,23,42,28,38,47,21,40,17,,6,35,31,38,40,39,17,17,12,16,11,22,15,25,20,38,26,32,43,23,15,43,18,14,13,15,14,6,13,19,21,8,10,14,15,41,32,27,21,41,10,20,17,17,27,20,22,19,38,30,30,16,19,27,30,23,28,23,19,36,15,27,7,10,13,14,15,15,18,,31,9,5,9,14,29,25,39,34,28,58,21,20,8,32,13,6,13,12,25,11,14,6,8,10,13,,8,15,10,10,10,11,14,9,,6,12,,12,24,14,,9,15,23,6,12,13,16,7,6,6,11,,9,8,11,23,18,9,11,41,34,329,42,,24,,20,,28,22,21,19,21,23,,18,29,40,15,31,19,36,27,212,163,132,54,22,44,21,42,43,,,,18,,
20260624,15,PM10_24h,56,57,51,47,45,26,70,20,34,58,54,55,43,45,8,33,18,27,39,8,14,6,4,16,24,15,7,10,11,10,15,15,22,17,23,32,23,7,10,31,25,42,38,21,9,33,43,9,37,15,32,15,13,31,29,25,28,25,33,27,28,30,29,24,20,16,17,15,13,23,28,24,54,50,14,16,17,46,43,31,25,34,37,18,51,34,39,30,22,21,22,23,31,12,20,26,30,26,28,32,27,28,31,27,38,38,27,29,11,23,27,28,40,54,23,48,31,28,33,30,29,24,39,10,15,10,35,34,33,33,37,36,18,25,12,17,12,18,30,23,23,11,18,19,14,13,9,12,15,18,38,30,29,33,35,60,202,40,47,59,,,,,,,,,,,,,,,,,,,,,,,,,,,,,,23,22,44,34,49,45,26,36,59,41,32,25,31,21,,10,33,25,39,30,27,24,25,20,28,24,16,15,32,28,27,29,28,27,19,32,18,15,11,17,14,9,9,8,22,22,5,12,11,11,37,22,19,28,24,10,22,32,19,28,23,28,24,30,38,37,26,27,26,31,24,34,18,28,32,13,27,13,11,8,21,16,15,17,23,16,14,13,16,11,44,33,32,35,28,36,23,16,25,27,17,7,11,18,25,11,12,17,9,12,20,,8,16,13,16,12,17,20,6,,4,14,22,10,26,16,8,12,13,30,8,16,15,14,9,10,13,21,,12,8,9,26,18,16,27,27,50,97,39,,28,,26,,37,25,25,22,24,20,10,16,51,28,17,40,17,49,47,173,127,98,84,27,75,31,52,72,,,,20,,
20260624,15,SO2,4,7,2,8,5,5,5,3,5,3,7,6,4,9,8,7,7,5,5,6,5,6,4,5,8,6,6,6,4,9,7,7,6,6,5,5,7,5,5,5,6,2,4,5,7,5,3,7,5,6,4,4,5,6,5,6,5,6,4,3,5,7,4,5,8,4,6,5,6,6,9,14,8,5,4,5,7,7,6,9,8,6,2,9,10,7,9,9,9,5,5,4,6,8,4,9,13,6,8,6,6,6,5,5,4,6,3,5,3,4,8,11,6,10,11,11,11,7,8,6,4,7,5,5,6,4,9,2,8,7,6,8,7,6,4,7,7,5,3,5,3,8,9,8,4,10,4,6,4,4,6,5,3,7,8,12,5,13,7,3,,,,,,,,,,,,,,,,,,,,,,,,,,,,,,5,3,4,5,9,10,5,5,5,11,11,5,12,5,,6,13,5,11,10,6,5,7,6,11,2,5,8,8,5,9,6,4,6,6,9,7,6,7,5,8,4,4,8,4,5,5,4,5,7,3,9,4,4,7,4,9,5,5,3,7,3,6,7,7,6,5,3,5,6,5,5,4,9,6,4,7,3,5,7,3,5,6,3,5,5,6,7,5,3,8,6,4,6,3,14,10,3,6,3,4,10,9,4,11,6,5,8,8,5,3,,6,7,6,11,3,7,4,4,,4,6,7,10,6,7,1,4,2,8,5,5,5,8,7,6,7,4,,5,4,4,8,,7,4,12,10,6,9,,4,,8,,4,12,7,10,12,13,6,19,8,6,6,7,5,9,5,4,6,3,5,6,5,7,7,5,,,,4,,
20260624,15,SO2_24h,4,8,2,8,6,4,4,4,3,3,9,6,4,12,8,6,7,6,6,6,5,6,4,6,8,6,5,7,4,9,7,7,6,6,5,5,7,5,5,5,6,2,4,6,7,5,3,7,6,6,4,4,5,6,5,6,5,6,4,3,5,8,4,5,8,4,5,6,6,5,8,16,8,5,5,6,8,8,7,7,8,16,3,9,11,9,11,9,11,6,5,4,7,7,4,10,8,6,8,5,8,6,5,5,4,10,4,6,5,5,8,11,7,12,15,9,11,8,8,6,4,6,6,5,6,3,11,3,8,9,5,9,7,8,4,7,8,5,3,6,2,8,9,11,4,10,4,6,3,3,6,6,4,7,8,23,10,15,7,4,,,,,,,,,,,,,,,,,,,,,,,,,,,,,,5,3,5,4,8,11,5,7,5,11,8,5,12,9,,6,11,7,10,11,6,5,7,11,11,1,4,7,9,6,8,6,4,9,6,10,7,6,7,4,8,4,4,8,5,5,5,4,5,6,5,10,4,5,6,4,11,5,5,4,11,5,5,9,7,7,5,3,6,6,5,5,4,8,7,5,7,4,5,7,4,5,6,9,4,5,6,6,6,3,8,6,4,8,5,11,11,3,7,4,5,9,9,4,9,6,5,7,8,5,3,,6,8,4,10,3,6,4,4,,5,6,8,9,6,7,2,4,2,8,5,5,5,9,7,6,9,4,,5,4,4,23,5,7,21,9,11,8,10,,5,,8,,4,9,8,10,12,13,7,19,10,7,7,7,6,8,5,4,7,3,4,6,4,7,6,5,,,,3,,
20260624,15,NO2,9,11,12,10,11,5,9,5,7,9,7,8,4,9,3,10,7,7,13,12,12,16,6,8,6,6,19,13,13,3,5,5,8,14,14,8,15,7,13,6,7,15,11,6,6,7,10,10,9,8,7,9,6,9,7,2,9,3,6,6,5,6,5,5,9,6,9,6,6,8,11,17,8,4,5,9,6,8,8,9,9,10,6,10,10,4,8,10,9,9,8,6,6,7,9,13,9,5,7,5,5,2,6,3,8,4,3,4,3,8,5,6,8,12,10,19,12,10,8,9,6,6,6,7,6,19,6,3,8,8,8,5,10,6,7,3,6,10,4,7,5,4,6,5,10,4,5,6,3,6,7,8,5,7,5,9,6,11,3,3,,,,,,,,,,,,,,,,,,,,,,,,,,,,,,3,4,6,6,8,3,4,11,6,9,11,8,8,4,,8,5,9,14,10,6,5,16,6,4,14,5,7,11,16,8,5,9,18,8,11,4,6,5,3,6,5,3,7,9,2,3,3,11,5,6,11,4,2,8,2,8,10,2,6,8,6,3,8,6,5,11,3,7,4,3,8,5,8,9,6,6,3,3,8,4,4,6,4,5,8,5,5,4,4,5,5,5,6,9,8,7,7,4,3,8,8,6,8,13,5,9,4,7,3,5,,5,6,14,6,5,5,5,5,,5,3,10,6,5,5,3,4,5,4,6,4,8,7,6,2,3,3,,2,8,5,7,6,6,7,9,6,6,8,,5,,5,,7,14,5,2,3,2,4,2,8,7,6,4,4,5,4,3,3,4,2,6,3,7,6,3,,,,2,,
20260624,15,NO2_24h,17,19,9,13,16,10,15,8,12,19,17,20,9,17,7,17,8,23,23,16,11,16,5,8,11,4,15,15,11,3,7,5,9,17,21,11,18,9,14,17,20,23,19,8,8,10,17,8,13,11,15,12,6,15,10,3,13,4,10,10,10,9,8,9,14,10,10,8,8,12,16,16,20,9,6,10,13,27,14,14,15,28,11,11,18,10,18,13,12,12,12,6,11,9,11,15,12,7,11,7,10,4,12,3,14,12,5,7,6,12,13,7,13,18,17,16,18,16,20,17,11,13,10,9,6,15,12,9,17,9,21,9,12,8,7,5,9,7,4,13,7,7,12,9,14,5,6,8,7,9,15,13,14,9,13,17,10,16,7,6,,,,,,,,,,,,,,,,,,,,,,,,,,,,,,7,8,15,12,16,10,4,12,24,10,12,11,8,9,,9,6,16,15,17,15,22,20,10,13,9,10,10,15,13,11,8,15,13,11,22,5,9,7,5,10,6,5,5,11,3,6,8,13,6,10,10,5,7,10,4,11,12,5,10,8,11,3,11,11,12,13,11,18,8,8,15,5,11,16,10,8,6,5,6,6,5,7,5,8,9,6,6,10,6,25,9,8,15,10,12,10,8,10,13,11,8,8,11,16,6,16,9,9,4,5,,14,10,12,7,6,8,7,6,,6,6,13,6,7,7,4,6,9,6,7,6,9,7,7,3,3,9,,3,6,6,14,10,11,12,13,17,11,18,,8,,9,,22,9,5,2,6,2,10,2,23,13,8,8,9,8,8,7,10,13,7,11,3,7,8,6,,,,4,,
20260624,15,O3,161,173,212,125,145,163,212,98,122,191,190,189,173,180,101,170,110,139,137,67,79,64,71,100,110,82,57,63,74,78,96,86,114,78,92,136,88,85,77,93,93,102,110,68,79,145,151,78,177,113,150,90,74,127,95,82,98,92,79,112,116,100,109,102,79,92,34,77,139,151,118,129,154,134,73,68,121,126,89,122,121,143,126,146,201,172,210,219,134,139,152,151,172,101,122,186,116,89,82,107,84,90,99,84,132,91,75,76,66,130,114,156,152,158,101,116,171,87,142,128,109,127,115,84,78,89,150,152,130,160,129,108,91,86,75,82,79,50,86,59,98,90,68,81,37,52,85,37,53,73,156,128,118,117,145,139,116,166,126,110,,,,,,,,,,,,,,,,,,,,,,,,,,,,,,95,105,128,148,146,185,128,135,167,156,139,123,115,103,,75,150,125,129,163,125,165,151,107,105,119,116,118,104,109,129,143,126,114,78,147,69,90,87,110,90,95,63,89,76,110,82,108,76,92,106,68,83,84,141,52,69,81,84,116,92,80,60,101,152,149,155,112,114,107,115,101,90,101,101,97,95,69,93,66,90,54,64,63,88,66,69,52,60,62,118,101,113,123,94,108,69,26,66,134,87,46,39,97,92,61,58,82,58,57,72,,73,76,44,36,67,57,67,48,,31,72,73,62,54,68,56,65,71,59,62,63,57,78,103,141,132,135,,141,79,90,159,84,123,109,98,135,123,130,,124,,78,,115,139,143,137,127,82,123,108,168,140,133,136,108,154,134,107,131,130,141,120,108,97,146,138,,,,65,,
20260624,15,O3_24h,161,173,212,125,145,163,212,98,122,191,190,189,173,180,101,170,110,139,137,67,79,64,71,100,110,82,57,63,74,78,96,86,114,78,92,136,88,85,77,93,93,102,110,68,79,145,151,78,177,113,150,90,74,127,95,82,98,92,79,112,116,100,109,102,79,92,34,77,139,151,118,129,154,134,73,68,121,126,89,122,121,143,126,146,201,172,210,219,134,139,152,151,172,101,122,186,116,89,82,107,84,90,99,84,132,91,75,76,66,130,114,156,152,158,101,116,171,87,142,128,109,127,115,84,78,89,150,152,130,160,129,108,91,86,75,82,79,50,86,59,98,90,68,81,37,52,85,37,53,73,156,128,118,117,145,139,116,166,126,110,,,,,,,,,,,,,,,,,,,,,,,,,,,,,,95,105,128,148,146,185,128,135,167,156,139,123,115,103,,75,150,125,129,163,125,165,151,107,105,119,116,118,104,109,129,143,126,114,78,147,69,90,87,110,90,95,63,89,76,110,82,108,76,92,106,68,83,84,141,52,69,81,84,116,92,80,60,101,152,149,155,112,114,107,115,101,90,101,101,97,95,69,93,66,90,54,64,63,88,66,69,52,60,62,118,101,113,123,94,108,69,26,66,134,87,46,39,97,92,61,58,82,58,57,72,,73,76,44,36,67,57,67,48,,31,72,73,62,54,68,56,65,71,59,62,63,57,78,103,141,132,135,,141,79,90,159,84,123,109,98,135,123,130,,124,,78,,115,139,143,137,127,82,123,108,168,140,133,136,108,154,134,107,131,130,141,120,108,97,146,138,,,,65,,
20260624,15,O3_8h,127,104,164,86,89,138,149,79,104,122,147,151,145,147,88,133,98,116,111,70,72,78,88,95,90,76,74,73,73,74,82,82,96,63,61,105,62,81,76,82,56,73,77,65,73,90,126,65,131,96,115,70,60,98,77,78,89,84,75,98,92,83,84,81,47,66,33,59,129,101,101,99,111,104,53,55,88,91,96,87,105,96,101,109,164,128,152,146,108,112,118,120,122,93,121,143,88,78,80,84,81,80,76,81,98,79,63,76,61,103,88,137,132,127,91,116,136,102,88,112,108,90,113,73,70,68,118,133,104,127,90,105,50,71,59,78,66,43,78,40,90,71,48,68,30,45,65,30,39,50,118,109,93,76,105,107,118,121,90,94,,,,,,,,,,,,,,,,,,,,,,,,,,,,,,78,85,104,122,105,147,123,128,129,111,131,114,87,90,,73,132,112,122,119,102,134,84,92,96,113,99,78,95,113,105,114,120,103,79,126,58,77,78,92,72,70,55,77,70,89,69,91,64,76,87,79,76,82,82,41,47,62,65,84,63,49,56,61,124,124,119,84,86,90,90,72,68,73,65,70,84,66,70,66,76,42,51,50,66,45,57,45,44,39,77,70,83,71,74,64,67,42,52,101,84,37,29,64,57,47,38,55,43,43,37,,46,42,37,41,56,46,48,40,,19,62,54,53,46,51,51,59,59,43,55,48,44,77,64,121,113,112,,138,67,79,134,64,100,99,70,92,129,97,,119,,52,,80,106,114,118,109,96,92,110,117,98,106,103,92,110,97,100,94,95,118,93,72,108,112,92,,,,65,,
20260624,15,O3_8h_24h,127,104,164,88,89,138,149,79,104,122,147,151,145,147,88,133,98,116,111,68,72,67,68,95,90,76,60,64,71,73,82,82,96,63,60,105,62,81,76,82,56,73,77,65,73,90,126,65,131,96,115,70,60,98,77,77,89,84,75,98,92,83,84,81,47,66,30,59,129,101,101,99,111,104,54,55,88,91,96,87,105,96,101,109,153,128,152,157,108,112,118,120,122,93,121,143,88,78,80,84,70,80,76,81,98,79,63,76,61,103,88,137,132,127,91,116,136,102,88,112,108,90,113,73,70,68,118,133,104,127,90,105,50,75,59,78,66,43,78,40,84,71,48,68,28,45,65,30,39,50,118,109,93,76,105,107,118,121,89,94,,,,,,,,,,,,,,,,,,,,,,,,,,,,,,78,85,104,122,105,147,120,128,129,111,131,114,87,90,,73,132,112,122,119,102,134,,92,96,113,99,78,95,113,105,114,120,103,79,126,58,77,78,92,72,70,55,77,70,89,69,91,64,76,87,79,76,82,82,41,47,62,65,84,63,49,54,61,124,124,119,84,86,90,90,72,68,73,65,70,84,66,70,66,76,42,51,50,66,45,57,42,44,39,77,70,83,71,74,64,67,42,52,101,83,37,29,60,57,47,38,55,41,42,37,,46,42,33,36,56,46,48,40,,19,62,54,53,46,51,51,59,59,43,55,48,44,77,64,121,113,112,,138,66,79,134,64,100,99,70,92,108,97,,119,,52,,80,106,114,118,109,94,92,104,117,98,106,103,92,110,97,100,94,95,118,93,72,88,112,92,,,,65,,
20260624,15,CO,0.62,0.70,0.68,0.77,0.25,0.23,0.54,0.27,0.40,0.70,0.38,0.43,0.30,0.65,0.24,0.76,0.58,0.34,0.37,0.37,0.35,0.49,0.40,0.33,0.30,0.52,0.76,0.36,0.32,0.47,0.54,0.46,0.43,0.52,0.44,0.43,0.50,0.50,0.63,0.40,0.60,0.63,0.50,0.55,0.46,0.47,0.40,0.80,0.37,0.44,0.39,0.40,0.56,0.50,0.56,0.67,0.50,0.35,0.53,0.47,0.53,0.47,0.60,0.43,0.56,0.46,0.53,0.41,0.30,0.52,0.50,0.30,0.44,0.28,0.40,0.60,0.28,0.40,0.50,0.53,0.33,0.38,0.40,0.40,0.50,0.37,0.53,0.45,0.28,0.43,0.38,0.30,0.27,0.50,0.30,0.47,0.57,0.55,0.40,0.60,0.60,0.60,0.55,0.47,0.45,0.40,0.40,0.65,0.20,0.10,0.37,0.43,0.40,0.88,0.44,1.20,0.65,0.50,0.46,0.36,0.28,0.30,0.32,0.37,0.40,0.50,0.31,0.38,0.33,0.27,0.50,0.50,0.32,0.35,0.75,0.80,0.70,0.67,0.42,0.60,0.30,0.60,0.57,0.50,0.53,0.53,0.60,0.30,0.50,0.43,0.40,0.50,0.45,0.52,0.45,0.40,0.43,0.56,0.32,0.15,,,,,,,,,,,,,,,,,,,,,,,,,,,,,,0.35,0.30,0.40,0.30,0.37,0.45,0.52,0.73,0.37,0.40,0.50,0.20,0.50,0.33,,0.25,0.45,0.53,0.90,0.50,0.57,0.30,0.50,0.40,0.35,0.30,0.30,0.20,0.27,0.23,0.37,0.42,0.30,0.45,0.25,0.30,0.45,0.30,0.20,0.30,0.53,0.55,0.55,0.35,0.34,0.20,0.25,0.17,0.53,0.30,0.37,1.03,0.30,0.30,0.70,0.60,0.67,0.60,0.50,0.46,0.75,0.82,0.83,0.65,0.36,0.35,0.25,0.30,0.34,0.45,0.33,0.13,0.40,0.70,0.70,0.60,0.60,0.50,0.47,1.10,0.60,0.50,0.90,0.55,0.80,0.85,0.73,0.50,0.50,0.40,0.30,0.57,0.55,0.67,0.43,0.50,0.37,0.90,0.30,0.50,0.60,0.70,0.47,0.63,0.60,0.47,0.30,0.55,0.60,0.30,0.30,,0.25,0.40,0.67,0.63,0.40,0.50,0.40,0.50,,0.60,0.35,0.40,0.55,0.60,0.35,0.30,0.10,0.15,0.50,0.40,0.30,0.60,0.50,0.40,0.15,0.35,0.20,,0.30,0.45,0.43,0.33,0.50,0.80,0.25,0.35,0.20,0.40,0.50,,0.30,,0.45,,0.25,0.50,0.50,0.20,0.40,0.30,0.20,0.40,0.43,0.30,0.30,0.45,,0.35,0.35,0.60,0.10,0.20,0.20,0.45,0.60,0.20,0.50,0.30,,,,0.40,,
20260624,15,CO_24h,0.64,0.64,0.48,0.67,0.25,0.35,0.51,0.27,0.40,0.60,0.45,0.43,0.45,0.83,0.30,0.71,0.54,0.53,0.47,0.37,0.32,0.47,0.42,0.36,0.30,0.50,0.64,0.43,0.32,0.42,0.72,0.38,0.45,0.59,0.46,0.47,0.55,0.47,0.70,0.43,0.65,0.67,0.50,0.50,0.48,0.50,0.43,0.75,0.45,0.41,0.42,0.50,0.59,0.54,0.56,0.63,0.53,0.40,0.53,0.50,0.55,0.50,0.60,0.40,0.58,0.49,0.63,0.43,0.25,0.51,0.50,0.50,0.62,0.28,0.40,0.63,0.27,0.46,0.54,0.50,0.37,0.55,0.43,0.36,0.54,0.37,0.50,0.33,0.30,0.40,0.40,0.33,0.35,0.48,0.33,0.48,0.57,0.57,0.47,0.63,0.55,0.55,0.60,0.50,0.50,0.40,0.40,0.65,0.30,0.20,0.57,0.57,0.65,0.88,0.60,0.88,0.67,0.70,0.60,0.40,0.40,0.30,0.48,0.38,0.43,0.52,0.44,0.45,0.45,0.40,0.53,0.53,0.38,0.47,0.70,0.80,0.75,0.57,0.38,0.61,0.40,0.63,0.65,0.53,0.53,0.50,0.63,0.30,0.55,0.45,0.47,0.50,0.50,0.60,0.50,0.40,0.50,0.58,0.34,0.20,,,,,,,,,,,,,,,,,,,,,,,,,,,,,,0.43,0.40,0.55,0.43,0.37,0.65,0.70,0.67,0.50,0.37,0.40,0.40,0.45,0.38,,0.20,0.45,0.58,0.77,0.35,0.73,0.27,0.50,0.50,0.40,0.35,0.30,0.37,0.27,0.23,0.33,0.45,0.25,0.30,0.25,0.35,0.35,0.30,0.16,0.35,0.60,0.55,0.50,0.30,0.40,0.20,0.25,0.23,0.58,0.33,0.43,0.87,0.30,0.40,0.55,0.63,0.77,0.68,0.50,0.44,0.40,1.00,0.80,0.60,0.44,0.43,0.35,0.43,0.42,0.52,0.37,0.20,0.35,0.83,0.80,0.57,0.63,0.60,0.50,1.00,0.63,0.50,0.87,0.60,0.90,0.80,0.70,0.50,0.60,0.30,0.30,0.60,0.53,0.67,0.40,0.40,0.43,0.90,0.50,0.60,0.60,0.55,0.50,0.67,0.65,0.45,0.38,0.60,0.65,0.30,0.40,,0.25,0.50,0.43,0.57,0.40,0.50,0.45,0.50,,0.45,0.40,0.40,0.55,0.65,0.45,0.50,0.10,0.15,0.55,0.40,0.35,0.55,0.50,0.50,0.20,0.35,0.40,,0.30,0.35,0.43,0.40,0.50,0.85,0.30,0.45,0.40,0.35,0.65,,0.50,,0.45,,0.30,0.50,0.40,0.40,0.40,0.30,0.20,0.40,0.57,0.40,0.35,0.45,0.15,0.30,0.40,0.60,0.30,0.30,0.25,0.45,0.60,0.20,0.45,0.20,,,,0.40,,
20260624,16,AQI,54,70,107,38,44,54,112,32,38,91,90,91,63,63,32,64,33,42,44,20,23,21,22,31,37,26,23,20,23,24,30,28,36,24,30,38,28,28,24,27,29,29,32,30,24,42,51,26,79,36,46,26,23,34,32,26,32,34,25,34,35,31,32,24,23,28,14,25,44,48,34,41,53,43,23,23,36,40,28,46,35,46,40,48,102,75,109,113,43,39,50,49,70,32,43,71,36,37,25,36,26,32,39,26,34,28,30,28,20,44,36,48,50,57,28,60,65,26,50,40,36,38,35,24,25,29,48,49,41,61,42,35,30,29,25,24,24,16,39,20,33,28,23,23,14,17,26,16,15,23,74,42,39,30,50,58,54,58,41,178,,,,,,,,,,,,,,,,,,,,,,,,,,,,,,32,35,43,48,47,73,41,43,49,49,41,34,38,33,,23,48,41,41,58,45,50,48,34,32,37,38,36,34,48,38,45,40,41,24,46,26,30,26,37,27,30,21,28,28,37,25,35,25,27,37,21,29,26,50,20,22,23,23,29,32,25,19,43,49,48,51,35,38,36,37,34,28,30,33,29,29,22,27,23,28,18,21,21,30,39,20,16,17,19,38,33,36,34,34,53,22,21,22,43,27,14,13,32,34,20,17,25,16,17,21,,21,28,14,16,21,19,21,15,,10,21,26,19,21,20,18,20,22,19,20,20,19,22,34,44,43,43,,43,24,29,73,25,35,33,43,56,261,41,,39,,25,,37,45,44,42,38,27,37,34,71,44,42,42,34,49,41,104,87,95,46,39,65,31,46,45,,,,21,,
20260624,16,PM2.5,20,33,42,16,3,10,41,4,18,37,31,18,10,34,4,17,18,6,9,8,5,13,3,7,12,5,10,6,7,5,9,13,18,7,5,18,9,9,14,4,3,17,21,16,3,26,29,18,11,11,14,10,13,18,16,14,17,23,14,13,16,21,14,10,10,7,3,4,3,12,20,14,12,14,9,14,5,7,13,23,14,14,26,6,11,8,17,29,7,12,3,5,10,5,7,6,24,16,12,16,13,13,27,13,22,14,11,13,3,3,4,9,5,34,6,32,14,7,11,9,5,11,9,9,6,8,23,12,15,16,24,8,7,20,4,12,12,4,11,3,12,3,7,4,4,3,3,7,4,5,26,17,5,17,11,21,26,13,16,106,,,,,,,,,,,,,,,,,,,,,,,,,,,,,,11,9,26,5,16,23,10,30,6,9,27,17,10,6,,3,12,3,11,22,21,11,3,5,3,6,17,3,11,18,15,12,19,15,9,10,13,8,4,7,9,11,3,13,8,11,3,3,9,17,17,12,3,12,22,5,10,11,14,18,7,11,4,30,22,12,8,11,18,16,15,12,8,13,18,3,19,3,4,3,8,12,12,15,21,27,6,3,3,9,17,14,13,24,24,28,4,3,3,12,3,3,3,6,14,6,3,5,3,5,7,,3,17,10,11,3,13,10,9,,3,9,18,3,5,10,3,3,7,13,5,5,12,5,3,3,3,3,,3,5,6,16,12,6,9,19,40,127,17,,9,,7,,11,,12,9,10,8,3,7,13,9,6,15,7,25,6,59,34,38,3,11,36,13,18,26,,,,5,,
20260624,16,PM2.5_24h,36,31,32,27,19,19,44,12,18,38,37,28,20,29,6,21,13,21,18,8,4,4,1,8,13,6,3,5,6,4,9,7,13,13,14,17,17,7,10,15,15,25,25,9,3,18,25,11,12,9,19,8,9,17,13,16,20,15,18,15,15,19,16,14,8,11,5,7,6,12,15,16,19,16,9,9,8,11,23,16,21,26,21,11,26,11,16,12,7,13,5,6,15,6,15,6,19,15,17,17,19,13,20,17,20,19,14,17,4,9,11,19,15,31,17,25,23,16,28,18,14,12,23,8,9,6,23,20,19,19,22,22,7,19,4,18,13,8,10,13,12,5,11,5,5,4,4,5,5,9,24,21,14,19,16,24,69,13,26,18,,,,,,,,,,,,,,,,,,,,,,,,,,,,,,13,12,26,16,20,29,15,25,16,9,17,16,8,7,,5,9,18,24,22,21,19,16,10,7,21,10,9,14,13,14,12,16,11,10,16,10,4,4,7,6,7,2,11,9,10,4,5,7,9,20,13,10,17,12,5,14,13,11,13,6,14,7,19,28,18,13,17,18,18,14,16,4,16,22,3,19,4,5,4,11,6,9,15,17,14,8,6,9,9,20,13,13,21,20,20,13,4,15,15,3,2,7,13,12,7,3,11,3,6,8,,3,13,6,12,3,9,13,7,,4,11,10,4,11,11,5,7,7,11,5,7,9,6,3,4,2,11,,3,5,4,14,7,9,13,13,27,36,16,,15,,9,,13,14,12,10,14,6,3,8,22,12,10,14,16,21,16,59,37,30,10,12,46,13,15,20,,,,9,,
20260624,16,PM10,32,57,62,23,36,15,60,13,29,60,43,45,25,48,7,38,25,17,27,12,17,18,10,17,19,15,23,16,12,9,16,22,23,10,10,33,12,10,7,14,9,29,32,30,15,42,52,19,36,18,25,15,19,28,32,26,32,34,25,23,31,28,26,21,21,11,14,11,8,30,32,21,32,40,23,22,14,30,26,46,23,25,40,23,36,33,43,52,25,25,21,26,35,11,18,28,36,37,23,34,23,32,31,22,34,28,30,28,9,14,13,21,21,64,7,70,37,20,35,15,20,25,21,17,22,13,30,24,26,30,29,19,20,25,12,17,13,10,39,8,27,7,11,16,10,13,12,16,12,13,35,24,16,28,39,66,57,34,31,306,,,,,,,,,,,,,,,,,,,,,,,,,,,,,,17,19,37,18,40,30,22,35,31,37,41,22,38,19,,6,35,12,25,48,45,21,22,13,22,,18,16,30,48,38,27,29,41,23,14,26,18,14,12,17,16,10,12,24,23,7,9,14,23,37,21,29,21,50,20,14,18,17,28,25,23,18,37,27,30,20,14,26,32,27,25,27,18,33,14,24,8,9,16,18,15,16,19,,25,9,6,8,13,38,30,34,24,31,56,16,10,7,28,16,6,9,16,32,8,12,7,11,12,8,,10,23,10,12,15,15,13,13,,6,11,,9,21,12,6,9,15,18,6,13,16,19,7,8,8,12,,12,8,10,96,20,12,15,43,,393,37,,24,,20,,22,,25,19,19,25,9,12,32,43,13,28,13,46,22,157,124,140,46,20,80,23,38,40,,,,18,,
20260624,16,PM10_24h,56,57,52,46,44,26,70,20,34,58,54,55,43,45,8,33,19,27,38,8,14,6,4,16,24,16,8,11,12,10,15,16,22,16,23,32,23,8,10,31,24,42,37,21,9,33,44,9,36,15,32,15,14,31,29,25,28,26,33,27,28,30,29,24,20,15,16,15,13,23,29,24,53,50,15,16,17,46,43,32,25,33,37,19,51,33,38,30,22,22,22,23,32,12,20,25,30,26,28,32,27,28,31,27,38,38,27,29,11,23,26,28,40,55,22,50,31,28,32,29,28,24,38,10,16,10,35,34,33,33,37,35,18,25,12,18,13,17,31,22,24,11,18,19,14,13,9,12,14,18,38,30,29,33,35,61,202,40,46,71,,,,,,,,,,,,,,,,,,,,,,,,,,,,,,23,22,45,34,49,45,26,36,59,41,32,25,31,21,,10,33,24,39,31,27,24,25,20,28,24,16,15,33,29,28,30,29,28,19,32,17,15,12,17,14,9,10,8,22,22,5,12,11,11,37,22,19,27,23,10,21,30,18,28,23,28,24,30,38,36,26,27,26,32,25,34,18,27,32,13,27,13,11,8,21,16,15,17,23,16,13,12,16,12,45,33,33,35,29,37,23,16,24,28,17,7,11,18,26,11,12,17,9,12,20,,8,16,12,16,12,17,20,6,,4,14,21,10,26,16,8,12,13,30,8,16,14,14,9,10,13,21,,12,8,9,29,19,16,26,27,50,105,40,,28,,26,,37,25,25,22,24,20,10,15,51,29,17,40,17,49,46,179,131,103,68,27,75,31,52,71,,,,21,,
20260624,16,SO2,4,7,2,6,6,4,5,3,7,3,7,6,3,9,8,7,7,6,5,6,5,6,4,6,8,6,6,6,4,9,7,7,6,6,5,5,7,5,5,5,6,2,5,5,7,5,3,7,5,6,4,4,5,6,5,6,5,6,4,3,4,7,5,5,8,4,6,6,6,6,9,14,8,5,4,6,7,7,6,8,8,6,2,9,10,7,9,9,9,5,5,4,5,8,4,9,8,6,8,6,7,5,5,5,3,5,3,4,3,4,7,12,6,9,9,11,11,7,8,7,4,7,5,5,6,3,8,2,8,7,6,8,7,6,4,7,8,5,3,6,3,8,9,7,4,9,4,6,4,3,5,5,3,6,8,10,5,13,7,4,,,,,,,,,,,,,,,,,,,,,,,,,,,,,,5,3,4,4,9,9,5,5,4,10,10,6,11,4,,6,12,5,10,10,6,5,8,8,11,2,5,7,8,6,8,6,4,7,6,9,7,6,7,4,8,3,4,8,4,5,5,4,5,7,3,9,3,4,7,4,9,7,6,3,9,2,5,7,7,6,5,4,6,6,4,5,4,8,7,4,7,4,5,7,4,5,6,3,5,5,6,8,5,4,8,6,4,6,3,11,9,2,6,3,5,9,9,4,9,6,5,8,8,6,,,6,8,5,7,3,10,3,4,,5,6,7,10,7,7,1,3,2,9,5,4,5,9,7,6,7,4,,5,4,4,9,,7,3,12,10,6,9,,4,,8,,4,11,13,10,11,14,6,20,9,6,5,7,5,9,6,4,6,2,5,6,4,7,8,5,,,,3,,
20260624,16,SO2_24h,4,7,2,8,6,5,4,4,3,3,9,6,4,12,8,6,7,6,6,6,5,6,4,6,8,6,5,7,4,9,7,7,6,6,5,5,7,5,5,5,6,2,4,6,7,5,3,7,6,6,4,4,5,6,5,6,5,6,4,3,5,8,4,5,8,4,5,6,6,5,8,16,8,5,5,6,8,8,7,7,8,16,3,9,11,9,11,9,11,6,5,4,7,7,4,10,9,6,8,5,8,6,5,5,4,10,4,6,5,5,8,11,7,12,15,9,11,8,8,6,4,6,6,5,6,3,11,3,8,8,5,9,7,9,4,7,8,5,3,6,2,8,9,11,4,10,4,6,3,3,6,6,4,7,8,22,10,15,7,4,,,,,,,,,,,,,,,,,,,,,,,,,,,,,,5,3,5,4,8,11,5,6,5,10,8,5,12,9,,6,11,7,10,11,6,5,7,11,11,1,4,7,9,6,8,6,4,9,7,10,7,6,7,4,8,4,4,8,5,5,5,4,5,6,5,10,4,5,6,4,11,5,5,4,11,5,5,9,7,7,5,4,6,6,5,5,4,8,7,5,7,4,5,7,4,5,6,9,4,5,6,6,6,3,8,6,4,8,5,11,11,3,7,4,5,9,9,4,9,6,5,7,8,5,3,,6,8,4,10,3,6,4,4,,5,6,8,9,6,7,2,4,2,8,5,5,5,9,7,6,9,4,,5,4,4,24,5,7,21,9,11,8,10,,5,,8,,4,10,8,10,12,13,7,19,10,7,7,7,6,8,5,4,7,3,4,6,4,7,6,5,,,,3,,
20260624,16,NO2,9,11,14,9,8,5,9,5,7,9,7,9,5,10,3,11,9,7,12,14,12,16,6,8,6,7,20,12,12,4,5,6,9,15,14,9,16,7,13,7,8,16,11,5,6,7,8,9,10,7,7,9,6,12,8,2,9,4,7,8,6,6,6,6,10,6,11,6,6,7,9,18,8,5,6,9,5,7,9,10,7,11,7,12,9,4,9,11,10,12,10,5,6,7,9,13,9,6,7,5,5,2,6,3,7,4,3,7,3,8,6,6,9,12,12,22,12,11,9,8,6,6,6,10,7,17,6,3,8,8,8,4,10,7,8,4,7,7,4,7,6,3,6,4,9,5,3,6,4,6,8,8,3,7,6,8,5,11,3,3,,,,,,,,,,,,,,,,,,,,,,,,,,,,,,3,3,7,7,8,2,4,8,7,8,11,7,8,4,,11,5,8,13,12,7,6,13,6,4,15,5,8,10,19,12,5,9,15,8,11,6,7,7,4,8,5,3,7,7,2,4,3,9,6,7,13,4,2,9,3,7,11,4,6,10,6,4,5,6,5,11,3,7,4,4,6,6,7,11,9,7,4,3,5,5,6,6,4,7,7,5,6,6,5,7,4,5,5,9,8,8,5,6,3,10,8,7,7,12,5,10,5,10,4,6,,5,8,13,7,5,5,4,5,,5,3,9,5,5,5,3,4,6,5,6,5,7,7,5,3,3,3,,3,8,4,9,8,5,7,9,7,7,8,,5,,5,,6,,4,2,3,2,4,2,9,8,5,4,4,6,3,3,2,4,2,6,2,6,6,2,,,,3,,
20260624,16,NO2_24h,17,18,9,13,16,9,14,8,12,18,17,20,9,17,7,17,8,22,23,16,11,16,5,8,11,5,15,15,11,3,7,5,9,17,21,11,18,9,14,17,20,23,19,8,8,10,17,8,13,11,15,12,6,15,10,3,13,4,10,10,10,9,8,9,14,10,10,8,8,12,16,17,19,9,6,10,13,27,13,14,15,28,11,12,17,10,18,13,12,12,12,7,10,9,11,16,12,7,11,7,9,4,12,3,14,12,5,7,6,12,13,7,13,18,18,16,18,16,20,17,11,13,10,9,7,15,12,9,17,9,21,9,12,8,7,5,9,8,4,13,7,7,12,9,14,5,6,8,7,9,15,13,14,9,13,17,10,16,7,7,,,,,,,,,,,,,,,,,,,,,,,,,,,,,,6,8,15,12,16,10,4,12,24,10,12,11,8,9,,9,6,16,15,17,15,22,20,10,12,9,10,10,15,13,11,8,16,14,11,22,5,9,7,5,9,6,5,5,11,3,6,8,13,6,10,10,5,7,10,4,12,12,5,9,8,11,3,11,11,12,13,11,18,8,8,15,5,10,16,10,8,6,5,6,6,5,7,5,8,9,6,6,10,6,25,9,8,15,11,12,10,8,10,12,11,8,8,11,16,6,16,8,9,4,5,,14,10,12,8,6,7,7,6,,6,6,13,6,7,7,4,6,9,6,7,6,9,7,7,3,3,8,,3,6,6,14,10,11,12,13,17,10,18,,8,,9,,22,9,5,2,6,2,10,2,23,13,8,8,9,8,8,7,10,13,7,11,3,7,8,6,,,,5,,
20260624,16,O3,163,176,214,120,140,163,224,102,122,193,192,193,170,170,102,171,106,134,141,65,73,66,69,99,118,83,54,63,75,76,96,88,114,77,97,121,90,88,77,85,94,83,91,83,77,134,157,83,183,114,148,82,72,110,90,80,88,94,80,108,113,100,103,77,74,90,33,81,140,155,108,132,162,137,68,72,115,127,91,117,113,148,124,155,203,180,218,226,139,124,159,156,176,102,139,177,101,92,79,115,83,95,103,83,108,86,72,77,65,140,116,155,160,157,91,119,172,84,160,129,114,121,113,77,81,92,154,156,131,169,133,112,95,81,80,78,78,51,85,64,106,89,72,73,46,55,83,34,48,74,179,135,125,96,159,137,113,166,130,111,,,,,,,,,,,,,,,,,,,,,,,,,,,,,,102,112,139,155,151,178,130,122,158,157,110,109,120,104,,73,153,132,130,166,114,160,152,108,102,119,121,115,110,104,107,143,127,111,77,147,59,96,84,118,87,96,66,89,90,117,80,112,79,87,106,59,79,83,146,49,70,74,73,93,103,80,61,97,157,152,161,113,122,115,118,108,88,97,92,92,94,69,86,75,91,59,67,66,88,67,63,50,55,60,122,107,115,93,81,108,70,67,69,139,85,46,40,103,108,64,55,81,51,55,67,,68,88,43,41,67,56,67,49,,33,66,82,61,58,65,57,64,70,60,63,65,61,71,110,141,139,136,,136,77,93,151,80,113,105,87,133,116,132,,125,,79,,119,143,142,134,123,85,119,110,177,142,135,134,110,158,131,112,133,129,144,125,107,100,147,143,,,,67,,
20260624,16,O3_24h,163,176,214,120,140,163,224,102,122,193,192,193,170,170,102,171,106,134,141,65,73,66,69,99,118,83,54,63,75,76,96,88,114,77,97,121,90,88,77,85,94,83,91,83,77,134,157,83,183,114,148,82,72,110,90,80,88,94,80,108,113,100,103,77,74,90,33,81,140,155,108,132,162,137,68,72,115,127,91,117,113,148,124,155,203,180,218,226,139,124,159,156,176,102,139,177,101,92,79,115,83,95,103,83,108,86,72,77,65,140,116,155,160,157,91,119,172,84,160,129,114,121,113,77,81,92,154,156,131,169,133,112,95,81,80,78,78,51,85,64,106,89,72,73,46,55,83,34,48,74,179,135,125,96,159,137,113,166,130,111,,,,,,,,,,,,,,,,,,,,,,,,,,,,,,102,112,139,155,151,178,130,122,158,157,110,109,120,104,,73,153,132,130,166,114,160,152,108,102,119,121,115,110,104,107,143,127,111,77,147,59,96,84,118,87,96,66,89,90,117,80,112,79,87,106,59,79,83,146,49,70,74,73,93,103,80,61,97,157,152,161,113,122,115,118,108,88,97,92,92,94,69,86,75,91,59,67,66,88,67,63,50,55,60,122,107,115,93,81,108,70,67,69,139,85,46,40,103,108,64,55,81,51,55,67,,68,88,43,41,67,56,67,49,,33,66,82,61,58,65,57,64,70,60,63,65,61,71,110,141,139,136,,136,77,93,151,80,113,105,87,133,116,132,,125,,79,,119,143,142,134,123,85,119,110,177,142,135,134,110,158,131,112,133,129,144,125,107,100,147,143,,,,67,,
20260624,16,O3_8h,139,120,177,97,100,147,165,86,115,138,163,164,156,160,92,147,102,123,118,71,74,78,88,97,96,78,74,73,73,75,86,84,101,67,66,114,69,82,77,88,65,81,85,73,75,101,139,68,146,102,126,75,62,107,83,80,95,88,80,105,101,92,92,85,53,72,33,65,133,116,107,111,126,112,55,58,97,100,96,98,109,111,109,121,168,140,171,180,115,119,128,131,137,97,126,157,95,84,84,91,76,85,86,82,106,84,67,81,63,112,95,146,143,141,95,121,151,106,103,118,112,100,116,75,73,73,131,140,111,139,103,109,60,73,62,79,72,44,80,47,94,77,53,72,32,48,70,32,41,56,133,118,107,87,120,117,118,135,97,100,,,,,,,,,,,,,,,,,,,,,,,,,,,,,,84,92,117,133,120,160,123,136,142,126,133,118,97,94,,76,136,120,130,137,110,142,149,100,102,117,105,88,103,116,109,127,126,109,80,133,63,81,81,98,76,78,58,80,74,95,72,97,67,80,92,82,80,89,96,43,52,64,69,92,72,56,56,71,134,133,129,93,95,97,97,82,74,82,73,76,86,70,77,69,81,47,55,53,70,49,60,46,48,44,90,79,91,80,80,71,72,46,58,115,87,39,31,67,65,51,43,61,45,44,44,,53,49,37,41,58,50,52,42,,22,64,59,56,50,55,53,62,66,49,58,53,50,79,75,126,118,119,,139,70,82,141,69,106,104,78,104,132,112,,122,,58,,92,117,124,122,115,96,101,110,135,110,116,113,95,118,105,103,103,106,123,100,80,108,119,102,,,,65,,
20260624,16,O3_8h_24h,139,120,177,97,100,147,165,86,115,138,163,164,156,160,92,147,102,123,118,69,74,66,69,97,96,78,59,63,72,74,86,84,101,67,66,114,69,82,77,88,65,81,85,73,75,101,139,68,146,102,126,75,62,107,83,79,95,88,80,105,101,92,92,85,53,72,31,65,133,116,107,111,126,112,56,58,97,100,96,98,109,111,109,121,168,140,171,180,115,119,128,131,137,97,126,157,95,84,84,91,75,85,86,82,106,84,67,81,63,112,95,146,143,141,95,121,151,106,103,118,112,100,116,75,73,73,131,140,111,139,103,109,60,78,62,79,72,44,80,47,92,77,53,72,31,48,70,32,41,56,133,118,107,87,120,117,118,135,97,100,,,,,,,,,,,,,,,,,,,,,,,,,,,,,,84,92,117,133,120,160,122,136,142,126,133,118,97,94,,76,136,120,130,137,110,142,149,100,102,117,105,88,103,116,109,127,126,109,80,133,63,81,81,98,76,76,58,80,74,95,72,97,67,80,92,82,80,89,96,43,52,64,69,92,72,56,55,71,134,133,129,93,95,97,97,82,74,82,73,76,86,70,77,69,81,47,55,53,70,49,60,44,48,44,90,79,91,80,80,71,72,46,58,115,86,39,31,67,65,51,43,61,45,44,44,,53,49,34,36,58,50,52,42,,22,64,59,56,50,55,53,62,66,49,58,53,50,79,75,126,118,119,,139,70,82,141,69,106,104,78,104,114,112,,122,,58,,92,117,124,122,115,93,101,105,135,110,116,113,95,118,105,103,103,106,123,100,80,90,119,102,,,,65,,
20260624,16,CO,0.62,0.68,0.68,0.72,0.25,0.23,0.54,0.23,0.45,0.70,0.38,0.40,0.28,0.63,0.26,0.81,0.49,0.34,0.38,0.39,0.35,0.53,0.40,0.32,0.28,0.52,0.77,0.42,0.32,0.45,0.54,0.46,0.43,0.53,0.49,0.47,0.49,0.50,0.63,0.37,0.60,0.53,0.50,0.60,0.46,0.53,0.43,0.80,0.37,0.44,0.37,0.40,0.54,0.51,0.57,0.63,0.50,0.40,0.57,0.47,0.55,0.50,0.59,0.45,0.55,0.46,0.57,0.42,0.28,0.49,0.50,0.30,0.46,0.27,0.43,0.62,0.27,0.40,0.46,0.53,0.27,0.38,0.37,0.46,0.50,0.37,0.47,0.45,0.32,0.45,0.38,0.30,0.27,0.46,0.27,0.47,0.57,0.55,0.37,0.63,0.50,0.60,0.55,0.47,0.45,0.40,0.40,0.65,0.20,0.10,0.37,0.43,0.40,0.86,0.38,1.28,0.67,0.60,0.48,0.40,0.30,0.30,0.28,0.42,0.47,0.52,0.31,0.38,0.32,0.23,0.50,0.45,0.32,0.35,0.80,0.80,0.75,0.63,0.38,0.57,0.20,0.63,0.57,0.45,0.53,0.53,0.60,0.30,0.50,0.35,0.43,0.50,0.40,0.52,0.40,0.30,0.43,0.50,0.30,0.15,,,,,,,,,,,,,,,,,,,,,,,,,,,,,,0.35,0.30,0.55,0.30,0.40,0.40,0.47,0.60,0.30,0.40,0.37,0.20,0.50,0.33,,0.25,0.45,0.47,0.80,0.45,0.57,0.30,0.50,0.35,0.35,0.30,0.30,0.20,0.27,0.30,0.33,0.45,0.30,0.45,0.25,0.25,0.20,0.32,0.18,0.35,0.53,0.50,0.60,0.30,0.32,0.20,0.25,0.17,0.55,0.27,0.37,1.07,0.20,0.30,0.80,0.60,0.73,0.60,0.50,0.38,0.70,0.75,0.83,0.65,0.36,0.35,0.25,0.28,0.34,0.47,0.33,0.17,0.40,0.70,0.74,0.60,0.60,0.50,0.47,1.10,0.57,0.50,0.82,0.60,0.90,0.85,0.70,0.50,0.45,0.40,0.35,0.57,0.55,0.60,0.43,0.45,0.37,0.90,0.30,0.50,0.65,0.55,0.47,0.63,0.60,0.47,0.28,0.55,0.65,0.30,0.30,,0.25,0.50,0.43,0.57,0.40,0.50,0.35,0.50,,0.60,0.35,0.40,0.55,0.60,0.30,0.30,0.10,0.15,0.50,0.40,0.30,0.60,0.50,0.45,0.15,0.35,0.20,,0.30,0.45,0.43,0.33,0.50,0.75,0.25,0.35,0.20,0.40,0.50,,0.30,,0.45,,0.30,0.50,0.40,0.20,0.40,0.30,0.20,0.40,0.43,0.30,0.30,0.40,,0.35,0.35,0.65,0.10,0.20,0.20,0.45,0.50,0.30,0.45,0.25,,,,0.40,,
20260624,16,CO_24h,0.64,0.64,0.50,0.68,0.25,0.35,0.51,0.27,0.40,0.60,0.45,0.43,0.45,0.83,0.30,0.72,0.54,0.53,0.47,0.37,0.33,0.47,0.42,0.36,0.30,0.50,0.66,0.41,0.30,0.42,0.70,0.40,0.45,0.59,0.46,0.47,0.55,0.50,0.70,0.43,0.65,0.67,0.50,0.50,0.47,0.50,0.43,0.75,0.44,0.41,0.42,0.48,0.59,0.54,0.56,0.63,0.53,0.40,0.53,0.50,0.55,0.50,0.59,0.40,0.59,0.49,0.63,0.43,0.25,0.52,0.50,0.50,0.62,0.28,0.40,0.63,0.27,0.46,0.54,0.50,0.37,0.55,0.43,0.36,0.54,0.37,0.50,0.33,0.30,0.40,0.40,0.33,0.35,0.48,0.33,0.48,0.57,0.57,0.47,0.63,0.55,0.55,0.60,0.53,0.50,0.40,0.40,0.65,0.30,0.20,0.56,0.55,0.65,0.88,0.58,0.90,0.68,0.70,0.60,0.40,0.40,0.30,0.47,0.38,0.43,0.52,0.43,0.45,0.43,0.40,0.53,0.53,0.38,0.47,0.70,0.80,0.75,0.57,0.38,0.61,0.40,0.63,0.65,0.53,0.53,0.50,0.63,0.30,0.55,0.45,0.47,0.50,0.50,0.60,0.50,0.40,0.50,0.58,0.34,0.20,,,,,,,,,,,,,,,,,,,,,,,,,,,,,,0.43,0.40,0.55,0.43,0.37,0.65,0.70,0.67,0.50,0.37,0.40,0.30,0.45,0.38,,0.20,0.45,0.58,0.80,0.35,0.73,0.27,0.50,0.50,0.35,0.35,0.30,0.37,0.27,0.23,0.37,0.42,0.25,0.30,0.25,0.35,0.40,0.30,0.16,0.35,0.60,0.55,0.50,0.30,0.40,0.20,0.25,0.20,0.55,0.33,0.43,0.87,0.30,0.40,0.55,0.63,0.77,0.70,0.50,0.44,0.40,1.00,0.83,0.60,0.44,0.43,0.35,0.43,0.42,0.52,0.37,0.17,0.35,0.83,0.80,0.57,0.63,0.60,0.50,1.00,0.63,0.50,0.87,0.60,0.90,0.80,0.70,0.50,0.60,0.35,0.35,0.60,0.53,0.67,0.40,0.40,0.43,0.90,0.50,0.60,0.60,0.55,0.47,0.67,0.65,0.45,0.38,0.60,0.65,0.30,0.40,,0.25,0.50,0.43,0.60,0.40,0.50,0.45,0.50,,0.45,0.40,0.40,0.55,0.65,0.45,0.50,0.10,0.15,0.55,0.40,0.35,0.55,0.50,0.50,0.20,0.35,0.40,,0.30,0.35,0.43,0.40,0.50,0.85,0.30,0.40,0.30,0.35,0.65,,0.50,,0.45,,0.30,0.50,0.40,0.40,0.40,0.30,0.20,0.40,0.57,0.40,0.35,0.45,0.15,0.30,0.40,0.60,0.30,0.30,0.25,0.45,0.60,0.20,0.45,0.20,,,,0.40,,
20260624,17,AQI,56,63,109,36,43,51,113,34,55,90,94,91,58,47,32,54,32,40,46,20,22,20,23,30,38,26,25,20,24,24,29,30,38,23,28,33,28,26,23,23,26,23,27,35,23,41,53,25,89,35,45,23,23,30,32,27,27,38,29,33,35,26,33,23,21,27,16,25,44,49,35,43,64,44,20,23,35,41,35,52,37,48,46,50,102,81,109,116,45,36,53,53,74,32,44,54,34,38,24,35,26,41,51,27,34,26,31,32,21,45,36,48,66,56,27,33,59,25,48,39,37,32,35,24,26,29,49,49,41,51,41,36,27,29,23,25,24,17,37,22,32,27,22,23,14,19,25,16,13,24,70,43,38,28,51,63,61,49,53,195,,,,,,,,,,,,,,,,,,,,,,,,,,,,,,33,36,46,49,48,49,41,40,48,48,38,31,40,34,,26,47,36,49,47,34,50,49,33,29,37,38,27,33,39,35,44,38,29,36,46,29,31,26,39,28,31,21,27,32,39,24,36,24,26,37,20,20,25,45,20,20,22,20,24,33,25,21,36,50,48,50,35,39,37,38,36,32,32,29,24,31,24,24,24,28,18,22,20,30,40,20,18,17,16,38,36,37,27,29,48,19,23,22,43,26,15,12,29,36,18,15,26,16,18,15,,20,28,14,16,22,16,22,15,,10,21,21,19,20,21,18,19,22,23,20,20,21,22,34,44,44,42,,39,26,28,61,24,37,31,36,88,354,40,,38,,24,,36,46,45,39,39,26,38,33,74,44,42,42,35,47,41,93,74,77,45,44,64,32,44,43,,,,22,,
20260624,17,PM2.5,21,35,48,14,6,9,42,6,26,40,29,18,14,25,3,23,18,6,10,9,4,12,4,8,11,8,13,7,8,4,10,14,17,7,4,18,9,10,6,10,3,13,14,22,3,24,32,17,12,11,15,9,11,17,16,14,17,22,13,14,16,17,15,10,9,6,3,6,4,11,21,16,13,16,13,15,5,9,6,31,15,10,32,6,10,8,17,33,7,10,3,6,11,7,8,4,23,17,13,15,14,13,36,14,22,14,10,17,3,3,3,7,11,36,4,12,18,8,10,7,4,11,8,9,7,7,24,11,11,13,19,11,5,20,5,13,12,3,9,3,11,3,8,4,3,3,5,8,5,8,14,15,7,13,8,26,22,11,21,110,,,,,,,,,,,,,,,,,,,,,,,,,,,,,,9,16,30,7,13,17,11,22,10,12,18,18,8,5,,3,9,3,12,22,8,13,3,7,5,7,17,8,17,23,17,15,17,14,7,8,13,7,4,9,15,10,3,12,5,11,3,3,5,16,18,14,3,13,27,6,9,14,10,12,10,9,4,25,18,14,15,16,20,17,15,16,10,12,20,3,19,3,7,8,5,6,10,14,21,28,7,3,3,11,22,13,13,19,20,26,3,3,3,11,3,3,3,7,3,3,3,8,3,3,6,,3,13,8,11,3,10,12,10,,3,9,15,8,3,10,3,6,7,14,3,6,13,3,3,3,3,3,,3,3,6,13,13,6,9,15,65,141,15,,10,,6,,9,19,13,9,7,11,3,6,15,10,10,17,9,22,9,48,30,34,3,31,21,16,15,15,,,,5,,
20260624,17,PM2.5_24h,36,31,33,26,18,18,44,11,19,39,37,27,20,29,5,21,14,21,18,8,4,5,1,8,13,6,3,5,6,4,10,8,14,13,13,17,16,7,10,16,15,25,24,10,3,18,25,11,12,10,19,9,9,18,13,16,20,15,17,15,15,19,16,14,9,11,5,7,6,12,16,16,18,16,10,10,8,11,23,17,21,26,22,11,28,11,16,13,8,14,5,5,15,6,16,6,19,15,17,17,19,14,20,17,20,19,14,17,4,9,11,19,15,31,16,25,24,16,27,18,13,12,23,8,10,7,23,19,19,19,22,22,7,19,4,18,13,8,11,12,12,5,11,5,5,4,4,5,5,9,24,22,14,19,16,24,68,13,26,22,,,,,,,,,,,,,,,,,,,,,,,,,,,,,,13,12,26,15,20,28,16,25,16,9,16,16,8,7,,4,10,17,24,23,20,19,16,10,7,20,10,9,14,14,14,13,16,11,10,16,11,5,4,8,6,7,2,11,9,10,4,5,8,10,20,13,9,17,12,5,14,12,10,13,6,14,7,20,28,18,13,17,19,18,14,16,4,16,22,3,19,3,5,4,11,6,9,16,17,14,7,6,9,9,20,14,13,21,20,21,13,4,15,15,3,2,7,13,13,7,3,11,3,7,8,,3,13,6,12,3,8,13,7,,4,11,10,4,10,11,5,7,7,12,5,7,9,6,3,4,2,11,,3,5,4,14,7,9,13,13,30,38,16,,15,,9,,13,15,12,10,14,6,3,8,21,12,10,14,16,21,16,60,37,31,8,14,46,13,14,20,,,,9,,
20260624,17,PM10,35,61,67,25,30,20,59,14,60,69,53,48,28,47,8,44,27,18,29,13,19,17,12,16,21,19,25,17,12,9,18,23,22,11,10,33,12,12,10,19,9,23,23,35,12,41,55,17,39,18,24,17,20,27,32,27,27,38,29,24,31,24,33,21,21,15,16,11,8,28,35,25,35,34,18,23,13,28,16,53,27,18,43,22,36,28,42,56,27,22,23,27,34,14,20,23,34,38,23,34,23,41,38,24,34,15,31,32,7,22,15,25,32,57,8,28,37,24,34,15,21,23,20,20,22,15,31,26,27,33,31,22,23,25,14,19,22,7,37,9,25,8,12,17,9,19,12,16,13,16,30,21,15,28,27,75,71,33,55,340,,,,,,,,,,,,,,,,,,,,,,,,,,,,,,22,19,46,23,40,38,22,32,36,41,38,27,40,19,,6,33,9,49,46,9,24,20,19,20,10,9,27,33,39,26,27,30,22,36,14,29,21,12,16,28,16,13,12,22,20,9,9,10,19,37,18,10,25,45,20,17,20,,24,17,18,20,35,27,32,20,16,25,31,22,30,32,21,28,14,24,11,10,16,18,17,17,19,28,25,11,18,16,13,37,36,37,,28,48,10,23,10,30,17,6,11,16,32,11,12,12,9,14,7,,9,17,14,13,12,12,11,14,,7,,,18,20,13,6,10,20,23,6,14,17,16,7,13,8,7,,24,6,13,72,22,14,17,36,,463,33,,24,,21,,15,31,24,21,20,22,8,15,30,32,18,26,12,34,20,136,98,103,43,23,77,24,33,31,,,,20,,
20260624,17,PM10_24h,55,56,53,44,44,26,71,19,34,59,55,55,43,46,8,34,19,26,37,8,14,7,4,16,24,16,9,11,12,10,15,16,23,16,22,31,22,8,10,31,24,42,37,21,9,33,45,9,35,16,32,15,14,31,29,25,28,26,33,27,29,30,30,24,20,15,16,15,13,23,29,25,52,49,15,17,17,46,42,33,24,33,37,20,52,32,38,31,23,22,22,23,32,12,20,25,30,27,28,32,27,29,31,27,38,37,27,29,11,23,26,28,39,56,22,51,32,28,32,29,28,23,38,11,16,11,35,34,33,33,38,34,19,26,12,18,13,16,31,22,24,11,18,19,14,13,9,13,14,18,38,31,29,33,34,61,199,39,47,83,,,,,,,,,,,,,,,,,,,,,,,,,,,,,,23,23,46,33,50,46,26,36,59,42,32,25,31,21,,10,33,23,40,32,26,24,26,20,28,23,16,16,34,29,28,30,29,28,20,32,18,16,12,17,15,10,10,8,23,22,5,12,12,11,36,21,19,27,22,10,22,29,17,28,23,28,24,31,38,36,26,26,27,32,24,34,19,27,32,13,27,12,11,9,21,16,14,17,24,17,13,13,16,12,45,33,33,34,29,37,23,17,24,28,17,7,11,18,26,10,12,16,9,12,20,,9,15,11,16,12,16,19,6,,4,14,20,10,25,16,8,12,14,30,8,17,14,14,9,10,13,20,,12,8,9,31,19,16,26,28,50,114,40,,28,,26,,37,25,25,22,23,20,10,15,51,29,17,39,17,49,45,184,133,106,57,27,75,30,43,70,,,,21,,
20260624,17,SO2,4,7,2,5,5,4,6,3,6,3,7,6,3,8,7,7,7,5,5,6,5,6,4,5,7,6,6,7,4,9,7,8,6,6,5,5,7,5,5,5,6,2,4,5,8,5,3,7,5,6,4,4,4,6,5,6,6,6,4,3,5,6,4,4,8,5,6,5,6,6,9,14,8,5,4,6,7,7,6,9,8,6,2,8,10,7,8,9,10,5,5,4,5,7,4,10,6,6,8,5,7,6,5,5,2,5,3,5,3,4,7,11,7,9,8,7,11,7,7,6,4,7,5,5,6,3,8,2,8,6,5,7,7,6,5,7,8,5,3,6,3,8,9,6,4,10,4,5,3,2,6,5,3,6,8,9,4,12,6,3,,,,,,,,,,,,,,,,,,,,,,,,,,,,,,6,3,4,4,7,8,5,5,4,11,7,5,11,4,,7,11,5,9,11,6,5,7,9,10,1,4,8,8,6,8,5,4,7,8,9,7,6,7,4,9,4,4,10,4,5,5,4,4,6,4,6,3,4,8,4,9,7,4,3,9,4,5,6,7,6,6,4,6,6,4,5,5,9,7,4,7,4,5,7,4,5,6,3,5,6,6,6,3,4,8,5,4,5,2,10,10,3,6,3,5,9,9,4,8,6,4,8,8,5,,,5,8,4,9,3,11,4,4,,5,6,7,10,7,8,1,3,2,8,5,4,5,9,7,6,7,4,,5,4,4,6,,7,3,13,9,6,8,,4,,8,,4,,8,10,11,13,6,19,8,6,6,7,5,8,5,4,6,3,4,6,4,7,7,5,,,,3,,
20260624,17,SO2_24h,4,7,2,8,6,5,4,4,3,3,9,6,4,12,8,6,7,6,6,6,5,6,4,6,8,6,5,7,4,9,7,7,6,6,5,5,6,5,5,5,6,2,4,6,7,5,3,7,6,6,4,4,5,6,5,6,5,6,4,3,5,8,4,5,8,4,5,6,6,5,8,16,8,5,4,6,8,8,7,7,8,16,2,9,11,9,11,9,11,6,5,4,7,7,4,10,9,6,8,5,8,6,5,5,4,10,4,6,5,5,8,11,7,11,14,9,11,8,9,6,4,6,6,5,6,3,11,3,8,8,5,9,7,9,4,7,8,5,3,6,2,8,9,11,4,10,4,6,3,3,6,6,4,7,8,22,7,15,7,4,,,,,,,,,,,,,,,,,,,,,,,,,,,,,,5,3,5,4,8,11,5,6,5,10,8,5,12,9,,6,11,7,10,11,6,5,7,11,11,1,4,7,9,6,8,6,4,9,7,10,7,6,7,4,8,4,4,8,5,5,5,4,5,6,5,10,4,5,6,4,11,5,5,4,11,5,5,9,7,7,6,4,6,6,5,5,4,8,7,5,7,4,5,7,4,5,6,9,4,5,6,6,6,3,8,6,4,8,5,11,11,3,7,4,5,9,9,4,9,6,5,7,8,5,3,,6,8,4,10,3,6,4,4,,5,6,8,9,6,7,2,4,2,8,5,5,5,9,7,6,9,4,,5,4,4,23,5,7,20,9,11,8,10,,5,,8,,4,10,8,10,12,13,7,19,10,7,7,7,6,8,5,4,7,3,4,6,4,7,6,5,,,,3,,
20260624,17,NO2,10,12,14,9,7,6,9,5,12,10,8,10,5,15,3,13,12,8,11,14,13,17,6,9,7,8,20,13,12,4,5,5,9,16,16,13,17,8,15,14,10,18,10,7,8,8,9,9,11,9,8,9,8,15,10,3,10,4,7,9,6,7,9,6,11,6,12,6,8,7,8,12,9,6,7,12,5,7,9,14,9,10,9,14,11,5,10,12,11,10,11,5,6,8,9,12,8,6,8,6,5,2,7,3,11,5,4,8,4,8,6,6,11,9,10,16,13,15,12,7,7,9,6,9,8,8,7,3,9,8,6,6,11,8,11,4,7,5,4,6,7,4,6,4,12,6,4,6,7,6,8,8,4,9,7,6,5,12,4,4,,,,,,,,,,,,,,,,,,,,,,,,,,,,,,4,3,7,7,7,4,4,8,7,8,12,6,8,4,,9,5,13,19,14,11,7,7,9,5,10,6,12,10,12,11,6,14,27,14,12,4,8,7,4,16,5,5,5,6,2,4,3,9,7,8,7,6,3,13,5,10,12,3,8,8,6,4,6,7,6,12,3,8,5,4,6,6,7,10,11,7,4,3,6,6,5,6,5,8,8,5,6,6,8,8,4,6,6,9,7,11,5,6,4,9,8,7,9,12,5,13,10,11,3,3,,5,6,13,7,4,7,4,6,,5,3,8,5,5,5,3,4,6,6,5,5,7,7,6,3,3,6,,4,6,4,16,10,6,10,10,8,8,8,,6,,5,,7,,2,1,4,1,3,2,11,9,6,3,4,8,4,3,2,4,3,7,2,8,6,2,,,,3,,
20260624,17,NO2_24h,17,18,10,13,16,9,14,8,11,18,17,20,10,17,7,17,8,22,22,16,11,16,5,9,11,5,15,15,11,3,7,5,9,17,21,11,18,9,14,16,20,23,18,9,7,10,17,8,13,11,15,12,6,16,10,3,13,4,10,10,10,9,8,9,14,10,10,8,8,12,16,17,19,9,6,10,13,27,13,14,15,28,11,12,18,10,18,13,12,12,12,7,10,9,11,15,12,7,11,7,9,4,12,3,14,12,5,7,6,12,13,7,13,18,17,17,18,16,20,17,11,13,10,9,7,14,12,9,17,9,21,9,12,9,7,5,9,8,4,13,7,7,12,9,14,5,6,7,7,9,15,13,15,9,13,17,10,16,7,7,,,,,,,,,,,,,,,,,,,,,,,,,,,,,,6,8,15,12,16,10,4,12,24,10,12,10,8,9,,9,6,15,16,17,14,21,20,10,12,9,10,10,15,13,11,8,16,14,11,22,5,9,7,6,9,6,5,5,11,3,6,8,13,6,10,10,6,7,10,4,12,12,5,9,8,11,4,11,11,12,13,11,18,8,8,15,5,10,16,10,8,6,5,6,6,5,7,5,7,9,6,6,9,6,25,9,8,14,11,12,10,8,10,12,11,8,8,11,15,6,16,8,10,4,5,,14,10,12,8,6,7,7,6,,6,6,13,6,7,7,4,6,9,6,7,6,9,7,7,3,3,8,,2,6,6,14,10,12,12,13,17,10,18,,8,,8,,22,9,5,2,6,2,10,2,23,13,8,8,8,8,8,7,10,13,7,11,3,6,8,6,,,,5,,
20260624,17,O3,165,170,218,114,137,161,226,108,101,192,195,193,166,150,102,163,101,127,146,64,71,63,72,97,120,83,52,65,76,78,94,96,121,72,88,93,89,84,73,74,83,75,87,94,75,115,161,79,191,111,145,73,72,97,84,78,79,90,78,107,111,83,96,75,66,86,33,80,140,156,108,138,171,140,64,67,113,132,113,105,118,154,123,159,203,185,218,232,144,114,162,162,179,102,142,163,80,89,77,112,84,95,121,85,88,84,73,78,67,143,115,152,173,165,87,107,167,81,152,125,117,102,111,76,83,93,158,157,131,161,131,116,87,80,75,79,76,54,84,69,102,86,69,72,45,50,80,35,37,78,176,137,123,82,161,139,107,158,129,108,,,,,,,,,,,,,,,,,,,,,,,,,,,,,,104,114,147,158,154,157,130,127,152,153,101,98,121,108,,83,151,115,94,151,108,160,157,105,93,117,121,87,106,121,113,142,122,93,73,148,61,100,84,125,74,98,66,87,102,124,78,114,77,82,104,60,65,80,139,41,64,71,63,65,106,81,66,83,160,155,159,112,126,119,122,114,86,101,92,78,98,76,76,76,90,57,70,62,85,62,64,50,54,48,123,104,117,62,70,108,60,70,70,139,84,47,39,93,115,58,48,84,50,56,47,,64,88,40,39,69,51,69,49,,31,68,68,62,64,67,58,62,70,52,64,65,67,71,109,142,140,133,,126,84,90,134,77,117,100,74,133,112,128,,121,,76,,115,146,144,126,125,84,121,107,179,140,134,133,111,150,130,120,135,133,145,129,104,103,141,138,,,,69,,
20260624,17,O3_24h,165,170,218,114,137,161,226,108,101,192,195,193,166,150,102,163,101,127,146,64,71,63,72,97,120,83,52,65,76,78,94,96,121,72,88,93,89,84,73,74,83,75,87,94,75,115,161,79,191,111,145,73,72,97,84,78,79,90,78,107,111,83,96,75,66,86,33,80,140,156,108,138,171,140,64,67,113,132,113,105,118,154,123,159,203,185,218,232,144,114,162,162,179,102,142,163,80,89,77,112,84,95,121,85,88,84,73,78,67,143,115,152,173,165,87,107,167,81,152,125,117,102,111,76,83,93,158,157,131,161,131,116,87,80,75,79,76,54,84,69,102,86,69,72,45,50,80,35,37,78,176,137,123,82,161,139,107,158,129,108,,,,,,,,,,,,,,,,,,,,,,,,,,,,,,104,114,147,158,154,157,130,127,152,153,101,98,121,108,,83,151,115,94,151,108,160,157,105,93,117,121,87,106,121,113,142,122,93,73,148,61,100,84,125,74,98,66,87,102,124,78,114,77,82,104,60,65,80,139,41,64,71,63,65,106,81,66,83,160,155,159,112,126,119,122,114,86,101,92,78,98,76,76,76,90,57,70,62,85,62,64,50,54,48,123,104,117,62,70,108,60,70,70,139,84,47,39,93,115,58,48,84,50,56,47,,64,88,40,39,69,51,69,49,,31,68,68,62,64,67,58,62,70,52,64,65,67,71,109,142,140,133,,126,84,90,134,77,117,100,74,133,112,128,,121,,76,,115,146,144,126,125,84,121,107,179,140,134,133,111,150,130,120,135,133,145,129,104,103,141,138,,,,69,,
20260624,17,O3_8h,149,134,189,104,111,154,182,92,117,153,172,174,163,166,95,156,104,128,126,71,74,78,88,98,102,80,74,73,74,76,90,86,107,70,72,117,74,83,77,91,71,86,92,79,76,108,149,71,157,105,135,77,65,112,86,81,98,91,82,111,108,96,98,88,58,76,33,69,136,128,113,122,137,119,57,60,102,109,98,106,110,120,117,130,177,151,185,193,121,124,137,139,149,99,129,166,99,88,87,96,79,89,96,85,109,88,72,84,65,120,102,150,152,153,95,122,161,107,117,122,113,106,117,78,75,79,141,146,119,146,112,111,67,75,66,80,76,47,83,54,96,82,57,75,34,50,74,33,42,61,145,123,117,94,133,126,118,145,107,104,,,,,,,,,,,,,,,,,,,,,,,,,,,,,,90,98,128,139,130,168,125,139,152,134,133,119,102,98,,78,140,123,130,143,116,150,150,105,103,119,109,94,108,118,112,136,128,110,80,139,64,86,83,104,77,81,61,83,79,101,73,102,71,83,96,83,81,90,110,43,56,66,71,95,80,63,57,78,141,141,138,99,104,104,103,89,78,91,81,81,89,70,79,72,85,49,58,56,74,53,63,51,52,48,101,86,99,84,84,80,74,46,63,127,89,41,33,72,75,53,46,67,48,48,48,,60,58,37,41,60,52,57,44,,26,67,62,58,55,61,55,64,71,53,61,57,55,80,85,132,124,126,,139,75,84,144,74,112,106,83,112,133,118,,123,,64,,101,130,135,126,122,96,110,110,148,119,124,121,99,127,114,106,113,117,130,108,88,108,125,109,,,,66,,
20260624,17,O3_8h_24h,148,134,189,104,111,154,182,92,117,153,172,174,163,165,95,156,104,128,126,68,73,65,70,98,102,80,58,64,74,76,90,86,107,70,72,117,74,83,76,91,71,86,92,79,76,108,149,71,157,105,135,77,65,112,86,80,98,91,82,111,108,96,98,88,58,76,31,69,136,128,113,122,137,119,58,60,102,109,98,106,110,120,117,130,177,151,185,193,121,124,137,139,149,99,129,166,99,88,86,96,79,89,96,85,109,88,72,84,65,120,102,150,152,153,95,121,161,106,117,122,113,106,117,78,75,79,141,146,119,146,112,111,67,80,66,80,76,47,83,54,95,82,57,75,34,50,74,33,41,61,145,123,117,94,133,126,116,145,107,104,,,,,,,,,,,,,,,,,,,,,,,,,,,,,,90,98,128,139,130,168,124,138,152,134,130,119,102,98,,78,140,123,129,143,116,150,150,105,102,119,109,94,108,118,112,136,128,110,79,139,64,86,83,104,77,81,61,83,79,101,73,102,71,83,96,82,81,90,110,43,56,66,71,94,80,63,57,78,141,141,138,99,104,104,103,89,78,91,81,81,89,70,79,72,85,49,58,56,74,53,63,43,52,48,101,86,99,84,84,80,73,46,63,127,88,41,33,72,75,53,46,67,48,48,48,,60,58,36,36,60,52,57,44,,26,67,62,58,55,61,55,64,71,53,61,57,55,80,85,132,124,126,,138,75,84,144,74,112,106,83,112,116,118,,123,,64,,101,130,135,126,122,91,110,105,148,119,124,121,99,127,114,106,113,117,130,108,88,94,125,109,,,,66,,
20260624,17,CO,0.61,0.70,0.68,0.61,0.25,0.27,0.57,0.23,0.40,0.70,0.40,0.40,0.28,0.72,0.26,0.87,0.54,0.34,0.38,0.38,0.37,0.54,0.42,0.32,0.28,0.56,0.84,0.43,0.36,0.45,0.54,0.46,0.45,0.54,0.44,0.47,0.49,0.50,0.63,0.47,0.50,0.53,0.50,0.60,0.47,0.50,0.43,0.78,0.42,0.44,0.37,0.40,0.60,0.53,0.61,0.60,0.53,0.40,0.57,0.47,0.55,0.50,0.59,0.45,0.55,0.46,0.57,0.42,0.24,0.48,0.50,0.30,0.46,0.26,0.43,0.67,0.27,0.38,0.44,0.55,0.30,0.40,0.37,0.41,0.52,0.40,0.44,0.43,0.52,0.42,0.42,0.30,0.28,0.44,0.30,0.40,0.57,0.50,0.37,0.60,0.50,0.60,0.55,0.47,0.50,0.40,0.40,0.65,0.20,0.10,0.36,0.43,0.47,0.84,0.34,0.66,0.72,0.72,0.46,0.34,0.32,0.37,0.27,0.38,0.47,0.50,0.32,0.38,0.33,0.20,0.42,0.45,0.30,0.40,0.78,0.80,0.75,0.67,0.42,0.59,0.20,0.60,0.53,0.45,0.57,0.60,0.60,0.30,0.50,0.35,0.37,0.50,0.45,0.48,0.35,0.30,0.55,0.48,0.28,0.15,,,,,,,,,,,,,,,,,,,,,,,,,,,,,,0.35,0.30,0.50,0.30,0.33,0.60,0.45,0.60,0.30,0.40,0.30,0.20,0.45,0.33,,0.25,0.45,0.47,0.73,0.45,0.60,0.27,0.50,0.40,0.45,0.30,0.30,0.27,0.27,0.23,0.33,0.45,0.40,0.55,0.30,0.25,0.25,0.32,0.18,0.40,0.68,0.55,0.60,0.35,0.32,0.20,0.23,0.17,0.47,0.33,0.37,0.67,0.25,0.35,0.90,0.60,0.83,0.63,0.50,0.34,0.65,0.75,0.83,0.60,0.36,0.35,0.25,0.30,0.36,0.50,0.30,0.17,0.50,0.67,0.72,0.53,0.63,0.50,0.47,1.10,0.60,0.50,0.82,0.60,0.90,0.85,0.73,0.50,0.40,0.45,0.40,0.57,0.53,0.50,0.43,0.45,0.47,0.90,0.35,0.50,0.60,0.55,0.47,0.65,0.60,0.47,0.33,0.65,0.60,0.30,0.30,,0.40,0.50,0.33,0.57,0.40,0.60,0.35,0.50,,0.60,0.30,0.40,0.55,0.60,0.30,0.30,0.10,0.15,0.50,0.40,0.30,0.60,0.50,0.45,0.15,0.35,0.20,,0.30,0.45,0.43,0.33,0.50,0.80,0.25,0.45,0.30,0.40,0.50,,0.35,,0.45,,0.30,0.50,0.20,0.20,0.40,0.30,0.20,0.40,0.43,0.30,0.30,0.40,,0.30,0.30,0.55,0.10,0.20,0.15,0.45,0.50,0.30,0.45,0.25,,,,0.40,,
20260624,17,CO_24h,0.64,0.64,0.50,0.67,0.25,0.35,0.53,0.27,0.40,0.60,0.45,0.43,0.45,0.83,0.30,0.73,0.54,0.53,0.47,0.38,0.33,0.47,0.42,0.36,0.30,0.50,0.67,0.41,0.32,0.42,0.70,0.40,0.45,0.58,0.46,0.43,0.54,0.50,0.68,0.43,0.65,0.63,0.50,0.50,0.47,0.50,0.43,0.75,0.44,0.41,0.43,0.47,0.58,0.54,0.56,0.63,0.53,0.40,0.53,0.50,0.55,0.50,0.59,0.43,0.59,0.49,0.60,0.43,0.23,0.51,0.50,0.50,0.60,0.28,0.40,0.63,0.27,0.46,0.54,0.50,0.37,0.55,0.43,0.36,0.54,0.37,0.50,0.33,0.32,0.40,0.40,0.33,0.35,0.48,0.33,0.48,0.57,0.57,0.47,0.60,0.55,0.55,0.60,0.53,0.50,0.40,0.40,0.65,0.30,0.20,0.54,0.53,0.65,0.88,0.54,0.90,0.68,0.72,0.60,0.40,0.40,0.30,0.47,0.38,0.43,0.52,0.41,0.45,0.43,0.40,0.53,0.53,0.35,0.47,0.70,0.80,0.75,0.60,0.38,0.61,0.35,0.63,0.65,0.53,0.53,0.50,0.63,0.30,0.55,0.45,0.47,0.50,0.50,0.60,0.50,0.40,0.50,0.56,0.34,0.20,,,,,,,,,,,,,,,,,,,,,,,,,,,,,,0.43,0.40,0.55,0.40,0.37,0.65,0.68,0.67,0.47,0.40,0.40,0.30,0.45,0.38,,0.20,0.45,0.58,0.83,0.35,0.73,0.30,0.50,0.50,0.35,0.35,0.30,0.37,0.27,0.23,0.37,0.42,0.25,0.33,0.25,0.35,0.40,0.30,0.16,0.35,0.60,0.55,0.50,0.30,0.40,0.20,0.25,0.20,0.58,0.33,0.43,0.87,0.30,0.40,0.55,0.63,0.77,0.68,0.50,0.44,0.40,1.00,0.83,0.60,0.44,0.42,0.35,0.43,0.42,0.52,0.37,0.17,0.35,0.83,0.80,0.57,0.60,0.50,0.50,1.00,0.63,0.50,0.85,0.60,0.90,0.80,0.70,0.50,0.60,0.35,0.35,0.60,0.53,0.67,0.40,0.40,0.43,0.90,0.50,0.60,0.60,0.55,0.47,0.67,0.65,0.45,0.38,0.60,0.65,0.30,0.40,,0.25,0.50,0.43,0.60,0.40,0.50,0.45,0.50,,0.45,0.40,0.40,0.55,0.65,0.45,0.50,0.10,0.15,0.55,0.40,0.35,0.55,0.50,0.50,0.20,0.35,0.30,,0.30,0.35,0.43,0.40,0.50,0.85,0.30,0.40,0.30,0.35,0.65,,0.50,,0.45,,0.30,0.50,0.40,0.40,0.40,0.30,0.20,0.40,0.53,0.40,0.35,0.45,0.15,0.30,0.40,0.60,0.30,0.30,0.25,0.45,0.60,0.20,0.45,0.20,,,,0.40,,
20260624,18,AQI,50,53,103,37,40,55,106,35,28,83,102,89,50,43,32,48,29,38,46,20,23,18,23,30,38,26,29,20,23,25,28,32,39,22,27,30,25,23,29,37,26,23,24,37,22,32,48,24,91,33,44,20,23,30,33,26,29,30,34,31,33,23,38,26,22,26,18,22,43,48,31,37,70,43,21,24,34,43,40,49,40,48,51,48,100,89,106,117,44,38,54,54,76,33,38,48,28,45,28,34,29,43,50,28,31,25,30,31,23,43,35,47,90,59,26,23,43,24,40,38,36,33,34,24,24,29,50,50,40,48,41,38,23,33,23,24,21,18,40,22,30,25,19,23,15,19,24,11,13,26,63,43,36,26,54,67,31,47,39,159,,,,,,,,,,,,,,,,,,,,,,,,,,,,,,32,36,60,56,46,48,40,40,45,47,38,32,41,36,,28,46,33,31,42,31,48,51,33,24,38,37,29,42,43,35,44,40,31,29,46,27,33,27,39,33,29,20,27,32,39,24,36,23,28,42,20,19,23,44,12,25,24,20,23,31,19,23,31,53,48,49,35,39,37,38,36,38,30,29,23,31,25,22,21,28,18,19,18,70,33,20,17,18,19,50,33,38,19,24,52,19,16,22,43,26,14,12,23,24,25,15,22,15,17,13,,19,26,13,16,21,16,22,16,,10,30,23,16,22,21,18,19,21,26,19,19,20,21,33,43,44,41,,39,28,27,40,24,36,31,31,74,346,38,,38,,29,,34,43,45,37,44,26,36,33,70,42,41,42,36,44,40,88,95,84,47,39,87,32,46,43,,,,33,,
20260624,18,PM2.5,19,30,56,16,7,6,46,5,9,47,38,21,13,27,4,23,17,7,11,10,4,9,6,9,13,9,12,7,8,4,10,14,17,6,4,17,11,10,20,24,3,10,13,23,3,20,28,14,13,12,11,7,10,18,16,14,20,21,14,13,17,14,16,11,10,6,4,7,3,9,19,20,14,18,15,14,5,12,5,29,20,11,36,5,10,9,15,37,9,10,3,7,12,10,5,4,18,19,16,15,16,15,35,14,18,15,14,18,3,3,3,9,14,42,9,10,11,7,8,8,5,13,7,9,7,8,24,11,14,13,21,15,11,23,9,14,12,5,11,3,11,3,11,4,3,4,4,6,3,7,9,17,8,11,10,33,15,9,17,83,,,,,,,,,,,,,,,,,,,,,,,,,,,,,,12,12,43,11,10,27,13,28,11,18,9,21,13,7,,3,9,4,8,20,21,12,3,7,6,11,12,11,15,26,19,21,22,12,5,5,19,10,5,10,17,9,3,13,3,14,3,3,10,17,19,14,3,16,30,6,11,13,4,7,10,8,6,12,19,15,9,21,21,14,15,14,10,9,20,4,20,3,7,8,8,10,9,12,51,23,8,3,3,13,27,14,19,7,13,32,3,3,3,12,3,3,3,3,3,4,4,12,3,3,8,,3,10,6,11,5,7,13,11,,7,9,16,7,7,9,3,6,5,11,3,8,9,3,3,3,3,3,,3,3,8,13,12,5,12,15,54,135,11,,8,,5,,3,12,16,10,9,10,3,8,16,13,14,25,9,21,9,44,31,37,5,25,24,16,11,20,,,,8,,
20260624,18,PM2.5_24h,35,31,34,26,18,18,45,11,19,40,38,27,20,29,5,22,14,20,17,8,4,5,1,8,14,6,4,5,7,4,10,8,14,13,12,17,16,7,10,17,14,25,23,11,3,17,26,12,12,10,19,9,9,18,13,16,20,15,17,15,15,19,16,14,9,11,5,7,6,12,16,17,18,16,10,10,8,11,22,18,20,25,23,11,28,11,15,14,8,14,5,5,15,7,16,6,18,15,17,17,19,14,20,17,20,19,14,17,4,9,10,19,15,32,16,25,23,16,26,17,13,12,22,8,10,7,23,19,19,18,22,21,8,19,4,17,13,8,10,12,12,5,11,5,5,4,4,5,5,9,24,22,14,19,16,25,68,12,26,26,,,,,,,,,,,,,,,,,,,,,,,,,,,,,,13,12,27,15,20,29,15,25,15,9,16,17,8,7,,5,10,16,24,23,21,19,16,10,8,19,10,9,14,14,14,13,16,11,10,16,11,5,5,8,7,8,2,11,9,11,4,6,8,10,20,13,9,18,12,5,14,12,10,13,6,14,7,19,27,17,13,17,19,17,14,16,4,16,22,3,18,3,5,4,11,6,9,16,19,15,7,6,9,9,20,13,13,21,20,21,13,4,15,15,3,2,7,12,13,7,3,11,3,6,8,,3,13,6,12,3,8,13,7,,4,11,11,4,10,11,5,7,7,12,5,8,9,5,3,4,2,11,,3,5,4,14,8,9,13,14,29,40,16,,15,,8,,13,15,12,10,13,6,3,8,21,12,10,14,16,18,16,61,39,33,7,14,46,13,15,19,,,,9,,
20260624,18,PM10,33,56,89,26,31,14,66,19,23,72,64,45,30,41,8,48,26,16,28,15,19,15,12,16,29,19,29,17,12,10,17,24,22,11,9,30,16,12,11,37,8,21,22,37,14,32,46,18,41,20,23,17,19,30,33,26,26,30,34,23,32,20,38,20,22,15,18,15,9,29,31,23,35,39,19,24,15,34,12,49,37,13,42,19,37,32,40,61,30,23,23,28,35,15,17,23,28,45,28,34,29,43,42,25,31,22,30,31,12,22,11,27,35,61,12,22,35,24,31,16,22,33,24,19,24,16,34,25,25,27,29,26,20,25,17,20,13,10,40,11,29,9,16,15,10,19,12,11,13,15,29,24,17,23,24,83,24,30,33,268,,,,,,,,,,,,,,,,,,,,,,,,,,,,,,24,18,56,26,41,40,20,36,32,46,38,32,41,18,,7,29,10,22,42,,25,17,17,18,12,18,29,42,43,30,35,31,31,29,13,24,20,18,23,33,17,16,10,21,23,6,9,16,19,42,16,12,20,44,11,25,24,7,23,21,18,22,31,34,29,23,22,28,32,25,29,38,17,29,12,23,7,11,21,21,17,17,18,,27,12,8,15,17,50,33,36,,24,53,8,16,10,25,14,7,10,12,24,25,15,19,10,11,,,8,15,13,10,10,12,,9,,,30,,16,21,11,9,12,13,26,6,17,15,14,7,8,9,10,,8,7,12,28,24,12,20,31,61,457,34,,24,,29,,15,32,21,22,24,16,7,22,33,29,20,28,21,31,28,125,140,118,47,27,124,25,28,30,,,,33,,
20260624,18,PM10_24h,54,56,55,42,43,26,71,19,34,59,55,55,42,46,8,35,20,25,37,9,15,7,4,17,24,16,10,11,12,10,15,16,23,16,21,31,21,8,10,32,23,42,36,22,9,32,46,10,35,16,31,15,14,32,29,25,28,26,33,27,29,30,30,24,21,15,16,15,13,24,29,25,51,50,15,17,17,45,40,34,24,32,37,20,51,32,36,32,23,22,22,23,32,13,21,25,30,27,28,32,27,29,31,27,38,36,26,30,11,22,25,28,39,57,21,51,32,28,32,28,28,24,37,11,17,11,35,33,33,33,38,34,19,25,12,18,12,15,31,22,25,11,18,19,15,13,9,13,14,18,38,31,29,32,34,62,197,39,46,94,,,,,,,,,,,,,,,,,,,,,,,,,,,,,,23,23,46,33,50,45,26,36,59,42,32,25,31,21,,10,32,22,41,32,26,24,26,20,28,22,16,16,36,30,29,29,30,29,21,32,19,16,12,18,16,10,10,8,23,23,5,12,12,12,36,20,18,27,23,10,21,27,16,27,23,27,24,31,38,36,26,26,27,33,24,34,20,26,32,14,27,12,11,9,21,16,15,17,25,17,12,13,16,12,45,33,33,34,29,38,22,17,23,27,16,7,11,17,26,11,12,16,9,12,20,,8,15,11,16,12,16,19,6,,4,14,19,10,25,16,8,12,14,30,8,16,15,14,9,11,13,20,,12,8,9,31,20,16,26,28,51,121,40,,28,,25,,38,26,25,22,24,18,10,16,50,29,17,38,17,37,44,188,138,110,49,27,77,30,39,68,,,,21,,
20260624,18,SO2,4,7,2,5,5,4,5,3,4,2,7,6,2,8,8,6,7,5,5,6,5,6,4,6,7,6,6,6,4,9,7,7,6,5,5,5,7,5,5,5,6,2,4,4,8,4,3,7,6,6,3,4,5,6,5,6,5,6,4,3,5,5,3,5,8,5,5,4,6,6,7,14,8,5,4,6,7,8,6,8,9,6,2,7,9,6,7,9,10,5,6,4,6,7,3,8,5,6,8,5,7,6,5,5,5,5,3,6,4,4,6,13,9,9,8,7,9,7,5,5,4,6,5,5,6,3,8,2,8,6,5,7,7,6,4,7,7,7,3,5,3,8,9,8,4,9,4,6,4,3,6,5,3,6,8,11,4,14,7,3,,,,,,,,,,,,,,,,,,,,,,,,,,,,,,5,,4,4,6,8,5,5,5,12,7,5,10,3,,6,12,6,8,14,6,5,8,10,10,1,3,7,8,6,9,6,4,7,7,9,7,6,7,4,9,4,4,8,4,5,5,4,4,6,4,7,3,4,8,5,9,5,5,3,8,4,5,4,8,6,6,3,5,6,4,4,5,9,7,4,8,4,5,7,4,5,6,3,5,5,6,6,4,4,8,5,4,4,2,10,10,3,6,3,5,9,9,4,7,7,4,8,8,5,3,,4,7,4,9,3,12,6,4,,5,5,7,8,6,9,1,4,2,9,5,5,5,9,7,6,7,3,,5,4,4,7,,8,3,13,10,5,8,,5,,8,,2,8,3,10,12,14,6,19,8,6,6,7,5,8,5,4,7,3,4,7,4,7,7,5,,,,2,,
20260624,18,SO2_24h,4,7,2,8,6,5,4,4,3,3,9,6,4,12,8,6,7,6,6,6,5,6,4,6,8,6,5,7,4,9,7,7,6,6,5,5,6,5,5,5,6,2,4,6,7,5,3,7,6,6,4,4,5,6,5,6,5,6,4,3,5,8,4,5,8,4,5,6,6,5,8,16,8,5,5,6,8,8,7,7,8,16,2,9,11,9,11,10,11,6,5,4,7,7,3,10,8,6,8,5,8,6,5,5,4,10,4,6,5,5,8,11,7,11,14,10,11,8,8,6,4,6,6,5,6,3,11,3,8,8,5,9,7,9,4,7,8,5,3,6,2,8,9,11,4,10,4,6,3,3,6,6,4,7,8,22,7,15,7,4,,,,,,,,,,,,,,,,,,,,,,,,,,,,,,5,3,5,4,8,11,5,6,5,10,8,5,12,9,,6,11,7,10,11,6,5,7,11,11,1,4,7,9,6,8,6,4,9,7,10,7,6,7,4,8,4,4,8,5,5,5,4,5,6,5,10,4,5,6,4,11,5,5,4,11,5,5,9,7,7,6,4,6,6,5,5,4,8,7,5,7,4,5,7,4,5,6,9,4,5,6,6,6,3,8,6,4,8,5,11,11,3,7,4,5,9,9,4,9,6,5,7,8,5,3,,6,8,4,10,3,6,4,4,,5,6,8,9,6,7,2,4,2,8,5,5,5,9,7,6,9,4,,5,4,4,23,5,7,20,9,11,8,9,,5,,8,,4,10,7,10,12,13,7,19,10,7,7,7,6,8,5,4,7,3,4,6,4,7,6,5,,,,3,,
20260624,18,NO2,10,16,12,8,8,6,10,5,10,11,11,9,7,18,4,14,15,11,11,13,13,18,8,10,8,8,22,15,14,4,6,5,8,18,15,11,19,11,18,16,8,19,11,9,10,9,15,12,12,14,9,12,8,19,12,4,15,4,9,8,8,8,9,7,13,7,12,8,7,8,13,15,11,6,7,13,6,8,10,16,11,9,10,16,12,6,10,12,12,10,12,6,8,9,12,14,9,7,9,8,6,4,8,3,14,5,5,9,5,9,6,7,13,10,13,20,13,12,14,10,9,13,6,12,11,10,7,4,9,8,6,7,11,10,8,5,8,5,4,6,6,5,8,5,15,7,4,7,8,6,9,9,5,9,8,8,6,11,4,5,,,,,,,,,,,,,,,,,,,,,,,,,,,,,,5,4,10,7,7,7,4,11,10,12,12,7,9,5,,6,5,13,15,12,16,9,7,10,8,4,6,11,11,17,12,7,10,37,12,14,8,9,7,5,15,5,5,4,6,3,4,4,13,7,8,8,7,4,13,6,12,10,4,9,10,7,5,5,7,7,13,5,9,6,4,6,10,7,10,10,7,4,4,10,7,5,6,5,9,10,6,6,6,9,11,5,6,9,11,7,12,8,7,4,9,8,9,9,15,6,16,15,12,3,,,9,6,13,7,5,7,3,7,,6,3,10,14,6,5,4,4,7,6,7,5,10,8,11,4,4,6,,3,6,5,16,16,7,9,12,9,8,9,,8,,6,,7,7,2,1,5,2,4,2,11,12,8,3,4,4,3,3,4,6,2,7,2,9,6,3,,,,3,,
20260624,18,NO2_24h,17,18,10,13,16,9,14,8,11,18,17,20,10,18,7,16,8,22,22,16,11,16,5,9,11,5,15,14,12,3,7,5,9,17,20,11,17,9,14,16,20,24,18,9,7,10,17,8,13,11,16,12,6,16,10,3,12,4,10,10,10,9,8,9,14,10,10,8,8,12,16,17,19,9,6,10,13,27,13,14,15,28,11,12,18,10,18,13,12,12,13,7,10,9,11,15,12,7,11,6,9,4,12,3,15,11,5,8,6,12,13,7,13,18,17,17,18,16,20,17,11,13,9,9,7,14,12,9,17,9,21,9,12,9,7,5,9,8,4,12,7,7,12,9,14,5,6,7,7,9,15,13,15,10,13,16,10,16,7,7,,,,,,,,,,,,,,,,,,,,,,,,,,,,,,6,8,15,12,16,10,4,12,24,10,12,10,8,9,,9,6,15,16,17,14,21,19,10,12,9,10,10,15,14,11,8,16,16,11,22,5,9,7,6,9,6,5,5,10,3,6,8,12,6,10,10,6,7,10,4,12,12,5,9,8,11,4,11,11,12,13,11,18,8,8,15,5,10,16,10,8,6,5,6,6,5,7,5,7,9,6,6,9,6,25,9,8,15,11,12,10,8,10,12,10,8,8,11,16,6,16,8,10,4,5,,14,10,12,8,6,7,7,5,,6,6,12,7,7,7,4,6,9,6,7,6,9,7,7,3,3,8,,2,6,6,15,10,11,13,14,17,11,18,,8,,8,,23,9,5,2,6,2,10,2,22,13,8,8,8,8,8,7,10,13,7,11,3,6,8,7,,,,4,,
20260624,18,O3,159,155,206,117,128,164,212,111,88,186,203,191,160,136,103,138,94,122,146,65,73,58,72,97,122,83,50,64,75,80,90,101,125,69,85,86,81,72,61,75,83,73,76,86,71,93,155,76,193,106,140,64,74,93,78,77,75,88,77,100,106,73,82,83,60,83,29,70,139,152,100,117,176,136,63,62,110,138,128,93,129,152,123,152,200,191,212,233,142,120,163,163,181,106,122,153,66,85,78,107,85,97,126,88,82,81,73,72,72,136,112,151,192,164,83,73,139,76,129,120,115,91,109,77,76,92,160,159,129,154,131,120,74,82,74,77,67,56,81,71,97,81,61,75,49,43,78,33,32,83,170,138,115,82,163,139,98,150,124,108,,,,,,,,,,,,,,,,,,,,,,,,,,,,,,101,114,155,165,148,152,127,121,143,149,112,85,116,114,,88,147,105,98,131,100,153,161,104,78,123,118,75,105,115,113,140,127,67,68,146,51,104,86,124,75,92,63,87,102,124,78,116,74,90,103,60,60,73,130,39,60,78,65,60,98,61,72,67,162,155,158,111,126,117,121,115,73,95,88,75,98,79,71,65,91,58,62,59,85,57,64,53,56,44,83,105,120,62,60,107,62,42,69,138,83,45,38,75,74,55,43,70,47,54,43,,62,84,42,34,68,51,71,47,,28,67,60,47,70,68,58,62,68,47,62,60,63,68,105,139,142,131,,125,90,86,127,58,114,99,74,127,110,121,,120,,73,,110,139,144,119,140,82,116,107,176,133,132,134,116,141,128,122,141,130,144,126,102,103,146,138,,,,77,,
20260624,18,O3_24h,159,155,206,117,128,164,212,111,88,186,203,191,160,136,103,138,94,122,146,65,73,58,72,97,122,83,50,64,75,80,90,101,125,69,85,86,81,72,61,75,83,73,76,86,71,93,155,76,193,106,140,64,74,93,78,77,75,88,77,100,106,73,82,83,60,83,29,70,139,152,100,117,176,136,63,62,110,138,128,93,129,152,123,152,200,191,212,233,142,120,163,163,181,106,122,153,66,85,78,107,85,97,126,88,82,81,73,72,72,136,112,151,192,164,83,73,139,76,129,120,115,91,109,77,76,92,160,159,129,154,131,120,74,82,74,77,67,56,81,71,97,81,61,75,49,43,78,33,32,83,170,138,115,82,163,139,98,150,124,108,,,,,,,,,,,,,,,,,,,,,,,,,,,,,,101,114,155,165,148,152,127,121,143,149,112,85,116,114,,88,147,105,98,131,100,153,161,104,78,123,118,75,105,115,113,140,127,67,68,146,51,104,86,124,75,92,63,87,102,124,78,116,74,90,103,60,60,73,130,39,60,78,65,60,98,61,72,67,162,155,158,111,126,117,121,115,73,95,88,75,98,79,71,65,91,58,62,59,85,57,64,53,56,44,83,105,120,62,60,107,62,42,69,138,83,45,38,75,74,55,43,70,47,54,43,,62,84,42,34,68,51,71,47,,28,67,60,47,70,68,58,62,68,47,62,60,63,68,105,139,142,131,,125,90,86,127,58,114,99,74,127,110,121,,120,,73,,110,139,144,119,140,82,116,107,176,133,132,134,116,141,128,122,141,130,144,126,102,103,146,138,,,,77,,
20260624,18,O3_8h,155,145,198,110,119,159,195,97,117,166,181,182,166,168,98,158,105,130,133,71,75,78,88,99,108,81,74,73,75,77,91,89,111,71,77,117,78,83,77,91,77,90,95,83,76,112,156,74,167,107,140,78,67,115,88,81,98,92,82,113,112,96,100,89,62,79,33,72,138,139,114,128,148,125,59,61,107,117,103,107,112,128,122,138,187,161,196,205,127,127,145,145,159,101,129,171,99,89,88,100,82,92,105,86,110,89,73,84,67,126,106,152,159,160,95,122,163,107,127,124,114,109,117,79,77,83,147,150,125,151,117,114,73,76,68,80,78,48,84,60,96,86,60,78,38,50,77,34,42,67,154,127,119,100,143,132,118,150,115,106,,,,,,,,,,,,,,,,,,,,,,,,,,,,,,94,103,135,144,137,171,125,140,157,142,133,119,108,102,,80,143,123,130,144,118,154,152,106,103,120,112,97,110,119,114,139,129,110,80,142,64,89,84,108,80,86,62,85,84,105,75,105,72,85,100,83,81,90,120,44,59,70,72,95,86,67,60,81,147,146,145,104,110,109,107,96,79,97,87,83,92,72,81,72,88,52,60,59,78,56,65,51,53,51,105,93,107,87,84,88,75,46,66,135,89,42,34,76,80,55,47,71,51,50,52,,65,63,38,41,64,53,61,45,,26,68,63,59,58,64,56,66,75,55,62,61,59,80,93,136,129,129,,139,80,86,146,74,117,107,85,118,133,124,,123,,67,,107,138,142,128,126,96,116,110,158,127,126,126,103,136,121,109,122,121,136,114,95,108,134,118,,,,68,,
20260624,18,O3_8h_24h,155,145,198,110,119,159,195,97,116,166,181,182,166,167,98,157,104,130,133,68,74,64,71,98,108,81,57,64,75,77,91,89,111,71,77,117,78,82,75,91,77,90,95,83,76,112,156,74,167,107,140,78,67,114,88,80,97,92,81,113,112,96,99,88,62,79,31,71,137,139,114,128,148,125,60,61,107,117,102,107,112,128,122,138,187,161,196,205,127,127,145,145,159,101,128,171,98,89,87,100,82,92,105,86,110,89,73,83,67,126,106,152,159,160,94,115,163,103,127,123,114,109,116,79,77,83,147,150,125,151,117,114,73,82,68,79,78,48,84,60,96,86,60,78,38,49,77,34,41,67,154,127,118,100,143,132,113,150,115,106,,,,,,,,,,,,,,,,,,,,,,,,,,,,,,94,103,135,144,137,171,125,140,157,142,127,117,108,102,,80,143,122,125,143,118,154,152,106,101,120,112,97,110,118,114,138,129,107,78,142,63,89,84,108,80,86,62,85,84,105,75,105,72,85,100,80,79,88,120,43,59,70,71,95,86,67,60,81,147,146,145,104,110,109,107,96,78,97,87,83,92,72,80,72,88,52,60,59,78,56,65,45,53,51,105,93,107,87,83,88,74,45,66,135,88,42,34,76,80,55,47,71,51,50,52,,65,63,38,36,64,53,61,45,,26,68,63,58,58,64,56,66,75,55,62,61,59,79,93,136,129,129,,136,80,86,146,72,117,107,85,118,116,124,,123,,67,,107,138,142,128,126,90,116,105,158,127,126,126,103,136,121,109,122,121,136,114,95,98,134,118,,,,68,,
20260624,18,CO,0.57,0.71,0.68,0.50,0.25,0.23,0.63,0.27,0.20,0.70,0.45,0.40,0.28,0.72,0.28,0.77,0.58,0.34,0.36,0.35,0.41,0.52,0.43,0.35,0.32,0.58,0.86,0.37,0.42,0.45,0.56,0.48,0.45,0.53,0.36,0.50,0.53,0.50,0.63,0.50,0.50,0.47,0.40,0.60,0.47,0.50,0.47,0.75,0.47,0.46,0.33,0.40,0.61,0.54,0.64,0.63,0.57,0.40,0.53,0.47,0.55,0.50,0.57,0.45,0.58,0.47,0.57,0.43,0.24,0.46,0.53,0.45,0.48,0.26,0.43,0.67,0.27,0.42,0.44,0.57,0.30,0.38,0.40,0.33,0.50,0.37,0.42,0.48,0.38,0.40,0.40,0.33,0.30,0.50,0.27,0.38,0.60,0.60,0.37,0.60,0.55,0.65,0.55,0.53,0.50,0.40,0.47,0.65,0.27,0.10,0.36,0.52,0.70,0.82,0.36,0.68,0.60,0.62,0.48,0.35,0.34,0.43,0.27,0.37,0.43,0.56,0.32,0.38,0.33,0.17,0.43,0.50,0.30,0.40,0.80,0.80,0.75,0.63,0.38,0.60,0.25,0.60,0.63,0.50,0.60,0.60,0.60,0.30,0.55,0.35,0.30,0.50,0.45,0.50,0.35,0.30,0.43,0.46,0.26,0.15,,,,,,,,,,,,,,,,,,,,,,,,,,,,,,0.38,0.30,0.50,0.33,0.27,0.40,0.57,0.70,0.37,0.40,0.30,0.30,0.45,0.35,,0.25,0.40,0.47,0.50,0.45,0.67,0.27,0.50,0.45,0.65,0.30,0.30,0.27,0.27,0.35,0.43,0.45,0.35,0.75,0.35,0.35,0.30,0.30,0.20,0.40,0.68,0.55,0.60,0.40,0.34,0.20,0.23,0.17,0.55,0.33,0.37,1.10,0.25,0.40,0.75,0.60,0.70,0.60,0.45,0.40,0.65,0.73,0.88,0.60,0.34,0.33,0.25,0.30,0.34,0.45,0.30,0.13,0.45,0.73,0.74,0.53,0.63,0.50,0.50,1.20,0.63,0.50,0.83,0.60,0.90,0.85,0.73,0.50,0.50,0.50,0.35,0.57,0.53,0.53,0.43,0.40,0.40,0.90,0.35,0.50,0.63,0.60,0.50,0.63,0.60,0.47,0.38,0.70,0.65,0.30,0.30,,0.40,0.45,0.37,0.57,0.40,0.60,0.35,0.50,,0.60,0.35,0.40,0.60,0.60,0.30,0.30,0.10,0.15,0.50,0.40,0.30,0.60,0.50,0.45,0.15,0.35,0.20,,0.30,0.40,0.47,0.33,0.50,0.80,0.25,0.45,0.30,0.40,0.50,,0.35,,0.50,,0.30,,0.50,0.20,0.30,0.40,0.20,0.40,0.43,0.30,0.30,0.40,,0.30,0.30,0.55,0.10,0.20,0.10,0.35,0.50,0.30,0.45,0.25,,,,0.40,,
20260624,18,CO_24h,0.64,0.65,0.52,0.66,0.25,0.35,0.53,0.27,0.40,0.63,0.45,0.43,0.45,0.83,0.28,0.75,0.54,0.50,0.46,0.38,0.32,0.48,0.40,0.34,0.32,0.50,0.69,0.41,0.34,0.42,0.70,0.42,0.45,0.58,0.46,0.43,0.54,0.50,0.68,0.43,0.60,0.63,0.50,0.50,0.47,0.50,0.45,0.75,0.45,0.41,0.42,0.47,0.58,0.55,0.56,0.63,0.53,0.40,0.53,0.50,0.58,0.50,0.59,0.43,0.59,0.49,0.60,0.43,0.23,0.51,0.53,0.55,0.58,0.29,0.42,0.63,0.29,0.46,0.54,0.52,0.37,0.55,0.43,0.36,0.54,0.37,0.50,0.33,0.32,0.40,0.40,0.33,0.35,0.48,0.33,0.48,0.57,0.57,0.47,0.60,0.55,0.55,0.60,0.53,0.50,0.40,0.40,0.65,0.30,0.20,0.53,0.53,0.65,0.88,0.54,0.90,0.67,0.72,0.60,0.40,0.40,0.30,0.45,0.38,0.43,0.52,0.41,0.45,0.43,0.40,0.53,0.55,0.35,0.47,0.72,0.80,0.75,0.60,0.40,0.60,0.35,0.63,0.65,0.53,0.53,0.50,0.63,0.30,0.55,0.45,0.47,0.50,0.55,0.60,0.50,0.40,0.47,0.56,0.34,0.20,,,,,,,,,,,,,,,,,,,,,,,,,,,,,,0.43,0.40,0.55,0.40,0.37,0.65,0.68,0.67,0.43,0.40,0.40,0.30,0.45,0.38,,0.20,0.45,0.58,0.83,0.35,0.73,0.30,0.50,0.50,0.45,0.30,0.30,0.37,0.27,0.23,0.37,0.42,0.30,0.33,0.25,0.35,0.40,0.30,0.16,0.35,0.60,0.55,0.50,0.30,0.40,0.20,0.25,0.20,0.55,0.33,0.40,0.87,0.30,0.40,0.55,0.63,0.77,0.68,0.50,0.44,0.50,1.00,0.83,0.60,0.44,0.42,0.35,0.43,0.42,0.52,0.37,0.17,0.35,0.83,0.80,0.57,0.60,0.50,0.50,1.00,0.63,0.50,0.85,0.60,0.90,0.80,0.70,0.50,0.60,0.35,0.35,0.60,0.53,0.67,0.43,0.40,0.43,0.90,0.50,0.60,0.60,0.55,0.47,0.67,0.65,0.45,0.38,0.60,0.65,0.30,0.40,,0.25,0.50,0.43,0.60,0.40,0.50,0.45,0.50,,0.45,0.35,0.40,0.55,0.65,0.40,0.50,0.10,0.15,0.55,0.40,0.35,0.60,0.50,0.50,0.15,0.35,0.30,,0.30,0.40,0.43,0.43,0.50,0.85,0.30,0.40,0.30,0.35,0.65,,0.50,,0.45,,0.30,0.50,0.40,0.40,0.40,0.30,0.20,0.40,0.53,0.40,0.35,0.45,0.15,0.30,0.40,0.60,0.20,0.30,0.25,0.45,0.60,0.20,0.45,0.20,,,,0.40,,
20260624,19,AQI,46,53,70,36,37,51,93,33,32,69,104,81,49,46,32,36,32,36,44,21,23,17,23,29,38,25,25,19,23,25,26,32,37,21,26,28,23,20,24,36,24,21,22,38,22,33,40,24,81,30,42,19,24,33,33,25,31,29,29,30,34,19,22,28,22,24,16,20,42,46,38,34,65,43,24,23,34,44,40,46,43,45,51,41,98,91,101,114,43,40,51,49,73,35,34,44,29,47,32,32,29,41,88,29,35,24,43,36,23,41,33,47,80,59,25,30,38,21,41,33,36,40,33,24,27,28,49,51,40,51,39,38,21,31,23,23,17,17,41,20,31,23,19,23,14,17,22,14,19,29,58,45,33,23,54,73,33,50,39,126,,,,,,,,,,,,,,,,,,,,,,,,,,,,,,29,36,51,63,45,50,39,46,42,51,34,32,58,35,,28,47,26,34,40,30,44,45,29,21,37,35,31,35,52,32,41,39,26,21,45,19,33,27,37,34,26,19,26,30,39,23,35,22,27,42,21,16,27,43,14,21,24,20,20,28,26,25,27,49,48,49,33,39,36,37,36,37,28,31,23,30,23,20,21,27,16,16,22,48,23,20,16,19,21,43,38,40,17,23,51,19,20,21,54,25,13,12,20,22,19,19,23,14,16,14,,18,24,13,17,21,15,27,17,,10,50,18,17,26,20,18,18,21,28,19,21,18,22,31,43,45,41,,39,29,25,39,26,35,38,31,33,271,55,,36,,22,,34,43,40,38,43,27,38,31,55,37,41,42,36,43,40,99,65,91,47,44,31,33,46,43,,,,32,,
20260624,19,PM2.5,17,28,51,17,11,13,44,9,13,49,45,22,17,28,5,10,21,9,13,10,4,9,7,10,18,10,8,7,9,7,13,13,17,7,3,16,13,14,17,24,3,7,11,23,3,18,20,13,15,14,16,7,12,19,15,15,21,20,17,17,18,11,11,13,10,5,5,8,5,9,22,24,14,18,15,15,7,14,7,27,17,13,36,3,12,10,15,45,12,11,3,11,14,11,5,4,18,22,20,18,20,17,65,15,20,17,19,13,3,8,5,14,15,42,10,15,14,9,10,11,9,13,12,9,8,10,32,18,17,20,22,20,11,22,8,14,12,7,12,5,12,3,11,7,3,5,4,7,4,13,9,18,10,12,11,29,14,19,14,74,,,,,,,,,,,,,,,,,,,,,,,,,,,,,,15,19,35,17,9,23,17,27,12,16,6,21,22,11,,3,12,7,9,10,16,11,6,9,8,17,18,10,13,24,18,22,25,18,11,6,13,12,6,10,19,12,5,16,3,27,4,4,12,18,22,15,7,19,30,7,8,13,4,6,7,7,7,11,21,15,12,15,26,17,19,17,9,11,22,3,19,10,7,15,13,10,9,15,29,16,11,5,7,15,30,15,19,6,16,34,5,10,10,14,4,5,4,3,3,5,6,15,3,3,8,,3,14,3,12,7,10,19,12,,7,9,10,9,14,9,3,8,6,10,6,12,7,3,5,3,3,8,,3,3,10,13,12,8,13,16,,129,14,,9,,3,,15,7,17,11,12,6,3,9,20,12,18,16,12,24,12,44,19,16,3,31,14,13,11,17,,,,9,,
20260624,19,PM2.5_24h,34,30,35,25,17,18,45,10,19,40,38,27,20,29,5,22,15,20,17,8,4,5,2,8,14,7,4,6,7,4,10,9,15,12,12,17,15,7,10,17,14,24,23,11,3,17,26,12,12,11,19,8,9,18,14,16,20,15,17,15,15,19,16,14,9,11,5,7,6,12,16,17,17,15,10,11,8,11,21,19,19,24,24,11,27,11,15,15,9,15,5,6,15,7,16,6,18,15,17,17,19,14,22,17,20,19,14,17,4,9,10,18,15,32,16,25,23,16,25,17,13,12,22,9,10,7,23,18,19,18,22,21,8,19,5,17,14,8,10,12,12,4,10,6,5,4,4,6,5,9,24,22,14,19,16,26,66,12,26,28,,,,,,,,,,,,,,,,,,,,,,,,,,,,,,12,13,28,15,19,28,16,25,15,10,16,17,9,7,,4,10,16,24,23,21,18,15,10,7,18,10,9,14,15,15,13,17,11,10,15,11,6,5,8,7,8,1,12,9,11,5,6,8,11,20,13,9,18,13,5,13,11,9,12,6,13,7,19,27,17,13,17,20,18,14,16,5,15,22,3,18,4,5,4,10,6,9,16,19,15,7,6,9,9,21,13,13,21,20,21,12,4,15,15,3,2,7,11,13,7,3,10,3,6,8,,3,13,6,12,3,8,13,8,,4,11,11,4,11,11,5,7,7,12,5,7,9,5,4,4,3,11,,3,5,5,14,8,9,13,14,29,41,16,,15,,8,,13,15,12,10,13,6,3,8,20,12,10,14,15,19,15,62,39,32,7,15,43,12,15,18,,,,9,,
20260624,19,PM10,31,55,83,25,30,20,65,16,32,73,101,55,34,46,10,28,32,18,27,15,16,16,13,22,30,23,25,18,14,11,22,26,24,12,8,28,18,17,10,36,8,17,20,38,14,33,32,16,41,20,30,18,19,33,33,25,31,28,29,30,34,17,20,21,22,13,16,12,8,28,38,30,39,35,24,23,19,33,27,46,23,24,45,16,39,37,43,58,32,25,27,32,38,19,17,23,29,47,32,32,29,41,45,26,35,18,43,36,11,19,15,24,43,64,15,30,28,21,22,20,23,40,25,19,27,23,38,24,24,34,29,31,15,27,18,21,14,16,41,16,27,10,16,21,11,17,12,14,19,18,26,27,17,19,24,95,30,50,36,202,,,,,,,,,,,,,,,,,,,,,,,,,,,,,,27,19,51,31,42,50,23,46,31,52,29,32,65,18,,7,29,12,14,25,24,23,22,21,21,,27,31,35,54,28,33,34,26,16,13,19,22,11,29,34,18,13,13,20,27,8,12,20,20,42,18,14,,37,14,21,24,14,20,18,26,25,27,37,32,21,17,34,30,25,35,37,19,28,14,27,13,15,16,21,14,15,22,48,22,17,8,11,17,41,38,40,14,20,52,12,20,18,58,16,13,11,9,20,19,19,23,10,14,14,,7,17,8,12,12,11,,,,6,50,18,17,26,14,10,14,10,28,11,21,14,17,12,8,8,13,,11,6,11,29,26,13,38,31,,400,60,,25,,22,,19,30,22,21,26,26,6,13,40,31,29,29,14,27,25,147,79,132,47,29,18,27,27,30,,,,32,,
20260624,19,PM10_24h,53,55,57,40,43,26,71,18,34,60,57,55,42,47,8,34,20,25,36,9,15,8,4,17,24,17,10,12,12,10,16,17,24,16,21,30,20,8,10,32,23,41,36,23,9,32,45,10,35,16,31,15,15,32,29,25,28,25,33,27,29,30,30,24,21,14,16,15,13,24,29,25,50,41,15,17,17,45,39,35,24,31,38,21,51,32,37,34,23,22,22,23,32,13,21,24,29,28,28,32,28,30,32,27,38,35,27,29,11,22,24,28,39,58,21,51,32,29,31,27,28,25,36,12,18,12,35,33,33,33,38,33,19,26,12,18,13,15,31,21,25,11,17,20,15,13,9,13,14,19,38,31,30,32,35,62,193,39,45,101,,,,,,,,,,,,,,,,,,,,,,,,,,,,,,23,23,47,33,50,46,26,35,59,42,32,25,32,21,,9,32,22,40,32,26,23,26,20,28,22,16,17,37,30,29,29,31,28,21,32,19,16,12,18,17,10,10,8,23,23,5,12,13,12,36,20,18,27,23,10,21,26,14,26,23,27,24,31,38,36,26,26,28,32,25,34,21,26,32,14,27,12,11,10,21,16,15,17,26,18,13,13,17,13,45,33,34,34,29,38,22,17,23,29,16,7,11,17,26,11,12,16,9,12,19,,8,15,10,16,12,15,19,7,,4,13,19,10,25,15,8,12,14,30,8,16,15,14,9,11,13,19,,12,8,9,32,21,16,26,28,51,122,41,,28,,25,,38,26,25,22,24,19,10,16,49,29,17,36,16,32,43,192,140,114,47,27,72,30,37,49,,,,22,,
20260624,19,SO2,4,7,3,4,5,4,4,4,3,2,8,6,3,9,8,5,7,5,5,6,5,6,4,6,7,6,6,7,4,9,7,7,6,6,5,5,7,5,5,5,6,2,4,10,7,4,3,7,5,6,4,4,5,6,5,6,4,6,5,3,5,6,3,5,8,4,5,5,6,7,8,12,8,5,4,6,7,8,6,7,9,6,2,7,9,7,7,10,9,5,5,4,6,7,3,9,11,6,8,5,9,6,5,5,5,6,4,4,4,4,6,13,10,8,8,8,8,7,5,5,4,7,5,5,6,3,8,3,8,6,5,8,7,7,4,7,7,7,3,5,3,8,9,9,5,10,4,6,3,3,5,6,3,6,8,10,4,10,7,3,,,,,,,,,,,,,,,,,,,,,,,,,,,,,,6,9,4,5,6,8,5,6,5,13,7,5,10,4,,6,12,5,8,11,8,5,7,11,10,2,3,7,7,7,8,6,4,7,7,9,7,6,7,4,8,4,4,8,4,5,5,4,5,6,4,7,3,5,7,4,7,6,5,3,9,4,5,4,8,7,6,3,5,6,4,5,4,9,7,5,6,4,6,7,4,5,6,3,4,5,6,7,4,4,4,5,5,6,2,10,11,2,6,3,5,9,10,4,7,6,4,7,8,5,3,,3,8,6,7,3,11,5,4,,5,6,8,11,6,7,1,4,2,9,5,4,5,8,7,6,7,4,,5,3,4,10,,10,3,8,,5,8,,5,,8,,4,9,2,10,13,12,6,18,8,6,5,7,5,8,5,3,6,3,4,6,5,7,8,5,,,,2,,
20260624,19,SO2_24h,4,7,2,8,6,5,4,4,3,3,9,6,4,12,8,6,7,6,6,6,5,6,4,6,8,6,5,7,4,9,7,7,6,6,5,5,6,5,5,5,6,2,4,6,7,5,3,7,6,6,4,4,5,6,5,6,5,6,4,3,5,8,4,5,8,4,5,6,6,5,8,17,8,5,5,6,8,8,7,7,8,16,2,9,11,9,11,10,11,6,5,5,7,7,3,10,8,6,8,5,8,6,5,5,4,10,4,6,5,5,8,11,7,11,12,9,11,8,8,6,4,6,5,5,6,3,11,3,8,8,5,9,7,10,4,7,8,5,3,6,2,8,9,11,4,10,4,6,3,3,6,6,4,7,8,22,7,15,7,4,,,,,,,,,,,,,,,,,,,,,,,,,,,,,,5,4,5,4,8,11,5,6,5,11,8,5,12,9,,6,11,7,10,11,6,5,7,11,11,1,4,7,9,6,8,6,4,8,7,10,7,6,7,4,8,4,4,8,5,5,5,4,5,6,4,9,4,5,6,4,11,5,5,4,10,5,5,9,7,7,6,4,6,6,5,5,4,8,7,5,7,4,5,7,4,5,6,9,4,5,6,6,6,4,8,6,3,8,5,11,11,3,7,4,5,9,9,4,9,6,5,7,8,5,3,,6,8,4,10,3,7,4,4,,5,6,8,9,6,7,2,4,2,8,5,5,5,9,7,6,7,4,,5,4,4,22,5,7,20,9,11,8,9,,5,,8,,4,10,7,10,12,13,7,19,10,7,7,7,5,8,5,4,7,3,4,6,4,7,6,5,,,,3,,
20260624,19,NO2,10,19,12,8,8,7,11,6,10,13,19,10,5,26,4,11,17,17,13,13,13,21,8,14,9,9,22,17,16,6,9,5,11,18,13,12,20,14,17,16,7,18,12,10,10,9,16,11,13,21,11,14,8,23,15,5,16,5,12,12,10,11,7,9,15,7,12,8,8,11,23,18,12,7,8,13,7,10,12,14,13,9,12,18,11,7,12,15,11,10,11,9,9,9,15,16,10,8,11,9,7,5,10,3,17,7,8,11,4,9,6,8,15,11,10,24,15,23,12,18,8,20,7,14,13,11,9,6,10,9,8,9,11,12,8,5,9,6,5,7,6,6,9,8,15,14,4,8,10,7,13,11,7,10,8,7,6,13,3,7,,,,,,,,,,,,,,,,,,,,,,,,,,,,,,7,,11,9,8,16,6,18,10,17,16,8,9,5,,7,7,19,12,13,13,13,8,11,10,4,7,13,10,30,11,9,12,26,8,16,5,10,7,6,18,5,5,7,9,4,6,5,15,7,9,9,9,6,14,4,12,11,4,9,10,8,6,5,9,8,15,5,10,7,5,6,8,9,13,9,8,4,9,9,8,5,7,6,10,10,6,6,5,11,11,6,9,14,12,7,10,8,10,7,9,9,9,9,12,7,19,13,13,3,,,8,8,11,7,5,10,4,7,,6,3,15,15,6,8,5,5,7,6,7,5,10,8,15,5,3,7,,3,6,7,15,14,10,10,13,12,8,11,,12,,5,,8,10,2,2,7,1,3,5,13,16,8,6,5,8,4,4,2,8,1,8,3,10,6,4,,,,4,,
20260624,19,NO2_24h,16,18,10,13,16,9,14,7,11,18,17,20,10,18,7,16,9,21,21,15,11,16,5,9,11,5,15,14,11,3,8,5,10,16,19,11,17,9,14,16,18,23,18,9,7,10,17,8,13,12,16,12,6,16,10,3,12,4,10,11,10,9,8,9,14,10,10,8,8,12,17,18,19,9,6,10,13,27,13,14,15,28,11,13,18,9,18,13,12,13,13,7,11,10,12,15,12,7,11,6,9,4,12,3,15,11,5,8,6,12,13,7,14,18,16,17,18,17,20,16,11,13,9,10,7,14,12,9,17,9,21,9,12,9,7,5,9,8,4,12,7,7,12,9,14,6,5,7,7,9,15,13,15,10,13,15,10,16,7,7,,,,,,,,,,,,,,,,,,,,,,,,,,,,,,6,8,15,12,16,10,5,12,24,10,12,10,8,9,,9,6,15,16,16,14,20,19,10,12,9,10,11,15,14,11,8,17,16,11,22,5,9,7,6,9,6,5,5,10,3,6,8,12,6,10,10,6,7,10,4,11,12,5,9,8,11,4,11,11,12,13,11,18,8,8,15,6,10,15,10,8,6,5,7,6,5,7,5,7,9,6,6,9,6,25,9,9,15,11,12,10,8,10,12,10,8,8,11,15,6,16,8,10,4,5,,13,9,12,8,6,7,7,5,,6,6,12,7,7,7,4,6,9,5,7,6,9,7,8,3,3,9,,2,6,6,15,11,11,13,14,17,11,18,,8,,8,,23,10,5,2,7,2,10,2,22,13,8,8,8,8,8,7,10,13,7,11,3,7,8,7,,,,4,,
20260624,19,O3,147,144,175,114,119,161,194,105,80,175,208,185,156,113,103,115,87,114,140,67,73,55,72,92,122,80,49,60,72,79,84,102,119,66,83,79,73,65,55,77,77,68,70,88,70,84,129,77,185,97,134,61,77,83,67,73,72,82,68,96,97,61,70,91,54,77,28,65,135,146,80,101,172,136,62,60,108,140,127,87,137,144,117,131,198,193,201,227,137,127,161,156,178,111,109,142,57,77,75,96,80,91,121,93,75,77,77,54,72,130,105,149,184,165,79,81,123,54,130,104,114,77,106,77,69,88,158,161,129,161,125,120,68,85,73,72,54,54,78,65,99,75,60,75,46,37,71,30,28,93,166,144,106,75,163,141,104,143,124,109,,,,,,,,,,,,,,,,,,,,,,,,,,,,,,92,114,141,170,143,133,125,113,135,132,108,77,109,113,,88,149,83,109,127,95,140,145,93,66,119,112,63,101,88,103,132,124,71,67,143,47,104,86,118,68,83,62,84,95,122,75,113,70,85,99,59,51,67,110,41,51,78,64,60,88,53,79,65,158,153,156,107,125,115,118,114,71,91,80,72,96,74,64,66,85,52,52,55,75,49,64,51,60,34,75,103,108,53,55,93,61,24,68,124,81,41,38,65,69,56,39,63,46,50,38,,59,76,42,37,68,47,60,46,,25,66,46,38,66,64,58,59,68,48,62,52,57,69,100,137,145,130,,126,93,79,125,57,111,88,72,104,100,118,,115,,68,,110,137,127,120,136,85,122,100,164,118,130,133,116,139,128,115,146,128,150,127,100,104,148,138,,,,77,,
20260624,19,O3_24h,147,144,175,114,119,161,194,105,80,175,208,185,156,113,103,115,87,114,140,67,73,55,72,92,122,80,49,60,72,79,84,102,119,66,83,79,73,65,55,77,77,68,70,88,70,84,129,77,185,97,134,61,77,83,67,73,72,82,68,96,97,61,70,91,54,77,28,65,135,146,80,101,172,136,62,60,108,140,127,87,137,144,117,131,198,193,201,227,137,127,161,156,178,111,109,142,57,77,75,96,80,91,121,93,75,77,77,54,72,130,105,149,184,165,79,81,123,54,130,104,114,77,106,77,69,88,158,161,129,161,125,120,68,85,73,72,54,54,78,65,99,75,60,75,46,37,71,30,28,93,166,144,106,75,163,141,104,143,124,109,,,,,,,,,,,,,,,,,,,,,,,,,,,,,,92,114,141,170,143,133,125,113,135,132,108,77,109,113,,88,149,83,109,127,95,140,145,93,66,119,112,63,101,88,103,132,124,71,67,143,47,104,86,118,68,83,62,84,95,122,75,113,70,85,99,59,51,67,110,41,51,78,64,60,88,53,79,65,158,153,156,107,125,115,118,114,71,91,80,72,96,74,64,66,85,52,52,55,75,49,64,51,60,34,75,103,108,53,55,93,61,24,68,124,81,41,38,65,69,56,39,63,46,50,38,,59,76,42,37,68,47,60,46,,25,66,46,38,66,64,58,59,68,48,62,52,57,69,100,137,145,130,,126,93,79,125,57,111,88,72,104,100,118,,115,,68,,110,137,127,120,136,85,122,100,164,118,130,133,116,139,128,115,146,128,150,127,100,104,148,138,,,,77,,
20260624,19,O3_8h,158,153,200,115,122,160,202,100,117,175,189,186,167,168,100,158,105,130,137,71,76,78,88,99,112,81,74,73,76,77,91,91,115,72,81,117,81,83,77,91,80,90,96,84,76,114,157,76,175,108,143,79,70,115,88,81,98,92,82,113,113,96,100,90,65,81,33,72,139,145,114,128,157,131,62,63,111,124,106,108,116,133,123,142,193,170,203,215,131,128,151,150,167,103,129,171,99,89,88,102,82,92,108,86,110,89,75,84,68,129,108,152,166,165,95,122,163,107,134,124,114,109,117,80,77,86,151,153,128,155,122,115,78,77,71,80,78,50,84,62,96,86,62,78,41,50,79,34,42,73,160,131,119,101,150,136,118,154,121,108,,,,,,,,,,,,,,,,,,,,,,,,,,,,,,95,106,137,148,141,171,125,140,157,146,133,119,111,105,,81,145,123,130,145,118,155,153,106,103,121,114,97,110,119,114,140,129,110,80,144,64,92,85,112,80,89,63,85,87,110,76,108,73,87,101,83,81,90,125,44,60,73,73,95,90,69,63,83,151,149,150,108,115,111,111,103,79,100,91,84,93,73,81,72,89,54,61,61,80,58,66,48,56,51,106,98,111,87,84,94,75,46,67,136,89,43,36,80,84,57,48,73,52,52,54,,67,69,40,41,66,53,63,46,,27,69,63,59,60,66,56,66,75,55,63,63,60,80,99,138,133,130,,139,83,87,146,74,120,107,86,120,98,126,,123,,70,,110,140,142,129,129,96,118,110,163,131,129,130,107,143,126,111,129,126,140,119,100,108,141,127,,,,70,,
20260624,19,O3_8h_24h,158,153,200,115,122,160,202,100,112,175,189,186,167,163,100,154,102,129,137,68,75,63,71,98,112,81,56,65,75,77,91,91,115,72,81,113,81,81,72,89,80,90,95,83,76,113,155,76,175,107,143,78,70,112,87,80,94,90,79,111,112,92,99,90,65,81,31,72,138,145,112,128,157,131,62,62,111,124,106,107,116,133,123,142,193,170,203,215,131,128,151,150,167,103,125,169,92,88,85,102,82,92,108,86,107,88,75,79,68,129,108,152,166,165,91,109,159,96,134,122,114,108,114,79,77,86,151,153,128,155,122,115,78,84,71,78,75,50,83,62,96,86,62,78,41,49,79,34,41,73,160,131,118,100,150,136,111,154,121,108,,,,,,,,,,,,,,,,,,,,,,,,,,,,,,95,106,137,148,141,168,125,137,157,146,124,111,111,105,,81,145,116,123,144,116,155,153,105,96,121,114,97,110,115,114,139,128,102,76,144,62,92,85,112,80,89,63,85,87,110,76,108,73,87,101,74,75,83,125,44,60,73,73,92,90,69,63,83,151,149,150,108,115,111,111,103,79,100,91,84,93,73,80,71,89,54,61,61,80,58,66,46,56,51,105,98,111,87,80,94,73,42,67,136,86,43,36,80,84,57,48,73,52,52,54,,67,69,40,36,66,53,63,46,,27,69,63,56,60,66,56,66,75,55,63,63,60,77,99,138,133,130,,133,83,87,145,73,120,106,85,120,116,126,,122,,70,,110,140,142,129,129,88,118,105,163,131,129,130,107,143,126,111,129,126,140,119,100,100,141,127,,,,70,,
20260624,19,CO,0.53,0.73,0.74,0.48,0.25,0.23,0.57,0.27,0.15,0.70,0.47,0.42,0.43,1.08,0.30,0.61,0.60,0.36,0.34,0.36,0.41,0.49,0.40,0.38,0.28,0.58,0.74,0.37,0.40,0.47,0.56,0.46,0.53,0.54,0.36,0.50,0.51,0.55,0.60,0.53,0.50,0.43,0.40,0.65,0.49,0.47,0.45,0.75,0.45,0.46,0.38,0.43,0.59,0.58,0.61,0.67,0.57,0.35,0.63,0.50,0.58,0.57,0.57,0.35,0.61,0.47,0.60,0.41,0.26,0.47,0.65,0.50,0.46,0.27,0.43,0.65,0.27,0.46,0.42,0.55,0.33,0.35,0.40,0.27,0.50,0.33,0.40,0.52,0.36,0.35,0.42,0.38,0.32,0.52,0.27,0.40,0.60,0.60,0.40,0.63,0.60,0.65,0.70,0.53,0.50,0.50,0.57,0.70,0.20,0.10,0.33,0.57,0.88,0.84,0.38,1.22,0.60,0.60,0.50,0.37,0.28,0.50,0.27,0.34,0.43,0.54,0.32,0.38,0.32,0.23,0.43,0.50,0.30,0.45,0.80,0.83,0.75,0.63,0.40,0.60,0.25,0.60,0.63,0.50,0.60,0.60,0.60,0.35,0.55,0.35,0.33,0.55,0.45,0.50,0.35,0.30,0.43,0.52,0.30,0.15,,,,,,,,,,,,,,,,,,,,,,,,,,,,,,0.40,,0.55,0.30,0.23,0.55,0.57,0.83,0.40,0.40,0.30,0.40,0.50,0.38,,0.25,0.40,0.55,0.63,0.30,0.70,0.27,0.50,0.50,1.25,0.35,0.30,0.27,0.33,0.40,0.37,0.47,0.35,0.70,0.30,0.35,0.25,0.32,0.20,0.45,0.68,0.50,0.60,0.40,0.36,0.23,0.25,0.17,0.63,0.27,0.43,1.03,0.35,0.50,0.80,0.57,0.57,0.67,0.50,0.46,0.60,0.80,0.85,0.65,0.36,0.40,0.25,0.33,0.36,0.45,0.30,0.17,0.38,0.77,0.74,0.70,0.63,0.50,0.53,1.10,0.63,0.50,0.83,0.55,0.90,0.85,0.73,0.50,0.45,0.50,0.35,0.60,0.60,0.60,0.50,0.35,0.43,1.00,0.50,0.50,0.63,0.60,0.55,0.63,0.60,0.50,0.45,0.70,0.65,0.30,0.30,,0.50,0.55,0.40,0.60,0.40,0.60,0.45,0.50,,0.60,0.35,0.50,0.65,0.65,0.40,0.30,0.10,0.20,0.55,0.40,0.35,0.60,0.50,0.50,0.15,0.35,0.20,,0.30,0.40,0.47,0.33,0.60,0.85,0.35,0.40,0.40,0.80,0.50,,0.35,,0.50,,0.20,0.50,0.60,0.20,0.40,0.30,0.20,0.50,0.45,0.40,0.30,0.40,0.10,0.30,0.30,0.60,0.10,0.20,0.15,0.40,0.50,0.30,0.40,0.30,,,,0.40,,
20260624,19,CO_24h,0.64,0.66,0.54,0.66,0.25,0.35,0.53,0.27,0.40,0.63,0.45,0.43,0.45,0.83,0.28,0.75,0.54,0.49,0.46,0.37,0.33,0.49,0.40,0.34,0.32,0.50,0.69,0.41,0.34,0.42,0.66,0.44,0.45,0.58,0.46,0.43,0.54,0.53,0.65,0.43,0.60,0.63,0.50,0.50,0.47,0.50,0.45,0.75,0.45,0.41,0.42,0.47,0.58,0.55,0.56,0.63,0.53,0.40,0.53,0.50,0.58,0.50,0.59,0.43,0.60,0.49,0.60,0.43,0.23,0.50,0.53,0.55,0.58,0.29,0.40,0.63,0.29,0.46,0.54,0.52,0.37,0.53,0.40,0.36,0.54,0.37,0.50,0.35,0.32,0.40,0.40,0.30,0.35,0.48,0.33,0.48,0.60,0.57,0.47,0.60,0.55,0.60,0.60,0.53,0.50,0.40,0.40,0.65,0.30,0.20,0.53,0.53,0.65,0.88,0.54,0.90,0.65,0.70,0.58,0.40,0.38,0.33,0.45,0.38,0.43,0.52,0.41,0.45,0.43,0.40,0.53,0.55,0.35,0.47,0.75,0.80,0.75,0.60,0.40,0.60,0.35,0.63,0.65,0.53,0.53,0.53,0.63,0.30,0.55,0.45,0.47,0.50,0.55,0.58,0.50,0.40,0.47,0.54,0.34,0.20,,,,,,,,,,,,,,,,,,,,,,,,,,,,,,0.43,0.40,0.55,0.40,0.37,0.65,0.68,0.67,0.43,0.40,0.40,0.30,0.45,0.38,,0.20,0.45,0.58,0.83,0.35,0.70,0.30,0.50,0.50,0.45,0.30,0.30,0.37,0.27,0.23,0.37,0.45,0.30,0.40,0.25,0.35,0.40,0.30,0.16,0.35,0.60,0.55,0.50,0.30,0.40,0.20,0.25,0.20,0.55,0.33,0.40,0.87,0.30,0.40,0.55,0.63,0.73,0.65,0.50,0.44,0.50,1.00,0.83,0.60,0.44,0.42,0.35,0.40,0.42,0.52,0.37,0.17,0.35,0.80,0.80,0.57,0.60,0.50,0.50,1.00,0.63,0.50,0.85,0.60,0.90,0.80,0.77,0.50,0.55,0.35,0.35,0.60,0.53,0.67,0.43,0.40,0.43,0.90,0.50,0.60,0.60,0.55,0.47,0.65,0.65,0.47,0.38,0.60,0.65,0.30,0.30,,0.25,0.50,0.43,0.60,0.40,0.50,0.45,0.50,,0.45,0.35,0.40,0.55,0.65,0.40,0.50,0.10,0.15,0.55,0.40,0.35,0.60,0.50,0.50,0.15,0.35,0.30,,0.30,0.40,0.43,0.37,0.50,0.85,0.35,0.45,0.30,0.40,0.65,,0.45,,0.45,,0.30,0.50,0.40,0.40,0.40,0.30,0.20,0.40,0.50,0.40,0.35,0.45,0.15,0.30,0.40,0.60,0.20,0.30,0.25,0.45,0.60,0.20,0.45,0.20,,,,0.40,,
20260624,20,AQI,43,55,78,33,37,48,76,29,38,68,69,65,46,47,32,32,33,33,40,20,21,17,22,26,36,24,22,18,22,25,25,30,32,18,23,23,20,21,21,33,23,20,20,29,21,24,34,24,61,30,39,19,24,33,33,24,30,27,34,34,35,18,20,29,23,22,18,20,41,43,29,31,49,43,23,23,31,42,37,46,41,43,45,34,74,73,81,104,40,38,47,45,60,35,33,41,24,47,34,33,44,46,56,27,44,41,47,35,23,37,30,42,46,61,23,27,35,28,38,26,33,38,31,24,27,27,45,47,37,49,36,35,18,40,22,24,33,15,34,23,32,22,16,28,14,15,19,15,19,28,48,42,27,24,48,68,34,52,38,101,,,,,,,,,,,,,,,,,,,,,,,,,,,,,,27,33,50,58,41,46,40,53,46,49,32,31,39,36,,27,47,26,33,34,28,38,43,23,33,32,30,41,30,44,31,37,43,39,21,39,25,30,25,35,32,24,19,29,27,36,23,34,21,30,28,24,18,30,27,13,15,28,20,19,25,28,25,21,45,41,47,32,37,34,35,38,32,24,31,19,31,23,18,29,24,17,22,20,47,23,22,15,19,22,22,39,42,17,27,26,17,16,21,25,24,13,16,19,23,16,14,21,14,14,24,,18,21,15,17,21,15,31,16,,9,24,27,19,30,23,17,18,20,31,18,22,17,21,32,41,45,39,,41,28,23,39,32,30,27,34,32,396,59,,33,,22,,35,42,39,37,41,28,36,32,48,32,40,53,36,42,48,97,43,52,55,44,55,33,44,42,,,,27,,
20260624,20,PM2.5,20,29,57,22,14,16,42,8,12,44,50,26,13,30,5,7,23,12,17,12,6,9,8,13,19,12,8,6,10,12,16,15,18,9,3,5,13,15,15,23,3,5,9,20,3,11,17,15,18,17,17,10,12,20,16,15,21,18,21,19,19,11,12,15,10,6,4,8,6,11,19,22,18,20,15,15,9,16,10,28,10,13,25,3,15,10,18,54,16,14,7,12,16,15,3,7,15,26,24,21,31,16,28,13,25,29,25,15,5,10,9,19,14,44,5,13,17,14,11,18,9,13,13,9,9,12,27,17,17,21,24,19,11,28,6,12,14,7,13,6,13,3,11,11,5,5,4,7,8,14,11,20,12,13,9,35,14,23,16,46,,,,,,,,,,,,,,,,,,,,,,,,,,,,,,11,15,32,12,10,22,16,37,14,8,6,22,15,11,,3,12,9,10,3,15,17,3,11,11,19,20,6,12,30,22,22,30,27,10,13,8,14,8,14,18,12,6,20,5,23,4,8,13,21,4,17,8,21,17,9,6,12,8,5,5,9,6,11,25,12,15,14,22,17,19,17,7,16,21,5,22,16,7,20,12,9,15,14,30,16,15,7,11,15,10,17,23,8,19,6,7,10,12,11,7,9,3,3,3,7,3,14,6,3,9,,5,13,3,12,5,10,21,11,,6,17,6,13,18,16,8,3,8,12,7,15,12,7,9,3,3,15,,3,3,11,13,12,10,12,20,,90,19,,9,,5,,11,12,18,12,15,6,3,13,22,19,18,37,14,29,20,48,9,11,5,31,12,14,15,23,,,,11,,
20260624,20,PM2.5_24h,34,30,37,23,17,17,46,9,18,41,39,27,20,29,5,21,15,19,17,8,4,5,2,8,15,7,4,6,7,5,11,9,16,12,11,16,15,8,10,17,13,24,23,12,3,16,26,13,12,11,19,8,9,18,14,15,20,15,17,15,16,18,16,14,9,10,5,7,6,12,16,18,17,15,10,11,8,11,21,20,19,23,24,11,26,11,16,17,9,15,5,6,16,8,15,6,18,16,17,17,19,14,22,17,20,19,14,17,4,9,9,19,15,33,15,24,23,17,24,16,13,12,21,9,10,8,24,18,19,19,22,21,8,19,5,17,14,7,10,12,13,4,10,6,5,4,4,6,5,9,23,22,15,18,16,26,65,12,26,30,,,,,,,,,,,,,,,,,,,,,,,,,,,,,,12,13,28,15,19,28,16,26,15,9,15,17,9,7,,4,9,16,24,23,20,17,15,10,8,18,10,9,14,15,15,13,17,11,9,15,11,6,5,8,8,9,1,12,9,12,5,6,8,12,18,13,9,18,13,5,13,11,9,11,6,13,7,19,26,17,13,17,20,18,14,16,5,15,22,3,18,4,6,5,10,6,9,16,20,15,8,6,9,9,20,13,14,20,20,21,12,5,15,15,2,2,7,10,13,6,3,10,3,6,8,,2,14,6,13,3,8,14,8,,4,11,11,5,10,11,5,7,7,12,5,7,9,5,4,4,2,11,,2,5,5,14,8,10,13,14,28,42,17,,15,,8,,14,15,12,10,13,6,3,9,20,12,11,15,16,19,16,63,39,33,7,16,40,12,15,19,,,,9,,
20260624,20,PM10,36,59,80,31,37,20,68,17,38,85,74,53,38,47,9,24,32,24,31,15,18,17,13,19,32,22,22,16,16,18,25,26,24,14,8,13,19,16,11,33,8,15,18,26,15,24,28,20,44,22,27,19,21,33,33,24,28,27,34,34,35,18,20,24,23,15,18,16,10,29,29,26,42,35,23,23,17,32,30,46,15,18,45,15,46,38,47,70,31,24,30,35,36,18,16,27,24,47,34,33,38,46,62,25,44,,47,35,21,27,23,27,40,69,15,27,21,28,14,26,27,38,28,24,27,22,37,27,28,40,34,34,17,38,17,22,33,15,34,23,30,10,15,28,14,15,12,15,19,26,26,30,27,24,42,85,24,53,35,151,,,,,,,,,,,,,,,,,,,,,,,,,,,,,,26,17,50,33,41,46,23,50,46,49,30,30,39,21,,6,29,19,17,18,25,24,24,22,33,19,17,41,30,44,29,35,42,31,17,19,25,25,23,29,32,21,15,15,22,29,9,15,21,22,28,24,18,23,27,12,11,28,12,19,17,28,24,21,33,36,25,24,32,34,23,38,32,24,31,17,28,,14,,24,17,22,18,47,22,22,11,14,22,22,39,42,17,24,26,17,16,17,15,19,13,16,9,23,11,14,21,14,13,24,,6,21,15,12,21,14,31,13,,8,,27,16,30,23,10,18,12,31,11,22,17,18,30,18,9,,,7,7,16,29,32,21,24,34,,497,67,,31,,18,,24,29,24,19,22,25,6,20,43,32,29,30,,36,48,143,26,53,59,29,59,28,30,36,,,,27,,
20260624,20,PM10_24h,52,54,58,38,42,25,71,18,34,60,57,55,42,47,8,33,21,24,35,9,15,8,4,17,25,17,11,12,13,10,16,17,24,15,20,30,20,8,9,33,22,40,36,24,9,31,45,11,34,17,31,15,15,32,29,25,27,25,32,27,30,30,29,24,21,14,15,15,11,25,28,25,49,36,16,17,17,45,38,37,23,30,39,21,50,31,37,35,24,22,22,23,32,14,21,24,29,29,28,32,27,31,34,27,38,35,27,29,11,22,23,28,39,59,21,50,31,29,30,26,28,25,35,12,19,12,35,33,33,33,38,33,18,26,13,18,13,15,32,21,25,11,17,20,15,13,9,13,14,19,37,31,31,32,35,65,189,38,45,107,,,,,,,,,,,,,,,,,,,,,,,,,,,,,,23,23,47,33,50,46,26,36,60,42,31,25,32,21,,7,32,21,39,31,26,23,26,20,28,21,17,18,37,30,29,28,31,27,20,31,19,16,12,18,18,11,10,9,23,23,5,13,13,13,35,19,18,27,23,10,20,26,14,25,22,27,24,30,37,36,26,26,29,33,25,34,22,25,32,14,27,12,12,10,21,16,15,17,27,17,13,13,17,13,46,32,34,33,29,38,21,17,22,28,15,7,11,16,26,11,12,16,9,12,20,,8,15,10,15,12,14,19,7,,5,13,19,10,25,15,8,13,14,30,8,16,15,14,10,11,13,19,,10,7,10,32,22,17,26,28,50,130,43,,28,,24,,38,25,25,22,23,19,10,16,47,28,18,36,16,32,42,197,139,115,48,28,69,29,37,42,,,,22,,
20260624,20,SO2,3,7,2,4,5,4,4,4,3,2,7,6,3,11,8,4,7,6,5,6,5,6,4,6,7,6,7,7,4,9,7,8,6,6,5,4,7,5,5,5,7,2,4,7,8,4,2,7,5,6,4,4,5,5,5,6,4,6,5,3,5,6,3,5,8,4,5,5,5,6,7,13,7,5,4,6,7,8,6,6,8,6,2,6,9,8,7,9,8,5,4,5,6,7,3,9,8,6,11,5,8,6,5,5,5,10,4,5,5,4,6,12,9,9,8,12,8,8,4,5,4,6,5,5,6,3,9,2,8,7,5,8,7,7,5,7,7,7,3,5,3,8,8,7,4,10,4,6,3,3,5,6,3,7,8,9,4,10,6,3,,,,,,,,,,,,,,,,,,,,,,,,,,,,,,5,5,4,5,5,8,5,6,4,12,7,5,10,4,,6,11,5,8,10,8,5,7,13,11,1,3,7,8,6,9,6,5,8,6,9,7,7,7,4,8,4,4,8,4,5,5,4,5,6,4,6,3,4,6,3,6,5,5,4,10,4,5,4,8,7,6,3,5,6,4,4,4,9,7,4,6,4,6,7,3,5,6,2,5,5,6,6,4,3,7,6,5,5,2,7,10,3,7,3,5,9,9,4,7,7,4,8,8,6,3,,4,8,5,6,3,11,4,5,,5,6,8,8,6,7,1,3,2,8,5,5,5,9,7,6,7,5,,5,3,4,8,7,11,4,11,10,6,9,,5,,8,,4,9,3,10,13,12,6,17,9,6,6,7,5,7,6,3,6,3,4,7,4,7,6,5,,,,2,,
20260624,20,SO2_24h,4,7,2,8,6,5,4,4,3,3,9,6,4,12,8,6,7,6,6,6,5,6,4,6,8,6,5,7,4,9,7,7,6,6,5,5,6,5,5,5,6,2,4,6,7,5,3,7,6,6,4,4,5,6,5,6,5,6,4,3,5,8,4,5,8,4,5,6,6,5,8,17,8,5,4,6,8,8,7,7,8,16,2,9,11,9,11,10,11,6,5,5,7,7,3,9,8,6,8,5,8,6,5,5,4,10,4,6,5,5,8,11,7,11,11,9,10,8,8,6,4,6,5,5,6,3,11,3,8,8,5,10,7,6,4,7,8,5,3,6,3,8,9,11,4,10,4,6,3,3,6,6,4,7,8,21,7,14,7,3,,,,,,,,,,,,,,,,,,,,,,,,,,,,,,5,4,5,4,8,11,5,6,5,11,8,5,12,9,,6,11,7,10,11,6,5,7,11,11,1,4,7,9,6,9,6,4,8,7,10,7,6,7,4,8,4,4,8,5,5,5,4,5,6,4,9,4,5,6,4,10,5,5,4,10,5,5,9,7,7,6,4,6,6,5,5,4,8,7,5,7,4,5,7,4,5,6,9,4,5,6,6,6,4,8,6,4,8,5,11,11,3,7,4,5,9,9,4,9,6,5,7,8,5,3,,6,8,4,10,3,7,4,4,,5,6,8,9,6,7,2,4,2,8,5,5,5,9,7,6,7,4,,5,4,4,21,5,8,20,9,11,8,9,,5,,8,,4,9,6,10,12,13,7,19,10,6,7,7,5,8,5,4,7,3,4,6,4,7,6,5,,,,3,,
20260624,20,NO2,12,21,12,10,8,8,12,7,14,16,15,13,9,26,5,12,14,21,18,15,16,20,9,15,12,10,25,19,16,9,10,7,16,18,14,8,20,15,13,15,7,19,14,10,13,9,13,12,16,22,14,16,9,24,18,5,15,6,14,14,13,15,10,11,15,8,10,7,9,14,28,21,15,8,10,14,9,14,13,15,14,8,10,16,21,10,15,16,13,11,14,12,12,9,13,16,9,8,13,8,11,6,14,3,20,14,8,15,6,12,7,11,18,12,12,18,14,18,13,26,10,19,10,14,13,12,11,7,13,12,11,11,11,12,11,4,10,7,5,8,7,5,11,10,18,14,5,9,8,8,16,14,18,13,9,3,7,17,3,10,,,,,,,,,,,,,,,,,,,,,,,,,,,,,,7,8,13,10,8,19,5,20,8,10,17,11,11,6,,7,6,19,10,16,14,22,5,13,11,8,17,6,12,17,11,10,14,29,8,26,5,13,8,8,15,6,5,8,13,6,6,8,17,7,6,12,11,5,13,4,12,13,4,9,12,8,5,7,11,11,17,9,12,10,8,12,9,14,18,12,7,7,12,10,8,6,7,5,11,10,7,6,6,10,13,9,13,14,13,8,10,7,10,10,10,9,7,9,10,6,18,10,13,4,7,,8,7,10,7,5,9,4,6,,7,3,10,10,8,8,6,4,7,6,8,6,10,7,7,6,3,11,,3,7,7,14,18,14,12,11,,7,16,,16,,6,,9,10,2,1,9,1,6,5,18,21,7,9,6,5,7,6,4,12,3,8,5,10,5,4,,,,5,,
20260624,20,NO2_24h,16,18,11,13,16,9,14,7,11,17,17,19,10,19,7,16,9,21,21,15,11,16,5,9,11,5,16,14,11,3,8,5,10,16,19,11,17,9,14,16,17,23,18,9,7,10,17,8,13,12,16,12,7,16,11,3,12,4,10,11,10,9,8,9,14,10,10,9,8,12,17,18,19,9,6,10,13,27,13,14,15,27,11,13,19,9,18,13,12,12,13,7,11,10,12,16,12,7,11,6,9,4,12,3,15,11,5,8,6,12,12,8,14,18,16,17,17,17,19,16,11,13,9,9,7,14,12,9,17,9,21,9,12,9,7,5,9,7,4,12,7,7,11,9,14,7,6,7,7,9,15,13,15,10,13,15,10,15,7,7,,,,,,,,,,,,,,,,,,,,,,,,,,,,,,6,8,15,12,15,11,5,13,24,10,12,10,8,9,,9,6,15,16,16,14,18,17,10,12,8,10,11,15,14,11,8,16,17,11,22,5,9,6,5,10,6,5,5,10,3,6,8,12,6,9,10,6,7,10,4,11,12,4,8,8,11,4,11,11,12,13,11,18,8,8,15,6,10,16,10,8,6,5,7,6,5,7,6,7,9,6,6,9,6,24,9,9,15,11,11,10,8,10,13,10,8,8,11,15,6,16,8,10,4,5,,12,9,12,8,6,7,7,5,,6,6,12,7,7,7,4,6,9,5,7,6,9,7,7,4,3,9,,2,6,6,15,11,11,13,14,18,11,18,,9,,8,,23,10,5,2,7,2,10,3,22,13,8,8,7,8,8,7,10,13,7,11,3,7,8,7,,,,4,,
20260624,20,O3,137,136,156,104,113,153,181,93,59,151,163,172,146,103,102,101,86,106,129,63,67,54,69,83,115,77,43,56,69,79,79,97,101,58,73,73,64,57,57,75,73,65,65,83,67,72,110,78,169,95,126,55,76,70,58,70,61,81,61,82,82,48,58,94,49,69,29,63,131,137,58,91,158,136,58,55,98,134,118,78,130,137,105,108,179,178,185,208,127,123,150,143,168,111,104,132,53,70,67,84,64,91,82,86,70,69,68,40,72,117,96,135,147,150,72,84,111,80,123,82,106,66,100,70,65,85,144,151,117,157,114,113,58,81,71,77,42,44,75,54,101,69,51,71,39,33,61,28,31,90,155,135,85,56,155,149,110,128,121,106,,,,,,,,,,,,,,,,,,,,,,,,,,,,,,87,106,127,166,132,114,128,108,130,117,103,66,102,114,,86,149,83,107,108,88,120,137,73,58,101,95,103,92,100,90,119,115,54,66,126,34,95,80,112,65,78,61,82,86,116,73,109,68,73,87,48,38,60,73,43,48,72,63,58,80,51,80,58,144,130,151,102,118,107,111,104,67,66,66,60,93,69,56,70,78,43,61,53,62,45,60,49,60,23,58,97,88,46,50,56,50,30,67,79,78,40,41,62,67,52,34,50,34,46,30,,58,63,42,35,66,47,61,44,,19,64,50,47,57,59,55,56,65,45,58,45,52,67,103,132,145,126,,130,89,72,126,29,97,85,67,101,109,110,,107,,69,,112,133,124,118,130,90,114,101,155,103,129,132,115,135,115,120,139,125,140,127,93,104,142,135,,,,70,,
20260624,20,O3_24h,137,136,156,104,113,153,181,93,59,151,163,172,146,103,102,101,86,106,129,63,67,54,69,83,115,77,43,56,69,79,79,97,101,58,73,73,64,57,57,75,73,65,65,83,67,72,110,78,169,95,126,55,76,70,58,70,61,81,61,82,82,48,58,94,49,69,29,63,131,137,58,91,158,136,58,55,98,134,118,78,130,137,105,108,179,178,185,208,127,123,150,143,168,111,104,132,53,70,67,84,64,91,82,86,70,69,68,40,72,117,96,135,147,150,72,84,111,80,123,82,106,66,100,70,65,85,144,151,117,157,114,113,58,81,71,77,42,44,75,54,101,69,51,71,39,33,61,28,31,90,155,135,85,56,155,149,110,128,121,106,,,,,,,,,,,,,,,,,,,,,,,,,,,,,,87,106,127,166,132,114,128,108,130,117,103,66,102,114,,86,149,83,107,108,88,120,137,73,58,101,95,103,92,100,90,119,115,54,66,126,34,95,80,112,65,78,61,82,86,116,73,109,68,73,87,48,38,60,73,43,48,72,63,58,80,51,80,58,144,130,151,102,118,107,111,104,67,66,66,60,93,69,56,70,78,43,61,53,62,45,60,49,60,23,58,97,88,46,50,56,50,30,67,79,78,40,41,62,67,52,34,50,34,46,30,,58,63,42,35,66,47,61,44,,19,64,50,47,57,59,55,56,65,45,58,45,52,67,103,132,145,126,,130,89,72,126,29,97,85,67,101,109,110,,107,,69,,112,133,124,118,130,90,114,101,155,103,129,132,115,135,115,120,139,125,140,127,93,104,142,135,,,,70,,
20260624,20,O3_8h,159,157,200,116,127,161,204,101,117,177,189,187,167,168,101,158,105,130,138,71,76,78,88,99,114,81,74,73,76,78,91,92,115,73,83,117,81,83,77,91,82,90,96,84,76,114,157,77,179,108,143,79,72,115,88,81,98,92,82,113,113,96,100,91,65,82,33,72,139,148,114,128,161,134,63,63,111,129,108,108,119,137,123,142,195,176,206,219,134,128,153,152,171,104,129,171,99,89,88,102,82,93,108,86,110,89,75,84,68,130,109,152,166,166,95,122,163,107,135,125,114,109,117,80,77,88,152,154,129,157,125,115,79,77,73,80,78,50,84,62,96,86,62,78,42,50,79,34,42,77,162,133,119,101,153,140,118,154,124,109,,,,,,,,,,,,,,,,,,,,,,,,,,,,,,95,108,137,152,143,171,126,140,157,146,133,119,112,107,,81,148,123,130,145,118,155,153,106,103,121,114,99,110,119,114,140,129,110,80,144,64,94,85,114,80,90,63,86,88,114,77,110,74,87,102,83,81,90,125,45,61,74,73,95,91,69,66,84,153,149,153,109,118,112,114,106,80,100,91,84,94,73,81,72,89,55,63,61,80,58,66,50,56,51,106,100,111,87,84,94,75,46,67,136,89,44,37,81,85,57,48,73,52,52,54,,67,73,41,41,67,53,64,47,,28,69,63,59,61,66,57,66,75,55,63,63,60,80,103,139,136,130,,139,85,87,146,74,121,107,87,121,98,126,,123,,72,,113,140,142,129,130,96,120,110,165,131,131,133,111,145,127,113,133,128,142,122,101,108,143,134,,,,70,,
20260624,20,O3_8h_24h,156,156,197,116,127,161,204,101,104,177,189,186,164,153,101,147,100,126,138,67,75,61,71,96,114,81,53,64,75,78,90,92,115,72,83,108,81,78,70,86,82,87,92,83,75,112,148,77,179,106,142,76,72,106,83,78,87,89,75,106,108,85,93,90,65,82,31,72,138,147,104,123,161,134,63,63,111,129,107,103,119,137,121,140,195,176,204,219,134,127,153,152,171,104,122,165,85,85,80,102,81,93,106,86,101,85,74,72,68,130,108,150,165,164,88,102,153,90,135,118,113,104,112,78,76,88,151,154,128,157,125,115,78,84,73,78,69,50,83,61,96,84,62,76,42,47,77,33,40,77,162,133,114,94,153,140,110,153,124,109,,,,,,,,,,,,,,,,,,,,,,,,,,,,,,95,108,136,152,143,160,126,132,154,144,119,103,112,107,,81,148,111,118,141,112,151,151,101,90,118,113,99,105,111,111,136,126,95,74,143,57,94,84,114,78,89,63,86,88,114,77,110,74,86,102,67,69,78,123,45,61,74,72,85,91,69,66,82,153,148,153,109,118,112,114,106,80,96,90,83,94,73,78,71,88,54,62,61,79,58,65,49,56,49,100,100,110,82,76,93,69,40,67,128,85,44,37,81,85,57,46,71,50,52,53,,67,73,41,36,67,53,64,47,,27,68,63,55,61,66,57,64,73,54,62,61,60,74,103,139,136,130,,132,85,86,142,69,119,102,84,121,115,125,,119,,72,,113,140,140,128,130,87,120,106,165,130,131,133,111,145,127,113,133,128,142,122,101,100,143,134,,,,70,,
20260624,20,CO,0.53,0.73,0.90,0.47,0.25,0.23,0.57,0.30,0.20,0.70,0.47,0.42,0.38,1.03,0.30,0.59,0.61,0.38,0.32,0.39,0.43,0.50,0.43,0.40,0.40,0.60,0.77,0.40,0.40,0.53,0.58,0.46,0.50,0.53,0.33,0.40,0.51,0.50,0.60,0.47,0.50,0.43,0.40,0.60,0.51,0.42,0.43,0.72,0.43,0.47,0.41,0.42,0.59,0.59,0.55,0.67,0.53,0.40,0.63,0.53,0.58,0.53,0.60,0.38,0.62,0.47,0.57,0.41,0.30,0.49,0.57,0.65,0.50,0.28,0.48,0.70,0.27,0.48,0.44,0.55,0.30,0.38,0.40,0.23,0.52,0.37,0.40,0.57,0.36,0.36,0.38,0.35,0.32,0.52,0.23,0.42,0.50,0.57,0.40,0.67,0.60,0.65,0.65,0.53,0.50,0.60,0.57,0.70,0.33,0.10,0.36,0.53,0.78,0.82,0.38,1.26,0.68,0.66,0.50,0.43,0.30,0.77,0.32,0.34,0.43,0.56,0.36,0.35,0.35,0.30,0.47,0.50,0.37,0.45,0.60,0.80,0.80,0.70,0.42,0.61,0.30,0.63,0.65,0.47,0.57,0.60,0.60,0.35,0.55,0.38,0.33,0.50,0.50,0.54,0.35,0.30,0.43,0.62,0.28,0.15,,,,,,,,,,,,,,,,,,,,,,,,,,,,,,0.40,0.40,0.55,0.33,0.30,0.50,0.57,0.90,0.40,0.30,0.33,0.40,0.50,0.38,,0.25,0.45,0.50,0.57,0.25,0.67,0.30,0.40,0.50,0.65,0.35,0.30,0.20,0.37,0.30,0.43,0.50,0.45,0.70,0.30,0.35,0.25,0.32,0.20,0.45,0.63,0.48,0.60,0.35,0.36,0.20,0.25,0.20,0.63,0.23,0.33,0.63,0.35,0.40,0.65,0.57,0.57,0.70,0.45,0.46,0.50,0.75,0.85,0.65,0.44,0.37,0.25,0.35,0.40,0.45,0.37,0.20,0.45,0.87,0.78,0.70,0.68,0.50,0.45,1.10,0.60,0.50,0.83,0.55,1.00,0.90,0.70,0.50,0.40,0.50,0.20,0.60,0.75,0.67,0.53,0.35,0.43,0.90,0.45,0.60,0.67,0.60,0.50,0.63,0.60,0.50,0.40,0.70,0.70,0.30,,,0.40,0.55,0.37,0.60,0.40,0.60,0.50,0.50,,0.55,0.35,0.40,0.60,0.65,0.40,0.30,0.10,0.15,0.55,0.40,0.35,0.65,0.50,0.45,0.20,0.30,0.30,,0.30,0.40,0.47,0.33,0.60,0.85,0.50,0.35,0.40,0.75,0.50,,0.35,,0.45,,0.25,0.50,0.40,0.20,0.40,0.20,0.20,0.40,0.47,0.40,0.30,0.40,0.10,0.35,0.35,0.60,0.10,0.20,0.15,0.40,0.50,0.30,0.40,0.25,,,,0.40,,
20260624,20,CO_24h,0.63,0.66,0.58,0.64,0.25,0.35,0.53,0.27,0.40,0.63,0.45,0.43,0.45,0.88,0.30,0.74,0.56,0.45,0.46,0.37,0.34,0.49,0.40,0.34,0.32,0.52,0.69,0.41,0.34,0.43,0.66,0.44,0.45,0.57,0.46,0.43,0.54,0.53,0.65,0.43,0.60,0.63,0.50,0.50,0.48,0.50,0.45,0.75,0.44,0.44,0.42,0.47,0.58,0.55,0.56,0.63,0.53,0.40,0.53,0.50,0.58,0.50,0.59,0.43,0.59,0.49,0.60,0.43,0.25,0.50,0.57,0.55,0.56,0.30,0.42,0.63,0.29,0.46,0.56,0.55,0.37,0.53,0.40,0.37,0.56,0.37,0.50,0.38,0.32,0.40,0.40,0.33,0.35,0.46,0.33,0.50,0.60,0.57,0.47,0.60,0.55,0.60,0.60,0.53,0.50,0.40,0.47,0.65,0.30,0.20,0.51,0.55,0.65,0.88,0.54,0.92,0.65,0.70,0.56,0.40,0.38,0.37,0.45,0.38,0.43,0.52,0.40,0.45,0.43,0.40,0.53,0.53,0.35,0.47,0.75,0.80,0.75,0.60,0.40,0.60,0.35,0.63,0.65,0.57,0.57,0.53,0.63,0.30,0.55,0.45,0.47,0.50,0.55,0.58,0.50,0.40,0.47,0.50,0.34,0.20,,,,,,,,,,,,,,,,,,,,,,,,,,,,,,0.43,0.40,0.55,0.40,0.37,0.65,0.68,0.67,0.43,0.40,0.40,0.30,0.45,0.38,,0.20,0.45,0.58,0.83,0.35,0.70,0.27,0.50,0.50,0.45,0.30,0.30,0.33,0.27,0.23,0.37,0.45,0.30,0.40,0.25,0.35,0.35,0.30,0.18,0.35,0.60,0.55,0.50,0.30,0.40,0.20,0.25,0.17,0.55,0.30,0.37,0.83,0.30,0.40,0.60,0.63,0.70,0.65,0.55,0.44,0.50,1.00,0.83,0.60,0.46,0.42,0.35,0.40,0.42,0.52,0.37,0.17,0.35,0.80,0.78,0.57,0.60,0.50,0.50,1.00,0.63,0.50,0.87,0.60,0.90,0.80,0.77,0.50,0.55,0.35,0.35,0.60,0.57,0.67,0.43,0.40,0.43,0.90,0.50,0.60,0.60,0.55,0.47,0.65,0.65,0.47,0.38,0.60,0.65,0.30,0.30,,0.25,0.50,0.43,0.60,0.40,0.50,0.45,0.50,,0.45,0.35,0.40,0.55,0.65,0.40,0.40,0.10,0.15,0.55,0.40,0.35,0.55,0.50,0.50,0.15,0.35,0.30,,0.30,0.35,0.43,0.37,0.50,0.85,0.35,0.45,0.30,0.40,0.65,,0.45,,0.45,,0.30,0.50,0.40,0.40,0.40,0.30,0.20,0.40,0.50,0.40,0.35,0.45,0.15,0.30,0.40,0.65,0.20,0.30,0.25,0.45,0.60,0.20,0.45,0.20,,,,0.40,,
20260624,21,AQI,49,57,65,36,43,45,63,26,19,59,58,56,43,47,31,26,30,29,31,20,19,18,23,25,35,27,24,16,21,25,26,30,30,17,20,22,19,18,29,33,22,20,20,36,21,23,27,29,47,29,46,20,22,29,31,22,31,26,37,33,32,18,22,27,24,19,16,18,38,38,27,60,51,40,23,24,29,58,32,50,38,39,32,31,55,53,43,81,38,37,46,40,49,33,30,42,25,37,37,31,56,34,37,26,37,49,43,27,21,33,29,41,48,63,20,27,29,30,34,31,31,38,32,25,22,26,45,41,33,39,40,33,20,40,20,23,47,20,30,21,40,20,14,33,16,15,17,13,17,36,42,35,32,23,41,136,36,51,40,88,,,,,,,,,,,,,,,,,,,,,,,,,,,,,,28,6,63,49,45,51,41,51,54,42,32,34,38,36,,24,48,25,31,28,24,37,38,26,43,27,30,28,32,39,38,37,49,34,19,39,22,29,26,33,28,24,18,27,29,39,22,30,25,29,25,21,16,21,24,14,13,28,20,18,22,29,25,24,39,38,43,30,33,34,34,40,32,28,32,22,30,21,19,26,24,17,21,17,44,21,23,15,18,20,40,37,43,14,29,14,23,19,22,23,24,13,15,18,22,15,16,23,20,13,33,,16,26,18,17,23,14,30,16,,9,21,25,16,35,26,18,21,20,34,16,37,19,20,35,41,44,34,,43,28,21,39,34,23,60,29,30,153,61,,33,,19,,36,40,41,32,41,29,32,33,50,34,39,45,35,42,33,88,40,45,57,38,53,32,43,51,,,,28,,
20260624,21,PM2.5,29,32,47,23,18,18,45,8,7,32,41,28,16,32,7,10,20,16,17,11,7,10,6,14,23,16,8,7,13,15,17,18,21,12,3,3,13,12,20,23,3,5,8,25,5,5,13,20,19,20,15,11,14,16,15,14,22,16,25,18,17,12,15,15,11,5,6,9,6,11,18,43,19,21,15,16,7,16,11,32,13,13,4,4,20,11,13,60,21,14,11,15,17,18,3,11,15,24,26,20,40,16,22,13,20,34,29,16,13,13,7,16,14,45,9,13,19,17,15,21,10,10,14,9,9,15,30,17,19,23,27,21,10,26,3,13,16,10,12,7,11,3,10,14,5,3,5,7,8,9,12,18,15,12,11,41,11,18,17,38,,,,,,,,,,,,,,,,,,,,,,,,,,,,,,12,,45,15,16,29,18,36,18,12,11,16,14,8,,6,15,12,12,8,16,26,7,13,12,19,16,5,10,25,24,22,29,24,6,12,12,17,11,16,15,14,10,19,9,27,6,12,14,20,3,15,8,15,8,7,8,11,12,4,6,9,7,17,20,11,12,21,23,17,18,19,8,18,20,8,21,13,7,18,15,6,15,12,29,12,16,8,11,13,7,18,18,8,20,9,5,3,15,11,7,8,5,3,3,6,3,15,9,3,7,,5,18,3,12,3,5,15,11,,6,15,3,11,19,18,8,3,11,15,5,18,13,8,11,3,6,18,,3,5,14,13,11,10,17,15,,48,16,,13,,7,,16,15,11,10,12,6,3,12,21,15,15,31,14,27,22,48,9,12,6,25,18,16,14,27,,,,17,,
20260624,21,PM2.5_24h,33,29,38,22,16,17,46,9,17,40,39,27,19,29,5,21,16,19,17,8,5,6,2,8,15,7,5,6,7,5,11,9,16,11,11,16,15,8,10,18,12,23,23,13,3,15,26,13,12,12,18,8,10,18,14,15,20,15,17,15,16,18,16,15,9,9,5,7,6,12,16,19,17,16,10,11,8,12,20,20,19,22,23,12,26,11,16,19,10,16,6,7,17,8,15,6,18,16,18,17,19,15,22,17,20,19,15,17,4,9,9,19,15,34,15,24,23,17,24,16,13,12,21,9,10,9,24,18,19,19,22,21,8,20,5,17,14,7,10,11,13,4,10,6,5,4,4,6,5,9,22,22,15,18,16,27,65,12,25,31,,,,,,,,,,,,,,,,,,,,,,,,,,,,,,12,13,29,14,19,28,16,27,16,9,15,17,9,7,,4,10,15,23,22,20,17,14,10,8,18,10,9,14,16,15,14,18,12,9,15,11,7,5,9,9,9,2,12,9,12,5,6,9,12,18,13,9,18,12,5,12,10,9,11,6,12,7,19,26,17,13,17,20,18,14,16,5,15,22,4,18,5,6,6,11,6,10,15,21,15,8,6,9,10,20,14,14,19,20,20,12,4,15,14,2,2,7,10,12,6,3,10,3,6,8,,2,14,5,12,3,8,14,7,,4,12,11,5,10,11,5,7,7,12,4,8,9,5,4,4,2,12,,2,5,6,14,9,10,12,14,28,42,17,,15,,7,,14,15,12,10,13,6,3,9,20,11,11,16,15,20,15,64,39,33,6,16,38,12,15,19,,,,9,,
20260624,21,PM10,49,64,62,36,43,31,71,16,19,67,60,61,41,47,8,23,30,29,29,14,18,18,13,25,35,27,24,15,19,20,26,30,25,17,8,10,19,15,17,32,6,14,15,35,16,12,22,24,42,22,46,20,22,29,31,22,31,26,37,33,32,18,22,27,24,15,16,17,10,26,27,26,51,34,23,24,15,65,28,50,13,16,6,14,52,36,42,77,38,28,46,31,39,20,19,22,25,37,35,31,36,34,37,26,37,46,43,27,20,27,15,30,48,64,19,27,24,30,22,31,27,38,32,25,22,21,45,24,33,36,40,32,20,40,14,19,47,20,30,21,40,12,14,33,16,15,10,13,17,36,25,35,32,23,41,222,33,52,40,125,,,,,,,,,,,,,,,,,,,,,,,,,,,,,,28,,66,33,45,52,23,52,57,42,32,34,38,21,,12,28,19,16,18,21,27,22,26,43,20,22,23,32,39,38,37,49,26,18,23,22,29,26,30,28,20,14,16,29,37,7,19,25,22,12,20,16,19,20,12,11,28,18,18,19,29,25,24,35,38,28,28,28,34,34,40,32,28,32,22,27,17,10,,24,17,18,15,44,21,23,12,15,20,40,37,43,14,29,,23,19,22,18,17,13,15,10,22,12,16,23,20,11,33,,6,22,18,17,23,14,30,14,,9,18,25,13,35,26,9,21,14,34,8,37,19,15,21,13,17,25,,7,6,17,26,34,23,70,28,,256,72,,33,,18,,29,35,23,27,27,26,7,24,49,34,30,45,20,33,32,126,22,45,63,29,55,28,35,51,,,,28,,
20260624,21,PM10_24h,52,54,59,36,41,25,71,17,33,60,57,55,42,47,8,32,21,24,35,9,15,9,5,17,25,17,12,12,13,11,17,18,25,15,19,29,19,9,9,33,21,39,35,25,10,29,45,11,34,17,32,16,15,32,29,24,27,26,32,27,30,29,29,25,21,13,15,15,11,25,28,25,48,35,16,18,17,46,37,37,23,29,37,21,50,31,37,37,25,23,23,23,33,14,20,24,29,29,28,32,27,32,34,27,39,35,28,29,11,22,22,29,39,60,21,49,30,29,29,26,28,25,35,13,19,13,35,32,34,33,38,33,19,26,13,18,15,15,32,21,26,11,16,21,15,13,9,13,14,19,35,31,31,32,36,72,190,38,45,111,,,,,,,,,,,,,,,,,,,,,,,,,,,,,,23,23,48,32,50,46,26,37,61,42,31,26,32,21,,7,32,22,38,30,26,22,25,20,29,20,17,18,36,29,28,28,32,27,19,31,18,17,12,18,19,11,10,9,23,24,5,13,14,14,34,20,18,26,23,10,19,25,14,24,21,27,24,30,37,37,25,27,29,33,24,34,23,25,32,15,27,12,12,11,21,16,16,17,28,17,14,13,17,14,44,31,34,32,29,37,22,17,22,28,15,7,11,16,26,11,12,15,10,12,20,,7,16,9,14,13,14,18,7,,5,14,19,10,25,15,9,13,14,30,8,16,15,14,10,10,12,19,,9,6,10,31,23,17,28,28,49,131,44,,29,,24,,38,26,25,22,23,19,10,17,46,28,18,37,15,32,42,200,138,115,49,28,64,28,38,41,,,,22,,
20260624,21,SO2,3,7,3,5,6,5,4,3,2,2,7,6,3,14,8,4,7,6,5,6,5,6,4,6,7,7,7,7,7,9,7,8,6,6,5,5,7,5,5,5,6,2,4,6,8,4,2,8,5,6,4,4,5,6,5,6,4,7,5,3,5,5,3,5,9,4,5,5,6,6,7,20,6,5,4,6,6,8,6,6,8,8,2,13,9,7,10,10,8,4,5,5,6,8,4,9,8,6,12,5,8,6,5,5,4,13,4,7,6,3,7,12,7,9,9,7,9,8,4,5,4,6,5,6,7,3,8,3,7,7,5,8,7,5,5,7,7,6,3,7,2,8,7,17,4,9,4,6,3,2,6,6,3,7,8,10,4,10,6,4,,,,,,,,,,,,,,,,,,,,,,,,,,,,,,5,4,5,5,6,8,5,6,4,7,7,5,9,5,,6,12,5,8,9,7,5,7,13,11,1,3,7,8,6,9,5,4,6,6,9,7,6,8,4,8,4,4,8,4,5,5,5,6,6,4,5,4,4,6,3,6,5,4,3,11,3,5,8,7,6,6,3,6,6,3,5,4,9,7,6,7,4,5,7,4,5,6,3,4,5,6,7,5,4,7,6,4,7,2,7,11,3,7,3,4,9,9,4,6,7,4,8,8,6,3,,4,8,4,7,3,10,5,4,,5,6,7,8,6,7,2,3,2,8,6,5,5,9,7,6,8,5,,5,3,4,6,9,9,12,10,9,6,8,,9,,8,,4,9,6,10,13,11,6,18,9,6,6,7,5,7,5,4,6,3,7,7,5,7,7,5,,,,3,,
20260624,21,SO2_24h,4,7,2,7,6,5,4,4,3,3,9,6,4,12,8,6,7,5,5,6,5,6,4,6,8,6,5,7,5,9,7,7,6,6,5,5,6,5,5,5,6,2,4,6,7,5,3,7,6,6,4,4,5,6,5,6,5,6,4,3,5,8,4,5,8,4,5,6,6,5,8,17,8,5,4,6,8,8,7,7,8,16,2,9,11,9,10,10,11,6,5,5,7,7,3,9,8,6,8,5,8,6,5,5,4,10,4,6,5,5,8,11,7,11,11,9,10,8,8,6,4,6,5,5,6,3,11,3,8,8,5,10,7,6,4,7,8,5,3,7,2,8,9,11,4,10,4,6,3,3,6,6,4,7,8,18,7,14,7,3,,,,,,,,,,,,,,,,,,,,,,,,,,,,,,5,4,5,4,8,10,5,6,5,11,8,5,11,9,,6,11,7,10,11,6,5,7,11,11,1,4,7,9,6,8,5,4,8,7,10,7,6,7,4,8,4,4,8,5,5,5,4,5,6,4,8,4,5,6,4,10,5,5,4,10,5,5,9,7,7,6,4,6,6,5,5,4,8,7,5,7,4,5,7,4,5,6,9,4,5,6,6,6,4,8,6,4,8,5,11,11,3,7,4,5,9,9,4,9,6,4,7,8,5,3,,6,8,4,10,3,7,4,4,,5,6,8,9,6,7,2,4,2,8,5,5,5,9,7,6,7,4,,5,4,4,20,5,8,19,9,11,8,9,,5,,8,,4,9,6,10,12,13,7,19,10,6,7,7,5,8,5,4,7,3,4,6,4,7,6,5,,,,3,,
20260624,21,NO2,15,18,10,10,17,11,12,7,11,14,14,19,12,34,7,19,11,33,37,14,18,21,7,19,16,12,29,24,16,7,12,8,18,19,16,9,20,12,15,15,6,19,13,11,14,9,13,10,19,21,18,20,9,23,16,5,17,9,18,15,14,20,14,8,15,8,10,9,15,17,28,30,9,11,12,17,9,30,18,18,14,13,6,16,24,14,18,24,16,11,18,12,13,14,14,13,11,9,14,8,17,7,16,3,15,25,8,11,8,13,9,10,20,13,14,14,16,14,17,36,13,18,21,12,13,11,17,8,17,20,17,12,12,16,14,5,11,8,4,9,9,6,14,14,17,11,5,9,7,13,21,18,27,12,25,4,5,21,6,8,,,,,,,,,,,,,,,,,,,,,,,,,,,,,,8,12,18,10,12,17,6,31,13,9,19,9,13,6,,9,7,19,14,11,16,26,6,18,16,13,15,9,21,11,11,11,13,21,7,23,4,16,12,9,12,6,6,8,18,10,8,12,19,10,8,13,13,5,11,4,14,13,3,9,13,10,6,8,13,11,17,17,16,14,10,18,8,15,19,16,8,7,4,12,10,6,6,4,9,11,8,7,6,9,17,15,13,14,19,10,9,5,11,12,10,10,9,9,11,6,24,10,26,4,4,,10,11,12,7,5,8,5,7,,7,4,12,8,10,8,5,4,7,8,11,7,12,8,5,4,4,18,,2,5,9,13,16,22,12,14,,7,19,,17,,8,,7,12,2,2,6,1,11,3,20,22,8,15,8,7,13,6,7,9,4,10,6,11,12,4,,,,7,,
20260624,21,NO2_24h,16,18,10,12,17,9,14,7,11,17,17,19,10,19,7,16,9,21,22,15,11,16,5,10,11,5,16,14,12,3,8,5,10,16,18,11,17,9,14,15,16,23,18,9,8,9,16,8,13,13,16,12,7,16,11,3,12,4,11,11,11,10,8,9,13,9,9,9,8,12,18,19,18,9,6,10,13,27,13,15,15,26,11,13,18,9,18,14,13,12,13,7,11,10,12,16,11,7,11,6,9,4,12,3,15,12,5,9,6,12,12,8,14,18,16,17,17,17,19,16,11,13,9,9,7,14,12,9,17,10,21,9,12,9,8,4,9,7,4,12,7,7,11,9,14,7,6,7,7,9,15,13,15,10,13,14,10,14,7,7,,,,,,,,,,,,,,,,,,,,,,,,,,,,,,6,8,15,12,15,11,5,14,23,10,12,10,8,9,,9,6,16,16,16,14,17,15,10,13,9,11,10,15,13,11,8,16,17,10,21,5,9,7,6,10,6,5,5,10,3,6,8,12,6,9,10,6,7,10,4,11,12,4,7,8,11,4,11,11,12,13,11,18,8,8,15,6,10,16,10,8,6,5,7,6,5,7,6,7,9,6,6,9,6,22,9,9,14,11,11,10,8,10,13,10,8,8,11,15,6,15,8,10,4,5,,13,9,12,8,6,7,7,6,,6,6,13,7,7,7,4,6,9,5,6,6,9,7,7,4,3,9,,2,6,6,14,12,12,13,14,18,11,18,,9,,8,,23,10,5,2,7,2,11,3,22,13,8,9,7,8,8,7,10,14,7,11,3,7,8,7,,,,4,,
20260624,21,O3,121,130,133,96,95,143,170,84,52,128,141,153,137,84,99,82,80,81,99,65,60,51,72,74,100,72,35,50,67,79,72,96,85,49,65,69,56,56,52,68,70,63,65,76,66,72,87,81,150,92,111,46,71,60,54,66,46,74,51,70,68,36,47,84,43,61,30,58,120,121,53,78,132,129,55,45,93,106,103,65,121,125,102,98,164,162,138,168,117,117,134,127,158,104,97,133,49,67,58,75,45,83,71,80,68,60,61,35,67,104,94,130,109,137,65,81,94,89,109,65,98,67,83,68,62,82,117,131,102,125,85,107,48,75,64,74,29,38,80,47,95,65,43,62,47,35,54,27,35,74,135,110,60,50,120,130,115,116,115,107,,,,,,,,,,,,,,,,,,,,,,,,,,,,,,80,,121,158,111,110,131,69,114,116,93,56,90,114,,78,155,80,99,91,77,104,123,54,45,80,96,90,53,95,92,104,109,67,62,124,30,86,72,107,62,77,56,76,72,105,69,96,60,60,81,39,31,56,76,44,42,68,63,55,71,49,78,53,126,116,137,78,104,92,103,89,62,46,55,50,89,66,61,59,72,33,67,55,65,44,56,47,58,15,53,82,74,44,39,46,42,32,62,74,77,39,37,56,63,49,22,44,9,43,,,50,58,45,36,64,44,58,41,,17,55,49,46,47,51,56,54,64,40,52,42,39,65,112,130,141,109,,136,91,66,126,20,69,86,93,96,100,99,,105,,62,,115,129,131,103,131,94,102,104,159,93,124,119,111,135,104,123,128,122,132,122,93,102,138,126,,,,59,,
20260624,21,O3_24h,121,130,133,96,95,143,170,84,52,128,141,153,137,84,99,82,80,81,99,65,60,51,72,74,100,72,35,50,67,79,72,96,85,49,65,69,56,56,52,68,70,63,65,76,66,72,87,81,150,92,111,46,71,60,54,66,46,74,51,70,68,36,47,84,43,61,30,58,120,121,53,78,132,129,55,45,93,106,103,65,121,125,102,98,164,162,138,168,117,117,134,127,158,104,97,133,49,67,58,75,45,83,71,80,68,60,61,35,67,104,94,130,109,137,65,81,94,89,109,65,98,67,83,68,62,82,117,131,102,125,85,107,48,75,64,74,29,38,80,47,95,65,43,62,47,35,54,27,35,74,135,110,60,50,120,130,115,116,115,107,,,,,,,,,,,,,,,,,,,,,,,,,,,,,,80,,121,158,111,110,131,69,114,116,93,56,90,114,,78,155,80,99,91,77,104,123,54,45,80,96,90,53,95,92,104,109,67,62,124,30,86,72,107,62,77,56,76,72,105,69,96,60,60,81,39,31,56,76,44,42,68,63,55,71,49,78,53,126,116,137,78,104,92,103,89,62,46,55,50,89,66,61,59,72,33,67,55,65,44,56,47,58,15,53,82,74,44,39,46,42,32,62,74,77,39,37,56,63,49,22,44,9,43,,,50,58,45,36,64,44,58,41,,17,55,49,46,47,51,56,54,64,40,52,42,39,65,112,130,141,109,,136,91,66,126,20,69,86,93,96,100,99,,105,,62,,115,129,131,103,131,94,102,104,159,93,124,119,111,135,104,123,128,122,132,122,93,102,138,126,,,,59,,
20260624,21,O3_8h,159,157,200,117,127,161,204,101,117,178,189,187,167,168,101,158,105,130,138,71,76,78,88,99,115,81,74,73,76,78,91,93,115,73,84,117,81,83,77,91,83,90,96,85,76,114,157,79,179,108,143,79,73,115,88,81,98,92,82,113,113,96,100,91,65,82,33,72,139,148,114,128,161,135,63,63,111,129,109,108,121,141,123,142,195,177,206,220,134,128,154,152,172,105,129,171,99,89,88,102,82,93,108,86,110,89,75,84,68,130,109,152,166,166,95,122,163,107,136,125,114,109,117,80,77,88,152,154,129,157,125,115,79,77,74,80,78,50,84,62,100,86,62,78,44,50,79,34,42,79,162,134,119,101,153,140,118,154,125,109,,,,,,,,,,,,,,,,,,,,,,,,,,,,,,95,110,137,156,143,171,128,140,157,146,133,119,112,109,,81,150,123,130,145,118,155,153,106,103,121,114,99,110,119,114,140,129,110,80,144,64,95,85,115,80,90,63,86,88,115,77,110,74,87,102,83,81,90,125,45,61,75,73,95,91,70,69,84,153,149,153,109,119,112,115,106,80,100,91,84,94,73,81,72,89,55,63,61,80,58,66,50,57,51,106,100,111,87,84,94,75,46,67,136,89,44,38,81,85,57,48,73,52,52,54,,67,75,42,41,67,53,65,47,,28,69,63,59,61,66,57,66,75,55,63,63,60,80,105,139,139,130,,139,86,87,146,74,121,107,87,121,98,126,,123,,72,,114,140,142,129,130,96,120,110,167,131,131,133,112,146,127,116,135,128,142,124,101,108,143,136,,,,70,,
20260624,21,O3_8h_24h,152,156,189,113,127,159,203,100,94,176,185,183,161,141,101,138,96,120,134,66,72,60,71,93,114,80,50,61,73,78,88,93,112,69,83,100,78,74,66,82,83,80,86,82,73,106,139,78,178,104,138,71,73,97,78,76,78,87,71,99,102,76,86,90,62,80,31,71,136,146,94,115,160,135,62,61,110,128,108,98,121,141,118,136,192,177,198,216,133,125,154,150,172,105,120,160,81,83,76,99,76,92,103,85,95,80,72,65,68,128,108,148,159,159,85,97,143,84,134,110,111,97,107,77,75,88,148,152,125,154,123,114,76,82,73,77,63,50,82,60,100,81,61,74,44,44,74,33,39,79,161,132,106,85,151,140,110,149,124,108,,,,,,,,,,,,,,,,,,,,,,,,,,,,,,94,110,133,156,141,152,128,120,146,141,114,93,111,109,,81,150,104,112,136,106,145,148,94,82,114,111,96,97,108,108,133,123,89,72,141,52,95,83,115,76,89,62,86,88,115,77,109,72,82,99,59,62,74,118,45,59,75,70,78,90,68,69,77,150,145,153,107,118,110,115,106,78,90,85,77,94,72,76,69,86,52,63,60,79,57,64,50,57,43,97,99,106,75,69,90,63,39,66,120,83,44,38,80,84,57,44,68,47,52,52,,65,75,42,36,67,51,65,46,,26,67,61,53,59,64,57,62,70,51,61,58,57,71,105,138,139,129,,131,86,83,138,61,111,99,82,119,113,122,,117,,72,,114,138,138,124,130,87,118,105,167,125,131,132,112,146,125,116,135,128,142,124,101,101,143,136,,,,69,,
20260624,21,CO,0.56,0.69,1.02,0.48,0.25,0.27,0.57,0.30,0.20,0.63,0.50,0.45,0.30,1.37,0.32,0.63,0.59,0.42,0.41,0.39,0.43,0.48,0.43,0.37,0.42,0.60,0.77,0.35,0.40,0.53,0.58,0.48,0.47,0.52,0.37,0.43,0.51,0.50,0.63,0.53,0.50,0.43,0.40,0.65,0.53,0.42,0.40,0.75,0.42,0.47,0.42,0.46,0.59,0.62,0.58,0.67,0.57,0.50,0.67,0.53,0.58,0.53,0.65,0.30,0.63,0.47,0.60,0.41,0.28,0.50,0.50,0.75,0.32,0.29,0.44,0.72,0.27,0.50,0.48,0.63,0.33,0.43,0.30,0.27,0.52,0.37,0.42,0.65,0.42,0.37,0.44,0.38,0.32,0.50,0.23,0.43,0.67,0.57,0.43,0.67,0.70,0.65,0.70,0.53,0.50,0.50,0.53,0.75,0.37,0.20,0.31,0.53,0.67,0.84,0.40,0.70,0.67,0.64,0.52,0.48,0.34,0.37,0.35,0.30,0.43,0.60,0.41,0.38,0.40,0.23,0.45,0.50,0.37,0.45,0.57,0.80,0.75,0.70,0.40,0.60,0.30,0.60,0.65,0.97,0.60,0.57,0.63,0.30,0.53,0.47,0.40,0.50,0.60,0.50,0.40,0.30,0.43,0.54,0.28,0.20,,,,,,,,,,,,,,,,,,,,,,,,,,,,,,0.40,0.30,0.60,0.33,0.27,0.60,0.60,0.80,0.43,0.27,0.40,0.40,0.55,0.38,,0.25,0.45,0.55,0.60,0.25,0.67,0.37,0.40,0.55,0.50,0.40,0.30,0.23,0.37,0.20,0.43,0.53,0.35,0.73,0.30,0.25,0.25,0.35,0.22,0.45,0.57,0.48,0.60,0.35,0.42,0.20,0.25,0.23,0.68,0.23,0.40,0.60,0.35,0.40,0.60,0.53,0.57,0.50,0.50,0.46,0.50,0.75,0.83,0.75,0.42,0.37,0.30,0.38,0.36,0.45,0.35,0.20,0.55,0.93,0.78,0.73,0.63,0.50,0.40,1.10,0.60,0.50,0.82,0.50,0.90,0.85,0.73,0.50,0.40,0.50,0.35,0.63,0.68,0.67,0.60,0.25,0.43,0.90,0.50,0.80,0.63,0.70,0.50,0.63,0.60,0.50,0.40,0.70,0.75,0.30,,,0.40,0.70,0.30,0.60,0.40,0.60,0.40,0.50,,0.60,0.35,0.40,0.60,0.70,0.45,0.30,0.10,0.20,0.65,0.45,0.35,0.65,0.50,0.40,0.15,0.30,0.40,,0.30,0.40,0.50,0.33,0.60,0.80,0.55,0.35,0.30,0.70,0.55,,0.40,,0.50,,0.25,0.50,0.50,0.20,0.50,0.30,0.30,0.40,0.53,0.40,0.35,0.45,0.10,0.30,0.35,0.60,0.10,0.25,0.15,0.45,0.50,0.30,0.45,0.40,,,,0.50,,
20260624,21,CO_24h,0.64,0.66,0.60,0.62,0.25,0.33,0.53,0.27,0.40,0.60,0.45,0.43,0.45,0.87,0.30,0.75,0.57,0.44,0.44,0.37,0.34,0.49,0.40,0.34,0.34,0.52,0.69,0.40,0.34,0.43,0.66,0.44,0.45,0.56,0.44,0.43,0.54,0.53,0.65,0.43,0.60,0.63,0.50,0.50,0.48,0.50,0.45,0.73,0.44,0.44,0.42,0.47,0.58,0.55,0.56,0.63,0.53,0.40,0.53,0.50,0.58,0.50,0.59,0.43,0.59,0.48,0.60,0.43,0.25,0.51,0.53,0.60,0.56,0.30,0.43,0.63,0.29,0.48,0.56,0.55,0.37,0.53,0.40,0.37,0.56,0.37,0.50,0.40,0.34,0.40,0.40,0.33,0.35,0.46,0.33,0.50,0.60,0.57,0.47,0.60,0.55,0.60,0.60,0.53,0.50,0.50,0.47,0.65,0.30,0.20,0.49,0.55,0.65,0.88,0.54,0.88,0.67,0.72,0.56,0.40,0.38,0.37,0.43,0.38,0.43,0.52,0.40,0.45,0.43,0.40,0.53,0.53,0.35,0.47,0.75,0.80,0.75,0.60,0.40,0.61,0.35,0.63,0.65,0.60,0.57,0.53,0.63,0.30,0.55,0.45,0.47,0.50,0.55,0.58,0.50,0.40,0.47,0.50,0.34,0.20,,,,,,,,,,,,,,,,,,,,,,,,,,,,,,0.43,0.40,0.55,0.40,0.37,0.65,0.65,0.67,0.47,0.40,0.40,0.30,0.45,0.38,,0.20,0.45,0.58,0.80,0.35,0.70,0.27,0.50,0.50,0.45,0.30,0.30,0.33,0.30,0.27,0.37,0.45,0.30,0.43,0.25,0.35,0.35,0.30,0.18,0.35,0.60,0.55,0.55,0.30,0.38,0.20,0.25,0.17,0.55,0.30,0.37,0.80,0.30,0.40,0.60,0.63,0.67,0.63,0.55,0.44,0.50,1.00,0.83,0.60,0.46,0.42,0.35,0.40,0.42,0.50,0.37,0.17,0.38,0.80,0.78,0.60,0.60,0.50,0.50,1.00,0.60,0.50,0.87,0.60,0.90,0.80,0.77,0.50,0.55,0.40,0.35,0.60,0.57,0.67,0.43,0.40,0.43,0.90,0.50,0.60,0.60,0.55,0.47,0.65,0.60,0.47,0.38,0.60,0.65,0.30,0.30,,0.25,0.55,0.40,0.60,0.40,0.50,0.45,0.50,,0.50,0.35,0.40,0.55,0.65,0.40,0.40,0.10,0.15,0.55,0.40,0.35,0.60,0.50,0.45,0.15,0.35,0.30,,0.30,0.35,0.43,0.37,0.50,0.85,0.35,0.45,0.30,0.45,0.65,,0.45,,0.45,,0.30,0.50,0.40,0.30,0.40,0.30,0.20,0.40,0.53,0.40,0.35,0.45,0.10,0.30,0.40,0.65,0.20,0.30,0.25,0.45,0.60,0.20,0.45,0.20,,,,0.40,,
20260624,22,AQI,51,60,70,38,31,40,65,25,22,52,53,48,43,43,29,23,24,37,35,20,22,20,23,21,39,32,30,21,24,23,23,29,33,21,19,20,19,17,31,31,21,24,21,45,20,20,28,31,39,39,35,20,24,28,29,23,27,30,36,34,29,20,19,26,24,17,9,21,33,30,30,56,53,40,27,25,29,46,30,53,35,36,28,28,54,48,35,69,35,33,39,35,46,30,29,43,26,36,38,36,44,27,39,24,32,54,39,32,20,34,28,38,42,56,17,35,30,30,27,35,28,29,28,24,23,24,45,41,37,36,49,32,15,37,18,21,32,13,28,22,36,22,16,27,14,,16,13,25,30,35,36,37,23,41,147,35,52,34,80,,,,,,,,,,,,,,,,,,,,,,,,,,,,,,26,,41,106,52,,43,48,56,36,28,31,32,33,,20,49,21,26,25,25,40,37,33,43,23,34,52,44,39,41,38,45,26,20,38,27,29,23,30,30,23,17,26,23,59,20,26,20,27,23,23,18,21,20,25,15,31,21,15,21,26,,37,38,37,37,34,29,38,46,50,34,34,34,18,27,23,9,,28,22,25,20,43,18,22,17,18,20,30,49,39,14,37,15,28,20,31,35,22,12,23,18,19,14,18,22,19,,,,15,23,14,23,34,15,15,16,,,23,,20,34,23,,16,18,35,13,55,21,20,35,37,44,38,,43,27,26,29,32,29,28,26,,80,,,38,,18,,32,38,,35,37,30,38,31,56,39,36,51,32,41,52,86,39,52,43,37,47,29,42,48,,,,27,,
20260624,22,PM2.5,30,36,51,24,18,15,47,8,8,31,37,18,19,28,10,14,14,17,22,11,10,11,6,12,25,19,10,9,17,13,15,20,23,15,3,3,13,12,22,22,3,12,6,28,8,5,8,21,19,27,15,9,17,16,15,14,19,15,22,18,14,12,13,15,11,5,3,9,7,13,20,26,20,21,19,16,8,10,14,32,13,23,5,9,20,13,13,50,23,15,15,23,19,20,3,11,16,25,24,17,31,16,23,13,18,38,26,18,13,16,6,18,17,38,7,18,21,18,19,22,12,6,16,10,10,16,26,13,20,18,30,20,10,26,5,13,19,9,11,11,11,3,11,11,3,,6,6,6,13,16,20,17,12,13,87,12,19,19,38,,,,,,,,,,,,,,,,,,,,,,,,,,,,,,9,,23,,19,,17,29,21,10,12,22,10,7,,8,14,15,14,11,16,10,6,14,12,16,9,3,20,23,26,20,27,14,3,19,16,20,16,16,15,15,10,18,12,42,4,17,11,19,3,16,8,15,7,10,7,12,14,3,13,8,,26,25,14,8,23,15,19,11,24,9,20,20,5,18,3,6,,14,8,14,14,27,12,15,12,12,12,21,17,15,9,26,6,6,9,17,11,7,6,5,8,3,6,3,14,9,,,,3,16,5,16,3,6,10,9,,,16,,14,16,16,,8,8,15,8,17,15,7,6,3,8,15,,3,6,18,17,10,15,16,14,,28,,,19,,7,,13,17,,9,17,3,9,6,20,15,15,32,11,25,20,47,12,9,10,25,14,19,18,31,,,,11,,
20260624,22,PM2.5_24h,33,29,39,22,16,16,46,10,17,41,37,26,18,30,6,21,16,18,17,8,5,6,2,9,16,8,5,5,8,5,11,11,17,11,10,15,14,8,11,18,11,23,22,14,3,14,25,14,12,13,19,8,10,18,14,15,18,15,17,15,16,18,15,15,9,10,4,7,6,13,16,21,17,16,10,11,8,11,20,21,19,22,22,11,25,12,16,22,12,17,6,8,17,9,15,6,18,17,18,17,19,15,22,17,21,20,15,17,5,10,8,18,15,35,12,24,23,17,24,15,12,12,17,9,10,9,23,17,20,19,22,20,9,20,5,17,14,7,9,11,13,4,10,6,2,,4,6,5,9,21,22,15,18,16,29,64,12,25,25,,,,,,,,,,,,,,,,,,,,,,,,,,,,,,11,,29,16,19,,15,29,16,9,16,18,9,7,,4,10,15,23,26,20,17,13,10,8,17,10,9,15,18,16,13,18,12,9,15,11,8,6,12,10,10,2,13,10,14,5,7,9,13,17,14,9,17,11,6,12,10,10,13,7,11,,19,26,17,12,19,20,17,14,17,5,14,21,4,19,5,5,,12,6,10,15,21,14,9,7,9,10,20,14,17,18,20,19,12,4,15,14,2,2,6,10,11,6,3,10,4,,,,3,14,5,11,3,8,13,8,,,12,,5,10,11,,7,6,12,5,8,9,5,4,3,3,11,,3,5,7,14,9,10,12,14,,41,,,15,,7,,13,15,,10,13,6,3,9,20,11,12,16,13,22,15,67,37,34,6,16,35,13,14,20,,,,9,,
20260624,22,PM10,51,69,66,38,31,32,75,13,22,54,46,48,43,43,14,23,24,37,35,15,22,20,14,21,39,32,30,21,22,18,23,28,26,20,8,10,18,16,17,29,7,24,13,45,17,18,16,31,39,37,35,20,21,28,29,23,26,30,36,34,29,20,18,26,24,14,9,21,17,30,30,61,56,34,27,25,15,46,29,55,15,36,13,18,47,43,31,60,31,27,39,35,46,22,13,21,26,36,38,36,40,27,39,24,32,56,39,32,19,34,15,33,42,62,14,35,22,30,27,35,27,29,28,24,23,20,45,30,37,35,49,32,15,29,18,21,32,13,22,22,36,13,15,27,14,,9,13,25,30,35,36,37,23,29,244,24,54,30,109,,,,,,,,,,,,,,,,,,,,,,,,,,,,,,26,,41,,54,,27,48,61,32,28,30,32,22,,,32,19,20,16,18,28,20,33,43,19,19,53,44,33,41,38,45,18,20,28,27,29,,30,30,20,14,15,20,47,7,15,20,20,13,20,18,18,9,25,14,31,21,14,19,26,,23,33,37,25,34,29,38,46,50,34,34,34,17,27,23,9,,28,22,25,15,43,18,22,12,15,20,17,49,39,14,35,6,28,18,31,35,22,12,23,18,19,12,18,22,19,,,,,20,11,23,34,15,14,16,,,17,,19,34,21,,15,15,35,13,60,,14,9,17,18,29,,8,9,22,27,32,29,28,26,,109,,,38,,14,,23,26,,29,28,23,,18,62,39,22,52,,28,54,121,29,54,43,35,47,29,34,48,,,,27,,
20260624,22,PM10_24h,52,53,60,36,38,22,73,16,33,60,53,54,40,45,9,32,21,24,35,10,16,9,6,19,26,19,15,12,13,11,19,18,25,14,19,28,19,9,9,33,20,39,35,26,11,28,44,13,32,19,32,17,15,31,29,24,27,26,30,27,30,29,28,25,22,15,8,15,12,26,25,28,52,36,18,18,18,52,36,38,21,30,37,21,48,32,37,34,28,21,23,24,35,15,19,23,29,30,29,36,28,32,34,26,38,36,28,29,11,22,21,28,36,61,17,48,30,29,30,25,27,25,30,14,19,14,36,30,34,33,38,33,19,26,13,18,13,12,26,21,26,11,16,21,12,,9,14,15,19,34,31,32,32,39,80,187,37,43,100,,,,,,,,,,,,,,,,,,,,,,,,,,,,,,20,,48,27,51,,26,42,61,40,33,26,32,20,,7,31,22,37,28,26,22,24,21,30,19,17,21,36,35,29,31,33,27,18,30,24,17,8,20,21,12,10,9,26,25,5,10,14,14,33,20,18,26,23,12,17,25,16,24,19,26,,29,36,37,26,28,28,33,24,36,24,25,32,14,27,12,10,,23,16,16,17,29,16,14,10,17,14,41,32,39,32,29,35,22,17,22,28,16,4,12,15,25,11,13,14,10,,,,8,16,9,13,14,14,18,8,,,14,,11,25,16,,13,12,30,9,17,13,14,10,12,12,19,,9,6,11,31,24,18,24,28,,131,,,28,,24,,36,26,,22,23,20,10,17,47,28,19,38,12,28,42,174,132,110,56,28,61,28,35,41,,,,23,,
20260624,22,SO2,3,7,2,5,5,3,4,4,2,1,7,6,2,8,8,4,7,5,5,6,5,6,4,6,7,8,6,7,7,9,7,7,6,6,5,5,6,5,5,5,6,2,4,6,7,4,2,7,7,7,4,4,5,5,5,6,4,7,5,3,5,6,4,5,9,4,6,4,6,5,9,10,5,5,4,6,6,6,6,6,9,8,2,36,10,6,14,9,8,4,6,5,6,7,5,6,10,6,14,5,9,6,5,5,4,13,4,5,5,4,7,10,6,9,8,7,9,8,5,6,4,6,6,6,7,4,8,3,8,7,5,8,7,5,6,7,11,4,4,8,2,7,7,11,5,,4,5,3,2,6,7,3,7,8,10,5,12,6,4,,,,,,,,,,,,,,,,,,,,,,,,,,,,,,5,,4,5,7,,5,5,5,7,7,5,11,6,,6,12,7,8,8,6,4,7,13,11,2,3,9,8,5,11,4,4,6,6,9,7,6,8,6,8,4,4,8,3,6,6,5,6,6,4,9,3,5,6,4,7,5,5,4,9,5,,24,8,6,5,4,5,6,5,5,4,9,7,9,7,4,5,,5,5,6,3,5,5,5,7,4,3,7,5,3,6,4,7,10,3,8,2,5,10,10,4,7,6,4,8,8,,,,4,7,5,11,2,11,4,2,,,6,,9,6,7,,3,2,8,6,5,4,8,7,6,8,4,,5,3,4,6,9,10,3,10,,6,,,4,,8,,3,9,,10,13,11,7,22,15,6,6,8,2,8,4,4,6,3,3,7,4,7,12,5,,,,4,,
20260624,22,SO2_24h,4,7,2,9,6,4,5,4,3,3,10,6,4,13,8,6,7,5,6,6,5,6,4,6,8,7,5,7,5,9,7,7,6,6,5,5,6,5,5,5,6,2,4,6,7,5,3,7,6,7,4,4,5,6,5,6,5,6,4,3,5,8,4,5,8,4,6,5,6,5,9,16,8,5,5,6,8,8,7,7,9,16,2,11,11,9,11,9,12,5,5,5,7,7,5,9,8,6,8,6,8,6,5,5,4,10,4,6,5,5,8,10,7,12,10,9,10,8,8,6,4,6,5,5,6,4,10,3,8,8,5,10,7,5,4,7,11,3,4,6,2,7,9,12,5,,4,5,3,3,6,6,4,7,8,17,7,13,7,4,,,,,,,,,,,,,,,,,,,,,,,,,,,,,,5,,5,4,8,,5,6,5,10,8,5,11,8,,6,11,7,10,11,6,5,7,11,11,1,4,9,9,6,9,5,4,8,6,10,8,6,8,6,8,4,4,8,4,6,5,4,5,6,4,9,4,5,6,4,10,5,6,4,13,4,,11,8,7,6,4,6,6,6,5,4,8,7,6,7,4,5,,4,5,6,9,4,5,5,6,6,4,8,6,3,8,5,11,11,3,7,4,5,10,10,4,9,7,4,8,8,,,,5,8,5,9,2,7,4,3,,,6,,9,6,7,,4,2,8,5,5,4,9,7,6,7,4,,5,4,4,19,6,8,13,9,,8,,,5,,8,,4,9,,10,12,12,7,19,10,6,7,7,4,8,5,4,7,2,2,6,4,7,6,5,,,,3,,
20260624,22,NO2,17,17,10,12,39,12,14,8,11,15,13,23,16,26,11,23,10,35,42,15,19,23,7,24,19,12,27,25,19,7,16,6,16,18,14,10,17,12,16,12,7,20,13,14,17,10,7,8,22,24,21,22,10,27,18,3,23,12,14,18,16,24,15,7,18,9,11,10,28,27,21,,9,15,13,20,9,34,20,18,15,26,10,17,18,15,15,27,16,12,16,12,22,15,11,9,12,8,13,8,17,9,17,3,17,21,7,19,8,13,11,10,21,12,20,20,18,18,22,35,16,12,20,14,14,14,21,7,26,16,25,12,10,12,14,6,12,9,5,10,9,4,14,12,19,,4,13,8,33,25,24,37,12,15,4,8,27,9,9,,,,,,,,,,,,,,,,,,,,,,,,,,,,,,10,,9,15,15,,6,25,19,7,19,13,13,8,,17,8,17,17,5,13,11,8,14,15,11,8,13,25,6,10,10,13,11,7,23,3,14,14,14,12,6,6,10,15,15,11,15,14,11,9,17,13,6,12,5,9,14,4,7,8,11,,10,13,13,10,25,20,22,17,17,15,16,20,12,8,6,5,,12,8,9,5,9,11,7,6,7,7,20,14,14,12,26,6,11,6,13,5,13,10,10,13,11,7,27,10,23,,,,9,7,7,9,4,8,8,5,,,7,,8,12,8,,4,9,7,15,9,12,8,4,3,3,8,,1,5,16,37,11,23,9,11,,6,,,18,,5,,8,12,,1,10,1,7,3,13,22,12,29,8,10,12,5,5,2,10,14,11,26,18,10,,,,6,,
20260624,22,NO2_24h,15,18,11,12,16,9,14,7,11,16,17,19,10,19,7,16,9,20,21,15,12,16,5,12,11,5,14,14,12,4,8,4,11,16,17,11,16,9,13,15,16,23,17,9,8,9,15,8,13,12,16,13,7,16,11,3,10,5,11,11,10,10,9,9,14,11,9,9,11,13,16,20,18,9,6,11,13,30,14,15,14,27,11,14,16,10,18,13,13,12,13,7,13,11,11,14,11,7,11,7,9,5,12,3,15,12,5,9,6,12,11,7,14,18,16,17,16,16,20,16,12,13,11,10,7,13,13,7,17,10,21,9,12,9,8,4,8,9,4,12,7,7,11,9,14,,5,9,5,10,15,13,16,10,11,14,10,14,7,9,,,,,,,,,,,,,,,,,,,,,,,,,,,,,,7,,15,15,15,,4,15,23,10,11,10,8,9,,9,6,16,16,10,13,16,13,10,13,9,10,12,15,15,10,8,15,17,10,20,4,9,6,7,10,5,5,6,10,4,5,8,12,6,9,10,6,7,10,5,10,13,5,9,8,12,,12,10,12,9,12,18,9,8,16,6,10,16,10,8,6,6,,6,5,7,5,8,9,6,6,9,6,22,9,9,15,11,11,10,8,10,12,10,8,8,11,15,6,15,8,11,,,,13,10,10,8,6,7,7,5,,,6,,7,7,7,,6,9,6,7,6,9,7,7,3,3,8,,1,6,7,15,12,12,11,14,,10,,,9,,8,,21,9,,2,7,2,11,3,22,13,8,10,6,6,8,6,10,12,8,11,4,8,5,7,,,,4,,
20260624,22,O3,103,123,126,87,68,127,151,81,41,119,129,138,112,64,92,69,70,74,83,64,57,50,73,67,77,67,32,49,62,75,66,93,80,47,62,65,53,54,49,74,68,59,67,47,63,63,89,82,125,85,101,44,64,47,49,65,34,59,49,62,56,25,40,75,35,55,,54,107,95,62,,121,127,46,40,92,86,97,60,112,94,91,90,163,152,113,132,112,104,112,111,133,97,94,139,39,67,55,67,41,70,81,75,63,61,60,22,64,99,88,123,95,136,54,76,84,69,86,47,90,78,80,61,56,77,98,131,78,114,73,100,46,80,59,68,20,37,89,39,102,69,39,58,40,,51,18,33,44,109,86,41,45,132,116,112,101,110,103,,,,,,,,,,,,,,,,,,,,,,,,,,,,,,71,,104,212,96,,137,60,97,115,86,43,85,107,,63,156,68,82,80,80,129,118,51,42,68,108,73,41,125,90,102,111,82,54,120,28,81,71,81,59,74,54,70,72,83,63,84,63,51,72,34,26,51,64,46,48,64,60,48,67,58,,49,122,106,119,63,90,72,84,84,61,35,49,56,84,63,,,58,23,64,50,60,42,58,46,56,11,46,69,63,44,28,47,39,65,59,81,66,34,34,45,58,46,12,30,7,,,,49,46,44,31,59,40,47,38,,,50,,38,32,47,,51,57,39,42,33,33,63,112,119,142,122,,137,87,47,92,18,60,85,77,,108,,,101,,59,,101,123,,112,118,97,121,99,124,88,114,98,103,130,93,122,124,124,,118,80,80,133,117,,,,62,,
20260624,22,O3_24h,103,123,126,87,68,127,151,81,41,119,129,138,112,64,92,69,70,74,83,64,57,50,73,67,77,67,32,49,62,75,66,93,80,47,62,65,53,54,49,74,68,59,67,47,63,63,89,82,125,85,101,44,64,47,49,65,34,59,49,62,56,25,40,75,35,55,,54,107,95,62,,121,127,46,40,92,86,97,60,112,94,91,90,163,152,113,132,112,104,112,111,133,97,94,139,39,67,55,67,41,70,81,75,63,61,60,22,64,99,88,123,95,136,54,76,84,69,86,47,90,78,80,61,56,77,98,131,78,114,73,100,46,80,59,68,20,37,89,39,102,69,39,58,40,,51,18,33,44,109,86,41,45,132,116,112,101,110,103,,,,,,,,,,,,,,,,,,,,,,,,,,,,,,71,,104,212,96,,137,60,97,115,86,43,85,107,,63,156,68,82,80,80,129,118,51,42,68,108,73,41,125,90,102,111,82,54,120,28,81,71,81,59,74,54,70,72,83,63,84,63,51,72,34,26,51,64,46,48,64,60,48,67,58,,49,122,106,119,63,90,72,84,84,61,35,49,56,84,63,,,58,23,64,50,60,42,58,46,56,11,46,69,63,44,28,47,39,65,59,81,66,34,34,45,58,46,12,30,7,,,,49,46,44,31,59,40,47,38,,,50,,38,32,47,,51,57,39,42,33,33,63,112,119,142,122,,137,87,47,92,18,60,85,77,,108,,,101,,59,,101,123,,112,118,97,121,99,124,88,114,98,103,130,93,122,124,124,,118,80,80,133,117,,,,62,,
20260624,22,O3_8h,159,157,203,117,130,162,204,102,117,178,185,187,165,165,101,158,105,130,139,71,78,78,88,97,115,80,77,73,76,78,93,91,115,73,84,117,81,83,77,91,83,90,96,85,77,114,157,79,172,109,144,79,73,115,88,81,100,92,81,113,110,96,100,91,66,85,34,72,132,148,114,125,163,138,63,63,112,129,109,108,125,141,123,141,198,182,206,216,132,127,156,152,174,105,126,170,99,89,88,102,82,93,108,86,110,89,75,84,68,130,109,148,165,164,91,122,163,107,136,125,114,109,118,80,77,87,153,158,127,157,127,115,80,83,74,80,81,53,85,62,100,87,62,78,44,,79,32,46,79,162,134,119,101,154,140,118,154,127,110,,,,,,,,,,,,,,,,,,,,,,,,,,,,,,94,,137,168,143,,132,144,157,146,134,119,112,109,,82,151,123,130,143,118,155,153,106,103,121,114,101,110,116,113,137,129,110,80,144,60,95,83,112,80,90,63,86,90,116,77,110,74,87,102,83,81,90,125,45,62,74,75,95,85,71,,85,153,150,152,108,119,112,116,106,80,100,91,89,95,73,78,,86,55,63,61,80,58,66,49,57,51,106,100,104,87,84,94,75,46,67,136,89,45,39,81,85,58,48,73,52,,,,68,75,45,41,64,53,65,45,,,69,,59,61,66,,66,75,55,64,63,59,80,107,138,141,130,,141,86,87,146,74,121,110,87,,98,,,119,,73,,114,140,,129,130,96,120,110,168,131,131,133,111,144,127,120,135,127,139,124,101,108,145,136,,,,70,,
20260624,22,O3_8h_24h,145,151,183,109,120,155,195,99,83,168,174,177,151,121,100,126,92,112,130,65,70,58,71,87,111,77,47,59,71,78,86,91,107,65,81,90,74,70,63,79,82,73,79,78,72,97,130,79,165,102,133,65,72,87,72,74,71,83,67,92,93,66,77,85,58,80,31,69,126,139,89,106,158,137,60,59,107,124,108,91,125,137,114,129,192,181,187,201,130,119,150,146,170,105,114,155,71,80,72,95,71,89,100,84,88,76,70,57,68,125,106,142,151,156,76,92,132,77,129,100,108,91,102,74,71,87,144,154,118,152,118,112,71,80,72,76,56,51,84,59,100,79,58,71,44,,70,29,39,76,156,127,97,75,153,136,109,141,124,110,,,,,,,,,,,,,,,,,,,,,,,,,,,,,,90,,133,168,135,,132,110,137,137,107,82,107,109,,80,151,99,106,123,98,141,143,87,74,110,111,92,89,106,103,126,120,83,68,138,48,94,81,109,73,87,62,83,90,113,75,106,71,77,95,53,54,69,110,44,58,73,68,72,83,66,,72,148,139,149,98,116,105,113,104,75,81,78,76,94,71,72,,79,47,63,58,76,54,62,49,57,37,87,96,95,68,59,84,58,44,66,114,81,44,39,74,81,56,39,63,40,,,,60,72,45,36,63,49,63,44,,,64,,51,56,61,,59,67,48,56,53,52,69,107,134,141,128,,134,86,78,130,53,100,97,78,,110,,,110,,71,,112,136,,121,129,87,117,104,165,120,129,127,110,143,123,120,135,126,138,124,98,99,144,134,,,,69,,
20260624,22,CO,0.59,0.72,0.90,0.57,0.20,0.25,0.52,0.30,0.20,0.65,0.40,0.45,0.27,0.83,0.33,0.62,0.59,0.47,0.45,0.38,0.43,0.47,0.38,0.38,0.44,0.57,0.77,0.43,0.46,0.48,0.60,0.40,0.45,0.52,0.37,0.43,0.51,0.50,0.65,0.53,0.50,0.43,0.40,0.65,0.55,0.42,0.35,0.80,0.34,0.42,0.46,0.49,0.60,0.62,0.57,0.63,0.50,0.60,0.55,0.50,0.58,0.53,0.59,0.33,0.60,0.44,,0.43,0.30,0.56,0.65,0.50,0.35,0.37,0.35,0.73,0.27,0.43,0.52,0.60,0.30,0.52,0.30,0.34,0.50,0.35,0.38,0.67,0.40,0.42,0.50,0.38,0.27,0.53,0.20,0.44,0.70,0.57,0.40,0.60,0.65,0.65,0.70,0.50,0.50,0.50,0.50,0.75,0.27,0.20,0.32,0.40,0.63,0.80,0.50,0.80,0.75,0.66,0.56,0.47,0.33,0.37,0.40,0.33,0.50,0.60,0.44,0.47,0.40,0.30,0.43,0.50,0.37,0.40,0.63,0.83,0.70,0.75,0.40,0.64,0.30,0.53,0.67,0.70,0.70,,0.63,0.30,0.40,0.63,0.40,0.55,0.60,0.50,0.40,0.30,0.43,0.54,0.33,0.20,,,,,,,,,,,,,,,,,,,,,,,,,,,,,,0.37,,0.50,0.40,0.27,,0.60,0.80,0.47,0.27,0.40,0.40,0.50,0.37,,0.30,0.55,0.53,0.60,0.20,0.67,0.27,0.40,0.55,0.50,0.35,0.30,0.25,0.37,0.15,0.45,0.45,0.35,0.57,0.30,0.25,0.30,0.38,0.30,0.50,0.50,0.50,0.60,0.35,0.50,0.30,0.20,0.25,0.60,0.27,0.40,0.60,0.30,0.40,0.55,0.70,0.45,0.57,0.70,0.35,,0.85,,0.80,0.53,0.40,0.40,0.40,0.40,0.47,0.60,0.23,0.82,0.75,0.78,0.85,0.63,0.50,0.40,,0.75,0.55,0.83,0.50,0.90,0.85,0.65,0.50,0.45,0.50,0.15,0.63,0.85,0.60,0.67,0.20,0.43,0.90,0.70,0.50,0.70,0.70,0.40,0.70,0.60,0.53,0.40,0.65,0.70,,,,0.50,0.70,0.30,0.60,0.30,0.60,0.40,0.60,,,0.30,,0.60,0.80,0.45,,0.10,0.30,0.65,0.50,0.45,0.90,0.50,0.40,0.20,0.30,0.30,,0.30,0.40,0.55,0.47,0.50,0.80,0.50,0.40,,0.50,,,0.40,,0.40,,0.30,0.50,,0.20,0.50,0.20,0.20,0.40,0.53,0.40,0.35,0.60,0.10,0.30,0.40,0.60,0.10,0.20,0.30,0.50,0.60,0.30,0.70,0.35,,,,0.50,,
20260624,22,CO_24h,0.63,0.67,0.60,0.69,0.20,0.27,0.47,0.25,0.40,0.60,0.40,0.43,0.43,0.90,0.33,0.76,0.58,0.44,0.39,0.38,0.33,0.49,0.36,0.36,0.34,0.50,0.70,0.40,0.34,0.43,0.65,0.35,0.45,0.56,0.44,0.43,0.54,0.53,0.65,0.43,0.60,0.60,0.50,0.50,0.49,0.48,0.45,0.76,0.44,0.42,0.44,0.51,0.58,0.55,0.56,0.63,0.40,0.40,0.50,0.50,0.58,0.50,0.59,0.43,0.58,0.47,,0.44,0.30,0.51,0.55,0.50,0.57,0.31,0.38,0.65,0.32,0.53,0.58,0.55,0.30,0.53,0.40,0.38,0.53,0.35,0.50,0.43,0.32,0.42,0.45,0.33,0.27,0.47,0.30,0.54,0.60,0.57,0.47,0.55,0.55,0.60,0.60,0.50,0.50,0.50,0.47,0.65,0.30,0.20,0.48,0.47,0.63,0.90,0.53,0.88,0.68,0.72,0.58,0.40,0.37,0.37,0.50,0.38,0.43,0.55,0.43,0.47,0.42,0.33,0.53,0.53,0.40,0.50,0.75,0.80,0.70,0.70,0.40,0.61,0.35,0.57,0.63,0.60,0.65,,0.63,0.30,0.40,0.47,0.47,0.50,0.55,0.58,0.50,0.40,0.47,0.52,0.40,0.20,,,,,,,,,,,,,,,,,,,,,,,,,,,,,,0.40,,0.55,0.40,0.37,,0.57,0.70,0.47,0.40,0.40,0.30,0.45,0.37,,0.30,0.45,0.58,0.80,0.30,0.67,0.27,0.50,0.50,0.50,0.30,0.30,0.45,0.27,0.35,0.30,0.40,0.30,0.43,0.25,0.35,0.50,0.30,0.30,0.40,0.60,0.55,0.55,0.35,0.45,0.25,0.20,0.20,0.55,0.30,0.37,0.80,0.30,0.40,0.60,0.75,0.55,0.60,0.70,0.35,,1.05,,0.60,0.50,0.46,0.40,0.40,0.45,0.40,0.40,0.17,0.38,0.80,0.78,0.65,0.60,0.50,0.60,,0.65,0.50,0.85,0.60,0.90,0.85,0.77,0.50,0.55,0.40,0.35,0.60,0.60,0.70,0.43,0.40,0.43,0.90,0.50,0.60,0.63,0.70,0.40,0.63,0.60,0.47,0.38,0.60,0.65,,,,0.40,0.55,0.35,0.60,0.40,0.50,0.45,0.60,,,0.35,,0.55,0.65,0.40,,0.10,0.20,0.55,0.40,0.35,0.80,0.50,0.45,0.20,0.35,0.30,,0.30,0.35,0.45,0.40,0.50,0.85,0.40,0.45,,0.45,,,0.50,,0.40,,0.30,0.50,,0.30,0.40,0.30,0.20,0.40,0.53,0.40,0.35,0.45,0.10,0.30,0.40,0.60,0.20,0.40,0.30,0.45,0.60,0.20,0.50,0.25,,,,0.40,,