date,hour,type,北京,天津,石家庄,唐山,秦皇岛,邯郸,保定,张家口,承德,廊坊,沧州,衡水,邢台,太原,呼和浩特,沈阳,大连,长春,哈尔滨,上海,南京,苏州,南通,连云港,徐州,扬州,无锡,常州,镇江,泰州,淮安,盐城,宿迁,杭州,宁波,温州,绍兴,湖州,嘉兴,台州,舟山,金华,衢州,丽水,合肥,福州,厦门,南昌,济南,青岛,郑州,武汉,长沙,广州,深圳,珠海,佛山,中山,江门,东莞,惠州,肇庆,南宁,海口,重庆,成都,贵阳,昆明,拉萨,西安,兰州,西宁,银川,乌鲁木齐,湘潭,株洲,包头,鄂尔多斯,营口,丹东,盘锦,葫芦岛,泉州,临沂,德州,聊城,滨州,淄博,枣庄,烟台,潍坊,济宁,泰安,日照,威海,东营,韶关,汕头,湛江,茂名,梅州,汕尾,河源,阳江,清远,潮州,揭阳,云浮,玉溪,菏泽,大同,长治,临汾,阳泉,赤峰,鞍山,抚顺,本溪,锦州,吉林,齐齐哈尔,牡丹江,大庆,芜湖,马鞍山,九江,洛阳,安阳,开封,焦作,平顶山,三门峡,宜昌,荆州,岳阳,常德,张家界,桂林,北海,柳州,三亚,绵阳,宜宾,攀枝花,泸州,自贡,德阳,南充,遵义,曲靖,咸阳,铜川,延安,宝鸡,渭南,金昌,嘉峪关,石嘴山,克拉玛依,巴音郭楞州,寿光,章丘,即墨,胶南,胶州,莱西,平度,蓬莱,招远,莱州,荣成,文登,乳山,吴江,昆山,常熟,张家港,太仓,句容,江阴,宜兴,金坛,溧阳,海门,临安,富阳,义乌,诸暨,瓦房店,信阳,周口,漳州,晋城,朔州,晋中,运城,忻州,吕梁,乌海,通辽,呼伦贝尔,巴彦淖尔,乌兰察布,兴安盟,锡林郭勒盟,阿拉善盟,阜新,辽阳,铁岭,朝阳,四平,辽源,通化,白山,松原,白城,延边朝鲜族自治州,鸡西,鹤岗,双鸭山,伊春,佳木斯,七台河,黑河,绥化,大兴安岭地区,蚌埠,淮南,淮北,铜陵,安庆,黄山,滁州,阜阳,宿州,六安,亳州,池州,宣城,莆田,三明,南平,龙岩,宁德,景德镇,萍乡,新余,鹰潭,赣州,吉安,宜春,抚州,上饶,鹤壁,新乡,濮阳,许昌,漯河,南阳,商丘,驻马店,黄石,十堰,襄阳,鄂州,荆门,孝感,黄冈,咸宁,随州,恩施土家族苗族自治州,衡阳,邵阳,益阳,郴州,永州,怀化,娄底,湘西州,梧州,防城港,钦州,贵港,玉林,百色,贺州,河池,来宾,崇左,广元,遂宁,内江,乐山,眉山,广安,达州,雅安,巴中,资阳,阿坝藏族羌族自治州,甘孜州,甘孜藏族自治州,凉山彝族自治州,六盘水,安顺,铜仁地区,毕节,黔西南布依族苗族自治州,黔东南苗族侗族自治州,黔东南州,黔南布依族苗族自治州,保山,昭通,丽江,普洱,临沧,楚雄州,红河州,文山州,西双版纳州,大理州,德宏州,怒江州,迪庆州,昌都,山南,日喀则,那曲地区,那曲,阿里地区,林芝,汉中,榆林,安康,商洛,白银,天水,武威,张掖,平凉,酒泉,庆阳,定西,陇南,临夏回族自治州,甘南州,海东地区,海北藏族自治州,黄南藏族自治州,海南藏族自治州,果洛藏族自治州,玉树藏族自治州,海西蒙古族藏族自治州,吴忠,中卫,固原,吐鲁番地区,哈密地区,昌吉州,博尔塔拉蒙古自治州,阿克苏地区,克孜勒苏柯尔克孜自治州,喀什地区,和田地区,伊犁哈萨克州,塔城地区,阿勒泰地区,石河子,五家渠,三沙,兰州新区,赣江新区,儋州,雄安新区,西咸新区
20260407,0,AQI,28,45,65,42,38,79,64,27,25,35,66,52,71,56,24,55,24,39,75,37,54,55,40,36,60,58,54,58,58,54,52,42,67,98,51,55,105,80,75,37,44,59,61,33,62,55,20,53,54,27,66,73,73,38,35,33,35,32,43,31,36,38,65,51,42,30,29,36,31,98,66,58,59,57,63,69,24,40,23,21,24,35,27,35,54,53,32,52,63,21,39,65,39,25,22,24,68,28,42,45,34,26,35,38,45,56,42,42,42,68,23,63,73,70,21,41,64,66,28,36,29,50,33,58,56,81,75,77,65,78,76,61,42,76,59,75,43,15,53,100,45,28,24,32,33,36,51,46,22,38,90,75,63,84,87,36,47,57,51,79,,,,,,,,,,,,,,,,,,,,,,,,,,,,,,63,58,63,81,51,71,71,50,61,53,48,25,49,29,,18,33,31,55,51,28,37,26,35,44,50,26,20,41,21,22,16,18,21,29,56,22,59,65,67,73,63,60,51,73,65,62,59,70,73,15,12,19,37,23,50,21,42,36,18,47,33,35,55,82,69,63,66,72,62,66,63,88,68,102,80,97,69,74,90,57,32,18,31,89,22,23,17,42,13,58,45,54,104,66,94,79,47,106,102,37,20,29,25,32,41,62,14,69,21,28,,24,24,50,49,26,40,80,18,,16,34,33,30,86,50,33,73,61,111,31,61,36,31,25,32,33,39,,39,32,64,34,68,82,62,66,53,64,77,,88,,51,,58,65,44,52,57,31,33,42,59,70,74,55,37,76,170,171,131,205,223,78,26,29,74,68,,,,58,,
20260407,0,PM2.5,4,12,23,18,8,46,16,13,7,6,33,18,37,17,12,7,7,27,55,19,18,32,10,8,28,31,23,25,30,22,27,18,34,61,30,39,79,59,51,24,31,38,43,21,21,30,13,37,21,4,30,50,53,18,15,13,21,18,16,13,18,20,47,32,26,18,17,21,5,42,32,31,22,23,45,50,10,15,7,6,8,14,18,11,23,12,8,20,30,9,14,35,17,3,6,7,49,12,27,21,24,11,18,19,25,32,16,22,28,26,7,25,28,31,5,16,21,17,10,25,20,35,23,39,31,60,32,39,28,36,37,22,26,40,40,55,30,6,33,75,25,13,4,14,21,19,36,32,8,19,43,30,24,37,42,18,18,24,24,33,,,,,,,,,,,,,,,,,,,,,,,,,,,,,,24,23,45,31,13,26,32,17,18,12,13,15,27,8,,3,5,5,12,17,4,26,18,22,8,35,17,7,29,4,5,9,12,9,10,40,11,19,25,34,32,24,38,23,37,39,33,24,37,53,10,6,13,23,15,32,15,20,25,6,26,23,18,34,43,32,29,31,31,25,31,19,48,29,38,54,31,27,54,65,25,14,7,21,66,13,6,9,25,9,41,31,34,78,48,70,58,33,80,61,18,9,15,3,9,29,38,7,50,15,3,,3,9,35,34,10,13,59,6,,10,24,12,13,64,35,20,53,44,84,16,39,25,12,3,10,9,13,,6,3,45,15,32,39,26,29,34,22,39,,37,,22,,18,34,23,31,22,16,3,21,23,32,28,19,22,23,67,109,60,155,116,40,18,3,13,22,,,,41,,
20260407,0,PM2.5_24h,4,7,14,9,5,32,12,9,5,7,15,12,25,13,8,10,7,22,34,37,33,48,40,14,28,40,45,45,45,44,29,34,31,39,22,32,41,49,41,29,18,40,36,27,34,27,19,26,11,8,39,64,32,20,16,13,23,18,17,16,18,30,49,31,28,28,27,18,7,32,32,25,21,17,32,31,11,11,2,10,6,10,25,12,10,21,6,11,16,8,5,16,11,7,4,2,45,17,32,21,20,13,21,14,35,22,25,33,21,30,6,19,21,16,6,11,13,10,10,23,25,35,30,38,40,33,36,31,35,35,37,23,24,41,36,37,23,45,33,54,21,31,35,22,25,30,30,27,22,18,33,28,21,33,37,18,12,22,12,12,,,,,,,,,,,,,,,,,,,,,,,,,,,,,,32,29,32,16,11,16,27,13,13,14,11,12,20,7,,4,9,2,9,9,7,20,12,8,8,49,23,14,30,19,13,22,18,25,21,31,10,38,40,28,37,37,30,38,33,34,43,31,34,40,32,18,14,15,28,25,22,28,24,14,20,23,21,29,35,31,28,37,37,28,30,34,39,31,43,42,44,52,44,43,34,27,22,29,36,25,19,18,24,22,43,35,39,56,43,85,43,73,64,78,26,18,30,22,18,31,46,17,33,25,7,,6,19,34,38,15,25,47,25,,35,25,25,9,53,32,18,41,41,79,20,38,26,11,4,5,3,13,,4,4,37,18,30,29,26,26,27,19,31,,26,,24,,24,24,19,27,26,19,6,16,22,31,24,18,15,16,26,61,42,66,72,25,14,2,13,20,,,,42,,
20260407,0,PM10,28,45,79,42,38,107,78,23,25,35,81,54,92,62,24,59,18,29,63,34,58,59,40,36,70,66,57,66,65,58,53,42,83,146,51,56,144,108,99,37,43,68,71,33,74,60,20,55,58,20,82,95,58,38,35,33,35,32,43,31,36,38,66,51,42,30,29,36,12,146,82,65,67,64,57,71,24,40,23,16,24,35,27,35,58,55,32,54,76,21,39,79,39,25,16,24,70,28,42,45,31,26,35,38,45,62,42,42,42,85,23,75,96,89,15,41,78,82,28,31,29,47,32,65,62,92,99,103,79,105,102,71,42,101,67,59,38,15,55,94,45,28,7,32,33,36,42,44,22,38,130,100,76,117,124,36,47,64,52,107,,,,,,,,,,,,,,,,,,,,,,,,,,,,,,75,66,58,112,52,92,92,50,71,56,48,25,49,29,,18,30,31,59,51,28,29,26,35,44,34,21,16,38,20,19,16,,13,29,44,22,68,79,83,95,75,69,51,95,79,73,67,90,70,15,11,18,37,23,50,17,42,29,16,47,32,35,60,114,88,76,81,93,73,81,75,125,85,153,109,143,87,90,129,64,32,12,31,82,22,14,15,42,13,58,45,57,98,67,91,88,40,107,153,37,20,29,8,32,37,73,14,70,,28,,6,24,47,44,15,40,72,10,,9,34,33,16,106,38,32,73,54,108,31,71,29,16,15,10,18,32,,9,8,77,34,86,113,74,82,56,78,104,,125,,52,,65,80,44,54,64,31,14,42,68,89,97,60,37,101,290,291,211,302,366,105,,17,98,86,,,,59,,
20260407,0,PM10_24h,19,26,59,31,26,80,49,20,27,23,46,48,72,54,17,39,22,24,40,71,89,99,85,52,86,99,106,114,98,96,75,75,82,94,39,41,84,109,87,42,31,77,68,37,85,31,24,38,57,40,127,113,43,36,31,30,38,34,41,30,32,43,66,45,43,43,40,31,11,125,83,58,77,55,42,46,24,40,15,21,18,24,27,61,52,81,46,47,75,28,39,70,51,42,22,31,59,29,48,46,23,31,34,35,51,42,41,56,38,103,20,68,92,76,18,24,53,33,26,29,33,37,40,86,96,57,137,108,113,129,137,75,43,64,61,47,27,73,58,69,43,51,57,38,40,53,36,40,35,35,118,102,78,105,135,54,49,78,59,49,,,,,,,,,,,,,,,,,,,,,,,,,,,,,,92,90,37,89,44,68,98,42,63,59,41,24,45,23,,14,37,22,27,47,23,34,29,42,38,48,28,19,31,32,16,29,19,28,38,38,18,93,96,89,88,71,61,81,87,90,80,87,76,81,36,19,19,18,30,43,27,47,35,22,35,34,38,52,121,116,92,120,118,106,92,112,80,101,128,82,103,127,69,89,85,40,34,31,45,28,37,28,34,27,58,57,64,76,61,98,60,118,88,107,52,31,42,43,49,39,82,31,52,36,24,,10,32,47,49,31,44,52,35,,40,41,50,18,95,40,31,55,60,102,29,54,35,18,7,14,16,21,,11,8,77,49,74,84,70,70,50,63,91,,95,,58,,62,66,47,63,64,50,10,49,86,100,87,54,39,46,114,179,122,153,267,73,52,13,67,64,,,,59,,
20260407,0,SO2,3,7,3,5,7,8,3,2,2,2,6,6,6,9,5,7,5,6,8,5,7,5,4,9,9,6,8,6,5,8,7,6,5,8,5,6,9,6,5,6,5,3,5,5,7,4,2,9,9,6,8,8,5,5,5,4,4,4,6,4,5,10,4,6,8,4,4,5,4,5,5,13,11,8,4,6,6,7,10,5,6,13,2,8,11,7,35,12,13,6,5,5,7,7,3,10,6,6,7,4,7,5,7,5,6,4,4,6,6,10,10,11,10,8,7,14,9,9,14,6,5,3,6,8,7,12,12,5,8,9,7,15,6,8,5,8,10,4,6,7,4,6,6,11,8,5,3,6,5,6,5,3,3,6,6,11,12,13,5,9,,,,,,,,,,,,,,,,,,,,,,,,,,,,,,6,2,3,7,11,11,8,8,6,12,6,5,8,21,,5,8,5,7,10,6,3,4,6,7,2,5,6,5,9,9,4,5,7,5,5,9,6,9,9,10,6,5,7,8,6,6,10,9,8,3,4,3,5,4,4,5,4,6,3,7,6,7,7,9,11,3,6,7,6,6,5,10,7,11,9,7,4,6,6,5,7,5,8,7,5,3,5,4,4,8,7,8,12,19,13,8,5,5,5,6,7,7,3,7,7,6,7,8,3,6,,5,4,6,9,3,10,13,3,,4,6,6,7,7,11,6,5,6,10,3,5,7,6,7,9,8,5,,8,6,8,18,7,7,21,11,11,6,9,,5,,8,,4,11,10,10,11,19,5,14,9,13,5,3,9,7,3,5,7,8,2,8,7,5,10,8,,,,9,,
20260407,0,SO2_24h,3,6,3,4,6,8,3,3,3,3,5,5,6,7,6,7,6,6,8,7,9,8,7,9,12,8,9,10,8,11,7,8,6,8,6,5,8,8,8,6,6,4,6,4,7,4,2,7,7,7,8,9,4,5,5,4,5,4,6,4,5,9,5,6,8,4,4,4,4,7,8,13,13,8,4,5,10,7,9,5,7,11,3,10,12,12,11,10,10,6,5,4,7,12,3,6,10,6,6,5,7,6,6,5,5,4,7,7,6,7,7,11,9,8,6,12,9,8,16,6,5,4,6,10,14,8,14,6,10,12,9,15,6,7,6,8,10,11,7,7,4,7,6,10,8,7,3,5,7,6,7,4,3,7,9,14,12,15,6,9,,,,,,,,,,,,,,,,,,,,,,,,,,,,,,7,3,3,9,5,11,9,8,7,16,6,5,9,6,,5,8,6,7,9,8,3,5,7,7,2,4,6,5,9,8,4,5,7,7,5,8,7,9,10,14,7,5,10,8,7,6,9,7,7,5,4,3,4,4,4,7,5,18,4,8,7,10,10,10,11,6,9,8,7,5,7,12,8,12,13,7,8,9,7,6,8,6,9,5,12,4,5,5,4,9,8,7,13,12,19,8,6,8,7,10,7,8,4,8,7,6,6,8,3,6,,6,5,7,9,4,10,7,3,,6,6,7,8,7,10,5,5,7,11,3,6,7,6,7,9,7,7,,8,6,6,22,8,9,13,12,11,6,9,,7,,8,,5,14,10,11,15,16,6,15,9,13,5,4,10,7,3,5,12,5,4,8,6,5,12,9,,,,8,,
20260407,0,NO2,5,14,24,11,26,31,24,4,9,6,41,28,26,28,11,14,13,9,21,11,25,16,9,27,24,15,19,18,16,11,20,12,24,14,11,48,17,11,12,28,14,38,44,25,22,30,16,17,33,10,15,20,12,25,17,4,15,5,10,12,13,11,9,12,26,22,8,13,5,68,50,19,36,54,11,18,29,23,15,11,26,33,17,16,20,27,22,45,22,23,21,35,23,14,16,21,25,9,18,7,22,3,13,3,29,34,19,14,21,20,7,19,39,19,10,20,35,29,10,8,10,10,8,15,14,51,25,20,29,16,26,24,26,29,30,20,16,7,8,15,9,20,5,12,13,10,37,18,7,11,78,24,55,20,62,15,14,41,3,74,,,,,,,,,,,,,,,,,,,,,,,,,,,,,,16,20,29,30,14,51,47,25,42,65,10,8,7,7,,29,6,11,15,38,12,14,7,8,7,8,7,9,6,7,5,5,10,7,5,15,11,22,20,20,34,10,11,18,27,19,21,16,30,14,17,12,12,9,23,25,6,14,24,8,13,19,5,27,23,27,20,23,28,17,18,17,30,16,40,16,13,14,20,18,26,8,6,5,7,8,9,5,15,8,20,10,20,24,20,10,27,3,10,10,33,14,11,7,17,9,37,6,24,10,5,,9,8,10,7,7,6,19,4,,4,5,9,7,15,10,6,9,11,17,8,18,12,5,11,1,4,4,,3,2,31,37,18,19,25,36,8,9,38,,22,,13,,47,4,4,2,25,1,15,2,30,32,62,22,31,34,24,63,59,81,20,80,10,4,13,11,,,,6,,
20260407,0,NO2_24h,7,13,14,6,11,18,14,5,7,6,18,21,18,17,6,14,12,11,17,23,33,33,24,20,22,30,29,24,29,26,17,16,17,23,24,30,21,29,23,25,25,32,27,15,25,19,16,14,20,17,16,45,11,21,12,4,17,5,11,13,13,22,8,7,21,18,10,8,7,36,27,17,24,21,15,15,14,17,12,11,17,21,16,17,17,23,16,21,15,18,15,18,12,16,13,12,25,11,15,7,15,5,12,4,27,17,16,17,13,19,8,19,18,26,8,16,16,14,14,10,9,13,10,31,34,30,22,16,22,16,17,22,26,25,23,11,13,16,10,15,6,20,11,15,16,9,18,16,9,9,28,19,28,17,30,17,17,22,11,16,,,,,,,,,,,,,,,,,,,,,,,,,,,,,,12,17,21,15,13,26,28,16,25,26,8,9,9,5,,12,5,7,12,11,12,10,6,8,8,7,9,9,12,10,12,9,11,15,10,15,4,25,23,18,23,20,11,17,17,17,19,17,21,15,16,13,9,6,24,14,8,15,12,12,13,13,5,18,17,17,21,21,21,17,17,14,24,13,20,29,15,17,22,15,23,17,9,11,6,8,12,8,11,13,19,13,11,20,13,14,17,7,11,15,30,15,13,18,21,11,36,8,18,9,6,,8,11,11,6,10,7,8,7,,7,6,12,8,16,8,7,7,12,17,7,13,11,6,6,3,5,9,,5,4,23,31,16,21,16,25,17,11,17,,12,,16,,16,8,2,3,10,2,11,5,22,24,22,16,21,16,12,28,14,24,8,24,10,5,17,14,,,,6,,
20260407,0,O3,80,75,69,46,55,67,63,87,64,79,47,75,61,61,62,67,76,68,43,118,82,112,113,68,69,91,103,94,96,100,75,96,65,98,108,7,110,110,106,12,79,5,8,5,78,22,26,64,68,87,100,74,48,16,26,39,27,43,33,34,28,40,73,40,17,40,58,95,99,16,36,73,59,63,57,46,54,67,62,68,43,47,20,75,87,73,60,33,80,67,61,63,66,77,71,70,14,33,31,44,,43,33,54,12,9,23,32,81,81,69,102,45,85,68,57,29,47,79,70,61,75,60,91,97,27,81,74,68,91,74,46,,55,20,19,9,49,72,46,62,28,76,87,47,43,15,18,56,94,9,44,5,51,14,78,84,34,106,11,,,,,,,,,,,,,,,,,,,,,,,,,,,,,,83,82,2,80,53,34,33,72,32,15,68,62,88,72,,26,106,65,59,26,69,55,65,88,76,58,84,64,68,67,70,45,58,67,80,57,55,81,75,84,61,86,54,86,68,76,62,74,70,93,18,38,32,49,11,7,61,52,28,56,46,39,67,13,81,67,81,71,75,82,81,84,27,65,48,54,106,86,51,17,73,17,59,87,38,31,73,54,67,31,24,71,53,57,61,136,10,53,75,68,32,41,52,80,46,47,3,43,13,50,63,,76,73,91,67,83,63,77,59,,50,94,82,96,100,78,107,123,128,78,92,54,72,99,81,103,105,126,,124,103,31,60,46,107,67,57,94,92,38,,81,,44,,27,74,75,90,51,75,104,130,59,60,32,62,54,62,60,38,38,4,68,6,70,93,98,76,,,,99,,
20260407,0,O3_24h,80,75,69,46,55,67,63,87,64,79,47,75,61,61,62,67,76,68,43,118,82,112,113,68,69,91,103,94,96,100,75,96,65,98,108,7,110,110,106,12,79,5,8,5,78,22,26,64,68,87,100,74,48,16,26,39,27,43,33,34,28,40,73,40,17,40,58,95,99,16,36,73,59,63,57,46,54,67,62,68,43,47,20,75,87,73,60,33,80,67,61,63,66,77,71,70,14,33,31,44,,43,33,54,12,9,23,32,81,81,69,102,45,85,68,57,29,47,79,70,61,75,60,91,97,27,81,74,68,91,74,46,,55,20,19,9,49,72,46,62,28,76,87,47,43,15,18,56,94,9,44,5,51,14,78,84,34,106,11,,,,,,,,,,,,,,,,,,,,,,,,,,,,,,83,82,2,80,53,34,33,72,32,15,68,62,88,72,,26,106,65,59,26,69,55,65,88,76,58,84,64,68,67,70,45,58,67,80,57,55,81,75,84,61,86,54,86,68,76,62,74,70,93,18,38,32,49,11,7,61,52,28,56,46,39,67,13,81,67,81,71,75,82,81,84,27,65,48,54,106,86,51,17,73,17,59,87,38,31,73,54,67,31,24,71,53,57,61,136,10,53,75,68,32,41,52,80,46,47,3,43,13,50,63,,76,73,91,67,83,63,77,59,,50,94,82,96,100,78,107,123,128,78,92,54,72,99,81,103,105,126,,124,103,31,60,46,107,67,57,94,92,38,,81,,44,,27,74,75,90,51,75,104,130,59,60,32,62,54,62,60,38,38,4,68,6,70,93,98,76,,,,99,,
20260407,0,O3_8h,88,94,94,89,84,128,99,92,89,95,105,104,113,106,97,86,88,67,63,149,113,163,132,108,119,117,141,122,120,119,105,122,115,146,96,68,128,165,173,74,98,79,96,85,110,82,51,79,108,96,161,63,65,49,49,53,57,57,62,59,52,65,118,102,46,65,74,114,124,110,106,115,112,128,67,73,109,106,87,86,88,85,57,120,107,127,112,116,132,97,102,118,109,102,94,105,40,56,102,65,37,53,52,58,24,54,49,91,122,130,98,114,118,100,85,82,88,83,90,77,75,80,68,111,118,99,129,127,128,124,120,113,12,56,58,65,48,58,93,79,74,55,86,109,64,83,69,51,56,115,107,103,104,104,106,117,114,101,130,112,,,,,,,,,,,,,,,,,,,,,,,,,,,,,,114,109,53,131,93,108,123,95,97,97,81,82,112,94,,84,106,88,84,81,88,79,82,88,84,71,87,89,77,75,61,64,64,68,84,65,88,103,89,123,122,113,103,103,111,111,100,112,122,140,75,55,78,68,75,78,77,75,85,54,64,74,77,75,124,127,143,109,116,118,119,111,63,127,108,58,113,91,67,63,111,11,57,76,73,43,69,58,76,40,78,84,93,109,106,164,66,72,114,169,61,64,71,78,65,61,25,59,71,64,82,,94,112,103,100,65,91,118,51,,47,119,108,110,148,123,111,134,136,151,99,115,104,107,120,119,126,128,,131,108,90,110,87,109,103,107,108,116,104,,118,,65,,96,122,127,122,120,97,132,139,117,103,106,115,113,122,123,121,115,110,106,99,95,96,126,118,,,,116,,
20260407,0,O3_8h_24h,83,83,86,70,70,109,83,88,82,87,87,87,96,85,81,67,83,60,53,126,98,122,122,87,98,101,109,105,106,107,88,109,90,132,81,31,120,139,142,31,65,41,55,29,91,40,32,59,86,86,124,63,55,33,34,42,39,44,43,45,38,53,99,70,32,46,65,106,110,75,86,95,92,111,54,44,88,93,79,69,55,62,26,94,96,101,87,79,108,83,78,89,84,87,81,91,26,38,56,46,12,50,42,52,20,28,35,61,109,103,82,97,93,91,75,61,59,59,74,69,70,73,60,97,106,57,107,110,97,106,95,75,5,50,34,38,24,51,86,67,73,39,79,98,50,61,44,28,49,108,70,69,45,79,59,97,99,70,123,81,,,,,,,,,,,,,,,,,,,,,,,,,,,,,,102,94,12,125,80,75,86,84,64,57,76,71,98,81,,57,103,78,65,48,74,59,67,86,82,63,87,71,71,73,61,53,58,67,80,56,73,90,75,106,94,105,80,94,86,94,81,96,103,118,24,44,45,55,22,31,62,52,54,54,53,47,66,43,103,102,116,77,95,94,94,100,36,98,80,44,112,90,54,30,87,9,52,76,56,38,69,46,76,39,50,74,69,89,97,142,37,61,100,141,55,51,56,76,53,55,13,47,43,57,71,,84,96,96,89,65,75,103,46,,46,109,89,103,121,107,109,131,133,110,97,80,91,99,109,105,118,124,,119,97,64,85,57,101,89,94,99,108,82,,103,,56,,78,,113,111,96,88,124,129,92,87,79,90,87,101,111,95,96,86,96,84,89,94,116,106,,,,105,,
20260407,0,CO,0.25,0.41,0.42,0.58,0.30,0.57,0.26,0.23,0.20,0.25,0.47,0.35,0.53,0.50,0.38,0.43,0.36,0.40,0.48,0.48,0.62,0.72,0.50,0.46,0.44,0.60,0.97,0.67,0.56,0.63,0.36,0.46,0.38,0.77,0.51,0.80,0.74,0.82,0.57,0.63,0.50,0.87,0.70,0.65,0.49,0.63,0.33,0.68,0.48,0.40,0.51,0.67,0.67,0.64,0.49,0.47,0.47,0.25,0.33,0.53,0.55,0.47,0.59,0.52,0.67,0.50,0.43,0.46,0.23,0.74,0.53,0.55,0.44,0.56,0.48,0.73,0.43,0.42,0.38,0.43,0.33,0.40,0.47,0.23,0.40,0.50,0.30,0.52,0.64,0.35,0.32,0.57,0.43,0.44,0.33,0.43,1.07,0.57,0.67,0.67,0.85,0.35,0.45,0.53,0.60,1.80,0.90,0.55,0.50,0.80,0.40,0.53,0.65,0.62,0.36,0.98,0.67,0.80,0.46,0.58,0.36,0.43,0.27,0.60,0.50,1.08,0.54,0.40,0.55,0.80,0.57,0.47,0.53,0.67,0.85,1.07,0.60,0.80,0.68,1.09,0.50,0.52,0.55,0.90,0.80,0.33,0.63,0.30,0.53,0.42,0.70,0.55,0.65,0.52,0.65,0.40,0.53,0.56,0.38,0.60,,,,,,,,,,,,,,,,,,,,,,,,,,,,,,0.32,0.40,0.90,0.43,0.50,0.40,0.60,0.43,0.43,0.40,0.50,0.20,0.40,0.37,,0.25,0.50,0.28,0.53,0.45,0.40,0.30,0.30,0.45,0.60,0.30,0.10,0.27,0.23,0.30,0.27,0.33,0.30,0.43,0.25,0.40,0.45,0.33,0.44,0.40,0.80,0.38,0.60,0.35,0.52,0.30,0.42,0.27,0.88,0.37,0.60,0.77,0.65,0.70,0.95,0.90,0.50,0.65,0.60,0.82,0.95,0.70,0.78,1.00,0.74,0.65,0.55,0.47,0.56,0.57,0.40,0.33,0.97,0.67,0.74,0.80,0.60,0.50,0.40,1.20,0.73,0.50,0.72,0.65,0.70,0.55,0.50,0.30,0.95,0.50,0.35,0.63,0.68,1.00,0.83,1.00,0.93,0.80,1.10,0.80,0.60,0.40,0.43,0.38,0.50,0.65,0.63,0.30,0.85,0.45,0.40,,0.20,0.50,0.47,0.63,0.25,0.50,0.65,0.60,,0.70,0.30,0.40,0.45,0.85,0.50,0.50,0.50,0.40,0.70,0.40,0.70,0.30,0.35,0.30,0.25,0.35,0.50,,0.45,0.50,0.63,0.43,0.50,0.55,0.55,0.50,0.30,0.25,0.65,,0.40,,0.50,,0.50,0.50,0.40,0.30,0.50,0.40,0.50,0.30,0.40,1.10,0.45,0.35,0.20,0.30,0.25,0.85,0.20,1.45,0.60,1.10,0.30,0.10,0.35,0.35,,,,0.60,,
20260407,0,CO_24h,0.26,0.34,0.32,0.31,0.25,0.45,0.26,0.30,0.20,0.20,0.30,0.33,0.45,0.40,0.28,0.47,0.36,0.40,0.48,0.65,0.78,0.91,0.73,0.50,0.52,0.66,0.97,0.79,0.70,0.75,0.42,0.62,0.43,0.72,0.60,0.63,0.55,0.90,0.65,0.60,0.55,0.77,0.60,0.60,0.67,0.53,0.43,0.60,0.50,0.44,0.51,1.07,0.63,0.69,0.51,0.47,0.53,0.30,0.37,0.60,0.60,0.67,0.67,0.53,0.62,0.51,0.47,0.44,0.25,0.53,0.50,0.70,0.42,0.39,0.42,0.58,0.49,0.30,0.42,0.40,0.27,0.40,0.63,0.30,0.48,0.60,0.28,0.47,0.50,0.35,0.25,0.40,0.42,0.58,0.27,0.43,1.07,0.65,0.70,0.67,0.75,0.40,0.55,0.53,0.80,0.80,0.87,0.70,0.40,0.70,0.41,0.50,0.50,0.46,0.34,0.88,0.55,0.72,0.42,0.60,0.42,0.53,0.30,0.83,0.93,0.74,0.56,0.40,0.62,0.67,0.52,0.43,0.50,0.70,0.90,1.02,0.60,0.93,0.72,0.91,0.45,0.63,0.70,0.80,0.77,0.47,0.57,0.30,0.68,0.55,0.50,0.45,0.45,0.46,0.55,0.50,0.50,0.68,0.44,0.30,,,,,,,,,,,,,,,,,,,,,,,,,,,,,,0.43,0.40,0.70,0.63,0.33,0.35,0.70,0.33,0.37,0.53,0.47,0.20,0.40,0.28,,0.20,0.50,0.28,0.50,0.35,0.50,0.33,0.30,0.35,0.70,0.35,0.20,0.30,0.27,0.30,0.37,0.40,0.35,0.53,0.30,0.35,0.35,0.48,0.52,0.45,0.80,0.58,0.50,0.45,0.50,0.40,0.50,0.33,0.83,0.37,0.70,0.90,0.55,0.75,0.75,0.57,0.67,0.60,0.55,0.82,0.95,0.70,0.88,0.70,0.68,0.67,0.55,0.45,0.54,0.55,0.40,0.40,0.83,0.63,0.74,0.90,0.60,0.80,0.50,0.90,0.83,0.65,0.87,0.95,0.90,0.65,0.63,0.35,0.60,0.55,0.45,0.63,0.65,1.00,0.77,1.10,0.80,1.00,0.95,1.00,0.80,0.50,0.50,0.57,0.60,0.67,0.63,0.40,0.70,0.50,0.40,,0.25,0.50,0.60,0.67,0.35,0.45,0.55,0.60,,0.75,0.40,0.40,0.50,0.75,0.45,0.50,0.40,0.40,0.65,0.40,0.65,0.35,0.40,0.30,0.20,0.30,0.50,,0.45,0.50,0.53,0.50,0.50,0.45,0.50,0.35,0.40,0.30,0.45,,0.30,,0.55,,0.40,0.60,0.40,0.20,0.30,0.40,0.40,0.40,0.43,0.50,0.40,0.40,0.30,0.30,0.20,0.65,0.15,0.50,0.30,0.60,0.50,,0.40,0.55,,,,0.60,,
20260407,1,AQI,25,35,63,40,26,65,64,27,26,34,78,53,62,63,24,50,23,33,74,36,55,46,40,36,60,58,48,59,57,53,50,41,64,93,46,51,96,69,55,37,40,54,54,35,61,45,21,58,54,27,66,72,80,37,33,34,34,27,39,30,38,39,69,50,42,26,25,39,31,98,66,54,54,61,70,71,25,47,25,21,23,30,30,34,53,53,32,49,62,22,39,69,52,27,23,22,65,28,42,45,34,28,32,42,43,58,36,41,46,71,20,64,73,69,22,40,61,61,25,37,29,42,30,56,56,81,73,71,68,78,82,59,39,76,58,70,41,20,57,70,51,27,24,38,29,28,56,41,20,39,88,71,62,79,84,44,43,56,54,78,,,,,,,,,,,,,,,,,,,,,,,,,,,,,,62,55,64,78,41,81,71,51,56,57,49,20,46,24,,20,34,27,51,49,23,31,23,39,32,49,25,24,36,22,27,15,19,21,26,54,23,60,61,67,71,59,60,50,70,64,61,63,70,78,17,13,22,49,23,50,19,40,43,17,50,33,33,51,82,71,65,65,68,60,64,60,88,65,99,77,99,67,69,89,56,27,20,35,95,15,24,24,40,14,63,49,57,104,57,91,65,47,110,84,41,22,25,26,29,44,61,13,64,23,27,,22,23,44,41,25,35,75,19,,16,29,32,30,79,46,37,76,68,106,27,60,36,30,23,33,33,37,,39,33,59,39,65,82,58,64,56,67,74,,81,,52,,63,54,45,46,52,27,28,41,57,72,64,48,26,64,193,210,127,214,270,96,19,29,86,82,,,,56,,
20260407,1,PM2.5,3,11,27,17,9,38,9,7,10,7,20,23,26,24,10,5,7,23,54,16,22,23,10,9,28,29,18,25,32,21,27,15,33,57,26,36,72,47,28,25,27,33,34,22,20,24,14,41,23,4,33,43,59,18,14,13,21,19,16,13,18,21,50,32,25,18,15,21,5,40,34,30,21,24,51,52,11,16,7,5,8,6,19,9,23,17,8,21,28,7,13,34,26,3,6,4,47,11,25,21,23,11,19,19,23,32,16,21,32,32,7,28,41,28,6,15,15,14,9,26,20,26,17,38,30,60,32,38,29,34,37,20,22,38,41,51,29,6,39,51,23,10,3,18,17,11,40,27,6,23,40,30,22,35,40,10,16,23,15,35,,,,,,,,,,,,,,,,,,,,,,,,,,,,,,27,19,46,26,8,33,33,22,16,16,16,13,18,10,,7,3,3,6,11,4,22,16,27,14,34,17,7,25,7,5,10,13,7,12,38,11,19,23,30,33,25,38,27,33,42,32,30,39,57,5,5,15,23,12,35,13,19,30,4,30,20,17,31,47,36,32,34,33,23,33,17,54,25,42,46,32,26,49,63,25,14,6,19,71,6,6,12,28,9,45,32,35,78,38,68,47,33,83,62,18,11,11,3,5,31,40,7,46,16,3,,3,9,31,29,11,16,55,5,,3,20,10,9,58,32,26,56,49,80,17,35,25,12,3,5,5,9,,6,3,40,18,32,38,29,30,40,19,35,,37,,15,,21,31,21,26,22,12,3,20,21,35,23,13,14,19,56,153,67,156,123,46,10,3,28,26,,,,40,,
20260407,1,PM2.5_24h,4,7,15,9,5,31,12,9,5,7,16,12,24,13,8,10,7,22,35,36,33,47,39,13,26,40,44,44,44,43,28,33,29,40,22,32,43,49,41,28,18,40,36,26,33,26,18,26,11,8,38,63,34,20,16,13,22,18,17,16,18,29,49,31,27,27,26,18,6,33,32,25,21,17,33,32,12,11,2,9,6,10,25,12,11,21,6,12,15,7,5,15,11,7,3,2,44,16,32,21,20,12,21,15,35,22,25,31,21,30,6,18,22,17,6,11,13,10,10,23,25,35,30,38,39,35,36,31,34,35,37,23,24,42,36,37,23,43,33,55,21,31,33,21,24,28,30,27,21,18,32,29,20,33,37,17,12,23,12,13,,,,,,,,,,,,,,,,,,,,,,,,,,,,,,32,30,32,16,11,17,26,14,13,14,11,12,20,7,,4,8,2,9,9,7,19,12,9,8,49,21,13,30,19,13,22,18,25,20,32,10,37,39,28,37,36,30,37,32,33,43,30,34,41,31,17,14,14,27,25,20,28,25,13,20,23,21,29,35,31,28,36,37,26,30,33,41,30,43,43,44,51,45,44,33,26,21,28,38,24,18,17,24,21,43,34,39,57,43,85,43,71,65,78,26,17,28,21,17,31,47,16,33,24,7,,6,19,33,38,15,25,47,23,,33,25,24,9,53,32,19,41,41,79,19,38,26,11,4,5,3,13,,4,4,37,19,31,30,26,26,27,19,31,,27,,24,,23,24,19,27,26,19,6,16,22,31,23,18,15,15,27,65,43,68,74,26,14,2,14,20,,,,42,,
20260407,1,PM10,21,35,76,40,26,80,78,24,26,34,106,56,73,76,24,50,18,29,63,31,59,46,40,36,70,65,48,68,63,55,50,41,78,136,46,51,134,87,60,37,40,58,57,35,72,45,21,57,58,18,82,93,64,37,33,34,34,26,39,30,38,39,63,50,42,22,25,39,12,146,81,58,58,71,68,72,25,47,25,16,23,30,30,34,55,55,32,49,73,21,39,88,54,27,15,21,66,28,42,45,34,28,32,42,43,66,36,41,40,92,19,77,96,88,10,40,72,72,24,31,29,42,30,62,61,93,96,91,85,105,114,67,39,101,66,59,39,17,64,78,51,27,6,38,29,28,43,41,20,39,126,92,73,108,117,44,43,61,58,106,,,,,,,,,,,,,,,,,,,,,,,,,,,,,,73,60,60,106,41,112,91,51,61,64,49,20,46,24,,20,23,27,51,49,23,31,19,27,32,40,23,24,35,22,27,15,,12,26,41,23,69,72,84,92,68,70,50,89,78,72,75,90,75,17,8,22,49,23,45,16,40,33,16,50,33,33,52,113,92,80,79,85,69,78,70,125,79,147,104,147,84,88,127,62,27,16,35,89,15,13,24,38,14,63,49,64,98,64,92,72,33,114,89,41,22,25,10,29,37,71,13,64,20,27,,8,23,44,40,15,35,71,,,7,26,32,16,102,29,36,77,53,94,27,70,31,15,17,7,12,19,,13,7,68,39,80,113,65,77,60,83,97,,111,,54,,75,57,45,46,53,27,17,37,64,94,78,48,26,78,336,357,203,360,399,142,15,18,121,114,,,,57,,
20260407,1,PM10_24h,19,27,60,31,26,76,50,21,27,23,49,48,70,55,18,40,21,24,42,70,87,97,84,50,83,97,105,111,96,93,73,71,78,95,39,41,86,108,87,41,31,75,66,37,85,30,23,39,56,39,124,113,44,37,31,31,38,34,41,31,32,42,66,45,42,41,38,32,11,126,83,59,75,56,43,46,24,41,15,20,19,24,28,59,52,79,45,47,73,27,38,68,49,40,20,29,59,29,48,46,24,31,35,36,50,44,42,55,38,100,20,67,90,76,18,24,55,35,26,29,32,38,40,85,93,58,135,104,110,126,135,75,43,67,61,47,27,70,58,70,43,50,53,38,39,50,36,39,34,35,119,104,74,106,137,53,50,78,60,51,,,,,,,,,,,,,,,,,,,,,,,,,,,,,,92,88,38,88,44,70,97,43,62,59,41,24,46,23,,15,35,22,28,49,23,34,28,42,39,47,26,19,31,32,16,29,19,27,37,38,19,91,95,88,89,70,61,80,87,88,79,84,76,80,35,18,19,19,29,43,26,48,34,21,35,34,37,50,118,112,90,117,117,104,89,111,84,100,130,84,105,125,71,92,84,39,33,30,47,27,35,27,34,26,58,56,64,78,61,98,61,115,89,107,52,30,39,39,46,38,82,29,52,33,24,,10,31,47,49,31,43,52,32,,38,40,49,18,95,40,31,56,59,101,29,54,35,18,7,14,16,21,,11,8,77,49,75,85,70,70,50,63,92,,96,,55,,61,66,46,61,63,50,10,48,84,98,86,54,38,46,122,188,125,159,269,75,48,13,69,66,,,,59,,
20260407,1,SO2,3,7,3,4,10,9,3,2,2,2,6,8,5,8,5,7,6,6,8,6,7,6,4,8,9,6,7,8,5,8,6,6,5,8,5,6,8,6,5,6,5,3,5,4,7,4,2,9,10,6,8,8,4,5,5,4,4,4,6,4,5,9,4,6,8,4,5,5,4,5,4,10,8,8,4,6,10,8,9,10,5,12,3,9,12,6,29,12,12,6,5,4,9,6,4,7,6,6,6,4,7,6,7,5,6,4,6,7,9,13,6,12,7,9,6,14,9,8,19,5,5,3,6,7,7,9,13,4,8,9,7,16,6,6,5,8,10,4,6,9,4,6,6,18,8,6,3,5,6,6,5,3,2,6,6,9,13,20,5,10,,,,,,,,,,,,,,,,,,,,,,,,,,,,,,5,3,3,6,19,12,9,8,5,15,4,6,8,9,,4,8,5,6,10,7,4,4,6,7,2,5,8,5,9,8,4,5,7,5,5,8,5,8,10,10,6,5,9,9,6,6,10,10,8,3,3,3,4,4,4,5,4,7,3,7,6,8,7,9,11,4,7,9,6,7,5,8,7,11,9,7,4,6,6,6,7,5,8,7,5,3,5,4,4,8,7,7,13,10,13,7,5,6,6,5,7,7,3,7,7,6,7,8,3,5,,5,3,5,14,3,10,10,3,,4,6,6,8,7,10,6,9,7,10,3,5,7,6,7,8,9,5,,8,6,8,32,6,7,75,13,11,6,8,,4,,8,,4,9,8,10,12,16,5,15,7,10,5,3,8,8,3,6,20,6,2,8,7,5,11,11,,,,10,,
20260407,1,SO2_24h,3,5,3,4,7,8,3,3,3,3,5,6,6,7,6,7,6,6,8,7,9,8,7,9,12,8,9,10,8,11,7,7,6,8,6,5,8,8,8,6,6,4,6,4,7,4,2,7,7,7,8,9,4,5,5,4,5,4,6,4,5,9,5,6,8,4,4,4,4,7,8,13,13,8,4,5,10,7,10,5,7,11,3,10,12,12,12,10,10,6,5,4,7,11,3,6,10,6,6,5,7,6,6,5,5,4,7,7,6,8,7,11,9,8,6,12,9,8,17,6,5,4,6,10,14,8,14,6,10,12,9,15,6,7,6,8,10,11,7,7,4,7,6,10,8,7,3,5,7,6,7,4,3,7,9,14,12,16,6,9,,,,,,,,,,,,,,,,,,,,,,,,,,,,,,7,3,3,9,6,11,9,8,7,17,6,6,9,6,,5,8,6,7,9,8,4,5,7,8,2,4,6,5,9,8,4,5,7,6,5,8,7,9,10,14,7,5,10,8,7,6,9,7,7,5,4,3,4,4,4,7,5,18,4,8,7,10,10,10,11,6,9,9,7,5,7,12,8,12,13,7,8,9,7,6,8,6,9,5,12,4,5,5,4,9,7,7,13,12,18,8,6,8,7,10,7,8,4,8,7,6,6,8,3,6,,6,5,7,9,4,10,7,3,,6,6,7,8,7,10,5,6,7,11,3,6,7,6,7,9,7,7,,8,6,6,22,9,8,16,12,11,6,9,,6,,8,,5,13,10,11,15,16,6,16,9,13,5,4,10,7,3,5,13,5,4,8,6,5,12,9,,,,8,,
20260407,1,NO2,6,15,24,11,14,26,14,4,10,5,23,30,18,30,8,12,14,7,18,12,25,15,9,27,27,14,16,21,15,11,22,12,22,12,10,48,15,10,9,26,11,31,43,24,22,26,14,12,33,10,18,30,10,27,15,4,16,5,11,11,14,13,8,11,23,18,7,19,5,66,48,12,32,49,11,19,22,42,16,11,23,17,18,17,20,30,23,46,24,21,22,24,21,14,16,19,22,9,16,7,19,4,10,3,29,30,17,15,21,21,8,21,42,21,7,18,24,25,9,8,9,8,11,14,16,39,27,23,29,15,27,22,25,32,29,15,14,5,11,12,9,15,4,13,12,5,35,15,7,12,77,20,48,17,57,13,15,42,3,64,,,,,,,,,,,,,,,,,,,,,,,,,,,,,,20,17,28,37,15,20,42,28,42,56,9,7,6,5,,26,7,8,11,16,8,11,6,9,7,6,7,11,6,6,4,6,10,7,6,15,8,16,19,21,27,10,11,19,23,20,23,28,36,15,13,9,12,4,23,23,6,14,23,7,12,16,5,27,25,30,24,27,25,16,16,14,28,16,39,18,15,14,19,15,22,8,5,5,8,7,7,5,15,6,44,10,20,24,15,10,18,3,10,11,31,12,8,6,13,7,34,6,26,8,4,,11,6,8,7,7,6,15,3,,4,5,14,6,17,9,6,12,14,20,9,12,13,4,12,1,4,8,,3,2,27,54,16,18,36,35,29,8,32,,14,,12,,58,4,3,1,18,1,24,2,29,33,33,19,21,16,25,91,46,81,20,72,9,3,12,17,,,,7,,
20260407,1,NO2_24h,7,13,15,6,11,18,14,5,7,6,18,21,18,18,7,14,12,11,17,23,32,33,23,20,22,28,28,23,29,24,16,15,17,22,24,31,21,28,22,25,25,31,27,16,25,20,16,14,21,17,16,44,11,21,12,4,17,5,10,12,13,21,8,8,21,18,10,8,7,36,27,17,25,22,15,16,14,18,13,11,18,21,17,17,17,23,16,21,15,18,15,18,12,16,13,12,25,11,15,7,15,5,12,4,27,18,16,16,13,19,8,19,19,25,8,16,16,14,15,10,9,13,10,29,32,30,22,16,22,16,17,21,26,26,24,11,13,16,10,15,6,20,11,15,15,9,19,15,9,10,29,19,27,17,30,17,18,23,10,17,,,,,,,,,,,,,,,,,,,,,,,,,,,,,,12,17,21,16,14,26,28,17,26,27,8,9,9,5,,12,5,7,12,12,12,10,6,8,8,7,8,9,12,10,12,9,11,15,10,15,5,23,23,18,23,19,11,17,17,16,18,17,22,14,16,13,10,6,25,14,8,15,13,11,13,14,5,18,17,17,21,21,21,16,16,14,24,13,21,29,15,17,22,15,23,17,9,11,6,7,12,8,11,13,19,13,11,20,13,13,17,7,11,15,30,15,13,17,21,10,36,8,17,9,6,,8,11,11,6,10,7,8,7,,7,6,12,8,16,8,7,7,12,17,8,13,11,6,6,3,5,9,,5,4,23,32,16,19,17,25,16,11,18,,12,,16,,17,8,2,3,11,2,12,5,22,24,22,16,21,15,12,28,15,25,8,26,10,5,16,14,,,,6,,
20260407,1,O3,79,74,64,42,66,64,70,87,56,79,56,68,66,57,64,65,74,69,48,114,77,108,109,63,62,96,104,88,95,95,67,90,64,98,106,6,91,113,113,13,97,5,1,5,74,22,26,70,65,85,94,64,46,12,28,39,24,44,31,33,26,36,74,41,16,42,61,88,99,13,34,71,60,63,53,42,55,44,54,67,48,65,18,66,82,70,57,30,78,71,57,72,69,74,72,70,12,32,31,46,,39,36,54,8,8,23,28,82,74,65,94,29,78,70,58,44,39,80,69,63,76,54,91,92,50,76,59,64,87,73,45,,,16,25,7,63,64,39,58,34,77,86,48,61,14,22,53,92,6,46,8,50,21,88,81,29,102,18,,,,,,,,,,,,,,,,,,,,,,,,,,,,,,57,85,2,53,50,83,33,64,28,21,65,62,83,77,,20,109,68,62,42,72,64,66,90,75,61,79,61,66,65,73,42,54,67,78,52,57,83,73,79,69,81,47,81,70,68,57,53,59,82,26,40,26,56,8,6,55,48,25,53,46,44,67,11,66,61,70,70,80,81,83,89,27,61,31,49,93,84,49,19,73,13,64,86,40,34,76,53,61,29,2,80,54,53,51,130,22,50,69,62,28,40,68,83,55,45,2,42,11,49,58,,71,73,91,63,79,62,80,61,,51,92,74,96,94,77,107,112,98,69,86,63,65,97,75,106,106,117,,124,105,30,39,48,106,42,53,45,91,40,,94,,42,,13,76,76,84,46,70,89,130,53,49,65,66,58,86,59,6,44,2,67,6,60,92,92,56,,,,97,,
20260407,1,O3_24h,79,74,64,42,66,64,70,87,56,79,56,68,66,57,64,65,74,69,48,114,77,108,109,63,62,96,104,88,95,95,67,90,64,98,106,6,91,113,113,13,97,5,1,5,74,22,26,70,65,85,94,64,46,12,28,39,24,44,31,33,26,36,74,41,16,42,61,88,99,13,34,71,60,63,53,42,55,44,54,67,48,65,18,66,82,70,57,30,78,71,57,72,69,74,72,70,12,32,31,46,,39,36,54,8,8,23,28,82,74,65,94,29,78,70,58,44,39,80,69,63,76,54,91,92,50,76,59,64,87,73,45,,,16,25,7,63,64,39,58,34,77,86,48,61,14,22,53,92,6,46,8,50,21,88,81,29,102,18,,,,,,,,,,,,,,,,,,,,,,,,,,,,,,57,85,2,53,50,83,33,64,28,21,65,62,83,77,,20,109,68,62,42,72,64,66,90,75,61,79,61,66,65,73,42,54,67,78,52,57,83,73,79,69,81,47,81,70,68,57,53,59,82,26,40,26,56,8,6,55,48,25,53,46,44,67,11,66,61,70,70,80,81,83,89,27,61,31,49,93,84,49,19,73,13,64,86,40,34,76,53,61,29,2,80,54,53,51,130,22,50,69,62,28,40,68,83,55,45,2,42,11,49,58,,71,73,91,63,79,62,80,61,,51,92,74,96,94,77,107,112,98,69,86,63,65,97,75,106,106,117,,124,105,30,39,48,106,42,53,45,91,40,,94,,42,,13,76,76,84,46,70,89,130,53,49,65,66,58,86,59,6,44,2,67,6,60,92,92,56,,,,97,,
20260407,1,O3_8h,,,,,,,,,,,,,,,,,,,,,,,,,,,,,,,,,,,,,,,,,,,,,,,,,,,,,,,,,,,,,,,,,,,,,,112,,,,,,,,,,,,,,,,,,,,,,,,,,,,,,,,,,,,,,,,,,,,,,,,,,,,,,,,,,,,,,,,,,,,,,,,,,,,,,,,,,,,,,,,,,,,,,,,,,,,,,,,,,,,,,,,,,,,,,,,,,,,,,,,,,,,,,,,,,,,,73,,,,,,,,,,,,,,,,,,,,,,,,,,,,,,,,,,,,,,,,,,,,,,,,,,,,,,,,,,,,,,,,,,,,,,,,,,,,,,,,,,,,,,,,,,,,,,,,,,,,,,,,,,,,,,,,,,,,,,,,,,,,,,,,,,,,,,,,,,,,,,,,,,,,,,,,,,,,,,,,,,,,
20260407,1,O3_8h_24h,,,,,,,,,,,,,,,,,,,,,,,,,,,,,,,,,,,,,,,,,,,,,,,,,,,,,,,,,,,,,,,,,,,,,,,,,,,,,,,,,,,,,,,,,,,,,,,,,,,,,,,,,,,,,,,,,,,,,,,,,,,,,,,,,,,,,,,,,,,,,,,,,,,,,,,,,,,,,,,,,,,,,,,,,,,,,,,,,,,,,,,,,,,,,,,,,,,,,,,,,,,,,,,,,,,,,,,,,,,,,,,,,,,,,,,,,,,,,,,,,,,,,,,,,,,,,,,,,,,,,,,,,,,,,,,,,,,,,,,,,,,,,,,,,,,,,,,,,,,,,,,,,,,,,,,,,,,,,,,,,,,,,,,,,,,,,,,,,,,,,,,,,,,,,,,,,,,,,,,,,,,,,,,,,,,,,,,
20260407,1,CO,0.25,0.43,0.42,0.57,0.25,0.38,0.22,0.27,0.20,0.20,0.45,0.33,0.38,0.48,0.36,0.43,0.38,0.39,0.43,0.46,0.65,0.72,0.50,0.49,0.44,0.58,0.86,0.76,0.58,0.63,0.36,0.48,0.38,0.72,0.49,0.77,0.66,0.77,0.50,0.67,0.55,0.80,0.60,0.65,0.54,0.63,0.33,0.73,0.53,0.40,0.52,0.70,0.67,0.65,0.47,0.47,0.47,0.25,0.30,0.53,0.55,0.50,0.59,0.52,0.62,0.45,0.43,0.45,0.23,0.70,0.53,0.45,0.46,0.58,0.50,0.73,0.44,0.36,0.46,0.40,0.30,0.38,0.50,0.21,0.46,0.47,0.30,0.53,0.64,0.35,0.40,0.53,0.45,0.46,0.33,0.43,0.97,0.55,0.67,0.63,0.85,0.35,0.40,0.50,0.60,1.50,0.83,0.50,0.67,0.80,0.37,0.58,0.73,0.62,0.34,1.00,0.62,0.66,0.46,0.60,0.36,0.43,0.27,0.62,0.50,0.88,0.56,0.38,0.57,0.63,0.58,0.53,0.55,0.70,0.88,1.02,0.60,0.73,0.72,1.17,0.50,0.50,0.53,0.97,0.73,0.40,0.67,0.25,0.53,0.45,0.67,0.50,0.55,0.52,0.65,0.40,0.47,0.68,0.36,0.55,,,,,,,,,,,,,,,,,,,,,,,,,,,,,,0.40,0.40,0.95,0.50,0.33,0.40,0.53,0.40,0.40,0.47,0.53,0.20,0.40,0.33,,0.25,0.50,0.28,0.37,0.35,0.40,0.85,0.30,0.45,0.65,0.35,0.10,0.27,0.20,0.30,0.27,0.30,0.30,0.43,0.25,0.40,0.40,0.35,0.42,0.40,0.65,0.40,0.60,0.40,0.52,0.30,0.42,0.30,1.00,0.40,0.67,0.70,0.65,0.65,0.90,0.87,0.47,0.67,0.50,0.80,0.95,0.70,0.80,0.90,0.80,0.68,0.55,0.45,0.56,0.55,0.40,0.30,1.10,0.60,0.72,0.80,0.60,0.50,0.43,1.20,0.73,0.45,0.80,0.65,0.80,0.55,0.53,0.30,0.60,0.50,0.45,0.63,0.68,1.00,0.77,1.05,0.80,0.80,1.15,0.80,0.60,0.40,0.40,0.40,0.40,0.65,0.63,0.30,0.85,0.40,0.40,,0.20,0.40,0.43,0.63,0.25,0.50,0.65,0.60,,0.65,0.35,0.40,0.45,0.85,0.45,0.50,0.50,0.50,0.70,0.35,0.65,0.25,0.35,0.30,0.25,0.35,0.70,,0.45,0.50,0.63,0.53,0.50,0.55,0.55,0.40,0.40,0.25,0.55,,0.35,,0.50,,0.50,0.50,0.40,0.20,0.30,0.40,0.50,0.30,0.37,1.35,0.35,0.35,0.30,0.25,0.30,1.50,0.20,1.30,0.30,1.00,0.30,0.10,0.35,0.50,,,,0.60,,
20260407,1,CO_24h,0.26,0.35,0.32,0.31,0.25,0.45,0.26,0.30,0.20,0.20,0.33,0.33,0.45,0.40,0.28,0.46,0.36,0.40,0.48,0.65,0.77,0.91,0.72,0.50,0.52,0.64,0.97,0.79,0.70,0.75,0.42,0.58,0.40,0.72,0.60,0.63,0.56,0.90,0.65,0.60,0.55,0.77,0.60,0.60,0.66,0.53,0.43,0.60,0.50,0.44,0.51,1.04,0.64,0.68,0.51,0.47,0.50,0.30,0.37,0.60,0.57,0.67,0.66,0.53,0.62,0.51,0.43,0.44,0.25,0.53,0.53,0.70,0.42,0.39,0.42,0.60,0.49,0.30,0.40,0.40,0.27,0.43,0.63,0.29,0.48,0.57,0.28,0.47,0.50,0.33,0.25,0.40,0.42,0.52,0.23,0.43,1.03,0.63,0.70,0.67,0.80,0.40,0.55,0.53,0.80,0.80,0.87,0.70,0.40,0.70,0.41,0.50,0.53,0.46,0.34,0.88,0.55,0.66,0.44,0.60,0.42,0.53,0.30,0.80,0.93,0.76,0.56,0.40,0.62,0.70,0.52,0.45,0.50,0.70,0.90,1.02,0.60,0.93,0.72,0.93,0.45,0.63,0.70,0.85,0.77,0.47,0.57,0.30,0.68,0.53,0.50,0.45,0.45,0.46,0.60,0.50,0.50,0.68,0.44,0.30,,,,,,,,,,,,,,,,,,,,,,,,,,,,,,0.43,0.40,0.70,0.63,0.33,0.35,0.70,0.33,0.37,0.53,0.47,0.20,0.40,0.28,,0.20,0.50,0.28,0.50,0.35,0.50,0.33,0.30,0.35,0.70,0.35,0.20,0.30,0.27,0.30,0.37,0.40,0.35,0.53,0.30,0.35,0.35,0.48,0.50,0.45,0.80,0.55,0.50,0.45,0.50,0.37,0.45,0.33,0.83,0.37,0.70,0.90,0.55,0.70,0.75,0.60,0.67,0.63,0.55,0.84,0.95,0.70,0.88,0.80,0.68,0.67,0.55,0.45,0.54,0.55,0.40,0.40,0.83,0.63,0.74,0.90,0.60,0.80,0.50,1.00,0.83,0.65,0.87,0.95,0.90,0.65,0.60,0.35,0.60,0.55,0.45,0.63,0.68,1.00,0.77,1.10,0.80,1.00,0.95,1.00,0.80,0.50,0.50,0.55,0.55,0.67,0.63,0.40,0.70,0.50,0.40,,0.25,0.50,0.60,0.67,0.35,0.45,0.55,0.60,,0.75,0.40,0.40,0.50,0.75,0.45,0.50,0.40,0.40,0.65,0.40,0.65,0.35,0.40,0.30,0.20,0.30,0.50,,0.45,0.50,0.57,0.53,0.50,0.45,0.50,0.35,0.40,0.30,0.50,,0.30,,0.55,,0.40,0.60,0.40,0.20,0.30,0.40,0.40,0.40,0.43,0.55,0.40,0.40,0.30,0.30,0.20,0.65,0.15,0.50,0.30,0.60,0.50,,0.40,0.55,,,,0.60,,
20260407,2,AQI,24,32,67,39,23,56,61,26,17,26,51,55,54,67,20,45,23,30,71,35,56,37,43,37,59,56,47,60,56,52,49,39,63,82,42,44,90,63,52,37,35,50,50,33,59,33,26,66,54,25,67,70,86,38,33,34,33,32,36,31,31,39,66,48,43,26,21,37,32,98,64,56,54,63,74,73,24,35,27,20,27,27,27,35,53,54,39,51,60,23,38,64,54,24,21,26,64,28,43,47,35,41,32,41,43,56,42,45,51,69,21,64,63,69,22,37,56,55,23,37,29,39,29,58,56,75,74,73,69,74,70,57,39,71,65,66,41,22,61,58,36,25,24,38,30,23,51,36,18,39,84,68,58,77,80,39,52,47,51,63,,,,,,,,,,,,,,,,,,,,,,,,,,,,,,61,56,60,84,39,76,68,34,49,57,40,19,51,23,,15,34,22,35,36,23,29,23,36,38,44,23,20,31,19,28,14,18,22,24,36,17,60,61,64,70,61,66,51,71,62,59,63,70,79,24,14,26,33,16,44,19,31,37,18,46,28,32,46,88,71,64,63,64,61,60,60,86,63,98,73,88,66,70,88,56,26,18,37,96,12,26,27,49,17,60,51,56,105,58,90,53,40,111,84,45,24,22,25,29,39,56,12,64,28,21,,16,22,46,34,22,39,68,19,,18,29,23,30,84,39,34,76,74,98,29,48,34,31,22,34,33,35,,38,33,60,46,67,80,68,58,64,77,69,,74,,52,,61,51,53,40,50,26,30,51,56,73,60,32,35,62,174,190,119,196,198,98,17,35,166,83,,,,55,,
20260407,2,PM2.5,3,10,29,15,3,35,6,11,5,6,19,22,20,29,8,3,6,21,52,16,24,17,10,9,30,29,16,27,35,22,25,16,32,50,21,31,67,38,25,25,23,28,31,22,20,23,18,48,21,4,34,44,64,19,15,13,21,19,17,13,17,20,48,32,25,17,12,20,5,41,32,31,20,27,54,53,12,13,5,6,9,7,18,11,25,14,8,22,27,7,12,30,32,3,7,3,46,12,24,22,23,10,19,20,23,33,18,22,36,38,7,31,26,28,7,14,10,10,7,26,20,26,14,37,30,55,35,46,29,35,34,22,22,48,47,48,29,3,44,34,23,11,3,18,19,3,36,24,6,24,41,27,19,31,41,13,20,19,14,33,,,,,,,,,,,,,,,,,,,,,,,,,,,,,,30,27,43,29,8,28,28,15,15,9,14,8,18,7,,3,5,3,5,6,5,19,16,25,23,31,16,6,17,8,10,9,9,6,10,25,7,20,24,27,31,26,48,33,35,36,29,36,39,58,8,4,18,23,11,30,13,18,26,8,28,14,16,29,49,38,32,33,32,25,31,20,57,25,35,45,31,27,51,58,24,11,8,20,72,6,10,16,34,11,41,33,39,79,35,67,27,28,84,62,18,13,9,3,5,27,38,5,46,14,3,,3,8,32,24,9,16,49,3,,3,20,11,10,62,27,22,56,54,73,20,30,19,10,3,5,5,13,,7,3,34,20,33,38,28,26,44,24,35,,33,,20,,21,29,23,21,19,10,3,20,20,32,23,11,12,18,45,130,64,121,106,40,3,3,58,27,,,,39,,
20260407,2,PM2.5_24h,4,7,16,9,5,30,12,9,5,7,16,13,24,14,8,9,7,21,36,36,33,46,37,13,24,40,43,44,44,42,27,31,28,41,22,32,44,49,41,28,18,39,36,26,32,26,17,27,11,7,38,62,35,20,16,14,22,18,17,16,18,28,49,31,27,26,25,18,6,33,32,26,21,17,34,33,12,11,3,8,6,11,24,12,12,21,7,12,15,7,6,15,12,7,3,2,44,16,32,21,20,12,21,15,34,23,24,30,22,30,6,18,21,17,6,11,13,10,10,23,25,36,30,37,39,35,35,31,34,35,36,23,24,43,37,38,23,41,33,54,22,29,31,21,23,26,30,27,20,18,33,30,19,33,37,17,13,23,12,14,,,,,,,,,,,,,,,,,,,,,,,,,,,,,,32,29,32,17,11,17,26,14,12,14,11,12,20,7,,4,8,2,9,8,7,19,12,10,9,48,19,13,29,20,13,22,18,24,19,32,10,36,38,27,37,35,31,37,32,33,42,29,35,43,30,16,14,14,27,25,20,28,24,12,20,22,21,29,35,31,27,36,37,25,28,33,43,30,43,44,44,49,46,46,33,26,20,27,39,24,17,17,24,21,44,34,39,58,43,85,43,70,65,78,26,16,27,18,16,30,47,15,34,23,7,,5,18,33,37,15,24,47,21,,31,24,22,8,53,32,18,42,42,78,19,37,25,10,4,5,3,13,,4,4,37,18,31,30,26,25,28,18,32,,27,,24,,23,25,19,26,25,19,6,16,21,31,23,18,15,15,28,69,44,70,76,26,13,2,15,19,,,,42,,
20260407,2,PM10,17,32,84,39,23,61,72,20,14,26,52,60,58,83,17,45,19,24,59,31,61,37,43,37,67,62,47,70,61,54,49,39,75,114,42,43,128,75,54,37,35,50,50,33,68,33,23,63,57,16,83,89,69,38,33,34,33,32,36,31,31,39,64,48,43,26,21,37,9,145,77,62,57,75,71,74,24,35,27,17,27,27,27,35,56,57,39,52,70,17,38,77,58,24,14,26,63,28,43,47,35,41,32,41,43,61,42,45,40,88,21,78,75,88,12,37,61,59,22,29,29,39,29,65,62,97,97,95,88,97,89,64,39,92,67,68,38,11,66,66,36,25,6,38,30,23,50,36,15,39,118,85,66,104,110,39,53,47,52,75,,,,,,,,,,,,,,,,,,,,,,,,,,,,,,71,62,56,118,39,101,85,34,49,63,40,17,52,23,,15,28,22,35,36,15,29,23,32,38,38,20,18,31,18,28,14,12,,18,,16,70,71,78,90,72,66,52,92,73,67,75,89,76,24,12,22,33,15,44,19,31,,16,46,28,32,46,126,91,78,76,77,72,69,70,122,75,145,96,125,81,81,125,62,26,12,37,94,12,20,27,42,17,69,51,61,98,66,90,56,34,108,99,45,24,21,10,29,32,62,12,62,28,21,,10,22,38,33,15,39,72,6,,6,28,19,19,90,,31,74,69,92,27,48,34,18,16,7,10,18,,9,6,70,46,83,110,86,65,78,104,88,,98,,53,,72,52,55,40,50,26,17,52,62,95,70,32,35,73,297,330,188,341,346,145,8,23,281,115,,,,56,,
20260407,2,PM10_24h,19,28,61,32,26,73,52,21,27,24,49,49,69,56,18,41,21,24,43,69,85,95,82,48,80,94,103,109,94,90,70,67,76,96,39,41,89,106,86,40,31,72,64,36,85,30,21,41,55,38,120,112,45,37,32,31,38,34,41,31,32,42,66,45,42,39,37,32,11,128,83,59,73,56,44,47,25,40,16,19,19,24,28,57,52,76,44,46,72,25,37,66,47,39,19,28,59,29,48,46,24,31,35,36,50,45,42,54,38,97,20,66,86,75,18,25,56,36,26,29,32,38,40,84,92,59,134,100,108,125,133,75,42,69,62,47,27,67,58,70,42,48,50,38,38,47,36,39,33,35,120,106,71,107,138,53,52,77,60,53,,,,,,,,,,,,,,,,,,,,,,,,,,,,,,92,87,38,88,44,73,97,42,61,59,41,23,46,23,,15,35,23,30,50,24,34,28,43,39,46,24,18,31,31,16,29,18,26,36,37,19,89,93,86,89,71,60,78,87,86,80,82,78,80,34,18,19,20,28,42,25,47,33,21,35,33,36,49,116,110,88,113,115,102,86,110,87,100,132,85,106,122,73,95,83,39,31,30,49,26,34,26,34,25,59,56,65,80,62,99,61,111,90,108,52,28,37,36,44,37,82,27,53,32,24,,10,31,46,48,30,42,52,29,,36,39,46,18,95,40,31,56,60,100,28,54,34,18,7,14,16,22,,11,8,77,49,75,87,70,69,51,64,94,,97,,55,,61,65,46,60,62,49,11,47,83,98,85,54,39,47,128,196,128,166,272,76,46,14,78,68,,,,59,,
20260407,2,SO2,3,7,4,4,10,9,3,2,2,2,6,8,6,9,6,7,6,6,8,6,6,7,4,8,10,5,6,9,5,8,6,6,5,8,5,5,7,5,5,5,5,3,5,4,7,4,2,8,10,6,9,8,4,4,5,4,4,4,6,4,4,10,4,6,8,4,5,5,4,5,3,9,10,9,4,6,15,6,8,9,6,14,3,10,15,12,25,13,16,5,5,5,9,6,4,6,5,6,7,4,7,5,6,9,5,3,7,7,9,10,8,13,7,9,6,16,9,8,7,5,5,3,6,7,8,7,13,4,8,9,6,15,6,7,5,7,10,4,7,9,4,5,6,7,7,6,3,5,6,8,4,3,2,6,6,8,11,16,5,10,,,,,,,,,,,,,,,,,,,,,,,,,,,,,,5,3,4,5,22,12,11,7,5,19,5,6,8,7,,4,9,5,6,11,6,4,5,7,8,2,5,7,6,9,7,4,5,7,5,6,8,5,8,9,9,7,5,8,9,8,6,9,11,8,3,3,3,4,4,5,5,4,6,4,7,5,10,10,10,11,6,7,10,6,6,5,11,7,10,10,7,4,5,6,5,7,5,8,6,6,4,5,3,4,8,8,7,14,12,17,8,5,6,9,6,7,6,3,7,8,6,6,8,2,6,,5,3,5,14,3,9,11,3,,4,7,6,7,6,9,5,10,7,10,3,5,7,6,7,9,9,5,,9,5,6,29,6,9,52,12,11,5,8,,4,,8,,4,8,8,10,14,13,5,15,6,10,4,2,8,9,3,5,51,5,3,7,7,6,11,10,,,,8,,
20260407,2,SO2_24h,3,6,3,4,7,8,3,3,3,3,5,6,6,7,6,7,6,6,8,7,9,8,6,9,12,8,9,10,7,11,7,7,6,8,6,5,8,8,7,6,6,4,6,4,7,4,2,7,7,7,7,9,4,5,5,4,5,4,6,4,5,9,5,6,8,4,4,4,4,7,8,13,13,8,4,5,10,7,10,5,7,11,3,10,12,11,13,10,10,6,5,4,7,10,3,6,10,6,6,5,7,5,6,5,5,4,8,7,6,8,7,11,9,8,6,12,9,8,17,6,5,4,6,10,14,8,14,6,10,12,9,15,6,7,6,7,10,11,7,7,4,7,6,10,8,7,3,5,7,6,7,4,3,7,9,14,12,16,6,9,,,,,,,,,,,,,,,,,,,,,,,,,,,,,,7,3,3,9,6,11,9,8,7,17,6,6,9,6,,5,8,6,7,9,7,4,5,7,8,2,4,6,5,9,8,4,5,7,6,5,8,7,9,10,13,7,5,10,8,7,6,9,7,7,5,4,3,4,4,4,7,5,18,4,8,7,10,10,10,11,6,8,9,7,5,7,12,8,12,13,7,8,9,7,6,8,6,9,5,11,4,5,5,4,10,7,7,13,12,18,8,6,8,8,10,7,8,4,8,7,7,6,8,3,6,,6,5,7,10,4,10,8,3,,6,6,7,8,7,11,5,6,7,11,3,6,7,6,7,9,7,7,,8,6,6,22,9,8,17,12,11,5,9,,6,,8,,5,13,10,11,15,16,6,16,9,13,5,3,10,7,3,5,14,4,4,8,6,5,13,9,,,,8,,
20260407,2,NO2,7,16,27,12,14,22,11,4,9,4,13,24,15,27,6,12,14,7,15,13,22,14,9,28,28,14,15,20,16,12,18,12,21,11,9,40,14,10,9,23,9,22,42,25,22,21,15,12,32,12,19,26,9,29,13,4,17,4,13,12,15,11,7,11,21,13,6,17,5,67,47,10,29,45,11,19,16,33,15,14,15,20,17,18,21,28,20,44,22,18,21,22,19,16,15,12,21,8,19,8,19,4,11,4,27,26,21,16,29,22,9,18,26,20,6,18,20,23,12,9,8,11,9,12,18,20,28,28,31,18,27,17,24,30,25,13,11,4,11,9,8,15,5,12,11,4,30,12,4,14,71,20,44,16,58,11,32,33,4,46,,,,,,,,,,,,,,,,,,,,,,,,,,,,,,16,16,27,33,9,20,47,12,42,44,7,7,11,7,,19,6,9,9,7,7,8,7,9,9,5,9,7,7,5,3,6,8,5,6,10,6,18,18,19,16,10,12,20,24,23,19,27,41,15,12,6,11,3,22,20,6,13,20,7,10,12,4,21,25,30,26,26,22,18,15,14,29,12,43,18,14,14,17,12,24,7,6,6,7,6,7,4,13,5,43,10,17,25,16,11,9,2,10,12,30,10,8,6,13,5,33,7,19,6,3,,11,7,7,7,9,6,14,3,,3,5,11,6,15,7,5,11,16,20,8,12,11,4,9,1,3,11,,2,1,20,63,22,19,53,26,37,7,32,,11,,12,,54,3,2,1,8,1,12,1,38,32,18,13,23,13,18,82,28,76,20,61,5,3,7,11,,,,6,,
20260407,2,NO2_24h,7,13,16,6,11,18,14,5,7,6,17,21,18,18,7,14,12,11,17,23,30,32,22,20,22,27,28,23,28,23,16,14,17,21,24,32,21,27,22,26,24,29,28,17,24,20,16,14,22,17,16,43,11,22,12,4,16,5,10,12,13,20,8,8,20,18,10,9,7,36,28,16,24,22,15,16,15,19,13,11,17,21,17,17,17,23,16,23,15,18,15,18,13,16,12,12,25,11,15,7,15,5,12,4,27,19,17,16,13,19,8,19,19,24,8,16,17,15,15,10,9,13,10,27,30,29,22,16,22,16,16,21,26,26,24,11,13,15,10,15,6,19,10,15,15,9,20,15,9,10,31,19,27,17,31,16,19,23,10,19,,,,,,,,,,,,,,,,,,,,,,,,,,,,,,13,18,22,17,13,26,28,17,26,28,8,9,9,5,,12,5,7,12,12,12,10,6,9,8,7,8,9,12,10,12,9,11,14,9,15,5,23,22,18,23,18,11,17,17,16,18,16,22,14,16,13,10,6,25,15,8,15,13,11,13,14,5,18,18,18,21,21,21,15,15,14,24,13,22,29,15,17,22,16,22,17,9,11,6,7,11,8,12,13,20,12,12,20,13,13,17,7,11,15,30,14,13,16,21,10,36,7,17,8,6,,8,11,11,6,11,7,9,7,,7,6,12,8,15,8,7,7,13,17,8,13,11,6,6,3,5,9,,4,4,24,32,16,19,17,25,16,11,18,,13,,16,,19,8,2,3,11,2,12,5,23,24,21,16,21,15,13,32,15,26,9,27,10,5,15,14,,,,6,,
20260407,2,O3,77,69,54,40,67,67,72,83,53,79,73,69,70,62,65,63,74,66,52,111,77,104,104,60,56,93,102,83,87,88,69,82,63,101,112,9,84,114,108,16,110,11,1,3,72,23,21,71,66,79,91,64,43,9,28,38,21,43,27,31,23,39,74,43,17,62,57,87,101,11,31,69,59,54,46,38,59,44,56,63,53,58,18,61,77,78,63,27,77,72,56,69,69,68,68,84,9,32,27,47,,39,33,52,8,4,15,25,69,61,63,97,47,76,71,57,50,43,73,66,62,69,54,95,93,82,66,49,59,79,63,49,1,28,18,25,10,71,63,42,52,30,77,79,46,74,11,21,59,85,6,44,7,48,14,92,57,38,101,31,,,,,,,,,,,,,,,,,,,,,,,,,,,,,,91,82,2,53,52,75,25,75,25,35,64,62,69,74,,26,110,66,63,50,74,74,61,91,77,60,72,65,62,61,74,41,57,71,77,58,53,78,74,75,93,79,52,72,62,55,62,56,50,75,25,46,31,59,8,14,47,50,24,57,52,56,64,20,61,58,62,80,85,67,81,84,23,59,31,50,94,80,50,19,70,8,58,81,33,35,83,54,52,36,,80,55,47,35,117,36,51,64,57,26,37,70,79,52,47,2,34,12,55,58,,52,67,90,62,69,59,73,61,,58,89,74,96,94,74,108,110,82,65,86,64,63,99,71,110,107,111,,123,107,34,23,22,98,23,53,28,92,36,,104,,39,,14,80,74,83,59,64,96,132,38,46,81,74,57,92,62,6,67,1,66,11,55,112,96,62,,,,99,,
20260407,2,O3_24h,77,69,54,40,67,67,72,83,53,79,73,69,70,62,65,63,74,66,52,111,77,104,104,60,56,93,102,83,87,88,69,82,63,101,112,9,84,114,108,16,110,11,1,3,72,23,21,71,66,79,91,64,43,9,28,38,21,43,27,31,23,39,74,43,17,62,57,87,101,11,31,69,59,54,46,38,59,44,56,63,53,58,18,61,77,78,63,27,77,72,56,69,69,68,68,84,9,32,27,47,,39,33,52,8,4,15,25,69,61,63,97,47,76,71,57,50,43,73,66,62,69,54,95,93,82,66,49,59,79,63,49,1,28,18,25,10,71,63,42,52,30,77,79,46,74,11,21,59,85,6,44,7,48,14,92,57,38,101,31,,,,,,,,,,,,,,,,,,,,,,,,,,,,,,91,82,2,53,52,75,25,75,25,35,64,62,69,74,,26,110,66,63,50,74,74,61,91,77,60,72,65,62,61,74,41,57,71,77,58,53,78,74,75,93,79,52,72,62,55,62,56,50,75,25,46,31,59,8,14,47,50,24,57,52,56,64,20,61,58,62,80,85,67,81,84,23,59,31,50,94,80,50,19,70,8,58,81,33,35,83,54,52,36,,80,55,47,35,117,36,51,64,57,26,37,70,79,52,47,2,34,12,55,58,,52,67,90,62,69,59,73,61,,58,89,74,96,94,74,108,110,82,65,86,64,63,99,71,110,107,111,,123,107,34,23,22,98,23,53,28,92,36,,104,,39,,14,80,74,83,59,64,96,132,38,46,81,74,57,92,62,6,67,1,66,11,55,112,96,62,,,,99,,
20260407,2,O3_8h,,,,,,,,,,,,,,,,,,,,,,,,,,,,,,,,,,,,,,,,,,,,,,,,,,,,,,,,,,,,,,,,,,,,,,112,,,,,,,,,,,,,,,,,,,,,,,,,,,,,,,,,,,,,,,,,,,,,,,,,,,,,,,,,,,,,,,,,,,,,,,,,,,,,,,,,,,,,,,,,,,,,,,,,,,,,,,,,,,,,,,,,,,,,,,,,,,,,,,,,,,,,,,,,,,,,73,,,,,,,,,,,,,,,,,,,,,,,,,,,,,,,,,,,,,,,,,,,,,,,,,,,,,,,,,,,,,,,,,,,,,,,,,,,,,,,,,,,,60,,,,,,,,,,,,,,,,,,,,,,,,,,,,,,,,,,,,,,,,,,,,,,,,,,,,,,,,,,,,,,,,,,,,,,,,,,,,,,,,
20260407,2,O3_8h_24h,,,,,,,,,,,,,,,,,,,,,,,,,,,,,,,,,,,,,,,,,,,,,,,,,,,,,,,,,,,,,,,,,,,,,,,,,,,,,,,,,,,,,,,,,,,,,,,,,,,,,,,,,,,,,,,,,,,,,,,,,,,,,,,,,,,,,,,,,,,,,,,,,,,,,,,,,,,,,,,,,,,,,,,,,,,,,,,,,,,,,,,,,,,,,,,,,,,,,,,,,,,,,,,,,,,,,,,,,,,,,,,,,,,,,,,,,,,,,,,,,,,,,,,,,,,,,,,,,,,,,,,,,,,,,,,,,,,,,,,,,,,,,,,,,,,,,,,,,,,,,,,,,,,,,,,,,,,,,,,,,,,,,,,,,,,,,,,,,,,,,,,,,,,,,,,,,,,,,,,,,,,,,,,,,,,,,,,
20260407,2,CO,0.25,0.44,0.40,0.62,0.30,0.35,0.22,0.27,0.20,0.20,0.30,0.33,0.38,0.52,0.34,0.42,0.38,0.40,0.42,0.46,0.61,0.68,0.50,0.49,0.48,0.58,0.76,0.89,0.60,0.63,0.36,0.44,0.38,0.64,0.49,0.70,0.64,0.70,0.47,0.57,0.55,0.73,0.50,0.65,0.54,0.65,0.35,0.73,0.55,0.40,0.59,0.67,0.70,0.64,0.46,0.43,0.47,0.25,0.33,0.53,0.55,0.47,0.54,0.52,0.60,0.42,0.43,0.47,0.23,0.69,0.57,0.50,0.50,0.54,0.50,0.73,0.47,0.32,0.42,0.45,0.30,0.38,0.47,0.33,0.48,0.47,0.32,0.55,0.60,0.32,0.42,0.52,0.47,0.46,0.27,0.42,0.97,0.53,0.67,0.63,0.85,0.35,0.40,0.57,0.60,1.40,0.93,0.55,0.70,0.80,0.41,0.68,0.70,0.62,0.34,1.12,0.50,0.56,0.38,0.60,0.30,0.43,0.22,0.60,0.50,0.78,0.61,0.40,0.60,0.60,0.60,0.60,0.47,0.73,0.85,1.02,0.60,0.67,0.75,1.03,0.50,0.52,0.50,0.65,0.70,0.40,0.63,0.25,0.53,0.47,0.63,0.50,0.55,0.46,0.65,0.40,0.50,0.62,0.36,0.55,,,,,,,,,,,,,,,,,,,,,,,,,,,,,,0.40,0.40,0.95,0.47,0.33,0.50,0.50,0.37,0.37,0.40,0.47,0.20,0.40,0.33,,0.25,0.50,0.28,0.33,0.35,0.40,0.65,0.30,0.45,0.70,0.30,0.25,0.23,0.25,0.30,0.27,0.30,0.30,0.43,0.30,0.30,0.40,0.33,0.38,0.40,0.47,0.42,0.55,0.40,0.52,0.27,0.40,0.30,0.97,0.47,0.63,0.77,0.60,0.65,0.90,0.77,0.50,0.65,0.50,0.80,0.95,0.65,0.80,0.80,0.86,0.67,0.55,0.47,0.54,0.55,0.40,0.30,1.15,0.60,0.70,0.77,0.65,0.50,0.37,1.20,0.73,0.45,0.80,0.65,0.80,0.50,0.53,0.30,0.65,0.50,0.35,0.63,0.58,1.03,0.73,1.10,0.77,0.80,1.15,0.90,0.63,0.40,0.40,0.38,0.40,0.63,0.57,0.30,0.80,0.40,0.40,,0.20,0.40,0.43,0.63,0.25,0.50,0.55,0.60,,0.70,0.35,0.40,0.40,0.85,0.45,0.50,0.50,0.60,0.60,0.40,0.65,0.25,0.35,0.25,0.25,0.35,1.00,,0.45,0.50,0.53,0.57,0.50,0.60,0.55,0.35,0.40,0.25,0.55,,0.35,,0.50,,0.40,0.50,0.40,0.20,0.30,0.40,0.40,0.30,0.43,1.25,0.35,0.35,0.30,0.30,0.25,1.35,0.25,1.05,0.30,0.90,0.30,0.10,0.30,0.50,,,,0.60,,
20260407,2,CO_24h,0.26,0.34,0.34,0.33,0.25,0.43,0.26,0.30,0.20,0.20,0.35,0.35,0.45,0.42,0.28,0.46,0.36,0.40,0.47,0.65,0.74,0.89,0.72,0.50,0.50,0.64,0.96,0.79,0.70,0.75,0.42,0.56,0.38,0.72,0.60,0.63,0.56,0.88,0.65,0.60,0.55,0.77,0.60,0.60,0.66,0.53,0.43,0.62,0.50,0.44,0.53,1.03,0.64,0.68,0.51,0.47,0.50,0.30,0.37,0.60,0.57,0.67,0.66,0.53,0.62,0.50,0.43,0.44,0.25,0.55,0.53,0.70,0.44,0.40,0.43,0.60,0.49,0.30,0.40,0.40,0.27,0.43,0.60,0.30,0.46,0.57,0.30,0.47,0.50,0.33,0.27,0.40,0.42,0.52,0.23,0.43,1.00,0.60,0.70,0.67,0.80,0.40,0.55,0.53,0.75,0.90,0.87,0.70,0.40,0.70,0.41,0.50,0.55,0.48,0.34,0.92,0.57,0.66,0.44,0.60,0.42,0.53,0.30,0.80,0.90,0.76,0.56,0.40,0.62,0.70,0.52,0.45,0.50,0.73,0.88,1.05,0.60,0.90,0.72,0.93,0.50,0.63,0.65,0.82,0.77,0.47,0.57,0.25,0.68,0.53,0.50,0.45,0.45,0.46,0.60,0.50,0.50,0.66,0.44,0.35,,,,,,,,,,,,,,,,,,,,,,,,,,,,,,0.43,0.40,0.70,0.63,0.33,0.35,0.68,0.37,0.37,0.53,0.47,0.20,0.40,0.28,,0.20,0.50,0.28,0.50,0.35,0.50,0.33,0.30,0.35,0.70,0.35,0.20,0.30,0.27,0.30,0.37,0.38,0.35,0.53,0.30,0.35,0.35,0.47,0.50,0.45,0.77,0.55,0.50,0.45,0.50,0.37,0.45,0.30,0.83,0.37,0.70,0.90,0.55,0.70,0.75,0.60,0.63,0.63,0.55,0.84,0.95,0.70,0.88,0.80,0.68,0.68,0.55,0.45,0.56,0.53,0.40,0.37,0.85,0.63,0.72,0.90,0.60,0.80,0.50,1.00,0.83,0.65,0.87,0.95,0.90,0.65,0.60,0.35,0.60,0.55,0.45,0.63,0.68,1.00,0.77,1.10,0.80,1.00,0.95,1.00,0.80,0.50,0.50,0.47,0.55,0.67,0.63,0.40,0.70,0.50,0.40,,0.25,0.45,0.60,0.63,0.35,0.45,0.55,0.60,,0.75,0.35,0.40,0.50,0.75,0.45,0.50,0.40,0.45,0.65,0.40,0.65,0.35,0.40,0.30,0.20,0.30,0.60,,0.45,0.50,0.57,0.53,0.50,0.45,0.55,0.35,0.40,0.30,0.50,,0.30,,0.55,,0.40,0.60,0.40,0.20,0.30,0.40,0.40,0.40,0.43,0.60,0.40,0.40,0.30,0.30,0.20,0.65,0.15,0.50,0.30,0.60,0.50,,0.40,0.55,,,,0.60,,
20260407,3,AQI,24,32,65,48,28,52,60,25,16,25,43,79,51,71,20,41,22,34,65,33,57,36,45,35,57,56,47,63,55,51,45,34,59,75,40,29,80,59,51,37,36,47,47,27,61,51,27,69,54,23,68,66,81,38,34,33,37,31,41,33,34,37,61,47,39,23,17,39,33,94,62,57,49,64,78,76,21,31,26,19,23,23,26,40,72,56,39,53,58,21,34,62,48,28,20,27,63,26,37,43,34,27,35,39,45,54,43,43,46,78,21,67,63,69,23,36,48,48,23,33,25,37,25,59,58,75,75,74,68,76,71,54,36,68,65,64,40,23,69,37,35,22,23,34,26,25,46,38,18,40,81,66,57,75,79,41,56,44,48,59,,,,,,,,,,,,,,,,,,,,,,,,,,,,,,61,58,64,85,38,72,66,50,51,61,39,21,65,25,,17,41,20,31,30,23,25,31,31,43,36,26,22,19,22,23,15,19,22,23,23,18,58,62,59,70,63,63,55,70,59,58,66,69,81,20,16,24,34,17,43,17,30,26,18,40,25,29,43,95,73,73,63,60,64,66,59,87,62,95,70,78,67,65,91,56,23,21,36,95,11,29,29,56,21,64,52,52,103,55,86,42,34,115,76,37,24,23,24,26,40,55,12,60,22,18,,12,21,46,29,18,58,64,18,,18,34,23,30,86,34,33,71,69,93,33,54,30,29,21,35,34,35,,36,33,55,47,64,79,78,58,66,75,67,,68,,53,,43,52,40,40,50,27,31,45,54,73,59,35,21,100,120,176,109,189,182,86,20,35,411,79,,,,59,,
20260407,3,PM2.5,3,10,26,19,3,28,13,8,6,6,18,25,18,32,4,4,6,24,47,16,29,15,12,8,31,28,15,29,36,19,22,15,29,46,18,20,58,34,22,25,19,27,29,19,22,23,19,50,22,4,36,42,60,19,15,12,21,19,19,14,19,19,44,32,24,16,7,23,5,40,29,34,20,25,57,56,12,10,4,6,8,5,18,14,31,18,6,27,29,4,11,31,26,3,8,4,45,13,24,23,24,10,19,19,23,27,18,23,32,41,5,34,23,25,7,14,9,6,9,23,17,26,15,39,32,46,43,37,36,37,35,17,20,49,47,46,28,4,50,26,22,11,3,19,16,9,31,25,5,23,41,27,19,29,38,14,21,16,13,25,,,,,,,,,,,,,,,,,,,,,,,,,,,,,,31,20,46,32,9,27,32,17,13,17,13,11,44,7,,5,8,3,4,3,3,17,16,22,30,25,18,8,11,9,10,7,13,4,5,16,5,21,25,27,28,28,45,39,37,32,28,39,38,60,9,3,17,23,10,22,12,15,18,9,25,13,17,30,49,34,39,34,30,31,39,20,58,25,39,41,33,28,46,52,26,16,14,23,71,3,14,20,40,14,46,35,30,77,35,64,18,24,87,56,19,13,7,3,5,28,36,3,43,12,3,,3,10,32,20,8,18,46,3,,5,24,12,10,64,24,16,52,50,69,23,36,21,8,3,5,3,8,,5,3,30,19,32,37,32,25,41,23,33,,27,,21,,13,28,27,20,17,10,3,25,19,30,23,13,8,23,27,128,57,134,98,32,3,3,69,22,,,,42,,
20260407,3,PM2.5_24h,4,7,16,10,5,30,12,9,5,7,16,14,25,15,8,7,7,21,37,35,32,45,36,12,23,39,42,43,43,41,25,30,27,41,21,31,46,48,41,28,19,38,36,25,32,25,16,28,12,7,38,61,37,20,16,14,22,18,17,16,18,27,49,30,27,25,23,18,6,33,31,26,20,17,35,34,12,10,3,7,7,11,24,13,13,21,7,13,16,6,6,15,12,7,3,2,44,15,32,21,21,12,21,16,34,23,24,29,22,30,6,19,21,17,7,11,12,10,10,23,24,36,29,37,38,36,35,31,34,35,35,23,24,44,38,38,23,40,34,54,21,28,30,21,23,24,30,26,19,18,33,30,19,33,37,17,13,22,12,15,,,,,,,,,,,,,,,,,,,,,,,,,,,,,,32,28,32,17,11,18,26,14,12,15,11,12,21,7,,4,8,2,8,8,7,18,11,10,10,47,18,12,28,20,12,21,18,24,17,31,10,35,37,26,36,35,31,37,33,32,41,29,35,44,29,16,13,15,26,25,19,27,24,12,20,22,20,29,36,32,27,35,36,25,28,32,44,30,43,44,43,48,46,47,32,25,20,27,41,23,16,16,25,20,44,34,39,60,43,84,42,68,66,77,26,16,25,16,14,30,47,14,35,22,6,,4,18,33,36,14,24,47,19,,30,24,22,9,53,32,18,42,42,78,19,37,24,10,4,5,3,13,,4,4,37,18,31,31,26,25,28,18,32,,28,,24,,22,25,19,26,24,19,6,16,21,31,24,19,14,15,28,73,45,74,77,26,13,3,18,19,,,,42,,
20260407,3,PM10,14,32,79,48,28,54,70,18,12,15,43,108,52,91,11,41,20,,60,33,63,36,45,35,64,61,47,75,59,51,45,34,68,100,40,28,109,68,51,37,33,47,47,27,71,52,25,69,58,19,85,81,77,38,34,33,37,31,41,33,34,37,61,47,39,23,17,39,9,138,74,63,49,77,74,79,21,31,26,18,23,23,26,40,93,61,39,56,66,17,34,74,48,28,14,25,62,26,37,43,33,27,35,39,45,58,43,43,44,105,21,84,75,87,8,36,48,48,23,26,25,33,25,68,65,100,99,97,85,101,92,57,36,85,77,62,38,10,66,37,35,22,6,34,26,25,46,38,15,40,112,82,64,100,108,41,62,44,48,67,,,,,,,,,,,,,,,,,,,,,,,,,,,,,,71,66,60,120,38,93,82,50,52,71,39,21,79,23,,17,41,20,31,30,11,25,31,30,40,30,23,18,18,22,17,15,13,6,14,12,14,65,74,68,89,76,66,51,90,68,65,82,87,73,20,8,21,34,17,43,15,30,10,15,40,25,29,39,140,96,95,75,70,77,82,68,123,74,140,89,105,83,79,132,62,23,21,36,92,8,29,25,48,21,65,53,54,106,59,94,42,33,107,90,37,24,16,10,26,33,59,11,57,22,18,,7,21,41,27,18,65,58,8,,,32,17,17,93,27,29,61,73,85,26,58,26,20,10,8,10,18,,10,6,59,47,78,108,105,66,82,99,84,,85,,55,,43,53,40,40,50,27,15,45,58,95,68,35,21,149,190,302,168,328,313,121,20,24,511,108,,,,58,,
20260407,3,PM10_24h,20,29,62,34,26,71,53,22,26,24,49,52,69,58,18,41,20,24,43,68,84,93,81,46,78,91,101,107,91,87,67,64,74,97,39,40,90,104,86,39,31,70,63,35,85,30,21,42,55,36,116,111,46,37,32,31,38,34,41,31,32,41,66,45,41,37,35,32,11,129,83,60,71,56,45,48,25,40,16,18,19,25,28,56,54,76,43,46,70,24,37,65,46,38,19,27,59,29,48,46,25,31,36,36,50,46,43,53,38,96,20,64,84,75,18,25,58,37,26,28,32,39,39,83,90,61,131,97,105,122,130,74,42,71,63,48,27,65,58,70,42,46,47,37,38,44,36,38,32,35,121,107,68,108,139,53,53,76,60,54,,,,,,,,,,,,,,,,,,,,,,,,,,,,,,91,85,39,89,44,74,96,43,60,60,40,23,47,23,,15,35,23,31,50,24,34,28,44,40,45,23,19,30,31,16,28,18,25,34,35,20,87,91,84,89,71,61,77,87,84,79,81,78,79,34,17,18,20,28,42,25,46,31,21,35,33,36,48,114,107,87,110,112,102,84,109,91,100,134,86,107,121,74,99,83,38,30,29,51,26,33,25,34,24,59,55,64,81,62,99,59,108,91,108,52,27,36,32,42,37,82,25,53,31,24,,9,30,46,46,30,43,51,27,,33,39,44,18,95,40,30,56,60,100,28,54,34,18,8,14,16,22,,11,8,76,49,76,88,71,69,53,65,95,,98,,56,,60,65,46,59,61,48,11,48,81,96,85,53,38,51,131,203,130,172,275,77,45,14,97,69,,,,59,,
20260407,3,SO2,3,8,6,18,7,7,4,3,2,2,5,7,9,8,6,7,6,6,8,6,7,7,4,8,10,6,7,9,5,9,7,6,5,7,5,6,7,5,6,5,4,4,5,5,7,5,2,9,11,6,8,8,5,5,5,5,4,4,6,6,6,9,4,6,9,4,5,6,4,6,3,8,10,8,4,6,16,6,13,8,6,11,2,11,15,12,9,15,16,6,5,6,10,6,3,6,6,6,6,6,8,7,7,6,7,3,7,7,7,7,8,16,7,9,5,22,9,7,11,5,5,3,6,8,8,7,13,6,7,9,6,17,6,6,5,8,10,4,8,10,4,4,6,6,8,6,4,,6,8,4,3,2,6,6,8,16,14,5,10,,,,,,,,,,,,,,,,,,,,,,,,,,,,,,6,7,4,5,16,12,13,9,6,21,3,6,10,7,,4,12,6,7,10,6,4,4,7,8,2,5,5,6,9,6,3,6,6,5,5,9,6,9,8,7,7,5,7,8,5,5,9,10,8,3,4,3,4,4,4,5,4,6,4,8,6,8,13,11,11,51,7,13,6,5,6,13,7,10,11,8,4,6,7,5,7,5,8,6,5,4,5,4,4,8,9,6,15,11,20,7,5,6,9,6,7,7,3,7,7,6,7,8,2,6,,6,4,4,8,3,9,20,4,,4,5,5,8,6,9,5,7,7,10,3,6,7,6,7,9,9,8,,8,6,5,23,5,8,54,12,11,5,7,,4,,8,,3,8,8,10,13,12,5,15,6,10,4,3,7,8,3,6,11,5,2,7,6,6,10,10,,,,10,,
20260407,3,SO2_24h,3,6,3,5,7,8,3,2,3,3,5,6,6,7,6,7,6,6,8,7,8,8,6,8,12,8,9,10,7,11,7,7,6,8,6,5,8,8,7,6,6,4,6,4,7,4,2,7,8,7,8,9,4,5,5,4,5,4,6,4,5,9,5,6,8,4,4,5,4,7,8,12,13,8,4,5,11,7,10,5,7,11,3,10,12,11,13,11,10,6,5,4,7,10,3,6,10,6,6,5,7,6,6,5,6,4,8,7,6,8,7,11,9,8,6,13,9,8,16,6,5,4,6,10,14,8,14,6,10,12,9,15,6,7,6,7,10,11,7,7,4,7,6,10,8,7,3,5,7,6,7,4,3,7,9,14,12,16,6,9,,,,,,,,,,,,,,,,,,,,,,,,,,,,,,7,3,3,9,7,11,9,8,7,18,5,6,9,7,,5,8,5,7,10,7,3,5,7,8,2,5,6,5,9,8,4,5,7,6,5,8,6,9,10,13,7,5,10,8,7,6,9,7,7,5,4,3,4,4,4,6,5,17,4,8,7,10,10,10,11,7,8,9,7,5,7,12,8,12,13,7,7,9,7,6,8,6,9,5,11,4,5,5,4,10,8,7,13,12,18,8,6,8,8,10,7,8,4,8,7,7,6,9,3,6,,6,5,7,10,4,10,8,3,,6,6,7,8,7,11,5,6,7,11,3,6,7,6,7,9,7,7,,8,6,6,22,8,8,20,12,12,5,9,,6,,8,,5,12,10,11,14,16,6,16,9,13,5,3,10,7,3,5,14,4,4,8,6,5,13,9,,,,8,,
20260407,3,NO2,7,18,20,14,5,20,13,4,10,4,12,25,11,16,6,12,13,7,13,15,22,16,11,24,26,16,16,20,17,11,13,14,18,10,10,27,11,9,10,21,7,18,26,22,33,20,17,11,32,15,15,27,9,29,13,5,17,5,15,12,16,10,6,10,19,11,6,19,4,66,39,11,28,37,12,18,15,24,13,12,15,15,15,21,27,27,14,45,21,22,19,22,21,19,15,9,19,10,15,8,17,5,11,4,26,22,21,16,26,40,8,19,26,20,4,20,16,15,12,8,9,12,10,14,17,17,28,26,31,14,29,15,17,30,23,13,8,4,13,9,8,14,5,11,10,4,26,10,5,12,61,17,35,16,54,17,28,25,4,38,,,,,,,,,,,,,,,,,,,,,,,,,,,,,,17,16,27,32,9,20,48,15,37,47,7,7,15,4,,14,6,8,9,6,5,6,7,8,9,4,9,5,7,5,4,6,9,5,6,9,5,36,19,17,8,10,12,20,20,20,16,25,40,17,10,5,9,3,18,22,6,12,5,5,12,11,5,21,28,32,38,26,19,25,25,13,28,10,40,17,12,13,14,9,26,3,6,6,5,6,7,3,13,5,40,14,13,24,20,12,8,2,12,12,24,10,6,6,13,4,31,4,18,3,3,,13,7,6,5,8,6,14,3,,3,5,10,6,21,7,5,7,17,12,10,21,11,5,9,2,3,7,,4,2,16,59,16,22,40,25,30,5,31,,8,,10,,37,2,2,1,9,1,9,1,37,33,13,13,19,9,12,74,17,71,22,43,6,4,6,8,,,,6,,
20260407,3,NO2_24h,7,14,16,7,11,18,14,5,7,6,17,22,18,18,7,14,12,11,17,22,29,31,21,21,22,25,27,23,28,22,15,13,17,20,24,33,21,25,21,26,24,28,28,17,24,20,16,14,22,16,16,42,11,22,12,5,16,5,10,12,13,19,8,8,20,18,10,10,7,36,28,17,24,23,15,16,15,19,13,11,17,22,17,17,17,23,16,24,16,18,16,18,13,16,12,12,24,11,16,7,16,5,12,4,27,19,17,15,14,20,8,19,20,23,8,17,17,14,15,10,9,14,10,26,29,29,22,16,23,16,17,20,26,27,24,11,13,14,9,15,6,19,10,15,15,8,21,15,9,10,32,19,27,17,32,16,19,23,10,20,,,,,,,,,,,,,,,,,,,,,,,,,,,,,,13,17,22,17,13,25,29,16,27,28,8,9,10,5,,12,6,7,12,12,12,9,6,9,8,7,8,9,12,9,12,9,11,14,9,15,5,23,22,17,22,17,11,17,17,16,18,16,23,14,17,13,10,6,25,15,8,15,13,11,13,14,5,19,18,19,22,22,20,15,15,14,24,13,23,29,16,16,22,16,23,16,9,11,6,7,11,8,12,12,21,12,12,20,14,13,17,7,10,15,29,14,13,15,20,10,36,7,17,8,6,,8,10,11,6,11,7,9,6,,7,6,12,8,16,8,7,7,13,17,8,14,11,6,6,3,5,9,,4,3,23,32,17,18,18,24,17,10,19,,13,,16,,19,8,2,3,11,2,12,4,22,23,21,16,21,14,13,34,15,27,9,28,10,5,15,13,,,,6,,
20260407,3,O3,76,63,59,37,76,68,67,79,51,79,78,55,77,78,64,62,70,65,53,103,72,99,93,64,55,85,94,80,83,90,71,72,67,100,114,26,88,112,105,26,115,14,30,3,55,24,18,68,65,72,91,58,40,8,28,35,20,41,24,26,19,31,74,48,20,55,55,79,104,8,36,58,59,57,41,35,57,53,63,62,52,63,19,55,56,75,71,27,74,67,57,64,63,65,64,87,13,29,34,48,,36,30,51,4,4,15,18,61,,62,90,46,74,73,55,54,56,71,65,59,61,53,92,94,82,58,49,54,80,57,50,10,26,22,18,14,72,60,40,44,26,75,76,47,72,18,22,57,84,6,44,10,44,11,82,57,42,99,36,,,,,,,,,,,,,,,,,,,,,,,,,,,,,,54,77,2,51,51,75,21,74,26,30,68,58,52,79,,31,114,65,63,51,75,75,70,85,80,58,73,70,61,67,75,42,59,70,72,60,59,52,71,72,108,79,46,64,65,58,63,51,53,70,29,52,35,57,11,9,45,58,54,59,56,53,53,22,50,48,46,67,90,49,57,83,30,58,30,49,87,77,46,22,56,7,53,76,33,35,82,58,46,38,1,79,60,45,31,100,40,51,53,54,34,41,75,76,51,42,4,38,8,63,59,,39,65,89,67,58,56,64,59,,58,89,73,95,81,69,105,124,71,71,83,44,56,93,68,112,108,112,,115,106,34,21,26,78,33,52,30,93,32,,116,,37,,22,79,72,83,66,62,99,130,33,37,87,63,57,93,56,6,76,2,62,22,52,113,94,69,,,,102,,
20260407,3,O3_24h,76,63,59,37,76,68,67,79,51,79,78,55,77,78,64,62,70,65,53,103,72,99,93,64,55,85,94,80,83,90,71,72,67,100,114,26,88,112,105,26,115,14,30,3,55,24,18,68,65,72,91,58,40,8,28,35,20,41,24,26,19,31,74,48,20,55,55,79,104,8,36,58,59,57,41,35,57,53,63,62,52,63,19,55,56,75,71,27,74,67,57,64,63,65,64,87,13,29,34,48,,36,30,51,4,4,15,18,61,,62,90,46,74,73,55,54,56,71,65,59,61,53,92,94,82,58,49,54,80,57,50,10,26,22,18,14,72,60,40,44,26,75,76,47,72,18,22,57,84,6,44,10,44,11,82,57,42,99,36,,,,,,,,,,,,,,,,,,,,,,,,,,,,,,54,77,2,51,51,75,21,74,26,30,68,58,52,79,,31,114,65,63,51,75,75,70,85,80,58,73,70,61,67,75,42,59,70,72,60,59,52,71,72,108,79,46,64,65,58,63,51,53,70,29,52,35,57,11,9,45,58,54,59,56,53,53,22,50,48,46,67,90,49,57,83,30,58,30,49,87,77,46,22,56,7,53,76,33,35,82,58,46,38,1,79,60,45,31,100,40,51,53,54,34,41,75,76,51,42,4,38,8,63,59,,39,65,89,67,58,56,64,59,,58,89,73,95,81,69,105,124,71,71,83,44,56,93,68,112,108,112,,115,106,34,21,26,78,33,52,30,93,32,,116,,37,,22,79,72,83,66,62,99,130,33,37,87,63,57,93,56,6,76,2,62,22,52,113,94,69,,,,102,,
20260407,3,O3_8h,,,,,,,,,,,,,,,,,,,,,,,,,,,,,,,,,,,,,,,,,,,,,,,,,,,,,64,,,,,,,,,,,,,,,,,112,,,,,,,,,,,,,,,,,,,,,,,,,,,,,,,,,,,,,,,,,,,,,,,,,,,,,,,,,,,,,,,,,,,,,,,,,,,,,,,,,,,,,,,,,,,,,,,,,,,,,,,,,,,,,,,,,,,,,,,,,,,,,,,,,,,,,,,,,,,,,73,,,,,,,,,,,,,,,,,,,,,,,,,,,,,,,,,,,,,,,,,,,,,,,,,,,,,,,,,,,,,,,,,,,,,,,,,,,,,,,,,,,,60,,,,,,,,,,,,,,,,,,,,,,,,,,,,,,,,,,,,,,,,,,,,,,,,,,,,,,,,,,,,,,,,,,,,,,,,,,,,,,,,
20260407,3,O3_8h_24h,,,,,,,,,,,,,,,,,,,,,,,,,,,,,,,,,,,,,,,,,,,,,,,,,,,,,,,,,,,,,,,,,,,,,,,,,,,,,,,,,,,,,,,,,,,,,,,,,,,,,,,,,,,,,,,,,,,,,,,,,,,,,,,,,,,,,,,,,,,,,,,,,,,,,,,,,,,,,,,,,,,,,,,,,,,,,,,,,,,,,,,,,,,,,,,,,,,,,,,,,,,,,,,,,,,,,,,,,,,,,,,,,,,,,,,,,,,,,,,,,,,,,,,,,,,,,,,,,,,,,,,,,,,,,,,,,,,,,,,,,,,,,,,,,,,,,,,,,,,,,,,,,,,,,,,,,,,,,,,,,,,,,,,,,,,,,,,,,,,,,,,,,,,,,,,,,,,,,,,,,,,,,,,,,,,,,,,
20260407,3,CO,0.24,0.48,0.36,0.56,0.20,0.32,0.26,0.27,0.20,0.20,0.22,0.35,0.35,0.57,0.30,0.42,0.36,0.40,0.43,0.44,0.57,0.58,0.48,0.47,0.46,0.56,0.76,1.03,0.64,0.62,0.35,0.44,0.35,0.63,0.47,0.57,0.54,0.68,0.55,0.60,0.50,0.67,0.50,0.65,0.54,0.73,0.35,0.75,0.57,0.39,0.61,0.64,0.71,0.65,0.46,0.43,0.47,0.25,0.33,0.53,0.63,0.47,0.54,0.50,0.57,0.40,0.40,0.49,0.25,0.67,0.53,0.60,0.46,0.47,0.50,0.73,0.47,0.30,0.40,0.45,0.33,0.33,0.47,0.46,0.56,0.47,0.28,0.58,0.62,0.28,0.37,0.57,0.53,0.48,0.27,0.40,0.97,0.53,0.60,0.63,0.85,0.35,0.40,0.57,0.60,1.00,0.87,0.50,0.63,1.00,0.44,0.98,0.70,0.60,0.30,1.24,0.47,0.46,0.36,0.60,0.28,0.43,0.23,0.57,0.47,0.72,0.66,0.38,0.65,0.63,0.55,0.52,0.43,0.90,0.85,1.00,0.50,0.63,0.80,1.00,0.50,0.52,0.50,0.57,0.70,0.50,0.60,0.25,0.53,0.47,0.63,0.50,0.55,0.48,0.60,0.40,0.60,0.56,0.36,0.50,,,,,,,,,,,,,,,,,,,,,,,,,,,,,,0.40,0.40,0.90,0.47,0.30,0.50,0.50,0.43,0.40,0.70,0.43,0.20,0.45,0.35,,0.30,0.50,0.28,0.40,0.35,0.40,0.30,0.30,0.45,0.70,0.30,0.25,0.23,0.20,0.37,0.27,0.30,0.30,0.40,0.30,0.30,0.40,0.35,0.38,0.30,0.43,0.47,0.60,0.40,0.52,0.23,0.40,0.33,0.90,0.50,0.60,0.77,0.55,0.65,0.80,0.73,0.47,0.57,0.40,0.80,0.95,0.63,0.82,0.80,0.90,0.67,0.60,0.47,0.50,0.55,0.47,0.30,1.13,0.60,0.70,0.77,0.63,0.60,0.40,1.20,0.90,0.45,0.82,0.65,0.80,0.45,0.53,0.30,0.70,0.45,0.35,0.63,0.68,1.03,0.70,1.10,0.77,0.70,1.15,0.90,0.63,0.45,0.40,0.38,0.40,0.63,0.57,0.30,0.80,0.35,0.30,,0.20,0.40,0.40,0.53,0.25,0.50,0.55,0.60,,0.70,0.30,0.40,0.40,0.85,0.45,0.50,0.40,0.50,0.60,0.40,0.75,0.25,0.35,0.25,0.25,0.35,0.50,,0.50,0.50,0.50,0.53,0.50,0.60,1.00,0.35,0.40,0.25,0.55,,0.30,,0.50,,0.40,0.50,0.50,0.20,0.30,0.40,0.50,0.40,0.40,0.95,0.35,0.35,0.20,0.25,0.20,1.15,0.10,1.10,0.55,0.80,0.30,0.10,0.30,0.45,,,,0.60,,
20260407,3,CO_24h,0.26,0.34,0.36,0.36,0.25,0.43,0.26,0.30,0.20,0.20,0.35,0.35,0.45,0.42,0.28,0.44,0.36,0.40,0.47,0.65,0.72,0.87,0.72,0.49,0.48,0.64,0.96,0.79,0.64,0.75,0.38,0.56,0.38,0.72,0.60,0.63,0.56,0.88,0.65,0.60,0.55,0.77,0.60,0.60,0.66,0.57,0.43,0.63,0.50,0.44,0.53,1.00,0.66,0.68,0.50,0.47,0.50,0.30,0.37,0.57,0.57,0.63,0.66,0.53,0.62,0.50,0.43,0.45,0.25,0.56,0.53,0.70,0.44,0.40,0.47,0.63,0.49,0.30,0.42,0.40,0.27,0.43,0.60,0.30,0.46,0.57,0.28,0.47,0.52,0.33,0.30,0.40,0.43,0.52,0.23,0.43,1.03,0.60,0.70,0.67,0.80,0.40,0.55,0.53,0.75,0.90,0.87,0.70,0.43,0.70,0.41,0.52,0.55,0.48,0.34,0.90,0.57,0.62,0.42,0.60,0.36,0.53,0.30,0.78,0.90,0.76,0.56,0.40,0.62,0.70,0.52,0.47,0.50,0.73,0.88,1.02,0.60,0.90,0.72,0.94,0.50,0.63,0.65,0.82,0.77,0.47,0.57,0.25,0.68,0.50,0.53,0.45,0.45,0.46,0.60,0.50,0.50,0.64,0.44,0.35,,,,,,,,,,,,,,,,,,,,,,,,,,,,,,0.43,0.40,0.75,0.60,0.33,0.40,0.65,0.37,0.37,0.53,0.47,0.20,0.40,0.28,,0.20,0.50,0.28,0.50,0.35,0.50,0.33,0.30,0.35,0.70,0.35,0.20,0.30,0.23,0.30,0.37,0.38,0.35,0.53,0.30,0.35,0.35,0.47,0.50,0.45,0.73,0.55,0.50,0.45,0.50,0.37,0.45,0.30,0.83,0.37,0.70,0.87,0.60,0.70,0.75,0.60,0.63,0.63,0.55,0.84,0.95,0.70,0.88,0.80,0.70,0.68,0.55,0.45,0.52,0.53,0.40,0.37,0.88,0.63,0.72,0.87,0.60,0.80,0.50,1.00,0.83,0.65,0.85,0.90,0.90,0.65,0.60,0.35,0.60,0.55,0.40,0.63,0.68,1.00,0.77,1.10,0.80,1.00,1.05,1.00,0.80,0.50,0.50,0.47,0.55,0.67,0.65,0.35,0.70,0.50,0.40,,0.25,0.45,0.60,0.63,0.35,0.45,0.55,0.60,,0.75,0.35,0.40,0.50,0.75,0.45,0.50,0.40,0.45,0.65,0.40,0.65,0.35,0.35,0.30,0.25,0.30,0.60,,0.45,0.50,0.53,0.53,0.50,0.45,0.55,0.35,0.40,0.25,0.55,,0.30,,0.55,,0.40,0.60,0.40,0.20,0.30,0.40,0.40,0.40,0.43,0.60,0.35,0.40,0.30,0.30,0.20,0.70,0.15,0.55,0.30,0.60,0.50,,0.40,0.55,,,,0.60,,
20260407,4,AQI,23,32,73,52,24,50,52,24,15,25,36,66,53,69,18,38,22,33,56,34,58,37,47,35,59,54,48,59,51,45,42,29,56,72,40,22,63,56,53,51,34,85,51,32,60,34,27,78,62,23,68,65,79,39,34,35,34,30,40,34,32,35,58,46,40,24,18,37,33,94,60,57,50,66,79,80,23,29,21,20,20,20,27,50,60,57,33,60,57,24,40,60,52,28,19,33,58,29,40,41,41,31,37,39,45,47,44,46,39,75,23,71,58,62,23,50,44,36,23,34,21,43,29,59,59,74,76,63,68,73,71,56,32,69,66,58,39,22,68,34,36,21,24,32,15,22,35,36,18,40,82,63,55,73,79,51,53,36,58,56,,,,,,,,,,,,,,,,,,,,,,,,,,,,,,61,59,64,82,36,68,63,55,59,62,37,20,66,22,,14,41,20,27,28,23,24,25,29,41,30,25,20,19,21,23,17,19,22,23,21,19,58,61,58,70,63,64,64,68,59,57,66,70,80,24,16,26,36,17,40,22,32,18,17,40,22,30,46,74,81,68,63,61,68,70,61,85,62,94,70,71,62,68,85,57,21,30,38,91,11,40,30,61,22,63,50,53,99,52,80,28,33,96,104,36,21,23,22,21,40,51,13,58,19,30,,12,20,46,32,24,44,66,18,,16,33,21,30,90,29,30,65,68,91,29,59,31,27,21,35,34,37,,31,32,55,50,61,72,72,53,61,73,73,,65,,51,,34,52,52,34,52,24,28,60,51,72,50,39,24,177,87,157,100,175,193,72,22,36,466,110,,,,63,,
20260407,4,PM2.5,3,10,20,19,3,22,11,7,3,5,25,15,18,30,4,3,7,23,40,16,35,16,13,8,36,28,15,26,31,16,19,13,28,44,16,13,41,28,27,35,17,63,33,19,24,24,19,57,30,4,39,41,58,19,15,13,21,18,19,15,16,20,41,32,24,16,3,22,5,39,30,38,18,24,58,59,12,10,4,9,6,3,19,19,17,21,3,29,27,8,14,31,27,4,9,3,41,14,23,24,24,10,21,19,22,22,17,24,27,41,8,42,22,29,4,23,9,5,9,24,11,30,18,42,34,39,42,25,33,36,34,17,22,50,45,41,27,3,49,23,21,10,5,18,8,3,18,25,6,28,40,26,17,27,39,28,19,14,9,19,,,,,,,,,,,,,,,,,,,,,,,,,,,,,,33,27,46,33,6,28,31,24,15,17,10,14,46,6,,3,13,3,4,5,3,17,14,18,29,21,16,11,11,9,8,7,13,5,7,15,6,27,24,27,31,28,46,46,37,34,28,42,40,59,10,3,18,23,8,24,10,18,12,8,21,13,20,32,37,42,45,40,31,31,44,20,59,25,40,42,32,29,49,52,31,11,21,24,68,3,17,21,44,15,45,34,34,74,29,59,12,23,72,78,17,6,7,3,7,28,34,3,41,13,3,,3,8,32,21,10,20,48,5,,3,23,7,8,67,20,18,47,49,68,20,35,22,11,3,3,5,8,,3,3,31,20,32,31,33,22,36,22,31,,25,,22,,9,24,23,21,20,6,3,25,21,27,23,14,9,37,16,112,50,99,141,28,6,3,66,31,,,,45,,
20260407,4,PM2.5_24h,4,8,17,11,5,30,12,9,5,7,17,14,25,15,8,7,7,21,37,34,33,43,35,12,23,39,41,42,42,40,24,28,26,41,21,30,46,47,41,28,19,39,36,25,31,25,16,30,12,7,38,61,38,20,16,14,22,18,16,16,17,26,48,30,26,24,22,18,6,33,31,27,20,17,36,35,12,11,3,7,7,11,23,13,13,21,7,14,17,6,7,16,13,7,3,2,44,15,32,21,21,12,21,16,33,22,23,28,22,30,6,19,21,18,7,11,11,9,10,23,24,37,29,38,38,37,35,31,34,35,35,23,23,45,38,38,23,37,34,53,21,26,28,20,23,22,29,26,19,18,33,30,18,33,37,18,14,22,12,15,,,,,,,,,,,,,,,,,,,,,,,,,,,,,,32,27,33,18,12,19,26,15,13,15,11,12,22,7,,4,8,2,8,8,7,17,11,11,10,44,17,12,28,20,12,21,19,23,16,31,10,34,36,24,36,34,32,38,33,29,40,28,35,45,28,15,13,15,25,25,18,27,23,12,20,22,20,29,36,32,28,35,34,25,27,32,46,30,43,45,43,46,47,48,32,24,20,27,42,22,16,16,25,19,43,34,39,61,43,83,40,65,67,77,26,15,24,14,13,30,47,13,35,21,6,,4,17,33,35,14,24,47,18,,27,24,21,8,54,31,18,42,42,77,19,37,24,10,4,5,4,12,,4,4,37,19,32,31,26,25,29,18,33,,28,,24,,21,25,20,26,24,18,6,17,21,31,23,18,14,16,28,75,45,76,80,26,13,3,20,19,,,,42,,
20260407,4,PM10,14,32,95,54,24,50,54,24,15,14,33,81,55,87,11,38,22,24,53,34,66,37,47,35,68,58,48,68,52,45,42,29,62,93,40,22,76,61,56,52,33,100,51,32,69,34,22,69,73,17,86,79,87,39,34,35,34,30,40,34,32,35,54,46,40,24,13,37,7,138,70,63,50,82,77,84,23,29,21,20,20,13,27,50,69,63,33,70,64,24,40,70,54,28,16,33,55,29,40,41,41,31,37,39,45,47,44,46,35,100,23,91,65,74,8,50,44,36,23,27,21,42,29,63,67,98,101,75,85,95,92,61,32,87,82,57,35,10,79,34,36,21,9,32,15,20,35,35,17,40,114,76,60,95,107,51,56,36,65,62,,,,,,,,,,,,,,,,,,,,,,,,,,,,,,72,68,61,114,36,85,76,59,68,73,37,18,82,20,,14,41,19,27,28,12,21,25,29,31,23,25,20,14,21,12,17,14,16,12,12,12,66,72,66,89,75,70,57,86,67,64,82,89,79,24,8,20,36,17,40,22,32,,15,40,22,30,35,97,111,85,76,72,86,89,72,119,73,137,89,92,73,78,119,63,21,25,38,80,6,40,27,52,22,62,50,56,85,53,99,28,,100,90,36,17,16,12,21,29,52,11,54,15,30,,7,20,42,32,24,44,59,8,,7,32,15,15,99,28,30,56,73,82,25,68,31,18,8,8,10,15,,12,6,59,50,72,93,94,56,72,95,96,,80,,52,,34,53,53,34,54,24,18,69,52,94,50,39,24,303,124,264,149,300,335,94,22,20,566,169,,,,59,,
20260407,4,PM10_24h,20,30,64,35,27,70,53,22,25,23,49,53,68,60,18,41,20,23,44,66,83,91,80,45,76,88,99,105,88,84,65,60,72,97,39,39,90,103,86,40,31,70,62,35,84,30,20,44,55,34,113,110,48,38,32,31,39,34,41,31,32,40,66,45,41,35,33,32,11,130,83,60,69,57,47,50,25,40,17,17,19,25,28,56,55,75,41,47,70,23,37,64,46,37,18,27,59,29,48,46,26,31,36,37,50,47,43,52,38,94,20,63,82,74,17,26,58,37,26,28,31,40,39,81,88,63,129,93,103,120,127,74,42,73,63,48,28,63,59,70,42,45,44,37,37,42,35,38,31,35,122,106,66,108,137,54,55,74,62,55,,,,,,,,,,,,,,,,,,,,,,,,,,,,,,91,83,40,88,44,75,94,44,60,60,39,23,49,23,,15,36,23,31,50,24,33,28,45,40,43,22,18,29,31,15,28,18,24,33,35,20,85,90,82,89,72,61,76,87,81,79,80,79,79,34,16,18,22,27,42,24,46,28,20,35,32,35,46,111,105,87,106,108,102,82,108,93,100,136,87,109,118,75,102,82,37,29,29,53,25,33,25,34,24,59,55,64,82,62,100,59,104,91,108,51,26,34,29,40,36,81,23,53,28,24,,9,30,46,45,29,44,51,24,,31,38,42,18,95,40,30,56,61,100,28,54,33,18,8,14,16,22,,11,8,76,49,76,89,72,68,54,66,97,,97,,57,,58,65,46,58,60,47,12,49,79,95,83,53,39,62,131,208,132,179,280,78,44,15,119,73,,,,59,,
20260407,4,SO2,3,7,3,7,6,7,3,2,1,3,3,5,6,7,5,7,7,6,8,6,6,6,4,8,11,9,7,9,5,9,6,6,5,7,6,4,7,5,6,6,6,3,5,5,7,5,2,8,12,6,8,8,5,5,5,5,4,4,6,4,5,8,4,6,9,4,4,6,4,5,3,11,9,9,3,6,15,5,13,8,6,10,3,12,13,11,8,13,16,6,4,6,10,6,3,6,6,6,6,4,7,5,6,5,6,3,6,7,6,11,13,18,9,10,7,26,9,7,8,5,5,3,6,7,7,7,12,6,8,10,7,16,6,7,7,8,10,4,8,11,4,5,6,6,8,6,4,5,6,10,4,3,3,6,6,9,16,10,5,9,,,,,,,,,,,,,,,,,,,,,,,,,,,,,,5,4,4,5,11,12,12,10,9,28,6,6,10,5,,4,11,5,6,10,7,4,5,6,9,1,5,6,6,9,7,4,5,6,5,6,8,6,9,8,8,7,5,7,9,5,6,9,7,7,2,3,3,4,4,4,5,4,5,3,9,6,9,17,12,15,21,7,12,5,5,6,11,7,10,9,4,5,8,6,5,7,5,8,6,5,4,5,4,4,8,8,6,12,10,28,7,4,7,8,5,7,6,3,7,7,5,7,9,3,6,,5,4,4,14,3,9,20,3,,4,5,6,8,7,9,6,5,8,10,3,5,7,6,7,10,9,6,,11,7,6,16,5,6,28,13,12,5,7,,5,,8,,3,8,8,9,13,18,5,16,9,9,4,3,7,8,3,5,7,4,3,7,7,5,10,10,,,,9,,
20260407,4,SO2_24h,3,6,3,5,7,8,3,2,3,3,5,6,7,7,6,7,6,6,8,7,8,8,6,8,12,8,9,10,7,11,7,7,6,8,6,5,8,8,7,6,6,4,6,4,7,4,2,7,8,6,8,9,4,5,5,4,5,4,6,4,5,9,5,6,8,4,4,5,4,7,8,13,12,8,4,5,11,6,10,5,7,11,3,10,12,11,13,11,11,6,5,4,7,10,3,6,9,6,6,4,7,6,6,5,6,4,7,7,6,8,7,12,9,8,6,13,9,8,17,6,5,4,6,10,13,8,14,6,10,12,8,15,6,7,6,8,10,11,7,7,4,7,6,10,8,7,3,5,7,6,7,4,3,7,9,14,12,15,6,10,,,,,,,,,,,,,,,,,,,,,,,,,,,,,,7,3,3,9,7,11,9,8,7,18,5,6,9,7,,5,8,5,7,10,7,3,5,7,8,2,5,6,5,9,8,4,5,7,6,5,8,6,9,10,12,7,5,9,8,7,6,9,7,7,5,4,3,4,4,4,6,5,17,4,8,6,10,10,10,11,7,8,9,7,5,7,12,8,12,13,7,7,8,7,6,8,6,9,5,11,4,5,4,4,9,8,7,13,12,18,8,6,7,8,11,7,8,4,8,7,7,6,9,3,6,,6,5,7,10,4,10,9,3,,6,6,7,8,7,11,5,6,7,11,3,6,7,6,7,9,8,7,,8,6,6,21,8,8,20,12,12,5,9,,6,,8,,5,12,10,11,14,16,6,16,9,13,5,3,10,7,3,5,13,4,4,8,6,5,13,9,,,,8,,
20260407,4,NO2,8,21,16,20,4,17,13,5,13,3,11,17,10,14,8,12,14,7,15,16,24,17,12,21,25,16,19,18,16,11,12,13,16,10,10,20,9,10,11,17,8,20,23,16,35,20,10,10,40,14,21,25,10,28,13,5,20,4,17,13,16,10,7,8,18,11,6,15,4,63,35,9,25,30,12,17,18,26,12,12,15,13,15,26,24,26,10,47,19,28,26,20,26,23,17,9,17,12,13,7,16,6,13,3,26,16,18,15,18,34,12,20,25,24,4,23,14,12,13,9,7,17,10,15,20,16,30,18,32,16,34,12,26,,22,9,9,4,16,8,7,13,4,9,8,4,13,9,5,15,58,16,31,15,59,26,27,19,3,41,,,,,,,,,,,,,,,,,,,,,,,,,,,,,,15,19,25,29,8,17,46,13,37,37,8,6,20,6,,11,6,9,10,4,5,6,6,8,9,4,9,6,7,5,6,5,7,6,5,10,4,38,19,24,8,10,10,19,20,18,15,22,25,18,10,5,10,3,17,21,6,13,4,6,13,10,5,20,22,30,44,25,19,29,25,14,23,9,46,24,15,13,14,14,28,7,7,6,4,6,8,4,11,5,38,15,12,25,15,13,7,2,9,10,15,7,7,8,14,4,31,5,11,3,2,,12,6,8,5,10,7,12,3,,4,6,12,5,23,7,11,7,14,13,8,13,11,7,6,1,3,2,,4,2,23,63,11,18,36,21,29,6,26,,9,,10,,28,3,2,2,3,2,11,1,40,27,11,11,25,8,12,55,9,66,36,30,5,2,8,5,,,,6,,
20260407,4,NO2_24h,7,14,16,8,12,18,14,5,7,6,17,21,18,18,7,14,12,11,17,22,28,30,20,21,22,23,27,22,27,20,15,13,17,19,24,33,20,24,21,26,24,27,28,18,24,20,16,14,23,16,16,41,11,22,12,5,16,5,10,12,13,18,8,8,20,18,9,10,7,36,28,17,24,23,15,16,16,19,13,11,17,21,17,18,17,24,15,26,16,18,16,18,14,16,13,12,24,11,15,7,16,5,13,4,28,19,17,14,14,20,8,19,20,22,8,17,17,14,15,10,9,14,11,24,27,29,23,16,23,16,18,20,27,27,24,11,13,14,10,14,7,18,10,14,15,8,20,15,9,10,33,19,27,18,33,16,19,23,10,21,,,,,,,,,,,,,,,,,,,,,,,,,,,,,,13,17,22,18,12,24,29,16,27,29,8,9,10,5,,12,6,7,12,12,12,9,6,9,8,7,8,9,11,9,11,9,11,14,9,15,5,22,22,18,21,16,11,18,17,16,18,16,23,14,17,13,10,6,25,16,7,15,12,11,13,14,5,19,18,20,22,22,20,16,15,14,25,14,23,29,16,16,22,16,23,16,8,11,6,7,11,8,12,12,21,12,12,21,14,13,16,7,10,15,28,14,12,14,20,10,36,7,17,8,6,,8,10,11,6,11,7,10,6,,7,6,12,8,16,8,7,8,13,17,8,14,11,6,6,3,5,9,,4,3,23,33,17,18,19,24,16,10,19,,13,,16,,20,8,2,3,11,2,13,4,23,23,20,16,21,14,13,35,15,29,10,28,9,5,15,12,,,,6,,
20260407,4,O3,73,56,62,27,77,73,65,76,46,81,80,71,80,86,59,60,67,64,52,95,63,93,86,67,52,77,85,81,81,85,70,71,68,97,111,46,99,110,98,71,109,56,54,14,52,22,24,67,49,73,74,50,36,8,28,36,13,41,22,24,18,27,73,54,20,55,58,80,105,6,37,54,58,63,36,33,50,48,65,61,53,65,18,47,58,76,79,31,78,54,42,64,54,61,61,85,10,28,34,50,,34,24,50,4,8,15,17,61,37,55,85,47,66,72,49,53,52,72,60,60,59,51,84,79,83,49,61,50,75,46,52,4,30,21,19,13,70,43,38,45,32,78,72,46,69,46,26,59,80,7,43,12,42,8,65,54,46,101,34,,,,,,,,,,,,,,,,,,,,,,,,,,,,,,45,72,2,51,53,78,22,78,22,42,69,57,40,71,,32,115,63,59,52,73,73,72,78,79,50,72,65,62,65,74,41,61,71,73,58,61,47,62,65,102,81,48,62,63,58,63,50,81,65,29,51,29,51,8,7,42,52,59,55,51,44,50,17,56,50,41,64,90,38,53,82,33,55,29,44,76,74,50,9,24,9,51,69,35,35,79,54,52,39,,77,67,45,33,84,44,50,46,52,40,66,72,69,47,39,4,42,18,60,54,,39,64,84,64,47,53,62,57,,52,87,66,95,70,64,80,119,79,63,85,55,54,85,68,112,108,118,,99,102,24,11,34,57,30,57,29,93,38,,110,,39,,26,78,72,82,77,60,90,130,29,38,89,69,42,83,48,18,81,1,33,30,53,115,84,61,,,,105,,
20260407,4,O3_24h,73,56,62,27,77,73,65,76,46,81,80,71,80,86,59,60,67,64,52,95,63,93,86,67,52,77,85,81,81,85,70,71,68,97,111,46,99,110,98,71,109,56,54,14,52,22,24,67,49,73,74,50,36,8,28,36,13,41,22,24,18,27,73,54,20,55,58,80,105,6,37,54,58,63,36,33,50,48,65,61,53,65,18,47,58,76,79,31,78,54,42,64,54,61,61,85,10,28,34,50,,34,24,50,4,8,15,17,61,37,55,85,47,66,72,49,53,52,72,60,60,59,51,84,79,83,49,61,50,75,46,52,4,30,21,19,13,70,43,38,45,32,78,72,46,69,46,26,59,80,7,43,12,42,8,65,54,46,101,34,,,,,,,,,,,,,,,,,,,,,,,,,,,,,,45,72,2,51,53,78,22,78,22,42,69,57,40,71,,32,115,63,59,52,73,73,72,78,79,50,72,65,62,65,74,41,61,71,73,58,61,47,62,65,102,81,48,62,63,58,63,50,81,65,29,51,29,51,8,7,42,52,59,55,51,44,50,17,56,50,41,64,90,38,53,82,33,55,29,44,76,74,50,9,24,9,51,69,35,35,79,54,52,39,,77,67,45,33,84,44,50,46,52,40,66,72,69,47,39,4,42,18,60,54,,39,64,84,64,47,53,62,57,,52,87,66,95,70,64,80,119,79,63,85,55,54,85,68,112,108,118,,99,102,24,11,34,57,30,57,29,93,38,,110,,39,,26,78,72,82,77,60,90,130,29,38,89,69,42,83,48,18,81,1,33,30,53,115,84,61,,,,105,,
20260407,4,O3_8h,,,,,,,,,,,,,,,,,,,,,,,,,,,,,,,,,,,,,,,,,,,,,,,56,,,,,,64,60,,,,,,,,,,,,,,,,112,,,,,,,,,,,,,,,,,,,,,,,,,,,,,,,,,,,,,,,,,,,,,,,,,,,,,,,,,,,,,,,,,,,,,,,,,,,,,,,,,,,,,,,,,,,,,,,,,,,,,,,,,,,,,,,,,,,,,,,,,,,,,,,,,,,,,,,,,,,,,73,,,,,,,,,,,,,,,,,,,,,,,,,,,,,,,,,,,,,,,,,,,,,,,,,,,,,,,,,,,,,,,,,,,,,,,,,,,,,,,,,,,,60,,,,,,,,,,,,,,,,,,,,,,,,,,,,,,,,,,,,,,,,,,,,,,,,,,,,,,,,,,,,,,,,,,,,,,,,,,,,,,,,
20260407,4,O3_8h_24h,,,,,,,,,,,,,,,,,,,,,,,,,,,,,,,,,,,,,,,,,,,,,,,,,,,,,,,,,,,,,,,,,,,,,,,,,,,,,,,,,,,,,,,,,,,,,,,,,,,,,,,,,,,,,,,,,,,,,,,,,,,,,,,,,,,,,,,,,,,,,,,,,,,,,,,,,,,,,,,,,,,,,,,,,,,,,,,,,,,,,,,,,,,,,,,,,,,,,,,,,,,,,,,,,,,,,,,,,,,,,,,,,,,,,,,,,,,,,,,,,,,,,,,,,,,,,,,,,,,,,,,,,,,,,,,,,,,,,,,,,,,,,,,,,,,,,,,,,,,,,,,,,,,,,,,,,,,,,,,,,,,,,,,,,,,,,,,,,,,,,,,,,,,,,,,,,,,,,,,,,,,,,,,,,,,,,,,
20260407,4,CO,0.26,0.47,0.26,0.63,0.20,0.35,0.25,0.23,0.20,0.20,0.22,0.30,0.40,0.52,0.48,0.43,0.40,0.40,0.39,0.43,0.63,0.61,0.50,0.50,0.46,0.56,0.83,0.92,0.64,0.60,0.38,0.44,0.35,0.63,0.49,0.50,0.47,0.60,0.63,0.53,0.45,0.80,0.60,0.60,0.57,1.00,0.33,0.78,0.69,0.39,0.60,0.63,0.71,0.64,0.47,0.43,0.47,0.25,0.33,0.57,0.55,0.47,0.56,0.50,0.53,0.39,0.37,0.48,0.23,0.69,0.53,0.75,0.42,0.42,0.48,0.73,0.51,0.34,0.40,0.45,0.27,0.30,0.50,0.66,0.56,0.53,0.30,0.62,0.58,0.35,0.33,0.65,0.58,0.48,0.27,0.42,0.97,0.53,0.57,0.63,0.85,0.35,0.40,0.53,0.60,0.60,0.67,0.50,0.53,0.80,0.53,1.27,0.75,0.60,0.28,1.32,0.46,0.48,0.38,0.62,0.28,0.43,0.28,0.58,0.47,0.68,0.67,0.32,0.65,0.60,0.58,0.50,0.45,0.67,0.85,1.00,0.50,0.63,0.80,0.90,0.50,0.50,0.53,0.52,0.67,0.47,0.50,0.20,0.53,0.50,0.57,0.60,0.45,0.44,0.60,0.40,0.53,0.46,0.36,0.35,,,,,,,,,,,,,,,,,,,,,,,,,,,,,,0.45,,0.90,0.47,0.30,0.45,0.50,0.47,0.40,0.73,0.43,0.20,0.55,0.38,,0.30,0.50,0.28,0.40,0.35,0.43,0.25,0.30,0.45,0.75,0.30,0.35,0.23,0.15,0.37,0.30,0.33,0.30,0.37,0.25,0.30,0.35,0.37,0.44,0.35,0.43,0.47,0.60,0.40,0.53,0.27,0.40,0.30,0.75,0.47,0.57,0.73,0.55,0.65,0.80,0.67,0.47,0.63,0.30,0.80,1.00,0.65,0.82,0.70,0.70,0.78,0.65,0.50,0.48,0.57,0.50,0.30,1.00,0.57,0.74,0.70,0.50,0.60,0.67,1.20,0.70,0.45,0.83,0.70,0.80,0.50,0.53,0.30,1.15,0.45,0.35,0.63,0.75,0.97,0.70,1.15,0.70,0.70,1.15,0.90,0.70,0.35,0.40,0.38,0.40,0.63,0.55,0.35,0.75,0.40,0.30,,0.20,0.40,0.50,0.57,0.25,0.50,0.55,0.55,,0.70,0.35,0.40,0.40,0.85,0.45,0.50,0.40,0.50,0.55,0.40,0.70,0.30,0.35,0.25,0.20,0.35,0.40,,0.45,0.50,0.57,0.67,0.50,0.50,1.30,0.35,0.40,0.25,0.55,,0.35,,0.50,,0.40,0.50,0.50,0.20,0.20,0.40,0.50,0.40,0.50,1.20,0.30,0.35,0.20,0.25,0.20,1.05,0.10,0.90,0.30,0.70,0.20,0.10,0.30,0.50,,,,0.65,,
20260407,4,CO_24h,0.26,0.35,0.36,0.37,0.25,0.43,0.26,0.30,0.20,0.20,0.35,0.35,0.45,0.42,0.28,0.43,0.37,0.40,0.47,0.64,0.70,0.86,0.72,0.49,0.48,0.62,0.96,0.79,0.64,0.75,0.36,0.56,0.38,0.72,0.60,0.63,0.56,0.88,0.65,0.60,0.55,0.77,0.60,0.60,0.63,0.60,0.40,0.63,0.49,0.43,0.53,0.99,0.66,0.67,0.50,0.47,0.50,0.25,0.37,0.57,0.57,0.57,0.64,0.53,0.62,0.50,0.43,0.45,0.25,0.57,0.53,0.70,0.44,0.40,0.47,0.63,0.51,0.30,0.40,0.40,0.27,0.43,0.60,0.31,0.46,0.57,0.26,0.47,0.52,0.33,0.32,0.40,0.43,0.50,0.23,0.42,1.03,0.60,0.70,0.67,0.80,0.40,0.55,0.53,0.75,0.90,0.87,0.65,0.40,0.70,0.41,0.55,0.55,0.50,0.34,0.92,0.53,0.60,0.42,0.62,0.36,0.53,0.30,0.77,0.87,0.76,0.56,0.40,0.62,0.67,0.52,0.47,0.53,0.73,0.88,1.05,0.60,0.90,0.72,0.96,0.50,0.63,0.65,0.82,0.73,0.47,0.57,0.25,0.68,0.47,0.53,0.45,0.45,0.46,0.60,0.50,0.50,0.64,0.44,0.35,,,,,,,,,,,,,,,,,,,,,,,,,,,,,,0.43,0.40,0.80,0.60,0.33,0.40,0.65,0.37,0.37,0.50,0.47,0.20,0.40,0.28,,0.20,0.50,0.28,0.50,0.35,0.50,0.30,0.30,0.40,0.70,0.35,0.15,0.30,0.23,0.30,0.37,0.38,0.35,0.53,0.30,0.35,0.35,0.43,0.48,0.45,0.73,0.53,0.50,0.45,0.50,0.33,0.42,0.33,0.83,0.40,0.70,0.87,0.60,0.70,0.80,0.60,0.60,0.63,0.55,0.84,0.95,0.70,0.88,0.80,0.70,0.70,0.55,0.45,0.50,0.53,0.40,0.37,0.90,0.63,0.72,0.87,0.63,0.70,0.50,1.00,0.77,0.65,0.85,0.90,0.90,0.65,0.60,0.35,0.65,0.50,0.40,0.63,0.68,1.00,0.77,1.10,0.80,1.00,1.05,1.00,0.80,0.50,0.50,0.47,0.55,0.65,0.65,0.35,0.70,0.50,0.40,,0.20,0.45,0.60,0.63,0.35,0.45,0.55,0.60,,0.75,0.35,0.40,0.50,0.75,0.45,0.50,0.40,0.45,0.65,0.40,0.65,0.35,0.35,0.30,0.25,0.30,0.60,,0.45,0.50,0.53,0.53,0.50,0.45,0.60,0.35,0.40,0.25,0.55,,0.30,,0.55,,0.40,0.60,0.40,0.20,0.30,0.40,0.40,0.40,0.43,0.65,0.35,0.40,0.30,0.30,0.20,0.70,0.15,0.55,0.30,0.60,0.50,,0.40,0.55,,,,0.60,,
20260407,5,AQI,22,31,75,54,26,45,51,23,19,24,38,51,63,64,18,37,22,31,51,31,60,39,38,29,58,51,48,57,43,42,38,23,55,73,41,21,55,57,55,56,34,86,47,32,60,34,26,80,67,24,73,63,74,39,34,35,36,30,40,35,33,39,56,49,39,23,18,35,33,91,62,58,55,83,81,80,25,27,21,24,20,19,27,52,46,59,34,51,57,31,41,58,53,30,20,27,49,26,39,39,40,24,39,38,46,30,35,42,32,71,25,71,61,64,22,40,37,32,21,55,19,43,31,59,57,70,78,57,69,83,73,57,35,69,68,51,37,21,70,33,34,21,24,32,14,21,29,31,19,42,78,62,54,68,83,46,55,34,48,72,,,,,,,,,,,,,,,,,,,,,,,,,,,,,,58,63,59,83,33,61,64,55,67,57,35,20,65,25,,14,38,19,31,19,23,24,25,35,40,27,23,21,20,21,23,18,19,22,22,31,18,59,61,56,72,62,63,69,68,58,59,67,72,73,26,17,21,32,14,37,18,32,21,17,33,22,33,41,63,83,59,60,61,69,70,58,81,60,92,68,67,61,64,79,55,21,41,41,86,12,47,36,50,22,58,55,53,85,51,83,24,30,65,115,37,24,20,19,27,30,39,14,41,22,33,,11,19,47,42,28,34,63,18,,15,32,20,30,89,26,29,64,68,84,26,47,30,27,20,36,33,37,,31,31,58,52,59,72,65,54,56,71,66,,72,,52,,33,62,45,38,56,21,28,51,50,73,53,35,38,296,74,157,98,175,180,67,35,36,440,148,,,,68,,
20260407,5,PM2.5,3,11,17,21,3,23,9,5,7,4,9,13,19,25,8,4,5,22,36,14,43,17,9,7,37,24,14,24,24,15,18,8,28,46,16,11,31,29,30,40,14,64,30,20,24,24,18,59,28,4,42,38,54,19,16,14,22,18,20,15,17,23,40,34,23,15,4,22,5,35,28,37,21,25,60,59,17,8,3,11,7,6,19,22,10,29,3,19,24,10,18,29,30,12,10,3,34,13,24,25,23,10,22,21,23,21,17,25,20,52,7,37,22,27,4,17,10,5,8,39,10,30,17,42,36,34,44,22,38,42,36,16,22,44,45,35,26,4,51,22,20,9,7,18,3,3,10,17,7,27,38,24,16,26,40,24,18,13,12,16,,,,,,,,,,,,,,,,,,,,,,,,,,,,,,31,42,42,25,9,26,27,28,16,8,13,8,35,10,,6,12,3,5,5,4,17,16,14,21,19,9,12,9,5,7,9,7,7,9,22,5,37,24,28,42,28,45,50,39,34,30,45,45,53,10,3,15,22,9,18,12,17,8,9,16,12,22,29,32,47,35,34,32,25,49,20,59,24,32,38,30,28,44,53,31,11,29,29,64,3,20,25,33,15,41,34,36,63,36,61,9,21,47,87,18,3,7,6,3,21,21,3,29,11,3,,3,8,29,23,15,15,45,7,,5,21,3,7,66,13,18,46,49,62,18,32,21,10,5,3,6,8,,3,3,37,22,30,31,32,25,34,28,28,,28,,23,,14,25,20,21,21,7,3,20,22,34,20,13,10,50,15,103,46,80,97,28,6,3,59,32,,,,49,,
20260407,5,PM2.5_24h,4,8,17,11,5,29,12,9,5,7,17,14,25,16,8,6,6,21,37,33,33,43,34,12,24,38,40,41,41,38,23,26,26,42,21,29,46,47,41,28,19,41,36,24,31,25,16,32,13,7,39,60,39,20,16,14,22,18,17,15,17,25,48,30,26,23,20,18,6,33,31,27,20,17,38,37,13,11,3,7,7,10,23,14,13,21,7,15,18,6,7,16,14,7,4,2,43,14,32,21,21,12,21,16,33,22,22,27,22,30,6,19,20,18,6,11,11,8,10,23,23,37,29,38,38,37,35,30,34,35,35,23,23,46,39,38,23,35,35,53,22,25,27,20,22,20,27,26,18,18,33,30,18,33,37,18,14,21,12,15,,,,,,,,,,,,,,,,,,,,,,,,,,,,,,32,27,33,18,12,19,25,16,12,15,11,12,23,7,,4,8,2,7,8,7,16,10,11,11,42,17,12,27,20,12,21,19,22,15,31,10,32,36,23,36,33,33,38,33,28,40,28,36,46,27,14,13,16,24,25,18,27,22,12,20,21,20,29,35,33,28,35,34,25,26,31,47,30,42,45,43,45,48,49,31,24,20,26,43,22,15,16,25,19,43,34,39,62,43,83,39,63,67,78,25,14,23,13,12,29,46,12,35,20,6,,4,16,33,34,13,24,46,17,,25,24,20,8,54,31,18,42,43,76,19,38,24,10,4,5,4,12,,4,4,36,19,32,31,26,25,29,18,33,,28,,25,,21,26,20,26,24,18,6,18,21,30,23,18,15,17,27,77,45,77,81,26,13,3,22,20,,,,42,,
20260407,5,PM10,14,31,100,57,26,45,51,18,19,12,38,51,76,77,15,37,20,,44,31,70,39,38,29,66,51,48,63,43,42,38,23,60,95,41,21,60,63,59,62,31,101,47,32,70,29,25,65,84,17,95,76,84,39,34,35,36,30,40,35,33,39,55,45,39,23,11,35,7,131,73,66,59,115,77,85,25,27,19,24,20,16,24,53,46,68,34,52,63,31,41,65,56,30,20,25,47,26,39,39,40,24,39,38,46,30,35,42,32,92,25,92,71,78,8,40,37,32,20,44,18,39,31,57,64,89,105,64,87,116,95,63,35,87,85,51,34,19,82,33,34,21,12,32,9,18,29,31,17,42,105,74,57,86,115,46,60,34,48,93,,,,,,,,,,,,,,,,,,,,,,,,,,,,,,66,76,58,116,33,72,78,60,83,63,35,16,79,25,,14,38,18,31,19,11,23,25,35,40,22,17,19,,21,14,18,12,10,14,,12,68,71,61,93,74,73,61,86,65,67,84,94,74,26,8,18,32,14,37,18,32,16,15,33,22,33,35,76,116,68,69,72,87,89,66,112,69,133,86,84,72,77,108,60,21,35,40,91,11,47,31,50,22,53,59,55,78,51,93,24,22,76,97,37,14,20,16,27,29,39,12,40,22,33,,7,19,47,42,28,34,65,7,,12,32,16,20,92,26,29,51,61,77,26,47,28,16,8,9,8,12,,8,6,66,53,67,94,80,57,62,91,82,,93,,53,,33,73,45,38,62,21,18,52,50,96,55,35,38,417,97,264,146,300,309,83,35,19,540,246,,,,62,,
20260407,5,PM10_24h,20,30,66,37,27,69,54,23,25,23,49,53,69,61,19,41,20,23,44,65,82,89,79,44,75,85,97,102,85,81,63,56,71,98,39,37,90,101,86,40,31,71,61,34,84,30,20,45,56,33,111,109,50,38,32,32,39,34,42,31,32,40,65,45,40,34,32,32,11,131,82,61,67,59,48,52,26,39,17,17,20,24,28,56,55,76,41,48,70,23,38,64,47,36,18,26,58,29,48,46,26,31,37,37,50,47,43,51,37,92,21,62,79,74,17,27,58,37,26,29,30,40,39,80,87,65,127,90,100,119,124,74,42,75,65,48,28,60,60,69,43,43,41,36,36,40,35,38,30,36,123,104,64,109,136,54,55,72,62,58,,,,,,,,,,,,,,,,,,,,,,,,,,,,,,90,81,40,88,44,75,93,45,60,61,39,22,51,24,,15,36,23,31,50,24,33,27,45,41,40,22,19,28,31,15,28,19,24,31,33,19,84,90,80,90,72,62,76,88,79,79,78,80,79,34,16,17,23,26,42,23,45,27,20,35,31,34,45,107,104,86,102,105,103,79,107,96,100,137,89,110,115,76,104,81,36,28,29,55,24,32,24,35,23,59,55,64,83,62,100,57,100,92,109,51,25,33,27,38,35,80,22,53,26,24,,8,29,46,43,29,43,52,22,,29,38,42,17,95,39,30,56,60,99,28,54,32,18,8,14,16,22,,10,8,76,50,76,91,73,68,54,67,97,,97,,57,,57,65,46,57,60,46,12,49,77,94,83,53,40,77,131,213,134,186,283,79,43,15,140,81,,,,59,,
20260407,5,SO2,3,7,3,7,7,7,3,2,1,2,4,5,6,7,6,7,6,6,9,6,6,6,4,8,11,8,6,8,5,8,7,6,4,7,6,5,7,6,5,6,6,4,5,4,7,5,2,7,13,6,7,8,5,5,6,4,4,4,6,4,5,9,4,6,8,4,4,6,4,4,3,12,12,9,4,6,18,5,11,7,6,9,2,18,10,11,7,11,20,6,4,5,10,7,3,6,6,6,5,5,7,6,7,5,5,2,5,6,6,10,19,13,10,7,8,19,9,7,7,8,4,3,6,8,10,8,12,6,8,11,9,18,6,6,6,7,10,4,10,11,4,5,6,8,7,6,3,5,6,9,4,3,2,5,6,10,14,20,5,9,,,,,,,,,,,,,,,,,,,,,,,,,,,,,,5,4,3,5,10,12,12,9,11,23,4,6,9,5,,4,10,6,6,10,6,3,5,8,8,2,6,6,5,9,7,4,5,7,5,5,9,6,8,7,8,7,5,7,7,5,6,7,6,6,3,5,3,4,4,3,5,4,6,3,9,6,11,12,11,12,7,7,12,5,8,7,9,7,10,11,5,4,6,6,6,7,5,8,8,6,4,4,6,4,8,7,6,11,10,30,6,5,8,6,4,7,7,4,7,8,5,7,8,4,6,,5,4,4,20,3,10,21,3,,4,6,6,8,7,11,6,5,7,10,3,6,7,6,7,9,9,6,,10,7,9,10,5,5,32,12,11,5,8,,12,,8,,4,8,7,9,13,18,5,16,11,9,4,3,7,7,3,5,7,4,3,6,6,5,10,10,,,,8,,
20260407,5,SO2_24h,3,6,3,5,7,8,3,2,3,3,5,6,7,7,6,7,6,6,8,7,8,8,6,8,12,8,9,10,7,10,7,7,6,8,6,5,8,8,7,6,6,4,6,4,7,4,2,7,8,6,7,9,4,5,5,4,4,4,6,4,5,9,5,6,8,4,4,5,4,7,7,13,12,8,4,6,11,6,10,5,7,11,3,11,12,11,13,10,11,5,5,4,7,9,3,6,9,6,6,4,7,6,6,5,6,4,7,7,5,8,8,11,9,8,6,14,9,8,16,6,5,4,6,10,13,8,14,6,10,12,8,15,6,7,6,8,10,11,7,8,4,7,6,10,8,6,3,5,7,6,7,4,3,7,9,14,13,16,6,10,,,,,,,,,,,,,,,,,,,,,,,,,,,,,,7,3,3,8,7,12,9,8,7,18,5,6,9,7,,5,9,5,7,10,7,3,5,7,8,2,5,6,5,9,8,4,5,7,6,5,8,6,9,10,12,7,5,9,8,7,6,9,8,7,5,4,3,4,4,4,6,5,16,4,8,6,10,11,10,12,7,8,9,7,5,7,12,8,12,13,7,7,8,7,6,7,5,9,5,11,4,5,4,4,9,8,7,13,12,18,8,6,7,7,11,7,8,4,8,7,7,6,9,3,6,,6,5,7,11,4,10,9,3,,6,6,6,8,7,11,5,6,7,11,3,6,7,6,7,9,8,7,,8,6,6,19,8,8,22,12,12,5,9,,6,,8,,5,12,10,11,14,16,6,16,10,13,5,3,10,7,3,5,13,4,4,8,6,5,13,9,,,,8,,
20260407,5,NO2,10,24,11,22,3,17,13,5,14,4,12,13,15,10,8,12,11,7,19,16,24,20,14,15,24,15,21,20,15,11,12,13,19,12,13,13,8,12,13,10,8,12,27,16,36,20,16,10,42,12,30,24,11,29,11,4,19,4,19,14,15,9,7,7,14,11,6,16,5,55,31,8,26,26,12,17,32,23,8,8,16,17,14,31,14,27,9,31,19,34,27,23,34,25,19,10,15,14,11,8,16,8,11,5,24,12,19,16,14,,11,14,27,18,6,17,15,13,12,10,7,17,12,16,15,17,39,14,32,14,37,13,20,36,19,8,7,5,19,7,8,10,4,18,7,4,8,7,5,17,57,16,23,14,49,11,23,18,3,32,,,,,,,,,,,,,,,,,,,,,,,,,,,,,,20,,27,28,7,14,44,19,43,18,8,5,13,22,,11,6,8,11,6,6,7,,11,10,6,13,7,6,7,5,7,8,8,8,12,4,38,20,17,9,10,10,16,30,17,19,20,15,18,12,4,8,,14,17,7,12,5,7,13,9,5,23,18,27,42,27,22,27,23,11,25,10,31,23,16,13,15,13,27,8,8,6,4,7,8,3,,3,33,18,11,23,10,12,7,2,7,11,21,7,7,10,8,4,24,5,7,3,2,,12,6,7,5,8,8,12,3,,4,10,10,6,18,6,13,7,13,13,8,21,10,5,6,1,3,1,,5,2,29,70,10,18,25,22,24,9,25,,14,,10,,22,2,1,1,10,2,10,1,36,25,11,10,24,6,10,52,10,59,37,28,5,1,10,4,,,,5,,
20260407,5,NO2_24h,7,15,16,9,11,17,15,5,7,6,17,21,19,17,7,14,12,11,17,22,27,29,19,21,22,21,26,22,27,19,15,12,17,18,24,32,20,23,21,26,24,27,28,18,24,21,16,14,24,17,17,39,11,23,12,5,17,5,11,12,13,17,8,8,20,18,9,10,7,36,28,17,23,23,15,17,17,19,12,11,17,21,18,18,17,24,15,26,17,18,17,19,15,17,13,12,23,11,15,7,16,5,13,4,28,20,17,14,14,20,8,18,21,20,8,16,17,14,14,10,9,14,11,23,25,29,23,16,24,16,18,20,26,27,25,11,13,13,9,14,7,18,9,14,14,8,20,15,9,10,34,19,27,18,35,15,19,23,10,22,,,,,,,,,,,,,,,,,,,,,,,,,,,,,,14,17,23,18,12,24,30,17,28,28,8,8,10,6,,12,6,7,12,12,11,9,6,9,8,7,8,9,12,9,11,9,11,14,9,15,5,22,22,18,20,15,11,18,18,16,17,16,23,14,17,13,10,6,26,17,8,15,12,11,13,14,5,19,18,21,23,22,20,16,15,14,25,13,24,29,16,16,22,16,23,16,8,10,6,7,11,8,12,11,22,12,12,20,14,13,16,6,10,15,28,14,12,14,19,10,37,6,16,8,6,,8,9,11,6,11,7,10,6,,6,6,12,8,16,8,8,7,13,17,8,14,11,6,7,3,5,9,,4,3,23,34,16,18,20,23,16,10,19,,13,,16,,20,8,2,3,11,2,13,4,23,23,20,16,21,14,13,36,14,31,11,28,9,5,15,11,,,,6,,
20260407,5,O3,70,52,67,24,75,73,64,73,43,78,75,74,70,90,56,58,71,62,48,87,59,84,79,73,53,75,83,75,83,77,64,69,59,87,104,62,101,104,90,103,108,82,15,28,49,20,14,67,41,77,56,50,33,8,28,37,13,40,18,22,16,24,73,63,21,52,58,79,104,11,40,53,51,64,34,30,36,51,68,55,53,61,17,41,71,73,79,55,78,43,41,59,48,53,54,86,13,25,40,49,,31,22,47,3,11,13,8,61,38,52,90,42,66,71,53,50,49,66,56,60,58,47,76,80,79,33,73,43,71,38,52,5,12,31,18,11,68,28,39,40,37,78,66,45,66,56,47,62,77,6,43,17,41,13,74,53,47,96,43,,,,,,,,,,,,,,,,,,,,,,,,,,,,,,35,75,2,49,56,80,21,60,13,65,67,63,40,57,,33,112,62,55,50,72,70,70,69,77,44,72,68,65,63,74,43,61,69,70,54,57,50,56,67,93,83,48,67,39,60,55,46,88,64,25,53,31,49,11,8,37,45,67,53,55,44,53,17,65,49,29,68,86,37,51,90,27,53,33,45,65,62,52,5,30,12,45,67,35,38,78,59,44,37,,69,70,47,35,80,46,48,46,52,27,76,65,62,76,50,26,44,31,63,49,,35,62,82,60,60,49,57,57,,47,71,65,96,74,63,72,115,80,58,82,42,55,85,65,114,106,118,,98,99,20,3,35,49,38,51,34,70,35,,92,,36,,25,77,72,77,57,63,91,130,34,34,82,70,46,85,50,18,77,4,34,26,51,114,73,55,,,,108,,
20260407,5,O3_24h,70,52,67,24,75,73,64,73,43,78,75,74,70,90,56,58,71,62,48,87,59,84,79,73,53,75,83,75,83,77,64,69,59,87,104,62,101,104,90,103,108,82,15,28,49,20,14,67,41,77,56,50,33,8,28,37,13,40,18,22,16,24,73,63,21,52,58,79,104,11,40,53,51,64,34,30,36,51,68,55,53,61,17,41,71,73,79,55,78,43,41,59,48,53,54,86,13,25,40,49,,31,22,47,3,11,13,8,61,38,52,90,42,66,71,53,50,49,66,56,60,58,47,76,80,79,33,73,43,71,38,52,5,12,31,18,11,68,28,39,40,37,78,66,45,66,56,47,62,77,6,43,17,41,13,74,53,47,96,43,,,,,,,,,,,,,,,,,,,,,,,,,,,,,,35,75,2,49,56,80,21,60,13,65,67,63,40,57,,33,112,62,55,50,72,70,70,69,77,44,72,68,65,63,74,43,61,69,70,54,57,50,56,67,93,83,48,67,39,60,55,46,88,64,25,53,31,49,11,8,37,45,67,53,55,44,53,17,65,49,29,68,86,37,51,90,27,53,33,45,65,62,52,5,30,12,45,67,35,38,78,59,44,37,,69,70,47,35,80,46,48,46,52,27,76,65,62,76,50,26,44,31,63,49,,35,62,82,60,60,49,57,57,,47,71,65,96,74,63,72,115,80,58,82,42,55,85,65,114,106,118,,98,99,20,3,35,49,38,51,34,70,35,,92,,36,,25,77,72,77,57,63,91,130,34,34,82,70,46,85,50,18,77,4,34,26,51,114,73,55,,,,108,,
20260407,5,O3_8h,,,,,,,,,,,,,,,,,,,,,,,,,,,,,,,,,,,,,,,,,,,,,,,,,,,,,,60,,,,,,,,,,,,,,,,112,,,,,,,,,,,,,,,,,,,,,,,,,,,,,,,,,,,,,,,,,,,,,,,,,,,,,,,,,,,,,,,,,,,,,,,,,,,,,,,,,,,,,,,,,,,,,,,,,,,,,,,,,,,,,,,,,,,,,,,,,,,,,,,,,,,,,,,,,,,,,73,,,,,,,,,,,,,,,,,,,,,,,,,,,,,,,,,,,,,,,,,,,,,,,,,,,,,,,,,,,,,,,,,,,,,,,,,,,,,,,,,,,,60,,,,,,,,,,,,,,,,,,,,,,,,,,,,,,,,,,,,,,,,,,,,,,,,,,,,,,,,,,,,,,,,,,,,,,,,,,,,,,,,
20260407,5,O3_8h_24h,,,,,,,,,,,,,,,,,,,,,,,,,,,,,,,,,,,,,,,,,,,,,,,,,,,,,,,,,,,,,,,,,,,,,,,,,,,,,,,,,,,,,,,,,,,,,,,,,,,,,,,,,,,,,,,,,,,,,,,,,,,,,,,,,,,,,,,,,,,,,,,,,,,,,,,,,,,,,,,,,,,,,,,,,,,,,,,,,,,,,,,,,,,,,,,,,,,,,,,,,,,,,,,,,,,,,,,,,,,,,,,,,,,,,,,,,,,,,,,,,,,,,,,,,,,,,,,,,,,,,,,,,,,,,,,,,,,,,,,,,,,,,,,,,,,,,,,,,,,,,,,,,,,,,,,,,,,,,,,,,,,,,,,,,,,,,,,,,,,,,,,,,,,,,,,,,,,,,,,,,,,,,,,,,,,,,,,
20260407,5,CO,0.25,0.47,0.32,0.61,0.20,0.35,0.28,0.27,0.20,0.20,0.25,0.30,0.42,0.47,0.40,0.44,0.36,0.40,0.36,0.41,0.64,0.59,0.42,0.44,0.46,0.52,0.77,0.77,0.56,0.58,0.35,0.42,0.38,0.63,0.49,0.47,0.44,0.63,0.60,0.50,0.40,0.73,0.50,0.60,0.58,1.05,0.33,0.77,0.72,0.40,0.59,0.68,0.75,0.64,0.50,0.43,0.47,0.25,0.37,0.60,0.57,0.50,0.59,0.50,0.55,0.38,0.43,0.49,0.25,0.62,0.53,0.75,0.54,0.47,0.53,0.73,0.59,0.32,0.42,0.53,0.27,0.33,0.50,0.99,0.48,0.53,0.28,0.50,0.58,0.38,0.30,0.60,0.53,0.48,0.27,0.40,0.93,0.53,0.57,0.63,0.85,0.30,0.40,0.50,0.60,0.60,0.67,0.55,0.50,0.90,0.66,0.78,0.78,0.50,0.33,1.06,0.45,0.42,0.38,0.67,0.28,0.43,0.23,0.60,0.47,0.70,0.70,0.28,0.68,0.80,0.58,0.43,0.60,0.80,0.85,0.98,0.50,0.63,0.80,0.86,0.50,0.48,0.53,0.63,0.63,0.43,0.43,0.20,0.50,0.50,0.57,0.45,0.50,0.44,0.55,0.50,0.43,0.58,0.36,0.35,,,,,,,,,,,,,,,,,,,,,,,,,,,,,,0.45,0.40,0.85,0.53,0.30,0.40,0.70,0.53,0.40,0.43,0.47,0.20,0.55,0.38,,0.30,0.50,0.28,0.40,0.35,0.43,0.10,0.30,0.45,0.70,0.30,0.55,0.23,0.15,0.30,0.27,0.30,0.30,0.40,0.30,0.30,0.35,0.42,0.48,0.40,0.50,0.42,0.60,0.50,0.52,0.23,0.38,0.27,0.73,0.47,0.60,0.80,0.55,0.65,0.80,0.63,0.50,0.65,0.35,0.76,0.95,0.63,0.85,0.80,0.66,0.92,0.60,0.45,0.50,0.55,0.50,0.30,0.95,0.57,0.64,0.97,0.60,0.80,0.40,1.20,0.77,0.40,0.85,0.70,0.80,0.45,0.53,0.30,0.70,0.45,0.35,0.63,0.97,0.90,0.67,1.15,0.67,0.70,1.05,1.00,0.70,0.35,0.37,0.40,0.40,0.60,0.38,0.35,0.70,0.35,0.30,,0.20,0.40,0.43,0.57,0.25,0.55,0.55,0.55,,0.70,0.35,0.40,0.40,0.85,0.50,0.50,0.40,0.50,0.45,0.35,0.75,0.25,0.30,0.25,0.15,0.30,0.40,,0.45,0.50,0.63,0.73,0.40,0.50,1.10,0.35,0.40,0.30,0.60,,0.40,,0.50,,0.50,0.50,0.50,0.20,0.20,0.40,0.60,0.30,0.50,0.65,0.35,0.30,0.20,0.30,0.20,1.05,0.10,0.80,0.50,0.65,0.30,0.10,0.35,0.50,,,,0.70,,
20260407,5,CO_24h,0.26,0.35,0.36,0.38,0.25,0.43,0.26,0.30,0.20,0.20,0.30,0.33,0.45,0.42,0.28,0.43,0.37,0.41,0.46,0.63,0.69,0.83,0.72,0.49,0.50,0.62,0.96,0.80,0.64,0.72,0.36,0.56,0.38,0.72,0.60,0.63,0.56,0.88,0.65,0.60,0.55,0.80,0.60,0.60,0.63,0.60,0.40,0.67,0.50,0.43,0.53,0.97,0.66,0.66,0.50,0.47,0.50,0.25,0.33,0.57,0.57,0.57,0.64,0.55,0.62,0.49,0.40,0.45,0.25,0.57,0.53,0.70,0.44,0.42,0.48,0.63,0.51,0.30,0.42,0.40,0.27,0.40,0.60,0.33,0.46,0.57,0.28,0.47,0.54,0.32,0.32,0.40,0.43,0.50,0.23,0.42,1.03,0.60,0.70,0.67,0.80,0.40,0.50,0.53,0.75,0.90,0.83,0.65,0.40,0.70,0.41,0.55,0.55,0.50,0.34,0.90,0.52,0.56,0.42,0.62,0.36,0.53,0.30,0.75,0.83,0.80,0.58,0.40,0.62,0.63,0.52,0.47,0.50,0.77,0.88,1.05,0.60,0.90,0.72,0.97,0.50,0.63,0.63,0.80,0.73,0.47,0.57,0.25,0.68,0.47,0.53,0.45,0.45,0.46,0.60,0.50,0.50,0.66,0.44,0.35,,,,,,,,,,,,,,,,,,,,,,,,,,,,,,0.43,0.40,0.80,0.60,0.37,0.40,0.65,0.40,0.37,0.50,0.47,0.20,0.40,0.28,,0.20,0.50,0.28,0.50,0.35,0.43,0.30,0.30,0.40,0.70,0.35,0.15,0.30,0.23,0.30,0.37,0.38,0.35,0.53,0.30,0.35,0.35,0.43,0.50,0.40,0.70,0.53,0.50,0.45,0.50,0.33,0.42,0.33,0.83,0.40,0.70,0.90,0.60,0.70,0.80,0.60,0.63,0.63,0.55,0.84,0.95,0.70,0.88,0.80,0.70,0.72,0.55,0.45,0.50,0.53,0.40,0.37,0.90,0.63,0.72,0.87,0.63,0.70,0.50,1.00,0.77,0.65,0.85,0.90,0.90,0.65,0.60,0.35,0.65,0.50,0.40,0.63,0.65,1.00,0.77,1.10,0.80,1.00,1.05,1.00,0.77,0.45,0.50,0.47,0.55,0.65,0.65,0.35,0.70,0.50,0.40,,0.20,0.45,0.60,0.63,0.35,0.45,0.55,0.60,,0.75,0.35,0.40,0.45,0.75,0.40,0.50,0.40,0.45,0.65,0.40,0.65,0.35,0.35,0.30,0.25,0.30,0.60,,0.45,0.50,0.53,0.50,0.50,0.45,0.60,0.35,0.40,0.25,0.55,,0.30,,0.55,,0.40,0.60,0.40,0.20,0.30,0.40,0.40,0.40,0.43,0.65,0.35,0.40,0.30,0.30,0.20,0.75,0.15,0.55,0.30,0.65,0.40,,0.40,0.55,,,,0.60,,
20260407,6,AQI,20,36,60,54,23,61,44,22,22,23,35,40,72,60,17,36,22,30,43,27,66,42,33,28,59,53,52,55,42,40,35,22,53,75,41,22,49,58,50,53,33,81,61,29,61,24,27,75,61,23,79,65,69,39,35,34,34,28,43,35,36,42,56,50,35,26,18,39,33,85,59,58,55,95,79,76,28,29,20,29,15,16,27,53,37,70,28,40,56,35,44,55,56,33,21,26,41,24,42,34,34,26,37,36,46,30,31,44,36,67,27,62,60,59,21,31,32,30,19,69,23,40,33,58,59,68,83,57,73,87,74,56,38,66,69,48,36,21,68,28,31,21,23,31,16,20,24,23,19,41,76,59,52,68,85,51,69,33,40,52,,,,,,,,,,,,,,,,,,,,,,,,,,,,,,58,62,61,82,34,74,61,55,69,52,36,21,58,21,,13,38,18,27,25,21,26,30,29,46,27,22,24,21,20,21,15,18,21,22,23,15,64,58,55,72,62,60,59,70,58,61,67,71,63,16,16,17,34,13,38,20,36,32,19,32,21,41,40,59,77,52,57,63,68,70,64,80,57,89,69,68,65,62,78,53,21,51,50,83,12,53,36,48,23,55,54,56,80,50,94,21,30,61,96,36,20,21,23,27,28,25,13,42,22,23,,10,19,49,42,37,20,69,18,,14,31,26,29,88,26,30,56,68,85,27,55,26,24,19,36,33,39,,29,30,59,57,56,72,61,53,52,91,73,,81,,52,,33,55,54,36,59,20,29,41,54,73,58,39,49,173,70,118,94,153,161,61,14,34,396,172,,,,68,,
20260407,6,PM2.5,4,13,14,19,3,23,12,11,5,7,10,13,21,24,7,6,4,21,30,11,48,18,6,6,35,25,15,22,22,14,18,7,25,49,15,12,24,31,22,32,12,60,44,16,25,17,18,55,27,4,48,41,50,19,17,14,22,19,21,16,19,26,40,35,22,17,3,22,5,35,27,34,26,29,58,56,18,12,4,13,5,6,19,24,7,32,3,15,20,11,21,29,32,16,14,3,29,15,27,22,23,9,22,19,22,20,17,26,23,48,7,29,20,20,4,12,10,8,10,50,9,28,17,41,42,32,50,23,47,50,37,17,25,45,45,32,25,5,49,19,18,9,8,19,3,3,6,11,4,27,36,23,15,27,52,21,32,14,9,11,,,,,,,,,,,,,,,,,,,,,,,,,,,,,,32,31,44,33,9,29,40,25,17,9,13,3,28,10,,5,6,3,6,8,4,18,17,10,13,19,9,17,8,5,3,5,6,10,8,16,6,46,23,36,46,29,43,42,40,37,31,46,46,45,5,3,7,23,3,16,11,23,21,13,16,15,24,28,25,28,18,35,33,29,51,22,58,24,35,38,38,31,42,52,28,11,36,35,61,3,24,25,32,16,39,35,40,59,35,70,8,21,37,72,18,5,8,13,3,19,6,6,13,9,15,,3,9,33,29,21,11,50,7,,7,15,10,12,65,18,14,40,49,63,19,39,18,9,3,3,3,3,,3,3,37,24,29,31,29,20,35,37,32,,34,,21,,18,27,21,21,25,8,6,13,28,28,20,16,8,41,15,84,42,74,87,29,9,3,58,42,,,,49,,
20260407,6,PM2.5_24h,5,8,17,12,5,29,12,10,5,7,17,14,25,16,8,6,6,20,37,32,33,42,32,12,25,37,39,39,41,37,21,24,25,43,21,27,46,46,41,28,19,41,36,24,30,24,16,33,14,7,39,59,40,20,16,14,22,18,17,15,17,25,48,30,26,22,18,18,6,33,31,27,21,18,39,38,13,11,3,7,7,10,22,15,13,22,7,15,19,6,8,17,15,7,4,2,43,14,32,21,21,12,21,17,32,22,21,26,22,31,7,20,20,18,6,11,10,8,10,24,22,38,29,38,37,37,35,30,34,36,35,22,23,47,39,38,24,33,36,52,21,23,25,19,22,18,25,26,17,19,33,29,18,33,37,18,15,21,12,15,,,,,,,,,,,,,,,,,,,,,,,,,,,,,,32,25,33,19,12,20,25,16,13,14,11,12,24,8,,5,8,2,7,8,7,16,10,11,10,39,17,12,26,19,12,21,19,22,14,30,10,31,34,24,36,32,34,38,34,28,39,28,37,46,27,13,12,17,23,25,17,26,22,13,20,21,20,29,34,32,28,35,33,25,26,30,49,29,41,45,43,44,48,50,31,23,20,26,44,21,15,16,25,18,43,34,38,63,43,82,38,61,66,78,25,14,22,11,11,29,45,11,35,19,6,,4,16,32,33,14,23,46,15,,24,23,19,8,55,30,17,42,43,76,19,38,24,10,4,5,4,12,,4,4,36,19,32,32,26,24,29,19,33,,28,,25,,21,26,20,25,24,18,6,18,21,29,23,18,15,18,27,78,45,79,83,26,13,3,24,21,,,,42,,
20260407,6,PM10,15,36,70,57,21,71,44,21,22,14,35,40,94,69,15,36,18,22,37,27,70,42,33,28,68,55,53,60,42,40,35,22,55,99,41,22,49,65,50,56,31,98,66,29,71,20,27,74,72,19,108,79,70,39,35,34,34,28,43,35,36,42,52,45,35,26,17,39,7,119,67,66,59,140,79,82,28,29,20,29,15,16,27,55,37,89,28,40,62,35,44,60,62,33,21,23,41,24,42,34,34,26,37,36,46,30,31,44,36,83,27,73,70,68,11,31,32,30,19,61,23,40,33,54,64,85,116,63,96,124,97,61,38,81,87,48,34,14,80,28,31,21,13,31,9,17,24,23,16,41,102,67,54,85,119,51,87,33,40,53,,,,,,,,,,,,,,,,,,,,,,,,,,,,,,66,73,59,113,34,98,72,60,88,54,36,14,66,21,,13,38,15,27,25,11,26,30,29,46,21,18,16,9,19,13,15,11,15,14,,15,69,65,59,93,74,65,60,89,65,71,84,92,70,16,6,10,34,13,38,20,36,32,19,32,21,41,37,68,103,53,64,76,86,90,77,109,64,128,87,86,80,74,105,56,21,44,41,92,12,55,33,48,22,53,57,59,74,50,91,21,24,71,89,36,20,21,23,27,28,25,13,23,21,23,,7,19,49,42,37,20,70,9,,6,31,26,19,95,21,30,47,73,73,26,56,26,16,7,8,8,12,,10,,67,64,62,94,72,56,54,132,95,,112,,54,,33,59,58,36,68,19,13,40,57,96,66,39,49,296,89,185,138,255,271,71,14,16,497,294,,,,64,,
20260407,6,PM10_24h,20,31,67,39,28,70,55,23,26,24,49,53,71,61,19,42,20,23,44,64,81,88,77,43,75,82,95,100,82,77,60,52,70,99,39,36,89,99,86,40,31,71,61,34,85,30,20,47,57,32,109,108,52,39,32,32,39,34,42,31,32,40,65,45,40,32,30,32,11,132,82,61,65,62,50,54,27,40,17,17,20,24,29,55,55,76,40,47,70,23,38,64,47,35,18,26,57,28,48,45,27,31,37,38,49,47,43,49,37,90,21,60,77,73,17,28,57,37,26,30,30,41,39,79,85,66,126,89,99,118,122,74,42,77,66,48,28,58,61,69,43,41,39,36,35,38,34,37,29,36,124,101,62,109,134,54,57,70,62,59,,,,,,,,,,,,,,,,,,,,,,,,,,,,,,90,79,41,89,44,76,91,46,61,60,39,22,52,24,,15,36,24,31,51,24,32,27,46,43,38,21,18,27,31,15,28,19,23,30,33,19,82,88,77,91,72,63,75,88,78,79,77,82,79,34,15,17,24,26,42,23,45,26,20,35,31,34,44,104,102,84,99,101,103,78,104,98,100,139,90,112,113,77,107,80,35,28,29,57,24,32,23,35,22,59,55,64,83,63,100,55,94,91,109,51,24,32,24,37,35,78,20,52,25,24,,8,29,46,42,28,43,52,20,,27,37,41,17,95,39,30,55,60,98,27,54,32,18,8,14,16,22,,11,8,76,50,76,92,73,67,54,70,99,,98,,58,,55,65,47,55,60,44,13,49,75,93,82,54,41,89,131,214,135,192,285,79,41,15,158,90,,,,59,,
20260407,6,SO2,3,7,4,6,7,5,4,2,1,2,4,6,5,7,8,7,6,6,9,6,6,6,4,8,11,7,6,8,5,8,7,6,4,7,6,4,7,5,6,6,6,3,5,4,7,4,3,8,12,6,7,8,5,5,6,5,4,4,5,4,4,11,5,6,8,4,4,7,4,4,3,9,16,8,4,6,14,6,16,7,6,11,4,20,8,14,7,10,13,6,4,5,10,6,3,6,6,6,7,5,7,5,6,5,5,2,5,7,6,,18,12,9,6,5,12,9,7,9,11,6,3,6,8,7,8,13,7,9,14,9,19,6,6,6,8,10,4,11,12,4,6,6,17,8,6,3,5,6,8,4,2,2,6,6,9,16,25,5,10,,,,,,,,,,,,,,,,,,,,,,,,,,,,,,5,3,4,6,10,11,13,8,10,18,3,7,10,7,,4,9,5,6,8,7,3,,10,7,2,7,6,6,8,6,4,6,7,5,6,8,6,8,7,8,7,4,7,7,4,6,7,6,6,3,4,,5,5,6,5,5,15,4,12,12,11,15,12,11,6,7,10,5,5,11,9,6,17,10,6,5,6,5,6,7,5,8,8,5,4,5,4,4,8,8,6,11,9,29,7,5,10,7,4,7,7,4,7,7,4,7,8,4,6,,5,4,4,14,3,9,28,3,,4,6,6,8,7,14,9,6,7,10,3,6,7,6,7,9,8,5,,9,6,10,10,5,6,21,13,12,7,7,,19,,8,,4,8,6,9,13,18,5,15,15,9,4,4,8,6,2,5,13,3,3,6,7,6,10,10,,,,7,,
20260407,6,SO2_24h,3,6,3,5,7,8,3,2,3,3,5,6,6,7,6,7,6,6,8,7,8,8,6,8,12,8,9,10,7,10,7,7,5,8,6,5,8,8,7,6,6,4,6,4,7,4,2,7,8,6,7,9,5,5,5,4,4,4,6,4,5,9,5,6,8,4,4,5,4,7,7,13,12,8,4,6,12,6,10,6,7,10,3,11,11,11,13,10,11,5,5,4,7,8,3,6,10,6,6,4,7,5,6,5,6,4,7,7,5,8,8,11,9,8,6,14,9,8,16,6,5,4,6,9,13,8,14,6,10,12,8,16,6,7,6,8,10,10,7,8,4,7,6,10,8,6,3,5,7,6,7,4,3,7,9,14,13,16,6,10,,,,,,,,,,,,,,,,,,,,,,,,,,,,,,7,3,4,8,8,12,10,8,7,18,5,6,9,7,,5,9,5,7,10,7,3,5,7,8,2,5,6,5,9,8,4,5,7,6,5,8,6,9,9,12,7,5,9,8,7,6,9,8,7,5,4,3,4,4,4,6,5,15,4,8,7,10,11,10,11,7,8,9,7,5,7,12,8,12,13,7,7,8,7,6,7,5,9,6,11,4,5,4,4,9,8,7,13,12,19,8,6,7,7,10,7,7,3,8,7,6,6,9,3,6,,6,5,7,11,4,10,10,3,,6,6,6,8,7,11,6,6,7,11,3,6,7,6,7,9,8,7,,8,6,6,18,8,8,22,12,12,5,9,,7,,8,,5,12,10,11,14,16,6,16,10,12,5,3,10,7,3,5,12,4,3,7,6,5,13,9,,,,8,,
20260407,6,NO2,12,30,11,23,4,19,12,5,15,4,15,15,19,13,10,18,12,10,24,20,21,24,13,17,23,18,21,22,15,12,16,15,19,14,14,21,10,15,17,11,10,14,21,13,31,17,14,10,38,14,25,32,11,29,15,6,25,5,19,14,19,16,8,7,13,12,6,17,4,52,32,10,30,25,12,16,38,23,11,21,18,26,15,33,12,34,10,21,20,36,32,25,34,27,18,10,16,14,10,8,15,10,13,3,23,13,18,19,15,23,13,12,28,15,8,18,16,15,16,11,9,16,12,17,14,19,49,14,30,20,39,14,17,39,18,8,8,5,21,8,7,11,5,16,7,4,6,6,5,17,51,18,17,15,56,8,21,20,3,23,,,,,,,,,,,,,,,,,,,,,,,,,,,,,,18,23,24,26,9,16,48,21,45,13,8,5,12,21,,14,5,9,13,11,9,8,6,10,9,12,11,9,5,7,7,7,11,8,9,14,7,31,23,19,11,11,11,13,25,19,20,19,19,17,12,5,6,5,18,14,10,13,7,7,15,12,6,23,15,18,32,30,22,26,23,14,29,14,30,31,22,17,16,13,24,5,9,9,5,6,8,5,12,3,28,21,10,17,11,15,8,4,6,8,14,10,8,10,8,5,14,5,5,2,2,,11,6,7,5,6,7,17,3,,4,8,17,7,17,9,17,8,15,12,7,22,10,5,6,2,3,1,,6,2,25,68,9,18,21,21,22,14,34,,17,,9,,20,3,2,2,10,2,9,1,38,21,14,10,16,6,8,42,10,51,27,27,7,4,10,5,,,,5,,
20260407,6,NO2_24h,7,15,16,9,11,18,15,5,8,6,17,21,18,17,7,14,12,11,18,22,26,29,18,21,22,20,26,21,25,17,15,12,17,18,24,32,20,22,21,26,24,27,28,18,24,21,16,14,25,16,17,39,12,23,12,5,17,6,11,11,13,16,8,8,20,18,9,11,7,37,28,17,23,24,15,17,18,19,12,12,17,21,18,19,17,24,15,26,17,19,18,19,16,17,13,12,23,11,15,8,17,5,13,4,28,20,17,14,14,20,8,18,21,19,8,16,17,14,14,10,9,14,11,22,24,28,24,15,24,16,20,20,26,28,25,11,13,12,10,14,7,17,9,14,14,8,19,15,9,11,36,19,27,18,36,14,19,23,10,22,,,,,,,,,,,,,,,,,,,,,,,,,,,,,,14,17,23,19,12,22,30,17,29,27,8,8,11,6,,12,6,8,11,12,11,9,6,9,8,7,8,9,11,9,11,9,11,13,8,15,5,23,21,18,19,14,11,18,18,16,17,16,23,14,17,13,10,6,26,16,8,15,12,11,13,14,5,20,17,21,23,22,20,17,16,13,26,14,24,29,16,15,22,17,23,15,9,10,6,7,10,7,12,11,22,11,12,20,14,13,16,6,9,14,27,13,12,14,19,10,36,6,15,8,6,,9,9,11,6,11,7,10,6,,6,6,13,8,16,8,8,8,13,17,8,15,11,6,7,3,5,9,,4,3,23,34,16,18,20,23,16,10,20,,14,,16,,20,8,2,3,12,2,13,4,24,23,19,16,21,14,13,36,14,33,12,28,9,5,15,10,,,,6,,
20260407,6,O3,65,45,68,26,74,65,67,70,41,75,66,73,50,88,53,49,71,59,39,79,68,79,75,71,55,63,77,70,82,71,51,66,52,77,102,57,102,91,83,105,104,75,33,41,54,39,14,69,41,75,53,47,34,8,26,38,8,37,15,33,12,19,73,73,27,53,56,79,107,10,36,46,38,63,30,28,23,51,64,47,48,51,15,39,76,52,77,65,76,47,33,53,41,47,55,84,17,24,45,56,2,28,21,49,4,8,11,7,61,40,46,92,36,63,66,49,49,45,61,57,57,58,46,69,72,74,23,74,39,60,42,54,7,5,37,18,12,68,17,41,41,34,75,57,52,64,67,68,61,76,10,38,21,37,4,73,51,47,88,55,,,,,,,,,,,,,,,,,,,,,,,,,,,,,,29,59,2,49,55,78,15,53,7,72,65,67,43,48,,26,110,59,51,44,67,65,67,71,76,38,70,63,68,64,68,42,56,66,69,53,45,56,56,65,84,84,41,72,41,63,53,42,76,68,33,51,53,43,42,5,32,39,56,54,57,40,50,26,72,64,37,54,81,37,38,88,25,47,26,31,57,,50,5,26,18,41,59,34,39,73,53,41,39,5,64,72,47,33,61,45,42,44,56,31,62,58,61,75,59,60,35,134,70,38,,32,58,79,58,73,46,46,56,,45,67,55,92,72,59,56,108,79,56,83,36,47,78,62,115,104,126,,92,96,24,1,34,45,38,51,36,46,24,,78,,35,,24,72,68,76,56,63,94,130,32,37,76,70,56,88,56,25,76,11,45,26,34,108,70,53,,,,109,,
20260407,6,O3_24h,65,45,68,26,74,65,67,70,41,75,66,73,50,88,53,49,71,59,39,79,68,79,75,71,55,63,77,70,82,71,51,66,52,77,102,57,102,91,83,105,104,75,33,41,54,39,14,69,41,75,53,47,34,8,26,38,8,37,15,33,12,19,73,73,27,53,56,79,107,10,36,46,38,63,30,28,23,51,64,47,48,51,15,39,76,52,77,65,76,47,33,53,41,47,55,84,17,24,45,56,2,28,21,49,4,8,11,7,61,40,46,92,36,63,66,49,49,45,61,57,57,58,46,69,72,74,23,74,39,60,42,54,7,5,37,18,12,68,17,41,41,34,75,57,52,64,67,68,61,76,10,38,21,37,4,73,51,47,88,55,,,,,,,,,,,,,,,,,,,,,,,,,,,,,,29,59,2,49,55,78,15,53,7,72,65,67,43,48,,26,110,59,51,44,67,65,67,71,76,38,70,63,68,64,68,42,56,66,69,53,45,56,56,65,84,84,41,72,41,63,53,42,76,68,33,51,53,43,42,5,32,39,56,54,57,40,50,26,72,64,37,54,81,37,38,88,25,47,26,31,57,,50,5,26,18,41,59,34,39,73,53,41,39,5,64,72,47,33,61,45,42,44,56,31,62,58,61,75,59,60,35,134,70,38,,32,58,79,58,73,46,46,56,,45,67,55,92,72,59,56,108,79,56,83,36,47,78,62,115,104,126,,92,96,24,1,34,45,38,51,36,46,24,,78,,35,,24,72,68,76,56,63,94,130,32,37,76,70,56,88,56,25,76,11,45,26,34,108,70,53,,,,109,,
20260407,6,O3_8h,,,,,,,,,,,,,,,,,,,,,,,,,,,,,,,,,,,,,,,,,,,,,,,,,,,,,,60,,,,,62,,,,,,,,,,,112,,,,,,,,,,,,,,,,,,,,,,,,,,,,,,,,,,,,,,,,,,,,,,,,,,,,,,,,,,,,,,,,,,,,,,,,,,,,,,,,,,,,,,,,,,,,,,,,,,,,,,,,,,,,,,,,,,,,,,,,,,,,,,,,,,,,,,,,,,,,,73,,,,,,,,,,,,,,,,,,,,,,,,,,,,,,,,,,,,,,,,,,,,,,,,,,,,,,,,,,,,,,,,,,,,,,,,,,,,,,,,,,,,60,,,,,,,,,,,,,,,,,,,,,,,,,,,,,,,,,,,,,,,,,,,,,,,,,,,,,,,,,,,,,,,,,,,,,,,,,,,,,,,,
20260407,6,O3_8h_24h,,,,,,,,,,,,,,,,,,,,,,,,,,,,,,,,,,,,,,,,,,,,,,,,,,,,,,,,,,,,,,,,,,,,,,,,,,,,,,,,,,,,,,,,,,,,,,,,,,,,,,,,,,,,,,,,,,,,,,,,,,,,,,,,,,,,,,,,,,,,,,,,,,,,,,,,,,,,,,,,,,,,,,,,,,,,,,,,,,,,,,,,,,,,,,,,,,,,,,,,,,,,,,,,,,,,,,,,,,,,,,,,,,,,,,,,,,,,,,,,,,,,,,,,,,,,,,,,,,,,,,,,,,,,,,,,,,,,,,,,,,,,,,,,,,,,,,,,,,,,,,,,,,,,,,,,,,,,,,,,,,,,,,,,,,,,,,,,,,,,,,,,,,,,,,,,,,,,,,,,,,,,,,,,,,,,,,,
20260407,6,CO,0.26,0.49,0.38,0.67,0.20,0.38,0.30,0.27,0.20,0.20,0.27,0.30,0.38,0.45,0.40,0.45,0.37,0.40,0.38,0.38,0.70,0.59,0.40,0.44,0.46,0.54,0.74,0.70,0.54,0.58,0.38,0.40,0.35,0.67,0.49,0.47,0.40,0.63,0.55,0.40,0.40,0.77,0.60,0.55,0.61,1.00,0.33,0.77,0.70,0.39,0.66,0.66,0.71,0.66,0.51,0.50,0.53,0.25,0.45,0.63,0.60,0.47,0.57,0.50,0.52,0.39,0.43,0.55,0.25,0.61,0.53,0.75,0.82,0.43,0.58,0.77,0.57,0.34,0.46,0.60,0.30,0.35,0.50,1.37,0.40,0.70,0.28,0.47,0.62,0.40,0.32,0.55,0.57,0.50,0.27,0.40,0.90,0.55,0.57,0.63,0.85,0.30,0.45,0.50,0.60,0.60,0.67,0.55,0.43,0.90,0.66,0.60,0.70,0.40,0.32,0.76,0.57,0.40,0.40,0.68,0.30,0.43,0.27,0.67,0.50,0.70,0.76,0.30,0.78,1.00,0.58,0.40,0.47,0.83,0.80,0.98,0.50,0.63,0.85,0.84,0.50,0.50,0.50,0.68,0.60,0.40,0.40,0.15,0.50,0.53,0.60,0.45,0.45,0.44,0.60,0.50,0.53,0.68,0.34,0.35,,,,,,,,,,,,,,,,,,,,,,,,,,,,,,0.43,0.40,0.85,0.60,0.30,0.45,0.83,0.50,0.40,0.30,0.43,0.20,0.50,0.38,,0.25,0.50,0.28,0.37,0.35,0.40,0.30,0.30,0.45,0.65,0.30,0.60,0.30,0.15,0.33,0.27,0.33,0.30,0.40,0.30,0.30,0.40,0.42,0.46,0.45,0.58,0.45,0.60,0.50,0.54,0.23,0.40,0.27,0.78,0.47,1.07,0.70,0.50,0.65,0.60,0.57,0.57,0.65,0.50,0.74,0.95,0.65,0.88,0.80,0.56,0.65,0.55,0.47,0.48,0.53,0.57,0.37,0.93,0.57,0.68,0.97,0.63,1.20,0.33,1.20,0.73,0.45,0.85,0.75,0.80,0.50,0.60,0.30,0.65,0.45,0.60,0.63,0.72,0.87,0.70,1.20,0.67,0.70,1.00,0.80,0.77,0.40,0.37,0.45,0.40,0.60,0.23,0.35,0.60,0.35,0.30,,0.20,0.40,0.43,0.63,0.30,0.50,0.60,0.55,,0.70,0.35,0.40,0.40,0.85,0.50,0.60,0.40,0.50,0.45,0.40,0.70,0.35,0.30,0.25,0.15,0.30,0.40,,0.45,0.50,0.70,0.70,0.40,0.50,0.95,0.35,0.40,0.40,0.60,,0.45,,0.50,,0.45,0.50,0.40,0.20,0.10,0.30,0.50,0.30,0.60,1.15,0.35,0.35,0.10,0.20,0.15,0.70,0.10,0.65,0.30,0.60,0.30,0.10,0.35,0.50,,,,0.70,,
20260407,6,CO_24h,0.26,0.37,0.36,0.41,0.25,0.43,0.26,0.30,0.20,0.20,0.30,0.35,0.45,0.42,0.30,0.43,0.37,0.41,0.46,0.62,0.69,0.83,0.72,0.47,0.50,0.62,0.96,0.80,0.62,0.72,0.36,0.54,0.38,0.72,0.60,0.63,0.56,0.82,0.65,0.60,0.55,0.80,0.60,0.60,0.63,0.65,0.40,0.68,0.51,0.43,0.53,0.96,0.66,0.65,0.50,0.47,0.50,0.25,0.33,0.57,0.57,0.57,0.64,0.52,0.62,0.49,0.40,0.46,0.25,0.57,0.53,0.70,0.46,0.42,0.48,0.63,0.50,0.32,0.42,0.40,0.27,0.40,0.60,0.39,0.46,0.57,0.28,0.47,0.54,0.32,0.32,0.40,0.43,0.50,0.23,0.42,1.03,0.60,0.70,0.67,0.80,0.35,0.50,0.53,0.75,0.90,0.83,0.60,0.40,0.70,0.41,0.52,0.57,0.50,0.34,0.88,0.52,0.54,0.42,0.62,0.36,0.53,0.30,0.75,0.83,0.80,0.58,0.38,0.62,0.63,0.52,0.47,0.53,0.77,0.88,1.05,0.60,0.90,0.72,0.97,0.50,0.63,0.63,0.80,0.73,0.47,0.57,0.25,0.63,0.47,0.53,0.45,0.45,0.46,0.60,0.50,0.50,0.66,0.44,0.35,,,,,,,,,,,,,,,,,,,,,,,,,,,,,,0.43,0.40,0.80,0.57,0.37,0.40,0.63,0.40,0.37,0.50,0.47,0.20,0.40,0.28,,0.20,0.50,0.28,0.47,0.35,0.43,0.30,0.30,0.40,0.70,0.35,0.15,0.30,0.23,0.30,0.37,0.38,0.35,0.53,0.30,0.35,0.35,0.40,0.46,0.40,0.65,0.53,0.50,0.45,0.50,0.33,0.42,0.30,0.80,0.43,0.70,0.90,0.60,0.70,0.80,0.60,0.63,0.63,0.55,0.84,0.95,0.70,0.88,0.80,0.66,0.72,0.55,0.45,0.50,0.53,0.40,0.37,0.90,0.63,0.72,0.87,0.63,0.70,0.50,1.10,0.77,0.65,0.83,0.90,0.90,0.65,0.60,0.35,0.65,0.50,0.40,0.63,0.67,1.00,0.77,1.10,0.80,0.90,1.05,1.00,0.77,0.45,0.47,0.47,0.50,0.65,0.63,0.35,0.70,0.45,0.40,,0.20,0.45,0.57,0.63,0.35,0.45,0.55,0.60,,0.70,0.35,0.40,0.45,0.75,0.40,0.50,0.40,0.45,0.65,0.40,0.65,0.30,0.35,0.30,0.25,0.30,0.60,,0.45,0.50,0.57,0.50,0.50,0.45,0.60,0.35,0.40,0.25,0.55,,0.30,,0.55,,0.40,0.60,0.40,0.20,0.30,0.40,0.40,0.40,0.43,0.65,0.35,0.40,0.30,0.25,0.20,0.75,0.15,0.55,0.30,0.65,0.40,,0.40,0.55,,,,0.60,,
20260407,7,AQI,19,42,57,55,22,70,36,26,22,22,37,38,82,61,20,39,22,27,34,24,60,44,32,30,56,52,53,57,42,36,42,22,51,73,41,24,47,55,40,47,31,70,83,34,61,17,28,71,55,28,89,66,65,39,36,34,38,31,39,36,42,40,60,51,33,29,17,38,34,85,60,59,53,98,74,69,33,43,25,39,16,23,30,54,33,57,25,44,54,33,45,57,63,41,27,25,26,28,42,35,36,28,40,36,46,27,29,43,33,69,30,54,86,62,18,36,33,36,26,58,27,37,30,55,58,70,83,56,72,93,71,59,37,74,68,48,36,21,69,34,29,24,23,36,17,19,23,24,18,39,79,56,54,65,120,44,68,37,35,46,,,,,,,,,,,,,,,,,,,,,,,,,,,,,,57,62,63,89,34,76,68,53,73,51,34,21,58,26,,15,44,20,29,25,20,36,27,31,36,35,22,29,22,23,20,16,21,20,22,20,16,63,57,62,75,63,74,54,67,58,60,65,65,68,18,15,19,29,13,32,21,43,34,20,30,26,47,41,60,76,55,63,67,69,67,68,78,59,86,67,80,70,62,79,55,20,53,49,83,14,53,39,59,26,56,56,55,80,51,103,21,27,56,95,41,24,19,19,29,25,21,11,23,23,30,,13,18,52,39,28,13,65,17,,14,30,18,28,90,36,30,54,68,84,31,63,32,23,19,36,30,38,,29,29,57,57,57,72,56,59,58,91,72,,83,,54,,38,53,43,36,56,20,28,53,55,72,60,51,38,163,66,116,92,143,149,62,20,33,296,250,,,,65,,
20260407,7,PM2.5,4,15,10,20,3,23,6,11,3,6,9,15,19,26,11,8,6,19,24,10,43,19,4,7,31,26,15,23,22,12,18,6,23,47,15,14,22,28,14,25,11,51,61,19,29,9,19,52,21,6,32,38,47,19,17,15,23,20,21,17,21,27,43,36,21,20,4,22,5,35,27,38,23,28,54,50,23,15,6,21,8,5,19,25,6,22,3,14,19,8,20,30,42,10,11,3,18,14,28,19,23,10,25,19,22,19,19,26,23,48,8,22,28,13,5,17,14,13,18,41,10,26,17,39,41,31,48,25,38,37,37,24,22,54,48,31,25,3,50,16,18,11,9,21,3,3,7,12,5,24,36,23,18,25,42,26,36,15,10,7,,,,,,,,,,,,,,,,,,,,,,,,,,,,,,29,34,45,44,12,32,41,25,17,11,13,3,32,12,,5,8,8,13,7,3,25,16,13,15,24,10,20,12,4,10,4,15,13,8,13,5,45,29,38,51,34,54,37,37,39,32,43,38,49,3,3,3,20,3,18,12,22,21,14,12,14,29,29,29,14,27,45,36,22,43,27,52,23,41,37,51,32,39,58,30,10,37,33,61,3,27,27,31,18,40,38,39,59,36,77,8,19,32,71,19,10,9,12,5,13,5,3,13,9,9,,3,9,36,27,15,9,47,5,,7,21,9,14,67,25,16,38,49,62,22,45,19,7,3,3,3,11,,3,3,32,27,31,32,28,22,37,35,34,,37,,24,,16,29,22,23,28,11,3,9,27,33,23,14,11,35,30,76,42,73,65,26,14,3,46,45,,,,47,,
20260407,7,PM2.5_24h,5,9,17,12,5,29,12,10,5,7,17,14,25,17,9,6,7,20,37,31,34,41,31,11,26,36,38,38,40,35,20,21,25,43,21,26,46,45,40,27,18,41,38,23,30,24,16,34,15,7,39,58,41,20,16,14,23,19,17,15,17,25,48,30,25,21,17,18,6,33,31,28,21,18,40,39,14,11,3,7,7,10,22,15,13,22,7,15,19,5,8,18,16,7,4,2,42,13,31,21,22,12,21,17,32,22,20,26,21,31,6,19,21,18,6,12,10,7,10,25,22,38,28,38,37,37,35,30,34,36,35,23,24,48,40,38,24,31,37,51,21,22,23,19,21,17,24,25,16,19,33,29,17,33,37,18,16,21,11,15,,,,,,,,,,,,,,,,,,,,,,,,,,,,,,32,25,34,20,11,20,25,17,13,14,11,12,24,7,,5,8,2,7,8,6,17,10,11,10,37,16,12,25,17,11,20,19,21,13,30,10,29,33,24,36,32,34,39,34,28,39,27,37,47,26,13,12,17,22,25,16,26,21,13,20,20,20,29,34,31,28,35,33,24,26,29,50,29,41,46,44,43,48,51,30,22,20,25,46,20,15,16,25,18,43,34,37,63,44,82,36,59,65,78,25,13,21,10,10,28,44,10,34,18,6,,3,15,32,32,13,23,45,14,,21,23,19,8,55,29,17,41,42,75,19,38,23,10,4,5,4,12,,4,4,37,19,32,32,27,24,30,20,34,,29,,24,,20,26,20,25,24,18,6,18,21,29,23,17,15,18,28,78,45,80,83,26,14,3,26,22,,,,42,,
20260407,7,PM10,19,42,64,60,22,89,36,26,22,12,37,38,114,71,20,39,22,22,29,24,67,44,32,30,61,54,56,63,42,36,42,20,51,95,41,24,47,59,40,47,30,89,88,34,71,17,28,80,60,28,127,81,64,39,36,34,38,31,39,36,42,40,57,45,33,25,17,38,8,119,70,68,55,145,75,77,32,43,25,39,10,23,30,57,33,63,25,44,58,33,45,63,75,41,27,21,26,28,42,35,36,28,40,36,46,27,29,43,31,88,30,58,121,73,13,36,33,36,23,45,27,37,30,55,63,89,116,62,94,136,92,67,37,80,86,48,34,11,75,34,29,24,15,36,10,15,23,24,17,39,107,62,57,80,190,44,85,37,35,46,,,,,,,,,,,,,,,,,,,,,,,,,,,,,,64,74,61,128,34,102,85,56,95,52,34,13,65,26,,15,44,20,29,25,11,29,27,31,36,35,22,29,15,23,16,16,,20,17,20,14,65,64,74,100,76,80,57,83,66,69,80,79,66,6,6,13,28,13,32,21,43,34,20,30,26,47,38,69,102,60,76,83,87,84,85,105,68,122,84,110,89,73,105,59,20,44,49,87,14,56,39,67,25,52,62,60,78,51,93,21,21,61,87,41,24,19,19,29,25,21,11,23,23,30,,13,18,54,39,28,12,74,8,,6,29,18,17,94,29,30,50,74,73,26,57,32,20,7,8,10,,,12,6,63,63,63,93,62,67,66,131,93,,116,,58,,38,55,43,36,62,20,16,56,60,93,70,51,38,276,81,182,133,236,247,74,,16,417,385,,,,62,,
20260407,7,PM10_24h,20,33,67,40,28,71,55,23,26,23,49,53,73,62,19,42,20,22,44,62,79,87,75,43,74,79,93,97,79,74,59,49,68,100,40,36,88,97,85,40,31,71,61,34,85,30,21,49,56,31,108,108,54,39,33,32,40,34,42,31,33,40,65,46,39,31,28,32,11,132,81,62,62,66,52,56,28,40,17,18,19,24,29,55,54,76,40,47,70,23,38,64,48,35,18,27,56,28,48,45,28,31,37,38,50,47,43,49,37,90,22,59,78,73,16,28,58,37,25,30,30,41,39,78,84,68,124,88,97,118,119,74,42,79,67,48,28,55,63,68,43,39,36,35,34,35,33,37,28,36,123,98,60,110,136,53,58,68,62,59,,,,,,,,,,,,,,,,,,,,,,,,,,,,,,89,77,42,90,43,77,90,47,62,59,37,22,54,24,,15,36,25,31,51,23,32,27,46,43,37,21,19,26,30,15,28,19,23,28,32,19,79,86,77,91,73,64,74,88,76,78,75,82,78,33,15,16,24,25,41,22,44,26,20,35,30,34,43,102,101,83,96,98,102,77,102,101,100,139,91,114,112,78,109,79,34,28,30,60,23,32,23,37,22,59,55,63,84,63,101,53,89,91,108,50,24,31,22,35,35,76,19,51,24,24,,7,28,46,41,27,43,51,19,,24,37,40,17,95,38,29,55,61,98,27,54,31,18,8,14,16,21,,11,8,76,50,76,93,73,67,55,73,99,,98,,59,,54,65,47,55,59,43,13,50,72,93,81,54,41,99,130,213,137,196,286,79,40,16,174,103,,,,59,,
20260407,7,SO2,3,8,3,6,8,5,3,3,2,3,5,6,4,7,7,8,6,6,9,6,6,6,4,8,11,8,7,9,5,9,7,6,4,7,6,5,8,6,6,6,6,4,5,4,7,4,3,8,9,6,8,8,5,5,5,6,4,4,6,3,5,9,5,6,8,4,4,8,4,5,3,9,18,8,4,6,13,7,18,10,7,19,3,19,9,13,7,10,13,6,4,6,14,7,4,5,6,6,5,5,7,5,6,5,5,3,5,7,5,7,13,11,16,6,7,16,11,8,11,8,5,3,6,8,7,8,14,6,10,13,8,17,6,7,6,8,10,4,12,14,4,6,6,13,7,6,3,5,6,7,4,3,2,6,6,10,16,31,5,9,,,,,,,,,,,,,,,,,,,,,,,,,,,,,,5,6,4,8,6,11,15,8,9,19,4,6,14,8,,4,8,5,5,8,7,4,5,7,7,2,6,6,6,9,7,4,6,7,6,6,8,6,7,7,9,7,5,7,7,5,6,8,8,6,3,4,5,4,4,3,5,4,15,3,9,6,8,12,12,11,7,6,8,5,4,13,8,7,23,8,9,6,5,5,6,7,5,8,10,5,4,4,4,4,8,8,6,11,10,26,6,5,10,9,3,7,7,3,7,7,4,7,8,4,6,,6,4,4,9,3,10,15,3,,4,6,5,8,6,14,8,9,7,10,3,6,7,7,7,9,8,6,,9,6,7,12,8,6,20,13,12,6,7,,11,,8,,4,8,6,9,13,17,5,16,18,11,4,3,8,6,3,4,13,3,3,7,6,5,10,8,,,,7,,
20260407,7,SO2_24h,3,6,3,5,7,8,3,2,3,3,5,6,6,7,6,7,6,6,8,7,8,8,6,8,11,8,9,9,7,10,7,7,5,8,6,5,8,8,7,6,6,4,6,4,7,4,2,7,8,6,7,9,5,5,5,4,4,4,6,4,5,9,5,6,8,4,4,5,4,7,7,13,12,8,4,6,12,6,11,6,6,10,3,11,11,11,13,10,11,6,4,4,7,7,3,6,10,6,6,4,7,5,6,5,6,4,7,7,5,8,9,11,9,8,6,14,9,8,15,6,5,4,6,9,12,8,14,6,10,12,8,16,6,7,6,8,10,10,7,8,4,7,6,10,8,6,3,5,7,6,6,4,3,7,8,13,13,18,6,10,,,,,,,,,,,,,,,,,,,,,,,,,,,,,,7,3,4,7,7,12,10,8,7,19,5,6,10,7,,5,9,5,6,10,7,3,5,7,8,2,5,6,5,9,8,4,5,7,6,5,8,6,9,9,11,7,5,9,8,6,6,9,8,7,5,4,3,4,4,4,6,5,15,4,8,6,10,11,10,11,7,8,9,7,5,7,12,8,12,13,7,7,8,7,6,7,5,9,6,11,4,5,4,4,9,8,7,12,12,19,8,6,8,7,10,7,7,3,8,7,6,7,9,3,6,,6,5,7,11,4,10,11,3,,6,6,6,8,7,11,6,6,7,11,3,6,7,6,7,9,8,7,,8,6,6,18,8,8,23,12,12,5,9,,7,,8,,5,12,10,11,14,16,6,16,11,12,5,3,10,7,3,5,13,4,3,7,6,5,13,9,,,,8,,
20260407,7,NO2,15,34,12,27,15,22,12,8,18,8,19,17,15,15,14,23,15,16,26,23,22,24,16,26,24,22,24,26,18,13,20,15,20,16,16,29,13,16,22,16,11,16,16,13,24,15,17,14,32,27,22,37,12,28,17,8,26,9,22,13,22,16,11,9,14,18,6,17,4,53,34,22,29,25,16,20,46,36,16,27,15,30,17,33,13,30,14,20,20,27,31,28,32,25,22,13,11,13,11,8,15,10,14,4,24,14,22,24,14,22,17,11,31,15,15,24,25,20,23,14,13,17,16,18,16,21,44,20,29,19,30,15,19,39,25,7,10,6,20,9,8,13,7,20,8,6,9,7,5,15,48,20,23,18,56,10,31,28,3,19,,,,,,,,,,,,,,,,,,,,,,,,,,,,,,16,29,23,30,15,21,41,22,45,13,9,6,10,27,,12,6,11,15,11,14,12,12,11,9,13,14,9,6,9,9,6,11,15,12,19,8,28,21,19,18,13,10,14,20,19,25,20,36,16,10,7,5,4,18,13,14,17,8,8,13,15,7,18,16,14,32,34,29,27,19,18,29,17,28,43,27,15,20,13,25,6,11,12,9,7,8,5,19,6,29,29,11,23,16,19,8,5,7,8,16,11,8,10,13,5,20,5,10,3,3,,13,8,7,5,8,6,15,4,,3,10,12,10,17,10,16,11,17,11,8,23,10,7,7,1,4,4,,4,2,24,68,13,19,22,26,33,16,39,,17,,12,,22,5,2,2,20,5,10,1,35,22,33,9,15,8,8,24,7,36,8,25,9,2,8,5,,,,5,,
20260407,7,NO2_24h,7,16,16,10,11,18,14,5,8,5,17,20,18,16,8,14,12,11,18,22,25,28,17,21,22,18,24,21,24,15,15,12,17,17,24,32,20,20,20,26,24,26,27,18,23,21,16,15,25,16,18,38,12,23,12,5,17,6,11,11,13,16,8,8,20,18,9,11,7,37,28,17,23,24,15,18,19,19,12,12,16,20,18,20,17,24,15,26,17,19,18,19,17,16,13,12,23,11,15,8,17,5,13,4,28,20,17,13,14,20,9,17,21,18,8,16,17,14,14,10,10,14,11,21,22,28,24,15,24,16,20,19,27,29,25,11,13,12,10,14,7,17,9,14,14,8,19,15,9,11,37,19,28,18,37,13,19,23,9,22,,,,,,,,,,,,,,,,,,,,,,,,,,,,,,14,18,24,19,12,21,30,17,29,26,8,8,10,7,,12,6,8,11,12,10,9,6,9,8,7,9,8,11,8,11,9,11,13,8,15,5,23,21,18,19,13,11,18,19,16,17,15,23,14,17,13,10,6,26,16,8,15,11,11,13,14,5,20,17,20,23,23,21,17,16,13,27,14,25,30,17,15,21,17,23,15,9,10,7,7,10,7,12,11,22,12,12,20,14,13,16,6,9,14,27,13,12,13,18,10,36,6,15,8,6,,9,9,11,6,10,7,11,6,,6,6,13,8,16,8,8,8,13,17,8,15,11,6,7,3,5,9,,4,3,24,34,16,18,21,23,16,10,21,,14,,17,,20,8,2,3,12,2,14,4,24,23,19,16,21,14,13,36,14,34,12,28,9,5,14,9,,,,6,,
20260407,7,O3,61,42,69,31,60,55,72,65,37,70,61,72,56,79,50,44,69,53,38,74,67,77,71,60,52,55,72,63,75,68,46,70,48,72,99,44,97,90,78,98,98,73,68,36,58,52,10,62,54,59,64,40,32,7,21,33,7,32,10,24,10,16,69,76,29,37,54,79,110,8,34,30,37,61,24,21,15,39,56,42,51,47,13,42,76,54,73,68,73,61,38,50,50,56,63,80,23,22,44,51,,24,16,49,3,6,6,5,60,40,40,94,37,64,59,43,39,40,53,60,56,57,42,66,70,70,30,63,43,62,53,51,4,13,27,20,9,67,12,38,35,29,73,52,55,60,58,66,58,81,9,38,14,32,2,65,46,41,84,56,,,,,,,,,,,,,,,,,,,,,,,,,,,,,,31,42,2,49,48,62,23,54,8,78,61,67,46,38,,28,103,57,49,43,64,58,60,71,75,41,66,62,70,66,65,48,57,61,69,48,50,60,57,67,71,81,54,71,47,59,44,37,53,76,58,49,61,45,41,9,26,28,46,52,52,32,50,45,73,80,47,41,66,42,46,83,15,43,29,18,48,52,39,2,25,16,35,42,28,38,68,53,29,33,2,49,72,35,26,44,52,41,41,56,25,46,58,61,59,65,54,33,58,65,31,,29,55,75,53,60,42,46,54,,45,59,59,88,70,56,53,93,74,56,79,38,46,74,60,115,97,120,,92,93,22,3,31,41,34,46,28,37,18,,77,,32,,20,66,64,73,53,54,88,127,33,41,49,69,61,82,54,49,79,21,71,30,34,106,73,60,,,,107,,
20260407,7,O3_24h,61,42,69,31,60,55,72,65,37,70,61,72,56,79,50,44,69,53,38,74,67,77,71,60,52,55,72,63,75,68,46,70,48,72,99,44,97,90,78,98,98,73,68,36,58,52,10,62,54,59,64,40,32,7,21,33,7,32,10,24,10,16,69,76,29,37,54,79,110,8,34,30,37,61,24,21,15,39,56,42,51,47,13,42,76,54,73,68,73,61,38,50,50,56,63,80,23,22,44,51,,24,16,49,3,6,6,5,60,40,40,94,37,64,59,43,39,40,53,60,56,57,42,66,70,70,30,63,43,62,53,51,4,13,27,20,9,67,12,38,35,29,73,52,55,60,58,66,58,81,9,38,14,32,2,65,46,41,84,56,,,,,,,,,,,,,,,,,,,,,,,,,,,,,,31,42,2,49,48,62,23,54,8,78,61,67,46,38,,28,103,57,49,43,64,58,60,71,75,41,66,62,70,66,65,48,57,61,69,48,50,60,57,67,71,81,54,71,47,59,44,37,53,76,58,49,61,45,41,9,26,28,46,52,52,32,50,45,73,80,47,41,66,42,46,83,15,43,29,18,48,52,39,2,25,16,35,42,28,38,68,53,29,33,2,49,72,35,26,44,52,41,41,56,25,46,58,61,59,65,54,33,58,65,31,,29,55,75,53,60,42,46,54,,45,59,59,88,70,56,53,93,74,56,79,38,46,74,60,115,97,120,,92,93,22,3,31,41,34,46,28,37,18,,77,,32,,20,66,64,73,53,54,88,127,33,41,49,69,61,82,54,49,79,21,71,30,34,106,73,60,,,,107,,
20260407,7,O3_8h,,,,,,,,,,,,,,,,,,,,,,,,,,,,,,,,,,,,,,,,,,,,,,,,,,,,,,60,,,,,,,,,,,,,,,,112,,,,,,,,,,,,,,,,,,,,,,,,,,,,,,,,,,,,,,,,,,,,,,,,,,,,,,,,,,,,,,,,,,,,,,,,,,,,,,,,,,,,,,,,,,,,,,,,,,,,,,,,,,,,,,,,,,,,,,,,,,,,,,,,,,,,,,,,,,,,,73,,,,,,,,,,,,,,,,,,,,,,,,,,,,,,,,,,,,,,,,,,,,,,,,,,,,,,,,,,,,,,,,,,,,,,,,,,,,,,,,,,,,60,,,,,,,,,,,,,,,,,,,,,,,,,,,,,,,,,,,,,,,,,,,,,,,,,,,,,,,,,,,,,,,,,,,,,,,,,,,,,,,,
20260407,7,O3_8h_24h,,,,,,,,,,,,,,,,,,,,,,,,,,,,,,,,,,,,,,,,,,,,,,,,,,,,,,,,,,,,,,,,,,,,,,,,,,,,,,,,,,,,,,,,,,,,,,,,,,,,,,,,,,,,,,,,,,,,,,,,,,,,,,,,,,,,,,,,,,,,,,,,,,,,,,,,,,,,,,,,,,,,,,,,,,,,,,,,,,,,,,,,,,,,,,,,,,,,,,,,,,,,,,,,,,,,,,,,,,,,,,,,,,,,,,,,,,,,,,,,,,,,,,,,,,,,,,,,,,,,,,,,,,,,,,,,,,,,,,,,,,,,,,,,,,,,,,,,,,,,,,,,,,,,,,,,,,,,,,,,,,,,,,,,,,,,,,,,,,,,,,,,,,,,,,,,,,,,,,,,,,,,,,,,,,,,,,,
20260407,7,CO,0.28,0.55,0.38,0.58,0.25,0.38,0.22,0.30,0.30,0.20,0.38,0.30,0.38,0.52,0.46,0.48,0.38,0.41,0.42,0.36,0.72,0.58,0.40,0.49,0.46,0.52,0.76,0.69,0.56,0.57,0.38,0.40,0.35,0.65,0.49,0.50,0.42,0.60,0.47,0.40,0.40,0.67,0.60,0.50,0.61,0.88,0.33,0.77,0.56,0.43,0.59,0.67,0.71,0.70,0.54,0.50,0.53,0.30,0.43,0.63,0.75,0.53,0.54,0.55,0.52,0.40,0.47,0.57,0.25,0.63,0.57,0.85,0.82,0.43,0.60,0.82,0.67,0.38,0.46,0.65,0.33,0.45,0.50,1.34,0.42,0.67,0.28,0.47,0.66,0.35,0.28,0.52,0.78,0.48,0.27,0.40,0.80,0.57,0.60,0.67,0.90,0.35,0.45,0.53,0.60,0.70,0.77,0.55,0.47,0.90,0.73,0.58,0.95,0.40,0.36,0.88,0.80,0.48,0.44,0.67,0.38,0.47,0.27,0.70,0.53,0.70,0.73,0.43,0.70,0.83,0.63,0.47,0.45,0.90,0.90,1.00,0.55,0.63,0.82,0.86,0.50,0.53,0.50,0.72,0.67,0.47,0.43,0.20,0.53,0.50,0.60,0.50,0.45,0.46,0.60,0.50,0.57,0.80,0.36,0.35,,,,,,,,,,,,,,,,,,,,,,,,,,,,,,0.40,0.50,0.85,1.13,0.30,0.50,1.47,0.50,0.47,0.33,0.47,0.30,0.55,0.53,,0.30,0.50,0.28,0.43,0.35,0.43,0.30,0.40,0.45,0.60,0.40,0.65,0.33,0.15,0.30,0.40,0.38,0.35,0.43,0.30,0.30,0.40,0.47,0.46,0.45,0.68,0.50,0.65,0.40,0.50,0.30,0.43,0.30,0.80,0.57,1.20,0.83,0.45,0.65,0.50,0.63,0.63,0.70,0.50,0.76,0.95,0.73,0.90,0.85,0.58,0.60,0.55,0.55,0.54,0.53,0.43,0.53,0.90,0.60,0.68,1.00,0.70,1.00,0.37,1.20,0.80,0.45,0.90,0.75,0.80,0.45,0.60,0.35,0.90,0.45,0.45,0.67,0.63,0.93,0.73,1.25,0.67,0.70,0.95,0.90,0.83,0.45,0.43,0.47,0.45,0.53,0.23,0.30,0.65,0.40,0.30,,0.25,0.40,0.47,0.63,0.30,0.55,0.60,0.55,,0.70,0.35,0.40,0.40,0.85,0.55,0.60,0.40,0.55,0.45,0.40,0.80,0.30,0.35,0.25,0.20,0.35,0.40,,0.45,0.45,0.73,0.87,0.50,0.50,1.05,0.35,0.40,0.40,0.65,,0.40,,0.50,,0.45,0.60,0.40,0.30,0.30,0.40,0.50,0.30,0.67,0.60,0.50,0.35,0.10,0.30,0.15,0.60,0.10,0.50,0.25,0.60,0.30,0.10,0.30,0.50,,,,0.70,,
20260407,7,CO_24h,0.26,0.38,0.38,0.41,0.25,0.43,0.26,0.30,0.20,0.20,0.30,0.35,0.45,0.42,0.32,0.43,0.37,0.40,0.44,0.61,0.69,0.81,0.67,0.47,0.50,0.62,0.94,0.80,0.62,0.70,0.34,0.50,0.38,0.72,0.59,0.63,0.56,0.82,0.65,0.60,0.55,0.80,0.60,0.60,0.63,0.65,0.38,0.68,0.51,0.43,0.53,0.93,0.66,0.65,0.50,0.47,0.50,0.25,0.33,0.57,0.57,0.57,0.64,0.52,0.61,0.49,0.43,0.46,0.25,0.57,0.53,0.70,0.46,0.43,0.48,0.63,0.54,0.32,0.44,0.40,0.27,0.35,0.57,0.43,0.46,0.57,0.28,0.47,0.54,0.32,0.32,0.40,0.47,0.48,0.23,0.42,0.97,0.60,0.70,0.67,0.80,0.35,0.50,0.53,0.75,0.90,0.83,0.60,0.43,0.70,0.41,0.50,0.60,0.48,0.34,0.84,0.53,0.52,0.42,0.62,0.36,0.53,0.30,0.72,0.77,0.80,0.58,0.38,0.62,0.63,0.55,0.47,0.53,0.77,0.88,1.05,0.60,0.90,0.72,0.99,0.50,0.63,0.63,0.80,0.73,0.47,0.57,0.30,0.63,0.50,0.53,0.45,0.45,0.46,0.60,0.50,0.50,0.66,0.42,0.35,,,,,,,,,,,,,,,,,,,,,,,,,,,,,,0.43,0.40,0.80,0.57,0.40,0.40,0.63,0.40,0.37,0.50,0.47,0.20,0.45,0.30,,0.20,0.50,0.28,0.40,0.35,0.43,0.33,0.30,0.40,0.70,0.35,0.20,0.30,0.23,0.30,0.37,0.38,0.35,0.53,0.30,0.35,0.35,0.40,0.46,0.40,0.63,0.53,0.50,0.45,0.50,0.33,0.42,0.27,0.80,0.43,0.77,0.87,0.60,0.70,0.85,0.60,0.63,0.65,0.55,0.82,0.95,0.70,0.88,0.80,0.66,0.70,0.55,0.45,0.50,0.53,0.40,0.37,0.90,0.63,0.72,0.87,0.63,0.70,0.50,1.10,0.73,0.65,0.83,0.90,0.90,0.65,0.60,0.35,0.65,0.50,0.35,0.63,0.67,1.00,0.77,1.10,0.80,0.90,1.05,1.00,0.77,0.45,0.47,0.47,0.50,0.65,0.63,0.30,0.70,0.45,0.40,,0.20,0.45,0.57,0.63,0.30,0.50,0.55,0.60,,0.70,0.35,0.40,0.45,0.75,0.40,0.50,0.40,0.45,0.65,0.40,0.65,0.30,0.35,0.30,0.25,0.30,0.60,,0.45,0.50,0.57,0.57,0.50,0.45,0.60,0.35,0.40,0.30,0.55,,0.35,,0.55,,0.40,0.60,0.40,0.20,0.30,0.40,0.40,0.40,0.47,0.70,0.35,0.40,0.30,0.25,0.20,0.70,0.15,0.55,0.30,0.60,0.40,0.10,0.40,0.55,,,,0.60,,
20260407,8,AQI,21,40,54,45,28,74,30,25,15,22,40,39,63,60,27,41,23,27,31,25,57,38,34,26,55,48,53,56,38,35,40,24,42,66,39,32,45,51,43,42,28,66,75,42,66,19,30,69,56,28,88,67,64,41,38,34,42,35,43,38,38,41,61,51,33,31,17,39,33,89,63,63,59,94,69,65,39,55,25,28,18,30,31,52,43,57,29,50,56,33,40,59,69,26,26,24,14,36,39,40,32,29,47,32,48,31,39,50,37,68,38,41,89,60,20,44,40,43,23,58,32,41,28,56,56,69,86,79,63,85,73,70,42,77,71,51,36,20,66,26,32,25,21,39,16,18,21,25,18,47,79,59,57,66,89,73,67,39,34,52,,,,,,,,,,,,,,,,,,,,,,,,,,,,,,57,69,63,84,37,83,74,55,76,54,35,21,66,26,,25,52,21,35,27,21,37,26,40,33,40,22,26,22,23,21,17,19,22,23,20,21,56,64,61,74,63,68,53,63,58,58,64,65,64,23,15,17,31,12,33,25,47,47,21,30,31,64,44,72,83,62,74,75,72,59,71,80,60,85,69,80,80,64,76,57,19,58,46,84,16,53,39,50,29,56,57,59,79,54,108,19,23,52,100,44,21,21,18,25,24,22,12,23,20,34,,14,19,53,38,29,13,68,16,,14,29,28,25,86,41,33,46,70,78,30,60,30,28,17,37,29,34,,28,28,56,58,55,72,59,56,70,85,74,,88,,61,,42,53,45,55,60,20,21,54,58,73,77,45,59,167,61,103,94,140,149,63,13,32,162,286,,,,58,,
20260407,8,PM2.5,5,15,10,15,5,16,5,11,3,7,10,5,6,21,10,12,7,19,22,9,33,15,3,6,25,20,10,23,19,10,14,7,19,40,13,20,21,24,14,21,8,45,55,27,43,8,20,47,19,6,27,41,46,21,19,15,27,24,25,19,21,29,44,36,18,22,5,22,5,38,26,41,22,27,50,47,27,15,8,14,9,4,20,22,6,18,3,20,19,5,14,32,41,3,6,3,8,16,27,23,22,12,29,18,23,22,27,33,26,46,8,12,38,8,3,22,17,14,14,41,12,29,13,40,40,30,42,22,27,23,28,28,23,48,48,32,25,3,48,16,19,12,12,24,3,3,8,14,5,25,36,26,22,25,46,16,31,13,10,12,,,,,,,,,,,,,,,,,,,,,,,,,,,,,,20,39,45,36,14,21,46,23,12,10,11,3,23,10,,9,12,9,19,16,3,26,15,16,16,28,15,18,8,6,12,6,12,13,7,14,3,38,40,35,50,35,47,35,33,36,29,36,39,46,4,4,7,22,6,19,14,33,33,15,21,22,46,31,31,16,30,45,34,18,31,26,58,19,53,43,36,31,42,46,27,11,41,32,62,7,26,27,34,20,35,37,42,58,36,81,9,16,28,75,23,10,8,10,11,13,8,5,14,12,20,,3,11,36,25,13,7,49,6,,6,20,6,9,64,29,16,32,51,57,21,43,21,12,6,3,3,24,,3,3,33,30,30,34,27,23,34,35,36,,35,,25,,22,29,26,22,34,9,12,15,16,33,25,12,11,40,13,72,48,67,68,23,8,3,30,43,,,,41,,
20260407,8,PM2.5_24h,5,10,18,13,5,30,12,10,5,7,17,14,25,18,9,6,7,19,37,30,33,40,29,11,26,34,37,37,38,32,20,19,24,43,21,25,45,45,40,27,18,41,39,23,30,24,16,35,15,7,38,57,42,21,16,14,23,19,18,15,17,24,48,31,25,20,15,18,6,33,30,29,20,19,41,40,15,11,3,7,7,9,22,16,13,22,7,16,20,5,9,19,17,7,4,2,40,13,31,21,21,12,22,17,31,21,20,25,21,32,6,18,21,18,6,12,10,8,10,25,21,38,28,38,37,37,35,30,33,35,34,23,24,49,40,38,24,29,38,50,22,21,22,19,20,16,23,25,14,19,33,29,17,33,38,18,17,20,12,15,,,,,,,,,,,,,,,,,,,,,,,,,,,,,,32,25,34,21,11,21,26,17,13,14,11,12,25,8,,5,8,3,7,9,6,17,9,11,10,35,17,12,25,15,11,20,19,22,12,29,10,28,31,25,37,32,35,38,33,29,39,25,37,48,24,12,11,18,21,25,15,26,22,13,20,20,21,29,34,31,28,35,33,24,26,29,51,28,41,46,44,42,49,52,30,22,20,25,47,19,15,16,25,18,43,34,37,64,43,82,35,56,64,78,25,13,20,9,10,28,43,10,34,17,7,,3,14,31,31,13,22,45,13,,20,22,19,8,55,29,17,41,42,75,19,38,22,10,4,5,4,13,,4,4,37,19,33,33,27,24,30,20,34,,29,,24,,20,26,20,25,24,17,6,18,21,29,23,17,14,20,27,78,46,81,83,26,13,3,27,22,,,,42,,
20260407,8,PM10,19,40,58,45,28,97,30,25,15,15,40,39,76,70,27,41,23,19,25,22,63,38,34,26,59,48,56,61,38,35,40,24,42,81,39,32,45,52,43,42,27,82,83,42,82,15,30,87,62,28,126,84,63,41,38,34,42,35,43,38,38,40,60,47,33,30,17,39,9,127,75,76,67,138,74,71,39,60,25,28,15,30,31,53,43,64,29,50,62,33,40,68,87,26,26,23,14,36,39,40,32,29,47,32,48,30,37,50,36,85,38,41,128,69,16,44,40,43,23,44,32,38,28,57,60,87,121,108,76,119,96,90,42,104,91,52,32,15,76,26,32,25,19,39,7,15,21,25,18,47,107,67,64,82,127,95,84,39,34,54,,,,,,,,,,,,,,,,,,,,,,,,,,,,,,63,87,59,118,37,115,97,59,101,57,35,18,82,26,,25,53,21,35,27,19,33,26,40,33,40,21,22,16,21,18,15,14,19,21,17,21,62,77,72,98,75,86,56,76,66,65,77,80,64,7,15,13,27,9,33,25,45,41,20,27,27,59,42,94,115,74,98,100,93,67,91,110,70,119,87,109,109,77,102,63,19,47,44,97,16,55,39,50,27,62,64,62,75,57,99,19,19,53,102,44,21,21,17,25,24,22,12,23,20,34,,14,19,56,38,29,7,63,7,,6,28,28,19,91,34,33,43,77,70,25,58,29,28,12,8,14,,,12,6,61,66,60,94,67,61,90,119,97,,125,,71,,42,55,45,59,70,17,21,57,65,95,104,45,67,283,71,156,137,230,247,76,10,16,274,410,,,,59,,
20260407,8,PM10_24h,20,33,68,41,28,74,54,24,26,23,50,53,74,63,20,43,20,21,44,61,78,85,72,42,73,75,90,95,76,70,57,46,67,100,40,35,87,96,84,39,31,70,62,34,85,29,21,51,56,30,107,106,55,40,33,32,40,34,42,32,33,39,66,46,39,30,26,32,11,132,79,63,60,69,53,57,29,40,18,18,19,23,30,55,53,75,40,47,70,23,38,64,49,33,18,25,55,28,48,44,28,31,38,38,50,47,43,48,36,89,22,56,79,72,16,29,58,38,24,30,30,42,39,77,82,70,123,89,95,117,116,75,42,81,69,48,28,53,64,67,42,37,34,35,33,34,33,37,26,36,123,96,59,110,134,53,60,65,62,60,,,,,,,,,,,,,,,,,,,,,,,,,,,,,,89,76,44,90,43,80,89,47,63,59,37,21,55,24,,16,36,24,31,52,22,31,27,47,43,35,21,19,25,29,14,28,19,23,27,31,20,78,85,76,92,73,65,73,87,75,78,74,83,77,32,15,15,25,25,41,21,44,26,20,35,29,35,43,101,101,83,93,96,100,76,99,103,99,140,92,116,111,79,112,78,33,28,30,62,23,32,23,37,21,58,56,63,84,63,101,52,84,90,109,50,23,30,21,34,35,74,18,51,23,24,,7,28,46,39,27,42,51,17,,22,36,40,17,95,37,29,54,61,97,27,53,31,19,9,14,16,21,,11,8,76,50,76,94,74,66,56,76,100,,99,,61,,52,65,47,54,58,40,14,51,70,92,81,55,41,109,129,212,139,201,287,80,39,16,183,117,,,,59,,
20260407,8,SO2,3,8,3,8,8,5,4,3,2,2,5,6,4,7,8,8,6,6,10,6,7,6,4,8,11,10,8,10,5,9,7,6,5,8,7,5,8,7,6,6,5,4,5,4,8,4,3,9,9,6,9,9,5,5,6,5,4,4,6,4,5,9,5,7,8,4,4,7,4,5,4,13,19,8,4,6,18,7,11,8,10,12,3,18,9,12,7,10,13,6,4,6,15,6,3,6,6,6,6,6,7,5,6,5,5,3,15,7,4,8,16,11,16,6,6,18,11,9,11,8,6,4,7,8,8,8,16,5,10,12,11,20,6,8,7,8,10,4,9,18,4,5,6,13,7,6,4,5,7,7,5,3,2,6,6,11,15,33,5,9,,,,,,,,,,,,,,,,,,,,,,,,,,,,,,5,8,4,13,7,10,20,8,14,18,6,6,18,7,,6,9,6,6,7,7,4,4,8,7,2,6,6,7,9,8,4,6,8,5,6,8,6,9,7,10,8,4,7,7,5,6,8,9,7,3,4,4,4,4,4,5,7,34,3,7,7,7,8,11,12,9,9,9,6,5,12,9,7,25,9,8,6,5,6,7,7,6,8,9,5,4,4,3,4,8,7,6,13,8,28,7,6,9,10,4,7,6,3,7,8,4,7,8,4,6,,6,4,5,9,3,10,22,3,,4,6,6,8,7,15,10,6,7,10,4,5,7,7,7,9,9,6,,9,6,9,13,14,6,22,13,12,6,7,,35,,8,,5,7,6,10,14,16,5,15,13,17,6,3,8,6,2,4,35,3,2,6,6,5,10,9,,,,7,,
20260407,8,SO2_24h,3,6,4,5,7,8,3,2,3,2,5,6,7,7,6,7,6,6,8,7,8,7,6,8,11,7,9,9,6,10,7,6,5,8,6,5,8,7,7,6,6,4,6,4,7,4,2,7,8,6,7,9,5,5,5,4,4,4,6,4,5,9,5,6,8,4,4,5,4,7,7,13,12,8,4,6,12,6,11,6,6,10,3,11,11,11,13,10,11,6,4,5,8,7,3,6,9,6,6,4,7,5,6,5,6,4,7,7,5,8,9,11,9,7,6,14,9,8,14,6,5,4,6,9,12,8,14,6,10,12,8,16,6,7,6,7,10,10,7,9,4,6,6,10,7,6,3,5,7,6,6,4,3,7,8,13,13,18,6,10,,,,,,,,,,,,,,,,,,,,,,,,,,,,,,6,4,4,7,7,12,10,8,7,18,5,6,10,7,,5,9,5,6,9,7,3,5,7,8,2,6,6,6,9,8,4,5,7,6,5,8,6,9,9,11,7,5,9,8,6,6,8,8,7,5,4,3,4,4,4,6,5,17,3,8,6,10,11,10,11,7,8,9,6,5,8,12,9,13,13,7,7,8,7,6,7,5,8,6,11,4,5,4,4,9,8,7,12,11,20,7,5,8,7,10,7,7,3,8,7,6,7,9,3,6,,6,5,7,11,4,10,11,3,,6,6,6,8,7,11,6,6,7,11,3,6,7,6,7,9,8,7,,8,6,6,17,9,8,24,12,12,5,9,,8,,8,,5,12,10,11,14,16,6,16,11,13,5,3,10,7,3,5,14,4,3,7,6,5,13,9,,,,8,,
20260407,8,NO2,11,27,12,21,19,16,11,11,21,9,23,18,9,15,20,23,14,15,19,19,24,21,14,18,21,18,23,23,16,11,17,15,17,16,19,30,14,14,23,20,13,21,17,12,22,16,18,15,27,22,19,42,14,27,20,10,26,12,24,15,23,20,12,13,17,23,8,20,7,50,44,39,29,24,21,21,41,40,13,18,13,22,20,28,14,25,14,21,19,20,21,27,29,17,16,14,11,13,12,11,15,11,15,6,23,17,26,24,17,20,19,13,23,15,15,24,26,22,14,15,14,14,18,16,17,22,37,24,25,15,37,19,20,40,27,15,14,8,18,11,12,18,10,25,12,8,16,11,8,20,43,21,26,22,47,26,37,37,7,24,,,,,,,,,,,,,,,,,,,,,,,,,,,,,,15,22,24,23,12,22,34,19,36,18,10,6,14,19,,12,8,10,16,13,12,14,12,24,11,11,13,9,8,6,8,7,12,12,11,13,9,22,17,17,18,14,11,16,19,17,24,16,36,19,9,11,7,8,22,13,19,20,11,11,12,17,7,19,18,14,29,29,30,25,18,21,28,19,27,38,27,14,28,9,29,7,12,15,12,9,11,9,24,11,23,25,14,25,15,23,9,6,7,12,24,14,11,15,21,7,29,9,14,5,9,,17,10,11,7,14,7,18,5,,5,10,18,16,23,13,18,15,20,13,11,23,12,17,15,1,6,11,,6,3,25,60,14,24,34,29,54,27,34,,21,,24,,28,14,4,6,32,2,32,2,32,25,34,16,22,10,9,16,4,29,5,18,8,3,7,4,,,,5,,
20260407,8,NO2_24h,8,16,16,10,12,18,14,5,8,5,17,20,17,16,8,15,12,11,18,21,23,27,15,21,22,17,24,20,22,13,15,13,17,17,23,33,19,19,20,25,23,26,27,17,22,21,16,15,25,16,17,38,12,23,13,5,17,6,12,11,13,15,8,9,20,18,9,11,7,37,28,17,23,24,16,18,19,19,12,13,16,19,18,20,16,23,15,26,18,18,18,20,17,16,13,12,22,10,15,8,17,5,14,4,28,20,17,13,14,20,8,16,22,16,8,17,17,14,13,10,10,14,11,20,21,28,24,16,24,16,21,19,27,29,25,11,13,12,10,14,7,17,9,13,14,8,19,15,9,11,37,19,28,18,38,13,18,24,9,23,,,,,,,,,,,,,,,,,,,,,,,,,,,,,,14,18,24,20,11,21,30,17,29,26,8,8,10,7,,12,6,8,11,12,10,9,7,9,8,7,9,8,11,8,10,9,11,13,8,15,5,23,20,18,18,12,11,18,19,16,17,15,24,14,17,13,10,6,27,16,8,15,12,11,14,15,5,20,17,20,24,23,21,18,16,13,27,14,25,30,17,15,20,17,23,14,9,10,7,7,10,7,13,11,22,12,11,20,14,13,15,6,9,14,26,13,12,13,18,10,36,7,15,8,6,,9,8,11,6,11,7,11,6,,6,7,13,8,16,8,7,8,13,17,8,16,11,6,8,3,5,9,,4,3,23,34,16,18,21,23,17,11,22,,14,,17,,20,8,2,3,12,2,14,4,25,23,19,16,20,14,13,35,14,34,12,28,9,5,14,9,,,,6,,
20260407,8,O3,67,54,72,51,58,63,74,63,40,71,59,70,68,74,43,46,70,56,47,79,70,80,79,74,58,68,74,68,82,73,55,75,58,84,96,48,98,95,80,90,91,67,73,59,61,60,11,60,62,68,76,42,30,9,19,33,9,32,13,29,13,13,68,75,29,25,48,79,107,11,24,19,37,61,19,20,24,37,59,58,58,59,11,54,74,64,73,66,74,71,55,61,57,73,75,77,33,21,43,48,1,23,14,44,2,5,5,5,57,44,44,95,59,68,65,47,40,46,66,56,55,63,44,67,76,74,44,52,55,75,51,56,4,29,28,16,7,64,14,34,32,22,68,48,50,59,50,58,57,76,14,45,14,29,12,49,42,39,73,53,,,,,,,,,,,,,,,,,,,,,,,,,,,,,,32,49,4,67,54,61,38,58,18,76,62,66,46,58,,38,104,64,50,41,68,58,61,59,71,52,71,69,71,75,67,54,60,69,74,59,53,67,66,78,72,76,65,72,50,64,50,49,54,73,75,47,55,37,37,13,25,30,36,49,46,32,53,50,63,84,53,43,68,55,54,77,20,42,32,21,56,58,28,6,22,19,34,33,25,36,61,49,22,25,6,58,69,32,27,38,41,39,42,53,16,40,60,57,44,62,40,25,53,58,22,,24,52,69,47,42,43,42,52,,44,60,50,81,61,55,52,90,67,53,75,33,43,65,53,117,92,110,,91,89,23,12,35,32,24,44,12,24,19,,80,,18,,16,52,64,67,38,63,66,126,36,42,52,58,56,78,50,56,77,29,71,35,40,101,71,66,,,,102,,
20260407,8,O3_24h,67,54,72,51,58,63,74,63,40,71,59,70,68,74,43,46,70,56,47,79,70,80,79,74,58,68,74,68,82,73,55,75,58,84,96,48,98,95,80,90,91,67,73,59,61,60,11,60,62,68,76,42,30,9,19,33,9,32,13,29,13,13,68,75,29,25,48,79,107,11,24,19,37,61,19,20,24,37,59,58,58,59,11,54,74,64,73,66,74,71,55,61,57,73,75,77,33,21,43,48,1,23,14,44,2,5,5,5,57,44,44,95,59,68,65,47,40,46,66,56,55,63,44,67,76,74,44,52,55,75,51,56,4,29,28,16,7,64,14,34,32,22,68,48,50,59,50,58,57,76,14,45,14,29,12,49,42,39,73,53,,,,,,,,,,,,,,,,,,,,,,,,,,,,,,32,49,4,67,54,61,38,58,18,76,62,66,46,58,,38,104,64,50,41,68,58,61,59,71,52,71,69,71,75,67,54,60,69,74,59,53,67,66,78,72,76,65,72,50,64,50,49,54,73,75,47,55,37,37,13,25,30,36,49,46,32,53,50,63,84,53,43,68,55,54,77,20,42,32,21,56,58,28,6,22,19,34,33,25,36,61,49,22,25,6,58,69,32,27,38,41,39,42,53,16,40,60,57,44,62,40,25,53,58,22,,24,52,69,47,42,43,42,52,,44,60,50,81,61,55,52,90,67,53,75,33,43,65,53,117,92,110,,91,89,23,12,35,32,24,44,12,24,19,,80,,18,,16,52,64,67,38,63,66,126,36,42,52,58,56,78,50,56,77,29,71,35,40,101,71,66,,,,102,,
20260407,8,O3_8h,71,57,64,35,69,66,69,75,46,77,69,69,68,77,57,56,71,62,47,93,69,90,87,66,55,76,87,76,84,81,61,74,60,90,105,37,95,104,95,65,104,48,29,23,59,33,15,67,55,74,75,52,36,10,26,36,14,39,20,28,17,26,72,59,22,47,56,81,105,19,34,50,50,60,35,31,39,46,61,57,52,59,16,51,71,68,72,47,76,61,47,61,56,62,64,82,15,27,37,49,,32,25,50,4,7,12,14,64,48,53,92,43,70,68,52,47,45,68,61,59,63,49,80,81,73,48,60,51,74,52,51,3,21,25,20,10,68,38,39,44,31,75,67,48,65,40,41,58,81,7,43,13,40,11,74,55,41,93,41,,,,,,,,,,,,,,,,,,,,,,,,,,,,,,41,68,2,52,52,74,25,64,18,53,65,63,53,63,,29,109,63,56,47,71,68,66,77,76,50,72,65,66,66,72,44,58,68,72,56,54,62,65,71,86,81,50,71,55,60,56,48,64,72,38,49,40,50,20,9,39,44,45,54,52,43,55,26,63,62,48,59,81,49,58,85,24,52,31,39,71,70,46,11,43,13,48,64,33,36,75,54,43,34,3,69,65,44,34,82,41,46,51,55,28,51,66,69,57,53,24,36,33,61,46,,40,62,82,59,61,51,59,57,,50,77,64,92,77,65,79,109,79,61,82,47,54,84,65,113,103,116,,104,100,27,14,33,63,33,51,30,68,30,,94,,35,,20,72,70,78,56,62,89,129,36,41,73,67,54,86,54,23,72,9,56,23,47,108,82,60,,,,104,,
20260407,8,O3_8h_24h,71,57,64,35,69,66,69,75,46,77,69,69,68,77,57,56,71,62,47,93,69,90,87,66,55,76,87,76,84,81,61,74,60,90,105,37,95,104,95,65,104,48,29,23,59,33,15,67,55,74,75,52,36,7,26,36,14,39,20,28,17,26,72,59,22,47,56,81,105,8,34,50,50,60,35,31,39,46,61,57,52,59,16,51,71,68,72,47,76,61,47,61,56,62,64,82,15,27,37,49,,32,25,50,4,7,12,14,64,48,53,92,43,70,68,52,47,45,68,61,59,63,49,80,81,73,48,60,51,74,52,51,3,21,25,20,10,68,38,39,44,31,75,67,48,65,40,41,58,81,7,43,13,40,11,74,55,41,93,41,,,,,,,,,,,,,,,,,,,,,,,,,,,,,,41,68,2,52,52,74,25,64,18,53,65,63,53,63,,29,109,63,56,47,71,66,66,77,76,50,72,65,66,66,72,44,58,68,72,56,54,62,65,71,86,81,50,71,55,60,56,48,64,72,38,49,40,50,20,9,39,44,45,54,52,43,55,26,63,62,48,59,81,49,58,85,24,52,31,39,71,70,46,11,43,13,48,64,33,36,75,54,43,34,3,69,65,44,34,82,41,46,51,55,28,51,66,69,57,51,24,36,33,61,46,,40,62,82,59,61,51,59,57,,50,77,64,92,77,65,79,109,79,61,82,47,54,84,65,113,103,116,,104,100,27,14,33,63,33,51,30,68,30,,94,,35,,20,72,70,78,56,62,89,129,36,41,73,67,54,86,54,23,72,9,56,23,47,108,82,60,,,,104,,
20260407,8,CO,0.29,0.58,0.42,0.51,0.30,0.38,0.22,0.33,0.30,0.22,0.35,0.30,0.30,0.48,0.54,0.50,0.37,0.46,0.44,0.38,0.78,0.54,0.38,0.47,0.46,0.48,0.77,0.83,0.52,0.53,0.35,0.42,0.35,0.62,0.46,0.47,0.42,0.65,0.47,0.40,0.35,0.70,0.50,0.60,0.69,0.70,0.38,0.77,0.52,0.44,0.52,0.73,0.74,0.72,0.59,0.50,0.57,0.35,0.47,0.63,0.72,0.67,0.61,0.60,0.55,0.47,0.50,0.60,0.25,0.68,0.70,1.10,1.00,0.44,0.58,0.85,0.80,0.50,0.48,0.55,0.33,0.45,0.57,0.96,0.42,0.60,0.26,0.52,0.64,0.30,0.32,0.57,0.80,0.46,0.23,0.38,0.83,0.60,0.60,0.70,0.95,0.35,0.55,0.70,0.80,1.00,0.93,0.60,0.50,1.10,0.91,0.58,0.78,0.44,0.36,1.08,0.87,0.54,0.46,0.72,0.46,0.50,0.30,0.72,0.67,0.72,0.70,0.32,0.60,0.60,0.72,0.55,0.53,0.93,0.95,1.05,0.60,0.70,0.85,0.87,0.60,0.55,0.57,0.80,0.67,0.50,0.50,0.25,0.53,0.60,0.67,0.50,0.55,0.50,0.70,0.70,0.60,0.98,0.36,0.35,,,,,,,,,,,,,,,,,,,,,,,,,,,,,,0.43,0.50,0.80,1.50,0.30,0.40,2.33,0.50,0.50,0.40,0.47,0.30,0.55,0.43,,0.30,0.50,0.28,0.47,0.40,0.43,0.30,0.40,0.55,0.60,0.35,0.60,0.30,0.20,0.30,0.37,0.35,0.45,0.43,0.30,0.35,0.40,0.47,0.58,0.45,0.73,0.53,0.65,0.40,0.48,0.30,0.45,0.23,0.88,0.60,0.90,0.80,0.45,0.85,0.60,0.63,0.77,0.80,0.75,0.80,1.00,0.70,0.98,0.90,0.62,0.58,0.55,0.65,0.58,0.55,0.40,0.50,0.93,0.63,0.72,0.93,0.78,0.90,0.43,1.20,0.90,0.40,1.00,0.75,0.90,0.50,0.67,0.40,1.00,0.50,0.50,0.70,0.70,0.97,0.80,1.35,0.67,0.70,0.95,0.90,0.80,0.50,0.43,0.47,0.50,0.57,0.33,0.35,0.70,0.40,0.40,,0.25,0.45,0.53,0.63,0.35,0.55,0.60,0.55,,0.65,0.40,0.40,0.50,0.90,0.60,0.70,0.40,0.65,0.50,0.40,0.75,0.35,0.50,0.40,0.20,0.35,0.60,,0.50,0.45,0.80,0.93,0.50,0.55,1.30,0.45,1.00,0.50,0.75,,0.45,,0.65,,0.65,0.70,0.40,0.40,0.40,0.40,0.60,0.40,0.63,0.70,0.55,0.40,0.10,0.20,0.30,0.55,0.15,0.40,0.35,0.60,0.20,0.10,0.35,0.50,,,,0.60,,
20260407,8,CO_24h,0.26,0.39,0.38,0.41,0.25,0.43,0.26,0.30,0.20,0.20,0.30,0.35,0.45,0.42,0.32,0.43,0.36,0.40,0.44,0.60,0.68,0.81,0.62,0.47,0.50,0.62,0.94,0.80,0.62,0.68,0.32,0.48,0.38,0.72,0.59,0.63,0.56,0.82,0.65,0.60,0.55,0.80,0.60,0.60,0.62,0.68,0.35,0.68,0.51,0.43,0.52,0.91,0.66,0.66,0.51,0.47,0.50,0.25,0.33,0.57,0.57,0.57,0.64,0.52,0.60,0.49,0.43,0.46,0.23,0.56,0.53,0.70,0.46,0.43,0.50,0.65,0.54,0.32,0.44,0.40,0.27,0.35,0.57,0.46,0.46,0.57,0.28,0.47,0.56,0.32,0.32,0.40,0.47,0.48,0.23,0.42,0.97,0.57,0.70,0.67,0.80,0.35,0.50,0.53,0.75,0.90,0.83,0.60,0.43,0.80,0.41,0.50,0.63,0.48,0.34,0.84,0.55,0.52,0.40,0.62,0.36,0.53,0.30,0.72,0.73,0.80,0.59,0.38,0.62,0.63,0.55,0.47,0.53,0.77,0.88,1.05,0.60,0.83,0.72,0.99,0.50,0.60,0.60,0.78,0.77,0.47,0.57,0.30,0.60,0.47,0.53,0.45,0.45,0.46,0.60,0.50,0.50,0.68,0.42,0.35,,,,,,,,,,,,,,,,,,,,,,,,,,,,,,0.43,0.40,0.80,0.57,0.37,0.40,0.67,0.40,0.40,0.50,0.47,0.20,0.45,0.30,,0.20,0.50,0.28,0.40,0.35,0.43,0.33,0.30,0.40,0.70,0.35,0.20,0.30,0.23,0.30,0.37,0.38,0.35,0.53,0.30,0.35,0.40,0.40,0.46,0.40,0.60,0.50,0.55,0.45,0.50,0.30,0.42,0.27,0.77,0.43,0.77,0.87,0.60,0.70,0.80,0.60,0.63,0.65,0.55,0.82,0.95,0.68,0.88,0.80,0.66,0.68,0.55,0.45,0.52,0.53,0.40,0.37,0.90,0.63,0.70,0.87,0.63,0.70,0.50,1.10,0.73,0.60,0.85,0.90,0.90,0.65,0.57,0.35,0.65,0.50,0.35,0.63,0.65,1.00,0.77,1.10,0.80,0.90,1.05,1.00,0.77,0.45,0.47,0.47,0.50,0.65,0.60,0.30,0.70,0.45,0.40,,0.20,0.45,0.57,0.63,0.30,0.50,0.55,0.60,,0.70,0.35,0.40,0.45,0.75,0.40,0.50,0.40,0.45,0.65,0.40,0.65,0.30,0.35,0.30,0.25,0.30,0.60,,0.45,0.50,0.57,0.57,0.50,0.50,0.65,0.35,0.40,0.30,0.55,,0.35,,0.55,,0.40,0.60,0.40,0.20,0.30,0.40,0.40,0.40,0.47,0.70,0.35,0.35,0.30,0.25,0.20,0.70,0.15,0.55,0.30,0.60,0.30,0.10,0.40,0.50,,,,0.60,,
20260407,9,AQI,23,35,50,25,24,59,27,23,25,24,38,34,56,58,37,41,23,26,36,27,55,31,33,25,53,38,52,48,34,30,37,27,36,54,33,40,41,51,45,38,28,64,69,56,70,21,33,70,57,24,86,70,55,42,38,33,43,40,47,39,37,45,64,49,33,34,17,36,32,95,67,67,55,69,66,60,48,60,24,24,21,26,18,52,46,57,31,52,56,33,34,61,67,26,26,25,12,28,43,46,33,24,42,35,51,44,47,53,41,68,40,43,87,54,23,39,44,46,24,64,29,37,25,55,55,69,90,91,68,80,83,95,45,82,72,54,40,19,62,29,36,26,21,46,14,18,24,24,17,43,80,58,55,70,94,68,70,45,36,63,,,,,,,,,,,,,,,,,,,,,,,,,,,,,,61,72,68,86,40,79,81,55,75,66,35,22,56,24,,19,54,22,37,30,23,34,24,32,35,28,24,26,22,25,23,19,19,23,24,22,26,59,64,59,71,63,59,55,61,58,58,63,67,59,24,15,16,33,17,39,37,59,53,22,27,40,70,50,99,75,62,80,79,72,60,75,89,67,87,81,77,77,85,69,60,21,65,51,81,16,55,41,51,33,55,56,63,80,55,116,25,21,50,91,37,16,25,22,25,27,22,14,22,21,24,,29,20,56,42,34,13,73,18,,13,41,38,26,83,59,40,40,65,73,31,68,34,41,16,36,28,40,,27,26,56,64,56,76,78,60,78,89,77,,84,,62,,49,69,45,52,64,22,28,39,59,75,72,50,37,146,59,100,98,120,155,63,37,20,124,198,,,,56,,
20260407,9,PM2.5,5,14,11,8,3,11,3,8,3,5,8,7,10,20,10,14,6,18,25,8,20,10,3,4,22,12,5,16,14,7,10,6,14,27,9,25,17,25,17,18,5,40,50,36,46,7,22,44,21,6,33,47,39,23,20,16,28,24,26,22,21,29,46,34,18,24,4,20,4,43,31,40,22,21,48,43,28,18,8,10,9,3,4,20,8,14,4,25,17,5,8,25,39,3,3,3,6,16,25,25,23,14,25,18,27,24,32,37,28,47,10,13,39,8,4,19,17,13,10,46,10,25,12,37,31,29,39,18,31,21,50,52,22,55,51,34,28,4,44,13,19,12,13,25,3,3,9,13,8,20,36,28,22,26,51,25,34,9,9,17,,,,,,,,,,,,,,,,,,,,,,,,,,,,,,26,29,49,32,10,20,34,22,7,9,11,3,16,8,,7,13,8,16,16,3,24,16,19,18,19,15,18,9,3,11,6,12,16,8,12,5,37,42,33,46,39,36,34,31,34,26,36,41,38,5,4,8,23,7,27,26,42,37,13,18,28,51,35,33,21,33,48,37,22,27,36,66,18,51,60,30,26,63,38,24,11,47,36,60,11,28,29,36,23,36,36,39,59,39,88,10,13,26,68,21,9,8,15,15,17,5,8,14,11,9,,6,12,40,24,16,3,53,8,,3,29,15,8,61,42,28,24,47,53,18,49,24,23,6,3,6,28,,5,5,32,38,31,39,31,29,38,30,35,,33,,29,,21,33,26,18,37,3,14,22,12,32,22,15,8,35,14,62,51,59,73,20,3,3,27,39,,,,37,,
20260407,9,PM2.5_24h,5,10,18,13,5,29,12,10,5,7,17,14,25,18,8,7,7,18,36,30,32,39,28,11,27,32,35,36,37,30,20,18,24,43,21,25,44,44,39,26,18,40,39,23,31,23,16,36,15,6,38,56,43,21,16,14,23,19,18,15,18,24,48,31,24,20,14,18,6,34,30,29,20,19,42,41,15,12,4,7,7,9,21,16,13,21,7,16,20,5,9,20,19,7,4,2,39,13,31,21,22,12,22,17,31,21,20,25,22,33,6,18,22,17,6,13,10,8,10,25,20,38,27,38,36,37,35,30,33,34,35,23,24,50,41,38,24,27,38,49,22,19,20,19,20,15,22,25,13,19,33,29,17,33,39,17,19,19,11,15,,,,,,,,,,,,,,,,,,,,,,,,,,,,,,31,24,36,21,11,21,26,18,12,14,11,11,25,8,,5,8,3,7,10,6,18,10,12,10,33,17,12,24,12,10,19,18,21,11,29,10,28,30,26,37,32,36,38,31,29,38,25,38,48,23,12,11,18,20,25,16,27,23,13,20,20,23,30,34,31,29,35,33,23,27,29,52,27,41,47,44,41,50,53,29,21,21,25,48,18,15,16,25,18,42,33,37,64,44,82,33,54,63,77,24,12,19,9,10,27,42,9,33,16,7,,3,14,31,30,13,21,44,11,,17,22,19,8,55,28,17,40,42,74,18,38,22,11,4,5,4,13,,4,4,36,19,33,33,27,24,30,21,35,,30,,25,,19,27,20,24,24,17,7,18,20,29,23,17,14,21,27,78,46,82,84,26,13,3,27,23,,,,42,,
20260407,9,PM10,15,35,50,25,14,67,27,22,25,16,38,34,62,66,37,41,22,17,30,21,59,31,33,25,55,38,54,48,34,30,37,27,36,57,33,40,41,52,45,38,26,77,81,61,89,12,33,89,63,24,121,89,57,42,38,33,43,40,47,39,37,45,60,44,33,32,17,36,11,139,84,83,60,88,70,66,48,69,24,24,19,26,10,54,46,63,31,54,61,33,34,71,83,22,21,25,11,28,43,46,29,24,42,35,51,44,47,54,41,85,40,43,124,58,13,39,44,46,21,49,29,37,25,60,59,88,129,131,86,110,116,140,45,114,93,57,31,16,74,29,36,26,21,46,7,16,24,24,17,43,109,65,59,89,138,85,89,45,36,75,,,,,,,,,,,,,,,,,,,,,,,,,,,,,,72,93,61,121,40,107,112,60,100,82,35,13,62,24,,12,57,16,37,30,23,27,24,32,35,28,23,,13,21,20,16,15,20,18,14,26,68,78,67,92,75,67,59,71,65,65,76,84,68,13,14,15,30,17,35,22,54,45,22,27,36,67,46,148,99,73,110,108,93,69,99,116,83,124,93,103,103,94,88,70,21,59,33,97,16,60,39,47,30,60,62,75,79,58,127,25,21,50,102,37,16,25,22,25,27,22,14,22,21,24,,29,20,61,42,34,8,57,11,,6,36,38,25,111,,39,40,70,71,31,63,28,41,15,10,23,,,17,10,61,78,61,101,106,70,105,127,104,,117,,73,,49,87,45,53,78,13,28,39,67,100,93,50,37,242,68,150,145,189,259,75,37,17,198,346,,,,61,,
20260407,9,PM10_24h,20,35,68,42,28,74,54,24,26,23,50,52,74,63,20,45,20,20,44,60,76,83,69,41,72,71,88,92,72,66,56,44,66,99,40,36,86,94,83,38,31,69,63,35,84,29,22,53,55,29,107,104,56,40,33,32,40,34,43,32,33,39,66,46,38,30,25,32,11,133,79,64,58,70,55,59,30,41,18,18,19,24,29,55,52,74,37,47,70,24,38,65,50,32,17,25,53,28,48,44,29,32,38,38,50,47,43,48,36,88,22,55,80,69,16,30,59,39,24,30,30,42,38,76,81,71,122,91,94,115,114,78,43,84,70,49,29,50,64,66,43,36,31,34,32,32,32,37,25,37,122,94,57,111,133,52,62,63,61,61,,,,,,,,,,,,,,,,,,,,,,,,,,,,,,88,74,45,92,42,81,89,48,63,59,37,21,56,24,,16,35,23,32,52,22,30,26,48,43,33,21,19,24,27,13,27,19,23,26,31,19,77,83,75,93,74,66,72,85,74,77,72,84,77,31,15,15,25,25,40,21,44,27,20,34,29,36,43,104,101,82,92,93,98,76,96,105,99,141,92,117,110,80,113,78,32,28,29,65,22,32,23,37,22,58,56,63,85,63,103,50,79,89,108,49,23,29,20,33,35,72,17,50,22,24,,8,27,46,37,27,40,50,15,,19,36,40,17,96,36,29,53,61,96,26,54,30,20,9,14,17,21,,11,9,76,50,76,96,75,67,58,79,101,,99,,62,,50,66,47,54,58,38,15,52,68,91,81,54,39,117,129,210,141,204,288,80,38,17,189,129,,,,59,,
20260407,9,SO2,3,10,3,5,7,5,3,2,3,3,5,6,5,7,7,7,6,6,10,6,9,7,4,8,11,8,8,9,7,9,7,6,5,8,7,5,8,7,6,6,6,4,5,4,8,4,2,9,9,6,9,10,5,5,6,5,4,4,6,3,6,9,5,7,8,5,4,7,4,5,5,19,23,8,4,6,22,10,10,6,8,11,2,16,9,12,7,11,13,6,5,5,13,6,3,5,6,6,6,6,7,5,6,5,6,3,26,7,5,8,18,12,14,6,6,26,10,8,12,12,5,4,7,8,9,9,15,5,11,9,11,20,6,10,8,8,10,4,7,14,4,6,7,12,7,6,6,5,7,7,7,4,2,6,7,17,20,26,5,9,,,,,,,,,,,,,,,,,,,,,,,,,,,,,,6,5,4,12,14,10,18,9,24,19,7,6,22,7,,4,9,5,6,8,7,4,4,7,7,3,6,7,5,9,8,5,6,9,5,6,9,8,10,8,9,8,5,9,8,5,7,7,9,7,3,4,4,5,4,4,6,8,42,4,8,8,10,8,10,13,9,9,11,7,5,7,14,7,22,8,6,6,7,5,6,7,6,9,9,5,4,4,3,4,8,7,7,13,14,29,7,5,10,10,3,7,6,4,7,7,4,7,9,4,6,,6,3,5,18,3,10,17,3,,4,6,7,8,7,13,8,5,8,10,3,7,7,7,7,8,8,6,,9,6,9,18,12,7,134,10,15,8,8,,27,,8,,6,12,8,10,14,17,6,14,13,21,6,3,9,6,4,4,17,7,6,6,6,7,10,10,,,,7,,
20260407,9,SO2_24h,3,7,4,5,7,7,3,2,3,2,5,6,6,7,6,7,6,6,8,7,7,7,6,8,11,7,9,9,6,10,7,6,5,8,7,5,8,7,7,6,6,4,6,4,7,4,2,8,8,6,7,9,5,5,5,4,4,4,6,4,5,9,5,6,8,4,4,5,4,6,7,13,12,8,4,6,12,6,11,6,6,11,3,11,10,11,13,10,12,6,4,5,8,7,3,6,9,6,6,4,7,5,6,5,6,4,8,7,5,8,9,11,9,7,6,14,9,8,14,6,5,4,6,9,12,8,14,5,10,12,8,16,6,7,6,7,10,10,7,9,4,6,6,10,7,6,3,5,7,6,6,4,3,7,8,12,13,19,6,10,,,,,,,,,,,,,,,,,,,,,,,,,,,,,,6,4,4,7,8,12,11,8,7,18,5,6,11,7,,5,9,5,6,9,7,3,5,7,8,2,6,6,6,9,8,4,5,7,6,5,8,6,9,9,10,7,5,9,8,6,6,8,8,8,5,4,3,4,4,4,6,5,18,3,8,6,10,12,10,11,8,8,9,6,5,8,12,9,13,13,7,6,8,7,6,7,5,8,6,10,4,5,4,4,9,7,7,12,11,20,7,5,8,7,10,7,7,3,8,7,6,7,9,3,6,,6,5,7,11,4,10,12,3,,6,6,6,8,7,11,6,6,7,11,3,6,7,6,7,9,8,7,,8,6,7,16,9,8,29,12,12,5,9,,9,,8,,5,12,10,11,14,16,6,15,11,13,5,3,10,7,3,5,13,4,3,7,6,5,13,10,,,,8,,
20260407,9,NO2,6,18,11,9,8,11,9,10,16,6,20,15,7,14,25,21,11,10,15,16,19,20,11,17,17,14,21,21,16,9,12,13,13,13,17,17,13,15,18,23,15,23,15,11,20,16,22,16,22,17,18,33,14,25,18,10,26,8,18,15,21,18,13,13,17,25,9,17,11,45,40,38,28,29,20,21,33,36,11,9,11,10,9,23,11,21,13,20,17,16,14,19,24,13,9,12,11,13,10,12,17,13,16,7,25,20,27,24,27,19,15,12,21,12,9,20,21,16,9,15,10,12,14,14,16,19,29,17,24,10,24,17,22,34,25,18,16,10,13,13,11,19,14,29,11,10,24,13,10,13,34,29,23,24,40,33,36,23,13,46,,,,,,,,,,,,,,,,,,,,,,,,,,,,,,17,20,29,19,10,18,23,15,32,23,10,6,15,15,,7,8,8,11,8,9,10,10,17,14,8,12,8,7,6,6,6,12,13,10,13,7,23,16,16,12,13,10,15,17,13,19,12,33,18,10,9,11,11,17,15,15,19,14,11,13,18,6,23,20,15,26,23,24,18,16,23,34,18,25,38,28,14,28,6,31,10,12,17,10,10,13,10,20,13,17,20,16,21,15,27,13,11,8,12,21,15,12,23,31,11,20,8,19,7,4,,19,16,13,8,17,10,16,6,,4,18,15,15,37,15,24,9,26,16,14,33,16,24,19,2,7,15,,13,7,27,59,14,26,36,33,38,25,30,,19,,24,,28,25,6,4,34,5,28,3,28,25,16,27,16,21,11,18,9,26,15,33,9,21,21,7,,,,5,,
20260407,9,NO2_24h,7,17,16,11,12,18,14,5,8,5,17,20,17,15,9,15,12,11,18,21,22,25,14,21,22,16,22,19,20,12,15,13,17,16,23,32,19,17,19,25,23,26,26,17,22,21,16,15,25,15,17,37,12,23,13,5,17,6,12,11,14,14,8,9,20,18,9,11,7,38,28,18,22,25,16,18,20,20,13,13,16,19,18,20,16,23,15,26,18,18,18,19,18,16,13,12,22,10,15,8,17,6,14,4,28,20,17,13,14,20,8,15,21,16,8,17,18,14,13,10,10,14,11,19,19,28,24,16,24,16,22,19,27,29,25,11,13,11,10,14,7,16,9,14,14,8,19,15,9,10,38,19,28,18,38,12,18,24,8,24,,,,,,,,,,,,,,,,,,,,,,,,,,,,,,14,18,24,19,10,20,30,17,30,26,8,8,11,8,,12,6,8,11,12,10,9,7,9,8,7,9,8,10,7,9,9,11,13,8,15,6,23,20,18,18,11,11,17,19,16,17,15,24,14,17,12,10,6,27,17,9,16,12,10,14,15,5,20,17,20,24,23,21,18,16,14,27,14,25,30,17,15,20,17,23,14,9,11,7,7,10,8,14,11,21,13,12,20,14,13,15,6,8,14,26,13,12,13,18,10,36,7,15,7,6,,9,8,11,6,11,7,12,6,,6,7,13,8,17,8,8,8,14,17,8,16,11,7,8,3,5,10,,4,3,24,35,16,18,21,23,17,11,22,,14,,17,,19,8,2,3,12,2,13,4,25,23,19,17,19,14,13,34,14,35,12,28,9,6,14,8,,,,6,,
20260407,9,O3,75,67,77,67,76,74,77,74,56,77,66,73,78,73,42,49,73,66,51,85,86,83,84,78,69,82,79,76,82,81,66,80,69,100,97,87,103,99,88,87,90,68,75,86,74,67,9,63,71,78,80,58,34,14,27,35,14,45,28,38,23,17,69,78,31,24,48,88,103,20,36,27,48,56,22,21,41,48,66,74,68,75,57,67,80,75,74,71,84,76,72,85,72,82,83,80,37,24,48,46,2,25,18,43,4,11,12,12,51,60,58,97,74,74,73,54,49,56,77,52,66,70,53,82,91,83,63,61,58,86,65,77,6,46,39,21,8,60,24,32,44,27,64,48,46,56,43,61,54,87,37,45,25,30,20,56,47,57,70,31,,,,,,,,,,,,,,,,,,,,,,,,,,,,,,48,58,8,82,59,68,74,73,33,71,67,71,54,68,,61,110,71,61,54,73,63,63,62,67,58,76,75,69,79,72,61,62,66,78,69,63,75,77,85,86,82,82,82,59,75,73,65,71,88,77,48,52,37,40,26,36,45,42,50,54,38,55,49,58,82,55,50,85,70,64,67,29,55,41,34,69,58,35,14,25,14,36,32,24,35,59,47,31,23,17,72,71,35,30,43,34,35,41,56,36,44,62,40,33,55,60,26,47,61,28,,24,52,67,40,43,43,51,56,,43,54,60,83,54,55,50,110,75,49,73,24,39,68,51,114,91,106,,86,82,23,20,30,33,60,41,39,37,32,,85,,18,,27,52,63,68,55,71,74,124,45,48,77,50,70,62,47,57,70,34,61,21,29,65,55,61,,,,104,,
20260407,9,O3_24h,75,67,77,67,76,74,77,74,56,77,66,73,78,73,42,49,73,66,51,85,86,83,84,78,69,82,79,76,82,81,66,80,69,100,97,87,103,99,88,87,90,68,75,86,74,67,9,63,71,78,80,58,34,14,27,35,14,45,28,38,23,17,69,78,31,24,48,88,103,20,36,27,48,56,22,21,41,48,66,74,68,75,57,67,80,75,74,71,84,76,72,85,72,82,83,80,37,24,48,46,2,25,18,43,4,11,12,12,51,60,58,97,74,74,73,54,49,56,77,52,66,70,53,82,91,83,63,61,58,86,65,77,6,46,39,21,8,60,24,32,44,27,64,48,46,56,43,61,54,87,37,45,25,30,20,56,47,57,70,31,,,,,,,,,,,,,,,,,,,,,,,,,,,,,,48,58,8,82,59,68,74,73,33,71,67,71,54,68,,61,110,71,61,54,73,63,63,62,67,58,76,75,69,79,72,61,62,66,78,69,63,75,77,85,86,82,82,82,59,75,73,65,71,88,77,48,52,37,40,26,36,45,42,50,54,38,55,49,58,82,55,50,85,70,64,67,29,55,41,34,69,58,35,14,25,14,36,32,24,35,59,47,31,23,17,72,71,35,30,43,34,35,41,56,36,44,62,40,33,55,60,26,47,61,28,,24,52,67,40,43,43,51,56,,43,54,60,83,54,55,50,110,75,49,73,24,39,68,51,114,91,106,,86,82,23,20,30,33,60,41,39,37,32,,85,,18,,27,52,63,68,55,71,74,124,45,48,77,50,70,62,47,57,70,34,61,21,29,65,55,61,,,,104,,
20260407,9,O3_8h,71,57,66,38,70,67,70,75,46,77,70,70,69,79,57,56,71,62,47,93,70,90,87,68,56,76,87,76,84,81,62,74,61,90,105,47,96,104,95,74,104,56,38,31,59,38,15,67,57,74,75,53,37,10,26,36,14,39,20,29,18,26,72,64,24,47,56,82,105,20,35,50,50,61,35,31,39,46,62,58,55,60,21,51,71,68,74,52,77,62,49,63,57,63,65,83,19,27,39,50,,32,25,50,4,7,12,14,64,48,53,94,48,70,69,52,49,48,68,61,59,63,49,80,81,78,49,60,51,74,52,55,4,24,28,20,11,68,38,39,44,31,75,67,49,65,44,46,59,81,11,43,15,40,12,74,55,44,93,42,,,,,,,,,,,,,,,,,,,,,,,,,,,,,,42,68,2,55,53,74,30,66,19,58,66,64,53,63,,35,109,63,57,48,71,69,66,77,76,50,72,66,66,67,72,47,59,68,73,57,55,62,65,72,89,81,55,71,55,61,58,50,65,73,44,50,43,50,25,12,39,44,47,54,53,43,55,30,64,64,48,60,82,50,58,85,26,53,33,39,71,70,46,11,43,13,48,64,33,36,75,54,43,34,4,69,67,44,34,82,42,46,51,55,30,52,66,69,57,52,32,36,39,62,46,,40,62,82,59,61,51,59,57,,50,77,64,92,77,65,79,109,79,61,82,47,54,84,65,114,103,116,,104,100,27,14,33,63,35,51,30,68,30,,94,,35,,22,72,70,78,58,62,89,129,36,41,75,67,56,86,54,30,75,13,57,25,47,108,82,61,,,,104,,
20260407,9,O3_8h_24h,71,56,66,38,70,67,70,73,46,76,70,70,69,79,54,54,71,61,47,89,70,88,84,68,56,75,83,74,82,79,61,73,61,90,104,47,96,102,92,74,103,56,38,31,59,38,14,66,56,72,73,51,35,8,26,36,13,39,19,29,17,23,72,64,24,45,54,81,105,9,34,45,48,60,31,28,37,46,62,58,55,60,21,51,71,68,74,52,77,61,49,63,57,63,65,83,19,26,39,50,,30,22,48,4,7,11,12,60,46,52,93,48,69,69,50,48,48,68,59,59,62,48,79,80,78,46,60,50,74,51,55,4,24,28,20,11,67,33,38,42,30,74,62,48,64,44,46,58,81,11,42,15,38,11,70,51,44,89,42,,,,,,,,,,,,,,,,,,,,,,,,,,,,,,40,64,2,55,53,72,30,66,19,58,66,64,49,62,,35,109,63,56,48,70,67,66,73,75,50,71,66,66,67,71,47,59,68,73,57,55,61,65,72,89,81,55,71,53,61,58,49,65,73,44,50,43,47,25,12,36,43,47,53,53,42,53,30,62,64,47,57,82,48,56,82,25,51,32,36,68,66,44,10,36,13,44,58,31,36,73,54,39,33,4,68,67,42,31,71,42,45,47,54,29,52,65,63,54,52,32,35,39,62,42,,34,60,79,56,56,49,55,56,,49,72,63,91,72,62,72,109,76,59,81,42,50,81,62,114,101,115,,99,97,26,12,31,54,35,49,30,62,29,,93,,32,,22,70,69,76,58,62,87,129,35,40,74,65,56,83,53,30,75,13,56,25,44,104,77,61,,,,104,,
20260407,9,CO,0.28,0.58,0.36,0.38,0.25,0.30,0.22,0.33,0.30,0.22,0.35,0.28,0.35,0.47,0.56,0.52,0.36,0.41,0.39,0.36,0.77,0.49,0.37,0.40,0.42,0.44,0.73,0.71,0.46,0.52,0.33,0.40,0.30,0.59,0.41,0.47,0.40,0.63,0.45,0.40,0.30,0.67,0.50,0.60,0.71,0.53,0.43,0.78,0.53,0.40,0.51,0.72,0.72,0.77,0.57,0.50,0.57,0.30,0.37,0.63,0.65,0.67,0.61,0.55,0.53,0.52,0.43,0.59,0.30,0.71,0.70,1.40,1.08,0.45,0.57,0.82,0.79,0.56,0.46,0.40,0.30,0.38,0.63,0.66,0.40,0.63,0.26,0.57,0.64,0.28,0.25,0.50,0.68,0.44,0.23,0.40,0.80,0.65,0.60,0.73,1.05,0.40,0.55,0.67,0.90,1.50,1.00,0.65,0.57,1.00,0.87,0.60,0.80,0.46,0.36,1.44,0.68,0.48,0.38,0.73,0.38,0.50,0.23,0.73,0.63,0.76,0.68,0.30,0.58,0.43,0.72,0.65,0.55,0.77,0.97,1.17,0.65,0.70,0.80,0.84,0.55,0.57,0.60,0.88,0.67,0.50,0.53,0.25,0.50,0.55,0.63,0.55,0.50,0.56,0.80,0.90,0.67,0.88,0.42,0.45,,,,,,,,,,,,,,,,,,,,,,,,,,,,,,0.45,0.50,0.85,1.20,0.37,0.35,1.73,0.47,0.47,0.43,0.50,,0.45,0.47,,0.30,0.50,0.28,0.40,0.40,0.40,0.30,0.40,0.55,0.70,0.30,0.45,0.35,0.17,0.27,0.33,0.30,0.40,0.47,0.30,0.30,0.45,0.44,0.60,0.40,0.57,0.58,0.55,0.50,0.44,0.27,0.47,0.23,0.88,0.50,0.77,0.70,0.55,1.05,0.65,0.63,0.87,0.85,0.80,0.78,1.00,0.73,1.00,0.70,0.50,0.62,0.55,0.63,0.58,0.55,0.47,0.53,0.88,0.67,0.74,0.77,0.70,0.80,0.47,1.20,0.90,0.50,1.03,0.80,0.90,0.55,0.70,0.40,0.80,0.60,0.40,0.67,0.73,1.00,0.77,1.35,0.70,0.80,1.05,0.90,0.83,0.50,0.43,0.57,0.65,0.63,0.28,0.40,0.70,0.40,0.40,,0.40,0.50,0.60,0.63,0.40,0.55,0.70,0.55,,0.70,0.50,0.40,0.50,1.00,0.65,0.80,0.30,0.70,0.55,0.45,0.90,0.35,0.65,0.35,0.20,0.35,0.60,,0.55,0.50,0.90,1.00,0.50,0.55,1.65,0.50,0.90,0.45,0.85,,0.45,,0.70,,0.70,0.80,0.50,0.40,0.60,1.00,0.50,0.30,0.53,0.90,0.45,0.50,0.10,0.25,0.20,0.45,0.20,0.50,0.30,0.65,0.30,0.20,0.40,0.50,,,,0.60,,
20260407,9,CO_24h,0.26,0.41,0.40,0.42,0.25,0.43,0.26,0.30,0.20,0.20,0.30,0.35,0.45,0.40,0.36,0.43,0.36,0.40,0.44,0.58,0.67,0.80,0.62,0.47,0.50,0.58,0.94,0.80,0.62,0.65,0.34,0.48,0.38,0.71,0.59,0.63,0.56,0.78,0.63,0.57,0.50,0.80,0.60,0.60,0.62,0.65,0.35,0.68,0.51,0.43,0.52,0.90,0.66,0.66,0.51,0.47,0.50,0.25,0.33,0.57,0.57,0.57,0.64,0.52,0.60,0.48,0.43,0.46,0.23,0.58,0.53,0.70,0.48,0.43,0.50,0.67,0.53,0.34,0.44,0.43,0.27,0.35,0.57,0.47,0.44,0.57,0.28,0.47,0.56,0.32,0.32,0.40,0.48,0.48,0.23,0.42,0.97,0.57,0.70,0.67,0.85,0.35,0.50,0.53,0.75,0.90,0.83,0.60,0.43,0.80,0.44,0.50,0.63,0.48,0.34,0.88,0.55,0.48,0.40,0.62,0.36,0.53,0.30,0.70,0.70,0.80,0.57,0.35,0.62,0.63,0.57,0.50,0.53,0.77,0.88,1.02,0.60,0.83,0.75,0.99,0.50,0.57,0.60,0.78,0.77,0.47,0.53,0.30,0.55,0.47,0.53,0.45,0.45,0.46,0.60,0.50,0.53,0.70,0.42,0.35,,,,,,,,,,,,,,,,,,,,,,,,,,,,,,0.43,0.40,0.80,0.60,0.37,0.40,0.70,0.40,0.40,0.50,0.47,0.20,0.45,0.30,,0.20,0.50,0.28,0.40,0.35,0.43,0.33,0.30,0.45,0.70,0.35,0.20,0.30,0.20,0.30,0.37,0.38,0.35,0.53,0.30,0.35,0.40,0.40,0.46,0.40,0.60,0.47,0.60,0.45,0.50,0.27,0.45,0.27,0.77,0.43,0.77,0.83,0.60,0.70,0.80,0.63,0.63,0.68,0.55,0.82,0.95,0.68,0.88,0.80,0.64,0.65,0.55,0.45,0.52,0.53,0.40,0.40,0.90,0.63,0.70,0.87,0.63,0.70,0.50,1.10,0.73,0.60,0.85,0.90,0.90,0.65,0.60,0.40,0.70,0.50,0.35,0.63,0.65,0.97,0.77,1.10,0.80,0.90,1.05,1.00,0.77,0.45,0.47,0.45,0.50,0.65,0.58,0.30,0.70,0.45,0.40,,0.20,0.45,0.57,0.63,0.30,0.50,0.55,0.55,,0.70,0.35,0.40,0.45,0.75,0.40,0.50,0.40,0.45,0.65,0.40,0.65,0.30,0.35,0.30,0.25,0.30,0.60,,0.45,0.50,0.57,0.57,0.50,0.55,0.70,0.35,0.40,0.30,0.55,,0.35,,0.55,,0.40,0.60,0.40,0.20,0.30,0.40,0.40,0.40,0.47,0.70,0.35,0.35,0.25,0.25,0.20,0.70,0.15,0.60,0.30,0.65,0.30,0.10,0.40,0.45,,,,0.60,,
20260407,10,AQI,24,33,47,23,24,54,25,28,22,26,34,34,43,59,31,37,24,31,33,29,53,27,36,25,54,42,53,38,35,34,36,28,34,45,31,43,41,48,34,35,28,57,74,57,68,27,34,70,59,26,98,74,49,44,39,32,45,41,54,41,35,48,64,43,32,33,21,34,34,98,74,69,57,92,66,56,52,57,29,25,24,25,23,50,46,58,28,51,54,28,35,57,65,27,26,26,14,34,46,48,41,28,37,40,52,54,53,56,45,74,42,41,75,59,25,43,39,37,26,49,24,31,29,59,55,67,97,102,76,77,84,102,51,77,81,61,40,19,59,29,42,31,26,51,13,18,28,21,20,35,81,63,57,72,104,80,69,43,42,84,,,,,,,,,,,,,,,,,,,,,,,,,,,,,,69,74,51,70,39,75,84,53,69,87,34,18,57,32,,21,57,25,33,30,25,30,21,31,32,20,25,25,24,27,24,21,22,29,28,24,27,60,63,57,72,67,63,56,61,59,60,63,67,60,25,18,18,41,21,46,37,61,54,23,28,42,59,64,80,78,64,79,78,62,60,75,88,70,87,83,79,77,91,11,64,22,69,56,85,21,58,44,56,36,51,68,60,81,54,101,22,23,48,89,26,18,22,26,33,30,22,22,22,24,22,,21,22,54,44,40,13,64,18,,13,46,41,28,86,54,34,42,63,79,30,75,30,31,20,35,32,33,,27,27,54,69,59,76,73,62,66,109,90,,77,,65,,33,65,54,39,58,24,32,43,57,77,60,64,52,139,56,92,106,129,173,68,53,27,99,180,,,,55,,
20260407,10,PM2.5,3,14,5,6,3,11,3,10,3,5,12,3,9,23,9,15,7,22,23,7,6,8,3,4,19,8,3,8,11,8,8,5,13,19,6,23,17,21,10,16,3,30,54,35,44,7,23,40,20,5,34,46,30,25,22,14,31,24,24,25,21,30,46,30,17,23,4,18,5,46,30,46,25,23,48,40,33,16,12,10,11,5,6,19,12,17,3,27,16,4,5,21,38,3,3,3,5,19,24,25,29,16,26,18,31,29,30,40,26,51,15,10,55,10,6,22,17,14,11,34,7,19,10,30,23,33,27,21,34,21,41,50,27,51,60,35,28,3,42,15,19,13,18,29,3,3,10,11,7,15,36,28,25,26,55,32,37,8,8,18,,,,,,,,,,,,,,,,,,,,,,,,,,,,,,26,34,36,24,20,14,25,20,8,6,13,6,18,12,,3,14,8,15,16,4,21,13,19,22,11,10,14,17,3,12,4,13,15,13,11,8,33,34,29,43,40,28,29,31,30,29,35,39,26,8,4,10,29,9,32,26,44,38,10,17,28,40,46,25,23,34,37,40,16,35,40,65,16,43,61,22,22,68,,23,13,50,40,63,15,38,31,40,25,31,35,40,60,35,76,10,11,24,66,13,6,6,18,16,17,5,14,15,13,6,,5,14,38,26,18,9,46,7,,3,29,28,7,58,38,19,29,34,58,20,55,21,16,3,3,6,18,,8,8,33,31,33,42,26,27,41,32,40,,29,,35,,14,34,21,16,28,10,10,17,21,36,18,23,6,31,14,52,48,63,90,18,6,3,18,40,,,,38,,
20260407,10,PM2.5_24h,5,10,18,13,5,29,12,10,5,7,18,14,25,18,9,7,7,18,36,29,31,37,26,10,27,29,34,35,35,28,19,17,24,43,20,25,44,43,38,25,18,39,40,23,31,23,17,37,16,6,37,55,43,21,16,14,23,19,18,16,18,23,48,31,24,20,13,18,6,34,30,30,20,20,43,42,16,12,4,7,7,9,20,17,13,21,7,17,20,5,9,20,20,6,4,2,37,13,30,21,22,12,22,17,31,21,19,24,22,33,7,18,23,17,6,13,11,8,11,25,19,38,26,37,35,37,35,30,33,33,35,24,25,50,42,38,25,25,38,48,22,18,18,18,19,13,20,24,12,19,33,29,17,33,40,18,20,18,11,16,,,,,,,,,,,,,,,,,,,,,,,,,,,,,,30,24,36,22,12,21,26,18,12,13,12,11,25,8,,5,9,3,8,10,6,18,10,12,11,31,17,12,23,10,9,19,17,21,11,29,10,27,29,26,38,32,36,36,30,30,38,26,38,47,21,11,10,19,19,25,16,28,23,13,20,21,24,31,34,31,29,35,32,22,28,29,53,27,41,47,43,39,51,53,28,20,22,25,50,17,15,16,25,18,42,33,36,64,44,82,32,51,61,76,24,12,17,8,10,26,40,9,33,15,7,,3,13,32,29,13,20,43,10,,15,22,20,8,55,28,17,40,41,73,18,38,21,11,4,4,4,13,,4,4,36,19,33,34,27,24,31,21,35,,30,,25,,18,27,21,24,24,16,5,18,20,28,23,16,13,22,27,78,47,82,85,25,13,3,28,24,,,,42,,
20260407,10,PM10,13,33,47,17,19,58,25,25,11,16,34,34,43,67,31,37,23,26,31,20,56,27,36,23,58,42,55,38,35,34,36,27,34,45,31,43,41,48,34,35,24,64,89,63,86,19,34,90,67,25,146,97,49,44,39,32,45,41,58,41,35,48,63,43,32,33,21,34,13,145,97,88,64,133,68,60,54,63,29,24,18,24,13,50,46,65,28,52,58,28,35,64,80,19,25,24,10,34,46,48,36,28,29,40,54,57,55,56,45,97,42,41,100,68,13,43,39,37,23,34,24,31,29,67,60,83,143,154,101,103,117,154,51,104,96,71,30,13,68,29,42,31,26,52,9,15,28,21,20,35,111,75,63,93,158,110,88,43,42,117,,,,,,,,,,,,,,,,,,,,,,,,,,,,,,87,97,47,90,39,100,117,55,88,123,34,18,64,32,,6,63,25,33,30,25,24,20,31,32,20,20,21,,17,13,13,17,29,20,17,27,69,76,64,94,84,75,61,71,68,69,76,83,69,19,9,15,36,21,38,32,53,43,23,28,42,67,55,109,106,77,107,106,74,70,100,122,89,124,109,107,103,107,,78,22,64,,94,16,65,41,52,33,52,86,70,75,58,111,22,23,48,75,26,18,22,24,33,30,22,22,22,24,22,,21,22,55,44,40,10,50,15,,6,46,41,28,121,48,34,42,76,78,30,71,30,31,19,10,14,23,,23,16,57,88,68,102,96,74,81,167,129,,104,,80,,33,80,58,39,65,16,28,43,63,103,70,77,53,228,62,134,161,208,295,86,55,27,148,309,,,,60,,
20260407,10,PM10_24h,20,35,68,42,28,74,54,24,26,24,51,52,74,64,21,45,20,19,44,58,74,81,66,39,72,67,85,90,68,63,55,42,65,98,40,36,85,92,82,38,31,68,65,36,84,29,23,55,55,28,108,104,57,41,34,32,40,34,43,33,34,39,66,46,38,29,24,32,11,133,79,65,55,73,57,60,31,42,19,19,19,24,29,54,51,73,36,48,71,24,37,64,51,31,17,24,51,28,48,44,29,32,38,38,50,47,42,47,36,87,23,53,80,68,16,31,60,40,24,30,29,42,38,75,79,73,121,94,93,114,112,80,43,86,71,50,29,47,65,65,42,34,27,34,31,30,31,36,24,36,120,93,56,112,133,54,64,61,62,64,,,,,,,,,,,,,,,,,,,,,,,,,,,,,,86,73,46,92,42,82,88,49,64,59,37,20,58,25,,15,36,24,33,53,23,29,26,46,43,32,22,19,23,25,12,27,19,23,25,30,20,75,82,75,93,75,67,70,84,74,76,71,84,76,30,14,15,26,24,41,21,44,28,20,34,30,38,44,104,102,83,90,91,94,75,94,107,99,142,94,118,109,82,116,77,31,29,29,67,20,32,23,37,22,58,58,63,85,63,104,48,75,88,108,47,22,29,19,32,34,69,17,49,22,24,,8,26,47,36,27,38,49,14,,17,36,41,18,96,35,29,53,61,96,27,54,30,21,10,14,17,21,,11,9,76,51,76,96,76,67,58,83,103,,98,,64,,48,66,47,53,58,36,15,52,66,90,81,53,37,125,128,207,143,206,290,80,37,18,192,139,,,,59,,
20260407,10,SO2,3,10,3,4,6,5,3,3,7,2,5,6,5,8,6,8,6,7,10,6,7,7,5,8,10,6,8,8,7,10,7,6,6,8,7,5,8,7,7,7,6,4,6,5,8,4,2,10,9,7,9,11,5,5,6,4,4,5,6,5,5,10,5,7,8,5,4,7,4,6,13,41,26,9,4,7,22,12,9,4,7,11,3,15,11,13,6,10,11,5,4,4,11,6,3,5,9,6,6,8,9,6,7,5,6,5,20,5,6,8,13,12,12,6,6,20,9,7,9,7,5,4,7,8,8,9,14,5,12,9,10,18,6,13,10,9,10,4,6,12,4,6,6,13,8,6,3,5,7,6,7,5,3,6,8,30,27,14,5,10,,,,,,,,,,,,,,,,,,,,,,,,,,,,,,6,4,4,10,12,7,14,10,14,17,7,,13,8,,4,10,6,6,9,7,5,5,8,7,1,6,6,6,9,8,5,6,9,5,6,15,8,9,8,10,8,5,11,8,6,7,7,8,7,3,3,4,6,4,4,6,7,32,3,7,9,11,6,8,13,9,10,12,7,5,7,13,8,19,14,7,4,14,6,6,8,6,10,9,5,4,6,4,4,7,7,9,13,27,25,7,6,10,9,2,6,6,4,7,7,4,7,8,4,6,,6,2,5,20,3,9,13,3,,4,7,6,8,7,13,6,5,8,11,3,8,7,8,9,8,8,8,,10,5,7,14,11,8,47,10,26,14,12,,11,,9,,6,18,10,10,14,19,6,14,13,21,5,3,9,7,4,4,21,7,4,7,6,7,11,11,,,,7,,
20260407,10,SO2_24h,3,7,4,5,7,8,3,2,3,2,5,6,6,7,6,7,6,6,9,7,7,7,5,8,11,7,8,9,6,10,7,6,5,8,7,5,8,7,7,6,6,4,6,4,7,4,2,8,8,6,7,9,5,5,5,4,4,4,6,4,5,9,5,6,8,4,4,5,4,6,7,14,12,8,4,6,12,6,11,6,6,11,3,12,10,11,12,10,12,6,4,4,8,7,3,6,9,6,6,5,7,5,6,5,6,4,8,7,5,8,10,10,10,6,6,14,9,8,13,6,5,4,6,9,11,8,14,5,10,12,8,16,6,8,6,8,10,10,7,9,4,6,6,11,7,6,3,5,7,6,6,4,3,7,8,12,14,18,6,9,,,,,,,,,,,,,,,,,,,,,,,,,,,,,,6,3,4,7,8,11,11,8,8,17,5,6,11,7,,5,9,5,6,9,7,3,5,7,8,2,6,6,6,9,8,4,5,7,6,5,8,6,9,9,10,7,5,9,8,6,6,8,8,7,5,4,3,4,4,4,6,5,18,3,8,6,10,11,10,11,8,8,9,6,5,8,12,9,13,13,7,6,8,7,6,7,5,8,6,9,4,5,4,4,9,7,7,12,12,20,7,5,7,7,10,7,7,3,8,7,6,7,9,3,6,,6,5,7,11,3,10,12,3,,5,6,6,8,7,12,6,6,7,11,3,6,7,6,7,9,8,7,,8,6,7,16,9,8,27,12,13,5,9,,9,,8,,5,12,9,11,13,16,5,15,11,13,5,3,10,7,3,5,14,5,3,7,6,5,13,10,,,,8,,
20260407,10,NO2,6,16,10,6,7,11,8,10,11,4,14,13,6,16,18,15,11,10,16,15,14,20,12,16,15,13,22,19,13,10,10,11,11,12,18,16,13,14,19,17,13,21,17,12,17,14,21,17,21,16,20,32,14,23,16,9,27,6,13,15,15,23,12,12,18,20,11,11,9,39,36,39,28,37,18,20,32,28,12,8,11,10,8,21,11,21,11,17,15,13,10,13,18,11,8,9,11,10,10,11,19,12,14,5,25,17,22,25,29,19,16,12,16,12,8,18,15,10,7,11,8,9,13,13,15,18,20,13,24,11,21,17,25,28,20,15,14,11,10,14,7,21,12,28,14,9,15,13,9,8,27,29,24,25,38,26,25,15,5,66,,,,,,,,,,,,,,,,,,,,,,,,,,,,,,17,15,24,16,13,18,12,14,28,23,9,6,13,19,,6,6,8,11,6,8,8,8,14,13,6,10,7,9,5,5,5,10,9,8,11,7,22,14,13,12,12,9,15,15,10,18,10,26,16,10,5,10,11,20,13,13,19,18,10,10,18,5,16,16,16,25,20,20,14,13,16,27,19,28,32,23,17,27,6,34,17,11,15,11,9,14,13,18,13,18,13,13,20,16,20,16,6,9,11,20,17,13,25,31,11,24,15,21,9,4,,16,21,12,10,23,12,13,8,,4,24,13,13,34,15,13,10,21,23,12,37,14,16,21,4,7,16,,17,9,23,43,17,21,30,37,15,19,27,,16,,25,,19,29,5,4,7,5,13,2,29,23,11,40,16,21,18,21,7,46,25,33,10,19,27,9,,,,5,,
20260407,10,NO2_24h,7,17,17,11,11,17,14,5,8,5,18,20,16,15,9,15,12,10,18,20,21,24,12,21,22,15,22,19,18,12,15,13,17,15,22,31,18,16,19,25,23,25,25,17,21,21,16,16,25,15,17,35,12,23,13,5,17,6,12,11,14,14,8,9,20,18,9,12,7,38,29,19,23,25,16,19,20,20,13,13,16,19,17,20,16,23,15,26,18,18,18,19,18,16,13,12,22,9,15,8,18,6,14,4,28,20,18,13,15,20,9,15,21,16,8,17,18,14,13,10,10,14,11,18,18,27,24,16,24,15,22,18,27,29,25,12,13,11,10,13,7,16,9,13,13,8,19,15,8,10,38,20,28,18,39,13,18,23,7,26,,,,,,,,,,,,,,,,,,,,,,,,,,,,,,14,18,25,19,11,20,29,17,30,26,8,8,11,8,,12,6,8,11,13,10,9,7,10,8,7,9,8,8,7,8,8,11,12,8,15,6,23,20,18,17,11,11,16,19,16,17,15,25,14,16,12,10,6,27,17,9,16,12,10,14,15,5,19,17,20,24,23,21,18,16,14,27,14,25,29,18,14,20,17,23,14,9,11,7,7,10,8,14,11,21,13,12,19,14,13,14,6,8,13,25,13,12,13,18,9,36,7,15,7,5,,10,8,11,7,11,7,12,6,,6,7,13,9,16,8,8,8,14,17,8,17,11,7,8,2,4,9,,5,3,23,35,16,18,21,24,17,11,22,,14,,16,,19,8,2,3,13,2,12,5,26,23,19,17,18,14,13,33,14,36,12,28,9,6,14,7,,,,6,,
20260407,10,O3,78,73,81,74,76,79,81,89,69,82,79,78,85,76,61,61,76,72,57,92,103,86,91,80,80,90,84,87,91,86,74,89,78,109,94,97,107,108,88,102,90,85,80,88,93,86,11,68,82,82,80,67,39,22,34,36,18,56,39,47,35,19,74,83,32,42,47,100,108,34,55,46,61,54,29,28,50,66,71,80,77,80,73,78,81,80,79,79,94,82,84,102,92,87,84,84,46,35,53,51,15,28,32,50,7,36,25,23,68,74,69,101,88,77,79,65,62,67,82,66,73,73,59,100,103,91,83,72,62,89,67,83,8,65,62,51,17,61,35,33,63,26,63,61,43,56,48,65,58,103,53,48,45,34,30,60,82,67,86,19,,,,,,,,,,,,,,,,,,,,,,,,,,,,,,69,76,23,95,65,72,106,80,59,76,73,,66,65,,68,114,77,68,65,77,74,68,68,66,63,81,80,69,85,77,67,71,71,89,78,69,82,91,92,98,90,93,100,73,86,83,78,85,106,80,59,56,42,47,65,39,63,65,51,75,42,63,78,65,76,61,63,88,89,73,76,55,66,42,59,84,85,44,,51,12,38,37,36,33,61,41,35,24,25,85,84,45,40,74,33,42,42,72,58,47,59,38,34,56,51,20,38,56,30,,38,44,74,38,35,40,70,56,,41,51,68,91,79,67,85,116,105,53,80,28,46,87,63,112,102,107,,85,85,25,52,44,50,74,39,70,61,58,,95,,22,,57,62,87,84,106,78,102,128,53,60,89,43,67,65,45,55,75,18,55,24,28,55,53,59,,,,106,,
20260407,10,O3_24h,78,73,81,74,76,79,81,89,69,82,79,78,85,76,61,61,76,72,57,92,103,86,91,80,80,90,84,87,91,86,74,89,78,109,94,97,107,108,88,102,90,85,80,88,93,86,11,68,82,82,80,67,39,22,34,36,18,56,39,47,35,19,74,83,32,42,47,100,108,34,55,46,61,54,29,28,50,66,71,80,77,80,73,78,81,80,79,79,94,82,84,102,92,87,84,84,46,35,53,51,15,28,32,50,7,36,25,23,68,74,69,101,88,77,79,65,62,67,82,66,73,73,59,100,103,91,83,72,62,89,67,83,8,65,62,51,17,61,35,33,63,26,63,61,43,56,48,65,58,103,53,48,45,34,30,60,82,67,86,19,,,,,,,,,,,,,,,,,,,,,,,,,,,,,,69,76,23,95,65,72,106,80,59,76,73,,66,65,,68,114,77,68,65,77,74,68,68,66,63,81,80,69,85,77,67,71,71,89,78,69,82,91,92,98,90,93,100,73,86,83,78,85,106,80,59,56,42,47,65,39,63,65,51,75,42,63,78,65,76,61,63,88,89,73,76,55,66,42,59,84,85,44,,51,12,38,37,36,33,61,41,35,24,25,85,84,45,40,74,33,42,42,72,58,47,59,38,34,56,51,20,38,56,30,,38,44,74,38,35,40,70,56,,41,51,68,91,79,67,85,116,105,53,80,28,46,87,63,112,102,107,,85,85,25,52,44,50,74,39,70,61,58,,95,,22,,57,62,87,84,106,78,102,128,53,60,89,43,67,65,45,55,75,18,55,24,28,55,53,59,,,,106,,
20260407,10,O3_8h,71,57,69,42,71,69,71,76,47,77,71,71,71,81,57,56,72,62,48,93,74,90,87,71,59,76,87,76,84,81,62,74,63,91,105,59,99,104,95,84,104,65,48,40,62,46,16,67,59,74,76,53,37,11,26,36,14,40,21,31,19,26,72,69,26,47,56,84,106,23,37,50,51,62,35,31,39,49,64,59,57,63,28,53,72,69,76,57,79,63,53,66,59,66,68,83,23,27,43,50,2,32,25,50,5,11,13,14,64,48,54,94,53,70,70,53,50,50,70,61,61,63,49,80,83,80,51,63,51,75,54,59,5,28,32,23,11,68,38,39,44,31,75,67,49,65,48,51,59,83,17,45,18,40,13,74,55,48,93,43,,,,,,,,,,,,,,,,,,,,,,,,,,,,,,43,68,5,61,55,74,38,66,23,63,66,64,53,63,,40,110,65,57,50,71,69,66,77,76,50,73,68,67,70,72,50,61,69,74,59,57,63,68,74,90,82,61,75,56,65,60,52,70,75,51,51,46,50,30,18,39,45,53,54,56,43,55,37,64,67,48,60,82,52,58,85,29,53,35,39,71,70,46,11,43,13,48,64,33,37,75,56,43,34,7,69,71,44,34,82,42,46,51,56,33,53,66,69,57,52,38,36,42,62,46,,40,62,82,59,61,51,59,57,,50,77,64,92,77,65,79,109,80,61,82,47,54,84,65,114,103,116,,104,100,27,16,34,63,41,51,35,68,32,,94,,35,,27,72,70,78,64,64,89,129,38,42,77,67,57,86,54,36,76,15,57,27,47,108,82,61,,,,105,,
20260407,10,O3_8h_24h,71,56,69,42,71,69,71,73,46,76,71,70,71,80,53,54,71,62,48,87,73,85,82,71,59,74,81,75,82,79,62,74,63,91,102,59,99,101,89,84,101,65,48,40,62,46,12,65,58,73,72,51,34,9,25,35,13,40,21,31,18,21,71,69,26,43,53,83,106,13,37,42,48,60,30,27,36,49,64,59,57,63,28,53,71,68,76,57,79,62,53,65,59,66,68,83,23,26,43,50,2,28,21,48,4,11,13,11,60,48,53,93,53,69,70,52,50,50,69,59,61,62,49,79,82,80,48,63,50,75,52,59,5,28,32,23,11,66,29,37,43,29,72,60,48,63,48,51,58,83,17,43,18,36,12,66,54,48,87,41,,,,,,,,,,,,,,,,,,,,,,,,,,,,,,42,64,5,61,55,72,38,66,23,63,66,64,49,60,,40,110,65,57,50,71,67,66,70,74,50,73,68,67,70,72,50,61,68,74,59,57,62,68,74,90,82,60,75,55,65,60,52,70,75,51,51,46,45,30,18,35,45,53,52,56,40,53,37,63,67,46,56,82,52,55,81,29,52,33,38,67,67,43,9,34,13,42,52,31,36,70,52,37,31,7,69,71,41,32,66,41,44,44,56,33,53,63,59,52,52,38,34,42,62,39,,33,56,77,53,52,47,54,56,,47,67,62,90,70,61,69,109,77,57,80,38,48,79,61,114,101,115,,95,94,24,16,34,48,41,47,35,58,32,,92,,29,,27,67,70,76,64,64,88,128,37,41,75,62,57,80,51,36,76,15,54,27,40,97,72,60,,,,105,,
20260407,10,CO,0.27,0.59,0.34,0.32,0.30,0.35,0.22,0.33,0.40,0.25,0.37,0.28,0.28,0.50,0.46,0.51,0.37,0.41,0.36,0.35,0.50,0.46,0.40,0.39,0.42,0.40,0.64,0.56,0.44,0.43,0.33,0.38,0.30,0.52,0.37,0.40,0.39,0.55,0.40,0.37,0.30,0.60,0.50,0.55,0.71,0.40,0.40,0.78,0.49,0.41,0.53,0.83,0.71,0.73,0.55,0.47,0.57,0.30,0.37,0.63,0.57,0.63,0.63,0.52,0.54,0.49,0.43,0.51,0.27,0.70,0.77,1.85,1.10,0.53,0.57,0.82,0.81,0.56,0.46,0.40,0.27,0.38,0.53,0.51,0.36,0.63,0.26,0.47,0.56,0.27,0.27,0.40,0.68,0.46,0.23,0.38,0.83,0.63,0.60,0.70,0.90,0.40,0.45,0.57,0.75,1.40,0.93,0.70,0.60,1.00,0.64,0.55,0.82,0.48,0.36,1.25,0.53,0.40,0.38,0.67,0.32,0.43,0.23,0.66,0.55,0.74,0.56,0.30,0.63,0.47,0.70,0.65,0.55,0.70,0.97,1.07,0.55,0.73,0.72,0.84,0.50,0.60,0.60,0.80,0.67,0.43,0.53,0.25,0.50,0.50,0.60,0.60,0.55,0.56,0.80,0.70,0.60,0.46,0.38,0.60,,,,,,,,,,,,,,,,,,,,,,,,,,,,,,0.45,0.50,0.70,0.93,0.33,0.35,0.53,0.47,0.57,0.43,0.47,0.30,0.40,0.45,,0.25,0.50,0.25,0.40,0.40,0.40,0.25,0.30,0.55,0.65,0.30,0.35,0.33,0.20,0.27,0.33,0.30,0.40,0.47,0.30,0.30,0.40,0.38,0.54,0.40,0.63,0.55,0.50,0.40,0.46,0.27,0.50,0.23,0.80,0.37,0.70,0.53,0.50,0.90,0.60,0.60,0.73,0.80,0.90,0.72,0.95,0.75,0.93,0.70,0.54,0.63,0.60,0.55,0.60,0.53,0.47,0.47,0.80,0.70,0.74,0.93,0.72,0.70,0.60,1.10,0.83,0.55,1.02,0.80,0.90,0.55,0.70,0.40,0.75,0.60,0.70,0.63,0.65,0.90,0.73,1.15,0.67,0.70,1.05,0.90,0.67,0.45,0.43,0.57,0.60,0.67,0.33,0.45,0.75,0.45,0.40,,0.30,0.60,0.53,0.63,0.45,0.55,0.65,0.55,,0.70,0.60,0.40,0.50,1.00,0.60,0.70,0.30,0.50,0.60,0.45,0.95,0.35,0.55,0.45,0.20,0.35,0.70,,0.55,0.50,0.73,0.73,0.60,0.55,0.90,0.50,0.40,0.45,0.75,,0.40,,0.65,,0.55,1.00,0.50,0.30,0.40,1.00,0.50,0.40,0.53,0.85,0.40,0.65,0.10,0.25,0.20,0.55,0.25,0.80,0.40,0.80,0.20,0.20,0.40,0.55,,,,0.60,,
20260407,10,CO_24h,0.26,0.42,0.38,0.43,0.30,0.43,0.26,0.30,0.20,0.20,0.30,0.35,0.43,0.40,0.36,0.44,0.36,0.40,0.42,0.56,0.65,0.78,0.57,0.47,0.46,0.58,0.91,0.79,0.62,0.65,0.32,0.48,0.35,0.69,0.56,0.60,0.55,0.78,0.60,0.53,0.50,0.77,0.60,0.60,0.62,0.65,0.35,0.68,0.51,0.40,0.52,0.90,0.66,0.67,0.51,0.47,0.50,0.25,0.33,0.57,0.55,0.57,0.64,0.52,0.60,0.48,0.43,0.46,0.23,0.58,0.53,0.70,0.50,0.44,0.50,0.70,0.51,0.34,0.46,0.43,0.27,0.35,0.57,0.49,0.44,0.57,0.28,0.47,0.56,0.32,0.32,0.43,0.48,0.48,0.23,0.42,0.97,0.57,0.70,0.67,0.85,0.35,0.50,0.53,0.70,0.90,0.83,0.60,0.43,0.80,0.46,0.50,0.63,0.46,0.34,0.92,0.55,0.48,0.40,0.62,0.36,0.50,0.30,0.65,0.67,0.80,0.57,0.35,0.60,0.63,0.57,0.53,0.53,0.77,0.88,1.02,0.60,0.83,0.75,0.97,0.50,0.55,0.60,0.78,0.77,0.47,0.53,0.30,0.53,0.47,0.57,0.50,0.45,0.50,0.60,0.50,0.53,0.66,0.40,0.35,,,,,,,,,,,,,,,,,,,,,,,,,,,,,,0.40,0.40,0.80,0.57,0.37,0.40,0.67,0.40,0.40,0.40,0.47,0.20,0.45,0.33,,0.20,0.50,0.28,0.40,0.35,0.43,0.33,0.30,0.45,0.65,0.35,0.25,0.30,0.20,0.30,0.37,0.35,0.35,0.47,0.30,0.35,0.40,0.37,0.46,0.40,0.57,0.47,0.60,0.40,0.50,0.23,0.45,0.23,0.77,0.47,0.77,0.83,0.60,0.70,0.80,0.63,0.63,0.68,0.55,0.82,0.95,0.68,0.88,0.80,0.64,0.65,0.55,0.45,0.52,0.53,0.40,0.40,0.90,0.63,0.68,0.90,0.63,0.70,0.50,1.10,0.73,0.60,0.85,0.85,0.90,0.60,0.60,0.40,0.70,0.50,0.35,0.63,0.65,0.97,0.77,1.10,0.80,0.90,1.05,1.00,0.77,0.45,0.47,0.45,0.50,0.65,0.58,0.30,0.70,0.45,0.40,,0.20,0.45,0.57,0.63,0.35,0.50,0.55,0.55,,0.70,0.35,0.40,0.45,0.80,0.40,0.50,0.40,0.45,0.65,0.40,0.70,0.30,0.35,0.30,0.25,0.30,0.60,,0.45,0.50,0.57,0.57,0.50,0.55,0.70,0.35,0.40,0.30,0.55,,0.35,,0.55,,0.40,0.60,0.40,0.20,0.30,0.40,0.40,0.40,0.47,0.70,0.35,0.35,0.25,0.25,0.20,0.70,0.15,0.65,0.35,0.65,0.20,0.10,0.40,0.45,,,,0.60,,
20260407,11,AQI,25,32,42,24,25,48,27,30,23,26,33,26,45,62,24,37,26,31,31,31,52,30,34,26,54,41,55,32,33,34,36,30,33,37,32,39,37,40,29,34,29,51,62,56,66,31,19,68,59,28,102,78,49,49,41,33,52,46,50,45,42,47,68,45,32,32,24,33,35,98,61,69,53,101,59,50,52,44,29,27,28,26,25,47,39,60,30,51,55,26,28,56,63,29,27,27,15,34,39,45,33,31,50,36,53,58,50,60,44,74,52,39,69,59,28,38,29,34,28,34,25,30,28,60,56,65,89,77,100,73,83,101,55,75,90,64,36,19,58,34,39,31,25,39,15,18,28,21,20,34,87,72,64,74,99,92,101,42,40,75,,,,,,,,,,,,,,,,,,,,,,,,,,,,,,68,65,35,71,48,67,92,53,67,74,26,26,49,44,,25,56,26,36,33,27,34,21,33,35,22,27,25,24,26,26,22,25,24,28,28,28,61,62,60,70,67,66,56,63,61,64,62,68,57,30,21,20,48,26,54,43,61,54,25,31,50,54,71,70,84,64,79,78,62,60,76,84,73,85,88,79,73,95,27,64,30,66,56,88,24,66,47,73,43,53,56,58,79,54,91,19,23,47,84,31,14,22,29,30,29,24,30,23,31,15,,18,24,54,50,61,26,63,17,,10,51,39,31,75,55,33,39,51,86,30,75,32,31,26,35,33,36,,31,30,52,53,61,75,51,62,57,89,84,,68,,58,,34,60,52,39,56,29,36,53,61,70,60,72,52,127,61,98,110,158,172,69,25,37,86,162,,,,53,,
20260407,11,PM2.5,3,14,12,6,3,9,4,9,3,8,6,4,7,23,8,16,9,22,18,7,4,7,3,4,19,6,3,5,8,6,9,4,12,14,6,18,14,16,6,12,3,22,41,32,24,10,11,39,23,6,43,47,28,28,24,17,33,26,23,27,23,31,49,28,17,19,8,16,5,50,30,38,27,25,42,32,31,14,14,11,12,4,11,15,6,21,3,27,17,3,5,15,40,3,3,3,4,21,23,24,21,17,35,16,33,35,27,35,20,54,20,12,42,13,9,20,17,13,14,24,7,18,10,25,18,37,22,16,40,22,30,47,30,47,67,38,25,3,38,18,18,13,17,22,6,4,11,11,6,13,45,39,26,27,52,46,46,7,6,7,,,,,,,,,,,,,,,,,,,,,,,,,,,,,,41,24,24,31,21,17,31,25,7,11,9,,16,19,,3,13,8,14,16,3,24,12,17,23,5,6,12,16,3,7,3,14,13,11,16,7,26,21,22,34,44,26,22,29,25,32,32,40,11,7,7,10,25,11,38,30,44,38,10,16,35,35,52,19,24,27,38,43,18,25,39,57,15,43,65,28,31,71,,15,21,48,40,65,17,48,33,53,30,35,32,37,58,35,68,10,15,23,62,11,3,4,20,12,16,5,21,15,16,3,,3,15,38,35,24,13,45,9,,3,29,26,8,49,26,17,27,26,64,21,55,12,14,3,3,3,20,,13,3,32,22,36,40,18,28,39,34,37,,27,,25,,15,30,29,23,22,6,17,15,21,32,18,14,11,24,13,43,44,88,68,24,3,3,19,30,,,,37,,
20260407,11,PM2.5_24h,5,11,18,13,5,28,12,10,5,7,17,14,24,19,9,8,7,19,36,28,29,35,24,9,27,26,33,34,32,26,19,16,24,42,20,24,43,42,37,23,17,38,41,23,30,22,17,37,16,6,37,54,43,22,17,14,23,19,19,16,18,23,48,31,24,19,12,18,6,35,30,31,20,20,44,42,17,12,5,8,8,9,18,17,14,21,7,18,21,5,9,20,21,6,4,2,35,13,30,21,22,12,23,17,31,21,19,24,22,33,8,18,24,17,6,14,12,9,11,25,18,38,25,37,35,38,34,29,33,33,35,24,25,51,43,38,25,22,38,46,22,17,17,18,18,12,20,24,11,19,33,29,17,33,41,19,21,17,11,16,,,,,,,,,,,,,,,,,,,,,,,,,,,,,,30,23,35,23,13,22,26,19,12,12,12,11,26,9,,5,9,3,9,11,6,19,11,12,11,30,16,12,23,9,9,18,15,20,11,28,9,26,27,26,38,33,35,34,29,30,38,26,38,47,20,11,10,19,19,26,17,28,24,13,20,21,24,32,35,30,29,34,32,22,28,28,54,26,40,48,42,39,51,54,28,20,23,25,51,16,16,17,27,18,42,33,36,65,44,81,31,48,59,77,22,12,16,7,9,25,38,9,32,15,7,,3,13,33,28,13,20,43,10,,13,22,20,8,55,28,17,39,40,73,19,39,21,11,4,4,4,14,,4,4,36,19,33,34,27,24,30,22,35,,30,,25,,18,28,21,24,24,15,5,18,20,27,23,16,13,22,27,76,47,83,86,25,13,3,28,25,,,,42,,
20260407,11,PM10,15,32,42,16,17,48,25,26,16,16,33,22,45,73,24,37,22,29,31,20,54,25,34,23,57,41,59,32,31,34,36,26,33,36,32,39,37,40,23,32,23,52,74,61,82,25,17,86,67,26,153,106,49,49,41,33,53,46,50,45,42,47,63,45,32,32,24,31,10,146,72,88,56,152,66,50,53,44,29,24,23,21,12,47,39,70,30,52,59,22,28,61,75,15,20,21,10,34,39,45,33,31,44,36,56,66,50,70,44,95,54,39,87,67,18,38,29,34,22,27,22,30,28,70,61,80,128,104,149,96,115,151,59,99,108,78,27,17,66,34,39,31,25,39,15,17,28,21,18,31,124,93,77,98,147,134,152,42,40,100,,,,,,,,,,,,,,,,,,,,,,,,,,,,,,86,80,35,92,48,84,134,56,84,98,26,,49,44,,8,62,21,36,33,21,29,21,33,35,22,21,19,18,22,14,13,17,19,22,19,26,72,74,69,90,83,81,62,75,72,77,73,86,64,21,12,20,48,21,50,38,63,42,25,31,50,57,66,89,118,77,107,106,73,70,102,118,96,119,116,108,96,106,,77,24,65,42,92,20,74,37,58,43,55,61,65,79,58,98,19,23,47,71,31,14,22,27,30,29,24,30,23,31,15,,10,24,50,47,72,26,,16,,7,51,39,26,100,60,28,28,52,87,28,90,32,30,9,7,10,23,,19,13,54,56,71,100,52,73,63,127,118,,86,,65,,34,70,54,39,62,12,22,55,71,89,69,93,54,203,71,145,170,265,294,88,25,37,122,274,,,,56,,
20260407,11,PM10_24h,20,36,68,42,28,74,54,24,26,23,50,51,74,65,21,46,20,19,44,57,71,78,62,37,71,65,82,88,64,59,53,40,64,97,40,36,84,89,80,37,31,67,65,37,83,29,23,57,55,27,109,102,57,41,34,32,40,34,43,34,34,39,66,46,38,29,24,32,11,134,78,66,53,77,58,60,32,43,20,20,20,24,27,54,51,72,36,48,70,23,37,64,52,30,17,24,49,28,47,44,30,32,38,37,51,47,42,48,36,86,25,53,80,68,16,32,61,41,24,29,27,42,37,75,78,75,120,96,94,112,110,81,44,87,74,51,30,44,65,64,41,32,24,33,30,29,31,36,23,36,119,92,55,113,134,57,68,57,61,66,,,,,,,,,,,,,,,,,,,,,,,,,,,,,,84,71,46,93,43,82,88,50,65,60,36,21,58,26,,15,37,24,34,53,23,29,26,45,43,31,22,19,22,25,12,26,18,22,25,30,20,74,81,75,93,75,68,69,83,74,76,71,85,76,29,14,14,27,24,41,22,44,29,20,34,30,39,45,104,103,83,88,89,90,75,92,108,100,143,95,118,108,84,119,77,31,30,28,69,19,33,23,38,22,58,57,63,85,63,103,46,70,86,108,46,22,27,18,32,34,67,17,48,22,24,,8,26,47,37,28,37,49,14,,16,36,39,18,96,35,29,52,60,95,26,55,29,21,10,14,16,21,,11,9,74,51,76,97,75,67,58,85,103,,97,,65,,47,66,47,52,59,33,14,53,64,88,80,53,37,131,129,204,144,210,291,79,35,19,194,148,,,,59,,
20260407,11,SO2,3,9,3,4,8,6,4,4,11,3,5,5,5,10,7,8,6,7,10,6,6,7,5,8,9,6,7,8,7,9,7,7,5,8,7,5,7,7,6,5,6,4,6,5,7,4,2,10,9,7,9,12,5,5,6,5,4,5,6,4,5,10,5,7,8,6,4,6,4,7,13,38,21,10,5,6,21,9,9,4,6,11,3,13,8,13,6,10,11,5,4,4,10,6,3,5,9,6,5,6,9,6,6,5,6,8,10,6,5,8,11,11,12,7,6,12,9,7,6,6,5,4,7,10,8,8,14,4,12,10,9,17,7,15,7,9,10,4,6,10,4,5,6,11,8,6,3,5,7,6,11,9,2,6,12,23,212,11,5,10,,,,,,,,,,,,,,,,,,,,,,,,,,,,,,6,4,4,8,11,8,16,10,11,18,6,,11,12,,5,9,6,5,10,7,4,5,8,8,1,6,6,5,9,6,5,6,8,5,7,8,7,9,8,10,9,5,10,8,5,8,7,6,7,3,3,4,4,4,4,6,7,12,3,7,10,13,6,8,12,8,11,10,7,5,7,14,9,15,18,10,8,13,,6,7,6,9,8,6,4,5,5,4,7,7,7,12,19,19,7,6,11,9,2,7,6,4,8,7,4,6,9,5,6,,6,4,6,11,3,9,6,3,,4,7,6,8,7,13,5,5,8,11,3,8,7,7,9,8,8,7,,9,6,8,8,8,10,10,10,13,11,13,,6,,10,,7,23,11,10,14,17,13,14,11,13,5,4,10,8,3,4,21,8,10,8,6,6,11,13,,,,6,,
20260407,11,SO2_24h,3,7,4,5,7,7,3,2,3,2,5,6,6,7,6,7,6,6,9,7,7,7,5,8,11,7,8,9,6,10,7,6,5,8,7,5,8,7,7,6,5,3,6,4,7,4,2,8,8,6,7,9,5,5,5,5,4,4,6,4,5,9,5,6,8,4,4,5,4,6,6,14,12,8,4,6,12,7,11,6,6,11,3,12,10,11,12,10,12,6,4,5,8,7,3,6,9,6,6,5,7,5,6,5,6,4,7,7,5,8,10,10,10,6,6,15,9,8,13,6,5,4,6,9,10,8,14,5,9,11,8,16,6,8,7,8,10,9,7,9,4,6,6,11,7,6,3,5,6,6,6,4,3,7,8,13,23,18,6,9,,,,,,,,,,,,,,,,,,,,,,,,,,,,,,6,3,4,7,8,11,11,8,8,16,5,6,11,7,,5,9,5,6,9,7,3,5,7,8,2,5,6,5,9,8,4,5,7,5,5,8,7,9,9,10,7,5,9,8,6,7,8,8,7,5,4,3,4,4,4,6,5,18,3,8,7,11,12,10,11,8,8,9,6,5,8,12,9,14,13,7,6,8,7,6,7,5,8,7,9,4,5,4,4,9,7,7,12,12,20,7,5,7,7,9,7,7,3,8,7,6,7,9,3,6,,6,5,7,11,3,10,12,3,,5,6,6,8,7,12,6,6,7,11,3,6,7,6,7,9,8,7,,8,6,7,14,8,8,27,12,13,6,9,,9,,8,,5,12,9,11,13,16,6,15,10,12,5,3,10,7,3,5,15,5,3,7,6,5,13,10,,,,8,,
20260407,11,NO2,6,14,10,6,13,10,7,9,9,5,13,11,7,17,14,15,9,9,13,14,12,19,10,15,13,11,18,17,11,8,9,11,10,11,18,13,12,14,15,15,11,21,15,17,13,13,14,15,20,15,20,28,12,22,16,8,26,7,14,14,15,23,11,9,16,18,12,9,7,40,29,31,25,22,18,19,25,20,11,7,10,10,7,18,8,21,11,17,13,11,9,10,17,10,9,9,10,9,9,10,14,13,9,3,25,16,12,14,15,17,18,11,15,12,9,13,13,9,7,8,8,9,11,13,14,19,19,11,22,11,18,16,29,29,19,18,17,10,8,12,5,17,11,21,15,8,13,14,7,8,26,24,22,26,23,16,32,10,4,37,,,,,,,,,,,,,,,,,,,,,,,,,,,,,,15,12,17,14,13,14,10,13,25,18,8,,10,16,,5,5,7,9,5,7,8,6,12,14,4,9,7,4,5,5,4,6,6,7,10,4,17,10,11,11,13,8,15,14,9,15,9,20,12,7,5,7,10,17,8,13,17,12,10,9,15,5,16,13,17,22,19,18,11,10,12,18,18,27,29,17,16,23,6,21,17,13,15,10,9,12,8,18,12,16,11,8,16,15,12,14,7,9,8,20,15,11,20,26,10,20,16,20,11,6,,9,19,10,10,21,13,8,8,,5,19,10,10,16,15,4,5,9,19,11,35,11,9,11,4,5,11,,15,5,22,21,18,15,9,40,8,11,22,,14,,15,,12,21,3,2,5,3,13,2,25,17,9,24,10,13,14,20,9,52,16,27,6,9,9,7,,,,5,,
20260407,11,NO2_24h,7,17,17,11,12,17,14,5,8,5,18,20,16,16,9,15,12,10,18,19,20,23,11,21,21,15,21,19,16,11,15,13,17,15,22,30,18,15,18,23,22,25,25,17,21,21,16,16,25,15,17,34,12,23,13,5,17,6,12,11,14,14,8,9,19,18,9,12,7,40,29,19,23,25,16,19,21,21,12,13,16,19,16,20,16,23,15,26,18,18,18,19,19,16,13,12,21,9,14,8,18,7,13,4,28,20,18,13,16,20,9,15,21,15,8,17,18,14,13,10,10,13,11,17,18,27,24,16,24,15,22,18,27,29,24,12,13,10,10,13,7,16,9,14,13,8,19,15,8,10,39,21,29,19,40,13,18,23,6,27,,,,,,,,,,,,,,,,,,,,,,,,,,,,,,14,17,25,19,11,20,29,17,30,26,8,8,11,9,,12,6,8,12,13,10,9,7,10,9,7,9,8,7,7,7,8,10,12,8,15,6,23,19,18,17,11,11,16,19,16,17,15,25,14,16,11,10,6,27,16,9,16,12,10,13,15,5,19,17,20,24,23,21,18,16,14,27,14,26,29,17,14,20,17,23,15,9,11,7,7,10,8,14,11,21,13,12,19,14,13,14,6,8,13,24,13,11,13,18,8,35,7,15,7,5,,10,8,11,7,12,8,12,6,,5,8,13,9,16,7,8,8,13,17,8,17,11,7,9,2,4,9,,4,4,23,35,16,18,21,24,17,11,23,,15,,16,,19,9,2,3,13,2,12,5,26,22,19,17,17,14,13,32,14,36,13,28,8,7,13,7,,,,6,,
20260407,11,O3,80,78,86,76,80,84,86,95,73,84,83,84,86,82,72,72,82,80,67,99,111,95,100,84,92,100,95,97,105,96,80,97,87,118,94,99,110,110,94,108,92,95,90,82,111,100,60,82,92,89,88,86,53,31,40,41,27,54,42,56,44,29,81,95,37,58,45,107,112,48,72,72,76,78,36,34,74,86,80,85,88,83,81,88,86,86,83,88,101,84,90,113,105,92,86,86,49,52,58,57,39,29,52,56,12,55,48,47,102,88,76,108,102,80,91,76,74,75,89,76,79,75,69,114,115,100,92,80,73,93,83,93,14,83,69,45,21,61,48,45,72,35,62,77,45,57,56,65,63,109,65,82,68,36,67,73,90,82,87,60,,,,,,,,,,,,,,,,,,,,,,,,,,,,,,82,94,37,107,74,78,113,90,76,81,80,82,82,72,,81,120,83,78,73,85,83,,68,66,68,87,81,77,83,83,71,81,78,90,89,88,96,107,105,116,104,88,113,92,95,110,89,108,112,96,68,62,50,82,102,46,84,104,56,83,52,85,91,75,76,75,75,95,102,96,90,93,84,51,76,105,106,88,85,89,17,30,40,50,34,63,51,45,30,32,88,96,65,53,98,42,46,44,89,61,46,66,42,48,60,62,37,44,49,42,,56,56,85,39,47,36,87,55,,33,78,78,98,131,97,105,125,125,82,86,48,56,100,84,112,107,116,,99,97,32,84,41,78,87,40,85,80,75,,102,,45,,74,90,110,95,111,92,115,132,73,83,96,68,86,75,54,56,76,23,65,48,55,64,79,62,,,,105,,
20260407,11,O3_24h,80,78,86,76,80,84,86,95,73,84,83,84,86,82,72,72,82,80,67,99,111,95,100,84,92,100,95,97,105,96,80,97,87,118,94,99,110,110,94,108,92,95,90,82,111,100,60,82,92,89,88,86,53,31,40,41,27,54,42,56,44,29,81,95,37,58,45,107,112,48,72,72,76,78,36,34,74,86,80,85,88,83,81,88,86,86,83,88,101,84,90,113,105,92,86,86,49,52,58,57,39,29,52,56,12,55,48,47,102,88,76,108,102,80,91,76,74,75,89,76,79,75,69,114,115,100,92,80,73,93,83,93,14,83,69,45,21,61,48,45,72,35,62,77,45,57,56,65,63,109,65,82,68,36,67,73,90,82,87,60,,,,,,,,,,,,,,,,,,,,,,,,,,,,,,82,94,37,107,74,78,113,90,76,81,80,82,82,72,,81,120,83,78,73,85,83,,68,66,68,87,81,77,83,83,71,81,78,90,89,88,96,107,105,116,104,88,113,92,95,110,89,108,112,96,68,62,50,82,102,46,84,104,56,83,52,85,91,75,76,75,75,95,102,96,90,93,84,51,76,105,106,88,85,89,17,30,40,50,34,63,51,45,30,32,88,96,65,53,98,42,46,44,89,61,46,66,42,48,60,62,37,44,49,42,,56,56,85,39,47,36,87,55,,33,78,78,98,131,97,105,125,125,82,86,48,56,100,84,112,107,116,,99,97,32,84,41,78,87,40,85,80,75,,102,,45,,74,90,110,95,111,92,115,132,73,83,96,68,86,75,54,56,76,23,65,48,55,64,79,62,,,,105,,
20260407,11,O3_8h,72,59,72,46,72,71,73,77,49,78,71,74,72,81,57,57,73,64,50,93,78,90,87,74,63,77,87,77,85,81,63,77,64,93,105,68,102,104,95,95,104,75,58,51,69,54,19,68,62,76,76,56,37,14,27,37,15,42,23,34,22,26,73,75,29,48,56,86,107,18,42,50,52,64,35,31,41,53,66,62,62,65,36,56,75,70,77,65,81,64,57,72,65,69,70,83,29,29,46,51,7,32,25,50,5,18,17,15,66,53,55,96,60,70,71,55,52,52,71,62,63,64,51,82,86,82,53,67,53,77,56,64,6,35,38,26,12,68,38,40,46,32,75,67,49,65,53,57,59,86,22,48,26,40,20,74,58,53,93,44,,,,,,,,,,,,,,,,,,,,,,,,,,,,,,45,68,10,69,58,74,49,68,27,70,68,68,54,63,,46,111,67,59,53,72,70,66,77,76,52,74,70,69,72,73,54,64,69,76,62,61,67,72,78,90,84,64,80,58,70,66,57,77,80,59,53,50,50,39,30,39,48,59,54,59,44,57,44,66,70,49,61,83,59,60,85,35,56,38,41,73,71,47,18,43,14,48,64,33,37,75,54,43,34,11,70,75,45,35,82,43,46,51,61,36,53,66,69,57,54,45,36,47,62,46,,40,62,82,59,61,51,59,57,,50,77,64,92,78,66,79,110,84,61,82,47,54,84,67,114,103,116,,104,100,27,23,36,63,48,51,42,68,37,,94,,35,,34,72,75,78,69,68,90,129,42,47,79,67,61,86,54,42,77,18,57,30,47,108,82,61,,,,106,,
20260407,11,O3_8h_24h,71,58,72,46,72,71,73,75,49,77,71,74,72,81,54,55,72,64,50,86,78,85,83,74,63,76,81,77,85,80,63,77,64,92,100,68,102,100,87,95,98,75,58,51,69,54,19,67,61,75,72,55,36,12,27,36,14,42,23,34,22,21,73,75,28,43,52,86,107,18,42,43,51,63,29,27,39,53,66,62,62,65,36,56,75,70,77,65,81,64,57,72,65,69,70,83,29,29,46,51,7,28,24,49,5,18,17,15,65,53,54,95,60,70,71,54,51,52,71,60,63,64,51,82,86,82,52,67,53,77,55,64,6,35,38,26,12,65,28,37,46,30,70,60,48,61,53,57,59,86,22,48,26,35,20,64,58,53,86,44,,,,,,,,,,,,,,,,,,,,,,,,,,,,,,44,66,10,69,58,72,49,68,27,70,68,68,53,60,,46,111,67,59,53,72,69,66,68,72,52,74,70,69,72,73,54,64,69,76,62,61,66,72,78,90,84,63,80,58,70,66,57,77,80,59,53,50,44,39,30,36,48,59,52,59,41,57,44,66,70,48,57,82,59,59,81,35,56,35,41,70,71,46,18,38,14,39,47,33,36,68,51,37,31,11,70,75,43,35,66,42,43,43,61,35,53,63,54,52,54,45,34,47,60,37,,35,55,77,50,51,44,57,55,,45,66,63,91,76,65,69,110,84,59,80,38,49,80,63,114,101,115,,93,93,24,23,36,48,48,46,42,56,37,,90,,31,,34,69,75,78,69,68,90,128,42,47,76,62,61,77,50,42,76,18,54,30,40,91,70,60,,,,106,,
20260407,11,CO,0.26,0.54,0.32,0.31,0.25,0.35,0.22,0.37,0.40,0.30,0.30,0.30,0.28,0.62,0.38,0.50,0.36,0.36,0.30,0.35,0.45,0.46,0.40,0.40,0.38,0.34,0.54,0.58,0.38,0.40,0.33,0.38,0.30,0.47,0.36,0.33,0.34,0.47,0.35,0.30,0.30,0.53,0.50,0.60,0.61,0.40,0.43,0.78,0.47,0.40,0.54,0.93,0.66,0.71,0.52,0.50,0.60,0.35,0.37,0.65,0.60,0.57,0.64,0.47,0.55,0.45,0.53,0.45,0.23,0.70,0.67,1.50,0.80,0.41,0.54,0.73,0.72,0.46,0.48,0.40,0.27,0.40,0.53,0.36,0.33,0.63,0.28,0.48,0.54,0.28,0.23,0.50,0.67,0.44,0.23,0.38,0.83,0.65,0.60,0.70,0.70,0.40,0.45,0.50,0.65,0.90,0.70,0.80,0.35,0.90,0.48,0.52,0.80,0.48,0.36,0.70,0.55,0.43,0.38,0.62,0.38,0.43,0.22,0.62,0.43,0.76,0.54,0.30,0.64,0.47,0.60,0.63,0.53,0.70,1.00,1.10,0.60,0.73,0.70,0.81,0.50,0.53,0.57,0.88,0.70,0.43,0.50,0.25,0.47,0.50,0.63,0.60,0.50,0.52,0.70,0.50,1.77,0.38,0.36,0.55,,,,,,,,,,,,,,,,,,,,,,,,,,,,,,0.43,0.40,0.50,0.77,0.43,0.40,0.50,0.40,0.57,0.45,0.43,0.30,0.40,0.75,,0.25,0.50,0.25,0.40,0.40,0.37,0.10,0.30,0.55,0.65,0.25,0.20,0.33,0.70,0.30,0.37,0.33,0.30,0.43,0.30,0.30,0.35,0.35,0.40,0.40,0.60,0.55,0.50,0.35,0.50,0.23,0.55,0.23,0.80,0.27,0.60,0.50,0.45,0.85,0.40,0.67,0.83,0.63,0.90,0.68,0.95,0.73,0.90,0.60,0.50,0.65,0.60,0.53,0.56,0.53,0.40,0.47,0.65,0.70,0.74,1.07,0.63,0.90,0.77,1.00,0.77,0.55,1.02,0.85,0.90,0.55,0.70,0.40,0.65,0.60,0.60,0.60,0.65,1.03,0.73,1.05,0.67,0.70,1.10,0.90,0.60,0.45,0.43,0.55,0.55,0.65,0.25,0.40,0.70,0.45,0.40,,0.25,0.65,0.47,0.67,0.45,0.55,0.55,0.55,,0.80,0.50,0.40,0.50,0.75,0.60,0.50,0.20,0.30,0.60,0.40,0.90,0.25,0.45,0.30,0.20,0.30,0.50,,0.55,0.45,0.80,0.50,0.50,0.55,0.40,0.55,0.30,0.35,0.60,,0.40,,0.55,,0.45,1.00,0.50,0.30,0.40,0.60,0.50,0.40,0.53,0.50,0.35,0.50,0.10,0.20,0.25,0.50,0.20,0.90,0.35,0.70,0.20,0.20,0.30,0.60,,,,0.65,,
20260407,11,CO_24h,0.27,0.42,0.38,0.43,0.30,0.43,0.26,0.30,0.20,0.20,0.30,0.33,0.40,0.42,0.36,0.44,0.36,0.40,0.41,0.55,0.64,0.76,0.55,0.47,0.44,0.52,0.91,0.74,0.60,0.63,0.30,0.46,0.38,0.69,0.54,0.60,0.53,0.78,0.57,0.53,0.50,0.73,0.60,0.60,0.62,0.65,0.35,0.70,0.51,0.40,0.52,0.88,0.66,0.67,0.51,0.47,0.47,0.25,0.33,0.57,0.57,0.57,0.64,0.52,0.59,0.48,0.43,0.46,0.23,0.59,0.53,0.70,0.54,0.44,0.50,0.72,0.51,0.34,0.46,0.43,0.27,0.38,0.57,0.49,0.44,0.57,0.28,0.47,0.56,0.32,0.32,0.43,0.48,0.48,0.23,0.42,0.97,0.57,0.67,0.67,0.85,0.35,0.50,0.53,0.70,0.90,0.83,0.60,0.43,0.80,0.47,0.50,0.63,0.48,0.34,0.92,0.57,0.48,0.40,0.60,0.34,0.50,0.30,0.65,0.63,0.80,0.57,0.35,0.60,0.63,0.57,0.50,0.53,0.77,0.88,1.02,0.60,0.83,0.75,0.97,0.50,0.55,0.60,0.80,0.73,0.43,0.53,0.30,0.53,0.47,0.57,0.50,0.45,0.50,0.60,0.50,0.60,0.66,0.40,0.40,,,,,,,,,,,,,,,,,,,,,,,,,,,,,,0.40,0.40,0.80,0.53,0.37,0.40,0.65,0.43,0.40,0.40,0.47,0.20,0.45,0.35,,0.20,0.50,0.28,0.40,0.35,0.43,0.33,0.30,0.45,0.65,0.35,0.25,0.30,0.20,0.30,0.37,0.35,0.35,0.47,0.30,0.35,0.40,0.37,0.46,0.40,0.57,0.47,0.55,0.40,0.50,0.23,0.45,0.23,0.77,0.47,0.73,0.83,0.60,0.70,0.80,0.63,0.63,0.68,0.55,0.80,0.95,0.68,0.88,0.80,0.62,0.65,0.55,0.45,0.50,0.53,0.40,0.40,0.90,0.63,0.68,0.90,0.63,0.70,0.50,1.10,0.73,0.55,0.85,0.85,0.80,0.60,0.60,0.40,0.70,0.50,0.35,0.63,0.65,0.93,0.77,1.10,0.80,0.90,1.05,1.00,0.77,0.45,0.47,0.45,0.50,0.65,0.55,0.30,0.70,0.45,0.40,,0.20,0.45,0.57,0.63,0.35,0.50,0.55,0.55,,0.70,0.35,0.40,0.45,0.80,0.40,0.50,0.40,0.45,0.65,0.40,0.70,0.30,0.35,0.25,0.25,0.30,0.60,,0.45,0.50,0.60,0.57,0.50,0.55,0.70,0.35,0.40,0.30,0.55,,0.35,,0.55,,0.40,0.60,0.40,0.20,0.30,0.40,0.40,0.40,0.47,0.70,0.40,0.35,0.15,0.25,0.20,0.70,0.15,0.65,0.35,0.65,0.20,0.10,0.40,0.45,,,,0.60,,
20260407,12,AQI,25,33,42,25,29,46,28,30,26,30,30,27,38,68,36,37,27,27,29,33,50,33,36,28,54,40,51,33,36,33,36,32,36,37,32,43,34,34,33,37,30,42,58,52,60,39,25,64,59,28,94,81,54,52,41,32,51,38,44,43,40,49,70,48,29,29,28,35,36,98,53,67,53,102,53,47,53,33,29,28,30,28,27,43,36,67,28,54,62,27,31,58,64,30,27,28,16,38,39,48,34,37,55,36,54,72,46,78,35,75,55,41,68,51,30,37,29,33,30,27,27,25,24,58,54,66,88,64,90,71,79,103,56,70,86,62,39,21,56,44,33,26,23,38,15,19,27,25,22,36,90,76,65,71,90,82,86,51,49,65,,,,,,,,,,,,,,,,,,,,,,,,,,,,,,76,65,27,72,52,66,92,60,66,68,28,26,51,42,,26,57,28,32,30,28,28,26,28,35,24,29,25,26,27,28,25,26,26,28,31,28,59,65,60,65,71,61,56,62,59,58,61,68,59,32,22,21,27,29,59,56,61,51,22,33,60,50,64,65,81,65,78,78,62,63,73,81,77,84,84,78,80,90,75,61,26,59,59,89,30,68,49,75,50,55,54,60,81,58,96,24,25,48,80,38,17,21,29,28,28,22,27,20,26,18,,21,25,49,50,50,35,63,26,,13,48,45,32,66,59,33,39,46,89,29,68,32,32,32,36,35,38,,37,32,49,46,60,74,31,54,57,70,75,,64,,43,,25,64,46,38,39,34,40,58,64,71,63,60,47,100,73,89,105,169,143,70,19,40,72,132,,,,52,,
20260407,12,PM2.5,4,14,11,5,5,10,4,12,3,21,6,4,16,24,7,16,11,17,9,7,3,6,3,4,18,6,3,5,7,6,10,6,13,10,6,19,11,12,5,6,3,16,36,27,14,14,9,36,27,8,47,50,27,31,24,16,33,26,23,25,24,31,51,30,16,19,10,13,5,53,25,32,29,22,33,31,27,10,15,12,14,9,12,8,7,27,3,29,21,3,6,17,43,3,3,3,5,24,24,22,18,18,39,15,34,36,25,32,14,54,25,16,45,15,11,20,15,16,14,19,7,13,11,17,15,43,29,17,51,23,30,42,37,42,64,39,27,5,35,23,19,12,16,21,8,5,10,11,9,11,52,43,27,31,45,40,35,11,4,17,,,,,,,,,,,,,,,,,,,,,,,,,,,,,,46,7,13,20,21,18,30,26,11,9,7,14,17,19,,3,9,9,14,16,9,17,12,16,21,5,9,14,10,3,3,3,7,9,8,20,8,18,15,18,26,48,23,17,24,22,27,24,39,12,12,15,12,19,14,42,40,42,36,10,17,43,35,46,22,23,22,36,45,15,22,35,47,20,45,57,33,28,67,44,22,18,42,42,66,21,49,34,55,35,36,29,35,60,41,72,11,13,24,59,19,5,9,20,12,15,4,19,13,18,3,,3,15,34,35,35,17,45,10,,3,24,25,8,40,27,14,24,32,66,16,49,16,16,3,20,3,13,,7,3,28,18,33,39,11,28,37,26,27,,26,,16,,11,26,24,22,18,3,10,19,23,15,22,9,11,24,11,40,46,66,62,24,3,3,17,24,,,,32,,
20260407,12,PM2.5_24h,5,11,18,13,5,28,12,10,5,8,17,14,25,20,9,9,7,19,35,27,26,34,21,9,27,24,32,33,29,24,19,15,24,42,19,23,42,41,36,22,17,36,40,23,30,22,16,38,17,6,38,53,42,22,17,14,24,19,19,17,18,23,48,31,23,19,12,18,6,37,30,31,20,20,45,42,17,12,5,8,8,9,17,17,13,21,7,19,21,5,9,20,22,5,4,3,34,14,29,21,22,12,23,17,31,22,19,25,22,34,8,18,25,17,7,15,12,9,12,25,16,37,25,36,34,39,34,29,33,32,35,25,26,50,44,39,25,20,38,45,21,15,15,18,17,11,19,23,11,19,34,30,18,33,42,20,22,16,11,17,,,,,,,,,,,,,,,,,,,,,,,,,,,,,,30,22,35,24,13,22,26,20,12,11,12,11,26,10,,5,9,4,9,12,6,20,11,13,12,28,17,12,22,9,8,16,14,19,11,28,9,26,26,26,38,34,35,31,28,30,38,26,39,47,18,10,10,20,18,27,18,29,24,12,20,22,25,33,34,30,29,34,32,22,29,28,55,26,40,49,41,37,51,55,27,20,23,25,52,15,17,18,28,18,42,33,36,65,44,80,30,46,58,77,21,11,15,7,8,25,36,9,32,15,6,,3,12,33,29,14,19,42,10,,12,22,20,8,55,28,17,39,40,72,18,39,20,11,4,5,4,14,,4,4,35,19,33,35,27,25,31,23,35,,30,,25,,18,28,22,24,23,14,6,18,20,27,23,16,12,23,27,75,47,83,87,25,12,3,28,26,,,,42,,
20260407,12,PM10,19,33,42,14,29,46,25,23,10,20,30,24,38,86,36,37,24,23,29,20,50,24,36,22,58,40,52,31,28,29,36,24,36,30,32,43,31,34,19,22,22,42,66,53,69,39,12,78,68,27,137,112,57,54,41,32,52,38,44,43,40,49,67,48,29,29,28,27,10,146,56,83,56,153,55,47,56,31,29,24,25,20,19,43,36,83,28,57,74,22,31,66,77,16,24,25,10,38,39,48,34,37,45,36,57,93,46,105,30,100,60,41,85,51,23,37,29,33,20,22,23,24,23,65,58,82,125,78,130,91,108,155,61,90,113,74,28,21,62,44,33,26,22,38,15,16,27,25,22,29,129,101,80,92,129,114,122,51,49,79,,,,,,,,,,,,,,,,,,,,,,,,,,,,,,102,80,27,93,54,82,133,69,82,86,28,22,51,42,,7,63,19,32,30,21,22,22,28,35,16,16,14,16,21,16,12,14,16,17,20,25,68,79,69,80,92,72,62,73,68,66,72,85,67,29,,21,27,27,52,52,72,47,22,33,55,48,75,80,112,80,105,105,73,76,95,111,104,117,117,106,109,102,100,71,25,52,46,102,20,75,40,66,42,59,57,70,78,58,98,24,25,48,76,38,15,20,29,28,28,22,27,20,24,11,,6,25,48,48,47,35,,26,,13,48,45,27,81,68,26,28,41,104,27,70,32,26,8,10,11,21,,13,14,49,46,69,97,31,58,63,90,99,,77,,43,,23,77,46,38,39,9,21,65,78,91,76,69,47,150,96,127,160,287,236,90,14,40,94,213,,,,53,,
20260407,12,PM10_24h,20,36,68,42,29,74,54,25,25,24,50,50,74,66,21,47,20,20,43,55,69,76,58,36,71,61,80,85,59,56,52,39,63,96,40,36,84,87,78,35,30,65,65,38,82,29,22,58,56,27,108,102,57,42,35,32,41,34,43,34,34,39,66,46,37,28,24,32,11,135,76,66,52,81,59,60,33,42,21,20,21,24,26,53,50,72,36,49,70,23,37,63,53,29,17,24,46,29,47,44,30,32,39,37,51,48,41,51,36,86,27,53,80,68,17,34,61,41,25,29,26,41,36,74,77,77,119,96,94,110,108,84,45,89,76,53,30,42,65,63,41,31,22,33,28,28,31,35,23,36,118,93,56,112,134,60,71,55,60,67,,,,,,,,,,,,,,,,,,,,,,,,,,,,,,82,70,46,95,45,83,88,52,66,61,36,21,60,27,,15,37,25,35,54,23,29,25,46,43,30,22,19,22,24,12,25,17,21,25,30,20,73,79,75,94,77,68,67,82,73,76,71,86,76,28,13,15,28,23,42,23,45,29,20,34,31,40,46,104,103,83,87,87,86,75,89,110,99,142,96,118,107,85,120,76,30,31,29,71,19,34,24,40,23,58,57,63,85,63,102,46,67,85,108,44,21,26,17,31,34,64,17,47,22,23,,8,25,48,38,28,36,49,14,,15,36,39,18,95,35,29,52,59,95,26,54,29,21,10,13,16,21,,11,9,73,50,77,98,73,67,58,86,102,,96,,64,,46,67,47,51,58,31,14,53,62,87,80,53,36,136,128,202,146,214,292,79,32,20,195,154,,,,60,,
20260407,12,SO2,3,8,3,4,6,6,4,4,11,3,5,4,4,11,6,7,6,7,9,6,6,6,5,8,9,6,6,8,6,9,7,7,5,8,7,6,8,6,6,6,5,4,6,5,8,4,2,9,9,7,9,12,5,5,6,6,4,5,6,4,5,10,5,7,8,5,4,4,4,10,8,24,18,10,4,6,14,7,7,4,6,11,3,10,8,14,7,9,11,5,4,4,10,6,3,4,6,6,5,5,8,5,6,5,5,12,6,5,4,8,12,11,11,7,5,12,8,7,6,6,6,5,6,9,8,8,14,5,12,11,10,16,7,14,7,9,10,4,6,10,3,6,6,17,8,6,3,5,6,6,13,9,3,6,15,34,147,11,5,11,,,,,,,,,,,,,,,,,,,,,,,,,,,,,,6,4,5,8,11,8,12,10,10,20,4,5,11,14,,4,9,6,4,10,7,4,5,8,8,1,5,5,5,9,4,4,5,8,5,6,8,6,8,7,8,9,5,10,8,5,7,6,6,6,4,4,5,4,5,4,7,6,9,3,7,11,16,5,7,11,8,11,8,7,5,8,12,10,13,15,9,8,13,7,6,7,6,9,7,9,4,4,4,4,7,7,8,13,20,15,6,6,12,9,6,7,6,5,8,7,4,7,8,2,6,,6,6,6,9,4,9,7,2,,4,7,7,8,8,11,5,5,8,11,3,6,7,7,7,8,8,6,,8,5,8,5,8,13,7,11,13,14,9,,7,,10,,6,18,10,10,14,13,8,14,8,8,5,5,11,9,4,4,13,6,13,8,7,6,11,12,,,,7,,
20260407,12,SO2_24h,3,7,3,5,7,7,3,2,3,2,5,6,6,7,6,7,6,6,9,7,7,7,5,8,11,7,8,8,6,9,7,6,5,8,7,5,8,7,7,6,5,3,6,4,7,4,2,8,8,6,7,9,5,5,5,5,4,4,6,4,5,9,5,6,8,4,4,5,4,6,6,14,12,8,4,6,12,7,10,6,6,11,3,12,10,11,12,10,12,6,4,5,8,7,3,6,9,6,6,5,7,5,6,5,6,4,8,7,5,8,10,10,10,6,6,15,9,8,13,6,5,4,6,9,9,9,14,5,9,11,8,16,6,8,7,8,10,8,7,9,4,6,6,11,7,6,3,5,6,6,6,4,3,7,8,14,28,17,6,9,,,,,,,,,,,,,,,,,,,,,,,,,,,,,,6,3,4,7,8,11,11,8,8,15,5,6,11,8,,5,9,5,6,9,7,3,5,7,8,2,5,6,5,9,8,4,5,7,5,5,8,6,9,9,9,7,5,8,8,6,7,8,7,8,5,4,3,4,4,4,6,5,18,3,8,7,11,11,10,11,8,8,9,6,5,8,11,9,14,13,7,6,8,7,6,7,5,8,7,8,4,5,4,4,9,7,7,11,12,20,7,5,7,7,7,7,7,3,8,7,6,7,9,3,6,,6,5,7,11,3,10,12,3,,5,6,6,8,7,12,6,6,7,11,3,6,7,6,7,9,8,6,,8,6,7,14,8,8,26,12,13,6,9,,9,,8,,5,12,9,10,13,16,6,15,10,12,5,3,10,7,3,5,14,5,3,7,6,5,13,10,,,,8,,
20260407,12,NO2,6,14,11,6,11,9,7,8,6,4,13,10,6,17,10,11,10,8,12,13,13,17,11,13,12,10,14,16,9,6,8,10,10,10,17,16,11,14,11,14,11,15,13,12,12,17,10,10,20,16,19,21,14,20,16,7,26,7,11,10,12,22,9,8,16,16,11,7,6,26,20,18,19,13,18,17,21,12,11,7,9,9,8,12,8,21,9,17,14,10,10,10,16,9,7,9,9,9,9,8,9,17,10,3,25,15,6,11,8,16,17,12,14,11,8,11,10,7,6,8,7,7,8,12,12,20,20,9,22,13,17,15,30,25,15,15,15,11,7,13,5,8,10,16,12,8,9,12,6,7,26,16,15,25,18,11,26,9,5,13,,,,,,,,,,,,,,,,,,,,,,,,,,,,,,14,11,17,10,12,15,10,14,21,21,7,6,10,16,,5,9,6,8,5,8,6,,10,13,3,9,7,3,5,5,3,5,6,7,10,4,12,9,10,9,12,6,14,12,7,11,8,20,20,8,6,7,4,15,8,15,16,10,9,9,13,3,11,12,15,22,17,16,12,8,11,9,20,26,20,16,16,15,,15,18,11,15,9,9,10,8,16,15,14,9,8,15,15,10,14,7,8,9,23,13,12,18,18,10,15,12,15,10,4,,6,18,9,7,18,13,8,8,,7,11,8,8,8,9,5,4,7,14,8,24,8,8,5,2,5,7,,6,4,19,11,14,15,6,40,9,10,9,,13,,10,,9,12,2,,2,2,7,2,19,6,10,11,7,9,13,16,9,40,6,14,5,11,6,4,,,,5,,
20260407,12,NO2_24h,7,17,16,11,12,17,14,5,8,5,18,20,16,16,9,16,12,11,18,19,19,22,10,20,21,15,20,19,15,11,15,13,17,15,21,30,18,14,17,23,21,25,25,17,21,21,16,16,25,15,17,33,12,23,13,6,18,6,12,11,14,14,8,9,19,18,9,12,6,41,29,20,23,25,16,18,21,20,12,13,17,19,15,20,16,23,15,27,17,18,19,19,19,16,13,12,20,10,14,8,17,7,13,4,28,20,17,14,16,20,10,15,22,15,8,17,18,14,13,10,9,13,11,17,17,27,25,16,24,15,22,18,27,29,24,12,13,10,10,13,7,15,8,14,13,8,18,15,8,10,40,21,30,19,40,13,19,23,6,27,,,,,,,,,,,,,,,,,,,,,,,,,,,,,,14,17,24,19,11,20,28,17,31,26,8,8,12,9,,12,6,8,12,13,10,9,7,10,9,6,9,8,7,6,7,8,10,12,8,14,6,23,18,18,17,11,10,16,19,16,18,15,25,15,15,11,10,6,27,16,9,16,12,9,13,15,5,19,17,20,25,23,21,18,16,13,27,15,27,29,17,14,20,17,23,15,9,11,7,7,10,8,14,11,21,13,12,19,15,13,14,6,8,13,23,13,11,12,18,8,34,8,15,7,5,,10,9,11,7,12,8,12,6,,5,8,13,9,16,8,8,8,13,17,8,18,11,8,8,2,4,9,,4,4,23,35,17,19,21,25,17,11,22,,15,,15,,19,9,2,3,13,2,12,5,26,22,19,17,16,14,12,31,13,36,13,27,8,7,13,7,,,,6,,
20260407,12,O3,81,82,90,80,85,90,88,95,82,88,86,87,85,93,85,85,85,85,76,105,116,107,106,90,103,107,102,105,114,104,89,101,94,119,99,98,110,109,105,117,97,109,112,86,118,104,81,105,102,91,88,117,58,42,44,45,38,56,56,74,57,36,92,109,43,64,47,112,115,79,91,103,100,89,43,37,97,104,87,89,96,88,87,98,91,98,87,96,114,87,94,119,118,97,87,89,51,65,66,65,64,25,73,58,18,94,76,66,113,107,90,114,119,87,96,84,84,85,95,79,86,79,77,124,123,111,100,84,86,99,100,104,13,91,81,54,36,62,61,48,76,60,64,97,47,61,75,69,63,115,79,99,96,37,84,96,94,92,89,92,,,,,,,,,,,,,,,,,,,,,,,,,,,,,,94,110,50,120,85,90,128,97,98,86,90,84,89,80,,83,122,90,86,83,90,90,82,75,68,76,93,81,83,86,88,79,83,84,89,98,90,113,117,110,132,118,110,116,112,99,128,106,123,120,101,71,67,72,94,116,49,99,121,67,90,86,110,111,82,85,92,89,110,104,111,105,106,101,60,107,109,123,122,106,106,21,33,38,52,35,63,53,47,35,42,90,99,90,64,123,47,48,54,109,56,53,68,64,66,64,70,57,64,55,58,,67,71,98,46,62,35,99,56,,38,108,92,102,138,121,104,125,129,122,93,87,65,102,101,115,111,120,,119,102,38,104,56,117,92,47,95,97,104,,111,,72,,81,122,119,,114,108,129,133,100,105,107,92,97,82,65,65,81,45,87,71,60,74,83,71,,,,114,,
20260407,12,O3_24h,81,82,90,80,85,90,88,95,82,88,86,87,85,93,85,85,85,85,76,105,116,107,106,90,103,107,102,105,114,104,89,101,94,119,99,98,110,109,105,117,97,109,112,86,118,104,81,105,102,91,88,117,58,42,44,45,38,56,56,74,57,36,92,109,43,64,47,112,115,79,91,103,100,89,43,37,97,104,87,89,96,88,87,98,91,98,87,96,114,87,94,119,118,97,87,89,51,65,66,65,64,25,73,58,18,94,76,66,113,107,90,114,119,87,96,84,84,85,95,79,86,79,77,124,123,111,100,84,86,99,100,104,13,91,81,54,36,62,61,48,76,60,64,97,47,61,75,69,63,115,79,99,96,37,84,96,94,92,89,92,,,,,,,,,,,,,,,,,,,,,,,,,,,,,,94,110,50,120,85,90,128,97,98,86,90,84,89,80,,83,122,90,86,83,90,90,82,75,68,76,93,81,83,86,88,79,83,84,89,98,90,113,117,110,132,118,110,116,112,99,128,106,123,120,101,71,67,72,94,116,49,99,121,67,90,86,110,111,82,85,92,89,110,104,111,105,106,101,60,107,109,123,122,106,106,21,33,38,52,35,63,53,47,35,42,90,99,90,64,123,47,48,54,109,56,53,68,64,66,64,70,57,64,55,58,,67,71,98,46,62,35,99,56,,38,108,92,102,138,121,104,125,129,122,93,87,65,102,101,115,111,120,,119,102,38,104,56,117,92,47,95,97,104,,111,,72,,81,122,119,,114,108,129,133,100,105,107,92,97,82,65,65,81,45,87,71,60,74,83,71,,,,114,,
20260407,12,O3_8h,72,61,75,53,73,73,76,78,54,78,72,76,73,82,58,59,75,67,53,93,85,90,88,76,69,80,87,80,89,82,65,81,68,95,105,73,103,104,95,102,104,80,68,61,77,65,27,72,68,78,85,62,39,16,29,37,17,44,27,41,27,26,75,82,32,49,56,90,108,27,48,52,56,67,35,31,45,60,69,66,68,68,44,63,79,73,78,73,86,68,63,79,73,74,73,83,34,33,50,53,15,32,31,50,7,28,24,22,72,61,59,98,68,73,74,59,56,57,73,63,66,67,54,87,91,84,59,69,57,80,61,72,7,43,46,30,15,68,38,40,51,34,75,67,49,65,56,62,60,90,28,55,37,40,29,74,63,59,93,51,,,,,,,,,,,,,,,,,,,,,,,,,,,,,,51,70,16,77,62,74,63,71,37,76,70,71,59,63,,52,112,70,62,57,74,71,67,77,76,55,77,72,71,74,74,58,67,71,78,68,64,75,78,84,93,89,72,87,64,76,75,64,82,87,67,56,55,50,49,43,39,54,67,55,64,47,65,54,69,75,52,63,85,67,67,87,45,60,42,49,76,78,56,32,47,16,48,64,36,37,75,54,43,34,16,71,79,49,39,82,43,46,51,68,38,53,66,69,57,58,53,38,54,62,46,,40,62,82,59,61,51,62,57,,50,77,66,92,85,72,79,110,91,66,82,47,54,84,69,114,103,116,,104,100,27,35,38,63,56,51,50,68,46,,94,,35,,40,74,81,78,74,74,95,129,51,56,81,67,67,86,54,48,77,23,61,35,47,108,82,61,,,,107,,
20260407,12,O3_8h_24h,72,61,75,53,73,73,76,78,54,78,72,76,73,82,58,58,75,67,53,88,85,86,85,76,69,79,83,80,89,82,65,81,68,95,98,73,103,100,88,102,96,80,68,61,77,65,27,72,67,77,73,62,39,17,29,37,17,44,27,41,27,22,75,82,31,44,50,90,108,27,48,50,56,66,30,27,45,60,69,66,68,68,44,63,79,73,78,73,86,68,63,79,73,74,73,83,34,33,50,53,15,27,31,50,7,28,24,22,72,61,58,98,68,73,74,59,56,57,73,63,66,67,54,87,91,84,59,69,56,80,60,72,7,43,46,30,15,64,30,39,51,34,68,63,48,60,56,62,60,90,28,55,37,34,29,68,63,59,84,51,,,,,,,,,,,,,,,,,,,,,,,,,,,,,,51,70,16,77,62,74,63,71,37,76,70,71,59,61,,52,112,70,62,57,74,71,67,68,71,55,77,72,71,74,74,58,67,71,78,68,64,75,78,84,93,89,72,87,64,76,75,64,82,87,67,56,55,46,49,43,36,54,67,54,64,46,65,54,69,75,52,60,85,67,67,85,45,60,39,49,74,78,56,32,47,16,37,43,36,36,66,51,37,30,16,71,79,49,39,70,42,43,44,68,38,51,62,54,54,58,53,36,54,60,37,,38,56,79,48,53,42,62,55,,43,69,66,92,85,72,72,110,91,66,81,43,49,82,68,114,101,115,,95,93,26,35,38,56,56,45,50,56,46,,90,,35,,40,74,81,77,74,74,95,129,51,56,79,65,67,77,53,48,76,23,61,35,41,86,70,61,,,,107,,
20260407,12,CO,0.27,0.52,0.30,0.30,0.30,0.35,0.23,0.35,0.50,0.33,0.30,0.28,0.30,0.72,0.30,0.46,0.36,0.36,0.26,0.34,0.44,0.44,0.38,0.40,0.38,0.36,0.47,0.60,0.38,0.40,0.33,0.38,0.33,0.41,0.32,0.37,0.29,0.43,0.30,0.25,0.30,0.47,0.40,0.55,0.57,0.43,0.45,0.75,0.51,0.42,0.50,1.06,0.67,0.69,0.51,0.50,0.60,0.25,0.33,0.63,0.60,0.60,0.70,0.52,0.54,0.42,0.50,0.41,0.23,0.63,0.57,0.95,0.57,0.34,0.45,0.70,0.54,0.36,0.50,0.38,0.23,0.37,0.50,0.24,0.38,0.73,0.28,0.44,0.50,0.28,0.27,0.50,0.70,0.42,0.23,0.38,0.73,0.65,0.63,0.70,0.60,0.40,0.50,0.50,0.65,0.80,0.67,0.70,0.20,0.90,0.49,0.53,0.78,0.46,0.36,0.70,0.50,0.43,0.36,0.57,0.30,0.43,0.24,0.45,0.40,0.76,0.54,0.30,0.67,0.47,0.60,0.57,0.60,0.63,1.00,1.07,0.55,0.73,0.68,0.84,0.50,0.48,0.60,1.27,0.67,0.47,0.43,0.25,0.48,0.47,0.60,0.50,0.50,0.57,0.70,0.60,1.67,0.38,0.38,0.45,,,,,,,,,,,,,,,,,,,,,,,,,,,,,,0.40,0.40,0.55,0.67,0.43,0.40,0.47,0.43,0.53,0.43,0.43,0.20,0.40,1.13,,0.25,0.50,0.25,0.40,0.35,0.37,0.25,0.30,0.50,0.70,0.20,0.15,0.40,0.15,0.30,0.30,0.30,0.30,0.40,0.25,0.40,0.35,0.32,0.38,0.30,0.45,0.60,0.45,0.35,0.44,0.23,0.47,0.23,0.77,0.30,0.67,0.50,0.45,0.75,0.45,0.67,1.07,0.63,0.85,0.68,0.95,0.77,0.90,0.60,0.50,0.70,0.60,0.55,0.60,0.53,0.40,0.40,0.80,0.73,0.70,0.90,0.60,0.80,0.67,,0.70,0.55,0.98,0.90,0.90,0.60,0.67,0.40,0.65,0.65,0.60,0.57,0.65,0.95,0.73,1.00,0.67,0.70,1.10,0.90,0.73,0.45,0.43,0.53,0.55,0.63,0.23,0.30,0.65,0.40,0.40,,0.25,0.65,0.43,0.73,0.45,0.55,0.55,0.55,,0.75,0.40,0.40,0.50,0.60,0.45,0.50,0.20,0.25,0.60,0.40,0.80,0.25,0.45,0.20,0.10,0.30,0.50,,0.45,0.40,0.70,0.47,0.50,0.55,0.40,0.75,0.30,0.55,0.50,,0.40,,0.50,,0.40,0.70,0.50,0.30,0.40,0.40,0.40,0.30,0.47,0.35,0.35,0.35,0.10,0.40,0.20,0.45,0.20,0.60,0.30,0.50,0.30,0.20,0.25,0.50,,,,0.55,,
20260407,12,CO_24h,0.26,0.43,0.38,0.43,0.30,0.43,0.26,0.30,0.20,0.23,0.30,0.33,0.40,0.45,0.36,0.46,0.36,0.40,0.41,0.55,0.63,0.76,0.53,0.47,0.44,0.52,0.87,0.71,0.56,0.60,0.35,0.46,0.38,0.67,0.53,0.60,0.53,0.78,0.55,0.53,0.50,0.70,0.60,0.65,0.60,0.65,0.35,0.70,0.51,0.40,0.52,0.84,0.66,0.65,0.51,0.47,0.47,0.25,0.33,0.57,0.55,0.53,0.64,0.52,0.59,0.47,0.43,0.46,0.23,0.60,0.50,0.70,0.56,0.44,0.50,0.72,0.53,0.34,0.46,0.43,0.27,0.38,0.53,0.49,0.44,0.57,0.28,0.48,0.56,0.32,0.32,0.43,0.50,0.48,0.23,0.42,0.97,0.57,0.63,0.67,0.85,0.35,0.50,0.53,0.70,0.90,0.83,0.60,0.43,0.80,0.47,0.52,0.65,0.50,0.34,0.92,0.57,0.46,0.40,0.60,0.34,0.50,0.30,0.63,0.53,0.80,0.57,0.35,0.60,0.60,0.57,0.50,0.53,0.77,0.88,1.02,0.60,0.80,0.75,0.97,0.50,0.52,0.60,0.80,0.73,0.43,0.53,0.30,0.53,0.45,0.57,0.50,0.45,0.50,0.60,0.50,0.63,0.62,0.36,0.40,,,,,,,,,,,,,,,,,,,,,,,,,,,,,,0.40,0.40,0.75,0.57,0.33,0.40,0.65,0.43,0.40,0.40,0.47,0.20,0.45,0.35,,0.25,0.50,0.28,0.40,0.35,0.43,0.33,0.30,0.45,0.65,0.35,0.25,0.30,0.20,0.30,0.37,0.35,0.30,0.47,0.30,0.30,0.40,0.37,0.46,0.40,0.57,0.47,0.55,0.40,0.50,0.23,0.45,0.23,0.77,0.47,0.73,0.80,0.60,0.70,0.80,0.63,0.63,0.70,0.55,0.80,0.95,0.70,0.88,0.80,0.62,0.65,0.55,0.45,0.50,0.53,0.40,0.40,0.90,0.63,0.68,0.93,0.63,0.70,0.53,1.10,0.73,0.55,0.85,0.80,0.80,0.60,0.60,0.40,0.70,0.50,0.35,0.63,0.63,0.93,0.77,1.10,0.80,0.90,1.05,1.00,0.73,0.45,0.47,0.45,0.50,0.65,0.53,0.30,0.70,0.45,0.40,,0.20,0.45,0.57,0.63,0.35,0.50,0.55,0.55,,0.70,0.35,0.40,0.45,0.80,0.40,0.50,0.40,0.45,0.65,0.40,0.70,0.30,0.35,0.25,0.25,0.30,0.60,,0.45,0.50,0.60,0.57,0.50,0.55,0.70,0.35,0.40,0.30,0.55,,0.40,,0.50,,0.40,0.60,0.40,0.20,0.30,0.40,0.40,0.40,0.47,0.70,0.40,0.35,0.15,0.25,0.20,0.70,0.15,0.65,0.35,0.60,0.20,0.10,0.40,0.45,,,,0.60,,
20260407,13,AQI,26,32,45,27,34,46,38,30,27,32,28,29,41,64,29,33,27,27,25,34,48,35,34,30,55,48,54,35,38,34,30,32,39,37,33,40,36,34,35,35,33,41,56,47,52,42,29,59,62,30,86,85,56,54,39,31,48,36,38,43,43,45,73,49,27,32,28,35,37,97,37,58,54,93,55,46,51,34,29,29,32,30,33,34,33,65,31,54,58,28,34,59,62,30,28,28,17,45,41,47,35,38,56,32,54,60,49,44,35,75,66,45,71,50,32,36,30,30,31,27,28,26,27,53,52,68,86,62,82,69,79,89,57,66,86,63,36,20,50,55,38,23,23,34,16,21,25,23,21,36,94,75,79,75,107,74,67,59,51,58,,,,,,,,,,,,,,,,,,,,,,,,,,,,,,65,65,26,70,57,66,92,55,65,67,30,30,52,45,,28,71,30,29,28,29,29,27,25,30,25,30,25,27,27,28,27,27,28,28,33,29,57,56,62,63,68,65,53,63,56,54,59,62,54,37,35,25,42,33,59,52,60,58,24,40,63,46,64,60,66,66,76,76,65,59,73,79,74,78,80,80,78,83,69,64,29,55,66,91,36,66,46,68,49,49,51,60,76,58,106,20,43,43,79,34,18,21,33,32,30,23,26,24,26,24,,23,30,50,61,51,37,64,20,,12,39,49,32,60,54,33,38,42,99,30,57,31,32,34,37,36,38,,41,33,53,45,60,72,39,53,62,66,61,,59,,42,,28,43,42,33,36,38,41,42,66,78,63,53,38,78,84,94,121,149,135,72,31,39,68,95,,,,50,,
20260407,13,PM2.5,6,14,10,4,15,10,5,8,3,12,6,4,9,25,7,15,12,12,4,7,3,6,3,5,18,6,3,5,7,5,9,7,15,7,6,16,7,11,5,3,3,14,32,18,11,15,14,30,29,7,45,55,33,34,22,15,32,25,22,23,24,28,53,32,15,20,12,11,5,52,21,26,21,21,29,29,25,6,15,12,14,11,17,8,9,31,4,28,19,3,8,20,37,3,3,3,6,24,25,21,23,19,40,16,36,37,28,29,10,54,33,13,41,12,9,20,12,13,14,16,8,11,9,13,14,46,33,23,49,27,33,37,33,36,64,40,25,6,31,28,19,11,16,19,9,3,10,12,9,11,49,47,26,32,51,23,23,19,5,9,,,,,,,,,,,,,,,,,,,,,,,,,,,,,,34,19,5,17,30,19,22,30,16,15,11,11,18,19,,3,9,9,13,15,4,10,8,14,15,5,7,16,7,3,3,3,3,6,7,18,9,11,15,18,19,46,20,18,21,16,21,16,32,12,19,18,13,24,23,42,34,42,41,9,28,45,32,36,20,19,24,46,39,25,23,35,51,25,39,56,34,26,61,43,26,20,39,48,68,25,48,32,49,34,32,27,34,56,41,80,13,14,29,58,14,3,12,19,9,15,4,17,13,18,3,,3,13,35,44,36,18,46,10,,5,20,22,7,34,34,12,21,28,74,15,40,15,14,3,3,3,13,,3,3,37,20,32,31,12,24,39,25,20,,25,,11,,3,18,17,15,11,3,3,20,16,17,17,12,8,25,14,42,58,76,61,26,3,3,11,14,,,,31,,
20260407,13,PM2.5_24h,5,11,18,13,6,28,12,10,5,8,17,14,25,20,9,9,7,20,34,26,23,33,19,9,27,21,30,31,26,21,19,14,23,41,18,22,42,40,35,21,16,35,40,23,28,21,15,38,18,6,38,52,42,22,17,14,24,19,19,17,19,23,48,31,23,18,12,18,6,38,29,32,20,21,44,42,18,12,6,9,9,9,17,16,14,22,7,19,21,6,10,20,24,5,4,3,32,14,29,21,22,13,24,17,31,23,20,25,22,34,10,19,26,18,7,15,13,10,12,25,15,36,23,36,33,40,35,29,33,32,35,26,26,50,44,40,25,18,39,44,21,14,14,18,16,10,19,22,10,19,35,31,18,33,42,21,23,16,11,17,,,,,,,,,,,,,,,,,,,,,,,,,,,,,,30,22,35,24,14,22,26,20,13,11,12,11,26,10,,5,9,4,10,12,6,21,12,13,12,27,16,12,22,8,8,15,14,18,10,28,8,26,25,26,38,35,35,29,28,30,38,26,39,46,17,10,10,20,18,28,19,29,24,11,21,23,25,33,34,29,28,34,32,22,29,27,55,25,40,49,39,36,52,55,27,20,24,26,53,15,18,19,30,18,42,33,35,65,43,80,29,43,57,77,19,11,14,8,8,24,33,9,31,15,6,,2,12,33,30,14,19,42,9,,11,22,20,8,54,28,17,39,40,72,18,39,20,11,4,5,4,14,,4,4,36,20,32,35,26,25,31,23,35,,30,,24,,17,28,22,24,23,13,6,19,20,27,23,16,12,24,26,75,48,81,87,25,11,3,28,26,,,,41,,
20260407,13,PM10,24,32,45,16,34,46,38,29,16,32,27,28,41,78,25,33,24,18,24,19,48,23,34,21,60,48,57,32,25,26,29,26,39,26,32,40,23,34,18,17,21,41,62,47,54,42,21,68,73,27,121,120,61,58,39,31,48,36,38,43,43,45,70,49,27,32,28,27,9,143,37,66,58,135,60,46,52,27,28,24,18,30,33,34,33,80,31,57,66,22,34,67,74,18,21,21,11,45,41,47,35,38,48,32,57,69,49,44,29,100,82,45,92,50,16,36,24,30,21,21,15,21,21,55,54,85,122,74,113,87,107,127,63,81,109,76,30,20,50,59,38,23,23,30,16,15,25,23,21,24,138,100,107,99,163,97,83,67,51,65,,,,,,,,,,,,,,,,,,,,,,,,,,,,,,80,79,11,90,63,81,133,59,79,83,26,30,53,45,,7,92,16,28,28,29,19,23,21,30,12,16,25,18,19,11,12,12,14,20,17,24,63,61,73,76,85,79,56,75,62,58,68,73,57,37,35,25,42,31,52,53,69,55,21,37,55,42,78,70,81,82,102,102,80,67,95,108,98,105,109,110,105,92,88,78,22,50,46,103,26,72,41,54,47,49,52,69,73,60,102,20,43,43,97,34,14,21,33,32,30,23,26,20,,7,,9,24,47,62,45,37,,20,,10,39,49,25,69,57,23,22,41,105,28,64,31,25,8,8,13,20,,6,12,47,45,70,93,39,55,73,82,71,,68,,42,,14,43,42,29,32,7,8,36,82,106,76,56,38,105,117,137,192,247,219,94,31,39,85,140,,,,50,,
20260407,13,PM10_24h,20,37,69,41,30,74,53,25,25,24,50,50,73,67,22,47,20,20,43,53,66,73,53,34,70,59,77,81,55,53,50,37,63,94,40,36,83,84,76,35,30,63,65,39,81,29,22,59,56,26,108,101,58,42,35,33,41,34,42,35,35,39,67,46,36,28,24,32,11,136,74,67,51,85,60,60,34,41,21,21,21,25,25,51,50,72,36,50,70,23,37,62,52,28,17,25,45,30,46,44,30,33,39,37,52,49,41,51,36,85,30,54,81,68,17,35,61,42,25,29,25,41,35,74,75,78,118,96,94,109,107,86,46,90,78,55,31,39,65,62,40,30,20,33,26,27,30,35,22,36,117,93,60,112,135,61,71,53,60,68,,,,,,,,,,,,,,,,,,,,,,,,,,,,,,80,68,45,96,46,83,89,53,66,62,36,21,61,28,,15,38,25,35,53,23,29,25,45,43,29,22,19,22,23,11,24,16,21,24,29,19,73,78,74,93,78,69,65,81,73,75,70,86,76,28,13,15,29,23,42,24,46,30,19,35,32,40,48,103,101,82,85,86,83,74,87,112,98,141,97,117,106,86,121,75,29,32,29,73,18,35,25,41,24,58,57,63,85,63,102,45,63,83,108,42,21,26,18,30,34,60,17,46,22,23,,8,25,49,39,28,35,49,14,,14,36,39,18,93,36,29,51,59,95,26,54,28,22,10,13,16,21,,11,10,71,50,77,98,72,67,58,87,101,,95,,63,,44,67,46,49,58,29,14,53,62,88,80,53,37,139,128,200,149,217,292,79,31,21,196,158,,,,60,,
20260407,13,SO2,3,8,3,4,6,6,3,3,8,4,5,4,4,12,8,7,6,7,8,6,6,7,4,8,9,6,6,8,6,9,7,7,5,8,7,6,8,6,6,5,6,5,6,4,7,4,2,10,9,8,8,11,5,5,6,5,4,5,6,3,5,9,4,7,8,5,4,4,5,10,7,14,14,9,4,6,11,7,7,4,6,11,3,9,8,15,8,8,10,5,4,4,9,6,3,5,8,6,5,5,7,5,6,5,5,8,5,5,3,8,12,12,11,6,6,10,8,7,8,6,6,5,6,9,8,8,14,4,14,13,9,16,7,13,8,9,10,4,6,12,3,6,6,11,7,5,2,5,6,5,12,9,5,6,15,9,81,18,5,10,,,,,,,,,,,,,,,,,,,,,,,,,,,,,,6,3,4,6,11,9,11,10,11,23,3,5,11,14,,5,9,5,4,10,7,4,,6,9,1,5,5,4,8,5,4,5,7,5,6,8,5,9,7,8,9,4,11,8,4,6,6,5,6,4,5,6,4,4,4,7,5,8,4,8,7,15,5,8,12,9,11,7,8,5,6,14,9,12,12,11,6,8,7,6,7,6,9,7,9,5,5,3,4,7,7,7,12,13,13,7,5,11,10,8,7,6,5,7,7,4,6,9,3,6,,6,7,6,18,3,10,7,3,,4,6,7,8,7,11,5,5,7,11,3,7,7,7,6,8,8,5,,7,6,7,5,7,11,7,11,14,22,6,,5,,8,,5,12,9,10,12,8,5,15,7,8,5,5,12,9,3,5,13,4,6,8,8,6,18,9,,,,7,,
20260407,13,SO2_24h,3,7,3,5,7,7,3,2,3,2,5,6,6,7,6,7,6,6,9,7,7,7,4,8,10,7,7,8,6,9,7,6,5,8,7,5,8,7,7,6,5,3,5,4,7,4,2,8,8,6,7,9,5,5,5,5,4,4,6,4,5,9,5,7,8,4,4,5,4,7,6,14,12,8,4,6,12,7,10,6,6,11,3,12,10,11,12,10,12,6,4,5,8,7,3,6,9,6,6,5,7,5,6,5,6,4,8,7,5,8,10,11,10,6,6,15,9,8,13,6,5,4,6,8,8,9,14,5,9,11,8,16,6,8,7,8,10,7,7,9,4,6,6,11,7,6,3,5,6,6,6,4,3,7,8,14,31,17,6,10,,,,,,,,,,,,,,,,,,,,,,,,,,,,,,6,3,4,7,9,10,11,8,8,15,5,6,11,8,,5,9,5,6,9,7,3,5,7,8,2,5,6,5,9,8,4,5,7,5,5,8,6,9,8,9,7,5,9,8,6,6,8,7,8,4,4,4,4,4,4,6,5,16,3,8,7,11,11,10,11,8,8,9,6,5,8,11,8,14,13,7,6,8,7,6,7,5,8,7,7,4,5,4,4,9,7,7,12,12,19,7,5,8,7,6,7,7,3,8,7,6,7,9,3,6,,6,4,7,12,3,10,12,3,,5,6,6,8,7,12,6,6,7,11,3,6,7,7,7,9,8,6,,8,6,7,13,8,8,26,12,13,7,9,,9,,8,,5,12,9,10,13,16,6,15,10,12,5,3,9,7,3,5,13,5,3,7,7,5,13,10,,,,8,,
20260407,13,NO2,6,14,10,5,6,7,8,7,5,4,12,10,6,18,9,9,10,7,10,12,13,18,10,13,12,10,14,15,9,7,8,10,7,10,16,15,10,15,10,14,9,15,13,9,13,17,10,9,19,18,17,19,19,20,14,4,17,6,8,8,11,16,9,7,15,13,10,6,6,23,11,12,16,11,20,17,21,9,10,7,9,10,10,10,8,20,9,16,12,11,10,9,13,10,7,29,9,8,8,7,6,15,10,3,25,9,5,10,5,15,16,11,13,10,7,10,8,7,6,8,7,7,5,11,14,18,20,9,21,14,15,14,31,19,16,14,12,12,5,13,4,6,7,12,11,6,8,12,6,6,20,17,12,26,14,9,18,11,4,8,,,,,,,,,,,,,,,,,,,,,,,,,,,,,,12,9,14,8,11,14,9,14,15,22,6,5,10,16,,5,6,5,7,4,8,5,6,9,9,3,7,7,3,5,4,3,3,5,7,10,4,10,9,11,7,9,5,15,11,6,10,7,17,16,9,6,6,3,15,8,16,11,8,8,9,10,4,8,13,13,21,16,14,12,8,9,10,14,24,12,14,12,8,7,19,16,10,16,7,11,9,7,16,15,10,9,6,13,11,9,13,6,7,8,16,11,10,12,10,9,13,10,10,6,3,,5,11,9,7,20,11,7,6,,5,5,8,7,7,4,4,4,8,13,8,16,9,8,4,2,4,7,,2,3,20,9,14,16,5,36,10,9,6,,11,,6,,4,5,1,3,2,1,4,2,12,5,7,9,7,7,11,13,5,11,4,10,5,4,8,3,,,,5,,
20260407,13,NO2_24h,7,17,16,11,12,17,14,6,8,5,18,20,16,17,10,16,12,10,18,18,19,21,10,20,21,15,20,18,15,11,15,13,16,15,21,29,18,14,17,22,19,24,25,17,21,20,16,16,25,16,18,32,12,23,14,6,18,6,13,11,14,14,8,10,19,18,9,12,6,42,28,20,24,25,16,19,22,20,12,13,17,19,15,20,16,23,15,27,18,18,19,19,19,16,13,13,20,10,14,8,17,8,13,4,28,20,17,14,15,20,10,15,22,15,8,17,18,15,13,10,9,13,11,17,17,27,25,16,24,15,22,18,27,29,24,13,13,10,10,13,7,15,8,14,12,8,18,15,8,10,40,21,30,19,40,13,19,23,5,27,,,,,,,,,,,,,,,,,,,,,,,,,,,,,,14,17,24,19,11,21,28,18,31,27,8,7,12,10,,12,6,8,12,13,10,10,7,10,9,6,9,8,7,6,7,8,10,11,8,14,6,23,18,17,17,11,10,16,19,16,18,15,25,16,15,10,9,6,26,16,10,16,12,9,13,15,5,19,17,19,25,23,21,18,16,13,26,15,27,28,17,14,20,17,24,15,9,11,7,7,10,8,14,11,21,13,12,19,15,13,14,6,8,13,23,13,11,12,17,9,32,8,15,7,4,,10,9,11,7,13,8,12,6,,5,8,12,9,16,8,8,8,13,17,8,18,11,8,8,2,4,9,,4,4,23,35,17,19,21,26,17,11,22,,15,,14,,19,9,2,3,13,2,12,5,26,22,19,17,16,13,12,31,13,35,13,27,7,7,12,6,,,,6,,
20260407,13,O3,83,84,95,86,90,99,90,97,86,89,90,92,91,110,94,95,87,85,81,109,121,111,110,95,114,112,108,112,122,109,96,103,103,119,104,96,114,110,112,113,106,119,125,88,120,103,93,122,114,95,99,135,49,55,47,50,61,68,69,79,63,51,106,119,48,71,48,113,119,98,109,120,122,97,43,37,105,110,92,94,103,87,86,107,95,111,94,102,124,88,100,128,134,97,88,88,53,66,76,69,80,30,80,59,27,112,94,76,111,124,109,122,136,93,102,91,95,89,98,85,88,83,86,128,127,125,110,92,99,101,111,110,17,104,92,63,47,59,77,51,72,64,69,108,49,66,75,70,63,115,102,105,125,46,108,107,101,110,97,97,,,,,,,,,,,,,,,,,,,,,,,,,,,,,,104,122,82,128,101,102,133,108,114,93,97,87,97,83,,88,124,97,94,91,94,93,87,80,77,80,97,80,86,87,91,85,87,88,91,104,92,124,124,116,139,135,119,120,125,109,136,118,139,133,103,74,77,78,105,128,49,116,133,77,92,102,121,124,90,93,100,101,128,113,123,114,125,114,77,135,114,131,141,126,102,24,39,43,56,36,60,56,54,44,63,85,104,107,79,142,52,48,68,145,73,56,67,85,87,68,73,72,76,63,78,,75,96,103,55,59,38,108,58,,38,117,103,101,137,129,106,122,133,152,95,104,66,102,109,117,114,122,,131,106,37,116,52,115,97,62,105,107,112,,110,,91,,89,139,127,106,115,121,131,133,120,112,115,107,104,92,85,83,103,90,93,87,69,96,90,79,,,,121,,
20260407,13,O3_24h,83,84,95,86,90,99,90,97,86,89,90,92,91,110,94,95,87,85,81,109,121,111,110,95,114,112,108,112,122,109,96,103,103,119,104,96,114,110,112,113,106,119,125,88,120,103,93,122,114,95,99,135,49,55,47,50,61,68,69,79,63,51,106,119,48,71,48,113,119,98,109,120,122,97,43,37,105,110,92,94,103,87,86,107,95,111,94,102,124,88,100,128,134,97,88,88,53,66,76,69,80,30,80,59,27,112,94,76,111,124,109,122,136,93,102,91,95,89,98,85,88,83,86,128,127,125,110,92,99,101,111,110,17,104,92,63,47,59,77,51,72,64,69,108,49,66,75,70,63,115,102,105,125,46,108,107,101,110,97,97,,,,,,,,,,,,,,,,,,,,,,,,,,,,,,104,122,82,128,101,102,133,108,114,93,97,87,97,83,,88,124,97,94,91,94,93,87,80,77,80,97,80,86,87,91,85,87,88,91,104,92,124,124,116,139,135,119,120,125,109,136,118,139,133,103,74,77,78,105,128,49,116,133,77,92,102,121,124,90,93,100,101,128,113,123,114,125,114,77,135,114,131,141,126,102,24,39,43,56,36,60,56,54,44,63,85,104,107,79,142,52,48,68,145,73,56,67,85,87,68,73,72,76,63,78,,75,96,103,55,59,38,108,58,,38,117,103,101,137,129,106,122,133,152,95,104,66,102,109,117,114,122,,131,106,37,116,52,115,97,62,105,107,112,,110,,91,,89,139,127,106,115,121,131,133,120,112,115,107,104,92,85,83,103,90,93,87,69,96,90,79,,,,121,,
20260407,13,O3_8h,74,65,79,61,75,76,80,81,60,79,74,79,76,84,62,63,77,70,57,93,93,91,90,79,77,84,88,85,94,86,69,85,74,99,105,78,105,104,95,103,104,86,82,70,86,76,37,79,77,80,79,73,41,22,32,39,24,48,34,48,32,28,79,89,35,50,56,94,110,39,57,58,65,70,35,31,54,68,71,71,74,71,53,71,82,78,80,79,92,74,71,88,84,79,78,84,39,39,54,55,25,32,39,51,10,41,35,31,78,72,66,102,80,76,78,64,61,62,77,66,70,70,59,94,97,90,68,72,64,84,70,80,9,54,54,36,20,68,40,41,55,37,75,70,49,65,59,65,60,95,42,63,51,40,41,74,69,67,93,58,,,,,,,,,,,,,,,,,,,,,,,,,,,,,,60,76,26,88,68,76,78,86,51,79,74,75,67,65,,59,113,75,67,61,78,73,70,77,76,59,80,74,74,77,75,64,70,73,81,74,69,85,87,90,99,96,82,94,75,82,84,73,89,96,77,58,60,50,61,58,39,63,76,57,68,53,73,70,73,80,61,66,91,77,76,89,58,68,48,60,81,88,67,49,56,17,48,64,38,37,75,54,43,34,24,73,83,57,44,82,44,46,51,80,44,53,66,69,57,61,59,40,61,62,46,,43,62,83,59,61,51,69,57,,50,77,71,93,93,80,79,111,98,78,83,52,54,85,73,115,103,116,,104,100,28,49,40,65,63,51,59,68,55,,94,,41,,48,82,88,81,81,81,100,129,61,67,83,70,75,86,57,56,79,34,69,43,47,108,82,64,,,,108,,
20260407,13,O3_8h_24h,74,65,79,61,75,76,80,81,60,79,74,79,76,84,62,63,77,70,57,90,93,90,89,79,77,84,86,85,94,86,69,85,74,99,98,78,105,101,91,103,96,86,82,70,86,76,37,79,77,80,77,73,41,23,32,39,24,48,34,48,32,25,79,89,35,47,49,94,110,39,57,58,65,69,31,28,54,68,71,71,74,71,53,71,82,78,80,79,92,74,71,88,84,79,78,83,39,39,54,55,25,27,39,51,10,41,35,31,78,72,66,102,80,76,78,64,61,62,77,66,70,70,59,94,97,90,68,72,64,84,70,80,9,54,54,36,20,63,36,40,55,37,67,68,48,60,59,65,60,95,42,63,51,35,41,72,69,67,84,58,,,,,,,,,,,,,,,,,,,,,,,,,,,,,,60,76,26,88,68,76,78,75,51,79,74,75,67,64,,59,113,75,67,61,78,74,70,69,71,59,80,74,74,77,75,64,70,73,81,74,69,85,87,90,99,96,82,94,75,82,84,73,89,96,77,58,60,49,61,58,38,63,76,57,68,53,73,70,73,80,61,64,91,77,76,88,58,68,45,60,80,88,67,49,56,17,36,41,38,35,64,51,38,31,24,73,83,57,44,78,43,43,47,80,44,49,63,57,55,61,59,40,61,59,41,,43,61,82,47,52,40,69,55,,42,75,71,92,93,80,76,111,98,78,83,51,51,84,73,115,102,116,,99,94,28,49,40,64,63,46,59,61,55,,92,,41,,48,82,88,81,81,81,100,129,61,67,82,70,75,78,57,56,79,34,69,43,44,84,72,64,,,,108,,
20260407,13,CO,0.25,0.50,0.34,0.28,0.25,0.32,0.25,0.27,0.40,0.38,0.30,0.30,0.30,0.78,0.32,0.43,0.36,0.35,0.29,0.34,0.46,0.47,0.40,0.40,0.35,0.36,0.47,0.51,0.38,0.38,0.30,0.40,0.37,0.44,0.30,0.30,0.28,0.47,0.33,0.17,0.25,0.47,0.40,0.45,0.58,0.43,0.40,0.72,0.49,0.40,0.49,1.08,0.71,0.70,0.51,0.50,0.57,0.30,0.37,0.63,0.60,0.57,0.70,0.55,0.52,0.41,0.47,0.40,0.23,0.62,0.47,0.65,0.46,0.32,0.45,0.76,0.50,0.32,0.48,0.38,0.23,0.38,0.63,0.20,0.36,0.80,0.28,0.46,0.52,0.28,0.27,0.50,0.58,0.44,0.23,0.36,0.80,0.63,0.63,0.67,0.55,0.40,0.50,0.50,0.65,0.60,0.67,0.65,0.17,,0.49,0.50,0.73,0.46,0.36,0.66,0.46,0.43,0.34,0.55,0.30,0.40,0.24,0.38,0.47,0.78,0.57,0.28,0.72,0.53,0.57,0.53,0.53,0.57,1.02,1.05,0.55,0.73,0.68,0.91,0.50,0.45,0.60,0.97,0.70,0.43,0.43,0.25,0.38,0.42,0.57,0.60,0.50,0.56,0.70,0.50,1.77,0.52,0.36,0.40,,,,,,,,,,,,,,,,,,,,,,,,,,,,,,0.43,0.30,0.55,0.53,0.40,0.40,0.47,0.40,0.45,0.50,0.43,0.30,0.40,0.88,,0.25,0.50,0.27,0.40,0.35,0.40,0.30,0.30,0.45,0.60,0.25,0.10,0.40,0.15,0.23,0.35,0.28,0.30,0.40,0.25,0.35,0.35,0.26,0.38,0.30,0.40,0.57,0.45,0.40,0.44,0.17,0.43,0.20,0.77,0.27,0.70,0.53,0.50,0.70,0.45,0.67,0.87,0.60,0.80,0.67,0.95,0.65,0.80,0.55,0.56,0.67,0.60,0.50,0.52,0.60,0.47,0.40,0.80,0.63,0.70,0.70,0.57,0.60,0.55,,0.77,0.50,0.98,1.00,0.90,0.50,0.67,0.40,0.60,0.60,0.60,0.57,0.65,0.97,0.73,1.00,0.67,0.80,1.05,1.00,0.85,0.45,0.43,0.47,0.40,0.60,0.20,0.40,0.60,0.45,0.30,,0.25,0.60,0.47,0.70,0.40,0.55,0.55,0.55,,0.75,0.35,0.40,0.45,0.60,0.45,0.50,0.20,0.25,0.65,0.40,0.70,0.25,0.45,0.20,0.15,0.30,0.50,,0.45,0.40,0.70,0.47,0.50,0.55,0.40,0.60,0.30,0.65,0.45,,0.35,,0.45,,0.35,0.60,0.40,,0.30,0.30,0.40,0.30,0.40,0.20,0.35,0.35,0.20,0.30,0.20,0.45,0.15,0.30,0.30,0.50,0.30,0.20,0.30,0.35,,,,0.55,,
20260407,13,CO_24h,0.26,0.43,0.38,0.43,0.30,0.43,0.26,0.30,0.25,0.23,0.33,0.33,0.40,0.45,0.36,0.45,0.36,0.40,0.40,0.54,0.61,0.72,0.50,0.47,0.44,0.52,0.87,0.69,0.54,0.60,0.35,0.46,0.38,0.66,0.51,0.60,0.53,0.75,0.55,0.50,0.45,0.70,0.60,0.60,0.60,0.65,0.35,0.70,0.51,0.40,0.52,0.84,0.66,0.65,0.50,0.47,0.50,0.25,0.33,0.57,0.57,0.53,0.64,0.52,0.59,0.46,0.43,0.46,0.23,0.61,0.50,0.70,0.56,0.44,0.50,0.72,0.53,0.34,0.46,0.45,0.27,0.38,0.53,0.49,0.44,0.57,0.28,0.48,0.56,0.32,0.32,0.45,0.50,0.48,0.23,0.42,0.97,0.57,0.63,0.67,0.80,0.35,0.45,0.53,0.70,0.90,0.80,0.60,0.43,0.80,0.50,0.52,0.65,0.50,0.34,0.92,0.57,0.46,0.40,0.60,0.34,0.47,0.28,0.62,0.53,0.80,0.57,0.35,0.62,0.60,0.57,0.53,0.53,0.77,0.88,1.02,0.60,0.80,0.72,0.96,0.50,0.52,0.60,0.80,0.70,0.43,0.53,0.30,0.53,0.45,0.57,0.50,0.45,0.50,0.60,0.50,0.70,0.62,0.36,0.40,,,,,,,,,,,,,,,,,,,,,,,,,,,,,,0.40,0.40,0.75,0.57,0.37,0.40,0.65,0.43,0.40,0.40,0.47,0.20,0.45,0.38,,0.25,0.50,0.28,0.40,0.35,0.43,0.33,0.30,0.45,0.65,0.30,0.25,0.30,0.20,0.30,0.33,0.35,0.30,0.47,0.30,0.30,0.40,0.37,0.46,0.40,0.55,0.47,0.55,0.40,0.50,0.23,0.45,0.23,0.77,0.47,0.73,0.80,0.55,0.70,0.75,0.63,0.63,0.70,0.55,0.80,0.95,0.70,0.88,0.80,0.62,0.63,0.55,0.45,0.48,0.53,0.40,0.40,0.90,0.63,0.70,0.93,0.63,0.70,0.53,1.20,0.73,0.55,0.85,0.80,0.80,0.55,0.60,0.40,0.70,0.50,0.35,0.60,0.65,0.93,0.77,1.10,0.80,0.90,1.05,1.00,0.70,0.45,0.43,0.45,0.50,0.63,0.50,0.30,0.70,0.45,0.40,,0.20,0.40,0.57,0.63,0.35,0.50,0.55,0.55,,0.70,0.35,0.40,0.45,0.75,0.40,0.50,0.40,0.40,0.65,0.40,0.70,0.25,0.35,0.25,0.25,0.30,0.60,,0.45,0.50,0.60,0.57,0.50,0.55,0.70,0.40,0.40,0.30,0.55,,0.40,,0.50,,0.40,0.60,0.40,0.20,0.30,0.40,0.40,0.40,0.47,0.70,0.40,0.35,0.15,0.25,0.20,0.70,0.15,0.60,0.35,0.60,0.20,0.10,0.35,0.45,,,,0.60,,
20260407,14,AQI,30,30,43,28,29,33,35,31,28,32,29,36,32,67,33,32,28,27,27,34,46,35,35,30,54,37,49,36,40,35,32,33,40,38,34,32,37,37,37,35,34,40,48,41,54,35,33,54,61,32,81,85,59,54,36,31,47,38,47,41,41,42,73,49,27,27,34,34,38,95,39,52,53,85,54,43,50,38,29,30,33,29,31,39,33,67,31,53,56,28,34,59,59,31,28,29,15,46,38,44,34,30,56,33,54,59,52,45,35,73,62,49,77,51,33,38,30,29,31,28,28,27,28,48,45,66,87,60,80,104,78,85,57,67,91,64,34,19,55,49,46,24,24,32,16,21,25,22,21,35,86,74,74,82,118,68,61,61,43,56,,,,,,,,,,,,,,,,,,,,,,,,,,,,,,65,60,28,69,58,62,86,57,63,64,32,28,59,36,,30,62,31,31,34,31,30,29,26,27,26,30,26,28,27,28,26,28,28,34,30,29,54,52,57,59,63,59,54,61,54,52,57,57,51,37,29,24,46,46,58,51,56,64,26,45,58,45,67,61,64,67,80,68,68,61,66,79,68,74,76,79,79,79,72,67,24,50,65,89,40,66,44,60,54,51,52,58,68,63,115,24,48,52,85,32,19,21,30,30,26,21,25,23,26,26,,25,33,48,70,51,25,56,24,,16,38,38,33,58,56,33,38,41,89,31,61,26,32,36,37,36,38,,42,34,56,52,61,67,38,47,62,70,53,,62,,39,,28,45,40,34,35,39,41,40,72,84,54,53,37,70,92,100,138,153,168,77,41,32,74,80,,,,47,,
20260407,14,PM2.5,8,12,10,5,9,10,8,20,3,14,7,3,12,24,11,14,13,9,4,7,3,6,3,4,19,5,3,5,7,4,8,6,16,7,5,11,6,10,5,3,3,10,23,15,10,15,15,25,29,8,44,58,42,34,20,15,31,23,19,23,23,26,53,34,15,16,18,10,4,49,24,26,22,20,33,27,23,9,13,11,14,12,19,8,9,32,5,25,18,3,9,20,31,3,3,3,5,22,24,20,23,16,40,15,37,38,30,27,9,50,29,20,40,13,11,22,12,16,14,16,8,11,7,10,12,46,42,22,57,28,36,35,36,36,68,42,24,7,31,29,19,10,15,14,8,3,9,9,5,9,45,43,21,36,55,27,22,21,4,15,,,,,,,,,,,,,,,,,,,,,,,,,,,,,,30,14,9,23,33,22,22,30,16,14,12,12,19,15,,3,22,8,15,13,10,8,10,12,13,5,6,12,10,5,3,4,3,4,16,6,11,9,14,21,10,39,16,18,16,13,11,14,26,12,19,16,11,21,19,41,36,39,46,10,31,41,27,30,23,19,24,53,23,28,24,29,54,24,41,56,36,32,58,43,24,14,35,47,66,28,48,31,43,38,31,29,34,49,45,87,17,18,35,59,12,3,11,16,11,13,4,16,12,18,3,,3,12,33,51,34,17,40,13,,5,25,18,13,37,39,11,15,26,66,17,44,18,15,3,3,3,19,,3,5,33,23,31,29,12,15,37,19,19,,21,,8,,3,16,10,,6,3,3,19,17,15,10,14,6,19,15,51,72,85,90,24,3,3,20,23,,,,33,,
20260407,14,PM2.5_24h,5,12,18,13,6,28,12,11,5,8,17,14,24,21,9,10,7,20,33,25,21,31,17,8,27,20,28,29,24,19,18,14,23,40,18,22,41,39,33,20,15,33,40,23,26,21,15,38,19,5,38,52,42,23,17,14,24,20,19,17,19,23,49,32,22,18,12,18,6,39,29,32,21,21,44,42,18,12,6,9,9,10,16,16,14,22,7,20,22,6,10,21,25,4,5,2,30,15,28,21,22,13,25,17,31,24,20,25,22,35,11,19,27,18,7,16,13,10,12,25,14,35,22,35,32,41,35,29,34,31,35,27,26,50,46,41,26,17,39,43,21,14,14,17,15,9,19,22,9,18,36,32,19,32,43,21,23,16,11,17,,,,,,,,,,,,,,,,,,,,,,,,,,,,,,30,22,34,25,15,22,27,21,13,12,12,11,27,10,,5,9,4,10,13,6,22,12,14,13,25,16,12,21,7,8,13,13,17,10,27,9,25,24,26,38,36,34,28,28,30,35,26,39,46,16,9,10,20,17,29,20,29,25,10,21,24,25,34,34,28,28,35,31,22,30,27,56,25,40,49,37,35,52,55,26,19,25,27,55,14,19,20,31,19,41,33,35,65,44,80,29,40,56,77,19,10,14,8,8,24,30,9,30,15,6,,2,11,34,31,15,18,43,9,,11,22,20,9,53,29,17,38,40,72,18,39,20,12,4,5,4,14,,4,4,35,20,32,34,25,25,32,23,34,,29,,23,,16,28,21,24,23,12,6,19,21,26,23,17,12,24,25,74,50,79,89,25,11,3,29,26,,,,41,,
20260407,14,PM10,30,30,43,18,28,33,35,31,8,32,25,36,32,84,26,32,26,16,18,21,46,23,33,22,58,37,49,33,27,26,30,23,40,26,30,31,22,31,21,15,20,34,48,41,57,26,25,57,72,28,111,120,68,58,36,31,47,38,47,41,41,42,81,49,27,20,34,23,8,139,39,54,56,120,57,43,50,34,26,22,25,25,31,39,33,84,31,55,62,22,34,67,67,15,22,20,10,46,38,44,34,30,47,33,57,68,53,45,30,95,73,49,104,51,16,38,21,29,23,20,27,22,25,48,45,82,123,69,109,157,106,120,64,83,115,77,30,19,59,49,46,24,22,27,15,15,25,16,20,23,122,97,98,114,186,85,72,71,43,62,,,,,,,,,,,,,,,,,,,,,,,,,,,,,,79,69,18,87,66,73,122,63,75,78,31,27,67,36,,6,74,17,29,34,24,14,29,12,27,12,15,16,19,25,9,13,10,14,34,9,20,57,54,64,67,75,68,58,71,57,53,64,64,52,37,29,19,46,46,51,52,62,68,21,45,55,45,84,71,78,83,109,85,85,72,81,107,85,98,101,108,108,97,94,84,24,43,42,89,28,72,43,48,50,52,54,65,67,58,111,21,48,54,120,32,12,21,30,30,26,21,25,21,21,6,,11,23,48,66,51,25,,24,,16,37,38,33,66,61,21,22,37,89,28,63,25,20,7,7,10,19,,6,11,62,54,71,84,38,47,74,90,56,,74,,39,,23,42,36,,30,6,6,40,93,118,57,55,32,90,133,150,225,255,286,104,41,32,97,110,,,,46,,
20260407,14,PM10_24h,21,36,68,41,30,73,53,26,24,24,49,50,73,68,22,47,21,20,42,51,64,69,50,33,69,57,73,76,52,50,48,35,62,93,40,36,82,82,73,34,29,63,64,39,78,29,22,60,56,26,108,101,58,43,35,33,41,34,42,35,36,39,67,47,36,28,24,32,11,136,72,67,52,88,60,60,35,40,22,21,21,24,25,50,49,72,36,51,69,23,38,62,53,27,17,24,43,30,46,44,31,33,39,37,52,50,42,50,36,85,33,55,81,68,17,36,60,43,25,29,25,41,34,72,73,80,118,95,95,107,106,89,46,91,81,57,31,36,65,61,41,29,19,33,25,25,30,34,22,36,116,93,63,111,136,62,70,52,59,69,,,,,,,,,,,,,,,,,,,,,,,,,,,,,,78,68,45,99,48,84,89,53,67,63,36,21,62,28,,14,38,25,36,50,24,28,25,44,43,28,21,19,22,23,12,21,15,20,24,29,19,72,77,74,93,79,70,63,81,73,73,70,86,76,27,13,16,30,24,43,25,47,31,18,36,34,41,51,102,99,81,86,85,81,74,85,113,97,138,98,116,105,87,121,73,29,32,30,75,18,35,26,42,25,58,57,62,85,63,101,45,59,82,109,41,20,26,19,30,34,56,17,45,22,22,,8,24,49,41,28,34,49,14,,13,36,39,19,92,37,29,50,58,94,27,54,28,22,9,13,16,21,,11,10,71,50,77,98,70,67,60,88,99,,94,,61,,42,66,45,49,57,27,14,53,63,90,79,53,37,142,129,199,154,222,296,81,30,22,198,161,,,,60,,
20260407,14,SO2,3,7,3,4,6,5,3,4,6,4,5,4,4,12,9,7,6,6,7,6,7,7,5,8,10,6,6,8,6,9,7,7,6,8,7,5,8,6,6,5,5,4,6,4,8,5,2,9,9,6,8,11,5,4,6,6,4,5,6,4,4,8,4,7,8,5,5,4,4,11,7,10,12,8,4,6,11,7,7,4,5,11,4,9,8,17,9,9,9,5,4,4,9,7,3,6,6,6,6,5,7,5,6,5,5,5,5,5,3,7,16,12,10,6,5,12,8,7,7,6,6,4,6,9,8,8,15,4,13,13,9,16,6,11,10,9,10,4,6,13,4,6,6,13,7,5,2,5,6,5,10,9,4,7,13,7,55,15,5,10,,,,,,,,,,,,,,,,,,,,,,,,,,,,,,6,3,4,6,9,10,10,9,10,19,3,5,12,11,,5,9,6,4,8,8,4,5,6,9,2,5,6,5,9,5,4,5,7,6,6,8,6,9,7,7,8,5,10,7,5,6,6,5,6,4,4,4,4,5,4,6,4,7,4,8,7,12,5,9,11,8,9,7,8,6,6,14,9,12,12,12,6,8,7,5,7,6,9,7,9,4,5,4,4,7,7,7,10,11,13,7,5,10,10,10,7,6,4,8,7,4,6,8,2,6,,5,7,6,18,3,10,7,3,,4,6,7,7,7,11,5,5,8,11,3,7,7,7,7,8,8,5,,7,6,8,5,6,8,6,10,14,11,6,,6,,8,,4,9,9,11,11,3,5,16,5,8,4,5,13,8,3,4,8,4,2,7,7,6,22,9,,,,7,,
20260407,14,SO2_24h,3,7,3,5,7,7,3,3,3,2,5,6,6,8,6,7,6,6,9,7,7,7,4,8,10,7,7,8,6,9,7,6,5,8,7,5,8,7,7,6,5,3,5,4,7,4,2,8,8,6,7,9,5,5,5,5,4,4,6,4,5,9,5,7,8,4,4,5,4,7,5,14,12,8,4,6,12,7,10,6,6,11,3,12,10,11,12,10,12,6,4,5,8,7,3,6,9,6,6,5,7,5,6,5,6,4,7,7,5,8,11,11,10,7,6,15,9,8,12,6,5,4,6,8,8,9,14,5,9,11,8,16,6,8,7,8,10,6,7,10,4,6,6,11,7,6,3,5,6,6,6,5,3,6,8,13,33,16,5,10,,,,,,,,,,,,,,,,,,,,,,,,,,,,,,6,3,4,7,9,10,11,8,8,16,5,6,11,9,,5,9,5,6,9,7,3,4,7,8,2,5,6,5,9,8,4,5,7,5,6,8,6,9,8,9,7,5,9,8,6,6,8,7,7,4,4,4,4,4,4,6,5,15,3,7,7,10,11,9,11,8,8,9,6,5,7,11,8,14,12,8,5,8,7,6,7,5,8,7,7,4,5,4,4,9,7,7,12,13,18,7,5,8,8,6,7,7,3,8,7,5,6,8,3,6,,6,4,7,12,3,10,12,3,,5,6,6,8,7,12,6,6,7,11,3,6,7,7,7,9,8,6,,8,6,7,13,8,9,26,12,13,7,9,,9,,8,,5,12,9,10,13,15,6,15,10,12,5,3,9,7,3,5,13,5,3,7,7,5,14,10,,,,8,,
20260407,14,NO2,7,13,10,5,5,7,7,8,4,4,11,9,5,15,7,9,12,6,8,12,16,18,10,14,11,9,14,15,9,7,7,10,8,10,16,15,10,13,11,15,9,11,12,11,12,13,9,8,18,12,15,20,21,18,13,5,13,5,8,8,9,12,8,11,14,9,11,6,5,20,8,9,14,10,20,23,19,9,13,7,10,10,9,10,8,19,9,15,11,11,10,9,9,10,6,8,10,9,7,8,5,8,8,3,23,7,5,8,5,14,16,11,11,10,5,11,8,8,8,8,7,7,6,12,15,18,20,9,21,13,14,14,33,19,15,12,12,11,5,12,4,5,7,9,11,5,6,10,7,5,16,13,15,27,13,6,17,11,3,4,,,,,,,,,,,,,,,,,,,,,,,,,,,,,,10,8,14,9,10,14,10,15,14,11,5,5,9,10,,5,5,6,7,3,8,5,6,11,8,3,6,5,3,5,5,3,2,5,10,8,4,11,9,11,7,8,5,15,9,7,10,6,17,15,8,6,6,2,13,8,14,11,9,8,11,12,3,7,13,13,19,16,11,12,7,7,11,12,20,10,14,9,6,12,18,15,11,14,6,11,9,7,12,15,9,8,7,10,10,8,14,6,7,8,12,10,11,13,14,7,13,11,9,5,4,,4,7,8,7,17,8,7,6,,6,5,6,7,7,5,4,4,7,9,7,15,10,6,4,2,4,5,,1,2,18,10,13,12,4,18,7,7,6,,11,,5,,3,3,1,2,2,1,4,9,6,5,4,8,8,7,8,10,2,6,4,8,4,5,9,3,,,,5,,
20260407,14,NO2_24h,7,17,16,11,12,17,14,6,8,5,18,20,16,17,10,16,12,10,18,18,19,20,10,20,20,15,19,17,15,11,14,12,16,15,21,28,18,14,16,22,17,24,25,17,21,20,15,16,26,15,18,30,13,23,14,6,18,6,13,11,14,14,8,10,19,17,9,12,6,42,28,20,24,25,16,19,22,20,13,13,17,19,14,20,16,23,15,27,18,18,19,19,19,15,13,13,19,10,14,8,17,8,12,4,27,20,16,14,15,20,11,15,22,16,9,17,18,15,13,10,9,12,11,17,16,27,25,16,24,15,23,19,27,29,24,13,14,10,10,13,7,15,8,14,12,8,18,15,8,10,40,21,31,20,40,14,20,23,5,27,,,,,,,,,,,,,,,,,,,,,,,,,,,,,,14,17,24,19,12,21,28,18,31,27,8,7,12,10,,12,6,8,12,13,10,10,7,10,9,6,9,8,7,6,7,7,10,11,8,14,6,22,18,17,17,10,10,16,19,15,18,15,26,16,15,10,9,6,25,17,10,16,12,9,13,15,5,18,17,19,25,23,21,18,15,13,26,15,28,28,17,14,19,17,24,15,10,11,7,7,10,8,14,10,21,13,12,19,15,13,15,6,8,13,22,13,11,12,17,9,31,8,15,7,4,,10,9,11,7,13,8,12,6,,5,8,12,9,16,8,8,8,13,17,8,18,11,8,8,2,4,9,,4,4,23,35,17,19,21,26,17,11,22,,15,,14,,19,9,2,3,13,2,12,5,26,21,19,17,16,13,11,30,13,35,13,26,7,7,12,6,,,,6,,
20260407,14,O3,86,89,101,89,93,107,95,100,90,92,94,98,99,128,104,100,89,85,86,110,124,113,113,97,121,115,115,116,129,111,102,105,107,122,110,101,118,118,118,111,108,128,134,88,122,113,107,126,119,102,110,143,41,68,51,50,84,74,73,80,71,70,120,125,53,86,51,109,121,108,118,134,137,103,43,35,113,121,94,97,106,92,89,112,99,119,99,113,132,89,106,136,143,100,91,94,49,56,80,70,88,44,78,61,39,134,105,86,111,134,120,132,154,95,106,94,97,90,100,91,91,86,88,126,125,135,119,100,118,111,126,119,25,108,112,67,49,57,92,55,70,71,77,103,50,68,80,70,66,112,111,117,132,51,125,120,104,125,106,102,,,,,,,,,,,,,,,,,,,,,,,,,,,,,,113,129,90,134,118,112,138,114,126,121,101,89,105,97,,95,123,100,99,95,98,95,89,82,78,83,97,83,88,87,91,84,91,90,95,97,93,127,131,118,139,149,125,130,131,122,136,117,146,137,111,74,76,84,111,135,51,118,142,82,89,93,129,134,95,99,115,110,141,118,135,120,130,115,91,142,113,135,147,129,109,27,36,47,56,35,58,55,59,45,85,89,109,116,91,150,55,48,83,162,83,61,64,76,86,72,68,76,73,66,84,,80,105,105,61,65,37,111,57,,39,121,111,100,142,137,106,121,132,165,98,121,75,102,114,118,115,122,,134,109,48,125,61,117,102,96,117,113,114,,116,,90,,90,143,127,110,113,124,131,126,118,115,111,120,119,96,99,98,111,101,100,106,78,92,98,89,,,,121,,
20260407,14,O3_24h,86,89,101,89,93,107,95,100,90,92,94,98,99,128,104,100,89,85,86,110,124,113,113,97,121,115,115,116,129,111,102,105,107,122,110,101,118,118,118,111,108,128,134,88,122,113,107,126,119,102,110,143,41,68,51,50,84,74,73,80,71,70,120,125,53,86,51,109,121,108,118,134,137,103,43,35,113,121,94,97,106,92,89,112,99,119,99,113,132,89,106,136,143,100,91,94,49,56,80,70,88,44,78,61,39,134,105,86,111,134,120,132,154,95,106,94,97,90,100,91,91,86,88,126,125,135,119,100,118,111,126,119,25,108,112,67,49,57,92,55,70,71,77,103,50,68,80,70,66,112,111,117,132,51,125,120,104,125,106,102,,,,,,,,,,,,,,,,,,,,,,,,,,,,,,113,129,90,134,118,112,138,114,126,121,101,89,105,97,,95,123,100,99,95,98,95,89,82,78,83,97,83,88,87,91,84,91,90,95,97,93,127,131,118,139,149,125,130,131,122,136,117,146,137,111,74,76,84,111,135,51,118,142,82,89,93,129,134,95,99,115,110,141,118,135,120,130,115,91,142,113,135,147,129,109,27,36,47,56,35,58,55,59,45,85,89,109,116,91,150,55,48,83,162,83,61,64,76,86,72,68,76,73,66,84,,80,105,105,61,65,37,111,57,,39,121,111,100,142,137,106,121,132,165,98,121,75,102,114,118,115,122,,134,109,48,125,61,117,102,96,117,113,114,,116,,90,,90,143,127,110,113,124,131,126,118,115,111,120,119,96,99,98,111,101,100,106,78,92,98,89,,,,121,,
20260407,14,O3_8h,77,71,84,69,77,81,83,84,66,81,77,82,81,89,69,70,79,73,63,95,100,95,95,82,85,91,91,91,100,91,76,90,80,105,105,84,107,105,96,104,104,92,95,76,95,85,49,86,87,83,85,86,42,30,35,41,33,53,42,54,39,33,85,95,38,53,56,98,112,51,68,69,78,75,35,32,66,76,75,77,81,77,62,81,85,86,82,85,100,80,80,99,96,86,82,85,43,43,59,57,36,32,47,52,14,57,46,41,85,84,76,108,95,80,84,70,67,68,82,71,74,73,65,101,104,98,80,76,74,89,81,87,11,67,64,42,25,68,45,42,58,42,75,75,49,65,61,65,61,100,57,72,66,54,56,78,76,77,93,64,,,,,,,,,,,,,,,,,,,,,,,,,,,,,,72,85,37,99,76,81,94,91,66,86,79,78,75,70,,68,115,80,73,68,81,76,73,77,76,65,83,77,77,80,77,69,75,76,84,80,75,94,97,97,106,104,93,101,86,89,95,82,98,105,87,61,63,55,70,74,40,73,86,60,73,59,83,85,76,84,73,71,99,87,88,92,71,77,54,74,87,94,80,67,66,18,48,64,41,37,75,54,43,34,34,76,88,66,51,89,45,46,52,93,50,53,66,69,57,62,60,46,62,62,47,,49,67,85,59,61,51,77,57,,50,81,78,93,101,89,83,113,105,91,85,63,56,88,79,115,104,116,,105,100,31,65,44,73,71,54,69,69,66,,97,,48,,57,91,95,86,88,89,104,129,72,77,87,76,83,86,62,65,84,45,75,53,49,108,82,68,,,,110,,
20260407,14,O3_8h_24h,76,71,84,69,77,81,83,84,66,82,77,82,81,89,69,70,79,73,63,94,100,94,94,82,85,91,91,91,100,91,76,90,80,105,99,84,107,104,96,104,97,92,95,76,95,85,49,86,87,83,84,86,42,31,35,41,33,53,42,54,39,32,85,95,38,51,49,98,112,51,68,69,78,75,33,29,66,76,75,77,81,77,62,81,85,86,82,85,100,80,80,99,96,86,82,85,43,43,59,57,36,28,47,52,14,57,46,41,85,84,76,108,95,80,84,70,67,68,82,71,74,73,65,101,104,98,80,76,74,89,81,87,11,67,64,42,25,61,45,42,58,42,68,75,48,61,61,65,60,100,57,72,66,36,56,78,76,77,86,64,,,,,,,,,,,,,,,,,,,,,,,,,,,,,,72,85,37,99,76,81,94,81,66,86,79,78,75,70,,68,115,80,73,68,81,78,73,71,71,65,83,77,77,80,81,69,75,76,84,80,75,94,97,97,106,104,93,101,86,89,95,82,98,105,87,61,63,55,70,74,40,73,86,60,73,59,83,85,76,84,73,71,99,87,88,91,71,77,52,74,87,94,80,67,66,18,35,39,41,35,62,51,40,32,34,76,88,66,51,89,45,43,52,93,50,49,63,59,57,62,60,46,58,59,47,,49,67,85,47,52,39,77,56,,41,81,78,93,101,89,83,113,105,91,85,63,54,88,79,115,104,115,,105,95,31,65,44,73,71,52,69,69,66,,97,,48,,57,91,95,86,88,89,104,129,72,77,87,76,83,79,62,65,84,45,75,53,49,82,75,68,,,,110,,
20260407,14,CO,0.25,0.43,0.30,0.29,0.25,0.32,0.27,0.30,0.35,0.35,0.20,0.30,0.30,0.78,0.32,0.44,0.34,0.30,0.25,0.32,0.50,0.48,0.42,0.41,0.38,0.36,0.44,0.40,0.38,0.38,0.28,0.38,0.32,0.40,0.29,0.27,0.24,0.47,0.33,0.17,0.25,0.50,0.30,0.40,0.59,0.38,0.40,0.70,0.49,0.40,0.51,1.09,0.76,0.70,0.49,0.47,0.47,0.30,0.33,0.60,0.57,0.57,0.73,0.57,0.52,0.36,0.53,0.37,0.23,0.64,0.47,0.55,0.44,0.30,0.50,0.76,0.49,0.34,0.50,0.38,0.23,0.38,0.53,0.20,0.36,0.83,0.27,0.43,0.47,0.28,0.35,0.50,0.48,0.44,0.23,0.40,0.77,0.63,0.63,0.63,0.55,0.30,0.50,0.50,0.60,0.60,0.67,0.65,0.15,0.40,0.49,0.50,0.73,0.46,0.34,0.74,0.45,0.43,0.38,0.55,0.44,0.33,0.22,0.32,0.37,0.82,0.57,0.33,0.76,0.57,0.55,0.53,0.53,0.57,1.10,1.07,0.55,0.73,0.70,0.89,0.45,0.40,0.55,0.78,0.67,0.43,0.43,0.20,0.40,0.40,0.57,0.70,0.40,0.63,0.70,0.40,1.80,0.56,0.34,0.30,,,,,,,,,,,,,,,,,,,,,,,,,,,,,,0.38,0.30,0.55,0.50,0.37,0.40,0.47,0.35,0.43,0.43,0.43,0.20,0.40,0.55,,0.25,0.50,0.27,0.40,0.35,0.50,0.20,,0.45,0.60,0.25,0.10,0.37,0.15,0.20,0.30,0.28,0.30,0.40,0.35,0.25,0.35,0.27,0.32,0.30,0.33,0.57,0.35,0.40,0.36,0.13,0.35,0.13,0.67,0.27,0.65,0.50,0.45,0.55,0.35,0.67,1.00,0.53,0.85,0.70,0.95,0.73,0.78,0.55,0.56,0.58,0.60,0.55,0.46,0.63,0.50,0.40,0.63,0.67,0.66,0.70,0.53,0.60,0.53,0.70,0.77,0.50,0.97,1.00,0.90,0.55,0.63,0.40,0.60,0.60,0.60,0.60,0.65,0.87,0.67,1.00,0.70,0.80,1.15,1.00,0.60,0.40,0.43,0.47,0.45,0.53,0.20,0.35,0.60,0.40,0.30,,0.25,0.55,0.47,0.70,0.40,0.55,0.55,0.55,,0.75,0.40,0.30,0.45,0.60,0.45,0.50,0.20,0.25,0.50,0.40,0.65,0.30,0.45,0.20,0.15,0.30,0.50,,0.45,0.40,0.67,0.47,0.50,0.50,0.35,0.40,0.30,0.45,0.45,,0.35,,0.45,,0.35,0.50,0.40,0.30,0.20,0.30,0.30,0.40,0.30,0.20,0.30,0.35,0.60,0.20,0.30,0.40,0.15,0.30,0.30,0.50,0.30,0.20,0.40,0.30,,,,0.60,,
20260407,14,CO_24h,0.26,0.43,0.38,0.43,0.30,0.43,0.26,0.30,0.25,0.23,0.33,0.33,0.40,0.48,0.36,0.45,0.36,0.40,0.40,0.51,0.60,0.70,0.50,0.47,0.44,0.50,0.83,0.69,0.52,0.58,0.35,0.44,0.35,0.65,0.50,0.57,0.47,0.75,0.55,0.50,0.45,0.70,0.60,0.60,0.58,0.63,0.35,0.72,0.50,0.40,0.52,0.83,0.66,0.65,0.50,0.47,0.50,0.25,0.33,0.57,0.57,0.53,0.64,0.52,0.58,0.46,0.43,0.46,0.23,0.61,0.50,0.70,0.54,0.43,0.50,0.72,0.51,0.34,0.46,0.45,0.27,0.38,0.53,0.49,0.44,0.60,0.26,0.48,0.58,0.32,0.33,0.45,0.52,0.48,0.23,0.42,0.90,0.57,0.63,0.67,0.80,0.35,0.45,0.53,0.70,0.90,0.80,0.60,0.43,0.80,0.50,0.53,0.65,0.50,0.34,0.94,0.57,0.46,0.40,0.60,0.36,0.47,0.27,0.62,0.53,0.80,0.57,0.35,0.62,0.57,0.57,0.53,0.53,0.77,0.90,1.02,0.60,0.80,0.72,0.96,0.50,0.52,0.60,0.80,0.70,0.43,0.53,0.30,0.53,0.45,0.57,0.55,0.50,0.52,0.65,0.50,0.73,0.60,0.36,0.40,,,,,,,,,,,,,,,,,,,,,,,,,,,,,,0.40,0.40,0.75,0.57,0.37,0.40,0.65,0.43,0.40,0.40,0.47,0.20,0.45,0.40,,0.25,0.50,0.28,0.40,0.35,0.43,0.33,0.30,0.45,0.65,0.30,0.25,0.30,0.20,0.30,0.33,0.35,0.30,0.43,0.30,0.30,0.40,0.37,0.42,0.40,0.57,0.47,0.55,0.40,0.46,0.23,0.45,0.23,0.77,0.47,0.73,0.80,0.55,0.70,0.75,0.70,0.63,0.68,0.60,0.80,0.95,0.70,0.88,0.80,0.62,0.63,0.55,0.45,0.48,0.53,0.40,0.40,0.90,0.63,0.70,0.90,0.63,0.70,0.53,1.10,0.73,0.55,0.88,0.80,0.80,0.55,0.60,0.40,0.70,0.50,0.35,0.60,0.65,0.93,0.77,1.10,0.80,0.80,1.05,1.00,0.67,0.45,0.43,0.45,0.50,0.63,0.47,0.30,0.70,0.45,0.40,,0.20,0.45,0.57,0.63,0.35,0.50,0.55,0.55,,0.70,0.35,0.40,0.45,0.75,0.40,0.50,0.40,0.40,0.65,0.40,0.65,0.25,0.35,0.25,0.25,0.30,0.60,,0.45,0.50,0.60,0.57,0.50,0.55,0.70,0.40,0.40,0.35,0.55,,0.40,,0.50,,0.40,0.60,0.40,0.20,0.30,0.40,0.40,0.40,0.47,0.75,0.40,0.35,0.15,0.20,0.20,0.65,0.15,0.60,0.35,0.60,0.20,0.10,0.35,0.45,,,,0.60,,
20260407,15,AQI,35,31,44,28,29,36,40,33,29,39,31,33,37,68,34,32,28,28,27,35,51,36,36,30,53,38,47,37,42,35,34,33,38,38,36,33,38,41,38,35,35,41,46,37,53,37,33,49,63,34,83,86,68,52,31,31,51,40,42,40,41,43,73,49,26,27,40,34,38,94,47,43,59,83,51,41,47,41,31,31,35,30,39,35,41,69,32,54,59,28,39,59,57,32,29,31,14,40,39,49,50,26,64,36,55,62,57,33,35,74,62,53,70,51,33,42,32,32,32,28,30,27,28,46,49,68,87,64,86,74,85,88,61,69,91,64,42,18,53,46,43,26,24,32,15,22,29,21,22,35,86,77,63,81,114,69,64,60,42,84,,,,,,,,,,,,,,,,,,,,,,,,,,,,,,66,59,33,77,57,65,84,58,60,63,32,27,63,35,,31,55,32,32,31,33,30,28,27,26,27,30,26,27,27,28,27,28,28,49,29,28,51,51,58,54,62,54,52,54,54,51,56,51,53,43,22,21,46,52,61,48,55,63,23,50,54,42,60,58,63,77,76,62,74,61,67,74,65,83,74,77,73,76,78,66,33,39,59,89,46,70,44,51,54,54,54,61,70,61,120,36,46,55,87,27,18,21,24,40,24,22,24,22,25,28,,26,32,51,75,53,26,46,31,,19,45,36,31,65,66,33,40,39,98,31,79,32,31,37,38,37,40,,42,34,56,59,61,67,33,37,50,72,53,,68,,36,,29,45,40,35,34,41,40,40,77,80,33,55,39,70,87,110,143,159,197,67,42,29,79,73,,,,50,,
20260407,15,PM2.5,10,12,13,8,9,8,9,16,3,18,11,6,6,28,8,14,13,7,7,7,5,6,3,5,19,5,3,5,9,5,8,6,14,6,4,9,6,8,4,3,3,10,21,14,10,15,21,22,27,6,48,63,49,32,16,14,31,21,14,22,21,26,53,33,18,15,19,11,3,53,27,24,27,20,32,26,21,11,13,10,15,14,26,9,11,37,6,24,19,3,10,21,28,3,3,3,5,19,24,20,24,14,46,16,38,34,33,23,8,42,28,21,41,12,9,24,13,17,19,13,8,18,8,10,11,46,42,21,61,37,50,38,39,35,68,39,23,11,35,28,20,8,14,12,8,3,5,10,7,6,47,44,17,38,54,29,22,19,6,39,,,,,,,,,,,,,,,,,,,,,,,,,,,,,,34,10,12,23,30,20,26,30,13,13,14,8,23,7,,5,12,8,17,12,8,9,,10,14,3,10,13,7,7,8,7,3,3,20,3,12,8,13,16,9,31,13,16,11,12,9,14,19,14,16,11,10,21,17,44,33,31,45,13,35,38,25,29,27,20,25,46,25,34,21,21,46,23,39,54,33,35,56,47,24,23,25,42,66,32,51,31,36,38,33,32,38,51,44,91,22,24,33,60,11,7,11,11,11,12,4,15,12,15,3,,3,10,36,55,28,14,32,16,,10,29,20,13,47,48,8,24,21,73,13,58,18,12,3,3,7,13,,3,8,31,24,30,28,10,6,28,26,16,,19,,5,,5,20,3,,3,3,3,22,24,19,7,16,6,14,34,58,80,94,100,14,3,3,25,17,,,,35,,
20260407,15,PM2.5_24h,5,12,18,13,6,27,12,11,5,9,17,14,24,22,9,10,8,20,32,24,20,30,15,8,27,19,26,26,22,17,18,13,23,39,17,21,40,38,32,20,15,33,39,23,24,20,15,37,19,5,39,51,43,23,17,14,24,20,19,17,19,23,49,32,22,18,12,18,6,40,29,33,21,22,44,42,19,12,7,10,10,10,16,16,14,23,7,21,22,6,10,21,25,4,5,2,29,15,27,21,23,13,26,17,31,25,21,26,22,36,12,20,29,18,7,17,14,11,13,25,13,34,20,34,30,42,36,28,35,32,36,28,27,50,48,42,26,15,39,42,21,13,13,17,14,8,18,21,9,18,37,32,20,32,44,22,23,16,11,19,,,,,,,,,,,,,,,,,,,,,,,,,,,,,,29,22,33,26,16,23,27,21,14,12,12,10,27,10,,5,10,5,11,13,6,23,13,14,13,24,15,12,21,7,8,11,12,16,11,26,9,25,23,26,37,36,34,27,27,29,32,27,38,45,15,9,10,20,17,30,20,29,26,10,22,25,26,34,33,28,28,36,31,23,30,26,56,25,40,50,36,34,53,55,26,18,25,27,57,14,21,20,32,19,41,33,35,66,43,79,28,38,55,77,18,10,13,9,8,23,27,9,30,15,6,,2,11,34,32,16,17,43,9,,10,23,20,9,53,30,17,38,40,72,18,40,20,12,4,5,4,15,,4,5,36,20,32,34,25,24,33,24,33,,30,,22,,16,28,21,24,22,12,5,19,22,26,23,17,12,24,26,75,52,81,91,24,10,3,29,27,,,,41,,
20260407,15,PM10,35,31,44,28,29,33,40,33,6,39,30,32,37,86,22,31,28,12,20,22,51,24,33,25,55,36,47,32,39,26,32,27,38,24,29,26,22,30,22,14,21,35,46,37,56,36,33,49,75,25,116,121,71,54,31,31,52,40,42,40,41,43,78,49,25,27,40,24,8,138,47,43,68,115,51,41,47,35,26,21,26,22,39,34,41,87,28,57,67,23,39,67,64,19,20,19,11,40,39,49,50,26,,36,60,74,63,33,24,97,73,56,89,52,19,42,20,32,32,18,30,25,20,46,49,86,123,77,122,97,119,125,72,87,112,77,42,18,56,46,43,21,20,27,15,16,23,14,22,21,122,103,75,111,177,88,78,69,42,117,,,,,,,,,,,,,,,,,,,,,,,,,,,,,,81,67,24,104,64,80,118,66,69,76,31,26,76,28,,6,59,22,26,26,22,19,,20,26,11,17,18,15,23,6,16,9,13,49,6,20,52,51,66,57,74,57,53,58,58,51,61,51,55,43,22,16,46,54,60,48,59,66,20,49,55,42,70,66,75,103,102,73,97,71,84,98,79,115,93,104,96,94,106,81,25,39,42,94,40,76,44,44,55,58,57,71,77,57,109,36,46,60,124,27,14,20,23,40,24,22,24,20,25,9,,8,24,48,61,55,26,35,31,,19,45,34,26,73,68,22,32,34,84,26,88,32,20,6,8,12,15,,6,13,62,67,72,84,33,37,50,94,55,,85,,36,,17,42,40,,17,20,7,40,103,109,31,59,30,89,123,170,236,267,344,83,42,28,108,96,,,,48,,
20260407,15,PM10_24h,21,36,68,40,30,72,53,26,22,25,49,50,72,70,22,47,21,20,41,49,62,65,46,32,69,55,69,72,50,47,47,34,60,90,40,36,80,80,70,34,29,62,64,39,76,29,23,61,58,25,109,101,59,43,35,33,41,34,42,35,36,40,67,47,35,28,24,32,11,137,71,66,53,91,60,60,35,40,23,21,22,24,25,49,49,72,35,51,69,23,38,62,54,26,17,24,41,31,45,44,33,32,40,37,52,51,44,49,36,86,35,56,82,68,17,37,58,43,25,29,24,40,33,71,70,82,119,94,97,107,106,91,48,93,83,60,32,33,65,59,40,28,18,33,23,24,30,33,22,36,116,93,65,109,138,64,70,52,58,73,,,,,,,,,,,,,,,,,,,,,,,,,,,,,,77,67,44,102,49,85,90,54,69,64,36,21,64,28,,13,40,25,37,45,24,29,25,44,44,27,21,19,22,22,12,20,15,19,25,28,19,71,76,73,92,80,71,61,80,72,72,70,85,75,27,13,16,31,24,45,26,47,33,18,37,35,41,52,100,98,80,86,85,81,74,84,113,94,137,98,116,104,88,120,72,28,33,31,78,18,38,27,44,26,58,57,63,85,63,101,44,56,80,110,40,20,25,19,30,33,53,17,44,22,22,,8,24,50,42,28,33,49,14,,13,37,38,19,91,37,29,50,58,93,26,55,27,22,9,13,16,21,,11,10,70,51,77,98,69,66,61,90,97,,95,,60,,41,65,45,49,56,26,14,52,65,91,76,53,38,144,130,201,160,229,301,82,30,23,199,163,,,,60,,
20260407,15,SO2,3,7,2,5,6,6,3,4,4,3,5,4,4,11,7,7,6,6,6,6,8,6,5,8,10,6,6,7,7,9,7,6,5,7,6,5,8,6,6,5,5,4,6,4,7,5,2,8,10,6,7,11,5,4,5,5,4,5,6,4,5,8,4,7,8,5,5,4,4,11,7,9,10,8,4,6,10,7,7,4,7,10,3,9,8,15,8,9,10,6,5,4,8,6,3,8,6,6,5,5,7,6,6,5,5,3,5,5,3,7,18,12,10,6,6,14,8,8,8,7,7,6,6,10,8,8,14,4,12,13,10,15,7,11,8,9,10,4,6,13,4,6,6,9,7,5,2,5,6,5,12,11,3,9,12,13,42,11,6,9,,,,,,,,,,,,,,,,,,,,,,,,,,,,,,6,4,4,7,7,11,10,9,10,13,3,5,12,6,,5,10,5,6,7,7,4,4,6,8,2,5,6,4,9,5,4,5,7,5,6,8,6,8,7,7,8,3,10,7,4,6,6,6,6,3,4,4,4,5,4,6,5,6,4,8,7,9,5,10,10,7,8,7,8,5,5,10,10,11,11,9,6,7,8,6,7,6,9,6,12,4,6,3,5,7,7,7,10,8,13,7,5,10,10,10,7,7,4,9,8,4,6,8,3,6,,6,4,5,9,3,10,8,3,,4,7,8,8,7,12,5,5,4,11,3,7,7,7,7,9,9,3,,7,5,7,4,6,7,4,10,14,7,7,,4,,7,,5,9,9,11,11,,5,14,4,8,4,5,17,6,4,4,7,4,2,7,6,5,29,8,,,,8,,
20260407,15,SO2_24h,3,7,3,6,7,7,3,3,3,3,5,6,6,8,6,7,6,6,9,6,7,7,4,8,10,7,7,7,6,9,7,6,5,8,7,5,8,7,7,6,5,3,5,4,7,4,2,8,8,6,7,9,5,5,5,5,4,4,6,4,5,9,5,7,8,4,4,5,4,7,5,14,12,8,4,6,12,7,10,6,6,11,3,12,10,11,12,10,12,6,4,5,8,7,3,6,9,6,6,5,7,5,6,5,6,4,7,7,5,8,11,11,10,7,6,15,9,8,12,6,5,4,6,8,8,9,14,5,10,11,8,15,6,9,7,8,10,6,7,10,4,6,6,11,7,6,3,5,6,6,6,5,3,6,8,13,34,16,5,10,,,,,,,,,,,,,,,,,,,,,,,,,,,,,,6,3,4,7,9,10,11,8,9,16,5,5,11,9,,5,9,5,6,9,7,3,4,7,8,2,5,6,5,9,8,4,5,7,5,6,8,6,9,8,9,7,5,8,8,6,6,8,7,7,4,4,4,4,4,4,6,5,13,3,7,7,10,11,9,11,8,8,9,6,5,8,11,8,14,12,8,5,8,7,5,7,5,8,7,7,4,5,4,4,9,7,7,12,13,18,7,5,8,8,6,7,7,3,8,7,5,6,8,3,6,,6,4,7,12,3,10,12,3,,5,6,6,8,7,12,6,6,7,11,3,6,7,7,7,9,8,6,,8,6,7,13,8,8,26,12,13,7,9,,9,,8,,5,12,9,10,13,15,6,15,10,12,5,3,10,7,3,5,13,5,3,7,7,5,14,10,,,,8,,
20260407,15,NO2,7,14,10,7,6,8,8,9,4,6,12,10,5,15,6,9,12,6,12,13,19,19,10,15,12,9,17,16,14,6,7,10,8,10,15,14,11,10,13,14,9,12,13,16,13,12,11,7,19,11,14,17,19,16,10,5,11,5,7,9,7,13,8,14,14,9,13,7,5,17,8,8,12,8,22,21,18,8,13,6,11,9,10,11,9,18,9,15,12,11,11,9,9,11,6,10,12,10,9,12,5,4,10,3,23,8,6,8,7,14,17,12,12,11,6,14,9,9,10,8,8,7,6,14,17,18,21,8,20,14,13,15,35,19,14,10,12,11,5,12,3,5,8,8,10,5,4,11,6,4,16,14,9,25,15,7,13,9,3,3,,,,,,,,,,,,,,,,,,,,,,,,,,,,,,10,9,13,9,9,14,10,16,13,7,6,5,10,5,,5,5,7,7,3,8,5,6,9,9,2,7,6,2,5,4,3,3,5,10,7,4,11,9,10,7,9,5,14,9,7,11,6,20,17,6,8,8,3,16,8,13,13,8,10,16,13,3,8,13,12,17,13,12,12,7,7,8,13,19,9,14,7,4,14,19,16,11,12,7,10,10,8,11,13,8,8,8,11,10,9,18,6,7,7,13,9,9,12,15,7,15,10,9,5,4,,4,5,8,6,13,9,7,7,,7,6,6,9,8,7,4,5,7,10,7,15,15,7,4,1,4,4,,2,2,15,11,16,14,4,13,6,7,6,,10,,5,,4,3,1,3,2,1,5,4,6,6,6,9,9,6,5,6,1,4,2,6,4,4,10,2,,,,6,,
20260407,15,NO2_24h,7,18,16,11,12,17,14,6,8,5,18,19,15,18,10,16,12,10,18,17,19,20,10,20,20,15,19,17,15,11,14,12,16,14,21,28,18,14,16,22,16,24,25,17,21,20,15,16,26,15,18,29,13,23,14,6,18,6,13,11,14,14,9,10,19,17,9,12,6,42,28,20,24,24,16,19,22,21,13,13,17,19,13,20,16,23,15,27,18,18,19,19,20,15,13,13,19,10,13,9,17,8,12,4,27,19,16,14,15,20,11,15,22,16,9,18,18,15,13,10,9,12,11,17,16,28,25,15,25,15,23,19,27,29,24,13,14,9,10,13,7,14,8,14,12,7,18,15,8,10,40,21,31,20,40,14,20,23,4,27,,,,,,,,,,,,,,,,,,,,,,,,,,,,,,14,17,24,19,12,21,28,18,31,27,8,7,12,10,,12,6,8,12,13,10,10,7,10,9,6,9,8,7,6,6,7,9,10,8,14,6,22,18,17,16,10,10,16,19,15,17,15,26,16,14,10,9,6,24,16,10,16,12,9,13,15,5,18,17,19,25,23,21,18,15,13,25,15,28,27,17,14,19,17,24,15,10,11,7,7,10,8,15,10,20,13,12,19,15,13,15,6,8,13,22,13,10,12,18,9,30,8,15,7,4,,10,9,11,7,13,8,12,6,,5,8,12,9,16,8,8,8,13,17,8,19,11,8,8,2,4,9,,5,4,23,35,17,19,21,26,17,11,22,,15,,14,,19,9,2,3,13,2,12,5,26,21,19,17,16,13,11,30,13,35,13,25,7,7,12,6,,,,6,,
20260407,15,O3,88,91,103,89,92,115,99,103,94,96,100,105,107,138,110,103,91,88,87,111,122,114,114,97,127,120,117,119,133,111,110,107,111,121,115,104,120,130,120,112,111,131,144,82,124,117,107,123,123,108,117,146,44,80,50,48,90,68,69,81,70,78,130,128,57,83,53,109,123,112,114,136,139,113,46,38,122,132,98,99,111,96,95,111,103,132,103,119,137,91,110,145,149,101,94,98,45,55,82,66,91,52,83,62,52,138,110,86,111,141,126,137,167,99,106,95,102,91,100,90,91,87,89,123,125,145,121,108,133,120,133,125,28,108,125,74,46,57,106,54,67,83,77,103,49,70,93,67,66,112,114,121,119,63,131,131,111,139,114,105,,,,,,,,,,,,,,,,,,,,,,,,,,,,,,116,129,105,141,129,119,140,119,135,126,102,86,111,111,,98,126,102,103,99,105,97,90,85,78,86,96,82,87,87,90,85,91,90,93,93,89,129,133,125,141,153,127,133,131,123,133,117,143,136,119,70,68,88,108,139,55,114,140,72,78,99,129,136,101,101,131,126,140,127,140,125,133,114,93,144,110,135,147,137,114,28,35,50,55,36,57,48,65,53,100,94,113,126,95,152,52,51,90,163,84,59,66,76,88,70,64,75,71,57,91,,84,102,111,79,74,38,114,56,,39,124,115,98,147,141,107,128,126,163,98,126,77,99,117,121,118,127,,133,110,60,126,66,114,106,105,116,119,115,,118,,90,,92,144,129,112,110,132,128,126,118,115,107,126,126,102,106,107,113,105,105,119,88,93,110,94,,,,124,,
20260407,15,O3_24h,88,91,103,89,92,115,99,103,94,96,100,105,107,138,110,103,91,88,87,111,122,114,114,97,127,120,117,119,133,111,110,107,111,121,115,104,120,130,120,112,111,131,144,82,124,117,107,123,123,108,117,146,44,80,50,48,90,68,69,81,70,78,130,128,57,83,53,109,123,112,114,136,139,113,46,38,122,132,98,99,111,96,95,111,103,132,103,119,137,91,110,145,149,101,94,98,45,55,82,66,91,52,83,62,52,138,110,86,111,141,126,137,167,99,106,95,102,91,100,90,91,87,89,123,125,145,121,108,133,120,133,125,28,108,125,74,46,57,106,54,67,83,77,103,49,70,93,67,66,112,114,121,119,63,131,131,111,139,114,105,,,,,,,,,,,,,,,,,,,,,,,,,,,,,,116,129,105,141,129,119,140,119,135,126,102,86,111,111,,98,126,102,103,99,105,97,90,85,78,86,96,82,87,87,90,85,91,90,93,93,89,129,133,125,141,153,127,133,131,123,133,117,143,136,119,70,68,88,108,139,55,114,140,72,78,99,129,136,101,101,131,126,140,127,140,125,133,114,93,144,110,135,147,137,114,28,35,50,55,36,57,48,65,53,100,94,113,126,95,152,52,51,90,163,84,59,66,76,88,70,64,75,71,57,91,,84,102,111,79,74,38,114,56,,39,124,115,98,147,141,107,128,126,163,98,126,77,99,117,121,118,127,,133,110,60,126,66,114,106,105,116,119,115,,118,,90,,92,144,129,112,110,132,128,126,118,115,107,126,126,102,106,107,113,105,105,119,88,93,110,94,,,,124,,
20260407,15,O3_8h,80,77,88,77,82,89,86,89,74,84,83,86,87,97,76,77,82,77,69,99,107,99,100,87,95,99,97,98,107,97,84,94,89,111,105,91,110,109,101,105,104,100,104,83,103,94,60,94,96,89,91,99,44,39,39,42,44,57,49,61,47,40,92,102,42,57,56,103,113,63,77,82,91,81,37,33,80,88,81,85,88,83,72,89,89,96,87,92,109,83,89,111,109,91,86,87,46,47,63,60,47,32,55,54,20,73,59,52,92,96,88,113,112,84,90,76,75,75,89,75,78,77,71,109,112,108,92,81,86,97,92,96,14,79,76,49,29,68,57,44,62,48,75,81,49,65,65,66,61,104,71,83,80,41,72,86,84,89,95,70,,,,,,,,,,,,,,,,,,,,,,,,,,,,,,83,96,50,111,86,89,109,96,82,93,84,81,84,80,,76,118,86,79,75,87,80,77,77,76,71,87,79,79,83,79,73,79,79,87,86,79,101,106,104,115,114,103,108,97,97,106,92,110,113,95,64,64,61,78,91,44,84,98,63,76,68,93,98,79,87,85,83,109,97,100,97,86,86,62,90,95,104,95,86,77,20,48,64,44,37,75,56,45,35,46,82,93,78,60,103,45,46,58,106,58,53,66,69,60,63,61,52,64,62,54,,56,73,89,59,61,51,85,57,,50,89,85,94,111,100,89,117,112,105,87,75,59,90,86,116,106,116,,110,100,36,80,48,82,80,59,80,80,79,,102,,56,,65,100,103,92,95,99,110,129,83,87,94,83,91,86,69,72,88,56,80,64,56,108,82,72,,,,112,,
20260407,15,O3_8h_24h,80,77,88,77,82,89,86,89,74,85,83,86,87,97,76,77,82,77,69,99,107,99,99,87,95,99,97,98,107,97,84,94,89,111,101,91,110,110,101,105,98,100,104,83,103,94,60,94,96,89,91,99,44,41,39,42,44,57,49,61,47,40,92,102,41,57,48,102,113,63,77,82,91,81,35,31,80,88,81,85,88,83,72,89,89,96,87,92,109,83,89,111,109,91,86,87,46,47,63,59,47,32,55,54,20,73,59,52,92,96,88,113,112,84,90,76,75,75,89,75,78,77,71,109,112,108,92,81,86,97,92,96,14,79,76,49,29,60,57,44,62,48,68,81,47,62,65,66,61,104,71,83,80,39,72,86,84,89,90,70,,,,,,,,,,,,,,,,,,,,,,,,,,,,,,83,96,50,111,86,89,109,95,82,93,84,81,84,80,,76,118,86,79,75,87,83,77,73,72,71,87,79,79,83,83,73,79,79,87,86,79,101,106,104,115,114,103,108,97,97,106,92,110,113,95,64,64,61,78,91,44,84,98,63,76,68,93,98,79,87,85,83,109,97,100,97,86,86,60,90,95,104,95,86,77,20,35,40,44,35,61,50,45,35,46,82,93,78,60,103,44,45,58,106,58,51,64,61,60,63,61,52,60,58,54,,56,73,89,51,53,39,85,56,,40,89,85,94,111,100,89,117,112,105,87,75,59,90,86,116,106,116,,110,98,36,80,48,82,80,59,80,80,79,,102,,56,,65,100,103,92,95,99,110,128,83,87,94,83,91,82,69,72,88,56,80,64,56,80,80,72,,,,112,,
20260407,15,CO,0.27,0.39,0.28,0.37,0.25,0.32,0.27,0.30,0.30,0.30,0.20,0.30,0.28,0.72,0.26,0.44,0.34,0.28,0.24,0.34,0.60,0.46,0.43,0.41,0.38,0.35,0.43,0.41,0.50,0.38,0.28,0.38,0.32,0.39,0.29,0.20,0.24,0.37,0.35,0.17,0.25,0.47,0.30,0.40,0.57,0.32,0.47,0.62,0.47,0.40,0.50,1.10,0.76,0.68,0.46,0.47,0.40,0.30,0.33,0.60,0.55,0.53,0.74,0.57,0.50,0.36,0.53,0.38,0.23,0.68,0.40,0.50,0.38,0.29,0.48,0.73,0.47,0.32,0.55,0.38,0.23,0.35,0.57,0.20,0.36,0.73,0.28,0.43,0.46,0.28,0.37,0.47,0.48,0.46,0.23,0.37,0.73,0.57,0.60,0.67,0.55,0.30,0.50,0.50,0.65,0.70,0.73,0.60,0.15,0.30,0.47,0.53,0.73,0.42,0.34,0.94,0.47,0.44,0.38,0.53,0.50,0.37,0.25,0.32,0.37,0.82,0.59,0.33,0.80,0.57,0.53,0.53,0.55,0.57,1.08,1.05,0.55,0.73,0.72,0.89,0.45,0.40,0.57,0.68,0.67,0.43,0.40,0.20,0.42,0.35,0.63,0.85,0.35,0.57,0.70,0.40,1.15,0.46,0.36,0.30,,,,,,,,,,,,,,,,,,,,,,,,,,,,,,0.38,0.30,0.45,0.50,0.37,0.40,0.47,0.40,0.40,0.33,0.43,0.20,0.45,0.40,,0.25,0.50,0.25,0.40,0.35,0.43,0.30,0.30,0.45,0.60,0.20,0.10,0.37,0.17,0.27,0.30,0.28,0.30,0.37,0.35,0.25,0.35,0.25,0.32,0.30,0.33,0.50,0.35,0.35,0.34,0.13,0.35,0.13,0.57,0.30,0.57,0.53,0.50,0.55,0.35,0.67,0.77,0.60,0.70,0.70,1.05,0.75,0.75,0.50,0.54,0.57,0.65,0.53,0.46,0.63,0.37,0.40,0.63,0.67,0.66,0.67,0.50,0.60,0.47,0.80,0.70,0.50,0.95,0.95,0.90,0.55,0.67,0.40,0.60,0.60,0.60,0.60,0.70,0.87,0.67,0.95,0.70,0.80,1.15,0.90,0.57,0.40,0.40,0.42,0.50,0.55,0.20,0.40,0.60,0.40,0.30,,0.25,0.35,0.43,0.73,0.35,0.55,0.50,0.55,,0.75,0.40,0.30,0.45,0.60,0.45,0.50,0.20,0.25,0.55,0.40,1.00,0.30,0.45,0.20,0.15,0.30,0.50,,0.45,0.40,0.60,0.43,0.50,0.50,0.30,0.30,0.20,0.30,0.45,,0.35,,0.45,,0.35,0.50,0.40,0.30,0.30,0.30,0.30,0.30,0.30,0.20,0.35,0.35,0.60,0.20,0.20,0.40,0.10,0.25,0.30,0.50,0.40,0.20,0.55,0.30,,,,0.55,,
20260407,15,CO_24h,0.26,0.44,0.38,0.43,0.30,0.43,0.26,0.30,0.25,0.23,0.30,0.33,0.40,0.50,0.36,0.45,0.37,0.39,0.38,0.48,0.60,0.67,0.45,0.46,0.44,0.50,0.80,0.69,0.52,0.57,0.35,0.44,0.35,0.65,0.50,0.53,0.47,0.72,0.55,0.50,0.45,0.70,0.50,0.55,0.58,0.63,0.35,0.73,0.51,0.40,0.52,0.83,0.67,0.65,0.50,0.47,0.50,0.25,0.33,0.57,0.57,0.53,0.64,0.52,0.58,0.46,0.43,0.46,0.23,0.62,0.50,0.70,0.54,0.42,0.50,0.72,0.51,0.34,0.44,0.47,0.27,0.38,0.53,0.49,0.44,0.60,0.26,0.48,0.58,0.32,0.33,0.50,0.52,0.48,0.23,0.38,0.90,0.57,0.63,0.67,0.80,0.35,0.45,0.53,0.70,0.90,0.80,0.55,0.43,0.80,0.50,0.55,0.67,0.50,0.34,0.98,0.57,0.46,0.40,0.60,0.34,0.43,0.25,0.60,0.50,0.80,0.58,0.35,0.62,0.60,0.57,0.53,0.53,0.77,0.90,1.05,0.60,0.73,0.72,0.96,0.50,0.50,0.60,0.78,0.70,0.43,0.53,0.25,0.53,0.45,0.57,0.55,0.55,0.52,0.65,0.50,0.77,0.58,0.36,0.40,,,,,,,,,,,,,,,,,,,,,,,,,,,,,,0.40,0.40,0.75,0.57,0.37,0.40,0.65,0.43,0.40,0.40,0.47,0.20,0.45,0.40,,0.25,0.50,0.28,0.40,0.35,0.43,0.33,0.30,0.45,0.60,0.30,0.25,0.30,0.20,0.30,0.33,0.33,0.30,0.43,0.30,0.30,0.40,0.37,0.42,0.40,0.55,0.50,0.55,0.40,0.46,0.23,0.45,0.23,0.77,0.43,0.73,0.73,0.55,0.70,0.70,0.70,0.63,0.68,0.60,0.80,0.95,0.73,0.88,0.80,0.62,0.63,0.55,0.45,0.48,0.53,0.40,0.40,0.88,0.63,0.70,0.90,0.60,0.70,0.53,1.10,0.73,0.55,0.88,0.80,0.80,0.55,0.60,0.40,0.70,0.50,0.35,0.60,0.65,0.93,0.77,1.10,0.77,0.80,1.05,1.00,0.67,0.45,0.43,0.47,0.50,0.63,0.47,0.30,0.70,0.45,0.40,,0.20,0.40,0.53,0.63,0.35,0.50,0.55,0.55,,0.70,0.35,0.40,0.45,0.75,0.45,0.50,0.40,0.40,0.65,0.40,0.65,0.25,0.35,0.25,0.20,0.30,0.60,,0.45,0.50,0.63,0.57,0.50,0.55,0.70,0.40,0.40,0.35,0.60,,0.40,,0.50,,0.40,0.60,0.40,0.30,0.30,0.40,0.40,0.40,0.47,0.75,0.40,0.35,0.15,0.20,0.20,0.65,0.15,0.60,0.35,0.60,0.20,0.10,0.35,0.45,,,,0.60,,
20260407,16,AQI,38,32,50,38,29,38,44,39,30,44,34,37,37,67,36,32,29,28,28,34,50,35,35,31,52,40,44,37,42,35,34,34,40,37,36,31,38,42,37,34,34,40,44,35,54,47,35,47,64,34,80,89,71,49,29,30,49,41,38,34,38,46,73,47,30,26,41,34,39,94,36,41,81,77,49,39,45,43,31,31,34,30,43,37,43,68,33,55,59,29,44,60,58,31,29,32,14,39,40,50,51,35,69,36,56,60,55,40,37,69,58,58,75,50,33,44,33,33,42,27,43,28,28,43,49,69,89,65,90,71,76,91,64,69,83,64,43,20,53,46,42,27,23,32,16,23,30,21,24,35,86,77,60,83,104,101,58,63,48,123,,,,,,,,,,,,,,,,,,,,,,,,,,,,,,66,64,33,72,54,65,85,56,59,62,36,27,64,38,,32,60,32,33,31,33,21,28,27,24,27,29,26,26,28,47,27,29,28,50,28,28,52,49,56,54,59,52,52,56,47,47,55,45,53,41,22,22,43,43,65,56,53,54,20,52,54,43,62,62,60,71,67,58,76,65,60,73,68,81,78,77,72,81,79,63,28,31,40,84,49,71,46,47,53,59,54,59,80,60,124,42,53,55,91,26,19,19,29,43,25,22,24,21,17,29,,27,32,48,70,52,28,39,30,,19,53,42,30,64,61,34,43,39,105,31,99,49,30,38,38,38,39,,42,34,59,59,66,71,32,33,50,74,53,,72,,35,,29,47,40,35,35,39,40,71,92,86,32,56,37,65,82,145,140,172,204,62,36,29,82,68,,,,53,,
20260407,16,PM2.5,11,12,15,9,6,10,10,11,3,17,12,10,16,27,7,13,12,6,6,8,5,6,3,5,16,5,3,5,10,5,8,7,15,4,3,7,6,10,3,3,3,10,20,12,11,13,23,20,27,5,52,61,52,28,15,14,30,21,14,18,19,29,53,29,17,13,17,12,3,51,22,24,31,19,31,26,20,11,13,10,15,10,23,10,13,39,6,24,20,3,12,22,28,3,3,3,7,17,24,21,26,13,50,17,39,22,29,24,9,36,27,20,44,12,10,25,14,19,16,10,5,15,8,10,9,43,46,26,67,37,40,43,36,38,61,40,23,11,33,25,23,7,14,13,8,5,5,11,11,6,49,47,18,39,52,76,17,22,9,68,,,,,,,,,,,,,,,,,,,,,,,,,,,,,,31,,14,24,21,19,28,25,18,17,14,3,21,7,,3,11,7,18,11,9,9,,9,14,5,7,14,10,7,8,9,9,4,21,3,8,8,13,13,9,22,11,15,13,10,11,15,16,14,17,8,9,22,17,47,40,32,38,12,35,38,27,29,24,24,37,36,26,44,26,20,38,23,38,57,33,33,60,49,27,18,18,28,62,34,52,31,33,35,42,34,38,59,43,94,19,32,36,68,10,7,12,12,11,13,3,14,12,12,3,,3,11,32,51,22,13,22,17,,13,37,15,14,46,44,11,30,21,79,20,74,34,12,3,3,5,10,,3,6,30,24,32,28,11,7,35,23,18,,24,,3,,3,22,6,,3,,3,21,27,17,8,17,6,14,32,88,81,98,98,13,3,3,29,17,,,,37,,
20260407,16,PM2.5_24h,5,12,18,14,6,26,12,11,5,9,17,14,24,23,9,11,8,20,31,23,19,28,13,7,27,18,24,25,21,15,17,12,22,38,17,21,39,37,30,19,15,32,38,22,23,20,16,38,20,5,39,52,44,23,17,14,25,20,19,17,19,23,48,32,21,18,12,18,6,41,28,33,22,22,43,41,19,12,7,10,11,10,16,16,14,23,7,21,23,6,11,22,27,3,5,2,28,15,26,21,23,13,27,18,31,25,22,26,21,37,13,21,30,19,7,18,14,12,13,25,12,33,18,32,27,43,37,29,37,32,37,29,27,49,49,43,26,13,39,41,22,13,13,17,13,8,18,20,9,18,38,33,20,32,45,25,23,17,11,21,,,,,,,,,,,,,,,,,,,,,,,,,,,,,,30,22,33,27,17,24,28,22,14,12,12,10,28,10,,4,10,5,12,13,7,23,13,15,14,23,15,12,20,6,8,10,11,14,11,26,9,24,23,26,35,36,34,27,27,29,30,27,38,44,14,8,11,21,16,31,21,30,27,9,23,25,26,34,33,28,29,36,32,25,30,26,55,24,40,50,36,33,54,55,25,18,25,28,59,14,23,21,33,20,41,33,36,66,43,79,28,36,54,76,18,10,13,9,8,22,24,10,29,14,6,,2,11,35,33,16,17,43,9,,9,23,19,10,53,31,17,38,40,72,19,41,20,12,4,4,4,15,,4,4,36,21,32,34,24,24,34,24,33,,30,,21,,15,28,20,24,21,11,5,19,22,27,22,17,12,25,26,77,53,84,90,24,9,3,30,26,,,,40,,
20260407,16,PM10,38,32,50,38,28,38,44,39,7,44,32,37,37,84,22,30,26,11,21,25,50,26,34,28,54,40,44,33,42,28,32,30,40,22,29,23,23,35,21,13,22,36,43,35,58,47,35,47,77,23,110,127,71,49,29,30,49,41,38,34,38,46,82,47,30,23,41,23,8,137,36,30,112,103,49,39,45,42,27,21,29,25,43,37,43,86,33,59,68,21,44,70,66,19,15,21,14,39,40,50,52,35,48,36,62,70,60,40,21,88,66,65,99,50,22,44,20,33,42,17,43,22,24,43,49,88,127,79,118,91,101,132,78,87,107,77,43,20,55,46,42,16,21,24,15,15,22,17,24,23,121,103,69,116,157,149,66,76,48,196,,,,,,,,,,,,,,,,,,,,,,,,,,,,,,82,78,28,94,58,79,120,62,68,74,36,27,78,22,,6,69,19,29,28,24,20,,19,23,20,17,19,15,20,47,14,10,9,50,6,22,54,49,61,57,68,53,53,61,47,47,59,45,55,41,15,17,43,43,63,49,56,58,19,54,51,43,73,74,70,91,84,66,101,79,70,96,86,111,95,104,93,96,108,76,28,31,37,95,39,80,46,45,55,63,57,67,79,56,108,42,56,59,109,20,18,16,25,43,25,22,23,20,14,10,,7,25,48,60,53,28,32,30,,19,53,42,26,74,61,23,37,29,88,29,111,44,21,7,11,11,12,,7,13,67,67,82,91,25,33,42,98,56,,93,,35,,16,40,36,17,19,,11,92,134,121,32,61,17,79,114,239,230,293,353,73,36,24,113,85,,,,55,,
20260407,16,PM10_24h,22,36,67,40,30,70,53,27,21,25,48,49,71,72,22,47,21,19,41,46,61,60,43,31,68,54,65,68,49,45,45,33,59,88,40,36,78,78,67,34,29,62,63,40,74,29,23,61,59,25,109,101,61,43,35,33,41,34,42,35,36,40,67,47,35,28,25,32,11,137,70,66,56,94,60,60,36,39,23,22,22,25,25,48,49,72,35,52,69,23,39,63,56,25,17,24,40,32,44,44,34,31,40,37,52,52,44,48,35,87,37,58,85,68,17,39,54,44,26,29,25,39,31,69,67,84,119,93,98,107,106,94,49,93,85,62,33,30,65,58,40,28,18,33,22,23,30,32,21,36,116,93,67,108,139,69,71,53,58,79,,,,,,,,,,,,,,,,,,,,,,,,,,,,,,77,67,44,104,49,86,92,55,70,66,36,21,65,28,,13,42,24,38,39,24,27,25,45,43,27,20,19,21,22,12,19,14,17,26,27,19,70,74,73,90,80,71,60,79,72,70,70,84,73,27,13,16,32,25,46,28,48,35,17,38,36,42,53,98,96,80,85,84,81,75,83,113,91,135,99,116,102,89,119,70,28,33,32,81,18,41,29,45,27,58,57,63,85,62,100,44,54,79,110,38,20,25,19,30,33,49,18,43,21,22,,8,24,50,44,28,32,49,15,,12,37,38,19,90,38,29,50,57,93,27,56,28,22,9,13,16,20,,11,10,69,52,77,98,67,66,61,93,96,,96,,58,,39,64,45,47,54,25,14,52,68,93,75,53,37,147,132,206,166,236,303,83,29,23,201,164,,,,60,,
20260407,16,SO2,3,7,3,6,6,6,3,4,4,4,5,5,4,10,7,7,5,6,6,6,7,6,5,9,9,6,6,6,8,9,7,7,5,7,6,5,8,6,7,4,5,4,6,4,8,5,2,8,10,6,7,11,5,4,5,5,3,5,6,4,4,8,4,7,8,4,5,4,4,11,7,8,9,8,4,6,11,7,7,4,7,9,4,9,8,13,8,9,9,5,6,4,8,6,3,8,7,6,5,5,7,5,7,4,5,2,5,5,3,6,14,13,10,5,6,15,8,8,8,6,7,3,6,8,7,8,13,5,11,12,9,16,7,14,9,10,10,4,6,11,3,6,6,11,7,6,2,5,5,4,12,10,2,9,12,6,28,9,5,9,,,,,,,,,,,,,,,,,,,,,,,,,,,,,,6,3,4,7,6,11,11,9,11,12,3,6,12,4,,5,10,5,6,7,9,3,4,8,7,2,5,6,4,9,6,4,5,7,5,5,8,5,8,7,7,7,4,9,8,4,6,6,6,6,3,4,4,4,5,4,6,4,6,4,7,8,9,5,9,10,7,7,7,8,5,5,10,10,11,11,8,6,7,8,5,7,6,9,7,14,3,5,3,5,7,7,7,9,7,14,7,5,11,10,5,7,7,4,7,7,4,6,8,2,5,,5,4,6,8,3,9,8,3,,5,7,7,8,7,12,5,5,4,11,3,8,8,7,6,8,8,4,,7,5,7,4,6,6,5,9,14,5,7,,4,,7,,5,10,9,10,10,100,5,12,5,8,4,4,11,6,3,6,7,4,3,7,6,5,25,8,,,,7,,
20260407,16,SO2_24h,3,7,3,6,7,7,3,3,3,3,5,6,6,8,7,7,6,6,9,6,7,7,4,8,10,7,7,7,6,9,7,6,5,8,7,5,8,7,7,5,5,3,5,4,7,4,2,8,9,6,8,9,5,5,5,5,4,4,6,4,5,9,5,7,8,4,4,5,4,7,5,14,13,9,4,6,12,7,10,6,6,11,3,12,10,11,12,10,12,6,4,5,9,7,3,6,8,6,6,5,7,5,6,5,6,4,7,7,5,8,12,11,10,7,6,15,9,8,12,6,5,4,6,8,8,9,14,5,10,11,8,15,6,9,7,8,10,5,7,10,4,6,6,11,8,6,3,5,6,6,7,5,3,6,8,13,35,16,5,10,,,,,,,,,,,,,,,,,,,,,,,,,,,,,,6,3,4,7,9,11,11,9,9,16,5,6,11,9,,5,9,5,6,9,7,3,4,7,8,2,5,6,5,9,7,4,5,7,5,6,8,6,9,8,9,7,5,8,8,6,6,8,7,7,4,4,4,4,4,4,6,5,11,3,7,7,10,10,9,11,8,8,9,6,5,8,11,8,14,12,8,5,8,7,5,7,5,8,7,7,4,5,4,4,8,7,7,12,13,18,8,5,8,8,5,7,7,3,8,7,5,6,8,3,6,,6,4,6,13,3,10,12,3,,4,6,6,8,7,12,6,6,7,11,3,6,7,7,7,9,8,6,,8,6,7,13,7,8,26,12,13,7,9,,9,,8,,4,12,9,10,13,19,6,15,9,12,5,3,10,7,3,5,13,5,3,7,7,5,14,10,,,,8,,
20260407,16,NO2,8,14,11,8,6,8,8,9,4,8,13,12,5,15,5,10,11,6,13,16,18,21,10,15,12,10,18,18,19,8,8,11,10,11,18,19,13,13,14,13,11,12,14,10,16,13,12,9,21,12,15,20,19,18,9,6,14,5,8,10,7,13,8,11,16,7,15,7,5,18,9,6,12,8,23,20,17,8,13,7,12,9,10,12,11,17,10,16,12,12,12,9,10,13,5,11,12,10,10,12,5,5,9,3,22,10,7,8,6,13,16,13,13,12,7,16,9,10,12,9,8,7,7,15,17,18,22,8,21,15,12,16,37,24,15,11,15,10,5,12,5,5,8,9,10,5,5,9,6,5,17,14,9,26,15,6,11,8,3,3,,,,,,,,,,,,,,,,,,,,,,,,,,,,,,10,8,17,9,8,14,11,16,13,7,7,6,11,4,,5,6,7,8,3,9,4,5,9,10,2,8,6,4,6,4,3,5,6,8,7,4,13,11,10,7,9,6,15,10,8,11,6,22,18,8,6,9,3,14,9,15,13,9,10,16,14,5,8,12,12,20,10,12,12,6,6,7,14,18,12,15,7,8,22,15,20,11,10,7,11,10,8,12,11,9,10,9,11,11,9,17,6,8,8,13,8,11,12,17,7,14,10,8,3,4,,4,4,9,5,10,9,7,6,,7,7,6,10,9,6,4,5,8,9,8,15,28,6,4,2,4,5,,2,2,15,7,26,15,6,12,6,6,7,,11,,5,,4,4,1,6,3,1,3,2,6,6,7,8,4,5,6,8,2,3,2,6,4,5,10,3,,,,6,,
20260407,16,NO2_24h,7,18,16,11,12,17,14,6,8,5,18,19,15,18,10,16,12,10,18,17,20,19,10,20,20,15,19,18,15,11,14,12,16,14,21,28,18,14,16,21,15,24,24,17,21,19,15,16,26,15,18,28,13,23,14,6,18,6,13,11,14,14,9,10,19,17,9,12,6,42,27,19,24,24,17,19,23,20,13,13,17,19,14,20,16,24,15,27,18,19,19,19,20,15,13,13,19,10,13,9,17,8,12,4,27,19,16,14,15,20,12,16,22,16,9,18,18,15,13,10,9,12,10,16,16,27,26,16,25,15,23,19,28,29,24,14,14,9,10,13,7,14,8,14,12,7,17,15,8,10,40,21,31,21,40,14,20,23,4,27,,,,,,,,,,,,,,,,,,,,,,,,,,,,,,14,17,24,20,12,21,28,18,32,28,8,7,12,10,,12,6,8,12,13,10,10,7,10,9,6,9,8,7,6,6,6,9,10,8,14,6,22,18,17,16,10,10,16,19,15,17,15,26,16,13,9,9,6,24,16,11,15,12,9,13,15,5,19,18,19,25,23,21,18,15,13,25,15,28,26,17,13,19,17,24,15,10,11,7,8,10,8,14,10,20,13,12,19,15,13,16,6,9,13,21,13,10,12,18,9,29,8,15,7,4,,9,9,11,7,13,8,12,6,,5,8,12,9,16,8,8,8,13,17,8,19,12,8,8,2,4,9,,5,4,23,36,18,19,21,26,17,11,22,,15,,14,,19,9,2,3,13,2,12,5,26,21,19,17,16,13,11,30,13,35,13,25,7,7,12,6,,,,6,,
20260407,16,O3,90,92,106,86,92,122,103,107,96,100,108,110,117,147,115,103,93,90,89,108,127,113,113,100,125,123,115,119,125,112,110,108,114,117,115,98,121,135,118,110,110,129,142,84,121,119,107,121,127,108,124,143,48,75,49,49,83,65,64,73,70,87,134,120,58,83,51,109,124,119,116,130,142,114,48,42,127,138,98,100,109,96,102,112,109,140,102,123,138,92,112,147,153,98,94,101,42,52,78,64,94,53,88,61,65,83,79,87,117,144,132,140,177,102,107,96,104,94,101,87,88,88,89,123,119,152,122,117,140,118,137,129,32,101,127,73,36,56,114,55,67,87,72,102,51,73,95,66,63,113,117,129,120,80,133,134,115,145,117,104,,,,,,,,,,,,,,,,,,,,,,,,,,,,,,123,130,104,143,133,125,142,121,139,133,104,84,120,121,,103,132,103,107,100,107,68,91,86,78,87,94,83,84,88,88,87,92,90,89,90,90,126,134,125,143,150,125,133,136,121,136,114,138,137,118,69,70,90,116,143,63,108,134,65,71,100,130,138,110,107,146,135,139,128,138,128,130,118,85,143,114,134,145,137,114,24,34,50,62,32,58,48,64,62,105,94,112,125,96,154,57,54,92,168,82,62,62,92,89,68,67,78,68,54,94,,85,103,117,91,73,40,124,56,,40,119,107,95,150,142,109,130,125,161,98,126,67,97,121,120,121,125,,134,108,65,135,57,109,103,105,118,124,114,,123,,87,,93,150,128,111,112,125,127,126,117,110,103,132,118,105,112,106,112,107,106,123,95,92,128,98,,,,123,,
20260407,16,O3_24h,90,92,106,86,92,122,103,107,96,100,108,110,117,147,115,103,93,90,89,108,127,113,113,100,125,123,115,119,125,112,110,108,114,117,115,98,121,135,118,110,110,129,142,84,121,119,107,121,127,108,124,143,48,75,49,49,83,65,64,73,70,87,134,120,58,83,51,109,124,119,116,130,142,114,48,42,127,138,98,100,109,96,102,112,109,140,102,123,138,92,112,147,153,98,94,101,42,52,78,64,94,53,88,61,65,83,79,87,117,144,132,140,177,102,107,96,104,94,101,87,88,88,89,123,119,152,122,117,140,118,137,129,32,101,127,73,36,56,114,55,67,87,72,102,51,73,95,66,63,113,117,129,120,80,133,134,115,145,117,104,,,,,,,,,,,,,,,,,,,,,,,,,,,,,,123,130,104,143,133,125,142,121,139,133,104,84,120,121,,103,132,103,107,100,107,68,91,86,78,87,94,83,84,88,88,87,92,90,89,90,90,126,134,125,143,150,125,133,136,121,136,114,138,137,118,69,70,90,116,143,63,108,134,65,71,100,130,138,110,107,146,135,139,128,138,128,130,118,85,143,114,134,145,137,114,24,34,50,62,32,58,48,64,62,105,94,112,125,96,154,57,54,92,168,82,62,62,92,89,68,67,78,68,54,94,,85,103,117,91,73,40,124,56,,40,119,107,95,150,142,109,130,125,161,98,126,67,97,121,120,121,125,,134,108,65,135,57,109,103,105,118,124,114,,123,,87,,93,150,128,111,112,125,127,126,117,110,103,132,118,105,112,106,112,107,106,123,95,92,128,98,,,,123,,
20260407,16,O3_8h,83,82,92,81,86,96,90,95,82,87,89,92,94,106,86,84,84,81,74,102,114,103,103,90,104,106,102,105,113,102,91,99,96,115,106,98,113,113,106,108,105,108,113,86,111,101,71,102,104,94,96,112,46,47,43,44,53,61,56,67,54,49,101,107,45,64,56,106,115,77,89,96,104,88,39,35,93,100,86,90,95,87,84,97,94,105,90,99,118,86,96,122,121,94,89,90,47,50,68,61,59,36,65,56,28,83,69,63,99,109,99,119,127,88,95,83,84,82,93,78,83,80,76,116,117,118,102,90,97,102,104,106,17,88,89,56,33,68,70,47,67,57,75,88,49,65,71,66,62,108,86,93,95,45,87,97,93,102,98,76,,,,,,,,,,,,,,,,,,,,,,,,,,,,,,96,106,62,119,97,98,122,102,99,100,89,83,90,88,,84,122,91,87,83,92,88,81,77,76,75,90,81,80,85,80,77,84,82,89,90,84,109,114,109,124,123,111,116,107,104,117,100,121,121,101,67,66,67,88,107,49,93,110,65,79,76,103,111,85,90,99,94,117,106,110,103,100,96,67,105,102,113,110,105,89,21,48,64,49,37,75,55,50,40,59,87,98,90,68,117,47,46,64,120,67,55,66,69,66,64,64,60,65,62,63,,63,80,95,59,61,51,95,57,,50,96,92,96,123,111,96,122,120,118,90,87,61,94,95,117,110,118,,115,100,41,95,51,92,90,67,93,92,91,,108,,64,,75,113,111,98,104,106,117,129,93,96,101,92,99,86,77,79,93,66,84,75,63,108,87,76,,,,114,,
20260407,16,O3_8h_24h,83,82,92,81,86,96,90,95,82,89,89,92,94,106,86,84,84,81,74,102,114,103,103,90,104,106,102,105,113,102,91,99,96,115,104,98,113,115,106,108,101,108,113,86,111,101,71,102,104,94,98,112,46,49,43,44,53,61,56,67,54,49,101,107,45,64,49,106,115,77,89,96,104,88,39,34,93,100,86,90,95,87,84,97,94,105,90,99,118,86,96,122,121,94,89,90,46,50,68,61,59,36,65,56,28,83,69,63,99,109,99,119,127,88,95,83,84,82,93,78,83,80,76,116,117,118,102,90,97,102,104,106,17,88,89,56,33,59,70,47,67,57,69,88,47,63,71,66,62,108,86,93,95,47,87,97,93,102,96,76,,,,,,,,,,,,,,,,,,,,,,,,,,,,,,96,106,62,119,97,98,122,103,99,100,89,83,90,88,,84,122,91,87,83,92,88,81,76,73,75,90,81,80,85,86,77,84,82,89,90,84,109,114,109,124,123,111,116,107,104,117,100,121,121,101,67,66,67,88,107,49,93,110,65,79,76,103,111,85,90,99,94,117,106,110,103,100,96,67,105,102,113,110,105,89,21,35,42,49,34,60,51,50,40,59,87,98,90,68,117,46,46,64,120,67,53,64,65,66,64,64,60,62,58,63,,63,80,95,56,57,38,95,56,,40,96,92,96,123,111,96,122,120,118,90,87,61,94,95,117,110,118,,115,100,41,95,51,92,90,67,93,92,91,,108,,64,,75,113,111,98,104,106,117,128,93,96,101,92,99,85,77,79,93,66,84,75,63,79,87,76,,,,114,,
20260407,16,CO,0.27,0.39,0.30,0.40,0.20,0.32,0.27,0.30,0.30,0.30,0.20,0.30,0.28,0.67,0.24,0.41,0.34,0.25,0.23,0.35,0.53,0.44,0.45,0.41,0.38,0.38,0.43,0.40,0.58,0.38,0.25,0.40,0.32,0.37,0.29,0.17,0.24,0.38,0.30,0.13,0.25,0.47,0.30,0.40,0.58,0.32,0.42,0.60,0.48,0.40,0.50,1.12,0.73,0.67,0.46,0.43,0.47,0.20,0.33,0.53,0.55,0.57,0.73,0.57,0.50,0.36,0.53,0.37,0.18,0.70,0.40,0.50,0.38,0.30,0.48,0.75,0.46,0.32,0.56,0.38,0.23,0.40,0.57,0.20,0.36,0.70,0.22,0.43,0.46,0.28,0.38,0.47,0.48,0.46,0.23,0.37,0.77,0.57,0.60,0.63,0.55,0.30,0.45,0.50,0.65,0.60,0.67,0.60,0.25,0.20,0.46,0.50,0.80,0.44,0.34,1.12,0.47,0.44,0.36,0.52,0.46,0.33,0.26,0.32,0.30,0.82,0.59,0.28,0.82,0.53,0.55,0.53,0.58,0.60,1.10,1.02,0.55,0.73,0.68,0.90,0.45,0.40,0.60,0.77,0.67,0.45,0.40,0.20,0.42,0.33,0.67,0.80,0.35,0.58,0.70,0.40,1.05,0.46,0.38,0.30,,,,,,,,,,,,,,,,,,,,,,,,,,,,,,0.43,0.30,0.50,0.47,0.37,0.50,0.47,0.35,0.43,0.33,0.43,0.20,0.45,0.30,,0.25,0.50,0.25,0.40,0.35,0.50,0.37,0.30,0.40,0.60,0.20,0.10,0.33,0.17,0.27,0.43,0.28,0.25,0.50,0.35,0.25,0.35,0.25,0.32,0.25,0.33,0.42,0.40,0.30,0.38,0.13,0.35,0.17,0.50,0.27,0.57,0.50,0.50,0.50,0.35,0.63,1.07,0.55,0.60,0.70,1.05,0.85,0.82,0.55,0.54,0.58,0.65,0.40,0.46,0.63,0.33,0.37,0.58,0.73,0.68,0.70,0.50,0.50,0.47,0.90,0.73,0.55,0.95,0.90,0.90,0.55,0.70,0.40,0.55,0.50,0.60,0.60,0.70,0.93,0.67,0.95,0.70,0.80,1.15,1.00,0.50,0.40,0.40,0.40,0.45,0.55,0.20,0.35,0.60,0.40,0.30,,0.25,0.30,0.43,0.73,0.35,0.55,0.40,0.55,,0.70,0.40,0.20,0.45,0.60,0.40,0.50,0.30,0.25,0.55,0.40,0.85,0.40,0.45,0.20,0.20,0.30,0.50,,0.45,0.40,0.57,0.40,0.50,0.50,0.30,0.30,0.20,0.25,0.50,,0.35,,0.40,,0.35,0.50,0.40,0.30,0.40,,0.30,0.30,0.30,0.25,0.35,0.35,0.30,0.20,0.15,0.40,0.10,0.25,0.30,0.45,0.30,0.20,0.65,0.30,,,,0.55,,
20260407,16,CO_24h,0.26,0.45,0.38,0.44,0.30,0.43,0.26,0.30,0.25,0.23,0.33,0.33,0.38,0.52,0.36,0.45,0.37,0.39,0.37,0.47,0.61,0.66,0.45,0.46,0.44,0.50,0.77,0.67,0.52,0.57,0.35,0.44,0.35,0.64,0.49,0.53,0.47,0.68,0.55,0.47,0.40,0.70,0.50,0.55,0.58,0.60,0.35,0.73,0.52,0.40,0.52,0.83,0.69,0.66,0.50,0.47,0.50,0.25,0.33,0.60,0.57,0.53,0.64,0.52,0.58,0.46,0.43,0.46,0.23,0.64,0.50,0.75,0.54,0.41,0.50,0.72,0.51,0.34,0.44,0.47,0.27,0.38,0.53,0.49,0.44,0.60,0.26,0.48,0.56,0.32,0.33,0.50,0.52,0.48,0.23,0.38,0.90,0.57,0.63,0.67,0.80,0.35,0.45,0.53,0.65,0.90,0.80,0.55,0.43,0.70,0.50,0.57,0.73,0.50,0.34,0.98,0.57,0.48,0.40,0.60,0.36,0.43,0.23,0.58,0.50,0.80,0.59,0.35,0.62,0.60,0.57,0.53,0.53,0.77,0.93,1.05,0.60,0.73,0.75,0.94,0.50,0.50,0.57,0.78,0.70,0.43,0.50,0.25,0.53,0.45,0.57,0.55,0.55,0.52,0.65,0.50,0.80,0.58,0.36,0.40,,,,,,,,,,,,,,,,,,,,,,,,,,,,,,0.43,0.40,0.75,0.57,0.37,0.40,0.65,0.43,0.43,0.40,0.47,0.20,0.45,0.42,,0.25,0.50,0.28,0.40,0.35,0.43,0.37,0.30,0.45,0.60,0.30,0.20,0.30,0.20,0.30,0.30,0.30,0.30,0.43,0.30,0.30,0.40,0.37,0.42,0.40,0.55,0.50,0.55,0.40,0.46,0.23,0.45,0.23,0.77,0.43,0.70,0.73,0.55,0.70,0.70,0.70,0.70,0.68,0.60,0.80,0.95,0.75,0.88,0.75,0.62,0.63,0.55,0.45,0.48,0.53,0.40,0.40,0.88,0.63,0.70,0.87,0.60,0.70,0.53,1.10,0.73,0.55,0.90,0.80,0.80,0.55,0.60,0.40,0.70,0.50,0.35,0.60,0.65,0.93,0.77,1.10,0.77,0.80,1.05,1.00,0.67,0.45,0.43,0.45,0.50,0.63,0.43,0.30,0.70,0.40,0.40,,0.20,0.40,0.53,0.63,0.35,0.50,0.55,0.55,,0.70,0.35,0.40,0.45,0.75,0.45,0.50,0.40,0.40,0.65,0.40,0.70,0.30,0.35,0.25,0.20,0.30,0.60,,0.45,0.50,0.67,0.57,0.50,0.55,0.70,0.40,0.40,0.35,0.60,,0.40,,0.50,,0.40,0.60,0.40,0.30,0.30,0.40,0.40,0.40,0.47,0.75,0.40,0.40,0.15,0.20,0.20,0.65,0.15,0.60,0.35,0.60,0.20,0.10,0.35,0.45,,,,0.60,,
20260407,17,AQI,40,33,49,46,32,49,47,42,30,53,35,40,39,67,37,32,28,28,28,32,50,34,38,30,52,43,47,37,44,35,35,34,38,35,35,29,37,40,36,33,35,41,44,33,55,50,37,42,65,33,76,88,71,44,30,31,52,43,42,31,36,50,74,45,30,26,41,35,39,98,44,59,98,74,57,41,45,49,31,31,34,31,51,38,44,68,32,55,56,28,48,61,60,30,29,31,17,41,43,49,44,35,70,36,57,26,44,42,38,67,57,61,85,49,33,43,32,34,46,27,52,30,27,48,48,73,85,71,91,76,72,89,64,70,84,65,40,23,54,49,47,25,24,31,15,22,29,23,28,37,90,79,62,87,99,114,58,66,59,155,,,,,,,,,,,,,,,,,,,,,,,,,,,,,,66,52,36,68,54,65,88,61,71,63,38,29,64,39,,34,68,32,34,32,33,29,28,26,27,28,29,25,27,28,27,28,28,27,44,28,28,51,52,51,54,57,46,51,55,48,53,54,45,56,47,20,24,33,50,63,51,53,58,18,54,54,44,63,59,60,74,62,58,74,63,59,71,69,78,73,77,70,84,87,63,29,26,41,81,51,65,51,47,53,64,59,60,91,59,130,37,55,61,91,29,19,18,31,39,25,29,26,21,18,30,,26,33,53,66,54,34,40,40,,26,49,42,31,71,63,36,42,41,115,44,96,46,30,38,38,40,39,,42,34,56,59,70,78,45,33,45,72,51,,75,,35,,28,52,40,35,35,111,40,41,100,69,32,59,38,62,76,220,136,170,178,59,31,29,85,62,,,,53,,
20260407,17,PM2.5,13,13,16,11,10,23,13,20,3,19,18,15,17,29,10,13,12,7,10,8,6,6,3,6,18,6,3,5,10,6,7,6,15,4,3,7,6,8,3,3,3,12,21,10,12,11,23,19,28,4,56,65,52,24,15,13,28,22,15,16,18,28,54,29,17,12,19,14,4,53,26,20,34,20,31,24,18,10,14,12,14,11,22,9,20,40,7,27,17,3,13,20,29,3,3,4,11,17,24,21,29,14,51,16,39,10,22,28,15,29,28,26,45,13,15,24,15,20,18,9,4,21,9,11,9,42,50,34,68,33,43,45,35,40,62,42,26,11,33,28,23,5,16,13,8,5,5,10,14,10,51,48,19,47,54,70,18,27,21,88,,,,,,,,,,,,,,,,,,,,,,,,,,,,,,30,,20,25,25,45,35,21,30,21,15,13,19,7,,6,34,10,21,11,11,10,9,10,14,10,9,15,11,6,8,12,13,8,20,10,6,8,12,12,11,14,10,16,14,10,12,12,16,12,18,5,8,23,16,45,33,30,41,8,34,38,30,24,26,28,51,28,24,38,26,21,39,26,35,53,35,30,62,50,28,16,17,29,60,36,47,31,33,37,46,40,42,68,42,99,18,35,44,68,14,7,11,11,9,13,3,14,10,9,6,,3,13,34,48,22,16,21,21,,12,34,12,18,52,45,14,27,25,87,31,72,27,10,3,3,3,8,,3,3,33,22,34,38,13,8,31,24,19,,22,,6,,11,24,14,,6,,3,13,29,10,7,16,6,15,25,133,77,97,87,32,3,3,30,8,,,,37,,
20260407,17,PM2.5_24h,6,12,18,14,7,26,12,12,5,9,17,14,23,24,9,11,9,19,30,21,19,26,10,7,26,18,21,23,20,14,17,12,22,36,17,21,37,35,28,19,14,32,38,22,22,19,16,38,21,5,39,52,45,23,17,14,25,21,19,17,19,24,48,32,21,18,11,18,6,42,28,33,23,23,43,41,19,12,8,10,11,10,17,15,15,24,7,22,23,6,11,22,27,3,5,2,27,16,26,21,24,13,29,18,31,25,22,26,21,37,14,22,31,19,7,19,14,12,13,25,11,32,17,31,26,43,37,29,39,32,37,30,28,48,50,44,27,12,39,39,22,12,13,17,12,8,17,20,9,18,39,34,21,32,46,28,23,17,12,24,,,,,,,,,,,,,,,,,,,,,,,,,,,,,,30,22,32,27,17,26,29,22,15,13,12,10,27,10,,5,11,5,13,14,7,22,13,15,14,22,14,12,19,6,8,9,11,13,11,25,8,24,23,26,34,36,34,27,27,28,28,27,37,42,13,7,11,21,15,32,22,30,28,9,24,26,27,34,32,28,30,36,32,25,31,26,55,24,40,51,35,33,54,54,26,18,25,29,60,15,25,22,33,20,41,33,36,66,42,79,27,35,53,76,17,9,12,9,9,22,22,10,28,14,6,,2,11,34,33,17,16,43,10,,9,24,18,10,54,32,17,38,40,73,20,42,21,12,4,5,4,15,,4,4,36,21,32,35,24,23,34,24,33,,30,,20,,15,28,20,24,20,11,5,19,22,26,21,17,12,25,27,81,55,86,89,25,9,3,30,25,,,,40,,
20260407,17,PM10,40,33,49,46,32,49,47,42,13,55,35,40,39,83,26,30,24,12,28,26,50,26,38,29,53,43,47,32,44,26,31,26,38,20,31,23,23,32,20,13,21,41,44,33,60,50,37,42,79,25,100,119,70,44,30,31,54,43,42,31,36,50,79,45,30,21,41,23,8,146,44,67,146,98,64,41,45,49,30,25,34,23,51,38,44,86,32,60,61,25,48,71,70,22,14,18,17,41,43,49,44,35,60,36,64,26,44,42,24,83,64,72,120,49,26,43,25,34,46,16,53,26,24,48,48,95,119,92,114,102,93,128,77,90,102,80,40,23,57,49,47,14,24,25,15,15,20,21,28,28,130,108,73,124,148,178,66,81,67,259,,,,,,,,,,,,,,,,,,,,,,,,,,,,,,81,54,36,86,57,79,125,72,91,76,38,29,78,24,,6,86,25,34,29,26,15,18,18,27,20,21,16,16,27,18,16,,18,44,,15,51,53,52,58,63,46,52,60,48,55,58,45,62,47,11,14,27,50,65,51,56,64,17,58,54,44,75,68,70,97,74,65,98,76,68,91,87,106,95,103,90,93,124,75,29,26,,90,39,74,51,42,52,63,68,69,81,57,108,37,59,61,111,29,16,17,26,39,25,29,26,18,18,7,,12,30,55,55,57,34,36,40,,26,46,42,31,78,64,30,36,32,114,34,102,46,15,6,13,11,11,,6,7,62,67,90,105,45,25,45,94,51,,99,,35,,20,54,35,19,27,172,7,33,149,87,24,68,30,73,102,364,221,289,306,67,27,22,119,74,,,,52,,
20260407,17,PM10_24h,23,36,66,41,30,69,53,28,19,27,48,49,69,73,21,46,22,19,40,43,59,56,40,31,67,53,61,64,48,43,44,31,58,85,40,36,75,74,63,33,29,62,62,40,72,30,24,62,61,24,108,102,62,44,35,33,41,34,42,36,36,41,66,48,35,28,25,32,10,138,69,66,60,96,61,60,36,39,24,23,22,26,26,46,49,73,34,53,69,24,39,63,58,25,18,23,39,32,43,44,35,31,41,37,53,52,45,48,35,88,38,60,88,68,17,40,49,44,27,28,26,38,30,66,64,86,119,92,100,109,105,96,51,92,87,64,34,27,65,56,41,27,18,33,22,22,30,31,21,35,117,93,68,107,141,74,71,54,58,88,,,,,,,,,,,,,,,,,,,,,,,,,,,,,,77,67,45,105,50,87,95,56,72,68,37,22,66,28,,12,45,24,38,36,24,26,25,45,43,26,20,19,21,22,13,18,13,16,26,26,19,69,73,72,89,80,70,58,79,70,69,70,82,72,27,12,16,32,25,47,29,48,36,17,39,37,42,55,96,95,80,85,84,82,76,83,113,89,133,99,115,100,91,119,70,28,34,33,83,18,44,30,45,29,58,57,63,85,62,99,43,51,78,109,37,19,24,19,31,32,46,18,42,21,21,,9,24,50,45,29,32,50,16,,12,38,38,20,90,39,29,50,56,94,27,58,28,21,9,13,16,20,,11,10,69,53,77,99,66,64,62,96,95,,96,,56,,38,64,45,46,52,30,14,52,73,94,72,53,38,149,132,215,171,243,304,84,28,24,204,164,,,,60,,
20260407,17,SO2,3,7,4,7,6,5,3,5,5,3,6,5,4,10,7,7,6,6,6,6,7,6,5,8,10,5,6,7,8,9,7,7,5,7,6,5,8,6,6,4,6,4,6,4,8,5,2,7,11,6,7,11,5,5,5,4,3,5,5,4,5,8,4,7,8,4,5,4,4,9,7,8,7,7,4,6,12,7,7,4,8,9,3,9,8,12,9,10,8,5,5,4,8,7,3,7,8,6,5,4,7,6,6,5,5,2,4,5,3,6,12,11,11,5,6,15,9,8,8,6,7,3,6,9,7,8,13,5,11,12,8,15,7,13,6,10,10,4,7,13,3,6,6,11,7,6,2,5,5,5,13,9,2,10,11,,37,9,6,9,,,,,,,,,,,,,,,,,,,,,,,,,,,,,,7,3,4,7,7,11,11,9,12,14,4,6,12,4,,5,10,7,6,7,8,3,5,8,8,2,5,6,4,9,5,4,5,7,5,5,8,6,9,7,7,7,5,10,8,4,6,6,6,6,3,4,3,4,5,4,6,4,9,3,7,8,10,6,8,9,6,7,7,8,4,5,14,10,11,11,9,5,8,8,5,7,5,9,7,12,3,6,3,4,7,7,8,9,6,14,8,5,12,9,6,7,7,4,7,7,4,7,8,2,6,,6,7,5,9,3,10,8,2,,5,6,7,8,7,12,5,5,4,11,3,8,7,7,6,8,7,4,,7,4,7,4,7,7,6,11,14,4,6,,5,,8,,5,14,10,10,10,,5,12,4,8,4,4,10,6,4,4,6,4,3,6,6,5,22,8,,,,7,,
20260407,17,SO2_24h,3,7,3,6,7,6,3,3,3,3,5,5,6,8,6,7,6,6,9,6,7,6,4,8,10,7,7,7,6,9,7,6,5,8,6,5,8,6,6,5,5,3,5,4,7,4,2,8,9,6,8,9,5,5,5,5,4,4,6,4,5,9,5,7,8,4,4,5,4,7,5,14,13,9,4,6,12,7,10,6,6,11,3,12,10,11,12,11,12,5,4,4,9,7,3,6,8,6,6,5,7,5,6,5,6,4,7,7,5,8,12,12,10,7,6,16,9,8,11,6,5,4,6,8,8,9,14,5,10,11,8,16,6,9,7,8,10,5,7,10,4,6,6,11,7,6,3,5,6,6,7,6,3,6,8,13,35,16,5,10,,,,,,,,,,,,,,,,,,,,,,,,,,,,,,6,3,4,7,9,11,11,9,9,16,5,6,11,9,,5,9,6,6,9,7,3,4,7,8,2,5,6,5,9,7,4,5,7,5,6,8,6,9,8,9,7,5,9,8,5,6,8,7,7,4,4,4,4,4,4,6,5,11,3,7,7,10,9,9,11,8,8,9,6,5,7,11,8,14,12,8,5,8,7,5,7,5,8,7,7,4,5,4,4,8,7,7,12,13,18,7,5,8,8,5,7,7,3,7,7,5,6,8,3,6,,6,4,6,12,3,10,13,3,,4,6,6,8,7,12,6,6,7,11,3,6,7,7,7,9,8,6,,8,6,7,13,7,8,26,12,14,7,9,,9,,8,,4,13,9,10,13,19,6,15,9,12,5,3,10,7,3,5,13,5,3,7,6,5,14,10,,,,8,,
20260407,17,NO2,9,15,13,12,5,8,10,10,4,8,13,12,6,15,7,11,11,7,17,19,17,23,12,17,13,12,20,20,21,8,9,11,11,13,19,25,15,14,16,13,10,14,16,9,18,14,12,10,21,13,16,17,20,22,12,7,16,5,10,11,8,12,8,8,17,8,14,7,5,24,9,12,9,9,27,24,18,9,15,10,15,10,12,13,12,18,11,19,12,14,14,9,11,15,7,11,13,8,10,11,8,4,11,3,24,7,11,9,6,13,14,13,14,12,9,16,12,10,14,8,9,9,8,17,18,16,23,9,22,14,11,17,39,28,15,14,15,11,6,13,5,5,13,11,11,7,6,9,7,6,18,13,10,26,17,,8,8,3,3,,,,,,,,,,,,,,,,,,,,,,,,,,,,,,11,8,20,9,9,15,12,16,16,8,8,6,10,4,,5,7,9,10,3,9,7,6,14,11,4,4,7,4,6,5,4,6,8,8,8,3,14,12,10,9,9,6,20,11,8,12,7,27,19,9,8,8,6,16,9,19,17,12,11,16,16,9,12,12,13,21,10,12,12,7,7,11,15,17,21,15,8,12,32,18,22,12,11,8,12,10,12,14,12,11,12,10,12,12,9,16,8,10,9,17,10,11,11,14,7,19,15,10,4,5,,6,5,9,5,11,10,7,8,,7,7,5,11,8,5,4,4,8,13,10,15,15,8,4,1,4,5,,2,2,20,8,28,14,8,12,7,6,7,,11,,5,,4,5,1,3,2,1,3,1,6,7,9,7,5,5,5,7,2,3,2,5,4,7,10,3,,,,8,,
20260407,17,NO2_24h,7,18,16,12,12,17,14,6,8,5,18,19,14,19,10,16,12,10,17,16,20,19,10,20,20,15,19,18,15,10,14,12,16,14,20,28,18,14,15,21,15,24,24,17,21,19,15,16,27,15,18,27,14,24,14,6,18,6,13,11,14,14,9,10,19,17,9,12,6,42,27,19,24,24,17,19,23,20,13,13,17,19,13,20,16,24,15,27,18,19,19,19,20,15,13,13,18,10,13,9,16,8,12,4,27,19,16,14,15,20,12,16,23,16,9,18,18,15,13,10,9,12,10,16,16,27,26,16,25,15,23,19,28,29,24,14,14,9,10,13,7,14,8,14,12,7,17,15,7,10,40,21,31,21,40,14,21,23,4,27,,,,,,,,,,,,,,,,,,,,,,,,,,,,,,14,17,24,19,12,21,28,18,32,28,8,7,12,10,,12,6,8,12,14,10,10,8,10,9,6,9,8,6,6,6,6,9,9,8,14,6,23,17,17,15,10,10,16,19,15,17,14,26,16,13,9,9,6,23,16,11,15,12,9,13,15,5,19,18,19,25,23,21,18,15,13,24,16,29,26,17,13,18,17,24,15,10,11,7,8,10,8,14,10,20,13,12,19,14,12,16,6,9,13,21,12,10,12,18,9,28,8,15,6,4,,9,9,11,7,12,8,12,6,,5,8,11,9,16,8,8,8,13,17,8,19,12,8,8,2,4,9,,5,3,23,36,19,19,21,26,17,11,22,,15,,13,,19,9,2,3,13,2,11,4,26,21,20,17,16,13,11,30,13,35,13,25,7,7,12,6,,,,6,,
20260407,17,O3,90,91,105,81,91,127,104,110,96,103,105,111,120,149,119,103,91,89,85,102,125,109,106,97,123,121,113,118,119,111,111,109,113,112,112,94,117,128,114,106,113,107,139,72,119,115,109,115,127,105,122,143,49,60,44,47,75,60,58,65,65,87,131,119,55,84,48,111,124,110,114,125,126,116,43,41,128,138,100,98,107,98,98,112,114,141,101,116,134,88,110,146,153,97,93,98,38,80,76,60,86,49,89,58,70,82,71,89,122,144,133,143,184,104,107,96,102,98,99,87,86,87,86,123,121,150,121,122,140,112,139,129,24,94,126,63,34,53,117,54,70,80,62,99,48,69,93,72,62,117,122,129,124,90,129,139,118,149,119,98,,,,,,,,,,,,,,,,,,,,,,,,,,,,,,130,126,99,147,134,125,145,119,144,138,102,82,129,126,,109,139,103,108,102,105,92,90,83,79,88,94,81,85,88,87,88,89,86,87,88,90,121,132,125,146,143,126,125,141,119,136,115,129,129,119,65,76,79,119,137,63,91,129,59,66,89,120,130,114,108,152,132,136,125,132,126,122,116,91,132,117,118,140,124,113,20,33,48,62,26,52,42,58,56,99,93,110,122,93,157,56,53,92,162,74,60,56,99,80,71,59,76,67,43,97,,82,106,121,92,68,41,129,55,,40,112,106,97,157,141,114,133,130,154,98,126,87,95,123,120,127,126,,135,109,59,137,63,115,96,104,121,122,110,,121,,86,,91,153,128,112,112,118,129,132,120,109,101,135,120,108,116,107,112,107,108,126,99,92,134,102,,,,123,,
20260407,17,O3_24h,90,91,105,81,91,127,104,110,96,103,105,111,120,149,119,103,91,89,85,102,125,109,106,97,123,121,113,118,119,111,111,109,113,112,112,94,117,128,114,106,113,107,139,72,119,115,109,115,127,105,122,143,49,60,44,47,75,60,58,65,65,87,131,119,55,84,48,111,124,110,114,125,126,116,43,41,128,138,100,98,107,98,98,112,114,141,101,116,134,88,110,146,153,97,93,98,38,80,76,60,86,49,89,58,70,82,71,89,122,144,133,143,184,104,107,96,102,98,99,87,86,87,86,123,121,150,121,122,140,112,139,129,24,94,126,63,34,53,117,54,70,80,62,99,48,69,93,72,62,117,122,129,124,90,129,139,118,149,119,98,,,,,,,,,,,,,,,,,,,,,,,,,,,,,,130,126,99,147,134,125,145,119,144,138,102,82,129,126,,109,139,103,108,102,105,92,90,83,79,88,94,81,85,88,87,88,89,86,87,88,90,121,132,125,146,143,126,125,141,119,136,115,129,129,119,65,76,79,119,137,63,91,129,59,66,89,120,130,114,108,152,132,136,125,132,126,122,116,91,132,117,118,140,124,113,20,33,48,62,26,52,42,58,56,99,93,110,122,93,157,56,53,92,162,74,60,56,99,80,71,59,76,67,43,97,,82,106,121,92,68,41,129,55,,40,112,106,97,157,141,114,133,130,154,98,126,87,95,123,120,127,126,,135,109,59,137,63,115,96,104,121,122,110,,121,,86,,91,153,128,112,112,118,129,132,120,109,101,135,120,108,116,107,112,107,108,126,99,92,134,102,,,,123,,
20260407,17,O3_8h,85,85,96,83,89,103,93,100,87,90,93,96,99,116,96,90,87,84,78,104,119,106,106,93,111,112,106,110,117,105,97,102,102,117,106,99,115,115,109,110,107,113,121,86,116,108,84,109,112,98,106,123,48,52,45,45,60,63,59,69,59,58,109,113,48,71,56,109,118,89,98,108,114,96,42,37,103,112,90,93,100,90,89,102,97,113,94,105,124,88,101,130,131,96,90,92,47,58,71,63,69,38,75,58,37,92,76,73,109,120,109,126,142,92,99,87,90,87,96,83,85,82,80,121,120,126,109,97,108,105,114,112,20,94,101,61,36,68,81,49,70,63,75,95,49,66,77,68,63,112,98,104,108,52,101,108,102,114,102,85,,,,,,,,,,,,,,,,,,,,,,,,,,,,,,106,114,74,127,105,105,131,104,113,107,94,85,100,95,,91,126,94,93,88,95,91,85,79,76,79,92,82,82,86,81,81,86,84,90,93,88,115,121,115,132,131,116,121,118,109,125,106,126,127,106,69,69,73,98,121,52,99,121,66,80,83,111,120,92,93,112,105,123,113,118,110,112,104,73,117,108,121,124,121,100,22,48,64,54,37,75,55,53,44,69,90,103,101,76,131,49,49,70,134,72,56,66,73,72,66,65,67,67,62,72,,71,85,102,63,62,51,105,57,,50,104,98,98,135,122,104,125,127,132,93,101,67,98,104,118,114,121,,121,103,46,110,55,102,94,75,103,103,100,,112,,73,,83,125,119,104,112,112,124,130,102,104,104,103,105,91,85,85,98,74,90,88,72,108,97,82,,,,117,,
20260407,17,O3_8h_24h,85,85,96,83,89,103,93,100,87,93,93,96,99,116,96,90,87,84,78,104,119,106,106,93,111,112,106,110,117,105,97,102,102,117,105,99,115,119,109,110,104,113,121,84,116,108,84,109,112,98,102,123,48,55,44,45,60,63,59,69,59,58,109,113,48,71,49,109,118,89,98,108,114,96,42,37,103,112,90,93,100,90,89,102,97,113,94,105,124,88,101,130,131,96,90,92,47,58,71,63,69,38,75,58,37,92,76,73,109,120,109,126,142,92,99,87,90,87,96,83,85,82,80,121,120,126,109,97,108,105,114,112,20,94,101,61,36,58,81,49,70,63,68,95,48,65,77,68,63,112,98,104,108,55,101,108,102,114,102,85,,,,,,,,,,,,,,,,,,,,,,,,,,,,,,106,114,74,127,105,105,131,107,113,107,94,85,100,95,,91,126,94,93,88,95,91,85,79,74,79,92,82,82,86,87,81,86,84,90,93,88,115,121,115,132,131,116,121,118,109,125,106,126,127,106,69,69,73,98,121,52,99,121,66,80,83,111,120,92,93,112,105,123,113,118,110,112,104,73,117,108,121,124,121,100,22,35,44,54,33,59,50,53,44,69,90,103,101,76,131,49,49,70,134,72,56,63,73,72,66,64,67,65,55,72,,71,85,102,63,60,38,105,56,,39,104,98,98,135,122,104,125,127,132,93,101,67,98,104,118,114,121,,121,103,46,110,55,102,94,75,103,103,100,,112,,73,,83,125,119,104,112,112,124,130,102,104,104,103,105,91,85,85,98,74,90,88,72,82,97,82,,,,117,,
20260407,17,CO,0.27,0.38,0.35,0.47,0.25,0.30,0.25,0.33,0.35,0.32,0.20,0.30,0.28,0.62,0.26,0.41,0.36,0.28,0.23,0.35,0.51,0.45,0.48,0.43,0.40,0.42,0.44,0.39,0.62,0.37,0.25,0.46,0.32,0.35,0.29,0.17,0.24,0.38,0.30,0.10,0.25,0.47,0.40,0.35,0.67,0.32,0.42,0.58,0.49,0.40,0.51,1.09,0.76,0.68,0.47,0.43,0.50,0.20,0.30,0.53,0.55,0.57,0.71,0.55,0.52,0.35,0.35,0.37,0.18,0.69,0.43,0.45,0.30,0.30,0.52,0.72,0.44,0.32,0.44,0.38,0.20,0.38,0.53,0.21,0.40,0.70,0.24,0.43,0.42,0.27,0.37,0.50,0.48,0.46,0.23,0.42,0.80,0.57,0.60,0.63,0.60,0.10,0.55,0.50,0.65,0.50,0.63,0.60,0.25,0.20,0.44,0.50,0.90,0.44,0.36,1.06,0.53,0.52,0.38,0.52,0.52,0.47,0.26,0.37,0.27,0.84,0.59,0.30,0.83,0.53,0.50,0.55,0.58,0.63,1.02,1.05,0.55,0.73,0.68,0.89,0.45,0.43,0.63,1.02,0.67,0.47,0.40,0.20,0.42,0.38,0.77,0.80,0.35,0.60,0.70,0.40,0.85,0.46,0.40,0.30,,,,,,,,,,,,,,,,,,,,,,,,,,,,,,0.45,0.30,0.55,0.50,0.40,0.30,0.53,0.35,0.50,0.37,0.47,0.20,0.40,0.30,,0.25,0.50,0.28,0.40,0.30,0.47,0.47,0.30,0.40,0.70,0.25,0.10,0.33,0.17,0.33,0.37,0.28,0.30,0.47,0.35,0.25,0.35,0.25,0.36,0.25,0.38,0.35,0.35,0.45,0.38,0.17,0.40,0.13,0.50,0.23,0.53,0.45,0.50,0.55,0.35,0.57,1.20,0.60,0.55,0.72,1.05,1.00,0.88,0.45,0.54,0.58,0.65,0.38,0.44,0.63,0.30,0.37,0.55,0.77,0.70,0.70,0.47,0.50,0.53,1.00,0.73,0.55,0.98,0.90,0.90,0.60,0.70,0.40,0.50,0.55,0.60,0.63,0.65,0.90,0.75,0.95,0.70,0.80,1.30,1.00,0.57,0.40,0.43,0.40,0.40,0.53,0.23,0.35,0.55,0.45,0.30,,0.25,0.30,0.43,0.73,0.40,0.55,0.40,0.55,,0.70,0.40,0.20,0.50,0.65,0.40,0.50,0.20,0.25,0.65,0.40,0.90,0.35,0.50,0.20,0.20,0.30,0.50,,0.40,0.40,0.60,0.40,0.50,0.55,0.30,0.35,0.30,0.25,0.50,,0.40,,0.45,,0.40,0.60,0.40,0.30,0.40,0.30,0.30,0.30,0.30,0.25,0.35,0.35,0.40,0.20,0.20,0.40,0.10,0.25,0.25,0.40,0.40,0.20,0.55,0.30,,,,0.55,,
20260407,17,CO_24h,0.26,0.45,0.38,0.47,0.30,0.43,0.26,0.30,0.30,0.25,0.33,0.33,0.38,0.53,0.36,0.45,0.37,0.39,0.37,0.46,0.61,0.62,0.45,0.46,0.46,0.50,0.77,0.64,0.52,0.57,0.35,0.44,0.35,0.62,0.49,0.50,0.47,0.68,0.55,0.47,0.40,0.70,0.50,0.55,0.59,0.60,0.35,0.73,0.52,0.40,0.53,0.83,0.71,0.67,0.50,0.47,0.50,0.25,0.33,0.60,0.57,0.53,0.64,0.52,0.58,0.45,0.43,0.46,0.23,0.65,0.50,0.75,0.54,0.41,0.50,0.72,0.51,0.34,0.44,0.47,0.27,0.38,0.53,0.49,0.44,0.60,0.26,0.48,0.56,0.32,0.33,0.50,0.52,0.48,0.23,0.38,0.90,0.57,0.63,0.67,0.80,0.35,0.45,0.53,0.65,0.90,0.80,0.55,0.43,0.70,0.51,0.57,0.73,0.50,0.34,0.98,0.57,0.48,0.40,0.60,0.36,0.43,0.23,0.58,0.43,0.84,0.60,0.32,0.67,0.60,0.57,0.53,0.53,0.73,0.95,1.05,0.60,0.73,0.75,0.94,0.50,0.50,0.57,0.80,0.70,0.43,0.50,0.25,0.50,0.45,0.63,0.55,0.55,0.52,0.65,0.50,0.80,0.60,0.36,0.40,,,,,,,,,,,,,,,,,,,,,,,,,,,,,,0.43,0.40,0.75,0.57,0.37,0.40,0.65,0.43,0.47,0.40,0.47,0.20,0.45,0.42,,0.25,0.50,0.28,0.43,0.35,0.47,0.40,0.30,0.45,0.60,0.30,0.20,0.30,0.20,0.30,0.30,0.30,0.30,0.43,0.30,0.30,0.40,0.37,0.42,0.40,0.55,0.50,0.55,0.40,0.46,0.23,0.45,0.23,0.77,0.40,0.70,0.70,0.55,0.70,0.70,0.70,0.73,0.68,0.60,0.76,0.95,0.75,0.88,0.75,0.62,0.62,0.55,0.45,0.50,0.53,0.40,0.40,0.88,0.63,0.70,0.87,0.60,0.70,0.53,1.10,0.73,0.55,0.90,0.80,0.80,0.55,0.60,0.40,0.65,0.50,0.35,0.60,0.65,0.93,0.77,1.10,0.77,0.80,1.10,1.00,0.67,0.45,0.43,0.45,0.50,0.63,0.43,0.35,0.70,0.40,0.40,,0.25,0.40,0.50,0.63,0.35,0.50,0.55,0.55,,0.70,0.40,0.40,0.45,0.75,0.45,0.50,0.40,0.40,0.65,0.40,0.75,0.30,0.45,0.25,0.20,0.30,0.60,,0.45,0.50,0.67,0.57,0.50,0.55,0.70,0.40,0.40,0.35,0.60,,0.40,,0.50,,0.40,0.60,0.40,0.30,0.30,0.40,0.40,0.40,0.43,0.75,0.40,0.40,0.15,0.20,0.20,0.65,0.15,0.60,0.35,0.60,0.30,0.10,0.35,0.45,,,,0.60,,
20260407,18,AQI,43,34,54,48,29,52,51,48,30,49,39,48,42,68,38,31,28,27,30,31,50,31,43,30,51,40,44,35,48,32,33,33,40,33,33,30,34,37,34,32,35,35,47,32,53,48,40,47,65,32,80,86,74,42,33,34,49,42,42,32,33,46,76,45,35,26,42,35,38,98,61,51,106,72,53,46,45,52,35,31,31,31,48,41,49,71,34,58,53,27,48,60,63,29,28,29,21,34,40,46,50,27,55,37,58,30,48,44,39,68,56,66,96,55,31,43,31,35,46,26,47,33,29,51,49,74,83,63,96,72,70,87,65,70,81,69,47,20,60,50,46,24,18,30,13,20,27,21,30,38,91,81,65,89,97,43,58,76,63,171,,,,,,,,,,,,,,,,,,,,,,,,,,,,,,68,53,34,68,59,67,89,57,81,67,38,33,85,39,,33,82,32,38,31,32,28,28,25,31,26,29,26,26,27,25,28,26,31,43,25,27,54,53,51,57,55,39,53,53,49,50,53,47,54,54,22,21,31,54,58,53,53,57,23,53,54,51,60,65,66,76,54,56,73,60,62,70,69,76,71,79,71,75,82,63,34,28,55,80,51,60,63,53,54,59,62,59,83,64,129,37,61,62,90,28,18,17,42,48,27,35,24,21,16,27,,25,33,56,64,53,34,41,40,,28,40,53,36,70,60,37,43,43,130,44,153,41,29,39,38,38,38,,42,37,60,63,70,77,59,31,56,73,58,,70,,36,,29,51,43,35,33,37,41,42,107,60,37,55,38,56,79,187,136,156,141,58,48,29,94,53,,,,51,,
20260407,18,PM2.5,13,13,21,11,8,29,15,23,3,15,23,21,21,32,8,14,13,8,13,8,5,6,4,7,17,7,3,5,12,6,7,7,16,3,4,4,5,7,3,3,3,10,22,10,9,12,24,22,28,4,59,64,54,21,15,13,25,21,16,15,16,26,56,28,17,12,20,18,7,54,31,19,37,20,36,25,22,11,16,17,15,14,21,8,21,40,7,20,16,3,14,20,28,3,3,4,14,22,22,23,32,12,39,16,37,10,19,26,17,24,28,29,51,16,16,25,18,21,18,10,7,19,11,12,12,44,50,37,72,38,35,49,36,39,60,43,26,12,38,31,25,3,12,15,4,8,3,11,17,12,53,51,23,46,66,,15,31,16,96,,,,,,,,,,,,,,,,,,,,,,,,,,,,,,30,30,18,29,32,29,35,24,36,23,16,15,63,10,,5,29,12,22,11,11,11,12,12,16,17,7,18,11,7,14,12,14,15,18,15,5,8,13,11,13,12,10,17,13,10,11,12,16,6,15,10,9,21,18,40,37,36,35,14,34,38,35,21,36,38,52,27,28,35,30,26,40,27,34,48,37,32,55,51,29,24,19,39,59,36,42,32,37,37,42,43,42,61,46,98,22,38,41,67,16,6,9,23,6,12,4,14,10,8,6,,3,14,40,46,23,17,18,23,,19,28,16,22,51,43,22,30,27,99,31,117,29,10,3,3,3,12,,3,3,35,21,33,36,16,8,35,24,23,,27,,9,,7,25,21,11,9,8,3,9,31,14,13,17,6,15,28,122,75,86,75,21,11,3,26,15,,,,36,,
20260407,18,PM2.5_24h,6,12,18,14,7,25,12,12,5,9,17,14,22,24,9,11,9,19,29,19,18,24,8,7,26,18,19,21,19,14,16,11,22,35,17,20,35,32,26,18,14,31,37,22,21,19,17,38,22,5,40,52,46,23,17,14,25,21,19,17,19,24,49,31,21,18,11,18,6,44,28,32,23,23,44,40,19,12,8,11,11,10,17,15,15,24,6,22,23,6,11,23,28,3,5,2,26,16,26,21,24,13,29,18,30,25,22,26,21,38,15,23,33,19,8,20,15,13,13,25,11,30,17,29,25,44,38,29,41,33,37,31,28,47,51,44,27,10,39,38,22,11,12,17,12,8,17,19,9,18,40,35,21,32,47,28,24,18,12,28,,,,,,,,,,,,,,,,,,,,,,,,,,,,,,30,23,33,27,18,26,30,23,17,14,12,10,28,10,,5,12,6,13,14,6,21,14,15,15,22,13,13,18,6,8,8,10,12,12,24,8,23,23,26,32,35,34,27,27,28,26,27,36,40,12,7,11,22,15,32,22,30,29,9,24,26,27,34,32,29,32,37,32,26,31,26,55,24,40,51,35,32,54,54,26,17,25,30,60,16,27,23,34,21,41,33,37,66,42,79,26,34,52,75,17,9,12,9,9,21,20,10,27,13,6,,2,11,35,34,17,16,43,10,,8,25,17,11,54,32,18,38,39,74,20,46,21,12,4,5,4,15,,4,4,37,22,32,35,24,23,35,25,32,,30,,20,,14,28,20,24,20,10,5,19,23,26,21,17,11,25,26,84,56,88,89,26,9,3,31,25,,,,40,,
20260407,18,PM10,43,34,58,48,29,54,51,48,20,49,39,48,42,85,23,31,25,17,30,27,50,26,43,30,52,40,44,34,48,30,32,30,40,20,33,19,24,28,20,13,23,35,47,32,55,48,40,47,79,24,105,114,74,42,33,34,49,42,42,32,33,46,84,45,35,23,42,31,23,145,72,52,161,94,56,46,45,53,35,31,31,21,48,41,49,92,34,65,56,19,48,69,76,25,14,19,21,32,40,46,50,27,60,37,66,,48,44,37,85,62,82,141,60,24,43,30,35,46,17,47,33,29,52,49,97,115,76,115,94,90,123,79,90,109,88,47,20,69,50,46,15,18,28,12,16,21,21,30,35,132,112,80,127,143,,66,102,75,292,,,,,,,,,,,,,,,,,,,,,,,,,,,,,,85,56,34,86,67,83,127,63,112,83,38,33,99,27,,7,114,27,38,28,25,19,24,21,31,20,19,22,17,27,18,21,17,31,43,15,20,58,56,52,63,59,39,56,56,49,50,56,47,57,58,12,17,31,57,65,50,56,64,23,55,53,52,69,79,81,102,58,61,95,70,74,89,87,101,91,108,92,84,114,76,29,28,,100,39,70,75,48,57,68,74,68,75,62,101,37,71,74,111,28,17,8,42,48,27,35,24,19,16,6,,6,33,55,57,56,34,22,40,,28,35,56,36,82,64,35,38,40,126,35,138,39,20,7,12,26,20,,7,14,69,76,89,103,68,26,62,96,66,,89,,36,,22,52,40,26,29,18,6,30,163,70,37,60,16,61,107,324,222,262,231,65,48,18,137,56,,,,52,,
20260407,18,PM10_24h,23,36,65,42,30,68,52,29,18,27,47,49,67,75,21,44,22,19,39,39,59,52,39,31,66,51,58,60,47,42,43,30,56,82,41,35,72,69,59,32,30,62,62,40,71,30,25,62,63,24,106,102,64,44,35,33,42,34,43,36,36,41,67,48,35,27,25,32,11,139,68,66,66,98,62,59,36,40,24,23,23,26,27,45,50,73,34,54,69,24,39,65,60,25,18,23,38,32,43,44,36,30,42,37,53,53,44,48,35,89,40,62,91,68,16,41,45,45,27,28,27,37,30,64,62,88,117,90,100,109,104,98,52,92,89,66,35,24,65,55,41,26,17,33,21,22,29,30,21,36,118,94,70,106,141,76,72,57,58,98,,,,,,,,,,,,,,,,,,,,,,,,,,,,,,77,67,45,104,50,88,97,57,75,70,37,22,66,28,,12,49,24,38,35,24,25,25,44,44,25,20,19,20,22,13,17,13,16,26,25,20,68,72,72,86,79,70,58,78,69,67,70,81,71,27,11,16,33,26,48,30,48,38,17,40,38,43,56,95,96,81,85,84,83,77,82,112,88,130,100,114,98,91,117,70,28,34,34,84,19,46,33,46,30,57,57,63,85,61,99,43,49,77,109,36,19,23,20,32,32,44,18,41,22,21,,9,24,50,46,30,33,50,16,,12,37,38,19,90,40,30,49,56,94,27,62,28,21,10,13,16,20,,11,9,68,54,78,99,66,62,64,98,94,,97,,55,,37,64,45,44,52,29,14,50,78,94,70,54,38,149,133,223,174,249,301,85,28,24,206,164,,,,59,,
20260407,18,SO2,3,7,4,9,7,5,3,4,13,2,6,6,4,9,7,7,5,6,7,6,7,7,5,9,9,5,6,7,10,9,7,6,5,7,6,5,8,6,6,4,5,4,6,4,8,5,2,8,10,6,7,10,5,5,5,4,4,5,6,4,5,7,4,7,8,4,5,4,4,9,7,8,6,7,4,6,14,7,7,5,7,9,4,9,8,12,8,10,8,5,5,4,7,7,3,6,8,6,5,4,7,5,6,5,5,2,5,6,4,6,10,11,10,6,6,10,9,8,10,6,9,3,6,9,7,9,12,5,10,12,8,16,7,11,7,10,10,4,7,12,4,6,6,19,8,6,2,5,5,4,11,9,2,10,11,2,42,9,6,9,,,,,,,,,,,,,,,,,,,,,,,,,,,,,,6,2,5,7,6,11,11,9,11,15,4,6,10,5,,5,9,9,7,7,7,4,6,7,8,2,5,5,4,9,5,4,5,7,7,6,8,6,10,5,7,6,5,10,8,4,6,6,5,6,4,4,3,4,5,4,6,4,7,3,7,7,8,6,8,9,6,7,6,7,4,6,10,10,11,10,10,5,7,8,5,7,6,8,8,8,3,4,3,5,8,7,9,9,7,15,7,5,12,10,7,8,7,4,7,7,5,7,9,3,6,,6,7,5,10,3,10,8,2,,4,6,7,7,7,12,6,5,4,11,3,8,7,7,6,8,9,6,,7,6,7,4,8,10,7,12,13,4,7,,6,,8,,5,16,11,10,10,15,5,12,4,8,4,4,11,5,3,4,6,4,2,6,6,5,19,8,,,,7,,
20260407,18,SO2_24h,3,7,3,6,7,6,3,3,4,3,5,6,5,8,6,7,6,6,9,6,7,6,4,8,10,7,7,7,6,9,7,6,5,8,6,5,8,6,6,5,5,3,5,4,7,4,2,8,9,6,8,9,5,5,5,5,4,4,6,4,5,9,5,7,8,4,4,5,4,7,5,14,13,9,4,6,12,7,10,6,6,11,3,11,10,12,12,11,12,5,5,4,9,7,3,6,8,6,6,5,7,5,6,5,5,4,7,7,5,8,12,12,10,7,6,16,9,8,9,6,5,4,6,8,8,9,14,5,10,11,8,16,6,9,7,8,10,4,7,10,4,5,6,11,8,6,3,5,6,6,7,6,3,7,9,13,37,16,5,10,,,,,,,,,,,,,,,,,,,,,,,,,,,,,,6,3,4,7,9,11,11,9,9,16,5,6,11,9,,5,9,6,6,9,7,3,4,7,8,2,6,6,5,9,7,4,5,7,5,6,9,6,9,8,9,7,5,9,8,5,6,8,7,7,3,4,4,4,4,4,6,5,11,3,7,7,10,9,9,11,8,8,9,6,5,7,11,8,13,11,8,5,8,7,5,7,5,8,7,7,4,5,4,4,8,7,7,11,12,18,7,5,9,8,5,7,7,3,7,7,5,7,8,3,6,,6,4,6,12,3,10,13,3,,4,6,7,8,7,12,6,6,7,11,3,6,7,7,7,9,8,6,,8,6,7,13,7,8,26,12,14,7,9,,9,,8,,4,13,9,10,13,19,6,15,9,12,5,3,10,7,3,5,13,5,3,7,6,5,14,10,,,,8,,
20260407,18,NO2,10,19,14,16,6,9,11,12,8,8,14,13,7,16,7,15,12,10,23,19,19,30,13,18,14,16,23,23,24,10,11,12,13,14,23,20,17,15,18,13,11,17,16,13,21,13,14,11,24,14,17,27,24,23,12,7,19,6,10,13,9,16,8,9,19,9,13,8,8,32,10,12,10,9,28,30,21,10,17,14,14,11,13,15,13,20,13,22,13,15,16,10,11,18,9,12,15,9,12,13,9,7,14,5,26,8,12,9,7,14,16,14,14,14,11,17,17,14,16,11,11,11,10,19,22,20,25,10,22,15,12,18,44,33,17,17,20,13,8,14,5,6,13,12,13,9,5,13,9,6,21,16,11,27,21,4,8,9,3,3,,,,,,,,,,,,,,,,,,,,,,,,,,,,,,12,9,20,10,14,16,12,16,17,9,9,8,9,6,,6,8,11,11,5,11,8,6,13,12,7,13,8,6,7,8,5,8,11,9,14,4,19,14,12,11,10,9,24,13,9,14,8,26,19,9,11,10,9,21,8,19,19,13,12,16,17,10,13,12,15,21,11,15,13,8,10,12,16,18,27,17,9,19,32,19,20,13,10,11,15,12,12,20,18,11,14,13,11,13,10,16,10,11,9,19,12,10,17,11,8,22,15,11,5,4,,6,7,9,6,12,11,7,8,,7,6,6,10,11,5,6,6,8,17,8,19,13,11,4,3,5,8,,2,1,21,9,29,13,11,13,8,7,9,,11,,6,,5,7,1,4,3,,4,,7,7,11,7,6,5,4,5,2,3,2,5,4,4,9,4,,,,9,,
20260407,18,NO2_24h,8,18,16,12,11,16,14,7,9,5,18,19,14,18,10,16,12,10,17,16,20,20,11,20,20,15,19,18,15,10,14,12,15,14,20,28,17,14,15,20,14,24,24,17,21,19,15,16,28,15,18,26,15,24,14,6,19,6,13,12,14,15,9,10,19,16,9,12,6,43,27,19,24,24,17,19,24,21,13,13,17,19,13,20,16,24,15,28,18,19,19,19,20,16,13,13,18,10,13,9,15,8,12,4,26,19,16,14,15,20,12,16,23,16,9,19,18,16,13,10,9,12,10,16,16,26,26,15,26,16,23,19,29,29,23,14,14,9,10,13,6,14,8,15,12,7,17,14,7,10,40,21,32,22,41,14,21,23,4,27,,,,,,,,,,,,,,,,,,,,,,,,,,,,,,15,16,24,19,12,22,28,19,32,28,8,7,12,10,,12,6,9,12,14,10,10,7,11,10,6,9,8,6,6,6,5,9,9,8,13,6,23,17,17,15,10,9,17,19,15,17,14,26,16,12,9,9,6,22,16,11,15,12,9,13,15,5,19,18,20,25,23,21,18,15,13,24,16,28,25,17,13,18,17,24,14,10,11,7,8,10,8,14,10,20,13,12,19,14,12,16,7,9,13,21,12,10,12,18,9,27,9,15,6,4,,9,9,10,7,12,8,12,6,,5,8,11,9,17,8,8,8,13,17,9,20,13,8,8,2,4,9,,5,3,23,36,19,19,21,26,18,11,22,,15,,13,,19,9,2,3,13,2,11,4,26,21,19,17,16,13,11,30,13,35,13,25,7,6,12,6,,,,6,,
20260407,18,O3,90,86,106,76,92,129,103,106,95,102,112,109,118,146,120,99,89,87,79,98,120,99,100,94,115,112,105,111,113,101,107,105,107,107,107,97,110,119,110,103,112,98,133,57,113,113,113,107,120,103,118,123,45,50,41,44,59,52,51,57,56,74,131,107,49,83,47,113,121,99,107,125,118,119,39,37,127,136,97,92,99,98,96,103,113,134,97,105,131,86,107,144,149,94,90,92,32,108,67,53,78,43,85,54,65,96,88,86,124,141,132,140,159,102,98,93,98,94,97,84,80,84,83,119,119,143,111,123,137,109,132,127,16,85,122,58,27,49,114,47,69,76,55,97,42,64,86,67,59,121,116,128,120,92,120,138,121,151,121,93,,,,,,,,,,,,,,,,,,,,,,,,,,,,,,130,121,97,144,137,108,144,118,151,140,95,78,132,124,,106,138,102,105,98,102,90,90,80,77,84,93,78,82,81,79,88,82,80,84,80,87,112,130,119,146,136,125,113,132,116,129,114,130,125,118,71,68,77,106,131,69,75,117,55,63,81,110,127,115,109,146,127,131,122,123,124,118,113,89,120,112,103,123,112,112,16,37,47,63,20,48,36,49,32,84,88,103,122,95,153,46,49,85,160,67,58,53,79,78,70,49,59,67,40,85,,79,107,118,85,64,37,131,54,,37,115,103,93,155,137,118,136,136,138,100,119,82,92,125,121,123,121,,133,118,54,137,64,122,86,100,123,118,102,,113,,85,,92,148,136,112,107,118,131,134,118,106,99,137,120,110,120,112,115,110,112,127,102,94,136,103,,,,113,,
20260407,18,O3_24h,90,86,106,76,92,129,103,106,95,102,112,109,118,146,120,99,89,87,79,98,120,99,100,94,115,112,105,111,113,101,107,105,107,107,107,97,110,119,110,103,112,98,133,57,113,113,113,107,120,103,118,123,45,50,41,44,59,52,51,57,56,74,131,107,49,83,47,113,121,99,107,125,118,119,39,37,127,136,97,92,99,98,96,103,113,134,97,105,131,86,107,144,149,94,90,92,32,108,67,53,78,43,85,54,65,96,88,86,124,141,132,140,159,102,98,93,98,94,97,84,80,84,83,119,119,143,111,123,137,109,132,127,16,85,122,58,27,49,114,47,69,76,55,97,42,64,86,67,59,121,116,128,120,92,120,138,121,151,121,93,,,,,,,,,,,,,,,,,,,,,,,,,,,,,,130,121,97,144,137,108,144,118,151,140,95,78,132,124,,106,138,102,105,98,102,90,90,80,77,84,93,78,82,81,79,88,82,80,84,80,87,112,130,119,146,136,125,113,132,116,129,114,130,125,118,71,68,77,106,131,69,75,117,55,63,81,110,127,115,109,146,127,131,122,123,124,118,113,89,120,112,103,123,112,112,16,37,47,63,20,48,36,49,32,84,88,103,122,95,153,46,49,85,160,67,58,53,79,78,70,49,59,67,40,85,,79,107,118,85,64,37,131,54,,37,115,103,93,155,137,118,136,136,138,100,119,82,92,125,121,123,121,,133,118,54,137,64,122,86,100,123,118,102,,113,,85,,92,148,136,112,107,118,131,134,118,106,99,137,120,110,120,112,115,110,112,127,102,94,136,103,,,,113,,
20260407,18,O3_8h,86,87,100,83,89,109,96,101,89,95,97,100,103,125,102,95,88,86,81,105,121,108,107,95,116,114,109,112,120,107,101,104,105,117,107,99,115,120,111,110,108,115,127,86,119,111,98,113,116,101,114,130,49,58,46,47,65,63,60,71,62,64,116,116,50,76,56,111,120,97,105,119,120,104,43,38,111,120,93,94,103,93,92,106,101,120,96,108,128,88,104,135,138,97,91,93,47,67,73,63,77,41,79,59,44,99,84,78,114,128,116,131,151,95,102,91,95,90,97,85,86,83,83,123,122,133,112,104,116,108,122,117,21,97,107,62,37,68,91,51,70,69,75,99,49,67,81,68,64,114,107,114,113,58,112,117,107,124,106,94,,,,,,,,,,,,,,,,,,,,,,,,,,,,,,113,120,83,133,114,107,135,98,125,115,97,85,108,103,,95,128,97,97,92,98,93,88,81,77,82,94,82,84,86,82,83,87,86,90,93,90,119,126,118,138,137,120,123,125,113,130,111,132,129,111,70,71,78,105,129,56,101,127,67,80,88,117,127,98,98,125,113,128,117,125,116,120,110,79,125,112,123,134,121,107,22,48,66,57,37,75,55,55,45,76,90,106,111,83,141,51,50,76,145,73,57,66,77,78,68,65,69,68,62,79,,76,93,107,69,64,51,112,57,,50,112,102,98,145,130,109,128,129,142,96,107,72,98,112,118,117,122,,127,107,49,120,58,111,96,82,110,110,106,,114,,81,,88,136,126,108,112,117,128,130,110,107,105,115,111,96,95,92,103,86,97,101,81,108,107,87,,,,118,,
20260407,18,O3_8h_24h,86,87,100,83,89,109,96,101,89,95,97,100,103,125,102,95,88,86,81,105,121,108,107,95,116,114,109,112,120,107,101,104,105,117,107,98,115,120,111,110,106,115,127,80,119,111,98,113,116,101,109,130,48,58,45,47,65,62,60,71,62,64,116,116,50,76,49,111,120,97,105,119,120,104,43,38,111,120,93,94,103,93,92,106,101,120,96,108,128,88,104,135,138,97,91,93,45,67,73,63,77,41,79,59,44,99,84,78,114,128,116,131,151,95,102,91,95,90,97,85,86,83,83,123,122,133,112,104,116,108,122,117,21,97,107,62,37,57,91,51,70,69,67,99,47,66,81,68,63,114,107,114,113,63,112,117,107,124,106,94,,,,,,,,,,,,,,,,,,,,,,,,,,,,,,113,120,83,133,114,107,135,112,125,115,97,84,108,103,,95,128,97,97,92,98,93,88,81,75,82,94,81,84,86,89,83,87,86,89,92,90,119,126,118,138,137,120,123,125,113,130,111,132,129,111,70,71,78,105,129,56,101,127,67,79,88,117,127,98,98,125,113,128,117,125,116,120,110,79,125,112,123,134,120,107,22,35,45,57,31,57,49,55,45,76,90,106,111,83,141,51,50,76,145,73,57,63,77,78,68,64,68,67,53,79,,76,93,107,69,64,38,112,56,,38,112,102,98,145,130,109,128,129,142,96,107,72,98,112,118,117,122,,127,107,49,120,58,111,96,82,110,110,106,,114,,81,,88,136,126,108,112,117,128,130,110,107,105,115,111,96,95,92,103,86,97,101,81,87,107,87,,,,118,,
20260407,18,CO,0.27,0.40,0.32,0.51,0.30,0.30,0.27,0.33,0.45,0.30,0.22,0.30,0.28,0.60,0.28,0.44,0.39,0.29,0.27,0.35,0.48,0.44,0.53,0.41,0.38,0.42,0.46,0.38,0.68,0.38,0.30,0.44,0.35,0.38,0.30,0.17,0.25,0.35,0.35,0.10,0.30,0.47,0.40,0.35,0.64,0.32,0.42,0.63,0.48,0.40,0.53,0.99,0.76,0.68,0.49,0.47,0.47,0.20,0.37,0.53,0.53,0.50,0.76,0.57,0.54,0.36,0.37,0.41,0.20,0.72,0.40,0.45,0.28,0.29,0.55,0.73,0.50,0.32,0.44,0.40,0.23,0.35,0.50,0.21,0.42,0.70,0.28,0.43,0.42,0.28,0.32,0.53,0.38,0.46,0.23,0.42,0.90,0.67,0.57,0.60,0.60,0.10,0.55,0.57,0.65,0.50,0.67,0.60,0.20,0.20,0.41,0.52,0.82,0.50,0.38,0.68,0.55,0.64,0.42,0.54,0.72,0.40,0.23,0.38,0.30,0.95,0.59,0.30,0.82,0.50,0.47,0.58,0.60,0.70,1.00,0.97,0.60,0.77,0.72,0.88,0.40,0.50,0.63,0.97,0.70,0.53,0.40,0.25,0.47,0.35,0.85,0.80,0.45,0.58,0.70,,0.83,0.46,0.38,0.30,,,,,,,,,,,,,,,,,,,,,,,,,,,,,,0.43,0.30,0.50,0.47,0.43,0.40,0.50,0.35,0.53,0.40,0.47,0.30,0.40,0.35,,0.25,0.50,0.35,0.57,0.35,0.50,0.27,0.30,0.40,0.70,0.25,0.15,0.37,0.17,0.30,0.63,0.30,0.30,0.50,0.35,0.35,0.40,0.27,0.38,0.25,0.38,0.33,0.35,0.45,0.36,0.15,0.40,0.17,0.50,0.20,0.50,0.53,0.50,0.55,0.40,0.53,1.13,0.63,0.70,0.72,1.05,0.93,0.88,0.45,0.54,0.58,0.65,0.35,0.46,0.63,0.33,0.40,0.60,0.77,0.70,0.80,0.47,0.50,0.40,0.80,0.73,0.60,0.96,1.00,1.00,0.60,0.70,0.50,0.65,0.60,0.60,0.63,0.72,0.90,0.80,1.00,0.70,0.80,1.20,1.00,0.63,0.40,0.50,0.47,0.40,0.57,0.28,0.40,0.60,0.45,0.30,,0.25,0.35,0.50,0.73,0.40,0.55,0.40,0.55,,0.70,0.40,0.20,0.55,0.65,0.30,0.60,0.30,0.30,0.75,0.50,1.15,0.35,0.60,0.10,0.20,0.35,0.50,,0.40,0.35,0.60,0.43,0.50,0.55,0.35,0.35,0.30,0.25,0.50,,0.40,,0.45,,0.35,0.60,0.40,0.30,0.30,0.30,0.30,,0.30,0.25,0.35,0.35,0.30,0.20,0.15,0.35,0.10,0.20,0.25,0.40,0.30,0.20,0.40,0.30,,,,0.55,,
20260407,18,CO_24h,0.26,0.45,0.38,0.48,0.30,0.43,0.26,0.30,0.30,0.28,0.33,0.33,0.38,0.55,0.36,0.45,0.37,0.38,0.36,0.45,0.59,0.59,0.47,0.44,0.46,0.50,0.76,0.63,0.52,0.55,0.35,0.44,0.35,0.60,0.44,0.50,0.46,0.65,0.47,0.40,0.40,0.67,0.50,0.55,0.59,0.60,0.38,0.73,0.53,0.40,0.53,0.84,0.72,0.66,0.50,0.47,0.50,0.25,0.33,0.60,0.57,0.57,0.64,0.52,0.57,0.44,0.43,0.46,0.23,0.65,0.50,0.75,0.54,0.41,0.52,0.73,0.53,0.34,0.44,0.47,0.27,0.38,0.53,0.49,0.44,0.63,0.26,0.50,0.56,0.32,0.32,0.53,0.52,0.48,0.23,0.38,0.90,0.57,0.63,0.67,0.80,0.35,0.50,0.53,0.65,0.90,0.80,0.55,0.40,0.70,0.51,0.57,0.73,0.50,0.34,1.00,0.57,0.52,0.40,0.60,0.38,0.43,0.23,0.57,0.43,0.84,0.60,0.32,0.67,0.60,0.57,0.53,0.53,0.70,0.95,1.05,0.60,0.73,0.75,0.94,0.50,0.50,0.57,0.80,0.70,0.47,0.50,0.25,0.50,0.45,0.63,0.60,0.55,0.52,0.70,0.50,0.80,0.60,0.36,0.40,,,,,,,,,,,,,,,,,,,,,,,,,,,,,,0.43,0.40,0.75,0.60,0.37,0.45,0.67,0.43,0.47,0.43,0.47,0.20,0.45,0.42,,0.25,0.50,0.28,0.43,0.35,0.47,0.40,0.30,0.45,0.65,0.30,0.20,0.30,0.20,0.27,0.30,0.30,0.30,0.43,0.30,0.30,0.40,0.37,0.40,0.40,0.53,0.50,0.55,0.40,0.46,0.23,0.42,0.23,0.77,0.37,0.70,0.70,0.55,0.70,0.70,0.70,0.73,0.68,0.60,0.76,0.95,0.75,0.88,0.75,0.62,0.63,0.55,0.45,0.50,0.53,0.40,0.40,0.83,0.63,0.70,0.87,0.60,0.70,0.53,1.10,0.73,0.55,0.90,0.80,0.80,0.55,0.60,0.40,0.65,0.50,0.35,0.63,0.65,0.93,0.77,1.10,0.77,0.80,1.10,1.00,0.67,0.45,0.43,0.45,0.50,0.63,0.43,0.35,0.70,0.40,0.40,,0.25,0.40,0.47,0.63,0.35,0.50,0.55,0.55,,0.70,0.40,0.40,0.45,0.75,0.50,0.50,0.30,0.40,0.65,0.40,0.75,0.30,0.45,0.25,0.20,0.30,0.60,,0.45,0.50,0.63,0.57,0.50,0.55,0.70,0.40,0.40,0.35,0.60,,0.40,,0.50,,0.40,0.60,0.40,0.30,0.30,0.40,0.40,0.40,0.43,0.75,0.40,0.40,0.15,0.20,0.20,0.65,0.15,0.60,0.35,0.60,0.30,0.10,0.35,0.40,,,,0.60,,
20260407,19,AQI,49,34,57,46,30,54,54,47,34,51,47,47,54,68,37,35,27,25,27,29,48,28,38,28,50,40,40,37,46,34,34,31,43,32,36,30,33,35,33,32,32,33,47,38,51,48,39,60,65,32,80,90,80,40,35,33,50,38,40,33,38,46,80,45,36,29,41,36,38,100,64,46,119,62,65,52,48,53,29,34,35,30,48,36,54,72,38,59,53,26,50,57,63,28,27,28,26,43,39,46,30,31,52,39,59,32,51,52,42,63,56,63,90,55,28,47,38,42,37,24,49,37,33,57,51,73,81,64,104,71,72,86,68,73,81,70,55,25,61,55,46,22,16,32,15,24,26,27,31,38,91,84,71,90,97,118,56,91,58,157,,,,,,,,,,,,,,,,,,,,,,,,,,,,,,67,51,41,64,63,74,92,61,82,71,39,25,113,59,,29,93,53,33,28,35,30,27,23,31,29,31,29,24,28,30,27,24,25,33,26,27,51,54,50,58,52,54,51,51,47,46,52,52,47,49,23,25,27,53,58,58,53,61,22,53,54,54,54,64,69,90,55,57,70,58,64,70,67,74,70,78,75,68,76,61,37,31,64,84,41,59,66,60,60,66,65,59,79,70,121,42,59,59,101,32,17,15,42,51,29,37,28,21,18,27,,23,32,61,63,52,32,40,41,,30,44,62,31,69,80,43,49,50,141,39,202,36,28,38,40,38,41,,43,38,63,62,74,77,52,30,65,72,55,,65,,38,,28,54,50,37,34,36,39,199,95,62,32,52,36,54,81,171,136,141,155,53,38,29,83,55,,,,53,,
20260407,19,PM2.5,16,13,20,12,13,38,19,21,15,23,26,24,24,31,11,18,15,12,16,9,4,7,4,6,17,7,3,5,12,7,9,7,17,3,4,4,6,6,4,3,3,9,21,11,8,11,22,36,28,4,59,67,59,19,15,12,23,20,17,15,15,24,59,25,19,12,20,23,7,53,29,25,39,23,47,29,25,16,12,20,17,17,20,6,25,38,10,19,18,3,15,21,28,4,4,6,17,25,21,22,21,12,34,15,36,14,21,24,23,20,32,29,30,23,13,28,24,27,21,14,9,20,15,12,11,42,58,40,78,39,37,46,38,43,60,47,29,15,37,39,27,4,9,17,8,10,3,12,16,18,52,49,27,47,55,81,13,38,17,96,,,,,,,,,,,,,,,,,,,,,,,,,,,,,,38,15,21,36,35,25,35,28,35,25,19,9,85,35,,3,29,20,23,16,16,21,19,13,22,20,20,20,13,12,19,14,17,16,14,18,6,10,16,12,13,13,12,18,12,10,12,12,19,3,16,12,13,19,17,35,41,31,44,14,35,38,38,22,39,41,51,26,29,32,24,23,46,26,37,46,37,39,49,52,28,11,22,46,62,29,39,34,43,38,48,47,42,58,51,92,26,36,37,76,17,6,8,26,5,14,5,16,9,9,6,,5,14,44,45,30,18,17,25,,19,31,21,13,48,59,30,34,35,108,27,152,25,12,6,6,9,18,,3,3,36,24,35,35,21,13,46,24,27,,26,,11,,12,29,30,19,9,6,3,149,31,14,16,15,10,16,36,117,73,78,74,20,10,3,24,13,,,,37,,
20260407,19,PM2.5_24h,7,12,17,14,7,25,12,12,5,10,17,15,21,24,9,12,9,18,28,16,18,21,7,7,26,18,16,18,19,13,16,10,22,33,16,19,33,31,24,18,14,31,36,21,21,18,17,38,23,5,41,52,48,23,17,14,25,21,19,17,19,25,49,31,21,18,12,18,6,44,28,33,24,23,44,40,19,13,9,12,12,10,17,14,16,25,6,23,23,6,12,24,29,3,5,2,25,16,25,21,24,13,29,18,30,25,22,26,21,38,15,23,34,19,8,21,15,14,13,25,11,28,16,28,25,44,39,29,43,33,37,32,29,46,52,44,27,9,39,37,22,11,12,18,11,8,16,18,9,18,42,36,22,33,48,31,24,19,12,32,,,,,,,,,,,,,,,,,,,,,,,,,,,,,,30,23,32,28,19,27,31,23,18,15,13,10,30,11,,5,12,7,14,14,6,21,14,15,16,21,13,13,16,6,8,8,10,11,12,23,8,23,23,26,30,33,33,27,27,27,25,27,35,37,12,7,11,22,14,32,23,30,30,10,24,27,28,33,33,29,33,37,32,26,32,26,55,24,40,50,35,32,54,53,26,16,26,31,61,17,28,24,35,22,41,34,37,66,42,79,25,32,51,74,17,8,11,10,9,20,18,10,26,13,6,,2,11,35,34,18,16,43,11,,8,25,16,11,54,34,18,38,39,75,20,52,21,12,4,5,5,15,,4,4,37,22,32,35,24,22,36,26,31,,30,,19,,14,28,21,23,19,10,5,24,23,26,20,17,12,25,27,87,58,89,89,25,8,3,31,26,,,,40,,
20260407,19,PM10,49,34,63,46,30,57,58,47,34,52,47,47,58,85,24,35,27,18,27,28,48,28,38,28,50,40,40,37,46,34,34,27,43,21,36,16,27,27,21,13,26,33,47,38,52,48,39,70,79,23,96,115,86,40,35,33,50,38,40,33,38,46,81,45,36,29,41,36,25,149,77,46,187,74,73,54,48,56,29,34,35,19,48,36,57,93,38,67,56,15,50,64,76,28,11,20,26,43,39,46,27,31,54,39,68,,52,54,42,75,61,75,130,60,26,47,38,42,37,24,49,37,33,64,51,96,111,77,107,92,93,122,86,95,107,89,59,25,71,57,46,13,15,32,15,24,17,27,31,38,131,118,91,129,144,185,61,131,66,264,,,,,,,,,,,,,,,,,,,,,,,,,,,,,,84,52,41,78,75,98,134,71,114,92,39,25,95,68,,9,135,56,32,26,35,27,23,18,30,25,31,21,17,28,30,27,22,21,33,19,23,51,58,50,65,53,58,52,52,47,46,54,53,47,49,18,25,,56,65,56,56,55,22,56,57,55,58,77,88,130,59,64,90,65,77,89,84,98,89,105,100,82,101,71,37,30,,108,33,67,82,53,70,69,72,68,82,68,105,42,68,68,117,32,17,15,42,51,29,37,28,19,18,14,,8,32,58,56,54,32,26,41,,30,33,73,31,87,64,42,43,45,154,34,185,31,18,6,31,22,19,,6,10,75,73,97,104,54,26,79,93,60,,80,,38,,27,57,50,37,34,16,12,,140,74,32,54,26,58,111,291,221,232,259,56,38,16,116,59,,,,55,,
20260407,19,PM10_24h,25,36,65,42,29,66,52,29,16,28,47,49,66,76,22,43,22,19,38,35,58,47,38,30,65,51,55,56,47,41,42,29,55,78,41,35,69,65,54,32,30,61,62,40,69,30,26,64,65,24,105,102,66,43,35,33,42,35,43,36,37,42,67,47,34,27,26,33,12,140,69,65,72,99,63,60,37,41,25,24,23,26,28,44,50,74,33,55,68,24,39,66,62,25,18,22,36,32,42,44,36,30,43,37,53,53,44,48,35,89,41,63,94,68,16,42,43,45,27,28,28,36,29,62,61,89,116,90,101,109,103,100,54,92,91,67,36,21,65,53,41,25,16,34,20,22,29,29,21,36,119,93,72,106,142,83,73,61,58,107,,,,,,,,,,,,,,,,,,,,,,,,,,,,,,77,68,45,103,51,90,101,59,79,73,37,23,68,30,,12,54,25,38,34,24,25,24,40,43,24,20,19,20,22,13,17,13,15,26,23,20,66,70,70,85,78,70,57,77,68,65,69,79,68,27,12,17,33,28,49,31,48,39,18,41,39,44,56,93,95,83,85,83,83,78,82,111,86,128,99,113,96,90,115,69,27,34,35,86,20,48,35,47,32,57,58,63,85,61,99,42,47,75,108,36,18,22,21,33,31,43,18,39,21,20,,9,24,50,46,29,32,50,17,,12,37,38,20,91,40,30,49,56,96,27,68,28,21,10,13,15,20,,11,9,68,56,78,100,65,61,65,101,91,,97,,54,,35,63,46,42,51,28,14,50,81,94,68,56,38,150,134,228,178,253,300,84,27,24,209,165,,,,58,,
20260407,19,SO2,3,7,4,10,8,6,3,3,14,4,6,6,5,10,7,8,6,6,6,6,6,7,5,9,9,6,6,7,9,9,6,6,5,7,6,5,8,6,7,4,6,4,6,4,8,5,2,8,10,6,7,10,5,5,5,4,4,4,6,2,5,7,4,6,8,4,5,4,4,8,5,11,8,7,4,6,17,7,7,5,7,9,4,9,9,11,8,10,8,5,5,4,6,8,3,5,7,5,5,4,7,5,6,4,5,2,5,7,3,6,11,10,8,6,5,9,10,7,11,6,10,4,6,8,7,9,12,5,9,11,7,16,6,9,9,10,10,4,6,13,3,6,6,15,7,5,2,5,5,4,11,9,3,10,10,2,35,8,5,9,,,,,,,,,,,,,,,,,,,,,,,,,,,,,,7,3,5,7,5,11,11,10,11,14,6,6,10,12,,5,9,10,8,7,7,4,6,7,8,2,5,5,4,9,6,4,7,7,6,6,8,7,9,7,7,7,5,10,8,5,6,6,5,5,4,5,3,4,6,4,6,4,14,3,7,7,7,5,8,10,5,7,6,7,4,5,10,11,11,13,9,4,7,7,5,7,6,7,7,7,3,3,4,5,8,7,8,9,7,15,8,,12,10,5,7,7,5,7,7,5,7,8,4,5,,6,5,6,8,3,10,9,3,,4,6,8,8,7,12,6,5,4,11,3,10,7,7,6,8,9,6,,7,7,7,4,6,12,11,11,14,4,7,,6,,8,,5,15,15,12,10,14,8,,5,8,5,5,11,6,4,4,6,4,3,6,6,5,15,8,,,,7,,
20260407,19,SO2_24h,3,7,3,6,7,6,3,3,4,3,5,6,5,9,7,7,6,6,9,6,7,6,4,8,10,7,7,8,6,9,7,6,5,8,6,5,8,6,6,5,5,4,5,4,7,4,2,8,9,6,8,9,5,5,5,5,4,4,6,4,5,9,5,7,8,4,4,5,4,7,5,14,12,8,4,6,13,7,9,6,7,11,3,11,10,12,12,11,12,5,5,4,9,7,3,6,8,6,6,5,7,5,6,5,5,4,7,7,5,8,12,12,10,7,6,16,9,8,9,6,6,4,6,8,8,9,14,5,10,11,8,16,6,9,7,8,10,4,7,11,4,5,6,12,8,6,3,5,6,6,8,6,3,7,9,13,38,16,5,10,,,,,,,,,,,,,,,,,,,,,,,,,,,,,,6,4,4,7,9,11,12,9,10,16,5,6,11,9,,5,9,6,6,9,7,3,5,7,8,2,6,6,5,9,7,4,5,7,5,6,9,6,9,8,9,7,5,9,8,5,6,7,7,7,3,4,4,4,4,4,6,5,11,3,7,7,10,8,9,11,8,8,9,6,5,7,11,8,13,11,8,5,7,7,5,7,5,8,7,7,4,5,4,4,8,7,7,11,12,18,7,5,9,8,5,7,7,3,7,7,5,7,8,3,6,,6,4,6,12,3,10,13,3,,4,6,7,8,7,12,6,6,7,11,3,6,7,7,7,9,8,6,,8,6,7,13,7,8,27,12,14,7,8,,9,,8,,4,13,9,10,13,19,6,15,9,12,5,3,10,7,3,5,13,5,3,7,6,5,14,9,,,,8,,
20260407,19,NO2,13,22,15,19,10,11,15,14,13,13,20,18,13,21,10,19,14,15,27,21,22,35,16,23,16,19,25,26,26,10,14,14,12,14,26,17,19,16,21,13,15,18,20,20,23,13,14,15,29,14,19,30,26,26,13,7,24,6,12,13,12,16,11,9,21,10,14,8,8,37,12,16,12,10,29,35,29,13,15,13,19,11,14,16,17,24,17,26,16,16,22,13,13,22,12,13,16,8,9,12,10,6,17,5,31,8,12,9,8,15,20,13,15,15,14,20,20,27,17,17,14,19,12,21,24,22,26,11,24,17,14,19,47,37,20,21,19,13,8,16,6,8,15,12,17,13,6,17,8,6,22,19,11,28,24,6,11,12,3,3,,,,,,,,,,,,,,,,,,,,,,,,,,,,,,13,12,18,12,16,18,12,20,19,10,14,10,13,16,,9,8,13,14,10,13,15,9,13,15,10,21,9,9,7,7,5,16,13,8,16,3,24,18,13,13,11,9,23,16,12,16,9,24,14,12,11,15,9,21,6,18,16,18,12,17,17,11,13,13,18,18,13,17,14,10,11,8,16,25,24,19,11,18,29,16,27,16,13,13,16,13,12,22,19,10,16,15,17,14,12,17,,11,10,28,11,11,20,13,11,24,19,10,6,3,,7,8,10,6,12,12,8,7,,7,6,15,11,14,6,9,6,11,25,8,25,7,12,4,3,6,13,,1,3,21,12,33,10,11,14,12,7,10,,14,,6,,7,7,2,7,5,1,8,11,7,7,7,8,8,6,4,7,2,4,2,5,4,8,9,3,,,,10,,
20260407,19,NO2_24h,8,18,16,12,11,16,14,7,9,6,18,19,14,19,10,17,13,9,18,16,20,20,11,20,19,15,19,19,15,10,14,12,15,13,19,27,16,14,15,20,13,24,24,17,21,19,15,16,28,15,18,26,15,24,14,6,19,6,13,12,14,15,9,10,19,16,9,12,6,43,27,19,24,24,18,20,25,21,13,14,17,19,13,20,16,25,15,28,18,19,19,19,20,16,13,13,17,10,12,9,15,8,12,4,26,18,16,14,15,20,13,16,23,16,9,19,19,17,13,10,9,12,10,16,17,26,26,15,26,16,23,19,29,29,23,15,14,9,10,13,6,13,9,15,12,8,16,14,7,10,41,21,31,23,41,14,21,23,4,27,,,,,,,,,,,,,,,,,,,,,,,,,,,,,,15,16,23,19,13,22,28,19,32,28,8,7,12,11,,12,6,9,12,14,10,10,7,11,10,6,9,8,6,6,6,5,9,9,8,13,6,23,17,16,15,10,9,17,19,15,17,14,26,16,12,8,9,6,21,15,11,15,12,9,13,15,6,18,18,20,25,22,20,18,15,13,23,15,28,25,17,13,18,17,23,14,10,11,8,9,10,8,14,10,20,14,12,19,14,12,16,7,9,12,22,12,10,12,17,8,26,9,15,6,4,,9,9,10,7,12,9,12,6,,5,8,11,9,17,8,8,8,13,17,9,21,13,8,8,2,4,9,,5,3,23,36,19,18,21,26,18,11,22,,15,,12,,19,9,2,3,13,2,12,4,26,21,19,17,16,13,11,30,13,35,13,25,7,6,12,6,,,,6,,
20260407,19,O3,89,81,106,67,88,124,96,93,86,100,96,99,112,124,117,90,84,79,71,94,113,90,92,85,103,100,96,101,101,89,97,99,97,103,100,95,105,111,106,103,103,93,106,42,107,113,109,115,105,103,115,111,40,41,36,42,42,48,43,49,46,62,126,82,43,79,42,112,122,90,97,124,117,119,33,27,115,130,88,91,83,95,96,94,105,121,91,91,120,82,94,136,141,91,85,88,27,121,62,50,78,41,72,51,53,101,97,79,124,130,123,133,131,101,90,87,92,69,94,77,71,70,78,114,114,137,101,121,129,100,122,124,8,75,114,51,14,47,113,39,72,69,51,97,34,53,82,56,57,121,115,122,116,90,107,,123,124,119,92,,,,,,,,,,,,,,,,,,,,,,,,,,,,,,128,113,108,133,121,91,142,95,142,136,87,78,126,117,,92,130,94,96,89,90,78,85,74,65,74,69,74,77,79,75,87,66,81,84,78,87,99,122,114,135,131,120,109,114,110,120,106,133,114,111,73,51,82,102,125,76,68,114,54,55,73,98,123,114,104,137,118,125,116,115,116,125,110,75,112,107,93,116,111,116,16,39,40,60,19,44,39,46,24,60,88,95,108,103,149,41,47,71,151,51,54,48,71,73,67,50,48,67,40,87,,75,101,112,78,64,33,127,52,,39,120,86,87,146,141,116,132,139,118,104,100,81,90,123,129,121,131,,138,120,49,130,40,132,93,95,116,120,101,,108,,86,,88,147,141,108,104,115,124,126,112,102,95,138,116,112,124,108,118,114,110,126,104,93,130,103,,,,108,,
20260407,19,O3_24h,89,81,106,67,88,124,96,93,86,100,96,99,112,124,117,90,84,79,71,94,113,90,92,85,103,100,96,101,101,89,97,99,97,103,100,95,105,111,106,103,103,93,106,42,107,113,109,115,105,103,115,111,40,41,36,42,42,48,43,49,46,62,126,82,43,79,42,112,122,90,97,124,117,119,33,27,115,130,88,91,83,95,96,94,105,121,91,91,120,82,94,136,141,91,85,88,27,121,62,50,78,41,72,51,53,101,97,79,124,130,123,133,131,101,90,87,92,69,94,77,71,70,78,114,114,137,101,121,129,100,122,124,8,75,114,51,14,47,113,39,72,69,51,97,34,53,82,56,57,121,115,122,116,90,107,,123,124,119,92,,,,,,,,,,,,,,,,,,,,,,,,,,,,,,128,113,108,133,121,91,142,95,142,136,87,78,126,117,,92,130,94,96,89,90,78,85,74,65,74,69,74,77,79,75,87,66,81,84,78,87,99,122,114,135,131,120,109,114,110,120,106,133,114,111,73,51,82,102,125,76,68,114,54,55,73,98,123,114,104,137,118,125,116,115,116,125,110,75,112,107,93,116,111,116,16,39,40,60,19,44,39,46,24,60,88,95,108,103,149,41,47,71,151,51,54,48,71,73,67,50,48,67,40,87,,75,101,112,78,64,33,127,52,,39,120,86,87,146,141,116,132,139,118,104,100,81,90,123,129,121,131,,138,120,49,130,40,132,93,95,116,120,101,,108,,86,,88,147,141,108,104,115,124,126,112,102,95,138,116,112,124,108,118,114,110,126,104,93,130,103,,,,108,,
20260407,19,O3_8h,87,87,101,83,90,114,97,102,91,96,99,102,106,130,108,97,89,86,82,105,121,108,107,95,117,114,109,113,120,107,103,105,106,117,108,99,115,120,113,110,109,115,129,86,119,112,104,117,118,102,112,133,49,59,46,47,67,63,61,71,63,68,121,116,52,79,56,111,121,103,108,125,125,109,43,38,117,126,94,95,103,94,93,106,104,125,97,109,129,88,105,138,142,97,91,94,47,76,73,63,82,42,81,59,49,105,90,82,117,133,121,133,154,98,102,92,97,90,99,86,86,83,85,123,122,138,113,108,123,109,126,121,21,97,112,63,38,68,99,54,71,74,75,101,49,67,85,68,64,116,111,119,119,63,117,124,110,129,110,98,,,,,,,,,,,,,,,,,,,,,,,,,,,,,,117,122,91,136,120,109,139,98,131,122,97,85,114,107,,97,129,99,100,95,99,94,88,81,77,82,94,82,85,86,82,85,87,86,90,93,90,120,128,119,141,140,122,123,128,115,132,113,135,129,113,71,71,82,108,132,59,101,130,67,80,91,118,129,103,101,130,117,131,119,127,120,124,113,82,129,112,123,136,123,110,22,48,66,58,37,75,55,56,45,80,91,106,115,88,147,51,50,79,152,73,58,66,80,81,69,65,70,69,62,84,,79,99,111,74,66,51,116,57,,50,117,103,98,147,136,110,128,131,147,98,114,75,98,116,120,119,124,,131,110,51,126,58,118,97,89,114,115,109,,115,,86,,89,143,129,110,112,120,129,130,115,109,105,123,115,101,103,98,108,98,103,111,87,108,113,92,,,,118,,
20260407,19,O3_8h_24h,87,87,101,82,90,114,97,101,91,96,99,102,106,130,108,97,89,86,82,105,121,107,106,95,117,114,109,113,120,106,103,105,106,115,108,98,115,119,113,109,108,115,129,75,118,112,104,117,118,102,113,133,47,59,45,47,67,61,61,70,62,68,121,114,51,79,48,111,121,102,108,125,125,109,42,37,117,126,94,95,102,94,93,106,104,125,96,109,129,88,104,138,142,97,90,94,42,76,73,62,82,42,81,58,49,105,90,82,117,133,121,133,154,98,101,92,97,89,99,85,85,83,85,123,122,138,113,108,123,109,126,121,20,96,112,63,37,55,99,51,70,74,66,101,46,66,85,67,62,116,111,119,119,69,117,124,110,129,110,98,,,,,,,,,,,,,,,,,,,,,,,,,,,,,,117,122,91,136,120,109,139,112,131,122,97,84,114,107,,97,129,99,100,95,99,93,88,81,75,82,93,80,84,85,88,85,85,86,89,91,90,119,128,119,141,139,122,122,128,115,132,113,135,129,113,71,69,82,108,132,59,99,130,66,76,91,118,129,103,101,130,117,131,119,127,120,124,113,82,129,112,122,135,123,110,21,36,45,58,30,55,48,56,44,80,90,106,115,88,147,51,50,79,152,71,58,61,80,81,69,62,68,69,52,84,,79,99,111,74,66,38,116,55,,39,117,103,97,147,136,110,128,131,147,98,114,75,97,116,120,119,124,,131,110,51,126,57,118,97,89,114,115,109,,115,,86,,89,143,129,110,111,120,129,130,115,109,105,123,115,101,103,98,108,98,103,111,87,91,113,92,,,,118,,
20260407,19,CO,0.29,0.45,0.30,0.67,0.35,0.38,0.25,0.33,0.50,0.32,0.28,0.33,0.30,0.57,0.30,0.50,0.41,0.32,0.30,0.36,0.47,0.48,0.53,0.43,0.40,0.40,0.47,0.40,0.58,0.43,0.30,0.44,0.35,0.38,0.30,0.17,0.25,0.35,0.35,0.13,0.30,0.47,0.40,0.35,0.57,0.30,0.43,0.82,0.51,0.40,0.54,1.01,0.83,0.67,0.47,0.47,0.47,0.20,0.37,0.57,0.53,0.50,0.77,0.53,0.56,0.36,0.37,0.42,0.20,0.73,0.43,0.55,0.30,0.29,0.52,0.78,0.61,0.32,0.42,0.40,0.30,0.35,0.50,0.21,0.46,0.67,0.30,0.48,0.44,0.30,0.32,0.50,0.38,0.48,0.27,0.40,0.87,0.68,0.53,0.65,0.70,0.10,0.65,0.57,0.65,0.50,0.67,0.60,0.23,0.30,0.46,0.47,0.67,0.50,0.38,0.60,0.65,0.62,0.44,0.62,0.70,0.43,0.23,0.37,0.30,0.92,0.59,0.32,0.83,0.57,0.50,0.60,0.63,0.77,1.00,1.07,0.65,0.80,0.78,0.92,0.45,0.48,0.65,1.00,0.80,1.00,0.43,0.30,0.47,0.38,0.83,0.80,0.50,0.60,0.75,0.20,0.73,0.46,0.38,0.35,,,,,,,,,,,,,,,,,,,,,,,,,,,,,,0.47,0.30,0.45,0.50,0.53,0.40,0.50,0.43,0.50,0.40,0.50,0.30,0.45,0.47,,0.30,0.50,0.35,0.67,0.40,0.50,0.30,0.30,0.45,0.85,0.30,0.15,0.37,0.20,0.30,0.67,0.33,0.30,0.50,0.30,0.35,0.40,0.27,0.40,0.25,0.28,0.37,0.30,0.45,0.38,0.13,0.40,0.17,0.57,0.20,0.53,0.53,0.65,0.55,0.40,0.47,1.00,0.60,0.65,0.74,1.10,0.97,0.88,0.45,0.54,0.55,0.60,0.35,0.48,0.60,0.40,0.37,0.63,0.80,0.72,1.03,0.45,0.60,0.55,0.70,0.77,0.90,1.00,1.10,0.90,0.60,0.77,0.55,0.70,0.65,0.40,0.67,0.90,0.97,0.83,1.05,0.73,0.80,1.20,1.00,0.63,0.40,0.55,0.50,0.40,0.52,0.28,0.45,0.60,0.45,0.30,,0.25,0.45,0.57,0.73,0.35,0.55,0.30,0.60,,0.70,0.40,0.30,0.60,0.70,0.45,0.60,0.30,0.35,0.95,0.50,1.40,0.25,0.60,0.20,0.20,0.35,0.60,,0.40,0.35,0.63,0.43,0.60,0.55,0.45,0.40,0.60,0.25,0.55,,0.40,,0.50,,0.35,0.60,0.50,0.40,0.30,0.40,0.40,0.30,0.30,0.25,0.35,0.35,0.15,0.20,0.20,0.35,0.10,0.25,0.25,0.40,0.30,0.20,0.30,0.30,,,,0.55,,
20260407,19,CO_24h,0.26,0.46,0.38,0.48,0.30,0.38,0.26,0.30,0.30,0.28,0.30,0.30,0.38,0.57,0.36,0.45,0.37,0.36,0.34,0.41,0.58,0.58,0.47,0.44,0.44,0.48,0.74,0.63,0.52,0.53,0.35,0.42,0.35,0.59,0.44,0.50,0.46,0.60,0.47,0.40,0.40,0.67,0.50,0.55,0.59,0.57,0.38,0.73,0.53,0.40,0.54,0.83,0.73,0.65,0.50,0.47,0.50,0.25,0.33,0.60,0.57,0.57,0.64,0.52,0.57,0.42,0.43,0.46,0.23,0.67,0.50,0.75,0.54,0.41,0.52,0.73,0.53,0.34,0.44,0.47,0.30,0.38,0.50,0.47,0.44,0.63,0.26,0.52,0.56,0.32,0.32,0.53,0.52,0.48,0.23,0.38,0.87,0.57,0.60,0.67,0.80,0.35,0.50,0.53,0.65,0.90,0.77,0.55,0.40,0.70,0.51,0.60,0.73,0.50,0.36,1.00,0.57,0.52,0.40,0.60,0.40,0.43,0.23,0.53,0.43,0.84,0.59,0.32,0.67,0.60,0.57,0.53,0.53,0.70,0.95,1.05,0.55,0.73,0.78,0.94,0.50,0.50,0.57,0.80,0.70,0.47,0.50,0.25,0.50,0.45,0.63,0.60,0.55,0.52,0.70,0.50,0.80,0.60,0.36,0.40,,,,,,,,,,,,,,,,,,,,,,,,,,,,,,0.43,0.40,0.70,0.60,0.37,0.45,0.67,0.43,0.47,0.43,0.47,0.20,0.45,0.42,,0.25,0.50,0.28,0.43,0.35,0.47,0.37,0.30,0.45,0.70,0.30,0.20,0.30,0.20,0.27,0.33,0.30,0.30,0.40,0.30,0.30,0.40,0.37,0.42,0.35,0.50,0.47,0.55,0.40,0.46,0.23,0.42,0.23,0.77,0.37,0.70,0.67,0.55,0.65,0.60,0.70,0.73,0.65,0.60,0.74,0.95,0.75,0.85,0.75,0.62,0.65,0.55,0.45,0.50,0.55,0.40,0.40,0.85,0.63,0.70,0.87,0.57,0.70,0.50,1.10,0.73,0.55,0.92,0.80,0.80,0.55,0.60,0.40,0.70,0.50,0.35,0.63,0.67,0.93,0.77,1.10,0.77,0.80,1.10,1.00,0.67,0.45,0.43,0.45,0.50,0.63,0.40,0.35,0.70,0.40,0.30,,0.25,0.40,0.47,0.63,0.35,0.55,0.55,0.55,,0.70,0.40,0.40,0.45,0.75,0.50,0.50,0.40,0.40,0.65,0.40,0.80,0.30,0.45,0.25,0.20,0.35,0.60,,0.45,0.50,0.63,0.57,0.50,0.55,0.70,0.40,0.40,0.35,0.65,,0.40,,0.50,,0.40,0.60,0.40,0.30,0.30,0.40,0.40,0.40,0.43,0.75,0.40,0.40,0.15,0.20,0.20,0.65,0.15,0.60,0.30,0.60,0.30,0.10,0.35,0.40,,,,0.60,,
20260407,20,AQI,53,36,53,43,33,57,57,42,30,54,47,50,56,65,44,43,28,24,25,29,44,31,36,30,50,38,47,36,44,33,33,29,43,31,38,29,32,33,33,31,31,33,44,35,47,39,41,71,65,31,76,91,85,39,35,33,46,28,35,33,38,41,80,47,39,31,45,39,38,100,59,51,92,67,78,57,52,62,28,39,34,27,48,34,55,70,40,60,60,23,51,58,69,28,24,37,27,39,40,44,21,30,51,37,57,33,37,38,42,67,62,57,92,54,26,54,41,45,31,27,42,43,37,51,50,68,78,62,104,69,71,86,67,75,83,71,50,26,63,58,42,19,15,37,17,28,23,30,33,35,89,80,75,88,95,119,55,107,59,154,,,,,,,,,,,,,,,,,,,,,,,,,,,,,,64,45,42,70,68,73,86,68,80,84,45,25,114,70,,25,112,60,60,36,36,44,33,30,48,30,32,29,25,32,27,27,23,26,26,23,26,48,52,50,58,53,43,51,55,46,48,52,51,36,47,24,25,25,51,54,54,52,53,26,50,51,54,56,65,67,74,54,60,69,53,60,71,64,78,71,77,78,76,73,61,40,39,75,81,31,57,59,59,57,69,63,59,83,74,121,45,61,57,84,35,15,53,36,47,28,41,30,21,13,32,,22,31,58,56,56,40,45,46,,42,41,47,27,72,85,51,50,59,153,33,219,31,26,38,38,38,38,,43,37,60,61,73,73,44,28,81,75,61,,64,,34,,30,50,50,33,31,18,39,25,86,56,45,56,33,53,85,162,120,138,177,50,43,28,77,54,,,,56,,
20260407,20,PM2.5,19,14,18,18,10,35,21,20,6,27,24,21,26,31,20,26,16,17,16,9,4,7,6,5,17,7,3,5,11,9,10,7,17,4,5,4,7,6,4,3,3,9,19,9,6,9,22,52,28,4,56,68,63,19,15,12,24,19,18,15,15,23,59,27,18,12,27,27,7,53,25,31,37,23,57,32,31,20,11,24,24,11,18,6,25,35,13,20,21,10,13,21,32,4,5,14,17,21,21,24,3,11,31,14,34,20,23,25,23,21,43,28,37,21,16,34,27,29,19,19,9,24,16,10,10,32,54,41,78,40,45,49,33,44,59,52,28,16,37,41,28,4,9,21,9,12,4,14,18,22,53,43,31,50,53,77,17,34,15,91,,,,,,,,,,,,,,,,,,,,,,,,,,,,,,37,27,20,27,43,34,31,38,36,30,27,10,86,47,,5,26,19,43,25,15,31,23,21,32,21,19,20,13,16,19,14,16,12,11,15,9,10,19,12,11,14,12,19,13,14,12,12,19,3,14,12,15,10,15,33,38,32,37,16,32,36,38,21,41,39,54,22,33,29,24,21,48,27,37,51,36,43,56,53,31,14,27,55,60,22,37,33,42,36,50,45,41,61,54,92,23,35,39,62,17,5,10,22,3,14,7,17,9,9,6,,5,14,41,39,29,18,30,19,,21,29,20,13,50,63,36,35,42,117,19,169,22,14,6,10,7,21,,5,7,35,21,35,30,18,11,59,29,28,,27,,8,,8,29,35,22,8,6,3,3,32,15,16,28,12,20,61,56,71,76,78,21,7,7,23,15,,,,40,,
20260407,20,PM2.5_24h,7,13,17,14,7,25,12,13,5,11,17,14,20,25,9,12,9,18,27,14,17,18,6,7,25,17,14,16,19,13,16,10,22,31,16,18,31,29,21,17,14,30,35,20,21,17,18,39,24,5,41,52,48,23,17,14,25,21,19,17,19,25,49,31,20,17,12,19,6,45,28,33,25,23,45,40,20,13,9,12,12,10,17,14,16,26,6,23,22,6,12,24,30,3,5,3,24,17,25,22,23,13,30,18,30,25,22,26,22,39,17,24,35,19,8,21,16,15,13,25,11,27,16,27,24,43,40,29,45,34,37,33,29,45,53,43,27,8,39,35,22,10,11,18,11,7,15,18,9,18,43,36,22,33,48,34,24,20,12,35,,,,,,,,,,,,,,,,,,,,,,,,,,,,,,31,24,32,28,20,28,32,24,18,15,13,10,32,13,,5,13,7,15,14,7,20,15,16,17,20,13,13,15,6,9,8,10,10,12,21,8,22,22,25,29,30,32,26,27,27,24,26,34,35,11,7,11,22,14,32,24,30,31,10,25,27,29,32,33,29,34,36,32,27,32,26,54,24,40,50,34,31,54,53,26,15,26,32,62,18,29,25,36,23,41,35,37,66,42,78,24,31,49,72,17,7,10,11,9,20,17,11,25,13,6,,2,11,36,35,19,15,42,11,,9,25,16,11,55,35,19,37,39,77,20,58,22,12,4,5,5,15,,4,4,36,22,32,35,23,22,38,26,31,,30,,18,,13,28,22,23,19,9,5,23,23,26,20,18,11,25,29,87,59,90,89,26,8,3,32,25,,,,39,,
20260407,20,PM10,55,36,56,43,33,64,63,42,30,58,47,50,61,80,44,43,28,22,25,29,44,31,36,30,50,38,47,36,44,33,33,29,43,23,38,15,28,27,21,13,27,33,44,35,47,39,41,74,80,21,93,116,98,39,35,33,46,28,35,33,38,41,79,47,39,31,45,39,22,150,67,52,134,84,82,63,53,74,24,39,26,19,48,34,59,89,40,70,69,20,52,65,87,26,16,37,27,39,40,44,7,30,52,37,64,,37,38,42,83,74,64,133,57,26,57,41,45,31,27,42,43,37,52,50,85,106,74,109,87,91,122,84,99,115,89,50,26,75,58,42,12,14,37,17,28,16,30,33,34,128,109,99,125,140,188,60,164,67,258,,,,,,,,,,,,,,,,,,,,,,,,,,,,,,78,45,42,90,85,96,122,85,110,117,45,20,117,89,,13,174,69,44,30,36,39,29,25,48,27,32,18,18,32,,26,22,19,25,15,22,48,54,50,66,55,43,51,60,46,48,53,52,36,47,19,25,8,51,57,52,53,48,26,50,51,56,62,79,84,93,58,70,87,55,69,92,78,105,91,104,106,84,94,72,40,33,63,111,28,64,67,55,63,68,71,67,98,78,103,45,71,64,102,35,15,56,36,47,28,41,30,18,12,19,,9,31,61,61,61,40,45,46,,42,36,47,26,93,,50,48,52,174,25,255,28,21,,28,18,,,7,14,70,72,96,95,44,25,111,99,71,,77,,34,,18,50,45,33,31,18,6,25,121,62,45,62,28,55,120,274,189,225,304,50,43,15,103,57,,,,62,,
20260407,20,PM10_24h,26,36,64,42,29,65,52,29,17,29,46,49,63,77,23,42,23,19,37,31,57,42,38,29,63,50,54,52,47,40,40,29,54,73,41,33,65,61,50,32,30,60,62,40,69,31,27,65,67,23,105,102,67,43,35,33,43,35,42,36,37,42,67,47,34,27,26,33,12,141,68,65,76,101,65,61,38,42,25,25,23,25,28,43,50,73,33,57,66,24,40,67,64,24,18,23,35,32,41,44,35,29,43,37,53,52,43,48,36,90,43,64,97,67,16,42,42,45,27,27,29,36,29,60,59,90,115,88,101,107,102,102,55,93,93,68,36,19,65,51,41,24,16,34,19,22,28,29,22,35,119,94,74,105,142,89,73,66,58,116,,,,,,,,,,,,,,,,,,,,,,,,,,,,,,77,68,45,102,53,91,103,59,82,76,37,23,69,32,,12,60,26,38,34,24,26,25,34,42,24,20,19,19,22,13,17,13,14,26,22,20,64,69,69,83,75,68,56,77,66,64,69,76,66,27,12,17,32,28,50,32,48,40,18,41,39,44,56,93,94,84,84,83,84,77,81,110,84,125,98,112,96,89,113,69,27,34,37,89,20,51,37,48,34,58,59,63,85,61,100,41,46,74,107,36,18,23,22,33,31,41,19,37,20,20,,9,25,51,47,30,32,49,19,,13,37,37,20,91,41,31,48,55,97,27,76,28,21,10,12,15,20,,11,9,67,57,78,100,64,58,68,103,89,,97,,52,,35,62,45,41,50,27,14,48,84,94,66,57,38,150,136,232,179,257,299,85,27,23,209,165,,,,58,,
20260407,20,SO2,4,8,3,9,9,6,4,6,8,3,7,6,5,9,7,12,6,6,7,6,6,7,5,8,9,6,7,6,8,9,6,6,4,8,6,4,8,6,6,4,5,4,6,4,11,5,2,8,9,6,6,9,5,5,5,4,4,4,6,4,5,7,4,6,7,4,5,4,4,8,6,13,7,7,4,6,21,7,7,5,7,9,4,9,9,9,8,10,9,5,4,3,7,8,4,6,7,6,5,4,7,5,6,5,5,2,6,6,3,6,11,10,8,6,6,8,10,7,10,6,10,3,6,7,7,9,11,5,9,10,7,15,6,8,10,9,10,4,6,13,4,6,6,10,7,5,2,5,5,5,9,8,3,8,9,3,36,7,5,10,,,,,,,,,,,,,,,,,,,,,,,,,,,,,,6,2,4,6,6,9,10,9,12,12,12,6,10,19,,5,9,9,8,8,7,4,6,9,9,1,5,7,5,10,9,4,7,6,6,5,8,6,9,6,7,7,5,10,7,6,6,6,5,5,4,5,3,4,5,4,6,4,15,3,7,7,7,8,8,10,4,6,7,7,4,5,10,10,12,15,8,5,7,7,5,7,6,8,7,6,4,3,2,4,8,7,7,15,11,13,10,7,13,9,4,8,7,4,7,6,5,6,8,3,6,,6,3,5,8,3,10,9,2,,5,6,11,9,7,13,6,5,4,11,3,9,6,8,6,8,9,9,,6,6,7,5,6,7,8,12,16,4,8,,6,,8,,5,11,16,13,11,18,6,15,6,9,5,5,11,5,4,4,6,4,2,6,5,5,14,8,,,,8,,
20260407,20,SO2_24h,3,8,3,7,7,6,3,3,4,3,5,6,5,9,7,7,6,6,9,6,7,6,4,8,10,7,7,8,6,9,7,6,5,8,6,5,8,6,6,5,5,4,5,4,8,4,2,8,10,6,8,9,5,5,5,5,4,4,6,4,5,9,5,7,8,4,4,5,4,7,5,14,12,8,4,6,14,7,9,6,6,11,3,11,10,12,12,11,12,5,5,4,9,7,3,6,7,6,6,5,7,5,6,5,5,4,7,7,5,8,12,12,10,7,6,16,9,8,9,6,6,3,6,8,8,9,13,5,10,11,8,16,6,9,7,9,10,4,7,11,4,5,6,12,8,6,3,5,6,6,8,6,3,7,9,13,38,15,5,10,,,,,,,,,,,,,,,,,,,,,,,,,,,,,,6,4,4,7,10,10,12,9,10,17,5,6,11,9,,5,9,6,6,9,7,3,5,7,8,2,6,6,5,9,7,4,5,7,5,6,9,6,9,8,9,7,5,9,8,5,6,7,7,7,3,4,4,4,5,4,6,5,12,3,7,7,10,8,9,11,8,8,9,7,5,7,11,8,13,11,8,5,7,7,5,7,6,9,7,7,4,4,4,4,8,7,7,12,12,18,7,5,9,8,5,7,7,3,7,7,5,7,8,3,6,,6,4,6,12,3,10,12,3,,4,6,7,8,7,12,6,6,6,11,3,6,7,7,7,9,8,6,,8,6,7,13,7,8,27,12,14,7,8,,9,,8,,5,13,9,10,13,19,6,15,9,12,5,4,10,7,3,5,13,5,4,7,6,5,14,9,,,,8,,
20260407,20,NO2,15,26,17,13,13,14,20,16,15,17,22,27,17,26,29,25,17,22,28,21,24,37,17,26,17,17,28,28,27,11,19,15,17,17,31,16,18,17,19,13,14,22,18,18,23,12,14,15,30,13,20,34,25,26,14,6,22,7,11,11,12,14,11,10,23,11,14,8,8,40,12,22,15,11,29,36,37,21,14,13,22,15,13,18,19,29,22,29,18,21,25,14,20,21,15,15,16,6,8,9,8,4,12,6,32,6,10,15,9,20,28,12,20,16,15,21,24,28,17,20,11,24,13,17,24,21,27,12,28,18,16,20,43,34,29,25,19,14,11,17,6,7,16,11,19,14,7,19,7,6,26,16,11,33,23,12,11,11,4,7,,,,,,,,,,,,,,,,,,,,,,,,,,,,,,14,12,19,12,25,20,12,29,21,11,23,8,19,27,,14,7,12,37,50,13,25,11,18,33,10,25,10,6,8,9,5,18,13,8,11,4,31,21,17,13,13,11,26,16,14,18,12,22,15,11,10,14,10,19,6,15,17,16,12,17,17,7,18,16,20,20,14,18,15,11,11,10,15,29,22,18,12,17,14,21,26,15,13,9,15,12,9,24,12,11,16,15,29,17,11,17,8,12,9,28,14,11,21,15,9,33,20,9,6,5,,8,6,9,5,12,14,13,6,,6,6,17,12,15,9,7,6,11,35,7,27,7,13,4,3,7,19,,1,3,20,14,33,7,14,14,16,10,11,,14,,7,,7,14,2,8,4,2,7,12,8,7,9,16,16,6,6,7,2,6,3,5,4,8,11,3,,,,11,,
20260407,20,NO2_24h,8,18,16,13,11,16,14,8,9,6,18,19,13,19,11,17,13,10,18,16,20,21,11,20,19,15,20,19,16,10,14,12,15,13,18,26,16,14,15,19,12,23,23,17,21,18,15,15,28,15,19,26,15,24,14,6,19,6,13,12,14,15,9,10,19,15,10,12,6,44,27,19,24,24,18,21,25,21,13,13,17,19,13,19,16,25,14,29,17,19,19,19,20,16,13,13,17,10,12,9,14,8,12,4,26,17,16,15,15,20,14,16,22,16,9,19,19,17,13,11,10,13,10,16,17,25,26,15,26,16,23,19,30,30,23,15,14,9,10,13,6,13,9,15,12,8,16,14,7,10,41,21,29,23,40,14,21,22,4,27,,,,,,,,,,,,,,,,,,,,,,,,,,,,,,15,16,23,19,13,23,28,19,32,28,9,7,12,12,,12,6,9,14,15,10,11,7,11,11,6,10,8,6,6,6,5,9,9,8,13,6,23,17,16,15,11,9,17,19,15,17,14,26,17,11,8,9,6,20,15,12,15,12,9,13,15,6,18,18,20,25,22,20,18,15,13,22,15,29,24,17,13,17,16,23,14,10,11,8,9,10,7,15,10,20,14,13,19,15,12,16,7,9,11,22,12,10,13,17,8,26,10,15,6,4,,9,9,10,7,12,9,12,5,,5,8,11,9,17,8,9,8,13,17,9,21,13,8,8,2,4,9,,5,3,23,36,19,18,21,25,19,11,22,,15,,11,,19,9,2,3,13,2,12,4,25,20,19,17,17,13,11,30,13,35,13,25,7,6,12,6,,,,6,,
20260407,20,O3,84,76,102,56,80,116,84,83,78,85,84,82,107,90,88,81,78,70,63,90,102,78,86,78,96,93,88,90,86,85,78,94,90,98,88,92,102,106,106,100,100,83,86,42,99,112,104,115,90,100,109,93,38,33,33,43,35,46,41,46,39,55,117,52,34,73,40,112,123,78,87,110,109,115,29,20,96,123,90,86,75,85,95,88,100,109,81,76,109,74,82,126,127,90,78,85,23,123,57,52,67,45,69,47,48,106,102,63,122,113,108,131,120,97,83,81,84,54,90,68,69,60,72,117,107,127,95,117,115,93,116,119,14,68,92,39,14,44,107,36,75,62,47,103,25,46,73,46,57,113,102,121,116,74,97,125,119,100,116,86,,,,,,,,,,,,,,,,,,,,,,,,,,,,,,126,106,101,131,100,83,138,73,138,122,75,79,114,103,,79,131,94,63,42,86,65,76,54,37,64,62,71,79,81,73,87,70,83,82,74,84,89,111,104,102,126,113,99,93,107,113,92,128,104,109,76,56,79,103,118,75,58,110,52,55,63,96,112,103,100,122,108,118,108,109,112,124,105,62,114,104,87,118,115,100,9,35,41,61,18,43,40,23,26,59,87,92,76,87,141,36,53,60,106,41,49,51,61,67,63,32,39,67,40,102,,69,93,103,75,60,28,108,49,,41,105,74,86,138,135,123,128,143,89,105,89,76,84,121,122,123,122,,137,118,48,117,21,129,79,91,108,112,100,,105,,85,,96,127,135,107,100,,125,,104,98,92,126,104,110,123,104,120,112,108,125,100,89,122,99,,,,104,,
20260407,20,O3_24h,84,76,102,56,80,116,84,83,78,85,84,82,107,90,88,81,78,70,63,90,102,78,86,78,96,93,88,90,86,85,78,94,90,98,88,92,102,106,106,100,100,83,86,42,99,112,104,115,90,100,109,93,38,33,33,43,35,46,41,46,39,55,117,52,34,73,40,112,123,78,87,110,109,115,29,20,96,123,90,86,75,85,95,88,100,109,81,76,109,74,82,126,127,90,78,85,23,123,57,52,67,45,69,47,48,106,102,63,122,113,108,131,120,97,83,81,84,54,90,68,69,60,72,117,107,127,95,117,115,93,116,119,14,68,92,39,14,44,107,36,75,62,47,103,25,46,73,46,57,113,102,121,116,74,97,125,119,100,116,86,,,,,,,,,,,,,,,,,,,,,,,,,,,,,,126,106,101,131,100,83,138,73,138,122,75,79,114,103,,79,131,94,63,42,86,65,76,54,37,64,62,71,79,81,73,87,70,83,82,74,84,89,111,104,102,126,113,99,93,107,113,92,128,104,109,76,56,79,103,118,75,58,110,52,55,63,96,112,103,100,122,108,118,108,109,112,124,105,62,114,104,87,118,115,100,9,35,41,61,18,43,40,23,26,59,87,92,76,87,141,36,53,60,106,41,49,51,61,67,63,32,39,67,40,102,,69,93,103,75,60,28,108,49,,41,105,74,86,138,135,123,128,143,89,105,89,76,84,121,122,123,122,,137,118,48,117,21,129,79,91,108,112,100,,105,,85,,96,127,135,107,100,,125,,104,98,92,126,104,110,123,104,120,112,108,125,100,89,122,99,,,,104,,
20260407,20,O3_8h,88,87,103,83,90,117,97,102,91,96,99,102,109,130,109,97,89,86,82,105,121,108,107,96,117,114,109,113,120,107,103,105,106,117,108,99,115,120,113,110,109,115,129,86,119,114,106,119,118,103,115,133,49,60,47,47,67,63,61,71,63,70,124,116,52,80,56,111,122,104,108,125,127,112,43,38,117,128,95,95,103,94,94,106,105,126,97,109,130,89,106,139,144,97,91,94,47,84,73,63,83,45,81,59,53,106,93,82,118,134,123,135,155,99,102,92,97,90,99,86,86,83,85,123,122,140,113,112,126,109,128,123,21,97,114,63,38,68,105,54,71,74,75,102,49,67,85,68,64,116,113,122,122,66,119,128,113,130,114,99,,,,,,,,,,,,,,,,,,,,,,,,,,,,,,121,122,98,138,122,109,140,98,136,126,97,85,117,110,,97,130,99,100,96,99,94,88,81,77,82,94,82,85,86,82,86,87,87,90,93,90,120,128,119,141,140,123,123,128,116,132,113,136,129,114,72,71,83,109,132,62,101,130,67,80,91,118,129,105,103,132,120,132,119,127,121,126,113,83,130,113,123,136,124,110,22,48,64,59,37,75,55,56,45,82,91,106,115,91,150,51,50,80,152,73,58,66,80,81,69,65,70,70,62,90,,79,101,111,77,66,51,117,57,,50,117,103,98,147,138,112,129,133,147,99,115,76,98,119,121,120,124,,133,111,53,128,58,119,97,95,116,117,109,,115,,87,,91,144,131,110,112,122,129,130,116,109,105,128,117,104,111,103,113,106,105,117,92,108,118,96,,,,118,,
20260407,20,O3_8h_24h,88,87,103,79,90,117,97,100,90,96,99,101,109,129,108,97,88,84,80,103,119,104,104,94,115,112,107,111,116,104,101,104,105,112,106,97,113,119,113,108,108,112,126,69,116,113,106,119,117,103,115,130,44,58,44,46,66,60,58,66,60,70,124,107,50,80,47,111,122,102,108,125,126,112,41,35,117,128,95,94,99,93,94,105,105,126,96,106,128,86,103,139,144,96,89,93,39,84,72,61,83,45,80,57,53,106,93,82,118,134,123,135,153,99,100,91,97,85,98,84,83,80,84,122,119,139,113,112,126,108,128,123,19,93,114,61,34,52,105,50,70,74,64,102,43,65,85,64,62,116,112,122,122,73,119,128,113,130,114,97,,,,,,,,,,,,,,,,,,,,,,,,,,,,,,121,122,98,138,122,108,140,109,136,126,95,83,117,110,,96,130,99,97,94,98,91,87,78,71,81,89,79,84,85,86,86,84,86,88,88,89,116,127,118,137,140,123,120,125,116,130,112,135,127,114,72,68,82,109,132,62,94,129,65,71,88,117,128,105,103,132,120,132,119,127,121,126,113,83,130,111,117,135,124,109,20,36,45,59,28,52,47,53,43,82,90,105,113,91,150,49,50,80,152,70,57,59,80,81,69,58,65,70,50,90,,79,101,111,77,66,36,119,54,,39,117,101,94,147,138,112,129,133,143,99,114,76,95,119,121,120,124,,133,111,53,128,53,119,95,95,116,117,109,,114,,87,,91,144,131,110,109,122,128,129,116,108,103,128,117,104,111,103,113,106,105,117,92,93,118,96,,,,117,,
20260407,20,CO,0.34,0.49,0.32,0.61,0.45,0.43,0.26,0.33,0.30,0.38,0.28,0.35,0.33,0.52,0.44,0.51,0.42,0.36,0.34,0.36,0.49,0.50,0.47,0.45,0.38,0.42,0.53,0.44,0.48,0.44,0.33,0.40,0.38,0.39,0.34,0.15,0.25,0.43,0.33,0.13,0.30,0.40,0.40,0.30,0.53,0.27,0.40,0.93,0.49,0.41,0.54,0.97,0.87,0.67,0.49,0.43,0.47,0.25,0.37,0.50,0.53,0.47,0.80,0.53,0.58,0.37,0.33,0.44,0.22,0.76,0.43,0.60,0.34,0.28,0.63,0.83,0.76,0.40,0.50,0.43,0.33,0.40,0.47,0.24,0.48,0.60,0.33,0.52,0.44,0.33,0.32,0.53,0.42,0.48,0.30,0.42,0.87,0.65,0.53,0.60,0.60,0.25,0.60,0.50,0.65,0.50,0.70,0.60,0.23,0.40,0.54,0.43,0.67,0.50,0.40,0.56,0.63,0.62,0.44,0.63,0.62,0.43,0.27,0.30,0.27,0.84,0.59,0.32,0.88,0.57,0.55,0.58,0.60,0.80,1.02,1.10,0.60,0.80,0.72,0.92,0.45,0.48,0.63,0.72,0.80,0.50,0.47,0.30,0.47,0.42,0.77,0.65,0.55,0.64,0.70,0.30,0.60,0.40,0.38,0.35,,,,,,,,,,,,,,,,,,,,,,,,,,,,,,0.45,0.40,0.45,0.50,0.50,0.45,0.50,0.60,0.57,0.37,0.53,0.30,0.50,0.65,,0.30,0.50,0.35,0.90,0.40,0.47,0.37,0.40,0.55,0.95,0.30,0.15,0.37,0.20,0.33,0.40,0.30,0.30,0.50,0.30,0.35,0.40,0.27,0.42,0.30,0.30,0.33,0.35,0.50,0.40,0.17,0.43,0.17,0.55,0.20,0.50,0.57,0.60,0.55,0.35,0.43,0.90,0.60,0.70,0.72,1.05,1.03,0.78,0.45,0.60,0.57,0.70,0.38,0.48,0.57,0.33,0.33,0.68,0.77,0.76,0.93,0.45,0.60,0.55,0.80,0.80,0.70,0.98,1.10,0.90,0.55,0.73,0.45,0.70,0.60,0.70,0.77,0.80,1.07,0.87,0.95,0.70,,1.20,0.80,0.63,0.40,0.50,0.55,0.40,0.52,0.30,0.45,0.60,0.45,0.30,,0.30,0.35,0.53,0.73,0.35,0.60,0.40,0.60,,0.70,0.45,0.40,0.50,0.70,0.60,0.60,0.30,0.35,1.30,0.45,1.45,0.25,0.65,0.20,0.25,0.35,0.60,,0.45,0.35,0.60,0.43,0.60,0.50,0.40,0.40,0.50,0.25,0.55,,0.45,,0.50,,0.30,0.60,0.50,0.50,0.30,1.30,0.30,0.40,0.30,0.25,0.35,0.45,0.30,0.20,0.20,0.40,0.10,0.25,0.30,0.40,0.30,0.20,0.30,0.30,,,,0.55,,
20260407,20,CO_24h,0.26,0.46,0.38,0.49,0.30,0.38,0.26,0.30,0.30,0.28,0.30,0.30,0.38,0.57,0.36,0.47,0.37,0.36,0.34,0.39,0.58,0.57,0.47,0.44,0.42,0.46,0.70,0.60,0.52,0.52,0.35,0.42,0.35,0.58,0.41,0.43,0.42,0.57,0.47,0.40,0.40,0.67,0.50,0.55,0.59,0.55,0.40,0.75,0.53,0.40,0.54,0.84,0.74,0.66,0.50,0.47,0.50,0.25,0.33,0.60,0.57,0.57,0.64,0.52,0.57,0.42,0.43,0.46,0.23,0.68,0.50,0.75,0.52,0.39,0.52,0.75,0.54,0.36,0.44,0.47,0.27,0.38,0.50,0.46,0.42,0.63,0.26,0.50,0.56,0.32,0.32,0.53,0.52,0.48,0.23,0.38,0.87,0.57,0.60,0.67,0.75,0.35,0.45,0.53,0.65,0.90,0.77,0.55,0.40,0.70,0.51,0.60,0.73,0.50,0.36,0.98,0.57,0.52,0.42,0.62,0.42,0.43,0.23,0.52,0.43,0.84,0.60,0.32,0.70,0.57,0.60,0.53,0.53,0.73,0.97,1.05,0.55,0.73,0.78,0.94,0.50,0.50,0.57,0.80,0.70,0.47,0.50,0.25,0.50,0.45,0.63,0.60,0.55,0.52,0.70,0.50,0.83,0.60,0.36,0.40,,,,,,,,,,,,,,,,,,,,,,,,,,,,,,0.43,0.40,0.70,0.60,0.37,0.45,0.67,0.43,0.47,0.43,0.47,0.20,0.45,0.42,,0.25,0.50,0.28,0.47,0.40,0.47,0.37,0.30,0.45,0.70,0.30,0.20,0.30,0.20,0.27,0.33,0.30,0.30,0.43,0.30,0.30,0.40,0.37,0.42,0.35,0.50,0.45,0.55,0.40,0.46,0.23,0.40,0.23,0.75,0.37,0.70,0.63,0.55,0.65,0.60,0.70,0.73,0.65,0.60,0.74,0.95,0.75,0.85,0.70,0.62,0.63,0.60,0.45,0.52,0.55,0.40,0.40,0.85,0.63,0.70,0.83,0.57,0.70,0.47,1.10,0.73,0.55,0.92,0.80,0.80,0.55,0.60,0.40,0.70,0.50,0.35,0.63,0.70,0.93,0.77,1.10,0.77,0.80,1.10,1.00,0.63,0.40,0.43,0.45,0.50,0.63,0.40,0.40,0.70,0.40,0.30,,0.25,0.40,0.47,0.63,0.35,0.55,0.55,0.55,,0.70,0.40,0.40,0.50,0.80,0.50,0.60,0.30,0.40,0.65,0.40,0.80,0.30,0.45,0.25,0.20,0.35,0.60,,0.45,0.50,0.67,0.57,0.50,0.55,0.70,0.40,0.40,0.35,0.65,,0.40,,0.50,,0.40,0.60,0.40,0.30,0.30,0.50,0.40,0.40,0.43,0.70,0.40,0.40,0.15,0.20,0.20,0.65,0.15,0.60,0.30,0.60,0.30,0.10,0.35,0.40,,,,0.60,,
20260407,21,AQI,55,34,54,39,43,58,63,48,33,51,45,53,55,62,54,45,27,31,28,29,46,30,38,28,49,39,47,37,50,35,28,31,45,28,37,29,30,32,33,30,31,34,40,29,50,40,42,68,64,30,80,88,86,39,33,32,43,29,37,33,36,37,81,51,38,25,49,44,38,98,55,53,81,63,85,60,53,67,26,43,32,27,43,33,55,70,35,56,59,28,47,54,66,29,24,29,27,37,38,40,23,28,43,33,53,32,34,46,42,69,70,55,92,54,29,56,45,47,33,31,33,37,33,45,46,64,78,61,108,69,73,85,64,76,79,74,49,30,60,63,47,18,14,41,19,27,19,20,52,34,89,77,71,87,89,115,52,107,66,152,,,,,,,,,,,,,,,,,,,,,,,,,,,,,,68,55,42,74,74,75,86,67,81,82,49,28,111,65,,25,102,38,61,52,29,49,46,34,50,26,26,34,25,27,34,27,25,25,49,22,26,40,55,41,56,53,45,51,51,50,48,51,47,32,42,26,29,22,46,52,58,56,54,26,47,51,54,52,68,68,90,56,63,66,51,59,75,65,82,69,74,77,73,73,63,43,44,69,84,27,54,54,61,52,63,60,58,94,73,99,42,61,59,69,27,17,43,29,47,29,36,27,19,17,30,,16,29,56,54,57,49,51,40,,49,41,55,26,70,90,55,54,60,94,32,221,36,27,38,38,42,44,,40,35,59,57,73,69,41,28,120,75,62,,63,,30,,29,41,41,34,39,28,41,60,82,51,52,67,47,52,93,154,112,132,165,48,57,28,71,53,,,,64,,
20260407,21,PM2.5,20,12,19,16,16,39,25,21,16,18,19,25,28,27,32,31,16,22,16,9,4,6,6,6,16,8,5,5,13,10,9,13,18,6,5,3,7,7,3,3,3,9,17,8,7,8,22,49,29,4,59,65,64,17,14,11,23,17,16,15,13,21,60,30,18,13,28,28,8,51,21,29,35,21,63,36,29,22,12,28,20,11,15,8,27,37,10,19,22,11,8,19,31,3,7,11,18,18,19,22,8,11,27,13,29,20,21,23,27,24,51,27,43,24,14,38,27,29,18,22,8,22,14,6,9,24,57,41,81,42,39,52,39,46,57,54,26,21,34,45,30,3,8,23,11,9,8,13,28,22,54,41,34,50,54,68,15,33,17,110,,,,,,,,,,,,,,,,,,,,,,,,,,,,,,36,21,19,37,53,26,38,37,36,29,28,10,84,42,,3,23,15,44,24,11,34,32,22,23,18,13,18,14,13,20,14,14,10,17,13,9,9,17,13,4,16,12,20,13,15,13,13,16,3,11,13,18,4,11,29,41,34,38,16,29,33,38,15,44,40,67,28,32,30,22,23,48,30,35,49,34,42,53,53,36,22,31,50,62,19,33,34,44,36,45,43,41,70,53,74,20,35,42,49,13,5,11,18,3,14,6,15,7,10,6,,5,13,40,38,28,27,36,20,,20,29,18,14,48,67,39,38,43,68,18,171,25,10,5,7,3,31,,3,7,36,22,35,29,20,11,91,31,26,,29,,5,,8,25,28,14,13,6,3,20,29,18,17,41,19,17,38,108,67,73,76,23,14,9,21,21,,,,46,,
20260407,21,PM2.5_24h,8,13,17,13,7,25,11,13,5,11,16,14,20,25,10,13,10,18,26,13,17,15,6,7,24,16,11,15,18,12,15,9,21,28,14,17,29,25,19,16,13,29,34,20,20,16,18,40,24,5,42,52,49,23,17,14,25,21,19,18,19,25,49,31,20,17,13,19,6,46,28,32,26,23,46,40,21,13,9,13,12,10,17,14,16,26,6,23,22,6,12,24,31,3,5,3,23,17,25,22,22,13,30,17,30,25,23,27,22,39,19,24,36,19,8,22,16,16,13,25,11,25,15,26,23,42,41,30,47,34,37,34,29,45,53,43,27,7,40,34,22,9,11,18,10,7,15,17,9,18,44,36,22,34,49,36,24,20,12,38,,,,,,,,,,,,,,,,,,,,,,,,,,,,,,31,24,31,29,21,27,32,24,19,16,13,10,35,14,,4,14,8,17,14,7,20,16,16,18,19,13,14,15,7,10,8,11,10,12,20,8,21,22,24,28,29,31,27,26,26,23,26,32,32,11,7,12,21,13,32,25,30,32,11,25,28,29,31,33,29,35,36,32,27,31,26,53,24,40,50,34,31,53,52,26,15,27,34,63,18,30,26,37,24,41,35,37,65,42,78,22,29,47,70,16,7,10,12,8,19,15,11,23,13,6,,3,11,36,35,20,16,42,11,,9,26,16,11,54,37,20,37,39,75,20,63,22,12,4,5,5,16,,4,4,36,22,32,35,23,21,40,26,30,,30,,17,,13,28,22,21,18,8,5,23,23,25,19,19,11,25,29,88,60,92,89,26,8,3,32,25,,,,40,,
20260407,21,PM10,59,34,58,39,43,65,76,48,33,51,45,56,60,73,58,45,27,29,28,29,46,30,38,28,49,39,47,37,50,35,28,31,45,27,37,16,29,27,20,14,26,34,40,29,50,40,42,70,78,21,87,106,100,39,33,32,43,29,37,33,36,37,77,51,38,25,49,44,19,146,60,55,111,75,86,69,56,84,26,43,32,15,43,33,60,89,35,62,68,28,47,57,82,29,19,29,27,31,38,40,23,28,43,33,55,,34,46,42,88,89,59,133,58,29,61,45,47,33,29,33,37,33,45,46,77,105,71,118,87,96,119,78,101,107,92,49,29,69,65,47,11,13,41,19,27,17,20,53,34,128,104,91,124,127,180,53,164,81,254,,,,,,,,,,,,,,,,,,,,,,,,,,,,,,85,59,42,98,98,99,122,83,111,113,49,28,128,79,,11,154,38,72,54,29,44,42,34,50,22,26,34,18,27,34,19,25,16,49,16,23,40,59,41,62,55,45,52,51,50,48,52,47,32,42,20,29,,46,54,50,62,48,26,47,52,53,53,86,85,112,62,76,82,52,67,99,80,113,88,98,103,78,92,75,43,38,56,95,24,57,57,49,54,61,56,66,112,80,92,42,71,68,88,27,16,43,29,47,29,36,27,17,17,23,,14,28,59,55,64,49,50,40,,49,35,59,21,89,,57,52,48,138,22,261,26,18,9,19,24,34,,7,12,67,64,95,87,41,27,182,100,73,,76,,30,,13,41,40,26,39,19,6,69,114,51,53,84,47,53,135,257,174,213,280,48,63,18,92,56,,,,69,,
20260407,21,PM10_24h,28,36,63,39,28,63,52,30,18,30,45,48,62,78,25,41,23,19,36,29,56,38,37,29,61,49,52,49,46,39,39,28,52,68,40,32,61,56,45,31,30,58,60,39,67,31,28,66,68,23,105,101,69,43,35,33,43,34,42,36,37,42,67,47,34,26,27,34,12,141,67,65,79,102,66,62,39,45,26,25,23,24,29,42,49,73,33,57,65,24,40,68,66,24,18,23,33,33,41,44,35,29,43,37,53,50,43,48,35,90,46,64,100,67,16,42,41,45,27,27,30,35,29,59,58,89,114,88,102,105,102,103,56,93,94,69,37,18,66,49,41,23,15,34,19,22,27,27,23,35,120,93,75,105,141,95,73,69,57,124,,,,,,,,,,,,,,,,,,,,,,,,,,,,,,77,69,45,102,54,92,105,59,84,77,37,23,71,34,,11,66,26,39,34,23,26,26,29,39,23,21,19,18,22,13,16,13,14,27,20,20,63,68,68,82,73,67,55,75,65,63,68,74,64,28,13,18,32,29,49,34,49,40,19,42,39,45,56,92,93,85,83,82,84,75,80,110,83,124,97,110,95,88,111,69,27,35,38,91,20,53,39,49,36,57,59,64,85,61,100,40,44,73,105,35,18,23,22,34,30,39,19,34,19,20,,9,24,51,48,31,32,49,20,,14,37,37,20,91,42,32,48,55,97,27,83,28,21,9,12,15,21,,10,9,66,58,78,99,63,56,74,104,87,,97,,50,,34,60,45,39,49,26,14,48,86,92,64,58,38,150,137,234,181,260,298,84,28,23,210,165,,,,58,,
20260407,21,SO2,4,8,4,7,12,6,4,5,23,3,7,6,5,8,7,18,5,6,9,6,6,7,4,9,9,6,7,7,8,9,6,6,4,8,6,4,8,6,6,4,5,4,6,4,8,5,3,7,9,6,6,9,5,5,5,4,4,4,6,3,4,7,4,6,7,4,4,4,4,7,5,11,10,7,4,6,25,8,7,7,7,9,4,9,8,9,7,11,11,5,4,3,7,7,6,6,7,5,5,4,6,5,6,5,5,2,8,6,4,6,11,10,10,6,9,9,10,7,12,6,9,3,6,6,7,9,11,4,9,11,9,15,6,8,9,10,10,4,6,10,4,6,6,11,7,5,2,5,6,4,8,7,4,7,9,4,11,7,5,10,,,,,,,,,,,,,,,,,,,,,,,,,,,,,,6,2,5,6,6,9,10,9,11,11,12,6,10,16,,6,9,10,7,7,6,5,6,7,9,2,5,7,5,9,7,4,7,7,7,5,8,6,9,7,7,7,4,11,7,7,6,6,4,5,4,4,3,3,5,4,5,4,16,3,7,7,8,6,8,10,4,6,7,7,5,4,11,9,13,15,9,6,6,6,6,7,6,7,12,6,4,3,11,4,8,8,6,17,19,11,9,9,13,9,4,7,7,3,7,7,5,5,8,3,6,,6,3,5,8,3,10,10,3,,5,6,9,9,6,13,7,6,4,9,3,9,6,7,6,8,9,10,,6,5,6,6,5,7,7,10,14,4,10,,6,,8,,5,14,12,11,11,16,6,15,6,9,5,4,10,5,3,3,7,2,3,6,5,5,13,8,,,,7,,
20260407,21,SO2_24h,3,8,3,7,8,6,3,3,5,3,5,6,5,9,7,8,6,6,9,6,7,6,4,8,10,7,7,8,6,9,7,6,5,8,6,5,8,6,6,5,5,4,6,4,8,5,2,8,10,6,8,9,5,5,5,5,4,4,6,4,5,9,5,7,8,4,5,5,4,7,5,14,13,8,4,6,14,7,9,6,6,11,3,11,10,12,12,11,12,5,5,4,9,7,4,6,7,6,6,5,7,5,6,5,5,4,8,6,5,8,12,12,10,7,6,15,9,8,10,6,6,3,6,8,8,8,13,5,10,11,8,16,6,9,7,9,10,4,7,11,4,5,6,12,7,6,3,5,6,6,8,6,3,7,9,12,38,15,5,10,,,,,,,,,,,,,,,,,,,,,,,,,,,,,,6,4,4,7,10,10,12,9,10,17,5,6,11,10,,5,9,6,6,9,7,3,5,7,8,2,5,6,5,9,7,4,5,7,5,6,9,6,9,8,9,7,5,9,8,5,6,7,7,7,3,4,4,4,5,4,6,5,12,3,7,7,10,8,9,11,8,8,9,7,5,7,11,8,13,11,8,5,7,7,5,7,6,9,8,7,4,4,4,4,8,7,7,12,13,18,7,5,9,9,5,7,7,3,7,7,5,7,8,3,6,,6,4,6,12,3,10,12,3,,4,6,7,8,7,12,6,6,6,10,3,6,7,7,7,9,8,6,,8,6,7,13,7,8,27,12,14,7,8,,9,,8,,5,12,9,10,12,19,6,15,9,11,5,4,10,7,3,5,13,5,4,7,6,5,14,9,,,,8,,
20260407,21,NO2,20,29,20,15,19,16,27,15,22,19,22,36,17,25,52,29,19,30,27,20,25,33,18,26,20,18,34,29,31,12,20,15,19,20,34,15,20,19,19,15,12,23,20,19,23,15,13,13,33,13,20,25,23,24,14,6,22,5,11,11,12,11,12,11,23,15,16,10,10,41,12,29,14,13,29,39,40,22,16,17,22,14,12,21,19,32,22,31,19,25,19,16,22,18,17,16,17,6,9,8,8,9,15,6,30,6,10,19,11,21,28,13,20,17,14,24,25,30,19,20,11,19,12,15,25,24,27,13,32,17,21,19,38,35,40,25,16,15,11,15,7,7,19,11,20,8,9,14,7,7,28,19,15,34,22,9,11,11,8,11,,,,,,,,,,,,,,,,,,,,,,,,,,,,,,15,12,20,13,30,24,12,23,19,10,18,7,27,24,,9,6,11,40,41,13,29,25,19,28,12,15,12,6,6,9,5,16,12,8,11,3,25,18,14,11,14,9,33,15,14,18,12,20,15,9,9,8,12,17,6,15,18,17,11,13,19,6,13,18,20,24,16,19,16,11,11,9,16,29,18,16,11,10,10,25,21,17,11,9,15,11,8,21,9,14,17,14,37,21,10,17,4,13,9,27,11,14,19,15,9,39,10,11,6,5,,21,5,9,5,12,15,9,6,,6,7,19,11,7,11,7,8,9,10,8,26,7,12,5,3,6,25,,1,2,19,16,26,7,17,14,22,12,11,,14,,8,,12,19,2,2,2,1,4,19,7,7,12,20,40,8,8,14,4,13,6,10,12,5,11,6,,,,13,,
20260407,21,NO2_24h,9,19,15,13,11,16,14,8,10,7,18,19,13,19,13,17,13,11,18,16,20,21,12,20,19,15,20,20,17,10,14,12,15,13,18,25,14,14,15,18,11,21,23,16,22,18,15,14,28,15,19,26,16,24,14,6,20,6,13,12,14,15,9,10,19,15,10,12,6,44,27,19,23,24,19,22,26,22,13,13,16,17,13,19,15,25,15,28,17,19,19,19,20,16,13,13,16,10,11,9,14,8,12,4,26,16,15,15,15,20,15,15,22,16,9,19,19,18,13,11,9,13,10,15,17,24,27,15,26,15,23,18,30,30,23,15,14,9,10,13,7,12,9,14,12,8,15,13,7,10,40,20,26,23,39,14,21,21,4,27,,,,,,,,,,,,,,,,,,,,,,,,,,,,,,15,15,22,19,13,23,27,18,30,26,9,7,13,13,,12,6,9,14,15,10,13,8,12,12,7,11,8,6,6,6,5,9,9,8,12,5,22,16,15,14,11,9,18,18,14,17,14,26,17,10,8,9,6,19,14,12,15,13,9,13,15,6,18,18,20,25,21,20,18,14,13,21,16,29,23,17,13,17,15,23,14,10,11,8,9,10,7,16,10,20,14,13,20,15,12,15,6,9,11,22,12,10,13,16,8,26,10,14,6,4,,10,9,9,6,12,9,12,5,,5,9,11,9,17,8,9,8,13,17,9,21,12,9,8,2,5,10,,5,3,22,35,19,17,21,25,19,11,22,,15,,11,,19,9,2,3,12,2,12,4,24,19,18,17,17,13,11,30,13,36,13,25,7,6,11,6,,,,7,,
20260407,21,O3,77,70,90,46,67,102,72,78,66,67,76,69,100,82,57,73,73,57,57,88,92,79,82,75,93,85,71,83,73,80,72,92,78,91,81,92,96,102,105,96,100,81,77,41,93,107,103,101,77,96,103,89,38,28,31,41,30,46,39,44,35,50,109,45,33,60,36,109,121,69,79,83,101,106,23,13,88,118,83,74,68,85,93,79,95,97,70,65,98,63,79,115,113,93,76,81,19,119,49,53,71,37,57,44,42,103,101,52,120,102,96,128,119,94,82,74,81,44,83,64,64,62,67,110,103,115,90,111,97,93,103,111,32,60,75,35,15,39,101,39,75,57,46,105,21,55,60,44,58,108,89,109,115,58,99,116,110,93,107,76,,,,,,,,,,,,,,,,,,,,,,,,,,,,,,117,100,89,129,93,78,137,75,134,112,78,72,97,109,,79,113,97,52,51,84,62,49,46,39,57,68,68,80,85,74,85,68,80,86,70,84,93,110,106,108,121,107,83,85,97,104,87,119,102,111,83,77,71,101,117,66,44,100,49,61,57,85,101,94,94,106,98,115,101,104,111,119,97,57,120,98,98,125,122,115,5,35,44,56,15,43,30,19,22,53,83,92,59,76,125,31,,50,86,46,53,40,54,61,63,18,32,62,39,96,,50,93,96,76,58,24,103,46,,37,95,72,83,134,128,130,122,140,118,101,83,69,87,120,121,133,105,,127,112,49,112,20,131,71,89,82,99,106,,108,,83,,94,110,131,108,103,90,131,,100,92,87,109,74,102,110,91,117,102,100,111,88,90,111,88,,,,105,,
20260407,21,O3_24h,77,70,90,46,67,102,72,78,66,67,76,69,100,82,57,73,73,57,57,88,92,79,82,75,93,85,71,83,73,80,72,92,78,91,81,92,96,102,105,96,100,81,77,41,93,107,103,101,77,96,103,89,38,28,31,41,30,46,39,44,35,50,109,45,33,60,36,109,121,69,79,83,101,106,23,13,88,118,83,74,68,85,93,79,95,97,70,65,98,63,79,115,113,93,76,81,19,119,49,53,71,37,57,44,42,103,101,52,120,102,96,128,119,94,82,74,81,44,83,64,64,62,67,110,103,115,90,111,97,93,103,111,32,60,75,35,15,39,101,39,75,57,46,105,21,55,60,44,58,108,89,109,115,58,99,116,110,93,107,76,,,,,,,,,,,,,,,,,,,,,,,,,,,,,,117,100,89,129,93,78,137,75,134,112,78,72,97,109,,79,113,97,52,51,84,62,49,46,39,57,68,68,80,85,74,85,68,80,86,70,84,93,110,106,108,121,107,83,85,97,104,87,119,102,111,83,77,71,101,117,66,44,100,49,61,57,85,101,94,94,106,98,115,101,104,111,119,97,57,120,98,98,125,122,115,5,35,44,56,15,43,30,19,22,53,83,92,59,76,125,31,,50,86,46,53,40,54,61,63,18,32,62,39,96,,50,93,96,76,58,24,103,46,,37,95,72,83,134,128,130,122,140,118,101,83,69,87,120,121,133,105,,127,112,49,112,20,131,71,89,82,99,106,,108,,83,,94,110,131,108,103,90,131,,100,92,87,109,74,102,110,91,117,102,100,111,88,90,111,88,,,,105,,
20260407,21,O3_8h,88,87,103,83,90,117,97,102,91,96,99,102,110,130,109,97,89,86,82,105,121,108,107,96,117,115,109,113,120,107,103,105,106,117,108,99,115,120,113,110,109,115,129,86,119,114,107,119,118,104,116,133,49,60,47,47,67,63,61,71,64,71,125,116,52,80,56,111,122,104,108,126,127,113,43,38,117,129,95,95,103,94,95,106,105,126,97,109,130,89,106,139,144,97,91,94,47,91,73,63,84,45,81,59,54,106,95,82,119,134,123,135,155,100,102,92,97,90,99,86,86,83,85,123,122,140,113,115,127,109,129,123,21,97,114,63,38,68,108,54,71,74,75,102,49,67,85,68,64,116,113,123,122,68,119,129,115,130,115,99,,,,,,,,,,,,,,,,,,,,,,,,,,,,,,123,122,99,138,122,109,141,98,139,128,97,85,117,114,,97,130,99,100,96,99,82,88,81,77,82,94,82,85,86,83,87,87,87,90,93,90,120,128,119,141,140,123,123,128,116,132,113,136,129,115,73,71,83,109,132,64,101,130,67,80,91,118,129,106,104,133,120,132,119,127,121,126,113,83,130,113,123,136,124,111,22,48,66,59,37,75,55,56,45,82,91,106,115,92,150,51,51,80,152,73,58,66,80,81,69,65,70,70,62,92,,79,101,111,80,66,51,117,57,,50,117,103,98,147,138,115,129,134,147,100,115,77,98,120,121,123,124,,133,112,54,128,58,121,97,98,116,117,109,,115,,87,,92,144,132,110,112,122,129,130,116,109,105,128,118,105,114,104,115,108,106,120,94,108,121,97,,,,118,,
20260407,21,O3_8h_24h,87,85,103,74,87,117,94,97,88,93,97,98,110,126,104,94,86,81,77,101,115,99,101,91,113,110,102,107,111,100,98,102,102,109,104,97,111,118,112,106,107,107,120,64,112,114,107,116,112,103,115,124,43,55,42,45,62,58,55,63,57,71,125,97,48,79,46,111,122,98,104,124,124,113,38,32,114,129,94,92,95,93,95,101,105,124,94,101,125,84,100,137,141,95,88,92,34,91,69,59,83,45,77,55,54,105,95,79,119,131,121,135,151,99,98,90,95,79,96,81,80,78,81,119,117,138,110,115,126,107,128,123,18,87,112,57,30,50,108,47,70,73,62,101,40,64,83,61,61,115,111,122,120,76,118,129,115,128,115,95,,,,,,,,,,,,,,,,,,,,,,,,,,,,,,123,119,99,138,121,105,141,105,139,128,93,81,117,114,,95,129,99,92,85,97,78,82,74,67,78,86,77,83,84,81,87,81,85,87,84,88,112,125,117,133,139,121,115,120,115,127,108,133,123,114,73,68,81,108,131,64,86,124,61,67,83,112,125,106,103,133,120,131,118,125,120,125,111,80,129,109,113,133,123,110,17,35,45,59,25,50,43,48,40,81,90,103,107,91,148,47,51,78,145,66,57,55,76,78,68,51,62,68,47,92,,76,101,110,80,66,35,118,53,,39,114,97,92,147,138,115,129,134,138,100,112,77,93,120,121,123,122,,132,112,54,127,49,121,92,98,113,116,108,,114,,86,,92,140,132,110,108,117,128,128,113,106,99,128,116,105,114,104,115,108,106,120,94,92,121,97,,,,115,,
20260407,21,CO,0.36,0.48,0.34,0.57,0.70,0.43,0.30,0.33,0.40,0.40,0.28,0.33,0.38,0.48,0.54,0.57,0.43,0.42,0.39,0.36,0.50,0.48,0.40,0.53,0.34,0.42,0.60,0.46,0.56,0.43,0.30,0.35,0.35,0.41,0.36,0.15,0.26,0.47,0.33,0.13,0.30,0.37,0.40,0.30,0.51,0.27,0.40,0.85,0.50,0.39,0.51,0.76,0.88,0.63,0.47,0.47,0.47,0.25,0.37,0.53,0.53,0.47,0.73,0.55,0.54,0.39,0.37,0.46,0.22,0.76,0.43,0.50,0.36,0.29,0.62,0.88,0.74,0.42,0.46,0.57,0.33,0.43,0.47,0.26,0.50,0.60,0.35,0.52,0.46,0.35,0.30,0.50,0.38,0.44,0.27,0.40,0.83,0.57,0.50,0.63,0.60,0.40,0.70,0.50,0.70,0.50,0.70,0.60,0.30,0.40,0.59,0.48,0.70,0.52,0.42,0.60,0.63,0.64,0.48,0.70,0.68,0.43,0.25,0.28,0.27,0.82,0.59,0.35,0.87,0.60,0.57,0.58,0.60,0.75,1.00,1.13,0.55,0.80,0.72,0.90,0.40,0.48,0.68,0.97,0.80,0.43,0.47,0.25,0.50,0.40,0.80,0.65,0.60,0.64,0.70,0.30,0.43,0.42,0.40,0.40,,,,,,,,,,,,,,,,,,,,,,,,,,,,,,0.45,0.40,0.45,0.50,0.50,0.40,0.50,0.60,0.60,0.30,0.57,0.30,0.60,0.60,,0.30,0.50,0.35,0.87,0.45,0.43,0.37,0.50,0.60,0.80,0.30,0.15,0.33,0.20,0.33,0.30,0.30,0.30,0.50,0.30,0.35,0.40,0.27,0.36,0.30,0.27,0.33,0.35,0.50,0.40,0.17,0.45,0.17,0.53,0.20,0.43,0.47,0.45,0.60,0.25,0.40,0.90,0.68,0.60,0.70,0.95,0.97,0.75,0.35,0.58,0.64,0.80,0.43,0.47,0.57,0.30,0.33,0.65,0.80,0.76,0.97,0.68,0.50,0.47,0.70,0.83,0.70,1.02,1.20,0.90,0.60,0.73,0.40,0.80,0.60,0.40,0.87,0.80,1.17,0.90,0.90,0.70,0.80,1.20,0.80,0.57,0.40,0.47,0.50,0.45,0.52,0.30,0.30,0.55,0.45,0.30,,0.25,0.35,0.53,0.73,0.35,0.65,0.40,0.60,,0.70,0.45,0.40,0.50,0.60,0.70,0.70,0.40,0.45,0.45,0.50,1.45,0.30,0.60,0.20,0.25,0.30,0.70,,0.45,0.40,0.60,0.50,0.60,0.50,0.35,0.40,0.60,0.25,0.55,,0.50,,0.45,,0.35,0.60,0.50,0.30,0.30,0.30,0.30,0.40,0.33,0.25,0.35,0.50,0.45,0.20,0.15,0.40,0.15,0.30,0.30,0.45,0.40,0.20,0.30,0.30,,,,0.65,,
20260407,21,CO_24h,0.26,0.47,0.36,0.50,0.30,0.38,0.23,0.30,0.30,0.30,0.30,0.30,0.35,0.57,0.38,0.47,0.37,0.36,0.33,0.38,0.59,0.54,0.45,0.44,0.42,0.44,0.69,0.60,0.54,0.52,0.35,0.42,0.35,0.53,0.41,0.43,0.40,0.55,0.47,0.37,0.40,0.60,0.50,0.55,0.58,0.55,0.40,0.73,0.52,0.40,0.54,0.83,0.74,0.66,0.50,0.47,0.50,0.25,0.33,0.60,0.57,0.57,0.64,0.52,0.56,0.41,0.43,0.46,0.23,0.69,0.50,0.75,0.52,0.39,0.55,0.77,0.56,0.36,0.44,0.47,0.27,0.38,0.50,0.46,0.40,0.63,0.26,0.50,0.54,0.32,0.32,0.53,0.52,0.46,0.23,0.38,0.87,0.57,0.60,0.67,0.75,0.35,0.45,0.53,0.65,0.90,0.73,0.55,0.40,0.70,0.53,0.58,0.75,0.50,0.36,0.96,0.57,0.52,0.40,0.63,0.44,0.43,0.23,0.52,0.43,0.82,0.60,0.32,0.70,0.57,0.60,0.53,0.55,0.70,0.97,1.05,0.55,0.73,0.78,0.94,0.50,0.50,0.60,0.80,0.70,0.50,0.50,0.25,0.50,0.45,0.63,0.60,0.50,0.52,0.70,0.50,0.83,0.56,0.36,0.40,,,,,,,,,,,,,,,,,,,,,,,,,,,,,,0.43,0.40,0.70,0.63,0.37,0.40,0.67,0.43,0.47,0.43,0.47,0.20,0.45,0.42,,0.25,0.50,0.28,0.50,0.35,0.43,0.37,0.30,0.45,0.70,0.30,0.20,0.30,0.20,0.30,0.33,0.30,0.30,0.43,0.30,0.30,0.40,0.37,0.42,0.35,0.50,0.45,0.55,0.40,0.46,0.23,0.40,0.23,0.73,0.37,0.67,0.63,0.55,0.65,0.60,0.67,0.77,0.67,0.60,0.74,0.95,0.75,0.85,0.70,0.62,0.63,0.60,0.45,0.50,0.55,0.40,0.40,0.82,0.63,0.72,0.83,0.57,0.70,0.47,1.00,0.73,0.50,0.92,0.85,0.80,0.50,0.60,0.40,0.70,0.50,0.35,0.63,0.67,0.93,0.77,1.05,0.70,0.80,1.10,0.90,0.63,0.40,0.43,0.47,0.45,0.60,0.40,0.40,0.70,0.40,0.30,,0.25,0.45,0.47,0.63,0.35,0.55,0.55,0.55,,0.70,0.40,0.40,0.50,0.75,0.50,0.60,0.30,0.40,0.65,0.40,0.90,0.30,0.45,0.25,0.20,0.35,0.60,,0.45,0.40,0.67,0.57,0.50,0.55,0.65,0.40,0.40,0.35,0.65,,0.40,,0.50,,0.40,0.60,0.40,0.30,0.30,0.50,0.40,0.30,0.43,0.70,0.40,0.40,0.15,0.20,0.20,0.65,0.15,0.60,0.30,0.60,0.30,0.10,0.35,0.40,,,,0.60,,
20260407,22,AQI,57,31,56,37,53,59,63,44,44,41,40,55,59,63,59,49,26,36,28,28,44,30,33,31,48,41,49,39,53,33,26,29,40,33,35,29,30,33,32,30,30,29,36,28,51,38,39,56,64,30,79,75,85,36,32,33,44,28,33,34,34,35,71,48,37,26,49,46,38,95,37,43,75,59,90,65,54,70,25,47,22,28,42,33,55,72,24,56,55,34,42,52,67,29,25,25,29,37,36,39,21,24,37,34,48,30,33,50,43,62,74,55,85,61,28,53,46,47,30,30,31,34,27,37,48,60,81,62,81,65,66,83,63,79,81,74,49,30,54,48,53,16,18,38,20,24,18,20,36,37,91,75,66,86,88,93,52,97,68,150,,,,,,,,,,,,,,,,,,,,,,,,,,,,,,64,50,48,73,75,66,87,61,77,93,55,23,109,59,,25,89,31,63,51,26,40,50,40,39,24,25,26,25,30,25,26,24,23,50,22,26,44,53,39,52,54,40,50,52,48,46,51,39,31,35,26,33,21,39,49,50,55,49,24,44,51,51,48,64,72,90,55,63,64,44,58,72,63,82,68,72,75,70,69,61,43,46,61,85,30,53,58,61,51,61,61,56,105,62,94,38,54,59,65,21,17,17,27,42,26,42,28,18,29,28,,15,28,52,50,53,52,68,38,,34,36,41,25,57,79,58,54,61,68,33,231,23,29,37,39,41,46,,39,34,61,61,68,68,29,29,173,71,68,,64,,31,,23,44,50,29,39,26,39,38,70,47,52,69,49,57,103,183,121,136,143,59,75,29,73,62,,,,64,,
20260407,22,PM2.5,22,11,23,15,20,40,27,18,18,18,19,17,35,31,26,33,16,23,13,8,4,7,6,6,16,10,7,6,16,10,8,10,15,8,5,3,8,5,4,3,3,7,16,9,7,7,20,35,30,3,58,55,63,16,13,10,22,15,14,15,12,19,52,27,18,13,27,28,8,43,15,26,29,24,67,47,23,21,11,28,10,14,14,11,28,44,4,22,20,14,9,22,31,3,8,8,19,17,19,21,5,15,20,13,24,21,21,22,30,22,49,32,44,20,9,34,26,28,16,21,6,17,13,5,9,20,60,43,60,40,32,59,42,58,60,54,27,21,37,32,30,4,11,18,11,8,6,12,20,22,52,37,34,50,53,69,15,33,22,97,,,,,,,,,,,,,,,,,,,,,,,,,,,,,,34,17,23,50,46,29,46,33,36,30,26,12,82,37,,3,18,12,45,24,11,27,33,28,24,14,8,18,15,8,13,14,11,11,13,12,5,13,18,10,4,17,10,20,15,13,12,12,12,3,9,16,19,3,11,21,31,35,34,16,25,36,32,8,38,42,67,26,33,24,21,21,43,33,41,46,31,33,51,48,30,26,32,44,63,21,34,35,42,36,44,43,40,79,41,70,18,31,41,46,12,3,12,17,5,14,6,16,7,12,3,,6,13,36,35,25,23,49,18,,16,24,18,10,33,58,41,38,44,49,17,181,16,8,5,3,9,32,,3,6,37,25,32,29,14,9,125,25,28,,28,,6,,8,25,26,10,13,3,3,21,25,14,17,40,32,17,34,138,67,81,71,27,20,3,24,25,,,,46,,
20260407,22,PM2.5_24h,8,13,17,13,8,25,12,13,6,12,16,14,19,26,11,13,10,18,25,11,17,13,5,6,23,16,9,14,18,12,14,9,21,26,12,16,26,22,16,15,11,27,34,19,20,15,18,40,25,5,44,52,50,23,17,14,25,21,19,18,19,25,50,31,20,16,13,19,6,46,27,32,26,23,47,41,21,13,10,13,12,9,17,13,17,27,6,23,21,6,12,24,31,3,5,3,21,17,24,22,22,13,30,17,30,25,23,26,22,39,20,24,36,19,9,22,17,16,14,25,11,24,14,25,22,40,42,30,48,34,37,36,30,45,54,43,26,7,40,31,22,9,10,19,9,6,14,16,10,18,44,36,23,35,49,38,23,20,12,41,,,,,,,,,,,,,,,,,,,,,,,,,,,,,,31,24,30,30,22,27,33,25,20,16,14,10,37,15,,4,14,8,17,14,7,20,16,17,19,18,12,14,13,7,10,8,11,10,12,18,8,21,22,24,26,28,30,26,26,25,23,26,31,29,11,8,12,20,13,32,26,30,32,11,25,28,29,31,33,30,37,36,32,27,31,25,52,24,40,50,34,31,53,51,27,15,28,35,64,18,31,27,38,25,41,36,38,65,41,78,20,27,46,67,16,7,10,12,8,18,14,11,21,13,6,,3,11,36,35,20,15,42,11,,9,25,16,11,54,38,20,36,39,74,20,69,22,12,4,5,5,16,,4,4,35,23,32,34,22,20,44,26,30,,29,,16,,12,27,22,20,18,8,5,23,23,24,19,18,11,25,29,91,60,93,88,26,8,3,32,25,,,,40,,
20260407,22,PM10,64,31,61,37,56,67,75,44,44,41,40,60,67,76,68,49,26,36,28,26,44,30,33,31,48,41,49,39,55,33,26,26,40,33,35,15,30,26,23,13,27,27,36,28,51,38,39,62,78,20,86,95,100,36,32,33,44,28,33,34,34,35,71,48,37,26,49,46,17,140,37,43,100,68,93,76,57,89,25,47,18,17,42,33,59,93,24,61,60,34,42,53,83,27,21,21,29,31,36,39,10,24,37,34,48,,33,50,43,73,97,59,120,71,24,55,46,47,30,30,31,34,27,37,48,70,103,73,104,80,81,115,75,104,110,86,49,27,58,48,56,10,18,38,20,24,18,20,36,37,131,99,82,121,125,,53,144,86,250,,,,,,,,,,,,,,,,,,,,,,,,,,,,,,77,50,48,95,99,82,123,71,104,135,60,23,135,68,,12,127,30,74,52,26,40,50,36,39,24,25,23,18,30,25,22,24,19,50,15,19,44,56,39,53,58,40,50,53,48,46,51,39,28,35,22,33,7,39,49,50,60,48,24,44,51,51,48,78,93,109,59,75,77,44,65,93,75,114,85,94,99,76,87,72,43,42,49,83,23,55,66,71,49,62,71,61,108,74,91,38,58,68,80,21,14,17,27,42,26,42,28,17,29,23,,14,26,54,47,55,54,71,38,,34,36,41,16,64,66,60,57,55,81,21,240,21,17,6,13,29,36,,11,13,72,71,85,85,29,28,295,91,85,,77,,31,,22,44,50,23,39,21,6,38,90,47,53,87,49,63,156,277,191,221,236,68,100,18,95,73,,,,72,,
20260407,22,PM10_24h,29,35,62,38,29,62,51,31,19,31,44,47,61,78,27,40,23,20,35,27,55,35,37,29,59,48,51,48,45,38,38,27,50,63,38,31,56,52,40,29,28,56,58,39,66,32,29,66,69,23,105,100,71,43,35,33,43,34,42,36,37,42,67,47,34,26,29,34,12,141,65,64,80,103,68,63,40,47,26,26,23,24,29,42,50,75,32,57,65,25,40,67,68,24,19,23,31,33,40,43,34,30,43,37,53,49,43,49,35,90,49,64,102,66,16,43,40,43,27,27,30,34,28,57,57,88,114,87,102,104,101,104,56,93,95,70,37,17,66,47,41,22,15,35,18,21,27,27,23,35,120,92,75,105,140,96,72,71,55,131,,,,,,,,,,,,,,,,,,,,,,,,,,,,,,77,69,45,101,55,91,107,60,85,80,38,22,74,36,,11,70,26,39,34,22,27,27,28,36,23,21,19,17,23,13,16,14,14,28,19,20,61,66,66,80,72,65,55,74,63,61,68,73,61,29,13,19,31,30,49,35,49,42,19,42,39,46,56,91,93,86,82,82,84,73,79,108,82,122,96,108,95,87,108,70,27,36,39,92,21,54,41,50,37,58,60,64,86,61,100,38,42,71,102,34,18,22,23,34,30,37,19,32,19,19,,9,24,51,48,31,32,49,21,,14,37,37,20,90,43,34,47,55,95,27,86,28,21,9,12,14,20,,10,9,65,59,77,98,61,53,84,103,86,,95,,49,,33,58,45,38,47,26,14,47,87,90,63,59,37,151,138,235,183,264,294,84,31,23,210,164,,,,58,,
20260407,22,SO2,4,7,3,5,14,5,4,4,18,3,7,6,5,9,8,13,6,7,8,6,7,7,4,10,9,8,8,7,9,9,6,6,4,8,7,4,8,6,6,4,5,4,6,4,8,5,2,9,8,6,6,9,5,5,5,4,4,4,6,3,4,7,4,6,7,4,4,4,4,6,5,13,8,7,4,6,27,8,7,8,6,9,4,9,8,9,9,12,11,5,4,3,7,7,4,10,7,5,5,4,7,5,6,5,6,2,8,6,4,6,9,10,11,7,6,13,10,6,7,6,9,3,6,6,10,9,11,4,8,12,9,15,6,9,5,9,10,4,6,8,3,6,6,21,8,4,2,5,6,4,8,8,4,7,8,17,12,7,5,10,,,,,,,,,,,,,,,,,,,,,,,,,,,,,,6,2,4,6,6,9,10,10,12,11,14,5,10,15,,6,9,8,8,7,7,4,6,6,10,2,4,7,5,9,5,4,5,8,6,5,8,6,8,7,7,8,4,12,7,9,6,6,4,5,4,4,3,4,5,4,5,4,14,4,7,7,7,5,7,10,4,7,7,7,4,5,10,9,13,16,8,4,6,6,5,7,6,7,9,7,4,3,5,4,7,7,6,12,14,11,8,16,12,9,4,7,7,3,7,6,6,5,8,3,5,,5,3,5,7,3,10,7,3,,4,6,8,8,6,12,7,6,4,9,3,9,6,7,5,9,9,7,,7,6,6,4,5,9,7,10,14,5,11,,6,,7,,4,37,12,11,11,16,6,13,6,9,5,5,10,6,2,4,6,4,3,6,6,5,11,8,,,,8,,
20260407,22,SO2_24h,3,8,3,7,8,6,3,3,6,3,5,6,5,9,7,8,6,6,9,6,7,6,4,8,10,7,7,8,7,9,7,6,5,8,6,5,8,6,6,5,5,4,6,4,8,5,2,9,10,6,8,9,5,5,5,5,4,4,6,4,5,9,4,7,8,4,5,5,4,7,6,14,13,8,4,6,15,7,9,6,7,11,3,11,10,12,11,11,12,5,4,4,9,7,4,6,7,6,6,5,7,5,6,5,5,4,8,6,5,8,12,12,10,7,6,15,9,8,10,6,6,3,6,8,8,8,13,5,10,11,8,16,6,9,7,9,10,4,7,11,4,6,6,12,7,5,3,5,6,6,8,6,3,7,9,12,38,15,5,10,,,,,,,,,,,,,,,,,,,,,,,,,,,,,,6,4,4,7,10,10,12,9,10,17,5,6,11,10,,5,9,6,6,8,7,3,5,7,8,2,5,6,5,9,7,4,5,7,5,6,9,6,9,7,8,7,5,9,8,5,6,7,7,6,3,4,4,4,5,4,6,5,13,3,7,7,10,8,9,11,8,8,8,7,5,7,11,8,13,11,8,5,7,6,5,7,6,9,8,7,4,4,4,4,8,7,7,12,12,18,7,6,9,9,5,7,7,3,7,7,5,7,8,3,6,,6,4,5,12,3,10,12,3,,4,6,7,8,7,12,6,6,6,10,3,7,7,7,7,8,8,6,,8,6,7,11,7,8,26,11,13,7,8,,9,,8,,5,13,10,10,12,19,6,14,8,11,5,4,10,7,3,5,13,5,4,7,6,5,14,9,,,,8,,
20260407,22,NO2,22,28,22,18,22,22,32,14,28,18,25,37,23,24,64,32,21,29,21,19,28,34,16,26,22,25,43,32,32,13,22,14,19,22,30,14,22,16,19,13,12,14,18,18,26,13,12,11,38,12,20,25,24,24,15,6,22,5,10,13,11,10,10,9,23,17,16,10,10,38,12,22,12,22,26,41,32,21,20,15,17,14,13,25,21,36,18,34,19,25,20,17,21,19,14,17,19,6,9,8,6,8,13,5,28,7,9,17,15,20,28,13,20,18,9,26,21,32,22,20,11,15,10,16,24,26,25,19,27,19,19,18,37,33,49,29,14,13,11,12,13,8,21,13,18,10,8,12,7,6,27,17,18,39,25,16,27,11,15,16,,,,,,,,,,,,,,,,,,,,,,,,,,,,,,16,10,21,12,28,23,12,20,19,8,15,8,32,23,,8,6,10,35,37,13,29,38,20,22,10,13,11,6,6,6,5,11,15,6,9,4,24,19,14,11,16,11,38,17,16,20,12,19,17,9,9,8,11,17,7,18,21,16,11,14,20,7,9,18,21,30,16,19,16,14,12,8,18,31,17,18,10,12,13,21,23,20,11,7,14,11,9,19,8,20,19,15,30,18,10,15,5,13,8,20,11,10,17,16,9,36,9,12,6,5,,30,5,9,5,14,17,13,7,,6,8,12,11,9,12,7,10,11,12,7,28,7,10,4,2,5,22,,1,2,22,15,22,8,17,13,19,11,12,,13,,8,,17,19,3,2,4,3,8,8,7,7,12,32,16,13,22,44,36,15,15,19,14,3,19,5,,,,15,,
20260407,22,NO2_24h,10,20,15,13,11,15,14,8,11,8,18,19,12,19,15,16,13,11,18,16,20,22,12,20,19,15,21,21,17,10,14,12,15,13,18,23,14,13,15,17,11,20,22,16,22,17,15,13,29,14,19,27,16,24,14,6,20,6,13,12,14,14,9,10,19,14,10,12,6,43,26,19,22,24,19,23,27,22,14,13,16,16,13,20,15,25,15,28,17,20,19,18,20,16,13,13,15,9,11,9,13,8,12,4,26,15,15,15,15,20,15,15,22,15,9,19,19,18,13,12,9,13,10,15,17,23,27,15,26,15,22,17,30,30,23,16,14,9,11,12,7,12,10,14,12,8,14,12,7,10,39,19,24,23,36,14,21,20,5,26,,,,,,,,,,,,,,,,,,,,,,,,,,,,,,15,15,22,19,13,22,26,18,29,23,10,7,13,13,,11,6,9,14,15,10,14,10,13,12,7,11,8,6,6,6,5,9,9,8,12,5,22,16,15,13,11,9,19,17,13,17,14,26,17,10,8,9,6,19,13,13,15,13,9,13,15,6,17,17,20,25,20,20,17,14,13,20,15,29,22,18,12,16,15,23,14,11,11,8,10,10,8,16,10,20,15,13,20,15,12,15,6,9,10,21,11,10,14,16,8,25,10,14,6,4,,11,9,9,6,13,9,12,6,,5,9,11,9,16,9,9,8,13,16,9,22,11,9,8,2,5,9,,5,3,22,34,19,16,21,24,19,11,21,,14,,11,,20,9,2,3,11,2,11,4,22,18,17,16,16,12,11,31,13,36,13,26,7,6,11,6,,,,7,,
20260407,22,O3,72,70,86,41,61,90,65,76,47,68,69,66,86,82,39,67,68,58,59,89,81,76,81,72,84,71,56,72,64,74,66,94,70,86,84,93,88,106,101,96,96,93,77,55,91,109,104,100,63,97,99,81,36,24,28,39,25,47,37,41,34,50,99,44,31,52,32,108,122,69,75,88,99,89,26,10,98,110,76,65,70,88,91,71,91,84,70,54,91,67,75,105,101,92,80,80,14,118,46,52,66,69,49,42,31,97,101,47,113,97,83,133,116,91,90,60,81,38,77,61,58,62,66,105,101,105,86,93,89,90,93,105,8,57,57,22,31,37,100,41,58,52,33,102,23,49,53,44,56,107,81,106,106,45,88,95,82,87,91,65,,,,,,,,,,,,,,,,,,,,,,,,,,,,,,110,98,76,129,89,80,132,78,135,109,76,66,78,108,,80,110,98,56,50,83,60,30,39,39,61,69,66,79,88,79,84,75,74,94,70,83,89,102,107,106,113,109,72,80,90,95,86,109,98,109,83,73,68,94,119,51,49,96,47,57,52,72,96,84,86,91,93,111,98,96,111,118,86,49,116,94,107,114,118,106,5,27,42,49,15,40,28,20,26,51,82,90,61,70,126,30,43,43,86,50,54,36,47,55,61,15,31,58,29,88,,36,89,93,76,51,18,90,43,,32,93,88,80,115,110,129,116,131,96,104,67,66,94,118,124,131,98,,124,110,39,112,18,130,69,92,69,99,107,,112,,81,,72,104,123,92,96,84,126,112,98,89,87,95,89,89,79,54,74,78,87,79,78,93,89,74,,,,106,,
20260407,22,O3_24h,72,70,86,41,61,90,65,76,47,68,69,66,86,82,39,67,68,58,59,89,81,76,81,72,84,71,56,72,64,74,66,94,70,86,84,93,88,106,101,96,96,93,77,55,91,109,104,100,63,97,99,81,36,24,28,39,25,47,37,41,34,50,99,44,31,52,32,108,122,69,75,88,99,89,26,10,98,110,76,65,70,88,91,71,91,84,70,54,91,67,75,105,101,92,80,80,14,118,46,52,66,69,49,42,31,97,101,47,113,97,83,133,116,91,90,60,81,38,77,61,58,62,66,105,101,105,86,93,89,90,93,105,8,57,57,22,31,37,100,41,58,52,33,102,23,49,53,44,56,107,81,106,106,45,88,95,82,87,91,65,,,,,,,,,,,,,,,,,,,,,,,,,,,,,,110,98,76,129,89,80,132,78,135,109,76,66,78,108,,80,110,98,56,50,83,60,30,39,39,61,69,66,79,88,79,84,75,74,94,70,83,89,102,107,106,113,109,72,80,90,95,86,109,98,109,83,73,68,94,119,51,49,96,47,57,52,72,96,84,86,91,93,111,98,96,111,118,86,49,116,94,107,114,118,106,5,27,42,49,15,40,28,20,26,51,82,90,61,70,126,30,43,43,86,50,54,36,47,55,61,15,31,58,29,88,,36,89,93,76,51,18,90,43,,32,93,88,80,115,110,129,116,131,96,104,67,66,94,118,124,131,98,,124,110,39,112,18,130,69,92,69,99,107,,112,,81,,72,104,123,92,96,84,126,112,98,89,87,95,89,89,79,54,74,78,87,79,78,93,89,74,,,,106,,
20260407,22,O3_8h,88,87,103,83,90,118,97,102,91,96,99,102,110,130,109,97,89,86,82,105,121,108,107,96,117,115,109,113,120,107,103,105,106,117,108,99,115,120,113,110,109,115,129,86,119,115,107,119,118,104,116,133,49,60,47,47,67,63,61,71,64,71,125,116,52,80,56,112,122,104,108,126,127,113,43,38,117,129,95,95,103,95,95,106,105,126,97,109,130,89,106,139,144,97,91,94,47,99,73,63,84,49,81,59,55,106,95,82,119,134,123,136,155,100,102,92,97,90,99,86,86,83,85,123,122,140,113,115,127,109,129,123,21,97,114,63,38,68,109,54,71,74,75,103,49,67,85,68,64,116,113,123,122,75,119,129,115,130,115,99,,,,,,,,,,,,,,,,,,,,,,,,,,,,,,123,122,99,138,122,109,141,98,140,128,97,85,117,115,,97,130,99,100,96,99,82,88,81,77,82,94,82,85,87,83,87,87,87,90,93,90,120,128,119,141,140,123,123,128,116,132,113,136,129,115,74,71,83,109,132,64,101,130,67,80,91,118,129,106,104,133,120,132,119,127,121,126,113,83,130,113,123,136,124,112,22,48,64,59,37,75,55,56,45,82,91,106,115,92,150,51,51,80,152,73,58,66,80,81,69,65,70,70,62,92,,79,101,111,82,66,51,117,57,,50,117,103,98,147,138,118,129,134,147,101,115,77,98,121,122,125,124,,133,112,54,128,58,123,97,98,116,117,109,,115,,87,,92,144,132,110,112,122,129,130,116,109,105,128,118,105,114,104,115,108,106,120,94,108,121,97,,,,118,,
20260407,22,O3_8h_24h,85,83,101,68,83,115,90,94,82,90,94,94,108,120,95,90,83,77,74,98,110,95,97,87,108,103,95,102,104,95,94,101,98,104,100,96,108,117,110,104,106,103,113,59,108,113,107,113,105,102,113,116,42,49,40,44,55,54,50,57,52,68,123,87,45,75,43,110,122,93,98,121,119,111,36,29,113,128,91,88,90,93,95,96,104,120,90,94,120,81,96,133,136,94,86,90,29,99,64,57,79,49,74,52,53,101,94,74,119,126,117,136,146,99,96,85,93,73,93,77,76,75,79,117,113,134,106,114,122,105,123,121,16,82,105,52,28,48,109,45,69,71,56,101,36,61,80,58,59,114,107,121,117,74,113,125,111,124,113,90,,,,,,,,,,,,,,,,,,,,,,,,,,,,,,122,115,97,137,117,101,140,101,140,127,90,78,113,115,,93,127,99,86,79,95,75,75,69,62,75,81,75,82,85,80,86,79,83,87,80,87,107,122,116,129,134,119,108,114,110,121,104,128,118,114,74,68,79,106,129,64,77,118,57,63,78,106,120,105,102,130,117,127,115,120,119,124,108,75,125,107,109,129,122,110,14,35,44,58,23,48,39,43,38,77,89,101,100,88,145,43,50,73,135,62,56,52,72,74,67,44,59,66,44,92,,70,99,109,82,64,32,114,51,,38,111,94,90,143,135,118,128,133,130,101,105,76,92,121,122,125,119,,130,116,53,126,44,123,88,98,107,114,107,,113,,85,,90,135,131,108,106,112,128,126,111,103,96,125,111,104,111,98,110,104,104,117,94,92,120,95,,,,113,,
20260407,22,CO,0.36,0.43,0.36,0.59,0.65,0.47,0.33,0.33,0.55,0.40,0.35,0.33,0.38,0.53,0.60,0.57,0.44,0.44,0.38,0.37,0.51,0.47,0.40,0.60,0.36,0.54,0.61,0.49,0.62,0.48,0.33,0.36,0.32,0.42,0.34,0.15,0.28,0.47,0.38,0.13,0.30,0.30,0.40,0.30,0.50,0.22,0.35,0.75,0.50,0.40,0.52,0.80,0.90,0.62,0.47,0.43,0.47,0.25,0.37,0.53,0.53,0.47,0.64,0.50,0.54,0.40,0.40,0.48,0.22,0.70,0.43,0.50,0.34,0.33,0.62,0.87,0.71,0.44,0.53,0.65,0.27,0.50,0.47,0.27,0.52,0.67,0.26,0.52,0.44,0.37,0.35,0.53,0.37,0.44,0.27,0.40,0.85,0.55,0.50,0.63,0.55,0.45,0.55,0.50,0.65,0.40,0.60,0.55,0.37,0.30,0.63,0.45,0.73,0.50,0.43,0.88,0.58,0.60,0.40,0.73,0.64,0.43,0.23,0.28,0.27,0.78,0.59,0.40,0.78,0.63,0.57,0.58,0.63,0.77,1.05,1.13,0.55,0.80,0.72,0.85,0.45,0.48,0.70,1.05,0.77,0.40,0.47,0.20,0.47,0.38,0.73,0.60,0.60,0.60,0.70,0.40,0.40,0.40,0.46,0.40,,,,,,,,,,,,,,,,,,,,,,,,,,,,,,0.45,0.30,0.45,0.50,0.53,0.40,0.50,0.43,0.60,0.30,0.57,0.30,0.60,0.60,,0.30,0.50,0.35,0.80,0.45,0.43,0.33,0.60,0.60,0.80,0.30,0.15,0.33,0.20,0.27,0.40,0.30,0.30,0.50,0.25,0.35,0.35,0.27,0.42,0.30,0.23,0.40,0.35,0.50,0.38,0.13,0.43,0.13,0.47,0.20,0.43,0.50,0.40,0.55,0.25,0.37,1.10,0.68,0.60,0.68,1.00,0.95,0.75,0.25,0.62,0.62,0.80,0.40,0.46,0.55,0.30,0.37,0.60,0.77,0.74,1.10,0.70,0.50,0.47,0.80,0.80,0.70,1.02,1.20,0.90,0.65,0.73,0.40,0.70,0.55,0.60,0.77,0.88,1.17,0.87,0.95,0.67,0.80,1.20,0.80,0.53,0.40,0.47,0.53,0.45,0.52,0.30,0.30,0.55,0.45,0.30,,0.30,0.40,0.53,0.73,0.35,0.65,0.60,0.65,,0.70,0.50,0.30,0.50,0.65,0.80,0.70,0.40,0.45,0.45,0.45,1.65,0.25,0.55,0.20,0.25,0.35,0.90,,0.45,0.40,0.60,0.53,0.60,0.55,0.35,0.40,0.40,0.25,0.75,,0.55,,0.45,,0.40,0.60,0.50,0.30,0.20,0.40,0.40,0.40,0.33,0.25,0.40,0.60,0.30,0.30,0.20,0.60,0.20,0.50,0.50,0.50,0.40,0.20,0.30,0.30,,,,0.65,,
20260407,22,CO_24h,0.27,0.47,0.34,0.50,0.30,0.35,0.23,0.30,0.30,0.30,0.30,0.30,0.35,0.57,0.38,0.47,0.37,0.36,0.32,0.37,0.58,0.53,0.42,0.44,0.42,0.44,0.66,0.60,0.54,0.50,0.35,0.40,0.32,0.51,0.40,0.40,0.39,0.52,0.47,0.37,0.35,0.60,0.50,0.50,0.58,0.53,0.40,0.73,0.52,0.39,0.53,0.86,0.74,0.65,0.50,0.47,0.50,0.25,0.33,0.60,0.57,0.57,0.64,0.52,0.56,0.39,0.43,0.46,0.23,0.70,0.50,0.75,0.52,0.39,0.55,0.77,0.57,0.38,0.44,0.47,0.27,0.38,0.50,0.46,0.42,0.63,0.26,0.50,0.54,0.32,0.32,0.55,0.52,0.46,0.23,0.38,0.87,0.60,0.60,0.67,0.75,0.35,0.50,0.53,0.65,0.90,0.73,0.55,0.40,0.70,0.54,0.58,0.75,0.50,0.36,0.96,0.57,0.52,0.40,0.63,0.42,0.43,0.22,0.50,0.43,0.82,0.60,0.32,0.70,0.57,0.60,0.53,0.55,0.70,0.95,1.05,0.55,0.73,0.78,0.93,0.50,0.48,0.60,0.82,0.70,0.50,0.50,0.25,0.50,0.45,0.63,0.60,0.50,0.52,0.70,0.50,0.83,0.56,0.36,0.40,,,,,,,,,,,,,,,,,,,,,,,,,,,,,,0.43,0.40,0.70,0.63,0.37,0.40,0.67,0.43,0.47,0.43,0.47,0.20,0.45,0.42,,0.25,0.50,0.28,0.50,0.40,0.43,0.37,0.30,0.45,0.70,0.30,0.20,0.30,0.20,0.30,0.33,0.30,0.30,0.43,0.30,0.30,0.40,0.35,0.42,0.35,0.50,0.42,0.45,0.40,0.44,0.23,0.40,0.23,0.73,0.37,0.67,0.63,0.55,0.65,0.55,0.60,0.80,0.67,0.60,0.74,0.95,0.75,0.85,0.70,0.62,0.63,0.60,0.45,0.50,0.55,0.40,0.40,0.80,0.63,0.74,0.87,0.57,0.70,0.47,1.00,0.73,0.55,0.93,0.85,0.90,0.55,0.63,0.40,0.70,0.50,0.35,0.63,0.67,0.97,0.77,1.05,0.70,0.80,1.10,0.90,0.63,0.40,0.43,0.47,0.45,0.60,0.35,0.40,0.70,0.40,0.30,,0.25,0.40,0.50,0.63,0.35,0.55,0.55,0.55,,0.70,0.40,0.40,0.50,0.75,0.50,0.60,0.30,0.40,0.65,0.40,0.90,0.30,0.45,0.25,0.20,0.35,0.60,,0.45,0.40,0.67,0.57,0.50,0.55,0.65,0.40,0.40,0.35,0.65,,0.40,,0.50,,0.40,0.60,0.40,0.30,0.30,0.50,0.40,0.30,0.40,0.70,0.35,0.40,0.15,0.20,0.20,0.65,0.15,0.60,0.30,0.60,0.30,0.20,0.35,0.40,,,,0.60,,
20260407,23,AQI,58,31,54,38,49,61,65,51,35,43,42,58,61,66,49,48,24,34,22,27,43,31,29,26,46,44,44,43,52,33,24,29,35,34,34,28,30,32,30,30,28,28,32,26,46,34,37,52,64,30,79,69,84,35,31,31,41,22,32,33,29,35,63,48,35,23,47,50,38,83,33,41,62,60,88,65,51,71,25,47,23,26,42,34,55,74,22,52,53,37,42,53,59,32,26,25,34,35,38,37,21,35,28,31,46,32,32,49,46,59,71,56,81,59,28,43,42,48,25,27,25,33,27,33,46,56,81,66,59,73,67,81,68,83,88,70,50,31,53,45,43,17,24,33,20,26,17,18,30,39,87,70,64,85,86,130,56,88,69,139,,,,,,,,,,,,,,,,,,,,,,,,,,,,,,60,37,52,75,75,62,86,57,79,80,58,20,96,59,,28,84,29,61,56,31,39,46,46,42,25,30,24,25,31,26,26,26,24,27,21,25,43,49,44,50,53,38,48,53,46,49,44,33,30,37,30,47,21,36,46,46,53,49,24,40,53,45,42,66,70,79,56,60,63,49,55,63,65,80,66,69,67,68,68,84,40,50,64,85,36,51,54,63,53,59,59,59,103,61,90,34,46,59,60,32,17,21,26,38,26,34,28,21,20,28,,16,26,55,49,42,55,71,40,,20,40,42,23,43,86,59,66,70,57,33,219,27,33,35,38,37,39,,40,33,60,70,65,67,29,27,290,68,65,,68,,27,,37,46,47,26,32,25,37,35,62,47,48,82,38,54,111,180,127,158,140,73,62,31,82,53,,,,66,,
20260407,23,PM2.5,24,11,22,16,15,41,30,19,19,23,21,21,38,32,23,31,16,20,9,8,4,7,6,5,15,12,7,9,16,10,7,11,13,9,4,3,8,7,5,3,3,4,14,7,6,5,18,22,33,4,58,50,62,16,13,10,20,14,14,16,12,19,45,27,18,14,27,31,7,24,15,25,25,23,65,47,22,20,11,25,8,13,14,14,26,48,4,21,20,12,8,21,27,3,7,4,21,16,18,20,3,16,17,12,23,19,17,22,32,19,45,34,40,23,7,26,28,30,15,19,6,12,13,5,8,19,60,46,36,36,38,57,49,61,65,51,27,22,37,30,27,3,16,13,11,7,6,11,15,22,50,34,31,48,47,77,16,35,22,82,,,,,,,,,,,,,,,,,,,,,,,,,,,,,,30,11,27,49,43,27,49,26,41,26,24,11,72,35,,9,16,12,39,29,9,25,31,32,24,14,11,17,16,8,8,12,10,11,11,10,6,9,17,9,3,16,13,20,16,14,13,11,10,3,8,19,20,3,13,19,32,33,31,17,22,37,25,9,41,47,58,28,32,28,22,17,36,33,41,45,29,28,49,46,32,22,35,46,63,25,33,36,45,37,42,42,42,77,44,67,18,32,42,43,14,3,15,18,5,14,6,18,6,12,3,,5,14,39,34,23,29,49,17,,14,28,24,11,28,64,42,48,51,38,16,169,19,10,3,3,8,16,,3,7,38,33,32,35,16,13,143,28,33,,30,,3,,10,21,26,11,8,3,3,18,20,14,19,46,23,17,30,121,71,114,67,27,22,3,25,16,,,,48,,
20260407,23,PM2.5_24h,9,13,16,13,8,25,12,13,6,12,15,14,19,26,11,14,10,18,23,10,16,12,5,6,23,15,8,13,17,11,13,9,20,24,11,15,23,20,13,14,9,26,32,19,19,14,19,39,26,5,44,52,50,22,17,14,25,21,19,18,18,25,50,31,19,16,14,20,6,45,27,32,26,23,48,41,21,14,10,14,12,9,17,13,17,28,6,23,21,6,12,24,32,3,6,3,20,17,24,22,21,13,30,17,29,25,23,26,23,38,22,24,37,19,9,22,17,17,14,24,10,22,13,24,21,39,43,30,49,34,37,37,31,45,55,42,26,8,40,29,22,9,11,19,8,6,13,15,10,19,44,36,23,35,49,40,23,21,12,44,,,,,,,,,,,,,,,,,,,,,,,,,,,,,,32,24,30,31,23,26,33,25,20,16,15,10,39,16,,4,14,9,18,14,7,20,17,18,20,17,12,14,13,7,10,8,11,10,12,17,7,20,22,22,25,28,28,26,25,24,22,25,30,27,11,8,12,19,12,31,27,31,32,11,25,29,30,29,33,31,39,36,32,27,30,25,51,24,40,50,34,31,53,51,27,16,29,36,64,18,32,28,39,27,40,36,38,65,41,77,19,25,44,64,16,7,10,13,8,18,13,11,19,12,6,,3,12,36,35,21,16,42,12,,9,26,16,11,52,38,21,36,39,72,20,75,21,12,4,4,5,15,,4,5,34,23,32,34,22,19,48,27,29,,29,,15,,12,26,22,19,17,7,5,23,23,23,18,19,11,24,29,92,61,92,87,26,8,3,32,25,,,,40,,
20260407,23,PM10,66,31,58,38,49,72,80,51,35,43,42,66,71,81,49,48,24,34,22,25,43,31,29,26,46,44,44,43,54,33,24,26,35,34,34,14,30,27,24,13,28,24,32,26,46,28,37,53,77,20,84,88,100,35,31,31,41,22,32,33,29,35,60,48,35,23,47,50,15,115,33,41,74,69,91,80,52,92,25,47,18,24,42,34,59,97,19,53,55,37,42,55,67,32,20,21,34,31,38,37,8,,28,31,46,,30,49,43,68,91,62,111,67,23,43,42,48,25,25,25,33,27,33,46,61,99,82,68,96,83,111,74,106,107,84,50,29,51,45,43,11,24,27,20,26,15,18,30,39,123,90,78,120,122,210,61,126,88,228,,,,,,,,,,,,,,,,,,,,,,,,,,,,,,69,37,53,100,99,73,122,63,108,110,65,15,110,67,,14,117,29,71,61,31,39,46,42,42,25,30,20,21,31,15,16,20,15,21,15,25,43,49,44,50,56,38,48,55,46,49,44,33,28,37,30,47,7,36,46,44,56,49,23,40,49,45,42,82,89,98,62,70,76,49,60,75,80,109,81,88,84,72,85,118,40,39,68,85,30,52,58,60,49,57,64,63,103,65,81,34,42,64,66,32,15,15,26,38,26,34,28,15,20,20,,13,26,57,45,42,59,92,40,,17,34,42,14,43,64,65,69,57,63,24,223,23,12,6,11,23,26,,8,10,70,89,80,83,29,26,413,85,80,,86,,27,,37,46,47,22,32,18,6,33,74,47,48,113,38,57,172,310,203,265,229,96,74,15,113,55,,,,76,,
20260407,23,PM10_24h,30,34,61,38,30,61,51,31,20,31,42,48,60,78,28,39,23,21,33,26,55,33,36,28,58,47,50,47,45,36,36,27,48,58,37,29,51,48,36,28,27,54,57,38,65,32,30,67,70,22,105,99,73,43,35,33,43,33,41,36,36,42,67,47,33,25,29,35,12,140,63,63,81,103,69,63,41,49,26,27,22,23,30,41,50,76,32,56,64,25,40,67,69,25,19,24,30,33,40,43,33,30,43,36,53,47,42,49,35,89,52,64,103,66,16,43,39,42,27,27,30,33,28,56,56,87,113,86,102,103,99,106,57,94,97,71,38,18,65,45,41,21,15,34,16,21,26,25,23,35,121,91,75,105,139,102,73,74,56,137,,,,,,,,,,,,,,,,,,,,,,,,,,,,,,77,68,45,102,57,90,109,61,86,82,39,22,76,37,,11,74,26,39,34,22,27,27,29,35,23,21,19,16,23,13,16,14,14,27,18,20,60,65,64,78,71,64,55,72,61,60,67,70,59,29,14,20,30,30,49,36,49,42,20,42,40,46,55,90,93,87,81,81,84,71,78,106,81,120,95,106,94,86,106,72,27,37,41,93,21,56,43,51,39,58,60,64,86,61,100,36,40,70,98,33,17,21,23,34,30,36,20,29,19,19,,9,24,51,47,32,32,49,22,,15,37,37,20,87,45,35,47,55,93,27,92,27,21,9,11,14,20,,10,9,64,62,77,97,60,51,98,103,83,,93,,48,,33,57,46,36,46,25,13,47,87,88,61,60,36,149,137,237,184,266,290,86,34,22,210,164,,,,58,,
20260407,23,SO2,4,7,4,6,13,7,4,3,9,5,7,6,5,9,7,9,6,6,7,6,7,7,4,9,9,8,7,8,10,9,6,6,4,8,6,5,8,6,6,4,5,3,6,5,8,5,2,10,8,6,6,9,5,5,5,4,4,4,6,4,5,7,4,6,7,4,4,5,5,5,5,21,8,8,4,5,26,7,7,7,6,10,4,10,8,9,8,11,11,6,5,3,9,7,3,8,8,6,5,4,7,6,6,5,6,2,6,5,4,5,9,10,10,6,6,17,10,6,6,6,8,3,7,6,13,9,11,4,8,10,7,15,6,10,5,9,10,4,6,7,4,6,7,5,8,5,2,5,6,5,7,7,4,7,8,25,15,7,5,11,,,,,,,,,,,,,,,,,,,,,,,,,,,,,,6,2,5,5,6,9,10,10,11,13,12,5,11,16,,6,9,9,12,8,7,5,6,7,10,3,4,6,5,11,4,4,5,7,7,5,14,6,8,7,6,8,4,11,7,14,7,7,4,5,4,4,3,4,5,3,6,4,14,3,7,6,8,7,7,10,4,7,7,6,3,13,13,9,12,18,8,5,7,7,5,8,5,8,8,6,4,4,7,4,7,7,6,11,9,12,8,15,12,10,3,7,7,3,7,7,6,6,8,3,5,,6,3,5,7,3,10,6,2,,5,6,8,9,6,11,7,6,6,9,3,8,6,7,5,9,9,4,,7,6,6,5,5,9,8,11,16,5,10,,6,,8,,4,23,10,11,11,18,5,12,6,9,5,4,10,6,3,4,7,5,2,6,5,5,11,8,,,,9,,
20260407,23,SO2_24h,3,8,4,6,8,6,3,3,7,3,5,6,5,9,7,8,6,6,9,6,7,6,4,8,10,7,7,8,7,9,7,6,5,8,6,5,8,6,6,5,5,4,6,4,8,5,2,9,10,6,8,9,5,5,5,5,4,4,6,4,5,9,4,7,8,4,4,5,5,7,6,14,12,8,4,6,16,7,10,6,7,11,3,11,10,12,10,11,12,5,4,4,9,7,4,6,7,6,6,5,7,5,6,5,5,4,8,6,5,8,12,12,10,7,6,15,9,7,9,6,7,3,6,8,8,8,13,5,10,11,8,16,6,10,7,9,10,4,7,11,4,6,6,12,7,5,3,5,6,6,8,6,3,7,9,12,39,15,5,10,,,,,,,,,,,,,,,,,,,,,,,,,,,,,,6,4,4,7,10,10,12,9,11,17,6,6,11,10,,5,9,6,7,8,7,3,5,7,8,2,5,6,5,9,6,4,5,7,6,6,9,6,9,7,8,7,5,9,8,6,6,7,7,6,3,4,4,4,5,4,6,5,13,3,7,7,10,8,9,11,8,8,8,7,5,7,11,8,14,12,8,5,7,7,5,7,6,9,8,7,4,4,4,4,8,7,7,12,12,18,7,6,10,9,5,7,7,3,7,7,5,7,8,3,6,,6,4,5,12,3,10,12,3,,4,6,7,8,7,12,6,6,6,10,3,7,7,7,7,8,8,6,,8,6,7,10,7,8,25,11,14,7,8,,9,,8,,5,13,10,10,12,19,6,14,8,11,5,4,9,7,3,5,13,5,4,7,6,5,14,9,,,,8,,
20260407,23,NO2,23,28,21,19,27,27,30,16,17,22,31,52,30,26,55,26,17,16,16,18,27,31,15,22,24,27,43,36,34,14,19,13,18,23,25,17,23,17,19,13,13,13,17,15,26,10,11,9,42,14,21,28,25,24,15,6,22,5,11,13,10,10,9,9,22,19,15,11,10,20,11,30,12,32,23,42,29,22,19,14,13,16,13,25,22,40,15,39,20,21,20,16,22,20,14,16,20,7,11,6,8,7,13,5,29,4,7,12,20,17,29,13,19,29,7,22,22,32,20,16,9,14,9,17,24,29,26,28,22,16,20,17,35,30,42,29,14,17,10,12,13,6,20,7,15,7,7,11,7,7,30,13,19,35,22,16,17,11,17,23,,,,,,,,,,,,,,,,,,,,,,,,,,,,,,17,11,20,11,21,20,12,19,20,9,14,7,18,25,,7,6,11,31,32,12,27,38,18,24,7,12,10,6,10,5,5,6,11,6,8,7,25,20,12,12,16,10,41,18,17,19,13,19,16,9,8,7,9,15,7,14,21,15,10,13,18,6,7,20,23,27,17,20,15,15,13,7,18,30,21,17,13,13,12,21,22,22,13,7,14,11,9,22,8,23,22,14,34,22,11,14,4,14,8,27,10,11,18,14,10,35,12,8,6,4,,32,5,7,4,16,14,16,8,,7,8,20,12,10,11,8,16,13,17,7,24,7,7,5,2,7,8,,2,1,25,15,16,8,16,14,14,14,14,,14,,6,,33,9,10,3,2,2,12,3,6,6,10,53,15,13,27,51,53,67,22,13,9,2,22,4,,,,15,,
20260407,23,NO2_24h,10,20,15,14,11,16,14,9,12,8,18,20,13,19,17,16,13,11,18,16,21,23,12,20,19,15,22,22,18,10,14,12,15,13,18,22,14,14,15,17,11,19,21,16,22,16,14,12,29,14,19,27,17,24,14,6,20,6,13,12,14,14,9,10,18,14,10,12,6,41,25,19,21,23,20,24,27,22,14,12,15,15,13,20,15,25,14,27,17,19,18,17,20,16,13,13,15,9,11,9,12,8,12,4,26,14,14,15,15,20,16,14,21,16,9,18,18,18,13,12,10,13,10,15,18,22,27,16,26,15,22,17,30,30,24,16,14,9,11,12,7,11,10,14,12,7,13,12,7,10,38,18,23,24,34,14,21,18,5,25,,,,,,,,,,,,,,,,,,,,,,,,,,,,,,15,14,22,18,13,19,24,18,28,21,10,7,14,14,,10,6,9,15,14,10,14,11,13,13,7,11,8,6,6,6,5,9,9,8,11,5,22,16,15,13,11,9,20,17,13,17,13,26,17,10,8,9,7,18,12,13,15,12,9,13,15,6,16,17,20,26,20,19,17,14,13,18,15,28,22,18,12,16,14,23,15,12,12,8,10,10,8,17,10,21,15,13,21,15,12,14,5,10,9,21,11,10,14,16,8,25,10,13,6,4,,12,9,9,6,13,10,12,6,,5,9,12,9,15,9,9,8,13,16,9,22,11,9,8,2,5,9,,4,3,22,34,19,16,20,23,19,11,20,,14,,10,,20,9,3,3,9,2,11,4,21,16,15,17,15,11,12,31,14,36,13,24,7,6,11,6,,,,7,,
20260407,23,O3,65,67,78,38,53,80,64,70,50,64,58,46,71,74,42,69,72,76,65,87,76,74,81,79,78,61,54,59,57,71,67,93,67,80,87,90,81,102,96,97,91,90,78,66,88,108,102,100,55,95,92,76,34,22,27,39,24,46,34,42,32,48,92,46,29,45,26,108,120,89,71,85,95,72,32,5,99,100,73,61,72,82,87,66,85,75,71,47,81,76,74,98,83,90,82,79,16,111,40,52,67,111,40,41,22,101,102,54,103,98,74,130,111,76,91,67,73,34,79,64,59,60,64,100,94,94,82,71,88,93,88,101,7,57,50,21,37,32,101,40,57,53,30,104,27,50,53,45,50,105,68,105,98,46,89,81,85,79,82,59,,,,,,,,,,,,,,,,,,,,,,,,,,,,,,106,96,72,130,94,80,127,80,125,104,80,64,89,100,,88,108,93,54,57,80,61,26,36,33,66,73,60,79,86,84,84,82,78,87,67,72,82,92,103,95,104,98,61,77,82,92,82,101,96,107,85,78,67,73,117,56,34,88,48,59,50,68,94,75,85,78,87,100,98,90,107,115,79,52,108,94,107,107,117,106,1,18,38,47,14,39,28,25,36,46,74,88,45,56,137,29,41,36,89,31,55,34,42,54,57,13,24,68,34,88,,29,84,92,72,42,18,83,39,,26,94,71,72,101,105,125,100,132,77,104,62,62,105,113,120,118,124,,129,104,32,119,22,129,76,87,62,98,105,,111,,79,,43,121,95,82,101,81,117,112,97,87,89,61,88,84,68,44,53,16,79,79,64,99,77,75,,,,89,,
20260407,23,O3_24h,65,67,78,38,53,80,64,70,50,64,58,46,71,74,42,69,72,76,65,87,76,74,81,79,78,61,54,59,57,71,67,93,67,80,87,90,81,102,96,97,91,90,78,66,88,108,102,100,55,95,92,76,34,22,27,39,24,46,34,42,32,48,92,46,29,45,26,108,120,89,71,85,95,72,32,5,99,100,73,61,72,82,87,66,85,75,71,47,81,76,74,98,83,90,82,79,16,111,40,52,67,111,40,41,22,101,102,54,103,98,74,130,111,76,91,67,73,34,79,64,59,60,64,100,94,94,82,71,88,93,88,101,7,57,50,21,37,32,101,40,57,53,30,104,27,50,53,45,50,105,68,105,98,46,89,81,85,79,82,59,,,,,,,,,,,,,,,,,,,,,,,,,,,,,,106,96,72,130,94,80,127,80,125,104,80,64,89,100,,88,108,93,54,57,80,61,26,36,33,66,73,60,79,86,84,84,82,78,87,67,72,82,92,103,95,104,98,61,77,82,92,82,101,96,107,85,78,67,73,117,56,34,88,48,59,50,68,94,75,85,78,87,100,98,90,107,115,79,52,108,94,107,107,117,106,1,18,38,47,14,39,28,25,36,46,74,88,45,56,137,29,41,36,89,31,55,34,42,54,57,13,24,68,34,88,,29,84,92,72,42,18,83,39,,26,94,71,72,101,105,125,100,132,77,104,62,62,105,113,120,118,124,,129,104,32,119,22,129,76,87,62,98,105,,111,,79,,43,121,95,82,101,81,117,112,97,87,89,61,88,84,68,44,53,16,79,79,64,99,77,75,,,,89,,
20260407,23,O3_8h,88,87,103,83,90,118,97,102,91,96,99,102,110,130,109,97,89,86,82,105,121,108,107,96,117,115,109,113,120,107,103,105,106,117,108,99,115,120,113,110,109,115,129,86,119,115,107,119,118,104,116,133,49,60,47,47,67,63,61,71,64,71,125,116,52,80,56,112,123,104,108,126,127,113,43,38,117,129,95,95,103,95,95,106,105,126,97,109,130,89,106,139,144,97,91,94,47,105,73,63,84,56,81,59,55,106,95,82,119,134,123,136,155,100,102,92,97,90,99,86,86,83,85,123,122,140,113,115,127,109,129,123,21,97,114,63,38,68,109,51,71,74,75,103,49,67,85,68,64,116,113,123,122,75,119,129,115,130,115,99,,,,,,,,,,,,,,,,,,,,,,,,,,,,,,123,122,99,138,122,109,141,98,140,128,97,85,117,115,,97,130,99,100,96,99,82,88,81,77,82,94,82,85,87,84,87,87,87,90,93,90,120,128,119,141,140,123,123,128,116,132,113,136,129,115,75,71,83,109,132,65,101,130,67,80,91,118,129,106,104,133,120,132,119,127,121,126,113,83,130,113,123,136,124,112,22,48,64,59,37,75,55,56,45,82,91,106,115,92,150,51,51,80,152,73,58,66,80,81,69,65,70,70,62,92,,79,101,111,82,66,51,117,57,,50,117,103,98,147,138,120,129,134,147,102,115,77,98,121,122,125,124,,133,112,54,128,58,125,97,98,116,117,109,,115,,87,,92,144,132,110,112,122,129,130,116,109,105,128,118,105,114,104,115,108,106,120,94,108,121,97,,,,118,,
20260407,23,O3_8h_24h,82,79,97,61,78,111,86,90,77,86,89,86,104,112,87,86,81,76,71,94,105,90,93,85,102,96,87,94,94,90,89,99,92,99,97,94,103,114,107,101,103,97,105,58,104,112,106,110,96,101,110,107,41,42,35,43,47,51,46,52,47,64,118,76,42,70,40,110,122,91,93,113,113,106,34,24,110,124,88,83,85,91,94,91,101,113,86,85,113,79,92,127,128,93,85,88,26,105,59,54,76,56,69,50,50,96,93,70,118,121,110,135,140,96,94,82,89,66,90,74,72,72,76,114,110,127,101,109,117,101,117,118,13,75,95,45,27,45,108,44,68,67,49,101,34,58,75,55,57,114,101,119,114,72,108,118,108,116,109,84,,,,,,,,,,,,,,,,,,,,,,,,,,,,,,121,111,92,136,113,96,138,95,138,124,87,75,111,114,,92,125,98,80,73,92,72,67,62,56,72,78,72,81,85,80,86,78,82,87,77,84,101,117,113,123,128,115,99,107,104,116,100,123,113,113,75,69,77,102,126,65,66,111,54,61,71,100,115,101,97,122,112,122,112,114,117,122,104,70,121,105,106,126,120,108,10,33,43,58,20,46,36,38,36,70,86,98,90,83,143,41,49,66,126,55,55,48,68,70,65,38,46,65,41,92,,63,97,107,81,60,30,106,49,,36,107,88,86,137,130,120,125,134,119,102,97,74,93,121,122,125,119,,139,115,49,125,38,125,84,96,100,112,106,,113,,84,,83,132,127,104,104,104,126,124,108,99,94,117,106,102,106,91,103,99,101,112,91,93,116,92,,,,109,,
20260407,23,CO,0.38,0.40,0.34,0.64,0.60,0.47,0.30,0.37,0.40,0.43,0.32,0.33,0.40,0.54,0.56,0.58,0.41,0.34,0.32,0.38,0.52,0.46,0.40,0.56,0.36,0.62,0.59,0.53,0.66,0.53,0.28,0.38,0.35,0.42,0.30,0.15,0.33,0.47,0.35,0.13,0.30,0.30,0.30,0.25,0.51,0.20,0.38,0.65,0.53,0.40,0.51,0.80,0.89,0.63,0.47,0.43,0.47,0.25,0.37,0.53,0.53,0.47,0.60,0.47,0.52,0.42,0.47,0.53,0.22,0.52,0.47,0.55,0.34,0.38,0.62,0.92,0.64,0.42,0.53,0.68,0.27,0.53,0.47,0.27,0.50,0.70,0.24,0.52,0.46,0.35,0.37,0.50,0.37,0.44,0.23,0.37,0.87,0.55,0.50,0.63,0.60,0.50,0.55,0.50,0.60,0.40,0.57,0.55,0.37,0.30,0.59,0.52,0.73,0.50,0.40,1.06,0.63,0.60,0.42,0.65,0.62,0.43,0.25,0.27,0.27,0.74,0.60,0.45,0.63,0.67,0.47,0.58,0.60,0.70,1.05,1.07,0.55,0.83,0.75,0.83,0.45,0.48,0.65,0.57,0.73,0.40,0.47,0.20,0.47,0.38,0.67,0.55,0.60,0.58,0.60,0.50,0.37,0.40,0.46,0.45,,,,,,,,,,,,,,,,,,,,,,,,,,,,,,0.45,0.30,0.50,0.53,0.50,0.40,0.53,0.40,0.60,0.43,0.53,0.30,0.50,0.60,,0.30,0.55,0.35,1.00,0.45,0.47,0.37,0.60,0.60,0.80,0.25,0.15,0.33,0.20,0.27,0.37,0.30,0.20,0.50,0.30,0.30,0.40,0.27,0.42,0.25,0.25,0.40,0.35,0.50,0.36,0.17,0.40,0.13,0.45,0.20,0.43,0.50,0.35,0.55,0.35,0.40,1.03,0.65,0.55,0.68,0.95,0.95,0.80,0.25,0.64,0.63,0.75,0.40,0.46,0.57,0.27,0.47,0.55,0.80,0.74,1.23,0.68,0.50,0.47,0.80,0.80,0.70,1.02,1.15,0.80,0.60,0.73,0.45,0.80,0.60,,0.70,0.82,1.13,0.90,0.95,0.67,0.80,1.25,0.80,0.53,0.35,0.47,0.55,0.45,0.50,0.30,0.30,0.55,0.45,0.30,,0.30,0.45,0.53,0.73,0.40,0.65,0.65,0.65,,0.70,0.50,0.30,0.50,0.65,0.85,0.70,0.50,0.50,0.45,0.45,1.55,0.25,0.50,0.20,0.25,0.35,0.70,,0.45,0.40,0.60,0.60,0.50,0.55,0.45,0.40,0.30,0.35,0.70,,0.55,,0.50,,0.45,0.90,0.50,0.30,0.20,0.30,0.40,0.40,0.37,0.25,0.35,0.80,0.25,0.30,0.20,0.65,0.20,1.20,0.50,0.45,0.40,0.10,0.30,0.30,,,,0.65,,
20260407,23,CO_24h,0.28,0.48,0.34,0.50,0.30,0.35,0.23,0.30,0.30,0.30,0.30,0.30,0.35,0.58,0.38,0.48,0.37,0.36,0.31,0.36,0.57,0.52,0.42,0.46,0.40,0.44,0.61,0.60,0.54,0.48,0.35,0.40,0.32,0.51,0.39,0.37,0.37,0.52,0.43,0.30,0.35,0.57,0.50,0.45,0.58,0.53,0.40,0.73,0.51,0.39,0.53,0.86,0.74,0.65,0.50,0.47,0.50,0.25,0.33,0.60,0.55,0.57,0.64,0.52,0.56,0.39,0.43,0.45,0.23,0.70,0.50,0.75,0.54,0.39,0.55,0.78,0.60,0.40,0.44,0.47,0.27,0.40,0.50,0.46,0.44,0.67,0.26,0.50,0.54,0.32,0.32,0.55,0.52,0.46,0.23,0.38,0.83,0.60,0.60,0.67,0.75,0.35,0.45,0.53,0.65,0.80,0.73,0.55,0.40,0.60,0.54,0.58,0.75,0.50,0.34,0.92,0.58,0.54,0.42,0.63,0.44,0.43,0.22,0.48,0.43,0.80,0.60,0.32,0.70,0.60,0.60,0.53,0.55,0.73,0.95,1.05,0.55,0.73,0.78,0.90,0.50,0.48,0.60,0.82,0.70,0.50,0.47,0.25,0.47,0.45,0.63,0.60,0.50,0.54,0.70,0.50,0.80,0.56,0.36,0.40,,,,,,,,,,,,,,,,,,,,,,,,,,,,,,0.43,0.40,0.65,0.63,0.37,0.40,0.65,0.43,0.47,0.43,0.47,0.20,0.45,0.45,,0.25,0.50,0.28,0.50,0.35,0.43,0.37,0.40,0.50,0.70,0.30,0.25,0.30,0.20,0.30,0.37,0.30,0.30,0.43,0.30,0.30,0.40,0.33,0.42,0.35,0.47,0.42,0.45,0.40,0.42,0.23,0.40,0.23,0.73,0.33,0.67,0.63,0.55,0.65,0.50,0.60,0.80,0.63,0.60,0.74,0.95,0.77,0.88,0.60,0.62,0.63,0.65,0.45,0.48,0.55,0.40,0.40,0.82,0.70,0.74,0.87,0.60,0.70,0.47,1.00,0.73,0.55,0.93,0.85,0.90,0.55,0.63,0.40,0.75,0.50,0.35,0.63,0.70,0.97,0.77,1.05,0.70,0.80,1.15,0.90,0.63,0.40,0.43,0.47,0.50,0.57,0.30,0.40,0.65,0.40,0.30,,0.25,0.40,0.50,0.63,0.35,0.55,0.55,0.55,,0.70,0.40,0.40,0.50,0.75,0.50,0.60,0.30,0.40,0.60,0.40,0.95,0.25,0.45,0.25,0.20,0.35,0.60,,0.45,0.40,0.67,0.57,0.50,0.55,0.65,0.40,0.40,0.35,0.60,,0.40,,0.50,,0.45,0.60,0.50,0.30,0.30,0.50,0.40,0.30,0.40,0.65,0.35,0.45,0.15,0.20,0.20,0.65,0.15,0.60,0.30,0.60,0.30,0.20,0.35,0.40,,,,0.60,,