date,hour,type,北京,天津,石家庄,唐山,秦皇岛,邯郸,保定,张家口,承德,廊坊,沧州,衡水,邢台,太原,呼和浩特,沈阳,大连,长春,哈尔滨,上海,南京,苏州,南通,连云港,徐州,扬州,无锡,常州,镇江,泰州,淮安,盐城,宿迁,杭州,宁波,温州,绍兴,湖州,嘉兴,台州,舟山,金华,衢州,丽水,合肥,福州,厦门,南昌,济南,青岛,郑州,武汉,长沙,广州,深圳,珠海,佛山,中山,江门,东莞,惠州,肇庆,南宁,海口,重庆,成都,贵阳,昆明,拉萨,西安,兰州,西宁,银川,乌鲁木齐,湘潭,株洲,包头,鄂尔多斯,营口,丹东,盘锦,葫芦岛,泉州,临沂,德州,聊城,滨州,淄博,枣庄,烟台,潍坊,济宁,泰安,日照,威海,东营,韶关,汕头,湛江,茂名,梅州,汕尾,河源,阳江,清远,潮州,揭阳,云浮,玉溪,菏泽,大同,长治,临汾,阳泉,赤峰,鞍山,抚顺,本溪,锦州,吉林,齐齐哈尔,牡丹江,大庆,芜湖,马鞍山,九江,洛阳,安阳,开封,焦作,平顶山,三门峡,宜昌,荆州,岳阳,常德,张家界,桂林,北海,柳州,三亚,绵阳,宜宾,攀枝花,泸州,自贡,德阳,南充,遵义,曲靖,咸阳,铜川,延安,宝鸡,渭南,金昌,嘉峪关,石嘴山,克拉玛依,巴音郭楞州,寿光,章丘,即墨,胶南,胶州,莱西,平度,蓬莱,招远,莱州,荣成,文登,乳山,吴江,昆山,常熟,张家港,太仓,句容,江阴,宜兴,金坛,溧阳,海门,临安,富阳,义乌,诸暨,瓦房店,信阳,周口,漳州,晋城,朔州,晋中,运城,忻州,吕梁,乌海,通辽,呼伦贝尔,巴彦淖尔,乌兰察布,兴安盟,锡林郭勒盟,阿拉善盟,阜新,辽阳,铁岭,朝阳,四平,辽源,通化,白山,松原,白城,延边朝鲜族自治州,鸡西,鹤岗,双鸭山,伊春,佳木斯,七台河,黑河,绥化,大兴安岭地区,蚌埠,淮南,淮北,铜陵,安庆,黄山,滁州,阜阳,宿州,六安,亳州,池州,宣城,莆田,三明,南平,龙岩,宁德,景德镇,萍乡,新余,鹰潭,赣州,吉安,宜春,抚州,上饶,鹤壁,新乡,濮阳,许昌,漯河,南阳,商丘,驻马店,黄石,十堰,襄阳,鄂州,荆门,孝感,黄冈,咸宁,随州,恩施土家族苗族自治州,衡阳,邵阳,益阳,郴州,永州,怀化,娄底,湘西州,梧州,防城港,钦州,贵港,玉林,百色,贺州,河池,来宾,崇左,广元,遂宁,内江,乐山,眉山,广安,达州,雅安,巴中,资阳,阿坝藏族羌族自治州,甘孜州,甘孜藏族自治州,凉山彝族自治州,六盘水,安顺,铜仁地区,毕节,黔西南布依族苗族自治州,黔东南苗族侗族自治州,黔东南州,黔南布依族苗族自治州,保山,昭通,丽江,普洱,临沧,楚雄州,红河州,文山州,西双版纳州,大理州,德宏州,怒江州,迪庆州,昌都,山南,日喀则,那曲地区,那曲,阿里地区,林芝,汉中,榆林,安康,商洛,白银,天水,武威,张掖,平凉,酒泉,庆阳,定西,陇南,临夏回族自治州,甘南州,海东地区,海北藏族自治州,黄南藏族自治州,海南藏族自治州,果洛藏族自治州,玉树藏族自治州,海西蒙古族藏族自治州,吴忠,中卫,固原,吐鲁番地区,哈密地区,昌吉州,博尔塔拉蒙古自治州,阿克苏地区,克孜勒苏柯尔克孜自治州,喀什地区,和田地区,伊犁哈萨克州,塔城地区,阿勒泰地区,石河子,五家渠,三沙,兰州新区,赣江新区,儋州,雄安新区,西咸新区
20260406,0,AQI,24,25,57,33,26,102,42,28,28,25,50,48,119,55,27,27,35,36,40,53,77,74,63,79,99,90,70,85,84,89,80,87,115,78,51,58,66,84,65,47,33,81,72,46,65,41,50,40,79,50,99,83,48,25,27,22,33,31,32,30,23,68,78,46,58,59,58,38,37,78,68,51,77,58,43,52,26,35,22,55,15,29,41,68,54,96,40,64,96,57,61,97,92,62,58,57,70,39,36,41,31,25,18,33,51,33,79,64,46,120,23,73,100,59,23,24,33,34,25,44,41,44,31,79,84,59,96,116,93,100,98,65,47,43,54,60,36,73,64,55,43,55,81,41,51,74,44,49,39,42,76,50,114,75,66,76,36,59,58,55,,,,,,,,,,,,,,,,,,,,,,,,,,,,,,69,78,56,81,26,57,73,44,60,55,60,25,50,27,,14,63,21,23,31,31,50,37,31,30,65,80,40,33,28,21,28,26,31,50,39,24,86,75,86,68,61,63,72,73,91,68,92,63,71,49,39,34,49,44,58,37,40,70,34,51,39,56,75,122,111,99,100,85,89,99,79,49,71,71,60,79,90,51,54,66,52,54,60,56,40,52,45,37,40,73,58,48,66,71,95,58,104,94,89,48,59,75,78,88,61,60,56,56,64,27,,24,34,51,52,34,52,69,71,,70,51,49,31,79,44,40,65,64,118,37,59,49,33,24,36,39,34,,39,13,67,32,66,66,62,75,54,63,61,,55,,75,,72,51,53,68,67,43,31,61,74,94,76,58,67,71,90,142,100,126,185,67,80,27,60,49,,,,56,,
20260406,0,PM2.5,3,4,16,6,9,54,10,4,8,7,12,9,48,16,6,14,15,25,28,28,28,45,39,42,55,33,27,38,39,35,41,46,87,41,31,41,29,49,39,30,14,43,37,29,41,29,35,28,18,6,49,61,30,15,14,10,23,15,18,21,14,49,57,32,38,34,41,23,8,34,30,26,24,22,30,31,6,9,3,33,4,7,29,9,8,35,3,16,67,13,16,35,31,5,20,4,51,27,25,18,22,14,12,10,36,23,28,46,32,43,7,24,35,16,6,17,23,24,6,31,29,31,22,43,38,42,49,37,51,37,48,29,27,26,28,43,25,53,46,39,26,35,57,25,33,54,31,34,24,21,44,20,54,38,28,31,13,17,26,18,,,,,,,,,,,,,,,,,,,,,,,,,,,,,,34,44,40,26,6,18,35,13,17,15,41,6,15,11,,5,28,3,11,22,3,35,25,9,9,47,59,28,23,8,6,11,10,22,35,19,3,52,38,38,42,43,39,41,44,56,49,49,36,33,34,27,20,34,31,34,26,13,36,24,33,17,33,34,39,33,26,47,42,54,55,38,17,38,40,23,44,60,33,28,39,30,38,43,40,28,28,27,26,28,53,41,32,48,52,71,41,78,70,66,23,33,55,53,52,44,31,30,34,46,3,,16,23,36,36,9,33,50,52,,51,34,34,11,58,31,27,47,46,89,26,37,32,15,3,3,3,16,,3,3,45,11,28,29,30,35,30,34,21,,13,,25,,37,18,18,39,36,16,3,7,36,41,31,19,39,41,40,96,50,89,71,33,35,3,24,21,,,,40,,
20260406,0,PM2.5_24h,13,18,29,19,15,40,31,13,13,21,32,27,35,28,6,26,26,27,33,33,32,39,36,40,37,39,32,37,42,41,42,51,42,31,25,29,27,40,33,26,25,30,31,21,25,19,17,30,24,30,45,48,30,23,15,19,35,21,30,24,17,39,53,34,31,44,27,25,8,32,43,28,48,15,29,33,10,14,21,27,19,18,20,41,27,28,22,26,35,20,26,31,27,45,23,18,31,15,30,35,15,17,17,35,26,20,22,45,24,35,12,27,45,26,10,23,20,21,22,26,46,34,38,36,35,30,33,33,44,37,36,33,33,38,30,37,32,36,33,36,28,34,37,25,18,32,37,37,25,23,37,31,30,34,40,11,13,36,13,16,,,,,,,,,,,,,,,,,,,,,,,,,,,,,,35,31,22,24,17,28,34,23,30,28,29,15,25,11,,5,49,18,22,20,14,26,18,20,19,39,36,25,35,20,21,16,28,27,22,39,37,32,29,31,32,29,35,38,29,38,33,30,30,29,22,27,20,19,19,29,28,21,31,23,22,22,23,32,37,33,32,38,35,34,36,29,35,26,41,34,42,39,38,31,39,28,35,52,34,26,39,35,35,32,25,36,42,43,52,52,34,44,53,45,37,34,37,36,34,40,33,28,32,37,7,,12,21,28,29,21,30,31,33,,28,34,30,11,58,37,27,44,47,75,28,48,25,11,6,3,5,20,,2,6,36,40,28,30,31,31,23,26,33,,30,,28,,28,26,16,23,18,14,3,11,43,30,26,21,13,17,20,57,44,73,72,22,12,2,9,18,,,,42,,
20260406,0,PM10,11,24,64,33,23,154,42,8,28,23,50,48,188,59,8,27,35,,34,56,103,97,75,107,148,129,89,120,118,127,109,123,171,106,52,50,81,117,79,47,33,112,94,46,79,37,46,40,108,50,148,116,48,25,27,22,29,31,32,30,23,58,64,45,66,67,58,38,15,106,86,52,104,66,42,54,18,35,17,59,13,29,,86,58,141,40,78,142,63,71,144,133,73,65,64,67,32,36,41,21,25,16,33,50,,107,52,41,190,19,96,150,67,15,24,27,34,25,37,39,36,31,108,118,68,141,182,136,149,146,80,47,43,58,51,30,73,68,47,43,59,112,41,52,98,44,48,39,42,101,50,178,99,81,102,36,68,65,60,,,,,,,,,,,,,,,,,,,,,,,,,,,,,,88,106,50,111,26,63,96,44,69,59,70,20,50,21,,13,75,17,11,,31,41,37,20,19,52,65,30,32,28,21,28,26,26,50,39,21,122,100,121,85,71,75,93,96,132,78,133,76,92,32,30,29,29,33,65,35,40,90,31,51,39,62,100,193,171,148,150,119,128,148,107,49,91,92,69,108,130,52,58,81,53,47,61,42,38,53,45,29,38,55,56,48,66,72,78,61,105,87,97,48,67,84,105,125,62,70,62,61,70,25,,24,34,43,53,34,54,65,77,,59,51,47,23,107,,40,69,57,111,35,68,49,26,10,8,11,18,,10,8,84,32,81,82,73,99,58,75,72,,59,,99,,94,51,56,86,83,43,7,72,97,137,102,65,83,92,130,233,149,201,320,84,109,11,69,49,,,,62,,
20260406,0,PM10_24h,34,44,139,62,47,134,83,58,49,51,75,112,148,164,24,45,44,36,45,65,113,89,112,102,115,118,111,107,99,107,104,108,108,77,43,44,64,83,70,43,39,73,77,44,77,31,25,58,117,65,139,92,78,36,26,27,41,31,45,33,25,59,62,48,58,98,43,39,19,116,126,73,200,47,73,77,48,99,39,40,27,33,29,117,135,140,84,96,123,59,85,102,111,100,54,70,51,22,49,59,18,22,27,51,46,29,31,69,39,121,76,94,142,138,46,35,35,36,39,33,65,41,51,109,112,63,115,162,134,121,144,112,75,67,81,73,45,55,52,47,44,81,74,43,32,77,91,85,40,38,112,91,112,112,124,29,40,202,51,65,,,,,,,,,,,,,,,,,,,,,,,,,,,,,,97,121,35,106,116,170,119,136,135,143,55,24,112,35,,13,156,40,32,36,39,48,36,32,39,44,43,32,43,38,35,30,48,42,33,48,47,102,95,110,95,62,89,94,95,106,82,106,80,97,30,40,34,25,27,56,67,47,63,39,47,56,49,72,147,122,129,132,127,118,120,103,75,84,111,71,84,112,63,82,92,54,69,78,48,42,64,74,68,51,39,50,60,61,69,63,48,63,69,68,78,95,71,72,105,73,85,58,73,68,23,,26,34,37,37,40,42,37,52,,36,49,52,19,100,44,40,55,65,94,37,78,37,19,10,17,20,31,,8,9,82,187,85,78,90,83,62,60,97,,95,,70,,80,77,42,60,52,38,11,38,165,89,91,57,34,40,95,202,133,202,304,71,56,12,35,60,,,,59,,
20260406,0,SO2,3,5,3,4,6,7,3,2,2,3,5,3,5,5,6,7,7,6,9,6,10,7,6,10,11,8,6,11,9,12,7,11,6,8,5,5,7,7,6,7,7,4,5,5,8,4,2,7,8,6,8,10,5,5,5,4,5,4,6,4,5,7,4,6,9,5,5,5,4,4,5,10,11,7,4,6,5,5,9,5,5,11,3,9,9,15,9,13,14,8,6,7,13,51,4,7,7,5,5,3,7,6,6,4,5,4,6,5,8,7,7,15,5,6,5,8,9,7,28,5,5,5,6,12,13,7,14,6,12,9,7,13,6,6,5,7,10,10,8,7,4,6,9,6,15,10,4,6,10,6,5,3,15,6,6,10,11,14,6,10,,,,,,,,,,,,,,,,,,,,,,,,,,,,,,7,2,4,5,4,12,10,7,5,7,7,5,10,6,,5,8,6,5,9,8,3,5,7,7,1,4,6,6,9,6,4,5,7,7,5,8,9,10,7,18,7,5,11,7,7,7,11,7,7,3,4,3,4,5,5,8,4,15,3,8,8,11,11,8,11,5,7,10,6,5,6,8,7,15,12,6,18,8,5,11,8,6,12,4,13,4,5,6,5,7,8,5,16,9,14,8,6,7,6,2,8,10,7,8,8,6,7,8,3,5,,6,3,5,10,4,10,6,3,,6,6,8,8,6,10,6,6,5,10,3,7,7,6,7,9,7,15,,7,6,7,15,5,29,3,10,9,6,8,,4,,8,,4,18,10,10,17,8,5,13,8,9,5,3,8,7,3,7,7,5,2,10,7,5,9,9,,,,10,,
20260406,0,SO2_24h,3,7,3,6,8,6,4,3,5,3,7,4,6,6,6,10,7,6,9,6,10,7,6,10,10,8,6,9,6,11,8,9,7,7,5,5,7,6,7,6,6,4,6,5,7,4,3,9,8,7,7,10,7,5,5,4,6,4,7,4,6,9,5,6,9,6,7,5,5,5,7,13,9,7,8,9,6,5,10,7,5,11,4,18,10,10,12,13,11,8,8,6,9,16,5,9,12,6,6,9,7,6,6,7,7,8,7,10,5,8,5,10,11,8,7,9,10,8,13,6,7,5,6,8,10,7,12,5,12,14,8,16,7,9,8,10,10,9,8,7,4,6,9,12,10,10,7,6,12,5,5,3,4,6,13,8,15,8,6,10,,,,,,,,,,,,,,,,,,,,,,,,,,,,,,9,2,6,5,4,16,9,7,8,11,7,5,9,4,,5,8,11,6,10,8,4,6,8,9,2,4,7,6,10,8,4,5,8,7,6,11,8,9,8,15,10,5,10,7,6,6,7,7,6,4,9,3,6,6,4,12,4,16,4,8,9,7,12,9,13,5,7,8,7,5,6,11,8,14,14,7,7,9,7,11,7,11,14,8,9,6,7,7,5,8,10,6,17,17,17,10,8,11,8,12,9,9,6,12,8,7,7,8,3,5,,6,8,5,13,5,11,5,3,,6,6,8,7,7,10,6,5,13,10,4,7,7,6,7,9,7,9,,7,6,6,7,8,7,13,14,10,5,8,,4,,8,,5,12,8,10,13,9,6,14,16,10,4,4,9,7,3,5,13,4,3,7,6,5,9,8,,,,8,,
20260406,0,NO2,8,11,10,7,2,32,11,4,11,3,20,16,44,10,2,12,14,11,13,21,49,31,35,18,60,50,28,24,34,47,48,33,30,47,16,19,20,34,25,10,22,56,28,9,33,13,13,14,20,12,22,57,10,19,13,4,19,9,15,22,11,39,7,5,31,19,20,8,5,66,50,14,20,43,13,11,7,15,13,10,24,16,10,19,17,25,16,16,25,24,24,28,21,19,18,15,28,15,14,5,10,5,8,3,23,9,14,40,15,29,5,16,14,43,5,11,13,16,9,10,8,13,8,68,48,56,26,23,24,16,34,27,24,20,14,18,14,26,12,11,5,27,17,10,17,15,10,26,11,10,38,23,60,19,57,35,18,20,23,33,,,,,,,,,,,,,,,,,,,,,,,,,,,,,,11,15,17,16,6,12,37,15,9,25,12,5,8,4,,27,5,10,8,3,9,17,10,8,8,6,12,7,7,7,8,5,14,10,9,13,3,45,25,22,41,53,14,18,28,45,26,42,24,25,9,11,7,8,15,17,6,12,28,13,15,9,5,23,15,13,19,25,22,44,37,19,16,15,16,32,19,17,14,7,26,22,11,13,5,11,16,5,9,10,42,20,11,19,11,10,11,8,15,16,40,23,17,45,44,18,40,9,35,13,5,,18,12,7,5,6,7,4,19,,6,5,16,7,16,9,5,9,9,20,6,11,16,5,6,1,4,12,,5,9,24,27,12,52,16,47,35,33,30,,8,,7,,19,15,3,2,10,2,3,1,17,41,45,22,73,70,26,82,51,62,4,34,16,1,39,9,,,,6,,
20260406,0,NO2_24h,14,22,14,12,17,16,25,5,9,13,26,19,16,14,2,22,19,11,27,19,25,24,28,17,24,27,21,19,21,23,26,19,20,27,15,21,21,22,21,16,22,27,26,14,14,14,17,25,16,16,21,35,15,25,15,18,33,23,32,22,12,39,11,9,23,27,11,9,13,35,27,12,14,24,15,18,6,10,18,11,16,18,14,24,17,18,23,19,21,20,19,16,14,32,14,20,20,11,10,12,8,9,13,20,22,12,15,39,11,18,6,11,20,20,6,14,15,15,19,10,14,17,12,32,28,34,24,15,25,18,22,30,24,31,24,17,16,18,7,15,9,16,15,14,15,12,14,23,11,9,32,21,25,18,33,8,15,8,15,8,,,,,,,,,,,,,,,,,,,,,,,,,,,,,,10,14,20,22,6,15,26,9,18,14,12,7,9,5,,6,5,13,12,12,13,11,10,13,15,11,11,9,13,12,15,9,24,15,12,17,8,19,16,19,25,24,11,18,15,18,15,14,22,17,10,14,11,8,13,15,13,16,17,16,17,12,9,19,18,19,19,17,17,24,15,11,17,12,17,19,16,18,12,9,20,19,15,15,9,13,16,14,16,10,21,15,12,20,19,13,11,13,10,14,31,20,17,28,43,16,40,11,19,15,5,,17,10,9,5,11,8,5,11,,6,6,15,8,14,7,7,6,8,15,8,13,12,8,5,3,5,16,,3,4,19,16,11,18,13,28,15,16,23,,11,,13,,16,6,2,2,7,4,12,5,14,14,19,16,24,22,12,29,15,32,14,18,8,4,13,26,,,,8,,
20260406,0,O3,76,79,78,73,84,64,73,89,57,81,65,73,39,84,86,78,74,73,57,101,42,84,91,115,29,56,99,94,68,65,40,52,72,24,112,90,76,68,79,121,97,23,48,116,48,104,89,77,96,101,94,20,79,49,49,60,46,47,56,34,55,7,95,66,32,66,42,101,118,19,37,86,61,51,80,86,82,72,70,100,47,66,79,84,79,86,75,103,103,89,77,68,90,92,88,76,24,67,39,53,47,55,57,53,18,73,63,2,96,64,74,76,78,45,73,69,70,59,75,73,71,60,62,13,37,19,89,63,87,95,58,38,13,49,51,37,22,5,50,30,68,34,70,89,57,80,75,30,48,91,40,47,6,46,34,31,77,60,72,68,,,,,,,,,,,,,,,,,,,,,,,,,,,,,,89,78,72,68,64,85,40,75,74,45,72,79,72,86,,31,91,66,72,73,73,61,70,98,96,70,83,88,71,65,55,73,41,83,75,54,77,41,64,58,44,15,22,82,56,31,50,37,51,54,101,54,110,86,90,28,90,78,52,42,65,90,81,73,78,96,89,50,78,23,48,64,61,65,57,50,46,52,65,45,46,4,56,68,76,45,42,64,85,35,3,62,70,40,49,95,49,35,34,57,29,45,84,36,43,41,2,57,14,60,87,,59,66,98,85,80,90,97,37,,54,102,86,98,90,80,108,112,116,74,93,61,34,105,76,114,125,108,,124,42,48,60,50,34,68,41,30,29,41,,85,,98,,62,99,100,96,102,105,99,133,60,28,30,73,15,18,70,12,35,26,94,53,38,85,56,68,,,,96,,
20260406,0,O3_24h,76,79,78,73,84,64,73,89,57,81,65,73,39,84,86,78,74,73,57,101,42,84,91,115,29,56,99,94,68,65,40,52,72,24,112,90,76,68,79,121,97,23,48,116,48,104,89,77,96,101,94,20,79,49,49,60,46,47,56,34,55,7,95,66,32,66,42,101,118,19,37,86,61,51,80,86,82,72,70,100,47,66,79,84,79,86,75,103,103,89,77,68,90,92,88,76,24,67,39,53,47,55,57,53,18,73,63,2,96,64,74,76,78,45,73,69,70,59,75,73,71,60,62,13,37,19,89,63,87,95,58,38,13,49,51,37,22,5,50,30,68,34,70,89,57,80,75,30,48,91,40,47,6,46,34,31,77,60,72,68,,,,,,,,,,,,,,,,,,,,,,,,,,,,,,89,78,72,68,64,85,40,75,74,45,72,79,72,86,,31,91,66,72,73,73,61,70,98,96,70,83,88,71,65,55,73,41,83,75,54,77,41,64,58,44,15,22,82,56,31,50,37,51,54,101,54,110,86,90,28,90,78,52,42,65,90,81,73,78,96,89,50,78,23,48,64,61,65,57,50,46,52,65,45,46,4,56,68,76,45,42,64,85,35,3,62,70,40,49,95,49,35,34,57,29,45,84,36,43,41,2,57,14,60,87,,59,66,98,85,80,90,97,37,,54,102,86,98,90,80,108,112,116,74,93,61,34,105,76,114,125,108,,124,42,48,60,50,34,68,41,30,29,41,,85,,98,,62,99,100,96,102,105,99,133,60,28,30,73,15,18,70,12,35,26,94,53,38,85,56,68,,,,96,,
20260406,0,O3_8h,95,101,105,96,103,126,102,99,93,103,122,114,125,99,95,86,110,88,61,162,129,148,155,136,121,137,145,145,141,133,123,146,120,107,138,139,118,130,150,139,137,117,110,116,116,142,124,120,120,115,111,70,110,58,75,98,49,75,83,65,79,28,87,109,75,136,99,112,108,115,124,134,96,114,108,113,97,100,101,112,84,93,109,134,125,118,115,126,139,130,124,137,124,120,132,118,71,100,72,59,81,93,59,57,37,100,90,31,116,142,98,101,125,96,97,92,94,96,88,90,90,73,76,119,125,92,100,116,127,115,110,99,61,56,82,74,42,41,96,48,77,100,127,111,111,131,114,70,86,113,103,92,96,96,111,100,114,93,117,115,,,,,,,,,,,,,,,,,,,,,,,,,,,,,,143,107,138,107,94,99,123,100,101,93,87,78,108,100,,81,91,97,93,84,93,89,89,102,90,76,86,89,82,75,81,85,74,85,84,83,83,122,116,119,96,82,94,121,116,116,122,110,95,114,137,128,101,99,139,91,108,99,114,94,93,106,102,116,122,126,131,99,114,120,129,108,85,117,123,89,101,99,93,88,128,26,100,109,102,84,89,81,95,70,52,93,101,58,58,123,68,76,66,125,100,90,120,118,111,68,34,88,89,109,99,,86,112,109,102,98,97,103,95,,90,120,110,109,139,122,111,125,128,144,99,105,51,106,88,106,121,94,,135,88,116,100,103,106,115,121,99,100,111,,107,,104,,101,132,119,123,121,110,106,133,92,97,113,116,116,120,134,113,110,100,104,120,108,95,116,104,,,,113,,
20260406,0,O3_8h_24h,85,85,95,81,91,99,87,90,80,89,90,96,92,93,89,74,91,76,49,137,92,124,126,129,75,102,126,123,113,101,80,106,96,55,127,113,81,101,119,122,112,60,80,109,89,125,101,94,106,103,99,46,87,56,66,86,49,71,83,53,73,10,87,82,57,104,75,105,108,75,96,105,82,93,87,91,89,86,78,106,70,78,90,116,109,104,98,112,114,100,99,112,105,107,112,102,45,84,54,54,66,79,59,57,22,86,75,9,110,113,82,89,100,76,79,74,81,74,79,81,73,55,68,58,74,48,83,94,106,112,84,64,32,52,46,54,32,23,85,36,77,72,103,99,89,113,88,51,68,103,74,68,56,69,86,85,99,80,97,98,,,,,,,,,,,,,,,,,,,,,,,,,,,,,,120,88,98,88,82,92,84,90,92,73,82,76,89,89,,70,90,77,79,68,78,77,75,99,88,59,84,88,70,70,65,77,60,81,79,69,76,83,92,89,55,55,49,105,80,78,89,76,64,82,120,90,83,97,114,50,85,88,81,67,66,97,87,96,97,111,105,78,92,74,95,91,70,102,98,75,73,79,82,54,94,10,67,81,82,49,62,65,86,61,30,87,88,49,56,113,57,52,57,104,70,78,105,88,80,56,22,76,57,90,96,,74,102,105,95,89,92,102,71,,72,111,97,102,115,111,108,119,124,104,97,80,44,104,85,106,121,94,,134,66,79,82,77,78,91,90,68,80,71,,99,,93,,90,,112,115,116,106,101,130,78,66,76,97,82,83,113,80,87,81,98,104,93,88,97,91,,,,104,,
20260406,0,CO,0.25,0.36,0.28,0.30,0.25,0.50,0.28,0.30,0.20,0.20,0.27,0.28,0.47,0.33,0.28,0.51,0.42,0.42,0.47,0.54,1.04,0.83,0.65,0.59,0.74,0.70,0.74,0.76,0.64,0.73,0.72,0.84,0.67,0.73,0.56,0.47,0.46,0.93,0.68,0.50,0.50,0.60,0.40,0.50,0.80,0.45,0.50,0.60,0.53,0.50,0.57,1.19,0.58,0.78,0.66,0.47,0.70,0.30,0.60,0.83,0.70,0.87,0.76,0.50,0.76,0.47,0.53,0.48,0.27,0.69,0.47,0.40,0.38,0.44,0.40,0.53,0.33,0.30,0.48,0.57,0.33,0.42,0.63,0.26,0.44,0.67,0.22,0.55,0.84,0.37,0.37,0.60,0.53,1.04,0.37,0.50,1.07,0.88,0.60,0.67,0.65,0.40,0.55,0.60,0.85,0.60,0.80,0.95,0.50,0.60,0.37,0.52,0.33,0.38,0.32,0.90,0.65,0.96,0.34,0.70,0.45,0.50,0.28,1.10,0.73,0.80,0.64,0.33,0.70,0.60,0.60,0.45,0.47,0.57,0.85,1.13,0.60,0.93,0.77,0.80,0.45,0.65,0.80,0.57,0.83,0.57,0.57,0.35,0.55,0.55,0.53,0.40,0.65,0.42,0.45,0.70,0.47,0.80,0.56,0.30,,,,,,,,,,,,,,,,,,,,,,,,,,,,,,0.47,0.50,0.60,0.43,0.37,0.25,0.53,0.37,0.30,0.43,0.60,0.20,0.40,0.28,,0.30,0.45,0.30,0.37,0.40,0.43,0.43,0.40,0.25,0.85,0.35,0.25,0.33,0.20,0.27,0.37,0.30,0.30,0.47,0.40,0.35,0.30,0.73,0.52,0.45,0.85,0.70,0.50,0.60,0.64,0.43,0.58,0.33,1.10,0.27,0.67,0.73,0.50,0.85,0.55,0.70,0.90,0.45,0.55,0.82,0.90,0.62,0.88,0.55,0.62,0.67,0.50,0.60,0.54,0.85,0.47,0.40,0.75,0.67,0.80,0.67,0.68,1.60,0.40,0.80,0.80,0.70,0.90,0.90,1.10,0.60,0.67,0.30,0.50,0.50,0.50,0.73,0.80,0.93,0.77,1.00,0.80,0.90,0.95,0.90,0.60,0.60,0.57,1.20,0.85,0.77,0.55,0.45,0.70,0.55,0.30,,0.30,0.55,0.47,0.73,0.35,0.55,0.65,0.75,,0.90,0.40,0.40,0.50,0.80,0.45,0.50,0.40,0.45,0.70,0.45,0.90,0.45,0.45,0.35,0.30,0.35,0.50,,0.45,0.65,0.53,0.43,0.40,0.70,0.35,0.45,0.30,0.50,0.45,,0.20,,0.50,,0.40,0.50,0.40,0.20,0.30,0.30,0.30,0.30,0.40,0.45,0.55,0.35,0.50,0.60,0.25,1.60,0.20,0.85,0.25,0.65,0.40,,0.45,0.40,,,,0.60,,
20260406,0,CO_24h,0.33,0.49,0.38,0.49,0.35,0.43,0.29,0.30,0.30,0.30,0.35,0.30,0.47,0.43,0.26,0.70,0.50,0.45,0.73,0.57,0.98,0.72,0.67,0.63,0.54,0.78,0.71,0.70,0.68,0.80,0.72,0.84,0.50,0.65,0.54,0.47,0.49,0.83,0.60,0.50,0.60,0.67,0.50,0.50,0.64,0.45,0.47,0.73,0.50,0.59,0.52,1.03,0.68,0.85,0.70,0.67,0.73,0.55,0.67,0.83,0.63,0.77,0.67,0.52,0.58,0.57,0.40,0.49,0.30,0.49,0.50,0.65,0.34,0.34,0.55,0.67,0.33,0.30,0.60,0.50,0.30,0.45,0.63,0.43,0.50,0.53,0.40,0.50,0.66,0.40,0.52,0.55,0.40,0.94,0.37,0.60,0.87,0.77,0.70,0.83,0.60,0.60,0.60,0.83,0.80,0.70,0.83,0.75,0.40,0.50,0.36,0.37,0.82,0.44,0.34,0.78,0.58,0.76,0.44,0.63,0.46,0.50,0.33,0.62,0.77,0.74,0.48,0.33,0.68,0.70,0.45,0.50,0.55,0.80,0.80,1.10,0.60,0.80,0.75,0.83,0.55,0.57,0.68,0.85,0.73,0.53,0.53,0.30,0.53,0.58,0.53,0.45,0.45,0.40,0.50,0.40,0.60,0.44,0.50,0.25,,,,,,,,,,,,,,,,,,,,,,,,,,,,,,0.47,0.40,0.65,0.47,0.30,0.40,0.50,0.30,0.27,0.37,0.57,0.20,0.40,0.33,,0.20,0.45,0.45,0.50,0.50,0.60,0.43,0.40,0.50,0.95,0.35,0.25,0.37,0.20,0.40,1.23,0.43,0.40,0.47,0.40,0.40,0.40,0.52,0.46,0.50,0.90,0.53,0.45,0.50,0.50,0.30,0.45,0.20,1.00,0.27,0.67,1.20,0.55,0.75,0.60,0.60,0.97,0.55,0.50,0.76,0.85,0.70,0.85,0.65,0.64,0.70,0.55,0.43,0.50,0.73,0.40,0.30,0.70,0.53,0.72,0.97,0.57,0.90,0.40,0.70,0.90,0.60,0.87,0.90,1.10,0.50,0.63,0.40,0.65,0.45,0.35,0.73,0.73,0.90,0.80,0.90,0.67,0.80,0.85,0.80,0.83,0.60,0.50,0.70,0.95,0.70,0.50,0.45,0.65,0.55,0.20,,0.30,0.50,0.43,0.60,0.45,0.50,0.45,0.60,,0.75,0.35,0.40,0.50,0.70,0.50,0.50,0.40,0.50,0.55,0.50,0.80,0.35,0.50,0.30,0.35,0.30,0.80,,0.40,0.50,0.53,0.40,0.40,0.45,0.40,0.40,0.30,0.35,0.50,,0.30,,0.55,,0.35,0.50,0.40,0.20,0.30,0.40,0.30,0.30,0.40,0.35,0.35,0.35,0.20,0.45,0.25,0.60,0.20,0.50,0.35,0.50,0.40,,0.25,0.55,,,,0.70,,
20260406,1,AQI,23,24,56,24,25,102,41,27,36,25,50,49,95,51,27,32,32,41,39,53,75,71,62,70,101,88,67,86,85,87,79,85,103,73,51,53,65,85,58,49,34,78,74,48,64,47,50,37,69,45,103,82,43,26,29,24,33,35,37,36,30,65,81,49,58,62,59,35,38,74,67,46,73,57,46,51,25,35,21,52,18,32,41,63,53,88,52,56,88,54,59,94,82,56,56,61,70,37,47,41,33,27,18,38,54,37,39,64,47,107,24,77,103,67,23,22,30,32,25,34,40,36,30,73,80,58,95,117,97,104,95,61,43,42,50,56,34,74,59,55,49,56,75,40,52,79,47,52,42,39,75,45,110,73,66,53,29,58,44,39,,,,,,,,,,,,,,,,,,,,,,,,,,,,,,67,80,58,84,35,53,76,39,63,54,46,29,41,26,,14,55,20,25,27,23,49,36,30,29,69,79,33,39,32,21,23,23,33,51,37,23,85,80,82,67,63,58,71,74,88,66,87,61,69,51,40,31,40,44,54,40,38,52,36,46,36,53,72,118,110,93,103,84,88,100,74,43,68,72,54,80,92,39,53,67,49,52,53,56,36,51,38,44,39,66,56,47,65,63,98,59,104,94,91,50,56,66,72,75,63,59,57,54,64,24,,24,33,53,55,28,52,70,70,,73,46,61,31,84,40,41,65,61,113,40,59,44,33,23,37,39,34,,38,13,66,35,63,64,63,72,55,70,53,,59,,87,,74,53,59,65,69,41,31,52,72,90,71,48,52,62,98,136,85,148,193,73,72,27,58,53,,,,57,,
20260406,1,PM2.5,3,3,11,7,3,49,8,7,6,7,12,9,35,12,5,18,14,29,27,28,30,44,41,27,76,35,31,41,42,34,43,46,74,38,31,37,30,51,30,30,15,41,39,30,40,33,35,26,16,6,44,60,27,15,15,11,23,14,18,25,19,47,60,34,37,40,42,21,6,35,32,21,23,24,30,30,5,13,3,31,5,6,29,6,7,26,4,13,36,14,14,45,23,5,17,4,51,25,26,20,23,14,12,10,38,26,27,46,33,30,6,29,31,17,6,15,19,21,4,24,26,25,20,40,40,38,48,42,45,37,43,24,28,22,31,40,24,54,40,39,24,38,49,27,35,58,33,33,22,21,43,18,43,35,30,21,10,19,21,16,,,,,,,,,,,,,,,,,,,,,,,,,,,,,,34,3,41,21,7,12,43,11,17,18,19,12,16,6,,5,22,3,8,19,6,34,24,7,7,50,58,23,27,5,15,10,6,22,36,20,3,53,43,35,38,43,38,42,44,59,48,45,33,33,36,28,22,28,30,31,28,18,22,25,32,21,21,32,43,33,34,49,40,52,52,32,14,34,41,26,43,55,27,24,42,29,33,37,40,25,28,26,31,27,48,40,30,47,45,73,42,78,70,68,20,34,47,51,36,45,33,32,31,46,3,,17,22,37,39,17,30,51,51,,53,31,38,10,62,28,23,47,44,85,28,32,31,14,3,3,5,16,,3,6,41,13,28,27,32,34,31,30,22,,18,,19,,34,16,21,33,38,12,3,13,26,34,27,13,26,34,33,93,41,113,73,34,22,3,17,37,,,,39,,
20260406,1,PM2.5_24h,12,17,28,19,14,41,29,12,12,20,31,26,36,27,6,25,26,27,31,32,31,39,36,40,39,38,32,36,41,40,42,51,43,31,24,30,27,40,33,26,24,31,31,21,25,20,18,29,24,29,45,49,30,23,14,19,34,20,30,24,17,40,54,34,32,43,27,24,8,31,43,29,47,14,29,33,9,12,20,27,18,17,21,39,26,28,21,25,35,20,25,33,27,44,24,18,32,15,31,35,16,17,17,34,27,21,23,46,24,35,10,27,45,26,8,21,20,21,22,25,46,33,37,36,36,30,34,34,44,37,36,33,33,38,30,38,32,37,33,36,28,33,38,25,19,34,36,37,25,23,37,30,31,34,40,12,13,34,13,16,,,,,,,,,,,,,,,,,,,,,,,,,,,,,,35,30,23,23,14,27,34,22,30,27,29,15,24,10,,5,46,17,21,20,13,26,18,19,18,39,38,25,34,19,21,16,26,26,22,37,31,33,30,31,32,30,35,38,30,39,33,31,30,28,23,28,21,20,20,29,29,21,31,23,22,22,23,32,38,34,32,38,35,35,38,29,34,26,42,34,42,40,38,31,39,28,35,51,35,26,38,35,35,32,26,37,41,44,53,54,35,46,54,47,36,34,38,37,34,40,33,29,31,37,7,,12,21,28,30,21,29,32,34,,30,34,31,11,57,36,26,43,46,76,28,47,25,11,6,3,5,20,,2,6,37,38,28,30,30,31,23,26,32,,29,,28,,28,26,16,24,19,14,3,11,42,29,24,21,13,17,20,58,44,73,72,22,12,2,9,17,,,,42,,
20260406,1,PM10,10,19,61,24,21,154,41,11,36,17,50,49,140,52,9,32,32,28,34,55,100,92,74,89,149,126,84,122,119,123,107,119,155,96,51,47,80,119,66,49,34,105,98,48,78,42,45,36,87,45,156,114,43,26,29,24,26,35,37,34,30,54,60,44,65,73,58,35,13,98,83,46,95,63,46,52,14,35,17,53,13,32,,75,55,125,53,61,125,57,67,137,114,62,61,72,65,37,47,41,,27,16,38,50,30,,61,47,163,18,103,155,84,12,22,30,32,25,29,40,30,30,95,109,66,140,184,143,158,140,71,43,42,50,55,29,71,68,51,49,62,99,40,54,94,43,54,42,39,100,45,169,95,82,56,29,66,44,39,,,,,,,,,,,,,,,,,,,,,,,,,,,,,,84,110,56,117,35,56,101,39,76,58,46,29,41,21,,14,60,17,10,18,16,39,36,20,23,57,67,32,36,32,19,21,23,33,52,37,12,119,109,114,84,75,65,92,97,126,79,123,71,88,46,33,28,,44,57,34,38,54,29,46,36,56,94,186,169,136,156,117,125,149,97,43,85,93,58,110,134,39,56,83,49,53,56,42,28,51,38,35,38,54,62,47,62,68,92,63,113,89,88,50,62,82,94,99,61,67,63,57,77,22,,16,33,49,56,28,53,61,72,,61,46,71,24,96,34,41,67,59,112,34,67,42,26,13,7,11,,,10,8,81,35,76,78,75,93,59,90,56,,67,,123,,97,56,67,80,87,41,8,53,93,129,92,48,53,74,145,221,120,217,335,95,94,11,65,54,,,,64,,
20260406,1,PM10_24h,31,43,138,61,46,137,81,49,48,50,74,110,151,161,21,43,44,35,43,65,112,89,113,104,118,118,110,106,98,109,107,111,110,77,42,45,65,84,71,44,39,75,78,44,78,32,27,57,117,66,141,93,76,36,25,27,40,30,45,33,25,60,63,49,58,98,44,38,19,113,124,72,196,47,71,75,39,77,37,41,26,33,29,116,134,141,84,96,125,60,86,105,114,101,55,71,52,22,49,58,18,22,26,51,47,31,31,70,39,124,55,95,143,137,40,34,34,35,38,32,65,40,49,110,112,63,116,165,135,125,144,111,73,66,80,71,44,55,53,47,44,79,76,43,33,79,87,82,40,38,111,89,115,112,122,30,39,194,49,63,,,,,,,,,,,,,,,,,,,,,,,,,,,,,,95,122,35,107,102,170,117,133,135,139,55,24,104,33,,14,152,39,30,36,38,48,36,32,39,44,45,32,43,37,33,30,46,40,33,46,41,104,96,112,94,62,89,94,96,108,83,108,80,98,30,40,34,25,28,56,65,46,64,39,47,54,49,73,150,124,131,134,127,118,123,102,75,84,109,71,86,112,63,82,91,53,68,75,48,42,63,72,65,50,40,51,59,62,70,66,49,65,70,70,77,93,72,74,105,71,83,59,71,67,23,,26,34,38,38,40,43,38,54,,38,49,53,19,99,43,40,54,64,95,37,78,37,19,10,17,20,29,,8,9,82,181,84,77,86,83,62,60,94,,93,,71,,80,76,42,61,54,38,11,39,163,90,86,56,34,40,95,203,131,201,305,72,57,12,36,60,,,,60,,
20260406,1,SO2,3,5,3,4,6,8,3,2,2,3,5,2,5,4,6,7,6,6,9,6,9,7,6,9,13,9,7,10,9,13,7,13,6,7,6,5,7,7,6,7,6,4,6,5,7,4,2,7,7,7,8,9,5,4,5,4,6,4,6,5,5,7,5,6,9,5,5,6,4,4,4,13,9,7,4,6,6,5,8,5,4,11,3,11,9,15,9,11,11,6,6,7,10,27,4,7,9,5,5,3,7,6,6,5,5,4,6,6,7,7,6,11,6,8,5,10,9,6,10,5,5,4,6,12,13,7,14,6,13,9,7,13,6,6,5,7,10,8,8,7,4,6,7,6,14,10,3,5,9,5,4,3,7,5,7,21,11,12,5,10,,,,,,,,,,,,,,,,,,,,,,,,,,,,,,8,2,3,7,4,13,11,6,5,8,5,5,15,4,,5,8,6,6,9,7,3,5,7,7,2,2,6,6,9,7,4,5,7,9,5,8,10,10,8,19,7,5,11,7,10,7,7,7,6,3,6,3,4,5,7,9,4,8,3,10,8,10,10,9,11,9,9,9,6,6,6,9,7,14,9,6,15,6,5,12,7,7,11,4,8,4,6,6,4,8,9,5,15,9,23,8,6,9,5,3,7,10,7,8,7,6,7,8,3,5,,5,3,5,10,4,11,5,4,,5,6,7,8,7,9,7,6,5,10,3,6,7,6,7,9,8,9,,10,6,7,34,5,20,5,12,10,7,8,,10,,8,,3,21,11,10,16,12,5,14,7,8,5,3,7,7,4,7,10,5,3,8,8,5,9,8,,,,10,,
20260406,1,SO2_24h,3,7,3,6,8,6,4,3,5,3,7,4,6,6,6,10,7,6,9,7,10,7,6,10,10,8,6,9,6,11,8,9,7,7,5,5,7,6,7,6,6,4,6,5,7,4,3,9,8,7,7,10,7,5,5,4,6,4,7,4,5,9,5,6,10,6,7,5,5,5,7,13,9,7,7,9,6,5,10,7,5,11,4,16,10,10,12,13,11,7,8,6,9,17,5,9,12,6,6,8,7,6,6,7,8,8,7,10,5,8,5,10,11,8,7,9,10,8,13,5,7,5,6,8,10,7,12,5,12,14,8,16,7,8,8,10,10,9,8,7,4,6,9,12,10,10,7,6,11,5,5,3,4,6,13,8,15,8,6,10,,,,,,,,,,,,,,,,,,,,,,,,,,,,,,9,2,6,5,4,15,10,7,8,11,7,5,9,4,,5,8,11,6,10,8,4,6,8,9,2,4,7,6,10,8,4,5,8,7,6,11,8,9,8,15,10,5,10,7,6,6,7,7,6,4,9,3,6,6,4,12,4,17,4,8,9,8,12,9,13,5,7,8,7,5,6,11,8,15,14,7,8,9,7,11,7,11,14,7,9,6,7,7,5,8,10,6,17,17,17,10,8,11,8,13,9,10,6,11,8,7,7,8,3,5,,6,8,5,13,5,11,5,3,,6,6,8,7,7,10,6,5,13,10,4,7,7,6,7,9,7,9,,8,6,6,9,8,8,13,14,10,5,8,,4,,8,,5,11,8,10,13,9,6,14,15,10,4,4,9,7,3,5,13,5,3,8,6,5,9,8,,,,8,,
20260406,1,NO2,8,11,9,5,3,29,11,3,12,3,20,18,28,13,2,13,13,11,14,21,51,31,29,20,31,53,28,25,31,43,41,34,22,40,14,17,18,37,19,13,22,49,35,7,37,15,13,14,17,12,18,61,9,20,12,3,17,6,17,26,13,38,6,5,28,18,17,8,5,62,41,12,21,42,13,10,8,10,11,9,17,11,11,17,18,25,18,17,19,24,25,26,16,22,19,16,27,13,12,6,12,6,7,4,23,10,15,36,19,22,5,17,16,43,4,12,12,16,7,8,8,10,7,61,55,38,24,23,22,14,34,33,27,17,20,13,10,23,13,11,6,24,15,13,16,13,11,21,10,9,42,20,53,16,49,25,10,26,14,26,,,,,,,,,,,,,,,,,,,,,,,,,,,,,,11,11,17,17,10,20,37,14,28,20,8,5,7,4,,17,6,9,7,3,8,14,8,9,7,7,12,6,9,7,8,4,11,9,16,13,3,53,24,18,33,43,16,21,22,39,26,32,21,34,9,12,8,7,15,19,6,12,6,13,16,8,4,21,17,12,22,28,22,51,38,19,20,13,15,21,19,17,11,7,27,18,8,9,4,12,16,5,11,11,37,22,8,20,11,11,12,8,18,14,35,21,14,38,26,17,35,13,33,12,3,,12,12,7,4,6,6,5,9,,6,5,16,6,13,8,5,9,10,20,7,10,10,4,6,1,4,6,,4,9,22,44,12,53,27,42,49,18,24,,8,,12,,25,8,4,2,10,1,3,1,25,40,31,16,43,40,16,83,31,72,5,35,14,1,29,14,,,,6,,
20260406,1,NO2_24h,13,21,13,11,16,17,23,5,9,12,25,19,17,13,2,21,19,11,26,19,26,24,29,17,25,28,21,18,21,24,26,20,19,27,15,21,20,23,21,16,22,29,26,13,15,14,17,23,17,16,21,36,15,25,14,17,32,22,31,22,12,39,10,8,24,26,12,9,12,35,27,12,14,23,15,17,6,10,17,11,16,18,14,24,17,18,22,19,21,20,19,17,14,32,14,20,20,11,11,11,8,8,12,19,22,12,15,40,11,18,6,12,20,20,6,14,15,14,19,9,14,16,12,33,29,34,24,16,25,17,22,30,25,30,24,16,16,18,7,14,8,16,15,14,15,12,14,23,11,9,32,21,25,18,33,8,15,9,14,9,,,,,,,,,,,,,,,,,,,,,,,,,,,,,,10,13,20,21,6,15,25,9,17,14,12,7,9,5,,7,5,13,12,11,12,11,10,12,14,10,11,9,13,11,14,9,24,14,12,17,8,20,15,19,25,25,11,18,15,19,15,15,21,17,10,14,11,8,13,15,12,15,16,15,17,11,8,18,18,18,19,17,17,24,16,12,18,12,16,19,16,18,13,9,20,19,14,15,8,13,16,14,15,10,21,15,11,20,19,13,11,12,10,14,31,20,16,29,42,16,39,11,19,14,5,,16,11,9,5,10,8,5,11,,6,6,15,8,13,7,7,6,8,15,8,13,12,8,5,3,5,14,,3,5,19,17,11,19,14,28,16,15,23,,10,,12,,16,6,2,2,7,4,11,4,14,16,19,16,23,22,12,29,15,33,14,19,8,4,14,25,,,,8,,
20260406,1,O3,75,78,74,74,81,71,71,86,53,81,64,68,58,76,85,75,73,71,59,95,36,76,85,101,83,46,87,84,60,59,41,45,102,28,109,90,77,54,83,106,96,23,43,113,37,92,78,71,98,99,89,12,75,43,45,56,41,50,44,22,45,8,92,71,30,59,45,99,121,16,41,83,58,51,75,80,80,74,66,95,56,70,72,84,72,82,68,95,100,81,76,75,92,91,85,71,24,65,41,54,41,51,59,49,21,65,59,4,84,71,77,78,70,45,74,70,75,62,79,76,71,71,64,13,20,41,92,60,78,91,53,29,8,57,47,34,24,4,44,26,65,28,67,81,51,71,66,28,49,92,29,47,6,45,35,35,86,48,82,70,,,,,,,,,,,,,,,,,,,,,,,,,,,,,,84,88,63,67,55,69,34,72,44,47,65,78,69,84,,39,89,63,79,75,73,62,70,95,94,69,74,86,61,65,50,73,48,79,64,45,75,31,56,65,44,20,20,69,60,34,45,38,52,35,90,48,92,79,85,40,89,86,80,39,64,90,78,72,73,94,81,48,75,16,42,67,50,57,48,49,40,39,70,36,43,2,62,76,68,33,41,67,75,30,2,46,75,35,45,82,44,33,21,52,29,27,81,32,66,31,2,43,14,48,77,,69,58,98,89,80,92,93,49,,56,100,86,99,91,77,105,109,110,69,89,64,40,104,73,118,124,110,,122,40,45,36,46,26,47,40,9,39,45,,83,,84,,50,101,95,95,98,101,98,132,49,24,35,83,41,39,77,10,58,14,92,43,31,86,65,60,,,,92,,
20260406,1,O3_24h,75,78,74,74,81,71,71,86,53,81,64,68,58,76,85,75,73,71,59,95,36,76,85,101,83,46,87,84,60,59,41,45,102,28,109,90,77,54,83,106,96,23,43,113,37,92,78,71,98,99,89,12,75,43,45,56,41,50,44,22,45,8,92,71,30,59,45,99,121,16,41,83,58,51,75,80,80,74,66,95,56,70,72,84,72,82,68,95,100,81,76,75,92,91,85,71,24,65,41,54,41,51,59,49,21,65,59,4,84,71,77,78,70,45,74,70,75,62,79,76,71,71,64,13,20,41,92,60,78,91,53,29,8,57,47,34,24,4,44,26,65,28,67,81,51,71,66,28,49,92,29,47,6,45,35,35,86,48,82,70,,,,,,,,,,,,,,,,,,,,,,,,,,,,,,84,88,63,67,55,69,34,72,44,47,65,78,69,84,,39,89,63,79,75,73,62,70,95,94,69,74,86,61,65,50,73,48,79,64,45,75,31,56,65,44,20,20,69,60,34,45,38,52,35,90,48,92,79,85,40,89,86,80,39,64,90,78,72,73,94,81,48,75,16,42,67,50,57,48,49,40,39,70,36,43,2,62,76,68,33,41,67,75,30,2,46,75,35,45,82,44,33,21,52,29,27,81,32,66,31,2,43,14,48,77,,69,58,98,89,80,92,93,49,,56,100,86,99,91,77,105,109,110,69,89,64,40,104,73,118,124,110,,122,40,45,36,46,26,47,40,9,39,45,,83,,84,,50,101,95,95,98,101,98,132,49,24,35,83,41,39,77,10,58,14,92,43,31,86,65,60,,,,92,,
20260406,1,O3_8h,,,,,,,,,,,,,,,,,,,,,,,,,,,,,,,,,,,,,,,,,,,,,,,,,119,,,,,,,,,,,62,,,,,,138,,,,,,,,,,,,,,,,,,,,,,,,,,,,,,,,,,,,,,,,,,,,,,,,,,,,,,,,,,,,,,,,,,,,,,,,,,,,,,,,,,,,,,,,,,,,,,,,,,,,,,,,,,,,,,,,,,,,,,,,,,,,,,,,,,,,,,,,,,,,,,,,,,,,,,,,,,,,,,,,,,,,,,,,,,,,,,,,,,,,,,,,,,,,,,,,,,,,,,,,,,,,,,,,,,,,,,,,,,,,,,,,,,,,,,,,,,,,,,,,,,,,,,,,,,,,,,,,,,,,,,,,,,,,,,,,,,,,,,,,,,,,,,,,,,,,,,,,,,,,,,,,,,,,,
20260406,1,O3_8h_24h,,,,,,,,,,,,,,,,,,,,,,,,,,,,,,,,,,,,,,,,,,,,,,,,,,,,,,,,,,,,,,,,,,,,,,,,,,,,,,,,,,,,,,,,,,,,,,,,,,,,,,,,,,,,,,,,,,,,,,,,,,,,,,,,,,,,,,,,,,,,,,,,,,,,,,,,,,,,,,,,,,,,,,,,,,,,,,,,,,,,,,,,,,,,,,,,,,,,,,,,,,,,,,,,,,,,,,,,,,,,,,,,,,,,,,,,,,,,,,,,,,,,,,,,,,,,,,,,,,,,,,,,,,,,,,,,,,,,,,,,,,,,,,,,,,,,,,,,,,,,,,,,,,,,,,,,,,,,,,,,,,,,,,,,,,,,,,,,,,,,,,,,,,,,,,,,,,,,,,,,,,,,,,,,,,,,,,,
20260406,1,CO,0.24,0.33,0.28,0.26,0.20,0.38,0.25,0.23,0.20,0.20,0.38,0.25,0.45,0.32,0.28,0.52,0.37,0.44,0.44,0.54,1.02,0.82,0.68,0.51,0.74,0.70,0.74,0.79,0.70,0.70,0.70,0.80,0.65,0.67,0.56,0.43,0.46,0.93,0.60,0.53,0.50,0.63,0.40,0.50,0.78,0.45,0.50,0.58,0.52,0.49,0.55,1.19,0.58,0.78,0.61,0.47,0.70,0.30,0.60,0.85,0.70,0.90,0.79,0.52,0.71,0.48,0.53,0.48,0.27,0.67,0.47,0.50,0.40,0.50,0.38,0.53,0.39,0.28,0.50,0.47,0.27,0.42,0.63,0.27,0.44,0.70,0.28,0.52,0.62,0.40,0.32,0.60,0.47,1.20,0.37,0.60,1.13,0.85,0.63,0.67,0.60,0.50,0.55,0.53,0.90,0.60,0.80,0.95,0.53,0.60,0.39,0.55,0.35,0.44,0.32,1.00,0.58,1.00,0.40,0.60,0.45,0.47,0.23,1.23,0.80,0.76,0.62,0.33,0.60,0.57,0.55,0.43,0.52,0.53,0.88,1.07,0.60,0.97,0.80,0.77,0.45,0.65,0.80,0.67,0.83,0.60,0.57,0.30,0.50,0.55,0.57,0.35,0.60,0.42,0.50,0.60,0.47,0.78,0.50,0.30,,,,,,,,,,,,,,,,,,,,,,,,,,,,,,0.50,0.50,0.65,0.57,0.30,0.30,0.80,0.30,0.30,0.40,0.50,0.20,0.40,0.28,,0.20,0.45,0.30,0.40,0.35,0.43,0.40,0.40,0.25,0.80,0.35,0.30,0.30,0.20,0.30,0.33,0.30,0.30,0.43,0.45,0.40,0.30,0.80,0.56,0.45,0.97,0.70,0.50,0.55,0.62,0.43,0.55,0.30,1.00,0.30,0.70,0.97,0.50,0.80,0.55,0.87,1.13,0.45,0.45,0.80,0.95,0.62,0.88,0.60,0.72,0.65,0.55,0.53,0.54,0.82,0.50,0.40,0.82,0.67,0.82,0.73,0.65,1.30,0.33,0.80,0.80,0.65,0.85,0.85,1.10,0.60,0.63,0.30,0.55,0.50,0.45,0.73,0.57,0.93,0.73,1.10,0.73,0.90,1.10,0.90,0.60,0.60,0.53,1.25,0.75,0.80,0.50,0.45,0.65,0.60,0.30,,0.30,0.55,0.50,0.73,0.40,0.50,0.60,0.70,,0.90,0.40,0.40,0.50,0.80,0.45,0.50,0.40,0.40,0.75,0.45,0.90,0.35,0.45,0.30,0.30,0.35,0.50,,0.40,0.60,0.53,0.50,0.40,0.65,0.40,0.45,0.70,0.35,0.45,,0.35,,0.50,,0.40,0.50,0.40,0.20,0.30,0.30,0.30,0.30,0.40,0.40,0.55,0.30,0.30,0.35,0.20,1.65,0.10,0.95,0.25,0.65,0.50,,0.45,0.65,,,,0.60,,
20260406,1,CO_24h,0.33,0.46,0.38,0.47,0.35,0.43,0.26,0.30,0.30,0.30,0.35,0.30,0.47,0.42,0.26,0.70,0.50,0.45,0.69,0.57,0.97,0.73,0.68,0.61,0.54,0.76,0.71,0.69,0.66,0.80,0.74,0.84,0.52,0.64,0.54,0.47,0.49,0.83,0.60,0.50,0.60,0.67,0.50,0.50,0.66,0.45,0.47,0.72,0.49,0.59,0.52,1.06,0.66,0.85,0.69,0.63,0.73,0.55,0.67,0.83,0.63,0.80,0.69,0.52,0.59,0.54,0.40,0.49,0.30,0.51,0.47,0.65,0.34,0.34,0.55,0.65,0.33,0.30,0.58,0.47,0.30,0.45,0.63,0.43,0.50,0.53,0.38,0.52,0.66,0.40,0.52,0.55,0.40,0.98,0.37,0.60,0.87,0.77,0.70,0.83,0.60,0.60,0.60,0.83,0.80,0.70,0.83,0.75,0.40,0.60,0.36,0.38,0.82,0.44,0.34,0.80,0.60,0.76,0.46,0.63,0.46,0.50,0.33,0.65,0.77,0.74,0.49,0.33,0.68,0.70,0.45,0.50,0.53,0.80,0.80,1.10,0.60,0.80,0.75,0.81,0.55,0.57,0.68,0.88,0.73,0.53,0.50,0.30,0.53,0.58,0.53,0.45,0.45,0.40,0.50,0.40,0.60,0.44,0.50,0.25,,,,,,,,,,,,,,,,,,,,,,,,,,,,,,0.47,0.40,0.65,0.47,0.30,0.40,0.50,0.30,0.27,0.37,0.57,0.20,0.40,0.33,,0.20,0.45,0.45,0.50,0.50,0.60,0.43,0.40,0.50,0.95,0.35,0.25,0.37,0.20,0.40,1.20,0.43,0.40,0.47,0.40,0.40,0.40,0.57,0.48,0.50,0.90,0.60,0.45,0.50,0.50,0.30,0.45,0.27,1.00,0.27,0.67,1.20,0.55,0.75,0.60,0.60,1.00,0.53,0.50,0.76,0.85,0.70,0.85,0.65,0.64,0.70,0.55,0.43,0.50,0.73,0.40,0.30,0.70,0.53,0.72,0.97,0.57,0.90,0.40,0.70,0.90,0.60,0.87,0.90,1.10,0.50,0.60,0.40,0.65,0.45,0.35,0.73,0.73,0.90,0.80,0.90,0.70,0.80,0.85,0.80,0.83,0.60,0.50,0.75,0.95,0.70,0.50,0.45,0.65,0.55,0.20,,0.30,0.55,0.43,0.63,0.45,0.50,0.45,0.60,,0.80,0.35,0.40,0.50,0.70,0.50,0.50,0.40,0.45,0.55,0.50,0.80,0.35,0.50,0.30,0.35,0.30,0.70,,0.40,0.50,0.53,0.40,0.40,0.45,0.40,0.40,0.30,0.35,0.50,,0.30,,0.55,,0.35,0.50,0.40,0.20,0.30,0.40,0.30,0.30,0.40,0.35,0.30,0.35,0.20,0.50,0.25,0.60,0.20,0.50,0.35,0.50,0.40,,0.30,0.55,,,,0.70,,
20260406,2,AQI,23,24,51,23,24,98,40,26,18,24,44,41,64,46,26,39,31,41,40,54,76,69,62,71,94,90,68,86,84,87,89,85,92,70,46,50,63,82,56,53,36,80,75,46,63,58,51,37,60,50,109,84,42,27,30,27,33,32,37,33,32,65,73,50,55,60,54,35,38,77,63,46,76,59,47,49,25,42,19,44,15,23,53,63,49,80,54,56,78,53,51,87,74,51,34,55,69,36,44,43,27,35,20,32,51,37,43,65,41,102,23,82,98,79,23,24,29,25,25,36,35,27,31,73,78,55,97,117,100,100,97,61,44,38,52,55,34,68,59,54,49,63,69,41,48,83,50,48,37,36,73,40,100,68,63,52,28,58,36,34,,,,,,,,,,,,,,,,,,,,,,,,,,,,,,62,73,61,83,42,53,77,40,65,51,50,26,39,26,,15,46,20,24,23,22,46,34,29,28,78,71,26,39,28,25,24,18,37,60,42,23,83,81,83,68,61,62,70,71,86,65,84,59,69,41,39,33,31,46,50,32,40,48,24,45,36,49,68,114,105,85,111,80,83,97,69,46,66,71,54,71,91,49,49,67,46,50,50,60,31,51,42,44,37,58,58,52,69,53,95,59,98,86,94,43,55,59,73,67,60,60,57,52,61,24,,23,33,54,56,30,52,70,66,,69,44,62,29,75,40,38,64,68,108,40,60,47,32,23,39,38,32,,35,16,62,44,60,64,64,66,52,65,51,,61,,54,,62,55,53,60,65,41,33,60,72,82,70,41,26,56,97,123,89,120,173,78,52,27,55,61,,,,55,,
20260406,2,PM2.5,3,3,9,6,5,51,7,7,3,5,9,8,18,11,6,27,13,29,28,29,32,42,40,20,70,37,36,43,44,40,66,47,61,36,28,35,29,49,27,33,17,42,40,31,38,41,36,26,11,8,39,62,27,15,15,12,23,14,19,23,20,47,53,35,35,43,36,21,4,35,33,20,24,24,29,29,3,8,3,26,5,3,37,6,10,17,3,12,17,17,6,45,17,4,12,4,50,25,26,20,19,15,14,10,36,26,30,47,29,31,7,30,35,21,4,16,18,16,4,25,23,14,21,36,40,31,46,42,36,38,45,22,28,22,28,39,24,49,42,38,23,45,45,26,30,61,35,31,22,21,37,17,37,30,33,21,8,20,17,13,,,,,,,,,,,,,,,,,,,,,,,,,,,,,,31,42,44,18,7,12,37,11,18,10,12,14,12,12,,5,13,3,4,15,3,32,24,6,10,57,52,18,27,3,15,13,9,17,43,27,3,52,43,43,41,43,39,41,39,58,47,50,31,33,29,27,23,22,32,27,17,19,24,17,31,20,18,30,36,28,41,58,37,50,57,29,12,30,47,29,41,58,29,29,40,26,30,35,43,22,27,25,31,26,41,38,35,50,35,71,41,73,64,70,20,33,42,53,32,43,34,32,30,44,6,,16,21,38,40,21,28,51,48,,50,27,40,12,55,28,24,46,49,81,28,34,33,18,3,3,6,16,,3,6,36,15,27,28,32,35,28,29,24,,17,,21,,29,17,23,28,33,13,3,17,25,35,23,10,13,29,22,93,43,72,76,38,15,3,21,30,,,,39,,
20260406,2,PM2.5_24h,11,16,27,18,13,42,27,11,11,19,29,26,35,27,6,25,25,27,30,32,30,39,36,40,40,37,31,35,39,40,43,51,44,30,24,31,27,40,33,27,24,32,32,22,26,22,19,29,24,29,46,50,30,23,14,18,34,20,29,24,17,41,55,34,32,43,28,24,8,31,42,29,44,14,29,32,9,12,18,28,17,17,22,38,26,28,21,25,35,20,25,34,27,43,24,17,33,16,31,34,16,16,17,33,28,22,23,47,25,36,9,28,45,25,7,21,20,21,21,25,46,32,35,36,36,30,34,34,44,38,36,33,32,37,30,38,31,37,34,36,28,33,38,25,19,36,35,36,25,23,37,30,32,34,39,12,12,33,13,15,,,,,,,,,,,,,,,,,,,,,,,,,,,,,,35,31,24,24,12,26,34,22,30,26,28,15,23,10,,5,43,16,20,20,12,27,19,18,18,39,39,25,33,17,19,16,25,25,22,35,26,33,31,32,33,31,35,38,31,40,34,33,30,28,24,28,21,20,21,29,28,21,30,23,22,22,22,32,39,34,33,39,35,35,39,29,33,26,42,35,43,40,39,31,39,28,35,51,36,27,37,34,34,32,27,37,40,45,53,56,36,48,55,49,36,34,39,38,34,40,34,29,31,37,7,,12,21,29,31,22,29,34,36,,31,33,31,11,56,36,26,42,46,76,28,47,26,11,6,3,5,19,,2,6,36,36,28,29,30,31,22,25,32,,28,,27,,28,25,17,24,20,14,3,11,40,29,23,20,13,17,20,58,43,71,72,23,12,2,9,17,,,,43,,
20260406,2,PM10,8,15,51,21,24,145,40,8,18,17,44,41,78,46,8,37,31,29,38,58,102,87,74,91,134,129,86,121,118,123,117,120,134,90,46,45,76,114,62,55,36,109,99,46,75,49,44,36,70,50,168,109,42,27,30,27,29,32,37,30,32,55,68,44,60,70,57,35,10,104,76,46,102,67,47,49,13,42,15,44,14,19,,75,49,110,58,61,105,55,51,123,97,52,34,60,65,32,44,43,22,35,16,32,48,31,38,75,41,153,17,113,146,107,8,24,29,25,25,29,35,27,31,95,105,60,144,184,149,149,143,71,44,38,54,55,29,73,63,50,49,74,87,41,48,89,45,48,37,36,96,40,150,86,75,53,23,65,36,34,,,,,,,,,,,,,,,,,,,,,,,,,,,,,,74,96,58,115,42,56,103,40,80,51,50,26,39,20,,15,46,13,,17,10,37,34,16,25,60,62,22,35,28,25,24,18,37,55,42,17,115,111,116,85,71,73,89,92,121,70,117,67,87,34,23,30,19,43,50,32,40,48,23,45,36,49,85,178,160,120,171,109,116,144,88,46,82,92,57,92,131,49,49,84,46,50,50,50,28,52,42,41,34,54,66,54,59,55,84,68,115,87,87,43,60,68,93,83,56,69,63,54,67,24,,22,33,48,60,30,54,63,69,,57,44,74,19,97,,38,63,62,99,33,69,45,18,8,8,10,,,14,11,73,44,69,77,77,82,53,79,52,,72,,57,,74,59,55,69,79,41,7,69,93,113,90,41,26,61,144,176,128,189,295,106,54,10,60,72,,,,60,,
20260406,2,PM10_24h,29,41,136,60,46,139,78,41,45,49,73,107,150,159,18,42,44,35,41,65,112,90,112,105,120,119,111,105,98,110,109,113,111,77,41,45,66,86,71,45,39,78,80,45,79,33,27,56,117,67,143,93,73,35,25,26,40,30,45,33,25,62,64,49,58,97,46,38,19,111,121,71,191,47,69,73,34,68,35,42,26,33,29,115,132,143,84,95,126,61,87,108,115,101,56,72,54,22,49,58,18,23,26,50,48,31,31,71,39,127,43,97,143,137,33,33,34,34,38,32,65,40,47,110,113,63,117,168,136,128,144,109,72,66,79,71,43,56,54,46,44,77,77,43,34,81,84,78,40,38,110,87,118,111,120,32,37,189,48,61,,,,,,,,,,,,,,,,,,,,,,,,,,,,,,94,122,36,109,86,169,116,129,135,135,55,25,97,30,,13,144,38,28,35,36,48,36,32,38,44,46,31,42,35,31,30,45,38,33,44,35,105,97,114,94,63,89,94,96,109,83,110,80,98,31,39,34,25,30,56,63,45,65,38,47,53,49,74,153,126,132,137,127,118,126,101,74,85,107,71,87,113,63,80,91,53,67,74,48,42,62,70,64,49,41,52,59,63,70,67,51,68,72,72,76,91,72,76,105,69,82,59,69,66,23,,26,34,39,40,40,44,39,56,,39,49,54,19,98,43,39,53,64,95,37,77,37,19,11,17,20,27,,8,9,82,177,83,76,83,83,60,59,91,,91,,71,,79,75,43,63,55,38,11,40,163,91,81,55,33,40,95,202,130,199,305,73,57,12,38,59,,,,60,,
20260406,2,SO2,3,6,3,4,6,10,3,2,2,3,4,4,4,4,6,7,6,6,9,6,10,7,6,9,15,9,6,11,9,13,8,13,6,7,6,4,7,7,7,6,5,4,7,5,7,4,2,7,8,7,7,9,5,4,5,4,6,3,6,5,5,7,5,6,10,5,5,6,4,4,4,14,16,8,4,6,7,6,8,4,5,11,3,11,14,11,9,12,11,7,4,5,8,35,4,6,9,6,5,5,7,6,6,5,5,4,6,6,7,7,7,11,6,8,6,10,9,7,10,6,5,4,6,11,13,7,13,6,10,9,8,13,6,6,5,7,10,7,8,8,4,5,7,10,9,9,3,5,9,4,4,3,4,5,6,16,11,12,6,10,,,,,,,,,,,,,,,,,,,,,,,,,,,,,,7,2,3,5,5,13,11,10,5,10,6,6,9,5,,5,8,6,5,8,8,3,5,8,7,2,2,6,6,9,7,4,4,6,9,5,7,14,10,8,21,8,7,11,7,8,6,11,6,5,3,4,3,4,5,4,7,4,6,3,9,8,8,10,14,11,7,11,7,6,7,6,10,8,15,10,7,8,7,5,9,7,6,11,4,8,4,6,8,4,8,9,5,15,9,26,8,6,9,8,3,8,8,6,8,8,5,7,8,3,5,,5,4,4,8,4,10,5,3,,4,6,7,8,7,9,6,7,5,10,3,7,7,6,7,9,8,7,,8,6,6,18,5,13,3,13,9,16,7,,9,,7,,3,18,9,10,16,16,5,15,7,11,4,3,7,7,3,4,26,5,3,7,6,5,9,8,,,,8,,
20260406,2,SO2_24h,3,6,3,6,8,7,4,3,5,3,6,4,6,6,6,9,7,6,9,7,10,7,6,10,11,8,6,9,7,11,8,10,7,7,5,5,7,6,7,6,6,4,6,5,7,4,3,9,8,7,7,10,7,5,5,4,6,4,7,4,5,9,5,6,10,6,7,5,5,5,7,13,9,7,7,8,6,6,10,7,5,11,4,16,10,11,11,13,11,7,8,6,9,18,5,9,12,6,6,8,7,6,6,7,8,8,7,10,5,8,5,10,10,7,7,9,10,8,13,6,6,5,6,8,11,7,12,5,12,14,8,16,7,8,8,9,10,8,8,7,4,6,9,13,10,10,7,6,11,5,5,4,4,6,13,9,14,8,6,10,,,,,,,,,,,,,,,,,,,,,,,,,,,,,,9,2,6,5,4,14,10,7,8,11,7,5,9,4,,5,8,10,6,10,7,4,6,8,9,2,4,7,6,10,8,5,5,8,7,5,10,8,9,8,15,10,5,10,8,6,6,8,7,6,4,10,3,6,6,4,12,4,17,4,8,9,8,12,10,13,5,7,8,7,5,6,11,8,15,14,7,8,9,7,11,7,11,14,7,9,6,7,7,5,8,10,6,17,17,17,10,8,11,8,13,9,10,6,11,8,7,7,8,3,5,,6,8,5,13,5,11,5,3,,6,6,8,7,7,10,6,5,13,10,4,7,7,6,7,9,7,9,,8,6,6,9,8,8,12,14,10,5,8,,4,,8,,5,11,8,10,13,10,6,15,12,10,4,4,9,7,3,5,13,5,3,8,6,5,9,8,,,,8,,
20260406,2,NO2,6,11,9,6,6,27,12,4,10,5,19,21,12,15,2,12,13,11,13,21,50,31,35,20,23,59,31,25,31,44,29,36,19,33,11,16,16,42,18,15,18,62,33,6,36,16,19,12,17,14,15,57,10,19,12,4,16,3,16,19,12,37,6,5,26,15,14,7,5,60,35,10,33,31,14,11,8,18,12,9,19,9,9,16,20,19,18,19,14,24,15,23,10,18,18,16,27,10,9,6,10,7,9,3,22,10,14,34,17,21,5,17,18,43,4,15,12,19,7,8,7,9,9,51,62,36,23,24,21,16,38,36,23,15,19,13,10,21,13,12,4,24,13,13,15,12,13,15,9,8,32,19,46,15,37,30,16,28,9,19,,,,,,,,,,,,,,,,,,,,,,,,,,,,,,9,12,18,15,16,28,40,19,31,29,8,7,8,6,,13,4,9,8,4,8,12,6,8,9,6,12,6,9,7,7,5,8,9,14,11,3,40,24,26,27,37,15,19,20,31,21,30,21,30,7,10,8,6,14,8,5,12,6,9,12,7,4,17,17,12,21,30,23,43,28,16,24,9,14,22,17,24,20,4,29,17,6,8,3,10,14,5,8,8,35,20,10,20,10,12,12,8,18,14,40,20,15,30,20,14,33,15,27,12,3,,10,14,7,4,6,6,3,10,,6,5,12,7,25,7,5,9,13,17,7,11,10,5,5,1,4,3,,7,4,18,57,10,36,35,43,30,19,15,,7,,8,,23,6,3,2,4,1,2,2,30,38,33,11,20,21,11,65,22,58,11,42,10,2,23,18,,,,6,,
20260406,2,NO2_24h,12,19,13,11,16,17,22,5,9,10,25,19,16,12,2,20,19,11,25,20,27,24,29,17,25,29,21,18,20,25,26,21,19,27,15,20,20,24,21,16,22,30,26,13,16,14,17,22,17,16,21,37,14,24,14,16,30,20,30,21,12,39,9,8,24,25,12,8,12,35,26,12,15,23,14,17,6,10,16,11,17,18,14,23,17,18,21,19,21,20,19,17,14,31,15,20,21,11,10,11,8,8,12,18,22,12,15,40,11,18,6,12,20,22,6,14,15,14,18,9,14,16,12,34,30,34,24,16,25,17,22,29,25,29,24,15,16,18,7,14,8,16,15,14,16,12,13,23,10,9,31,21,26,17,33,9,15,10,14,9,,,,,,,,,,,,,,,,,,,,,,,,,,,,,,10,13,20,20,6,15,25,9,16,15,12,7,9,5,,7,5,13,11,11,12,10,10,12,14,10,12,9,12,11,13,9,22,14,12,16,7,21,16,19,25,25,11,18,16,19,16,16,21,17,10,14,10,8,13,14,11,15,16,14,16,11,7,18,17,18,19,17,17,24,17,12,18,12,16,19,16,18,13,9,21,20,14,15,8,12,16,13,14,10,21,15,10,20,18,13,11,12,11,14,30,20,16,29,41,16,39,11,19,13,5,,15,11,9,5,10,8,5,10,,6,6,15,8,13,7,7,6,8,15,8,13,12,8,5,3,5,13,,3,5,18,18,11,19,15,28,16,15,23,,10,,12,,16,6,2,3,6,4,11,4,14,16,20,16,23,22,12,28,15,33,14,19,8,4,14,24,,,,8,,
20260406,2,O3,75,76,73,72,77,69,69,82,50,78,65,61,76,69,83,78,70,70,58,90,32,67,71,91,94,34,73,75,52,48,65,39,108,31,108,88,79,38,81,93,104,14,43,110,34,87,59,71,93,93,87,16,68,38,40,53,35,56,36,30,42,7,85,76,26,57,44,99,122,16,42,84,43,58,70,79,80,65,61,90,47,75,67,85,67,95,63,84,104,76,80,81,106,94,82,70,20,70,47,55,40,46,54,46,17,55,58,5,82,72,75,74,61,42,74,67,80,61,76,79,71,76,60,23,9,49,85,57,72,81,48,23,5,62,44,33,21,4,37,22,68,19,65,77,60,61,58,29,49,91,30,50,8,46,37,28,88,40,88,77,,,,,,,,,,,,,,,,,,,,,,,,,,,,,,85,83,56,69,28,48,32,64,31,38,68,76,67,84,,39,89,65,78,73,70,65,68,94,89,64,71,82,58,66,48,71,50,75,65,54,74,41,51,45,47,27,21,70,62,42,42,36,50,35,89,42,84,74,79,58,84,87,73,51,64,88,72,76,74,92,74,69,63,21,61,67,38,65,48,42,36,21,45,43,32,1,61,73,64,11,36,66,76,27,2,45,72,34,42,72,40,30,20,42,20,24,66,38,64,29,2,36,15,55,66,,71,53,96,87,76,91,88,48,,48,89,86,92,72,78,102,106,83,69,87,56,36,103,75,124,121,101,,113,50,45,18,43,33,36,35,21,36,52,,85,,77,,44,96,81,90,103,86,105,134,32,22,26,90,63,58,82,10,64,25,82,27,31,87,67,48,,,,94,,
20260406,2,O3_24h,75,76,73,72,77,69,69,82,50,78,65,61,76,69,83,78,70,70,58,90,32,67,71,91,94,34,73,75,52,48,65,39,108,31,108,88,79,38,81,93,104,14,43,110,34,87,59,71,93,93,87,16,68,38,40,53,35,56,36,30,42,7,85,76,26,57,44,99,122,16,42,84,43,58,70,79,80,65,61,90,47,75,67,85,67,95,63,84,104,76,80,81,106,94,82,70,20,70,47,55,40,46,54,46,17,55,58,5,82,72,75,74,61,42,74,67,80,61,76,79,71,76,60,23,9,49,85,57,72,81,48,23,5,62,44,33,21,4,37,22,68,19,65,77,60,61,58,29,49,91,30,50,8,46,37,28,88,40,88,77,,,,,,,,,,,,,,,,,,,,,,,,,,,,,,85,83,56,69,28,48,32,64,31,38,68,76,67,84,,39,89,65,78,73,70,65,68,94,89,64,71,82,58,66,48,71,50,75,65,54,74,41,51,45,47,27,21,70,62,42,42,36,50,35,89,42,84,74,79,58,84,87,73,51,64,88,72,76,74,92,74,69,63,21,61,67,38,65,48,42,36,21,45,43,32,1,61,73,64,11,36,66,76,27,2,45,72,34,42,72,40,30,20,42,20,24,66,38,64,29,2,36,15,55,66,,71,53,96,87,76,91,88,48,,48,89,86,92,72,78,102,106,83,69,87,56,36,103,75,124,121,101,,113,50,45,18,43,33,36,35,21,36,52,,85,,77,,44,96,81,90,103,86,105,134,32,22,26,90,63,58,82,10,64,25,82,27,31,87,67,48,,,,94,,
20260406,2,O3_8h,,,,,,,,,,,,,,,,,,,,,,,,,,,,,,,,,,,,,,,,,,,,,,,,,119,,,,,,,,,,,62,,,,,,138,,,,,,,,,,,,,,,,,,,,,,,,,,,,,,,,,,,,,,,,,,,,,,,,,,,,,,,,,,,,,,,,,,,,,,,,,,,,,,,,,,,,,,,,,,,,,,,,,,,,,,,,,,,,,,,,,,,,,,,,,,,,,,,,,,,,,,,,,,,,,,,,,,,,,,,,,,,,,,,,,,,,,,,,,,,,,,,,,,,,,,,,,,,,,,,,,,,,,,,,,,,,,,,,,,,,,,,,,,,,,,,,,,,,,,,,,,,,,,,,,,,,,,,,,,,,,,,,,,,,,,,,,,,,,,,,,,,,,,,,,,,,,,,,,,,,,,,114,,,,,,,,,,,,,,
20260406,2,O3_8h_24h,,,,,,,,,,,,,,,,,,,,,,,,,,,,,,,,,,,,,,,,,,,,,,,,,,,,,,,,,,,,,,,,,,,,,,,,,,,,,,,,,,,,,,,,,,,,,,,,,,,,,,,,,,,,,,,,,,,,,,,,,,,,,,,,,,,,,,,,,,,,,,,,,,,,,,,,,,,,,,,,,,,,,,,,,,,,,,,,,,,,,,,,,,,,,,,,,,,,,,,,,,,,,,,,,,,,,,,,,,,,,,,,,,,,,,,,,,,,,,,,,,,,,,,,,,,,,,,,,,,,,,,,,,,,,,,,,,,,,,,,,,,,,,,,,,,,,,,,,,,,,,,,,,,,,,,,,,,,,,,,,,,,,,,,,,,,,,,,,,,,,,,,,,,,,,,,,,,,,,,,,,,,,,,,,,,,,,,
20260406,2,CO,0.23,0.34,0.22,0.27,0.20,0.53,0.25,0.30,0.20,0.20,0.38,0.25,0.38,0.32,0.28,0.51,0.37,0.42,0.44,0.55,1.01,0.81,0.68,0.53,0.82,0.74,0.77,0.74,0.70,0.73,0.78,0.86,0.65,0.66,0.54,0.43,0.45,0.90,0.60,0.50,0.60,0.60,0.50,0.45,0.77,0.45,0.53,0.58,0.51,0.49,0.51,1.10,0.57,0.76,0.56,0.43,0.60,0.30,0.60,0.75,0.73,0.90,0.79,0.52,0.68,0.48,0.47,0.46,0.27,0.65,0.43,0.45,0.40,0.46,0.40,0.52,0.43,0.28,0.46,0.40,0.30,0.38,0.80,0.27,0.52,0.57,0.32,0.50,0.50,0.40,0.27,0.55,0.35,0.92,0.33,0.55,1.20,0.75,0.60,0.67,0.60,0.45,0.55,0.53,0.85,0.70,0.80,0.95,0.50,0.70,0.39,0.60,0.40,0.48,0.28,0.94,0.53,1.10,0.36,0.60,0.45,0.43,0.25,1.05,0.93,0.66,0.60,0.33,0.58,0.80,0.55,0.45,0.47,0.57,0.88,1.03,0.60,0.97,0.80,0.77,0.45,0.63,0.75,0.73,0.77,0.60,0.57,0.25,0.55,0.58,0.50,0.35,0.60,0.38,0.45,0.60,0.43,0.70,0.46,0.30,,,,,,,,,,,,,,,,,,,,,,,,,,,,,,0.45,0.50,0.65,0.50,0.30,0.30,1.05,0.40,0.33,0.53,0.47,0.20,0.40,0.28,,0.20,0.50,0.30,0.37,0.35,0.43,0.37,0.40,0.25,0.85,0.25,0.25,0.33,0.20,0.27,0.30,0.33,0.30,0.47,0.45,0.35,0.30,0.82,0.54,0.45,1.25,0.67,0.50,0.55,0.54,0.40,0.55,0.33,0.88,0.27,0.70,0.80,0.50,0.75,0.50,0.50,0.57,0.45,0.45,0.78,0.85,0.60,0.88,0.60,0.78,0.63,0.60,0.55,0.54,0.78,0.50,0.33,0.72,0.60,0.84,0.77,0.60,1.10,0.60,0.80,0.83,0.65,0.85,0.90,1.10,0.60,0.63,0.30,0.55,0.45,0.45,0.70,0.60,0.93,0.73,1.10,0.73,0.90,1.00,0.90,0.60,0.60,0.53,1.10,0.70,0.75,0.47,0.50,0.65,0.60,0.30,,0.30,0.65,0.50,0.73,0.40,0.45,0.60,0.70,,0.90,0.40,0.40,0.50,0.80,0.45,0.50,0.40,0.45,0.70,0.45,0.90,0.40,0.45,0.30,0.25,0.35,0.60,,0.50,0.60,0.50,0.50,0.40,0.50,0.45,0.45,0.50,0.35,0.40,,0.20,,0.50,,0.40,0.50,0.40,0.20,0.30,0.40,0.30,0.30,0.47,0.35,0.50,0.30,0.25,0.35,0.25,1.30,0.20,0.90,0.50,0.75,0.30,,0.45,0.45,,,,0.60,,
20260406,2,CO_24h,0.32,0.46,0.38,0.46,0.35,0.43,0.24,0.30,0.25,0.30,0.35,0.30,0.47,0.38,0.28,0.69,0.50,0.45,0.68,0.58,0.99,0.73,0.68,0.61,0.54,0.72,0.71,0.69,0.66,0.80,0.74,0.84,0.55,0.64,0.54,0.47,0.49,0.83,0.60,0.50,0.60,0.63,0.50,0.50,0.66,0.45,0.47,0.70,0.50,0.59,0.51,1.06,0.66,0.84,0.68,0.60,0.73,0.50,0.67,0.83,0.63,0.83,0.70,0.55,0.60,0.54,0.40,0.50,0.30,0.51,0.47,0.65,0.36,0.34,0.53,0.63,0.33,0.28,0.56,0.47,0.30,0.45,0.63,0.43,0.50,0.53,0.38,0.52,0.66,0.40,0.48,0.55,0.40,0.98,0.37,0.60,0.90,0.77,0.70,0.83,0.60,0.60,0.55,0.83,0.80,0.70,0.83,0.75,0.40,0.60,0.36,0.38,0.78,0.42,0.34,0.80,0.60,0.76,0.46,0.62,0.46,0.50,0.32,0.67,0.77,0.76,0.50,0.33,0.68,0.67,0.45,0.50,0.53,0.77,0.80,1.10,0.60,0.80,0.75,0.81,0.55,0.57,0.70,0.88,0.73,0.53,0.50,0.30,0.53,0.58,0.53,0.40,0.45,0.40,0.50,0.40,0.60,0.46,0.50,0.25,,,,,,,,,,,,,,,,,,,,,,,,,,,,,,0.50,0.40,0.65,0.47,0.30,0.40,0.53,0.27,0.27,0.37,0.57,0.20,0.40,0.33,,0.20,0.45,0.43,0.47,0.50,0.57,0.43,0.40,0.50,0.90,0.35,0.25,0.37,0.20,0.37,1.10,0.43,0.40,0.47,0.40,0.40,0.35,0.57,0.48,0.50,0.95,0.60,0.45,0.50,0.50,0.33,0.45,0.27,1.00,0.27,0.67,1.20,0.55,0.75,0.60,0.60,1.00,0.53,0.50,0.76,0.85,0.68,0.85,0.65,0.66,0.70,0.55,0.43,0.50,0.73,0.40,0.30,0.70,0.53,0.72,0.97,0.57,1.00,0.40,0.70,0.90,0.60,0.87,0.90,1.10,0.50,0.57,0.40,0.60,0.45,0.35,0.73,0.73,0.90,0.80,0.90,0.70,0.80,0.90,0.80,0.83,0.60,0.50,0.77,0.95,0.70,0.50,0.45,0.65,0.55,0.30,,0.30,0.55,0.43,0.63,0.45,0.50,0.45,0.60,,0.80,0.35,0.40,0.50,0.70,0.50,0.50,0.40,0.45,0.55,0.50,0.80,0.35,0.50,0.30,0.35,0.30,0.70,,0.40,0.50,0.53,0.43,0.40,0.45,0.40,0.40,0.30,0.35,0.50,,0.30,,0.55,,0.35,0.50,0.40,0.20,0.30,0.40,0.30,0.30,0.40,0.35,0.35,0.35,0.20,0.45,0.25,0.60,0.15,0.55,0.35,0.50,0.40,,0.30,0.55,,,,0.70,,
20260406,3,AQI,23,23,50,23,24,78,48,23,31,24,43,39,45,46,25,43,29,41,44,55,74,67,63,60,84,91,71,86,88,88,91,84,83,68,43,55,61,81,53,52,35,77,67,47,61,50,50,34,56,54,107,84,41,28,31,29,31,30,38,30,33,61,69,50,52,59,56,35,39,78,65,47,76,60,46,48,27,38,18,39,21,22,41,57,43,64,58,53,77,48,40,78,57,49,26,48,69,40,40,44,24,39,19,29,51,36,47,66,36,97,22,84,93,72,23,25,30,23,22,40,34,23,34,72,82,56,100,115,97,102,108,58,43,39,54,55,36,71,61,51,43,65,68,43,35,80,54,46,49,33,71,56,90,65,72,29,28,61,33,36,,,,,,,,,,,,,,,,,,,,,,,,,,,,,,63,75,54,81,49,51,77,40,61,53,53,25,36,27,,14,35,21,22,21,21,49,34,28,27,81,63,24,37,22,18,30,16,23,58,41,24,80,77,87,68,60,57,66,69,86,65,83,57,67,41,34,34,23,49,45,29,40,52,21,49,37,46,62,121,103,86,106,101,64,95,67,47,63,72,55,62,90,51,47,67,43,50,49,,29,53,44,46,41,59,56,54,66,51,96,60,96,83,94,40,52,54,71,64,56,59,56,51,59,23,,24,33,53,61,32,52,71,66,,73,45,57,30,80,43,38,59,66,108,34,55,47,32,23,38,36,30,,33,21,59,42,59,61,61,62,46,64,54,,66,,46,,61,54,46,58,62,52,32,41,72,88,66,38,21,46,89,97,79,111,144,73,51,28,53,64,,,,59,,
20260406,3,PM2.5,3,3,9,5,3,42,7,7,12,6,13,12,15,15,3,30,11,29,31,31,33,42,39,17,53,40,41,46,50,46,68,49,52,35,25,39,28,48,23,32,17,43,34,33,39,35,35,23,12,10,38,62,28,16,15,12,22,15,19,21,21,44,50,35,34,39,40,21,5,36,31,22,23,22,30,28,5,21,3,24,3,7,29,5,9,14,4,9,9,19,3,27,11,4,7,3,50,28,26,21,17,11,13,10,36,25,33,48,23,36,7,31,28,21,4,17,21,16,4,28,21,8,23,39,42,30,45,41,33,36,49,21,26,23,30,39,25,52,44,36,24,47,46,26,20,59,38,30,29,22,36,20,31,27,42,8,8,26,12,6,,,,,,,,,,,,,,,,,,,,,,,,,,,,,,36,48,38,18,8,12,38,12,15,9,13,11,22,4,,3,10,3,10,14,3,34,24,7,10,60,45,13,26,3,10,14,7,16,41,29,10,50,43,62,43,43,32,32,31,53,47,50,29,31,29,24,24,16,34,22,17,24,30,13,30,20,23,28,38,26,34,47,57,29,58,33,21,32,42,28,42,65,32,27,37,30,29,34,,20,29,27,32,29,42,39,35,48,35,72,43,72,61,70,20,30,38,51,34,40,34,33,29,42,6,,15,22,37,44,18,27,52,48,,53,29,32,12,59,30,23,42,48,81,24,38,33,17,3,3,3,11,,3,3,37,15,25,25,30,31,28,29,27,,20,,19,,28,20,18,26,30,13,3,13,22,39,21,19,11,21,20,58,44,51,68,34,8,3,12,28,,,,42,,
20260406,3,PM2.5_24h,9,15,26,17,13,43,26,10,10,17,28,26,35,26,6,24,25,27,29,32,30,39,35,40,41,36,31,34,38,40,44,51,44,30,23,31,26,40,32,27,23,32,32,22,26,23,20,29,24,28,46,51,30,22,13,17,33,19,28,23,16,43,55,35,33,43,30,24,8,31,41,28,42,14,29,32,8,11,17,28,17,16,22,37,25,27,20,25,34,20,24,34,26,42,24,16,35,16,31,34,16,16,17,31,29,22,24,48,25,36,9,28,45,25,6,21,20,20,20,26,46,31,34,36,36,30,35,35,43,38,37,32,32,37,30,38,31,38,34,36,27,34,39,25,20,37,34,36,25,22,36,29,32,34,40,12,11,32,13,15,,,,,,,,,,,,,,,,,,,,,,,,,,,,,,35,32,25,23,11,26,35,21,29,24,28,14,22,9,,5,39,15,20,20,11,27,19,18,17,40,40,24,32,16,18,16,23,23,23,33,21,34,31,33,34,32,36,37,31,40,34,34,31,28,25,28,21,20,22,29,28,21,31,23,23,22,22,31,39,34,34,40,36,36,40,29,33,26,42,35,43,41,39,31,39,29,35,51,36,27,36,33,34,32,29,37,40,45,53,58,37,50,56,50,35,34,39,39,35,41,34,30,31,38,7,,12,21,29,32,22,29,35,37,,33,33,32,11,56,35,26,41,45,76,28,47,26,12,5,3,5,18,,2,6,36,35,28,29,28,31,22,25,31,,28,,27,,28,25,17,25,20,14,3,11,39,29,21,20,13,17,20,57,43,69,72,23,12,2,10,16,,,,43,,
20260406,3,PM10,8,12,50,19,19,105,48,8,31,19,43,39,45,46,9,37,29,28,37,60,98,84,76,70,117,131,91,121,125,125,112,118,115,86,43,48,72,111,56,53,35,104,84,46,72,50,46,34,61,58,164,104,41,28,31,29,30,30,38,28,33,51,59,45,53,68,56,35,9,105,79,47,102,70,46,48,10,38,17,39,21,13,,63,43,78,66,55,103,48,40,105,64,49,25,48,65,38,40,44,18,39,17,29,48,34,43,80,36,144,15,117,135,93,10,25,25,22,18,32,34,17,34,94,113,61,149,180,143,153,166,66,43,39,58,53,30,68,59,46,43,70,85,43,35,95,48,46,49,33,91,61,129,80,94,29,26,72,33,36,,,,,,,,,,,,,,,,,,,,,,,,,,,,,,76,100,51,112,49,51,103,40,71,56,56,25,36,19,,14,35,11,,20,10,38,29,8,20,58,53,13,34,22,18,30,14,22,53,41,18,110,104,124,86,66,63,82,88,121,69,116,64,83,27,,34,20,37,45,29,40,54,21,49,37,46,74,192,156,122,161,152,78,139,83,47,76,93,60,73,129,52,47,83,41,50,43,,27,55,44,46,34,63,61,58,63,52,84,66,105,83,88,40,53,54,92,78,47,68,61,51,51,23,,17,33,47,64,32,53,67,65,,58,45,63,19,100,,38,60,63,98,31,60,39,18,6,7,12,,,11,6,68,42,68,71,72,73,46,78,58,,81,,46,,72,57,46,65,73,53,6,33,94,125,81,38,21,46,127,143,108,171,237,95,52,8,55,77,,,,58,,
20260406,3,PM10_24h,26,39,134,59,45,140,75,35,43,48,72,106,148,156,17,42,44,35,40,64,112,90,112,106,122,119,112,104,98,112,111,116,112,77,40,46,67,87,70,45,38,80,81,45,80,34,28,56,116,68,145,94,71,35,24,26,39,30,44,32,25,62,64,49,58,96,47,38,18,109,117,70,187,48,67,71,31,62,34,42,26,33,29,114,130,142,85,94,127,62,86,109,115,101,56,72,55,23,50,58,18,23,25,49,49,32,32,73,39,130,37,99,144,136,28,33,34,33,37,33,64,39,45,110,114,63,119,172,138,130,145,107,71,65,79,69,42,56,55,46,44,76,79,43,35,82,80,75,40,38,108,87,120,110,119,32,37,184,48,58,,,,,,,,,,,,,,,,,,,,,,,,,,,,,,93,122,37,110,74,169,115,121,135,132,56,25,92,28,,13,134,36,28,35,34,48,36,31,36,45,47,31,42,34,30,30,42,37,34,41,30,106,98,115,93,64,89,93,97,111,83,112,80,98,31,38,34,25,30,56,61,45,66,37,47,52,49,75,157,128,133,139,129,116,127,100,73,85,106,72,87,113,63,79,91,52,67,73,49,41,60,69,62,49,41,53,59,64,70,69,52,71,73,73,74,89,72,78,105,67,81,60,67,64,23,,25,34,39,42,39,44,41,57,,41,49,54,19,98,42,39,53,63,95,36,76,38,19,10,17,20,26,,8,9,81,172,83,75,82,82,58,59,88,,89,,70,,79,74,43,64,56,39,11,40,162,92,77,55,33,40,96,202,129,195,302,73,57,12,38,56,,,,60,,
20260406,3,SO2,3,6,3,4,7,7,3,3,3,6,4,4,4,4,6,7,6,6,9,7,10,7,6,9,13,11,7,13,10,12,8,12,6,7,6,5,7,7,7,6,5,3,,5,7,4,2,7,8,7,8,9,4,5,5,4,6,4,6,4,5,7,4,6,8,5,4,5,4,5,5,12,17,8,4,6,5,7,9,4,7,12,3,10,14,13,10,11,8,6,5,6,6,9,4,6,9,5,5,9,7,5,6,5,5,4,8,7,7,8,7,13,7,7,5,9,8,7,8,6,5,4,6,10,13,6,13,6,10,10,9,13,7,6,6,7,10,6,9,6,4,5,7,10,8,9,3,5,9,6,5,3,3,5,8,7,11,16,5,10,,,,,,,,,,,,,,,,,,,,,,,,,,,,,,8,2,4,5,6,13,11,9,4,11,6,6,8,5,,5,8,6,5,9,8,3,6,8,8,3,3,6,5,9,7,4,5,7,7,5,7,10,10,9,20,7,5,10,8,6,6,9,5,6,3,4,3,4,5,4,8,5,20,4,7,8,8,8,13,11,8,10,9,6,9,6,11,6,15,10,4,8,8,6,7,7,7,10,,7,4,6,3,4,8,9,7,17,12,28,8,5,9,8,3,7,8,5,8,7,5,7,8,3,5,,6,3,5,9,5,10,5,4,,4,6,6,8,7,9,6,6,5,10,3,7,7,7,7,9,8,6,,9,6,7,16,8,11,5,12,9,7,7,,6,,7,,3,14,8,10,16,16,5,14,7,14,4,3,7,6,3,3,13,4,3,6,5,5,9,8,,,,8,,
20260406,3,SO2_24h,3,6,3,6,8,6,4,2,5,3,6,4,5,6,6,9,7,6,9,7,10,7,6,10,11,8,6,9,7,11,8,10,7,7,6,5,7,7,7,6,6,4,6,5,7,4,3,9,8,7,7,10,7,5,5,4,6,4,7,4,5,9,5,6,9,6,7,5,5,5,7,13,10,7,7,8,6,5,9,7,6,11,4,15,10,11,11,13,11,7,8,6,9,18,5,9,12,6,6,8,7,6,6,7,8,8,7,9,5,8,5,10,10,7,6,9,10,8,13,6,6,5,6,8,11,7,12,5,12,14,8,16,7,8,8,9,10,8,8,7,4,6,9,13,10,10,6,6,11,5,6,4,4,5,13,9,13,8,6,10,,,,,,,,,,,,,,,,,,,,,,,,,,,,,,9,2,6,5,4,13,10,7,8,11,7,5,9,5,,5,8,10,6,10,7,4,6,9,9,2,4,7,6,10,8,5,5,8,7,5,10,8,9,8,16,10,5,10,8,6,6,8,7,6,4,10,3,6,6,4,12,4,17,4,8,9,8,11,10,13,5,8,8,7,6,6,11,8,15,14,7,8,9,7,11,7,11,14,7,10,6,7,7,5,8,10,6,17,16,18,10,8,11,8,12,9,10,6,11,8,7,7,8,3,5,,6,8,5,12,5,11,5,3,,6,6,8,7,7,10,6,5,13,10,4,7,7,6,7,10,7,9,,8,6,6,10,8,8,12,14,10,5,8,,5,,8,,5,11,8,10,13,10,6,15,11,10,4,4,9,7,3,5,13,4,3,7,6,5,9,8,,,,8,,
20260406,3,NO2,7,11,9,5,5,23,11,7,9,4,18,23,8,19,2,15,13,10,14,21,49,33,42,18,22,63,31,26,31,46,26,40,19,30,10,18,15,46,17,14,15,56,23,7,38,13,16,11,17,15,13,54,10,19,13,4,20,3,17,17,14,36,6,5,23,13,11,7,4,59,39,10,37,22,14,12,5,27,14,9,18,11,10,15,19,21,21,16,10,24,12,17,7,15,13,12,25,10,11,6,10,5,8,4,21,,13,31,16,22,6,21,17,51,4,13,13,21,10,8,7,13,8,50,56,26,21,26,21,13,21,17,24,17,18,11,11,21,17,11,4,28,12,16,11,11,15,16,8,10,33,16,34,13,32,17,8,26,6,13,,,,,,,,,,,,,,,,,,,,,,,,,,,,,,10,23,15,15,30,40,38,15,27,39,9,10,9,4,,15,3,8,9,8,9,11,7,7,8,7,10,7,9,7,8,5,7,15,12,11,3,33,22,30,31,31,12,11,11,24,22,39,19,19,6,10,7,5,13,9,6,12,15,9,10,7,4,14,18,11,24,21,32,19,24,13,22,9,16,21,12,23,18,4,22,16,6,8,,8,15,5,9,17,25,19,14,22,12,15,14,8,16,15,37,18,12,22,24,10,31,12,24,8,4,,7,16,6,4,6,6,4,8,,8,5,12,6,13,7,7,7,13,15,6,12,10,6,5,1,4,3,,7,4,23,50,11,29,13,36,18,17,16,,7,,7,,16,4,1,1,3,2,2,2,40,33,29,11,16,15,9,48,14,27,9,23,11,2,14,18,,,,5,,
20260406,3,NO2_24h,11,18,13,10,15,17,20,5,9,9,24,19,15,12,2,19,19,11,24,20,28,25,30,18,25,30,22,18,19,27,27,22,18,27,14,20,20,25,21,16,21,32,26,12,17,13,16,20,17,16,20,37,14,23,13,15,29,19,29,21,12,39,9,8,24,23,12,8,11,35,26,12,16,22,14,16,6,11,16,11,17,18,13,23,17,19,21,19,20,20,19,17,14,30,15,19,21,11,10,11,8,8,11,17,22,12,15,40,11,19,6,12,19,23,6,14,15,14,18,9,14,15,11,35,31,33,24,16,25,17,22,28,25,28,24,14,16,18,8,13,7,16,16,15,16,12,13,23,10,9,31,21,26,17,33,9,14,10,14,10,,,,,,,,,,,,,,,,,,,,,,,,,,,,,,10,14,20,20,7,16,25,10,16,16,12,7,10,5,,8,5,13,11,10,12,11,10,12,14,10,12,9,12,11,12,8,20,14,11,16,7,22,16,20,25,25,12,17,15,19,16,17,21,17,9,14,10,8,14,14,11,14,16,13,16,11,7,17,17,18,19,18,18,23,17,12,18,12,15,20,16,18,14,9,20,20,13,14,8,12,15,12,13,11,21,15,10,20,18,12,11,11,11,14,31,20,16,30,41,16,39,11,20,13,5,,14,11,9,5,10,8,5,10,,6,6,15,8,13,7,7,6,8,15,8,13,12,8,5,3,5,12,,4,5,18,20,11,19,15,28,16,14,23,,10,,12,,15,6,2,3,6,4,10,4,15,17,20,16,22,21,12,27,14,31,14,19,8,4,14,22,,,,8,,
20260406,3,O3,74,75,71,75,77,65,70,74,48,77,64,56,79,58,80,69,68,69,57,89,27,56,59,97,80,27,65,64,50,43,82,31,88,30,103,77,77,31,77,92,104,20,56,96,28,85,57,70,87,91,88,14,62,34,35,52,28,56,29,28,35,6,78,77,25,57,38,100,126,12,36,72,38,65,63,73,85,48,56,78,46,71,66,87,62,89,57,81,109,72,77,89,106,94,83,72,19,68,43,55,36,43,54,44,17,57,56,4,82,69,71,68,56,28,74,61,77,57,71,82,71,74,60,14,13,56,84,59,71,79,73,39,5,64,42,30,18,2,27,26,69,9,56,69,74,65,48,26,49,89,44,54,14,48,38,51,90,38,93,85,,,,,,,,,,,,,,,,,,,,,,,,,,,,,,83,49,54,67,32,33,32,67,24,17,75,72,70,87,,35,80,66,71,66,68,61,61,91,87,64,73,77,60,62,48,67,52,62,67,61,77,43,52,58,38,30,24,81,81,48,39,27,49,55,86,42,76,68,79,61,80,81,59,45,61,82,69,72,71,97,68,81,45,64,64,67,34,58,41,38,47,23,47,42,35,2,58,70,,19,28,63,76,19,4,37,65,28,37,61,34,29,20,29,18,25,68,51,42,33,2,30,14,55,54,,76,47,92,83,75,91,90,47,,39,88,94,95,90,82,95,111,79,67,91,53,33,102,72,123,116,95,,104,67,35,20,40,36,57,36,25,35,51,,83,,70,,46,82,76,88,104,77,103,132,21,23,25,84,63,65,73,21,82,55,79,41,30,88,72,49,,,,100,,
20260406,3,O3_24h,74,75,71,75,77,65,70,74,48,77,64,56,79,58,80,69,68,69,57,89,27,56,59,97,80,27,65,64,50,43,82,31,88,30,103,77,77,31,77,92,104,20,56,96,28,85,57,70,87,91,88,14,62,34,35,52,28,56,29,28,35,6,78,77,25,57,38,100,126,12,36,72,38,65,63,73,85,48,56,78,46,71,66,87,62,89,57,81,109,72,77,89,106,94,83,72,19,68,43,55,36,43,54,44,17,57,56,4,82,69,71,68,56,28,74,61,77,57,71,82,71,74,60,14,13,56,84,59,71,79,73,39,5,64,42,30,18,2,27,26,69,9,56,69,74,65,48,26,49,89,44,54,14,48,38,51,90,38,93,85,,,,,,,,,,,,,,,,,,,,,,,,,,,,,,83,49,54,67,32,33,32,67,24,17,75,72,70,87,,35,80,66,71,66,68,61,61,91,87,64,73,77,60,62,48,67,52,62,67,61,77,43,52,58,38,30,24,81,81,48,39,27,49,55,86,42,76,68,79,61,80,81,59,45,61,82,69,72,71,97,68,81,45,64,64,67,34,58,41,38,47,23,47,42,35,2,58,70,,19,28,63,76,19,4,37,65,28,37,61,34,29,20,29,18,25,68,51,42,33,2,30,14,55,54,,76,47,92,83,75,91,90,47,,39,88,94,95,90,82,95,111,79,67,91,53,33,102,72,123,116,95,,104,67,35,20,40,36,57,36,25,35,51,,83,,70,,46,82,76,88,104,77,103,132,21,23,25,84,63,65,73,21,82,55,79,41,30,88,72,49,,,,100,,
20260406,3,O3_8h,,,,,,,,,,,,,,,,,,,,,,,,,,,,,,,,,,,,,,,,,,,,,,,,,119,,,,,,,,,,,62,,,,,,138,,,,,,,,,,,,,,,89,,,,,,,,,,,,,,,,,,,,,,,,,,,,,,,,,,,,,,,,,,,,,,,,,,,,,,,,,,,,,,,,,,,,,,,,,,,,,,,,,,,,,,,,,,,,,,,,,,,,,,,,,,,,,,,,,,,,,,,,,,,,,,,,,,,,,,,,,,,,,,,,,,,,,,,,,,,,,,,,,,,,,,,,,,,,,,,,,,,,,,,,,,,,,,,,,,,,,,,,,,,,,,,,,,,,,,,,,,,,,,,,,,,,,,,,,,,,,,,,,,,,,,,,,,,,,,,,,,,,,,,,,,,,,,,,,,,,,,,,114,,,,,,,,,,,,,,
20260406,3,O3_8h_24h,,,,,,,,,,,,,,,,,,,,,,,,,,,,,,,,,,,,,,,,,,,,,,,,,,,,,,,,,,,,,,,,,,,,,,,,,,,,,,,,,,,,,,,,,,,,,,,,,,,,,,,,,,,,,,,,,,,,,,,,,,,,,,,,,,,,,,,,,,,,,,,,,,,,,,,,,,,,,,,,,,,,,,,,,,,,,,,,,,,,,,,,,,,,,,,,,,,,,,,,,,,,,,,,,,,,,,,,,,,,,,,,,,,,,,,,,,,,,,,,,,,,,,,,,,,,,,,,,,,,,,,,,,,,,,,,,,,,,,,,,,,,,,,,,,,,,,,,,,,,,,,,,,,,,,,,,,,,,,,,,,,,,,,,,,,,,,,,,,,,,,,,,,,,,,,,,,,,,,,,,,,,,,,,,,,,,,,
20260406,3,CO,0.24,0.34,0.22,0.24,0.20,0.38,0.27,0.33,0.20,0.20,0.27,0.30,0.30,0.32,0.28,0.53,0.37,0.44,0.45,0.56,1.03,0.85,0.68,0.50,0.74,0.74,0.80,0.74,0.74,0.75,0.78,0.88,0.52,0.65,0.54,0.43,0.46,0.88,0.55,0.50,0.60,0.60,0.40,0.50,0.78,0.45,0.50,0.57,0.49,0.51,0.51,1.08,0.57,0.76,0.55,0.43,0.63,0.30,0.57,0.70,0.72,0.83,0.71,0.50,0.64,0.50,0.57,0.46,0.27,0.59,0.47,0.60,0.42,0.40,0.38,0.52,0.33,0.30,0.42,0.40,0.30,0.40,0.63,0.29,0.52,0.60,0.36,0.52,0.46,0.38,0.28,0.57,0.30,0.54,0.27,0.47,1.17,0.73,0.60,0.67,0.60,0.40,0.55,0.53,0.85,0.60,0.80,0.85,0.50,0.70,0.41,0.68,0.43,0.46,0.28,0.94,0.57,1.40,0.38,0.60,0.45,0.43,0.25,1.03,0.90,0.64,0.60,0.35,0.60,1.00,0.52,0.43,0.43,0.50,0.88,1.05,0.60,0.97,0.85,0.76,0.45,0.68,0.70,0.73,0.67,0.60,0.57,0.20,0.60,0.63,0.50,0.35,0.55,0.34,0.45,0.40,0.47,0.72,0.42,0.25,,,,,,,,,,,,,,,,,,,,,,,,,,,,,,0.50,0.40,0.65,0.47,0.30,0.30,1.17,0.40,0.33,0.67,0.47,0.20,0.40,0.30,,0.20,0.45,0.30,0.43,0.35,0.43,0.40,0.40,0.40,0.80,0.40,0.30,0.33,0.20,0.27,0.33,0.30,0.30,0.53,0.45,0.35,0.30,0.78,0.52,0.55,1.43,0.65,0.50,0.45,0.50,0.37,0.53,0.30,0.97,0.23,0.70,0.90,0.45,0.75,0.55,0.47,0.83,0.50,0.75,0.84,0.90,0.65,0.88,0.55,0.76,0.62,0.60,0.50,0.58,0.57,0.53,0.30,0.72,0.57,0.95,0.73,0.50,1.20,0.70,0.70,0.85,0.65,0.85,0.90,,0.60,0.63,0.30,0.55,0.50,0.45,0.73,0.68,0.93,0.70,1.15,0.73,0.90,0.95,0.90,0.63,0.55,0.50,0.88,0.70,0.67,0.47,0.50,0.65,0.55,0.30,,0.30,0.60,0.50,0.73,0.40,0.45,0.55,0.70,,0.90,0.40,0.40,0.45,0.80,0.50,0.50,0.40,0.40,0.60,0.45,0.90,0.40,0.50,0.30,0.25,0.35,0.50,,0.45,0.60,0.50,0.53,0.40,0.50,0.40,0.45,0.40,0.40,0.40,,0.20,,0.50,,0.40,0.50,0.40,0.20,0.30,0.30,0.30,0.30,0.47,0.35,0.50,0.40,0.30,0.35,0.20,0.90,0.15,0.50,0.50,0.55,0.10,,0.35,0.55,,,,0.65,,
20260406,3,CO_24h,0.31,0.44,0.38,0.44,0.35,0.43,0.24,0.30,0.25,0.30,0.35,0.30,0.43,0.38,0.28,0.69,0.50,0.45,0.67,0.58,0.99,0.74,0.67,0.63,0.58,0.72,0.71,0.69,0.66,0.80,0.74,0.84,0.55,0.64,0.54,0.47,0.46,0.83,0.60,0.50,0.60,0.63,0.50,0.50,0.66,0.45,0.47,0.70,0.50,0.59,0.50,1.06,0.66,0.82,0.66,0.57,0.73,0.50,0.67,0.83,0.65,0.83,0.70,0.55,0.61,0.53,0.40,0.49,0.30,0.51,0.47,0.65,0.36,0.34,0.53,0.63,0.33,0.28,0.54,0.47,0.30,0.45,0.63,0.43,0.50,0.57,0.38,0.52,0.66,0.40,0.42,0.55,0.40,0.98,0.37,0.60,0.93,0.77,0.70,0.83,0.60,0.55,0.55,0.77,0.80,0.70,0.83,0.80,0.40,0.60,0.34,0.42,0.75,0.42,0.36,0.80,0.58,0.78,0.46,0.62,0.44,0.50,0.30,0.70,0.77,0.76,0.50,0.33,0.68,0.70,0.45,0.50,0.53,0.77,0.80,1.10,0.60,0.80,0.73,0.81,0.55,0.57,0.70,0.88,0.73,0.57,0.50,0.30,0.53,0.58,0.53,0.40,0.45,0.40,0.50,0.40,0.57,0.46,0.50,0.25,,,,,,,,,,,,,,,,,,,,,,,,,,,,,,0.47,0.40,0.65,0.47,0.33,0.40,0.55,0.27,0.30,0.37,0.57,0.20,0.40,0.30,,0.20,0.45,0.40,0.47,0.50,0.53,0.43,0.40,0.45,0.90,0.35,0.25,0.37,0.20,0.37,1.00,0.43,0.40,0.47,0.40,0.40,0.30,0.58,0.48,0.50,0.97,0.60,0.45,0.50,0.50,0.33,0.45,0.27,1.02,0.27,0.67,1.20,0.55,0.75,0.60,0.60,1.00,0.53,0.55,0.76,0.85,0.68,0.85,0.65,0.66,0.70,0.55,0.43,0.50,0.75,0.40,0.30,0.75,0.53,0.74,0.93,0.57,1.00,0.40,0.70,0.90,0.60,0.87,0.90,1.10,0.50,0.57,0.40,0.60,0.45,0.35,0.73,0.73,0.90,0.80,0.90,0.73,0.90,0.90,0.80,0.83,0.60,0.50,0.77,0.95,0.70,0.50,0.45,0.65,0.55,0.30,,0.30,0.55,0.43,0.63,0.45,0.50,0.45,0.60,,0.80,0.35,0.40,0.50,0.70,0.50,0.50,0.40,0.45,0.55,0.50,0.80,0.35,0.50,0.30,0.35,0.30,0.70,,0.45,0.50,0.53,0.43,0.40,0.45,0.40,0.40,0.30,0.35,0.50,,0.25,,0.55,,0.35,0.50,0.40,0.20,0.30,0.40,0.30,0.30,0.40,0.35,0.35,0.35,0.20,0.45,0.25,0.55,0.15,0.50,0.30,0.50,0.40,,0.30,0.50,,,,0.70,,
20260406,4,AQI,23,23,51,24,24,63,38,22,27,23,38,48,49,47,24,33,27,41,44,56,73,66,59,55,76,90,73,88,85,87,74,88,78,68,38,60,61,78,55,52,33,73,62,50,61,45,47,29,55,54,105,83,36,28,32,30,30,30,37,37,34,61,65,50,49,59,55,35,40,79,63,53,77,63,42,47,26,34,18,30,15,18,43,56,42,61,57,47,62,39,35,69,51,49,26,39,66,39,43,45,24,31,26,25,51,37,50,66,39,100,21,86,93,68,23,22,43,27,20,39,39,25,38,70,79,51,101,106,97,97,106,58,39,36,54,54,34,73,50,53,32,61,69,51,33,69,61,43,46,35,68,71,83,64,95,34,22,67,32,40,,,,,,,,,,,,,,,,,,,,,,,,,,,,,,68,86,59,86,42,53,81,40,63,55,47,27,36,25,,14,27,21,26,24,18,49,36,28,26,94,53,26,39,20,27,22,16,33,50,38,24,82,74,94,66,64,53,65,67,111,63,84,57,65,41,31,33,20,47,40,34,43,53,20,43,37,46,58,112,103,76,105,105,61,95,69,50,62,73,55,55,96,49,46,66,39,49,47,59,29,51,44,49,41,66,54,54,61,50,105,64,100,74,91,45,48,55,70,57,53,59,53,47,56,28,,24,32,56,60,37,35,73,63,,73,46,55,28,78,46,37,66,57,104,30,56,49,32,22,38,36,30,,31,22,59,42,59,56,62,60,49,62,53,,70,,50,,62,57,52,59,58,52,30,41,75,87,63,37,19,41,81,83,78,98,134,60,52,28,46,60,,,,64,,
20260406,4,PM2.5,3,3,9,6,5,24,10,6,3,5,12,11,11,11,4,23,9,29,31,33,35,42,38,18,34,44,42,50,49,50,43,58,48,36,21,43,29,45,26,32,15,43,30,35,37,31,33,19,9,9,36,61,25,16,16,13,21,16,19,26,22,44,47,35,32,42,39,21,5,37,33,26,20,21,28,28,7,12,3,19,4,8,30,7,6,17,3,6,4,16,3,13,8,4,4,3,48,27,27,22,17,10,18,10,36,26,35,48,27,40,6,28,29,17,7,13,30,19,4,27,27,14,24,36,44,29,47,39,36,37,46,22,26,22,31,38,24,53,34,37,19,44,50,29,18,50,44,27,24,20,33,27,28,26,50,12,8,25,10,9,,,,,,,,,,,,,,,,,,,,,,,,,,,,,,35,44,42,17,5,12,39,7,13,13,9,7,17,8,,3,8,3,18,12,6,34,25,9,11,70,37,18,27,5,11,13,5,23,35,25,8,54,41,70,41,46,29,35,29,84,45,49,29,34,29,22,23,9,33,21,24,26,36,10,17,21,26,27,40,27,35,34,62,32,62,34,21,32,47,29,37,65,31,23,40,27,28,33,42,20,28,27,34,29,48,38,38,44,31,79,46,75,54,68,22,28,39,49,35,37,33,31,27,40,6,,10,21,40,43,17,20,53,45,,53,28,30,14,57,32,25,48,40,78,21,39,34,8,3,3,3,9,,3,3,39,17,24,21,32,28,29,25,19,,20,,19,,22,20,14,28,27,13,3,8,25,35,22,18,11,17,19,53,39,44,67,25,3,3,6,25,,,,46,,
20260406,4,PM2.5_24h,8,13,25,16,12,43,24,9,9,16,27,25,34,26,6,24,25,27,28,32,29,39,35,40,41,35,30,34,37,39,44,52,44,29,21,32,26,39,31,26,22,33,32,23,27,24,21,28,24,28,46,53,30,22,13,16,33,19,28,23,16,44,54,35,33,43,31,24,8,30,40,28,40,14,29,32,8,11,17,28,15,16,23,35,25,27,20,24,33,20,22,33,26,40,23,15,36,17,31,33,17,16,18,30,30,22,25,49,25,37,8,28,44,25,7,22,21,20,20,26,45,31,32,36,36,31,36,36,43,39,38,32,31,36,30,39,31,39,35,36,26,34,40,25,20,38,34,35,25,22,36,30,32,35,40,12,11,31,13,14,,,,,,,,,,,,,,,,,,,,,,,,,,,,,,35,32,26,24,10,25,35,19,29,23,27,14,21,9,,5,36,14,20,19,10,28,19,17,15,41,41,24,30,15,17,16,22,22,23,31,18,35,31,35,34,33,36,36,31,42,35,35,31,29,26,28,21,20,23,29,28,20,32,22,22,22,22,32,39,34,34,40,37,36,42,29,33,27,43,35,44,42,39,31,39,29,35,50,36,27,35,33,34,32,30,37,40,46,52,60,38,52,56,52,35,34,40,40,35,41,34,30,30,38,7,,12,22,30,33,22,29,36,38,,34,33,32,11,55,35,26,41,45,76,28,46,27,11,5,3,5,18,,2,6,36,34,28,28,27,30,22,24,29,,27,,27,,28,25,17,25,21,14,3,10,37,29,20,19,13,17,20,58,42,67,72,23,12,2,10,16,,,,43,,
20260406,4,PM10,9,11,51,18,14,75,38,11,27,13,38,48,49,47,8,33,27,33,40,62,95,82,68,59,101,130,95,126,120,123,97,126,105,85,38,51,71,105,60,53,33,95,73,49,72,45,44,29,60,58,159,102,36,28,32,30,29,30,37,35,34,50,61,45,49,63,53,35,9,108,76,55,104,75,42,47,11,34,18,30,15,13,,61,42,72,63,47,73,39,35,88,52,49,20,39,63,35,43,45,22,31,25,25,49,37,38,73,39,149,15,122,136,86,15,22,30,26,19,31,34,25,38,90,107,52,151,162,144,143,161,66,39,36,58,50,32,68,50,43,32,62,88,51,33,78,49,43,46,35,86,92,116,77,139,34,22,83,32,40,,,,,,,,,,,,,,,,,,,,,,,,,,,,,,85,122,53,122,42,56,111,40,75,60,47,27,36,18,,14,22,12,17,24,11,37,28,15,19,,37,13,36,20,27,22,11,25,46,38,19,113,98,125,81,66,55,79,84,127,68,117,64,80,28,26,30,18,32,40,34,43,55,20,43,37,46,66,174,156,102,160,159,71,140,88,50,74,96,59,59,142,49,46,82,37,49,42,45,23,52,44,48,38,53,55,55,63,50,88,70,115,83,84,45,48,49,89,63,49,68,55,47,50,28,,19,32,48,68,37,35,62,62,,62,46,59,20,98,33,37,61,63,89,30,61,39,12,6,7,8,16,,10,6,68,42,67,62,73,70,49,74,56,,89,,50,,74,64,53,68,66,53,6,33,100,123,76,37,13,41,111,116,105,146,217,70,53,7,46,70,,,,59,,
20260406,4,PM10_24h,24,37,133,57,44,141,72,29,40,46,71,105,147,154,15,41,44,35,40,64,111,90,111,106,123,120,113,105,98,113,112,117,112,77,40,47,68,88,69,45,37,82,82,45,81,34,29,55,115,69,147,96,69,35,23,26,39,30,44,32,25,63,65,49,58,95,48,37,18,107,112,70,184,49,65,70,28,59,34,42,25,32,29,113,128,143,85,93,126,63,84,110,114,99,55,72,55,23,50,58,18,24,25,48,50,32,32,74,40,133,33,101,144,135,24,34,34,33,36,33,64,38,44,110,116,63,120,174,139,132,147,106,69,65,78,68,42,57,56,46,44,75,80,43,35,84,77,73,40,38,107,87,122,110,119,33,36,176,47,56,,,,,,,,,,,,,,,,,,,,,,,,,,,,,,92,123,38,111,65,170,114,110,135,123,55,26,88,26,,13,125,34,27,34,32,48,36,30,35,45,48,31,41,34,28,30,40,35,34,40,27,107,98,117,93,65,88,93,96,113,83,114,79,99,31,37,34,25,31,55,59,44,67,36,47,51,49,75,160,130,133,142,132,114,131,99,73,86,105,72,87,114,63,78,90,51,66,72,49,40,59,68,61,49,43,54,58,65,70,72,53,75,74,75,73,87,72,80,105,67,80,60,66,63,23,,25,35,40,44,39,44,42,59,,43,49,55,20,98,41,39,53,63,95,36,76,38,19,10,17,19,26,,9,9,81,165,82,73,79,81,56,58,84,,87,,67,,79,74,44,65,57,40,11,40,161,92,74,53,31,40,98,204,128,190,300,73,58,12,39,54,,,,60,,
20260406,4,SO2,3,5,3,4,6,4,4,2,2,7,4,6,3,4,6,7,6,6,9,6,10,6,6,8,12,11,7,11,10,12,9,11,5,7,7,5,7,7,7,6,6,3,5,5,7,4,2,6,8,8,8,8,4,4,5,4,6,4,6,5,5,7,4,6,8,5,4,5,4,5,6,11,18,7,4,6,7,9,10,4,6,19,3,10,15,12,10,12,8,7,5,4,6,8,4,6,8,5,5,9,7,5,6,4,5,4,8,7,11,8,6,14,8,6,6,10,9,7,8,5,5,5,6,10,14,6,13,6,10,10,9,14,7,6,7,7,10,6,10,6,3,5,7,8,7,6,3,5,7,5,6,3,2,5,8,7,11,17,6,9,,,,,,,,,,,,,,,,,,,,,,,,,,,,,,10,3,3,11,5,12,10,9,5,14,5,6,8,5,,5,8,6,6,10,8,3,5,8,7,2,2,6,6,9,7,4,5,7,7,5,7,10,9,9,16,7,4,10,8,6,6,8,4,6,3,3,3,4,5,4,8,6,16,4,7,8,8,7,11,13,8,10,8,7,9,5,8,8,15,13,3,7,8,5,7,8,6,10,4,7,4,6,13,5,9,7,7,15,9,29,8,5,8,8,4,7,8,5,8,8,5,6,8,3,5,,5,3,5,9,4,10,5,3,,4,6,7,9,7,8,6,5,6,10,3,7,7,6,7,9,7,8,,8,7,7,43,7,8,6,12,10,6,7,,4,,7,,4,11,9,10,16,18,5,14,7,14,4,3,6,6,3,3,23,3,6,7,6,5,9,8,,,,9,,
20260406,4,SO2_24h,3,6,3,6,8,6,4,2,5,3,6,4,5,6,6,9,7,6,9,7,10,7,6,10,11,8,6,9,7,12,8,10,7,7,6,5,7,7,7,6,6,4,6,5,7,4,3,9,8,7,7,10,7,5,5,4,6,4,7,4,5,9,5,6,9,6,6,5,5,5,7,13,10,7,7,8,6,6,9,7,6,11,4,15,11,11,11,13,11,7,7,6,9,18,5,8,12,6,6,8,7,6,6,7,8,7,7,9,5,8,5,10,10,7,6,9,10,8,13,6,6,6,6,9,11,7,12,5,13,14,8,16,7,8,8,9,10,8,8,7,4,6,9,13,10,10,5,6,11,5,6,4,4,5,13,9,13,9,6,10,,,,,,,,,,,,,,,,,,,,,,,,,,,,,,9,2,6,5,4,12,10,7,8,12,7,5,9,5,,5,8,10,6,10,7,4,6,9,9,2,4,6,6,10,8,5,5,8,7,5,10,9,9,8,16,10,5,10,7,6,6,8,7,6,4,10,3,6,6,4,11,4,17,4,8,8,8,11,10,13,6,8,8,7,6,6,11,8,15,14,7,8,9,7,10,7,11,14,7,10,6,7,7,5,8,9,6,17,16,18,10,8,11,8,13,9,10,6,11,8,7,7,8,3,5,,6,7,5,12,5,11,5,3,,6,6,8,8,7,10,6,5,13,10,4,7,7,6,7,10,7,9,,8,6,6,11,9,8,12,14,10,6,8,,5,,8,,5,11,9,10,13,10,6,15,8,10,4,4,9,7,3,5,14,4,4,7,6,5,9,8,,,,8,,
20260406,4,NO2,6,11,10,4,4,18,11,6,9,4,15,22,10,19,2,16,12,10,13,21,50,37,32,13,23,52,31,29,31,48,16,31,18,31,11,21,17,41,19,15,12,35,18,9,35,11,16,9,19,14,14,51,8,20,11,4,19,3,14,25,14,35,6,4,18,13,10,6,4,53,35,14,34,21,10,11,6,21,13,9,17,17,9,17,19,21,20,15,10,22,11,13,7,14,13,12,25,10,15,6,9,5,7,4,21,9,15,30,14,24,7,20,18,52,3,15,18,17,15,8,7,11,7,47,58,20,24,24,24,12,14,15,21,17,15,10,10,21,16,10,4,24,15,23,14,8,15,10,6,10,30,16,27,12,25,29,18,23,4,14,,,,,,,,,,,,,,,,,,,,,,,,,,,,,,10,17,15,13,19,42,38,13,26,34,6,14,8,5,,12,3,7,11,7,13,12,7,8,8,7,9,9,8,8,7,5,7,15,10,10,3,39,20,16,29,36,10,10,10,15,23,24,19,17,7,9,6,4,12,8,6,12,17,8,9,8,4,13,20,12,26,19,26,12,25,13,17,8,16,17,9,24,17,6,23,16,8,7,5,8,14,5,13,16,22,23,13,20,10,21,14,7,14,15,35,15,12,18,22,9,28,9,20,7,2,,7,15,6,4,7,5,4,5,,8,5,9,6,15,7,5,6,12,11,6,12,8,5,5,1,4,2,,6,2,24,44,11,25,11,29,33,10,14,,7,,8,,15,3,1,1,4,3,3,2,31,28,23,11,17,13,11,46,22,19,12,20,12,2,9,28,,,,5,,
20260406,4,NO2_24h,10,17,12,10,15,17,19,5,9,8,22,19,15,11,2,19,19,11,23,20,29,26,30,17,25,30,22,19,19,27,26,22,18,27,14,19,19,26,21,16,21,32,25,12,18,13,16,18,17,16,20,38,14,23,13,14,28,18,27,20,12,40,9,8,24,23,12,8,10,35,26,12,16,22,14,16,6,12,16,11,17,18,13,22,17,19,21,19,20,20,18,17,13,29,15,18,21,11,11,11,8,8,10,16,22,12,15,41,11,19,6,12,19,24,6,14,15,14,18,9,13,15,11,36,32,32,23,16,25,17,21,28,25,28,24,14,16,18,8,13,7,16,16,15,16,12,13,22,10,9,30,21,26,18,33,10,14,11,15,10,,,,,,,,,,,,,,,,,,,,,,,,,,,,,,9,14,19,19,8,17,25,10,16,17,12,7,10,5,,8,5,12,11,10,12,11,10,11,13,10,12,9,11,11,12,8,19,14,10,14,6,23,16,19,25,26,12,16,15,19,16,18,21,17,9,13,10,7,13,14,11,14,17,13,15,10,7,17,17,17,20,18,18,22,18,12,18,12,15,20,16,18,14,9,20,21,12,14,8,11,15,12,13,11,21,15,10,20,17,13,11,11,11,13,31,19,16,30,40,16,39,12,20,13,5,,14,11,9,5,9,8,5,10,,6,6,15,8,13,7,7,6,9,15,8,13,12,8,6,3,5,11,,4,5,19,21,11,19,14,28,16,14,23,,10,,12,,15,6,2,3,7,4,10,4,15,17,20,16,22,21,12,27,14,29,14,19,9,4,14,21,,,,7,,
20260406,4,O3,72,74,67,78,76,64,68,70,44,75,67,57,74,52,78,61,67,69,56,84,20,44,56,106,72,30,55,54,43,38,87,56,81,26,101,67,72,32,64,79,105,38,54,79,29,82,56,81,78,91,87,11,64,30,32,52,25,56,29,16,29,7,73,76,28,54,37,98,127,19,37,56,42,64,66,74,83,51,57,68,47,58,59,81,59,80,58,79,110,72,74,91,101,95,82,71,16,64,34,55,33,40,52,44,19,55,49,8,83,61,67,65,55,31,75,55,65,56,64,77,70,75,60,16,13,60,74,60,63,75,94,43,5,51,46,28,14,2,24,26,64,12,51,60,63,71,46,33,49,87,35,54,16,45,51,40,66,32,95,86,,,,,,,,,,,,,,,,,,,,,,,,,,,,,,79,45,49,73,53,25,26,69,26,34,75,70,71,79,,34,87,66,64,58,58,59,65,88,84,66,74,70,59,59,47,65,51,58,68,62,77,32,59,87,36,18,21,77,85,80,31,44,51,50,77,45,79,65,80,61,80,78,60,49,67,76,73,70,63,95,58,80,54,72,58,67,34,52,35,41,61,19,46,26,36,1,51,68,63,15,26,58,71,19,7,37,61,27,36,37,32,27,20,23,18,26,63,56,38,37,2,27,18,59,48,,76,46,88,82,67,90,94,50,,37,87,96,91,80,82,98,113,69,66,91,50,36,101,71,121,116,96,,100,71,31,25,33,38,62,39,18,54,52,,78,,62,,42,68,79,88,102,62,95,132,26,29,29,80,60,67,62,20,72,65,67,38,29,88,75,34,,,,103,,
20260406,4,O3_24h,72,74,67,78,76,64,68,70,44,75,67,57,74,52,78,61,67,69,56,84,20,44,56,106,72,30,55,54,43,38,87,56,81,26,101,67,72,32,64,79,105,38,54,79,29,82,56,81,78,91,87,11,64,30,32,52,25,56,29,16,29,7,73,76,28,54,37,98,127,19,37,56,42,64,66,74,83,51,57,68,47,58,59,81,59,80,58,79,110,72,74,91,101,95,82,71,16,64,34,55,33,40,52,44,19,55,49,8,83,61,67,65,55,31,75,55,65,56,64,77,70,75,60,16,13,60,74,60,63,75,94,43,5,51,46,28,14,2,24,26,64,12,51,60,63,71,46,33,49,87,35,54,16,45,51,40,66,32,95,86,,,,,,,,,,,,,,,,,,,,,,,,,,,,,,79,45,49,73,53,25,26,69,26,34,75,70,71,79,,34,87,66,64,58,58,59,65,88,84,66,74,70,59,59,47,65,51,58,68,62,77,32,59,87,36,18,21,77,85,80,31,44,51,50,77,45,79,65,80,61,80,78,60,49,67,76,73,70,63,95,58,80,54,72,58,67,34,52,35,41,61,19,46,26,36,1,51,68,63,15,26,58,71,19,7,37,61,27,36,37,32,27,20,23,18,26,63,56,38,37,2,27,18,59,48,,76,46,88,82,67,90,94,50,,37,87,96,91,80,82,98,113,69,66,91,50,36,101,71,121,116,96,,100,71,31,25,33,38,62,39,18,54,52,,78,,62,,42,68,79,88,102,62,95,132,26,29,29,80,60,67,62,20,72,65,67,38,29,88,75,34,,,,103,,
20260406,4,O3_8h,,,,,,,,,,,,,,,,,,,,,,,,,,,,,,,,,,,,,,,,,,,,,,,120,,119,,,,,,,,,,,62,,,,,,,,,,,,,,,,,,,,,,,,,,,,,,,,,,,,,,,,,,,,,,,,,,,,,,,,,,,,,,,,,,,,,,,,,,,,,,,,,,,,,,,,,,,,,,,,,,,,,,,,,,,,,,,,,,,,,,,,,,,,,,,,,,,,,,,,,,,,,,,,,,,,,,,,,,,,,,,,,,,,,,,,,,,,,,,,,,,,,,,,,,,,,,,,,,,,,,,,,,,,,,,,,,,,,,,,,,,,,,,,,,,,,,,,,,,,,,,,,,,,,,,,,,,,,,,,,,,,,,,,,,,,,,,,,,,,,,,,,,,,,,,,,,,,,,,,,,,,,114,,,,,,,,,,,,,,
20260406,4,O3_8h_24h,,,,,,,,,,,,,,,,,,,,,,,,,,,,,,,,,,,,,,,,,,,,,,,,,,,,,,,,,,,,,,,,,,,,,,,,,,,,,,,,,,,,,,,,,,,,,,,,,,,,,,,,,,,,,,,,,,,,,,,,,,,,,,,,,,,,,,,,,,,,,,,,,,,,,,,,,,,,,,,,,,,,,,,,,,,,,,,,,,,,,,,,,,,,,,,,,,,,,,,,,,,,,,,,,,,,,,,,,,,,,,,,,,,,,,,,,,,,,,,,,,,,,,,,,,,,,,,,,,,,,,,,,,,,,,,,,,,,,,,,,,,,,,,,,,,,,,,,,,,,,,,,,,,,,,,,,,,,,,,,,,,,,,,,,,,,,,,,,,,,,,,,,,,,,,,,,,,,,,,,,,,,,,,,,,,,,,,
20260406,4,CO,0.25,0.33,0.22,0.24,0.20,0.37,0.23,0.30,0.20,0.20,0.30,0.30,0.27,0.32,0.28,0.53,0.34,0.44,0.44,0.56,1.01,0.86,0.66,0.50,0.54,0.72,0.80,0.79,0.72,0.78,0.66,0.80,0.50,0.64,0.54,0.53,0.46,0.85,0.57,0.50,0.55,0.63,0.40,0.55,0.73,0.45,0.50,0.60,0.49,0.51,0.50,1.06,0.57,0.76,0.56,0.43,0.63,0.30,0.50,0.80,0.73,0.87,0.67,0.58,0.61,0.53,0.57,0.48,0.27,0.52,0.53,0.85,0.44,0.38,0.38,0.52,0.33,0.38,0.42,0.38,0.27,0.40,0.70,0.29,0.52,0.60,0.36,0.47,0.44,0.38,0.28,0.47,0.35,0.54,0.23,0.43,1.20,0.70,0.63,0.67,0.65,0.40,0.55,0.57,0.85,0.70,0.80,0.85,0.63,0.70,0.40,0.70,0.47,0.44,0.28,1.08,0.90,1.06,0.40,0.60,0.45,0.43,0.23,0.93,0.90,0.62,0.61,0.35,0.62,0.80,0.52,0.40,0.50,0.57,0.88,1.05,0.50,0.97,0.77,0.76,0.45,0.68,0.73,0.83,0.70,0.53,0.57,0.20,0.65,0.60,0.50,0.35,0.50,0.34,0.50,0.40,0.43,0.66,0.42,0.25,,,,,,,,,,,,,,,,,,,,,,,,,,,,,,0.52,0.40,0.65,0.67,0.30,0.30,1.17,0.30,0.33,0.60,0.40,0.20,0.40,0.30,,0.20,0.50,0.30,0.57,0.35,0.47,0.37,0.40,0.40,0.80,0.40,0.20,0.33,0.20,0.30,0.30,0.40,0.30,0.53,0.45,0.30,0.30,0.75,0.52,0.65,1.27,0.67,0.45,0.45,0.50,0.60,0.53,0.27,0.83,0.30,0.70,0.87,0.45,0.75,0.55,0.43,0.77,0.47,0.55,0.80,0.95,0.63,0.88,0.55,0.66,0.65,0.65,0.43,0.60,0.55,0.60,0.30,0.83,0.57,0.88,0.73,0.43,1.20,0.70,0.70,0.90,0.65,0.85,0.90,1.10,0.60,0.63,0.30,0.60,0.50,0.45,0.70,0.68,0.90,0.70,1.30,0.73,0.90,0.85,0.80,0.63,0.50,0.53,0.68,0.75,0.67,0.45,0.45,0.65,0.55,0.30,,0.30,0.60,0.53,0.73,0.40,0.45,0.55,0.70,,0.95,0.40,0.40,0.45,0.80,0.55,0.50,0.40,0.50,0.55,0.45,0.90,0.40,0.40,0.30,0.25,0.35,0.40,,0.45,0.60,0.57,0.57,0.40,0.45,0.65,0.40,0.40,0.30,0.40,,0.25,,0.50,,0.40,0.50,0.40,0.10,0.30,0.30,0.30,0.30,0.43,0.40,0.50,0.45,0.30,0.50,0.20,0.90,0.15,0.35,0.35,0.50,0.70,,0.30,0.80,,,,0.70,,
20260406,4,CO_24h,0.28,0.44,0.38,0.43,0.35,0.43,0.24,0.30,0.25,0.30,0.35,0.30,0.40,0.37,0.28,0.68,0.50,0.45,0.67,0.58,0.98,0.74,0.67,0.60,0.58,0.70,0.73,0.69,0.66,0.80,0.74,0.84,0.52,0.63,0.54,0.47,0.46,0.83,0.60,0.50,0.60,0.63,0.50,0.50,0.66,0.45,0.47,0.70,0.50,0.59,0.50,1.06,0.66,0.82,0.66,0.57,0.73,0.50,0.67,0.80,0.68,0.83,0.70,0.55,0.62,0.51,0.40,0.49,0.30,0.51,0.47,0.70,0.36,0.35,0.52,0.62,0.33,0.28,0.54,0.47,0.30,0.45,0.63,0.40,0.50,0.57,0.38,0.52,0.66,0.40,0.42,0.55,0.40,0.96,0.37,0.60,0.90,0.77,0.70,0.80,0.60,0.55,0.55,0.77,0.80,0.70,0.87,0.85,0.40,0.60,0.34,0.42,0.73,0.40,0.34,0.80,0.60,0.82,0.46,0.62,0.44,0.50,0.30,0.70,0.77,0.76,0.50,0.33,0.68,0.70,0.45,0.50,0.53,0.73,0.82,1.10,0.60,0.80,0.73,0.80,0.55,0.57,0.70,0.90,0.73,0.57,0.50,0.30,0.53,0.58,0.53,0.40,0.45,0.40,0.50,0.40,0.57,0.48,0.50,0.25,,,,,,,,,,,,,,,,,,,,,,,,,,,,,,0.47,0.40,0.65,0.47,0.37,0.35,0.57,0.30,0.30,0.40,0.57,0.20,0.40,0.30,,0.20,0.45,0.40,0.47,0.50,0.53,0.43,0.40,0.45,0.90,0.35,0.25,0.37,0.20,0.37,0.97,0.43,0.40,0.47,0.40,0.40,0.30,0.58,0.50,0.50,0.95,0.60,0.45,0.50,0.50,0.33,0.45,0.27,1.05,0.27,0.67,1.20,0.55,0.75,0.60,0.60,1.03,0.53,0.60,0.76,0.85,0.68,0.85,0.65,0.66,0.70,0.55,0.43,0.50,0.75,0.43,0.30,0.72,0.53,0.74,0.93,0.57,1.00,0.43,0.70,0.90,0.60,0.87,0.90,1.10,0.50,0.57,0.40,0.60,0.45,0.40,0.73,0.73,0.90,0.80,0.90,0.73,0.90,0.90,0.80,0.83,0.60,0.50,0.77,0.95,0.70,0.50,0.45,0.65,0.55,0.30,,0.30,0.55,0.43,0.63,0.45,0.50,0.45,0.60,,0.80,0.35,0.40,0.50,0.70,0.50,0.50,0.40,0.45,0.55,0.50,0.80,0.35,0.50,0.30,0.35,0.35,0.60,,0.45,0.55,0.53,0.47,0.40,0.45,0.40,0.40,0.30,0.35,0.45,,0.20,,0.55,,0.35,0.50,0.40,0.20,0.30,0.40,0.30,0.30,0.37,0.35,0.35,0.35,0.20,0.50,0.25,0.55,0.15,0.50,0.35,0.50,0.40,,0.30,0.50,,,,0.70,,
20260406,5,AQI,23,22,52,25,24,58,32,21,19,20,38,44,51,49,24,32,24,44,44,57,73,65,60,50,70,90,72,89,81,84,70,80,68,66,35,61,59,77,54,52,31,70,60,47,60,39,38,28,55,40,104,83,33,28,31,29,31,30,34,37,33,56,63,50,48,60,56,32,39,79,69,54,78,59,37,42,25,31,17,30,15,17,37,55,43,58,54,43,57,34,37,62,45,52,25,32,63,37,40,44,26,29,32,29,53,39,51,66,44,92,19,81,90,67,22,22,43,33,18,43,39,27,33,68,74,44,101,90,97,96,104,55,37,37,55,51,33,73,48,54,25,60,63,47,32,59,64,34,37,32,67,83,80,63,99,46,47,68,30,36,,,,,,,,,,,,,,,,,,,,,,,,,,,,,,63,87,53,83,30,53,81,37,61,55,45,23,34,23,,11,28,21,23,19,16,44,36,27,25,108,34,26,41,21,23,22,15,37,53,39,23,85,73,82,64,65,51,62,64,88,65,83,57,64,39,27,31,21,47,44,35,46,52,16,39,40,51,55,110,97,70,104,103,58,94,79,52,61,74,55,52,92,50,45,65,46,49,53,53,26,52,48,44,39,60,53,59,63,48,104,61,99,73,98,49,38,58,66,60,47,59,52,45,51,25,,25,32,55,65,35,35,75,56,,73,41,37,29,81,43,36,64,58,100,33,56,39,32,21,37,34,37,,30,23,57,52,58,56,60,61,46,54,59,,72,,52,,62,61,39,56,61,47,31,51,78,84,64,37,28,38,76,89,80,87,135,58,51,28,47,62,,,,64,,
20260406,5,PM2.5,3,3,11,5,3,25,8,7,8,4,11,9,14,13,4,21,7,31,31,36,36,41,39,14,23,48,38,52,45,52,44,58,37,34,18,44,29,45,26,34,13,42,30,33,34,27,26,19,10,4,37,61,23,16,16,12,22,16,16,26,19,40,45,35,32,43,40,21,5,36,33,28,23,16,26,26,7,9,3,18,6,11,26,8,8,19,3,5,4,15,3,8,7,6,4,3,45,26,28,22,18,10,20,11,37,27,36,48,27,44,6,30,27,15,7,13,30,23,9,30,27,19,23,35,46,30,46,36,43,34,41,20,25,25,31,36,23,53,32,38,17,43,42,29,17,42,46,24,23,21,37,30,26,25,42,18,9,23,12,10,,,,,,,,,,,,,,,,,,,,,,,,,,,,,,34,54,37,17,6,13,36,9,13,13,7,3,5,6,,3,5,3,16,3,3,31,25,11,12,81,24,18,29,15,13,15,6,26,37,24,6,63,44,50,37,47,26,36,29,65,46,52,30,33,27,19,22,5,33,23,24,27,35,10,12,22,28,28,44,33,29,35,43,33,70,34,24,32,47,26,31,62,31,28,41,32,31,37,37,18,28,33,31,27,43,37,42,45,32,78,44,74,53,73,23,22,41,48,33,33,34,31,26,36,7,,6,22,39,47,18,18,55,39,,53,25,22,13,60,30,22,46,41,75,22,24,27,5,3,3,3,14,,3,3,38,20,26,22,27,26,27,28,20,,21,,17,,27,17,16,30,26,16,3,7,26,38,23,12,8,21,21,48,44,39,62,26,3,3,9,23,,,,46,,
20260406,5,PM2.5_24h,7,12,25,14,10,43,22,8,8,14,26,25,34,25,5,24,24,27,28,32,28,39,34,39,40,34,30,34,36,39,43,52,43,29,21,33,27,39,30,27,20,33,32,24,27,25,21,28,24,28,46,54,30,22,13,15,32,18,27,23,16,44,54,35,33,42,32,23,8,30,39,28,38,15,29,32,8,11,16,28,15,15,23,33,24,27,19,23,32,20,21,32,26,39,23,14,37,18,31,33,17,16,18,29,31,22,25,50,25,38,8,29,44,24,7,21,21,20,19,26,45,30,31,36,36,31,36,36,43,39,38,32,31,36,31,39,31,40,35,36,26,34,41,25,20,39,34,34,25,22,35,30,32,35,40,13,11,29,13,14,,,,,,,,,,,,,,,,,,,,,,,,,,,,,,35,34,27,24,9,24,35,17,28,22,26,13,20,9,,5,33,13,19,19,9,29,19,16,15,42,41,24,29,15,16,17,21,21,24,30,16,36,31,35,34,34,36,35,31,43,36,36,31,29,26,27,22,20,24,29,27,20,32,22,21,22,23,32,40,34,34,40,37,36,44,30,33,27,43,35,44,42,39,31,39,29,35,50,37,27,35,33,34,32,31,38,39,47,52,62,39,54,56,54,34,34,40,40,35,41,34,30,30,38,7,,12,22,31,34,22,29,38,39,,36,32,32,12,55,35,26,41,45,76,28,45,27,11,5,3,5,18,,2,6,36,33,28,28,27,30,22,23,28,,26,,26,,28,25,17,26,21,14,3,10,36,30,18,19,13,18,20,58,42,66,71,23,12,2,10,15,,,,43,,
20260406,5,PM10,9,12,53,13,18,65,32,12,19,11,38,44,51,49,8,32,24,,40,63,96,80,69,50,90,129,94,127,112,117,90,110,86,81,35,51,67,104,58,54,29,90,70,45,69,31,38,28,60,40,158,100,30,28,31,29,31,30,34,36,33,48,59,45,48,64,53,32,9,107,87,57,106,67,37,42,10,31,17,30,15,17,,59,43,65,57,43,63,34,37,74,45,53,19,32,58,37,40,44,20,29,32,29,50,,44,71,44,134,13,112,129,83,21,22,40,28,18,33,34,24,32,86,98,44,151,130,143,141,158,60,37,37,60,47,31,72,48,45,25,62,75,47,32,65,49,32,37,32,83,116,109,75,147,46,47,85,30,36,,,,,,,,,,,,,,,,,,,,,,,,,,,,,,75,124,45,116,30,56,112,37,72,59,45,23,34,18,,11,28,10,22,19,14,36,33,21,21,,32,26,32,19,23,22,8,29,44,39,14,105,96,114,78,66,51,73,78,111,79,115,64,78,,26,31,12,,44,35,46,53,16,39,40,51,60,170,143,89,158,156,66,135,107,54,72,97,59,54,134,50,45,80,42,49,41,37,21,53,48,39,38,54,50,66,62,48,85,63,134,73,88,49,38,52,82,70,41,67,53,45,52,25,,17,32,45,71,35,35,66,62,,58,41,37,24,94,33,36,62,64,91,33,62,38,13,6,8,10,15,,13,6,64,54,66,61,69,72,46,58,68,,93,,54,,74,71,39,61,71,47,6,51,106,118,77,37,28,38,102,127,110,123,219,65,51,8,47,74,,,,59,,
20260406,5,PM10_24h,21,35,131,55,43,140,69,24,37,44,70,103,146,151,14,40,44,35,40,64,111,90,110,106,123,120,113,106,99,114,112,119,112,77,39,48,69,89,68,46,36,83,82,46,81,34,30,54,114,69,149,97,67,34,23,25,39,30,43,31,25,64,65,49,57,93,49,37,17,106,108,69,181,50,63,68,26,55,34,42,25,32,29,112,126,142,84,91,125,63,82,110,112,99,56,71,56,24,50,58,18,24,25,47,51,32,33,75,40,135,30,103,144,134,23,34,34,32,35,33,63,37,43,109,116,62,122,175,141,134,148,104,67,64,77,67,41,58,56,46,42,73,81,43,36,84,74,69,40,37,105,88,123,109,120,34,36,163,46,54,,,,,,,,,,,,,,,,,,,,,,,,,,,,,,91,124,38,113,57,171,114,97,135,112,54,25,83,25,,14,116,33,26,32,31,49,36,30,34,47,48,31,40,33,26,30,38,33,34,39,25,108,99,117,92,66,88,93,96,114,84,115,79,99,32,37,33,24,32,56,58,44,68,35,46,51,50,76,163,132,133,143,134,113,133,99,73,86,104,72,86,115,64,78,89,50,66,70,48,38,58,66,59,49,44,54,58,66,70,73,55,78,75,77,72,84,72,81,104,65,79,60,64,63,23,,25,35,41,45,39,44,43,61,,45,49,55,20,97,41,39,54,62,96,36,76,38,19,10,16,19,26,,9,9,81,155,82,72,76,82,55,57,81,,84,,68,,79,75,44,66,58,40,11,41,160,94,70,52,32,41,99,206,126,186,298,72,58,12,40,53,,,,60,,
20260406,5,SO2,3,5,3,3,6,6,3,3,2,7,5,5,4,5,6,9,6,6,8,6,10,6,5,8,12,9,7,11,9,12,9,9,5,7,7,5,7,7,7,6,5,4,5,4,7,4,1,7,9,7,8,8,4,4,5,4,6,4,6,4,4,8,4,6,8,4,4,5,4,6,9,10,18,8,4,5,10,8,10,5,6,15,3,11,16,15,10,13,9,6,5,3,7,9,3,6,8,6,5,7,7,6,6,5,5,3,8,6,11,8,7,13,11,6,6,13,10,7,16,10,5,4,6,10,14,6,12,6,12,9,10,14,6,6,7,7,10,7,10,6,3,5,7,9,8,9,3,5,8,6,7,4,2,5,11,8,10,10,6,10,,,,,,,,,,,,,,,,,,,,,,,,,,,,,,10,3,3,17,4,10,9,6,5,18,6,6,8,4,,4,8,6,7,10,7,4,5,7,6,1,2,7,6,9,7,4,5,7,8,5,7,8,10,13,14,6,4,9,8,7,6,9,5,6,3,4,3,4,5,4,8,9,30,4,6,8,9,9,12,13,7,10,8,7,8,5,8,8,14,10,4,8,8,5,6,7,6,10,3,7,4,7,5,4,10,7,8,16,12,21,8,6,9,8,4,7,8,6,8,7,6,6,8,2,5,,5,4,5,9,5,9,5,4,,4,6,8,8,7,9,5,6,6,10,3,6,7,6,7,9,7,6,,9,6,6,70,6,8,5,13,10,6,7,,4,,7,,3,10,9,9,18,16,5,16,6,12,3,3,6,6,2,3,20,3,5,8,5,5,9,8,,,,10,,
20260406,5,SO2_24h,3,6,3,6,8,6,4,2,5,3,6,4,5,5,6,9,7,6,9,7,10,7,6,10,11,9,6,9,7,12,9,10,7,7,6,5,7,7,7,6,6,4,6,5,7,4,3,9,8,7,7,10,6,5,5,4,6,4,7,4,5,9,5,6,9,6,6,5,5,5,7,13,10,7,7,8,6,6,9,6,6,11,4,15,11,11,11,13,11,7,7,6,9,18,5,8,12,6,6,8,7,6,6,7,8,6,7,9,6,8,5,10,10,7,6,9,10,8,13,6,6,6,6,9,11,7,12,5,13,14,8,16,7,8,8,9,10,8,8,7,4,6,9,13,10,10,4,6,11,5,6,4,4,5,14,9,13,9,6,10,,,,,,,,,,,,,,,,,,,,,,,,,,,,,,9,2,6,6,4,12,10,7,8,12,7,5,9,5,,5,8,9,6,9,7,4,6,8,9,2,4,7,6,10,8,5,5,8,7,5,10,9,9,8,16,10,5,10,8,6,6,8,7,6,4,10,3,6,6,4,11,4,18,4,8,8,8,10,10,13,6,8,8,7,6,6,11,8,15,14,7,8,9,7,10,7,11,14,7,10,5,7,7,5,8,9,6,17,15,18,10,8,10,8,12,9,10,6,11,8,6,7,8,3,5,,6,7,5,12,5,11,5,3,,5,6,8,8,7,10,6,5,13,10,4,7,7,6,7,10,7,8,,8,6,6,14,8,8,12,14,10,6,8,,5,,8,,5,11,9,10,14,10,6,15,7,10,4,4,9,7,3,5,13,4,4,8,6,5,9,8,,,,8,,
20260406,5,NO2,7,13,14,4,4,17,10,6,12,12,15,25,12,21,3,17,11,11,14,21,46,40,32,12,21,57,31,31,28,44,14,14,17,33,12,25,16,42,20,16,16,20,30,9,33,11,17,8,21,9,13,55,8,22,12,4,18,2,13,26,14,32,6,4,17,15,10,6,4,45,32,9,43,17,10,9,8,25,17,10,19,22,9,20,21,27,20,17,11,25,14,13,8,14,12,13,25,10,14,6,10,4,8,3,21,8,14,30,13,23,6,26,17,53,5,20,19,17,23,8,7,15,7,41,49,20,24,22,25,13,14,20,21,21,20,8,8,21,17,11,4,22,10,21,12,6,15,9,6,10,29,15,21,10,22,32,30,19,4,12,,,,,,,,,,,,,,,,,,,,,,,,,,,,,,10,19,13,16,8,35,38,7,28,33,7,14,6,9,,12,3,7,15,3,16,12,6,9,8,6,6,11,8,9,8,6,11,13,12,10,4,42,26,16,24,38,8,14,10,13,30,20,23,17,7,7,5,3,8,6,7,14,13,5,8,10,4,14,26,13,23,19,19,13,17,14,13,11,18,21,10,23,19,3,25,15,7,10,3,9,16,6,8,12,27,20,13,24,11,18,13,6,15,16,27,13,12,20,23,8,28,8,18,6,3,,5,14,8,4,7,5,4,5,,7,5,8,6,17,7,8,8,10,11,7,12,9,5,5,1,4,1,,10,3,20,56,16,19,12,28,27,11,13,,8,,7,,18,2,1,1,3,4,2,2,28,25,20,10,21,12,10,31,25,11,9,28,12,2,12,33,,,,5,,
20260406,5,NO2_24h,9,16,12,9,14,17,18,5,9,8,21,19,15,11,2,18,18,11,22,20,29,26,30,17,25,31,22,20,19,28,25,22,17,28,14,19,19,27,21,15,21,32,25,11,19,13,16,17,17,16,19,39,13,22,12,13,27,17,26,20,12,39,8,8,24,22,12,8,9,35,25,12,17,21,14,15,6,12,16,10,17,18,12,21,17,19,21,19,20,21,18,17,13,28,14,17,21,11,11,10,8,8,10,15,22,10,15,41,11,19,6,13,18,25,6,15,15,14,18,9,13,15,11,36,33,32,23,16,25,17,21,27,25,27,24,13,16,18,9,12,7,17,16,15,16,12,12,22,9,9,30,20,26,17,33,12,14,12,14,10,,,,,,,,,,,,,,,,,,,,,,,,,,,,,,9,14,18,19,8,17,25,10,16,18,12,7,10,5,,8,5,12,11,10,12,11,10,11,13,10,12,9,11,11,11,8,18,13,10,14,6,24,16,18,25,26,12,15,15,19,17,18,21,17,9,13,9,7,13,13,10,14,16,12,14,10,6,16,17,17,20,18,18,22,18,11,18,12,14,21,16,18,14,9,20,20,11,14,8,11,15,11,13,11,21,15,10,20,17,13,12,10,11,13,31,19,16,30,39,16,39,12,20,12,5,,13,11,9,5,9,8,5,10,,6,6,14,8,13,7,7,7,9,15,8,13,12,8,6,3,5,11,,4,5,18,22,11,19,13,28,17,14,23,,10,,11,,15,6,2,3,7,4,10,4,16,18,20,16,23,21,12,27,15,28,13,20,9,4,14,19,,,,7,,
20260406,5,O3,72,70,63,79,76,65,68,68,40,65,66,48,68,47,77,56,66,66,54,80,22,36,45,106,71,18,49,45,43,34,97,94,78,24,96,56,73,29,61,69,100,45,41,69,31,80,50,78,71,93,87,7,62,26,31,51,23,56,29,13,27,9,70,77,27,43,34,97,124,23,35,57,34,66,69,74,80,44,53,63,44,47,55,78,54,66,58,73,106,67,69,93,95,93,79,72,13,58,38,54,33,39,48,49,17,60,45,9,82,60,62,55,55,36,71,47,60,53,54,74,70,69,60,21,20,59,65,57,58,66,92,35,3,44,37,31,17,2,21,21,60,9,60,54,65,69,40,43,49,85,37,55,19,48,54,32,40,32,86,88,,,,,,,,,,,,,,,,,,,,,,,,,,,,,,80,39,50,68,54,31,20,60,27,34,67,70,73,74,,31,88,66,54,57,51,56,66,86,80,67,74,62,58,55,43,62,47,59,70,59,74,22,45,87,37,14,25,61,84,85,29,39,43,45,72,49,77,67,79,65,77,74,66,51,72,68,72,66,50,88,62,75,65,62,72,60,36,46,31,35,58,22,40,27,20,1,48,61,65,14,23,57,67,18,5,41,56,22,36,29,29,27,18,25,22,40,60,60,34,39,2,22,18,63,58,,80,46,75,77,57,90,93,48,,36,87,97,94,73,79,80,112,71,64,88,50,31,102,67,119,108,119,,97,72,30,13,24,41,55,37,23,54,51,,79,,55,,37,74,74,86,103,56,99,132,23,26,35,74,50,67,61,27,62,73,71,25,30,90,68,33,,,,104,,
20260406,5,O3_24h,72,70,63,79,76,65,68,68,40,65,66,48,68,47,77,56,66,66,54,80,22,36,45,106,71,18,49,45,43,34,97,94,78,24,96,56,73,29,61,69,100,45,41,69,31,80,50,78,71,93,87,7,62,26,31,51,23,56,29,13,27,9,70,77,27,43,34,97,124,23,35,57,34,66,69,74,80,44,53,63,44,47,55,78,54,66,58,73,106,67,69,93,95,93,79,72,13,58,38,54,33,39,48,49,17,60,45,9,82,60,62,55,55,36,71,47,60,53,54,74,70,69,60,21,20,59,65,57,58,66,92,35,3,44,37,31,17,2,21,21,60,9,60,54,65,69,40,43,49,85,37,55,19,48,54,32,40,32,86,88,,,,,,,,,,,,,,,,,,,,,,,,,,,,,,80,39,50,68,54,31,20,60,27,34,67,70,73,74,,31,88,66,54,57,51,56,66,86,80,67,74,62,58,55,43,62,47,59,70,59,74,22,45,87,37,14,25,61,84,85,29,39,43,45,72,49,77,67,79,65,77,74,66,51,72,68,72,66,50,88,62,75,65,62,72,60,36,46,31,35,58,22,40,27,20,1,48,61,65,14,23,57,67,18,5,41,56,22,36,29,29,27,18,25,22,40,60,60,34,39,2,22,18,63,58,,80,46,75,77,57,90,93,48,,36,87,97,94,73,79,80,112,71,64,88,50,31,102,67,119,108,119,,97,72,30,13,24,41,55,37,23,54,51,,79,,55,,37,74,74,86,103,56,99,132,23,26,35,74,50,67,61,27,62,73,71,25,30,90,68,33,,,,104,,
20260406,5,O3_8h,,,,,,,,,,,,,,,,,,,,,,,,,,,,,,,,,,,,,,,,,,,,,,,120,,119,,,,,,,,44,,,62,,,,,,,,,,,,,,,,,,,,,,,,,,,,,,,,,,,,,,,,,,,,,,,,,,,,,,,,,,,,,,,,,,,,,,,,,,,,,,,,,,,,,,,,,,,,,,,,,,,,,,,,,,,,,,,,,,,,,,,,,,,,,,,,,,,,,,,,,,,,,,,,,,,,,,,,,,,,,,,,,,,,,,,,,,,,,,,,,,,,,,,,,,,,,,,,,,,,,,,,,,,,,,,,,,,,,,,,,,,,,,,,,,,,,,,,,,,,,,,,,,,,,,,,,,,,,,,,,,,,,,,,,,,,,,,,,,,,,,,,,,,,,,,,,,,,,,,,,,,,,114,,,,,,,,,,,,,,
20260406,5,O3_8h_24h,,,,,,,,,,,,,,,,,,,,,,,,,,,,,,,,,,,,,,,,,,,,,,,,,,,,,,,,,,,,,,,,,,,,,,,,,,,,,,,,,,,,,,,,,,,,,,,,,,,,,,,,,,,,,,,,,,,,,,,,,,,,,,,,,,,,,,,,,,,,,,,,,,,,,,,,,,,,,,,,,,,,,,,,,,,,,,,,,,,,,,,,,,,,,,,,,,,,,,,,,,,,,,,,,,,,,,,,,,,,,,,,,,,,,,,,,,,,,,,,,,,,,,,,,,,,,,,,,,,,,,,,,,,,,,,,,,,,,,,,,,,,,,,,,,,,,,,,,,,,,,,,,,,,,,,,,,,,,,,,,,,,,,,,,,,,,,,,,,,,,,,,,,,,,,,,,,,,,,,,,,,,,,,,,,,,,,,
20260406,5,CO,0.25,0.29,0.22,0.23,0.20,0.40,0.23,0.30,0.20,0.20,0.38,0.30,0.30,0.35,0.28,0.51,0.36,0.44,0.43,0.58,0.94,0.86,0.70,0.47,0.44,0.80,0.81,0.83,0.72,0.87,0.64,0.72,0.45,0.65,0.51,0.53,0.46,0.88,0.63,0.50,0.60,0.70,0.40,0.55,0.72,0.45,0.50,0.58,0.51,0.44,0.50,1.07,0.57,0.74,0.56,0.43,0.60,0.30,0.43,0.80,0.68,0.80,0.63,0.60,0.60,0.54,0.57,0.48,0.27,0.49,0.67,0.80,0.50,0.37,0.38,0.48,0.44,0.36,0.44,0.50,0.37,0.43,0.67,0.30,0.52,0.70,0.34,0.42,0.46,0.38,0.28,0.40,0.42,0.54,0.27,0.38,1.17,0.70,0.60,0.67,0.65,0.40,0.55,0.50,0.85,0.60,0.80,0.90,0.57,0.80,0.43,0.75,0.50,0.42,0.28,1.40,0.83,1.04,0.40,0.65,0.38,0.43,0.23,0.93,1.00,0.62,0.59,0.38,0.70,0.87,0.53,0.40,0.45,0.60,0.90,1.05,0.50,1.00,0.80,0.77,0.45,0.70,0.73,0.82,0.63,0.53,0.60,0.20,0.70,0.60,0.50,0.35,0.45,0.34,0.50,0.40,0.40,0.58,0.44,0.25,,,,,,,,,,,,,,,,,,,,,,,,,,,,,,0.53,0.40,0.65,1.17,0.30,0.30,1.05,0.27,0.33,0.60,0.47,0.20,0.40,0.30,,0.20,0.50,0.30,0.90,0.35,0.50,0.37,0.40,0.25,0.80,0.40,0.25,0.33,0.20,0.30,0.30,0.33,0.30,0.53,0.45,0.30,0.30,0.63,0.56,0.80,1.07,0.67,0.45,0.50,0.50,0.63,0.50,0.30,0.95,0.33,0.70,0.90,0.45,0.70,0.55,0.43,0.73,0.47,0.60,0.78,0.95,0.65,0.88,0.60,0.74,0.73,0.60,0.43,0.56,0.53,0.77,0.30,0.80,0.57,0.88,0.80,0.45,1.00,0.67,0.70,0.90,0.65,0.90,1.00,1.00,0.70,0.67,0.30,0.55,0.50,0.45,0.77,0.75,0.93,0.70,1.20,0.73,1.00,0.85,0.90,0.67,0.50,0.53,0.57,0.70,0.65,0.47,0.45,0.65,0.55,0.30,,0.30,0.60,0.57,0.73,0.35,0.45,0.55,0.70,,0.90,0.40,0.40,0.45,0.80,0.55,0.50,0.40,0.50,0.55,0.45,0.90,0.40,0.40,0.30,0.25,0.35,0.40,,0.50,0.60,0.53,0.63,0.40,0.45,0.65,0.40,0.50,0.35,0.40,,0.25,,0.50,,0.35,0.50,0.40,0.10,0.30,0.30,0.30,0.30,0.47,0.40,0.45,0.40,0.15,0.55,0.20,0.70,0.15,0.35,0.30,0.70,1.20,,0.35,0.80,,,,0.70,,
20260406,5,CO_24h,0.26,0.42,0.38,0.40,0.35,0.43,0.24,0.30,0.25,0.30,0.35,0.30,0.38,0.35,0.28,0.64,0.50,0.44,0.64,0.58,0.99,0.76,0.67,0.61,0.58,0.70,0.73,0.69,0.64,0.77,0.74,0.84,0.52,0.63,0.53,0.47,0.46,0.83,0.60,0.50,0.60,0.60,0.50,0.50,0.66,0.45,0.47,0.68,0.49,0.59,0.50,1.06,0.66,0.82,0.66,0.57,0.73,0.50,0.63,0.80,0.68,0.83,0.69,0.55,0.62,0.51,0.43,0.49,0.30,0.50,0.47,0.70,0.36,0.35,0.52,0.62,0.33,0.28,0.54,0.50,0.30,0.45,0.63,0.40,0.50,0.57,0.36,0.52,0.64,0.40,0.40,0.55,0.40,0.94,0.37,0.58,0.93,0.80,0.70,0.80,0.60,0.50,0.55,0.77,0.85,0.60,0.87,0.85,0.40,0.60,0.34,0.43,0.73,0.40,0.34,0.84,0.62,0.80,0.46,0.62,0.44,0.50,0.30,0.72,0.77,0.76,0.49,0.33,0.68,0.70,0.45,0.50,0.53,0.73,0.82,1.13,0.60,0.80,0.73,0.80,0.50,0.57,0.73,0.90,0.73,0.57,0.53,0.30,0.55,0.58,0.53,0.40,0.45,0.40,0.50,0.40,0.57,0.50,0.50,0.25,,,,,,,,,,,,,,,,,,,,,,,,,,,,,,0.50,0.40,0.65,0.50,0.33,0.35,0.60,0.30,0.30,0.40,0.57,0.20,0.40,0.30,,0.20,0.45,0.40,0.50,0.45,0.53,0.43,0.40,0.45,0.90,0.35,0.25,0.37,0.20,0.37,0.87,0.43,0.40,0.47,0.40,0.40,0.30,0.58,0.50,0.50,0.93,0.60,0.45,0.50,0.52,0.37,0.45,0.27,1.08,0.27,0.67,1.23,0.55,0.75,0.60,0.57,1.00,0.53,0.55,0.76,0.85,0.68,0.85,0.60,0.66,0.70,0.55,0.43,0.50,0.75,0.43,0.30,0.72,0.53,0.74,0.93,0.57,1.00,0.43,0.70,0.90,0.60,0.87,0.90,1.10,0.55,0.57,0.40,0.60,0.45,0.40,0.73,0.73,0.90,0.80,1.00,0.77,0.90,0.90,0.80,0.83,0.60,0.50,0.77,0.90,0.70,0.50,0.45,0.65,0.55,0.30,,0.30,0.55,0.47,0.63,0.45,0.50,0.50,0.65,,0.80,0.35,0.40,0.50,0.70,0.50,0.50,0.40,0.45,0.55,0.50,0.80,0.40,0.50,0.30,0.35,0.35,0.60,,0.45,0.60,0.53,0.47,0.40,0.45,0.45,0.40,0.30,0.30,0.45,,0.25,,0.50,,0.35,0.50,0.40,0.20,0.30,0.40,0.30,0.30,0.37,0.35,0.35,0.35,0.20,0.50,0.25,0.55,0.15,0.50,0.35,0.50,0.40,,0.30,0.50,,,,0.70,,
20260406,6,AQI,21,22,52,23,23,53,30,19,12,19,31,43,53,49,23,25,22,44,41,55,73,64,60,44,68,89,76,87,80,84,75,81,66,64,32,59,58,78,55,51,30,69,60,46,60,36,31,32,56,38,103,83,31,28,31,30,30,29,35,37,31,53,60,50,45,58,55,34,38,79,68,51,80,56,35,38,24,31,18,24,18,24,39,54,47,59,39,45,54,33,40,57,47,52,23,23,60,37,44,44,24,23,34,29,50,40,53,64,40,87,17,80,79,65,21,21,38,37,25,43,37,27,34,66,72,46,100,83,94,98,104,55,36,38,53,50,33,69,49,53,29,59,62,46,33,55,65,36,50,33,72,96,76,62,107,48,47,69,31,29,,,,,,,,,,,,,,,,,,,,,,,,,,,,,,65,87,47,79,33,57,83,39,59,60,48,22,39,22,,12,36,20,33,17,17,42,39,26,24,108,26,30,41,36,21,24,14,31,58,38,23,115,79,81,66,61,49,62,68,78,62,83,56,63,39,26,29,19,40,43,37,48,53,18,31,40,52,53,93,104,67,102,102,66,86,91,51,59,75,57,51,90,49,43,64,47,48,56,49,27,54,49,41,40,65,54,71,61,53,105,59,101,74,98,52,37,49,62,60,44,58,50,43,50,26,,24,39,56,69,40,27,79,53,,69,43,36,29,80,55,38,65,63,103,34,55,43,31,20,37,33,41,,29,23,56,58,55,57,56,60,50,54,58,,77,,34,,60,51,38,57,59,54,30,41,82,84,68,39,20,35,76,78,82,85,137,61,52,,48,60,,,,66,,
20260406,6,PM2.5,3,4,15,4,3,26,4,6,3,6,9,11,13,11,6,12,5,31,29,35,35,41,40,11,14,49,38,51,43,54,55,60,33,33,16,42,29,47,27,34,13,41,31,32,35,25,22,20,11,3,39,61,22,16,15,13,21,15,14,26,18,37,43,35,31,41,39,21,6,34,35,27,23,14,24,25,6,11,3,14,4,12,27,8,7,21,3,6,5,17,3,8,9,8,6,3,43,26,31,23,17,11,23,12,35,28,37,46,26,43,7,31,22,19,5,12,25,26,11,30,26,19,24,36,47,31,45,30,40,36,39,19,20,25,34,35,23,50,28,37,18,42,41,28,18,37,47,22,33,21,39,30,25,25,38,16,10,26,10,9,,,,,,,,,,,,,,,,,,,,,,,,,,,,,,30,58,33,13,11,19,36,10,13,20,12,7,18,8,,3,5,3,20,3,7,20,27,11,17,81,15,21,29,25,15,16,9,22,41,24,3,87,52,32,38,44,24,37,30,43,44,61,28,32,27,18,20,8,28,23,22,29,31,9,14,27,27,28,43,42,28,39,41,31,61,44,25,33,50,28,32,53,33,26,42,27,32,40,34,19,31,30,29,28,47,38,52,44,37,79,41,74,54,73,24,22,34,44,26,31,33,29,25,35,7,,9,27,40,50,21,17,58,37,,50,30,19,12,59,39,21,47,45,77,24,38,30,5,3,3,3,10,,5,3,34,21,22,22,24,26,27,22,22,,26,,19,,27,20,21,28,27,15,3,7,29,43,24,21,8,21,22,42,45,41,56,30,6,,13,21,,,,48,,
20260406,6,PM2.5_24h,6,11,24,13,10,42,20,8,6,13,24,24,33,24,5,23,24,27,28,32,27,39,34,38,39,33,30,34,35,38,43,52,43,28,20,34,27,39,28,27,19,34,32,25,28,26,22,28,23,27,45,55,30,21,12,15,32,18,26,22,15,45,53,36,34,42,33,23,8,30,38,28,37,15,29,32,8,11,16,27,14,15,24,31,24,27,17,23,31,20,19,32,25,38,22,13,38,18,31,32,18,16,18,27,32,22,26,50,25,39,7,29,43,23,7,21,21,20,19,26,45,29,30,36,36,31,37,36,43,39,39,31,30,36,31,39,30,41,35,36,25,34,41,25,21,40,34,33,26,21,35,30,32,35,40,13,11,27,13,13,,,,,,,,,,,,,,,,,,,,,,,,,,,,,,35,35,27,24,9,23,35,16,28,21,25,13,20,8,,5,30,12,19,18,8,29,20,16,14,44,40,24,28,15,15,16,19,20,25,29,14,39,32,35,34,35,36,34,31,44,36,37,31,29,27,27,21,19,25,29,28,21,32,21,21,23,23,32,40,34,33,40,37,37,45,30,33,27,44,36,43,43,39,31,39,29,35,50,37,26,34,33,33,32,33,38,39,47,52,64,40,56,57,55,34,33,41,41,35,41,34,31,30,38,7,,12,22,32,35,22,28,39,40,,38,32,32,12,55,35,26,41,45,77,27,45,28,11,5,3,4,18,,2,6,36,31,28,28,25,30,22,22,27,,25,,26,,28,25,17,26,22,14,3,10,35,30,18,19,13,18,20,59,42,64,70,23,12,2,10,15,,,,43,,
20260406,6,PM10,11,12,54,17,14,55,30,14,11,11,31,43,55,49,10,25,22,33,37,60,96,78,70,44,86,127,102,124,109,118,92,104,81,77,32,46,66,105,60,52,29,88,70,44,69,29,31,32,61,38,156,100,29,28,31,30,29,29,35,36,31,47,55,44,45,63,53,34,8,108,86,52,109,62,35,38,11,31,16,24,18,24,,58,47,67,39,45,57,33,40,64,47,53,21,19,58,37,41,44,21,23,34,29,48,,43,73,40,124,16,109,107,79,19,21,38,34,25,33,32,26,33,81,94,46,150,115,137,146,158,60,36,38,55,48,31,74,49,45,29,62,73,46,33,60,50,36,50,33,94,142,102,73,163,48,47,88,31,29,,,,,,,,,,,,,,,,,,,,,,,,,,,,,,79,123,41,107,33,63,116,39,68,70,48,21,39,22,,11,36,12,33,16,17,42,34,15,21,,26,,32,31,21,24,10,24,53,38,13,113,108,111,81,65,49,73,85,105,74,115,62,76,,21,28,11,30,43,37,48,56,18,31,40,53,56,136,157,84,153,153,82,122,132,51,67,99,63,51,130,49,43,78,47,48,45,35,23,57,49,36,37,59,56,67,62,45,85,68,151,75,86,53,37,48,73,70,36,66,50,43,48,26,,17,34,49,72,40,23,66,50,,52,43,36,27,93,40,38,61,68,91,31,60,37,13,6,7,8,14,,11,6,61,65,60,63,61,69,50,58,65,,103,,34,,70,52,38,64,68,58,6,41,113,118,85,39,20,35,102,105,114,120,223,71,53,,48,69,,,,59,,
20260406,6,PM10_24h,19,33,130,53,41,139,66,21,35,42,68,101,144,144,13,39,44,35,39,64,110,90,109,105,123,121,114,107,100,115,112,120,111,78,38,48,70,90,68,46,35,85,83,46,82,34,30,54,114,69,150,98,64,34,23,25,38,29,43,30,25,64,65,49,57,92,50,37,17,105,104,69,178,51,61,66,24,53,33,42,24,32,29,110,125,142,84,90,123,64,81,110,111,98,56,70,57,25,50,58,18,25,26,46,51,32,33,76,40,137,27,104,143,132,23,33,34,32,35,33,63,36,42,109,116,61,124,176,142,135,149,102,66,63,76,66,41,59,56,45,42,72,82,42,36,85,71,66,40,37,104,90,125,108,121,35,38,148,46,52,,,,,,,,,,,,,,,,,,,,,,,,,,,,,,90,125,38,113,52,171,114,85,134,108,53,25,78,23,,14,107,31,26,31,29,49,36,29,32,49,47,30,39,33,25,30,36,31,35,38,23,109,100,118,92,67,88,92,95,114,84,117,78,98,32,35,32,24,32,56,57,44,69,35,45,50,50,76,164,134,132,145,136,111,135,100,73,86,104,73,85,115,64,77,88,49,65,69,47,37,57,65,58,49,45,54,58,67,70,75,57,83,76,79,70,81,72,82,105,64,77,60,62,62,22,,25,35,41,47,40,44,45,62,,46,49,55,20,97,41,38,54,62,96,35,75,38,19,9,16,19,25,,9,8,80,144,81,71,73,82,55,55,77,,83,,66,,79,74,43,67,59,41,11,42,159,96,68,52,32,41,99,207,126,182,297,73,59,12,41,52,,,,60,,
20260406,6,SO2,3,5,3,4,6,6,3,4,2,4,4,6,4,6,6,8,6,6,8,7,10,6,5,8,11,9,7,10,8,11,8,8,5,7,7,5,7,7,7,6,5,4,5,4,7,4,2,7,9,7,8,8,4,5,5,4,6,4,6,5,5,8,5,6,8,4,4,4,4,6,7,9,19,7,4,5,10,6,10,4,7,11,3,13,18,15,8,10,9,6,5,3,9,24,3,6,7,6,5,6,7,6,6,5,5,2,8,6,9,7,7,16,11,8,7,13,9,8,13,5,5,5,6,10,16,6,12,6,12,9,9,12,6,5,6,7,10,7,10,6,4,5,6,10,8,9,3,5,8,6,9,6,2,5,13,10,11,9,5,9,,,,,,,,,,,,,,,,,,,,,,,,,,,,,,9,4,3,15,4,11,11,6,7,17,4,6,9,4,,4,8,6,10,10,8,4,6,7,7,2,2,7,5,9,8,4,4,7,9,5,7,6,10,12,15,7,4,9,8,7,6,10,4,6,3,4,3,4,4,4,8,8,18,5,8,9,10,9,11,14,8,10,9,6,7,6,8,7,14,9,4,10,6,5,5,7,7,11,3,6,4,7,3,4,10,8,7,16,13,19,8,8,9,9,4,7,8,6,7,7,6,6,8,3,5,,6,3,5,9,5,9,5,4,,4,6,7,8,7,9,6,5,6,10,3,6,7,6,7,10,8,5,,9,6,5,29,6,6,4,13,9,8,8,,6,,8,,3,9,8,9,18,16,5,15,9,12,4,4,6,6,3,3,19,4,12,8,5,,9,8,,,,10,,
20260406,6,SO2_24h,3,6,3,6,8,6,4,2,4,3,6,4,5,5,6,9,7,6,9,7,11,7,6,10,11,9,6,9,7,12,9,10,6,7,6,5,7,7,7,6,6,4,6,5,7,4,2,9,8,7,7,10,6,5,5,4,6,4,7,4,5,9,4,6,9,6,6,5,5,5,7,12,10,7,7,8,6,6,9,6,6,11,4,14,11,11,11,13,11,7,7,6,9,18,5,8,12,6,6,8,7,6,6,6,7,6,7,9,6,8,6,11,10,6,6,9,10,8,14,6,6,6,6,9,11,7,12,5,13,13,8,16,7,8,8,9,10,8,8,7,4,6,9,13,10,10,3,6,10,5,6,4,4,5,14,9,12,9,6,10,,,,,,,,,,,,,,,,,,,,,,,,,,,,,,9,2,6,6,5,11,10,7,8,13,7,5,9,5,,5,8,9,6,9,7,4,6,8,9,2,4,7,6,10,7,5,5,8,7,5,10,9,9,9,15,10,5,10,8,6,6,8,7,6,4,9,3,6,6,4,11,4,19,4,8,9,8,10,10,13,6,8,8,7,6,6,11,8,15,14,7,9,9,6,10,7,11,14,6,10,5,7,7,5,8,9,6,17,15,18,9,8,10,8,12,9,10,6,11,8,6,7,8,3,5,,6,7,5,12,5,11,5,3,,5,6,8,8,7,10,6,5,13,10,4,7,7,6,7,10,7,8,,8,6,6,15,6,8,11,14,10,6,8,,5,,8,,5,11,9,10,14,10,6,15,7,10,4,4,9,7,3,5,12,4,4,8,6,5,9,8,,,,8,,
20260406,6,NO2,10,13,17,5,6,18,13,8,13,15,16,25,17,25,6,17,11,13,13,24,51,46,41,18,20,61,39,36,42,58,14,11,18,29,14,20,15,46,22,18,16,22,26,9,35,11,14,6,24,20,15,56,7,23,13,4,20,3,10,31,13,30,7,5,17,15,9,7,5,45,32,9,31,16,11,8,10,29,16,14,24,44,11,18,22,29,17,20,12,28,17,14,10,20,16,11,24,12,13,6,10,4,8,3,20,10,17,27,14,23,11,31,18,51,7,25,17,20,29,9,7,13,7,38,57,26,27,21,24,15,13,18,19,21,21,8,8,19,17,11,6,24,10,22,14,6,17,11,6,11,22,17,18,12,19,30,29,22,6,11,,,,,,,,,,,,,,,,,,,,,,,,,,,,,,10,21,13,15,16,45,40,17,30,33,10,13,7,9,,9,4,9,19,5,22,12,8,9,10,8,7,12,11,14,13,6,11,13,12,10,4,21,34,16,35,33,8,15,11,13,31,25,23,14,7,9,5,4,7,12,7,13,12,7,10,10,5,16,23,20,24,21,17,17,16,19,12,10,17,26,14,22,26,5,23,15,8,11,2,8,14,6,7,10,26,27,14,25,10,16,14,6,15,15,29,14,10,20,22,8,28,9,17,6,3,,6,14,9,4,7,6,4,4,,7,6,8,8,15,8,13,7,9,10,7,14,10,5,6,1,4,1,,8,2,20,62,10,22,10,26,28,10,19,,9,,7,,18,2,1,1,3,3,2,2,25,23,22,10,19,11,8,21,13,12,11,33,11,,19,24,,,,6,,
20260406,6,NO2_24h,8,15,12,9,11,17,16,5,8,7,20,18,15,11,2,18,18,11,22,20,30,27,31,17,25,32,23,20,20,30,25,22,17,27,14,18,19,28,21,15,21,32,25,11,20,13,16,16,18,16,18,40,13,22,13,11,26,15,25,20,12,39,8,8,24,21,12,8,9,35,25,12,18,21,14,14,6,12,16,10,18,19,12,21,18,19,20,19,19,21,17,17,13,27,15,17,21,11,11,10,8,8,10,15,22,10,15,41,11,20,6,14,17,26,6,16,15,14,18,9,13,15,11,36,34,31,23,17,24,17,20,26,25,25,24,13,16,18,9,12,6,17,16,15,16,12,12,21,9,9,29,20,26,17,31,12,15,12,14,10,,,,,,,,,,,,,,,,,,,,,,,,,,,,,,9,14,18,18,8,18,26,10,15,19,12,8,10,4,,8,5,12,12,10,12,12,9,11,13,10,12,9,10,11,10,7,16,13,10,14,6,24,17,18,26,27,12,14,15,18,18,18,21,16,9,13,9,7,13,13,10,13,15,12,14,10,6,16,17,17,20,18,18,21,18,12,18,12,14,21,16,18,15,9,20,20,11,13,7,11,14,11,12,11,22,16,10,20,16,13,12,10,11,13,31,19,16,30,38,16,39,12,20,12,5,,13,11,9,5,9,8,5,10,,6,6,14,8,13,7,7,7,9,15,8,13,12,7,6,3,5,10,,5,5,18,24,11,19,12,28,18,13,23,,10,,11,,15,6,2,3,7,4,9,4,16,19,20,16,23,21,12,27,15,27,12,21,9,4,15,18,,,,7,,
20260406,6,O3,67,70,55,74,75,64,64,62,38,61,66,48,58,37,72,53,66,60,53,74,19,29,32,99,73,15,40,34,26,18,103,111,79,25,91,59,73,23,61,54,96,38,36,72,26,76,47,78,64,81,80,3,63,23,26,49,21,55,35,7,27,10,64,77,29,39,31,94,121,21,32,52,43,69,72,72,76,38,59,58,35,21,50,82,49,58,63,66,103,62,63,89,89,80,73,75,12,51,44,54,28,41,45,48,15,50,38,9,75,60,54,37,52,30,67,39,62,51,45,73,70,66,62,26,7,43,56,54,58,54,88,35,5,40,33,31,15,2,19,21,48,8,60,52,66,75,34,42,44,82,48,55,20,43,55,30,43,28,79,87,,,,,,,,,,,,,,,,,,,,,,,,,,,,,,75,39,46,64,42,19,18,57,19,22,60,70,70,70,,39,88,63,47,54,42,53,62,84,77,61,73,58,53,49,34,61,44,56,68,57,75,65,21,77,31,19,25,57,77,79,25,31,37,44,69,47,76,62,68,57,72,70,61,49,65,64,76,69,50,70,57,70,68,53,73,44,28,43,28,23,43,38,24,23,18,1,44,57,74,11,27,55,67,13,7,44,48,18,35,29,32,26,18,23,16,41,76,58,41,35,12,33,16,62,68,,78,43,55,75,55,86,91,50,,30,90,95,94,71,76,63,118,71,62,84,48,30,100,64,118,105,130,,94,75,24,5,28,36,61,37,17,50,44,,78,,51,,33,72,65,84,101,58,96,132,24,24,29,74,49,67,61,36,75,70,65,20,24,,56,38,,,,101,,
20260406,6,O3_24h,67,70,55,74,75,64,64,62,38,61,66,48,58,37,72,53,66,60,53,74,19,29,32,99,73,15,40,34,26,18,103,111,79,25,91,59,73,23,61,54,96,38,36,72,26,76,47,78,64,81,80,3,63,23,26,49,21,55,35,7,27,10,64,77,29,39,31,94,121,21,32,52,43,69,72,72,76,38,59,58,35,21,50,82,49,58,63,66,103,62,63,89,89,80,73,75,12,51,44,54,28,41,45,48,15,50,38,9,75,60,54,37,52,30,67,39,62,51,45,73,70,66,62,26,7,43,56,54,58,54,88,35,5,40,33,31,15,2,19,21,48,8,60,52,66,75,34,42,44,82,48,55,20,43,55,30,43,28,79,87,,,,,,,,,,,,,,,,,,,,,,,,,,,,,,75,39,46,64,42,19,18,57,19,22,60,70,70,70,,39,88,63,47,54,42,53,62,84,77,61,73,58,53,49,34,61,44,56,68,57,75,65,21,77,31,19,25,57,77,79,25,31,37,44,69,47,76,62,68,57,72,70,61,49,65,64,76,69,50,70,57,70,68,53,73,44,28,43,28,23,43,38,24,23,18,1,44,57,74,11,27,55,67,13,7,44,48,18,35,29,32,26,18,23,16,41,76,58,41,35,12,33,16,62,68,,78,43,55,75,55,86,91,50,,30,90,95,94,71,76,63,118,71,62,84,48,30,100,64,118,105,130,,94,75,24,5,28,36,61,37,17,50,44,,78,,51,,33,72,65,84,101,58,96,132,24,24,29,74,49,67,61,36,75,70,65,20,24,,56,38,,,,101,,
20260406,6,O3_8h,,,,,,,,,,,,,,,,,,,,,,,,,,,,,,,,,,,,,,,,,,,,,,,120,,119,,,,,,,,,,,62,,,,,,,,,,,,,,,,,,,,,,,,,,,,,,,,,,,,,,,,,,,,,,,,,,,,,,,,,,,,,,,,,,,,,,,,,,,,,,,,,,,,,,,,,,,,,,,,,,,,,,,,,,,,,,,,,,,,,,,,,,,,,,,,,,,,,,,,,,,,,,,,,,,,,,,,,,,,,,,,,,,,,,,,,,,,,,,,,,,,,,,,,,,,,,,,,,,,,,,,,,,,,,,,,,,,,,,,,,,,,,,,,,,,,,,,,,,,,,,,,,,,,,,,,,,,,,,,,,,,,,,,,,,,,,,,,,,,,,,,,,,,,,,,,,,,,,,,,,,,,114,,,,,,95,,,,,,,,
20260406,6,O3_8h_24h,,,,,,,,,,,,,,,,,,,,,,,,,,,,,,,,,,,,,,,,,,,,,,,,,,,,,,,,,,,,,,,,,,,,,,,,,,,,,,,,,,,,,,,,,,,,,,,,,,,,,,,,,,,,,,,,,,,,,,,,,,,,,,,,,,,,,,,,,,,,,,,,,,,,,,,,,,,,,,,,,,,,,,,,,,,,,,,,,,,,,,,,,,,,,,,,,,,,,,,,,,,,,,,,,,,,,,,,,,,,,,,,,,,,,,,,,,,,,,,,,,,,,,,,,,,,,,,,,,,,,,,,,,,,,,,,,,,,,,,,,,,,,,,,,,,,,,,,,,,,,,,,,,,,,,,,,,,,,,,,,,,,,,,,,,,,,,,,,,,,,,,,,,,,,,,,,,,,,,,,,,,,,,,,,,,,,,,
20260406,6,CO,0.25,0.27,0.26,0.24,0.20,0.43,0.23,0.30,0.20,0.20,0.35,0.30,0.35,0.37,0.28,0.48,0.34,0.45,0.44,0.58,0.95,0.86,0.75,0.43,0.42,0.80,0.80,0.79,0.70,0.85,0.64,0.72,0.43,0.67,0.56,0.53,0.46,0.88,0.60,0.53,0.60,0.70,0.40,0.55,0.73,0.45,0.50,0.53,0.52,0.44,0.57,1.10,0.57,0.72,0.55,0.43,0.60,0.30,0.37,0.80,0.57,0.80,0.63,0.60,0.59,0.55,0.53,0.47,0.27,0.47,0.63,0.85,0.48,0.36,0.37,0.50,0.49,0.34,0.40,0.42,0.30,0.47,0.70,0.36,0.54,0.63,0.33,0.45,0.48,0.38,0.23,0.40,0.48,0.70,0.30,0.38,1.17,0.63,0.60,0.67,0.70,0.40,0.55,0.53,0.80,0.60,0.87,0.60,0.50,0.80,0.54,0.82,0.55,0.48,0.30,1.44,0.58,1.08,0.56,0.67,0.38,0.43,0.23,0.92,1.30,0.66,0.60,0.47,0.67,1.07,0.50,0.40,0.42,0.60,0.90,1.05,0.50,0.97,0.75,0.76,0.50,0.68,0.70,0.97,0.63,0.50,0.63,0.20,0.98,0.58,0.50,0.45,0.40,0.36,0.60,0.50,0.43,0.58,0.40,0.25,,,,,,,,,,,,,,,,,,,,,,,,,,,,,,0.50,0.40,0.70,1.10,0.30,0.35,1.00,0.27,0.33,0.60,0.47,0.20,0.40,0.30,,0.20,0.50,0.30,1.43,0.35,0.50,0.30,0.40,0.25,0.85,0.45,0.20,0.33,0.23,0.37,0.33,0.33,0.30,0.53,0.45,0.30,0.30,0.58,0.56,0.85,0.97,0.67,0.40,0.45,0.56,0.47,0.50,0.50,1.02,0.37,0.73,0.97,0.45,0.65,0.55,0.47,0.60,0.47,0.55,0.76,0.95,0.65,0.88,0.60,0.80,0.82,0.60,0.43,0.50,0.57,0.80,0.33,0.80,0.60,0.92,0.83,0.55,0.90,0.53,0.70,0.90,0.65,0.92,0.95,1.00,0.65,0.63,0.30,0.50,0.50,0.45,0.73,0.73,0.93,0.73,1.20,0.73,1.10,0.90,0.90,0.73,0.50,0.50,0.57,0.60,0.65,0.50,0.45,0.65,0.50,0.30,,0.30,0.60,0.73,0.77,0.35,0.45,0.55,0.70,,0.95,0.40,0.40,0.50,0.80,0.60,0.50,0.40,0.50,0.50,0.45,1.00,0.45,0.40,0.30,0.25,0.30,0.40,,0.50,0.55,0.50,0.60,0.40,0.35,0.55,0.40,0.50,0.30,0.40,,0.30,,0.50,,0.35,0.50,0.40,0.20,0.30,0.40,0.30,0.30,0.43,0.40,0.45,0.50,0.15,0.50,0.25,0.60,0.15,0.30,0.50,0.65,1.40,,0.40,0.70,,,,0.70,,
20260406,6,CO_24h,0.25,0.39,0.34,0.38,0.30,0.43,0.23,0.30,0.20,0.22,0.35,0.30,0.38,0.35,0.28,0.62,0.50,0.44,0.63,0.58,0.98,0.77,0.67,0.61,0.58,0.70,0.73,0.69,0.64,0.72,0.74,0.84,0.52,0.64,0.53,0.47,0.48,0.83,0.60,0.47,0.60,0.63,0.50,0.50,0.67,0.45,0.47,0.68,0.49,0.59,0.50,1.06,0.63,0.83,0.66,0.57,0.73,0.50,0.57,0.80,0.68,0.87,0.69,0.57,0.62,0.51,0.43,0.49,0.28,0.49,0.50,0.70,0.36,0.35,0.50,0.62,0.33,0.28,0.52,0.50,0.30,0.45,0.63,0.40,0.50,0.60,0.36,0.50,0.64,0.40,0.40,0.53,0.40,0.92,0.37,0.53,0.97,0.80,0.70,0.80,0.60,0.50,0.55,0.77,0.85,0.70,0.87,0.85,0.40,0.60,0.39,0.43,0.73,0.40,0.34,0.88,0.62,0.80,0.46,0.62,0.44,0.50,0.30,0.72,0.77,0.76,0.49,0.33,0.68,0.73,0.45,0.50,0.53,0.73,0.88,1.13,0.60,0.83,0.73,0.80,0.50,0.60,0.73,0.90,0.73,0.57,0.53,0.30,0.55,0.58,0.53,0.40,0.45,0.40,0.50,0.50,0.57,0.50,0.50,0.25,,,,,,,,,,,,,,,,,,,,,,,,,,,,,,0.50,0.40,0.65,0.50,0.33,0.25,0.60,0.30,0.30,0.43,0.57,0.20,0.40,0.30,,0.20,0.45,0.40,0.50,0.45,0.53,0.43,0.40,0.45,0.90,0.35,0.25,0.37,0.20,0.37,0.70,0.43,0.40,0.47,0.40,0.35,0.30,0.58,0.50,0.50,0.93,0.60,0.45,0.50,0.52,0.37,0.45,0.27,1.05,0.27,0.67,1.23,0.55,0.75,0.60,0.57,0.97,0.53,0.55,0.76,0.90,0.68,0.85,0.60,0.66,0.70,0.55,0.43,0.50,0.75,0.47,0.30,0.72,0.57,0.74,0.90,0.57,1.00,0.43,0.70,0.90,0.60,0.87,0.90,1.10,0.55,0.57,0.40,0.60,0.45,0.40,0.73,0.73,0.90,0.80,1.00,0.77,0.90,0.95,0.90,0.83,0.60,0.50,0.77,0.90,0.70,0.53,0.45,0.65,0.55,0.30,,0.30,0.55,0.47,0.63,0.45,0.50,0.55,0.65,,0.80,0.40,0.40,0.50,0.70,0.50,0.50,0.40,0.40,0.55,0.50,0.80,0.40,0.50,0.30,0.35,0.35,0.60,,0.45,0.60,0.53,0.50,0.40,0.45,0.45,0.40,0.30,0.30,0.45,,0.25,,0.50,,0.35,0.50,0.40,0.20,0.30,0.40,0.30,0.30,0.37,0.35,0.35,0.35,0.20,0.50,0.25,0.55,0.15,0.50,0.35,0.50,0.50,,0.35,0.50,,,,0.70,,
20260406,7,AQI,19,21,53,21,21,50,34,21,19,18,30,43,55,50,20,19,21,47,40,54,72,64,66,44,66,88,79,86,80,83,67,80,69,63,32,58,61,76,55,53,28,77,59,44,61,29,27,35,57,52,101,84,33,29,31,30,33,26,34,37,31,50,59,50,43,54,68,36,37,85,71,53,83,55,37,34,22,36,21,27,15,29,40,55,56,60,29,53,52,31,49,56,54,54,25,23,59,38,47,44,23,20,40,31,47,40,51,61,39,76,19,77,77,69,21,24,39,35,36,47,34,37,32,65,73,46,101,66,91,97,103,58,32,41,52,48,31,74,45,55,35,64,62,51,32,55,64,30,54,35,81,89,75,61,102,58,46,68,32,33,,,,,,,,,,,,,,,,,,,,,,,,,,,,,,64,83,46,71,45,57,82,39,65,64,54,27,35,25,,12,47,19,35,18,25,42,39,25,29,105,22,29,37,70,27,23,14,31,54,36,24,109,84,70,66,59,49,64,68,76,62,98,58,64,37,20,27,20,34,43,37,54,40,17,29,39,45,53,86,91,64,102,106,80,76,101,51,63,77,58,54,84,51,46,64,45,49,56,39,40,54,51,43,39,64,54,78,61,47,105,60,103,73,95,52,35,50,59,52,41,60,39,43,47,30,,24,39,60,69,47,29,79,54,,69,47,34,29,79,56,39,66,71,103,36,58,47,33,22,36,34,39,,30,23,55,65,55,59,54,64,49,51,62,,77,,46,,59,52,40,53,66,53,28,41,80,79,69,36,42,34,71,98,66,93,136,62,40,,49,58,,,,65,,
20260406,7,PM2.5,3,3,11,9,3,19,7,9,3,6,9,11,9,13,4,5,5,33,28,33,36,41,41,11,12,51,41,49,44,57,43,59,37,32,16,41,33,46,29,37,14,52,32,31,36,20,19,21,9,6,44,62,23,16,16,13,21,16,14,26,19,35,42,35,29,38,49,21,6,33,33,26,28,19,25,23,6,10,3,18,7,10,28,8,9,22,3,9,6,15,4,8,12,9,6,3,42,26,33,24,16,11,23,13,33,28,36,44,26,32,7,30,24,18,9,14,27,20,17,33,24,26,21,41,45,31,45,29,43,44,38,20,16,28,33,33,21,54,30,39,18,46,43,29,17,35,46,21,37,22,39,27,24,25,36,27,11,23,10,12,,,,,,,,,,,,,,,,,,,,,,,,,,,,,,29,38,32,20,14,15,34,17,15,15,9,8,17,7,,3,6,3,16,3,12,12,27,12,18,79,10,20,26,51,19,14,10,22,37,24,3,82,62,23,38,42,27,44,35,31,38,73,31,33,26,14,19,10,24,24,21,28,28,9,15,26,20,26,37,37,20,40,38,40,36,49,23,30,52,32,30,50,36,25,42,28,34,40,27,28,31,27,30,27,46,37,57,44,30,79,41,77,53,71,26,23,32,41,20,29,33,23,25,33,9,,12,27,43,50,18,16,58,38,,50,28,19,10,58,40,24,48,52,77,25,41,33,7,5,3,3,3,,5,3,35,25,23,21,23,27,28,17,25,,25,,21,,30,22,21,28,29,12,3,12,24,38,23,25,12,17,20,51,38,42,56,28,9,,14,20,,,,47,,
20260406,7,PM2.5_24h,4,9,23,12,9,42,18,8,6,11,23,23,33,22,5,22,23,28,28,31,26,39,34,37,38,32,30,35,34,38,42,52,42,29,19,35,27,39,28,27,18,35,33,25,28,26,22,28,23,27,45,56,30,21,12,14,31,17,25,22,15,46,52,36,34,41,34,23,8,30,36,28,36,15,29,31,7,11,15,25,13,15,24,29,23,27,16,22,29,19,17,31,24,37,22,11,39,19,31,32,18,16,18,26,32,23,27,50,25,39,7,29,43,22,7,21,22,20,19,27,44,29,29,36,36,31,38,36,43,39,38,30,30,36,31,39,30,42,35,36,25,35,41,25,21,41,34,32,26,21,35,30,32,35,40,14,11,25,13,13,,,,,,,,,,,,,,,,,,,,,,,,,,,,,,35,35,28,24,9,22,35,15,27,21,24,12,19,8,,4,27,11,18,17,7,28,20,15,13,46,39,23,27,17,14,16,18,18,26,28,13,41,33,35,34,35,36,34,31,43,36,39,31,29,28,27,20,19,26,29,28,21,32,21,21,23,23,32,40,34,33,41,38,38,45,31,32,28,44,36,43,44,39,32,39,29,35,50,37,26,34,33,33,32,34,38,40,48,51,66,41,58,58,57,33,33,41,41,35,41,34,31,29,37,7,,13,22,33,37,22,28,41,41,,40,32,32,12,54,35,25,40,45,77,27,44,28,11,5,3,4,18,,2,6,35,29,28,27,24,30,22,21,26,,24,,26,,28,25,17,27,22,14,3,10,34,31,17,20,13,18,21,59,42,64,69,23,12,2,10,15,,,,42,,
20260406,7,PM10,14,14,55,21,17,50,34,21,19,13,30,43,59,50,12,19,21,34,36,57,94,77,81,44,81,126,108,122,110,116,84,95,87,75,32,46,71,102,60,53,28,103,68,43,72,23,24,35,64,54,151,99,29,29,31,30,33,26,34,36,31,41,55,44,43,57,58,36,9,120,92,56,115,59,37,34,10,36,14,27,12,29,,60,61,70,29,56,54,31,49,61,57,57,25,23,58,38,41,44,22,20,40,31,45,29,42,66,39,102,19,104,103,88,21,24,33,35,36,35,34,25,32,80,95,46,152,82,131,143,156,66,32,41,54,48,31,73,45,49,35,64,74,51,32,60,48,28,58,35,111,128,99,72,154,66,46,86,32,33,,,,,,,,,,,,,,,,,,,,,,,,,,,,,,77,115,40,92,45,63,114,39,79,78,58,27,35,25,,11,47,8,35,18,25,42,32,17,29,,21,26,32,,27,23,11,27,57,36,13,114,106,90,81,58,49,77,85,102,74,118,65,78,28,19,24,13,26,43,37,57,38,17,29,39,45,56,121,132,77,154,161,110,101,152,51,75,103,65,57,117,52,46,78,45,48,44,35,27,57,51,43,35,61,57,71,63,47,82,70,147,70,96,53,35,50,67,53,35,70,39,43,41,30,,16,33,56,77,47,14,74,52,,62,47,34,18,89,45,39,56,63,89,35,61,37,11,,9,8,20,,7,6,59,79,59,68,57,77,49,51,74,,103,,46,,67,53,40,56,82,56,6,39,110,108,87,36,42,34,92,145,82,136,221,74,40,,49,66,,,,59,,
20260406,7,PM10_24h,16,31,128,51,40,138,63,21,32,40,66,99,143,136,12,38,43,35,39,63,110,90,109,103,123,122,116,107,101,115,112,120,110,78,38,49,72,91,68,46,34,86,83,46,82,34,30,54,113,70,151,100,62,34,23,25,38,28,42,30,25,64,64,49,57,90,52,37,17,105,100,68,172,52,59,64,23,50,33,41,24,31,28,108,123,141,82,89,121,63,79,109,110,97,56,68,57,26,49,58,19,25,27,45,51,32,34,76,40,138,25,105,142,130,23,32,34,32,36,33,62,36,41,109,116,61,127,175,142,136,150,101,64,62,75,65,40,61,57,45,41,71,83,43,37,86,69,62,41,37,104,92,126,107,121,37,38,134,46,51,,,,,,,,,,,,,,,,,,,,,,,,,,,,,,89,125,37,113,49,169,113,77,134,105,52,25,71,23,,13,100,30,26,31,28,49,36,28,31,50,47,30,37,33,23,29,34,28,36,38,22,111,102,118,92,68,88,90,94,115,83,118,78,98,32,35,31,24,33,57,56,45,69,34,44,50,50,76,164,135,132,147,138,111,135,101,72,87,103,74,84,116,64,76,87,49,65,68,46,37,57,65,56,49,47,56,58,68,70,77,58,88,76,81,69,78,71,83,104,63,77,60,61,61,23,,25,35,42,50,39,43,47,63,,48,49,55,21,96,41,38,54,62,96,35,75,38,19,9,16,19,25,,9,8,80,131,81,70,70,82,54,54,75,,81,,65,,79,73,44,68,61,41,10,42,157,97,68,52,33,42,100,210,125,179,294,74,59,12,41,52,,,,59,,
20260406,7,SO2,3,5,3,4,6,7,3,5,2,4,4,6,3,7,6,8,6,6,8,6,11,6,6,8,14,10,7,12,8,12,8,7,6,7,7,5,8,9,7,6,6,4,5,4,7,4,1,6,8,7,10,8,4,5,5,4,6,4,6,4,5,9,5,6,8,4,4,4,4,7,9,8,16,7,4,5,9,7,13,5,13,15,3,11,24,16,9,11,10,6,6,3,11,43,3,6,7,6,5,4,7,5,7,5,5,3,8,6,7,8,8,16,12,9,11,16,10,8,24,8,5,5,6,10,16,6,12,7,11,13,10,13,6,6,6,8,10,7,9,6,4,6,6,10,7,8,3,5,8,7,9,4,2,5,13,16,11,9,5,9,,,,,,,,,,,,,,,,,,,,,,,,,,,,,,8,4,3,16,6,11,9,6,20,15,5,6,8,4,,4,8,6,13,10,9,3,5,7,8,2,3,6,5,9,7,4,5,7,8,5,8,6,9,11,19,7,4,8,8,10,5,10,3,6,3,3,3,4,4,4,8,7,17,4,8,9,8,7,12,13,8,11,9,6,6,6,8,7,13,9,7,9,6,6,5,7,7,11,4,7,4,6,3,4,10,8,7,16,14,16,6,13,8,9,4,7,8,4,7,7,6,6,8,2,5,,5,3,5,9,4,9,5,4,,4,6,7,8,7,9,6,5,6,10,3,6,7,6,7,9,7,6,,9,7,5,18,5,5,4,13,10,6,8,,7,,7,,3,9,8,9,18,16,5,16,10,13,3,3,8,6,3,3,6,5,14,7,5,,9,7,,,,7,,
20260406,7,SO2_24h,3,6,3,6,8,6,4,3,4,3,6,4,5,5,6,9,7,6,9,7,11,7,6,10,11,9,6,10,7,12,9,10,6,7,6,5,7,7,7,6,6,4,6,5,7,4,2,9,8,8,7,10,6,5,5,4,6,4,7,4,5,9,4,6,9,6,6,5,5,5,7,12,10,7,7,8,6,5,9,6,6,12,4,14,12,11,11,13,11,7,7,6,9,19,5,7,12,6,6,8,7,6,6,6,7,5,7,8,6,8,6,11,10,6,6,10,10,8,14,6,6,6,6,9,12,7,12,5,13,13,8,16,7,8,7,9,10,8,8,7,4,6,9,13,10,10,3,6,11,5,6,4,4,5,14,9,12,9,6,10,,,,,,,,,,,,,,,,,,,,,,,,,,,,,,9,3,6,7,5,10,10,7,8,13,6,5,9,5,,5,8,9,6,9,7,4,6,8,9,2,4,6,6,10,7,5,5,8,7,5,10,9,9,9,16,10,5,10,8,7,6,8,7,6,4,9,3,5,6,4,11,5,18,4,8,9,8,10,10,12,6,8,8,7,6,6,11,8,15,14,7,9,9,7,10,7,11,14,6,10,5,7,7,5,8,9,6,17,15,17,9,9,10,8,12,9,10,6,11,8,6,7,8,3,5,,6,7,5,11,5,10,5,3,,5,6,8,8,7,10,6,5,14,10,4,7,7,6,7,10,7,9,,8,6,6,15,6,8,10,14,10,6,9,,5,,8,,5,11,9,10,14,10,6,15,7,10,4,4,9,7,3,5,11,4,5,8,6,5,9,8,,,,8,,
20260406,7,NO2,14,16,13,10,15,19,16,11,16,15,17,24,22,26,9,19,15,15,14,29,59,46,49,17,24,56,47,39,57,57,14,13,19,30,21,23,22,52,23,24,19,27,31,13,37,14,17,6,27,36,18,50,6,25,15,4,21,3,9,34,16,31,11,5,17,16,11,11,5,43,34,14,30,17,14,9,16,35,14,18,29,50,11,19,22,34,17,28,13,30,23,19,14,28,19,13,24,17,10,7,11,4,9,5,19,9,20,28,17,21,15,38,20,48,15,30,23,21,31,11,9,13,9,48,48,32,31,18,27,21,15,23,18,29,20,9,10,18,16,13,6,22,12,24,13,6,20,11,8,11,26,17,18,16,31,35,37,22,9,9,,,,,,,,,,,,,,,,,,,,,,,,,,,,,,12,22,16,17,24,46,36,19,33,34,11,11,13,11,,13,6,10,22,6,27,9,10,10,12,11,8,10,13,19,20,8,11,20,14,11,4,26,32,17,31,41,7,20,14,18,24,21,28,14,8,10,6,5,10,14,5,14,13,9,13,11,5,16,24,22,23,22,20,19,16,20,12,10,23,27,17,21,38,7,26,15,10,13,2,10,12,6,9,8,28,22,13,28,13,16,19,6,17,17,32,12,12,18,21,9,26,6,21,7,5,,5,16,12,5,9,4,5,5,,7,6,10,9,16,9,19,6,12,10,7,13,11,5,4,1,3,1,,5,2,26,61,12,22,15,28,33,11,21,,12,,12,,21,3,1,1,21,5,4,1,25,22,31,9,25,10,7,29,2,15,9,27,7,,14,22,,,,5,,
20260406,7,NO2_24h,7,14,12,8,10,17,15,5,8,6,19,18,15,12,3,18,17,11,21,20,32,28,32,17,25,33,23,21,21,31,24,22,17,27,14,18,19,29,21,15,21,31,24,11,21,12,16,15,18,17,17,40,13,22,13,11,25,14,23,20,11,39,8,8,24,20,13,8,9,36,25,12,18,21,13,14,6,13,16,11,18,20,11,19,18,20,18,19,19,21,17,17,13,26,15,16,21,12,11,9,8,8,10,14,22,10,15,40,11,20,6,15,17,27,6,16,15,15,19,9,12,15,11,37,35,31,23,16,24,17,20,26,24,25,24,13,16,18,9,12,6,17,16,15,16,12,12,21,9,9,29,20,26,17,31,13,16,12,14,10,,,,,,,,,,,,,,,,,,,,,,,,,,,,,,9,14,18,18,9,18,25,11,15,20,11,8,9,5,,8,5,12,12,10,13,12,9,10,12,10,11,9,10,11,9,7,16,12,10,13,6,24,17,18,26,27,12,13,15,17,18,19,21,16,9,13,9,7,13,13,10,13,15,11,13,10,6,16,17,16,20,18,18,21,18,12,18,12,14,21,16,18,16,9,19,21,10,13,7,10,14,10,11,11,23,16,10,21,15,13,12,9,11,13,31,18,16,30,37,15,39,12,20,12,5,,12,11,9,5,9,8,5,10,,6,6,15,8,13,7,7,7,9,15,8,13,12,7,6,3,5,10,,5,5,18,25,11,19,12,28,18,13,22,,10,,11,,15,6,2,2,7,4,8,4,17,19,20,16,23,21,12,26,15,27,11,21,9,4,16,16,,,,7,,
20260406,7,O3,60,68,59,64,67,64,62,55,36,56,64,52,48,35,64,52,62,55,54,67,13,27,23,99,73,18,33,32,15,18,99,113,83,27,80,54,62,18,59,46,91,30,27,61,21,72,40,79,60,64,78,4,65,19,25,48,17,53,37,11,21,9,57,78,29,36,30,88,118,21,27,43,39,65,65,70,69,31,66,51,28,18,46,80,53,52,66,59,101,61,59,84,84,73,70,73,12,38,54,56,26,41,42,47,17,48,34,5,63,72,49,29,46,30,54,37,53,49,44,72,70,71,63,10,15,33,47,60,53,46,84,29,3,30,37,31,13,2,20,18,45,9,48,45,63,75,32,32,37,82,44,52,19,34,42,31,38,27,74,86,,,,,,,,,,,,,,,,,,,,,,,,,,,,,,67,41,38,60,36,17,20,52,16,18,60,72,59,67,,38,84,62,45,49,39,54,58,79,75,58,69,65,49,47,24,57,43,45,69,56,76,58,20,85,45,12,27,54,65,72,27,43,27,45,62,48,74,64,63,53,71,64,58,43,59,66,76,72,51,70,64,71,64,53,74,43,28,42,17,21,34,31,19,24,11,1,38,50,82,8,34,50,62,14,5,53,44,15,32,25,16,25,15,14,11,40,75,55,45,34,8,49,12,57,58,,76,41,49,68,52,94,84,50,,29,88,91,93,68,72,43,116,66,61,85,45,32,107,69,115,108,125,,96,74,14,3,25,34,60,33,12,52,40,,73,,44,,27,69,65,82,77,55,90,131,25,32,24,69,37,67,65,30,89,63,69,28,27,,61,37,,,,98,,
20260406,7,O3_24h,60,68,59,64,67,64,62,55,36,56,64,52,48,35,64,52,62,55,54,67,13,27,23,99,73,18,33,32,15,18,99,113,83,27,80,54,62,18,59,46,91,30,27,61,21,72,40,79,60,64,78,4,65,19,25,48,17,53,37,11,21,9,57,78,29,36,30,88,118,21,27,43,39,65,65,70,69,31,66,51,28,18,46,80,53,52,66,59,101,61,59,84,84,73,70,73,12,38,54,56,26,41,42,47,17,48,34,5,63,72,49,29,46,30,54,37,53,49,44,72,70,71,63,10,15,33,47,60,53,46,84,29,3,30,37,31,13,2,20,18,45,9,48,45,63,75,32,32,37,82,44,52,19,34,42,31,38,27,74,86,,,,,,,,,,,,,,,,,,,,,,,,,,,,,,67,41,38,60,36,17,20,52,16,18,60,72,59,67,,38,84,62,45,49,39,54,58,79,75,58,69,65,49,47,24,57,43,45,69,56,76,58,20,85,45,12,27,54,65,72,27,43,27,45,62,48,74,64,63,53,71,64,58,43,59,66,76,72,51,70,64,71,64,53,74,43,28,42,17,21,34,31,19,24,11,1,38,50,82,8,34,50,62,14,5,53,44,15,32,25,16,25,15,14,11,40,75,55,45,34,8,49,12,57,58,,76,41,49,68,52,94,84,50,,29,88,91,93,68,72,43,116,66,61,85,45,32,107,69,115,108,125,,96,74,14,3,25,34,60,33,12,52,40,,73,,44,,27,69,65,82,77,55,90,131,25,32,24,69,37,67,65,30,89,63,69,28,27,,61,37,,,,98,,
20260406,7,O3_8h,,,,,,,,,,,,,,,,,,,,,,,,,,,,,,,,,,,,,,,,,,,,,,,120,,119,,,,,,,,,,,62,,,,,,,,,,,,,,,,,,,,,,,,,,,,,,,,,,,,,,,,,,,,,,,,,,,,,,,,,,,,,,,,,,,,,,,,,,,,,,,,,,,,,,,,,,,,,,,,,,,,,,,,,,,,,,,,,,,,,,,,,,,,,,,,,,,,,,,,,,,,,,,,,,,,,,,,,,,,,,,,,,,,,,,,,,,,,,,,,,,,,,,,,,,,,,,,,,,,,,,,,,,,,,,,,,,,,,,,,,,,,,,,,,,,,,,,,,,,,,,,,,,,,,,,,,,,,,,,,,,,,,,,,,,,,,,,,,,,,,,,,,,,,,,,,,,,,,,,,,,,,114,,,,,,95,,,,,,,,
20260406,7,O3_8h_24h,,,,,,,,,,,,,,,,,,,,,,,,,,,,,,,,,,,,,,,,,,,,,,,,,,,,,,,,,,,,,,,,,,,,,,,,,,,,,,,,,,,,,,,,,,,,,,,,,,,,,,,,,,,,,,,,,,,,,,,,,,,,,,,,,,,,,,,,,,,,,,,,,,,,,,,,,,,,,,,,,,,,,,,,,,,,,,,,,,,,,,,,,,,,,,,,,,,,,,,,,,,,,,,,,,,,,,,,,,,,,,,,,,,,,,,,,,,,,,,,,,,,,,,,,,,,,,,,,,,,,,,,,,,,,,,,,,,,,,,,,,,,,,,,,,,,,,,,,,,,,,,,,,,,,,,,,,,,,,,,,,,,,,,,,,,,,,,,,,,,,,,,,,,,,,,,,,,,,,,,,,,,,,,,,,,,,,,
20260406,7,CO,0.27,0.30,0.22,0.31,0.25,0.47,0.20,0.30,0.25,0.20,0.25,0.33,0.40,0.42,0.28,0.47,0.38,0.46,0.46,0.60,0.96,0.86,0.80,0.47,0.48,0.88,0.86,0.80,0.74,0.90,0.50,0.72,0.47,0.68,0.56,0.53,0.52,0.88,0.60,0.60,0.60,0.73,0.40,0.55,0.79,0.45,0.53,0.53,0.55,0.50,0.61,1.18,0.57,0.71,0.54,0.47,0.60,0.30,0.33,0.80,0.63,0.80,0.63,0.60,0.59,0.51,0.43,0.49,0.30,0.51,0.67,0.80,0.48,0.34,0.38,0.50,0.49,0.36,0.40,0.53,0.33,0.57,0.70,0.37,0.54,0.70,0.28,0.58,0.46,0.38,0.32,0.40,0.53,0.98,0.30,0.40,1.10,0.63,0.67,0.73,0.70,0.40,0.55,0.57,0.80,0.70,0.90,0.80,0.50,0.80,0.56,0.78,0.57,0.54,0.38,1.44,0.95,1.16,0.80,0.67,0.47,0.50,0.25,1.02,1.33,0.70,0.64,0.55,0.70,1.03,0.50,0.43,0.45,0.73,0.97,1.03,0.50,0.93,0.73,0.77,0.50,0.68,0.75,1.02,0.63,0.50,0.63,0.20,1.10,0.55,0.50,0.45,0.45,0.36,0.60,0.60,0.47,0.50,0.44,0.25,,,,,,,,,,,,,,,,,,,,,,,,,,,,,,0.47,0.40,0.70,1.13,0.40,0.40,0.85,0.33,0.37,0.53,0.50,0.20,0.40,0.30,,0.20,0.50,0.30,1.60,0.35,0.60,0.30,0.40,0.25,0.90,0.50,0.20,0.33,0.23,0.47,0.37,0.35,0.35,0.60,0.45,0.35,0.30,0.65,0.62,0.65,1.02,0.67,0.45,0.45,0.58,0.77,0.50,0.63,0.90,0.33,0.73,0.93,0.45,0.70,0.55,0.47,0.60,0.50,0.65,0.76,0.95,0.65,0.90,0.60,0.94,0.77,0.60,0.43,0.50,0.57,0.60,0.37,0.82,0.63,0.94,0.90,0.55,1.00,0.53,0.70,1.00,0.65,0.92,1.00,0.90,0.70,0.67,0.30,0.55,0.50,0.50,0.70,0.73,0.97,0.73,1.15,0.73,1.10,0.90,0.90,0.70,0.50,0.50,0.57,0.60,0.65,0.58,0.45,0.65,0.50,0.30,,0.30,0.60,0.70,0.77,0.40,0.45,0.60,0.65,,0.95,0.40,0.40,0.50,0.75,0.60,0.60,0.40,0.60,0.50,0.45,1.00,0.50,0.40,0.30,0.25,0.30,0.40,,0.45,0.55,0.53,0.70,0.40,0.35,0.55,0.40,0.50,0.30,0.45,,0.30,,0.50,,0.35,0.50,0.40,0.10,0.40,0.40,0.30,0.30,0.50,0.40,0.50,0.45,0.25,0.45,0.20,0.70,0.10,0.35,0.40,0.60,1.10,,0.35,0.65,,,,0.70,,
20260406,7,CO_24h,0.24,0.38,0.30,0.33,0.30,0.43,0.25,0.30,0.20,0.20,0.33,0.30,0.38,0.35,0.28,0.59,0.49,0.44,0.63,0.58,0.97,0.79,0.67,0.60,0.58,0.70,0.73,0.70,0.64,0.72,0.74,0.84,0.52,0.64,0.53,0.47,0.48,0.83,0.60,0.47,0.60,0.63,0.50,0.50,0.68,0.45,0.47,0.67,0.49,0.59,0.50,1.07,0.63,0.83,0.65,0.57,0.73,0.45,0.57,0.83,0.65,0.87,0.69,0.57,0.62,0.51,0.43,0.48,0.28,0.49,0.50,0.70,0.38,0.35,0.50,0.62,0.33,0.28,0.52,0.47,0.30,0.45,0.63,0.40,0.50,0.60,0.34,0.50,0.62,0.40,0.38,0.53,0.40,0.94,0.37,0.50,0.97,0.78,0.70,0.80,0.60,0.50,0.55,0.77,0.85,0.60,0.87,0.85,0.40,0.60,0.40,0.47,0.73,0.40,0.34,0.90,0.62,0.84,0.48,0.63,0.44,0.50,0.30,0.73,0.77,0.74,0.50,0.33,0.68,0.73,0.45,0.50,0.53,0.73,0.88,1.13,0.60,0.87,0.73,0.80,0.50,0.60,0.73,0.90,0.73,0.57,0.53,0.30,0.63,0.58,0.50,0.40,0.45,0.40,0.50,0.50,0.57,0.50,0.50,0.25,,,,,,,,,,,,,,,,,,,,,,,,,,,,,,0.50,0.40,0.65,0.53,0.33,0.25,0.63,0.30,0.30,0.43,0.50,0.20,0.40,0.30,,0.20,0.45,0.40,0.60,0.45,0.53,0.43,0.40,0.45,0.90,0.35,0.25,0.37,0.20,0.33,0.57,0.43,0.40,0.43,0.40,0.35,0.30,0.58,0.50,0.50,0.93,0.60,0.45,0.50,0.52,0.37,0.45,0.27,1.02,0.27,0.67,1.23,0.55,0.75,0.60,0.57,0.97,0.53,0.55,0.76,0.90,0.68,0.85,0.60,0.68,0.70,0.55,0.43,0.50,0.73,0.47,0.30,0.72,0.57,0.76,0.90,0.60,1.00,0.43,0.70,0.90,0.60,0.87,0.90,1.10,0.55,0.57,0.35,0.60,0.45,0.40,0.73,0.70,0.90,0.80,1.00,0.77,0.90,0.95,0.90,0.83,0.60,0.50,0.77,0.90,0.70,0.53,0.45,0.65,0.55,0.30,,0.30,0.55,0.50,0.63,0.45,0.50,0.55,0.65,,0.80,0.40,0.40,0.50,0.70,0.50,0.50,0.40,0.40,0.55,0.45,0.80,0.40,0.50,0.30,0.35,0.35,0.60,,0.45,0.60,0.53,0.50,0.40,0.45,0.40,0.40,0.30,0.30,0.45,,0.25,,0.50,,0.35,0.50,0.40,0.20,0.30,0.40,0.30,0.30,0.37,0.35,0.35,0.35,0.20,0.50,0.25,0.55,0.15,0.50,0.30,0.50,0.50,,0.35,0.50,,,,0.70,,
20260406,8,AQI,20,22,49,25,23,47,35,20,16,21,29,50,56,53,22,20,22,47,41,53,75,63,79,50,64,90,86,85,83,87,62,76,64,62,33,53,61,74,57,54,29,75,56,46,65,27,24,38,61,55,95,85,33,30,30,29,34,31,35,32,33,54,61,50,43,49,66,39,35,87,74,55,82,57,33,36,18,46,22,19,17,43,43,56,53,68,38,54,55,30,43,53,58,55,37,49,56,37,49,50,29,23,32,35,47,37,53,64,41,75,30,73,74,73,20,20,26,23,37,49,37,37,34,67,73,46,101,64,85,94,109,61,33,45,53,47,34,73,49,59,30,61,64,52,29,54,54,30,58,41,88,82,73,59,104,74,44,69,32,35,,,,,,,,,,,,,,,,,,,,,,,,,,,,,,66,87,40,72,52,57,83,51,67,59,46,27,32,24,,16,54,29,27,17,35,42,33,25,32,101,22,23,36,75,31,21,20,24,47,33,26,76,96,69,66,59,53,64,75,75,64,90,58,65,47,21,29,21,33,41,43,53,30,20,31,37,36,51,79,79,62,101,106,96,67,104,46,64,77,59,56,90,52,45,66,45,50,54,39,51,54,44,46,34,59,54,71,63,51,108,60,103,70,106,47,34,52,48,48,40,59,37,45,49,28,,23,39,64,71,41,34,83,54,,69,44,36,28,78,56,40,61,69,103,36,64,47,33,19,35,33,34,,31,23,58,63,52,59,55,61,58,49,67,,82,,59,,67,56,45,56,75,60,21,41,80,76,77,40,58,35,68,86,72,84,140,56,34,,50,58,,,,65,,
20260406,8,PM2.5,4,3,4,6,3,14,6,7,3,7,4,12,12,9,15,4,6,33,29,32,39,40,43,13,13,54,44,47,48,59,22,56,33,32,17,37,34,43,33,38,13,53,30,32,38,19,17,22,9,12,40,63,23,17,16,13,21,20,15,22,20,38,44,35,28,34,48,21,7,34,34,26,24,17,23,24,11,10,3,10,12,13,30,11,7,22,3,9,8,8,7,9,12,9,6,3,40,25,34,25,20,12,20,16,33,26,37,46,26,29,10,23,21,21,8,11,11,11,18,34,26,26,24,43,49,32,42,22,38,32,36,23,16,26,35,32,24,53,31,42,16,44,45,30,15,35,38,21,41,23,40,28,27,26,37,27,9,25,10,15,,,,,,,,,,,,,,,,,,,,,,,,,,,,,,30,42,28,12,17,9,28,20,18,14,10,8,11,6,,8,5,3,9,3,8,15,17,9,18,76,11,16,25,55,22,15,14,16,26,23,5,54,72,20,37,42,27,40,51,29,34,67,32,34,33,15,20,10,23,20,30,29,21,9,15,26,14,24,30,25,23,38,39,38,25,40,24,31,52,31,31,51,31,24,43,26,32,38,27,36,29,25,29,24,42,38,52,45,35,81,43,77,51,80,26,21,32,29,22,28,33,23,27,34,8,,13,27,46,52,19,24,61,38,,50,30,16,6,57,40,25,44,50,77,25,46,33,10,3,3,3,11,,3,6,36,31,22,22,24,25,27,20,24,,27,,23,,31,21,18,28,36,13,3,18,18,34,23,23,19,14,17,51,38,38,52,26,9,,6,26,,,,47,,
20260406,8,PM2.5_24h,3,8,22,11,8,42,16,8,5,9,21,23,32,21,5,21,23,28,28,31,26,38,34,36,36,32,30,34,33,38,40,51,41,29,19,36,28,38,27,28,17,36,33,25,29,26,22,27,22,27,45,58,30,21,12,13,30,16,24,21,16,46,51,36,34,40,35,22,8,31,35,28,35,15,29,31,7,11,15,24,13,14,25,27,22,27,14,22,28,19,16,30,23,35,21,10,39,19,32,32,18,15,19,25,33,23,28,51,25,39,7,29,42,22,6,20,21,20,18,27,44,29,28,37,36,31,39,35,43,39,39,30,29,35,31,39,30,43,35,36,24,35,42,25,21,41,34,31,28,21,35,30,32,35,40,15,11,25,12,13,,,,,,,,,,,,,,,,,,,,,,,,,,,,,,35,36,28,23,9,21,35,14,27,20,23,12,18,8,,4,24,10,18,16,6,28,19,14,13,48,37,22,25,19,14,16,17,16,26,27,12,41,34,34,35,36,36,33,31,43,36,40,32,30,28,26,19,19,27,29,27,21,32,21,21,23,23,32,40,33,33,41,38,39,45,32,33,28,44,36,42,44,39,32,39,30,36,49,37,27,33,32,32,32,35,38,40,49,51,67,42,60,58,59,32,32,41,41,35,41,34,30,29,37,7,,13,22,33,38,22,28,43,42,,41,32,31,12,54,35,25,40,45,77,27,44,29,11,5,3,4,18,,3,6,35,27,28,27,23,30,22,20,25,,23,,25,,28,25,17,27,23,14,3,10,33,30,17,20,13,18,21,60,42,62,67,23,12,2,10,16,,,,42,,
20260406,8,PM10,16,16,49,25,17,47,35,20,16,18,29,50,61,56,22,20,22,40,39,55,99,76,108,50,77,129,121,120,116,124,74,94,78,74,33,45,72,97,64,52,27,100,62,41,79,25,23,38,71,60,140,114,28,30,30,29,34,31,35,32,33,47,56,43,43,49,60,39,9,124,97,60,113,64,32,36,15,46,11,19,12,43,,61,55,86,38,58,59,30,43,56,66,60,37,49,55,37,40,50,23,23,32,35,44,28,43,60,41,100,30,95,98,95,20,20,26,23,37,37,34,29,34,84,95,46,151,77,120,137,168,71,33,45,56,47,33,74,49,51,30,69,77,53,29,58,46,30,54,41,125,114,96,68,158,97,44,87,32,35,,,,,,,,,,,,,,,,,,,,,,,,,,,,,,82,123,35,94,53,63,115,52,83,67,46,27,32,20,,12,57,29,27,14,35,42,33,19,32,80,20,,30,,30,21,,24,47,31,26,101,107,88,82,64,56,77,99,99,77,124,66,79,25,18,25,17,,41,33,56,29,20,31,37,36,51,108,107,74,152,162,142,84,158,46,77,104,68,61,129,54,45,82,45,50,44,36,29,57,44,46,31,63,50,66,64,52,83,62,141,72,94,47,34,53,48,48,35,68,37,45,47,28,,19,33,62,85,41,32,76,53,,61,44,36,14,88,48,40,56,65,88,35,63,35,14,6,9,9,19,,10,,65,76,54,67,60,72,66,49,84,,113,,67,,84,62,45,62,99,69,6,30,109,101,103,40,66,35,85,121,94,118,229,61,34,,50,65,,,,60,,
20260406,8,PM10_24h,15,28,126,49,39,137,60,20,30,38,63,98,143,126,12,37,43,35,39,62,110,90,110,101,122,124,117,108,103,117,110,120,109,80,37,49,73,91,68,47,33,88,83,46,83,34,30,53,112,71,151,102,60,34,23,25,38,28,41,29,25,64,63,49,56,88,53,36,16,105,97,68,162,53,57,62,22,49,32,39,23,32,28,106,122,141,80,88,119,63,77,109,109,96,56,67,57,26,49,58,19,25,27,44,52,32,34,76,40,138,23,105,141,127,23,32,34,31,36,34,61,35,39,109,116,60,130,174,142,137,151,99,62,62,74,64,39,62,56,46,41,70,84,42,37,85,66,59,42,37,104,93,127,106,122,40,38,124,46,49,,,,,,,,,,,,,,,,,,,,,,,,,,,,,,89,126,37,113,47,163,112,71,133,101,51,25,65,22,,13,92,31,25,29,28,49,36,28,30,52,45,29,35,33,21,29,32,26,37,37,20,111,103,118,92,68,88,90,94,115,83,119,77,98,32,34,30,23,33,57,54,45,68,33,44,49,50,77,163,135,130,148,141,113,134,103,72,87,103,74,83,117,63,75,86,48,64,67,46,36,57,63,55,48,48,56,58,69,70,78,59,92,78,83,67,74,71,83,103,61,77,60,60,60,23,,25,35,43,52,40,43,49,64,,50,49,55,20,95,42,38,54,62,96,35,75,39,18,9,16,19,25,,9,8,80,118,81,69,67,81,54,53,73,,79,,63,,79,72,44,69,62,42,10,42,155,98,68,52,35,42,101,213,124,176,291,74,59,13,42,52,,,,59,,
20260406,8,SO2,3,5,3,5,6,6,3,4,2,6,6,6,5,8,7,9,6,6,8,7,12,7,7,8,13,11,6,13,9,16,8,7,6,7,7,5,7,8,7,6,6,5,5,5,7,4,1,6,9,8,9,8,4,5,5,4,6,4,6,4,5,9,5,6,8,4,4,5,4,9,8,11,17,7,4,5,9,7,9,5,13,16,3,11,16,17,8,12,10,6,5,3,11,10,3,6,6,6,6,4,7,6,6,5,5,2,9,7,7,8,10,18,11,20,10,16,10,9,47,6,5,4,6,11,16,6,12,7,13,15,11,15,6,6,6,8,10,8,9,7,4,9,6,9,7,8,3,5,8,12,9,3,2,6,12,28,11,11,5,9,,,,,,,,,,,,,,,,,,,,,,,,,,,,,,7,5,3,13,7,11,10,9,13,18,7,6,8,5,,5,8,7,10,9,9,3,4,8,9,1,3,7,5,9,8,4,5,8,9,5,8,6,10,10,23,7,4,10,8,10,6,12,6,6,3,4,3,4,4,3,8,5,8,4,7,8,6,8,14,12,7,11,9,8,6,7,6,6,12,10,7,8,6,6,6,8,6,13,4,16,4,5,3,4,10,10,6,16,18,14,6,12,8,10,6,7,8,4,7,7,6,6,8,3,5,,5,5,5,11,4,9,4,3,,4,7,8,9,7,9,6,6,7,10,3,7,7,6,7,9,7,6,,10,7,6,24,5,5,4,14,10,6,7,,10,,8,,4,10,8,9,16,17,7,18,9,14,4,3,13,6,4,3,15,3,4,7,4,,9,8,,,,7,,
20260406,8,SO2_24h,3,6,3,5,8,6,4,3,3,3,6,4,5,5,6,9,7,6,9,7,11,7,7,10,11,9,6,10,7,12,9,10,6,7,6,5,7,7,7,6,6,4,6,5,7,4,2,9,8,8,7,10,6,5,5,4,6,4,7,4,5,9,4,6,9,6,6,5,5,5,7,12,11,8,6,8,6,6,9,5,6,11,4,13,12,12,10,13,11,7,7,6,9,19,4,7,12,6,6,8,7,6,6,6,7,5,7,8,6,8,6,11,10,7,6,10,10,8,15,6,6,6,6,9,12,7,12,5,13,13,8,16,7,8,7,9,10,7,8,7,4,6,9,13,10,10,3,6,11,5,6,4,4,5,14,10,12,9,6,10,,,,,,,,,,,,,,,,,,,,,,,,,,,,,,9,3,5,7,5,10,10,7,8,13,6,5,9,5,,5,8,8,6,9,7,4,6,8,9,2,4,6,6,9,7,5,5,7,7,5,10,8,9,9,16,10,5,10,8,7,6,8,7,6,4,9,3,5,6,4,11,5,17,4,8,9,8,10,10,12,6,8,8,7,6,6,11,8,15,14,6,9,9,7,10,7,11,14,6,10,5,7,7,5,8,8,6,17,15,17,9,9,10,9,12,9,10,6,11,8,6,7,8,3,5,,6,6,5,11,5,10,5,3,,5,6,8,8,7,10,6,5,14,10,4,7,7,6,7,9,7,8,,8,6,6,16,6,8,9,14,10,6,8,,5,,8,,5,11,9,10,14,10,6,15,7,10,4,4,9,7,3,5,12,4,5,8,5,5,9,8,,,,8,,
20260406,8,NO2,11,16,11,8,11,17,16,12,18,12,18,26,26,26,10,16,15,15,16,31,55,47,51,20,24,55,45,42,58,50,13,13,20,30,27,28,29,52,32,28,17,28,31,14,44,14,21,8,24,35,22,49,8,24,15,5,23,4,11,26,20,36,11,6,19,18,11,13,9,36,35,25,33,18,17,12,24,31,11,14,20,40,16,22,19,32,14,25,15,23,16,22,13,23,16,11,21,25,14,8,10,5,9,5,21,12,24,26,20,20,22,33,20,42,15,21,18,14,21,12,9,21,11,43,51,27,33,18,26,19,17,26,19,35,21,7,13,18,15,17,8,21,15,28,15,8,16,12,9,18,30,20,20,19,34,40,46,24,14,9,,,,,,,,,,,,,,,,,,,,,,,,,,,,,,12,22,18,18,24,33,35,25,26,26,10,7,10,7,,10,6,8,13,5,22,10,8,11,13,12,8,9,21,21,26,9,12,17,13,18,4,20,29,16,27,32,9,16,21,18,19,19,23,17,13,13,7,4,13,11,9,14,9,17,12,14,4,19,22,21,22,23,20,16,16,17,16,15,22,35,21,21,43,12,30,15,9,12,3,11,13,6,12,10,25,17,15,27,17,18,24,6,16,17,36,15,12,16,26,13,23,6,20,10,10,,11,18,9,8,9,6,6,5,,7,6,10,15,19,13,23,10,17,14,9,16,14,6,5,2,5,10,,4,4,29,55,12,23,21,31,33,17,21,,15,,17,,37,15,2,2,27,6,28,1,23,26,33,14,38,12,7,19,6,16,5,23,8,,11,23,,,,5,,
20260406,8,NO2_24h,7,13,11,7,9,17,14,5,8,6,18,18,15,12,3,17,17,11,20,20,33,29,32,17,25,34,24,22,23,32,23,21,17,28,14,18,19,30,21,15,21,32,24,11,22,12,15,13,18,18,17,41,12,22,13,9,25,12,21,20,12,39,8,8,23,19,12,8,8,35,25,12,19,21,13,13,7,14,15,10,18,20,11,19,17,20,17,20,19,21,16,17,13,24,15,14,22,12,11,9,8,8,10,13,22,10,16,40,11,20,7,15,17,27,6,16,15,15,18,9,12,15,10,38,36,30,23,15,24,16,19,26,25,25,23,12,16,18,10,12,5,17,15,15,16,12,12,21,9,9,29,20,26,17,30,14,17,13,14,11,,,,,,,,,,,,,,,,,,,,,,,,,,,,,,9,14,17,17,9,18,25,11,15,20,11,8,8,4,,8,5,11,12,9,13,12,9,10,11,10,11,8,10,11,9,7,14,12,10,13,5,24,17,17,26,27,12,13,15,18,18,19,21,16,9,13,9,7,13,13,9,13,14,11,13,10,6,16,17,16,20,18,18,20,18,12,18,12,14,22,16,18,17,10,19,21,10,13,6,9,14,9,11,11,23,16,10,21,15,12,12,9,12,13,31,17,16,29,35,15,38,12,20,11,4,,11,11,9,5,9,8,5,10,,6,6,14,8,13,7,8,7,10,15,8,13,12,7,6,3,5,10,,5,5,19,27,11,20,12,28,18,12,21,,10,,11,,15,6,2,3,7,4,7,4,17,20,20,16,23,21,12,27,15,27,10,21,9,4,16,15,,,,6,,
20260406,8,O3,65,70,66,70,74,69,66,58,42,66,66,49,47,38,64,58,62,54,54,68,18,27,34,94,76,22,35,34,19,29,95,119,81,34,69,48,53,20,45,45,94,27,29,55,18,68,35,75,64,61,74,6,62,21,24,49,16,53,35,25,21,5,55,78,26,37,31,85,111,29,25,32,38,64,58,63,58,43,71,61,49,40,37,77,60,55,72,69,99,67,70,80,84,83,70,78,16,25,54,56,30,40,42,51,11,43,28,7,60,77,45,37,40,43,61,52,57,59,61,69,69,57,62,16,14,39,45,64,56,56,83,29,2,24,36,37,13,2,20,13,45,14,35,41,64,70,45,32,33,73,39,52,18,31,38,31,31,27,66,82,,,,,,,,,,,,,,,,,,,,,,,,,,,,,,63,44,34,64,38,30,23,45,28,34,64,76,68,76,,50,84,68,59,53,54,62,61,80,76,55,70,72,41,46,18,56,41,42,69,52,78,73,26,94,46,24,29,61,45,76,45,58,39,47,55,45,69,68,66,45,64,62,67,31,60,56,83,63,62,75,64,68,62,81,79,54,24,37,20,15,32,29,25,16,22,1,42,56,78,9,39,46,65,19,11,55,37,16,28,19,11,24,13,33,9,48,75,59,37,33,2,46,11,49,45,,74,40,63,59,56,94,82,49,,23,85,88,91,61,65,38,101,56,47,87,40,29,105,60,113,106,110,,98,74,8,9,20,34,42,30,19,49,39,,73,,38,,17,53,64,78,51,61,68,131,32,33,25,62,22,65,66,44,77,58,75,33,21,,66,37,,,,99,,
20260406,8,O3_24h,65,70,66,70,74,69,66,58,42,66,66,49,47,38,64,58,62,54,54,68,18,27,34,94,76,22,35,34,19,29,95,119,81,34,69,48,53,20,45,45,94,27,29,55,18,68,35,75,64,61,74,6,62,21,24,49,16,53,35,25,21,5,55,78,26,37,31,85,111,29,25,32,38,64,58,63,58,43,71,61,49,40,37,77,60,55,72,69,99,67,70,80,84,83,70,78,16,25,54,56,30,40,42,51,11,43,28,7,60,77,45,37,40,43,61,52,57,59,61,69,69,57,62,16,14,39,45,64,56,56,83,29,2,24,36,37,13,2,20,13,45,14,35,41,64,70,45,32,33,73,39,52,18,31,38,31,31,27,66,82,,,,,,,,,,,,,,,,,,,,,,,,,,,,,,63,44,34,64,38,30,23,45,28,34,64,76,68,76,,50,84,68,59,53,54,62,61,80,76,55,70,72,41,46,18,56,41,42,69,52,78,73,26,94,46,24,29,61,45,76,45,58,39,47,55,45,69,68,66,45,64,62,67,31,60,56,83,63,62,75,64,68,62,81,79,54,24,37,20,15,32,29,25,16,22,1,42,56,78,9,39,46,65,19,11,55,37,16,28,19,11,24,13,33,9,48,75,59,37,33,2,46,11,49,45,,74,40,63,59,56,94,82,49,,23,85,88,91,61,65,38,101,56,47,87,40,29,105,60,113,106,110,,98,74,8,9,20,34,42,30,19,49,39,,73,,38,,17,53,64,78,51,61,68,131,32,33,25,62,22,65,66,44,77,58,75,33,21,,66,37,,,,99,,
20260406,8,O3_8h,70,73,66,73,75,67,67,69,44,70,65,69,63,52,75,63,67,64,56,81,21,45,51,99,78,26,55,53,39,36,83,76,88,28,95,67,71,31,66,73,98,29,41,82,28,80,65,76,77,84,84,8,65,29,32,51,25,54,34,33,31,8,72,76,27,47,36,95,121,19,34,60,42,63,67,73,76,49,61,71,43,50,57,82,60,72,63,76,104,70,71,85,95,88,78,73,17,55,44,55,33,43,49,48,15,54,46,5,77,68,63,55,55,36,69,53,66,56,62,75,70,70,61,16,13,48,68,59,64,69,77,32,4,46,40,32,17,2,26,22,58,13,55,60,63,71,46,33,45,85,37,52,15,43,44,35,61,34,83,83,,,,,,,,,,,,,,,,,,,,,,,,,,,,,,77,54,48,67,45,34,25,61,27,31,67,73,68,78,,38,86,65,62,60,57,59,64,87,83,63,72,71,55,56,39,64,47,59,67,56,76,45,41,75,40,20,24,66,70,64,35,40,43,45,75,46,78,68,75,55,77,75,66,44,64,74,75,70,62,85,66,70,62,52,65,58,34,48,32,33,44,28,40,30,26,1,51,64,71,13,32,58,70,20,4,45,57,24,36,44,30,28,18,30,18,34,71,51,46,34,3,36,15,56,59,,75,47,77,78,65,91,90,49,,37,89,92,94,76,76,78,111,76,63,88,51,33,103,69,119,113,111,,103,65,29,16,32,35,53,36,18,46,47,,79,,60,,37,77,75,86,92,70,94,132,28,27,29,77,48,62,69,70,72,53,75,32,28,95,66,42,,,,99,,
20260406,8,O3_8h_24h,70,73,66,73,75,67,67,69,44,70,65,55,63,52,75,63,67,64,56,81,21,45,51,99,78,26,55,53,39,36,83,76,88,28,95,67,71,31,66,73,98,29,41,82,28,80,52,76,77,84,84,8,65,29,32,51,25,54,34,19,31,8,72,76,27,47,36,95,121,19,34,60,42,63,67,73,76,49,61,71,43,50,57,82,60,72,63,76,104,70,71,85,95,88,78,73,17,55,44,55,33,43,49,48,15,54,46,5,77,68,63,55,55,36,69,53,66,56,62,75,70,70,61,16,13,48,68,59,64,69,77,32,4,46,40,32,17,2,26,22,58,13,55,60,63,71,46,33,45,85,37,52,15,43,44,35,61,34,83,83,,,,,,,,,,,,,,,,,,,,,,,,,,,,,,77,54,48,67,45,34,25,61,27,31,67,73,68,78,,38,86,65,62,60,57,59,64,87,83,63,72,71,55,56,39,64,47,59,67,56,76,45,41,75,40,20,24,66,70,64,35,40,43,45,75,46,78,68,75,55,77,75,66,44,64,74,75,70,62,85,66,70,62,52,65,58,34,48,32,33,44,28,40,30,26,1,51,64,71,13,32,58,70,20,4,45,57,24,36,44,30,28,18,30,18,34,71,51,46,34,3,36,15,56,59,,75,47,77,78,65,91,90,49,,37,89,92,94,76,76,78,111,76,63,88,51,33,103,69,119,113,111,,103,65,29,16,32,35,53,36,18,46,47,,79,,60,,37,77,75,86,92,70,94,132,28,27,29,77,48,62,69,25,72,53,75,32,28,,66,42,,,,99,,
20260406,8,CO,0.28,0.33,0.24,0.29,0.25,0.45,0.24,0.33,0.30,0.25,0.33,0.33,0.40,0.48,0.30,0.46,0.38,0.49,0.50,0.62,0.93,0.89,0.83,0.49,0.54,0.86,0.87,0.90,0.78,0.97,0.38,0.66,0.45,0.72,0.60,0.53,0.62,0.93,0.65,0.60,0.60,0.80,0.40,0.60,0.81,0.45,0.53,0.50,0.58,0.54,0.58,1.21,0.58,0.72,0.55,0.47,0.60,0.40,0.37,0.75,0.70,0.87,0.64,0.60,0.63,0.53,0.37,0.52,0.33,0.56,0.67,0.95,0.58,0.36,0.38,0.57,0.50,0.38,0.38,0.40,0.33,0.55,0.70,0.34,0.50,0.70,0.33,0.47,0.52,0.32,0.28,0.40,0.50,0.58,0.27,0.42,1.03,0.80,0.67,0.73,0.70,0.40,0.55,0.63,0.90,0.70,1.03,0.90,0.47,0.80,0.63,0.68,0.57,0.90,0.38,1.06,0.63,0.88,0.52,0.72,0.38,0.57,0.27,1.10,1.27,0.72,0.68,0.57,0.68,0.93,0.55,0.53,0.45,0.90,0.97,1.05,0.55,0.97,0.72,0.80,0.50,0.68,0.78,0.98,0.63,0.53,0.60,0.20,1.05,0.70,0.57,0.45,0.45,0.40,0.70,0.60,0.50,0.56,0.46,0.30,,,,,,,,,,,,,,,,,,,,,,,,,,,,,,0.52,0.50,0.70,0.97,0.50,0.35,0.95,0.43,0.40,0.57,0.47,0.20,0.40,0.30,,0.20,0.50,0.28,0.63,0.35,0.60,0.30,0.30,0.25,0.90,0.45,0.20,0.40,0.30,0.47,0.47,0.42,0.40,0.60,0.40,0.35,0.30,0.52,0.68,0.50,1.38,0.72,0.40,0.45,0.58,0.70,0.48,0.77,1.13,0.33,0.80,0.83,0.50,0.70,0.60,0.47,0.70,0.57,0.40,0.88,0.95,0.75,0.88,0.65,0.92,0.77,0.55,0.47,0.52,0.60,0.47,0.33,0.82,0.70,0.90,0.90,0.65,1.00,0.47,0.80,0.97,0.65,0.93,0.95,0.90,0.85,0.70,0.30,0.60,0.50,0.50,0.73,0.82,0.97,0.73,1.20,0.80,1.00,0.90,1.00,0.80,0.50,0.53,0.57,0.70,0.72,0.63,0.45,0.75,0.55,0.40,,0.30,0.70,0.53,0.80,0.40,0.45,0.65,0.60,,0.95,0.45,0.40,0.50,0.80,0.65,0.60,0.40,0.60,0.55,0.45,1.10,0.50,0.45,0.35,0.30,0.35,0.50,,0.45,0.55,0.60,0.80,0.40,0.40,0.70,0.45,0.60,0.35,0.45,,0.40,,0.55,,0.50,0.50,0.40,0.20,0.50,0.50,0.40,0.40,0.53,0.50,0.50,0.55,0.75,0.25,0.20,0.50,0.10,0.35,0.25,0.55,1.20,,0.35,0.70,,,,0.70,,
20260406,8,CO_24h,0.24,0.34,0.30,0.31,0.30,0.43,0.25,0.30,0.20,0.20,0.30,0.30,0.38,0.35,0.28,0.58,0.48,0.44,0.62,0.58,0.96,0.80,0.67,0.60,0.58,0.70,0.73,0.70,0.64,0.72,0.70,0.84,0.52,0.64,0.53,0.47,0.46,0.83,0.60,0.47,0.60,0.63,0.50,0.50,0.69,0.45,0.47,0.65,0.51,0.59,0.50,1.07,0.63,0.82,0.64,0.57,0.73,0.40,0.57,0.80,0.65,0.87,0.67,0.57,0.63,0.49,0.43,0.48,0.28,0.49,0.47,0.70,0.40,0.35,0.50,0.62,0.34,0.30,0.52,0.45,0.30,0.45,0.63,0.39,0.50,0.60,0.32,0.50,0.62,0.40,0.35,0.53,0.42,0.92,0.37,0.50,1.00,0.78,0.70,0.77,0.60,0.50,0.55,0.77,0.85,0.60,0.87,0.85,0.40,0.60,0.41,0.47,0.70,0.40,0.34,0.92,0.62,0.86,0.48,0.63,0.42,0.50,0.30,0.78,0.77,0.76,0.51,0.33,0.68,0.73,0.45,0.50,0.50,0.73,0.88,1.13,0.60,0.90,0.73,0.80,0.50,0.60,0.73,0.92,0.73,0.57,0.53,0.30,0.63,0.58,0.50,0.40,0.45,0.40,0.50,0.50,0.57,0.50,0.50,0.25,,,,,,,,,,,,,,,,,,,,,,,,,,,,,,0.50,0.40,0.65,0.53,0.33,0.25,0.63,0.30,0.30,0.43,0.50,0.20,0.40,0.30,,0.20,0.45,0.40,0.60,0.45,0.47,0.43,0.40,0.35,0.90,0.35,0.25,0.37,0.20,0.33,0.33,0.43,0.40,0.40,0.35,0.30,0.30,0.58,0.50,0.50,0.93,0.63,0.50,0.45,0.52,0.37,0.45,0.27,1.05,0.27,0.67,1.23,0.55,0.75,0.60,0.57,0.97,0.50,0.55,0.76,0.90,0.68,0.85,0.60,0.66,0.70,0.55,0.43,0.50,0.70,0.47,0.30,0.75,0.57,0.76,0.90,0.57,1.00,0.43,0.70,0.90,0.65,0.87,0.90,1.10,0.55,0.57,0.35,0.60,0.45,0.40,0.73,0.67,0.93,0.77,1.00,0.77,0.90,0.95,0.90,0.83,0.60,0.50,0.77,0.90,0.70,0.55,0.45,0.65,0.55,0.30,,0.30,0.55,0.50,0.63,0.45,0.50,0.55,0.65,,0.90,0.40,0.40,0.50,0.70,0.50,0.50,0.40,0.40,0.55,0.45,0.80,0.40,0.45,0.30,0.35,0.30,0.60,,0.45,0.60,0.53,0.50,0.40,0.45,0.40,0.40,0.30,0.30,0.45,,0.25,,0.50,,0.35,0.50,0.40,0.20,0.30,0.40,0.30,0.30,0.37,0.35,0.35,0.35,0.20,0.45,0.25,0.55,0.15,0.45,0.30,0.50,0.50,,0.35,0.50,,,,0.70,,
20260406,9,AQI,22,24,40,24,25,53,26,23,16,24,31,40,54,56,25,21,21,48,44,52,78,65,77,55,61,99,84,79,88,88,57,62,55,61,35,47,58,73,59,58,28,72,55,47,72,26,21,40,64,53,89,98,37,30,29,30,37,41,39,24,29,54,65,47,44,43,56,38,32,91,76,56,84,54,31,32,20,41,23,22,20,26,43,56,59,70,65,44,54,27,37,56,55,54,32,40,59,39,47,50,30,23,28,36,49,50,55,65,38,79,36,66,80,86,23,20,22,23,27,51,43,30,40,70,76,47,104,62,85,100,109,66,31,54,55,51,29,74,54,58,30,64,81,54,31,52,50,34,54,40,91,80,72,57,108,79,51,74,47,43,,,,,,,,,,,,,,,,,,,,,,,,,,,,,,71,89,37,69,47,58,87,41,66,57,40,25,28,27,,18,58,30,21,22,29,46,32,23,29,86,23,27,41,84,43,25,43,34,40,36,25,74,100,67,65,59,52,67,104,68,65,81,59,65,58,22,31,21,39,42,35,53,26,22,31,37,28,45,68,75,76,100,105,104,67,102,56,67,76,61,61,88,58,47,68,42,45,61,45,58,58,36,45,34,63,54,73,66,51,105,61,99,78,115,54,33,50,49,50,41,62,31,44,47,27,,23,41,53,80,32,42,91,53,,76,49,34,30,76,60,40,56,80,100,30,89,53,33,18,35,28,33,,29,24,56,59,54,62,59,58,55,57,62,,84,,63,,77,57,41,58,57,56,23,42,85,84,70,54,65,45,64,104,75,84,140,59,51,,49,59,,,,63,,
20260406,9,PM2.5,4,4,5,4,6,15,6,7,3,6,5,5,11,13,11,4,6,30,31,31,41,42,42,16,12,74,39,39,52,65,14,34,23,31,19,33,32,41,40,41,13,51,30,33,40,18,15,23,10,14,39,73,26,16,15,14,22,21,17,15,17,38,47,33,28,30,40,19,7,32,35,28,28,12,22,22,14,6,3,3,4,5,30,11,7,21,3,6,7,4,4,11,8,9,3,3,42,23,33,26,21,12,19,18,34,29,39,47,22,36,9,22,24,17,5,7,3,6,7,36,30,19,28,44,50,26,37,25,39,40,35,43,13,38,37,35,20,54,32,41,19,46,60,33,17,32,35,22,38,20,38,28,28,25,36,37,4,34,12,14,,,,,,,,,,,,,,,,,,,,,,,,,,,,,,40,54,26,14,12,16,36,12,16,13,7,14,15,7,,9,7,3,4,3,12,10,3,10,17,64,12,14,29,62,30,16,30,24,24,25,7,45,75,16,36,37,29,47,78,22,35,38,32,36,41,15,22,10,27,18,20,26,17,13,18,23,11,25,24,27,24,46,41,31,19,36,39,31,45,42,36,58,41,29,43,29,30,44,28,41,41,22,31,24,45,38,53,48,36,79,44,74,57,87,27,19,35,31,21,29,37,19,27,33,7,,12,29,37,59,16,29,68,37,,56,34,9,5,56,43,20,40,59,75,21,66,37,11,6,6,5,18,,5,6,36,31,27,25,22,23,32,19,26,,25,,23,,36,22,19,28,37,23,3,17,24,51,22,27,24,10,16,40,41,42,54,24,7,,12,24,,,,45,,
20260406,9,PM2.5_24h,3,6,22,9,8,41,14,8,5,8,19,22,32,19,5,20,22,28,28,30,26,37,34,34,34,33,29,34,33,39,37,49,40,29,19,35,28,37,28,28,17,36,32,25,30,27,23,26,21,26,44,59,30,21,12,13,30,15,22,20,16,46,50,36,34,39,36,22,8,31,35,28,33,15,29,31,8,10,14,23,12,14,25,25,21,26,13,20,26,18,14,29,22,33,21,8,40,20,31,31,19,15,19,25,34,24,28,51,25,38,7,29,40,21,6,19,20,20,17,27,43,28,27,37,37,31,39,35,43,40,39,30,28,35,32,38,29,44,36,37,23,35,43,26,21,42,34,30,29,21,35,29,32,35,39,16,10,24,12,13,,,,,,,,,,,,,,,,,,,,,,,,,,,,,,36,38,28,23,9,20,36,14,27,19,22,12,18,8,,4,21,9,17,16,6,28,19,12,12,49,36,22,24,20,14,16,16,16,26,25,11,42,36,34,35,36,36,34,34,42,37,40,32,30,29,25,18,18,27,29,27,21,32,21,21,23,22,32,39,33,32,41,38,38,44,32,33,29,45,36,42,45,39,31,38,30,36,49,37,28,33,32,32,31,37,38,40,50,51,69,43,62,58,61,30,32,41,41,34,40,35,30,29,37,6,,13,22,33,40,22,28,44,42,,43,32,30,12,54,35,25,40,44,77,26,44,29,11,5,3,4,17,,3,6,35,25,28,26,23,30,22,20,24,,21,,25,,28,25,17,28,24,14,3,10,32,31,17,19,14,18,21,60,42,62,66,24,12,2,10,16,,,,42,,
20260406,9,PM10,15,13,40,19,18,55,26,20,11,15,31,40,58,62,25,19,20,48,37,53,105,79,104,59,72,135,117,108,125,125,64,74,60,72,35,37,66,96,68,55,26,93,60,37,93,21,16,40,77,56,128,126,34,30,29,30,37,41,39,24,29,47,55,43,44,43,48,38,11,132,101,62,117,57,30,32,19,41,9,12,17,26,,62,67,89,79,44,57,27,37,62,60,57,32,40,54,39,43,50,29,23,28,36,45,50,50,67,38,107,36,82,109,121,20,16,19,23,27,39,38,30,37,89,102,47,158,74,119,150,167,82,31,51,59,51,24,75,58,53,30,70,95,58,31,54,46,34,45,40,132,110,94,64,165,107,52,97,47,43,,,,,,,,,,,,,,,,,,,,,,,,,,,,,,92,128,30,88,47,66,123,41,82,64,40,25,28,18,,16,65,30,20,19,29,46,32,22,29,65,18,16,38,83,34,25,,26,40,26,23,98,108,83,79,68,54,84,106,86,79,112,68,79,47,22,27,15,28,42,35,55,26,22,31,37,28,45,86,100,102,149,159,157,84,154,61,83,101,72,72,126,62,47,85,42,45,57,45,47,56,36,45,29,62,55,70,65,52,86,63,141,74,108,58,33,44,49,50,36,73,31,44,37,27,,16,37,53,74,32,42,72,47,,65,42,34,19,96,57,40,62,77,85,30,85,43,18,6,16,17,25,,12,6,62,67,58,74,68,65,60,63,74,,117,,76,,104,64,41,65,63,61,8,28,119,118,89,57,80,45,77,158,99,118,230,67,52,,49,68,,,,60,,
20260406,9,PM10_24h,14,26,121,46,37,135,56,20,30,35,60,96,141,116,11,35,43,36,38,61,110,90,111,99,120,126,119,108,106,119,108,119,107,81,38,48,75,92,69,48,32,89,82,46,84,34,30,53,110,71,151,104,58,34,23,25,38,27,40,28,25,64,63,49,56,85,53,36,16,105,95,67,153,54,55,60,21,46,31,38,23,31,28,104,120,141,79,86,117,62,75,108,108,94,56,65,58,27,48,57,19,25,27,44,52,33,35,76,40,138,22,104,139,124,23,31,33,31,35,34,60,35,38,109,116,60,132,172,141,138,152,97,60,62,72,64,38,63,56,46,40,69,85,42,37,86,64,55,42,36,104,93,127,105,123,43,38,117,47,48,,,,,,,,,,,,,,,,,,,,,,,,,,,,,,89,127,37,113,46,149,113,65,132,94,50,25,59,21,,13,83,30,25,28,26,49,35,26,29,53,44,28,33,34,20,29,30,26,37,35,20,111,103,117,91,69,87,89,94,114,82,119,77,97,33,33,29,23,33,57,53,45,68,32,43,48,49,76,162,134,129,147,143,114,133,106,72,87,103,75,81,119,63,74,85,48,64,66,46,36,56,61,54,47,49,56,58,70,70,80,60,97,79,85,65,70,71,83,101,60,77,59,58,60,24,,24,35,44,54,39,43,51,64,,51,49,54,21,95,42,37,54,62,96,34,76,39,18,9,16,19,24,,10,8,79,103,81,68,66,80,53,52,70,,77,,62,,79,71,44,69,62,43,9,42,153,99,68,52,36,42,101,217,122,174,287,74,59,13,43,52,,,,59,,
20260406,9,SO2,3,5,3,4,6,6,3,3,3,4,5,4,5,16,8,9,7,6,8,7,13,7,12,9,14,10,8,14,13,16,8,7,6,7,6,5,7,9,8,6,6,4,6,5,8,4,1,6,9,8,9,9,4,5,5,5,6,4,6,4,5,9,5,6,8,5,4,6,5,8,11,16,30,7,3,5,16,7,9,5,10,10,3,10,13,17,7,11,10,6,5,5,10,9,3,6,7,6,5,4,7,6,6,5,5,4,15,6,9,8,9,17,11,17,7,14,9,9,21,10,5,4,6,14,20,7,14,6,13,22,11,17,6,7,7,9,10,8,9,7,4,10,7,9,7,8,3,5,8,9,10,4,2,6,12,31,12,21,5,10,,,,,,,,,,,,,,,,,,,,,,,,,,,,,,8,6,3,19,6,12,12,10,12,22,5,6,8,4,,5,9,7,8,10,8,3,5,7,8,2,5,6,6,9,8,5,5,7,7,5,8,7,10,10,22,9,5,12,7,8,7,11,8,7,4,4,3,4,5,4,7,4,6,4,7,7,7,7,12,11,7,11,10,8,6,8,12,7,12,12,7,14,13,6,6,7,6,10,4,25,5,5,5,4,10,9,9,17,19,17,8,8,8,10,7,7,8,4,7,7,6,6,8,2,6,,6,5,5,9,4,9,5,3,,4,6,7,8,7,9,6,6,9,10,3,7,7,6,7,9,7,9,,8,6,6,49,6,6,10,9,11,6,6,,9,,8,,8,12,12,10,16,19,9,16,9,26,5,3,13,6,3,3,13,3,2,7,5,,9,8,,,,8,,
20260406,9,SO2_24h,3,5,3,5,7,6,4,3,2,3,6,4,5,6,6,9,7,6,9,7,11,7,7,10,12,9,6,10,8,12,9,10,6,7,6,5,7,7,7,6,6,4,6,5,8,4,2,9,8,8,7,10,6,5,5,4,6,4,7,4,5,9,4,6,9,6,6,5,5,5,7,12,12,8,6,7,7,6,9,5,7,11,4,13,12,12,10,13,11,7,6,6,9,19,4,7,12,6,6,7,7,6,6,6,7,4,7,8,6,8,6,12,10,7,6,10,10,8,16,6,6,6,6,9,12,7,12,5,13,13,8,16,6,7,7,9,10,7,8,7,4,6,9,13,10,10,3,6,11,6,6,4,4,6,15,11,12,10,6,10,,,,,,,,,,,,,,,,,,,,,,,,,,,,,,9,3,5,8,5,10,9,7,7,13,6,5,9,5,,5,8,7,7,9,7,4,5,8,9,2,4,6,6,9,7,4,5,7,7,5,10,8,9,9,16,10,5,10,8,7,6,8,7,6,4,9,3,5,6,4,11,5,16,4,8,9,8,9,10,12,6,8,8,7,6,7,11,8,14,13,6,9,8,7,9,7,11,14,6,10,5,7,7,4,8,9,6,17,15,16,9,9,10,9,11,9,10,6,11,8,6,7,8,3,5,,6,6,5,11,5,10,5,3,,5,6,8,8,7,10,6,5,14,10,3,7,7,6,7,9,7,8,,8,6,6,17,6,8,9,14,10,5,8,,5,,8,,5,11,9,10,14,10,6,15,7,11,4,4,9,7,4,5,11,4,5,8,5,5,9,8,,,,8,,
20260406,9,NO2,10,11,8,4,5,16,12,7,14,6,16,16,22,27,10,11,14,14,16,31,48,52,45,21,22,39,44,39,62,39,13,12,15,27,29,25,27,46,37,28,17,29,30,16,40,14,22,9,22,24,21,53,9,23,14,7,22,6,13,14,17,36,11,7,21,20,10,10,15,26,34,21,31,22,14,12,23,24,9,9,13,12,23,21,17,26,9,15,15,18,9,22,10,18,13,10,20,25,15,8,10,6,10,6,26,16,25,27,18,20,16,24,19,29,9,14,10,10,9,13,10,15,11,37,46,24,29,15,25,21,15,27,18,36,26,13,14,19,13,16,10,26,15,27,19,10,15,12,12,17,21,23,19,18,24,36,45,24,27,24,,,,,,,,,,,,,,,,,,,,,,,,,,,,,,18,20,17,22,17,26,31,16,22,17,7,6,7,4,,13,6,7,9,2,9,7,6,10,13,9,8,7,27,21,29,10,15,21,10,17,4,21,25,16,28,29,10,25,13,15,21,16,22,20,17,14,10,4,14,11,8,14,8,20,12,17,5,21,16,19,21,23,21,13,14,16,30,18,18,41,26,21,36,9,28,14,7,11,6,10,13,7,13,15,28,14,15,27,19,18,24,7,17,14,34,17,16,25,33,16,23,7,19,9,10,,13,22,10,7,11,8,8,6,,10,8,15,14,31,15,14,14,21,18,10,23,20,9,7,7,10,12,,7,6,23,48,15,22,35,29,34,20,19,,15,,25,,38,19,4,3,22,6,45,1,18,35,22,25,45,18,11,28,10,19,9,31,11,,31,22,,,,6,,
20260406,9,NO2_24h,7,12,11,6,8,16,13,5,8,5,17,17,16,13,4,17,17,11,20,21,33,30,33,17,24,34,25,23,25,33,22,21,16,28,15,18,19,30,22,16,21,32,25,11,23,12,16,12,19,19,16,42,12,22,13,9,24,11,20,19,12,39,8,8,23,18,12,8,8,35,25,12,20,21,13,13,8,14,15,10,18,20,12,18,16,21,16,19,18,21,16,17,13,23,15,14,22,13,11,9,8,8,9,12,22,10,16,39,11,20,7,16,16,27,6,16,15,15,18,9,11,15,10,38,37,30,23,15,24,16,19,26,24,25,24,12,16,18,10,12,5,17,15,15,16,11,11,20,9,9,28,20,26,17,29,15,17,14,14,12,,,,,,,,,,,,,,,,,,,,,,,,,,,,,,10,15,17,17,9,19,26,12,15,20,11,8,8,4,,9,5,11,12,9,12,11,8,9,11,9,11,8,10,11,10,7,13,12,9,13,5,24,18,17,27,27,12,13,15,18,18,19,21,17,9,13,9,6,13,13,9,12,14,12,13,11,6,15,16,16,20,18,18,20,18,12,18,12,14,23,16,18,18,10,19,21,10,12,6,9,13,8,11,12,23,16,10,21,15,12,12,8,12,13,30,17,16,29,35,15,38,12,20,11,5,,11,11,9,5,9,8,5,9,,6,6,14,9,13,7,8,7,10,15,8,13,12,6,6,3,5,9,,5,5,19,27,11,20,12,28,19,12,20,,9,,11,,15,6,2,3,7,3,7,4,17,20,19,15,23,21,13,27,15,26,10,21,9,4,16,15,,,,6,,
20260406,9,O3,71,77,76,77,80,73,75,74,52,76,74,66,59,46,65,68,66,52,55,72,38,29,55,91,81,34,48,50,32,39,92,114,90,46,67,57,60,32,51,47,91,30,32,52,31,73,38,68,71,77,78,9,59,23,32,46,19,53,36,37,27,8,60,79,24,38,35,92,103,49,33,45,47,64,58,64,64,48,75,71,65,75,33,80,68,63,80,85,101,71,80,84,88,88,74,85,21,22,55,56,32,41,41,52,9,40,30,5,78,87,67,59,46,62,75,63,69,65,81,65,70,69,64,32,25,62,61,76,65,74,89,33,7,38,36,32,18,3,26,16,46,11,39,48,57,60,47,39,28,78,54,54,28,35,54,44,34,40,54,69,,,,,,,,,,,,,,,,,,,,,,,,,,,,,,57,58,38,64,59,48,39,65,38,56,70,76,82,87,,57,87,75,66,69,77,72,64,73,77,62,73,86,38,52,17,55,40,41,73,53,80,79,45,96,58,38,39,62,64,80,51,69,52,50,50,49,65,68,69,40,62,65,67,29,60,55,78,64,81,79,70,66,63,97,90,60,32,40,30,16,34,37,29,22,28,2,46,58,73,15,42,46,66,24,7,62,45,21,27,28,12,22,18,47,13,46,66,40,32,32,2,49,17,53,42,,74,40,70,51,53,91,78,50,,23,84,88,96,56,64,75,91,59,47,89,31,27,104,57,111,90,107,,92,77,17,28,21,37,38,34,26,51,44,,78,,30,,27,57,71,81,65,83,43,133,43,40,55,56,20,59,60,42,75,49,75,19,22,,49,39,,,,100,,
20260406,9,O3_24h,71,77,76,77,80,73,75,74,52,76,74,66,59,46,65,68,66,52,55,72,38,29,55,91,81,34,48,50,32,39,92,114,90,46,67,57,60,32,51,47,91,30,32,52,31,73,38,68,71,77,78,9,59,23,32,46,19,53,36,37,27,8,60,79,24,38,35,92,103,49,33,45,47,64,58,64,64,48,75,71,65,75,33,80,68,63,80,85,101,71,80,84,88,88,74,85,21,22,55,56,32,41,41,52,9,40,30,5,78,87,67,59,46,62,75,63,69,65,81,65,70,69,64,32,25,62,61,76,65,74,89,33,7,38,36,32,18,3,26,16,46,11,39,48,57,60,47,39,28,78,54,54,28,35,54,44,34,40,54,69,,,,,,,,,,,,,,,,,,,,,,,,,,,,,,57,58,38,64,59,48,39,65,38,56,70,76,82,87,,57,87,75,66,69,77,72,64,73,77,62,73,86,38,52,17,55,40,41,73,53,80,79,45,96,58,38,39,62,64,80,51,69,52,50,50,49,65,68,69,40,62,65,67,29,60,55,78,64,81,79,70,66,63,97,90,60,32,40,30,16,34,37,29,22,28,2,46,58,73,15,42,46,66,24,7,62,45,21,27,28,12,22,18,47,13,46,66,40,32,32,2,49,17,53,42,,74,40,70,51,53,91,78,50,,23,84,88,96,56,64,75,91,59,47,89,31,27,104,57,111,90,107,,92,77,17,28,21,37,38,34,26,51,44,,78,,30,,27,57,71,81,65,83,43,133,43,40,55,56,20,59,60,42,75,49,75,19,22,,49,39,,,,100,,
20260406,9,O3_8h,71,73,66,74,76,68,68,69,44,70,66,69,64,52,75,63,67,64,56,81,23,45,51,99,78,26,55,53,39,36,90,85,88,30,95,67,71,31,66,73,98,31,41,82,28,80,65,76,76,84,84,8,65,29,32,51,25,55,34,33,31,8,72,77,28,47,37,95,121,23,35,60,42,65,67,73,76,49,63,71,45,51,57,82,60,72,65,76,104,70,72,86,95,89,78,75,17,55,46,55,33,43,49,48,15,54,46,5,77,70,63,55,55,38,69,53,66,56,62,75,70,70,62,19,14,50,68,61,64,69,81,33,4,46,40,32,17,3,26,22,58,13,55,60,64,71,46,35,45,85,41,53,18,43,46,36,61,35,83,83,,,,,,,,,,,,,,,,,,,,,,,,,,,,,,77,54,48,67,46,34,26,61,28,33,67,73,70,78,,41,86,66,62,60,57,59,64,87,83,63,72,72,55,56,39,64,47,59,69,56,76,51,42,79,42,23,26,67,71,70,36,44,44,46,75,46,78,68,75,55,77,75,66,44,64,74,75,70,63,85,66,73,62,62,71,58,35,48,33,33,44,28,40,30,26,1,51,64,71,14,32,58,70,20,4,47,57,24,36,44,30,28,18,30,18,36,71,52,46,34,3,37,15,57,59,,75,47,77,78,65,91,90,50,,37,89,92,94,76,76,78,111,76,63,88,51,33,103,69,119,113,111,,103,70,29,16,32,36,53,36,20,48,47,,79,,60,,37,77,75,86,92,70,94,132,29,29,31,77,48,65,69,72,74,57,75,32,28,95,67,42,,,,100,,
20260406,9,O3_8h_24h,70,73,66,73,75,67,68,68,44,69,66,54,63,48,73,62,66,62,55,78,22,39,47,98,78,25,50,48,35,34,90,85,86,30,90,63,69,28,62,65,98,30,40,75,27,78,47,75,73,81,82,8,63,26,31,50,22,55,33,19,29,7,68,77,27,45,35,94,119,23,33,55,40,64,65,71,75,46,63,67,45,51,52,81,59,70,65,74,104,69,72,86,94,87,77,75,16,50,46,55,32,41,47,48,14,51,42,5,76,70,61,53,51,38,69,52,65,56,62,74,70,69,61,19,13,50,65,61,62,66,81,32,4,44,39,31,16,2,24,20,56,11,52,56,64,69,44,35,42,83,41,53,18,41,46,36,54,33,80,82,,,,,,,,,,,,,,,,,,,,,,,,,,,,,,73,50,45,66,45,31,26,60,26,33,67,73,70,78,,41,86,66,61,59,57,59,63,85,80,62,72,71,52,54,35,62,46,55,69,56,76,51,40,79,42,23,26,65,71,70,36,44,43,46,70,46,75,67,73,55,74,73,64,43,63,69,75,69,63,83,65,73,60,62,71,57,32,46,31,29,43,28,35,28,24,1,48,61,71,13,32,55,69,19,4,47,54,23,34,37,26,26,18,30,16,36,69,52,42,34,3,37,15,57,55,,75,44,74,73,61,91,88,49,,33,87,92,94,72,75,74,108,69,60,87,47,32,103,67,118,109,110,,99,70,25,15,29,36,51,35,20,48,47,,78,,54,,34,71,72,85,88,67,87,132,28,29,31,73,45,65,66,29,74,57,73,29,27,,64,40,,,,100,,
20260406,9,CO,0.27,0.33,0.32,0.30,0.25,0.43,0.24,0.30,0.30,0.20,0.33,0.33,0.40,0.68,0.32,0.42,0.38,0.47,0.50,0.65,0.87,0.91,1.07,0.53,0.58,0.82,0.84,0.87,0.84,0.93,0.43,0.56,0.40,0.70,0.64,0.53,0.57,1.00,0.70,0.63,0.60,0.80,0.50,0.55,0.80,0.47,0.53,0.57,0.51,0.51,0.60,1.20,0.59,0.68,0.57,0.50,0.57,0.40,0.43,0.60,0.60,0.97,0.69,0.63,0.64,0.58,0.43,0.55,0.37,0.52,0.73,0.95,0.62,0.37,0.40,0.58,0.76,0.36,0.40,0.28,0.27,0.40,0.77,0.31,0.56,0.73,0.30,0.42,0.50,0.30,0.26,0.35,0.60,0.54,0.23,0.42,1.07,0.93,0.70,0.73,0.70,0.45,0.60,0.70,0.90,0.90,1.10,1.00,0.50,0.80,0.55,0.63,0.57,0.72,0.36,0.80,0.45,0.68,0.38,0.72,0.40,0.53,0.28,1.23,1.37,0.70,0.67,0.40,0.68,0.83,0.53,0.53,0.43,0.87,1.00,1.13,0.55,1.03,0.70,0.83,0.50,0.80,0.82,0.90,0.70,0.50,0.67,0.25,0.98,0.65,0.60,0.40,0.45,0.42,0.60,0.70,0.60,0.96,0.52,0.35,,,,,,,,,,,,,,,,,,,,,,,,,,,,,,0.63,0.70,0.75,1.23,0.43,0.45,0.95,0.37,0.40,0.67,0.43,0.20,0.40,0.28,,0.25,0.50,0.28,0.40,0.30,0.47,0.27,0.30,0.30,0.85,0.35,0.20,0.37,0.37,0.47,0.53,0.38,0.45,0.63,0.30,0.35,0.30,0.47,0.64,0.45,1.23,0.80,0.40,0.50,0.60,0.50,0.47,0.50,1.07,0.33,0.83,0.87,0.60,0.70,0.65,0.50,0.67,0.57,0.40,0.88,0.95,0.82,0.88,0.70,0.76,0.77,0.55,0.55,0.56,0.57,0.40,0.33,0.80,0.77,0.84,0.87,0.70,0.90,0.47,0.80,0.93,0.65,0.87,1.05,0.90,0.85,0.70,0.30,0.60,0.50,0.60,0.73,0.75,1.07,0.73,1.20,0.87,1.00,0.95,1.00,0.87,0.50,0.57,0.63,0.70,0.75,0.65,0.40,0.70,0.55,0.40,,0.30,0.70,0.50,0.73,0.40,0.45,0.65,0.60,,1.00,0.45,0.40,0.50,0.85,0.75,0.60,0.50,0.70,0.55,0.45,1.20,0.60,0.45,0.35,0.30,0.40,0.60,,0.45,0.55,0.60,0.70,0.40,0.40,0.80,0.50,0.80,0.30,0.45,,0.30,,0.65,,0.65,0.70,0.50,0.20,0.60,0.40,0.50,0.30,0.53,0.85,0.45,0.50,1.00,0.35,0.25,0.60,0.15,0.45,0.30,0.70,1.30,,0.40,0.75,,,,0.70,,
20260406,9,CO_24h,0.24,0.34,0.30,0.28,0.30,0.43,0.28,0.30,0.20,0.20,0.30,0.30,0.35,0.35,0.28,0.58,0.48,0.45,0.61,0.58,0.95,0.80,0.72,0.60,0.56,0.70,0.73,0.71,0.66,0.72,0.68,0.80,0.52,0.64,0.53,0.47,0.46,0.83,0.60,0.50,0.60,0.63,0.50,0.50,0.71,0.45,0.47,0.62,0.52,0.59,0.50,1.07,0.63,0.82,0.63,0.57,0.67,0.40,0.57,0.77,0.65,0.87,0.67,0.57,0.63,0.49,0.43,0.48,0.28,0.49,0.47,0.70,0.42,0.35,0.50,0.62,0.37,0.30,0.50,0.42,0.30,0.45,0.67,0.37,0.50,0.60,0.32,0.50,0.60,0.40,0.35,0.50,0.42,0.88,0.37,0.48,1.00,0.78,0.67,0.77,0.60,0.50,0.55,0.73,0.85,0.70,0.87,0.85,0.40,0.60,0.41,0.47,0.63,0.40,0.34,0.92,0.62,0.86,0.48,0.63,0.42,0.53,0.30,0.80,0.77,0.74,0.51,0.33,0.70,0.73,0.45,0.50,0.50,0.73,0.88,1.15,0.60,0.90,0.75,0.80,0.50,0.60,0.73,0.92,0.73,0.57,0.53,0.30,0.65,0.58,0.47,0.40,0.45,0.40,0.50,0.50,0.53,0.52,0.48,0.25,,,,,,,,,,,,,,,,,,,,,,,,,,,,,,0.50,0.40,0.65,0.57,0.37,0.25,0.68,0.30,0.33,0.43,0.50,0.20,0.40,0.30,,0.20,0.45,0.38,0.60,0.45,0.47,0.40,0.40,0.30,0.90,0.35,0.25,0.37,0.20,0.33,0.33,0.40,0.40,0.50,0.35,0.30,0.30,0.58,0.52,0.50,0.93,0.65,0.50,0.45,0.52,0.37,0.45,0.27,1.05,0.27,0.67,1.13,0.55,0.75,0.60,0.57,0.93,0.50,0.55,0.76,0.90,0.68,0.85,0.60,0.66,0.72,0.55,0.43,0.50,0.65,0.47,0.30,0.75,0.57,0.76,0.87,0.57,1.00,0.43,0.70,0.90,0.65,0.87,0.90,1.00,0.55,0.57,0.35,0.60,0.45,0.40,0.73,0.67,0.93,0.77,1.00,0.77,0.90,0.90,0.90,0.83,0.60,0.50,0.77,0.90,0.70,0.55,0.45,0.65,0.55,0.30,,0.30,0.55,0.50,0.63,0.45,0.50,0.55,0.65,,0.90,0.40,0.40,0.50,0.70,0.50,0.50,0.40,0.40,0.55,0.45,0.80,0.45,0.45,0.30,0.35,0.35,0.60,,0.45,0.60,0.50,0.50,0.40,0.45,0.45,0.40,0.30,0.30,0.45,,0.25,,0.50,,0.35,0.50,0.40,0.20,0.30,0.30,0.30,0.30,0.37,0.40,0.35,0.35,0.25,0.45,0.25,0.55,0.15,0.45,0.30,0.55,0.50,,0.35,0.50,,,,0.70,,
20260406,10,AQI,23,25,40,25,24,51,29,28,23,24,30,43,51,53,24,24,22,40,41,52,80,67,84,58,60,109,87,71,94,90,59,58,49,60,32,47,56,75,59,60,28,70,52,50,77,29,23,44,60,48,86,96,43,31,27,31,41,40,46,25,26,54,64,42,42,44,39,37,35,92,77,55,91,56,29,33,31,41,24,24,24,25,46,56,57,73,56,42,54,28,36,60,52,41,26,36,64,34,50,50,26,24,30,43,49,55,57,64,40,81,28,63,74,68,25,23,24,22,27,51,54,31,39,69,75,46,107,63,87,96,107,73,34,56,54,51,28,78,60,60,52,63,89,52,35,55,50,33,46,41,102,82,74,63,101,60,44,79,46,49,,,,,,,,,,,,,,,,,,,,,,,,,,,,,,97,94,39,69,35,60,92,35,63,72,35,24,28,31,,25,51,25,23,23,26,44,28,55,28,74,25,28,41,64,41,30,58,36,33,33,27,77,91,61,65,57,52,88,83,64,66,68,59,66,61,29,31,20,34,39,28,52,31,24,32,33,28,42,73,68,58,99,102,110,70,107,61,67,74,64,68,89,68,55,67,42,47,66,48,54,59,30,47,33,56,55,64,70,57,111,61,95,90,104,59,26,53,51,51,46,67,29,44,39,34,,27,41,43,73,34,51,86,40,,84,50,33,34,84,66,34,55,75,93,31,78,52,33,19,39,32,32,,28,25,62,59,60,65,64,57,63,63,68,,85,,62,,68,59,52,60,55,63,79,42,86,94,70,80,67,44,65,107,81,103,156,70,64,30,59,58,,,,55,,
20260406,10,PM2.5,4,3,4,5,3,22,4,7,3,5,5,4,13,12,5,4,5,20,29,30,46,42,41,20,12,82,36,30,59,67,12,29,16,31,19,33,31,42,35,43,14,49,28,35,39,20,16,26,9,11,39,72,30,17,15,14,24,23,19,16,15,38,46,28,26,30,27,16,7,33,34,27,31,13,20,23,17,6,3,3,3,4,32,10,5,20,3,6,6,3,4,14,9,8,3,3,46,18,35,25,18,12,20,19,34,30,39,46,18,42,6,21,19,12,4,3,3,5,4,36,38,22,27,39,40,24,37,21,43,46,33,36,15,40,38,30,19,57,43,43,19,45,66,33,21,34,34,23,32,17,33,27,31,26,29,18,4,29,10,6,,,,,,,,,,,,,,,,,,,,,,,,,,,,,,44,47,27,14,6,18,38,10,11,36,5,10,10,6,,3,7,3,3,3,3,5,3,9,11,54,9,11,29,46,29,20,41,25,19,23,12,51,68,13,29,31,31,65,61,18,34,20,30,32,44,20,22,11,24,27,17,25,22,12,18,20,15,27,27,21,25,49,54,24,13,40,37,29,50,43,43,62,49,37,38,24,29,48,30,38,42,19,33,23,40,37,46,51,36,84,44,71,67,78,33,14,37,34,21,32,43,18,29,26,10,,5,29,30,53,19,30,64,28,,62,35,9,3,58,48,21,39,55,69,21,57,35,15,8,27,6,18,,7,3,39,23,36,26,23,24,36,18,29,,26,,26,,29,23,15,28,29,29,58,15,30,54,19,29,21,7,17,45,37,77,61,28,7,3,10,18,,,,39,,
20260406,10,PM2.5_24h,3,5,20,8,7,41,12,8,5,8,17,21,31,18,5,19,21,28,28,30,26,36,34,32,33,35,29,33,34,39,35,47,39,30,19,36,29,37,28,29,16,37,32,26,31,27,23,26,20,25,44,60,30,20,12,13,29,15,21,19,16,47,49,35,34,38,37,22,7,30,33,27,32,15,28,30,8,10,14,21,11,13,26,23,20,25,11,19,25,17,12,28,21,31,19,7,40,20,31,30,19,15,19,24,34,24,29,51,24,39,7,28,39,20,6,19,20,19,16,28,43,27,26,37,37,31,40,35,43,40,39,30,27,35,32,38,28,46,36,37,23,36,44,25,21,42,34,29,29,20,35,29,32,35,39,16,10,24,13,13,,,,,,,,,,,,,,,,,,,,,,,,,,,,,,37,38,28,24,9,19,36,13,26,19,21,12,16,8,,4,19,8,16,15,6,27,18,12,12,50,35,21,25,20,15,17,16,17,26,24,10,43,38,33,35,36,36,35,35,42,37,40,32,30,31,24,18,18,28,29,27,21,31,20,21,22,22,31,39,33,32,42,39,38,44,32,33,29,45,37,41,47,40,32,38,29,36,48,37,28,32,30,31,31,38,38,41,51,51,71,43,63,59,63,29,31,41,40,33,40,35,30,28,36,6,,13,22,33,41,22,29,46,42,,45,31,29,12,54,35,24,40,43,77,26,44,29,11,5,4,4,16,,3,6,36,24,28,26,23,29,22,19,23,,20,,25,,28,25,17,28,24,14,5,10,31,32,18,19,15,18,21,61,42,62,65,24,12,2,10,16,,,,42,,
20260406,10,PM10,19,13,40,13,23,51,29,14,22,14,30,43,52,55,24,19,20,40,38,54,110,84,117,66,69,131,123,92,137,118,67,65,49,70,32,38,61,99,68,58,27,89,54,43,103,24,16,44,69,48,122,125,39,31,27,31,41,40,46,25,26,51,62,42,42,44,37,37,10,134,104,60,131,62,28,33,31,41,13,11,13,18,,61,64,96,62,42,58,28,36,70,54,41,26,36,56,34,48,50,20,24,30,43,47,60,64,66,40,112,23,75,97,86,16,11,19,22,15,40,50,31,39,87,99,46,163,75,124,141,163,95,34,52,57,51,28,76,59,53,53,68,102,53,35,59,50,33,44,41,153,114,97,75,152,70,44,108,46,49,,,,,,,,,,,,,,,,,,,,,,,,,,,,,,143,138,29,88,35,70,134,35,75,93,35,24,28,15,,13,52,12,16,22,15,44,28,60,28,,18,17,36,54,40,30,,34,33,25,23,104,110,71,80,64,54,97,107,78,82,85,67,82,52,,28,16,27,38,28,53,21,24,32,33,28,42,95,86,65,148,154,170,89,164,72,84,98,77,85,128,68,59,84,42,47,55,48,44,57,30,43,28,60,59,75,75,63,94,64,134,87,97,67,26,51,51,51,35,83,29,44,39,34,,13,38,40,68,34,52,68,34,,75,50,33,14,117,71,34,58,78,87,31,84,54,18,12,24,19,28,,19,7,74,67,69,79,77,64,75,76,85,,120,,74,,85,67,54,69,60,75,,35,122,137,89,109,83,44,80,164,111,155,261,90,78,7,67,65,,,,59,,
20260406,10,PM10_24h,14,24,115,43,36,132,52,20,29,31,58,93,134,106,12,34,42,37,38,61,110,90,112,97,119,127,120,108,110,120,106,116,106,82,38,48,76,93,70,49,32,91,81,46,84,34,30,52,108,71,150,107,57,34,23,25,38,27,39,28,25,64,63,49,55,83,53,36,15,105,91,66,146,55,53,58,21,44,30,37,23,30,28,102,117,140,77,83,114,60,72,107,106,91,54,63,58,27,48,56,19,25,27,43,52,33,37,76,40,137,22,102,137,118,23,30,32,31,34,34,59,35,37,107,115,60,134,171,141,139,154,97,58,61,71,63,36,64,56,47,40,68,86,42,37,86,61,52,42,36,105,93,127,104,123,45,38,112,46,48,,,,,,,,,,,,,,,,,,,,,,,,,,,,,,92,127,36,113,44,139,113,61,128,91,49,26,54,21,,12,77,28,24,28,25,48,35,26,28,54,43,28,32,34,21,29,28,25,37,33,20,109,103,115,91,69,86,89,94,112,82,118,76,96,34,32,28,22,34,57,52,46,67,31,42,47,49,76,160,134,127,148,143,115,132,110,72,88,102,76,80,120,64,72,84,47,63,65,46,35,56,59,53,47,50,57,59,71,70,81,61,101,80,87,63,66,69,83,99,58,77,58,56,59,24,,23,35,44,55,39,44,52,64,,52,49,53,21,95,42,37,54,62,96,34,76,39,18,9,16,19,22,,10,8,79,92,81,67,66,80,53,51,69,,75,,61,,79,70,44,70,61,44,10,42,148,100,70,52,38,43,101,219,120,172,286,73,59,12,44,53,,,,59,,
20260406,10,SO2,3,5,3,4,6,6,3,3,8,3,5,4,6,9,7,8,6,6,8,7,12,7,17,9,13,8,15,13,13,13,7,7,6,7,6,5,7,9,8,6,6,5,6,5,8,4,2,7,8,7,9,9,4,5,5,5,4,4,6,4,4,9,5,7,8,5,4,5,5,8,18,32,28,8,3,5,29,10,8,5,7,9,3,10,11,16,7,9,8,6,6,6,8,8,3,6,9,6,6,4,7,6,6,5,5,5,19,6,7,9,8,17,10,12,5,11,8,9,19,6,5,4,6,17,27,7,15,5,14,17,11,24,6,7,7,8,10,11,8,7,4,9,6,9,7,8,3,5,7,7,11,6,3,6,11,22,13,23,6,10,,,,,,,,,,,,,,,,,,,,,,,,,,,,,,8,6,4,19,5,15,13,8,10,51,6,6,7,4,,5,9,6,7,10,9,3,6,5,7,1,6,6,6,10,8,4,5,7,6,5,8,7,9,10,17,9,5,15,8,6,7,10,9,8,3,5,4,4,5,4,7,5,15,5,7,7,9,9,12,12,7,11,10,8,7,9,19,7,12,12,7,12,11,7,7,7,6,9,4,24,6,5,8,4,10,8,9,16,18,23,9,7,22,10,8,7,8,4,8,7,7,6,8,3,6,,6,5,4,10,4,10,7,3,,5,7,7,8,7,10,5,6,8,10,3,7,7,6,8,9,7,9,,9,7,7,25,19,10,91,10,12,5,8,,12,,9,,8,20,14,10,17,18,9,16,21,22,5,4,14,7,3,4,7,5,3,7,6,5,9,8,,,,7,,
20260406,10,SO2_24h,3,5,3,4,7,6,4,3,3,3,5,4,5,5,6,9,7,6,9,7,11,7,7,10,12,9,7,10,8,12,9,10,6,7,6,5,7,7,7,6,6,4,6,5,8,4,2,8,8,8,7,10,6,5,5,4,6,4,6,4,5,9,4,6,9,5,6,5,4,5,7,12,13,8,6,7,7,6,9,5,7,11,4,12,12,12,10,12,11,7,6,6,9,18,4,6,11,6,6,7,7,6,6,5,7,4,8,7,6,8,6,12,9,7,6,10,10,8,17,6,6,6,6,10,13,7,12,5,13,13,8,16,6,7,7,9,10,7,8,7,4,6,8,12,10,10,3,6,11,6,6,4,4,6,12,11,12,10,6,10,,,,,,,,,,,,,,,,,,,,,,,,,,,,,,9,3,5,8,5,10,10,7,6,14,6,5,9,5,,5,8,7,7,9,7,4,5,8,8,2,4,6,6,9,7,4,5,7,7,5,10,8,9,9,16,10,5,11,8,7,6,9,7,6,4,8,3,5,6,4,10,5,17,4,7,8,8,9,10,12,6,9,8,7,6,7,11,8,14,13,6,9,8,7,9,7,10,13,6,11,5,7,7,4,8,8,6,17,15,16,9,9,10,9,10,9,10,6,10,8,6,7,8,3,5,,6,5,5,11,5,10,5,3,,5,6,8,8,7,10,6,5,14,10,3,7,7,6,7,9,7,8,,8,6,6,18,6,8,13,13,10,5,8,,6,,8,,5,12,9,10,14,10,6,15,7,11,4,4,9,7,4,5,11,5,4,8,5,5,9,8,,,,8,,
20260406,10,NO2,9,10,7,4,9,11,11,5,8,7,13,11,16,16,10,8,12,10,17,29,40,49,46,23,20,21,41,27,65,20,12,12,13,23,23,35,24,45,33,37,20,33,22,18,31,17,22,8,19,19,19,55,11,22,13,7,22,8,13,13,12,29,9,7,20,20,11,9,12,19,31,29,25,25,13,13,25,20,10,7,8,8,26,16,12,23,7,12,12,14,9,16,10,14,11,8,22,20,16,9,9,5,11,5,29,17,21,25,14,19,7,19,17,22,5,9,8,7,7,13,11,15,11,39,43,27,25,13,22,19,14,25,21,26,30,15,17,20,10,17,7,23,15,26,20,11,21,13,14,9,16,21,19,18,14,19,22,23,34,19,,,,,,,,,,,,,,,,,,,,,,,,,,,,,,17,18,21,20,10,24,26,13,19,24,6,9,6,3,,5,5,6,7,2,7,5,5,10,11,8,7,7,37,15,29,11,16,16,8,14,5,21,23,14,22,20,10,32,14,13,17,13,19,13,16,14,12,5,15,12,11,13,12,18,12,14,6,23,15,17,19,22,20,11,12,16,25,19,17,43,14,20,27,7,23,13,8,14,8,9,14,7,15,13,26,12,12,25,14,17,26,8,21,18,37,15,16,30,28,15,26,7,19,10,13,,11,18,9,8,12,7,9,8,,10,15,17,9,37,18,5,12,22,21,9,22,17,8,7,9,11,19,,11,7,26,27,17,17,28,26,20,16,18,,13,,29,,27,24,3,5,4,2,39,1,19,31,11,39,45,23,15,48,13,32,15,34,15,2,28,22,,,,5,,
20260406,10,NO2_24h,7,11,10,5,8,16,12,5,8,5,15,17,16,13,4,16,16,11,19,21,34,31,33,17,24,35,26,23,27,32,22,21,16,28,15,19,20,31,22,17,20,33,24,11,24,12,16,12,19,19,16,44,12,22,13,8,24,10,18,19,12,39,8,8,23,17,12,8,7,35,25,12,21,21,13,13,9,15,15,10,18,19,12,17,16,21,16,19,18,21,15,17,12,22,15,13,22,13,11,9,8,7,9,11,22,10,16,38,11,20,7,16,16,27,6,16,14,15,17,9,11,15,10,40,38,30,24,15,24,16,19,25,24,25,23,12,15,18,10,12,5,18,14,16,15,11,11,20,9,9,28,20,26,17,28,16,17,15,15,12,,,,,,,,,,,,,,,,,,,,,,,,,,,,,,10,15,17,17,10,19,26,12,15,20,10,8,8,4,,9,5,10,11,8,12,11,8,9,11,9,10,8,11,11,11,7,13,13,9,12,5,25,18,17,27,27,12,14,15,18,18,19,21,17,10,13,9,6,13,13,9,12,14,11,13,10,6,16,16,16,20,19,19,19,18,12,18,13,14,24,15,18,18,10,19,20,10,12,6,9,13,8,10,11,23,16,10,21,14,12,13,8,12,13,30,16,15,29,34,15,37,11,20,10,5,,10,11,9,5,9,8,5,8,,6,6,14,9,15,7,7,7,11,16,7,13,12,6,6,3,5,9,,5,5,19,28,11,20,13,28,19,12,19,,9,,11,,15,7,2,3,6,3,8,4,17,21,19,15,24,21,13,28,14,26,10,21,9,4,16,14,,,,6,,
20260406,10,O3,74,80,78,80,78,82,78,88,72,76,78,78,65,73,74,76,71,57,57,82,53,44,72,90,88,66,72,72,33,83,93,112,96,64,77,45,67,42,65,37,88,39,47,51,58,70,40,62,78,87,93,11,53,26,38,45,25,52,39,48,36,17,71,79,26,37,40,101,111,67,47,55,65,64,57,58,88,66,77,77,76,81,36,90,78,75,85,89,109,76,85,102,92,95,76,88,27,29,59,55,40,42,37,57,9,44,38,15,95,102,90,80,64,72,80,72,78,71,86,62,71,69,66,47,45,71,86,83,82,81,98,47,9,62,33,28,23,6,35,17,53,23,43,62,45,67,43,47,32,96,69,64,43,41,74,76,73,49,50,76,,,,,,,,,,,,,,,,,,,,,,,,,,,,,,70,67,40,76,76,62,57,77,53,67,74,75,85,98,,80,94,80,74,73,83,72,73,70,76,65,79,89,34,63,19,54,49,58,80,56,86,89,63,101,75,56,43,54,79,89,68,79,72,73,54,57,64,63,64,41,62,72,68,41,64,66,73,63,87,88,79,70,72,102,97,67,49,52,45,23,43,53,34,50,42,3,44,54,70,23,42,48,58,24,10,72,73,26,36,49,19,25,25,55,19,52,56,32,42,28,4,56,26,69,44,,86,56,75,46,49,93,88,48,,33,100,91,108,74,73,109,110,66,50,92,48,37,106,60,,101,102,,91,79,24,61,29,49,78,47,56,64,56,,87,,28,,49,65,85,93,102,93,53,134,55,55,75,45,36,57,55,20,74,40,73,21,23,96,55,46,,,,103,,
20260406,10,O3_24h,74,80,78,80,78,82,78,88,72,76,78,78,65,73,74,76,71,57,57,82,53,44,72,90,88,66,72,72,33,83,93,112,96,64,77,45,67,42,65,37,88,39,47,51,58,70,40,62,78,87,93,11,53,26,38,45,25,52,39,48,36,17,71,79,26,37,40,101,111,67,47,55,65,64,57,58,88,66,77,77,76,81,36,90,78,75,85,89,109,76,85,102,92,95,76,88,27,29,59,55,40,42,37,57,9,44,38,15,95,102,90,80,64,72,80,72,78,71,86,62,71,69,66,47,45,71,86,83,82,81,98,47,9,62,33,28,23,6,35,17,53,23,43,62,45,67,43,47,32,96,69,64,43,41,74,76,73,49,50,76,,,,,,,,,,,,,,,,,,,,,,,,,,,,,,70,67,40,76,76,62,57,77,53,67,74,75,85,98,,80,94,80,74,73,83,72,73,70,76,65,79,89,34,63,19,54,49,58,80,56,86,89,63,101,75,56,43,54,79,89,68,79,72,73,54,57,64,63,64,41,62,72,68,41,64,66,73,63,87,88,79,70,72,102,97,67,49,52,45,23,43,53,34,50,42,3,44,54,70,23,42,48,58,24,10,72,73,26,36,49,19,25,25,55,19,52,56,32,42,28,4,56,26,69,44,,86,56,75,46,49,93,88,48,,33,100,91,108,74,73,109,110,66,50,92,48,37,106,60,,101,102,,91,79,24,61,29,49,78,47,56,64,56,,87,,28,,49,65,85,93,102,93,53,134,55,55,75,45,36,57,55,20,74,40,73,21,23,96,55,46,,,,103,,
20260406,10,O3_8h,71,73,67,75,77,70,69,70,46,70,68,57,64,53,75,63,67,64,56,81,25,45,52,100,78,30,55,53,39,38,93,94,88,34,95,67,72,31,66,73,98,34,41,82,30,80,65,76,77,84,84,9,65,29,33,51,25,55,34,35,31,9,72,78,28,47,37,95,121,29,37,60,43,66,67,73,77,49,65,71,48,51,57,82,60,72,67,76,104,70,73,89,95,89,78,77,17,55,48,55,33,43,49,49,15,54,46,7,77,74,64,56,55,41,69,54,67,57,63,75,70,70,62,22,18,53,69,64,64,69,88,35,5,46,40,32,18,3,26,22,58,14,55,60,64,71,46,37,45,85,46,55,22,43,51,42,61,37,83,84,,,,,,,,,,,,,,,,,,,,,,,,,,,,,,77,54,48,68,56,34,28,62,29,36,68,73,72,80,,45,86,68,62,60,58,61,64,87,83,63,73,72,55,56,39,64,47,59,71,57,78,58,42,86,45,26,29,67,73,76,39,49,46,51,75,48,78,68,75,55,77,75,66,44,64,74,75,70,64,85,66,73,62,73,76,58,47,48,33,33,45,32,40,30,27,2,51,64,72,15,33,58,70,20,5,50,57,24,36,44,30,28,18,31,19,40,71,52,46,34,3,39,17,58,59,,78,47,77,78,65,91,90,51,,37,89,92,95,76,76,78,111,76,63,89,51,33,103,69,119,113,111,,103,74,29,21,32,38,57,36,24,51,47,,79,,60,,37,77,75,86,92,70,94,132,31,33,37,77,48,65,69,72,76,59,75,32,28,91,67,42,,,,101,,
20260406,10,O3_8h_24h,70,73,67,75,75,68,69,69,46,69,68,56,62,48,72,62,66,61,55,77,25,36,46,98,77,29,50,48,33,38,93,94,84,34,86,58,67,28,60,59,96,33,40,67,30,76,45,74,71,80,83,8,61,25,30,49,21,54,33,22,28,9,66,78,27,42,35,95,118,29,34,52,43,65,64,69,76,45,65,66,48,51,48,82,60,67,67,75,104,68,72,89,92,87,76,77,17,45,48,55,32,41,45,49,13,50,40,7,77,74,63,54,51,41,69,53,65,57,63,72,70,69,62,22,18,53,65,64,63,66,88,35,5,44,38,31,17,3,24,20,54,12,49,54,62,69,42,37,40,84,46,55,22,41,51,42,52,34,75,82,,,,,,,,,,,,,,,,,,,,,,,,,,,,,,72,48,44,67,48,33,28,62,29,36,68,73,72,80,,45,86,68,60,60,58,60,64,82,79,62,73,72,49,54,31,59,46,53,71,57,78,58,41,86,45,26,29,64,73,76,39,49,46,51,66,48,73,65,71,53,71,70,63,42,64,67,75,67,64,83,65,73,61,73,76,57,33,46,31,27,44,32,34,29,26,2,46,59,72,14,33,53,67,19,5,50,53,22,33,35,23,26,18,31,16,40,67,51,39,34,3,38,17,58,52,,78,45,71,67,58,91,87,49,,31,89,92,95,72,74,75,109,67,58,89,46,32,103,65,118,106,110,,97,74,23,21,28,38,57,36,24,51,47,,78,,48,,35,68,72,85,88,68,81,132,31,33,37,68,42,64,63,30,76,59,72,28,26,91,62,39,,,,101,,
20260406,10,CO,0.26,0.29,0.30,0.29,0.25,0.40,0.22,0.30,0.40,0.20,0.33,0.33,0.45,0.55,0.28,0.42,0.39,0.40,0.54,0.65,0.84,0.91,1.38,0.53,0.52,0.76,1.07,0.84,0.84,0.85,0.38,0.56,0.38,0.70,0.66,0.67,0.56,1.00,0.65,0.67,0.60,0.90,0.50,0.60,0.72,0.50,0.53,0.58,0.46,0.49,0.57,1.17,0.59,0.66,0.55,0.53,0.57,0.40,0.35,0.60,0.57,0.87,0.66,0.50,0.65,0.60,0.47,0.50,0.32,0.48,0.97,1.60,0.54,0.37,0.42,0.58,1.27,0.32,0.42,0.22,0.27,0.35,0.77,0.26,0.56,0.70,0.33,0.40,0.50,0.30,0.26,0.47,0.52,0.52,0.23,0.45,1.03,0.77,0.77,0.70,0.70,0.40,0.50,0.67,0.95,0.90,1.07,1.00,0.43,0.80,0.37,0.63,0.60,0.58,0.34,0.62,0.43,0.56,0.34,0.72,0.42,0.53,0.27,1.22,1.83,0.66,0.63,0.33,0.77,0.73,0.50,0.60,0.45,0.73,1.00,1.10,0.60,1.07,0.67,0.87,0.50,0.78,0.85,0.88,0.80,0.60,0.63,0.25,0.82,0.65,0.50,0.45,0.45,0.42,0.50,0.50,0.57,0.98,0.62,0.35,,,,,,,,,,,,,,,,,,,,,,,,,,,,,,0.55,0.80,0.75,1.23,0.40,0.75,0.90,0.33,0.43,1.33,0.43,0.20,0.40,0.28,,0.20,0.50,0.28,0.33,0.30,0.45,0.27,0.20,0.25,0.80,0.35,0.10,0.30,0.43,0.40,0.57,0.38,0.50,0.57,0.30,0.30,0.35,0.58,0.64,0.35,0.93,0.67,0.45,0.55,0.56,0.43,0.42,0.33,0.98,0.23,0.83,0.87,0.65,0.70,0.75,0.50,0.70,0.55,0.65,0.86,0.95,0.75,0.88,0.80,0.76,0.77,0.50,0.60,0.66,0.47,0.40,0.40,0.55,0.70,0.80,0.70,0.63,0.80,0.40,0.80,0.90,0.70,0.93,1.10,1.00,0.75,0.67,0.30,0.60,0.55,0.55,0.67,0.75,1.03,0.77,1.30,0.87,1.00,1.15,1.00,0.90,0.50,0.57,0.63,0.60,0.77,0.67,0.45,0.75,0.55,0.40,,0.30,0.65,0.50,0.67,0.50,0.45,0.65,0.60,,1.00,0.60,0.40,0.50,0.95,0.70,0.60,0.40,0.60,0.60,0.40,1.20,0.60,0.40,0.35,0.35,0.35,0.60,,0.55,0.60,0.63,0.53,0.50,0.40,0.70,0.45,0.50,0.30,0.45,,0.30,,0.65,,0.55,1.00,0.50,0.20,0.40,0.40,0.80,0.30,0.70,0.70,0.30,0.60,0.85,0.40,0.20,0.90,0.15,0.50,0.35,0.75,1.30,,0.40,0.60,,,,0.65,,
20260406,10,CO_24h,0.24,0.33,0.28,0.27,0.25,0.40,0.24,0.30,0.20,0.20,0.30,0.30,0.35,0.37,0.28,0.58,0.48,0.45,0.59,0.58,0.94,0.80,0.73,0.59,0.56,0.70,0.76,0.73,0.66,0.73,0.62,0.78,0.52,0.64,0.54,0.50,0.46,0.83,0.60,0.50,0.60,0.63,0.50,0.50,0.71,0.45,0.47,0.60,0.51,0.59,0.50,1.09,0.63,0.80,0.63,0.57,0.67,0.40,0.57,0.77,0.65,0.87,0.67,0.55,0.63,0.49,0.47,0.48,0.27,0.49,0.47,0.70,0.42,0.35,0.45,0.60,0.40,0.30,0.50,0.42,0.30,0.42,0.67,0.37,0.50,0.60,0.30,0.50,0.60,0.40,0.32,0.50,0.42,0.86,0.37,0.47,1.00,0.78,0.63,0.77,0.60,0.50,0.55,0.70,0.85,0.70,0.87,0.85,0.40,0.70,0.40,0.47,0.63,0.42,0.34,0.92,0.62,0.84,0.48,0.63,0.42,0.53,0.30,0.82,0.80,0.74,0.51,0.33,0.70,0.70,0.45,0.50,0.50,0.73,0.88,1.15,0.60,0.90,0.75,0.80,0.50,0.60,0.73,0.90,0.73,0.57,0.53,0.25,0.65,0.58,0.47,0.40,0.45,0.40,0.50,0.50,0.53,0.54,0.48,0.25,,,,,,,,,,,,,,,,,,,,,,,,,,,,,,0.50,0.40,0.65,0.57,0.37,0.30,0.68,0.30,0.33,0.47,0.50,0.20,0.40,0.30,,0.20,0.45,0.35,0.60,0.40,0.47,0.37,0.40,0.25,0.90,0.35,0.20,0.37,0.20,0.33,0.33,0.40,0.40,0.50,0.35,0.30,0.30,0.58,0.54,0.50,0.93,0.65,0.50,0.45,0.52,0.37,0.45,0.27,1.05,0.27,0.67,1.10,0.55,0.75,0.60,0.57,0.90,0.50,0.55,0.78,0.95,0.68,0.85,0.60,0.68,0.72,0.55,0.45,0.50,0.65,0.47,0.30,0.75,0.57,0.78,0.83,0.57,1.00,0.47,0.70,0.87,0.65,0.87,0.90,1.00,0.55,0.57,0.35,0.60,0.45,0.45,0.73,0.67,0.93,0.77,1.00,0.77,0.90,0.95,0.90,0.80,0.55,0.50,0.77,0.85,0.72,0.55,0.45,0.65,0.55,0.30,,0.30,0.55,0.50,0.63,0.40,0.50,0.55,0.65,,0.90,0.40,0.40,0.50,0.70,0.45,0.50,0.40,0.45,0.55,0.45,0.80,0.45,0.45,0.30,0.30,0.35,0.50,,0.45,0.60,0.50,0.50,0.40,0.45,0.45,0.40,0.40,0.30,0.45,,0.25,,0.50,,0.35,0.50,0.40,0.20,0.30,0.30,0.30,0.30,0.40,0.40,0.35,0.35,0.30,0.40,0.20,0.60,0.15,0.45,0.30,0.55,0.50,,0.35,0.50,,,,0.70,,
20260406,11,AQI,24,26,42,26,26,44,32,28,28,24,32,42,49,51,25,26,24,22,41,54,81,71,90,58,59,94,88,70,106,84,59,54,51,58,35,50,51,75,60,65,31,70,55,46,71,33,27,44,59,40,88,101,47,35,30,32,45,40,51,28,28,51,63,41,40,45,32,37,38,96,77,57,83,57,33,37,29,36,25,24,26,26,83,57,50,69,42,33,57,30,34,62,51,35,33,29,68,22,54,46,30,18,34,45,47,56,56,51,35,85,30,51,76,62,26,24,25,23,28,41,66,34,43,65,66,43,105,61,88,97,109,78,41,56,54,38,27,78,58,65,54,63,76,48,41,46,49,34,42,38,103,80,71,66,92,56,49,85,54,53,,,,,,,,,,,,,,,,,,,,,,,,,,,,,,92,84,39,56,27,59,93,28,57,68,37,24,28,31,,27,37,26,25,24,27,33,33,56,30,53,26,28,30,46,29,36,64,39,27,36,31,75,79,59,63,56,54,110,76,62,63,65,59,64,69,30,21,18,33,41,25,49,39,30,34,31,31,39,68,73,61,99,99,117,65,102,61,71,81,68,76,88,69,51,65,44,41,63,54,54,58,26,42,40,53,54,59,74,57,125,53,104,84,78,65,23,54,46,50,50,71,31,45,30,19,,29,39,38,55,42,51,78,33,,51,51,66,34,80,62,35,50,61,99,33,73,46,33,21,31,35,34,,33,29,65,54,60,62,63,56,59,64,81,,79,,63,,53,61,57,55,54,62,48,43,88,90,68,73,56,45,72,113,90,113,154,77,65,30,65,61,,,,51,,
20260406,11,PM2.5,3,4,8,4,3,18,5,7,3,8,7,5,13,7,5,3,5,9,29,30,53,43,45,19,15,70,34,28,80,62,14,27,17,30,20,35,29,42,32,47,16,51,32,32,32,23,19,27,6,10,43,76,33,20,16,15,27,23,21,19,15,36,45,25,27,31,21,14,7,26,33,17,28,13,23,26,16,7,3,3,3,5,37,11,5,19,3,5,8,3,3,17,11,8,3,3,49,11,38,24,21,12,24,17,33,28,32,32,14,50,3,10,16,11,4,3,3,3,4,29,48,24,30,32,25,21,34,20,47,35,37,37,20,40,37,23,17,57,32,47,19,45,56,30,27,32,32,23,28,15,31,22,21,26,29,9,12,31,8,8,,,,,,,,,,,,,,,,,,,,,,,,,,,,,,40,41,27,4,3,9,31,6,5,33,8,14,3,3,,3,11,3,3,3,3,3,3,7,9,37,14,11,20,32,20,25,46,27,14,25,15,44,55,15,33,25,31,83,49,18,29,22,29,26,50,21,15,11,23,22,15,34,27,17,18,20,22,25,27,26,27,53,52,21,15,48,39,31,60,49,56,49,50,32,38,26,27,45,38,38,41,16,26,28,36,34,39,54,38,95,37,78,62,57,47,13,38,30,25,35,52,19,29,21,12,,3,27,25,39,21,32,57,23,,36,28,29,8,53,39,17,35,44,74,17,53,27,12,3,3,3,13,,7,3,38,23,38,28,23,24,40,17,35,,25,,26,,19,20,19,18,25,26,3,9,27,40,20,14,22,11,23,44,37,60,54,34,17,3,10,13,,,,36,,
20260406,11,PM2.5_24h,3,4,19,7,6,40,10,7,5,8,16,20,29,17,5,17,20,28,28,30,28,36,34,31,32,36,28,33,36,40,33,46,38,30,19,36,29,36,28,31,15,39,32,26,31,27,24,25,19,24,45,61,30,20,12,13,28,15,20,18,15,46,49,35,33,37,36,21,7,30,32,27,30,15,28,30,9,10,12,20,11,12,27,22,19,24,10,18,24,16,11,28,20,29,18,6,41,20,31,29,19,14,19,23,34,24,29,51,24,39,7,27,37,20,7,18,19,18,15,28,43,26,26,37,37,31,41,34,43,41,40,30,26,35,32,37,28,47,37,38,23,36,45,25,21,42,33,28,29,20,34,28,31,35,38,17,10,24,12,13,,,,,,,,,,,,,,,,,,,,,,,,,,,,,,38,39,28,22,8,18,35,12,25,19,20,11,16,8,,4,18,7,16,14,6,26,18,12,12,50,34,21,24,20,15,17,17,18,27,22,10,44,39,32,35,36,36,37,36,41,38,40,32,30,32,24,18,18,28,29,26,21,31,19,21,22,22,31,38,33,31,43,40,38,43,33,32,30,46,37,43,47,40,32,38,29,36,47,37,29,33,29,31,30,39,39,40,52,51,73,43,65,60,64,28,30,41,40,33,39,36,29,28,35,6,,13,22,33,41,22,29,47,42,,45,30,29,12,54,35,23,40,43,77,26,43,30,11,5,4,4,15,,3,6,36,24,29,26,23,29,23,19,23,,19,,25,,28,24,17,28,24,14,5,10,29,33,18,19,15,18,21,62,41,62,64,25,13,2,10,16,,,,41,,
20260406,11,PM10,19,17,42,13,15,44,32,14,28,22,32,42,49,51,22,18,21,22,39,57,112,92,129,65,67,118,126,90,148,117,67,57,52,65,35,39,52,99,69,60,31,89,60,40,92,25,21,44,67,40,125,130,43,35,30,32,45,40,51,28,28,48,56,41,40,45,32,37,9,141,103,64,115,63,33,37,28,36,12,12,11,17,116,64,50,87,42,33,63,30,34,73,51,35,33,26,60,22,48,46,29,18,32,45,46,62,61,52,34,119,16,51,101,73,11,10,16,20,12,35,56,29,39,79,82,43,159,72,126,143,167,105,41,56,57,38,27,85,65,58,57,68,85,48,41,45,49,34,42,38,155,110,92,81,134,61,49,120,58,56,,,,,,,,,,,,,,,,,,,,,,,,,,,,,,134,118,30,61,20,68,135,28,63,85,37,18,28,20,,14,37,12,15,17,18,33,33,62,30,50,17,24,30,41,28,34,,29,27,,31,99,108,67,75,61,57,106,102,73,76,80,68,77,54,29,19,18,33,41,25,44,30,30,34,31,30,39,86,96,72,148,148,184,80,153,72,91,100,83,97,125,66,52,80,44,41,53,47,44,58,26,42,,56,57,68,78,63,112,53,127,91,66,74,23,49,46,50,35,89,31,45,,19,,6,37,38,,42,52,53,24,,,51,81,22,109,74,30,40,71,93,33,78,46,17,10,15,16,24,,19,7,79,58,70,73,75,61,67,78,112,,108,,75,,55,72,64,60,58,74,48,40,125,130,85,95,61,45,93,176,129,175,257,104,79,10,80,71,,,,51,,
20260406,11,PM10_24h,14,22,107,39,33,128,49,19,28,29,55,88,127,98,12,33,41,36,37,62,109,90,113,95,117,128,120,108,113,122,103,114,105,83,38,48,76,94,71,50,31,93,81,46,84,34,31,52,106,69,150,109,55,33,24,25,37,27,39,26,25,63,63,49,54,80,53,36,15,106,87,64,137,55,51,56,22,43,29,36,21,28,29,99,113,138,74,81,111,59,69,105,104,87,53,59,59,27,47,55,20,25,27,42,53,34,37,76,40,136,21,99,135,111,22,30,32,30,32,35,58,34,37,106,113,59,136,169,141,140,155,95,56,60,70,61,35,66,57,47,41,67,87,42,37,86,59,49,43,36,106,93,126,103,122,47,38,107,46,47,,,,,,,,,,,,,,,,,,,,,,,,,,,,,,94,127,35,109,42,132,113,56,121,89,48,25,52,21,,12,73,27,24,26,24,47,35,28,27,54,42,28,32,34,20,29,27,25,37,32,19,108,102,113,90,69,84,90,94,110,81,117,76,94,34,30,28,22,34,56,50,45,66,30,42,46,49,75,158,133,126,149,144,116,130,113,72,89,102,76,81,121,64,71,83,46,61,62,46,35,56,57,51,45,51,57,59,72,70,83,61,104,81,88,61,62,69,83,96,56,78,57,55,58,24,,21,35,44,55,39,45,53,63,,53,48,55,21,96,43,36,54,62,96,34,75,39,18,9,15,19,21,,10,7,79,88,82,67,66,80,53,51,67,,75,,59,,78,69,44,69,62,45,11,42,140,102,72,53,39,43,102,221,119,168,284,74,60,12,46,53,,,,59,,
20260406,11,SO2,3,5,4,4,6,7,3,3,13,2,5,6,6,6,8,7,6,6,8,8,11,7,15,9,14,8,14,15,10,13,8,7,6,7,7,5,7,9,8,6,7,6,6,5,8,4,2,7,7,7,8,9,4,4,5,4,4,4,6,5,4,9,6,7,9,4,4,4,5,8,21,29,21,8,4,6,25,7,9,5,6,9,4,11,10,13,8,9,9,6,4,5,7,8,4,6,10,6,7,4,7,5,6,5,5,4,12,6,4,8,6,9,9,7,5,9,8,8,9,5,5,4,6,11,30,7,16,6,17,19,11,23,9,7,5,8,10,20,8,7,4,8,6,12,7,7,3,5,7,6,10,2,3,9,9,7,16,22,6,10,,,,,,,,,,,,,,,,,,,,,,,,,,,,,,9,6,4,7,4,11,13,8,7,50,6,6,8,3,,5,8,6,6,8,8,4,5,8,8,1,8,7,6,10,8,4,5,6,6,6,8,7,10,10,17,8,5,13,8,6,7,11,10,6,4,5,4,5,4,4,7,6,15,4,7,8,9,8,13,12,7,11,11,8,6,9,18,9,12,14,10,11,14,7,7,7,5,9,4,18,5,5,3,4,9,7,7,17,12,25,9,6,14,10,33,7,7,4,8,7,8,6,9,3,6,,6,6,4,9,5,10,6,3,,9,7,7,8,8,10,5,5,5,11,3,8,7,6,8,8,7,6,,9,6,8,31,22,11,18,17,12,4,13,,8,,9,,7,24,13,12,15,17,7,16,21,20,5,4,16,7,4,4,6,6,6,8,6,5,10,9,,,,7,,
20260406,11,SO2_24h,3,5,3,4,7,6,4,3,3,3,5,4,5,5,6,8,7,6,9,7,11,7,7,10,12,9,7,10,8,12,8,10,6,7,6,5,7,7,7,6,6,4,6,5,8,4,2,8,8,8,7,10,6,5,5,4,6,4,6,4,5,8,4,6,9,5,6,5,4,5,7,12,13,7,5,7,8,6,9,5,7,11,4,12,12,12,9,12,10,7,6,6,8,18,4,6,11,6,6,6,7,6,6,5,6,4,8,7,6,8,6,12,9,7,6,10,10,8,17,6,6,6,6,10,13,7,12,5,13,13,8,16,6,7,7,9,10,8,8,7,4,6,8,11,9,10,3,6,10,6,6,4,4,6,11,11,12,11,6,10,,,,,,,,,,,,,,,,,,,,,,,,,,,,,,9,3,5,8,5,10,9,7,7,15,6,5,9,5,,5,8,6,7,9,7,4,5,7,8,2,4,6,6,9,7,4,5,7,7,5,10,8,9,9,17,10,5,11,8,7,6,9,8,6,4,8,3,5,6,4,10,5,17,4,7,8,8,9,10,12,6,9,9,7,6,7,11,8,14,12,6,9,9,7,9,7,9,13,5,12,5,7,6,4,9,8,6,17,15,17,9,9,10,9,9,9,9,6,10,8,6,7,8,3,5,,6,5,5,10,5,10,5,3,,6,6,8,8,7,10,6,5,15,10,3,7,7,6,7,9,7,8,,8,6,6,19,7,9,13,13,10,5,8,,6,,8,,5,12,9,10,15,10,6,15,8,11,4,3,9,7,4,5,10,5,5,8,6,5,9,8,,,,8,,
20260406,11,NO2,7,10,9,4,6,11,9,4,8,7,11,12,14,9,9,7,10,7,16,27,38,49,38,20,21,16,35,21,46,15,12,12,13,18,28,39,15,39,33,42,29,29,23,20,17,23,24,9,18,16,21,59,15,22,12,5,21,7,10,12,11,26,8,7,21,21,10,7,10,13,30,21,16,24,15,18,13,10,11,6,6,7,30,14,10,21,10,11,13,12,7,15,10,12,10,7,24,9,16,8,13,5,17,3,28,15,16,17,7,18,5,9,14,14,5,7,8,7,7,10,11,16,10,25,25,19,20,12,22,18,12,21,27,27,28,10,14,21,8,16,7,28,14,20,18,12,25,10,14,8,15,13,13,16,12,10,20,19,27,13,,,,,,,,,,,,,,,,,,,,,,,,,,,,,,16,18,21,12,5,17,20,10,16,20,7,9,5,3,,4,5,5,5,2,7,4,4,9,7,7,7,6,21,11,19,11,13,13,8,12,5,17,23,14,22,18,13,26,13,12,10,13,17,8,18,16,11,6,18,11,11,14,12,15,11,13,5,18,16,16,19,21,19,11,12,15,27,13,15,39,16,17,19,4,21,13,9,15,10,9,15,8,13,13,21,8,7,24,10,15,14,7,10,13,37,16,15,27,28,14,32,7,19,13,15,,6,15,9,7,13,7,8,10,,10,8,15,8,17,15,4,5,15,21,7,19,12,6,6,7,5,13,,12,4,21,20,15,13,13,23,15,14,15,,9,,27,,13,12,1,4,3,2,16,1,20,25,8,18,33,18,19,43,11,40,8,33,18,4,21,22,,,,4,,
20260406,11,NO2_24h,7,11,10,5,7,16,11,5,8,5,15,17,17,13,4,15,16,11,18,22,35,32,34,17,24,35,27,23,28,32,21,20,16,28,16,20,20,32,23,18,21,34,24,11,24,13,16,11,19,19,16,45,12,22,13,7,23,9,17,19,12,38,8,8,22,17,12,8,7,34,24,12,21,22,13,13,9,15,15,10,17,18,13,17,16,21,16,18,18,21,15,18,12,21,15,13,23,13,11,8,9,7,9,10,23,10,16,36,11,20,7,16,16,27,6,15,14,15,16,9,11,15,10,40,38,30,24,15,24,16,19,25,24,25,24,12,15,18,10,12,5,18,13,16,15,11,12,19,10,9,27,19,25,17,27,16,17,15,14,12,,,,,,,,,,,,,,,,,,,,,,,,,,,,,,10,15,17,17,10,19,26,12,15,20,10,8,7,4,,9,5,9,11,7,12,11,8,9,11,9,10,8,12,11,11,7,13,13,9,12,5,25,19,17,27,28,12,14,15,18,18,20,21,17,10,13,9,6,13,13,9,12,14,11,13,10,6,15,16,16,20,19,19,19,18,13,18,12,14,25,15,18,19,10,20,20,10,12,6,9,13,8,10,12,23,16,10,21,13,13,13,7,12,13,30,16,15,29,33,15,37,11,20,9,5,,9,11,9,5,8,7,5,8,,6,6,14,9,15,7,7,7,11,16,7,13,12,6,6,3,5,8,,5,5,19,28,11,20,13,28,19,12,19,,9,,12,,15,7,2,3,6,2,8,4,18,21,20,15,24,20,13,29,14,25,9,21,10,4,16,14,,,,6,,
20260406,11,O3,78,82,78,82,83,87,82,90,76,77,84,80,73,89,81,82,76,64,57,98,66,53,95,96,92,93,101,94,46,107,93,117,104,85,73,40,85,57,77,40,79,52,51,50,91,66,42,61,87,86,111,13,46,27,40,52,29,56,53,52,40,24,81,83,29,43,45,111,121,81,62,77,82,73,53,49,92,82,79,78,83,84,34,98,86,83,89,95,116,82,91,110,98,100,84,92,24,39,70,59,40,43,29,62,10,46,46,46,113,112,96,98,77,85,83,77,81,75,90,66,69,66,70,75,88,89,107,90,100,93,106,66,8,63,38,39,35,12,45,24,57,19,59,88,44,73,43,52,44,104,79,88,72,57,81,87,87,67,70,89,,,,,,,,,,,,,,,,,,,,,,,,,,,,,,83,82,46,90,85,83,77,87,67,84,74,76,91,98,,87,98,84,79,78,85,77,79,81,80,69,82,91,49,69,31,55,60,64,84,61,90,97,74,105,83,73,61,67,92,93,91,89,90,99,55,56,65,59,73,58,67,71,74,53,64,63,70,68,90,101,91,82,82,108,103,81,62,77,80,38,45,57,52,74,66,6,46,48,57,27,43,47,62,22,29,83,89,36,52,82,48,29,56,79,22,63,53,35,47,31,8,47,38,70,45,,94,76,77,52,51,89,98,44,,34,121,94,109,129,104,113,125,111,71,95,73,55,104,68,100,113,110,,104,93,45,75,45,66,76,61,73,77,77,,99,,33,,82,95,99,103,106,96,78,139,69,55,82,74,62,80,60,38,79,37,74,32,35,95,78,60,,,,104,,
20260406,11,O3_24h,78,82,78,82,83,87,82,90,76,77,84,80,73,89,81,82,76,64,57,98,66,53,95,96,92,93,101,94,46,107,93,117,104,85,73,40,85,57,77,40,79,52,51,50,91,66,42,61,87,86,111,13,46,27,40,52,29,56,53,52,40,24,81,83,29,43,45,111,121,81,62,77,82,73,53,49,92,82,79,78,83,84,34,98,86,83,89,95,116,82,91,110,98,100,84,92,24,39,70,59,40,43,29,62,10,46,46,46,113,112,96,98,77,85,83,77,81,75,90,66,69,66,70,75,88,89,107,90,100,93,106,66,8,63,38,39,35,12,45,24,57,19,59,88,44,73,43,52,44,104,79,88,72,57,81,87,87,67,70,89,,,,,,,,,,,,,,,,,,,,,,,,,,,,,,83,82,46,90,85,83,77,87,67,84,74,76,91,98,,87,98,84,79,78,85,77,79,81,80,69,82,91,49,69,31,55,60,64,84,61,90,97,74,105,83,73,61,67,92,93,91,89,90,99,55,56,65,59,73,58,67,71,74,53,64,63,70,68,90,101,91,82,82,108,103,81,62,77,80,38,45,57,52,74,66,6,46,48,57,27,43,47,62,22,29,83,89,36,52,82,48,29,56,79,22,63,53,35,47,31,8,47,38,70,45,,94,76,77,52,51,89,98,44,,34,121,94,109,129,104,113,125,111,71,95,73,55,104,68,100,113,110,,104,93,45,75,45,66,76,61,73,77,77,,99,,33,,82,95,99,103,106,96,78,139,69,55,82,74,62,80,60,38,79,37,74,32,35,95,78,60,,,,104,,
20260406,11,O3_8h,71,74,68,76,78,72,70,71,50,70,71,60,64,55,75,64,68,64,56,82,31,45,54,100,79,37,56,53,39,46,95,104,88,41,95,67,73,31,66,73,98,38,41,82,38,80,65,76,77,85,86,9,65,29,34,51,25,55,37,38,32,11,72,78,28,47,38,96,121,38,41,60,49,67,67,73,78,50,67,71,53,52,57,83,63,72,71,77,105,70,73,92,95,89,78,79,18,55,51,56,34,43,49,51,15,54,54,12,80,79,66,58,56,48,70,55,67,60,65,75,71,70,63,30,27,56,69,68,67,69,92,39,5,47,40,33,19,4,27,22,58,14,55,61,64,71,46,40,45,86,50,59,29,43,56,46,61,39,83,85,,,,,,,,,,,,,,,,,,,,,,,,,,,,,,77,54,48,70,61,39,34,64,34,44,69,73,75,81,,52,89,71,62,61,61,63,66,87,83,63,74,73,55,56,39,64,47,59,73,71,80,64,44,92,51,32,34,67,74,82,46,57,51,57,75,50,78,68,75,55,77,75,66,44,64,74,75,70,67,85,68,73,67,77,81,60,38,50,36,33,46,36,40,33,30,2,51,64,72,16,35,58,70,21,8,57,57,24,36,44,30,28,23,37,19,44,71,52,46,34,4,40,20,60,59,,80,48,77,78,65,91,90,51,,37,93,92,97,77,77,78,111,76,63,89,51,35,104,69,119,113,112,,103,77,29,27,32,42,59,40,30,56,50,,81,,60,,39,77,75,87,92,70,94,133,37,37,44,77,48,66,69,73,76,59,75,32,28,92,68,42,,,,102,,
20260406,11,O3_8h_24h,70,74,68,75,76,72,70,71,50,68,71,60,61,52,73,63,67,60,55,78,30,35,51,97,78,37,54,52,32,46,95,104,87,41,82,54,68,30,60,52,93,37,40,61,38,73,43,73,71,79,86,7,59,24,31,49,21,54,36,26,28,11,66,78,26,41,35,96,117,38,37,52,49,66,62,66,77,50,67,65,53,52,44,83,63,66,71,77,105,70,73,92,92,88,76,79,18,41,51,56,32,41,42,51,13,48,38,12,80,79,66,56,54,48,70,55,66,59,64,70,70,67,63,30,27,56,68,68,67,68,92,39,5,44,37,32,19,4,26,20,52,13,49,56,58,70,41,40,40,86,50,58,29,42,56,46,52,38,72,83,,,,,,,,,,,,,,,,,,,,,,,,,,,,,,71,52,43,70,54,39,34,64,34,44,68,73,75,81,,52,89,71,61,61,61,63,66,81,78,63,74,73,48,55,29,58,47,53,73,57,80,64,44,92,51,32,34,62,74,82,46,57,51,57,62,50,71,65,70,53,70,69,65,43,64,64,75,67,67,83,68,73,67,77,81,59,35,48,36,26,44,36,35,33,30,2,45,56,70,15,35,51,65,19,8,57,56,22,35,37,25,26,23,37,16,44,65,49,39,33,4,39,20,60,51,,80,48,69,64,55,91,88,49,,30,93,92,97,76,77,77,111,72,58,89,48,35,104,64,115,106,112,,96,77,24,27,28,42,59,40,30,56,50,,81,,43,,39,69,75,87,88,70,78,133,37,37,44,67,42,66,61,32,75,57,71,27,26,92,63,40,,,,102,,
20260406,11,CO,0.26,0.30,0.30,0.26,0.25,0.40,0.23,0.30,0.40,0.20,0.27,0.40,0.43,0.37,0.30,0.41,0.38,0.34,0.57,0.64,0.79,0.90,1.20,0.56,0.52,0.76,1.10,1.07,0.78,0.83,0.34,0.56,0.35,0.71,0.64,0.63,0.54,0.97,0.60,0.67,0.60,0.93,0.70,0.60,0.64,0.57,0.53,0.58,0.45,0.47,0.56,1.20,0.64,0.72,0.56,0.50,0.65,0.40,0.40,0.60,0.55,0.80,0.69,0.50,0.65,0.56,0.47,0.48,0.30,0.42,0.87,1.30,0.46,0.42,0.42,0.60,0.70,0.32,0.46,0.37,0.17,0.35,0.83,0.27,0.54,0.60,0.30,0.38,0.50,0.28,0.23,0.40,0.52,0.52,0.23,0.43,1.07,0.57,0.83,0.70,0.80,0.45,0.55,0.60,0.95,0.70,1.00,0.85,0.25,0.80,0.33,0.34,0.55,0.42,0.34,0.52,0.47,0.50,0.36,0.67,0.46,0.53,0.27,0.80,1.80,0.60,0.60,0.33,0.77,0.77,0.50,0.65,0.50,0.77,0.97,1.05,0.60,1.07,0.70,0.86,0.50,0.78,0.80,0.98,0.87,0.60,0.67,0.20,0.65,0.60,0.47,0.40,0.35,0.44,0.50,0.40,0.50,0.92,0.56,0.30,,,,,,,,,,,,,,,,,,,,,,,,,,,,,,0.45,0.80,0.70,0.73,0.40,0.40,0.87,0.33,0.40,1.10,0.40,0.20,0.40,0.28,,0.20,0.50,0.28,0.30,0.30,0.40,0.23,0.20,0.40,0.75,0.30,0.10,0.27,0.33,0.40,0.53,0.43,0.45,0.53,0.30,0.40,0.35,0.53,0.56,0.35,0.68,0.60,0.45,0.60,0.52,0.37,0.38,0.33,0.97,0.20,0.83,0.90,0.55,0.75,0.70,0.50,0.80,0.57,0.60,0.82,0.95,0.70,0.88,0.70,0.72,0.75,0.55,0.63,0.68,0.47,0.40,0.43,0.67,0.67,0.76,0.63,0.65,0.80,0.40,0.80,0.83,0.65,0.97,1.10,1.00,0.75,0.70,0.30,0.60,0.55,0.45,0.63,0.70,1.10,0.70,1.30,0.77,1.00,1.05,0.80,1.30,0.50,0.57,0.63,0.40,0.77,0.72,0.40,0.80,0.50,0.40,,0.25,0.60,0.50,0.67,0.45,0.45,0.65,0.60,,0.90,0.45,0.40,0.50,0.80,0.55,0.50,0.30,0.60,0.65,0.40,1.10,0.40,0.40,0.35,0.35,0.30,0.60,,0.50,0.60,0.60,0.50,0.50,0.45,0.50,0.40,0.50,0.30,0.50,,0.30,,0.70,,0.40,0.90,0.50,0.20,0.30,0.40,0.50,0.30,0.67,0.50,0.35,0.55,0.70,0.40,0.25,0.70,0.10,0.55,0.50,0.70,0.90,,0.45,0.65,,,,0.60,,
20260406,11,CO_24h,0.24,0.32,0.28,0.27,0.25,0.40,0.24,0.30,0.20,0.20,0.30,0.30,0.35,0.35,0.28,0.55,0.48,0.44,0.59,0.58,0.92,0.80,0.73,0.59,0.56,0.70,0.76,0.73,0.66,0.73,0.60,0.76,0.52,0.64,0.57,0.50,0.49,0.85,0.60,0.53,0.60,0.67,0.50,0.50,0.71,0.45,0.47,0.60,0.50,0.57,0.50,1.11,0.63,0.78,0.63,0.57,0.67,0.40,0.57,0.73,0.65,0.87,0.67,0.55,0.64,0.48,0.47,0.48,0.27,0.49,0.50,0.70,0.42,0.35,0.43,0.60,0.41,0.30,0.50,0.42,0.30,0.42,0.70,0.37,0.50,0.60,0.30,0.48,0.58,0.40,0.30,0.50,0.43,0.84,0.37,0.45,1.03,0.78,0.67,0.77,0.65,0.50,0.55,0.70,0.90,0.70,0.90,0.85,0.40,0.70,0.40,0.47,0.57,0.42,0.34,0.92,0.62,0.82,0.46,0.63,0.42,0.53,0.28,0.82,0.87,0.70,0.52,0.33,0.70,0.70,0.45,0.47,0.50,0.73,0.90,1.10,0.60,0.90,0.75,0.80,0.45,0.60,0.73,0.90,0.73,0.57,0.53,0.25,0.65,0.58,0.47,0.40,0.45,0.40,0.50,0.50,0.53,0.58,0.48,0.25,,,,,,,,,,,,,,,,,,,,,,,,,,,,,,0.50,0.40,0.65,0.57,0.37,0.30,0.68,0.30,0.33,0.47,0.50,0.20,0.40,0.30,,0.20,0.45,0.32,0.57,0.35,0.47,0.37,0.40,0.25,0.90,0.35,0.20,0.37,0.20,0.33,0.33,0.38,0.40,0.50,0.35,0.30,0.30,0.58,0.54,0.50,0.93,0.67,0.45,0.45,0.52,0.40,0.45,0.27,1.07,0.27,0.67,1.13,0.55,0.75,0.60,0.57,0.87,0.50,0.55,0.80,0.95,0.65,0.85,0.60,0.68,0.72,0.55,0.45,0.50,0.63,0.47,0.30,0.75,0.57,0.78,0.83,0.57,1.00,0.50,0.70,0.87,0.65,0.88,0.90,1.00,0.60,0.57,0.35,0.60,0.45,0.45,0.73,0.67,0.93,0.77,1.00,0.77,0.90,0.95,0.90,0.80,0.60,0.50,0.77,0.80,0.75,0.57,0.45,0.65,0.55,0.30,,0.30,0.55,0.50,0.63,0.40,0.50,0.55,0.65,,0.90,0.40,0.40,0.50,0.75,0.45,0.50,0.40,0.45,0.55,0.45,0.80,0.45,0.45,0.30,0.30,0.35,0.50,,0.45,0.60,0.50,0.50,0.40,0.45,0.45,0.40,0.40,0.30,0.45,,0.25,,0.50,,0.35,0.50,0.40,0.20,0.30,0.30,0.30,0.30,0.40,0.40,0.35,0.40,0.30,0.40,0.20,0.60,0.15,0.45,0.30,0.55,0.50,,0.35,0.50,,,,0.70,,
20260406,12,AQI,26,26,40,26,27,50,39,29,26,26,35,40,40,51,27,26,25,23,44,55,99,69,95,55,62,85,83,75,113,85,62,55,52,56,36,49,46,73,55,61,31,71,64,41,71,39,31,42,55,39,96,96,55,40,32,31,45,38,54,30,30,46,64,40,41,46,26,36,40,91,72,57,67,54,41,42,31,41,26,26,27,26,53,57,50,68,31,32,60,28,30,69,54,45,28,29,69,19,55,49,35,36,38,38,47,54,51,53,39,81,30,36,64,49,26,25,27,25,28,26,61,39,47,61,69,38,97,60,93,87,104,71,44,55,54,34,27,73,51,70,46,60,66,40,53,43,35,34,34,36,101,54,48,75,103,48,55,81,57,51,,,,,,,,,,,,,,,,,,,,,,,,,,,,,,90,82,33,53,27,52,91,32,56,63,35,25,29,29,,28,51,27,26,25,28,31,35,26,33,58,25,29,34,42,24,51,47,44,32,33,31,68,78,59,64,54,56,100,72,61,61,66,59,56,69,33,20,21,43,38,25,43,40,35,30,34,37,34,69,77,68,95,96,111,65,104,58,80,90,67,89,91,66,62,74,40,31,46,59,51,55,23,24,43,53,55,60,71,56,120,46,105,79,71,73,28,49,41,49,46,85,28,46,26,19,,29,37,33,41,44,55,68,29,,46,42,33,34,75,54,35,43,55,105,31,74,37,29,24,34,38,37,,36,31,65,60,56,68,64,58,62,61,88,,74,,62,,51,58,52,56,46,58,31,52,81,84,68,57,62,34,82,111,83,118,135,77,64,29,59,56,,,,51,,
20260406,12,PM2.5,4,5,5,4,3,17,7,4,3,8,6,4,12,6,4,3,5,7,28,30,74,37,62,16,18,63,27,33,85,63,15,27,17,28,19,34,26,39,23,44,17,52,46,29,31,27,22,28,10,11,33,72,39,23,19,16,29,23,22,20,17,32,46,24,28,32,15,15,5,25,30,18,21,13,29,28,7,10,3,3,3,3,37,12,5,23,5,8,12,3,3,22,14,15,3,3,50,9,39,24,23,13,24,15,33,20,23,22,12,43,5,4,17,7,6,3,3,3,4,18,44,27,33,32,36,22,29,22,44,50,35,22,26,37,36,24,17,53,31,51,20,43,48,25,37,24,20,24,19,14,27,14,7,31,31,10,15,28,8,6,,,,,,,,,,,,,,,,,,,,,,,,,,,,,,44,31,23,5,3,9,19,5,11,24,8,17,7,7,,3,11,3,3,3,3,3,3,3,10,41,10,13,24,21,15,36,33,31,12,23,19,30,51,18,26,22,29,75,39,18,31,24,30,21,50,23,11,13,30,22,13,29,28,21,16,24,26,21,25,36,23,44,47,22,15,50,31,29,50,47,66,56,48,32,37,22,22,32,42,36,31,16,16,30,34,34,41,52,40,91,32,79,58,52,53,15,34,24,25,32,63,17,29,18,13,,3,25,23,29,22,30,49,19,,32,22,21,9,52,28,14,30,31,79,19,54,21,10,3,3,3,9,,6,3,36,21,33,33,19,19,36,17,33,,25,,31,,14,21,14,20,22,29,3,13,16,28,18,9,23,9,29,45,36,54,48,32,26,3,11,3,,,,36,,
20260406,12,PM2.5_24h,3,4,18,7,5,39,9,7,5,7,15,19,28,17,5,16,19,27,28,30,30,36,35,30,32,38,28,34,39,41,32,44,38,30,20,36,29,37,28,32,15,40,33,27,32,27,24,25,18,22,44,63,30,20,13,13,28,15,19,17,15,46,49,35,33,37,36,21,7,30,31,26,29,16,28,30,9,10,11,19,10,10,28,20,18,24,9,16,23,15,10,27,19,27,17,5,42,19,31,28,20,14,19,22,35,24,29,49,23,39,7,25,36,18,6,18,18,18,13,28,43,26,26,37,37,31,41,34,44,41,41,29,26,35,33,37,27,48,36,38,23,37,45,25,22,41,33,28,29,20,34,27,30,34,37,16,10,25,12,13,,,,,,,,,,,,,,,,,,,,,,,,,,,,,,38,40,27,21,8,17,35,12,23,19,19,11,15,8,,4,17,7,15,13,5,25,18,12,12,51,33,21,24,20,15,17,17,19,27,22,10,44,41,32,35,36,35,39,37,41,38,39,32,30,33,24,18,18,28,28,26,22,31,19,21,22,22,30,38,33,31,44,41,37,42,34,32,31,46,36,44,48,40,32,37,29,35,45,37,30,32,29,29,29,39,39,41,52,50,75,44,67,60,65,29,29,41,39,32,39,37,29,27,35,7,,12,22,33,41,22,29,48,42,,45,30,29,12,54,34,23,40,42,77,25,42,30,11,5,4,4,15,,3,6,36,23,29,26,23,29,24,19,23,,19,,25,,27,24,16,28,25,14,5,11,28,34,19,18,16,18,22,63,41,61,64,25,14,2,11,17,,,,41,,
20260406,12,PM10,19,23,40,18,12,50,39,15,18,25,35,40,40,51,19,15,20,16,44,60,117,88,139,60,73,112,115,99,137,109,73,60,53,62,36,36,46,95,60,56,31,84,78,34,91,30,24,42,60,39,141,129,47,40,32,31,45,38,57,30,30,45,67,40,41,44,26,34,9,132,93,64,83,57,37,42,26,41,12,12,9,18,40,64,50,85,31,32,70,24,30,87,58,45,26,15,62,19,53,49,35,36,38,38,47,58,51,56,39,112,12,36,77,49,12,10,15,16,15,25,56,33,43,72,88,38,144,70,135,123,157,91,44,60,58,32,27,84,51,65,46,65,71,40,55,43,35,33,34,36,151,57,48,100,156,48,60,112,63,51,,,,,,,,,,,,,,,,,,,,,,,,,,,,,,130,113,26,56,19,53,131,32,62,75,35,19,23,20,,11,52,9,11,18,16,31,35,26,33,49,13,24,27,42,24,42,38,37,32,27,31,86,106,68,78,57,62,108,94,72,72,81,67,61,,27,15,21,37,38,25,43,29,35,30,27,33,34,88,104,85,139,142,171,79,157,65,110,129,84,124,131,68,74,97,40,28,39,52,37,60,21,24,28,56,60,70,74,62,117,43,113,82,73,79,28,44,41,49,35,98,28,46,,14,,9,37,33,,44,60,,29,,38,42,,22,100,58,27,42,60,99,31,91,37,18,11,9,10,26,,18,8,79,69,62,85,77,66,73,72,125,,98,,73,,51,65,53,62,46,66,16,53,112,117,85,63,73,34,113,171,116,186,220,103,77,9,67,61,,,,45,,
20260406,12,PM10_24h,15,21,101,35,30,123,47,18,28,27,52,84,119,89,13,31,40,34,37,62,109,91,115,93,114,127,120,108,116,122,100,111,103,83,39,47,76,96,71,51,31,94,81,46,85,34,31,51,104,67,149,111,53,33,24,25,37,27,38,25,25,62,63,48,53,78,52,36,15,105,84,62,127,56,49,55,22,43,28,35,21,27,30,96,106,137,70,78,107,57,66,104,101,83,51,55,59,27,46,54,21,25,28,41,53,34,38,75,40,135,21,95,133,103,21,29,31,29,30,35,58,34,36,103,112,58,137,166,141,140,157,93,54,59,69,59,33,67,56,48,41,67,87,42,38,86,57,46,43,36,107,91,124,103,121,48,39,105,45,47,,,,,,,,,,,,,,,,,,,,,,,,,,,,,,96,126,34,105,40,124,113,52,113,85,47,25,50,20,,12,70,26,23,26,24,45,34,28,27,54,40,27,32,34,20,29,26,25,38,31,18,106,102,111,89,69,82,90,94,109,80,116,74,90,35,30,28,22,34,56,47,45,64,29,41,44,48,74,157,133,125,149,144,118,128,116,71,89,102,76,84,122,64,70,82,45,58,59,46,34,56,54,49,44,53,58,60,72,70,85,60,106,82,89,60,59,69,81,94,54,79,56,53,57,24,,20,35,43,54,40,45,53,62,,53,48,55,21,96,43,35,54,61,96,33,74,39,18,10,15,18,21,,10,7,78,86,81,67,67,79,54,52,70,,75,,58,,77,67,44,70,61,47,11,42,132,105,73,52,41,43,103,219,117,165,283,76,61,12,47,54,,,,58,,
20260406,12,SO2,3,5,3,4,7,8,3,2,4,2,5,7,6,7,8,7,6,6,8,8,11,9,13,8,13,8,11,16,8,12,9,7,6,7,7,6,7,9,7,6,7,4,9,5,9,4,2,7,8,7,8,10,4,5,5,4,4,4,6,5,4,9,5,7,9,5,4,4,4,8,17,18,12,9,4,6,12,7,11,5,5,9,4,11,10,12,8,8,9,6,4,5,7,8,3,6,8,6,7,4,7,5,6,4,5,5,9,5,4,8,5,9,7,4,5,10,9,8,8,5,5,4,6,11,28,7,15,6,18,16,10,19,7,9,5,7,10,27,7,8,4,7,6,10,8,7,3,6,7,6,8,3,2,14,10,5,14,23,6,10,,,,,,,,,,,,,,,,,,,,,,,,,,,,,,9,7,4,5,4,10,11,8,7,36,6,5,8,4,,5,9,6,6,8,7,3,6,7,8,1,5,6,5,9,8,4,4,7,6,6,8,7,10,11,16,10,4,13,8,6,7,12,10,5,4,6,3,5,5,4,7,5,12,4,10,6,11,8,11,12,7,10,10,8,5,9,23,10,12,17,6,13,13,8,7,7,6,9,4,19,5,5,3,4,8,7,6,17,11,22,7,5,7,10,43,7,8,4,8,7,8,7,8,3,6,,6,8,5,8,4,10,7,2,,10,7,6,7,8,11,5,5,5,11,2,8,7,6,8,9,7,8,,8,8,7,25,12,10,13,16,11,5,12,,6,,9,,5,14,12,12,15,16,6,17,11,13,5,4,17,7,3,4,21,6,10,8,6,5,11,10,,,,7,,
20260406,12,SO2_24h,3,5,3,4,6,6,4,3,3,3,5,4,5,5,6,8,7,6,9,7,11,7,8,10,12,9,7,11,8,12,8,10,6,7,6,5,7,7,7,6,6,4,6,5,8,4,2,8,8,7,7,10,5,5,5,4,6,4,6,4,5,8,5,6,9,5,6,5,4,6,8,12,13,7,5,7,9,6,9,5,6,11,4,12,12,12,9,12,10,7,6,6,8,18,4,6,10,6,6,6,7,6,6,5,6,4,8,7,6,8,6,12,9,7,6,10,10,8,16,6,6,6,6,10,14,7,12,5,14,12,8,16,6,7,7,8,10,9,8,7,4,6,8,11,9,10,3,5,9,6,6,4,4,6,10,11,12,12,6,10,,,,,,,,,,,,,,,,,,,,,,,,,,,,,,9,3,4,8,5,10,9,7,7,16,6,5,9,4,,5,8,6,7,10,7,4,5,7,8,2,4,6,6,9,7,4,5,7,7,5,10,8,9,9,17,10,5,10,8,7,6,9,8,6,4,8,3,5,5,4,9,5,17,4,7,8,8,9,10,12,6,9,9,7,6,7,11,8,13,12,6,9,9,7,9,7,9,12,5,12,5,7,6,4,9,8,6,17,14,17,9,8,10,9,10,9,9,6,10,8,6,7,8,3,5,,6,5,5,10,5,10,6,3,,6,6,8,8,7,10,6,5,15,10,3,7,7,6,7,9,7,8,,8,6,6,19,7,9,13,13,10,5,8,,6,,8,,5,12,9,10,15,10,6,15,8,11,4,3,10,7,3,5,11,5,5,8,6,5,9,8,,,,8,,
20260406,12,NO2,7,11,12,4,5,12,8,4,4,6,10,13,11,7,7,6,9,6,14,27,30,42,24,17,21,13,26,22,26,13,12,11,13,16,33,33,10,35,24,32,40,24,26,15,13,23,18,9,17,11,14,55,16,21,10,4,19,7,9,10,9,20,8,6,21,22,11,6,8,13,24,11,12,19,17,17,8,9,11,6,6,7,28,14,9,19,9,11,12,10,7,15,11,14,8,7,23,5,14,7,17,5,18,3,29,14,14,6,7,16,5,8,12,8,6,7,8,5,6,9,11,14,10,19,29,18,17,12,19,15,12,14,27,36,25,7,11,20,7,17,5,24,13,12,21,8,14,10,10,7,12,6,4,18,12,5,13,15,21,10,,,,,,,,,,,,,,,,,,,,,,,,,,,,,,13,15,19,9,4,11,16,9,16,16,7,7,5,4,,4,5,5,5,2,6,4,4,7,8,6,6,6,13,9,14,12,10,15,8,10,5,14,20,17,14,13,11,16,12,11,8,12,14,6,20,17,11,5,24,7,9,13,10,13,16,11,7,13,13,17,21,18,17,11,12,14,24,11,13,28,15,17,19,8,14,13,9,14,10,7,13,9,10,18,13,7,6,19,9,13,10,8,5,12,37,17,17,25,26,11,41,8,15,13,12,,6,11,9,6,13,7,7,10,,9,6,12,8,10,4,4,5,9,17,6,15,8,5,8,6,4,8,,6,4,20,16,10,9,7,20,10,11,14,,8,,29,,7,4,1,3,2,1,7,1,13,20,5,10,23,11,24,35,11,37,6,24,17,5,18,11,,,,4,,
20260406,12,NO2_24h,7,11,10,5,7,16,11,5,8,6,15,17,17,13,4,15,16,11,18,22,35,32,34,17,25,35,27,24,29,32,21,20,16,29,17,20,20,33,24,19,22,34,24,12,24,13,16,11,19,19,16,47,12,22,13,7,23,8,15,19,12,37,8,8,22,17,12,8,7,34,25,12,21,22,13,13,9,15,14,10,17,18,14,17,16,21,15,18,18,21,15,18,12,21,15,13,23,13,11,8,9,7,10,9,23,11,16,35,12,20,7,16,16,27,7,15,14,14,15,10,11,15,10,40,38,30,23,15,24,16,19,24,24,26,24,11,15,18,10,12,5,19,13,16,15,11,12,19,9,9,27,18,24,17,27,16,18,16,14,12,,,,,,,,,,,,,,,,,,,,,,,,,,,,,,11,16,17,17,10,20,26,12,16,19,10,8,7,4,,9,5,9,11,7,12,10,8,9,11,8,10,8,12,11,12,7,12,13,9,12,5,25,19,17,27,28,12,15,16,18,18,20,21,17,10,13,9,5,13,13,8,13,14,11,13,10,6,15,16,16,20,19,19,19,18,13,18,13,14,26,15,18,19,10,20,20,10,12,6,8,13,8,10,12,23,15,10,21,12,13,13,7,12,13,30,16,15,28,32,15,38,11,20,9,6,,9,11,9,5,8,7,5,8,,6,6,14,9,15,7,7,7,11,16,7,13,12,6,6,3,5,8,,5,5,20,28,11,20,13,28,20,12,19,,9,,12,,15,7,2,3,6,2,8,4,18,22,19,15,25,20,13,30,14,24,8,21,10,4,17,14,,,,6,,
20260406,12,O3,82,84,80,84,86,94,88,92,84,82,90,84,86,98,87,84,80,72,60,116,91,86,131,102,99,115,120,117,90,119,97,123,105,98,71,54,101,85,92,49,64,59,65,67,109,66,56,65,95,90,128,27,46,33,47,55,40,60,61,58,47,37,96,87,35,49,54,114,128,90,78,95,93,88,50,47,98,90,82,82,87,84,41,107,92,98,93,101,127,89,93,113,109,102,91,94,20,45,86,64,28,45,26,60,13,56,54,84,119,125,95,103,93,97,84,80,87,79,91,70,69,74,71,88,85,100,118,98,119,109,113,93,11,49,42,58,41,25,59,30,62,31,70,111,51,92,69,51,50,110,91,96,103,75,90,101,98,83,86,95,,,,,,,,,,,,,,,,,,,,,,,,,,,,,,98,95,57,102,87,94,95,92,76,91,75,81,94,93,,88,94,86,83,80,88,81,81,84,80,72,81,93,63,72,42,56,67,61,86,64,93,99,85,111,105,87,73,99,106,96,102,97,102,115,58,53,63,59,69,72,70,74,81,59,59,64,71,77,103,112,104,98,96,114,113,89,60,113,103,57,41,58,59,77,98,13,49,52,55,33,44,46,58,23,52,84,94,65,68,118,65,30,75,111,33,60,53,52,47,36,33,44,47,70,54,,93,99,88,66,53,88,105,45,,33,121,104,108,147,121,113,127,129,107,98,104,76,93,76,110,121,118,,116,99,62,116,72,92,82,78,89,91,85,,104,,39,,96,110,110,109,110,101,99,142,91,65,91,94,85,99,80,59,83,41,84,50,70,93,95,89,,,,104,,
20260406,12,O3_24h,82,84,80,84,86,94,88,92,84,82,90,84,86,98,87,84,80,72,60,116,91,86,131,102,99,115,120,117,90,119,97,123,105,98,71,54,101,85,92,49,64,59,65,67,109,66,56,65,95,90,128,27,46,33,47,55,40,60,61,58,47,37,96,87,35,49,54,114,128,90,78,95,93,88,50,47,98,90,82,82,87,84,41,107,92,98,93,101,127,89,93,113,109,102,91,94,20,45,86,64,28,45,26,60,13,56,54,84,119,125,95,103,93,97,84,80,87,79,91,70,69,74,71,88,85,100,118,98,119,109,113,93,11,49,42,58,41,25,59,30,62,31,70,111,51,92,69,51,50,110,91,96,103,75,90,101,98,83,86,95,,,,,,,,,,,,,,,,,,,,,,,,,,,,,,98,95,57,102,87,94,95,92,76,91,75,81,94,93,,88,94,86,83,80,88,81,81,84,80,72,81,93,63,72,42,56,67,61,86,64,93,99,85,111,105,87,73,99,106,96,102,97,102,115,58,53,63,59,69,72,70,74,81,59,59,64,71,77,103,112,104,98,96,114,113,89,60,113,103,57,41,58,59,77,98,13,49,52,55,33,44,46,58,23,52,84,94,65,68,118,65,30,75,111,33,60,53,52,47,36,33,44,47,70,54,,93,99,88,66,53,88,105,45,,33,121,104,108,147,121,113,127,129,107,98,104,76,93,76,110,121,118,,116,99,62,116,72,92,82,78,89,91,85,,104,,39,,96,110,110,109,110,101,99,142,91,65,91,94,85,99,80,59,83,41,84,50,70,93,95,89,,,,104,,
20260406,12,O3_8h,72,75,70,76,79,75,73,73,55,70,74,63,64,58,75,66,69,64,56,83,40,45,62,100,81,48,63,60,41,55,97,113,90,49,95,67,75,37,66,73,98,41,42,82,48,81,65,76,78,85,91,11,65,29,35,51,26,55,40,41,32,15,72,80,29,58,39,98,121,47,46,60,55,70,67,73,79,55,70,71,58,55,57,86,67,72,75,79,108,72,76,94,95,90,79,82,18,55,58,57,34,43,49,53,16,54,46,22,82,87,70,61,60,57,72,58,68,62,68,75,71,70,65,39,37,60,74,73,74,72,94,45,6,48,40,36,22,6,30,22,58,15,55,65,64,73,47,42,45,89,57,64,40,46,61,54,61,44,84,87,,,,,,,,,,,,,,,,,,,,,,,,,,,,,,77,58,48,73,58,48,43,67,40,51,69,74,78,83,,59,90,73,63,64,64,65,68,87,83,63,75,77,55,56,39,64,49,59,75,71,81,73,47,94,60,41,40,67,76,84,55,63,58,65,75,51,78,68,75,56,77,75,68,45,64,74,76,70,72,86,74,75,72,82,88,62,40,56,44,33,46,41,40,39,38,3,51,64,72,17,37,58,70,21,14,62,61,27,39,47,31,28,30,48,21,49,71,53,46,34,8,41,23,62,59,,82,55,77,78,65,91,90,51,,37,97,94,99,85,82,79,112,80,64,90,55,39,105,69,119,113,115,,103,80,29,39,33,49,61,45,39,61,55,,84,,60,,46,77,79,90,92,75,94,134,45,41,52,77,48,70,69,76,78,59,75,32,32,93,70,47,,,,102,,
20260406,12,O3_8h_24h,71,75,69,76,78,75,73,73,55,71,74,63,63,58,73,65,69,60,56,82,40,39,61,97,81,48,62,60,39,55,97,113,89,49,78,52,72,37,64,48,88,40,41,59,48,71,43,71,73,79,91,9,57,24,33,50,23,55,40,31,31,15,69,80,27,40,37,98,117,47,42,57,55,69,60,63,78,55,70,67,58,55,42,86,67,68,75,79,108,71,76,94,93,89,77,82,18,38,58,57,32,42,39,53,12,48,39,22,82,87,70,61,59,57,72,58,68,62,68,69,70,68,65,39,37,60,74,73,74,72,94,45,5,44,36,36,22,6,29,20,52,15,52,63,57,73,44,42,39,89,57,64,40,45,61,54,55,44,71,84,,,,,,,,,,,,,,,,,,,,,,,,,,,,,,74,58,44,73,60,48,43,67,40,51,68,74,78,83,,59,90,73,63,64,64,65,68,80,78,63,75,77,49,56,28,57,49,53,75,56,81,73,47,94,60,41,40,65,76,84,55,63,58,65,59,51,69,64,69,54,68,68,68,44,63,62,75,67,72,85,74,75,72,82,88,62,39,56,44,28,41,41,36,39,38,3,44,54,69,17,37,49,63,20,14,62,61,27,39,47,29,26,30,48,18,49,64,49,41,33,8,41,23,62,52,,82,55,69,62,54,91,90,48,,30,97,94,99,85,82,79,112,80,63,90,55,39,103,65,113,106,115,,98,80,28,39,33,49,61,45,39,61,55,,84,,40,,46,74,79,90,89,75,78,134,45,41,52,69,45,70,63,37,77,54,73,28,32,93,66,47,,,,102,,
20260406,12,CO,0.28,0.31,0.30,0.22,0.25,0.43,0.20,0.30,0.20,0.20,0.27,0.40,0.35,0.35,0.28,0.41,0.36,0.31,0.57,0.65,0.87,0.84,1.04,0.53,0.48,0.72,1.03,1.07,0.78,0.80,0.38,0.56,0.35,0.67,0.63,0.63,0.54,0.93,0.55,0.63,0.60,0.77,1.00,0.60,0.67,0.65,0.47,0.58,0.49,0.47,0.58,1.21,0.64,0.73,0.55,0.47,0.57,0.35,0.40,0.70,0.55,0.63,0.67,0.47,0.63,0.54,0.43,0.43,0.28,0.45,0.63,0.75,0.36,0.37,0.43,0.60,0.44,0.30,0.50,0.35,0.17,0.33,0.80,0.27,0.50,0.63,0.30,0.37,0.50,0.28,0.24,0.40,0.52,0.54,0.23,0.42,1.03,0.55,0.83,0.70,0.85,0.45,0.60,0.53,0.85,0.60,0.83,0.60,0.30,0.80,0.33,0.27,0.45,0.32,0.34,0.52,0.50,0.50,0.35,0.57,0.45,0.50,0.30,0.73,1.60,0.62,0.58,0.33,0.68,0.67,0.47,0.50,0.53,0.77,0.95,1.07,0.60,1.03,0.70,0.91,0.50,0.75,0.75,0.82,0.83,0.57,0.57,0.25,0.60,0.60,0.43,0.40,0.25,0.46,0.55,0.40,0.50,0.84,0.50,0.30,,,,,,,,,,,,,,,,,,,,,,,,,,,,,,0.43,0.70,0.70,0.57,0.40,0.30,0.68,0.33,0.33,0.80,0.40,0.20,0.40,0.30,,0.20,0.50,0.25,0.30,0.30,0.37,0.20,0.20,0.40,0.75,0.25,0.10,0.27,0.27,0.33,0.47,0.47,0.40,0.53,0.30,0.40,0.35,0.43,0.54,0.45,0.63,0.55,0.45,0.60,0.50,0.30,0.40,0.33,0.85,0.20,0.80,1.00,0.65,0.70,0.70,0.47,0.77,0.63,0.55,0.82,0.95,0.63,0.90,0.70,0.66,0.78,0.55,0.60,0.68,0.45,0.30,0.50,0.68,0.70,0.68,0.70,0.65,0.90,0.40,0.80,0.77,0.70,0.96,1.15,1.10,0.75,0.67,0.35,0.60,0.65,0.35,0.63,0.65,1.00,0.70,1.25,0.73,1.00,0.95,0.80,1.43,0.50,0.60,0.55,0.45,0.72,0.80,0.50,0.75,0.50,0.40,,0.25,0.65,0.47,0.67,0.50,0.45,0.55,0.60,,0.60,0.35,0.40,0.50,0.70,0.35,0.50,0.30,0.40,0.65,0.35,1.00,0.30,0.40,0.35,0.30,0.30,0.50,,0.45,0.60,0.57,0.50,0.50,0.45,0.40,0.35,0.40,0.30,0.50,,0.25,,0.70,,0.35,0.60,0.40,0.20,0.30,0.40,0.40,0.30,0.43,0.40,0.30,0.40,0.70,0.25,0.25,0.60,0.15,0.65,0.50,0.65,0.10,,0.40,0.50,,,,0.65,,
20260406,12,CO_24h,0.24,0.31,0.30,0.27,0.20,0.40,0.24,0.30,0.20,0.20,0.30,0.30,0.35,0.35,0.28,0.52,0.47,0.44,0.57,0.58,0.92,0.80,0.75,0.59,0.56,0.70,0.76,0.74,0.66,0.73,0.60,0.76,0.50,0.65,0.57,0.53,0.49,0.85,0.60,0.53,0.60,0.70,0.50,0.50,0.71,0.45,0.47,0.60,0.50,0.57,0.52,1.11,0.63,0.78,0.61,0.57,0.63,0.40,0.57,0.73,0.65,0.87,0.69,0.55,0.63,0.48,0.47,0.49,0.27,0.49,0.50,0.70,0.42,0.35,0.42,0.60,0.43,0.30,0.50,0.42,0.30,0.42,0.70,0.36,0.50,0.60,0.30,0.47,0.58,0.38,0.30,0.50,0.43,0.80,0.37,0.45,1.07,0.75,0.70,0.73,0.65,0.50,0.55,0.67,0.85,0.70,0.87,0.85,0.40,0.70,0.40,0.47,0.53,0.42,0.34,0.90,0.60,0.82,0.46,0.63,0.42,0.53,0.27,0.82,0.90,0.70,0.52,0.33,0.70,0.70,0.45,0.47,0.50,0.73,0.90,1.10,0.60,0.93,0.73,0.80,0.45,0.60,0.73,0.90,0.73,0.57,0.53,0.25,0.65,0.58,0.47,0.40,0.45,0.42,0.50,0.50,0.50,0.60,0.48,0.30,,,,,,,,,,,,,,,,,,,,,,,,,,,,,,0.50,0.40,0.65,0.60,0.37,0.30,0.70,0.33,0.33,0.53,0.50,0.20,0.40,0.30,,0.20,0.45,0.30,0.57,0.35,0.47,0.37,0.40,0.25,0.90,0.35,0.20,0.33,0.20,0.33,0.37,0.35,0.35,0.50,0.35,0.30,0.30,0.58,0.54,0.50,0.93,0.67,0.45,0.50,0.52,0.40,0.45,0.27,1.13,0.27,0.67,1.10,0.55,0.75,0.60,0.53,0.83,0.53,0.55,0.80,0.95,0.65,0.85,0.60,0.68,0.70,0.55,0.47,0.50,0.63,0.47,0.30,0.75,0.60,0.80,0.80,0.57,1.00,0.50,0.70,0.87,0.65,0.88,0.90,1.00,0.60,0.57,0.30,0.60,0.45,0.45,0.73,0.67,0.93,0.77,1.05,0.77,0.90,0.95,0.90,0.80,0.60,0.50,0.72,0.75,0.75,0.60,0.45,0.65,0.55,0.30,,0.30,0.55,0.50,0.67,0.40,0.45,0.55,0.65,,0.90,0.40,0.40,0.50,0.75,0.45,0.50,0.40,0.40,0.55,0.45,0.80,0.45,0.45,0.30,0.30,0.35,0.50,,0.45,0.60,0.53,0.50,0.40,0.45,0.45,0.40,0.40,0.30,0.45,,0.25,,0.55,,0.35,0.50,0.40,0.20,0.30,0.30,0.30,0.30,0.40,0.40,0.35,0.40,0.35,0.35,0.20,0.60,0.15,0.45,0.30,0.55,0.50,,0.35,0.50,,,,0.65,,
20260406,13,AQI,27,30,40,27,27,50,45,29,32,28,36,42,47,52,29,27,26,23,43,56,98,75,93,51,63,81,85,87,96,81,61,54,56,57,36,49,44,68,59,33,34,62,58,34,74,37,34,43,57,37,91,95,60,44,33,30,46,47,51,33,30,44,66,41,45,39,30,36,40,89,69,54,55,41,46,45,32,51,27,26,28,27,54,58,49,73,32,37,64,30,31,68,67,41,29,31,66,24,58,48,30,29,45,36,51,51,48,42,38,85,30,34,60,52,27,26,27,26,29,23,49,44,53,62,74,37,91,65,83,90,94,62,46,64,55,29,23,71,56,75,47,51,58,35,56,41,31,38,35,35,97,71,33,86,101,54,69,79,57,38,,,,,,,,,,,,,,,,,,,,,,,,,,,,,,92,78,37,47,28,56,83,31,54,53,34,26,32,29,,27,52,28,27,38,28,28,26,26,29,58,26,29,31,44,16,63,41,39,33,37,34,63,73,70,64,53,51,88,71,59,69,65,59,54,68,43,19,21,50,33,25,50,38,43,27,36,33,33,72,84,81,89,88,101,66,96,61,86,98,69,99,89,69,60,84,41,31,44,55,51,55,23,21,43,50,52,61,68,60,120,43,104,80,79,65,26,40,26,48,44,93,21,46,29,23,,29,37,31,34,35,55,64,27,,44,38,42,34,78,39,35,44,53,100,31,72,46,32,28,38,40,38,,39,34,66,52,60,69,60,56,52,56,77,,76,,68,,48,50,55,58,47,56,35,45,69,70,65,53,34,33,83,100,84,189,135,66,57,29,57,46,,,,54,,
20260406,13,PM2.5,5,7,10,6,5,21,6,8,3,8,8,4,13,9,8,4,6,7,30,29,73,40,66,14,22,60,32,48,72,60,18,25,20,29,20,34,25,33,26,23,20,44,40,24,41,26,24,28,13,10,45,71,43,26,20,15,30,21,20,21,18,31,48,25,29,27,14,14,3,26,32,17,14,9,32,31,9,8,3,3,3,5,38,13,5,27,5,11,13,3,3,13,11,14,3,3,48,9,41,21,21,13,30,13,36,17,21,22,15,50,3,4,20,7,6,3,3,3,4,12,34,31,37,30,35,22,23,24,37,31,28,19,30,46,39,17,16,52,29,55,21,31,41,20,40,29,14,26,17,12,27,31,6,35,36,12,17,22,11,3,,,,,,,,,,,,,,,,,,,,,,,,,,,,,,43,16,26,3,3,13,18,8,3,10,10,16,8,6,,3,5,3,3,3,8,3,3,3,3,41,11,14,22,31,10,45,29,27,14,26,18,22,46,21,25,19,26,65,32,18,41,17,30,26,49,30,12,15,35,23,15,35,24,30,16,25,23,23,28,38,43,37,37,25,12,51,32,31,40,47,74,61,50,33,33,29,21,31,39,36,27,15,15,30,35,34,36,49,43,91,30,78,59,58,47,18,28,6,24,31,69,12,29,20,7,,3,24,21,24,20,30,46,19,,31,22,21,3,51,22,16,31,27,75,17,52,27,11,3,3,3,3,,3,3,37,20,40,32,22,20,25,19,31,,28,,28,,23,24,17,22,19,28,3,17,8,17,18,9,15,5,31,46,39,142,44,25,19,3,14,7,,,,38,,
20260406,13,PM2.5_24h,3,4,18,7,5,38,9,7,5,7,14,18,27,16,6,15,18,27,29,30,32,37,36,29,32,40,29,34,41,43,32,43,37,31,20,36,29,37,28,32,15,41,33,27,33,28,25,25,17,19,44,64,31,19,13,13,27,15,18,16,15,45,49,34,33,37,35,21,7,30,31,26,27,16,28,30,9,10,10,19,9,10,28,20,17,24,8,15,23,14,9,26,18,25,15,5,43,19,31,27,20,14,20,20,35,24,28,48,23,39,7,25,34,17,6,17,18,17,12,28,43,26,27,37,38,30,40,34,44,41,41,28,26,35,33,36,26,49,36,39,23,37,46,25,23,41,32,27,29,20,33,26,29,34,36,16,11,24,12,13,,,,,,,,,,,,,,,,,,,,,,,,,,,,,,38,40,28,20,8,17,34,12,22,18,19,11,15,8,,4,16,6,14,13,6,24,17,11,12,51,32,21,25,21,15,18,17,20,27,21,9,44,41,31,35,36,35,41,38,40,39,39,32,30,34,24,18,18,29,28,25,23,30,19,21,22,22,30,38,33,31,44,42,37,41,36,31,31,46,37,45,50,40,32,37,29,35,44,38,30,32,29,29,29,40,39,41,52,50,76,44,69,60,65,29,28,40,37,31,38,39,28,27,34,7,,12,22,32,41,22,29,49,41,,46,30,28,12,54,34,22,40,42,77,25,42,30,11,5,4,3,15,,3,6,36,23,30,25,24,29,24,19,24,,19,,24,,27,23,16,28,25,15,5,11,26,34,19,18,16,18,23,65,40,64,63,26,14,2,11,17,,,,41,,
20260406,13,PM10,20,30,40,27,15,50,45,21,32,24,36,42,47,54,19,20,20,15,39,62,110,100,136,51,75,105,120,123,116,104,71,58,61,63,36,35,44,85,68,30,34,73,65,27,98,32,27,43,63,37,131,131,51,44,33,30,46,47,52,33,30,43,65,41,45,36,30,28,10,128,88,58,60,41,42,45,26,51,11,10,12,15,44,65,49,96,29,37,78,23,26,86,84,41,16,18,59,24,56,48,26,29,45,36,49,52,48,42,38,119,10,29,70,54,12,10,17,13,19,22,41,36,47,74,97,37,132,80,115,129,138,74,46,59,57,29,23,89,61,75,47,51,61,32,60,41,31,38,35,26,143,91,17,121,151,58,87,107,64,38,,,,,,,,,,,,,,,,,,,,,,,,,,,,,,133,106,34,47,18,61,115,27,57,56,34,19,27,19,,10,54,10,12,38,15,28,26,26,29,41,18,17,26,38,16,51,35,32,33,26,34,75,96,89,78,55,52,106,92,68,88,80,68,58,66,31,16,21,43,33,25,44,38,39,27,30,33,30,93,118,112,127,126,152,81,142,71,121,145,87,132,128,72,70,117,36,31,,52,38,59,23,20,35,50,54,71,73,59,119,42,139,74,85,74,25,33,20,48,33,106,21,46,,13,,8,36,31,28,35,60,,27,,34,34,42,18,105,39,26,40,55,92,28,94,46,17,9,8,10,20,,7,6,81,54,70,87,69,62,54,62,104,,102,,85,,48,50,60,65,47,61,11,40,87,90,79,55,29,30,116,149,117,172,219,82,63,9,64,46,,,,46,,
20260406,13,PM10_24h,15,21,96,33,28,117,45,18,28,27,50,80,112,83,13,30,38,32,37,63,108,92,114,90,112,127,118,109,117,122,97,108,102,83,39,47,76,97,71,51,30,95,81,45,85,33,32,50,101,65,147,113,52,33,25,26,36,28,37,24,25,61,64,48,53,75,51,35,14,105,84,61,116,56,48,54,22,42,26,34,20,26,30,93,99,132,67,75,105,54,62,103,101,79,48,52,60,26,45,52,21,26,28,40,53,34,38,73,39,135,20,92,129,97,19,27,30,28,28,34,56,34,36,100,110,57,137,160,140,141,157,90,51,59,68,57,31,69,56,49,42,65,87,42,40,86,53,44,42,36,106,89,121,103,120,50,41,102,46,46,,,,,,,,,,,,,,,,,,,,,,,,,,,,,,98,125,34,101,38,116,112,50,106,81,47,25,49,20,,12,66,25,22,25,24,44,33,28,27,53,39,27,31,34,20,30,25,26,39,31,18,105,101,110,87,68,80,91,94,108,79,114,73,88,35,29,28,21,34,55,44,45,61,29,41,43,47,72,155,134,125,150,144,119,126,118,70,91,103,76,86,123,63,68,83,45,56,57,46,35,56,53,47,42,54,58,60,72,69,87,60,109,82,90,59,56,68,79,91,52,80,55,51,56,24,,20,35,43,54,40,46,53,61,,53,47,55,21,95,42,35,54,61,96,33,73,40,18,10,14,18,21,,10,7,78,82,81,66,67,78,55,53,72,,76,,59,,76,65,45,70,61,48,11,42,122,108,75,52,41,43,105,209,115,159,281,76,61,12,48,54,,,,58,,
20260406,13,SO2,3,5,3,4,7,9,4,2,3,2,5,7,6,9,7,7,6,6,8,8,9,10,9,8,13,7,12,14,7,13,8,7,6,7,6,6,7,8,7,6,6,4,9,5,9,4,2,6,8,6,7,11,4,5,5,4,4,4,6,4,4,9,5,6,9,4,4,4,4,8,12,14,8,8,3,6,12,7,9,5,5,9,4,11,10,12,8,9,9,6,4,4,6,8,4,6,10,6,6,4,7,6,6,5,5,4,7,6,3,8,5,8,6,4,5,9,9,8,11,5,5,4,6,10,19,7,14,6,12,15,10,14,7,9,7,7,10,25,6,9,4,7,6,8,8,7,2,5,6,5,9,3,2,12,12,25,13,32,6,9,,,,,,,,,,,,,,,,,,,,,,,,,,,,,,8,5,4,4,4,13,11,7,5,14,6,5,8,4,,5,9,5,6,10,8,3,5,7,8,2,5,6,5,10,8,4,5,8,6,6,8,6,10,11,12,9,4,12,8,6,8,9,9,7,21,5,3,5,4,4,7,5,47,3,16,6,17,8,9,14,8,9,10,8,4,9,19,11,12,18,7,10,11,8,7,7,6,8,4,17,4,5,2,5,7,6,6,11,8,23,7,6,4,8,32,8,8,4,7,7,8,7,9,4,6,,6,13,5,9,5,10,7,2,,8,6,5,7,8,10,5,5,7,12,3,9,7,6,8,9,7,6,,7,6,6,23,12,7,7,11,11,4,11,,5,,9,,4,10,11,12,16,14,5,15,8,9,5,4,13,7,4,4,42,5,4,9,6,5,12,10,,,,7,,
20260406,13,SO2_24h,3,5,3,4,6,6,4,3,3,3,5,4,5,6,6,8,7,6,9,7,11,7,8,9,12,9,8,11,8,12,8,10,6,7,6,5,7,7,7,6,6,4,6,5,8,4,2,7,8,7,7,10,5,5,5,4,6,4,6,4,5,8,5,6,9,5,6,5,4,6,8,12,13,8,5,6,9,6,9,5,6,11,4,11,12,12,9,12,10,7,5,5,8,18,4,6,10,6,6,5,7,6,6,5,6,4,8,7,6,8,6,12,8,7,6,10,10,8,16,6,6,5,6,10,15,7,13,5,14,12,8,15,6,7,7,8,10,9,8,7,4,6,8,11,9,10,3,5,9,6,7,3,4,6,10,12,12,13,6,10,,,,,,,,,,,,,,,,,,,,,,,,,,,,,,9,3,4,8,5,10,9,7,7,16,6,5,9,4,,5,8,6,7,10,7,3,5,7,8,2,4,6,6,9,7,4,5,8,7,5,10,8,9,9,16,10,5,10,8,7,6,9,8,6,4,7,3,5,5,4,8,5,18,4,8,8,9,9,10,12,6,9,9,7,6,7,11,8,13,12,6,10,9,6,8,7,8,12,5,12,5,7,6,4,9,8,6,17,14,17,9,8,10,8,10,9,9,6,9,8,6,7,8,3,5,,6,5,5,10,5,10,6,3,,6,6,8,8,7,10,6,5,15,10,3,7,7,6,7,9,7,8,,8,6,6,20,7,9,12,13,10,5,8,,6,,8,,5,12,9,10,15,11,6,15,8,11,4,3,10,7,3,5,12,4,4,8,6,5,9,8,,,,8,,
20260406,13,NO2,6,11,13,4,6,12,7,4,3,4,9,13,10,7,6,8,10,7,15,24,18,39,17,15,20,12,26,31,17,12,11,11,12,16,30,33,10,20,23,21,59,23,21,10,13,18,18,9,16,12,11,53,16,19,9,3,14,5,8,9,8,17,7,5,19,19,11,5,5,14,19,8,10,12,19,17,10,7,10,5,6,6,25,13,9,18,9,11,11,10,7,10,8,13,6,8,21,5,12,6,12,4,18,3,26,17,14,5,6,18,4,6,10,8,5,6,7,4,6,8,10,12,11,16,21,17,15,11,15,12,11,10,29,17,19,4,9,18,6,17,4,16,12,8,18,9,12,11,9,7,13,9,4,16,13,5,6,17,13,7,,,,,,,,,,,,,,,,,,,,,,,,,,,,,,11,13,19,7,4,11,13,8,13,6,7,7,6,4,,4,5,5,5,2,6,3,3,7,7,6,7,6,8,9,10,14,12,14,8,9,5,13,16,18,9,10,7,12,12,10,8,9,14,6,21,15,12,7,33,6,8,14,10,12,20,9,7,15,11,18,19,14,14,12,9,13,17,10,11,26,15,16,17,10,12,15,8,16,7,7,11,8,12,21,10,6,5,12,9,12,8,7,3,10,34,13,15,14,22,9,47,5,9,16,7,,4,8,7,6,14,7,6,9,,7,5,11,7,7,3,4,4,6,13,7,13,6,5,5,6,4,6,,1,2,21,12,11,8,4,17,4,9,10,,9,,19,,5,3,1,4,2,1,4,1,8,9,5,8,9,10,20,10,10,24,4,22,13,3,17,7,,,,4,,
20260406,13,NO2_24h,7,11,11,5,7,17,10,5,8,6,14,18,17,13,4,14,15,11,18,23,35,33,34,18,25,35,28,25,29,33,21,20,17,29,18,21,21,33,24,19,23,35,25,12,24,14,17,11,19,19,17,48,12,22,13,6,22,8,14,18,12,36,8,7,22,17,12,8,7,34,25,12,20,22,14,14,9,15,14,10,17,18,14,17,16,21,15,17,18,21,14,17,11,20,14,13,23,12,11,8,10,7,10,8,23,11,16,33,12,20,7,16,15,27,7,15,13,14,14,10,11,15,10,40,39,30,23,16,24,15,19,24,24,26,25,11,15,19,10,12,5,19,13,16,15,11,12,19,9,9,26,18,24,17,26,16,18,16,14,13,,,,,,,,,,,,,,,,,,,,,,,,,,,,,,11,16,17,17,10,20,26,12,16,19,10,8,7,4,,9,5,9,11,7,12,9,8,9,10,8,10,8,12,10,12,7,12,13,10,12,5,25,20,17,27,28,12,15,16,18,18,20,21,16,11,12,10,6,14,13,8,13,14,11,14,10,6,16,16,16,20,19,20,20,18,14,19,13,14,26,15,18,20,10,20,20,10,12,6,9,13,7,10,12,23,15,10,21,12,13,13,8,12,13,30,16,15,27,31,15,38,11,19,10,6,,9,11,9,5,8,7,5,8,,7,6,14,9,15,7,7,7,11,16,7,13,12,6,6,3,5,8,,5,5,20,28,12,20,13,28,20,12,19,,9,,13,,15,7,2,3,6,2,8,4,18,22,19,15,25,20,14,31,14,25,8,22,10,4,17,14,,,,6,,
20260406,13,O3,86,89,80,85,86,104,92,93,87,88,95,90,97,103,93,85,84,75,62,138,118,132,143,109,107,125,137,128,128,126,104,124,112,107,68,61,108,120,111,67,43,73,97,91,116,76,57,70,105,98,140,37,46,40,51,56,54,62,66,64,53,50,113,91,41,59,63,114,129,97,88,106,102,107,52,49,102,100,86,84,90,86,45,119,97,118,101,107,134,96,98,116,112,104,94,99,29,50,103,66,35,47,26,57,18,56,56,92,121,133,97,110,103,101,87,82,87,84,93,75,69,78,72,107,106,107,128,105,127,121,120,110,10,67,54,73,52,34,77,43,65,49,74,113,55,86,75,52,57,111,97,98,107,88,98,109,108,92,104,102,,,,,,,,,,,,,,,,,,,,,,,,,,,,,,107,108,58,108,90,104,107,98,83,95,77,84,103,93,,87,99,88,85,84,89,83,84,83,86,73,82,93,77,76,48,55,67,50,87,70,95,99,92,120,120,98,93,114,112,104,113,109,120,130,54,53,61,53,56,90,72,71,86,55,53,71,77,79,117,124,136,112,114,119,119,99,64,130,115,59,47,64,68,61,120,15,58,53,68,49,51,46,55,22,75,84,95,90,82,151,72,38,86,128,40,66,68,84,50,50,13,68,64,66,75,,94,119,99,80,51,84,108,46,,41,120,116,108,154,123,111,130,132,145,98,120,102,101,90,120,127,120,,124,108,70,115,86,105,95,90,98,103,94,,115,,61,,100,117,116,115,116,99,112,143,106,91,100,105,108,106,100,103,93,66,93,63,84,94,102,98,,,,117,,
20260406,13,O3_24h,86,89,80,85,86,104,92,93,87,88,95,90,97,103,93,85,84,75,62,138,118,132,143,109,107,125,137,128,128,126,104,124,112,107,68,61,108,120,111,67,43,73,97,91,116,76,57,70,105,98,140,37,46,40,51,56,54,62,66,64,53,50,113,91,41,59,63,114,129,97,88,106,102,107,52,49,102,100,86,84,90,86,45,119,97,118,101,107,134,96,98,116,112,104,94,99,29,50,103,66,35,47,26,57,18,56,56,92,121,133,97,110,103,101,87,82,87,84,93,75,69,78,72,107,106,107,128,105,127,121,120,110,10,67,54,73,52,34,77,43,65,49,74,113,55,86,75,52,57,111,97,98,107,88,98,109,108,92,104,102,,,,,,,,,,,,,,,,,,,,,,,,,,,,,,107,108,58,108,90,104,107,98,83,95,77,84,103,93,,87,99,88,85,84,89,83,84,83,86,73,82,93,77,76,48,55,67,50,87,70,95,99,92,120,120,98,93,114,112,104,113,109,120,130,54,53,61,53,56,90,72,71,86,55,53,71,77,79,117,124,136,112,114,119,119,99,64,130,115,59,47,64,68,61,120,15,58,53,68,49,51,46,55,22,75,84,95,90,82,151,72,38,86,128,40,66,68,84,50,50,13,68,64,66,75,,94,119,99,80,51,84,108,46,,41,120,116,108,154,123,111,130,132,145,98,120,102,101,90,120,127,120,,124,108,70,115,86,105,95,90,98,103,94,,115,,61,,100,117,116,115,116,99,112,143,106,91,100,105,108,106,100,103,93,66,93,63,84,94,102,98,,,,117,,
20260406,13,O3_8h,73,77,72,77,80,80,76,77,61,71,77,69,67,65,76,69,71,64,57,89,53,53,73,101,86,61,73,70,50,66,97,117,94,60,95,67,78,50,70,73,98,43,48,82,59,81,52,76,80,85,98,13,65,30,37,51,28,56,45,46,34,20,75,82,31,59,41,100,121,57,52,63,63,74,67,73,81,63,74,71,64,60,57,91,73,75,81,83,111,75,80,97,96,91,79,85,20,55,66,59,34,43,49,55,16,54,46,33,88,96,74,68,65,65,74,62,72,66,73,75,71,70,66,50,48,66,82,79,83,79,98,55,7,49,40,41,26,11,37,24,58,20,55,70,64,75,48,44,45,92,65,69,51,50,66,64,64,52,85,90,,,,,,,,,,,,,,,,,,,,,,,,,,,,,,78,67,48,78,63,57,55,80,47,58,69,76,82,85,,66,91,76,67,68,69,69,70,87,83,64,76,81,55,59,39,64,51,59,77,71,84,83,53,98,70,51,49,71,80,86,65,72,67,76,75,51,78,68,75,58,77,75,70,45,64,74,76,71,80,89,83,80,78,90,93,67,44,67,55,33,46,46,42,43,50,5,51,64,72,21,40,58,70,22,23,67,65,36,45,63,35,28,52,61,24,52,71,54,47,35,9,48,29,62,59,,84,64,77,78,65,91,92,51,,37,101,96,101,95,87,83,115,88,74,91,64,49,105,69,119,113,115,,103,85,33,52,41,57,66,51,49,67,60,,88,,60,,54,80,84,93,92,81,94,136,56,49,60,77,53,75,70,80,81,59,76,35,38,93,73,56,,,,103,,
20260406,13,O3_8h_24h,73,77,71,77,79,80,76,77,61,73,77,69,67,65,75,69,71,61,57,89,53,52,73,98,86,61,73,70,50,66,97,117,94,60,74,53,76,50,70,48,81,43,48,62,59,71,45,70,78,80,98,13,55,26,35,50,27,56,45,38,34,20,75,82,29,42,41,100,118,57,49,63,63,74,58,59,81,63,74,70,64,60,41,91,73,75,81,83,111,75,80,97,94,90,79,85,20,38,66,58,32,43,36,55,12,48,40,33,88,96,74,68,65,65,74,62,72,66,73,69,70,69,66,50,48,66,82,79,83,79,98,55,7,47,39,41,26,11,37,23,53,20,53,70,55,75,48,44,41,92,65,69,51,50,66,64,64,52,73,86,,,,,,,,,,,,,,,,,,,,,,,,,,,,,,77,67,45,78,65,57,55,71,47,58,69,76,82,85,,66,91,76,67,68,69,69,70,80,78,64,76,81,51,59,29,56,51,52,77,60,84,83,53,98,70,51,49,71,80,86,65,72,67,76,57,51,67,62,66,57,68,68,70,45,61,63,75,69,80,89,83,80,78,90,93,67,44,67,55,31,40,46,40,43,50,5,46,53,70,21,40,48,62,20,23,67,65,36,45,63,35,27,35,61,20,52,65,52,43,35,9,48,29,62,54,,84,64,72,62,52,90,92,48,,30,101,96,101,95,87,83,115,88,74,91,64,49,102,68,113,109,115,,102,85,33,52,41,57,66,51,49,67,60,,88,,41,,54,80,84,93,91,81,80,136,56,49,60,73,53,75,68,46,81,53,76,33,38,93,70,56,,,,103,,
20260406,13,CO,0.28,0.35,0.32,0.26,0.25,0.50,0.24,0.30,0.20,0.20,0.27,0.40,0.35,0.37,0.28,0.41,0.36,0.31,0.49,0.67,0.75,0.87,0.90,0.49,0.50,0.72,1.03,0.96,0.74,0.74,0.30,0.56,0.35,0.66,0.67,0.63,0.51,0.65,0.55,0.53,0.50,0.70,1.00,0.55,0.68,0.60,0.43,0.58,0.51,0.47,0.50,1.27,0.66,0.73,0.54,0.43,0.53,0.30,0.40,0.60,0.53,0.63,0.67,0.47,0.62,0.52,0.43,0.41,0.24,0.45,0.53,0.60,0.36,0.31,0.47,0.58,0.53,0.30,0.42,0.30,0.17,0.33,0.77,0.27,0.48,0.60,0.33,0.40,0.50,0.26,0.23,0.40,0.42,0.52,0.23,0.43,0.97,0.55,0.80,0.70,0.75,0.40,0.60,0.53,0.80,0.70,0.90,0.60,0.27,0.80,0.33,0.27,0.38,0.34,0.34,0.52,0.45,0.48,0.36,0.54,0.38,0.50,0.30,0.55,0.93,0.58,0.51,0.33,0.58,0.67,0.50,0.38,0.55,0.67,0.92,1.07,0.55,1.00,0.70,0.91,0.50,0.68,0.70,0.78,0.80,0.57,0.50,0.25,0.57,0.53,0.43,0.40,0.25,0.50,0.55,0.40,0.47,0.92,0.46,0.30,,,,,,,,,,,,,,,,,,,,,,,,,,,,,,0.45,0.50,0.70,0.50,0.30,0.35,0.60,0.35,0.30,0.33,0.43,0.30,0.40,0.28,,0.20,0.50,0.25,0.30,0.30,0.40,0.20,0.20,0.40,0.70,0.35,0.20,0.30,0.27,0.35,0.43,0.47,0.35,0.50,0.30,0.40,0.35,0.37,0.54,0.50,0.50,0.45,0.45,0.60,0.50,0.23,0.50,0.20,0.73,0.33,0.80,1.00,0.65,0.75,0.80,0.50,0.63,0.63,0.60,0.82,0.95,0.68,0.93,0.70,0.62,0.78,0.55,0.53,0.56,0.50,0.23,0.50,0.77,0.67,0.66,0.87,0.65,0.90,0.43,0.90,0.73,0.70,0.87,1.20,1.00,0.70,0.67,0.35,0.65,0.65,0.60,0.63,0.60,0.87,0.73,1.25,0.70,1.00,0.90,0.90,1.17,0.55,0.53,0.38,0.60,0.67,0.75,0.30,0.70,0.50,0.40,,0.20,0.70,0.47,0.67,0.50,0.45,0.50,0.60,,0.65,0.35,0.40,0.50,0.70,0.30,0.50,0.30,0.30,0.65,0.40,0.90,0.30,0.35,0.35,0.20,0.30,0.50,,0.35,0.50,0.57,0.43,0.50,0.45,0.35,0.30,0.30,0.30,0.40,,0.30,,0.60,,0.35,0.50,0.40,0.20,0.30,0.30,0.30,0.30,0.33,0.30,0.25,0.30,0.45,0.20,0.25,0.40,0.20,0.50,0.30,0.55,0.10,,0.40,0.55,,,,0.60,,
20260406,13,CO_24h,0.25,0.32,0.30,0.27,0.20,0.43,0.22,0.30,0.20,0.20,0.30,0.30,0.35,0.37,0.28,0.51,0.47,0.44,0.56,0.58,0.91,0.81,0.75,0.56,0.56,0.72,0.77,0.76,0.68,0.73,0.60,0.74,0.52,0.65,0.57,0.53,0.48,0.83,0.60,0.53,0.60,0.70,0.50,0.50,0.71,0.45,0.50,0.58,0.50,0.56,0.52,1.12,0.63,0.78,0.61,0.57,0.63,0.40,0.57,0.73,0.65,0.87,0.69,0.55,0.63,0.48,0.47,0.48,0.27,0.49,0.50,0.70,0.42,0.35,0.42,0.58,0.43,0.30,0.50,0.40,0.30,0.42,0.70,0.36,0.50,0.60,0.30,0.47,0.58,0.38,0.30,0.50,0.43,0.78,0.33,0.45,1.07,0.75,0.70,0.70,0.70,0.50,0.55,0.67,0.85,0.70,0.87,0.85,0.40,0.70,0.40,0.47,0.50,0.42,0.34,0.90,0.58,0.80,0.46,0.63,0.42,0.53,0.27,0.82,0.90,0.70,0.52,0.33,0.70,0.70,0.45,0.47,0.50,0.73,0.90,1.10,0.60,0.93,0.73,0.80,0.45,0.60,0.73,0.90,0.73,0.57,0.53,0.25,0.63,0.58,0.47,0.40,0.45,0.40,0.50,0.50,0.50,0.62,0.48,0.30,,,,,,,,,,,,,,,,,,,,,,,,,,,,,,0.50,0.40,0.65,0.60,0.37,0.30,0.70,0.33,0.33,0.50,0.50,0.20,0.40,0.30,,0.20,0.45,0.30,0.53,0.35,0.47,0.37,0.40,0.25,0.90,0.35,0.20,0.33,0.20,0.33,0.37,0.38,0.35,0.50,0.35,0.30,0.30,0.58,0.54,0.50,0.93,0.67,0.50,0.50,0.54,0.40,0.45,0.27,1.10,0.27,0.67,1.00,0.55,0.75,0.60,0.53,0.77,0.53,0.55,0.80,0.95,0.65,0.85,0.60,0.68,0.72,0.55,0.47,0.50,0.63,0.47,0.33,0.75,0.60,0.78,0.80,0.57,1.00,0.50,0.80,0.83,0.65,0.88,0.95,1.00,0.65,0.60,0.30,0.60,0.50,0.45,0.73,0.70,0.93,0.77,1.10,0.77,1.00,0.95,0.90,0.80,0.55,0.50,0.70,0.75,0.75,0.60,0.45,0.65,0.55,0.30,,0.30,0.55,0.50,0.67,0.40,0.45,0.55,0.65,,0.90,0.40,0.40,0.50,0.75,0.45,0.50,0.40,0.40,0.55,0.45,0.80,0.45,0.45,0.30,0.30,0.30,0.50,,0.45,0.60,0.53,0.50,0.40,0.45,0.45,0.40,0.40,0.30,0.45,,0.25,,0.55,,0.40,0.50,0.40,0.20,0.30,0.30,0.30,0.30,0.40,0.40,0.35,0.40,0.35,0.35,0.20,0.65,0.15,0.45,0.30,0.55,0.50,,0.35,0.50,,,,0.60,,
20260406,14,AQI,28,31,51,36,30,55,47,29,32,30,42,42,51,52,30,30,27,23,38,60,79,81,90,51,64,72,93,102,89,78,60,52,58,58,29,37,48,67,69,24,30,54,53,29,80,37,31,37,53,36,80,91,59,46,32,30,50,34,43,33,31,43,70,40,43,27,34,36,39,91,63,53,42,39,50,45,34,54,28,28,28,30,53,59,51,69,34,43,65,30,32,61,51,43,30,33,63,25,58,46,24,27,40,35,54,49,41,56,38,74,30,36,70,48,28,26,31,27,29,25,41,55,59,65,75,42,87,68,68,126,91,57,46,52,52,23,23,72,55,76,44,41,48,33,47,54,27,37,31,35,96,75,34,90,104,54,70,71,53,35,,,,,,,,,,,,,,,,,,,,,,,,,,,,,,84,70,41,35,32,56,80,33,53,51,30,26,36,29,,29,41,28,27,75,28,29,26,30,26,55,31,28,34,39,15,66,34,43,34,40,27,64,70,69,65,51,45,76,64,59,105,59,61,57,63,37,19,24,49,30,24,43,35,37,24,37,31,31,75,89,71,79,77,89,61,92,66,91,103,69,88,88,66,73,84,41,33,36,44,51,44,19,19,40,59,56,60,70,61,128,44,105,73,80,54,23,36,28,42,37,111,21,43,23,25,,30,37,39,34,28,46,51,22,,36,36,46,34,77,38,34,40,43,101,31,64,44,31,33,38,40,39,,39,36,67,49,60,69,61,49,44,52,74,,69,,63,,55,56,47,54,44,50,38,43,58,58,67,54,37,35,82,106,76,156,118,61,59,28,56,42,,,,56,,
20260406,14,PM2.5,5,8,12,4,5,22,6,14,3,9,14,6,18,8,5,4,4,8,26,30,58,45,53,15,22,46,45,68,66,57,18,21,22,28,17,26,27,34,38,17,18,34,32,18,59,26,22,26,10,12,35,68,42,27,18,16,29,18,17,20,18,28,51,26,29,19,19,10,4,26,33,17,17,10,35,31,13,6,3,3,3,16,37,13,6,25,6,13,13,3,3,10,5,13,3,3,45,9,41,18,17,12,23,12,38,14,19,22,14,28,4,3,17,4,3,3,3,3,5,12,29,39,42,31,46,23,26,30,30,28,31,13,23,36,34,16,16,49,30,56,20,23,31,17,29,23,17,26,22,13,27,28,7,50,35,17,14,25,12,3,,,,,,,,,,,,,,,,,,,,,,,,,,,,,,40,9,29,3,4,17,14,11,3,5,15,14,14,6,,3,9,3,3,3,5,7,3,3,3,39,22,12,24,23,10,48,24,30,15,28,12,21,33,21,24,18,23,51,26,18,79,8,31,27,45,26,7,17,34,21,15,29,24,26,11,26,22,22,30,35,30,35,29,20,9,42,45,34,40,47,65,57,48,45,32,29,22,25,29,36,21,10,10,28,42,33,37,51,44,97,31,79,53,59,32,12,25,3,13,26,84,10,26,16,6,,3,19,25,24,16,31,36,15,,25,18,22,3,54,21,10,27,24,76,14,43,21,9,3,3,3,8,,3,3,33,17,34,35,25,18,17,14,33,,25,,26,,24,20,23,22,17,24,3,12,8,20,17,10,7,3,25,45,37,119,48,21,13,3,9,7,,,,40,,
20260406,14,PM2.5_24h,3,4,18,7,5,37,8,8,5,7,13,17,26,15,6,14,16,26,29,31,34,37,37,28,32,41,30,37,43,44,31,42,37,31,20,37,30,38,29,32,14,42,34,28,35,28,25,25,16,17,44,65,31,19,14,13,26,15,17,16,16,44,50,34,33,36,34,20,7,29,31,25,25,16,29,30,9,10,8,18,8,9,29,19,16,24,8,14,22,13,7,25,17,24,14,5,44,19,31,25,20,13,20,18,35,24,28,47,23,39,6,24,32,16,6,16,17,16,10,28,42,26,27,37,38,30,40,33,44,40,41,27,25,35,33,35,25,50,36,39,23,37,45,25,24,41,32,27,28,20,33,26,29,35,36,16,11,24,12,13,,,,,,,,,,,,,,,,,,,,,,,,,,,,,,38,39,28,19,8,17,33,12,21,16,18,11,16,8,,4,16,5,13,12,6,23,17,11,12,52,31,21,25,21,15,19,18,21,27,21,9,44,42,31,35,36,35,42,38,40,41,39,32,30,35,24,18,18,29,28,25,24,30,20,21,22,22,30,37,33,31,44,42,37,40,36,31,32,46,37,46,51,40,32,37,29,34,42,38,31,31,28,28,28,40,39,41,52,49,78,44,70,60,65,28,27,39,36,30,37,40,27,27,34,7,,11,22,32,40,21,29,49,40,,46,29,28,11,54,34,22,40,41,77,24,42,30,11,5,4,3,15,,3,6,36,22,30,26,24,28,25,19,25,,19,,25,,28,23,16,28,25,16,5,11,25,35,19,18,17,18,24,65,40,67,62,26,14,2,12,16,,,,41,,
20260406,14,PM10,21,31,51,36,30,60,47,21,32,23,42,42,51,54,20,30,18,16,38,69,98,111,129,51,78,93,136,154,104,101,70,54,66,65,29,33,48,84,87,22,30,57,55,28,110,36,27,35,56,36,110,131,53,46,32,30,50,34,43,33,31,43,77,40,43,27,34,23,10,132,75,56,42,39,47,45,29,57,11,10,15,30,44,67,51,88,33,43,80,19,27,71,51,43,16,24,54,25,53,46,,27,40,35,51,49,41,62,31,97,10,25,90,48,13,10,31,11,22,22,39,44,50,79,100,42,124,86,86,201,131,64,46,53,54,21,21,94,59,79,44,41,48,29,47,58,27,37,30,27,142,99,19,130,158,58,90,91,55,34,,,,,,,,,,,,,,,,,,,,,,,,,,,,,,117,90,39,35,32,61,109,33,56,52,30,25,35,20,,29,41,18,10,99,19,29,20,30,25,,26,14,25,39,15,64,31,35,34,30,27,78,90,88,79,51,45,101,78,67,96,68,71,64,50,33,10,18,37,25,24,43,35,35,24,36,31,31,100,128,91,107,104,128,71,133,81,131,155,87,125,126,74,95,117,33,33,25,44,,44,19,15,29,66,61,70,70,60,122,42,136,83,105,58,22,29,19,42,29,111,19,43,,25,,8,33,39,26,28,46,,22,,34,32,46,20,104,38,21,35,43,95,24,78,44,17,10,7,12,20,,6,6,83,49,70,87,72,49,44,54,98,,87,,75,,59,61,47,58,44,50,6,35,66,66,83,58,23,27,113,162,102,118,186,71,67,10,61,42,,,,48,,
20260406,14,PM10_24h,15,21,92,32,27,112,45,17,28,26,48,76,107,77,13,29,36,30,37,63,107,94,113,88,109,125,117,112,118,121,95,105,100,83,39,47,75,98,72,51,30,95,81,44,87,33,32,48,97,62,144,115,51,33,26,27,36,29,37,24,26,59,64,47,52,72,50,35,14,104,85,59,107,56,47,53,23,42,24,33,18,25,31,90,93,125,64,72,102,50,58,101,98,74,46,50,60,26,45,50,21,25,28,39,53,34,37,71,39,134,20,89,126,90,17,26,30,27,27,34,54,34,36,97,108,56,136,153,138,144,157,87,49,58,67,54,29,71,56,50,42,63,86,42,41,85,50,43,42,36,106,88,117,102,118,51,43,98,46,45,,,,,,,,,,,,,,,,,,,,,,,,,,,,,,98,124,35,98,37,105,111,47,100,76,46,25,49,20,,12,62,23,20,27,24,42,32,28,27,53,39,26,31,34,19,30,24,26,39,31,18,104,101,108,86,67,77,91,93,106,80,112,73,85,36,28,27,20,34,53,42,45,59,29,40,41,46,70,152,135,123,149,142,119,124,121,69,92,104,76,88,124,63,68,85,44,54,53,47,34,56,50,44,41,54,58,61,71,68,89,60,112,83,91,58,52,66,77,89,50,81,53,50,56,25,,19,35,43,53,40,46,54,59,,53,46,55,20,95,42,34,54,61,97,33,73,40,18,10,14,18,21,,10,6,78,77,80,68,69,77,55,54,74,,77,,60,,77,65,45,70,62,49,11,42,113,110,77,51,41,43,106,207,114,152,277,76,62,12,49,55,,,,57,,
20260406,14,SO2,3,6,4,4,6,10,3,2,3,3,6,6,5,8,7,6,6,6,8,10,8,10,8,8,12,7,13,14,7,12,7,7,7,7,6,6,7,10,8,6,6,4,7,4,8,4,2,7,7,7,6,12,4,4,5,4,4,4,6,4,5,9,5,7,8,4,4,4,4,8,10,11,8,7,4,6,15,7,9,5,4,9,3,11,10,12,8,9,9,6,4,3,4,7,2,6,11,5,7,4,7,5,6,5,5,4,5,7,3,7,4,8,11,4,5,9,8,8,26,5,5,4,6,9,17,7,13,6,9,15,11,13,6,10,7,7,10,20,6,9,4,7,6,10,8,6,2,5,6,5,8,3,2,10,11,25,12,27,6,9,,,,,,,,,,,,,,,,,,,,,,,,,,,,,,8,3,3,3,4,14,9,8,5,9,6,5,8,4,,6,8,5,6,10,7,2,6,7,7,2,4,6,5,10,8,4,5,8,6,6,8,6,9,10,10,8,4,11,8,6,7,6,6,8,5,5,3,4,4,4,6,5,56,3,10,7,19,9,9,14,6,8,8,7,4,8,17,11,13,15,5,9,10,9,7,8,6,9,4,17,4,5,3,4,10,7,6,10,7,27,8,5,7,6,17,8,8,4,7,7,8,7,9,4,6,,6,8,10,7,5,9,7,3,,11,8,6,7,7,11,5,5,7,11,3,8,7,6,8,9,7,5,,6,6,6,10,9,8,6,10,11,4,9,,6,,8,,4,8,10,11,14,15,5,15,8,9,4,5,12,7,4,5,10,4,1,9,6,5,15,9,,,,7,,
20260406,14,SO2_24h,3,5,3,4,6,6,4,3,3,3,5,5,5,6,6,8,7,6,9,7,11,7,8,9,12,9,8,11,8,12,8,9,6,7,6,5,7,7,7,6,6,4,6,5,8,4,2,7,8,7,7,10,5,5,5,4,6,4,6,4,5,8,5,6,9,5,6,5,4,6,8,12,13,8,5,6,10,6,9,5,6,11,3,11,12,12,9,11,10,7,5,5,8,17,4,6,10,5,5,5,7,6,6,5,6,4,8,6,6,8,6,12,8,7,6,10,9,8,18,6,5,5,6,10,15,7,13,5,13,13,9,15,6,7,7,8,10,10,8,7,4,6,8,11,9,10,3,5,9,6,7,3,4,6,10,12,12,14,6,10,,,,,,,,,,,,,,,,,,,,,,,,,,,,,,9,3,4,8,5,11,9,7,7,15,6,5,9,4,,5,8,6,7,9,7,3,5,7,8,2,4,6,6,9,7,4,5,8,7,5,10,8,9,9,16,10,5,10,8,7,6,9,8,6,4,6,3,5,5,4,8,5,19,4,8,8,9,9,10,12,6,9,9,7,6,7,11,9,13,12,6,10,9,6,8,7,8,11,5,12,5,7,5,4,9,8,6,16,13,18,9,8,9,8,10,9,9,6,9,8,6,7,8,3,5,,6,5,5,10,5,10,6,3,,6,6,8,8,7,10,6,5,6,11,3,7,7,6,7,9,7,8,,8,6,6,20,7,9,10,13,10,5,9,,6,,8,,5,12,9,10,15,11,6,15,9,11,4,4,10,7,3,5,12,4,4,8,6,5,10,8,,,,8,,
20260406,14,NO2,6,11,13,4,8,12,8,4,3,4,11,12,11,6,5,7,9,8,13,27,14,34,12,15,19,11,27,28,16,11,10,11,12,14,20,32,10,13,22,19,48,15,15,10,15,17,22,8,12,12,10,54,15,17,7,3,11,5,5,8,8,14,6,5,18,12,11,5,6,13,17,6,9,13,19,19,12,6,11,5,5,9,26,12,10,17,10,12,11,9,7,8,5,14,6,9,22,6,10,6,9,4,13,3,26,16,14,5,5,14,4,5,11,8,5,7,7,6,7,8,11,12,13,13,28,15,14,10,13,11,11,9,28,16,14,3,9,16,5,16,6,11,9,8,16,8,10,11,7,6,13,9,5,14,13,4,4,14,14,3,,,,,,,,,,,,,,,,,,,,,,,,,,,,,,10,11,18,6,4,10,12,8,11,4,8,8,6,3,,5,5,4,5,2,7,4,3,7,6,6,8,9,6,9,10,13,13,16,9,9,3,13,14,17,9,10,11,11,11,9,14,6,15,7,20,12,10,6,29,5,7,14,9,12,16,11,4,16,11,15,15,13,11,10,8,10,20,9,11,26,14,15,18,9,12,19,8,14,6,6,10,7,10,20,8,7,5,10,10,12,9,6,3,8,26,10,14,12,16,7,42,5,8,8,6,,5,6,13,5,13,8,5,8,,7,5,,7,7,3,3,4,8,11,6,10,8,5,5,2,3,7,,1,3,18,8,11,9,5,17,4,7,8,,10,,17,,4,3,1,2,2,1,4,2,7,7,5,9,6,7,14,7,2,7,3,19,12,7,15,4,,,,5,,
20260406,14,NO2_24h,7,12,11,5,7,17,11,5,8,6,14,18,17,13,4,14,15,11,17,23,35,34,34,18,25,35,28,25,30,33,21,20,17,29,18,22,21,33,24,20,25,35,25,12,24,14,17,11,19,19,17,50,13,21,13,6,21,7,13,19,12,35,8,7,22,17,12,8,7,34,25,12,20,22,14,14,10,15,13,10,16,17,15,17,16,22,15,17,18,20,14,17,11,20,14,13,24,12,12,7,10,7,10,7,23,11,16,32,12,20,7,17,15,28,7,15,13,14,13,10,11,15,10,40,40,30,23,16,24,15,19,24,24,25,24,11,14,19,10,12,5,19,13,16,15,11,12,19,9,9,26,18,24,17,26,16,18,16,14,13,,,,,,,,,,,,,,,,,,,,,,,,,,,,,,11,16,17,17,10,20,26,12,16,19,9,8,7,4,,9,5,8,10,6,12,9,7,9,10,8,10,8,12,11,12,8,12,13,10,12,5,25,20,18,27,28,12,15,16,18,18,20,21,16,11,12,10,6,15,13,8,13,14,11,14,11,6,16,16,16,20,19,20,19,18,14,19,13,14,26,15,18,20,10,20,19,10,12,6,9,13,7,10,12,23,15,9,21,12,13,14,8,11,13,30,16,14,27,30,14,38,10,19,10,6,,9,11,9,6,8,7,5,8,,7,6,14,9,15,7,7,7,11,16,7,13,12,6,6,3,5,8,,5,5,21,29,12,21,13,28,20,12,19,,9,,13,,15,7,2,3,6,2,8,4,18,22,20,15,25,20,14,32,14,24,7,23,11,4,17,14,,,,6,,
20260406,14,O3,90,93,84,88,83,115,96,93,91,95,98,99,103,107,97,87,87,74,63,146,133,173,142,112,116,130,167,125,136,127,111,126,119,123,73,68,119,156,150,69,51,84,100,92,112,76,52,78,113,100,168,43,45,50,54,56,62,60,69,68,56,65,121,93,46,72,76,114,126,107,98,118,109,112,53,45,110,104,89,88,91,82,43,129,105,125,109,117,136,96,102,119,110,105,96,107,30,49,117,68,46,50,41,57,25,57,54,99,121,134,96,115,113,103,88,83,89,85,92,80,69,81,69,117,101,112,136,118,131,126,125,119,12,69,65,72,57,50,85,60,65,57,84,107,58,88,70,57,73,113,106,103,108,101,110,113,113,103,118,112,,,,,,,,,,,,,,,,,,,,,,,,,,,,,,112,116,65,113,88,109,119,102,91,94,81,83,114,92,,83,104,89,86,83,89,84,84,84,84,71,85,89,81,79,46,56,64,57,87,71,87,99,93,126,126,113,95,118,114,111,96,112,137,140,55,57,61,59,59,93,71,74,87,52,59,76,83,82,124,134,152,119,121,122,118,110,62,136,121,61,63,61,71,69,130,10,58,54,77,45,51,47,62,23,90,86,97,103,91,180,70,53,104,141,49,73,76,88,64,61,17,68,83,64,77,,95,119,100,94,48,83,114,49,,46,116,119,109,154,123,109,129,133,169,99,116,107,98,105,123,127,125,,126,114,83,103,90,111,97,97,102,113,104,,119,,61,,98,131,122,126,119,96,122,139,114,96,105,116,117,112,111,116,109,98,97,77,88,91,111,100,,,,116,,
20260406,14,O3_24h,90,93,84,88,83,115,96,93,91,95,98,99,103,107,97,87,87,74,63,146,133,173,142,112,116,130,167,125,136,127,111,126,119,123,73,68,119,156,150,69,51,84,100,92,112,76,52,78,113,100,168,43,45,50,54,56,62,60,69,68,56,65,121,93,46,72,76,114,126,107,98,118,109,112,53,45,110,104,89,88,91,82,43,129,105,125,109,117,136,96,102,119,110,105,96,107,30,49,117,68,46,50,41,57,25,57,54,99,121,134,96,115,113,103,88,83,89,85,92,80,69,81,69,117,101,112,136,118,131,126,125,119,12,69,65,72,57,50,85,60,65,57,84,107,58,88,70,57,73,113,106,103,108,101,110,113,113,103,118,112,,,,,,,,,,,,,,,,,,,,,,,,,,,,,,112,116,65,113,88,109,119,102,91,94,81,83,114,92,,83,104,89,86,83,89,84,84,84,84,71,85,89,81,79,46,56,64,57,87,71,87,99,93,126,126,113,95,118,114,111,96,112,137,140,55,57,61,59,59,93,71,74,87,52,59,76,83,82,124,134,152,119,121,122,118,110,62,136,121,61,63,61,71,69,130,10,58,54,77,45,51,47,62,23,90,86,97,103,91,180,70,53,104,141,49,73,76,88,64,61,17,68,83,64,77,,95,119,100,94,48,83,114,49,,46,116,119,109,154,123,109,129,133,169,99,116,107,98,105,123,127,125,,126,114,83,103,90,111,97,97,102,113,104,,119,,61,,98,131,122,126,119,96,122,139,114,96,105,116,117,112,111,116,109,98,97,77,88,91,111,100,,,,116,,
20260406,14,O3_8h,76,80,75,79,81,86,80,80,67,74,81,75,73,73,78,73,74,65,58,98,67,72,87,102,91,76,89,82,62,80,98,118,99,73,95,67,84,68,81,73,98,49,56,82,70,81,52,76,84,86,109,18,65,33,40,52,32,56,50,51,38,27,82,84,33,50,47,103,121,67,59,71,72,80,67,73,86,72,78,74,71,68,57,97,80,84,87,90,115,79,85,101,98,94,82,89,22,55,75,60,35,44,49,56,18,54,46,44,94,105,79,78,73,74,76,68,75,71,79,75,71,72,67,62,60,75,92,87,92,88,102,65,8,51,43,46,32,17,46,28,59,27,57,77,64,77,53,46,46,96,72,76,62,57,73,74,73,61,86,92,,,,,,,,,,,,,,,,,,,,,,,,,,,,,,82,76,48,85,67,68,68,85,57,68,72,78,87,88,,71,93,79,72,71,75,73,73,87,83,66,78,85,55,63,39,64,54,59,79,72,86,87,62,105,83,63,57,79,85,90,74,82,80,88,75,53,78,68,75,62,77,75,73,46,64,74,76,72,89,97,95,86,85,99,99,76,47,78,67,36,46,49,45,49,64,6,51,64,72,25,43,58,70,23,33,73,72,46,52,82,39,31,47,76,27,56,71,57,49,38,11,53,37,62,59,,86,74,79,78,65,91,95,51,,37,104,99,103,105,93,89,116,96,87,93,72,58,106,73,119,113,115,,106,90,40,64,48,66,71,58,59,75,67,,94,,60,,62,87,92,98,93,86,94,136,67,59,70,78,61,81,74,56,85,61,80,40,46,94,77,63,,,,105,,
20260406,14,O3_8h_24h,76,80,75,79,80,86,80,80,67,77,81,75,73,73,78,73,74,63,58,98,67,72,87,99,91,76,89,82,62,80,98,118,99,73,72,54,82,68,81,50,75,49,56,64,70,71,45,70,84,82,109,18,52,30,39,51,32,56,50,46,38,27,82,84,32,46,46,103,118,67,57,71,72,80,56,56,86,72,78,74,71,68,39,97,80,84,87,90,115,79,85,101,97,94,82,89,22,37,75,60,35,44,36,56,14,49,42,44,94,105,79,78,73,74,76,68,75,71,79,70,69,70,67,62,60,75,92,87,92,88,102,65,8,50,43,46,32,17,46,28,55,27,56,77,55,77,53,46,44,96,72,76,62,57,73,74,73,61,78,89,,,,,,,,,,,,,,,,,,,,,,,,,,,,,,82,76,47,85,70,68,68,75,57,68,72,78,87,88,,71,93,79,72,71,75,73,73,80,80,66,78,85,54,63,31,55,54,52,79,62,86,87,62,105,83,63,57,79,85,90,74,82,80,88,55,52,65,62,65,62,67,69,73,45,60,65,76,71,89,97,95,86,85,99,99,76,47,78,67,36,42,49,45,49,64,6,48,53,70,25,43,47,61,21,33,73,72,46,52,82,39,31,47,76,24,56,65,56,46,38,11,53,37,62,55,,86,74,78,64,52,89,95,48,,32,104,99,103,105,93,89,116,96,87,93,72,58,102,73,114,112,115,,106,90,40,64,48,66,71,58,59,75,67,,94,,42,,62,87,92,98,93,86,83,136,67,59,70,78,61,81,74,56,85,57,80,40,46,94,77,63,,,,105,,
20260406,14,CO,0.26,0.34,0.36,0.26,0.25,0.53,0.28,0.27,0.20,0.20,0.32,0.37,0.35,0.33,0.28,0.39,0.32,0.33,0.44,0.81,0.74,0.92,0.77,0.49,0.46,0.70,1.16,0.81,0.72,0.77,0.32,0.54,0.38,0.61,0.64,0.60,0.49,0.65,0.60,0.53,0.55,0.67,0.70,0.55,0.76,0.60,0.43,0.57,0.46,0.47,0.47,1.34,0.67,0.72,0.51,0.43,0.53,0.25,0.33,0.60,0.50,0.57,0.67,0.47,0.60,0.47,0.47,0.40,0.22,0.49,0.47,0.55,0.36,0.33,0.48,0.60,0.66,0.32,0.46,0.28,0.17,0.35,0.77,0.26,0.46,0.60,0.28,0.42,0.48,0.27,0.23,0.37,0.28,0.50,0.23,0.43,1.03,0.60,0.80,0.67,0.65,0.40,0.55,0.50,0.80,0.70,0.80,0.60,0.27,0.60,0.31,0.27,0.50,0.34,0.34,0.52,0.45,0.46,0.34,0.52,0.36,0.50,0.33,0.57,0.87,0.55,0.49,0.33,0.52,0.63,0.47,0.38,0.50,0.60,0.90,1.05,0.55,0.97,0.70,0.95,0.50,0.63,0.68,0.72,0.83,0.50,0.50,0.25,0.53,0.50,0.43,0.40,0.25,0.48,0.55,0.40,0.43,0.76,0.42,0.25,,,,,,,,,,,,,,,,,,,,,,,,,,,,,,0.43,0.40,0.75,0.37,0.30,0.35,0.47,0.35,0.27,0.27,0.47,0.30,0.40,0.30,,0.20,0.45,0.25,0.30,0.30,0.37,0.20,0.20,0.40,0.65,0.35,0.15,0.30,0.20,0.33,0.43,0.50,0.35,0.57,0.30,0.40,0.35,0.37,0.46,0.40,0.40,0.40,0.45,0.50,0.50,0.23,0.53,0.13,0.60,0.40,0.80,0.93,0.55,0.75,0.80,0.50,0.60,0.63,0.65,0.84,0.95,0.63,0.88,0.70,0.64,0.77,0.55,0.45,0.47,0.45,0.20,0.43,0.80,0.63,0.66,1.03,0.58,1.00,0.40,0.90,0.73,0.65,0.85,1.20,1.00,0.75,0.67,0.40,0.60,0.65,0.60,0.60,0.63,0.87,0.70,1.25,0.70,1.00,0.95,0.90,0.87,0.45,0.53,0.38,0.60,0.63,0.73,0.30,0.65,0.50,0.40,,0.20,0.50,1.10,0.63,0.20,0.45,0.50,0.55,,0.65,0.35,0.40,0.50,0.70,0.20,0.40,0.30,0.30,0.65,0.35,0.70,0.30,0.35,0.35,0.20,0.30,0.50,,0.35,0.50,0.53,0.40,0.40,0.45,0.35,0.30,0.30,0.25,0.40,,0.30,,0.55,,0.35,0.50,0.40,0.20,0.30,0.40,0.30,0.40,0.33,0.30,0.25,0.30,0.35,0.25,0.25,0.40,0.10,0.30,0.35,0.50,0.10,,0.45,0.45,,,,0.60,,
20260406,14,CO_24h,0.25,0.32,0.30,0.27,0.20,0.43,0.22,0.30,0.20,0.20,0.30,0.33,0.35,0.37,0.28,0.51,0.44,0.44,0.53,0.59,0.90,0.81,0.75,0.54,0.56,0.72,0.81,0.79,0.72,0.73,0.60,0.74,0.52,0.65,0.57,0.53,0.48,0.83,0.60,0.53,0.60,0.70,0.50,0.50,0.71,0.47,0.50,0.58,0.51,0.54,0.53,1.18,0.64,0.77,0.61,0.53,0.63,0.40,0.47,0.77,0.65,0.87,0.69,0.55,0.63,0.48,0.47,0.47,0.27,0.49,0.50,0.70,0.42,0.35,0.42,0.58,0.44,0.30,0.48,0.40,0.27,0.42,0.70,0.36,0.50,0.60,0.30,0.47,0.58,0.38,0.27,0.47,0.42,0.76,0.33,0.45,1.07,0.73,0.70,0.70,0.70,0.50,0.55,0.67,0.85,0.70,0.87,0.85,0.40,0.70,0.41,0.47,0.50,0.44,0.34,0.90,0.57,0.80,0.46,0.62,0.42,0.53,0.27,0.82,0.90,0.70,0.52,0.33,0.70,0.70,0.45,0.45,0.50,0.73,0.92,1.10,0.60,0.93,0.73,0.80,0.45,0.65,0.73,0.90,0.73,0.57,0.57,0.30,0.63,0.58,0.47,0.40,0.45,0.42,0.50,0.50,0.50,0.64,0.48,0.30,,,,,,,,,,,,,,,,,,,,,,,,,,,,,,0.47,0.40,0.65,0.60,0.33,0.30,0.68,0.33,0.33,0.47,0.50,0.20,0.40,0.30,,0.20,0.50,0.30,0.50,0.35,0.47,0.33,0.30,0.30,0.90,0.35,0.20,0.33,0.20,0.33,0.37,0.38,0.35,0.50,0.35,0.30,0.30,0.58,0.54,0.50,0.93,0.67,0.50,0.50,0.54,0.40,0.50,0.27,1.10,0.27,0.67,0.93,0.55,0.75,0.60,0.53,0.77,0.50,0.55,0.80,0.95,0.65,0.85,0.65,0.68,0.72,0.55,0.47,0.52,0.63,0.47,0.40,0.75,0.60,0.78,0.77,0.57,1.00,0.50,0.80,0.83,0.65,0.88,0.95,1.00,0.65,0.60,0.30,0.60,0.50,0.45,0.70,0.70,0.93,0.77,1.10,0.77,1.00,0.95,0.90,0.77,0.50,0.53,0.70,0.75,0.75,0.60,0.45,0.65,0.55,0.30,,0.30,0.55,0.53,0.67,0.40,0.45,0.55,0.65,,0.90,0.40,0.40,0.50,0.75,0.45,0.50,0.40,0.40,0.55,0.45,0.80,0.45,0.45,0.35,0.30,0.35,0.50,,0.45,0.60,0.53,0.50,0.40,0.45,0.45,0.40,0.40,0.30,0.45,,0.30,,0.55,,0.40,0.50,0.40,0.20,0.30,0.30,0.30,0.30,0.43,0.40,0.35,0.40,0.35,0.35,0.20,0.65,0.15,0.45,0.30,0.55,0.50,,0.35,0.50,,,,0.60,,
20260406,15,AQI,28,33,56,39,30,57,46,29,34,31,42,41,58,50,32,36,28,21,40,63,72,95,85,47,63,62,97,96,75,69,62,49,58,62,26,31,57,70,79,23,24,43,54,30,89,42,21,33,48,36,75,88,46,46,31,30,47,35,42,30,32,39,76,41,42,25,32,36,38,90,62,53,36,42,56,43,35,51,28,28,29,26,31,59,42,67,41,43,60,30,33,57,34,41,30,34,50,27,60,48,20,35,32,34,55,42,31,55,38,58,31,37,54,51,27,26,66,27,28,26,51,61,64,65,88,45,83,73,63,69,85,60,42,56,52,26,23,69,54,78,45,37,34,34,52,49,25,40,34,35,92,76,34,94,103,51,54,63,55,40,,,,,,,,,,,,,,,,,,,,,,,,,,,,,,76,70,44,36,42,55,72,35,42,42,29,26,39,29,,26,33,28,27,104,28,27,26,26,26,47,37,28,34,30,21,61,36,58,34,46,26,63,65,63,68,51,39,74,67,59,93,55,60,63,58,34,17,27,49,28,27,46,30,39,23,32,29,38,84,82,82,74,72,72,59,80,70,95,105,68,80,92,61,86,83,51,26,31,28,66,19,14,21,36,69,57,58,66,66,135,48,105,75,89,56,23,37,26,29,37,100,21,41,26,27,,30,34,36,39,33,43,44,19,,47,37,47,35,75,40,34,42,48,98,31,58,38,32,35,38,39,39,,40,37,65,43,62,69,57,46,34,42,70,,63,,62,,46,51,42,46,52,45,39,57,55,63,65,56,37,37,69,90,73,82,132,54,51,30,57,36,,,,59,,
20260406,15,PM2.5,5,8,15,5,5,24,8,9,3,9,15,7,24,6,6,4,4,8,27,31,38,48,47,14,18,25,55,61,55,50,19,19,22,30,14,22,31,37,43,16,15,26,34,17,66,25,15,23,7,11,38,65,30,27,17,15,25,17,15,17,18,23,56,28,27,12,18,10,4,27,30,19,17,9,40,30,12,14,3,3,3,11,22,13,7,23,10,11,9,3,3,10,4,14,3,4,35,10,43,18,14,12,19,13,39,12,14,21,16,11,3,3,8,6,6,3,3,3,6,9,36,44,46,34,65,22,24,29,28,28,25,17,27,40,32,18,16,46,32,57,21,23,23,15,35,18,16,28,18,10,25,29,9,40,32,16,12,18,7,5,,,,,,,,,,,,,,,,,,,,,,,,,,,,,,37,21,31,3,7,9,11,7,3,5,13,15,14,8,,5,8,3,3,7,3,7,3,3,3,33,26,10,24,16,12,44,25,41,13,32,5,18,26,16,28,20,20,29,20,18,69,7,30,35,41,24,5,19,34,19,19,32,21,27,16,20,19,24,31,29,29,37,28,15,11,35,44,35,38,45,59,63,44,52,35,36,18,22,19,48,10,8,13,25,50,32,37,48,48,103,32,79,55,66,30,13,25,5,3,26,75,9,24,18,3,,3,15,24,27,10,27,31,13,,33,19,22,5,48,23,7,27,27,73,12,35,20,7,3,3,3,7,,3,5,26,13,32,29,24,17,10,8,35,,20,,27,,19,17,13,20,20,20,,11,5,17,19,12,7,5,22,36,32,54,60,12,17,3,12,8,,,,42,,
20260406,15,PM2.5_24h,3,4,18,7,5,36,8,8,5,7,13,17,26,14,6,14,15,25,29,31,35,39,39,28,31,41,32,39,45,45,32,40,37,32,21,36,30,39,31,32,14,42,34,28,37,28,25,25,16,15,43,66,32,19,14,13,25,16,17,17,16,43,50,33,32,35,34,20,7,29,31,25,24,16,29,30,9,10,6,17,7,8,29,19,16,24,7,13,22,11,6,24,16,22,12,4,44,19,31,24,20,13,19,17,36,24,28,45,23,39,6,23,30,16,6,15,17,15,9,27,41,27,28,37,40,30,39,33,43,40,40,27,25,35,34,34,24,50,36,40,23,37,45,25,24,40,31,26,28,19,33,26,28,35,35,17,11,23,12,12,,,,,,,,,,,,,,,,,,,,,,,,,,,,,,38,39,29,19,8,16,32,11,19,16,18,11,16,8,,4,15,4,12,12,6,22,16,11,11,52,31,20,25,22,15,20,18,22,27,22,9,43,42,31,35,35,35,42,38,39,43,38,32,30,36,24,18,18,29,27,25,24,30,20,21,22,22,29,37,33,31,44,42,36,39,37,31,33,46,37,47,52,40,33,37,29,34,41,37,32,30,26,27,27,41,38,41,51,48,79,43,72,60,66,28,26,39,35,29,36,42,26,27,33,7,,11,22,32,40,21,29,49,39,,46,29,28,11,54,33,22,40,41,77,24,42,30,11,5,4,3,15,,3,6,36,20,30,26,24,28,25,19,26,,19,,25,,28,23,17,28,26,16,5,11,24,35,20,17,17,17,24,58,40,67,63,27,15,2,12,17,,,,41,,
20260406,15,PM10,20,33,61,39,30,64,46,27,34,28,42,41,65,50,24,36,17,16,40,75,93,120,120,47,76,74,144,141,92,85,73,49,66,74,26,30,63,88,97,22,24,43,57,30,115,42,20,31,48,36,95,126,46,46,31,30,47,35,42,30,32,39,78,41,42,17,32,23,12,129,73,55,36,42,51,43,34,52,11,10,19,20,31,67,42,83,41,43,70,19,26,63,31,41,16,24,46,27,59,48,14,35,32,34,53,42,31,60,26,66,15,21,58,52,20,10,82,15,23,21,33,36,57,80,117,45,115,96,75,88,119,70,42,60,54,22,19,88,58,80,45,37,34,25,54,49,25,40,34,35,133,102,28,138,155,51,58,76,60,40,,,,,,,,,,,,,,,,,,,,,,,,,,,,,,101,90,37,29,42,60,94,35,42,42,29,24,39,21,,16,24,23,9,157,17,27,25,24,25,,34,13,23,30,21,46,26,45,34,34,18,76,79,76,86,51,39,97,84,68,88,60,70,75,43,,11,25,,26,20,45,23,36,23,32,29,38,118,113,113,98,93,93,68,109,90,140,159,85,103,133,65,121,115,,25,,28,,19,13,17,26,68,63,65,74,60,124,48,118,86,103,61,23,37,21,29,31,105,18,41,22,15,,6,29,36,30,33,43,36,18,,36,33,47,23,99,40,21,38,48,92,24,65,38,22,6,13,8,19,,7,10,80,43,74,88,63,46,29,42,90,,75,,74,,46,51,42,46,53,45,8,63,59,75,79,61,21,24,88,129,96,113,214,58,51,13,63,36,,,,51,,
20260406,15,PM10_24h,15,21,90,31,27,107,44,17,27,25,46,71,101,71,13,29,35,29,38,64,105,95,111,85,107,123,117,114,117,120,94,102,98,83,39,46,75,99,73,50,29,95,80,44,88,33,32,47,92,59,142,117,49,32,26,27,36,30,36,24,26,57,65,47,51,68,49,34,14,106,85,59,98,57,46,52,23,41,21,32,17,23,31,87,87,120,61,68,100,46,54,98,93,71,43,47,60,26,45,48,20,25,28,38,53,35,37,70,39,132,19,86,122,85,17,24,32,26,25,33,50,34,37,95,107,56,135,147,135,142,156,85,47,58,66,52,28,72,56,52,43,61,85,42,41,82,47,42,41,36,106,88,114,101,118,51,44,95,47,44,,,,,,,,,,,,,,,,,,,,,,,,,,,,,,98,122,35,95,37,96,109,44,93,73,46,25,48,21,,13,60,21,19,32,22,40,32,27,26,52,40,25,30,35,19,31,24,27,40,31,19,103,100,107,85,66,75,90,93,105,80,110,72,83,36,27,26,20,34,52,40,45,56,28,40,40,46,68,150,135,121,148,141,118,121,122,69,94,106,75,89,125,63,69,86,43,53,50,47,35,54,47,42,40,54,58,61,71,67,92,59,114,83,92,57,49,63,74,86,48,82,51,49,56,24,,18,35,43,52,40,46,54,57,,53,45,55,20,96,42,34,54,61,97,32,73,40,18,9,14,18,21,,11,7,76,70,79,69,69,76,55,55,76,,78,,60,,77,65,45,70,62,50,11,43,106,111,78,51,41,43,106,180,112,149,275,77,63,12,51,55,,,,58,,
20260406,15,SO2,3,6,4,4,7,10,4,2,3,2,7,6,8,5,8,6,6,6,9,11,8,11,6,8,11,7,13,10,7,11,7,7,7,8,6,5,8,10,9,6,6,4,6,4,8,4,2,7,6,7,5,11,5,5,5,4,4,4,6,4,4,8,5,7,8,4,4,4,4,8,9,9,7,8,4,5,12,7,10,4,4,9,3,11,10,10,9,9,8,5,4,4,4,8,3,7,19,5,7,5,7,6,6,5,5,5,5,6,3,6,4,7,7,4,5,8,7,8,13,5,5,4,6,9,11,7,11,6,9,12,9,16,7,9,7,7,11,16,6,9,4,8,6,8,8,6,3,6,6,5,7,5,2,9,10,14,13,20,6,9,,,,,,,,,,,,,,,,,,,,,,,,,,,,,,7,2,4,3,4,13,8,7,4,7,7,6,8,4,,5,8,5,5,11,6,3,5,6,8,2,4,6,5,9,9,4,4,7,6,5,8,6,9,9,10,8,4,11,8,6,7,7,5,9,4,5,3,4,4,4,6,4,57,3,8,6,14,12,9,12,6,7,7,7,3,6,13,12,12,17,6,11,9,11,7,8,6,9,4,12,4,5,3,4,13,7,5,10,7,23,7,5,6,6,17,8,8,4,7,7,7,7,9,3,6,,6,6,13,7,2,9,8,3,,9,5,6,8,7,11,5,5,6,12,3,7,7,6,8,8,7,4,,6,6,5,4,8,11,6,10,10,4,9,,4,,8,,6,8,9,11,14,16,5,16,11,9,4,5,12,7,3,7,7,4,3,10,6,5,23,11,,,,8,,
20260406,15,SO2_24h,3,5,3,4,6,7,3,3,3,3,5,5,5,6,6,8,7,6,9,7,11,7,8,9,12,9,8,11,8,12,8,9,6,7,6,5,7,8,7,6,6,4,6,5,8,4,2,7,8,7,7,10,5,5,5,4,6,4,6,4,5,8,5,6,9,5,6,5,4,6,9,12,13,8,5,6,10,6,9,5,6,11,3,11,12,13,9,11,10,7,5,5,8,17,4,6,9,5,5,5,7,6,6,5,6,4,8,6,6,8,6,12,8,7,6,10,9,8,18,6,5,5,6,10,15,7,13,5,13,13,9,15,6,8,6,8,10,11,8,7,4,6,8,11,9,9,3,5,8,6,7,3,4,7,9,13,12,14,6,10,,,,,,,,,,,,,,,,,,,,,,,,,,,,,,8,3,4,8,5,11,9,7,7,15,6,5,9,4,,5,8,6,7,9,7,3,5,7,8,2,4,6,6,9,7,4,5,8,7,5,10,8,9,9,16,10,5,10,8,7,6,9,8,6,4,6,3,5,5,4,8,5,21,4,8,8,10,9,10,12,6,9,9,7,6,7,11,9,13,12,6,10,9,6,8,7,7,11,5,12,5,6,5,4,9,8,6,16,13,18,8,7,9,8,10,8,9,6,9,8,6,7,8,3,5,,6,5,5,10,5,10,6,3,,6,6,7,8,7,10,6,5,6,11,3,7,7,6,7,9,7,8,,8,6,6,20,8,9,10,12,10,5,9,,6,,8,,5,12,9,10,15,11,6,15,9,11,4,4,10,7,3,5,12,4,4,8,6,5,10,8,,,,8,,
20260406,15,NO2,6,12,13,4,7,12,8,4,3,5,11,12,16,5,6,7,9,9,15,24,13,32,11,17,14,12,24,14,16,11,11,12,12,14,16,23,13,12,18,23,33,12,13,9,16,18,18,8,10,12,10,47,10,17,7,3,9,5,5,8,8,11,6,5,17,8,10,6,6,13,14,7,9,12,19,17,10,6,12,5,7,10,18,12,10,14,11,13,10,8,8,8,6,15,6,10,23,6,12,6,9,4,12,4,27,18,13,5,6,11,5,6,8,8,6,7,7,5,9,9,10,12,15,13,20,19,12,9,13,10,10,10,32,20,15,2,11,14,5,13,7,10,8,7,16,9,9,13,8,6,13,12,5,13,13,4,5,12,8,3,,,,,,,,,,,,,,,,,,,,,,,,,,,,,,9,11,18,9,8,8,11,8,8,4,8,9,6,3,,5,5,5,5,2,6,4,4,7,7,5,12,10,7,8,11,12,11,19,9,14,3,12,14,13,15,14,7,12,11,10,14,6,14,11,20,15,11,5,33,8,8,15,11,17,12,13,3,12,11,11,15,13,12,11,9,9,21,10,12,27,13,15,15,17,19,21,7,14,6,7,11,8,10,20,12,7,5,10,10,12,11,5,4,9,24,9,15,12,8,7,41,6,8,8,4,,5,5,13,5,13,8,5,6,,7,5,,7,6,4,3,5,8,11,6,9,13,5,6,3,4,9,,1,2,17,6,11,9,4,16,2,5,7,,9,,13,,5,2,1,3,2,1,5,4,7,7,6,10,5,6,9,9,1,5,2,16,6,8,14,5,,,,5,,
20260406,15,NO2_24h,7,12,11,5,7,17,11,5,8,6,15,18,18,13,4,14,15,11,17,24,35,35,33,18,26,35,29,25,30,32,21,20,17,29,19,22,21,33,24,20,25,35,25,12,25,14,17,11,19,18,17,50,13,21,13,6,20,7,12,18,11,34,8,7,22,17,13,8,7,34,26,12,20,22,15,14,10,15,13,9,16,17,15,17,16,22,15,17,18,20,14,17,11,19,14,13,24,12,12,7,10,7,10,6,23,12,16,30,12,20,7,16,15,28,7,14,13,13,13,10,11,15,10,40,40,30,23,16,24,15,19,24,25,25,24,11,14,19,10,12,5,20,13,16,15,11,13,19,9,9,25,18,24,17,26,16,18,17,14,13,,,,,,,,,,,,,,,,,,,,,,,,,,,,,,11,16,18,17,10,20,26,12,17,19,9,8,7,4,,9,5,8,10,6,11,9,7,9,10,8,10,8,13,11,12,8,12,14,10,12,5,25,20,18,27,28,12,15,16,18,19,20,21,16,12,12,10,6,16,13,8,13,15,12,14,11,6,16,16,16,20,19,20,19,18,14,19,13,14,26,16,18,20,10,20,19,10,12,6,9,13,7,10,13,23,15,9,21,12,13,14,7,11,13,30,16,14,26,30,14,38,10,19,10,6,,9,11,9,6,9,7,6,8,,7,6,14,9,15,7,7,7,11,16,7,13,12,6,6,3,5,9,,5,5,21,29,12,21,13,28,20,13,19,,10,,14,,15,7,2,3,6,2,9,3,18,22,20,16,25,20,14,33,14,24,7,23,11,4,18,14,,,,6,,
20260406,15,O3,91,98,92,92,85,127,101,92,92,98,107,105,109,106,102,88,89,68,65,159,128,196,139,108,126,120,173,138,133,121,115,123,125,140,79,76,130,176,183,65,63,89,100,94,113,75,46,84,113,100,180,49,58,57,52,55,66,58,69,64,58,75,129,96,49,81,80,115,122,115,106,120,114,122,49,44,111,108,91,89,92,84,44,132,112,131,117,122,129,97,105,121,110,101,97,109,36,48,126,69,45,52,53,57,25,48,47,99,120,131,98,117,120,105,85,84,91,85,90,82,75,83,65,119,129,109,137,130,138,130,126,120,10,55,64,78,55,66,92,80,67,63,92,108,60,82,74,50,68,113,110,106,109,113,115,117,114,107,125,116,,,,,,,,,,,,,,,,,,,,,,,,,,,,,,116,117,68,116,84,115,128,102,99,98,83,83,120,93,,82,107,90,87,83,90,85,84,84,83,72,84,89,79,76,51,57,69,65,83,69,84,101,92,124,135,120,103,112,116,118,105,117,137,149,54,54,55,62,53,88,71,66,95,41,67,72,83,80,132,138,158,122,125,121,124,117,69,137,117,62,94,66,77,63,131,11,63,53,80,30,52,45,66,26,96,83,99,114,98,193,68,75,113,158,56,75,73,84,81,65,25,66,89,62,87,,96,110,106,104,48,84,118,49,,47,118,117,111,151,124,110,133,134,173,100,109,103,102,113,120,124,125,,127,118,94,108,99,121,105,105,108,116,110,,120,,70,,99,138,126,129,122,98,126,139,120,101,108,120,119,117,117,120,114,105,104,85,92,95,128,110,,,,116,,
20260406,15,O3_24h,91,98,92,92,85,127,101,92,92,98,107,105,109,106,102,88,89,68,65,159,128,196,139,108,126,120,173,138,133,121,115,123,125,140,79,76,130,176,183,65,63,89,100,94,113,75,46,84,113,100,180,49,58,57,52,55,66,58,69,64,58,75,129,96,49,81,80,115,122,115,106,120,114,122,49,44,111,108,91,89,92,84,44,132,112,131,117,122,129,97,105,121,110,101,97,109,36,48,126,69,45,52,53,57,25,48,47,99,120,131,98,117,120,105,85,84,91,85,90,82,75,83,65,119,129,109,137,130,138,130,126,120,10,55,64,78,55,66,92,80,67,63,92,108,60,82,74,50,68,113,110,106,109,113,115,117,114,107,125,116,,,,,,,,,,,,,,,,,,,,,,,,,,,,,,116,117,68,116,84,115,128,102,99,98,83,83,120,93,,82,107,90,87,83,90,85,84,84,83,72,84,89,79,76,51,57,69,65,83,69,84,101,92,124,135,120,103,112,116,118,105,117,137,149,54,54,55,62,53,88,71,66,95,41,67,72,83,80,132,138,158,122,125,121,124,117,69,137,117,62,94,66,77,63,131,11,63,53,80,30,52,45,66,26,96,83,99,114,98,193,68,75,113,158,56,75,73,84,81,65,25,66,89,62,87,,96,110,106,104,48,84,118,49,,47,118,117,111,151,124,110,133,134,173,100,109,103,102,113,120,124,125,,127,118,94,108,99,121,105,105,108,116,110,,120,,70,,99,138,126,129,122,98,126,139,120,101,108,120,119,117,117,120,114,105,104,85,92,95,128,110,,,,116,,
20260406,15,O3_8h,80,84,80,82,83,94,85,85,74,78,87,82,81,82,83,78,77,66,59,110,82,94,102,103,98,88,107,95,77,93,100,120,104,87,95,67,91,89,97,73,98,57,65,82,81,81,52,76,91,89,122,24,65,36,43,52,39,57,54,56,42,35,91,86,35,53,53,106,121,79,67,81,81,87,67,73,91,83,81,79,79,77,57,104,87,94,93,98,119,84,91,106,100,97,85,94,25,55,84,62,37,45,49,57,19,54,46,56,102,113,85,90,83,83,80,74,80,75,85,75,71,73,67,76,74,86,103,95,104,99,108,77,9,54,47,52,37,25,55,36,60,33,62,85,64,79,59,47,49,100,81,82,73,67,82,85,82,71,89,95,,,,,,,,,,,,,,,,,,,,,,,,,,,,,,88,86,51,92,73,81,81,80,68,77,74,79,95,91,,77,96,83,77,75,82,77,76,87,83,67,80,88,58,67,39,64,57,60,81,60,87,92,71,110,95,76,67,86,91,96,84,91,94,101,75,53,78,68,75,66,77,75,78,47,64,74,77,73,99,106,107,92,94,108,105,84,52,90,79,41,51,53,52,54,80,8,52,64,72,29,45,58,70,23,45,76,79,59,60,102,46,37,61,94,31,60,71,59,52,42,13,55,47,63,59,,88,82,85,78,65,91,98,51,,37,108,102,105,116,100,97,118,105,101,95,80,67,106,79,119,114,115,,110,95,50,77,58,77,76,68,71,83,76,,100,,60,,71,96,99,104,99,91,94,138,79,67,80,84,71,87,81,68,88,63,85,48,54,94,86,72,,,,107,,
20260406,15,O3_8h_24h,80,84,80,82,82,94,85,85,74,82,87,82,81,82,83,78,77,65,59,110,82,94,102,100,98,88,107,95,77,93,100,120,104,87,72,57,90,89,97,52,72,57,65,67,81,71,46,70,91,87,122,24,51,35,42,52,39,57,54,53,42,35,91,86,34,52,53,106,119,79,67,81,81,87,54,52,91,83,81,79,79,77,39,104,87,94,93,98,119,84,91,106,100,97,85,94,25,38,84,61,37,45,37,57,15,49,44,56,102,113,85,90,83,83,80,74,80,75,85,71,70,72,67,76,74,86,103,95,104,99,108,77,9,54,46,52,37,25,55,36,58,33,62,85,54,79,59,47,48,100,81,82,73,67,82,85,82,71,84,93,,,,,,,,,,,,,,,,,,,,,,,,,,,,,,88,86,51,92,77,81,81,82,68,77,74,79,95,91,,77,96,83,77,75,82,77,76,80,80,67,80,88,58,67,34,55,57,55,81,60,87,92,71,110,95,76,67,86,91,96,84,91,94,101,54,53,63,61,64,66,68,69,78,45,61,65,77,72,99,106,107,92,94,108,105,84,52,90,79,41,50,53,52,54,80,8,51,53,70,29,45,46,62,23,45,76,79,59,60,102,46,37,61,94,30,60,65,59,50,42,13,55,47,63,59,,88,82,85,69,51,88,98,48,,35,108,102,105,116,100,97,118,105,101,95,80,67,101,79,114,114,115,,110,95,50,77,58,77,76,68,71,83,76,,100,,45,,71,96,99,104,99,91,88,138,79,67,80,84,71,87,81,68,88,62,85,48,54,94,86,72,,,,107,,
20260406,15,CO,0.25,0.35,0.36,0.23,0.25,0.53,0.28,0.30,0.20,0.23,0.27,0.38,0.37,0.28,0.28,0.40,0.31,0.34,0.46,0.82,0.66,1.01,0.75,0.46,0.40,0.58,1.13,0.71,0.70,0.73,0.30,0.52,0.35,0.58,0.60,0.55,0.46,0.78,0.55,0.47,0.55,0.60,0.50,0.55,0.80,0.58,0.38,0.57,0.42,0.44,0.42,1.29,0.61,0.69,0.51,0.43,0.50,0.25,0.33,0.60,0.50,0.57,0.70,0.50,0.58,0.40,0.43,0.41,0.23,0.48,0.43,0.50,0.30,0.34,0.48,0.56,0.51,0.33,0.62,0.28,0.17,0.35,0.63,0.26,0.46,0.57,0.28,0.38,0.44,0.27,0.23,0.37,0.32,0.50,0.23,0.42,0.97,0.57,0.80,0.67,0.65,0.40,0.50,0.53,0.80,0.60,0.70,0.60,0.27,0.50,0.33,0.27,0.40,0.32,0.34,0.54,0.42,0.44,0.38,0.52,0.42,0.50,0.38,0.63,0.70,0.55,0.41,0.32,0.52,0.47,0.43,0.43,0.50,0.63,0.82,0.93,0.60,0.97,0.67,0.96,0.45,0.60,0.60,0.70,0.80,0.47,0.47,0.30,0.50,0.45,0.43,0.40,0.25,0.48,0.50,0.40,0.40,0.72,0.42,0.25,,,,,,,,,,,,,,,,,,,,,,,,,,,,,,0.43,0.30,0.65,0.30,0.33,0.30,0.43,0.30,0.27,0.23,0.47,0.20,0.40,0.28,,0.25,0.45,0.25,0.30,0.30,0.40,0.23,0.20,0.40,0.65,0.30,0.15,0.30,0.20,0.33,0.43,0.45,0.40,0.60,0.25,0.30,0.30,0.38,0.42,0.35,0.45,0.40,0.40,0.45,0.46,0.23,0.53,0.10,0.57,0.47,0.80,1.10,0.60,0.70,0.80,0.47,0.67,0.57,0.70,0.84,0.95,0.68,0.85,0.70,0.60,0.73,0.50,0.45,0.47,0.47,0.20,0.40,0.80,0.57,0.64,1.17,0.55,1.10,0.20,1.00,0.77,0.70,0.78,1.20,0.90,0.85,0.67,0.40,0.60,0.65,0.40,0.60,0.57,0.80,0.73,1.15,0.70,1.00,0.95,1.00,1.00,0.50,0.50,0.40,0.50,0.63,0.65,0.30,0.60,0.50,0.30,,0.20,0.30,0.90,0.63,0.35,0.45,0.45,0.55,,0.65,0.35,0.40,0.45,0.65,0.20,0.40,0.30,0.25,0.55,0.35,0.70,0.30,0.35,0.30,0.25,0.30,0.50,,0.35,0.40,0.47,0.37,0.40,0.45,0.35,0.25,0.20,0.25,0.40,,0.25,,0.50,,0.30,0.50,0.40,0.20,0.20,0.40,0.30,0.50,0.33,0.30,0.25,0.30,0.30,0.30,0.20,0.55,0.10,0.30,0.30,0.45,0.10,,0.75,0.45,,,,0.60,,
20260406,15,CO_24h,0.25,0.32,0.30,0.27,0.20,0.43,0.22,0.30,0.20,0.20,0.30,0.33,0.35,0.37,0.28,0.51,0.44,0.44,0.52,0.60,0.90,0.81,0.75,0.54,0.58,0.72,0.84,0.79,0.72,0.73,0.60,0.72,0.50,0.65,0.59,0.53,0.48,0.85,0.60,0.53,0.55,0.70,0.50,0.50,0.71,0.47,0.47,0.58,0.51,0.54,0.53,1.19,0.64,0.77,0.61,0.53,0.63,0.40,0.47,0.77,0.63,0.87,0.69,0.55,0.63,0.48,0.47,0.46,0.27,0.51,0.50,0.70,0.42,0.35,0.42,0.58,0.46,0.30,0.48,0.40,0.27,0.42,0.70,0.36,0.50,0.60,0.30,0.47,0.58,0.37,0.27,0.42,0.42,0.76,0.33,0.45,1.07,0.73,0.70,0.70,0.65,0.50,0.55,0.63,0.85,0.70,0.87,0.85,0.40,0.70,0.41,0.47,0.45,0.44,0.34,0.90,0.57,0.78,0.44,0.62,0.42,0.53,0.28,0.82,0.93,0.70,0.52,0.33,0.70,0.70,0.47,0.45,0.47,0.73,0.92,1.10,0.60,0.93,0.73,0.81,0.45,0.65,0.73,0.90,0.77,0.57,0.57,0.30,0.63,0.58,0.47,0.40,0.45,0.42,0.50,0.50,0.50,0.66,0.48,0.30,,,,,,,,,,,,,,,,,,,,,,,,,,,,,,0.47,0.50,0.65,0.60,0.33,0.35,0.68,0.33,0.33,0.47,0.50,0.20,0.40,0.28,,0.20,0.50,0.30,0.50,0.35,0.47,0.33,0.30,0.30,0.85,0.35,0.20,0.33,0.20,0.33,0.37,0.38,0.35,0.50,0.40,0.30,0.30,0.58,0.54,0.50,0.93,0.65,0.50,0.50,0.54,0.40,0.50,0.30,1.05,0.27,0.73,0.90,0.60,0.75,0.60,0.53,0.77,0.50,0.55,0.82,0.95,0.68,0.88,0.65,0.68,0.72,0.55,0.47,0.52,0.57,0.43,0.40,0.75,0.63,0.78,0.80,0.57,1.00,0.50,0.80,0.83,0.65,0.88,0.95,1.00,0.65,0.60,0.30,0.60,0.50,0.45,0.70,0.70,0.93,0.73,1.10,0.77,1.00,0.95,0.90,0.80,0.50,0.53,0.70,0.75,0.72,0.60,0.45,0.65,0.55,0.30,,0.30,0.55,0.57,0.67,0.40,0.45,0.55,0.65,,0.90,0.40,0.40,0.50,0.75,0.45,0.50,0.40,0.40,0.55,0.45,0.80,0.45,0.45,0.35,0.30,0.30,0.50,,0.45,0.60,0.53,0.50,0.40,0.45,0.45,0.40,0.40,0.30,0.45,,0.30,,0.55,,0.40,0.50,0.40,0.20,0.30,0.30,0.30,0.30,0.43,0.40,0.35,0.40,0.35,0.35,0.20,0.65,0.15,0.45,0.30,0.55,0.50,,0.40,0.55,,,,0.60,,
20260406,16,AQI,28,36,55,33,28,63,46,29,41,32,41,45,62,45,33,40,28,21,44,68,67,110,80,41,58,59,97,88,63,63,60,55,58,68,28,29,63,91,105,21,20,39,56,29,81,39,17,32,38,37,77,84,38,44,30,29,46,33,41,30,31,35,76,41,39,26,32,36,38,90,63,54,37,43,59,43,36,55,28,28,28,27,25,60,41,65,44,46,57,31,34,54,34,34,30,35,41,26,58,49,24,53,42,34,58,44,34,55,38,60,31,37,44,54,32,26,82,27,28,25,46,64,71,71,89,41,86,79,68,70,80,59,42,80,53,24,24,71,57,78,41,34,34,34,43,34,24,40,29,36,86,77,35,96,86,38,51,52,53,45,,,,,,,,,,,,,,,,,,,,,,,,,,,,,,66,60,34,40,46,54,63,32,37,31,26,26,46,29,,25,34,28,27,107,28,32,29,28,26,43,36,26,29,25,26,59,36,61,31,44,27,64,65,59,75,55,45,69,64,61,86,56,61,69,51,33,17,26,47,32,26,45,31,30,25,37,27,44,85,77,74,70,65,71,54,72,73,101,103,66,79,95,63,86,78,37,21,23,34,37,17,16,24,31,64,57,59,74,71,135,50,95,81,103,54,27,33,26,29,37,89,20,43,27,28,,30,34,39,46,26,42,39,20,,37,37,47,36,67,38,35,42,46,90,31,58,35,32,40,35,39,40,,40,37,65,47,64,69,63,46,35,37,69,,60,,61,,49,58,40,52,53,52,43,69,52,61,63,57,38,38,67,86,73,81,177,46,54,31,59,58,,,,60,,
20260406,16,PM2.5,4,10,14,6,3,30,9,7,3,11,16,11,23,5,12,5,5,8,31,36,23,55,50,11,18,18,62,50,39,39,19,23,21,35,8,20,36,41,44,15,11,22,39,18,44,24,12,20,5,9,43,62,23,25,16,14,21,16,15,16,18,21,56,29,24,13,21,11,5,26,28,23,13,11,42,30,8,9,3,3,3,7,14,13,6,24,12,10,10,3,3,10,4,10,3,5,29,11,41,18,17,13,21,14,41,12,14,22,14,15,4,3,9,5,11,3,4,3,8,10,32,46,52,49,66,23,28,27,28,29,29,17,25,59,31,17,17,52,29,57,20,20,22,15,28,13,16,28,16,11,23,28,8,44,27,3,16,12,7,7,,,,,,,,,,,,,,,,,,,,,,,,,,,,,,26,13,24,9,12,3,10,3,3,4,9,14,16,7,,3,7,3,3,5,4,8,3,3,3,30,25,13,20,12,10,42,25,44,9,31,7,17,21,13,43,21,17,22,14,20,64,11,30,41,36,23,6,18,33,20,18,28,20,21,15,26,19,31,33,29,24,26,20,17,15,28,50,32,33,45,51,55,45,57,31,26,14,16,24,24,3,9,17,22,45,32,31,54,52,103,33,71,60,77,25,15,22,11,3,26,66,10,26,19,3,,3,14,26,32,10,25,21,14,,26,19,23,3,45,20,6,26,25,67,10,30,16,8,3,3,3,3,,3,6,25,13,32,29,23,17,12,14,29,,21,,26,,20,22,12,24,25,17,,20,9,13,20,10,7,6,18,36,36,35,125,10,15,3,13,41,,,,43,,
20260406,16,PM2.5_24h,3,5,17,6,5,35,8,7,5,7,12,16,25,13,6,13,14,24,30,32,35,40,40,27,31,41,33,40,45,46,32,40,37,32,20,36,30,40,31,32,14,42,35,28,37,28,24,25,15,13,43,66,31,18,14,14,25,16,17,17,16,41,50,33,32,34,34,19,7,30,31,26,23,16,30,30,9,10,5,17,6,8,29,19,15,24,7,13,21,10,6,23,15,19,10,4,44,19,31,23,20,13,19,15,36,23,28,44,23,38,6,21,28,15,6,13,16,14,9,27,40,27,29,38,42,30,39,33,42,39,40,26,24,36,34,33,23,50,36,41,23,36,44,25,25,39,31,26,27,19,33,26,28,35,34,16,11,23,12,12,,,,,,,,,,,,,,,,,,,,,,,,,,,,,,37,38,29,18,9,15,31,11,18,15,17,11,16,8,,4,15,3,11,11,6,21,16,10,11,51,31,20,24,22,14,21,19,24,27,23,9,43,42,30,36,35,34,42,38,39,44,37,32,31,36,24,18,18,30,28,25,25,29,20,21,22,23,30,37,33,31,43,41,35,38,37,32,33,46,37,47,54,40,33,37,29,33,39,37,31,28,25,26,27,42,38,40,51,48,81,42,73,60,67,28,25,38,34,27,35,43,25,27,33,6,,11,22,32,40,20,29,48,38,,46,29,28,11,54,33,21,40,41,78,23,41,29,11,5,4,3,15,,3,6,36,19,30,26,25,27,24,19,26,,20,,25,,28,23,17,28,26,17,5,12,23,35,20,17,17,17,25,52,40,66,65,26,15,2,12,18,,,,41,,
20260406,16,PM10,23,36,59,33,24,76,46,25,41,29,41,45,73,45,30,40,18,15,44,86,84,133,109,41,66,67,144,125,75,76,70,59,65,85,20,29,76,97,101,21,20,39,62,22,111,39,16,32,38,37,104,114,38,44,30,29,46,33,41,30,31,35,83,40,39,26,32,23,12,129,75,58,32,43,50,43,36,59,13,9,24,14,25,69,41,80,44,46,63,15,32,58,24,34,16,28,39,26,59,49,15,55,42,34,57,44,34,59,23,70,23,24,44,57,32,11,113,16,25,22,34,46,55,91,119,41,121,108,85,90,109,68,42,78,56,23,22,84,63,85,41,34,34,25,43,34,24,40,29,21,122,103,30,141,122,36,51,53,56,45,,,,,,,,,,,,,,,,,,,,,,,,,,,,,,81,69,28,32,46,57,75,25,37,31,25,26,46,23,,16,22,27,15,163,22,32,29,20,26,31,29,26,24,25,26,46,25,48,31,36,25,78,79,68,99,59,45,88,78,71,87,62,72,87,39,29,12,23,,32,23,45,23,29,25,32,27,42,119,103,97,90,80,91,57,94,96,152,156,82,107,139,65,121,105,36,21,14,24,37,8,16,21,20,77,64,67,78,65,126,50,109,91,109,57,27,33,26,29,32,102,20,43,21,22,,7,30,39,,26,42,39,19,,34,37,47,19,84,37,22,41,46,88,26,66,35,21,6,13,17,18,,8,9,79,47,78,87,76,46,20,32,87,,70,,71,,49,65,37,53,56,54,4,87,53,72,75,64,23,26,84,121,96,112,304,46,57,13,68,55,,,,55,,
20260406,16,PM10_24h,15,22,86,30,26,102,43,17,27,24,45,67,97,66,14,28,33,27,38,65,103,97,109,81,105,120,117,116,116,118,92,99,97,84,39,45,75,101,74,49,29,94,79,43,88,32,31,46,87,56,139,117,48,32,27,27,35,30,37,25,26,55,66,46,51,64,49,34,14,108,85,59,92,57,45,51,24,41,19,32,16,22,31,84,81,115,58,64,97,42,51,95,88,66,39,45,59,26,45,47,21,26,29,37,52,35,37,68,39,129,19,82,117,80,16,22,35,25,23,33,48,34,38,94,107,55,135,142,133,140,154,82,44,58,66,49,27,73,56,53,42,59,83,41,42,79,45,42,41,35,107,88,111,101,116,51,45,90,48,43,,,,,,,,,,,,,,,,,,,,,,,,,,,,,,97,118,35,92,37,86,107,43,87,70,46,25,47,21,,13,57,20,18,36,22,37,32,26,27,51,39,24,29,34,19,31,24,28,41,31,19,102,99,104,85,66,72,90,93,103,80,107,72,83,37,26,25,20,33,51,39,46,54,28,39,39,44,66,148,134,119,145,137,117,117,122,69,97,107,75,91,127,62,70,87,43,51,47,46,34,53,44,40,38,55,59,62,71,66,93,59,116,83,94,56,47,60,72,82,47,83,49,49,55,25,,17,35,43,52,39,46,54,55,,52,45,55,19,97,42,33,54,60,98,32,72,40,18,9,14,19,21,,11,7,76,63,77,71,70,75,54,56,77,,79,,60,,77,65,45,70,63,51,10,45,100,111,80,52,41,43,105,154,111,148,274,76,64,12,52,57,,,,58,,
20260406,16,SO2,3,6,4,4,6,10,4,3,3,2,6,6,8,4,8,6,5,6,9,11,7,13,6,8,11,7,10,9,6,10,7,7,7,8,6,5,9,11,10,6,6,3,6,5,8,4,2,7,5,7,6,11,4,5,5,4,5,4,6,4,5,8,5,7,8,5,4,4,4,7,8,8,7,7,4,5,6,6,12,5,4,9,3,10,9,10,9,8,9,6,4,4,3,7,3,6,15,6,7,5,7,6,6,5,6,4,4,6,3,6,4,7,8,4,5,8,7,8,12,5,5,4,6,9,10,7,14,5,9,11,9,15,6,8,7,7,10,20,7,8,4,8,6,12,7,6,2,6,7,4,6,4,2,8,8,15,10,10,5,9,,,,,,,,,,,,,,,,,,,,,,,,,,,,,,7,1,3,5,4,10,8,6,4,9,6,5,8,4,,5,8,5,5,9,7,3,5,7,7,2,4,6,5,9,9,4,5,7,6,5,8,6,9,8,10,6,4,10,8,8,6,8,5,10,4,4,3,4,4,4,7,5,32,4,7,6,15,26,9,11,5,7,7,7,4,6,12,12,11,25,7,7,7,8,6,8,5,8,,13,3,5,4,4,14,7,7,10,8,20,7,5,5,6,8,8,9,5,8,7,7,6,10,2,6,,6,4,14,7,3,10,8,2,,8,7,6,8,7,11,5,5,6,11,3,7,7,6,7,9,7,5,,7,6,5,2,10,12,6,11,11,5,9,,4,,8,,7,7,9,12,13,14,5,16,12,8,5,4,11,7,4,5,6,4,3,9,8,5,22,14,,,,8,,
20260406,16,SO2_24h,3,5,3,4,6,7,3,3,3,3,5,5,5,6,7,8,6,6,8,7,10,8,8,9,12,9,8,11,8,12,8,9,6,7,6,5,7,8,7,6,6,4,6,5,8,4,2,7,8,7,7,10,5,4,5,4,6,4,6,4,5,8,5,6,9,5,5,5,4,6,9,12,13,8,4,6,10,6,9,5,6,11,3,11,12,13,9,11,10,6,5,5,8,17,4,6,9,5,5,5,7,6,6,5,6,4,8,6,6,8,6,12,8,7,6,10,9,8,16,6,5,5,6,10,15,7,13,5,13,13,9,15,6,8,6,8,10,11,8,7,4,6,7,11,9,9,3,5,8,6,7,3,4,7,9,13,12,14,6,10,,,,,,,,,,,,,,,,,,,,,,,,,,,,,,8,3,4,8,5,11,9,7,7,15,6,5,9,4,,5,8,6,7,9,7,3,5,7,8,2,4,6,6,9,7,4,5,8,7,5,10,8,9,9,16,10,5,10,8,7,6,9,8,7,4,5,3,5,5,4,8,5,22,4,8,8,10,10,10,12,6,9,9,7,6,7,11,9,13,13,6,10,9,6,8,7,7,11,4,13,4,6,5,4,9,8,6,15,12,18,8,7,9,8,10,8,9,6,9,7,6,7,8,3,5,,6,5,5,9,5,10,6,3,,6,6,7,8,7,10,6,5,6,11,3,7,7,6,7,9,7,8,,8,6,6,20,8,9,10,12,10,5,9,,6,,8,,5,12,9,11,15,12,6,15,9,12,5,4,10,7,3,5,12,4,4,8,6,5,10,8,,,,8,,
20260406,16,NO2,5,13,13,4,6,12,8,4,3,4,12,12,13,5,7,6,8,10,16,25,14,27,10,16,15,13,21,12,19,10,11,14,9,16,12,21,17,12,19,22,35,13,15,10,14,19,14,7,9,13,11,41,10,16,7,4,9,5,5,9,10,11,6,8,17,12,10,6,7,14,12,13,9,10,21,17,6,5,13,5,9,11,13,12,11,14,12,12,11,10,11,8,5,14,8,11,20,6,16,6,16,6,14,4,31,14,11,5,6,12,5,6,8,8,6,7,7,5,10,10,10,12,17,24,17,21,14,8,15,10,10,11,32,27,16,2,12,15,4,12,6,9,7,8,14,7,14,12,11,6,12,12,4,12,12,4,6,9,4,3,,,,,,,,,,,,,,,,,,,,,,,,,,,,,,8,11,18,11,7,7,11,8,7,3,7,8,7,3,,5,5,5,6,2,7,6,5,7,7,6,9,8,7,7,10,14,10,19,9,14,3,12,14,11,21,12,8,14,11,10,15,7,17,14,22,15,10,7,33,9,9,16,10,14,11,12,3,12,10,12,16,12,12,12,9,6,23,9,11,29,14,14,14,22,16,22,9,15,8,5,10,11,16,20,11,8,6,11,12,12,11,5,3,9,22,11,16,15,10,7,42,9,8,8,5,,6,6,12,5,11,8,7,6,,6,5,,7,6,4,4,5,8,11,7,9,10,5,5,5,4,8,,1,2,14,5,9,9,5,16,2,5,6,,9,,15,,5,3,1,2,2,1,4,8,8,7,7,9,5,5,7,7,2,3,2,10,5,5,11,6,,,,6,,
20260406,16,NO2_24h,7,12,12,5,7,17,11,5,8,6,15,19,18,13,5,13,15,11,16,24,35,35,33,18,26,35,29,25,30,32,22,20,17,29,18,23,21,33,25,20,25,35,25,12,25,15,17,11,19,18,17,51,13,20,12,5,19,7,12,19,12,33,8,7,22,17,13,8,7,34,26,12,20,22,15,14,10,16,13,9,15,17,15,17,16,22,15,17,18,19,14,17,11,19,14,12,24,12,12,7,10,6,10,5,24,12,16,28,12,20,7,16,15,28,7,14,13,13,13,10,11,15,10,39,40,30,23,16,24,15,19,23,25,25,24,11,13,19,10,13,6,20,13,16,15,11,13,18,9,9,25,18,24,17,25,16,18,17,15,13,,,,,,,,,,,,,,,,,,,,,,,,,,,,,,11,16,18,17,10,20,26,12,17,19,9,8,8,4,,9,5,8,10,6,11,9,7,9,10,8,10,8,13,10,13,8,12,14,10,12,5,25,21,18,27,27,12,16,16,19,19,20,21,16,12,12,10,6,17,14,8,13,15,12,14,11,6,16,16,16,21,20,20,19,18,14,20,12,15,27,16,18,20,11,20,19,10,12,6,9,13,7,11,13,23,15,9,20,12,13,14,7,11,13,31,16,14,26,29,14,38,10,19,10,6,,9,11,9,6,9,7,6,8,,7,6,14,9,15,8,7,7,11,16,7,13,12,6,6,3,5,9,,5,5,21,29,12,21,13,28,20,13,19,,10,,14,,15,7,2,3,6,2,9,3,18,23,20,16,25,20,14,33,14,24,7,23,11,4,18,14,,,,6,,
20260406,16,O3,90,100,99,94,89,136,104,93,90,103,110,109,121,107,105,89,91,66,66,168,114,220,129,106,133,113,162,134,119,116,112,118,126,153,91,77,140,193,210,67,59,87,107,92,117,76,43,90,111,100,180,49,62,60,49,52,65,55,66,64,57,76,129,102,49,77,79,116,121,118,113,122,117,130,43,41,109,108,90,89,91,86,40,126,115,138,122,123,134,98,108,125,109,99,96,112,43,49,123,68,34,54,57,57,24,49,47,96,121,137,99,118,125,103,85,84,90,85,90,79,77,83,57,111,139,100,140,138,137,134,125,121,12,38,62,78,56,73,97,91,69,68,98,108,63,82,68,48,53,115,114,107,111,119,118,120,115,104,132,116,,,,,,,,,,,,,,,,,,,,,,,,,,,,,,122,114,50,127,89,109,133,102,103,99,84,82,119,93,,81,108,91,87,83,90,76,83,88,84,71,87,84,77,74,56,56,68,70,82,68,86,104,92,128,137,114,102,103,116,121,96,120,128,150,47,53,53,62,51,85,68,62,100,47,70,70,79,75,135,137,150,118,124,123,124,119,66,134,113,64,111,90,76,55,120,13,60,53,79,42,54,38,60,26,95,83,99,120,108,185,68,89,125,173,59,66,73,74,80,65,29,56,85,59,88,,95,109,112,109,53,84,121,50,,50,115,109,114,149,123,111,135,134,161,99,111,103,102,129,112,124,127,,128,119,108,106,104,123,110,110,113,117,112,,121,,72,,98,143,128,129,122,99,136,138,123,108,114,120,121,122,122,125,115,111,110,98,96,98,127,126,,,,125,,
20260406,16,O3_24h,90,100,99,94,89,136,104,93,90,103,110,109,121,107,105,89,91,66,66,168,114,220,129,106,133,113,162,134,119,116,112,118,126,153,91,77,140,193,210,67,59,87,107,92,117,76,43,90,111,100,180,49,62,60,49,52,65,55,66,64,57,76,129,102,49,77,79,116,121,118,113,122,117,130,43,41,109,108,90,89,91,86,40,126,115,138,122,123,134,98,108,125,109,99,96,112,43,49,123,68,34,54,57,57,24,49,47,96,121,137,99,118,125,103,85,84,90,85,90,79,77,83,57,111,139,100,140,138,137,134,125,121,12,38,62,78,56,73,97,91,69,68,98,108,63,82,68,48,53,115,114,107,111,119,118,120,115,104,132,116,,,,,,,,,,,,,,,,,,,,,,,,,,,,,,122,114,50,127,89,109,133,102,103,99,84,82,119,93,,81,108,91,87,83,90,76,83,88,84,71,87,84,77,74,56,56,68,70,82,68,86,104,92,128,137,114,102,103,116,121,96,120,128,150,47,53,53,62,51,85,68,62,100,47,70,70,79,75,135,137,150,118,124,123,124,119,66,134,113,64,111,90,76,55,120,13,60,53,79,42,54,38,60,26,95,83,99,120,108,185,68,89,125,173,59,66,73,74,80,65,29,56,85,59,88,,95,109,112,109,53,84,121,50,,50,115,109,114,149,123,111,135,134,161,99,111,103,102,129,112,124,127,,128,119,108,106,104,123,110,110,113,117,112,,121,,72,,98,143,128,129,122,99,136,138,123,108,114,120,121,122,122,125,115,111,110,98,96,98,127,126,,,,125,,
20260406,16,O3_8h,83,88,84,85,84,102,89,89,80,82,93,89,91,91,89,82,81,67,61,122,94,120,114,104,105,100,122,107,90,105,103,120,110,102,95,67,101,112,117,73,98,64,75,83,93,82,53,76,97,93,136,30,65,40,46,53,45,57,57,60,46,44,100,89,38,57,59,110,122,90,78,93,91,95,67,73,97,90,83,82,84,83,57,110,94,105,100,105,123,88,96,111,103,100,88,98,29,55,92,63,37,47,49,57,20,54,47,67,110,120,92,100,94,91,83,78,84,79,89,75,72,76,67,88,90,94,115,105,114,109,113,89,10,55,50,57,42,34,65,46,62,40,70,93,64,79,61,50,51,105,90,90,85,79,93,96,93,81,93,97,,,,,,,,,,,,,,,,,,,,,,,,,,,,,,96,95,53,100,78,91,96,85,78,86,77,80,101,93,,81,99,85,81,79,87,79,79,87,83,70,81,89,62,70,39,64,60,61,83,63,88,96,79,114,106,87,76,91,100,102,90,99,105,113,75,54,78,68,75,71,77,75,82,48,64,74,77,73,108,114,118,99,102,113,111,93,58,102,91,47,60,61,58,59,92,9,54,64,72,33,47,58,70,24,56,80,86,72,70,124,53,45,76,112,36,63,71,61,56,46,17,56,56,64,64,,91,91,91,78,65,91,104,51,,38,112,105,108,126,107,106,122,116,116,96,89,76,107,87,119,116,117,,113,101,63,89,68,88,85,78,83,91,85,,106,,60,,81,107,107,111,108,96,96,138,90,76,91,91,84,94,88,78,93,69,88,55,64,95,93,83,,,,111,,
20260406,16,O3_8h_24h,83,88,84,85,84,102,89,89,80,88,93,89,91,91,89,82,81,66,61,122,94,120,114,102,105,100,122,107,90,105,103,119,110,102,75,61,101,112,117,55,67,64,75,73,93,72,47,72,97,92,136,30,51,40,45,52,45,57,57,59,46,44,100,89,37,57,59,110,120,90,78,93,91,95,52,50,97,90,83,82,84,83,39,110,94,105,100,105,123,88,96,111,103,100,88,98,29,41,92,63,37,47,39,57,17,50,46,67,110,120,92,100,94,91,83,78,84,79,89,72,71,76,66,88,90,94,115,105,114,109,113,89,10,55,50,57,42,34,65,46,60,40,70,93,54,79,61,50,51,105,90,90,85,79,93,96,93,81,93,97,,,,,,,,,,,,,,,,,,,,,,,,,,,,,,96,95,53,100,83,91,96,89,78,86,77,80,101,93,,81,99,85,81,79,87,79,79,82,81,70,81,89,62,70,39,55,60,58,83,63,88,96,79,114,106,87,76,91,100,102,90,99,105,113,53,54,61,60,62,71,68,69,82,47,62,68,77,73,108,114,118,99,102,113,111,93,58,102,91,47,60,61,58,59,92,9,53,53,70,33,47,46,61,24,56,80,86,72,70,124,53,45,76,112,36,63,64,61,55,46,17,56,56,64,64,,91,91,91,75,51,87,104,48,,38,112,105,108,126,107,106,122,116,116,96,89,76,101,87,114,116,117,,113,101,63,89,68,88,85,78,83,91,85,,106,,49,,81,107,107,111,108,96,96,138,90,76,91,91,84,94,88,78,93,69,88,55,64,95,93,83,,,,111,,
20260406,16,CO,0.25,0.34,0.38,0.26,0.25,0.53,0.26,0.30,0.20,0.23,0.27,0.33,0.45,0.23,0.32,0.40,0.30,0.35,0.40,0.75,0.61,1.19,0.63,0.47,0.40,0.52,1.08,0.69,0.62,0.70,0.32,0.54,0.35,0.59,0.60,0.53,0.45,0.95,0.63,0.47,0.50,0.63,0.60,0.55,0.67,0.58,0.35,0.55,0.40,0.43,0.42,1.16,0.58,0.65,0.49,0.43,0.47,0.25,0.33,0.60,0.50,0.50,0.71,0.55,0.56,0.42,0.50,0.39,0.23,0.47,0.43,0.45,0.30,0.31,0.48,0.56,0.31,0.28,0.70,0.28,0.17,0.35,0.53,0.29,0.44,0.57,0.26,0.38,0.48,0.28,0.24,0.40,0.30,0.50,0.23,0.42,0.87,0.55,0.77,0.67,0.70,0.35,0.55,0.50,0.80,0.60,0.67,0.60,0.20,0.60,0.31,0.27,0.40,0.32,0.34,0.50,0.40,0.40,0.38,0.52,0.42,0.53,0.43,0.70,0.67,0.62,0.46,0.38,0.50,0.40,0.45,0.43,0.53,0.77,0.77,0.93,0.60,1.00,0.67,0.96,0.45,0.55,0.60,0.82,0.77,0.47,0.53,0.25,0.60,0.40,0.40,0.35,0.25,0.44,0.50,0.40,0.47,0.44,0.42,0.30,,,,,,,,,,,,,,,,,,,,,,,,,,,,,,0.35,0.20,0.65,0.30,0.33,0.20,0.35,0.30,0.27,0.23,0.40,0.30,0.40,0.28,,0.20,0.45,0.25,0.30,0.30,0.43,0.27,0.20,0.40,0.65,0.30,0.15,0.33,0.23,0.30,0.37,0.45,0.35,0.63,0.25,0.30,0.35,0.37,0.42,0.30,0.53,0.40,0.45,0.40,0.40,0.27,0.53,0.17,0.55,0.57,0.77,0.93,0.65,0.70,0.80,0.50,0.73,0.57,0.60,0.84,0.95,0.65,0.88,0.80,0.58,0.70,0.45,0.43,0.40,0.50,0.20,0.37,0.92,0.53,0.66,1.17,0.55,0.60,0.33,1.00,0.73,0.70,0.78,1.15,1.00,0.75,0.60,0.40,0.60,0.60,0.35,0.57,0.57,0.83,0.73,1.10,0.70,1.00,0.95,1.10,0.73,0.50,0.50,0.47,0.55,0.65,0.60,0.30,0.65,0.50,0.40,,0.20,0.30,0.67,0.60,0.35,0.45,0.40,0.55,,0.65,0.30,0.40,0.45,0.60,0.25,0.40,0.30,0.25,0.45,0.30,0.70,0.20,0.35,0.20,0.20,0.30,0.50,,0.40,0.40,0.40,0.37,0.50,0.45,0.35,0.25,0.30,0.25,0.40,,0.25,,0.50,,0.35,0.50,0.40,0.20,0.10,0.40,0.30,0.40,0.37,0.30,0.25,0.25,0.20,0.30,0.20,0.50,0.10,0.25,0.30,0.40,0.10,,0.50,0.65,,,,0.60,,
20260406,16,CO_24h,0.25,0.32,0.30,0.27,0.25,0.43,0.22,0.30,0.20,0.20,0.30,0.33,0.35,0.37,0.28,0.51,0.42,0.44,0.52,0.62,0.91,0.83,0.75,0.53,0.58,0.72,0.86,0.79,0.72,0.73,0.56,0.68,0.47,0.67,0.59,0.53,0.49,0.85,0.60,0.53,0.55,0.70,0.50,0.55,0.72,0.47,0.47,0.58,0.51,0.51,0.53,1.20,0.63,0.76,0.60,0.50,0.63,0.40,0.47,0.77,0.63,0.80,0.69,0.55,0.64,0.48,0.47,0.46,0.27,0.51,0.50,0.70,0.42,0.35,0.43,0.58,0.46,0.30,0.48,0.40,0.27,0.40,0.70,0.34,0.50,0.60,0.30,0.47,0.56,0.37,0.27,0.42,0.42,0.74,0.30,0.45,1.07,0.73,0.70,0.70,0.70,0.45,0.55,0.63,0.85,0.70,0.87,0.80,0.40,0.70,0.41,0.47,0.45,0.46,0.34,0.86,0.57,0.76,0.46,0.62,0.42,0.53,0.28,0.85,0.97,0.70,0.52,0.33,0.70,0.70,0.47,0.45,0.47,0.73,0.92,1.07,0.60,0.93,0.73,0.81,0.45,0.65,0.73,0.88,0.77,0.57,0.57,0.30,0.63,0.58,0.47,0.40,0.45,0.42,0.50,0.50,0.50,0.66,0.48,0.30,,,,,,,,,,,,,,,,,,,,,,,,,,,,,,0.47,0.50,0.65,0.60,0.33,0.30,0.70,0.33,0.33,0.50,0.50,0.20,0.40,0.28,,0.20,0.50,0.30,0.50,0.35,0.47,0.33,0.30,0.30,0.80,0.35,0.20,0.33,0.20,0.33,0.37,0.38,0.35,0.53,0.40,0.30,0.30,0.58,0.54,0.50,0.90,0.65,0.50,0.50,0.54,0.40,0.50,0.30,1.05,0.30,0.73,0.87,0.60,0.75,0.60,0.53,0.73,0.50,0.55,0.82,0.95,0.68,0.88,0.65,0.68,0.72,0.55,0.47,0.52,0.60,0.43,0.40,0.75,0.63,0.78,0.80,0.60,1.00,0.50,0.80,0.83,0.65,0.88,1.00,1.00,0.65,0.60,0.30,0.60,0.50,0.45,0.70,0.70,0.93,0.73,1.10,0.77,1.00,0.95,0.90,0.80,0.50,0.53,0.68,0.75,0.72,0.60,0.45,0.65,0.55,0.30,,0.30,0.55,0.57,0.67,0.40,0.45,0.55,0.65,,0.85,0.40,0.40,0.50,0.75,0.45,0.50,0.40,0.40,0.60,0.45,0.80,0.40,0.45,0.35,0.30,0.35,0.50,,0.45,0.60,0.53,0.50,0.40,0.45,0.45,0.40,0.40,0.30,0.45,,0.30,,0.55,,0.40,0.60,0.40,0.20,0.30,0.30,0.30,0.30,0.43,0.40,0.35,0.40,0.35,0.30,0.20,0.70,0.15,0.45,0.30,0.55,0.50,,0.40,0.55,,,,0.60,,
20260406,17,AQI,28,38,59,32,26,62,49,29,46,32,41,49,68,45,33,52,29,21,50,78,66,90,76,40,62,64,91,88,57,59,58,57,61,71,25,24,70,107,114,21,21,45,58,27,76,43,16,33,34,35,95,79,35,43,29,30,42,44,34,30,30,33,71,49,38,25,34,36,38,86,58,54,37,44,56,47,36,48,27,28,27,27,23,56,40,65,45,38,57,31,38,49,34,32,30,35,49,30,55,47,27,47,37,33,58,30,44,50,38,62,32,38,46,52,30,26,90,27,28,23,27,75,56,78,85,43,88,83,61,57,82,59,39,89,54,39,29,71,56,80,38,34,36,34,31,32,25,45,37,38,78,80,40,96,83,39,45,49,54,46,,,,,,,,,,,,,,,,,,,,,,,,,,,,,,70,52,23,64,46,53,58,35,35,31,31,26,57,28,,25,34,28,27,75,28,25,28,27,26,51,37,25,54,23,19,51,33,55,37,50,27,64,66,57,75,60,58,65,60,62,74,55,65,70,52,33,16,20,47,35,29,46,29,21,29,34,30,41,88,70,72,62,56,66,52,61,75,93,100,66,85,97,63,90,70,51,21,19,49,29,17,17,30,29,56,55,58,75,78,125,57,94,84,110,49,27,29,23,27,37,83,22,48,30,28,,29,35,49,49,20,39,39,21,,40,36,55,35,64,38,35,44,50,86,31,62,35,31,42,35,38,41,,41,34,66,38,64,69,59,54,36,38,63,,63,,60,,52,52,40,51,58,52,42,48,49,57,68,50,36,41,69,92,79,82,177,48,43,31,59,65,,,,59,,
20260406,17,PM2.5,4,11,18,6,7,34,13,8,9,14,14,13,39,13,11,5,5,15,35,47,17,56,56,11,20,16,61,49,28,29,16,29,20,37,10,15,43,53,52,15,5,24,41,18,25,25,11,20,6,7,55,57,20,24,14,14,20,15,14,14,17,19,52,34,22,15,21,12,5,26,27,21,10,13,40,33,15,9,3,3,4,10,14,15,6,25,14,8,13,3,4,5,9,6,3,9,34,12,33,18,19,13,21,15,41,12,15,20,13,15,5,4,10,11,8,3,6,3,10,12,19,55,40,57,42,25,30,33,24,19,34,12,25,66,30,27,20,46,31,59,21,21,24,15,20,13,17,27,19,11,21,30,8,42,33,7,12,9,7,5,,,,,,,,,,,,,,,,,,,,,,,,,,,,,,25,17,16,15,10,5,9,9,4,5,9,12,33,9,,3,10,3,3,3,9,10,3,3,3,36,26,17,38,9,7,36,23,39,11,35,11,16,17,13,49,25,24,20,12,21,54,13,34,41,33,23,5,12,33,24,16,32,18,15,19,24,17,24,38,21,19,21,16,23,18,14,46,28,35,43,48,38,45,55,25,36,12,11,34,13,4,10,20,20,26,33,31,55,57,95,36,70,62,83,23,19,19,8,3,26,61,10,30,21,3,,3,14,34,34,10,24,13,15,,28,17,33,5,43,22,9,31,29,64,11,34,16,8,3,3,3,6,,3,3,24,11,30,31,27,20,13,12,26,,22,,29,,16,21,18,23,25,20,3,21,23,15,26,16,6,7,21,40,38,37,95,14,17,3,15,15,,,,42,,
20260406,17,PM2.5_24h,4,5,17,7,4,34,9,8,5,7,12,16,24,13,6,12,13,23,30,33,35,42,41,26,31,41,36,41,46,46,32,40,36,33,20,35,31,41,33,31,14,42,35,28,37,27,24,25,14,11,43,66,31,18,15,14,25,17,17,17,16,40,51,32,32,33,33,19,7,30,31,25,22,16,30,30,10,10,3,16,5,8,29,18,14,24,7,12,21,9,6,22,15,16,9,4,45,18,31,21,20,13,19,14,36,23,28,42,23,37,6,20,27,15,6,13,15,12,9,26,37,29,29,39,42,30,39,32,42,38,39,26,23,37,34,32,23,51,36,42,23,36,44,25,25,39,30,27,27,19,33,26,28,34,33,16,11,23,13,12,,,,,,,,,,,,,,,,,,,,,,,,,,,,,,36,36,29,18,9,14,30,11,16,15,17,11,16,8,,4,15,2,10,10,5,21,15,10,11,51,31,19,25,21,14,22,19,25,27,23,9,43,42,30,37,35,34,42,37,39,45,36,32,32,37,24,18,18,30,27,25,25,29,19,21,22,23,30,36,32,31,42,40,35,37,37,32,33,45,37,47,54,40,34,37,29,32,37,37,31,27,24,25,26,42,38,40,51,47,82,42,73,60,68,28,24,37,33,26,35,44,24,28,32,6,,10,22,33,40,19,29,48,37,,45,28,28,10,55,33,21,40,41,78,22,41,29,11,4,4,3,14,,3,6,36,18,30,27,25,27,24,19,27,,20,,25,,28,23,17,28,26,18,5,13,23,35,21,18,16,16,24,51,40,65,67,26,16,2,13,19,,,,42,,
20260406,17,PM10,22,38,68,32,26,73,49,23,46,28,41,49,85,45,32,54,18,16,45,105,81,130,94,40,73,78,132,125,64,68,65,64,71,92,25,24,89,120,112,21,15,45,63,27,101,43,16,33,29,35,139,107,35,43,29,30,42,44,34,30,30,33,85,42,38,25,34,23,11,122,66,57,33,44,54,46,35,48,14,11,23,12,23,62,40,79,45,36,64,12,38,49,22,32,11,32,45,30,59,47,22,47,37,33,56,30,44,50,30,73,24,29,46,53,30,14,130,19,27,22,26,56,43,105,119,43,125,115,71,64,114,67,39,97,57,30,25,92,61,86,38,34,36,26,31,32,25,45,37,28,106,110,40,142,116,39,45,49,58,46,,,,,,,,,,,,,,,,,,,,,,,,,,,,,,90,54,22,77,46,56,65,35,35,30,31,20,64,26,,15,23,26,22,99,24,25,28,24,22,,33,21,,23,19,41,22,51,37,36,26,78,81,63,100,69,66,80,69,73,93,59,79,90,53,29,16,20,43,35,29,46,28,21,29,33,30,41,125,90,94,74,61,82,54,72,99,135,150,81,119,143,70,130,89,36,21,,44,29,10,17,30,22,62,60,66,77,67,126,63,124,88,121,49,27,29,20,27,36,98,22,48,,16,,7,30,48,33,20,39,25,18,,32,36,59,22,78,33,22,42,50,89,22,73,35,24,6,10,16,16,,6,21,82,38,78,88,67,57,25,28,76,,75,,70,,53,54,39,52,66,53,6,48,49,64,85,50,19,32,88,133,107,113,303,48,43,13,67,80,,,,56,,
20260406,17,PM10_24h,15,22,82,29,26,98,43,16,27,23,44,64,93,62,15,29,32,25,38,66,102,98,106,79,102,118,116,117,113,115,90,97,95,85,38,44,75,102,75,48,28,93,78,42,89,32,31,44,82,53,139,117,47,32,28,28,36,31,37,26,27,53,66,46,50,60,48,33,14,110,84,58,90,57,44,49,23,40,17,31,15,22,31,81,75,110,56,60,94,40,50,92,83,62,35,43,59,26,46,46,21,28,29,36,51,35,37,65,38,127,19,79,113,77,16,21,38,23,23,33,45,35,38,94,107,55,136,137,129,137,152,81,43,59,64,46,26,75,56,55,42,57,81,41,42,75,42,42,41,35,109,89,110,101,115,51,45,88,49,43,,,,,,,,,,,,,,,,,,,,,,,,,,,,,,97,113,35,91,37,77,105,42,81,66,46,25,47,21,,13,55,19,16,40,21,35,32,26,26,50,39,23,30,33,18,31,23,28,41,31,19,101,99,102,86,66,71,90,92,101,80,105,72,83,37,26,25,20,34,50,37,46,52,28,39,38,44,64,147,133,116,142,133,116,114,120,69,98,109,75,93,129,62,71,88,43,49,43,46,34,51,42,38,36,56,59,62,71,66,95,58,117,84,96,55,45,57,69,78,46,84,47,50,54,25,,16,34,44,52,38,46,54,53,,52,44,55,19,97,41,33,55,60,98,31,72,40,19,8,13,19,21,,11,7,75,58,76,73,71,74,53,55,78,,81,,61,,76,64,45,70,63,52,10,45,95,111,81,53,41,43,104,151,110,147,273,76,64,12,54,58,,,,58,,
20260406,17,SO2,2,6,4,4,7,8,4,2,2,2,5,5,9,4,9,6,5,6,8,9,7,12,4,9,12,7,7,8,7,10,7,7,6,9,6,5,9,12,10,6,7,4,5,5,7,4,2,7,5,6,6,10,4,5,5,4,4,4,6,4,5,8,4,6,8,4,4,4,4,8,5,7,7,8,4,5,6,5,16,4,5,9,3,10,9,9,10,9,9,5,5,3,3,7,3,6,11,6,6,5,7,5,6,6,6,4,5,7,4,6,4,7,9,4,5,9,7,8,35,5,5,4,7,10,12,7,15,5,8,9,8,13,6,7,7,7,10,17,6,7,3,7,6,8,8,6,3,5,7,4,5,5,2,8,8,5,11,9,6,9,,,,,,,,,,,,,,,,,,,,,,,,,,,,,,6,1,3,7,4,9,8,7,5,9,5,5,11,4,,6,8,5,5,9,7,3,5,7,8,2,5,6,5,9,9,4,4,7,6,6,8,6,9,8,11,6,5,9,7,8,6,8,5,11,4,4,3,4,4,6,7,6,19,4,8,6,11,19,9,9,4,6,6,7,4,6,12,10,12,17,6,5,8,9,6,7,5,8,7,13,3,6,6,4,13,7,7,10,8,16,8,5,5,6,7,7,8,4,9,7,7,6,9,2,6,,6,8,8,11,4,10,11,2,,7,5,6,9,7,12,5,5,6,11,3,7,7,6,7,9,7,6,,6,6,5,3,8,10,4,13,11,4,9,,4,,8,,4,10,10,12,12,16,7,15,11,8,5,3,10,9,4,5,6,4,1,8,7,5,18,12,,,,7,,
20260406,17,SO2_24h,3,5,3,4,6,7,3,3,3,3,5,5,5,6,7,7,6,6,8,7,10,8,7,9,12,9,8,11,8,12,8,9,6,7,6,5,7,8,7,6,6,4,6,5,8,4,2,7,8,7,7,10,5,4,5,4,5,4,6,4,5,8,5,6,9,5,5,5,4,6,9,12,13,8,4,6,10,6,10,5,6,11,3,11,12,13,9,11,10,6,5,5,8,17,3,6,9,5,5,5,7,6,6,5,5,4,7,6,6,8,6,12,8,7,6,10,9,7,17,6,5,5,6,10,15,7,13,6,12,13,9,15,6,8,6,8,10,11,8,7,4,7,7,11,9,9,3,5,8,6,7,3,4,7,9,13,12,14,6,10,,,,,,,,,,,,,,,,,,,,,,,,,,,,,,8,3,4,8,5,11,9,7,7,15,6,5,8,4,,5,8,6,7,9,7,3,5,7,8,2,4,6,5,9,7,4,5,7,7,5,10,8,9,9,16,10,5,10,8,7,6,9,7,7,4,5,3,5,5,4,8,5,22,4,8,8,10,10,10,12,6,9,9,7,6,7,11,9,13,13,6,10,9,7,8,7,7,11,4,13,4,6,5,4,9,8,6,15,12,19,8,7,9,8,9,8,9,5,9,7,6,7,8,3,5,,6,5,6,9,5,10,6,3,,6,6,7,8,7,10,6,5,6,11,3,7,7,6,7,9,7,8,,8,6,6,21,8,9,10,12,10,5,9,,6,,8,,5,12,9,11,15,12,6,15,9,12,5,4,10,7,3,5,12,4,4,8,6,5,11,8,,,,8,,
20260406,17,NO2,5,15,12,4,11,11,9,4,3,5,12,12,15,5,8,6,8,12,20,27,16,23,9,19,17,14,20,12,20,11,12,14,12,19,26,18,23,19,25,23,27,18,16,12,14,21,13,10,10,13,14,42,10,17,8,4,10,6,6,8,11,9,6,11,17,16,10,6,7,15,11,14,9,11,22,21,7,5,15,6,12,12,15,13,10,13,13,11,13,10,14,8,7,13,8,12,21,7,18,8,21,6,11,4,31,12,13,6,6,12,5,7,9,9,7,8,7,6,13,12,8,12,13,26,19,28,15,9,15,9,11,12,29,28,18,4,12,13,5,11,6,11,8,8,13,8,13,12,12,6,13,13,4,13,17,4,4,7,4,3,,,,,,,,,,,,,,,,,,,,,,,,,,,,,,9,11,18,12,5,6,11,8,7,3,8,8,10,3,,5,5,5,6,2,9,8,5,9,8,7,8,9,9,8,9,16,13,18,10,15,3,14,18,12,26,7,13,18,12,11,14,8,20,15,23,17,10,6,40,15,9,17,5,11,15,15,7,10,12,10,17,11,12,12,10,5,23,11,14,26,16,13,17,24,17,24,10,11,10,5,11,12,17,16,17,9,8,11,13,10,13,5,4,9,19,14,14,14,12,9,43,8,9,10,3,,7,7,11,5,15,8,7,8,,6,5,14,8,6,4,4,5,8,10,7,10,6,5,4,5,4,7,,2,3,17,5,10,12,5,17,2,4,7,,10,,14,,5,4,1,3,2,2,10,9,8,6,8,6,4,7,7,7,2,4,2,8,6,7,11,4,,,,6,,
20260406,17,NO2_24h,7,12,12,5,7,17,11,5,8,6,15,19,18,13,5,13,14,11,16,24,36,35,32,19,26,35,30,25,31,32,22,20,17,30,19,23,21,33,25,20,25,35,25,12,25,15,17,11,19,17,17,51,13,20,12,5,18,7,11,18,12,31,8,7,22,17,13,8,7,35,26,13,20,22,16,14,10,16,13,9,15,17,16,18,16,22,15,17,18,19,14,17,11,18,13,12,24,12,13,7,11,6,10,5,25,12,16,28,12,20,8,16,15,28,7,14,12,13,13,10,10,15,10,39,41,30,24,16,23,15,19,23,25,25,23,10,13,19,10,13,6,20,13,16,15,11,14,18,9,9,26,18,24,17,25,17,18,17,15,13,,,,,,,,,,,,,,,,,,,,,,,,,,,,,,11,16,18,17,10,20,26,12,17,19,9,8,8,4,,9,5,8,10,5,11,9,7,9,10,8,9,8,12,10,13,9,12,14,10,12,4,26,21,18,28,27,12,16,17,19,19,20,21,16,13,12,10,6,18,14,8,14,15,12,15,11,6,16,16,16,21,20,20,19,18,14,20,13,15,27,16,18,20,11,21,19,10,12,7,9,13,7,11,13,23,14,9,20,12,13,14,7,11,13,31,16,15,26,29,14,38,10,20,10,6,,9,11,9,6,9,7,5,9,,7,6,14,9,15,8,7,7,11,16,7,13,12,6,6,3,5,9,,5,5,22,29,13,21,13,28,20,13,18,,10,,14,,15,7,2,3,6,2,9,4,18,23,20,16,25,20,14,33,14,24,7,23,11,4,18,14,,,,6,,
20260406,17,O3,89,100,102,94,83,143,106,92,90,103,112,113,127,110,105,88,92,61,64,174,106,187,117,103,129,111,139,126,106,112,105,121,120,157,81,77,145,214,227,63,68,85,109,86,113,67,37,88,110,99,184,44,63,56,47,49,61,48,59,60,51,73,121,124,48,67,78,115,120,120,117,122,119,135,41,37,114,107,87,89,86,87,31,125,117,142,123,120,138,100,108,121,109,103,95,111,47,47,99,61,27,55,58,56,26,48,44,92,123,136,102,120,132,102,85,82,89,85,88,74,81,82,55,111,129,91,135,140,136,128,123,119,12,41,57,68,53,78,101,94,65,65,92,109,62,81,74,51,48,120,113,107,112,117,113,123,118,105,137,114,,,,,,,,,,,,,,,,,,,,,,,,,,,,,,121,117,37,144,91,107,135,103,110,100,83,82,122,91,,80,108,90,85,81,88,69,82,86,84,71,92,79,73,71,52,54,61,71,82,65,85,105,92,134,117,120,116,89,112,125,101,117,117,145,35,51,52,65,39,79,67,60,92,54,61,63,65,77,133,129,144,111,119,120,126,118,58,130,107,64,114,100,72,57,108,8,59,60,76,50,55,36,63,30,82,82,89,124,115,161,65,99,132,189,66,58,63,74,75,67,30,57,74,51,91,,94,112,114,111,47,86,124,46,,55,116,103,111,147,123,112,137,138,161,98,110,105,98,133,112,123,131,,130,110,108,109,109,120,113,113,115,122,108,,125,,76,,96,,129,124,124,97,133,136,124,111,115,118,114,130,125,124,114,112,109,103,95,100,128,125,,,,124,,
20260406,17,O3_24h,89,100,102,94,83,143,106,92,90,103,112,113,127,110,105,88,92,61,64,174,106,187,117,103,129,111,139,126,106,112,105,121,120,157,81,77,145,214,227,63,68,85,109,86,113,67,37,88,110,99,184,44,63,56,47,49,61,48,59,60,51,73,121,124,48,67,78,115,120,120,117,122,119,135,41,37,114,107,87,89,86,87,31,125,117,142,123,120,138,100,108,121,109,103,95,111,47,47,99,61,27,55,58,56,26,48,44,92,123,136,102,120,132,102,85,82,89,85,88,74,81,82,55,111,129,91,135,140,136,128,123,119,12,41,57,68,53,78,101,94,65,65,92,109,62,81,74,51,48,120,113,107,112,117,113,123,118,105,137,114,,,,,,,,,,,,,,,,,,,,,,,,,,,,,,121,117,37,144,91,107,135,103,110,100,83,82,122,91,,80,108,90,85,81,88,69,82,86,84,71,92,79,73,71,52,54,61,71,82,65,85,105,92,134,117,120,116,89,112,125,101,117,117,145,35,51,52,65,39,79,67,60,92,54,61,63,65,77,133,129,144,111,119,120,126,118,58,130,107,64,114,100,72,57,108,8,59,60,76,50,55,36,63,30,82,82,89,124,115,161,65,99,132,189,66,58,63,74,75,67,30,57,74,51,91,,94,112,114,111,47,86,124,46,,55,116,103,111,147,123,112,137,138,161,98,110,105,98,133,112,123,131,,130,110,108,109,109,120,113,113,115,122,108,,125,,76,,96,,129,124,124,97,133,136,124,111,115,118,114,130,125,124,114,112,109,103,95,100,128,125,,,,124,,
20260406,17,O3_8h,85,91,87,87,84,111,93,92,85,85,97,95,99,99,93,84,84,67,62,135,101,142,122,105,112,109,134,117,99,114,105,120,113,117,95,68,112,137,139,73,98,71,84,85,104,82,53,77,102,95,149,34,65,44,48,53,50,57,60,60,50,52,108,94,41,61,65,113,123,99,89,102,100,104,67,73,103,97,85,85,87,85,57,116,100,116,105,110,128,92,99,116,106,101,91,101,32,55,98,64,37,49,49,58,21,54,48,78,117,126,97,108,105,96,85,81,87,81,90,76,73,77,68,99,103,98,123,113,122,116,117,100,11,56,52,62,47,43,75,56,63,47,76,101,64,81,65,51,53,110,97,97,96,89,100,106,103,89,103,103,,,,,,,,,,,,,,,,,,,,,,,,,,,,,,104,102,53,110,80,98,108,88,87,91,79,81,106,94,,84,102,87,83,80,88,79,81,87,83,71,84,89,67,73,43,64,63,63,84,64,88,99,85,118,114,98,86,95,106,107,97,105,113,125,75,55,78,68,75,76,77,75,85,50,64,74,77,75,115,120,127,104,108,116,116,100,62,114,100,53,70,69,64,63,102,10,55,64,72,38,49,66,70,25,66,82,92,85,81,140,60,55,90,129,43,64,71,65,61,50,21,58,63,64,70,,93,100,96,83,65,91,109,51,,43,116,107,110,138,114,111,128,126,130,97,99,86,107,96,119,120,120,,118,105,74,99,79,98,95,88,94,100,93,,111,,60,,90,114,114,116,115,97,107,139,100,85,99,99,95,103,96,88,98,76,93,66,73,95,103,94,,,,114,,
20260406,17,O3_8h_24h,85,91,87,87,84,111,93,92,85,91,97,95,99,99,93,84,84,67,62,135,101,142,122,103,112,109,134,117,99,114,105,120,113,117,77,64,112,137,139,57,64,71,84,78,104,71,47,75,102,95,149,34,52,44,47,53,50,57,60,60,50,52,108,94,40,61,65,113,122,99,89,102,100,104,50,46,103,97,85,85,87,85,39,116,100,116,105,110,128,92,99,116,106,101,91,101,32,45,98,64,37,49,41,58,19,50,48,78,117,126,97,108,105,96,85,81,87,81,90,74,73,77,66,99,103,98,123,113,122,116,117,100,11,56,52,62,47,43,75,56,63,47,76,101,55,81,65,51,53,110,97,97,96,89,100,106,103,89,103,103,,,,,,,,,,,,,,,,,,,,,,,,,,,,,,104,102,52,110,86,98,108,94,87,91,79,81,106,94,,84,102,87,83,80,88,78,81,83,82,71,84,88,67,73,43,56,63,62,84,64,88,99,85,118,114,98,86,95,106,107,97,105,113,125,51,54,60,60,58,76,68,68,85,50,62,68,75,75,115,120,127,104,108,116,116,100,62,114,100,53,70,69,64,63,102,10,55,53,70,38,49,45,61,25,66,82,92,85,81,140,60,55,90,129,43,64,65,65,61,50,21,58,63,64,70,,93,100,96,83,50,86,109,47,,43,116,107,110,138,114,111,128,126,130,97,99,86,100,96,113,120,120,,118,105,74,99,79,98,95,88,94,100,93,,111,,55,,90,114,114,116,115,97,107,139,100,85,99,99,95,103,96,88,98,76,93,66,73,95,103,94,,,,114,,
20260406,17,CO,0.26,0.34,0.38,0.24,0.25,0.47,0.28,0.27,0.20,0.25,0.30,0.38,0.50,0.23,0.38,0.41,0.31,0.38,0.42,0.77,0.52,1.23,0.57,0.47,0.44,0.52,0.89,0.64,0.58,0.68,0.38,0.55,0.38,0.62,0.60,0.53,0.50,1.02,0.77,0.53,0.50,0.67,0.60,0.60,0.56,0.58,0.33,0.55,0.38,0.43,0.51,1.08,0.56,0.66,0.50,0.43,0.47,0.25,0.33,0.57,0.52,0.50,0.69,0.57,0.57,0.45,0.43,0.40,0.22,0.44,0.40,0.45,0.30,0.33,0.47,0.63,0.33,0.22,0.33,0.30,0.20,0.38,0.53,0.27,0.40,0.57,0.26,0.43,0.50,0.28,0.30,0.37,0.30,0.50,0.23,0.42,0.87,0.57,0.70,0.67,0.70,0.40,0.55,0.57,0.80,0.70,0.70,0.55,0.27,0.60,0.33,0.28,0.57,0.28,0.34,0.62,0.44,0.38,0.38,0.53,0.40,0.53,0.32,0.90,0.73,0.62,0.46,0.35,0.47,0.37,0.47,0.38,0.53,0.77,0.78,0.95,0.60,0.97,0.65,0.96,0.45,0.55,0.63,0.78,0.80,0.40,0.50,0.25,0.63,0.40,0.40,0.45,0.25,0.44,0.50,0.40,0.50,0.40,0.42,0.25,,,,,,,,,,,,,,,,,,,,,,,,,,,,,,0.35,0.20,0.60,0.40,0.33,0.20,0.35,0.30,0.27,0.23,0.43,0.20,0.40,0.28,,0.20,0.45,0.25,0.30,0.30,0.43,0.37,0.20,0.45,0.65,0.35,0.20,0.37,0.27,0.30,0.37,0.47,0.40,0.60,0.25,0.35,0.35,0.37,0.42,0.30,0.57,0.40,0.50,0.35,0.36,0.33,0.50,0.20,0.63,0.63,0.73,1.07,0.60,0.70,0.90,0.50,1.00,0.72,0.45,0.88,0.95,0.68,0.88,0.80,0.60,0.65,0.45,0.35,0.34,0.47,0.20,0.27,0.85,0.53,0.63,0.90,0.53,0.60,0.40,1.10,0.67,0.75,0.82,0.95,,0.65,0.67,0.40,0.60,0.55,0.40,0.57,0.53,0.90,0.73,1.00,0.73,1.00,0.95,1.10,0.67,0.50,0.50,0.45,0.55,0.65,0.60,0.30,0.65,0.50,0.40,,0.20,0.30,0.53,0.57,0.40,0.45,0.40,0.55,,0.65,0.35,0.40,0.40,0.60,0.25,0.40,0.30,0.30,0.45,0.30,0.70,0.20,0.35,0.20,0.20,0.30,0.50,,0.35,0.50,0.43,0.37,0.50,0.45,0.35,0.25,0.20,0.20,0.40,,0.25,,0.50,,0.35,0.50,0.40,0.20,0.40,0.30,0.40,0.40,0.33,0.25,0.30,0.25,0.15,0.40,0.20,0.45,0.10,0.25,0.35,0.40,,,0.40,0.55,,,,0.60,,
20260406,17,CO_24h,0.25,0.33,0.30,0.27,0.25,0.43,0.22,0.30,0.20,0.20,0.30,0.33,0.35,0.37,0.28,0.49,0.41,0.44,0.51,0.64,0.89,0.89,0.75,0.53,0.58,0.72,0.86,0.81,0.70,0.75,0.56,0.68,0.47,0.67,0.59,0.53,0.49,0.88,0.60,0.53,0.55,0.70,0.50,0.55,0.71,0.53,0.47,0.58,0.51,0.50,0.54,1.20,0.63,0.75,0.59,0.47,0.63,0.40,0.47,0.73,0.63,0.77,0.69,0.55,0.64,0.48,0.47,0.46,0.27,0.51,0.50,0.70,0.42,0.36,0.43,0.58,0.47,0.30,0.46,0.40,0.27,0.40,0.70,0.34,0.50,0.60,0.30,0.47,0.56,0.35,0.27,0.40,0.42,0.74,0.27,0.45,1.07,0.73,0.70,0.70,0.70,0.40,0.55,0.60,0.85,0.70,0.87,0.80,0.40,0.70,0.41,0.47,0.45,0.46,0.34,0.88,0.57,0.76,0.46,0.62,0.40,0.53,0.28,0.85,0.97,0.70,0.53,0.35,0.70,0.70,0.47,0.47,0.50,0.73,0.92,1.05,0.60,0.97,0.73,0.81,0.45,0.65,0.73,0.88,0.77,0.57,0.57,0.30,0.65,0.58,0.47,0.40,0.45,0.44,0.50,0.50,0.50,0.66,0.48,0.30,,,,,,,,,,,,,,,,,,,,,,,,,,,,,,0.47,0.50,0.65,0.63,0.33,0.30,0.68,0.33,0.33,0.50,0.47,0.20,0.40,0.28,,0.20,0.50,0.30,0.50,0.35,0.47,0.33,0.30,0.30,0.80,0.35,0.20,0.33,0.23,0.33,0.37,0.38,0.35,0.53,0.40,0.30,0.30,0.58,0.54,0.50,0.90,0.65,0.50,0.50,0.54,0.40,0.50,0.30,1.05,0.33,0.73,0.87,0.60,0.75,0.60,0.53,0.77,0.53,0.55,0.82,0.95,0.70,0.88,0.65,0.68,0.72,0.55,0.47,0.52,0.57,0.43,0.40,0.75,0.63,0.78,0.80,0.63,1.00,0.50,0.80,0.83,0.65,0.88,1.00,1.00,0.65,0.63,0.30,0.60,0.55,0.45,0.70,0.70,0.93,0.77,1.10,0.77,1.00,0.95,1.00,0.80,0.50,0.50,0.68,0.70,0.75,0.63,0.45,0.65,0.55,0.30,,0.30,0.55,0.57,0.67,0.40,0.45,0.55,0.65,,0.85,0.40,0.40,0.50,0.75,0.45,0.50,0.40,0.40,0.60,0.45,0.90,0.40,0.45,0.30,0.30,0.30,0.50,,0.45,0.60,0.53,0.50,0.40,0.45,0.45,0.40,0.40,0.30,0.45,,0.30,,0.55,,0.40,0.60,0.40,0.20,0.30,0.30,0.30,0.30,0.43,0.40,0.35,0.40,0.35,0.30,0.20,0.70,0.15,0.45,0.30,0.55,0.50,,0.40,0.55,,,,0.60,,
20260406,18,AQI,27,37,65,28,42,69,52,29,53,33,43,40,68,46,30,61,28,31,51,90,62,87,69,40,63,59,85,89,55,55,57,54,66,74,28,27,75,94,107,24,19,47,48,31,72,39,17,39,34,34,102,85,38,43,29,31,39,34,40,30,30,34,69,50,37,31,35,35,37,86,63,56,37,48,41,58,36,39,27,27,25,27,22,59,38,63,44,37,56,31,44,40,34,33,29,33,54,31,55,47,27,40,36,37,58,30,48,48,39,56,31,37,53,49,27,24,91,26,32,23,24,85,44,81,80,49,97,82,75,68,77,61,44,91,55,60,31,72,59,84,39,39,38,34,31,36,28,40,34,37,79,79,37,97,86,38,41,37,56,50,,,,,,,,,,,,,,,,,,,,,,,,,,,,,,63,48,29,75,50,53,56,38,35,32,35,25,63,28,,25,34,28,30,55,41,36,27,36,26,56,34,24,64,28,19,45,27,50,42,53,27,67,67,57,78,66,62,63,60,63,69,55,68,79,54,33,16,19,43,40,34,51,34,17,36,35,35,45,77,66,67,61,60,66,52,66,78,92,105,69,90,94,70,100,67,44,20,21,22,19,18,19,28,24,71,56,59,80,71,120,56,98,90,113,48,29,37,22,27,39,71,23,51,30,29,,28,35,53,49,26,37,40,21,,37,37,66,34,63,39,34,47,50,95,31,60,33,30,40,34,40,42,,42,32,66,38,68,72,60,64,36,39,77,,64,,60,,52,55,41,61,45,45,42,62,49,59,69,36,35,44,72,97,88,88,175,48,46,32,58,53,,,,56,,
20260406,18,PM2.5,4,10,23,8,9,38,17,10,12,7,20,14,38,16,10,6,5,22,36,63,19,52,50,11,23,14,59,53,23,20,16,25,23,39,11,17,48,63,60,17,5,24,30,22,21,27,11,21,10,5,46,63,23,23,14,14,20,14,14,13,17,19,50,35,22,17,18,15,3,27,30,18,15,15,29,41,22,10,3,3,3,9,13,19,9,21,15,7,13,3,6,3,4,5,3,5,38,13,31,17,19,13,22,16,41,14,17,20,18,11,5,9,12,13,6,4,7,3,16,14,10,63,31,47,26,31,39,33,34,29,31,23,24,68,36,43,22,50,30,62,22,22,26,12,20,15,18,27,17,13,24,29,8,38,32,6,8,10,7,7,,,,,,,,,,,,,,,,,,,,,,,,,,,,,,22,10,20,21,12,13,12,12,5,6,11,11,45,11,,3,7,3,3,5,14,25,3,3,3,40,24,15,46,8,9,29,19,35,9,37,9,17,17,13,56,36,25,22,14,24,47,12,38,58,33,23,5,9,30,27,24,33,16,9,25,22,24,30,35,26,15,25,24,20,14,25,52,25,40,48,45,44,51,62,26,31,14,10,,9,3,13,18,17,52,33,33,59,52,91,40,73,67,85,22,19,25,3,3,27,52,12,32,21,3,,3,12,37,34,13,26,17,12,,26,16,48,5,40,26,16,33,35,71,21,26,17,6,3,3,3,10,,3,5,26,13,33,30,26,23,19,11,33,,24,,25,,22,21,19,23,20,22,3,19,18,18,26,12,6,14,38,45,40,43,79,15,15,3,17,15,,,,40,,
20260406,18,PM2.5_24h,4,5,16,7,5,34,9,8,5,7,12,15,25,12,7,12,12,23,31,34,35,43,42,25,31,41,37,42,46,45,31,39,36,34,20,35,32,43,35,31,13,42,35,28,37,27,24,25,14,10,43,66,30,18,15,13,24,17,17,17,16,39,51,32,31,32,32,18,7,30,31,25,22,16,30,30,10,10,3,15,5,8,28,18,13,24,7,11,20,9,6,21,14,13,7,3,44,19,31,21,20,13,19,13,36,23,27,40,23,37,6,19,24,14,6,12,15,11,9,26,33,30,29,39,42,31,40,32,41,37,39,25,23,37,34,32,23,51,35,44,23,36,44,24,25,38,30,27,26,19,33,26,27,34,33,16,11,22,13,11,,,,,,,,,,,,,,,,,,,,,,,,,,,,,,36,35,29,18,9,13,29,11,15,14,17,11,17,8,,4,14,1,9,9,6,20,14,9,9,51,30,19,26,21,14,22,19,26,26,24,9,43,42,29,38,35,33,42,37,39,46,36,33,33,36,24,18,18,30,27,25,26,28,19,22,22,23,30,36,32,30,41,40,34,35,37,32,33,45,38,47,54,41,35,37,29,31,36,37,30,26,23,25,26,43,37,40,52,46,82,41,74,61,70,28,23,37,32,25,35,45,24,28,32,6,,9,22,33,40,19,28,47,36,,45,27,28,10,55,32,20,40,41,79,22,41,29,11,4,4,3,14,,3,6,36,18,30,27,26,27,25,19,28,,21,,25,,28,22,17,28,26,18,5,13,23,34,22,17,16,16,25,52,40,65,69,26,16,2,13,19,,,,42,,
20260406,18,PM10,21,37,80,27,42,87,54,24,56,33,43,40,86,46,25,72,18,17,48,130,73,123,73,40,76,68,120,127,60,59,63,58,82,97,28,27,100,138,128,24,14,47,48,31,93,34,17,39,29,34,154,108,38,43,29,31,39,34,40,30,30,34,78,45,37,31,35,24,8,122,75,61,36,48,41,54,36,39,15,12,22,17,22,67,38,76,44,32,62,15,44,40,21,33,9,33,51,31,60,47,25,40,36,37,58,30,48,48,33,61,26,37,56,49,27,18,132,24,32,23,21,75,42,111,110,49,144,113,100,85,103,72,44,92,60,40,26,93,67,89,39,39,38,24,31,36,28,40,34,30,108,107,37,143,121,34,41,37,62,50,,,,,,,,,,,,,,,,,,,,,,,,,,,,,,75,48,27,100,50,56,62,38,34,32,35,21,69,27,,9,22,28,30,60,41,30,27,36,25,46,30,16,,28,19,45,22,44,42,39,27,83,83,64,105,82,73,75,69,76,88,59,85,95,57,21,10,13,34,40,25,52,34,15,34,35,35,45,104,81,83,71,70,82,54,82,105,133,160,87,130,138,81,150,83,40,20,10,,19,10,18,28,22,73,61,67,79,77,95,60,125,102,122,48,29,37,16,27,37,89,23,51,,19,,6,29,53,36,26,35,,21,,34,34,55,24,76,39,21,45,48,109,27,69,33,20,6,18,12,16,,8,16,82,38,86,93,70,78,25,26,103,,78,,70,,53,60,32,71,45,45,9,74,49,68,88,32,15,44,93,144,126,125,299,48,46,16,66,55,,,,61,,
20260406,18,PM10_24h,15,23,80,28,25,95,44,16,28,22,43,60,90,59,16,31,30,24,38,68,100,99,103,75,100,115,115,118,112,113,88,94,94,85,37,43,75,105,77,47,28,91,77,41,88,32,30,43,77,51,140,117,45,32,28,28,35,32,38,28,28,51,67,45,49,56,47,33,13,112,83,58,87,57,42,48,24,40,16,29,15,21,30,78,69,106,54,56,91,38,48,90,78,58,33,40,59,26,46,45,21,29,29,36,51,35,38,63,38,124,19,76,110,74,16,20,42,23,23,33,40,35,38,94,107,54,138,133,127,135,150,80,42,59,62,45,25,76,57,57,42,57,79,41,42,73,40,41,40,35,111,90,106,101,116,51,46,86,51,43,,,,,,,,,,,,,,,,,,,,,,,,,,,,,,97,107,34,91,37,71,103,41,76,62,46,25,46,21,,13,52,18,17,41,22,34,32,26,26,49,38,22,30,33,18,31,23,28,42,32,19,101,99,100,86,67,70,89,91,100,80,102,72,83,38,25,25,20,33,48,35,46,50,27,38,37,43,63,144,131,113,139,130,116,109,119,69,100,112,75,95,130,62,74,88,43,48,41,46,34,49,39,36,34,57,59,62,71,66,95,58,118,84,97,55,43,54,66,74,45,85,45,50,52,25,,15,34,45,51,37,45,53,51,,51,44,55,19,97,41,33,55,59,101,31,72,41,19,6,12,17,21,,11,7,76,55,76,74,71,75,51,54,81,,82,,61,,75,64,45,70,63,53,10,46,93,110,83,53,41,44,103,151,110,147,279,75,63,12,56,59,,,,58,,
20260406,18,SO2,3,6,4,4,7,8,4,2,2,2,6,5,10,5,6,6,5,6,8,9,7,8,3,8,12,7,7,7,6,9,7,7,6,10,7,4,10,9,12,6,5,4,6,5,7,4,2,7,5,7,6,9,4,5,5,4,4,4,6,4,5,8,4,7,8,4,4,4,4,8,5,7,7,9,4,5,6,5,10,4,6,9,3,10,9,9,9,9,9,5,5,3,3,7,3,7,15,5,5,4,7,6,6,5,6,3,5,7,4,6,5,8,8,5,5,10,8,7,39,6,5,4,6,11,9,7,18,6,8,10,8,14,6,7,7,7,10,15,6,7,4,7,6,8,7,6,3,5,7,4,6,5,3,8,8,4,12,8,6,9,,,,,,,,,,,,,,,,,,,,,,,,,,,,,,6,1,3,7,4,9,8,8,5,9,6,5,12,5,,5,8,5,5,10,6,3,4,7,8,2,5,6,5,9,9,4,5,7,5,5,8,6,9,8,10,7,5,9,8,8,6,8,6,9,23,5,3,4,4,6,6,8,11,4,8,6,9,16,9,9,4,6,6,7,4,7,10,10,11,20,6,4,10,10,6,7,6,7,7,12,4,6,4,4,14,7,8,10,8,12,9,5,7,6,6,7,7,4,11,7,7,6,9,4,6,,6,4,15,9,4,11,7,2,,6,7,6,9,7,11,5,5,7,11,3,7,6,6,7,9,9,5,,6,5,5,3,8,9,5,13,12,4,9,,4,,8,,4,14,11,12,10,15,6,14,10,9,4,3,10,9,3,5,6,4,2,8,7,5,18,11,,,,7,,
20260406,18,SO2_24h,3,5,3,4,6,7,3,3,3,3,5,5,6,6,7,7,6,6,8,8,10,8,7,9,12,9,9,11,8,12,7,9,6,8,6,5,7,8,8,6,6,4,6,5,8,4,2,7,8,7,7,10,5,4,5,4,5,4,6,4,5,8,5,6,9,5,5,5,4,6,9,12,13,8,4,6,10,6,10,5,6,11,3,11,12,13,9,11,10,6,5,5,8,16,3,6,10,5,5,5,7,6,6,5,5,4,8,6,6,8,6,12,8,7,6,10,9,7,18,6,5,5,6,10,15,7,14,6,12,12,9,15,6,7,6,8,10,11,8,7,4,7,7,10,9,9,3,5,8,6,7,4,4,7,9,13,12,14,6,10,,,,,,,,,,,,,,,,,,,,,,,,,,,,,,8,3,4,8,5,11,9,7,7,15,6,5,9,4,,5,8,6,7,9,7,3,5,7,8,2,4,6,5,9,7,4,5,7,7,5,10,8,10,9,16,9,5,10,8,7,6,9,7,7,5,5,3,5,5,4,8,5,22,4,8,8,10,10,10,12,6,9,9,7,5,7,11,9,13,13,6,10,9,7,7,7,6,10,4,13,4,6,4,4,10,8,6,15,12,19,8,6,9,8,9,8,9,5,8,7,6,7,8,3,5,,6,5,6,9,5,10,6,3,,6,6,7,8,7,10,6,5,6,11,3,7,7,6,7,9,7,8,,8,6,6,21,8,10,10,12,10,5,9,,6,,8,,5,12,9,11,15,13,6,15,9,12,5,4,10,7,3,5,12,5,4,8,6,5,11,9,,,,8,,
20260406,18,NO2,5,15,14,6,16,12,11,4,3,4,14,13,18,7,5,9,10,16,21,28,18,21,7,20,21,13,20,14,15,11,14,14,14,21,35,24,30,20,32,25,27,20,17,14,16,24,13,14,12,15,14,44,11,19,8,5,11,7,8,8,11,10,7,11,19,20,9,6,7,17,11,11,11,10,18,25,8,5,13,8,15,11,18,16,12,13,14,12,15,11,16,8,8,13,8,13,24,8,17,8,18,6,11,4,32,13,14,6,7,13,6,8,11,13,7,10,10,5,20,10,9,13,12,29,16,32,18,10,17,12,12,15,30,28,20,11,18,16,6,11,6,13,11,8,14,9,13,16,13,7,15,15,6,14,15,3,8,7,5,4,,,,,,,,,,,,,,,,,,,,,,,,,,,,,,10,13,20,13,6,7,12,11,8,4,8,10,14,3,,5,5,6,8,3,12,9,7,8,11,8,8,10,8,7,9,14,13,18,10,16,3,17,23,15,24,7,12,19,13,14,15,9,22,17,25,20,10,7,40,21,9,19,12,12,17,17,7,15,11,11,17,14,15,13,9,8,24,14,18,37,17,12,24,38,30,28,13,10,9,5,11,14,15,13,16,9,10,12,13,10,14,7,5,10,20,18,12,15,16,10,41,9,10,8,4,,7,7,18,6,17,8,8,8,,7,5,16,8,9,4,5,6,9,13,7,10,6,7,4,6,4,8,,1,3,17,6,24,18,6,16,2,4,8,,10,,14,,6,8,1,7,3,2,5,6,9,8,11,6,4,7,8,6,2,3,2,8,6,8,11,4,,,,8,,
20260406,18,NO2_24h,7,12,12,5,7,17,11,5,8,6,15,19,19,13,5,13,14,11,16,25,36,35,30,19,26,35,30,25,32,32,22,20,18,29,20,24,21,33,25,21,25,36,25,12,25,16,17,11,19,17,17,51,12,19,12,5,18,7,11,16,12,30,8,7,22,17,13,8,7,35,26,13,21,21,16,14,10,16,13,9,15,17,16,18,16,22,15,17,18,19,14,16,11,17,13,12,24,12,13,7,11,6,10,4,25,12,16,26,12,20,8,16,15,28,7,14,12,13,14,10,10,15,10,39,41,31,24,16,23,15,19,23,25,25,23,9,13,19,10,13,6,20,13,16,16,11,14,18,10,9,25,17,24,17,25,17,18,17,14,13,,,,,,,,,,,,,,,,,,,,,,,,,,,,,,11,16,18,17,10,20,26,13,17,19,9,8,8,5,,9,5,7,10,5,11,9,7,9,9,7,9,8,12,10,13,9,12,14,10,13,4,26,22,18,27,26,12,17,17,19,20,20,21,16,14,13,10,6,19,14,8,14,15,12,15,11,6,17,16,16,21,20,20,19,18,14,20,13,15,27,16,18,20,12,21,19,10,12,6,8,13,7,11,13,23,14,9,20,12,13,14,7,11,13,32,17,14,26,29,14,38,10,20,10,6,,9,11,10,6,9,7,6,9,,7,6,14,9,15,8,7,7,11,16,7,13,12,6,6,4,5,9,,5,5,22,29,13,22,13,28,20,13,18,,10,,14,,15,7,2,3,6,2,9,3,18,23,20,16,25,20,14,33,14,24,7,23,11,4,18,14,,,,6,,
20260406,18,O3,86,96,101,90,77,142,105,92,88,95,112,114,126,112,96,84,90,55,63,160,105,147,121,102,122,115,123,108,114,118,98,120,106,156,70,64,141,183,213,55,60,83,99,61,102,53,36,81,109,94,176,43,60,49,43,46,54,45,53,55,48,66,111,125,46,57,74,113,119,117,115,120,118,135,51,34,116,107,87,86,79,86,26,117,114,142,121,118,134,99,105,116,109,100,94,107,49,44,81,52,26,54,57,56,24,48,46,87,125,126,100,119,132,98,85,78,86,83,79,74,77,78,57,110,123,84,126,131,125,130,116,113,15,45,52,52,37,69,102,94,70,58,85,108,62,75,68,46,45,118,113,106,112,114,109,123,116,105,139,112,,,,,,,,,,,,,,,,,,,,,,,,,,,,,,116,110,30,138,97,110,133,105,112,100,83,79,116,90,,80,108,87,82,78,82,68,76,85,82,69,88,78,76,73,53,54,58,70,82,60,82,109,84,129,106,119,108,89,109,115,94,112,115,142,28,47,50,62,36,61,64,55,70,54,55,55,67,66,124,123,140,101,120,113,116,112,48,122,98,49,116,94,56,38,95,8,50,66,71,50,57,34,68,39,80,79,81,121,120,153,62,88,127,190,67,52,67,71,66,64,27,47,69,53,92,,91,111,100,109,47,86,127,44,,53,119,101,109,140,124,109,137,140,161,99,96,107,96,129,110,129,134,,134,103,101,113,82,111,112,116,114,124,108,,124,,71,,94,,131,121,122,93,133,137,126,110,111,115,113,133,127,123,116,112,108,109,85,102,134,126,,,,119,,
20260406,18,O3_24h,86,96,101,90,77,142,105,92,88,95,112,114,126,112,96,84,90,55,63,160,105,147,121,102,122,115,123,108,114,118,98,120,106,156,70,64,141,183,213,55,60,83,99,61,102,53,36,81,109,94,176,43,60,49,43,46,54,45,53,55,48,66,111,125,46,57,74,113,119,117,115,120,118,135,51,34,116,107,87,86,79,86,26,117,114,142,121,118,134,99,105,116,109,100,94,107,49,44,81,52,26,54,57,56,24,48,46,87,125,126,100,119,132,98,85,78,86,83,79,74,77,78,57,110,123,84,126,131,125,130,116,113,15,45,52,52,37,69,102,94,70,58,85,108,62,75,68,46,45,118,113,106,112,114,109,123,116,105,139,112,,,,,,,,,,,,,,,,,,,,,,,,,,,,,,116,110,30,138,97,110,133,105,112,100,83,79,116,90,,80,108,87,82,78,82,68,76,85,82,69,88,78,76,73,53,54,58,70,82,60,82,109,84,129,106,119,108,89,109,115,94,112,115,142,28,47,50,62,36,61,64,55,70,54,55,55,67,66,124,123,140,101,120,113,116,112,48,122,98,49,116,94,56,38,95,8,50,66,71,50,57,34,68,39,80,79,81,121,120,153,62,88,127,190,67,52,67,71,66,64,27,47,69,53,92,,91,111,100,109,47,86,127,44,,53,119,101,109,140,124,109,137,140,161,99,96,107,96,129,110,129,134,,134,103,101,113,82,111,112,116,114,124,108,,124,,71,,94,,131,121,122,93,133,137,126,110,111,115,113,133,127,123,116,112,108,109,85,102,134,126,,,,119,,
20260406,18,O3_8h,87,93,90,89,84,118,97,92,87,94,101,99,105,104,96,86,86,67,62,145,108,156,128,106,116,115,140,121,109,118,105,122,115,129,95,68,121,151,158,73,98,77,91,85,109,82,53,78,106,96,157,39,65,47,49,53,54,57,62,58,51,58,113,101,43,63,69,114,124,106,97,110,107,113,67,73,107,101,86,86,88,85,57,120,105,122,109,114,131,95,102,117,108,102,93,104,35,56,101,65,37,50,49,58,22,54,49,87,121,129,98,113,112,99,85,82,88,83,90,76,74,78,68,105,112,99,128,119,127,121,119,108,12,56,55,65,48,51,84,65,65,51,82,106,64,82,68,51,55,113,103,103,104,98,104,112,109,96,114,107,,,,,,,,,,,,,,,,,,,,,,,,,,,,,,109,107,53,117,89,104,116,91,93,95,80,81,110,94,,84,103,88,84,81,88,79,82,88,83,71,85,89,72,74,47,64,64,64,84,64,88,102,88,122,116,105,94,99,110,111,100,109,118,134,75,55,78,68,75,78,77,75,85,52,64,74,77,75,120,125,134,108,113,118,118,106,62,122,107,57,79,74,66,63,108,10,56,64,72,41,51,66,70,26,75,84,93,97,92,153,65,63,102,146,49,64,71,71,64,55,23,58,69,64,76,,94,107,100,90,65,91,114,51,,45,119,108,110,146,121,111,132,132,144,98,105,95,107,105,119,123,124,,124,108,84,106,86,106,99,96,102,108,100,,116,,62,,95,122,120,120,118,97,117,139,109,92,103,108,105,112,105,101,103,85,97,77,81,96,113,104,,,,115,,
20260406,18,O3_8h_24h,87,93,90,89,84,118,97,92,87,94,101,99,105,104,96,86,86,67,62,145,108,156,127,105,116,115,140,121,109,118,105,122,115,129,76,66,121,151,158,60,61,77,91,79,109,69,46,77,106,96,157,39,53,47,48,53,54,56,62,61,51,58,113,100,43,63,69,114,123,106,97,110,107,113,49,43,107,101,86,86,87,85,38,120,105,122,109,114,131,95,102,117,108,102,93,104,35,46,101,63,35,50,43,58,21,51,49,87,121,129,98,113,112,99,85,82,88,83,89,75,73,78,64,105,112,99,128,119,127,121,119,108,11,54,54,65,48,51,84,65,65,51,82,106,57,82,68,51,55,113,103,103,104,98,104,112,109,96,114,107,,,,,,,,,,,,,,,,,,,,,,,,,,,,,,109,107,51,117,89,104,116,98,93,95,80,81,110,93,,84,103,88,84,81,88,78,82,85,83,71,85,87,72,74,47,56,64,64,84,64,88,102,88,122,116,105,94,99,110,111,100,109,118,134,47,53,58,60,55,78,69,67,85,52,61,67,74,75,120,125,134,108,113,118,118,106,61,122,107,57,79,74,66,62,108,10,56,55,70,41,51,43,62,26,75,83,93,97,92,153,65,63,102,146,49,64,66,71,64,55,23,57,69,62,76,,94,107,100,90,50,85,114,47,,45,119,108,110,146,121,111,132,132,144,98,105,95,99,105,112,123,124,,124,108,84,106,86,106,99,96,102,108,100,,116,,60,,95,122,120,120,118,97,117,139,109,92,103,108,105,112,105,101,103,85,97,77,81,96,113,104,,,,115,,
20260406,18,CO,0.26,0.34,0.40,0.26,0.30,0.40,0.28,0.30,0.20,0.23,0.30,0.35,0.60,0.32,0.26,0.42,0.33,0.42,0.49,0.86,0.58,0.93,0.57,0.47,0.46,0.50,0.84,0.63,0.52,0.58,0.38,0.56,0.37,0.75,0.63,0.57,0.55,1.03,1.13,0.57,0.55,0.67,0.50,0.65,0.54,0.63,0.35,0.58,0.39,0.41,0.50,1.06,0.58,0.67,0.49,0.47,0.47,0.20,0.33,0.53,0.52,0.47,0.66,0.57,0.60,0.47,0.43,0.38,0.23,0.47,0.33,0.45,0.30,0.33,0.43,0.63,0.39,0.22,0.32,0.35,0.23,0.35,0.57,0.31,0.40,0.57,0.28,0.40,0.54,0.28,0.33,0.37,0.30,0.50,0.23,0.43,0.93,0.57,0.67,0.70,0.75,0.40,0.50,0.53,0.75,0.70,0.73,0.40,0.27,0.60,0.32,0.30,0.47,0.36,0.34,0.64,0.42,0.34,0.42,0.55,0.40,0.53,0.33,0.90,0.50,0.70,0.54,0.35,0.60,0.40,0.45,0.43,0.50,0.83,0.80,0.95,0.65,0.93,0.70,0.96,0.45,0.55,0.65,0.78,0.80,0.40,0.47,0.25,0.65,0.40,0.43,0.45,0.30,0.46,0.50,0.40,0.60,0.40,0.42,0.25,,,,,,,,,,,,,,,,,,,,,,,,,,,,,,0.32,0.20,0.65,0.40,0.33,0.20,0.32,0.33,0.30,0.23,0.43,0.20,0.40,0.33,,0.20,0.45,0.28,0.30,0.30,0.50,0.33,0.30,0.40,0.65,0.35,0.20,0.37,0.27,0.27,0.37,0.42,0.35,0.57,0.25,0.35,0.35,0.37,0.40,0.30,0.60,0.50,0.50,0.35,0.40,0.33,0.47,0.20,0.65,0.53,0.67,1.07,0.65,0.70,0.90,0.57,0.67,0.83,0.45,0.92,0.95,0.73,0.93,0.80,0.57,0.58,0.45,0.35,0.36,0.45,0.20,0.33,0.80,0.60,0.64,1.10,0.53,0.60,0.80,1.20,0.73,0.80,0.88,0.90,0.90,0.65,0.63,0.40,0.50,0.55,0.50,0.60,0.60,0.90,0.73,0.90,0.80,1.00,1.05,1.10,0.63,0.50,0.47,0.47,0.65,0.68,0.58,0.40,0.70,0.50,0.40,,0.20,0.25,0.90,0.60,0.40,0.50,0.40,0.55,,0.70,0.30,0.40,0.40,0.55,0.25,0.40,0.30,0.35,0.55,0.30,0.60,0.20,0.35,0.20,0.20,0.30,0.50,,0.35,0.50,0.45,0.40,0.60,0.45,0.35,0.30,0.30,0.20,0.40,,0.30,,0.55,,0.30,0.50,0.40,0.20,0.40,0.40,0.30,0.40,0.33,0.35,0.30,0.30,0.15,0.25,0.20,0.40,0.10,0.20,0.35,0.40,0.10,0.10,0.40,0.50,,,,0.60,,
20260406,18,CO_24h,0.26,0.33,0.30,0.27,0.25,0.45,0.22,0.30,0.20,0.20,0.30,0.33,0.40,0.37,0.28,0.49,0.40,0.44,0.49,0.64,0.88,0.91,0.75,0.53,0.58,0.72,0.87,0.81,0.70,0.77,0.50,0.68,0.50,0.68,0.59,0.53,0.50,0.90,0.65,0.57,0.55,0.70,0.50,0.55,0.71,0.53,0.45,0.58,0.50,0.50,0.54,1.19,0.63,0.74,0.59,0.47,0.60,0.35,0.47,0.67,0.63,0.77,0.69,0.55,0.65,0.49,0.47,0.46,0.27,0.52,0.50,0.70,0.42,0.36,0.42,0.58,0.47,0.30,0.46,0.38,0.27,0.40,0.70,0.34,0.50,0.60,0.28,0.47,0.54,0.35,0.27,0.40,0.42,0.68,0.27,0.45,1.07,0.73,0.70,0.67,0.70,0.40,0.55,0.60,0.85,0.70,0.87,0.80,0.40,0.70,0.41,0.48,0.45,0.46,0.34,0.86,0.57,0.76,0.44,0.62,0.40,0.53,0.28,0.85,1.00,0.70,0.56,0.35,0.65,0.70,0.50,0.47,0.50,0.73,0.90,1.05,0.60,0.97,0.70,0.84,0.45,0.68,0.73,0.85,0.77,0.57,0.57,0.30,0.65,0.58,0.47,0.40,0.45,0.44,0.50,0.50,0.50,0.66,0.48,0.30,,,,,,,,,,,,,,,,,,,,,,,,,,,,,,0.47,0.50,0.65,0.63,0.33,0.30,0.68,0.33,0.33,0.50,0.47,0.20,0.40,0.28,,0.20,0.50,0.30,0.50,0.35,0.47,0.33,0.30,0.30,0.80,0.35,0.15,0.33,0.23,0.33,0.37,0.40,0.35,0.53,0.40,0.30,0.30,0.58,0.54,0.50,0.90,0.65,0.50,0.50,0.54,0.40,0.50,0.30,1.02,0.33,0.73,0.87,0.60,0.75,0.65,0.57,0.73,0.57,0.55,0.82,0.95,0.70,0.88,0.65,0.68,0.72,0.55,0.47,0.54,0.57,0.40,0.40,0.78,0.63,0.78,0.83,0.63,1.00,0.50,0.80,0.83,0.65,0.88,1.00,1.00,0.65,0.63,0.30,0.60,0.55,0.45,0.67,0.65,0.93,0.77,1.10,0.77,1.00,0.95,1.00,0.80,0.50,0.53,0.68,0.70,0.75,0.63,0.45,0.70,0.55,0.30,,0.30,0.55,0.57,0.70,0.40,0.45,0.55,0.65,,0.85,0.40,0.40,0.50,0.75,0.45,0.50,0.40,0.40,0.60,0.45,0.90,0.35,0.45,0.30,0.30,0.30,0.50,,0.45,0.60,0.53,0.50,0.40,0.45,0.45,0.40,0.40,0.30,0.45,,0.30,,0.55,,0.40,0.60,0.40,0.20,0.30,0.30,0.40,0.30,0.43,0.40,0.35,0.40,0.35,0.30,0.20,0.70,0.15,0.45,0.30,0.55,0.50,,0.40,0.55,,,,0.60,,
20260406,19,AQI,27,35,66,30,46,72,56,28,60,31,56,52,72,51,27,58,26,36,55,88,60,95,59,42,71,54,90,91,55,53,56,51,59,82,32,38,80,86,87,27,18,51,53,41,66,44,17,41,35,29,85,86,47,43,31,32,38,27,42,31,32,35,70,48,40,35,32,35,36,88,63,55,38,47,39,54,34,34,26,26,20,26,22,57,48,66,51,35,65,30,48,39,32,32,28,31,58,31,51,47,37,43,42,38,59,47,48,41,40,56,28,41,53,61,25,27,71,34,40,23,24,83,43,78,71,58,97,75,77,78,80,62,46,85,58,79,37,72,58,89,47,43,28,33,32,38,33,46,27,36,79,83,44,95,89,37,46,38,56,46,,,,,,,,,,,,,,,,,,,,,,,,,,,,,,65,40,36,85,52,52,54,42,34,36,40,24,55,28,,24,33,34,37,47,31,39,24,75,41,60,29,24,66,27,22,32,24,46,35,58,28,69,71,66,79,80,58,63,62,65,66,57,75,104,52,19,16,17,39,51,26,51,24,17,37,37,38,50,75,69,69,58,63,66,43,70,78,89,105,74,93,92,80,103,68,44,24,24,50,15,20,24,24,21,65,55,57,83,80,130,64,98,100,131,44,37,36,22,33,46,64,19,54,34,27,,27,35,50,42,40,43,40,20,,31,38,59,33,65,56,34,51,58,108,31,51,33,32,38,39,42,41,,42,30,68,41,71,72,59,61,40,38,85,,64,,61,,56,62,41,61,52,40,43,41,49,62,72,36,34,41,69,105,95,94,167,52,53,30,61,47,,,,59,,
20260406,19,PM2.5,4,9,23,10,11,43,23,19,12,7,28,21,51,18,12,9,6,25,39,64,17,67,42,11,30,13,67,58,23,18,20,22,19,47,16,22,53,53,55,19,9,26,35,25,20,29,12,23,5,5,37,64,33,22,15,14,19,17,17,12,16,19,51,30,23,20,19,18,5,28,29,20,18,17,24,38,18,11,3,4,9,10,13,18,12,21,15,8,21,3,9,4,6,4,3,5,41,13,32,18,26,15,24,15,42,15,17,21,19,11,11,14,12,23,13,9,7,4,18,15,12,61,28,37,25,41,36,32,30,33,35,21,25,63,41,58,26,50,35,66,24,21,18,11,20,11,23,29,15,15,24,30,13,33,36,16,9,12,10,12,,,,,,,,,,,,,,,,,,,,,,,,,,,,,,26,18,25,30,13,17,15,19,8,10,12,13,34,8,,3,7,3,7,11,13,27,6,8,3,43,20,13,48,7,10,22,17,32,14,41,12,22,19,22,55,59,26,24,19,30,42,15,48,78,34,13,7,11,27,36,18,34,17,5,22,25,23,33,36,27,26,25,26,20,17,29,54,25,39,54,44,52,59,68,28,31,15,17,31,10,3,17,17,13,47,34,36,61,59,99,46,73,75,100,20,26,25,5,7,32,43,11,38,18,7,,3,11,33,29,13,28,28,12,,22,23,38,7,41,32,20,36,41,81,21,24,19,9,3,6,7,13,,3,3,29,13,33,31,25,27,21,10,42,,28,,26,,20,27,14,28,21,20,3,23,21,19,27,12,8,18,16,50,43,45,76,17,17,3,13,13,,,,41,,
20260406,19,PM2.5_24h,4,5,16,6,5,33,9,8,5,7,12,14,25,12,7,11,11,22,30,35,35,45,43,23,31,41,39,44,46,45,31,39,36,35,19,35,33,44,36,30,13,42,35,28,37,27,23,24,13,9,43,66,30,19,15,13,23,17,17,17,17,37,51,31,31,31,32,18,7,31,31,25,22,16,30,30,10,10,3,14,5,8,28,17,12,24,7,11,20,9,6,20,14,11,7,3,45,19,31,21,20,13,19,13,36,22,27,39,22,36,6,19,24,14,6,11,14,11,10,25,30,31,29,40,42,31,40,32,40,36,39,25,23,38,34,33,22,52,35,45,22,35,43,24,25,37,30,27,25,18,33,26,26,34,34,16,11,22,12,11,,,,,,,,,,,,,,,,,,,,,,,,,,,,,,35,34,30,18,9,13,28,11,14,14,17,11,17,8,,4,14,1,9,8,6,20,14,8,9,51,29,18,27,20,14,23,18,26,26,25,9,42,42,29,39,36,32,41,36,39,46,36,33,35,36,23,17,17,30,27,24,26,27,18,22,22,23,29,36,31,29,41,39,34,34,37,33,32,44,39,46,55,41,36,37,29,30,35,36,29,24,23,25,25,43,37,39,51,46,83,41,74,61,71,28,23,37,31,24,35,46,23,29,32,6,,9,21,33,40,18,28,46,34,,44,27,28,9,54,32,20,40,41,80,22,36,28,11,4,4,3,14,,3,5,36,18,30,27,26,27,25,19,29,,21,,25,,27,22,17,28,26,19,5,13,23,34,22,18,16,17,25,52,40,66,70,26,16,2,13,19,,,,42,,
20260406,19,PM10,19,35,81,30,46,93,61,28,69,31,62,54,93,52,14,66,19,,51,126,69,140,60,42,92,57,107,131,60,55,61,52,67,113,32,38,110,121,124,27,18,51,55,41,81,44,17,41,35,29,119,115,45,43,31,32,38,27,42,31,32,35,77,48,40,35,32,26,11,126,75,60,38,47,39,52,34,28,16,14,20,21,22,63,48,82,51,35,80,15,48,39,23,32,9,30,57,31,52,47,28,43,42,38,62,47,48,41,40,61,28,41,55,71,25,27,91,34,40,23,19,87,43,105,92,63,143,100,103,106,109,74,46,90,65,66,30,93,65,97,47,43,28,26,32,38,31,46,27,36,108,115,44,140,127,36,46,38,62,46,,,,,,,,,,,,,,,,,,,,,,,,,,,,,,80,40,34,119,53,53,58,42,34,36,40,18,60,25,,11,21,34,37,47,31,29,24,100,41,54,27,24,,27,22,32,20,43,35,45,28,87,92,82,108,96,66,75,74,80,82,64,100,98,54,17,12,14,29,48,23,52,23,10,37,37,38,50,99,87,88,66,75,82,43,90,105,128,160,97,135,133,96,156,86,41,24,14,50,15,9,19,22,21,71,59,64,84,75,95,59,110,101,131,44,32,36,17,33,44,77,19,57,34,22,,10,28,50,42,40,43,,20,,29,37,67,22,80,61,25,48,53,121,28,52,30,18,6,39,42,21,,13,13,85,41,92,93,67,71,40,34,120,,77,,71,,61,73,36,71,54,40,9,39,49,73,94,30,19,41,88,160,139,138,284,53,56,18,72,47,,,,67,,
20260406,19,PM10_24h,15,23,75,27,25,92,43,16,29,21,43,56,88,57,16,32,28,24,38,70,99,100,99,70,99,112,114,119,110,110,87,91,91,86,37,42,76,106,79,45,27,88,74,40,87,32,30,41,72,49,139,116,43,33,29,28,36,33,38,29,28,49,66,45,49,53,46,32,13,115,83,57,85,57,42,47,23,39,16,28,16,21,29,75,64,101,51,53,89,37,47,86,72,54,30,38,58,27,46,45,21,30,30,35,51,35,38,61,38,121,19,74,108,73,17,20,45,23,23,32,38,36,38,94,106,54,140,128,125,133,147,79,41,59,61,45,25,78,58,59,42,57,76,40,41,69,39,42,39,35,113,92,100,102,119,51,46,83,52,43,,,,,,,,,,,,,,,,,,,,,,,,,,,,,,95,103,35,92,38,67,101,41,71,58,46,24,45,21,,14,49,18,18,42,22,34,31,29,26,50,37,21,30,33,18,31,22,29,42,32,19,100,99,98,87,68,68,89,91,99,81,100,73,82,39,24,23,20,32,47,33,46,48,26,38,36,43,61,141,130,109,135,127,115,105,118,69,101,114,75,97,132,63,76,88,42,45,39,46,32,47,37,34,33,58,58,62,71,65,96,57,119,85,98,55,42,53,62,70,45,84,43,50,49,25,,15,33,45,51,37,45,52,49,,50,43,54,20,97,41,32,55,59,102,31,56,40,19,6,12,17,21,,11,8,76,52,75,75,71,74,51,54,83,,84,,60,,73,63,46,69,64,54,10,46,91,108,85,53,41,44,103,154,112,148,283,75,64,12,58,59,,,,59,,
20260406,19,SO2,3,5,4,4,7,9,4,3,2,3,5,5,10,6,5,7,6,6,8,8,7,7,3,9,13,7,6,5,6,9,7,6,5,11,7,4,10,8,9,6,5,3,5,5,7,4,2,7,6,6,6,9,5,5,5,4,4,4,6,4,5,9,4,7,8,4,4,4,4,7,4,10,7,8,3,5,6,5,12,5,6,9,3,9,9,8,10,8,10,4,5,3,4,7,3,6,17,5,6,4,7,6,6,4,6,3,6,7,3,6,18,8,8,6,6,10,8,7,11,5,5,4,6,9,7,9,22,5,8,10,8,13,6,7,7,7,10,11,6,6,4,7,6,8,7,6,3,5,6,5,6,6,2,7,8,4,12,8,6,9,,,,,,,,,,,,,,,,,,,,,,,,,,,,,,6,1,3,7,4,10,7,9,5,9,6,5,12,4,,5,8,5,5,10,7,3,4,7,9,2,5,7,5,9,9,4,5,7,6,5,8,6,8,9,10,6,5,8,8,10,6,8,6,7,4,4,3,4,4,5,5,6,6,3,7,7,13,15,8,9,6,6,6,7,3,6,11,9,12,12,7,5,11,9,5,7,5,8,6,9,3,6,6,4,10,8,7,10,8,14,9,5,6,6,7,7,8,3,10,7,7,6,9,4,6,,5,4,9,11,3,11,8,2,,6,7,7,9,7,11,5,5,7,11,3,5,6,6,7,9,8,8,,7,6,5,4,8,8,4,11,12,4,10,,5,,8,,4,10,11,12,10,16,5,15,9,11,4,3,10,8,4,5,6,4,2,7,6,5,19,10,,,,8,,
20260406,19,SO2_24h,3,5,3,4,6,7,3,3,3,3,5,5,6,6,6,7,6,6,8,8,10,8,7,9,12,9,9,11,8,12,7,9,6,8,6,5,8,8,8,6,6,4,6,5,8,4,2,7,8,7,7,10,5,4,5,4,5,4,6,4,5,8,5,6,8,5,5,4,4,6,8,12,13,8,4,6,10,6,10,5,6,11,3,11,12,13,9,11,10,6,5,5,8,16,3,6,10,5,5,5,7,6,6,5,5,4,8,6,6,7,7,12,8,7,6,10,9,7,18,6,5,5,6,10,15,7,14,6,12,12,9,15,6,7,6,8,10,12,8,7,4,7,7,10,9,8,3,5,8,6,7,4,4,7,9,13,12,14,6,10,,,,,,,,,,,,,,,,,,,,,,,,,,,,,,8,3,4,8,5,11,9,8,7,16,6,5,9,4,,5,8,6,7,9,7,3,5,7,8,2,4,6,5,9,7,4,5,7,7,5,10,8,10,9,16,8,5,10,8,7,6,9,7,7,5,5,3,4,5,4,7,5,22,4,8,8,10,11,10,12,6,9,9,7,5,7,12,9,13,13,6,10,9,7,7,7,6,10,4,13,4,5,5,4,10,8,6,14,11,19,8,6,9,8,10,8,8,5,8,7,6,6,8,3,5,,6,5,6,9,4,10,6,3,,6,6,7,8,7,10,6,5,6,11,3,6,7,6,7,9,7,8,,8,6,6,21,8,10,10,12,10,5,9,,6,,8,,5,12,10,11,15,13,6,15,9,12,5,4,10,7,3,5,12,5,4,8,6,5,12,9,,,,8,,
20260406,19,NO2,5,14,17,6,17,15,14,6,3,4,17,19,22,10,4,14,14,17,21,25,20,24,7,21,24,16,20,15,14,12,17,13,16,23,45,40,36,16,25,27,32,25,25,21,19,25,11,18,16,17,15,35,15,20,11,6,15,8,11,10,12,12,7,10,22,23,10,7,10,21,13,16,13,11,15,23,9,7,15,10,23,12,16,19,22,20,20,15,21,12,21,13,11,15,12,13,28,9,16,9,23,6,15,4,33,14,15,10,8,15,7,15,15,19,11,13,11,8,22,9,8,14,11,24,18,36,22,11,18,17,16,18,33,31,23,13,18,17,6,13,6,18,9,9,14,6,18,22,10,7,17,23,30,17,20,5,7,8,5,5,,,,,,,,,,,,,,,,,,,,,,,,,,,,,,12,18,27,16,7,9,16,18,13,4,9,9,14,3,,7,6,7,12,7,15,10,11,9,8,8,9,9,8,6,8,9,12,16,10,20,5,21,25,22,14,10,10,17,16,18,17,12,24,16,24,17,11,8,38,19,9,20,11,12,16,18,6,16,13,16,22,22,18,18,13,12,26,16,23,43,19,11,26,41,32,28,11,11,6,6,11,21,11,9,9,11,11,15,14,12,15,6,8,15,21,21,13,15,23,15,39,9,15,6,4,,9,5,16,7,15,8,9,11,,8,6,17,9,8,4,6,5,10,22,7,9,7,7,4,2,4,8,,1,5,21,10,32,31,8,15,3,7,14,,15,,16,,6,6,1,12,2,2,3,11,12,13,13,8,6,7,8,5,1,4,2,7,5,13,11,3,,,,11,,
20260406,19,NO2_24h,7,12,12,5,7,18,11,5,8,6,15,18,20,13,5,13,13,11,15,25,36,35,29,19,27,35,30,25,31,32,21,20,18,29,21,24,22,33,25,21,25,35,25,12,25,16,16,11,19,16,18,51,11,19,12,5,17,7,11,15,12,28,7,7,22,18,12,8,7,35,26,13,21,21,15,14,11,16,13,9,15,17,16,18,16,22,15,16,18,19,15,16,11,17,13,12,24,12,13,7,12,6,10,4,25,12,16,24,12,20,8,17,15,28,7,13,12,13,14,10,9,15,10,39,40,31,24,16,23,15,19,23,25,25,22,9,13,19,10,13,6,20,13,16,16,11,14,19,10,9,25,18,25,17,25,17,18,17,15,13,,,,,,,,,,,,,,,,,,,,,,,,,,,,,,11,16,18,17,11,20,26,13,17,19,9,8,8,5,,9,5,7,10,5,11,9,7,9,9,7,9,8,12,10,12,9,11,15,10,13,5,26,22,19,27,26,12,17,17,20,20,20,20,16,14,13,10,6,20,14,8,14,15,12,15,11,6,17,17,16,21,20,20,20,18,14,20,13,16,29,16,18,20,13,22,19,10,12,6,8,13,7,11,14,23,14,10,20,12,13,14,7,11,13,32,17,14,25,29,14,38,9,20,10,6,,9,11,10,6,10,7,6,9,,7,6,14,9,15,8,7,7,11,17,7,11,12,6,6,4,5,8,,5,5,23,29,14,23,13,28,20,13,18,,10,,14,,15,7,2,3,6,2,9,3,18,23,20,16,25,20,14,33,14,24,7,23,11,5,18,14,,,,6,,
20260406,19,O3,85,89,97,83,74,133,98,87,87,86,105,103,118,108,86,77,84,54,60,122,101,112,125,97,112,111,106,98,116,113,93,116,97,159,62,37,125,146,165,40,31,69,82,38,90,43,38,71,103,88,120,55,54,42,39,43,45,45,47,49,45,57,109,89,41,50,69,111,116,110,111,107,117,137,57,39,108,108,83,82,60,84,28,101,101,119,107,113,121,96,88,109,102,92,89,99,44,43,72,46,18,54,46,52,22,46,43,71,122,115,83,107,122,89,80,72,82,76,74,73,76,76,60,105,110,73,112,121,112,117,107,103,10,35,47,44,27,53,93,84,76,43,85,106,58,80,56,38,48,115,110,93,75,101,98,119,116,101,140,111,,,,,,,,,,,,,,,,,,,,,,,,,,,,,,114,97,17,142,104,109,125,94,103,98,81,78,107,88,,78,106,84,76,73,76,68,62,83,84,70,86,77,75,75,55,57,57,68,81,55,80,103,73,111,118,109,94,100,102,95,88,106,111,133,25,47,50,55,35,38,60,50,60,54,55,52,70,64,116,113,141,85,111,98,108,109,44,114,90,39,113,87,52,28,87,4,52,71,,44,65,25,76,52,51,75,73,110,117,152,57,72,116,185,62,50,54,71,54,56,26,48,56,60,87,,87,111,100,99,49,81,122,42,,44,120,91,106,138,123,110,138,141,132,100,93,104,103,121,108,132,130,,133,96,87,113,54,89,106,115,111,123,101,,116,,64,,93,,131,116,121,91,137,131,120,104,107,115,110,131,129,122,116,114,109,109,94,96,138,128,,,,111,,
20260406,19,O3_24h,85,89,97,83,74,133,98,87,87,86,105,103,118,108,86,77,84,54,60,122,101,112,125,97,112,111,106,98,116,113,93,116,97,159,62,37,125,146,165,40,31,69,82,38,90,43,38,71,103,88,120,55,54,42,39,43,45,45,47,49,45,57,109,89,41,50,69,111,116,110,111,107,117,137,57,39,108,108,83,82,60,84,28,101,101,119,107,113,121,96,88,109,102,92,89,99,44,43,72,46,18,54,46,52,22,46,43,71,122,115,83,107,122,89,80,72,82,76,74,73,76,76,60,105,110,73,112,121,112,117,107,103,10,35,47,44,27,53,93,84,76,43,85,106,58,80,56,38,48,115,110,93,75,101,98,119,116,101,140,111,,,,,,,,,,,,,,,,,,,,,,,,,,,,,,114,97,17,142,104,109,125,94,103,98,81,78,107,88,,78,106,84,76,73,76,68,62,83,84,70,86,77,75,75,55,57,57,68,81,55,80,103,73,111,118,109,94,100,102,95,88,106,111,133,25,47,50,55,35,38,60,50,60,54,55,52,70,64,116,113,141,85,111,98,108,109,44,114,90,39,113,87,52,28,87,4,52,71,,44,65,25,76,52,51,75,73,110,117,152,57,72,116,185,62,50,54,71,54,56,26,48,56,60,87,,87,111,100,99,49,81,122,42,,44,120,91,106,138,123,110,138,141,132,100,93,104,103,121,108,132,130,,133,96,87,113,54,89,106,115,111,123,101,,116,,64,,93,,131,116,121,91,137,131,120,104,107,115,110,131,129,122,116,114,109,109,94,96,138,128,,,,111,,
20260406,19,O3_8h,87,94,92,89,84,124,99,92,89,94,104,102,111,106,97,86,87,67,63,148,112,161,131,107,118,117,141,122,117,119,105,122,115,137,95,68,126,159,169,74,98,79,95,85,110,82,53,79,108,96,159,43,65,49,49,53,56,57,62,59,52,62,116,102,45,64,72,114,124,109,103,114,111,121,67,73,109,104,87,86,88,85,57,120,107,127,112,115,132,97,102,118,109,102,94,105,38,56,102,65,37,52,49,58,23,54,49,91,122,130,98,114,118,100,85,82,88,83,90,77,74,79,68,109,115,99,129,123,128,124,120,113,12,56,57,65,48,56,89,73,67,54,85,109,64,83,69,51,56,114,107,103,104,103,106,116,112,100,123,110,,,,,,,,,,,,,,,,,,,,,,,,,,,,,,113,109,53,124,91,107,122,100,97,97,81,82,112,94,,84,105,88,84,81,88,79,82,88,84,71,86,89,75,74,50,64,64,65,84,65,88,103,89,123,121,110,98,103,111,111,100,111,121,138,75,55,78,68,75,78,77,75,85,52,64,74,77,75,123,126,141,109,116,118,119,109,63,127,108,58,88,78,67,63,111,10,57,64,72,43,53,65,70,30,78,84,93,106,100,162,66,68,110,159,54,64,71,75,64,58,25,58,71,64,81,,94,111,102,96,65,91,117,51,,46,119,108,110,148,123,111,133,135,151,99,107,101,107,112,119,126,126,,127,108,89,110,87,109,102,103,106,113,103,,118,,64,,96,122,124,121,120,97,125,139,116,98,106,113,111,119,114,111,108,95,101,87,88,96,120,113,,,,116,,
20260406,19,O3_8h_24h,87,94,92,89,83,124,99,92,89,94,104,102,111,106,97,85,87,66,63,148,112,159,131,105,118,117,141,122,117,119,104,121,114,137,74,65,126,159,169,59,55,79,95,78,109,66,45,79,107,96,160,43,54,49,48,52,56,54,61,59,52,62,116,101,45,64,72,114,122,109,103,114,111,121,50,42,109,104,87,86,84,85,37,119,107,127,112,115,132,97,101,117,109,101,94,105,37,47,101,62,32,52,46,56,22,51,49,91,121,130,96,114,118,100,85,81,87,83,87,76,74,79,63,109,115,97,129,123,128,124,119,113,12,50,56,65,47,56,89,73,67,54,85,109,59,83,69,49,55,114,107,102,104,103,106,116,112,100,123,110,,,,,,,,,,,,,,,,,,,,,,,,,,,,,,113,109,48,124,91,107,122,99,97,97,81,82,112,92,,82,105,88,84,80,87,77,80,85,83,71,86,86,75,74,50,56,64,64,84,65,87,102,88,123,121,110,98,103,111,111,100,111,121,138,44,52,56,60,50,76,68,64,84,52,60,65,74,75,123,126,141,108,116,117,119,109,59,127,108,57,88,78,67,56,111,10,56,58,72,43,53,41,64,30,78,82,91,106,100,162,66,68,110,159,54,62,66,75,64,58,25,57,71,61,81,,93,111,102,96,49,85,117,46,,46,118,108,110,148,123,111,133,135,151,99,107,101,99,112,115,126,126,,127,108,89,110,87,109,102,103,106,113,103,,118,,64,,96,,124,121,120,97,125,138,116,98,106,113,111,119,114,111,108,95,101,87,88,96,120,113,,,,116,,
20260406,19,CO,0.26,0.35,0.40,0.28,0.30,0.47,0.25,0.30,0.20,0.23,0.32,0.38,0.57,0.33,0.26,0.44,0.37,0.44,0.49,0.78,0.61,0.90,0.58,0.49,0.54,0.50,0.81,0.63,0.54,0.65,0.32,0.50,0.33,0.91,0.66,0.67,0.61,0.88,0.85,0.63,0.60,0.77,0.60,0.70,0.54,0.63,0.33,0.65,0.39,0.44,0.49,0.89,0.66,0.66,0.47,0.47,0.50,0.25,0.33,0.57,0.55,0.47,0.64,0.55,0.63,0.52,0.43,0.39,0.23,0.46,0.33,0.45,0.30,0.34,0.42,0.67,0.37,0.28,0.42,0.35,0.30,0.38,0.53,0.30,0.44,0.57,0.36,0.40,0.56,0.28,0.32,0.40,0.32,0.50,0.23,0.42,0.97,0.60,0.67,0.70,1.00,0.40,0.55,0.60,0.85,0.80,0.90,0.60,0.27,0.60,0.36,0.30,0.50,0.52,0.34,0.68,0.43,0.33,0.48,0.57,0.40,0.53,0.32,0.78,0.47,0.80,0.61,0.35,0.58,0.47,0.50,0.40,0.53,0.87,0.85,1.10,0.70,0.93,0.68,1.00,0.45,0.57,0.60,0.85,0.80,0.57,0.53,0.30,0.57,0.43,0.43,0.50,0.45,0.48,0.60,0.40,0.63,0.40,0.42,0.30,,,,,,,,,,,,,,,,,,,,,,,,,,,,,,0.38,0.20,0.70,0.40,0.37,0.25,0.38,0.40,0.30,0.23,0.47,0.30,0.40,0.33,,0.20,0.45,0.28,0.40,0.35,0.53,0.30,0.30,0.45,0.65,0.35,0.20,0.30,0.30,0.27,0.37,0.35,0.35,0.53,0.30,0.40,0.35,0.37,0.44,0.40,0.55,0.63,0.55,0.35,0.46,0.30,0.45,0.23,0.75,0.50,0.70,1.03,0.70,0.75,0.90,0.60,0.57,0.75,0.50,0.88,0.95,0.75,0.90,0.85,0.58,0.52,0.45,0.35,0.42,0.47,0.20,0.40,0.90,0.57,0.68,1.10,0.55,0.60,1.17,1.30,0.77,0.90,0.90,0.85,0.80,0.65,0.60,0.40,0.50,0.50,0.35,0.60,0.55,0.93,0.80,1.05,0.83,1.00,1.05,1.20,0.67,0.55,0.53,0.47,0.70,0.72,0.55,0.35,0.80,0.50,0.40,,0.25,0.20,0.70,0.63,0.45,0.50,0.45,0.60,,0.70,0.35,0.50,0.40,0.55,0.30,0.50,0.30,0.35,0.70,0.35,0.50,0.20,0.35,0.20,0.15,0.30,0.50,,0.40,0.50,0.45,0.40,0.70,0.50,0.35,0.30,0.30,0.20,0.45,,0.30,,0.55,,0.30,0.50,0.40,0.30,0.30,0.30,0.30,0.40,0.33,0.50,0.30,0.30,0.10,0.30,0.20,0.35,0.10,0.25,0.35,0.40,,0.10,0.40,0.45,,,,0.60,,
20260406,19,CO_24h,0.26,0.34,0.30,0.27,0.25,0.45,0.22,0.30,0.20,0.20,0.30,0.33,0.43,0.38,0.28,0.49,0.39,0.44,0.48,0.65,0.84,0.91,0.75,0.53,0.56,0.70,0.87,0.81,0.70,0.77,0.48,0.68,0.50,0.69,0.60,0.53,0.51,0.90,0.65,0.57,0.55,0.70,0.50,0.55,0.71,0.53,0.45,0.58,0.51,0.49,0.54,1.19,0.61,0.73,0.57,0.47,0.60,0.30,0.47,0.67,0.60,0.77,0.67,0.55,0.65,0.49,0.47,0.46,0.27,0.52,0.50,0.70,0.42,0.37,0.40,0.58,0.47,0.30,0.46,0.38,0.27,0.40,0.70,0.34,0.50,0.60,0.26,0.47,0.54,0.35,0.27,0.40,0.42,0.68,0.27,0.45,1.07,0.70,0.70,0.67,0.70,0.40,0.55,0.57,0.85,0.70,0.83,0.80,0.40,0.70,0.41,0.48,0.45,0.46,0.34,0.84,0.57,0.74,0.44,0.62,0.38,0.53,0.28,0.85,1.00,0.70,0.57,0.35,0.63,0.70,0.50,0.47,0.50,0.70,0.90,1.02,0.60,0.97,0.70,0.84,0.45,0.68,0.73,0.85,0.77,0.57,0.57,0.30,0.65,0.58,0.50,0.40,0.45,0.44,0.50,0.50,0.50,0.66,0.48,0.30,,,,,,,,,,,,,,,,,,,,,,,,,,,,,,0.47,0.40,0.65,0.63,0.33,0.30,0.70,0.33,0.33,0.50,0.47,0.20,0.40,0.28,,0.20,0.50,0.30,0.50,0.35,0.47,0.33,0.30,0.30,0.80,0.35,0.15,0.33,0.23,0.33,0.37,0.40,0.35,0.53,0.40,0.30,0.30,0.58,0.54,0.50,0.88,0.63,0.50,0.50,0.54,0.40,0.50,0.30,0.97,0.33,0.73,0.87,0.60,0.75,0.70,0.53,0.73,0.57,0.55,0.82,0.95,0.70,0.88,0.70,0.68,0.70,0.55,0.47,0.54,0.57,0.40,0.40,0.78,0.67,0.78,0.87,0.63,1.00,0.50,0.90,0.83,0.65,0.87,1.00,1.00,0.70,0.67,0.35,0.55,0.55,0.45,0.67,0.70,0.93,0.73,1.10,0.77,1.00,0.95,1.00,0.80,0.50,0.53,0.68,0.70,0.75,0.63,0.40,0.70,0.55,0.30,,0.30,0.55,0.60,0.70,0.40,0.45,0.55,0.65,,0.85,0.40,0.40,0.50,0.75,0.45,0.50,0.40,0.40,0.65,0.45,0.90,0.35,0.40,0.30,0.30,0.30,0.50,,0.45,0.55,0.53,0.50,0.50,0.45,0.45,0.40,0.40,0.30,0.45,,0.30,,0.55,,0.40,0.60,0.40,0.20,0.30,0.30,0.30,0.30,0.43,0.40,0.40,0.40,0.35,0.35,0.20,0.70,0.15,0.45,0.30,0.55,0.50,,0.40,0.55,,,,0.60,,
20260406,20,AQI,26,32,64,53,46,74,59,32,27,29,58,57,75,54,26,57,24,36,56,81,58,99,49,43,72,54,93,89,52,56,55,51,61,98,39,48,82,85,89,30,21,60,57,43,64,43,19,41,44,30,71,91,61,42,34,32,40,28,43,32,33,35,76,50,42,41,27,34,36,92,65,57,40,51,43,39,37,34,26,24,25,24,25,54,58,75,51,45,77,28,41,37,36,32,27,30,63,31,52,45,36,33,45,40,56,39,43,42,42,56,30,45,56,59,28,49,56,43,33,29,23,74,38,73,68,68,92,77,78,87,82,66,52,85,61,76,40,66,55,99,47,37,27,31,35,32,34,43,25,42,82,81,54,94,96,46,53,44,70,49,,,,,,,,,,,,,,,,,,,,,,,,,,,,,,65,30,49,76,53,54,57,59,40,41,42,22,71,27,,20,32,37,40,42,30,46,22,116,65,55,29,25,66,28,20,29,18,40,30,66,34,70,71,67,78,99,62,61,64,68,67,58,79,81,39,14,16,20,39,52,26,52,30,16,37,40,39,52,72,86,63,60,66,62,65,68,84,83,104,78,94,83,86,92,66,44,24,27,45,19,23,23,30,17,78,52,56,94,75,125,69,95,101,135,44,20,35,24,34,47,67,15,66,37,29,,26,34,53,44,33,41,59,20,,19,44,56,32,66,41,34,64,60,123,31,52,31,34,36,33,38,41,,42,29,70,35,76,71,60,69,43,51,90,,69,,69,,37,71,57,59,52,35,44,59,53,63,69,35,32,43,67,110,98,93,186,50,53,29,63,49,,,,65,,
20260406,20,PM2.5,4,8,23,16,5,43,23,17,7,5,25,24,50,21,11,14,9,25,40,60,15,74,28,11,38,18,69,56,19,24,23,23,21,60,23,26,55,53,63,20,14,36,40,24,19,30,12,29,11,5,39,68,44,22,16,14,20,18,18,13,16,18,56,29,25,22,17,20,6,32,29,32,19,18,30,27,19,12,4,12,17,16,15,18,23,28,16,14,32,6,8,11,10,4,3,3,45,12,31,18,25,14,25,15,39,17,17,21,19,12,12,17,18,22,8,21,11,8,20,20,13,54,26,32,25,49,31,37,31,33,38,29,28,63,43,56,28,48,32,74,26,18,18,13,22,14,20,30,13,21,28,35,17,35,39,19,14,15,14,15,,,,,,,,,,,,,,,,,,,,,,,,,,,,,,29,7,34,24,21,16,21,23,17,13,13,13,35,8,,3,10,6,13,21,10,32,9,11,3,39,20,11,48,8,7,16,12,28,12,48,14,28,22,30,43,74,34,20,22,31,37,19,53,60,27,6,6,14,27,28,18,35,21,5,22,22,23,34,32,39,29,24,30,17,32,25,62,30,40,51,45,49,64,68,27,30,15,19,31,13,4,16,21,12,57,33,34,70,55,95,50,71,76,103,17,10,20,4,11,33,42,8,48,16,3,,3,11,36,31,11,26,42,13,,13,27,33,11,43,29,22,46,43,93,22,30,18,12,6,8,3,18,,3,3,46,15,36,33,30,27,24,19,44,,28,,28,,21,32,13,34,22,18,3,23,29,27,29,12,14,19,23,57,45,41,79,16,16,8,13,17,,,,47,,
20260406,20,PM2.5_24h,4,5,15,7,5,33,9,8,5,7,12,13,26,12,7,11,10,22,31,36,35,46,43,21,31,40,42,45,46,45,31,38,35,36,20,34,34,45,37,30,13,42,35,28,36,27,23,24,12,9,42,66,30,19,15,13,23,17,17,17,17,36,51,31,30,30,31,18,7,31,31,25,21,16,29,29,11,10,3,13,5,8,27,16,11,24,6,11,20,9,6,18,13,9,6,2,45,18,31,20,20,13,20,13,36,22,26,37,22,34,6,18,23,14,6,11,13,11,10,25,28,32,29,39,41,31,39,32,39,36,39,25,23,39,34,34,22,51,35,47,22,35,41,23,25,36,30,27,24,18,33,26,25,33,34,16,11,21,12,11,,,,,,,,,,,,,,,,,,,,,,,,,,,,,,34,32,30,17,9,13,28,11,13,14,16,11,18,8,,4,13,1,8,9,6,20,13,8,9,51,28,17,28,20,13,23,19,26,25,27,9,42,41,29,39,37,31,41,35,38,46,35,34,37,36,22,16,17,30,27,23,27,26,17,21,22,22,29,35,31,29,40,38,33,34,36,34,32,44,39,46,55,42,38,36,29,28,33,36,28,23,22,24,25,44,36,39,52,45,84,40,75,62,73,27,22,36,30,24,35,46,22,30,31,6,,9,21,33,39,17,27,46,33,,42,27,28,9,54,32,20,41,41,80,21,37,28,11,4,4,3,13,,3,5,37,17,30,27,26,27,25,19,29,,22,,25,,27,22,17,28,27,19,5,14,23,33,23,18,16,17,25,54,41,65,70,25,16,2,14,19,,,,42,,
20260406,20,PM10,22,32,78,56,46,98,67,32,16,29,65,64,100,58,15,63,22,26,53,110,65,143,49,43,93,57,93,127,54,61,59,51,72,145,39,48,114,119,128,30,21,70,63,43,77,34,19,41,44,30,91,122,56,42,34,32,40,28,43,32,33,35,74,50,42,41,27,30,13,133,79,64,40,51,39,38,37,34,17,24,25,24,25,57,65,99,52,45,103,19,41,37,36,32,10,23,65,31,53,45,31,33,45,40,62,39,43,42,42,61,30,45,61,68,28,49,62,43,33,27,22,55,38,96,85,77,133,104,105,124,113,81,53,91,71,68,34,79,60,102,47,37,27,29,35,32,34,43,25,42,114,111,58,138,142,46,55,44,89,49,,,,,,,,,,,,,,,,,,,,,,,,,,,,,,80,30,46,102,55,57,63,68,40,41,42,22,91,27,,16,23,37,40,42,30,35,22,182,80,41,22,25,,28,20,29,16,36,30,54,34,89,92,84,105,103,73,72,78,85,83,66,107,97,38,11,7,17,31,54,21,53,24,13,37,40,39,54,94,122,76,70,81,73,79,86,114,115,158,105,137,116,103,134,81,44,24,,45,15,10,20,26,17,59,54,62,104,78,104,67,103,99,136,44,19,35,15,34,46,84,15,71,37,29,,6,28,55,41,33,41,48,20,,18,44,62,23,82,40,26,66,58,134,26,53,31,23,,33,31,21,,10,14,89,35,101,92,69,87,43,52,130,,88,,87,,37,92,64,67,54,35,6,67,55,76,88,32,23,43,83,169,145,135,321,50,55,22,76,49,,,,72,,
20260406,20,PM10_24h,16,23,69,27,25,89,44,17,28,21,43,52,85,55,15,33,27,24,38,71,96,101,94,66,97,110,112,120,108,107,84,88,89,88,37,42,76,107,81,44,27,85,72,39,87,32,29,39,68,47,137,116,43,34,29,28,36,33,39,30,29,48,66,44,48,50,45,32,13,117,83,57,83,56,41,45,23,40,16,27,16,21,28,72,60,98,49,52,87,36,45,83,68,51,29,36,58,28,46,45,21,30,30,35,51,36,38,60,38,117,20,72,105,73,17,20,46,24,24,31,36,36,38,93,105,54,141,124,123,132,144,78,42,59,60,45,25,79,58,61,42,56,73,40,41,65,38,42,38,35,115,93,95,103,122,52,47,80,55,43,,,,,,,,,,,,,,,,,,,,,,,,,,,,,,95,100,36,92,39,63,100,41,67,58,46,24,46,21,,14,46,19,19,42,23,34,30,35,28,50,36,21,30,33,18,31,22,29,41,34,19,100,99,96,87,68,62,88,90,98,80,97,74,82,38,23,22,19,32,46,31,46,46,25,37,36,42,60,136,129,105,131,124,114,102,117,70,102,117,76,98,131,64,78,88,42,42,37,45,31,44,35,33,31,58,58,62,72,64,97,57,120,86,97,55,39,51,58,66,44,83,40,51,47,25,,13,33,46,51,36,45,51,47,,48,43,53,19,96,40,32,55,59,103,30,54,39,19,6,12,16,20,,11,8,77,50,75,77,70,74,50,56,85,,85,,61,,70,62,47,68,65,53,10,47,89,107,86,54,41,45,102,158,114,148,281,74,64,12,59,60,,,,59,,
20260406,20,SO2,3,5,5,4,7,8,3,3,2,3,6,5,7,6,5,7,6,6,8,7,7,7,3,9,11,7,6,5,5,9,7,6,5,10,7,4,9,8,8,6,6,4,5,5,7,4,2,7,6,6,5,8,5,5,5,4,4,4,6,3,5,10,4,6,8,4,4,4,5,7,4,11,6,8,4,5,6,6,8,5,7,10,3,10,9,9,11,9,10,5,4,3,6,6,3,5,15,6,5,4,7,5,6,5,6,4,6,8,4,6,7,10,7,7,6,13,8,7,11,6,5,4,6,8,7,12,18,4,8,11,8,13,6,6,7,7,10,6,5,6,4,6,6,11,8,6,3,5,7,5,5,5,2,7,8,7,13,18,6,9,,,,,,,,,,,,,,,,,,,,,,,,,,,,,,6,2,3,7,5,11,7,9,4,9,7,5,13,7,,6,8,5,5,10,7,3,4,6,8,2,4,8,5,9,9,4,5,8,6,6,8,7,8,11,9,6,6,8,8,8,6,9,6,7,3,4,3,4,4,4,6,5,5,4,7,7,9,11,8,9,5,7,7,6,5,10,10,9,11,10,10,5,15,7,6,8,5,8,6,7,3,6,4,4,10,8,8,11,9,11,8,5,5,6,6,7,7,3,8,7,6,6,10,4,6,,6,3,6,10,3,10,9,3,,5,7,8,8,7,12,5,5,7,11,3,6,7,6,7,9,8,7,,7,5,6,3,7,9,5,12,12,4,10,,4,,8,,4,14,12,12,10,16,5,16,7,14,5,3,9,7,4,5,6,4,2,7,6,5,17,10,,,,8,,
20260406,20,SO2_24h,3,5,3,4,6,8,3,3,3,3,5,5,6,6,6,7,6,6,8,8,10,8,7,9,12,8,9,11,8,12,7,9,6,8,6,5,7,8,8,6,6,4,6,5,8,4,2,7,8,7,7,10,4,4,5,4,5,4,6,4,5,8,5,6,8,5,4,4,4,7,8,12,13,8,4,6,10,6,10,5,6,11,3,11,12,13,9,11,10,6,5,5,8,16,3,6,10,5,5,5,7,6,6,5,5,4,8,6,6,7,7,12,8,7,6,10,9,7,17,6,5,5,6,10,15,7,14,6,11,12,9,15,6,7,6,7,10,12,8,7,4,7,7,10,9,8,3,5,8,6,7,4,3,7,9,13,12,15,6,10,,,,,,,,,,,,,,,,,,,,,,,,,,,,,,8,3,4,8,5,11,9,8,7,16,6,5,9,5,,5,8,6,7,9,8,3,5,7,8,2,4,6,5,9,8,4,5,7,7,5,9,8,10,9,15,8,5,10,8,7,6,9,7,7,5,5,3,4,5,4,7,5,21,4,8,7,10,11,10,12,6,9,9,7,5,7,11,9,13,13,6,10,9,7,7,8,6,10,4,13,4,5,5,4,10,8,7,14,11,19,8,6,8,8,10,8,8,5,8,7,6,6,8,3,6,,6,5,6,10,4,10,6,3,,6,6,7,8,7,10,6,5,6,11,3,6,7,6,7,9,7,8,,8,6,6,21,8,10,10,12,10,5,9,,6,,8,,5,12,10,11,15,14,6,15,9,12,5,4,10,7,3,5,12,5,4,8,6,5,12,9,,,,8,,
20260406,20,NO2,6,17,19,7,14,17,20,5,3,4,19,29,27,19,5,21,17,16,23,21,20,23,7,28,24,17,20,16,14,14,18,13,17,23,54,41,40,14,18,29,36,43,29,26,17,25,15,31,23,19,15,28,16,23,13,6,15,6,12,10,14,13,8,11,23,26,10,8,10,30,17,20,20,13,15,16,15,12,12,23,28,22,14,21,26,32,24,25,22,17,29,18,17,15,14,12,31,9,15,8,23,6,17,4,33,30,15,9,10,17,9,20,24,19,11,24,16,11,23,10,9,16,10,22,18,44,21,14,23,21,20,31,36,27,33,14,17,14,6,18,5,22,10,13,15,8,18,25,12,8,29,24,55,25,36,8,10,19,7,6,,,,,,,,,,,,,,,,,,,,,,,,,,,,,,13,19,35,16,15,14,24,37,31,8,9,10,16,5,,19,6,10,15,31,14,14,9,7,7,7,8,9,9,6,7,7,10,15,9,27,5,31,26,23,12,12,13,17,21,21,18,15,25,14,21,14,10,7,42,24,8,19,10,12,14,16,5,16,15,21,24,27,23,20,19,14,35,15,26,39,18,15,30,24,28,25,11,10,5,6,9,15,7,11,10,13,12,23,17,12,18,7,10,42,21,14,10,12,27,13,48,6,16,6,8,,8,5,15,8,14,8,9,11,,9,6,13,10,10,5,6,7,12,28,7,13,15,7,5,2,5,11,,1,5,29,20,36,32,25,19,5,13,16,,19,,26,,6,11,1,4,9,2,5,16,24,18,17,12,10,9,7,6,2,4,2,7,4,12,12,4,,,,12,,
20260406,20,NO2_24h,7,13,13,5,8,18,11,5,8,6,15,18,20,14,5,12,13,11,16,25,36,35,28,19,27,34,30,25,31,31,21,20,18,28,23,25,22,32,25,22,26,34,25,12,25,17,16,11,19,17,17,50,11,20,12,5,17,6,11,15,12,27,7,7,22,18,12,8,7,35,27,14,21,21,15,14,11,16,13,9,16,17,16,17,16,22,15,16,17,19,15,16,11,17,13,12,24,12,14,7,13,5,11,4,26,13,16,22,12,20,8,17,15,28,7,14,12,13,14,10,9,14,10,38,40,31,23,16,22,15,19,23,26,24,22,9,13,19,10,13,6,21,13,16,16,10,15,18,10,9,25,18,27,17,25,17,18,18,15,13,,,,,,,,,,,,,,,,,,,,,,,,,,,,,,11,16,19,17,11,20,26,14,18,19,9,8,8,5,,9,5,7,10,5,11,9,7,9,9,7,9,8,12,10,13,9,11,15,10,14,4,26,23,19,26,26,11,17,17,20,20,20,20,16,15,13,9,6,21,14,8,14,14,12,14,12,6,17,16,16,21,20,20,20,18,14,20,13,16,29,16,18,21,13,22,19,9,12,6,8,13,8,11,14,22,14,10,20,12,13,14,7,11,15,32,16,14,25,29,13,37,9,20,10,6,,9,11,10,6,10,7,6,9,,7,6,13,8,15,8,7,7,11,17,7,11,11,6,6,4,5,8,,5,5,23,29,15,23,14,27,20,13,17,,11,,15,,15,7,2,3,7,2,9,4,19,24,21,16,25,20,14,33,14,24,7,22,11,5,18,14,,,,6,,
20260406,20,O3,84,78,91,74,76,120,86,86,85,85,99,85,101,91,82,66,78,56,54,106,99,100,132,87,99,107,100,99,110,104,90,110,95,150,53,24,99,132,125,30,14,42,69,26,91,40,34,48,90,81,108,62,53,31,35,40,39,44,40,45,38,50,109,55,38,38,65,109,114,88,101,101,103,133,56,50,98,102,83,64,48,71,29,92,90,89,87,93,112,88,65,94,87,89,85,96,35,39,59,43,12,52,39,49,21,27,40,61,117,105,88,93,99,88,75,58,72,68,67,66,72,73,60,95,101,55,106,121,96,104,96,74,3,37,33,39,21,37,86,66,81,36,80,98,48,68,57,29,40,112,84,74,34,80,71,109,112,82,132,107,,,,,,,,,,,,,,,,,,,,,,,,,,,,,,107,94,5,136,95,99,102,66,76,91,78,69,93,82,,63,101,77,67,49,75,60,63,84,84,64,87,73,73,76,59,57,58,66,83,48,80,89,69,109,114,105,77,99,87,86,84,99,105,128,23,46,51,54,19,24,61,47,56,50,58,51,68,53,105,115,125,71,95,91,85,103,33,107,82,35,109,87,41,32,82,1,52,74,60,34,75,32,87,48,44,69,67,90,103,138,46,62,104,162,64,64,60,76,45,52,14,49,49,61,60,,84,108,97,91,62,78,112,38,,39,118,88,103,133,119,109,135,138,103,99,86,98,108,115,104,123,132,,135,93,61,90,44,82,89,107,104,109,92,,105,,45,,90,,129,118,112,90,141,126,96,93,93,112,101,121,131,119,120,116,107,106,107,92,131,126,,,,98,,
20260406,20,O3_24h,84,78,91,74,76,120,86,86,85,85,99,85,101,91,82,66,78,56,54,106,99,100,132,87,99,107,100,99,110,104,90,110,95,150,53,24,99,132,125,30,14,42,69,26,91,40,34,48,90,81,108,62,53,31,35,40,39,44,40,45,38,50,109,55,38,38,65,109,114,88,101,101,103,133,56,50,98,102,83,64,48,71,29,92,90,89,87,93,112,88,65,94,87,89,85,96,35,39,59,43,12,52,39,49,21,27,40,61,117,105,88,93,99,88,75,58,72,68,67,66,72,73,60,95,101,55,106,121,96,104,96,74,3,37,33,39,21,37,86,66,81,36,80,98,48,68,57,29,40,112,84,74,34,80,71,109,112,82,132,107,,,,,,,,,,,,,,,,,,,,,,,,,,,,,,107,94,5,136,95,99,102,66,76,91,78,69,93,82,,63,101,77,67,49,75,60,63,84,84,64,87,73,73,76,59,57,58,66,83,48,80,89,69,109,114,105,77,99,87,86,84,99,105,128,23,46,51,54,19,24,61,47,56,50,58,51,68,53,105,115,125,71,95,91,85,103,33,107,82,35,109,87,41,32,82,1,52,74,60,34,75,32,87,48,44,69,67,90,103,138,46,62,104,162,64,64,60,76,45,52,14,49,49,61,60,,84,108,97,91,62,78,112,38,,39,118,88,103,133,119,109,135,138,103,99,86,98,108,115,104,123,132,,135,93,61,90,44,82,89,107,104,109,92,,105,,45,,90,,129,118,112,90,141,126,96,93,93,112,101,121,131,119,120,116,107,106,107,92,131,126,,,,98,,
20260406,20,O3_8h,88,94,93,89,84,128,99,92,89,95,105,104,113,106,97,86,87,67,63,149,113,163,132,108,119,117,141,122,120,119,105,122,115,143,95,68,127,165,173,74,98,79,96,85,110,82,51,79,108,96,161,48,65,49,49,53,57,57,62,59,52,64,118,102,45,65,73,114,124,110,106,115,112,127,67,73,109,106,87,86,88,85,57,120,107,127,112,116,132,97,102,118,109,102,94,105,39,56,102,65,37,52,49,58,24,54,49,91,122,130,98,114,118,100,85,82,88,83,90,77,75,80,68,110,118,99,129,126,128,124,120,113,12,56,58,65,48,57,92,77,70,55,86,109,64,83,69,51,56,115,107,103,104,104,106,117,114,101,129,112,,,,,,,,,,,,,,,,,,,,,,,,,,,,,,114,109,53,128,93,108,123,91,97,97,81,82,112,94,,84,105,88,84,81,88,79,82,88,84,71,86,89,77,75,52,64,64,65,84,65,88,103,89,123,122,112,101,103,111,111,100,112,122,140,75,55,78,68,75,78,77,75,85,52,64,74,77,75,124,127,143,109,116,118,119,111,63,127,108,58,96,81,67,63,111,10,57,65,73,43,57,63,70,33,78,84,93,109,104,164,66,72,114,166,58,64,71,78,65,60,25,59,71,64,82,,94,112,103,99,65,91,118,51,,47,119,108,110,148,123,111,134,136,151,99,115,104,107,117,119,126,128,,129,108,90,110,87,109,103,106,108,116,103,,118,,65,,96,122,126,122,120,97,130,139,117,102,106,115,113,122,120,121,112,104,105,94,93,96,125,118,,,,116,,
20260406,20,O3_8h_24h,88,93,93,87,82,128,98,92,89,94,105,103,113,105,96,83,87,63,62,147,113,158,131,103,118,116,138,120,120,117,104,120,113,143,72,61,126,165,173,57,49,76,95,72,107,63,42,76,107,95,160,48,55,49,46,50,56,52,58,58,50,64,118,97,45,63,73,113,121,109,106,115,112,127,50,42,109,106,87,84,80,83,36,118,106,126,111,114,130,96,97,115,106,99,93,105,39,46,98,59,30,52,47,55,23,47,47,88,121,127,95,112,118,99,84,78,86,81,85,75,75,80,62,110,118,91,127,126,125,124,117,110,10,49,56,64,45,57,92,77,70,55,86,107,58,80,68,47,54,115,105,99,96,104,104,117,114,100,129,111,,,,,,,,,,,,,,,,,,,,,,,,,,,,,,114,109,41,128,92,108,122,96,97,97,81,80,112,90,,79,105,87,82,76,85,74,77,85,84,70,86,83,77,75,52,56,63,65,83,63,85,101,86,123,122,112,98,103,108,109,97,112,121,140,40,51,54,59,44,70,67,61,81,51,60,64,74,72,123,127,143,105,116,114,115,111,55,126,105,54,96,81,64,50,109,8,57,61,73,43,57,38,67,33,77,80,87,109,104,164,64,72,114,166,58,63,67,78,64,60,22,57,71,60,82,,92,112,103,99,51,83,118,46,,47,118,106,109,146,123,110,134,136,151,99,109,104,99,117,113,126,128,,129,108,90,107,84,107,103,106,108,116,103,,118,,65,,96,,126,122,120,95,130,136,116,102,106,115,113,122,120,121,112,104,105,94,93,96,125,118,,,,116,,
20260406,20,CO,0.27,0.35,0.42,0.38,0.30,0.50,0.30,0.30,0.20,0.23,0.35,0.40,0.58,0.40,0.26,0.50,0.38,0.42,0.51,0.64,0.58,0.87,0.55,0.50,0.54,0.52,0.96,0.64,0.54,0.68,0.34,0.48,0.38,0.99,0.70,0.73,0.66,0.88,0.70,0.63,0.65,0.93,0.60,0.70,0.53,0.63,0.33,0.75,0.43,0.41,0.46,0.84,0.72,0.65,0.50,0.47,0.47,0.25,0.37,0.57,0.50,0.47,0.73,0.52,0.65,0.57,0.40,0.40,0.25,0.56,0.33,0.50,0.34,0.36,0.45,0.57,0.40,0.28,0.45,0.50,0.40,0.42,0.50,0.30,0.50,0.70,0.32,0.48,0.60,0.35,0.30,0.35,0.44,0.48,0.23,0.42,0.97,0.57,0.67,0.70,0.95,0.35,0.60,0.60,0.75,0.90,0.77,0.55,0.27,0.60,0.40,0.40,0.53,0.54,0.36,1.02,0.47,0.38,0.46,0.63,0.40,0.53,0.35,0.73,0.47,1.06,0.58,0.38,0.58,0.53,0.55,0.55,0.57,0.83,0.88,1.02,0.65,0.93,0.68,1.06,0.45,0.55,0.57,0.80,0.80,0.37,0.53,0.35,0.60,0.47,0.53,0.60,0.60,0.54,0.60,0.40,0.53,0.48,0.42,0.30,,,,,,,,,,,,,,,,,,,,,,,,,,,,,,0.40,0.30,0.75,0.37,0.43,0.35,0.47,0.55,0.40,0.25,0.47,0.30,0.50,0.30,,0.25,0.45,0.30,0.40,0.40,0.53,0.33,0.30,0.40,0.65,0.35,0.20,0.30,0.27,0.30,0.37,0.35,0.30,0.53,0.30,0.45,0.35,0.43,0.42,0.50,0.55,0.65,0.60,0.35,0.48,0.27,0.42,0.27,0.80,0.40,0.70,0.87,0.70,0.70,1.00,0.70,0.60,0.70,0.50,0.88,0.95,0.75,0.88,0.90,0.58,0.62,0.50,0.45,0.48,0.53,0.40,0.43,1.00,0.60,0.68,0.90,0.63,0.60,1.03,1.20,0.73,0.80,0.85,0.75,0.80,0.65,0.50,0.50,0.50,0.50,0.35,0.60,0.60,1.07,0.83,1.00,0.87,1.00,1.05,1.20,0.63,0.45,0.47,0.43,0.60,0.70,0.65,0.30,0.80,0.45,0.40,,0.25,0.25,0.53,0.63,0.35,0.50,0.60,0.60,,0.70,0.35,0.40,0.45,0.60,0.30,0.40,0.40,0.40,0.80,0.40,0.60,0.20,0.35,0.20,0.15,0.30,0.60,,0.40,0.55,0.50,0.43,0.90,0.55,0.45,0.35,0.30,0.25,0.60,,0.35,,0.65,,0.30,0.50,0.40,0.20,0.30,0.30,0.30,0.40,0.43,1.00,0.35,0.40,0.15,0.30,0.20,0.40,0.10,0.25,0.30,0.40,0.10,0.10,0.40,0.45,,,,0.65,,
20260406,20,CO_24h,0.26,0.34,0.30,0.27,0.25,0.45,0.22,0.30,0.20,0.20,0.30,0.33,0.45,0.38,0.28,0.47,0.38,0.42,0.48,0.65,0.83,0.91,0.75,0.53,0.56,0.70,0.89,0.79,0.70,0.78,0.48,0.68,0.47,0.70,0.60,0.53,0.51,0.88,0.65,0.57,0.55,0.70,0.50,0.55,0.71,0.53,0.45,0.58,0.51,0.49,0.54,1.14,0.61,0.72,0.57,0.47,0.60,0.30,0.47,0.67,0.60,0.77,0.67,0.53,0.64,0.50,0.47,0.45,0.27,0.52,0.50,0.70,0.42,0.37,0.40,0.58,0.47,0.30,0.44,0.38,0.27,0.40,0.70,0.33,0.50,0.63,0.26,0.47,0.54,0.35,0.27,0.40,0.42,0.66,0.27,0.43,1.07,0.70,0.70,0.67,0.70,0.40,0.55,0.53,0.85,0.70,0.83,0.80,0.40,0.70,0.41,0.47,0.45,0.46,0.34,0.86,0.57,0.74,0.44,0.62,0.36,0.53,0.30,0.87,0.97,0.72,0.57,0.38,0.62,0.70,0.50,0.45,0.50,0.67,0.90,1.02,0.60,0.97,0.72,0.84,0.45,0.68,0.73,0.85,0.80,0.53,0.57,0.30,0.70,0.55,0.50,0.45,0.45,0.44,0.50,0.50,0.50,0.66,0.48,0.30,,,,,,,,,,,,,,,,,,,,,,,,,,,,,,0.47,0.40,0.65,0.63,0.33,0.30,0.70,0.33,0.33,0.50,0.47,0.20,0.40,0.28,,0.20,0.50,0.28,0.50,0.35,0.47,0.33,0.30,0.30,0.80,0.35,0.15,0.33,0.23,0.30,0.37,0.40,0.35,0.53,0.35,0.30,0.30,0.57,0.54,0.50,0.85,0.63,0.50,0.50,0.54,0.40,0.50,0.33,0.92,0.33,0.73,0.90,0.55,0.75,0.70,0.57,0.73,0.57,0.55,0.82,0.95,0.67,0.88,0.70,0.68,0.70,0.55,0.47,0.52,0.57,0.40,0.40,0.80,0.63,0.78,0.87,0.60,1.00,0.57,0.90,0.83,0.65,0.87,1.00,1.00,0.70,0.67,0.35,0.55,0.55,0.45,0.67,0.68,0.93,0.73,1.10,0.77,1.00,0.95,1.00,0.80,0.50,0.53,0.68,0.70,0.72,0.63,0.40,0.70,0.50,0.30,,0.30,0.50,0.60,0.67,0.40,0.45,0.55,0.65,,0.85,0.40,0.40,0.50,0.75,0.45,0.50,0.40,0.40,0.65,0.40,0.90,0.35,0.40,0.30,0.25,0.30,0.50,,0.45,0.55,0.53,0.50,0.50,0.45,0.45,0.40,0.40,0.30,0.45,,0.30,,0.55,,0.40,0.60,0.40,0.20,0.30,0.30,0.40,0.30,0.43,0.45,0.40,0.40,0.35,0.35,0.20,0.75,0.15,0.45,0.30,0.55,0.50,,0.40,0.55,,,,0.60,,
20260406,21,AQI,26,35,64,76,45,75,68,27,26,26,58,61,77,57,25,60,25,30,63,70,57,95,44,38,69,56,88,76,55,58,56,50,68,99,56,41,87,100,94,33,49,61,61,45,63,41,19,51,47,26,67,91,64,40,36,32,38,36,41,34,33,35,74,52,42,44,25,34,34,94,63,56,44,46,63,43,32,33,26,32,31,36,25,51,56,65,40,54,69,27,35,46,45,28,24,28,68,29,55,43,31,30,44,40,53,52,43,43,48,64,24,55,61,63,26,54,56,57,35,33,22,78,51,68,64,71,91,70,72,87,79,71,56,85,64,79,46,56,55,105,46,34,32,34,37,32,37,49,32,42,84,83,59,89,101,44,58,56,79,53,,,,,,,,,,,,,,,,,,,,,,,,,,,,,,70,40,53,75,56,66,59,67,57,58,40,28,62,36,,21,30,46,50,47,43,50,26,99,88,50,30,21,58,24,20,25,18,43,25,66,23,68,69,71,76,76,63,56,68,72,67,60,74,88,29,13,15,26,33,54,21,50,33,17,40,43,38,54,75,79,68,67,69,63,72,66,85,78,103,80,93,84,84,97,58,45,24,26,55,29,24,16,35,15,65,52,54,114,71,114,80,101,105,148,44,18,28,24,36,44,66,15,70,28,27,,25,32,55,44,23,48,63,22,,19,44,52,31,67,47,34,69,65,125,30,58,31,32,46,33,37,38,,39,28,73,41,71,76,63,62,52,66,86,,67,,56,,40,68,46,59,61,36,41,59,58,66,70,46,49,49,75,128,97,91,179,56,31,27,65,53,,,,63,,
20260406,21,PM2.5,5,8,28,27,11,43,30,15,5,5,29,24,42,21,8,17,9,21,45,51,13,71,17,9,37,23,65,44,21,28,27,21,27,60,38,28,62,75,70,22,33,36,44,22,19,29,12,36,14,5,34,68,46,20,16,13,21,18,17,14,16,18,54,29,25,21,13,20,7,37,32,35,17,20,45,30,16,13,4,18,14,19,16,19,21,26,9,24,31,8,7,15,15,4,5,3,49,13,31,18,22,13,21,15,33,19,17,21,23,23,8,23,21,22,7,26,15,15,16,23,12,57,36,29,26,52,34,31,28,35,39,28,31,63,41,58,32,31,29,79,27,14,22,13,23,19,24,34,14,19,33,42,27,38,45,19,21,26,25,22,,,,,,,,,,,,,,,,,,,,,,,,,,,,,,31,17,37,24,26,31,25,32,25,22,14,15,25,6,,8,12,3,19,22,15,35,16,8,5,35,21,11,41,7,4,11,9,23,12,48,13,29,23,34,36,56,37,19,24,33,33,20,43,65,20,6,7,18,23,30,15,29,23,4,21,22,18,38,36,36,31,31,33,24,33,26,62,31,36,54,41,44,62,67,23,25,16,18,39,20,8,8,21,10,47,29,34,86,52,86,59,76,79,113,17,7,19,3,10,31,42,8,51,12,7,,3,12,35,31,9,23,45,14,,13,27,22,12,48,33,16,50,47,95,20,38,22,14,6,6,7,22,,3,3,49,19,31,34,29,29,29,21,42,,30,,29,,20,35,25,36,21,18,3,20,32,35,31,26,27,21,23,70,48,42,82,18,16,12,21,20,,,,44,,
20260406,21,PM2.5_24h,4,6,14,7,5,32,10,9,5,7,13,11,26,13,7,10,9,22,31,37,35,48,43,19,31,40,43,46,46,45,31,37,34,37,20,33,35,47,38,30,15,41,36,28,36,27,22,25,11,8,41,65,31,19,16,13,23,17,17,17,17,34,51,31,30,30,30,18,6,32,31,24,21,16,30,29,11,10,3,13,5,9,27,14,10,24,6,11,19,8,5,17,13,8,6,2,45,19,32,20,20,13,20,13,36,22,26,35,22,33,7,18,22,15,6,11,13,11,10,24,27,33,29,39,41,32,39,31,38,35,38,25,23,39,34,34,23,51,35,48,22,34,40,23,25,34,29,27,24,18,33,27,24,33,35,17,11,21,13,11,,,,,,,,,,,,,,,,,,,,,,,,,,,,,,34,31,31,17,10,13,27,12,12,14,15,11,18,7,,5,12,1,8,9,6,20,13,8,8,51,27,16,28,20,13,22,18,27,24,28,9,42,41,29,39,38,31,40,35,38,46,34,34,38,35,21,15,16,30,26,23,27,26,16,21,22,22,28,35,31,29,39,38,32,33,36,35,32,44,39,46,54,42,39,36,29,26,32,35,27,22,21,24,24,43,36,39,53,44,85,41,75,62,75,27,21,35,28,23,34,46,20,31,30,6,,8,21,34,39,16,27,46,31,,41,26,27,9,54,32,19,40,41,80,21,37,27,11,4,4,3,13,,3,5,36,17,30,27,26,26,26,19,30,,23,,25,,26,22,18,28,27,19,5,14,23,33,24,18,17,17,24,55,41,61,70,25,16,2,14,19,,,,42,,
20260406,21,PM10,26,35,77,101,45,100,86,26,13,21,65,71,104,63,12,70,23,23,58,89,64,130,44,38,87,61,87,102,59,66,61,50,85,148,61,41,124,145,135,33,49,71,70,45,75,31,19,46,47,26,83,119,61,40,36,32,38,36,41,34,33,35,73,53,42,44,25,34,21,137,76,62,44,46,51,43,32,33,20,32,31,36,25,52,62,79,40,57,87,27,35,46,45,28,13,17,70,29,59,43,31,30,44,40,55,54,43,43,48,78,24,59,71,75,26,57,61,63,35,29,21,58,44,85,78,90,131,89,93,123,108,91,62,87,78,63,39,61,60,97,46,34,32,34,37,32,37,49,32,42,118,115,67,128,151,44,65,61,108,56,,,,,,,,,,,,,,,,,,,,,,,,,,,,,,89,40,48,100,61,81,67,84,64,65,40,28,73,36,,21,24,46,50,47,43,40,26,148,126,,22,21,39,24,16,25,13,43,23,53,23,86,88,92,101,102,75,62,86,94,83,69,97,98,23,10,12,22,22,57,21,50,31,17,40,43,38,56,100,108,85,83,87,75,93,82,120,106,156,110,136,118,102,143,65,45,24,,42,,12,16,35,15,63,54,58,106,77,98,87,99,101,138,44,18,28,15,36,44,82,15,76,28,27,,7,27,60,38,18,48,63,22,,17,44,53,26,84,36,31,69,57,140,26,66,26,24,46,33,23,24,,11,13,96,41,92,102,75,73,53,82,121,,83,,61,,40,85,46,67,71,36,7,68,65,82,90,46,49,49,99,206,143,131,308,61,27,27,80,55,,,,75,,
20260406,21,PM10_24h,16,23,64,30,26,86,45,17,28,21,43,49,83,54,15,35,25,23,38,72,95,102,91,62,94,107,110,120,105,105,82,85,88,89,37,41,77,108,82,43,28,82,71,39,86,32,28,38,64,45,135,116,43,34,30,29,37,34,40,30,30,46,66,44,47,48,44,32,12,120,83,57,81,56,41,45,23,40,15,26,16,22,28,68,55,94,47,50,85,34,43,79,64,48,27,35,58,28,47,46,21,31,32,35,51,38,39,58,38,114,20,71,101,74,18,21,47,26,25,30,35,36,39,92,103,54,141,119,120,132,141,77,42,59,60,45,26,78,58,63,42,55,70,39,40,61,37,41,37,35,116,95,90,104,126,54,48,77,57,44,,,,,,,,,,,,,,,,,,,,,,,,,,,,,,94,96,36,90,40,62,99,42,64,58,45,23,45,22,,14,44,20,20,43,23,33,30,40,32,50,35,20,30,33,17,31,21,29,40,35,19,99,98,94,88,69,61,87,89,96,80,95,74,83,38,21,21,19,31,45,30,47,43,24,37,35,41,58,132,127,101,128,122,112,100,115,72,101,120,77,99,131,65,81,87,42,39,36,44,30,42,33,33,30,58,57,63,72,63,97,58,121,86,99,54,37,48,54,62,43,82,37,52,44,24,,13,33,46,50,34,44,51,44,,46,43,52,19,96,40,32,55,59,103,30,54,38,19,7,13,16,20,,11,8,78,49,74,78,70,73,51,58,87,,86,,61,,68,63,47,67,66,53,10,49,89,105,86,54,41,45,103,163,116,148,271,73,63,12,61,60,,,,59,,
20260406,21,SO2,3,6,5,6,8,6,4,3,2,3,6,7,6,6,5,7,6,6,8,6,6,6,3,8,10,7,6,5,5,9,7,6,5,10,8,5,9,8,7,6,6,3,5,4,7,4,2,7,6,7,6,8,5,5,5,6,4,4,6,4,5,10,5,6,7,4,3,4,5,7,5,13,7,9,4,5,6,6,8,5,9,10,3,10,9,9,13,10,10,5,4,4,6,6,3,6,11,6,7,3,7,6,6,5,6,6,5,8,5,7,6,10,7,8,7,14,8,7,7,5,5,4,6,8,7,12,17,4,8,11,7,13,6,7,7,8,9,4,6,6,3,6,6,15,8,6,3,5,7,5,5,5,3,6,8,8,12,13,6,9,,,,,,,,,,,,,,,,,,,,,,,,,,,,,,6,2,4,7,5,12,7,10,6,9,6,5,16,12,,5,8,6,8,10,8,3,4,7,7,2,5,6,6,8,9,4,5,7,5,5,9,7,8,12,9,6,5,8,8,7,7,8,6,6,3,4,3,4,4,4,6,4,6,4,7,6,7,9,8,9,5,7,11,6,6,8,10,9,12,12,7,5,7,7,5,7,5,8,6,6,3,6,8,4,8,7,9,12,14,11,9,5,5,6,5,7,7,3,7,7,6,6,9,4,6,,5,5,8,13,3,10,8,2,,5,7,8,7,6,13,5,5,7,10,3,7,6,6,7,9,8,12,,8,5,6,5,7,8,17,12,19,4,9,,5,,8,,4,19,11,11,17,15,6,17,8,14,6,3,10,6,3,5,7,3,3,7,6,5,12,7,,,,9,,
20260406,21,SO2_24h,3,5,3,4,6,8,3,3,3,3,5,5,6,6,6,7,6,6,8,8,9,8,7,9,12,8,8,11,8,12,7,9,6,8,6,5,8,8,8,6,6,4,6,5,8,4,2,7,7,7,7,9,4,4,5,4,5,4,6,4,5,8,5,6,8,4,4,4,4,7,8,12,13,8,4,6,10,6,10,5,7,11,3,11,12,13,10,10,10,6,5,5,7,15,3,6,10,5,5,5,7,6,6,5,5,4,8,6,6,7,7,12,8,7,6,10,9,7,17,6,5,4,6,10,15,7,15,6,11,12,9,15,6,7,6,7,10,12,8,7,4,7,7,10,9,8,3,5,8,6,7,4,3,7,9,13,12,15,6,10,,,,,,,,,,,,,,,,,,,,,,,,,,,,,,8,3,4,8,5,11,9,8,7,16,6,5,9,5,,5,8,6,7,9,8,3,5,7,8,2,4,6,5,9,8,4,5,7,7,5,8,8,10,10,15,7,5,10,8,7,6,9,6,7,5,4,3,4,4,4,7,5,20,4,8,7,10,11,10,12,6,9,9,7,5,7,11,8,13,13,6,9,9,7,7,8,6,10,4,13,4,5,5,4,10,8,7,14,11,19,8,6,8,8,10,8,8,5,8,7,6,6,8,3,6,,6,5,6,10,4,10,6,3,,6,6,7,8,7,10,6,5,6,11,3,6,7,6,7,9,7,8,,8,6,6,21,8,10,10,12,11,5,9,,6,,8,,5,13,10,11,15,15,6,15,9,13,5,4,10,7,3,5,12,5,4,8,6,5,12,9,,,,8,,
20260406,21,NO2,8,15,20,11,13,23,30,5,4,5,21,43,32,23,5,36,16,13,23,18,20,21,8,25,25,17,21,16,15,15,20,14,17,21,51,43,43,17,18,31,31,51,40,25,19,27,14,42,31,20,17,20,13,23,14,6,16,6,13,10,11,12,10,12,24,24,9,10,10,41,22,28,32,19,16,17,23,16,11,26,26,40,12,23,25,31,21,37,21,23,25,25,20,15,15,14,33,10,21,9,24,5,15,3,28,37,17,8,15,21,7,30,27,23,12,31,24,30,22,11,10,16,10,20,19,46,22,15,24,18,19,37,36,25,41,17,21,10,6,20,5,19,12,13,17,11,30,40,12,9,37,42,70,30,61,12,12,39,7,17,,,,,,,,,,,,,,,,,,,,,,,,,,,,,,14,21,36,16,18,26,32,37,52,50,11,9,16,8,,20,6,10,21,39,20,18,7,7,7,6,8,11,9,6,6,6,12,13,9,27,7,33,25,25,20,11,14,15,27,27,20,18,21,14,22,14,10,8,39,25,7,18,12,11,15,17,5,27,19,21,24,36,25,19,17,14,36,16,25,34,16,14,22,28,23,20,12,9,6,8,8,10,8,9,10,11,13,24,16,11,28,14,10,17,24,15,12,10,22,10,51,7,16,4,8,,7,6,16,8,10,7,12,9,,9,5,13,10,21,7,6,7,15,28,7,19,15,6,5,1,5,19,,1,5,33,36,25,26,27,23,7,11,14,,21,,16,,6,20,2,2,20,2,9,25,40,28,28,24,25,16,9,12,4,7,4,10,5,12,19,7,,,,8,,
20260406,21,NO2_24h,7,13,13,5,8,18,12,5,8,6,15,19,20,14,5,13,13,11,16,24,35,35,27,19,26,34,30,25,31,29,20,19,18,27,24,26,22,32,24,23,27,33,25,13,26,17,16,12,19,17,17,49,11,20,12,4,17,6,11,14,12,26,7,7,21,18,12,8,7,35,27,15,22,21,15,15,12,16,13,10,16,18,16,17,16,22,15,17,16,19,16,16,11,16,13,12,25,12,14,7,13,5,11,4,26,14,16,21,12,19,8,18,15,28,7,14,13,13,14,10,9,14,10,37,38,31,23,16,22,15,18,23,26,24,22,10,13,18,10,13,6,21,13,15,16,10,15,17,10,9,25,18,28,17,28,17,18,19,14,13,,,,,,,,,,,,,,,,,,,,,,,,,,,,,,11,17,19,16,12,20,27,15,20,21,9,8,9,5,,10,5,7,10,7,12,9,7,9,9,7,9,8,12,10,12,9,11,15,10,15,4,26,23,19,25,25,11,17,17,20,19,20,20,17,15,13,9,6,22,14,8,14,13,12,14,12,6,17,16,16,21,21,20,20,18,14,21,13,17,30,16,18,22,13,23,19,9,12,6,8,13,8,11,13,21,14,10,20,12,13,15,7,11,15,32,16,14,23,26,12,37,9,19,10,6,,9,11,10,6,10,7,6,9,,8,6,13,8,15,8,7,7,11,17,7,11,11,6,5,4,5,9,,5,5,23,30,15,23,15,27,20,13,17,,11,,15,,15,8,2,3,7,2,9,4,19,24,21,16,25,20,14,32,14,23,7,22,10,4,19,14,,,,6,,
20260406,21,O3,79,77,88,62,74,104,70,85,84,83,91,64,84,79,81,48,79,62,50,108,100,102,129,84,88,100,100,105,109,99,85,105,92,124,58,17,89,110,105,21,64,23,37,10,92,36,34,34,76,77,101,71,58,26,31,38,34,41,36,42,38,48,101,46,31,42,62,104,109,66,85,91,82,119,55,47,80,92,82,53,51,47,29,87,86,82,72,68,101,76,63,83,76,83,78,89,19,37,39,41,8,50,37,49,23,17,34,61,108,98,75,75,85,84,72,48,58,41,65,63,70,68,61,90,94,47,103,110,87,104,91,55,1,55,23,32,13,40,80,55,83,35,71,96,45,56,37,9,44,107,68,44,10,60,32,93,96,58,113,88,,,,,,,,,,,,,,,,,,,,,,,,,,,,,,100,93,2,127,83,75,75,62,35,38,71,69,87,78,,52,97,76,57,34,64,54,62,88,84,59,86,67,69,77,63,55,57,67,79,48,69,83,69,96,92,103,69,100,75,81,79,88,108,110,18,42,48,50,13,18,61,48,49,51,54,43,63,32,90,100,108,55,89,86,85,97,24,95,81,32,112,92,49,26,93,5,48,78,54,29,78,43,86,42,41,68,65,74,96,131,30,40,91,152,63,55,53,78,46,54,7,47,43,68,50,,81,101,92,83,75,74,100,39,,42,111,82,98,111,108,110,129,131,92,97,75,93,102,111,101,118,121,,125,88,46,68,41,91,79,94,96,103,92,,99,,53,,85,101,123,117,103,83,130,113,71,75,72,92,73,103,124,107,118,114,100,100,100,84,111,97,,,,93,,
20260406,21,O3_24h,79,77,88,62,74,104,70,85,84,83,91,64,84,79,81,48,79,62,50,108,100,102,129,84,88,100,100,105,109,99,85,105,92,124,58,17,89,110,105,21,64,23,37,10,92,36,34,34,76,77,101,71,58,26,31,38,34,41,36,42,38,48,101,46,31,42,62,104,109,66,85,91,82,119,55,47,80,92,82,53,51,47,29,87,86,82,72,68,101,76,63,83,76,83,78,89,19,37,39,41,8,50,37,49,23,17,34,61,108,98,75,75,85,84,72,48,58,41,65,63,70,68,61,90,94,47,103,110,87,104,91,55,1,55,23,32,13,40,80,55,83,35,71,96,45,56,37,9,44,107,68,44,10,60,32,93,96,58,113,88,,,,,,,,,,,,,,,,,,,,,,,,,,,,,,100,93,2,127,83,75,75,62,35,38,71,69,87,78,,52,97,76,57,34,64,54,62,88,84,59,86,67,69,77,63,55,57,67,79,48,69,83,69,96,92,103,69,100,75,81,79,88,108,110,18,42,48,50,13,18,61,48,49,51,54,43,63,32,90,100,108,55,89,86,85,97,24,95,81,32,112,92,49,26,93,5,48,78,54,29,78,43,86,42,41,68,65,74,96,131,30,40,91,152,63,55,53,78,46,54,7,47,43,68,50,,81,101,92,83,75,74,100,39,,42,111,82,98,111,108,110,129,131,92,97,75,93,102,111,101,118,121,,125,88,46,68,41,91,79,94,96,103,92,,99,,53,,85,101,123,117,103,83,130,113,71,75,72,92,73,103,124,107,118,114,100,100,100,84,111,97,,,,93,,
20260406,21,O3_8h,88,94,94,89,84,128,99,92,89,95,105,104,113,106,97,86,87,67,63,149,113,163,132,108,119,117,141,122,120,119,105,122,115,146,95,68,127,165,173,74,98,79,96,85,110,82,51,79,108,96,161,52,65,49,49,53,57,57,62,59,52,65,118,102,46,65,74,114,124,110,106,115,112,128,67,73,109,106,87,86,88,85,57,120,107,127,112,116,132,97,102,118,109,102,94,105,40,56,102,65,37,53,51,58,24,54,49,91,122,130,98,114,118,100,85,82,88,83,90,77,75,80,68,111,118,99,129,127,128,124,120,113,12,56,58,65,48,58,92,79,72,55,86,109,64,83,69,51,56,115,107,103,104,104,106,117,114,101,130,112,,,,,,,,,,,,,,,,,,,,,,,,,,,,,,114,109,53,130,93,108,123,91,97,97,81,82,112,94,,84,106,88,84,81,88,79,82,88,84,71,87,89,77,75,54,64,64,67,84,65,88,103,89,123,122,113,102,103,111,111,100,112,122,140,75,55,78,68,75,78,77,75,85,52,64,74,77,75,124,127,143,109,116,118,119,111,63,127,108,58,104,85,67,63,111,10,57,66,73,43,61,62,71,36,78,84,93,109,106,164,66,72,114,169,60,64,71,78,65,61,25,59,71,64,82,,94,112,103,100,65,91,118,51,,47,119,108,110,148,123,111,134,136,151,99,115,104,107,120,119,126,128,,131,108,90,110,87,109,103,107,108,116,104,,118,,65,,96,122,127,122,120,97,132,139,117,103,106,115,113,122,123,121,115,110,106,98,95,96,126,118,,,,116,,
20260406,21,O3_8h_24h,87,91,94,85,80,127,96,91,89,93,104,99,111,102,95,78,86,62,61,143,111,155,129,100,116,113,134,117,117,114,101,117,111,145,71,55,123,164,172,52,51,70,88,62,104,58,39,72,103,92,155,52,57,47,44,48,53,49,55,55,49,64,116,91,43,61,73,112,118,105,106,113,110,128,51,42,106,105,86,80,75,78,34,114,105,121,107,109,126,94,93,111,102,97,91,104,39,44,91,56,27,53,49,54,24,42,44,84,119,123,93,108,116,97,82,74,82,77,82,74,75,78,60,109,116,84,124,126,120,122,113,103,9,47,52,59,40,58,92,78,72,53,86,105,57,76,63,41,53,114,102,93,84,101,96,115,112,96,130,110,,,,,,,,,,,,,,,,,,,,,,,,,,,,,,113,107,34,130,91,104,119,91,91,89,81,78,110,88,,75,105,85,78,70,82,70,74,85,84,68,87,80,76,75,54,56,62,67,82,60,82,99,83,119,118,113,96,101,104,106,93,109,120,137,36,50,52,59,38,61,65,58,76,50,60,60,72,66,120,124,140,97,113,110,111,111,50,122,101,51,104,85,62,46,105,7,55,64,71,41,61,37,71,36,72,78,84,107,106,162,58,72,114,169,60,61,65,77,64,60,21,55,69,60,79,,90,110,103,100,53,82,117,45,,47,116,101,107,140,121,110,134,136,144,99,103,103,100,120,112,124,128,,131,105,87,101,78,106,101,107,108,116,104,,116,,64,,94,,127,122,118,93,132,132,112,102,103,114,109,121,123,120,115,110,106,98,95,95,126,117,,,,113,,
20260406,21,CO,0.28,0.34,0.42,0.48,0.30,0.50,0.30,0.27,0.20,0.23,0.40,0.40,0.57,0.42,0.26,0.56,0.39,0.41,0.53,0.65,0.56,0.80,0.53,0.44,0.50,0.52,1.23,0.67,0.62,0.68,0.36,0.48,0.38,0.98,0.70,0.83,0.71,1.10,0.65,0.67,0.60,0.93,0.70,0.70,0.54,0.60,0.33,0.85,0.47,0.41,0.50,0.80,0.70,0.65,0.50,0.50,0.47,0.25,0.33,0.53,0.53,0.47,0.70,0.52,0.67,0.56,0.40,0.42,0.23,0.61,0.33,0.50,0.40,0.39,0.50,0.62,0.39,0.30,0.40,0.63,0.37,0.45,0.47,0.30,0.50,0.60,0.32,0.53,0.56,0.37,0.30,0.43,0.42,0.46,0.30,0.42,1.03,0.57,0.63,0.70,0.90,0.35,0.55,0.57,0.60,0.80,0.80,0.55,0.37,0.70,0.37,0.45,0.55,0.60,0.36,1.06,0.52,0.45,0.44,0.62,0.40,0.60,0.35,0.63,0.47,1.14,0.57,0.32,0.60,0.53,0.60,0.53,0.60,0.77,0.90,1.05,0.70,0.83,0.65,1.09,0.45,0.55,0.60,1.00,0.83,0.33,0.63,0.50,0.60,0.47,0.57,0.65,0.80,0.58,0.65,0.50,0.47,0.70,0.42,0.35,,,,,,,,,,,,,,,,,,,,,,,,,,,,,,0.40,0.30,0.85,0.37,0.43,0.50,0.60,0.53,0.50,0.40,0.50,0.30,0.50,0.33,,0.25,0.45,0.28,0.53,0.45,0.57,0.40,0.30,0.45,0.60,0.35,0.20,0.30,0.27,0.30,0.30,0.35,0.35,0.50,0.30,0.45,0.40,0.42,0.40,0.50,0.57,0.55,0.65,0.35,0.54,0.27,0.42,0.27,0.72,0.40,0.63,0.77,0.65,0.75,0.95,0.73,0.53,0.72,0.60,0.84,0.95,0.75,0.85,1.05,0.56,0.62,0.45,0.47,0.52,0.53,0.43,0.43,0.88,0.67,0.66,1.00,0.65,0.60,0.50,1.20,0.70,0.70,0.83,0.70,0.70,0.65,0.50,0.50,0.50,0.45,0.35,0.60,0.65,1.03,0.87,1.00,0.93,1.10,1.05,1.20,0.60,0.45,0.47,0.45,0.55,0.67,0.78,0.30,0.80,0.45,0.40,,0.25,0.35,0.60,0.60,0.25,0.45,0.65,0.60,,0.60,0.35,0.40,0.50,0.70,0.40,0.50,0.40,0.45,0.80,0.40,0.80,0.30,0.35,0.25,0.25,0.30,0.70,,0.40,0.50,0.60,0.50,0.60,0.55,0.60,0.40,0.30,0.25,0.55,,0.40,,0.50,,0.30,0.60,0.40,0.20,0.30,0.40,0.40,0.90,0.55,0.60,0.45,0.50,0.35,0.20,0.20,0.45,0.15,0.25,0.35,0.40,,0.10,0.30,0.40,,,,0.70,,
20260406,21,CO_24h,0.26,0.34,0.30,0.30,0.25,0.45,0.24,0.30,0.20,0.20,0.30,0.33,0.45,0.38,0.28,0.48,0.38,0.42,0.47,0.65,0.83,0.91,0.75,0.53,0.56,0.70,0.91,0.80,0.70,0.78,0.48,0.66,0.45,0.71,0.60,0.53,0.53,0.90,0.65,0.57,0.55,0.70,0.50,0.55,0.70,0.53,0.43,0.58,0.51,0.49,0.53,1.13,0.61,0.72,0.56,0.47,0.60,0.30,0.47,0.67,0.60,0.77,0.67,0.53,0.63,0.50,0.47,0.45,0.27,0.51,0.50,0.70,0.42,0.38,0.40,0.58,0.47,0.30,0.44,0.40,0.27,0.40,0.67,0.31,0.50,0.63,0.26,0.47,0.54,0.35,0.27,0.40,0.43,0.66,0.27,0.43,1.03,0.70,0.70,0.67,0.70,0.40,0.55,0.53,0.85,0.70,0.83,0.80,0.40,0.70,0.41,0.47,0.45,0.46,0.34,0.84,0.57,0.74,0.42,0.62,0.42,0.53,0.30,0.87,0.97,0.72,0.57,0.38,0.62,0.67,0.52,0.43,0.50,0.67,0.90,1.02,0.60,1.00,0.72,0.87,0.45,0.68,0.73,0.82,0.80,0.53,0.57,0.30,0.70,0.53,0.50,0.45,0.45,0.46,0.50,0.50,0.50,0.66,0.48,0.30,,,,,,,,,,,,,,,,,,,,,,,,,,,,,,0.47,0.40,0.70,0.63,0.33,0.35,0.70,0.37,0.33,0.50,0.47,0.20,0.40,0.28,,0.20,0.50,0.28,0.50,0.35,0.47,0.33,0.30,0.30,0.75,0.35,0.15,0.33,0.27,0.30,0.37,0.40,0.35,0.53,0.35,0.35,0.30,0.55,0.54,0.50,0.83,0.60,0.50,0.50,0.50,0.40,0.50,0.33,0.88,0.33,0.70,0.90,0.55,0.75,0.70,0.57,0.73,0.60,0.55,0.82,0.95,0.67,0.88,0.70,0.68,0.70,0.55,0.47,0.54,0.57,0.40,0.40,0.78,0.63,0.76,0.87,0.60,1.00,0.57,0.90,0.83,0.65,0.87,1.00,1.00,0.65,0.63,0.35,0.55,0.55,0.45,0.63,0.68,0.93,0.73,1.10,0.77,1.00,0.95,1.00,0.80,0.50,0.53,0.68,0.70,0.70,0.60,0.40,0.70,0.50,0.40,,0.30,0.50,0.60,0.67,0.40,0.45,0.55,0.65,,0.85,0.40,0.40,0.50,0.75,0.45,0.50,0.40,0.40,0.65,0.40,0.90,0.35,0.40,0.30,0.25,0.30,0.50,,0.45,0.55,0.53,0.50,0.50,0.45,0.45,0.40,0.40,0.30,0.45,,0.30,,0.55,,0.40,0.60,0.40,0.20,0.30,0.40,0.40,0.40,0.43,0.45,0.40,0.40,0.35,0.35,0.20,0.75,0.15,0.45,0.30,0.55,0.50,,0.40,0.55,,,,0.60,,
20260406,22,AQI,33,43,66,56,32,75,68,41,26,30,60,59,74,59,23,61,26,33,66,60,55,83,40,37,67,58,73,62,57,57,54,46,70,98,79,44,103,103,95,39,68,59,62,38,62,36,21,51,49,28,66,81,63,38,36,33,39,34,41,33,36,35,66,52,44,34,24,35,33,93,65,58,57,52,65,56,29,31,24,24,21,35,26,50,55,58,32,56,65,26,43,54,40,24,22,25,70,29,49,42,33,22,39,37,51,49,40,42,44,71,23,56,65,61,22,48,60,63,33,34,26,78,49,63,61,75,82,71,71,86,79,67,57,76,68,79,46,39,56,114,54,34,26,33,46,37,39,46,24,43,84,88,68,89,101,64,55,70,84,64,,,,,,,,,,,,,,,,,,,,,,,,,,,,,,68,52,56,78,62,73,64,52,65,62,41,32,60,28,,18,31,35,60,53,44,50,29,51,79,49,27,23,51,23,21,21,18,27,25,61,20,65,71,73,73,73,66,54,69,70,63,60,71,81,19,13,14,30,33,56,19,47,34,18,40,46,39,54,81,66,68,68,71,64,73,70,88,76,103,81,93,82,73,97,55,37,20,26,66,29,23,17,37,15,65,47,56,111,79,103,83,111,104,157,44,16,36,25,35,41,68,15,64,32,31,,25,31,53,46,23,52,69,17,,15,36,50,31,75,51,34,75,59,118,31,60,33,31,30,31,34,42,,37,27,81,42,72,81,59,74,54,81,83,,85,,59,,38,63,43,52,59,31,37,56,63,70,71,71,60,56,89,158,104,103,183,56,30,29,74,67,,,,61,,
20260406,22,PM2.5,6,9,29,20,10,47,25,9,3,7,28,22,39,21,7,17,8,23,48,41,14,61,13,8,32,29,53,29,25,28,26,18,32,59,58,29,77,77,71,25,49,36,44,24,20,25,13,36,13,4,33,60,45,19,16,13,20,18,16,15,17,18,48,30,27,19,10,20,8,40,29,35,22,24,47,40,11,11,4,13,15,23,16,20,24,19,5,24,28,10,11,18,16,3,4,3,51,13,28,18,23,12,21,16,30,20,16,23,23,26,6,26,27,26,7,22,28,15,13,24,13,57,34,31,27,55,31,37,28,36,39,24,31,56,43,58,32,15,37,86,27,14,18,15,29,21,27,32,12,22,34,38,29,37,51,32,22,29,22,27,,,,,,,,,,,,,,,,,,,,,,,,,,,,,,28,18,40,25,27,35,28,19,24,20,11,12,27,9,,3,8,3,27,33,11,35,20,9,3,34,18,8,36,7,7,9,5,18,14,44,13,27,25,33,32,31,47,19,25,35,31,20,38,60,11,4,7,21,23,34,13,27,24,7,25,22,22,38,38,29,25,31,34,25,30,27,64,31,38,55,38,38,51,59,24,22,14,17,48,20,8,8,22,9,47,31,35,84,58,77,61,84,78,120,18,7,20,3,10,29,40,8,46,13,6,,3,13,36,32,8,29,50,12,,10,23,19,11,53,36,18,55,42,89,22,43,23,14,6,6,10,29,,6,3,60,17,34,41,27,33,34,21,42,,42,,24,,20,37,30,32,28,17,3,18,36,34,29,52,26,21,28,87,56,49,87,24,20,8,22,25,,,,42,,
20260406,22,PM2.5_24h,4,6,14,8,5,32,11,9,5,7,14,11,25,13,7,10,8,22,32,37,34,48,42,17,30,40,45,46,45,45,30,36,34,38,22,32,37,48,40,29,16,41,36,27,35,27,21,25,11,8,40,65,31,19,16,13,23,17,17,17,18,33,50,31,29,29,29,18,6,32,31,24,21,16,31,29,11,10,2,12,6,9,26,12,10,23,6,11,18,8,5,17,12,8,5,2,45,18,32,21,20,13,20,14,36,22,26,34,22,32,6,19,22,15,6,11,13,11,10,24,26,34,30,38,40,32,38,31,37,35,38,24,24,40,35,36,23,49,34,51,22,34,39,23,25,33,29,27,23,18,33,27,23,33,36,18,11,22,13,11,,,,,,,,,,,,,,,,,,,,,,,,,,,,,,33,30,31,16,10,14,27,12,13,14,14,11,18,7,,4,11,1,8,9,6,21,13,7,8,51,26,15,29,20,13,22,18,26,23,30,9,41,40,29,38,38,30,39,34,36,45,33,34,39,34,20,14,16,29,26,23,27,25,15,21,22,22,29,35,31,29,39,38,30,32,35,36,31,44,40,45,54,43,40,35,28,25,31,35,26,20,19,24,24,44,36,39,54,44,85,41,75,63,77,27,20,33,26,21,33,46,19,32,28,7,,7,20,34,38,16,26,46,29,,39,26,27,9,53,32,19,41,41,79,21,37,27,11,4,4,3,13,,4,4,37,18,30,28,26,26,26,20,30,,24,,24,,25,22,18,28,27,19,5,14,23,32,24,19,17,17,24,58,41,61,69,25,15,2,14,20,,,,42,,
20260406,22,PM10,33,43,82,61,32,100,85,41,18,30,69,68,97,68,13,71,21,,57,69,60,107,40,37,84,66,80,73,63,64,58,46,90,146,92,44,147,144,135,39,71,67,73,38,74,10,21,50,49,28,81,108,58,38,36,33,39,34,41,33,36,35,66,53,44,34,24,35,19,136,79,66,64,54,58,55,29,31,23,24,20,35,26,50,59,65,32,61,79,26,43,58,40,23,15,20,72,29,49,42,30,22,39,37,52,49,40,42,44,92,22,62,80,72,22,48,69,76,33,30,26,59,47,76,71,94,114,91,92,122,108,84,63,98,85,64,45,39,61,100,58,34,25,33,46,37,37,43,24,43,118,125,86,127,152,78,59,90,118,78,,,,,,,,,,,,,,,,,,,,,,,,,,,,,,85,54,51,106,74,96,77,54,80,74,41,32,69,28,,18,31,35,69,55,44,42,28,52,108,,22,23,45,23,13,21,14,27,25,52,20,79,91,95,96,96,82,57,88,89,76,69,92,82,19,9,11,24,25,61,19,47,30,18,40,46,39,57,112,82,86,86,92,78,96,89,126,102,155,112,136,114,96,144,60,37,19,18,,22,13,17,37,15,56,47,61,96,71,92,94,113,103,156,44,16,36,12,35,37,85,15,68,32,31,,6,31,56,45,22,53,72,14,,15,36,50,27,99,35,30,73,64,123,26,63,25,22,7,19,29,42,,13,13,99,42,93,111,67,97,58,111,115,,120,,67,,38,76,41,53,68,31,12,61,76,90,92,79,70,61,128,266,157,156,316,61,30,26,97,84,,,,71,,
20260406,22,PM10_24h,17,24,59,30,25,84,46,19,27,21,44,48,80,53,16,36,23,23,38,72,93,102,88,58,92,105,109,118,103,102,80,82,87,91,39,41,78,109,85,43,29,80,70,38,85,31,26,38,61,43,132,115,43,35,31,29,37,34,40,30,31,45,66,44,45,47,42,32,11,121,84,57,80,56,41,44,23,40,15,24,17,23,28,65,52,89,46,49,81,32,42,76,59,46,25,34,59,29,48,46,22,31,33,35,51,39,40,57,38,111,20,70,97,74,18,22,49,28,25,30,34,37,39,90,101,55,141,115,117,132,139,76,42,60,60,46,26,77,59,65,43,54,66,39,41,58,37,40,37,35,116,98,86,104,130,56,48,78,60,45,,,,,,,,,,,,,,,,,,,,,,,,,,,,,,93,94,37,89,41,63,98,42,63,58,44,24,45,22,,14,41,21,22,45,24,34,30,41,36,49,32,20,31,32,17,30,20,28,39,37,18,97,98,92,88,70,61,85,88,94,80,93,75,82,37,21,21,19,31,44,28,47,40,23,36,35,40,56,128,123,98,126,120,111,98,114,75,102,122,79,100,129,66,84,86,42,37,34,43,29,40,31,33,29,58,57,63,73,63,98,59,122,86,102,54,35,46,51,57,41,82,35,52,42,24,,12,33,47,50,33,44,51,41,,44,42,51,19,95,40,32,55,60,102,30,54,37,19,7,14,16,20,,11,8,77,48,74,80,70,72,51,61,88,,89,,61,,65,63,47,65,65,52,10,51,88,104,87,54,42,46,104,170,118,149,266,72,60,12,64,61,,,,59,,
20260406,22,SO2,3,6,3,7,7,6,3,2,2,2,5,6,6,6,6,7,6,6,8,6,7,5,3,9,10,10,8,5,5,9,7,6,5,9,8,6,9,7,6,6,6,3,5,4,7,4,2,7,5,7,8,8,4,5,5,6,4,5,6,4,5,10,5,6,7,4,4,4,5,7,5,13,11,8,4,6,6,5,8,5,7,11,2,10,9,9,21,12,11,5,4,5,6,7,4,5,8,6,7,4,7,5,6,4,6,6,5,8,5,7,9,11,10,8,8,18,8,8,8,5,5,4,6,8,8,11,14,5,8,10,8,13,7,8,6,8,10,4,6,6,4,5,6,8,8,5,3,5,6,5,5,4,5,6,7,34,12,12,5,9,,,,,,,,,,,,,,,,,,,,,,,,,,,,,,6,2,3,8,5,11,7,8,6,11,7,5,10,11,,5,8,5,8,9,8,5,4,8,7,1,6,6,5,9,9,4,5,7,5,5,9,7,9,11,10,6,5,8,8,6,7,8,8,6,3,4,3,4,4,4,5,4,6,4,7,5,9,9,9,9,4,6,12,6,5,7,11,8,11,11,7,4,6,7,5,7,5,8,6,6,3,5,4,4,8,7,8,13,23,11,8,5,5,6,4,7,7,3,7,7,7,6,8,3,5,,5,4,10,14,3,10,8,3,,4,5,7,7,7,14,5,5,6,11,3,6,7,6,7,9,7,11,,7,6,6,35,7,7,28,12,18,4,9,,6,,8,,5,29,11,10,17,15,6,16,10,15,5,3,10,6,3,5,7,4,1,7,7,5,11,8,,,,9,,
20260406,22,SO2_24h,3,5,3,4,6,8,3,3,3,3,5,5,6,6,7,7,6,6,8,7,9,8,7,9,12,8,9,11,8,12,7,8,6,8,6,5,8,8,8,6,6,4,6,5,8,4,2,7,7,7,7,9,4,4,5,4,5,4,6,4,5,8,5,6,8,4,4,4,4,7,8,13,14,8,4,5,10,7,10,5,7,11,3,11,12,12,10,10,10,6,5,4,7,15,3,6,10,6,6,5,7,6,6,5,5,4,7,7,6,7,7,12,8,8,6,11,9,7,17,6,5,4,6,11,15,7,14,6,11,12,9,15,6,7,6,7,10,11,8,7,4,7,7,9,8,7,3,5,7,6,7,4,3,7,9,14,12,15,6,10,,,,,,,,,,,,,,,,,,,,,,,,,,,,,,8,3,4,8,5,11,9,8,7,16,6,5,9,5,,5,8,6,7,9,8,3,5,7,8,2,4,6,5,9,8,4,5,7,7,5,8,7,10,10,15,7,5,10,8,8,6,9,7,7,5,4,3,4,4,4,7,5,19,4,8,7,10,11,10,12,6,9,9,7,5,7,12,8,13,13,6,9,9,7,7,8,6,10,5,12,4,5,5,4,9,8,7,14,11,19,8,6,8,8,10,7,8,4,8,7,6,6,8,3,6,,6,5,7,10,4,10,7,3,,6,6,7,8,7,10,5,5,6,11,3,6,7,6,7,9,7,8,,8,6,6,22,8,10,11,12,11,5,9,,6,,8,,5,14,10,11,15,15,6,15,9,13,5,4,10,7,3,5,12,5,4,8,6,5,12,9,,,,8,,
20260406,22,NO2,7,15,27,11,17,27,30,4,3,4,28,37,29,29,10,35,12,12,23,16,20,20,8,23,23,19,23,14,17,12,21,13,19,18,25,45,24,16,17,33,14,49,41,25,21,24,16,39,34,18,18,19,12,24,17,6,18,6,10,12,13,12,10,10,26,24,9,10,10,56,24,34,43,29,15,17,18,16,12,20,26,42,14,23,23,30,20,47,21,23,21,34,27,16,19,17,33,10,19,9,26,4,14,3,30,38,21,12,15,26,7,31,31,21,13,30,38,30,20,11,11,21,9,20,17,46,20,17,30,22,23,33,31,23,41,19,17,8,6,25,6,20,10,11,16,13,33,25,7,11,52,40,68,28,75,25,19,47,5,28,,,,,,,,,,,,,,,,,,,,,,,,,,,,,,15,23,31,16,32,47,44,16,62,76,8,12,17,6,,24,7,8,30,35,15,24,7,7,6,7,7,10,10,6,6,6,10,11,8,20,8,34,26,24,26,9,16,15,31,25,20,17,25,14,18,14,11,9,33,26,7,16,13,9,14,18,6,30,22,22,23,37,29,20,19,16,36,20,32,32,14,16,17,29,24,13,10,7,5,8,9,8,12,9,11,10,16,21,16,10,29,20,11,26,34,14,11,9,20,10,48,7,21,7,4,,7,12,17,6,8,7,15,5,,6,5,13,8,30,9,6,10,16,30,7,18,20,7,10,1,4,31,,2,5,33,37,21,20,18,30,15,11,29,,25,,16,,9,19,4,1,35,1,18,7,65,49,34,47,33,24,12,29,35,21,11,14,12,2,19,10,,,,8,,
20260406,22,NO2_24h,7,13,13,5,9,18,13,5,7,6,16,20,20,15,6,14,12,11,16,24,35,34,26,19,25,33,29,24,30,28,19,18,17,26,24,27,22,31,24,23,26,33,26,14,26,18,16,14,19,17,16,48,11,21,12,4,17,6,11,14,12,24,8,7,21,18,11,8,7,35,27,16,23,21,15,15,12,16,12,10,17,19,16,17,16,23,15,18,16,19,15,17,12,16,13,12,25,11,14,7,14,5,11,4,26,16,16,19,12,19,8,19,16,28,7,15,14,13,14,10,9,14,10,35,37,30,22,16,21,16,18,22,26,24,22,10,13,18,10,14,6,20,12,15,15,10,16,17,10,9,25,19,28,17,30,18,18,20,13,13,,,,,,,,,,,,,,,,,,,,,,,,,,,,,,12,17,20,15,13,22,27,15,22,23,8,9,9,5,,11,5,7,11,8,12,10,7,8,9,7,9,8,12,10,12,9,11,15,10,15,4,26,23,19,24,23,11,17,17,19,19,19,21,16,15,13,9,6,23,14,8,14,12,12,13,12,5,17,17,16,21,21,20,20,17,14,22,13,18,30,16,18,22,14,23,18,9,11,6,8,13,8,11,13,21,14,11,19,12,13,16,8,11,16,31,16,14,21,24,12,37,8,19,9,6,,8,11,11,6,10,7,7,8,,7,6,13,8,16,8,7,7,12,17,7,12,11,6,6,3,5,9,,5,4,23,30,15,23,15,26,19,13,17,,11,,16,,14,8,2,3,8,2,9,5,21,24,21,16,25,19,13,31,14,23,7,22,10,4,19,14,,,,6,,
20260406,22,O3,80,75,73,58,67,89,67,84,83,84,75,68,78,68,72,48,84,60,46,110,97,104,124,82,84,87,98,109,102,105,81,102,81,108,111,11,127,105,97,14,111,12,21,9,86,34,29,33,71,77,97,78,56,22,26,39,29,41,37,38,32,44,90,44,23,40,56,102,104,43,75,78,65,96,58,50,74,89,78,57,45,42,26,80,87,76,68,48,92,73,66,70,65,77,70,80,8,34,35,40,1,49,34,50,17,12,25,54,105,82,72,73,73,89,68,48,32,38,67,63,63,59,62,85,93,42,102,95,78,90,83,50,4,71,21,26,16,42,81,46,75,28,67,93,39,48,27,13,59,97,44,38,5,57,16,67,85,42,107,68,,,,,,,,,,,,,,,,,,,,,,,,,,,,,,92,83,2,120,58,47,49,87,20,13,72,64,85,76,,43,96,77,41,28,70,47,63,85,84,57,85,64,68,74,68,53,58,66,76,55,62,76,67,94,78,104,63,97,67,83,74,87,97,98,23,40,44,46,12,12,62,51,44,54,49,39,62,22,90,86,96,57,81,83,80,90,27,77,73,29,113,90,58,20,83,16,47,83,49,31,75,50,81,38,39,72,63,70,89,130,18,27,77,104,42,50,51,80,51,52,3,44,32,61,62,,81,75,87,81,75,71,88,47,,41,103,82,100,96,98,109,123,127,78,98,64,74,100,96,100,110,105,,119,86,36,61,41,106,80,78,79,99,75,,90,,49,,78,99,105,107,86,84,118,126,43,49,64,63,65,82,104,79,81,86,88,86,86,93,100,87,,,,97,,
20260406,22,O3_24h,80,75,73,58,67,89,67,84,83,84,75,68,78,68,72,48,84,60,46,110,97,104,124,82,84,87,98,109,102,105,81,102,81,108,111,11,127,105,97,14,111,12,21,9,86,34,29,33,71,77,97,78,56,22,26,39,29,41,37,38,32,44,90,44,23,40,56,102,104,43,75,78,65,96,58,50,74,89,78,57,45,42,26,80,87,76,68,48,92,73,66,70,65,77,70,80,8,34,35,40,1,49,34,50,17,12,25,54,105,82,72,73,73,89,68,48,32,38,67,63,63,59,62,85,93,42,102,95,78,90,83,50,4,71,21,26,16,42,81,46,75,28,67,93,39,48,27,13,59,97,44,38,5,57,16,67,85,42,107,68,,,,,,,,,,,,,,,,,,,,,,,,,,,,,,92,83,2,120,58,47,49,87,20,13,72,64,85,76,,43,96,77,41,28,70,47,63,85,84,57,85,64,68,74,68,53,58,66,76,55,62,76,67,94,78,104,63,97,67,83,74,87,97,98,23,40,44,46,12,12,62,51,44,54,49,39,62,22,90,86,96,57,81,83,80,90,27,77,73,29,113,90,58,20,83,16,47,83,49,31,75,50,81,38,39,72,63,70,89,130,18,27,77,104,42,50,51,80,51,52,3,44,32,61,62,,81,75,87,81,75,71,88,47,,41,103,82,100,96,98,109,123,127,78,98,64,74,100,96,100,110,105,,119,86,36,61,41,106,80,78,79,99,75,,90,,49,,78,99,105,107,86,84,118,126,43,49,64,63,65,82,104,79,81,86,88,86,86,93,100,87,,,,97,,
20260406,22,O3_8h,88,94,94,89,84,128,99,92,89,95,105,104,113,106,97,86,88,67,63,149,113,163,132,108,119,117,141,122,120,119,105,122,115,146,95,68,127,165,173,74,98,79,96,85,110,82,51,79,108,96,161,56,65,49,49,53,57,57,62,59,52,65,118,102,46,65,74,114,124,110,106,115,112,128,67,73,109,106,87,86,88,85,57,120,107,127,112,116,132,97,102,118,109,102,94,105,40,56,102,65,37,53,52,58,24,54,49,91,122,130,98,114,118,100,85,82,88,83,90,77,75,80,68,111,118,99,129,127,128,124,120,113,12,56,58,65,48,58,93,79,73,55,86,109,64,83,69,51,56,115,107,103,104,104,106,117,114,101,130,112,,,,,,,,,,,,,,,,,,,,,,,,,,,,,,114,109,53,131,93,108,123,91,97,97,81,82,112,94,,84,106,88,84,81,88,79,82,88,84,71,87,89,77,75,57,64,64,68,84,65,88,103,89,123,122,113,103,103,111,111,100,112,122,140,75,55,78,68,75,78,77,75,85,53,64,74,77,75,124,127,143,109,116,118,119,111,63,127,108,58,110,88,67,63,111,10,57,67,73,43,64,58,73,38,78,84,93,109,106,164,66,72,114,169,61,64,71,78,65,61,25,59,71,64,82,,94,112,103,100,65,91,118,51,,47,119,108,110,148,123,111,134,136,151,99,115,104,107,120,119,126,128,,131,108,90,110,87,109,103,107,108,116,104,,118,,65,,96,122,127,122,120,97,132,139,117,103,106,115,113,122,123,121,115,110,106,99,95,96,126,118,,,,116,,
20260406,22,O3_8h_24h,86,89,93,81,78,124,92,90,87,92,101,95,108,97,91,74,86,60,58,138,106,146,127,96,112,108,125,115,113,111,98,114,106,144,76,48,124,158,165,44,59,61,78,51,101,53,37,66,98,90,146,56,58,43,40,45,49,47,51,52,45,61,112,85,41,56,70,111,116,97,103,108,104,126,51,43,101,103,85,76,69,73,32,107,103,115,102,100,120,91,89,105,96,93,88,100,37,42,81,52,21,53,50,53,23,37,41,78,118,116,89,103,111,95,80,69,75,72,78,72,74,75,59,104,115,75,120,123,114,117,108,94,8,47,46,53,35,57,92,76,73,49,84,103,54,71,58,36,51,112,94,84,71,95,84,109,108,88,128,104,,,,,,,,,,,,,,,,,,,,,,,,,,,,,,111,103,26,131,88,97,110,89,82,79,79,76,106,86,,70,104,84,73,64,79,66,72,85,84,66,87,77,74,75,57,56,61,68,81,58,78,96,80,117,112,112,92,99,98,103,90,106,115,132,32,47,50,57,32,50,64,55,71,51,58,56,69,59,115,118,133,90,108,105,106,108,46,114,95,47,110,88,60,40,100,8,54,67,67,39,64,37,73,38,66,76,80,103,106,156,52,69,111,164,60,59,62,76,62,60,20,52,62,60,77,,89,104,101,98,57,80,114,45,,46,115,97,106,133,118,110,133,135,133,99,96,99,100,118,109,122,126,,131,102,81,96,72,105,99,105,105,114,100,,112,,63,,91,,125,120,114,92,132,131,106,99,98,107,102,117,123,115,112,109,104,99,94,95,125,115,,,,110,,
20260406,22,CO,0.25,0.33,0.46,0.56,0.30,0.50,0.28,0.27,0.20,0.25,0.42,0.35,0.53,0.47,0.26,0.54,0.38,0.42,0.47,0.62,0.56,0.78,0.52,0.47,0.46,0.56,1.27,0.66,0.60,0.65,0.36,0.48,0.38,0.87,0.67,0.87,0.70,1.02,0.55,0.73,0.60,0.90,0.70,0.70,0.53,0.57,0.33,0.80,0.47,0.40,0.50,0.69,0.69,0.66,0.50,0.50,0.47,0.25,0.30,0.57,0.57,0.47,0.64,0.52,0.70,0.52,0.37,0.41,0.25,0.65,0.37,0.50,0.44,0.41,0.53,0.63,0.37,0.30,0.40,0.53,0.40,0.47,0.47,0.30,0.44,0.53,0.30,0.53,0.56,0.40,0.37,0.45,0.38,0.46,0.33,0.43,1.13,0.60,0.67,0.67,0.95,0.35,0.45,0.57,0.60,0.90,0.90,0.50,0.40,0.70,0.36,0.47,0.57,0.60,0.36,1.28,0.68,0.48,0.44,0.62,0.45,0.60,0.32,0.57,0.47,1.12,0.53,0.47,0.57,0.67,0.57,0.45,0.55,0.67,0.90,1.05,0.70,0.83,0.77,1.17,0.45,0.55,0.60,0.63,0.83,0.37,0.57,0.35,0.53,0.47,0.60,0.65,0.75,0.56,0.70,0.80,0.70,0.82,0.36,0.45,,,,,,,,,,,,,,,,,,,,,,,,,,,,,,0.40,0.30,0.85,0.37,0.47,0.55,0.58,0.33,0.53,0.47,0.47,0.20,0.50,0.28,,0.25,0.50,0.28,0.70,0.55,0.50,0.40,0.30,0.40,0.60,0.35,0.20,0.30,0.23,0.27,0.27,0.33,0.30,0.50,0.30,0.40,0.45,0.40,0.44,0.45,0.67,0.45,0.70,0.40,0.54,0.23,0.45,0.27,0.75,0.37,0.63,0.73,0.65,0.70,0.85,0.73,0.53,0.70,0.60,0.82,0.95,0.75,0.85,0.95,0.62,0.60,0.50,0.45,0.56,0.55,0.43,0.40,0.93,0.70,0.68,0.93,0.65,0.60,0.43,1.20,0.73,0.55,0.80,0.70,0.70,0.60,0.47,0.45,0.50,0.45,0.35,0.60,0.65,1.00,0.83,1.00,0.97,1.30,1.05,1.30,0.63,0.40,0.47,0.43,0.55,0.65,0.85,0.30,0.80,0.45,0.40,,0.25,0.55,0.63,0.63,0.25,0.45,0.75,0.60,,0.60,0.35,0.40,0.50,0.80,0.45,0.50,0.50,0.40,0.90,0.40,0.90,0.30,0.35,0.30,0.25,0.35,0.90,,0.40,0.50,0.60,0.53,0.50,0.60,0.70,0.50,0.40,0.25,0.80,,0.45,,0.55,,0.35,0.60,0.40,0.20,0.40,0.40,0.40,0.40,0.60,0.60,0.40,0.65,0.20,0.25,0.20,0.55,0.30,0.45,0.30,0.50,,,0.30,0.40,,,,0.65,,
20260406,22,CO_24h,0.26,0.33,0.30,0.30,0.25,0.45,0.24,0.30,0.20,0.20,0.30,0.33,0.45,0.38,0.28,0.47,0.38,0.40,0.46,0.65,0.82,0.91,0.75,0.53,0.56,0.68,0.93,0.80,0.70,0.77,0.46,0.66,0.43,0.72,0.60,0.57,0.54,0.90,0.65,0.60,0.55,0.70,0.60,0.55,0.69,0.53,0.43,0.60,0.50,0.49,0.53,1.12,0.62,0.71,0.55,0.47,0.60,0.30,0.40,0.60,0.60,0.67,0.67,0.53,0.63,0.51,0.47,0.44,0.25,0.53,0.50,0.70,0.42,0.38,0.40,0.58,0.47,0.30,0.44,0.40,0.27,0.40,0.63,0.30,0.50,0.63,0.26,0.47,0.52,0.35,0.27,0.40,0.43,0.64,0.27,0.43,1.03,0.70,0.70,0.67,0.70,0.40,0.55,0.53,0.85,0.70,0.83,0.80,0.40,0.70,0.41,0.47,0.50,0.46,0.34,0.88,0.57,0.74,0.42,0.60,0.42,0.53,0.30,0.88,0.97,0.72,0.58,0.38,0.62,0.67,0.52,0.43,0.50,0.67,0.90,1.02,0.60,0.97,0.72,0.90,0.45,0.68,0.70,0.80,0.80,0.47,0.57,0.30,0.68,0.53,0.50,0.45,0.45,0.46,0.50,0.50,0.50,0.68,0.46,0.30,,,,,,,,,,,,,,,,,,,,,,,,,,,,,,0.47,0.40,0.70,0.63,0.33,0.35,0.70,0.37,0.37,0.50,0.47,0.20,0.40,0.28,,0.20,0.50,0.28,0.50,0.35,0.50,0.33,0.30,0.30,0.75,0.35,0.15,0.33,0.27,0.30,0.37,0.40,0.35,0.53,0.35,0.35,0.30,0.53,0.52,0.50,0.83,0.60,0.50,0.50,0.50,0.40,0.50,0.33,0.83,0.37,0.70,0.90,0.55,0.75,0.70,0.57,0.73,0.60,0.55,0.82,0.95,0.67,0.88,0.70,0.68,0.68,0.55,0.47,0.54,0.57,0.40,0.40,0.78,0.63,0.74,0.87,0.60,0.90,0.57,0.90,0.83,0.65,0.87,1.00,1.00,0.65,0.63,0.35,0.55,0.55,0.45,0.63,0.65,0.97,0.77,1.10,0.77,1.00,0.95,1.00,0.80,0.50,0.50,0.63,0.65,0.70,0.60,0.40,0.70,0.50,0.40,,0.30,0.50,0.60,0.67,0.35,0.45,0.55,0.65,,0.85,0.40,0.40,0.50,0.75,0.40,0.50,0.40,0.40,0.65,0.40,0.90,0.35,0.40,0.30,0.25,0.30,0.50,,0.45,0.55,0.53,0.50,0.50,0.45,0.45,0.35,0.40,0.30,0.45,,0.30,,0.55,,0.40,0.60,0.40,0.20,0.30,0.40,0.40,0.40,0.43,0.45,0.40,0.40,0.35,0.30,0.20,0.75,0.15,0.45,0.30,0.55,0.50,,0.40,0.55,,,,0.60,,
20260406,23,AQI,33,57,64,47,40,76,65,34,23,41,67,54,68,61,24,59,25,36,68,50,53,66,41,36,63,58,58,57,58,55,53,43,68,96,59,51,115,90,89,38,58,57,65,37,62,46,21,50,50,27,67,76,66,37,35,33,39,32,44,31,40,37,65,51,45,29,26,35,32,96,66,60,56,54,61,63,23,35,23,21,30,48,25,41,53,53,33,57,63,28,43,53,37,24,21,24,69,30,42,44,33,25,35,39,49,53,43,46,40,70,23,60,73,64,21,48,63,65,32,37,23,69,39,60,59,79,76,75,68,84,85,64,46,77,61,76,41,21,52,114,49,32,23,36,46,37,49,49,24,40,86,80,66,85,96,56,54,70,62,75,,,,,,,,,,,,,,,,,,,,,,,,,,,,,,61,59,56,74,58,81,67,47,63,60,42,26,60,28,,20,32,31,61,58,34,44,27,35,55,49,27,19,44,22,22,20,18,20,28,56,21,61,66,71,73,67,63,51,71,70,65,59,70,71,16,12,20,34,30,52,20,48,39,18,45,38,36,55,82,70,68,68,73,66,68,68,89,71,102,80,93,80,70,92,57,35,17,29,75,31,23,18,39,14,65,48,55,108,64,95,83,95,110,138,43,20,34,24,39,40,63,13,70,26,26,,24,27,53,54,25,52,76,17,,16,36,42,32,81,56,36,73,63,119,30,64,34,31,26,31,33,41,,34,31,70,41,70,81,60,67,55,69,87,,88,,49,,42,69,44,57,58,34,31,41,62,74,72,70,53,70,122,160,109,205,194,56,30,29,78,64,,,,57,,
20260406,23,PM2.5,5,14,25,21,8,46,25,12,8,8,36,21,33,18,11,13,7,25,49,30,15,47,13,8,29,32,34,25,28,24,28,17,33,60,42,36,87,67,66,25,41,34,47,23,22,28,13,35,15,5,35,56,48,18,15,13,21,18,16,14,20,19,47,31,27,18,13,20,7,44,31,32,22,25,44,45,10,15,4,11,12,25,17,17,22,13,7,25,30,13,14,20,17,3,6,5,50,12,26,19,22,11,20,18,28,26,16,22,27,25,5,26,31,29,7,22,23,15,11,26,16,50,27,36,30,58,29,40,26,39,38,29,28,45,44,56,28,7,34,86,25,13,7,15,30,20,34,34,9,21,40,32,26,37,42,30,21,31,12,30,,,,,,,,,,,,,,,,,,,,,,,,,,,,,,20,22,40,24,17,42,35,17,20,17,9,9,36,7,,12,5,6,17,24,6,31,18,20,3,34,17,7,31,5,10,8,7,12,11,40,11,22,24,35,32,24,45,20,32,35,33,21,36,52,7,7,12,24,21,30,14,22,27,7,22,23,18,39,38,28,25,33,33,26,30,24,66,31,38,55,36,32,46,61,26,15,12,20,55,22,7,6,24,9,47,31,33,81,46,71,61,71,83,105,18,8,19,3,11,28,38,7,51,15,3,,3,10,37,38,6,19,56,7,,11,23,17,11,60,40,23,53,45,90,18,45,24,11,6,8,14,29,,11,3,50,14,33,39,29,34,39,19,43,,37,,25,,13,36,26,31,29,17,3,18,19,31,28,31,25,25,42,99,56,155,108,28,21,3,22,21,,,,40,,
20260406,23,PM2.5_24h,4,6,14,8,5,32,11,9,5,7,14,11,25,13,7,10,8,22,33,37,34,49,41,15,29,41,45,45,45,44,29,35,33,38,22,32,39,49,41,29,17,40,36,27,35,27,20,25,10,8,40,64,31,20,16,13,23,17,17,17,18,32,50,31,29,28,28,18,7,32,32,25,21,17,31,30,11,10,2,11,6,10,26,12,10,22,6,11,17,8,5,16,11,7,4,2,45,18,32,21,20,13,20,14,36,22,26,33,21,30,6,18,21,16,6,11,13,11,10,24,25,35,30,38,40,33,37,31,36,35,37,24,24,41,35,36,23,47,34,53,21,33,37,22,25,31,30,27,23,18,33,28,22,33,36,18,12,22,12,12,,,,,,,,,,,,,,,,,,,,,,,,,,,,,,33,30,32,16,11,15,27,13,13,14,12,11,19,7,,4,10,1,9,9,7,20,13,7,8,50,24,14,30,19,13,22,18,26,22,30,10,40,40,29,38,37,30,39,33,35,44,32,34,40,33,19,14,15,29,25,22,28,25,14,20,22,21,29,34,30,28,38,37,29,31,35,38,31,43,41,45,53,43,41,35,28,24,29,35,26,20,18,24,23,44,35,39,55,44,85,42,75,63,78,26,19,31,25,20,32,46,18,32,27,7,,7,20,34,38,15,26,46,27,,37,25,26,9,53,32,19,41,41,79,21,38,26,11,4,4,3,13,,4,4,38,18,30,29,26,26,27,20,30,,25,,24,,24,23,19,27,27,19,5,15,22,32,23,18,16,16,25,60,42,63,70,25,15,2,14,20,,,,42,,
20260406,23,PM10,33,63,77,47,40,101,79,34,18,41,83,57,85,71,24,67,19,22,58,50,56,81,41,36,76,66,65,64,65,60,55,43,86,142,67,51,159,123,125,38,52,64,77,37,74,46,21,48,50,27,83,102,55,37,35,33,39,32,44,31,40,37,62,51,45,29,26,35,18,142,81,69,62,58,58,64,23,35,20,21,30,48,25,41,55,56,33,63,75,28,43,56,37,24,18,21,72,30,42,44,33,25,35,39,49,55,43,46,40,90,23,70,95,78,17,48,75,79,32,32,23,50,39,70,67,93,102,100,86,118,119,77,46,103,72,62,41,21,54,104,49,32,11,36,46,37,45,47,24,40,121,110,82,119,142,61,57,90,74,99,,,,,,,,,,,,,,,,,,,,,,,,,,,,,,72,67,52,98,65,112,84,47,76,69,42,26,69,28,,20,31,31,71,66,34,36,27,35,60,30,20,18,38,21,12,20,13,20,28,41,14,72,82,91,95,83,75,51,91,89,79,67,89,74,16,12,20,28,20,54,19,48,32,18,45,38,36,56,114,89,85,85,95,81,86,85,124,92,153,110,136,109,90,133,64,35,17,26,63,22,13,13,39,14,59,48,59,99,68,82,89,83,101,163,43,20,34,9,39,38,76,13,74,26,26,,6,27,51,58,19,53,79,12,,12,36,42,23,105,,36,71,59,123,29,78,28,19,12,21,26,40,,14,10,89,41,89,112,69,83,60,87,124,,125,,49,,42,87,44,64,65,34,11,41,73,98,94,90,55,89,193,270,168,210,337,62,,21,106,77,,,,64,,
20260406,23,PM10_24h,18,26,59,31,25,82,47,19,27,22,45,48,77,53,17,38,22,24,39,72,91,101,87,55,89,102,107,116,101,99,77,78,85,92,39,40,81,110,86,42,30,78,69,38,85,31,25,38,59,42,130,115,43,35,31,30,37,34,41,30,32,44,66,45,44,45,41,32,11,123,83,57,78,56,41,45,23,40,15,23,18,24,27,63,51,85,46,48,78,30,41,73,55,44,24,33,59,29,48,46,22,31,33,35,51,40,41,57,38,107,20,69,94,75,18,23,51,30,26,29,33,37,39,88,98,56,139,112,115,131,138,75,43,62,60,46,26,75,58,68,43,52,62,39,41,56,36,40,36,35,117,100,83,105,133,57,49,78,60,47,,,,,,,,,,,,,,,,,,,,,,,,,,,,,,92,92,37,88,43,67,98,42,63,59,42,24,45,22,,14,39,21,25,46,23,34,29,42,37,49,30,19,31,32,16,30,20,28,39,37,18,95,97,91,88,71,61,83,87,92,80,90,75,82,37,20,20,18,31,43,27,47,37,23,35,35,39,54,125,119,95,123,119,108,95,113,77,101,125,80,102,128,67,86,86,41,36,33,43,28,39,29,33,28,58,57,63,75,62,98,59,121,87,105,53,33,44,47,53,40,82,33,52,39,24,,11,32,47,50,32,44,52,37,,43,41,51,19,95,40,32,55,60,102,29,54,37,19,7,14,16,21,,11,8,77,49,74,83,70,71,50,63,90,,92,,60,,64,64,47,64,65,51,10,50,87,102,87,54,41,46,107,175,119,150,265,72,56,12,66,62,,,,59,,
20260406,23,SO2,3,7,3,6,6,7,3,2,2,3,6,6,6,7,5,7,6,6,8,6,7,5,4,8,10,7,9,6,5,8,6,6,5,8,6,6,9,6,5,6,5,3,5,5,7,4,2,8,6,6,8,9,4,5,5,5,4,4,6,4,5,10,5,6,8,4,4,5,4,6,5,15,11,8,4,6,6,6,8,4,7,12,3,9,12,8,28,12,11,6,5,5,6,7,3,8,7,6,8,4,7,6,6,5,6,4,5,7,6,8,7,11,12,8,6,16,9,9,9,5,4,4,6,8,7,11,12,5,8,10,7,14,6,8,5,8,10,4,6,6,4,6,6,14,8,5,3,5,5,5,5,4,3,6,6,15,12,11,5,9,,,,,,,,,,,,,,,,,,,,,,,,,,,,,,6,1,3,8,6,12,7,8,6,12,5,5,8,12,,5,8,5,7,9,8,6,4,7,7,2,5,5,5,8,9,4,5,7,5,6,8,6,9,9,10,6,5,8,8,6,6,9,9,6,3,4,3,5,4,4,5,4,6,3,7,6,7,8,9,10,4,6,9,6,5,6,12,7,11,10,7,4,6,6,5,7,6,8,6,6,3,5,6,4,8,7,8,13,14,12,8,5,5,6,6,7,7,3,7,7,6,6,8,4,6,,6,4,8,10,3,10,13,3,,4,6,6,7,7,12,6,6,7,10,3,5,7,6,7,9,8,8,,7,6,7,28,7,7,23,11,11,6,10,,12,,8,,4,15,10,10,14,18,6,15,7,16,5,3,14,6,4,5,7,4,3,8,7,5,10,8,,,,10,,
20260406,23,SO2_24h,3,5,3,4,6,8,3,3,3,3,5,5,6,6,7,7,6,6,8,7,9,8,7,9,12,8,9,10,8,12,7,8,6,8,6,5,8,8,8,6,6,4,6,4,8,4,2,7,7,7,7,9,4,5,5,4,5,4,6,4,5,9,5,6,8,4,4,5,4,7,8,13,13,8,4,5,10,7,10,5,7,11,3,10,12,12,10,10,10,6,5,4,7,14,3,6,10,6,6,5,7,6,6,5,5,4,7,7,6,7,7,11,9,8,6,11,9,8,17,6,5,4,6,10,15,7,14,6,11,12,9,15,6,7,6,8,10,11,8,7,4,7,6,10,8,7,3,5,7,6,7,4,3,7,9,14,12,15,6,9,,,,,,,,,,,,,,,,,,,,,,,,,,,,,,8,3,4,9,5,11,9,8,7,16,6,5,10,5,,5,8,6,7,9,8,3,5,7,7,2,4,6,5,9,8,4,5,7,7,5,8,7,10,10,15,7,5,10,8,8,6,9,7,7,5,4,3,4,4,4,7,5,18,4,8,7,10,11,10,11,6,9,9,7,5,7,12,8,13,13,6,9,9,7,7,8,6,10,5,12,4,5,5,4,9,8,7,14,12,19,8,6,8,7,10,7,8,4,8,7,6,6,8,3,6,,6,5,7,10,4,10,7,3,,6,6,7,8,7,10,5,5,6,11,3,6,7,6,7,9,7,7,,8,6,6,22,8,10,12,12,11,6,9,,6,,8,,5,14,10,11,15,16,6,15,9,13,5,4,10,7,3,5,12,4,4,8,6,5,12,9,,,,8,,
20260406,23,NO2,6,15,26,11,31,29,28,3,5,6,41,30,24,37,12,23,12,10,21,13,22,18,9,26,22,18,22,16,15,11,21,12,22,16,16,45,20,12,14,32,14,43,42,25,23,26,18,23,36,14,18,20,13,24,17,4,17,6,10,11,14,12,9,11,27,25,9,12,7,64,38,34,32,40,16,18,29,23,12,19,32,45,14,20,19,25,24,45,23,26,21,37,27,15,20,19,30,10,21,8,23,4,13,5,31,29,18,17,19,22,6,26,34,19,10,26,42,27,16,9,11,13,8,18,14,46,23,18,28,20,27,31,28,27,36,23,16,8,6,23,6,22,7,11,17,11,29,23,8,11,68,26,62,25,64,22,22,50,3,49,,,,,,,,,,,,,,,,,,,,,,,,,,,,,,15,24,29,16,15,71,51,19,48,62,8,9,14,5,,25,6,12,20,52,15,23,8,8,6,6,7,10,9,6,5,6,9,10,6,14,7,30,21,23,30,9,11,15,32,17,21,16,27,13,17,14,13,9,30,25,5,15,21,8,13,21,6,30,21,25,20,28,35,19,22,18,36,18,37,23,14,14,19,21,23,10,10,6,7,7,10,6,12,8,14,9,17,21,16,10,30,9,11,22,30,14,10,9,20,9,39,8,31,10,5,,10,9,13,7,6,7,20,4,,6,5,9,6,19,10,8,9,13,28,8,24,13,5,13,1,4,12,,5,2,26,29,18,20,25,29,15,12,45,,22,,13,,17,7,5,3,41,1,23,1,37,36,53,42,31,55,10,51,39,67,18,36,13,2,21,8,,,,7,,
20260406,23,NO2_24h,7,13,13,6,10,18,14,5,7,6,17,20,19,16,6,14,12,11,16,24,34,34,25,19,23,32,29,24,30,27,18,17,17,24,24,28,21,30,23,24,26,32,26,14,26,18,16,14,20,17,16,47,11,21,12,4,17,5,11,14,12,23,8,7,21,18,11,8,7,36,27,16,23,21,15,15,13,16,12,11,17,20,16,17,17,23,16,19,15,19,16,17,12,16,13,12,25,11,15,7,14,5,12,4,26,16,16,18,13,19,8,19,17,27,7,15,15,14,14,10,9,13,10,33,35,30,22,16,21,16,17,22,26,25,23,11,13,17,10,15,6,20,12,15,15,9,17,16,10,9,26,19,28,17,30,18,18,22,11,14,,,,,,,,,,,,,,,,,,,,,,,,,,,,,,12,17,20,14,13,24,28,16,24,24,8,9,9,5,,11,5,7,11,10,12,10,7,8,8,7,9,9,12,10,12,9,11,15,10,15,4,26,23,19,24,22,11,17,17,18,19,18,21,16,16,13,9,6,24,14,8,15,12,12,13,13,5,18,17,16,21,22,20,19,17,14,23,13,18,30,16,18,22,14,23,18,9,11,6,8,13,8,11,13,20,14,11,19,13,13,16,8,11,16,31,16,13,20,23,11,36,8,18,9,6,,8,11,11,6,10,7,7,8,,7,6,13,8,16,8,7,7,12,17,7,13,11,6,6,3,5,9,,5,4,23,31,15,22,16,26,18,12,17,,12,,16,,15,8,2,3,10,2,10,4,21,24,21,16,23,18,12,30,14,24,7,23,10,4,18,14,,,,6,,
20260406,23,O3,80,74,68,49,52,76,66,87,73,81,56,74,73,55,64,59,79,66,44,114,90,110,119,72,79,86,102,104,102,103,77,100,71,102,106,10,128,111,101,11,93,7,17,6,77,26,25,54,65,82,98,76,52,19,25,39,27,42,35,37,29,42,79,41,22,35,54,100,101,30,52,65,70,76,55,48,59,75,74,57,35,34,24,76,89,81,62,38,85,64,65,59,60,76,67,76,8,32,28,41,2,47,34,51,13,14,25,37,93,78,72,90,61,92,68,48,21,51,72,68,60,72,62,85,100,37,90,88,75,86,71,45,,63,20,20,14,45,80,46,68,23,72,90,35,46,22,17,57,93,23,46,4,53,16,66,78,32,109,41,,,,,,,,,,,,,,,,,,,,,,,,,,,,,,88,79,2,113,57,15,35,81,28,19,71,65,88,73,,38,103,66,52,15,70,50,61,88,79,57,85,62,69,70,69,51,59,64,80,64,67,74,74,85,67,94,60,95,65,88,65,85,81,98,22,37,34,55,10,6,63,53,33,56,47,32,64,17,92,74,92,66,69,80,76,84,27,71,62,45,111,86,54,18,80,17,51,87,41,37,73,56,79,33,33,74,59,65,79,134,8,46,75,79,44,42,49,76,42,52,3,41,12,49,63,,76,75,89,70,81,64,75,54,,44,93,84,101,101,82,104,124,121,71,96,50,74,100,83,100,107,112,,110,99,38,69,42,105,69,73,81,90,43,,86,,47,,62,87,79,96,51,88,100,132,63,63,41,44,63,48,85,49,71,26,76,50,72,93,91,84,,,,103,,
20260406,23,O3_24h,80,74,68,49,52,76,66,87,73,81,56,74,73,55,64,59,79,66,44,114,90,110,119,72,79,86,102,104,102,103,77,100,71,102,106,10,128,111,101,11,93,7,17,6,77,26,25,54,65,82,98,76,52,19,25,39,27,42,35,37,29,42,79,41,22,35,54,100,101,30,52,65,70,76,55,48,59,75,74,57,35,34,24,76,89,81,62,38,85,64,65,59,60,76,67,76,8,32,28,41,2,47,34,51,13,14,25,37,93,78,72,90,61,92,68,48,21,51,72,68,60,72,62,85,100,37,90,88,75,86,71,45,,63,20,20,14,45,80,46,68,23,72,90,35,46,22,17,57,93,23,46,4,53,16,66,78,32,109,41,,,,,,,,,,,,,,,,,,,,,,,,,,,,,,88,79,2,113,57,15,35,81,28,19,71,65,88,73,,38,103,66,52,15,70,50,61,88,79,57,85,62,69,70,69,51,59,64,80,64,67,74,74,85,67,94,60,95,65,88,65,85,81,98,22,37,34,55,10,6,63,53,33,56,47,32,64,17,92,74,92,66,69,80,76,84,27,71,62,45,111,86,54,18,80,17,51,87,41,37,73,56,79,33,33,74,59,65,79,134,8,46,75,79,44,42,49,76,42,52,3,41,12,49,63,,76,75,89,70,81,64,75,54,,44,93,84,101,101,82,104,124,121,71,96,50,74,100,83,100,107,112,,110,99,38,69,42,105,69,73,81,90,43,,86,,47,,62,87,79,96,51,88,100,132,63,63,41,44,63,48,85,49,71,26,76,50,72,93,91,84,,,,103,,
20260406,23,O3_8h,88,94,94,89,84,128,99,92,89,95,105,104,113,106,97,86,88,67,63,149,113,163,132,108,119,117,141,122,120,119,105,122,115,146,95,68,128,165,173,74,98,79,96,85,110,82,51,79,108,96,161,60,65,49,49,53,57,57,62,59,52,65,118,102,46,65,74,114,124,110,106,115,112,128,67,73,109,106,87,86,88,85,57,120,107,127,112,116,132,97,102,118,109,102,94,105,40,56,102,65,37,53,52,58,24,54,49,91,122,130,98,114,118,100,85,82,88,83,90,77,75,80,68,111,118,99,129,127,128,124,120,113,12,56,58,65,48,58,93,79,74,55,86,109,64,83,69,51,56,115,107,103,104,104,106,117,114,101,130,112,,,,,,,,,,,,,,,,,,,,,,,,,,,,,,114,109,53,131,93,108,123,91,97,97,81,82,112,94,,84,106,88,84,81,88,79,82,88,84,71,87,89,77,75,60,64,64,68,84,65,88,103,89,123,122,113,103,103,111,111,100,112,122,140,75,55,78,68,75,78,77,75,85,54,64,74,77,75,124,127,143,109,116,118,119,111,63,127,108,58,113,91,67,63,111,11,57,72,73,43,66,58,75,38,78,84,93,109,106,164,66,72,114,169,61,64,71,78,65,61,25,59,71,64,82,,94,112,103,100,65,91,118,51,,47,119,108,110,148,123,111,134,136,151,99,115,104,107,120,119,126,128,,131,108,90,110,87,109,103,107,108,116,104,,118,,65,,96,122,127,122,120,97,132,139,117,103,106,115,113,122,123,121,115,110,106,99,95,96,126,118,,,,116,,
20260406,23,O3_8h_24h,84,86,90,75,74,118,88,89,85,90,95,91,103,91,86,70,85,60,56,133,102,135,124,92,106,104,116,110,109,109,93,112,99,139,79,40,124,149,155,38,63,51,68,40,96,47,34,63,92,87,135,60,57,38,37,43,44,45,47,49,42,57,106,78,37,51,67,109,113,86,96,101,99,120,52,43,95,99,83,72,62,67,29,101,100,109,95,90,115,87,84,97,90,90,84,96,31,40,68,49,16,52,44,53,21,33,38,70,114,110,86,99,103,93,77,65,66,66,76,70,72,74,59,100,111,66,114,118,106,112,101,84,7,48,40,45,30,54,90,72,73,44,81,101,52,66,51,32,49,111,83,77,58,88,72,102,103,79,126,95,,,,,,,,,,,,,,,,,,,,,,,,,,,,,,107,98,18,131,85,84,98,87,73,68,78,74,102,84,,64,103,81,68,55,77,62,69,86,83,64,87,73,72,73,60,55,59,68,81,58,76,93,78,111,104,109,86,97,92,99,85,102,109,126,28,46,48,57,27,40,63,53,63,52,56,51,67,51,110,110,125,83,101,99,100,104,41,106,88,45,113,91,57,34,94,8,52,72,61,40,66,44,75,38,58,75,74,97,103,148,44,65,106,154,58,55,59,75,57,58,17,49,53,58,74,,86,100,99,94,61,78,109,45,,46,112,92,105,127,113,109,132,134,120,98,88,95,100,115,106,120,124,,119,99,73,91,65,103,95,100,102,111,91,,108,,60,,87,,119,116,105,91,128,130,101,94,90,98,95,109,118,106,106,99,101,95,92,95,120,113,,,,109,,
20260406,23,CO,0.26,0.43,0.48,0.57,0.30,0.53,0.30,0.27,0.20,0.25,0.50,0.35,0.43,0.55,0.32,0.48,0.38,0.41,0.49,0.56,0.60,0.80,0.50,0.47,0.46,0.62,1.17,0.63,0.58,0.62,0.36,0.46,0.38,0.78,0.54,0.87,0.70,0.80,0.55,0.70,0.50,0.90,0.70,0.65,0.52,0.58,0.35,0.68,0.46,0.40,0.50,0.67,0.68,0.63,0.51,0.47,0.50,0.25,0.33,0.53,0.60,0.50,0.60,0.52,0.70,0.53,0.40,0.48,0.25,0.70,0.50,0.55,0.44,0.54,0.50,0.73,0.39,0.34,0.38,0.47,0.40,0.47,0.47,0.27,0.40,0.47,0.34,0.57,0.62,0.42,0.33,0.47,0.40,0.46,0.33,0.45,1.17,0.60,0.67,0.67,0.90,0.35,0.45,0.57,0.60,1.50,0.97,0.55,0.43,0.70,0.39,0.50,0.63,0.56,0.36,1.18,0.73,0.72,0.44,0.60,0.38,0.50,0.28,0.53,0.47,1.08,0.52,0.45,0.53,0.77,0.57,0.45,0.57,0.70,0.90,1.07,0.60,0.83,0.68,1.13,0.45,0.55,0.55,0.65,0.83,0.37,0.60,0.35,0.53,0.42,0.63,0.55,0.75,0.52,0.65,0.60,0.60,0.76,0.38,0.60,,,,,,,,,,,,,,,,,,,,,,,,,,,,,,0.35,0.40,0.90,0.40,0.50,0.60,0.70,0.33,0.43,0.40,0.47,0.20,0.50,0.37,,0.25,0.50,0.30,0.60,0.50,0.43,0.35,0.30,0.40,0.60,0.35,0.10,0.27,0.23,0.27,0.27,0.33,0.30,0.43,0.25,0.40,0.40,0.37,0.44,0.40,0.85,0.38,0.65,0.35,0.50,0.27,0.45,0.27,0.75,0.37,0.67,0.73,0.65,0.70,0.90,0.80,0.50,0.72,0.60,0.80,0.95,0.75,0.80,1.05,0.66,0.63,0.50,0.45,0.58,0.57,0.43,0.37,0.95,0.63,0.72,0.77,0.65,0.50,0.40,1.20,0.73,0.50,0.78,0.70,0.70,0.65,0.53,0.35,0.50,0.50,0.35,0.60,0.70,1.00,0.83,1.00,0.97,0.90,1.05,1.10,0.67,0.40,0.47,0.40,0.45,0.65,0.72,0.30,0.85,0.45,0.40,,0.20,0.50,0.50,0.63,0.25,0.50,0.75,0.60,,0.65,0.35,0.40,0.45,0.80,0.45,0.60,0.50,0.45,0.90,0.40,0.90,0.35,0.35,0.30,0.25,0.35,0.70,,0.40,0.50,0.60,0.47,0.50,0.60,0.65,0.40,0.40,0.25,1.15,,0.40,,0.50,,0.35,0.50,0.40,0.20,0.50,0.30,0.40,0.30,0.40,0.85,0.45,0.50,0.25,0.40,0.20,0.80,0.25,1.00,0.60,0.75,0.40,,0.35,0.35,,,,0.65,,
20260406,23,CO_24h,0.26,0.34,0.32,0.29,0.25,0.45,0.26,0.30,0.20,0.20,0.30,0.33,0.45,0.38,0.28,0.47,0.37,0.40,0.47,0.65,0.78,0.91,0.75,0.50,0.54,0.68,0.96,0.77,0.70,0.75,0.44,0.64,0.43,0.72,0.60,0.60,0.54,0.90,0.65,0.60,0.55,0.73,0.60,0.60,0.67,0.53,0.43,0.60,0.49,0.44,0.52,1.08,0.63,0.70,0.54,0.47,0.57,0.30,0.40,0.60,0.60,0.67,0.67,0.53,0.62,0.52,0.47,0.44,0.25,0.52,0.50,0.70,0.42,0.37,0.40,0.58,0.49,0.30,0.42,0.40,0.27,0.40,0.63,0.30,0.50,0.63,0.28,0.47,0.52,0.35,0.25,0.40,0.43,0.62,0.27,0.43,1.10,0.68,0.70,0.67,0.70,0.40,0.55,0.53,0.80,0.70,0.87,0.70,0.40,0.70,0.41,0.47,0.50,0.46,0.34,0.88,0.55,0.72,0.42,0.60,0.42,0.53,0.30,0.83,0.93,0.72,0.56,0.40,0.62,0.67,0.52,0.43,0.50,0.70,0.90,1.02,0.60,0.97,0.72,0.90,0.45,0.63,0.70,0.80,0.77,0.47,0.57,0.30,0.68,0.55,0.50,0.45,0.45,0.46,0.55,0.50,0.50,0.66,0.46,0.30,,,,,,,,,,,,,,,,,,,,,,,,,,,,,,0.47,0.40,0.70,0.63,0.33,0.35,0.70,0.33,0.37,0.50,0.47,0.20,0.40,0.28,,0.20,0.50,0.28,0.50,0.35,0.50,0.33,0.30,0.35,0.75,0.35,0.15,0.30,0.27,0.30,0.37,0.40,0.35,0.53,0.30,0.35,0.35,0.52,0.52,0.45,0.82,0.58,0.50,0.45,0.50,0.40,0.50,0.33,0.83,0.37,0.70,0.90,0.55,0.75,0.70,0.57,0.70,0.60,0.55,0.82,0.95,0.67,0.88,0.70,0.68,0.67,0.55,0.45,0.54,0.57,0.40,0.40,0.83,0.63,0.74,0.87,0.60,0.90,0.53,0.90,0.83,0.65,0.87,0.95,0.90,0.65,0.63,0.35,0.60,0.55,0.45,0.63,0.65,0.97,0.77,1.10,0.80,1.00,0.95,1.00,0.80,0.50,0.50,0.60,0.65,0.67,0.63,0.40,0.70,0.50,0.40,,0.25,0.55,0.60,0.67,0.35,0.45,0.55,0.60,,0.75,0.40,0.40,0.50,0.75,0.45,0.50,0.40,0.40,0.65,0.40,0.90,0.35,0.40,0.30,0.25,0.30,0.50,,0.45,0.55,0.53,0.50,0.50,0.45,0.50,0.35,0.40,0.30,0.45,,0.30,,0.55,,0.40,0.60,0.40,0.20,0.30,0.40,0.40,0.40,0.43,0.50,0.40,0.40,0.35,0.30,0.20,0.75,0.15,0.45,0.30,0.55,0.50,,0.40,0.55,,,,0.60,,