date,hour,type,北京,天津,石家庄,唐山,秦皇岛,邯郸,保定,张家口,承德,廊坊,沧州,衡水,邢台,太原,呼和浩特,沈阳,大连,长春,哈尔滨,上海,南京,苏州,南通,连云港,徐州,扬州,无锡,常州,镇江,泰州,淮安,盐城,宿迁,杭州,宁波,温州,绍兴,湖州,嘉兴,台州,舟山,金华,衢州,丽水,合肥,福州,厦门,南昌,济南,青岛,郑州,武汉,长沙,广州,深圳,珠海,佛山,中山,江门,东莞,惠州,肇庆,南宁,海口,重庆,成都,贵阳,昆明,拉萨,西安,兰州,西宁,银川,乌鲁木齐,湘潭,株洲,包头,鄂尔多斯,营口,丹东,盘锦,葫芦岛,泉州,临沂,德州,聊城,滨州,淄博,枣庄,烟台,潍坊,济宁,泰安,日照,威海,东营,韶关,汕头,湛江,茂名,梅州,汕尾,河源,阳江,清远,潮州,揭阳,云浮,玉溪,菏泽,大同,长治,临汾,阳泉,赤峰,鞍山,抚顺,本溪,锦州,吉林,齐齐哈尔,牡丹江,大庆,芜湖,马鞍山,九江,洛阳,安阳,开封,焦作,平顶山,三门峡,宜昌,荆州,岳阳,常德,张家界,桂林,北海,柳州,三亚,绵阳,宜宾,攀枝花,泸州,自贡,德阳,南充,遵义,曲靖,咸阳,铜川,延安,宝鸡,渭南,金昌,嘉峪关,石嘴山,克拉玛依,巴音郭楞州,寿光,章丘,即墨,胶南,胶州,莱西,平度,蓬莱,招远,莱州,荣成,文登,乳山,吴江,昆山,常熟,张家港,太仓,句容,江阴,宜兴,金坛,溧阳,海门,临安,富阳,义乌,诸暨,瓦房店,信阳,周口,漳州,晋城,朔州,晋中,运城,忻州,吕梁,乌海,通辽,呼伦贝尔,巴彦淖尔,乌兰察布,兴安盟,锡林郭勒盟,阿拉善盟,阜新,辽阳,铁岭,朝阳,四平,辽源,通化,白山,松原,白城,延边朝鲜族自治州,鸡西,鹤岗,双鸭山,伊春,佳木斯,七台河,黑河,绥化,大兴安岭地区,蚌埠,淮南,淮北,铜陵,安庆,黄山,滁州,阜阳,宿州,六安,亳州,池州,宣城,莆田,三明,南平,龙岩,宁德,景德镇,萍乡,新余,鹰潭,赣州,吉安,宜春,抚州,上饶,鹤壁,新乡,濮阳,许昌,漯河,南阳,商丘,驻马店,黄石,十堰,襄阳,鄂州,荆门,孝感,黄冈,咸宁,随州,恩施土家族苗族自治州,衡阳,邵阳,益阳,郴州,永州,怀化,娄底,湘西州,梧州,防城港,钦州,贵港,玉林,百色,贺州,河池,来宾,崇左,广元,遂宁,内江,乐山,眉山,广安,达州,雅安,巴中,资阳,阿坝藏族羌族自治州,甘孜州,甘孜藏族自治州,凉山彝族自治州,六盘水,安顺,铜仁地区,毕节,黔西南布依族苗族自治州,黔东南苗族侗族自治州,黔东南州,黔南布依族苗族自治州,保山,昭通,丽江,普洱,临沧,楚雄州,红河州,文山州,西双版纳州,大理州,德宏州,怒江州,迪庆州,昌都,山南,日喀则,那曲地区,那曲,阿里地区,林芝,汉中,榆林,安康,商洛,白银,天水,武威,张掖,平凉,酒泉,庆阳,定西,陇南,临夏回族自治州,甘南州,海东地区,海北藏族自治州,黄南藏族自治州,海南藏族自治州,果洛藏族自治州,玉树藏族自治州,海西蒙古族藏族自治州,吴忠,中卫,固原,吐鲁番地区,哈密地区,昌吉州,博尔塔拉蒙古自治州,阿克苏地区,克孜勒苏柯尔克孜自治州,喀什地区,和田地区,伊犁哈萨克州,塔城地区,阿勒泰地区,石河子,五家渠,三沙,兰州新区,赣江新区,儋州,雄安新区,西咸新区
20260402,0,AQI,62,53,88,71,71,93,79,40,59,51,75,79,92,64,71,79,64,121,114,78,76,69,124,153,61,98,60,68,80,109,91,95,103,42,52,33,28,51,55,47,54,30,36,19,77,31,28,62,90,83,46,64,58,38,37,56,53,51,64,39,29,33,56,38,42,38,23,46,27,77,66,41,54,65,58,55,68,48,72,54,47,65,25,161,84,102,77,84,66,104,78,53,62,89,86,74,24,32,26,34,23,34,17,49,22,32,28,39,50,54,69,79,55,71,59,96,96,67,84,232,51,115,66,70,76,45,56,109,55,81,58,55,39,44,54,48,40,50,61,58,34,60,51,33,32,44,64,51,28,39,68,58,71,51,66,60,64,57,50,133,,,,,,,,,,,,,,,,,,,,,,,,,,,,,,47,54,28,62,44,64,41,46,70,52,55,22,61,37,,23,32,57,103,123,55,104,139,89,103,109,29,50,143,53,83,38,160,250,32,184,21,69,76,61,69,60,33,93,60,56,54,54,52,53,33,29,16,21,37,51,39,45,44,35,43,42,53,58,140,123,129,54,49,46,50,55,66,54,40,65,39,81,70,36,42,31,69,68,43,44,53,51,48,31,29,51,53,45,43,38,42,31,41,34,37,51,44,54,51,53,56,31,41,34,28,,15,27,37,20,34,44,30,35,,23,47,34,30,70,61,44,56,53,78,31,66,53,28,19,32,28,27,,33,18,52,64,44,39,95,50,72,83,53,,44,,46,,53,51,38,33,34,39,39,36,67,73,72,91,44,70,105,128,83,146,125,113,50,23,72,57,,,,43,,
20260402,0,PM2.5,16,11,31,34,27,69,22,17,17,11,23,25,56,35,43,58,23,92,86,57,56,50,94,117,44,73,35,48,59,82,68,71,77,20,35,19,18,36,39,32,38,16,22,9,55,4,6,38,32,61,32,46,28,22,20,40,37,36,46,21,14,19,40,23,23,22,14,31,5,41,35,24,18,31,39,38,46,17,37,26,33,42,4,123,17,38,14,27,47,33,16,36,41,66,32,15,12,7,15,22,11,24,11,34,13,8,9,15,35,32,37,58,20,30,37,71,72,45,62,182,30,87,48,51,56,21,33,82,39,60,35,32,18,31,37,28,26,30,44,41,24,35,35,21,20,22,46,26,16,25,39,29,29,27,31,30,24,26,19,65,,,,,,,,,,,,,,,,,,,,,,,,,,,,,,28,38,8,38,18,35,17,24,23,12,28,10,28,19,,3,8,39,77,93,29,78,106,66,77,82,12,35,109,14,61,25,122,200,12,139,8,50,56,39,47,43,22,69,42,40,38,37,31,37,3,19,10,15,3,34,20,28,31,12,22,24,37,35,107,93,98,38,34,23,35,30,41,38,22,41,20,30,51,22,28,12,50,33,30,27,36,36,28,22,13,36,37,30,30,18,26,18,29,23,16,21,27,36,24,33,24,20,27,23,8,,6,19,25,12,15,31,18,23,,5,33,24,8,51,44,31,28,37,57,22,47,37,9,3,3,5,19,,3,3,36,31,18,19,40,23,36,56,21,,20,,19,,21,25,17,17,24,6,18,13,33,35,37,42,23,51,51,70,41,112,65,78,15,3,43,38,,,,25,,
20260402,0,PM2.5_24h,16,33,37,26,17,69,35,10,8,31,50,58,55,20,15,30,29,43,54,47,65,42,74,105,57,75,38,51,61,77,79,86,80,13,21,9,20,26,27,11,21,11,12,5,52,3,13,24,61,65,44,38,32,10,14,20,13,17,18,7,8,7,14,24,19,20,12,22,7,29,30,23,24,23,26,26,20,14,21,35,19,20,12,92,79,73,38,62,55,31,38,58,62,90,33,23,8,12,18,21,5,11,8,19,6,10,9,5,24,31,13,22,17,27,15,36,37,43,22,93,13,51,24,42,55,21,41,66,38,47,33,21,26,31,27,15,15,18,17,15,22,24,21,20,8,11,25,19,15,18,34,26,19,24,29,29,22,16,13,46,,,,,,,,,,,,,,,,,,,,,,,,,,,,,,29,39,10,19,13,21,19,17,17,13,17,9,17,10,,5,8,14,41,36,12,39,44,39,45,30,18,34,68,53,68,21,66,69,17,77,7,63,58,44,51,48,14,69,47,54,38,28,25,31,5,6,4,6,9,29,28,21,32,9,15,24,22,22,58,53,42,56,47,37,31,32,32,20,36,27,33,37,30,23,31,13,26,18,25,19,18,19,24,17,8,15,15,15,12,14,13,10,15,17,19,14,16,22,15,23,15,14,17,17,9,,4,15,21,16,12,25,17,21,,10,29,21,8,43,39,24,48,31,56,21,46,33,11,7,5,3,14,,3,5,23,18,16,17,27,21,27,34,18,,22,,17,,20,19,11,12,14,15,8,13,28,28,18,32,16,28,24,56,53,49,52,32,9,3,32,33,,,,32,,
20260402,0,PM10,74,56,126,91,91,99,107,40,67,51,99,108,133,77,91,89,78,111,137,80,87,72,125,137,65,106,70,86,73,113,91,83,94,42,54,29,28,52,56,47,53,30,36,19,103,14,11,73,130,88,45,65,65,38,37,61,54,42,55,39,29,33,53,38,42,38,23,46,17,103,81,41,58,79,65,59,85,48,94,58,47,80,12,157,117,153,104,118,82,157,106,56,74,90,121,98,24,18,22,34,23,24,17,44,22,,15,39,48,58,87,63,59,91,68,141,93,84,94,259,51,113,72,74,100,45,61,93,54,84,65,59,39,37,58,48,40,50,58,66,32,70,51,33,32,44,66,52,28,39,86,66,91,51,81,70,78,64,50,215,,,,,,,,,,,,,,,,,,,,,,,,,,,,,,47,39,21,73,44,77,41,46,89,54,59,22,71,37,,12,28,63,95,108,60,111,134,97,117,105,29,50,137,55,68,38,,282,32,204,21,73,78,71,87,56,33,90,69,61,49,58,54,44,12,29,16,21,11,52,39,45,40,35,43,42,56,65,145,122,124,54,49,46,48,60,81,51,40,80,39,112,76,36,42,31,72,85,41,44,56,51,48,30,29,52,52,45,41,38,42,31,41,34,37,52,44,57,52,56,61,31,41,34,24,,14,24,37,17,34,44,30,35,,7,40,33,16,90,52,44,61,45,81,30,81,41,17,9,11,22,26,,11,9,53,77,44,39,140,50,93,116,55,,44,,46,,56,51,38,33,32,26,39,25,83,95,93,131,44,83,159,206,115,199,200,175,50,16,94,64,,,,43,,
20260402,0,PM10_24h,50,79,98,79,78,96,106,26,29,81,124,120,96,51,31,94,85,88,96,61,86,50,106,142,81,104,61,80,67,103,109,100,86,22,33,20,26,37,37,20,27,17,19,12,95,12,19,39,125,85,59,52,49,18,26,28,22,25,30,14,15,13,21,42,36,33,26,38,15,73,63,37,62,56,41,37,41,42,99,60,72,71,18,118,155,123,120,132,91,98,101,77,90,118,63,101,14,21,26,31,12,20,10,29,11,19,23,20,38,51,43,47,53,79,33,104,116,127,68,135,38,72,54,61,83,39,68,85,52,75,63,45,41,37,36,29,21,33,27,26,34,51,32,32,16,31,48,36,27,31,70,58,55,54,72,89,74,46,43,191,,,,,,,,,,,,,,,,,,,,,,,,,,,,,,51,56,19,56,51,56,51,41,66,51,62,20,52,26,,19,41,63,129,105,56,95,87,80,89,78,41,53,99,80,99,33,82,112,35,100,14,87,81,72,91,62,24,91,75,69,54,49,38,40,15,14,10,11,14,36,37,31,36,18,28,34,33,34,83,79,62,70,62,66,43,56,54,41,65,44,53,61,44,35,55,23,39,29,33,27,24,30,41,20,24,27,31,25,20,29,22,17,27,34,39,37,29,41,46,40,43,22,27,24,20,,14,18,35,20,22,37,24,31,,13,41,36,16,83,52,35,63,45,75,27,63,44,20,15,17,15,18,,8,10,45,55,35,43,73,48,79,90,52,,54,,49,,49,46,22,30,34,32,26,23,81,80,54,108,55,54,89,167,180,172,219,83,33,13,70,70,,,,50,,
20260402,0,SO2,4,6,3,4,11,4,4,4,3,2,6,7,6,5,10,11,8,10,14,7,6,6,4,10,8,6,6,8,5,9,6,7,5,6,5,5,6,6,5,6,6,3,3,4,6,4,3,7,9,6,4,8,6,6,5,6,6,4,6,6,6,9,5,6,8,5,7,4,4,5,8,17,11,7,5,7,8,6,13,9,6,57,4,19,10,11,22,12,8,8,4,6,7,8,6,9,6,6,6,12,7,6,6,8,7,4,7,7,7,5,13,11,6,9,32,13,8,8,11,10,5,6,10,7,7,6,10,6,9,9,5,15,6,8,7,11,7,5,13,9,4,7,8,5,9,5,5,6,8,5,6,4,3,6,6,14,11,21,5,10,,,,,,,,,,,,,,,,,,,,,,,,,,,,,,6,2,4,5,5,10,8,7,10,19,17,5,8,6,,4,8,21,11,13,7,6,7,8,9,1,5,7,9,9,6,6,8,15,10,66,7,5,8,7,6,5,5,7,6,5,5,7,4,5,3,4,3,6,5,5,6,8,4,4,8,8,9,24,12,10,5,6,6,7,3,4,12,7,13,15,6,3,10,5,8,8,6,9,5,5,13,5,6,4,7,8,7,10,12,18,6,5,9,8,3,7,8,5,9,7,6,5,9,5,5,,6,15,5,9,4,13,6,4,,5,6,6,8,9,4,4,5,4,9,5,5,6,6,6,8,7,11,,7,6,6,9,5,6,13,12,10,6,7,,7,,7,,3,32,9,10,16,14,8,15,9,10,9,4,10,6,5,5,7,7,2,9,7,6,13,9,,,,6,,
20260402,0,SO2_24h,4,9,3,7,10,7,4,4,3,5,9,7,9,8,8,10,9,8,9,7,7,6,7,11,8,6,7,8,6,9,7,8,5,6,6,5,7,5,5,5,6,3,3,4,6,4,3,8,8,8,5,7,8,6,5,6,6,5,7,5,6,8,5,7,9,5,7,4,4,5,11,13,13,7,5,6,10,6,9,9,5,15,4,13,12,8,15,15,9,10,8,7,7,11,7,11,8,7,11,12,8,6,6,7,7,3,5,8,5,5,11,10,8,10,11,15,9,9,10,12,6,6,7,8,8,6,12,6,8,10,6,13,6,8,7,8,8,5,9,9,4,7,9,9,11,6,4,7,8,6,6,4,2,6,8,17,19,15,6,10,,,,,,,,,,,,,,,,,,,,,,,,,,,,,,5,3,5,6,8,10,9,7,9,16,8,5,9,6,,5,9,8,10,9,6,7,7,10,10,2,5,8,8,10,10,6,6,10,7,12,10,6,8,7,8,6,4,7,6,4,5,6,4,5,3,7,3,6,5,6,6,3,5,4,7,8,8,11,11,11,4,6,6,6,3,4,9,7,13,10,5,4,6,5,6,7,7,11,6,6,5,4,4,4,9,7,5,9,7,16,6,7,9,8,9,8,8,6,11,6,5,7,9,5,5,,6,7,5,17,4,12,6,3,,5,6,6,9,9,6,4,5,4,9,5,5,7,6,5,9,8,12,,6,6,6,7,8,8,16,12,11,5,8,,5,,7,,5,12,7,10,12,15,7,15,10,10,9,4,8,8,4,4,11,5,3,7,6,5,15,10,,,,7,,
20260402,0,NO2,24,37,17,19,55,20,26,15,22,13,25,26,20,25,59,43,16,74,74,70,60,74,28,41,23,83,66,69,59,28,45,27,25,61,58,20,31,55,58,22,40,35,41,15,54,13,14,82,56,18,13,49,34,62,32,31,55,31,41,48,14,37,18,8,30,23,13,10,15,77,72,26,46,61,54,46,84,38,37,18,39,57,14,30,21,39,19,42,29,39,26,24,39,45,26,17,22,10,12,18,26,9,30,23,22,7,13,39,13,18,37,15,18,42,48,31,40,33,56,57,8,45,15,75,75,46,28,19,29,12,23,16,20,17,59,22,24,37,26,42,4,52,30,6,32,19,43,54,10,7,81,31,63,26,70,29,37,44,15,63,,,,,,,,,,,,,,,,,,,,,,,,,,,,,,12,13,20,10,17,24,8,26,50,56,14,6,24,42,,6,4,38,40,47,51,59,43,15,30,16,13,12,20,11,19,13,20,33,14,34,8,18,25,23,37,75,14,37,14,19,15,13,30,39,8,23,19,17,10,20,13,24,32,23,28,20,26,31,21,28,32,24,16,15,13,16,28,19,9,30,14,13,19,10,19,11,54,34,9,35,24,29,41,12,46,24,25,28,36,16,26,26,22,7,41,50,22,40,34,39,62,13,31,17,4,,15,11,8,5,24,10,6,13,,6,7,12,7,17,12,5,10,7,9,11,14,11,9,6,1,5,12,,1,4,39,84,16,21,63,48,37,54,29,,17,,9,,26,17,2,2,15,1,54,4,39,33,54,38,36,48,44,56,40,88,55,94,16,9,34,20,,,,6,,
20260402,0,NO2_24h,16,37,17,19,22,23,26,10,14,22,31,29,14,27,18,22,22,25,24,43,30,34,41,32,23,35,33,30,33,33,26,23,16,24,28,20,19,21,25,17,17,22,14,11,31,12,16,27,39,26,18,28,31,22,22,25,24,22,28,19,11,18,13,9,24,24,17,17,8,40,39,15,27,26,28,24,32,25,18,22,12,27,14,27,32,27,34,45,20,33,34,20,29,42,29,25,15,11,13,17,13,10,10,17,15,6,11,18,13,16,18,19,23,33,15,21,23,28,20,31,7,25,10,39,43,28,28,22,21,15,19,18,20,16,22,13,16,17,13,15,9,25,22,11,18,16,30,25,10,9,30,24,32,18,40,20,12,23,9,20,,,,,,,,,,,,,,,,,,,,,,,,,,,,,,10,14,16,20,16,24,20,20,29,21,9,6,12,15,,10,6,15,20,16,16,20,22,20,24,11,12,15,20,16,19,7,17,20,9,21,3,23,17,19,26,30,8,15,13,15,13,10,22,19,12,13,10,7,15,15,14,17,15,13,18,15,9,16,15,20,21,21,20,21,11,13,15,13,13,14,13,8,13,11,18,9,24,18,11,26,17,18,23,10,20,13,14,18,17,15,17,8,10,8,25,25,19,31,32,22,38,12,19,11,7,,13,9,12,8,15,13,6,13,,7,8,12,8,18,11,12,8,8,13,9,17,17,10,8,3,4,8,,1,4,20,44,13,19,31,28,20,17,22,,15,,12,,17,11,2,2,13,4,27,4,21,28,26,19,11,23,15,25,17,37,17,33,10,5,20,19,,,,8,,
20260402,0,O3,55,50,71,35,23,82,56,69,46,68,65,59,68,67,30,53,84,20,26,43,31,41,77,79,87,20,53,37,35,68,75,47,78,18,42,107,48,42,27,91,35,34,33,30,56,98,90,11,34,89,103,75,73,29,74,99,57,66,66,37,83,55,74,76,37,63,61,92,87,17,23,90,45,56,36,47,18,56,44,85,40,17,81,114,69,59,75,37,80,54,53,77,63,44,74,94,66,101,82,41,28,92,44,70,67,101,91,30,103,89,32,102,94,51,29,51,45,44,16,39,69,35,77,37,10,62,70,102,74,108,71,103,71,101,24,97,20,27,32,34,60,26,41,93,37,62,46,14,64,92,12,51,4,44,12,41,56,37,88,20,,,,,,,,,,,,,,,,,,,,,,,,,,,,,,127,90,91,120,67,75,116,57,30,41,83,71,55,39,,72,103,33,35,30,15,17,17,67,52,72,57,73,99,67,75,47,119,131,49,67,48,104,85,85,38,23,32,51,98,96,86,91,61,39,106,27,30,55,117,37,87,86,38,56,61,83,68,46,88,91,85,62,91,82,100,90,67,55,88,81,97,86,96,74,107,49,12,44,124,19,60,8,47,21,7,56,53,52,21,98,36,14,68,93,32,17,65,27,64,27,3,40,37,48,89,,48,75,74,65,27,61,85,45,,75,77,73,95,50,51,104,70,68,81,83,45,44,88,62,101,91,82,,105,59,31,8,38,81,21,41,31,26,49,,94,,85,,57,,110,95,96,125,35,114,46,50,31,64,53,56,57,42,66,4,72,9,61,74,83,76,,,,45,,
20260402,0,O3_24h,55,50,71,35,23,82,56,69,46,68,65,59,68,67,30,53,84,20,26,43,31,41,77,79,87,20,53,37,35,68,75,47,78,18,42,107,48,42,27,91,35,34,33,30,56,98,90,11,34,89,103,75,73,29,74,99,57,66,66,37,83,55,74,76,37,63,61,92,87,17,23,90,45,56,36,47,18,56,44,85,40,17,81,114,69,59,75,37,80,54,53,77,63,44,74,94,66,101,82,41,28,92,44,70,67,101,91,30,103,89,32,102,94,51,29,51,45,44,16,39,69,35,77,37,10,62,70,102,74,108,71,103,71,101,24,97,20,27,32,34,60,26,41,93,37,62,46,14,64,92,12,51,4,44,12,41,56,37,88,20,,,,,,,,,,,,,,,,,,,,,,,,,,,,,,127,90,91,120,67,75,116,57,30,41,83,71,55,39,,72,103,33,35,30,15,17,17,67,52,72,57,73,99,67,75,47,119,131,49,67,48,104,85,85,38,23,32,51,98,96,86,91,61,39,106,27,30,55,117,37,87,86,38,56,61,83,68,46,88,91,85,62,91,82,100,90,67,55,88,81,97,86,96,74,107,49,12,44,124,19,60,8,47,21,7,56,53,52,21,98,36,14,68,93,32,17,65,27,64,27,3,40,37,48,89,,48,75,74,65,27,61,85,45,,75,77,73,95,50,51,104,70,68,81,83,45,44,88,62,101,91,82,,105,59,31,8,38,81,21,41,31,26,49,,94,,85,,57,,110,95,96,125,35,114,46,50,31,64,53,56,57,42,66,4,72,9,61,74,83,76,,,,45,,
20260402,0,O3_8h,95,80,102,84,86,146,104,98,86,96,88,116,127,106,97,105,97,109,101,139,138,140,151,155,128,140,140,139,150,141,114,119,131,118,129,120,125,143,145,126,134,114,112,95,128,118,126,124,141,122,140,144,137,121,150,151,143,152,160,118,107,126,101,77,81,120,75,104,108,113,114,109,112,124,146,132,108,115,90,123,93,89,106,145,131,150,98,139,137,88,108,137,133,135,110,99,98,127,69,52,96,101,98,77,121,116,120,117,107,134,90,121,124,106,101,94,102,98,91,132,89,101,95,136,130,137,128,144,136,131,122,120,113,99,129,125,86,103,85,107,69,115,100,105,85,100,120,95,77,113,117,120,110,117,115,120,111,107,121,96,,,,,,,,,,,,,,,,,,,,,,,,,,,,,,130,125,130,139,87,111,125,94,111,110,89,87,109,93,,90,109,95,106,100,94,97,109,128,122,92,95,130,111,88,109,79,102,116,83,127,79,136,123,133,121,124,119,124,122,130,131,122,139,141,129,103,112,108,117,118,130,136,134,110,132,135,132,127,137,138,135,120,123,112,125,123,140,114,123,138,124,145,148,134,134,91,114,106,136,120,111,78,114,86,95,92,92,98,76,105,115,80,124,122,105,97,102,94,107,101,87,81,120,101,106,,75,93,80,81,82,82,84,71,,75,103,96,96,114,102,103,109,104,134,95,91,50,94,88,107,108,98,,120,86,110,114,102,103,113,113,112,112,109,,116,,98,,111,134,120,128,133,131,105,158,110,111,114,122,111,135,130,105,116,115,115,115,105,95,140,115,,,,76,,
20260402,0,O3_8h_24h,82,67,93,57,62,117,79,83,64,79,76,83,102,93,69,82,93,61,63,91,89,89,108,110,104,92,96,95,87,104,93,81,100,65,78,116,87,102,86,117,80,72,84,68,91,112,110,88,78,100,121,97,91,83,119,131,108,119,122,87,96,97,90,76,54,96,68,97,101,72,74,105,88,104,87,86,74,90,72,97,69,48,96,125,92,109,81,75,103,72,75,107,103,78,76,98,85,119,73,48,61,97,71,73,94,116,109,77,101,110,65,115,109,90,70,76,83,73,57,79,80,81,88,80,69,91,105,125,107,123,100,108,93,97,78,118,44,65,65,78,61,76,78,97,72,82,89,57,72,103,79,85,51,83,66,88,98,74,112,78,,,,,,,,,,,,,,,,,,,,,,,,,,,,,,127,108,111,138,76,93,122,81,75,80,74,79,88,75,,74,104,63,77,66,57,60,68,101,89,75,69,105,96,76,81,63,102,116,62,88,68,103,103,109,83,84,76,99,109,106,111,100,98,99,115,58,67,77,114,79,108,110,86,81,90,115,106,86,120,106,113,92,104,91,112,102,110,93,108,114,112,128,118,96,124,72,69,80,131,70,90,42,95,52,44,78,79,73,45,101,74,52,101,111,69,50,89,70,81,61,29,69,75,84,98,,66,84,78,72,61,71,84,52,,74,90,82,95,84,88,103,101,82,107,92,72,48,92,73,106,100,94,,117,70,74,68,64,88,84,91,73,92,80,,104,,94,,94,,114,118,117,127,74,133,81,86,74,100,85,111,113,88,101,90,106,82,92,87,123,101,,,,64,,
20260402,0,CO,0.38,0.43,0.36,0.61,0.50,0.57,0.39,0.40,0.35,0.33,0.28,0.33,0.55,0.47,0.70,0.66,0.48,0.95,1.11,0.78,0.99,0.93,0.93,1.26,0.46,0.86,0.91,0.84,0.70,0.78,0.66,0.98,0.40,0.74,0.53,0.33,0.44,0.77,0.85,0.50,0.60,0.63,0.50,0.40,0.77,0.35,0.43,0.82,0.74,1.13,0.42,0.68,0.71,0.80,0.69,0.73,0.73,0.70,0.77,0.77,0.63,0.60,0.66,0.57,0.68,0.51,0.47,0.46,0.45,0.77,0.90,0.50,0.48,0.72,0.57,0.75,0.67,0.38,0.62,0.53,0.57,0.70,0.60,1.44,0.44,0.77,0.30,0.50,0.72,0.50,0.28,0.55,0.50,1.36,0.45,0.48,0.63,0.70,0.67,0.80,0.75,0.60,0.50,0.83,0.65,0.50,0.70,0.70,0.67,0.40,0.63,1.02,0.53,0.66,0.86,0.86,0.68,0.62,1.10,1.53,0.38,0.77,0.38,0.80,0.83,0.70,0.59,0.75,0.63,0.70,0.55,0.40,0.40,0.70,0.77,0.90,0.55,0.83,0.95,0.77,0.50,0.65,0.77,0.47,0.90,0.53,0.57,0.55,0.48,0.47,0.77,0.55,0.65,0.44,0.45,0.50,0.77,0.70,0.50,0.60,,,,,,,,,,,,,,,,,,,,,,,,,,,,,,0.35,0.30,0.55,0.53,0.27,0.45,0.50,0.43,0.30,0.27,0.50,0.20,0.50,0.33,,0.25,0.45,0.70,0.80,0.80,0.67,0.67,1.00,0.85,0.95,0.55,0.30,0.33,0.80,0.43,0.47,0.38,0.55,1.07,0.40,0.85,0.25,0.47,0.54,0.45,0.63,0.63,0.45,0.75,0.64,0.37,0.47,0.17,1.07,0.47,0.53,0.67,0.65,0.65,0.40,0.77,0.80,0.68,0.50,0.52,1.05,0.85,0.85,0.80,1.12,0.80,0.80,0.38,0.48,0.55,0.40,0.33,0.90,0.80,0.72,0.65,0.48,0.60,0.57,0.60,0.67,0.50,1.25,0.80,0.90,0.50,0.60,0.55,0.85,0.45,0.35,0.80,0.75,0.73,0.87,0.60,1.00,0.70,0.65,0.60,0.50,0.95,0.50,0.65,0.60,0.95,0.72,0.45,0.75,0.55,0.20,,0.35,0.75,0.40,0.60,0.70,0.60,0.50,0.60,,0.55,0.30,0.30,0.45,0.80,0.80,0.40,0.50,0.55,0.75,0.45,0.75,0.50,0.60,0.55,0.30,0.30,0.80,,0.25,0.55,0.63,0.60,0.40,0.50,0.60,0.55,0.60,0.65,0.40,,0.50,,0.75,,0.50,0.60,0.50,0.30,0.50,0.30,0.80,0.40,0.60,0.70,0.70,1.00,0.20,0.60,0.50,0.55,0.30,1.85,1.15,1.75,0.50,0.30,0.85,0.70,,,,0.70,,
20260402,0,CO_24h,0.35,0.63,0.44,0.62,0.50,0.73,0.39,0.37,0.30,0.43,0.45,0.47,0.73,0.53,0.38,0.65,0.54,0.49,0.59,0.66,0.86,0.71,0.92,1.00,0.58,0.80,0.90,0.71,0.80,0.78,0.70,0.86,0.53,0.57,0.46,0.37,0.40,0.67,0.60,0.40,0.55,0.53,0.50,0.45,0.70,0.40,0.43,0.67,0.77,0.81,0.49,0.57,0.79,0.71,0.66,0.60,0.60,0.65,0.57,0.70,0.52,0.50,0.57,0.52,0.60,0.53,0.60,0.52,0.43,0.47,0.73,0.70,0.58,0.47,0.67,0.70,0.60,0.36,0.60,0.57,0.33,0.47,0.60,0.73,0.70,0.70,0.56,0.78,0.70,0.47,0.45,0.63,0.62,1.26,0.50,0.58,0.67,0.75,0.67,0.87,0.70,0.60,0.50,0.73,0.55,0.50,0.70,0.60,0.47,0.40,0.63,0.52,0.55,0.66,0.48,1.00,0.60,0.84,0.50,1.08,0.36,0.57,0.30,0.75,0.80,0.68,0.63,0.63,0.60,0.67,0.50,0.38,0.38,0.57,0.73,0.82,0.45,0.70,0.77,0.61,0.50,0.55,0.75,0.78,0.70,0.50,0.53,0.40,0.48,0.57,0.57,0.45,0.45,0.42,0.40,0.50,0.90,0.56,0.38,0.40,,,,,,,,,,,,,,,,,,,,,,,,,,,,,,0.35,0.40,0.55,0.63,0.30,0.30,0.88,0.40,0.33,0.40,0.47,0.20,0.40,0.33,,0.25,0.50,0.42,0.70,0.55,0.47,0.40,0.60,0.70,0.95,0.40,0.35,0.40,0.63,0.63,0.60,0.40,0.40,0.60,0.35,0.60,0.25,0.55,0.56,0.50,0.70,0.63,0.45,0.65,0.62,0.43,0.45,0.17,0.90,0.37,0.67,0.77,0.60,0.60,0.45,0.70,0.80,0.68,0.60,0.50,0.95,0.85,0.78,0.60,0.78,0.58,0.55,0.50,0.52,0.57,0.40,0.33,0.97,0.70,0.74,0.60,0.53,0.50,0.50,0.60,0.67,0.50,1.05,0.75,0.90,0.45,0.53,0.40,0.75,0.35,0.30,0.60,0.73,0.67,0.70,0.55,0.83,0.60,0.75,0.60,0.67,0.60,0.40,0.60,0.55,0.75,0.53,0.40,0.65,0.50,0.20,,0.30,0.50,0.40,0.60,0.60,0.55,0.50,0.65,,0.60,0.30,0.30,0.55,0.65,0.60,0.40,0.50,0.50,0.75,0.45,0.65,0.65,0.55,0.50,0.30,0.30,0.50,,0.25,0.55,0.53,0.47,0.40,0.50,0.60,0.45,0.40,0.40,0.40,,0.40,,0.75,,0.45,0.70,0.40,0.30,0.40,0.40,0.50,0.30,0.57,0.45,0.50,0.75,0.10,0.60,0.35,0.35,0.25,0.70,0.50,0.95,0.50,0.30,0.70,0.65,,,,0.75,,
20260402,1,AQI,60,54,89,69,70,93,77,40,57,44,74,80,90,65,68,91,63,133,114,73,80,70,124,170,63,100,56,70,85,114,89,99,106,43,53,31,28,51,61,45,63,29,37,20,75,29,28,59,84,90,49,59,51,40,31,51,51,43,66,38,26,37,55,37,39,33,22,46,27,79,65,45,48,66,53,53,65,45,73,55,66,59,26,184,83,94,73,86,69,102,77,60,60,89,87,74,24,30,27,31,24,31,16,54,21,30,27,46,48,56,67,71,52,75,60,90,79,64,74,222,51,133,80,69,78,43,56,103,56,86,60,54,35,44,51,49,37,50,58,60,38,60,54,33,32,44,61,49,26,36,67,53,69,49,66,59,64,54,44,123,,,,,,,,,,,,,,,,,,,,,,,,,,,,,,49,41,28,60,47,63,46,46,71,58,51,22,51,38,,25,32,56,104,109,53,78,136,89,101,109,32,51,159,68,96,34,166,265,26,199,19,75,83,59,68,53,38,89,61,58,54,59,53,46,33,29,14,25,35,54,30,47,39,31,41,40,55,57,133,164,98,59,47,41,55,54,62,55,41,60,37,58,63,31,48,31,65,57,39,44,55,54,49,26,23,59,50,45,54,34,43,53,49,41,35,37,44,52,51,53,51,30,37,37,29,,13,26,36,20,30,43,27,32,,23,40,32,30,68,63,46,50,50,78,30,64,50,30,18,31,29,24,,32,18,50,64,40,40,100,49,63,106,51,,50,,43,,62,51,37,28,38,38,34,35,64,73,63,82,44,60,86,122,85,151,137,119,37,26,66,71,,,,41,,
20260402,1,PM2.5,14,11,33,31,28,69,25,20,20,12,26,22,50,33,32,68,23,101,86,53,59,51,94,129,45,75,34,51,63,86,66,74,80,21,36,19,18,35,44,30,45,14,22,9,54,4,5,36,33,67,34,42,24,23,17,34,36,30,48,20,14,22,34,24,23,22,11,28,6,42,32,25,18,31,30,31,42,18,41,27,48,35,6,139,17,40,14,31,50,33,16,37,41,66,33,15,13,6,15,21,14,17,11,34,11,7,14,16,33,39,31,52,20,33,34,67,58,42,54,172,29,101,59,50,53,21,38,77,40,64,37,31,19,27,33,28,22,31,37,42,23,36,38,22,21,23,44,22,15,25,43,28,27,28,30,26,24,23,15,58,,,,,,,,,,,,,,,,,,,,,,,,,,,,,,26,24,9,35,15,33,23,26,22,21,25,9,23,16,,5,8,32,78,82,27,57,104,66,76,82,17,36,121,22,72,23,126,215,17,149,9,55,61,40,49,37,23,66,41,40,38,42,31,32,3,20,9,16,7,38,21,33,27,15,21,27,39,31,101,125,73,42,33,28,39,27,35,39,26,34,24,34,45,18,28,14,47,30,27,28,39,38,27,18,12,38,31,28,38,15,25,18,34,29,14,18,29,36,20,33,22,19,25,26,7,,3,18,23,14,15,16,18,20,,5,27,21,6,47,45,32,29,35,57,20,46,35,8,3,3,3,17,,3,3,30,33,15,23,38,22,31,80,17,,23,,20,,28,25,15,17,24,8,20,8,28,35,24,34,19,43,42,69,45,101,73,79,19,3,39,52,,,,24,,
20260402,1,PM2.5_24h,15,31,37,26,17,69,34,11,9,28,47,56,55,21,16,31,29,45,51,47,64,42,76,105,56,75,37,50,61,78,78,87,79,13,22,10,20,26,27,12,23,11,13,5,51,3,12,25,58,66,43,39,31,11,14,21,15,18,20,8,8,7,15,24,20,20,12,23,7,30,30,22,24,23,26,26,22,14,22,35,19,18,12,93,75,71,37,61,54,32,37,56,60,90,33,23,8,11,18,21,6,11,8,20,7,9,9,6,24,30,14,23,17,28,16,38,36,43,22,98,14,52,26,42,54,21,41,67,39,48,33,21,25,30,27,15,15,19,18,17,22,25,22,20,8,12,27,19,15,18,34,26,19,25,29,28,22,16,13,46,,,,,,,,,,,,,,,,,,,,,,,,,,,,,,28,38,8,20,13,21,18,18,17,14,17,9,17,11,,5,9,13,42,37,12,39,46,41,47,32,18,35,71,50,68,20,69,76,14,76,7,62,57,43,51,47,15,68,46,52,37,27,25,30,5,7,4,6,8,31,28,21,32,9,15,25,23,23,61,57,42,55,45,35,29,30,33,21,36,28,32,36,31,23,31,13,28,19,25,19,19,20,24,18,8,16,17,16,13,14,14,10,17,17,19,14,16,22,15,24,16,14,17,18,9,,4,15,21,16,12,25,18,22,,10,29,21,8,43,39,24,48,32,56,21,46,33,11,7,5,3,14,,3,5,23,19,16,17,28,21,28,34,18,,21,,17,,19,19,11,12,14,15,9,12,28,28,19,32,16,28,24,56,51,52,53,33,10,3,32,33,,,,32,,
20260402,1,PM10,70,57,128,87,90,103,103,40,64,44,98,110,129,79,86,98,76,131,130,75,90,74,131,158,65,109,61,90,78,112,91,86,96,43,55,31,28,52,61,45,60,29,37,20,100,11,10,68,118,92,43,63,52,40,31,51,44,43,61,38,25,37,60,37,39,33,22,46,16,107,80,45,48,81,55,56,80,45,95,59,65,68,11,163,116,137,96,122,87,154,103,69,70,88,124,97,24,18,23,31,24,29,16,58,18,,20,46,48,61,83,65,54,99,70,126,99,78,95,227,52,129,88,76,106,43,62,88,57,101,70,57,35,44,52,49,37,50,65,69,38,69,52,33,32,44,57,49,26,36,83,56,88,49,82,68,78,57,44,195,,,,,,,,,,,,,,,,,,,,,,,,,,,,,,49,41,23,69,47,75,46,46,92,66,52,22,52,38,,11,30,62,112,108,56,93,126,97,117,103,32,50,151,86,87,34,121,293,26,211,19,77,81,67,86,56,38,87,71,65,44,64,55,45,12,28,14,25,12,52,25,45,36,31,41,40,55,63,133,142,114,59,46,41,53,57,74,56,41,70,37,66,63,31,48,31,70,64,27,44,51,52,49,25,12,67,50,45,43,34,43,55,45,34,35,37,44,54,51,56,51,30,37,30,29,,12,25,36,18,30,43,25,32,,12,40,32,15,85,50,43,50,45,73,30,58,43,16,8,11,22,21,,9,9,50,77,40,40,150,49,76,153,52,,50,,43,,73,51,37,26,38,23,34,24,78,96,75,113,44,65,122,193,119,252,224,187,37,13,82,75,,,,41,,
20260402,1,PM10_24h,50,77,100,80,79,96,106,25,30,79,124,120,97,53,33,96,86,89,92,61,86,51,109,143,80,103,61,79,67,103,108,100,86,23,33,20,26,38,37,21,29,17,19,13,94,13,18,41,125,87,58,52,49,19,26,28,23,26,31,15,15,14,23,42,36,32,26,38,15,74,64,37,61,56,42,37,43,42,101,61,74,71,18,119,154,124,120,133,89,103,103,75,88,117,67,103,15,20,26,31,12,20,11,30,11,18,22,21,39,50,45,47,52,80,33,107,116,126,69,140,39,74,54,62,84,39,68,86,54,76,64,46,41,37,37,30,21,34,29,27,34,52,33,32,17,32,48,37,26,32,70,57,57,54,73,88,73,46,43,191,,,,,,,,,,,,,,,,,,,,,,,,,,,,,,50,54,18,56,50,57,51,42,68,52,55,20,53,26,,19,41,62,131,105,57,96,89,83,91,70,38,53,102,73,99,33,84,123,33,100,15,85,80,71,89,61,25,90,74,67,53,48,39,40,15,14,11,12,13,38,37,32,37,19,29,35,34,36,87,84,63,69,60,64,41,54,56,41,66,46,52,61,46,36,55,24,41,31,32,28,25,30,42,20,24,29,32,27,22,29,23,19,29,34,38,37,30,41,46,41,44,22,27,24,20,,14,19,35,20,22,37,24,32,,13,42,35,16,84,51,35,64,46,75,27,64,43,20,15,17,15,18,,8,10,45,55,36,42,75,47,79,91,52,,54,,48,,49,45,23,30,34,31,26,23,81,81,56,109,55,54,89,167,174,178,220,85,33,13,69,70,,,,50,,
20260402,1,SO2,4,7,3,4,10,4,4,4,3,3,5,7,5,5,9,12,8,10,13,6,6,6,4,10,8,6,5,8,6,8,6,6,5,6,5,4,6,6,6,5,6,3,4,4,6,4,3,7,7,6,4,8,6,6,5,5,8,4,6,6,6,11,5,6,9,5,6,4,5,5,9,17,12,8,5,7,9,6,16,9,8,45,4,15,9,10,12,13,9,8,5,7,8,8,6,8,7,6,6,13,7,6,6,7,7,4,7,6,8,5,13,10,7,12,16,10,8,8,23,10,5,6,9,7,7,6,10,5,8,9,5,13,6,9,7,15,7,5,15,9,4,7,8,5,9,5,4,6,7,7,5,4,3,6,6,11,11,14,5,9,,,,,,,,,,,,,,,,,,,,,,,,,,,,,,5,2,4,5,5,9,7,7,11,25,15,5,8,4,,5,8,21,9,9,7,5,7,8,10,2,5,6,10,9,5,6,7,14,7,31,7,5,8,7,6,6,4,6,7,5,6,6,4,4,3,4,3,5,4,5,5,7,4,4,7,9,9,29,13,11,5,5,6,6,3,5,10,7,12,13,6,4,10,5,12,8,6,9,4,5,13,5,5,4,8,8,8,10,28,16,6,5,14,9,3,6,8,6,8,7,5,6,9,5,5,,5,16,4,8,4,12,6,4,,5,6,5,9,9,4,4,4,4,9,5,5,6,6,6,8,7,10,,6,6,7,8,4,7,10,11,10,7,7,,10,,7,,3,21,9,10,13,14,7,15,7,10,8,4,7,6,3,4,7,6,2,8,7,5,11,10,,,,7,,
20260402,1,SO2_24h,4,9,3,7,10,7,4,4,3,5,8,7,8,8,8,10,9,8,9,7,7,6,7,11,8,6,7,8,7,9,7,8,5,6,6,5,7,5,5,5,6,3,3,4,6,4,3,8,8,8,5,7,8,6,5,6,6,5,7,5,6,8,5,7,9,5,7,4,4,6,11,13,13,7,5,6,11,6,10,9,5,16,4,13,12,8,14,15,9,10,8,7,7,11,7,10,8,7,10,12,8,6,6,7,7,3,5,8,5,5,12,10,8,10,11,15,9,9,8,12,6,6,7,8,8,6,12,6,8,10,6,13,6,8,7,8,8,5,9,9,4,7,9,9,11,6,4,7,8,6,6,4,2,6,8,17,19,15,6,10,,,,,,,,,,,,,,,,,,,,,,,,,,,,,,5,3,5,6,8,10,9,8,9,17,8,5,9,6,,5,9,8,10,9,6,7,7,10,10,2,5,8,8,10,9,6,6,10,7,13,10,6,8,7,8,6,4,7,6,4,5,6,4,5,3,6,3,6,5,6,6,3,5,4,7,9,8,11,11,11,4,6,6,6,3,4,9,7,13,10,5,4,6,5,6,7,7,11,6,6,6,4,4,4,9,7,5,9,8,16,6,7,9,8,9,8,8,6,11,6,5,7,9,5,5,,6,7,5,16,4,12,6,3,,5,6,6,9,9,6,4,4,4,9,5,5,7,6,5,8,8,12,,6,6,6,7,8,8,16,12,11,5,8,,5,,7,,5,12,7,10,12,15,7,15,10,10,9,4,8,8,4,4,11,5,3,7,6,5,15,10,,,,7,,
20260402,1,NO2,26,42,21,18,52,21,32,13,20,13,27,29,20,28,56,44,18,74,67,75,60,67,28,34,22,95,60,63,54,23,40,27,24,57,52,25,32,54,51,24,43,33,41,18,47,12,13,73,52,22,11,35,26,59,27,23,55,29,39,40,12,35,16,6,26,17,11,8,12,76,61,32,53,56,44,38,76,34,36,18,55,57,12,33,22,38,18,52,30,44,25,22,30,40,23,19,21,9,11,15,28,7,27,33,16,7,14,35,14,20,36,14,14,51,33,33,38,30,47,48,9,42,17,68,70,40,28,18,24,15,28,15,21,26,48,25,15,36,25,39,3,49,28,7,30,14,30,33,8,9,67,27,57,24,90,18,25,38,9,43,,,,,,,,,,,,,,,,,,,,,,,,,,,,,,14,11,20,10,17,29,8,27,41,58,11,6,12,23,,5,4,34,43,31,56,57,43,15,23,14,12,12,16,21,26,11,28,35,10,29,7,15,22,18,29,52,11,33,13,19,15,12,27,34,8,21,18,18,10,27,11,25,18,23,30,19,17,26,21,26,26,21,17,14,12,15,34,20,9,23,13,18,18,6,19,13,50,24,7,37,24,32,29,12,46,23,26,29,35,14,27,31,27,8,33,30,17,36,15,34,52,11,28,16,2,,17,11,8,5,26,9,5,16,,4,6,13,6,20,10,5,7,6,7,8,14,11,7,7,1,4,6,,3,3,25,87,13,21,65,42,20,42,22,,14,,8,,36,6,1,2,11,1,53,8,30,33,27,31,43,27,30,64,28,86,52,83,9,5,22,21,,,,5,,
20260402,1,NO2_24h,16,36,17,18,23,23,25,10,14,20,30,28,14,26,20,22,21,27,25,44,32,36,40,32,23,36,34,31,34,33,26,24,16,26,30,21,20,23,27,17,19,22,15,11,31,12,15,29,39,26,18,28,30,24,22,25,26,23,29,20,11,19,14,8,24,23,16,16,8,41,39,16,27,26,28,25,35,24,19,22,14,27,14,27,31,27,33,44,21,34,33,19,27,41,29,24,15,10,13,17,14,10,11,18,15,6,11,19,13,16,20,18,21,33,17,21,22,27,20,31,7,25,10,40,44,28,27,21,22,15,19,18,20,16,23,13,15,18,13,16,8,26,22,11,19,16,29,26,10,9,31,24,32,18,43,19,13,23,8,20,,,,,,,,,,,,,,,,,,,,,,,,,,,,,,10,14,15,18,16,23,18,20,29,22,10,6,12,15,,9,6,15,21,17,18,21,22,20,24,11,12,14,20,15,19,7,18,21,9,21,3,22,17,19,26,31,9,16,13,15,14,10,22,19,12,13,10,8,15,15,14,17,16,14,18,15,9,16,15,21,21,20,20,20,11,13,16,13,12,15,13,8,13,11,19,9,25,18,11,28,18,19,23,10,22,13,15,19,18,15,17,9,11,8,24,25,19,31,31,22,38,11,18,11,7,,12,9,11,8,15,13,6,14,,7,8,12,8,17,11,12,8,8,13,9,17,17,10,8,3,4,8,,2,4,19,45,13,18,32,28,20,17,22,,15,,12,,17,11,2,2,13,3,27,4,22,27,26,19,12,23,15,26,16,39,18,33,10,5,19,19,,,,8,,
20260402,1,O3,50,43,60,33,18,72,45,66,45,64,59,52,60,56,26,49,81,19,30,36,29,45,63,94,85,13,51,34,33,75,62,52,79,12,42,90,40,38,33,76,31,32,28,21,60,93,88,19,37,77,104,80,84,29,75,101,44,59,65,49,84,55,72,74,38,69,61,94,87,14,25,62,37,60,49,49,19,56,40,82,2,20,83,104,62,52,75,25,67,43,52,76,70,35,79,88,67,97,87,48,30,99,47,55,66,97,86,30,103,84,32,95,95,35,33,41,39,43,18,42,64,35,72,42,15,61,64,93,72,103,59,100,60,100,37,88,27,27,30,31,60,24,42,90,33,60,55,30,66,88,21,52,2,40,3,57,57,38,97,49,,,,,,,,,,,,,,,,,,,,,,,,,,,,,,125,89,88,115,61,63,118,54,34,35,86,71,70,60,,79,101,34,22,35,5,21,12,61,57,71,60,69,106,52,58,42,93,129,51,67,49,107,83,94,45,39,27,46,97,97,84,90,60,38,104,26,29,50,112,18,86,75,58,47,47,82,86,44,83,96,81,62,86,78,102,91,57,49,92,91,92,57,86,77,99,38,8,45,122,13,53,3,43,16,,47,47,45,16,99,33,7,56,91,36,43,64,30,81,32,10,41,35,44,73,,43,74,72,63,20,58,85,41,,75,77,68,97,36,42,105,71,65,74,87,41,39,96,57,100,94,74,,101,59,43,3,36,78,18,42,45,24,56,,91,,82,,46,,114,91,95,121,31,111,48,42,66,71,36,67,55,28,73,5,33,7,49,83,93,65,,,,43,,
20260402,1,O3_24h,50,43,60,33,18,72,45,66,45,64,59,52,60,56,26,49,81,19,30,36,29,45,63,94,85,13,51,34,33,75,62,52,79,12,42,90,40,38,33,76,31,32,28,21,60,93,88,19,37,77,104,80,84,29,75,101,44,59,65,49,84,55,72,74,38,69,61,94,87,14,25,62,37,60,49,49,19,56,40,82,2,20,83,104,62,52,75,25,67,43,52,76,70,35,79,88,67,97,87,48,30,99,47,55,66,97,86,30,103,84,32,95,95,35,33,41,39,43,18,42,64,35,72,42,15,61,64,93,72,103,59,100,60,100,37,88,27,27,30,31,60,24,42,90,33,60,55,30,66,88,21,52,2,40,3,57,57,38,97,49,,,,,,,,,,,,,,,,,,,,,,,,,,,,,,125,89,88,115,61,63,118,54,34,35,86,71,70,60,,79,101,34,22,35,5,21,12,61,57,71,60,69,106,52,58,42,93,129,51,67,49,107,83,94,45,39,27,46,97,97,84,90,60,38,104,26,29,50,112,18,86,75,58,47,47,82,86,44,83,96,81,62,86,78,102,91,57,49,92,91,92,57,86,77,99,38,8,45,122,13,53,3,43,16,,47,47,45,16,99,33,7,56,91,36,43,64,30,81,32,10,41,35,44,73,,43,74,72,63,20,58,85,41,,75,77,68,97,36,42,105,71,65,74,87,41,39,96,57,100,94,74,,101,59,43,3,36,78,18,42,45,24,56,,91,,82,,46,,114,91,95,121,31,111,48,42,66,71,36,67,55,28,73,5,33,7,49,83,93,65,,,,43,,
20260402,1,O3_8h,,,,,,,,,,,,,,,,,,,,,,,,,,,,,,,,,,,,,,,,,,,,,,,,,,,,,,,,,,,,,,123,,,,,,,,,,,,,,,,,,,,,,,,,,,,,,,,,,,,,,,,,,,,,,,,,,,,,,,,,,,87,,,,,,,,,,,,,,,,,,,103,,,,,,,,,,,,,,,,,,,,,,,,,,,,,,,,,,,,,,,,,,,,,,,,,,,,,,,,,,,,,,,,,,,,,,,,,,,,,,,,,,,,,,,,,,,,,,,,,,,,,,,,,,,,,,,,,,,,,,,,,,,,,,,,,,,,,,,,,,,,,,,,,,,,,,,,,,,,,,,,,,,,,,,,,,,,,,,,103,,,,,,,,,,,,,,,,,,,,,,,,,,,,,,,,,,,,,,,,,,,,,,,,,,,,,,,,,,,
20260402,1,O3_8h_24h,,,,,,,,,,,,,,,,,,,,,,,,,,,,,,,,,,,,,,,,,,,,,,,,,,,,,,,,,,,,,,,,,,,,,,,,,,,,,,,,,,,,,,,,,,,,,,,,,,,,,,,,,,,,,,,,,,,,,,,,,,,,,,,,,,,,,,,,,,,,,,,,,,,,,,,,,,,,,,,,,,,,,,,,,,,,,,,,,,,,,,,,,,,,,,,,,,,,,,,,,,,,,,,,,,,,,,,,,,,,,,,,,,,,,,,,,,,,,,,,,,,,,,,,,,,,,,,,,,,,,,,,,,,,,,,,,,,,,,,,,,,,,,,,,,,,,,,,,,,,,,,,,,,,,,,,,,,,,,,,,,,,,,,,,,,,,,,,,,,,,,,,,,,,,,,,,,,,,,,,,,,,,,,,,,,,,,,
20260402,1,CO,0.40,0.48,0.36,0.60,0.45,0.65,0.39,0.37,0.35,0.25,0.30,0.33,0.55,0.48,0.60,0.71,0.49,0.93,1.03,0.73,0.99,0.92,0.92,1.21,0.44,0.80,0.93,0.84,0.72,0.80,0.60,0.94,0.40,0.72,0.53,0.33,0.41,0.75,0.78,0.50,0.55,0.57,0.50,0.40,0.72,0.35,0.43,0.82,0.73,1.20,0.42,0.73,0.76,0.82,0.68,0.67,0.77,0.65,0.73,0.77,0.63,0.60,0.66,0.57,0.64,0.50,0.57,0.46,0.38,0.71,0.83,0.60,0.50,0.60,0.52,0.73,0.67,0.38,0.76,0.50,0.63,0.63,0.57,1.24,0.44,0.80,0.28,0.57,0.70,0.52,0.27,0.60,0.45,1.36,0.45,0.47,0.63,0.65,0.67,0.80,0.75,0.60,0.50,0.90,0.60,0.50,0.70,0.70,0.73,0.50,0.59,1.33,0.47,0.66,0.64,0.84,0.65,0.64,1.00,1.42,0.38,0.73,0.42,0.75,0.80,0.68,0.60,0.80,0.60,0.80,0.52,0.40,0.40,0.73,0.75,0.90,0.45,0.87,0.95,0.78,0.50,0.60,0.75,0.53,0.87,0.53,0.53,0.40,0.45,0.55,0.73,0.45,0.65,0.44,0.40,0.50,0.67,0.56,0.44,0.40,,,,,,,,,,,,,,,,,,,,,,,,,,,,,,0.35,0.40,0.50,0.53,0.23,0.45,0.53,0.43,0.30,0.43,0.53,0.20,0.40,0.32,,0.20,0.45,0.78,0.83,0.70,0.67,0.57,0.90,0.80,0.90,0.45,0.35,0.33,0.87,0.47,0.50,0.38,0.55,1.10,0.35,0.95,0.20,0.48,0.56,0.45,0.63,0.63,0.45,0.75,0.60,0.37,0.53,0.20,1.20,0.40,0.57,0.70,0.60,0.60,0.40,0.77,0.73,0.70,0.35,0.52,1.00,1.15,0.80,0.75,1.12,0.88,0.65,0.38,0.48,0.55,0.37,0.33,1.10,0.77,0.74,0.50,0.50,0.60,0.47,0.60,0.67,0.50,1.12,0.75,0.90,0.55,0.63,0.55,0.75,0.45,0.35,0.77,0.73,0.80,0.93,0.60,1.00,0.70,0.65,0.70,0.47,0.80,0.50,0.63,0.60,0.85,0.60,0.45,0.75,0.55,0.30,,0.35,0.95,0.40,0.60,0.70,0.55,0.50,0.60,,0.55,0.30,0.30,0.45,0.75,0.80,0.40,0.50,0.50,0.75,0.45,0.70,0.50,0.50,0.55,0.25,0.30,0.60,,0.30,0.55,0.67,0.63,0.40,0.60,0.70,0.50,0.40,0.90,0.35,,0.50,,0.70,,0.45,0.50,0.50,0.30,0.30,0.30,0.80,0.50,0.37,0.95,0.40,0.90,0.30,0.45,0.45,0.75,0.15,1.55,1.45,1.55,0.40,0.30,0.75,0.70,,,,0.65,,
20260402,1,CO_24h,0.35,0.62,0.44,0.62,0.40,0.73,0.37,0.37,0.30,0.43,0.43,0.47,0.70,0.55,0.38,0.63,0.54,0.49,0.60,0.67,0.86,0.71,0.93,1.01,0.56,0.80,0.90,0.71,0.80,0.78,0.70,0.86,0.50,0.57,0.46,0.37,0.40,0.67,0.60,0.40,0.55,0.53,0.50,0.45,0.70,0.40,0.43,0.67,0.76,0.87,0.49,0.57,0.79,0.72,0.68,0.60,0.63,0.65,0.60,0.70,0.55,0.50,0.57,0.52,0.60,0.52,0.57,0.52,0.43,0.49,0.77,0.70,0.58,0.45,0.67,0.70,0.63,0.36,0.58,0.57,0.33,0.45,0.60,0.76,0.70,0.70,0.54,0.73,0.70,0.47,0.45,0.63,0.62,1.28,0.50,0.58,0.67,0.75,0.67,0.87,0.70,0.60,0.50,0.77,0.55,0.50,0.70,0.60,0.47,0.40,0.64,0.57,0.55,0.66,0.48,1.00,0.57,0.82,0.50,1.08,0.36,0.60,0.30,0.73,0.80,0.68,0.63,0.65,0.60,0.67,0.50,0.38,0.38,0.60,0.73,0.82,0.45,0.70,0.80,0.61,0.50,0.55,0.75,0.78,0.73,0.50,0.53,0.40,0.48,0.57,0.60,0.45,0.45,0.42,0.40,0.50,0.90,0.56,0.38,0.45,,,,,,,,,,,,,,,,,,,,,,,,,,,,,,0.33,0.40,0.55,0.63,0.30,0.30,0.88,0.40,0.33,0.40,0.47,0.20,0.40,0.33,,0.25,0.50,0.40,0.70,0.55,0.47,0.40,0.60,0.75,0.95,0.40,0.35,0.40,0.67,0.63,0.60,0.40,0.40,0.60,0.35,0.60,0.25,0.53,0.56,0.50,0.70,0.63,0.45,0.65,0.62,0.43,0.45,0.17,0.90,0.37,0.67,0.77,0.60,0.60,0.45,0.70,0.80,0.70,0.60,0.50,0.95,0.90,0.78,0.60,0.80,0.60,0.55,0.43,0.52,0.57,0.40,0.33,0.97,0.70,0.74,0.60,0.53,0.50,0.50,0.60,0.67,0.50,1.07,0.75,0.90,0.45,0.53,0.40,0.75,0.40,0.30,0.60,0.73,0.67,0.70,0.55,0.83,0.60,0.75,0.60,0.67,0.60,0.40,0.60,0.55,0.75,0.53,0.40,0.65,0.50,0.20,,0.30,0.55,0.40,0.60,0.60,0.55,0.50,0.65,,0.60,0.30,0.30,0.55,0.65,0.60,0.40,0.50,0.50,0.75,0.45,0.65,0.65,0.55,0.50,0.30,0.30,0.50,,0.25,0.55,0.53,0.47,0.40,0.50,0.60,0.45,0.40,0.40,0.40,,0.40,,0.75,,0.45,0.70,0.40,0.30,0.40,0.40,0.50,0.40,0.57,0.45,0.55,0.75,0.20,0.60,0.35,0.35,0.25,0.75,0.55,0.95,0.50,0.30,0.70,0.65,,,,0.75,,
20260402,2,AQI,58,55,87,72,68,104,81,37,55,46,74,81,89,64,70,104,61,125,111,69,80,68,125,170,66,106,58,75,93,120,89,108,105,40,56,33,26,53,68,48,61,21,44,22,72,29,27,57,67,93,44,60,43,39,28,40,54,44,65,39,28,32,43,39,37,36,22,48,26,76,62,42,53,65,51,46,62,42,71,55,71,58,27,194,83,66,75,83,75,101,76,58,62,89,88,74,25,28,29,30,21,32,22,51,18,30,25,41,50,58,65,78,50,73,59,94,79,66,76,216,52,140,96,68,77,42,60,105,50,101,60,52,35,45,48,47,30,48,53,57,35,61,49,37,34,43,53,46,25,38,67,52,65,52,65,63,71,50,36,113,,,,,,,,,,,,,,,,,,,,,,,,,,,,,,50,47,27,55,49,64,45,45,71,78,60,25,51,34,,27,32,54,95,110,52,66,125,96,104,96,37,52,171,68,104,39,179,268,20,191,21,84,85,61,73,60,36,90,61,65,51,63,52,53,33,26,14,22,31,53,31,46,44,26,41,43,54,53,129,173,101,58,51,42,64,57,58,47,46,55,40,61,58,29,52,32,61,54,41,44,56,52,51,24,31,55,51,52,51,34,40,42,55,44,36,27,38,51,51,45,46,28,36,37,27,,14,27,31,19,30,44,26,26,,23,43,28,30,68,68,44,49,44,78,33,70,46,30,18,32,30,23,,32,20,47,65,37,50,80,48,61,117,52,,47,,43,,38,45,35,28,38,37,37,33,64,69,52,78,55,54,86,123,88,142,173,103,53,25,64,78,,,,40,,
20260402,2,PM2.5,13,12,31,33,25,78,25,18,18,15,23,27,47,35,33,78,24,95,84,50,59,49,95,129,48,80,34,55,69,91,66,81,79,20,40,21,17,37,49,32,44,10,27,10,52,10,6,36,33,69,31,43,21,23,15,26,38,30,47,21,15,19,29,26,20,25,8,26,7,42,32,23,19,34,28,25,36,17,45,28,52,28,5,146,18,41,17,35,55,35,17,40,43,66,33,15,13,4,16,21,12,16,11,33,10,7,14,16,35,41,31,57,24,37,30,70,58,44,56,166,24,107,72,49,56,21,43,79,34,76,41,27,20,28,32,26,20,26,31,35,22,40,34,23,22,21,35,20,15,26,44,32,24,28,42,27,27,22,13,47,,,,,,,,,,,,,,,,,,,,,,,,,,,,,,33,33,11,36,18,34,23,27,21,32,33,10,14,20,,5,9,34,71,83,18,42,95,72,78,72,24,29,130,21,78,27,135,218,14,144,7,62,63,44,53,34,25,67,44,47,36,45,31,32,3,18,10,14,8,37,22,31,31,15,23,28,38,29,98,131,76,41,32,26,46,33,33,33,30,33,24,43,41,20,30,16,44,33,29,27,40,30,28,17,12,36,29,30,36,15,24,19,39,28,14,16,25,35,26,27,20,19,25,26,3,,3,19,21,12,13,13,18,17,,3,30,18,5,49,49,29,31,31,57,23,51,32,6,3,3,3,15,,3,3,29,38,13,28,29,23,32,83,12,,23,,22,,19,25,20,12,20,8,17,13,32,32,17,29,23,34,31,69,42,64,92,64,16,3,46,57,,,,24,,
20260402,2,PM2.5_24h,14,28,36,26,17,70,32,11,9,25,44,54,54,22,16,32,29,46,49,48,63,41,78,106,55,74,36,49,60,78,77,87,77,13,23,10,19,26,28,14,24,10,13,6,51,4,12,26,56,67,43,39,30,11,14,22,16,19,22,9,8,8,16,24,20,20,12,23,7,31,30,22,24,23,25,25,23,14,23,35,20,17,11,95,71,69,36,59,52,32,36,54,58,89,34,22,9,10,18,22,6,10,9,20,7,9,8,6,25,31,16,25,18,29,17,39,36,43,22,102,15,54,28,42,53,21,40,69,39,49,34,21,25,30,27,16,15,19,19,17,22,26,23,20,9,12,27,19,15,19,35,26,20,25,30,28,22,16,13,46,,,,,,,,,,,,,,,,,,,,,,,,,,,,,,28,37,8,21,13,22,18,18,17,15,17,9,17,11,,5,8,14,43,38,12,37,48,43,50,34,19,35,74,45,70,19,73,84,12,79,7,60,57,42,50,45,15,68,45,50,35,26,26,30,5,8,5,7,8,32,28,22,32,10,16,25,24,24,64,61,43,54,44,34,30,30,33,21,36,29,31,36,32,23,31,13,29,20,25,20,20,21,24,18,9,17,18,17,15,14,14,11,18,18,19,15,17,23,15,24,16,14,17,18,9,,4,16,21,16,12,25,18,22,,10,29,21,8,44,39,24,48,32,56,21,47,32,11,6,5,3,14,,3,5,23,20,16,18,27,20,28,36,18,,21,,17,,19,20,12,12,14,14,9,12,28,28,19,32,16,28,24,56,50,52,53,34,11,3,32,34,,,,31,,
20260402,2,PM10,66,60,123,93,85,121,111,37,60,46,97,112,127,77,89,108,72,126,135,69,89,71,128,144,67,115,65,94,84,115,87,88,95,40,59,33,26,54,67,48,63,21,44,22,93,21,11,63,83,92,40,63,43,39,28,40,47,44,65,39,26,32,43,39,37,35,22,48,21,102,74,42,56,79,51,46,74,42,91,60,66,65,8,168,116,82,100,115,93,152,101,65,73,94,126,98,25,15,22,30,21,24,22,52,17,,24,41,41,63,79,67,50,95,67,130,94,82,89,211,54,146,104,80,103,42,66,100,50,100,70,53,35,45,48,47,30,48,56,64,35,72,49,37,34,43,56,46,25,38,83,54,80,54,80,75,91,50,36,176,,,,,,,,,,,,,,,,,,,,,,,,,,,,,,50,39,26,59,49,77,45,45,91,105,69,25,51,34,,11,32,57,109,98,54,81,118,93,117,97,37,53,172,86,91,36,133,299,18,182,21,87,87,66,84,70,29,93,71,70,43,69,54,55,13,22,14,22,12,46,29,46,41,26,41,43,51,55,122,157,115,55,52,42,55,64,66,46,46,59,40,71,54,29,54,32,65,58,,44,52,54,51,24,31,59,52,54,47,34,40,42,55,44,36,27,38,51,51,45,46,28,34,27,27,,9,26,31,18,30,44,25,26,,11,39,28,21,78,51,44,49,42,75,29,58,43,11,6,13,21,17,,9,8,47,80,37,50,109,48,72,183,54,,47,,43,,38,45,35,26,38,21,37,29,78,88,53,105,60,58,122,196,125,234,296,155,56,9,75,100,,,,40,,
20260402,2,PM10_24h,50,74,102,81,80,97,106,25,32,76,123,120,98,55,36,97,87,91,88,62,86,51,111,143,78,102,61,78,67,103,106,100,85,23,35,22,25,38,38,23,32,17,20,14,93,13,18,42,123,88,58,53,48,20,26,29,25,28,33,17,15,15,24,42,36,32,26,38,15,76,65,38,61,56,42,37,45,42,103,61,75,71,18,120,152,122,121,133,87,108,104,72,86,117,70,105,16,19,25,32,13,19,11,31,12,17,22,22,39,51,47,48,52,81,34,109,116,126,71,145,40,76,55,62,85,40,67,88,55,77,64,46,40,37,37,30,22,35,31,29,34,52,34,32,18,33,48,38,26,32,70,57,59,54,73,88,73,46,43,190,,,,,,,,,,,,,,,,,,,,,,,,,,,,,,49,53,17,57,50,59,50,42,70,55,50,21,53,27,,18,41,58,133,106,51,96,91,85,93,61,37,54,105,69,100,33,87,134,29,104,15,84,80,69,88,59,26,89,73,66,51,47,40,40,15,15,11,13,13,40,37,34,37,20,30,35,35,38,90,88,65,68,59,62,40,54,57,41,66,47,51,61,47,36,55,24,42,32,30,29,26,32,42,20,24,31,34,29,23,30,24,21,30,35,39,37,30,42,47,42,45,23,27,24,20,,14,19,35,19,22,38,24,32,,13,42,35,16,84,52,35,64,46,76,28,64,43,20,15,17,15,18,,8,10,45,57,36,42,77,46,79,93,52,,54,,48,,47,45,23,29,34,30,27,23,82,81,57,110,56,53,89,167,169,183,223,86,35,13,69,70,,,,49,,
20260402,2,SO2,4,7,3,5,9,5,4,3,3,3,5,8,5,5,9,12,8,9,12,7,6,6,4,10,8,6,5,7,6,9,7,7,4,6,6,5,6,6,5,5,6,3,3,4,6,4,3,7,7,6,4,9,7,6,6,5,6,4,6,6,6,9,6,6,8,5,6,4,5,5,9,15,14,8,5,8,8,6,16,9,10,37,4,16,9,7,14,12,11,9,5,7,10,9,7,6,7,6,5,11,7,6,7,7,7,4,7,7,9,6,15,10,6,8,11,10,8,8,19,11,6,6,8,7,7,6,10,4,8,9,5,13,6,10,6,12,7,5,16,9,4,7,8,5,8,5,3,6,7,12,5,3,2,6,6,12,11,12,5,10,,,,,,,,,,,,,,,,,,,,,,,,,,,,,,5,3,4,5,5,9,8,7,12,54,35,6,8,4,,5,8,17,9,9,9,5,6,8,10,2,6,6,9,12,6,6,6,13,6,20,8,5,8,7,7,4,4,6,7,5,6,6,4,6,3,4,3,6,5,4,6,7,9,4,7,10,13,14,12,10,4,6,6,5,3,4,12,7,12,14,5,4,11,5,14,8,6,8,6,6,12,5,4,4,8,8,8,11,23,22,6,5,18,10,3,6,7,7,15,7,5,5,9,7,5,,6,12,4,9,4,13,7,3,,5,6,6,9,9,4,4,4,4,9,5,5,7,6,6,8,7,10,,6,6,6,8,4,7,9,11,11,7,8,,10,,7,,3,11,9,10,14,18,6,15,6,9,7,4,7,5,3,5,8,4,3,7,8,6,11,9,,,,7,,
20260402,2,SO2_24h,4,9,3,7,9,7,4,4,3,4,8,7,7,8,8,9,9,8,9,7,7,6,7,11,8,6,7,8,7,9,7,8,5,6,6,5,7,5,5,5,6,3,3,4,6,4,3,8,8,8,5,7,8,6,5,6,6,5,7,5,6,8,5,7,9,5,7,4,4,6,11,13,14,7,5,6,11,6,10,9,6,17,4,14,12,8,14,15,9,9,8,7,7,11,7,9,8,7,10,12,8,6,6,7,7,3,6,8,5,5,12,10,8,10,11,14,9,9,9,12,5,6,7,8,8,6,11,6,8,10,6,13,6,8,7,8,8,5,9,9,4,7,9,9,11,6,4,7,8,6,6,4,2,6,8,16,19,15,5,10,,,,,,,,,,,,,,,,,,,,,,,,,,,,,,5,3,5,6,8,10,9,8,9,18,9,5,9,6,,5,9,9,10,9,6,6,7,10,10,2,5,8,8,10,9,6,6,11,7,14,10,6,8,7,8,6,4,7,6,4,5,5,4,5,3,6,3,6,5,6,6,3,5,4,7,9,9,12,11,11,4,6,6,6,3,4,9,7,13,10,5,4,6,5,7,7,7,11,6,6,6,4,4,4,8,7,6,9,8,17,6,7,9,8,9,8,8,6,11,6,6,7,9,5,5,,6,8,5,16,4,12,6,3,,5,6,6,9,9,6,4,4,4,9,5,5,7,6,5,8,8,12,,6,6,6,7,8,8,16,12,11,5,8,,5,,7,,5,12,7,10,12,15,7,15,10,10,8,4,8,8,4,4,11,5,3,7,6,5,15,10,,,,7,,
20260402,2,NO2,28,49,23,20,61,30,37,12,23,16,30,31,21,34,47,48,17,65,59,76,61,72,27,26,23,89,60,64,44,20,32,23,22,52,55,32,28,67,50,25,36,17,39,20,32,11,12,67,41,25,11,31,20,55,20,18,57,26,37,39,10,41,15,5,22,13,11,10,11,71,59,24,47,48,40,25,76,35,38,19,54,53,10,28,23,28,21,58,35,46,29,20,27,42,23,16,19,9,10,15,30,7,25,41,14,6,14,41,15,19,41,19,14,54,37,33,39,36,46,39,8,36,17,64,64,35,28,18,17,16,27,13,20,32,39,21,13,23,22,40,3,44,36,7,22,11,26,24,7,9,45,26,48,20,54,23,14,34,4,21,,,,,,,,,,,,,,,,,,,,,,,,,,,,,,13,10,18,11,17,31,8,27,40,58,15,6,10,21,,4,4,36,40,37,56,52,40,17,23,11,14,12,23,15,24,11,28,33,8,26,4,14,20,22,26,37,11,49,13,23,13,12,23,30,8,24,14,15,10,23,10,25,14,19,31,17,16,26,18,25,23,22,19,13,12,25,25,14,8,17,13,20,14,6,25,10,44,26,6,22,24,31,25,9,42,19,25,33,39,14,31,29,29,8,25,16,13,26,15,17,50,9,23,17,2,,11,9,8,5,22,9,6,11,,4,6,13,5,23,8,5,7,5,7,7,19,8,6,6,1,3,9,,2,3,21,87,12,20,55,45,25,26,17,,13,,8,,19,5,2,2,6,1,46,13,26,31,20,18,55,19,14,74,27,85,48,66,12,7,20,39,,,,6,,
20260402,2,NO2_24h,15,35,17,17,24,22,25,10,15,19,30,28,14,26,21,23,21,28,27,46,33,38,39,32,23,37,34,33,34,31,26,23,16,27,31,21,21,25,28,18,20,22,17,11,31,12,15,30,38,26,17,28,29,26,22,25,27,24,29,21,11,20,14,8,24,23,16,16,9,43,40,16,28,26,29,24,37,24,20,22,15,26,13,26,30,27,31,44,21,35,33,19,26,41,29,23,15,10,13,17,15,10,12,19,15,6,11,20,13,16,21,18,20,32,18,22,23,27,21,32,7,25,11,40,44,29,26,21,22,15,20,17,20,17,24,14,15,19,14,17,7,26,22,11,19,15,27,26,9,9,31,24,32,18,43,19,13,23,8,21,,,,,,,,,,,,,,,,,,,,,,,,,,,,,,10,13,15,17,16,22,17,20,29,25,10,6,12,16,,9,6,16,22,17,20,22,22,19,24,12,12,14,20,15,18,7,19,22,9,21,3,22,17,18,25,30,9,17,13,15,13,10,22,20,12,14,10,8,14,16,14,17,16,14,19,15,10,17,16,21,21,19,19,19,11,13,16,13,12,15,13,9,14,10,19,9,25,18,10,28,18,19,22,10,23,14,16,19,19,15,18,10,12,8,24,24,19,30,29,22,39,12,18,12,7,,12,9,11,8,15,12,6,14,,7,8,12,8,17,11,12,8,8,12,9,18,17,10,7,3,4,8,,2,4,19,45,13,18,32,28,21,17,22,,15,,12,,16,11,2,2,12,3,28,4,22,26,26,19,14,23,14,28,16,40,19,33,11,6,19,20,,,,8,,
20260402,2,O3,46,33,53,26,7,58,36,64,36,54,55,47,56,47,31,40,80,25,34,30,19,24,53,91,85,10,34,30,40,85,65,57,84,11,32,65,37,15,41,68,34,44,19,13,72,92,86,20,49,64,101,76,94,28,80,95,41,57,67,46,88,41,71,64,40,77,59,92,84,16,23,63,37,59,52,69,14,51,37,78,2,19,86,84,59,57,69,25,58,37,42,77,72,27,77,91,65,91,94,52,22,101,47,42,58,96,81,14,99,81,25,77,93,29,29,37,30,33,12,47,59,34,74,45,24,60,58,81,87,100,59,97,56,79,45,90,26,38,34,26,61,22,27,89,42,69,58,49,65,87,36,45,5,39,23,41,72,39,98,76,,,,,,,,,,,,,,,,,,,,,,,,,,,,,,121,92,85,108,61,53,114,49,29,33,83,72,70,56,,85,100,12,23,5,3,21,11,57,56,79,55,63,102,52,56,43,89,123,49,67,50,105,84,90,50,47,27,24,92,90,82,91,64,39,104,22,28,44,100,24,84,57,63,48,39,82,77,39,82,88,73,58,81,76,97,60,68,50,91,88,92,46,91,76,93,42,12,26,113,11,39,2,39,15,,51,44,38,13,98,23,7,43,90,42,53,71,54,74,64,4,47,36,43,59,,46,74,70,62,20,55,79,43,,74,77,67,96,29,43,104,74,63,67,88,32,40,96,58,103,97,72,,101,63,43,2,33,79,19,34,30,38,61,,92,,77,,57,,110,90,99,118,32,104,44,39,74,84,15,72,58,9,67,11,34,13,47,80,88,38,,,,37,,
20260402,2,O3_24h,46,33,53,26,7,58,36,64,36,54,55,47,56,47,31,40,80,25,34,30,19,24,53,91,85,10,34,30,40,85,65,57,84,11,32,65,37,15,41,68,34,44,19,13,72,92,86,20,49,64,101,76,94,28,80,95,41,57,67,46,88,41,71,64,40,77,59,92,84,16,23,63,37,59,52,69,14,51,37,78,2,19,86,84,59,57,69,25,58,37,42,77,72,27,77,91,65,91,94,52,22,101,47,42,58,96,81,14,99,81,25,77,93,29,29,37,30,33,12,47,59,34,74,45,24,60,58,81,87,100,59,97,56,79,45,90,26,38,34,26,61,22,27,89,42,69,58,49,65,87,36,45,5,39,23,41,72,39,98,76,,,,,,,,,,,,,,,,,,,,,,,,,,,,,,121,92,85,108,61,53,114,49,29,33,83,72,70,56,,85,100,12,23,5,3,21,11,57,56,79,55,63,102,52,56,43,89,123,49,67,50,105,84,90,50,47,27,24,92,90,82,91,64,39,104,22,28,44,100,24,84,57,63,48,39,82,77,39,82,88,73,58,81,76,97,60,68,50,91,88,92,46,91,76,93,42,12,26,113,11,39,2,39,15,,51,44,38,13,98,23,7,43,90,42,53,71,54,74,64,4,47,36,43,59,,46,74,70,62,20,55,79,43,,74,77,67,96,29,43,104,74,63,67,88,32,40,96,58,103,97,72,,101,63,43,2,33,79,19,34,30,38,61,,92,,77,,57,,110,90,99,118,32,104,44,39,74,84,15,72,58,9,67,11,34,13,47,80,88,38,,,,37,,
20260402,2,O3_8h,,,,,,,,,,,,,,,,,,,,,,,,,,,,,,,,,,,,,,,,,,,,,,,,,,,,,,,,,,,,,,123,,,,,,,,,,,,,,,,,,,,,,,,,,,,,,,,,,,,,,,,,,,,,,,,,,,,,,,,,,,87,,,,,,,,,,,,,,,,,,,103,,,,,,,,,,,,,,,,,,,,,,,,,,,,,,,,,,,,,,,,,,,,,,,,,,,,,,,,,,,,,,,,,,,,,,,,,,,,,,,,,,,,,,,,,,,128,,,,,,,,,,103,,,,,,,,,,,,,,,,,,,,,,,,,,,,,,,,,,,,,,,,,,,,,,,,,,,,,,,,,,,,,,,,,,,,,,,,,,,103,,,,,,,,,,,,,,,,,,,,,,,,,,,,,,,,,,,,,,,,,,,,,,,,,,,,,,,,,,,
20260402,2,O3_8h_24h,,,,,,,,,,,,,,,,,,,,,,,,,,,,,,,,,,,,,,,,,,,,,,,,,,,,,,,,,,,,,,,,,,,,,,,,,,,,,,,,,,,,,,,,,,,,,,,,,,,,,,,,,,,,,,,,,,,,,,,,,,,,,,,,,,,,,,,,,,,,,,,,,,,,,,,,,,,,,,,,,,,,,,,,,,,,,,,,,,,,,,,,,,,,,,,,,,,,,,,,,,,,,,,,,,,,,,,,,,,,,,,,,,,,,,,,,,,,,,,,,,,,,,,,,,,,,,,,,,,,,,,,,,,,,,,,,,,,,,,,,,,,,,,,,,,,,,,,,,,,,,,,,,,,,,,,,,,,,,,,,,,,,,,,,,,,,,,,,,,,,,,,,,,,,,,,,,,,,,,,,,,,,,,,,,,,,,,
20260402,2,CO,0.37,0.48,0.34,0.62,0.50,0.65,0.37,0.40,0.35,0.25,0.25,0.35,0.45,0.47,0.60,0.75,0.46,0.84,1.01,0.68,0.99,0.92,0.93,1.13,0.44,0.76,0.97,0.86,0.70,0.80,0.62,0.90,0.40,0.71,0.54,0.37,0.41,0.77,0.75,0.47,0.55,0.53,0.50,0.40,0.70,0.33,0.43,0.82,0.68,1.16,0.43,0.78,0.76,0.82,0.64,0.67,0.77,0.65,0.70,0.77,0.63,0.60,0.66,0.55,0.59,0.50,0.60,0.50,0.37,0.64,0.90,0.60,0.52,0.54,0.47,0.58,0.63,0.38,0.80,0.50,0.63,0.60,0.53,1.04,0.48,0.83,0.34,0.58,0.74,0.52,0.28,0.68,0.47,1.38,0.50,0.48,0.60,0.65,0.67,0.77,0.75,0.60,0.50,0.83,0.60,0.50,0.70,0.70,0.73,0.40,0.60,1.03,0.55,0.64,0.64,0.88,0.70,0.66,0.96,1.35,0.35,0.73,0.47,0.72,0.90,0.66,0.60,0.75,0.58,0.83,0.52,0.38,0.40,0.70,0.70,0.90,0.45,0.77,0.90,0.78,0.50,0.60,0.78,0.53,0.80,0.53,0.50,0.35,0.45,0.55,0.67,0.45,0.50,0.44,0.40,0.50,0.63,0.54,0.38,0.45,,,,,,,,,,,,,,,,,,,,,,,,,,,,,,0.35,0.40,0.55,0.53,0.20,0.45,0.55,0.47,0.27,0.77,0.73,0.20,0.35,0.33,,0.20,0.45,0.88,0.77,0.70,0.60,0.40,0.90,0.85,0.90,0.45,0.40,0.40,0.90,0.57,0.57,0.38,0.65,1.07,0.35,0.80,0.15,0.53,0.56,0.45,0.67,0.57,0.40,0.70,0.60,0.40,0.45,0.20,1.17,0.40,0.53,0.80,0.60,0.65,0.45,0.73,0.77,0.60,0.45,0.50,0.95,1.10,0.80,0.70,1.08,0.90,0.55,0.38,0.50,0.55,0.40,0.40,1.05,0.77,0.74,1.10,0.47,0.60,0.47,0.60,0.67,0.45,1.02,0.85,0.90,0.55,0.60,0.45,0.70,0.45,0.35,0.70,0.73,0.83,0.93,0.60,1.00,0.70,0.65,0.80,0.47,0.65,0.43,0.63,0.50,0.65,0.57,0.45,0.70,0.55,0.30,,0.30,0.85,0.40,0.60,0.65,0.55,0.50,0.60,,0.55,0.30,0.40,0.45,0.70,0.70,0.40,0.50,0.45,0.75,0.45,0.70,0.45,0.45,0.55,0.25,0.25,0.80,,0.30,0.55,0.70,0.53,0.40,0.60,0.70,0.50,0.40,0.80,0.35,,0.50,,0.75,,0.45,0.50,0.50,0.30,0.30,0.40,0.80,0.80,0.33,0.50,0.35,0.75,0.35,0.40,0.40,1.00,0.25,0.85,1.35,1.20,0.60,0.30,0.70,0.80,,,,0.65,,
20260402,2,CO_24h,0.34,0.59,0.42,0.62,0.40,0.73,0.37,0.37,0.30,0.43,0.40,0.47,0.65,0.55,0.38,0.59,0.54,0.49,0.61,0.68,0.87,0.74,0.93,1.01,0.54,0.80,0.90,0.71,0.78,0.78,0.70,0.86,0.50,0.57,0.47,0.37,0.40,0.67,0.60,0.40,0.55,0.53,0.50,0.45,0.70,0.40,0.43,0.68,0.76,0.89,0.49,0.57,0.78,0.73,0.68,0.60,0.63,0.65,0.63,0.70,0.55,0.50,0.59,0.55,0.60,0.52,0.57,0.51,0.43,0.50,0.73,0.70,0.60,0.45,0.67,0.68,0.63,0.36,0.60,0.55,0.33,0.45,0.60,0.76,0.70,0.70,0.50,0.72,0.70,0.47,0.45,0.63,0.62,1.32,0.50,0.58,0.67,0.73,0.67,0.87,0.70,0.60,0.50,0.77,0.55,0.50,0.70,0.60,0.50,0.40,0.64,0.58,0.55,0.70,0.48,0.96,0.57,0.82,0.52,1.12,0.36,0.60,0.27,0.73,0.80,0.70,0.63,0.67,0.60,0.67,0.50,0.38,0.38,0.60,0.73,0.82,0.45,0.70,0.80,0.64,0.50,0.55,0.75,0.75,0.77,0.50,0.53,0.40,0.48,0.57,0.60,0.45,0.45,0.42,0.40,0.50,0.90,0.56,0.38,0.40,,,,,,,,,,,,,,,,,,,,,,,,,,,,,,0.33,0.40,0.55,0.63,0.33,0.35,0.88,0.40,0.33,0.40,0.47,0.20,0.40,0.33,,0.25,0.50,0.42,0.70,0.50,0.47,0.40,0.60,0.75,0.95,0.40,0.35,0.40,0.67,0.60,0.57,0.40,0.40,0.63,0.35,0.60,0.20,0.52,0.56,0.50,0.67,0.63,0.45,0.65,0.62,0.40,0.45,0.17,0.93,0.37,0.63,0.73,0.60,0.60,0.40,0.70,0.80,0.70,0.60,0.50,0.95,0.90,0.78,0.60,0.82,0.60,0.55,0.43,0.52,0.57,0.40,0.33,0.97,0.70,0.74,0.63,0.53,0.50,0.50,0.60,0.67,0.50,1.10,0.75,0.90,0.50,0.53,0.40,0.75,0.40,0.35,0.60,0.73,0.67,0.70,0.60,0.87,0.60,0.75,0.60,0.67,0.60,0.40,0.60,0.55,0.75,0.53,0.40,0.65,0.50,0.20,,0.30,0.55,0.40,0.60,0.60,0.55,0.50,0.65,,0.60,0.30,0.30,0.50,0.65,0.60,0.40,0.50,0.50,0.75,0.45,0.65,0.65,0.55,0.50,0.30,0.30,0.50,,0.25,0.55,0.53,0.47,0.40,0.50,0.55,0.40,0.40,0.40,0.40,,0.40,,0.75,,0.45,0.70,0.40,0.30,0.40,0.40,0.50,0.40,0.57,0.45,0.45,0.75,0.20,0.55,0.35,0.35,0.20,0.75,0.55,0.90,0.50,0.30,0.75,0.65,,,,0.75,,
20260402,3,AQI,58,56,84,73,60,103,84,33,52,51,72,76,86,61,71,106,61,121,129,69,83,71,126,161,70,108,56,79,99,128,89,116,114,37,56,32,27,55,70,47,56,23,39,18,69,30,26,56,50,79,49,60,39,38,30,31,54,45,64,36,30,32,39,40,34,36,21,47,26,72,60,36,51,61,47,44,58,46,74,56,85,55,25,199,83,59,76,80,90,95,75,61,63,91,87,73,25,27,26,33,21,32,17,54,17,28,24,37,50,60,66,75,52,74,54,89,81,69,76,216,50,144,101,68,79,39,68,100,49,101,60,49,38,49,48,42,29,39,47,73,32,67,50,36,27,36,58,30,23,40,67,55,63,52,66,51,74,50,35,111,,,,,,,,,,,,,,,,,,,,,,,,,,,,,,52,40,28,57,52,64,39,51,72,73,61,22,46,36,,24,35,54,101,119,48,59,120,100,108,94,40,44,186,70,108,44,190,274,16,180,15,85,88,68,74,54,36,94,70,76,54,66,53,50,32,26,24,22,32,50,31,55,49,24,41,45,51,49,129,154,105,54,53,41,59,54,54,49,49,51,40,71,51,32,56,30,63,54,44,44,58,54,53,24,31,54,49,57,50,36,44,38,51,37,46,26,31,39,48,43,44,28,33,23,23,,11,30,34,19,26,44,30,30,,24,36,29,30,68,64,42,48,47,73,33,66,39,25,18,31,29,20,,32,20,41,71,32,42,69,45,64,134,51,,48,,43,,44,44,37,27,38,31,37,34,62,73,47,71,54,47,79,121,86,114,153,83,35,28,63,97,,,,43,,
20260402,3,PM2.5,13,12,32,32,13,77,27,17,16,18,25,23,44,31,52,80,24,92,98,50,61,52,96,123,51,81,36,58,74,97,66,88,86,19,40,20,17,39,51,31,40,10,24,9,50,11,8,39,32,58,34,43,20,24,16,21,38,30,46,19,18,19,27,25,18,25,9,30,7,40,28,22,17,31,28,23,34,20,50,30,63,28,6,149,19,40,19,34,67,41,20,44,45,68,36,18,13,3,17,23,13,18,12,38,10,8,12,17,35,43,28,55,27,36,28,66,60,47,56,166,24,110,76,49,58,22,49,75,34,76,40,25,24,34,31,25,20,25,28,53,21,45,35,23,17,19,41,16,14,28,44,39,23,29,40,13,25,20,12,44,,,,,,,,,,,,,,,,,,,,,,,,,,,,,,30,28,13,34,21,38,19,27,23,34,34,13,14,19,,3,9,36,76,90,23,42,91,75,81,70,25,29,140,20,81,31,143,224,11,136,3,63,65,49,54,34,25,70,51,56,38,48,33,27,3,18,15,15,8,35,22,39,33,14,21,30,36,27,98,118,79,38,37,21,42,34,31,31,30,29,27,52,36,17,36,11,45,30,31,28,41,32,35,17,17,38,25,36,35,18,26,22,36,25,18,15,22,26,24,30,19,18,23,16,3,,3,21,24,12,14,22,14,21,,3,18,20,3,49,46,27,31,33,53,23,48,24,3,3,3,3,14,,3,3,25,51,12,24,26,21,32,102,11,,24,,20,,19,20,25,11,21,7,12,14,29,34,14,29,22,28,22,73,45,42,54,51,3,3,43,49,,,,27,,
20260402,3,PM2.5_24h,13,26,35,25,15,70,31,11,9,23,42,51,53,22,19,33,29,47,51,48,62,41,80,107,53,73,35,48,60,79,76,87,77,13,24,11,19,26,29,15,26,10,14,6,50,4,11,26,53,67,43,39,29,12,14,22,17,20,24,9,8,9,17,24,20,20,12,23,7,32,30,22,24,23,25,25,24,14,24,35,21,16,11,96,67,66,35,58,51,33,35,52,56,89,34,21,9,9,18,22,6,10,9,22,7,8,9,7,26,31,17,26,18,29,18,40,36,42,23,106,15,57,31,42,53,21,40,71,39,50,34,21,24,30,27,17,16,20,20,19,22,26,24,20,10,12,28,19,15,20,35,26,20,25,30,28,22,16,13,46,,,,,,,,,,,,,,,,,,,,,,,,,,,,,,28,36,7,22,14,23,18,19,17,16,17,9,17,11,,5,8,15,45,40,12,36,50,45,52,36,19,35,78,41,71,19,75,90,11,84,7,59,56,41,50,44,16,67,43,49,34,27,26,29,4,8,5,7,8,33,28,23,33,10,16,25,25,25,67,64,44,51,42,32,31,30,34,21,35,29,31,35,33,23,30,13,30,20,25,20,21,22,25,18,9,19,18,18,16,15,15,11,19,18,19,15,17,23,16,24,17,15,17,18,9,,4,16,21,15,12,25,18,22,,9,29,21,8,44,39,24,48,33,56,22,48,32,11,6,5,3,14,,3,5,23,21,16,18,27,20,28,38,18,,21,,17,,20,19,12,12,14,14,9,12,28,28,19,32,17,28,24,57,48,52,53,34,11,3,33,34,,,,31,,
20260402,3,PM10,66,61,118,96,69,113,117,33,54,51,93,102,122,71,87,109,71,116,141,68,80,74,128,147,69,116,62,97,86,121,87,100,101,37,58,32,27,56,68,47,61,23,39,18,82,15,14,62,50,81,44,65,39,38,30,31,49,45,58,36,30,32,37,40,34,31,21,47,21,94,69,36,51,71,47,44,66,46,97,62,70,60,10,179,115,68,102,109,111,140,100,67,66,93,123,96,25,11,26,31,21,25,17,49,17,,22,37,41,68,81,65,53,97,58,114,95,87,85,211,50,120,110,74,100,39,71,88,40,101,70,49,38,43,48,42,29,39,47,74,32,83,50,36,27,36,51,30,23,40,83,60,76,54,82,51,98,50,35,172,,,,,,,,,,,,,,,,,,,,,,,,,,,,,,53,37,28,64,54,77,39,52,93,95,72,21,46,36,,7,35,58,101,102,48,66,110,98,113,90,40,44,203,90,110,38,146,310,15,171,15,87,80,72,85,57,33,110,78,78,49,71,56,50,13,22,24,22,18,45,31,50,49,24,41,45,48,49,124,145,122,55,52,41,61,58,57,49,49,52,40,71,49,32,62,30,60,57,31,44,55,58,55,21,31,52,49,63,49,36,44,38,52,37,46,26,30,39,48,37,44,28,32,22,23,,8,28,32,17,26,44,30,30,,10,36,29,14,80,,42,48,38,82,32,57,39,17,11,7,19,17,,9,6,41,92,32,42,88,45,78,174,52,,48,,43,,44,44,37,19,38,24,37,25,74,95,47,92,57,47,108,192,121,178,255,116,35,9,76,143,,,,43,,
20260402,3,PM10_24h,50,71,102,83,80,98,106,25,33,73,122,120,98,56,39,99,88,92,87,62,85,51,113,143,76,101,60,78,67,103,104,99,85,23,36,22,25,38,39,25,34,17,21,14,91,14,18,43,119,89,58,53,47,22,26,30,27,29,34,18,16,16,25,42,36,32,25,38,15,78,65,38,60,56,43,37,46,43,106,62,77,70,18,121,151,119,122,132,87,112,104,70,84,116,73,106,16,18,26,33,14,18,12,33,12,16,22,23,39,53,50,48,52,82,34,111,116,127,70,150,41,78,58,62,85,40,67,90,56,78,65,47,39,36,37,31,22,35,32,30,34,53,35,32,19,33,48,38,26,33,70,57,60,54,73,87,74,46,43,189,,,,,,,,,,,,,,,,,,,,,,,,,,,,,,49,51,16,57,50,61,49,43,71,57,50,20,53,27,,17,41,52,134,107,45,95,93,87,96,59,38,54,110,64,101,32,90,144,28,111,15,83,79,68,87,58,27,88,71,65,50,48,41,41,15,16,12,14,14,41,36,34,38,20,30,36,36,39,94,92,68,66,57,61,43,54,57,42,65,48,51,60,48,36,55,24,43,34,30,30,27,33,43,21,24,33,35,31,25,31,25,22,32,35,39,36,31,42,47,42,45,23,27,24,19,,14,20,36,19,22,38,24,32,,12,42,34,16,84,52,35,63,46,76,28,64,43,20,15,18,16,18,,8,10,45,59,36,42,77,46,79,97,53,,53,,48,,47,45,24,29,34,30,27,23,82,81,57,110,58,54,88,167,164,185,224,87,36,13,70,72,,,,49,,
20260402,3,SO2,4,7,2,4,9,5,4,3,3,3,5,7,5,5,9,11,8,9,12,7,6,6,4,9,8,6,5,8,6,10,7,9,4,6,6,5,6,6,5,6,6,3,,4,6,4,3,7,6,6,4,9,14,7,5,5,6,4,7,6,6,9,5,6,8,5,7,4,5,5,8,13,21,7,5,8,8,6,15,8,9,29,3,18,10,5,29,11,12,8,4,8,7,10,6,8,8,7,6,11,8,6,6,7,7,4,7,7,8,5,19,10,7,6,11,9,8,8,11,10,6,6,8,7,7,6,10,4,7,9,5,13,6,10,8,11,7,5,16,13,4,9,7,5,8,6,2,5,6,11,6,4,1,6,6,14,13,11,5,9,,,,,,,,,,,,,,,,,,,,,,,,,,,,,,5,2,4,4,8,9,8,8,16,63,29,6,8,4,,5,8,15,9,9,9,4,6,9,10,2,5,8,9,11,11,7,7,11,7,29,7,5,8,7,7,5,4,7,7,6,5,7,3,5,3,4,5,5,5,5,7,8,29,4,7,8,22,11,10,11,3,9,6,5,3,5,15,7,12,9,5,5,11,5,8,8,6,8,8,5,7,5,3,4,8,9,8,22,13,26,7,5,22,10,5,6,8,6,14,7,5,5,9,6,5,,5,13,4,9,4,10,7,4,,6,6,6,9,9,4,4,4,4,9,5,5,7,5,6,9,7,10,,6,6,7,7,4,9,12,11,11,8,8,,9,,7,,3,11,10,9,15,19,5,15,8,10,7,4,7,6,4,4,41,3,2,7,6,5,12,10,,,,8,,
20260402,3,SO2_24h,4,9,3,7,9,7,4,4,3,4,8,7,7,8,8,9,9,8,9,7,7,6,7,11,8,6,7,8,7,9,7,8,5,6,6,5,7,5,5,5,6,3,4,4,6,4,3,8,8,8,5,7,7,6,5,6,6,5,7,5,6,8,5,7,9,5,7,4,4,6,11,13,14,7,5,6,11,6,10,9,6,17,4,14,12,8,15,15,9,9,8,7,7,11,7,9,8,7,10,12,8,6,6,7,7,3,6,7,5,5,12,9,8,10,12,14,8,9,9,12,5,6,7,8,8,6,11,6,8,10,6,13,6,8,7,8,8,5,10,10,4,7,9,9,10,6,4,7,8,6,6,4,2,6,8,16,18,15,6,10,,,,,,,,,,,,,,,,,,,,,,,,,,,,,,5,3,5,6,8,10,9,8,10,21,10,5,9,6,,5,9,9,9,9,6,6,7,10,10,2,5,8,8,10,9,6,6,11,7,15,10,6,8,7,8,6,4,7,7,5,5,6,4,5,3,6,3,6,5,6,6,4,7,4,7,8,9,12,11,11,4,6,6,6,3,4,10,7,12,10,5,4,6,5,7,7,7,11,6,6,6,4,4,4,8,7,6,10,8,18,6,6,10,8,9,8,8,6,11,7,6,7,9,5,5,,6,8,5,13,4,12,6,3,,5,6,6,9,9,6,4,4,4,9,5,5,7,6,5,8,8,12,,6,6,6,7,8,8,16,12,11,5,8,,6,,7,,4,12,8,10,12,15,7,15,9,10,8,4,8,8,4,4,12,5,3,7,6,5,15,10,,,,7,,
20260402,3,NO2,31,55,24,21,46,23,44,12,25,31,45,33,25,36,49,55,16,60,53,74,55,76,31,34,23,84,60,59,47,21,32,24,20,45,49,28,27,69,49,23,27,17,35,17,24,11,13,77,20,28,13,33,16,52,12,16,51,26,32,29,9,35,14,5,20,11,10,10,11,65,50,18,47,31,31,23,67,32,41,19,51,53,11,34,24,27,20,53,36,41,35,18,23,48,25,18,18,9,11,15,26,7,25,32,17,7,14,46,15,18,39,20,15,58,30,36,39,40,42,32,11,30,15,54,65,31,27,18,17,14,36,13,19,29,35,16,15,19,22,42,3,36,29,7,15,9,22,12,6,10,44,29,40,16,41,28,9,26,3,22,,,,,,,,,,,,,,,,,,,,,,,,,,,,,,13,10,19,14,22,43,9,32,40,46,16,6,9,29,,6,3,38,40,33,46,45,33,16,25,11,23,12,28,21,27,10,32,34,6,27,12,13,19,21,24,36,10,25,13,25,13,10,23,30,8,19,16,15,11,17,11,26,22,16,32,16,13,27,18,23,23,21,18,14,13,23,18,12,8,16,15,22,12,8,32,9,41,23,9,30,27,28,31,8,41,20,23,36,31,15,34,28,30,7,35,13,10,16,13,10,44,10,20,11,2,,18,9,7,6,18,8,7,15,,5,5,12,5,18,8,4,7,5,8,7,19,9,9,5,2,3,11,,2,2,20,86,9,24,53,40,38,27,13,,11,,7,,19,5,2,2,5,1,46,6,25,45,20,11,63,13,12,69,14,68,32,54,12,3,16,75,,,,8,,
20260402,3,NO2_24h,15,35,17,17,25,21,24,10,15,17,29,27,14,25,23,23,21,30,29,47,34,40,38,33,22,39,35,34,35,29,26,24,16,29,32,22,21,28,30,19,20,22,17,12,31,12,15,32,37,26,17,29,28,27,22,25,29,24,30,21,11,21,14,8,24,21,15,15,9,44,40,17,29,26,28,24,39,25,21,22,17,26,13,27,29,27,29,43,22,36,32,19,25,41,29,22,16,10,13,17,16,9,12,20,15,6,11,21,13,16,22,17,19,33,19,22,22,27,21,32,7,25,11,40,45,29,26,20,21,15,20,16,20,17,24,14,16,19,14,18,7,27,22,11,19,15,26,26,9,9,32,25,32,18,42,20,13,23,8,21,,,,,,,,,,,,,,,,,,,,,,,,,,,,,,10,13,15,16,17,23,16,21,29,26,11,6,12,16,,9,6,18,22,17,21,22,22,19,24,12,13,14,19,14,19,7,20,22,9,22,4,22,17,18,24,30,9,18,13,16,13,10,22,20,12,15,11,9,14,16,14,18,17,15,20,15,10,17,16,21,21,19,19,19,11,14,17,13,12,16,14,10,14,10,19,9,26,18,9,29,18,20,22,10,24,14,16,21,20,15,19,11,13,8,25,23,18,29,28,22,40,12,18,12,6,,12,9,11,8,15,12,6,14,,6,8,12,8,17,12,10,8,8,12,9,18,17,10,7,3,4,8,,2,4,19,45,13,18,32,27,22,18,22,,15,,12,,16,11,2,2,12,3,29,5,22,26,26,19,17,23,15,30,15,40,19,34,11,6,20,21,,,,8,,
20260402,3,O3,42,25,47,23,16,61,29,55,25,35,33,42,42,40,35,28,79,27,40,23,19,20,39,65,79,11,34,26,30,75,62,51,83,12,33,65,34,12,25,61,39,37,16,24,80,95,84,12,78,53,91,63,99,28,83,91,32,63,71,63,88,40,67,53,38,80,64,93,82,16,29,68,36,70,54,70,21,53,24,73,2,15,80,64,55,63,67,34,53,39,35,77,72,27,71,87,59,85,84,55,22,101,42,48,53,88,76,7,93,82,26,67,91,21,35,30,26,28,11,52,52,41,78,37,18,62,57,75,88,102,51,93,51,71,41,90,23,35,31,22,61,29,29,87,62,76,68,65,66,88,42,38,9,37,23,40,88,39,100,73,,,,,,,,,,,,,,,,,,,,,,,,,,,,,,116,93,81,92,40,35,108,41,23,42,83,69,72,50,,76,101,23,20,25,11,29,18,56,51,85,46,59,87,46,57,39,69,121,50,63,40,101,82,91,36,41,25,44,84,83,74,94,49,32,103,21,23,38,101,27,84,55,45,49,32,80,75,33,72,78,62,54,77,70,92,62,79,43,89,95,90,55,97,71,63,43,11,24,98,17,26,5,25,17,3,52,41,33,16,96,19,5,40,89,28,54,75,78,74,71,4,41,36,64,47,,34,81,69,62,27,50,72,31,,76,73,65,96,30,37,101,78,61,57,90,30,34,81,57,100,93,65,,101,63,38,2,29,54,20,34,16,39,64,,95,,72,,54,,111,87,99,98,30,109,40,19,76,96,5,78,58,7,82,24,6,18,41,89,93,15,,,,33,,
20260402,3,O3_24h,42,25,47,23,16,61,29,55,25,35,33,42,42,40,35,28,79,27,40,23,19,20,39,65,79,11,34,26,30,75,62,51,83,12,33,65,34,12,25,61,39,37,16,24,80,95,84,12,78,53,91,63,99,28,83,91,32,63,71,63,88,40,67,53,38,80,64,93,82,16,29,68,36,70,54,70,21,53,24,73,2,15,80,64,55,63,67,34,53,39,35,77,72,27,71,87,59,85,84,55,22,101,42,48,53,88,76,7,93,82,26,67,91,21,35,30,26,28,11,52,52,41,78,37,18,62,57,75,88,102,51,93,51,71,41,90,23,35,31,22,61,29,29,87,62,76,68,65,66,88,42,38,9,37,23,40,88,39,100,73,,,,,,,,,,,,,,,,,,,,,,,,,,,,,,116,93,81,92,40,35,108,41,23,42,83,69,72,50,,76,101,23,20,25,11,29,18,56,51,85,46,59,87,46,57,39,69,121,50,63,40,101,82,91,36,41,25,44,84,83,74,94,49,32,103,21,23,38,101,27,84,55,45,49,32,80,75,33,72,78,62,54,77,70,92,62,79,43,89,95,90,55,97,71,63,43,11,24,98,17,26,5,25,17,3,52,41,33,16,96,19,5,40,89,28,54,75,78,74,71,4,41,36,64,47,,34,81,69,62,27,50,72,31,,76,73,65,96,30,37,101,78,61,57,90,30,34,81,57,100,93,65,,101,63,38,2,29,54,20,34,16,39,64,,95,,72,,54,,111,87,99,98,30,109,40,19,76,96,5,78,58,7,82,24,6,18,41,89,93,15,,,,33,,
20260402,3,O3_8h,,,,,,,,,,,,,,,,,,,,,,,,,,,,,,,,,,,,,,,,,,,,,,,,,,,,,,,,,,,,,,,,,,,,,,,,,,,,,,,,,,,,,,,,,,,,,,,,,,,,,,,,,,,,,,,,,,,,,,,,,87,,,,,,,,,,,,,,,,,,,103,,,,,,,,,,,,,,,,,,,,,,,,,,,,,,,,,,,,,,,,,,,,,,,,,,,,,,,,,,,,,,,,,,,,,,,,,,,,,,,,,,,,,,,,,,,128,,,,,,,,,,,,,,,,,,,,,,,,,,,,,,,,,,,,,,,,,,,,,,,,,,,,,,,,,,,,,,,,,,,,,,,,,,,,,,,,,,,,,103,,,,,,,,97,,,,,,,,,,,,,,,,,,,,,,,,,,,,,,,,,,,,,,,,,,,,,,,,,,,
20260402,3,O3_8h_24h,,,,,,,,,,,,,,,,,,,,,,,,,,,,,,,,,,,,,,,,,,,,,,,,,,,,,,,,,,,,,,,,,,,,,,,,,,,,,,,,,,,,,,,,,,,,,,,,,,,,,,,,,,,,,,,,,,,,,,,,,,,,,,,,,,,,,,,,,,,,,,,,,,,,,,,,,,,,,,,,,,,,,,,,,,,,,,,,,,,,,,,,,,,,,,,,,,,,,,,,,,,,,,,,,,,,,,,,,,,,,,,,,,,,,,,,,,,,,,,,,,,,,,,,,,,,,,,,,,,,,,,,,,,,,,,,,,,,,,,,,,,,,,,,,,,,,,,,,,,,,,,,,,,,,,,,,,,,,,,,,,,,,,,,,,,,,,,,,,,,,,,,,,,,,,,,,,,,,,,,,,,,,,,,,,,,,,,
20260402,3,CO,0.35,0.50,0.34,0.66,0.40,0.63,0.39,0.33,0.35,0.35,0.28,0.35,0.43,0.47,0.78,0.77,0.47,0.80,1.06,0.66,0.97,0.96,0.93,1.06,0.50,0.78,0.97,0.84,0.72,0.82,0.68,0.98,0.40,0.68,0.53,0.33,0.42,0.75,0.78,0.47,0.50,0.53,0.50,0.35,0.69,0.35,0.45,0.77,0.52,1.23,0.49,0.85,0.76,0.80,0.63,0.63,0.77,0.60,0.70,0.73,0.57,0.60,0.64,0.45,0.56,0.51,0.57,0.50,0.37,0.55,0.77,0.50,0.46,0.46,0.48,0.65,0.60,0.38,0.78,0.55,0.77,0.65,0.50,0.96,0.50,0.83,0.42,0.58,0.74,0.57,0.32,0.68,0.40,1.46,0.50,0.52,0.60,0.60,0.70,0.77,0.70,0.60,0.50,0.87,0.60,0.50,0.70,0.70,0.70,0.40,0.64,0.83,0.57,0.66,0.64,0.86,0.67,0.68,0.90,1.30,0.38,0.73,0.48,0.72,1.20,0.64,0.68,0.72,0.60,0.90,0.50,0.38,0.40,0.70,0.70,0.90,0.45,0.70,0.88,0.80,0.50,0.60,0.75,0.53,0.77,0.55,0.53,0.30,0.48,0.58,0.63,0.55,0.45,0.44,0.40,0.40,0.63,0.56,0.36,0.40,,,,,,,,,,,,,,,,,,,,,,,,,,,,,,0.35,0.30,0.50,0.53,0.23,0.45,0.53,0.50,0.33,0.80,0.60,0.20,0.40,0.38,,0.20,0.45,0.80,0.83,0.60,0.60,0.40,0.80,0.85,0.90,0.40,0.35,0.37,1.03,0.73,0.80,0.42,0.65,1.10,0.35,0.75,0.15,0.52,0.60,0.45,0.67,0.60,0.40,0.70,0.62,0.47,0.45,0.20,1.15,0.40,0.53,0.63,0.60,0.65,0.45,0.67,0.80,0.58,0.45,0.52,0.95,0.95,0.80,0.65,1.10,1.00,0.55,0.38,0.48,0.55,0.40,0.33,0.90,0.70,0.70,0.90,0.50,0.80,0.40,0.60,0.65,0.45,0.98,0.85,0.90,0.55,0.60,0.45,0.70,0.40,0.35,0.83,0.72,0.97,1.00,0.70,1.00,0.70,0.65,0.60,0.50,0.65,0.40,0.57,0.50,0.63,0.50,0.45,0.70,0.45,0.30,,0.25,0.90,0.40,0.60,0.60,0.55,0.50,0.60,,0.55,0.30,0.30,0.45,0.70,0.70,0.40,0.50,0.45,0.70,0.45,0.60,0.45,0.60,0.55,0.25,0.25,0.80,,0.30,0.55,0.63,0.53,0.40,0.55,0.60,0.50,0.50,0.90,0.35,,0.50,,0.75,,0.40,0.50,0.50,0.20,0.50,0.30,0.80,0.50,0.33,1.15,0.30,0.70,0.40,0.30,0.40,1.05,0.20,0.70,1.20,1.10,0.90,0.30,0.75,0.85,,,,0.75,,
20260402,3,CO_24h,0.34,0.58,0.40,0.61,0.40,0.75,0.37,0.37,0.30,0.43,0.40,0.47,0.63,0.53,0.42,0.57,0.53,0.53,0.63,0.68,0.90,0.78,0.93,1.01,0.54,0.78,0.90,0.71,0.78,0.78,0.72,0.86,0.50,0.57,0.47,0.37,0.41,0.67,0.60,0.40,0.55,0.53,0.50,0.45,0.70,0.38,0.43,0.68,0.74,0.90,0.50,0.59,0.78,0.74,0.66,0.60,0.63,0.65,0.63,0.70,0.55,0.50,0.59,0.55,0.60,0.51,0.57,0.50,0.43,0.50,0.73,0.70,0.60,0.44,0.67,0.67,0.63,0.38,0.60,0.55,0.33,0.43,0.60,0.76,0.70,0.70,0.48,0.72,0.70,0.50,0.45,0.63,0.60,1.30,0.50,0.58,0.67,0.70,0.67,0.87,0.75,0.60,0.50,0.77,0.60,0.50,0.70,0.60,0.50,0.40,0.63,0.60,0.55,0.70,0.50,0.92,0.57,0.78,0.54,1.12,0.38,0.60,0.28,0.73,0.80,0.70,0.62,0.67,0.60,0.67,0.50,0.38,0.38,0.60,0.70,0.82,0.45,0.70,0.80,0.64,0.50,0.55,0.75,0.75,0.77,0.50,0.53,0.40,0.48,0.55,0.63,0.45,0.45,0.44,0.40,0.50,0.90,0.56,0.38,0.45,,,,,,,,,,,,,,,,,,,,,,,,,,,,,,0.33,0.40,0.55,0.63,0.33,0.40,0.88,0.40,0.33,0.43,0.47,0.20,0.40,0.33,,0.25,0.50,0.42,0.67,0.50,0.47,0.40,0.60,0.75,0.95,0.40,0.35,0.40,0.67,0.57,0.57,0.40,0.40,0.63,0.35,0.60,0.20,0.52,0.56,0.50,0.67,0.63,0.45,0.65,0.62,0.40,0.45,0.17,0.93,0.37,0.60,0.73,0.60,0.60,0.40,0.70,0.80,0.70,0.60,0.50,0.95,0.88,0.78,0.60,0.84,0.62,0.55,0.43,0.52,0.57,0.40,0.33,0.97,0.70,0.74,0.63,0.53,0.50,0.50,0.60,0.67,0.45,1.10,0.75,0.90,0.50,0.53,0.40,0.75,0.40,0.35,0.60,0.75,0.67,0.73,0.60,0.87,0.60,0.70,0.60,0.67,0.60,0.40,0.60,0.55,0.75,0.53,0.45,0.65,0.50,0.20,,0.30,0.55,0.40,0.60,0.60,0.55,0.50,0.65,,0.60,0.30,0.30,0.50,0.65,0.60,0.40,0.50,0.50,0.75,0.45,0.70,0.60,0.55,0.50,0.30,0.30,0.50,,0.25,0.55,0.53,0.47,0.40,0.50,0.55,0.40,0.40,0.45,0.40,,0.40,,0.75,,0.45,0.70,0.40,0.30,0.40,0.40,0.60,0.40,0.57,0.50,0.45,0.75,0.15,0.55,0.35,0.40,0.20,0.75,0.60,0.90,0.50,0.30,0.75,0.65,,,,0.75,,
20260402,4,AQI,58,57,83,70,60,93,93,28,55,53,74,79,77,61,98,110,60,129,150,69,84,76,123,163,74,114,55,84,103,128,88,119,118,36,55,31,27,60,73,44,55,23,35,20,68,28,25,56,35,70,53,60,38,39,31,28,59,40,70,37,36,32,39,38,31,39,23,45,36,68,61,39,51,58,45,39,56,43,76,59,94,58,23,200,81,59,69,64,103,96,79,60,56,91,89,74,27,27,29,34,21,31,22,53,18,51,23,42,53,65,67,70,52,66,53,85,86,71,74,215,49,143,106,60,86,36,78,104,54,113,62,48,34,54,43,45,29,42,44,70,31,75,47,39,26,36,51,26,23,44,63,61,59,47,61,52,77,46,30,110,,,,,,,,,,,,,,,,,,,,,,,,,,,,,,56,51,28,57,60,64,45,51,70,67,50,19,43,35,,22,36,56,106,101,52,68,120,101,109,89,41,49,220,95,110,51,214,292,16,161,15,85,94,74,75,47,36,99,74,86,55,68,51,38,30,40,26,21,31,47,38,61,54,25,40,43,49,48,131,151,108,55,53,45,53,56,52,45,49,43,45,76,51,30,60,27,59,48,40,40,58,55,54,24,23,52,48,46,49,40,40,34,50,39,36,25,34,41,41,41,44,26,30,22,17,,10,27,40,20,24,29,32,31,,24,37,23,30,68,63,43,50,50,71,28,65,40,24,18,30,28,21,,32,19,35,85,30,36,74,45,71,145,50,,44,,35,,42,56,39,27,38,29,38,33,61,74,43,68,56,48,72,117,86,100,121,75,26,27,60,84,,,,44,,
20260402,4,PM2.5,14,13,29,29,16,69,36,9,10,18,20,27,33,34,73,83,24,98,115,50,62,56,93,124,54,86,39,62,77,97,65,90,89,19,39,21,17,43,53,28,37,10,22,10,49,8,10,38,23,51,37,43,22,25,16,16,42,28,51,21,19,19,27,25,16,27,9,27,9,40,27,26,17,28,26,21,35,21,53,33,70,35,7,150,21,41,28,26,77,43,25,43,40,68,37,18,14,3,19,24,15,15,12,37,10,36,10,18,37,47,31,51,25,34,31,63,64,48,54,165,22,109,80,43,64,24,57,78,38,85,43,28,24,38,30,26,20,25,29,51,20,55,33,23,11,16,36,16,16,31,42,44,22,26,29,15,29,22,9,42,,,,,,,,,,,,,,,,,,,,,,,,,,,,,,32,28,13,37,27,36,24,29,23,21,27,10,15,18,,3,5,40,80,76,28,49,91,76,82,66,25,34,170,22,83,36,164,242,11,123,3,63,70,54,55,32,25,74,54,64,39,49,32,25,4,21,18,15,9,33,24,44,38,11,22,30,34,30,100,116,81,39,37,24,37,38,29,31,32,26,28,56,36,16,43,13,42,28,28,28,41,27,35,17,16,36,31,32,33,24,24,24,35,27,18,14,21,29,13,29,19,18,21,13,3,,3,19,21,12,15,20,12,22,,3,26,14,7,49,45,30,35,35,52,19,47,28,13,3,3,5,9,,3,3,22,63,12,17,26,24,43,111,11,,23,,17,,20,20,26,10,15,8,12,10,23,36,11,25,24,27,20,73,44,48,40,45,9,3,35,39,,,,31,,
20260402,4,PM2.5_24h,14,23,34,25,15,70,30,11,9,21,40,49,52,23,21,34,29,50,54,47,60,40,81,107,52,73,34,48,60,79,75,87,76,12,25,12,19,27,29,16,27,9,14,6,49,5,11,27,50,66,43,40,28,13,14,22,19,21,26,10,9,10,18,23,20,21,11,23,7,32,30,22,23,23,25,24,25,15,26,35,23,17,11,97,63,64,33,56,52,33,34,50,54,88,34,21,10,8,19,22,7,9,9,23,8,10,9,7,26,32,18,27,19,30,19,41,36,42,25,110,16,60,34,41,52,22,39,72,40,52,35,22,24,31,26,17,16,20,21,20,22,28,24,20,10,13,28,18,16,20,35,27,20,26,30,27,22,16,12,46,,,,,,,,,,,,,,,,,,,,,,,,,,,,,,28,34,7,23,15,23,18,20,17,16,18,9,17,12,,5,8,16,46,41,13,38,51,47,54,39,20,36,80,36,73,19,77,99,11,89,7,57,56,40,49,42,17,66,42,48,33,29,27,28,5,9,6,8,8,34,28,25,33,10,17,25,26,26,69,67,46,48,40,31,32,30,34,22,35,30,31,35,34,23,30,13,31,21,25,21,22,23,25,18,9,20,19,19,17,16,16,11,21,18,19,15,17,24,15,24,17,15,17,18,9,,4,17,22,15,12,25,18,22,,9,29,20,8,44,40,25,48,34,56,22,48,32,11,6,5,3,14,,3,5,23,23,16,18,27,20,29,41,18,,21,,17,,20,19,13,12,14,14,9,13,28,29,19,32,17,28,23,57,47,52,52,35,11,3,34,33,,,,31,,
20260402,4,PM10,66,63,116,90,70,111,136,28,59,55,98,107,104,71,114,112,70,120,165,72,78,77,126,144,73,116,60,104,84,118,88,104,101,36,57,31,27,63,70,44,60,23,35,20,81,15,18,61,35,74,46,65,38,39,31,27,51,37,63,37,36,32,37,38,31,32,23,45,21,85,72,39,52,66,45,39,62,43,101,67,77,65,11,180,112,67,87,78,115,142,108,59,48,86,128,97,27,9,28,31,21,18,22,48,18,,17,42,43,66,83,58,53,82,56,105,96,91,78,211,49,147,112,62,97,36,75,91,45,108,74,48,34,43,43,45,27,42,44,69,31,88,47,39,20,36,45,26,22,44,76,70,68,47,71,53,103,46,26,169,,,,,,,,,,,,,,,,,,,,,,,,,,,,,,61,51,28,63,70,78,45,52,90,83,50,17,43,35,,9,36,61,104,98,54,64,110,88,109,82,41,46,226,139,109,44,,307,16,165,15,88,87,75,82,47,32,112,81,83,43,66,52,38,12,40,25,20,14,42,38,54,51,25,40,43,47,48,129,141,125,57,52,45,45,62,53,45,49,43,45,88,46,30,69,27,58,48,38,40,55,59,57,21,22,54,48,43,49,40,40,34,50,36,36,25,34,40,41,32,44,26,30,22,17,,6,27,40,18,24,25,32,29,,8,33,23,13,77,48,39,48,42,79,27,63,36,13,6,7,18,16,,7,6,35,101,30,36,97,45,92,185,50,,44,,35,,42,61,39,23,38,26,38,32,72,98,43,85,61,48,93,183,121,149,192,100,26,8,70,118,,,,44,,
20260402,4,PM10_24h,52,69,103,83,79,99,107,25,35,71,121,119,99,58,43,100,90,88,91,62,84,52,115,143,75,100,59,77,68,104,102,99,85,23,37,23,24,39,40,26,36,17,22,14,90,14,17,44,115,89,58,54,46,23,27,30,28,31,36,19,17,17,26,41,36,32,26,39,15,78,66,38,60,55,43,37,48,43,108,62,79,66,18,122,149,115,123,130,87,116,106,68,81,115,77,108,17,17,26,33,14,18,12,34,13,17,23,24,40,54,52,48,53,83,36,112,116,127,67,156,42,79,61,62,84,40,66,91,57,80,66,47,38,36,37,32,22,36,33,32,34,54,35,32,19,33,48,38,26,34,70,58,62,55,74,85,76,46,42,188,,,,,,,,,,,,,,,,,,,,,,,,,,,,,,49,50,17,57,52,62,49,43,72,59,49,20,53,28,,16,41,48,136,108,40,84,95,88,98,58,38,55,116,63,102,32,93,155,27,118,15,81,78,67,86,56,27,87,70,65,48,49,42,40,15,17,13,14,14,42,37,36,39,21,31,36,36,40,97,95,72,64,55,59,44,54,57,43,64,48,50,62,49,36,55,24,45,35,29,31,28,35,44,21,23,34,36,33,27,32,26,22,34,35,39,36,31,43,46,42,46,23,27,23,19,,14,21,36,19,23,38,25,32,,12,42,34,16,85,52,35,61,47,77,28,64,43,20,15,18,16,18,,8,10,45,60,36,42,77,45,81,100,53,,53,,47,,46,46,25,28,35,29,28,23,82,82,57,109,59,54,88,168,158,185,224,87,36,13,70,72,,,,48,,
20260402,4,SO2,5,7,3,5,8,4,5,3,2,3,5,7,5,5,9,11,8,8,14,7,6,6,4,9,9,6,5,9,7,10,8,9,4,6,5,5,6,6,5,6,6,3,2,4,6,5,4,7,5,6,4,9,10,6,5,5,7,4,6,5,5,9,5,6,8,5,6,4,4,6,8,13,18,7,6,8,8,6,14,10,8,68,3,19,9,6,11,9,14,8,5,7,5,10,7,8,8,6,6,14,8,6,7,9,7,4,8,7,7,5,15,9,7,7,9,9,8,8,12,9,6,6,7,7,8,6,11,4,8,10,5,14,6,10,9,11,7,7,15,16,4,13,8,5,7,5,3,5,7,15,6,4,1,6,6,12,17,11,4,9,,,,,,,,,,,,,,,,,,,,,,,,,,,,,,6,2,5,4,10,8,7,7,25,51,16,5,8,4,,5,9,12,9,9,10,4,7,10,9,2,5,13,11,10,11,7,9,11,6,26,7,5,8,8,6,5,4,6,6,6,5,7,3,5,3,5,7,5,5,5,8,10,26,5,7,10,15,22,9,12,11,7,6,5,3,5,11,6,12,13,5,6,9,6,10,8,7,8,7,5,5,5,3,4,9,8,9,21,13,26,6,5,22,8,4,6,8,6,9,7,5,5,9,7,5,,6,6,4,9,4,10,6,3,,6,6,6,9,8,4,4,4,4,9,6,5,7,5,7,9,7,9,,6,6,5,7,4,6,15,10,12,8,8,,20,,7,,4,11,10,9,13,19,5,15,8,10,7,4,7,5,4,4,28,4,3,7,4,5,12,10,,,,7,,
20260402,4,SO2_24h,4,8,3,7,8,7,4,3,3,4,7,7,7,8,8,9,8,8,9,7,7,6,6,11,8,6,7,8,7,9,7,8,5,6,6,5,7,5,5,5,6,3,3,4,6,4,3,8,8,8,5,7,6,6,5,6,6,5,7,5,6,8,5,7,9,5,7,4,4,6,11,13,15,7,5,6,11,6,10,9,6,20,4,14,12,8,15,14,9,9,8,6,7,11,7,9,8,7,9,12,8,6,6,8,7,3,6,7,6,5,12,9,8,10,12,13,8,9,9,12,5,6,7,8,8,6,11,7,8,10,6,13,6,8,8,9,8,5,10,10,4,7,9,9,10,6,4,7,8,6,6,5,2,6,8,16,19,15,6,10,,,,,,,,,,,,,,,,,,,,,,,,,,,,,,5,3,5,6,8,10,9,8,10,23,11,5,9,6,,5,9,9,9,9,6,6,7,11,10,2,5,8,8,9,9,6,6,10,7,16,10,6,8,7,8,6,4,7,7,5,5,6,4,5,3,6,3,6,5,6,6,4,7,4,7,8,9,12,11,11,4,6,6,6,3,4,9,7,13,10,5,4,7,5,7,7,7,8,6,6,6,4,4,4,8,7,6,10,9,18,6,6,11,8,9,8,8,6,11,7,6,7,9,5,5,,6,8,5,13,4,11,6,3,,5,6,6,9,9,6,4,4,4,9,5,5,6,6,6,8,8,11,,6,6,6,7,8,8,15,12,11,6,8,,6,,7,,4,13,8,10,13,15,7,15,9,10,8,4,8,8,4,4,13,5,3,7,6,5,15,10,,,,7,,
20260402,4,NO2,37,56,24,24,44,22,50,12,29,61,43,32,23,37,45,62,17,60,48,70,53,77,40,38,21,82,58,58,53,20,31,26,18,43,46,29,25,67,46,20,21,16,34,16,20,12,14,64,12,31,16,31,18,51,9,12,47,18,34,22,8,40,13,5,18,9,7,8,3,51,46,20,47,22,24,20,62,29,41,19,47,54,12,38,25,25,23,47,35,43,34,15,11,43,24,17,21,8,10,15,20,6,18,31,19,9,14,40,16,23,39,20,17,44,26,37,43,33,44,32,12,34,14,48,51,31,27,17,17,16,26,12,17,40,24,14,13,24,21,40,3,25,22,10,11,7,23,10,6,10,36,28,36,14,40,25,14,25,2,20,,,,,,,,,,,,,,,,,,,,,,,,,,,,,,11,10,19,16,41,43,13,35,41,50,10,6,10,19,,6,3,43,45,31,43,44,30,18,25,10,14,16,40,23,30,10,36,31,6,27,16,11,18,19,25,44,10,19,15,21,13,11,28,22,8,16,15,13,11,16,11,28,33,16,32,15,13,30,22,24,24,19,17,15,9,25,17,13,8,16,16,24,13,9,32,8,32,18,8,27,31,22,23,7,42,18,24,32,32,15,30,29,21,8,33,11,11,15,9,10,38,7,17,6,2,,14,8,7,5,14,7,6,17,,4,5,11,5,16,7,4,6,6,7,7,24,9,8,5,1,4,8,,2,2,19,80,8,19,45,31,43,31,15,,12,,7,,14,4,2,2,4,2,37,4,19,50,17,14,63,12,11,61,14,59,53,49,8,2,10,54,,,,7,,
20260402,4,NO2_24h,16,35,17,16,25,21,24,11,16,18,29,27,14,25,24,24,21,32,31,47,35,41,38,33,22,41,35,35,35,27,26,24,16,30,34,22,22,29,31,19,21,22,19,12,30,12,15,34,35,27,17,29,27,29,22,24,31,24,31,21,11,22,14,8,23,21,15,14,9,44,40,17,29,26,29,24,40,25,21,22,18,27,13,27,28,26,28,42,23,36,31,18,24,41,30,21,16,10,13,18,16,9,13,21,16,6,12,22,13,17,23,17,18,32,20,22,22,26,23,32,8,25,12,40,44,29,25,20,21,15,20,16,20,19,25,14,16,20,15,19,6,26,22,11,19,15,26,25,9,9,32,25,32,19,42,19,13,23,8,21,,,,,,,,,,,,,,,,,,,,,,,,,,,,,,10,12,16,15,18,23,16,21,29,28,11,6,12,17,,8,6,19,23,17,23,24,22,18,24,12,13,14,19,14,19,7,19,23,9,23,4,21,18,18,24,30,9,18,13,16,13,11,22,20,12,15,11,9,14,16,14,19,18,15,21,15,11,18,17,21,21,19,18,18,11,14,17,13,12,16,14,11,14,10,18,9,26,18,8,29,18,20,23,11,25,15,17,21,21,15,19,12,14,8,25,22,17,29,26,22,40,12,18,12,6,,12,9,10,7,16,12,6,14,,6,8,12,8,17,12,9,7,8,12,9,18,17,10,7,3,4,8,,2,4,19,45,13,18,32,27,23,19,22,,15,,12,,15,11,2,2,12,3,29,5,22,27,25,19,19,23,15,31,15,40,19,34,11,6,20,20,,,,7,,
20260402,4,O3,32,24,41,23,16,52,21,54,21,8,30,39,41,37,25,20,76,24,44,20,15,14,24,55,83,7,28,25,24,78,77,48,80,11,36,56,34,9,25,58,49,34,10,22,84,88,80,23,90,47,78,58,91,24,86,89,32,74,68,77,89,30,65,47,38,78,72,92,114,23,29,62,38,75,63,78,23,56,27,68,2,11,73,51,50,67,55,43,53,37,36,79,77,40,71,84,48,85,93,61,30,99,48,40,48,80,73,8,79,67,22,60,79,36,32,27,22,28,8,50,46,29,78,29,35,61,55,68,85,94,51,89,50,52,51,87,21,31,31,21,63,39,30,79,82,81,52,68,66,89,41,34,10,37,33,34,86,36,95,75,,,,,,,,,,,,,,,,,,,,,,,,,,,,,,116,89,76,76,15,28,96,32,21,44,90,62,65,52,,69,103,15,12,25,11,31,17,50,45,88,52,54,65,45,54,44,71,117,48,61,41,104,75,93,31,36,19,50,75,84,72,87,32,35,97,21,26,39,100,29,83,56,27,47,30,76,65,34,65,72,53,56,76,65,111,60,82,42,86,96,91,51,97,66,55,35,19,30,95,6,15,11,26,18,,45,37,32,15,89,18,3,44,84,26,61,78,75,86,71,5,37,37,70,44,,32,71,67,63,37,48,65,27,,76,73,68,97,28,33,98,83,61,53,90,23,29,78,56,96,88,68,,101,62,34,2,29,39,24,37,13,30,64,,98,,71,,56,,99,87,100,93,34,104,43,13,76,85,2,75,51,13,73,27,51,20,40,86,109,30,,,,38,,
20260402,4,O3_24h,32,24,41,23,16,52,21,54,21,8,30,39,41,37,25,20,76,24,44,20,15,14,24,55,83,7,28,25,24,78,77,48,80,11,36,56,34,9,25,58,49,34,10,22,84,88,80,23,90,47,78,58,91,24,86,89,32,74,68,77,89,30,65,47,38,78,72,92,114,23,29,62,38,75,63,78,23,56,27,68,2,11,73,51,50,67,55,43,53,37,36,79,77,40,71,84,48,85,93,61,30,99,48,40,48,80,73,8,79,67,22,60,79,36,32,27,22,28,8,50,46,29,78,29,35,61,55,68,85,94,51,89,50,52,51,87,21,31,31,21,63,39,30,79,82,81,52,68,66,89,41,34,10,37,33,34,86,36,95,75,,,,,,,,,,,,,,,,,,,,,,,,,,,,,,116,89,76,76,15,28,96,32,21,44,90,62,65,52,,69,103,15,12,25,11,31,17,50,45,88,52,54,65,45,54,44,71,117,48,61,41,104,75,93,31,36,19,50,75,84,72,87,32,35,97,21,26,39,100,29,83,56,27,47,30,76,65,34,65,72,53,56,76,65,111,60,82,42,86,96,91,51,97,66,55,35,19,30,95,6,15,11,26,18,,45,37,32,15,89,18,3,44,84,26,61,78,75,86,71,5,37,37,70,44,,32,71,67,63,37,48,65,27,,76,73,68,97,28,33,98,83,61,53,90,23,29,78,56,96,88,68,,101,62,34,2,29,39,24,37,13,30,64,,98,,71,,56,,99,87,100,93,34,104,43,13,76,85,2,75,51,13,73,27,51,20,40,86,109,30,,,,38,,
20260402,4,O3_8h,,,,,,,,,,,,,,,,,,,,,,,,,,,,,,,,,,,,,,,,,,,,,,,,,,,,,,,,,,,,,,,,,,,,,,,,,,,,,,,,,,,,,,,,,,,,,,,,,,,,,,,,,,,,,,,,,,,,,,,,,87,,,,,,,,,,,,,,,125,,,,103,,,,,,,,,,,,,,,,,,,,,,,,,,,,,,,,,,,,,,,,,,,,,,,,,,,,,,,,,,,,,,,,,,,,,,,,,,,,,,,,,,,,,,,,,,,,,,,,,,,,,,,,,,,,,,,,,,,,,,,,,,,,,,,,,,,,,,,,,,,,,,,,,,,,,,,,,,,,,,,,,,,,,,,,,,,,,,,,103,,,,,,,,97,,,,,,,,,,,,,,,,,,,,,,,,,,,,,,,,,,,,,,,,,,,,,,,,,,,
20260402,4,O3_8h_24h,,,,,,,,,,,,,,,,,,,,,,,,,,,,,,,,,,,,,,,,,,,,,,,,,,,,,,,,,,,,,,,,,,,,,,,,,,,,,,,,,,,,,,,,,,,,,,,,,,,,,,,,,,,,,,,,,,,,,,,,,,,,,,,,,,,,,,,,,,,,,,,,,,,,,,,,,,,,,,,,,,,,,,,,,,,,,,,,,,,,,,,,,,,,,,,,,,,,,,,,,,,,,,,,,,,,,,,,,,,,,,,,,,,,,,,,,,,,,,,,,,,,,,,,,,,,,,,,,,,,,,,,,,,,,,,,,,,,,,,,,,,,,,,,,,,,,,,,,,,,,,,,,,,,,,,,,,,,,,,,,,,,,,,,,,,,,,,,,,,,,,,,,,,,,,,,,,,,,,,,,,,,,,,,,,,,,,,
20260402,4,CO,0.36,0.49,0.32,0.64,0.40,0.55,0.40,0.27,0.40,0.53,0.33,0.35,0.43,0.50,0.78,0.87,0.48,0.83,1.09,0.66,0.96,0.94,0.93,1.04,0.46,0.80,0.94,0.83,0.76,0.78,0.68,1.04,0.40,0.67,0.51,0.30,0.40,0.83,0.75,0.43,0.50,0.50,0.40,0.35,0.70,0.38,0.50,0.75,0.45,1.26,0.47,0.90,0.74,0.77,0.63,0.57,0.80,0.55,0.77,0.73,0.57,0.60,0.63,0.45,0.56,0.50,0.57,0.50,0.30,0.51,0.73,0.60,0.46,0.42,0.50,0.65,0.63,0.40,0.80,0.60,0.83,0.63,0.53,0.91,0.50,0.83,0.58,0.57,0.74,0.57,0.32,0.68,0.37,1.48,0.50,0.52,0.60,0.60,0.70,0.77,0.70,0.65,0.55,0.87,0.60,0.50,0.70,0.70,0.67,0.40,0.74,0.85,0.63,0.66,0.58,0.82,0.70,0.70,0.92,1.30,0.45,0.77,0.47,0.68,1.37,0.64,0.68,0.70,0.62,0.93,0.50,0.38,0.40,0.73,0.65,0.97,0.45,0.77,0.88,0.78,0.50,0.63,0.75,0.53,0.70,0.47,0.57,0.30,0.48,0.60,0.63,0.55,0.40,0.42,0.35,0.40,0.67,0.56,0.32,0.35,,,,,,,,,,,,,,,,,,,,,,,,,,,,,,0.40,0.40,0.50,0.53,0.35,0.45,0.55,0.67,0.33,0.83,0.50,0.20,0.40,0.40,,0.20,0.45,0.75,0.93,0.55,0.63,0.47,0.70,0.90,0.95,0.40,0.30,0.37,1.10,0.70,0.73,0.47,0.75,1.13,0.30,0.70,0.15,0.55,0.60,0.45,0.67,0.57,0.40,0.65,0.64,0.50,0.45,0.23,1.20,0.37,0.53,0.63,0.60,0.60,0.45,0.67,0.80,0.55,0.55,0.52,0.95,0.82,0.78,0.70,1.08,1.13,0.55,0.38,0.47,0.53,0.37,0.37,0.75,0.70,0.74,0.97,0.53,1.00,0.43,0.60,0.77,0.45,0.93,0.75,0.90,0.55,0.57,0.40,0.70,0.35,0.40,0.80,0.75,0.83,1.03,0.70,0.97,0.70,0.65,0.70,0.50,0.60,0.43,0.60,0.45,0.63,0.45,0.40,0.70,0.40,0.30,,0.30,0.40,0.40,0.60,0.55,0.55,0.50,0.60,,0.55,0.30,0.40,0.45,0.70,0.70,0.40,0.50,0.50,0.70,0.40,0.65,0.45,0.60,0.55,0.30,0.30,0.80,,0.30,0.55,0.63,0.67,0.40,0.45,0.65,0.45,0.70,1.00,0.35,,0.50,,0.70,,0.50,0.50,0.50,0.20,0.40,0.30,0.70,0.40,0.37,0.45,0.30,0.80,0.45,0.40,0.35,0.95,0.20,0.75,1.20,1.45,0.60,0.30,0.65,0.75,,,,0.75,,
20260402,4,CO_24h,0.34,0.57,0.38,0.60,0.40,0.72,0.37,0.37,0.30,0.43,0.40,0.45,0.57,0.53,0.46,0.56,0.53,0.55,0.66,0.68,0.89,0.78,0.93,1.03,0.54,0.78,0.87,0.70,0.78,0.78,0.72,0.88,0.50,0.59,0.47,0.37,0.41,0.67,0.60,0.40,0.55,0.53,0.50,0.45,0.70,0.38,0.45,0.68,0.72,0.90,0.50,0.60,0.78,0.74,0.66,0.60,0.63,0.60,0.67,0.70,0.55,0.50,0.59,0.55,0.61,0.50,0.57,0.50,0.40,0.53,0.73,0.70,0.60,0.44,0.65,0.67,0.63,0.38,0.60,0.55,0.37,0.45,0.57,0.80,0.66,0.70,0.48,0.70,0.70,0.50,0.43,0.63,0.60,1.30,0.50,0.57,0.67,0.70,0.70,0.87,0.75,0.60,0.50,0.77,0.60,0.50,0.70,0.60,0.50,0.40,0.64,0.62,0.55,0.70,0.54,0.86,0.53,0.76,0.58,1.13,0.40,0.60,0.30,0.73,0.83,0.70,0.62,0.67,0.62,0.67,0.50,0.38,0.38,0.60,0.70,0.85,0.45,0.70,0.80,0.64,0.50,0.55,0.75,0.75,0.77,0.50,0.53,0.40,0.48,0.55,0.63,0.45,0.45,0.44,0.40,0.50,0.90,0.56,0.38,0.40,,,,,,,,,,,,,,,,,,,,,,,,,,,,,,0.33,0.40,0.60,0.63,0.33,0.40,0.88,0.40,0.33,0.50,0.47,0.20,0.40,0.33,,0.25,0.50,0.45,0.63,0.50,0.47,0.40,0.60,0.75,0.95,0.40,0.35,0.40,0.67,0.57,0.53,0.40,0.40,0.67,0.35,0.65,0.20,0.52,0.56,0.50,0.67,0.60,0.45,0.65,0.62,0.40,0.45,0.17,0.93,0.37,0.60,0.73,0.60,0.60,0.40,0.70,0.83,0.70,0.60,0.50,0.95,0.88,0.78,0.65,0.88,0.67,0.55,0.40,0.52,0.57,0.40,0.33,0.92,0.70,0.74,0.67,0.53,0.50,0.50,0.60,0.67,0.45,1.08,0.75,0.90,0.50,0.53,0.40,0.75,0.40,0.35,0.63,0.75,0.67,0.77,0.60,0.90,0.60,0.70,0.60,0.63,0.60,0.40,0.63,0.55,0.75,0.60,0.45,0.65,0.50,0.20,,0.30,0.55,0.40,0.60,0.60,0.55,0.50,0.65,,0.60,0.30,0.30,0.50,0.65,0.60,0.40,0.50,0.50,0.75,0.45,0.70,0.60,0.55,0.50,0.30,0.30,0.60,,0.25,0.55,0.53,0.47,0.40,0.50,0.55,0.40,0.40,0.45,0.40,,0.40,,0.75,,0.45,0.70,0.40,0.30,0.40,0.40,0.60,0.40,0.53,0.50,0.45,0.75,0.15,0.55,0.35,0.45,0.20,0.75,0.60,0.90,0.50,0.30,0.75,0.65,,,,0.75,,
20260402,5,AQI,60,57,84,73,58,99,92,31,56,56,71,81,78,61,103,115,60,145,166,70,83,78,115,161,78,124,55,86,108,125,89,120,119,31,53,33,27,61,83,43,55,33,35,19,68,27,24,56,27,76,56,60,39,38,29,25,59,31,79,39,30,33,41,36,31,39,24,46,36,66,54,46,48,52,42,40,54,45,73,59,90,56,20,203,81,59,70,66,100,92,79,53,46,94,88,68,26,28,32,39,23,30,23,60,19,41,21,42,46,68,67,68,55,71,54,79,89,70,74,210,59,151,104,51,91,36,86,106,58,135,66,52,39,59,41,46,29,44,45,68,33,66,50,38,25,38,49,24,26,43,61,58,60,46,55,48,69,50,28,103,,,,,,,,,,,,,,,,,,,,,,,,,,,,,,56,46,29,59,66,56,45,49,67,65,57,21,42,40,,20,38,55,110,93,49,85,121,101,116,81,40,55,207,88,106,63,219,301,17,143,15,83,95,79,71,47,33,95,78,91,64,70,49,40,29,31,33,23,26,41,39,70,51,26,40,51,51,51,129,148,120,56,61,47,70,60,51,43,49,41,49,81,56,30,61,27,55,52,34,43,56,43,49,23,35,51,48,40,50,49,40,38,54,44,30,23,34,41,41,44,41,26,26,22,15,,9,27,34,19,21,16,20,29,,23,40,34,30,59,61,37,51,41,75,33,60,41,23,16,29,27,18,,31,20,35,73,29,39,70,45,75,144,48,,46,,34,,47,53,35,26,41,29,26,31,62,74,42,67,53,50,65,115,68,104,109,69,13,27,59,69,,,,53,,
20260402,5,PM2.5,15,14,29,31,18,74,39,17,20,19,20,22,37,33,77,87,25,111,126,51,61,57,87,123,57,94,39,64,81,95,66,91,90,16,37,22,17,44,61,26,37,18,22,11,49,12,12,40,16,56,40,43,22,21,15,15,42,22,58,23,17,21,29,24,15,27,7,29,8,39,22,27,19,24,25,22,36,21,52,35,67,33,8,153,22,42,35,31,75,43,29,37,32,70,35,20,14,3,20,27,16,13,14,43,10,14,9,19,32,49,32,49,23,36,38,58,66,51,54,160,32,116,78,35,68,25,64,80,41,103,48,32,23,42,24,26,20,27,24,49,23,48,35,24,12,15,34,16,15,29,36,38,22,25,28,21,30,27,9,39,,,,,,,,,,,,,,,,,,,,,,,,,,,,,,38,32,15,35,26,32,22,31,23,21,29,11,18,21,,6,5,39,83,69,29,63,92,76,88,60,26,39,157,34,80,45,169,251,10,109,7,61,71,58,52,33,23,71,57,68,46,51,31,28,4,22,21,16,9,29,26,51,36,12,22,36,36,30,98,113,91,40,44,33,51,42,30,30,30,29,31,60,40,18,44,10,39,28,24,30,40,23,30,16,18,36,29,28,31,28,27,22,38,30,16,11,24,29,20,31,21,18,18,13,3,,3,19,24,13,12,10,12,20,,3,28,24,6,35,44,25,36,29,55,19,43,29,13,5,3,5,10,,3,6,22,37,12,17,29,21,46,110,17,,21,,15,,21,20,23,16,15,7,6,9,23,29,17,25,27,29,19,71,31,46,38,41,9,3,34,40,,,,37,,
20260402,5,PM2.5_24h,14,20,33,24,14,71,29,12,9,21,37,45,51,24,24,36,29,55,59,47,59,40,82,108,51,72,33,47,60,79,73,87,75,12,25,13,18,27,30,17,28,10,14,6,48,5,11,28,47,66,43,40,27,14,14,23,20,22,28,11,9,10,19,23,20,21,11,24,7,33,30,23,23,23,25,25,26,15,26,35,25,18,10,98,59,61,33,53,51,34,34,48,52,87,34,20,10,8,19,22,8,9,10,23,8,10,9,8,27,34,18,28,19,30,20,41,36,42,27,114,17,63,37,41,52,22,39,74,40,54,35,23,23,32,26,17,16,21,21,21,22,29,25,20,10,13,28,18,16,21,35,28,21,26,30,27,23,17,13,46,,,,,,,,,,,,,,,,,,,,,,,,,,,,,,28,32,7,24,15,24,18,21,17,17,19,10,17,12,,5,8,18,48,43,14,40,54,50,56,41,21,36,84,32,74,17,78,109,11,94,7,56,56,39,48,40,17,65,41,47,33,30,27,27,4,10,7,8,8,35,28,26,33,10,17,26,27,26,72,70,49,46,38,31,33,30,34,22,35,30,30,35,35,23,30,13,32,22,24,21,24,23,26,18,10,21,20,20,18,16,16,12,22,19,19,15,18,24,15,24,18,15,18,18,9,,4,17,22,14,12,25,18,23,,9,29,21,8,44,41,25,47,34,56,21,48,32,11,6,5,3,14,,3,5,22,24,16,18,26,20,30,44,18,,21,,17,,20,19,14,12,15,14,9,13,27,29,19,32,17,28,23,58,46,51,52,35,11,3,34,33,,,,30,,
20260402,5,PM10,69,64,118,96,66,107,133,31,62,61,92,111,106,72,98,113,70,136,183,68,76,79,125,145,68,126,59,107,86,115,94,108,105,31,55,33,27,65,80,43,59,33,35,19,81,21,20,60,25,74,49,62,39,38,29,24,50,29,70,39,30,33,37,36,31,31,24,46,27,82,57,46,48,54,42,40,58,45,96,68,86,61,13,178,111,65,89,81,109,134,108,50,41,87,126,86,26,10,29,36,19,19,23,50,19,41,15,42,43,63,83,58,60,92,53,94,97,89,75,207,67,156,108,51,96,36,77,99,50,123,75,54,39,45,41,46,27,44,45,65,30,74,47,38,20,38,43,24,26,43,71,65,70,46,59,48,88,50,27,156,,,,,,,,,,,,,,,,,,,,,,,,,,,,,,61,45,29,67,81,62,45,49,84,79,63,21,42,40,,10,38,60,114,80,49,78,110,87,114,86,40,51,243,125,136,55,175,310,17,128,15,85,82,80,78,45,32,103,84,85,49,65,49,39,13,29,33,19,15,38,39,66,51,26,40,43,49,52,125,139,121,51,54,46,55,70,51,43,49,39,49,88,48,30,72,27,54,53,32,37,53,43,49,21,35,48,48,38,50,49,40,38,52,44,30,23,33,39,41,26,41,25,26,17,15,,8,25,34,19,21,,20,25,,12,35,,18,68,,37,47,38,63,33,57,40,14,7,8,16,17,,8,6,35,96,29,39,89,45,99,187,48,,46,,34,,47,55,35,21,41,23,26,25,73,97,42,84,56,50,80,180,85,158,167,88,10,8,68,87,,,,48,,
20260402,5,PM10_24h,54,66,104,83,79,100,108,25,36,70,120,119,100,59,47,101,91,85,97,62,82,52,117,143,74,100,59,77,69,104,100,99,85,23,38,24,24,39,41,28,38,18,23,14,89,14,17,46,111,88,59,54,45,24,27,31,30,31,38,21,18,19,27,41,36,32,25,39,16,80,66,38,59,55,43,37,49,44,110,63,74,62,18,123,147,112,123,128,87,120,107,66,78,114,80,109,18,17,27,34,15,18,13,35,14,18,23,25,41,55,54,48,54,83,37,113,116,127,63,161,43,82,63,61,84,40,66,93,58,81,66,47,38,37,37,32,23,37,35,33,34,55,36,33,20,34,48,38,26,35,70,59,62,55,73,83,77,47,42,187,,,,,,,,,,,,,,,,,,,,,,,,,,,,,,49,49,18,58,53,63,49,44,72,61,48,20,53,29,,15,40,45,138,104,38,75,95,90,100,58,39,56,122,62,104,30,94,166,27,123,15,80,77,66,85,55,27,86,69,64,48,50,42,40,15,18,13,15,14,44,37,37,39,21,32,37,37,42,101,98,75,62,53,58,45,54,58,43,62,48,49,63,49,37,55,25,46,36,28,32,30,36,45,22,24,35,38,34,28,33,27,24,35,36,39,36,31,43,46,41,47,23,27,23,19,,13,21,36,19,22,38,25,32,,12,43,33,16,85,53,35,60,48,77,28,64,43,20,14,18,17,18,,8,10,44,62,37,42,77,45,82,104,53,,53,,46,,46,46,25,28,35,28,28,23,82,82,57,108,59,54,88,169,152,183,222,88,36,13,71,71,,,,48,,
20260402,5,SO2,4,7,4,4,8,3,5,3,3,3,5,7,5,5,9,10,9,9,13,6,6,6,4,8,9,7,5,9,7,12,8,9,5,6,5,5,6,6,5,6,6,3,3,4,6,5,3,7,5,6,4,9,10,7,5,5,8,4,7,5,5,10,5,6,8,4,6,4,4,6,8,11,14,7,5,7,9,7,11,11,9,71,3,19,10,6,9,9,13,8,5,6,5,9,7,7,9,6,5,14,8,6,7,8,7,,8,7,6,5,16,9,10,7,9,9,8,8,21,8,6,5,7,7,9,6,11,4,8,13,6,14,6,12,7,11,7,6,15,12,4,8,8,7,7,5,2,5,7,9,7,3,1,6,8,13,14,13,5,9,,,,,,,,,,,,,,,,,,,,,,,,,,,,,,7,3,5,4,7,8,7,7,20,40,18,5,10,5,,5,8,14,8,8,9,4,7,8,9,2,5,14,9,10,9,7,11,9,6,23,7,5,9,7,6,5,4,6,6,7,5,7,3,5,3,5,6,6,5,4,8,5,26,5,7,15,15,19,9,12,23,6,6,5,3,5,11,7,13,11,5,7,11,6,9,8,7,10,5,6,4,5,4,4,9,8,6,12,16,25,6,5,26,9,4,6,8,8,9,7,5,5,9,6,5,,6,6,4,8,4,10,6,4,,6,6,6,9,8,4,4,4,4,9,5,5,6,5,6,9,7,9,,6,7,5,8,4,5,20,11,11,7,8,,6,,7,,4,9,8,9,13,20,4,16,8,9,6,4,7,6,4,4,12,4,2,6,4,5,14,9,,,,7,,
20260402,5,SO2_24h,4,8,3,7,8,7,4,3,3,4,7,7,7,7,8,9,8,8,10,7,7,6,6,11,8,6,7,8,7,9,7,8,5,6,6,5,7,5,5,5,6,3,3,4,6,4,3,8,8,8,5,7,7,6,5,6,6,5,7,5,6,8,5,7,9,5,7,4,5,6,11,14,15,7,5,6,10,7,10,9,6,22,4,14,12,8,15,14,9,9,8,6,7,11,8,8,8,7,9,12,8,6,6,8,7,3,6,7,6,5,12,9,8,9,12,12,8,9,10,12,5,6,7,8,8,6,11,7,8,10,6,13,6,8,8,9,8,5,11,10,4,7,9,9,10,6,4,7,8,7,6,5,2,6,8,16,19,15,6,10,,,,,,,,,,,,,,,,,,,,,,,,,,,,,,5,3,5,6,8,10,9,7,11,24,12,5,9,6,,5,9,9,9,9,6,6,7,11,10,2,5,8,8,9,9,6,6,10,7,16,10,6,8,7,8,6,4,7,7,5,5,6,4,5,3,6,3,6,5,6,6,4,8,4,7,9,10,12,11,11,5,6,6,6,3,4,9,7,13,10,5,4,7,5,7,7,7,8,6,6,6,4,5,4,8,7,6,10,9,19,6,6,11,8,9,8,8,6,11,7,6,7,9,5,5,,6,8,5,12,4,11,6,3,,5,6,6,9,9,6,4,4,4,9,5,5,6,6,6,8,8,11,,6,6,6,7,8,8,15,12,11,6,8,,6,,7,,4,13,8,10,13,15,7,15,9,10,8,4,8,8,4,4,13,5,3,7,6,5,15,10,,,,7,,
20260402,5,NO2,40,58,23,28,41,23,41,12,29,66,44,40,21,35,39,65,19,54,43,69,46,75,49,39,20,83,51,60,57,22,32,26,21,39,43,35,24,63,44,22,20,27,,17,19,13,14,61,11,34,19,32,18,47,7,13,50,13,35,18,8,44,13,6,15,10,7,8,3,48,48,11,50,20,27,21,61,32,43,21,46,61,13,40,27,24,29,46,30,42,41,16,10,40,21,17,26,8,11,15,19,7,20,27,20,8,15,38,16,17,37,21,22,46,30,35,43,36,41,33,14,39,15,39,34,29,27,22,17,14,31,12,18,26,16,12,13,20,18,38,8,20,24,11,12,7,20,8,6,8,27,20,28,16,29,29,13,25,3,12,,,,,,,,,,,,,,,,,,,,,,,,,,,,,,11,9,22,16,47,24,12,33,47,43,10,7,20,22,,6,3,40,44,30,34,56,30,20,38,9,18,16,37,22,36,12,53,29,6,24,8,13,17,22,27,58,10,23,15,21,13,13,29,16,9,17,12,14,10,12,10,37,33,16,27,16,16,28,27,27,28,20,16,14,10,21,16,10,9,16,17,23,16,7,25,8,30,20,5,25,32,18,16,7,41,15,20,28,30,14,30,26,18,8,35,10,11,14,12,11,35,6,12,6,2,,10,10,7,5,12,5,8,10,,4,5,11,5,16,7,4,5,6,7,6,25,7,6,5,1,3,10,,1,2,33,76,9,20,44,30,46,30,13,,13,,7,,16,3,2,1,8,2,23,3,17,42,20,15,63,10,8,58,11,52,26,35,6,2,10,38,,,,8,,
20260402,5,NO2_24h,17,34,17,15,25,21,25,11,17,19,29,27,14,25,25,26,20,33,32,48,35,43,37,34,22,43,36,35,37,25,26,24,16,31,34,23,22,31,32,19,21,23,19,13,29,12,14,35,34,27,17,30,27,30,21,24,32,24,32,21,11,23,14,8,23,20,14,13,9,44,41,18,30,26,28,24,41,25,22,22,20,30,13,27,27,26,26,41,23,37,31,18,23,41,30,20,16,10,13,18,16,9,13,21,16,7,12,22,13,17,24,16,18,32,21,22,22,26,24,32,8,25,12,39,43,30,25,20,21,15,21,15,20,19,24,14,16,20,15,19,6,26,22,11,19,14,25,25,9,9,33,25,32,19,41,20,14,24,8,21,,,,,,,,,,,,,,,,,,,,,,,,,,,,,,10,12,16,15,19,23,16,22,29,29,11,6,12,17,,8,6,20,24,18,23,25,22,18,24,13,13,15,20,14,20,7,20,23,9,24,5,21,18,18,23,30,9,18,13,16,13,11,23,19,11,15,11,9,14,16,14,20,19,15,21,15,11,19,17,21,20,19,18,17,11,15,17,13,11,17,14,11,15,11,19,9,26,18,8,29,19,20,22,11,26,15,17,22,22,15,20,13,14,8,26,22,17,28,25,22,40,12,18,11,6,,12,10,10,7,16,11,6,14,,5,8,12,8,16,12,8,7,8,12,9,18,16,10,7,3,4,9,,2,4,19,46,13,18,32,27,25,19,21,,15,,11,,15,11,2,2,12,3,29,5,21,27,25,19,21,23,14,33,15,40,20,35,11,6,20,21,,,,7,,
20260402,5,O3,27,21,39,18,18,46,25,51,18,6,32,27,41,33,25,13,72,26,48,18,17,15,20,47,84,4,34,21,28,75,73,45,70,13,38,42,36,10,25,46,48,20,6,12,84,87,78,20,87,38,66,55,88,27,89,79,28,73,69,74,90,23,61,43,41,69,71,91,115,26,27,62,31,76,59,73,21,48,21,62,2,4,65,39,43,64,43,42,63,37,30,77,77,43,69,78,43,88,103,63,35,96,42,62,42,80,67,20,73,81,18,50,58,35,27,28,19,24,10,46,40,22,74,30,49,64,54,58,77,88,41,85,42,77,63,96,20,32,40,18,42,34,25,70,79,75,51,72,63,91,49,41,14,32,51,28,79,33,90,85,,,,,,,,,,,,,,,,,,,,,,,,,,,,,,113,90,68,70,12,36,91,27,13,47,88,54,42,43,,65,105,15,5,25,19,31,18,46,41,79,43,55,79,49,43,47,49,98,50,65,43,98,71,82,26,24,18,40,66,79,67,80,26,41,94,20,22,39,83,32,85,46,25,43,30,70,53,33,58,62,39,55,78,65,101,68,81,36,87,90,87,55,93,62,64,31,13,35,97,9,13,27,34,16,,49,37,37,14,85,13,6,50,79,19,70,72,72,71,63,5,34,46,71,37,,28,59,65,60,40,51,56,44,,75,72,64,96,26,31,97,84,65,43,90,20,33,72,52,93,85,59,,98,64,28,2,25,34,21,37,3,25,60,,89,,80,,54,,72,84,85,93,50,98,47,15,64,80,5,85,57,16,74,34,65,24,41,87,117,39,,,,45,,
20260402,5,O3_24h,27,21,39,18,18,46,25,51,18,6,32,27,41,33,25,13,72,26,48,18,17,15,20,47,84,4,34,21,28,75,73,45,70,13,38,42,36,10,25,46,48,20,6,12,84,87,78,20,87,38,66,55,88,27,89,79,28,73,69,74,90,23,61,43,41,69,71,91,115,26,27,62,31,76,59,73,21,48,21,62,2,4,65,39,43,64,43,42,63,37,30,77,77,43,69,78,43,88,103,63,35,96,42,62,42,80,67,20,73,81,18,50,58,35,27,28,19,24,10,46,40,22,74,30,49,64,54,58,77,88,41,85,42,77,63,96,20,32,40,18,42,34,25,70,79,75,51,72,63,91,49,41,14,32,51,28,79,33,90,85,,,,,,,,,,,,,,,,,,,,,,,,,,,,,,113,90,68,70,12,36,91,27,13,47,88,54,42,43,,65,105,15,5,25,19,31,18,46,41,79,43,55,79,49,43,47,49,98,50,65,43,98,71,82,26,24,18,40,66,79,67,80,26,41,94,20,22,39,83,32,85,46,25,43,30,70,53,33,58,62,39,55,78,65,101,68,81,36,87,90,87,55,93,62,64,31,13,35,97,9,13,27,34,16,,49,37,37,14,85,13,6,50,79,19,70,72,72,71,63,5,34,46,71,37,,28,59,65,60,40,51,56,44,,75,72,64,96,26,31,97,84,65,43,90,20,33,72,52,93,85,59,,98,64,28,2,25,34,21,37,3,25,60,,89,,80,,54,,72,84,85,93,50,98,47,15,64,80,5,85,57,16,74,34,65,24,41,87,117,39,,,,45,,
20260402,5,O3_8h,,,,,,,,,,,,,,,,,,,,,,,,,,,,,,,,,,,,,,,,,,,,,,,,,,,,,,,,,,,,,,,,,,,,,,,,,,,,,,,,,,,,,,,,,,,,,,,,,,,,,,,,,,,,,,,,,,,,,,,,,87,,,,,,,,,,,,,,,125,,,,103,,,,,,,,,,,,,,,,,,,,,,,,,,,,,,,,,,,,,,,,,,,,,,,,,,,,,,,,,,,,,,,,,,,,,,,,,,,,,,,,,,,,,,,,,,,,,,,,,,,,,,,,,,,,,,,,,,,,,,,,,,,,,,,,,,,,,,,,,,,,,,,,,,,,,,,,,,,,,,,,,,,,,,,,,,,,,,,,103,,,,,,,,97,,,,,,,,,,,,,,,,,,,,,,,,,,,,,,,,,,,,,,,,,,,,,,,,,,,
20260402,5,O3_8h_24h,,,,,,,,,,,,,,,,,,,,,,,,,,,,,,,,,,,,,,,,,,,,,,,,,,,,,,,,,,,,,,,,,,,,,,,,,,,,,,,,,,,,,,,,,,,,,,,,,,,,,,,,,,,,,,,,,,,,,,,,,,,,,,,,,,,,,,,,,,,,,,,,,,,,,,,,,,,,,,,,,,,,,,,,,,,,,,,,,,,,,,,,,,,,,,,,,,,,,,,,,,,,,,,,,,,,,,,,,,,,,,,,,,,,,,,,,,,,,,,,,,,,,,,,,,,,,,,,,,,,,,,,,,,,,,,,,,,,,,,,,,,,,,,,,,,,,,,,,,,,,,,,,,,,,,,,,,,,,,,,,,,,,,,,,,,,,,,,,,,,,,,,,,,,,,,,,,,,,,,,,,,,,,,,,,,,,,,
20260402,5,CO,0.41,0.49,0.34,0.67,0.40,0.53,0.41,0.30,0.40,0.50,0.25,0.35,0.45,0.52,0.70,0.88,0.50,0.80,1.12,0.68,0.93,0.94,0.93,1.01,0.48,0.84,1.00,0.86,0.80,0.85,0.70,1.00,0.40,0.66,0.53,0.33,0.40,0.83,0.68,0.43,0.50,0.50,0.40,0.40,0.70,0.45,0.47,0.75,0.40,1.29,0.49,0.93,0.68,0.75,0.60,0.53,0.77,0.50,0.73,0.70,0.57,0.60,0.64,0.43,0.57,0.49,0.50,0.50,0.30,0.51,0.70,0.65,0.48,0.40,0.52,0.65,0.66,0.42,0.80,0.65,0.77,0.60,0.53,0.91,0.52,0.77,0.68,0.57,0.74,0.58,0.33,0.63,0.34,1.34,0.55,0.52,0.60,0.60,0.73,0.77,0.70,0.60,0.50,0.97,0.60,0.50,0.70,0.65,0.67,0.40,0.84,0.82,0.70,0.80,0.58,0.88,0.75,0.74,0.86,1.28,0.50,0.83,0.45,0.63,1.87,0.64,0.70,0.72,0.63,0.93,0.55,0.40,0.47,0.70,0.63,0.97,0.40,0.73,0.82,0.77,0.55,0.60,0.80,0.57,0.70,0.47,0.53,0.30,0.48,0.58,0.63,0.45,0.40,0.42,0.35,0.40,0.70,0.60,0.34,0.35,,,,,,,,,,,,,,,,,,,,,,,,,,,,,,0.45,0.40,0.50,0.57,0.23,0.45,0.55,0.57,0.37,0.83,0.53,0.20,0.40,0.47,,0.20,0.45,0.68,0.97,0.55,0.60,0.43,0.70,0.85,0.95,0.40,0.35,0.33,1.07,0.90,0.77,0.70,0.85,1.13,0.35,0.60,0.20,0.55,0.64,0.50,0.67,0.60,0.40,0.65,0.64,0.50,0.47,0.23,1.13,0.37,0.53,0.87,0.60,0.60,0.45,0.67,0.73,0.57,0.60,0.52,0.95,0.80,0.80,0.65,1.06,1.07,0.65,0.40,0.52,0.55,0.43,0.47,0.60,0.70,0.74,0.90,0.55,1.10,0.43,0.60,0.90,0.40,0.90,0.80,1.00,0.55,0.53,0.35,0.65,0.40,0.40,0.77,0.75,0.77,0.90,0.70,0.97,0.70,0.65,0.70,0.53,0.65,0.40,0.57,0.50,0.63,0.45,0.40,0.65,0.40,0.30,,0.25,0.45,0.40,0.60,0.55,0.55,0.50,0.55,,0.55,0.30,0.40,0.45,0.70,0.70,0.40,0.50,0.45,0.70,0.40,0.65,0.45,0.50,0.50,0.30,0.30,0.90,,0.25,0.55,0.57,0.57,0.40,0.40,0.65,0.45,0.70,0.90,0.35,,0.50,,0.75,,0.35,0.30,0.50,0.20,0.40,0.30,0.40,0.40,0.43,0.60,0.45,0.80,0.40,0.35,0.35,0.95,0.10,0.65,0.70,1.15,0.40,0.30,0.65,0.70,,,,0.85,,
20260402,5,CO_24h,0.36,0.57,0.38,0.60,0.30,0.72,0.37,0.33,0.30,0.43,0.38,0.43,0.55,0.53,0.46,0.56,0.53,0.55,0.70,0.68,0.89,0.78,0.92,1.03,0.54,0.76,0.86,0.70,0.78,0.78,0.72,0.90,0.50,0.59,0.47,0.33,0.41,0.67,0.60,0.40,0.55,0.53,0.50,0.45,0.70,0.38,0.45,0.70,0.70,0.94,0.50,0.63,0.78,0.74,0.66,0.60,0.67,0.60,0.67,0.70,0.55,0.53,0.59,0.55,0.61,0.50,0.57,0.50,0.40,0.54,0.73,0.70,0.58,0.44,0.65,0.68,0.63,0.40,0.60,0.57,0.37,0.45,0.57,0.80,0.64,0.70,0.48,0.63,0.70,0.50,0.42,0.60,0.57,1.30,0.50,0.55,0.67,0.70,0.70,0.87,0.75,0.60,0.50,0.77,0.60,0.50,0.70,0.60,0.53,0.40,0.66,0.62,0.60,0.70,0.54,0.84,0.52,0.76,0.58,1.13,0.40,0.60,0.33,0.73,0.87,0.68,0.62,0.67,0.62,0.70,0.47,0.38,0.38,0.60,0.68,0.85,0.45,0.70,0.80,0.66,0.50,0.55,0.77,0.75,0.77,0.50,0.53,0.40,0.48,0.55,0.63,0.45,0.45,0.44,0.40,0.50,0.90,0.58,0.36,0.40,,,,,,,,,,,,,,,,,,,,,,,,,,,,,,0.33,0.40,0.60,0.63,0.33,0.40,0.88,0.43,0.33,0.50,0.47,0.20,0.40,0.33,,0.25,0.50,0.53,0.67,0.50,0.47,0.40,0.60,0.75,0.95,0.40,0.35,0.40,0.70,0.57,0.53,0.40,0.45,0.73,0.35,0.65,0.20,0.52,0.56,0.45,0.67,0.60,0.45,0.65,0.62,0.40,0.45,0.17,0.93,0.37,0.60,0.77,0.60,0.60,0.45,0.70,0.80,0.70,0.55,0.52,0.95,0.88,0.78,0.65,0.90,0.70,0.55,0.40,0.50,0.57,0.40,0.33,0.90,0.70,0.74,0.67,0.53,0.60,0.50,0.60,0.67,0.45,1.08,0.75,0.90,0.50,0.53,0.40,0.75,0.40,0.35,0.67,0.73,0.67,0.77,0.60,0.93,0.60,0.70,0.60,0.63,0.65,0.40,0.63,0.50,0.75,0.60,0.45,0.65,0.50,0.20,,0.30,0.55,0.40,0.60,0.60,0.55,0.50,0.65,,0.60,0.30,0.30,0.50,0.65,0.60,0.40,0.50,0.50,0.75,0.45,0.70,0.60,0.55,0.50,0.30,0.30,0.60,,0.25,0.55,0.53,0.47,0.40,0.50,0.55,0.40,0.40,0.45,0.40,,0.40,,0.75,,0.45,0.60,0.40,0.20,0.40,0.40,0.60,0.40,0.53,0.50,0.45,0.80,0.15,0.55,0.35,0.45,0.20,0.70,0.60,0.95,0.40,0.30,0.75,0.65,,,,0.75,,
20260402,6,AQI,60,59,83,76,58,94,90,31,59,56,71,80,79,61,76,119,61,153,170,70,85,83,111,150,83,135,58,88,116,134,93,119,120,29,53,37,27,58,90,44,55,38,33,23,65,25,24,56,27,74,63,56,40,36,28,25,60,24,83,40,29,34,49,34,30,40,29,47,35,63,54,48,55,50,41,41,56,44,79,62,93,63,18,208,81,60,71,52,105,83,76,66,43,100,85,68,28,29,37,40,29,30,22,56,17,20,23,45,51,71,67,71,58,73,52,78,93,74,85,208,72,160,104,49,93,43,95,111,66,135,94,59,39,56,35,44,30,41,40,65,34,59,49,44,23,38,50,31,27,47,57,52,59,45,55,52,67,52,26,94,,,,,,,,,,,,,,,,,,,,,,,,,,,,,,58,50,35,74,72,58,45,43,70,64,55,22,44,41,,20,40,58,94,86,58,104,129,108,118,74,49,64,213,96,104,80,229,310,18,128,18,84,94,79,69,51,31,89,83,94,69,73,45,49,29,41,31,24,24,39,41,70,58,26,39,55,53,52,131,145,126,56,65,47,81,64,51,46,50,47,52,80,50,34,65,27,50,52,31,43,54,40,45,20,31,56,50,35,49,47,41,33,55,47,40,25,33,41,46,46,43,26,23,24,15,,8,27,34,23,22,17,23,26,,23,41,26,29,61,59,40,51,44,78,30,65,39,25,20,52,27,18,,27,33,33,61,29,44,69,45,71,138,48,,45,,38,,36,51,32,26,54,27,18,30,61,69,50,66,46,46,60,107,40,118,105,63,24,26,60,65,,,,54,,
20260402,6,PM2.5,16,16,33,32,16,70,36,21,17,21,20,28,36,32,56,90,27,117,129,51,63,61,84,115,61,103,41,65,88,102,69,90,91,16,37,23,17,41,67,27,37,20,21,15,47,12,11,40,14,54,45,40,22,22,13,14,43,17,61,24,16,22,34,24,16,28,8,31,8,37,22,31,19,22,25,23,38,21,58,40,69,40,9,158,25,43,39,28,79,41,28,48,30,75,40,28,15,5,26,28,20,8,15,40,10,10,3,19,27,52,29,52,22,39,35,57,69,54,63,158,30,122,78,33,69,26,71,84,48,103,70,42,23,40,23,22,21,26,23,47,24,42,34,27,13,14,35,22,12,33,37,32,22,24,30,26,29,26,7,35,,,,,,,,,,,,,,,,,,,,,,,,,,,,,,36,29,20,54,25,35,21,26,23,29,30,10,17,25,,3,10,41,70,64,41,78,98,81,89,54,24,46,163,51,78,59,179,260,9,97,7,62,70,58,50,35,22,66,61,70,50,53,29,32,5,21,22,17,10,27,29,51,41,14,25,39,37,29,100,111,96,40,47,30,60,45,31,32,33,28,30,59,35,24,47,19,35,26,22,30,38,22,27,14,14,40,35,23,33,29,23,23,39,33,19,13,23,29,28,32,22,18,16,14,6,,3,19,23,16,13,3,16,18,,7,29,18,9,42,42,28,36,31,57,21,47,27,11,3,9,3,10,,3,8,20,28,13,18,27,23,47,105,16,,21,,21,,18,21,19,17,23,3,3,8,25,27,18,23,25,31,16,69,17,50,38,37,3,3,24,39,,,,38,,
20260402,6,PM2.5_24h,15,17,33,23,14,71,28,12,10,21,34,42,51,24,27,40,29,59,64,46,58,40,82,108,50,72,33,46,61,80,72,86,74,12,26,13,18,27,30,18,29,10,15,6,47,5,11,29,44,65,43,40,27,14,14,23,22,23,30,12,10,11,20,23,20,21,11,24,7,33,30,23,22,23,25,25,27,16,28,35,27,20,10,100,55,58,32,50,52,34,33,46,49,86,34,20,10,8,20,23,8,10,10,24,8,10,9,9,27,35,20,29,19,31,22,42,38,42,29,119,18,65,40,41,52,22,40,76,41,56,36,23,23,32,25,18,16,21,22,22,23,29,25,20,11,13,28,18,16,21,35,28,21,27,30,27,23,17,13,46,,,,,,,,,,,,,,,,,,,,,,,,,,,,,,27,31,8,26,16,25,17,21,17,18,20,10,17,13,,4,9,19,49,44,16,43,57,52,59,42,21,37,88,28,75,18,81,119,11,98,7,55,55,40,48,39,18,64,41,46,33,32,27,26,4,11,8,9,8,35,28,27,33,11,18,26,28,26,75,73,51,44,36,30,35,30,34,23,34,31,31,35,35,24,31,13,33,22,24,22,25,24,27,19,10,23,21,21,19,17,17,12,23,20,19,15,18,25,16,25,18,15,18,18,9,,4,17,22,14,12,24,18,23,,8,29,21,8,44,41,25,46,35,57,22,49,31,12,6,5,3,14,,3,5,23,25,16,18,26,20,31,47,18,,21,,17,,20,19,14,12,16,14,9,13,27,29,19,32,17,28,23,59,44,52,51,36,11,3,34,32,,,,30,,
20260402,6,PM10,69,68,116,102,65,103,129,31,68,61,92,110,107,71,80,119,71,142,189,68,81,83,127,138,74,138,62,111,89,133,94,106,114,29,55,37,27,61,88,44,59,38,33,23,78,21,19,58,27,75,52,57,40,36,28,24,49,21,76,40,28,34,39,34,30,33,29,47,27,75,58,48,60,50,41,41,61,44,98,74,82,75,15,188,111,61,91,54,117,115,102,56,37,95,120,85,28,10,36,33,22,13,22,53,17,16,12,45,51,68,84,58,65,96,54,92,97,92,77,199,93,143,107,49,95,43,89,103,55,139,80,62,39,48,35,44,27,41,40,63,29,63,46,44,23,38,44,31,27,43,64,53,67,45,59,53,83,54,24,138,,,,,,,,,,,,,,,,,,,,,,,,,,,,,,65,50,35,66,93,66,45,43,90,78,59,22,44,41,,10,40,61,98,82,52,92,114,98,123,75,49,54,245,142,107,74,186,316,18,118,18,85,87,83,73,51,26,101,87,90,62,65,45,49,12,41,28,22,14,37,37,65,53,26,39,51,49,54,134,139,124,55,58,47,66,78,52,40,50,47,53,96,46,32,77,26,49,54,,37,51,40,45,20,31,53,46,35,49,47,41,32,53,45,40,25,31,37,46,34,43,25,23,24,15,,6,25,34,23,22,6,19,24,,15,32,24,16,71,47,38,49,35,62,29,71,33,,6,53,12,18,,8,6,33,72,29,44,88,45,92,170,48,,45,,38,,36,52,32,21,58,24,12,20,72,87,50,82,46,46,70,163,40,185,159,75,24,8,70,79,,,,49,,
20260402,6,PM10_24h,56,64,105,83,79,102,109,26,38,71,119,118,102,61,50,99,92,86,104,61,81,52,118,144,73,101,58,77,70,104,99,98,85,23,40,25,24,40,42,30,39,19,24,15,87,15,17,47,107,88,59,54,45,25,28,31,31,32,40,22,19,20,28,41,35,32,26,39,17,80,65,39,58,55,44,37,50,44,109,64,68,60,17,125,145,108,123,124,88,122,108,65,75,113,83,111,18,17,28,34,15,18,14,36,14,18,24,26,41,57,56,48,55,84,39,113,115,127,61,165,46,85,65,61,84,41,67,94,59,84,67,48,38,37,37,33,23,38,36,35,34,55,37,33,20,34,47,37,26,35,70,59,64,55,74,81,79,47,42,185,,,,,,,,,,,,,,,,,,,,,,,,,,,,,,50,49,19,59,55,64,49,45,73,63,48,20,53,29,,15,40,44,139,91,39,72,94,93,103,59,40,57,128,62,105,31,96,176,27,128,16,79,77,65,83,54,27,85,68,64,48,52,43,40,15,20,14,16,15,44,38,39,40,22,33,37,39,43,104,102,78,60,51,56,47,55,58,43,61,49,49,65,50,37,56,25,47,37,28,32,31,37,46,22,25,37,40,34,30,35,28,24,36,37,39,36,31,43,46,41,47,24,27,23,19,,13,22,37,18,22,37,25,32,,12,42,33,16,85,54,36,58,48,77,28,65,43,21,14,20,17,19,,8,10,44,63,37,43,78,44,84,107,53,,52,,46,,45,47,26,27,36,28,28,23,81,83,57,107,58,54,87,171,144,182,221,88,37,13,72,71,,,,48,,
20260402,6,SO2,4,7,4,5,8,4,4,4,2,3,5,6,5,6,8,10,11,16,14,7,6,6,4,8,9,9,6,9,7,13,7,8,5,6,6,5,7,6,6,6,6,3,3,5,6,4,4,7,5,6,4,9,6,7,5,5,8,4,7,4,5,9,5,6,8,5,6,5,4,6,7,10,12,7,5,7,11,7,12,12,8,51,3,17,9,7,9,9,12,6,5,5,5,9,7,12,15,6,5,10,8,6,7,7,7,7,10,7,6,6,17,9,14,7,15,9,9,8,23,8,6,6,7,6,9,5,11,4,8,12,6,15,6,12,6,10,7,8,13,11,4,8,7,9,8,5,2,5,7,8,7,3,1,6,8,15,13,18,5,10,,,,,,,,,,,,,,,,,,,,,,,,,,,,,,7,3,6,4,8,8,7,6,15,50,12,5,11,6,,5,9,17,9,9,9,5,6,9,10,3,3,19,9,10,9,8,7,10,6,28,7,6,9,7,7,5,4,7,6,6,5,8,3,14,3,7,6,7,5,5,10,15,43,10,8,17,15,15,9,12,13,6,6,5,3,5,10,6,13,10,5,8,9,5,11,7,7,9,5,6,4,5,4,4,8,8,4,11,16,18,6,5,19,10,4,6,8,8,11,7,5,5,9,6,5,,5,6,4,8,4,10,6,4,,6,6,6,9,9,4,4,4,4,10,5,5,6,5,6,10,7,9,,7,7,5,7,6,6,26,11,11,7,8,,13,,7,,3,7,8,9,12,23,4,15,8,9,7,4,7,6,2,4,8,4,2,7,5,5,12,9,,,,6,,
20260402,6,SO2_24h,4,8,3,7,8,7,4,3,3,4,6,7,6,7,8,9,9,8,10,7,7,6,6,11,8,6,7,8,7,9,7,8,5,6,6,5,7,5,5,5,6,3,3,4,6,4,3,8,8,7,5,8,7,6,5,6,7,5,7,5,6,8,5,7,9,5,7,4,5,6,11,14,15,7,5,6,11,7,10,9,6,23,4,14,12,8,14,14,10,9,8,6,7,11,8,8,8,7,9,12,8,6,6,8,7,3,6,7,6,5,12,9,8,9,12,12,8,9,10,12,5,5,7,8,8,6,11,7,8,10,5,13,6,9,7,9,8,5,11,10,4,7,8,9,10,5,4,7,8,7,6,5,2,6,8,16,19,15,6,10,,,,,,,,,,,,,,,,,,,,,,,,,,,,,,6,3,5,6,8,10,8,7,11,25,12,5,9,6,,5,9,10,9,9,6,6,7,11,10,2,5,9,8,9,8,6,6,10,7,17,10,6,8,7,8,6,4,7,7,5,5,6,4,5,3,6,3,6,5,6,7,4,10,4,7,9,10,12,11,11,6,6,6,6,3,4,9,7,13,10,5,5,7,5,8,7,7,8,7,6,6,5,5,4,7,8,6,11,10,19,6,6,12,8,9,8,8,6,12,7,6,7,9,6,5,,6,8,5,11,4,11,6,3,,5,6,6,9,9,6,4,4,4,9,5,5,6,6,6,8,8,11,,6,6,6,7,8,8,16,12,11,6,8,,7,,7,,4,13,8,10,13,15,7,15,10,10,8,4,8,8,4,4,13,5,3,7,6,5,15,10,,,,7,,
20260402,6,NO2,41,64,26,31,39,26,46,13,27,65,51,44,21,39,40,65,28,56,42,72,45,77,43,38,26,86,51,62,64,26,32,26,26,33,38,36,26,62,53,26,23,41,41,23,23,14,14,60,16,39,22,28,18,42,7,10,46,12,32,17,8,44,13,10,16,12,7,9,4,43,46,13,51,21,20,24,60,33,46,28,43,62,14,50,32,23,32,33,39,44,52,25,8,45,28,20,25,8,8,16,19,6,16,40,20,13,12,26,20,18,36,24,23,45,39,37,42,38,46,32,23,35,17,39,30,36,26,24,20,16,34,13,20,23,23,9,14,24,16,32,10,20,22,17,12,7,16,9,6,8,25,21,23,18,36,34,18,29,3,12,,,,,,,,,,,,,,,,,,,,,,,,,,,,,,12,12,24,17,52,31,12,27,39,45,14,7,20,28,,7,4,41,37,44,34,54,35,24,30,12,21,21,43,26,37,15,53,39,7,22,7,14,16,20,26,49,10,22,17,20,15,13,30,18,9,18,12,11,10,11,10,39,29,16,25,21,15,25,19,31,32,23,18,13,11,17,13,11,9,18,17,19,10,6,22,9,26,19,4,20,31,16,13,7,36,15,22,21,34,14,31,21,19,9,36,10,12,13,18,10,36,7,10,5,2,,10,13,7,6,11,5,12,11,,4,5,9,7,13,9,10,6,6,8,7,23,7,6,4,2,3,8,,2,1,22,71,9,21,39,31,40,30,18,,13,,9,,9,4,2,2,21,2,15,2,17,35,22,12,48,10,7,55,3,45,21,29,5,2,7,30,,,,8,,
20260402,6,NO2_24h,19,34,17,15,25,21,25,11,17,21,29,27,15,25,26,28,20,35,33,49,36,44,37,34,22,44,36,37,38,24,27,24,17,32,35,24,22,32,33,20,21,24,21,13,28,12,14,36,32,28,17,30,26,31,21,23,33,24,32,21,11,24,14,8,23,19,13,12,9,44,41,18,30,26,28,24,42,25,24,22,22,32,13,28,26,26,25,39,24,37,30,18,21,40,30,19,17,10,13,17,17,9,13,22,17,7,12,22,13,17,25,16,18,31,22,23,23,26,26,33,9,26,13,39,42,30,24,20,21,15,21,15,20,19,25,14,16,21,16,20,6,25,22,11,19,14,24,24,9,9,32,25,32,19,40,20,14,24,8,21,,,,,,,,,,,,,,,,,,,,,,,,,,,,,,10,12,17,15,20,23,15,22,29,30,11,6,13,18,,8,6,22,25,19,24,27,24,18,24,13,14,15,20,13,20,8,21,24,9,24,5,20,18,19,23,31,9,18,13,16,13,11,23,20,11,16,12,9,14,16,14,21,19,15,21,16,11,19,18,21,21,19,17,17,11,15,17,13,11,17,14,12,15,11,19,9,26,18,8,28,19,20,22,11,27,15,17,22,23,15,21,14,15,8,26,22,17,27,24,22,41,12,17,11,6,,11,10,9,7,15,11,7,14,,5,8,12,8,16,12,8,7,8,12,9,19,16,10,7,3,4,9,,2,4,19,46,13,18,32,27,25,20,21,,15,,11,,15,11,2,2,12,3,29,5,21,26,25,20,23,22,14,35,14,40,20,35,10,6,20,22,,,,7,,
20260402,6,O3,23,15,33,16,16,40,22,48,19,5,25,19,39,26,21,10,59,25,49,15,30,11,13,45,71,5,32,15,20,55,71,38,62,11,38,39,31,8,19,35,48,6,2,8,75,80,78,21,76,37,56,59,84,31,91,79,29,68,71,71,92,19,57,38,42,63,70,91,112,26,25,55,22,74,67,60,24,46,13,55,3,5,59,23,32,64,36,63,48,35,20,53,80,30,60,72,37,93,100,69,36,95,51,33,42,65,72,20,60,84,20,40,44,35,18,29,18,20,5,49,30,28,73,17,51,48,55,54,66,80,35,81,36,87,46,95,17,32,46,21,30,39,23,59,69,74,56,62,60,91,49,39,18,27,32,23,71,33,83,86,,,,,,,,,,,,,,,,,,,,,,,,,,,,,,108,87,63,71,9,33,88,26,19,42,84,54,36,36,,64,106,16,20,27,17,26,8,36,36,74,45,49,64,45,44,51,41,82,50,68,46,91,68,76,32,19,10,42,56,71,61,72,22,39,93,18,22,42,76,37,82,39,23,42,26,63,54,32,62,56,25,52,72,63,89,77,90,31,86,87,89,54,101,66,68,24,21,43,99,11,16,20,44,26,,46,30,46,13,82,10,10,47,76,18,68,63,71,57,60,7,31,51,65,31,,24,47,65,59,44,53,42,45,,73,72,66,93,27,24,85,82,67,38,87,19,35,79,65,104,85,54,,87,106,25,1,22,30,23,35,5,22,57,,92,,68,,81,,76,82,56,87,58,96,45,16,55,84,25,91,64,11,85,31,68,30,35,82,116,45,,,,41,,
20260402,6,O3_24h,23,15,33,16,16,40,22,48,19,5,25,19,39,26,21,10,59,25,49,15,30,11,13,45,71,5,32,15,20,55,71,38,62,11,38,39,31,8,19,35,48,6,2,8,75,80,78,21,76,37,56,59,84,31,91,79,29,68,71,71,92,19,57,38,42,63,70,91,112,26,25,55,22,74,67,60,24,46,13,55,3,5,59,23,32,64,36,63,48,35,20,53,80,30,60,72,37,93,100,69,36,95,51,33,42,65,72,20,60,84,20,40,44,35,18,29,18,20,5,49,30,28,73,17,51,48,55,54,66,80,35,81,36,87,46,95,17,32,46,21,30,39,23,59,69,74,56,62,60,91,49,39,18,27,32,23,71,33,83,86,,,,,,,,,,,,,,,,,,,,,,,,,,,,,,108,87,63,71,9,33,88,26,19,42,84,54,36,36,,64,106,16,20,27,17,26,8,36,36,74,45,49,64,45,44,51,41,82,50,68,46,91,68,76,32,19,10,42,56,71,61,72,22,39,93,18,22,42,76,37,82,39,23,42,26,63,54,32,62,56,25,52,72,63,89,77,90,31,86,87,89,54,101,66,68,24,21,43,99,11,16,20,44,26,,46,30,46,13,82,10,10,47,76,18,68,63,71,57,60,7,31,51,65,31,,24,47,65,59,44,53,42,45,,73,72,66,93,27,24,85,82,67,38,87,19,35,79,65,104,85,54,,87,106,25,1,22,30,23,35,5,22,57,,92,,68,,81,,76,82,56,87,58,96,45,16,55,84,25,91,64,11,85,31,68,30,35,82,116,45,,,,41,,
20260402,6,O3_8h,,,,,,,,,,,,,,,,,,,,,,,,,,,,,,,,,,,,,,,,,,,,,,,,,,,,,,118,,,,,,,,,,,,,,,,,,,,,,,,,,,,,,,,,,,,,,,,,,105,,,,,,,,,,,,,,,,,,,,,,,,,87,,,,,,,,,,,,,,,125,,,,103,,,,,,,,,,,,,,,,,,,,,,,,,,,,,,,,,,,,,,,,,,,,,,,,,,,,,,,,,,,,,,,,,,,,,,,,,,,,,,,,,,,,,,,,,,,,,,,,,,,,,,,,,,,,,,,,,,,,,,,,,,,,,,,,,,,,,,,,,,,,,,,,,,,,,,,,,,,,,,,,,,,,,,,,,,,,,,,,103,,,,,,,,97,,,,,,,,,,,,,,,,,,,,,,,,,,,,,,,,,,,,,,,,,,,,,,,,,,,
20260402,6,O3_8h_24h,,,,,,,,,,,,,,,,,,,,,,,,,,,,,,,,,,,,,,,,,,,,,,,,,,,,,,,,,,,,,,,,,,,,,,,,,,,,,,,,,,,,,,,,,,,,,,,,,,,,,,,,,,,,,,,,,,,,,,,,,,,,,,,,,,,,,,,,,,,,,,,,,,,,,,,,,,,,,,,,,,,,,,,,,,,,,,,,,,,,,,,,,,,,,,,,,,,,,,,,,,,,,,,,,,,,,,,,,,,,,,,,,,,,,,,,,,,,,,,,,,,,,,,,,,,,,,,,,,,,,,,,,,,,,,,,,,,,,,,,,,,,,,,,,,,,,,,,,,,,,,,,,,,,,,,,,,,,,,,,,,,,,,,,,,,,,,,,,,,,,,,,,,,,,,,,,,,,,,,,,,,,,,,,,,,,,,,
20260402,6,CO,0.48,0.51,0.34,0.70,0.40,0.53,0.39,0.30,0.40,0.43,0.28,0.33,0.47,0.58,0.60,0.91,0.51,0.84,1.10,0.71,0.90,1.01,0.97,0.94,0.52,0.88,0.97,0.89,0.88,1.15,0.72,1.00,0.40,0.69,0.53,0.33,0.41,0.80,0.65,0.50,0.55,0.57,0.40,0.40,0.70,0.50,0.47,0.72,0.50,1.30,0.50,0.89,0.64,0.72,0.60,0.53,0.73,0.45,0.73,0.70,0.60,0.63,0.64,0.45,0.58,0.50,0.57,0.50,0.32,0.49,0.70,0.80,0.58,0.37,0.57,0.65,0.90,0.44,0.86,0.68,0.77,0.70,0.57,0.97,0.54,0.80,0.72,0.52,0.80,0.58,0.35,0.73,0.30,1.40,0.55,0.64,0.67,0.60,0.70,0.80,0.70,0.55,0.45,0.90,0.60,0.50,0.70,0.65,0.63,0.40,0.87,0.93,0.75,0.78,0.66,0.88,0.78,0.82,0.88,1.22,0.65,0.83,0.45,0.63,1.60,0.66,0.76,0.73,0.65,0.97,0.55,0.45,0.40,0.67,0.65,0.93,0.40,0.73,0.82,0.75,0.50,0.57,0.80,0.65,0.70,0.47,0.53,0.35,0.48,0.58,0.63,0.45,0.35,0.42,0.40,0.40,0.67,0.72,0.32,0.35,,,,,,,,,,,,,,,,,,,,,,,,,,,,,,0.45,0.40,0.55,0.60,0.30,0.45,0.55,0.47,0.33,1.03,0.60,0.20,0.40,0.47,,0.20,0.45,0.70,0.90,0.55,0.67,0.53,0.80,0.95,0.95,0.35,0.30,0.37,1.13,1.00,0.57,0.93,0.85,1.17,0.35,0.60,0.20,0.55,0.62,0.55,0.67,0.63,0.40,0.70,0.68,0.50,0.47,0.23,1.10,0.37,0.53,0.60,0.60,0.60,0.45,0.67,0.67,0.65,0.65,0.52,0.95,0.92,0.78,0.65,1.10,1.00,0.65,0.45,0.56,0.55,0.43,0.47,0.70,0.67,0.76,0.77,0.55,1.00,0.43,0.60,1.17,0.45,0.85,0.75,0.90,0.50,0.57,0.40,0.60,0.40,0.35,0.80,0.75,0.77,0.90,0.65,0.97,0.70,0.70,0.70,0.60,0.60,0.47,0.57,0.55,0.60,0.50,0.40,0.65,0.40,0.30,,0.25,0.45,0.40,0.63,0.55,0.55,0.55,0.55,,0.55,0.30,0.30,0.45,0.70,0.70,0.40,0.50,0.50,0.70,0.40,0.70,0.45,0.50,0.50,0.25,0.30,0.60,,0.30,0.45,0.60,0.63,0.40,0.40,0.80,0.45,0.70,0.70,0.40,,0.45,,0.75,,0.30,0.20,0.50,0.20,0.50,0.30,0.40,0.40,0.47,0.70,0.45,0.75,0.35,0.35,0.30,0.85,0.10,0.60,0.65,0.90,0.20,0.30,0.55,0.70,,,,0.80,,
20260402,6,CO_24h,0.37,0.55,0.38,0.60,0.30,0.72,0.37,0.33,0.30,0.43,0.38,0.38,0.53,0.53,0.46,0.57,0.52,0.56,0.71,0.69,0.90,0.79,0.92,1.03,0.54,0.78,0.87,0.71,0.78,0.78,0.70,0.90,0.45,0.61,0.47,0.37,0.41,0.67,0.60,0.40,0.55,0.53,0.50,0.45,0.70,0.43,0.45,0.68,0.68,0.97,0.51,0.63,0.77,0.75,0.66,0.60,0.67,0.60,0.67,0.70,0.55,0.53,0.59,0.55,0.61,0.50,0.57,0.50,0.40,0.54,0.73,0.70,0.58,0.44,0.63,0.67,0.64,0.38,0.62,0.57,0.40,0.47,0.57,0.81,0.60,0.70,0.48,0.62,0.70,0.50,0.42,0.60,0.57,1.30,0.50,0.52,0.63,0.70,0.70,0.87,0.75,0.60,0.50,0.77,0.60,0.50,0.70,0.65,0.53,0.40,0.64,0.63,0.60,0.68,0.54,0.86,0.53,0.70,0.58,1.15,0.42,0.60,0.35,0.73,0.87,0.68,0.63,0.67,0.62,0.70,0.50,0.38,0.38,0.60,0.68,0.85,0.45,0.70,0.80,0.66,0.50,0.55,0.77,0.75,0.77,0.50,0.53,0.40,0.48,0.55,0.63,0.45,0.45,0.44,0.40,0.50,0.90,0.56,0.38,0.40,,,,,,,,,,,,,,,,,,,,,,,,,,,,,,0.35,0.40,0.60,0.63,0.30,0.40,0.82,0.43,0.33,0.50,0.50,0.20,0.40,0.33,,0.25,0.50,0.53,0.67,0.50,0.47,0.40,0.70,0.80,0.95,0.40,0.35,0.40,0.70,0.53,0.53,0.40,0.45,0.73,0.35,0.65,0.20,0.52,0.56,0.45,0.67,0.60,0.40,0.65,0.62,0.40,0.45,0.17,0.93,0.37,0.57,0.77,0.60,0.60,0.45,0.70,0.80,0.70,0.55,0.52,0.95,0.88,0.78,0.65,0.92,0.70,0.55,0.40,0.50,0.57,0.40,0.33,0.85,0.70,0.74,0.63,0.53,0.60,0.50,0.60,0.70,0.45,1.08,0.75,0.90,0.50,0.53,0.40,0.75,0.40,0.35,0.70,0.73,0.67,0.77,0.60,0.93,0.60,0.70,0.60,0.63,0.65,0.40,0.63,0.50,0.72,0.60,0.45,0.65,0.50,0.20,,0.30,0.55,0.40,0.60,0.60,0.55,0.50,0.65,,0.60,0.30,0.30,0.50,0.65,0.60,0.40,0.50,0.50,0.75,0.45,0.70,0.60,0.55,0.50,0.30,0.30,0.60,,0.25,0.55,0.53,0.47,0.40,0.50,0.55,0.40,0.40,0.45,0.40,,0.40,,0.75,,0.45,0.60,0.40,0.20,0.40,0.40,0.50,0.40,0.50,0.50,0.45,0.80,0.15,0.55,0.35,0.45,0.20,0.70,0.65,0.95,0.40,0.30,0.75,0.65,,,,0.75,,
20260402,7,AQI,61,62,89,79,63,89,87,43,58,56,68,80,78,63,66,123,61,159,169,74,84,90,113,157,88,145,66,93,118,144,89,120,125,30,56,39,26,55,93,41,51,44,37,27,65,27,24,56,32,91,71,56,40,35,28,27,61,24,81,38,32,41,53,34,31,40,30,44,33,62,52,48,51,50,42,41,56,50,109,85,90,69,18,214,81,53,72,36,115,93,84,75,43,103,85,70,30,30,43,46,29,29,25,53,19,23,24,43,53,70,66,76,61,73,54,79,101,104,85,214,79,163,106,48,91,47,109,115,75,133,75,63,34,54,36,34,34,43,39,61,34,58,47,46,26,39,46,30,30,43,54,51,59,47,56,65,62,53,30,71,,,,,,,,,,,,,,,,,,,,,,,,,,,,,,57,61,40,67,79,60,44,48,65,69,56,29,44,45,,14,45,65,88,91,69,135,141,136,140,64,49,85,265,120,94,103,247,310,18,125,20,80,90,79,69,53,37,85,84,99,69,78,49,49,27,37,30,24,23,46,49,68,56,26,40,55,54,54,131,128,115,64,65,52,79,73,52,47,51,50,55,73,54,31,73,30,42,43,37,43,53,34,41,20,37,59,51,42,44,41,41,40,63,50,49,27,34,43,43,31,33,27,26,21,27,,8,29,34,26,22,18,26,28,,23,44,19,29,63,54,41,59,43,78,27,68,37,29,18,43,26,28,,25,33,33,62,26,39,74,43,71,114,55,,49,,43,,33,48,26,30,49,27,18,31,62,69,57,67,52,52,60,113,28,116,114,62,13,23,57,63,,,,53,,
20260402,7,PM2.5,17,19,33,37,16,66,32,18,14,22,24,28,36,39,48,93,29,121,128,54,62,67,85,120,65,111,48,69,89,110,66,91,95,17,40,25,17,39,69,26,33,25,22,19,45,16,10,40,18,68,52,40,24,21,10,14,44,17,60,22,16,27,37,24,17,28,10,30,8,35,23,32,21,24,26,23,35,21,82,63,67,48,8,164,27,37,45,22,87,47,34,55,30,77,43,34,16,6,30,32,20,7,17,37,11,10,4,21,34,51,32,56,26,36,33,58,76,78,63,164,41,124,80,30,68,29,82,87,55,101,55,45,24,38,25,19,21,27,25,44,24,41,33,26,17,17,32,21,11,27,38,27,24,24,31,26,22,33,10,29,,,,,,,,,,,,,,,,,,,,,,,,,,,,,,33,44,24,48,28,37,29,27,20,29,30,10,17,26,,5,11,47,65,68,50,103,108,104,107,46,26,63,215,91,70,77,197,260,9,95,5,59,67,58,50,37,26,63,62,74,50,57,32,29,9,26,21,17,11,32,30,49,40,18,22,39,38,31,100,97,87,46,47,31,58,53,30,33,30,31,33,53,38,21,53,21,28,24,26,30,37,24,28,13,17,42,36,26,27,29,26,28,45,31,27,16,23,30,24,22,18,19,18,14,11,,3,20,23,16,13,5,17,17,,10,31,12,8,45,38,20,42,30,57,19,49,26,8,3,9,5,15,,3,6,21,28,13,18,27,23,40,86,15,,19,,22,,17,22,18,15,23,14,3,8,26,31,19,23,22,27,15,68,10,48,42,34,9,3,18,34,,,,37,,
20260402,7,PM2.5_24h,15,16,32,23,14,72,27,12,10,21,31,39,50,25,28,43,29,63,69,46,57,40,82,109,50,73,33,46,62,80,71,86,74,12,27,14,17,27,31,19,29,11,15,7,45,6,11,30,41,66,43,41,27,15,15,23,23,23,32,13,10,12,21,23,20,21,10,25,7,34,30,23,22,23,26,25,27,17,31,36,30,21,9,101,51,55,31,47,52,34,32,45,47,86,34,19,11,8,21,24,9,10,10,25,9,10,10,10,28,36,20,31,20,31,23,43,40,42,31,125,19,68,43,41,52,22,41,78,42,58,37,24,23,32,25,18,17,21,23,24,23,30,26,20,11,14,29,18,16,22,35,28,21,27,31,27,24,18,13,45,,,,,,,,,,,,,,,,,,,,,,,,,,,,,,27,30,9,27,17,26,18,22,17,18,21,10,17,14,,4,9,21,51,47,18,46,61,56,62,44,21,38,92,26,77,20,82,128,11,101,7,53,54,39,47,39,18,63,40,46,33,33,28,26,4,12,8,10,8,36,28,29,34,11,18,27,29,26,77,75,53,42,35,29,37,30,34,24,33,31,30,35,36,24,31,13,34,23,24,23,26,24,27,18,10,24,22,22,20,18,18,13,25,21,19,15,18,26,16,24,18,16,18,18,9,,4,18,23,14,12,24,18,23,,8,30,20,8,44,42,24,45,35,57,22,49,31,12,6,5,3,14,,3,5,23,25,16,18,26,20,32,48,17,,21,,18,,20,19,15,13,16,14,9,13,26,29,19,32,17,28,23,60,41,52,51,37,11,3,34,32,,,,30,,
20260402,7,PM10,72,73,127,107,75,114,123,43,66,62,86,109,106,75,71,124,72,146,195,72,79,87,130,147,86,150,78,119,88,154,95,106,115,30,58,39,26,57,88,41,52,44,37,27,79,27,17,58,32,88,54,55,40,35,22,27,51,20,73,38,32,41,43,32,31,31,30,44,25,73,53,48,52,50,42,41,62,50,129,116,79,87,15,198,111,56,93,36,129,136,117,71,37,103,119,89,30,13,41,42,21,13,25,47,19,23,10,43,55,63,81,64,71,95,58,89,106,116,82,207,107,156,123,48,93,47,98,105,59,143,84,63,33,54,34,34,34,43,39,60,30,57,45,46,26,39,42,27,30,43,58,52,68,47,62,80,74,56,30,91,,,,,,,,,,,,,,,,,,,,,,,,,,,,,,63,59,40,84,108,70,44,48,79,87,61,29,44,45,,14,45,70,85,74,71,114,123,107,131,63,49,78,266,126,110,125,212,337,18,123,20,86,83,88,72,54,33,104,92,96,61,70,49,49,15,37,30,20,18,38,49,68,48,26,40,55,51,58,130,123,128,60,59,53,65,78,54,46,52,50,59,84,49,31,85,28,42,43,27,39,50,34,41,17,37,49,46,42,44,38,41,34,52,50,49,27,34,37,43,27,33,26,24,21,27,,8,25,34,26,22,7,26,28,,16,31,18,15,73,40,41,50,37,64,24,72,33,17,6,43,10,28,,10,6,33,73,26,39,97,43,91,158,59,,49,,43,,33,48,24,30,49,24,12,20,74,87,63,83,54,53,70,176,25,182,177,73,12,8,64,75,,,,50,,
20260402,7,PM10_24h,58,63,107,83,77,103,110,27,39,72,118,117,103,62,52,97,93,89,110,61,80,53,119,144,72,102,59,76,71,105,97,97,85,24,41,26,24,40,43,31,40,20,25,15,85,16,17,48,104,88,59,54,45,26,28,32,33,32,42,23,20,21,29,40,35,32,26,39,17,80,65,40,58,55,45,38,51,45,108,66,64,59,17,126,143,105,123,119,89,125,109,63,72,112,86,112,19,18,29,35,16,19,15,36,15,18,23,27,42,58,58,48,56,85,41,111,110,127,61,172,49,89,69,61,84,41,67,96,59,87,66,50,37,38,37,33,23,39,37,36,35,55,38,33,21,34,47,37,26,36,70,59,65,55,74,81,80,48,42,181,,,,,,,,,,,,,,,,,,,,,,,,,,,,,,49,48,20,60,57,65,49,45,73,64,49,21,53,30,,14,40,44,133,85,40,72,94,95,105,61,40,57,133,61,107,33,98,187,27,133,16,77,76,66,82,55,28,84,67,64,48,54,44,41,15,21,14,17,15,45,39,41,41,22,33,38,40,45,106,104,82,59,50,55,49,55,59,44,59,49,48,66,50,37,57,25,48,38,27,33,31,38,47,22,26,39,41,35,31,36,29,26,38,39,39,35,32,43,46,41,48,24,27,23,19,,13,23,37,19,23,36,25,32,,12,42,33,16,86,54,35,56,48,77,28,66,43,21,13,21,17,19,,8,10,44,65,37,43,78,43,84,111,53,,52,,45,,44,47,26,27,36,28,27,23,81,82,58,105,58,54,88,173,136,183,220,90,36,13,73,69,,,,48,,
20260402,7,SO2,4,7,3,10,8,6,4,5,2,3,5,7,5,7,8,13,11,15,15,7,6,7,5,8,9,11,6,10,7,12,7,8,6,7,6,5,7,6,6,5,6,3,3,5,6,4,3,7,5,6,4,9,7,7,4,4,8,4,7,4,5,9,5,6,8,5,5,5,4,7,6,12,11,7,5,8,14,7,18,14,10,42,3,16,9,6,10,9,12,7,5,5,5,9,7,13,16,6,5,12,8,6,8,7,16,7,8,8,7,5,15,9,15,8,13,10,10,8,18,10,7,8,8,7,8,6,11,3,8,13,6,15,6,11,6,10,8,9,11,9,4,8,7,9,9,5,3,5,7,10,9,3,1,6,7,38,12,18,6,10,,,,,,,,,,,,,,,,,,,,,,,,,,,,,,6,2,6,4,9,8,8,7,16,52,12,5,9,7,,5,9,16,10,10,9,6,7,12,10,2,5,25,10,15,12,9,10,12,5,16,8,6,8,7,7,6,4,7,6,10,5,7,3,15,3,11,5,8,5,5,10,11,23,7,8,19,20,18,9,10,11,6,6,5,4,6,12,7,13,11,5,7,8,6,11,7,7,8,4,6,4,6,5,4,8,8,6,11,14,15,6,5,13,9,12,6,7,8,11,7,5,6,9,6,5,,6,7,4,9,4,10,6,4,,6,6,5,9,8,3,4,4,4,9,6,6,7,5,6,9,7,12,,7,6,5,7,5,6,29,11,11,9,8,,10,,8,,3,7,8,9,11,26,4,13,8,9,6,4,8,7,4,4,6,3,2,6,4,6,11,9,,,,6,,
20260402,7,SO2_24h,4,8,3,7,8,7,4,4,3,4,6,7,6,7,8,9,9,9,10,7,7,6,6,11,8,7,7,8,7,10,7,8,5,6,6,5,7,5,5,5,6,3,3,4,6,4,3,8,8,7,5,8,6,6,5,6,7,5,7,5,6,8,5,6,9,5,7,4,5,6,11,14,15,7,5,6,11,7,11,9,6,24,4,14,12,8,14,13,10,9,8,6,7,11,8,8,9,6,9,12,8,6,6,8,7,3,6,7,6,5,13,9,8,9,13,12,8,9,11,12,6,5,7,8,8,6,11,7,8,11,5,13,6,9,7,9,8,5,11,10,4,7,8,9,10,5,4,7,8,7,6,5,2,6,8,17,19,15,6,10,,,,,,,,,,,,,,,,,,,,,,,,,,,,,,6,3,5,6,8,10,8,7,11,27,12,5,9,6,,5,9,10,9,9,7,6,7,11,10,2,5,10,8,9,8,6,6,10,7,17,9,6,8,7,8,6,4,7,7,5,5,6,4,6,3,6,4,6,5,6,7,5,11,4,7,10,10,13,11,11,6,6,6,6,3,4,10,7,13,10,5,5,7,5,8,7,7,8,7,6,6,5,5,4,8,8,6,11,10,19,6,6,12,9,9,8,8,7,12,7,6,7,9,6,5,,6,8,5,11,4,11,6,3,,5,6,6,9,9,6,4,4,4,9,5,5,6,6,6,8,8,11,,6,6,6,7,8,8,17,12,11,6,8,,7,,7,,4,13,8,10,13,15,7,15,10,10,8,4,8,8,4,4,12,4,3,8,6,5,15,10,,,,7,,
20260402,7,NO2,42,65,30,45,42,33,46,17,27,58,56,46,21,41,43,58,38,58,41,70,44,74,47,44,48,83,54,63,65,32,33,27,34,31,44,46,27,57,54,29,27,42,35,19,26,15,14,54,25,55,27,28,21,41,8,10,48,15,34,18,9,41,16,8,18,15,7,13,6,42,35,19,51,24,26,23,60,34,53,30,43,60,15,54,32,20,39,22,39,54,53,30,10,46,30,35,23,10,7,16,19,7,19,28,21,12,12,32,28,19,35,29,25,46,40,38,37,41,44,39,25,39,24,31,33,41,28,29,27,22,35,15,21,27,30,9,13,23,15,35,11,18,22,18,14,9,18,12,9,8,24,28,27,20,44,48,15,34,8,11,,,,,,,,,,,,,,,,,,,,,,,,,,,,,,14,13,26,20,58,37,13,27,36,43,15,14,22,32,,19,5,37,32,30,36,57,36,34,33,15,16,29,48,34,36,19,73,52,10,21,7,15,21,26,31,49,10,25,21,23,18,15,25,19,13,22,12,14,12,11,13,37,30,16,24,24,15,30,20,32,30,30,20,14,13,20,12,14,11,14,20,21,8,15,27,10,22,13,9,18,29,14,18,6,31,14,23,27,32,14,25,19,22,9,41,12,10,17,19,9,30,9,14,6,3,,13,12,8,5,11,5,11,19,,4,5,13,9,16,8,21,8,7,9,9,23,9,5,5,1,4,23,,4,2,23,67,11,23,40,32,40,31,24,,16,,12,,8,5,3,5,26,4,15,3,19,40,36,11,36,10,7,44,2,26,19,26,7,5,6,20,,,,8,,
20260402,7,NO2_24h,20,35,18,15,26,21,25,11,17,23,28,27,15,25,28,30,20,37,35,50,36,45,36,34,22,46,37,38,40,23,26,23,17,33,37,24,22,33,34,20,22,25,21,14,28,12,14,38,31,29,17,30,26,32,21,23,34,24,33,21,11,26,15,8,22,18,13,11,9,43,41,18,31,26,28,25,42,26,25,22,23,34,13,28,26,24,23,37,24,37,29,18,20,40,30,19,17,10,13,18,17,9,14,23,17,7,12,23,14,17,25,16,18,31,23,24,24,26,27,34,9,25,13,39,41,30,23,20,21,16,21,15,20,20,25,14,16,20,16,21,6,25,22,11,19,14,22,24,9,8,32,25,32,19,40,21,14,24,8,20,,,,,,,,,,,,,,,,,,,,,,,,,,,,,,11,12,17,14,21,23,13,22,29,31,12,6,13,18,,8,6,23,25,20,25,29,25,18,24,13,13,15,21,13,21,8,23,25,9,25,5,20,18,19,24,32,9,19,13,16,13,11,23,20,11,16,12,10,13,16,14,22,20,16,22,16,12,20,18,22,21,19,16,15,11,15,17,13,10,16,14,13,15,11,19,10,26,18,8,25,20,20,22,11,28,16,18,23,24,15,21,14,15,8,27,21,16,26,24,21,41,12,17,10,6,,11,10,9,7,15,11,7,15,,5,7,12,8,16,12,8,7,8,12,9,19,16,10,7,3,4,10,,2,4,19,46,13,18,31,27,26,21,21,,15,,11,,14,11,2,3,12,3,28,5,21,26,25,20,24,22,14,36,14,38,20,36,10,6,19,22,,,,7,,
20260402,7,O3,22,16,28,20,14,32,24,44,17,11,24,19,41,23,20,16,50,30,53,16,29,10,9,33,43,7,21,19,22,39,63,33,49,11,28,28,28,8,18,30,44,6,8,10,71,78,78,24,66,21,46,63,77,30,90,81,25,59,63,69,92,16,52,40,37,53,68,85,106,23,35,44,19,74,60,65,25,46,10,47,7,6,58,21,27,71,26,75,44,21,19,42,77,21,65,52,34,96,88,71,36,92,46,57,45,68,77,10,44,80,21,36,41,35,19,37,29,20,8,42,29,31,68,27,44,38,49,42,53,70,32,76,36,78,37,94,17,30,46,17,30,45,22,57,61,63,58,58,51,88,54,34,13,23,21,16,78,25,73,86,,,,,,,,,,,,,,,,,,,,,,,,,,,,,,97,82,59,65,5,26,82,23,19,46,85,48,34,35,,43,106,20,35,26,18,32,13,25,31,70,57,44,71,66,52,54,45,58,44,75,49,96,63,64,21,14,11,28,48,61,56,65,32,40,87,16,27,37,74,37,73,35,28,40,33,58,50,27,54,56,22,45,76,65,89,75,89,27,82,93,78,58,98,56,54,21,28,53,87,12,14,22,38,65,10,43,28,36,13,79,13,15,39,72,11,56,65,57,54,65,27,25,42,63,22,,19,59,62,65,56,58,47,33,,73,70,61,92,23,25,52,80,70,33,81,15,30,92,58,113,82,45,,81,104,21,2,16,25,29,31,10,23,46,,88,,63,,79,,68,76,43,85,59,98,40,11,35,83,38,94,64,15,88,48,49,33,29,73,105,52,,,,41,,
20260402,7,O3_24h,22,16,28,20,14,32,24,44,17,11,24,19,41,23,20,16,50,30,53,16,29,10,9,33,43,7,21,19,22,39,63,33,49,11,28,28,28,8,18,30,44,6,8,10,71,78,78,24,66,21,46,63,77,30,90,81,25,59,63,69,92,16,52,40,37,53,68,85,106,23,35,44,19,74,60,65,25,46,10,47,7,6,58,21,27,71,26,75,44,21,19,42,77,21,65,52,34,96,88,71,36,92,46,57,45,68,77,10,44,80,21,36,41,35,19,37,29,20,8,42,29,31,68,27,44,38,49,42,53,70,32,76,36,78,37,94,17,30,46,17,30,45,22,57,61,63,58,58,51,88,54,34,13,23,21,16,78,25,73,86,,,,,,,,,,,,,,,,,,,,,,,,,,,,,,97,82,59,65,5,26,82,23,19,46,85,48,34,35,,43,106,20,35,26,18,32,13,25,31,70,57,44,71,66,52,54,45,58,44,75,49,96,63,64,21,14,11,28,48,61,56,65,32,40,87,16,27,37,74,37,73,35,28,40,33,58,50,27,54,56,22,45,76,65,89,75,89,27,82,93,78,58,98,56,54,21,28,53,87,12,14,22,38,65,10,43,28,36,13,79,13,15,39,72,11,56,65,57,54,65,27,25,42,63,22,,19,59,62,65,56,58,47,33,,73,70,61,92,23,25,52,80,70,33,81,15,30,92,58,113,82,45,,81,104,21,2,16,25,29,31,10,23,46,,88,,63,,79,,68,76,43,85,59,98,40,11,35,83,38,94,64,15,88,48,49,33,29,73,105,52,,,,41,,
20260402,7,O3_8h,,,,,,,,,,,,,,,,,,,,,,,,,,,,,,,,,,,,,,,,,,,,,,,,,,,,,,118,,,,,,,,,,,,,,,,,,,,,,,,,,,,,,,,,,,,,,,,,,,,,,,,,,,,,,,,,,,,,,,,,,,87,,,,,,,,,,,,,,,125,,,,103,,,,,,,,,,,,,,,,,,,,,,,,,,,,,,,,,,,,,,,,,,,,,,,,,,,,,,,,,,,,,,,,,,,,,,,,,,,,,,,,,,,,,,,,,,,,,,,,,,,,,,,,,,,,,,,,,,,,,,,,,,,,,,,,,,,,,,,,,,,,,,,,,,,,,,,,,,,,,,,,,,,,,,,,,,,,,,,,103,,,,,,,,97,,,,,,,,,,,,,,,,,,,,,,,,,,,,,,,,,,,,,,,,,,,,,,,,,,,
20260402,7,O3_8h_24h,,,,,,,,,,,,,,,,,,,,,,,,,,,,,,,,,,,,,,,,,,,,,,,,,,,,,,,,,,,,,,,,,,,,,,,,,,,,,,,,,,,,,,,,,,,,,,,,,,,,,,,,,,,,,,,,,,,,,,,,,,,,,,,,,,,,,,,,,,,,,,,,,,,,,,,,,,,,,,,,,,,,,,,,,,,,,,,,,,,,,,,,,,,,,,,,,,,,,,,,,,,,,,,,,,,,,,,,,,,,,,,,,,,,,,,,,,,,,,,,,,,,,,,,,,,,,,,,,,,,,,,,,,,,,,,,,,,,,,,,,,,,,,,,,,,,,,,,,,,,,,,,,,,,,,,,,,,,,,,,,,,,,,,,,,,,,,,,,,,,,,,,,,,,,,,,,,,,,,,,,,,,,,,,,,,,,,,
20260402,7,CO,0.49,0.58,0.40,0.66,0.50,0.57,0.40,0.37,0.45,0.40,0.33,0.35,0.47,0.63,0.56,1.33,0.62,0.93,1.14,0.76,0.92,0.99,1.03,1.00,0.62,0.98,1.09,0.93,0.92,1.23,0.76,1.02,0.52,0.72,0.54,0.37,0.42,0.78,0.70,0.53,0.60,0.57,0.50,0.40,0.70,0.63,0.47,0.78,0.60,1.30,0.53,0.92,0.68,0.75,0.63,0.53,0.70,0.45,0.73,0.70,0.63,0.63,0.66,0.45,0.62,0.52,0.63,0.51,0.32,0.52,0.60,0.85,0.56,0.41,0.58,0.68,0.99,0.46,1.20,0.92,0.87,0.88,0.57,1.09,0.52,0.70,0.82,0.43,0.90,0.70,0.45,0.77,0.32,1.50,0.60,0.80,0.67,0.60,0.67,0.83,0.75,0.55,0.45,0.93,0.60,0.50,0.60,0.70,0.63,0.50,0.93,1.08,0.85,0.80,0.72,0.92,0.83,1.00,1.00,1.33,0.68,0.83,0.48,0.62,1.07,0.72,0.80,0.70,0.70,1.07,0.75,0.50,0.40,0.73,0.65,0.90,0.50,0.77,0.88,0.77,0.50,0.63,0.80,0.68,0.73,0.47,0.53,0.35,0.53,0.60,0.67,0.50,0.40,0.42,0.45,0.60,0.60,0.84,0.36,0.35,,,,,,,,,,,,,,,,,,,,,,,,,,,,,,0.45,0.40,0.55,0.80,0.37,0.50,0.57,0.50,0.30,1.30,0.63,0.20,0.45,0.50,,0.25,0.45,0.80,0.77,0.60,0.77,0.70,0.90,1.00,1.00,0.40,0.40,0.47,1.20,0.67,0.60,1.00,1.00,1.27,0.35,0.60,0.25,0.55,0.64,0.65,0.75,0.65,0.40,0.80,0.70,0.50,0.50,0.23,0.98,0.37,0.60,0.63,0.60,0.75,0.45,0.70,0.73,0.77,0.55,0.52,0.95,1.20,0.83,0.75,1.15,0.92,0.70,0.47,0.58,0.55,0.47,0.53,0.68,0.73,0.80,0.80,0.60,0.80,0.40,0.60,1.27,0.45,0.83,0.70,1.00,0.55,0.57,0.40,0.65,0.40,0.35,0.77,0.77,0.83,0.90,0.60,1.00,0.70,0.80,0.70,0.90,0.60,0.47,0.57,0.60,0.60,0.45,0.40,0.70,0.40,0.30,,0.30,0.50,0.40,0.67,0.55,0.50,0.55,0.65,,0.55,0.30,0.40,0.50,0.75,0.70,0.40,0.50,0.50,0.75,0.45,0.75,0.45,0.40,0.55,0.25,0.30,1.10,,0.30,0.50,0.60,1.00,0.40,0.40,1.05,0.45,0.60,0.60,0.40,,0.45,,0.75,,0.30,0.20,0.50,0.30,0.20,0.50,0.40,0.40,0.50,0.95,0.70,0.70,0.30,0.35,0.30,0.65,0.10,0.40,0.65,0.90,0.30,0.30,0.55,0.70,,,,0.80,,
20260402,7,CO_24h,0.38,0.54,0.38,0.59,0.30,0.65,0.37,0.33,0.30,0.43,0.33,0.38,0.53,0.53,0.46,0.62,0.52,0.61,0.76,0.68,0.90,0.79,0.92,1.04,0.52,0.80,0.87,0.71,0.78,0.80,0.70,0.90,0.42,0.63,0.47,0.37,0.41,0.70,0.60,0.43,0.55,0.53,0.50,0.45,0.70,0.43,0.45,0.68,0.68,0.99,0.49,0.64,0.77,0.75,0.66,0.60,0.67,0.60,0.67,0.70,0.55,0.53,0.61,0.55,0.62,0.50,0.57,0.50,0.40,0.54,0.73,0.70,0.58,0.44,0.63,0.67,0.63,0.38,0.66,0.57,0.43,0.53,0.57,0.81,0.60,0.70,0.48,0.58,0.68,0.50,0.38,0.60,0.53,1.32,0.50,0.52,0.63,0.70,0.70,0.87,0.75,0.60,0.50,0.80,0.60,0.50,0.70,0.65,0.53,0.40,0.66,0.67,0.60,0.68,0.58,0.84,0.55,0.68,0.64,1.18,0.44,0.60,0.35,0.73,0.90,0.68,0.61,0.70,0.62,0.73,0.50,0.38,0.38,0.60,0.68,0.85,0.45,0.70,0.80,0.69,0.50,0.55,0.77,0.75,0.77,0.50,0.53,0.40,0.48,0.55,0.63,0.45,0.45,0.44,0.40,0.50,0.90,0.56,0.40,0.35,,,,,,,,,,,,,,,,,,,,,,,,,,,,,,0.35,0.40,0.60,0.63,0.33,0.40,0.75,0.47,0.30,0.53,0.53,0.20,0.40,0.35,,0.25,0.45,0.53,0.67,0.50,0.53,0.43,0.70,0.85,0.95,0.40,0.35,0.40,0.70,0.50,0.57,0.43,0.50,0.77,0.35,0.65,0.20,0.52,0.56,0.45,0.67,0.60,0.40,0.65,0.62,0.40,0.45,0.17,0.93,0.37,0.57,0.73,0.60,0.60,0.45,0.70,0.80,0.72,0.55,0.52,0.95,0.88,0.78,0.65,0.96,0.70,0.55,0.38,0.50,0.57,0.40,0.33,0.85,0.70,0.74,0.63,0.53,0.60,0.47,0.60,0.73,0.45,1.07,0.75,0.90,0.50,0.53,0.45,0.75,0.40,0.35,0.70,0.73,0.77,0.77,0.60,0.93,0.60,0.70,0.70,0.63,0.65,0.40,0.63,0.50,0.72,0.60,0.45,0.65,0.50,0.20,,0.35,0.55,0.40,0.60,0.60,0.55,0.50,0.65,,0.55,0.30,0.30,0.50,0.70,0.60,0.40,0.50,0.50,0.75,0.45,0.70,0.60,0.55,0.50,0.30,0.30,0.60,,0.25,0.55,0.57,0.50,0.40,0.50,0.55,0.40,0.40,0.45,0.40,,0.40,,0.75,,0.45,0.60,0.40,0.20,0.40,0.40,0.50,0.40,0.47,0.55,0.45,0.80,0.15,0.55,0.35,0.50,0.20,0.70,0.65,0.95,0.40,0.30,0.75,0.65,,,,0.75,,
20260402,8,AQI,63,64,88,79,62,84,87,48,60,57,75,82,78,62,60,130,60,167,148,80,79,99,133,145,91,149,76,93,119,157,95,128,116,32,51,37,29,53,94,40,50,52,46,37,68,28,25,61,39,100,69,55,42,35,28,26,56,23,74,39,35,46,54,34,34,46,30,44,30,64,59,52,57,52,44,46,59,55,113,83,85,75,25,220,83,59,70,43,116,96,89,78,47,114,83,77,36,30,37,47,31,27,27,56,22,23,24,44,58,66,67,74,65,76,60,81,99,95,101,209,119,171,111,46,81,46,108,110,70,129,70,63,40,55,34,32,33,43,40,59,34,61,56,51,34,42,46,29,30,44,55,50,61,42,62,90,62,60,33,67,,,,,,,,,,,,,,,,,,,,,,,,,,,,,,52,53,45,71,84,72,49,54,75,66,60,36,63,52,,19,49,75,81,105,66,171,166,133,143,92,55,109,239,230,89,116,264,319,26,141,19,78,85,81,69,59,39,95,80,99,68,83,40,44,27,40,24,26,24,46,46,64,61,26,38,56,53,55,134,118,98,58,59,54,75,62,52,55,54,50,58,62,48,39,74,25,38,34,33,37,51,40,45,21,31,61,50,42,46,51,43,43,59,53,46,26,36,46,46,29,31,26,26,23,20,,8,30,40,35,23,18,30,36,,23,40,31,27,68,43,45,64,43,73,31,66,36,24,16,33,24,57,,24,29,39,66,26,38,72,44,77,91,57,,52,,45,,55,53,26,38,58,30,19,27,62,72,71,66,59,55,59,112,27,93,124,61,45,19,48,59,,,,54,,
20260402,8,PM2.5,19,21,31,32,13,59,25,19,12,23,23,20,36,31,41,99,29,127,113,59,58,74,101,111,68,114,56,69,90,120,71,97,88,19,35,25,20,37,70,26,32,33,29,25,45,18,11,44,22,75,50,39,24,21,10,11,40,16,54,22,18,31,38,24,17,32,12,31,8,36,20,31,21,25,29,26,37,20,85,61,63,37,7,170,31,42,50,22,88,50,42,57,33,86,41,45,19,8,26,33,22,8,17,40,12,8,7,29,41,48,29,54,32,36,39,60,74,71,76,159,90,130,84,29,60,31,81,83,51,98,51,45,26,39,24,18,23,23,28,42,24,44,40,29,22,22,32,20,17,27,37,24,26,24,37,47,24,37,12,27,,,,,,,,,,,,,,,,,,,,,,,,,,,,,,25,36,29,45,33,36,24,25,21,30,29,8,17,27,,12,12,55,60,79,42,130,126,101,109,44,26,82,189,180,66,88,214,269,9,108,3,57,63,60,50,42,27,71,59,74,48,61,26,27,9,28,17,18,15,32,32,46,44,18,24,40,37,29,102,89,73,41,42,32,55,43,30,32,31,33,34,43,33,21,54,13,23,24,19,21,36,28,30,15,14,44,35,25,32,36,28,30,42,34,21,16,25,32,32,20,19,18,18,16,14,,3,21,24,20,13,3,18,20,,10,28,22,8,49,30,27,46,30,53,22,48,25,10,3,3,5,,,3,5,26,33,13,19,27,21,35,66,18,,21,,22,,39,22,17,21,29,21,3,8,26,30,25,27,27,27,20,64,9,37,45,36,13,3,23,35,,,,38,,
20260402,8,PM2.5_24h,16,15,32,22,14,72,27,13,10,22,30,35,51,26,30,46,28,68,73,46,55,40,83,108,49,74,33,46,63,82,70,85,74,13,28,15,17,28,32,20,29,12,16,8,44,6,11,30,38,66,42,40,26,16,15,23,25,24,34,14,11,13,23,23,20,22,10,25,7,34,29,23,21,23,26,26,28,17,33,37,32,22,8,103,46,52,30,43,53,34,32,43,44,85,34,19,11,8,22,25,10,10,11,26,9,11,10,11,28,37,21,32,20,32,24,45,42,43,34,131,22,71,46,41,52,23,43,79,43,60,36,26,22,33,25,18,17,22,24,25,23,31,27,20,12,14,29,18,16,22,35,28,22,27,31,28,24,18,13,44,,,,,,,,,,,,,,,,,,,,,,,,,,,,,,26,29,10,28,17,27,17,22,17,19,21,10,17,15,,4,9,23,52,50,20,51,66,58,64,46,21,40,97,27,77,24,87,137,11,105,7,53,54,39,47,38,19,62,39,45,33,35,28,26,4,13,9,10,9,36,28,30,34,12,19,28,30,26,80,77,55,41,34,29,38,31,35,25,33,31,30,34,37,25,32,14,34,23,24,23,26,25,27,18,11,26,23,22,21,19,18,14,26,22,19,15,18,26,17,24,18,16,18,17,9,,4,18,23,15,13,24,18,22,,8,30,20,8,45,43,24,44,36,57,22,49,31,12,6,5,3,14,,3,5,23,25,16,19,26,20,32,50,17,,20,,18,,21,19,15,13,17,14,8,13,26,28,19,32,18,28,23,61,38,51,50,37,11,3,34,32,,,,30,,
20260402,8,PM10,75,78,126,107,73,117,124,48,70,63,100,114,106,73,70,151,70,156,193,78,81,91,154,137,93,152,89,115,95,166,99,122,100,32,51,37,27,54,82,40,50,54,46,37,86,26,18,62,39,96,60,55,42,35,21,24,47,21,80,39,35,46,46,32,34,34,30,44,24,78,67,53,64,53,44,46,68,59,154,108,82,99,13,221,116,63,89,43,135,142,128,77,44,116,115,104,36,15,30,44,27,15,27,49,22,13,11,44,64,73,83,78,79,102,70,92,112,118,104,199,147,169,121,46,85,46,106,110,58,133,82,68,40,53,34,32,30,43,38,63,26,61,54,52,34,42,43,28,30,44,59,50,71,42,73,129,73,69,33,84,,,,,,,,,,,,,,,,,,,,,,,,,,,,,,53,56,45,91,117,94,49,57,99,82,69,36,76,54,,19,49,77,84,102,82,133,142,127,147,133,59,96,311,260,102,124,256,399,26,155,19,86,92,102,87,56,36,94,92,101,86,76,40,44,18,37,23,26,19,38,41,71,47,26,38,55,50,59,133,121,118,62,61,58,69,74,53,59,57,50,66,74,48,39,92,25,38,30,33,37,50,38,45,17,31,56,40,42,44,46,43,40,53,56,46,26,36,38,46,24,31,25,25,21,20,,7,25,40,35,23,9,30,36,,16,33,,16,79,42,45,54,36,60,25,60,33,24,6,21,10,64,,11,7,39,81,26,38,93,44,103,132,64,,54,,45,,58,56,26,38,66,29,19,21,74,94,91,82,67,60,68,174,25,136,197,72,45,10,48,68,,,,51,,
20260402,8,PM10_24h,61,64,108,83,75,104,111,27,41,73,117,115,105,63,53,97,93,92,117,62,78,54,120,144,72,103,59,77,72,106,96,97,85,24,42,28,23,41,45,33,41,22,26,16,83,16,17,49,99,88,59,54,45,27,28,32,35,33,44,25,21,23,31,40,35,32,26,39,18,81,65,39,57,55,46,38,52,45,108,67,62,59,17,129,140,100,122,114,89,128,110,62,68,111,88,113,19,18,30,36,17,18,15,37,15,19,24,28,43,58,60,49,57,85,43,108,101,127,61,178,53,93,73,62,83,41,68,97,61,89,65,51,37,39,36,33,24,40,38,38,34,55,38,33,21,35,46,37,27,37,69,59,67,55,74,82,80,49,42,177,,,,,,,,,,,,,,,,,,,,,,,,,,,,,,48,48,22,61,58,66,48,46,73,65,50,21,53,32,,14,40,45,122,81,42,74,96,98,107,65,40,60,143,65,108,37,102,199,27,139,16,76,76,66,81,55,28,83,67,65,49,56,45,42,15,22,15,17,15,45,39,42,42,23,34,39,41,46,109,106,85,57,48,54,51,56,59,45,57,50,48,66,50,37,59,25,49,38,27,34,32,39,48,22,26,40,42,36,32,37,30,27,40,40,39,34,32,43,46,40,48,25,27,22,19,,12,24,38,19,22,34,26,32,,12,42,32,15,86,55,36,55,48,77,29,66,42,21,13,22,17,21,,8,10,44,66,37,43,78,42,85,113,54,,51,,45,,44,47,26,28,37,27,27,23,80,83,59,104,58,55,87,174,128,181,219,91,37,13,73,69,,,,48,,
20260402,8,SO2,5,9,3,19,10,6,4,6,3,3,6,11,7,9,9,17,10,15,12,7,7,8,6,9,9,18,7,11,9,11,7,10,7,7,7,5,7,8,7,6,6,4,4,5,7,5,2,7,6,6,5,10,7,7,5,4,7,4,7,4,5,11,5,6,8,5,6,5,4,7,6,16,12,8,5,7,37,8,31,14,10,21,3,16,10,6,12,11,13,8,8,7,5,12,7,16,19,6,4,14,8,7,8,8,18,6,8,15,5,6,23,9,16,29,14,11,12,17,28,10,9,13,8,7,9,7,12,3,9,11,7,16,6,10,7,8,8,10,10,7,4,7,7,11,14,5,3,5,7,10,12,4,1,6,8,62,12,20,5,10,,,,,,,,,,,,,,,,,,,,,,,,,,,,,,6,2,6,5,14,9,8,10,20,58,12,6,13,14,,6,9,28,12,10,9,9,10,13,11,2,6,24,12,16,13,10,11,21,6,9,8,6,9,9,7,7,4,8,6,10,5,8,5,10,3,14,4,9,5,4,11,7,13,8,8,16,15,17,10,10,8,6,7,6,4,6,9,7,13,13,6,9,9,5,13,8,6,8,3,7,5,6,4,4,8,7,4,11,12,26,7,6,12,10,8,6,7,7,9,6,5,5,9,6,5,,6,7,4,8,4,10,6,4,,7,6,6,9,9,4,5,4,5,9,6,5,6,5,7,9,7,20,,9,7,6,8,5,5,33,11,11,8,9,,7,,8,,3,7,8,10,12,22,5,12,9,9,9,4,8,8,2,4,5,3,3,6,4,6,11,9,,,,8,,
20260402,8,SO2_24h,4,8,3,7,8,6,4,4,3,4,6,7,6,7,8,9,9,9,11,7,7,6,6,11,8,7,7,8,7,10,7,8,5,6,6,5,6,6,5,5,6,3,4,4,6,4,3,7,8,7,5,8,6,6,5,6,7,5,7,5,6,9,5,6,9,5,7,4,5,6,11,14,15,7,5,6,12,7,12,10,6,25,4,14,12,8,13,13,10,9,7,6,7,11,8,8,9,6,8,12,8,6,6,8,8,4,6,7,6,5,13,9,9,10,13,12,9,9,12,12,6,6,7,8,8,6,11,6,8,11,6,13,7,9,7,9,8,5,11,9,4,7,8,9,10,5,4,7,8,7,7,5,2,6,8,19,19,15,6,10,,,,,,,,,,,,,,,,,,,,,,,,,,,,,,6,3,5,6,8,10,8,7,11,28,12,5,9,6,,5,9,12,9,9,7,6,7,10,10,2,5,10,9,10,8,7,7,11,7,18,9,6,8,7,8,6,4,7,7,5,5,6,4,6,3,6,4,6,5,6,7,5,11,4,8,10,11,13,11,11,6,6,6,6,3,5,10,7,13,10,5,5,8,5,9,7,7,8,6,6,6,5,5,4,8,8,6,11,10,20,6,6,12,9,9,7,8,7,12,7,6,7,9,6,5,,6,8,5,10,4,11,6,3,,6,6,6,9,9,6,4,4,4,9,5,5,6,6,6,8,8,11,,6,6,6,7,8,8,18,12,11,6,8,,7,,7,,4,13,8,10,13,15,7,15,10,10,8,4,8,8,4,4,11,4,3,8,6,5,15,10,,,,7,,
20260402,8,NO2,40,61,31,44,46,32,43,18,26,49,53,39,23,39,42,57,40,53,35,69,44,76,55,42,40,73,68,61,60,41,38,32,35,28,43,41,25,56,57,31,34,39,32,19,29,16,15,48,27,47,33,31,28,42,9,11,43,13,34,20,12,45,16,10,20,22,12,18,12,41,47,49,52,27,30,32,61,36,51,31,47,65,13,57,34,24,42,27,37,55,47,28,17,54,48,39,28,12,7,19,18,9,22,25,26,12,15,34,19,25,36,32,27,45,39,43,36,42,52,41,28,37,28,27,34,43,32,30,32,24,32,16,27,28,29,9,16,28,16,39,14,23,27,27,20,14,21,15,12,10,23,36,27,23,45,67,19,38,17,16,,,,,,,,,,,,,,,,,,,,,,,,,,,,,,13,17,28,26,57,40,18,29,35,58,18,28,33,37,,12,9,38,30,39,35,62,40,43,41,14,16,29,53,38,32,22,51,74,12,25,6,16,22,26,34,46,9,33,23,27,20,19,23,20,14,25,13,15,14,15,19,33,21,19,22,23,16,30,23,32,31,28,22,16,15,18,14,16,18,18,25,17,14,15,24,9,18,16,6,19,30,17,24,12,34,14,23,28,32,18,25,18,21,12,38,15,14,24,28,10,34,9,20,12,6,,15,18,11,6,16,6,12,19,,5,6,16,14,18,10,29,10,8,13,14,24,11,13,8,3,5,52,,4,2,32,65,13,22,47,37,40,30,32,,22,,21,,23,12,7,8,41,5,28,14,31,41,61,13,33,11,9,38,3,18,22,30,11,6,7,11,,,,8,,
20260402,8,NO2_24h,21,36,18,16,28,21,25,12,17,25,28,27,15,25,28,32,20,39,36,51,36,47,36,35,23,47,38,39,41,23,27,23,18,33,37,25,23,34,35,21,23,25,22,14,28,12,13,39,30,30,17,30,26,33,21,23,35,23,33,21,12,27,15,8,22,17,13,10,9,43,41,19,31,26,28,25,43,25,27,21,25,36,13,29,24,23,23,35,25,37,29,18,19,40,31,18,17,10,13,18,17,10,14,23,17,8,12,24,14,16,26,16,18,31,24,25,25,26,29,35,10,25,14,39,40,30,23,20,21,16,21,15,20,20,25,14,16,21,16,22,6,25,22,12,19,13,21,24,9,8,31,26,32,19,40,22,14,24,9,20,,,,,,,,,,,,,,,,,,,,,,,,,,,,,,11,12,18,14,23,23,12,23,29,32,12,7,14,18,,8,6,24,27,22,27,32,26,19,24,13,13,16,22,14,21,9,23,27,9,25,5,19,18,19,24,33,9,19,13,17,13,11,23,20,11,17,12,10,13,16,14,23,21,16,22,16,12,21,18,21,21,19,16,14,11,15,16,13,10,16,14,13,14,10,18,10,26,18,7,23,21,20,22,11,29,16,18,23,24,15,21,15,16,8,27,20,16,26,24,20,41,12,17,10,6,,11,11,9,7,15,10,8,15,,5,7,12,8,16,12,8,7,8,12,9,18,16,10,7,3,4,12,,2,4,20,46,13,18,31,27,25,21,21,,15,,11,,14,10,2,3,12,3,28,6,21,27,26,20,25,21,15,37,13,37,21,36,10,6,19,21,,,,7,,
20260402,8,O3,29,24,33,34,21,32,29,45,22,25,31,31,42,27,27,28,53,53,70,29,53,21,26,47,54,28,22,32,45,34,50,54,52,23,43,42,37,19,27,35,54,11,14,12,71,90,80,32,67,37,42,65,68,31,90,83,27,67,53,68,89,13,49,38,34,46,61,78,96,26,23,29,20,73,50,53,27,43,25,56,18,21,79,33,27,67,31,74,54,30,29,57,70,19,51,56,39,95,80,64,37,87,42,69,39,73,78,17,45,73,26,23,40,31,25,48,41,33,21,54,37,49,69,41,51,46,46,40,48,73,37,74,21,75,41,80,15,35,45,13,23,35,18,45,49,52,56,54,48,85,59,33,15,18,21,16,74,23,57,76,,,,,,,,,,,,,,,,,,,,,,,,,,,,,,102,79,58,56,11,29,75,31,21,35,80,42,25,33,,60,105,36,53,29,32,49,17,31,31,72,61,64,83,112,69,67,114,51,45,83,57,96,70,79,39,16,17,29,50,58,66,58,48,52,87,18,34,35,76,35,65,34,37,40,38,64,47,25,57,60,36,53,84,75,89,87,86,22,73,91,65,69,95,54,60,26,43,62,95,42,11,20,41,59,4,42,26,32,11,71,12,26,38,65,17,57,56,44,38,64,26,23,33,49,17,,18,53,59,72,42,57,52,29,,72,66,57,86,21,24,38,79,69,28,78,13,23,76,52,105,78,32,,78,92,9,5,12,23,26,28,17,23,39,,85,,49,,57,,60,74,30,75,50,87,30,9,13,83,42,100,58,26,87,47,59,25,24,60,96,72,,,,43,,
20260402,8,O3_24h,29,24,33,34,21,32,29,45,22,25,31,31,42,27,27,28,53,53,70,29,53,21,26,47,54,28,22,32,45,34,50,54,52,23,43,42,37,19,27,35,54,11,14,12,71,90,80,32,67,37,42,65,68,31,90,83,27,67,53,68,89,13,49,38,34,46,61,78,96,26,23,29,20,73,50,53,27,43,25,56,18,21,79,33,27,67,31,74,54,30,29,57,70,19,51,56,39,95,80,64,37,87,42,69,39,73,78,17,45,73,26,23,40,31,25,48,41,33,21,54,37,49,69,41,51,46,46,40,48,73,37,74,21,75,41,80,15,35,45,13,23,35,18,45,49,52,56,54,48,85,59,33,15,18,21,16,74,23,57,76,,,,,,,,,,,,,,,,,,,,,,,,,,,,,,102,79,58,56,11,29,75,31,21,35,80,42,25,33,,60,105,36,53,29,32,49,17,31,31,72,61,64,83,112,69,67,114,51,45,83,57,96,70,79,39,16,17,29,50,58,66,58,48,52,87,18,34,35,76,35,65,34,37,40,38,64,47,25,57,60,36,53,84,75,89,87,86,22,73,91,65,69,95,54,60,26,43,62,95,42,11,20,41,59,4,42,26,32,11,71,12,26,38,65,17,57,56,44,38,64,26,23,33,49,17,,18,53,59,72,42,57,52,29,,72,66,57,86,21,24,38,79,69,28,78,13,23,76,52,105,78,32,,78,92,9,5,12,23,26,28,17,23,39,,85,,49,,57,,60,74,30,75,50,87,30,9,13,83,42,100,58,26,87,47,59,25,24,60,96,72,,,,43,,
20260402,8,O3_8h,34,25,42,24,16,50,29,53,25,26,36,35,45,36,26,24,69,29,47,22,24,16,30,60,73,10,29,25,31,65,58,47,70,13,36,53,35,14,24,51,43,23,12,13,74,88,82,21,69,47,73,65,86,28,85,87,32,65,66,65,89,30,62,50,36,67,66,89,100,21,27,54,30,69,57,65,22,50,25,65,5,12,73,53,44,63,50,48,55,35,33,68,75,27,66,76,48,91,91,60,31,96,46,51,49,81,76,16,74,79,24,56,68,32,27,35,28,29,12,48,53,33,73,31,36,55,55,64,72,89,45,87,44,77,45,102,21,32,38,33,46,33,27,72,60,69,57,58,61,88,44,39,10,32,26,32,75,33,87,76,,,,,,,,,,,,,,,,,,,,,,,,,,,,,,112,88,72,81,23,38,97,35,22,40,85,59,51,46,,67,103,22,24,27,14,30,14,45,43,78,52,57,82,58,54,49,71,98,48,69,47,100,74,84,35,30,19,38,71,78,70,80,41,40,96,20,26,41,90,30,80,50,39,44,34,72,63,33,67,71,49,54,79,69,96,73,79,36,85,91,85,56,95,66,70,32,19,40,101,13,23,12,36,29,2,47,36,38,14,87,18,10,44,81,25,58,68,60,67,61,11,35,40,58,41,,30,64,66,63,36,54,62,37,,74,72,64,94,28,68,85,79,65,49,87,24,33,89,57,102,88,59,,94,76,30,3,25,45,22,35,17,28,56,,91,,71,,61,,89,84,76,96,43,101,42,21,57,83,21,83,58,16,79,29,50,21,38,80,102,44,,,,40,,
20260402,8,O3_8h_24h,34,25,42,24,16,50,29,53,25,26,36,35,45,36,26,24,69,29,47,22,24,16,30,60,73,10,29,25,31,65,58,47,70,13,36,53,35,14,24,51,43,23,12,13,74,88,82,21,69,47,73,65,86,28,85,87,32,65,66,65,89,30,62,50,36,67,66,89,100,21,27,54,30,69,57,65,22,50,25,65,5,12,73,53,44,63,50,48,55,35,33,68,75,27,66,76,48,91,91,60,31,96,46,51,49,81,76,16,74,79,24,56,68,32,27,35,28,29,12,48,44,33,73,31,36,55,55,64,72,89,45,87,44,77,45,94,21,32,38,21,46,33,27,72,60,69,57,58,61,88,44,39,10,32,26,32,75,33,87,76,,,,,,,,,,,,,,,,,,,,,,,,,,,,,,112,88,72,81,23,38,97,35,22,40,85,59,51,46,,67,103,22,24,27,14,30,14,45,43,78,52,57,82,58,54,49,71,98,48,69,47,100,74,84,35,30,19,38,71,78,70,80,41,40,96,20,26,41,90,30,80,50,39,44,34,72,63,33,67,71,49,54,79,69,96,73,79,36,85,91,85,56,95,66,70,32,19,40,101,13,23,12,36,29,2,47,36,38,14,87,18,10,44,81,25,58,68,60,67,61,11,35,40,58,41,,30,64,66,63,36,54,62,37,,74,72,64,94,28,32,85,79,65,49,87,24,33,81,57,102,88,59,,94,76,30,3,25,45,22,35,17,28,56,,91,,71,,61,,89,84,76,96,43,101,42,21,57,83,21,83,58,16,79,29,50,21,38,80,102,44,,,,40,,
20260402,8,CO,0.51,0.65,0.42,0.87,0.60,0.60,0.41,0.40,0.50,0.40,0.35,0.38,0.57,0.72,0.60,1.31,0.60,1.04,1.01,0.79,0.92,0.98,1.10,0.90,0.60,1.02,1.14,1.03,1.00,1.18,0.82,1.08,0.55,0.74,0.54,0.40,0.50,0.83,0.78,0.50,0.70,0.77,0.60,0.45,0.79,0.70,0.50,0.77,0.62,1.37,0.59,0.92,0.73,0.78,0.63,0.53,0.70,0.45,0.77,0.70,0.68,0.70,0.67,0.47,0.63,0.56,0.67,0.59,0.35,0.54,0.77,1.10,0.70,0.44,0.62,0.83,1.19,0.52,1.62,0.98,0.87,0.77,0.57,1.20,0.56,0.70,0.82,0.45,0.84,0.75,0.68,0.82,0.43,1.68,0.70,0.93,0.70,0.60,0.67,0.93,0.80,0.60,0.55,1.00,0.65,0.50,0.70,0.80,0.57,0.50,1.30,0.97,0.97,0.96,0.76,0.90,0.97,1.52,1.14,1.33,0.85,0.90,0.53,0.62,0.83,0.76,0.87,0.67,0.75,1.00,0.65,0.53,0.45,0.80,0.68,0.93,0.50,0.77,0.85,0.80,0.60,0.63,0.82,0.75,0.77,0.53,0.57,0.40,0.55,0.60,0.70,0.55,0.45,0.50,0.55,1.10,0.67,1.04,0.42,0.45,,,,,,,,,,,,,,,,,,,,,,,,,,,,,,0.40,0.40,0.55,1.07,0.40,0.60,0.68,0.50,0.40,1.13,0.67,0.30,0.60,0.60,,0.25,0.50,0.90,0.77,0.70,0.77,0.80,1.10,1.15,1.10,0.40,0.40,0.53,1.37,1.07,0.47,1.18,1.10,1.73,0.40,0.75,0.25,0.60,0.66,0.60,0.75,0.85,0.40,0.90,0.74,0.57,0.55,0.30,0.80,0.37,0.60,0.70,0.65,0.85,0.55,0.70,0.97,0.73,0.55,0.56,1.00,1.63,0.83,0.75,1.22,0.95,0.65,0.53,0.60,0.60,0.47,0.50,0.70,0.80,0.80,0.97,0.63,0.80,0.43,0.60,1.37,0.45,0.80,0.75,0.90,0.55,0.63,0.50,0.70,0.45,0.40,0.83,0.85,0.77,0.90,0.80,1.03,0.80,0.80,0.70,0.77,0.70,0.50,0.65,0.65,0.60,0.47,0.40,0.75,0.45,0.30,,0.35,0.50,0.47,0.70,0.60,0.50,0.65,0.60,,0.55,0.35,0.40,0.55,0.80,0.70,0.50,0.50,0.55,0.75,0.45,0.85,0.55,0.60,0.70,0.30,0.30,1.40,,0.35,0.50,0.63,1.10,0.40,0.50,1.05,0.50,0.90,0.60,0.50,,0.50,,0.85,,0.40,0.30,0.50,0.50,0.20,0.40,0.50,0.50,0.63,0.65,0.95,0.80,0.25,0.35,0.35,0.60,0.10,0.35,0.75,0.90,0.60,0.30,0.50,0.60,,,,0.80,,
20260402,8,CO_24h,0.38,0.54,0.38,0.58,0.35,0.65,0.37,0.33,0.30,0.43,0.30,0.38,0.53,0.53,0.46,0.67,0.52,0.63,0.78,0.68,0.89,0.79,0.92,1.04,0.50,0.78,0.87,0.73,0.78,0.80,0.72,0.90,0.42,0.64,0.47,0.37,0.41,0.72,0.63,0.43,0.55,0.53,0.50,0.45,0.70,0.45,0.45,0.70,0.67,1.00,0.49,0.64,0.74,0.75,0.66,0.60,0.67,0.60,0.67,0.70,0.55,0.53,0.61,0.55,0.62,0.49,0.60,0.49,0.40,0.55,0.73,0.75,0.56,0.43,0.63,0.67,0.64,0.38,0.68,0.60,0.47,0.53,0.57,0.81,0.60,0.70,0.48,0.57,0.68,0.50,0.38,0.60,0.53,1.32,0.50,0.50,0.63,0.70,0.70,0.87,0.75,0.60,0.50,0.80,0.60,0.50,0.70,0.65,0.53,0.40,0.66,0.67,0.63,0.66,0.60,0.84,0.60,0.70,0.68,1.23,0.46,0.63,0.35,0.73,0.87,0.68,0.61,0.70,0.62,0.73,0.50,0.38,0.38,0.60,0.68,0.88,0.45,0.70,0.80,0.67,0.50,0.55,0.80,0.77,0.77,0.50,0.53,0.40,0.48,0.55,0.63,0.45,0.45,0.44,0.40,0.50,0.90,0.60,0.40,0.35,,,,,,,,,,,,,,,,,,,,,,,,,,,,,,0.35,0.40,0.60,0.63,0.30,0.40,0.65,0.47,0.30,0.60,0.53,0.20,0.40,0.35,,0.25,0.45,0.53,0.67,0.55,0.53,0.43,0.70,0.85,0.95,0.40,0.35,0.40,0.73,0.53,0.57,0.47,0.50,0.80,0.35,0.70,0.20,0.52,0.56,0.45,0.67,0.60,0.45,0.65,0.62,0.40,0.45,0.17,0.90,0.37,0.57,0.70,0.60,0.65,0.45,0.70,0.80,0.72,0.55,0.52,0.95,0.93,0.78,0.65,1.00,0.70,0.55,0.38,0.50,0.57,0.40,0.33,0.82,0.70,0.74,0.67,0.53,0.60,0.43,0.60,0.73,0.45,1.05,0.75,0.90,0.50,0.53,0.45,0.70,0.40,0.35,0.70,0.70,0.77,0.77,0.60,0.93,0.60,0.70,0.70,0.63,0.65,0.40,0.63,0.50,0.72,0.60,0.45,0.65,0.50,0.20,,0.35,0.55,0.40,0.60,0.60,0.55,0.50,0.65,,0.55,0.30,0.30,0.50,0.70,0.60,0.40,0.50,0.50,0.75,0.45,0.70,0.60,0.55,0.50,0.30,0.30,0.70,,0.25,0.55,0.57,0.53,0.40,0.50,0.55,0.40,0.40,0.45,0.40,,0.45,,0.75,,0.40,0.60,0.40,0.20,0.40,0.40,0.50,0.40,0.47,0.55,0.45,0.80,0.15,0.55,0.40,0.55,0.20,0.65,0.65,0.95,0.30,0.30,0.75,0.60,,,,0.75,,
20260402,9,AQI,62,63,92,68,56,89,88,54,66,60,77,87,83,63,60,129,55,156,146,75,71,103,111,141,91,130,74,83,101,149,99,128,105,34,44,35,30,55,84,39,47,52,51,55,70,33,29,66,44,79,68,54,44,37,27,27,50,23,56,30,28,60,50,32,36,43,38,44,31,65,58,59,64,55,49,50,60,59,104,78,59,59,28,215,88,61,66,41,104,78,82,71,50,115,69,74,35,30,36,50,36,28,26,55,26,27,26,52,69,76,66,85,65,76,66,85,99,89,82,187,123,179,104,46,65,49,109,126,65,124,71,70,44,54,39,38,51,45,42,58,34,69,64,54,43,46,49,27,29,39,58,51,64,51,62,114,63,62,36,66,,,,,,,,,,,,,,,,,,,,,,,,,,,,,,51,56,37,70,86,73,55,57,72,65,57,38,59,53,,21,53,69,81,104,65,111,166,129,129,77,58,105,265,299,59,89,277,295,35,149,21,71,78,79,65,58,50,91,78,103,59,83,37,53,33,46,26,29,27,53,50,63,54,29,42,61,50,56,121,119,70,64,66,55,73,65,51,59,54,50,60,59,51,39,68,25,39,34,30,36,49,35,42,23,33,69,47,45,42,58,44,51,61,54,47,24,36,49,50,29,28,27,29,27,28,,10,26,44,37,24,16,46,36,,22,58,29,27,73,54,54,75,44,70,37,69,36,34,16,30,23,169,,22,23,51,70,31,44,70,51,79,89,63,,58,,52,,54,57,32,53,60,30,20,23,68,78,68,73,69,55,64,113,28,85,130,62,40,14,45,56,,,,49,,
20260402,9,PM2.5,19,21,38,29,14,54,29,21,10,25,31,24,36,33,36,98,25,119,112,55,52,77,84,108,68,99,54,61,76,114,74,97,79,21,30,22,21,39,62,24,31,32,33,39,42,15,9,48,24,58,49,38,27,21,10,10,35,12,32,17,14,43,35,22,20,30,15,31,9,39,29,33,24,30,34,28,33,16,78,57,37,15,5,165,40,44,48,22,78,40,43,52,35,87,30,53,18,9,25,34,25,6,15,39,13,8,8,33,50,56,30,63,32,40,37,63,74,66,48,141,93,135,78,28,46,31,82,96,47,94,50,51,27,37,27,16,26,20,22,41,24,50,46,31,28,26,34,19,19,25,39,28,27,25,43,61,23,36,13,24,,,,,,,,,,,,,,,,,,,,,,,,,,,,,,27,31,23,46,30,46,30,31,17,28,23,3,18,27,,11,14,50,60,78,28,84,126,98,98,43,28,79,215,249,42,66,227,245,9,114,3,52,57,58,44,39,35,68,57,77,42,61,24,28,5,24,15,20,19,37,35,45,38,20,23,44,33,30,92,90,51,46,48,25,53,41,28,32,31,29,40,34,36,21,45,12,19,24,21,18,34,24,29,16,12,50,33,29,29,41,30,34,44,38,25,13,25,34,35,20,17,19,20,18,13,,3,18,28,23,15,5,32,17,,11,41,20,5,53,38,38,55,31,51,26,50,21,19,3,7,3,128,,3,3,29,38,17,22,30,24,34,65,21,,21,,22,,25,28,18,22,43,19,13,8,25,28,20,42,31,29,22,55,10,36,45,35,9,3,14,27,,,,32,,
20260402,9,PM2.5_24h,17,15,31,23,15,72,27,13,11,23,29,33,51,27,31,50,27,72,78,46,53,42,83,108,49,74,33,46,64,82,69,84,73,13,28,16,17,29,34,21,29,13,18,9,43,7,10,31,35,65,41,40,26,16,15,23,26,24,35,14,12,15,24,23,20,22,10,25,7,35,28,23,21,23,27,26,28,17,36,37,33,23,7,104,43,49,29,38,53,34,31,41,41,85,34,19,11,8,23,26,11,11,11,27,9,11,10,12,28,38,22,34,21,32,26,46,45,44,36,135,24,74,49,40,51,23,44,80,43,62,36,27,22,32,25,19,18,22,24,26,23,32,28,20,14,14,29,18,16,23,35,28,22,27,31,28,24,20,13,44,,,,,,,,,,,,,,,,,,,,,,,,,,,,,,26,29,11,29,18,28,18,24,17,19,22,10,17,16,,5,9,25,55,53,21,53,71,61,67,47,22,42,101,35,76,27,93,145,11,109,7,51,53,39,47,37,20,60,38,46,33,36,29,27,4,14,9,11,9,36,29,30,34,12,18,29,30,25,82,79,56,39,33,28,39,31,35,26,33,31,30,33,36,24,32,14,34,23,24,22,27,25,27,18,11,28,24,23,22,20,19,15,27,23,19,14,18,27,18,24,19,17,18,17,9,,4,19,24,15,13,23,19,22,,8,30,20,8,45,43,24,43,36,57,22,49,31,12,6,5,3,18,,3,5,23,26,16,19,26,20,32,51,17,,20,,18,,21,19,15,14,18,13,8,13,26,27,19,32,18,28,24,61,36,51,50,37,11,3,34,31,,,,30,,
20260402,9,PM10,74,76,134,86,62,127,126,58,82,70,103,123,115,75,70,137,60,163,192,76,83,96,128,134,92,140,92,101,73,156,101,120,91,34,44,35,30,53,79,39,47,54,51,50,89,27,15,64,44,76,64,56,44,37,22,22,45,18,61,30,27,61,45,32,36,31,38,42,31,79,65,68,78,60,48,50,70,67,138,99,68,67,15,203,126,68,72,41,113,106,113,72,49,146,88,97,35,18,33,50,27,13,26,53,26,19,16,53,62,83,81,82,80,101,82,102,116,126,114,180,131,184,119,46,79,49,106,122,63,126,92,69,44,57,34,38,51,45,42,61,32,63,62,57,43,46,49,27,29,39,65,51,77,52,74,178,76,73,36,82,,,,,,,,,,,,,,,,,,,,,,,,,,,,,,52,61,37,89,122,95,60,64,94,80,64,38,67,56,,19,56,83,88,103,79,137,160,134,150,104,65,103,337,302,60,80,265,376,35,176,16,80,79,96,80,66,50,101,89,101,62,81,37,55,20,46,26,26,24,43,48,71,53,29,42,56,50,61,130,122,84,67,67,60,70,80,52,67,58,50,70,67,50,39,85,25,39,25,24,36,47,35,42,22,33,47,41,45,42,54,44,52,58,52,47,24,36,38,48,23,28,26,26,27,28,,9,25,44,37,24,11,,36,,22,,22,18,95,44,,58,33,69,30,74,36,34,8,26,15,,,14,9,51,89,31,44,89,51,108,127,75,,65,,53,,57,63,32,55,69,30,20,12,86,105,85,95,88,60,78,176,28,120,210,73,40,13,45,62,,,,49,,
20260402,9,PM10_24h,63,64,110,82,73,105,113,29,43,74,119,115,106,64,56,98,92,97,123,62,76,56,120,144,71,103,60,76,73,107,94,96,84,25,42,29,23,42,47,34,42,24,28,18,82,17,16,50,95,88,57,53,46,28,29,32,36,33,46,26,22,25,32,40,35,32,26,39,18,81,65,40,57,55,46,39,53,45,107,68,62,57,17,131,138,96,120,108,89,129,110,60,62,112,90,113,19,18,30,37,18,19,16,38,16,19,24,30,43,60,62,50,59,86,46,106,96,124,63,183,56,97,77,62,82,42,69,98,61,90,64,52,37,39,36,34,24,40,38,39,34,55,40,34,23,35,45,36,27,37,69,59,68,56,74,82,81,51,43,173,,,,,,,,,,,,,,,,,,,,,,,,,,,,,,48,48,23,62,60,68,48,47,74,66,51,22,53,33,,13,41,48,114,80,44,77,99,100,109,67,42,62,152,75,105,40,107,210,28,145,17,75,75,66,81,54,30,81,66,66,49,58,45,44,16,23,15,18,16,45,40,44,43,23,34,40,42,47,112,108,86,55,48,54,52,56,58,46,56,50,48,66,51,37,59,25,49,39,27,34,32,39,48,22,27,41,43,37,34,37,31,28,41,41,39,34,32,43,46,39,47,25,27,22,20,,11,24,38,20,22,33,26,32,,13,42,30,15,86,56,35,54,49,77,29,66,42,21,13,22,17,21,,9,10,44,67,36,43,79,42,85,115,55,,51,,45,,43,47,26,29,37,26,26,22,79,83,59,103,60,55,89,175,119,179,217,91,37,13,73,68,,,,47,,
20260402,9,SO2,6,11,3,22,10,5,6,5,4,5,10,12,8,17,11,19,10,11,12,8,8,8,7,12,9,43,7,16,9,15,8,14,8,7,7,5,7,9,8,6,8,4,5,5,7,5,2,9,7,7,6,10,5,6,5,5,7,4,6,4,5,16,5,6,8,5,6,6,6,8,7,20,17,8,5,7,26,10,30,13,11,11,3,17,10,7,13,11,17,9,9,7,7,14,11,23,16,7,4,15,10,6,8,9,11,4,7,11,6,7,36,10,12,28,12,11,13,24,19,11,8,15,8,8,12,7,13,4,9,12,8,15,6,11,7,6,9,11,9,7,4,8,8,12,12,4,3,5,7,9,11,4,6,6,9,95,11,21,5,10,,,,,,,,,,,,,,,,,,,,,,,,,,,,,,6,2,5,7,14,11,9,10,29,62,9,6,14,18,,8,9,29,11,9,13,8,14,15,11,2,7,11,14,17,6,9,13,21,7,10,8,7,10,9,9,7,4,12,7,10,5,8,5,7,3,15,4,10,6,5,10,7,31,9,10,17,11,12,10,10,6,6,7,6,5,6,13,6,12,12,6,10,10,6,12,7,7,7,3,7,5,6,3,4,8,7,4,11,13,25,7,8,14,11,6,6,7,8,10,6,5,6,9,7,6,,6,7,6,9,4,10,7,4,,7,6,6,9,9,4,5,4,5,9,6,6,7,5,7,9,7,27,,8,6,6,11,10,6,64,10,11,9,8,,7,,7,,4,12,7,12,15,25,5,11,10,9,9,4,10,7,3,4,5,3,3,6,5,6,10,9,,,,7,,
20260402,9,SO2_24h,4,8,3,7,8,6,4,4,3,4,6,7,6,7,8,10,8,9,11,7,7,6,6,11,8,8,7,8,7,10,7,8,5,6,6,5,6,6,5,5,6,3,4,4,6,4,3,7,8,7,5,8,6,6,5,6,7,5,7,5,6,9,5,6,9,5,7,4,5,6,11,14,15,7,5,6,12,7,12,10,7,25,4,14,12,7,13,12,10,9,7,6,7,11,8,8,9,6,7,13,8,6,6,8,8,4,7,8,6,5,14,9,9,10,13,12,9,10,12,12,6,6,8,8,8,6,11,6,8,11,6,13,7,9,7,9,8,6,11,9,4,7,8,9,10,5,3,7,8,7,7,5,3,6,8,22,19,14,5,10,,,,,,,,,,,,,,,,,,,,,,,,,,,,,,6,3,5,6,8,10,8,7,12,30,12,5,10,6,,5,9,12,9,9,7,6,8,10,10,2,5,10,9,10,8,7,7,11,7,18,9,6,8,7,8,6,4,7,7,5,5,6,4,6,3,6,4,6,5,6,7,5,11,4,8,10,11,13,11,11,6,6,6,6,3,5,10,7,13,11,5,5,8,6,9,7,7,8,6,6,6,5,5,4,7,8,6,11,11,19,6,6,12,9,8,7,8,7,12,7,6,7,9,6,5,,6,8,4,10,4,11,6,4,,6,6,6,9,9,6,4,4,4,9,5,5,6,6,6,8,8,12,,7,6,6,7,7,8,20,11,11,6,8,,7,,7,,4,13,8,10,13,15,7,15,10,10,8,4,8,8,3,4,10,4,3,7,6,5,15,10,,,,7,,
20260402,9,NO2,32,49,30,31,33,28,36,17,25,40,39,30,23,33,34,54,28,32,29,47,37,69,35,41,29,65,74,48,39,38,39,28,30,28,38,34,24,54,63,29,35,39,29,24,24,14,13,37,21,31,30,25,36,40,11,13,38,12,25,17,13,43,16,9,23,23,16,14,20,35,44,53,53,34,33,35,48,30,41,27,34,32,11,53,37,23,37,24,27,41,41,21,16,61,36,34,27,13,11,23,18,10,18,28,31,12,14,35,22,20,35,32,22,41,39,39,35,39,39,36,27,33,22,23,22,48,28,28,24,17,27,14,32,27,24,8,22,32,15,38,10,23,26,26,23,12,24,16,14,10,26,37,26,22,26,67,22,40,28,28,,,,,,,,,,,,,,,,,,,,,,,,,,,,,,11,15,27,26,49,35,19,29,28,55,14,21,30,39,,8,10,30,28,38,25,33,41,33,39,10,15,20,40,40,14,14,29,58,11,28,3,16,18,20,29,46,13,31,20,28,19,18,19,18,11,23,12,17,18,18,18,33,22,18,25,27,16,28,18,29,23,27,20,17,14,14,12,22,18,19,29,20,15,11,22,11,16,13,6,19,25,16,26,15,35,19,27,29,25,20,26,11,25,17,37,19,15,22,32,12,37,9,24,17,9,,20,17,14,9,19,7,10,20,,6,14,16,15,25,12,14,12,9,17,13,22,13,17,7,10,9,62,,7,5,31,66,16,24,53,38,42,33,37,,22,,29,,25,26,10,18,39,6,29,33,33,36,48,29,37,18,11,35,7,29,23,32,8,17,12,12,,,,6,,
20260402,9,NO2_24h,22,36,19,17,29,21,26,12,18,26,29,27,16,25,29,34,20,40,37,51,36,49,35,35,23,48,40,40,42,23,27,23,18,34,38,26,23,36,37,21,24,26,23,14,27,12,13,40,29,29,17,30,26,34,21,22,36,23,33,21,12,28,15,8,22,16,12,10,9,43,41,20,32,27,29,26,44,25,28,21,26,37,13,30,24,23,22,33,25,37,28,17,18,40,31,17,17,10,13,18,18,10,15,23,18,8,12,24,14,16,26,16,18,31,26,26,26,27,30,36,11,26,15,40,38,31,23,20,21,16,21,14,21,21,26,14,17,22,16,23,6,25,22,12,19,13,21,23,9,8,31,26,32,19,39,22,15,25,10,20,,,,,,,,,,,,,,,,,,,,,,,,,,,,,,11,12,18,14,23,23,11,23,29,33,13,8,14,19,,8,6,25,27,23,28,33,28,19,24,14,13,15,23,15,21,10,24,28,10,26,5,19,18,18,25,34,10,20,13,17,13,11,23,20,11,17,12,11,13,16,14,24,21,16,22,17,12,21,18,22,21,20,16,14,11,15,16,14,11,16,15,14,15,10,18,10,26,18,7,22,21,20,22,11,29,16,19,24,25,14,21,15,17,9,27,20,15,25,23,19,42,11,17,10,6,,11,11,10,6,16,10,8,15,,5,8,12,8,16,12,8,7,8,12,9,18,16,10,7,4,4,14,,2,4,20,47,13,18,31,28,25,21,21,,15,,11,,14,10,3,4,12,3,27,7,21,27,26,20,26,21,15,36,13,36,21,36,10,6,19,21,,,,7,,
20260402,9,O3,49,41,44,57,59,39,42,60,34,40,54,46,52,41,41,48,72,98,85,81,85,52,96,61,75,64,46,79,89,73,57,90,66,36,61,64,55,46,43,50,81,21,25,16,85,106,92,52,83,76,52,78,54,34,87,86,34,72,58,75,88,16,47,42,30,54,56,88,87,41,32,16,28,73,42,48,49,60,54,65,60,67,91,61,35,75,51,88,87,59,46,76,82,29,76,77,37,96,66,58,40,89,48,67,37,85,83,25,50,91,45,33,56,41,35,60,60,52,56,83,60,79,86,63,100,56,60,44,71,97,53,80,11,71,44,81,13,34,53,16,39,39,27,55,41,55,55,54,43,89,58,37,24,21,54,44,73,31,46,63,,,,,,,,,,,,,,,,,,,,,,,,,,,,,,105,88,67,61,29,48,78,39,36,42,85,61,36,38,,68,102,66,74,50,59,100,48,57,58,85,67,92,121,127,87,89,155,94,58,103,68,100,73,104,73,34,24,75,62,64,77,69,62,67,106,33,49,35,76,41,63,31,54,48,39,57,43,29,75,67,72,71,87,82,93,105,93,22,71,94,62,77,105,63,78,32,56,69,83,30,16,30,49,47,4,34,21,28,20,67,12,60,35,60,15,59,57,52,46,56,22,20,27,39,14,,23,63,59,65,41,50,63,28,,70,60,60,87,25,26,81,,71,25,78,13,24,76,52,95,75,36,,69,74,11,9,13,24,39,28,28,25,29,,85,,39,,62,,55,69,45,85,49,73,34,22,42,68,38,93,54,29,81,28,61,26,18,44,85,70,,,,48,,
20260402,9,O3_24h,49,41,44,57,59,39,42,60,34,40,54,46,52,41,41,48,72,98,85,81,85,52,96,61,75,64,46,79,89,73,57,90,66,36,61,64,55,46,43,50,81,21,25,16,85,106,92,52,83,76,52,78,54,34,87,86,34,72,58,75,88,16,47,42,30,54,56,88,87,41,32,16,28,73,42,48,49,60,54,65,60,67,91,61,35,75,51,88,87,59,46,76,82,29,76,77,37,96,66,58,40,89,48,67,37,85,83,25,50,91,45,33,56,41,35,60,60,52,56,83,60,79,86,63,100,56,60,44,71,97,53,80,11,71,44,81,13,34,53,16,39,39,27,55,41,55,55,54,43,89,58,37,24,21,54,44,73,31,46,63,,,,,,,,,,,,,,,,,,,,,,,,,,,,,,105,88,67,61,29,48,78,39,36,42,85,61,36,38,,68,102,66,74,50,59,100,48,57,58,85,67,92,121,127,87,89,155,94,58,103,68,100,73,104,73,34,24,75,62,64,77,69,62,67,106,33,49,35,76,41,63,31,54,48,39,57,43,29,75,67,72,71,87,82,93,105,93,22,71,94,62,77,105,63,78,32,56,69,83,30,16,30,49,47,4,34,21,28,20,67,12,60,35,60,15,59,57,52,46,56,22,20,27,39,14,,23,63,59,65,41,50,63,28,,70,60,60,87,25,26,81,,71,25,78,13,24,76,52,95,75,36,,69,74,11,9,13,24,39,28,28,25,29,,85,,39,,62,,55,69,45,85,49,73,34,22,42,68,38,93,54,29,81,28,61,26,18,44,85,70,,,,48,,
20260402,9,O3_8h,34,26,42,27,21,50,29,53,25,26,36,35,45,36,28,26,69,39,53,28,32,18,34,75,73,16,26,31,38,66,59,52,70,16,39,53,37,15,25,51,50,23,14,13,78,90,82,25,75,48,73,65,87,30,87,87,32,66,66,68,90,30,66,50,37,67,66,89,100,24,29,54,30,72,58,66,26,52,27,65,12,18,74,53,44,66,50,56,58,37,33,68,76,28,67,76,48,91,91,62,32,96,46,52,49,81,76,17,74,80,26,56,68,33,28,37,30,30,16,53,53,39,75,34,46,56,55,64,72,89,45,87,44,77,47,102,21,34,41,33,46,36,27,72,62,69,57,60,61,89,49,40,13,32,32,32,78,34,87,79,,,,,,,,,,,,,,,,,,,,,,,,,,,,,,112,88,72,81,23,38,97,35,23,42,85,59,51,46,,67,104,25,28,30,21,41,19,45,44,79,53,60,84,68,58,55,79,98,49,73,49,100,74,85,38,30,20,41,71,78,71,80,42,42,97,21,29,41,90,33,80,50,39,45,34,72,63,33,67,71,49,55,79,70,96,74,84,36,86,92,85,58,97,66,70,32,25,43,101,15,23,15,37,33,2,47,36,38,15,87,18,16,44,81,25,60,68,63,67,64,13,35,41,58,41,,30,64,66,63,39,54,62,37,,74,72,64,94,28,68,85,80,66,49,87,24,33,89,57,102,88,59,,94,78,30,3,25,45,24,35,17,28,56,,91,,71,,63,,89,84,76,96,45,101,42,21,57,84,21,86,58,17,81,31,54,24,38,80,102,45,,,,41,,
20260402,9,O3_8h_24h,34,25,40,27,21,45,28,53,24,23,35,34,44,34,27,24,68,39,53,28,32,17,34,55,71,16,25,31,38,65,58,52,68,16,39,50,37,15,25,48,50,22,12,12,78,90,82,25,75,46,66,64,82,29,87,85,31,66,65,68,89,25,59,46,36,65,65,89,99,24,28,48,29,72,56,64,25,51,27,63,12,18,74,47,41,66,47,56,57,37,32,67,76,27,66,75,43,91,88,62,32,95,46,52,45,79,76,15,68,80,25,49,63,33,28,37,30,30,16,53,44,39,75,34,46,55,54,58,72,88,45,84,38,74,46,91,19,34,41,19,44,35,25,68,62,68,57,60,58,89,49,38,13,29,32,30,78,32,80,78,,,,,,,,,,,,,,,,,,,,,,,,,,,,,,110,88,70,75,18,36,92,33,23,41,84,58,48,43,,66,104,25,28,30,21,41,19,44,44,79,53,60,84,68,58,55,79,93,49,73,49,99,73,85,38,29,19,41,67,74,69,77,42,42,96,21,29,39,86,33,77,43,37,44,32,69,58,32,66,67,48,55,79,70,95,74,84,33,83,92,82,58,97,64,67,32,25,43,96,15,19,15,37,33,2,45,34,35,14,83,15,16,42,77,22,60,67,63,62,64,12,32,39,58,34,,28,63,64,63,39,53,59,35,,74,70,64,93,26,30,82,80,66,43,85,21,31,80,56,101,85,54,,90,78,26,3,22,38,24,33,15,28,53,,91,,65,,63,,81,81,70,92,45,96,41,18,54,83,21,86,58,16,80,31,54,24,34,75,101,45,,,,41,,
20260402,9,CO,0.51,0.71,0.47,1.21,0.50,0.68,0.43,0.37,0.50,0.50,0.40,0.40,0.60,0.88,0.58,1.22,0.51,0.85,0.98,0.68,0.90,0.89,0.98,0.97,0.60,1.02,1.01,1.14,0.94,1.13,0.80,0.94,0.57,0.72,0.54,0.37,0.51,0.80,0.78,0.50,0.60,1.40,0.60,0.50,0.77,0.70,0.43,0.75,0.59,1.21,0.62,0.84,0.83,0.82,0.60,0.53,0.70,0.40,0.63,0.70,0.65,0.73,0.67,0.47,0.66,0.61,0.67,0.59,0.42,0.60,0.77,1.50,0.88,0.50,0.70,0.87,1.00,0.50,1.30,0.85,0.47,0.50,0.47,1.17,0.66,0.63,0.72,0.40,0.78,0.62,0.65,0.75,0.47,1.68,0.55,0.92,0.77,0.68,0.63,0.97,0.80,0.60,0.60,1.03,0.75,0.50,0.70,0.90,0.63,0.50,0.87,1.10,0.90,0.96,0.82,0.96,1.27,1.96,0.84,1.20,0.75,0.93,0.45,0.60,0.67,0.76,0.83,0.63,0.72,1.00,0.68,0.53,0.48,0.70,0.73,0.90,0.55,0.80,0.80,0.82,0.60,0.68,0.95,0.85,0.80,0.57,0.60,0.40,0.53,0.60,0.77,0.60,0.50,0.52,0.55,1.30,0.67,1.30,0.46,0.55,,,,,,,,,,,,,,,,,,,,,,,,,,,,,,0.38,0.50,0.55,1.03,0.33,0.65,0.70,0.53,0.40,1.03,0.60,0.30,0.70,0.63,,0.25,0.55,0.75,0.77,0.75,0.73,0.57,1.10,1.30,1.15,0.35,0.40,0.50,1.27,1.20,0.30,0.70,1.10,1.37,0.40,0.80,0.20,0.62,0.64,0.60,0.67,0.90,0.45,1.05,0.76,0.57,0.55,0.33,0.77,0.37,0.57,0.83,0.65,1.00,0.65,0.70,0.87,0.73,0.70,0.52,1.05,1.38,0.83,0.75,1.12,0.88,0.55,0.50,0.66,0.60,0.53,0.43,0.65,0.83,0.82,1.00,0.70,1.00,0.47,0.70,1.20,0.50,0.82,0.80,1.00,0.60,0.60,0.50,0.80,0.45,0.55,0.90,1.02,0.87,0.87,0.80,1.07,0.80,0.85,0.90,0.83,0.70,0.47,0.65,0.65,0.70,0.47,0.45,0.80,0.55,0.40,,0.40,0.45,0.53,0.70,0.75,0.50,0.60,0.70,,0.60,0.45,0.40,0.55,0.95,0.80,0.50,0.50,0.55,0.80,0.50,0.85,0.55,0.70,0.60,0.30,0.35,2.10,,0.35,0.55,0.67,1.03,0.50,0.50,1.30,0.55,0.90,0.80,0.55,,0.40,,0.85,,0.45,0.70,0.50,0.70,0.50,0.50,0.60,1.00,0.63,0.65,0.90,0.95,0.30,0.40,0.30,0.45,0.10,0.50,0.75,1.05,0.20,0.40,0.50,0.60,,,,0.80,,
20260402,9,CO_24h,0.40,0.54,0.38,0.60,0.40,0.65,0.37,0.33,0.30,0.43,0.30,0.38,0.53,0.53,0.46,0.70,0.52,0.66,0.78,0.68,0.88,0.79,0.93,1.04,0.48,0.76,0.87,0.74,0.78,0.82,0.72,0.90,0.42,0.65,0.50,0.37,0.41,0.72,0.63,0.43,0.55,0.60,0.50,0.45,0.70,0.45,0.45,0.70,0.65,1.01,0.49,0.64,0.73,0.75,0.68,0.60,0.70,0.60,0.67,0.70,0.57,0.57,0.61,0.55,0.62,0.49,0.60,0.49,0.40,0.55,0.70,0.75,0.58,0.42,0.63,0.67,0.64,0.38,0.70,0.63,0.47,0.53,0.57,0.83,0.60,0.70,0.48,0.52,0.68,0.50,0.37,0.60,0.47,1.34,0.50,0.50,0.63,0.70,0.70,0.87,0.75,0.60,0.50,0.80,0.60,0.50,0.70,0.65,0.53,0.40,0.66,0.70,0.65,0.68,0.60,0.82,0.63,0.74,0.68,1.23,0.46,0.63,0.35,0.73,0.90,0.70,0.62,0.67,0.62,0.73,0.50,0.38,0.38,0.60,0.68,0.88,0.45,0.73,0.80,0.71,0.50,0.55,0.80,0.75,0.77,0.50,0.53,0.40,0.48,0.53,0.63,0.50,0.45,0.44,0.40,0.50,0.90,0.62,0.40,0.40,,,,,,,,,,,,,,,,,,,,,,,,,,,,,,0.35,0.40,0.55,0.63,0.27,0.40,0.58,0.47,0.30,0.60,0.53,0.20,0.40,0.35,,0.25,0.45,0.55,0.67,0.55,0.53,0.47,0.70,0.85,0.95,0.40,0.35,0.37,0.80,0.53,0.53,0.47,0.50,0.83,0.35,0.70,0.20,0.52,0.56,0.45,0.67,0.63,0.45,0.65,0.62,0.40,0.45,0.17,0.90,0.37,0.57,0.67,0.60,0.70,0.45,0.70,0.80,0.72,0.55,0.54,0.95,0.93,0.78,0.65,1.00,0.72,0.55,0.38,0.50,0.57,0.40,0.33,0.82,0.70,0.74,0.70,0.53,0.60,0.43,0.60,0.77,0.45,0.98,0.75,0.90,0.50,0.53,0.45,0.70,0.45,0.35,0.70,0.72,0.77,0.77,0.60,0.93,0.60,0.70,0.70,0.63,0.65,0.40,0.63,0.50,0.72,0.60,0.45,0.65,0.50,0.20,,0.35,0.55,0.40,0.60,0.60,0.55,0.50,0.65,,0.55,0.30,0.30,0.50,0.70,0.55,0.40,0.50,0.50,0.75,0.45,0.70,0.60,0.55,0.55,0.30,0.30,0.70,,0.25,0.55,0.57,0.53,0.40,0.50,0.55,0.40,0.50,0.40,0.40,,0.45,,0.75,,0.40,0.60,0.40,0.30,0.30,0.40,0.50,0.40,0.47,0.55,0.50,0.80,0.15,0.50,0.40,0.55,0.20,0.65,0.65,0.95,0.30,0.30,0.75,0.60,,,,0.75,,
20260402,10,AQI,66,64,97,62,55,88,88,61,64,59,82,91,87,63,59,113,52,136,149,73,68,90,91,128,84,103,68,73,93,118,91,109,96,36,40,31,30,49,54,39,45,53,47,53,63,37,31,61,44,70,68,58,43,39,27,28,47,39,52,25,28,60,47,31,37,40,42,37,34,68,66,59,63,59,47,51,59,56,76,71,59,57,30,166,72,58,59,47,96,63,68,65,61,111,61,70,38,32,34,51,41,28,26,55,30,29,28,57,60,78,63,95,62,83,70,71,91,85,61,169,110,177,94,54,58,52,100,125,64,113,65,66,49,56,36,29,44,48,44,55,33,73,68,45,48,33,54,19,31,37,62,63,63,53,66,106,140,71,43,67,,,,,,,,,,,,,,,,,,,,,,,,,,,,,,50,62,33,74,71,72,53,60,65,72,55,26,62,51,,28,54,89,72,83,58,81,124,128,118,81,67,85,244,316,63,65,285,268,31,130,24,59,69,71,62,62,50,80,71,90,50,74,42,48,37,26,20,36,34,43,51,60,70,35,56,54,51,54,123,113,57,57,65,54,58,61,57,62,55,54,64,63,56,40,59,24,26,40,39,36,49,31,34,24,35,68,51,51,46,59,48,55,68,54,50,21,34,33,47,29,32,27,30,28,32,,16,27,42,49,23,19,44,41,,28,58,33,29,89,55,37,32,54,70,41,79,42,28,19,30,25,84,,21,24,55,75,41,52,70,52,79,98,59,,58,,51,,41,57,31,40,53,34,30,36,69,78,58,83,69,58,63,116,47,108,134,68,62,21,42,58,,,,53,,
20260402,10,PM2.5,22,24,48,26,12,65,33,31,12,24,33,22,45,38,36,85,22,104,114,53,49,67,68,97,62,77,49,53,69,89,68,82,72,21,26,19,21,34,38,23,28,32,31,34,37,11,8,44,26,51,49,41,28,21,9,12,30,11,18,14,10,43,33,20,21,28,20,25,10,41,27,34,28,29,33,36,29,17,56,52,36,14,7,126,51,41,42,29,72,25,36,47,44,84,23,51,21,10,23,36,29,7,16,36,15,10,11,36,43,57,24,71,34,48,38,52,68,63,25,128,83,134,70,32,41,31,75,95,46,85,47,48,26,40,25,20,31,25,23,39,23,53,49,27,33,23,38,13,22,23,42,31,28,25,48,21,30,46,5,17,,,,,,,,,,,,,,,,,,,,,,,,,,,,,,16,28,20,54,25,40,26,32,12,22,21,3,25,23,,3,14,42,50,61,26,54,94,97,89,51,29,63,194,266,45,47,235,218,8,99,3,38,50,52,26,42,35,59,52,67,35,54,25,27,5,18,14,25,21,30,36,43,51,20,24,38,30,27,93,85,38,39,47,27,41,39,30,41,33,38,42,32,40,28,34,13,15,28,27,19,34,22,24,17,19,49,34,34,27,42,29,39,49,36,29,8,24,23,24,20,19,19,21,18,13,,3,19,26,34,16,9,31,24,,13,41,23,6,66,39,26,,38,51,29,58,27,13,3,8,3,30,,3,3,33,33,23,23,34,26,34,60,20,,26,,25,,21,28,17,20,34,19,21,14,29,35,18,30,25,28,24,53,10,42,43,26,11,3,10,35,,,,31,,
20260402,10,PM2.5_24h,17,14,32,23,15,73,28,14,11,23,29,31,51,27,31,53,26,76,81,46,51,43,82,108,49,73,34,45,64,81,69,82,73,14,28,16,17,29,35,22,29,14,19,10,42,7,10,32,33,64,39,40,26,17,15,23,27,24,35,14,12,16,25,23,20,21,11,24,7,36,28,23,21,23,26,26,29,18,38,38,34,23,7,105,41,47,26,33,53,34,30,40,38,85,34,18,11,8,23,26,12,11,12,28,10,11,10,14,29,39,23,37,21,34,27,48,47,45,36,139,27,78,52,41,51,24,45,82,42,63,36,28,21,31,25,19,18,22,25,27,23,33,29,20,15,15,29,18,16,22,35,28,22,28,31,27,24,21,13,42,,,,,,,,,,,,,,,,,,,,,,,,,,,,,,26,29,11,31,18,29,18,24,18,19,23,10,18,16,,5,10,27,56,55,21,55,75,63,68,49,22,43,104,45,72,29,101,151,11,112,7,48,52,38,46,37,22,59,38,47,33,36,29,28,4,15,10,12,9,36,29,31,34,13,18,28,31,25,83,80,56,37,33,28,39,31,34,27,32,32,29,33,37,24,32,14,33,23,24,22,27,25,25,17,11,30,25,24,23,20,19,17,29,23,19,15,19,26,18,23,19,17,18,17,9,,4,19,24,16,13,22,19,22,,9,30,20,8,46,43,24,43,36,57,22,50,31,11,5,5,3,21,,3,5,23,27,16,19,26,20,33,53,17,,20,,19,,20,18,15,14,19,11,8,13,26,27,19,32,19,28,24,60,34,50,49,38,11,3,34,31,,,,30,,
20260402,10,PM10,82,78,144,74,59,122,125,71,77,68,113,131,124,76,67,122,54,144,204,75,80,88,100,120,84,111,78,88,71,113,97,97,85,36,40,31,30,49,50,39,45,55,47,56,76,20,15,67,44,74,77,57,43,39,23,25,47,39,53,23,22,66,42,31,37,33,42,37,34,85,81,68,76,68,44,51,68,62,98,92,67,63,19,142,94,63,62,47,98,75,86,60,55,129,72,81,38,20,34,50,34,12,26,59,30,22,23,64,62,78,76,86,73,116,89,87,114,117,71,159,112,162,118,57,66,53,101,141,69,116,77,80,49,54,36,29,40,48,44,56,33,70,64,45,48,33,49,17,31,37,73,76,76,56,76,161,229,92,43,83,,,,,,,,,,,,,,,,,,,,,,,,,,,,,,50,73,33,86,92,94,56,70,79,94,60,26,73,52,,28,58,128,93,98,65,112,148,127,134,112,84,82,323,297,64,67,287,321,31,131,14,67,68,91,73,74,44,93,84,92,47,79,42,48,24,24,19,32,34,41,46,69,59,35,61,58,51,58,134,118,64,64,67,58,62,71,63,73,60,51,77,76,49,37,68,24,26,37,31,36,47,31,33,21,35,63,51,52,46,62,48,50,66,58,50,18,33,28,47,24,32,26,26,28,32,,16,26,42,44,22,16,,41,,28,49,23,24,110,51,29,,45,72,28,74,42,19,10,30,18,118,,21,12,59,100,41,53,90,53,107,145,68,,66,,51,,41,64,31,40,55,34,29,22,88,105,66,116,87,66,76,181,47,165,218,86,74,21,42,65,,,,55,,
20260402,10,PM10_24h,66,65,112,82,71,107,116,32,45,76,119,116,108,65,58,98,90,101,130,62,74,58,118,143,71,102,62,77,73,106,94,94,84,26,42,30,24,43,48,36,42,25,30,20,81,17,16,52,92,87,56,53,46,29,30,33,37,33,47,26,22,28,33,39,35,31,26,38,19,82,64,41,56,56,46,40,54,46,105,69,61,57,16,131,136,93,117,103,88,130,110,58,58,112,91,112,20,19,30,37,19,19,17,39,17,20,24,32,44,61,63,52,59,87,48,104,93,119,64,188,59,102,81,63,82,43,70,101,59,91,64,54,37,39,36,34,25,41,39,41,34,57,41,33,24,35,45,36,27,37,69,60,69,56,74,81,88,52,43,168,,,,,,,,,,,,,,,,,,,,,,,,,,,,,,48,47,24,63,60,69,47,48,74,67,52,22,55,34,,13,40,51,105,81,45,79,103,103,110,69,44,63,160,86,99,41,114,218,28,148,17,72,74,66,80,54,31,81,66,67,49,59,46,45,16,24,16,18,16,46,40,45,43,24,35,40,44,47,114,110,86,53,47,53,52,57,58,47,55,50,48,67,50,37,59,26,49,39,28,34,33,40,46,22,27,42,44,39,35,38,32,30,43,42,39,33,32,43,45,39,47,25,27,22,21,,11,25,38,21,23,33,26,33,,13,42,30,15,86,56,35,54,49,77,29,67,43,20,12,23,18,26,,9,9,44,69,36,43,80,42,86,117,55,,51,,45,,43,47,27,29,37,25,26,22,78,82,59,103,59,56,89,175,113,176,215,91,36,14,73,67,,,,47,,
20260402,10,SO2,7,12,4,22,11,7,6,6,11,5,13,11,8,21,14,19,9,10,12,9,8,8,7,11,9,23,8,12,9,14,8,11,7,7,7,5,7,7,7,7,8,4,4,5,7,5,3,13,7,6,6,10,6,6,5,4,7,4,6,4,5,17,5,6,8,5,7,5,7,8,12,54,21,8,4,6,13,11,17,11,10,10,3,15,11,7,14,10,15,8,8,6,10,14,7,23,13,7,4,10,9,6,8,7,8,6,6,11,12,6,31,13,14,54,8,11,13,20,12,10,7,10,8,8,11,6,13,5,9,11,7,13,6,9,7,7,9,11,8,7,4,9,9,16,13,5,4,5,7,6,11,5,2,7,10,106,10,36,5,11,,,,,,,,,,,,,,,,,,,,,,,,,,,,,,6,3,4,7,9,23,8,12,22,55,10,5,18,11,,6,10,24,10,10,11,6,12,15,14,2,8,8,15,19,6,7,12,20,6,8,8,8,9,10,7,8,4,12,8,8,5,8,5,6,3,10,4,11,6,4,7,5,39,9,9,12,10,14,11,11,5,6,7,6,4,6,14,6,12,12,6,9,9,6,10,8,6,7,3,8,5,5,3,4,8,7,4,10,13,23,8,7,17,10,8,6,7,8,9,6,4,7,10,6,5,,6,8,7,9,4,9,7,5,,7,7,6,9,9,4,4,6,4,9,5,6,7,6,7,9,7,14,,11,6,7,20,14,6,143,10,12,10,8,,4,,8,,5,26,8,12,15,23,8,12,9,10,7,4,10,7,2,4,6,5,2,7,6,6,11,11,,,,6,,
20260402,10,SO2_24h,4,8,3,8,8,6,4,4,3,4,7,7,6,8,9,10,8,9,11,7,7,6,6,11,8,9,7,8,7,10,7,8,5,6,6,5,7,6,6,5,6,3,4,4,6,4,3,7,8,7,5,8,6,6,5,6,7,5,7,5,6,9,5,6,9,5,7,4,5,6,11,15,14,7,5,6,12,7,13,10,7,25,4,14,12,7,12,12,10,9,6,6,6,11,8,9,9,6,7,12,8,6,6,8,8,4,7,8,6,5,14,9,9,12,13,12,9,10,12,12,6,7,8,8,8,6,11,6,9,10,6,13,7,9,7,9,8,6,11,8,4,8,8,10,10,5,3,7,8,7,7,5,3,6,8,25,19,14,5,10,,,,,,,,,,,,,,,,,,,,,,,,,,,,,,6,3,5,5,8,11,7,8,12,31,12,5,10,6,,5,9,13,9,9,7,6,8,10,10,2,5,10,9,10,8,7,7,11,7,18,9,6,8,7,8,6,4,7,7,5,5,6,4,6,3,6,4,6,5,5,7,5,12,5,8,10,11,13,11,11,6,6,6,6,3,5,10,7,13,11,5,5,8,6,9,7,7,8,6,6,6,5,4,4,8,8,6,11,11,19,6,6,12,9,6,7,8,7,11,7,5,7,9,6,5,,6,8,4,10,4,11,6,4,,6,6,6,9,9,6,4,4,4,9,5,5,6,6,6,9,7,12,,7,6,6,7,6,8,22,11,11,6,8,,7,,7,,4,13,8,10,13,15,6,15,9,10,8,4,8,8,3,4,10,4,3,7,6,5,15,10,,,,7,,
20260402,10,NO2,26,42,27,25,14,25,32,19,19,28,32,26,21,28,29,48,24,24,28,34,23,51,25,38,19,42,41,36,33,20,33,20,18,30,38,24,22,47,40,33,49,36,23,22,18,12,15,27,15,24,28,25,32,35,11,13,35,13,19,17,12,43,17,6,23,22,16,12,13,33,39,26,50,35,31,33,35,27,29,22,25,21,12,32,27,13,33,17,20,30,33,15,14,53,28,33,31,13,11,22,14,9,15,23,36,12,14,32,26,15,26,32,18,39,29,32,29,39,25,32,16,30,18,17,14,35,23,24,21,14,23,13,35,22,17,14,25,34,13,30,5,23,23,21,21,8,36,14,15,7,22,33,24,24,22,49,10,52,28,29,,,,,,,,,,,,,,,,,,,,,,,,,,,,,,10,11,30,21,33,26,12,27,23,53,11,8,27,27,,6,7,23,22,19,18,14,26,27,29,11,13,16,33,35,11,7,26,40,8,22,2,13,17,19,18,51,11,20,17,20,14,16,20,18,10,16,10,22,18,15,24,31,27,20,26,28,16,26,16,24,15,23,16,17,11,16,13,31,16,16,27,20,13,12,17,12,11,15,13,25,22,13,19,14,41,17,29,34,29,22,28,16,28,16,34,18,16,14,21,12,32,9,26,10,13,,16,17,14,9,16,9,12,29,,8,30,9,10,28,12,6,,9,18,11,18,18,12,7,18,7,18,,12,11,31,60,17,25,38,33,30,37,29,,20,,35,,17,29,6,11,16,11,18,13,33,26,24,33,27,22,15,32,7,44,24,40,11,22,20,9,,,,5,,
20260402,10,NO2_24h,23,37,19,17,30,21,27,13,18,27,29,27,16,25,30,36,20,40,38,51,36,51,35,35,22,49,41,40,42,22,27,23,18,34,39,26,23,37,38,22,25,26,23,15,27,12,13,40,28,29,17,30,26,35,21,22,36,22,33,21,12,29,15,8,22,16,12,9,9,43,41,19,33,27,29,26,44,25,29,21,27,38,13,30,24,22,21,33,25,37,28,17,18,41,31,17,18,10,13,18,18,10,15,24,19,8,12,25,14,16,27,17,17,31,26,27,27,28,31,37,11,26,15,40,38,32,22,20,21,15,21,14,21,21,26,14,17,22,16,24,5,25,22,12,19,12,21,23,9,8,31,26,32,20,39,22,15,26,10,19,,,,,,,,,,,,,,,,,,,,,,,,,,,,,,11,12,19,14,24,23,11,23,29,34,13,8,15,20,,8,6,26,28,24,28,33,28,19,24,14,14,15,23,16,20,10,24,29,10,27,5,19,18,18,25,35,10,20,14,17,13,11,24,21,10,17,12,11,13,16,14,24,22,17,23,17,12,22,18,22,21,20,16,14,11,15,16,14,10,16,15,14,15,10,18,10,25,18,8,21,21,20,22,11,31,16,19,25,26,14,22,15,17,9,27,20,15,24,22,19,42,11,18,10,6,,11,11,10,6,16,10,8,16,,5,8,12,8,15,12,7,7,7,12,9,18,16,9,7,4,4,14,,3,4,21,48,13,19,32,28,25,21,21,,15,,12,,14,10,3,4,12,3,26,8,21,26,26,19,27,20,15,36,12,36,21,37,10,7,18,20,,,,7,,
20260402,10,O3,61,56,64,65,88,58,61,76,69,60,66,63,66,65,59,76,81,123,105,118,123,95,131,79,104,105,108,113,115,121,81,113,101,52,77,90,78,81,96,62,103,31,50,27,106,117,98,70,101,94,65,85,61,44,87,89,45,77,66,81,89,17,45,55,31,66,56,94,99,47,47,60,47,74,48,51,71,71,78,87,83,83,96,106,72,103,71,106,107,78,72,99,98,55,91,93,30,101,54,55,60,89,48,66,33,92,88,49,70,97,75,54,78,50,70,81,92,66,80,109,76,110,98,89,131,78,75,70,96,108,70,83,9,74,59,80,11,32,59,37,61,42,41,74,48,75,58,56,42,98,70,53,28,26,64,70,97,35,52,67,,,,,,,,,,,,,,,,,,,,,,,,,,,,,,109,102,67,84,68,82,92,58,50,52,91,81,54,74,,69,110,82,88,94,76,119,100,96,95,91,81,110,148,125,100,100,156,142,68,113,76,114,88,114,96,41,50,111,78,89,95,83,79,83,118,46,62,33,88,50,52,40,67,55,40,48,53,48,95,76,100,85,98,94,104,98,100,17,79,107,73,90,121,65,93,32,65,73,76,22,22,37,66,58,5,31,21,23,20,70,14,52,34,58,18,67,64,83,72,58,26,38,25,57,16,,29,65,63,67,62,61,72,22,,66,60,78,92,44,40,95,101,79,30,83,33,29,90,60,87,81,64,,67,77,12,31,15,29,93,37,52,36,55,,95,,32,,80,,85,88,91,90,,115,39,36,83,69,56,82,49,35,79,23,60,28,27,48,75,74,,,,59,,
20260402,10,O3_24h,61,56,64,65,88,58,61,76,69,60,66,63,66,65,59,76,81,123,105,118,123,95,131,79,104,105,108,113,115,121,81,113,101,52,77,90,78,81,96,62,103,31,50,27,106,117,98,70,101,94,65,85,61,44,87,89,45,77,66,81,89,17,45,55,31,66,56,94,99,47,47,60,47,74,48,51,71,71,78,87,83,83,96,106,72,103,71,106,107,78,72,99,98,55,91,93,30,101,54,55,60,89,48,66,33,92,88,49,70,97,75,54,78,50,70,81,92,66,80,109,76,110,98,89,131,78,75,70,96,108,70,83,9,74,59,80,11,32,59,37,61,42,41,74,48,75,58,56,42,98,70,53,28,26,64,70,97,35,52,67,,,,,,,,,,,,,,,,,,,,,,,,,,,,,,109,102,67,84,68,82,92,58,50,52,91,81,54,74,,69,110,82,88,94,76,119,100,96,95,91,81,110,148,125,100,100,156,142,68,113,76,114,88,114,96,41,50,111,78,89,95,83,79,83,118,46,62,33,88,50,52,40,67,55,40,48,53,48,95,76,100,85,98,94,104,98,100,17,79,107,73,90,121,65,93,32,65,73,76,22,22,37,66,58,5,31,21,23,20,70,14,52,34,58,18,67,64,83,72,58,26,38,25,57,16,,29,65,63,67,62,61,72,22,,66,60,78,92,44,40,95,101,79,30,83,33,29,90,60,87,81,64,,67,77,12,31,15,29,93,37,52,36,55,,95,,32,,80,,85,88,91,90,,115,39,36,83,69,56,82,49,35,79,23,60,28,27,48,75,74,,,,59,,
20260402,10,O3_8h,36,31,42,31,31,50,31,55,28,26,37,36,46,38,31,29,69,49,62,39,45,26,44,76,75,28,35,41,47,70,60,59,72,21,44,55,42,23,33,51,55,23,17,14,82,93,84,31,81,50,73,66,87,32,88,88,32,69,67,73,90,30,62,50,37,67,66,90,102,28,32,54,32,74,59,66,31,54,32,66,22,26,75,53,44,69,50,66,63,42,36,71,79,29,69,77,48,92,91,62,37,96,46,55,49,81,77,20,74,82,31,56,68,36,33,41,38,34,23,60,54,49,78,41,60,57,57,64,73,89,47,87,44,78,49,102,21,34,44,33,46,38,28,72,62,69,58,61,61,90,53,41,17,32,38,34,81,34,87,80,,,,,,,,,,,,,,,,,,,,,,,,,,,,,,112,89,72,81,25,40,97,35,26,45,86,59,51,46,,67,104,33,36,77,31,52,30,50,49,80,56,66,90,77,63,63,88,98,52,79,53,101,75,88,42,31,23,52,71,78,72,80,44,47,98,24,31,41,90,36,80,50,39,46,35,72,63,34,69,71,51,59,80,72,97,79,88,50,86,94,85,64,101,66,70,32,31,49,101,16,23,20,39,38,3,47,36,38,16,87,18,22,44,81,25,61,68,66,67,64,15,35,42,60,41,,30,64,66,64,44,54,62,37,,74,72,65,94,29,68,85,84,68,49,87,24,33,89,57,102,88,59,,94,80,30,7,25,45,34,35,18,28,56,,92,,71,,66,,89,84,76,96,47,101,42,21,58,84,26,87,58,19,82,33,57,25,38,80,102,50,,,,42,,
20260402,10,O3_8h_24h,36,28,40,31,31,45,30,54,28,24,37,35,45,36,31,28,68,49,62,39,44,26,44,53,74,28,35,41,47,70,60,59,70,21,44,53,42,23,33,48,55,20,16,13,82,93,84,31,81,50,62,66,78,30,88,85,31,69,65,73,90,22,56,44,35,64,65,89,101,28,31,48,29,73,56,62,31,54,32,64,22,26,75,50,42,69,46,66,62,42,36,71,79,29,68,75,39,92,84,62,37,93,46,55,42,79,77,20,64,82,31,46,60,35,33,41,38,34,23,60,46,49,78,41,60,57,57,56,73,89,46,82,32,73,48,89,17,33,44,21,44,38,27,66,62,69,57,61,55,90,53,39,17,27,38,34,81,32,75,76,,,,,,,,,,,,,,,,,,,,,,,,,,,,,,109,89,67,71,23,40,89,34,25,44,86,59,45,44,,64,104,33,36,32,31,52,30,50,49,80,56,66,90,77,63,63,88,95,52,79,53,100,73,88,41,28,22,52,65,74,70,76,44,47,98,24,31,37,84,36,73,42,38,45,33,66,55,33,68,66,51,59,80,72,96,79,88,31,82,94,79,64,101,63,67,30,31,49,91,16,17,20,39,38,3,43,30,33,15,80,14,22,41,73,19,61,66,66,62,64,15,31,37,60,28,,26,62,64,64,44,53,58,32,,73,69,65,93,28,30,81,84,68,38,85,21,29,80,56,99,83,53,,85,80,23,7,20,32,34,33,18,28,52,,91,,61,,66,,78,81,69,88,47,98,40,17,56,81,26,87,57,19,81,33,57,25,32,71,100,50,,,,42,,
20260402,10,CO,0.48,0.75,0.52,1.10,0.40,0.75,0.46,0.43,0.55,0.47,0.47,0.47,0.70,0.93,0.50,1.15,0.40,0.70,0.92,0.71,0.96,0.83,0.88,0.93,0.52,1.02,0.94,1.13,0.92,0.87,0.76,0.86,0.48,0.75,0.54,0.33,0.51,0.80,0.68,0.50,0.60,0.80,0.60,0.50,0.73,0.55,0.43,0.82,0.52,1.21,0.61,0.81,0.77,0.77,0.59,0.50,0.70,0.40,0.53,0.70,0.57,0.80,0.69,0.47,0.66,0.61,0.67,0.51,0.37,0.60,0.70,1.60,0.88,0.54,0.65,0.82,0.68,0.47,1.00,0.72,0.77,0.42,0.50,0.81,0.70,0.60,0.62,0.40,0.74,0.47,0.45,0.68,0.55,1.48,0.55,0.87,0.70,0.65,0.57,0.93,0.80,0.60,0.60,0.95,0.70,0.50,0.70,0.90,0.83,0.50,0.64,1.28,0.88,1.00,0.72,1.08,1.13,1.78,0.50,1.10,0.60,0.87,0.35,0.65,0.70,0.74,0.76,0.60,0.72,0.93,0.70,0.50,0.48,0.70,0.68,1.00,0.60,0.83,0.77,0.80,0.55,0.70,0.95,0.73,0.77,0.50,0.63,0.35,0.58,0.55,0.77,0.65,0.45,0.52,0.55,1.00,0.60,2.98,0.52,0.60,,,,,,,,,,,,,,,,,,,,,,,,,,,,,,0.38,0.50,0.60,0.90,0.27,0.70,0.63,0.50,0.40,1.03,0.57,0.20,0.80,0.45,,0.25,0.50,0.55,0.70,0.60,0.73,0.40,0.80,1.20,1.00,0.35,0.40,0.47,1.07,1.20,0.37,0.47,0.95,1.00,0.30,0.55,0.20,0.55,0.60,0.60,0.50,0.95,0.45,0.90,0.76,0.57,0.53,0.33,0.80,0.33,0.57,0.57,0.60,1.10,0.65,0.70,1.07,0.73,0.60,0.54,1.10,1.00,0.83,0.80,1.00,0.77,0.45,0.53,0.68,0.55,0.47,0.53,0.72,0.90,0.82,0.83,0.63,0.80,0.43,0.60,1.00,0.50,0.77,0.85,1.00,0.60,0.60,0.40,0.65,0.50,0.55,0.90,1.13,0.87,0.87,0.80,1.10,0.70,0.90,0.80,0.83,0.65,0.50,0.53,0.70,0.67,0.45,0.45,0.85,0.45,0.40,,0.40,0.50,0.47,0.73,0.65,0.55,0.65,0.75,,0.65,0.60,0.40,0.55,1.05,0.90,0.40,0.50,0.55,0.85,0.50,0.80,0.60,0.60,0.60,0.30,0.30,0.70,,0.40,0.60,0.73,0.80,0.60,0.50,1.30,0.50,0.50,0.70,0.50,,0.35,,0.80,,0.40,1.10,0.50,0.50,0.40,0.60,0.70,0.60,0.60,0.60,0.45,0.95,0.35,0.40,0.45,0.45,0.10,0.70,0.85,1.05,0.30,0.50,0.55,0.60,,,,0.80,,
20260402,10,CO_24h,0.41,0.54,0.38,0.63,0.40,0.65,0.37,0.33,0.30,0.43,0.30,0.38,0.55,0.53,0.46,0.71,0.49,0.66,0.81,0.67,0.85,0.81,0.93,1.04,0.48,0.74,0.89,0.76,0.78,0.80,0.72,0.90,0.42,0.65,0.50,0.33,0.42,0.72,0.63,0.43,0.60,0.60,0.50,0.45,0.70,0.45,0.45,0.72,0.64,1.06,0.47,0.67,0.73,0.75,0.66,0.60,0.70,0.60,0.67,0.70,0.60,0.57,0.63,0.55,0.63,0.49,0.60,0.48,0.40,0.55,0.67,0.75,0.54,0.42,0.60,0.68,0.64,0.38,0.70,0.63,0.47,0.53,0.57,0.83,0.60,0.70,0.44,0.50,0.68,0.50,0.35,0.57,0.47,1.36,0.50,0.52,0.63,0.70,0.70,0.87,0.75,0.60,0.50,0.83,0.60,0.50,0.70,0.70,0.53,0.40,0.63,0.72,0.65,0.68,0.60,0.86,0.65,0.76,0.68,1.23,0.48,0.67,0.33,0.73,0.90,0.70,0.61,0.67,0.62,0.73,0.50,0.38,0.38,0.60,0.68,0.90,0.45,0.77,0.80,0.71,0.50,0.55,0.77,0.75,0.77,0.50,0.53,0.40,0.48,0.53,0.63,0.50,0.45,0.44,0.40,0.50,0.90,0.72,0.42,0.40,,,,,,,,,,,,,,,,,,,,,,,,,,,,,,0.33,0.40,0.55,0.57,0.27,0.45,0.55,0.47,0.30,0.60,0.57,0.20,0.40,0.35,,0.25,0.45,0.55,0.67,0.55,0.57,0.50,0.80,0.90,0.95,0.40,0.35,0.37,0.80,0.57,0.53,0.47,0.55,0.83,0.35,0.70,0.20,0.50,0.56,0.45,0.65,0.63,0.45,0.65,0.62,0.40,0.45,0.17,0.90,0.37,0.57,0.63,0.60,0.70,0.45,0.70,0.80,0.70,0.55,0.54,0.95,0.93,0.78,0.65,1.00,0.73,0.55,0.38,0.50,0.57,0.40,0.33,0.80,0.70,0.74,0.70,0.55,0.60,0.43,0.60,0.80,0.45,0.98,0.75,0.90,0.50,0.53,0.45,0.65,0.45,0.35,0.70,0.72,0.77,0.77,0.60,0.93,0.70,0.70,0.70,0.60,0.65,0.40,0.63,0.50,0.72,0.60,0.45,0.65,0.50,0.30,,0.35,0.55,0.43,0.60,0.60,0.55,0.50,0.65,,0.55,0.30,0.30,0.50,0.75,0.55,0.40,0.50,0.50,0.75,0.45,0.70,0.60,0.55,0.55,0.30,0.30,0.70,,0.25,0.55,0.57,0.57,0.40,0.50,0.55,0.40,0.50,0.45,0.40,,0.40,,0.75,,0.40,0.60,0.40,0.30,0.30,0.40,0.50,0.50,0.47,0.55,0.45,0.80,0.15,0.50,0.40,0.50,0.20,0.60,0.70,1.00,0.30,0.30,0.75,0.60,,,,0.75,,
20260402,11,AQI,73,68,99,53,53,104,96,69,63,62,83,93,88,65,58,94,47,116,145,74,61,79,86,114,78,78,64,64,70,86,74,90,86,36,40,33,34,47,42,39,40,51,47,40,60,40,31,55,47,74,64,55,41,39,27,29,44,30,52,29,28,64,50,32,37,36,50,32,33,70,64,60,64,61,49,50,57,54,74,68,60,63,31,151,83,66,53,44,83,61,56,60,60,124,60,59,35,33,33,51,40,29,24,53,35,29,31,58,54,74,62,88,60,71,69,69,90,89,57,140,71,184,83,56,59,54,100,118,56,98,63,64,53,47,34,33,43,53,40,60,31,73,70,43,36,34,59,19,31,37,60,55,64,55,74,67,144,75,37,74,,,,,,,,,,,,,,,,,,,,,,,,,,,,,,44,56,33,58,57,65,54,57,63,66,59,26,67,49,,29,52,77,61,70,65,65,83,95,79,80,64,69,258,287,58,55,278,236,24,119,24,52,58,65,51,58,50,76,62,79,48,62,50,48,38,45,23,41,36,46,46,60,50,37,57,59,46,51,114,93,62,63,57,54,59,58,54,64,55,52,60,60,50,35,53,23,26,50,36,34,50,29,27,24,51,69,55,55,50,61,54,55,69,59,47,22,34,31,39,29,33,26,30,24,31,,14,27,49,51,34,18,41,51,,32,53,39,44,86,63,,66,53,74,34,81,41,28,21,30,27,31,,23,28,53,64,44,53,77,52,79,91,63,,59,,57,,31,53,34,36,46,33,54,56,70,75,53,79,59,54,63,107,47,124,138,80,55,28,48,60,,,,51,,
20260402,11,PM2.5,27,30,54,18,14,78,49,31,15,30,42,30,62,35,36,70,17,88,111,54,43,58,64,86,57,57,46,46,51,64,54,67,64,20,23,17,18,32,27,22,25,32,31,23,34,11,11,38,24,54,46,39,28,20,10,12,27,11,15,17,10,46,35,20,21,25,17,19,7,44,31,29,27,30,34,35,29,15,54,47,34,23,8,116,61,48,37,25,61,32,29,43,43,94,29,42,20,11,23,35,28,9,17,37,19,13,14,38,30,54,26,65,43,39,29,50,67,66,21,107,52,139,61,31,42,32,75,89,40,73,40,46,37,33,22,23,30,33,24,43,21,53,51,25,24,22,42,13,19,17,42,31,31,31,54,16,31,45,3,22,,,,,,,,,,,,,,,,,,,,,,,,,,,,,,19,17,20,26,13,34,22,33,6,16,23,7,32,23,,6,10,27,30,51,27,40,61,71,55,36,24,50,208,237,41,39,228,186,5,90,3,29,41,47,15,38,35,56,40,58,33,43,29,25,7,20,11,29,23,32,31,43,35,23,30,42,25,19,86,69,37,45,37,26,42,30,32,45,39,33,40,28,35,24,34,16,15,35,25,14,35,20,19,17,24,50,39,38,25,44,30,39,50,42,30,6,22,10,16,20,21,18,21,16,9,,3,17,34,36,17,9,29,23,,12,33,27,31,64,45,,48,37,54,24,60,29,15,3,3,3,18,,3,3,34,24,25,33,40,28,28,48,26,,29,,38,,13,16,14,11,23,8,,9,26,23,18,24,27,25,19,46,10,35,34,32,3,3,16,25,,,,28,,
20260402,11,PM2.5_24h,18,14,33,24,16,74,30,16,11,24,27,31,50,28,33,56,26,78,84,46,50,44,80,107,48,72,35,45,63,80,67,80,72,14,28,17,17,30,35,22,29,15,20,11,42,8,9,33,31,64,38,40,25,17,15,23,28,24,35,15,12,18,26,23,20,21,10,24,7,36,27,23,20,24,26,26,29,18,39,38,35,24,6,105,39,45,24,31,53,34,29,38,36,85,34,19,11,9,23,27,13,11,12,29,10,12,11,15,28,39,24,39,22,34,28,49,49,46,37,142,28,81,54,40,51,24,45,83,42,64,37,28,22,31,25,20,19,22,25,28,23,34,30,20,15,15,30,17,16,22,35,28,22,28,32,27,25,22,13,42,,,,,,,,,,,,,,,,,,,,,,,,,,,,,,25,28,12,31,18,29,18,25,18,19,23,10,19,17,,5,9,28,56,57,23,56,77,64,69,50,22,44,107,55,68,30,109,155,11,112,7,46,51,39,44,36,23,59,38,48,33,36,29,28,4,15,10,13,10,35,28,32,34,13,19,28,31,25,85,80,57,36,33,28,38,31,34,28,32,31,29,33,37,23,32,14,33,23,24,21,28,24,23,17,12,32,26,25,23,21,20,18,30,24,18,14,19,26,17,23,19,17,18,16,9,,4,19,25,17,14,21,20,22,,8,30,20,9,46,43,24,43,36,57,22,50,31,11,5,5,3,22,,3,5,24,27,16,19,27,20,33,52,17,,21,,19,,20,18,15,14,19,11,9,13,25,26,20,31,19,29,24,60,33,49,48,38,11,3,34,31,,,,29,,
20260402,11,PM10,95,86,148,55,56,124,142,88,76,74,116,135,125,80,65,113,47,127,208,77,71,80,95,113,72,79,73,72,61,80,78,81,76,36,37,28,27,47,39,39,40,51,47,40,70,31,19,59,47,77,76,56,41,39,25,29,44,30,53,29,22,71,45,32,37,32,50,31,32,89,78,69,78,71,40,48,64,57,96,86,69,76,22,131,88,68,48,44,89,71,62,59,58,147,70,53,35,20,32,51,33,15,21,55,35,28,25,66,57,75,73,80,68,92,88,79,109,124,64,132,73,178,110,61,65,58,96,132,61,92,76,75,47,44,34,30,38,56,40,59,31,72,67,43,36,34,56,16,31,37,69,59,78,59,82,83,238,99,37,98,,,,,,,,,,,,,,,,,,,,,,,,,,,,,,44,61,33,66,64,79,57,64,76,82,68,19,83,49,,29,53,104,71,81,79,80,109,114,107,110,78,76,307,267,60,58,280,260,17,121,11,54,60,79,52,66,40,82,73,71,48,74,50,48,29,45,17,31,36,45,46,68,46,37,64,62,46,51,114,100,73,69,63,57,53,65,58,77,60,53,69,70,47,35,56,23,26,,36,34,48,28,26,22,51,55,57,60,50,66,57,58,69,59,47,15,34,19,39,26,33,24,26,14,31,,11,26,38,52,34,18,,51,,32,56,35,18,113,69,,48,52,71,32,76,39,17,9,29,12,31,,21,7,55,78,44,56,103,54,107,132,76,,67,,63,,31,56,33,36,46,29,,61,89,100,56,107,68,57,75,164,47,197,225,110,59,28,48,70,,,,52,,
20260402,11,PM10_24h,69,65,114,80,70,109,118,35,47,77,118,117,109,66,60,99,87,103,135,62,73,59,117,142,70,100,63,77,73,105,92,92,83,27,43,30,24,44,49,37,43,27,32,20,81,18,15,53,91,86,54,54,46,30,30,33,38,34,49,27,23,30,34,39,35,31,27,38,20,83,65,41,56,56,45,40,55,46,103,70,60,58,16,131,135,92,113,101,87,129,109,58,56,114,92,106,21,19,30,38,20,19,17,41,18,20,24,34,44,62,65,53,60,88,51,102,91,115,64,190,60,106,84,63,82,44,70,103,58,92,64,54,37,39,36,35,26,42,40,42,34,58,42,34,25,35,46,34,27,36,70,60,70,55,73,81,94,55,43,163,,,,,,,,,,,,,,,,,,,,,,,,,,,,,,48,47,25,63,61,70,47,48,75,68,53,22,56,35,,14,40,55,100,82,47,81,105,104,112,72,45,64,167,97,92,42,122,223,27,147,17,71,74,67,78,54,32,80,66,68,49,59,46,46,16,25,16,19,18,46,40,47,44,25,37,41,44,48,114,110,87,52,48,53,52,57,58,48,54,51,48,68,50,37,58,26,48,38,29,34,35,40,42,23,28,44,46,40,36,37,33,31,44,42,39,32,32,42,45,38,47,25,27,22,22,,10,25,39,22,23,32,26,33,,14,42,30,15,86,55,35,53,49,77,29,67,43,19,12,23,18,26,,9,9,44,70,36,43,83,42,88,119,55,,51,,45,,42,47,27,30,38,25,25,24,77,82,60,101,58,56,90,172,107,172,214,93,37,14,73,67,,,,47,,
20260402,11,SO2,7,11,4,15,11,8,6,6,7,5,11,11,9,18,14,15,8,10,12,9,8,8,7,11,9,9,8,9,8,13,8,9,7,7,9,5,7,7,6,8,8,4,4,4,8,6,3,14,7,7,5,10,5,6,5,4,7,4,6,4,5,17,4,6,8,6,8,4,6,9,21,44,15,9,4,6,12,10,20,10,12,11,4,17,12,9,14,10,11,7,6,7,10,16,6,14,13,7,5,9,9,7,8,6,6,5,6,11,7,6,23,15,14,34,7,11,13,39,7,10,6,10,7,8,15,6,13,6,9,11,8,13,6,7,6,7,9,14,7,7,4,8,9,14,9,6,4,6,8,6,10,6,2,7,10,42,10,49,5,10,,,,,,,,,,,,,,,,,,,,,,,,,,,,,,5,3,4,7,6,18,8,12,13,49,10,5,22,9,,5,10,13,12,10,10,6,8,12,12,2,7,7,13,16,6,7,11,13,6,7,8,7,9,10,6,10,4,11,7,6,5,8,4,6,3,9,3,11,7,4,7,6,21,6,9,12,9,12,10,11,4,7,8,6,4,6,11,6,13,12,6,8,7,6,7,8,6,8,3,12,5,5,2,4,10,8,5,11,18,25,5,6,11,10,8,6,7,7,8,7,5,6,8,6,6,,6,11,6,8,4,9,7,5,,6,6,6,6,9,5,,5,5,9,6,6,7,5,6,10,6,,,9,7,6,10,15,9,87,11,12,8,7,,7,,9,,4,19,9,11,14,23,,16,9,9,7,6,14,9,3,5,17,6,1,7,7,6,11,11,,,,6,,
20260402,11,SO2_24h,5,8,3,8,9,6,5,4,3,4,6,7,6,8,9,10,8,9,11,7,7,6,6,11,8,9,7,8,7,10,7,8,5,6,6,5,7,6,6,6,6,3,4,4,6,4,3,8,8,7,5,8,6,6,5,5,7,5,7,5,6,10,5,6,8,5,7,4,5,6,10,16,14,7,5,6,12,7,14,10,7,25,4,14,11,7,12,11,10,9,6,6,6,11,8,9,9,6,7,12,8,6,7,8,8,4,7,8,6,5,14,9,9,12,13,12,9,12,12,12,6,7,8,8,8,6,11,6,9,10,5,13,7,9,7,10,8,6,11,8,4,8,8,9,9,6,3,7,8,7,7,5,3,7,8,26,19,16,5,10,,,,,,,,,,,,,,,,,,,,,,,,,,,,,,6,3,5,5,7,11,7,8,12,31,13,5,11,6,,5,9,13,9,9,7,6,8,10,11,2,5,10,9,11,8,7,7,11,7,18,9,6,8,7,8,6,4,7,7,6,5,7,4,6,3,6,4,7,5,5,7,5,13,5,8,10,11,13,11,11,6,6,6,6,3,5,10,7,13,11,5,5,8,6,9,7,7,9,6,6,6,5,4,4,8,8,6,11,12,19,6,6,12,9,6,7,8,7,11,7,5,6,9,6,5,,6,8,4,10,4,11,6,4,,6,6,6,9,9,6,4,4,4,9,5,5,6,6,6,9,7,12,,7,6,6,7,6,8,25,11,11,7,8,,7,,7,,4,13,8,10,13,15,6,15,9,9,8,4,8,8,3,4,10,4,3,7,6,5,15,10,,,,7,,
20260402,11,NO2,24,40,26,18,13,22,34,22,14,23,32,24,20,24,28,35,18,19,27,26,14,29,30,36,15,24,28,22,21,13,17,13,9,24,29,19,15,29,21,30,49,31,18,18,14,12,18,21,13,15,23,25,22,32,12,13,34,15,14,19,11,42,17,5,22,19,18,9,11,31,33,23,39,29,30,28,28,19,31,16,17,20,12,24,23,10,21,15,16,25,19,13,15,45,25,29,29,12,11,20,13,10,15,27,39,14,14,26,14,14,23,28,16,35,15,23,28,51,19,24,10,33,15,12,13,38,22,21,16,13,19,12,33,19,17,16,21,40,8,31,4,23,22,15,20,7,25,10,13,7,19,20,28,26,19,14,3,41,12,23,,,,,,,,,,,,,,,,,,,,,,,,,,,,,,9,9,29,16,14,21,8,22,20,36,11,6,28,16,,5,6,13,22,12,16,11,14,17,15,10,11,14,28,30,9,7,23,30,5,17,2,10,15,18,10,39,12,15,12,12,11,13,21,12,11,18,9,19,19,21,22,31,22,25,28,28,16,17,16,19,12,19,13,13,10,14,12,29,13,14,21,19,10,13,16,14,10,16,4,12,23,11,13,11,37,16,30,37,23,20,30,14,21,15,32,15,15,11,14,13,33,8,23,10,10,,13,8,11,6,14,9,7,31,,9,13,9,10,19,11,,8,8,16,9,21,7,7,7,11,5,15,,11,3,30,25,19,18,44,30,8,23,26,,16,,33,,9,13,3,7,6,6,10,16,29,21,12,20,17,14,15,28,12,43,22,39,9,8,19,6,,,,3,,
20260402,11,NO2_24h,24,37,20,18,29,21,28,14,18,27,28,27,17,25,31,37,20,40,38,51,36,51,35,35,22,50,42,40,42,22,27,22,18,35,39,26,23,38,38,23,27,27,24,15,26,12,13,41,28,28,17,30,26,35,20,21,37,22,33,21,12,30,15,8,22,16,12,10,9,43,41,20,34,27,29,27,45,25,30,21,27,39,13,30,24,23,21,32,25,37,28,17,18,41,31,18,19,10,12,18,18,10,16,25,20,9,13,26,13,16,28,17,17,32,27,27,28,30,31,37,12,27,16,39,37,32,22,21,21,15,21,14,22,21,26,15,17,23,16,24,5,25,22,12,19,12,21,23,9,8,31,26,32,20,39,22,14,27,10,19,,,,,,,,,,,,,,,,,,,,,,,,,,,,,,11,12,19,14,25,23,11,23,29,34,14,8,16,20,,8,6,26,28,25,28,33,28,19,24,14,13,15,23,17,20,10,25,29,9,26,5,18,18,18,24,37,10,20,14,17,13,11,24,21,10,17,12,12,13,16,14,25,22,17,23,18,13,22,18,22,21,20,16,14,11,15,16,15,10,16,15,15,15,11,18,10,25,18,7,21,22,20,21,11,32,17,20,25,26,14,23,16,18,9,28,20,14,23,21,19,43,11,18,10,6,,11,11,10,6,16,9,8,16,,5,8,12,8,15,11,7,7,7,11,9,18,16,9,6,4,4,14,,3,4,21,49,13,19,33,28,25,22,21,,15,,12,,13,10,3,4,12,3,26,8,21,25,26,19,28,20,14,35,12,35,21,37,10,7,18,20,,,,6,,
20260402,11,O3,70,69,98,77,90,89,62,85,88,77,80,82,85,89,70,100,92,130,122,141,137,138,138,99,114,136,133,135,145,142,112,130,126,84,127,107,108,121,134,79,97,68,77,52,124,128,98,84,111,115,94,87,78,54,87,90,46,78,79,85,89,37,43,66,38,81,56,101,106,53,65,80,61,88,51,59,87,92,80,111,93,87,99,134,89,118,99,116,122,103,105,121,110,88,117,107,31,104,49,52,64,92,46,51,31,93,99,82,102,118,88,79,100,69,98,100,113,76,89,139,90,129,102,117,139,75,86,97,121,108,91,85,14,79,67,86,32,24,59,37,67,46,63,91,62,90,72,60,47,108,80,83,39,29,71,110,111,68,72,77,,,,,,,,,,,,,,,,,,,,,,,,,,,,,,122,112,70,99,95,100,103,74,77,76,97,84,62,100,,72,114,98,86,112,93,115,126,118,110,94,95,115,165,139,99,102,156,156,77,118,78,129,107,119,116,71,62,129,104,108,107,100,90,108,123,44,73,44,100,51,51,42,76,47,41,45,57,81,103,91,114,95,107,107,114,100,104,35,98,114,89,100,123,66,100,38,70,72,87,62,25,51,70,61,27,32,23,21,32,88,11,56,37,64,22,71,76,99,97,55,24,58,33,77,27,,44,87,74,78,69,53,91,21,,67,99,88,95,91,67,,117,90,54,89,45,40,91,68,95,87,,,72,90,15,86,22,61,95,50,95,73,66,,103,,34,,86,,108,104,106,104,163,124,55,58,97,90,77,87,61,49,74,36,65,48,43,82,82,78,,,,67,,
20260402,11,O3_24h,70,69,98,77,90,89,62,85,88,77,80,82,85,89,70,100,92,130,122,141,137,138,138,99,114,136,133,135,145,142,112,130,126,84,127,107,108,121,134,79,97,68,77,52,124,128,98,84,111,115,94,87,78,54,87,90,46,78,79,85,89,37,43,66,38,81,56,101,106,53,65,80,61,88,51,59,87,92,80,111,93,87,99,134,89,118,99,116,122,103,105,121,110,88,117,107,31,104,49,52,64,92,46,51,31,93,99,82,102,118,88,79,100,69,98,100,113,76,89,139,90,129,102,117,139,75,86,97,121,108,91,85,14,79,67,86,32,24,59,37,67,46,63,91,62,90,72,60,47,108,80,83,39,29,71,110,111,68,72,77,,,,,,,,,,,,,,,,,,,,,,,,,,,,,,122,112,70,99,95,100,103,74,77,76,97,84,62,100,,72,114,98,86,112,93,115,126,118,110,94,95,115,165,139,99,102,156,156,77,118,78,129,107,119,116,71,62,129,104,108,107,100,90,108,123,44,73,44,100,51,51,42,76,47,41,45,57,81,103,91,114,95,107,107,114,100,104,35,98,114,89,100,123,66,100,38,70,72,87,62,25,51,70,61,27,32,23,21,32,88,11,56,37,64,22,71,76,99,97,55,24,58,33,77,27,,44,87,74,78,69,53,91,21,,67,99,88,95,91,67,,117,90,54,89,45,40,91,68,95,87,,,72,90,15,86,22,61,95,50,95,73,66,,103,,34,,86,,108,104,106,104,163,124,55,58,97,90,77,87,61,49,74,36,65,48,43,82,82,78,,,,67,,
20260402,11,O3_8h,40,36,47,38,40,51,33,58,36,29,43,40,51,43,35,37,70,62,72,53,60,42,56,77,79,44,48,54,61,77,66,69,76,29,53,59,50,37,48,51,59,24,24,18,87,95,85,39,85,57,73,69,87,35,89,88,33,71,68,75,90,30,62,50,38,67,66,90,105,33,37,54,35,76,59,66,38,59,39,68,33,33,77,59,46,77,51,75,70,49,44,76,84,37,73,78,48,95,91,62,43,96,46,56,49,81,79,29,74,86,39,57,68,42,39,50,49,40,33,72,58,60,81,51,72,60,60,64,77,90,51,95,44,79,52,102,21,34,47,35,46,40,32,72,63,71,59,61,61,92,57,46,20,32,41,43,83,37,87,82,,,,,,,,,,,,,,,,,,,,,,,,,,,,,,113,91,72,81,30,48,97,38,32,48,87,61,51,51,,67,106,43,44,37,41,63,43,57,52,82,63,73,100,89,68,68,98,100,55,86,57,103,77,91,52,34,27,63,71,80,75,80,49,58,100,27,38,41,90,39,80,50,41,46,36,72,63,39,72,71,58,63,83,77,99,84,91,50,87,97,85,69,104,66,74,32,38,54,101,23,23,26,42,44,4,47,36,38,18,87,18,28,44,81,26,64,69,69,67,64,18,36,44,60,41,,30,65,66,66,49,55,62,38,,74,72,68,94,32,69,103,89,71,49,87,24,33,90,57,102,88,59,,94,84,30,17,25,45,44,36,28,32,56,,92,,71,,70,,89,84,76,96,66,101,43,24,60,84,35,89,59,24,82,35,60,29,38,80,102,58,,,,47,,
20260402,11,O3_8h_24h,39,32,47,38,40,49,33,58,36,27,43,40,51,43,35,37,69,62,72,53,60,42,56,59,78,44,48,54,61,77,66,69,76,29,53,59,50,37,48,50,59,22,24,18,87,95,85,39,85,57,62,69,74,34,88,84,33,71,66,75,90,22,53,46,35,64,64,90,105,33,36,49,32,76,55,61,38,59,39,67,33,33,77,59,46,77,51,75,69,48,44,76,84,37,73,76,35,95,79,62,43,93,46,55,39,80,79,29,63,86,39,47,61,41,39,50,49,40,33,72,51,60,81,51,72,58,60,59,77,90,51,82,28,74,51,87,19,31,47,22,45,40,31,66,62,71,57,61,53,91,57,44,20,27,41,43,83,36,71,77,,,,,,,,,,,,,,,,,,,,,,,,,,,,,,109,91,66,72,30,48,88,38,32,48,87,61,44,50,,64,106,43,44,37,41,63,43,57,52,81,63,73,100,89,68,68,98,100,55,86,57,103,77,91,52,31,26,63,67,77,75,77,49,58,100,27,38,38,84,39,69,40,41,45,34,61,52,39,71,67,58,63,83,77,98,84,91,30,83,97,79,69,104,62,72,30,38,54,90,23,16,26,42,44,4,40,28,33,17,79,13,28,40,70,18,64,67,69,65,62,18,33,37,60,26,,27,63,64,66,49,53,58,31,,72,70,68,92,32,34,78,89,71,38,85,23,30,82,57,98,83,51,,82,84,20,17,19,33,44,35,28,32,52,,92,,56,,70,,78,83,70,89,66,99,42,22,56,80,35,89,57,24,80,34,60,29,32,70,98,58,,,,47,,
20260402,11,CO,0.49,0.72,0.52,0.83,0.35,0.70,0.44,0.47,0.50,0.47,0.50,0.40,0.73,1.02,0.54,0.94,0.33,0.61,0.80,0.71,0.88,0.79,0.82,0.87,0.50,0.80,0.86,0.73,0.74,0.73,0.66,0.74,0.45,0.66,0.57,0.33,0.45,0.75,0.53,0.50,0.65,0.73,0.60,0.50,0.79,0.55,0.43,0.95,0.52,1.32,0.56,0.83,0.69,0.77,0.57,0.50,0.67,0.40,0.50,0.70,0.57,0.73,0.72,0.45,0.63,0.55,0.67,0.52,0.35,0.63,0.80,1.60,0.60,0.48,0.62,0.77,0.67,0.38,1.04,0.63,0.73,0.42,0.50,0.67,0.67,0.60,0.46,0.40,0.64,0.47,0.35,0.65,0.47,1.54,0.50,0.75,0.70,0.60,0.60,0.90,0.80,0.60,0.70,0.90,0.70,0.50,0.70,0.80,0.57,0.50,0.53,1.20,0.90,0.85,0.60,1.13,1.07,3.76,0.42,0.97,0.40,0.87,0.28,0.62,0.70,0.70,0.74,0.57,0.70,0.87,0.65,0.47,0.48,0.60,0.68,1.03,0.60,0.93,0.73,0.85,0.55,0.68,0.90,0.98,0.75,0.50,0.63,0.40,0.55,0.50,0.77,0.60,0.50,0.60,0.55,0.50,0.57,2.72,0.36,0.50,,,,,,,,,,,,,,,,,,,,,,,,,,,,,,0.30,0.50,0.65,0.80,0.13,0.75,0.60,0.50,0.37,0.73,0.57,0.20,0.90,0.40,,0.25,0.50,0.40,0.63,0.60,0.73,0.33,0.60,0.85,0.80,0.35,0.35,0.37,1.00,1.10,0.37,0.47,0.85,0.80,0.30,0.50,0.15,0.53,0.52,0.50,0.33,0.97,0.50,0.80,0.77,0.50,0.45,0.23,0.78,0.30,0.53,0.57,0.60,1.05,0.60,0.67,1.03,0.82,0.55,0.54,1.00,1.10,0.83,0.75,0.86,0.68,0.50,0.55,0.62,0.57,0.47,0.50,0.80,0.85,0.84,0.60,0.63,0.80,0.43,0.60,1.00,0.50,0.75,0.80,1.00,0.45,0.57,0.35,0.60,0.45,0.50,0.90,1.07,0.85,0.80,0.80,1.13,0.80,0.85,0.80,0.90,0.65,0.40,0.45,0.60,0.67,0.42,0.40,0.60,0.45,0.30,,0.35,0.60,0.45,0.73,0.60,0.55,0.55,0.75,,0.65,0.40,0.30,0.50,0.90,0.80,,0.40,0.55,0.85,0.40,0.80,0.30,0.40,0.55,0.30,0.30,0.60,,0.40,0.55,0.80,0.37,0.60,0.55,1.00,0.45,0.30,0.45,0.65,,0.35,,0.90,,0.35,0.50,0.50,0.40,0.30,0.40,0.50,0.60,0.57,0.50,0.35,0.75,0.50,0.35,0.45,0.40,0.40,0.65,0.75,0.95,0.20,0.30,0.60,0.55,,,,0.70,,
20260402,11,CO_24h,0.42,0.53,0.38,0.63,0.40,0.65,0.37,0.33,0.30,0.43,0.30,0.38,0.55,0.55,0.48,0.72,0.46,0.66,0.82,0.68,0.84,0.81,0.93,1.03,0.48,0.78,0.91,0.76,0.78,0.78,0.68,0.88,0.42,0.65,0.50,0.33,0.42,0.72,0.63,0.43,0.60,0.60,0.50,0.45,0.70,0.45,0.45,0.73,0.62,1.07,0.47,0.68,0.73,0.75,0.65,0.60,0.70,0.60,0.67,0.70,0.60,0.57,0.63,0.52,0.63,0.48,0.60,0.48,0.40,0.56,0.67,0.75,0.54,0.42,0.57,0.68,0.64,0.40,0.76,0.63,0.53,0.53,0.53,0.83,0.60,0.70,0.42,0.48,0.68,0.50,0.35,0.60,0.43,1.36,0.50,0.52,0.63,0.70,0.67,0.87,0.75,0.60,0.50,0.87,0.60,0.50,0.70,0.70,0.53,0.40,0.63,0.77,0.65,0.68,0.60,0.88,0.67,0.92,0.68,1.25,0.48,0.67,0.33,0.70,0.90,0.70,0.60,0.65,0.62,0.73,0.50,0.38,0.38,0.60,0.68,0.90,0.50,0.77,0.80,0.71,0.50,0.60,0.77,0.72,0.77,0.50,0.53,0.40,0.48,0.53,0.63,0.50,0.45,0.44,0.40,0.50,0.90,0.80,0.42,0.40,,,,,,,,,,,,,,,,,,,,,,,,,,,,,,0.33,0.40,0.55,0.57,0.27,0.45,0.55,0.47,0.33,0.60,0.57,0.20,0.45,0.35,,0.25,0.45,0.57,0.67,0.55,0.57,0.47,0.80,0.90,0.95,0.40,0.30,0.37,0.80,0.60,0.50,0.47,0.60,0.83,0.35,0.70,0.20,0.50,0.56,0.45,0.63,0.65,0.45,0.70,0.62,0.43,0.45,0.20,0.90,0.37,0.53,0.67,0.60,0.70,0.45,0.70,0.77,0.68,0.55,0.54,0.95,0.93,0.80,0.65,0.98,0.73,0.55,0.38,0.50,0.57,0.40,0.37,0.80,0.70,0.74,0.70,0.55,0.70,0.43,0.60,0.80,0.45,0.97,0.75,0.90,0.50,0.53,0.45,0.60,0.45,0.35,0.73,0.72,0.77,0.83,0.60,0.97,0.70,0.65,0.70,0.60,0.65,0.40,0.57,0.50,0.72,0.60,0.45,0.65,0.50,0.30,,0.35,0.55,0.40,0.63,0.60,0.55,0.50,0.65,,0.55,0.30,0.30,0.50,0.75,0.55,0.40,0.50,0.50,0.75,0.45,0.70,0.60,0.55,0.55,0.30,0.30,0.70,,0.25,0.55,0.57,0.57,0.40,0.50,0.60,0.40,0.50,0.45,0.40,,0.45,,0.75,,0.40,0.50,0.40,0.30,0.30,0.30,0.60,0.50,0.47,0.50,0.45,0.80,0.25,0.50,0.40,0.45,0.20,0.55,0.70,1.00,0.30,0.30,0.70,0.60,,,,0.75,,
20260402,12,AQI,80,77,93,51,56,100,99,67,64,68,83,88,101,64,60,80,39,94,115,71,55,69,81,84,63,69,63,59,65,68,58,60,68,53,46,39,40,53,48,38,43,51,33,26,59,43,31,59,46,76,57,61,39,36,28,31,45,28,50,30,29,70,56,33,37,30,53,33,34,70,61,53,58,59,43,53,53,50,62,72,45,56,31,105,88,75,59,51,68,59,51,61,59,133,67,53,42,34,33,52,30,30,37,47,36,35,33,54,35,60,65,76,57,64,64,70,79,73,61,101,54,164,74,53,55,53,94,111,54,89,53,63,49,37,34,30,36,54,37,76,31,70,64,34,28,39,55,20,34,37,61,52,64,59,76,67,124,68,37,78,,,,,,,,,,,,,,,,,,,,,,,,,,,,,,43,52,37,56,37,62,52,61,59,62,67,27,69,41,,24,52,73,67,75,71,71,69,76,65,66,56,54,251,235,49,65,240,213,25,110,25,55,57,60,41,53,54,65,56,66,42,58,42,44,38,31,24,44,44,43,49,61,41,36,46,61,42,43,106,80,55,57,53,53,59,54,55,63,56,51,57,65,51,36,52,23,23,50,34,30,51,30,27,26,42,70,60,53,54,65,51,57,79,65,42,21,30,33,40,33,33,24,29,26,36,,16,29,44,56,26,24,34,51,,42,54,40,30,86,64,,49,63,76,33,79,41,29,22,32,29,29,,26,31,55,59,47,56,62,51,67,79,67,,54,,57,,29,36,36,37,36,36,31,40,69,74,45,74,58,52,60,96,63,104,121,70,39,28,62,58,,,,46,,
20260402,12,PM2.5,35,40,45,15,12,75,45,31,16,38,39,45,76,39,32,59,13,70,86,52,31,50,60,62,45,50,45,42,47,49,38,43,49,29,20,21,17,37,31,21,24,29,20,11,34,12,12,39,19,56,39,44,27,19,11,13,28,12,16,17,10,51,40,21,23,21,23,18,8,48,32,22,21,25,30,37,26,9,41,50,20,17,10,79,65,55,42,21,49,35,26,44,42,101,33,37,24,12,22,35,21,11,24,31,20,15,16,32,19,43,24,56,31,30,18,51,58,34,23,76,36,125,53,26,38,36,70,84,38,66,30,45,32,25,18,21,25,26,24,56,22,51,46,21,14,21,39,14,24,14,44,32,31,38,56,17,29,28,3,26,,,,,,,,,,,,,,,,,,,,,,,,,,,,,,16,27,23,35,11,39,23,44,6,16,33,10,37,11,,3,14,39,30,55,17,40,50,56,34,29,26,38,201,185,33,47,190,163,6,83,3,29,39,43,15,32,38,47,29,48,28,36,24,19,11,22,11,31,25,30,31,44,28,24,29,44,24,18,80,59,38,34,29,29,42,32,30,45,39,32,38,30,36,25,29,14,14,35,24,9,36,21,19,18,25,51,43,34,37,47,33,40,58,47,27,7,21,9,14,23,22,17,20,18,9,,3,14,31,40,18,9,24,28,,20,33,24,10,64,34,,34,45,56,20,58,24,11,3,3,3,13,,3,3,34,24,26,40,26,23,24,41,30,,31,,34,,8,16,16,10,19,6,,9,23,23,12,24,22,23,16,42,39,37,33,27,3,3,27,18,,,,26,,
20260402,12,PM2.5_24h,20,15,34,24,16,74,31,16,12,24,24,31,51,29,34,57,25,79,86,46,48,45,79,106,48,70,36,46,62,78,66,78,70,15,28,18,17,31,36,23,30,15,20,11,42,8,8,33,30,63,36,40,25,18,16,23,28,24,35,15,12,20,27,22,20,22,11,24,7,37,27,23,20,24,26,27,30,18,41,39,35,25,6,105,38,45,24,29,52,34,27,37,35,85,34,20,12,9,23,27,14,11,13,30,11,12,11,16,29,39,25,41,22,34,29,50,50,46,38,142,28,83,54,40,51,24,46,84,41,65,37,28,22,30,25,21,20,23,26,30,23,35,31,20,15,15,30,17,16,22,36,29,23,28,32,26,25,23,13,41,,,,,,,,,,,,,,,,,,,,,,,,,,,,,,25,28,13,32,19,30,18,25,18,19,24,10,20,17,,5,10,29,56,59,23,57,78,65,69,51,22,44,112,62,64,32,117,158,11,108,7,45,50,39,43,35,25,58,38,49,33,36,29,29,4,16,11,14,10,35,26,33,34,14,19,29,31,25,86,80,57,35,33,28,39,31,33,29,31,32,29,33,36,23,32,14,32,24,24,21,28,24,22,17,13,33,28,25,25,22,21,19,32,25,18,13,19,25,17,23,20,17,18,17,9,,4,19,25,18,13,21,20,22,,9,30,20,10,47,42,25,42,36,57,22,51,31,11,5,5,3,21,,3,5,25,28,16,20,27,21,33,54,18,,21,,20,,20,18,15,14,19,11,9,13,25,26,20,31,20,28,24,58,32,48,47,39,11,3,34,30,,,,29,,
20260402,12,PM10,110,103,136,52,62,114,148,83,77,86,116,126,125,78,69,97,39,99,180,74,60,73,87,88,62,71,70,66,62,68,65,57,60,55,36,33,27,52,44,38,35,51,32,25,68,24,23,67,46,70,64,56,36,36,26,31,45,28,50,30,24,75,55,33,37,30,56,29,30,89,72,55,66,68,39,49,56,50,73,94,45,61,26,94,93,75,52,51,81,67,51,60,59,129,84,49,42,22,33,53,28,18,37,47,36,35,31,57,35,70,79,73,63,77,77,83,101,95,71,100,58,146,98,55,59,56,93,115,55,86,56,68,49,37,34,27,28,57,37,64,28,69,60,34,22,39,55,18,33,37,69,54,77,68,82,83,198,85,37,105,,,,,,,,,,,,,,,,,,,,,,,,,,,,,,43,54,37,62,37,73,54,68,67,74,83,15,88,41,,24,53,96,84,99,91,91,82,85,79,81,61,56,294,220,49,70,258,221,22,123,10,60,63,69,41,56,54,69,61,67,42,65,42,44,26,27,14,36,44,40,49,69,41,36,46,56,42,43,109,97,60,64,55,56,61,57,59,68,62,52,63,79,50,35,53,23,23,,29,30,48,28,,21,42,56,69,56,57,73,51,63,60,65,42,13,26,18,40,24,33,22,26,,36,,10,26,40,46,25,24,,52,,42,58,40,18,111,77,,36,53,69,33,77,41,13,7,24,12,29,,16,8,60,68,47,59,73,52,83,108,83,,57,,63,,28,36,29,27,32,22,,18,87,98,45,97,66,53,70,141,76,158,192,90,39,24,73,65,,,,46,,
20260402,12,PM10_24h,73,66,117,80,70,109,121,38,49,78,113,119,109,67,62,99,84,105,139,63,73,61,115,140,69,99,64,77,73,104,91,89,82,29,43,31,24,46,50,38,43,28,33,21,81,18,14,54,89,85,53,54,46,31,30,34,39,34,50,27,24,33,35,38,36,31,28,37,21,83,65,41,56,56,45,41,55,47,101,72,59,59,16,130,132,92,105,100,87,128,107,57,55,114,94,101,23,19,30,39,20,20,18,42,20,20,25,36,44,61,66,55,60,88,54,101,91,109,65,189,60,107,86,63,83,45,70,104,57,93,64,54,38,38,36,35,26,43,41,44,33,59,43,34,25,36,46,33,27,37,70,59,71,55,74,81,97,57,43,160,,,,,,,,,,,,,,,,,,,,,,,,,,,,,,48,47,26,63,61,71,47,49,75,69,56,22,58,36,,14,40,57,97,83,50,82,106,106,113,75,46,65,173,104,86,45,129,224,27,143,16,69,73,67,77,54,34,79,66,69,48,59,47,47,16,26,17,20,19,45,39,48,44,26,37,42,45,48,116,111,88,51,48,52,52,57,58,49,53,51,48,70,50,36,58,26,47,39,29,34,36,40,41,23,29,45,47,42,38,38,34,33,46,43,39,31,32,40,44,37,47,26,28,22,23,,10,25,39,24,23,32,26,34,,16,42,30,15,87,56,36,53,49,76,29,68,43,19,12,24,18,27,,10,9,45,71,37,43,84,42,89,119,57,,51,,46,,42,46,27,29,38,24,25,25,77,82,60,99,57,54,90,168,102,167,212,93,36,15,73,67,,,,47,,
20260402,12,SO2,6,11,7,14,14,8,6,7,6,5,10,9,9,15,14,13,7,8,11,9,7,7,8,9,9,12,7,7,8,14,8,8,6,8,7,5,7,6,6,7,9,4,2,5,8,5,3,14,7,9,5,10,5,5,5,4,7,4,6,4,5,14,5,6,8,5,8,4,5,9,24,24,13,9,4,6,12,9,18,10,8,9,4,22,12,7,13,9,10,7,6,8,10,22,8,12,13,7,5,6,9,7,8,5,6,5,7,9,4,5,18,16,11,18,21,13,13,22,9,9,9,9,8,7,13,7,13,5,8,11,7,14,7,6,6,7,9,12,7,7,4,8,8,8,8,6,4,5,10,5,10,6,3,10,11,30,11,33,5,12,,,,,,,,,,,,,,,,,,,,,,,,,,,,,,5,2,4,5,4,16,9,13,9,31,8,5,22,6,,5,9,16,12,10,9,6,8,9,10,1,7,6,12,15,6,6,9,11,6,7,7,7,9,9,7,10,5,10,7,6,5,6,4,5,3,8,3,10,7,4,6,4,18,3,8,11,8,9,10,12,5,6,7,7,4,5,9,7,14,15,6,11,5,6,7,8,6,9,3,9,9,4,1,5,10,8,5,12,27,23,5,6,8,10,5,6,7,6,8,6,4,7,10,6,6,,7,10,5,7,4,10,7,6,,5,6,6,8,10,6,,4,5,9,6,6,7,5,7,10,6,5,,7,6,6,5,14,11,40,11,11,9,17,,7,,9,,5,13,7,10,14,18,5,15,9,10,5,6,13,8,4,5,32,5,2,8,7,5,23,11,,,,7,,
20260402,12,SO2_24h,5,8,3,8,9,6,5,4,3,4,6,7,6,8,9,11,8,9,11,7,7,6,6,11,8,9,7,8,7,10,7,8,5,6,6,5,7,6,6,6,6,3,4,4,6,4,3,8,8,7,5,8,6,6,5,5,7,4,7,5,6,10,5,6,8,5,7,4,5,6,11,16,13,7,5,6,12,7,14,10,8,25,4,15,11,7,12,11,10,8,6,6,6,11,8,9,10,7,6,11,8,6,7,8,8,4,7,8,6,5,15,10,9,13,14,12,9,12,13,12,6,7,8,8,8,6,11,5,8,10,5,13,7,9,7,10,8,6,11,9,4,8,8,9,9,6,3,6,8,7,7,5,3,7,8,26,17,17,5,10,,,,,,,,,,,,,,,,,,,,,,,,,,,,,,6,3,4,5,7,11,7,8,12,31,13,5,11,7,,5,9,14,9,9,8,6,8,10,11,2,5,10,9,11,8,7,8,12,7,18,9,6,8,7,7,6,4,7,7,6,5,7,4,6,3,6,4,7,5,5,7,5,13,5,8,10,11,13,11,11,6,6,6,6,3,5,10,7,12,11,5,6,8,6,9,7,7,9,6,6,6,5,4,4,8,8,6,11,12,19,6,6,12,9,5,7,8,7,10,7,5,6,9,6,5,,6,8,4,9,4,11,6,4,,6,6,6,9,9,6,4,4,4,9,5,5,6,6,6,9,7,12,,7,6,6,7,7,8,26,11,11,7,8,,7,,7,,4,13,8,10,13,15,6,15,9,9,8,4,9,7,3,4,11,4,3,7,6,5,15,10,,,,7,,
20260402,12,NO2,25,38,23,17,15,16,33,20,14,22,33,23,17,22,25,28,14,14,22,21,11,20,29,27,12,20,25,19,18,12,10,11,7,23,24,20,11,18,13,24,47,22,12,13,14,12,18,20,10,16,15,26,20,28,11,12,36,15,13,19,10,42,15,5,19,15,17,7,8,30,32,13,33,17,27,28,24,12,23,18,8,17,14,16,21,12,14,13,14,22,12,13,12,33,25,20,30,12,10,19,10,10,19,13,35,12,13,18,5,13,20,21,13,27,12,24,26,27,18,18,8,25,15,9,10,36,21,18,14,11,14,11,34,16,15,8,15,31,8,34,3,20,18,9,14,8,20,13,15,7,18,17,29,22,16,7,3,23,9,18,,,,,,,,,,,,,,,,,,,,,,,,,,,,,,9,8,26,8,4,16,7,21,16,25,11,5,23,10,,6,7,20,21,17,14,10,13,13,9,6,12,8,28,25,7,8,22,26,7,17,2,9,13,17,12,30,13,13,9,8,10,8,21,10,11,17,9,17,18,15,23,35,16,27,26,25,15,10,14,16,11,15,11,12,11,11,12,27,14,17,15,17,9,14,15,12,9,16,4,4,18,10,11,11,38,17,29,34,26,18,29,13,20,15,29,16,12,9,9,10,29,9,17,7,7,,11,6,9,5,11,8,7,27,,10,4,8,13,12,10,,5,6,14,8,16,11,7,4,7,4,,,8,2,27,18,18,14,19,33,6,12,28,,17,,32,,7,8,2,2,3,2,,10,27,15,15,10,15,13,14,23,11,44,16,14,9,4,20,8,,,,3,,
20260402,12,NO2_24h,25,38,20,18,30,21,29,14,19,28,28,27,17,25,32,37,20,40,38,50,36,51,34,35,22,49,42,40,43,22,27,22,18,35,40,26,23,38,38,23,28,27,24,15,26,12,13,41,28,27,17,31,26,36,20,20,38,22,32,22,12,32,15,7,22,15,12,10,9,43,41,20,34,27,29,28,45,25,30,21,27,39,13,30,24,23,21,32,25,37,27,17,17,41,31,18,20,10,12,18,18,10,17,24,21,9,13,26,13,16,28,18,17,32,27,28,29,31,32,37,12,28,16,39,37,33,23,20,21,15,21,14,22,21,26,15,17,24,16,26,5,25,22,12,19,12,20,22,9,8,31,26,33,21,39,22,14,27,10,19,,,,,,,,,,,,,,,,,,,,,,,,,,,,,,11,12,20,14,24,23,10,23,29,34,14,8,16,21,,8,6,27,28,25,29,34,29,19,24,14,14,15,24,18,19,10,26,30,9,26,5,18,18,18,24,37,10,20,14,17,13,11,24,21,10,18,12,13,13,16,14,25,23,18,24,18,13,22,18,23,21,20,15,14,11,15,16,15,10,17,15,15,15,11,18,10,24,18,7,20,22,19,21,11,33,17,21,26,27,15,24,16,18,9,28,20,14,22,21,19,43,11,19,10,5,,11,10,9,6,16,9,8,17,,5,8,11,8,15,11,8,7,7,11,9,18,16,9,6,4,4,15,,3,3,22,49,14,19,33,29,25,22,21,,15,,13,,13,10,3,4,11,3,26,9,22,25,26,19,28,19,14,34,12,36,21,37,10,7,17,19,,,,6,,
20260402,12,O3,78,83,98,87,93,122,73,98,99,89,94,108,112,108,81,115,100,129,121,159,147,162,146,118,118,157,149,149,163,149,130,133,134,115,148,126,127,146,153,110,136,100,105,83,139,137,99,85,124,139,115,88,82,65,91,91,54,81,87,90,93,63,44,77,47,91,58,105,110,65,82,111,85,102,60,61,100,110,97,122,106,95,98,142,102,124,116,128,130,115,122,132,125,117,113,137,27,109,51,45,81,95,47,61,32,98,106,88,107,140,103,105,118,96,104,98,125,91,95,139,91,150,108,138,152,86,95,114,129,113,113,91,19,81,71,93,60,35,56,36,70,51,94,100,90,101,92,56,48,112,84,93,49,58,80,122,108,107,83,80,,,,,,,,,,,,,,,,,,,,,,,,,,,,,,126,117,84,112,106,118,108,89,108,97,105,86,87,110,,78,116,98,99,114,109,112,124,119,112,99,102,118,178,140,98,105,155,162,81,124,79,137,120,126,121,105,78,140,121,122,121,112,104,128,123,46,78,61,115,74,44,37,88,47,49,48,66,97,116,108,126,110,113,109,127,107,102,50,95,108,98,97,121,70,110,51,74,77,93,89,38,57,78,59,17,34,24,27,20,112,35,54,40,71,32,68,90,104,109,56,31,69,41,66,50,,52,93,89,95,78,63,101,32,,68,101,99,97,123,95,,119,113,89,92,75,44,93,69,102,93,,,84,98,22,100,30,101,95,59,107,101,71,,113,,41,,94,,116,119,115,115,100,129,70,90,100,111,89,95,78,63,83,47,78,81,70,90,78,84,,,,73,,
20260402,12,O3_24h,78,83,98,87,93,122,73,98,99,89,94,108,112,108,81,115,100,129,121,159,147,162,146,118,118,157,149,149,163,149,130,133,134,115,148,126,127,146,153,110,136,100,105,83,139,137,99,85,124,139,115,88,82,65,91,91,54,81,87,90,93,63,44,77,47,91,58,105,110,65,82,111,85,102,60,61,100,110,97,122,106,95,98,142,102,124,116,128,130,115,122,132,125,117,113,137,27,109,51,45,81,95,47,61,32,98,106,88,107,140,103,105,118,96,104,98,125,91,95,139,91,150,108,138,152,86,95,114,129,113,113,91,19,81,71,93,60,35,56,36,70,51,94,100,90,101,92,56,48,112,84,93,49,58,80,122,108,107,83,80,,,,,,,,,,,,,,,,,,,,,,,,,,,,,,126,117,84,112,106,118,108,89,108,97,105,86,87,110,,78,116,98,99,114,109,112,124,119,112,99,102,118,178,140,98,105,155,162,81,124,79,137,120,126,121,105,78,140,121,122,121,112,104,128,123,46,78,61,115,74,44,37,88,47,49,48,66,97,116,108,126,110,113,109,127,107,102,50,95,108,98,97,121,70,110,51,74,77,93,89,38,57,78,59,17,34,24,27,20,112,35,54,40,71,32,68,90,104,109,56,31,69,41,66,50,,52,93,89,95,78,63,101,32,,68,101,99,97,123,95,,119,113,89,92,75,44,93,69,102,93,,,84,98,22,100,30,101,95,59,107,101,71,,113,,41,,94,,116,119,115,115,100,129,70,90,100,111,89,95,78,63,83,47,78,81,70,90,78,84,,,,73,,
20260402,12,O3_8h,45,42,55,46,50,58,40,64,45,38,50,49,59,50,41,50,72,76,82,70,75,58,70,82,82,60,64,70,79,86,73,80,80,43,66,67,61,55,61,57,72,30,36,27,94,101,88,46,89,67,73,72,87,40,89,89,35,72,70,77,91,32,62,50,39,67,66,92,105,38,43,57,39,79,60,66,49,66,47,74,46,44,81,70,54,85,59,84,80,58,55,83,90,46,77,83,48,97,91,62,49,96,47,59,49,82,83,39,74,96,49,59,68,49,49,59,61,47,43,83,57,75,84,65,87,63,66,65,82,92,59,95,44,81,53,102,23,35,51,36,46,41,39,72,63,73,63,61,61,95,63,52,25,32,48,54,86,45,87,84,,,,,,,,,,,,,,,,,,,,,,,,,,,,,,113,95,72,81,42,59,97,46,43,55,89,64,51,58,,67,108,53,56,50,53,74,57,66,62,83,69,81,114,101,74,76,109,105,59,94,62,107,82,95,64,41,34,74,74,84,81,81,58,70,103,30,45,42,90,45,80,50,49,46,38,72,63,47,78,72,67,70,89,83,100,90,93,50,88,99,85,75,107,66,79,34,45,61,101,33,24,32,49,48,6,47,36,38,19,87,19,35,44,81,27,64,69,72,68,64,21,38,46,60,41,,32,66,67,69,54,56,63,38,,74,74,72,94,38,42,103,95,78,49,87,29,33,91,59,102,88,59,,94,89,30,29,25,45,54,38,40,41,56,,94,,71,,74,,89,87,76,96,76,102,46,32,63,84,46,91,61,30,82,37,63,37,38,80,102,64,,,,51,,
20260402,12,O3_8h_24h,45,39,55,46,50,58,40,64,45,38,50,49,59,50,41,50,71,76,82,70,75,58,70,67,82,60,64,70,79,86,73,80,80,43,66,67,61,55,61,56,72,26,36,27,94,101,88,46,89,67,67,72,73,39,89,85,35,72,68,77,90,26,50,49,36,64,62,92,104,38,42,55,38,79,55,59,49,66,47,74,46,44,81,70,54,85,59,84,80,58,55,83,90,46,77,81,33,97,74,60,49,92,46,58,38,82,83,39,64,96,49,52,66,49,49,59,61,47,43,83,57,75,84,65,87,61,66,65,82,92,59,82,24,78,53,88,21,31,51,24,45,41,39,69,62,73,63,59,51,95,63,52,25,29,48,54,86,45,68,78,,,,,,,,,,,,,,,,,,,,,,,,,,,,,,110,95,67,77,42,59,89,46,43,55,89,64,47,58,,65,108,53,56,50,53,74,57,66,62,83,69,81,114,101,74,76,109,105,59,94,62,107,82,95,64,39,34,74,73,82,81,80,58,70,103,30,45,41,86,45,65,38,49,45,36,57,52,47,78,72,67,70,89,83,100,90,93,27,83,99,80,75,107,63,79,32,45,61,90,33,19,32,49,48,6,39,26,32,18,81,15,35,40,68,19,64,68,72,68,60,21,37,37,59,27,,29,66,67,69,54,55,63,32,,71,74,72,92,38,42,75,95,78,42,85,29,32,84,59,99,83,48,,80,89,18,29,19,41,54,38,40,41,53,,94,,52,,74,,80,87,71,92,76,102,45,32,59,83,46,91,61,30,82,37,63,37,36,71,94,64,,,,51,,
20260402,12,CO,0.48,0.72,0.60,0.70,0.45,0.63,0.42,0.43,0.45,0.50,0.47,0.43,0.80,0.87,0.50,0.85,0.32,0.51,0.66,0.64,0.69,0.73,0.80,0.80,0.40,0.70,0.81,0.61,0.74,0.67,0.60,0.60,0.40,0.63,0.48,0.33,0.42,0.70,0.53,0.40,0.65,0.60,0.50,0.45,0.87,0.40,0.43,0.88,0.47,1.31,0.51,0.86,0.64,0.75,0.56,0.50,0.63,0.40,0.43,0.67,0.60,0.73,0.74,0.45,0.63,0.50,0.67,0.43,0.35,0.61,0.83,0.85,0.60,0.38,0.52,0.73,0.61,0.33,0.94,0.60,0.40,0.43,0.50,0.57,0.66,0.65,0.44,0.40,0.60,0.48,0.30,0.68,0.45,1.57,0.55,0.68,0.73,0.60,0.60,0.93,0.80,0.60,0.70,0.77,0.75,0.50,0.67,0.70,0.37,0.40,0.46,1.07,0.75,0.68,0.56,1.04,1.10,2.05,0.48,0.80,0.40,0.77,0.25,0.55,0.63,0.72,0.73,0.50,0.63,0.77,0.55,0.53,0.50,0.60,0.68,1.00,0.50,0.87,0.73,0.90,0.60,0.65,0.83,0.70,0.63,0.50,0.63,0.25,0.57,0.47,0.73,0.60,0.55,0.56,0.60,0.50,0.57,1.04,0.34,0.45,,,,,,,,,,,,,,,,,,,,,,,,,,,,,,0.23,0.40,0.60,0.53,0.13,0.65,0.58,0.63,0.40,0.50,0.53,0.20,0.85,0.30,,0.25,0.50,0.50,1.00,0.75,0.73,0.37,0.60,0.75,0.75,0.30,0.35,0.30,1.07,0.93,0.37,0.50,0.80,0.73,0.30,0.50,0.15,0.54,0.50,0.50,0.38,0.80,0.50,0.65,0.60,0.47,0.45,0.20,0.72,0.27,0.57,0.60,0.65,1.00,0.55,0.63,1.10,0.85,0.60,0.65,1.00,1.08,0.80,0.70,0.80,0.58,0.45,0.58,0.57,0.60,0.47,0.50,0.88,0.80,0.86,0.63,0.57,1.00,0.43,0.70,0.93,0.50,0.75,0.85,0.90,0.40,0.57,0.30,0.55,0.60,0.55,1.00,0.98,0.87,0.83,0.85,1.10,0.80,0.90,0.80,0.77,0.65,0.43,0.42,0.50,0.60,0.42,0.40,0.70,0.60,0.30,,0.35,0.50,0.43,0.70,0.55,0.50,0.45,0.70,,0.65,0.30,0.30,0.45,0.70,0.50,,0.30,0.50,0.85,0.40,0.75,0.25,0.40,0.40,0.30,0.30,0.50,,0.35,0.50,0.80,0.33,0.60,0.60,0.45,0.50,0.30,0.35,0.60,,0.35,,0.80,,0.35,0.40,0.40,0.30,0.30,0.30,0.40,0.40,0.53,0.40,0.35,0.70,0.50,0.35,0.30,0.35,0.30,0.65,0.70,0.65,,0.30,0.80,0.50,,,,0.60,,
20260402,12,CO_24h,0.42,0.54,0.38,0.64,0.40,0.65,0.39,0.37,0.35,0.43,0.30,0.38,0.55,0.55,0.50,0.75,0.44,0.66,0.82,0.67,0.84,0.81,0.93,1.03,0.46,0.78,0.91,0.76,0.78,0.78,0.68,0.86,0.40,0.65,0.51,0.33,0.42,0.75,0.63,0.43,0.60,0.60,0.50,0.45,0.70,0.45,0.45,0.73,0.62,1.09,0.47,0.72,0.73,0.75,0.65,0.60,0.70,0.60,0.67,0.70,0.57,0.60,0.63,0.52,0.63,0.48,0.60,0.48,0.40,0.56,0.67,0.75,0.54,0.42,0.53,0.68,0.64,0.40,0.78,0.63,0.53,0.53,0.53,0.83,0.58,0.70,0.42,0.48,0.68,0.50,0.35,0.60,0.42,1.38,0.50,0.53,0.63,0.70,0.67,0.87,0.75,0.60,0.50,0.87,0.60,0.50,0.70,0.70,0.53,0.40,0.64,0.80,0.65,0.68,0.60,0.90,0.70,0.96,0.68,1.27,0.48,0.67,0.35,0.68,0.90,0.70,0.62,0.63,0.62,0.77,0.50,0.38,0.42,0.60,0.68,0.90,0.50,0.77,0.82,0.73,0.50,0.60,0.77,0.72,0.77,0.50,0.53,0.40,0.48,0.50,0.63,0.50,0.45,0.46,0.40,0.50,0.90,0.80,0.42,0.40,,,,,,,,,,,,,,,,,,,,,,,,,,,,,,0.35,0.40,0.55,0.57,0.27,0.45,0.55,0.47,0.33,0.57,0.57,0.20,0.50,0.35,,0.25,0.45,0.57,0.70,0.60,0.60,0.47,0.80,0.90,0.95,0.40,0.30,0.37,0.80,0.60,0.50,0.50,0.60,0.90,0.35,0.70,0.20,0.50,0.56,0.45,0.60,0.65,0.45,0.70,0.62,0.43,0.45,0.17,0.90,0.37,0.53,0.63,0.60,0.70,0.45,0.67,0.77,0.68,0.55,0.54,0.95,0.95,0.80,0.65,0.98,0.73,0.55,0.38,0.50,0.55,0.40,0.37,0.78,0.73,0.74,0.70,0.55,0.70,0.43,0.60,0.83,0.45,0.93,0.75,0.90,0.50,0.53,0.45,0.60,0.45,0.35,0.80,0.75,0.77,0.83,0.60,0.97,0.70,0.65,0.70,0.60,0.65,0.40,0.55,0.50,0.72,0.60,0.45,0.65,0.50,0.30,,0.35,0.55,0.40,0.63,0.60,0.55,0.55,0.65,,0.55,0.30,0.30,0.50,0.75,0.55,0.40,0.40,0.50,0.75,0.45,0.70,0.55,0.55,0.55,0.30,0.30,0.70,,0.25,0.55,0.60,0.57,0.50,0.50,0.60,0.40,0.50,0.45,0.40,,0.45,,0.75,,0.40,0.50,0.40,0.30,0.30,0.30,0.50,0.50,0.47,0.50,0.45,0.80,0.25,0.40,0.40,0.45,0.20,0.55,0.70,1.00,0.30,0.30,0.70,0.60,,,,0.75,,
20260402,13,AQI,86,84,93,58,54,98,102,59,63,74,85,84,109,61,58,67,36,80,113,73,53,68,63,71,53,71,64,59,75,61,51,56,56,57,48,46,42,51,78,44,49,40,38,33,55,44,37,57,49,70,53,58,39,38,30,33,39,30,45,30,32,69,66,33,41,34,53,33,34,72,59,39,62,55,40,44,54,44,54,70,45,54,32,69,89,68,69,44,60,55,42,59,51,131,58,64,40,36,36,40,29,32,40,37,38,34,35,50,34,54,56,56,53,43,55,69,67,51,65,90,58,167,67,46,51,51,79,95,52,84,56,65,50,28,33,30,34,54,43,84,31,66,55,31,29,37,51,24,43,34,64,53,60,60,79,65,88,63,37,65,,,,,,,,,,,,,,,,,,,,,,,,,,,,,,40,48,43,53,34,66,52,59,53,54,67,28,72,37,,25,52,70,62,57,64,55,56,56,51,62,61,51,231,197,54,116,181,194,26,113,25,53,56,56,43,53,44,55,49,61,45,53,44,42,41,34,26,40,44,33,46,68,46,36,43,59,38,39,91,63,53,50,51,52,56,55,53,59,56,51,51,58,51,40,51,26,24,55,33,28,51,31,25,19,53,73,60,54,55,69,49,64,89,59,35,22,29,35,40,33,33,25,22,27,25,,19,31,36,49,25,31,34,53,,50,51,40,31,81,49,29,44,53,89,29,69,27,28,24,33,30,35,,30,33,53,52,46,49,45,49,66,102,56,,56,,47,,32,25,37,39,39,38,34,43,66,59,38,67,37,50,60,97,65,93,132,58,51,21,65,59,,,,36,,
20260402,13,PM2.5,42,52,63,27,21,73,49,30,17,47,53,48,82,34,30,46,13,59,85,49,26,43,45,52,31,44,46,40,41,44,29,40,40,34,18,25,17,36,39,18,30,20,20,8,23,9,11,40,22,51,33,41,27,20,12,13,27,15,16,17,10,50,48,22,24,20,27,17,6,52,32,14,22,19,28,31,29,8,29,48,14,15,11,50,66,49,50,22,40,31,19,40,30,100,33,46,23,13,23,23,14,12,28,22,21,13,15,30,20,29,20,38,28,20,13,50,35,14,22,67,41,127,47,24,33,32,58,71,35,62,36,47,35,19,16,15,24,38,22,62,22,48,39,17,13,17,33,14,30,11,46,32,27,43,58,22,29,25,4,24,,,,,,,,,,,,,,,,,,,,,,,,,,,,,,12,16,27,22,4,35,26,42,5,11,23,9,38,12,,3,13,32,43,39,17,39,28,29,20,30,35,31,181,148,38,88,137,146,7,85,3,23,39,31,22,25,28,37,22,44,23,25,26,14,10,24,11,28,24,23,32,49,28,24,30,42,18,17,68,45,32,31,30,24,38,29,31,42,34,30,32,30,32,13,27,18,15,39,23,10,36,22,16,12,37,53,43,35,33,50,34,46,66,42,24,8,20,8,13,23,14,16,15,14,8,,3,14,25,34,16,14,16,34,,22,27,22,7,52,29,18,31,37,66,16,50,18,6,3,3,3,,,3,3,33,19,25,34,17,23,23,42,21,,18,,22,,11,16,12,9,12,3,3,8,19,20,15,24,12,19,10,39,27,32,36,23,3,3,22,32,,,,23,,
20260402,13,PM2.5_24h,21,17,36,24,16,75,33,18,12,25,26,33,52,30,35,58,24,80,87,46,47,46,78,106,48,69,36,46,61,77,64,75,69,16,28,18,17,32,37,24,30,16,21,11,42,8,8,34,29,62,36,40,25,18,16,22,29,24,35,15,12,22,29,22,20,22,11,24,7,37,28,23,20,24,27,27,30,18,41,40,36,25,6,105,37,45,25,28,52,34,25,37,34,85,34,22,13,9,22,27,14,11,13,30,11,12,12,17,29,38,25,42,23,34,29,51,51,45,38,141,30,87,55,39,50,24,47,84,40,66,37,29,23,29,24,21,20,24,26,32,23,36,31,20,15,16,31,16,16,22,36,29,23,29,33,27,25,24,12,40,,,,,,,,,,,,,,,,,,,,,,,,,,,,,,25,27,14,32,18,31,18,26,18,19,25,10,21,17,,5,10,31,56,60,24,58,78,66,68,52,23,44,116,68,61,35,122,162,11,106,6,43,49,39,42,34,25,59,37,49,33,36,29,29,4,17,11,15,11,34,26,34,34,15,20,30,31,25,86,80,57,35,34,27,39,31,33,30,30,32,29,34,36,22,32,14,30,24,24,20,29,24,22,17,15,35,29,27,26,24,22,21,34,26,18,13,19,25,17,23,20,17,19,17,8,,4,18,25,19,13,20,20,22,,9,30,20,9,48,44,25,41,36,57,22,51,30,11,6,5,3,22,,3,5,26,28,17,21,27,21,33,54,18,,21,,21,,20,18,16,14,20,10,9,13,25,26,20,30,20,28,24,57,31,47,46,39,11,3,33,30,,,,29,,
20260402,13,PM10,122,118,135,66,58,102,153,68,76,97,120,118,140,72,65,83,36,80,158,71,56,64,69,75,55,63,73,67,60,66,52,52,53,64,35,36,27,52,55,33,49,39,31,22,59,20,23,63,49,70,56,57,34,38,27,33,39,30,45,30,23,74,51,33,41,34,56,30,28,93,67,38,74,59,36,40,57,44,58,90,45,57,25,64,90,76,62,44,69,59,42,67,51,126,65,63,40,28,36,40,29,25,40,37,38,30,31,50,28,58,61,61,55,43,59,88,84,52,79,89,59,148,83,46,51,52,87,100,53,74,62,74,50,24,33,26,,51,43,75,25,65,51,28,22,37,51,24,38,30,68,56,69,65,78,80,126,75,37,80,,,,,,,,,,,,,,,,,,,,,,,,,,,,,,39,48,43,56,23,82,53,66,55,58,83,16,93,37,,21,53,90,74,64,78,60,62,61,52,74,71,51,280,168,54,135,230,174,24,125,10,55,62,61,43,55,44,59,49,65,45,56,44,37,25,24,18,39,44,33,40,63,46,36,42,47,38,39,94,69,56,50,52,54,61,60,56,65,62,52,52,65,51,40,51,24,23,,23,24,46,25,25,18,56,58,69,58,59,72,45,63,64,59,35,14,28,18,40,25,33,21,21,14,25,,8,25,36,42,17,31,,56,,50,52,40,16,112,49,26,38,48,83,27,71,27,18,12,24,9,,,10,7,55,53,46,49,45,49,82,153,61,,62,,47,,32,25,28,22,28,15,15,23,82,68,38,84,37,50,70,143,79,136,214,66,51,21,80,67,,,,36,,
20260402,13,PM10_24h,76,69,120,80,71,109,125,40,52,79,111,120,111,68,64,99,81,105,142,64,72,63,114,139,68,98,65,78,71,103,89,87,81,31,44,32,24,47,51,39,45,29,33,22,81,19,14,55,89,85,52,55,46,32,31,34,40,34,51,28,24,35,36,37,36,31,30,37,21,83,65,41,57,57,45,42,56,47,99,74,58,60,16,130,131,92,101,97,87,126,104,57,55,114,94,97,24,20,30,39,21,20,20,43,21,20,25,37,44,61,67,56,61,87,56,100,90,102,67,187,61,111,87,63,81,45,71,104,56,94,65,54,39,38,36,35,26,44,42,46,32,59,43,34,25,36,46,33,28,37,70,60,72,55,74,82,97,58,42,157,,,,,,,,,,,,,,,,,,,,,,,,,,,,,,48,46,27,64,59,72,47,50,75,69,58,22,60,36,,15,39,60,94,82,52,83,106,108,114,77,47,65,177,110,81,50,137,227,27,141,16,68,73,68,75,54,35,79,66,70,48,59,47,48,16,26,17,21,20,45,38,50,45,27,38,43,45,48,116,110,88,51,49,52,52,58,58,49,53,52,48,71,51,36,57,26,46,39,30,34,37,39,40,23,30,46,49,44,39,39,35,34,47,44,38,30,32,40,45,37,47,26,28,22,24,,10,25,39,25,23,32,27,35,,17,41,30,15,87,56,36,52,49,76,29,67,42,19,11,25,18,27,,10,9,45,72,38,43,83,43,89,123,57,,51,,46,,42,45,27,28,38,24,24,25,77,83,60,97,55,54,90,166,97,163,212,93,37,15,73,67,,,,47,,
20260402,13,SO2,6,11,7,12,13,7,6,6,5,6,10,7,10,13,14,13,7,7,10,8,7,8,7,9,8,12,7,7,7,12,7,7,6,8,6,5,7,6,7,7,8,3,3,5,7,5,3,12,6,9,5,9,5,5,5,5,6,4,6,5,5,14,5,6,7,5,8,3,4,9,22,15,12,9,3,6,11,6,14,10,6,9,4,16,11,8,13,9,9,7,5,6,7,14,8,14,15,7,5,5,8,6,7,5,6,4,7,7,6,5,14,13,9,7,6,20,11,11,8,8,5,9,7,7,10,7,13,5,9,13,7,13,6,7,6,7,9,10,7,6,4,8,8,10,8,7,3,5,11,6,10,6,3,10,11,15,10,26,5,10,,,,,,,,,,,,,,,,,,,,,,,,,,,,,,5,2,5,5,4,14,11,12,8,19,8,5,22,7,,5,9,14,19,9,9,6,7,9,8,2,7,5,11,13,6,8,7,12,5,7,7,7,9,8,8,11,4,10,7,5,5,6,4,5,3,10,6,9,7,5,5,4,16,4,7,9,9,8,10,10,5,6,6,7,4,5,9,7,14,12,5,10,6,5,7,7,7,9,4,9,7,4,2,3,11,11,6,14,13,23,7,7,8,7,4,6,7,6,7,7,5,6,9,7,6,,6,10,6,8,4,10,7,5,,5,6,7,9,8,6,,4,5,10,5,5,6,5,7,9,7,5,,6,5,6,4,9,10,13,10,,7,11,,6,,9,,6,12,6,10,14,14,4,15,8,10,5,6,10,9,4,5,10,7,2,7,,7,24,11,,,,7,,
20260402,13,SO2_24h,5,8,3,9,9,6,5,4,3,4,6,8,6,8,9,11,8,9,11,7,7,6,6,11,8,9,6,8,7,10,7,8,5,6,6,5,7,6,6,6,7,3,4,4,6,4,3,8,8,7,5,8,6,6,5,5,7,4,7,5,6,11,5,6,8,5,7,4,5,7,11,16,13,8,5,6,12,7,14,10,8,25,4,15,11,7,12,11,10,8,6,6,6,12,8,10,10,6,6,11,8,6,7,8,8,4,7,8,6,5,15,10,9,12,14,13,9,12,13,12,6,7,8,7,9,6,11,5,8,10,5,13,7,9,7,10,8,7,11,9,4,8,8,9,9,6,3,6,8,7,7,5,3,7,8,26,16,17,5,10,,,,,,,,,,,,,,,,,,,,,,,,,,,,,,6,3,4,5,7,11,7,8,12,31,13,5,11,6,,5,9,14,10,9,8,6,8,10,10,2,5,10,9,11,8,7,8,12,7,17,9,6,8,7,7,7,4,8,7,6,5,7,4,6,3,7,4,7,6,5,7,6,14,5,8,10,11,13,11,11,6,6,6,6,3,5,10,7,12,11,5,6,8,6,9,7,6,9,6,7,6,5,4,4,8,8,6,11,12,19,6,6,12,9,4,7,8,7,10,7,5,6,9,6,5,,6,9,5,9,4,11,7,4,,6,6,6,9,9,6,4,4,4,9,5,5,6,6,6,9,7,12,,7,6,6,7,7,8,27,11,11,7,8,,7,,7,,4,13,8,10,13,15,6,15,9,9,8,4,9,7,3,4,10,4,2,7,6,6,16,10,,,,7,,
20260402,13,NO2,24,35,21,18,12,13,31,17,13,19,27,16,22,18,18,22,11,11,23,20,10,18,19,21,11,19,25,19,15,14,9,11,6,19,19,20,10,15,13,18,41,16,11,10,12,13,14,23,9,14,11,21,19,26,10,12,34,12,12,20,8,37,16,4,17,15,14,6,8,28,28,10,23,13,22,19,20,8,18,17,6,12,13,13,17,12,14,12,12,23,7,10,9,26,16,17,26,12,8,10,10,9,26,4,33,8,13,13,6,11,15,14,11,13,11,24,18,11,16,16,9,22,13,8,10,31,18,13,13,11,12,11,37,19,11,10,12,32,7,29,3,13,13,8,14,6,13,13,15,6,17,19,17,21,15,4,3,17,5,14,,,,,,,,,,,,,,,,,,,,,,,,,,,,,,8,6,24,6,3,18,8,19,15,11,11,5,18,7,,5,8,17,22,15,13,13,8,10,8,6,12,8,25,20,7,12,14,24,7,17,2,9,13,12,16,29,10,11,8,8,9,7,20,9,11,16,9,14,15,10,22,31,18,27,23,25,13,10,11,12,11,12,9,10,9,11,13,22,15,20,13,20,13,16,14,13,7,14,5,5,15,10,12,7,29,25,28,35,35,17,27,12,16,10,25,13,12,8,11,10,19,11,12,6,5,,8,5,9,4,10,7,7,23,,8,5,8,10,7,3,,4,6,11,7,10,7,7,7,4,4,6,,2,2,26,10,18,11,11,22,4,6,14,,15,,14,,7,6,1,3,1,1,3,2,20,13,7,11,8,10,10,13,11,28,12,9,13,,16,6,,,,2,,
20260402,13,NO2_24h,25,39,21,19,30,21,30,15,19,28,29,27,18,25,32,37,20,40,39,50,35,51,34,35,22,50,42,41,42,22,27,22,18,35,40,26,23,38,38,24,29,28,24,14,26,12,13,42,28,27,16,31,26,37,20,20,39,22,32,22,12,33,15,7,22,16,12,9,9,43,41,19,34,27,30,28,45,25,30,22,28,39,13,30,24,23,21,32,25,37,27,17,18,41,31,19,20,10,11,18,18,10,17,25,22,9,13,26,13,16,28,18,17,32,27,28,29,31,32,37,12,28,16,38,37,33,23,20,21,15,21,14,23,21,26,15,18,25,16,26,5,25,21,12,18,12,20,22,9,8,31,26,32,21,39,22,14,28,10,19,,,,,,,,,,,,,,,,,,,,,,,,,,,,,,11,11,20,14,24,23,10,24,29,34,14,8,17,21,,8,6,27,29,26,29,34,29,19,24,14,14,15,24,18,19,10,26,31,9,26,5,18,18,18,24,38,11,20,14,17,13,11,24,21,10,18,13,13,13,16,14,26,23,19,24,19,14,22,18,22,21,20,15,14,11,15,16,16,10,17,16,16,16,12,19,10,24,18,7,20,22,19,21,11,34,17,22,27,28,15,24,16,18,10,28,20,14,22,20,19,43,11,19,10,5,,11,10,9,6,15,9,8,17,,5,8,11,9,15,10,8,7,7,11,9,18,16,9,6,4,4,15,,3,3,22,49,14,19,33,29,25,22,21,,15,,13,,13,10,3,4,11,2,26,9,22,25,26,20,28,19,14,34,12,36,21,37,10,7,17,18,,,,6,,
20260402,13,O3,90,99,116,97,104,138,88,109,113,108,114,128,122,128,103,124,99,125,128,178,154,174,156,130,122,177,167,163,180,163,134,141,139,139,155,147,135,161,182,142,137,129,120,104,140,141,118,79,133,140,127,95,85,72,97,92,61,85,91,89,101,73,44,81,57,97,69,105,109,75,98,126,109,109,66,71,114,120,109,125,109,106,102,147,120,142,128,134,142,126,135,143,135,141,131,151,45,114,57,51,81,102,38,73,33,110,112,77,110,147,114,123,131,124,104,106,118,99,100,144,94,158,112,146,157,91,110,126,134,119,118,96,32,88,80,97,66,38,60,38,71,69,119,99,93,109,99,54,51,110,88,93,86,82,85,128,108,116,88,97,,,,,,,,,,,,,,,,,,,,,,,,,,,,,,127,124,100,125,110,124,114,104,121,114,115,88,112,114,,81,118,109,109,105,118,108,113,110,108,103,108,116,177,132,105,128,140,161,82,134,81,142,131,135,119,113,91,146,128,128,131,120,115,135,132,49,83,81,126,88,46,54,88,46,63,46,74,105,122,118,137,118,121,117,137,112,100,64,95,105,99,87,114,55,109,43,77,74,87,88,57,60,78,62,29,34,26,28,27,129,36,58,46,82,49,69,90,113,119,58,51,79,71,86,72,,60,98,101,99,81,66,110,42,,72,103,108,98,126,110,94,116,116,121,94,105,48,89,77,105,96,112,,96,106,29,118,34,110,106,83,114,112,95,,115,,75,,98,,117,125,124,121,110,139,93,104,109,118,97,107,102,95,101,74,94,98,65,65,92,93,,,,77,,
20260402,13,O3_24h,90,99,116,97,104,138,88,109,113,108,114,128,122,128,103,124,99,125,128,178,154,174,156,130,122,177,167,163,180,163,134,141,139,139,155,147,135,161,182,142,137,129,120,104,140,141,118,79,133,140,127,95,85,72,97,92,61,85,91,89,101,73,44,81,57,97,69,105,109,75,98,126,109,109,66,71,114,120,109,125,109,106,102,147,120,142,128,134,142,126,135,143,135,141,131,151,45,114,57,51,81,102,38,73,33,110,112,77,110,147,114,123,131,124,104,106,118,99,100,144,94,158,112,146,157,91,110,126,134,119,118,96,32,88,80,97,66,38,60,38,71,69,119,99,93,109,99,54,51,110,88,93,86,82,85,128,108,116,88,97,,,,,,,,,,,,,,,,,,,,,,,,,,,,,,127,124,100,125,110,124,114,104,121,114,115,88,112,114,,81,118,109,109,105,118,108,113,110,108,103,108,116,177,132,105,128,140,161,82,134,81,142,131,135,119,113,91,146,128,128,131,120,115,135,132,49,83,81,126,88,46,54,88,46,63,46,74,105,122,118,137,118,121,117,137,112,100,64,95,105,99,87,114,55,109,43,77,74,87,88,57,60,78,62,29,34,26,28,27,129,36,58,46,82,49,69,90,113,119,58,51,79,71,86,72,,60,98,101,99,81,66,110,42,,72,103,108,98,126,110,94,116,116,121,94,105,48,89,77,105,96,112,,96,106,29,118,34,110,106,83,114,112,95,,115,,75,,98,,117,125,124,121,110,139,93,104,109,118,97,107,102,95,101,74,94,98,65,65,92,93,,,,77,,
20260402,13,O3_8h,53,49,65,56,61,70,49,71,57,51,61,62,70,63,51,65,75,88,92,90,93,80,88,74,87,83,83,88,99,97,83,91,89,59,82,80,73,74,82,69,86,41,50,39,101,109,93,54,95,81,77,78,87,45,90,89,40,74,72,79,92,37,62,54,41,69,66,93,105,44,51,63,49,83,60,66,61,75,58,82,71,57,85,84,64,95,69,96,90,70,68,92,97,61,85,92,49,101,91,62,55,96,47,62,49,86,89,46,75,104,61,64,76,60,58,69,72,56,55,95,64,92,89,80,101,67,72,73,89,96,68,95,44,82,56,94,28,36,54,38,49,46,51,73,64,77,69,61,61,97,68,58,34,36,52,66,90,55,87,85,,,,,,,,,,,,,,,,,,,,,,,,,,,,,,114,99,73,84,55,70,97,56,56,63,93,68,56,67,,69,109,66,70,63,65,84,69,74,71,86,77,89,126,111,82,86,120,113,63,102,67,113,90,102,77,51,43,87,81,89,89,85,70,82,108,34,53,46,91,52,80,50,58,47,42,72,63,57,86,79,79,78,94,89,105,95,96,37,89,101,85,79,109,66,84,35,53,65,101,43,27,37,56,54,10,47,36,38,20,87,20,41,44,81,29,64,70,77,74,64,27,43,48,61,41,,34,70,72,74,59,57,71,38,,74,79,77,94,52,52,85,99,84,53,87,40,35,92,62,102,88,59,,94,95,30,44,25,50,65,44,54,52,58,,97,,71,,80,,89,92,76,96,84,108,51,43,66,88,58,94,66,40,85,42,67,46,39,80,102,71,,,,56,,
20260402,13,O3_8h_24h,53,49,65,56,61,70,49,71,57,51,61,62,70,63,51,65,74,88,92,90,93,80,88,77,87,83,83,88,99,97,83,91,89,59,82,80,73,74,82,69,86,41,50,39,101,109,93,54,95,81,75,78,73,45,90,86,40,74,71,79,92,32,48,54,39,68,62,93,103,44,51,63,49,83,56,59,61,75,58,82,57,57,85,84,64,95,69,96,90,70,68,92,97,61,85,92,33,101,68,58,55,92,46,59,37,86,89,46,69,104,61,62,76,60,58,69,72,56,55,95,64,92,89,80,101,65,72,73,89,96,68,82,22,79,56,89,28,32,54,27,49,46,51,73,63,77,69,56,49,97,68,58,34,35,52,66,90,55,68,79,,,,,,,,,,,,,,,,,,,,,,,,,,,,,,112,99,71,84,55,70,93,56,56,63,93,68,56,67,,67,109,66,70,63,65,84,69,74,71,86,77,89,126,111,82,86,120,113,63,102,67,113,90,102,77,51,43,87,81,88,89,85,70,82,108,34,53,46,91,52,60,39,58,45,41,54,55,57,86,79,79,78,94,89,105,95,96,31,85,101,81,79,109,62,84,34,53,65,88,43,25,37,56,54,10,37,25,31,20,87,18,41,40,68,23,64,70,77,74,59,27,43,40,61,31,,34,70,72,74,59,57,71,32,,70,79,77,93,52,52,74,99,84,52,85,40,34,86,62,100,85,57,,79,95,18,44,20,50,65,44,54,52,58,,97,,51,,80,,86,92,76,95,84,108,51,43,65,88,58,94,66,40,85,42,67,46,39,68,91,71,,,,56,,
20260402,13,CO,0.49,0.72,0.74,0.68,0.50,0.57,0.42,0.43,0.45,0.50,0.47,0.43,0.80,0.85,0.45,1.04,0.32,0.42,0.65,0.61,0.69,0.66,0.68,0.65,0.40,0.64,0.79,0.59,0.68,0.68,0.56,0.60,0.47,0.60,0.44,0.33,0.40,0.67,0.53,0.40,0.60,0.55,0.40,0.40,0.75,0.40,0.40,0.85,0.48,1.32,0.52,0.80,0.62,0.73,0.56,0.50,0.63,0.40,0.43,0.67,0.57,0.73,0.77,0.47,0.60,0.50,0.67,0.41,0.35,0.66,0.73,0.75,0.52,0.31,0.50,0.60,0.51,0.30,0.68,0.60,0.30,0.38,0.50,0.49,0.62,0.60,0.50,0.44,0.55,0.45,0.27,0.63,0.35,1.18,0.40,0.60,0.73,0.60,0.63,0.73,0.80,0.60,0.70,0.65,0.75,0.50,0.65,0.65,0.60,0.40,0.41,0.80,0.65,0.48,0.46,1.16,0.77,0.64,0.44,0.75,0.48,0.73,0.26,0.52,0.57,0.70,0.71,0.42,0.72,0.70,0.53,0.53,0.50,0.60,0.65,1.32,0.50,0.90,0.70,0.92,0.60,0.63,0.72,0.85,0.63,0.47,0.60,0.30,0.60,0.43,0.73,0.65,0.45,0.56,0.60,0.50,0.60,0.84,0.35,0.40,,,,,,,,,,,,,,,,,,,,,,,,,,,,,,0.23,0.40,0.60,0.50,0.17,0.65,0.58,0.57,0.55,0.37,0.57,0.20,0.80,0.27,,0.20,0.50,0.50,1.07,0.65,0.73,0.37,0.50,0.60,0.80,0.30,0.40,0.27,1.00,0.73,0.37,0.68,0.55,0.73,0.30,0.50,0.15,0.50,0.54,0.40,0.45,0.68,0.60,0.60,0.56,0.40,0.45,0.23,0.63,0.27,0.57,0.60,0.60,0.90,0.55,0.57,1.07,0.77,0.55,0.64,1.00,1.07,0.78,0.65,0.72,0.52,0.50,0.53,0.56,0.65,0.50,0.43,0.82,0.80,0.86,0.70,0.60,0.90,0.30,0.70,0.90,0.55,0.75,0.85,0.90,0.40,0.57,0.35,0.60,0.45,0.50,1.17,0.93,0.90,0.83,0.85,1.10,0.80,0.95,0.80,0.83,0.65,0.40,0.42,0.50,0.60,0.28,0.40,0.55,0.45,0.30,,0.35,0.50,0.40,0.65,0.55,0.55,0.45,0.80,,0.65,0.30,0.30,0.45,0.80,0.35,0.40,0.30,0.40,0.85,0.40,0.60,0.25,0.50,0.40,0.25,0.30,0.50,,0.25,0.60,0.70,0.30,0.60,0.60,0.30,0.45,0.20,0.25,0.45,,0.35,,0.65,,0.35,0.60,0.40,0.20,0.20,0.20,0.20,0.30,0.47,0.35,0.30,0.70,0.30,0.30,0.30,0.30,0.20,0.50,0.65,0.55,0.10,0.40,0.75,0.50,,,,0.55,,
20260402,13,CO_24h,0.43,0.55,0.38,0.67,0.40,0.65,0.39,0.37,0.35,0.43,0.30,0.38,0.55,0.57,0.50,0.78,0.44,0.69,0.82,0.68,0.84,0.81,0.90,1.03,0.46,0.78,0.90,0.76,0.78,0.78,0.68,0.84,0.40,0.66,0.53,0.33,0.42,0.72,0.63,0.43,0.60,0.60,0.50,0.45,0.70,0.45,0.43,0.75,0.60,1.10,0.47,0.72,0.73,0.76,0.65,0.60,0.70,0.55,0.67,0.70,0.57,0.63,0.64,0.52,0.63,0.49,0.60,0.48,0.38,0.57,0.67,0.75,0.52,0.42,0.53,0.68,0.64,0.38,0.78,0.63,0.53,0.55,0.53,0.83,0.58,0.70,0.42,0.48,0.68,0.50,0.35,0.60,0.42,1.40,0.55,0.57,0.63,0.68,0.67,0.87,0.75,0.60,0.55,0.87,0.65,0.50,0.70,0.70,0.53,0.40,0.63,0.82,0.65,0.68,0.60,0.90,0.72,0.96,0.68,1.27,0.48,0.67,0.35,0.68,0.87,0.70,0.64,0.63,0.62,0.77,0.50,0.40,0.42,0.60,0.68,0.92,0.50,0.77,0.80,0.74,0.50,0.60,0.75,0.75,0.77,0.50,0.53,0.40,0.48,0.50,0.63,0.50,0.45,0.48,0.40,0.50,0.83,0.84,0.42,0.40,,,,,,,,,,,,,,,,,,,,,,,,,,,,,,0.35,0.40,0.55,0.53,0.27,0.45,0.53,0.47,0.33,0.57,0.57,0.20,0.50,0.35,,0.25,0.45,0.60,0.77,0.60,0.63,0.50,0.80,0.90,0.95,0.40,0.35,0.37,0.80,0.60,0.43,0.53,0.60,0.90,0.35,0.65,0.20,0.50,0.54,0.45,0.60,0.65,0.45,0.65,0.62,0.43,0.45,0.17,0.90,0.37,0.53,0.67,0.60,0.70,0.50,0.67,0.80,0.68,0.55,0.54,0.95,0.93,0.80,0.65,0.96,0.73,0.55,0.40,0.50,0.55,0.40,0.37,0.80,0.73,0.74,0.73,0.55,0.70,0.43,0.60,0.83,0.45,0.90,0.75,0.90,0.50,0.53,0.45,0.60,0.45,0.35,0.80,0.80,0.77,0.83,0.65,0.97,0.70,0.75,0.70,0.57,0.65,0.40,0.55,0.50,0.72,0.60,0.45,0.65,0.50,0.30,,0.35,0.55,0.40,0.63,0.60,0.55,0.55,0.65,,0.55,0.30,0.30,0.45,0.75,0.60,0.40,0.40,0.50,0.75,0.45,0.70,0.55,0.50,0.55,0.30,0.30,0.70,,0.25,0.55,0.63,0.57,0.50,0.50,0.60,0.40,0.50,0.45,0.40,,0.45,,0.75,,0.40,0.50,0.40,0.30,0.30,0.30,0.50,0.50,0.47,0.50,0.45,0.80,0.25,0.40,0.40,0.45,0.20,0.60,0.70,1.00,0.30,0.30,0.70,0.60,,,,0.70,,
20260402,14,AQI,87,86,90,63,55,91,99,57,63,80,82,83,108,53,56,67,43,60,103,85,51,78,55,56,49,85,84,79,91,80,48,54,55,52,51,46,44,68,59,49,46,47,42,35,52,41,42,61,50,79,52,49,39,39,32,36,36,35,44,30,33,70,71,32,37,31,52,33,35,71,53,41,58,51,34,37,53,41,53,64,49,52,35,53,88,62,70,46,57,59,43,58,47,114,63,60,40,36,31,34,27,35,42,33,42,35,33,42,33,53,49,51,53,41,52,59,62,44,68,75,65,148,71,46,49,50,83,94,52,80,52,71,53,27,29,30,30,58,43,80,31,45,49,31,33,37,44,19,46,34,61,54,52,61,80,69,105,63,40,65,,,,,,,,,,,,,,,,,,,,,,,,,,,,,,41,47,40,53,35,53,53,54,52,56,68,27,66,43,,26,52,69,73,62,64,68,42,45,35,71,65,40,201,166,65,138,157,183,26,123,26,47,55,54,52,50,34,51,49,53,41,47,44,43,43,29,27,43,40,39,37,59,49,34,37,51,39,37,78,61,56,51,50,53,46,53,53,56,60,51,40,50,52,33,51,24,31,53,27,26,50,29,24,24,53,66,69,55,51,66,42,69,89,62,42,23,29,36,39,27,28,31,27,27,25,,19,31,33,49,25,31,37,54,,51,47,36,31,72,46,29,47,55,88,29,64,22,26,28,33,31,36,,30,34,46,47,46,44,36,43,62,150,47,,52,,42,,33,28,38,41,60,38,35,72,64,51,37,62,55,44,60,88,64,75,116,54,25,24,57,58,,,,31,,
20260402,14,PM2.5,45,57,59,36,10,68,63,27,28,56,60,60,81,21,23,44,15,43,75,48,24,39,37,38,22,43,42,43,40,51,26,38,39,28,18,21,15,37,23,17,24,18,25,7,19,5,13,44,25,58,33,32,27,20,13,14,22,16,15,16,11,51,52,22,25,22,33,17,5,52,30,12,21,17,24,26,30,11,27,37,13,18,11,34,65,41,51,21,32,30,11,27,22,86,32,43,24,13,22,18,12,13,29,19,24,13,12,27,13,30,13,26,25,18,12,37,36,16,21,55,47,113,52,21,28,31,61,70,34,59,24,52,37,19,15,14,21,41,23,59,22,24,34,17,13,15,23,11,32,7,44,30,20,44,59,21,29,24,6,20,,,,,,,,,,,,,,,,,,,,,,,,,,,,,,23,22,22,31,5,25,23,36,6,13,26,10,35,10,,3,17,30,35,40,17,49,22,24,19,34,42,23,151,126,47,105,120,138,5,93,6,19,35,24,24,20,16,27,24,24,22,18,26,14,9,20,10,25,20,26,26,42,25,24,22,36,12,15,57,42,35,27,30,29,32,30,24,40,38,21,28,31,26,19,27,17,17,37,19,10,35,20,13,10,28,47,42,34,31,48,28,50,66,44,21,5,18,7,10,19,12,12,10,14,6,,3,14,23,34,12,14,18,31,,27,26,17,6,52,32,20,33,39,65,20,46,15,8,3,3,3,3,,3,3,30,19,25,26,14,14,22,60,18,,23,,14,,12,11,7,8,13,3,3,14,15,12,9,21,7,18,11,39,29,21,38,19,3,3,14,26,,,,22,,
20260402,14,PM2.5_24h,22,18,37,26,16,74,34,18,13,25,27,34,53,30,36,59,23,80,89,47,47,47,76,105,47,68,37,46,60,77,62,73,68,17,29,19,17,33,37,24,30,17,21,12,41,8,8,35,29,63,36,40,25,19,16,22,29,24,35,16,13,24,31,23,20,22,12,24,7,38,28,23,19,24,27,27,31,18,42,41,36,26,7,104,35,44,27,27,52,33,24,36,34,85,34,24,14,9,22,27,15,12,14,31,12,13,12,18,29,38,25,43,24,33,29,51,52,45,39,140,33,90,56,38,50,24,49,84,40,68,38,30,24,29,24,22,21,25,27,34,23,37,32,20,16,16,31,16,17,21,37,29,24,29,34,26,25,24,12,39,,,,,,,,,,,,,,,,,,,,,,,,,,,,,,26,27,15,34,18,31,19,27,17,19,25,10,22,17,,4,10,32,56,61,24,59,78,65,67,52,24,44,119,72,58,38,126,166,11,106,6,42,49,40,41,34,25,58,37,49,33,35,29,29,4,17,11,15,11,33,25,35,34,15,20,30,31,25,86,80,57,35,34,27,39,32,32,32,30,32,29,34,36,22,32,15,30,25,24,20,30,24,22,16,16,36,31,28,27,25,23,23,36,28,18,13,20,24,17,23,20,18,19,17,8,,4,18,25,20,13,20,20,22,,10,30,20,10,48,43,25,41,37,58,22,51,30,11,5,5,3,22,,3,5,26,28,17,21,27,21,33,56,18,,21,,21,,20,18,16,14,20,10,8,13,24,26,20,30,19,28,24,57,30,45,46,39,11,3,32,30,,,,28,,
20260402,14,PM10,123,122,129,76,60,87,147,64,76,110,114,116,138,55,61,84,43,70,156,70,51,58,59,62,49,56,73,70,59,78,48,52,55,54,36,33,26,52,37,34,41,37,41,20,53,17,25,56,50,75,53,49,34,39,30,36,36,35,44,30,22,78,59,32,37,30,53,25,26,91,56,36,65,51,31,34,56,41,55,78,49,54,23,55,83,73,62,46,64,67,37,65,47,108,76,52,40,28,30,34,22,24,42,33,42,35,26,42,30,56,49,52,55,40,54,67,74,44,85,75,74,153,89,39,44,50,85,88,53,75,53,77,48,27,29,20,25,57,43,76,28,45,45,27,22,37,44,15,41,25,71,58,54,72,64,88,159,75,40,79,,,,,,,,,,,,,,,,,,,,,,,,,,,,,,41,47,36,55,20,55,55,58,54,61,86,16,81,43,,12,54,87,95,74,77,65,42,45,35,92,80,40,251,150,65,151,193,167,18,136,14,46,59,57,54,50,34,52,49,56,39,47,44,30,30,26,18,43,31,39,30,58,49,34,37,43,39,37,82,72,62,52,50,55,46,55,56,62,69,52,40,50,54,33,52,24,31,,,19,43,28,17,13,55,82,87,60,51,69,42,72,77,74,42,10,29,18,32,23,28,17,19,14,23,,12,25,33,39,18,31,,57,,51,47,36,19,93,43,22,42,52,84,27,66,22,12,9,32,8,29,,6,9,46,47,46,44,36,43,73,250,47,,53,,42,,33,28,17,23,70,18,10,94,78,52,28,73,60,44,70,125,78,100,182,58,7,24,64,66,,,,31,,
20260402,14,PM10_24h,80,71,122,81,70,108,127,42,55,79,110,122,113,68,65,98,77,105,146,64,72,64,112,137,68,96,66,79,70,102,87,85,80,33,45,32,25,48,51,40,45,31,34,22,81,19,15,56,88,85,51,55,45,33,31,35,41,35,52,29,25,38,38,37,36,31,31,38,22,84,65,41,56,57,45,42,57,47,97,76,57,61,17,130,128,91,97,93,87,124,101,57,55,113,95,94,25,20,29,39,21,19,21,44,22,21,24,38,44,61,67,57,62,85,57,98,90,97,70,184,63,114,89,62,81,45,72,104,55,95,66,55,39,38,37,36,26,45,42,48,32,60,44,34,26,37,47,32,28,37,71,59,72,55,73,82,100,59,42,152,,,,,,,,,,,,,,,,,,,,,,,,,,,,,,48,46,28,65,58,73,47,51,75,69,60,22,62,37,,14,39,63,92,81,55,84,106,107,112,80,49,65,184,115,77,54,143,231,26,144,17,68,73,68,75,54,36,78,66,70,48,59,48,48,17,27,18,21,20,44,37,51,45,28,39,43,46,49,116,109,88,51,50,52,52,59,58,50,52,52,47,72,51,36,58,26,46,39,30,34,38,40,39,23,32,49,51,45,41,41,37,37,49,46,38,29,33,39,44,37,47,26,28,22,24,,10,25,39,26,23,31,26,36,,18,41,31,15,88,54,35,52,49,76,29,67,41,18,11,26,18,28,,10,9,46,73,38,43,83,44,88,129,58,,51,,46,,42,45,27,28,40,24,24,28,77,83,60,96,56,54,90,164,92,158,210,93,36,15,71,67,,,,46,,
20260402,14,SO2,6,11,8,11,9,8,7,6,6,6,9,8,11,9,13,12,7,7,9,8,7,8,6,8,8,10,7,7,6,14,7,7,6,7,6,5,7,6,6,7,7,4,4,4,6,5,3,9,7,9,5,8,6,5,5,4,5,4,6,5,5,14,5,7,7,5,7,3,4,9,18,11,9,8,4,5,12,6,11,9,6,10,4,13,11,7,12,9,8,7,4,4,5,12,8,13,13,6,5,4,8,6,7,5,6,4,6,6,4,5,11,10,8,7,5,16,12,11,7,8,6,8,7,7,8,7,13,5,8,13,5,13,7,6,6,7,12,11,7,6,4,7,7,8,8,7,3,6,11,6,9,6,3,10,11,16,11,20,5,9,,,,,,,,,,,,,,,,,,,,,,,,,,,,,,5,2,5,5,4,11,9,10,7,15,7,5,18,7,,6,10,12,15,12,8,6,7,8,8,2,7,6,9,12,9,8,6,12,5,7,7,6,10,8,8,9,4,11,7,5,5,6,5,5,3,8,4,8,7,5,5,5,14,3,7,8,8,8,9,9,4,6,6,7,4,5,9,7,11,11,4,6,7,6,8,8,6,9,4,6,7,4,3,4,15,11,9,11,13,22,6,7,7,6,4,6,7,5,7,7,4,6,8,7,5,,6,6,5,6,4,10,4,4,,5,6,6,9,7,6,4,4,5,10,5,4,6,5,7,9,6,5,,6,6,6,4,8,6,9,8,14,5,8,,6,,8,,5,10,6,10,13,12,3,15,7,8,5,8,10,7,3,5,7,6,2,6,7,6,16,11,,,,7,,
20260402,14,SO2_24h,5,8,3,9,9,6,5,5,4,4,7,8,7,8,10,11,8,9,11,7,7,6,6,10,8,9,6,8,7,11,7,8,5,6,6,5,7,6,6,6,7,3,4,4,6,4,3,9,7,7,4,8,6,6,5,5,7,4,7,5,6,11,5,6,8,5,7,4,5,7,11,16,12,8,5,6,12,7,14,10,8,25,4,15,11,7,13,11,10,8,6,6,6,11,8,10,10,6,6,11,8,6,7,8,8,4,7,8,6,5,15,10,9,12,14,13,10,12,13,11,6,7,8,7,8,6,11,5,8,10,5,13,7,9,7,10,8,7,11,9,4,8,8,10,9,6,3,6,8,7,7,5,3,7,8,26,15,17,5,10,,,,,,,,,,,,,,,,,,,,,,,,,,,,,,6,2,4,5,7,11,7,8,12,31,13,5,12,6,,5,9,15,10,9,8,6,8,10,10,2,6,10,9,11,8,7,8,12,7,17,9,6,8,7,7,7,4,8,7,6,5,7,4,6,3,7,4,7,6,5,7,6,14,5,8,10,11,13,11,11,6,6,6,6,3,5,10,7,12,11,5,6,8,6,9,7,6,9,5,7,7,5,4,4,8,8,6,11,12,19,6,6,12,9,5,7,8,7,10,7,5,6,9,6,5,,6,8,5,9,4,11,6,4,,6,6,6,9,9,6,4,4,4,9,5,5,6,6,6,9,7,11,,7,6,6,7,7,8,27,11,11,7,8,,7,,8,,4,13,7,10,13,15,6,15,8,9,7,5,9,7,3,4,10,4,2,7,6,6,16,10,,,,7,,
20260402,14,NO2,24,34,18,18,10,10,25,15,13,19,21,18,25,9,16,18,11,10,23,20,10,18,18,18,9,18,22,18,15,17,9,11,6,16,17,21,12,14,10,17,23,15,14,7,12,12,14,27,9,15,9,18,16,24,8,8,24,11,11,19,8,40,15,4,16,18,11,6,6,22,23,10,14,11,18,16,20,7,18,16,7,14,12,10,16,10,14,12,11,21,6,8,7,23,17,14,25,12,7,7,11,9,25,3,36,10,13,12,5,11,13,9,8,12,9,19,18,10,16,14,11,20,12,9,10,31,16,10,12,11,8,13,33,16,14,8,11,28,7,29,3,9,12,8,12,6,8,11,13,5,14,17,7,20,13,3,2,15,5,6,,,,,,,,,,,,,,,,,,,,,,,,,,,,,,9,7,20,8,4,11,7,16,11,7,10,5,10,6,,5,6,16,18,16,13,12,7,10,8,5,13,6,21,19,9,15,14,23,7,18,2,9,13,10,16,29,7,10,8,5,9,7,18,10,11,13,8,14,12,13,17,27,18,25,21,21,18,9,8,12,11,9,11,9,7,10,13,17,13,22,11,23,15,9,15,13,7,13,6,5,15,10,12,6,18,27,28,33,33,15,25,10,17,11,16,11,12,9,10,9,17,9,6,5,4,,9,4,8,4,8,8,5,12,,8,5,6,8,7,4,5,4,7,10,7,8,6,7,6,1,3,5,,1,2,25,8,17,9,9,12,,5,7,,14,,9,,4,6,1,2,1,1,2,2,13,6,6,11,5,8,8,10,4,10,8,8,,,10,6,,,,2,,
20260402,14,NO2_24h,26,40,21,20,30,21,30,15,20,28,29,27,18,25,32,37,20,40,39,50,35,52,34,35,21,50,43,41,42,22,26,22,18,35,40,26,23,38,38,24,30,28,24,14,26,13,13,42,28,26,16,32,27,37,20,20,39,21,29,22,12,34,15,7,22,16,12,9,9,43,41,19,34,26,30,28,46,25,30,22,28,39,13,30,24,23,21,31,25,36,26,17,17,41,30,19,21,10,11,17,18,10,18,24,22,10,13,26,13,16,28,18,17,32,27,28,29,30,33,37,12,28,16,38,37,34,23,20,21,15,21,14,24,22,27,15,18,26,16,28,5,25,21,12,18,12,20,22,10,8,31,27,32,21,39,22,13,28,10,19,,,,,,,,,,,,,,,,,,,,,,,,,,,,,,11,11,21,14,24,23,10,24,29,34,14,8,17,21,,8,6,28,29,26,29,34,29,19,24,14,14,14,25,19,19,11,27,31,9,26,5,18,18,18,25,39,11,20,14,17,13,11,25,21,10,19,13,13,13,16,15,27,23,20,24,19,14,22,17,22,21,19,15,14,11,15,16,16,11,18,16,17,16,12,19,11,24,18,8,19,22,19,21,11,34,18,22,28,28,15,25,16,19,10,29,20,14,21,20,19,43,11,19,10,5,,12,10,10,6,15,9,8,18,,5,8,11,9,15,10,7,7,7,11,9,18,15,9,6,4,4,15,,3,3,23,49,14,19,33,28,26,22,21,,15,,13,,13,10,3,4,11,2,25,9,22,25,26,20,28,18,14,33,12,36,21,37,10,7,17,18,,,,6,,
20260402,14,O3,98,110,132,107,107,144,112,118,127,124,138,139,127,140,109,130,102,121,125,188,158,182,160,135,125,188,187,183,193,184,138,147,146,154,161,146,140,174,167,156,148,151,134,112,142,130,133,66,140,143,137,94,85,79,102,97,74,88,92,89,104,73,48,85,65,93,83,104,111,92,114,130,124,113,73,75,131,125,114,124,109,108,111,148,130,153,134,140,146,133,137,147,143,154,136,154,56,116,62,52,87,112,46,68,23,109,106,73,107,148,117,134,138,132,105,112,127,107,107,139,99,152,106,146,157,89,120,131,133,125,125,94,53,86,81,95,70,40,68,35,68,94,128,99,107,108,106,60,54,108,102,101,104,94,97,127,108,123,97,112,,,,,,,,,,,,,,,,,,,,,,,,,,,,,,127,127,127,133,112,137,116,119,129,125,119,87,129,120,,83,119,116,119,116,123,124,111,110,110,109,112,112,159,130,113,133,140,155,82,140,82,149,140,136,121,113,106,153,129,136,131,123,126,137,136,57,86,83,129,84,54,67,88,51,67,55,54,108,122,126,146,125,117,119,136,115,96,74,94,99,107,88,109,65,103,50,75,71,87,82,64,59,76,77,38,48,32,31,29,142,46,60,44,80,71,72,91,116,124,59,53,99,86,86,81,,61,100,107,106,81,68,119,64,,79,104,105,99,127,115,93,117,118,138,91,109,56,84,89,106,98,115,,95,109,39,124,37,112,113,104,118,113,112,,117,,89,,102,,120,130,132,121,113,141,114,116,117,125,110,111,113,108,119,102,104,107,80,77,102,106,,,,77,,
20260402,14,O3_24h,98,110,132,107,107,144,112,118,127,124,138,139,127,140,109,130,102,121,125,188,158,182,160,135,125,188,187,183,193,184,138,147,146,154,161,146,140,174,167,156,148,151,134,112,142,130,133,66,140,143,137,94,85,79,102,97,74,88,92,89,104,73,48,85,65,93,83,104,111,92,114,130,124,113,73,75,131,125,114,124,109,108,111,148,130,153,134,140,146,133,137,147,143,154,136,154,56,116,62,52,87,112,46,68,23,109,106,73,107,148,117,134,138,132,105,112,127,107,107,139,99,152,106,146,157,89,120,131,133,125,125,94,53,86,81,95,70,40,68,35,68,94,128,99,107,108,106,60,54,108,102,101,104,94,97,127,108,123,97,112,,,,,,,,,,,,,,,,,,,,,,,,,,,,,,127,127,127,133,112,137,116,119,129,125,119,87,129,120,,83,119,116,119,116,123,124,111,110,110,109,112,112,159,130,113,133,140,155,82,140,82,149,140,136,121,113,106,153,129,136,131,123,126,137,136,57,86,83,129,84,54,67,88,51,67,55,54,108,122,126,146,125,117,119,136,115,96,74,94,99,107,88,109,65,103,50,75,71,87,82,64,59,76,77,38,48,32,31,29,142,46,60,44,80,71,72,91,116,124,59,53,99,86,86,81,,61,100,107,106,81,68,119,64,,79,104,105,99,127,115,93,117,118,138,91,109,56,84,89,106,98,115,,95,109,39,124,37,112,113,104,118,113,112,,117,,89,,102,,120,130,132,121,113,141,114,116,117,125,110,111,113,108,119,102,104,107,80,77,102,106,,,,77,,
20260402,14,O3_8h,62,62,77,68,72,83,61,79,71,66,75,78,81,77,63,81,80,100,101,113,110,103,107,82,94,106,104,109,119,113,93,105,100,77,98,94,87,94,101,84,101,62,67,53,109,115,100,60,103,95,85,82,87,52,91,90,46,76,74,81,93,43,62,60,44,72,66,95,105,53,62,73,62,88,60,66,76,85,71,92,72,71,92,99,78,107,82,107,103,82,83,102,105,78,96,102,52,103,91,62,61,96,47,63,49,91,93,53,78,112,74,74,88,73,69,80,87,67,68,106,73,107,94,96,115,71,80,83,98,102,80,95,44,82,60,94,35,37,56,39,54,53,64,78,69,82,76,61,61,99,74,66,45,44,61,79,95,66,87,88,,,,,,,,,,,,,,,,,,,,,,,,,,,,,,115,104,79,92,69,83,97,68,70,73,98,72,67,78,,70,111,78,83,76,79,96,82,83,80,90,85,96,138,122,90,97,132,123,67,111,71,120,100,110,89,63,55,101,91,96,98,92,83,95,113,38,61,51,98,57,80,50,66,48,46,72,63,67,94,88,94,88,100,97,111,100,97,41,90,102,86,83,110,66,89,37,61,69,101,52,31,42,61,61,14,47,36,38,22,95,25,48,44,81,33,65,74,84,83,64,33,51,51,64,41,,38,77,77,80,64,59,81,38,,74,84,82,94,66,63,85,104,91,65,87,51,37,92,66,103,88,67,,94,95,30,60,25,61,77,54,68,63,65,,101,,71,,82,,91,98,86,100,92,113,60,56,73,93,68,96,72,52,89,51,71,56,44,80,102,79,,,,61,,
20260402,14,O3_8h_24h,62,62,77,68,72,83,61,79,71,66,75,78,81,77,63,81,80,100,101,113,110,103,107,88,94,106,104,109,119,113,93,105,100,77,98,94,87,94,101,84,101,62,67,53,109,115,100,60,103,95,85,82,73,51,91,88,46,76,74,81,93,39,47,60,42,72,64,95,103,53,62,73,62,88,56,60,76,85,71,92,72,71,92,99,78,107,82,107,103,82,83,102,105,78,96,102,36,103,63,56,61,95,45,63,35,91,93,53,76,112,74,74,88,73,69,80,87,67,68,106,73,107,94,96,115,70,80,83,98,102,80,84,25,79,60,89,35,34,56,29,54,53,64,78,69,82,76,56,48,99,74,66,45,44,61,79,95,66,70,83,,,,,,,,,,,,,,,,,,,,,,,,,,,,,,114,104,79,92,69,83,96,68,70,73,98,72,67,78,,70,111,78,83,76,79,96,82,83,80,90,85,96,138,122,90,97,132,123,67,111,71,120,100,110,89,63,55,101,91,96,98,92,83,95,113,38,61,51,98,57,57,43,66,47,46,53,55,67,94,88,94,88,100,97,111,100,96,37,86,101,84,83,110,62,89,37,61,69,87,52,31,42,61,61,14,37,25,29,22,95,23,48,39,69,29,65,74,84,83,59,33,51,45,64,37,,38,77,77,80,64,59,81,34,,70,84,82,94,66,63,76,104,91,65,85,51,37,86,66,101,87,67,,80,95,20,60,22,61,77,54,68,63,65,,101,,54,,82,,91,98,86,100,92,113,60,56,73,93,68,96,72,52,89,51,71,56,44,67,89,79,,,,61,,
20260402,14,CO,0.48,0.68,0.78,0.67,0.35,0.55,0.42,0.37,0.45,0.50,0.45,0.45,0.70,0.52,0.44,0.85,0.31,0.37,0.58,0.59,0.53,0.64,0.60,0.61,0.36,0.60,0.74,0.59,0.76,0.88,0.48,0.62,0.40,0.57,0.43,0.30,0.40,0.67,0.57,0.37,0.55,0.47,0.50,0.40,0.64,0.33,0.38,0.88,0.50,1.39,0.51,0.61,0.62,0.69,0.56,0.50,0.53,0.35,0.43,0.67,0.57,0.73,0.80,0.45,0.58,0.51,0.70,0.42,0.33,0.64,0.63,0.55,0.48,0.27,0.45,0.57,0.53,0.26,0.56,0.50,0.23,0.38,0.50,0.41,0.58,0.63,0.48,0.43,0.50,0.42,0.27,0.53,0.33,0.92,0.50,0.60,0.87,0.57,0.63,0.60,0.80,0.55,0.70,0.60,0.75,0.50,0.67,0.60,0.33,0.40,0.37,0.57,0.57,0.46,0.44,1.02,0.80,0.74,0.40,0.70,0.50,0.67,0.24,0.50,0.53,0.72,0.68,0.42,0.68,0.73,0.47,0.50,0.50,0.70,0.60,1.13,0.50,0.87,0.63,0.90,0.50,0.50,0.72,0.75,0.65,0.47,0.53,0.25,0.60,0.43,0.73,0.55,0.35,0.58,0.60,0.40,0.60,0.72,0.34,0.35,,,,,,,,,,,,,,,,,,,,,,,,,,,,,,0.23,0.30,0.55,0.53,0.13,0.55,0.58,0.50,0.35,0.35,0.53,0.20,0.65,0.28,,0.20,0.50,0.45,0.90,0.60,0.77,0.40,0.50,0.50,0.65,0.30,0.40,0.23,0.80,0.70,0.37,0.75,0.45,0.70,0.30,0.50,0.15,0.47,0.54,0.35,0.50,0.53,0.40,0.60,0.60,0.37,0.45,0.17,0.63,0.27,0.57,0.53,0.50,0.80,0.55,0.60,1.03,0.70,0.55,0.66,0.90,0.97,0.85,0.65,0.64,0.52,0.45,0.47,0.58,0.65,0.47,0.37,0.75,0.80,0.85,0.63,0.52,0.70,0.47,0.70,0.93,0.55,0.77,0.85,0.90,0.40,0.57,0.30,0.60,0.40,0.45,1.03,0.93,0.80,0.90,0.85,0.75,0.80,1.00,0.80,0.57,0.60,0.43,0.37,0.35,0.60,0.27,0.35,0.50,0.45,0.30,,0.35,0.30,0.33,0.67,0.50,0.50,0.40,0.75,,0.65,0.30,0.20,0.45,0.60,0.35,,0.30,0.45,0.80,0.40,0.60,0.20,0.50,0.35,0.25,0.30,0.50,,0.25,0.45,0.73,0.30,0.60,0.60,0.25,0.30,0.20,0.20,0.30,,0.30,,0.60,,0.30,0.60,0.40,0.20,0.20,0.20,0.20,0.30,0.43,0.30,0.30,0.65,0.20,0.50,0.35,0.20,0.20,0.30,0.65,0.55,,0.40,0.60,0.50,,,,0.55,,
20260402,14,CO_24h,0.45,0.55,0.42,0.67,0.40,0.63,0.40,0.40,0.35,0.43,0.33,0.38,0.55,0.57,0.50,0.80,0.44,0.67,0.83,0.67,0.84,0.81,0.88,1.03,0.46,0.78,0.91,0.76,0.76,0.80,0.64,0.84,0.40,0.66,0.53,0.33,0.41,0.75,0.65,0.43,0.60,0.60,0.50,0.45,0.70,0.45,0.43,0.77,0.60,1.13,0.47,0.73,0.72,0.77,0.66,0.60,0.70,0.55,0.67,0.70,0.60,0.63,0.66,0.50,0.63,0.49,0.60,0.48,0.38,0.57,0.67,0.75,0.48,0.42,0.53,0.68,0.64,0.38,0.78,0.65,0.53,0.55,0.53,0.83,0.56,0.70,0.42,0.47,0.68,0.50,0.35,0.60,0.40,1.40,0.55,0.58,0.67,0.68,0.67,0.87,0.75,0.60,0.55,0.87,0.65,0.50,0.70,0.70,0.53,0.40,0.63,0.82,0.65,0.66,0.60,0.90,0.73,0.96,0.70,1.23,0.48,0.67,0.35,0.68,0.87,0.68,0.67,0.63,0.62,0.77,0.50,0.40,0.42,0.60,0.68,0.95,0.50,0.77,0.80,0.77,0.50,0.60,0.75,0.75,0.77,0.50,0.53,0.40,0.50,0.50,0.63,0.50,0.45,0.48,0.45,0.50,0.80,0.84,0.42,0.40,,,,,,,,,,,,,,,,,,,,,,,,,,,,,,0.35,0.40,0.55,0.53,0.27,0.45,0.53,0.47,0.33,0.53,0.57,0.20,0.50,0.35,,0.25,0.45,0.63,0.77,0.60,0.63,0.50,0.80,0.85,0.90,0.40,0.35,0.37,0.83,0.70,0.43,0.53,0.60,0.93,0.35,0.65,0.15,0.50,0.54,0.45,0.60,0.65,0.45,0.70,0.62,0.43,0.45,0.17,0.90,0.37,0.53,0.67,0.60,0.70,0.45,0.67,0.80,0.68,0.55,0.54,0.95,0.97,0.80,0.65,0.94,0.73,0.55,0.40,0.50,0.55,0.40,0.37,0.80,0.73,0.76,0.73,0.55,0.70,0.43,0.60,0.87,0.45,0.88,0.75,0.90,0.50,0.53,0.45,0.60,0.45,0.35,0.80,0.82,0.77,0.83,0.65,0.97,0.70,0.75,0.70,0.57,0.65,0.40,0.55,0.50,0.72,0.57,0.45,0.65,0.50,0.30,,0.35,0.55,0.40,0.63,0.60,0.55,0.50,0.65,,0.55,0.30,0.30,0.45,0.75,0.60,0.40,0.40,0.50,0.75,0.45,0.70,0.50,0.55,0.55,0.30,0.30,0.70,,0.25,0.55,0.63,0.57,0.50,0.50,0.60,0.40,0.50,0.40,0.40,,0.45,,0.70,,0.40,0.50,0.40,0.30,0.30,0.30,0.50,0.50,0.47,0.50,0.45,0.85,0.25,0.40,0.40,0.45,0.20,0.60,0.75,1.00,0.30,0.30,0.70,0.60,,,,0.70,,
20260402,15,AQI,89,90,93,68,54,88,98,48,65,88,84,87,110,44,53,69,45,55,106,86,53,79,52,53,42,104,85,95,89,102,55,50,68,49,48,39,46,70,63,48,46,47,44,35,51,40,46,65,51,104,51,37,34,40,33,38,41,37,42,31,33,69,71,33,38,35,51,32,35,69,52,41,55,48,31,34,54,41,51,57,45,54,37,46,81,59,66,46,53,60,43,55,51,111,61,58,38,35,31,34,28,36,51,30,44,34,32,33,33,54,38,51,46,42,53,51,70,45,63,71,79,169,70,46,56,47,90,60,52,88,53,70,50,27,26,28,27,64,41,78,31,33,38,33,34,32,40,21,41,33,60,53,44,63,81,318,102,62,40,62,,,,,,,,,,,,,,,,,,,,,,,,,,,,,,53,47,43,57,35,50,52,46,49,58,69,28,65,39,,26,54,70,65,62,58,62,44,35,38,76,109,35,171,160,85,161,123,170,26,123,26,48,57,47,55,45,35,53,51,51,40,41,48,44,43,29,27,30,39,36,36,52,47,34,34,36,40,42,71,61,62,51,48,51,47,52,52,59,58,61,33,40,55,40,54,26,25,50,31,22,49,26,21,23,39,60,69,60,52,66,39,65,90,63,33,21,29,37,38,24,22,30,25,28,27,,30,31,33,43,24,32,37,54,,53,48,32,30,69,51,28,51,54,90,30,53,21,23,32,39,30,35,,30,34,44,50,50,41,38,36,61,290,48,,53,,41,,33,17,39,41,52,38,35,67,63,37,36,60,110,36,59,86,62,59,111,44,41,28,44,55,,,,31,,
20260402,15,PM2.5,48,64,62,43,11,65,63,21,25,59,62,56,83,18,21,41,13,34,80,46,24,35,28,31,20,48,34,44,37,54,36,35,49,22,14,17,19,34,25,16,20,17,25,7,17,5,13,47,22,78,30,25,24,20,13,14,21,16,14,16,13,50,52,22,24,22,29,16,5,50,26,11,19,12,22,24,32,8,23,28,15,19,12,23,60,35,48,21,27,32,10,22,23,84,44,41,23,13,21,18,9,14,30,18,27,14,13,22,10,31,6,16,21,17,5,26,41,18,21,52,58,128,51,21,29,29,67,39,34,65,27,51,35,15,15,14,19,46,22,57,22,14,26,14,12,8,18,10,29,7,43,28,15,45,60,64,30,21,6,20,,,,,,,,,,,,,,,,,,,,,,,,,,,,,,20,9,13,37,7,22,30,22,6,14,28,6,27,14,,3,14,31,26,39,13,43,22,18,25,33,52,20,130,122,63,123,93,129,7,93,6,20,31,22,19,20,13,29,23,23,20,14,30,20,7,17,10,19,15,24,25,34,18,24,17,25,23,16,52,41,39,30,32,27,25,26,36,42,34,37,20,28,39,28,27,18,16,35,22,13,34,18,14,10,21,39,37,37,34,48,27,47,67,45,21,5,10,6,6,17,10,16,11,17,3,,3,15,17,30,11,14,16,32,,26,25,17,8,46,36,17,36,38,67,21,37,13,9,3,3,3,12,,3,7,31,21,29,23,18,11,23,82,11,,19,,16,,3,12,6,8,12,3,3,16,29,7,11,26,19,13,12,36,24,15,34,9,3,3,8,24,,,,22,,
20260402,15,PM2.5_24h,24,21,39,27,17,72,35,19,14,25,29,34,54,31,36,60,23,80,91,47,46,47,75,104,47,68,37,47,59,77,60,70,69,18,29,20,17,34,38,25,29,17,22,12,41,8,9,36,28,64,36,39,25,19,16,22,29,23,35,16,13,26,33,23,21,22,13,25,7,39,28,23,19,24,27,27,32,17,42,41,36,26,7,103,34,43,29,26,51,33,23,35,34,84,35,25,15,10,22,26,15,12,15,31,13,13,12,19,28,37,25,43,24,33,29,51,53,44,40,138,35,95,58,37,49,24,50,83,40,69,38,31,25,29,24,22,21,26,27,36,23,37,32,20,16,16,31,16,18,21,37,30,24,29,35,28,25,24,12,38,,,,,,,,,,,,,,,,,,,,,,,,,,,,,,26,27,15,35,18,32,20,27,17,19,27,10,22,17,,4,10,33,56,61,24,60,78,64,67,53,26,44,122,77,57,43,130,170,11,107,6,41,49,40,41,33,25,57,38,48,33,35,29,29,4,18,12,16,11,33,25,36,33,16,21,31,31,25,86,79,58,35,35,27,39,32,33,33,31,32,29,34,37,23,33,15,29,26,25,20,31,24,22,16,17,37,32,29,28,27,24,24,37,29,19,12,20,23,17,24,20,17,19,18,8,,4,18,25,20,13,19,20,23,,11,30,20,10,49,43,25,41,37,58,22,51,30,11,5,5,3,22,,3,5,27,28,18,22,27,21,33,59,18,,21,,21,,21,19,16,14,20,10,8,14,25,25,20,30,20,28,23,56,29,44,45,39,11,3,32,31,,,,28,,
20260402,15,PM10,127,130,135,85,58,83,145,48,79,125,107,124,117,44,55,88,45,60,153,68,49,55,53,56,42,67,68,73,55,79,59,48,68,42,32,29,32,48,42,34,35,35,40,19,52,18,26,57,52,97,51,37,32,40,31,38,41,37,42,28,25,79,58,33,38,35,51,28,24,87,54,26,60,48,29,31,57,40,52,64,45,57,25,46,78,68,59,46,55,70,38,59,51,114,69,59,38,26,31,34,18,27,51,30,44,22,22,33,22,58,37,52,46,42,56,52,90,45,76,71,86,168,85,41,49,47,86,69,54,82,55,72,42,25,24,18,23,65,41,67,31,33,35,28,21,28,40,21,37,27,68,55,44,72,82,434,153,73,40,74,,,,,,,,,,,,,,,,,,,,,,,,,,,,,,55,47,27,63,21,50,54,46,49,65,88,12,80,36,,11,57,90,80,74,66,74,44,35,38,102,167,32,199,141,81,169,161,158,22,126,7,48,64,47,60,45,28,50,52,51,36,41,48,36,28,29,19,30,19,36,24,53,47,31,34,35,40,42,80,72,73,51,48,51,47,54,54,54,65,72,29,33,55,30,58,26,25,,,18,43,25,18,14,39,69,87,69,54,66,36,69,73,69,33,10,21,17,30,20,22,24,21,,20,,11,27,31,37,21,32,14,57,,56,48,30,17,87,45,20,50,53,89,26,51,16,13,7,39,7,19,,6,12,43,50,50,41,35,36,71,413,48,,55,,41,,32,17,26,21,53,14,8,83,76,33,28,70,170,32,68,122,73,67,171,44,41,25,44,59,,,,29,,
20260402,15,PM10_24h,84,74,125,82,69,106,127,44,57,79,109,123,114,68,67,98,74,105,149,65,71,66,110,135,67,96,66,80,69,102,86,83,80,35,45,33,25,49,52,41,44,32,36,22,80,18,16,57,87,85,51,55,45,34,31,35,42,35,52,30,25,41,40,36,37,31,32,38,23,85,66,41,56,58,45,42,58,47,95,77,57,62,17,129,124,91,93,88,86,120,98,57,55,112,96,91,26,20,29,38,22,19,23,45,23,21,24,39,44,61,68,57,62,83,58,96,90,93,72,182,66,119,91,61,80,45,73,102,55,97,66,56,40,38,37,36,26,46,43,49,32,60,44,34,26,37,47,32,29,37,71,60,71,55,74,97,103,59,42,148,,,,,,,,,,,,,,,,,,,,,,,,,,,,,,49,46,28,67,57,73,47,51,75,69,63,22,63,38,,14,39,66,91,82,57,85,105,104,109,84,54,65,188,119,75,59,149,234,25,146,16,68,73,68,75,54,35,78,67,70,48,59,48,47,17,27,18,22,20,44,36,52,46,28,39,43,46,49,115,109,89,52,50,52,53,60,58,52,53,54,47,71,52,36,58,26,45,39,30,34,40,40,38,23,32,50,54,47,42,43,37,39,50,48,38,28,33,38,44,36,46,26,28,22,24,,10,25,39,27,24,31,26,37,,20,42,31,15,88,53,35,52,49,77,29,67,40,18,11,26,18,29,,10,10,46,73,39,43,83,44,88,143,58,,52,,46,,43,45,28,28,41,24,23,31,77,82,59,94,62,53,89,164,88,153,206,92,36,15,69,67,,,,45,,
20260402,15,SO2,6,11,7,11,8,7,8,5,5,6,8,9,10,8,12,12,8,7,9,7,7,7,5,8,8,11,7,8,6,13,8,8,5,7,5,4,7,6,6,6,6,3,4,4,6,5,3,8,7,9,4,7,4,5,4,4,6,4,6,5,5,13,4,6,7,5,8,3,4,9,16,9,8,7,4,5,12,6,11,8,7,10,4,11,11,7,12,8,8,7,4,4,6,11,7,11,10,6,5,4,7,7,7,5,6,4,8,6,3,5,7,8,7,7,6,13,14,11,8,8,6,9,7,6,8,6,13,4,8,13,5,13,7,6,6,7,10,12,7,5,4,7,7,9,6,7,2,6,11,6,8,6,2,11,11,18,10,18,5,9,,,,,,,,,,,,,,,,,,,,,,,,,,,,,,5,1,5,6,4,10,8,9,6,18,8,5,10,6,,7,10,11,13,13,7,8,6,9,8,2,8,6,8,12,8,8,6,11,5,7,7,6,9,7,8,9,4,11,7,5,5,5,6,5,3,6,5,7,6,5,5,4,13,4,7,7,8,10,9,8,4,6,6,7,3,5,9,8,11,11,4,5,7,5,8,8,7,9,5,6,7,4,2,4,14,8,9,13,13,17,6,7,7,6,3,6,7,5,7,7,4,7,8,6,5,,6,6,5,6,4,9,9,4,,4,6,6,8,7,6,5,4,4,11,6,4,6,5,7,9,6,6,,6,5,8,5,9,6,15,8,16,4,7,,5,,8,,5,8,5,10,13,11,3,13,7,8,4,8,10,6,4,4,7,5,3,6,6,5,13,10,,,,6,,
20260402,15,SO2_24h,5,8,4,9,9,6,5,5,4,4,7,8,7,8,10,11,8,9,11,7,6,6,6,10,8,10,6,8,7,11,7,8,5,6,6,5,7,6,6,6,7,3,4,4,6,4,3,9,7,7,4,8,6,6,5,5,7,4,7,5,6,11,5,6,8,5,7,4,5,7,11,16,12,8,5,6,12,7,14,10,8,25,4,15,10,7,13,11,10,8,5,6,6,11,8,10,10,6,6,10,8,6,7,8,8,4,7,8,6,5,15,10,9,13,14,13,10,12,13,11,6,7,8,7,8,6,11,5,8,11,5,13,7,9,7,10,8,7,11,9,4,8,8,10,9,6,3,6,8,7,7,5,3,7,8,26,14,18,5,10,,,,,,,,,,,,,,,,,,,,,,,,,,,,,,6,2,5,5,7,11,7,8,12,31,13,5,12,6,,5,9,15,10,10,8,6,8,10,10,2,6,10,9,11,8,7,8,12,7,17,9,6,8,7,7,7,4,8,7,6,5,7,4,6,3,7,4,7,5,5,6,6,15,5,8,10,11,13,10,11,6,6,6,6,3,5,10,7,12,12,5,6,8,5,9,7,6,9,5,7,7,5,4,4,9,8,6,12,13,19,6,6,12,9,4,7,8,7,9,7,5,6,9,6,5,,6,8,5,9,4,11,6,4,,5,6,6,9,9,6,4,4,4,9,5,5,6,6,6,9,7,11,,7,6,6,7,7,8,27,11,11,7,8,,7,,8,,4,13,7,10,13,15,5,14,8,9,7,5,9,7,3,4,11,4,2,7,6,5,16,10,,,,7,,
20260402,15,NO2,24,34,16,18,9,9,19,14,14,17,18,18,16,8,16,17,12,9,25,21,13,18,17,16,10,20,22,18,15,18,11,11,9,15,12,25,14,14,12,16,21,15,14,8,13,13,13,31,10,16,8,14,14,24,10,12,22,7,9,17,9,50,15,4,16,16,10,7,6,17,20,8,13,11,15,14,18,7,19,14,8,13,11,10,14,9,13,11,11,24,7,8,8,24,17,13,24,14,6,8,12,11,24,3,35,11,16,13,6,11,9,5,9,12,8,17,21,12,17,14,11,24,11,10,11,36,17,9,12,12,7,13,24,16,14,8,13,28,6,29,3,7,12,7,13,5,9,12,13,5,13,18,7,22,13,3,3,14,5,5,,,,,,,,,,,,,,,,,,,,,,,,,,,,,,10,7,19,8,3,7,8,14,10,9,12,6,6,6,,6,7,16,15,13,11,16,6,11,9,5,15,7,16,20,10,16,12,22,7,20,3,10,12,8,11,32,7,12,9,5,11,6,20,11,9,13,6,10,12,14,17,24,23,28,20,15,21,14,9,12,13,9,12,9,7,10,14,15,14,23,11,19,16,9,17,15,8,12,5,6,15,10,14,7,16,19,32,35,29,14,31,9,18,12,20,11,11,9,10,10,18,8,9,5,6,,9,5,9,5,9,8,5,12,,8,5,6,9,7,4,5,5,6,9,7,6,7,9,4,2,3,5,,2,3,25,9,18,9,10,11,4,5,7,,13,,9,,7,3,1,1,1,1,2,2,13,6,11,9,4,7,4,7,4,9,6,6,,,9,6,,,,2,,
20260402,15,NO2_24h,26,40,21,20,30,21,30,15,20,28,30,27,19,25,33,38,19,40,40,50,35,52,34,36,21,51,43,41,42,23,26,21,18,35,40,26,23,38,38,24,30,28,25,15,26,13,14,43,27,26,16,32,27,38,19,19,39,21,27,23,12,35,15,7,22,16,12,10,9,43,41,19,34,26,30,28,46,25,31,22,28,39,13,30,24,22,21,31,25,36,26,17,17,41,29,19,21,10,11,17,18,10,19,24,23,10,14,27,13,16,28,18,17,32,28,28,29,30,33,37,13,29,16,38,36,35,23,20,21,15,21,14,24,22,27,15,18,27,15,28,5,25,21,12,18,12,20,22,10,8,31,27,32,21,39,22,13,28,10,18,,,,,,,,,,,,,,,,,,,,,,,,,,,,,,11,11,21,14,24,24,10,24,29,34,15,8,17,20,,8,6,28,29,26,29,34,28,19,24,14,14,14,26,19,19,11,27,32,9,26,5,18,18,18,24,40,11,20,14,17,13,11,25,21,10,19,13,14,13,16,15,27,24,21,25,20,15,22,17,22,21,19,16,14,11,16,17,16,11,19,16,18,17,12,19,11,24,18,8,19,22,19,20,11,35,19,23,28,29,15,26,17,19,10,29,20,14,21,20,19,43,11,19,10,5,,12,10,10,6,15,9,8,18,,5,8,11,9,15,10,7,7,7,11,8,17,14,9,6,4,4,15,,3,3,24,48,15,19,33,28,26,22,21,,15,,13,,14,9,3,4,11,2,25,9,22,25,27,20,28,18,14,33,12,36,21,37,10,7,17,18,,,,6,,
20260402,15,O3,106,122,139,112,109,145,135,121,136,136,157,150,142,141,114,133,103,117,127,189,162,183,154,141,128,207,188,196,191,203,160,150,164,156,152,126,147,176,170,153,147,150,141,112,142,129,147,65,143,148,138,98,84,81,106,98,78,94,90,98,107,59,51,85,70,92,97,102,111,108,129,130,129,116,75,77,142,130,112,123,109,113,118,144,138,157,141,145,147,139,136,148,151,167,146,158,53,113,60,51,90,114,52,65,20,109,101,66,104,147,120,133,138,135,98,108,132,109,108,137,106,161,98,148,165,78,119,131,126,127,127,97,75,85,82,89,69,42,75,31,65,93,121,104,110,103,106,56,58,105,118,100,104,97,109,125,107,126,106,123,,,,,,,,,,,,,,,,,,,,,,,,,,,,,,121,127,139,134,113,144,117,119,132,135,126,89,127,124,,84,118,117,117,132,123,121,112,109,113,102,111,111,147,126,117,133,136,146,83,139,83,146,146,137,128,103,111,162,129,140,129,124,132,141,139,58,86,83,126,73,58,80,78,49,68,78,51,102,121,134,151,125,117,115,137,116,101,70,92,99,105,103,106,70,102,54,71,69,93,70,66,59,68,75,38,65,36,29,30,142,46,63,41,81,70,68,93,117,123,57,52,96,80,91,86,,96,99,107,111,78,68,119,69,,70,106,103,95,127,116,89,121,118,140,91,106,68,74,102,106,97,113,,95,110,45,128,46,110,122,104,121,111,110,,118,,93,,105,,124,130,127,120,113,138,122,119,116,129,113,114,120,118,128,110,109,120,93,90,110,115,,,,85,,
20260402,15,O3_24h,106,122,139,112,109,145,135,121,136,136,157,150,142,141,114,133,103,117,127,189,162,183,154,141,128,207,188,196,191,203,160,150,164,156,152,126,147,176,170,153,147,150,141,112,142,129,147,65,143,148,138,98,84,81,106,98,78,94,90,98,107,59,51,85,70,92,97,102,111,108,129,130,129,116,75,77,142,130,112,123,109,113,118,144,138,157,141,145,147,139,136,148,151,167,146,158,53,113,60,51,90,114,52,65,20,109,101,66,104,147,120,133,138,135,98,108,132,109,108,137,106,161,98,148,165,78,119,131,126,127,127,97,75,85,82,89,69,42,75,31,65,93,121,104,110,103,106,56,58,105,118,100,104,97,109,125,107,126,106,123,,,,,,,,,,,,,,,,,,,,,,,,,,,,,,121,127,139,134,113,144,117,119,132,135,126,89,127,124,,84,118,117,117,132,123,121,112,109,113,102,111,111,147,126,117,133,136,146,83,139,83,146,146,137,128,103,111,162,129,140,129,124,132,141,139,58,86,83,126,73,58,80,78,49,68,78,51,102,121,134,151,125,117,115,137,116,101,70,92,99,105,103,106,70,102,54,71,69,93,70,66,59,68,75,38,65,36,29,30,142,46,63,41,81,70,68,93,117,123,57,52,96,80,91,86,,96,99,107,111,78,68,119,69,,70,106,103,95,127,116,89,121,118,140,91,106,68,74,102,106,97,113,,95,110,45,128,46,110,122,104,121,111,110,,118,,93,,105,,124,130,127,120,113,138,122,119,116,129,113,114,120,118,128,110,109,120,93,90,110,115,,,,85,,
20260402,15,O3_8h,73,76,91,80,84,98,76,89,86,83,91,102,93,92,77,96,87,111,111,135,128,126,126,93,105,132,125,131,140,133,107,120,115,96,115,106,103,115,121,101,116,82,83,66,118,122,109,66,113,111,97,86,88,58,93,91,52,81,77,84,94,48,62,66,48,77,67,97,105,64,74,84,76,94,61,67,91,96,84,101,86,85,99,114,93,119,97,116,117,97,98,115,114,98,107,116,53,105,91,62,67,97,47,66,49,96,96,60,84,120,86,86,101,86,79,89,101,79,82,118,82,123,97,112,131,76,89,94,107,109,92,96,44,82,66,94,41,65,60,31,58,59,76,84,76,87,82,61,61,101,83,74,56,66,73,93,98,79,87,92,,,,,,,,,,,,,,,,,,,,,,,,,,,,,,117,110,89,101,83,98,101,80,84,85,103,77,79,90,,75,113,91,95,92,92,108,94,94,91,95,92,105,147,129,98,107,144,133,72,119,75,127,110,119,103,74,67,118,101,106,108,99,97,108,120,44,69,57,104,62,80,50,72,48,51,72,63,77,103,98,110,98,106,103,117,105,98,45,91,102,88,89,111,66,95,41,66,71,101,59,37,47,65,62,18,47,36,38,24,102,28,54,44,81,38,66,77,91,92,64,36,60,54,68,45,,48,82,83,86,67,60,91,40,,74,89,87,94,82,73,85,110,97,78,88,62,42,92,71,103,88,79,,94,96,30,75,26,71,90,63,82,74,73,,105,,71,,85,,98,105,96,104,100,118,71,69,84,99,78,98,79,65,95,58,79,66,52,80,102,86,,,,67,,
20260402,15,O3_8h_24h,73,76,91,80,84,98,76,89,86,83,91,92,93,92,77,96,87,111,111,135,128,126,126,102,105,132,125,131,140,133,107,120,115,96,115,106,103,115,121,101,116,82,83,66,118,122,109,66,113,111,97,86,74,58,93,90,52,81,77,84,94,44,46,66,46,77,67,97,104,64,74,84,76,94,58,62,91,96,84,101,86,85,99,114,93,119,97,116,117,97,98,115,114,98,107,116,38,105,60,54,67,97,46,65,31,96,96,60,84,120,86,86,101,86,79,89,101,79,82,118,82,123,97,112,131,75,89,94,107,109,92,87,29,80,66,88,41,34,60,31,58,59,76,84,76,87,82,56,49,101,83,74,56,52,73,93,98,79,74,88,,,,,,,,,,,,,,,,,,,,,,,,,,,,,,117,110,89,101,83,98,101,80,84,85,103,77,79,90,,75,113,91,95,92,92,108,94,94,91,95,92,105,147,129,98,107,144,133,72,119,75,127,110,119,103,74,67,118,101,106,108,99,97,108,120,44,69,57,104,62,55,49,72,48,51,56,55,77,103,98,110,98,106,103,117,105,97,43,87,102,87,89,111,64,95,41,66,71,88,59,37,47,65,62,18,40,26,28,24,102,27,54,40,70,37,66,77,91,92,58,36,60,50,68,45,,48,82,83,86,67,60,91,39,,69,89,87,94,82,73,82,110,97,78,87,62,42,84,71,100,88,79,,82,96,23,75,26,71,90,63,82,74,73,,105,,58,,85,,98,105,96,104,100,118,71,69,84,99,78,98,79,65,95,58,79,66,52,70,90,86,,,,67,,
20260402,15,CO,0.49,0.67,0.76,0.64,0.30,0.50,0.50,0.33,0.45,0.50,0.42,0.47,0.55,0.40,0.36,0.80,0.30,0.32,0.55,0.56,0.54,0.64,0.57,0.53,0.36,0.72,0.70,0.57,0.68,0.80,0.56,0.60,0.48,0.54,0.40,0.35,0.39,0.67,0.53,0.37,0.55,0.40,0.50,0.35,0.64,0.33,0.38,0.93,0.48,1.26,0.51,0.47,0.61,0.68,0.57,0.50,0.53,0.35,0.43,0.63,0.57,0.77,0.86,0.45,0.57,0.49,0.70,0.42,0.30,0.63,0.60,0.45,0.32,0.24,0.42,0.53,0.51,0.26,0.52,0.42,0.23,0.38,0.53,0.33,0.56,0.60,0.44,0.35,0.48,0.45,0.27,0.50,0.35,0.84,0.50,0.62,0.97,0.57,0.63,0.63,0.75,0.55,0.70,0.60,0.65,0.40,0.63,0.60,0.23,0.40,0.30,0.47,0.55,0.44,0.38,0.94,1.00,0.80,0.40,0.68,0.48,0.77,0.18,0.52,0.57,0.74,0.67,0.35,0.65,0.70,0.47,0.50,0.53,0.60,0.57,1.10,0.50,0.90,0.68,0.93,0.50,0.47,0.72,0.63,0.60,0.47,0.50,0.30,0.65,0.43,0.63,0.55,0.35,0.55,0.65,0.40,0.60,0.58,0.34,0.35,,,,,,,,,,,,,,,,,,,,,,,,,,,,,,0.30,0.30,0.50,0.57,0.17,0.35,0.58,0.37,0.30,0.37,0.57,0.20,0.40,0.25,,0.15,0.50,0.40,0.77,0.85,0.63,0.43,0.50,0.45,0.75,0.25,0.50,0.23,0.63,0.70,0.40,0.75,0.40,0.67,0.30,0.55,0.15,0.47,0.52,0.35,0.43,0.50,0.35,0.70,0.56,0.33,0.45,0.17,0.75,0.27,0.53,0.53,0.50,0.75,0.50,0.63,0.87,0.63,0.55,0.66,0.90,0.83,0.87,0.65,0.58,0.50,0.50,0.45,0.56,0.57,0.40,0.33,0.75,0.77,0.84,0.70,0.47,0.60,0.50,0.60,0.97,0.50,0.82,0.80,0.90,0.40,0.60,0.30,0.65,0.40,0.40,0.80,0.93,0.85,0.87,0.85,0.70,0.80,1.00,0.80,0.57,0.60,0.40,0.38,0.50,0.60,0.25,0.35,0.55,0.50,0.30,,0.30,0.35,0.33,0.63,0.55,0.50,0.35,0.75,,0.65,0.30,0.20,0.45,0.60,0.35,0.30,0.40,0.40,0.80,0.35,0.60,0.20,0.60,0.30,0.20,0.30,0.50,,0.25,0.50,0.83,0.30,0.60,0.60,0.35,0.35,,0.20,0.30,,0.30,,0.60,,0.20,0.50,0.20,0.20,0.20,0.30,0.20,0.30,0.43,0.30,0.30,0.60,0.15,,0.30,0.30,0.20,0.30,0.65,0.55,,0.30,0.55,0.45,,,,0.50,,
20260402,15,CO_24h,0.46,0.55,0.44,0.68,0.40,0.57,0.39,0.40,0.40,0.43,0.33,0.38,0.55,0.57,0.54,0.81,0.44,0.67,0.84,0.67,0.83,0.82,0.85,1.03,0.46,0.78,0.90,0.77,0.76,0.80,0.64,0.84,0.40,0.67,0.53,0.33,0.41,0.75,0.65,0.43,0.60,0.60,0.50,0.45,0.70,0.43,0.43,0.77,0.59,1.16,0.47,0.73,0.71,0.77,0.66,0.60,0.70,0.55,0.63,0.70,0.60,0.63,0.67,0.50,0.62,0.49,0.60,0.48,0.38,0.60,0.67,0.75,0.48,0.42,0.53,0.68,0.66,0.38,0.78,0.63,0.53,0.55,0.53,0.83,0.52,0.70,0.46,0.47,0.68,0.50,0.35,0.60,0.40,1.36,0.55,0.58,0.70,0.63,0.67,0.87,0.75,0.60,0.55,0.87,0.65,0.50,0.70,0.70,0.53,0.40,0.61,0.83,0.65,0.66,0.60,0.94,0.75,0.96,0.70,1.23,0.50,0.70,0.35,0.68,0.87,0.70,0.67,0.63,0.62,0.77,0.50,0.42,0.42,0.60,0.68,0.95,0.50,0.77,0.80,0.79,0.50,0.60,0.75,0.75,0.73,0.50,0.53,0.40,0.50,0.50,0.67,0.50,0.45,0.48,0.45,0.50,0.80,0.84,0.42,0.40,,,,,,,,,,,,,,,,,,,,,,,,,,,,,,0.35,0.40,0.55,0.57,0.27,0.50,0.55,0.47,0.33,0.53,0.57,0.20,0.50,0.35,,0.25,0.50,0.63,0.80,0.60,0.63,0.50,0.80,0.85,0.90,0.40,0.35,0.37,0.87,0.70,0.47,0.53,0.60,0.93,0.35,0.65,0.15,0.50,0.54,0.45,0.60,0.65,0.45,0.70,0.62,0.43,0.45,0.20,0.90,0.37,0.53,0.67,0.60,0.75,0.45,0.67,0.80,0.68,0.55,0.54,0.95,1.00,0.80,0.70,0.94,0.73,0.55,0.43,0.50,0.55,0.40,0.37,0.80,0.73,0.76,0.77,0.55,0.70,0.47,0.60,0.87,0.45,0.88,0.75,0.90,0.50,0.57,0.45,0.60,0.45,0.40,0.80,0.82,0.77,0.87,0.70,1.00,0.70,0.75,0.70,0.57,0.70,0.43,0.55,0.50,0.72,0.57,0.45,0.65,0.50,0.30,,0.35,0.50,0.40,0.63,0.60,0.55,0.50,0.65,,0.55,0.30,0.30,0.45,0.75,0.60,0.40,0.40,0.50,0.80,0.45,0.70,0.50,0.55,0.50,0.30,0.30,0.70,,0.25,0.55,0.63,0.57,0.50,0.50,0.60,0.40,0.50,0.40,0.40,,0.45,,0.70,,0.40,0.50,0.40,0.30,0.30,0.30,0.50,0.50,0.47,0.50,0.45,0.85,0.25,0.40,0.40,0.45,0.20,0.60,0.75,1.00,0.30,0.30,0.70,0.60,,,,0.70,,
20260402,16,AQI,91,90,93,73,64,74,98,51,59,86,94,81,90,46,52,67,48,53,101,73,53,66,53,45,44,101,73,88,85,100,60,49,69,47,46,35,49,69,49,45,42,44,41,36,52,41,46,59,52,105,50,30,31,38,33,39,47,40,46,33,34,65,70,33,40,33,48,31,34,66,51,39,52,46,33,33,55,51,51,57,47,51,37,45,75,59,51,47,53,63,43,51,52,105,63,61,30,35,33,34,35,36,37,28,45,35,32,36,33,52,38,46,52,41,53,50,78,57,62,63,86,189,67,45,58,46,85,58,49,79,47,76,41,26,26,27,29,57,40,80,30,27,35,32,35,33,42,17,39,33,60,53,46,63,85,179,89,64,45,62,,,,,,,,,,,,,,,,,,,,,,,,,,,,,,56,40,42,61,36,53,55,38,47,62,70,28,65,39,,26,54,75,59,67,55,76,47,35,41,79,84,34,167,121,93,166,95,126,26,205,43,49,57,50,51,41,33,50,51,51,46,42,41,46,42,26,23,39,40,43,44,45,37,31,28,36,39,43,71,56,57,59,46,51,42,54,52,53,54,61,33,33,52,30,59,29,24,51,37,24,51,24,21,23,40,44,57,58,55,68,40,65,83,61,40,22,30,35,36,21,24,32,26,29,28,,26,30,38,43,23,32,38,57,,53,51,33,30,67,43,28,55,51,96,29,50,24,23,33,51,30,35,,30,34,43,53,50,40,45,32,69,306,51,,51,,41,,33,23,38,41,70,38,37,83,61,51,37,55,125,36,59,71,57,66,93,39,31,29,37,53,,,,33,,
20260402,16,PM2.5,52,65,66,47,17,54,65,22,27,63,70,58,67,21,34,32,19,30,74,42,27,34,30,27,22,47,29,38,37,50,38,34,50,19,14,16,26,32,27,13,17,18,16,8,15,4,14,42,19,79,32,20,22,18,14,14,19,16,14,15,14,47,51,22,24,22,30,20,4,48,27,8,20,10,23,23,29,12,21,27,21,18,13,20,55,33,34,22,24,37,9,20,23,79,45,44,18,14,20,17,12,16,25,18,30,17,16,25,12,28,8,12,24,25,6,24,39,24,22,45,64,142,47,19,26,23,63,41,33,58,26,56,29,16,14,12,20,40,24,59,21,12,21,13,13,5,24,9,27,10,43,28,13,45,63,48,25,30,8,22,,,,,,,,,,,,,,,,,,,,,,,,,,,,,,23,24,15,41,5,19,33,16,11,20,38,7,19,13,,5,13,32,22,42,17,56,18,20,20,34,56,18,127,92,69,126,71,96,11,155,6,20,27,26,17,19,12,27,22,22,21,15,25,23,7,16,12,27,10,18,31,22,22,22,12,25,22,19,52,35,39,42,30,30,25,30,28,37,33,31,20,18,36,20,35,18,16,36,26,17,36,17,15,9,28,31,31,36,37,49,28,47,61,44,24,3,10,7,6,15,10,18,10,17,6,,6,13,24,30,13,17,17,38,,37,26,13,5,44,30,14,39,35,72,16,19,7,9,10,3,3,8,,3,7,30,21,28,22,22,11,25,91,14,,18,,14,,11,11,7,8,15,6,3,10,17,29,13,27,27,18,13,31,23,21,27,12,3,3,7,15,,,,23,,
20260402,16,PM2.5_24h,25,23,41,29,17,71,35,20,15,26,31,33,54,31,38,60,22,80,92,48,47,48,73,103,46,69,37,47,58,77,59,69,69,19,29,20,17,34,39,25,28,18,22,12,40,8,9,38,27,65,36,39,25,20,15,22,30,23,35,17,13,27,35,23,21,22,14,25,7,39,28,23,19,24,27,28,33,17,42,41,36,27,7,102,34,43,29,25,52,34,22,35,35,83,35,26,15,10,21,26,15,12,16,31,14,14,12,20,28,37,25,43,24,32,28,51,54,44,40,136,39,101,59,37,49,24,52,83,40,71,39,34,26,29,24,23,22,28,27,39,23,36,32,20,16,17,31,17,18,21,38,30,24,30,37,29,25,25,12,38,,,,,,,,,,,,,,,,,,,,,,,,,,,,,,26,27,15,36,17,32,21,27,17,20,28,10,23,18,,4,10,34,55,62,25,62,78,64,67,53,27,44,127,81,57,48,132,172,11,109,5,41,49,40,40,33,25,57,38,48,33,35,29,28,4,18,12,17,11,32,26,36,33,17,20,31,31,25,86,79,58,36,35,28,39,33,33,35,31,33,29,35,37,23,33,15,29,27,26,21,32,25,22,17,17,38,32,29,29,29,24,26,38,30,20,12,20,23,17,24,20,17,19,18,8,,4,18,25,20,13,19,20,24,,12,30,20,10,50,43,24,40,36,59,22,49,29,10,6,5,3,22,,3,5,28,28,18,22,28,21,33,61,18,,21,,21,,20,19,16,14,21,10,8,14,25,26,20,30,21,28,22,55,28,43,44,38,11,3,31,31,,,,28,,
20260402,16,PM10,132,130,135,96,78,68,146,52,68,121,110,112,98,45,54,84,48,56,152,61,53,53,55,44,44,72,65,66,54,75,56,47,68,37,31,28,44,48,47,30,31,38,28,22,53,17,29,55,53,99,50,30,30,38,33,39,47,40,46,29,29,78,65,33,40,33,48,30,24,82,51,21,53,46,29,30,60,51,52,64,47,52,29,44,74,68,52,46,55,76,37,52,54,116,67,60,30,28,33,34,35,30,37,28,45,25,31,34,31,53,31,46,54,41,55,50,105,64,73,63,84,188,83,38,49,46,87,63,49,85,47,73,36,20,26,16,26,64,40,68,28,27,29,28,23,24,42,16,39,28,67,56,46,68,81,307,127,77,45,73,,,,,,,,,,,,,,,,,,,,,,,,,,,,,,61,32,31,72,26,55,60,31,47,73,90,17,79,33,,10,58,99,68,83,60,84,47,30,41,107,118,31,168,112,82,168,132,138,24,270,43,49,64,50,52,41,27,49,51,52,46,42,41,43,33,26,21,27,25,43,35,45,37,29,28,31,39,43,79,62,63,48,46,51,40,58,54,49,58,72,27,24,53,30,67,29,24,,,21,45,22,17,16,37,41,64,66,60,68,40,73,76,64,40,8,22,17,32,17,24,27,20,19,21,,8,26,38,34,21,32,19,63,,54,51,22,20,83,41,21,50,51,96,22,50,11,17,16,52,7,23,,7,11,42,55,50,40,45,30,87,425,52,,52,,41,,26,23,23,19,90,17,8,115,72,52,28,59,199,27,67,92,64,82,135,37,11,19,37,56,,,,29,,
20260402,16,PM10_24h,87,76,127,84,70,105,126,45,60,79,109,122,114,68,68,99,70,104,153,66,72,67,108,133,66,97,67,81,68,101,84,81,81,36,45,34,26,50,53,41,43,33,36,23,80,18,17,58,83,86,51,54,45,35,31,35,43,35,53,31,26,44,42,36,37,31,33,38,23,85,65,41,56,58,44,43,60,47,93,77,56,64,18,128,118,90,89,84,86,117,94,57,56,111,96,88,27,20,29,38,23,19,24,45,25,21,25,40,44,61,68,58,62,81,59,95,91,91,74,179,70,125,93,60,79,45,75,102,55,99,67,58,40,38,37,36,25,47,43,53,32,59,45,35,26,37,47,32,30,36,72,60,71,56,75,106,105,60,42,144,,,,,,,,,,,,,,,,,,,,,,,,,,,,,,50,46,29,68,56,74,48,50,75,70,65,22,64,38,,14,40,69,90,83,59,86,104,99,106,87,57,65,192,123,75,65,153,236,25,152,17,68,73,69,74,54,35,78,68,70,49,59,48,47,18,27,18,22,20,44,36,53,46,29,39,43,46,49,115,108,89,53,51,52,53,61,59,53,53,56,46,70,52,36,59,26,44,39,30,33,41,40,38,23,33,51,55,48,44,45,39,41,52,48,39,27,34,37,44,36,46,26,28,22,25,,10,25,38,27,24,31,26,38,,21,43,31,16,89,52,35,52,49,77,29,65,38,17,11,28,16,29,,10,9,46,72,40,44,83,45,88,156,58,,52,,46,,43,45,28,28,45,24,23,35,77,81,59,93,69,53,88,161,85,149,202,90,36,15,69,68,,,,44,,
20260402,16,SO2,6,12,5,11,10,6,8,5,5,6,7,9,9,8,12,10,8,7,9,7,6,7,5,8,9,10,6,8,6,13,8,7,6,7,5,5,7,6,7,6,7,3,3,5,6,4,2,8,6,8,5,7,4,5,5,4,5,4,6,4,5,12,4,6,7,5,7,3,4,8,14,6,7,7,4,5,11,6,10,9,7,9,4,11,10,7,11,9,8,7,4,3,6,11,6,10,8,6,4,4,8,7,7,5,6,4,8,6,3,5,6,8,8,7,5,11,14,13,8,7,6,10,7,7,8,6,12,4,8,13,5,13,6,6,5,7,9,9,7,5,4,7,7,13,6,7,3,6,12,6,8,6,2,9,11,17,11,35,5,9,,,,,,,,,,,,,,,,,,,,,,,,,,,,,,6,1,6,7,4,10,9,8,6,22,10,5,8,5,,7,10,10,11,13,7,11,6,8,9,1,8,5,8,11,7,8,5,9,5,15,6,7,8,7,8,8,4,10,6,5,5,6,6,6,3,5,4,6,7,4,5,5,16,4,7,6,8,9,9,8,4,6,7,7,3,5,9,8,11,10,4,4,7,6,6,8,6,8,5,6,6,5,2,5,16,7,6,12,14,13,6,6,7,6,7,6,7,5,7,7,4,7,8,8,5,,5,9,6,6,4,10,7,3,,4,6,6,8,7,6,4,4,4,10,5,6,6,6,6,8,6,4,,6,5,7,5,9,6,15,9,13,4,7,,3,,8,,6,8,5,10,13,7,3,13,7,11,5,6,9,6,3,6,6,5,2,6,4,,12,10,,,,7,,
20260402,16,SO2_24h,5,8,4,9,9,6,5,5,4,4,7,8,7,8,10,11,8,9,11,7,7,7,6,10,8,10,6,8,7,11,7,8,5,7,6,5,7,6,6,6,7,3,4,4,6,4,3,9,7,7,4,8,6,6,5,5,7,4,7,5,6,11,5,6,8,5,7,4,5,7,11,16,12,8,5,6,12,7,14,10,8,25,4,15,10,7,13,10,10,8,5,6,6,11,8,10,10,6,6,10,8,6,7,7,8,4,7,8,6,5,15,10,9,12,13,12,10,12,13,11,6,8,8,7,8,6,11,5,8,11,6,13,6,9,7,10,8,7,11,8,4,8,8,10,9,6,3,6,8,7,7,5,3,7,8,26,14,19,5,10,,,,,,,,,,,,,,,,,,,,,,,,,,,,,,6,2,5,5,6,11,8,8,12,32,13,5,12,6,,5,9,15,10,10,8,7,8,10,10,2,6,10,9,11,8,7,8,12,7,18,9,6,8,7,7,7,4,8,7,6,5,7,4,6,3,7,4,7,5,5,6,6,15,5,8,10,11,13,10,11,6,6,6,6,3,5,10,7,12,12,5,6,8,6,9,8,6,9,5,7,7,5,4,4,9,8,6,12,13,19,6,6,12,9,4,6,8,6,9,7,5,6,9,6,5,,6,8,5,9,4,11,6,4,,5,6,6,9,9,6,4,4,4,9,5,5,6,6,6,9,7,11,,7,6,6,7,7,8,26,11,12,7,8,,7,,8,,4,13,7,10,13,15,5,14,8,9,7,5,9,7,3,4,11,4,2,7,6,5,16,10,,,,7,,
20260402,16,NO2,23,38,15,18,11,7,20,13,15,16,17,18,11,9,17,14,14,9,26,22,15,21,20,16,10,24,24,19,16,18,13,12,11,16,13,27,18,14,19,18,30,21,15,10,15,12,14,29,10,17,9,14,14,21,11,13,22,7,10,14,9,56,17,4,17,17,10,8,5,15,16,6,12,10,16,17,16,8,19,15,9,13,12,11,13,9,11,11,11,25,8,8,9,24,20,14,22,14,6,8,10,12,16,3,35,11,18,9,6,12,9,6,10,12,6,14,20,14,18,14,11,30,10,12,12,31,19,9,13,12,8,15,19,18,16,7,15,28,7,30,3,7,11,10,12,5,12,12,12,5,14,22,6,21,13,3,3,17,4,4,,,,,,,,,,,,,,,,,,,,,,,,,,,,,,11,8,25,8,4,9,10,13,9,10,14,5,6,6,,8,7,17,14,12,11,23,6,11,9,6,13,6,17,18,11,16,10,19,6,45,2,11,14,10,13,32,8,11,9,6,14,6,21,12,11,13,10,15,13,24,14,23,20,29,17,16,19,17,10,13,13,10,12,11,7,10,10,13,12,27,11,16,15,7,22,11,7,13,7,12,16,8,15,8,18,14,19,34,28,12,29,9,22,11,25,12,11,10,11,10,17,9,9,5,6,,6,5,11,5,10,8,6,11,,8,5,6,10,9,4,5,5,7,9,7,10,5,11,4,2,3,5,,2,4,25,9,18,10,10,12,3,5,7,,11,,10,,5,5,1,1,1,1,2,1,13,6,8,9,4,6,5,8,2,4,4,5,4,8,8,6,,,,3,,
20260402,16,NO2_24h,27,41,22,21,30,21,30,15,20,28,30,27,19,25,33,38,19,40,41,50,35,52,34,36,21,51,43,41,42,23,27,21,19,35,40,27,23,38,38,24,31,29,25,15,26,13,14,44,27,25,16,32,27,38,19,18,40,20,27,23,12,37,15,7,22,16,12,9,9,43,41,19,34,26,31,28,47,25,31,22,28,40,13,30,23,22,21,30,25,36,26,17,18,41,29,19,22,10,10,17,18,10,20,23,24,10,14,26,13,16,28,18,17,32,27,28,30,30,34,36,13,30,16,38,37,36,23,20,21,15,21,15,24,22,27,15,19,27,15,29,5,25,22,12,18,12,20,22,10,7,31,27,32,21,39,22,13,29,10,18,,,,,,,,,,,,,,,,,,,,,,,,,,,,,,11,11,21,14,24,24,10,24,29,34,15,8,17,20,,8,6,28,29,27,29,35,28,19,23,14,15,14,26,20,18,12,27,32,9,27,5,18,18,18,24,41,11,21,14,17,13,11,25,21,10,19,13,14,13,17,15,27,24,21,25,20,15,23,17,22,21,19,16,14,11,16,17,17,11,19,16,18,17,12,20,11,24,18,8,19,22,20,20,11,35,19,23,29,29,15,27,17,20,10,30,20,14,21,20,19,43,11,19,10,5,,12,9,10,6,15,9,8,18,,6,8,11,9,15,10,8,7,7,11,8,17,13,9,6,4,4,15,,3,4,25,48,15,19,33,28,26,22,21,,16,,13,,14,9,3,4,11,2,25,9,23,25,27,20,28,18,14,34,12,36,21,37,10,7,16,18,,,,6,,
20260402,16,O3,115,120,147,114,113,142,145,127,131,152,159,151,145,148,116,130,105,115,124,178,162,173,159,144,130,201,178,190,188,200,168,151,167,150,148,113,156,175,158,145,135,141,131,116,138,130,147,70,148,141,138,93,79,85,106,97,77,93,87,105,108,44,51,84,71,91,103,99,109,121,138,126,129,122,71,72,147,134,114,122,110,114,117,143,144,157,151,149,147,143,138,144,152,167,146,162,57,112,59,51,92,116,56,64,23,112,101,65,104,140,122,130,143,131,98,109,133,115,108,128,107,165,93,145,166,80,117,131,121,129,123,99,81,82,75,87,68,41,73,27,64,86,112,101,111,105,100,55,64,105,128,96,99,104,121,122,107,129,113,128,,,,,,,,,,,,,,,,,,,,,,,,,,,,,,116,128,133,135,116,149,112,120,139,138,129,89,120,126,,84,121,118,115,133,123,129,111,112,110,103,106,109,144,112,116,130,128,126,84,137,84,148,142,138,123,93,104,160,126,139,122,123,127,147,133,57,73,66,127,53,64,80,79,44,65,79,61,91,123,138,151,118,112,108,135,114,101,71,94,94,104,107,105,73,99,68,72,71,85,53,63,58,65,73,36,76,62,29,31,131,39,62,36,82,64,70,96,112,115,58,51,102,82,93,90,,83,96,109,113,74,68,120,73,,69,112,105,95,127,115,91,125,121,136,92,104,77,75,104,103,96,113,,97,108,50,132,44,100,128,103,122,107,115,,115,,93,,107,,123,130,121,122,118,136,123,126,119,134,108,116,125,127,129,124,112,126,99,92,116,122,,,,85,,
20260402,16,O3_24h,115,120,147,114,113,142,145,127,131,152,159,151,145,148,116,130,105,115,124,178,162,173,159,144,130,201,178,190,188,200,168,151,167,150,148,113,156,175,158,145,135,141,131,116,138,130,147,70,148,141,138,93,79,85,106,97,77,93,87,105,108,44,51,84,71,91,103,99,109,121,138,126,129,122,71,72,147,134,114,122,110,114,117,143,144,157,151,149,147,143,138,144,152,167,146,162,57,112,59,51,92,116,56,64,23,112,101,65,104,140,122,130,143,131,98,109,133,115,108,128,107,165,93,145,166,80,117,131,121,129,123,99,81,82,75,87,68,41,73,27,64,86,112,101,111,105,100,55,64,105,128,96,99,104,121,122,107,129,113,128,,,,,,,,,,,,,,,,,,,,,,,,,,,,,,116,128,133,135,116,149,112,120,139,138,129,89,120,126,,84,121,118,115,133,123,129,111,112,110,103,106,109,144,112,116,130,128,126,84,137,84,148,142,138,123,93,104,160,126,139,122,123,127,147,133,57,73,66,127,53,64,80,79,44,65,79,61,91,123,138,151,118,112,108,135,114,101,71,94,94,104,107,105,73,99,68,72,71,85,53,63,58,65,73,36,76,62,29,31,131,39,62,36,82,64,70,96,112,115,58,51,102,82,93,90,,83,96,109,113,74,68,120,73,,69,112,105,95,127,115,91,125,121,136,92,104,77,75,104,103,96,113,,97,108,50,132,44,100,128,103,122,107,115,,115,,93,,107,,123,130,121,122,118,136,123,126,119,134,108,116,125,127,129,124,112,126,99,92,116,122,,,,85,,
20260402,16,O3_8h,83,89,106,90,95,110,92,99,100,99,108,114,106,108,89,108,93,119,117,154,141,146,143,104,114,153,144,151,158,155,122,132,132,111,129,115,118,135,138,115,127,100,98,80,127,127,117,71,124,125,109,90,89,65,95,92,59,84,81,89,96,52,62,72,52,83,73,100,106,76,88,97,90,99,63,68,107,106,95,110,97,97,104,128,109,131,112,126,129,112,111,126,124,118,120,130,55,108,91,62,74,101,48,67,49,101,99,66,93,128,98,100,114,99,89,97,113,89,93,127,91,138,100,125,146,80,99,105,116,116,103,90,44,83,70,94,48,65,63,32,63,65,88,91,84,93,87,61,61,104,91,82,67,63,86,106,102,92,89,96,,,,,,,,,,,,,,,,,,,,,,,,,,,,,,119,116,99,111,95,113,105,92,99,98,110,83,91,101,,78,115,102,103,107,103,116,106,104,102,99,98,110,155,130,104,115,146,143,77,126,79,133,119,126,115,84,78,134,111,116,115,108,104,121,126,49,74,61,111,64,80,55,78,49,54,72,63,85,110,107,125,106,109,107,123,108,100,50,92,103,92,94,112,66,100,46,70,72,101,62,44,52,69,64,23,48,36,38,27,110,31,58,44,81,43,68,82,100,103,64,40,70,57,74,54,,56,88,90,91,70,62,100,44,,74,96,93,95,97,85,90,117,103,92,89,74,49,86,78,103,90,92,,94,98,32,91,30,81,103,73,95,85,83,,108,,71,,91,,106,112,108,110,109,124,83,84,98,105,86,101,88,78,100,68,85,79,62,80,102,93,,,,72,,
20260402,16,O3_8h_24h,83,89,106,90,95,110,92,99,100,99,108,106,106,108,89,108,93,119,117,154,141,146,143,114,114,153,144,151,158,155,122,132,129,111,129,115,118,135,138,115,127,100,98,80,127,127,117,71,124,125,109,90,75,64,95,92,59,84,81,89,97,48,47,72,51,83,73,100,105,76,88,97,90,99,61,64,107,106,95,110,97,97,104,128,109,131,112,126,129,112,111,126,124,118,120,130,42,108,57,52,74,101,48,64,29,101,99,66,93,128,98,100,114,99,89,97,113,89,93,127,91,138,100,125,146,79,99,105,116,116,103,91,37,81,70,89,48,39,63,32,63,65,88,91,84,93,87,56,51,104,91,82,67,63,86,106,102,92,82,94,,,,,,,,,,,,,,,,,,,,,,,,,,,,,,119,116,99,111,95,113,105,92,99,98,110,83,91,101,,78,115,102,103,107,103,116,106,104,102,99,98,110,155,129,104,115,146,143,77,126,79,133,119,126,115,84,78,134,111,116,115,108,104,121,126,49,74,61,111,64,55,55,78,48,54,58,57,85,110,107,125,106,109,107,123,108,100,50,90,103,92,94,112,66,100,46,70,72,86,62,44,52,69,64,23,44,31,27,27,110,31,58,39,72,43,68,82,100,103,57,40,70,56,74,54,,56,88,90,91,70,62,100,44,,69,96,93,95,97,85,90,117,103,92,88,74,49,82,78,100,90,92,,85,98,28,91,30,81,103,73,95,85,83,,108,,64,,91,,106,112,108,110,109,124,83,84,98,105,86,101,88,78,100,68,85,79,62,74,92,93,,,,72,,
20260402,16,CO,0.49,0.72,0.72,0.61,0.35,0.45,0.53,0.37,0.45,0.50,0.40,0.43,0.50,0.40,0.36,0.63,0.33,0.31,0.54,0.57,0.51,0.67,0.60,0.51,0.38,0.63,0.69,0.56,0.64,0.80,0.50,0.60,0.60,0.51,0.40,0.33,0.46,0.67,0.53,0.37,0.55,0.43,0.50,0.40,0.60,0.28,0.38,0.87,0.47,1.14,0.53,0.47,0.59,0.64,0.57,0.47,0.50,0.35,0.43,0.63,0.55,0.83,0.84,0.45,0.57,0.49,0.73,0.41,0.30,0.61,0.50,0.40,0.34,0.24,0.42,0.55,0.47,0.26,0.52,0.42,0.27,0.42,0.47,0.31,0.56,0.57,0.43,0.38,0.50,0.47,0.27,0.47,0.35,0.85,0.60,0.63,0.93,0.57,0.53,0.60,0.75,0.55,0.55,0.57,0.70,0.40,0.63,0.55,0.23,0.40,0.30,0.45,0.57,0.46,0.36,0.74,0.97,0.80,0.38,0.67,0.48,0.87,0.22,0.50,0.57,0.70,0.71,0.33,0.65,0.70,0.47,0.55,0.45,0.60,0.57,1.00,0.50,0.90,0.65,0.90,0.50,0.47,0.65,0.93,0.63,0.47,0.50,0.30,0.68,0.45,0.63,0.55,0.30,0.58,0.65,0.40,0.60,0.84,0.34,0.35,,,,,,,,,,,,,,,,,,,,,,,,,,,,,,0.37,0.30,0.50,0.57,0.13,0.40,0.63,0.33,0.30,0.43,0.60,0.20,0.30,0.23,,0.20,0.50,0.43,0.70,0.70,0.53,0.50,0.50,0.40,0.65,0.35,0.40,0.23,0.67,0.60,0.43,0.70,0.35,0.53,0.30,1.10,0.10,0.47,0.56,0.40,0.40,0.50,0.35,0.60,0.58,0.33,0.43,0.17,0.88,0.30,0.50,0.53,0.40,0.80,0.45,0.67,0.87,0.65,0.55,0.66,0.90,0.88,0.82,0.65,0.60,0.50,0.50,0.47,0.56,0.60,0.37,0.33,0.80,0.77,0.80,0.77,0.45,0.50,0.43,0.60,0.97,0.45,0.82,0.80,0.90,0.50,0.67,0.30,0.65,0.40,0.40,0.73,0.80,0.87,0.87,0.80,0.70,0.80,0.95,0.80,0.63,0.60,0.40,0.40,0.60,0.60,0.28,0.35,0.50,0.45,0.20,,0.30,0.35,0.37,0.60,0.55,0.50,0.35,0.75,,0.75,0.30,0.20,0.45,0.60,0.35,0.30,0.40,0.40,0.75,0.35,0.60,0.20,0.60,0.25,0.20,0.30,0.50,,0.30,0.45,0.83,0.30,0.60,0.60,0.30,0.35,0.20,0.15,0.30,,0.30,,0.60,,0.30,0.50,0.30,0.20,0.20,0.20,0.20,0.40,0.43,0.30,0.30,0.60,0.20,0.20,0.30,0.25,0.10,0.25,0.65,0.50,,0.30,0.55,0.45,,,,0.50,,
20260402,16,CO_24h,0.46,0.56,0.44,0.68,0.40,0.57,0.40,0.40,0.40,0.40,0.33,0.38,0.55,0.58,0.54,0.81,0.44,0.67,0.86,0.68,0.83,0.82,0.85,1.03,0.46,0.78,0.89,0.77,0.76,0.82,0.64,0.84,0.40,0.67,0.51,0.33,0.42,0.75,0.65,0.43,0.55,0.60,0.50,0.45,0.70,0.43,0.43,0.78,0.59,1.17,0.48,0.73,0.71,0.77,0.66,0.60,0.70,0.50,0.63,0.70,0.60,0.63,0.67,0.50,0.62,0.49,0.60,0.48,0.38,0.60,0.67,0.75,0.48,0.42,0.53,0.70,0.66,0.38,0.76,0.63,0.53,0.57,0.53,0.83,0.52,0.70,0.48,0.47,0.68,0.50,0.35,0.60,0.40,1.36,0.55,0.60,0.70,0.60,0.67,0.83,0.75,0.60,0.60,0.83,0.65,0.50,0.70,0.70,0.53,0.40,0.61,0.82,0.63,0.66,0.60,0.96,0.78,1.00,0.72,1.18,0.50,0.73,0.37,0.65,0.87,0.70,0.68,0.63,0.63,0.77,0.50,0.42,0.42,0.60,0.68,0.97,0.55,0.77,0.80,0.79,0.50,0.60,0.77,0.77,0.73,0.47,0.53,0.40,0.50,0.50,0.67,0.55,0.45,0.48,0.50,0.50,0.77,0.86,0.42,0.40,,,,,,,,,,,,,,,,,,,,,,,,,,,,,,0.35,0.40,0.55,0.57,0.23,0.50,0.55,0.47,0.33,0.57,0.57,0.20,0.50,0.35,,0.25,0.50,0.63,0.77,0.65,0.63,0.50,0.80,0.80,0.90,0.40,0.40,0.37,0.90,0.70,0.47,0.55,0.60,0.93,0.35,0.70,0.15,0.50,0.56,0.45,0.60,0.65,0.45,0.70,0.62,0.43,0.45,0.20,0.90,0.37,0.53,0.67,0.60,0.75,0.45,0.67,0.80,0.65,0.55,0.54,0.95,1.02,0.80,0.70,0.92,0.73,0.55,0.43,0.50,0.55,0.40,0.37,0.80,0.73,0.76,0.77,0.55,0.70,0.43,0.60,0.87,0.45,0.88,0.75,0.90,0.50,0.60,0.45,0.60,0.45,0.40,0.80,0.82,0.80,0.83,0.70,0.97,0.70,0.75,0.70,0.60,0.70,0.43,0.55,0.50,0.72,0.57,0.45,0.65,0.50,0.30,,0.35,0.50,0.40,0.63,0.60,0.55,0.55,0.65,,0.55,0.30,0.30,0.45,0.75,0.60,0.40,0.40,0.50,0.80,0.45,0.70,0.45,0.55,0.50,0.30,0.30,0.70,,0.25,0.55,0.67,0.57,0.50,0.50,0.60,0.45,0.50,0.40,0.40,,0.45,,0.70,,0.40,0.50,0.40,0.30,0.30,0.30,0.50,0.50,0.47,0.50,0.45,0.75,0.25,0.40,0.40,0.45,0.20,0.60,0.75,1.00,0.30,0.30,0.70,0.60,,,,0.70,,
20260402,17,AQI,93,90,100,79,70,55,102,52,62,100,104,75,80,51,52,63,54,58,94,61,51,51,57,51,51,90,66,83,76,80,55,56,73,46,44,34,61,58,59,40,37,40,38,38,52,40,43,56,52,100,53,31,30,38,36,41,49,41,49,31,34,64,69,33,38,37,51,31,34,64,49,38,52,50,33,31,55,52,50,59,55,53,38,45,68,59,50,49,54,59,44,60,55,99,65,69,30,35,30,36,27,36,34,27,46,34,37,34,32,52,38,41,53,64,42,69,77,60,58,73,84,177,76,42,50,46,95,76,48,78,48,84,28,26,27,26,27,61,38,86,33,27,33,32,31,33,41,18,47,32,64,57,44,61,84,361,104,67,40,61,,,,,,,,,,,,,,,,,,,,,,,,,,,,,,63,47,42,60,35,58,56,41,47,62,76,28,59,40,,27,52,71,59,74,53,84,48,37,35,77,74,33,169,96,128,140,96,145,27,391,26,48,56,51,51,36,32,49,52,52,48,40,41,49,40,23,24,37,38,44,27,49,43,33,24,31,31,46,76,58,59,50,49,51,42,53,52,51,50,62,29,44,55,42,62,29,29,53,41,31,46,24,26,23,41,54,51,63,54,65,44,69,80,61,39,18,31,33,34,20,25,33,25,28,30,,23,31,38,39,26,32,37,55,,53,52,33,29,67,40,29,51,58,93,29,55,25,27,33,55,30,35,,28,37,47,57,54,46,61,33,36,321,36,,51,,44,,33,26,37,41,66,38,37,78,56,73,40,51,86,38,64,57,61,68,112,40,33,29,38,39,,,,37,,
20260402,17,PM2.5,55,66,75,52,29,38,70,19,20,75,78,55,59,21,31,26,26,41,70,44,23,33,34,28,29,43,28,33,39,53,37,40,53,25,13,15,43,27,28,11,15,19,18,10,15,5,14,40,21,75,37,22,21,18,15,15,20,17,15,16,15,46,50,23,24,22,30,18,4,46,31,3,18,14,23,22,24,14,20,29,23,24,14,21,49,33,29,21,22,37,10,21,37,74,47,50,19,14,21,17,15,19,24,19,31,20,19,22,13,25,11,18,25,38,8,48,31,29,22,53,62,134,56,17,24,23,71,56,25,57,22,62,13,18,19,12,19,34,24,64,21,8,19,15,15,7,19,8,33,11,46,34,12,43,62,91,31,38,5,21,,,,,,,,,,,,,,,,,,,,,,,,,,,,,,34,29,15,43,10,29,40,22,15,21,39,10,19,17,,6,13,29,38,42,21,62,21,19,12,37,51,16,128,72,97,107,72,111,11,,6,22,24,25,18,20,11,27,21,28,21,16,24,26,11,16,14,26,11,18,19,34,30,23,11,22,20,23,56,33,29,35,34,25,27,27,31,36,27,31,14,16,39,27,42,14,17,37,29,22,32,17,18,9,27,38,36,41,35,47,31,50,59,44,20,3,11,9,6,14,8,20,10,16,3,,7,12,21,27,14,19,13,33,,37,30,15,5,43,28,14,36,41,69,17,26,7,8,7,7,3,3,,3,3,29,22,32,22,26,9,,107,14,,19,,18,,6,3,8,9,22,7,3,14,15,31,13,24,21,19,21,27,24,26,25,15,3,3,13,17,,,,26,,
20260402,17,PM2.5_24h,26,25,43,30,18,69,37,20,16,28,34,33,55,31,39,61,22,80,92,48,46,49,72,100,45,69,37,48,58,77,58,68,69,19,28,20,19,35,39,25,28,19,23,12,39,8,9,38,26,66,37,38,25,20,15,21,30,23,35,17,14,29,36,23,21,22,15,25,7,40,29,23,19,24,28,28,33,17,43,40,37,27,8,102,35,42,30,25,52,34,22,35,36,82,35,28,16,10,21,25,16,13,17,31,15,14,13,21,28,37,25,43,25,33,28,51,54,44,41,135,41,105,60,36,48,24,54,82,40,72,39,37,25,29,25,23,22,29,27,43,23,36,33,20,16,17,31,17,19,21,39,31,24,31,39,32,25,26,11,38,,,,,,,,,,,,,,,,,,,,,,,,,,,,,,26,27,15,37,17,33,22,28,18,20,29,10,23,18,,4,10,35,55,63,26,63,77,63,65,53,28,44,131,84,60,52,134,176,11,110,5,41,48,40,39,33,24,56,39,47,34,36,29,28,5,19,12,18,12,31,25,36,33,18,20,31,30,26,86,78,58,37,36,28,39,33,33,36,31,33,28,35,38,23,34,16,29,28,26,21,33,25,23,17,18,39,33,30,30,30,25,28,40,32,20,12,20,23,17,24,20,17,19,18,8,,4,17,25,21,14,18,20,25,,13,30,20,9,50,42,24,40,36,59,22,48,27,10,5,5,3,21,,3,5,29,28,19,22,28,21,33,65,18,,22,,21,,19,19,16,14,21,11,8,14,25,26,20,30,22,29,22,55,28,42,43,37,10,3,30,30,,,,28,,
20260402,17,PM10,136,130,145,107,90,59,153,53,73,123,114,92,81,51,53,76,58,61,129,64,52,51,63,52,52,70,68,61,57,81,59,53,71,46,31,27,71,42,52,28,29,40,31,25,54,23,31,51,54,92,51,31,28,38,36,41,49,41,49,30,29,72,68,33,38,37,52,27,23,77,49,23,53,50,29,28,59,54,50,67,59,56,38,45,75,67,50,49,58,68,36,69,60,105,63,50,30,27,27,36,27,31,34,27,46,24,37,34,28,53,32,41,56,77,42,88,104,69,66,71,81,178,90,37,48,46,95,78,48,79,48,82,24,20,27,17,22,72,38,67,33,23,26,32,25,25,41,10,46,27,74,63,44,71,90,469,158,84,40,72,,,,,,,,,,,,,,,,,,,,,,,,,,,,,,76,47,33,68,31,66,62,41,47,73,101,25,68,38,,19,54,92,68,98,55,95,48,37,35,103,98,29,163,79,132,124,109,126,27,493,19,48,61,51,52,36,26,49,54,53,48,40,41,49,31,19,24,,31,44,25,43,39,27,24,28,31,46,80,65,67,47,46,51,42,56,53,43,50,74,28,44,55,42,73,29,29,,,27,41,24,16,15,41,54,51,75,57,52,43,69,74,63,39,9,21,20,34,17,25,30,19,24,23,,17,26,38,31,26,32,20,60,,48,54,22,20,83,38,23,47,56,92,21,60,22,14,9,60,6,19,,6,9,47,63,58,46,71,27,,437,30,,51,,44,,18,26,26,24,82,20,8,105,61,95,40,52,121,30,77,64,72,86,173,40,33,17,38,39,,,,34,,
20260402,17,PM10_24h,90,79,130,86,71,102,126,47,62,78,109,119,114,68,69,99,68,104,154,67,72,68,107,129,66,98,68,81,69,101,83,82,81,37,45,34,29,50,54,41,43,34,37,24,79,18,17,59,78,86,52,54,45,36,31,36,44,35,53,31,26,46,44,36,37,32,34,38,24,86,66,42,57,58,44,43,61,48,92,76,57,65,18,128,113,90,86,80,86,114,90,58,56,111,96,85,28,20,28,38,24,20,25,45,26,20,25,41,44,61,68,58,62,81,60,95,93,90,75,176,73,130,94,59,79,46,77,101,55,99,67,61,39,38,37,36,25,48,44,55,31,59,46,35,27,38,47,31,30,37,73,60,71,56,76,122,108,62,42,139,,,,,,,,,,,,,,,,,,,,,,,,,,,,,,51,46,29,70,56,74,48,51,74,71,68,22,65,39,,15,41,72,89,85,60,88,103,95,103,89,60,65,196,125,78,70,156,240,25,168,17,67,74,70,73,54,35,78,68,70,49,59,48,47,18,27,19,22,20,43,35,53,46,29,39,43,46,49,115,107,90,53,52,51,53,62,59,53,53,57,46,70,53,36,60,27,44,39,31,34,43,40,37,23,33,51,55,50,45,47,39,43,53,50,40,26,34,37,44,35,45,26,28,23,25,,10,26,38,28,24,31,26,40,,23,43,31,16,89,52,35,52,48,77,28,65,36,16,9,29,15,29,,10,9,47,72,41,44,83,45,89,172,58,,53,,47,,42,45,29,29,48,24,23,39,76,82,60,92,73,52,87,160,83,147,200,90,36,15,68,68,,,,44,,
20260402,17,SO2,6,11,5,13,11,6,8,5,5,8,7,8,9,7,13,8,10,7,9,8,6,7,5,7,9,9,6,8,6,13,8,7,6,7,5,5,9,6,8,6,7,4,4,5,7,4,3,8,6,7,5,7,4,5,5,4,5,4,6,4,6,10,4,6,7,5,7,4,4,8,13,5,7,7,3,5,9,6,10,9,7,10,5,11,10,6,10,9,8,7,4,4,6,9,6,11,6,6,5,4,8,6,7,5,6,4,8,6,3,5,6,8,11,9,5,11,12,14,7,8,6,10,7,7,9,6,12,4,8,12,5,13,6,6,6,6,9,6,6,5,4,7,7,11,6,7,2,6,13,6,8,6,2,9,10,17,10,28,5,9,,,,,,,,,,,,,,,,,,,,,,,,,,,,,,7,2,5,7,4,11,10,9,6,12,10,5,8,6,,5,10,10,10,11,7,12,7,7,9,3,7,5,9,10,7,8,6,12,5,23,6,5,9,7,9,7,5,9,7,5,5,6,6,6,3,6,3,5,7,5,4,4,13,3,7,7,8,10,9,8,4,6,6,6,3,5,8,8,10,8,4,4,6,6,6,7,6,7,5,7,6,4,3,4,14,7,4,12,13,12,6,7,6,6,4,6,7,5,7,7,4,7,8,6,5,,6,10,6,6,4,10,7,4,,4,6,7,8,7,6,5,4,5,10,6,4,7,6,7,8,6,5,,6,6,6,5,8,7,7,10,11,3,9,,4,,8,,5,6,5,10,11,8,4,14,8,11,5,5,8,7,4,4,6,3,3,6,4,,11,10,,,,6,,
20260402,17,SO2_24h,5,8,4,9,10,6,5,5,4,4,7,8,7,8,10,11,8,9,11,7,7,7,5,10,8,10,6,8,7,11,7,8,5,7,6,5,7,6,6,6,7,3,4,4,6,4,3,9,7,7,4,8,6,6,5,5,7,4,7,5,6,11,5,6,8,5,7,4,5,7,11,16,12,8,4,6,12,7,14,10,8,25,4,15,10,7,13,10,10,8,5,6,6,11,7,11,10,6,5,9,8,6,7,7,8,4,7,8,6,5,15,10,9,13,13,12,11,13,13,11,6,8,8,7,8,6,11,5,8,11,6,13,6,9,7,9,8,8,11,8,4,8,8,10,9,6,3,6,8,7,8,5,3,7,8,26,14,20,5,10,,,,,,,,,,,,,,,,,,,,,,,,,,,,,,6,2,5,5,6,11,8,8,12,32,13,5,12,6,,5,9,15,10,10,8,7,8,10,10,2,6,9,10,11,8,7,8,13,7,18,7,6,9,7,7,7,4,8,7,6,5,7,4,6,3,7,4,7,6,5,6,6,15,5,8,10,11,13,10,11,6,6,6,6,3,5,10,7,12,12,5,6,8,6,9,8,6,9,5,7,7,5,4,4,10,8,6,12,14,19,6,6,12,9,4,6,8,6,9,7,5,6,9,6,5,,6,9,5,9,4,11,6,4,,5,6,6,9,9,6,4,4,4,9,5,5,6,6,6,9,7,11,,7,6,6,7,7,8,26,11,12,7,8,,7,,8,,4,13,7,10,13,15,5,14,9,9,7,5,9,7,3,4,11,4,2,7,6,5,15,10,,,,7,,
20260402,17,NO2,24,39,15,26,16,6,21,13,14,21,18,15,8,9,15,14,17,13,26,27,15,21,22,18,12,26,26,20,21,22,19,13,14,21,15,27,28,15,22,20,39,33,20,11,19,12,15,28,11,17,9,15,16,20,13,13,24,9,11,16,10,63,18,5,18,18,11,7,5,16,13,6,11,10,18,17,13,9,20,15,10,16,15,11,12,10,11,13,12,27,9,9,10,31,19,16,22,13,6,8,16,12,20,3,38,12,21,9,6,12,9,6,12,17,8,18,19,16,20,17,12,36,13,16,15,40,21,11,13,12,9,16,18,21,21,9,17,22,6,35,3,6,11,10,15,5,9,11,12,5,16,24,7,23,14,3,4,16,3,4,,,,,,,,,,,,,,,,,,,,,,,,,,,,,,13,9,26,9,6,10,11,17,10,6,17,5,6,7,,7,7,16,15,13,12,24,7,12,10,8,14,6,21,20,18,12,13,23,6,73,2,13,15,12,18,31,12,14,10,8,16,7,29,16,13,13,13,18,17,28,14,26,33,30,18,17,14,23,11,16,12,12,13,13,7,12,13,12,12,30,15,13,19,9,22,8,9,12,9,15,17,13,15,7,18,13,15,41,23,10,36,10,18,10,26,16,10,11,14,9,22,11,10,6,3,,7,6,15,5,8,8,6,15,,8,4,6,11,9,4,4,5,8,14,7,8,6,8,6,2,3,3,,1,1,26,9,23,11,7,12,3,5,7,,12,,9,,4,4,1,2,1,1,4,1,9,7,8,7,4,7,6,5,2,3,3,7,4,7,9,5,,,,5,,
20260402,17,NO2_24h,27,42,22,22,31,21,31,15,21,28,30,27,19,25,34,38,19,40,41,50,35,52,34,35,21,52,44,42,42,23,27,21,19,36,39,27,24,38,39,24,32,30,25,15,27,13,14,45,26,25,16,32,27,38,19,18,40,20,26,23,12,39,16,7,22,17,12,9,9,43,41,19,34,26,31,29,47,25,31,21,28,40,13,30,23,22,21,30,25,36,25,17,18,41,28,20,23,10,10,16,19,10,20,22,26,10,14,26,13,16,28,17,17,32,27,28,30,31,34,36,13,31,17,38,36,36,23,20,21,15,21,15,24,22,27,15,19,28,15,30,5,25,21,12,18,12,20,23,10,7,31,27,33,22,39,22,13,29,10,18,,,,,,,,,,,,,,,,,,,,,,,,,,,,,,11,11,22,14,23,24,10,24,29,34,16,8,17,21,,8,6,29,29,27,30,36,28,19,23,14,15,14,26,20,19,12,27,33,9,29,5,18,19,18,25,41,11,21,14,17,14,12,25,21,10,20,13,15,13,17,15,28,26,22,25,20,16,24,17,22,21,19,16,15,11,16,16,16,11,20,16,19,17,12,20,11,24,18,8,19,22,20,20,11,35,19,23,30,29,16,28,17,20,10,31,20,14,21,20,19,43,11,20,10,5,,12,9,10,6,15,9,8,18,,6,8,11,9,15,9,8,7,7,12,8,17,12,9,6,4,4,14,,3,4,26,48,16,19,33,28,26,22,21,,16,,13,,14,10,3,4,11,2,25,8,23,25,27,20,28,18,14,34,12,36,21,37,10,7,16,18,,,,6,,
20260402,17,O3,120,122,145,100,113,137,151,130,129,154,153,147,135,147,119,121,105,121,105,166,154,157,162,142,129,192,173,186,181,184,164,144,166,141,140,109,163,166,167,128,119,121,121,120,131,128,137,68,147,133,138,92,76,83,102,96,71,91,82,99,110,27,52,79,71,93,105,98,108,126,144,120,131,124,66,72,138,137,111,124,109,112,111,141,148,153,151,153,143,144,141,142,156,144,154,165,46,112,58,45,86,116,47,62,21,109,98,62,102,132,123,122,142,141,95,118,122,116,107,132,104,142,88,133,160,65,114,135,123,132,119,102,88,78,68,84,66,49,75,21,64,85,107,99,100,105,99,58,69,102,129,94,106,99,122,119,110,129,114,129,,,,,,,,,,,,,,,,,,,,,,,,,,,,,,113,122,133,132,112,154,113,120,137,125,123,90,119,127,,85,123,118,123,131,121,141,120,105,102,108,106,104,140,101,120,116,123,119,81,142,82,143,132,138,111,86,101,152,123,133,116,121,109,148,127,54,57,59,121,41,66,76,60,41,62,81,72,71,126,129,144,104,109,98,135,113,87,76,90,86,93,100,96,76,93,72,68,72,80,40,62,56,66,72,33,78,72,24,33,117,35,58,40,82,64,58,99,107,103,59,52,104,79,88,97,,75,98,92,113,78,68,118,68,,70,115,105,94,122,111,94,124,122,136,93,105,81,86,106,103,95,112,,91,118,50,135,37,93,122,105,115,104,116,,116,,95,,106,79,118,131,118,121,118,134,130,126,116,137,113,120,131,125,127,125,110,128,,94,116,119,,,,87,,
20260402,17,O3_24h,120,122,145,100,113,137,151,130,129,154,153,147,135,147,119,121,105,121,105,166,154,157,162,142,129,192,173,186,181,184,164,144,166,141,140,109,163,166,167,128,119,121,121,120,131,128,137,68,147,133,138,92,76,83,102,96,71,91,82,99,110,27,52,79,71,93,105,98,108,126,144,120,131,124,66,72,138,137,111,124,109,112,111,141,148,153,151,153,143,144,141,142,156,144,154,165,46,112,58,45,86,116,47,62,21,109,98,62,102,132,123,122,142,141,95,118,122,116,107,132,104,142,88,133,160,65,114,135,123,132,119,102,88,78,68,84,66,49,75,21,64,85,107,99,100,105,99,58,69,102,129,94,106,99,122,119,110,129,114,129,,,,,,,,,,,,,,,,,,,,,,,,,,,,,,113,122,133,132,112,154,113,120,137,125,123,90,119,127,,85,123,118,123,131,121,141,120,105,102,108,106,104,140,101,120,116,123,119,81,142,82,143,132,138,111,86,101,152,123,133,116,121,109,148,127,54,57,59,121,41,66,76,60,41,62,81,72,71,126,129,144,104,109,98,135,113,87,76,90,86,93,100,96,76,93,72,68,72,80,40,62,56,66,72,33,78,72,24,33,117,35,58,40,82,64,58,99,107,103,59,52,104,79,88,97,,75,98,92,113,78,68,118,68,,70,115,105,94,122,111,94,124,122,136,93,105,81,86,106,103,95,112,,91,118,50,135,37,93,122,105,115,104,116,,116,,95,,106,79,118,131,118,121,118,134,130,126,116,137,113,120,131,125,127,125,110,128,,94,116,119,,,,87,,
20260402,17,O3_8h,92,99,119,96,102,122,107,108,111,114,120,116,117,121,98,117,97,123,120,165,150,158,151,113,121,165,160,164,170,169,136,139,138,125,140,121,132,150,153,122,133,114,110,94,133,130,123,73,132,131,120,92,90,71,97,93,64,86,84,92,99,54,62,76,57,88,78,101,108,87,102,111,103,106,66,70,118,115,102,118,103,102,106,138,119,142,125,134,137,123,123,134,134,133,130,141,55,110,91,62,80,105,48,67,49,104,101,70,100,134,108,111,125,112,97,104,120,98,100,133,97,146,101,133,154,82,105,117,123,120,111,94,50,83,73,94,55,65,66,33,66,71,98,96,90,99,92,61,61,106,100,89,77,74,95,115,107,104,92,103,,,,,,,,,,,,,,,,,,,,,,,,,,,,,,120,120,106,121,104,126,110,102,112,108,113,87,101,113,,80,118,107,108,119,111,121,115,110,108,102,103,112,157,130,108,119,146,146,80,131,81,139,126,131,118,90,88,144,118,125,120,115,110,129,129,51,76,64,117,65,80,60,79,49,57,72,65,89,116,115,134,111,113,109,129,109,100,56,93,103,96,96,112,68,101,51,71,73,101,63,49,55,72,68,26,51,39,38,29,116,34,58,44,81,49,68,88,107,110,64,43,81,62,80,65,,61,92,94,98,75,64,107,49,,74,103,99,96,111,96,93,118,109,105,90,85,57,93,86,103,93,105,,94,104,34,107,33,90,109,84,106,95,95,,113,,73,,97,,114,120,117,114,119,132,96,97,108,114,96,104,97,87,107,80,92,92,68,80,102,99,,,,78,,
20260402,17,O3_8h_24h,92,99,119,96,102,122,107,108,111,114,120,124,117,121,98,117,97,123,120,165,150,158,151,125,121,170,160,164,170,169,136,139,143,125,140,121,132,150,153,122,133,114,110,94,133,130,123,73,132,131,120,92,79,70,97,93,64,86,84,92,100,49,47,76,56,88,78,101,108,87,102,111,103,106,64,67,118,115,102,118,103,102,106,138,119,142,125,134,137,123,123,134,134,133,130,141,43,110,56,50,80,105,48,63,27,104,101,70,100,134,108,111,125,112,97,104,120,98,100,133,97,146,101,133,154,80,105,117,123,120,111,94,47,82,73,90,55,39,66,33,66,71,98,96,90,99,92,57,54,106,100,89,77,74,95,115,107,104,91,103,,,,,,,,,,,,,,,,,,,,,,,,,,,,,,120,120,106,121,104,126,110,102,112,108,113,87,101,113,,80,118,107,108,119,111,121,115,110,108,102,103,112,157,126,108,119,142,146,80,131,81,139,126,131,118,90,88,144,118,125,120,115,110,129,129,51,76,64,117,64,55,60,78,47,57,61,61,88,116,115,134,111,113,108,129,109,99,58,92,101,96,96,111,68,101,51,71,72,86,63,49,55,72,68,26,50,37,26,29,116,34,58,40,75,49,68,88,107,110,57,43,81,62,80,65,,61,92,94,98,75,64,107,49,,69,103,99,96,111,96,93,118,109,105,90,85,57,90,86,101,93,105,,87,104,34,107,33,90,109,84,106,95,95,,113,,72,,97,,114,120,117,114,119,132,96,97,108,114,96,104,97,87,107,80,92,92,68,80,96,99,,,,78,,
20260402,17,CO,0.49,0.72,0.64,0.73,0.45,0.40,0.54,0.33,0.40,0.53,0.40,0.40,0.50,0.40,0.34,0.51,0.40,0.39,0.44,0.62,0.51,0.67,0.60,0.52,0.44,0.57,0.67,0.54,0.60,0.82,0.52,0.60,0.57,0.56,0.40,0.37,0.53,0.65,0.58,0.40,0.50,0.47,0.50,0.40,0.59,0.28,0.43,0.86,0.48,0.96,0.59,0.47,0.59,0.62,0.57,0.50,0.53,0.35,0.43,0.63,0.57,0.83,0.87,0.45,0.57,0.49,0.40,0.42,0.28,0.60,0.43,0.40,0.32,0.23,0.40,0.53,0.40,0.28,0.52,0.47,0.30,0.42,0.47,0.30,0.55,0.57,0.40,0.37,0.50,0.47,0.24,0.47,0.32,0.72,0.65,0.62,0.87,0.57,0.57,0.60,0.90,0.55,0.65,0.57,0.75,0.50,0.60,0.55,0.23,0.40,0.29,0.47,0.95,0.60,0.34,0.86,0.80,0.86,0.42,0.72,0.50,0.83,0.27,0.48,0.57,0.72,0.73,0.40,0.63,0.70,0.45,0.55,0.47,0.63,0.57,1.00,0.50,0.90,0.70,0.97,0.45,0.47,0.63,0.77,0.63,0.47,0.47,0.25,0.68,0.43,0.63,0.65,0.35,0.58,0.65,0.40,0.60,0.74,0.34,0.35,,,,,,,,,,,,,,,,,,,,,,,,,,,,,,0.45,0.40,0.50,0.60,0.13,0.50,0.68,0.37,0.30,0.30,0.63,0.20,0.30,0.28,,0.20,0.50,0.43,0.70,0.65,0.60,0.73,0.60,0.50,0.65,0.40,0.40,0.23,0.77,0.55,0.57,0.60,0.40,0.60,0.30,2.05,0.10,0.43,0.52,0.45,0.47,0.47,0.35,0.60,0.55,0.40,0.45,0.17,0.95,0.33,0.57,0.53,0.55,0.80,0.45,0.70,0.77,0.63,0.60,0.68,0.90,0.98,0.82,0.80,0.58,0.53,0.50,0.50,0.52,0.60,0.37,0.33,0.77,0.77,0.80,0.83,0.45,0.50,0.50,0.70,0.97,0.45,0.83,0.80,1.00,0.55,0.63,0.30,0.60,0.40,0.50,0.77,0.67,0.93,0.80,0.80,0.77,0.80,0.85,0.80,0.60,0.65,0.40,0.40,0.70,0.60,0.28,0.40,0.55,0.50,0.20,,0.30,0.45,0.50,0.57,0.55,0.50,0.35,0.75,,0.75,0.30,0.20,0.45,0.65,0.30,0.40,0.40,0.45,0.75,0.40,0.50,0.20,0.55,0.35,0.25,0.30,0.40,,0.20,0.40,0.80,0.30,0.70,0.60,0.20,0.30,0.20,0.15,0.30,,0.30,,0.60,,0.30,0.40,0.40,0.20,0.20,0.20,0.20,0.30,0.47,0.30,0.25,0.60,0.10,0.20,0.30,0.25,0.10,0.25,0.65,0.45,0.20,0.30,0.50,0.40,,,,0.60,,
20260402,17,CO_24h,0.46,0.56,0.46,0.68,0.40,0.57,0.40,0.40,0.40,0.40,0.35,0.38,0.55,0.58,0.54,0.81,0.44,0.69,0.83,0.68,0.82,0.82,0.83,0.99,0.46,0.78,0.89,0.77,0.76,0.82,0.64,0.84,0.42,0.67,0.51,0.33,0.42,0.75,0.65,0.43,0.55,0.60,0.50,0.45,0.70,0.40,0.43,0.80,0.59,1.20,0.49,0.73,0.72,0.76,0.63,0.60,0.70,0.50,0.63,0.70,0.60,0.67,0.69,0.50,0.62,0.49,0.60,0.48,0.38,0.61,0.70,0.70,0.48,0.41,0.53,0.72,0.66,0.38,0.76,0.63,0.53,0.57,0.50,0.83,0.52,0.70,0.48,0.47,0.68,0.50,0.35,0.60,0.40,1.36,0.55,0.62,0.70,0.60,0.67,0.80,0.80,0.60,0.60,0.83,0.65,0.50,0.70,0.70,0.53,0.40,0.61,0.83,0.68,0.66,0.60,0.96,0.78,1.00,0.72,1.17,0.50,0.73,0.35,0.63,0.87,0.70,0.68,0.63,0.63,0.80,0.50,0.45,0.42,0.67,0.68,0.97,0.55,0.77,0.80,0.79,0.50,0.60,0.77,0.77,0.73,0.47,0.53,0.40,0.53,0.50,0.67,0.55,0.45,0.50,0.50,0.50,0.70,0.86,0.42,0.40,,,,,,,,,,,,,,,,,,,,,,,,,,,,,,0.35,0.40,0.55,0.60,0.23,0.50,0.55,0.47,0.33,0.57,0.57,0.20,0.50,0.35,,0.25,0.50,0.63,0.77,0.65,0.63,0.50,0.80,0.80,0.90,0.40,0.40,0.37,0.90,0.70,0.47,0.55,0.60,0.93,0.35,0.70,0.15,0.50,0.56,0.45,0.60,0.65,0.45,0.70,0.62,0.43,0.45,0.20,0.90,0.37,0.53,0.63,0.60,0.75,0.45,0.67,0.80,0.68,0.55,0.54,0.95,1.02,0.80,0.70,0.90,0.73,0.55,0.43,0.52,0.55,0.40,0.37,0.78,0.80,0.76,0.77,0.55,0.70,0.43,0.60,0.87,0.45,0.90,0.75,0.90,0.50,0.60,0.45,0.60,0.45,0.40,0.80,0.82,0.80,0.83,0.70,0.97,0.70,0.75,0.70,0.60,0.70,0.43,0.55,0.50,0.72,0.57,0.45,0.65,0.50,0.30,,0.35,0.50,0.40,0.60,0.60,0.55,0.55,0.65,,0.55,0.30,0.30,0.45,0.75,0.60,0.40,0.40,0.50,0.80,0.45,0.70,0.45,0.55,0.50,0.30,0.30,0.70,,0.30,0.55,0.67,0.57,0.50,0.50,0.60,0.45,0.50,0.40,0.40,,0.45,,0.70,,0.40,0.50,0.40,0.30,0.30,0.30,0.50,0.50,0.47,0.50,0.45,0.75,0.25,0.40,0.40,0.50,0.20,0.60,0.80,0.95,0.30,0.30,0.70,0.60,,,,0.70,,
20260402,18,AQI,95,87,101,83,69,60,106,56,64,120,108,73,69,51,51,62,56,74,194,68,51,51,63,52,55,71,59,80,65,73,58,58,75,59,43,31,66,54,71,41,38,41,39,38,55,38,37,53,55,95,54,38,30,40,42,42,50,44,51,34,34,68,71,34,39,40,54,30,32,63,50,35,54,48,33,31,56,56,45,64,50,52,41,47,64,64,54,48,53,60,44,43,56,95,64,70,28,34,32,36,31,36,43,31,47,32,40,36,32,54,37,45,60,83,34,80,71,66,57,103,88,177,66,43,53,46,94,84,54,75,50,86,24,23,30,25,27,47,44,89,33,25,35,32,29,33,40,24,61,31,64,64,37,63,81,500,131,62,36,62,,,,,,,,,,,,,,,,,,,,,,,,,,,,,,61,54,49,71,42,59,64,46,50,56,74,27,80,39,,28,41,74,84,79,54,83,53,39,34,95,66,31,183,86,143,84,103,166,32,229,27,56,56,55,56,45,41,51,53,55,43,50,47,51,37,23,24,36,33,41,24,39,43,31,23,28,29,48,63,61,56,52,55,41,53,54,52,56,46,55,28,37,56,45,64,27,26,59,43,36,44,27,24,19,41,58,52,69,51,68,50,75,81,66,40,17,30,32,40,19,23,29,23,29,30,,23,30,42,49,24,37,35,53,,50,52,56,28,66,47,38,55,65,93,31,53,45,27,34,59,30,35,,29,36,43,59,52,38,79,33,237,403,35,,48,,48,,33,28,36,41,48,39,37,81,58,74,41,46,68,39,64,55,62,67,194,47,37,30,40,40,,,,40,,
20260402,18,PM2.5,60,62,76,53,37,43,80,22,30,91,81,53,50,23,25,27,33,54,146,49,19,32,45,29,33,43,30,36,37,53,39,41,55,36,14,17,48,36,35,19,18,20,23,12,17,7,18,37,22,71,38,26,21,19,18,16,21,18,16,18,16,49,52,23,22,21,34,16,5,45,27,3,19,18,23,22,21,16,17,36,22,28,13,23,46,35,30,18,22,38,15,23,32,71,46,51,19,16,22,18,17,22,27,20,33,20,20,23,14,24,14,24,27,49,12,58,32,41,25,77,65,134,48,21,27,25,70,62,29,55,28,64,11,16,16,14,19,32,21,66,23,8,17,15,17,10,16,13,44,14,46,40,12,43,60,117,38,25,10,21,,,,,,,,,,,,,,,,,,,,,,,,,,,,,,33,38,27,52,19,32,46,19,15,19,40,14,26,21,,3,12,32,62,37,33,61,30,17,23,71,48,19,138,64,109,62,77,126,13,179,9,32,22,29,26,22,19,27,24,31,22,23,27,31,13,16,15,25,13,27,17,27,30,22,11,19,14,24,45,34,28,36,39,19,37,31,29,40,27,39,13,18,40,27,45,16,18,42,30,25,31,19,17,11,28,41,30,50,36,49,35,55,60,48,19,3,9,12,10,13,8,20,11,12,7,,3,12,29,34,13,22,15,37,,35,30,24,6,42,33,22,39,47,69,22,30,16,6,3,9,3,3,,3,5,27,23,31,20,30,8,79,100,17,,18,,23,,3,3,7,9,22,8,3,26,25,34,13,18,13,7,26,30,25,25,29,13,3,3,14,14,,,,26,,
20260402,18,PM2.5_24h,28,27,45,32,19,66,39,21,17,31,36,33,55,31,40,61,23,80,96,49,46,49,72,97,45,70,38,48,58,77,57,67,70,21,28,21,20,35,40,25,28,19,23,13,39,8,10,38,25,65,37,38,26,20,15,21,30,23,35,18,14,30,38,23,21,23,16,25,7,41,29,22,19,24,28,28,34,17,43,40,37,28,8,100,35,42,31,24,51,34,22,35,36,82,36,30,16,9,21,25,16,13,17,31,16,13,13,21,28,37,25,43,25,33,27,53,54,45,41,133,45,109,60,35,47,25,56,82,40,73,38,39,25,29,25,23,23,30,28,47,23,36,33,21,17,17,31,17,20,20,40,32,24,32,40,36,26,27,11,37,,,,,,,,,,,,,,,,,,,,,,,,,,,,,,27,28,16,39,18,33,24,28,17,21,31,10,23,18,,4,11,36,56,64,26,65,77,62,64,54,29,42,136,86,63,54,137,179,11,113,6,41,48,41,39,33,24,55,39,47,34,36,29,28,5,19,13,19,12,30,25,36,33,18,20,31,30,26,86,77,58,37,36,27,40,33,33,36,31,34,27,34,38,23,35,15,29,29,27,22,34,25,23,17,19,40,33,32,31,32,26,30,42,33,20,11,20,23,17,24,20,18,19,18,8,,4,17,25,22,14,18,20,25,,14,30,20,9,50,42,24,40,36,59,22,48,26,10,5,5,3,21,,3,4,29,29,20,23,28,20,36,68,18,,22,,21,,19,19,16,14,22,11,8,15,25,27,20,29,22,28,22,55,28,42,43,37,10,3,29,31,,,,28,,
20260402,18,PM10,140,123,141,116,87,67,158,62,78,154,113,96,79,51,51,73,62,81,235,70,52,51,76,54,59,77,68,64,56,81,66,58,72,67,31,30,79,57,62,41,31,41,39,27,59,23,36,45,59,86,54,38,28,40,42,42,50,44,51,34,33,75,61,34,39,40,58,29,21,74,50,22,58,48,32,29,61,62,45,78,50,54,41,47,75,77,57,48,55,70,44,43,61,101,57,72,28,31,32,36,31,32,43,31,47,31,40,36,29,58,35,45,69,116,34,110,91,81,64,95,90,191,71,43,56,46,96,81,57,83,50,90,17,23,30,15,24,47,44,74,32,20,24,32,29,32,40,24,63,30,76,77,37,75,91,701,211,74,36,73,,,,,,,,,,,,,,,,,,,,,,,,,,,,,,71,49,49,75,42,68,66,46,50,62,97,27,110,36,,28,41,98,90,107,58,104,55,39,34,134,79,27,182,87,140,82,100,189,32,196,27,61,61,59,62,45,41,51,55,60,43,50,47,52,33,22,24,,22,41,19,39,39,31,23,28,29,48,72,72,61,54,52,41,51,57,54,50,46,56,24,37,49,45,78,27,25,,31,35,42,24,21,17,41,51,53,79,50,56,45,79,77,63,40,12,26,22,40,19,23,29,20,29,30,,15,26,42,35,24,37,17,52,,45,54,61,19,81,41,38,50,63,95,24,56,45,14,7,67,6,17,,8,11,43,68,54,38,108,27,376,503,35,,48,,48,,21,28,32,25,48,21,11,111,66,98,41,46,85,30,78,59,74,83,337,47,37,17,40,40,,,,40,,
20260402,18,PM10_24h,92,81,133,87,71,100,126,48,65,79,109,115,114,68,69,99,66,105,160,68,72,69,106,125,66,99,68,82,69,101,83,81,82,39,45,34,31,51,56,41,44,36,38,24,79,19,18,59,74,86,52,54,44,37,31,36,45,36,54,32,27,49,45,36,37,32,35,38,24,86,66,42,57,58,44,43,62,49,91,77,57,65,19,127,109,90,83,75,86,112,87,58,56,111,96,83,29,20,28,37,24,20,26,45,28,19,24,41,43,62,67,58,63,82,60,96,94,89,76,174,75,136,95,58,78,46,79,101,55,99,67,63,38,38,38,35,25,49,44,59,31,58,46,36,27,38,47,31,32,36,73,61,70,57,77,149,114,63,42,134,,,,,,,,,,,,,,,,,,,,,,,,,,,,,,53,46,31,70,56,75,49,51,74,72,71,22,67,40,,15,42,76,89,87,62,91,103,91,100,91,61,62,202,127,81,72,160,245,26,169,17,68,74,70,73,54,35,77,69,71,50,60,48,47,19,27,19,22,20,43,34,54,46,29,39,43,45,50,114,106,90,54,52,51,53,62,59,53,53,58,45,70,53,37,62,28,44,39,31,34,44,40,37,23,33,52,56,51,46,49,40,46,55,50,40,25,33,36,45,34,44,27,28,23,25,,10,26,38,28,24,31,26,40,,24,43,33,15,89,51,35,52,48,78,28,64,36,16,8,29,15,29,,10,9,48,72,43,44,86,44,103,189,57,,53,,47,,41,46,30,29,50,24,22,43,76,84,60,91,76,52,87,157,81,144,203,89,37,15,67,67,,,,43,,
20260402,18,SO2,6,11,4,17,12,6,7,5,5,7,7,10,9,7,12,8,10,8,14,8,6,6,5,8,9,7,7,7,6,12,8,7,5,8,5,5,9,6,11,6,7,4,3,5,7,4,2,8,6,7,5,8,4,5,5,4,5,4,6,4,6,9,4,6,8,5,7,3,4,8,13,6,7,6,3,5,9,6,9,13,7,11,4,12,10,6,11,8,9,7,4,4,7,9,7,13,6,6,5,3,9,6,6,5,6,4,7,6,3,5,6,8,11,10,5,13,12,14,8,10,6,10,7,7,11,6,13,4,7,11,5,12,6,6,7,7,8,4,6,5,4,7,7,9,6,7,2,5,19,5,7,9,2,9,10,16,10,18,5,9,,,,,,,,,,,,,,,,,,,,,,,,,,,,,,7,2,4,8,5,11,10,10,6,11,10,5,8,7,,5,9,12,11,11,8,11,8,7,9,1,7,5,12,11,6,6,7,10,5,13,6,6,8,7,9,7,4,8,7,8,5,6,8,5,3,7,3,4,6,5,5,3,8,4,7,7,8,9,8,9,3,6,6,5,3,6,9,8,10,11,4,4,6,6,6,7,6,8,5,9,5,4,2,4,8,7,4,12,15,11,7,7,6,6,3,6,7,5,7,7,4,6,8,6,5,,6,8,8,7,4,10,8,4,,4,6,7,8,7,6,5,4,6,10,6,5,7,6,6,8,6,5,,6,6,5,5,7,16,6,9,10,4,9,,5,,7,,5,6,,10,10,8,5,15,8,9,5,5,7,7,3,4,6,3,3,6,5,,11,12,,,,6,,
20260402,18,SO2_24h,5,9,4,9,10,6,5,5,4,4,7,8,7,8,10,11,8,9,12,7,7,7,5,10,9,10,6,8,7,11,7,8,5,7,6,5,7,6,6,6,7,3,4,4,6,4,3,9,7,7,4,8,6,6,5,5,7,4,6,5,6,11,5,6,8,5,7,4,5,7,12,16,12,8,4,6,12,7,14,10,8,25,4,15,10,7,13,10,10,8,5,6,6,11,7,11,10,6,5,9,8,6,7,7,8,4,7,8,6,5,15,10,9,13,13,13,11,13,13,11,6,8,8,7,9,6,11,5,8,11,6,14,6,9,7,9,8,8,10,8,4,8,8,10,9,6,3,6,9,7,8,5,3,7,8,26,13,20,5,10,,,,,,,,,,,,,,,,,,,,,,,,,,,,,,6,2,5,6,6,11,8,9,12,32,14,5,12,7,,5,9,16,10,10,8,7,8,10,10,2,6,9,10,12,8,7,8,13,7,18,7,6,9,7,7,7,4,8,7,6,5,7,4,6,3,7,4,7,6,5,6,6,15,5,8,10,11,13,10,11,6,6,6,6,3,5,10,7,12,12,5,6,8,6,8,8,6,9,5,7,7,5,4,4,10,8,6,12,14,19,6,6,12,9,4,6,8,6,9,7,5,6,9,6,5,,6,9,5,9,4,11,7,4,,5,6,6,9,8,6,4,4,4,9,5,5,6,6,6,9,7,10,,7,6,6,7,7,8,26,11,11,6,9,,7,,8,,4,13,7,10,13,16,5,14,9,9,7,5,9,7,3,4,10,4,2,7,6,5,14,10,,,,7,,
20260402,18,NO2,25,52,16,36,27,8,26,14,17,24,20,18,8,13,15,16,37,19,35,30,17,23,25,21,14,31,26,22,22,25,25,15,16,27,16,32,33,19,27,25,32,39,36,11,26,15,20,27,12,15,12,25,19,22,13,11,27,10,13,20,10,73,18,6,18,17,11,7,6,18,11,7,11,11,18,19,14,11,22,17,11,19,16,13,13,11,14,15,15,31,12,11,12,38,19,20,18,14,6,8,14,12,25,4,42,14,22,10,6,14,12,8,15,22,10,22,22,19,25,29,16,61,15,24,21,30,24,13,15,15,9,17,23,23,26,11,22,27,7,39,5,7,11,8,17,6,11,13,12,6,18,25,9,25,16,3,3,14,3,3,,,,,,,,,,,,,,,,,,,,,,,,,,,,,,18,9,30,12,9,12,12,18,13,5,20,7,8,9,,9,8,20,19,14,17,26,10,14,13,11,14,8,35,19,24,9,15,34,8,43,3,16,17,14,35,42,22,20,11,11,16,10,31,22,12,15,14,21,20,23,15,22,33,34,18,19,11,17,12,18,13,14,14,11,10,15,19,12,17,28,16,14,16,7,25,9,10,13,9,17,19,13,15,10,19,12,12,41,18,12,36,11,23,9,30,15,10,13,17,9,21,18,13,6,8,,8,6,24,7,10,9,6,13,,7,4,22,13,7,4,6,6,10,26,8,9,5,9,7,2,3,3,,1,2,23,12,23,14,7,12,4,5,9,,13,,12,,5,5,1,2,1,1,5,1,9,8,10,6,5,7,5,6,1,3,3,6,4,6,9,5,,,,6,,
20260402,18,NO2_24h,28,43,22,23,31,20,31,16,21,29,30,27,18,25,34,38,20,40,41,50,36,52,34,34,21,54,44,42,41,23,27,21,19,36,39,27,25,38,39,24,33,31,26,15,27,13,14,45,25,25,17,33,27,39,18,17,40,19,26,23,12,42,16,7,22,17,12,9,9,43,41,19,34,26,32,29,47,25,32,21,28,40,13,30,23,22,21,29,25,36,25,17,18,41,27,20,23,10,9,15,19,10,21,21,27,10,14,26,13,16,27,17,17,32,27,29,30,31,35,36,14,33,17,38,36,37,24,20,21,15,21,14,24,23,27,16,19,28,15,32,5,25,21,12,18,11,21,22,10,7,31,28,33,22,39,22,13,30,10,18,,,,,,,,,,,,,,,,,,,,,,,,,,,,,,11,11,23,14,23,24,10,23,29,34,16,8,17,21,,8,6,29,28,28,30,37,28,19,23,14,15,13,28,21,19,12,27,33,9,30,5,18,19,19,25,42,11,21,14,17,14,12,26,21,10,20,14,15,13,17,16,28,27,23,25,20,16,24,17,23,21,19,16,15,11,16,17,16,12,21,16,18,18,12,20,12,24,18,8,20,23,20,20,11,35,18,23,31,29,16,29,17,21,10,32,19,14,20,20,19,42,11,20,10,5,,12,9,10,6,15,9,8,18,,6,8,12,9,15,9,8,7,7,12,9,17,11,9,7,4,4,14,,3,4,27,48,17,20,33,27,26,22,21,,16,,14,,13,9,3,4,11,2,25,8,23,25,27,20,28,18,14,34,12,36,20,36,10,7,16,18,,,,6,,
20260402,18,O3,122,101,138,81,94,133,144,128,124,177,149,138,129,139,120,114,83,121,108,168,143,146,155,132,129,177,157,184,172,159,149,131,156,147,137,100,160,163,177,121,123,101,97,120,120,121,117,65,146,134,130,89,71,78,107,91,63,86,74,93,110,14,48,73,65,88,99,96,103,125,139,113,128,126,62,68,125,134,104,124,102,108,103,140,142,149,146,144,134,134,137,136,149,127,157,160,50,110,55,47,90,114,37,57,22,103,96,58,103,126,118,122,132,143,93,118,112,115,100,128,96,94,81,119,151,78,108,130,117,128,113,102,76,75,59,79,55,40,72,13,62,81,111,97,93,106,88,55,62,100,125,93,107,93,118,118,115,122,115,128,,,,,,,,,,,,,,,,,,,,,,,,,,,,,,106,117,108,134,107,151,115,127,130,120,118,85,114,126,,82,117,109,129,117,115,124,120,101,99,93,100,98,123,107,109,98,128,113,78,87,83,141,121,135,83,72,76,138,121,129,115,113,95,141,119,55,48,51,107,38,65,80,54,35,64,77,67,67,120,124,131,98,105,102,127,97,82,75,80,89,91,100,99,81,83,65,64,68,81,34,55,56,68,62,30,77,71,20,37,103,33,53,34,78,55,53,95,101,98,61,57,88,75,80,76,,72,95,80,110,75,65,112,68,,69,119,82,90,128,109,100,123,119,112,94,104,90,87,108,103,95,111,,92,115,55,133,38,93,119,106,107,104,112,,114,,88,,107,85,116,130,117,126,117,133,130,126,112,135,118,126,129,124,127,127,111,131,104,96,115,107,,,,87,,
20260402,18,O3_24h,122,101,138,81,94,133,144,128,124,177,149,138,129,139,120,114,83,121,108,168,143,146,155,132,129,177,157,184,172,159,149,131,156,147,137,100,160,163,177,121,123,101,97,120,120,121,117,65,146,134,130,89,71,78,107,91,63,86,74,93,110,14,48,73,65,88,99,96,103,125,139,113,128,126,62,68,125,134,104,124,102,108,103,140,142,149,146,144,134,134,137,136,149,127,157,160,50,110,55,47,90,114,37,57,22,103,96,58,103,126,118,122,132,143,93,118,112,115,100,128,96,94,81,119,151,78,108,130,117,128,113,102,76,75,59,79,55,40,72,13,62,81,111,97,93,106,88,55,62,100,125,93,107,93,118,118,115,122,115,128,,,,,,,,,,,,,,,,,,,,,,,,,,,,,,106,117,108,134,107,151,115,127,130,120,118,85,114,126,,82,117,109,129,117,115,124,120,101,99,93,100,98,123,107,109,98,128,113,78,87,83,141,121,135,83,72,76,138,121,129,115,113,95,141,119,55,48,51,107,38,65,80,54,35,64,77,67,67,120,124,131,98,105,102,127,97,82,75,80,89,91,100,99,81,83,65,64,68,81,34,55,56,68,62,30,77,71,20,37,103,33,53,34,78,55,53,95,101,98,61,57,88,75,80,76,,72,95,80,110,75,65,112,68,,69,119,82,90,128,109,100,123,119,112,94,104,90,87,108,103,95,111,,92,115,55,133,38,93,119,106,107,104,112,,114,,88,,107,85,116,130,117,126,117,133,130,126,112,135,118,126,129,124,127,127,111,131,104,96,115,107,,,,87,,
20260402,18,O3_8h,100,105,127,97,103,131,115,114,118,129,130,121,125,131,106,121,99,123,120,171,152,164,154,119,125,173,166,173,177,174,145,141,143,136,146,122,143,160,164,129,134,123,116,102,135,131,125,73,137,137,128,93,90,75,99,94,66,87,85,93,101,54,62,78,61,91,84,101,108,96,114,117,112,113,67,72,124,123,105,123,106,106,107,142,127,144,133,139,139,130,131,139,140,139,139,150,56,111,91,62,84,107,48,67,49,105,103,71,104,137,113,119,130,121,100,108,123,104,102,136,98,146,101,137,157,84,109,124,125,123,116,97,56,84,73,92,61,65,68,33,66,76,107,99,96,103,95,61,61,106,106,94,86,82,102,121,109,115,98,111,,,,,,,,,,,,,,,,,,,,,,,,,,,,,,120,122,112,125,109,135,112,109,121,116,116,87,109,119,,82,118,110,113,121,116,122,117,111,109,103,105,112,157,130,110,119,146,146,81,131,82,143,130,133,118,94,91,147,123,129,122,117,112,136,129,53,76,66,119,65,80,66,79,49,60,72,66,91,119,121,138,112,113,110,132,109,100,62,94,103,98,98,112,70,101,55,72,73,101,65,54,57,72,68,29,56,44,38,31,121,37,58,44,81,54,68,91,109,112,64,47,87,68,83,72,,66,96,95,103,77,65,113,55,,74,108,99,96,124,104,94,120,114,116,92,94,63,93,92,103,95,113,,94,108,38,119,36,98,112,89,112,103,100,,114,,76,,100,,118,125,120,119,119,134,105,108,112,123,103,110,107,99,113,93,98,105,79,86,104,103,,,,80,,
20260402,18,O3_8h_24h,100,105,127,97,103,131,115,114,118,129,130,130,125,131,106,121,98,122,120,171,152,164,154,131,125,179,166,173,177,174,145,141,149,136,146,122,143,160,164,129,133,123,116,102,135,131,125,72,137,137,128,92,80,75,99,94,66,87,85,93,102,49,47,78,61,91,84,101,108,96,114,117,112,113,66,69,124,123,105,123,106,106,107,142,127,144,133,139,139,130,131,139,140,139,139,150,46,111,56,49,84,107,46,62,25,105,103,71,104,137,113,119,130,121,100,108,123,104,102,136,98,144,99,137,157,80,109,124,125,123,116,97,55,82,73,89,61,40,68,30,66,76,107,99,96,103,95,56,56,106,106,94,86,82,102,121,109,115,98,111,,,,,,,,,,,,,,,,,,,,,,,,,,,,,,120,122,112,125,109,135,112,109,121,116,116,87,109,119,,82,118,110,113,120,116,122,117,111,108,103,105,111,154,123,110,119,138,142,81,127,82,143,130,133,116,94,91,147,123,129,122,117,112,136,129,53,73,66,119,63,57,66,76,45,60,64,63,90,119,121,138,112,113,109,132,109,97,65,92,100,98,98,109,70,100,55,71,72,87,65,54,57,71,68,29,56,43,26,31,121,37,58,40,78,54,66,91,109,111,58,47,87,68,83,72,,66,96,95,103,77,65,113,55,,70,108,99,96,124,104,94,120,114,116,92,94,63,89,92,103,95,113,,90,108,38,119,36,98,112,89,112,103,100,,114,,76,,100,,118,125,120,119,119,134,105,108,112,123,103,110,107,99,113,93,98,105,79,86,101,103,,,,80,,
20260402,18,CO,0.52,0.74,0.62,0.90,0.45,0.40,0.50,0.33,0.45,0.60,0.45,0.40,0.47,0.40,0.34,0.52,0.41,0.49,0.87,0.65,0.77,0.67,0.60,0.56,0.50,0.57,0.73,0.54,0.58,0.85,0.54,0.62,0.55,0.60,0.41,0.37,0.60,0.67,0.75,0.40,0.55,0.50,0.60,0.40,0.60,0.30,0.43,0.78,0.48,0.83,0.60,0.59,0.64,0.59,0.59,0.50,0.50,0.35,0.43,0.63,0.57,0.93,0.86,0.45,0.58,0.47,0.53,0.40,0.30,0.61,0.43,0.40,0.30,0.24,0.43,0.55,0.44,0.32,0.50,0.55,0.27,0.45,0.47,0.34,0.58,0.57,0.42,0.35,0.52,0.53,0.30,0.47,0.32,0.74,0.65,0.60,0.70,0.57,0.57,0.75,0.80,0.60,0.70,0.63,0.75,0.50,0.63,0.55,0.23,0.40,0.33,0.50,0.95,0.78,0.38,0.92,0.77,0.90,0.46,0.83,0.52,0.97,0.28,0.55,0.57,0.72,0.73,0.40,0.63,0.70,0.47,0.55,0.35,0.63,0.65,1.00,0.55,0.90,0.65,0.94,0.45,0.47,0.63,0.57,0.70,0.47,0.47,0.30,0.80,0.40,0.70,0.65,0.30,0.60,0.60,0.40,0.60,0.55,0.40,0.30,,,,,,,,,,,,,,,,,,,,,,,,,,,,,,0.55,0.40,0.60,0.60,0.17,0.55,0.68,0.43,0.30,0.27,0.67,0.20,0.35,0.30,,0.20,0.45,0.47,0.80,0.60,0.60,0.57,0.60,0.45,0.70,0.40,0.40,0.23,0.97,0.57,0.70,0.47,0.45,0.65,0.35,1.05,0.10,0.53,0.46,0.45,0.63,0.50,0.40,0.50,0.60,0.40,0.45,0.20,0.93,0.33,0.57,0.63,0.60,0.80,0.45,0.70,0.70,0.55,0.55,0.70,0.95,0.85,0.80,0.85,0.58,0.57,0.45,0.53,0.54,0.50,0.43,0.37,0.80,0.80,0.82,0.83,0.47,0.50,0.43,0.70,1.00,0.45,0.83,0.80,0.90,0.60,0.67,0.35,0.60,0.40,0.50,0.80,0.63,0.93,0.73,0.80,0.77,0.80,0.90,0.80,0.70,0.65,0.35,0.43,0.70,0.60,0.30,0.45,0.55,0.50,0.30,,0.30,0.40,0.63,0.60,0.60,0.50,0.35,0.75,,0.75,0.30,0.30,0.50,0.55,0.30,0.40,0.40,0.50,0.90,0.40,0.50,0.20,0.55,0.35,0.25,0.25,0.50,,0.30,0.45,0.73,0.33,0.70,0.60,0.20,0.30,0.20,0.15,0.35,,0.30,,0.60,,0.30,0.40,0.30,0.20,0.10,0.10,0.20,0.40,0.43,0.25,0.30,0.60,0.10,0.20,0.30,0.25,0.10,0.25,0.65,0.45,0.20,0.30,0.45,0.40,,,,0.60,,
20260402,18,CO_24h,0.45,0.57,0.48,0.70,0.40,0.57,0.40,0.40,0.40,0.43,0.35,0.38,0.55,0.58,0.54,0.81,0.44,0.69,0.87,0.68,0.82,0.82,0.83,0.94,0.46,0.78,0.87,0.77,0.76,0.82,0.64,0.84,0.42,0.67,0.51,0.33,0.42,0.75,0.65,0.43,0.55,0.60,0.50,0.40,0.70,0.40,0.43,0.80,0.58,1.19,0.51,0.73,0.72,0.76,0.63,0.60,0.70,0.50,0.63,0.70,0.60,0.70,0.71,0.50,0.61,0.49,0.60,0.48,0.38,0.62,0.70,0.70,0.52,0.41,0.53,0.72,0.66,0.40,0.76,0.63,0.53,0.57,0.50,0.83,0.54,0.70,0.48,0.47,0.68,0.50,0.35,0.60,0.40,1.34,0.55,0.62,0.70,0.60,0.63,0.80,0.80,0.60,0.60,0.83,0.70,0.50,0.70,0.70,0.53,0.40,0.59,0.83,0.70,0.66,0.60,0.96,0.78,1.04,0.72,1.15,0.52,0.77,0.35,0.63,0.87,0.70,0.68,0.63,0.65,0.80,0.52,0.45,0.42,0.67,0.68,1.00,0.55,0.77,0.80,0.81,0.50,0.60,0.77,0.77,0.73,0.47,0.53,0.40,0.53,0.50,0.70,0.55,0.45,0.52,0.50,0.50,0.70,0.88,0.42,0.40,,,,,,,,,,,,,,,,,,,,,,,,,,,,,,0.35,0.40,0.55,0.60,0.23,0.50,0.55,0.47,0.33,0.57,0.57,0.20,0.50,0.35,,0.25,0.50,0.63,0.77,0.65,0.63,0.53,0.80,0.80,0.85,0.45,0.40,0.37,0.90,0.70,0.53,0.55,0.65,0.93,0.35,0.75,0.15,0.50,0.56,0.45,0.60,0.65,0.45,0.70,0.64,0.43,0.45,0.20,0.93,0.37,0.53,0.63,0.60,0.75,0.45,0.67,0.80,0.68,0.55,0.56,0.95,1.02,0.80,0.75,0.90,0.73,0.55,0.45,0.56,0.55,0.40,0.40,0.78,0.77,0.78,0.80,0.55,0.70,0.43,0.60,0.90,0.45,0.92,0.80,0.90,0.50,0.60,0.45,0.65,0.45,0.40,0.80,0.82,0.83,0.83,0.70,0.97,0.70,0.75,0.70,0.60,0.70,0.43,0.55,0.50,0.70,0.57,0.40,0.65,0.50,0.30,,0.35,0.50,0.43,0.60,0.60,0.55,0.50,0.65,,0.60,0.30,0.30,0.45,0.75,0.60,0.40,0.40,0.50,0.80,0.45,0.70,0.40,0.55,0.50,0.30,0.30,0.70,,0.30,0.55,0.67,0.57,0.50,0.50,0.60,0.45,0.50,0.40,0.45,,0.45,,0.70,,0.40,0.50,0.40,0.30,0.30,0.30,0.50,0.50,0.47,0.50,0.45,0.75,0.25,0.40,0.40,0.50,0.20,0.60,0.80,0.95,0.30,0.30,0.70,0.60,,,,0.70,,
20260402,19,AQI,98,85,119,89,75,73,114,60,64,118,119,78,65,54,53,60,63,103,426,76,51,54,76,56,59,66,58,61,55,76,60,78,86,70,41,33,64,58,58,46,38,46,51,39,58,33,40,53,57,89,50,52,33,43,47,44,48,43,47,36,34,68,70,36,38,45,57,30,31,64,71,32,55,50,37,34,58,61,55,72,46,51,33,51,66,63,67,52,61,68,68,46,55,84,75,79,26,35,34,35,28,38,36,36,49,35,43,34,33,57,41,50,61,86,36,90,68,80,57,136,69,202,71,52,58,43,98,66,52,78,51,85,24,27,32,23,24,45,40,93,35,23,31,54,33,36,34,24,64,40,69,63,40,65,80,500,174,55,41,58,,,,,,,,,,,,,,,,,,,,,,,,,,,,,,54,60,59,66,51,68,63,55,52,74,98,32,273,42,,24,38,75,89,74,64,89,57,50,53,114,71,46,174,96,157,51,124,157,33,277,34,56,56,58,60,50,52,51,57,60,44,54,51,53,36,27,27,30,30,53,29,38,44,29,23,34,29,47,60,60,54,51,60,42,53,52,51,62,49,53,31,45,48,40,62,32,29,50,53,45,49,26,32,22,44,53,52,75,56,66,53,76,84,81,40,16,28,30,43,20,33,29,24,38,24,,19,28,50,41,28,39,34,57,,43,46,56,28,66,55,30,59,64,99,39,55,43,28,33,54,28,34,,28,32,46,62,51,33,68,31,499,326,38,,50,,51,,31,33,36,39,53,40,41,57,61,70,46,56,37,41,70,55,65,67,131,45,51,30,43,40,,,,45,,
20260402,19,PM2.5,64,57,90,59,40,53,86,26,29,89,90,57,47,28,23,27,38,77,255,56,20,37,56,36,37,45,31,36,35,56,43,57,64,47,14,18,46,41,40,23,21,22,31,14,20,9,20,37,27,66,33,32,21,20,20,17,20,18,17,18,17,49,51,25,23,24,36,17,5,44,30,8,20,20,26,24,23,21,24,46,21,32,18,25,46,33,32,21,28,46,49,23,33,62,55,58,18,17,23,19,18,21,21,21,34,15,20,24,13,27,14,32,31,62,13,67,42,59,31,104,50,152,52,33,32,27,73,48,34,57,29,63,8,18,21,16,17,28,25,69,24,8,18,17,21,12,13,17,40,19,50,41,11,44,59,164,51,17,14,27,,,,,,,,,,,,,,,,,,,,,,,,,,,,,,36,43,42,48,23,37,45,29,18,25,45,16,74,20,,5,13,35,66,41,33,66,40,35,32,86,47,32,132,72,120,36,94,120,16,227,7,31,26,34,34,30,27,33,26,33,23,29,30,32,13,18,18,21,17,37,20,26,31,20,13,24,18,29,43,39,30,32,43,23,37,23,25,37,31,32,15,17,31,28,42,20,18,35,37,30,34,18,19,13,31,36,32,55,40,48,37,56,62,60,21,3,9,15,14,14,13,19,14,13,8,,9,11,28,29,14,20,15,31,,30,27,26,5,42,39,21,42,46,74,27,35,17,7,5,12,3,9,,3,10,28,26,29,18,26,13,152,105,23,,25,,26,,7,18,14,18,21,8,3,32,31,33,19,18,11,15,23,24,26,28,32,13,36,3,8,10,,,,28,,
20260402,19,PM2.5_24h,29,29,47,33,20,65,41,21,18,34,39,34,54,31,40,61,23,82,103,50,46,49,72,94,46,70,38,48,58,77,57,68,71,22,28,21,22,36,41,25,29,20,23,13,39,8,10,39,25,65,37,38,26,21,15,20,31,23,35,18,14,32,39,23,21,23,17,24,7,42,29,22,19,24,28,28,33,17,43,39,38,29,9,99,36,41,32,24,52,35,23,36,36,80,37,32,17,9,21,25,17,14,18,31,17,13,13,22,27,38,25,44,26,35,27,54,55,45,42,131,46,114,60,35,47,25,58,80,40,73,38,41,25,29,25,22,23,31,28,50,23,35,34,21,17,17,31,17,21,20,41,32,23,33,42,42,28,27,11,36,,,,,,,,,,,,,,,,,,,,,,,,,,,,,,27,28,17,39,18,33,25,28,17,21,32,10,25,19,,4,11,37,57,64,27,66,77,61,64,55,30,40,141,88,66,55,140,181,11,119,6,41,48,41,38,33,25,54,39,48,34,37,29,28,6,20,13,20,12,31,25,36,33,18,20,31,29,27,85,76,58,37,37,27,40,33,32,36,30,34,27,34,38,23,36,16,29,31,27,22,35,25,23,16,19,40,34,33,32,33,28,32,44,35,21,11,20,23,18,24,19,18,19,18,8,,4,17,25,22,13,18,20,25,,15,29,20,9,50,42,24,39,36,60,22,47,25,9,5,5,3,22,,3,5,30,29,20,23,28,20,41,71,19,,22,,22,,18,18,16,14,22,11,8,13,25,28,20,30,22,28,22,54,28,42,43,37,11,3,27,31,,,,28,,
20260402,19,PM10,145,120,136,128,100,73,155,69,77,163,113,90,75,57,56,69,75,104,526,78,51,58,90,62,68,81,65,64,56,89,69,74,82,89,31,32,75,65,66,46,33,46,51,34,65,25,40,44,63,86,50,53,33,43,47,44,48,43,47,36,34,76,67,36,38,45,63,28,22,78,91,28,60,50,32,32,65,72,59,93,46,52,33,52,82,75,84,54,71,85,86,46,59,97,64,83,26,32,34,35,28,38,36,36,48,26,43,31,31,63,41,50,72,121,36,126,85,100,64,129,74,241,69,53,66,43,103,71,53,87,52,87,15,27,32,19,22,45,40,73,35,20,27,57,33,36,34,22,77,40,76,75,40,79,103,796,298,60,41,65,,,,,,,,,,,,,,,,,,,,,,,,,,,,,,57,59,66,75,51,86,69,60,54,98,145,32,401,42,,20,38,100,96,97,77,106,63,46,55,163,92,43,227,95,152,49,104,172,33,,34,61,61,65,70,50,53,52,64,70,44,57,52,55,26,27,27,22,30,38,23,38,35,27,23,27,29,47,69,70,58,51,62,42,56,53,51,74,49,55,19,45,48,34,73,32,29,40,,45,47,23,32,22,37,56,54,83,51,,43,70,72,111,40,13,28,26,43,20,33,29,24,38,22,,11,24,50,39,28,39,,64,,37,46,61,11,81,47,25,51,66,112,29,59,43,21,8,57,15,16,,13,17,46,74,52,33,85,28,599,441,38,,50,,52,,22,33,36,35,55,23,41,64,71,89,46,62,35,33,89,59,80,84,212,45,36,15,43,40,,,,45,,
20260402,19,PM10_24h,94,84,134,89,73,98,127,50,66,82,108,113,113,68,71,99,64,107,178,70,71,70,106,120,66,100,69,82,69,101,82,82,82,42,45,34,34,52,57,41,44,37,38,25,79,20,19,59,70,85,53,54,44,38,32,36,45,36,54,33,27,51,47,36,38,32,37,38,23,86,69,41,58,58,43,43,64,50,89,78,57,66,20,126,106,89,82,72,87,110,85,58,57,110,96,82,30,19,28,37,25,20,27,44,29,19,23,41,43,63,67,58,63,84,60,98,94,89,77,172,77,143,94,58,78,46,81,98,54,100,67,65,38,38,38,34,24,50,44,61,31,57,46,37,28,38,47,30,34,37,73,62,69,59,79,180,124,65,41,128,,,,,,,,,,,,,,,,,,,,,,,,,,,,,,53,47,32,71,56,75,50,51,74,74,75,22,82,40,,16,42,79,90,88,64,93,102,88,97,94,64,59,210,130,85,73,164,249,26,173,17,68,74,71,72,53,36,76,69,72,50,60,48,47,20,27,20,23,21,43,34,54,46,30,39,43,45,50,114,105,89,54,53,51,53,62,59,53,53,59,45,69,54,36,63,28,44,40,31,35,45,39,37,23,33,53,55,54,47,49,41,48,56,53,40,25,33,35,45,33,42,27,28,24,25,,9,26,38,28,24,30,25,42,,25,42,34,15,88,51,35,51,48,78,28,63,35,16,9,30,15,29,,10,9,48,72,43,44,88,44,125,204,57,,53,,47,,40,45,30,29,50,24,23,45,76,85,60,91,77,52,87,154,80,142,204,88,37,15,65,68,,,,43,,
20260402,19,SO2,6,11,3,18,13,6,7,5,5,7,7,9,8,7,11,8,9,9,23,8,6,7,5,8,10,7,7,7,6,12,8,7,7,8,5,5,9,7,11,7,6,4,3,5,7,4,2,7,6,6,5,9,5,5,5,4,5,4,6,4,6,9,4,6,7,5,6,3,4,7,11,6,6,6,4,5,11,6,10,11,7,11,3,15,10,5,11,9,9,8,7,3,7,8,7,12,6,6,4,3,9,6,6,5,5,3,8,6,3,5,8,10,9,11,5,15,13,14,8,11,6,11,7,8,9,7,12,4,7,11,6,16,6,6,7,7,9,5,6,5,4,6,7,7,6,7,3,6,18,6,7,7,2,9,9,14,10,11,27,9,,,,,,,,,,,,,,,,,,,,,,,,,,,,,,7,1,4,8,4,13,9,11,6,11,8,6,8,7,,6,9,14,12,10,9,12,8,7,10,2,6,6,13,10,10,5,8,10,6,11,7,6,9,8,8,6,4,8,7,46,5,6,8,6,3,5,3,4,5,5,5,3,6,3,8,7,8,16,8,8,3,6,7,6,3,5,9,8,10,9,4,4,6,6,5,7,6,8,6,8,4,4,5,4,10,7,4,13,17,11,7,6,7,6,3,6,7,5,7,7,4,6,8,6,6,,6,7,8,11,4,10,8,5,,4,6,7,8,7,7,5,4,5,10,6,5,7,6,7,8,6,6,,6,6,5,5,6,7,5,10,9,4,10,,4,,7,,5,8,5,10,10,11,5,13,6,9,5,2,8,8,3,4,6,3,3,7,6,6,11,9,,,,6,,
20260402,19,SO2_24h,5,9,4,10,10,6,5,5,4,4,7,8,7,8,10,11,8,9,12,7,7,7,5,9,9,10,6,9,7,11,7,8,6,7,6,5,7,6,6,6,7,3,4,4,6,4,3,9,7,7,5,8,6,6,5,5,7,4,6,5,6,11,5,6,8,5,7,4,5,7,12,16,12,7,4,6,12,7,15,10,8,25,4,16,10,7,13,10,10,8,5,6,7,11,7,11,10,6,5,9,8,6,7,7,7,4,7,8,6,5,15,10,9,13,12,13,11,13,13,11,6,8,8,7,9,6,11,4,8,11,6,14,6,9,7,9,8,8,10,8,4,8,8,10,9,6,3,6,9,7,8,5,3,7,8,26,13,20,6,9,,,,,,,,,,,,,,,,,,,,,,,,,,,,,,6,2,5,6,6,11,8,9,12,32,14,5,12,7,,5,9,16,11,10,9,7,8,9,10,2,6,9,10,12,8,7,8,13,7,19,7,6,9,7,7,7,4,8,7,8,5,7,5,7,3,7,4,7,6,5,6,6,16,5,8,10,11,14,10,10,6,6,6,6,3,5,10,7,12,12,5,6,8,6,8,8,6,9,5,7,7,5,4,4,10,8,6,12,14,19,6,6,12,8,4,6,8,6,9,7,5,6,9,6,5,,6,9,5,9,4,11,7,4,,5,6,6,9,8,6,4,4,4,9,5,5,6,6,6,9,7,10,,7,6,6,7,7,8,25,11,11,7,9,,8,,8,,4,12,7,10,13,16,5,14,9,9,7,5,9,7,3,4,10,4,2,7,6,6,14,10,,,,7,,
20260402,19,NO2,26,66,18,49,42,11,26,16,20,24,26,24,10,20,20,18,55,28,64,30,20,27,25,25,18,38,31,22,23,28,30,18,23,29,18,27,33,20,24,25,30,44,49,14,32,18,22,31,15,13,12,28,21,24,13,12,27,11,12,21,11,75,18,7,21,17,14,8,7,24,12,11,11,12,21,19,20,18,24,20,13,21,17,18,21,14,25,17,19,35,21,13,16,42,22,26,20,15,6,7,16,12,19,5,51,12,20,16,7,16,16,11,20,24,17,29,28,39,29,45,20,66,17,24,24,27,28,12,18,22,10,17,19,17,23,13,19,29,7,38,5,10,14,9,19,7,9,16,13,7,25,24,9,30,23,2,3,8,5,4,,,,,,,,,,,,,,,,,,,,,,,,,,,,,,17,11,32,13,11,20,12,30,30,5,20,10,7,16,,11,10,24,23,18,19,33,13,30,21,17,18,18,36,17,22,6,20,34,9,49,3,17,17,21,48,48,24,23,15,18,17,13,31,24,11,16,14,20,22,25,14,21,21,31,17,20,11,22,15,23,17,14,18,15,12,15,14,14,17,22,12,14,10,7,21,10,11,10,14,20,21,13,20,14,21,10,11,49,18,12,29,12,21,,42,16,11,17,16,10,36,16,18,7,9,,13,6,19,10,11,9,6,11,,6,5,23,7,9,5,8,6,10,35,9,12,6,9,8,2,4,5,,2,2,23,13,30,11,7,14,4,6,12,,16,,15,,5,6,,1,1,1,6,1,8,7,13,8,6,9,5,6,3,5,2,7,4,6,8,4,,,,6,,
20260402,19,NO2_24h,28,45,22,24,32,20,31,16,21,29,31,27,18,25,34,38,22,40,43,50,35,52,32,33,21,55,44,42,40,24,28,21,20,36,38,27,25,39,39,24,33,32,28,15,28,13,15,45,24,24,17,33,27,39,17,17,40,19,25,24,12,44,16,7,22,17,12,9,9,43,41,19,34,26,31,28,47,25,32,21,27,40,13,30,23,22,22,29,25,36,25,17,18,42,25,21,23,11,9,15,19,10,22,21,28,10,14,26,13,16,27,17,17,32,27,29,31,32,35,36,14,35,16,38,37,37,24,19,20,15,21,15,24,23,27,16,19,29,15,33,5,25,21,12,18,11,20,22,11,7,32,27,33,22,39,22,12,30,10,18,,,,,,,,,,,,,,,,,,,,,,,,,,,,,,12,11,23,14,23,24,10,24,29,34,16,8,17,21,,9,6,30,29,28,30,37,28,19,23,14,15,14,29,21,20,12,27,34,9,31,5,18,19,19,26,43,12,21,14,18,14,12,26,22,10,20,14,15,14,18,16,28,27,24,26,21,16,24,17,23,21,19,16,15,11,16,17,17,12,21,16,18,18,12,21,11,24,18,8,20,23,19,21,11,34,18,23,32,29,16,29,17,21,10,33,19,14,20,20,18,40,11,20,10,5,,12,9,11,6,15,9,8,18,,6,8,12,8,15,9,8,7,7,13,9,17,10,9,7,4,4,14,,3,3,27,48,17,19,33,27,26,21,21,,16,,14,,13,9,3,3,11,2,25,8,23,25,27,20,27,18,13,34,12,36,20,36,10,7,15,18,,,,6,,
20260402,19,O3,119,73,125,56,68,127,133,120,115,164,142,120,122,128,115,104,53,118,121,169,139,146,161,126,122,154,138,169,164,143,129,121,160,152,130,106,138,163,162,118,120,74,57,126,109,107,108,54,137,137,120,85,65,73,102,87,63,83,67,87,107,7,48,69,59,81,84,95,99,116,125,102,121,128,55,65,117,124,102,126,97,106,93,124,129,135,128,136,124,123,148,124,133,115,147,149,43,112,52,42,87,115,64,55,8,111,97,53,104,116,108,117,121,142,86,104,99,93,93,109,75,70,76,126,140,76,96,119,105,116,105,96,76,84,57,71,53,32,65,10,62,73,100,95,90,100,82,50,50,97,110,97,106,85,103,115,114,115,115,124,,,,,,,,,,,,,,,,,,,,,,,,,,,,,,101,99,89,132,109,129,114,104,106,116,105,81,111,113,,78,112,95,120,100,111,109,114,70,80,80,90,78,110,118,96,88,129,100,74,55,82,137,116,122,70,52,46,129,111,117,110,110,81,125,114,50,46,53,85,31,64,77,60,34,69,70,56,56,108,112,118,95,95,93,115,95,86,71,75,89,98,89,97,80,76,57,61,65,69,26,47,58,56,49,25,70,71,13,38,94,36,48,37,74,36,51,86,96,98,57,37,85,64,73,78,,61,91,79,93,75,62,108,60,,66,120,73,90,127,108,95,122,114,92,93,102,91,91,107,102,91,109,,91,103,53,129,22,92,118,100,103,102,107,,107,,77,,100,56,112,126,117,127,117,132,121,121,102,129,118,130,118,128,128,126,109,131,107,95,112,103,,,,86,,
20260402,19,O3_24h,119,73,125,56,68,127,133,120,115,164,142,120,122,128,115,104,53,118,121,169,139,146,161,126,122,154,138,169,164,143,129,121,160,152,130,106,138,163,162,118,120,74,57,126,109,107,108,54,137,137,120,85,65,73,102,87,63,83,67,87,107,7,48,69,59,81,84,95,99,116,125,102,121,128,55,65,117,124,102,126,97,106,93,124,129,135,128,136,124,123,148,124,133,115,147,149,43,112,52,42,87,115,64,55,8,111,97,53,104,116,108,117,121,142,86,104,99,93,93,109,75,70,76,126,140,76,96,119,105,116,105,96,76,84,57,71,53,32,65,10,62,73,100,95,90,100,82,50,50,97,110,97,106,85,103,115,114,115,115,124,,,,,,,,,,,,,,,,,,,,,,,,,,,,,,101,99,89,132,109,129,114,104,106,116,105,81,111,113,,78,112,95,120,100,111,109,114,70,80,80,90,78,110,118,96,88,129,100,74,55,82,137,116,122,70,52,46,129,111,117,110,110,81,125,114,50,46,53,85,31,64,77,60,34,69,70,56,56,108,112,118,95,95,93,115,95,86,71,75,89,98,89,97,80,76,57,61,65,69,26,47,58,56,49,25,70,71,13,38,94,36,48,37,74,36,51,86,96,98,57,37,85,64,73,78,,61,91,79,93,75,62,108,60,,66,120,73,90,127,108,95,122,114,92,93,102,91,91,107,102,91,109,,91,103,53,129,22,92,118,100,103,102,107,,107,,77,,100,56,112,126,117,127,117,132,121,121,102,129,118,130,118,128,128,126,109,131,107,95,112,103,,,,86,,
20260402,19,O3_8h,106,106,131,98,103,136,123,119,122,138,138,125,129,136,110,122,99,123,120,174,153,166,157,134,126,175,167,177,179,174,147,141,146,144,147,123,146,165,168,134,136,124,116,111,135,131,126,73,140,139,131,94,91,77,101,94,68,88,85,94,103,54,62,79,64,92,88,101,108,104,121,120,120,117,68,73,127,127,108,124,107,108,107,142,132,146,137,141,140,133,137,140,144,142,143,155,58,112,91,62,87,110,49,67,49,108,103,71,105,137,115,123,133,131,100,109,123,107,102,136,98,146,101,138,157,85,110,127,125,124,118,98,62,84,73,92,64,65,68,33,66,79,112,100,99,105,96,61,62,106,110,97,95,89,104,122,110,121,104,117,,,,,,,,,,,,,,,,,,,,,,,,,,,,,,120,122,114,129,111,138,113,113,125,121,118,87,115,120,,82,118,110,117,121,118,122,117,111,109,103,105,112,157,130,110,119,146,146,81,131,82,143,131,133,118,94,91,147,124,131,122,118,113,138,129,53,76,67,119,65,80,70,79,49,63,72,66,91,120,123,138,113,114,110,132,110,100,69,94,103,99,98,112,71,101,58,72,73,101,65,57,58,72,68,31,60,49,38,32,123,38,58,44,81,55,68,93,109,112,64,49,90,72,83,79,,68,96,96,105,78,66,114,60,,74,110,99,96,126,110,94,121,117,120,92,101,69,93,95,104,95,113,,94,109,43,125,36,102,115,95,113,106,105,,115,,81,,103,,118,128,121,122,119,135,113,116,112,127,108,114,115,110,120,104,103,116,88,87,106,106,,,,82,,
20260402,19,O3_8h_24h,106,104,130,95,100,136,123,119,122,138,138,136,129,136,110,121,93,121,120,174,152,165,157,134,126,182,167,177,179,173,147,140,154,144,146,122,146,165,168,134,133,122,113,111,133,128,126,69,140,139,131,92,78,77,101,93,68,88,84,94,105,45,48,79,64,91,88,101,108,104,121,120,120,117,66,70,127,127,108,124,107,108,107,141,132,146,137,141,139,132,137,140,144,142,143,155,47,112,56,48,87,110,49,63,23,108,102,68,105,137,115,123,133,131,98,109,121,106,102,133,96,137,96,138,156,80,110,127,123,124,118,98,62,83,71,87,64,42,68,26,66,79,112,100,99,105,96,55,57,105,110,96,95,89,104,122,110,121,104,117,,,,,,,,,,,,,,,,,,,,,,,,,,,,,,118,120,114,129,111,138,113,113,125,121,118,87,115,120,,82,118,110,117,118,118,121,116,105,104,102,105,106,147,121,109,116,135,137,81,120,82,143,131,133,109,92,89,147,124,131,122,118,111,138,128,53,71,67,117,60,58,70,74,43,63,67,62,87,120,123,138,113,112,107,131,108,94,69,90,96,99,96,105,71,97,58,70,71,84,60,57,57,69,66,31,60,49,25,32,123,38,57,40,79,55,63,93,108,111,58,48,90,72,83,79,,68,96,95,105,78,66,113,60,,69,110,98,95,126,110,94,121,117,120,92,101,69,88,95,104,95,112,,92,108,43,125,36,102,115,95,113,106,105,,115,,81,,103,,118,128,121,122,113,135,113,116,111,127,108,114,115,110,120,104,103,116,88,87,105,106,,,,82,,
20260402,19,CO,0.55,0.82,0.60,1.02,0.65,0.42,0.54,0.37,0.45,0.70,0.48,0.40,0.45,0.43,0.38,0.53,0.43,0.61,2.12,0.66,0.84,0.72,0.68,0.56,0.58,0.63,0.75,0.59,0.56,0.80,0.64,0.70,0.50,0.66,0.41,0.40,0.61,0.72,0.65,0.43,0.55,0.57,0.60,0.40,0.66,0.35,0.50,0.87,0.48,0.73,0.57,0.81,0.66,0.64,0.60,0.50,0.50,0.35,0.40,0.67,0.60,1.07,0.81,0.47,0.59,0.49,0.43,0.41,0.35,0.62,0.40,0.40,0.30,0.24,0.45,0.58,0.56,0.34,0.50,0.60,0.30,0.47,0.60,0.38,0.62,0.60,0.50,0.47,0.58,0.67,0.40,0.50,0.37,0.72,0.75,0.68,0.70,0.60,0.60,0.77,0.85,0.55,0.65,0.67,0.80,0.50,0.63,0.55,0.23,0.40,0.37,0.65,0.77,0.90,0.44,1.02,0.78,0.90,0.50,0.98,0.52,1.27,0.30,0.60,0.53,0.74,0.73,0.42,0.62,0.67,0.45,0.60,0.43,0.57,0.65,1.00,0.55,1.00,0.63,1.00,0.45,0.50,0.63,0.78,0.73,0.47,0.47,0.40,0.78,0.45,0.73,0.65,0.30,0.62,0.65,0.40,0.60,0.42,0.38,0.30,,,,,,,,,,,,,,,,,,,,,,,,,,,,,,0.55,0.50,0.60,0.67,0.25,0.85,0.68,0.50,0.40,0.20,0.63,0.30,0.35,0.35,,0.25,0.50,0.45,0.93,0.55,0.60,0.70,0.70,0.70,0.95,0.50,0.45,0.33,1.00,0.57,0.77,0.38,0.60,0.67,0.35,1.20,0.15,0.50,0.48,0.50,0.60,0.55,0.55,0.50,0.68,0.43,0.45,0.23,0.97,0.37,0.50,0.73,0.60,0.90,0.55,0.73,0.83,0.57,0.50,0.70,0.95,0.88,0.82,0.80,0.62,0.62,0.45,0.47,0.57,0.60,0.43,0.33,0.65,0.70,0.84,0.67,0.42,0.50,0.40,0.70,0.90,0.50,0.83,0.85,1.00,0.75,0.70,0.35,0.65,0.50,0.55,0.73,0.60,0.97,0.60,0.80,0.80,0.80,0.90,0.80,0.73,0.65,0.40,0.43,0.70,0.60,0.38,0.45,0.60,0.50,0.30,,0.35,0.45,0.70,0.67,0.60,0.55,0.35,0.70,,0.75,0.30,0.40,0.45,0.55,0.35,0.40,0.40,0.50,1.10,0.45,0.60,0.20,0.60,0.35,0.20,0.30,0.50,,0.25,0.45,0.70,0.25,0.70,0.55,0.20,0.35,0.20,0.20,0.45,,0.35,,0.60,,0.35,0.50,0.40,0.20,0.30,0.20,0.20,0.30,0.40,0.20,0.35,0.60,0.10,0.20,0.25,0.25,0.10,0.25,0.30,0.45,0.20,,0.45,0.30,,,,0.55,,
20260402,19,CO_24h,0.45,0.59,0.52,0.73,0.45,0.57,0.40,0.40,0.40,0.43,0.35,0.38,0.55,0.58,0.54,0.81,0.44,0.69,0.91,0.68,0.83,0.82,0.83,0.93,0.50,0.78,0.87,0.77,0.74,0.83,0.64,0.84,0.42,0.67,0.51,0.33,0.45,0.75,0.65,0.43,0.55,0.60,0.50,0.40,0.70,0.40,0.43,0.82,0.58,1.17,0.51,0.73,0.72,0.76,0.61,0.60,0.70,0.50,0.63,0.70,0.60,0.70,0.71,0.50,0.62,0.49,0.60,0.48,0.38,0.63,0.70,0.70,0.50,0.41,0.53,0.72,0.66,0.40,0.76,0.63,0.53,0.57,0.50,0.83,0.56,0.70,0.50,0.47,0.68,0.53,0.35,0.60,0.40,1.32,0.55,0.63,0.70,0.60,0.63,0.80,0.80,0.60,0.60,0.80,0.70,0.50,0.70,0.70,0.53,0.40,0.59,0.82,0.70,0.68,0.60,0.98,0.82,1.04,0.72,1.15,0.54,0.80,0.35,0.63,0.87,0.70,0.68,0.57,0.65,0.80,0.52,0.47,0.42,0.67,0.68,1.00,0.55,0.83,0.80,0.84,0.50,0.60,0.77,0.75,0.73,0.50,0.53,0.40,0.55,0.50,0.73,0.55,0.45,0.52,0.50,0.50,0.70,0.88,0.42,0.40,,,,,,,,,,,,,,,,,,,,,,,,,,,,,,0.35,0.40,0.55,0.60,0.23,0.50,0.55,0.47,0.33,0.57,0.60,0.20,0.50,0.35,,0.25,0.50,0.63,0.77,0.65,0.63,0.53,0.80,0.80,0.85,0.45,0.40,0.37,0.93,0.70,0.53,0.55,0.65,0.97,0.35,0.80,0.15,0.50,0.56,0.50,0.60,0.65,0.45,0.70,0.64,0.43,0.45,0.23,0.93,0.37,0.53,0.60,0.60,0.75,0.45,0.67,0.80,0.68,0.55,0.58,1.00,1.00,0.80,0.75,0.90,0.73,0.55,0.45,0.58,0.55,0.43,0.37,0.78,0.80,0.78,0.80,0.55,0.70,0.43,0.60,0.90,0.45,0.92,0.80,0.90,0.50,0.60,0.45,0.70,0.45,0.40,0.80,0.82,0.87,0.87,0.70,0.97,0.70,0.75,0.70,0.67,0.70,0.43,0.55,0.55,0.67,0.53,0.40,0.65,0.50,0.30,,0.35,0.50,0.43,0.60,0.60,0.55,0.50,0.70,,0.60,0.30,0.30,0.50,0.75,0.55,0.40,0.40,0.50,0.80,0.45,0.70,0.40,0.55,0.50,0.30,0.30,0.70,,0.30,0.55,0.67,0.57,0.50,0.55,0.60,0.45,0.50,0.40,0.45,,0.45,,0.70,,0.35,0.50,0.40,0.30,0.30,0.30,0.50,0.50,0.47,0.55,0.45,0.80,0.25,0.40,0.40,0.50,0.20,0.60,0.80,0.90,0.30,0.30,0.65,0.60,,,,0.70,,
20260402,20,AQI,101,83,111,90,81,65,126,64,71,128,118,79,75,62,59,58,66,116,500,73,57,68,89,60,62,66,59,59,63,95,75,76,84,75,38,35,60,68,53,43,38,41,39,40,60,33,37,53,56,95,46,52,33,43,48,44,50,41,45,42,38,63,61,40,40,43,57,30,31,67,71,47,45,47,39,39,61,65,74,83,43,54,29,54,70,68,71,56,65,89,81,51,57,73,91,85,24,34,34,31,28,35,30,33,50,32,35,36,36,57,48,51,64,96,39,106,71,94,57,191,75,205,88,55,59,40,100,60,51,73,45,78,22,26,31,27,19,42,38,91,38,22,28,39,40,37,30,24,56,37,65,66,41,71,84,500,250,47,48,50,,,,,,,,,,,,,,,,,,,,,,,,,,,,,,57,61,60,68,53,72,59,64,60,161,165,30,142,46,,24,69,63,110,74,59,104,89,70,109,83,75,81,189,139,148,41,105,169,36,281,24,55,57,62,62,49,48,53,62,61,41,56,53,54,35,21,26,21,26,50,24,37,40,25,25,36,39,44,68,67,53,43,52,38,54,54,48,47,52,52,33,50,42,33,52,32,34,43,58,43,53,22,33,24,46,52,50,76,55,71,53,74,89,91,46,16,27,30,55,21,36,33,28,40,34,,18,28,56,55,25,39,32,53,,50,46,44,28,70,66,34,59,65,109,29,59,29,30,33,56,27,33,,35,28,48,59,54,30,65,32,500,350,47,,50,,51,,31,63,88,51,62,48,35,66,63,59,49,62,39,41,60,49,70,67,104,42,37,28,46,39,,,,50,,
20260402,20,PM2.5,69,56,84,61,41,47,96,29,33,97,89,58,55,33,34,25,42,88,262,53,33,49,66,43,43,45,32,37,45,71,55,56,62,52,15,20,42,49,33,22,23,21,24,12,23,11,20,37,30,71,30,35,21,21,20,17,22,17,19,20,18,45,38,27,23,27,33,18,8,43,35,22,16,22,27,27,32,21,47,59,30,36,16,24,48,33,37,28,37,66,60,25,34,53,68,63,17,15,24,19,16,20,17,22,35,21,18,25,19,36,23,30,35,72,15,80,52,70,37,144,55,155,65,37,35,26,75,43,32,53,24,57,5,18,22,19,13,26,24,68,25,9,16,20,26,12,13,16,40,17,47,48,16,52,62,160,69,15,17,24,,,,,,,,,,,,,,,,,,,,,,,,,,,,,,40,44,43,45,27,35,42,42,23,76,70,16,79,18,,5,34,34,83,54,42,78,66,51,82,57,55,60,142,106,113,26,79,128,19,231,5,28,31,35,34,32,29,31,32,38,20,36,32,30,11,15,18,12,17,35,17,26,28,17,12,25,27,22,49,46,35,28,33,17,38,25,26,32,29,31,23,24,22,20,36,20,24,30,41,30,37,15,23,15,32,36,34,56,38,52,37,54,66,68,23,3,9,18,17,13,14,22,16,15,8,,11,10,40,30,15,27,19,37,,35,26,24,3,51,48,24,42,47,82,20,42,11,6,7,16,3,16,,5,11,31,28,31,13,27,16,136,88,29,,22,,19,,22,32,57,26,23,8,3,25,21,31,14,28,14,24,19,23,28,28,33,11,14,10,11,15,,,,31,,
20260402,20,PM2.5_24h,31,31,49,35,21,64,44,21,19,37,42,35,54,31,41,60,24,83,107,51,45,50,71,90,46,69,38,49,58,78,56,67,71,24,27,21,23,37,42,24,29,20,24,13,38,9,11,39,25,65,37,38,25,21,15,20,31,22,34,19,14,34,39,23,21,24,18,24,7,42,29,21,19,24,29,28,33,17,43,40,38,29,9,98,37,40,32,25,52,37,25,36,36,79,38,34,17,9,21,24,17,14,18,31,18,13,12,23,27,38,25,43,26,36,26,56,56,46,42,131,47,117,61,35,47,26,60,76,39,73,38,43,24,28,24,22,22,31,27,51,23,34,34,21,18,17,31,17,22,20,42,33,23,33,44,48,30,27,11,35,,,,,,,,,,,,,,,,,,,,,,,,,,,,,,28,29,19,39,19,34,26,28,17,23,33,10,28,19,,4,12,38,59,64,29,66,77,60,64,53,32,40,145,92,68,55,141,183,11,125,6,41,48,42,38,33,25,53,40,48,33,37,29,28,6,20,14,20,13,31,25,37,33,18,21,31,30,26,83,75,57,37,37,27,40,33,32,36,30,34,27,34,37,23,36,16,29,31,28,23,36,24,23,16,20,40,34,35,32,34,28,34,46,37,21,11,20,22,18,24,19,18,19,18,8,,4,17,25,22,13,17,19,26,,16,29,20,8,50,42,24,39,37,60,21,47,24,9,5,5,2,22,,3,5,30,30,21,22,28,20,46,73,19,,22,,21,,18,19,18,14,22,10,8,13,25,28,20,30,22,28,22,53,28,42,43,36,11,3,26,30,,,,28,,
20260402,20,PM10,152,116,129,129,112,71,177,77,92,164,142,93,87,73,68,66,81,124,752,74,64,73,97,70,73,81,68,67,68,113,82,70,79,99,33,35,69,77,55,43,33,41,39,29,70,30,37,40,61,86,46,53,33,43,48,44,50,41,45,42,38,69,71,40,40,43,63,30,21,84,91,47,45,47,36,34,72,79,97,115,34,57,22,57,89,86,92,62,79,101,101,52,64,84,72,86,24,27,30,31,24,27,30,33,50,31,35,36,36,63,48,51,78,141,39,151,91,119,63,187,79,231,91,60,67,40,105,59,51,95,45,74,15,22,30,22,16,42,38,72,38,22,22,39,40,37,30,24,62,37,80,80,41,89,101,747,385,47,48,50,,,,,,,,,,,,,,,,,,,,,,,,,,,,,,63,44,65,85,56,94,67,78,70,271,280,30,234,46,,20,88,76,102,81,64,109,82,66,87,116,94,70,240,144,139,41,106,208,36,,19,59,64,74,74,49,48,56,74,71,41,61,56,57,20,19,26,21,26,40,22,35,35,25,25,36,35,44,76,83,56,43,54,38,57,58,48,47,53,54,19,50,42,33,54,32,29,32,47,39,51,22,33,24,46,54,50,83,59,,48,60,75,114,46,11,27,29,60,21,36,33,28,40,34,,18,22,53,59,25,39,23,55,,45,46,44,18,90,,25,58,57,124,25,67,26,18,11,61,17,20,,35,17,48,67,58,29,79,32,648,460,47,,50,,51,,31,75,125,51,73,48,15,81,75,68,49,74,39,41,70,49,89,84,158,42,,14,46,39,,,,50,,
20260402,20,PM10_24h,97,87,133,91,75,97,130,52,68,85,108,111,113,68,72,98,64,109,204,71,71,71,106,115,66,99,69,83,70,102,81,81,82,45,44,33,36,54,58,41,45,38,39,25,78,21,21,58,66,85,53,55,43,38,32,36,46,36,54,34,28,53,49,35,38,32,38,37,23,87,70,42,58,58,42,43,65,52,89,79,57,66,20,125,104,88,81,70,87,108,85,59,57,109,95,82,30,20,28,37,25,21,27,44,30,19,23,42,43,63,67,58,63,86,60,100,96,90,78,170,77,149,94,57,77,46,84,95,54,99,67,66,37,38,38,32,24,50,44,63,31,55,46,37,29,37,47,29,35,37,74,63,68,60,80,208,137,65,40,122,,,,,,,,,,,,,,,,,,,,,,,,,,,,,,54,47,34,71,57,76,52,52,74,84,85,22,89,40,,16,45,80,91,89,65,95,101,85,96,96,66,56,217,135,88,73,166,252,25,176,17,68,73,71,72,53,37,75,70,72,49,61,48,47,20,27,20,23,21,42,33,54,46,30,39,42,44,51,112,105,89,54,53,50,54,62,58,53,52,59,44,68,53,36,62,28,43,39,31,35,47,38,36,22,34,53,56,55,49,50,42,50,58,56,40,23,32,35,45,32,40,27,28,25,25,,10,26,39,30,24,29,24,43,,27,42,33,15,88,50,34,51,48,79,28,63,34,16,9,31,15,29,,11,9,48,73,43,43,88,43,148,220,57,,53,,47,,39,47,35,30,51,25,23,48,76,85,59,91,77,52,86,150,80,140,198,87,37,15,63,68,,,,44,,
20260402,20,SO2,5,11,4,14,14,6,7,4,5,7,7,8,9,8,11,8,9,9,27,8,7,8,6,9,10,7,6,6,7,14,10,7,7,8,5,5,8,9,7,7,6,3,3,5,7,4,2,7,6,6,4,9,4,5,4,4,5,4,6,4,5,9,4,6,7,5,5,4,4,7,9,16,6,7,4,5,14,6,12,13,6,12,3,18,10,6,11,10,9,9,8,4,7,9,7,11,6,6,4,3,8,6,6,5,5,4,7,7,3,5,11,10,9,11,6,16,13,15,8,15,7,12,7,8,10,7,12,4,7,10,5,16,5,6,6,6,9,4,6,5,4,6,7,7,6,6,3,5,28,6,6,7,2,7,9,13,9,10,5,9,,,,,,,,,,,,,,,,,,,,,,,,,,,,,,7,2,5,7,5,12,9,10,7,8,7,6,8,7,,5,8,13,14,12,10,9,8,10,12,2,7,6,13,11,9,6,9,10,6,11,6,6,8,9,13,6,4,8,7,7,5,6,6,5,3,3,3,4,5,5,4,3,7,3,7,7,8,11,9,8,4,6,7,5,4,4,9,7,10,8,4,4,5,5,4,7,6,8,5,8,5,4,3,4,9,7,4,13,14,12,6,6,6,6,6,6,6,5,7,7,4,6,8,6,5,,5,7,6,31,4,10,8,5,,4,6,6,7,7,6,5,4,6,10,5,5,7,6,6,9,7,6,,7,6,5,5,6,9,5,10,11,4,10,,3,,7,,6,16,5,13,10,10,6,12,5,9,5,4,7,9,3,4,6,3,1,6,6,5,11,10,,,,6,,
20260402,20,SO2_24h,5,9,4,10,10,6,5,5,4,5,7,8,7,8,10,11,8,10,13,7,7,7,5,9,9,10,6,8,7,12,7,8,6,7,6,5,7,7,6,6,7,3,4,5,6,4,3,9,6,7,5,9,6,6,5,5,7,4,6,5,6,11,5,6,8,5,7,4,5,7,12,16,12,7,4,6,12,7,15,10,8,24,4,16,10,7,13,10,10,8,5,6,7,11,7,11,10,6,5,9,9,6,7,7,7,4,7,8,6,5,15,10,10,13,12,13,11,13,13,11,6,8,8,7,9,6,12,4,8,11,6,14,6,8,7,9,8,8,10,8,4,8,8,9,8,6,3,5,10,7,8,5,3,7,8,26,12,20,6,9,,,,,,,,,,,,,,,,,,,,,,,,,,,,,,6,2,5,6,6,11,8,9,12,32,14,5,12,7,,6,9,16,11,10,9,7,8,9,10,2,6,9,11,12,8,7,8,13,7,19,7,6,8,8,8,7,4,8,7,8,5,6,5,7,3,7,4,7,6,5,7,6,16,5,8,10,11,14,10,10,6,6,6,6,3,5,10,7,12,12,5,6,8,6,8,8,6,8,5,7,7,5,4,4,10,8,6,12,15,19,6,6,12,8,5,6,7,6,9,7,5,6,9,6,5,,6,9,5,10,4,10,7,4,,5,6,6,9,8,6,4,4,4,9,5,5,7,6,6,9,6,10,,7,6,6,7,7,8,24,10,11,7,9,,7,,8,,4,13,7,10,13,16,5,14,9,10,7,5,9,7,3,4,10,4,2,7,6,6,13,10,,,,7,,
20260402,20,NO2,29,76,19,44,47,12,33,17,29,36,49,31,11,29,31,19,51,36,84,29,23,28,26,27,22,39,30,23,34,39,32,17,28,32,20,27,32,21,24,22,27,31,44,11,38,18,19,35,16,12,13,21,20,27,11,12,27,10,14,19,11,66,14,9,22,17,13,11,7,27,28,13,15,14,26,19,34,21,27,19,14,24,14,22,25,16,34,21,22,39,24,15,19,47,17,29,19,13,6,7,12,12,9,5,51,14,18,11,9,15,19,9,20,24,22,33,33,45,29,53,26,59,22,28,27,29,31,14,19,22,10,18,18,17,22,10,20,30,9,37,5,10,14,11,19,9,9,15,16,8,26,32,11,33,40,2,3,10,6,6,,,,,,,,,,,,,,,,,,,,,,,,,,,,,,17,11,31,13,17,33,12,49,33,6,17,11,8,21,,6,10,21,28,28,20,32,29,32,56,14,21,30,33,19,26,7,22,33,15,50,4,16,20,21,44,35,21,24,16,19,15,14,32,27,10,12,13,12,17,25,11,20,23,27,16,21,14,21,17,29,20,15,15,14,13,14,14,14,17,19,13,15,9,9,17,12,11,11,19,18,25,10,24,16,21,7,11,45,16,13,25,14,16,10,40,13,11,16,19,9,41,21,24,9,7,,26,5,14,10,10,8,6,12,,7,5,20,12,15,9,8,7,13,33,10,19,5,7,8,5,10,10,,5,2,28,16,42,10,9,14,4,8,15,,20,,12,,11,8,1,4,1,1,9,1,11,9,9,11,7,10,6,5,3,8,3,8,4,11,10,4,,,,6,,
20260402,20,NO2_24h,28,47,22,26,34,19,32,15,21,29,32,28,18,25,35,38,23,40,44,50,35,51,31,32,21,54,44,42,39,25,28,21,20,35,37,28,25,39,39,24,33,31,29,15,28,13,15,46,24,24,16,32,26,39,16,16,40,18,24,24,11,45,16,6,22,17,12,9,9,43,41,19,34,26,30,27,47,25,32,21,27,39,13,29,23,21,23,28,24,36,25,17,18,42,25,21,23,11,9,15,19,10,21,20,29,10,15,26,13,16,27,17,17,32,26,29,31,32,35,36,15,37,16,37,36,36,25,19,20,15,20,15,24,23,28,16,18,29,14,34,5,24,21,12,18,11,20,20,11,7,31,28,31,23,38,22,12,30,10,18,,,,,,,,,,,,,,,,,,,,,,,,,,,,,,12,11,24,14,23,24,11,25,30,34,16,8,17,21,,8,6,30,29,29,30,37,28,20,24,13,15,14,29,22,20,12,28,34,9,32,5,17,19,19,26,44,13,22,14,18,14,12,26,22,10,19,13,15,14,18,15,28,28,24,25,21,16,24,17,23,21,19,16,15,11,16,17,16,12,21,16,18,17,11,21,11,23,18,8,20,23,18,21,10,34,18,23,33,29,16,29,17,21,10,33,18,14,20,20,17,39,11,20,10,5,,13,9,11,6,15,8,8,17,,6,8,12,8,15,9,8,7,8,13,9,17,9,9,7,4,5,14,,4,3,27,49,18,18,32,27,25,21,21,,16,,14,,13,9,3,4,10,2,25,7,23,25,26,19,27,18,13,34,12,36,20,36,10,7,15,18,,,,6,,
20260402,20,O3,109,51,109,43,55,115,111,112,101,129,94,100,120,110,96,95,54,106,94,154,150,156,151,125,119,137,121,145,146,121,134,123,143,137,121,100,116,163,146,116,120,69,54,128,94,105,104,48,131,140,112,86,62,66,102,85,58,82,59,86,105,9,58,67,53,72,73,91,98,104,101,106,112,125,50,61,96,116,108,123,96,98,93,113,120,118,103,126,113,122,132,119,121,101,157,147,40,109,49,48,90,111,91,53,13,101,96,55,105,112,98,114,105,141,72,93,84,73,89,92,64,62,70,120,135,69,84,106,97,109,103,88,71,83,56,76,49,31,59,7,62,69,91,92,84,89,74,48,41,92,101,80,94,60,74,111,111,108,110,117,,,,,,,,,,,,,,,,,,,,,,,,,,,,,,97,98,85,127,100,101,107,73,93,111,101,73,108,99,,77,106,92,108,80,110,100,85,54,34,74,81,53,95,126,91,85,114,101,62,44,78,139,107,115,64,57,33,116,105,96,105,106,69,94,112,55,52,68,72,24,64,70,48,33,66,65,56,57,92,92,110,91,99,92,112,91,84,82,71,79,89,86,96,74,75,45,60,58,55,24,43,50,48,34,25,68,65,15,37,87,36,42,42,,34,51,75,95,88,55,28,73,46,65,81,,41,90,72,84,72,60,101,47,,64,119,72,88,117,98,94,109,108,77,85,86,92,95,105,99,85,104,,90,89,42,116,4,97,114,97,102,98,101,,99,,73,,96,,,117,114,120,112,138,109,115,107,119,117,118,106,128,128,122,104,125,118,90,102,98,,,,83,,
20260402,20,O3_24h,109,51,109,43,55,115,111,112,101,129,94,100,120,110,96,95,54,106,94,154,150,156,151,125,119,137,121,145,146,121,134,123,143,137,121,100,116,163,146,116,120,69,54,128,94,105,104,48,131,140,112,86,62,66,102,85,58,82,59,86,105,9,58,67,53,72,73,91,98,104,101,106,112,125,50,61,96,116,108,123,96,98,93,113,120,118,103,126,113,122,132,119,121,101,157,147,40,109,49,48,90,111,91,53,13,101,96,55,105,112,98,114,105,141,72,93,84,73,89,92,64,62,70,120,135,69,84,106,97,109,103,88,71,83,56,76,49,31,59,7,62,69,91,92,84,89,74,48,41,92,101,80,94,60,74,111,111,108,110,117,,,,,,,,,,,,,,,,,,,,,,,,,,,,,,97,98,85,127,100,101,107,73,93,111,101,73,108,99,,77,106,92,108,80,110,100,85,54,34,74,81,53,95,126,91,85,114,101,62,44,78,139,107,115,64,57,33,116,105,96,105,106,69,94,112,55,52,68,72,24,64,70,48,33,66,65,56,57,92,92,110,91,99,92,112,91,84,82,71,79,89,86,96,74,75,45,60,58,55,24,43,50,48,34,25,68,65,15,37,87,36,42,42,,34,51,75,95,88,55,28,73,46,65,81,,41,90,72,84,72,60,101,47,,64,119,72,88,117,98,94,109,108,77,85,86,92,95,105,99,85,104,,90,89,42,116,4,97,114,97,102,98,101,,99,,73,,96,,,117,114,120,112,138,109,115,107,119,117,118,106,128,128,122,104,125,118,90,102,98,,,,83,,
20260402,20,O3_8h,110,107,132,99,103,136,128,121,122,143,140,125,130,136,112,122,99,123,120,175,154,166,157,136,126,184,167,178,179,174,149,141,147,147,147,123,146,167,168,136,136,124,116,117,135,131,127,73,141,140,132,94,91,78,103,94,69,88,85,94,104,54,62,79,65,92,89,101,108,109,124,120,123,120,68,73,128,128,110,124,107,108,107,142,134,146,137,142,140,135,138,140,144,142,147,157,59,112,91,62,88,112,54,67,49,108,103,71,105,137,116,124,133,136,100,109,123,107,102,136,98,146,101,138,157,85,110,127,125,124,118,98,70,84,73,92,64,63,69,33,66,81,113,100,99,105,96,61,62,106,112,97,101,90,105,122,110,122,107,120,,,,,,,,,,,,,,,,,,,,,,,,,,,,,,120,122,115,131,111,138,114,113,125,123,118,87,117,120,,82,118,110,118,121,118,122,117,111,109,103,105,112,157,130,110,119,146,146,81,131,82,144,131,133,118,94,91,147,124,131,122,118,113,138,129,54,76,68,119,65,80,73,79,49,66,72,66,91,120,123,138,113,114,110,132,110,100,73,94,103,99,98,112,72,101,58,72,73,101,65,57,58,72,68,32,65,54,38,34,124,39,58,44,81,56,68,93,109,112,64,49,91,73,83,83,,68,96,96,105,78,66,114,62,,74,112,99,96,126,110,94,121,117,120,92,103,76,93,100,104,95,113,,94,109,45,127,36,102,118,100,113,106,108,,115,,85,,104,,119,128,121,122,119,136,118,119,112,129,112,117,118,118,123,114,107,121,95,87,108,108,,,,84,,
20260402,20,O3_8h_24h,110,100,131,91,95,135,128,121,122,143,138,136,130,135,112,119,88,118,116,174,152,165,157,134,126,182,164,177,177,170,147,138,155,147,143,119,144,167,166,135,131,117,111,117,127,124,126,65,141,140,130,91,76,77,103,92,68,88,81,93,106,38,49,78,64,89,89,99,106,109,124,119,123,120,65,70,126,127,109,124,106,108,106,138,134,146,135,140,137,133,138,139,143,139,147,156,49,112,56,49,88,112,54,61,20,108,101,63,105,134,115,124,131,136,94,108,116,104,101,126,93,126,91,135,154,78,108,126,119,123,117,97,70,83,69,85,62,41,69,23,65,81,112,98,98,103,94,54,56,103,112,94,101,90,104,121,110,121,107,120,,,,,,,,,,,,,,,,,,,,,,,,,,,,,,115,118,114,131,110,136,113,111,123,123,117,85,117,119,,82,117,109,118,115,118,120,111,96,94,95,102,97,137,119,108,114,131,129,78,109,82,143,129,132,102,86,83,144,122,129,120,117,107,133,126,54,68,68,112,54,60,73,69,42,66,69,61,82,117,122,136,111,110,105,129,106,92,73,86,92,98,95,103,72,93,57,69,68,80,52,57,56,66,63,32,65,54,24,33,123,38,56,40,80,55,61,91,107,108,58,48,91,73,83,83,,67,96,93,103,77,66,113,62,,68,112,94,94,125,110,94,120,117,119,92,103,76,87,100,104,94,111,,94,108,45,127,33,101,118,100,113,106,108,,113,,85,,103,,119,127,121,122,115,136,118,119,112,129,112,117,118,118,123,114,107,121,95,87,108,108,,,,84,,
20260402,20,CO,0.58,0.94,0.58,0.96,0.85,0.42,0.63,0.40,0.50,0.85,0.55,0.40,0.50,0.60,0.46,0.52,0.46,0.66,2.74,0.64,0.78,0.76,0.80,0.64,0.72,0.64,0.71,0.54,0.62,1.00,0.76,0.74,0.57,0.68,0.41,0.37,0.60,0.75,0.60,0.43,0.50,0.50,0.50,0.35,0.68,0.35,0.47,0.83,0.48,0.74,0.53,0.78,0.64,0.65,0.59,0.50,0.53,0.35,0.43,0.63,0.60,0.97,0.71,0.50,0.57,0.51,0.40,0.43,0.30,0.66,0.50,0.55,0.28,0.27,0.46,0.60,0.79,0.34,0.54,0.63,0.33,0.57,0.60,0.32,0.64,0.63,0.64,0.50,0.64,0.78,0.52,0.50,0.40,0.74,0.85,0.75,0.67,0.57,0.60,0.73,0.70,0.55,0.50,0.63,0.75,0.40,0.57,0.60,0.27,0.50,0.46,0.50,0.75,0.98,0.48,1.08,0.85,1.00,0.50,1.28,0.58,1.30,0.35,0.60,0.53,0.68,0.77,0.42,0.58,0.73,0.43,0.57,0.45,0.53,0.63,0.97,0.50,0.95,0.63,1.03,0.50,0.50,0.65,0.75,0.73,0.47,0.50,0.30,0.83,0.45,0.67,0.75,0.45,0.66,0.75,0.40,0.60,0.44,0.40,0.30,,,,,,,,,,,,,,,,,,,,,,,,,,,,,,0.60,0.50,0.65,0.67,0.30,0.65,0.68,0.60,0.50,0.23,0.70,0.30,0.30,0.38,,0.20,0.50,0.43,0.97,0.60,0.70,0.73,1.00,0.85,1.20,0.40,0.50,0.63,1.10,0.67,0.80,0.35,0.70,0.77,0.40,1.20,0.15,0.53,0.48,0.60,0.60,0.58,0.55,0.50,0.63,0.50,0.43,0.23,1.08,0.37,0.53,0.73,0.60,0.75,0.55,0.73,0.80,0.65,0.50,0.68,0.95,0.85,0.88,0.70,0.60,0.63,0.50,0.45,0.55,0.55,0.47,0.37,0.68,0.67,0.82,0.87,0.38,0.50,0.33,0.70,0.83,0.55,0.83,0.85,1.00,0.70,0.70,0.35,0.70,0.50,0.50,0.60,0.63,0.97,0.60,0.85,0.80,0.80,0.95,0.80,0.73,0.65,0.40,0.43,0.70,0.60,0.38,0.45,0.60,0.50,0.30,,0.40,0.40,0.53,0.73,0.60,0.55,0.35,0.70,,0.75,0.30,0.30,0.45,0.65,0.45,0.40,0.50,0.45,1.15,0.45,0.70,0.20,0.50,0.35,0.25,0.30,0.60,,0.30,0.50,0.73,0.33,0.70,0.45,0.20,0.35,0.20,0.20,0.50,,0.35,,0.60,,0.40,0.60,,0.30,0.30,0.20,0.30,0.30,0.37,0.25,0.25,0.50,0.10,0.20,0.30,0.25,0.15,0.25,0.60,0.50,0.20,,0.45,0.30,,,,0.60,,
20260402,20,CO_24h,0.46,0.62,0.52,0.74,0.45,0.57,0.44,0.40,0.40,0.47,0.38,0.38,0.55,0.58,0.54,0.81,0.44,0.69,1.00,0.68,0.81,0.83,0.83,0.90,0.50,0.78,0.86,0.77,0.74,0.88,0.64,0.84,0.45,0.67,0.51,0.33,0.45,0.75,0.65,0.43,0.55,0.60,0.50,0.40,0.70,0.40,0.43,0.83,0.56,1.16,0.51,0.73,0.71,0.74,0.61,0.57,0.70,0.50,0.60,0.70,0.60,0.70,0.73,0.50,0.62,0.51,0.60,0.48,0.38,0.63,0.70,0.75,0.48,0.39,0.53,0.67,0.67,0.40,0.76,0.63,0.53,0.57,0.53,0.83,0.56,0.70,0.50,0.47,0.68,0.53,0.35,0.60,0.40,1.30,0.60,0.65,0.70,0.60,0.63,0.80,0.80,0.60,0.60,0.80,0.70,0.50,0.70,0.70,0.50,0.40,0.59,0.82,0.70,0.72,0.60,0.96,0.82,1.04,0.72,1.15,0.54,0.83,0.35,0.63,0.87,0.70,0.69,0.55,0.65,0.83,0.52,0.47,0.42,0.67,0.68,1.02,0.50,0.83,0.80,0.86,0.50,0.60,0.77,0.73,0.73,0.50,0.53,0.40,0.55,0.50,0.73,0.55,0.45,0.52,0.50,0.50,0.67,0.88,0.42,0.40,,,,,,,,,,,,,,,,,,,,,,,,,,,,,,0.38,0.40,0.55,0.63,0.23,0.55,0.58,0.47,0.33,0.57,0.63,0.20,0.50,0.38,,0.20,0.50,0.63,0.83,0.65,0.70,0.57,0.80,0.80,0.90,0.40,0.40,0.37,0.93,0.73,0.53,0.55,0.70,0.97,0.35,0.80,0.15,0.50,0.56,0.50,0.60,0.65,0.45,0.70,0.64,0.43,0.45,0.23,0.93,0.37,0.53,0.63,0.65,0.75,0.45,0.67,0.80,0.68,0.55,0.58,1.00,1.00,0.80,0.75,0.88,0.73,0.55,0.47,0.58,0.55,0.43,0.40,0.78,0.77,0.78,0.80,0.55,0.70,0.43,0.60,0.93,0.45,0.92,0.80,0.90,0.50,0.60,0.40,0.70,0.45,0.40,0.80,0.82,0.87,0.87,0.70,0.97,0.70,0.75,0.70,0.67,0.70,0.43,0.55,0.55,0.67,0.50,0.40,0.65,0.50,0.30,,0.35,0.50,0.43,0.63,0.60,0.55,0.45,0.70,,0.65,0.30,0.30,0.50,0.75,0.55,0.40,0.40,0.50,0.80,0.45,0.70,0.40,0.55,0.50,0.30,0.30,0.70,,0.30,0.55,0.70,0.57,0.50,0.50,0.60,0.45,0.50,0.40,0.45,,0.45,,0.70,,0.35,0.50,0.40,0.30,0.30,0.30,0.50,0.50,0.50,0.50,0.45,0.75,0.25,0.35,0.40,0.50,0.20,0.55,0.80,0.90,0.30,0.30,0.60,0.60,,,,0.70,,
20260402,21,AQI,103,91,108,92,85,58,131,68,71,140,125,69,84,72,71,57,73,136,500,59,62,70,103,68,68,73,63,59,66,91,84,74,83,78,38,42,54,65,40,40,38,33,43,39,61,31,33,41,55,99,48,50,31,43,43,45,46,38,41,46,37,53,47,46,40,47,58,30,29,66,79,56,57,49,37,37,64,63,85,83,59,58,29,60,69,62,71,58,70,103,83,52,58,68,99,85,24,33,33,33,28,34,28,33,50,34,33,36,37,59,57,51,68,106,43,109,74,96,59,213,88,160,80,57,60,40,109,73,49,73,40,78,23,23,27,33,17,40,37,84,34,24,29,29,48,36,29,24,54,30,71,74,47,76,84,355,287,85,57,60,,,,,,,,,,,,,,,,,,,,,,,,,,,,,,62,64,55,68,56,68,56,75,66,198,146,31,185,49,,28,107,55,120,85,61,104,119,70,98,164,79,85,189,150,125,35,143,173,51,226,26,54,58,64,62,46,42,52,62,62,41,56,53,52,34,20,32,21,26,49,35,37,43,29,27,37,37,39,76,60,61,49,41,37,63,48,43,43,51,51,27,54,41,28,48,33,34,40,53,43,55,20,39,25,39,56,46,81,58,61,51,78,89,105,48,16,29,29,45,21,41,51,32,34,24,,18,28,53,60,28,29,37,52,,55,45,46,27,79,65,37,61,65,119,31,70,28,30,32,53,25,40,,29,26,52,58,53,30,63,33,500,203,58,,60,,47,,53,64,43,45,83,39,24,56,55,55,31,66,40,43,63,64,69,72,103,49,84,25,46,38,,,,52,,
20260402,21,PM2.5,72,62,81,63,53,41,100,32,39,107,95,50,62,45,46,25,48,104,323,42,43,51,77,49,49,53,43,39,48,68,62,54,61,57,14,25,35,47,21,20,20,16,27,11,28,13,19,29,29,74,29,30,22,21,18,18,22,18,20,22,19,34,28,32,22,33,41,18,7,44,40,28,17,23,26,26,38,19,59,60,36,41,13,43,46,33,52,35,46,77,61,28,35,49,74,63,17,13,23,19,16,20,17,22,35,20,18,25,24,38,31,34,42,78,18,82,54,72,42,163,65,122,59,38,40,24,82,53,34,53,19,57,7,14,19,23,12,15,22,62,24,10,20,13,32,12,15,15,36,16,52,54,21,56,62,87,76,51,26,43,,,,,,,,,,,,,,,,,,,,,,,,,,,,,,44,46,39,49,30,37,39,55,29,106,78,11,111,26,,3,50,35,91,63,44,78,90,51,73,125,58,63,142,115,95,20,109,131,22,176,11,29,31,34,36,30,29,29,35,38,20,39,33,26,10,12,13,11,13,34,19,26,30,20,9,26,23,15,56,32,42,34,28,21,45,25,17,30,30,29,19,32,28,13,33,21,24,28,28,30,39,11,27,15,27,40,32,60,41,44,36,57,66,79,23,3,10,19,18,15,13,35,19,17,3,,8,10,26,43,16,20,20,31,,39,28,32,3,58,47,26,44,47,90,22,51,5,6,9,13,3,28,,3,9,35,24,29,13,30,17,147,87,34,,32,,20,,20,29,23,22,33,12,8,21,16,27,12,31,16,25,23,27,33,30,32,19,18,16,19,22,,,,31,,
20260402,21,PM2.5_24h,33,33,50,37,22,63,47,22,20,41,45,36,54,32,41,60,25,84,118,51,45,51,71,87,46,69,39,49,58,78,56,66,70,26,27,21,23,38,41,24,30,20,24,13,36,9,12,39,25,65,37,37,25,21,15,19,30,21,33,19,15,35,39,24,21,24,20,24,7,43,29,22,19,24,28,27,34,17,44,41,38,30,9,97,39,39,34,25,53,39,27,37,36,76,40,36,18,10,21,24,17,15,18,30,19,13,13,23,27,39,25,44,27,38,25,57,56,48,42,129,49,120,62,34,46,26,63,73,38,72,38,44,23,28,24,21,22,30,27,52,23,33,33,21,19,17,30,16,23,20,42,34,23,34,45,50,32,29,11,34,,,,,,,,,,,,,,,,,,,,,,,,,,,,,,29,30,20,40,19,34,27,30,17,27,35,10,31,19,,4,14,37,60,64,30,66,76,60,64,55,33,41,148,97,70,55,143,184,12,128,6,41,47,41,37,33,25,52,40,48,33,38,29,27,7,19,14,20,13,30,25,37,33,18,20,31,29,26,82,74,56,37,36,26,41,33,31,36,31,33,27,34,37,22,37,16,28,31,28,23,37,23,24,15,21,40,34,36,33,35,29,35,48,39,21,10,19,22,18,23,17,19,19,17,8,,4,16,26,24,14,16,19,26,,17,29,21,8,50,41,24,39,37,61,22,46,23,9,5,5,2,22,,3,5,29,30,21,22,28,20,50,76,20,,22,,21,,17,20,18,15,22,10,9,14,25,28,19,30,21,27,22,52,28,42,43,36,11,3,25,30,,,,28,,
20260402,21,PM10,155,131,121,133,120,65,193,85,91,172,146,87,96,94,92,63,96,147,678,60,74,76,108,75,81,91,75,68,68,111,90,67,79,106,31,42,57,73,40,40,31,33,43,25,71,31,33,30,59,93,48,50,31,43,43,45,46,38,41,46,37,55,47,44,40,46,66,30,20,82,107,62,63,49,32,32,77,75,120,115,68,63,16,67,88,73,90,65,90,107,103,54,66,80,72,94,24,25,31,33,21,29,25,33,50,34,33,31,37,68,64,51,85,161,43,155,98,121,64,212,103,158,82,63,70,40,111,69,49,87,40,79,16,22,27,25,14,40,37,68,32,24,28,29,48,36,29,24,57,30,86,90,47,96,98,464,411,119,63,55,,,,,,,,,,,,,,,,,,,,,,,,,,,,,,73,52,56,74,61,86,62,99,81,346,242,31,320,49,,28,163,59,123,99,68,116,107,73,105,,100,82,241,129,120,35,131,192,51,,26,58,65,78,74,46,42,53,74,73,41,61,56,54,16,14,22,17,23,43,35,37,33,27,27,35,37,39,79,69,72,46,41,37,59,48,43,38,52,51,25,58,41,28,48,33,31,29,55,37,54,20,30,25,39,55,45,78,56,,46,67,80,92,48,9,29,29,45,21,41,52,32,34,24,,12,19,55,67,28,27,37,54,,44,45,43,17,102,48,27,54,61,142,24,76,12,16,11,55,20,30,,6,14,53,66,56,26,75,33,628,352,66,,69,,47,,56,78,43,45,115,39,19,62,59,60,31,82,40,43,76,78,87,93,156,49,117,19,46,38,,,,53,,
20260402,21,PM10_24h,99,90,131,93,77,95,132,54,71,89,109,110,113,69,73,98,64,112,227,71,71,72,105,110,67,99,70,83,70,102,81,81,82,48,44,33,37,55,59,41,45,38,39,25,76,21,21,57,62,84,52,54,41,38,32,36,46,35,53,34,28,54,50,36,37,33,40,37,23,87,71,43,59,58,41,42,66,53,90,80,58,66,20,123,101,84,80,68,88,107,84,59,57,107,94,81,30,20,28,37,25,22,28,44,31,20,24,42,43,64,67,59,64,90,60,102,97,91,78,167,78,152,94,57,77,46,86,91,53,99,66,68,36,37,37,31,22,49,44,64,31,54,45,37,30,37,46,28,36,37,75,64,67,61,80,224,152,69,41,117,,,,,,,,,,,,,,,,,,,,,,,,,,,,,,55,48,36,71,57,76,52,55,74,96,92,23,99,41,,17,51,80,93,90,67,95,101,83,95,96,68,56,224,139,91,73,170,253,26,178,18,68,72,71,71,52,37,74,70,73,49,61,49,46,20,27,20,24,22,42,33,54,45,30,38,42,44,51,110,103,89,54,52,49,54,62,58,52,53,58,44,67,52,35,63,28,42,39,31,35,48,36,36,21,35,54,55,56,50,50,42,52,61,58,40,22,32,34,44,30,38,28,28,24,25,,9,26,39,32,24,28,23,43,,28,42,33,15,89,50,33,51,48,80,27,62,32,16,9,32,14,29,,11,9,47,73,43,41,88,43,172,232,57,,53,,46,,39,48,36,30,54,25,23,48,76,85,57,90,76,52,85,148,79,140,198,87,39,16,61,68,,,,44,,
20260402,21,SO2,5,12,4,11,16,6,7,4,5,6,9,8,9,9,10,8,8,10,20,7,7,8,6,10,10,7,8,6,7,18,11,7,7,8,5,4,8,8,7,7,7,3,3,5,7,4,2,7,6,6,5,7,4,5,5,4,5,4,6,4,5,8,3,7,8,5,5,4,4,6,9,13,6,6,4,5,17,6,11,9,7,12,3,20,10,6,11,11,10,8,8,4,7,9,7,10,6,6,5,3,8,6,6,4,5,3,6,6,4,6,18,11,9,11,8,17,15,12,9,17,9,7,8,8,11,5,12,4,7,10,5,15,6,6,5,6,9,4,6,5,4,7,7,12,6,6,2,5,17,6,6,7,2,6,9,13,9,11,5,9,,,,,,,,,,,,,,,,,,,,,,,,,,,,,,7,2,7,7,8,11,9,10,8,8,7,6,7,7,,5,8,10,12,10,11,9,8,12,12,1,13,6,17,11,10,5,9,11,8,8,7,7,9,8,16,8,6,8,7,7,5,6,6,5,3,4,3,5,5,5,4,3,20,3,7,7,7,8,8,8,5,6,6,5,4,4,7,7,10,9,4,4,6,5,4,7,6,7,4,7,5,4,2,4,8,6,4,13,10,13,6,6,6,6,5,6,7,5,8,7,4,7,8,6,5,,5,6,5,8,4,10,8,4,,4,6,6,9,7,7,5,4,5,10,6,6,6,6,6,9,7,9,,7,6,6,5,5,11,5,9,10,4,10,,4,,7,,5,13,6,11,9,12,6,14,5,9,5,4,7,7,4,4,6,3,3,7,6,5,10,8,,,,6,,
20260402,21,SO2_24h,5,9,4,11,10,6,5,5,4,5,7,8,7,9,10,11,9,9,13,7,7,7,5,9,9,10,6,8,7,12,7,8,6,7,6,5,7,7,7,6,7,3,3,5,6,4,3,9,7,7,5,9,6,6,5,5,7,4,6,4,6,11,5,6,8,5,7,4,5,7,12,16,12,7,4,6,12,7,14,11,8,24,4,16,10,7,13,10,10,9,5,6,7,11,7,11,10,6,5,8,8,6,7,7,7,4,7,8,6,5,15,10,10,13,12,12,11,13,13,11,6,9,8,7,9,6,12,4,8,11,6,14,6,8,7,9,8,8,10,8,4,7,8,9,8,6,3,5,10,7,8,5,3,7,8,26,12,20,6,9,,,,,,,,,,,,,,,,,,,,,,,,,,,,,,6,2,5,6,6,11,8,9,12,32,13,5,12,7,,6,9,16,11,10,9,7,8,10,10,2,6,9,11,12,8,7,8,13,7,18,7,6,8,8,8,7,4,8,7,8,5,6,5,7,3,7,4,7,6,5,7,6,16,5,8,10,11,14,10,10,6,6,6,6,3,5,10,7,12,12,5,6,8,6,8,8,6,8,5,7,7,5,4,4,10,8,6,12,15,19,6,6,12,8,5,6,7,6,9,7,5,6,9,6,5,,6,8,5,10,4,10,7,4,,5,6,6,8,8,6,4,4,4,9,5,5,7,6,6,9,6,10,,7,6,6,7,7,7,24,10,11,7,9,,7,,8,,4,13,7,10,13,16,5,14,9,9,7,5,9,7,3,4,10,4,2,7,6,6,13,10,,,,7,,
20260402,21,NO2,31,73,21,45,57,10,55,18,30,43,72,34,17,59,62,19,48,59,67,28,24,28,26,27,24,48,28,25,38,44,34,16,26,35,18,41,26,21,23,21,25,20,31,10,41,20,16,25,17,11,12,15,20,27,12,10,26,9,13,21,10,43,10,14,21,24,13,13,9,29,61,11,16,20,21,17,52,17,27,18,19,26,12,23,23,17,47,25,21,37,26,18,22,39,15,31,18,12,7,7,12,11,8,4,48,12,16,10,10,16,24,11,18,22,32,38,33,44,30,59,30,40,24,29,28,35,34,15,19,20,9,20,17,20,20,11,16,29,7,29,5,15,16,14,20,8,9,12,14,8,26,41,22,38,27,2,4,8,12,13,,,,,,,,,,,,,,,,,,,,,,,,,,,,,,17,13,26,14,27,33,10,58,55,5,18,10,6,24,,5,7,22,34,45,22,35,54,31,40,12,25,23,37,17,27,6,35,34,19,36,8,15,19,24,35,24,19,25,20,20,13,15,33,25,9,9,7,11,13,29,12,18,32,26,15,17,12,15,19,22,23,17,13,18,13,13,8,11,15,19,15,15,10,8,20,10,9,11,8,19,25,10,17,16,25,11,10,46,15,14,25,13,17,,40,12,12,13,14,11,41,19,26,7,4,,24,5,16,10,11,7,5,9,,7,6,19,13,22,11,9,6,9,30,13,27,5,8,8,5,11,22,,2,2,37,13,34,12,7,16,3,11,22,,23,,10,,16,6,1,2,3,1,39,1,12,14,16,15,8,11,10,14,8,12,6,16,8,18,10,4,,,,5,,
20260402,21,NO2_24h,29,49,22,27,35,19,33,15,21,31,34,28,19,27,36,37,24,40,45,49,35,50,30,31,21,54,44,42,39,25,28,21,20,35,35,28,25,39,37,24,33,30,30,15,28,13,15,45,23,23,16,30,25,38,15,15,39,17,23,23,11,45,16,7,21,17,12,9,9,41,41,18,34,26,29,27,47,24,32,20,27,38,13,29,23,20,24,28,24,36,26,17,17,42,24,22,23,11,9,14,18,10,21,19,30,10,15,25,13,16,27,17,17,33,27,30,32,33,35,36,15,37,17,35,34,36,25,18,19,16,20,15,24,23,26,15,17,29,14,34,5,23,21,12,18,11,19,19,11,7,31,28,29,23,35,22,11,29,10,18,,,,,,,,,,,,,,,,,,,,,,,,,,,,,,12,11,24,14,24,25,11,27,31,33,16,8,16,21,,7,6,29,29,29,30,37,28,20,26,12,16,14,30,22,20,12,29,35,10,32,5,16,18,19,27,44,13,22,14,17,14,12,26,22,10,18,13,15,14,19,15,28,27,24,24,21,16,23,17,23,21,19,15,14,11,16,17,16,12,20,16,18,16,10,21,11,22,18,8,20,23,17,21,10,33,17,22,33,28,16,29,18,21,10,34,18,13,19,19,16,37,11,20,9,5,,13,9,11,6,14,8,8,17,,6,8,12,8,15,9,8,7,8,14,9,17,9,9,6,4,5,14,,4,3,27,47,18,17,31,27,25,21,20,,16,,14,,14,9,3,4,10,2,25,7,22,25,25,19,27,17,13,34,12,36,20,36,9,8,15,17,,,,6,,
20260402,21,O3,101,52,95,32,39,104,71,104,95,105,35,93,107,65,52,93,58,76,64,136,154,142,146,125,116,118,141,128,136,104,131,120,136,111,120,78,104,144,128,114,121,84,54,126,87,90,102,57,125,144,107,91,56,62,99,83,53,79,59,81,103,21,68,66,46,58,62,86,92,91,60,110,104,104,56,62,70,121,109,107,91,87,93,128,111,106,80,116,118,121,113,108,110,101,155,136,43,107,48,49,90,108,91,52,16,102,94,56,103,106,88,116,99,143,59,78,74,58,82,80,61,61,64,112,137,61,72,88,93,105,104,86,74,74,59,75,49,31,55,11,59,61,83,88,74,81,65,42,42,88,88,52,73,35,83,114,109,106,95,101,,,,,,,,,,,,,,,,,,,,,,,,,,,,,,83,86,82,119,82,92,105,50,54,110,92,72,109,85,,77,107,83,93,58,99,82,42,46,43,68,76,51,71,124,93,81,119,82,51,44,63,142,104,107,62,65,32,106,95,103,103,102,59,82,109,65,102,67,82,16,68,70,40,31,61,67,63,61,80,93,98,84,96,83,111,86,86,82,66,77,77,101,88,67,60,43,58,48,70,20,38,50,51,34,17,67,61,10,37,86,31,38,41,55,23,52,69,94,91,47,18,82,32,58,62,,58,89,65,68,70,57,96,48,,59,113,66,85,92,89,93,110,111,70,72,67,88,95,101,98,80,93,,92,84,27,122,2,95,112,91,101,90,87,,91,,72,,78,130,106,107,102,108,78,142,100,104,92,107,111,95,97,115,122,118,100,105,113,80,93,86,,,,81,,
20260402,21,O3_24h,101,52,95,32,39,104,71,104,95,105,35,93,107,65,52,93,58,76,64,136,154,142,146,125,116,118,141,128,136,104,131,120,136,111,120,78,104,144,128,114,121,84,54,126,87,90,102,57,125,144,107,91,56,62,99,83,53,79,59,81,103,21,68,66,46,58,62,86,92,91,60,110,104,104,56,62,70,121,109,107,91,87,93,128,111,106,80,116,118,121,113,108,110,101,155,136,43,107,48,49,90,108,91,52,16,102,94,56,103,106,88,116,99,143,59,78,74,58,82,80,61,61,64,112,137,61,72,88,93,105,104,86,74,74,59,75,49,31,55,11,59,61,83,88,74,81,65,42,42,88,88,52,73,35,83,114,109,106,95,101,,,,,,,,,,,,,,,,,,,,,,,,,,,,,,83,86,82,119,82,92,105,50,54,110,92,72,109,85,,77,107,83,93,58,99,82,42,46,43,68,76,51,71,124,93,81,119,82,51,44,63,142,104,107,62,65,32,106,95,103,103,102,59,82,109,65,102,67,82,16,68,70,40,31,61,67,63,61,80,93,98,84,96,83,111,86,86,82,66,77,77,101,88,67,60,43,58,48,70,20,38,50,51,34,17,67,61,10,37,86,31,38,41,55,23,52,69,94,91,47,18,82,32,58,62,,58,89,65,68,70,57,96,48,,59,113,66,85,92,89,93,110,111,70,72,67,88,95,101,98,80,93,,92,84,27,122,2,95,112,91,101,90,87,,91,,72,,78,130,106,107,102,108,78,142,100,104,92,107,111,95,97,115,122,118,100,105,113,80,93,86,,,,81,,
20260402,21,O3_8h,112,107,132,99,103,136,130,121,122,144,140,125,130,136,112,122,99,123,120,175,154,166,158,136,126,184,167,178,179,174,150,141,147,148,147,123,146,167,168,136,136,124,116,120,135,131,127,73,141,142,132,94,91,78,103,94,69,88,85,95,105,54,62,79,65,92,89,101,108,111,124,120,123,121,68,73,128,128,111,124,107,108,107,142,134,146,137,142,140,136,138,140,144,142,150,157,59,112,91,62,89,113,61,67,49,108,103,71,105,137,116,125,133,138,100,109,123,107,102,136,98,146,101,138,157,85,110,127,125,124,118,98,75,84,73,92,64,60,69,30,66,81,113,100,99,105,96,61,62,106,113,97,101,90,105,122,110,123,108,121,,,,,,,,,,,,,,,,,,,,,,,,,,,,,,120,122,115,131,111,138,114,113,125,123,118,87,117,120,,82,118,110,118,121,118,122,117,111,109,103,105,112,157,130,110,119,146,146,81,131,82,144,131,133,118,94,91,147,124,131,122,118,113,138,129,56,76,68,119,65,80,75,79,49,66,73,66,91,120,123,138,113,114,110,132,110,100,75,94,103,99,98,112,73,101,58,72,73,101,65,57,58,72,68,32,69,58,38,35,124,40,58,44,81,56,68,93,109,112,64,49,91,73,83,83,,69,96,96,105,78,66,114,63,,74,113,99,96,126,110,94,121,117,120,92,103,80,93,103,104,95,113,,94,109,46,127,36,102,118,101,113,106,108,,115,,85,,104,,119,128,121,122,119,137,119,119,112,129,114,117,118,121,126,119,108,121,102,89,108,108,,,,84,,
20260402,21,O3_8h_24h,111,94,129,82,87,131,128,121,120,143,128,132,128,127,105,115,82,112,108,169,153,161,156,134,125,173,161,173,171,162,146,136,155,143,139,110,140,165,159,131,129,111,102,120,120,118,124,62,140,140,127,90,72,76,103,92,67,87,77,93,107,32,53,76,62,84,88,96,104,111,119,117,122,120,64,69,120,127,109,121,103,106,105,135,133,141,129,138,134,133,135,134,140,134,150,154,49,111,56,48,89,113,61,59,18,107,99,61,104,128,112,124,127,138,88,105,111,98,99,118,89,113,85,131,151,75,104,121,114,121,115,96,75,81,67,82,60,39,68,19,63,80,107,97,96,99,90,53,55,100,112,89,99,85,103,119,110,120,108,120,,,,,,,,,,,,,,,,,,,,,,,,,,,,,,109,113,112,131,106,132,112,104,115,122,114,83,117,115,,81,116,106,116,108,116,116,102,88,86,90,98,89,124,118,107,108,128,119,74,98,80,143,126,129,95,80,76,139,118,126,116,115,100,127,124,56,70,66,106,45,62,75,63,40,65,71,60,77,111,118,131,106,107,101,126,103,90,75,83,90,95,97,99,73,86,57,66,65,78,44,55,55,62,59,30,69,58,21,34,112,38,53,39,76,52,59,88,105,105,57,43,91,68,79,81,,66,95,89,100,75,65,112,63,,67,113,89,92,121,108,94,119,116,113,89,98,80,88,103,103,92,109,,93,105,45,127,29,99,118,101,111,103,107,,110,,85,,100,,117,125,118,121,111,137,119,119,110,128,114,117,117,121,126,119,108,121,102,89,108,107,,,,84,,
20260402,21,CO,0.61,1.17,0.58,0.96,1.10,0.40,0.70,0.40,0.55,0.90,0.90,0.35,0.55,0.72,0.64,0.51,0.54,0.81,2.11,0.55,0.72,0.77,0.88,0.67,0.70,0.68,0.77,0.59,0.66,1.32,0.96,0.68,0.53,0.73,0.41,0.37,0.56,0.75,0.58,0.43,0.45,0.40,0.50,0.30,0.70,0.35,0.45,0.75,0.48,0.79,0.51,0.67,0.64,0.65,0.56,0.50,0.53,0.35,0.40,0.63,0.60,0.67,0.61,0.52,0.56,0.56,0.40,0.44,0.33,0.66,0.60,0.45,0.28,0.28,0.47,0.58,0.86,0.32,0.62,0.80,0.37,0.55,0.57,0.41,0.62,0.60,0.74,0.58,0.70,0.85,0.63,0.55,0.38,0.70,0.85,0.80,0.67,0.55,0.60,0.70,0.70,0.55,0.50,0.63,0.75,0.40,0.57,0.55,0.33,0.50,0.53,0.58,0.77,1.04,0.62,1.18,1.10,1.00,0.52,1.48,0.74,0.97,0.38,0.60,0.53,0.66,0.76,0.38,0.62,0.93,0.35,0.57,0.40,0.53,0.60,0.88,0.50,0.95,0.63,0.95,0.50,0.50,0.65,1.13,0.73,0.43,0.50,0.30,0.72,0.40,0.73,0.80,0.50,0.73,0.75,0.30,0.60,0.45,0.42,0.35,,,,,,,,,,,,,,,,,,,,,,,,,,,,,,0.67,0.50,0.60,0.67,0.33,0.75,0.68,0.73,0.60,0.27,0.73,0.30,0.30,0.38,,0.20,0.50,0.45,1.03,0.65,0.77,0.67,1.30,0.85,1.05,0.40,0.60,0.60,1.10,0.67,0.87,0.33,0.90,0.87,0.50,0.90,0.25,0.57,0.48,0.60,0.65,0.70,0.55,0.50,0.68,0.43,0.40,0.30,1.00,0.33,0.50,0.57,0.40,0.75,0.45,0.77,0.93,0.57,0.60,0.68,0.90,0.75,0.85,0.60,0.62,0.58,0.55,0.47,0.48,0.55,0.47,0.33,0.80,0.67,0.82,0.95,0.40,0.60,0.33,0.70,0.87,0.55,0.84,0.80,0.90,0.75,0.73,0.35,0.65,0.50,0.55,0.80,0.65,1.00,0.63,0.85,0.80,0.80,0.95,,0.73,0.65,0.40,0.43,0.75,0.60,0.40,0.45,0.60,0.50,0.20,,0.35,0.35,0.57,0.70,0.60,0.55,0.35,0.60,,0.75,0.30,0.30,0.45,0.80,0.55,0.50,0.40,0.50,1.15,0.50,0.90,0.20,0.55,0.40,0.30,0.30,1.00,,0.20,0.50,0.93,0.30,0.60,0.45,0.20,0.35,0.20,0.20,0.55,,0.40,,0.60,,0.45,0.60,0.50,0.20,0.20,0.30,0.40,0.30,0.33,0.30,0.30,0.60,0.10,0.20,0.25,0.30,0.20,0.30,0.60,0.50,0.30,,0.50,0.30,,,,0.60,,
20260402,21,CO_24h,0.46,0.65,0.52,0.76,0.50,0.55,0.44,0.40,0.40,0.50,0.40,0.38,0.55,0.60,0.54,0.81,0.44,0.70,1.09,0.68,0.82,0.82,0.83,0.89,0.50,0.78,0.84,0.77,0.74,0.88,0.64,0.82,0.45,0.68,0.51,0.33,0.45,0.75,0.65,0.43,0.55,0.60,0.50,0.40,0.70,0.40,0.43,0.83,0.55,1.14,0.51,0.72,0.70,0.73,0.60,0.57,0.63,0.50,0.60,0.70,0.60,0.73,0.73,0.47,0.62,0.53,0.60,0.48,0.35,0.63,0.70,0.75,0.46,0.40,0.52,0.67,0.69,0.40,0.76,0.63,0.53,0.57,0.53,0.83,0.56,0.70,0.50,0.47,0.68,0.55,0.35,0.60,0.40,1.28,0.60,0.65,0.70,0.60,0.63,0.80,0.80,0.60,0.60,0.77,0.70,0.50,0.70,0.70,0.50,0.40,0.57,0.82,0.73,0.74,0.60,0.98,0.83,1.08,0.70,1.13,0.54,0.87,0.32,0.63,0.83,0.70,0.69,0.55,0.63,0.80,0.52,0.47,0.42,0.63,0.68,1.00,0.50,0.83,0.78,0.86,0.50,0.60,0.77,0.73,0.73,0.47,0.53,0.40,0.57,0.50,0.73,0.55,0.45,0.52,0.55,0.50,0.67,0.88,0.40,0.40,,,,,,,,,,,,,,,,,,,,,,,,,,,,,,0.40,0.40,0.55,0.63,0.23,0.55,0.58,0.47,0.33,0.57,0.60,0.20,0.50,0.38,,0.20,0.50,0.60,0.87,0.65,0.70,0.57,0.80,0.80,0.90,0.40,0.40,0.37,0.97,0.73,0.53,0.55,0.70,0.97,0.35,0.80,0.15,0.52,0.56,0.50,0.60,0.65,0.45,0.70,0.62,0.43,0.45,0.23,0.93,0.37,0.57,0.63,0.55,0.75,0.50,0.67,0.87,0.68,0.55,0.58,1.00,1.00,0.80,0.75,0.88,0.73,0.55,0.47,0.58,0.55,0.43,0.40,0.80,0.77,0.80,0.83,0.55,0.70,0.43,0.60,0.93,0.45,0.90,0.80,0.90,0.55,0.60,0.40,0.70,0.45,0.40,0.80,0.80,0.87,0.87,0.75,0.97,0.80,0.85,0.70,0.67,0.70,0.43,0.55,0.55,0.67,0.47,0.45,0.65,0.50,0.30,,0.35,0.50,0.43,0.63,0.60,0.55,0.45,0.65,,0.65,0.30,0.30,0.50,0.75,0.55,0.40,0.40,0.50,0.80,0.45,0.70,0.40,0.55,0.50,0.30,0.30,0.70,,0.30,0.50,0.70,0.53,0.50,0.50,0.55,0.45,0.50,0.40,0.45,,0.40,,0.70,,0.35,0.50,0.40,0.30,0.30,0.30,0.50,0.40,0.47,0.55,0.45,0.75,0.25,0.30,0.35,0.50,0.20,0.55,0.80,0.95,0.30,0.30,0.60,0.55,,,,0.65,,
20260402,22,AQI,104,96,118,100,95,56,131,66,71,151,134,70,84,80,69,59,72,141,328,46,60,58,110,69,70,80,65,63,66,109,88,81,90,81,37,49,44,60,34,38,41,32,49,36,57,26,31,33,54,95,44,41,36,45,42,43,49,40,44,48,40,38,40,47,39,51,63,32,29,65,80,53,90,50,31,31,68,55,83,85,76,63,32,66,67,59,88,60,75,104,71,54,57,73,99,91,23,34,37,33,26,33,29,33,53,33,30,35,40,60,59,50,68,108,42,81,85,95,64,211,93,145,84,55,61,37,106,75,53,68,35,86,23,22,26,26,19,29,38,86,31,25,34,28,52,33,27,23,53,35,79,75,49,67,90,194,114,139,70,68,,,,,,,,,,,,,,,,,,,,,,,,,,,,,,69,46,39,64,57,65,55,81,68,141,111,25,261,51,,47,112,56,128,65,62,85,145,63,105,119,83,78,190,134,104,34,157,179,57,174,34,55,55,63,61,45,40,53,61,59,32,57,53,42,34,27,34,20,28,49,24,35,34,28,28,34,35,35,84,56,54,38,35,40,65,46,41,37,48,46,28,53,38,25,52,36,34,36,43,41,61,17,40,24,50,54,49,75,47,58,51,81,73,104,50,16,31,29,50,26,39,58,33,23,21,,25,42,54,64,27,21,40,57,,48,45,47,25,80,64,31,56,61,123,36,65,27,29,31,32,23,54,,21,28,55,53,50,30,99,33,460,321,65,,56,,49,,63,59,38,46,76,38,33,60,52,93,33,67,47,40,67,96,80,80,109,68,52,7,50,36,,,,55,,
20260402,22,PM2.5,74,72,89,72,61,40,100,35,40,116,102,46,62,48,38,30,51,108,278,32,40,41,83,50,51,59,47,45,48,82,65,60,67,60,13,32,28,43,15,18,19,15,31,11,26,16,18,23,28,71,26,29,25,22,18,17,24,20,19,23,21,24,28,31,22,36,45,19,6,43,42,26,38,21,22,22,49,18,56,62,56,45,10,48,42,30,65,40,55,78,52,32,35,53,74,68,16,15,26,19,16,21,17,23,37,16,18,24,28,41,32,35,45,81,16,60,63,71,46,161,69,111,62,35,44,21,80,55,37,49,16,64,9,12,17,18,12,20,24,64,22,10,24,8,36,9,14,16,34,17,58,55,19,48,67,72,53,69,28,33,,,,,,,,,,,,,,,,,,,,,,,,,,,,,,50,31,26,46,22,36,33,60,31,72,75,10,139,29,,6,52,40,97,47,43,63,111,45,79,90,61,57,143,102,78,22,120,135,29,132,14,31,28,34,42,31,28,32,37,35,15,39,33,11,10,19,10,14,12,34,17,21,24,19,10,24,21,14,62,28,34,23,24,24,47,23,19,26,27,23,14,32,25,6,33,16,24,25,21,29,44,10,28,16,31,38,34,55,20,41,36,60,53,78,24,3,13,17,25,18,13,41,19,16,6,,7,12,35,46,14,15,21,35,,32,26,28,7,57,46,20,40,44,93,25,47,3,9,9,8,5,38,,3,8,36,24,24,11,59,15,118,121,39,,32,,19,,29,26,15,20,39,11,9,18,21,69,19,29,14,23,24,49,39,41,39,46,25,,16,23,,,,36,,
20260402,22,PM2.5_24h,35,36,52,39,24,62,50,23,21,45,48,37,54,32,40,59,26,85,125,51,44,51,71,83,46,69,40,49,58,78,56,66,70,27,26,21,24,38,41,23,29,20,25,14,35,10,12,39,25,64,37,37,24,21,15,18,30,20,32,19,15,35,39,24,21,25,21,24,7,43,30,22,20,24,28,27,34,17,45,42,39,30,9,95,40,39,37,26,54,42,29,37,35,75,42,39,18,10,22,24,17,15,18,30,20,14,13,23,27,39,25,44,28,40,25,58,56,49,42,127,51,122,62,34,46,26,65,71,38,71,37,46,22,27,23,21,21,30,26,53,23,32,33,20,20,16,29,16,24,20,43,35,22,35,47,51,33,31,11,33,,,,,,,,,,,,,,,,,,,,,,,,,,,,,,29,30,21,40,19,34,28,31,18,29,37,10,36,20,,4,15,37,61,62,29,64,76,59,64,54,35,41,151,101,71,56,144,184,12,129,7,41,47,41,37,32,25,50,40,48,32,38,29,27,7,19,14,20,13,31,25,37,32,18,20,31,29,25,80,72,55,37,36,26,41,33,30,36,31,32,26,34,36,21,37,16,27,31,27,23,37,23,24,15,22,41,34,37,32,36,29,37,50,42,21,9,19,21,19,22,17,20,18,17,8,,4,16,26,25,14,16,19,26,,18,29,21,8,50,41,24,38,38,63,22,46,21,9,5,5,3,23,,3,5,30,30,21,22,29,19,54,80,20,,22,,21,,18,20,18,15,23,9,8,14,25,30,18,28,21,26,22,51,28,43,42,35,11,3,23,30,,,,29,,
20260402,22,PM10,158,141,139,150,139,59,179,82,91,188,164,90,97,109,88,68,93,165,429,46,69,63,116,77,78,99,77,75,66,125,94,74,87,110,30,49,44,69,32,38,30,32,49,27,64,26,31,27,57,90,44,41,32,45,42,43,49,40,44,48,40,38,40,47,39,48,65,32,18,80,109,56,129,50,28,30,85,60,116,119,55,65,11,70,83,67,109,69,95,102,89,57,63,89,77,91,23,24,33,33,25,25,26,32,50,25,27,35,40,70,68,49,86,162,42,111,101,120,63,199,95,151,88,59,68,37,109,67,56,86,35,81,17,21,26,19,19,29,38,70,27,25,34,23,53,33,27,20,55,35,93,90,49,83,102,337,178,228,90,85,,,,,,,,,,,,,,,,,,,,,,,,,,,,,,79,46,39,74,63,79,59,104,85,231,171,25,393,51,,47,174,60,135,78,74,114,130,76,107,112,82,69,237,132,103,34,152,194,64,,34,59,59,76,71,45,39,56,72,67,26,63,55,42,17,18,16,19,18,41,23,35,,28,28,33,35,35,86,61,58,38,35,40,61,46,41,32,48,46,28,55,38,25,54,36,26,,43,34,63,17,30,24,50,48,48,79,47,51,52,68,79,102,50,13,31,28,50,22,39,58,33,22,21,,,42,58,73,27,14,40,64,,48,45,47,12,109,47,29,51,58,131,33,76,12,11,11,32,18,47,,6,13,60,56,50,29,148,33,560,437,79,,62,,49,,76,68,38,46,102,38,28,70,54,93,33,84,47,40,83,142,110,109,167,85,54,,50,36,,,,60,,
20260402,22,PM10_24h,102,93,130,96,80,94,135,55,72,94,111,108,112,71,74,97,64,115,239,70,70,71,105,106,67,100,70,84,70,103,81,81,81,51,43,33,38,56,58,40,45,38,40,26,75,22,22,56,59,84,52,53,40,39,32,35,46,35,53,35,28,54,49,36,37,33,42,36,23,86,71,44,62,58,40,41,67,53,90,83,58,65,19,120,99,80,80,66,89,105,84,59,56,106,93,81,30,20,28,37,25,23,28,43,32,21,24,42,42,64,67,59,64,93,59,103,97,92,78,163,79,155,95,56,75,45,88,89,53,98,64,69,35,36,36,29,22,48,44,65,30,52,45,37,31,37,44,27,37,36,75,64,65,62,81,235,158,76,42,113,,,,,,,,,,,,,,,,,,,,,,,,,,,,,,56,49,37,71,58,76,53,57,74,103,96,23,113,42,,18,57,79,94,89,66,96,100,81,94,97,70,56,230,142,92,73,173,253,27,178,18,68,72,72,70,52,37,74,71,73,48,61,49,46,21,27,21,24,22,42,33,53,43,29,38,42,43,50,107,102,87,54,51,48,55,61,56,51,53,57,43,67,51,34,63,28,41,39,31,35,49,35,35,21,36,54,55,58,50,51,42,54,62,61,41,20,31,33,44,29,37,29,27,24,25,,9,26,40,34,24,27,23,44,,29,43,33,15,89,49,33,50,48,82,27,62,31,16,8,33,14,29,,11,9,47,73,43,41,90,42,193,247,57,,53,,46,,41,47,36,31,56,26,23,49,75,85,54,88,71,50,84,146,79,140,197,86,40,16,60,66,,,,45,,
20260402,22,SO2,5,12,4,9,20,5,6,6,4,6,9,7,9,9,9,9,8,11,14,7,6,8,7,11,10,8,9,8,6,17,11,7,8,7,5,5,7,7,7,7,6,3,3,5,7,4,2,7,7,7,5,7,5,5,5,5,5,3,5,4,6,7,3,7,9,5,5,5,4,6,10,12,5,6,4,5,32,6,10,9,7,12,3,22,11,7,13,11,11,8,7,5,8,10,5,10,6,6,6,3,7,6,6,5,5,3,6,6,5,6,12,10,10,10,19,21,15,12,9,15,7,7,9,7,17,5,11,4,8,10,5,15,5,5,6,6,9,3,6,5,4,7,7,16,7,6,2,5,10,5,6,6,2,6,8,12,10,12,6,9,,,,,,,,,,,,,,,,,,,,,,,,,,,,,,6,2,6,7,7,12,9,10,8,8,8,5,8,7,,5,8,11,13,10,12,8,9,10,12,1,19,6,16,10,6,5,7,11,9,5,8,7,9,9,10,8,6,8,7,6,5,7,5,5,3,4,3,5,5,5,4,3,7,4,7,6,7,7,8,8,4,5,6,5,4,4,7,7,9,9,4,4,6,5,5,7,6,7,4,7,4,4,4,4,9,6,5,12,7,13,7,6,5,9,5,6,7,5,8,6,4,7,8,6,5,,6,5,5,6,4,10,7,4,,5,6,6,9,7,6,6,4,4,10,6,5,7,6,7,9,7,8,,6,5,6,4,5,14,8,9,9,4,10,,5,,7,,4,11,6,10,10,15,5,15,5,10,5,4,7,6,3,5,6,3,3,7,7,5,11,7,,,,7,,
20260402,22,SO2_24h,5,10,4,11,11,6,6,5,4,5,7,8,7,9,10,11,9,9,14,7,7,7,5,9,9,10,6,8,7,12,8,8,6,7,6,5,7,7,7,6,7,3,3,5,6,4,3,9,6,7,5,9,6,6,5,5,7,4,6,4,6,11,5,6,8,5,7,4,5,7,12,16,12,7,4,6,13,7,14,10,8,24,4,17,10,7,13,10,11,9,6,6,7,11,7,12,10,6,5,8,8,6,7,6,7,4,7,8,5,5,15,10,10,13,12,13,11,13,13,10,6,9,8,7,10,6,12,4,8,11,6,14,6,8,6,9,8,8,10,7,4,8,7,9,8,6,3,5,10,7,8,5,3,7,9,26,11,20,6,9,,,,,,,,,,,,,,,,,,,,,,,,,,,,,,6,2,5,6,6,11,8,9,12,31,13,5,11,7,,6,9,16,11,10,9,7,8,9,10,2,7,9,11,12,8,7,8,13,6,18,7,6,8,8,8,7,4,8,7,8,5,6,5,7,3,7,4,7,6,5,6,6,16,5,7,10,11,14,10,10,6,6,6,6,3,5,10,7,12,11,5,6,8,6,8,8,6,8,5,7,6,5,3,4,10,8,6,12,14,19,6,6,12,8,5,6,7,6,9,7,5,6,9,6,5,,6,8,5,9,4,10,7,4,,5,6,6,8,8,6,4,4,4,9,5,5,7,6,6,9,6,9,,7,6,6,7,7,8,22,10,11,7,9,,7,,8,,4,13,7,10,13,16,5,14,8,9,6,5,9,7,3,4,10,4,2,7,6,6,13,10,,,,7,,
20260402,22,NO2,32,65,32,46,70,11,43,19,30,55,53,31,24,75,35,22,43,58,52,27,20,27,29,28,23,54,32,24,39,39,33,16,32,43,18,40,21,23,24,19,19,14,27,12,32,20,16,19,16,12,12,14,22,27,13,9,25,9,12,21,11,24,8,12,20,26,14,13,8,34,76,8,13,22,18,17,56,10,22,17,21,28,8,23,22,17,54,23,20,29,25,16,22,47,14,27,18,11,10,7,12,9,8,5,47,7,15,8,10,15,22,11,17,26,30,42,35,47,30,57,21,39,32,33,26,33,34,16,23,21,9,17,19,22,21,10,14,30,8,29,4,19,19,12,21,7,11,10,13,9,44,37,15,31,49,3,5,7,12,40,,,,,,,,,,,,,,,,,,,,,,,,,,,,,,19,14,21,15,21,34,9,39,56,4,16,7,6,19,,6,6,28,46,51,25,31,73,30,51,13,24,23,35,16,14,9,26,47,25,25,10,16,19,23,51,24,17,32,20,22,11,16,33,14,8,12,6,12,11,28,13,16,13,24,15,14,11,17,21,18,20,14,14,23,13,13,11,11,16,17,15,15,10,8,31,10,12,11,5,16,29,8,21,12,31,11,15,48,13,14,23,13,13,15,40,11,14,12,21,11,43,18,28,8,6,,14,4,13,9,11,6,10,9,,7,5,15,11,24,17,6,7,7,24,15,21,5,8,6,3,14,19,,4,3,34,19,27,15,6,25,3,11,24,,26,,12,,44,6,2,1,2,1,6,1,14,15,30,20,8,10,12,46,36,32,14,50,11,13,11,7,,,,7,,
20260402,22,NO2_24h,29,50,22,28,36,18,34,16,21,32,36,28,19,29,35,37,25,40,45,47,33,48,30,31,21,54,43,41,38,25,28,20,20,34,33,29,24,38,36,24,32,28,30,15,27,14,15,43,21,23,16,27,23,37,14,14,37,15,23,23,11,45,15,7,21,18,12,10,9,40,41,18,33,26,28,25,46,23,32,20,27,37,13,28,23,20,25,27,24,36,26,16,17,42,23,23,23,11,9,14,17,9,20,18,31,10,15,24,13,16,26,17,17,33,26,31,32,33,34,35,16,37,18,33,32,36,26,18,19,16,20,15,23,23,25,14,17,29,13,34,5,22,21,12,18,9,19,17,11,7,31,27,27,23,35,21,11,27,9,19,,,,,,,,,,,,,,,,,,,,,,,,,,,,,,13,11,24,14,24,26,11,28,31,31,14,8,16,21,,7,6,28,30,29,28,36,29,21,26,11,16,15,31,22,20,12,29,35,10,31,6,14,18,19,28,42,13,23,15,17,14,12,26,20,10,17,12,15,14,19,15,27,25,24,24,20,16,22,17,22,20,18,15,14,11,16,16,16,13,19,16,18,15,10,21,11,21,17,8,19,24,16,20,10,32,17,22,34,28,15,29,17,21,11,33,17,13,17,18,14,36,11,19,9,5,,13,9,11,6,14,8,8,16,,7,7,12,8,16,9,8,7,8,15,9,17,8,9,6,4,5,14,,4,3,27,45,18,17,30,27,22,21,19,,16,,14,,15,9,2,4,10,2,23,6,21,24,23,17,26,16,13,34,13,36,21,34,9,8,15,17,,,,6,,
20260402,22,O3,94,60,74,24,19,97,84,100,79,68,56,95,85,38,72,87,69,72,47,122,146,130,137,121,117,96,133,131,120,99,123,125,134,78,119,69,98,122,110,115,132,98,52,114,90,84,95,64,121,139,102,85,46,58,95,84,50,77,59,80,98,34,71,60,42,49,49,84,92,76,37,110,101,87,54,61,61,137,105,90,90,80,101,125,103,102,74,114,125,128,104,102,106,88,147,136,43,109,44,48,84,104,93,50,14,104,95,60,104,104,90,116,98,129,57,66,65,49,76,73,66,53,52,96,139,66,63,78,83,94,101,86,73,69,54,77,47,24,49,8,61,52,70,88,64,72,55,43,40,88,62,47,80,32,53,110,119,109,86,57,,,,,,,,,,,,,,,,,,,,,,,,,,,,,,74,81,89,112,87,87,104,74,40,117,85,73,106,90,,78,107,65,72,48,79,77,11,40,27,71,71,50,63,114,115,71,115,69,40,50,53,137,106,106,39,58,28,94,93,100,101,97,48,91,110,59,109,60,88,15,56,66,64,29,55,71,56,57,68,92,95,86,90,68,110,82,80,74,59,75,73,95,85,65,61,35,52,47,68,19,31,50,48,26,7,62,53,6,38,84,30,35,50,53,15,51,63,93,73,45,10,75,22,50,58,,81,89,61,58,65,58,85,44,,56,110,69,80,78,62,98,110,110,73,75,65,87,93,99,99,74,84,,66,90,18,111,1,97,108,74,96,89,78,,81,,61,,40,129,100,98,100,110,106,143,93,96,70,100,107,88,82,76,86,84,80,60,93,,82,76,,,,73,,
20260402,22,O3_24h,94,60,74,24,19,97,84,100,79,68,56,95,85,38,72,87,69,72,47,122,146,130,137,121,117,96,133,131,120,99,123,125,134,78,119,69,98,122,110,115,132,98,52,114,90,84,95,64,121,139,102,85,46,58,95,84,50,77,59,80,98,34,71,60,42,49,49,84,92,76,37,110,101,87,54,61,61,137,105,90,90,80,101,125,103,102,74,114,125,128,104,102,106,88,147,136,43,109,44,48,84,104,93,50,14,104,95,60,104,104,90,116,98,129,57,66,65,49,76,73,66,53,52,96,139,66,63,78,83,94,101,86,73,69,54,77,47,24,49,8,61,52,70,88,64,72,55,43,40,88,62,47,80,32,53,110,119,109,86,57,,,,,,,,,,,,,,,,,,,,,,,,,,,,,,74,81,89,112,87,87,104,74,40,117,85,73,106,90,,78,107,65,72,48,79,77,11,40,27,71,71,50,63,114,115,71,115,69,40,50,53,137,106,106,39,58,28,94,93,100,101,97,48,91,110,59,109,60,88,15,56,66,64,29,55,71,56,57,68,92,95,86,90,68,110,82,80,74,59,75,73,95,85,65,61,35,52,47,68,19,31,50,48,26,7,62,53,6,38,84,30,35,50,53,15,51,63,93,73,45,10,75,22,50,58,,81,89,61,58,65,58,85,44,,56,110,69,80,78,62,98,110,110,73,75,65,87,93,99,99,74,84,,66,90,18,111,1,97,108,74,96,89,78,,81,,61,,40,129,100,98,100,110,106,143,93,96,70,100,107,88,82,76,86,84,80,60,93,,82,76,,,,73,,
20260402,22,O3_8h,112,107,132,99,103,136,131,121,122,144,140,125,130,136,112,122,99,123,120,175,154,166,158,137,127,184,167,178,179,174,150,141,147,148,147,123,146,167,168,136,136,124,116,120,135,131,127,73,141,143,132,94,91,79,103,94,69,88,85,95,107,54,63,79,65,92,89,101,108,111,124,120,123,121,68,73,128,129,111,124,107,108,107,142,134,146,137,142,140,137,138,140,144,142,152,158,59,112,91,62,89,113,66,67,49,108,103,71,105,137,116,125,133,139,100,109,123,107,102,136,98,146,101,138,157,85,110,127,125,124,118,98,77,84,73,92,64,56,69,30,66,81,113,100,99,105,96,61,62,106,113,97,101,90,105,122,112,123,108,121,,,,,,,,,,,,,,,,,,,,,,,,,,,,,,120,122,115,131,111,138,114,113,125,123,118,87,117,120,,82,118,110,118,121,118,122,117,111,109,103,105,112,157,130,110,119,146,146,81,131,82,144,131,133,118,94,91,147,124,131,122,118,113,138,129,57,77,68,119,65,80,75,79,49,66,74,66,91,120,123,138,113,114,110,132,110,100,76,94,103,99,98,112,73,101,58,72,73,101,65,57,58,72,68,32,71,61,38,36,124,40,58,44,81,56,68,93,109,112,64,49,91,73,83,83,,70,96,96,105,78,66,114,63,,74,114,99,96,126,110,94,121,117,120,92,103,84,93,104,104,95,113,,94,109,46,127,36,102,118,101,113,106,108,,115,,85,,104,,119,128,121,122,119,137,119,119,112,129,114,117,118,121,126,119,108,121,104,91,108,108,,,,84,,
20260402,22,O3_8h_24h,111,88,122,72,76,125,126,118,114,136,118,127,123,114,101,110,78,106,98,160,151,154,153,132,124,161,154,167,162,152,145,133,154,134,133,100,135,159,152,126,127,105,91,120,114,112,120,62,137,140,123,89,67,73,102,90,64,85,73,91,106,27,56,73,60,78,84,94,101,109,109,114,120,116,61,67,112,129,108,117,101,102,103,133,129,135,121,135,132,132,131,128,135,126,151,152,47,110,53,49,89,112,66,57,17,106,98,60,103,123,108,121,122,138,83,99,102,91,95,110,85,101,78,125,149,72,96,115,108,118,112,95,77,79,64,80,57,36,65,16,63,75,100,96,91,95,84,51,53,97,107,82,96,77,98,117,112,118,107,113,,,,,,,,,,,,,,,,,,,,,,,,,,,,,,101,107,107,128,103,126,111,98,104,122,110,82,114,111,,80,114,100,110,100,110,111,89,80,76,86,93,81,111,116,107,100,125,108,69,90,76,142,122,125,85,73,66,132,113,121,113,112,90,121,120,57,74,63,101,36,62,75,60,37,64,73,60,70,105,114,125,101,103,95,123,99,88,75,79,87,90,98,97,73,79,55,63,62,75,36,51,54,59,53,27,71,61,18,35,106,36,50,40,72,45,56,84,102,98,55,38,88,60,75,78,,69,93,83,94,74,63,107,61,,65,114,84,90,115,101,94,118,115,105,87,92,84,88,104,102,89,105,,89,102,42,125,24,97,118,98,108,100,103,,105,,83,,92,,114,121,114,119,110,137,117,117,104,124,113,114,113,117,122,117,104,116,104,91,106,103,,,,84,,
20260402,22,CO,0.63,1.26,0.64,0.93,1.25,0.40,0.63,0.40,0.55,0.93,0.82,0.35,0.57,0.73,0.50,0.53,0.56,0.95,1.41,0.52,0.68,0.72,0.90,0.67,0.64,0.78,0.83,0.60,0.68,1.32,0.88,0.70,0.63,0.77,0.43,0.40,0.54,0.77,0.55,0.43,0.45,0.40,0.50,0.35,0.66,0.35,0.45,0.73,0.48,0.76,0.48,0.66,0.66,0.67,0.57,0.50,0.50,0.35,0.40,0.63,0.60,0.47,0.60,0.53,0.57,0.56,0.37,0.46,0.30,0.66,0.70,0.50,0.28,0.28,0.47,0.58,0.83,0.32,0.64,0.87,0.45,0.63,0.47,0.40,0.66,0.57,0.80,0.53,0.76,0.78,0.52,0.57,0.38,0.70,0.80,0.82,0.63,0.53,0.63,0.73,0.70,0.55,0.50,0.63,0.75,0.40,0.57,0.50,0.47,0.50,0.54,0.53,0.80,1.04,0.58,1.30,1.12,0.96,0.50,1.43,0.64,0.90,0.45,0.58,0.60,0.60,0.78,0.38,0.63,0.80,0.32,0.55,0.43,0.53,0.60,0.82,0.50,0.90,0.63,0.95,0.50,0.50,0.67,1.02,0.80,0.47,0.50,0.25,0.70,0.45,0.77,0.80,0.50,0.62,0.75,0.30,0.63,0.40,0.46,0.50,,,,,,,,,,,,,,,,,,,,,,,,,,,,,,0.70,0.50,0.55,0.70,0.27,0.60,0.60,0.67,0.57,0.27,0.70,0.30,0.30,0.38,,0.20,0.50,0.52,1.17,0.55,0.77,0.53,1.50,0.80,1.05,0.40,0.45,0.53,1.07,0.60,0.50,0.38,0.70,0.93,0.55,0.50,0.25,0.57,0.48,0.55,0.80,0.85,0.50,0.50,0.66,0.43,0.35,0.30,0.95,0.20,0.50,0.57,0.30,0.75,0.40,0.77,0.77,0.53,0.40,0.68,0.95,0.73,0.85,0.60,0.64,0.55,0.45,0.35,0.48,0.60,0.50,0.33,0.80,0.67,0.80,0.83,0.42,0.60,0.33,0.70,0.90,0.55,0.83,0.85,0.80,0.65,0.80,0.35,0.65,0.45,0.55,0.70,0.75,1.07,0.63,0.85,0.77,0.90,0.80,0.90,0.73,0.60,0.40,0.43,0.75,0.60,0.40,0.50,0.60,0.50,0.30,,0.25,0.35,0.53,0.67,0.60,0.55,0.35,0.60,,0.80,0.30,0.30,0.45,0.80,0.70,0.40,0.40,0.50,1.05,0.45,1.00,0.20,0.50,0.35,0.30,0.35,0.90,,0.20,0.50,0.90,0.33,0.60,0.50,0.20,0.50,0.20,0.20,0.75,,0.40,,0.65,,0.50,0.40,0.40,0.20,0.20,0.30,0.30,0.30,0.35,0.30,0.50,0.55,0.10,0.20,0.30,0.50,0.30,0.50,0.65,0.90,0.40,0.30,0.45,0.30,,,,0.65,,
20260402,22,CO_24h,0.48,0.67,0.52,0.76,0.55,0.55,0.44,0.40,0.45,0.50,0.40,0.38,0.55,0.60,0.54,0.81,0.44,0.70,1.10,0.68,0.82,0.81,0.83,0.86,0.50,0.78,0.86,0.74,0.74,0.90,0.64,0.82,0.45,0.68,0.50,0.33,0.45,0.75,0.65,0.43,0.55,0.60,0.50,0.40,0.70,0.40,0.43,0.82,0.53,1.13,0.51,0.73,0.70,0.72,0.60,0.57,0.63,0.45,0.57,0.70,0.60,0.73,0.73,0.47,0.60,0.54,0.57,0.47,0.35,0.62,0.70,0.75,0.46,0.39,0.52,0.67,0.69,0.40,0.78,0.63,0.53,0.57,0.53,0.76,0.56,0.70,0.54,0.48,0.66,0.58,0.37,0.60,0.40,1.22,0.60,0.67,0.70,0.60,0.63,0.80,0.75,0.60,0.60,0.77,0.70,0.50,0.63,0.70,0.50,0.40,0.57,0.83,0.73,0.74,0.60,0.96,0.87,1.08,0.70,1.15,0.56,0.87,0.35,0.62,0.80,0.70,0.72,0.55,0.63,0.80,0.52,0.47,0.45,0.63,0.68,1.00,0.50,0.83,0.78,0.86,0.50,0.60,0.75,0.70,0.73,0.47,0.53,0.30,0.60,0.50,0.73,0.55,0.45,0.52,0.55,0.50,0.63,0.88,0.38,0.40,,,,,,,,,,,,,,,,,,,,,,,,,,,,,,0.42,0.40,0.55,0.63,0.23,0.55,0.58,0.47,0.33,0.57,0.60,0.20,0.50,0.38,,0.20,0.50,0.60,0.87,0.65,0.67,0.53,0.80,0.80,0.90,0.35,0.40,0.37,1.00,0.73,0.53,0.55,0.70,0.97,0.35,0.80,0.15,0.52,0.56,0.50,0.60,0.65,0.45,0.70,0.64,0.43,0.45,0.23,0.93,0.37,0.53,0.63,0.55,0.75,0.50,0.67,0.83,0.65,0.55,0.60,1.00,0.97,0.80,0.75,0.86,0.73,0.55,0.47,0.58,0.55,0.43,0.40,0.80,0.77,0.80,0.80,0.55,0.70,0.43,0.60,0.97,0.50,0.88,0.80,0.90,0.55,0.60,0.40,0.70,0.45,0.45,0.80,0.80,0.87,0.83,0.75,0.93,0.80,0.85,0.80,0.67,0.70,0.40,0.50,0.55,0.67,0.45,0.45,0.65,0.50,0.30,,0.35,0.50,0.43,0.63,0.60,0.55,0.45,0.65,,0.65,0.30,0.30,0.50,0.75,0.55,0.40,0.40,0.50,0.85,0.45,0.65,0.35,0.55,0.45,0.30,0.30,0.80,,0.30,0.50,0.73,0.53,0.50,0.50,0.55,0.45,0.40,0.40,0.45,,0.40,,0.70,,0.35,0.50,0.40,0.30,0.30,0.30,0.50,0.40,0.43,0.50,0.45,0.75,0.25,0.30,0.35,0.55,0.20,0.55,0.80,0.90,0.30,0.30,0.60,0.55,,,,0.65,,
20260402,23,AQI,106,105,129,111,98,55,135,65,75,140,149,70,73,77,68,63,73,145,255,37,58,48,103,74,73,83,58,71,68,129,89,94,96,79,38,52,36,57,32,43,39,34,50,31,40,27,37,35,55,91,38,39,39,47,43,44,47,39,43,47,42,30,41,42,38,53,69,33,28,60,97,53,84,52,34,29,75,50,77,80,96,66,30,69,61,60,88,59,80,94,65,59,57,85,91,100,21,33,39,34,27,32,28,34,50,32,30,36,46,63,60,49,70,111,38,86,99,74,71,222,76,174,96,53,63,26,83,65,56,69,31,93,24,26,26,25,17,33,35,84,34,25,41,25,48,28,28,26,51,36,84,71,47,56,99,334,107,133,55,90,,,,,,,,,,,,,,,,,,,,,,,,,,,,,,62,47,37,67,56,66,56,79,69,135,95,22,500,46,,46,98,58,118,75,62,90,170,65,73,126,85,76,181,100,139,35,169,187,56,167,26,56,52,61,69,43,40,56,62,56,34,59,51,29,33,23,35,21,30,46,21,33,27,26,24,32,29,29,64,54,46,32,37,42,83,35,37,37,49,44,25,39,33,29,53,33,33,36,28,40,63,15,39,22,55,49,53,80,43,56,53,85,60,83,51,13,25,40,46,24,37,53,33,21,15,,20,44,56,63,22,27,32,54,,37,49,48,26,83,63,32,56,56,128,34,65,27,25,30,30,21,54,,26,25,51,52,48,28,224,36,217,500,65,,49,,51,,76,54,37,56,78,38,30,237,76,210,51,61,43,30,82,118,86,116,102,77,85,3,50,37,,,,51,,
20260402,23,PM2.5,77,79,98,75,71,39,103,32,54,107,114,51,53,44,25,40,53,111,205,25,41,29,77,54,53,61,39,52,49,98,66,70,72,58,15,33,22,39,16,22,26,17,32,13,17,15,23,16,28,68,19,19,27,23,18,18,25,20,20,23,22,21,29,26,20,37,50,22,5,34,51,27,40,20,24,20,50,18,49,56,72,48,11,50,38,34,65,42,59,70,45,38,34,63,68,75,15,16,27,20,16,21,18,24,35,18,19,25,32,45,26,33,51,84,11,64,74,45,52,172,56,132,72,30,45,15,61,47,40,50,18,69,7,16,16,14,12,20,23,62,24,12,29,5,32,7,15,16,31,18,62,52,27,38,74,78,46,59,13,51,,,,,,,,,,,,,,,,,,,,,,,,,,,,,,43,27,24,41,20,33,35,58,30,72,69,10,313,19,,5,44,41,89,55,40,67,129,44,43,96,63,56,137,75,106,22,128,141,28,127,13,36,28,36,50,29,26,39,38,35,4,39,31,7,12,16,9,15,11,32,15,22,19,17,10,22,19,13,46,30,23,17,26,25,61,21,17,26,24,21,12,27,21,8,35,18,23,25,15,28,45,8,27,14,33,34,37,59,24,40,37,63,40,61,24,6,12,28,21,17,14,37,20,15,6,,5,12,38,45,11,19,22,35,,26,26,20,5,61,45,,40,40,97,24,47,3,14,6,3,12,38,,9,9,30,21,23,12,100,19,104,156,39,,23,,18,,39,28,16,23,31,12,8,22,44,129,21,28,12,16,28,62,43,75,38,42,31,,13,18,,,,30,,
20260402,23,PM2.5_24h,37,39,55,40,26,61,54,24,22,49,52,38,53,33,39,59,27,87,131,49,44,50,70,80,46,68,40,50,58,79,55,66,70,29,25,21,24,38,40,23,29,20,25,14,34,10,13,38,25,64,37,35,24,21,15,17,30,19,31,19,15,35,38,24,21,26,23,23,7,43,31,22,21,23,27,26,34,17,46,43,41,30,10,92,41,39,39,27,55,43,30,37,35,74,43,42,18,10,22,24,17,15,19,30,21,14,14,24,27,40,25,43,30,42,23,58,57,49,42,126,52,124,64,33,45,26,66,70,38,71,36,48,22,27,22,20,21,30,25,54,23,31,33,20,20,16,29,16,25,20,44,36,22,35,49,53,34,32,11,33,,,,,,,,,,,,,,,,,,,,,,,,,,,,,,30,30,22,41,19,34,29,33,18,32,38,10,48,20,,5,17,37,62,61,30,64,76,58,63,54,37,43,153,104,73,56,144,182,13,130,7,41,45,41,37,31,25,49,40,48,31,39,29,25,8,19,14,20,14,31,25,37,31,19,19,31,28,24,77,71,53,36,36,26,42,33,29,35,31,31,26,34,35,20,37,16,26,31,26,23,37,22,24,14,22,41,35,38,32,37,30,39,50,43,22,9,19,21,19,22,16,21,18,17,8,,4,16,26,27,14,15,19,27,,19,29,21,7,50,41,23,38,38,65,22,45,20,9,5,6,3,24,,3,6,29,30,22,22,32,19,56,85,21,,23,,21,,18,20,17,15,23,9,8,14,25,34,17,27,20,25,21,51,28,43,41,33,11,3,21,29,,,,29,,
20260402,23,PM10,162,150,161,171,146,60,187,79,99,184,169,85,86,103,85,75,92,165,236,37,62,48,106,81,83,102,65,86,73,140,92,89,94,101,31,54,36,64,32,43,38,34,50,29,40,24,37,35,60,87,38,39,33,47,43,44,47,39,43,47,42,30,40,42,38,48,71,33,16,70,143,56,118,53,26,27,99,50,104,109,,67,13,72,72,69,101,68,95,87,79,67,64,105,69,93,20,25,32,34,21,27,26,34,48,23,25,32,46,70,69,49,84,165,38,116,106,98,66,212,69,144,105,56,69,26,88,65,57,82,31,84,13,26,26,15,17,33,35,67,27,25,39,18,48,28,28,26,52,36,99,84,47,61,106,447,164,215,59,130,,,,,,,,,,,,,,,,,,,,,,,,,,,,,,74,47,37,84,61,81,61,99,87,219,140,20,1058,46,,46,146,63,133,76,74,105,152,79,96,109,90,62,243,79,143,35,156,202,62,137,26,62,54,72,73,43,40,61,73,62,13,67,51,25,15,18,19,19,18,41,21,33,20,26,24,32,29,29,68,57,46,32,36,42,66,35,37,37,49,44,22,38,33,29,55,33,24,,28,33,67,13,34,22,59,47,50,92,43,46,46,75,70,80,51,13,25,36,46,21,37,50,33,21,15,,6,44,62,74,22,23,32,58,,36,49,48,11,101,58,32,51,49,129,30,73,15,19,10,23,20,38,,20,9,51,54,48,27,367,36,362,621,79,,49,,52,,102,58,37,61,106,38,16,376,101,357,52,72,43,30,113,186,121,181,153,103,120,,50,37,,,,52,,
20260402,23,PM10_24h,106,97,132,100,82,92,139,57,74,100,113,107,110,72,74,96,65,117,240,68,69,71,104,103,68,99,70,84,70,105,80,81,81,54,42,34,38,57,58,40,45,38,40,26,72,22,23,54,56,83,52,52,38,39,32,35,47,35,53,36,29,54,49,36,36,33,44,36,23,85,74,45,65,58,38,40,68,54,90,85,58,65,19,117,97,76,80,64,89,104,83,60,55,105,90,80,30,21,29,37,25,23,29,43,33,22,24,42,42,65,66,59,65,97,58,102,98,93,77,161,80,157,97,55,75,44,89,87,53,98,62,71,34,35,35,27,20,47,43,65,30,51,45,37,32,36,44,26,39,36,75,65,63,62,82,250,162,82,42,109,,,,,,,,,,,,,,,,,,,,,,,,,,,,,,57,49,38,72,59,76,54,59,75,109,99,24,154,43,,19,62,79,96,88,66,95,101,80,94,97,72,57,235,145,95,73,176,252,28,177,19,68,71,72,69,51,37,72,71,72,46,62,48,45,21,27,21,24,22,41,33,53,42,29,37,41,42,49,104,100,85,53,51,48,55,60,55,50,53,55,43,64,49,34,63,28,38,38,30,34,50,33,35,20,37,54,54,60,50,51,42,56,64,63,42,19,30,32,44,27,36,30,27,23,24,,9,27,41,37,24,26,22,45,,30,43,33,15,89,49,32,50,47,85,28,62,29,16,8,33,14,30,,12,9,47,72,43,40,101,42,204,262,57,,53,,46,,43,48,36,32,59,26,22,63,76,96,51,85,70,48,84,145,79,142,194,84,43,16,58,66,,,,45,,
20260402,23,SO2,5,11,3,9,21,5,6,7,5,6,9,8,9,11,12,11,8,11,10,7,6,8,6,9,9,8,7,8,6,16,11,7,8,7,5,5,7,7,6,6,6,3,3,4,6,4,2,7,8,6,5,6,4,5,4,4,6,4,6,5,5,7,3,6,8,5,4,5,4,6,9,10,5,7,3,5,19,6,11,7,7,12,3,25,11,7,14,12,11,8,7,7,8,10,6,10,6,6,7,3,9,6,6,5,5,6,6,6,5,6,9,10,12,11,7,23,14,11,10,17,6,8,7,7,14,5,12,4,7,9,5,15,5,5,6,7,9,3,6,5,4,6,7,14,6,5,2,5,9,6,6,5,4,5,8,12,24,10,5,9,,,,,,,,,,,,,,,,,,,,,,,,,,,,,,6,2,5,7,6,13,8,10,9,9,8,5,7,6,,6,8,10,15,10,16,9,9,10,9,1,11,6,16,10,5,5,7,11,8,5,7,7,9,9,8,8,6,9,7,7,5,6,4,5,3,4,3,4,5,5,4,5,13,4,6,7,7,7,7,8,3,5,6,5,4,3,7,7,9,7,4,4,6,5,4,7,6,7,4,6,5,4,14,4,10,6,5,13,9,14,7,6,6,8,7,6,7,5,7,7,4,6,8,6,5,,6,7,5,7,4,9,5,4,,4,6,5,9,7,6,6,4,4,9,6,5,6,6,6,9,7,11,,7,6,5,14,4,13,5,9,9,4,11,,4,,7,,4,10,6,11,10,15,4,15,5,8,5,4,7,5,3,6,7,4,3,8,7,5,10,8,,,,7,,
20260402,23,SO2_24h,5,10,4,11,12,6,6,5,4,5,7,8,8,9,11,12,9,10,13,8,7,7,5,9,9,11,6,8,7,13,8,8,6,7,6,5,7,7,7,6,7,3,3,5,6,4,3,9,6,7,5,9,6,6,5,5,7,4,6,4,5,11,4,6,8,5,6,4,5,7,12,16,11,7,4,6,14,7,14,10,8,24,4,17,10,7,13,10,11,9,6,6,7,11,7,12,10,6,5,8,8,6,7,6,7,4,7,7,5,5,15,10,10,14,11,13,12,13,13,11,6,9,8,7,10,6,12,4,8,11,6,14,6,8,6,9,8,8,9,7,4,7,7,10,8,6,3,5,10,7,8,5,3,7,9,26,11,20,6,9,,,,,,,,,,,,,,,,,,,,,,,,,,,,,,6,2,5,6,6,11,8,9,12,31,12,5,11,7,,6,9,16,11,10,9,7,8,10,10,2,7,9,11,12,8,7,8,13,6,17,7,6,8,8,8,7,5,8,7,8,5,7,5,7,3,7,4,6,6,5,6,6,17,5,7,10,11,13,9,10,6,6,6,6,4,5,10,7,12,11,5,6,8,6,8,8,6,8,5,7,6,5,3,4,10,8,6,13,15,19,6,6,12,8,5,6,7,6,9,7,5,6,9,6,5,,6,8,5,9,4,10,7,4,,5,6,6,8,8,6,5,4,5,9,5,5,6,6,6,9,6,9,,7,6,6,7,7,8,22,10,11,6,9,,7,,8,,4,12,7,10,12,16,5,14,8,9,6,5,9,7,3,5,10,4,2,7,6,6,12,10,,,,7,,
20260402,23,NO2,35,62,34,51,77,11,51,19,31,64,50,30,21,59,23,29,35,46,42,24,19,25,29,31,25,51,30,25,37,41,40,16,30,40,15,37,18,25,28,18,22,12,41,12,19,16,16,14,17,11,10,12,24,28,10,8,26,9,11,19,13,13,14,9,20,24,13,13,10,34,52,8,11,30,19,16,38,12,28,21,22,28,10,31,21,17,53,23,19,22,27,17,16,50,13,27,17,11,12,7,12,10,8,4,42,7,14,12,11,17,19,11,17,38,22,48,42,28,32,53,15,50,48,36,24,26,33,17,25,20,11,19,17,25,24,6,14,27,7,30,11,26,23,15,18,8,19,13,14,9,48,28,11,32,57,3,11,5,15,78,,,,,,,,,,,,,,,,,,,,,,,,,,,,,,18,14,18,15,19,38,9,35,64,4,15,6,6,16,,4,6,35,38,44,24,37,67,42,38,15,28,20,39,13,15,10,26,40,24,28,10,17,17,24,52,31,16,40,20,23,6,15,39,10,8,12,5,13,9,27,10,19,13,22,21,13,9,14,20,21,15,14,15,21,13,12,11,12,26,12,13,14,8,14,30,10,16,11,1,15,27,8,15,8,37,10,16,49,11,13,23,14,8,16,37,12,12,17,19,11,46,13,31,9,7,,15,5,11,10,18,6,23,8,,8,6,14,9,18,14,5,7,6,24,12,26,5,14,6,3,14,42,,7,2,28,19,23,14,4,32,4,5,46,,19,,12,,54,4,4,3,1,1,17,2,9,5,46,19,6,11,6,84,45,75,15,60,14,4,12,6,,,,7,,
20260402,23,NO2_24h,30,51,23,30,37,18,36,16,22,35,37,29,19,31,33,36,26,39,43,44,31,46,30,30,21,54,41,39,37,26,28,19,20,33,31,30,24,38,35,23,31,28,29,15,25,14,15,41,19,23,16,25,21,36,13,14,36,14,21,22,10,44,15,7,20,18,12,10,9,38,40,18,32,25,26,24,43,22,31,20,27,35,12,28,23,19,27,27,23,35,26,16,16,41,23,23,23,11,9,13,17,9,19,17,32,10,15,23,13,16,25,17,17,33,25,31,32,32,33,35,16,38,19,31,30,35,26,17,19,16,19,15,23,23,24,13,16,29,13,34,5,21,20,12,18,9,18,16,11,8,30,27,24,23,34,20,10,25,9,21,,,,,,,,,,,,,,,,,,,,,,,,,,,,,,13,11,24,14,24,26,11,28,32,29,14,8,15,20,,7,7,28,30,29,27,35,29,22,26,11,17,15,31,22,20,12,29,35,10,30,6,13,17,19,28,40,13,24,15,17,14,12,26,20,10,17,12,16,14,19,15,27,24,23,23,20,15,21,17,22,20,18,15,14,11,15,15,16,14,19,16,18,13,10,22,11,20,16,7,18,24,15,20,10,32,16,22,35,27,15,28,17,21,11,33,16,13,16,17,13,35,11,19,9,5,,14,8,11,6,14,7,8,16,,7,7,12,8,16,9,8,7,8,15,9,17,8,9,6,4,5,16,,4,3,27,43,18,16,28,27,20,20,19,,16,,14,,16,8,3,4,9,2,20,6,20,23,23,16,25,13,12,36,12,36,20,33,9,8,13,17,,,,6,,
20260402,23,O3,84,60,69,17,11,90,70,97,76,43,58,90,81,45,82,78,81,73,44,116,133,118,128,101,110,84,117,133,105,81,102,125,126,65,122,75,96,106,93,116,126,101,31,100,90,87,90,71,117,132,102,80,40,56,97,83,47,74,59,80,91,45,60,51,39,40,41,86,88,69,56,108,106,72,50,59,70,126,83,86,96,76,97,111,97,98,65,107,138,135,93,99,107,80,139,125,39,106,42,48,85,102,91,48,18,101,97,59,104,99,93,114,95,100,62,53,51,70,69,67,68,37,32,78,127,79,59,69,72,88,98,78,78,59,45,80,42,20,47,5,44,36,51,80,57,68,46,40,36,84,51,49,84,23,40,106,110,113,76,14,,,,,,,,,,,,,,,,,,,,,,,,,,,,,,66,77,85,106,87,71,103,82,21,116,79,70,101,91,,81,105,54,77,49,76,65,8,24,34,65,58,44,50,106,94,61,106,67,41,44,49,126,109,101,24,47,24,83,85,105,110,95,30,93,105,61,112,56,96,10,59,56,60,28,43,68,53,63,69,83,101,82,85,68,105,82,73,61,42,76,79,93,81,53,43,33,42,43,67,16,34,49,53,26,2,61,50,6,38,88,27,30,64,62,13,40,60,76,66,43,6,77,12,46,44,,65,87,58,50,51,64,63,42,,47,102,67,84,81,60,103,110,108,65,80,49,85,81,97,96,68,66,,84,80,14,106,1,91,105,52,93,105,45,,86,,60,,29,128,89,105,102,109,95,140,97,109,46,94,112,83,52,30,73,23,79,40,36,,75,71,,,,66,,
20260402,23,O3_24h,84,60,69,17,11,90,70,97,76,43,58,90,81,45,82,78,81,73,44,116,133,118,128,101,110,84,117,133,105,81,102,125,126,65,122,75,96,106,93,116,126,101,31,100,90,87,90,71,117,132,102,80,40,56,97,83,47,74,59,80,91,45,60,51,39,40,41,86,88,69,56,108,106,72,50,59,70,126,83,86,96,76,97,111,97,98,65,107,138,135,93,99,107,80,139,125,39,106,42,48,85,102,91,48,18,101,97,59,104,99,93,114,95,100,62,53,51,70,69,67,68,37,32,78,127,79,59,69,72,88,98,78,78,59,45,80,42,20,47,5,44,36,51,80,57,68,46,40,36,84,51,49,84,23,40,106,110,113,76,14,,,,,,,,,,,,,,,,,,,,,,,,,,,,,,66,77,85,106,87,71,103,82,21,116,79,70,101,91,,81,105,54,77,49,76,65,8,24,34,65,58,44,50,106,94,61,106,67,41,44,49,126,109,101,24,47,24,83,85,105,110,95,30,93,105,61,112,56,96,10,59,56,60,28,43,68,53,63,69,83,101,82,85,68,105,82,73,61,42,76,79,93,81,53,43,33,42,43,67,16,34,49,53,26,2,61,50,6,38,88,27,30,64,62,13,40,60,76,66,43,6,77,12,46,44,,65,87,58,50,51,64,63,42,,47,102,67,84,81,60,103,110,108,65,80,49,85,81,97,96,68,66,,84,80,14,106,1,91,105,52,93,105,45,,86,,60,,29,128,89,105,102,109,95,140,97,109,46,94,112,83,52,30,73,23,79,40,36,,75,71,,,,66,,
20260402,23,O3_8h,113,107,132,99,103,136,131,121,122,144,140,125,130,136,112,122,99,123,120,175,154,166,158,137,127,184,167,178,179,174,150,141,147,148,147,123,146,167,168,136,136,124,116,120,135,131,127,73,141,143,132,94,91,79,103,94,69,88,85,95,107,54,63,79,65,92,89,101,108,111,124,120,123,121,68,73,128,129,111,124,107,108,107,142,134,146,137,142,140,137,138,140,144,142,153,158,59,112,91,62,89,113,71,67,49,108,103,71,105,137,116,125,133,139,100,109,123,107,102,136,98,146,101,138,157,86,110,127,125,124,118,98,78,84,73,92,64,51,69,30,66,81,113,100,99,105,96,61,62,106,113,97,101,90,105,122,112,123,108,121,,,,,,,,,,,,,,,,,,,,,,,,,,,,,,120,122,115,131,111,138,114,113,125,123,118,87,117,120,,82,118,110,118,121,118,122,117,111,109,103,105,112,157,130,110,119,146,146,81,131,82,144,131,133,118,94,91,147,124,131,122,118,113,138,129,57,78,68,119,65,80,75,79,49,66,74,66,91,120,123,138,113,114,110,132,110,100,76,94,103,99,98,112,73,101,58,72,73,101,65,57,58,72,68,32,71,63,38,37,124,40,58,44,81,56,68,93,109,112,64,49,91,73,83,83,,70,96,96,105,78,66,114,63,,74,114,99,96,126,110,96,121,117,120,92,103,86,93,104,104,95,113,,94,109,46,127,36,102,118,101,113,106,108,,115,,85,,104,101,119,128,121,122,119,137,119,119,112,129,114,117,118,121,126,119,108,121,104,91,108,108,,,,84,,
20260402,23,O3_8h_24h,108,80,113,59,64,118,117,115,107,124,106,113,117,102,96,103,75,100,87,151,148,146,149,127,121,145,145,159,153,136,138,130,150,123,130,93,129,150,143,122,125,99,76,119,107,107,113,63,134,138,119,87,62,70,101,88,60,83,68,89,104,25,57,69,56,72,77,92,98,104,100,112,116,111,58,65,103,129,104,113,99,98,101,129,124,127,112,130,130,131,126,122,129,115,150,148,46,110,51,48,88,111,71,55,17,105,97,59,103,117,105,119,117,133,78,92,92,86,90,101,80,86,69,116,144,72,89,107,101,113,109,92,78,76,59,79,54,34,62,13,60,68,91,93,84,91,76,49,51,95,99,76,94,67,89,114,112,116,103,100,,,,,,,,,,,,,,,,,,,,,,,,,,,,,,94,101,100,125,100,117,109,94,90,119,104,79,111,107,,80,112,92,105,90,104,104,76,69,66,82,86,73,99,114,103,91,121,97,64,80,71,139,117,120,72,66,55,122,107,117,110,108,77,115,116,57,77,60,97,28,63,72,58,34,61,72,61,65,98,108,118,95,99,89,119,95,85,73,72,83,88,96,93,71,71,52,60,59,72,29,47,52,57,47,22,71,63,15,36,100,33,46,43,69,38,53,80,97,91,53,32,85,51,69,73,,64,92,77,86,70,63,100,57,,62,113,80,88,109,94,96,117,114,95,86,84,86,88,104,100,86,99,,87,98,39,123,19,95,115,91,105,100,95,,101,,80,,82,101,109,118,111,118,108,137,114,116,95,119,113,110,105,105,115,106,100,105,96,91,101,98,,,,81,,
20260402,23,CO,0.65,1.15,0.68,0.96,1.25,0.43,0.61,0.40,0.60,0.80,0.72,0.35,0.57,0.67,0.44,0.67,0.53,0.92,1.00,0.46,0.64,0.67,0.82,0.70,0.60,0.76,0.73,0.63,0.63,1.47,0.92,0.72,0.60,0.78,0.40,0.40,0.50,0.75,0.55,0.43,0.45,0.40,0.50,0.35,0.58,0.35,0.45,0.67,0.48,0.70,0.40,0.63,0.64,0.65,0.55,0.50,0.50,0.35,0.40,0.63,0.63,0.47,0.61,0.47,0.54,0.58,0.40,0.45,0.30,0.61,0.63,0.50,0.26,0.36,0.47,0.57,0.79,0.34,0.68,0.77,0.47,0.65,0.47,0.46,0.66,0.57,0.80,0.58,0.70,0.65,0.50,0.68,0.38,0.70,0.70,0.87,0.67,0.55,0.77,0.67,0.70,0.55,0.50,0.60,0.70,0.40,0.57,0.50,0.73,0.50,0.50,0.67,0.80,1.06,0.50,1.60,1.13,0.98,0.54,1.50,0.52,1.07,0.63,0.57,0.73,0.52,0.73,0.42,0.65,0.73,0.30,0.60,0.40,0.53,0.60,0.77,0.50,0.90,0.63,0.96,0.50,0.50,0.70,1.30,0.73,0.50,0.50,0.25,0.70,0.47,0.83,0.80,0.50,0.58,0.75,0.30,0.93,0.40,0.40,0.65,,,,,,,,,,,,,,,,,,,,,,,,,,,,,,0.70,0.40,0.55,0.73,0.27,0.90,0.60,0.63,0.70,0.27,0.63,0.20,0.30,0.35,,0.15,0.50,0.57,1.03,0.50,0.77,0.43,1.50,0.85,0.85,0.50,0.65,0.53,1.13,0.47,0.65,0.35,0.70,0.90,0.55,0.60,0.25,0.57,0.48,0.55,0.80,0.90,0.50,0.55,0.68,0.43,0.25,0.30,0.85,0.17,0.50,0.60,0.30,0.75,0.40,0.83,0.70,0.53,0.50,0.68,0.95,0.68,0.85,0.55,0.60,0.57,0.40,0.38,0.50,0.57,0.53,0.23,0.70,0.63,0.80,0.73,0.38,0.70,0.33,0.70,0.83,0.55,0.87,0.85,0.80,0.65,0.77,0.35,0.60,0.45,0.55,0.67,0.80,1.13,0.63,0.85,0.80,0.90,0.70,0.80,0.77,0.60,0.40,0.50,0.75,0.60,0.43,0.50,0.60,0.50,0.30,,0.25,0.45,0.50,0.67,0.60,0.50,0.45,0.60,,0.80,0.30,0.30,0.45,0.80,0.70,0.40,0.40,0.45,1.15,0.40,,0.20,0.70,0.35,0.30,0.40,1.60,,0.35,0.50,0.80,0.33,0.50,0.45,0.20,0.55,0.20,0.20,0.80,,0.40,,0.60,,0.70,0.50,0.40,0.30,0.20,0.30,0.30,0.30,0.23,0.20,0.50,0.60,0.10,0.20,,0.95,0.30,1.15,0.65,1.00,0.50,0.30,0.45,0.35,,,,0.60,,
20260402,23,CO_24h,0.48,0.71,0.52,0.79,0.55,0.55,0.49,0.37,0.45,0.50,0.45,0.38,0.55,0.60,0.54,0.83,0.44,0.71,1.08,0.65,0.82,0.81,0.83,0.81,0.50,0.78,0.86,0.74,0.74,0.92,0.68,0.82,0.47,0.68,0.47,0.33,0.46,0.75,0.65,0.43,0.55,0.60,0.50,0.40,0.70,0.40,0.43,0.80,0.53,1.11,0.51,0.73,0.68,0.72,0.59,0.50,0.63,0.45,0.53,0.70,0.60,0.70,0.73,0.47,0.59,0.54,0.57,0.47,0.33,0.62,0.67,0.75,0.44,0.37,0.52,0.63,0.69,0.40,0.78,0.63,0.53,0.57,0.53,0.73,0.56,0.67,0.56,0.48,0.66,0.58,0.37,0.60,0.38,1.16,0.60,0.67,0.70,0.60,0.63,0.80,0.75,0.60,0.60,0.77,0.70,0.50,0.63,0.65,0.50,0.40,0.59,0.82,0.73,0.74,0.56,1.02,0.90,1.08,0.68,1.15,0.56,0.83,0.38,0.62,0.80,0.70,0.72,0.55,0.63,0.80,0.52,0.47,0.45,0.63,0.68,1.00,0.50,0.83,0.75,0.86,0.50,0.60,0.75,0.73,0.73,0.47,0.53,0.30,0.60,0.50,0.73,0.60,0.45,0.52,0.55,0.50,0.60,0.86,0.38,0.40,,,,,,,,,,,,,,,,,,,,,,,,,,,,,,0.42,0.40,0.55,0.63,0.23,0.55,0.60,0.50,0.40,0.57,0.60,0.20,0.50,0.38,,0.20,0.50,0.60,0.87,0.65,0.67,0.53,0.80,0.80,0.90,0.35,0.40,0.37,1.03,0.70,0.53,0.55,0.70,0.97,0.35,0.80,0.15,0.55,0.56,0.50,0.60,0.67,0.45,0.65,0.64,0.43,0.45,0.23,0.93,0.33,0.53,0.63,0.55,0.80,0.50,0.67,0.83,0.65,0.55,0.60,1.00,0.97,0.80,0.75,0.86,0.73,0.55,0.47,0.58,0.55,0.47,0.40,0.80,0.77,0.80,0.80,0.52,0.70,0.43,0.60,0.97,0.50,0.87,0.80,0.90,0.55,0.63,0.35,0.70,0.45,0.45,0.80,0.80,0.87,0.83,0.75,0.93,0.80,0.85,0.80,0.67,0.70,0.40,0.50,0.55,0.63,0.40,0.40,0.65,0.50,0.30,,0.35,0.50,0.47,0.67,0.60,0.55,0.45,0.65,,0.65,0.30,0.30,0.50,0.75,0.55,0.40,0.40,0.50,0.85,0.45,0.65,0.35,0.55,0.45,0.30,0.30,0.80,,0.30,0.50,0.73,0.53,0.50,0.50,0.55,0.45,0.40,0.35,0.45,,0.40,,0.70,,0.40,0.50,0.40,0.30,0.30,0.30,0.40,0.40,0.43,0.50,0.45,0.75,0.20,0.30,0.30,0.55,0.20,0.60,0.80,0.90,0.30,0.30,0.60,0.55,,,,0.65,,