date,hour,type,北京,天津,石家庄,唐山,秦皇岛,邯郸,保定,张家口,承德,廊坊,沧州,衡水,邢台,太原,呼和浩特,沈阳,大连,长春,哈尔滨,上海,南京,苏州,南通,连云港,徐州,扬州,无锡,常州,镇江,泰州,淮安,盐城,宿迁,杭州,宁波,温州,绍兴,湖州,嘉兴,台州,舟山,金华,衢州,丽水,合肥,福州,厦门,南昌,济南,青岛,郑州,武汉,长沙,广州,深圳,珠海,佛山,中山,江门,东莞,惠州,肇庆,南宁,海口,重庆,成都,贵阳,昆明,拉萨,西安,兰州,西宁,银川,乌鲁木齐,湘潭,株洲,包头,鄂尔多斯,营口,丹东,盘锦,葫芦岛,泉州,临沂,德州,聊城,滨州,淄博,枣庄,烟台,潍坊,济宁,泰安,日照,威海,东营,韶关,汕头,湛江,茂名,梅州,汕尾,河源,阳江,清远,潮州,揭阳,云浮,玉溪,菏泽,大同,长治,临汾,阳泉,赤峰,鞍山,抚顺,本溪,锦州,吉林,齐齐哈尔,牡丹江,大庆,芜湖,马鞍山,九江,洛阳,安阳,开封,焦作,平顶山,三门峡,宜昌,荆州,岳阳,常德,张家界,桂林,北海,柳州,三亚,绵阳,宜宾,攀枝花,泸州,自贡,德阳,南充,遵义,曲靖,咸阳,铜川,延安,宝鸡,渭南,金昌,嘉峪关,石嘴山,克拉玛依,巴音郭楞州,寿光,章丘,即墨,胶南,胶州,莱西,平度,蓬莱,招远,莱州,荣成,文登,乳山,吴江,昆山,常熟,张家港,太仓,句容,江阴,宜兴,金坛,溧阳,海门,临安,富阳,义乌,诸暨,瓦房店,信阳,周口,漳州,晋城,朔州,晋中,运城,忻州,吕梁,乌海,通辽,呼伦贝尔,巴彦淖尔,乌兰察布,兴安盟,锡林郭勒盟,阿拉善盟,阜新,辽阳,铁岭,朝阳,四平,辽源,通化,白山,松原,白城,延边朝鲜族自治州,鸡西,鹤岗,双鸭山,伊春,佳木斯,七台河,黑河,绥化,大兴安岭地区,蚌埠,淮南,淮北,铜陵,安庆,黄山,滁州,阜阳,宿州,六安,亳州,池州,宣城,莆田,三明,南平,龙岩,宁德,景德镇,萍乡,新余,鹰潭,赣州,吉安,宜春,抚州,上饶,鹤壁,新乡,濮阳,许昌,漯河,南阳,商丘,驻马店,黄石,十堰,襄阳,鄂州,荆门,孝感,黄冈,咸宁,随州,恩施土家族苗族自治州,衡阳,邵阳,益阳,郴州,永州,怀化,娄底,湘西州,梧州,防城港,钦州,贵港,玉林,百色,贺州,河池,来宾,崇左,广元,遂宁,内江,乐山,眉山,广安,达州,雅安,巴中,资阳,阿坝藏族羌族自治州,甘孜州,甘孜藏族自治州,凉山彝族自治州,六盘水,安顺,铜仁地区,毕节,黔西南布依族苗族自治州,黔东南苗族侗族自治州,黔东南州,黔南布依族苗族自治州,保山,昭通,丽江,普洱,临沧,楚雄州,红河州,文山州,西双版纳州,大理州,德宏州,怒江州,迪庆州,昌都,山南,日喀则,那曲地区,那曲,阿里地区,林芝,汉中,榆林,安康,商洛,白银,天水,武威,张掖,平凉,酒泉,庆阳,定西,陇南,临夏回族自治州,甘南州,海东地区,海北藏族自治州,黄南藏族自治州,海南藏族自治州,果洛藏族自治州,玉树藏族自治州,海西蒙古族藏族自治州,吴忠,中卫,固原,吐鲁番地区,哈密地区,昌吉州,博尔塔拉蒙古自治州,阿克苏地区,克孜勒苏柯尔克孜自治州,喀什地区,和田地区,伊犁哈萨克州,塔城地区,阿勒泰地区,石河子,五家渠,三沙,兰州新区,赣江新区,儋州,雄安新区,西咸新区
20260622,0,AQI,52,57,39,53,53,29,53,27,24,59,48,38,28,39,47,24,27,20,21,15,33,36,20,34,34,32,25,29,29,29,30,37,32,49,33,40,36,58,39,36,20,51,27,20,28,28,32,17,39,44,24,29,16,21,15,13,19,13,19,14,16,17,36,22,23,17,22,15,34,20,29,20,51,33,16,15,34,34,22,41,24,28,29,70,51,31,36,37,39,25,21,32,25,49,21,19,27,20,20,14,31,15,22,14,28,28,22,23,15,25,45,24,51,50,27,30,36,29,34,25,24,20,19,30,37,36,26,28,27,23,29,28,17,29,22,28,14,13,35,22,17,16,17,21,17,27,13,15,25,17,36,20,26,29,28,71,46,46,36,51,,,,,,,,,,,,,,,,,,,,,,,,,,,,,,30,31,48,34,36,27,33,28,52,56,53,20,44,39,,25,37,20,40,17,25,19,26,19,32,22,28,13,27,23,33,22,34,34,28,18,24,35,30,35,16,23,17,35,30,32,31,30,11,29,30,22,16,17,31,24,16,34,35,25,29,25,24,27,26,27,18,29,30,31,30,34,35,32,36,30,29,23,19,16,26,19,21,24,26,21,27,25,23,11,36,30,29,21,24,25,47,8,16,33,28,20,18,17,21,15,13,13,18,18,28,,12,23,20,17,15,13,17,18,,14,21,18,21,27,20,15,11,11,33,16,21,31,24,15,33,36,41,,50,14,26,28,17,19,28,14,40,52,32,,22,,32,,24,24,27,35,20,28,33,42,30,27,19,53,33,36,37,59,52,37,28,36,43,55,51,38,,,,27,,
20260622,0,PM2.5,16,23,17,23,17,11,29,9,9,28,29,11,14,22,17,9,7,10,7,8,23,25,14,10,24,5,11,15,11,5,12,26,21,34,23,28,25,41,27,25,13,29,17,11,18,16,19,12,13,31,17,16,9,10,5,5,12,5,8,6,8,6,18,11,12,7,8,5,6,14,16,14,17,8,8,7,15,17,6,29,6,17,15,51,25,17,20,15,24,9,4,3,6,34,14,10,14,13,10,6,18,5,11,6,12,18,15,11,4,6,16,8,35,13,7,14,8,10,13,11,8,10,11,11,26,25,10,11,16,9,15,3,5,11,3,3,3,3,15,11,9,3,12,7,5,5,3,3,14,4,22,14,16,20,3,38,18,13,5,17,,,,,,,,,,,,,,,,,,,,,,,,,,,,,,9,3,27,3,14,15,3,18,24,17,20,10,17,15,,11,10,5,10,3,12,4,7,5,5,3,15,9,19,13,20,15,24,12,11,6,7,11,17,10,6,16,10,24,10,6,6,8,6,20,17,14,11,12,22,11,11,13,23,11,11,11,5,15,18,16,9,15,9,17,9,14,9,16,25,9,15,3,13,11,7,13,10,17,3,12,18,9,12,3,9,12,10,12,17,14,18,3,3,9,3,3,6,8,11,3,3,3,3,3,6,,3,15,12,12,5,3,9,11,,7,15,8,7,14,14,3,3,8,12,5,10,18,5,3,3,5,6,,9,3,7,14,6,12,16,7,12,22,8,,5,,10,,3,15,19,10,12,6,3,6,17,19,3,18,18,6,6,42,28,26,12,10,21,3,18,15,,,,16,,
20260622,0,PM2.5_24h,6,9,15,14,11,19,16,9,6,12,18,16,18,14,11,4,10,6,6,20,20,28,13,26,30,20,25,28,30,21,31,26,44,22,19,23,23,23,25,20,17,13,13,8,16,22,16,15,6,26,23,15,13,11,7,8,11,9,8,8,10,10,12,12,17,10,6,6,6,16,19,16,13,13,11,13,15,9,5,18,5,9,23,28,10,12,10,12,23,17,5,17,10,26,14,6,14,11,13,9,14,7,17,8,12,16,12,9,5,28,9,17,22,14,6,11,7,7,8,7,6,9,9,18,23,16,20,20,29,16,27,16,14,13,5,4,7,10,12,14,9,5,9,9,6,5,9,8,12,6,20,12,14,14,18,22,20,17,6,12,,,,,,,,,,,,,,,,,,,,,,,,,,,,,,16,23,18,11,9,15,13,12,12,14,9,12,12,9,,5,9,2,7,5,8,7,3,5,5,7,7,8,14,14,13,14,17,11,13,5,10,23,22,27,15,12,7,26,23,29,16,17,9,14,24,13,11,10,21,10,14,12,15,10,9,14,8,9,26,19,15,27,26,25,21,23,9,13,23,11,22,9,15,7,14,13,10,19,10,11,16,8,15,3,13,13,12,16,15,15,14,7,11,13,5,3,9,8,7,31,7,9,7,8,8,,3,11,12,11,3,18,8,9,,4,15,12,5,10,15,5,6,7,9,6,12,12,5,4,3,2,9,,4,4,12,13,11,19,18,8,20,19,10,,10,,10,,8,18,11,9,7,6,3,8,12,14,8,21,12,9,5,45,19,22,6,12,11,4,8,13,,,,10,,
20260622,0,PM10,54,63,39,55,56,13,56,23,24,68,48,38,28,39,47,24,19,20,21,9,22,28,19,15,32,12,14,19,11,9,18,30,26,44,32,40,31,46,24,33,18,52,27,20,19,28,32,17,39,40,19,29,13,21,15,11,19,9,19,14,16,17,36,22,23,11,22,15,11,16,29,17,51,25,16,15,32,33,15,31,8,28,29,51,52,31,36,37,39,25,18,16,25,35,21,18,27,20,20,14,31,15,22,14,28,28,22,23,8,17,45,10,52,50,19,30,36,29,34,25,24,20,19,15,32,21,12,18,18,16,24,6,17,15,10,7,9,12,35,22,17,6,17,21,17,27,8,9,25,17,36,15,26,21,12,92,46,46,20,51,,,,,,,,,,,,,,,,,,,,,,,,,,,,,,19,6,48,10,36,21,6,28,54,61,55,20,44,36,,16,32,20,40,15,16,19,17,19,32,11,28,13,26,23,33,22,30,34,28,14,19,17,21,14,16,17,17,,16,18,8,12,11,,30,22,15,17,30,24,15,34,35,25,29,25,24,27,25,27,16,18,10,25,15,28,35,14,29,30,18,6,17,13,10,15,21,23,9,15,27,25,23,11,36,30,29,19,24,25,47,,11,33,12,6,18,17,21,12,13,8,6,13,28,,6,23,20,11,15,11,17,17,,14,16,18,11,27,16,12,10,10,33,11,21,31,16,8,8,10,12,,16,9,9,24,16,19,21,14,40,53,32,,22,,32,,23,21,23,16,18,21,6,9,30,25,10,55,33,12,23,54,53,37,28,18,43,60,52,38,,,,27,,
20260622,0,PM10_24h,21,27,40,36,40,23,43,21,16,32,36,49,36,35,28,14,17,10,16,24,27,35,18,35,45,33,34,38,34,24,37,35,42,26,26,39,28,26,24,32,22,26,19,18,21,34,28,15,32,35,27,24,25,22,17,14,17,16,20,17,18,19,25,21,27,13,20,13,14,22,30,17,44,38,24,21,31,32,13,24,13,18,38,46,34,40,30,39,49,25,28,36,26,39,17,21,26,20,25,21,21,16,25,17,28,28,23,23,12,34,31,26,48,41,12,18,18,17,24,18,13,18,17,22,30,18,27,26,37,28,41,28,20,18,15,8,5,25,27,25,21,14,12,24,16,15,14,16,18,13,28,17,27,19,28,54,47,45,25,44,,,,,,,,,,,,,,,,,,,,,,,,,,,,,,26,25,29,26,42,28,24,28,47,52,26,21,36,28,,11,31,15,22,14,21,12,15,17,22,9,12,13,17,24,19,21,19,23,23,12,15,32,26,41,29,15,13,23,36,39,9,18,15,16,36,21,20,17,35,16,22,29,30,21,28,30,22,21,29,37,26,34,32,39,34,49,30,21,31,27,27,16,20,12,22,20,21,20,15,15,24,16,22,8,32,31,29,27,22,29,25,20,24,35,19,10,14,13,18,30,27,13,13,14,21,,6,14,16,12,12,27,15,9,,7,13,17,10,23,18,10,6,13,30,12,21,18,14,11,9,9,16,,13,8,17,35,29,28,26,18,44,40,31,,21,,25,,13,23,17,18,14,16,10,18,36,33,13,50,23,26,27,57,46,51,20,29,41,30,29,40,,,,20,,
20260622,0,SO2,3,8,3,4,11,3,5,3,3,2,9,8,8,7,11,8,7,5,6,6,5,6,4,5,7,6,5,7,3,8,7,7,6,6,5,5,6,5,5,5,6,3,4,5,7,5,2,6,6,6,3,4,4,6,5,6,5,7,7,3,5,7,5,4,8,4,7,5,5,5,8,6,8,5,6,6,11,9,8,4,6,8,3,11,11,12,8,11,11,5,6,5,7,8,3,10,12,7,7,4,8,6,6,5,6,12,4,5,4,4,10,9,5,14,10,12,10,7,10,7,3,6,5,5,9,3,8,2,7,6,4,7,6,6,3,7,8,4,2,5,2,8,9,11,3,9,4,6,3,3,4,5,3,6,6,11,6,8,6,4,,,,,,,,,,,,,,,,,,,,,,,,,,,,,,5,3,4,3,5,8,4,9,9,18,10,4,11,7,,6,11,12,9,8,6,4,7,11,10,1,5,7,13,5,7,6,4,8,6,10,6,5,7,5,8,4,4,8,5,5,5,4,4,6,4,6,3,5,6,4,10,9,24,2,7,5,4,7,5,5,5,3,5,6,4,4,5,8,7,5,7,4,5,7,3,5,5,3,4,5,7,5,7,3,8,5,3,4,8,17,9,5,21,6,6,8,9,4,7,6,5,7,7,4,3,,6,7,4,5,3,6,4,3,,5,5,10,8,5,6,2,3,3,7,4,6,5,9,7,5,7,3,,4,4,4,12,5,7,31,9,9,6,9,,4,,8,,3,7,16,10,10,16,6,19,6,8,7,7,6,8,4,4,5,2,4,5,4,7,6,5,,,,5,,
20260622,0,SO2_24h,3,7,2,5,8,3,3,3,5,2,8,8,4,10,9,5,7,5,5,6,5,6,4,7,10,6,5,7,5,10,8,9,8,6,6,6,6,5,5,6,6,2,4,5,8,5,3,6,7,7,4,4,5,6,5,6,6,6,7,3,4,7,3,4,8,4,10,5,6,5,10,7,7,6,6,7,10,8,7,6,7,11,5,12,14,10,9,12,10,5,6,6,7,11,4,8,10,6,7,4,9,6,5,5,5,11,3,7,5,4,10,10,8,16,10,8,9,8,7,5,3,6,5,6,7,4,8,3,7,6,5,9,7,7,3,7,8,6,3,5,2,8,9,13,3,9,4,6,3,3,5,6,3,6,6,14,6,11,6,4,,,,,,,,,,,,,,,,,,,,,,,,,,,,,,6,4,4,4,6,8,4,7,9,22,7,4,11,6,,6,10,7,8,9,7,4,7,10,10,1,5,7,10,5,7,6,4,8,6,10,6,6,7,5,9,4,4,8,5,5,5,4,4,6,4,8,4,5,6,4,9,5,15,2,7,3,6,6,6,7,4,3,6,6,4,4,5,8,7,7,7,4,6,8,5,5,6,5,5,5,5,5,6,3,7,5,3,7,4,12,11,5,12,6,7,9,9,3,7,7,9,6,7,4,3,,6,8,4,5,3,9,4,3,,4,6,8,8,5,6,2,3,4,8,5,6,5,8,7,5,7,4,,4,4,4,12,5,7,11,11,9,7,9,,4,,8,,3,8,8,10,10,15,6,20,7,7,7,6,6,8,5,3,6,3,4,6,4,7,7,7,,,,4,,
20260622,0,NO2,23,38,17,27,34,7,24,14,17,25,43,25,8,18,24,41,13,32,28,18,9,14,7,8,13,2,14,13,10,2,7,3,9,17,9,9,20,13,12,6,8,29,17,10,12,12,18,10,39,34,10,10,4,14,13,3,11,4,10,7,10,9,17,6,11,10,6,8,13,7,14,20,14,10,15,8,17,13,17,7,15,35,16,17,60,17,31,29,19,22,17,7,29,18,18,21,15,9,12,4,15,5,11,2,17,17,8,3,5,12,16,6,21,42,13,26,38,26,35,19,16,10,8,5,10,23,7,5,11,9,9,6,7,4,6,2,8,6,4,13,8,6,11,12,10,7,12,5,7,7,8,8,26,7,5,21,20,24,3,35,,,,,,,,,,,,,,,,,,,,,,,,,,,,,,5,4,19,5,12,10,3,16,35,17,20,19,16,11,,7,5,27,27,33,16,26,51,12,11,6,29,11,8,7,10,6,11,17,6,14,3,6,6,6,8,8,7,2,7,1,4,6,9,7,11,20,18,9,14,6,14,17,18,7,9,13,12,11,9,14,10,4,8,3,8,6,5,5,8,8,6,3,5,6,5,4,17,10,4,4,7,7,7,10,26,4,10,6,11,13,13,3,7,11,5,5,8,14,36,5,14,4,6,5,4,,10,9,7,2,6,4,5,2,,3,6,14,5,4,7,4,3,7,4,8,8,15,7,14,1,3,6,,1,5,5,10,5,20,11,14,12,37,20,,9,,14,,15,4,10,2,19,1,12,1,13,17,9,17,24,8,6,13,7,8,8,11,2,5,7,7,,,,8,,
20260622,0,NO2_24h,19,27,11,19,20,11,20,9,11,21,26,27,11,17,17,13,13,12,22,17,16,20,10,14,17,13,19,20,22,9,13,8,16,15,20,15,15,14,13,11,18,13,12,8,15,10,12,8,21,19,12,13,6,12,8,2,9,4,7,7,8,7,10,6,11,9,6,7,9,9,15,13,16,13,10,7,22,16,11,11,12,16,17,18,28,21,24,24,20,17,14,13,13,16,13,16,11,7,9,4,9,3,9,2,13,11,6,5,5,14,14,12,22,25,11,15,15,11,14,11,8,8,7,9,10,18,13,7,15,8,17,12,10,7,9,3,7,7,6,8,8,7,9,12,10,7,8,8,6,7,11,12,12,7,12,15,15,21,6,19,,,,,,,,,,,,,,,,,,,,,,,,,,,,,,7,7,9,13,15,13,9,12,20,22,12,8,10,12,,5,5,13,11,14,13,14,16,13,12,6,10,10,6,9,5,7,8,9,4,17,4,13,10,12,15,14,5,7,14,9,8,9,9,5,12,10,10,5,14,5,8,12,7,5,11,7,5,6,9,11,11,10,14,8,10,12,6,7,15,15,9,6,12,5,8,5,6,4,6,5,6,12,6,6,18,6,7,10,8,10,10,8,7,11,10,9,8,9,19,10,23,8,10,5,4,,11,8,7,3,5,9,4,5,,4,6,10,6,5,7,4,3,6,5,8,6,11,7,10,7,4,7,,1,6,8,26,8,10,16,10,13,13,18,,9,,13,,7,10,4,2,7,1,9,1,14,17,9,12,11,11,6,13,7,11,6,10,3,7,6,6,,,,4,,
20260622,0,O3,84,56,63,30,65,93,85,86,44,82,64,69,79,76,93,43,87,39,38,48,84,66,54,109,102,101,80,92,94,93,95,88,103,43,76,69,33,75,63,68,63,32,32,52,88,60,37,38,42,69,75,52,51,32,26,40,32,40,32,41,35,39,30,31,37,55,41,47,108,63,89,53,69,105,28,38,108,109,69,76,76,51,43,101,43,68,56,51,87,62,68,102,57,80,66,61,53,38,34,36,15,43,47,42,34,29,34,53,47,79,86,76,37,17,87,45,25,29,53,35,45,22,58,97,78,42,82,88,85,73,94,91,44,94,70,90,45,43,80,32,55,52,54,54,44,55,41,48,28,47,66,65,24,71,91,91,117,74,116,78,,,,,,,,,,,,,,,,,,,,,,,,,,,,,,97,98,36,110,101,86,105,84,58,102,76,17,93,124,,79,118,65,52,36,81,59,11,28,30,70,39,43,35,75,46,57,39,38,45,59,78,112,97,111,42,51,5,113,97,103,100,96,34,47,50,12,14,22,70,14,25,33,16,51,44,22,26,31,71,56,56,93,96,100,95,108,61,103,84,61,92,74,46,33,82,40,16,27,83,66,40,13,24,6,31,64,57,66,49,43,34,25,52,24,90,64,43,46,29,48,26,43,59,57,28,,38,31,51,48,29,43,29,57,,33,46,38,68,34,31,49,36,33,40,52,36,20,78,48,107,116,131,,160,44,84,88,53,44,89,41,93,71,45,,69,,47,,78,77,82,113,63,90,107,135,72,73,62,97,79,114,119,77,87,83,89,114,82,144,114,99,,,,68,,
20260622,0,O3_24h,84,56,63,30,65,93,85,86,44,82,64,69,79,76,93,43,87,39,38,48,84,66,54,109,102,101,80,92,94,93,95,88,103,43,76,69,33,75,63,68,63,32,32,52,88,60,37,38,42,69,75,52,51,32,26,40,32,40,32,41,35,39,30,31,37,55,41,47,108,63,89,53,69,105,28,38,108,109,69,76,76,51,43,101,43,68,56,51,87,62,68,102,57,80,66,61,53,38,34,36,15,43,47,42,34,29,34,53,47,79,86,76,37,17,87,45,25,29,53,35,45,22,58,97,78,42,82,88,85,73,94,91,44,94,70,90,45,43,80,32,55,52,54,54,44,55,41,48,28,47,66,65,24,71,91,91,117,74,116,78,,,,,,,,,,,,,,,,,,,,,,,,,,,,,,97,98,36,110,101,86,105,84,58,102,76,17,93,124,,79,118,65,52,36,81,59,11,28,30,70,39,43,35,75,46,57,39,38,45,59,78,112,97,111,42,51,5,113,97,103,100,96,34,47,50,12,14,22,70,14,25,33,16,51,44,22,26,31,71,56,56,93,96,100,95,108,61,103,84,61,92,74,46,33,82,40,16,27,83,66,40,13,24,6,31,64,57,66,49,43,34,25,52,24,90,64,43,46,29,48,26,43,59,57,28,,38,31,51,48,29,43,29,57,,33,46,38,68,34,31,49,36,33,40,52,36,20,78,48,107,116,131,,160,44,84,88,53,44,89,41,93,71,45,,69,,47,,78,77,82,113,63,90,107,135,72,73,62,97,79,114,119,77,87,83,89,114,82,144,114,99,,,,68,,
20260622,0,O3_8h,131,119,122,112,102,108,137,116,93,137,102,121,104,121,128,98,96,86,72,100,130,118,103,144,148,145,138,152,157,120,138,141,147,95,112,111,97,115,129,107,90,82,75,84,116,123,108,92,94,129,106,92,78,89,58,51,74,67,59,77,80,66,70,79,66,75,52,66,113,75,113,107,132,140,70,71,130,133,100,96,110,104,132,128,126,88,129,112,129,102,103,113,99,141,107,113,94,61,93,65,57,61,98,55,102,73,54,66,64,100,127,94,70,93,97,93,105,103,109,83,110,50,100,108,121,68,100,117,102,103,100,92,76,94,60,77,84,49,87,77,60,61,81,66,63,68,64,46,70,68,71,71,84,75,80,143,151,147,124,127,,,,,,,,,,,,,,,,,,,,,,,,,,,,,,122,113,93,112,121,127,79,130,120,147,99,67,138,137,,87,134,103,103,91,101,94,111,97,92,85,85,62,71,90,88,83,83,69,67,79,101,137,125,154,72,96,60,143,139,156,104,133,80,70,132,72,80,55,127,67,62,72,67,69,68,64,62,92,111,105,107,98,117,119,117,133,91,107,111,91,96,108,91,59,102,86,71,51,61,62,62,45,44,40,63,73,83,76,79,75,65,62,78,77,75,56,59,74,77,56,48,71,70,74,79,,65,73,65,51,55,66,48,52,,36,69,61,65,55,54,55,44,51,40,64,51,54,85,101,118,120,124,,177,71,75,136,47,66,101,82,139,149,76,,89,,68,,115,118,134,138,128,100,127,144,123,104,87,137,122,139,133,95,97,100,98,132,105,129,132,130,,,,69,,
20260622,0,O3_8h_24h,117,89,98,79,88,92,116,107,75,110,88,98,96,98,115,72,88,57,57,69,102,92,66,122,114,111,104,118,126,98,105,109,121,72,73,80,74,92,89,67,76,56,48,70,95,96,71,66,70,95,91,66,55,56,41,45,51,50,43,54,58,52,43,50,49,65,46,60,111,64,104,95,104,128,50,52,123,123,87,85,96,89,73,113,88,80,95,83,102,80,84,94,80,111,87,86,79,49,56,46,36,53,83,49,70,53,44,61,57,82,114,78,55,53,94,72,71,65,91,62,70,35,73,89,102,61,93,89,96,95,97,92,69,92,60,77,50,47,81,55,50,56,62,68,46,59,56,46,55,63,71,67,61,73,80,129,139,120,121,112,,,,,,,,,,,,,,,,,,,,,,,,,,,,,,88,100,77,111,115,100,79,110,103,134,83,49,110,134,,87,131,95,73,65,91,64,62,65,62,70,61,53,48,76,64,72,62,52,53,74,79,120,104,115,54,78,34,121,110,116,99,107,53,55,76,35,41,41,96,39,43,46,42,57,40,36,43,55,81,79,51,97,98,102,100,103,75,107,95,73,95,79,64,37,90,61,39,44,61,62,53,28,34,16,37,63,68,68,68,56,51,51,65,40,75,56,51,60,54,45,31,51,61,61,61,,42,51,62,50,35,52,40,50,,34,56,44,65,48,41,55,40,43,39,62,45,43,82,83,112,118,123,,173,55,75,120,47,56,100,65,117,131,64,,74,,55,,104,106,116,125,106,100,116,139,97,91,76,123,107,131,125,92,95,96,91,129,100,129,125,122,,,,69,,
20260622,0,CO,0.33,0.60,0.50,0.66,0.75,0.33,0.40,0.25,0.35,0.43,0.43,0.38,0.65,0.52,0.44,0.45,0.46,0.35,0.58,0.35,0.79,0.67,0.47,0.41,0.48,0.56,0.74,0.71,0.58,0.50,0.74,0.50,0.52,0.79,0.49,0.43,0.71,0.68,0.55,0.47,0.65,0.93,0.40,0.40,0.81,0.40,0.45,0.65,0.35,0.56,0.42,0.87,0.42,0.48,0.49,0.50,0.43,0.35,0.40,0.43,0.50,0.40,0.59,0.35,0.52,0.48,0.47,0.46,0.27,0.76,0.73,0.30,0.42,0.22,0.47,0.52,0.39,0.56,0.45,0.60,0.27,0.45,0.57,0.67,0.64,0.30,0.38,0.33,0.60,0.37,0.30,0.25,0.40,0.62,0.30,0.48,0.63,0.52,0.40,0.57,0.60,0.45,0.70,0.37,0.40,0.50,0.47,0.55,0.23,0.10,0.46,0.70,1.10,0.72,0.36,1.40,0.53,0.90,0.58,0.40,0.46,0.40,0.37,0.50,0.77,0.78,0.37,0.30,0.48,0.37,0.42,0.38,0.40,0.40,0.65,0.82,0.70,0.40,0.50,0.64,0.35,0.53,0.55,0.72,0.43,0.33,0.57,0.25,0.52,0.43,0.57,0.65,0.45,0.72,0.55,0.40,0.40,0.38,0.32,0.25,,,,,,,,,,,,,,,,,,,,,,,,,,,,,,0.50,0.30,0.55,0.37,0.20,0.45,0.72,0.50,0.70,0.53,0.43,0.30,0.60,0.45,,0.20,0.45,0.38,0.77,0.30,0.50,0.20,0.40,0.55,0.35,0.20,0.15,0.27,0.27,0.15,0.15,0.40,0.25,0.33,0.30,0.25,0.20,0.35,0.30,0.40,0.53,0.60,0.55,0.45,0.40,0.17,0.38,0.23,0.68,0.33,0.37,1.00,0.30,0.30,0.70,0.57,0.60,0.45,1.00,0.32,0.15,0.68,0.63,0.50,0.40,0.40,0.30,0.40,0.26,0.40,0.40,0.25,0.53,0.63,0.68,0.77,0.65,0.60,0.60,0.60,0.60,0.55,1.00,0.50,0.80,0.55,0.67,0.50,0.35,0.35,0.20,0.60,0.60,0.50,0.37,0.55,0.43,0.80,0.20,0.50,0.50,0.45,0.47,0.60,0.50,0.42,0.28,0.45,0.55,0.35,0.30,,0.20,0.50,0.33,0.45,0.35,0.45,0.30,0.45,,0.55,0.40,0.50,0.55,0.70,0.50,0.50,0.10,0.20,0.55,0.40,0.45,0.65,0.50,0.40,0.20,0.40,0.30,,0.30,0.50,0.40,0.30,0.40,0.85,0.50,0.35,0.20,0.45,0.50,,0.45,,0.45,,0.25,0.40,0.50,0.10,0.50,0.30,0.20,0.30,0.27,0.35,0.30,0.50,0.30,0.15,0.35,0.70,0.15,0.35,0.30,0.45,0.40,0.20,0.30,0.20,,,,0.55,,
20260622,0,CO_24h,0.26,0.46,0.30,0.50,0.40,0.33,0.32,0.23,0.25,0.28,0.42,0.35,0.40,0.50,0.38,0.44,0.44,0.30,0.42,0.51,0.55,0.78,0.58,0.54,0.56,0.72,0.80,0.80,0.68,0.65,0.88,0.58,0.65,0.78,0.59,0.43,0.68,0.67,0.68,0.50,0.75,0.60,0.40,0.45,0.72,0.42,0.38,0.70,0.32,0.54,0.50,0.74,0.52,0.43,0.47,0.57,0.40,0.30,0.43,0.43,0.50,0.40,0.53,0.35,0.53,0.47,0.50,0.46,0.30,0.64,0.70,0.35,0.34,0.28,0.42,0.57,0.43,0.46,0.44,0.57,0.27,0.33,0.57,0.53,0.50,0.40,0.46,0.43,0.48,0.42,0.40,0.35,0.32,0.78,0.30,0.45,0.60,0.55,0.43,0.60,0.55,0.45,0.70,0.40,0.40,0.40,0.37,0.55,0.33,0.30,0.37,0.72,1.07,0.56,0.36,0.86,0.50,0.62,0.46,0.38,0.38,0.33,0.35,0.58,0.70,0.62,0.51,0.38,0.53,0.47,0.63,0.45,0.43,0.47,0.63,0.82,0.65,0.47,0.50,0.69,0.35,0.45,0.52,0.63,0.47,0.37,0.57,0.25,0.55,0.45,0.47,0.55,0.40,0.54,0.65,0.30,0.37,0.42,0.32,0.25,,,,,,,,,,,,,,,,,,,,,,,,,,,,,,0.55,0.50,0.50,0.50,0.20,0.35,0.95,0.37,0.33,0.63,0.30,0.30,0.50,0.40,,0.15,0.35,0.38,0.63,0.35,0.53,0.17,0.40,0.55,0.45,0.30,0.20,0.30,0.20,0.15,0.17,0.50,0.20,0.30,0.30,0.30,0.20,0.48,0.42,0.40,0.73,0.60,0.45,0.50,0.54,0.33,0.45,0.33,0.73,0.30,0.40,0.77,0.35,0.30,0.90,0.57,0.50,0.52,0.60,0.28,0.20,0.65,0.57,0.50,0.58,0.42,0.45,0.55,0.44,0.55,0.47,0.30,0.45,0.70,0.74,0.90,0.80,0.70,0.63,0.70,0.60,0.55,0.77,0.55,0.90,0.55,0.63,0.50,0.40,0.30,0.20,0.57,0.55,0.57,0.37,0.50,0.37,0.90,0.25,0.50,0.60,0.45,0.47,0.58,0.60,0.53,0.38,0.50,0.55,0.35,0.40,,0.25,0.55,0.33,0.43,0.40,0.50,0.35,0.50,,0.55,0.40,0.40,0.55,0.65,0.50,0.50,0.10,0.20,0.50,0.40,0.45,0.55,0.45,0.45,0.25,0.40,0.30,,0.30,0.40,0.43,0.30,0.50,0.80,0.40,0.35,0.20,0.40,0.50,,0.40,,0.45,,0.20,0.50,0.40,0.20,0.40,0.30,0.20,0.30,0.30,0.35,0.35,0.50,0.20,0.15,0.35,0.70,0.15,0.40,0.30,0.45,0.40,0.20,0.30,0.20,,,,0.40,,
20260622,1,AQI,54,59,37,50,54,28,55,27,23,61,50,40,27,39,37,27,28,17,25,16,29,31,19,33,33,28,21,25,29,28,28,30,31,53,25,41,44,56,33,34,23,52,24,20,29,27,30,20,37,49,30,24,14,19,15,13,16,13,18,14,16,17,34,19,18,14,20,16,33,21,28,20,51,32,17,16,32,35,18,40,24,29,28,54,49,29,30,39,39,32,21,24,22,47,21,19,29,20,26,15,21,16,17,14,26,24,21,24,13,21,45,22,57,54,29,27,26,27,39,20,20,17,18,28,36,39,24,26,26,21,28,29,14,12,23,27,18,15,32,17,20,15,20,18,22,19,11,14,17,14,24,21,30,33,27,58,43,45,36,50,,,,,,,,,,,,,,,,,,,,,,,,,,,,,,31,32,42,35,32,27,34,33,58,55,41,23,53,40,,21,37,27,30,15,24,19,24,17,27,22,37,14,28,26,26,21,30,29,27,14,23,34,31,30,17,27,21,31,32,30,29,27,10,30,36,22,18,20,31,19,27,33,31,23,28,27,24,29,24,27,15,28,30,31,29,33,29,31,33,26,32,25,17,11,25,14,25,25,28,22,16,26,20,10,33,30,31,27,25,28,41,13,17,29,28,19,19,14,22,17,12,13,18,20,25,,16,29,18,17,17,17,11,18,,17,19,17,21,23,21,16,11,12,32,16,23,30,25,12,33,36,43,,48,14,26,25,17,20,27,14,31,56,31,,22,,30,,23,22,27,31,26,26,33,38,33,24,18,33,33,34,38,52,41,38,28,30,36,41,41,43,,,,28,,
20260622,1,PM2.5,18,27,17,23,16,9,34,6,5,30,35,11,13,24,13,10,8,8,9,8,20,22,6,13,23,7,11,11,4,7,11,21,21,37,17,29,31,40,23,24,16,30,17,13,14,16,19,13,14,34,21,14,10,9,4,4,10,5,7,6,7,6,15,11,8,8,7,6,6,10,15,14,18,6,10,7,16,22,8,28,6,18,13,38,27,19,18,15,27,12,4,10,6,33,15,9,15,12,10,6,15,5,10,4,10,17,11,11,3,8,17,8,35,17,10,13,7,9,15,10,5,8,10,16,25,27,12,10,18,13,12,6,9,8,3,8,3,3,11,11,9,3,14,4,8,7,3,3,11,5,16,12,16,23,3,28,16,16,4,16,,,,,,,,,,,,,,,,,,,,,,,,,,,,,,10,3,25,4,13,19,3,23,25,7,17,11,16,11,,3,9,7,9,3,8,3,6,3,3,5,14,10,15,14,18,15,21,13,12,7,8,10,15,10,8,19,13,13,11,8,13,10,4,21,17,12,11,12,22,13,10,13,20,11,9,10,6,14,15,14,10,18,10,12,10,12,11,18,23,6,15,3,12,3,4,10,12,17,3,13,5,10,14,5,15,12,11,15,16,13,15,3,8,12,3,3,3,5,14,3,3,3,3,3,6,,3,20,12,12,3,5,7,12,,12,13,9,5,12,10,6,3,7,10,5,16,17,7,3,3,8,3,,6,5,8,14,3,10,16,5,17,25,15,,3,,8,,11,10,16,10,7,3,3,6,14,16,3,12,14,3,5,32,24,16,5,8,17,3,9,12,,,,16,,
20260622,1,PM2.5_24h,6,10,15,14,10,18,17,9,6,13,19,16,17,14,11,4,10,7,7,19,21,28,13,25,29,19,24,27,30,20,30,26,42,23,19,23,24,24,25,20,17,14,13,8,15,21,16,15,7,27,23,15,13,11,7,7,11,9,8,8,9,10,12,12,16,9,6,6,6,16,19,16,13,13,12,13,15,10,5,18,5,9,23,27,11,12,10,12,23,16,4,17,9,25,14,5,14,11,13,9,14,7,16,8,13,16,12,9,5,27,10,17,22,14,6,10,7,7,8,7,6,9,9,18,23,16,20,19,29,15,26,15,14,13,5,4,7,9,12,13,9,5,9,8,6,5,8,7,12,6,20,12,14,14,18,22,20,17,6,12,,,,,,,,,,,,,,,,,,,,,,,,,,,,,,16,22,18,10,9,15,13,12,12,13,9,12,12,9,,4,9,2,7,4,8,7,3,6,5,7,8,9,15,14,14,14,17,11,14,5,10,22,21,26,15,12,7,26,22,28,15,17,9,14,24,13,11,10,21,10,14,13,16,10,9,14,8,9,25,19,15,26,25,25,20,22,9,13,23,11,22,9,15,7,13,13,10,19,10,11,15,8,16,3,13,13,12,16,15,15,13,7,12,13,5,3,8,8,8,29,7,8,6,7,8,,3,11,11,11,3,18,8,9,,5,14,12,5,10,15,5,6,7,9,6,12,13,5,4,3,2,9,,4,4,12,13,11,19,18,8,19,19,10,,10,,10,,8,17,11,10,7,6,3,7,12,14,8,20,12,9,5,44,19,22,6,12,11,4,8,12,,,,10,,
20260622,1,PM10,58,67,37,50,57,17,60,24,23,72,49,40,27,39,37,27,20,17,25,9,21,26,11,15,32,12,13,16,8,10,17,26,26,50,23,40,38,49,21,32,21,53,23,20,18,27,30,20,37,,24,24,14,19,15,11,16,9,18,14,16,17,34,19,18,13,20,16,10,18,28,18,52,24,17,16,28,35,17,32,7,27,28,34,49,29,30,39,35,32,21,24,22,38,18,16,29,20,26,15,20,16,17,14,26,,21,24,8,9,45,18,63,58,17,27,26,27,39,20,20,17,18,23,32,23,14,14,22,20,24,10,14,12,10,10,7,15,32,17,20,7,20,14,22,19,9,10,17,14,24,,30,32,27,66,43,45,21,50,,,,,,,,,,,,,,,,,,,,,,,,,,,,,,16,8,42,15,32,23,7,33,65,59,41,23,55,31,,18,26,27,30,15,24,14,17,17,27,14,37,13,28,26,26,20,28,29,27,14,13,14,19,17,17,19,21,18,12,17,,17,8,20,36,22,18,20,28,19,27,33,31,23,28,27,24,29,24,27,15,19,12,25,17,21,29,19,32,26,25,6,14,6,7,14,25,25,11,16,11,26,17,10,33,30,31,27,25,28,41,13,17,29,15,6,19,14,22,10,12,7,6,8,25,,6,26,18,11,17,10,11,16,,17,14,17,11,23,21,16,9,11,32,8,22,30,12,12,6,28,,,19,7,,25,13,20,21,14,31,61,31,,18,,30,,21,17,22,11,26,15,,11,33,24,16,24,29,15,38,53,41,38,22,10,36,36,41,43,,,,28,,
20260622,1,PM10_24h,23,29,40,36,39,22,43,22,16,35,37,49,35,35,29,14,17,11,17,23,27,34,17,34,44,32,33,37,33,23,36,35,41,27,25,39,28,27,24,32,21,27,19,19,21,34,29,15,32,35,27,24,25,22,16,14,17,16,20,17,18,19,25,21,27,13,20,13,13,22,30,16,44,38,25,21,31,32,13,24,13,18,38,45,35,40,30,40,48,25,27,35,25,38,17,20,26,20,24,21,21,16,24,17,28,28,23,23,12,33,32,25,48,41,13,17,18,18,25,18,14,18,17,22,29,18,26,25,35,27,40,27,20,18,15,8,5,25,27,25,21,13,12,22,16,15,14,16,18,13,28,16,27,19,28,54,47,44,24,43,,,,,,,,,,,,,,,,,,,,,,,,,,,,,,26,24,30,25,42,28,23,28,48,53,27,21,37,28,,12,32,16,23,15,22,12,15,16,22,9,13,13,18,24,20,21,19,24,24,12,15,31,25,41,28,15,13,23,35,38,9,18,14,17,36,21,20,17,34,16,23,30,30,21,28,30,23,22,28,36,24,32,31,38,33,48,30,21,31,27,27,16,20,11,22,20,21,21,15,15,24,17,22,8,31,31,29,27,22,29,25,20,24,35,19,9,14,13,19,29,26,13,12,13,21,,6,15,16,11,11,26,15,9,,7,13,17,10,23,18,10,6,13,29,12,21,19,14,10,9,10,15,,13,8,16,34,28,29,26,18,44,40,31,,20,,25,,13,23,17,17,15,16,10,18,35,32,13,49,23,25,28,57,45,50,20,28,41,31,29,40,,,,20,,
20260622,1,SO2,3,8,3,4,12,3,5,2,3,2,8,6,8,8,10,10,7,5,6,6,5,6,4,6,7,5,4,6,4,8,7,7,6,6,5,5,6,6,5,5,6,2,4,5,8,5,2,7,6,6,3,4,4,6,5,6,5,6,7,2,5,8,4,4,8,4,7,5,6,5,8,7,8,5,6,6,12,9,7,4,6,8,3,9,11,11,9,12,8,6,6,5,7,8,3,8,19,6,8,4,8,6,7,5,5,20,4,13,6,4,10,9,5,11,11,20,9,7,8,6,3,6,5,5,6,3,8,2,7,6,4,7,6,6,3,7,7,4,3,5,2,8,10,8,3,8,4,6,3,2,5,5,3,6,6,10,6,9,6,4,,,,,,,,,,,,,,,,,,,,,,,,,,,,,,5,2,5,4,5,8,4,13,8,18,11,4,14,6,,6,10,12,10,8,6,4,7,11,10,1,4,7,9,6,7,6,4,8,6,10,6,5,6,4,8,4,4,7,5,5,5,4,4,6,4,6,3,5,5,4,9,8,24,3,7,4,5,7,5,6,5,2,5,5,4,4,4,9,7,5,6,4,5,7,3,5,6,4,4,5,4,6,7,3,7,5,3,4,11,16,10,5,33,6,6,8,9,3,6,6,5,6,7,4,3,,6,8,4,5,3,6,4,3,,5,5,10,8,5,6,2,4,3,7,5,6,5,8,7,5,7,4,,4,4,4,17,5,7,23,11,9,6,9,,4,,8,,3,7,14,10,11,13,6,19,6,8,6,6,6,7,5,3,5,3,4,5,4,7,6,6,,,,6,,
20260622,1,SO2_24h,3,7,2,5,8,3,3,3,5,3,8,8,4,10,10,5,7,5,5,6,5,6,4,7,9,6,5,7,5,10,8,9,8,6,6,6,6,5,5,6,6,2,4,5,8,5,3,6,7,7,4,4,5,6,5,6,6,6,7,3,4,7,3,4,8,4,10,5,6,5,10,7,7,6,6,7,11,8,7,6,7,11,5,12,14,10,9,12,10,5,6,6,7,11,4,8,10,6,7,4,9,6,5,5,5,11,3,7,5,4,10,10,8,16,10,9,9,8,7,5,3,6,5,6,7,4,8,3,7,6,5,9,7,7,3,7,8,6,3,5,2,8,9,12,3,9,4,6,3,3,5,6,3,6,6,14,6,10,6,4,,,,,,,,,,,,,,,,,,,,,,,,,,,,,,6,4,4,4,6,8,4,8,9,22,7,4,11,6,,6,10,8,8,9,7,4,7,10,10,1,5,7,10,5,7,6,4,8,6,10,7,6,7,5,9,4,4,8,5,5,5,4,4,6,4,8,4,5,6,4,9,6,16,3,7,3,6,6,6,7,4,3,6,6,4,4,5,8,7,7,7,4,6,8,5,5,6,5,5,5,5,5,6,3,7,5,3,7,4,12,10,5,13,6,7,9,9,3,7,7,8,6,7,4,3,,6,8,4,5,3,9,4,3,,4,6,8,8,5,6,2,3,4,8,5,6,5,8,7,5,7,4,,4,4,4,13,5,7,12,11,9,7,9,,4,,8,,3,8,8,10,10,15,6,20,7,7,7,6,6,8,5,3,6,3,4,6,4,7,6,7,,,,4,,
20260622,1,NO2,25,36,14,28,32,8,28,11,17,26,42,25,7,20,15,42,11,31,29,14,7,16,5,9,13,3,18,13,7,2,7,3,9,17,4,8,20,12,15,5,12,30,15,12,8,12,20,14,35,21,10,7,5,14,14,2,10,3,10,7,9,10,15,7,9,12,5,8,8,6,24,15,16,10,21,9,16,12,21,7,12,58,17,13,47,14,24,29,18,27,19,21,23,16,17,17,17,9,13,4,14,5,13,3,13,18,5,4,7,11,17,5,26,40,11,20,37,24,42,18,16,10,9,6,7,23,8,7,10,12,10,7,6,3,8,2,7,5,4,16,11,7,11,8,9,7,16,4,5,6,6,8,20,7,5,20,16,21,3,34,,,,,,,,,,,,,,,,,,,,,,,,,,,,,,5,4,20,5,14,13,3,17,38,18,16,24,15,10,,10,4,32,24,29,21,22,47,11,11,7,18,15,8,7,8,6,12,11,6,19,3,6,6,9,10,9,7,2,5,3,5,7,10,6,12,16,19,10,12,6,8,18,15,6,12,11,14,15,6,13,9,4,9,3,6,5,6,4,8,8,5,2,8,5,6,4,17,9,3,4,4,9,9,8,28,6,11,5,12,16,13,4,12,13,6,5,5,12,34,5,12,4,6,5,4,,5,15,7,2,7,3,8,2,,4,5,10,5,6,6,4,3,6,4,8,8,13,7,19,1,3,1,,1,5,5,9,4,18,11,14,16,35,16,,6,,8,,11,3,6,2,10,2,11,1,14,20,8,12,15,7,6,11,6,10,7,13,2,5,4,8,,,,8,,
20260622,1,NO2_24h,19,26,11,19,20,11,20,9,11,21,27,26,11,17,17,14,13,13,22,16,16,20,10,14,17,12,19,19,22,8,13,8,16,15,19,14,15,14,13,11,16,14,12,8,14,10,12,8,22,19,11,13,6,12,8,2,9,4,7,7,8,7,10,6,11,9,6,7,9,9,15,13,16,13,10,7,21,15,11,11,12,17,17,18,29,21,24,24,20,17,15,13,13,16,13,16,11,7,9,4,9,3,9,2,13,12,6,5,5,14,14,11,22,25,11,15,16,11,15,11,8,8,7,9,9,18,13,7,14,8,16,12,10,7,9,3,7,6,6,8,9,7,9,12,10,7,8,8,6,7,11,12,13,7,12,15,15,20,6,18,,,,,,,,,,,,,,,,,,,,,,,,,,,,,,7,7,10,12,15,13,9,12,20,21,12,8,11,12,,5,5,14,12,14,13,14,17,13,12,6,11,10,6,9,6,7,9,9,5,17,4,13,10,11,14,14,5,7,14,9,7,9,9,5,12,10,10,5,13,5,8,12,7,5,11,7,5,6,8,11,10,9,13,7,10,12,6,7,14,15,9,6,11,5,7,5,7,5,6,4,6,11,6,6,18,6,7,10,8,10,10,8,7,11,10,9,8,9,19,10,22,8,9,5,4,,11,9,7,3,5,9,4,5,,4,6,10,6,5,7,4,3,6,5,8,6,11,7,10,7,4,6,,1,6,8,23,8,10,16,10,13,14,18,,9,,13,,7,10,4,2,7,2,9,1,14,17,9,12,11,10,6,12,7,11,5,10,3,7,6,6,,,,4,,
20260622,1,O3,73,52,60,27,60,91,66,87,38,80,57,61,84,71,99,38,88,41,29,52,92,58,60,104,103,88,66,80,93,91,91,87,98,39,80,67,34,71,47,67,57,29,34,43,92,56,30,31,42,78,71,51,43,30,24,41,32,41,30,41,34,34,33,29,38,45,41,44,104,68,76,48,63,103,18,31,102,105,59,75,78,22,35,97,53,75,58,45,79,50,62,55,60,71,65,62,49,36,27,36,14,44,39,40,34,30,35,47,43,68,77,69,30,16,93,51,21,27,37,32,43,24,56,89,83,36,76,84,77,66,91,94,43,,75,85,56,41,80,27,54,47,60,56,43,51,35,46,50,43,77,67,27,73,86,72,116,70,114,77,,,,,,,,,,,,,,,,,,,,,,,,,,,,,,99,101,25,111,98,69,109,79,47,87,82,10,111,127,,66,119,49,44,38,64,61,11,21,27,70,48,30,36,74,46,53,34,39,43,46,75,110,100,97,35,45,3,98,101,95,94,87,31,53,41,15,10,19,58,12,29,32,17,54,41,19,20,26,78,50,49,89,95,98,94,106,55,98,90,54,101,81,55,34,80,37,13,23,89,69,51,10,20,6,27,62,57,64,42,39,27,26,42,17,90,62,53,45,25,53,29,42,59,63,23,,50,23,46,49,20,53,20,57,,32,41,50,68,29,35,46,35,37,38,50,30,18,79,34,104,115,138,,155,44,82,81,53,47,87,37,70,57,42,,71,,55,,74,69,86,98,66,83,105,123,60,57,57,105,104,110,113,75,87,71,91,97,84,132,100,87,,,,61,,
20260622,1,O3_24h,73,52,60,27,60,91,66,87,38,80,57,61,84,71,99,38,88,41,29,52,92,58,60,104,103,88,66,80,93,91,91,87,98,39,80,67,34,71,47,67,57,29,34,43,92,56,30,31,42,78,71,51,43,30,24,41,32,41,30,41,34,34,33,29,38,45,41,44,104,68,76,48,63,103,18,31,102,105,59,75,78,22,35,97,53,75,58,45,79,50,62,55,60,71,65,62,49,36,27,36,14,44,39,40,34,30,35,47,43,68,77,69,30,16,93,51,21,27,37,32,43,24,56,89,83,36,76,84,77,66,91,94,43,,75,85,56,41,80,27,54,47,60,56,43,51,35,46,50,43,77,67,27,73,86,72,116,70,114,77,,,,,,,,,,,,,,,,,,,,,,,,,,,,,,99,101,25,111,98,69,109,79,47,87,82,10,111,127,,66,119,49,44,38,64,61,11,21,27,70,48,30,36,74,46,53,34,39,43,46,75,110,100,97,35,45,3,98,101,95,94,87,31,53,41,15,10,19,58,12,29,32,17,54,41,19,20,26,78,50,49,89,95,98,94,106,55,98,90,54,101,81,55,34,80,37,13,23,89,69,51,10,20,6,27,62,57,64,42,39,27,26,42,17,90,62,53,45,25,53,29,42,59,63,23,,50,23,46,49,20,53,20,57,,32,41,50,68,29,35,46,35,37,38,50,30,18,79,34,104,115,138,,155,44,82,81,53,47,87,37,70,57,42,,71,,55,,74,69,86,98,66,83,105,123,60,57,57,105,104,110,113,75,87,71,91,97,84,132,100,87,,,,61,,
20260622,1,O3_8h,122,,,,,,,,,,,,,,,,,83,,,,,,,,,,,,,,,,,,,,,,,,,,,,,,,,,,,,,,,,,,,,,,,,,,,,,,,,,,,,,,,,,,,,,,,,,,,,,,,,,,,,,,,,,,,,,,,,,,,,,,,,,,,,,,,,,,,,,,,,,,,,,,,,,,,,,,,,,,,,,,,,,,,,,,,,,,,,,,,,,,,,,,,,,,,,,,,,,,,,,,,,,,,,,,,,,,,,,,,,,,,,,,,,,,,,,,,,135,,,,,,,,,,,,,,,,,,,,,,,,,,,,,,,,,,,,,,,,,,,,,,,,,,,,,,,,,,,,,,,,,,,,,,,51,,,,,,,,,,,,,,,,,,,,,,,,,,,,,,,,,,,,,,,,,,,,,,,,,,,,,,,,,,,,,,,,,,,,,,
20260622,1,O3_8h_24h,,,,,,,,,,,,,,,,,,,,,,,,,,,,,,,,,,,,,,,,,,,,,,,,,,,,,,,,,,,,,,,,,,,,,,,,,,,,,,,,,,,,,,,,,,,,,,,,,,,,,,,,,,,,,,,,,,,,,,,,,,,,,,,,,,,,,,,,,,,,,,,,,,,,,,,,,,,,,,,,,,,,,,,,,,,,,,,,,,,,,,,,,,,,,,,,,,,,,,,,,,,,,,,,,,,,,,,,,,,,,,,,,,,,,,,,,,,,,,,,,,,,,,,,,,,,,,,,,,,,,,,,,,,,,,,,,,,,,,,,,,,,,,,,,,,,,,,,,,,,,,,,,,,,,,,,,,,,,,,,,,,,,,,,,,,,,,,,,,,,,,,,,,,,,,,,,,,,,,,,,,,,,,,,,,,,,,,
20260622,1,CO,0.33,0.54,0.56,0.60,0.80,0.30,0.36,0.20,0.20,0.40,0.45,0.50,0.65,0.52,0.42,0.51,0.46,0.28,0.83,0.33,0.76,0.66,0.43,0.41,0.44,0.58,0.73,0.70,0.40,0.50,0.70,0.46,0.52,0.79,0.44,0.40,0.70,0.67,0.53,0.47,0.60,0.80,0.40,0.40,0.77,0.43,0.45,0.65,0.32,0.53,0.41,0.81,0.45,0.47,0.49,0.50,0.43,0.30,0.43,0.43,0.50,0.40,0.57,0.33,0.50,0.51,0.47,0.46,0.25,0.70,0.70,0.30,0.46,0.22,0.40,0.53,0.39,0.54,0.40,0.57,0.27,0.45,0.57,0.41,0.54,0.33,0.38,0.35,0.56,0.37,0.33,0.28,0.33,0.58,0.27,0.47,0.67,0.57,0.43,0.57,0.55,0.45,0.75,0.37,0.40,0.40,0.37,0.55,0.30,0.10,0.47,0.72,1.10,0.62,0.36,1.42,0.47,0.72,0.52,0.36,0.46,0.30,0.35,0.53,0.73,0.74,0.36,0.30,0.48,0.33,0.45,0.38,0.38,0.37,0.65,0.85,0.70,0.40,0.47,0.64,0.35,0.53,0.52,0.65,0.47,0.37,0.57,0.25,0.52,0.43,0.47,0.70,0.45,0.76,0.55,0.40,0.37,0.38,0.28,0.25,,,,,,,,,,,,,,,,,,,,,,,,,,,,,,0.53,0.30,0.55,0.37,0.20,0.40,0.72,0.67,0.70,0.60,0.40,0.30,0.75,0.42,,0.20,0.40,0.40,0.80,0.30,0.53,0.13,0.40,0.55,0.35,0.25,0.20,0.27,0.23,0.17,0.13,0.40,0.25,0.33,0.30,0.30,0.20,0.32,0.28,0.30,0.57,0.68,0.50,0.40,0.42,0.20,0.45,0.23,0.63,0.40,0.37,0.87,0.30,0.30,0.75,0.57,0.40,0.47,0.70,0.30,0.20,0.65,0.60,0.50,0.42,0.38,0.40,0.38,0.26,0.35,0.40,0.23,0.42,0.63,0.68,0.83,0.57,0.60,0.77,0.60,0.60,0.55,1.08,0.50,0.80,0.55,0.60,0.50,0.35,0.30,0.25,0.60,0.63,0.53,0.37,0.55,0.47,0.80,0.30,0.50,0.47,0.45,0.43,0.58,0.55,0.42,0.28,0.50,0.55,0.30,0.30,,0.15,0.55,0.27,0.40,0.40,0.45,0.40,0.45,,0.55,0.40,0.40,0.55,0.70,0.45,0.50,0.10,0.20,0.50,0.40,0.50,0.60,0.50,0.45,0.20,0.40,0.30,,0.30,0.45,0.40,0.30,0.40,0.85,1.00,0.35,0.30,0.40,0.50,,0.45,,0.45,,0.25,0.40,0.50,0.10,0.30,0.30,0.20,0.30,0.30,0.35,0.30,0.45,0.10,0.15,0.40,0.60,0.10,0.45,0.30,0.45,0.30,0.20,0.25,0.30,,,,0.50,,
20260622,1,CO_24h,0.26,0.46,0.32,0.51,0.40,0.33,0.32,0.23,0.25,0.30,0.42,0.38,0.42,0.50,0.38,0.44,0.44,0.30,0.47,0.49,0.56,0.78,0.58,0.54,0.56,0.72,0.80,0.83,0.64,0.65,0.88,0.58,0.65,0.78,0.59,0.43,0.69,0.67,0.68,0.50,0.75,0.60,0.40,0.45,0.73,0.42,0.38,0.68,0.32,0.54,0.50,0.74,0.52,0.44,0.47,0.57,0.40,0.30,0.43,0.43,0.50,0.40,0.54,0.35,0.53,0.47,0.47,0.46,0.30,0.65,0.70,0.35,0.38,0.27,0.40,0.57,0.44,0.48,0.44,0.57,0.27,0.33,0.57,0.53,0.50,0.40,0.46,0.43,0.48,0.40,0.40,0.35,0.32,0.78,0.30,0.45,0.60,0.55,0.43,0.60,0.55,0.45,0.70,0.40,0.40,0.40,0.37,0.55,0.33,0.30,0.39,0.72,1.07,0.58,0.36,0.86,0.50,0.58,0.46,0.38,0.38,0.37,0.37,0.58,0.70,0.62,0.50,0.38,0.53,0.47,0.63,0.45,0.43,0.47,0.63,0.82,0.65,0.47,0.50,0.67,0.35,0.45,0.52,0.63,0.47,0.37,0.57,0.25,0.55,0.45,0.47,0.55,0.40,0.54,0.65,0.30,0.37,0.42,0.32,0.25,,,,,,,,,,,,,,,,,,,,,,,,,,,,,,0.55,0.50,0.50,0.50,0.20,0.35,0.95,0.40,0.37,0.60,0.30,0.30,0.55,0.40,,0.15,0.35,0.38,0.63,0.35,0.53,0.17,0.40,0.55,0.45,0.30,0.20,0.30,0.20,0.15,0.17,0.50,0.20,0.30,0.30,0.30,0.20,0.48,0.42,0.40,0.70,0.63,0.45,0.50,0.54,0.33,0.45,0.33,0.73,0.30,0.40,0.77,0.35,0.30,0.90,0.57,0.50,0.52,0.60,0.28,0.20,0.65,0.60,0.50,0.54,0.40,0.40,0.53,0.44,0.55,0.47,0.30,0.45,0.70,0.74,0.90,0.80,0.70,0.63,0.70,0.60,0.55,0.78,0.55,0.90,0.55,0.63,0.50,0.40,0.30,0.20,0.57,0.55,0.57,0.37,0.50,0.37,0.90,0.25,0.50,0.60,0.45,0.47,0.60,0.60,0.53,0.38,0.50,0.55,0.35,0.40,,0.25,0.55,0.33,0.43,0.40,0.50,0.35,0.45,,0.55,0.40,0.40,0.55,0.65,0.50,0.50,0.10,0.20,0.50,0.40,0.45,0.55,0.50,0.45,0.25,0.40,0.30,,0.30,0.40,0.43,0.30,0.50,0.80,0.40,0.35,0.20,0.40,0.50,,0.40,,0.45,,0.20,0.50,0.40,0.20,0.40,0.30,0.20,0.30,0.30,0.35,0.35,0.50,0.20,0.15,0.35,0.70,0.15,0.40,0.30,0.45,0.40,0.20,0.30,0.30,,,,0.40,,
20260622,2,AQI,55,58,33,55,50,25,53,28,21,62,48,46,28,38,37,35,27,16,24,16,29,21,20,30,31,32,13,20,28,26,29,27,33,53,25,46,49,59,29,33,30,50,25,22,29,32,29,20,38,40,24,18,16,18,15,13,15,13,19,13,18,17,35,17,17,14,23,14,32,24,32,22,49,31,20,17,30,33,28,36,25,39,24,44,47,26,31,52,40,33,20,32,33,44,21,18,29,16,28,15,23,20,19,14,26,16,17,24,14,27,46,19,55,51,29,23,39,24,32,20,18,20,24,26,30,40,23,24,29,27,32,31,14,28,24,27,19,12,29,18,18,11,20,16,19,18,11,15,15,13,27,30,24,31,28,54,38,43,35,43,,,,,,,,,,,,,,,,,,,,,,,,,,,,,,32,27,42,33,33,23,35,27,56,52,35,28,55,35,,20,35,21,27,20,23,18,23,18,23,21,20,16,29,23,26,23,33,24,25,32,23,35,32,29,14,26,17,29,33,28,29,24,10,41,36,26,21,17,32,17,21,30,33,22,29,28,27,31,23,29,24,28,30,29,29,32,24,33,41,17,26,32,14,10,32,17,29,21,28,22,16,24,19,11,39,31,34,25,22,35,48,14,27,24,27,18,16,15,23,19,11,13,18,19,19,,18,29,16,15,16,19,13,18,,17,14,17,21,23,16,14,11,12,24,16,26,26,24,15,32,38,43,,50,17,26,24,19,16,27,18,48,54,33,,22,,26,,24,21,27,28,25,28,36,37,29,28,18,29,39,34,33,51,32,25,28,30,26,43,39,36,,,,27,,
20260622,2,PM2.5,19,27,19,25,22,8,35,11,8,39,32,19,15,25,15,14,10,7,11,9,15,15,3,11,19,7,8,6,4,5,9,12,23,37,15,32,34,42,20,23,21,27,17,15,12,17,19,14,15,28,17,12,11,8,4,5,9,4,8,6,7,6,15,10,6,10,7,5,6,8,16,13,14,9,9,8,13,17,13,25,5,23,11,31,26,18,20,21,28,10,4,16,12,31,15,8,15,9,11,6,16,3,10,4,11,11,11,12,3,11,18,9,39,14,9,11,9,7,16,10,5,7,13,18,18,28,11,12,20,19,13,11,9,7,3,14,3,3,9,10,9,4,14,3,7,3,3,3,3,4,10,5,17,22,3,22,16,13,7,10,,,,,,,,,,,,,,,,,,,,,,,,,,,,,,9,11,27,4,13,16,3,19,25,14,13,13,22,13,,3,8,5,9,3,12,3,3,3,3,10,13,10,20,12,18,14,23,17,15,10,10,7,11,12,8,18,12,7,12,16,18,14,3,29,20,13,12,11,22,12,8,13,23,11,10,12,14,13,14,14,13,14,10,11,8,9,6,20,27,4,13,3,10,3,4,12,12,14,3,13,4,13,13,3,16,12,14,13,13,16,19,3,12,9,3,3,3,3,13,3,3,3,3,3,6,,3,20,11,10,3,3,6,10,,12,10,10,3,7,9,8,3,5,8,5,11,15,5,3,3,3,9,,5,3,8,14,3,6,14,3,23,21,12,,5,,5,,9,7,19,9,8,3,3,8,15,17,9,7,9,3,3,28,20,8,3,9,14,3,6,6,,,,13,,
20260622,2,PM2.5_24h,7,10,15,15,10,17,17,9,6,14,19,16,17,15,11,4,9,7,7,18,20,27,13,23,29,19,23,26,29,20,29,26,41,24,18,23,24,26,25,21,17,15,13,9,15,21,16,15,7,27,22,15,13,11,7,7,11,9,8,7,9,10,12,12,16,9,6,6,6,16,19,15,13,13,11,13,15,10,5,19,5,9,22,27,12,13,11,12,22,15,4,16,8,25,14,6,14,11,13,9,14,7,16,8,13,15,12,9,5,27,10,16,23,14,7,9,7,7,9,7,6,9,9,18,23,17,19,19,28,15,25,15,13,12,5,5,6,9,12,13,9,5,9,7,6,4,6,7,11,6,20,12,14,15,17,22,20,16,6,12,,,,,,,,,,,,,,,,,,,,,,,,,,,,,,16,21,18,10,10,15,12,13,13,13,9,12,13,10,,4,9,2,7,3,8,7,3,6,5,7,8,9,16,15,14,15,17,12,14,6,10,21,21,26,15,12,7,25,22,28,15,17,8,14,24,13,11,10,21,11,14,13,17,10,9,14,8,10,25,18,14,25,24,24,20,22,9,14,24,10,22,8,14,7,13,13,10,18,9,11,15,8,16,3,13,13,12,15,15,15,13,7,12,13,5,3,7,8,8,28,7,8,6,6,8,,3,12,11,11,3,17,8,9,,5,14,12,5,10,15,5,6,7,9,6,12,13,5,4,3,3,9,,4,4,12,13,11,19,17,8,19,19,11,,10,,10,,8,17,12,10,8,6,3,8,13,14,8,20,12,9,5,44,19,21,6,11,11,4,8,12,,,,10,,
20260622,2,PM10,59,65,33,59,50,18,56,24,21,74,48,46,28,38,37,35,24,16,24,9,21,19,7,16,27,14,10,12,10,8,12,19,26,50,20,43,42,51,18,31,27,50,25,22,13,32,29,19,38,31,21,18,16,18,15,11,15,10,19,13,18,17,35,17,17,13,23,13,11,14,32,22,49,23,20,17,26,33,28,27,11,39,24,29,47,23,31,54,33,33,20,32,33,25,19,16,29,16,28,15,23,20,19,14,26,,17,24,8,27,46,15,59,52,14,23,39,24,32,20,18,20,24,22,30,,16,21,24,24,23,15,12,11,10,12,7,9,29,18,17,11,20,11,19,18,9,14,14,11,14,12,20,25,7,58,38,43,23,43,,,,,,,,,,,,,,,,,,,,,,,,,,,,,,15,,42,16,33,22,7,26,61,54,35,28,60,32,,16,22,21,27,20,23,12,15,18,23,12,20,16,25,21,22,23,28,,25,32,16,9,12,16,14,,17,13,14,23,,16,7,,36,26,21,17,32,16,21,30,29,22,29,28,27,31,18,29,24,18,12,24,16,18,24,25,41,16,18,6,12,6,7,14,29,21,12,16,10,24,19,11,39,31,34,25,22,35,48,14,27,24,13,6,15,9,23,10,11,8,6,10,19,,9,24,13,12,16,9,13,14,,13,11,17,12,23,16,10,8,6,24,8,26,26,11,15,6,28,,,15,6,12,23,11,15,22,18,48,58,33,,15,,26,,24,18,,11,25,19,,17,29,28,14,24,39,17,32,51,32,25,18,14,26,21,39,36,,,,27,,
20260622,2,PM10_24h,25,30,40,37,39,21,44,22,16,37,37,49,35,36,30,14,17,11,17,22,27,33,17,33,43,31,32,36,32,23,36,34,40,29,25,39,29,28,24,31,21,28,19,19,20,35,29,15,33,34,26,23,25,22,16,13,17,15,20,17,18,19,25,20,26,13,20,13,13,22,31,17,43,37,24,21,31,33,14,25,13,19,38,43,36,40,30,40,48,25,26,35,24,37,18,20,26,20,25,20,21,16,24,17,28,28,23,23,12,33,33,24,48,42,13,16,18,18,26,18,14,18,17,21,30,18,25,24,34,26,38,26,20,17,15,8,5,24,28,25,21,12,12,20,16,15,13,15,18,13,28,16,27,19,27,54,46,43,24,42,,,,,,,,,,,,,,,,,,,,,,,,,,,,,,25,24,30,23,41,28,22,29,50,51,28,22,38,29,,12,32,16,23,14,22,11,15,17,22,9,13,13,18,24,20,21,19,24,24,13,15,30,25,40,28,15,13,22,35,38,8,18,14,17,37,22,20,17,34,17,23,30,31,22,28,30,23,22,27,36,23,30,30,37,33,46,29,21,31,26,27,15,19,11,21,20,21,21,15,15,24,17,22,8,31,31,29,27,22,29,26,20,24,34,19,8,13,13,19,28,25,13,11,13,21,,6,15,16,11,12,26,15,9,,8,13,16,10,24,18,10,7,12,28,12,21,19,14,10,9,11,15,,14,8,16,34,28,28,25,18,43,40,31,,20,,25,,14,22,18,16,15,16,10,18,35,31,13,48,24,24,28,57,45,49,20,27,40,31,29,39,,,,20,,
20260622,2,SO2,3,8,4,4,13,3,5,3,3,2,11,5,6,8,11,11,7,5,6,6,5,6,4,6,7,6,5,6,5,9,7,7,5,6,5,5,6,6,5,5,6,2,4,5,7,5,2,7,6,6,3,4,4,6,5,6,5,6,7,3,4,7,4,4,8,4,8,4,6,5,9,6,7,5,6,6,11,8,7,4,6,36,3,9,10,8,9,13,8,5,6,5,7,7,4,8,17,6,7,4,8,6,7,5,6,8,4,14,5,4,9,10,5,10,11,15,9,7,6,6,3,5,5,5,5,3,8,2,7,7,5,7,7,,3,7,7,4,3,4,2,7,9,8,3,8,4,6,3,2,4,5,3,7,6,9,6,9,6,6,,,,,,,,,,,,,,,,,,,,,,,,,,,,,,5,2,4,4,4,8,4,12,7,26,11,4,13,5,,6,10,9,10,8,6,4,7,11,10,2,4,8,9,5,8,7,4,8,6,15,7,5,6,5,8,4,4,8,5,5,5,4,4,6,4,6,3,5,5,4,10,8,34,4,8,4,5,7,6,6,5,2,5,5,3,4,4,9,5,5,6,4,5,7,3,5,7,3,4,5,4,6,6,3,8,5,4,4,7,14,10,5,12,6,6,8,9,3,6,6,5,6,7,4,3,,6,8,4,6,2,6,4,3,,5,6,9,8,5,6,1,4,3,8,5,6,5,9,6,5,7,4,,4,4,4,18,5,7,11,10,10,6,9,,4,,7,,3,8,12,10,11,14,6,20,8,6,7,6,6,8,6,3,5,3,4,5,4,7,6,6,,,,6,,
20260622,2,SO2_24h,3,7,2,5,8,3,3,3,5,2,9,8,5,10,10,6,7,5,5,6,5,6,4,7,9,6,5,7,5,10,8,9,8,6,5,6,6,5,5,6,6,2,4,5,8,5,3,6,7,7,4,4,5,6,5,6,6,6,7,3,4,7,3,4,8,4,10,5,6,5,10,7,7,6,6,7,11,8,7,5,7,12,5,11,14,10,9,12,10,5,6,6,7,10,4,8,10,6,7,4,8,6,5,5,5,11,4,8,5,4,10,10,7,16,10,9,9,8,7,5,3,6,5,6,7,4,8,3,7,6,5,9,7,7,3,7,8,5,3,5,2,8,9,12,3,9,4,6,3,3,5,5,3,6,6,14,6,10,6,4,,,,,,,,,,,,,,,,,,,,,,,,,,,,,,6,4,4,4,6,8,4,8,9,22,7,4,11,6,,6,10,8,8,9,7,4,7,10,10,1,5,7,10,5,7,6,4,8,6,10,7,6,7,5,9,4,4,8,5,5,5,4,4,6,4,8,4,5,6,4,9,6,17,3,7,3,5,6,6,7,5,3,6,6,4,4,5,8,7,6,7,4,6,8,4,5,6,5,5,5,5,5,6,3,7,5,3,6,4,13,10,5,12,6,7,9,9,3,7,7,8,6,7,4,3,,6,8,4,5,3,9,4,3,,4,6,8,9,5,6,2,3,4,8,5,6,5,8,7,5,7,4,,4,4,4,13,5,7,12,11,9,7,9,,4,,8,,3,8,9,10,11,15,6,20,7,7,7,6,6,8,5,3,6,3,4,6,4,7,6,7,,,,4,,
20260622,2,NO2,27,37,14,30,34,9,26,8,14,28,47,29,8,19,15,42,11,30,32,14,6,16,4,10,10,3,24,12,10,2,5,2,9,17,4,8,19,12,15,4,14,30,15,11,7,11,19,13,38,17,8,7,6,13,14,2,8,2,10,7,12,10,14,9,8,13,5,6,7,5,26,12,16,9,22,10,19,12,30,7,10,53,15,10,47,8,26,35,18,31,20,21,38,14,17,18,15,7,15,3,13,5,14,2,13,8,5,6,5,16,14,6,21,33,11,16,36,28,49,19,16,7,9,6,6,24,9,6,13,15,9,5,6,4,9,2,6,4,4,15,13,13,10,9,7,5,15,4,4,6,4,7,17,6,4,19,18,21,2,22,,,,,,,,,,,,,,,,,,,,,,,,,,,,,,4,6,22,5,13,22,2,17,35,17,16,17,16,10,,8,4,29,18,28,20,28,46,12,9,7,21,18,7,6,11,6,16,9,5,14,2,4,5,8,9,12,5,2,5,2,5,8,8,6,13,15,16,10,12,5,14,15,13,6,11,10,11,15,6,12,9,3,8,3,6,5,9,4,8,7,6,2,7,6,5,3,14,6,3,5,4,8,7,7,28,8,13,6,10,19,16,4,15,11,5,5,4,8,28,4,9,4,6,4,4,,4,16,8,3,8,3,8,2,,4,5,10,5,6,6,3,4,6,4,6,6,12,7,14,2,3,1,,1,4,5,9,3,12,12,14,32,23,17,,5,,6,,10,3,7,2,12,2,5,1,18,23,5,13,5,7,7,10,4,6,7,11,3,4,4,9,,,,6,,
20260622,2,NO2_24h,19,26,11,19,19,10,19,9,11,21,28,26,10,17,17,16,13,14,22,16,15,20,10,13,16,11,19,19,20,8,12,7,15,15,18,13,15,14,13,11,14,15,12,8,14,10,13,8,22,19,11,12,6,12,8,2,8,4,7,7,8,7,10,6,11,9,6,7,9,9,16,13,15,12,10,7,21,15,12,10,12,19,17,17,30,21,23,24,20,18,15,13,14,16,14,16,12,7,9,4,9,3,9,2,13,11,6,5,5,14,14,10,22,25,11,15,17,12,17,12,9,8,8,8,9,18,13,7,14,8,16,11,9,7,9,3,7,6,6,8,9,6,9,11,10,7,8,8,6,7,10,12,13,7,12,15,16,19,5,17,,,,,,,,,,,,,,,,,,,,,,,,,,,,,,7,7,10,11,15,12,9,13,21,19,13,9,11,11,,5,5,15,12,14,13,14,19,13,12,6,11,11,6,9,6,7,9,8,5,17,4,12,9,11,13,13,5,7,14,8,7,9,9,5,12,11,10,5,13,5,8,12,8,5,10,7,5,7,8,11,10,8,13,7,10,12,6,6,14,14,9,6,10,6,7,5,7,4,6,4,6,11,6,7,18,6,7,9,8,10,10,6,7,11,10,9,8,9,20,10,22,8,9,5,4,,11,9,7,3,6,9,4,4,,4,6,10,6,5,7,4,3,5,5,8,6,11,7,9,7,4,6,,1,6,7,20,8,11,16,10,13,14,17,,9,,13,,7,10,4,2,7,2,9,1,14,16,8,12,11,10,6,11,7,11,5,10,3,7,6,6,,,,4,,
20260622,2,O3,65,48,54,22,55,79,59,90,36,70,44,50,79,66,96,32,86,43,20,50,92,47,64,96,99,101,42,65,88,83,92,86,94,39,79,65,31,59,46,63,49,29,34,40,94,56,27,31,39,76,72,45,38,29,21,41,34,41,28,39,28,31,34,26,38,37,42,45,101,78,68,40,59,100,24,25,95,97,38,70,79,13,33,92,46,83,56,31,76,41,55,47,42,69,62,59,54,39,23,35,18,41,31,37,31,41,34,42,45,50,73,61,33,18,93,48,17,21,22,31,37,30,53,82,93,38,72,76,63,61,101,100,44,88,78,86,60,38,76,29,56,31,58,51,43,57,34,47,47,41,86,96,27,71,88,57,103,63,113,93,,,,,,,,,,,,,,,,,,,,,,,,,,,,,,101,87,17,104,96,48,112,77,42,77,84,16,91,112,,64,112,42,46,36,55,56,10,19,26,67,38,15,36,74,42,49,29,41,42,44,72,111,102,93,31,33,11,92,105,90,93,76,31,56,36,13,11,18,64,12,24,31,17,57,44,28,20,34,74,47,47,88,96,94,93,101,44,104,96,54,82,102,,32,101,36,13,34,88,69,51,19,21,5,21,59,53,58,38,27,15,26,37,24,87,57,51,49,29,61,35,41,58,61,21,,58,23,43,49,17,60,19,57,,31,35,51,68,28,34,46,34,37,35,50,26,17,77,33,102,120,136,,160,55,83,78,60,52,85,31,40,67,40,,70,,53,,66,68,65,90,63,88,114,118,50,44,58,92,123,108,104,75,91,73,88,96,77,137,97,84,,,,51,,
20260622,2,O3_24h,65,48,54,22,55,79,59,90,36,70,44,50,79,66,96,32,86,43,20,50,92,47,64,96,99,101,42,65,88,83,92,86,94,39,79,65,31,59,46,63,49,29,34,40,94,56,27,31,39,76,72,45,38,29,21,41,34,41,28,39,28,31,34,26,38,37,42,45,101,78,68,40,59,100,24,25,95,97,38,70,79,13,33,92,46,83,56,31,76,41,55,47,42,69,62,59,54,39,23,35,18,41,31,37,31,41,34,42,45,50,73,61,33,18,93,48,17,21,22,31,37,30,53,82,93,38,72,76,63,61,101,100,44,88,78,86,60,38,76,29,56,31,58,51,43,57,34,47,47,41,86,96,27,71,88,57,103,63,113,93,,,,,,,,,,,,,,,,,,,,,,,,,,,,,,101,87,17,104,96,48,112,77,42,77,84,16,91,112,,64,112,42,46,36,55,56,10,19,26,67,38,15,36,74,42,49,29,41,42,44,72,111,102,93,31,33,11,92,105,90,93,76,31,56,36,13,11,18,64,12,24,31,17,57,44,28,20,34,74,47,47,88,96,94,93,101,44,104,96,54,82,102,,32,101,36,13,34,88,69,51,19,21,5,21,59,53,58,38,27,15,26,37,24,87,57,51,49,29,61,35,41,58,61,21,,58,23,43,49,17,60,19,57,,31,35,51,68,28,34,46,34,37,35,50,26,17,77,33,102,120,136,,160,55,83,78,60,52,85,31,40,67,40,,70,,53,,66,68,65,90,63,88,114,118,50,44,58,92,123,108,104,75,91,73,88,96,77,137,97,84,,,,51,,
20260622,2,O3_8h,122,,,,,,,,,,,,,,,,,83,,,,,,,,,,,,,,,,,,,,,,,,,,,119,,,,,,,,,,,,,,,,,,,,,,,,,,,,,,,,,,,,,,,,,,,,,,,,,,,,,,,,,,,,,,,,,,,,,,,,,,,,,,,,,,92,,,,,,,,,,,,,,,,,,,,,,,,,,,,,,,,,,,,,,,,,,,,,,,,,,,,,,,,,,,,,,,,,,,,,,,,,,,,,,,,,,,,,,,,,,,,,,,,,,,,,,,,,,,135,,,,,,,,,,,,,,,,,,,,,,,,,,,,,,,,,,,,,,,,,,,39,,,,,,,,,,,,,,,,,,,,,,,,,,,,51,,,,,,,,,,,,,,,,,,,,,,,,,,,,,,,,,,,,,,,,,,,,,,,,,,,,,,,,,,,,,,,,,,,,,,
20260622,2,O3_8h_24h,,,,,,,,,,,,,,,,,,,,,,,,,,,,,,,,,,,,,,,,,,,,,,,,,,,,,,,,,,,,,,,,,,,,,,,,,,,,,,,,,,,,,,,,,,,,,,,,,,,,,,,,,,,,,,,,,,,,,,,,,,,,,,,,,,,,,,,,,,,,,,,,,,,,,,,,,,,,,,,,,,,,,,,,,,,,,,,,,,,,,,,,,,,,,,,,,,,,,,,,,,,,,,,,,,,,,,,,,,,,,,,,,,,,,,,,,,,,,,,,,,,,,,,,,,,,,,,,,,,,,,,,,,,,,,,,,,,,,,,,,,,,,,,,,,,,,,,,,,,,,,,,,,,,,,,,,,,,,,,,,,,,,,,,,,,,,,,,,,,,,,,,,,,,,,,,,,,,,,,,,,,,,,,,,,,,,,,
20260622,2,CO,0.36,0.53,0.52,0.63,0.90,0.35,0.39,0.20,0.20,0.40,0.47,0.48,0.68,0.50,0.46,0.65,0.49,0.28,0.69,0.34,0.77,0.54,0.40,0.43,0.42,0.56,0.77,0.71,0.42,0.48,0.68,0.44,0.57,0.78,0.47,0.40,0.73,0.63,0.50,0.43,0.65,0.63,0.40,0.45,0.76,0.45,0.40,0.67,0.28,0.51,0.42,0.76,0.44,0.46,0.49,0.53,0.37,0.30,0.40,0.43,0.50,0.40,0.56,0.35,0.47,0.49,0.50,0.43,0.27,0.63,0.77,0.45,0.48,0.21,0.38,0.52,0.39,0.54,0.50,0.57,0.27,0.45,0.57,0.36,0.52,0.37,0.34,0.43,0.56,0.37,0.33,0.35,0.35,0.60,0.23,0.40,0.67,0.57,0.43,0.57,0.55,0.45,0.70,0.37,0.45,0.40,0.40,0.55,0.27,0.20,0.50,0.75,1.05,0.68,0.36,1.16,0.45,0.62,0.52,0.34,0.46,0.33,0.40,0.55,0.73,0.72,0.36,0.30,0.47,0.47,0.45,0.38,0.38,0.37,0.65,0.85,0.70,0.40,0.53,0.63,0.35,0.63,0.52,0.60,0.43,0.35,0.53,0.20,0.55,0.43,0.43,0.65,0.45,0.76,0.55,0.50,0.30,0.44,0.30,0.25,,,,,,,,,,,,,,,,,,,,,,,,,,,,,,0.53,0.30,0.55,0.37,0.23,0.35,0.68,0.73,0.67,0.67,0.40,0.30,0.75,0.47,,0.15,0.40,0.40,0.83,0.35,0.57,0.13,0.30,0.65,0.35,0.25,0.15,0.27,0.23,0.15,0.13,0.40,0.25,0.33,0.30,0.30,0.20,0.32,0.28,0.30,0.57,0.70,0.50,0.35,0.42,0.20,0.53,0.23,0.67,0.47,0.33,1.03,0.30,0.30,0.70,0.57,0.60,0.45,0.65,0.34,0.25,0.70,0.60,0.50,0.42,0.38,0.40,0.38,0.30,0.38,0.40,0.23,0.45,0.63,0.62,0.90,0.60,0.50,0.97,0.60,0.57,0.55,0.88,0.45,0.80,0.55,0.60,0.50,0.35,0.30,0.20,0.63,0.70,0.53,0.37,0.55,0.47,0.80,0.30,0.50,0.47,0.45,0.43,0.55,0.55,0.40,0.28,0.45,0.55,0.30,0.30,,0.15,0.55,0.23,0.45,0.40,0.40,0.35,0.45,,0.55,0.35,0.40,0.55,0.70,0.45,0.50,0.10,0.15,0.50,0.40,0.40,0.60,0.50,0.45,0.20,0.40,0.30,,0.30,0.45,0.40,0.30,0.40,0.80,1.10,0.35,0.30,0.40,0.50,,0.45,,0.45,,0.25,0.40,0.50,0.10,0.30,0.30,0.20,0.30,0.37,0.35,0.30,0.45,0.10,0.15,0.40,0.60,0.10,0.35,0.30,0.45,0.40,0.20,0.30,0.25,,,,0.50,,
20260622,2,CO_24h,0.28,0.47,0.34,0.51,0.40,0.33,0.32,0.23,0.25,0.30,0.42,0.38,0.45,0.52,0.38,0.45,0.44,0.30,0.48,0.49,0.58,0.77,0.58,0.54,0.56,0.70,0.80,0.83,0.62,0.65,0.88,0.56,0.63,0.78,0.59,0.43,0.69,0.67,0.65,0.50,0.75,0.60,0.40,0.45,0.73,0.42,0.38,0.68,0.33,0.54,0.50,0.74,0.51,0.44,0.47,0.57,0.40,0.30,0.43,0.43,0.50,0.40,0.54,0.35,0.52,0.47,0.47,0.46,0.30,0.65,0.70,0.35,0.38,0.27,0.40,0.57,0.44,0.48,0.44,0.57,0.27,0.33,0.57,0.53,0.50,0.40,0.46,0.43,0.50,0.40,0.40,0.35,0.32,0.78,0.30,0.45,0.60,0.55,0.43,0.60,0.55,0.45,0.70,0.40,0.40,0.40,0.37,0.55,0.33,0.30,0.39,0.72,1.05,0.58,0.36,0.84,0.48,0.56,0.46,0.38,0.38,0.37,0.33,0.58,0.73,0.62,0.50,0.38,0.53,0.47,0.63,0.45,0.40,0.47,0.63,0.85,0.65,0.47,0.50,0.67,0.35,0.45,0.52,0.63,0.47,0.33,0.57,0.25,0.55,0.45,0.47,0.55,0.40,0.54,0.65,0.30,0.37,0.42,0.32,0.25,,,,,,,,,,,,,,,,,,,,,,,,,,,,,,0.55,0.50,0.50,0.47,0.20,0.35,0.95,0.43,0.40,0.60,0.30,0.30,0.55,0.42,,0.15,0.35,0.38,0.63,0.35,0.53,0.17,0.40,0.55,0.45,0.30,0.20,0.30,0.20,0.15,0.17,0.50,0.20,0.30,0.30,0.30,0.20,0.48,0.42,0.40,0.70,0.63,0.45,0.45,0.54,0.30,0.45,0.33,0.70,0.30,0.40,0.77,0.30,0.30,0.90,0.57,0.50,0.52,0.65,0.28,0.20,0.65,0.60,0.50,0.52,0.40,0.40,0.50,0.44,0.55,0.47,0.30,0.45,0.70,0.74,0.90,0.78,0.70,0.63,0.70,0.60,0.55,0.78,0.50,0.90,0.55,0.63,0.50,0.40,0.30,0.20,0.57,0.55,0.57,0.33,0.50,0.37,0.90,0.25,0.50,0.60,0.45,0.43,0.60,0.60,0.50,0.35,0.50,0.55,0.35,0.40,,0.25,0.50,0.33,0.43,0.40,0.50,0.35,0.45,,0.55,0.40,0.40,0.55,0.65,0.50,0.50,0.10,0.20,0.50,0.40,0.45,0.55,0.50,0.45,0.25,0.40,0.30,,0.30,0.40,0.43,0.30,0.50,0.80,0.40,0.35,0.20,0.40,0.50,,0.45,,0.45,,0.20,0.50,0.40,0.20,0.40,0.30,0.20,0.30,0.30,0.35,0.35,0.50,0.20,0.15,0.35,0.70,0.15,0.40,0.30,0.45,0.40,0.20,0.30,0.30,,,,0.40,,
20260622,3,AQI,56,58,36,62,44,24,54,26,22,64,51,40,29,38,37,34,25,14,23,16,23,16,24,27,30,28,16,19,24,24,29,29,34,59,24,41,49,58,36,31,39,50,32,23,30,33,31,20,37,33,26,14,19,18,15,13,15,17,20,13,16,18,30,16,16,20,21,13,33,24,33,23,43,30,13,20,29,32,31,30,23,46,23,40,43,27,37,47,39,34,23,36,35,46,23,20,27,17,23,14,20,13,19,13,26,19,18,22,15,24,45,19,55,51,32,21,24,28,41,19,19,20,28,29,26,41,23,21,30,26,29,31,16,26,23,28,21,20,27,21,18,11,17,18,19,18,11,15,14,13,27,29,29,27,30,51,35,41,35,47,,,,,,,,,,,,,,,,,,,,,,,,,,,,,,32,25,43,29,36,26,31,28,54,54,33,20,49,35,,20,34,21,23,19,23,17,22,20,28,21,18,14,29,24,27,28,37,30,27,18,,35,31,29,15,20,18,32,33,29,29,26,11,51,34,21,19,21,33,18,28,30,26,22,27,29,26,32,19,29,26,27,29,31,29,28,19,32,34,16,24,29,17,11,31,12,26,18,27,23,15,16,19,13,37,31,32,27,22,34,36,15,28,12,28,18,16,15,25,15,11,13,19,18,11,,18,24,18,16,20,18,18,18,,16,16,18,20,25,20,14,12,13,24,16,20,25,23,10,30,35,41,,50,18,28,27,19,19,25,18,53,47,34,,19,,24,,21,19,23,28,26,28,33,37,28,31,18,29,39,34,35,46,28,27,26,27,39,43,35,29,,,,24,,
20260622,3,PM2.5,21,29,20,27,16,12,35,11,8,45,32,21,13,25,15,17,11,6,12,10,8,11,4,13,16,6,6,4,5,5,9,12,24,42,15,29,34,41,25,22,25,28,22,16,14,19,20,14,16,23,18,9,13,8,4,5,9,4,10,5,7,7,14,9,5,14,9,4,4,8,13,16,12,8,8,9,15,15,16,21,3,21,11,28,26,18,24,24,27,11,5,21,14,32,16,7,13,9,11,6,14,3,7,4,10,13,10,13,3,15,20,9,39,19,8,10,10,10,21,10,8,7,13,20,18,29,12,11,21,8,14,11,6,12,4,11,3,7,12,10,9,5,11,4,6,3,3,3,3,4,7,5,20,19,3,25,16,14,4,5,,,,,,,,,,,,,,,,,,,,,,,,,,,,,,8,8,27,3,16,18,3,17,25,17,14,14,19,14,,3,6,8,8,5,14,6,3,6,3,10,8,10,20,12,19,14,26,20,19,10,,4,7,13,7,14,9,9,11,20,15,16,3,36,24,12,11,12,22,9,9,13,18,14,9,12,14,18,13,16,18,17,11,13,12,5,4,18,21,3,17,3,10,3,3,5,12,11,3,13,7,9,12,5,13,12,13,16,12,14,15,3,13,6,3,3,3,3,6,3,3,3,3,3,6,,3,17,9,11,3,3,3,10,,7,11,9,3,10,14,6,6,5,7,3,6,13,6,3,3,3,7,,5,3,6,14,3,3,15,5,26,20,6,,6,,3,,10,7,16,9,12,3,3,8,7,12,11,13,9,10,3,28,18,8,3,5,18,3,3,8,,,,10,,
20260622,3,PM2.5_24h,8,11,15,15,10,16,17,9,6,15,20,17,17,16,11,5,8,7,7,17,20,26,13,22,28,19,22,25,28,19,28,26,40,25,18,24,24,27,25,20,17,16,14,10,15,21,16,14,7,27,22,14,14,11,7,7,10,9,8,7,9,10,12,12,15,9,6,6,6,16,19,15,13,12,11,13,15,10,5,19,5,10,22,26,13,13,11,13,22,15,3,16,7,26,15,6,14,11,13,9,14,7,16,8,13,15,12,9,5,26,11,16,23,14,6,9,6,7,10,7,6,9,9,18,22,18,19,17,28,15,25,15,12,12,5,5,6,9,11,13,9,5,9,7,5,4,5,7,11,6,20,12,14,15,17,21,20,16,6,11,,,,,,,,,,,,,,,,,,,,,,,,,,,,,,15,21,19,10,10,15,12,14,14,13,9,12,14,10,,4,9,3,7,3,8,6,3,6,5,7,8,9,16,15,15,15,17,12,14,5,10,20,20,25,14,12,7,25,21,28,15,17,8,15,24,13,11,10,21,11,14,12,17,10,9,14,9,11,23,17,13,25,24,23,19,21,9,14,23,10,22,8,14,6,12,13,10,18,9,11,15,8,16,3,13,13,12,15,15,15,14,7,12,13,4,2,6,7,8,27,7,8,6,6,8,,3,12,11,11,4,17,8,9,,5,14,11,5,10,15,5,5,6,9,6,12,13,6,4,3,3,8,,4,4,12,13,11,18,18,8,19,19,10,,10,,9,,8,16,12,9,8,6,3,8,12,14,8,19,11,9,5,43,20,21,6,11,11,4,8,11,,,,10,,
20260622,3,PM10,61,65,36,73,44,17,58,26,22,78,52,40,29,38,37,34,25,14,23,12,17,14,8,16,23,12,10,10,10,8,14,18,23,55,20,40,42,51,27,29,39,50,32,23,15,33,31,17,37,23,20,13,17,18,15,12,15,17,20,13,16,18,30,16,16,17,21,10,9,10,33,22,43,22,13,20,29,32,31,23,9,46,23,29,43,26,37,47,29,34,23,36,35,36,8,12,27,17,23,14,20,13,19,13,26,,18,22,10,24,45,16,50,51,12,21,24,28,41,19,19,20,28,17,24,,18,17,24,26,22,16,16,18,13,13,8,20,27,21,18,11,16,18,19,13,9,9,13,9,10,9,26,24,9,51,35,41,19,47,,,,,,,,,,,,,,,,,,,,,,,,,,,,,,15,18,43,14,36,22,6,28,57,58,33,18,49,35,,12,23,21,23,19,23,11,17,20,28,10,18,13,25,24,21,28,31,30,25,17,,8,8,29,15,19,18,8,12,26,,20,6,,32,21,19,21,33,18,28,30,24,22,27,29,26,32,18,29,24,,15,23,21,20,19,19,34,11,18,6,10,6,9,12,26,18,14,18,12,16,19,13,37,31,32,27,22,34,36,15,28,7,11,6,12,9,25,7,11,7,6,12,11,,8,22,18,13,20,9,18,14,,16,12,18,13,25,,10,7,7,24,6,20,25,11,10,6,12,,,11,6,9,27,10,11,22,18,55,47,34,,16,,24,,21,13,20,15,26,17,,16,28,31,10,29,36,26,35,46,28,25,26,16,39,13,35,29,,,,24,,
20260622,3,PM10_24h,27,32,39,39,38,20,44,22,17,40,38,49,34,37,31,15,17,11,17,21,27,32,17,31,42,30,31,35,31,22,35,34,39,30,24,39,29,30,23,31,21,29,20,19,20,35,29,15,33,33,25,23,25,22,16,13,17,15,20,16,18,18,25,20,25,12,21,13,12,21,31,17,43,37,24,21,31,33,14,25,13,21,38,41,37,39,30,40,47,25,26,35,24,37,18,20,26,21,25,20,21,15,24,17,28,28,23,23,12,33,34,23,48,43,13,16,19,19,27,19,14,18,18,21,29,18,24,22,33,26,37,25,19,17,15,8,5,24,28,25,20,12,12,20,15,14,12,14,17,13,27,16,27,19,26,54,46,43,24,42,,,,,,,,,,,,,,,,,,,,,,,,,,,,,,25,23,30,23,41,28,21,29,50,51,29,21,39,28,,12,32,16,21,14,22,12,15,17,22,9,14,14,19,24,20,21,20,24,24,13,15,28,24,40,27,14,13,22,34,38,8,18,13,17,37,22,20,17,34,17,23,30,32,22,28,31,23,23,25,35,21,29,28,36,32,44,29,21,31,25,26,15,18,11,20,19,22,21,15,15,23,17,22,8,31,31,29,27,22,30,26,20,25,33,18,8,13,13,19,27,25,13,10,12,20,,6,15,16,11,12,25,15,10,,8,13,16,10,24,17,9,7,12,27,12,21,20,14,9,9,11,15,,13,8,15,32,27,27,25,18,43,41,31,,20,,25,,14,22,18,16,16,17,10,18,35,30,13,48,24,24,29,57,44,49,20,26,40,31,29,37,,,,20,,
20260622,3,SO2,3,8,4,6,15,3,7,3,3,2,8,4,12,13,11,11,7,5,6,7,6,6,4,6,8,5,5,7,5,9,6,8,6,10,5,5,7,7,5,7,4,3,4,5,7,5,2,7,6,8,4,4,6,6,5,6,7,6,7,3,6,7,4,4,8,4,8,4,6,5,8,7,7,5,6,6,11,7,10,4,7,55,3,9,11,9,8,16,8,6,7,5,7,8,3,7,12,7,7,5,9,6,9,6,8,11,3,7,5,6,9,12,6,12,10,11,9,7,6,6,4,5,5,6,6,4,9,2,8,14,4,11,7,6,35,8,,5,2,5,2,10,9,13,3,8,4,5,3,3,5,5,4,7,6,6,5,10,6,5,,,,,,,,,,,,,,,,,,,,,,,,,,,,,,6,,4,5,7,8,6,8,5,33,9,5,15,7,,6,10,12,9,8,6,4,7,10,10,2,4,7,10,5,7,6,4,9,6,11,,6,7,4,9,5,4,8,6,5,6,4,4,6,5,7,3,5,5,4,12,7,27,4,7,4,5,18,7,7,,3,5,4,4,6,3,8,7,6,7,,11,7,3,5,6,2,,5,4,6,8,2,8,5,3,4,6,13,11,5,8,6,6,12,11,,6,6,5,,7,4,4,,7,8,4,5,3,6,4,3,,5,5,9,9,6,6,2,3,3,7,5,6,5,8,7,5,7,4,,4,4,4,10,5,7,19,11,9,8,9,,4,,8,,4,8,10,10,11,13,6,20,8,6,7,6,5,8,5,3,6,4,4,6,4,7,6,6,,,,4,,
20260622,3,SO2_24h,3,7,2,5,8,3,4,3,5,3,9,8,5,10,10,6,7,5,5,6,5,6,4,7,9,6,5,7,5,10,8,9,8,6,5,6,6,5,5,6,6,2,4,5,8,5,3,6,7,7,4,4,5,6,5,6,6,6,7,3,5,7,3,4,8,4,10,5,6,5,10,6,7,6,6,7,11,8,7,5,7,13,4,11,14,10,9,12,10,5,6,6,7,10,4,8,11,6,7,4,8,6,6,5,5,10,4,8,5,4,10,10,7,17,10,9,9,8,7,5,3,6,5,5,7,4,8,3,7,6,5,9,7,7,4,7,8,5,3,5,2,8,9,12,3,9,4,6,3,3,5,5,3,6,6,14,7,10,6,4,,,,,,,,,,,,,,,,,,,,,,,,,,,,,,6,4,4,4,6,8,4,8,10,21,8,4,12,6,,6,10,8,8,9,7,4,7,10,10,1,5,7,10,5,7,6,4,8,6,10,7,6,7,5,9,4,4,8,5,6,5,4,4,6,4,8,4,5,6,4,9,6,18,3,7,3,5,6,5,7,5,3,6,6,4,4,5,8,7,6,7,4,6,8,4,5,6,5,5,5,5,5,6,3,7,5,3,6,4,13,10,5,12,6,7,9,9,3,7,7,8,6,7,4,3,,6,8,4,5,3,9,4,3,,4,6,8,9,5,6,2,3,4,8,5,6,5,8,7,5,7,4,,4,4,4,13,5,7,12,12,9,6,9,,4,,8,,3,8,9,10,11,15,6,20,7,7,7,6,6,8,5,3,6,3,4,6,4,7,6,6,,,,4,,
20260622,3,NO2,28,38,14,32,31,10,27,9,16,30,54,27,14,19,14,44,12,27,35,14,7,16,3,10,10,2,15,10,10,3,4,2,8,16,4,6,17,13,11,5,12,29,18,12,5,10,20,15,34,11,7,7,5,13,13,2,8,3,12,8,13,8,11,7,8,12,5,5,6,4,31,12,15,9,16,14,15,12,30,6,11,50,15,9,40,8,29,37,13,31,22,20,33,17,17,14,13,6,15,3,9,6,15,2,13,13,6,4,4,15,14,5,15,34,11,14,33,30,53,18,14,7,10,7,7,23,7,7,11,10,8,4,6,4,9,2,6,6,5,13,10,12,9,12,7,5,12,4,4,6,4,6,17,5,4,25,13,20,2,12,,,,,,,,,,,,,,,,,,,,,,,,,,,,,,3,6,24,6,18,21,2,20,22,25,15,9,13,14,,6,4,32,14,25,21,28,44,13,10,6,20,20,11,6,13,4,16,11,5,9,,3,5,8,9,12,4,2,4,2,4,7,7,6,15,10,15,10,12,4,14,16,11,5,8,9,6,14,6,12,10,4,8,3,6,6,8,4,9,8,6,2,9,4,5,3,12,2,4,4,4,5,6,8,26,8,13,8,9,18,16,4,13,8,4,5,4,9,23,5,10,4,5,5,3,,4,18,7,2,7,3,6,2,,3,5,9,5,6,5,3,3,4,4,6,6,12,7,13,2,3,2,,1,4,4,8,4,8,13,11,35,17,13,,8,,5,,14,2,5,2,6,1,6,1,16,20,6,15,4,6,6,8,4,5,7,12,5,3,4,4,,,,5,,
20260622,3,NO2_24h,19,26,11,20,19,10,19,9,12,21,29,26,10,16,17,18,13,14,23,16,14,20,9,13,16,10,18,18,20,7,11,7,14,15,18,12,15,13,13,11,13,15,12,7,13,10,13,8,23,18,11,11,6,12,9,2,9,4,7,7,8,7,10,6,11,9,6,7,9,9,17,13,14,12,10,7,20,15,13,10,12,20,17,16,31,21,23,25,19,18,15,14,14,16,14,16,11,7,9,4,9,4,9,2,13,11,6,5,5,14,14,9,22,25,11,15,18,13,19,12,9,8,8,8,8,19,12,7,14,8,15,11,9,7,9,3,7,6,6,8,9,7,9,11,10,7,8,8,6,7,10,12,13,7,11,16,15,19,5,16,,,,,,,,,,,,,,,,,,,,,,,,,,,,,,6,7,11,10,15,12,8,13,21,19,13,9,11,11,,5,5,15,13,14,13,14,20,13,11,6,12,11,6,9,6,7,9,8,5,17,4,11,9,11,12,13,5,7,13,8,7,9,9,5,12,11,10,5,13,5,8,13,8,5,10,7,6,7,8,11,10,8,13,6,9,11,6,6,13,13,9,6,10,6,7,5,8,4,6,4,6,11,6,7,18,6,7,9,8,11,10,6,7,11,10,9,7,9,20,10,21,8,8,5,4,,11,9,7,3,6,8,4,4,,4,5,10,6,5,7,4,3,5,5,8,6,11,7,9,7,4,6,,1,6,7,17,7,10,15,11,14,14,17,,9,,12,,7,10,4,2,7,2,9,1,14,16,8,12,11,9,6,11,7,10,5,10,3,7,6,6,,,,4,,
20260622,3,O3,57,42,49,16,55,76,51,80,31,62,38,52,63,60,91,18,79,46,16,50,74,41,77,87,95,90,52,62,77,77,93,94,85,32,77,66,29,58,57,62,47,22,27,37,96,53,21,25,41,76,76,46,40,29,23,41,34,38,26,37,25,31,38,28,37,34,44,43,104,77,57,38,57,97,23,17,92,86,31,67,72,10,36,90,47,85,45,32,89,37,49,41,39,68,58,65,47,38,22,35,31,37,27,35,29,38,33,39,47,,70,61,41,22,101,44,17,17,11,28,35,26,41,78,82,22,72,68,61,59,92,99,41,83,73,88,67,34,74,31,52,28,54,45,43,56,34,48,46,40,85,92,22,74,95,41,90,58,112,95,,,,,,,,,,,,,,,,,,,,,,,,,,,,,,101,80,15,94,84,50,99,67,49,61,82,22,100,94,,64,108,34,50,37,49,55,,12,23,66,38,10,25,71,35,49,29,34,39,59,,112,100,88,31,27,15,102,105,91,94,82,34,52,40,18,10,17,102,13,24,27,,65,45,44,27,,62,46,41,86,93,99,92,90,48,101,94,51,75,92,53,36,98,36,15,44,85,75,49,40,22,7,17,59,50,54,35,25,14,26,38,39,90,56,50,48,35,48,34,42,60,57,18,,58,23,41,48,19,57,19,56,,33,36,53,64,29,36,44,37,40,33,50,19,18,74,32,97,113,131,,159,57,89,76,62,62,80,39,36,74,35,,62,,52,,52,62,62,90,73,88,107,118,48,42,57,83,125,108,102,75,85,86,82,86,64,137,94,92,,,,42,,
20260622,3,O3_24h,57,42,49,16,55,76,51,80,31,62,38,52,63,60,91,18,79,46,16,50,74,41,77,87,95,90,52,62,77,77,93,94,85,32,77,66,29,58,57,62,47,22,27,37,96,53,21,25,41,76,76,46,40,29,23,41,34,38,26,37,25,31,38,28,37,34,44,43,104,77,57,38,57,97,23,17,92,86,31,67,72,10,36,90,47,85,45,32,89,37,49,41,39,68,58,65,47,38,22,35,31,37,27,35,29,38,33,39,47,,70,61,41,22,101,44,17,17,11,28,35,26,41,78,82,22,72,68,61,59,92,99,41,83,73,88,67,34,74,31,52,28,54,45,43,56,34,48,46,40,85,92,22,74,95,41,90,58,112,95,,,,,,,,,,,,,,,,,,,,,,,,,,,,,,101,80,15,94,84,50,99,67,49,61,82,22,100,94,,64,108,34,50,37,49,55,,12,23,66,38,10,25,71,35,49,29,34,39,59,,112,100,88,31,27,15,102,105,91,94,82,34,52,40,18,10,17,102,13,24,27,,65,45,44,27,,62,46,41,86,93,99,92,90,48,101,94,51,75,92,53,36,98,36,15,44,85,75,49,40,22,7,17,59,50,54,35,25,14,26,38,39,90,56,50,48,35,48,34,42,60,57,18,,58,23,41,48,19,57,19,56,,33,36,53,64,29,36,44,37,40,33,50,19,18,74,32,97,113,131,,159,57,89,76,62,62,80,39,36,74,35,,62,,52,,52,62,62,90,73,88,107,118,48,42,57,83,125,108,102,75,85,86,82,86,64,137,94,92,,,,42,,
20260622,3,O3_8h,122,,,,,,,,,,,,,,,,,83,,,,,,,,,,,,,,,,,,,,,,,,,,,119,,,,,,,,,,,,,,,,,,,,,,,,,,,,,,,,,,,,,,,,,,,,,,,,,,,,,,,,,,,,,,,,,,,,,,,,,,,,,,,,,,92,,,,,,,,,,,,,,,,,,,,,,,,,,,,,,,,,,,,,,,,,,,,,,,,,,,,,,,,,,,,,,,,,,,,,,,,,,,,,,,,,,,,,,,,,,,,,,,,,,,101,,,,,,,,,,,,,,,,,,,,,,,,,,,,,,,,118,,,,,,,,,,,,,,,,,,,,,,,,,,,,,,,,,,,,,,,,,,,,,,,51,,,,,,,,,,,,,,,,,,,,,,,,,,,,,,,,,,,,,,,,,,,,,,,,,,,,,,,,,,,,,,,,,,,,,,
20260622,3,O3_8h_24h,,,,,,,,,,,,,,,,,,,,,,,,,,,,,,,,,,,,,,,,,,,,,,,,,,,,,,,,,,,,,,,,,,,,,,,,,,,,,,,,,,,,,,,,,,,,,,,,,,,,,,,,,,,,,,,,,,,,,,,,,,,,,,,,,,,,,,,,,,,,,,,,,,,,,,,,,,,,,,,,,,,,,,,,,,,,,,,,,,,,,,,,,,,,,,,,,,,,,,,,,,,,,,,,,,,,,,,,,,,,,,,,,,,,,,,,,,,,,,,,,,,,,,,,,,,,,,,,,,,,,,,,,,,,,,,,,,,,,,,,,,,,,,,,,,,,,,,,,,,,,,,,,,,,,,,,,,,,,,,,,,,,,,,,,,,,,,,,,,,,,,,,,,,,,,,,,,,,,,,,,,,,,,,,,,,,,,,
20260622,3,CO,0.33,0.54,0.52,0.60,0.90,0.43,0.41,0.17,0.20,0.40,0.43,0.48,0.55,0.55,0.48,0.78,0.46,0.27,0.51,0.33,0.69,0.48,0.38,0.46,0.46,0.56,0.71,0.71,0.80,0.50,0.68,0.44,0.57,0.81,0.44,0.40,0.73,0.63,0.53,0.43,0.65,0.60,0.50,0.45,0.71,0.45,0.40,0.67,0.31,0.46,0.41,0.63,0.47,0.46,0.49,0.53,0.40,0.30,0.43,0.43,0.50,0.40,0.54,0.33,0.47,0.50,0.47,0.43,0.27,0.59,0.70,0.45,0.52,0.24,0.38,0.57,0.40,0.54,0.56,0.50,0.27,0.45,0.57,0.33,0.52,0.40,0.44,0.52,0.48,0.37,0.33,0.33,0.46,0.66,0.27,0.37,0.60,0.55,0.40,0.57,0.55,0.45,0.70,0.37,0.40,0.40,0.37,0.55,0.30,0.20,0.49,0.72,1.03,0.64,0.36,1.00,0.43,0.66,0.56,0.32,0.44,0.30,0.34,0.58,0.73,0.70,0.36,0.30,0.48,0.43,0.42,0.38,0.35,,0.63,0.82,0.65,0.40,0.50,0.63,0.35,0.50,0.55,0.63,0.43,0.37,0.53,0.15,0.52,0.40,0.43,0.55,0.45,0.74,0.55,0.50,0.30,0.44,0.28,0.25,,,,,,,,,,,,,,,,,,,,,,,,,,,,,,0.47,0.30,0.55,0.37,0.23,0.35,0.70,0.60,0.60,0.77,0.33,0.30,0.75,0.53,,0.15,0.35,0.42,0.70,0.40,0.60,0.10,0.30,0.65,0.35,0.25,0.15,0.27,0.23,0.20,0.15,0.40,0.20,0.33,0.30,0.30,,0.28,0.30,0.30,0.55,0.73,0.45,0.30,0.42,0.20,0.53,0.33,0.63,0.47,0.40,0.67,0.30,0.30,0.65,0.53,0.57,0.43,0.60,0.28,0.20,0.68,0.60,0.55,0.42,0.42,0.40,0.40,0.30,0.40,0.47,0.17,0.42,0.70,0.57,0.83,0.65,0.50,1.00,0.60,0.60,0.55,0.92,0.40,0.80,0.55,0.60,0.45,0.35,0.30,0.20,0.63,0.65,0.53,0.40,0.45,0.43,0.80,0.30,0.40,0.47,0.45,0.43,0.55,0.55,0.42,0.28,0.40,0.55,0.30,0.30,,0.15,0.55,0.27,0.40,0.40,0.45,0.30,0.45,,0.55,0.35,0.40,0.55,0.70,0.50,0.50,0.10,0.15,0.50,0.40,0.40,0.60,0.50,0.45,0.20,0.40,0.30,,0.30,0.45,0.40,0.30,0.40,0.80,1.10,0.35,0.30,0.35,0.60,,0.45,,0.45,,0.25,0.40,0.50,0.10,0.30,0.30,0.20,0.30,0.40,0.35,0.30,0.45,,0.15,0.40,0.60,0.15,0.35,0.30,0.45,0.40,0.20,0.30,0.20,,,,0.50,,
20260622,3,CO_24h,0.28,0.47,0.34,0.53,0.45,0.33,0.32,0.20,0.25,0.30,0.42,0.38,0.45,0.52,0.40,0.45,0.44,0.30,0.50,0.48,0.59,0.76,0.57,0.53,0.56,0.70,0.80,0.83,0.64,0.62,0.88,0.56,0.65,0.78,0.59,0.43,0.70,0.67,0.65,0.50,0.75,0.60,0.40,0.45,0.73,0.45,0.38,0.68,0.33,0.54,0.49,0.76,0.51,0.44,0.47,0.57,0.40,0.30,0.43,0.43,0.50,0.40,0.54,0.35,0.52,0.47,0.47,0.46,0.30,0.67,0.70,0.35,0.38,0.26,0.40,0.57,0.44,0.48,0.44,0.57,0.27,0.33,0.57,0.53,0.50,0.40,0.46,0.42,0.52,0.38,0.40,0.35,0.32,0.78,0.30,0.45,0.60,0.55,0.43,0.60,0.55,0.45,0.70,0.40,0.40,0.40,0.37,0.55,0.33,0.30,0.39,0.73,1.05,0.58,0.36,0.84,0.47,0.58,0.46,0.38,0.40,0.37,0.33,0.57,0.73,0.62,0.49,0.38,0.52,0.43,0.63,0.45,0.38,0.47,0.65,0.85,0.65,0.47,0.50,0.67,0.35,0.45,0.52,0.63,0.47,0.33,0.53,0.25,0.55,0.43,0.47,0.55,0.40,0.56,0.65,0.30,0.40,0.42,0.32,0.25,,,,,,,,,,,,,,,,,,,,,,,,,,,,,,0.55,0.50,0.50,0.47,0.20,0.35,0.95,0.43,0.40,0.60,0.30,0.30,0.55,0.42,,0.15,0.35,0.38,0.63,0.35,0.57,0.17,0.40,0.55,0.45,0.30,0.15,0.30,0.20,0.15,0.17,0.45,0.20,0.30,0.30,0.30,0.20,0.43,0.40,0.40,0.70,0.65,0.45,0.45,0.54,0.30,0.45,0.33,0.70,0.33,0.40,0.77,0.30,0.30,0.90,0.57,0.50,0.52,0.65,0.28,0.20,0.65,0.60,0.50,0.52,0.40,0.40,0.50,0.44,0.55,0.47,0.30,0.45,0.70,0.72,0.90,0.78,0.70,0.67,0.70,0.60,0.55,0.78,0.50,0.90,0.55,0.63,0.50,0.40,0.30,0.20,0.57,0.55,0.57,0.33,0.50,0.37,0.90,0.25,0.50,0.60,0.45,0.43,0.60,0.60,0.50,0.35,0.50,0.55,0.35,0.40,,0.25,0.50,0.33,0.43,0.40,0.50,0.35,0.45,,0.55,0.40,0.40,0.55,0.65,0.50,0.50,0.10,0.20,0.50,0.40,0.45,0.55,0.50,0.45,0.25,0.40,0.30,,0.30,0.40,0.43,0.30,0.50,0.80,0.45,0.35,0.20,0.40,0.50,,0.45,,0.45,,0.20,0.50,0.40,0.20,0.40,0.30,0.20,0.30,0.30,0.35,0.35,0.50,0.20,0.15,0.35,0.70,0.15,0.40,0.30,0.45,0.40,0.20,0.30,0.20,,,,0.40,,
20260622,4,AQI,58,57,37,62,59,24,53,24,33,75,53,36,30,43,36,38,24,15,20,17,21,16,26,25,30,26,15,20,23,23,28,29,31,61,23,39,49,44,40,31,30,51,33,26,29,35,32,23,43,29,27,17,17,18,15,12,15,12,20,13,19,20,28,16,17,23,21,13,32,23,37,28,39,29,19,19,27,28,29,27,21,40,29,39,40,26,43,48,39,37,27,35,29,53,23,19,26,17,23,16,19,11,20,14,25,23,18,20,14,24,44,19,50,49,32,20,43,30,41,19,23,18,24,34,24,40,21,22,34,25,28,28,15,24,23,26,23,16,27,22,17,10,17,21,22,19,10,15,14,12,28,25,44,23,30,44,36,42,34,45,,,,,,,,,,,,,,,,,,,,,,,,,,,,,,31,24,37,24,37,23,27,37,45,55,31,18,49,39,,18,34,25,22,21,26,19,20,29,25,21,17,16,27,23,26,27,40,24,27,19,,33,32,30,14,19,12,31,32,29,30,26,11,54,37,22,17,26,27,19,26,31,30,22,27,30,28,33,21,30,23,24,29,31,28,26,18,32,35,15,30,27,14,21,30,17,25,14,26,22,15,16,19,10,38,28,30,37,22,36,36,10,30,17,28,17,16,15,25,13,11,12,19,17,17,,17,21,18,17,22,17,17,19,,18,13,17,20,24,19,13,14,11,25,16,21,22,24,12,29,32,38,,49,18,26,23,18,21,29,18,53,43,31,,20,,27,,18,19,21,24,23,26,32,36,30,22,17,37,49,35,29,40,37,27,26,27,46,40,32,33,,,,22,,
20260622,4,PM2.5,23,29,22,26,27,12,37,11,5,55,34,17,18,27,19,17,12,7,10,10,4,11,3,14,17,6,5,3,4,5,9,9,22,44,13,27,34,31,28,22,21,29,23,17,11,23,20,15,19,20,19,8,11,8,4,5,10,4,11,5,7,8,13,8,5,16,10,5,3,9,17,16,14,8,10,9,19,18,16,19,6,21,18,27,28,18,30,21,27,10,8,23,13,37,16,11,12,9,10,5,13,3,9,4,10,16,11,11,3,16,21,8,35,16,6,11,11,12,25,9,9,7,12,24,16,28,12,14,24,12,13,14,7,14,4,10,3,8,14,11,9,5,7,6,8,9,4,3,4,4,6,6,31,16,3,16,14,14,4,11,,,,,,,,,,,,,,,,,,,,,,,,,,,,,,4,7,21,3,16,16,3,22,24,17,12,12,12,18,,6,7,12,10,6,13,8,3,20,6,7,7,11,19,13,18,15,28,17,19,9,,3,4,15,5,13,8,9,9,20,12,16,3,38,26,13,11,13,19,8,10,18,20,14,8,13,11,18,15,18,11,12,13,10,19,5,3,16,21,3,21,3,10,6,4,3,11,9,3,13,8,8,12,3,20,12,13,18,12,14,16,3,14,6,3,3,3,3,5,3,3,3,3,6,6,,3,15,10,12,3,3,3,13,,7,9,3,3,12,13,3,10,3,5,5,9,11,8,3,3,3,3,,3,3,7,15,3,3,13,5,29,19,6,,12,,3,,8,6,15,9,11,6,3,3,11,9,10,17,8,14,3,22,21,14,6,5,18,3,5,11,,,,10,,
20260622,4,PM2.5_24h,9,12,15,16,10,15,18,9,6,18,20,18,17,16,12,5,8,7,7,16,20,25,13,21,27,18,21,24,27,18,27,25,38,26,18,24,25,28,25,20,17,16,14,10,15,22,17,14,7,26,22,14,14,11,7,7,10,9,8,7,9,10,12,12,15,9,7,6,6,16,19,15,13,12,12,13,15,11,5,19,4,10,22,25,13,14,12,13,21,14,4,15,7,25,15,6,14,11,13,9,14,7,16,8,13,16,12,10,5,25,11,15,24,15,7,8,6,8,10,7,6,10,9,19,22,18,19,17,27,15,24,15,12,12,5,5,6,9,12,14,9,4,9,7,5,4,4,6,11,6,19,11,15,16,17,21,20,15,6,11,,,,,,,,,,,,,,,,,,,,,,,,,,,,,,15,20,18,9,10,16,12,14,15,13,9,13,14,10,,4,10,3,6,3,8,6,3,6,6,7,8,10,16,15,15,15,18,13,14,5,9,19,18,25,14,12,6,25,21,27,15,17,7,16,24,13,11,10,21,11,13,12,17,10,9,14,9,11,22,16,13,24,23,23,19,20,9,15,23,9,22,8,14,6,12,13,10,17,9,11,14,8,16,3,14,13,12,15,15,15,14,7,12,13,4,2,6,7,8,26,7,8,5,6,8,,3,12,11,11,4,16,8,10,,5,14,11,5,10,14,5,5,6,9,6,12,13,6,4,3,3,8,,4,4,11,13,11,18,18,7,19,18,10,,10,,9,,8,15,12,9,8,6,3,8,12,14,8,19,11,9,5,43,20,21,6,11,11,4,8,11,,,,10,,
20260622,4,PM10,65,64,37,74,67,20,56,24,33,75,56,36,30,43,36,38,24,12,20,12,10,13,7,17,24,11,9,7,8,10,12,14,20,59,19,37,43,39,29,30,29,52,33,26,15,35,32,23,43,24,23,14,17,18,15,11,15,11,20,13,19,20,28,16,17,15,21,12,9,13,37,28,39,22,19,19,27,28,29,23,14,40,29,27,38,26,40,48,28,37,27,35,29,9,17,13,26,17,23,16,16,10,20,14,25,17,18,20,6,24,44,17,50,49,14,20,43,30,41,19,23,18,24,,22,26,20,22,23,25,23,20,15,18,14,13,7,16,27,22,17,10,11,21,22,19,10,6,13,9,10,8,21,18,10,44,36,42,21,45,,,,,,,,,,,,,,,,,,,,,,,,,,,,,,15,11,37,15,37,22,6,37,45,59,31,18,49,39,,9,29,25,22,21,26,14,20,28,25,13,17,14,24,22,15,27,36,22,24,19,,8,6,30,14,19,12,7,15,24,13,19,6,,35,22,17,26,27,19,26,31,30,21,27,30,28,33,19,30,23,17,15,21,26,19,18,20,35,9,25,6,14,8,11,12,25,13,14,17,13,16,19,10,38,28,30,37,22,36,36,10,30,17,13,6,11,9,25,7,8,8,6,12,17,,6,21,18,13,22,8,17,11,,18,12,17,9,24,,9,,9,25,6,21,22,14,12,6,9,,,12,6,10,22,7,9,29,18,55,43,31,,20,,27,,18,16,17,17,23,15,6,16,30,22,12,37,49,35,25,40,37,25,23,17,46,10,32,33,,,,22,,
20260622,4,PM10_24h,29,33,39,41,39,19,44,23,17,42,39,49,34,37,31,16,17,11,17,19,26,31,17,30,42,29,30,33,30,21,34,34,38,32,24,39,29,30,24,31,21,31,20,20,20,35,29,15,34,32,24,23,25,22,16,13,17,16,20,16,18,18,25,19,25,12,21,13,11,21,32,16,43,36,24,21,32,34,15,25,13,22,37,40,37,39,30,40,46,25,26,34,24,36,19,19,26,21,25,20,20,15,24,16,28,28,23,23,12,32,34,22,47,43,13,16,20,20,27,19,15,19,18,21,29,18,24,21,31,26,35,25,19,17,14,8,5,24,28,25,20,12,12,19,15,14,11,13,18,13,26,15,27,19,26,53,45,42,25,42,,,,,,,,,,,,,,,,,,,,,,,,,,,,,,24,22,30,22,41,28,20,29,51,51,29,21,40,29,,12,33,17,21,15,22,12,16,18,22,9,14,14,20,24,21,21,20,24,25,14,15,27,22,39,26,14,13,21,33,37,8,18,12,18,37,22,20,17,34,17,23,30,32,22,28,31,24,23,24,34,20,27,28,36,31,42,29,21,30,24,26,14,18,11,20,19,22,20,15,15,23,17,22,9,32,31,29,26,21,30,26,20,25,32,17,7,13,13,20,26,24,13,9,12,20,,6,15,16,12,13,25,15,10,,9,13,16,10,24,17,9,7,11,26,12,21,20,14,10,9,12,15,,13,8,14,31,26,26,26,18,43,41,31,,20,,25,,15,22,18,16,16,17,10,18,35,29,13,48,25,25,29,57,44,48,20,26,41,30,29,35,,,,20,,
20260622,4,SO2,3,8,3,4,12,4,6,2,3,3,10,5,7,11,11,11,7,5,6,6,5,6,4,6,7,7,5,6,4,9,7,7,5,6,5,5,6,9,5,5,6,2,4,5,8,5,3,7,7,6,4,4,6,6,5,6,8,6,7,3,7,7,4,4,8,4,8,4,6,5,7,7,7,5,4,7,9,7,13,4,7,73,3,9,10,8,9,14,8,5,6,6,9,10,4,6,20,6,6,4,8,6,8,5,7,12,3,11,6,10,10,10,6,12,11,8,9,6,7,6,3,6,5,6,5,4,9,2,7,8,4,8,8,6,5,7,8,6,2,5,2,9,9,12,3,8,4,6,3,2,4,5,3,7,6,6,5,12,6,6,,,,,,,,,,,,,,,,,,,,,,,,,,,,,,5,4,4,4,5,8,4,11,4,39,9,5,14,8,,6,13,15,8,8,7,5,7,10,10,1,4,7,9,5,8,6,4,8,6,12,,5,7,4,8,4,4,8,6,5,5,4,4,6,3,9,3,5,6,4,11,8,24,5,7,4,5,18,8,8,5,3,5,5,4,5,3,8,7,5,8,4,6,7,4,5,12,3,4,5,8,7,12,3,7,5,4,6,3,12,11,5,8,6,6,8,10,3,7,6,5,7,8,4,3,,7,8,3,6,3,6,4,3,,5,6,9,8,5,6,1,4,4,8,5,6,5,9,7,5,7,4,,4,4,4,10,5,7,19,10,10,13,9,,4,,8,,4,8,10,10,12,13,6,20,8,6,7,6,5,7,4,3,5,3,4,6,4,7,6,7,,,,5,,
20260622,4,SO2_24h,3,7,2,5,9,3,4,3,5,3,9,7,5,9,10,6,7,5,5,6,5,6,4,7,9,6,5,7,5,9,8,9,7,6,5,6,6,6,5,6,6,2,4,5,8,5,3,7,7,7,4,4,5,6,5,6,6,6,7,3,5,7,3,4,8,4,10,5,6,5,10,6,7,5,6,7,11,8,7,5,7,15,4,11,14,10,9,12,10,5,6,5,7,10,4,8,11,6,7,4,8,6,6,5,6,11,4,8,5,5,10,10,7,17,10,10,9,8,7,5,3,6,5,5,7,4,8,3,7,7,5,9,7,7,4,7,8,5,3,5,2,8,9,12,3,9,4,6,3,3,5,5,3,6,6,14,7,10,6,4,,,,,,,,,,,,,,,,,,,,,,,,,,,,,,6,4,4,4,6,9,4,8,10,21,8,4,12,6,,6,10,8,9,9,7,4,7,10,10,1,4,7,10,5,7,6,4,8,6,10,7,6,8,5,9,4,4,8,5,5,5,4,4,6,4,8,4,5,6,4,9,6,18,3,7,3,5,7,5,7,5,3,6,6,4,4,5,9,7,6,7,4,6,8,4,5,6,5,5,5,5,6,7,3,7,5,3,6,4,13,10,5,12,6,7,9,9,3,7,7,8,7,7,4,3,,6,8,4,5,3,9,4,3,,4,6,8,9,5,6,2,3,4,8,4,6,5,8,7,5,7,4,,4,4,4,13,5,7,13,11,9,7,9,,4,,8,,3,8,9,10,11,15,6,20,7,7,7,6,6,8,5,3,6,3,4,6,4,7,6,6,,,,4,,
20260622,4,NO2,28,42,14,31,48,9,26,7,22,31,52,27,15,19,15,47,12,26,37,12,6,16,2,10,8,2,13,9,11,3,5,3,7,17,3,7,18,12,9,5,8,28,21,12,4,10,24,14,33,10,7,5,4,13,12,2,9,3,11,9,14,9,10,7,8,13,4,6,5,4,27,16,15,9,12,16,18,12,26,7,13,41,21,9,42,9,34,39,10,36,31,19,29,22,16,13,13,7,14,4,8,6,14,3,12,20,6,4,6,16,14,5,14,34,11,12,32,28,48,16,16,7,9,7,7,18,7,9,11,8,8,4,7,,5,2,6,5,6,11,11,13,10,13,7,6,13,3,3,6,4,7,19,4,4,23,14,21,2,11,,,,,,,,,,,,,,,,,,,,,,,,,,,,,,4,7,18,8,20,26,3,20,15,32,14,8,12,17,,7,4,33,14,25,19,24,34,18,11,6,15,25,10,6,11,5,12,12,5,10,,4,5,7,10,12,3,2,5,2,4,7,7,7,15,10,17,10,8,4,13,17,14,5,6,8,5,11,12,10,9,5,9,3,6,6,8,4,7,4,7,3,11,4,4,3,12,2,4,4,5,6,5,6,23,8,10,15,9,16,15,3,11,11,4,5,4,9,23,5,9,5,5,6,2,,4,17,8,2,8,3,6,2,,3,6,12,4,5,6,3,3,5,4,6,6,11,7,12,3,4,3,,2,4,4,8,3,7,11,9,22,16,13,,8,,4,,18,2,7,2,6,1,7,2,15,17,6,9,4,6,6,6,14,5,4,11,5,3,4,5,,,,5,,
20260622,4,NO2_24h,19,26,11,20,21,10,18,9,12,21,30,25,10,16,17,19,13,15,23,16,13,19,9,13,15,9,18,18,19,6,11,6,14,16,17,11,15,13,13,11,13,16,12,7,12,10,14,8,24,18,10,10,5,12,9,2,9,4,7,7,8,7,10,6,11,9,6,7,8,9,18,13,14,12,10,8,19,15,14,9,12,21,16,16,31,21,23,25,18,19,16,14,15,16,14,16,11,7,10,4,9,4,9,2,12,11,6,5,5,14,13,9,21,25,11,15,18,14,20,12,9,9,8,8,8,19,12,6,14,8,14,10,9,7,9,3,7,6,6,8,9,7,10,11,10,7,8,7,6,7,10,11,13,7,11,16,15,18,5,15,,,,,,,,,,,,,,,,,,,,,,,,,,,,,,6,7,11,10,15,12,8,13,21,19,13,9,12,10,,5,5,16,13,15,13,15,20,13,11,6,12,12,6,8,7,7,9,9,5,16,4,11,9,10,12,13,4,7,12,7,6,8,9,5,12,11,10,5,13,5,8,13,8,5,9,7,6,7,7,11,10,8,12,6,9,10,6,6,13,12,9,5,10,5,6,5,8,4,6,4,5,10,6,7,18,6,7,9,8,11,11,6,7,11,9,8,7,10,21,10,21,8,8,5,4,,10,10,7,2,6,8,4,4,,4,5,10,6,5,7,4,3,5,5,8,6,11,7,9,6,4,6,,1,6,7,15,7,10,15,11,14,14,17,,9,,12,,8,9,4,2,7,2,9,1,14,15,8,12,11,10,6,10,7,10,5,10,3,7,6,5,,,,4,,
20260622,4,O3,50,34,41,15,22,76,47,77,20,56,41,49,57,49,89,18,73,49,17,54,67,40,84,79,95,82,49,63,72,73,89,94,93,27,74,64,23,51,59,61,46,18,22,28,94,50,17,24,42,76,74,55,46,27,23,39,31,38,28,36,17,24,40,29,37,29,45,41,102,75,56,33,53,93,20,14,84,78,35,56,66,14,20,88,43,77,33,26,99,28,32,40,37,57,59,60,41,37,21,35,30,35,24,35,29,24,31,37,44,52,67,60,43,20,101,50,18,17,9,27,29,29,49,70,77,30,68,60,57,56,90,91,38,78,75,83,72,32,70,35,47,25,55,39,44,51,32,48,44,39,88,81,19,71,97,49,86,50,109,91,,,,,,,,,,,,,,,,,,,,,,,,,,,,,,99,78,16,78,83,40,87,63,51,51,77,18,77,78,,57,108,33,49,37,47,60,10,10,13,66,36,3,25,73,39,44,33,31,36,60,,106,101,92,30,26,14,98,103,86,97,84,35,44,29,15,6,14,63,11,16,24,14,70,44,26,26,24,55,52,44,78,93,100,88,84,45,102,94,47,79,86,44,67,97,55,15,45,82,69,47,30,19,14,16,58,53,43,32,24,13,23,39,38,88,55,51,49,34,43,34,38,62,53,15,,54,24,34,46,16,55,17,54,,34,34,48,63,30,36,43,38,35,33,50,18,20,76,30,93,103,120,,156,57,82,72,59,67,75,36,53,70,36,,62,,50,,39,62,59,76,62,84,102,116,45,44,54,94,124,96,92,79,63,86,84,87,48,128,93,86,,,,37,,
20260622,4,O3_24h,50,34,41,15,22,76,47,77,20,56,41,49,57,49,89,18,73,49,17,54,67,40,84,79,95,82,49,63,72,73,89,94,93,27,74,64,23,51,59,61,46,18,22,28,94,50,17,24,42,76,74,55,46,27,23,39,31,38,28,36,17,24,40,29,37,29,45,41,102,75,56,33,53,93,20,14,84,78,35,56,66,14,20,88,43,77,33,26,99,28,32,40,37,57,59,60,41,37,21,35,30,35,24,35,29,24,31,37,44,52,67,60,43,20,101,50,18,17,9,27,29,29,49,70,77,30,68,60,57,56,90,91,38,78,75,83,72,32,70,35,47,25,55,39,44,51,32,48,44,39,88,81,19,71,97,49,86,50,109,91,,,,,,,,,,,,,,,,,,,,,,,,,,,,,,99,78,16,78,83,40,87,63,51,51,77,18,77,78,,57,108,33,49,37,47,60,10,10,13,66,36,3,25,73,39,44,33,31,36,60,,106,101,92,30,26,14,98,103,86,97,84,35,44,29,15,6,14,63,11,16,24,14,70,44,26,26,24,55,52,44,78,93,100,88,84,45,102,94,47,79,86,44,67,97,55,15,45,82,69,47,30,19,14,16,58,53,43,32,24,13,23,39,38,88,55,51,49,34,43,34,38,62,53,15,,54,24,34,46,16,55,17,54,,34,34,48,63,30,36,43,38,35,33,50,18,20,76,30,93,103,120,,156,57,82,72,59,67,75,36,53,70,36,,62,,50,,39,62,59,76,62,84,102,116,45,44,54,94,124,96,92,79,63,86,84,87,48,128,93,86,,,,37,,
20260622,4,O3_8h,122,,,,,,,,,,,,,,,,,83,,,,,,,,,,,,,,,,,,,,,,,,,,,119,,,,,,,,,,,,,,,,,,,,,,,,,,,,,,,,,,,,,,,,,,,,,,,,,,,,,,,,,,,,,,,,,,,,,,,,,,,,,,,,,,92,,,,,,,,,,,,,,,,,,,,,,,,,,,,,,,,,,,,,,,,,,,,,,,,,,,,,,,,,,,,,,,,,,,,,,,,,,,,,,,,,,,,,,,,,,,,,,,,,,,101,,,,,,,,,,,,,,,,,,,,,,,,,,,,,,,,118,,,,,,,,,,,,,,,,,,,,,,,,,,,,,,,,,,,,,,,,,,,,,,,51,,,,,,,,,,,,,,,,,,,,,,,,,,,,,,,,,,,,,,,,,,,,,,,,,,,,,,,,,,,,,,,,,,,,,,
20260622,4,O3_8h_24h,,,,,,,,,,,,,,,,,,,,,,,,,,,,,,,,,,,,,,,,,,,,,,,,,,,,,,,,,,,,,,,,,,,,,,,,,,,,,,,,,,,,,,,,,,,,,,,,,,,,,,,,,,,,,,,,,,,,,,,,,,,,,,,,,,,,,,,,,,,,,,,,,,,,,,,,,,,,,,,,,,,,,,,,,,,,,,,,,,,,,,,,,,,,,,,,,,,,,,,,,,,,,,,,,,,,,,,,,,,,,,,,,,,,,,,,,,,,,,,,,,,,,,,,,,,,,,,,,,,,,,,,,,,,,,,,,,,,,,,,,,,,,,,,,,,,,,,,,,,,,,,,,,,,,,,,,,,,,,,,,,,,,,,,,,,,,,,,,,,,,,,,,,,,,,,,,,,,,,,,,,,,,,,,,,,,,,,
20260622,4,CO,0.36,0.55,0.54,0.69,0.80,0.60,0.47,0.17,0.20,0.45,0.43,0.48,0.47,0.67,0.52,0.88,0.49,0.27,0.53,0.34,0.69,0.44,0.38,0.52,0.48,0.58,0.65,0.70,0.46,0.47,0.66,0.44,0.52,0.84,0.47,0.40,0.69,0.60,0.55,0.43,0.55,0.67,0.50,0.45,0.66,0.45,0.45,0.68,0.32,0.46,0.40,0.61,0.45,0.45,0.49,0.57,0.43,0.30,0.43,0.43,0.50,0.40,0.56,0.33,0.47,0.50,0.43,0.42,0.23,0.59,0.63,0.45,0.56,0.29,0.42,0.58,0.37,0.54,0.72,0.52,0.33,0.45,0.55,0.34,0.52,0.43,0.58,0.62,0.42,0.37,0.37,0.40,0.38,0.72,0.23,0.38,0.60,0.55,0.43,0.57,0.55,0.45,0.70,0.37,0.40,0.40,0.40,0.55,0.37,0.20,0.50,0.73,0.97,0.64,0.36,1.04,0.53,0.76,0.64,0.34,0.46,0.27,0.32,0.58,0.77,0.74,0.36,0.33,0.48,0.40,0.50,0.38,0.35,0.43,0.63,0.80,0.70,0.40,0.52,0.63,0.35,0.50,0.55,0.58,0.43,0.37,0.57,0.20,0.55,0.43,0.40,0.55,0.55,0.76,0.50,0.40,0.27,0.46,0.30,0.25,,,,,,,,,,,,,,,,,,,,,,,,,,,,,,0.45,0.40,0.50,0.40,0.27,0.35,0.80,0.67,0.53,0.83,0.30,0.30,0.70,0.67,,0.15,0.40,0.47,0.60,0.40,0.60,0.13,0.30,1.00,0.35,0.25,0.15,0.27,0.23,0.15,0.15,0.40,0.20,0.33,0.30,0.30,,0.30,0.30,0.25,0.57,0.75,0.45,0.40,0.42,0.23,0.45,0.33,0.67,0.43,0.40,0.63,0.30,0.30,0.55,0.57,0.73,0.50,0.60,0.34,0.20,0.70,0.63,0.55,0.44,0.42,0.35,0.43,0.33,0.40,0.50,0.17,0.40,0.60,0.58,0.73,0.63,0.60,0.93,0.60,0.60,0.55,1.53,0.40,0.80,0.55,0.60,0.45,0.30,0.30,0.20,0.63,0.60,0.67,0.40,0.55,0.43,0.80,0.30,0.40,0.47,0.45,0.43,0.53,0.50,0.40,0.28,0.40,0.55,0.30,0.30,,0.15,0.55,0.33,0.40,0.40,0.45,0.35,0.45,,0.55,0.35,0.40,0.55,0.70,0.45,0.50,0.10,0.15,0.50,0.40,0.45,0.55,0.50,0.45,0.20,0.40,0.30,,0.30,0.45,0.40,0.30,0.40,0.75,0.60,0.35,0.30,0.35,0.55,,0.45,,0.45,,0.20,0.40,0.50,0.10,0.30,0.30,0.20,0.30,0.40,0.40,0.30,0.45,0.10,0.15,0.40,0.60,0.15,0.30,0.30,0.40,0.30,0.20,0.30,0.20,,,,0.45,,
20260622,4,CO_24h,0.28,0.48,0.34,0.53,0.45,0.33,0.32,0.20,0.25,0.30,0.42,0.38,0.45,0.50,0.40,0.45,0.44,0.29,0.50,0.48,0.60,0.72,0.57,0.53,0.56,0.70,0.80,0.81,0.64,0.62,0.86,0.56,0.63,0.78,0.59,0.43,0.70,0.67,0.65,0.50,0.75,0.60,0.40,0.45,0.74,0.45,0.38,0.68,0.33,0.54,0.49,0.76,0.51,0.45,0.47,0.57,0.40,0.30,0.43,0.43,0.50,0.40,0.54,0.35,0.52,0.48,0.47,0.46,0.30,0.68,0.70,0.35,0.40,0.26,0.40,0.57,0.44,0.48,0.44,0.57,0.27,0.35,0.57,0.53,0.50,0.40,0.46,0.42,0.50,0.38,0.40,0.35,0.32,0.78,0.30,0.45,0.60,0.55,0.43,0.60,0.55,0.45,0.70,0.40,0.40,0.40,0.37,0.55,0.33,0.30,0.39,0.73,1.05,0.58,0.36,0.86,0.47,0.58,0.46,0.38,0.42,0.37,0.33,0.58,0.73,0.62,0.47,0.38,0.52,0.43,0.60,0.45,0.38,0.47,0.65,0.85,0.65,0.47,0.50,0.67,0.35,0.45,0.52,0.63,0.47,0.33,0.53,0.25,0.55,0.43,0.47,0.55,0.45,0.56,0.65,0.30,0.40,0.42,0.32,0.25,,,,,,,,,,,,,,,,,,,,,,,,,,,,,,0.53,0.50,0.50,0.47,0.20,0.35,0.95,0.47,0.43,0.60,0.30,0.30,0.55,0.42,,0.15,0.35,0.38,0.63,0.30,0.57,0.17,0.40,0.60,0.45,0.30,0.15,0.30,0.20,0.15,0.17,0.42,0.20,0.30,0.30,0.30,0.20,0.42,0.40,0.35,0.70,0.68,0.45,0.45,0.54,0.30,0.45,0.33,0.65,0.33,0.40,0.77,0.30,0.30,0.90,0.57,0.53,0.52,0.65,0.28,0.20,0.65,0.60,0.50,0.52,0.38,0.40,0.47,0.44,0.55,0.47,0.27,0.45,0.70,0.70,0.90,0.78,0.70,0.70,0.70,0.60,0.55,0.82,0.50,0.90,0.55,0.63,0.50,0.40,0.30,0.20,0.57,0.57,0.57,0.37,0.50,0.37,0.90,0.25,0.50,0.60,0.45,0.43,0.60,0.60,0.50,0.38,0.50,0.55,0.35,0.40,,0.20,0.50,0.33,0.43,0.40,0.50,0.35,0.50,,0.55,0.40,0.40,0.55,0.65,0.50,0.50,0.10,0.20,0.50,0.40,0.45,0.55,0.50,0.45,0.25,0.40,0.30,,0.30,0.40,0.43,0.30,0.50,0.80,0.45,0.35,0.20,0.40,0.50,,0.45,,0.45,,0.20,0.50,0.40,0.20,0.40,0.30,0.20,0.30,0.30,0.35,0.35,0.50,0.20,0.15,0.35,0.70,0.15,0.40,0.30,0.45,0.40,0.20,0.30,0.20,,,,0.40,,
20260622,5,AQI,57,57,37,64,59,23,54,22,31,89,52,37,29,46,41,34,22,16,19,18,20,14,25,25,29,24,16,18,22,23,27,28,31,56,22,34,49,34,40,34,20,45,34,26,28,34,34,21,37,26,33,21,18,17,15,12,20,12,19,14,21,23,28,16,15,21,24,13,31,25,45,32,39,28,20,19,29,29,29,26,21,39,46,36,44,30,47,46,31,38,31,55,32,55,20,17,24,17,17,13,18,17,21,12,25,34,17,21,14,27,45,18,55,49,30,21,35,30,54,18,25,12,25,36,25,29,19,24,34,26,28,26,17,30,24,28,26,20,28,27,21,13,18,19,27,20,10,15,15,12,28,22,41,21,30,34,43,40,33,50,,,,,,,,,,,,,,,,,,,,,,,,,,,,,,31,24,26,23,39,29,23,39,44,57,36,21,45,43,,17,34,25,23,19,26,19,23,54,18,19,17,19,26,20,23,19,31,21,26,18,,32,31,29,11,19,14,32,32,27,30,27,12,29,40,24,25,25,33,19,25,34,37,23,27,30,25,35,23,36,23,26,29,31,27,26,15,31,30,13,33,25,13,22,30,19,25,14,25,20,19,14,23,12,33,28,31,39,23,33,32,12,29,26,26,17,16,13,22,13,11,11,16,17,20,,18,19,20,19,22,18,13,17,,15,23,17,19,22,14,13,11,10,23,16,22,17,24,14,28,31,33,,49,17,24,23,19,23,22,19,42,43,34,,23,,30,,20,21,29,22,19,24,32,34,34,22,17,37,37,29,30,32,52,25,28,28,23,38,29,54,,,,19,,
20260622,5,PM2.5,23,30,18,31,22,8,37,8,6,66,32,24,20,27,14,16,11,8,7,10,3,10,3,11,19,7,4,3,5,6,9,9,14,40,12,24,34,24,28,24,13,25,23,16,5,24,21,15,17,18,23,8,11,8,4,5,9,4,10,5,8,9,15,8,4,15,10,5,4,6,15,18,13,8,11,10,18,18,15,18,8,21,32,25,31,20,33,18,22,9,9,22,11,39,14,9,12,11,9,5,12,3,10,3,10,24,11,11,3,16,22,9,33,18,9,11,12,12,35,9,10,8,9,25,13,20,11,17,24,16,14,14,7,21,4,4,3,6,12,11,9,6,4,6,12,10,6,3,4,5,9,6,29,13,3,14,14,17,5,16,,,,,,,,,,,,,,,,,,,,,,,,,,,,,,8,14,15,5,20,20,6,22,25,25,8,10,16,16,,3,11,9,12,7,11,7,3,38,7,9,11,13,18,11,16,12,21,13,18,8,,4,3,17,3,13,5,11,5,12,3,19,3,20,28,14,16,13,22,10,13,18,24,13,11,14,11,20,16,20,14,18,11,12,19,10,3,18,18,5,20,,6,10,6,3,11,8,3,13,12,7,12,3,9,12,15,27,15,15,16,3,13,8,3,3,3,3,5,3,3,3,3,3,6,,3,7,9,13,5,3,5,12,,9,16,3,5,9,10,3,6,7,5,3,7,12,8,3,3,3,6,,5,3,6,16,3,3,10,7,20,18,12,,12,,3,,5,13,20,10,7,7,3,7,12,6,10,16,9,9,3,19,29,9,5,11,10,3,3,15,,,,8,,
20260622,5,PM2.5_24h,10,13,15,17,11,13,18,9,6,20,20,18,16,17,12,5,7,7,8,15,19,24,12,19,26,17,19,23,27,17,26,25,37,28,18,23,25,28,25,20,16,17,15,11,14,22,17,14,8,25,22,14,14,11,6,7,10,9,8,7,9,10,12,12,15,9,7,6,6,16,20,15,13,12,12,13,15,11,5,20,4,11,23,24,14,14,12,13,20,13,4,15,6,26,15,6,14,11,13,9,14,6,16,8,13,16,12,10,5,24,11,15,25,15,7,8,6,8,11,8,6,10,9,19,22,19,18,16,26,15,23,15,12,12,5,5,5,9,12,14,9,4,9,7,5,4,4,6,10,6,19,11,16,16,16,20,20,15,6,11,,,,,,,,,,,,,,,,,,,,,,,,,,,,,,14,20,18,9,10,16,11,15,16,14,9,13,14,10,,4,10,4,6,3,8,6,3,8,5,7,8,10,17,15,15,15,18,13,15,6,9,17,17,24,13,12,6,24,20,27,14,18,7,17,24,13,11,10,21,11,13,12,18,11,9,14,9,12,21,15,12,23,22,23,19,19,9,15,23,9,22,7,13,7,11,12,10,16,9,11,14,9,15,3,13,13,13,16,15,15,14,7,12,13,4,2,5,7,8,24,6,8,4,5,8,,3,13,11,12,4,15,8,10,,6,14,10,5,10,14,5,5,6,8,6,12,13,6,4,3,3,8,,4,4,11,13,10,17,17,7,19,18,10,,10,,9,,8,15,12,9,8,6,3,8,13,13,8,19,11,9,5,43,21,20,6,11,10,4,8,11,,,,10,,
20260622,5,PM10,64,64,37,77,68,19,57,21,31,83,54,37,29,46,41,34,22,15,18,12,11,12,8,15,26,13,8,7,8,10,12,13,14,52,18,31,43,29,29,32,20,45,34,26,6,34,34,17,37,26,28,13,18,17,15,10,20,12,19,14,21,23,28,16,15,19,24,10,7,10,45,32,39,25,20,19,29,29,29,19,21,39,38,,39,30,47,46,24,38,31,59,32,22,13,17,24,17,17,13,18,17,21,12,25,,17,21,10,27,45,16,60,49,19,21,35,30,57,18,25,12,25,23,19,23,19,23,22,26,21,20,17,,13,9,6,20,28,27,21,13,7,19,27,20,10,6,13,11,9,11,26,17,7,34,43,40,19,50,,,,,,,,,,,,,,,,,,,,,,,,,,,,,,14,14,26,21,39,22,10,39,44,63,36,21,45,43,,14,31,25,23,19,26,15,23,48,18,12,17,11,23,19,19,19,31,21,22,17,,7,7,21,7,,14,8,12,20,7,20,6,21,33,24,25,25,33,19,25,34,37,21,27,30,25,35,23,36,23,22,13,20,25,20,15,22,30,7,33,10,11,,12,11,25,14,20,17,19,11,23,12,33,28,31,39,23,33,32,12,29,26,13,6,11,10,22,7,8,7,6,10,20,,7,19,20,13,22,9,13,13,,15,11,14,9,22,12,8,6,9,23,7,22,17,11,14,6,10,,,13,6,8,21,6,6,21,19,42,43,34,,23,,30,,20,21,21,13,19,18,6,23,34,22,11,37,24,29,30,32,53,6,24,15,23,11,25,58,,,,19,,
20260622,5,PM10_24h,32,35,39,43,40,17,44,23,18,45,40,49,33,38,33,16,17,12,18,18,25,30,16,29,41,28,29,31,29,20,33,33,37,34,24,38,30,31,24,31,21,31,21,20,19,35,29,15,34,31,23,22,25,22,16,13,17,16,20,16,18,19,25,19,25,12,21,13,11,21,32,17,43,35,24,21,32,34,15,25,13,22,37,38,37,38,30,41,44,25,26,35,23,35,19,19,26,21,25,20,20,15,24,16,28,28,22,23,12,32,36,21,47,44,13,16,21,20,29,19,15,19,18,21,29,18,23,21,30,26,33,24,18,17,14,8,5,23,28,25,20,11,12,19,16,14,10,13,17,13,25,15,28,19,25,53,45,42,25,42,,,,,,,,,,,,,,,,,,,,,,,,,,,,,,23,21,30,21,41,29,19,31,51,52,30,21,41,29,,12,33,18,21,15,23,12,16,19,22,9,15,14,20,24,20,21,21,24,25,14,14,26,21,39,25,14,13,21,32,37,8,18,12,18,37,22,20,18,34,17,23,30,33,22,28,30,24,25,22,32,19,26,27,35,31,40,28,21,30,22,26,14,17,11,19,19,22,20,15,15,22,18,23,9,31,31,30,27,21,31,26,20,25,31,17,6,12,13,20,25,24,13,9,12,20,,6,15,16,12,14,24,15,10,,10,13,15,10,24,17,10,7,10,25,12,21,21,14,10,8,12,15,,13,8,14,30,26,25,26,18,43,41,31,,20,,26,,15,22,18,16,16,17,10,19,35,28,12,48,26,25,29,57,45,45,21,26,41,30,30,36,,,,20,,
20260622,5,SO2,3,8,2,4,14,4,5,3,3,3,7,4,6,11,11,9,7,6,6,6,5,6,4,6,7,7,5,6,4,9,7,7,5,6,5,5,6,8,5,5,6,2,4,6,8,5,4,7,6,6,4,4,5,6,5,6,6,6,7,3,6,8,3,4,8,4,8,4,5,5,7,7,7,5,6,6,9,7,14,5,7,19,4,8,11,9,11,12,8,5,5,7,7,9,5,8,17,6,7,4,8,6,10,5,5,24,3,10,5,9,10,10,6,10,14,8,11,7,28,6,4,6,5,7,6,3,9,3,7,9,4,7,7,6,4,7,8,6,3,5,2,9,10,13,3,8,4,6,3,2,5,6,3,7,6,7,7,12,6,5,,,,,,,,,,,,,,,,,,,,,,,,,,,,,,5,3,5,4,5,8,4,8,4,40,10,5,13,9,,7,13,9,8,8,6,4,7,9,10,3,4,7,8,5,7,6,4,9,6,9,,5,6,4,8,5,4,7,5,5,5,4,4,6,5,8,3,6,5,4,11,10,19,5,8,4,5,13,7,8,5,3,5,6,4,5,4,8,7,5,6,4,6,7,3,5,10,4,4,5,9,5,9,3,6,5,4,17,6,11,12,5,8,6,6,8,9,4,11,6,5,7,7,3,3,,6,7,5,6,3,6,4,3,,4,6,9,8,5,6,1,3,3,8,5,6,4,9,7,4,7,4,,4,4,4,13,4,7,8,10,10,12,9,,4,,8,,4,8,9,10,12,11,6,20,9,7,7,7,5,8,6,4,6,3,4,5,5,7,6,7,,,,4,,
20260622,5,SO2_24h,3,7,2,5,9,3,4,3,5,3,9,7,5,9,10,6,7,5,6,6,5,6,4,7,9,6,5,7,5,9,8,8,7,6,5,5,6,6,5,6,6,2,4,5,8,5,3,7,6,7,4,4,5,6,5,6,6,6,7,3,5,7,3,4,8,4,10,5,6,5,10,6,7,5,6,7,11,8,8,5,7,14,4,11,14,10,9,12,10,5,6,5,7,10,4,8,11,6,7,4,8,6,6,5,6,11,3,8,5,5,10,10,7,16,11,10,9,8,7,5,3,6,5,6,6,4,8,3,7,7,5,8,7,7,4,7,8,5,3,5,2,8,9,12,3,9,4,6,3,3,5,5,3,6,6,14,7,11,6,4,,,,,,,,,,,,,,,,,,,,,,,,,,,,,,6,3,5,4,6,9,4,8,9,22,8,4,12,6,,6,10,9,9,9,7,4,7,9,10,1,4,7,10,5,7,6,4,8,6,10,7,6,8,5,9,4,4,8,5,5,5,4,4,6,5,8,4,5,6,4,9,6,18,3,7,3,5,7,6,7,5,3,6,6,4,4,5,8,7,6,7,4,6,8,4,5,6,5,5,5,5,6,7,3,7,5,3,6,4,13,10,5,12,6,7,9,9,3,7,7,8,7,7,4,3,,6,8,4,5,3,9,4,3,,4,6,9,9,5,6,2,3,4,8,4,6,5,8,7,5,7,4,,4,4,4,13,5,7,13,11,9,7,9,,4,,8,,4,8,9,10,11,15,6,19,7,7,7,6,6,8,5,3,6,3,4,6,4,7,6,6,,,,4,,
20260622,5,NO2,28,44,13,34,59,9,25,7,20,32,43,24,20,23,14,44,17,31,37,10,8,16,4,13,9,4,12,8,10,4,6,3,6,20,4,6,19,14,9,5,7,28,24,16,4,11,28,15,30,13,7,5,5,12,10,2,9,3,11,10,16,7,9,6,8,13,4,5,5,4,20,14,13,8,7,15,17,13,25,10,14,40,24,10,39,12,36,42,10,36,30,22,27,24,15,18,13,8,19,5,14,4,16,3,12,32,6,5,4,11,15,7,18,36,13,12,27,28,48,21,20,13,10,8,5,18,8,11,12,10,7,5,7,5,6,2,5,7,5,8,13,13,8,13,7,6,12,4,3,6,3,9,16,5,4,23,16,20,2,7,,,,,,,,,,,,,,,,,,,,,,,,,,,,,,4,7,13,9,16,17,7,15,24,35,16,7,15,19,,7,4,35,13,22,16,26,,16,13,9,14,23,10,7,9,4,15,13,7,9,,8,4,7,5,13,2,2,5,2,5,6,6,7,17,13,18,5,6,6,10,19,17,5,6,11,6,13,12,11,7,9,10,5,7,6,8,4,9,7,7,3,11,4,4,,10,2,4,5,4,4,5,6,23,8,10,20,11,15,16,4,9,11,6,4,4,10,23,5,12,5,7,4,2,,3,12,9,2,8,3,6,2,,3,8,11,5,5,6,3,3,6,4,5,5,9,6,11,3,3,5,,1,4,5,8,3,5,10,9,16,13,14,,7,,4,,16,3,6,2,4,2,7,2,14,17,6,8,4,5,6,5,14,5,2,10,3,3,4,5,,,,5,,
20260622,5,NO2_24h,19,26,10,21,22,9,18,9,12,21,29,24,9,16,16,20,14,16,24,16,12,19,8,12,15,8,17,17,18,5,10,6,13,16,17,10,15,13,12,10,13,16,13,8,12,9,14,8,24,18,10,10,5,12,9,2,9,4,8,7,8,7,10,6,11,9,6,7,8,9,18,13,14,12,10,7,18,14,14,9,12,22,16,15,31,20,22,26,18,20,17,14,16,16,14,16,11,7,10,4,9,4,10,2,13,11,6,5,5,14,13,8,21,25,11,15,19,15,22,13,10,9,8,8,8,19,12,7,13,8,13,10,9,7,9,3,7,6,5,8,9,7,9,11,10,7,8,7,6,6,9,11,13,7,10,16,14,18,5,14,,,,,,,,,,,,,,,,,,,,,,,,,,,,,,6,7,11,9,14,13,8,13,21,19,13,9,12,10,,5,5,17,13,16,13,15,20,13,12,6,13,12,7,8,7,7,10,9,5,15,4,10,8,10,12,13,4,7,11,6,6,8,9,5,12,11,10,5,12,5,8,13,9,5,9,8,6,8,7,11,10,7,12,5,9,9,6,6,12,11,9,5,10,5,6,5,8,4,5,4,5,10,7,7,18,6,7,9,8,11,11,5,7,11,9,8,7,10,21,9,21,8,8,5,4,,10,10,7,2,6,8,4,4,,4,5,10,6,5,6,4,3,5,5,8,6,11,7,10,6,4,6,,1,6,7,13,7,10,15,11,14,14,16,,9,,12,,8,9,4,2,7,2,9,1,14,15,8,12,11,9,6,10,8,10,5,10,3,7,6,5,,,,4,,
20260622,5,O3,46,30,33,13,17,75,44,71,19,52,44,34,53,50,84,16,65,51,15,57,65,39,80,81,94,76,50,59,71,75,86,91,100,21,70,60,19,45,55,62,46,15,19,19,89,45,16,21,42,77,72,67,54,27,23,38,30,38,26,31,17,21,40,31,37,25,44,42,100,81,59,31,50,91,25,14,82,68,38,46,61,12,20,84,42,65,29,20,96,26,27,40,40,45,64,49,38,34,19,39,22,35,19,37,30,10,30,33,45,50,68,56,32,17,97,55,18,19,4,27,31,28,46,62,80,28,62,53,52,51,90,83,37,71,76,90,84,25,73,40,44,22,58,35,46,48,29,49,49,37,89,70,23,68,96,48,86,45,107,93,,,,,,,,,,,,,,,,,,,,,,,,,,,,,,98,77,16,75,81,40,73,51,31,44,75,21,69,68,,54,108,27,49,42,54,60,12,7,11,61,35,4,31,63,40,44,32,27,34,56,,101,99,92,35,25,14,103,101,86,96,82,38,42,24,12,4,12,64,12,13,19,6,75,48,25,29,20,54,50,49,69,93,99,77,84,41,99,91,43,85,79,41,69,97,61,18,44,79,63,52,44,19,15,17,56,53,28,28,24,17,22,39,29,83,55,50,42,34,41,36,35,51,55,13,,57,37,31,43,12,57,16,54,,34,37,53,62,29,33,40,36,33,32,51,18,25,76,30,91,99,104,,158,53,78,70,60,72,71,30,58,74,37,,61,,42,,36,56,47,70,60,76,103,108,43,39,54,96,118,92,86,73,67,79,90,88,47,123,92,84,,,,36,,
20260622,5,O3_24h,46,30,33,13,17,75,44,71,19,52,44,34,53,50,84,16,65,51,15,57,65,39,80,81,94,76,50,59,71,75,86,91,100,21,70,60,19,45,55,62,46,15,19,19,89,45,16,21,42,77,72,67,54,27,23,38,30,38,26,31,17,21,40,31,37,25,44,42,100,81,59,31,50,91,25,14,82,68,38,46,61,12,20,84,42,65,29,20,96,26,27,40,40,45,64,49,38,34,19,39,22,35,19,37,30,10,30,33,45,50,68,56,32,17,97,55,18,19,4,27,31,28,46,62,80,28,62,53,52,51,90,83,37,71,76,90,84,25,73,40,44,22,58,35,46,48,29,49,49,37,89,70,23,68,96,48,86,45,107,93,,,,,,,,,,,,,,,,,,,,,,,,,,,,,,98,77,16,75,81,40,73,51,31,44,75,21,69,68,,54,108,27,49,42,54,60,12,7,11,61,35,4,31,63,40,44,32,27,34,56,,101,99,92,35,25,14,103,101,86,96,82,38,42,24,12,4,12,64,12,13,19,6,75,48,25,29,20,54,50,49,69,93,99,77,84,41,99,91,43,85,79,41,69,97,61,18,44,79,63,52,44,19,15,17,56,53,28,28,24,17,22,39,29,83,55,50,42,34,41,36,35,51,55,13,,57,37,31,43,12,57,16,54,,34,37,53,62,29,33,40,36,33,32,51,18,25,76,30,91,99,104,,158,53,78,70,60,72,71,30,58,74,37,,61,,42,,36,56,47,70,60,76,103,108,43,39,54,96,118,92,86,73,67,79,90,88,47,123,92,84,,,,36,,
20260622,5,O3_8h,122,,,,,,,,,,,,,,,,,83,,,,,,,,,,,,,,,,,,,,,,,,,,,119,,,,,,,,,,,,,,,,,,,,,,,,,,,,,,,,,,,,,,,,,,,,,,,,,,,,,,,,,,,,,,,,,,,,,,,,,,,,,,,,,,92,,,,,,,,,,,,,,,,,,,,,,,,,,,,,,,,,,,,,,,,,,,,,,,,,,,,,,,,,,,,,,,,,,,,,,,,,,,,,,,,,,,,,,,,,,,,,,,,,,,101,,,,,,,,,,,,,,,,,,,,,,,,,,,,,,,,118,,,,,,,,,,,,,,,,,,,51,,,,,,,,,,,,,,,,,,,,,,,,,,,,51,,,,,,,,,,,,,,,,,,,,,,,,,,,,,,,,,,,,,,,,,,,,,,,,,,,,,,,,,,,,,,,,,,,,,,
20260622,5,O3_8h_24h,,,,,,,,,,,,,,,,,,,,,,,,,,,,,,,,,,,,,,,,,,,,,,,,,,,,,,,,,,,,,,,,,,,,,,,,,,,,,,,,,,,,,,,,,,,,,,,,,,,,,,,,,,,,,,,,,,,,,,,,,,,,,,,,,,,,,,,,,,,,,,,,,,,,,,,,,,,,,,,,,,,,,,,,,,,,,,,,,,,,,,,,,,,,,,,,,,,,,,,,,,,,,,,,,,,,,,,,,,,,,,,,,,,,,,,,,,,,,,,,,,,,,,,,,,,,,,,,,,,,,,,,,,,,,,,,,,,,,,,,,,,,,,,,,,,,,,,,,,,,,,,,,,,,,,,,,,,,,,,,,,,,,,,,,,,,,,,,,,,,,,,,,,,,,,,,,,,,,,,,,,,,,,,,,,,,,,,
20260622,5,CO,0.36,0.57,0.48,0.62,0.75,0.70,0.54,0.17,0.20,0.50,0.45,0.48,0.53,0.65,0.54,1.14,0.46,0.28,0.46,0.35,0.70,0.44,0.38,0.44,0.46,0.56,0.56,0.46,0.52,0.50,0.66,0.44,0.45,0.83,0.44,0.40,0.73,0.60,0.55,0.43,0.55,0.63,0.50,0.45,0.59,0.43,0.43,0.68,0.31,0.44,0.42,0.56,0.51,0.46,0.49,0.63,0.43,0.30,0.43,0.43,0.53,0.40,0.53,0.33,0.47,0.51,0.43,0.42,0.23,0.58,0.63,0.55,0.48,0.26,0.45,0.57,0.40,0.52,0.78,0.52,0.33,0.50,0.60,0.34,0.60,0.43,0.64,0.60,0.40,0.37,0.37,0.40,0.38,0.78,0.23,0.40,0.60,0.57,0.43,0.60,0.55,0.45,0.70,0.37,0.40,0.50,0.37,0.55,0.33,0.20,0.51,0.73,1.05,0.66,0.36,1.00,0.72,0.82,0.82,0.30,0.44,0.30,0.34,0.63,0.77,0.72,0.39,0.33,0.48,0.47,0.50,0.38,0.30,0.47,0.63,0.78,0.60,0.40,0.50,0.64,0.35,0.50,0.52,0.55,0.43,0.37,0.60,0.25,0.57,0.43,0.43,0.55,0.55,0.76,0.45,0.90,0.30,0.44,0.28,0.20,,,,,,,,,,,,,,,,,,,,,,,,,,,,,,0.43,0.40,0.50,0.40,0.27,0.35,0.95,0.63,0.60,0.93,0.30,0.30,0.75,0.70,,0.15,0.40,0.55,0.63,0.45,0.67,0.10,0.30,1.90,0.35,0.25,0.15,0.27,0.20,0.15,0.20,0.40,0.20,0.33,0.30,0.30,,0.35,0.24,0.25,0.50,1.00,0.45,0.40,0.38,0.17,0.42,0.37,0.45,0.33,0.40,0.87,0.30,0.30,0.55,0.57,0.63,0.50,0.85,0.34,0.20,0.70,0.63,0.60,0.48,0.52,0.40,0.43,0.33,0.43,0.50,0.17,0.47,0.60,0.60,0.73,0.60,0.60,0.87,0.60,0.60,0.55,1.18,0.40,0.80,0.55,0.60,0.40,0.35,0.25,0.15,0.63,0.55,0.70,0.40,0.50,0.43,0.80,0.30,0.40,0.50,0.45,0.43,0.50,0.60,0.42,0.28,0.40,0.55,0.30,0.30,,0.15,0.45,0.60,0.40,0.40,0.45,0.35,0.45,,0.55,0.35,0.40,0.55,0.70,0.50,0.50,0.10,0.15,0.50,0.35,0.45,0.55,0.50,0.45,0.20,0.40,0.50,,0.30,0.40,0.40,0.30,0.40,0.75,0.35,0.35,0.20,0.40,0.50,,0.45,,0.40,,0.20,0.40,0.40,0.10,0.30,0.30,0.20,0.30,0.47,0.40,0.30,0.55,,0.15,0.40,0.60,0.20,0.35,0.20,0.50,0.30,0.20,0.30,0.20,,,,0.45,,
20260622,5,CO_24h,0.28,0.49,0.34,0.56,0.45,0.35,0.32,0.20,0.25,0.30,0.45,0.38,0.45,0.50,0.40,0.49,0.43,0.28,0.52,0.46,0.61,0.72,0.57,0.53,0.54,0.70,0.80,0.81,0.64,0.62,0.86,0.56,0.60,0.79,0.57,0.43,0.70,0.67,0.65,0.50,0.75,0.60,0.40,0.45,0.73,0.45,0.38,0.67,0.33,0.54,0.47,0.76,0.51,0.45,0.47,0.57,0.40,0.30,0.43,0.43,0.50,0.40,0.56,0.35,0.52,0.48,0.47,0.44,0.28,0.68,0.70,0.35,0.40,0.26,0.40,0.57,0.43,0.48,0.46,0.57,0.27,0.35,0.57,0.53,0.50,0.40,0.44,0.47,0.48,0.37,0.38,0.35,0.32,0.76,0.30,0.45,0.60,0.55,0.43,0.60,0.55,0.45,0.70,0.40,0.40,0.40,0.37,0.55,0.33,0.30,0.41,0.73,1.05,0.58,0.36,0.86,0.47,0.60,0.44,0.38,0.42,0.33,0.38,0.57,0.73,0.64,0.47,0.38,0.52,0.40,0.57,0.45,0.38,0.47,0.65,0.85,0.70,0.47,0.50,0.67,0.35,0.45,0.52,0.60,0.47,0.33,0.53,0.25,0.55,0.43,0.47,0.55,0.45,0.56,0.65,0.30,0.40,0.42,0.32,0.20,,,,,,,,,,,,,,,,,,,,,,,,,,,,,,0.53,0.40,0.50,0.47,0.20,0.40,0.98,0.47,0.43,0.60,0.30,0.30,0.55,0.47,,0.15,0.35,0.38,0.63,0.30,0.57,0.17,0.40,0.60,0.45,0.30,0.15,0.30,0.20,0.15,0.17,0.42,0.20,0.30,0.30,0.30,0.20,0.40,0.38,0.35,0.70,0.70,0.45,0.45,0.54,0.30,0.45,0.33,0.65,0.33,0.40,0.77,0.30,0.30,0.80,0.57,0.53,0.52,0.65,0.28,0.20,0.65,0.60,0.50,0.50,0.37,0.40,0.47,0.44,0.55,0.47,0.27,0.45,0.70,0.68,0.90,0.75,0.70,0.70,0.70,0.60,0.55,0.85,0.50,0.90,0.55,0.63,0.50,0.40,0.30,0.20,0.57,0.57,0.57,0.37,0.50,0.37,0.90,0.20,0.50,0.60,0.45,0.43,0.60,0.60,0.47,0.38,0.50,0.55,0.35,0.40,,0.20,0.50,0.33,0.43,0.40,0.50,0.35,0.50,,0.55,0.40,0.40,0.55,0.65,0.50,0.50,0.10,0.20,0.50,0.40,0.45,0.55,0.50,0.45,0.20,0.40,0.30,,0.30,0.45,0.43,0.30,0.50,0.80,0.45,0.35,0.20,0.40,0.50,,0.45,,0.45,,0.20,0.50,0.40,0.20,0.40,0.30,0.20,0.30,0.30,0.35,0.35,0.50,0.10,0.15,0.35,0.60,0.15,0.40,0.30,0.45,0.40,0.20,0.30,0.20,,,,0.40,,
20260622,6,AQI,51,57,40,63,56,25,53,24,32,93,51,47,38,49,42,35,18,16,20,18,21,13,26,27,29,25,14,17,23,24,27,29,32,53,21,34,44,31,43,34,13,41,42,25,26,36,35,24,38,24,34,24,18,17,14,13,19,11,20,16,21,21,26,16,15,20,23,13,31,27,36,33,36,29,19,22,32,29,25,27,22,39,55,34,46,36,46,49,28,39,28,27,28,50,19,17,24,18,18,16,22,14,23,12,26,47,19,22,14,29,47,19,53,51,25,21,27,26,55,16,20,13,23,24,23,18,21,24,33,33,28,25,19,33,24,29,27,21,21,28,21,20,16,18,26,23,12,16,16,11,25,24,40,20,29,34,42,39,33,46,,,,,,,,,,,,,,,,,,,,,,,,,,,,,,30,26,26,20,42,26,22,35,53,57,32,22,44,41,,17,34,27,23,18,27,19,20,44,29,21,17,26,26,19,19,24,29,19,27,18,,28,30,27,11,14,10,31,29,27,30,31,12,13,46,25,23,28,34,21,28,41,47,23,28,33,27,37,33,38,21,21,28,31,24,25,16,30,37,16,36,25,13,21,30,22,24,13,25,19,19,23,21,10,31,23,25,34,24,37,32,12,27,33,27,18,16,11,22,12,11,10,14,18,23,,18,17,15,20,20,16,16,17,,13,23,15,20,21,10,13,11,10,30,16,19,22,24,11,28,30,32,,48,19,24,27,18,23,21,17,35,39,30,,23,,32,,23,23,26,20,20,23,33,34,27,25,17,49,31,28,30,36,50,23,29,30,49,36,29,49,,,,17,,
20260622,6,PM2.5,21,31,19,33,6,12,36,10,7,69,27,23,19,33,18,18,10,9,8,9,3,9,3,9,20,5,5,3,3,7,10,8,11,37,11,24,31,22,30,24,5,23,29,15,3,25,21,17,18,17,24,8,11,8,4,4,10,4,9,5,9,11,15,9,4,14,9,4,5,4,16,23,13,9,11,11,17,18,13,19,10,13,39,24,32,24,32,21,19,11,13,19,12,35,12,12,12,12,9,6,13,3,11,3,10,33,11,11,3,19,21,13,29,22,8,12,12,13,35,9,14,6,7,17,9,12,13,17,23,23,19,16,8,23,3,9,3,7,14,12,9,11,4,6,11,11,7,3,4,4,12,5,28,8,4,14,18,16,8,16,,,,,,,,,,,,,,,,,,,,,,,,,,,,,,12,16,15,7,17,16,9,21,23,22,14,10,16,20,,3,13,14,11,8,15,8,6,24,15,14,12,18,18,12,13,12,19,13,19,7,,3,3,19,3,10,5,11,7,14,3,22,3,8,32,17,16,13,24,11,18,19,26,11,10,15,10,26,23,21,15,14,16,15,17,10,3,17,20,4,21,3,7,8,12,3,12,9,3,12,12,11,12,3,17,11,11,24,17,16,19,3,12,9,3,3,3,3,3,3,3,3,3,3,6,,3,5,10,14,5,5,6,11,,9,16,6,6,9,7,3,3,6,5,3,7,13,3,3,3,3,7,,6,5,4,19,3,3,9,6,16,18,11,,13,,9,,10,16,18,9,7,7,3,9,15,15,7,16,12,3,3,20,29,3,3,13,6,3,3,10,,,,8,,
20260622,6,PM2.5_24h,10,14,15,18,11,13,19,9,6,23,20,18,16,18,13,5,7,7,8,15,18,23,12,18,25,16,19,21,25,16,25,24,35,29,18,24,25,28,25,20,15,18,16,11,13,22,17,14,8,25,21,13,14,11,6,6,10,9,8,7,9,10,12,12,14,9,7,6,6,16,20,15,13,12,11,13,15,12,6,20,4,11,23,23,15,15,13,13,19,11,4,14,6,26,15,6,14,11,13,9,14,6,16,7,13,16,11,10,5,24,12,14,25,15,7,8,5,8,12,8,6,10,9,19,21,18,18,17,26,15,23,14,12,13,5,5,5,9,12,14,9,5,9,7,6,4,4,5,10,6,18,11,16,16,16,20,19,14,6,11,,,,,,,,,,,,,,,,,,,,,,,,,,,,,,14,19,18,8,11,17,11,15,16,14,10,13,14,11,,4,10,4,6,3,9,5,3,8,6,8,9,11,17,15,16,15,18,13,15,6,9,16,16,24,12,12,6,24,19,26,13,18,7,16,24,13,12,10,21,11,13,12,18,11,9,14,9,13,21,15,12,22,22,22,19,18,8,16,23,9,22,6,13,7,11,12,10,15,9,11,13,9,15,3,13,13,13,16,15,15,14,7,12,13,3,1,5,7,8,23,7,8,4,5,8,,3,13,11,12,4,15,8,10,,6,14,10,5,10,13,5,5,6,8,6,12,13,6,4,3,3,8,,4,4,11,13,10,16,17,7,19,18,10,,10,,10,,8,14,12,9,8,6,3,8,13,13,8,18,11,9,5,42,21,19,6,12,10,4,8,10,,,,10,,
20260622,6,PM10,52,64,40,76,62,22,56,24,32,87,51,47,38,49,42,35,18,15,20,11,8,11,8,14,23,10,9,8,7,10,14,11,13,50,17,29,41,28,31,34,11,41,42,25,6,36,35,21,38,21,28,11,17,17,14,9,19,10,20,15,21,21,26,16,15,20,23,10,7,7,36,32,36,27,19,22,32,29,25,20,22,39,42,24,42,36,43,49,23,39,28,23,28,30,16,17,24,18,18,16,22,11,23,11,26,34,19,22,6,29,47,14,55,51,25,21,27,26,59,16,19,11,23,20,13,18,21,23,24,30,21,25,19,26,11,10,6,21,20,28,21,20,8,18,26,23,12,8,16,8,13,9,,8,9,34,42,39,18,46,,,,,,,,,,,,,,,,,,,,,,,,,,,,,,23,17,26,15,42,26,12,35,55,64,32,22,44,41,,12,33,27,23,18,27,15,20,44,29,21,16,,18,19,19,24,29,18,21,15,,7,6,21,8,13,10,9,11,22,6,,6,11,34,25,22,28,34,21,28,41,47,20,28,33,27,37,30,38,21,21,21,19,23,21,16,26,37,9,36,6,9,12,20,12,24,12,22,18,19,23,21,10,31,23,25,33,23,37,32,12,27,33,10,6,9,11,22,6,7,8,6,10,23,,7,17,15,15,20,9,16,13,,13,17,14,8,21,9,6,6,9,30,7,19,22,11,11,6,8,12,,13,,8,24,6,7,21,17,35,39,30,,23,,32,,23,22,24,16,16,16,6,13,27,25,12,49,23,27,30,36,50,14,21,16,49,10,23,49,,,,17,,
20260622,6,PM10_24h,33,36,39,45,42,17,44,23,19,48,40,49,32,39,34,17,17,12,18,17,24,29,16,27,40,27,28,30,28,19,32,32,36,35,24,38,31,31,24,31,20,32,22,21,18,35,30,15,34,30,23,21,25,21,16,13,17,15,20,15,18,19,25,19,24,12,22,13,10,20,32,17,42,34,24,21,31,34,15,25,14,23,36,37,38,39,31,41,43,25,26,34,23,35,19,18,26,20,24,20,20,15,24,16,28,28,22,23,11,31,36,20,47,43,13,16,21,21,30,19,16,19,18,21,28,18,22,21,29,26,32,23,18,17,14,8,5,23,29,25,20,12,13,20,16,15,10,12,17,13,25,15,28,18,25,52,45,42,25,42,,,,,,,,,,,,,,,,,,,,,,,,,,,,,,23,20,29,20,41,29,19,31,51,52,30,21,41,30,,12,33,18,22,16,23,12,16,20,22,10,15,14,20,24,21,21,22,25,25,14,14,24,20,38,24,14,13,21,31,36,8,18,11,17,37,22,20,18,34,17,23,30,34,22,28,30,25,25,22,31,19,24,26,34,29,37,27,21,30,21,26,13,16,10,19,18,22,20,15,15,22,18,23,9,31,31,30,26,21,31,26,21,26,31,16,5,12,13,20,23,23,13,8,12,20,,6,16,16,12,14,23,15,11,,10,13,15,10,24,16,10,6,10,25,12,21,21,14,9,8,12,15,,13,8,13,28,25,24,26,17,43,41,31,,20,,26,,16,22,18,16,16,17,9,19,35,28,12,48,25,25,30,57,46,43,21,27,41,30,30,36,,,,20,,
20260622,6,SO2,3,9,2,7,15,8,5,3,3,4,7,4,7,12,11,12,10,6,8,6,5,6,4,6,7,7,4,6,4,9,7,8,6,6,5,5,6,7,5,5,6,2,5,7,7,5,4,8,6,6,4,4,5,6,5,6,5,6,7,2,6,10,3,4,8,4,8,4,5,5,7,8,6,5,5,6,11,8,15,4,11,16,12,8,12,9,10,13,8,5,5,6,7,8,4,10,13,7,8,4,7,6,9,5,5,35,4,12,6,10,11,10,7,11,11,8,13,7,26,6,5,6,7,5,6,4,8,3,8,8,5,9,7,6,4,7,7,5,4,5,2,9,10,19,4,8,5,6,3,3,5,6,2,7,6,8,12,11,6,5,,,,,,,,,,,,,,,,,,,,,,,,,,,,,,5,3,10,4,5,8,30,6,4,38,9,5,14,23,,6,14,8,,9,6,4,,11,10,2,5,9,10,5,7,6,4,8,6,10,,6,7,7,8,5,4,8,5,4,5,4,22,7,5,,3,12,4,6,13,10,31,7,9,6,7,14,7,10,5,3,5,6,4,4,4,7,7,6,7,4,5,,3,5,9,4,4,6,9,9,8,3,7,6,3,16,6,11,12,5,7,6,6,8,9,3,11,6,5,7,7,3,3,,6,7,4,5,3,6,3,3,,4,5,9,8,5,6,2,3,3,7,5,6,4,8,7,5,7,4,,5,4,4,19,4,7,6,10,9,16,9,,5,,8,,4,7,8,10,12,11,6,18,9,6,6,7,5,8,6,4,7,3,5,5,5,7,6,9,,,,5,,
20260622,6,SO2_24h,3,8,2,5,9,3,4,3,5,3,9,7,5,9,10,6,7,5,6,6,5,6,4,7,9,6,5,7,5,9,8,8,7,6,5,5,6,6,5,6,6,2,4,5,8,5,3,7,6,7,4,4,5,6,5,6,6,6,7,3,5,7,3,4,8,4,10,5,6,5,10,7,7,5,6,7,11,8,8,5,7,14,4,11,14,10,10,12,10,5,6,5,7,9,4,8,11,6,7,4,8,6,6,5,6,11,3,8,5,5,10,10,7,16,11,10,9,8,8,5,3,6,5,6,6,4,8,3,7,7,5,9,7,6,4,7,8,5,3,5,2,8,9,11,3,9,4,6,3,3,5,5,3,6,6,14,7,10,6,4,,,,,,,,,,,,,,,,,,,,,,,,,,,,,,6,3,5,4,6,9,5,8,9,22,8,4,12,7,,6,10,9,9,9,7,4,7,10,10,1,4,7,10,5,7,6,4,8,6,10,7,6,8,5,9,4,4,8,5,5,5,4,5,6,5,8,4,5,6,4,10,7,19,3,7,3,5,8,6,7,5,3,6,6,4,4,5,8,7,6,7,4,6,8,4,5,6,5,5,5,5,6,7,3,7,5,3,6,4,13,11,5,11,6,7,9,9,3,7,6,8,7,7,4,3,,6,8,4,5,3,9,4,3,,4,6,9,9,5,6,2,3,4,8,4,6,5,8,7,5,7,4,,4,4,4,14,5,7,13,11,9,7,9,,4,,8,,4,7,9,10,11,15,6,19,7,7,7,6,6,8,5,3,6,3,4,6,4,7,6,7,,,,4,,
20260622,6,NO2,34,46,16,37,49,8,28,9,17,39,43,40,15,23,19,40,18,32,37,11,8,15,4,13,8,3,12,9,7,3,6,3,7,22,6,9,18,14,11,10,8,25,19,12,6,11,17,17,32,9,9,4,3,15,12,3,11,4,10,13,18,11,10,7,7,14,5,5,5,4,27,14,14,6,6,14,24,14,25,9,19,45,25,11,41,18,33,45,11,33,34,22,27,23,16,21,13,9,13,4,10,5,15,2,14,29,7,8,4,14,14,9,17,32,22,13,23,24,45,15,16,9,12,8,5,20,8,10,13,11,7,8,7,5,6,2,5,7,7,10,11,15,10,18,8,6,13,5,4,6,4,7,17,6,4,32,15,19,2,6,,,,,,,,,,,,,,,,,,,,,,,,,,,,,,4,6,12,9,12,14,6,15,26,40,18,7,16,20,,6,4,31,14,21,19,23,38,28,15,12,12,19,8,8,13,7,10,10,6,8,,12,6,6,6,15,3,2,6,2,4,7,5,5,14,11,15,10,8,7,16,20,18,6,6,11,5,14,15,12,11,8,10,5,8,7,8,4,9,7,7,3,9,5,4,3,10,4,5,5,5,8,6,6,27,5,9,15,10,15,16,4,9,11,5,6,4,10,20,6,9,5,7,4,3,,4,11,8,2,7,5,5,2,,3,8,11,5,6,6,4,3,5,4,6,6,9,6,9,3,3,4,,1,3,5,9,3,5,11,13,18,13,17,,9,,5,,15,10,6,2,5,2,5,2,15,16,6,10,7,7,6,7,14,9,3,8,2,4,5,5,,,,5,,
20260622,6,NO2_24h,20,26,10,22,23,9,18,9,12,21,30,25,9,16,17,22,14,17,24,15,12,18,8,12,14,8,17,15,16,5,10,6,13,17,16,10,16,13,12,10,12,16,13,8,11,9,14,8,25,18,10,10,5,12,9,2,9,4,7,7,9,7,10,6,11,9,6,7,8,9,18,13,13,11,9,8,18,14,15,9,12,22,15,15,32,20,22,27,17,20,17,14,17,16,14,16,12,7,10,4,9,4,10,2,12,12,6,5,5,14,13,8,21,25,11,15,19,15,22,13,10,9,8,7,7,19,11,7,13,9,13,10,9,6,8,3,7,6,5,8,9,7,10,11,10,7,8,7,6,6,9,11,14,7,10,16,14,18,5,13,,,,,,,,,,,,,,,,,,,,,,,,,,,,,,6,6,11,9,13,13,8,13,21,19,13,9,12,11,,5,5,18,13,16,14,15,21,14,12,6,13,12,7,8,7,7,10,9,5,14,4,10,8,9,11,12,4,6,11,5,6,8,9,5,12,11,10,5,12,5,8,13,9,5,9,8,6,8,8,11,11,7,12,5,9,9,6,6,11,11,9,5,9,5,6,5,8,4,5,4,5,10,7,7,18,6,7,9,8,11,11,5,7,11,9,8,7,10,21,9,20,8,8,5,4,,10,10,8,2,6,8,4,4,,4,5,10,6,5,6,4,3,5,5,8,7,11,7,9,6,4,6,,1,6,6,11,7,10,14,11,15,14,16,,9,,12,,9,10,4,2,7,2,8,1,13,15,8,13,10,9,6,10,8,10,5,10,3,7,6,5,,,,4,,
20260622,6,O3,37,29,38,15,23,79,45,65,18,41,43,34,54,37,72,21,58,47,22,57,68,39,84,86,91,81,45,55,73,76,87,93,101,14,66,57,18,45,49,46,41,17,26,12,82,40,17,20,39,77,64,77,59,24,18,41,27,35,24,51,12,20,40,32,34,22,41,42,99,87,47,28,45,93,30,12,68,60,41,53,54,12,24,86,35,52,34,19,91,29,26,45,44,51,62,47,37,33,21,45,17,46,19,39,43,7,29,26,46,42,63,51,35,22,80,56,31,23,12,33,48,43,45,51,73,27,63,65,50,56,91,71,35,73,78,92,87,22,66,34,49,20,52,30,44,49,29,52,46,35,81,77,18,63,93,37,85,40,104,96,,,,,,,,,,,,,,,,,,,,,,,,,,,,,,96,82,14,63,76,39,70,47,25,36,71,27,63,60,,55,108,24,55,48,55,61,20,9,12,54,34,14,32,54,32,47,36,32,37,57,,88,97,85,35,21,11,99,94,85,95,79,38,41,27,11,5,11,66,15,11,19,5,72,50,25,30,19,44,46,52,63,89,99,73,81,40,97,89,52,87,80,41,66,96,70,25,36,80,60,49,29,21,12,8,58,51,26,27,20,20,24,43,25,85,57,50,33,36,39,36,32,46,59,11,,56,41,31,41,13,52,19,55,,34,40,49,64,27,32,43,36,33,27,52,19,25,76,33,89,97,102,,154,60,78,68,59,75,65,24,49,77,26,,60,,41,,33,46,45,63,64,72,105,108,40,36,53,86,99,91,78,61,58,75,92,96,52,115,92,83,,,,36,,
20260622,6,O3_24h,37,29,38,15,23,79,45,65,18,41,43,34,54,37,72,21,58,47,22,57,68,39,84,86,91,81,45,55,73,76,87,93,101,14,66,57,18,45,49,46,41,17,26,12,82,40,17,20,39,77,64,77,59,24,18,41,27,35,24,51,12,20,40,32,34,22,41,42,99,87,47,28,45,93,30,12,68,60,41,53,54,12,24,86,35,52,34,19,91,29,26,45,44,51,62,47,37,33,21,45,17,46,19,39,43,7,29,26,46,42,63,51,35,22,80,56,31,23,12,33,48,43,45,51,73,27,63,65,50,56,91,71,35,73,78,92,87,22,66,34,49,20,52,30,44,49,29,52,46,35,81,77,18,63,93,37,85,40,104,96,,,,,,,,,,,,,,,,,,,,,,,,,,,,,,96,82,14,63,76,39,70,47,25,36,71,27,63,60,,55,108,24,55,48,55,61,20,9,12,54,34,14,32,54,32,47,36,32,37,57,,88,97,85,35,21,11,99,94,85,95,79,38,41,27,11,5,11,66,15,11,19,5,72,50,25,30,19,44,46,52,63,89,99,73,81,40,97,89,52,87,80,41,66,96,70,25,36,80,60,49,29,21,12,8,58,51,26,27,20,20,24,43,25,85,57,50,33,36,39,36,32,46,59,11,,56,41,31,41,13,52,19,55,,34,40,49,64,27,32,43,36,33,27,52,19,25,76,33,89,97,102,,154,60,78,68,59,75,65,24,49,77,26,,60,,41,,33,46,45,63,64,72,105,108,40,36,53,86,99,91,78,61,58,75,92,96,52,115,92,83,,,,36,,
20260622,6,O3_8h,122,,,,,,,,,,,,,,,,,83,,,,,,,,,130,,,,,,,,,,,,,,,,,,118,,,,,,,,,,,,,,,,,,,,,,,,,,,,,,,,,,,,,,,,,,,,,,,,,,,,,,,,,,,,,,,,,,,,,,,,,,,,,,,,,,92,,,,,,,,,,,,,,,,,,,,,,,,,,,,,,,,,,,,,,,,,,,,,,,,,,,,,,,,,,,,,,,,,,,,,,,,,,,,,,,,,,,,,,,,,,,,,,,,,,,101,,,,,,,,,,,,,,,,,,,,,,,,,,,,,,,,118,,,,,,,,,,,,,,,,,,,,,,,,,,,,,,,,,,,,,,,,,,,,,,,,,,,,,,,,,,,,,,,,,,,,,,,,,,,,,,,,,,,,,,,,,,,,,,,,,,,,,,,,,,,,,,,,,,,,,
20260622,6,O3_8h_24h,,,,,,,,,,,,,,,,,,,,,,,,,,,,,,,,,,,,,,,,,,,,,,,,,,,,,,,,,,,,,,,,,,,,,,,,,,,,,,,,,,,,,,,,,,,,,,,,,,,,,,,,,,,,,,,,,,,,,,,,,,,,,,,,,,,,,,,,,,,,,,,,,,,,,,,,,,,,,,,,,,,,,,,,,,,,,,,,,,,,,,,,,,,,,,,,,,,,,,,,,,,,,,,,,,,,,,,,,,,,,,,,,,,,,,,,,,,,,,,,,,,,,,,,,,,,,,,,,,,,,,,,,,,,,,,,,,,,,,,,,,,,,,,,,,,,,,,,,,,,,,,,,,,,,,,,,,,,,,,,,,,,,,,,,,,,,,,,,,,,,,,,,,,,,,,,,,,,,,,,,,,,,,,,,,,,,,,
20260622,6,CO,0.37,0.61,0.52,0.67,0.70,0.55,0.57,0.17,0.25,0.53,0.47,0.50,0.73,0.68,0.56,1.30,0.48,0.27,0.50,0.36,0.61,0.47,0.40,0.41,0.48,0.56,0.52,0.56,0.42,0.53,0.66,0.46,0.43,0.84,0.46,0.40,0.71,0.60,0.57,0.43,0.55,0.63,0.50,0.45,0.59,0.43,0.38,0.73,0.31,0.46,0.45,0.49,0.52,0.47,0.49,0.60,0.43,0.35,0.43,0.43,0.53,0.40,0.53,0.33,0.46,0.52,0.43,0.42,0.25,0.56,0.70,0.70,0.50,0.22,0.50,0.57,0.40,0.52,0.60,0.52,0.40,0.60,0.63,0.31,0.60,0.43,0.64,0.62,0.40,0.38,0.40,0.37,0.42,0.66,0.23,0.42,0.60,0.65,0.43,0.60,0.55,0.45,0.75,0.37,0.40,0.50,0.40,0.55,0.33,0.20,0.56,0.78,1.32,0.68,0.46,0.84,0.70,0.84,0.92,0.34,0.38,0.27,0.34,0.58,0.67,0.66,0.36,0.37,0.48,0.43,0.50,0.40,0.35,0.43,0.63,0.75,0.60,0.43,0.50,0.64,0.35,0.50,0.57,0.50,0.43,0.37,0.60,0.25,0.57,0.43,0.43,0.55,0.55,0.76,0.55,0.40,0.33,0.48,0.28,0.15,,,,,,,,,,,,,,,,,,,,,,,,,,,,,,0.40,0.40,0.50,0.47,0.27,0.35,0.95,0.63,0.53,0.93,0.33,0.30,0.75,0.70,,0.15,0.40,0.53,0.60,0.55,0.77,0.13,0.30,1.15,0.45,0.30,0.25,0.27,0.20,0.13,0.30,0.42,0.20,0.33,0.30,0.30,,0.38,0.28,0.30,0.55,1.10,0.45,0.30,0.44,0.17,0.35,0.33,0.42,0.30,0.43,0.77,0.35,0.30,0.55,0.57,0.63,0.55,1.25,0.34,0.20,0.77,0.63,0.60,0.50,0.53,0.35,0.43,0.38,0.45,0.50,0.17,0.47,0.60,0.60,0.80,0.60,0.60,0.80,0.60,0.60,0.55,1.33,0.40,0.90,0.55,0.63,0.45,0.35,0.25,0.20,0.57,0.53,0.73,0.40,0.50,0.43,0.80,0.30,0.40,0.50,0.45,0.43,0.63,0.60,0.42,0.28,0.45,0.55,0.30,0.30,,0.15,0.50,0.33,0.40,0.40,0.45,0.25,0.45,,0.55,0.35,0.40,0.55,0.70,0.50,0.40,0.10,0.15,0.50,0.35,0.45,0.55,0.50,0.45,0.20,0.45,0.40,,0.30,0.35,0.40,0.30,0.40,0.75,0.30,0.35,0.30,0.35,0.55,,0.45,,0.45,,0.20,0.50,0.40,0.10,0.30,0.30,0.20,0.30,0.50,0.40,0.30,0.50,0.10,0.20,0.40,0.65,0.15,0.35,0.25,0.45,0.40,0.20,0.30,0.20,,,,0.40,,
20260622,6,CO_24h,0.29,0.49,0.34,0.56,0.50,0.38,0.30,0.20,0.25,0.30,0.45,0.40,0.47,0.52,0.42,0.52,0.43,0.28,0.52,0.46,0.62,0.71,0.57,0.51,0.54,0.66,0.77,0.81,0.64,0.62,0.84,0.56,0.60,0.80,0.56,0.43,0.70,0.67,0.65,0.50,0.70,0.60,0.40,0.45,0.73,0.45,0.38,0.67,0.33,0.54,0.46,0.76,0.51,0.45,0.47,0.57,0.40,0.30,0.43,0.43,0.50,0.40,0.56,0.35,0.52,0.48,0.47,0.43,0.28,0.68,0.70,0.35,0.40,0.26,0.40,0.55,0.41,0.48,0.46,0.57,0.27,0.35,0.57,0.53,0.52,0.40,0.44,0.47,0.48,0.37,0.38,0.33,0.33,0.74,0.30,0.45,0.60,0.55,0.43,0.60,0.55,0.45,0.70,0.40,0.40,0.40,0.37,0.55,0.33,0.30,0.43,0.73,1.08,0.58,0.36,0.88,0.45,0.58,0.46,0.38,0.42,0.33,0.38,0.57,0.73,0.64,0.47,0.38,0.52,0.40,0.55,0.45,0.38,0.47,0.65,0.85,0.70,0.47,0.50,0.67,0.35,0.45,0.52,0.60,0.47,0.33,0.53,0.25,0.55,0.43,0.47,0.55,0.45,0.64,0.65,0.30,0.40,0.42,0.32,0.20,,,,,,,,,,,,,,,,,,,,,,,,,,,,,,0.50,0.40,0.50,0.47,0.20,0.40,1.00,0.47,0.47,0.60,0.30,0.30,0.60,0.47,,0.15,0.35,0.38,0.63,0.30,0.57,0.13,0.40,0.65,0.45,0.30,0.15,0.30,0.20,0.15,0.17,0.40,0.20,0.30,0.30,0.30,0.20,0.38,0.38,0.35,0.67,0.70,0.45,0.45,0.54,0.30,0.45,0.33,0.65,0.33,0.40,0.77,0.30,0.30,0.80,0.57,0.53,0.52,0.65,0.28,0.20,0.65,0.60,0.50,0.48,0.35,0.40,0.47,0.42,0.55,0.47,0.27,0.45,0.70,0.68,0.87,0.75,0.70,0.70,0.70,0.60,0.55,0.85,0.50,0.90,0.55,0.63,0.50,0.40,0.30,0.20,0.57,0.57,0.57,0.37,0.50,0.40,0.90,0.20,0.50,0.60,0.45,0.43,0.60,0.60,0.47,0.38,0.50,0.55,0.35,0.30,,0.20,0.50,0.33,0.43,0.40,0.50,0.35,0.50,,0.55,0.40,0.40,0.55,0.70,0.50,0.50,0.10,0.20,0.50,0.40,0.45,0.55,0.50,0.45,0.20,0.40,0.30,,0.30,0.45,0.43,0.30,0.50,0.80,0.45,0.35,0.20,0.40,0.50,,0.45,,0.45,,0.20,0.50,0.40,0.20,0.40,0.30,0.20,0.30,0.30,0.35,0.30,0.50,0.10,0.15,0.35,0.60,0.15,0.35,0.30,0.45,0.40,0.20,0.30,0.20,,,,0.40,,
20260622,7,AQI,55,60,40,64,61,23,53,23,33,90,50,40,31,50,44,31,18,18,21,17,21,13,28,32,28,24,13,16,25,24,26,32,29,49,19,33,39,36,31,31,11,40,46,26,25,40,36,26,41,23,41,24,18,18,14,10,17,12,19,14,24,26,30,16,15,20,25,13,30,25,34,31,35,29,17,23,32,36,26,26,28,47,51,27,46,43,44,54,29,50,36,29,28,40,20,20,24,23,20,19,20,13,18,13,27,43,19,25,14,36,46,23,47,48,26,19,29,29,60,14,22,16,27,17,17,19,21,24,40,35,27,26,14,34,23,28,26,24,29,30,24,28,15,20,15,21,15,16,15,12,26,23,36,20,28,48,44,38,31,41,,,,,,,,,,,,,,,,,,,,,,,,,,,,,,25,29,26,18,46,30,18,43,55,55,37,22,58,37,,17,34,39,24,19,34,20,19,31,39,23,16,21,24,23,19,20,28,18,23,19,,28,28,29,10,8,10,29,27,30,31,37,10,13,47,21,24,25,40,27,33,46,50,24,28,36,29,55,32,36,24,29,27,30,30,26,19,29,30,19,32,24,18,22,29,23,24,16,25,19,20,27,24,13,31,20,22,30,23,39,33,15,27,26,26,17,14,12,20,9,11,9,13,19,25,,16,14,19,21,20,17,16,17,,13,19,15,18,19,12,13,11,9,31,16,17,21,20,9,26,25,29,,48,18,24,29,16,22,25,17,47,40,35,,27,,32,,24,30,26,18,24,23,31,33,26,21,17,43,29,28,23,52,52,36,26,31,22,34,30,35,,,,21,,
20260622,7,PM2.5,21,35,12,33,10,10,34,10,5,67,30,23,18,29,15,17,7,10,9,9,3,7,4,3,18,7,4,4,4,8,9,11,12,34,11,23,27,25,22,22,3,23,32,18,3,25,22,18,18,14,29,5,12,8,4,5,10,3,9,6,11,11,13,10,4,14,9,4,6,4,16,22,10,11,10,13,14,15,12,18,15,13,36,18,32,26,31,27,20,12,19,17,14,28,9,10,12,14,14,8,14,6,11,5,11,30,13,11,3,24,21,12,25,19,11,10,14,15,37,9,10,6,9,12,5,12,15,14,28,19,13,18,7,24,3,12,4,10,16,16,10,16,6,9,5,8,5,3,4,6,15,5,25,4,7,11,17,16,7,14,,,,,,,,,,,,,,,,,,,,,,,,,,,,,,16,20,16,6,14,21,10,29,19,19,11,7,24,15,,3,9,27,11,9,14,8,10,16,15,15,9,13,17,15,13,11,19,12,16,7,,3,3,20,3,3,5,9,9,21,3,26,3,9,33,15,17,15,28,12,18,15,27,11,9,17,9,39,22,20,16,20,19,12,21,11,3,16,18,3,21,3,5,7,18,3,13,11,3,10,12,11,14,7,16,4,13,18,16,20,19,8,13,14,3,3,3,3,5,3,3,3,3,3,8,,3,5,13,15,3,5,5,10,,9,13,6,3,6,6,3,3,3,5,6,3,15,5,3,3,3,16,,3,6,8,20,3,3,9,3,17,18,9,,19,,10,,13,15,16,9,14,6,3,7,11,6,6,14,10,5,6,27,27,7,5,9,9,3,3,8,,,,8,,
20260622,7,PM2.5_24h,11,15,15,19,11,12,20,9,6,25,21,18,16,19,13,6,7,8,8,14,18,22,11,16,24,16,17,20,24,15,24,23,33,30,18,24,26,28,25,20,15,19,17,11,13,22,17,15,8,25,21,13,14,11,6,6,10,8,8,6,9,10,12,12,14,9,7,6,6,16,20,15,13,11,11,13,14,12,6,20,5,11,23,22,16,16,14,14,17,10,5,13,6,25,15,6,14,11,13,9,14,6,15,7,13,16,11,10,5,23,12,14,26,15,7,8,6,8,13,8,7,10,9,19,21,18,17,17,25,15,22,14,11,13,4,5,5,9,12,14,9,5,9,7,6,4,3,5,10,6,18,10,17,15,15,19,19,14,6,12,,,,,,,,,,,,,,,,,,,,,,,,,,,,,,14,19,17,8,11,17,11,16,17,15,10,13,15,12,,5,10,5,6,3,9,5,4,9,6,8,9,11,17,15,15,15,18,14,15,6,9,14,14,24,11,11,5,23,18,26,13,18,6,16,25,13,11,10,22,12,13,12,18,11,9,13,9,14,21,13,12,22,21,22,19,17,8,16,23,8,22,6,12,7,11,11,10,15,9,11,13,9,15,3,13,12,13,16,15,15,14,7,12,13,3,1,4,7,7,21,6,8,3,5,8,,3,12,11,11,4,14,8,10,,6,14,10,5,10,13,5,5,6,8,6,12,14,6,4,3,3,9,,4,4,10,14,10,16,17,6,18,19,11,,10,,10,,9,14,13,9,8,6,3,8,13,13,8,18,11,8,5,42,20,18,6,12,10,4,8,10,,,,10,,
20260622,7,PM10,59,69,40,77,72,23,56,23,33,91,50,40,31,50,44,31,18,16,21,11,6,10,9,9,20,10,10,11,6,11,11,13,12,46,17,29,37,34,19,30,10,40,46,25,6,40,36,22,41,17,31,9,16,18,14,10,17,12,19,14,24,26,30,16,15,18,25,9,8,8,34,28,35,25,17,23,32,36,26,21,28,47,43,16,44,43,44,57,26,50,36,29,28,36,17,20,24,23,19,19,16,13,18,13,27,43,17,25,8,36,46,23,47,48,26,19,29,29,69,14,22,10,27,15,9,19,20,24,26,35,20,22,14,31,9,14,7,24,29,30,24,28,9,20,15,21,15,9,15,12,26,10,28,8,9,48,44,38,20,41,,,,,,,,,,,,,,,,,,,,,,,,,,,,,,24,,26,17,46,28,13,43,60,59,37,22,65,37,,13,34,33,24,19,34,15,19,31,39,23,16,21,19,23,18,20,28,18,20,14,,6,7,29,9,8,10,8,13,28,6,,6,11,39,18,24,25,34,27,33,46,50,24,28,36,29,40,32,36,24,24,19,21,30,22,19,19,30,14,32,12,9,22,29,11,24,13,13,15,20,27,24,13,31,20,22,30,21,39,33,15,27,26,12,6,8,12,20,6,8,9,7,11,25,,6,14,19,16,20,8,16,14,,13,12,14,15,19,12,6,6,9,31,9,17,21,12,9,7,9,19,,13,6,8,,7,7,25,17,47,40,35,,22,,32,,24,30,26,16,24,23,6,9,26,21,9,43,17,23,19,53,54,36,25,11,22,9,20,35,,,,21,,
20260622,7,PM10_24h,36,38,38,47,43,17,44,24,19,51,41,49,32,40,35,18,17,13,18,16,23,28,16,26,39,26,26,29,26,18,31,31,34,36,24,37,31,32,24,30,20,33,23,21,18,35,29,15,34,30,22,21,25,21,16,13,17,15,20,15,18,19,26,19,24,13,22,12,10,19,33,17,42,33,24,20,31,35,16,25,14,24,36,36,38,39,31,41,41,26,26,33,23,35,19,18,26,21,24,20,20,15,23,16,27,29,22,23,11,31,37,20,47,44,14,16,22,21,31,19,16,18,19,21,27,18,21,22,27,26,30,23,18,17,14,8,5,23,29,25,20,12,13,20,16,15,10,11,17,13,24,14,28,17,24,52,45,41,25,43,,,,,,,,,,,,,,,,,,,,,,,,,,,,,,23,20,29,19,40,28,18,32,51,53,31,21,43,30,,12,33,19,22,16,23,12,16,21,23,10,16,15,21,24,21,20,23,24,25,14,15,23,18,38,22,13,12,20,29,36,7,18,11,17,38,22,20,18,35,18,23,31,34,22,28,30,25,26,22,29,19,23,24,33,29,35,27,21,29,21,26,13,16,11,19,17,22,20,15,14,22,19,24,9,31,32,30,26,21,31,26,20,26,30,16,5,12,13,20,22,22,13,8,12,20,,6,16,17,12,14,22,15,11,,10,13,15,10,23,16,9,6,10,25,12,21,22,14,9,8,12,15,,13,8,12,28,24,23,25,17,42,41,31,,19,,27,,17,22,18,15,16,17,9,18,35,28,12,49,25,25,29,57,46,42,22,27,40,29,29,36,,,,20,,
20260622,7,SO2,3,9,3,6,15,5,6,3,3,5,7,5,7,14,10,11,10,6,8,6,5,5,4,7,7,6,4,6,4,9,7,8,5,6,5,5,6,6,5,5,6,2,5,7,7,5,4,8,6,6,4,4,5,6,5,6,5,6,7,2,6,10,3,4,8,4,8,4,6,5,8,8,6,5,5,6,10,7,14,5,9,11,5,8,12,11,12,13,10,6,6,7,8,8,4,9,10,6,8,4,8,6,6,5,6,23,4,10,6,12,13,10,6,12,17,8,13,10,31,6,4,6,7,5,6,3,8,3,9,8,5,8,7,6,4,7,8,5,5,5,2,12,10,13,4,8,4,6,4,2,5,6,3,7,7,17,17,14,6,5,,,,,,,,,,,,,,,,,,,,,,,,,,,,,,5,3,8,3,5,8,7,8,4,35,9,5,14,37,,6,12,19,10,11,7,5,8,9,9,2,5,7,9,5,7,6,4,8,6,9,,6,6,4,8,6,4,8,5,4,5,3,5,6,4,7,3,7,6,4,14,8,27,5,8,10,5,9,6,9,5,4,5,6,4,4,4,9,7,7,7,4,5,8,3,5,8,3,4,6,8,7,8,3,6,5,2,11,6,10,12,5,7,6,6,8,9,3,9,6,5,7,7,3,3,,6,7,4,6,3,6,4,3,,5,6,9,8,5,6,2,3,4,8,5,6,5,8,7,5,7,5,,6,4,4,9,4,7,17,9,10,14,9,,4,,8,,4,7,6,10,12,12,7,18,9,7,6,7,5,8,5,4,6,3,5,5,5,7,6,7,,,,3,,
20260622,7,SO2_24h,3,8,2,5,9,3,4,3,5,3,9,7,5,9,10,6,7,5,6,6,5,6,4,7,9,6,5,7,5,9,8,8,7,6,5,5,6,6,5,6,6,2,4,5,8,5,3,7,6,7,4,4,5,6,5,6,6,6,7,3,5,7,3,4,8,4,10,5,6,5,10,7,7,5,6,7,11,8,8,5,7,14,4,11,13,10,10,13,10,5,6,6,7,9,4,8,11,6,7,4,8,6,6,5,6,11,3,8,5,6,10,10,7,16,11,10,10,8,9,5,3,6,5,5,6,4,8,3,7,7,5,8,7,6,4,7,8,5,3,5,2,8,9,11,3,9,4,6,3,3,5,5,3,6,6,14,7,11,6,4,,,,,,,,,,,,,,,,,,,,,,,,,,,,,,6,3,5,4,6,8,6,9,9,22,8,4,12,8,,6,10,9,9,9,7,4,7,10,10,1,4,7,10,5,7,6,4,8,6,10,7,6,7,5,9,4,4,8,5,5,5,4,5,6,5,8,4,5,6,4,10,7,19,3,7,4,5,8,6,7,5,3,6,6,4,4,5,8,7,6,7,4,6,8,4,5,6,4,5,5,5,6,7,3,7,5,3,6,4,13,11,5,11,6,7,9,9,3,8,6,8,7,7,4,3,,6,8,4,5,3,9,4,3,,4,6,9,9,5,6,2,3,4,8,4,6,5,8,7,5,7,4,,4,4,4,14,5,7,13,11,9,7,9,,4,,8,,4,7,9,10,11,15,6,19,7,7,7,6,6,8,5,4,6,3,4,6,4,7,6,7,,,,4,,
20260622,7,NO2,35,47,14,41,44,9,26,12,19,40,40,29,13,21,20,35,26,35,35,15,9,15,5,11,9,4,16,12,8,2,7,3,7,23,9,9,17,14,14,10,12,25,18,12,6,14,17,17,32,12,11,6,4,17,10,2,12,5,11,12,16,12,10,8,9,16,6,6,5,5,29,17,13,7,6,11,26,14,24,10,20,48,21,12,41,21,26,45,13,37,33,20,26,31,18,22,13,9,12,5,9,7,12,3,15,20,7,9,5,15,18,8,16,30,29,14,21,23,45,17,11,5,15,8,7,25,9,12,14,14,8,11,9,6,9,2,6,9,9,12,13,16,12,20,9,7,16,6,4,6,5,10,21,7,5,37,14,23,2,5,,,,,,,,,,,,,,,,,,,,,,,,,,,,,,7,6,11,11,20,17,10,17,19,41,19,5,25,20,,8,6,30,15,21,21,21,38,20,15,12,13,15,9,11,14,8,10,11,7,8,,8,11,7,7,11,4,3,7,2,4,7,8,6,15,10,11,9,11,6,14,18,16,5,8,12,5,13,12,13,13,10,10,6,9,8,6,5,11,8,7,4,4,5,5,3,11,8,8,5,5,7,8,8,21,4,4,13,9,16,15,4,9,16,8,9,6,13,30,8,13,7,9,4,3,,6,12,8,3,8,5,5,3,,3,8,11,8,6,5,4,2,7,5,7,6,9,9,9,4,6,14,,2,4,7,9,5,5,24,15,24,14,15,,9,,8,,15,10,7,1,12,2,5,2,16,18,9,15,8,7,6,12,9,10,2,8,2,4,5,5,,,,4,,
20260622,7,NO2_24h,20,26,10,23,24,9,17,9,13,22,30,24,9,16,17,23,15,18,24,15,11,18,8,11,13,7,17,14,14,4,9,5,12,17,16,9,16,13,12,10,12,17,13,8,10,9,14,8,25,17,10,9,5,12,9,2,9,4,8,7,9,7,10,7,11,9,6,7,8,8,19,13,13,11,9,7,17,14,15,9,12,23,14,14,32,20,21,27,17,21,18,14,17,17,14,16,12,7,10,4,9,4,10,2,12,12,6,5,5,14,13,7,20,25,12,15,19,16,24,13,11,9,9,7,7,19,11,8,13,9,12,10,9,6,8,3,7,6,6,9,9,8,10,12,10,7,9,7,5,6,9,11,14,7,10,16,13,18,5,13,,,,,,,,,,,,,,,,,,,,,,,,,,,,,,5,6,11,8,13,12,8,13,21,19,14,9,12,11,,5,5,18,13,17,14,16,22,13,12,7,13,13,7,8,7,7,10,9,5,13,4,9,7,9,10,12,4,6,9,4,6,7,8,5,12,11,10,5,12,5,9,14,9,6,9,8,5,8,8,10,11,7,11,5,8,8,6,6,10,11,9,5,8,5,5,5,8,5,5,4,5,9,7,7,18,5,7,8,9,11,11,5,7,10,9,8,7,11,21,9,20,8,8,5,4,,9,10,8,2,6,8,4,4,,4,6,10,6,5,6,4,3,5,4,8,6,11,7,10,5,4,7,,1,6,6,10,7,9,15,11,15,14,16,,9,,12,,9,10,4,2,8,2,8,1,13,15,8,13,10,9,6,10,8,10,5,10,3,7,6,5,,,,4,,
20260622,7,O3,40,36,42,25,30,75,48,63,26,46,44,55,59,40,67,33,44,39,29,53,66,41,88,102,89,76,40,51,81,77,84,101,93,14,60,57,19,45,45,50,36,18,28,20,79,40,22,21,39,75,59,77,59,22,20,33,26,34,24,30,15,17,47,31,37,19,38,42,95,81,42,23,49,93,38,15,63,57,51,58,61,28,30,86,37,55,55,27,87,27,35,61,45,53,64,50,34,32,22,42,28,33,21,39,28,12,26,25,44,46,60,56,43,24,81,62,42,32,27,40,59,52,47,47,54,21,59,60,52,47,87,68,44,80,75,88,83,19,59,32,46,18,47,26,43,47,26,50,46,35,76,74,18,63,90,38,86,35,99,101,,,,,,,,,,,,,,,,,,,,,,,,,,,,,,81,77,19,56,71,47,59,42,31,34,68,31,44,65,,54,110,43,58,53,61,63,28,12,17,59,37,25,32,46,29,58,37,34,38,61,,89,89,81,32,26,12,93,87,70,99,76,32,38,33,17,10,14,60,15,12,23,8,68,51,19,36,25,47,48,55,59,80,97,78,83,47,94,87,60,85,76,56,62,94,74,18,27,79,60,46,29,16,9,13,56,61,27,29,18,24,21,46,12,84,53,45,31,18,28,36,26,42,60,10,,52,39,31,38,12,53,22,53,,36,39,48,59,25,34,40,35,29,23,52,20,23,65,28,82,80,92,,155,56,76,70,50,71,46,23,44,76,27,,64,,39,,29,44,45,59,57,70,100,104,41,34,53,79,92,91,73,53,58,69,84,100,48,108,97,83,,,,36,,
20260622,7,O3_24h,40,36,42,25,30,75,48,63,26,46,44,55,59,40,67,33,44,39,29,53,66,41,88,102,89,76,40,51,81,77,84,101,93,14,60,57,19,45,45,50,36,18,28,20,79,40,22,21,39,75,59,77,59,22,20,33,26,34,24,30,15,17,47,31,37,19,38,42,95,81,42,23,49,93,38,15,63,57,51,58,61,28,30,86,37,55,55,27,87,27,35,61,45,53,64,50,34,32,22,42,28,33,21,39,28,12,26,25,44,46,60,56,43,24,81,62,42,32,27,40,59,52,47,47,54,21,59,60,52,47,87,68,44,80,75,88,83,19,59,32,46,18,47,26,43,47,26,50,46,35,76,74,18,63,90,38,86,35,99,101,,,,,,,,,,,,,,,,,,,,,,,,,,,,,,81,77,19,56,71,47,59,42,31,34,68,31,44,65,,54,110,43,58,53,61,63,28,12,17,59,37,25,32,46,29,58,37,34,38,61,,89,89,81,32,26,12,93,87,70,99,76,32,38,33,17,10,14,60,15,12,23,8,68,51,19,36,25,47,48,55,59,80,97,78,83,47,94,87,60,85,76,56,62,94,74,18,27,79,60,46,29,16,9,13,56,61,27,29,18,24,21,46,12,84,53,45,31,18,28,36,26,42,60,10,,52,39,31,38,12,53,22,53,,36,39,48,59,25,34,40,35,29,23,52,20,23,65,28,82,80,92,,155,56,76,70,50,71,46,23,44,76,27,,64,,39,,29,44,45,59,57,70,100,104,41,34,53,79,92,91,73,53,58,69,84,100,48,108,97,83,,,,36,,
20260622,7,O3_8h,122,,,,,,,,,,,,,,,,,,,,,,,,,,,,,,,,,,,,,,,,,,,,118,,,,,,,,,,,,,,,,,,,,,,,,,,,,,,,,,,,,,,,,,,,,,,,,,,,,,,,,,,,,,,,,,,,,,,,,,,,,,,,,,,92,,,,,,,,,,,,,,,,,,,,,,,,,,,,,,,,,,,,,,,,,,,,,,,,,,,,,,,,,,,,,,,,,,,,,,,,,,,,,,,,,,,,,,,,,,,,,,,,,,,101,,,,,,,,,,,,,,,,,,,,,,,,,,,,,,,,118,,,,,,,,,,,,,,,,,,,,,,,,,,,,,,,,,,,,,,,,,,,,,,,,,,,,,,,,,,,,,,,,,,,,,,,,,,,,,,,,,,,,,,,,,,,,,,,,,,,,,,,,,,,,,,,,,,,,,
20260622,7,O3_8h_24h,,,,,,,,,,,,,,,,,,,,,,,,,,,,,,,,,,,,,,,,,,,,,,,,,,,,,,,,,,,,,,,,,,,,,,,,,,,,,,,,,,,,,,,,,,,,,,,,,,,,,,,,,,,,,,,,,,,,,,,,,,,,,,,,,,,,,,,,,,,,,,,,,,,,,,,,,,,,,,,,,,,,,,,,,,,,,,,,,,,,,,,,,,,,,,,,,,,,,,,,,,,,,,,,,,,,,,,,,,,,,,,,,,,,,,,,,,,,,,,,,,,,,,,,,,,,,,,,,,,,,,,,,,,,,,,,,,,,,,,,,,,,,,,,,,,,,,,,,,,,,,,,,,,,,,,,,,,,,,,,,,,,,,,,,,,,,,,,,,,,,,,,,,,,,,,,,,,,,,,,,,,,,,,,,,,,,,,
20260622,7,CO,0.40,0.63,0.56,0.71,0.85,0.47,0.57,0.23,0.25,0.58,0.57,0.55,0.90,0.73,0.54,1.24,0.60,0.28,0.43,0.37,0.61,0.49,0.45,0.37,0.42,0.54,0.53,0.57,0.46,0.53,0.70,0.48,0.45,0.86,0.44,0.40,0.71,0.63,0.63,0.43,0.65,0.60,0.50,0.50,0.59,0.43,0.38,0.75,0.34,0.46,0.49,0.51,0.53,0.47,0.50,0.60,0.43,0.40,0.43,0.43,0.57,0.40,0.56,0.33,0.48,0.56,0.43,0.42,0.30,0.56,0.70,0.75,0.50,0.38,0.50,0.55,0.46,0.52,0.66,0.52,0.40,0.63,0.60,0.33,0.64,0.43,0.70,0.68,0.42,0.42,0.42,0.40,0.45,0.68,0.27,0.42,0.57,0.60,0.50,0.60,0.55,0.45,0.70,0.37,0.40,0.50,0.40,0.55,0.37,0.30,0.63,0.75,1.30,0.80,0.48,0.78,0.70,1.30,1.04,0.34,0.36,0.27,0.40,0.55,0.67,0.74,0.40,0.37,0.50,0.53,0.50,0.45,0.38,0.40,0.63,0.75,0.60,0.47,0.53,0.73,0.40,0.55,0.57,0.57,0.47,0.37,0.63,0.25,0.57,0.43,0.43,0.55,0.55,0.76,0.60,0.40,0.33,0.54,0.28,0.25,,,,,,,,,,,,,,,,,,,,,,,,,,,,,,0.45,0.40,0.50,0.67,0.27,0.40,0.95,0.70,0.53,1.07,0.37,0.30,0.85,0.75,,0.15,0.45,0.60,0.60,0.60,0.77,0.20,0.40,0.75,0.45,0.30,0.25,0.27,0.23,0.13,0.25,0.42,0.20,0.37,0.30,0.30,,0.38,0.26,0.30,0.55,0.78,0.45,0.30,0.44,0.23,0.27,0.33,0.47,0.33,0.47,0.93,0.40,0.35,0.65,0.63,0.60,0.57,1.20,0.34,0.30,0.73,0.65,0.65,0.52,0.53,0.40,0.43,0.38,0.45,0.50,0.20,0.57,0.73,0.60,0.70,0.55,0.60,0.60,0.60,0.60,0.55,1.25,0.45,0.90,0.55,0.60,0.50,0.35,0.35,0.25,0.57,0.50,0.63,0.40,0.50,0.43,0.80,0.30,0.50,0.57,0.45,0.47,0.65,0.65,0.45,0.35,0.45,0.60,0.35,0.30,,0.15,0.50,0.33,0.40,0.45,0.40,0.25,0.45,,0.55,0.40,0.40,0.60,0.70,0.50,0.50,0.10,0.20,0.50,0.40,0.45,0.55,0.50,0.50,0.20,0.45,0.60,,0.30,0.40,0.43,0.33,0.40,0.75,0.45,0.40,0.30,0.35,0.55,,0.45,,0.45,,0.25,0.50,0.40,0.10,0.20,0.30,0.20,0.30,0.50,0.45,0.35,0.50,0.10,0.20,0.35,0.70,0.20,0.50,0.25,0.45,0.40,0.20,0.30,0.20,,,,0.40,,
20260622,7,CO_24h,0.28,0.49,0.36,0.56,0.50,0.38,0.31,0.20,0.30,0.38,0.45,0.42,0.50,0.52,0.44,0.55,0.43,0.30,0.51,0.45,0.62,0.69,0.57,0.50,0.52,0.64,0.77,0.81,0.64,0.60,0.82,0.56,0.60,0.80,0.54,0.43,0.70,0.67,0.65,0.50,0.65,0.60,0.40,0.45,0.74,0.45,0.38,0.67,0.33,0.54,0.45,0.76,0.50,0.45,0.47,0.57,0.40,0.30,0.43,0.43,0.50,0.40,0.54,0.35,0.52,0.48,0.47,0.43,0.28,0.68,0.70,0.40,0.40,0.26,0.40,0.55,0.40,0.48,0.48,0.57,0.27,0.35,0.57,0.53,0.52,0.40,0.44,0.47,0.48,0.37,0.38,0.33,0.35,0.72,0.30,0.43,0.60,0.55,0.43,0.60,0.55,0.45,0.70,0.40,0.40,0.40,0.37,0.55,0.33,0.20,0.44,0.73,1.13,0.58,0.36,0.86,0.47,0.60,0.48,0.36,0.42,0.33,0.38,0.57,0.73,0.64,0.47,0.38,0.50,0.40,0.55,0.45,0.38,0.47,0.65,0.85,0.70,0.43,0.50,0.67,0.35,0.45,0.52,0.58,0.47,0.33,0.57,0.25,0.55,0.43,0.47,0.55,0.45,0.64,0.65,0.30,0.40,0.40,0.32,0.20,,,,,,,,,,,,,,,,,,,,,,,,,,,,,,0.50,0.40,0.50,0.47,0.20,0.40,1.02,0.47,0.47,0.60,0.30,0.30,0.60,0.47,,0.15,0.35,0.38,0.60,0.30,0.57,0.13,0.40,0.65,0.45,0.30,0.15,0.30,0.20,0.15,0.17,0.40,0.20,0.30,0.30,0.30,0.20,0.38,0.38,0.35,0.67,0.70,0.45,0.45,0.54,0.30,0.45,0.33,0.60,0.33,0.40,0.77,0.30,0.30,0.80,0.57,0.50,0.55,0.65,0.28,0.20,0.65,0.60,0.50,0.50,0.35,0.40,0.47,0.40,0.52,0.47,0.27,0.45,0.70,0.68,0.87,0.72,0.70,0.67,0.60,0.60,0.55,0.88,0.45,0.90,0.55,0.63,0.50,0.40,0.30,0.20,0.57,0.57,0.57,0.37,0.50,0.40,0.90,0.20,0.50,0.60,0.45,0.43,0.60,0.60,0.47,0.38,0.50,0.55,0.35,0.30,,0.20,0.50,0.33,0.43,0.40,0.50,0.30,0.50,,0.55,0.40,0.40,0.55,0.70,0.50,0.50,0.10,0.20,0.50,0.40,0.45,0.55,0.50,0.45,0.20,0.40,0.30,,0.30,0.45,0.43,0.30,0.50,0.80,0.45,0.35,0.30,0.35,0.50,,0.45,,0.45,,0.20,0.50,0.40,0.20,0.40,0.30,0.20,0.30,0.33,0.35,0.30,0.50,0.10,0.15,0.35,0.65,0.15,0.40,0.30,0.45,0.40,0.20,0.30,0.20,,,,0.40,,
20260622,8,AQI,57,60,40,59,60,26,51,30,21,71,43,36,25,59,43,29,16,24,30,16,22,13,27,33,28,26,13,15,26,31,28,30,26,44,19,33,30,37,26,24,13,35,51,32,27,39,36,30,44,23,40,24,18,18,13,11,16,11,18,14,23,27,25,16,16,21,25,13,28,25,44,31,37,28,16,26,33,34,25,21,29,53,47,29,51,38,37,58,30,49,44,36,37,25,20,24,23,20,20,20,19,14,18,13,28,53,22,21,13,41,51,34,47,53,33,23,30,32,54,16,21,16,29,13,14,17,21,27,34,38,25,33,16,30,22,26,23,24,29,31,23,40,12,25,13,20,20,15,14,11,25,32,22,23,28,111,49,39,27,40,,,,,,,,,,,,,,,,,,,,,,,,,,,,,,29,21,26,23,43,34,23,50,54,57,35,17,47,49,,18,36,43,26,23,40,23,22,33,39,19,17,20,20,20,17,22,27,18,20,19,,28,28,36,9,9,13,28,26,31,33,29,8,10,47,26,29,28,43,26,32,44,45,24,30,40,28,56,32,39,22,31,26,29,26,26,20,29,31,18,34,23,19,23,29,27,28,22,23,19,21,25,28,20,34,20,19,50,23,35,31,20,27,47,25,16,13,13,20,9,11,10,11,21,27,,14,13,17,17,27,15,10,16,,12,31,19,19,20,16,12,10,9,28,17,23,21,19,14,24,22,41,,48,18,24,30,13,23,37,21,46,44,37,,23,,34,,22,30,24,19,30,22,27,32,29,23,17,46,36,27,23,66,48,32,31,29,26,32,32,28,,,,18,,
20260622,8,PM2.5,24,35,15,31,22,9,29,8,13,52,24,15,14,38,11,15,6,10,13,7,3,5,6,3,12,6,3,4,4,9,5,11,18,31,12,23,21,26,18,17,7,21,36,22,3,26,21,21,23,11,28,5,12,8,4,5,9,3,8,6,11,12,13,11,4,14,7,6,8,4,19,22,10,7,11,16,18,18,10,15,16,13,31,11,35,25,18,35,21,14,25,21,15,11,6,3,13,14,14,9,13,8,11,7,12,27,14,9,3,29,23,24,28,18,9,8,14,17,26,9,4,3,9,6,3,12,12,15,24,24,14,23,6,21,3,13,6,8,14,16,12,23,5,11,3,8,8,3,4,5,14,5,14,3,9,22,14,15,9,16,,,,,,,,,,,,,,,,,,,,,,,,,,,,,,20,14,15,14,12,24,5,35,14,20,5,3,16,15,,5,9,21,7,3,13,9,7,18,15,8,12,11,14,14,12,10,19,12,12,6,,3,3,25,3,3,9,7,11,22,3,20,3,5,33,18,20,16,30,12,17,10,25,9,11,22,8,40,17,23,9,22,18,12,18,17,3,16,13,4,23,6,4,3,18,3,15,15,3,11,12,12,15,14,20,3,9,24,16,20,18,9,16,12,3,3,3,3,6,3,3,3,3,3,12,,3,8,10,12,3,5,5,10,,7,22,8,3,7,10,3,3,6,5,5,10,11,8,3,3,3,26,,3,3,14,21,3,3,19,5,12,16,12,,16,,11,,15,20,12,9,14,3,3,6,11,8,6,21,8,8,5,35,30,11,5,5,8,3,3,11,,,,7,,
20260622,8,PM2.5_24h,12,16,15,20,12,12,20,9,6,27,21,18,16,20,13,7,7,8,8,13,17,21,11,15,24,15,16,18,23,14,23,23,31,31,18,24,26,29,25,20,14,20,18,12,12,23,17,15,9,24,21,13,14,11,6,6,10,8,8,6,9,10,12,12,13,9,7,6,6,15,20,15,13,11,11,12,15,12,6,20,5,12,23,21,16,16,14,14,16,10,5,12,6,24,14,6,14,11,13,9,13,6,15,7,13,17,11,9,4,22,13,14,27,16,7,8,5,8,13,8,7,9,9,18,20,18,17,16,24,15,21,14,11,14,4,6,5,9,12,14,9,5,9,7,5,5,4,4,10,6,18,10,16,15,15,19,19,14,6,12,,,,,,,,,,,,,,,,,,,,,,,,,,,,,,14,18,17,8,11,18,11,17,17,15,9,12,15,12,,5,10,5,6,3,10,5,3,9,6,8,9,11,17,15,15,14,19,14,14,6,8,13,12,24,10,10,5,22,17,26,12,18,6,16,25,13,11,10,22,12,13,12,19,11,9,13,9,16,20,14,12,21,21,22,18,17,8,16,22,8,22,6,11,7,12,11,10,15,8,11,13,9,14,4,14,12,13,16,15,15,15,7,12,13,3,1,4,7,7,20,6,8,3,5,8,,3,12,11,11,4,13,8,10,,6,14,9,5,10,12,5,5,6,8,6,11,14,6,4,3,3,9,,4,4,10,14,10,15,17,6,18,18,11,,10,,10,,9,14,13,9,9,6,3,8,12,13,8,18,11,7,5,42,21,18,6,12,10,4,8,10,,,,10,,
20260622,8,PM10,63,69,40,68,69,22,51,30,21,80,43,36,25,67,43,29,16,24,30,8,5,8,9,8,17,11,9,10,7,12,8,13,,40,18,28,28,36,18,24,12,35,52,32,6,39,36,25,44,16,29,8,16,18,13,10,16,8,18,14,23,27,25,16,16,21,25,10,11,8,44,31,37,24,16,26,33,34,25,19,29,55,47,17,52,38,37,66,30,49,44,36,37,20,19,18,23,19,17,20,18,14,18,13,28,55,22,21,8,39,51,26,47,55,33,18,30,32,58,14,19,12,29,10,6,17,21,27,23,38,22,25,15,26,13,12,7,24,29,31,17,40,9,25,12,20,20,6,14,11,20,7,22,7,16,171,49,39,22,40,,,,,,,,,,,,,,,,,,,,,,,,,,,,,,27,14,26,23,43,34,12,48,57,63,35,17,47,49,,13,35,43,26,21,40,16,22,33,39,19,16,20,20,19,16,22,27,18,20,13,,9,9,20,9,7,13,6,17,25,7,20,6,10,36,19,27,28,39,26,32,44,45,24,30,40,28,45,32,39,21,26,23,22,26,25,20,22,31,14,34,6,11,12,29,11,28,22,13,16,21,25,28,11,34,14,,50,23,35,31,20,27,47,20,6,7,13,20,6,8,10,7,9,27,,10,13,17,16,27,9,10,13,,12,,19,12,20,16,6,6,9,28,12,23,21,14,14,9,14,41,,14,6,11,,8,7,37,21,46,44,37,,23,,34,,22,30,24,17,30,17,6,7,29,23,13,46,36,27,23,81,48,32,31,14,26,11,27,28,,,,18,,
20260622,8,PM10_24h,38,40,38,48,44,17,45,24,20,53,40,48,31,42,36,19,17,14,18,16,23,26,15,24,38,25,25,27,25,17,30,30,33,37,24,37,31,32,24,30,19,34,25,22,17,35,29,16,35,29,22,21,25,21,15,12,17,15,19,15,18,19,25,19,23,13,22,12,10,19,34,18,41,33,22,20,31,34,17,25,15,26,36,35,39,39,30,42,39,27,26,32,23,34,19,17,26,21,24,20,20,15,22,16,28,30,22,22,11,30,38,19,47,44,14,16,22,21,33,18,17,18,19,20,26,18,20,22,26,26,29,22,17,17,14,8,5,23,29,26,20,12,13,20,16,15,11,11,17,12,24,14,28,17,24,55,45,41,25,43,,,,,,,,,,,,,,,,,,,,,,,,,,,,,,23,19,28,18,38,28,18,33,52,53,32,22,43,32,,13,33,20,23,17,24,12,16,21,24,11,16,15,21,25,21,21,23,24,25,14,14,22,17,38,21,13,12,19,29,35,7,18,10,17,38,21,20,18,35,18,23,31,34,23,28,29,25,27,22,30,19,21,23,33,28,34,27,21,29,20,26,12,15,11,19,16,23,21,15,14,22,20,24,9,31,31,29,26,22,31,26,20,26,31,15,4,11,13,20,21,21,13,7,11,20,,7,16,17,12,15,21,15,11,,10,13,15,10,23,15,9,6,9,24,12,21,22,14,10,8,12,17,,14,7,12,27,24,22,26,17,42,41,32,,19,,27,,17,22,19,15,17,17,8,18,35,28,12,49,25,25,29,59,46,41,22,27,39,29,29,35,,,,20,,
20260622,8,SO2,3,10,6,9,16,4,7,3,4,6,8,5,7,17,10,12,9,6,7,6,5,5,4,6,7,5,4,6,4,9,7,7,5,6,5,5,6,6,5,5,6,2,5,6,7,5,4,7,7,6,4,4,5,6,5,7,5,7,4,3,6,10,4,4,8,4,8,4,6,5,10,9,8,5,5,6,11,8,13,4,9,10,4,8,12,11,17,17,14,6,6,7,8,8,4,9,9,7,8,4,8,6,6,5,6,22,4,5,6,16,14,10,6,24,14,8,12,17,24,6,4,6,7,5,6,3,8,5,9,10,5,8,7,6,4,7,7,5,4,5,2,13,10,15,3,8,4,6,4,3,5,6,3,7,6,29,16,12,6,5,,,,,,,,,,,,,,,,,,,,,,,,,,,,,,6,3,9,3,5,13,6,15,4,30,8,5,11,31,,6,12,18,9,11,8,6,8,7,10,2,5,7,8,5,7,6,5,8,6,9,,6,6,4,8,5,4,8,5,4,5,4,4,6,4,10,5,6,5,4,16,7,19,5,8,6,5,8,7,10,5,4,5,6,3,5,4,9,7,9,8,4,5,7,3,5,8,4,5,5,6,6,8,4,8,5,2,13,5,12,12,5,8,6,6,8,9,4,9,6,5,7,8,4,3,,6,8,4,5,3,6,4,3,,5,6,9,8,5,6,1,3,4,7,5,6,5,8,7,5,7,6,,4,4,6,7,5,7,39,9,10,10,9,,4,,9,,4,9,6,10,12,13,7,19,9,7,6,7,6,7,5,4,6,3,4,5,5,7,6,7,,,,3,,
20260622,8,SO2_24h,3,8,2,5,10,3,4,3,5,3,9,7,6,10,11,7,8,5,6,6,5,6,4,7,9,6,5,7,5,9,8,8,7,6,5,5,6,6,5,6,6,2,4,5,8,5,3,7,6,7,4,4,5,6,5,6,6,6,7,3,5,7,3,4,8,4,10,5,6,5,10,7,7,5,6,6,11,8,9,5,7,14,4,11,13,10,10,13,10,5,6,5,7,9,4,8,11,6,7,4,8,6,6,5,6,12,3,8,5,6,10,10,7,16,11,10,10,8,10,5,3,6,5,5,6,4,8,3,7,7,5,8,7,6,4,7,8,5,3,5,2,8,9,12,3,9,4,6,3,3,5,5,3,6,6,14,8,11,6,4,,,,,,,,,,,,,,,,,,,,,,,,,,,,,,6,3,5,4,6,8,6,9,8,22,8,4,12,9,,6,11,10,9,9,7,4,7,10,10,1,4,7,10,5,7,6,4,8,6,10,7,6,7,5,8,4,4,8,5,5,5,4,4,6,5,8,4,5,6,4,10,7,19,3,7,4,5,8,6,7,5,3,6,6,4,4,5,8,7,6,7,4,6,8,4,5,6,4,5,5,5,6,7,3,7,5,3,7,5,12,11,5,10,6,7,9,9,4,8,6,8,6,7,3,3,,6,8,4,5,3,8,4,3,,4,6,9,9,5,6,2,3,4,8,4,6,5,9,7,5,7,4,,4,4,4,12,5,7,14,11,9,7,9,,4,,8,,4,7,9,10,11,15,6,19,7,7,7,6,6,8,5,4,6,2,4,6,4,7,6,7,,,,4,,
20260622,8,NO2,32,38,10,40,42,9,19,11,19,29,39,20,9,20,18,31,30,38,33,16,10,17,6,13,8,4,19,16,10,3,8,5,10,22,10,13,12,16,14,8,25,18,17,13,6,13,15,14,33,13,14,8,5,14,10,3,10,4,9,10,14,10,9,6,13,17,8,8,10,8,29,17,13,10,6,13,21,14,24,10,17,38,19,11,40,17,21,47,15,37,34,22,28,23,22,18,12,8,12,6,8,5,11,4,14,16,6,7,7,15,19,8,14,24,26,15,19,26,42,16,9,6,15,9,8,24,12,13,16,14,9,14,10,7,10,3,12,7,8,11,9,18,17,21,12,10,20,8,8,7,6,6,12,8,6,55,18,20,5,9,,,,,,,,,,,,,,,,,,,,,,,,,,,,,,7,6,10,11,18,14,9,16,15,30,18,6,11,20,,8,6,29,13,20,19,19,27,19,21,20,13,13,11,11,14,8,10,10,7,9,,10,10,7,12,17,7,3,9,2,5,7,12,9,15,10,10,6,11,10,13,14,14,7,7,13,4,11,14,14,12,11,11,6,9,9,6,7,12,10,8,5,5,6,6,3,12,10,10,6,6,8,6,13,22,7,7,19,9,14,15,6,11,15,10,12,8,18,28,10,17,8,13,4,6,,13,16,11,4,7,6,6,4,,3,9,14,9,8,6,5,4,7,6,8,7,11,13,13,6,7,31,,2,6,9,9,11,7,22,17,28,16,14,,13,,11,,17,24,8,1,9,1,19,2,14,19,9,22,13,9,7,20,7,9,3,10,2,4,5,5,,,,4,,
20260622,8,NO2_24h,21,27,10,23,25,9,17,9,13,21,30,24,8,16,17,24,15,20,25,15,10,17,7,11,13,6,16,14,13,4,9,5,11,18,15,9,16,13,12,10,12,17,13,8,10,10,14,9,26,17,10,9,5,12,9,2,9,4,8,7,9,7,10,7,11,10,6,7,8,8,20,13,12,10,8,8,17,13,16,8,13,24,14,14,33,19,20,28,16,22,18,14,18,17,15,15,12,7,10,5,9,4,10,2,13,12,6,4,5,14,13,7,20,25,12,15,20,17,25,13,11,9,9,7,7,19,10,8,13,9,11,10,9,6,9,3,7,6,5,9,9,8,10,12,10,7,9,7,5,6,9,10,14,7,9,16,13,17,5,12,,,,,,,,,,,,,,,,,,,,,,,,,,,,,,5,6,10,8,11,11,8,13,21,19,14,9,13,11,,6,5,19,14,17,14,17,23,13,11,7,14,12,7,8,8,7,10,9,5,12,3,8,7,9,10,11,4,6,9,3,5,7,8,5,12,11,11,5,11,5,9,14,9,6,9,8,5,8,8,10,11,7,10,5,8,8,6,6,10,10,9,5,8,5,5,4,8,5,6,5,5,9,7,8,18,5,7,8,8,11,12,5,7,10,9,8,7,11,21,9,20,8,8,5,4,,9,10,8,2,6,7,4,3,,4,6,11,7,5,6,4,3,5,4,8,7,11,8,10,5,4,8,,2,6,6,9,7,9,14,11,15,14,16,,9,,13,,9,10,5,2,8,2,8,1,12,15,8,13,9,9,6,10,8,9,5,10,3,7,6,5,,,,4,,
20260622,8,O3,56,65,61,36,54,84,70,75,39,80,55,79,76,53,71,52,49,40,36,51,70,40,87,104,91,82,40,48,83,98,89,97,81,22,61,54,33,41,48,60,28,32,37,33,87,47,36,27,49,75,59,76,59,28,25,36,30,36,31,36,27,23,52,36,33,23,35,40,89,79,45,26,56,88,43,20,71,62,62,58,78,68,37,93,50,69,73,47,84,39,43,55,46,79,65,76,41,41,28,42,33,35,24,40,28,30,32,35,43,53,82,69,52,40,92,73,57,37,57,51,68,52,60,42,46,20,58,66,55,49,81,67,51,77,70,82,73,23,60,39,74,16,39,27,42,42,30,48,38,35,79,102,54,72,88,31,90,45,87,87,,,,,,,,,,,,,,,,,,,,,,,,,,,,,,78,67,29,58,92,65,73,58,41,49,70,36,57,73,,57,114,66,72,72,78,72,55,18,26,50,43,31,32,46,32,46,35,35,44,60,,89,89,77,30,25,12,91,84,72,104,86,27,31,39,30,25,26,55,14,19,41,24,65,61,24,45,34,62,53,69,57,77,92,83,83,50,94,85,59,84,75,61,74,88,86,21,26,74,60,45,28,20,5,12,65,61,26,29,24,29,21,43,11,79,52,42,31,23,28,36,21,36,67,6,,46,34,27,35,13,48,23,50,,37,47,48,60,24,37,38,33,30,21,55,17,20,62,25,76,71,74,,154,57,76,71,42,73,60,26,49,73,31,,63,,36,,33,43,53,60,71,70,87,103,49,32,53,76,85,87,68,39,56,65,88,94,46,101,103,85,,,,39,,
20260622,8,O3_24h,56,65,61,36,54,84,70,75,39,80,55,79,76,53,71,52,49,40,36,51,70,40,87,104,91,82,40,48,83,98,89,97,81,22,61,54,33,41,48,60,28,32,37,33,87,47,36,27,49,75,59,76,59,28,25,36,30,36,31,36,27,23,52,36,33,23,35,40,89,79,45,26,56,88,43,20,71,62,62,58,78,68,37,93,50,69,73,47,84,39,43,55,46,79,65,76,41,41,28,42,33,35,24,40,28,30,32,35,43,53,82,69,52,40,92,73,57,37,57,51,68,52,60,42,46,20,58,66,55,49,81,67,51,77,70,82,73,23,60,39,74,16,39,27,42,42,30,48,38,35,79,102,54,72,88,31,90,45,87,87,,,,,,,,,,,,,,,,,,,,,,,,,,,,,,78,67,29,58,92,65,73,58,41,49,70,36,57,73,,57,114,66,72,72,78,72,55,18,26,50,43,31,32,46,32,46,35,35,44,60,,89,89,77,30,25,12,91,84,72,104,86,27,31,39,30,25,26,55,14,19,41,24,65,61,24,45,34,62,53,69,57,77,92,83,83,50,94,85,59,84,75,61,74,88,86,21,26,74,60,45,28,20,5,12,65,61,26,29,24,29,21,43,11,79,52,42,31,23,28,36,21,36,67,6,,46,34,27,35,13,48,23,50,,37,47,48,60,24,37,38,33,30,21,55,17,20,62,25,76,71,74,,154,57,76,71,42,73,60,26,49,73,31,,63,,36,,33,43,53,60,71,70,87,103,49,32,53,76,85,87,68,39,56,65,88,94,46,101,103,85,,,,39,,
20260622,8,O3_8h,57,42,48,21,40,79,54,76,28,61,46,52,67,52,84,27,68,43,23,53,74,43,78,92,94,85,48,60,80,81,88,93,93,26,70,61,26,52,51,59,44,22,28,29,95,48,24,25,42,76,69,62,50,27,22,39,31,38,27,37,22,25,40,30,37,29,41,42,99,78,56,34,54,95,26,18,83,76,45,60,69,22,29,89,44,69,47,31,87,35,41,48,44,62,62,59,43,36,23,39,25,38,25,38,31,24,31,36,45,52,70,60,39,22,92,55,27,24,22,34,44,34,50,65,73,28,69,67,58,55,89,85,42,79,75,87,74,30,70,33,59,26,53,39,44,50,31,49,46,38,83,79,26,69,91,47,93,51,105,91,,,,,,,,,,,,,,,,,,,,,,,,,,,,,,94,81,19,80,86,50,85,61,40,54,76,23,75,85,,59,111,40,53,46,58,61,21,13,19,62,38,16,31,62,37,49,33,34,39,55,101,101,97,88,33,28,11,96,97,84,97,82,33,45,34,16,10,16,66,13,19,27,13,66,48,26,29,26,60,49,51,72,90,98,84,88,47,98,91,52,85,84,50,55,95,55,17,35,82,66,49,27,20,9,16,59,55,41,32,25,20,24,41,24,86,56,49,41,29,41,34,34,52,59,15,,54,31,36,44,15,55,19,54,,34,38,50,64,27,35,42,36,34,30,51,21,21,73,31,92,100,112,,156,55,80,73,56,65,71,31,50,71,34,,64,,46,,45,56,58,76,64,79,103,112,47,41,55,89,109,98,90,66,71,75,87,93,58,123,96,85,,,,42,,
20260622,8,O3_8h_24h,52,42,48,21,40,79,54,76,28,61,46,52,67,52,84,27,68,43,23,53,74,43,78,92,94,85,48,60,80,81,88,93,93,26,70,61,26,52,51,59,44,22,28,29,89,48,24,25,42,76,69,62,50,27,22,39,31,38,27,37,22,25,40,30,37,29,41,42,99,78,56,34,54,95,26,18,83,76,45,60,69,22,29,89,44,69,47,31,87,35,41,48,44,62,62,59,43,36,23,39,25,38,25,38,31,24,31,36,45,52,70,60,39,22,92,55,27,24,22,34,44,34,50,65,73,28,66,67,58,55,89,85,42,79,75,87,74,30,70,33,50,26,53,39,44,50,31,49,46,38,83,79,26,69,91,47,93,51,105,91,,,,,,,,,,,,,,,,,,,,,,,,,,,,,,94,81,19,80,86,50,85,61,40,54,76,23,75,85,,59,111,40,53,46,58,61,21,13,19,62,38,16,31,62,37,49,33,34,39,55,,101,97,88,33,28,11,96,97,84,97,82,33,45,34,16,10,16,66,13,19,27,13,66,48,26,29,26,60,49,51,72,90,98,84,88,47,98,91,52,85,84,50,55,95,55,17,35,82,66,49,27,20,9,16,59,55,41,32,25,20,24,41,24,86,56,49,41,29,41,34,34,52,59,15,,54,31,36,44,15,55,19,54,,34,38,50,64,27,35,42,36,34,30,51,21,21,73,31,92,100,112,,156,55,80,73,56,65,71,31,50,71,34,,64,,46,,45,56,58,76,64,79,103,112,47,41,55,89,109,98,90,66,71,75,87,93,58,123,96,85,,,,42,,
20260622,8,CO,0.40,0.64,0.52,0.78,1.05,0.45,0.67,0.30,0.25,0.60,0.57,0.42,0.70,0.78,0.58,1.19,0.59,0.31,0.44,0.38,0.61,0.49,0.48,0.36,0.34,0.62,0.57,0.63,0.44,0.53,0.65,0.48,0.50,0.88,0.49,0.40,0.66,0.63,0.65,0.47,0.65,0.60,0.50,0.50,0.54,0.47,0.43,0.75,0.35,0.46,0.53,0.52,0.57,0.48,0.50,0.60,0.43,0.35,0.43,0.43,0.55,0.40,0.59,0.35,0.53,0.60,0.53,0.45,0.28,0.59,0.80,0.75,0.54,0.36,0.55,0.60,0.49,0.52,0.70,0.52,0.40,0.72,0.63,0.30,0.68,0.47,0.78,0.72,0.44,0.47,0.45,0.42,0.50,0.58,0.27,0.42,0.57,0.75,0.57,0.70,0.55,0.50,0.80,0.47,0.45,0.50,0.47,0.55,0.37,0.30,0.59,0.75,1.20,0.90,0.54,0.80,0.78,1.88,0.82,0.38,0.36,0.27,0.38,0.52,0.77,0.78,0.43,0.42,0.52,0.60,0.53,0.45,0.38,0.37,0.67,0.78,0.70,0.47,0.55,0.71,0.40,0.63,0.63,0.57,0.50,0.43,0.63,0.25,0.60,0.43,0.50,0.55,0.55,0.72,0.55,0.70,0.33,0.58,0.28,0.25,,,,,,,,,,,,,,,,,,,,,,,,,,,,,,0.45,0.40,0.50,0.87,0.23,0.65,0.90,0.80,0.47,1.00,0.37,0.30,0.55,0.75,,0.20,0.45,0.60,0.53,0.65,0.90,0.23,0.50,0.75,0.50,0.35,0.25,0.30,0.23,0.13,0.17,0.40,0.25,0.37,0.30,0.30,,0.40,0.24,0.40,0.57,0.70,0.50,0.40,0.44,0.23,0.27,0.23,0.55,0.33,0.47,0.70,0.40,0.35,0.70,0.70,1.03,0.77,0.80,0.34,0.30,0.80,0.60,0.70,0.52,0.57,0.35,0.43,0.35,0.47,0.50,0.27,0.47,0.73,0.60,0.87,0.57,0.90,0.50,0.60,0.57,0.55,1.22,0.50,0.90,0.55,0.60,0.55,0.35,0.50,0.30,0.53,0.50,0.77,0.40,0.55,0.43,0.90,0.40,0.50,0.60,0.50,0.47,0.83,0.75,0.50,0.35,0.45,0.60,0.30,0.40,,0.15,0.60,0.37,0.43,0.45,0.50,0.45,0.45,,0.55,0.45,0.50,0.55,0.75,0.55,0.50,0.10,0.25,0.50,0.40,0.50,0.55,0.60,0.55,0.30,0.45,0.70,,0.30,0.40,0.53,0.37,0.40,0.75,0.60,0.40,0.60,0.35,0.55,,0.50,,0.45,,0.30,0.70,0.50,0.10,0.20,0.30,0.20,0.30,0.50,0.50,0.35,0.55,0.10,0.20,0.35,0.75,0.15,0.50,0.25,0.45,0.50,0.20,0.30,0.20,,,,0.40,,
20260622,8,CO_24h,0.29,0.49,0.36,0.58,0.55,0.38,0.34,0.20,0.30,0.38,0.45,0.42,0.50,0.55,0.46,0.58,0.43,0.30,0.50,0.45,0.62,0.69,0.57,0.49,0.52,0.64,0.77,0.81,0.64,0.60,0.82,0.54,0.57,0.81,0.54,0.43,0.70,0.67,0.65,0.47,0.65,0.60,0.40,0.45,0.74,0.45,0.38,0.67,0.33,0.54,0.45,0.76,0.51,0.45,0.50,0.57,0.43,0.30,0.43,0.43,0.50,0.40,0.54,0.35,0.51,0.48,0.47,0.43,0.28,0.68,0.70,0.40,0.40,0.29,0.38,0.52,0.37,0.48,0.48,0.55,0.27,0.38,0.57,0.53,0.52,0.40,0.46,0.45,0.46,0.37,0.37,0.33,0.37,0.68,0.30,0.42,0.60,0.55,0.43,0.60,0.55,0.45,0.70,0.40,0.40,0.40,0.37,0.55,0.33,0.20,0.44,0.73,1.13,0.62,0.36,0.86,0.48,0.64,0.48,0.36,0.42,0.30,0.40,0.57,0.73,0.64,0.46,0.38,0.50,0.40,0.53,0.45,0.38,0.43,0.65,0.85,0.70,0.43,0.53,0.67,0.35,0.45,0.55,0.58,0.47,0.33,0.57,0.25,0.55,0.43,0.47,0.60,0.45,0.64,0.65,0.30,0.40,0.40,0.32,0.20,,,,,,,,,,,,,,,,,,,,,,,,,,,,,,0.50,0.40,0.50,0.47,0.20,0.40,1.02,0.50,0.50,0.67,0.30,0.30,0.60,0.47,,0.15,0.35,0.38,0.57,0.35,0.57,0.13,0.40,0.70,0.45,0.30,0.15,0.30,0.23,0.15,0.17,0.40,0.20,0.30,0.30,0.30,0.20,0.38,0.36,0.35,0.65,0.70,0.45,0.45,0.50,0.30,0.45,0.33,0.57,0.33,0.40,0.77,0.30,0.30,0.80,0.57,0.53,0.55,0.65,0.28,0.20,0.65,0.60,0.50,0.50,0.37,0.40,0.47,0.40,0.52,0.47,0.23,0.45,0.70,0.68,0.87,0.70,0.70,0.67,0.60,0.60,0.55,0.88,0.45,0.90,0.55,0.63,0.50,0.40,0.30,0.20,0.57,0.57,0.57,0.37,0.50,0.43,0.90,0.20,0.50,0.60,0.45,0.43,0.60,0.60,0.47,0.38,0.50,0.55,0.35,0.30,,0.20,0.50,0.33,0.43,0.40,0.50,0.30,0.50,,0.55,0.40,0.40,0.55,0.70,0.50,0.50,0.10,0.20,0.50,0.40,0.45,0.55,0.50,0.45,0.20,0.40,0.40,,0.30,0.45,0.43,0.30,0.50,0.80,0.45,0.35,0.30,0.30,0.50,,0.45,,0.45,,0.20,0.50,0.40,0.20,0.40,0.30,0.20,0.30,0.37,0.35,0.30,0.50,0.10,0.15,0.35,0.65,0.15,0.40,0.30,0.45,0.40,0.20,0.30,0.20,,,,0.40,,
20260622,9,AQI,59,54,36,52,64,31,45,31,37,52,42,34,34,71,42,27,24,26,33,17,22,12,29,32,28,31,13,16,30,31,27,35,29,43,22,29,23,37,31,22,14,34,55,31,26,40,40,31,50,24,36,23,18,17,13,12,18,16,18,14,19,22,27,18,16,40,28,15,27,24,41,33,38,27,25,25,33,35,30,20,30,51,52,29,39,34,29,60,33,36,50,38,49,29,22,27,22,19,19,25,17,13,19,16,30,63,27,29,16,46,51,41,47,53,35,29,26,34,58,20,25,17,26,12,15,15,22,29,30,41,30,27,18,31,21,23,23,27,23,31,24,51,12,35,13,20,23,15,14,12,24,28,25,24,29,74,52,39,28,56,,,,,,,,,,,,,,,,,,,,,,,,,,,,,,33,31,29,61,36,43,29,56,51,56,37,23,51,40,,19,36,37,30,30,48,24,32,32,49,23,22,19,24,27,20,20,33,21,31,21,,27,27,31,11,11,16,31,26,36,33,29,10,14,47,27,27,31,44,34,46,44,32,26,29,39,26,50,30,38,26,35,27,29,31,24,20,30,31,19,33,26,18,22,29,27,27,21,23,19,23,22,22,17,40,15,20,41,28,35,26,24,27,38,22,18,13,17,22,10,13,8,13,23,20,,14,13,23,16,26,15,12,16,,12,33,23,18,25,13,13,11,11,25,18,33,28,20,16,23,22,44,,43,16,25,31,16,24,27,42,58,55,33,,22,,29,,37,31,20,23,27,23,28,36,24,31,17,61,48,28,25,59,54,36,42,28,73,28,32,30,,,,18,,
20260622,9,PM2.5,26,29,18,28,28,7,25,9,14,36,24,5,9,52,17,11,5,12,14,6,3,4,7,3,10,6,3,4,4,8,4,9,14,30,10,20,16,26,22,14,7,19,34,22,3,27,23,22,24,9,25,7,12,8,3,5,8,4,6,6,8,11,13,12,5,13,9,7,9,8,18,23,11,9,15,17,14,11,9,14,11,14,35,13,25,16,10,43,21,9,35,21,18,4,5,3,13,10,12,10,12,5,12,8,12,27,13,9,4,31,19,29,29,24,9,5,13,14,23,9,5,5,8,3,3,10,14,13,21,20,18,14,4,19,4,12,7,11,13,17,10,29,6,10,3,5,15,3,5,5,15,6,6,3,9,26,15,14,6,21,,,,,,,,,,,,,,,,,,,,,,,,,,,,,,20,22,14,44,8,30,5,38,10,21,5,16,11,15,,6,5,11,6,3,13,9,3,16,9,3,10,8,17,19,14,11,23,13,22,12,,5,4,22,3,3,7,6,11,25,3,12,3,8,33,19,17,15,31,21,17,16,21,11,11,21,9,35,17,18,5,22,19,12,18,16,5,20,13,4,23,3,3,3,17,6,15,15,,13,14,11,7,10,16,4,7,20,17,18,17,6,19,10,3,3,3,3,3,3,3,3,5,3,14,,3,8,13,11,3,9,3,10,,6,23,6,5,6,9,3,3,8,3,6,11,7,14,3,3,3,24,,3,3,11,22,3,3,19,6,12,19,20,,10,,8,,19,22,12,10,6,3,3,6,8,18,12,29,12,7,3,33,34,20,3,5,3,3,3,9,,,,6,,
20260622,9,PM2.5_24h,13,17,15,20,13,12,21,9,7,28,22,18,15,22,14,7,7,8,9,13,17,19,10,14,23,14,15,16,22,13,21,22,29,31,17,24,26,29,26,20,14,20,19,12,12,23,17,16,10,24,21,13,14,11,6,6,10,8,8,6,9,11,13,12,12,9,8,6,6,15,19,15,12,11,10,12,15,12,6,20,6,12,24,21,17,16,14,16,15,9,6,11,7,24,14,5,14,11,13,9,13,6,15,7,13,17,11,9,4,22,13,14,27,16,7,8,6,8,14,8,7,9,9,17,19,18,16,17,23,14,21,13,10,14,4,6,5,9,12,14,9,6,9,7,5,5,4,4,10,6,18,10,16,15,15,19,19,14,6,12,,,,,,,,,,,,,,,,,,,,,,,,,,,,,,14,18,16,9,11,19,11,19,17,15,9,12,15,12,,5,10,6,6,3,10,5,3,9,7,8,9,11,17,14,15,14,19,14,15,6,8,12,11,24,9,10,5,21,17,25,11,18,5,16,26,13,11,10,22,13,13,12,19,11,10,13,9,17,20,14,12,21,21,21,18,17,8,17,22,8,22,6,11,6,12,10,10,15,8,11,13,9,14,4,14,11,13,16,15,15,15,7,11,13,2,,4,7,7,19,6,8,3,4,8,,3,12,11,12,4,13,7,10,,6,14,9,5,9,12,5,6,5,8,6,11,14,7,4,3,3,10,,4,4,10,14,10,14,18,6,18,18,11,,10,,9,,10,14,13,9,8,6,2,8,12,13,8,18,11,8,5,42,21,17,6,12,10,4,7,10,,,,10,,
20260622,9,PM10,68,58,36,54,77,15,45,31,37,54,42,26,23,76,42,27,14,26,33,8,5,7,12,9,15,11,9,8,8,8,8,13,15,38,17,27,22,34,21,21,12,34,59,30,6,40,40,29,50,18,30,8,18,17,13,12,18,16,18,14,19,22,27,18,16,40,28,15,14,11,41,32,38,26,25,25,33,35,30,18,28,51,53,20,39,34,29,70,33,36,44,38,49,16,22,19,22,19,19,25,14,11,19,16,30,75,27,29,16,46,51,38,47,55,32,17,26,34,66,14,25,11,26,10,9,15,22,23,28,41,30,27,12,31,11,12,8,27,23,31,24,51,10,35,13,20,23,7,14,11,24,18,11,10,25,97,54,39,23,61,,,,,,,,,,,,,,,,,,,,,,,,,,,,,,33,,29,,36,43,16,62,51,61,37,19,52,40,,12,32,37,30,27,48,21,18,32,49,18,15,19,19,23,19,20,29,21,22,,,10,9,26,10,6,16,6,20,31,7,13,6,14,40,27,27,31,40,34,46,44,32,26,29,39,26,45,30,38,14,35,23,25,22,23,20,25,31,13,27,14,9,6,29,12,27,21,,15,23,22,22,17,40,11,20,41,28,35,26,24,25,38,21,7,9,17,22,6,10,8,13,12,19,,9,12,23,15,26,8,12,14,,12,19,23,13,25,13,6,,8,25,12,33,28,17,16,19,21,44,,23,7,20,27,9,11,24,42,66,59,33,,22,,29,,37,25,15,23,27,23,6,9,24,31,14,72,48,28,25,67,58,36,42,19,96,14,32,30,,,,18,,
20260622,9,PM10_24h,40,42,38,49,46,16,45,24,21,55,41,47,30,44,37,19,17,15,19,15,22,25,14,23,36,24,23,25,24,16,28,29,32,38,24,36,31,33,24,30,19,34,27,22,16,35,30,16,36,28,21,20,24,21,15,12,17,15,19,15,18,19,26,19,22,14,23,12,10,19,34,18,41,31,22,20,31,33,17,25,15,27,36,34,39,39,30,44,38,28,26,31,24,33,19,17,26,21,24,20,20,15,22,16,28,32,22,22,10,30,38,19,47,43,15,16,23,22,34,19,17,17,20,19,25,18,19,21,24,25,28,21,17,17,13,8,6,23,29,26,20,14,13,20,15,15,11,10,17,12,23,14,28,17,24,56,45,42,25,44,,,,,,,,,,,,,,,,,,,,,,,,,,,,,,23,18,28,18,37,28,17,34,52,53,32,22,44,32,,13,33,21,23,17,25,12,17,22,25,12,16,15,21,25,20,21,24,23,25,13,12,21,15,37,19,12,12,18,28,35,7,18,9,16,38,22,19,18,35,19,23,31,33,23,28,29,25,28,22,30,19,20,22,32,27,32,26,21,28,20,25,11,14,11,19,15,23,21,15,14,21,20,24,10,31,31,29,26,22,31,27,20,25,31,15,4,12,13,20,20,21,13,7,12,20,,7,16,17,12,16,20,15,11,,11,13,16,10,23,15,9,6,9,24,12,20,22,14,10,9,13,18,,14,7,12,27,23,21,26,18,43,42,32,,19,,27,,17,22,19,16,17,17,8,17,34,28,12,50,26,25,29,61,46,41,23,27,42,29,30,35,,,,20,,
20260622,9,SO2,4,10,6,11,22,4,9,4,4,5,9,4,7,18,10,12,9,6,6,6,5,5,4,6,7,6,5,6,4,9,7,7,5,6,5,5,6,6,5,5,6,3,5,6,7,5,5,10,8,6,4,4,4,6,5,6,6,6,5,2,5,8,3,4,8,5,8,5,6,5,13,17,8,6,5,6,9,8,11,4,9,10,4,9,13,10,14,21,14,6,6,8,11,8,4,10,7,6,7,4,7,6,7,5,6,16,4,5,5,12,13,10,6,32,12,7,12,15,17,6,4,6,7,5,6,3,9,4,8,11,5,9,7,6,4,7,8,6,3,5,2,20,10,19,3,8,5,6,4,3,5,6,3,7,6,20,48,13,6,4,,,,,,,,,,,,,,,,,,,,,,,,,,,,,,5,2,9,4,5,20,6,17,5,29,9,4,10,11,,6,13,14,9,11,9,7,8,7,11,2,5,7,8,5,7,5,5,8,6,9,,6,7,4,8,5,4,7,5,4,5,4,4,6,4,12,6,6,5,5,16,6,13,4,8,6,5,8,8,12,5,4,5,6,4,4,4,8,7,8,7,4,6,7,3,4,9,3,5,5,6,5,6,3,7,5,3,9,7,15,12,6,10,6,6,8,9,6,8,6,5,8,8,4,4,,6,9,5,5,3,6,4,3,,5,5,9,8,5,6,1,3,4,7,5,6,5,8,7,6,8,6,,4,4,6,6,5,8,28,9,9,8,9,,4,,9,,4,9,9,10,11,14,7,21,8,8,7,8,6,8,5,4,8,3,4,5,4,7,6,9,,,,3,,
20260622,9,SO2_24h,3,8,2,6,10,3,4,3,5,3,9,6,6,10,11,7,8,5,6,6,5,6,4,7,9,6,5,7,4,9,8,8,7,6,5,5,6,6,5,6,6,2,4,5,8,5,3,7,6,7,4,4,5,6,5,6,6,6,7,3,5,7,3,4,8,4,10,5,6,5,10,7,7,5,6,6,10,8,9,5,7,14,4,11,12,10,10,13,9,5,6,6,7,9,4,8,10,6,7,4,8,6,6,5,6,12,3,8,5,6,10,10,7,17,11,10,10,9,10,5,3,6,5,5,6,3,8,3,7,7,5,8,7,6,4,7,8,5,3,5,2,9,9,12,3,9,4,6,3,3,5,5,3,6,6,14,10,11,6,4,,,,,,,,,,,,,,,,,,,,,,,,,,,,,,6,3,5,4,6,9,6,10,8,22,8,4,12,10,,6,11,10,9,9,7,4,7,10,10,1,4,7,10,5,7,6,4,8,6,10,7,6,7,5,8,4,4,8,5,5,5,4,4,6,4,8,4,5,6,5,10,7,19,3,7,4,5,8,6,7,5,3,5,6,4,4,4,8,7,6,7,4,6,8,4,5,7,4,5,5,5,6,7,3,7,5,3,6,5,12,11,5,11,6,7,9,10,4,8,6,8,6,7,3,3,,6,8,4,5,3,8,4,3,,4,6,9,9,5,6,2,3,4,8,4,6,5,9,7,5,7,4,,4,4,4,11,5,7,15,11,9,7,9,,4,,8,,4,7,9,10,11,15,6,19,7,7,7,6,6,8,5,4,6,2,4,6,4,7,6,7,,,,4,,
20260622,9,NO2,28,22,11,33,28,9,14,11,17,15,24,10,5,20,13,24,21,38,28,16,11,19,6,13,9,3,21,17,10,3,8,5,10,18,5,12,11,19,14,7,19,16,15,11,6,11,17,14,31,14,15,8,6,11,7,3,9,5,7,11,10,8,8,6,13,17,10,9,13,8,31,24,12,13,6,10,17,13,19,9,14,36,19,12,26,14,18,39,17,25,17,20,27,19,22,15,12,7,12,6,7,4,11,3,13,14,6,5,7,16,16,9,12,20,18,12,19,25,32,15,9,7,14,9,9,26,10,8,14,11,9,9,9,9,10,4,12,7,7,8,5,17,19,16,12,11,22,8,11,6,7,9,7,8,6,32,16,16,8,16,,,,,,,,,,,,,,,,,,,,,,,,,,,,,,8,8,11,11,10,14,5,17,16,33,15,5,6,13,,12,7,21,11,15,17,19,12,17,22,12,9,11,11,12,8,9,9,9,7,8,,9,9,8,13,15,6,2,9,2,5,5,11,9,13,10,10,6,9,15,14,13,11,6,6,12,5,10,11,13,8,13,11,6,6,9,10,9,14,12,8,5,5,8,6,3,9,7,8,6,5,8,6,11,19,10,14,15,8,11,13,7,9,11,12,11,8,19,21,10,18,6,14,4,8,,16,15,13,4,7,7,4,4,,3,12,14,11,8,8,3,4,8,5,7,10,12,17,11,14,13,32,,13,7,10,9,9,8,16,13,26,14,15,,16,,10,,21,25,6,2,13,8,15,2,11,20,10,33,14,13,10,17,10,17,5,12,10,11,8,7,,,,4,,
20260622,9,NO2_24h,21,27,10,24,26,9,17,9,13,21,29,24,8,16,17,25,16,21,25,15,9,17,7,11,12,6,16,13,13,3,9,4,11,18,15,9,16,13,12,10,12,18,14,8,10,9,14,9,26,17,10,9,5,12,9,2,9,4,8,7,9,7,10,6,11,10,6,7,8,8,20,14,12,9,8,8,17,12,16,8,13,25,15,14,33,19,20,28,16,22,18,14,19,17,15,15,12,7,10,5,9,4,10,2,13,12,6,4,5,14,13,6,19,24,13,15,20,18,26,14,11,9,9,7,7,20,10,8,12,8,10,9,9,5,9,3,7,6,5,9,9,8,10,12,10,7,10,7,6,6,9,10,14,7,8,17,13,17,5,12,,,,,,,,,,,,,,,,,,,,,,,,,,,,,,5,5,10,8,11,11,8,14,21,19,14,9,13,11,,6,5,19,14,18,14,17,23,13,12,7,14,12,7,8,8,7,10,9,5,11,4,8,7,9,10,11,4,5,9,3,5,7,8,6,12,11,11,6,11,6,9,14,9,6,9,8,5,8,8,11,11,6,10,5,7,7,6,6,9,10,9,5,7,5,5,4,9,5,5,5,5,9,7,8,18,6,7,9,8,10,12,5,7,10,9,8,7,11,21,9,19,8,8,5,4,,9,10,8,2,6,7,4,3,,4,6,11,7,5,6,4,3,5,4,8,7,11,8,10,5,4,9,,2,6,6,9,7,9,14,11,15,14,15,,10,,13,,10,10,5,2,8,2,8,1,12,15,8,13,8,8,6,10,8,9,5,10,3,7,6,5,,,,4,,
20260622,9,O3,82,109,74,72,106,98,91,100,66,107,93,109,109,66,89,77,77,41,44,55,70,37,93,102,91,100,40,51,95,100,87,112,92,38,69,59,42,38,54,71,44,55,59,57,84,64,54,37,67,77,67,75,59,37,32,39,35,40,38,39,35,33,52,45,33,35,33,43,85,77,58,30,68,86,41,31,84,78,83,61,96,75,55,92,95,95,80,88,78,70,77,65,64,92,71,87,46,53,40,45,49,40,37,44,33,52,46,48,44,61,100,77,62,63,111,92,72,46,100,64,62,55,78,39,48,27,71,92,66,66,77,75,56,72,67,74,72,29,64,52,77,25,38,42,43,42,29,47,35,39,76,88,81,78,92,95,107,64,88,60,,,,,,,,,,,,,,,,,,,,,,,,,,,,,,75,67,50,69,108,69,93,79,62,57,90,45,63,108,,62,114,99,86,97,98,78,103,36,61,73,70,46,35,43,41,43,40,37,58,67,,86,86,76,35,34,16,99,82,72,107,93,31,33,48,54,54,55,66,16,31,66,42,66,74,40,52,56,85,66,84,59,79,94,98,78,56,96,82,60,82,82,59,71,83,85,32,39,75,62,48,40,28,14,23,47,52,35,35,35,38,26,50,23,70,56,42,34,39,31,40,26,32,73,9,,46,40,27,34,19,49,33,51,,39,54,47,58,25,36,43,35,34,24,58,21,20,60,27,73,69,72,,137,52,79,74,51,78,81,40,60,81,44,,62,,49,,43,46,63,74,85,68,88,116,67,41,53,61,84,89,65,43,56,59,83,90,50,89,101,80,,,,50,,
20260622,9,O3_24h,82,109,74,72,106,98,91,100,66,107,93,109,109,66,89,77,77,41,44,55,70,37,93,102,91,100,40,51,95,100,87,112,92,38,69,59,42,38,54,71,44,55,59,57,84,64,54,37,67,77,67,75,59,37,32,39,35,40,38,39,35,33,52,45,33,35,33,43,85,77,58,30,68,86,41,31,84,78,83,61,96,75,55,92,95,95,80,88,78,70,77,65,64,92,71,87,46,53,40,45,49,40,37,44,33,52,46,48,44,61,100,77,62,63,111,92,72,46,100,64,62,55,78,39,48,27,71,92,66,66,77,75,56,72,67,74,72,29,64,52,77,25,38,42,43,42,29,47,35,39,76,88,81,78,92,95,107,64,88,60,,,,,,,,,,,,,,,,,,,,,,,,,,,,,,75,67,50,69,108,69,93,79,62,57,90,45,63,108,,62,114,99,86,97,98,78,103,36,61,73,70,46,35,43,41,43,40,37,58,67,,86,86,76,35,34,16,99,82,72,107,93,31,33,48,54,54,55,66,16,31,66,42,66,74,40,52,56,85,66,84,59,79,94,98,78,56,96,82,60,82,82,59,71,83,85,32,39,75,62,48,40,28,14,23,47,52,35,35,35,38,26,50,23,70,56,42,34,39,31,40,26,32,73,9,,46,40,27,34,19,49,33,51,,39,54,47,58,25,36,43,35,34,24,58,21,20,60,27,73,69,72,,137,52,79,74,51,78,81,40,60,81,44,,62,,49,,43,46,63,74,85,68,88,116,67,41,53,61,84,89,65,43,56,59,83,90,50,89,101,80,,,,50,,
20260622,9,O3_8h,58,49,49,27,45,80,57,79,32,65,51,58,70,53,84,31,68,44,25,54,74,43,82,93,94,86,48,60,80,82,88,96,93,27,71,61,27,52,52,59,44,24,32,31,89,49,26,26,45,77,69,65,52,28,23,39,31,38,28,37,23,25,43,32,37,29,41,43,99,80,57,34,55,95,29,19,83,76,48,61,71,29,32,89,50,71,50,35,88,37,43,50,45,64,63,62,43,38,24,40,29,38,25,38,31,27,32,36,45,52,73,61,43,28,94,60,34,26,30,38,46,38,53,65,73,28,66,68,58,55,89,85,43,79,75,87,76,30,70,36,61,26,53,39,44,50,31,49,46,38,83,82,33,70,92,50,93,51,105,92,,,,,,,,,,,,,,,,,,,,,,,,,,,,,,94,81,22,80,87,50,85,61,42,54,77,27,75,85,,59,111,44,58,53,62,62,34,16,24,62,41,18,32,62,37,49,34,34,41,58,101,101,97,88,33,28,13,97,97,84,98,82,33,45,35,21,15,21,68,13,19,31,16,68,52,29,33,30,61,51,55,72,90,98,84,88,47,98,91,53,85,84,51,60,95,59,20,37,82,66,49,43,21,10,17,59,55,41,32,26,21,24,42,25,86,56,49,41,31,41,36,34,52,61,15,,54,33,36,44,15,55,21,54,,35,40,50,64,27,35,42,36,34,30,52,21,21,73,31,92,100,112,,156,56,81,73,56,69,71,31,50,74,35,,64,,46,,45,56,58,76,67,79,103,112,48,41,55,89,109,98,90,66,71,75,87,93,58,123,97,85,,,,42,,
20260622,9,O3_8h_24h,53,49,49,27,45,80,57,78,32,65,51,58,69,52,82,31,66,43,25,54,71,40,82,92,93,86,45,56,80,82,88,96,92,26,69,60,27,47,52,59,42,24,32,31,88,49,26,26,45,76,68,65,52,28,23,39,31,37,28,36,22,25,43,32,36,28,40,42,97,79,54,31,55,93,29,18,80,73,47,59,71,29,32,89,50,71,50,35,87,37,43,50,45,64,63,62,42,38,24,40,29,38,25,38,30,27,32,36,45,51,73,61,43,28,94,60,34,26,30,38,46,38,53,59,68,27,65,68,57,55,87,83,43,78,74,85,76,28,68,36,49,23,50,37,43,48,30,49,44,38,83,82,33,70,92,50,92,50,102,89,,,,,,,,,,,,,,,,,,,,,,,,,,,,,,90,77,22,75,87,50,83,60,42,50,77,27,68,82,,59,110,44,58,53,62,62,34,16,24,62,41,18,31,57,36,47,34,34,41,58,,98,95,86,32,27,13,97,95,81,98,82,33,42,35,21,15,21,68,13,19,31,16,68,52,29,33,30,61,51,55,68,87,97,84,85,46,98,90,53,83,84,51,60,94,59,20,37,80,65,48,39,21,10,16,58,54,37,31,25,21,24,42,25,83,55,48,40,31,37,36,33,48,61,13,,53,33,33,42,15,54,21,53,,35,40,50,62,27,35,42,36,34,28,52,19,21,70,30,88,94,104,,154,56,80,72,55,69,70,31,49,74,34,,63,,45,,42,53,55,73,67,77,101,111,48,39,54,83,106,95,83,62,67,74,87,92,54,117,96,85,,,,41,,
20260622,9,CO,0.43,0.51,0.54,0.91,1.50,0.45,0.69,0.33,0.30,0.63,0.50,0.35,0.55,0.97,0.60,1.11,0.51,0.36,0.39,0.39,0.61,0.51,0.47,0.36,0.32,0.62,0.59,0.63,0.48,0.53,0.66,0.46,0.52,0.85,0.47,0.40,0.64,0.67,0.65,0.50,0.60,0.63,0.50,0.50,0.53,0.47,0.50,0.72,0.37,0.44,0.53,0.57,0.60,0.45,0.49,0.60,0.43,0.35,0.43,0.43,0.53,0.40,0.57,0.35,0.55,0.61,0.53,0.48,0.33,0.63,1.00,1.20,0.48,0.30,0.48,0.63,0.44,0.52,0.60,0.52,0.37,0.63,0.63,0.32,0.64,0.43,0.58,0.70,0.46,0.40,0.45,0.40,0.57,0.50,0.27,0.38,0.57,0.57,0.50,0.73,0.55,0.50,0.80,0.43,0.40,0.50,0.47,0.55,0.43,0.30,0.60,0.78,1.07,0.94,0.48,0.76,0.77,1.44,0.82,0.36,0.40,0.27,0.36,0.45,0.70,0.80,0.44,0.38,0.50,0.57,0.53,0.40,0.38,0.40,0.67,0.82,0.70,0.50,0.50,0.73,0.30,0.68,0.68,0.68,0.50,0.43,0.70,0.25,0.65,0.43,0.50,0.50,0.45,0.68,0.60,0.40,0.43,0.58,0.28,0.20,,,,,,,,,,,,,,,,,,,,,,,,,,,,,,0.45,0.40,0.50,1.53,0.23,0.85,0.80,1.13,0.50,1.03,0.33,0.30,0.45,0.60,,0.25,0.45,0.58,0.53,0.55,0.90,0.23,0.40,0.85,0.45,0.30,0.20,0.27,0.23,0.17,0.17,0.42,0.25,0.37,0.30,0.30,,0.40,0.28,0.40,0.68,0.68,0.50,0.30,0.42,0.30,0.27,0.23,0.50,0.33,0.47,0.83,0.45,0.40,0.75,0.67,1.13,1.18,0.70,0.36,0.30,0.80,0.60,0.75,0.50,0.55,0.30,0.47,0.42,0.47,0.47,0.27,0.40,0.67,0.64,0.93,0.57,0.60,0.60,0.60,0.53,0.55,1.25,0.50,0.90,0.55,0.60,0.50,0.40,0.40,0.20,0.57,0.60,0.73,0.40,0.50,0.43,0.90,0.40,0.50,0.60,0.50,0.47,1.25,0.70,0.50,0.38,0.50,0.70,0.30,0.40,,0.20,0.60,0.37,0.43,0.45,0.50,0.35,0.45,,0.55,0.45,0.40,0.65,0.75,0.55,0.50,0.10,0.25,0.50,0.40,0.65,0.60,0.60,0.60,0.30,0.50,0.60,,0.35,0.45,0.67,0.27,0.50,0.75,0.35,0.35,0.50,0.35,0.55,,0.50,,0.45,,0.35,1.00,0.50,0.20,0.60,0.30,0.30,0.30,0.43,0.50,0.35,0.75,0.10,0.20,0.50,0.75,0.15,0.50,0.30,0.55,0.50,0.20,0.30,0.30,,,,0.40,,
20260622,9,CO_24h,0.29,0.50,0.38,0.57,0.60,0.38,0.36,0.20,0.30,0.40,0.45,0.42,0.50,0.55,0.46,0.61,0.44,0.30,0.50,0.44,0.64,0.68,0.57,0.47,0.52,0.64,0.77,0.79,0.64,0.60,0.80,0.54,0.57,0.81,0.54,0.43,0.70,0.67,0.65,0.47,0.65,0.60,0.40,0.45,0.74,0.45,0.38,0.67,0.33,0.53,0.44,0.76,0.51,0.45,0.50,0.57,0.43,0.30,0.43,0.43,0.50,0.40,0.54,0.35,0.51,0.49,0.47,0.43,0.28,0.68,0.73,0.40,0.40,0.29,0.38,0.52,0.37,0.48,0.50,0.55,0.27,0.38,0.57,0.51,0.56,0.40,0.48,0.45,0.46,0.37,0.37,0.33,0.38,0.66,0.30,0.40,0.60,0.55,0.43,0.60,0.55,0.45,0.70,0.40,0.40,0.40,0.40,0.55,0.33,0.30,0.44,0.73,1.13,0.62,0.36,0.84,0.48,0.68,0.54,0.36,0.42,0.30,0.40,0.57,0.73,0.66,0.46,0.38,0.50,0.40,0.53,0.45,0.38,0.43,0.65,0.85,0.70,0.43,0.53,0.67,0.35,0.47,0.55,0.58,0.50,0.33,0.57,0.25,0.55,0.43,0.47,0.60,0.45,0.64,0.65,0.30,0.40,0.46,0.32,0.20,,,,,,,,,,,,,,,,,,,,,,,,,,,,,,0.50,0.40,0.50,0.50,0.20,0.40,1.02,0.53,0.50,0.67,0.30,0.30,0.60,0.47,,0.15,0.40,0.38,0.57,0.40,0.57,0.13,0.40,0.70,0.45,0.30,0.15,0.30,0.23,0.15,0.17,0.40,0.20,0.30,0.30,0.30,0.20,0.38,0.36,0.35,0.65,0.70,0.45,0.45,0.50,0.27,0.45,0.33,0.55,0.33,0.40,0.77,0.30,0.30,0.80,0.57,0.60,0.57,0.65,0.28,0.20,0.65,0.60,0.50,0.48,0.37,0.40,0.45,0.38,0.52,0.47,0.23,0.48,0.70,0.68,0.90,0.70,0.70,0.67,0.60,0.60,0.55,0.92,0.45,0.90,0.55,0.63,0.50,0.40,0.30,0.20,0.57,0.60,0.57,0.37,0.45,0.43,0.90,0.20,0.50,0.60,0.45,0.43,0.60,0.60,0.47,0.38,0.50,0.55,0.35,0.30,,0.20,0.50,0.33,0.43,0.40,0.50,0.30,0.55,,0.55,0.40,0.40,0.55,0.70,0.50,0.50,0.10,0.20,0.50,0.40,0.45,0.55,0.50,0.45,0.20,0.45,0.40,,0.30,0.45,0.43,0.30,0.50,0.80,0.45,0.35,0.30,0.30,0.50,,0.45,,0.45,,0.20,0.50,0.40,0.20,0.40,0.30,0.20,0.30,0.37,0.35,0.30,0.50,0.10,0.15,0.35,0.65,0.15,0.40,0.30,0.45,0.40,0.20,0.30,0.20,,,,0.40,,
20260622,10,AQI,56,51,37,45,63,38,39,38,28,46,46,38,42,75,40,33,30,30,22,18,26,12,30,32,28,33,14,18,30,32,30,38,29,37,23,27,20,43,33,26,20,33,48,33,25,40,42,30,50,27,36,23,22,18,14,14,16,18,22,16,16,20,24,21,16,23,24,15,27,24,39,33,35,27,29,26,33,31,38,22,35,45,58,29,47,39,29,55,34,29,46,42,42,29,28,31,23,25,23,26,22,15,21,16,27,57,32,27,15,46,47,49,39,44,39,34,30,30,60,19,25,20,28,11,16,15,24,37,27,33,32,29,16,29,21,21,22,33,20,32,25,40,12,23,13,17,24,15,17,15,25,30,28,26,31,67,38,38,31,62,,,,,,,,,,,,,,,,,,,,,,,,,,,,,,28,26,29,68,36,54,35,58,37,60,35,23,46,40,,22,37,45,30,36,47,30,37,38,42,27,29,20,23,27,22,23,29,17,27,23,,26,26,28,10,13,13,30,26,36,33,29,11,12,51,26,27,32,51,35,29,38,26,23,31,37,23,40,35,33,33,31,29,30,28,29,19,31,30,19,29,25,19,23,26,24,31,22,23,20,25,23,27,12,33,12,16,30,30,29,26,35,31,35,22,18,14,18,26,10,13,10,15,21,29,,16,16,26,16,24,15,14,19,,14,24,23,21,27,13,18,13,17,18,21,18,26,21,15,24,28,39,,48,18,21,27,15,25,28,22,58,51,32,,23,,24,,23,37,27,28,31,23,28,37,26,39,20,74,34,30,27,52,58,54,35,28,21,30,36,35,,,,18,,
20260622,10,PM2.5,26,25,19,23,26,3,21,13,3,32,26,3,6,55,16,6,6,14,10,7,3,4,7,4,12,5,4,3,4,7,5,10,13,26,8,18,14,30,23,12,10,16,26,20,3,27,23,20,18,6,24,6,15,8,4,5,7,5,7,7,8,10,8,15,5,10,14,6,7,11,16,23,11,9,17,17,15,10,7,14,10,12,41,20,24,9,7,24,23,6,32,22,18,5,4,3,13,11,11,12,10,6,14,10,12,20,13,11,4,30,23,34,14,22,8,6,6,9,17,11,12,12,5,3,3,8,13,10,19,23,21,12,7,20,5,8,5,13,8,18,9,24,7,7,3,3,9,3,5,7,12,7,3,4,11,27,15,15,9,19,,,,,,,,,,,,,,,,,,,,,,,,,,,,,,18,18,13,49,5,38,5,41,9,24,9,16,10,12,,6,7,11,4,5,16,13,3,19,3,5,8,3,16,17,15,12,19,12,19,12,,11,6,15,3,3,8,5,18,25,3,10,3,4,35,16,12,12,32,23,20,15,18,13,10,18,10,23,15,19,3,20,20,15,16,18,8,22,17,4,17,3,4,3,15,3,16,15,12,12,14,13,7,6,15,6,5,21,21,11,15,6,18,12,3,3,3,3,6,3,3,6,5,3,11,,3,10,11,11,3,10,8,9,,3,15,7,7,8,9,10,3,5,5,8,11,9,11,3,3,3,14,,5,3,11,18,6,3,17,7,14,19,17,,15,,7,,13,22,16,10,10,3,3,7,6,13,14,28,12,13,3,23,31,24,3,5,3,3,3,6,,,,5,,
20260622,10,PM2.5_24h,14,18,16,21,14,11,22,10,7,29,22,17,15,24,14,7,7,8,9,12,17,18,10,13,21,14,14,15,21,12,20,21,27,32,17,23,25,29,26,20,14,20,19,12,11,23,18,16,11,23,20,13,14,11,6,6,10,8,8,6,9,10,13,12,12,9,8,6,6,15,19,15,12,10,10,12,15,13,7,20,6,13,24,22,18,16,14,16,15,9,8,10,7,24,13,5,15,11,13,9,14,6,15,7,13,17,11,9,4,21,14,14,27,16,8,8,6,8,14,9,7,9,9,16,19,18,15,16,22,14,20,13,10,14,4,6,4,9,12,14,9,7,9,7,5,5,4,4,10,6,18,10,16,15,15,19,19,14,6,12,,,,,,,,,,,,,,,,,,,,,,,,,,,,,,14,19,17,10,11,20,10,20,17,16,9,12,15,12,,5,10,6,6,3,10,5,3,10,7,8,9,10,17,15,16,14,20,14,15,7,8,12,10,24,7,10,6,20,17,25,10,17,5,15,26,13,11,11,22,13,13,12,19,11,10,13,10,17,19,14,11,20,20,21,18,16,8,17,21,8,21,5,11,6,12,9,11,15,8,11,13,10,13,4,14,11,12,16,16,15,15,7,11,13,2,,4,6,7,17,6,8,3,4,7,,3,12,11,12,4,12,7,10,,6,14,9,5,9,12,6,5,5,8,6,11,14,7,4,3,3,11,,4,4,10,15,9,13,17,6,18,18,12,,10,,9,,10,14,13,9,9,6,2,8,12,13,8,19,11,8,5,42,22,18,6,12,10,4,7,10,,,,10,,
20260622,10,PM10,62,52,37,45,75,12,39,38,23,44,46,24,15,82,40,25,14,30,22,9,6,7,14,10,16,11,11,7,6,7,10,14,15,33,17,27,17,40,22,20,15,33,48,33,6,40,42,30,50,14,36,9,22,18,14,11,16,18,22,16,16,20,24,21,16,23,24,13,12,17,39,33,35,27,29,26,33,30,29,18,31,45,61,28,47,28,23,60,34,29,44,42,42,22,23,17,23,25,23,26,22,9,21,16,27,63,32,27,10,46,47,41,39,44,31,18,29,30,70,16,25,8,24,7,6,15,23,18,27,31,32,21,10,29,13,10,6,33,19,32,22,40,12,23,12,12,24,7,17,15,15,13,12,7,17,83,37,38,30,74,,,,,,,,,,,,,,,,,,,,,,,,,,,,,,28,23,29,64,27,55,12,64,37,70,28,21,46,38,,12,34,45,27,34,47,24,13,38,42,13,24,10,19,27,22,18,29,14,23,11,,19,8,22,9,8,13,6,21,31,6,15,6,7,51,26,27,32,51,35,17,38,21,23,31,37,23,40,28,33,16,31,21,24,14,29,19,27,30,12,29,8,8,6,25,16,31,22,23,18,25,23,27,12,33,12,16,30,26,29,26,35,31,35,16,6,7,13,26,9,13,10,15,10,29,,9,13,26,16,24,11,11,19,,14,24,23,14,27,13,,6,17,18,6,18,26,16,15,24,22,39,,21,8,20,20,14,11,24,22,65,51,32,,23,,24,,22,37,18,20,22,18,9,,26,39,14,98,34,30,27,54,65,57,35,19,8,20,36,35,,,,15,,
20260622,10,PM10_24h,42,43,38,49,49,16,46,25,22,55,42,46,29,45,37,20,17,15,20,14,21,23,14,22,34,23,22,23,23,15,27,28,30,38,23,36,31,33,24,29,19,35,28,23,15,35,30,17,37,27,21,19,24,21,15,12,17,15,19,15,18,19,26,19,22,14,23,12,10,18,34,19,40,31,21,20,32,33,18,25,16,28,37,34,39,37,30,44,37,28,27,29,25,33,19,17,26,21,24,20,20,15,22,16,28,31,22,22,10,30,38,19,47,43,16,17,23,23,36,19,18,17,20,19,25,18,18,21,22,25,27,20,16,17,13,8,6,23,28,26,19,14,12,20,15,16,12,9,17,12,22,13,27,16,24,58,45,42,24,45,,,,,,,,,,,,,,,,,,,,,,,,,,,,,,23,19,29,19,36,29,17,36,51,54,32,22,45,32,,13,33,23,23,18,25,13,17,23,26,12,17,15,21,25,21,21,25,23,25,13,9,19,14,37,18,12,12,17,27,34,7,18,9,16,38,22,19,18,35,21,23,31,32,23,28,29,25,29,22,30,19,19,21,31,26,31,26,20,28,19,24,11,14,11,19,15,23,21,16,14,21,21,24,10,31,30,28,27,22,30,27,21,25,31,15,3,11,13,21,19,19,12,7,11,20,,6,16,17,12,17,19,15,12,,11,13,16,10,23,14,9,6,9,24,12,20,23,14,10,9,13,20,,14,7,12,26,22,20,25,18,44,41,32,,19,,27,,18,23,19,16,18,17,7,17,33,28,11,51,26,25,29,61,46,41,24,27,42,29,30,34,,,,20,,
20260622,10,SO2,5,10,5,10,20,5,11,3,5,4,12,3,6,18,10,11,9,6,6,6,5,5,4,5,7,5,5,6,4,9,7,8,6,6,6,5,6,6,5,5,6,4,4,5,7,5,6,12,8,6,5,4,5,6,6,6,6,7,5,3,5,7,3,4,9,5,8,5,5,5,14,39,10,5,5,7,10,8,10,4,9,10,4,10,15,10,11,18,15,7,6,10,17,8,5,11,6,6,7,4,7,6,7,5,6,8,4,6,4,9,12,11,6,22,22,10,12,14,18,6,3,6,5,5,6,3,9,3,9,14,5,8,7,6,4,7,8,6,3,5,2,23,10,25,4,8,5,6,4,4,5,5,2,7,6,12,21,13,6,5,,,,,,,,,,,,,,,,,,,,,,,,,,,,,,5,2,8,4,4,18,5,16,5,34,8,5,10,6,,7,12,16,9,12,12,7,8,11,11,1,5,7,8,4,7,6,4,9,6,10,,5,7,4,9,5,4,8,5,4,5,4,4,6,4,12,6,5,5,7,12,7,10,4,8,5,6,8,9,12,5,4,5,6,4,4,4,8,7,5,6,4,5,7,3,4,10,4,5,5,4,6,7,3,8,6,5,8,5,14,11,5,8,6,6,8,9,8,8,5,5,9,8,4,3,,6,10,6,6,3,7,4,3,,5,6,9,9,6,6,2,4,2,8,5,6,5,9,7,6,8,6,,4,4,5,7,5,8,20,10,10,6,10,,4,,9,,4,10,12,10,10,13,7,25,8,9,7,7,7,8,4,3,7,3,4,6,5,7,6,7,,,,3,,
20260622,10,SO2_24h,3,8,3,6,11,4,5,3,4,3,9,6,6,10,11,8,8,5,6,6,5,6,4,7,8,6,5,7,4,9,7,8,7,6,5,5,6,6,5,6,6,2,4,5,8,5,3,7,6,6,4,4,5,6,5,6,6,6,7,3,5,7,3,4,8,4,10,5,6,5,10,9,7,5,6,6,10,8,9,5,7,14,4,10,13,10,10,13,10,5,6,6,8,9,4,8,10,6,7,4,8,6,6,5,6,12,4,8,5,6,10,10,7,16,11,10,10,9,11,5,3,6,5,5,6,4,8,3,7,7,5,8,7,6,4,7,8,5,3,5,2,10,9,12,3,9,4,6,3,3,5,5,3,6,6,14,10,11,6,4,,,,,,,,,,,,,,,,,,,,,,,,,,,,,,6,3,5,4,6,9,6,10,7,23,8,4,12,10,,6,11,10,9,9,7,4,7,10,10,1,4,7,10,5,7,6,4,8,6,10,7,6,7,5,8,4,4,8,5,5,5,4,4,6,4,8,4,5,6,5,11,7,18,3,7,4,5,8,6,7,5,3,5,6,4,4,4,8,7,6,7,4,6,8,4,5,7,4,5,5,5,6,7,3,7,5,3,7,5,12,11,5,11,6,7,9,10,4,8,6,8,7,7,3,3,,6,8,4,5,3,8,4,3,,5,6,9,9,5,6,2,3,4,8,4,6,5,9,7,5,7,4,,4,4,5,11,5,7,15,11,9,7,9,,4,,8,,4,7,9,10,11,14,6,19,7,7,7,6,6,8,5,3,6,2,4,6,4,7,6,7,,,,4,,
20260622,10,NO2,23,15,11,21,22,6,10,9,13,11,15,8,2,19,12,17,17,33,21,17,10,23,7,11,10,4,22,19,11,3,7,5,11,15,6,12,8,21,14,6,13,12,14,9,8,9,19,11,25,10,13,8,6,10,8,3,8,4,7,9,8,6,9,6,13,15,10,8,12,6,28,22,13,16,8,10,17,12,14,8,13,25,20,17,17,8,12,25,17,22,14,20,19,23,18,13,12,7,13,6,6,3,10,3,10,9,5,5,6,15,16,9,9,15,16,13,16,23,25,22,9,5,6,10,11,25,10,5,11,12,11,5,12,8,10,4,12,6,9,6,4,15,22,11,12,8,17,9,9,5,7,9,4,7,5,22,11,15,6,17,,,,,,,,,,,,,,,,,,,,,,,,,,,,,,8,8,7,12,7,10,3,16,17,36,12,4,7,8,,12,6,17,10,12,17,15,6,15,15,5,6,9,9,15,9,7,11,8,7,8,,10,10,7,14,12,5,3,10,2,5,6,11,5,12,10,6,3,14,16,7,11,9,7,5,10,4,9,8,10,8,12,11,6,7,8,7,7,14,12,8,5,6,7,7,3,6,5,9,5,5,8,5,9,11,14,18,11,7,9,13,5,5,11,11,11,7,13,21,10,22,6,13,3,7,,14,14,12,4,9,9,3,4,,3,10,12,9,8,10,3,3,6,4,6,10,13,13,12,18,9,19,,6,8,9,8,9,6,12,13,22,12,13,,10,,7,,11,21,6,2,10,4,16,1,9,21,9,36,13,22,13,18,14,17,6,11,3,13,10,7,,,,3,,
20260622,10,NO2_24h,21,27,10,24,26,8,17,9,13,20,30,23,8,16,17,25,16,22,25,15,9,17,7,11,12,5,16,13,12,4,8,4,10,18,15,9,15,13,12,9,12,18,14,8,10,9,15,9,27,17,10,9,5,12,9,2,9,4,8,8,9,7,10,6,11,10,6,7,9,8,20,14,12,9,8,8,17,12,17,8,13,26,14,14,33,18,20,29,16,23,18,14,19,17,15,15,12,7,10,5,9,4,10,2,13,12,6,4,5,14,13,6,19,24,13,15,21,18,27,15,11,8,9,7,8,20,9,8,12,8,10,9,9,5,9,3,7,6,5,9,9,8,11,12,10,7,10,7,6,6,8,9,14,7,8,17,13,17,4,12,,,,,,,,,,,,,,,,,,,,,,,,,,,,,,5,5,11,8,11,11,7,14,20,19,14,9,13,11,,6,5,19,14,18,14,17,23,13,11,7,14,12,7,8,8,7,10,9,6,11,4,8,7,9,10,11,4,5,9,3,5,7,9,6,12,11,11,6,11,6,9,14,9,6,9,8,5,8,8,11,11,6,10,5,7,7,6,6,9,10,8,4,7,5,5,3,9,5,5,5,5,8,7,8,18,6,8,9,9,10,12,5,7,10,9,8,7,11,21,9,19,8,8,4,4,,9,10,8,2,7,6,4,3,,3,6,11,7,5,6,4,3,5,4,8,7,11,8,10,5,4,9,,2,6,6,9,7,9,13,11,16,14,15,,9,,12,,10,10,5,2,7,2,8,1,12,15,8,15,8,9,6,10,8,10,5,10,3,7,6,5,,,,4,,
20260622,10,O3,109,137,90,103,141,121,119,122,88,133,133,122,134,83,100,104,96,45,60,56,83,33,96,101,89,104,46,56,95,103,95,123,94,57,75,65,62,35,62,82,64,89,84,86,80,86,78,58,97,85,80,75,62,49,38,46,44,52,46,51,45,48,49,59,36,52,38,48,87,78,82,51,81,86,45,48,102,100,120,70,111,110,87,82,134,124,93,111,81,85,94,72,100,92,88,100,55,69,56,51,62,48,54,50,42,78,67,58,48,81,115,89,94,85,125,108,96,73,134,61,64,64,90,36,50,30,77,117,85,91,75,94,51,73,66,67,70,47,65,63,81,40,33,57,43,53,42,48,40,44,79,96,91,84,99,127,123,80,100,66,,,,,,,,,,,,,,,,,,,,,,,,,,,,,,75,69,79,94,114,96,113,102,87,60,113,55,72,127,,69,117,141,97,116,108,95,118,73,96,86,94,63,46,39,43,72,38,42,68,73,,82,83,88,31,42,18,95,80,75,105,92,34,38,71,78,75,73,65,29,54,82,68,72,84,65,61,79,112,94,107,72,84,97,91,78,56,99,80,62,81,80,60,72,82,77,51,50,75,65,53,41,38,36,42,37,45,52,44,47,47,31,62,24,71,56,45,58,53,33,35,33,36,66,21,,50,50,32,36,25,49,44,49,,40,54,52,66,27,41,57,40,44,29,66,27,23,66,37,72,88,96,,154,57,66,86,49,81,90,47,83,93,57,,66,,63,,72,63,87,88,98,74,89,117,84,56,57,59,94,76,68,52,56,66,90,88,68,97,92,81,,,,59,,
20260622,10,O3_24h,109,137,90,103,141,121,119,122,88,133,133,122,134,83,100,104,96,45,60,56,83,33,96,101,89,104,46,56,95,103,95,123,94,57,75,65,62,35,62,82,64,89,84,86,80,86,78,58,97,85,80,75,62,49,38,46,44,52,46,51,45,48,49,59,36,52,38,48,87,78,82,51,81,86,45,48,102,100,120,70,111,110,87,82,134,124,93,111,81,85,94,72,100,92,88,100,55,69,56,51,62,48,54,50,42,78,67,58,48,81,115,89,94,85,125,108,96,73,134,61,64,64,90,36,50,30,77,117,85,91,75,94,51,73,66,67,70,47,65,63,81,40,33,57,43,53,42,48,40,44,79,96,91,84,99,127,123,80,100,66,,,,,,,,,,,,,,,,,,,,,,,,,,,,,,75,69,79,94,114,96,113,102,87,60,113,55,72,127,,69,117,141,97,116,108,95,118,73,96,86,94,63,46,39,43,72,38,42,68,73,,82,83,88,31,42,18,95,80,75,105,92,34,38,71,78,75,73,65,29,54,82,68,72,84,65,61,79,112,94,107,72,84,97,91,78,56,99,80,62,81,80,60,72,82,77,51,50,75,65,53,41,38,36,42,37,45,52,44,47,47,31,62,24,71,56,45,58,53,33,35,33,36,66,21,,50,50,32,36,25,49,44,49,,40,54,52,66,27,41,57,40,44,29,66,27,23,66,37,72,88,96,,154,57,66,86,49,81,90,47,83,93,57,,66,,63,,72,63,87,88,98,74,89,117,84,56,57,59,94,76,68,52,56,66,90,88,68,97,92,81,,,,59,,
20260622,10,O3_8h,63,60,54,37,56,86,65,83,38,72,62,67,76,55,84,42,69,45,29,55,74,43,86,94,94,87,49,60,81,85,89,100,93,29,71,61,31,52,54,62,44,44,38,36,89,53,33,29,51,78,69,69,55,30,25,39,32,39,30,38,25,27,45,36,37,31,41,43,99,80,61,35,57,95,32,21,83,76,58,61,75,41,39,89,60,77,54,42,89,42,48,53,52,85,66,67,44,41,29,42,35,39,28,40,32,31,37,38,45,55,78,65,49,37,98,68,44,33,44,42,49,43,58,65,73,29,67,73,60,59,89,85,45,79,75,87,76,30,70,40,53,26,53,39,44,50,32,49,46,38,83,83,41,71,94,58,95,52,105,92,,,,,,,,,,,,,,,,,,,,,,,,,,,,,,94,81,30,80,89,56,85,64,48,54,81,32,75,85,,60,111,57,64,63,69,68,49,23,34,64,48,24,32,62,38,51,35,35,44,62,101,101,97,88,33,29,14,97,97,84,100,84,34,45,39,29,24,28,68,16,21,38,21,69,57,34,39,37,65,57,63,72,90,98,85,88,48,98,91,54,85,84,52,65,95,64,24,39,82,66,49,33,23,14,20,59,55,41,33,26,25,24,45,25,86,56,49,42,34,41,36,34,52,62,15,,54,36,36,44,16,55,24,54,,36,43,50,64,27,36,44,36,35,30,54,21,22,73,31,92,100,112,,156,57,81,74,56,73,71,33,54,77,36,,64,,47,,45,56,58,76,71,79,103,112,52,41,55,89,109,98,90,66,71,75,87,93,58,123,97,85,,,,42,,
20260622,10,O3_8h_24h,58,60,54,37,56,86,65,83,38,72,62,67,79,54,83,42,67,43,29,54,70,39,86,93,92,86,45,55,81,85,88,100,92,28,69,60,31,45,54,62,44,26,38,36,86,53,33,29,51,77,69,69,55,30,25,39,32,39,30,38,24,27,45,36,36,30,40,42,95,79,56,33,57,91,32,21,81,72,58,58,75,41,39,87,60,77,54,47,88,42,48,53,52,67,66,67,42,41,29,42,35,39,28,40,32,31,37,38,45,55,78,65,49,37,98,68,44,33,44,42,49,43,58,53,63,26,66,73,60,59,85,82,44,76,73,83,76,29,66,40,74,24,47,37,43,48,31,49,43,38,82,83,41,71,94,58,94,52,101,86,,,,,,,,,,,,,,,,,,,,,,,,,,,,,,88,75,30,73,89,56,83,64,48,48,81,32,65,84,,59,111,57,64,63,69,68,49,23,34,64,48,24,31,53,36,51,35,34,44,62,,94,93,85,32,28,14,97,92,79,100,84,34,40,39,29,24,28,68,16,21,38,21,69,57,34,39,37,65,57,63,68,86,97,84,83,47,98,88,54,82,81,52,65,92,64,24,39,79,64,49,33,23,14,19,54,53,36,32,26,25,24,45,25,81,55,47,41,34,36,36,31,46,62,13,,52,36,32,40,16,53,24,53,,36,43,50,62,27,36,44,36,35,28,54,20,22,69,30,84,90,99,,154,56,78,74,54,73,71,33,54,77,36,,62,,47,,42,53,58,72,71,75,98,111,52,41,54,79,103,91,79,59,63,73,87,91,53,112,96,84,,,,42,,
20260622,10,CO,0.43,0.48,0.58,0.62,1.20,0.35,0.76,0.33,0.35,0.55,0.47,0.33,0.30,1.13,0.55,0.89,0.48,0.36,0.34,0.42,0.60,0.54,0.47,0.36,0.34,0.62,0.60,0.66,0.46,0.53,0.64,0.46,0.52,0.78,0.50,0.40,0.60,0.67,0.67,0.47,0.65,0.60,0.50,0.50,0.52,0.47,0.50,0.67,0.37,0.43,0.53,0.58,0.62,0.45,0.47,0.57,0.40,0.30,0.43,0.43,0.50,0.40,0.56,0.38,0.51,0.58,0.53,0.49,0.32,0.64,0.97,1.30,0.46,0.38,0.42,0.63,0.47,0.52,0.64,0.60,0.40,0.70,0.63,0.36,0.62,0.35,0.42,0.53,0.46,0.32,0.40,0.47,0.78,0.60,0.23,0.33,0.63,0.57,0.40,0.73,0.55,0.50,0.80,0.43,0.40,0.50,0.43,0.55,0.43,0.30,0.56,0.88,0.85,0.76,0.46,1.36,0.62,1.46,0.84,0.40,0.40,0.27,0.28,0.45,0.67,0.78,0.59,0.37,0.45,0.57,0.53,0.40,0.35,0.37,0.72,0.85,0.70,0.47,0.47,0.67,0.40,0.60,0.67,0.65,0.50,0.40,0.67,0.25,0.63,0.43,0.50,0.55,0.45,0.72,0.65,0.40,0.40,0.56,0.40,0.30,,,,,,,,,,,,,,,,,,,,,,,,,,,,,,0.45,0.50,0.50,2.00,0.25,0.75,0.75,1.10,0.70,0.95,0.33,0.30,0.45,0.55,,0.25,0.45,0.60,0.50,0.40,1.07,0.33,0.30,1.40,0.35,0.30,0.15,0.23,0.23,0.17,0.17,0.40,0.30,0.30,0.30,0.25,,0.37,0.26,0.25,0.90,0.68,0.50,0.25,0.44,0.30,0.27,0.23,0.53,0.30,0.47,0.97,0.35,0.35,0.85,0.60,0.57,0.98,0.50,0.32,0.25,0.73,0.57,0.65,0.48,0.48,0.30,0.43,0.40,0.47,0.50,0.27,0.35,0.63,0.64,0.77,0.57,0.60,0.53,0.60,0.57,0.55,0.90,0.50,0.90,0.55,0.63,0.50,0.40,0.30,0.20,0.60,0.65,0.63,0.40,0.40,0.43,0.90,0.40,0.50,0.57,0.50,0.47,1.10,0.70,0.45,0.40,0.50,0.65,0.35,0.40,,0.20,0.55,0.47,0.43,0.55,0.55,0.25,0.45,,0.55,0.40,0.50,0.65,0.70,0.55,0.50,0.10,0.20,0.50,0.40,0.55,0.55,0.60,0.55,0.30,0.55,0.50,,0.30,0.45,0.57,0.27,0.50,0.75,0.35,0.40,0.40,0.35,0.55,,0.50,,0.45,,0.25,1.00,0.50,0.20,0.50,0.30,0.30,0.40,0.33,0.40,0.30,0.90,,0.20,0.50,0.75,0.25,0.45,0.25,0.60,0.50,0.20,0.35,0.25,,,,0.40,,
20260622,10,CO_24h,0.30,0.50,0.38,0.56,0.65,0.38,0.40,0.20,0.25,0.40,0.45,0.42,0.50,0.57,0.46,0.62,0.44,0.30,0.48,0.44,0.65,0.67,0.57,0.47,0.46,0.66,0.76,0.79,0.64,0.60,0.80,0.54,0.57,0.81,0.54,0.43,0.70,0.67,0.65,0.47,0.65,0.60,0.40,0.45,0.74,0.45,0.40,0.67,0.33,0.53,0.42,0.74,0.51,0.45,0.49,0.57,0.43,0.30,0.43,0.43,0.50,0.40,0.56,0.38,0.51,0.50,0.47,0.43,0.28,0.68,0.73,0.45,0.40,0.29,0.38,0.52,0.37,0.48,0.50,0.55,0.27,0.40,0.57,0.53,0.60,0.40,0.46,0.47,0.46,0.37,0.37,0.33,0.42,0.66,0.30,0.40,0.60,0.55,0.43,0.60,0.55,0.45,0.70,0.40,0.40,0.40,0.40,0.55,0.33,0.20,0.44,0.73,1.13,0.62,0.36,0.86,0.50,0.74,0.56,0.36,0.42,0.30,0.38,0.55,0.73,0.68,0.42,0.38,0.50,0.40,0.53,0.45,0.38,0.43,0.65,0.85,0.70,0.47,0.50,0.67,0.35,0.47,0.55,0.58,0.50,0.40,0.57,0.25,0.55,0.43,0.47,0.60,0.45,0.64,0.65,0.30,0.40,0.44,0.32,0.20,,,,,,,,,,,,,,,,,,,,,,,,,,,,,,0.50,0.40,0.50,0.57,0.20,0.50,1.02,0.57,0.50,0.70,0.30,0.30,0.60,0.47,,0.15,0.40,0.40,0.57,0.40,0.60,0.13,0.40,0.70,0.45,0.30,0.15,0.30,0.23,0.15,0.17,0.40,0.25,0.30,0.30,0.30,0.20,0.38,0.34,0.35,0.65,0.70,0.45,0.45,0.50,0.27,0.45,0.33,0.55,0.33,0.40,0.77,0.30,0.30,0.80,0.57,0.57,0.57,0.65,0.28,0.20,0.65,0.60,0.55,0.46,0.38,0.40,0.45,0.36,0.50,0.47,0.27,0.45,0.70,0.68,0.90,0.68,0.70,0.67,0.60,0.60,0.55,0.92,0.45,0.90,0.55,0.63,0.50,0.40,0.30,0.20,0.57,0.60,0.57,0.37,0.45,0.43,0.90,0.20,0.50,0.60,0.45,0.43,0.65,0.60,0.47,0.38,0.50,0.55,0.30,0.30,,0.20,0.50,0.33,0.43,0.40,0.50,0.30,0.55,,0.55,0.40,0.40,0.55,0.70,0.50,0.50,0.10,0.20,0.50,0.40,0.45,0.55,0.50,0.45,0.20,0.45,0.40,,0.30,0.45,0.43,0.30,0.50,0.80,0.45,0.35,0.30,0.30,0.50,,0.45,,0.45,,0.20,0.50,0.40,0.20,0.40,0.30,0.20,0.30,0.33,0.35,0.30,0.50,0.10,0.15,0.35,0.65,0.15,0.40,0.30,0.45,0.40,0.20,0.30,0.20,,,,0.40,,
20260622,11,AQI,49,49,38,47,52,42,45,40,36,47,48,43,43,64,42,38,35,23,23,18,28,15,32,32,28,33,15,19,30,36,31,37,30,34,28,29,26,50,31,28,25,35,43,30,26,40,40,31,46,28,30,24,27,21,15,17,19,19,21,23,21,20,18,29,16,22,24,19,29,27,33,36,40,30,35,26,39,36,39,26,43,44,68,41,48,44,34,39,34,31,49,42,43,33,32,38,22,29,27,29,23,17,28,20,27,52,32,26,18,40,45,54,35,39,41,37,35,34,57,24,24,23,36,11,18,13,28,41,32,36,32,33,18,31,21,21,22,31,28,33,29,35,14,22,15,18,24,16,14,16,31,32,28,27,32,44,44,38,33,52,,,,,,,,,,,,,,,,,,,,,,,,,,,,,,31,27,28,47,37,59,37,58,33,53,42,22,42,42,,20,39,47,39,38,50,33,37,35,36,29,31,25,19,27,26,26,26,13,26,25,,27,25,30,10,17,14,28,36,27,32,29,14,13,51,27,25,23,56,38,22,32,23,26,29,37,25,38,39,36,39,25,27,30,28,31,19,31,32,19,25,28,21,23,24,24,22,23,23,21,23,19,21,13,23,13,21,27,29,26,23,51,30,41,23,19,16,24,25,12,12,16,13,22,26,,19,21,26,16,27,16,14,16,,12,20,30,23,24,19,20,14,15,16,22,18,22,23,18,27,31,36,,59,20,19,32,16,27,30,19,50,45,31,,22,,24,,26,37,33,33,37,27,33,38,32,33,23,74,36,33,31,44,54,44,30,28,52,34,39,37,,,,21,,
20260622,11,PM2.5,22,22,21,20,17,5,15,13,8,24,20,4,3,40,18,4,7,13,7,5,3,5,5,5,11,4,4,3,3,9,7,11,13,24,9,19,11,35,22,13,12,17,24,15,3,28,20,20,12,5,21,4,17,10,4,6,8,8,9,8,9,12,6,20,4,9,11,6,5,14,15,16,15,10,22,18,18,9,7,16,14,15,49,29,17,9,3,9,23,4,26,23,20,4,3,3,13,13,11,12,10,5,17,14,12,21,12,7,3,28,20,38,14,22,14,5,3,5,14,11,14,12,6,3,3,8,13,11,15,19,21,11,9,22,5,9,5,13,6,19,9,15,5,6,3,3,8,3,6,8,10,7,3,5,12,13,11,18,8,11,,,,,,,,,,,,,,,,,,,,,,,,,,,,,,17,19,12,30,4,42,3,41,3,19,11,9,11,10,,7,7,14,3,3,13,7,3,5,3,11,15,3,13,19,17,11,18,8,16,6,,12,8,10,3,3,8,5,25,14,3,14,3,3,36,13,9,11,37,19,15,13,11,14,10,21,10,16,13,16,9,17,15,12,10,18,5,19,17,4,14,3,5,3,15,3,12,15,3,12,14,13,9,5,13,8,5,19,20,17,14,3,16,18,3,3,3,3,6,4,3,6,5,3,10,,3,8,13,11,3,6,7,10,,7,14,19,3,10,12,9,3,5,10,5,11,8,7,3,3,6,3,,3,3,13,14,8,3,13,7,12,11,10,,11,,5,,7,23,16,9,3,3,3,3,7,7,11,32,3,8,3,22,18,12,3,9,3,3,8,6,,,,5,,
20260622,11,PM2.5_24h,15,18,16,21,15,10,22,10,7,29,23,17,14,26,15,7,7,8,9,11,17,18,9,13,20,14,13,13,21,12,19,21,24,32,17,23,25,30,26,19,13,20,20,13,11,23,18,17,11,23,20,12,14,10,6,6,10,8,8,6,9,10,13,12,11,9,8,6,6,15,19,15,12,10,11,12,15,13,7,21,6,13,24,23,18,17,13,17,16,8,8,10,8,23,13,5,15,11,13,9,14,6,15,7,13,18,11,9,4,20,14,14,28,16,8,8,6,8,15,9,7,9,9,16,18,18,14,16,21,14,20,12,10,14,4,6,4,9,12,14,9,7,9,7,5,5,4,3,10,6,17,10,15,14,15,19,19,14,6,12,,,,,,,,,,,,,,,,,,,,,,,,,,,,,,14,19,17,11,11,22,9,21,17,16,9,12,16,13,,5,10,7,6,3,11,6,3,10,7,8,10,10,17,15,16,14,20,14,16,7,8,11,9,24,6,10,6,19,17,25,10,17,5,14,26,13,11,11,23,14,13,12,19,11,10,13,10,18,19,15,11,20,20,20,17,17,8,18,21,7,20,5,10,6,12,9,11,14,8,11,13,10,13,5,14,11,12,16,16,16,15,7,11,13,2,,4,6,7,16,5,8,3,4,7,,3,12,11,12,4,11,7,10,,6,13,9,5,9,12,6,5,5,8,6,11,13,7,4,3,3,10,,4,4,10,15,9,12,17,6,17,18,11,,10,,9,,10,15,14,9,8,6,2,8,12,12,7,19,11,8,5,42,22,17,5,12,10,4,7,10,,,,10,,
20260622,11,PM10,49,47,38,47,54,12,35,37,26,35,45,23,14,78,42,23,16,23,21,8,4,8,11,10,17,9,11,7,6,11,11,12,14,29,18,29,16,44,22,22,17,35,43,30,6,39,40,31,46,12,30,9,27,20,15,11,16,19,21,18,19,20,18,26,16,12,24,11,12,16,32,36,40,30,35,26,32,30,30,20,38,44,66,36,39,34,20,37,34,25,49,42,39,24,15,22,22,29,27,29,23,17,28,14,27,54,32,26,9,39,45,45,32,39,28,17,33,17,64,15,24,,36,10,6,13,23,15,32,26,32,18,11,24,14,10,8,31,28,33,29,35,10,22,12,12,24,8,14,15,18,13,11,10,24,44,38,38,29,54,,,,,,,,,,,,,,,,,,,,,,,,,,,,,,31,21,24,47,22,55,13,65,27,55,33,16,42,36,,20,34,47,39,31,50,20,13,27,22,17,26,11,15,26,26,20,25,12,18,12,,19,9,17,10,12,14,6,32,26,7,13,9,8,50,26,21,23,62,38,22,32,20,26,29,37,25,38,21,30,20,21,18,28,21,31,19,24,32,10,24,15,9,9,20,16,22,23,23,19,23,18,21,10,23,9,21,27,28,26,23,51,30,41,12,6,7,10,25,8,11,10,11,9,26,,10,13,26,16,27,12,12,16,,10,20,30,13,24,19,,6,15,16,9,18,22,16,10,15,10,33,,24,10,17,19,15,8,25,18,50,45,31,,21,,24,,16,37,20,19,24,17,13,6,25,33,12,97,28,33,31,44,58,44,27,18,54,26,39,37,,,,14,,
20260622,11,PM10_24h,44,45,38,51,50,15,46,26,22,56,42,45,28,47,38,20,17,16,20,13,20,22,13,21,32,23,21,21,22,15,25,27,27,38,23,35,30,34,24,29,19,35,29,23,15,35,30,18,37,26,19,19,24,21,15,12,17,15,19,15,18,19,26,19,21,14,23,12,10,18,34,20,40,30,21,20,32,32,19,26,17,29,37,34,40,37,30,44,36,28,28,29,26,32,18,17,26,20,24,20,20,15,23,16,28,32,22,22,10,28,39,19,46,42,16,17,24,23,38,19,18,17,21,18,24,18,17,21,22,25,26,19,15,17,13,9,5,23,28,26,20,15,12,20,15,15,12,9,17,12,21,12,26,16,24,58,44,42,24,45,,,,,,,,,,,,,,,,,,,,,,,,,,,,,,23,19,29,19,35,30,16,37,49,54,32,22,45,33,,13,33,24,24,19,26,14,17,23,25,12,18,14,21,25,21,21,25,22,25,13,9,19,13,36,16,12,12,16,27,33,7,18,9,15,38,22,20,18,35,22,23,31,31,23,28,28,25,30,22,30,19,18,21,30,24,31,26,20,27,18,22,10,14,10,19,14,23,21,16,15,21,21,24,10,31,29,28,27,23,30,26,22,25,31,15,3,11,13,21,18,18,12,7,11,20,,6,16,18,13,18,18,15,12,,11,13,16,10,23,14,9,6,9,24,12,20,22,14,10,9,13,21,,15,7,12,26,22,19,25,18,44,41,32,,19,,27,,18,23,19,16,18,18,7,16,33,29,11,51,26,25,29,63,45,40,25,27,43,29,30,34,,,,20,,
20260622,11,SO2,5,10,5,9,14,5,12,4,13,4,12,4,3,15,10,11,9,6,6,6,5,5,4,6,8,5,5,6,4,9,7,8,5,6,5,5,6,6,5,5,6,3,4,5,7,5,5,12,8,6,4,4,5,6,5,6,5,6,5,2,5,7,4,5,10,6,7,5,5,5,14,34,8,5,5,7,11,9,10,4,9,11,5,12,14,13,11,10,14,6,5,11,16,8,4,10,10,6,6,4,7,6,6,5,5,10,4,7,4,8,11,11,7,11,9,9,11,9,12,6,4,6,5,5,6,3,9,3,9,17,5,8,7,6,4,7,8,6,3,5,2,19,10,25,4,8,4,6,3,3,5,5,2,7,6,6,7,15,6,5,,,,,,,,,,,,,,,,,,,,,,,,,,,,,,5,2,6,4,4,11,5,16,5,33,8,5,13,6,,7,11,15,9,11,9,6,7,10,11,1,4,7,9,5,7,5,4,8,6,11,,6,7,4,9,7,4,8,5,4,5,4,3,6,4,9,4,4,7,9,10,7,6,3,8,4,5,9,7,9,6,4,5,6,4,5,4,8,7,6,6,4,6,7,3,5,8,4,5,5,4,6,7,3,7,6,6,6,3,13,10,5,7,6,6,8,9,5,8,5,5,9,7,3,3,,7,12,7,6,3,7,4,3,,5,5,8,9,6,6,2,3,2,8,5,9,5,9,7,6,8,5,,6,3,5,8,6,8,17,11,11,6,10,,4,,9,,4,18,10,10,10,12,7,20,7,9,7,7,9,8,4,3,7,3,4,6,4,7,6,6,,,,3,,
20260622,11,SO2_24h,3,8,3,6,11,4,5,3,4,3,9,6,6,10,11,8,8,5,6,6,5,6,4,7,8,6,5,7,4,9,7,8,6,6,5,5,6,6,5,6,6,2,4,5,8,5,3,7,6,6,4,4,5,6,5,6,6,6,7,3,5,7,3,4,8,4,10,5,6,5,10,10,7,5,6,6,10,8,9,5,7,14,4,11,12,11,10,13,10,6,5,6,8,8,4,8,10,6,7,4,8,6,6,5,6,12,4,9,5,7,10,10,6,16,11,9,10,9,11,6,3,6,5,5,6,3,8,3,7,7,5,8,7,6,4,7,8,5,3,5,2,10,9,12,3,9,4,6,3,3,5,5,3,6,6,13,11,10,6,5,,,,,,,,,,,,,,,,,,,,,,,,,,,,,,5,3,5,4,6,9,6,10,7,23,8,4,12,10,,6,11,10,9,9,7,4,7,10,10,1,4,7,10,5,7,6,4,8,6,10,7,6,7,5,8,5,4,8,5,5,5,4,4,6,4,8,4,5,6,5,11,7,18,3,7,4,5,8,6,7,5,3,5,6,4,4,4,8,7,6,7,4,6,8,4,5,7,4,5,5,5,6,7,3,7,5,3,7,5,12,11,5,11,6,7,9,10,4,8,6,8,7,7,3,3,,6,8,4,5,3,8,4,3,,5,6,9,9,5,6,2,3,3,8,4,6,5,9,7,5,7,4,,4,4,5,10,5,7,15,11,9,7,9,,4,,8,,4,8,10,10,11,14,6,20,7,7,7,7,6,8,5,3,6,3,4,6,4,7,6,7,,,,4,,
20260622,11,NO2,15,13,9,18,15,4,8,9,9,9,11,5,2,14,11,12,16,21,14,17,10,29,6,11,12,4,22,20,11,4,7,5,12,17,6,11,5,25,13,5,11,11,13,7,7,9,15,7,18,10,12,9,6,9,7,3,8,3,7,7,9,6,7,6,12,11,10,7,9,7,20,18,11,16,9,8,15,11,13,10,11,17,19,19,13,7,8,14,17,16,12,15,14,18,13,12,12,6,10,5,6,3,9,4,8,8,4,4,3,12,14,8,7,9,12,10,11,10,18,18,7,5,5,13,10,21,7,4,9,10,10,6,9,8,11,4,11,5,7,6,4,12,18,9,10,6,16,9,7,5,5,7,4,9,5,14,7,15,3,11,,,,,,,,,,,,,,,,,,,,,,,,,,,,,,8,8,5,10,7,7,3,14,14,23,10,4,9,8,,16,5,15,9,14,13,12,5,13,8,5,6,7,11,7,7,8,10,10,5,9,,9,9,6,18,9,4,3,11,2,4,5,9,4,11,6,4,2,17,13,3,9,3,6,5,7,5,11,6,7,8,9,11,5,8,9,4,7,14,12,8,4,5,7,6,3,2,3,7,5,4,4,4,9,8,11,17,7,7,7,10,4,4,13,8,9,7,11,17,8,24,5,12,3,9,,8,10,14,3,11,9,4,3,,3,9,14,7,6,8,3,3,6,4,6,8,13,9,9,12,5,12,,3,5,8,7,10,6,10,11,10,9,12,,9,,8,,10,17,4,2,3,2,10,1,8,15,7,30,6,24,11,19,9,13,2,10,4,13,10,7,,,,3,,
20260622,11,NO2_24h,21,27,10,24,26,8,17,9,13,20,30,21,8,16,17,25,16,23,24,15,9,17,7,11,12,5,16,13,12,4,8,4,10,18,14,9,15,14,13,9,12,18,14,8,10,9,15,9,27,17,10,9,5,12,9,2,9,4,8,8,10,7,10,6,11,11,6,7,9,8,20,14,12,9,8,8,16,12,17,8,13,26,15,14,33,17,20,29,17,23,18,14,20,18,15,15,12,7,11,5,9,4,10,2,12,12,6,4,5,13,13,6,18,23,13,15,21,18,27,15,11,8,9,7,8,20,8,8,12,8,10,8,8,5,9,3,8,6,5,9,8,8,11,11,10,7,10,7,6,6,8,9,13,7,7,17,13,17,3,11,,,,,,,,,,,,,,,,,,,,,,,,,,,,,,5,6,11,7,10,11,7,14,20,19,14,9,13,11,,7,5,20,14,19,14,18,23,13,11,7,14,12,8,8,9,7,11,9,6,11,3,8,7,8,10,11,4,5,9,3,5,7,9,6,12,11,11,6,11,7,9,14,9,6,9,8,5,8,8,10,11,6,10,5,7,7,6,6,9,10,8,4,7,6,5,3,9,5,5,5,5,8,7,8,18,6,8,9,9,10,12,4,7,10,8,8,6,12,21,9,18,8,8,4,4,,9,10,8,2,7,6,4,3,,3,6,11,7,5,6,4,3,5,4,8,7,11,8,10,5,5,9,,2,6,6,9,7,9,12,11,16,14,14,,9,,12,,10,10,5,2,7,2,8,1,12,15,8,15,8,9,7,11,8,9,5,10,3,7,6,5,,,,4,,
20260622,11,O3,134,157,112,120,160,135,143,129,116,151,152,137,136,113,119,121,113,74,75,59,90,28,101,101,91,107,48,60,95,115,99,118,97,62,89,82,82,40,74,90,81,67,100,92,82,112,114,86,124,89,90,76,73,67,49,53,62,59,54,75,68,62,57,77,41,70,46,60,94,85,106,77,105,86,63,68,125,116,125,82,136,133,138,89,155,142,110,124,89,100,115,96,137,106,102,123,71,86,83,65,70,55,69,60,60,104,78,63,58,97,129,106,112,105,131,117,113,110,150,77,72,74,94,35,59,40,89,130,97,116,76,106,58,73,67,67,71,52,69,71,78,59,46,71,47,57,55,51,43,52,98,102,91,85,101,142,142,103,106,94,,,,,,,,,,,,,,,,,,,,,,,,,,,,,,74,69,88,119,119,118,119,130,107,97,133,70,80,133,,65,125,150,110,122,119,106,119,112,114,93,100,80,48,54,49,83,43,43,83,79,,85,79,97,32,53,25,90,75,85,103,93,46,41,108,87,80,75,78,54,61,72,74,79,90,90,68,87,126,114,124,79,85,97,90,77,61,98,81,62,80,89,67,72,76,78,60,58,75,68,57,55,47,42,63,41,51,64,56,61,61,34,74,34,72,62,51,76,77,37,35,52,42,70,34,,62,67,34,41,28,52,46,51,,38,55,55,74,34,46,64,46,49,32,69,34,29,75,58,87,98,114,,167,65,61,102,51,85,96,61,120,120,66,,69,,70,,84,92,107,106,117,85,105,121,102,88,73,71,114,69,85,53,78,76,97,90,78,109,94,81,,,,66,,
20260622,11,O3_24h,134,157,112,120,160,135,143,129,116,151,152,137,136,113,119,121,113,74,75,59,90,28,101,101,91,107,48,60,95,115,99,118,97,62,89,82,82,40,74,90,81,67,100,92,82,112,114,86,124,89,90,76,73,67,49,53,62,59,54,75,68,62,57,77,41,70,46,60,94,85,106,77,105,86,63,68,125,116,125,82,136,133,138,89,155,142,110,124,89,100,115,96,137,106,102,123,71,86,83,65,70,55,69,60,60,104,78,63,58,97,129,106,112,105,131,117,113,110,150,77,72,74,94,35,59,40,89,130,97,116,76,106,58,73,67,67,71,52,69,71,78,59,46,71,47,57,55,51,43,52,98,102,91,85,101,142,142,103,106,94,,,,,,,,,,,,,,,,,,,,,,,,,,,,,,74,69,88,119,119,118,119,130,107,97,133,70,80,133,,65,125,150,110,122,119,106,119,112,114,93,100,80,48,54,49,83,43,43,83,79,,85,79,97,32,53,25,90,75,85,103,93,46,41,108,87,80,75,78,54,61,72,74,79,90,90,68,87,126,114,124,79,85,97,90,77,61,98,81,62,80,89,67,72,76,78,60,58,75,68,57,55,47,42,63,41,51,64,56,61,61,34,74,34,72,62,51,76,77,37,35,52,42,70,34,,62,67,34,41,28,52,46,51,,38,55,55,74,34,46,64,46,49,32,69,34,29,75,58,87,98,114,,167,65,61,102,51,85,96,61,120,120,66,,69,,70,,84,92,107,106,117,85,105,121,102,88,73,71,114,69,85,53,78,76,97,90,78,109,94,81,,,,66,,
20260622,11,O3_8h,72,75,63,50,69,93,76,88,49,83,76,77,84,60,87,54,73,49,37,56,75,43,89,96,94,88,49,60,83,89,90,103,94,33,71,63,37,52,56,65,48,48,47,43,89,61,44,37,62,79,71,72,59,35,28,41,36,41,34,43,30,31,47,42,38,34,41,44,99,81,67,37,64,95,38,27,86,77,70,63,83,57,52,89,74,84,63,55,89,50,56,60,65,71,72,74,46,47,36,45,40,41,34,43,36,40,42,41,47,60,85,70,58,48,102,76,56,45,62,47,54,49,63,65,73,29,69,81,64,67,89,85,46,79,75,87,77,31,70,45,54,28,53,41,45,50,34,49,46,39,84,85,50,73,95,71,100,58,105,92,,,,,,,,,,,,,,,,,,,,,,,,,,,,,,94,81,39,80,93,64,87,71,55,56,87,38,75,89,,61,113,72,72,73,77,75,58,36,45,68,56,33,34,62,39,55,37,36,50,64,101,101,97,88,33,31,15,97,97,84,101,85,35,45,47,38,32,37,70,21,24,43,28,71,63,40,43,43,73,65,73,72,90,98,86,88,49,98,91,56,85,84,54,69,95,71,30,41,82,66,50,35,26,19,24,59,55,41,35,30,31,25,50,25,86,56,49,44,39,41,36,36,52,63,15,,54,42,36,44,17,55,27,54,,37,45,50,64,28,37,46,37,36,30,57,22,23,73,34,92,100,112,,157,57,81,77,56,75,73,36,64,81,40,,64,,49,,46,56,63,76,77,79,103,112,59,46,56,89,109,98,90,66,71,75,89,93,58,123,97,85,,,,45,,
20260622,11,O3_8h_24h,68,75,63,50,69,93,76,88,49,83,76,77,91,60,87,54,72,47,37,55,73,37,89,95,91,88,45,55,83,89,89,103,94,32,71,62,37,43,56,65,48,30,47,43,84,61,44,37,62,79,71,72,59,35,28,41,36,41,34,43,30,31,47,42,36,34,40,44,94,80,62,37,64,90,38,27,86,76,70,60,83,57,52,87,74,84,63,55,88,50,56,60,65,70,72,74,46,47,36,45,40,41,34,43,36,40,42,41,47,60,85,70,58,48,102,76,56,45,62,47,54,49,63,48,62,28,69,81,64,67,83,83,46,74,72,80,76,31,65,45,76,28,46,41,44,48,34,49,43,39,84,85,50,73,95,71,100,58,100,86,,,,,,,,,,,,,,,,,,,,,,,,,,,,,,85,73,39,76,93,64,86,71,55,53,87,38,66,89,,59,113,72,72,73,77,75,58,36,45,68,56,33,34,52,38,55,37,35,50,64,,91,90,86,32,31,15,96,88,78,101,85,35,38,47,38,32,37,65,21,24,43,28,71,63,40,43,43,73,65,73,67,85,97,84,81,49,97,86,56,83,81,54,69,89,71,30,41,77,64,50,35,26,19,24,52,53,38,35,30,31,25,50,24,79,55,47,44,39,35,36,33,43,63,15,,52,42,31,39,17,52,27,52,,37,45,50,63,28,37,46,37,36,27,57,22,23,69,34,83,88,97,,155,57,74,77,53,75,73,36,64,81,40,,63,,49,,46,56,63,74,77,75,97,112,59,46,56,78,102,86,77,56,62,72,89,92,55,109,96,83,,,,45,,
20260622,11,CO,0.44,0.46,0.50,0.64,0.65,0.33,0.71,0.37,0.50,0.47,0.40,0.25,0.22,0.95,0.48,0.70,0.51,0.31,0.30,0.39,0.60,0.57,0.50,0.39,0.34,0.62,0.57,0.66,0.44,0.56,0.64,0.45,0.50,0.83,0.47,0.40,0.59,0.70,0.67,0.43,0.60,0.60,0.50,0.50,0.53,0.50,0.47,0.62,0.35,0.43,0.53,0.58,0.63,0.44,0.51,0.57,0.40,0.30,0.43,0.45,0.50,0.40,0.50,0.38,0.51,0.54,0.60,0.43,0.30,0.64,0.90,1.00,0.40,0.30,0.50,0.58,0.46,0.50,0.70,0.57,0.40,0.70,0.67,0.50,0.58,0.47,0.34,0.38,0.44,0.30,0.40,0.47,0.78,0.50,0.20,0.32,0.63,0.60,0.40,0.70,0.50,0.50,0.75,0.50,0.40,0.50,0.40,0.55,0.40,0.30,0.54,0.88,0.67,0.72,0.43,0.94,0.53,0.60,0.70,0.34,0.40,0.27,0.26,0.53,0.60,0.72,0.57,0.37,0.43,0.53,0.55,0.38,0.35,0.37,0.63,0.85,0.70,0.47,0.53,0.67,0.40,0.53,0.63,0.73,0.53,0.35,0.63,0.25,0.57,0.43,0.47,0.50,0.45,0.66,0.60,0.30,0.30,0.62,0.28,0.20,,,,,,,,,,,,,,,,,,,,,,,,,,,,,,0.45,0.50,0.40,1.50,0.25,0.85,0.70,1.10,0.53,0.77,0.30,0.30,0.50,0.50,,0.25,0.40,0.60,0.43,0.45,0.83,0.30,0.30,0.55,0.30,0.30,0.15,0.23,0.23,0.10,0.27,0.40,0.25,0.33,0.25,0.20,,0.35,0.28,0.40,0.82,0.60,0.45,0.30,0.48,0.23,0.27,0.23,0.55,0.20,0.43,0.67,0.30,0.30,0.95,0.63,0.27,0.92,0.30,0.30,0.25,0.70,0.57,0.55,0.36,0.43,0.30,0.45,0.48,0.47,0.50,0.27,0.35,0.67,0.66,0.93,0.60,0.60,0.57,0.60,0.53,0.50,0.80,0.45,0.90,0.55,0.60,0.40,0.35,0.30,0.15,0.63,0.78,0.60,0.37,0.40,0.37,0.80,0.40,0.60,0.57,0.50,0.47,0.72,0.65,0.45,0.35,0.50,0.65,0.30,0.40,,0.20,0.55,0.77,0.43,0.55,0.55,0.30,0.45,,0.55,0.45,0.40,0.55,0.70,0.50,0.50,0.10,0.10,0.50,0.40,0.45,0.55,0.50,0.55,0.30,0.45,0.40,,0.30,0.45,0.57,0.27,0.50,0.75,0.35,0.35,0.30,0.30,0.55,,0.50,,0.45,,0.25,0.90,0.40,0.20,0.40,0.30,0.30,0.30,0.27,0.40,0.30,0.75,0.10,0.30,0.35,0.65,0.15,0.50,0.25,0.50,0.50,0.20,0.30,0.25,,,,0.35,,
20260622,11,CO_24h,0.31,0.51,0.42,0.56,0.65,0.38,0.40,0.20,0.25,0.40,0.45,0.42,0.50,0.60,0.46,0.65,0.44,0.29,0.48,0.42,0.65,0.66,0.53,0.47,0.46,0.66,0.71,0.77,0.64,0.60,0.78,0.54,0.57,0.81,0.54,0.40,0.70,0.67,0.65,0.47,0.65,0.60,0.40,0.45,0.74,0.45,0.40,0.67,0.32,0.53,0.42,0.71,0.52,0.45,0.50,0.57,0.43,0.30,0.43,0.43,0.50,0.40,0.56,0.38,0.51,0.50,0.47,0.43,0.27,0.68,0.73,0.45,0.40,0.29,0.38,0.52,0.39,0.46,0.50,0.55,0.27,0.45,0.57,0.53,0.60,0.40,0.46,0.47,0.48,0.37,0.33,0.33,0.42,0.64,0.27,0.40,0.57,0.55,0.43,0.60,0.55,0.45,0.70,0.40,0.40,0.40,0.40,0.55,0.33,0.20,0.44,0.72,1.13,0.62,0.38,0.88,0.50,0.72,0.56,0.36,0.42,0.30,0.38,0.53,0.73,0.68,0.42,0.38,0.50,0.40,0.53,0.45,0.38,0.43,0.65,0.85,0.70,0.43,0.50,0.67,0.35,0.47,0.55,0.58,0.50,0.33,0.57,0.25,0.55,0.43,0.47,0.60,0.45,0.64,0.65,0.40,0.43,0.42,0.30,0.20,,,,,,,,,,,,,,,,,,,,,,,,,,,,,,0.50,0.40,0.50,0.60,0.20,0.50,1.00,0.60,0.50,0.70,0.30,0.30,0.60,0.47,,0.20,0.45,0.40,0.57,0.40,0.60,0.13,0.30,0.70,0.40,0.25,0.15,0.27,0.23,0.15,0.17,0.40,0.25,0.30,0.30,0.30,0.20,0.38,0.32,0.35,0.63,0.70,0.45,0.45,0.50,0.27,0.45,0.33,0.55,0.33,0.40,0.80,0.30,0.30,0.80,0.57,0.53,0.60,0.65,0.28,0.20,0.65,0.60,0.55,0.46,0.40,0.40,0.45,0.38,0.50,0.47,0.27,0.42,0.70,0.68,0.90,0.68,0.70,0.67,0.60,0.60,0.55,0.93,0.45,0.90,0.55,0.60,0.50,0.40,0.30,0.20,0.57,0.60,0.57,0.37,0.45,0.43,0.80,0.20,0.50,0.60,0.45,0.43,0.65,0.60,0.47,0.38,0.50,0.55,0.30,0.30,,0.20,0.50,0.37,0.43,0.40,0.50,0.30,0.45,,0.55,0.40,0.40,0.55,0.70,0.50,0.50,0.10,0.20,0.50,0.40,0.45,0.55,0.50,0.45,0.20,0.45,0.40,,0.30,0.45,0.47,0.30,0.50,0.80,0.45,0.35,0.30,0.30,0.50,,0.45,,0.45,,0.20,0.50,0.40,0.10,0.40,0.30,0.20,0.30,0.33,0.35,0.30,0.50,0.10,0.15,0.35,0.65,0.15,0.40,0.30,0.45,0.40,0.20,0.30,0.20,,,,0.40,,
20260622,12,AQI,48,70,42,47,54,45,50,43,40,56,58,45,46,59,43,40,38,26,26,20,27,16,34,32,30,36,16,21,32,36,31,36,32,33,31,33,29,54,31,29,28,43,35,26,28,43,43,29,46,29,36,24,34,28,19,18,24,27,20,30,28,24,22,27,16,28,17,22,32,31,40,33,39,31,51,26,46,40,45,30,49,48,63,36,50,58,41,45,36,33,41,48,48,35,33,41,28,30,34,29,23,20,25,20,28,63,28,24,19,35,44,53,39,38,42,36,38,39,58,30,25,25,31,12,23,17,33,44,35,39,30,35,18,34,22,23,22,29,36,33,22,24,20,25,16,19,24,17,14,18,35,32,28,28,34,57,48,42,34,48,,,,,,,,,,,,,,,,,,,,,,,,,,,,,,27,27,33,41,38,60,37,53,39,51,44,23,41,43,,23,40,56,38,40,39,36,38,38,38,28,34,30,20,31,29,23,28,13,27,26,,27,26,31,20,17,16,29,39,29,33,31,18,13,51,27,29,24,52,29,20,32,27,28,29,34,51,37,41,40,42,27,38,31,33,36,22,31,31,23,25,28,23,22,23,25,28,27,23,23,20,18,23,13,32,32,31,22,26,32,20,30,30,49,24,21,18,28,31,12,13,22,18,24,28,,22,27,26,16,22,16,16,17,,13,19,27,23,25,16,20,16,16,21,23,16,19,27,23,32,33,37,,75,23,23,36,18,29,32,23,42,43,30,,22,,27,,29,41,39,39,39,27,40,39,39,35,28,58,38,36,37,45,56,38,36,31,32,36,37,43,,,,23,,
20260622,12,PM2.5,21,19,21,21,22,4,16,12,3,18,24,3,4,42,17,3,11,12,4,6,3,4,3,5,12,4,4,3,3,6,11,8,12,23,9,20,11,38,22,14,13,24,20,10,3,30,19,16,9,4,15,4,21,11,5,7,9,11,8,10,11,14,7,15,5,8,4,6,6,14,14,17,15,9,24,16,16,8,11,14,13,26,45,22,8,9,3,7,25,3,12,24,17,4,3,4,14,13,14,11,11,6,16,14,14,23,9,7,3,23,18,37,11,23,6,4,3,4,14,9,13,11,5,4,3,10,12,10,16,24,21,6,6,24,3,5,4,15,10,19,9,9,4,6,3,3,4,3,6,6,11,10,3,7,10,14,12,19,6,10,,,,,,,,,,,,,,,,,,,,,,,,,,,,,,17,19,13,15,4,43,4,37,3,19,8,12,11,15,,3,5,10,3,3,8,6,3,3,3,7,14,3,12,22,20,9,19,6,13,8,,14,11,11,3,5,9,6,27,14,3,9,4,3,35,10,8,12,35,9,6,10,11,15,13,23,11,13,11,11,9,13,20,13,20,19,6,17,21,3,15,3,3,3,13,3,10,16,3,12,12,12,10,8,15,11,12,12,18,7,13,8,14,16,3,3,4,3,3,5,3,3,3,3,11,,3,10,13,11,3,8,7,11,,7,12,19,3,8,7,3,3,3,15,6,10,13,6,3,3,3,12,,3,3,16,10,9,3,16,3,15,14,8,,7,,3,,6,19,11,9,3,3,3,3,5,12,7,27,11,10,3,27,26,7,3,7,3,3,5,8,,,,5,,
20260622,12,PM2.5_24h,15,19,16,22,15,9,23,10,7,29,23,16,13,27,15,7,7,8,9,11,17,17,8,12,18,13,12,12,20,12,18,20,21,31,16,23,25,30,26,19,13,20,20,13,11,23,18,16,11,22,19,12,14,10,6,6,10,8,8,6,9,10,13,12,10,9,8,6,6,15,18,16,13,10,11,13,15,13,8,21,7,14,25,24,18,17,13,17,16,8,9,11,9,23,12,5,15,11,13,8,14,6,15,8,12,18,11,9,4,18,15,15,28,16,8,8,6,8,15,9,8,9,9,15,17,18,13,15,21,14,19,11,9,14,4,6,4,9,12,14,9,7,9,7,5,5,4,3,9,6,17,9,15,14,14,19,18,15,6,13,,,,,,,,,,,,,,,,,,,,,,,,,,,,,,14,18,17,10,11,22,8,23,17,16,10,12,15,13,,5,10,7,6,3,11,6,3,10,6,8,10,9,16,15,16,14,20,14,16,7,8,11,9,22,5,10,6,18,17,25,9,17,5,13,25,13,11,11,24,14,13,12,19,11,10,13,10,18,18,15,11,19,20,20,17,17,8,18,21,7,18,5,10,6,12,9,11,14,8,12,13,10,13,5,14,11,12,16,16,15,15,7,11,12,2,,4,6,7,15,5,8,3,4,7,,3,11,11,11,4,11,7,10,,7,13,9,5,9,11,6,5,5,8,6,11,13,7,4,3,3,10,,4,4,10,15,9,11,17,6,17,18,11,,10,,9,,10,15,14,9,8,6,2,8,12,13,7,20,11,8,5,41,22,17,5,11,10,4,7,10,,,,10,,
20260622,12,PM10,47,41,39,47,58,11,33,36,11,38,43,15,18,64,42,22,19,23,18,9,5,8,9,10,21,9,8,7,6,7,17,12,13,29,19,33,17,46,22,24,20,43,35,25,6,40,37,26,44,12,30,9,34,22,16,12,18,27,20,22,21,22,20,24,16,26,16,13,10,22,33,30,33,31,52,23,28,30,33,25,44,48,64,29,27,38,23,31,36,19,41,48,40,14,12,22,24,28,34,29,22,20,21,17,28,75,28,24,10,31,40,40,28,35,24,17,27,18,59,15,25,18,20,12,10,13,21,24,29,33,29,20,13,26,14,8,7,29,36,33,21,23,8,20,12,12,20,13,14,12,16,18,11,9,31,63,36,42,27,48,,,,,,,,,,,,,,,,,,,,,,,,,,,,,,27,,24,41,24,48,12,54,20,51,34,20,41,34,,23,26,40,28,32,38,20,13,15,21,15,21,10,13,31,20,17,28,10,18,15,,21,16,18,9,14,16,6,35,21,6,16,12,7,52,19,20,22,53,29,14,32,27,28,29,34,52,37,18,29,34,22,38,26,,36,18,26,31,12,22,7,7,7,23,15,28,27,12,20,19,16,23,12,32,32,31,11,25,32,19,30,30,49,13,6,9,12,23,8,13,10,11,10,28,,7,14,26,16,22,11,12,17,,13,12,24,12,25,14,10,,11,16,11,16,17,12,11,8,6,21,,24,8,20,20,14,11,27,14,42,42,30,,20,,27,,12,37,19,17,16,19,8,14,31,28,15,66,20,36,33,45,61,38,36,17,32,26,37,43,,,,14,,
20260622,12,PM10_24h,45,46,38,52,52,15,46,27,22,57,43,43,27,48,39,21,18,16,20,13,19,21,12,20,30,22,19,19,21,14,24,26,26,38,23,35,30,35,24,29,18,36,30,23,14,36,31,19,37,25,19,18,24,21,15,12,16,15,19,15,18,19,26,19,21,14,22,12,10,17,34,20,40,29,22,20,32,31,20,26,18,30,38,34,39,37,30,44,36,28,29,30,27,31,18,17,26,21,25,21,20,15,22,16,27,34,22,23,10,26,39,19,45,42,17,17,24,23,40,19,19,16,21,18,23,18,17,21,22,25,26,18,15,17,13,9,5,23,28,26,20,15,12,20,16,15,12,9,17,12,21,12,25,15,23,58,43,42,24,45,,,,,,,,,,,,,,,,,,,,,,,,,,,,,,23,19,29,20,35,30,15,38,48,54,33,22,46,33,,14,32,25,25,20,27,14,17,23,25,13,18,14,21,25,21,21,25,21,24,13,9,18,12,34,14,12,12,16,27,33,7,17,9,14,38,22,20,19,36,22,22,31,31,23,29,28,26,31,21,30,19,18,21,29,23,31,26,20,27,18,21,10,14,10,19,14,23,22,16,15,21,21,24,10,32,29,28,27,23,30,26,22,25,31,14,3,12,13,21,17,18,12,7,11,20,,7,16,18,13,18,17,15,13,,12,12,17,10,24,14,9,6,9,24,12,19,22,14,10,9,13,21,,15,7,12,26,20,18,25,17,44,42,32,,19,,27,,19,24,19,16,19,18,6,16,33,29,11,50,25,26,29,62,45,39,26,27,43,29,31,34,,,,20,,
20260622,12,SO2,4,10,5,9,14,4,9,4,8,2,12,4,4,13,10,10,10,6,5,6,5,6,4,6,8,5,5,6,4,9,7,7,6,6,5,5,6,6,5,5,6,3,4,5,7,5,5,10,8,6,6,4,5,6,5,6,5,5,4,2,5,7,4,4,9,6,7,5,5,5,12,23,7,5,8,6,13,9,10,5,10,11,4,14,13,14,14,10,12,5,5,11,14,8,4,9,9,6,7,4,7,6,5,5,5,15,4,6,4,7,10,11,6,14,9,8,10,9,11,6,4,7,5,6,6,3,9,3,9,14,4,7,7,6,4,7,7,6,3,5,2,12,10,15,4,8,4,6,3,3,5,5,2,7,6,8,9,14,6,5,,,,,,,,,,,,,,,,,,,,,,,,,,,,,,5,2,6,4,4,10,4,16,5,24,9,5,15,6,,6,10,12,8,11,9,6,7,9,8,2,5,7,9,5,8,5,4,9,6,11,,6,7,4,8,6,4,8,5,5,5,4,4,6,4,6,5,4,6,8,10,5,6,3,8,3,5,8,7,8,6,4,5,5,4,4,4,8,7,5,7,4,5,7,3,5,8,3,5,5,4,6,7,3,7,6,7,5,4,13,10,5,6,4,6,8,9,5,8,6,5,8,7,4,3,,6,13,9,6,3,6,4,4,,5,6,9,9,6,8,2,3,2,8,5,11,5,9,7,5,7,5,,6,4,5,7,6,8,11,10,10,6,11,,4,,8,,4,18,10,10,9,12,6,21,7,7,7,7,8,8,5,3,7,2,4,7,5,7,6,6,,,,3,,
20260622,12,SO2_24h,3,8,3,6,12,4,5,3,4,3,9,6,6,10,11,8,8,5,6,6,5,6,4,7,8,6,5,6,4,9,7,8,6,6,5,5,6,6,5,5,6,2,4,5,8,5,3,7,6,6,4,4,5,6,5,6,6,6,7,3,5,7,3,4,8,5,10,5,6,5,10,10,7,5,6,6,10,8,9,5,8,14,4,11,12,11,10,13,11,6,5,6,8,8,4,8,10,6,7,4,8,6,6,5,6,12,4,9,5,7,10,10,6,15,11,9,10,9,11,6,3,6,5,5,6,3,8,3,8,8,5,8,7,6,4,7,7,5,3,5,2,10,9,13,3,9,4,6,3,3,5,5,3,6,6,13,11,10,6,5,,,,,,,,,,,,,,,,,,,,,,,,,,,,,,5,3,5,4,5,9,6,10,7,23,8,4,12,10,,6,11,11,9,9,7,4,7,10,10,1,4,7,10,5,7,6,4,8,6,10,7,6,7,5,8,5,4,8,5,5,5,4,4,6,4,8,4,5,6,5,11,7,18,3,7,4,5,8,6,7,5,3,5,6,4,4,4,8,7,6,7,4,6,8,3,5,7,4,5,5,5,6,7,3,7,5,3,7,5,12,11,5,11,6,6,8,10,4,8,6,7,7,7,3,3,,6,8,4,5,3,7,4,3,,5,6,9,9,5,6,2,3,3,8,4,6,5,9,7,5,7,4,,5,4,5,10,5,7,15,11,9,7,9,,4,,8,,4,8,10,10,11,14,6,20,7,7,7,7,6,8,5,3,6,3,4,6,4,7,6,7,,,,4,,
20260622,12,NO2,13,11,6,17,17,5,7,8,7,8,10,5,2,12,11,9,19,15,11,14,12,31,5,11,10,3,20,17,9,3,6,4,11,16,6,8,5,25,14,5,10,16,11,6,7,8,12,4,15,8,8,9,6,8,6,3,6,3,5,8,8,5,7,5,12,10,10,6,7,6,16,14,10,18,10,6,14,11,14,9,11,15,13,12,10,7,7,12,18,11,9,13,11,13,12,11,11,6,8,5,5,4,7,4,8,11,4,4,3,10,11,7,7,9,10,9,9,7,15,13,7,4,5,24,9,18,6,4,9,8,9,5,9,8,10,4,10,4,3,6,4,5,11,10,10,5,10,9,7,6,5,9,4,7,4,9,7,15,3,6,,,,,,,,,,,,,,,,,,,,,,,,,,,,,,8,7,4,8,7,5,3,12,8,14,9,5,8,8,,12,4,13,8,10,11,10,3,5,5,6,6,5,8,11,5,8,13,10,6,10,,8,8,6,10,7,6,5,11,2,4,4,9,3,10,4,4,2,10,8,3,8,1,4,4,6,3,7,4,6,9,6,12,5,6,10,4,7,13,7,8,3,5,8,7,2,2,2,9,5,3,4,3,11,7,9,16,3,8,6,8,3,3,,7,8,6,9,11,7,21,9,11,3,5,,5,9,13,4,10,7,4,3,,3,5,,5,5,5,4,2,5,4,6,9,12,7,7,6,5,10,,1,7,8,6,8,4,10,9,8,9,8,,8,,9,,8,7,4,1,3,4,4,1,7,10,7,20,5,26,6,14,8,12,2,8,6,13,9,9,,,,3,,
20260622,12,NO2_24h,21,27,10,24,26,8,17,9,13,20,29,21,7,16,17,25,16,23,24,15,9,18,7,11,12,5,17,13,12,4,8,4,10,18,14,9,15,15,13,9,11,19,14,8,10,10,15,9,26,16,9,9,5,12,9,3,9,4,8,8,10,7,10,7,11,11,6,7,9,8,20,15,12,9,9,8,16,12,17,8,13,27,15,14,33,16,19,28,17,23,18,15,20,17,15,15,12,7,11,5,9,4,11,3,12,13,6,4,5,13,13,7,18,23,13,15,21,19,27,15,11,8,9,8,8,20,8,8,12,8,10,8,8,5,8,3,8,6,5,9,8,9,11,12,10,7,10,7,6,6,8,9,13,7,7,18,13,17,3,11,,,,,,,,,,,,,,,,,,,,,,,,,,,,,,6,6,11,7,10,11,7,14,20,19,14,9,13,11,,7,5,20,14,19,14,19,23,13,10,7,14,12,8,9,9,7,11,10,6,10,3,8,7,8,9,10,4,5,9,3,5,7,9,6,12,11,11,6,11,7,9,14,9,6,9,8,5,8,8,10,11,6,10,5,7,7,6,6,9,9,7,4,7,6,5,3,9,5,5,5,5,7,6,8,18,6,9,8,9,10,12,4,7,10,8,8,6,12,21,8,18,8,9,4,4,,9,10,8,2,7,6,4,3,,3,6,12,7,5,6,4,3,5,4,8,7,11,8,10,5,5,10,,2,6,6,8,7,9,12,12,16,14,14,,9,,12,,10,10,5,2,7,2,8,1,12,15,8,15,8,10,7,10,7,9,5,10,3,7,6,5,,,,4,,
20260622,12,O3,152,176,135,140,156,144,159,137,128,165,166,144,146,141,139,129,123,83,84,65,85,29,108,103,95,116,51,67,103,116,100,114,102,68,100,100,92,39,73,94,90,123,99,83,89,129,139,94,147,93,114,76,88,88,61,59,76,65,60,97,88,78,69,86,45,89,55,70,101,100,127,107,126,83,89,83,147,129,144,96,156,142,170,114,160,166,130,145,91,105,129,119,153,112,106,132,90,96,105,80,73,60,81,65,81,131,79,65,60,112,140,127,125,123,133,115,120,124,166,96,81,80,100,32,74,55,105,140,112,126,94,111,59,74,71,72,71,61,74,77,71,78,65,80,50,61,77,53,46,59,111,101,89,91,110,147,154,131,108,108,,,,,,,,,,,,,,,,,,,,,,,,,,,,,,76,80,104,132,123,139,117,151,126,130,140,74,94,139,,68,128,165,121,128,125,115,122,120,121,91,110,96,63,48,60,75,48,42,86,84,,87,84,99,64,55,31,93,76,93,104,99,59,41,132,86,93,77,120,79,64,74,77,83,92,92,75,94,132,127,133,87,84,99,105,72,69,99,82,73,80,89,72,69,74,80,69,62,75,74,65,56,55,42,78,56,69,71,71,77,65,40,79,64,76,66,58,88,98,38,40,71,58,76,46,,69,86,44,50,29,52,52,53,,37,62,62,75,43,50,65,50,50,38,73,39,40,85,72,101,105,117,,180,72,64,114,58,94,102,75,130,139,77,,71,,76,,93,131,126,124,125,86,128,126,124,113,88,97,122,62,117,68,88,85,98,98,80,115,96,76,,,,72,,
20260622,12,O3_24h,152,176,135,140,156,144,159,137,128,165,166,144,146,141,139,129,123,83,84,65,85,29,108,103,95,116,51,67,103,116,100,114,102,68,100,100,92,39,73,94,90,123,99,83,89,129,139,94,147,93,114,76,88,88,61,59,76,65,60,97,88,78,69,86,45,89,55,70,101,100,127,107,126,83,89,83,147,129,144,96,156,142,170,114,160,166,130,145,91,105,129,119,153,112,106,132,90,96,105,80,73,60,81,65,81,131,79,65,60,112,140,127,125,123,133,115,120,124,166,96,81,80,100,32,74,55,105,140,112,126,94,111,59,74,71,72,71,61,74,77,71,78,65,80,50,61,77,53,46,59,111,101,89,91,110,147,154,131,108,108,,,,,,,,,,,,,,,,,,,,,,,,,,,,,,76,80,104,132,123,139,117,151,126,130,140,74,94,139,,68,128,165,121,128,125,115,122,120,121,91,110,96,63,48,60,75,48,42,86,84,,87,84,99,64,55,31,93,76,93,104,99,59,41,132,86,93,77,120,79,64,74,77,83,92,92,75,94,132,127,133,87,84,99,105,72,69,99,82,73,80,89,72,69,74,80,69,62,75,74,65,56,55,42,78,56,69,71,71,77,65,40,79,64,76,66,58,88,98,38,40,71,58,76,46,,69,86,44,50,29,52,52,53,,37,62,62,75,43,50,65,50,50,38,73,39,40,85,72,101,105,117,,180,72,64,114,58,94,102,75,130,139,77,,71,,76,,93,131,126,124,125,86,128,126,124,113,88,97,122,62,117,68,88,85,98,98,80,115,96,76,,,,72,,
20260622,12,O3_8h,84,92,75,65,86,101,91,96,62,97,91,89,94,72,93,69,79,57,46,57,76,43,92,98,94,93,49,60,87,95,91,106,95,38,74,67,46,52,57,69,53,58,56,50,89,70,60,45,75,82,75,75,64,43,33,43,42,45,38,51,39,38,51,50,38,42,42,48,99,84,74,47,72,95,47,36,94,83,84,66,94,73,70,91,89,96,75,71,89,60,68,70,80,78,78,83,51,55,47,51,45,44,41,47,43,53,48,44,49,68,95,79,69,61,106,85,69,58,81,56,60,56,70,65,73,31,74,90,71,75,90,86,49,79,75,87,77,35,70,51,54,35,53,46,45,50,39,50,46,42,87,87,58,75,96,83,109,68,105,92,,,,,,,,,,,,,,,,,,,,,,,,,,,,,,94,81,50,83,99,77,90,83,66,64,95,45,75,97,,62,116,89,81,85,87,82,72,51,60,71,65,45,39,62,41,58,39,37,56,67,101,101,97,88,37,35,17,97,97,84,101,87,38,45,60,47,43,46,73,29,31,50,36,73,69,49,50,52,83,75,84,72,90,98,87,88,52,98,91,59,85,84,58,69,95,74,37,43,82,66,52,39,31,23,32,59,56,43,40,37,38,27,54,28,86,57,49,49,47,41,37,39,52,66,19,,55,49,36,44,19,55,32,54,,37,48,52,65,29,39,49,39,38,30,60,24,26,73,39,92,100,112,,158,59,81,82,56,79,76,41,74,90,45,,65,,52,,53,65,72,80,85,79,103,113,68,55,60,89,109,98,90,66,71,75,90,94,59,123,97,85,,,,49,,
20260622,12,O3_8h_24h,81,92,75,65,86,101,91,96,62,97,91,89,104,72,93,69,78,52,46,57,75,36,92,97,92,93,45,56,87,95,91,106,95,37,74,67,46,42,57,69,53,48,56,50,84,70,60,45,75,81,76,75,64,43,33,43,42,45,38,51,39,38,51,50,37,42,41,48,94,84,71,47,72,88,47,36,94,83,84,66,94,73,70,91,89,96,75,71,87,60,68,70,80,78,78,83,51,55,47,51,45,44,41,47,43,53,48,44,49,68,95,79,69,61,106,85,69,58,81,56,60,56,70,43,61,31,74,90,71,75,84,86,49,74,71,79,76,35,66,51,76,35,47,46,45,50,39,50,43,42,87,87,58,75,96,83,109,68,100,88,,,,,,,,,,,,,,,,,,,,,,,,,,,,,,82,74,50,83,99,77,90,83,66,64,95,45,68,97,,61,116,89,81,85,87,82,72,51,60,71,65,45,39,49,41,58,39,37,56,67,,88,88,87,37,35,17,95,85,79,101,87,38,38,60,47,43,46,72,29,31,50,36,73,69,49,50,52,83,75,84,68,84,97,86,79,52,97,85,59,83,81,58,69,87,74,37,43,76,64,52,39,31,23,32,51,56,41,40,37,38,27,54,28,77,57,48,49,47,34,37,37,43,66,19,,54,49,32,40,19,52,32,52,,37,48,52,65,29,39,49,39,38,28,60,24,26,71,39,84,88,96,,157,59,72,82,52,79,76,41,74,90,45,,65,,52,,53,65,72,80,85,75,101,113,68,55,60,78,102,82,80,55,65,72,90,93,59,107,96,82,,,,49,,
20260622,12,CO,0.47,0.42,0.50,0.69,0.75,0.30,0.57,0.33,0.45,0.40,0.38,0.25,0.20,0.82,0.48,0.60,0.56,0.36,0.28,0.39,0.67,0.57,0.55,0.39,0.32,0.70,0.57,0.69,0.48,0.57,0.64,0.46,0.50,0.82,0.46,0.40,0.59,0.70,0.67,0.43,0.65,0.60,0.40,0.45,0.54,0.47,0.43,0.60,0.31,0.41,0.46,0.59,0.63,0.42,0.53,0.57,0.43,0.25,0.43,0.43,0.50,0.40,0.50,0.35,0.51,0.53,0.57,0.43,0.28,0.62,0.83,0.75,0.40,0.29,0.82,0.53,0.51,0.48,0.78,0.63,0.40,0.65,0.67,0.82,0.52,0.50,0.30,0.24,0.50,0.28,0.38,0.50,0.63,0.46,0.20,0.33,0.60,0.60,0.40,0.67,0.55,0.50,0.75,0.47,0.40,0.50,0.40,0.55,0.33,0.30,0.50,0.85,0.65,0.70,0.44,0.74,0.47,0.52,0.68,0.36,0.38,0.27,0.26,0.68,0.50,0.60,0.51,0.37,0.42,0.43,0.50,0.40,0.35,0.37,0.65,0.85,0.70,0.47,0.50,0.68,0.45,0.60,0.57,0.58,0.47,0.35,0.60,0.30,0.57,0.43,0.40,0.50,0.40,0.66,0.60,0.20,0.47,0.68,0.28,0.20,,,,,,,,,,,,,,,,,,,,,,,,,,,,,,0.50,0.50,0.45,0.87,0.20,0.75,0.72,1.00,0.33,0.70,0.33,0.20,0.50,0.50,,0.25,0.35,0.58,0.47,0.40,0.80,0.23,0.30,0.35,0.30,0.30,0.15,0.23,0.25,0.17,0.33,0.40,0.25,0.33,0.25,0.25,,0.37,0.30,0.40,0.57,0.60,0.50,0.30,0.48,0.23,0.27,0.23,0.55,0.23,0.43,0.50,0.30,0.30,1.00,0.53,0.27,0.83,0.35,0.32,0.25,0.68,0.57,0.50,0.34,0.37,0.30,0.43,0.48,0.47,0.40,0.27,0.37,0.70,0.70,0.77,0.60,0.50,0.57,0.60,0.55,0.55,0.75,0.45,0.90,0.55,0.60,0.40,0.35,0.30,0.15,0.63,0.93,0.50,0.37,0.40,0.37,0.80,0.40,0.50,0.53,0.45,0.47,0.67,0.55,0.42,0.40,0.60,0.65,0.30,0.40,,0.20,0.60,0.83,0.43,0.50,0.50,0.25,0.40,,0.40,0.40,0.40,0.55,0.70,0.40,0.50,0.10,0.15,0.50,0.40,0.45,0.55,0.50,0.50,0.25,0.45,0.30,,0.30,0.45,0.57,0.27,0.50,0.75,0.30,0.35,0.40,0.35,0.55,,0.50,,0.45,,0.25,0.70,0.40,0.20,0.50,0.30,0.20,0.30,0.23,0.30,0.30,0.65,,0.35,0.30,0.65,0.15,0.40,0.25,0.50,0.60,0.20,0.30,0.30,,,,0.35,,
20260622,12,CO_24h,0.32,0.51,0.44,0.57,0.70,0.38,0.43,0.20,0.25,0.40,0.45,0.42,0.50,0.63,0.48,0.65,0.44,0.29,0.46,0.42,0.66,0.63,0.50,0.47,0.46,0.66,0.70,0.73,0.64,0.60,0.78,0.50,0.57,0.81,0.53,0.40,0.70,0.67,0.65,0.43,0.65,0.60,0.40,0.45,0.74,0.45,0.40,0.67,0.32,0.53,0.42,0.71,0.51,0.45,0.50,0.57,0.43,0.30,0.43,0.43,0.50,0.40,0.56,0.38,0.51,0.50,0.47,0.43,0.27,0.69,0.73,0.55,0.40,0.29,0.40,0.52,0.40,0.46,0.54,0.55,0.30,0.45,0.57,0.53,0.58,0.40,0.46,0.47,0.48,0.35,0.35,0.33,0.47,0.64,0.27,0.40,0.57,0.55,0.43,0.60,0.55,0.45,0.70,0.40,0.40,0.40,0.40,0.55,0.33,0.20,0.44,0.72,1.05,0.62,0.38,0.90,0.52,0.74,0.58,0.36,0.42,0.30,0.38,0.55,0.73,0.68,0.42,0.35,0.50,0.40,0.53,0.45,0.38,0.43,0.65,0.85,0.70,0.43,0.50,0.67,0.35,0.47,0.55,0.58,0.50,0.37,0.57,0.25,0.55,0.43,0.47,0.60,0.45,0.66,0.65,0.40,0.43,0.42,0.30,0.20,,,,,,,,,,,,,,,,,,,,,,,,,,,,,,0.50,0.40,0.50,0.60,0.20,0.50,0.95,0.63,0.50,0.70,0.30,0.30,0.60,0.50,,0.15,0.45,0.47,0.57,0.40,0.63,0.17,0.30,0.65,0.40,0.25,0.15,0.27,0.23,0.15,0.17,0.40,0.25,0.33,0.30,0.30,0.20,0.38,0.32,0.35,0.63,0.70,0.45,0.45,0.50,0.27,0.45,0.27,0.55,0.33,0.40,0.80,0.30,0.30,0.90,0.57,0.50,0.60,0.65,0.28,0.25,0.65,0.60,0.55,0.46,0.40,0.40,0.45,0.38,0.47,0.43,0.27,0.42,0.70,0.68,0.87,0.68,0.60,0.67,0.60,0.60,0.55,0.93,0.45,0.90,0.55,0.60,0.50,0.40,0.30,0.20,0.57,0.60,0.57,0.37,0.45,0.43,0.80,0.20,0.50,0.60,0.45,0.43,0.65,0.60,0.47,0.38,0.50,0.55,0.30,0.30,,0.20,0.45,0.40,0.43,0.40,0.50,0.30,0.45,,0.55,0.40,0.40,0.55,0.70,0.50,0.50,0.10,0.20,0.50,0.40,0.45,0.55,0.50,0.45,0.20,0.45,0.40,,0.30,0.45,0.47,0.30,0.50,0.80,0.45,0.35,0.30,0.30,0.50,,0.45,,0.45,,0.20,0.50,0.40,0.10,0.40,0.30,0.20,0.30,0.33,0.35,0.30,0.55,0.10,0.15,0.35,0.65,0.15,0.40,0.25,0.45,0.40,0.20,0.30,0.20,,,,0.40,,
20260622,13,AQI,56,80,46,51,64,47,63,45,41,56,71,47,49,51,51,43,41,26,28,22,28,15,35,33,32,35,18,23,37,36,31,34,32,33,31,36,32,59,33,32,30,42,30,21,28,46,44,31,51,30,41,24,39,32,23,20,26,29,21,36,30,27,26,30,15,32,23,22,33,35,46,40,46,39,44,26,49,43,48,32,55,68,59,40,59,78,41,49,36,34,43,51,50,37,33,40,31,30,37,25,24,21,28,21,31,44,25,27,20,38,48,50,42,45,43,39,39,41,60,35,28,27,33,14,27,20,37,46,39,41,31,37,18,27,22,24,22,24,39,30,21,28,24,28,17,24,26,17,16,22,38,33,29,32,35,50,60,50,38,43,,,,,,,,,,,,,,,,,,,,,,,,,,,,,,27,29,36,43,41,49,35,54,41,43,43,25,38,45,,26,40,73,40,42,41,37,39,38,39,29,37,31,21,39,20,22,29,14,25,30,,27,27,32,23,18,24,31,40,32,32,32,23,12,51,28,32,24,54,25,21,32,30,27,28,30,51,34,43,42,44,27,30,30,33,32,22,31,29,23,25,26,23,23,25,25,34,27,24,23,22,19,24,17,33,57,45,23,25,31,21,31,25,44,26,23,19,32,33,12,15,28,21,26,18,,22,31,19,19,22,16,18,23,,14,18,26,24,24,17,20,15,16,19,23,23,24,29,27,35,35,38,,80,25,23,39,20,30,36,27,42,48,30,,24,,29,,34,46,45,42,39,27,43,39,43,42,31,51,55,31,38,53,56,37,42,33,30,40,38,47,,,,23,,
20260622,13,PM2.5,18,16,17,27,27,3,12,11,5,12,17,5,4,36,16,3,13,14,3,7,3,3,3,4,11,3,3,3,3,5,11,7,15,23,8,21,17,42,23,14,14,25,15,6,3,32,17,15,7,4,14,6,25,12,7,8,9,12,8,11,10,14,8,11,5,6,3,5,3,14,14,13,13,7,18,16,16,9,12,11,15,28,42,10,6,6,3,7,25,3,9,18,12,3,3,8,16,11,18,10,11,6,18,13,13,14,6,7,3,22,14,35,9,27,6,4,3,4,13,8,11,9,5,5,3,9,9,6,16,20,17,8,7,19,3,7,4,15,13,17,8,5,3,6,3,3,3,3,6,7,9,11,3,7,9,11,19,22,4,10,,,,,,,,,,,,,,,,,,,,,,,,,,,,,,19,11,14,12,4,34,5,32,3,9,6,11,10,13,,3,7,8,3,3,4,3,3,3,3,5,15,3,6,27,13,5,20,10,10,6,,18,12,14,4,4,13,6,28,13,3,7,3,3,34,12,8,10,36,9,5,10,11,14,14,18,11,10,11,8,8,19,21,15,15,14,9,14,20,3,14,3,3,3,10,3,10,17,3,10,14,11,12,5,9,14,14,6,10,7,12,9,8,14,3,3,3,3,3,8,3,7,3,3,6,,3,10,12,13,3,7,6,16,,6,10,15,3,7,8,3,3,3,13,5,9,17,5,3,3,3,10,,6,3,10,9,10,3,21,3,12,17,7,,16,,3,,7,18,12,9,3,3,3,3,6,8,3,22,6,8,3,30,33,9,3,5,3,3,6,8,,,,3,,
20260622,13,PM2.5_24h,16,19,16,23,16,9,23,10,7,30,23,16,13,28,15,8,8,9,9,11,17,16,8,12,16,13,11,11,19,11,17,19,20,31,16,23,24,30,25,19,13,21,20,12,11,24,18,16,12,21,19,11,14,10,6,6,10,8,8,7,9,10,12,12,10,9,8,6,6,14,18,16,13,10,11,13,15,13,8,21,7,14,25,24,18,17,13,17,17,8,9,11,10,22,11,5,15,11,13,8,14,6,15,8,12,18,11,9,4,17,15,16,27,16,8,8,6,8,16,9,8,9,8,15,16,18,12,15,21,14,19,11,8,14,4,6,4,10,12,14,9,7,9,7,5,5,3,2,9,6,17,9,14,14,14,19,18,15,6,13,,,,,,,,,,,,,,,,,,,,,,,,,,,,,,14,18,17,10,11,23,7,23,17,16,10,12,15,14,,5,10,8,6,3,11,6,3,10,6,8,10,9,16,16,16,14,20,14,15,7,8,12,9,21,5,9,7,18,18,25,9,16,5,12,25,13,11,11,25,14,12,13,19,12,10,13,10,17,18,14,11,19,19,19,17,17,8,17,21,7,18,4,9,6,12,8,11,14,8,12,13,11,13,5,14,11,12,16,16,15,15,7,11,12,3,,4,5,6,14,5,7,3,4,7,,3,11,11,11,4,10,7,10,,7,13,9,5,9,11,6,5,5,8,6,10,13,7,4,3,3,11,,4,4,10,15,8,11,18,5,17,18,10,,10,,8,,9,15,14,9,8,6,2,8,11,13,7,20,11,8,5,42,23,16,5,11,10,4,7,10,,,,10,,
20260622,13,PM10,39,36,36,52,54,9,30,37,16,29,42,15,13,51,43,22,24,23,15,9,5,7,8,10,20,14,7,6,6,6,16,11,16,29,18,35,25,51,23,25,22,42,30,16,6,40,35,24,39,10,26,8,39,23,17,13,16,29,19,23,20,20,26,22,15,22,23,13,8,22,26,24,32,39,44,23,30,30,34,21,43,59,60,18,27,35,17,32,36,14,37,52,32,7,11,18,26,28,37,23,20,13,21,19,26,44,22,27,10,34,44,49,29,38,22,20,20,17,61,13,23,13,17,12,6,16,18,19,29,38,27,18,11,26,17,7,9,24,39,30,19,15,7,19,13,11,16,15,12,12,17,19,9,13,22,36,41,45,38,43,,,,,,,,,,,,,,,,,,,,,,,,,,,,,,26,19,23,40,26,43,13,46,15,41,25,25,38,31,,25,21,42,25,30,35,22,13,16,16,10,26,7,13,28,19,14,22,10,22,15,,21,15,21,7,14,24,8,34,18,6,16,7,9,52,,19,24,58,20,12,32,30,23,27,30,52,34,16,29,22,26,25,27,22,32,22,20,29,12,21,21,8,12,25,11,34,27,10,15,20,19,24,6,33,64,45,13,16,31,21,31,21,44,10,6,8,10,22,11,12,11,8,11,18,,10,14,19,16,22,13,12,16,,12,7,26,9,24,14,10,,7,18,12,23,21,12,10,7,7,18,,22,8,18,19,14,11,15,11,37,37,30,,20,,25,,11,31,15,12,11,14,6,9,33,28,17,51,59,31,32,56,62,37,42,18,8,26,38,47,,,,14,,
20260622,13,PM10_24h,46,47,37,53,53,15,46,28,22,58,43,41,26,49,40,21,18,17,20,12,18,19,12,20,28,21,18,18,20,13,22,25,24,38,23,35,30,35,24,29,19,36,30,22,13,36,32,19,38,24,19,18,23,21,15,12,16,15,19,16,18,19,26,19,20,14,22,12,10,17,34,21,40,29,22,20,31,31,21,26,19,32,39,33,39,36,30,44,37,28,29,31,28,29,18,17,27,21,25,21,21,14,22,16,27,34,22,23,10,25,39,20,45,42,17,18,25,22,42,19,19,16,21,17,21,18,16,21,22,25,25,17,14,17,13,9,6,23,29,26,19,16,12,20,16,15,12,9,17,12,20,12,24,15,23,58,43,42,24,46,,,,,,,,,,,,,,,,,,,,,,,,,,,,,,23,19,30,20,35,31,14,39,46,54,32,22,46,34,,14,31,26,25,20,28,14,17,23,26,13,19,14,21,25,21,21,25,21,24,13,10,18,11,32,13,12,13,15,27,32,7,16,9,14,38,21,20,19,38,23,21,32,31,23,29,28,27,31,21,30,19,18,20,29,23,30,26,20,27,17,19,10,13,10,19,13,24,23,15,15,21,21,24,10,32,31,28,26,22,30,27,22,24,31,14,3,11,13,22,16,16,12,7,11,20,,7,15,18,13,19,16,15,13,,12,12,17,10,24,14,9,6,8,25,11,19,22,14,11,9,13,21,,16,7,12,25,19,17,25,17,44,42,32,,19,,27,,18,24,19,16,19,18,6,16,32,29,11,50,27,26,30,64,46,37,27,26,41,28,31,34,,,,20,,
20260622,13,SO2,5,9,5,8,14,4,7,4,6,2,10,4,4,11,10,9,9,6,5,6,5,5,4,6,8,6,5,6,4,8,7,7,6,6,5,5,6,5,5,5,6,2,4,5,7,5,3,9,8,6,5,4,5,6,5,6,5,6,5,3,5,6,4,4,9,5,8,5,5,5,11,14,7,5,7,6,12,9,9,5,10,14,4,12,12,15,10,9,10,5,5,10,11,7,4,8,8,6,8,4,7,6,5,5,5,10,4,6,4,7,11,12,6,20,9,8,10,8,9,6,4,8,5,6,6,3,8,3,9,11,4,7,7,6,3,7,7,6,3,6,2,9,10,11,4,8,4,6,3,3,5,6,2,6,6,15,19,13,6,5,,,,,,,,,,,,,,,,,,,,,,,,,,,,,,5,2,7,4,4,10,4,13,5,15,8,5,13,6,,6,10,11,8,11,7,5,7,10,8,2,5,7,8,5,7,6,4,8,6,10,,5,7,4,8,6,4,8,5,5,5,4,3,6,4,7,5,4,6,6,9,5,6,3,7,3,5,7,6,8,6,4,5,5,4,4,5,9,7,5,7,3,6,7,3,5,7,4,5,5,4,6,7,3,7,5,6,5,4,11,10,4,6,7,6,8,9,4,7,6,5,8,7,3,3,,6,13,6,6,3,6,4,4,,5,5,10,9,5,7,1,3,3,8,5,9,5,9,7,6,8,5,,6,4,4,7,5,7,9,8,10,6,10,,4,,8,,4,13,8,10,9,12,6,22,8,7,7,7,8,8,5,3,6,3,4,7,5,8,7,6,,,,3,,
20260622,13,SO2_24h,3,8,3,6,12,4,5,3,4,3,9,6,6,10,11,8,8,5,6,6,5,6,4,6,8,6,5,6,4,9,7,7,6,6,5,5,6,6,5,5,6,2,4,5,8,5,3,8,7,6,4,4,5,6,5,6,6,6,6,3,5,7,3,4,8,5,10,5,6,5,10,11,7,5,6,6,10,8,9,5,8,14,4,11,12,11,10,13,10,6,5,7,9,8,4,8,10,6,7,4,8,6,6,5,6,12,4,9,5,7,10,10,6,15,12,9,10,9,11,6,4,6,5,5,6,3,8,3,8,8,5,8,7,6,4,7,7,5,3,5,2,10,9,13,3,9,4,6,3,3,5,5,3,6,6,13,11,10,6,5,,,,,,,,,,,,,,,,,,,,,,,,,,,,,,5,2,6,4,5,10,6,11,7,23,8,4,12,10,,6,11,11,9,9,7,4,7,10,10,2,4,7,10,5,7,6,4,8,6,10,7,6,7,5,8,5,4,8,5,5,5,4,4,6,4,8,4,5,6,5,11,7,18,3,7,4,5,8,6,8,5,3,5,6,4,4,4,8,7,6,7,4,6,8,3,5,7,4,5,5,5,6,7,3,7,5,4,7,5,12,11,5,11,6,6,8,10,4,8,6,7,7,7,3,3,,6,9,4,5,3,7,4,3,,5,5,9,9,5,6,2,3,3,8,4,6,5,9,7,5,7,5,,5,4,5,10,5,7,15,11,10,7,9,,4,,8,,4,8,10,10,11,14,6,20,7,7,7,7,6,8,5,3,6,3,4,6,4,7,6,6,,,,4,,
20260622,13,NO2,11,10,4,14,14,5,6,9,7,5,9,4,2,11,12,9,17,15,10,14,10,30,5,8,8,3,19,15,7,3,5,3,11,15,5,8,9,26,18,4,8,14,8,4,5,8,8,3,12,7,7,9,5,7,6,3,6,3,5,8,7,4,6,4,10,6,10,5,6,5,14,9,9,12,7,5,13,8,11,8,10,12,10,6,9,6,6,10,15,10,9,9,8,7,15,10,9,5,8,4,4,4,6,3,6,8,3,4,4,10,10,5,7,9,9,9,8,6,11,9,5,4,4,20,6,19,5,4,8,7,8,5,10,7,9,4,11,5,3,5,3,4,8,7,10,4,5,8,6,5,5,10,3,5,4,3,12,15,4,4,,,,,,,,,,,,,,,,,,,,,,,,,,,,,,7,5,4,9,7,3,2,9,6,6,8,4,8,7,,4,3,12,7,9,8,7,4,10,5,4,5,4,7,10,4,5,11,11,7,9,,7,8,7,9,5,4,4,11,2,3,4,8,4,9,5,3,2,8,4,2,8,2,3,4,5,3,5,5,5,8,7,11,6,6,9,4,7,13,6,9,4,5,9,7,2,2,3,7,5,3,4,4,7,8,5,8,3,7,6,9,3,3,5,5,6,6,6,8,8,15,8,11,3,4,,4,7,10,3,7,6,3,3,,3,4,12,5,5,4,3,2,4,4,6,6,9,7,6,5,4,5,,1,6,6,6,6,4,10,8,4,7,8,,8,,6,,6,4,2,1,2,2,2,2,7,7,6,17,5,21,5,15,4,14,2,7,2,11,10,8,,,,2,,
20260622,13,NO2_24h,21,27,10,24,27,8,17,9,13,19,29,20,7,16,17,25,17,24,24,15,10,18,7,11,11,5,17,13,12,4,8,4,10,17,13,9,15,15,13,9,11,19,14,8,10,10,15,9,26,15,9,9,5,12,9,3,9,4,8,8,10,8,11,7,11,11,7,7,9,7,19,14,12,9,9,8,16,11,17,8,13,27,15,14,32,15,19,28,17,24,18,15,20,17,16,15,12,7,11,5,9,4,11,3,12,13,6,4,5,13,13,7,17,23,13,15,21,19,28,15,11,8,9,9,8,20,7,7,11,8,9,7,8,5,8,3,8,6,5,9,8,9,11,12,10,7,10,7,6,6,7,9,12,7,7,18,13,17,3,11,,,,,,,,,,,,,,,,,,,,,,,,,,,,,,6,6,11,7,10,11,6,14,19,19,14,9,12,11,,7,6,20,15,19,14,19,23,13,10,7,14,11,8,9,9,7,11,10,6,10,3,8,7,8,9,10,4,5,9,3,5,7,9,6,12,11,11,6,12,7,9,14,9,6,9,8,6,9,8,10,11,7,10,5,7,8,6,6,10,9,7,4,7,6,5,3,9,5,6,5,5,7,6,8,19,6,9,8,9,10,12,4,7,10,8,8,6,12,21,8,18,8,9,4,4,,9,10,8,2,7,6,4,3,,3,6,12,7,5,6,4,3,5,4,8,7,11,8,10,5,5,10,,2,6,6,8,7,9,12,11,16,14,14,,9,,12,,10,9,5,2,7,2,8,1,12,15,8,15,8,10,7,11,7,9,5,9,3,7,6,5,,,,4,,
20260622,13,O3,165,184,148,152,171,151,170,144,132,165,177,151,156,159,161,138,132,84,91,69,90,34,111,107,101,112,59,74,117,115,99,108,101,71,99,114,102,45,68,102,96,131,93,68,91,137,141,99,161,97,130,77,94,101,75,64,84,69,66,116,96,85,82,95,48,101,67,71,106,112,146,128,146,94,105,83,158,136,154,102,164,174,159,127,167,182,132,158,107,109,138,147,159,117,104,129,100,97,117,80,77,66,91,67,99,114,79,68,63,120,154,141,135,143,137,125,125,130,168,112,89,86,104,44,85,65,119,148,126,132,99,117,59,76,70,76,70,63,81,84,67,88,76,90,53,78,82,54,50,70,122,105,94,102,113,160,168,160,112,117,,,,,,,,,,,,,,,,,,,,,,,,,,,,,,77,92,116,136,132,150,111,163,132,136,139,76,108,145,,83,128,178,129,133,132,119,126,123,126,93,117,99,68,66,64,71,58,43,81,95,,87,86,101,72,59,43,99,75,101,101,103,73,39,139,90,101,78,139,80,67,91,80,85,91,97,79,96,137,135,141,86,88,97,104,74,65,100,83,74,80,83,72,75,75,79,73,63,76,73,71,59,54,55,80,70,94,75,80,85,67,44,79,84,82,73,62,103,107,39,49,88,68,82,56,,69,98,57,55,31,51,57,54,,44,58,72,77,51,54,65,47,51,47,75,49,52,92,86,111,113,120,,184,79,75,126,63,96,114,85,135,153,83,,76,,93,,109,146,143,135,125,87,138,126,139,134,99,110,127,74,120,72,97,92,101,104,96,129,96,81,,,,72,,
20260622,13,O3_24h,165,184,148,152,171,151,170,144,132,165,177,151,156,159,161,138,132,84,91,69,90,34,111,107,101,112,59,74,117,115,99,108,101,71,99,114,102,45,68,102,96,131,93,68,91,137,141,99,161,97,130,77,94,101,75,64,84,69,66,116,96,85,82,95,48,101,67,71,106,112,146,128,146,94,105,83,158,136,154,102,164,174,159,127,167,182,132,158,107,109,138,147,159,117,104,129,100,97,117,80,77,66,91,67,99,114,79,68,63,120,154,141,135,143,137,125,125,130,168,112,89,86,104,44,85,65,119,148,126,132,99,117,59,76,70,76,70,63,81,84,67,88,76,90,53,78,82,54,50,70,122,105,94,102,113,160,168,160,112,117,,,,,,,,,,,,,,,,,,,,,,,,,,,,,,77,92,116,136,132,150,111,163,132,136,139,76,108,145,,83,128,178,129,133,132,119,126,123,126,93,117,99,68,66,64,71,58,43,81,95,,87,86,101,72,59,43,99,75,101,101,103,73,39,139,90,101,78,139,80,67,91,80,85,91,97,79,96,137,135,141,86,88,97,104,74,65,100,83,74,80,83,72,75,75,79,73,63,76,73,71,59,54,55,80,70,94,75,80,85,67,44,79,84,82,73,62,103,107,39,49,88,68,82,56,,69,98,57,55,31,51,57,54,,44,58,72,77,51,54,65,47,51,47,75,49,52,92,86,111,113,120,,184,79,75,126,63,96,114,85,135,153,83,,76,,93,,109,146,143,135,125,87,138,126,139,134,99,110,127,74,120,72,97,92,101,104,96,129,96,81,,,,72,,
20260622,13,O3_8h,98,112,91,83,105,111,107,106,76,111,108,104,106,87,103,85,87,61,55,59,79,43,96,101,94,98,49,61,93,100,93,108,95,44,78,74,56,52,59,75,60,52,66,56,89,82,75,55,90,84,81,76,69,52,40,46,49,49,43,63,49,46,56,57,39,51,44,52,99,88,82,59,84,96,57,45,104,92,100,72,107,93,87,97,104,112,88,89,90,70,82,83,93,88,83,93,59,63,59,56,53,48,50,51,52,66,54,48,51,76,105,89,82,77,112,94,82,72,102,67,68,64,78,65,73,36,81,102,80,85,91,90,52,79,75,87,77,40,70,56,54,43,53,53,46,53,46,50,46,46,92,92,67,80,98,97,119,82,105,94,,,,,,,,,,,,,,,,,,,,,,,,,,,,,,94,81,62,92,105,90,94,96,79,75,103,52,75,106,,64,118,108,91,96,97,90,86,66,75,75,76,57,44,62,44,62,42,39,62,72,101,101,97,88,42,39,21,97,97,84,102,90,43,45,74,57,55,55,81,38,38,59,46,75,74,58,56,61,93,86,96,72,90,98,90,88,56,98,91,63,85,84,62,70,95,77,43,45,82,66,54,42,35,29,40,59,60,47,46,46,44,30,60,35,86,59,50,57,56,41,38,44,52,69,24,,56,57,37,44,21,55,37,54,,38,51,54,67,32,41,52,40,40,30,62,28,29,74,46,92,100,112,,161,62,81,89,56,82,82,48,84,100,51,,66,,59,,62,76,84,89,93,79,105,115,81,67,66,89,109,98,90,66,71,75,92,95,65,123,98,85,,,,54,,
20260622,13,O3_8h_24h,95,112,91,83,105,111,107,106,76,111,108,104,119,87,103,85,87,55,55,58,78,35,96,101,93,98,46,58,93,100,92,108,95,44,78,74,56,41,59,75,60,65,66,56,83,82,75,55,90,84,83,76,69,52,40,46,49,49,43,63,49,46,56,57,39,51,44,52,95,88,82,59,84,89,57,45,104,92,100,72,107,93,87,97,104,112,88,89,88,70,82,83,93,88,83,93,59,63,59,56,53,48,50,51,52,66,54,48,51,76,105,89,82,77,112,94,82,72,102,67,68,64,78,41,62,36,81,102,80,85,85,90,52,75,71,77,75,40,67,56,76,43,50,53,46,53,46,50,43,46,92,92,67,80,98,97,119,82,100,91,,,,,,,,,,,,,,,,,,,,,,,,,,,,,,79,75,62,92,105,90,94,96,79,75,103,52,73,106,,64,118,108,91,96,97,90,86,66,75,75,76,57,44,50,44,62,42,39,62,72,,87,87,88,42,39,21,95,81,81,102,90,43,38,74,57,55,55,81,38,38,59,46,74,74,58,56,61,93,86,96,70,83,96,90,78,56,97,83,63,83,82,62,70,83,77,43,45,76,65,54,42,35,29,40,53,60,47,46,46,44,30,60,35,77,59,50,57,56,34,38,44,45,69,24,,56,57,35,41,21,51,37,52,,38,51,54,67,32,41,52,40,40,30,62,28,29,72,46,86,90,98,,161,62,72,89,53,82,82,48,84,100,51,,66,,59,,62,76,84,89,93,76,105,115,81,67,66,80,103,80,84,55,68,74,92,95,65,108,97,81,,,,54,,
20260622,13,CO,0.46,0.40,0.54,0.50,0.70,0.28,0.40,0.33,0.40,0.30,0.35,0.30,0.20,0.77,0.46,0.55,0.57,0.39,0.33,0.39,0.65,0.54,0.55,0.37,0.32,0.64,0.54,0.67,0.46,0.55,0.68,0.44,0.53,0.81,0.46,0.43,0.63,0.70,0.70,0.40,0.55,0.60,0.40,0.40,0.52,0.47,0.43,0.58,0.27,0.40,0.44,0.58,0.67,0.42,0.51,0.57,0.43,0.30,0.43,0.43,0.47,0.40,0.50,0.35,0.50,0.44,0.57,0.41,0.27,0.59,0.70,0.45,0.40,0.30,0.88,0.52,0.50,0.46,0.58,0.55,0.43,0.95,0.60,0.56,0.48,0.47,0.24,0.32,0.58,0.28,0.38,0.47,0.47,0.42,0.20,0.35,0.60,0.55,0.43,0.67,0.50,0.50,0.70,0.47,0.40,0.40,0.37,0.55,0.37,0.20,0.50,0.78,0.63,0.68,0.42,0.72,0.48,0.50,0.60,0.30,0.32,0.27,0.25,0.78,0.50,0.58,0.50,0.33,0.43,0.37,0.53,0.40,0.38,0.37,0.67,0.80,0.70,0.47,0.50,0.64,0.40,0.57,0.52,0.55,0.50,0.37,0.53,0.30,0.55,0.43,0.40,0.50,0.40,0.66,0.55,0.20,0.97,0.70,0.30,0.20,,,,,,,,,,,,,,,,,,,,,,,,,,,,,,0.50,0.40,0.45,0.67,0.20,0.75,0.75,0.83,0.33,0.40,0.30,0.30,0.50,0.47,,0.20,0.35,0.58,0.43,0.35,0.70,0.20,0.30,0.35,0.30,0.30,0.15,0.23,0.23,0.30,0.15,0.40,0.30,0.33,0.25,0.20,,0.37,0.26,0.25,0.57,0.63,0.45,0.30,0.54,0.27,0.27,0.20,0.45,0.25,0.40,0.70,0.30,0.30,1.00,0.47,0.27,0.88,0.30,0.30,0.25,0.68,0.57,0.50,0.38,0.33,0.25,0.47,0.48,0.50,0.43,0.27,0.48,0.70,0.70,0.60,0.55,0.60,0.57,0.60,0.55,0.55,0.68,0.45,0.90,0.55,0.60,0.40,0.35,0.30,0.15,0.63,0.70,0.47,0.30,0.40,0.43,0.80,0.30,0.50,0.53,0.45,0.43,0.60,0.45,0.47,0.35,0.50,0.65,0.30,0.30,,0.20,0.50,0.40,0.43,0.40,0.50,0.25,0.40,,0.40,0.40,0.40,0.55,0.65,0.35,0.50,0.10,0.15,0.50,0.40,0.45,0.55,0.50,0.45,0.25,0.45,0.30,,0.25,0.45,0.47,0.23,0.60,0.75,0.25,0.35,0.20,0.30,0.60,,0.55,,0.45,,0.25,0.50,0.40,0.20,0.50,0.30,0.20,0.30,0.23,0.30,0.25,0.55,0.10,0.30,0.30,0.65,0.15,0.45,0.25,0.50,0.50,0.20,0.35,0.25,,,,0.35,,
20260622,13,CO_24h,0.32,0.51,0.44,0.57,0.70,0.40,0.43,0.20,0.25,0.40,0.45,0.38,0.50,0.63,0.48,0.66,0.46,0.30,0.46,0.42,0.67,0.62,0.48,0.47,0.44,0.66,0.69,0.71,0.64,0.58,0.78,0.50,0.55,0.81,0.53,0.40,0.70,0.67,0.65,0.43,0.65,0.60,0.40,0.45,0.74,0.45,0.40,0.67,0.32,0.51,0.42,0.71,0.52,0.45,0.50,0.57,0.43,0.30,0.43,0.43,0.50,0.40,0.56,0.35,0.52,0.51,0.47,0.43,0.27,0.69,0.73,0.55,0.40,0.29,0.40,0.52,0.40,0.46,0.54,0.55,0.33,0.47,0.57,0.53,0.60,0.40,0.46,0.47,0.50,0.35,0.35,0.35,0.47,0.64,0.27,0.40,0.57,0.55,0.43,0.63,0.55,0.45,0.75,0.40,0.40,0.40,0.40,0.55,0.33,0.20,0.44,0.75,1.05,0.66,0.38,0.90,0.53,0.76,0.58,0.36,0.42,0.30,0.38,0.57,0.70,0.68,0.43,0.35,0.50,0.40,0.50,0.45,0.38,0.40,0.63,0.85,0.70,0.47,0.50,0.67,0.35,0.47,0.55,0.58,0.50,0.37,0.57,0.25,0.55,0.43,0.50,0.60,0.45,0.66,0.65,0.40,0.43,0.42,0.30,0.20,,,,,,,,,,,,,,,,,,,,,,,,,,,,,,0.50,0.40,0.50,0.60,0.20,0.50,0.93,0.63,0.50,0.70,0.30,0.30,0.60,0.50,,0.20,0.45,0.47,0.57,0.40,0.63,0.17,0.30,0.65,0.40,0.25,0.15,0.27,0.23,0.15,0.17,0.40,0.25,0.33,0.30,0.30,0.20,0.38,0.32,0.30,0.63,0.70,0.45,0.45,0.50,0.27,0.42,0.27,0.55,0.33,0.40,0.77,0.30,0.30,0.90,0.57,0.50,0.63,0.65,0.28,0.25,0.65,0.60,0.55,0.46,0.42,0.40,0.43,0.38,0.45,0.43,0.27,0.45,0.70,0.68,0.87,0.65,0.60,0.67,0.60,0.60,0.55,0.95,0.45,0.90,0.55,0.60,0.50,0.40,0.30,0.20,0.57,0.60,0.57,0.37,0.45,0.43,0.80,0.30,0.50,0.57,0.45,0.43,0.65,0.60,0.47,0.35,0.50,0.55,0.30,0.30,,0.20,0.45,0.40,0.43,0.40,0.50,0.30,0.45,,0.55,0.40,0.40,0.55,0.70,0.50,0.50,0.10,0.20,0.50,0.40,0.45,0.55,0.50,0.45,0.20,0.45,0.40,,0.30,0.45,0.47,0.30,0.50,0.80,0.45,0.35,0.30,0.30,0.50,,0.45,,0.45,,0.20,0.50,0.40,0.20,0.40,0.30,0.20,0.30,0.30,0.35,0.30,0.55,0.10,0.15,0.35,0.65,0.15,0.40,0.25,0.45,0.40,0.20,0.30,0.20,,,,0.40,,
20260622,14,AQI,64,91,47,52,73,49,76,48,41,60,79,49,53,58,71,46,45,34,31,22,31,15,36,34,34,35,21,28,37,36,30,33,33,36,31,38,47,56,33,33,29,43,28,22,30,43,46,30,64,31,43,23,39,33,27,19,28,28,22,40,33,25,26,34,17,32,25,22,34,37,48,45,47,33,41,24,50,43,49,34,58,84,45,40,70,86,43,64,44,36,46,56,51,38,34,40,32,29,30,24,25,23,30,19,33,32,24,21,19,39,51,49,44,48,42,44,42,40,65,35,30,28,34,19,29,25,39,47,43,42,30,36,16,23,21,24,23,24,35,32,21,28,24,29,19,25,28,18,18,24,39,34,31,34,37,49,66,54,37,41,,,,,,,,,,,,,,,,,,,,,,,,,,,,,,28,31,36,40,44,51,34,64,41,46,44,23,37,47,,28,40,60,39,43,42,37,38,39,39,30,38,30,21,39,21,23,33,16,25,32,,27,27,31,25,24,25,33,40,32,28,33,26,16,43,28,31,23,48,24,20,31,25,26,26,28,50,31,43,43,47,31,34,28,32,34,22,32,36,22,25,25,23,25,23,25,25,27,21,23,23,20,30,18,24,25,33,22,28,28,24,28,24,47,28,24,20,34,33,13,15,26,22,27,19,,21,31,26,19,17,18,19,20,,15,17,27,25,25,17,20,15,15,16,23,24,22,28,29,37,37,37,,79,29,25,41,24,31,40,28,43,50,27,,24,,33,,36,47,48,43,39,27,44,40,46,45,33,47,43,31,37,52,57,45,41,35,44,36,37,49,,,,23,,
20260622,14,PM2.5,15,16,11,29,17,3,11,8,8,11,14,3,4,27,17,3,13,9,3,6,3,3,3,5,12,3,3,3,3,3,13,5,17,25,9,23,33,40,23,15,14,23,12,5,3,30,17,13,7,4,16,6,27,13,8,7,9,14,8,11,10,13,9,13,5,5,4,3,3,14,11,8,12,8,14,15,15,9,10,7,12,19,24,11,7,4,3,7,28,3,8,15,9,3,3,8,16,11,15,9,11,5,21,10,14,12,6,7,3,19,11,34,11,23,13,7,3,4,15,6,9,4,6,5,3,14,12,6,18,27,20,6,7,14,4,4,3,11,13,14,9,3,3,5,4,3,3,3,4,8,8,9,3,5,9,9,18,17,7,7,,,,,,,,,,,,,,,,,,,,,,,,,,,,,,17,8,13,22,6,24,4,29,3,13,5,7,8,9,,6,6,4,3,3,9,4,3,3,3,8,14,3,10,19,9,6,23,11,13,3,,14,13,16,5,3,16,6,28,13,3,7,3,3,28,12,8,9,33,16,6,12,14,11,11,13,10,9,16,14,8,13,24,13,20,20,9,11,21,3,7,7,3,3,8,3,11,19,8,10,13,11,12,3,12,13,12,5,14,7,11,8,6,15,3,3,3,3,3,5,3,3,3,3,3,,5,8,12,11,5,5,8,14,,8,10,14,3,8,6,6,3,3,9,5,12,13,5,3,3,3,3,,5,3,8,8,3,3,24,3,6,15,5,,13,,3,,3,16,13,9,3,3,3,3,6,9,3,20,8,7,3,23,31,12,7,5,3,3,8,12,,,,3,,
20260622,14,PM2.5_24h,16,20,16,24,17,9,23,10,7,30,23,16,12,28,16,8,8,9,9,10,17,14,7,12,15,13,10,10,18,11,16,19,19,31,15,23,24,31,25,19,14,21,20,12,10,24,18,16,12,20,19,11,15,10,6,6,10,8,8,7,9,10,12,12,9,9,8,5,6,14,17,15,13,10,12,13,16,13,8,21,8,15,25,24,19,16,13,17,19,7,10,12,10,21,11,5,15,11,14,8,14,6,15,8,12,18,11,9,4,16,15,17,26,17,9,8,6,8,16,9,8,9,8,14,15,18,12,14,21,15,18,10,8,14,4,6,3,10,12,14,9,7,9,7,5,5,3,2,9,6,16,9,14,14,13,19,18,15,7,13,,,,,,,,,,,,,,,,,,,,,,,,,,,,,,14,18,17,11,11,23,6,24,17,16,10,11,15,14,,5,10,8,6,3,11,6,3,10,6,9,11,9,16,16,16,14,21,14,15,7,7,12,9,19,4,9,7,17,19,24,8,16,5,11,25,14,11,11,26,14,12,12,18,12,10,13,10,17,18,14,10,19,19,18,17,17,8,17,21,7,17,4,9,6,12,8,11,15,8,12,13,11,13,5,14,11,12,16,16,15,15,8,11,12,2,,4,5,6,13,4,7,3,4,7,,3,11,11,11,4,9,7,11,,7,13,9,5,9,11,6,5,5,9,6,11,13,7,4,3,3,11,,4,4,10,15,8,10,18,5,16,18,10,,10,,8,,9,15,14,9,8,6,2,8,11,12,7,20,11,8,5,40,23,15,5,11,10,4,7,10,,,,10,,
20260622,14,PM10,36,36,30,54,47,10,28,38,18,31,39,18,15,39,37,22,25,23,22,8,7,7,6,10,19,8,6,6,6,6,16,10,,31,21,38,42,49,27,27,24,38,26,18,6,35,34,21,35,11,29,11,35,23,18,12,18,28,17,23,21,17,26,22,14,14,23,11,8,26,24,19,33,26,41,24,31,29,33,17,36,55,42,21,27,31,18,30,44,11,33,56,27,7,10,15,27,29,24,23,14,19,22,17,26,23,20,21,14,29,38,41,26,36,25,26,14,15,56,12,20,17,18,12,9,21,16,13,27,37,26,16,9,18,16,8,7,24,35,32,15,12,8,16,13,10,14,6,12,13,18,16,14,18,21,39,37,44,35,41,,,,,,,,,,,,,,,,,,,,,,,,,,,,,,28,15,24,38,27,35,17,41,9,37,19,23,37,29,,11,19,36,25,23,32,19,11,12,14,15,25,8,15,39,21,11,,14,25,10,,21,12,20,11,11,25,9,36,17,6,16,6,7,41,23,19,21,46,20,17,31,24,21,23,27,50,27,17,29,16,20,28,25,24,34,22,18,36,9,15,15,8,10,22,7,25,27,16,12,17,20,30,,23,25,33,17,16,25,18,28,22,47,8,6,10,10,20,11,12,7,8,12,16,,7,14,26,15,17,13,12,15,,11,8,22,9,25,11,7,6,8,14,13,24,22,13,11,6,6,12,,9,6,12,16,6,8,15,10,29,31,27,,19,,24,,12,25,,11,12,9,6,10,40,28,17,47,24,30,24,53,63,45,41,21,44,25,37,49,,,,12,,
20260622,14,PM10_24h,47,48,37,55,54,15,46,28,23,58,44,40,25,48,40,22,19,18,20,12,17,18,11,19,26,20,16,16,19,12,20,24,23,38,23,35,30,36,24,29,19,37,30,22,13,37,32,19,38,23,23,17,23,21,16,12,16,15,19,16,19,19,26,19,20,14,23,12,10,17,33,21,40,29,23,21,32,32,22,26,20,33,39,33,40,36,30,43,37,27,30,32,28,28,17,17,27,21,25,20,21,15,22,16,27,34,23,23,10,25,40,21,44,42,18,18,25,23,43,18,20,16,22,16,20,18,15,20,22,25,25,16,14,17,13,9,5,23,29,26,20,15,12,20,16,15,12,8,17,12,20,12,22,15,23,58,43,43,25,47,,,,,,,,,,,,,,,,,,,,,,,,,,,,,,23,19,30,20,35,31,13,39,45,54,32,21,46,35,,14,30,27,26,21,28,15,16,24,25,13,20,13,21,26,20,20,25,20,24,13,10,17,11,29,12,12,14,15,27,31,7,16,9,13,38,22,20,20,39,23,22,32,30,23,29,28,28,31,21,30,19,18,20,28,22,30,26,19,27,17,19,10,13,10,19,13,24,23,15,15,21,22,25,10,31,31,29,26,22,30,27,22,24,31,14,3,12,13,22,15,15,12,6,11,20,,7,15,19,13,19,15,15,12,,12,12,18,10,24,14,9,6,9,25,11,19,22,14,11,9,13,21,,16,7,12,25,18,16,24,17,44,42,32,,19,,27,,18,24,19,16,19,18,6,15,32,29,11,50,27,26,30,65,46,37,28,26,42,28,32,35,,,,20,,
20260622,14,SO2,5,9,4,8,12,4,6,4,5,2,8,3,4,9,10,8,9,6,5,6,5,6,4,6,8,6,5,6,5,8,7,8,6,6,5,5,6,6,5,5,6,2,5,6,7,5,3,9,8,6,4,4,5,6,5,6,5,5,4,3,5,6,3,5,8,5,12,4,5,5,9,9,7,5,6,6,13,8,9,6,9,14,3,11,12,12,9,9,11,5,5,9,10,7,4,8,8,6,8,4,7,6,5,4,4,8,4,6,4,7,10,12,6,21,8,9,10,8,9,6,4,7,6,6,6,3,8,3,9,9,4,7,7,6,4,7,8,6,3,5,2,8,10,10,4,9,4,6,3,3,5,6,2,7,6,21,16,12,6,4,,,,,,,,,,,,,,,,,,,,,,,,,,,,,,5,2,7,5,4,9,4,12,5,13,8,4,13,5,,6,9,10,8,10,8,5,7,9,10,1,5,7,8,5,8,7,3,8,6,9,,5,7,5,9,4,5,8,5,5,5,4,3,6,4,8,5,4,5,5,8,5,6,3,7,3,5,9,6,11,6,3,5,5,4,4,4,9,7,4,6,4,5,7,3,5,6,4,5,6,4,6,8,3,7,5,3,5,3,11,10,5,6,6,6,8,10,4,7,6,5,7,8,3,3,,6,10,7,6,3,6,4,4,,5,5,10,10,5,6,2,3,2,8,5,8,5,8,7,5,7,5,,6,4,4,6,6,7,6,7,8,6,11,,4,,8,,4,11,7,10,9,10,7,21,8,7,6,7,7,8,5,4,6,2,4,6,4,8,6,7,,,,3,,
20260622,14,SO2_24h,3,8,3,7,12,4,6,3,4,3,9,6,6,10,11,8,8,6,6,6,5,6,4,6,8,6,5,6,4,9,7,7,6,6,5,5,6,6,5,5,6,2,4,5,8,5,3,8,7,6,4,4,5,6,5,6,6,6,6,3,5,7,3,4,8,5,10,5,6,5,10,11,7,5,6,6,10,8,9,5,8,15,4,11,12,11,10,12,11,6,5,7,9,8,4,8,10,6,7,4,8,6,6,5,5,12,4,9,5,7,10,10,6,15,12,9,10,9,11,6,4,6,5,5,6,3,8,3,8,8,5,8,7,6,4,7,7,5,3,5,2,10,9,13,3,9,4,6,3,3,5,5,3,6,6,13,12,11,6,5,,,,,,,,,,,,,,,,,,,,,,,,,,,,,,5,2,6,4,5,10,6,11,7,23,9,4,12,10,,6,11,11,9,9,7,5,7,10,10,2,4,7,10,5,7,6,4,8,6,10,7,6,7,5,8,5,4,8,5,5,5,4,4,6,4,8,4,5,6,5,11,7,18,3,7,4,5,8,6,8,5,3,5,5,4,4,4,8,7,6,7,4,6,8,3,5,7,4,5,5,5,6,7,3,7,5,4,7,5,12,11,5,11,6,6,8,10,4,8,6,7,7,7,3,3,,6,8,5,5,3,7,4,3,,5,5,9,9,5,6,2,3,3,8,4,7,5,9,7,5,7,5,,5,4,5,10,5,7,15,10,10,7,9,,4,,8,,4,9,10,10,11,14,6,20,7,7,7,7,6,8,5,3,6,3,4,6,4,7,6,6,,,,4,,
20260622,14,NO2,9,11,3,12,10,5,6,8,7,4,9,5,2,9,12,10,13,14,10,15,9,29,4,7,7,3,18,14,7,2,6,3,10,20,8,8,16,24,20,5,10,10,7,4,5,6,8,3,11,7,7,9,5,7,5,3,6,2,5,7,6,4,5,6,9,5,9,5,6,6,8,7,7,7,5,5,12,7,12,7,9,12,9,5,9,5,6,9,14,9,9,9,7,7,12,10,8,7,8,4,4,3,6,2,6,7,3,4,3,9,9,6,7,7,9,11,9,5,12,7,5,5,5,17,5,15,5,4,7,6,10,6,18,8,10,5,9,4,3,4,3,3,8,7,7,3,5,6,4,5,5,9,3,5,4,2,8,14,3,3,,,,,,,,,,,,,,,,,,,,,,,,,,,,,,7,4,4,8,5,3,4,9,6,5,8,4,8,7,,4,2,10,6,9,8,8,4,11,4,8,5,4,6,11,5,4,7,13,5,5,,8,9,7,8,4,3,4,11,2,5,4,7,6,7,5,3,2,7,3,2,9,3,3,4,4,3,4,5,4,8,5,10,6,7,8,5,5,13,8,9,4,4,8,6,3,2,3,,4,3,3,4,5,4,3,4,2,6,5,6,4,3,4,5,6,5,5,7,7,15,6,6,3,3,,4,6,14,3,6,5,3,3,,3,4,11,5,4,4,3,2,4,4,6,5,9,9,6,4,3,4,,1,4,5,5,4,4,5,7,2,5,8,,7,,4,,4,6,1,1,1,1,2,2,6,5,5,15,4,12,4,11,3,7,2,6,2,8,9,4,,,,2,,
20260622,14,NO2_24h,21,27,10,24,27,8,17,9,14,19,29,19,7,16,17,26,16,24,24,16,10,19,7,11,11,5,17,14,12,4,8,4,10,18,12,9,15,16,14,9,11,19,15,8,10,10,15,9,26,15,9,9,5,12,9,3,9,4,8,8,10,7,11,7,11,11,7,7,9,7,19,14,12,9,9,8,16,11,18,8,13,26,15,14,32,15,19,28,17,23,18,15,20,17,16,15,12,7,11,5,9,4,11,3,12,13,6,5,5,12,13,7,16,23,13,15,21,19,28,15,11,8,9,10,8,20,7,7,11,8,9,7,9,5,8,3,8,6,5,9,8,9,11,11,10,7,10,7,6,6,7,9,12,7,6,18,13,17,3,11,,,,,,,,,,,,,,,,,,,,,,,,,,,,,,6,6,11,7,11,11,6,14,19,19,15,9,12,11,,7,5,20,15,20,14,19,23,14,10,7,14,11,8,9,9,7,11,10,6,10,3,8,7,8,9,9,4,5,10,3,5,7,9,6,12,11,11,6,12,7,9,14,9,6,9,8,6,9,8,10,11,7,10,5,7,8,6,6,10,9,7,4,7,6,5,3,9,5,6,5,5,7,6,8,19,6,9,8,9,10,12,4,7,10,7,7,6,12,21,8,18,7,9,4,4,,9,10,9,2,7,6,5,3,,3,6,12,7,5,6,4,3,5,4,8,7,11,8,10,6,5,10,,2,6,6,8,7,9,12,11,16,14,14,,9,,12,,10,9,5,2,7,2,8,1,12,15,8,16,8,10,7,11,7,9,4,9,3,7,7,6,,,,4,,
20260622,14,O3,171,193,151,158,178,157,181,152,131,168,183,158,162,166,177,148,145,108,98,71,99,42,114,109,109,112,67,88,118,115,96,105,104,69,100,118,111,58,69,107,93,138,91,71,96,132,146,96,171,99,137,75,84,107,87,62,88,67,69,127,104,81,80,110,54,103,79,70,110,118,155,143,149,105,90,71,159,137,158,108,166,187,145,128,176,189,138,171,126,114,146,165,161,121,108,127,101,93,96,78,79,72,97,62,106,103,78,67,62,126,161,151,141,154,135,140,135,128,172,112,95,90,110,62,94,79,125,150,136,135,96,114,51,73,68,76,72,67,87,84,68,91,78,93,61,80,88,58,59,76,126,108,99,108,118,158,173,163,117,119,,,,,,,,,,,,,,,,,,,,,,,,,,,,,,74,99,114,129,140,161,108,171,132,147,141,75,117,149,,88,129,168,126,136,133,119,121,124,125,95,123,96,67,64,64,73,71,51,80,103,,86,86,100,79,76,64,104,75,102,88,105,82,51,137,88,98,73,152,78,65,98,81,83,84,89,80,99,139,139,150,98,88,91,102,78,66,101,84,69,80,79,72,79,75,79,72,62,67,73,74,62,51,56,77,76,92,70,89,88,78,45,76,88,90,76,65,108,105,43,49,84,70,86,61,,68,100,59,61,45,58,62,54,,47,55,85,81,55,53,64,49,49,51,75,56,58,89,92,117,119,118,,183,92,81,130,76,99,129,91,137,160,86,,77,,106,,115,149,155,136,126,85,140,128,147,144,106,113,136,100,118,84,103,110,105,113,96,115,100,100,,,,73,,
20260622,14,O3_24h,171,193,151,158,178,157,181,152,131,168,183,158,162,166,177,148,145,108,98,71,99,42,114,109,109,112,67,88,118,115,96,105,104,69,100,118,111,58,69,107,93,138,91,71,96,132,146,96,171,99,137,75,84,107,87,62,88,67,69,127,104,81,80,110,54,103,79,70,110,118,155,143,149,105,90,71,159,137,158,108,166,187,145,128,176,189,138,171,126,114,146,165,161,121,108,127,101,93,96,78,79,72,97,62,106,103,78,67,62,126,161,151,141,154,135,140,135,128,172,112,95,90,110,62,94,79,125,150,136,135,96,114,51,73,68,76,72,67,87,84,68,91,78,93,61,80,88,58,59,76,126,108,99,108,118,158,173,163,117,119,,,,,,,,,,,,,,,,,,,,,,,,,,,,,,74,99,114,129,140,161,108,171,132,147,141,75,117,149,,88,129,168,126,136,133,119,121,124,125,95,123,96,67,64,64,73,71,51,80,103,,86,86,100,79,76,64,104,75,102,88,105,82,51,137,88,98,73,152,78,65,98,81,83,84,89,80,99,139,139,150,98,88,91,102,78,66,101,84,69,80,79,72,79,75,79,72,62,67,73,74,62,51,56,77,76,92,70,89,88,78,45,76,88,90,76,65,108,105,43,49,84,70,86,61,,68,100,59,61,45,58,62,54,,47,55,85,81,55,53,64,49,49,51,75,56,58,89,92,117,119,118,,183,92,81,130,76,99,129,91,137,160,86,,77,,106,,115,149,155,136,126,85,140,128,147,144,106,113,136,100,118,84,103,110,105,113,96,115,100,100,,,,73,,
20260622,14,O3_8h,113,133,102,101,124,121,123,115,91,127,126,119,124,103,117,101,98,64,65,60,82,43,100,104,95,101,50,63,98,105,94,109,96,50,82,81,68,52,62,82,67,63,74,64,89,93,91,65,107,86,89,76,72,63,48,49,56,53,49,73,60,53,61,68,41,61,49,55,99,91,95,73,97,96,64,52,116,102,113,80,121,115,102,103,122,129,102,109,93,81,97,98,108,96,89,103,67,71,69,60,59,51,59,53,60,78,61,54,53,87,118,102,96,92,118,104,95,85,122,77,74,70,86,65,73,42,88,113,91,95,92,95,54,79,75,87,77,45,71,63,54,52,54,61,48,58,54,51,46,52,98,96,77,86,101,112,130,98,105,96,,,,,,,,,,,,,,,,,,,,,,,,,,,,,,94,81,75,99,112,106,99,112,90,90,112,58,80,118,,68,120,127,100,107,106,98,99,82,90,80,87,67,49,62,48,65,46,41,67,78,101,101,97,90,48,46,27,97,97,85,102,93,48,45,88,67,67,63,92,46,46,69,56,76,78,66,62,71,105,97,108,75,88,98,93,88,59,99,91,65,85,84,66,72,95,78,50,48,82,67,57,46,39,33,48,59,66,52,54,55,51,33,64,42,86,61,51,66,65,41,40,51,54,73,30,,57,64,39,44,25,55,42,54,,40,53,59,69,36,44,54,42,42,33,65,33,33,75,53,92,100,112,,164,66,81,97,56,85,90,56,95,111,59,,69,,67,,73,89,97,98,100,79,109,118,94,80,73,89,109,98,90,66,74,78,93,97,70,123,98,85,,,,58,,
20260622,14,O3_8h_24h,113,133,102,101,124,121,123,115,91,127,126,119,124,103,117,101,98,64,65,60,82,35,100,104,95,101,48,62,98,105,93,109,96,50,82,81,68,43,62,82,67,82,74,64,85,93,91,65,107,86,92,76,72,63,48,49,56,53,49,73,60,53,61,68,41,61,49,55,96,91,95,73,97,90,64,52,116,102,113,80,121,115,102,103,122,129,102,109,93,81,97,98,108,96,89,103,67,71,69,60,59,51,59,53,60,78,61,54,53,87,118,102,96,92,118,104,95,85,122,77,74,70,86,42,65,42,88,113,91,95,86,95,54,75,69,76,73,45,69,63,75,52,53,61,48,58,54,51,45,52,98,96,77,86,101,112,130,98,102,94,,,,,,,,,,,,,,,,,,,,,,,,,,,,,,76,78,75,99,112,106,99,112,90,90,112,58,80,118,,68,120,127,100,107,106,98,99,82,90,80,87,67,49,51,48,65,46,41,67,78,,86,85,90,48,46,27,95,79,84,101,93,48,39,88,67,67,63,92,46,46,69,56,76,78,66,62,71,105,97,108,75,83,95,93,78,59,98,83,65,81,82,66,72,81,78,50,48,74,67,57,46,39,33,48,56,66,52,54,55,51,33,64,42,78,61,51,66,65,35,40,51,48,73,30,,57,64,39,44,25,51,42,52,,40,53,59,69,36,44,54,42,42,33,65,33,33,74,53,90,93,100,,164,66,72,97,55,85,90,56,95,111,59,,69,,67,,73,89,97,98,100,78,109,118,94,80,73,83,108,81,89,58,74,78,93,97,70,108,97,83,,,,58,,
20260622,14,CO,0.45,0.42,0.42,0.48,0.45,0.28,0.39,0.33,0.35,0.28,0.35,0.30,0.27,0.65,0.46,0.54,0.56,0.31,0.30,0.39,0.72,0.54,0.50,0.36,0.32,0.62,0.54,0.60,0.48,0.53,0.72,0.46,0.53,0.83,0.47,0.47,0.68,0.77,0.67,0.43,0.55,0.73,0.30,0.40,0.53,0.50,0.38,0.60,0.25,0.40,0.40,0.56,0.63,0.42,0.51,0.53,0.37,0.30,0.43,0.43,0.47,0.40,0.50,0.38,0.48,0.41,0.53,0.40,0.27,0.61,0.60,0.30,0.32,0.27,0.55,0.48,0.57,0.40,0.66,0.53,0.47,0.93,0.57,0.56,0.48,0.40,0.22,0.30,0.68,0.28,0.38,0.43,0.38,0.42,0.20,0.33,0.53,0.57,0.43,0.67,0.50,0.45,0.75,0.43,0.40,0.40,0.37,0.55,0.33,0.20,0.47,0.68,0.60,0.62,0.42,0.78,0.54,0.44,0.68,0.30,0.30,0.25,0.25,0.65,0.53,0.66,0.49,0.33,0.43,0.37,0.57,0.40,0.38,0.37,0.70,0.78,0.70,0.47,0.47,0.60,0.40,0.53,0.52,0.55,0.50,0.33,0.50,0.25,0.52,0.45,0.40,0.50,0.40,0.60,0.55,0.20,0.63,0.50,0.28,0.20,,,,,,,,,,,,,,,,,,,,,,,,,,,,,,0.50,0.40,0.45,0.47,0.20,0.60,0.77,0.77,0.33,0.43,0.30,0.20,0.50,0.45,,0.15,0.30,0.53,0.43,0.35,0.67,0.20,0.40,0.35,0.30,0.35,0.15,0.23,0.23,0.25,0.27,0.40,0.25,0.37,0.25,0.20,,0.35,0.26,0.25,0.55,0.50,0.45,0.30,0.54,0.23,0.27,0.23,0.42,0.40,0.40,0.67,0.30,0.30,1.05,0.50,0.27,0.88,0.30,0.30,0.25,0.60,0.55,0.45,0.36,0.33,0.25,0.43,0.48,0.53,0.47,0.27,0.60,0.70,0.70,0.70,0.57,0.60,0.70,0.60,0.55,0.55,0.65,0.45,0.90,0.55,0.60,0.40,0.45,0.30,0.15,0.60,0.57,0.50,0.30,0.35,0.40,0.80,0.30,0.50,0.53,0.45,0.43,0.57,0.45,0.45,0.35,0.45,0.55,0.30,0.30,,0.20,0.30,0.70,0.43,0.45,0.45,0.25,0.40,,0.45,0.40,0.40,0.55,0.60,0.35,0.40,0.10,0.15,0.45,0.40,0.40,0.55,0.50,0.50,0.20,0.40,0.30,,0.25,0.35,0.43,0.17,0.50,0.75,0.20,0.25,0.20,0.30,0.60,,0.55,,0.35,,0.25,0.50,0.30,0.20,0.50,0.30,0.20,0.30,0.23,0.25,0.25,0.55,0.20,0.20,0.30,0.70,0.20,0.35,0.25,0.45,0.60,0.30,0.30,0.30,,,,0.40,,
20260622,14,CO_24h,0.33,0.51,0.44,0.57,0.70,0.40,0.43,0.20,0.30,0.40,0.45,0.38,0.50,0.63,0.50,0.67,0.46,0.29,0.46,0.42,0.67,0.59,0.48,0.47,0.44,0.66,0.69,0.70,0.64,0.57,0.78,0.50,0.55,0.80,0.51,0.40,0.69,0.67,0.65,0.43,0.65,0.63,0.40,0.45,0.71,0.45,0.40,0.67,0.32,0.51,0.41,0.70,0.52,0.45,0.50,0.57,0.43,0.30,0.43,0.43,0.50,0.40,0.56,0.35,0.52,0.50,0.47,0.43,0.27,0.69,0.73,0.55,0.40,0.29,0.40,0.52,0.40,0.46,0.54,0.55,0.33,0.47,0.57,0.53,0.60,0.40,0.42,0.45,0.50,0.35,0.35,0.35,0.47,0.62,0.27,0.40,0.57,0.55,0.43,0.60,0.55,0.45,0.75,0.40,0.40,0.40,0.40,0.55,0.33,0.20,0.44,0.75,1.03,0.66,0.38,0.90,0.53,0.74,0.58,0.34,0.40,0.30,0.38,0.57,0.70,0.68,0.43,0.35,0.50,0.40,0.50,0.40,0.38,0.40,0.63,0.85,0.70,0.47,0.47,0.67,0.35,0.47,0.55,0.58,0.50,0.37,0.57,0.25,0.55,0.43,0.50,0.55,0.45,0.66,0.65,0.40,0.47,0.46,0.30,0.20,,,,,,,,,,,,,,,,,,,,,,,,,,,,,,0.50,0.40,0.50,0.60,0.20,0.50,0.90,0.67,0.53,0.70,0.30,0.30,0.60,0.50,,0.20,0.45,0.47,0.57,0.40,0.63,0.17,0.30,0.65,0.35,0.25,0.15,0.27,0.23,0.20,0.17,0.40,0.25,0.33,0.30,0.30,0.20,0.38,0.32,0.30,0.60,0.70,0.45,0.45,0.50,0.23,0.42,0.27,0.55,0.33,0.40,0.77,0.30,0.30,0.90,0.57,0.50,0.63,0.65,0.28,0.25,0.65,0.60,0.55,0.46,0.42,0.40,0.43,0.38,0.45,0.43,0.27,0.45,0.70,0.68,0.87,0.63,0.60,0.67,0.60,0.60,0.55,0.95,0.45,0.90,0.55,0.60,0.50,0.35,0.30,0.20,0.57,0.60,0.57,0.37,0.45,0.43,0.80,0.30,0.50,0.57,0.45,0.43,0.68,0.60,0.47,0.35,0.50,0.55,0.30,0.30,,0.20,0.45,0.40,0.43,0.40,0.50,0.30,0.45,,0.55,0.40,0.40,0.55,0.70,0.45,0.50,0.10,0.20,0.50,0.40,0.45,0.55,0.50,0.45,0.20,0.45,0.40,,0.30,0.45,0.47,0.30,0.50,0.80,0.45,0.35,0.30,0.30,0.55,,0.45,,0.45,,0.20,0.50,0.40,0.10,0.40,0.30,0.20,0.30,0.33,0.35,0.30,0.55,0.10,0.20,0.35,0.65,0.15,0.40,0.25,0.45,0.40,0.20,0.30,0.20,,,,0.40,,
20260622,15,AQI,70,96,48,58,66,53,90,48,40,84,88,58,56,56,85,48,43,38,31,25,33,14,35,34,35,35,26,30,36,35,28,34,31,37,34,44,58,58,34,35,26,38,28,22,31,55,43,28,70,31,43,23,34,34,28,18,28,27,22,41,35,25,25,37,18,34,28,22,36,39,47,44,44,35,33,25,49,41,54,36,64,89,53,40,88,88,42,78,43,37,48,74,58,38,34,39,32,33,29,25,25,21,33,21,34,31,24,26,19,43,50,49,45,49,38,45,44,39,81,33,31,28,36,26,31,25,40,48,43,42,28,36,17,23,21,24,22,26,37,27,22,28,25,29,19,25,27,19,20,26,41,33,32,34,38,53,64,49,37,38,,,,,,,,,,,,,,,,,,,,,,,,,,,,,,23,32,35,42,43,49,33,54,42,45,46,23,41,48,,28,40,69,39,44,42,39,37,39,39,37,39,30,23,26,22,23,26,19,28,30,,32,26,32,25,27,20,33,36,30,23,32,25,17,45,27,27,22,49,23,24,32,27,26,27,29,23,29,44,45,48,33,31,27,31,39,23,31,32,23,25,23,22,23,23,24,23,27,20,23,23,21,23,17,25,37,31,22,27,27,25,29,24,35,29,23,19,34,35,16,16,28,22,27,21,,21,31,21,23,18,19,18,19,,15,18,23,27,22,17,20,14,15,15,23,38,22,27,32,38,38,37,,74,29,26,42,23,32,44,30,44,53,27,,25,,33,,38,46,49,44,39,26,43,40,47,43,35,40,42,34,38,51,52,38,33,38,34,34,34,54,,,,24,,
20260622,15,PM2.5,13,13,12,27,16,4,13,11,7,14,15,3,4,19,15,4,12,5,8,5,3,3,3,5,13,3,3,3,3,4,15,5,18,26,13,26,41,41,24,16,12,17,10,7,3,39,16,11,7,4,15,8,24,13,9,7,10,16,8,12,11,14,9,12,6,4,7,3,3,13,13,6,10,9,14,14,13,12,8,5,10,26,20,10,8,3,3,6,23,3,7,18,8,3,3,7,18,10,11,11,11,5,23,10,15,12,7,6,3,18,11,32,7,19,23,7,3,4,18,6,9,5,5,5,3,14,6,13,24,26,14,9,6,13,4,3,3,12,10,12,9,3,5,7,4,3,3,3,4,7,9,9,3,5,8,16,16,11,6,8,,,,,,,,,,,,,,,,,,,,,,,,,,,,,,11,3,13,20,6,18,6,18,3,12,5,3,8,17,,3,6,5,3,3,7,6,3,3,3,7,9,3,15,14,10,10,18,8,19,5,,12,15,20,7,3,12,5,25,17,10,8,3,7,26,11,7,8,31,14,7,13,13,10,10,15,9,8,13,17,8,18,22,17,18,19,8,12,22,3,5,10,3,3,6,7,6,19,12,10,13,11,11,3,11,13,16,4,16,9,13,8,8,15,3,3,3,3,3,3,3,3,3,3,6,,3,8,11,9,6,5,6,13,,7,7,12,3,6,3,3,3,6,5,5,12,9,5,3,3,3,15,,5,3,6,7,3,3,29,6,6,14,6,,16,,3,,11,15,7,9,3,3,3,3,9,12,3,23,8,6,3,18,27,11,9,5,3,3,7,10,,,,5,,
20260622,15,PM2.5_24h,17,20,16,25,18,9,23,10,7,30,23,15,12,29,16,8,8,9,9,10,17,13,7,12,14,12,9,9,17,10,15,18,18,31,15,24,25,32,24,19,14,21,20,12,10,25,18,16,11,20,19,11,15,10,6,6,10,8,8,7,9,10,12,12,9,9,8,5,6,14,16,15,13,10,12,13,15,13,9,21,8,16,25,24,19,16,13,16,19,7,10,13,10,20,10,6,15,11,13,9,14,6,15,8,12,19,11,9,4,16,16,18,26,17,9,8,6,8,17,9,8,9,8,12,14,18,11,14,21,16,18,10,8,14,4,6,3,10,12,14,9,7,9,7,5,4,3,2,9,6,15,9,13,13,12,19,18,15,7,13,,,,,,,,,,,,,,,,,,,,,,,,,,,,,,14,17,17,11,11,23,6,25,17,16,10,11,15,14,,5,10,8,6,3,11,6,3,10,6,9,11,8,16,16,16,14,21,13,16,7,8,12,10,17,4,8,8,16,19,23,8,15,5,12,25,14,11,11,27,14,12,13,19,11,10,13,10,17,17,15,10,18,19,17,16,17,8,17,21,6,16,4,9,6,12,7,11,15,8,12,13,11,13,5,14,11,12,15,16,15,15,8,10,13,2,,4,5,5,12,3,6,2,4,7,,3,11,12,11,4,9,7,11,,7,13,9,5,9,10,6,5,6,8,6,11,13,7,4,3,3,11,,4,4,10,15,7,9,19,5,16,18,10,,11,,8,,10,15,14,9,8,6,2,7,12,13,7,20,11,8,5,39,23,15,6,11,10,4,7,10,,,,10,,
20260622,15,PM10,38,33,27,56,41,11,31,39,28,32,34,27,19,32,38,23,24,19,24,8,5,7,6,10,24,6,6,5,6,7,21,11,,34,28,44,52,48,26,31,22,29,22,19,6,46,33,18,36,11,25,11,31,23,20,14,18,27,18,24,22,17,23,21,14,12,24,9,8,23,28,13,34,26,33,25,34,33,31,15,33,48,31,19,31,26,20,33,37,16,35,51,32,10,17,15,29,33,29,25,20,11,17,21,26,30,23,26,10,29,38,41,29,37,26,26,14,17,70,13,16,23,21,15,8,18,13,17,35,39,26,20,11,19,13,7,6,26,37,25,22,8,8,17,11,11,12,7,11,12,24,22,11,18,25,56,38,39,27,38,,,,,,,,,,,,,,,,,,,,,,,,,,,,,,23,11,21,39,26,29,17,30,12,33,20,17,41,32,,22,15,37,24,28,31,22,11,13,19,26,24,10,,26,22,15,,14,28,7,,19,23,21,21,6,19,8,29,26,8,16,6,6,45,20,20,18,46,23,24,32,20,19,27,29,21,25,27,30,18,22,29,26,28,39,23,18,32,11,11,16,7,11,19,11,20,20,20,15,18,21,23,2,22,37,31,17,20,27,20,29,15,35,16,6,10,10,14,10,10,7,7,11,12,,9,13,21,14,16,13,14,15,,12,9,22,11,22,8,6,6,10,13,15,38,22,15,10,12,8,16,,17,6,15,17,6,6,15,12,23,31,27,,21,,18,,12,23,14,,9,10,6,18,44,27,17,38,35,30,22,51,54,28,27,18,6,29,34,57,,,,14,,
20260622,15,PM10_24h,48,49,37,56,55,15,46,29,24,58,44,39,25,48,41,23,19,18,20,12,16,16,10,18,25,20,15,15,17,12,19,23,22,38,23,36,31,36,24,29,19,38,30,22,11,37,33,19,38,22,23,17,23,21,16,12,16,15,19,16,19,19,26,19,19,13,23,12,10,17,33,21,40,28,23,21,32,32,23,26,21,35,39,32,40,35,30,43,36,27,30,33,29,26,17,17,27,22,25,20,21,14,22,16,27,35,23,23,10,26,41,22,43,43,19,19,25,23,46,18,20,16,22,16,19,18,15,20,22,26,25,15,14,17,13,9,5,23,29,26,20,15,12,20,16,15,12,8,17,12,19,12,21,15,23,59,42,43,25,47,,,,,,,,,,,,,,,,,,,,,,,,,,,,,,23,18,30,21,35,30,13,39,45,54,32,21,46,35,,15,30,28,26,21,29,15,16,24,25,14,20,13,20,25,20,20,25,19,25,13,10,17,10,26,12,12,15,14,27,29,6,15,8,13,38,22,20,20,40,23,22,32,31,23,29,28,28,31,21,30,19,18,20,27,20,31,26,19,27,16,18,10,13,10,19,13,24,22,16,15,21,22,25,9,31,30,29,26,22,30,27,21,24,31,14,3,12,14,22,14,14,11,6,11,21,,7,16,19,13,19,15,15,13,,12,12,18,10,23,14,9,6,9,25,11,19,22,14,11,10,13,21,,16,7,12,24,17,15,25,16,44,42,32,,19,,27,,18,24,19,15,19,18,6,15,32,29,12,50,28,26,30,64,47,35,29,26,40,28,32,36,,,,20,,
20260622,15,SO2,5,9,3,8,11,4,6,4,5,2,8,4,4,8,10,8,9,6,5,6,5,5,4,6,8,5,5,6,5,8,7,8,5,6,5,5,6,5,5,5,6,2,5,6,8,5,3,7,8,6,4,4,4,6,6,6,5,5,5,2,5,6,4,4,8,5,17,4,6,5,8,5,5,5,5,6,12,7,11,6,10,14,4,10,12,10,10,10,12,5,5,9,9,7,3,8,6,7,7,4,7,6,5,5,5,8,3,7,4,7,10,12,6,18,8,9,10,8,11,5,4,7,5,5,6,3,8,2,8,9,5,7,7,6,4,7,8,5,3,5,2,8,10,10,3,9,4,6,3,3,5,5,2,7,6,10,11,10,6,4,,,,,,,,,,,,,,,,,,,,,,,,,,,,,,5,3,6,5,4,9,4,9,4,11,8,5,11,5,,6,9,9,8,10,8,5,7,9,9,2,4,7,9,5,10,7,3,8,6,9,,5,7,5,9,5,4,8,5,4,5,4,3,7,4,8,4,4,6,5,9,4,5,3,7,3,5,7,5,11,6,3,5,6,4,4,4,9,7,4,5,4,5,7,3,5,6,1,5,5,3,6,7,3,8,5,3,5,2,10,10,5,6,4,6,9,9,5,7,6,5,8,7,3,3,,6,10,5,5,3,7,4,3,,5,6,10,10,6,7,1,3,2,8,5,8,5,8,7,5,8,4,,6,3,4,6,5,7,15,8,10,6,11,,4,,8,,5,11,6,10,9,11,7,21,7,7,7,7,7,9,3,4,6,3,4,6,5,8,6,9,,,,3,,
20260622,15,SO2_24h,4,8,3,7,12,4,6,3,5,3,9,6,6,11,11,8,8,6,6,6,5,6,4,6,8,6,5,6,4,9,7,7,6,6,5,5,6,6,5,5,6,2,4,5,7,5,3,8,6,6,4,4,5,6,5,6,6,6,6,3,5,7,4,4,8,5,10,5,6,5,10,11,7,5,6,6,10,8,9,5,8,15,4,11,12,11,10,12,11,6,5,7,9,8,4,8,10,6,7,4,8,6,6,5,5,12,4,9,5,7,10,10,6,15,12,9,10,9,12,6,4,6,5,5,6,3,8,3,8,8,4,8,7,6,4,7,7,5,3,5,2,10,9,12,3,9,4,6,3,3,5,5,3,6,6,13,12,11,6,5,,,,,,,,,,,,,,,,,,,,,,,,,,,,,,5,2,6,4,5,10,6,11,7,23,9,4,12,10,,6,11,11,9,9,7,5,7,10,10,2,4,7,10,5,8,6,4,8,6,10,7,6,6,4,8,5,4,8,5,5,5,4,4,6,4,8,4,5,6,5,11,7,18,4,7,4,5,8,6,8,5,3,5,5,4,4,4,8,7,6,7,4,6,7,3,5,7,4,5,5,5,6,7,3,7,5,4,7,5,12,11,5,10,6,6,8,10,4,8,6,6,7,7,3,3,,6,8,5,6,3,7,4,3,,5,6,9,9,5,6,2,3,3,8,5,7,5,9,7,5,7,5,,5,4,5,10,5,7,15,10,10,7,9,,4,,8,,4,9,10,10,10,14,6,20,7,7,7,7,6,8,5,4,6,3,4,6,4,7,6,6,,,,4,,
20260622,15,NO2,9,10,3,12,10,5,7,9,7,7,9,5,2,7,13,9,10,8,12,14,9,27,4,8,7,3,16,16,7,2,6,3,13,19,16,8,17,24,17,5,12,6,6,5,5,7,11,4,11,7,7,8,5,7,7,3,6,2,5,7,6,5,5,5,9,5,8,6,5,6,6,7,5,6,7,8,12,7,13,7,10,11,9,5,10,4,6,10,12,10,9,8,7,8,15,11,9,7,6,5,4,3,5,4,6,6,3,4,3,9,9,6,7,6,13,11,9,6,12,7,5,4,5,12,6,12,4,3,9,6,10,6,14,9,10,4,9,4,4,4,3,3,8,6,9,4,3,6,5,5,5,8,3,4,5,6,6,11,2,3,,,,,,,,,,,,,,,,,,,,,,,,,,,,,,8,4,4,7,5,2,3,7,6,5,9,4,8,8,,5,2,11,7,9,9,9,5,8,4,7,5,6,5,13,9,4,7,12,6,6,,7,9,7,7,4,3,3,11,2,8,5,8,10,9,5,3,2,8,3,2,8,2,4,7,4,5,4,5,5,9,4,11,6,8,9,4,7,12,6,9,6,4,10,5,3,2,3,,4,3,3,4,6,5,4,4,2,6,5,8,6,3,4,6,7,6,7,7,6,13,6,7,3,3,,4,7,12,3,5,5,4,3,,3,3,13,6,5,4,2,3,5,4,7,5,8,9,6,2,3,4,,1,5,5,6,3,4,6,7,2,6,9,,7,,4,,4,7,1,2,2,1,2,1,6,5,5,14,3,8,4,6,2,7,2,6,2,6,7,4,,,,2,,
20260622,15,NO2_24h,21,27,10,25,27,8,17,9,14,19,28,19,7,16,17,26,16,24,24,16,10,19,7,11,11,5,17,14,12,4,8,4,10,18,12,9,15,16,14,9,12,19,15,8,10,10,15,9,26,14,9,9,6,12,9,3,9,4,8,8,10,7,11,7,11,10,7,7,9,7,19,13,12,9,9,9,16,11,18,9,13,26,15,13,32,14,19,27,17,23,18,15,19,17,16,15,12,8,11,5,9,4,11,3,12,13,6,5,5,12,13,7,16,23,14,15,21,19,28,15,11,8,9,10,8,20,7,7,11,8,9,7,9,6,8,3,8,6,5,9,9,9,11,11,10,7,10,7,6,6,6,9,12,7,6,18,13,17,3,11,,,,,,,,,,,,,,,,,,,,,,,,,,,,,,6,6,11,7,11,11,6,14,19,19,15,9,13,11,,7,5,20,15,20,14,19,23,14,10,8,14,11,8,9,9,7,11,10,6,10,3,8,7,7,9,9,5,5,10,3,5,7,9,7,12,11,11,6,12,7,9,14,9,6,9,8,6,9,8,10,11,7,10,5,7,8,6,6,10,9,7,4,7,6,5,3,9,5,6,5,5,7,6,8,19,6,9,8,9,10,12,4,7,10,7,7,6,12,20,8,17,7,9,4,4,,9,10,9,2,7,5,5,3,,3,6,12,7,5,6,4,3,5,4,8,7,11,9,10,6,5,10,,2,6,6,8,6,9,12,11,16,14,14,,9,,12,,10,9,5,2,7,2,8,1,12,15,8,16,8,10,7,11,7,9,4,9,3,7,7,6,,,,4,,
20260622,15,O3,176,197,155,166,173,162,192,155,128,187,190,166,165,165,188,153,139,122,99,80,104,46,112,109,113,113,84,95,115,112,91,110,99,79,109,119,114,66,71,113,82,122,89,70,98,136,136,89,176,100,139,73,76,110,91,59,91,69,71,132,111,80,79,117,59,108,91,70,114,125,151,140,140,111,78,60,158,130,163,115,171,191,162,129,190,190,135,182,138,117,154,179,166,122,108,125,102,86,86,81,79,68,97,63,109,100,77,71,61,138,159,156,143,158,121,143,142,125,185,107,98,91,115,82,98,79,129,154,138,134,90,114,55,72,67,77,70,66,94,86,71,91,80,94,61,79,87,62,63,83,130,107,101,110,123,156,171,157,118,116,,,,,,,,,,,,,,,,,,,,,,,,,,,,,,72,101,113,133,136,158,107,163,133,144,146,75,124,152,,89,128,175,126,142,135,124,117,124,124,119,126,95,74,63,52,73,72,60,75,97,,102,84,101,81,85,64,105,78,95,73,102,81,54,138,86,85,71,156,70,70,87,87,82,74,71,75,93,142,143,155,105,89,86,99,76,72,100,87,72,79,73,71,72,75,78,75,68,61,73,75,63,51,53,81,77,93,69,86,84,79,44,78,86,92,74,61,109,111,52,50,90,71,86,66,,66,100,59,72,56,61,59,56,,47,58,72,86,59,55,63,46,49,48,72,56,61,86,101,122,120,118,,179,93,84,135,72,102,142,95,141,162,86,,81,,106,,120,148,158,140,125,84,138,129,149,137,112,128,134,110,122,106,108,120,106,123,108,110,103,104,,,,78,,
20260622,15,O3_24h,176,197,155,166,173,162,192,155,128,187,190,166,165,165,188,153,139,122,99,80,104,46,112,109,113,113,84,95,115,112,91,110,99,79,109,119,114,66,71,113,82,122,89,70,98,136,136,89,176,100,139,73,76,110,91,59,91,69,71,132,111,80,79,117,59,108,91,70,114,125,151,140,140,111,78,60,158,130,163,115,171,191,162,129,190,190,135,182,138,117,154,179,166,122,108,125,102,86,86,81,79,68,97,63,109,100,77,71,61,138,159,156,143,158,121,143,142,125,185,107,98,91,115,82,98,79,129,154,138,134,90,114,55,72,67,77,70,66,94,86,71,91,80,94,61,79,87,62,63,83,130,107,101,110,123,156,171,157,118,116,,,,,,,,,,,,,,,,,,,,,,,,,,,,,,72,101,113,133,136,158,107,163,133,144,146,75,124,152,,89,128,175,126,142,135,124,117,124,124,119,126,95,74,63,52,73,72,60,75,97,,102,84,101,81,85,64,105,78,95,73,102,81,54,138,86,85,71,156,70,70,87,87,82,74,71,75,93,142,143,155,105,89,86,99,76,72,100,87,72,79,73,71,72,75,78,75,68,61,73,75,63,51,53,81,77,93,69,86,84,79,44,78,86,92,74,61,109,111,52,50,90,71,86,66,,66,100,59,72,56,61,59,56,,47,58,72,86,59,55,63,46,49,48,72,56,61,86,101,122,120,118,,179,93,84,135,72,102,142,95,141,162,86,,81,,106,,120,148,158,140,125,84,138,129,149,137,112,128,134,110,122,106,108,120,106,123,108,110,103,104,,,,78,,
20260622,15,O3_8h,130,153,117,118,142,132,140,127,104,144,144,133,136,119,133,116,109,74,74,64,87,44,103,105,98,106,53,67,103,110,95,110,97,58,89,89,80,53,65,90,72,74,81,70,90,105,105,73,124,89,98,77,74,73,57,52,64,57,55,86,73,61,65,78,44,73,56,59,101,97,109,88,109,97,69,58,128,112,128,87,135,135,119,108,141,147,112,130,99,92,112,112,124,105,94,112,76,78,77,65,65,55,69,57,70,89,67,59,55,98,131,114,109,109,124,115,108,97,142,85,79,76,94,65,73,50,98,125,102,106,92,101,56,79,75,87,77,51,75,70,54,61,57,70,50,62,61,53,47,58,106,101,88,92,105,127,141,113,106,98,,,,,,,,,,,,,,,,,,,,,,,,,,,,,,94,81,86,109,120,119,105,127,103,104,121,63,90,128,,72,123,144,108,118,116,107,110,96,104,87,98,76,54,62,51,67,50,44,72,82,104,101,97,92,55,54,34,97,97,87,102,97,54,45,101,75,76,68,104,52,54,76,66,78,81,71,67,80,117,109,120,81,89,98,96,88,62,99,91,67,85,84,68,73,95,78,57,54,82,68,61,49,43,38,57,61,70,58,61,64,58,36,68,52,86,64,53,76,77,41,42,60,56,76,37,,60,72,43,48,31,55,47,54,,41,55,62,72,40,47,57,43,45,37,68,38,38,77,62,95,102,112,,167,71,81,105,58,89,102,65,107,123,66,,70,,75,,84,102,112,108,109,80,114,121,108,93,80,91,114,98,95,66,80,84,96,100,78,123,98,86,,,,64,,
20260622,15,O3_8h_24h,130,153,117,118,142,132,140,127,104,144,144,133,136,119,133,116,109,74,74,63,87,36,103,105,98,106,53,67,103,110,95,110,97,58,89,89,80,46,65,90,72,98,81,70,89,105,105,73,124,89,102,75,74,73,57,52,64,57,55,86,73,61,65,78,44,73,56,59,99,97,109,88,109,92,69,58,128,112,128,87,135,135,119,108,141,147,112,130,99,92,112,112,124,105,94,112,76,78,77,65,65,55,69,57,70,89,67,59,55,98,131,114,109,109,124,115,108,97,142,85,79,76,94,47,70,50,98,125,102,106,86,101,55,74,68,74,71,51,74,70,75,61,57,70,50,62,61,53,47,58,106,101,88,92,105,127,141,113,104,96,,,,,,,,,,,,,,,,,,,,,,,,,,,,,,75,80,86,109,120,119,105,127,103,104,121,63,90,128,,72,123,144,108,118,116,107,110,96,104,87,98,76,54,53,51,67,50,44,72,82,,88,85,92,55,54,34,97,78,87,98,97,54,41,101,75,76,68,104,52,54,76,66,78,81,71,67,80,117,109,120,81,85,94,96,77,62,98,83,67,81,81,68,73,78,78,57,54,72,68,61,49,43,38,57,59,70,58,61,64,58,36,68,52,79,64,53,76,77,37,42,60,52,76,37,,60,72,43,48,31,53,47,52,,41,55,62,72,40,47,57,43,45,37,68,38,38,77,62,95,98,104,,167,71,73,105,58,89,102,65,107,123,66,,70,,75,,84,102,112,108,109,80,114,121,108,93,80,89,114,83,95,65,80,84,96,100,78,108,98,86,,,,64,,
20260622,15,CO,0.45,0.42,0.34,0.52,0.40,0.30,0.39,0.33,0.40,0.30,0.33,0.30,0.27,0.55,0.46,0.60,0.53,0.26,0.34,0.39,0.67,0.56,0.48,0.37,0.32,0.55,0.63,0.77,0.48,0.55,0.78,0.46,0.47,0.83,0.50,0.43,0.66,0.65,0.60,0.43,0.55,0.73,0.30,0.35,0.50,0.45,0.38,0.60,0.26,0.40,0.41,0.52,0.61,0.43,0.54,0.53,0.43,0.30,0.43,0.43,0.45,0.40,0.53,0.38,0.48,0.41,0.50,0.42,0.27,0.62,0.57,0.30,0.24,0.23,0.68,0.53,0.69,0.36,0.70,0.50,0.50,0.80,0.60,0.50,0.48,0.37,0.18,0.32,0.56,0.32,0.37,0.43,0.37,0.42,0.20,0.32,0.50,0.60,0.40,0.63,0.50,0.45,0.75,0.43,0.40,0.40,0.33,0.55,0.27,0.20,0.43,0.65,0.60,0.56,0.42,0.78,0.53,0.52,0.72,0.30,0.30,0.20,0.28,0.53,0.53,0.72,0.46,0.30,0.45,0.37,0.60,0.43,0.40,0.43,0.65,0.78,0.70,0.43,0.47,0.59,0.35,0.53,0.50,0.53,0.47,0.37,0.47,0.25,0.55,0.40,0.40,0.50,0.40,0.58,0.55,0.20,0.43,0.38,0.28,0.20,,,,,,,,,,,,,,,,,,,,,,,,,,,,,,0.50,0.40,0.35,0.47,0.20,0.50,0.60,0.57,0.30,0.40,0.30,0.30,0.45,0.47,,0.20,0.30,0.55,0.43,0.30,0.67,0.25,0.30,0.30,0.30,0.35,0.15,0.20,0.20,0.20,0.43,0.40,0.20,0.30,0.25,0.10,,0.32,0.26,0.25,0.57,0.50,0.40,0.30,0.55,0.27,0.27,0.23,0.40,0.43,0.40,0.73,0.20,0.30,0.90,0.47,0.27,0.65,0.30,0.28,0.25,0.55,0.52,0.45,0.40,0.33,0.25,0.43,0.48,0.55,0.47,0.27,0.53,0.67,0.70,0.63,0.57,0.60,0.60,0.60,0.57,0.55,0.66,0.45,0.90,0.55,0.60,0.40,0.45,0.30,0.25,0.60,0.57,0.50,0.30,0.30,0.40,0.80,0.30,0.50,0.53,0.45,0.43,0.52,0.45,0.45,0.32,0.50,0.60,0.30,0.30,,0.20,0.25,0.67,0.43,0.45,0.45,0.30,0.40,,0.45,0.40,0.40,0.55,0.60,0.30,0.40,0.10,0.15,0.45,0.35,0.35,0.55,0.50,0.50,0.20,0.40,0.30,,0.25,0.35,0.47,0.17,0.50,0.75,0.20,0.25,0.20,0.30,0.60,,0.55,,0.35,,0.20,0.50,0.30,0.20,0.40,0.30,0.20,0.30,0.20,0.20,0.20,0.40,0.20,0.20,0.35,0.65,0.15,0.35,0.25,0.45,0.50,0.20,0.35,0.30,,,,0.40,,
20260622,15,CO_24h,0.35,0.51,0.44,0.60,0.70,0.40,0.43,0.23,0.30,0.40,0.43,0.38,0.50,0.63,0.48,0.68,0.46,0.29,0.47,0.41,0.67,0.59,0.48,0.46,0.42,0.66,0.69,0.70,0.64,0.57,0.76,0.48,0.52,0.80,0.51,0.40,0.70,0.67,0.65,0.43,0.65,0.63,0.40,0.45,0.69,0.45,0.40,0.67,0.32,0.47,0.41,0.70,0.52,0.45,0.50,0.57,0.43,0.30,0.43,0.43,0.50,0.40,0.56,0.38,0.50,0.50,0.47,0.43,0.27,0.69,0.73,0.50,0.40,0.28,0.40,0.53,0.41,0.46,0.56,0.55,0.33,0.55,0.57,0.53,0.58,0.40,0.40,0.45,0.50,0.35,0.35,0.35,0.48,0.62,0.27,0.40,0.57,0.55,0.43,0.63,0.55,0.45,0.75,0.40,0.40,0.40,0.40,0.55,0.33,0.20,0.44,0.75,1.03,0.66,0.38,0.86,0.53,0.74,0.60,0.34,0.40,0.30,0.36,0.55,0.67,0.70,0.43,0.33,0.50,0.40,0.50,0.40,0.38,0.40,0.63,0.82,0.70,0.47,0.47,0.66,0.35,0.47,0.55,0.58,0.50,0.37,0.57,0.25,0.55,0.43,0.50,0.55,0.45,0.66,0.65,0.40,0.43,0.46,0.30,0.20,,,,,,,,,,,,,,,,,,,,,,,,,,,,,,0.50,0.40,0.50,0.60,0.20,0.50,0.88,0.67,0.53,0.70,0.30,0.30,0.60,0.50,,0.20,0.40,0.47,0.53,0.40,0.63,0.17,0.40,0.65,0.35,0.30,0.15,0.27,0.23,0.20,0.20,0.40,0.25,0.33,0.30,0.30,0.20,0.38,0.32,0.30,0.60,0.70,0.45,0.40,0.50,0.23,0.38,0.27,0.55,0.33,0.40,0.77,0.30,0.30,0.90,0.57,0.50,0.65,0.65,0.28,0.25,0.65,0.60,0.55,0.44,0.43,0.40,0.43,0.38,0.45,0.43,0.27,0.47,0.70,0.68,0.87,0.63,0.60,0.67,0.60,0.60,0.55,0.95,0.45,0.90,0.55,0.60,0.45,0.40,0.30,0.20,0.60,0.60,0.57,0.37,0.45,0.43,0.80,0.30,0.50,0.57,0.45,0.43,0.68,0.60,0.47,0.35,0.50,0.55,0.30,0.30,,0.20,0.45,0.40,0.43,0.40,0.50,0.30,0.45,,0.55,0.40,0.40,0.55,0.70,0.45,0.50,0.10,0.15,0.50,0.40,0.45,0.55,0.50,0.45,0.20,0.45,0.40,,0.30,0.45,0.47,0.30,0.50,0.80,0.45,0.35,0.30,0.30,0.55,,0.45,,0.45,,0.25,0.50,0.40,0.10,0.40,0.30,0.20,0.30,0.33,0.35,0.30,0.55,0.10,0.20,0.35,0.65,0.15,0.40,0.25,0.45,0.40,0.20,0.30,0.20,,,,0.40,,
20260622,16,AQI,74,95,48,56,49,58,94,47,43,95,100,63,60,53,83,48,43,38,33,27,33,20,33,34,36,34,29,32,35,34,28,34,31,41,35,45,56,39,37,34,23,30,27,21,29,50,38,23,85,31,44,22,29,36,28,18,28,30,24,41,38,26,27,39,18,35,31,22,37,41,47,43,46,37,34,33,49,40,60,36,65,78,49,43,96,90,43,86,44,35,53,84,60,38,35,40,32,30,28,24,25,24,36,20,34,35,25,23,19,44,49,47,44,49,31,43,47,40,91,34,32,28,36,29,32,24,41,48,43,42,28,36,16,22,22,24,23,25,43,27,26,29,23,29,19,27,28,19,21,28,43,33,32,34,39,51,68,48,38,70,,,,,,,,,,,,,,,,,,,,,,,,,,,,,,24,33,31,42,43,50,35,49,40,43,47,24,41,46,,28,40,75,39,45,43,41,36,38,37,44,41,29,23,26,19,23,24,20,30,33,23,33,27,32,26,28,20,35,29,31,24,33,27,21,46,24,26,23,49,24,23,31,34,26,27,26,22,31,44,45,55,30,36,28,32,48,25,30,31,22,25,23,21,24,23,23,23,29,23,23,23,21,21,18,26,36,31,21,27,27,26,35,25,32,29,22,19,35,37,17,17,28,22,27,22,,20,34,19,23,21,21,18,20,,16,18,20,28,20,18,18,14,16,18,22,30,19,27,32,39,38,36,,68,28,26,44,24,32,43,29,44,49,33,,28,,33,,40,43,45,43,38,25,43,40,46,47,38,66,43,36,39,50,42,41,35,38,34,39,33,46,,,,25,,
20260622,16,PM2.5,11,12,8,25,9,7,10,15,16,14,17,5,5,14,17,4,11,4,6,5,3,3,3,5,12,3,4,3,3,3,11,6,19,29,18,25,40,27,26,18,13,11,9,8,3,35,14,9,8,4,16,8,20,14,10,8,11,18,9,11,14,15,10,10,6,4,10,3,3,11,15,7,8,11,18,22,17,5,9,6,10,22,18,6,6,3,3,6,16,3,7,19,8,3,3,3,20,10,11,9,10,3,25,10,17,14,7,6,3,17,7,29,6,23,9,5,3,4,20,6,7,8,5,3,3,11,8,9,23,24,19,6,7,10,3,3,3,11,14,9,9,3,7,7,3,3,3,3,4,8,8,9,3,4,8,18,21,5,6,30,,,,,,,,,,,,,,,,,,,,,,,,,,,,,,17,22,11,21,8,18,11,19,3,9,11,8,13,12,,3,7,5,3,3,10,5,3,3,3,5,7,3,16,14,13,8,17,5,16,5,3,15,14,20,7,3,8,7,20,21,10,7,3,7,24,10,7,9,29,12,8,15,14,12,9,18,7,9,13,10,12,18,25,19,18,25,8,11,22,3,7,3,3,8,5,3,8,20,16,10,14,11,13,3,13,12,17,8,14,10,12,3,9,15,3,3,3,3,3,3,3,3,3,3,3,,3,8,9,13,10,5,3,14,,11,6,10,3,8,7,3,3,6,8,8,8,13,3,3,3,3,13,,9,6,8,7,3,3,27,5,10,14,8,,14,,9,,6,15,6,9,3,3,3,6,6,6,5,32,7,3,3,26,21,11,9,5,3,14,6,6,,,,6,,
20260622,16,PM2.5_24h,17,21,16,25,18,9,23,11,8,30,24,14,12,28,16,8,9,9,9,10,16,11,6,11,14,12,8,8,16,10,14,17,18,31,15,24,25,32,24,19,14,21,20,12,9,25,18,15,12,19,19,11,16,10,6,6,10,9,9,7,9,11,12,12,8,9,8,5,6,14,16,14,13,10,12,13,16,14,9,21,8,16,25,24,19,16,13,16,20,7,10,14,10,19,9,5,15,11,13,9,14,6,15,8,13,19,11,9,4,17,16,19,25,18,10,8,7,8,17,10,8,9,8,11,13,17,11,14,20,16,17,9,7,15,4,6,3,10,12,13,9,7,9,7,5,4,3,2,9,6,14,9,13,13,11,19,18,15,7,14,,,,,,,,,,,,,,,,,,,,,,,,,,,,,,14,18,17,12,11,23,6,25,17,17,10,10,15,14,,5,9,8,6,3,11,6,3,9,6,9,11,8,16,16,16,14,21,13,16,7,7,12,10,16,4,8,8,16,19,20,8,13,4,12,25,13,11,11,27,14,12,13,19,12,11,13,10,17,17,14,10,18,19,16,15,17,7,16,21,6,16,3,8,6,11,7,11,15,8,12,13,11,13,5,14,11,13,15,16,14,15,7,10,12,2,,3,5,5,11,3,6,2,3,7,,3,11,12,11,4,8,7,11,,7,13,9,5,9,10,6,5,6,8,6,10,13,7,4,3,3,11,,5,4,10,15,6,8,18,6,15,18,10,,11,,7,,10,15,14,9,8,6,2,7,12,12,7,22,11,9,5,37,23,15,6,11,10,4,7,10,,,,10,,
20260622,16,PM10,36,31,23,48,36,12,29,40,35,38,37,25,19,32,40,24,23,17,24,8,6,6,6,11,27,8,8,6,6,7,16,12,,38,34,45,51,28,27,34,22,20,21,18,6,46,31,19,37,12,23,12,27,25,22,16,22,30,24,23,25,17,27,18,15,12,25,8,8,23,23,17,31,26,34,33,36,27,33,16,31,40,31,15,28,29,18,32,32,16,34,47,30,10,21,18,31,30,22,19,19,24,33,20,25,35,25,23,15,31,35,37,25,34,23,22,19,20,70,14,17,25,15,11,9,22,12,17,36,35,27,14,6,12,13,8,7,25,43,21,26,9,10,18,11,12,12,7,11,11,18,17,12,14,22,51,38,31,31,89,,,,,,,,,,,,,,,,,,,,,,,,,,,,,,21,26,20,40,27,29,17,30,16,26,24,18,40,36,,6,16,39,19,26,32,23,9,18,21,23,23,15,,26,15,17,,7,30,7,9,21,17,23,19,6,12,9,25,30,8,13,6,9,37,18,16,13,42,24,12,31,34,23,27,23,21,23,18,23,25,25,29,27,24,48,25,16,30,10,10,6,6,15,19,13,21,22,,14,19,21,21,6,19,36,31,20,20,23,19,35,16,32,13,6,7,10,17,7,10,6,7,12,20,,15,12,19,16,21,14,14,15,,14,6,20,10,20,12,6,6,10,18,9,30,18,16,12,8,7,29,,20,10,14,21,6,7,15,14,20,36,33,,20,,21,,15,29,17,11,14,13,6,25,42,33,17,81,8,22,22,50,42,22,35,21,22,35,27,46,,,,15,,
20260622,16,PM10_24h,49,49,37,57,55,14,46,30,25,57,44,38,25,47,41,23,20,18,20,11,15,15,9,17,24,18,13,13,16,11,19,22,21,38,23,36,32,36,23,29,20,38,30,22,10,37,33,18,39,21,24,17,23,21,16,12,16,15,20,17,19,19,26,19,19,13,23,12,10,17,32,21,40,28,24,21,32,32,23,26,22,36,39,32,40,34,30,43,36,27,31,34,30,25,17,17,27,22,24,20,22,15,22,16,27,35,23,23,10,26,41,23,43,43,19,20,25,24,47,18,20,16,22,15,18,18,15,20,23,27,25,14,13,17,13,9,5,23,30,25,20,15,12,20,16,15,12,8,16,12,19,13,21,15,22,59,42,42,26,50,,,,,,,,,,,,,,,,,,,,,,,,,,,,,,22,17,30,22,35,30,13,38,44,53,33,21,46,36,,15,29,30,27,22,29,16,16,24,25,14,21,13,20,26,19,20,24,18,25,13,9,17,10,24,12,11,15,13,27,27,6,14,8,13,38,21,20,20,40,23,22,32,31,23,29,28,28,31,21,30,20,18,20,27,18,31,25,19,27,16,18,9,12,11,19,12,24,21,16,16,21,23,25,9,31,30,29,26,22,30,27,22,23,31,14,3,12,13,22,14,14,11,6,11,21,,7,16,19,13,20,14,15,13,,12,12,19,10,23,14,9,6,8,25,11,19,22,14,11,10,12,22,,16,7,12,24,15,14,24,16,43,42,32,,19,,27,,18,25,19,15,19,18,6,15,32,29,12,52,28,26,30,62,47,34,29,25,40,28,32,37,,,,21,,
20260622,16,SO2,5,9,2,9,9,3,5,4,5,2,9,3,4,7,10,8,9,6,5,6,5,5,4,5,8,5,5,6,5,8,7,8,6,6,5,5,6,5,5,5,6,2,5,5,7,5,3,7,9,6,4,4,4,6,5,6,6,5,5,2,5,6,4,4,9,5,26,4,6,5,8,7,5,5,4,6,13,6,10,6,10,13,3,11,12,9,9,10,11,6,5,8,8,7,4,8,7,6,7,4,7,6,5,4,4,6,3,8,3,6,10,12,6,15,9,8,10,8,10,6,3,7,5,6,6,3,8,3,8,8,5,7,7,6,3,7,8,5,3,5,2,7,9,9,4,8,4,6,3,2,5,5,2,7,6,5,11,10,6,5,,,,,,,,,,,,,,,,,,,,,,,,,,,,,,5,3,6,4,4,9,5,6,3,8,9,5,10,6,,6,9,8,9,9,7,6,7,8,9,1,4,7,9,6,9,7,4,8,6,9,1,5,7,4,9,4,4,8,5,4,5,4,3,6,4,9,4,4,6,4,8,5,5,3,7,4,4,6,6,8,7,3,5,5,5,4,4,9,7,4,6,4,5,7,3,5,6,2,5,6,4,6,7,3,8,5,3,5,3,9,10,5,6,3,6,8,9,4,7,6,5,8,8,3,3,,6,9,4,6,3,6,4,4,,5,5,11,11,6,6,1,3,2,8,5,8,5,9,7,5,7,4,,6,4,4,5,7,7,7,8,10,6,10,,4,,8,,4,,7,10,9,11,7,22,7,8,7,6,8,9,5,4,6,2,4,6,5,8,6,7,,,,4,,
20260622,16,SO2_24h,4,8,3,7,13,4,6,3,5,3,9,5,6,10,11,8,8,6,6,6,5,6,4,6,8,6,5,6,4,9,7,7,6,6,5,5,6,6,5,5,6,2,4,5,7,5,3,8,7,6,4,4,5,6,5,6,6,6,6,3,5,7,4,4,8,5,10,5,6,5,9,11,7,5,6,6,11,8,9,5,8,15,4,11,12,11,10,12,11,6,5,7,9,8,4,8,10,6,7,4,8,6,6,5,5,12,4,9,5,7,10,10,6,15,12,9,10,9,12,6,4,6,5,5,6,3,8,3,8,9,4,8,7,6,4,7,7,5,3,5,2,10,9,12,3,9,4,6,3,3,5,5,3,6,6,13,12,11,6,5,,,,,,,,,,,,,,,,,,,,,,,,,,,,,,5,2,6,4,5,10,6,11,7,22,9,4,12,10,,6,11,11,9,9,7,5,7,10,10,1,4,7,10,5,8,6,4,8,6,10,6,6,6,4,8,5,4,8,5,4,5,4,4,6,4,8,4,5,6,5,11,7,18,4,7,4,5,8,6,8,5,3,5,5,4,4,4,8,7,6,7,4,6,7,3,5,7,4,5,5,5,6,7,3,7,5,4,7,5,12,11,5,10,6,6,8,10,4,8,6,6,7,7,3,3,,6,8,5,6,3,7,4,3,,5,6,9,9,5,6,2,3,3,8,5,7,5,9,7,5,7,5,,5,4,5,10,5,7,15,10,10,7,9,,4,,8,,4,9,9,10,10,14,6,20,7,7,7,7,6,8,5,4,6,3,4,6,4,7,6,7,,,,4,,
20260622,16,NO2,9,11,2,11,8,5,7,10,7,7,10,6,2,7,14,10,11,11,11,13,9,23,5,8,7,4,15,15,7,3,7,3,12,21,22,8,17,23,18,6,17,5,7,5,7,7,12,6,13,7,7,8,6,8,7,3,7,3,6,8,7,5,6,6,10,5,7,6,6,6,8,8,5,6,4,7,12,8,13,8,9,10,8,5,11,4,6,10,11,11,10,8,7,9,17,12,9,7,6,8,4,3,6,3,7,5,4,4,3,8,9,5,7,6,20,10,11,6,14,7,6,7,5,10,6,9,4,3,9,6,13,6,17,9,9,5,8,4,5,4,3,4,8,7,10,4,3,6,5,5,5,8,3,4,5,6,6,10,3,3,,,,,,,,,,,,,,,,,,,,,,,,,,,,,,8,4,6,7,6,2,2,7,6,4,10,4,8,8,,5,2,11,9,10,11,9,5,8,4,6,4,9,4,9,8,4,6,6,7,7,3,7,9,7,11,2,5,2,10,3,8,5,9,9,10,5,3,2,8,4,2,12,2,4,7,3,4,4,5,4,10,5,10,5,8,10,4,7,13,6,9,7,4,10,6,3,2,4,8,5,3,3,5,6,5,4,4,2,7,4,7,6,3,5,6,7,6,6,8,6,12,6,8,3,3,,5,7,10,3,5,5,4,4,,4,3,14,6,5,4,3,3,4,4,7,4,7,9,7,3,4,8,,1,7,5,6,4,6,6,8,3,5,9,,6,,4,,4,4,2,2,1,1,2,2,8,5,5,3,3,8,3,6,1,5,2,5,2,9,5,4,,,,2,,
20260622,16,NO2_24h,21,26,10,25,26,8,17,9,14,19,28,18,7,16,17,26,16,24,24,16,10,19,7,11,11,5,17,14,12,3,7,4,10,18,12,9,15,17,14,9,12,19,15,8,9,10,15,9,26,14,9,9,6,12,9,3,9,4,8,9,10,7,11,7,11,10,7,7,9,7,19,13,12,9,9,9,16,12,18,9,13,26,15,13,32,13,19,27,17,23,18,15,19,16,16,15,12,8,11,5,9,4,11,3,13,13,6,5,5,12,13,7,16,23,14,15,21,19,28,15,11,8,9,10,8,20,7,7,11,9,9,7,9,6,8,3,8,6,5,9,8,9,12,11,10,7,10,7,6,6,6,9,12,7,6,18,13,17,3,11,,,,,,,,,,,,,,,,,,,,,,,,,,,,,,6,6,11,7,11,11,6,14,19,19,15,9,13,11,,7,5,21,15,20,15,20,23,14,10,8,14,12,8,9,9,7,11,10,6,10,3,8,7,7,9,9,5,5,10,3,5,7,9,7,12,11,11,6,12,7,9,14,9,6,9,8,6,9,8,10,11,6,10,5,7,8,6,6,10,9,7,4,7,7,5,3,9,5,6,5,5,7,6,8,19,6,9,8,9,10,12,4,7,10,7,7,6,12,20,8,17,7,9,4,4,,9,10,9,2,7,5,5,3,,3,6,13,7,5,6,4,3,5,4,8,7,11,9,10,6,5,10,,2,6,6,8,6,9,12,11,16,14,13,,9,,11,,11,9,5,2,7,2,8,2,12,15,8,16,8,10,7,11,7,9,4,9,3,7,7,6,,,,4,,
20260622,16,O3,179,196,154,165,156,166,195,151,136,196,200,170,168,162,186,153,137,121,106,86,104,63,104,110,116,109,94,101,113,110,90,109,99,89,113,112,125,60,75,109,74,96,87,67,93,141,121,73,188,99,141,71,66,114,89,58,90,72,70,132,121,83,78,124,59,113,98,70,119,132,150,137,146,117,68,78,158,128,168,116,172,182,158,136,197,192,136,189,142,111,162,187,168,123,111,129,103,86,88,76,79,71,106,65,110,103,75,72,61,142,158,149,142,156,99,138,151,128,193,109,101,88,116,93,103,76,131,155,137,133,90,115,50,71,69,76,72,65,96,85,74,92,75,93,62,85,89,60,67,88,136,107,101,109,126,156,174,154,121,117,,,,,,,,,,,,,,,,,,,,,,,,,,,,,,70,107,99,133,136,160,112,156,128,138,151,78,131,148,,88,127,180,126,144,137,132,115,123,119,140,130,93,74,74,52,73,73,64,75,106,74,104,86,103,82,88,63,113,84,98,77,107,85,67,146,78,84,73,157,68,72,80,88,84,64,70,70,98,142,144,164,96,99,91,101,74,68,96,85,70,81,73,68,76,73,75,75,70,66,74,75,63,50,58,84,82,94,68,86,86,84,45,80,96,94,71,62,111,119,55,54,91,70,85,71,,63,109,61,73,51,68,57,56,,48,58,64,91,58,56,58,44,50,44,69,57,62,85,102,124,120,116,,174,88,82,141,78,101,139,93,141,158,90,,89,,106,,128,139,145,138,123,81,138,127,147,149,122,129,139,116,125,114,115,130,105,123,109,125,106,108,,,,81,,
20260622,16,O3_24h,179,196,154,165,156,166,195,151,136,196,200,170,168,162,186,153,137,121,106,86,104,63,104,110,116,109,94,101,113,110,90,109,99,89,113,112,125,60,75,109,74,96,87,67,93,141,121,73,188,99,141,71,66,114,89,58,90,72,70,132,121,83,78,124,59,113,98,70,119,132,150,137,146,117,68,78,158,128,168,116,172,182,158,136,197,192,136,189,142,111,162,187,168,123,111,129,103,86,88,76,79,71,106,65,110,103,75,72,61,142,158,149,142,156,99,138,151,128,193,109,101,88,116,93,103,76,131,155,137,133,90,115,50,71,69,76,72,65,96,85,74,92,75,93,62,85,89,60,67,88,136,107,101,109,126,156,174,154,121,117,,,,,,,,,,,,,,,,,,,,,,,,,,,,,,70,107,99,133,136,160,112,156,128,138,151,78,131,148,,88,127,180,126,144,137,132,115,123,119,140,130,93,74,74,52,73,73,64,75,106,74,104,86,103,82,88,63,113,84,98,77,107,85,67,146,78,84,73,157,68,72,80,88,84,64,70,70,98,142,144,164,96,99,91,101,74,68,96,85,70,81,73,68,76,73,75,75,70,66,74,75,63,50,58,84,82,94,68,86,86,84,45,80,96,94,71,62,111,119,55,54,91,70,85,71,,63,109,61,73,51,68,57,56,,48,58,64,91,58,56,58,44,50,44,69,57,62,85,102,124,120,116,,174,88,82,141,78,101,139,93,141,158,90,,89,,106,,128,139,145,138,123,81,138,127,147,149,122,129,139,116,125,114,115,130,105,123,109,125,106,108,,,,81,,
20260622,16,O3_8h,145,169,129,134,155,142,156,136,116,159,162,144,148,132,146,128,121,85,83,68,91,45,105,106,101,109,60,74,106,111,96,112,99,67,95,96,91,54,68,96,78,81,88,74,91,117,116,79,142,92,114,77,75,84,65,55,71,62,60,99,85,69,68,89,47,84,64,63,103,104,122,102,120,99,72,65,138,121,141,95,146,149,134,114,159,163,120,149,106,101,127,129,139,111,100,119,84,84,84,69,71,60,79,60,80,98,72,64,57,110,140,124,120,124,125,123,119,108,159,93,84,80,101,65,78,57,106,136,112,117,92,107,57,79,75,87,77,57,79,76,73,71,61,78,52,67,69,54,50,65,114,102,94,96,110,143,151,127,109,101,,,,,,,,,,,,,,,,,,,,,,,,,,,,,,94,86,95,120,126,131,110,140,114,116,131,68,99,138,,76,124,159,115,127,123,112,118,104,111,99,109,84,60,62,53,70,55,47,76,88,104,101,97,95,62,61,41,100,97,90,102,99,61,46,115,81,84,72,116,59,60,81,75,80,82,77,70,88,127,120,132,85,89,98,99,88,65,99,91,68,85,84,69,73,95,78,64,59,82,70,65,54,47,44,66,64,74,63,68,72,65,39,72,62,86,67,56,86,89,42,44,69,59,78,46,,62,81,47,53,35,55,51,54,,43,57,64,76,44,49,60,45,48,39,69,43,43,80,72,101,106,112,,170,75,81,113,62,92,112,73,118,134,74,,74,,83,,95,114,123,118,116,81,120,124,120,108,89,96,121,98,102,74,88,92,98,104,86,123,99,89,,,,69,,
20260622,16,O3_8h_24h,145,169,129,134,155,142,156,136,116,159,162,144,148,132,146,128,121,85,83,68,91,39,105,106,101,109,60,74,106,111,95,112,99,67,95,96,91,48,68,96,78,109,88,74,90,117,116,79,142,92,114,75,75,84,65,55,71,62,60,99,85,69,68,89,47,84,64,63,102,104,122,102,120,96,72,65,138,121,141,95,146,149,134,114,159,163,120,149,106,101,127,129,139,111,100,119,84,84,84,69,71,60,79,60,80,98,72,64,57,110,140,124,120,124,125,123,119,108,159,93,84,80,101,53,78,57,106,136,112,117,87,107,55,73,68,73,71,57,79,76,73,71,61,78,52,67,69,54,50,65,114,102,94,96,110,143,151,127,109,100,,,,,,,,,,,,,,,,,,,,,,,,,,,,,,74,86,95,120,126,131,110,140,114,116,131,68,99,138,,76,124,159,115,127,123,112,118,104,111,99,109,84,60,56,53,70,55,47,76,88,,90,85,95,62,61,41,100,78,90,95,99,61,46,115,81,84,72,116,59,60,81,75,80,82,77,70,88,127,120,132,85,87,94,99,76,65,99,83,68,80,81,69,73,76,78,64,59,71,70,65,54,47,44,66,61,74,63,68,72,65,39,72,62,81,67,56,86,89,41,44,69,56,78,46,,62,81,47,53,35,55,51,53,,43,57,64,76,44,49,60,45,48,39,69,43,43,80,72,101,104,109,,170,75,74,113,62,92,112,73,118,134,74,,74,,83,,95,114,123,118,116,81,120,124,120,108,89,96,121,87,102,74,88,92,98,104,86,111,99,89,,,,69,,
20260622,16,CO,0.43,0.45,0.26,0.54,0.30,0.30,0.34,0.33,0.35,0.30,0.33,0.30,0.27,0.42,0.44,0.55,0.51,0.24,0.39,0.39,0.64,0.61,0.48,0.36,0.32,0.56,0.64,0.79,0.46,0.53,0.75,0.46,0.50,0.82,0.56,0.47,0.68,0.63,0.60,0.50,0.55,0.57,0.30,0.40,0.50,0.45,0.38,0.60,0.31,0.40,0.40,0.51,0.58,0.44,0.51,0.53,0.47,0.30,0.43,0.43,0.47,0.40,0.59,0.38,0.49,0.41,0.47,0.41,0.27,0.62,0.57,0.30,0.22,0.26,0.38,0.63,0.57,0.38,0.68,0.53,0.43,0.65,0.53,0.47,0.48,0.30,0.16,0.32,0.48,0.28,0.38,0.40,0.37,0.42,0.20,0.32,0.53,0.57,0.37,0.60,0.50,0.45,0.75,0.43,0.40,0.40,0.33,0.55,0.27,0.20,0.41,0.60,0.55,0.60,0.68,0.72,0.53,0.56,0.70,0.30,0.30,0.27,0.27,0.50,0.53,0.66,0.44,0.33,0.48,0.33,0.65,0.43,0.43,0.43,0.67,0.78,0.70,0.43,0.45,0.57,0.35,0.57,0.52,0.47,0.47,0.33,0.47,0.25,0.52,0.40,0.40,0.50,0.40,0.58,0.50,0.20,0.40,0.32,0.30,0.20,,,,,,,,,,,,,,,,,,,,,,,,,,,,,,0.50,0.40,0.35,0.47,0.20,0.50,0.55,0.47,0.30,0.27,0.30,0.30,0.45,0.42,,0.20,0.30,0.53,0.43,0.25,0.60,0.30,0.40,0.30,0.35,0.35,0.15,0.25,0.20,0.10,0.30,0.42,0.20,0.33,0.25,0.20,0.60,0.35,0.26,0.25,0.57,0.45,0.45,0.30,0.47,0.27,0.30,0.23,0.40,0.43,0.37,0.73,0.20,0.30,0.75,0.47,0.27,1.50,0.30,0.30,0.25,0.53,0.52,0.50,0.42,0.33,0.30,0.45,0.48,0.50,0.50,0.27,0.47,0.70,0.70,0.63,0.57,0.60,0.60,0.90,0.57,0.55,0.65,0.45,0.90,0.55,0.60,0.40,0.45,0.30,0.50,0.60,0.57,0.50,0.30,0.30,0.40,0.80,0.30,0.50,0.53,0.45,0.43,0.53,0.45,0.42,0.30,0.50,0.60,0.30,0.30,,0.20,0.25,0.33,0.43,0.40,0.50,0.30,0.40,,0.45,0.40,0.50,0.55,0.60,0.30,0.40,0.10,0.15,0.40,0.40,0.30,0.55,0.50,0.50,0.20,0.45,0.30,,0.30,0.35,0.47,0.17,0.70,0.75,0.20,0.35,0.20,0.30,0.60,,0.50,,0.35,,0.20,0.40,0.30,0.20,0.20,0.30,0.20,0.40,0.20,0.25,0.20,0.40,0.15,0.20,0.30,0.60,0.20,0.35,0.25,0.45,0.50,0.20,0.30,0.25,,,,0.40,,
20260622,16,CO_24h,0.36,0.51,0.44,0.62,0.70,0.38,0.46,0.23,0.30,0.40,0.43,0.38,0.50,0.63,0.48,0.68,0.46,0.29,0.47,0.41,0.67,0.59,0.48,0.44,0.42,0.66,0.69,0.70,0.60,0.55,0.76,0.48,0.50,0.80,0.51,0.40,0.69,0.65,0.63,0.43,0.65,0.67,0.40,0.45,0.66,0.45,0.40,0.65,0.32,0.47,0.41,0.68,0.52,0.45,0.50,0.57,0.43,0.30,0.43,0.43,0.50,0.40,0.56,0.38,0.50,0.49,0.47,0.43,0.27,0.70,0.73,0.50,0.40,0.28,0.42,0.53,0.44,0.46,0.56,0.57,0.33,0.55,0.57,0.54,0.58,0.40,0.40,0.43,0.50,0.35,0.35,0.38,0.47,0.60,0.23,0.38,0.57,0.55,0.43,0.63,0.55,0.45,0.75,0.40,0.40,0.40,0.40,0.55,0.33,0.20,0.44,0.75,0.97,0.66,0.40,0.86,0.53,0.74,0.62,0.36,0.40,0.30,0.36,0.57,0.67,0.70,0.43,0.33,0.50,0.40,0.50,0.40,0.38,0.40,0.63,0.82,0.70,0.47,0.50,0.66,0.35,0.47,0.55,0.55,0.50,0.37,0.57,0.25,0.55,0.43,0.50,0.55,0.45,0.66,0.65,0.40,0.43,0.46,0.30,0.20,,,,,,,,,,,,,,,,,,,,,,,,,,,,,,0.50,0.40,0.50,0.60,0.20,0.50,0.88,0.67,0.50,0.70,0.30,0.30,0.60,0.50,,0.20,0.40,0.47,0.53,0.40,0.63,0.17,0.40,0.65,0.35,0.30,0.15,0.27,0.23,0.17,0.20,0.40,0.25,0.33,0.30,0.25,0.20,0.38,0.32,0.25,0.57,0.68,0.45,0.40,0.50,0.23,0.38,0.23,0.55,0.33,0.40,0.77,0.30,0.30,0.85,0.57,0.50,0.67,0.60,0.30,0.25,0.65,0.57,0.55,0.44,0.43,0.35,0.43,0.38,0.45,0.40,0.27,0.47,0.67,0.68,0.83,0.60,0.60,0.67,0.60,0.60,0.55,0.95,0.45,0.90,0.55,0.60,0.45,0.40,0.30,0.20,0.60,0.60,0.57,0.37,0.45,0.43,0.80,0.30,0.50,0.53,0.45,0.43,0.68,0.60,0.47,0.35,0.50,0.60,0.30,0.30,,0.20,0.45,0.40,0.43,0.40,0.50,0.30,0.45,,0.55,0.40,0.40,0.55,0.70,0.45,0.50,0.10,0.15,0.50,0.40,0.45,0.55,0.50,0.45,0.20,0.45,0.40,,0.30,0.45,0.47,0.30,0.50,0.80,0.45,0.35,0.30,0.30,0.55,,0.45,,0.45,,0.25,0.50,0.40,0.10,0.40,0.30,0.20,0.30,0.33,0.35,0.30,0.55,0.10,0.20,0.35,0.65,0.15,0.40,0.25,0.45,0.40,0.20,0.30,0.20,,,,0.45,,
20260622,17,AQI,76,90,49,43,45,58,90,56,52,96,101,68,63,54,47,48,41,38,33,27,31,27,32,34,36,33,29,31,35,33,28,32,31,44,43,42,53,19,29,39,24,25,26,20,28,50,35,18,95,32,43,21,30,36,25,18,29,39,22,39,38,27,27,34,18,34,31,22,37,42,46,41,46,36,24,46,48,40,61,36,54,75,39,39,106,101,42,80,43,34,64,74,60,38,33,43,33,28,28,25,24,22,53,20,38,27,23,25,19,45,46,45,43,46,30,42,48,41,78,34,32,44,37,32,33,23,42,49,42,42,36,36,19,22,22,24,23,28,38,25,26,28,22,29,19,24,28,18,19,27,44,35,33,33,40,50,58,48,45,92,,,,,,,,,,,,,,,,,,,,,,,,,,,,,,24,34,24,43,44,53,36,51,39,42,55,26,45,58,,28,40,43,40,44,42,40,36,38,37,45,42,30,23,28,21,24,24,19,28,35,20,35,31,33,26,29,20,34,26,33,25,35,26,27,48,22,26,23,49,24,21,27,30,26,27,24,25,32,44,46,53,30,36,30,32,40,24,29,30,20,26,23,20,23,22,24,23,27,23,23,23,24,26,16,27,29,35,21,27,26,27,39,26,29,29,21,20,33,37,16,17,28,20,26,22,,18,33,26,22,22,23,19,17,,14,19,23,28,23,18,17,13,15,16,20,24,19,28,32,39,40,37,,64,25,28,45,24,32,43,28,46,56,29,,31,,33,,41,44,45,44,39,24,42,40,46,47,38,55,43,32,40,60,41,42,51,38,47,46,35,34,,,,27,,
20260622,17,PM2.5,11,11,4,19,6,8,9,31,24,13,19,6,8,16,28,4,10,4,6,4,3,3,3,6,14,3,3,3,3,3,11,5,19,31,23,24,37,3,20,22,15,7,8,7,3,35,13,8,7,4,17,9,21,14,10,9,13,20,9,10,14,17,10,9,6,4,12,3,3,10,20,11,7,11,16,32,18,6,13,7,7,23,15,3,8,3,3,6,6,3,8,21,8,3,4,3,20,10,12,12,9,5,28,11,18,12,8,7,3,19,9,28,5,20,11,5,3,5,19,6,4,15,7,3,3,13,12,14,25,27,25,7,6,7,3,4,3,10,11,8,11,3,7,7,3,3,3,3,6,5,10,12,3,4,8,12,21,10,4,40,,,,,,,,,,,,,,,,,,,,,,,,,,,,,,17,15,9,25,14,23,12,21,3,6,16,14,14,18,,5,5,3,3,3,22,7,3,3,3,11,10,3,15,12,15,8,15,6,16,7,3,16,13,23,6,3,6,8,17,20,9,8,3,10,19,11,7,9,28,17,12,13,18,13,6,13,8,9,10,9,16,21,25,15,21,23,9,8,21,3,10,3,3,8,6,3,11,19,16,10,15,8,16,3,11,13,15,6,15,10,11,8,11,12,3,3,3,3,3,3,3,3,3,3,3,,3,8,12,12,7,8,5,11,,10,6,16,3,9,9,3,6,3,8,9,10,10,3,3,6,3,3,,6,7,5,7,3,5,10,5,13,14,6,,10,,9,,7,13,14,9,3,3,3,6,9,13,6,30,8,5,3,37,15,9,8,7,7,11,3,11,,,,7,,
20260622,17,PM2.5_24h,17,21,16,25,18,9,23,12,9,30,24,14,12,28,17,8,9,9,9,9,16,11,6,11,14,10,7,6,14,9,13,16,18,30,15,24,26,31,24,20,14,21,19,12,7,25,18,15,12,18,19,11,16,10,6,6,10,9,9,8,9,11,12,12,8,9,8,5,6,13,17,15,13,10,12,14,16,13,10,21,8,17,25,24,19,15,12,16,20,7,11,14,11,19,9,6,15,11,13,9,14,6,16,8,13,19,11,9,4,17,16,20,24,19,10,8,7,9,18,10,8,9,8,10,11,17,11,14,20,17,17,9,7,14,4,6,3,10,12,13,9,7,9,7,5,4,3,2,8,6,14,9,13,12,10,19,18,15,7,16,,,,,,,,,,,,,,,,,,,,,,,,,,,,,,14,16,17,13,12,23,6,25,16,16,10,10,15,15,,5,9,8,6,3,12,6,3,9,6,9,11,8,16,15,16,13,21,12,16,7,7,13,10,15,4,8,8,15,19,18,7,12,4,12,26,14,11,12,27,14,12,13,19,12,11,13,10,17,16,15,11,18,18,16,15,17,8,16,21,5,15,3,8,6,11,6,11,15,8,12,13,11,13,5,14,11,13,15,16,14,16,7,10,12,2,,3,4,5,9,3,6,2,3,7,,3,11,12,11,5,8,7,11,,7,13,10,5,9,10,6,5,6,8,6,11,13,7,4,3,3,11,,5,4,9,14,6,7,18,6,15,18,10,,11,,8,,9,15,14,9,8,5,2,7,12,12,7,22,11,9,5,35,24,14,6,11,10,4,7,11,,,,9,,
20260622,17,PM10,35,30,27,40,32,17,27,61,53,44,38,25,26,22,41,25,21,15,20,8,6,6,6,13,23,6,7,7,6,6,19,13,,41,43,42,51,8,23,39,24,16,21,19,9,49,29,13,38,13,26,12,29,25,23,18,23,39,22,23,27,19,27,17,15,19,28,9,8,23,26,20,27,28,24,46,40,26,37,19,32,43,29,9,31,31,16,30,25,19,38,48,28,10,20,22,31,28,23,25,19,22,55,20,26,24,23,25,10,41,35,32,15,39,27,21,22,18,61,15,19,44,17,11,7,19,18,21,31,35,35,18,7,18,10,7,7,28,38,20,19,9,11,22,8,12,11,9,15,11,23,23,11,16,13,34,35,28,45,133,,,,,,,,,,,,,,,,,,,,,,,,,,,,,,21,22,16,39,32,27,18,36,20,25,33,20,45,66,,,17,30,24,25,38,19,9,19,18,20,22,17,,28,18,17,12,7,28,11,15,35,11,29,14,9,12,10,22,27,8,13,6,8,48,21,15,19,37,23,15,27,30,20,27,24,25,23,17,24,24,26,32,25,30,40,24,16,28,9,12,8,6,14,21,10,18,25,20,13,20,24,26,7,23,29,35,17,21,24,18,39,20,15,14,6,11,11,16,7,10,7,7,11,14,,7,13,26,15,22,13,12,17,,14,7,21,14,23,12,,7,7,16,10,24,12,13,8,13,7,24,,19,10,13,17,6,14,33,20,36,29,28,,20,,25,,15,20,24,17,10,13,6,27,41,30,24,59,16,19,16,70,41,29,51,20,47,46,16,31,,,,17,,
20260622,17,PM10_24h,50,50,36,56,56,14,46,31,27,58,45,37,26,46,41,24,20,19,20,11,14,13,9,16,23,16,12,12,13,11,18,21,21,38,24,36,33,35,24,29,20,37,30,22,9,37,33,18,39,21,23,16,24,21,16,12,17,15,20,17,20,19,26,19,18,13,23,12,10,17,32,22,40,28,24,22,33,32,24,26,23,37,39,30,40,33,29,43,35,27,31,35,30,24,18,17,27,22,24,20,22,15,23,16,28,36,23,23,10,27,42,24,41,44,20,21,26,24,48,18,20,17,22,14,16,18,15,19,23,27,25,15,13,17,13,9,5,24,31,25,20,15,12,20,16,15,13,8,16,12,19,13,20,15,21,59,42,42,27,54,,,,,,,,,,,,,,,,,,,,,,,,,,,,,,22,16,30,23,35,31,12,38,44,52,33,20,46,38,,14,28,30,28,23,30,17,16,24,25,14,21,13,20,25,18,19,24,17,25,13,9,17,10,22,12,11,15,12,26,26,6,13,8,13,39,22,20,20,40,23,22,33,30,24,29,28,28,31,21,29,20,19,19,27,19,30,25,18,27,15,18,9,12,11,19,12,24,21,16,16,21,23,25,9,31,30,29,26,22,29,27,22,23,31,14,3,12,13,22,12,13,11,6,11,21,,7,16,19,13,20,14,15,14,,12,12,19,10,23,14,9,6,8,25,10,19,22,14,11,10,12,22,,16,7,12,23,14,14,24,17,43,41,32,,20,,27,,18,25,20,15,19,18,6,15,33,29,12,53,28,25,29,62,47,34,29,25,41,28,31,38,,,,21,,
20260622,17,SO2,4,9,2,9,8,3,4,4,4,2,9,4,3,7,9,8,8,6,5,6,5,5,4,5,7,5,5,6,5,8,7,8,5,6,5,4,7,5,5,5,6,2,5,6,7,4,4,7,10,6,4,4,4,6,6,6,5,6,5,2,5,7,4,4,9,5,27,5,6,5,8,9,5,5,4,6,10,6,11,7,9,13,3,9,13,10,9,10,9,5,5,8,8,7,5,9,6,6,6,4,7,6,5,5,5,5,3,9,3,6,9,12,6,12,23,8,11,9,9,5,4,8,5,6,6,3,8,3,8,8,5,7,7,6,4,7,8,6,3,5,3,8,9,8,3,8,4,6,3,3,5,6,3,7,6,6,8,10,6,4,,,,,,,,,,,,,,,,,,,,,,,,,,,,,,5,3,5,4,4,11,6,6,3,8,9,5,10,5,,7,9,7,9,9,7,7,7,9,9,2,4,7,9,5,7,7,4,9,6,10,1,5,7,4,9,4,4,8,5,4,5,4,3,6,4,9,4,4,6,4,9,6,5,3,7,4,4,7,6,8,7,3,5,5,5,4,4,8,7,4,7,4,5,7,3,5,6,2,5,6,4,5,7,3,8,5,4,5,3,9,10,5,6,4,6,8,9,4,7,6,5,7,7,3,3,,7,8,8,5,3,6,4,4,,6,5,13,11,6,7,2,3,1,8,5,8,5,9,7,5,7,4,,7,4,5,5,5,10,8,8,10,6,9,,5,,8,,5,,7,9,10,11,7,19,7,7,7,6,8,9,5,4,6,3,4,6,4,7,6,6,,,,4,,
20260622,17,SO2_24h,4,8,3,7,13,4,6,3,5,3,9,5,6,10,10,9,8,6,6,6,5,6,4,6,8,6,5,6,4,9,7,7,6,6,5,5,6,6,5,5,6,2,4,5,7,5,3,8,7,6,4,4,5,6,5,6,6,6,6,3,5,8,4,4,8,5,11,5,6,5,9,11,7,5,6,6,10,8,10,5,8,15,4,11,12,11,10,12,11,6,5,7,9,8,4,9,10,6,7,4,8,6,6,5,5,12,4,9,5,7,10,10,6,15,12,9,10,8,12,6,4,6,5,5,6,3,8,3,8,9,5,8,7,6,5,7,7,5,3,5,2,10,9,12,3,9,4,6,3,3,5,5,3,6,6,13,12,11,6,5,,,,,,,,,,,,,,,,,,,,,,,,,,,,,,5,2,6,4,5,10,6,11,7,22,9,5,12,10,,6,11,11,9,9,7,5,7,10,10,1,4,7,10,5,8,6,4,8,6,10,6,6,6,4,8,5,4,8,5,4,5,4,4,6,4,8,4,5,6,5,10,7,18,4,7,4,5,8,6,8,5,3,5,5,4,4,4,8,7,6,7,4,6,7,3,5,7,4,5,5,5,6,7,3,7,5,4,7,5,12,11,5,10,6,6,8,9,4,8,6,6,7,7,3,3,,6,8,5,6,3,7,4,3,,5,5,10,9,5,6,2,3,3,8,5,7,5,9,7,5,7,5,,5,4,5,10,5,7,15,10,10,7,9,,4,,8,,4,9,9,10,10,13,6,20,7,7,7,7,6,8,5,4,6,3,4,6,4,7,6,7,,,,4,,
20260622,17,NO2,9,12,3,9,8,5,7,10,9,7,11,6,2,7,14,11,12,13,11,14,9,16,5,6,7,3,13,14,6,3,6,4,11,25,29,8,19,20,22,7,33,5,7,6,10,8,11,9,14,8,8,8,8,10,10,3,8,4,6,9,8,5,7,5,11,6,7,6,8,6,9,9,5,9,5,10,12,9,15,10,10,9,8,4,12,5,7,11,9,13,12,8,8,11,24,13,8,7,7,12,5,4,7,3,8,4,3,4,3,8,9,6,7,7,25,12,12,7,14,8,6,6,6,9,5,15,4,4,10,6,12,6,10,8,10,6,8,8,4,5,3,4,11,6,9,4,4,7,5,5,5,10,4,5,5,5,6,10,2,5,,,,,,,,,,,,,,,,,,,,,,,,,,,,,,8,4,4,7,7,3,3,8,6,4,12,5,7,7,,4,2,11,9,12,15,12,5,6,4,6,5,6,5,8,8,5,5,7,8,9,5,9,8,5,14,3,4,4,10,2,7,4,9,6,11,9,4,2,10,6,4,10,4,6,12,4,5,4,5,4,10,6,10,5,9,11,4,8,15,8,9,7,3,9,7,3,2,4,10,6,4,5,6,7,6,5,5,2,8,5,8,5,5,3,9,8,5,6,10,7,11,6,10,3,3,,7,7,14,4,5,5,4,7,,3,3,15,6,9,4,3,3,4,5,8,6,7,9,7,3,3,5,,2,8,4,5,6,9,7,8,6,6,7,,6,,4,,4,3,2,3,3,2,2,2,7,7,6,3,4,9,3,4,2,6,2,4,3,10,3,4,,,,3,,
20260622,17,NO2_24h,21,26,10,25,26,8,17,9,14,19,28,18,7,16,17,26,16,25,24,16,10,19,6,10,10,5,17,14,11,3,7,4,10,18,12,9,15,17,14,8,13,19,14,9,9,10,16,9,26,14,9,9,6,12,10,3,9,4,8,9,10,7,11,7,10,10,7,7,9,6,18,13,12,9,9,9,16,12,18,9,13,26,15,13,32,12,19,27,17,23,18,15,19,16,17,15,12,8,10,5,9,5,11,3,13,13,6,5,5,12,13,7,15,23,15,15,22,19,28,15,11,8,9,10,7,20,7,7,11,9,9,7,10,6,9,3,8,6,5,9,8,9,11,11,10,7,10,7,6,6,6,9,12,7,6,18,13,17,3,11,,,,,,,,,,,,,,,,,,,,,,,,,,,,,,6,6,11,7,11,10,5,14,19,19,15,9,13,11,,7,5,21,15,20,15,20,23,14,10,8,14,12,8,9,9,7,11,10,6,10,3,8,8,7,9,9,5,5,10,2,6,6,9,7,12,11,11,6,11,7,9,14,9,6,9,8,6,9,8,10,11,7,10,5,7,8,6,6,11,9,7,4,6,7,5,3,9,4,6,5,5,7,6,8,18,6,9,8,9,10,12,4,7,10,7,7,6,12,20,8,17,7,9,4,4,,9,10,10,3,7,5,5,3,,3,6,13,7,5,6,4,3,5,4,7,7,11,9,10,6,5,10,,2,6,6,8,6,9,11,11,16,14,13,,9,,10,,11,9,5,2,7,2,8,2,12,15,8,16,8,11,7,10,6,9,4,9,3,7,7,6,,,,4,,
20260622,17,O3,181,192,158,136,145,166,192,140,153,197,202,174,170,163,151,155,132,121,107,86,100,85,102,110,116,106,92,100,111,105,90,102,100,78,101,105,122,62,59,109,64,80,82,65,88,141,113,57,196,101,139,67,60,116,80,58,92,75,67,124,122,86,78,109,59,109,98,70,119,133,146,131,147,116,54,82,152,128,169,116,163,180,125,125,212,201,135,184,137,109,171,179,168,122,104,136,104,84,91,73,78,70,124,64,120,85,75,73,60,144,146,145,138,147,95,133,155,131,182,110,102,80,118,103,107,75,134,156,134,134,93,115,60,71,69,77,73,61,98,81,82,91,71,93,60,78,89,58,62,87,140,113,106,105,129,160,166,152,125,115,,,,,,,,,,,,,,,,,,,,,,,,,,,,,,70,110,77,136,141,162,115,161,126,133,164,82,134,143,,91,127,137,127,140,133,129,116,121,118,143,134,97,73,74,48,77,76,60,77,113,63,101,98,104,84,94,63,109,84,104,81,112,82,86,137,70,84,74,157,61,67,65,76,82,54,62,65,101,142,146,162,91,100,95,102,73,62,93,83,64,83,72,65,74,71,77,75,75,68,74,74,51,46,52,85,86,91,67,86,82,85,48,83,92,92,68,64,105,119,52,53,89,63,84,70,,59,104,57,69,41,72,60,47,,44,60,62,90,49,56,55,42,49,44,63,48,61,88,103,124,128,119,,171,81,88,145,78,103,137,90,148,165,94,,99,,105,,131,142,144,141,124,78,135,127,146,151,120,125,137,103,127,112,117,135,104,123,106,137,111,109,,,,87,,
20260622,17,O3_24h,181,192,158,136,145,166,192,140,153,197,202,174,170,163,151,155,132,121,107,86,100,85,102,110,116,106,92,100,111,105,90,102,100,78,101,105,122,62,59,109,64,80,82,65,88,141,113,57,196,101,139,67,60,116,80,58,92,75,67,124,122,86,78,109,59,109,98,70,119,133,146,131,147,116,54,82,152,128,169,116,163,180,125,125,212,201,135,184,137,109,171,179,168,122,104,136,104,84,91,73,78,70,124,64,120,85,75,73,60,144,146,145,138,147,95,133,155,131,182,110,102,80,118,103,107,75,134,156,134,134,93,115,60,71,69,77,73,61,98,81,82,91,71,93,60,78,89,58,62,87,140,113,106,105,129,160,166,152,125,115,,,,,,,,,,,,,,,,,,,,,,,,,,,,,,70,110,77,136,141,162,115,161,126,133,164,82,134,143,,91,127,137,127,140,133,129,116,121,118,143,134,97,73,74,48,77,76,60,77,113,63,101,98,104,84,94,63,109,84,104,81,112,82,86,137,70,84,74,157,61,67,65,76,82,54,62,65,101,142,146,162,91,100,95,102,73,62,93,83,64,83,72,65,74,71,77,75,75,68,74,74,51,46,52,85,86,91,67,86,82,85,48,83,92,92,68,64,105,119,52,53,89,63,84,70,,59,104,57,69,41,72,60,47,,44,60,62,90,49,56,55,42,49,44,63,48,61,88,103,124,128,119,,171,81,88,145,78,103,137,90,148,165,94,,99,,105,,131,142,144,141,124,78,135,127,146,151,120,125,137,103,127,112,117,135,104,123,106,137,111,109,,,,87,,
20260622,17,O3_8h,158,179,138,142,160,150,169,141,127,170,176,152,155,144,153,138,127,95,91,72,95,47,106,107,105,110,67,80,108,111,96,112,100,72,99,102,101,55,69,101,80,82,90,75,91,127,124,82,158,95,122,77,76,94,71,57,78,66,63,107,96,76,71,97,50,93,71,66,107,111,133,114,130,101,74,72,145,126,150,102,155,162,143,118,174,173,127,159,114,106,139,143,152,115,104,125,91,87,90,73,75,64,90,62,91,102,76,67,59,120,146,133,130,134,126,127,130,119,169,98,88,82,106,65,85,63,114,144,121,125,93,111,58,79,75,87,77,60,83,80,74,79,65,84,55,72,76,56,54,71,120,105,96,99,115,151,159,137,114,106,,,,,,,,,,,,,,,,,,,,,,,,,,,,,,94,91,99,128,130,143,113,150,121,123,141,73,108,142,,80,126,163,120,132,128,117,119,115,118,107,116,90,65,62,54,75,60,51,78,94,100,101,97,99,67,69,47,101,97,94,102,102,68,52,126,83,88,75,128,65,65,82,80,82,82,80,72,93,134,130,142,89,90,98,99,88,66,99,91,68,85,84,69,74,95,78,69,63,82,72,68,56,49,49,74,67,79,67,75,78,71,41,76,71,86,68,58,95,99,44,46,78,61,79,53,,63,90,50,57,38,58,54,54,,43,58,66,80,47,51,61,46,49,42,70,46,48,83,81,107,111,115,,174,78,81,122,66,95,119,80,129,145,80,,78,,91,,107,126,133,126,120,82,126,125,129,122,97,104,128,98,110,83,95,102,100,107,93,123,100,92,,,,74,,
20260622,17,O3_8h_24h,158,179,138,142,160,150,169,141,127,170,176,152,155,144,153,138,127,95,91,72,95,45,106,106,105,110,67,80,108,111,95,111,100,72,99,102,101,51,69,101,80,109,90,75,90,127,124,82,158,95,122,74,75,94,71,57,78,66,63,107,96,76,71,97,50,93,71,66,107,111,133,114,130,100,74,72,145,126,150,102,155,162,143,118,174,173,127,159,114,106,139,143,152,115,104,125,91,87,90,73,75,64,90,62,91,102,76,67,59,120,146,133,130,134,122,127,130,119,169,98,88,82,106,61,85,63,114,144,121,125,89,111,56,73,69,74,71,60,83,80,74,79,65,84,55,72,76,56,54,71,120,105,96,99,115,151,159,137,113,106,,,,,,,,,,,,,,,,,,,,,,,,,,,,,,74,91,99,128,130,143,113,150,121,123,141,73,108,142,,80,126,162,120,132,128,117,119,115,118,107,116,90,65,61,54,75,60,51,78,94,,92,86,99,67,69,47,101,79,94,91,102,68,52,126,83,88,75,128,65,65,81,80,82,79,80,72,93,134,130,142,89,90,94,99,75,66,98,83,68,80,80,69,74,75,78,69,63,70,72,68,56,49,49,74,66,79,67,75,78,71,41,76,71,84,68,58,95,99,44,46,78,60,79,53,,63,90,50,57,38,58,54,53,,43,58,66,80,47,51,61,46,49,42,70,46,48,83,81,107,111,115,,174,78,75,122,66,95,119,80,129,145,80,,78,,91,,107,126,133,126,120,82,126,125,129,122,97,104,128,88,110,83,95,102,100,107,93,117,100,92,,,,74,,
20260622,17,CO,0.39,0.40,0.24,0.47,0.30,0.30,0.29,0.33,0.40,0.30,0.33,0.33,0.27,0.42,0.46,0.51,0.49,0.25,0.36,0.40,0.40,0.53,0.52,0.36,0.32,0.56,0.58,0.67,0.40,0.52,0.76,0.42,0.50,0.85,0.53,0.50,0.69,0.47,0.60,0.50,0.55,0.50,0.30,0.40,0.51,0.47,0.35,0.62,0.33,0.40,0.41,0.50,0.60,0.44,0.53,0.57,0.47,0.30,0.43,0.40,0.47,0.40,0.57,0.38,0.51,0.41,0.47,0.42,0.25,0.60,0.60,0.20,0.22,0.25,0.36,0.72,0.54,0.38,0.70,0.50,0.40,0.63,0.45,0.20,0.46,0.40,0.16,0.32,0.42,0.28,0.42,0.47,0.35,0.42,0.23,0.32,0.53,0.55,0.37,0.70,0.50,0.50,0.75,0.43,0.40,0.30,0.37,0.55,0.23,0.30,0.37,0.55,0.55,0.60,0.60,0.62,0.55,0.60,0.62,0.30,0.32,0.27,0.27,0.52,0.53,0.70,0.46,0.30,0.52,0.30,0.70,0.43,0.43,0.47,0.63,0.78,0.70,0.43,0.47,0.56,0.35,0.57,0.55,0.45,0.43,0.33,0.50,0.30,0.55,0.38,0.40,0.55,0.40,0.54,0.50,0.20,0.33,0.34,0.26,0.20,,,,,,,,,,,,,,,,,,,,,,,,,,,,,,0.50,0.40,0.35,0.47,0.20,0.40,0.55,0.47,0.30,0.27,0.40,0.30,0.45,0.38,,0.15,0.25,0.38,0.47,0.25,0.60,0.30,0.30,0.35,0.35,0.35,0.15,0.20,0.20,0.13,0.20,0.42,0.20,0.30,0.25,0.20,0.60,0.35,0.24,0.30,0.68,0.45,0.45,0.35,0.47,0.20,0.27,0.23,0.42,0.33,0.40,0.93,0.20,0.30,1.05,0.47,0.27,1.05,0.35,0.34,0.30,0.55,0.57,0.50,0.43,0.33,0.30,0.47,0.50,0.47,0.50,0.27,0.40,0.73,0.70,0.63,0.57,0.60,0.60,0.80,0.55,0.55,0.64,0.50,0.80,0.55,0.60,0.45,0.45,0.35,0.30,0.60,0.60,0.50,0.33,0.30,0.43,0.80,0.35,0.50,0.53,0.45,0.43,0.55,0.45,0.42,0.28,0.55,0.65,0.30,0.30,,0.20,0.25,0.80,0.47,0.40,0.45,0.30,0.50,,0.45,0.40,0.50,0.55,0.65,0.30,0.40,0.10,0.15,0.40,0.40,0.30,0.55,0.50,0.50,0.20,0.40,0.30,,0.35,0.45,0.43,0.17,0.60,0.80,0.20,0.30,0.20,0.30,0.55,,0.50,,0.35,,0.20,0.40,0.40,0.20,0.30,0.30,0.20,0.30,0.20,0.25,0.20,0.40,0.15,0.20,0.30,0.55,0.20,0.40,0.25,0.35,0.60,0.10,0.30,0.20,,,,0.40,,
20260622,17,CO_24h,0.36,0.51,0.44,0.61,0.70,0.38,0.46,0.23,0.30,0.40,0.43,0.38,0.50,0.63,0.48,0.68,0.47,0.29,0.47,0.40,0.67,0.59,0.48,0.44,0.40,0.66,0.67,0.70,0.60,0.55,0.72,0.46,0.50,0.83,0.49,0.40,0.69,0.65,0.63,0.43,0.65,0.67,0.40,0.45,0.64,0.45,0.40,0.63,0.32,0.47,0.41,0.66,0.53,0.45,0.50,0.57,0.43,0.30,0.43,0.43,0.50,0.40,0.56,0.38,0.50,0.49,0.47,0.43,0.27,0.69,0.73,0.50,0.40,0.28,0.42,0.55,0.44,0.46,0.56,0.57,0.33,0.57,0.57,0.54,0.58,0.40,0.40,0.43,0.50,0.35,0.37,0.38,0.45,0.60,0.23,0.38,0.57,0.55,0.43,0.63,0.55,0.45,0.75,0.40,0.40,0.40,0.40,0.55,0.33,0.20,0.44,0.73,0.95,0.66,0.44,0.86,0.53,0.76,0.66,0.36,0.40,0.30,0.36,0.57,0.67,0.70,0.43,0.40,0.50,0.40,0.50,0.40,0.38,0.40,0.63,0.82,0.70,0.47,0.50,0.66,0.35,0.47,0.55,0.55,0.50,0.37,0.57,0.25,0.55,0.43,0.47,0.55,0.45,0.66,0.65,0.40,0.43,0.46,0.30,0.20,,,,,,,,,,,,,,,,,,,,,,,,,,,,,,0.50,0.40,0.50,0.60,0.20,0.50,0.83,0.67,0.50,0.63,0.33,0.30,0.60,0.50,,0.20,0.40,0.47,0.53,0.40,0.63,0.17,0.40,0.65,0.35,0.30,0.15,0.27,0.23,0.17,0.20,0.40,0.25,0.33,0.30,0.25,0.25,0.38,0.32,0.25,0.57,0.65,0.45,0.40,0.48,0.23,0.38,0.23,0.55,0.33,0.40,0.77,0.30,0.30,0.80,0.57,0.50,0.70,0.60,0.32,0.25,0.65,0.57,0.55,0.42,0.43,0.35,0.43,0.38,0.45,0.43,0.27,0.47,0.67,0.68,0.83,0.60,0.60,0.67,0.60,0.60,0.55,0.95,0.45,0.90,0.55,0.60,0.45,0.40,0.30,0.20,0.60,0.60,0.57,0.37,0.45,0.43,0.80,0.30,0.50,0.53,0.45,0.43,0.65,0.60,0.45,0.35,0.50,0.60,0.30,0.30,,0.20,0.45,0.47,0.43,0.40,0.50,0.30,0.45,,0.55,0.40,0.40,0.55,0.70,0.45,0.50,0.10,0.15,0.50,0.40,0.45,0.55,0.50,0.50,0.20,0.45,0.40,,0.30,0.45,0.47,0.30,0.50,0.80,0.40,0.35,0.30,0.30,0.55,,0.45,,0.45,,0.25,0.50,0.40,0.10,0.40,0.30,0.20,0.30,0.33,0.35,0.30,0.55,0.10,0.20,0.35,0.65,0.15,0.40,0.25,0.45,0.40,0.20,0.30,0.20,,,,0.45,,
20260622,18,AQI,74,75,51,33,42,58,76,37,58,94,85,73,60,56,44,48,41,36,33,24,30,27,31,34,35,31,27,29,33,33,28,32,29,39,43,41,55,19,14,41,27,25,23,19,29,47,36,20,93,29,43,21,23,34,25,18,27,32,26,33,35,27,29,30,18,33,29,22,40,41,44,41,46,36,23,39,48,41,49,34,47,66,33,36,106,99,41,81,39,32,68,64,64,37,36,42,34,30,29,31,25,19,38,19,41,29,23,32,19,40,46,46,44,42,27,46,45,40,73,34,32,24,37,33,33,22,43,46,43,42,35,36,18,21,22,23,23,29,44,25,27,28,23,27,18,24,27,19,18,27,44,37,33,31,40,49,50,47,40,86,,,,,,,,,,,,,,,,,,,,,,,,,,,,,,27,33,29,44,45,56,36,56,38,42,55,27,46,51,,28,39,54,40,40,41,43,35,37,33,44,41,30,22,24,18,28,24,18,30,36,21,37,31,33,26,31,19,33,26,33,27,35,24,28,43,26,26,23,48,23,20,28,64,24,27,23,29,27,44,46,48,33,36,29,34,38,22,29,30,19,26,22,20,22,21,23,23,28,23,22,23,21,23,15,31,27,29,21,26,28,28,33,27,27,28,21,20,32,35,16,14,29,19,27,22,,18,29,23,22,23,21,20,23,,14,18,23,27,28,16,18,13,15,22,18,24,20,29,31,40,38,38,,59,22,26,46,22,28,41,27,44,53,29,,32,,29,,42,45,48,45,38,24,40,39,46,47,37,41,41,33,40,60,39,45,53,40,51,44,36,34,,,,28,,
20260622,18,PM2.5,11,10,13,12,8,10,6,13,31,15,17,12,12,18,26,7,10,5,7,5,3,3,3,4,17,3,3,3,3,3,9,4,19,27,24,25,39,3,3,24,18,8,9,8,3,33,13,10,7,4,22,8,15,15,10,10,14,18,11,9,15,17,11,8,5,4,12,5,4,10,17,12,9,5,16,25,15,8,12,9,10,24,14,3,8,4,3,7,4,3,9,27,9,3,5,3,20,13,16,19,10,3,24,11,19,20,9,7,3,10,12,25,6,19,15,13,4,6,20,6,6,12,10,3,3,9,12,12,30,25,22,4,3,10,3,7,4,15,14,8,12,3,8,4,3,3,3,3,5,3,12,16,3,4,8,11,19,8,5,43,,,,,,,,,,,,,,,,,,,,,,,,,,,,,,15,17,13,27,22,27,8,22,5,14,21,15,10,12,,3,5,3,3,3,22,9,3,3,3,13,15,3,9,14,11,13,16,8,16,7,7,17,16,22,6,3,5,6,16,18,9,10,3,15,18,11,7,11,29,16,13,10,23,12,10,15,11,11,18,15,16,23,25,12,22,19,6,9,21,3,14,3,3,11,5,5,13,18,13,10,16,5,16,9,17,12,17,8,18,12,13,12,13,11,3,2,3,4,3,5,3,5,3,3,7,,3,9,14,15,5,8,3,16,,3,7,11,5,13,9,3,3,7,10,8,7,7,3,5,13,3,3,,7,9,3,6,3,5,25,10,17,16,7,,8,,9,,7,13,19,9,3,3,3,3,14,17,7,26,8,3,3,43,12,13,13,12,12,3,3,3,,,,6,,
20260622,18,PM2.5_24h,17,21,16,25,17,9,23,12,10,30,24,13,12,28,18,8,9,9,9,9,15,10,5,10,14,8,6,5,11,8,12,15,18,30,15,24,26,30,23,20,14,20,19,12,7,25,18,15,12,16,20,10,16,11,6,6,10,9,9,8,10,11,12,12,8,9,9,5,6,13,16,15,13,9,13,14,16,13,10,20,9,18,25,24,19,14,12,16,20,7,11,15,11,18,8,6,15,12,13,9,14,6,16,8,13,19,11,9,4,17,16,20,23,19,10,9,7,9,18,10,9,9,8,10,10,16,11,13,21,17,18,10,7,14,3,7,4,10,12,13,9,7,9,7,6,4,3,2,8,6,13,9,12,12,9,19,18,15,7,17,,,,,,,,,,,,,,,,,,,,,,,,,,,,,,15,15,17,14,12,23,6,25,16,16,11,11,15,15,,5,9,8,6,3,13,7,3,9,6,9,11,8,16,15,15,13,20,12,16,7,8,13,10,15,4,7,8,14,19,16,7,12,4,13,26,14,12,12,27,14,12,13,19,12,11,14,10,17,16,15,11,18,18,15,15,16,7,15,20,5,15,3,7,6,10,6,11,15,8,12,13,11,13,5,14,11,13,15,16,13,15,7,11,12,2,,3,4,5,8,2,6,2,3,7,,3,11,12,11,4,8,7,12,,7,13,10,5,9,10,6,5,6,8,6,10,13,7,4,3,3,11,,5,4,9,14,5,7,18,6,16,18,10,,12,,8,,9,15,15,9,8,5,2,6,11,12,7,22,11,8,5,34,24,14,6,10,10,4,7,11,,,,9,,
20260622,18,PM10,35,29,32,33,34,11,28,24,60,41,33,31,26,26,44,31,21,17,20,8,7,6,6,10,26,6,8,8,6,6,13,10,,37,43,41,54,8,7,41,27,18,21,19,7,47,27,20,38,12,26,12,23,27,25,18,22,32,26,23,28,20,29,17,17,18,29,11,8,22,29,20,32,25,20,39,46,27,35,22,21,32,26,8,31,33,18,31,18,18,39,43,35,12,20,26,34,30,25,31,20,14,35,19,28,,23,32,11,22,46,32,24,36,25,39,28,21,62,16,19,22,23,13,10,22,17,20,36,32,35,17,10,14,11,9,6,29,44,18,17,7,12,19,8,12,11,10,17,12,22,25,11,16,26,39,34,28,37,122,,,,,,,,,,,,,,,,,,,,,,,,,,,,,,27,,23,43,45,33,16,31,20,33,41,27,46,51,,12,17,57,26,25,37,19,16,14,21,24,19,15,13,24,18,28,16,11,30,12,17,37,25,30,16,7,14,11,25,24,9,23,6,8,43,26,19,17,47,23,20,28,77,24,27,23,29,25,21,26,21,28,33,24,34,38,22,17,29,7,13,9,6,11,21,14,23,28,23,19,23,21,20,,31,26,27,17,22,28,24,33,23,,14,6,11,14,17,8,10,11,7,11,22,,7,15,23,22,23,11,13,19,,9,6,23,10,28,,,7,9,22,11,24,20,18,10,18,12,17,,13,11,16,23,6,15,35,21,39,31,26,,21,,22,,17,,25,12,15,17,6,22,39,32,23,41,7,18,21,70,33,32,55,22,52,38,13,22,,,,18,,
20260622,18,PM10_24h,50,50,36,56,56,14,45,31,28,58,45,36,26,45,41,25,20,19,20,10,13,12,8,15,23,14,11,11,12,10,16,20,20,38,24,36,35,34,23,30,21,36,30,22,9,37,33,18,40,20,23,16,24,21,17,12,17,16,20,18,20,19,26,19,18,14,23,12,10,17,31,22,39,27,23,23,34,31,25,26,23,38,39,29,40,32,29,43,34,27,32,36,31,23,18,18,27,22,24,21,22,15,24,16,28,35,23,24,10,27,42,24,41,44,21,22,26,24,49,18,20,17,22,14,15,18,16,19,24,27,26,15,13,17,13,9,6,24,31,24,20,15,12,20,16,15,13,8,16,12,18,14,20,15,21,59,41,41,27,57,,,,,,,,,,,,,,,,,,,,,,,,,,,,,,22,15,30,25,35,31,12,38,42,52,33,21,46,38,,15,28,32,28,23,31,17,16,24,26,15,21,13,19,25,18,19,24,16,25,13,9,17,10,21,12,11,15,11,25,24,6,12,7,13,39,22,20,20,39,23,22,33,33,23,29,28,28,31,21,29,21,19,19,26,19,30,24,17,28,15,17,9,11,11,18,12,24,20,16,16,21,24,25,9,32,30,29,26,22,29,26,22,23,30,13,3,12,13,22,11,12,10,6,11,22,,7,16,19,14,20,14,14,14,,12,12,19,10,24,13,8,6,9,25,10,20,22,14,11,10,12,22,,16,7,12,22,13,13,25,17,43,42,31,,20,,27,,17,25,20,15,19,18,5,15,33,29,12,53,28,25,29,62,48,35,30,25,41,29,31,38,,,,21,,
20260622,18,SO2,4,8,2,8,8,3,4,3,5,3,7,4,3,8,9,9,8,6,5,6,5,5,4,5,8,6,5,7,5,9,7,7,5,6,5,5,6,5,4,5,6,2,4,5,7,5,3,7,9,6,4,4,4,6,6,6,5,5,5,3,5,8,4,5,8,5,22,4,6,5,9,7,5,5,5,6,8,6,10,7,8,12,3,8,12,10,9,10,8,5,5,8,7,7,5,11,10,6,7,5,7,6,5,5,5,6,3,12,3,5,9,12,7,10,60,12,11,9,13,5,4,6,6,5,6,3,8,3,9,8,5,7,7,6,4,7,8,6,3,5,2,8,9,6,3,8,4,6,3,3,5,6,3,6,6,6,6,10,6,5,,,,,,,,,,,,,,,,,,,,,,,,,,,,,,5,2,5,4,5,12,5,6,3,8,10,4,11,5,,7,9,5,8,10,7,10,7,10,10,1,4,7,8,5,10,7,4,9,6,10,3,5,7,4,10,4,4,8,5,5,5,4,4,6,6,10,4,4,7,5,10,6,5,3,7,4,4,6,7,9,8,4,5,5,5,4,4,9,7,4,7,4,5,7,3,5,6,2,5,5,4,5,7,3,7,5,4,5,3,9,11,,6,3,6,8,10,4,7,6,5,7,7,4,3,,6,10,7,7,3,6,4,3,,6,5,13,11,6,6,2,3,2,8,5,9,5,9,7,5,7,4,,7,4,5,5,5,8,8,8,10,6,9,,4,,8,,5,8,9,9,12,12,7,18,7,7,7,7,7,9,5,4,7,3,4,7,4,7,6,6,,,,3,,
20260622,18,SO2_24h,4,8,3,7,13,4,6,3,5,3,9,5,6,10,10,9,8,6,6,6,5,6,4,6,8,6,5,6,4,9,7,7,6,6,5,5,6,6,5,5,6,2,4,5,7,5,3,8,7,6,4,4,5,6,5,6,6,6,6,3,5,8,4,4,8,5,11,5,6,5,9,11,7,5,6,6,11,7,10,5,8,16,4,11,12,11,10,12,10,6,5,7,9,8,4,9,10,6,7,4,8,6,6,5,5,12,4,9,5,7,10,10,6,15,15,9,11,8,12,6,4,6,6,5,6,3,8,3,8,9,5,8,7,6,5,7,8,5,3,5,2,10,9,12,3,9,4,6,3,3,5,5,2,6,6,13,11,11,6,5,,,,,,,,,,,,,,,,,,,,,,,,,,,,,,5,2,6,4,5,10,6,10,6,22,9,5,12,10,,6,11,11,9,9,7,5,7,10,10,1,4,7,10,5,8,6,4,8,6,10,6,5,6,4,8,5,4,8,5,4,5,4,4,6,4,8,4,5,6,5,10,8,18,4,7,4,5,9,6,8,5,3,5,5,4,4,4,8,7,6,7,4,6,7,3,5,7,4,5,5,5,6,7,3,7,5,4,7,5,12,11,5,10,5,6,8,9,4,8,6,6,7,7,3,3,,6,8,5,6,3,6,4,3,,5,5,10,9,5,6,2,3,3,8,5,7,5,9,7,5,7,5,,5,4,5,9,5,7,15,9,10,7,9,,4,,8,,4,9,9,10,10,13,6,20,7,7,7,7,6,8,5,4,6,3,4,6,4,7,6,7,,,,4,,
20260622,18,NO2,11,14,3,9,7,6,7,13,13,8,12,7,3,8,20,16,14,15,13,19,10,18,6,10,9,4,13,16,8,3,7,4,13,27,30,9,24,23,27,8,30,12,9,9,9,10,9,11,16,10,9,9,8,13,12,3,8,4,7,9,9,6,6,7,11,6,8,7,7,8,11,9,6,8,7,10,11,9,15,12,13,9,8,5,14,8,8,13,10,17,12,7,10,13,21,14,9,8,7,13,5,4,8,3,10,8,5,6,3,8,13,7,8,8,34,20,16,10,15,10,8,5,7,10,6,19,6,4,11,6,12,7,13,11,11,6,10,7,4,5,5,5,12,6,9,4,7,7,6,5,6,11,5,5,5,6,6,10,2,4,,,,,,,,,,,,,,,,,,,,,,,,,,,,,,8,5,5,8,8,3,3,8,8,5,16,6,9,6,,5,3,12,11,13,16,17,8,7,4,5,8,8,6,11,13,6,6,7,9,12,5,9,9,7,18,4,5,6,13,2,7,5,12,6,12,11,5,2,13,6,4,11,5,7,11,6,4,4,6,5,10,6,12,5,8,10,3,11,15,8,9,7,4,11,7,3,3,3,12,6,4,5,6,8,6,4,5,2,8,5,8,,4,4,8,8,5,8,10,9,16,10,9,3,4,,7,9,13,8,6,4,4,9,,3,3,16,6,8,4,4,3,5,5,8,9,8,9,6,2,4,6,,3,9,5,5,8,11,8,8,7,9,6,,7,,5,,4,4,2,1,2,2,3,1,9,8,7,4,4,9,3,4,3,7,2,4,2,8,3,3,,,,3,,
20260622,18,NO2_24h,21,26,10,24,26,7,17,10,14,19,28,18,7,16,18,26,16,25,24,16,10,19,6,11,10,5,17,14,10,3,7,4,10,19,12,9,16,18,15,8,14,19,14,9,9,10,16,10,26,13,9,9,6,12,10,3,9,4,8,9,10,8,11,7,10,10,7,7,8,7,18,13,12,9,9,9,16,12,18,9,13,26,15,12,32,12,19,26,16,23,18,14,19,16,17,15,12,8,10,6,9,5,11,3,13,13,6,5,5,12,14,7,14,22,16,15,22,19,28,15,11,7,9,10,7,20,7,7,11,9,9,7,10,6,9,4,8,6,5,9,8,9,11,11,10,7,10,7,6,6,6,9,12,7,5,18,13,17,3,11,,,,,,,,,,,,,,,,,,,,,,,,,,,,,,6,6,11,7,11,10,5,14,18,19,15,9,13,11,,7,5,21,15,20,15,20,23,14,10,8,14,12,8,9,9,7,11,10,6,10,3,8,8,7,10,9,5,4,10,2,6,6,10,7,12,11,11,6,11,7,9,14,9,6,9,8,6,9,8,10,11,6,10,5,7,8,6,6,11,9,8,4,6,7,5,3,9,5,6,5,5,7,7,8,18,6,9,8,9,10,12,4,7,10,7,7,6,11,20,8,16,7,9,4,4,,8,11,10,3,7,5,5,3,,3,6,14,7,6,6,4,3,6,4,7,7,11,9,10,5,5,10,,2,6,6,8,6,9,11,11,16,14,13,,9,,10,,10,9,5,2,7,2,8,2,12,14,8,16,8,11,7,10,6,9,4,9,3,7,7,6,,,,4,,
20260622,18,O3,179,180,161,107,133,166,181,119,166,195,188,178,168,165,120,154,130,114,104,78,96,87,100,108,111,100,87,92,105,104,88,102,92,63,93,103,113,60,42,106,70,80,73,55,92,133,114,48,194,93,137,67,60,110,69,58,87,70,66,107,113,87,76,95,59,106,84,69,128,132,140,131,146,116,49,66,154,131,157,109,150,173,104,115,212,199,130,185,125,103,174,171,171,117,115,135,105,81,92,78,79,61,121,61,130,86,71,72,60,129,136,146,140,133,87,146,145,128,178,108,101,78,119,105,106,69,137,148,132,133,91,115,58,67,70,74,72,56,97,81,85,89,74,85,57,76,86,60,58,85,142,117,106,100,127,158,160,151,127,113,,,,,,,,,,,,,,,,,,,,,,,,,,,,,,69,107,94,140,142,165,115,165,123,134,164,80,133,148,,90,125,123,129,128,130,136,112,117,106,142,131,95,70,74,43,75,76,57,78,116,68,99,98,104,83,99,60,106,82,107,86,112,76,89,129,65,84,75,153,53,65,62,66,78,59,59,63,87,140,148,153,95,100,94,107,80,63,93,83,62,84,70,64,69,67,73,73,72,64,71,73,44,47,48,86,86,92,68,76,86,91,46,86,85,91,67,65,101,113,52,46,92,62,85,54,,57,92,59,61,46,68,63,40,,44,59,54,86,55,52,57,41,49,41,59,42,59,92,98,128,120,121,,167,71,84,146,69,91,132,86,141,162,94,,103,,94,,134,143,152,144,122,77,128,125,148,150,117,120,131,105,128,113,126,143,101,127,107,141,115,110,,,,89,,
20260622,18,O3_24h,179,180,161,107,133,166,181,119,166,195,188,178,168,165,120,154,130,114,104,78,96,87,100,108,111,100,87,92,105,104,88,102,92,63,93,103,113,60,42,106,70,80,73,55,92,133,114,48,194,93,137,67,60,110,69,58,87,70,66,107,113,87,76,95,59,106,84,69,128,132,140,131,146,116,49,66,154,131,157,109,150,173,104,115,212,199,130,185,125,103,174,171,171,117,115,135,105,81,92,78,79,61,121,61,130,86,71,72,60,129,136,146,140,133,87,146,145,128,178,108,101,78,119,105,106,69,137,148,132,133,91,115,58,67,70,74,72,56,97,81,85,89,74,85,57,76,86,60,58,85,142,117,106,100,127,158,160,151,127,113,,,,,,,,,,,,,,,,,,,,,,,,,,,,,,69,107,94,140,142,165,115,165,123,134,164,80,133,148,,90,125,123,129,128,130,136,112,117,106,142,131,95,70,74,43,75,76,57,78,116,68,99,98,104,83,99,60,106,82,107,86,112,76,89,129,65,84,75,153,53,65,62,66,78,59,59,63,87,140,148,153,95,100,94,107,80,63,93,83,62,84,70,64,69,67,73,73,72,64,71,73,44,47,48,86,86,92,68,76,86,91,46,86,85,91,67,65,101,113,52,46,92,62,85,54,,57,92,59,61,46,68,63,40,,44,59,54,86,55,52,57,41,49,41,59,42,59,92,98,128,120,121,,167,71,84,146,69,91,132,86,141,162,94,,103,,94,,134,143,152,144,122,77,128,125,148,150,117,120,131,105,128,113,126,143,101,127,107,141,115,110,,,,89,,
20260622,18,O3_8h,167,184,147,144,160,156,177,141,137,178,182,160,159,154,155,144,131,104,95,74,96,52,107,108,107,110,72,84,110,112,96,112,100,73,102,107,108,56,69,103,81,82,90,75,91,132,128,82,170,96,128,77,76,102,75,59,84,68,65,114,103,80,75,102,53,100,78,69,112,117,140,124,138,105,75,74,151,129,155,106,160,170,145,121,184,183,131,167,119,109,149,156,161,118,107,130,97,89,95,77,77,65,98,63,102,103,77,69,60,126,148,140,134,140,126,132,135,125,174,104,92,84,109,69,91,67,121,148,126,131,95,113,58,79,75,87,77,62,87,81,74,85,71,87,56,74,82,57,56,75,125,107,98,101,119,155,163,146,117,112,,,,,,,,,,,,,,,,,,,,,,,,,,,,,,94,96,101,132,134,151,113,158,126,132,147,76,115,145,,83,127,163,124,134,131,122,119,120,119,114,121,94,67,65,54,76,65,53,80,99,,101,97,101,72,76,52,102,97,98,102,104,73,59,133,83,89,75,139,68,67,82,80,82,82,80,72,94,137,137,148,92,92,98,101,88,66,99,91,68,85,84,69,74,95,78,71,66,82,72,71,58,50,51,79,71,85,69,79,81,76,43,79,79,87,70,61,100,106,46,47,82,63,82,57,,64,94,54,60,41,60,57,54,,44,58,66,82,50,53,61,46,50,43,70,48,53,87,89,114,116,118,,176,80,81,130,68,97,124,84,137,155,85,,83,,95,,114,136,141,133,123,83,131,126,138,133,104,111,130,98,118,90,104,111,102,113,98,123,103,96,,,,77,,
20260622,18,O3_8h_24h,167,184,147,143,159,156,177,141,137,178,182,160,159,154,155,144,131,104,95,74,96,51,106,107,107,110,72,84,110,112,94,108,100,72,100,107,108,54,67,103,81,107,89,71,91,132,128,80,170,96,128,73,75,102,75,59,84,68,65,114,103,80,75,102,53,100,78,69,112,117,140,124,138,104,74,74,151,129,155,106,160,170,145,120,184,183,131,167,119,109,149,156,161,118,107,130,97,89,95,77,77,65,98,63,102,103,77,69,60,126,148,140,134,140,117,132,135,125,174,104,92,84,109,69,91,67,121,148,126,131,91,113,56,72,69,75,71,62,87,81,74,85,71,87,56,74,82,57,56,75,125,107,98,101,119,155,163,146,117,112,,,,,,,,,,,,,,,,,,,,,,,,,,,,,,73,96,101,132,134,151,113,158,126,132,147,76,115,145,,83,127,160,124,134,131,122,118,120,119,114,121,94,67,65,54,75,65,53,80,99,,94,88,101,72,76,52,102,79,98,89,104,73,59,133,81,89,75,139,68,67,79,79,82,76,79,72,94,137,137,148,92,92,94,101,76,66,98,84,68,81,78,69,73,73,78,71,66,69,72,71,57,50,51,79,71,85,69,79,81,76,43,79,79,86,70,61,100,106,46,47,82,63,82,57,,64,94,54,60,41,60,57,52,,44,58,66,82,50,53,61,46,50,43,70,48,53,87,89,114,116,118,,176,80,77,130,68,97,124,84,137,155,85,,83,,95,,114,136,141,133,123,83,131,126,138,133,104,111,130,92,118,90,104,111,102,113,98,123,103,96,,,,77,,
20260622,18,CO,0.36,0.44,0.24,0.38,0.25,0.28,0.25,0.37,0.45,0.30,0.28,0.33,0.30,0.43,0.46,0.64,0.50,0.30,0.33,0.41,0.41,0.51,0.53,0.35,0.32,0.54,0.62,0.67,0.40,0.52,0.76,0.38,0.47,0.83,0.56,0.50,0.66,0.50,0.58,0.50,0.60,0.53,0.30,0.40,0.53,0.47,0.35,0.63,0.36,0.41,0.41,0.52,0.60,0.46,0.55,0.57,0.47,0.30,0.43,0.40,0.50,0.43,0.55,0.35,0.51,0.43,0.47,0.41,0.23,0.60,0.60,0.20,0.20,0.27,0.36,0.67,0.41,0.38,0.58,0.50,0.40,0.60,0.50,0.20,0.44,0.40,0.16,0.28,0.38,0.25,0.37,0.45,0.33,0.42,0.27,0.33,0.53,0.55,0.40,0.70,0.50,0.45,0.75,0.43,0.40,0.50,0.43,0.55,0.23,0.20,0.40,0.57,0.60,0.60,0.72,1.06,0.58,0.60,0.63,0.30,0.32,0.27,0.28,0.50,0.53,0.70,0.47,0.33,0.53,0.33,0.63,0.45,0.40,0.47,0.65,0.78,0.70,0.47,0.47,0.57,0.40,0.60,0.57,0.40,0.50,0.33,0.53,0.30,0.52,0.38,0.40,0.55,0.40,0.58,0.50,0.20,0.30,0.34,0.30,0.20,,,,,,,,,,,,,,,,,,,,,,,,,,,,,,0.55,0.40,0.40,0.43,0.23,0.40,0.55,0.50,0.37,0.27,0.43,0.30,0.50,0.38,,0.20,0.30,0.38,0.53,0.30,0.63,0.33,0.30,0.35,0.30,0.40,0.15,0.23,0.20,0.10,0.67,0.55,0.20,0.27,0.25,0.20,0.40,0.38,0.26,0.30,0.68,0.48,0.45,0.30,0.48,0.20,0.35,0.30,0.42,0.40,0.40,1.13,0.25,0.30,0.90,0.53,0.25,0.85,0.35,0.34,0.30,0.53,0.57,0.55,0.40,0.35,0.30,0.47,0.50,0.45,0.50,0.27,0.33,0.77,0.72,0.57,0.60,0.60,0.57,0.80,0.65,0.55,0.70,0.45,0.90,0.55,0.60,0.50,0.50,0.40,0.30,0.60,0.63,0.50,0.30,0.35,0.43,0.90,0.35,0.50,0.53,0.45,0.43,0.60,0.50,0.45,0.35,0.60,0.60,0.30,0.30,,0.20,0.30,0.57,0.50,0.45,0.45,0.35,0.55,,0.50,0.40,0.50,0.50,0.60,0.30,0.40,0.10,0.10,0.50,0.40,0.60,0.55,0.50,0.45,0.20,0.40,0.30,,0.40,0.45,0.43,0.17,0.70,0.80,0.20,0.30,0.30,0.30,0.55,,0.50,,0.35,,0.20,0.40,0.40,0.20,0.30,0.30,0.20,0.30,0.23,0.25,0.25,0.40,0.15,0.20,0.30,0.60,0.20,0.40,0.25,0.30,0.50,0.10,0.30,0.20,,,,0.40,,
20260622,18,CO_24h,0.37,0.51,0.44,0.60,0.70,0.38,0.46,0.23,0.30,0.40,0.43,0.38,0.50,0.65,0.48,0.69,0.48,0.29,0.46,0.39,0.68,0.58,0.48,0.41,0.40,0.62,0.66,0.70,0.58,0.53,0.72,0.46,0.50,0.82,0.49,0.40,0.68,0.65,0.63,0.43,0.65,0.63,0.40,0.45,0.64,0.45,0.40,0.63,0.32,0.47,0.41,0.64,0.54,0.45,0.50,0.57,0.43,0.30,0.43,0.43,0.50,0.40,0.56,0.38,0.50,0.49,0.47,0.43,0.27,0.69,0.73,0.50,0.40,0.28,0.42,0.57,0.44,0.46,0.56,0.57,0.33,0.57,0.57,0.53,0.56,0.40,0.40,0.45,0.50,0.35,0.37,0.38,0.45,0.56,0.23,0.38,0.57,0.55,0.43,0.63,0.55,0.45,0.75,0.40,0.40,0.50,0.40,0.55,0.33,0.20,0.46,0.73,0.93,0.66,0.46,0.88,0.55,0.76,0.68,0.36,0.40,0.30,0.36,0.55,0.67,0.72,0.44,0.40,0.48,0.40,0.50,0.40,0.38,0.40,0.63,0.82,0.70,0.43,0.50,0.64,0.35,0.47,0.55,0.55,0.50,0.37,0.57,0.25,0.55,0.43,0.47,0.55,0.45,0.66,0.60,0.40,0.43,0.46,0.30,0.20,,,,,,,,,,,,,,,,,,,,,,,,,,,,,,0.50,0.40,0.50,0.60,0.20,0.50,0.83,0.67,0.50,0.63,0.33,0.30,0.60,0.50,,0.20,0.35,0.47,0.53,0.40,0.67,0.20,0.30,0.65,0.35,0.30,0.15,0.27,0.23,0.17,0.20,0.40,0.25,0.33,0.30,0.25,0.25,0.38,0.30,0.25,0.57,0.65,0.50,0.35,0.48,0.23,0.38,0.23,0.55,0.33,0.40,0.77,0.30,0.30,0.80,0.57,0.50,0.72,0.60,0.32,0.25,0.65,0.57,0.55,0.42,0.43,0.35,0.43,0.38,0.45,0.47,0.27,0.47,0.67,0.68,0.83,0.60,0.60,0.67,0.60,0.60,0.55,0.95,0.45,0.90,0.55,0.60,0.45,0.40,0.30,0.20,0.60,0.60,0.57,0.37,0.45,0.43,0.80,0.20,0.50,0.53,0.45,0.43,0.65,0.60,0.45,0.35,0.50,0.60,0.30,0.30,,0.20,0.45,0.47,0.43,0.40,0.50,0.30,0.45,,0.55,0.40,0.40,0.55,0.70,0.45,0.50,0.10,0.15,0.50,0.40,0.45,0.55,0.50,0.50,0.20,0.45,0.40,,0.30,0.45,0.47,0.30,0.50,0.80,0.40,0.35,0.30,0.30,0.55,,0.45,,0.45,,0.25,0.50,0.40,0.10,0.40,0.30,0.20,0.30,0.33,0.35,0.30,0.50,0.10,0.20,0.35,0.65,0.15,0.40,0.25,0.45,0.40,0.20,0.30,0.20,,,,0.40,,
20260622,19,AQI,61,49,54,35,38,50,70,36,57,85,65,69,51,50,46,45,38,32,28,22,29,27,31,33,33,31,26,28,33,33,28,31,29,13,47,35,63,18,18,45,29,24,23,23,29,44,33,20,83,27,43,21,19,30,26,19,26,26,27,28,32,26,32,29,17,30,28,21,38,41,43,40,44,37,16,39,47,40,48,28,45,49,32,34,102,89,38,79,36,28,51,55,61,35,35,41,37,34,34,34,24,22,36,20,38,55,29,27,18,39,50,44,51,41,28,39,38,32,63,31,30,31,35,32,33,24,43,44,49,40,39,35,20,21,21,23,21,30,39,24,28,26,22,26,18,23,27,17,18,27,44,38,33,29,39,48,47,45,39,73,,,,,,,,,,,,,,,,,,,,,,,,,,,,,,28,32,28,51,61,59,36,48,39,41,63,27,49,45,,27,39,33,40,44,43,37,32,32,26,44,36,27,20,23,26,29,26,16,34,30,20,29,30,35,28,31,19,33,27,32,26,35,25,27,42,23,28,22,46,25,19,28,29,27,25,24,30,26,43,44,45,30,31,27,33,40,23,29,30,18,26,21,18,21,20,22,25,29,20,22,28,16,15,14,41,33,36,20,24,33,27,38,27,28,28,19,19,29,32,15,13,24,18,25,20,,16,22,20,21,23,21,20,26,,17,18,36,26,29,19,16,13,15,28,19,22,21,29,30,37,38,38,,49,20,24,42,20,24,43,25,42,47,30,,31,,28,,39,43,48,46,36,23,38,39,43,43,33,37,40,35,38,60,40,45,50,39,35,43,36,36,,,,28,,
20260622,19,PM2.5,11,12,13,12,9,16,9,17,26,17,16,20,15,21,26,9,8,9,10,6,3,3,3,3,21,3,3,3,3,3,5,4,18,5,26,24,45,3,3,28,19,11,10,10,3,31,14,11,9,5,22,7,13,15,11,11,16,18,13,9,16,18,14,10,6,5,15,6,7,12,16,10,9,8,6,23,21,11,14,10,13,20,14,3,5,6,3,9,5,3,12,31,12,3,6,3,21,15,24,20,13,7,23,12,20,39,17,13,4,18,18,28,18,22,14,14,5,10,24,8,10,10,14,3,3,4,18,13,34,22,27,11,4,13,6,6,3,12,15,10,11,3,9,6,3,3,3,3,6,6,12,20,3,6,8,20,16,13,6,33,,,,,,,,,,,,,,,,,,,,,,,,,,,,,,19,11,16,36,23,25,9,18,8,14,17,14,19,16,,3,7,3,8,5,24,11,3,3,5,18,23,3,5,10,9,16,18,8,16,9,13,20,18,20,4,3,5,6,15,19,10,11,3,19,17,12,12,13,32,10,10,12,19,12,13,15,14,7,22,17,12,21,22,19,19,21,4,16,21,3,17,3,3,8,3,3,12,20,12,11,18,3,5,8,12,12,16,12,17,15,16,12,11,15,3,3,3,5,3,6,3,10,5,3,9,,5,14,14,15,5,6,5,18,,8,10,3,6,11,13,3,3,5,10,9,6,8,5,3,8,3,3,,6,7,4,6,3,3,24,11,16,16,8,,6,,10,,6,14,11,10,6,6,3,6,15,17,9,23,8,3,6,43,17,14,20,13,16,3,3,8,,,,9,,
20260622,19,PM2.5_24h,17,21,16,25,17,9,23,13,11,30,24,13,12,28,18,9,9,9,9,8,13,9,5,10,15,6,5,5,9,7,11,14,18,30,16,24,27,29,23,21,14,20,19,12,6,26,18,14,12,15,20,10,15,11,7,6,10,9,9,8,10,11,12,12,7,9,9,5,6,12,16,15,13,9,12,14,16,13,10,19,9,18,25,23,19,13,12,16,20,7,11,17,11,17,8,6,15,12,13,9,14,5,15,8,13,20,12,10,4,17,16,21,23,19,10,9,7,9,19,10,9,9,9,10,9,15,12,13,21,18,18,10,7,14,3,7,4,10,12,13,9,7,8,7,5,4,3,2,8,6,13,10,12,11,8,19,17,15,7,19,,,,,,,,,,,,,,,,,,,,,,,,,,,,,,15,13,17,15,13,24,6,25,15,16,12,11,16,15,,5,9,8,7,3,13,7,3,9,6,9,13,7,15,15,15,13,21,12,16,7,8,13,11,15,4,7,8,12,19,15,7,12,4,13,26,13,12,12,27,13,12,14,19,12,11,14,10,17,16,15,11,18,18,15,16,16,7,15,20,5,15,3,7,6,9,6,11,15,8,12,13,11,13,5,14,11,13,14,16,13,15,7,10,12,2,,3,4,5,7,2,6,2,3,7,,3,11,12,11,4,8,7,12,,8,12,10,5,9,10,6,4,6,8,6,10,13,7,4,4,3,11,,5,4,8,14,5,6,18,6,16,18,9,,11,,8,,9,15,15,9,8,5,2,6,11,13,7,22,11,8,4,33,24,14,7,10,11,4,7,11,,,,9,,
20260622,19,PM10,36,33,35,35,31,19,30,26,63,46,30,42,31,27,46,33,19,21,26,8,8,6,6,11,29,7,8,8,6,6,10,11,18,11,47,35,62,9,7,45,29,23,23,23,6,44,27,20,43,14,31,15,19,28,26,19,26,25,27,22,29,24,32,18,17,20,28,11,18,25,31,18,31,23,15,39,47,30,40,24,28,34,27,10,31,37,22,32,19,25,47,50,37,9,20,28,37,34,34,34,21,22,29,20,31,51,29,27,14,36,50,34,40,35,23,39,30,32,44,17,23,31,29,13,10,24,21,17,43,35,38,20,11,14,12,11,8,30,39,23,28,7,14,17,7,13,10,7,14,15,23,25,13,15,35,48,36,32,25,95,,,,,,,,,,,,,,,,,,,,,,,,,,,,,,28,24,24,45,71,36,15,26,21,41,75,27,49,40,,14,15,16,26,31,43,24,18,17,19,29,14,20,12,22,26,29,22,11,34,16,18,24,22,35,12,6,10,9,25,25,,26,7,13,42,23,28,21,41,25,14,28,29,27,25,24,30,26,27,29,23,25,29,27,33,40,23,23,29,6,22,12,7,,18,7,25,28,20,16,28,14,15,9,41,33,36,20,24,33,26,38,25,28,14,6,13,17,17,9,13,17,8,11,20,,8,22,18,17,23,11,11,24,,17,9,36,11,29,,6,8,10,28,12,22,21,15,6,9,14,12,,16,8,14,26,6,12,43,22,37,28,30,,20,,28,,19,14,22,18,17,20,10,31,34,34,20,32,9,15,18,66,35,31,50,21,21,30,14,22,,,,21,,
20260622,19,PM10_24h,50,50,35,56,55,14,45,31,30,58,44,35,25,44,42,25,20,19,20,10,12,12,7,14,23,12,10,10,10,8,15,18,20,38,25,36,36,34,23,31,21,36,31,22,8,37,33,18,40,19,24,15,23,21,17,12,17,16,20,18,20,19,27,19,17,14,23,12,10,17,32,22,39,27,22,24,34,31,27,25,23,38,38,27,40,32,29,43,32,27,33,37,31,22,18,18,27,23,24,21,22,15,24,16,28,36,23,24,10,28,43,25,40,44,21,23,27,25,50,18,21,18,23,14,14,18,16,18,25,28,26,15,13,18,12,9,6,24,32,24,19,15,12,20,16,15,13,8,16,12,18,14,19,15,21,59,41,41,27,59,,,,,,,,,,,,,,,,,,,,,,,,,,,,,,22,16,30,26,36,32,12,38,41,51,35,21,47,39,,14,27,31,28,24,32,18,16,24,25,16,22,13,19,24,18,19,24,16,25,13,10,16,10,21,12,10,15,10,25,23,6,12,7,13,39,22,20,20,40,23,21,33,33,23,29,28,28,31,21,29,21,19,19,25,21,29,24,18,28,14,18,9,10,10,18,11,24,21,16,16,21,24,24,8,31,29,29,25,22,29,26,22,23,30,13,3,11,13,22,10,12,10,6,11,22,,7,16,19,14,20,13,14,14,,13,12,20,10,24,12,8,6,9,24,10,19,22,14,11,10,13,22,,16,7,12,22,11,13,25,18,43,41,31,,20,,27,,17,24,20,15,19,18,5,15,33,30,13,50,28,25,28,61,48,35,31,24,40,28,31,38,,,,21,,
20260622,19,SO2,4,8,2,8,7,3,3,4,4,3,7,4,3,8,9,9,7,6,5,6,5,5,4,6,8,7,5,6,5,8,7,7,5,6,5,5,6,5,5,5,6,2,4,5,7,5,3,7,9,6,4,4,5,6,5,6,5,6,5,2,4,8,4,5,8,5,14,5,5,5,8,7,5,5,5,6,8,6,8,7,8,11,3,8,12,11,10,10,8,5,5,7,8,7,4,9,13,6,7,4,8,6,5,5,5,5,4,12,4,5,8,12,9,9,48,13,10,8,17,5,3,6,5,5,6,3,8,2,8,8,5,7,7,6,4,7,8,5,3,6,2,8,9,5,3,8,4,6,3,3,5,6,3,6,6,6,4,9,6,4,,,,,,,,,,,,,,,,,,,,,,,,,,,,,,5,3,4,4,4,12,4,6,3,9,8,5,11,5,,7,9,6,10,11,8,9,7,9,10,1,4,7,8,5,9,6,4,9,6,9,5,5,7,4,9,4,4,7,5,5,5,4,4,6,5,10,4,4,6,4,10,4,5,3,7,4,5,5,7,7,7,4,5,6,5,4,4,8,7,4,6,4,5,7,3,5,6,2,4,6,4,6,7,3,6,5,3,5,3,11,10,4,6,3,6,8,10,4,7,6,5,8,7,4,3,,6,10,5,6,3,6,4,4,,6,5,12,11,6,7,2,3,2,8,5,8,5,8,7,2,7,4,,8,4,4,6,6,7,7,13,10,5,9,,5,,8,,5,7,6,10,12,12,7,22,7,7,7,7,8,8,5,4,6,3,7,6,5,7,6,5,,,,3,,
20260622,19,SO2_24h,4,9,3,7,13,4,6,3,5,3,9,5,6,11,10,9,8,6,6,6,5,6,4,6,7,6,5,6,4,9,7,7,6,6,5,5,6,6,5,5,6,2,4,5,7,5,3,8,7,6,4,4,5,6,5,6,6,6,6,3,5,7,4,4,8,5,11,5,6,5,9,11,7,5,6,6,11,7,10,5,8,16,4,10,12,11,10,12,10,6,5,7,9,8,4,9,11,6,7,4,8,6,6,5,5,12,4,9,5,7,10,11,6,14,16,10,11,8,13,6,4,6,5,5,6,3,8,3,8,9,5,8,7,6,5,7,8,5,3,5,2,10,9,12,3,8,4,6,3,3,5,5,2,7,6,13,11,11,6,5,,,,,,,,,,,,,,,,,,,,,,,,,,,,,,5,3,6,4,5,10,6,10,6,22,9,5,12,10,,6,11,11,9,9,7,6,7,10,10,1,5,7,10,5,8,6,4,8,6,10,5,5,6,4,9,5,4,8,5,4,5,4,4,6,4,8,4,5,6,5,10,8,18,4,7,4,5,9,7,8,5,3,5,5,4,5,4,8,7,5,7,4,6,7,3,5,7,4,5,5,5,6,7,3,7,5,4,7,5,12,11,5,10,5,6,8,9,4,8,6,5,7,7,3,3,,6,8,5,6,3,6,4,3,,5,5,10,9,5,6,2,3,3,8,5,7,5,9,7,5,7,5,,5,4,5,9,5,7,15,9,10,7,9,,4,,8,,4,9,9,10,10,13,6,20,7,7,7,7,6,8,5,4,6,3,4,6,4,7,6,7,,,,4,,
20260622,19,NO2,12,18,4,12,6,7,7,13,10,10,12,10,3,9,23,19,11,20,18,23,12,15,6,12,10,4,14,15,8,4,7,5,12,19,33,9,26,24,22,7,22,17,15,17,10,10,13,10,20,14,10,10,7,18,14,4,10,6,8,11,11,7,8,7,12,8,9,7,6,8,10,12,7,8,6,13,11,12,14,13,15,12,9,7,15,9,12,15,12,27,14,8,14,12,19,17,12,9,10,12,7,5,9,3,12,15,7,6,5,10,10,8,11,7,28,25,21,20,16,14,9,7,11,9,5,13,7,5,11,8,13,9,15,11,11,6,10,8,5,5,7,6,12,7,9,4,4,10,6,6,7,12,6,6,6,7,7,13,3,6,,,,,,,,,,,,,,,,,,,,,,,,,,,,,,8,6,7,9,6,4,3,9,8,6,14,5,10,8,,5,5,14,15,13,17,27,11,10,7,8,14,11,6,9,12,7,11,9,9,15,2,15,9,8,16,5,5,5,13,3,8,5,12,7,14,12,8,4,14,4,5,14,4,7,17,9,4,4,7,7,11,6,12,7,11,9,3,12,15,9,9,8,4,9,8,3,4,4,12,7,6,5,6,7,10,6,6,4,12,7,8,16,5,6,8,8,7,10,11,10,18,14,12,3,10,,9,12,11,6,6,5,4,10,,5,4,18,7,6,5,5,3,5,6,7,9,9,9,7,4,5,5,,6,9,6,7,8,13,8,8,9,9,7,,7,,7,,5,7,1,1,3,2,6,1,12,14,8,4,6,7,4,4,2,7,5,6,2,8,3,4,,,,5,,
20260622,19,NO2_24h,20,26,9,24,26,7,17,10,14,19,27,17,6,15,18,26,16,25,24,16,9,19,6,11,10,4,17,14,10,3,7,4,10,19,12,9,16,18,15,8,15,19,14,9,9,10,16,10,26,13,9,8,6,12,10,3,9,4,8,9,10,8,11,7,10,10,7,7,8,6,18,13,12,9,9,9,16,12,18,9,13,27,15,12,31,11,19,27,16,23,18,14,19,16,17,16,12,8,11,6,9,5,11,3,12,13,6,5,5,12,13,7,14,22,17,16,22,19,28,15,11,7,9,10,7,20,7,6,11,9,9,7,10,7,9,4,8,6,5,9,8,9,12,11,10,6,10,7,6,6,6,9,12,7,5,18,13,17,3,11,,,,,,,,,,,,,,,,,,,,,,,,,,,,,,6,6,11,7,11,10,5,14,18,19,15,9,13,12,,7,4,21,16,20,16,21,23,14,10,8,14,12,8,9,9,7,11,10,6,10,3,8,8,7,11,9,5,4,10,2,5,6,9,7,12,11,11,6,11,7,9,14,9,6,9,8,6,9,8,10,11,6,10,5,8,8,6,6,12,8,8,4,6,7,6,3,9,5,7,5,5,6,7,8,18,6,9,8,9,10,12,5,7,10,7,7,6,11,20,8,16,7,9,4,5,,8,11,10,3,7,5,5,3,,3,6,14,7,6,6,4,3,6,4,7,7,11,9,10,5,5,9,,3,6,6,8,6,9,11,11,16,14,13,,9,,9,,10,9,5,2,7,2,8,2,12,14,8,15,8,11,6,10,6,9,4,9,3,7,7,6,,,,4,,
20260622,19,O3,169,157,163,91,123,160,176,114,146,188,172,175,161,160,112,144,120,101,89,71,92,86,98,104,104,100,83,88,104,107,89,100,92,42,76,93,96,58,58,103,74,77,62,35,94,126,107,48,186,87,136,66,59,95,53,53,80,71,61,88,103,82,71,92,55,96,73,66,120,131,138,127,141,117,50,54,142,128,153,90,143,156,101,110,204,191,123,183,116,90,161,164,169,113,112,132,104,76,88,78,78,61,115,60,121,84,70,70,59,125,134,141,161,130,91,122,121,100,170,100,97,70,113,103,105,73,137,142,124,129,86,112,63,67,68,73,66,47,97,78,86,84,71,83,57,73,85,53,57,85,140,121,105,94,125,154,151,144,126,107,,,,,,,,,,,,,,,,,,,,,,,,,,,,,,73,103,90,137,135,167,116,155,125,130,102,72,130,144,,87,124,106,129,142,117,119,102,102,84,140,116,86,65,74,42,70,66,50,74,96,63,86,95,102,89,99,62,104,86,101,84,111,80,82,110,59,70,71,131,55,62,69,55,72,56,58,61,74,138,140,144,95,100,87,100,88,54,93,80,59,83,67,59,66,65,69,66,61,63,69,66,52,47,46,61,86,90,63,77,91,85,40,85,90,89,62,62,94,101,48,43,78,57,81,30,,51,65,59,65,50,66,65,42,,37,56,52,83,57,51,52,40,47,40,60,42,57,94,96,119,120,121,,156,65,76,134,64,77,134,79,135,151,92,,100,,87,,126,138,152,146,115,75,120,125,139,136,107,118,129,113,122,120,127,145,96,125,112,139,115,116,,,,88,,
20260622,19,O3_24h,169,157,163,91,123,160,176,114,146,188,172,175,161,160,112,144,120,101,89,71,92,86,98,104,104,100,83,88,104,107,89,100,92,42,76,93,96,58,58,103,74,77,62,35,94,126,107,48,186,87,136,66,59,95,53,53,80,71,61,88,103,82,71,92,55,96,73,66,120,131,138,127,141,117,50,54,142,128,153,90,143,156,101,110,204,191,123,183,116,90,161,164,169,113,112,132,104,76,88,78,78,61,115,60,121,84,70,70,59,125,134,141,161,130,91,122,121,100,170,100,97,70,113,103,105,73,137,142,124,129,86,112,63,67,68,73,66,47,97,78,86,84,71,83,57,73,85,53,57,85,140,121,105,94,125,154,151,144,126,107,,,,,,,,,,,,,,,,,,,,,,,,,,,,,,73,103,90,137,135,167,116,155,125,130,102,72,130,144,,87,124,106,129,142,117,119,102,102,84,140,116,86,65,74,42,70,66,50,74,96,63,86,95,102,89,99,62,104,86,101,84,111,80,82,110,59,70,71,131,55,62,69,55,72,56,58,61,74,138,140,144,95,100,87,100,88,54,93,80,59,83,67,59,66,65,69,66,61,63,69,66,52,47,46,61,86,90,63,77,91,85,40,85,90,89,62,62,94,101,48,43,78,57,81,30,,51,65,59,65,50,66,65,42,,37,56,52,83,57,51,52,40,47,40,60,42,57,94,96,119,120,121,,156,65,76,134,64,77,134,79,135,151,92,,100,,87,,126,138,152,146,115,75,120,125,139,136,107,118,129,113,122,120,127,145,96,125,112,139,115,116,,,,88,,
20260622,19,O3_8h,171,186,153,144,160,159,181,141,140,182,185,164,162,160,155,147,133,108,98,76,96,59,107,109,108,110,78,88,111,112,96,112,100,73,102,108,109,59,69,105,81,105,90,75,93,134,128,82,177,97,135,77,76,105,76,59,86,70,66,116,107,83,77,103,55,103,81,70,115,123,144,130,143,109,75,74,153,131,158,107,161,173,145,123,190,189,133,174,122,109,155,164,165,119,109,131,101,89,96,78,78,66,104,63,110,103,77,70,61,130,149,144,141,143,126,133,137,126,177,107,95,84,112,78,96,71,127,149,130,132,95,114,58,79,75,87,77,62,90,82,76,88,74,89,58,76,85,57,58,79,131,110,100,103,121,156,165,152,119,114,,,,,,,,,,,,,,,,,,,,,,,,,,,,,,94,100,102,135,136,158,113,161,128,137,147,76,121,146,,85,127,163,127,136,131,124,119,120,119,121,123,94,69,67,54,76,68,53,80,101,,101,97,102,79,82,56,104,97,100,102,106,77,64,134,83,89,75,146,68,67,82,80,82,82,80,72,94,139,140,150,94,94,98,102,88,66,99,91,68,85,84,69,74,95,78,72,67,82,73,72,58,50,51,79,77,90,69,81,85,79,44,80,86,88,70,62,103,109,48,48,85,65,83,57,,64,94,57,63,43,62,59,54,,44,59,66,84,53,53,61,46,50,44,70,49,56,89,94,118,118,119,,176,80,81,134,70,97,129,87,138,157,88,,87,,97,,120,142,147,138,123,83,133,127,142,139,109,117,132,99,122,99,110,120,102,117,102,126,105,100,,,,80,,
20260622,19,O3_8h_24h,171,184,153,139,155,159,181,139,140,182,185,164,162,160,154,147,132,108,97,76,96,59,106,108,108,109,78,88,111,110,93,106,99,70,99,108,109,56,65,105,80,103,84,64,92,134,127,75,177,96,135,72,73,105,76,59,86,70,66,116,107,83,77,103,55,103,81,70,115,123,144,130,143,107,73,72,153,131,158,107,161,173,141,123,190,189,133,174,122,107,155,164,165,118,109,131,101,87,96,78,78,66,104,63,110,101,76,70,61,130,148,144,141,143,112,133,137,124,177,107,95,83,112,78,96,71,127,149,130,132,93,114,57,71,69,75,71,61,90,82,76,88,74,89,58,76,85,57,58,79,131,110,100,103,121,156,165,152,119,114,,,,,,,,,,,,,,,,,,,,,,,,,,,,,,73,100,101,135,136,158,113,161,128,137,143,76,121,146,,85,127,154,127,136,130,124,116,119,115,121,123,94,69,67,53,73,68,53,78,101,,94,90,102,79,82,56,104,80,100,87,106,77,64,134,78,87,74,146,68,67,78,76,81,72,75,71,93,139,140,150,94,94,92,102,77,65,97,83,68,81,76,68,72,72,76,72,67,68,73,72,57,50,51,79,77,90,69,81,85,79,44,80,86,88,70,62,103,109,48,48,85,65,83,57,,63,94,57,63,43,62,59,50,,43,58,65,84,53,53,60,45,49,44,68,49,56,89,94,118,118,119,,174,80,79,134,70,95,129,87,138,156,88,,87,,97,,120,142,147,138,123,82,133,127,142,139,109,117,132,98,122,99,110,120,102,117,102,126,105,100,,,,80,,
20260622,19,CO,0.35,0.42,0.26,0.36,0.20,0.28,0.28,0.37,0.40,0.30,0.27,0.33,0.30,0.40,0.48,0.71,0.48,0.30,0.32,0.43,0.40,0.52,0.50,0.36,0.38,0.54,0.58,0.57,0.38,0.52,0.74,0.40,0.50,0.70,0.57,0.47,0.67,0.52,0.58,0.57,0.60,0.63,0.30,0.45,0.54,0.47,0.38,0.63,0.36,0.43,0.42,0.47,0.60,0.48,0.55,0.60,0.47,0.40,0.50,0.43,0.50,0.43,0.53,0.35,0.52,0.46,0.50,0.41,0.27,0.62,0.60,0.20,0.20,0.29,0.33,0.63,0.27,0.42,0.54,0.50,0.43,0.60,0.45,0.22,0.46,0.40,0.16,0.33,0.36,0.35,0.42,0.50,0.32,0.44,0.23,0.38,0.60,0.55,0.43,0.60,0.50,0.50,0.75,0.43,0.45,0.70,0.50,0.65,0.33,0.30,0.37,0.63,1.10,0.66,0.62,1.24,0.54,0.52,0.66,0.32,0.32,0.27,0.35,0.48,0.53,0.54,0.49,0.33,0.53,0.37,0.63,0.47,0.38,0.47,0.65,0.78,0.75,0.50,0.50,0.60,0.40,0.60,0.57,0.40,0.47,0.40,0.53,0.35,0.52,0.38,0.43,0.55,0.45,0.58,0.55,0.20,0.30,0.34,0.28,0.20,,,,,,,,,,,,,,,,,,,,,,,,,,,,,,0.55,0.40,0.40,0.43,0.20,0.50,0.47,0.47,0.40,0.30,0.30,0.30,0.50,0.40,,0.20,0.30,0.40,0.73,0.45,0.77,0.33,0.40,0.45,0.80,0.50,0.15,0.23,0.20,0.10,0.37,0.58,0.25,0.33,0.30,0.20,0.30,0.45,0.30,0.30,0.65,0.48,0.45,0.30,0.52,0.20,0.35,0.30,0.47,0.40,0.40,1.03,0.40,0.40,0.90,0.47,0.25,0.75,0.35,0.34,0.30,0.55,0.63,0.45,0.43,0.35,0.35,0.53,0.50,0.50,0.50,0.27,0.38,0.73,0.76,0.57,0.63,0.60,0.57,0.70,0.67,0.60,0.68,0.50,0.80,0.55,0.60,0.40,0.45,0.35,0.30,0.63,0.60,0.50,0.27,0.35,0.47,,0.35,0.50,0.53,0.45,0.53,0.60,0.55,0.50,0.38,0.60,0.65,0.35,0.40,,0.25,0.35,0.37,0.53,0.45,0.45,0.35,0.55,,0.55,0.40,0.40,0.55,0.60,0.30,0.50,0.10,0.15,0.50,0.40,0.70,0.55,0.50,0.50,0.25,0.40,0.30,,0.40,0.45,0.47,0.23,1.60,0.75,0.20,0.35,0.30,0.30,0.55,,0.50,,0.40,,0.20,0.40,0.30,0.20,0.40,0.30,0.20,0.30,0.23,0.25,0.30,0.40,0.15,0.20,0.30,0.60,0.20,0.40,0.25,0.40,0.50,0.10,0.30,0.15,,,,0.40,,
20260622,19,CO_24h,0.38,0.51,0.42,0.60,0.70,0.38,0.46,0.23,0.35,0.40,0.43,0.38,0.50,0.65,0.48,0.74,0.49,0.29,0.44,0.39,0.68,0.58,0.48,0.41,0.40,0.60,0.64,0.70,0.52,0.53,0.68,0.46,0.50,0.82,0.49,0.40,0.68,0.65,0.60,0.43,0.60,0.63,0.40,0.45,0.62,0.45,0.40,0.63,0.32,0.47,0.41,0.63,0.56,0.45,0.50,0.57,0.43,0.30,0.43,0.43,0.50,0.40,0.56,0.38,0.50,0.50,0.47,0.43,0.27,0.67,0.73,0.50,0.40,0.28,0.42,0.58,0.44,0.46,0.56,0.57,0.33,0.57,0.57,0.53,0.54,0.40,0.40,0.45,0.50,0.35,0.37,0.38,0.45,0.56,0.23,0.38,0.57,0.55,0.43,0.63,0.55,0.45,0.75,0.40,0.40,0.50,0.43,0.55,0.33,0.20,0.46,0.73,0.93,0.66,0.48,0.90,0.57,0.80,0.68,0.36,0.40,0.30,0.30,0.55,0.67,0.70,0.44,0.33,0.48,0.43,0.50,0.40,0.38,0.40,0.63,0.82,0.70,0.43,0.50,0.63,0.35,0.47,0.55,0.55,0.50,0.37,0.57,0.25,0.55,0.43,0.47,0.55,0.45,0.66,0.55,0.40,0.40,0.46,0.30,0.20,,,,,,,,,,,,,,,,,,,,,,,,,,,,,,0.50,0.40,0.50,0.60,0.20,0.50,0.77,0.67,0.50,0.63,0.37,0.30,0.60,0.50,,0.20,0.35,0.47,0.53,0.40,0.70,0.23,0.30,0.65,0.40,0.30,0.15,0.27,0.23,0.17,0.20,0.40,0.25,0.33,0.30,0.25,0.25,0.37,0.28,0.25,0.57,0.65,0.50,0.35,0.48,0.20,0.38,0.23,0.55,0.33,0.40,0.80,0.30,0.30,0.80,0.57,0.50,0.72,0.60,0.32,0.25,0.65,0.57,0.55,0.42,0.43,0.35,0.43,0.38,0.45,0.47,0.27,0.47,0.70,0.68,0.80,0.60,0.60,0.67,0.60,0.60,0.55,0.95,0.45,0.90,0.55,0.60,0.50,0.45,0.30,0.20,0.60,0.60,0.57,0.37,0.45,0.43,0.80,0.20,0.50,0.53,0.45,0.43,0.65,0.60,0.42,0.35,0.50,0.60,0.30,0.30,,0.20,0.45,0.47,0.43,0.40,0.45,0.30,0.45,,0.55,0.40,0.40,0.55,0.70,0.45,0.50,0.10,0.15,0.50,0.40,0.45,0.55,0.50,0.50,0.20,0.45,0.40,,0.30,0.45,0.47,0.30,0.50,0.80,0.40,0.35,0.30,0.30,0.55,,0.45,,0.45,,0.25,0.50,0.40,0.10,0.40,0.30,0.20,0.30,0.33,0.35,0.30,0.50,0.10,0.20,0.35,0.65,0.15,0.40,0.25,0.45,0.40,0.20,0.30,0.20,,,,0.40,,
20260622,20,AQI,45,40,48,37,34,56,59,35,38,54,55,53,47,46,40,41,36,25,29,22,28,26,30,30,31,31,26,27,32,33,28,32,28,13,44,30,33,17,18,44,32,25,22,26,29,37,32,16,65,28,39,21,18,29,28,19,26,22,39,24,29,26,36,27,17,28,29,19,37,37,41,36,40,35,19,29,47,41,44,27,42,45,29,33,80,66,38,49,33,29,57,53,66,33,31,38,37,30,35,30,34,24,44,21,34,71,51,26,18,39,41,38,43,40,28,39,31,30,50,28,29,25,33,31,32,26,39,42,50,39,39,33,23,35,20,23,19,31,36,26,27,24,18,24,17,22,25,17,18,24,41,38,32,25,37,47,48,41,38,65,,,,,,,,,,,,,,,,,,,,,,,,,,,,,,31,31,40,45,54,50,37,45,38,49,37,29,54,43,,25,41,26,38,40,43,29,26,23,21,40,35,30,17,28,21,29,34,14,40,24,21,26,28,31,27,32,18,33,27,30,28,33,28,29,38,30,22,24,43,22,18,27,36,28,33,27,29,27,41,39,44,31,37,33,39,38,20,27,34,17,26,20,18,21,19,19,22,34,19,21,29,17,15,17,23,39,31,22,31,40,29,39,31,35,28,18,19,27,27,16,13,22,16,24,24,,16,23,18,20,28,19,19,21,,21,15,30,21,29,16,16,12,15,33,18,22,19,28,26,37,41,37,,48,21,22,37,21,23,40,26,41,43,31,,30,,30,,34,43,44,43,37,23,43,39,40,40,31,51,38,34,37,64,41,42,37,39,34,43,36,34,,,,27,,
20260622,20,PM2.5,9,9,14,13,3,13,12,20,3,21,19,20,14,21,26,12,10,13,10,8,3,4,3,4,22,3,3,3,3,4,4,4,17,3,24,20,22,4,3,29,21,13,11,11,3,25,16,9,13,5,25,6,10,15,10,11,17,14,14,10,16,17,14,12,7,6,16,6,9,13,16,14,9,10,10,16,22,19,18,11,18,20,13,3,6,8,3,12,4,6,9,30,32,3,7,4,20,16,23,16,24,6,31,11,21,52,21,18,3,24,15,26,12,25,12,16,7,12,21,10,10,7,14,3,3,3,15,13,35,20,27,11,8,14,3,3,4,22,16,11,12,3,11,8,3,3,3,3,8,8,13,25,3,7,8,23,16,17,7,24,,,,,,,,,,,,,,,,,,,,,,,,,,,,,,20,8,25,29,15,27,4,23,13,20,7,15,21,24,,5,10,6,12,7,26,14,18,8,9,25,21,8,7,11,12,14,21,8,15,11,11,18,19,20,8,3,3,6,16,19,9,13,3,8,18,18,15,15,25,12,7,12,16,11,16,13,14,7,22,21,18,22,26,23,27,23,4,19,24,3,18,3,3,7,5,8,13,24,6,13,19,3,3,3,15,13,16,11,22,18,18,15,13,17,3,3,3,5,3,6,3,13,6,3,7,,6,12,11,13,7,8,7,15,,15,8,3,6,11,9,3,7,5,11,10,9,13,7,3,3,5,9,,8,5,3,7,3,5,16,11,18,18,11,,3,,9,,10,18,13,12,11,7,3,7,19,22,10,21,12,3,5,46,20,16,21,12,12,3,3,5,,,,13,,
20260622,20,PM2.5_24h,17,21,16,24,17,9,23,13,11,31,24,13,12,28,18,9,10,9,9,8,11,9,5,9,16,6,5,4,6,6,11,13,18,29,16,24,27,28,22,21,14,20,19,12,6,26,18,14,13,14,20,9,15,11,7,6,11,9,9,8,10,11,12,12,7,9,9,5,6,11,16,15,12,9,12,15,16,13,11,17,10,19,24,21,19,13,12,16,19,7,12,18,12,16,8,6,15,12,13,9,14,5,16,8,14,21,12,10,4,18,16,21,22,20,10,9,7,9,20,10,9,9,9,9,9,15,12,13,22,19,18,10,7,14,2,7,4,10,13,13,10,7,8,7,5,4,3,2,7,6,13,10,11,11,7,19,17,14,7,19,,,,,,,,,,,,,,,,,,,,,,,,,,,,,,15,12,18,16,13,24,6,25,15,16,11,12,16,15,,5,9,8,7,3,13,7,4,9,6,10,13,7,14,15,15,12,21,12,16,7,8,13,11,15,4,7,8,11,18,15,6,12,4,13,26,13,12,12,28,13,11,14,19,12,11,15,10,17,16,15,11,18,18,15,16,16,6,15,21,4,15,3,6,6,9,6,12,16,7,12,13,10,13,5,13,11,12,14,16,13,15,7,11,12,3,,3,4,5,6,2,6,2,3,7,,3,11,12,12,5,7,7,13,,8,12,9,5,9,10,5,4,6,8,6,10,13,7,4,3,3,11,,5,4,8,13,4,5,18,6,16,18,10,,11,,8,,9,15,15,9,8,5,2,6,12,13,7,22,11,8,4,32,24,14,7,10,10,4,7,10,,,,9,,
20260622,20,PM10,32,28,39,37,31,61,35,35,21,57,38,46,30,26,40,35,21,25,29,10,7,6,6,13,28,7,8,8,6,6,12,10,16,7,44,30,33,9,7,44,32,25,22,26,7,36,30,16,47,12,33,13,18,29,28,19,26,22,39,24,29,26,36,21,17,18,29,15,16,26,33,22,38,21,19,29,47,41,42,27,20,29,29,10,34,41,37,35,18,29,63,55,66,9,18,26,37,30,35,30,30,24,41,21,34,60,51,,17,39,41,37,43,37,26,39,29,30,50,19,24,25,30,11,10,16,23,24,40,39,39,21,8,35,13,8,6,28,36,26,27,7,17,21,8,15,9,11,16,18,26,30,12,18,19,41,37,32,22,80,,,,,,,,,,,,,,,,,,,,,,,,,,,,,,31,16,40,45,57,39,13,45,21,49,37,29,57,41,,10,18,12,37,39,43,23,18,23,21,35,35,30,17,28,21,29,34,14,40,14,21,26,24,30,16,6,9,10,26,21,,,8,17,38,30,22,24,43,22,14,27,36,28,33,27,29,27,37,34,27,28,36,28,35,38,20,24,33,8,25,11,8,8,15,12,22,33,19,20,29,10,15,9,23,39,31,22,21,40,29,39,31,35,13,7,12,17,22,10,8,21,8,15,24,,9,23,15,15,28,11,19,,,17,12,30,14,29,9,6,9,15,33,17,22,17,15,14,10,15,16,,21,7,13,23,6,13,31,26,41,30,31,,20,,30,,23,22,31,22,21,16,6,21,32,40,24,52,20,17,26,71,41,37,37,20,19,28,21,23,,,,27,,
20260622,20,PM10_24h,50,50,35,56,54,15,44,31,30,58,44,35,25,43,42,26,20,20,20,9,11,11,7,14,23,11,9,9,8,7,14,17,19,37,25,36,36,33,22,31,21,36,31,22,7,38,33,17,41,18,24,14,22,21,17,13,17,16,20,18,21,19,27,19,17,14,24,12,10,17,31,22,39,26,22,24,35,32,28,24,23,39,38,25,39,32,29,43,31,27,34,38,33,21,17,18,28,23,24,22,22,15,24,16,28,37,23,24,9,29,43,26,40,44,22,24,27,25,51,18,21,18,23,13,13,17,16,19,26,29,27,16,12,18,11,9,5,23,32,25,20,15,12,20,15,15,13,8,15,12,18,14,19,15,20,59,41,40,26,60,,,,,,,,,,,,,,,,,,,,,,,,,,,,,,22,16,30,28,37,32,12,39,40,51,36,21,48,39,,14,26,31,29,25,32,18,16,24,26,17,22,14,18,24,18,19,24,15,26,13,10,16,10,21,12,10,15,9,24,22,5,12,7,13,39,22,20,20,40,23,21,33,33,23,29,28,29,31,21,30,21,20,19,25,22,29,23,18,28,14,19,9,10,10,18,11,24,21,16,16,21,22,23,9,31,30,29,25,22,30,26,23,23,31,13,3,11,13,22,9,11,10,7,11,22,,7,17,19,14,20,12,15,14,,13,12,20,10,25,12,8,6,9,24,10,19,22,14,11,10,13,21,,17,7,12,21,10,12,25,18,43,41,31,,20,,27,,18,25,21,15,19,18,5,15,33,30,13,51,28,24,28,57,48,34,32,24,39,28,31,38,,,,21,,
20260622,20,SO2,3,8,2,7,7,3,3,3,3,2,8,5,3,8,9,8,7,5,5,6,5,5,4,6,8,8,5,7,4,8,7,7,5,6,5,5,6,6,5,5,6,2,4,5,7,5,2,7,8,6,4,4,5,6,6,6,5,7,5,2,4,10,4,5,8,5,10,5,6,5,8,8,5,5,5,6,8,6,8,6,8,10,3,8,11,10,10,10,9,6,5,7,8,7,4,7,18,6,7,4,9,6,5,5,5,6,4,27,5,6,8,11,8,9,20,12,11,8,10,5,3,6,6,5,6,3,9,2,8,7,5,7,7,6,3,7,8,5,3,5,2,8,10,5,4,8,4,6,3,2,5,6,3,7,6,6,6,12,6,4,,,,,,,,,,,,,,,,,,,,,,,,,,,,,,5,4,5,4,4,11,4,19,4,9,7,5,11,5,,6,9,9,10,13,9,7,7,10,9,1,4,7,9,4,8,6,4,9,7,9,5,6,7,5,9,4,4,7,5,4,5,4,4,6,5,7,4,4,6,4,9,4,5,3,6,4,8,6,7,7,7,4,5,6,5,4,4,10,7,4,6,4,5,7,3,5,7,3,4,5,4,6,6,3,6,5,4,5,3,10,10,4,7,4,6,8,9,4,7,6,4,7,7,3,3,,6,9,4,6,3,6,4,3,,5,6,10,10,6,7,2,3,2,8,5,6,5,9,7,4,7,5,,8,3,4,6,6,8,5,13,10,5,9,,5,,8,,4,9,8,9,12,12,7,23,7,8,7,6,8,8,4,4,6,3,7,6,5,7,7,6,,,,3,,
20260622,20,SO2_24h,4,9,3,7,13,4,6,3,5,3,9,5,6,11,10,9,8,6,6,6,5,5,4,6,7,6,5,6,4,9,7,7,5,6,5,5,6,6,5,5,6,2,4,5,7,5,3,8,7,6,4,4,5,6,5,6,6,6,6,3,5,7,4,4,8,5,11,5,6,5,9,11,7,5,6,6,11,7,10,5,8,16,4,10,12,11,10,12,10,6,5,7,9,8,4,9,11,6,7,4,8,6,6,5,5,12,4,9,5,7,10,11,6,14,16,10,11,8,13,6,4,6,5,5,6,3,8,3,8,9,5,8,7,6,5,7,8,5,3,5,2,10,9,12,3,8,4,6,3,3,5,5,2,7,6,13,11,11,6,5,,,,,,,,,,,,,,,,,,,,,,,,,,,,,,5,3,6,4,5,10,6,11,6,22,9,5,12,10,,6,11,11,9,10,7,6,7,10,10,1,5,7,10,5,8,6,4,8,6,10,5,5,7,4,9,5,4,8,5,4,5,4,4,6,4,8,4,5,6,5,10,8,17,4,7,5,5,8,7,8,6,3,5,5,4,5,4,9,7,5,7,4,6,7,3,5,7,4,5,5,5,6,7,3,7,5,4,7,5,12,11,5,9,5,6,8,9,4,8,6,5,7,7,3,3,,6,9,5,6,3,6,4,3,,5,5,10,9,5,6,2,3,3,8,5,7,5,9,7,5,7,5,,5,4,5,9,5,8,15,9,10,7,9,,4,,8,,4,9,10,10,11,13,6,20,8,7,7,7,6,8,5,4,6,3,4,6,4,7,6,7,,,,4,,
20260622,20,NO2,10,20,6,16,15,7,11,12,6,19,17,14,4,13,26,23,13,33,27,24,12,15,5,17,12,4,12,13,10,4,7,5,10,20,26,8,17,30,20,6,28,18,14,16,10,10,14,8,23,15,13,9,6,22,17,4,11,6,9,14,13,9,7,7,12,8,9,7,9,11,13,8,14,9,7,14,14,17,15,13,20,13,11,8,21,13,15,20,14,32,15,7,16,14,19,15,13,9,12,11,12,7,12,3,16,17,10,6,5,11,10,9,13,9,24,25,32,24,19,16,8,10,12,10,5,8,8,7,13,9,14,10,10,10,12,6,11,11,6,6,5,7,14,7,12,6,5,9,6,7,9,13,7,8,8,6,9,17,3,8,,,,,,,,,,,,,,,,,,,,,,,,,,,,,,7,7,13,10,7,6,4,15,10,9,15,7,12,10,,7,7,20,17,15,16,37,23,20,21,14,12,11,13,11,18,10,18,11,12,17,3,16,10,8,18,4,5,4,11,2,8,7,11,6,16,16,11,4,13,5,7,12,4,8,29,8,6,6,10,9,12,6,14,7,10,10,4,11,15,9,9,8,6,7,8,3,6,6,11,7,6,5,7,5,19,7,7,7,13,7,13,8,8,7,9,9,7,10,12,10,17,17,13,3,4,,8,10,11,6,4,4,5,9,,6,5,16,8,8,5,4,3,5,7,7,9,11,10,13,4,5,9,,9,8,6,11,6,13,9,8,11,14,8,,9,,7,,8,9,2,1,2,1,8,2,18,19,9,4,11,8,5,5,6,10,7,6,3,9,5,6,,,,5,,
20260622,20,NO2_24h,20,26,9,24,26,7,16,10,14,19,27,17,6,15,18,27,16,26,23,16,9,19,6,10,10,4,17,14,9,3,7,4,10,19,12,9,16,19,15,7,15,19,14,10,8,10,16,10,26,13,9,8,6,13,11,3,9,4,8,9,10,8,10,7,10,10,7,7,8,6,18,14,11,9,9,10,16,12,18,9,14,27,15,11,30,11,18,26,15,24,18,14,19,16,17,16,12,8,11,6,9,5,11,3,12,13,6,5,5,12,13,7,14,21,17,16,23,19,28,15,11,7,9,10,7,19,7,7,11,9,10,7,10,7,9,4,8,6,5,9,7,9,12,11,10,6,10,7,6,6,6,9,11,7,5,18,13,17,3,12,,,,,,,,,,,,,,,,,,,,,,,,,,,,,,7,6,11,7,10,10,4,14,17,19,15,9,13,12,,7,4,21,15,20,16,21,24,14,10,9,14,12,8,10,10,7,11,10,7,11,3,9,8,7,11,9,5,3,9,2,5,6,9,7,12,11,10,6,11,7,9,14,9,6,10,8,6,9,8,10,11,7,10,5,8,8,6,6,12,8,8,4,6,7,6,3,9,5,7,5,5,6,7,8,17,7,9,8,9,10,12,5,7,9,7,7,6,11,20,8,15,7,9,3,5,,8,11,10,3,7,5,5,4,,3,6,13,7,6,6,4,3,6,4,7,7,11,9,10,5,5,9,,3,6,6,8,6,9,11,11,16,14,12,,9,,8,,10,9,5,2,7,2,7,2,12,15,7,15,8,11,6,10,7,9,4,9,3,7,7,6,,,,4,,
20260622,20,O3,143,128,155,73,108,147,167,112,122,163,164,162,151,146,107,130,114,81,77,70,88,83,97,97,96,99,84,87,102,105,89,101,91,40,67,83,72,54,59,104,63,68,56,33,93,117,101,46,172,88,124,67,57,74,42,51,64,61,53,69,86,70,67,87,51,89,64,60,118,119,132,116,127,113,48,51,127,121,142,82,133,143,92,107,184,173,123,157,105,84,119,145,173,104,100,121,99,66,80,67,60,54,103,66,100,64,62,66,58,121,126,120,124,129,88,109,100,82,157,91,92,55,105,98,102,83,124,134,115,119,78,107,73,70,65,73,61,34,95,72,83,78,59,78,53,71,79,53,58,78,132,123,101,81,118,151,154,131,123,101,,,,,,,,,,,,,,,,,,,,,,,,,,,,,,78,100,99,132,123,159,117,145,121,110,85,63,119,138,,81,131,84,122,129,119,93,68,67,55,128,110,61,49,54,30,50,55,40,62,76,61,82,90,99,86,101,56,104,86,96,89,104,91,93,84,41,52,62,109,54,58,59,44,68,42,54,54,66,131,125,141,92,94,85,98,85,58,86,73,55,83,64,56,66,62,61,57,54,61,66,56,53,43,53,49,87,85,57,70,76,69,45,74,94,88,59,60,87,86,50,43,70,50,76,18,,52,57,58,63,58,61,61,45,,30,49,54,67,53,52,51,37,44,37,56,38,50,89,83,118,132,118,,154,66,69,117,66,74,128,80,128,137,88,,96,,85,,110,137,141,136,117,74,137,126,127,127,100,123,121,110,118,116,118,133,91,124,109,137,115,108,,,,84,,
20260622,20,O3_24h,143,128,155,73,108,147,167,112,122,163,164,162,151,146,107,130,114,81,77,70,88,83,97,97,96,99,84,87,102,105,89,101,91,40,67,83,72,54,59,104,63,68,56,33,93,117,101,46,172,88,124,67,57,74,42,51,64,61,53,69,86,70,67,87,51,89,64,60,118,119,132,116,127,113,48,51,127,121,142,82,133,143,92,107,184,173,123,157,105,84,119,145,173,104,100,121,99,66,80,67,60,54,103,66,100,64,62,66,58,121,126,120,124,129,88,109,100,82,157,91,92,55,105,98,102,83,124,134,115,119,78,107,73,70,65,73,61,34,95,72,83,78,59,78,53,71,79,53,58,78,132,123,101,81,118,151,154,131,123,101,,,,,,,,,,,,,,,,,,,,,,,,,,,,,,78,100,99,132,123,159,117,145,121,110,85,63,119,138,,81,131,84,122,129,119,93,68,67,55,128,110,61,49,54,30,50,55,40,62,76,61,82,90,99,86,101,56,104,86,96,89,104,91,93,84,41,52,62,109,54,58,59,44,68,42,54,54,66,131,125,141,92,94,85,98,85,58,86,73,55,83,64,56,66,62,61,57,54,61,66,56,53,43,53,49,87,85,57,70,76,69,45,74,94,88,59,60,87,86,50,43,70,50,76,18,,52,57,58,63,58,61,61,45,,30,49,54,67,53,52,51,37,44,37,56,38,50,89,83,118,132,118,,154,66,69,117,66,74,128,80,128,137,88,,96,,85,,110,137,141,136,117,74,137,126,127,127,100,123,121,110,118,116,118,133,91,124,109,137,115,108,,,,84,,
20260622,20,O3_8h,172,186,156,144,160,159,182,141,140,183,185,166,162,161,155,147,134,109,98,77,97,66,107,109,108,110,81,90,111,112,96,112,100,73,102,108,109,60,69,107,81,105,84,75,93,134,128,82,181,97,136,77,76,106,76,60,86,70,66,116,107,83,77,104,56,103,82,70,117,125,145,132,143,112,75,74,153,131,159,107,161,173,145,123,193,189,133,177,124,109,155,167,167,119,109,131,102,89,96,78,78,66,107,63,112,103,77,70,61,131,149,145,141,144,126,133,137,126,177,107,97,84,113,87,100,75,130,149,130,132,95,114,59,79,75,87,77,62,93,82,77,88,74,89,58,77,86,58,59,82,133,113,101,103,122,157,165,152,121,114,,,,,,,,,,,,,,,,,,,,,,,,,,,,,,94,102,102,135,136,160,113,161,128,137,147,76,125,146,,87,128,163,128,137,131,124,119,120,119,125,123,94,69,69,54,76,69,54,80,101,,101,97,102,82,87,59,105,97,100,102,107,81,70,134,83,89,75,146,68,67,82,80,82,82,80,72,94,139,140,151,95,95,98,102,88,66,99,91,68,85,84,69,74,95,78,72,67,82,73,72,58,50,53,79,81,91,69,81,85,80,45,81,89,90,70,63,103,109,49,49,86,65,83,57,,64,94,59,65,47,63,61,54,,44,59,66,84,55,54,61,46,50,44,70,49,58,90,95,121,122,119,,176,80,81,134,71,97,132,87,138,157,89,,90,,98,,122,143,149,140,123,83,134,127,143,141,110,121,133,104,123,105,114,126,102,120,105,129,107,104,,,,82,,
20260622,20,O3_8h_24h,170,178,156,131,149,159,182,136,139,182,185,166,162,161,150,147,131,107,97,76,97,66,105,107,108,106,81,90,111,109,91,104,97,66,95,106,107,58,63,107,77,97,78,58,93,133,122,69,180,96,136,70,70,103,73,58,84,69,65,112,107,82,76,104,55,103,82,68,117,125,145,132,143,111,68,68,151,130,158,105,158,173,131,122,193,189,132,176,124,105,153,167,167,118,108,129,102,84,92,76,76,65,107,63,112,92,74,70,60,131,147,144,140,144,107,132,134,119,175,106,97,80,112,87,100,75,129,149,130,131,91,114,59,71,68,75,69,58,93,82,77,88,73,89,58,77,86,58,59,82,133,113,101,101,122,157,165,151,121,113,,,,,,,,,,,,,,,,,,,,,,,,,,,,,,73,102,100,134,136,160,113,160,128,134,136,75,125,146,,87,127,144,127,137,130,121,110,113,107,125,123,90,67,68,50,70,69,53,75,100,,94,90,102,82,87,59,105,81,100,85,107,81,70,128,72,82,72,144,65,66,76,72,79,66,70,68,89,139,140,151,95,95,91,102,79,63,95,82,66,82,73,66,72,70,74,71,65,66,71,71,57,48,53,75,81,91,67,81,85,80,45,81,89,90,68,63,103,108,49,49,85,64,83,53,,61,91,59,65,47,63,61,49,,43,57,64,83,55,54,58,43,49,44,66,48,58,90,95,121,122,119,,171,79,80,134,71,93,132,87,138,156,89,,90,,98,,122,143,149,140,122,80,134,127,143,141,110,121,132,104,123,105,114,126,101,120,105,129,107,104,,,,82,,
20260622,20,CO,0.32,0.46,0.28,0.39,0.30,0.25,0.27,0.37,0.35,0.38,0.33,0.35,0.30,0.47,0.48,0.62,0.47,0.35,0.47,0.44,0.43,0.51,0.50,0.34,0.38,0.54,0.56,0.59,0.40,0.55,0.72,0.44,0.47,0.68,0.54,0.40,0.61,0.55,0.58,0.60,0.60,0.63,0.30,0.45,0.54,0.47,0.38,0.63,0.37,0.44,0.47,0.51,0.59,0.52,0.56,0.63,0.50,0.35,0.50,0.47,0.53,0.47,0.54,0.33,0.53,0.48,0.50,0.40,0.28,0.63,0.60,0.25,0.28,0.38,0.33,0.65,0.27,0.48,0.58,0.50,0.43,0.60,0.45,0.22,0.48,0.37,0.27,0.36,0.32,0.33,0.48,0.60,0.28,0.44,0.27,0.38,0.60,0.57,0.43,0.63,0.60,0.50,0.85,0.47,0.50,0.70,0.53,0.60,0.30,0.30,0.40,0.73,1.15,0.72,0.56,1.26,0.60,0.50,0.64,0.30,0.30,0.33,0.35,0.43,0.50,0.44,0.51,0.33,0.55,0.37,0.65,0.53,0.35,0.47,0.65,0.78,0.70,0.57,0.47,0.60,0.40,0.57,0.63,0.38,0.50,0.40,0.53,0.35,0.52,0.40,0.43,0.60,0.45,0.56,0.55,0.20,0.30,0.34,0.32,0.20,,,,,,,,,,,,,,,,,,,,,,,,,,,,,,0.53,0.40,0.55,0.47,0.20,0.50,0.60,0.53,0.40,0.33,0.30,0.30,0.50,0.45,,0.25,0.35,0.53,0.83,0.45,0.93,0.40,0.50,0.55,0.45,0.50,0.20,0.27,0.23,0.13,0.30,0.53,0.35,0.30,0.30,0.20,0.15,0.42,0.30,0.30,0.70,0.48,0.45,0.30,0.50,0.20,0.30,0.30,0.50,0.40,0.40,0.77,0.40,0.40,0.75,0.47,0.43,0.63,0.35,0.30,0.35,0.68,0.63,0.50,0.48,0.40,0.40,0.53,0.52,0.55,0.50,0.30,0.35,0.80,0.74,0.57,0.63,0.60,0.57,0.60,0.67,0.55,0.68,0.55,0.80,0.60,0.60,0.45,0.45,0.30,0.30,0.67,0.60,0.50,0.30,0.30,0.50,0.80,0.40,0.50,0.53,0.45,0.43,0.60,0.55,0.47,0.35,0.65,0.70,0.35,0.40,,0.25,0.35,0.30,0.53,0.40,0.45,0.35,0.55,,0.60,0.40,0.40,0.55,0.60,0.35,0.50,0.10,0.10,0.55,0.40,0.65,0.60,0.50,0.55,0.20,0.40,0.30,,0.45,0.45,0.43,0.25,1.20,0.80,0.20,0.40,0.30,0.30,0.60,,0.50,,0.40,,0.25,0.50,0.40,0.20,0.30,0.40,0.20,0.30,0.30,0.30,0.35,0.40,0.15,0.20,0.30,0.60,0.20,0.40,0.35,0.30,0.50,0.20,0.30,0.20,,,,0.50,,
20260622,20,CO_24h,0.38,0.49,0.42,0.59,0.70,0.38,0.46,0.30,0.35,0.40,0.43,0.38,0.50,0.63,0.48,0.75,0.49,0.30,0.44,0.38,0.67,0.58,0.48,0.40,0.40,0.60,0.61,0.70,0.52,0.53,0.68,0.46,0.50,0.82,0.49,0.40,0.66,0.63,0.60,0.43,0.60,0.63,0.40,0.45,0.62,0.45,0.40,0.63,0.32,0.46,0.41,0.62,0.56,0.45,0.51,0.57,0.43,0.30,0.43,0.43,0.50,0.40,0.56,0.38,0.50,0.50,0.47,0.43,0.27,0.64,0.70,0.50,0.40,0.29,0.42,0.58,0.44,0.46,0.58,0.55,0.33,0.57,0.57,0.51,0.54,0.40,0.40,0.42,0.50,0.35,0.37,0.40,0.45,0.54,0.23,0.38,0.57,0.57,0.43,0.63,0.55,0.45,0.75,0.40,0.40,0.50,0.43,0.55,0.33,0.20,0.46,0.72,0.95,0.66,0.48,0.94,0.57,0.80,0.68,0.36,0.40,0.30,0.30,0.55,0.63,0.70,0.46,0.33,0.50,0.43,0.50,0.40,0.38,0.43,0.65,0.82,0.70,0.47,0.53,0.64,0.35,0.47,0.55,0.55,0.50,0.37,0.57,0.25,0.55,0.43,0.47,0.55,0.45,0.66,0.55,0.40,0.40,0.46,0.30,0.20,,,,,,,,,,,,,,,,,,,,,,,,,,,,,,0.50,0.40,0.50,0.63,0.20,0.50,0.77,0.67,0.50,0.63,0.33,0.30,0.60,0.50,,0.20,0.35,0.47,0.63,0.40,0.70,0.23,0.40,0.60,0.40,0.30,0.15,0.27,0.23,0.17,0.20,0.40,0.25,0.33,0.30,0.25,0.25,0.37,0.28,0.25,0.63,0.65,0.50,0.35,0.46,0.20,0.38,0.23,0.55,0.33,0.40,0.80,0.30,0.30,0.80,0.57,0.50,0.75,0.60,0.32,0.25,0.65,0.57,0.55,0.42,0.43,0.35,0.43,0.40,0.45,0.47,0.27,0.47,0.70,0.68,0.80,0.60,0.60,0.67,0.60,0.60,0.55,0.93,0.45,0.90,0.55,0.60,0.50,0.45,0.30,0.20,0.60,0.60,0.57,0.37,0.45,0.43,0.80,0.20,0.50,0.53,0.45,0.43,0.68,0.55,0.42,0.35,0.50,0.60,0.30,0.30,,0.20,0.45,0.47,0.43,0.40,0.45,0.30,0.45,,0.55,0.40,0.40,0.55,0.70,0.45,0.50,0.10,0.15,0.50,0.40,0.45,0.55,0.50,0.50,0.20,0.45,0.40,,0.30,0.45,0.47,0.27,0.60,0.80,0.40,0.35,0.30,0.30,0.55,,0.50,,0.45,,0.25,0.50,0.40,0.10,0.40,0.30,0.20,0.30,0.33,0.35,0.30,0.50,0.10,0.20,0.35,0.65,0.15,0.40,0.25,0.45,0.50,0.20,0.30,0.20,,,,0.40,,
20260622,21,AQI,37,34,46,51,34,42,47,37,34,56,49,53,44,39,40,37,33,27,27,24,27,26,31,31,34,32,26,27,31,32,27,31,27,13,32,28,24,23,18,34,31,25,18,31,28,35,27,18,49,27,39,20,19,29,25,20,27,16,25,24,25,24,35,29,19,24,30,17,38,32,36,34,55,35,15,27,43,48,40,33,43,43,30,32,49,56,41,52,29,30,37,45,58,31,29,36,34,23,29,26,36,16,46,21,37,51,33,30,17,41,38,36,40,40,29,43,35,34,44,25,26,23,35,30,30,27,32,38,53,33,43,31,19,42,20,23,18,42,35,22,25,22,18,23,13,22,21,16,21,22,37,39,28,20,26,67,46,44,37,57,,,,,,,,,,,,,,,,,,,,,,,,,,,,,,30,28,46,41,44,53,36,49,40,44,38,30,54,41,,20,54,21,42,43,36,25,28,22,30,36,35,27,31,26,35,30,29,17,40,20,22,36,29,31,27,30,18,31,30,30,29,29,30,28,33,24,27,23,34,17,20,30,29,27,38,31,37,25,40,38,40,31,40,31,36,45,20,29,36,16,35,20,16,19,48,18,24,39,19,19,30,17,17,15,26,30,30,22,26,29,35,27,33,28,26,18,17,22,27,15,14,22,14,21,25,,16,21,18,36,22,19,16,19,,17,13,32,19,33,19,15,14,13,33,16,38,19,25,22,38,40,38,,48,18,21,32,18,21,40,30,44,41,35,,29,,27,,30,39,40,39,36,23,31,39,39,46,28,73,53,30,36,72,51,50,28,38,52,41,35,31,,,,34,,
20260622,21,PM2.5,7,8,16,16,8,10,11,14,7,24,18,21,14,27,22,8,12,15,10,10,3,3,3,5,24,3,3,3,4,4,4,5,19,3,13,18,14,5,10,22,20,13,9,17,3,23,13,7,19,4,27,6,8,15,9,12,17,9,13,9,12,15,16,12,7,8,18,7,10,16,22,20,13,10,8,15,20,18,14,16,22,15,13,3,8,11,5,17,8,11,6,29,41,3,13,3,17,14,18,15,25,5,21,10,20,27,21,15,4,26,12,25,13,24,11,18,11,13,18,11,7,6,14,3,3,3,22,14,37,18,25,13,5,15,5,3,5,23,16,12,12,3,11,7,3,3,3,3,6,6,16,27,3,9,12,30,19,20,11,20,,,,,,,,,,,,,,,,,,,,,,,,,,,,,,19,12,25,29,11,32,8,24,20,19,7,11,24,13,,6,12,10,18,5,18,16,15,8,11,23,17,10,16,18,17,16,14,11,21,13,10,20,20,21,11,3,3,6,19,21,8,16,5,12,17,16,19,15,24,9,5,10,17,9,15,13,16,4,26,21,22,22,28,20,25,23,3,18,25,3,21,3,3,3,8,6,13,27,3,13,19,3,3,5,18,14,12,14,15,19,22,18,13,18,3,3,3,7,3,6,3,14,6,3,7,,3,11,11,19,7,6,5,13,,12,3,8,7,13,13,7,10,6,9,6,9,12,5,3,3,5,14,,9,6,3,8,3,5,15,8,18,18,12,,5,,6,,12,18,14,15,10,7,3,6,22,14,8,24,14,6,25,50,19,15,10,15,3,3,6,3,,,,17,,
20260622,21,PM2.5_24h,17,21,16,24,16,9,22,12,10,31,24,13,12,29,19,9,10,9,9,8,9,8,4,8,16,5,4,4,5,5,10,11,18,28,15,24,27,27,21,21,14,20,19,13,5,26,18,14,13,13,21,9,15,11,7,7,11,9,9,8,10,12,12,11,6,9,9,5,6,11,16,16,12,9,12,15,17,14,11,17,11,19,24,20,19,13,12,16,19,7,12,19,14,15,8,5,15,12,13,9,14,5,16,8,14,21,12,10,3,18,17,22,21,20,10,10,7,9,20,9,9,9,9,9,8,14,12,13,23,19,18,10,6,15,2,7,4,10,13,13,10,7,8,7,5,4,3,2,7,6,13,11,11,11,7,19,17,15,7,18,,,,,,,,,,,,,,,,,,,,,,,,,,,,,,15,12,18,17,13,25,6,25,14,16,11,11,16,15,,5,9,8,7,4,13,8,4,9,6,10,13,7,14,15,15,12,20,12,16,8,8,12,11,16,5,6,8,10,17,16,6,12,3,13,25,14,12,12,28,13,11,13,19,12,11,15,10,16,16,16,12,18,18,15,17,16,6,16,21,4,16,3,6,6,9,6,12,16,6,12,13,10,12,5,14,11,12,14,16,13,16,7,11,12,3,,3,3,5,5,1,6,3,3,7,,2,11,12,12,5,7,7,13,,8,12,9,5,9,10,5,5,6,8,6,10,12,7,4,3,3,11,,5,4,8,13,4,5,18,6,16,18,10,,11,,7,,9,16,15,10,8,5,2,6,12,13,8,22,11,8,5,32,24,14,7,9,10,4,6,10,,,,9,,
20260622,21,PM10,22,34,37,51,34,20,40,25,16,61,32,55,32,30,40,29,23,27,27,13,8,7,7,13,30,7,9,8,6,6,13,10,18,8,32,28,24,10,9,34,31,25,16,31,7,35,26,11,49,11,37,11,13,29,25,20,27,15,25,24,25,24,35,21,19,20,30,15,22,31,36,25,59,24,12,27,43,48,34,33,25,18,30,13,38,62,41,53,22,30,37,45,56,10,21,22,34,23,29,26,36,15,46,21,37,52,33,30,16,41,35,35,40,40,23,43,35,34,41,21,18,23,35,10,6,8,32,32,39,32,43,22,11,42,13,6,6,42,35,22,24,8,18,23,10,15,9,6,21,22,30,35,13,17,26,83,42,44,29,63,,,,,,,,,,,,,,,,,,,,,,,,,,,,,,30,18,46,37,44,55,12,49,40,44,38,30,57,37,,18,31,21,42,43,31,24,28,22,30,36,26,27,31,21,35,30,29,17,40,,22,36,24,31,20,6,7,11,30,25,8,20,10,10,33,24,20,23,33,17,20,30,29,27,38,31,37,25,40,38,32,28,39,31,35,45,17,29,32,11,35,19,8,,48,9,24,,16,18,30,14,17,7,25,30,30,22,26,29,35,27,33,27,12,7,15,18,27,10,10,22,9,17,25,,7,21,16,36,22,12,16,19,,12,12,32,14,33,9,7,11,8,33,10,38,19,16,17,9,12,26,,20,10,12,24,6,14,40,30,44,34,35,,21,,27,,26,27,28,31,26,22,,21,39,46,28,95,55,15,26,94,51,50,28,23,53,28,27,30,,,,34,,
20260622,21,PM10_24h,49,49,35,55,53,15,44,31,29,58,44,34,25,42,42,27,20,20,21,9,10,10,6,12,23,9,8,9,7,7,13,15,18,36,25,35,36,31,21,31,21,36,31,23,7,38,33,17,41,17,25,13,22,21,18,13,17,16,21,18,21,20,28,19,17,15,24,12,11,17,32,22,39,26,22,25,35,32,28,24,23,39,38,23,39,33,29,43,30,28,35,39,34,20,17,19,28,23,24,22,21,15,25,16,28,37,24,24,9,30,43,27,41,43,22,25,27,25,51,17,21,18,24,13,12,17,17,19,27,30,28,16,12,19,11,9,5,23,32,25,20,15,12,20,15,15,12,8,15,13,18,15,17,15,20,60,41,40,26,61,,,,,,,,,,,,,,,,,,,,,,,,,,,,,,22,16,31,29,37,33,12,40,38,51,36,22,48,39,,14,26,31,29,25,32,19,17,24,26,18,22,14,18,24,18,19,24,15,26,13,10,15,10,22,12,9,14,8,22,22,5,12,7,13,39,22,20,21,40,22,20,33,33,23,29,29,29,31,22,30,21,21,20,25,23,29,23,18,28,13,19,10,10,10,19,11,24,21,16,16,21,21,22,8,30,29,29,25,23,30,26,24,23,30,13,4,11,13,22,8,10,10,7,11,22,,7,17,20,16,20,11,14,14,,13,13,21,10,25,12,7,6,9,24,9,19,22,14,11,9,13,20,,17,7,12,21,9,12,26,19,43,41,31,,20,,27,,18,25,21,16,20,18,4,15,33,30,13,53,29,24,27,58,48,33,32,21,38,28,31,37,,,,21,,
20260622,21,SO2,2,8,2,7,8,4,3,3,3,2,7,4,3,8,9,6,7,5,6,6,5,6,4,6,8,8,5,7,4,8,7,7,5,6,5,5,6,5,5,5,6,2,4,5,7,5,2,7,8,6,4,5,5,6,5,6,5,6,5,3,4,10,4,5,8,5,9,4,6,5,8,12,5,5,5,5,9,7,8,6,7,10,3,8,11,9,9,10,12,6,5,7,9,7,4,6,18,6,7,4,8,6,5,4,5,5,3,16,4,5,8,11,7,9,19,9,11,8,14,7,3,6,6,5,6,3,11,2,8,7,5,7,7,6,4,7,8,5,3,7,2,8,9,5,3,8,4,6,3,3,5,6,3,7,6,8,6,12,6,5,,,,,,,,,,,,,,,,,,,,,,,,,,,,,,5,3,5,4,4,10,4,17,8,10,8,5,11,4,,6,11,7,11,10,8,6,7,9,10,1,4,7,9,5,7,7,4,8,7,9,4,6,6,4,8,4,5,7,5,4,5,4,4,6,6,6,4,4,6,4,8,3,7,3,7,4,8,7,7,7,6,3,5,6,4,5,4,8,7,4,6,4,5,7,3,5,8,3,4,5,4,6,5,3,6,5,4,5,4,10,10,3,6,3,6,8,9,3,7,6,4,7,8,4,3,,6,9,4,7,3,6,4,3,,5,6,9,9,6,8,2,3,2,8,5,6,5,9,7,4,7,6,,5,3,4,12,8,7,10,11,12,6,10,,4,,8,,5,8,7,10,11,10,7,19,7,7,7,6,7,8,5,4,6,3,8,6,5,7,7,5,,,,4,,
20260622,21,SO2_24h,4,9,3,7,13,4,6,3,5,3,9,5,6,11,10,9,8,6,6,6,5,5,4,6,8,6,5,6,4,9,7,7,5,6,5,5,6,6,5,5,6,2,4,5,7,5,3,8,7,6,4,4,5,6,5,6,5,6,6,3,5,8,4,4,8,5,11,5,6,5,9,11,7,5,6,6,11,7,10,5,8,16,3,10,12,11,10,12,10,6,5,7,9,8,4,9,11,6,7,4,8,6,6,5,5,12,4,9,5,7,10,11,6,14,16,10,11,8,13,6,4,6,5,5,6,3,8,3,8,9,5,8,7,6,5,7,8,5,3,5,2,10,9,12,3,8,4,6,3,3,5,5,2,7,6,12,11,11,6,5,,,,,,,,,,,,,,,,,,,,,,,,,,,,,,5,3,6,4,5,10,6,11,6,22,9,5,12,9,,6,10,11,9,10,7,6,7,10,10,1,5,7,10,5,8,6,4,8,6,10,5,6,7,4,9,5,4,8,5,4,5,4,4,6,4,8,4,5,6,5,10,7,15,4,7,5,5,9,7,8,6,3,5,5,4,5,4,8,7,5,7,4,6,7,3,5,7,4,4,5,5,6,7,3,7,5,4,7,5,12,11,5,9,5,6,8,9,4,8,6,5,7,7,3,3,,6,9,5,6,3,6,4,3,,5,5,10,9,5,6,2,3,3,8,5,7,5,9,7,5,7,5,,5,4,5,9,5,8,15,10,10,7,9,,4,,8,,4,9,9,10,11,13,7,20,8,7,7,7,6,8,5,4,6,3,4,6,4,7,6,7,,,,4,,
20260622,21,NO2,10,21,9,21,18,8,17,9,8,22,19,18,5,20,21,18,15,35,28,19,11,13,5,14,14,4,11,12,9,4,7,4,11,20,18,6,18,13,19,5,24,16,9,16,10,10,15,5,27,14,15,11,5,22,13,4,13,5,9,14,15,10,8,7,12,11,9,8,9,16,19,9,33,10,6,12,18,23,13,25,18,14,11,9,28,14,17,27,17,29,13,9,16,14,15,12,15,10,11,9,18,7,18,3,19,15,11,9,6,11,12,8,15,9,25,25,30,30,20,21,9,14,15,9,5,8,12,10,15,10,16,11,10,10,9,6,10,16,6,8,6,9,16,7,14,6,8,8,8,8,14,15,11,9,21,21,17,31,3,12,,,,,,,,,,,,,,,,,,,,,,,,,,,,,,7,9,14,10,15,13,4,22,19,15,22,6,15,11,,8,8,30,22,13,14,50,55,15,22,17,11,9,16,16,22,11,18,13,18,15,3,15,11,7,16,5,5,5,11,3,7,9,10,7,19,17,16,10,12,4,7,12,8,12,27,8,5,3,13,13,14,10,18,7,13,11,3,13,14,10,8,8,5,8,8,4,6,8,9,9,7,5,7,8,31,9,7,8,13,8,20,5,10,8,10,9,8,8,12,10,17,16,13,4,4,,7,8,10,8,4,4,8,14,,4,7,9,6,10,6,4,4,6,7,8,10,11,9,16,5,4,12,,3,11,6,16,10,12,18,8,14,16,13,,13,,8,,8,14,2,2,2,1,23,2,25,24,11,4,9,14,5,6,14,14,9,10,7,10,8,7,,,,7,,
20260622,21,NO2_24h,20,26,9,23,26,7,16,10,14,19,26,16,6,16,18,26,16,26,24,16,10,19,6,11,10,3,17,14,9,3,7,4,10,19,12,9,16,19,16,7,16,19,14,10,8,10,16,10,26,13,10,8,6,13,11,3,9,4,8,9,11,8,10,7,10,11,7,7,8,7,19,14,12,10,9,10,16,12,18,9,14,27,14,10,30,11,18,26,15,24,18,14,19,16,17,15,12,8,11,6,9,5,11,3,12,14,6,5,5,12,13,7,13,21,17,16,23,19,28,15,11,7,9,10,7,19,7,7,11,9,10,7,10,7,9,4,9,6,5,9,8,9,12,10,10,6,10,7,6,6,6,9,11,7,6,18,13,18,3,12,,,,,,,,,,,,,,,,,,,,,,,,,,,,,,7,6,11,8,11,10,4,14,17,18,15,8,13,11,,7,4,21,15,19,16,22,25,14,11,9,14,12,8,10,10,6,11,10,7,11,3,9,8,7,11,9,5,3,9,2,5,6,9,7,12,11,11,6,11,7,9,13,9,6,10,8,6,9,8,10,11,7,11,5,8,8,6,7,12,8,8,5,6,7,6,3,8,5,7,5,5,6,6,8,18,7,9,8,9,10,12,5,7,9,7,7,6,11,19,8,15,8,9,3,4,,7,11,10,3,7,5,5,4,,4,6,13,6,6,6,4,3,6,4,7,7,11,9,11,5,5,9,,3,7,6,8,6,9,11,11,16,15,12,,9,,7,,10,9,5,2,7,2,8,2,12,15,7,15,8,11,6,10,7,10,5,9,3,7,7,6,,,,4,,
20260622,21,O3,118,108,147,71,101,133,149,118,108,157,158,144,141,124,109,117,107,72,78,77,87,84,98,100,86,102,83,87,99,102,86,99,83,41,65,80,54,74,57,98,62,56,59,42,91,103,87,57,152,85,112,64,62,56,38,51,51,52,46,50,64,59,65,92,47,77,59,55,121,103,115,108,86,113,49,52,104,111,128,59,137,138,92,101,158,146,113,126,93,81,99,125,164,100,94,115,89,58,76,59,38,50,83,60,82,57,55,64,54,112,122,100,92,117,94,103,102,72,141,79,84,42,94,96,97,87,102,120,107,107,69,100,62,72,64,72,59,19,93,66,80,69,48,71,42,69,68,52,52,67,117,102,89,64,83,118,147,104,119,96,,,,,,,,,,,,,,,,,,,,,,,,,,,,,,78,88,94,128,109,137,116,129,100,103,71,63,103,131,,63,163,66,107,111,115,74,25,57,43,116,112,51,25,25,16,33,47,36,49,65,57,80,83,95,86,97,59,100,82,90,92,94,97,89,69,31,39,45,100,53,51,45,37,59,32,45,50,69,120,114,129,79,68,85,84,80,63,71,69,51,84,65,52,62,60,57,55,44,62,59,52,54,46,47,26,82,85,54,72,65,49,,66,90,83,57,53,69,76,48,45,63,44,67,13,,52,51,57,58,63,61,50,34,,49,43,61,60,44,52,49,36,41,32,50,33,45,81,70,120,129,120,,152,56,66,103,56,68,114,82,113,130,77,,92,,75,,95,126,128,125,116,75,98,124,109,111,87,126,127,97,114,110,105,115,88,121,102,132,111,98,,,,73,,
20260622,21,O3_24h,118,108,147,71,101,133,149,118,108,157,158,144,141,124,109,117,107,72,78,77,87,84,98,100,86,102,83,87,99,102,86,99,83,41,65,80,54,74,57,98,62,56,59,42,91,103,87,57,152,85,112,64,62,56,38,51,51,52,46,50,64,59,65,92,47,77,59,55,121,103,115,108,86,113,49,52,104,111,128,59,137,138,92,101,158,146,113,126,93,81,99,125,164,100,94,115,89,58,76,59,38,50,83,60,82,57,55,64,54,112,122,100,92,117,94,103,102,72,141,79,84,42,94,96,97,87,102,120,107,107,69,100,62,72,64,72,59,19,93,66,80,69,48,71,42,69,68,52,52,67,117,102,89,64,83,118,147,104,119,96,,,,,,,,,,,,,,,,,,,,,,,,,,,,,,78,88,94,128,109,137,116,129,100,103,71,63,103,131,,63,163,66,107,111,115,74,25,57,43,116,112,51,25,25,16,33,47,36,49,65,57,80,83,95,86,97,59,100,82,90,92,94,97,89,69,31,39,45,100,53,51,45,37,59,32,45,50,69,120,114,129,79,68,85,84,80,63,71,69,51,84,65,52,62,60,57,55,44,62,59,52,54,46,47,26,82,85,54,72,65,49,,66,90,83,57,53,69,76,48,45,63,44,67,13,,52,51,57,58,63,61,50,34,,49,43,61,60,44,52,49,36,41,32,50,33,45,81,70,120,129,120,,152,56,66,103,56,68,114,82,113,130,77,,92,,75,,95,126,128,125,116,75,98,124,109,111,87,126,127,97,114,110,105,115,88,121,102,132,111,98,,,,73,,
20260622,21,O3_8h,172,186,156,144,160,159,182,141,140,183,185,167,162,161,155,148,134,109,98,78,97,72,107,109,108,110,84,92,111,112,96,112,100,73,102,108,109,63,69,107,81,105,84,75,93,134,128,82,181,97,136,77,76,106,76,60,86,70,66,116,107,83,77,104,56,103,83,70,119,125,145,132,143,114,75,74,153,131,159,107,161,173,145,123,194,189,133,177,124,109,155,167,168,119,110,131,102,89,96,78,78,66,107,63,112,103,77,70,61,131,149,145,141,144,126,133,137,126,177,107,97,84,113,93,101,78,130,149,130,132,95,114,60,79,75,87,77,62,95,82,79,88,74,89,58,77,86,58,60,82,133,113,102,103,122,157,165,152,122,114,,,,,,,,,,,,,,,,,,,,,,,,,,,,,,94,102,102,135,136,160,114,161,128,137,147,76,125,146,,87,132,163,128,137,131,124,119,120,119,128,124,94,69,74,54,76,69,54,80,101,63,101,97,102,84,92,62,105,97,100,102,107,84,76,134,83,89,75,146,68,67,82,80,82,82,80,72,94,139,141,151,95,95,98,102,88,66,99,91,68,85,84,69,74,95,78,72,67,82,73,72,58,50,53,79,83,92,69,81,85,80,45,81,90,90,70,63,103,109,50,49,86,65,83,57,,64,94,59,65,51,64,61,54,,44,59,66,84,55,54,61,46,50,44,70,49,58,90,95,122,123,119,,176,80,81,135,71,97,132,87,138,157,89,,92,,98,,122,143,149,140,123,83,134,127,143,141,110,123,133,107,123,110,115,129,102,122,106,130,110,106,,,,82,,
20260622,21,O3_8h_24h,164,169,156,121,140,157,179,133,136,181,183,166,161,157,144,144,128,105,95,77,96,72,103,106,106,105,84,92,109,108,90,104,95,62,91,102,101,61,61,106,73,91,74,55,93,128,115,64,179,94,133,69,65,98,69,56,80,67,63,104,103,79,74,103,55,101,82,66,119,124,141,129,135,113,61,64,145,127,155,100,154,169,123,119,192,185,129,172,123,101,149,164,168,115,106,128,101,79,88,74,72,63,106,62,111,85,70,69,59,130,143,138,135,141,101,129,131,112,172,102,96,74,111,93,101,78,127,145,128,128,87,111,59,70,68,75,68,52,95,79,79,86,69,86,56,76,84,57,59,81,133,112,101,97,118,151,162,144,122,111,,,,,,,,,,,,,,,,,,,,,,,,,,,,,,73,102,97,133,133,158,114,156,125,130,128,74,124,144,,85,132,130,124,134,127,116,97,104,97,128,124,85,64,65,43,65,67,52,71,96,63,93,90,101,84,92,62,105,82,99,84,106,84,76,121,65,75,68,139,61,63,72,67,76,58,64,65,86,137,138,150,94,92,90,100,79,63,93,81,63,82,70,64,70,68,71,69,63,64,70,68,56,47,51,69,83,91,64,80,82,78,45,79,90,90,67,62,98,104,50,48,82,61,82,48,,59,85,59,65,51,64,60,47,,43,55,63,80,54,53,56,42,47,42,63,48,57,88,93,122,123,119,,167,76,79,133,70,89,132,87,136,153,89,,92,,96,,120,140,147,138,121,79,129,126,139,138,109,123,132,107,122,110,115,129,100,122,106,130,110,106,,,,82,,
20260622,21,CO,0.33,0.53,0.28,0.39,0.30,0.25,0.25,0.33,0.35,0.40,0.38,0.38,0.25,0.58,0.44,0.51,0.48,0.34,0.53,0.41,0.41,0.50,0.50,0.36,0.40,0.54,0.56,0.57,0.40,0.52,0.72,0.42,0.57,0.70,0.46,0.40,0.59,0.55,0.60,0.53,0.55,0.67,0.30,0.45,0.53,0.47,0.40,0.72,0.43,0.44,0.48,0.51,0.60,0.52,0.53,0.60,0.50,0.30,0.47,0.43,0.53,0.43,0.56,0.33,0.51,0.51,0.50,0.41,0.28,0.69,0.60,0.30,0.38,0.38,0.38,0.65,0.30,0.48,0.54,0.65,0.43,0.50,0.50,0.25,0.50,0.40,0.33,0.38,0.34,0.33,0.40,0.63,0.28,0.44,0.33,0.37,0.63,0.55,0.43,0.53,0.65,0.50,0.90,0.47,0.50,0.60,0.53,0.60,0.33,0.30,0.40,0.67,0.85,0.68,0.50,0.82,0.57,0.66,0.74,0.34,0.30,0.30,0.33,0.40,0.47,0.44,0.58,0.33,0.58,0.33,0.63,0.53,0.38,0.47,0.63,0.78,0.70,0.57,0.45,0.60,0.40,0.45,0.65,0.35,0.50,0.40,0.57,0.30,0.55,0.43,0.47,0.65,0.50,0.56,0.60,0.40,0.40,0.58,0.28,0.25,,,,,,,,,,,,,,,,,,,,,,,,,,,,,,0.53,0.40,0.50,0.47,0.30,0.55,0.60,0.63,0.40,0.33,0.37,0.20,0.55,0.47,,0.25,0.35,0.52,1.17,0.25,0.80,0.37,0.50,0.50,0.50,0.40,0.40,0.27,0.33,0.20,0.47,0.50,0.30,0.40,0.35,0.20,0.20,0.38,0.30,0.30,0.67,0.48,0.45,0.30,0.48,0.20,0.30,0.30,0.55,0.43,0.40,0.63,0.40,0.40,0.65,0.50,0.40,0.53,0.45,0.28,0.35,0.60,0.68,0.45,0.52,0.40,0.40,0.53,0.56,0.55,0.60,0.30,0.30,0.73,0.74,0.57,0.60,0.60,0.57,0.60,0.67,0.55,0.73,0.55,0.80,0.65,0.63,0.50,0.45,0.35,0.30,0.67,0.60,0.53,0.35,0.35,0.53,,0.40,0.50,0.53,0.50,0.47,0.60,0.55,0.47,0.35,0.65,0.65,0.35,0.40,,0.25,0.40,0.30,0.53,0.40,0.45,0.45,0.55,,0.55,0.40,0.40,0.55,0.65,0.40,0.40,0.10,0.15,0.55,0.35,0.45,0.60,0.50,0.50,0.20,0.40,0.40,,0.30,0.45,0.47,0.27,1.60,0.80,0.25,0.35,0.30,0.35,0.80,,0.50,,0.40,,0.30,0.50,0.40,0.20,0.40,0.30,0.20,0.30,0.30,0.30,0.40,0.40,0.15,0.20,0.35,0.60,0.30,0.45,0.35,0.40,0.50,0.20,0.30,0.20,,,,0.50,,
20260622,21,CO_24h,0.38,0.51,0.42,0.58,0.70,0.38,0.46,0.30,0.35,0.40,0.43,0.38,0.45,0.63,0.48,0.76,0.49,0.30,0.44,0.38,0.64,0.57,0.48,0.39,0.40,0.56,0.61,0.70,0.50,0.53,0.68,0.46,0.50,0.81,0.49,0.40,0.66,0.63,0.60,0.43,0.60,0.63,0.40,0.45,0.61,0.45,0.40,0.63,0.33,0.46,0.41,0.62,0.56,0.45,0.51,0.57,0.43,0.30,0.43,0.43,0.53,0.40,0.56,0.35,0.50,0.51,0.47,0.42,0.27,0.64,0.70,0.50,0.40,0.30,0.42,0.60,0.44,0.48,0.60,0.55,0.37,0.60,0.57,0.44,0.54,0.40,0.38,0.42,0.48,0.35,0.38,0.42,0.43,0.54,0.23,0.38,0.57,0.60,0.43,0.63,0.55,0.45,0.75,0.40,0.40,0.50,0.43,0.55,0.33,0.20,0.47,0.70,0.95,0.66,0.48,0.98,0.57,0.80,0.70,0.36,0.40,0.30,0.30,0.55,0.63,0.70,0.47,0.33,0.50,0.43,0.53,0.40,0.38,0.43,0.65,0.78,0.70,0.47,0.50,0.63,0.35,0.47,0.55,0.53,0.50,0.37,0.57,0.25,0.55,0.43,0.43,0.55,0.45,0.66,0.55,0.40,0.40,0.46,0.30,0.20,,,,,,,,,,,,,,,,,,,,,,,,,,,,,,0.50,0.40,0.50,0.63,0.23,0.50,0.70,0.67,0.50,0.63,0.33,0.30,0.60,0.50,,0.20,0.35,0.47,0.63,0.40,0.70,0.23,0.40,0.60,0.40,0.30,0.15,0.27,0.23,0.17,0.27,0.40,0.25,0.33,0.30,0.25,0.25,0.37,0.26,0.30,0.63,0.63,0.50,0.35,0.46,0.20,0.35,0.23,0.53,0.37,0.40,0.80,0.30,0.30,0.75,0.57,0.50,0.75,0.60,0.32,0.25,0.65,0.57,0.55,0.42,0.42,0.35,0.43,0.40,0.45,0.50,0.27,0.45,0.70,0.68,0.77,0.60,0.60,0.67,0.60,0.60,0.55,0.92,0.45,0.90,0.55,0.60,0.50,0.45,0.30,0.20,0.60,0.60,0.57,0.37,0.40,0.43,0.80,0.20,0.50,0.53,0.45,0.43,0.65,0.55,0.42,0.35,0.50,0.60,0.30,0.30,,0.20,0.45,0.47,0.43,0.40,0.45,0.30,0.45,,0.55,0.40,0.40,0.55,0.70,0.45,0.50,0.10,0.15,0.50,0.40,0.45,0.55,0.50,0.50,0.20,0.45,0.40,,0.30,0.45,0.47,0.27,0.60,0.75,0.40,0.35,0.30,0.30,0.55,,0.50,,0.45,,0.25,0.50,0.40,0.20,0.40,0.30,0.20,0.30,0.33,0.35,0.30,0.50,0.10,0.20,0.35,0.65,0.15,0.40,0.25,0.45,0.50,0.20,0.30,0.20,,,,0.40,,
20260622,22,AQI,33,33,41,44,30,39,52,36,31,60,54,44,41,39,44,30,30,29,27,26,27,27,30,31,36,30,26,26,30,31,26,31,29,13,23,29,20,24,24,27,41,27,18,38,27,33,25,21,53,26,39,20,19,27,24,18,27,17,25,21,21,24,29,22,18,23,23,17,37,30,39,31,53,32,16,24,43,55,35,39,43,37,26,29,44,47,35,54,28,48,29,47,59,28,29,33,31,20,30,26,31,16,33,20,39,54,32,33,16,40,35,37,39,39,32,51,31,40,45,27,26,25,31,29,30,31,42,34,43,38,44,29,19,26,20,21,16,42,37,24,23,19,19,20,12,19,19,15,20,20,39,37,27,20,29,68,48,56,40,51,,,,,,,,,,,,,,,,,,,,,,,,,,,,,,34,25,47,41,52,52,36,46,53,45,38,34,57,38,,30,48,27,55,26,33,28,33,24,37,32,34,16,34,29,56,43,26,20,38,20,24,33,31,34,28,29,17,31,33,34,29,69,29,26,47,23,27,24,38,16,26,31,22,28,44,29,38,22,47,43,39,33,44,30,39,45,16,27,36,16,27,20,16,16,18,18,28,43,19,22,30,19,17,13,38,30,27,25,32,28,51,26,23,37,26,18,15,19,30,15,15,19,13,20,21,,15,18,21,40,26,19,16,19,,15,13,26,18,33,17,15,11,13,30,15,36,23,23,19,35,39,34,,47,14,19,31,13,18,48,27,50,37,35,,28,,26,,41,35,37,34,36,23,30,38,40,43,28,52,41,26,33,71,52,51,34,37,50,40,34,37,,,,31,,
20260622,22,PM2.5,8,12,16,15,11,8,21,13,6,13,22,16,14,26,21,9,12,16,10,11,3,4,3,4,25,6,3,4,4,3,4,5,10,5,3,18,11,6,17,14,22,12,8,24,3,20,13,3,23,6,27,5,6,14,9,11,16,8,12,9,10,14,14,12,7,7,16,6,11,19,20,22,18,10,4,13,16,19,7,20,20,8,11,4,8,15,4,25,9,19,6,33,42,4,20,3,15,12,18,13,22,5,19,10,18,38,19,17,3,28,13,26,11,23,9,22,10,16,17,14,4,13,15,4,3,3,27,18,30,24,30,12,7,18,4,3,5,28,15,13,12,3,12,6,4,3,3,5,8,5,19,26,3,9,17,38,22,20,15,13,,,,,,,,,,,,,,,,,,,,,,,,,,,,,,21,12,24,25,17,28,7,24,19,16,12,11,24,16,,5,11,13,29,5,12,17,10,8,10,18,16,9,20,19,23,13,15,12,18,8,11,23,22,21,16,3,3,8,23,24,7,20,8,16,18,16,19,17,24,5,8,10,15,11,16,10,11,3,31,25,25,23,31,17,25,26,4,19,23,3,19,3,4,3,8,3,19,30,3,13,18,3,3,3,15,14,17,13,19,17,28,18,12,26,3,3,3,8,3,6,3,11,5,5,6,,3,11,14,21,4,7,8,13,,5,3,12,7,16,12,7,7,6,10,5,9,12,3,3,9,3,19,,8,9,3,9,3,3,19,7,20,23,9,,5,,3,,14,21,8,16,6,7,3,7,21,11,11,21,15,7,16,52,23,19,9,19,11,3,17,9,,,,13,,
20260622,22,PM2.5_24h,17,21,16,24,16,8,22,12,9,30,24,13,12,29,19,9,10,10,8,8,7,7,3,8,17,4,3,3,4,5,9,10,17,27,15,23,27,26,21,20,15,20,18,13,4,26,18,14,14,12,21,8,14,11,7,7,11,9,9,8,10,12,12,11,6,9,10,5,7,11,16,16,12,9,12,15,17,14,11,16,11,19,24,18,18,13,11,17,19,7,12,20,15,14,8,5,15,12,13,10,14,5,16,9,14,22,12,10,3,19,16,22,21,20,10,11,7,10,20,9,9,9,9,9,7,13,13,13,23,20,19,11,6,15,2,7,4,11,13,13,10,7,8,7,4,4,3,2,6,6,13,12,11,10,7,20,17,15,8,18,,,,,,,,,,,,,,,,,,,,,,,,,,,,,,15,13,18,18,13,25,6,25,14,16,11,11,16,15,,4,8,9,8,4,13,8,4,9,6,11,13,7,14,15,15,12,20,11,16,8,9,12,12,17,5,6,7,8,16,17,6,13,3,13,25,14,12,12,28,12,11,13,18,12,11,15,10,16,17,16,13,18,19,15,17,16,6,16,21,3,16,2,6,6,8,5,12,17,6,12,14,9,11,5,14,11,12,14,16,14,16,8,11,13,3,,3,3,4,5,1,5,3,3,7,,2,11,12,12,5,6,6,12,,8,12,10,5,9,9,5,5,5,8,6,10,12,7,4,3,2,11,,5,5,7,13,4,5,18,7,16,18,10,,10,,7,,9,16,14,10,8,5,2,6,12,12,8,22,10,7,5,32,24,13,7,9,9,3,6,9,,,,9,,
20260622,22,PM10,20,33,37,44,30,22,53,23,22,70,57,44,31,39,44,29,24,29,27,15,8,7,6,12,30,9,10,10,8,6,15,9,12,10,13,29,20,12,,22,41,27,15,38,7,33,25,7,55,10,37,10,12,27,24,18,27,17,25,21,21,24,29,20,18,18,23,17,26,30,39,25,56,25,11,24,43,59,22,39,25,15,26,9,36,47,35,58,24,48,25,38,53,10,21,18,31,20,30,26,31,12,33,20,39,52,32,33,15,39,28,32,39,39,22,51,31,40,45,27,16,25,31,9,8,6,42,28,38,38,44,19,12,25,13,6,6,42,37,24,23,10,19,19,12,15,9,8,20,20,39,33,11,20,29,85,48,62,40,51,,,,,,,,,,,,,,,,,,,,,,,,,,,,,,34,25,47,41,53,54,12,46,56,45,38,34,64,37,,30,29,27,59,20,30,25,33,24,37,32,28,16,34,29,61,43,26,20,38,11,24,29,26,34,28,6,6,11,30,27,8,88,14,14,47,23,25,21,38,12,26,31,22,28,44,29,38,22,47,43,35,30,40,30,39,45,15,24,36,10,26,14,10,6,18,13,28,31,15,22,30,8,8,7,38,30,27,25,32,28,52,23,23,34,16,7,12,19,30,9,7,19,8,18,21,,7,18,21,40,26,13,13,17,,8,12,26,10,33,10,9,8,9,30,9,36,23,16,11,11,8,26,,15,14,11,31,6,13,48,27,50,37,35,,21,,26,,41,27,24,33,24,21,6,26,40,43,28,54,41,22,30,92,53,51,34,34,50,21,34,37,,,,31,,
20260622,22,PM10_24h,48,49,35,55,52,15,43,30,29,59,44,34,25,42,42,27,20,20,21,9,9,9,6,12,23,9,8,8,6,6,13,14,18,35,25,35,36,31,21,31,22,36,30,24,6,38,33,17,42,16,26,13,21,22,18,13,18,16,20,18,21,20,28,19,16,15,24,12,11,17,32,22,39,26,22,25,35,33,29,24,24,38,38,21,39,33,29,44,30,29,35,40,36,19,18,19,28,23,24,22,21,15,25,16,28,38,23,24,9,31,43,27,40,43,22,26,28,26,52,17,21,18,24,13,12,16,19,20,28,30,28,17,11,20,11,9,5,25,32,25,21,16,12,20,15,14,12,8,15,12,19,16,17,15,20,61,40,40,27,61,,,,,,,,,,,,,,,,,,,,,,,,,,,,,,22,16,31,30,38,34,12,40,38,50,36,22,49,39,,15,26,31,30,25,33,19,17,24,26,19,22,14,18,24,19,19,25,14,26,13,10,15,10,23,12,9,14,8,21,22,5,13,7,13,40,22,20,21,40,22,20,33,32,23,29,29,30,31,23,31,22,21,21,25,24,29,21,18,29,13,20,10,9,9,19,11,24,22,16,16,21,20,21,8,31,29,28,25,23,30,26,24,24,31,14,4,11,13,22,8,10,10,7,11,22,,7,17,19,16,20,11,14,14,,13,13,22,10,25,12,7,6,9,24,9,19,22,14,11,9,12,19,,17,7,12,22,8,11,27,19,43,41,31,,20,,27,,18,24,21,17,20,17,5,16,33,30,14,54,29,24,27,59,49,34,32,19,37,27,31,37,,,,21,,
20260622,22,SO2,2,8,1,9,7,4,3,3,3,2,7,5,4,10,8,6,7,5,6,6,5,6,4,5,8,6,5,7,5,8,7,8,5,6,4,5,6,5,5,5,7,2,4,5,7,5,3,7,7,6,4,4,5,6,5,6,5,5,5,3,5,10,4,5,9,5,8,5,6,5,8,18,5,6,5,6,9,7,7,6,8,9,3,8,11,9,8,11,10,5,4,6,9,7,4,7,18,6,6,4,10,6,5,5,5,6,4,17,5,5,8,10,6,9,9,9,10,8,13,9,3,6,6,5,6,3,14,3,8,7,5,7,7,6,4,7,8,8,3,6,2,8,10,5,3,8,4,6,3,2,5,5,3,7,6,13,7,13,6,4,,,,,,,,,,,,,,,,,,,,,,,,,,,,,,5,4,5,4,6,11,4,10,6,10,8,5,12,5,,6,10,6,11,9,7,6,7,9,10,2,4,7,9,5,8,7,4,8,7,8,6,6,7,4,9,4,4,8,5,4,5,4,4,6,5,6,4,5,6,4,8,3,6,3,7,2,7,5,6,6,6,3,5,5,4,5,4,9,7,4,7,4,5,7,3,5,7,3,4,6,4,6,5,4,9,5,4,5,7,16,11,3,6,4,6,8,9,3,6,6,4,7,7,4,3,,6,8,4,7,3,6,4,3,,4,5,8,8,6,7,2,3,1,8,5,7,5,8,7,5,7,6,,5,4,4,15,6,7,6,10,9,7,9,,5,,8,,4,8,7,10,11,12,7,19,7,6,7,7,6,8,5,4,8,3,4,7,4,7,7,5,,,,4,,
20260622,22,SO2_24h,4,9,3,7,12,4,6,3,5,3,9,5,6,11,10,9,8,6,6,6,5,5,4,6,7,6,5,6,4,9,7,7,5,6,5,5,6,6,5,5,6,2,4,5,7,5,3,8,7,6,4,4,5,6,5,6,5,6,6,3,5,8,4,4,8,5,11,5,6,5,9,12,7,5,5,6,10,7,10,5,8,16,3,10,12,11,10,12,10,6,5,7,9,8,4,9,12,6,7,4,8,6,6,5,5,12,4,10,5,7,10,11,6,14,16,10,11,9,13,6,4,6,6,5,6,3,8,3,8,9,5,8,7,6,5,7,8,5,3,5,2,10,9,11,3,8,4,6,3,3,5,5,2,7,6,11,11,11,6,5,,,,,,,,,,,,,,,,,,,,,,,,,,,,,,5,3,6,4,5,10,6,11,5,21,9,5,12,9,,6,10,11,9,10,7,5,7,10,10,1,5,7,9,5,8,6,4,8,6,10,5,6,6,4,9,5,4,8,5,4,5,4,4,6,4,8,4,5,6,5,10,7,14,4,7,4,5,9,7,8,6,3,5,5,4,5,4,8,7,5,7,4,6,7,3,5,7,4,4,5,5,6,7,3,7,5,4,7,5,12,11,5,9,5,6,8,9,4,8,6,5,7,7,3,3,,6,9,5,6,3,6,4,3,,5,5,10,9,5,6,2,3,3,8,5,7,5,9,7,5,7,5,,5,4,5,9,5,8,15,10,10,7,9,,4,,8,,4,9,9,10,11,12,7,20,8,7,7,7,6,8,5,4,6,3,4,6,4,7,6,7,,,,4,,
20260622,22,NO2,10,21,10,25,21,10,26,9,8,11,36,21,6,25,28,23,17,38,30,14,11,13,5,12,17,3,11,12,10,4,8,4,7,18,7,7,20,9,16,4,14,12,9,12,11,11,16,4,25,13,15,9,5,20,13,4,13,4,8,11,15,10,7,9,13,10,8,8,8,16,17,19,37,16,6,10,20,30,12,26,16,17,11,11,28,15,18,28,18,24,13,9,15,13,14,12,18,9,12,9,15,7,20,3,23,21,10,5,6,12,16,7,15,12,21,25,24,29,23,23,9,11,15,7,4,9,15,13,15,19,15,13,11,9,8,6,9,21,5,9,8,10,18,7,18,8,7,9,10,8,15,17,10,11,22,37,33,42,3,7,,,,,,,,,,,,,,,,,,,,,,,,,,,,,,7,13,14,11,22,19,5,29,33,24,26,10,17,13,,19,7,37,40,31,16,55,64,15,21,16,10,6,22,20,21,10,13,14,19,15,3,17,10,7,20,5,5,5,10,3,6,11,12,6,19,20,18,10,12,4,8,13,7,12,23,5,4,6,14,13,15,13,18,7,21,10,5,13,14,11,8,7,5,11,8,3,8,8,8,9,8,6,6,8,38,7,9,10,14,9,18,6,11,9,10,8,8,7,11,11,15,14,12,6,4,,8,7,8,8,4,5,6,8,,5,10,7,6,10,6,4,4,6,7,8,8,12,9,19,4,4,18,,3,12,7,17,9,14,42,6,20,26,13,,11,,6,,8,16,2,3,10,1,25,2,36,26,10,4,6,26,7,7,16,14,16,15,3,8,13,5,,,,6,,
20260622,22,NO2_24h,19,25,9,23,26,7,16,10,13,19,26,16,6,16,18,26,16,26,24,16,9,19,5,11,10,3,16,14,9,3,7,4,10,19,12,9,16,18,16,6,16,18,14,10,8,10,15,10,26,12,10,8,5,13,11,3,9,4,8,9,11,8,9,6,11,11,7,7,8,7,19,13,13,10,9,10,16,13,18,10,14,27,14,10,29,11,18,26,15,24,18,14,19,16,17,15,12,8,11,6,9,5,11,3,12,14,6,5,5,12,13,7,13,20,18,16,22,20,28,15,11,7,9,10,7,18,8,7,11,10,10,7,10,7,9,4,9,7,5,9,7,9,12,10,10,6,10,7,6,6,6,10,11,6,6,19,13,19,3,11,,,,,,,,,,,,,,,,,,,,,,,,,,,,,,7,6,11,8,11,11,4,14,18,19,15,8,12,11,,8,4,22,15,19,16,22,26,14,11,9,13,12,9,10,11,7,11,11,8,11,3,9,8,7,12,8,5,3,9,2,5,6,9,7,13,11,11,6,11,7,8,13,9,6,10,8,6,9,9,10,10,7,11,5,8,8,5,7,12,8,8,5,6,7,6,3,8,5,7,5,5,6,6,8,18,7,9,8,9,10,12,5,7,9,8,7,6,10,19,8,15,8,9,4,4,,7,11,10,4,7,5,5,4,,4,6,12,6,6,6,4,3,6,4,7,7,11,9,11,5,5,9,,3,7,6,8,6,9,13,10,16,15,12,,9,,7,,10,9,5,2,7,2,9,2,13,15,7,14,8,12,6,10,8,10,5,9,3,7,7,6,,,,4,,
20260622,22,O3,107,100,131,80,97,124,116,116,100,141,115,130,130,106,87,96,95,58,71,82,86,86,95,100,74,97,84,82,97,99,84,98,92,43,72,78,46,78,60,85,71,48,59,58,87,98,69,68,141,84,102,64,61,47,38,51,43,50,45,47,50,50,65,71,43,75,57,51,119,87,107,92,71,103,50,52,87,95,112,45,138,119,84,94,141,136,102,113,88,82,92,114,159,91,87,106,78,56,67,56,38,51,76,60,70,39,52,69,52,106,112,94,78,106,103,101,100,64,119,65,82,35,81,93,95,98,89,110,104,72,64,93,62,71,64,66,52,16,97,62,75,62,41,65,35,61,62,48,44,59,100,81,87,45,67,81,124,82,119,100,,,,,,,,,,,,,,,,,,,,,,,,,,,,,,77,72,84,120,93,113,116,103,71,89,54,48,84,123,,45,155,47,78,84,104,65,13,56,40,102,109,52,9,22,8,28,37,32,41,64,53,71,79,88,77,94,54,98,81,83,94,81,92,84,61,23,31,39,91,50,48,41,37,59,30,60,51,64,106,101,125,71,60,79,66,82,52,69,67,50,84,65,50,52,57,57,45,32,62,57,53,60,53,43,10,82,84,53,69,59,42,48,56,93,82,57,48,60,69,47,48,45,43,63,47,,49,50,62,54,67,61,50,46,,47,42,67,58,42,48,48,36,40,27,48,33,34,75,61,113,124,110,,149,42,60,100,43,57,77,84,76,103,70,,89,,70,,89,113,119,110,115,74,95,122,82,102,78,124,128,82,106,101,93,107,70,119,100,129,93,100,,,,65,,
20260622,22,O3_24h,107,100,131,80,97,124,116,116,100,141,115,130,130,106,87,96,95,58,71,82,86,86,95,100,74,97,84,82,97,99,84,98,92,43,72,78,46,78,60,85,71,48,59,58,87,98,69,68,141,84,102,64,61,47,38,51,43,50,45,47,50,50,65,71,43,75,57,51,119,87,107,92,71,103,50,52,87,95,112,45,138,119,84,94,141,136,102,113,88,82,92,114,159,91,87,106,78,56,67,56,38,51,76,60,70,39,52,69,52,106,112,94,78,106,103,101,100,64,119,65,82,35,81,93,95,98,89,110,104,72,64,93,62,71,64,66,52,16,97,62,75,62,41,65,35,61,62,48,44,59,100,81,87,45,67,81,124,82,119,100,,,,,,,,,,,,,,,,,,,,,,,,,,,,,,77,72,84,120,93,113,116,103,71,89,54,48,84,123,,45,155,47,78,84,104,65,13,56,40,102,109,52,9,22,8,28,37,32,41,64,53,71,79,88,77,94,54,98,81,83,94,81,92,84,61,23,31,39,91,50,48,41,37,59,30,60,51,64,106,101,125,71,60,79,66,82,52,69,67,50,84,65,50,52,57,57,45,32,62,57,53,60,53,43,10,82,84,53,69,59,42,48,56,93,82,57,48,60,69,47,48,45,43,63,47,,49,50,62,54,67,61,50,46,,47,42,67,58,42,48,48,36,40,27,48,33,34,75,61,113,124,110,,149,42,60,100,43,57,77,84,76,103,70,,89,,70,,89,113,119,110,115,74,95,122,82,102,78,124,128,82,106,101,93,107,70,119,100,129,93,100,,,,65,,
20260622,22,O3_8h,172,186,156,144,160,159,182,141,140,183,185,167,162,161,155,148,134,109,98,79,97,77,107,109,108,110,86,92,111,112,96,112,100,73,102,108,109,64,69,107,81,105,84,75,93,134,128,82,181,97,136,77,76,106,76,60,86,70,66,116,107,83,77,104,56,103,83,70,120,126,145,132,143,115,75,74,153,131,159,107,161,173,145,123,194,189,133,177,124,109,155,167,169,119,110,131,102,89,96,78,78,66,107,63,112,103,77,71,61,131,149,145,141,144,126,133,137,126,177,107,97,84,113,97,102,80,130,149,130,132,95,114,63,79,75,87,77,62,96,82,79,88,74,89,58,77,86,58,60,82,133,113,102,103,122,157,165,152,122,114,,,,,,,,,,,,,,,,,,,,,,,,,,,,,,94,102,102,135,136,160,115,161,128,137,147,76,125,146,,87,135,163,128,137,131,124,119,120,119,129,124,94,69,70,54,76,69,54,80,101,63,101,97,102,84,95,62,105,97,100,102,107,85,81,134,83,89,75,146,68,67,82,80,82,82,80,72,94,139,141,151,95,95,98,102,88,66,99,91,68,85,84,69,74,95,78,72,67,82,73,72,58,50,53,79,84,92,69,81,85,80,45,80,91,90,70,63,103,109,51,49,86,65,83,57,,64,94,60,65,54,65,61,54,,44,59,66,84,55,54,61,46,50,44,70,49,58,90,95,122,124,119,,176,80,81,135,71,97,132,87,138,157,89,,94,,98,,122,143,149,140,123,83,134,127,143,141,110,124,133,107,123,112,115,129,102,123,107,131,110,106,,,,82,,
20260622,22,O3_8h_24h,156,157,153,111,130,153,171,129,133,178,174,162,157,149,133,138,122,99,92,79,95,77,101,104,102,103,86,91,106,105,89,103,93,59,87,97,93,64,60,103,70,79,71,53,92,124,106,61,176,92,129,68,63,90,63,55,75,65,60,94,96,75,73,98,54,97,80,64,120,120,135,123,126,114,56,62,137,122,149,91,151,160,115,114,187,179,124,165,118,97,144,158,167,112,104,125,98,74,84,71,66,61,103,62,106,77,67,70,58,127,137,131,127,134,97,124,127,104,166,96,95,67,108,97,102,80,123,140,124,120,83,109,60,70,68,74,66,46,96,77,79,82,65,82,54,74,81,56,58,79,129,109,100,89,112,142,156,134,122,108,,,,,,,,,,,,,,,,,,,,,,,,,,,,,,73,98,94,132,127,152,114,147,117,123,117,70,120,141,,79,135,115,118,127,124,109,84,96,86,129,123,79,59,59,36,60,63,50,66,92,61,91,89,100,83,95,60,105,83,96,84,103,85,81,111,57,66,64,132,58,61,67,61,73,51,60,61,81,133,134,147,90,89,88,95,80,61,89,78,60,82,69,61,67,66,68,67,59,63,68,66,56,48,50,61,84,90,63,78,78,73,45,77,91,89,64,60,92,99,51,48,77,58,78,46,,56,78,59,64,54,65,58,46,,42,53,61,78,52,53,54,40,46,39,59,46,54,86,89,121,124,118,,163,70,76,129,66,84,126,86,128,146,86,,94,,91,,117,136,142,135,120,77,124,126,131,133,105,124,131,105,120,112,113,128,95,123,107,131,109,106,,,,81,,
20260622,22,CO,0.33,0.54,0.24,0.35,0.30,0.30,0.35,0.37,0.35,0.28,0.40,0.38,0.35,0.65,0.46,0.52,0.49,0.35,0.58,0.40,0.40,0.47,0.48,0.34,0.40,0.54,0.56,0.56,0.42,0.52,0.70,0.44,0.47,0.71,0.43,0.40,0.61,0.57,0.58,0.43,0.60,0.63,0.30,0.50,0.53,0.50,0.38,0.72,0.48,0.43,0.49,0.57,0.57,0.52,0.53,0.57,0.53,0.35,0.43,0.43,0.53,0.43,0.57,0.35,0.52,0.51,0.53,0.37,0.28,0.72,0.60,0.45,0.42,0.41,0.38,0.63,0.33,0.56,0.44,0.68,0.47,0.43,0.50,0.23,0.50,0.40,0.34,0.45,0.32,0.35,0.40,0.55,0.33,0.44,0.30,0.36,0.63,0.55,0.43,0.53,0.65,0.50,0.80,0.47,0.50,0.70,0.57,0.60,0.37,0.30,0.41,0.62,0.72,0.66,0.48,0.76,0.52,0.78,0.62,0.37,0.30,0.30,0.33,0.40,0.47,0.44,0.57,0.40,0.52,0.40,0.63,0.53,0.35,0.43,0.63,0.80,0.70,0.60,0.45,0.61,0.40,0.47,0.65,0.33,0.53,0.40,0.57,0.30,0.55,0.43,0.50,0.65,0.50,0.58,0.60,0.50,0.47,0.64,0.30,0.20,,,,,,,,,,,,,,,,,,,,,,,,,,,,,,0.53,0.40,0.55,0.47,0.30,0.50,0.60,0.60,0.40,0.37,0.37,0.30,0.55,0.45,,0.25,0.35,0.57,1.03,0.25,0.70,0.30,0.50,0.45,0.60,0.35,0.35,0.27,0.37,0.30,1.23,0.50,0.30,0.37,0.35,0.20,0.20,0.40,0.32,0.30,0.85,0.55,0.45,0.30,0.48,0.20,0.28,0.30,0.55,0.43,0.40,0.77,0.40,0.45,0.65,0.47,0.40,0.47,0.35,0.30,0.35,0.55,0.65,0.45,0.54,0.42,0.40,0.57,0.56,0.55,0.60,0.33,0.33,0.73,0.74,0.57,0.60,0.60,0.57,0.60,0.63,0.55,0.87,0.55,0.80,0.65,0.67,0.50,0.40,0.30,0.30,0.63,0.60,0.53,0.33,0.45,0.53,0.80,0.40,0.60,0.53,0.55,0.47,0.60,0.55,0.38,0.30,0.65,0.65,0.35,0.40,,0.20,0.40,0.33,0.63,0.40,0.40,0.40,0.55,,0.55,0.40,0.40,0.55,0.65,0.45,0.40,0.10,0.15,0.55,0.40,0.50,0.65,0.50,0.55,0.25,0.45,0.40,,0.30,0.50,0.47,0.27,1.00,0.75,0.35,0.35,0.30,0.45,0.75,,0.55,,0.35,,0.25,0.50,0.40,0.20,0.40,0.40,0.30,0.30,0.40,0.30,0.40,0.40,0.15,0.30,0.35,0.65,0.20,0.60,0.45,0.45,0.50,0.20,0.40,0.20,,,,0.50,,
20260622,22,CO_24h,0.38,0.49,0.42,0.57,0.70,0.35,0.44,0.30,0.35,0.40,0.40,0.38,0.42,0.65,0.48,0.76,0.49,0.30,0.44,0.38,0.64,0.52,0.48,0.39,0.40,0.56,0.60,0.67,0.50,0.52,0.68,0.46,0.50,0.81,0.49,0.40,0.66,0.63,0.58,0.43,0.60,0.63,0.40,0.45,0.59,0.47,0.40,0.63,0.34,0.46,0.42,0.60,0.56,0.45,0.51,0.57,0.43,0.30,0.43,0.43,0.53,0.40,0.56,0.35,0.49,0.51,0.47,0.42,0.27,0.64,0.70,0.50,0.40,0.30,0.42,0.60,0.44,0.48,0.60,0.55,0.37,0.60,0.57,0.40,0.54,0.40,0.40,0.42,0.48,0.35,0.38,0.42,0.43,0.52,0.23,0.38,0.57,0.60,0.43,0.63,0.55,0.45,0.75,0.40,0.40,0.50,0.43,0.55,0.33,0.20,0.47,0.70,0.90,0.68,0.48,0.98,0.57,0.80,0.70,0.34,0.38,0.27,0.30,0.55,0.63,0.68,0.47,0.33,0.50,0.43,0.55,0.40,0.38,0.43,0.65,0.78,0.70,0.47,0.50,0.63,0.35,0.47,0.57,0.53,0.50,0.37,0.57,0.25,0.55,0.43,0.43,0.55,0.45,0.66,0.55,0.40,0.40,0.46,0.28,0.20,,,,,,,,,,,,,,,,,,,,,,,,,,,,,,0.50,0.40,0.50,0.63,0.23,0.50,0.70,0.67,0.50,0.63,0.33,0.30,0.60,0.50,,0.20,0.35,0.47,0.63,0.40,0.70,0.23,0.40,0.60,0.40,0.30,0.15,0.27,0.23,0.17,0.30,0.42,0.25,0.33,0.30,0.20,0.25,0.37,0.26,0.30,0.63,0.63,0.50,0.30,0.44,0.20,0.35,0.23,0.53,0.37,0.40,0.80,0.30,0.30,0.75,0.57,0.50,0.75,0.60,0.30,0.25,0.65,0.57,0.55,0.42,0.42,0.35,0.43,0.44,0.47,0.50,0.27,0.45,0.70,0.68,0.77,0.63,0.60,0.67,0.60,0.60,0.55,0.93,0.45,0.90,0.55,0.60,0.50,0.35,0.30,0.20,0.60,0.60,0.57,0.37,0.45,0.43,0.80,0.20,0.50,0.53,0.45,0.43,0.65,0.55,0.42,0.35,0.50,0.60,0.30,0.30,,0.20,0.45,0.47,0.43,0.40,0.45,0.30,0.45,,0.55,0.40,0.40,0.55,0.70,0.45,0.50,0.10,0.15,0.50,0.40,0.45,0.55,0.50,0.50,0.20,0.45,0.40,,0.30,0.45,0.47,0.27,0.60,0.75,0.40,0.35,0.30,0.30,0.60,,0.50,,0.45,,0.25,0.50,0.40,0.20,0.40,0.30,0.20,0.30,0.33,0.35,0.30,0.50,0.10,0.20,0.35,0.65,0.15,0.40,0.30,0.45,0.50,0.20,0.30,0.20,,,,0.40,,
20260622,23,AQI,30,33,38,51,28,35,58,30,28,47,46,40,38,42,37,35,27,30,30,26,28,27,28,30,40,30,26,24,30,30,27,30,30,14,20,30,20,25,31,24,18,22,17,39,28,33,25,23,52,26,41,19,19,26,24,16,21,16,23,20,22,26,25,22,19,22,24,16,38,31,35,36,56,29,16,17,40,53,31,40,42,30,23,28,45,46,31,51,26,34,27,50,66,26,36,33,30,18,24,25,31,15,33,20,41,51,24,31,16,48,33,34,44,47,30,46,32,40,41,27,25,28,30,28,29,31,44,41,41,40,41,27,21,23,19,20,17,39,30,24,23,18,22,19,13,19,19,15,21,18,34,41,21,19,37,62,59,60,38,31,,,,,,,,,,,,,,,,,,,,,,,,,,,,,,31,31,46,42,56,31,37,47,64,40,36,30,45,36,,25,43,29,56,31,34,30,32,29,39,29,32,18,36,33,47,21,26,20,34,20,16,36,33,34,30,29,16,31,34,37,29,48,27,24,34,23,24,23,35,16,16,31,22,25,39,23,34,18,41,49,44,41,46,29,48,48,17,27,34,14,30,20,16,16,17,16,30,40,19,24,29,20,18,15,44,30,27,21,33,26,45,21,25,50,25,18,14,18,23,13,14,18,10,18,23,,14,14,26,33,29,20,21,20,,10,14,26,18,30,16,15,12,13,33,14,32,27,24,17,35,36,39,,46,19,19,28,13,17,54,27,46,56,34,,25,,23,,46,34,36,35,37,24,25,38,45,46,25,37,40,29,32,70,39,52,37,37,51,38,40,32,,,,28,,
20260622,23,PM2.5,9,12,10,16,5,14,22,10,3,16,18,16,13,26,25,16,12,17,10,10,3,4,3,5,28,7,3,8,4,4,4,4,7,8,3,19,12,5,22,12,6,7,6,19,3,20,13,3,28,8,29,5,5,12,8,9,15,6,11,9,11,14,13,14,7,7,13,6,10,22,19,25,23,11,3,9,16,18,8,23,18,6,11,3,11,22,5,26,10,22,6,35,48,4,25,4,14,12,15,10,22,5,15,11,18,19,17,17,3,33,12,24,15,27,10,20,14,18,12,13,4,16,15,3,3,3,31,20,29,23,27,13,6,16,3,3,4,27,15,13,12,3,13,5,4,3,3,5,9,5,21,29,5,10,21,28,23,20,14,7,,,,,,,,,,,,,,,,,,,,,,,,,,,,,,22,14,24,26,16,18,7,25,16,11,16,7,15,15,,10,10,13,17,16,17,18,9,7,9,13,21,10,19,15,22,8,18,10,18,3,11,25,23,24,16,3,3,8,24,26,7,25,9,11,18,16,17,16,24,6,7,11,10,11,11,8,9,4,29,34,27,29,30,19,24,23,3,17,21,4,21,3,3,3,7,5,21,28,3,15,18,3,3,3,16,14,17,12,23,13,27,15,12,27,3,3,4,8,3,8,3,10,5,5,6,,3,10,17,23,3,7,7,13,,7,5,12,7,13,11,8,7,5,12,3,8,11,3,3,13,3,14,,3,13,3,8,3,8,16,5,,23,9,,8,,6,,16,24,7,11,16,6,3,8,21,13,12,13,18,11,16,51,24,23,18,22,17,3,22,11,,,,10,,
20260622,23,PM2.5_24h,17,21,15,23,15,9,22,12,9,30,23,12,11,29,18,10,10,10,9,8,6,7,3,7,17,4,3,3,3,5,9,9,17,26,14,23,26,25,20,20,14,19,18,14,3,26,18,13,14,11,22,8,14,11,7,7,11,9,10,8,11,12,12,11,6,9,10,5,7,11,16,16,13,9,12,15,17,14,11,16,12,18,24,16,17,13,11,17,18,8,12,22,17,13,9,5,15,12,14,10,14,5,17,9,14,22,12,11,3,20,16,23,20,21,10,11,8,10,20,9,8,9,10,9,6,13,14,13,24,20,19,11,6,16,2,7,4,13,13,13,10,7,8,7,4,3,3,2,6,6,13,12,10,10,8,20,17,15,7,18,,,,,,,,,,,,,,,,,,,,,,,,,,,,,,15,13,18,19,13,25,6,26,14,16,11,11,15,15,,4,8,9,8,4,14,9,4,9,6,11,13,7,15,15,15,12,20,11,16,8,9,12,12,17,5,5,7,8,17,18,6,13,3,13,25,14,12,12,28,12,11,13,18,12,11,15,10,16,17,17,13,19,20,15,18,17,6,16,21,3,16,2,5,5,8,5,13,17,6,12,14,9,10,5,14,11,13,14,17,14,17,8,12,14,3,,3,3,4,5,1,6,3,3,7,,2,11,12,13,5,6,6,12,,8,11,10,5,9,9,5,5,5,9,6,10,12,7,4,4,2,10,,5,5,7,12,4,5,19,6,16,18,10,,10,,6,,9,16,14,10,8,5,2,6,12,12,8,21,10,7,5,32,24,13,7,9,9,3,6,9,,,,9,,
20260622,23,PM10,22,33,38,51,28,20,66,20,9,47,46,40,29,42,37,35,24,30,30,14,10,7,6,12,30,11,11,16,8,8,9,9,10,12,14,30,20,9,18,19,16,22,16,39,6,33,25,6,54,12,40,9,10,26,24,16,21,14,23,20,22,26,25,22,19,17,24,16,23,31,35,25,62,29,7,17,40,55,22,40,19,15,23,10,45,46,24,52,24,34,24,38,57,12,20,18,30,18,24,25,30,15,33,20,41,52,24,31,14,48,29,31,44,47,21,46,32,40,41,27,15,28,30,8,8,6,43,41,38,40,41,20,10,20,13,6,6,36,29,24,16,9,22,15,13,15,10,6,21,18,34,36,10,19,37,73,67,69,31,30,,,,,,,,,,,,,,,,,,,,,,,,,,,,,,31,31,46,42,61,30,12,47,77,40,36,30,45,36,,25,28,29,62,31,30,27,29,29,39,26,26,18,36,33,47,21,24,20,34,12,14,27,24,32,30,6,13,10,30,30,7,48,16,14,34,23,22,23,35,12,16,31,22,25,39,23,34,18,41,45,44,37,46,29,48,48,15,27,34,13,27,18,10,7,15,14,27,31,11,24,29,6,6,7,44,30,27,21,31,26,45,20,25,50,13,6,9,18,23,9,10,18,10,18,23,,6,14,26,31,29,12,21,17,,9,8,26,11,30,12,9,7,7,33,10,32,27,14,17,30,10,39,,10,15,8,28,6,16,58,25,46,61,34,,22,,23,,46,30,19,29,28,24,15,27,45,46,25,31,28,29,31,86,39,53,37,37,51,28,40,29,,,,28,,
20260622,23,PM10_24h,47,48,35,54,50,15,44,30,28,58,44,34,25,42,41,28,21,20,22,9,8,9,6,11,24,9,8,8,6,6,12,13,17,34,24,35,35,30,20,30,21,35,30,25,5,38,32,17,42,15,27,11,20,22,18,13,18,16,20,19,21,20,27,19,16,15,24,11,12,18,32,23,40,26,21,25,35,34,29,24,24,39,38,19,38,34,29,45,29,29,35,41,36,18,18,18,28,23,24,22,21,16,26,16,29,39,23,25,9,33,42,28,40,43,22,27,28,26,52,17,20,18,25,13,11,16,20,21,29,31,29,18,11,20,11,9,6,26,31,25,21,16,12,20,14,14,13,8,15,12,18,17,16,14,21,61,41,41,27,60,,,,,,,,,,,,,,,,,,,,,,,,,,,,,,23,17,31,31,38,34,12,41,39,49,35,23,48,39,,15,26,32,31,26,33,19,18,23,26,19,22,14,19,24,20,19,24,14,27,13,11,15,10,24,13,8,13,7,21,23,5,14,7,13,40,22,21,21,40,21,20,33,32,23,29,29,31,30,24,32,23,22,23,25,25,30,21,19,29,12,20,10,9,9,19,10,25,22,16,16,21,19,20,8,30,29,28,25,23,30,27,25,25,32,13,4,11,13,22,8,9,10,7,12,21,,7,17,20,17,21,11,14,14,,13,13,22,10,25,12,7,6,9,24,9,19,22,14,11,10,12,20,,17,7,12,22,8,11,28,20,43,42,31,,20,,27,,20,24,21,17,20,17,5,16,33,31,15,52,29,24,27,59,48,35,33,19,36,25,31,37,,,,21,,
20260622,23,SO2,2,8,2,9,7,4,4,3,3,3,8,4,4,10,8,6,7,6,7,6,5,6,4,5,8,6,5,7,4,8,7,7,5,6,5,5,6,6,4,5,7,2,5,5,7,5,3,7,8,6,5,4,5,6,5,6,5,5,5,4,5,12,4,5,8,5,8,6,6,5,8,21,5,5,5,5,8,7,7,9,8,9,3,8,12,10,8,14,15,6,5,6,9,7,4,10,16,6,7,5,9,6,6,5,4,6,4,9,4,5,8,10,7,10,11,10,12,7,8,11,3,6,6,5,6,3,14,3,8,6,5,8,7,6,4,7,8,8,3,5,2,8,9,5,3,8,4,6,3,3,5,6,3,7,7,5,7,15,6,4,,,,,,,,,,,,,,,,,,,,,,,,,,,,,,5,4,5,3,8,9,5,9,6,9,7,4,9,5,,6,10,7,11,10,6,6,7,9,10,1,4,7,9,5,7,6,4,8,9,8,6,6,7,4,9,4,4,8,5,4,5,4,4,7,4,6,4,7,5,4,9,4,5,3,7,2,5,5,6,6,6,3,5,6,4,6,4,8,7,4,7,4,5,7,4,5,6,3,4,6,4,6,5,3,8,5,4,5,10,17,12,3,6,4,6,8,9,4,7,7,4,7,8,4,3,,6,7,3,6,3,6,4,3,,4,5,8,8,6,6,2,3,2,8,5,7,5,8,7,5,7,5,,5,4,4,14,5,8,10,11,9,6,9,,4,,8,,4,7,8,10,12,12,6,19,6,6,7,6,5,8,5,4,7,3,4,6,5,7,6,5,,,,4,,
20260622,23,SO2_24h,4,9,3,7,12,4,6,3,5,3,8,4,5,11,10,9,8,6,6,6,5,5,4,6,7,6,5,6,4,9,7,7,5,6,5,5,6,6,5,5,6,2,4,5,7,5,3,8,7,6,4,4,5,6,5,6,5,6,5,3,5,8,4,4,8,5,11,5,6,5,9,12,6,5,5,6,10,7,10,5,8,17,3,9,12,11,10,12,11,5,5,7,9,8,4,9,12,6,7,4,8,6,6,5,5,12,4,10,5,7,10,11,7,14,16,10,11,9,13,6,4,6,6,5,6,3,9,3,8,9,5,8,7,6,5,7,8,5,3,5,2,10,9,11,3,8,4,6,3,3,5,5,2,7,6,10,11,11,6,5,,,,,,,,,,,,,,,,,,,,,,,,,,,,,,5,3,6,4,5,11,6,11,5,21,9,5,12,9,,6,10,11,9,10,7,5,7,10,10,1,5,7,9,5,8,6,4,8,6,10,5,6,6,4,9,5,4,8,5,4,5,4,4,6,4,8,4,5,6,5,10,6,13,4,7,4,5,8,7,8,6,3,5,5,4,5,4,8,7,5,6,4,6,7,3,5,7,3,4,5,5,6,7,3,7,5,4,7,5,12,11,5,9,5,6,8,9,4,8,6,5,7,7,3,3,,6,9,5,6,3,6,4,3,,5,5,10,9,5,6,2,3,3,8,5,7,5,9,7,5,7,5,,5,4,5,9,5,8,14,10,10,7,9,,4,,8,,4,9,9,10,11,12,7,20,8,7,7,7,6,8,5,4,6,3,4,6,5,7,6,7,,,,4,,
20260622,23,NO2,11,21,11,26,24,12,32,10,8,12,25,20,6,27,26,32,21,44,38,13,9,12,5,10,17,3,12,13,8,3,7,4,7,16,11,8,18,7,11,4,16,7,7,16,9,11,17,4,20,10,16,10,5,19,12,3,11,3,7,8,13,12,8,12,12,12,8,11,7,16,14,22,47,26,6,9,22,30,14,28,12,21,13,11,35,15,14,23,17,16,14,7,16,13,13,13,20,8,14,7,17,7,17,2,23,14,10,5,6,14,14,7,17,19,21,21,34,27,25,23,8,11,15,7,4,10,16,13,19,15,15,12,7,8,8,6,9,18,5,10,7,11,20,7,25,7,7,7,11,9,16,19,14,14,22,33,47,49,3,7,,,,,,,,,,,,,,,,,,,,,,,,,,,,,,6,13,15,15,26,14,4,31,39,19,27,7,10,22,,21,5,42,29,36,13,60,63,15,17,15,10,7,28,20,15,7,16,13,25,15,4,19,10,7,18,4,5,4,10,4,6,11,12,6,18,21,20,10,13,5,14,16,4,8,10,5,4,7,14,15,15,14,20,7,24,11,6,13,15,12,8,6,4,10,8,4,6,5,8,12,9,5,4,7,28,7,9,10,12,9,18,5,9,10,10,7,10,7,13,10,16,13,15,5,7,,10,6,8,7,3,5,5,6,,6,9,6,5,8,7,4,3,5,7,8,7,9,9,17,3,4,14,,3,13,8,22,8,15,38,6,24,49,16,,9,,6,,21,14,2,2,5,1,29,2,21,20,11,5,5,29,8,10,13,24,18,17,6,10,21,5,,,,5,,
20260622,23,NO2_24h,19,25,9,23,25,7,17,10,12,18,26,16,6,16,17,25,16,27,24,15,9,19,5,11,10,3,16,14,9,3,7,4,10,19,12,9,16,18,16,6,16,17,13,10,8,10,16,10,25,12,10,8,5,13,11,3,9,4,8,9,11,8,9,6,11,11,8,7,8,7,19,14,14,11,8,10,17,14,18,11,13,27,14,10,27,11,17,26,14,24,18,14,19,16,17,14,13,8,11,6,9,5,11,3,13,14,6,5,5,12,13,7,13,19,18,16,22,20,28,15,10,8,10,10,7,18,8,7,12,10,11,7,10,7,9,4,9,7,5,8,7,9,13,10,10,6,10,7,6,6,6,10,11,7,7,19,14,20,3,10,,,,,,,,,,,,,,,,,,,,,,,,,,,,,,7,7,11,9,12,11,4,15,18,19,15,8,12,12,,8,4,23,15,19,16,24,26,14,11,9,11,11,10,10,11,7,11,11,9,11,3,9,8,7,12,8,5,3,9,2,5,6,9,7,13,11,11,6,11,6,8,13,9,6,10,8,6,9,9,10,10,7,12,6,9,8,6,8,12,8,8,5,6,7,6,3,8,5,7,6,5,6,6,8,18,7,9,8,9,10,12,5,7,9,8,7,6,10,18,8,15,8,9,4,5,,7,11,10,4,7,5,5,4,,4,6,12,6,7,6,4,3,6,5,7,8,10,9,11,5,5,10,,3,7,6,9,6,9,14,10,15,16,12,,9,,7,,11,9,4,2,6,2,9,2,13,16,7,13,8,13,6,10,8,10,5,10,3,8,7,6,,,,4,,
20260622,23,O3,95,93,121,72,89,112,94,97,88,127,92,121,120,92,78,82,85,51,56,82,88,85,91,97,69,96,82,77,96,96,85,95,96,46,63,72,45,81,70,78,57,43,54,46,88,86,58,73,140,84,96,61,61,40,35,50,42,51,46,54,43,42,64,53,42,69,57,46,120,81,106,86,58,85,50,52,77,88,98,33,133,97,67,91,123,127,98,112,84,86,85,107,142,83,84,104,70,53,59,53,30,49,85,58,56,46,51,68,51,89,106,87,68,81,97,101,69,63,107,60,80,32,76,90,92,98,78,103,94,67,59,87,68,71,61,65,54,14,95,58,72,56,32,61,24,61,62,48,37,51,92,64,68,32,60,75,96,78,122,99,,,,,,,,,,,,,,,,,,,,,,,,,,,,,,75,63,69,94,86,100,117,83,54,90,54,51,74,101,,38,136,36,94,73,109,54,11,44,37,94,101,49,7,17,9,23,26,35,28,64,36,65,74,83,77,94,52,100,77,78,93,80,85,76,57,19,24,35,79,50,30,44,38,63,48,58,50,55,98,93,115,56,54,70,57,75,55,61,64,46,84,63,51,52,54,51,37,35,60,51,50,63,58,48,13,79,80,49,67,57,40,53,56,91,79,58,44,58,61,42,45,44,31,55,27,,44,46,59,49,74,65,52,64,,24,44,71,58,43,41,47,38,41,25,45,35,37,76,49,112,114,107,,148,32,60,90,43,54,74,85,66,61,60,,79,,67,,62,91,116,112,117,73,80,123,83,96,71,117,127,77,103,94,106,88,72,105,88,121,76,102,,,,63,,
20260622,23,O3_24h,95,93,121,72,89,112,94,97,88,127,92,121,120,92,78,82,85,51,56,82,88,85,91,97,69,96,82,77,96,96,85,95,96,46,63,72,45,81,70,78,57,43,54,46,88,86,58,73,140,84,96,61,61,40,35,50,42,51,46,54,43,42,64,53,42,69,57,46,120,81,106,86,58,85,50,52,77,88,98,33,133,97,67,91,123,127,98,112,84,86,85,107,142,83,84,104,70,53,59,53,30,49,85,58,56,46,51,68,51,89,106,87,68,81,97,101,69,63,107,60,80,32,76,90,92,98,78,103,94,67,59,87,68,71,61,65,54,14,95,58,72,56,32,61,24,61,62,48,37,51,92,64,68,32,60,75,96,78,122,99,,,,,,,,,,,,,,,,,,,,,,,,,,,,,,75,63,69,94,86,100,117,83,54,90,54,51,74,101,,38,136,36,94,73,109,54,11,44,37,94,101,49,7,17,9,23,26,35,28,64,36,65,74,83,77,94,52,100,77,78,93,80,85,76,57,19,24,35,79,50,30,44,38,63,48,58,50,55,98,93,115,56,54,70,57,75,55,61,64,46,84,63,51,52,54,51,37,35,60,51,50,63,58,48,13,79,80,49,67,57,40,53,56,91,79,58,44,58,61,42,45,44,31,55,27,,44,46,59,49,74,65,52,64,,24,44,71,58,43,41,47,38,41,25,45,35,37,76,49,112,114,107,,148,32,60,90,43,54,74,85,66,61,60,,79,,67,,62,91,116,112,117,73,80,123,83,96,71,117,127,77,103,94,106,88,72,105,88,121,76,102,,,,63,,
20260622,23,O3_8h,172,186,156,144,160,159,182,141,140,183,185,167,162,161,155,148,134,109,98,80,97,82,107,109,108,110,87,92,111,112,96,112,100,73,102,108,109,66,69,107,81,105,84,75,93,134,128,82,181,97,136,77,76,106,76,60,86,70,66,116,107,83,77,104,56,103,83,70,121,126,145,132,143,115,75,74,153,131,159,107,161,173,145,123,194,189,133,177,124,109,155,167,169,119,111,131,102,89,96,78,78,66,107,63,112,103,77,71,61,131,149,145,141,144,126,133,137,126,177,107,97,84,113,97,102,83,130,149,130,132,95,114,65,79,75,87,77,62,96,82,80,88,74,89,58,77,86,58,60,82,133,113,102,103,122,157,165,152,123,114,,,,,,,,,,,,,,,,,,,,,,,,,,,,,,94,102,102,135,136,160,116,161,128,137,147,76,125,146,,87,136,163,128,137,131,124,119,120,119,129,124,94,69,70,54,76,69,54,80,101,63,101,97,102,84,96,62,105,97,100,102,107,86,83,134,83,89,75,146,68,67,82,80,82,82,80,72,94,139,141,151,95,95,98,102,88,66,99,91,68,85,84,69,74,95,78,72,67,82,73,72,58,50,53,79,84,92,69,81,85,80,46,80,91,90,70,63,103,109,51,49,86,65,83,57,,64,94,60,65,56,65,61,54,,44,59,66,84,55,54,61,46,50,44,70,49,58,90,95,122,124,119,,176,80,81,135,71,97,132,87,138,157,89,,94,,98,,122,143,149,140,123,83,134,127,143,141,110,124,133,107,123,112,115,129,102,123,107,133,110,106,,,,82,,
20260622,23,O3_8h_24h,146,145,149,99,119,147,159,121,127,171,164,157,151,140,119,129,115,90,87,79,93,82,98,103,97,101,86,89,104,103,88,101,93,55,81,91,84,66,60,99,68,69,67,50,91,118,96,58,171,90,124,66,60,82,56,54,68,63,57,84,88,70,71,90,52,92,72,61,121,115,130,116,115,110,52,61,126,116,141,81,146,148,103,110,179,171,120,156,112,93,135,149,165,107,101,122,94,70,80,67,60,58,101,62,99,70,64,69,57,121,130,123,118,125,94,119,118,96,156,90,92,60,103,97,101,83,117,134,118,112,79,105,62,70,67,72,65,39,96,73,80,78,59,78,49,72,77,54,54,75,125,103,96,79,104,132,147,124,122,106,,,,,,,,,,,,,,,,,,,,,,,,,,,,,,74,94,88,127,121,145,116,137,106,116,106,67,113,135,,73,136,97,114,119,120,100,70,86,75,126,119,73,50,54,31,53,57,47,61,88,59,86,88,97,83,96,59,104,83,94,87,100,86,83,100,48,58,59,122,55,56,61,55,71,48,58,58,77,127,128,141,84,84,86,89,80,59,84,76,57,83,67,59,65,64,65,62,55,63,65,63,55,49,50,52,84,88,60,75,75,68,46,73,91,87,62,57,86,93,49,47,72,53,75,41,,53,72,59,62,56,65,57,47,,38,51,61,74,50,51,52,39,45,36,56,43,51,85,83,120,123,116,,159,63,73,123,62,78,117,85,118,134,83,,94,,86,,110,129,137,132,119,76,116,125,123,128,100,123,130,101,118,110,113,124,91,121,104,133,105,106,,,,79,,
20260622,23,CO,0.35,0.49,0.26,0.32,0.30,0.45,0.31,0.37,0.35,0.38,0.30,0.35,0.38,0.62,0.48,0.57,0.50,0.35,0.63,0.39,0.39,0.49,0.48,0.36,0.42,0.54,0.56,0.61,0.38,0.50,0.70,0.42,0.42,0.69,0.43,0.40,0.59,0.50,0.70,0.37,0.60,0.60,0.30,0.50,0.53,0.50,0.38,0.67,0.43,0.44,0.50,0.49,0.57,0.52,0.51,0.53,0.53,0.30,0.43,0.43,0.53,0.43,0.56,0.38,0.51,0.49,0.53,0.41,0.28,0.71,0.57,0.60,0.48,0.42,0.33,0.63,0.30,0.58,0.48,0.65,0.40,0.35,0.40,0.20,0.46,0.40,0.34,0.63,0.36,0.37,0.42,0.45,0.33,0.44,0.27,0.35,0.67,0.52,0.40,0.53,0.65,0.50,0.65,0.47,0.50,0.60,0.50,0.65,0.27,0.30,0.40,0.60,0.80,0.68,0.48,0.98,0.68,0.74,0.52,0.38,0.30,0.27,0.33,0.38,0.47,0.46,0.61,0.55,0.57,0.47,0.63,0.53,0.35,0.43,0.65,0.80,0.70,0.60,0.48,0.63,0.40,0.45,0.72,0.33,0.57,0.37,0.57,0.25,0.57,0.45,0.50,0.65,0.55,0.58,0.75,0.40,0.53,0.48,0.28,0.25,,,,,,,,,,,,,,,,,,,,,,,,,,,,,,0.53,0.40,0.55,0.50,0.27,0.45,0.57,0.70,0.40,0.27,0.37,0.20,0.45,0.47,,0.20,0.35,0.57,0.90,0.30,0.63,0.33,0.40,0.50,0.40,0.30,0.30,0.27,0.43,0.33,0.97,0.45,0.25,0.37,0.35,0.20,0.20,0.38,0.32,0.30,0.90,0.55,0.50,0.30,0.48,0.20,0.28,0.30,0.55,0.33,0.40,0.87,0.30,0.35,0.65,0.50,0.70,0.47,0.35,0.30,0.25,0.58,0.63,0.45,0.52,0.43,0.45,0.60,0.58,0.55,0.53,0.33,0.33,0.73,0.74,0.60,0.60,0.60,0.60,0.60,0.60,0.55,0.88,0.55,0.80,0.65,0.67,0.50,0.40,0.30,0.25,0.67,0.60,0.50,0.43,0.40,0.53,0.80,0.40,0.60,0.53,0.45,0.47,0.60,0.60,0.43,0.30,0.60,0.65,0.35,0.30,,0.25,0.45,0.30,0.57,0.40,0.40,0.40,0.55,,0.60,0.35,0.30,0.55,0.65,0.45,0.50,0.10,0.15,0.60,0.40,0.45,0.55,0.50,0.50,0.20,0.40,0.40,,0.30,0.50,0.47,0.27,0.60,0.80,0.40,0.35,0.30,0.50,0.60,,0.50,,0.35,,0.30,0.50,0.40,0.10,0.40,0.40,0.30,0.30,0.27,0.30,0.40,0.40,0.10,0.35,0.35,0.70,0.20,0.70,0.45,0.55,0.60,0.20,0.45,0.20,,,,0.45,,
20260622,23,CO_24h,0.38,0.49,0.42,0.56,0.60,0.35,0.44,0.30,0.35,0.40,0.40,0.38,0.42,0.67,0.46,0.76,0.50,0.30,0.44,0.38,0.62,0.51,0.48,0.37,0.40,0.56,0.60,0.66,0.46,0.53,0.68,0.46,0.50,0.80,0.47,0.40,0.65,0.60,0.58,0.43,0.60,0.67,0.40,0.45,0.57,0.47,0.40,0.63,0.34,0.46,0.42,0.58,0.57,0.45,0.51,0.57,0.43,0.30,0.43,0.43,0.53,0.40,0.54,0.35,0.49,0.51,0.47,0.42,0.27,0.63,0.70,0.50,0.40,0.29,0.42,0.60,0.44,0.48,0.60,0.55,0.40,0.60,0.57,0.36,0.54,0.40,0.40,0.43,0.46,0.35,0.38,0.42,0.45,0.52,0.23,0.38,0.57,0.60,0.43,0.63,0.55,0.45,0.75,0.40,0.40,0.50,0.43,0.55,0.33,0.20,0.47,0.70,0.90,0.68,0.48,0.98,0.58,0.80,0.70,0.36,0.38,0.27,0.30,0.53,0.63,0.66,0.50,0.28,0.50,0.43,0.55,0.40,0.38,0.43,0.65,0.78,0.70,0.47,0.50,0.63,0.35,0.47,0.60,0.53,0.50,0.37,0.57,0.25,0.55,0.40,0.43,0.55,0.45,0.66,0.55,0.40,0.40,0.48,0.28,0.20,,,,,,,,,,,,,,,,,,,,,,,,,,,,,,0.50,0.40,0.50,0.67,0.23,0.50,0.70,0.70,0.50,0.60,0.33,0.30,0.55,0.50,,0.20,0.35,0.47,0.63,0.35,0.70,0.23,0.40,0.60,0.40,0.30,0.20,0.27,0.23,0.17,0.33,0.42,0.25,0.33,0.30,0.20,0.25,0.37,0.26,0.30,0.65,0.63,0.50,0.30,0.46,0.20,0.35,0.23,0.50,0.37,0.40,0.83,0.30,0.30,0.75,0.57,0.50,0.75,0.55,0.30,0.25,0.65,0.57,0.55,0.42,0.43,0.35,0.45,0.46,0.47,0.50,0.27,0.45,0.70,0.68,0.73,0.63,0.60,0.67,0.60,0.60,0.55,0.93,0.45,0.90,0.55,0.60,0.50,0.40,0.30,0.25,0.63,0.60,0.57,0.37,0.45,0.43,0.80,0.20,0.50,0.53,0.45,0.43,0.65,0.55,0.42,0.35,0.50,0.60,0.30,0.30,,0.20,0.45,0.47,0.43,0.40,0.45,0.30,0.50,,0.55,0.40,0.40,0.55,0.70,0.45,0.50,0.10,0.15,0.50,0.40,0.45,0.55,0.50,0.50,0.20,0.45,0.40,,0.30,0.45,0.47,0.27,0.60,0.75,0.40,0.35,0.30,0.40,0.60,,0.50,,0.45,,0.25,0.50,0.40,0.20,0.40,0.30,0.20,0.30,0.33,0.35,0.30,0.50,0.10,0.20,0.35,0.65,0.15,0.40,0.30,0.45,0.50,0.20,0.30,0.20,,,,0.40,,