date,hour,type,北京,天津,石家庄,唐山,秦皇岛,邯郸,保定,张家口,承德,廊坊,沧州,衡水,邢台,太原,呼和浩特,沈阳,大连,长春,哈尔滨,上海,南京,苏州,南通,连云港,徐州,扬州,无锡,常州,镇江,泰州,淮安,盐城,宿迁,杭州,宁波,温州,绍兴,湖州,嘉兴,台州,舟山,金华,衢州,丽水,合肥,福州,厦门,南昌,济南,青岛,郑州,武汉,长沙,广州,深圳,珠海,佛山,中山,江门,东莞,惠州,肇庆,南宁,海口,重庆,成都,贵阳,昆明,拉萨,西安,兰州,西宁,银川,乌鲁木齐,湘潭,株洲,包头,鄂尔多斯,营口,丹东,盘锦,葫芦岛,泉州,临沂,德州,聊城,滨州,淄博,枣庄,烟台,潍坊,济宁,泰安,日照,威海,东营,韶关,汕头,湛江,茂名,梅州,汕尾,河源,阳江,清远,潮州,揭阳,云浮,玉溪,菏泽,大同,长治,临汾,阳泉,赤峰,鞍山,抚顺,本溪,锦州,吉林,齐齐哈尔,牡丹江,大庆,芜湖,马鞍山,九江,洛阳,安阳,开封,焦作,平顶山,三门峡,宜昌,荆州,岳阳,常德,张家界,桂林,北海,柳州,三亚,绵阳,宜宾,攀枝花,泸州,自贡,德阳,南充,遵义,曲靖,咸阳,铜川,延安,宝鸡,渭南,金昌,嘉峪关,石嘴山,克拉玛依,巴音郭楞州,寿光,章丘,即墨,胶南,胶州,莱西,平度,蓬莱,招远,莱州,荣成,文登,乳山,吴江,昆山,常熟,张家港,太仓,句容,江阴,宜兴,金坛,溧阳,海门,临安,富阳,义乌,诸暨,瓦房店,信阳,周口,漳州,晋城,朔州,晋中,运城,忻州,吕梁,乌海,通辽,呼伦贝尔,巴彦淖尔,乌兰察布,兴安盟,锡林郭勒盟,阿拉善盟,阜新,辽阳,铁岭,朝阳,四平,辽源,通化,白山,松原,白城,延边朝鲜族自治州,鸡西,鹤岗,双鸭山,伊春,佳木斯,七台河,黑河,绥化,大兴安岭地区,蚌埠,淮南,淮北,铜陵,安庆,黄山,滁州,阜阳,宿州,六安,亳州,池州,宣城,莆田,三明,南平,龙岩,宁德,景德镇,萍乡,新余,鹰潭,赣州,吉安,宜春,抚州,上饶,鹤壁,新乡,濮阳,许昌,漯河,南阳,商丘,驻马店,黄石,十堰,襄阳,鄂州,荆门,孝感,黄冈,咸宁,随州,恩施土家族苗族自治州,衡阳,邵阳,益阳,郴州,永州,怀化,娄底,湘西州,梧州,防城港,钦州,贵港,玉林,百色,贺州,河池,来宾,崇左,广元,遂宁,内江,乐山,眉山,广安,达州,雅安,巴中,资阳,阿坝藏族羌族自治州,甘孜州,甘孜藏族自治州,凉山彝族自治州,六盘水,安顺,铜仁地区,毕节,黔西南布依族苗族自治州,黔东南苗族侗族自治州,黔东南州,黔南布依族苗族自治州,保山,昭通,丽江,普洱,临沧,楚雄州,红河州,文山州,西双版纳州,大理州,德宏州,怒江州,迪庆州,昌都,山南,日喀则,那曲地区,那曲,阿里地区,林芝,汉中,榆林,安康,商洛,白银,天水,武威,张掖,平凉,酒泉,庆阳,定西,陇南,临夏回族自治州,甘南州,海东地区,海北藏族自治州,黄南藏族自治州,海南藏族自治州,果洛藏族自治州,玉树藏族自治州,海西蒙古族藏族自治州,吴忠,中卫,固原,吐鲁番地区,哈密地区,昌吉州,博尔塔拉蒙古自治州,阿克苏地区,克孜勒苏柯尔克孜自治州,喀什地区,和田地区,伊犁哈萨克州,塔城地区,阿勒泰地区,石河子,五家渠,三沙,兰州新区,赣江新区,儋州,雄安新区,西咸新区
20260403,0,AQI,106,115,133,118,97,59,135,64,72,118,148,74,65,74,63,71,83,154,210,35,60,39,85,76,75,76,52,65,70,129,90,98,106,73,38,55,33,57,29,50,46,35,42,28,29,26,35,50,55,89,32,41,36,47,41,42,46,32,44,45,41,30,46,38,35,53,71,32,26,52,194,49,85,55,29,24,102,97,74,80,98,81,28,76,59,63,80,56,83,88,58,61,58,91,83,108,17,32,37,32,29,32,29,36,44,30,31,36,54,65,59,52,73,112,36,93,125,67,85,219,59,177,99,49,58,30,61,58,53,73,39,85,23,21,27,34,20,41,36,81,34,26,47,23,49,26,35,25,45,33,88,68,56,52,79,417,77,122,46,104,,,,,,,,,,,,,,,,,,,,,,,,,,,,,,60,40,48,66,56,59,50,76,80,193,99,20,500,40,,60,86,61,69,90,60,91,163,56,66,86,79,78,199,71,144,36,149,173,52,170,18,57,52,61,71,41,34,64,63,59,33,63,49,27,32,20,34,21,28,40,24,31,31,24,26,27,27,26,63,52,43,29,40,42,68,35,36,36,47,35,25,32,33,27,52,36,36,33,27,34,63,16,39,21,52,50,51,80,39,59,53,86,48,88,45,16,30,51,47,23,34,47,33,23,23,,15,39,58,54,24,35,38,55,,23,46,44,27,74,68,34,58,55,124,33,70,26,28,27,27,23,52,,22,25,39,51,46,28,355,40,186,489,60,,44,,42,,68,50,58,45,60,41,28,92,90,309,47,62,35,34,86,124,88,183,96,84,71,32,44,42,,,,42,,
20260403,0,PM2.5,78,87,101,83,67,42,103,29,36,89,113,54,47,39,18,52,61,118,160,22,43,24,63,56,55,56,30,47,51,98,67,73,80,53,16,37,17,38,14,29,32,18,28,15,12,16,23,16,29,66,18,16,25,23,18,18,25,20,20,22,23,21,32,26,19,37,52,22,4,25,96,27,42,21,20,17,71,34,46,57,73,60,13,56,36,40,59,37,61,65,37,44,35,68,61,81,12,17,26,21,20,18,18,25,31,21,22,25,36,47,27,35,53,84,13,69,95,37,63,169,42,134,74,29,41,21,43,41,34,53,16,63,4,14,16,15,14,29,25,60,24,14,33,6,33,6,20,16,24,16,65,49,40,34,58,99,28,60,9,44,,,,,,,,,,,,,,,,,,,,,,,,,,,,,,43,23,33,43,19,31,30,56,28,106,74,8,424,13,,6,39,44,44,67,39,68,124,40,35,64,58,57,149,52,110,20,114,131,24,129,10,37,28,39,52,29,24,46,42,40,4,45,30,9,14,14,9,13,11,28,17,20,22,17,12,19,11,11,45,23,30,18,28,26,49,20,17,25,27,19,10,20,23,16,36,12,25,23,16,24,45,7,27,12,34,31,36,59,24,42,37,64,27,65,19,7,9,36,28,16,11,33,20,16,3,,5,8,41,33,17,20,26,39,,16,25,17,5,45,49,10,41,39,94,23,46,3,16,8,3,10,26,,3,5,26,21,22,11,123,23,87,112,34,,19,,17,,34,28,21,24,25,17,7,30,50,114,24,24,10,19,32,72,43,138,36,35,24,,9,11,,,,24,,
20260403,0,PM2.5_24h,40,42,58,42,27,60,58,24,23,53,55,39,53,33,37,59,29,88,134,48,43,49,69,77,47,68,40,49,57,79,56,66,70,30,24,22,24,38,39,23,28,20,25,14,32,11,13,37,24,64,36,34,24,21,15,16,30,19,30,19,16,35,38,24,21,27,24,23,7,42,33,22,23,23,26,25,35,17,46,45,43,31,10,89,41,39,41,27,55,45,31,37,35,74,44,45,17,11,22,24,17,15,19,29,22,15,14,25,27,41,24,42,31,45,22,58,58,49,42,126,52,126,65,32,45,26,66,68,38,71,35,49,22,26,21,19,20,30,25,55,23,31,33,19,21,15,27,16,25,20,45,37,23,35,50,56,34,34,11,32,,,,,,,,,,,,,,,,,,,,,,,,,,,,,,30,30,23,41,19,34,30,34,18,35,40,10,65,20,,5,18,37,60,60,30,63,77,57,61,53,38,43,154,105,75,55,144,179,13,129,7,40,44,41,37,31,25,49,40,48,29,39,29,24,8,19,14,20,14,30,25,36,31,19,19,31,27,23,74,68,51,35,36,26,43,32,28,34,31,30,25,34,34,20,37,16,25,31,25,23,37,20,24,14,23,41,34,39,31,38,30,41,50,45,22,9,18,21,19,21,16,21,18,16,7,,4,15,27,27,14,15,19,27,,19,28,21,7,50,41,23,39,38,67,22,45,18,9,5,6,3,24,,3,6,29,29,22,21,35,19,58,88,21,,23,,21,,19,20,18,15,23,10,7,15,26,38,17,27,20,24,21,51,28,45,40,32,11,3,20,28,,,,29,,
20260403,0,PM10,162,163,182,185,144,62,181,78,93,165,162,85,74,97,76,88,102,167,156,32,63,39,90,80,82,89,54,77,74,136,93,87,102,89,30,59,28,63,29,50,46,35,42,28,29,22,35,50,60,87,29,41,32,47,41,42,46,32,44,45,41,29,46,38,35,48,67,32,15,53,338,49,120,59,24,23,153,144,98,109,,73,15,83,67,76,94,62,93,78,65,64,65,107,70,106,16,25,31,32,24,24,26,33,44,26,28,34,58,75,68,54,88,174,36,121,123,83,72,202,53,151,100,49,64,23,72,62,56,76,39,77,15,21,27,34,17,34,35,66,31,26,45,23,49,26,35,25,45,33,104,72,51,54,101,517,103,193,46,157,,,,,,,,,,,,,,,,,,,,,,,,,,,,,,65,40,48,81,61,67,50,91,109,335,141,14,1768,40,,70,122,70,88,103,69,103,157,61,82,91,84,60,255,60,139,36,150,177,54,131,18,63,54,71,70,40,32,63,76,67,9,67,49,21,18,14,13,16,19,40,23,31,25,23,26,27,27,26,68,53,43,29,36,42,67,35,36,36,47,35,21,32,30,27,54,36,27,24,27,27,69,12,33,21,53,50,45,88,39,57,52,68,48,73,45,16,30,39,47,18,34,42,33,,23,,9,39,63,57,21,35,38,55,,19,46,44,11,97,50,34,54,46,119,28,90,9,28,11,22,17,54,,8,11,39,51,46,28,464,40,322,589,69,,44,,42,,86,50,65,45,69,41,12,134,130,427,47,73,28,34,122,197,126,268,141,117,91,11,44,42,,,,42,,
20260403,0,PM10_24h,110,102,134,104,84,91,142,59,75,105,116,106,107,73,74,96,66,120,242,67,68,69,102,101,69,99,70,83,70,106,80,81,81,56,41,35,38,57,56,40,45,38,40,27,69,22,24,53,53,83,51,51,36,40,33,34,46,35,52,36,30,54,49,36,36,34,46,35,23,83,85,45,68,57,37,38,71,57,90,87,59,65,19,114,95,73,79,61,90,100,81,61,55,106,88,81,30,21,29,37,25,23,29,42,35,23,25,42,42,66,65,59,66,101,57,101,99,92,76,159,79,158,98,54,73,44,89,86,53,98,61,71,33,35,33,26,20,46,42,65,30,49,44,36,32,35,42,24,39,36,76,65,61,62,83,269,163,87,41,107,,,,,,,,,,,,,,,,,,,,,,,,,,,,,,58,49,38,72,60,75,54,61,76,121,102,23,225,43,,22,66,79,96,87,67,95,102,79,92,96,75,57,240,145,98,73,177,247,29,175,19,67,70,72,68,51,37,71,71,73,44,62,48,44,21,26,21,24,22,41,32,52,41,29,37,40,41,47,101,97,82,52,50,48,56,59,53,49,54,54,42,61,48,33,64,28,37,36,30,33,51,32,33,20,38,54,54,61,50,52,43,57,64,64,42,18,29,31,43,26,35,30,26,22,24,,9,28,43,38,23,26,23,46,,31,44,34,15,89,49,32,49,47,86,27,62,28,17,8,33,14,31,,12,9,46,71,43,40,115,41,214,282,58,,53,,46,,45,48,37,32,61,27,21,68,78,110,49,83,69,46,84,145,79,145,192,81,44,16,56,65,,,,45,,
20260403,0,SO2,5,11,3,9,16,5,6,6,6,6,8,8,8,22,11,15,8,10,10,7,6,7,6,8,10,7,7,8,6,16,10,8,8,7,5,5,7,7,6,7,6,3,3,4,5,4,2,7,7,7,5,6,4,5,5,4,6,4,6,4,6,7,3,6,8,5,4,5,4,5,6,9,5,6,3,5,21,6,13,7,7,11,2,24,11,8,13,12,11,7,6,7,9,9,6,15,5,6,7,4,8,6,6,5,6,7,6,6,5,6,12,10,12,10,12,14,15,11,9,14,6,7,7,6,9,6,12,4,7,9,5,14,5,5,6,7,9,4,6,5,4,6,7,27,6,5,2,5,8,7,5,4,4,5,7,11,43,12,5,9,,,,,,,,,,,,,,,,,,,,,,,,,,,,,,5,2,7,7,5,11,8,10,8,9,8,5,7,5,,7,8,10,9,11,18,10,9,11,10,1,13,6,17,9,5,5,6,11,8,5,7,7,9,10,8,7,5,9,6,7,4,8,4,5,3,3,3,4,5,5,4,5,20,4,6,7,8,6,7,9,3,5,6,5,4,3,6,7,9,10,3,4,5,5,4,7,6,7,4,6,6,4,14,4,9,7,5,14,9,14,6,5,5,9,4,6,7,6,9,7,5,6,8,7,5,,6,8,5,8,4,10,5,3,,4,6,5,8,6,6,5,4,5,9,6,5,6,6,6,8,7,8,,6,6,4,12,5,8,6,10,9,4,9,,4,,7,,4,9,5,11,10,18,4,15,4,9,5,4,7,6,2,7,6,8,2,6,6,5,10,9,,,,9,,
20260403,0,SO2_24h,5,10,4,11,12,6,6,5,5,5,7,8,8,10,11,12,9,10,13,8,7,7,6,9,9,11,6,8,7,13,8,8,6,7,6,5,7,7,7,6,7,3,3,5,6,4,3,8,6,7,5,8,6,6,5,5,6,4,6,4,5,11,4,6,8,5,6,4,5,7,12,15,11,7,4,6,14,7,15,10,8,22,4,17,10,7,12,10,11,9,6,6,7,11,7,12,10,6,5,8,8,6,7,6,7,5,7,7,5,5,15,10,10,14,10,13,12,13,13,11,7,9,8,7,10,6,12,4,8,11,6,14,6,8,6,8,8,7,9,7,4,7,7,10,8,6,3,5,10,7,8,5,3,7,9,26,13,20,6,9,,,,,,,,,,,,,,,,,,,,,,,,,,,,,,6,2,5,6,7,12,8,9,12,31,12,5,11,7,,6,9,15,11,10,10,7,8,10,10,2,8,9,12,12,8,7,8,13,6,15,7,6,8,8,8,7,5,8,7,8,5,7,5,7,3,7,4,6,6,5,6,6,17,5,7,10,11,12,9,10,6,6,6,6,4,5,10,7,11,11,5,6,7,6,8,8,6,8,5,7,6,5,4,4,10,8,6,13,15,19,6,6,12,8,5,6,7,6,9,7,5,6,9,6,5,,6,8,5,9,4,10,7,4,,5,6,6,8,8,6,5,4,5,9,6,5,6,6,6,9,6,9,,7,6,6,8,7,8,22,10,11,6,9,,7,,8,,4,11,7,10,12,16,5,14,7,9,6,5,8,7,3,5,10,4,2,7,6,5,12,10,,,,7,,
20260403,0,NO2,43,55,31,53,73,13,50,17,43,87,49,29,17,48,16,37,35,41,38,21,18,25,27,28,24,43,25,23,30,40,38,16,30,35,14,32,13,28,23,16,21,12,32,12,17,16,14,16,15,12,10,12,21,29,10,6,23,7,10,18,12,9,22,7,19,21,15,13,13,27,10,3,14,40,18,14,25,11,39,27,21,27,11,34,22,17,53,21,21,17,16,17,14,45,12,39,17,11,13,6,9,9,8,4,34,8,13,9,10,18,22,10,19,44,19,36,46,24,32,46,13,52,44,38,20,31,28,16,24,18,15,20,19,21,26,5,13,33,5,30,9,29,20,19,17,7,26,12,11,10,51,25,12,31,68,3,15,5,13,67,,,,,,,,,,,,,,,,,,,,,,,,,,,,,,13,13,22,15,14,35,9,33,77,4,15,5,4,12,,5,7,42,18,26,24,46,61,57,43,14,21,17,43,12,14,12,25,31,30,27,6,17,17,25,45,48,14,37,25,22,7,15,37,12,8,11,5,9,9,24,8,22,19,22,19,12,9,10,20,19,15,17,15,19,14,12,10,13,18,11,12,12,6,6,18,10,20,9,2,12,26,6,14,8,33,9,15,50,10,14,26,13,3,12,35,14,11,18,21,11,37,14,30,14,7,,19,5,10,10,22,7,15,6,,9,6,15,8,21,13,5,6,7,20,7,14,5,13,7,5,9,23,,3,2,25,17,21,23,4,35,2,4,51,,20,,12,,49,5,2,2,1,1,12,2,5,8,40,21,4,18,31,96,41,88,19,41,16,2,10,8,,,,4,,
20260403,0,NO2_24h,31,52,23,31,38,17,36,16,23,37,38,29,19,32,32,36,27,38,42,42,30,44,30,30,21,52,40,37,36,26,27,19,20,32,29,30,23,36,33,23,31,27,29,15,24,14,15,39,18,22,16,23,21,35,12,12,35,13,20,21,10,43,15,7,20,17,12,10,9,36,37,17,31,24,25,22,41,21,32,20,26,34,12,29,23,18,28,26,23,34,26,16,15,42,22,24,23,12,9,13,16,9,18,16,33,10,15,22,13,16,25,17,17,33,24,31,32,32,32,34,16,38,20,30,28,34,26,17,19,16,19,15,23,23,23,12,16,29,12,33,6,20,20,13,17,8,17,14,11,8,29,27,22,23,34,18,9,23,9,21,,,,,,,,,,,,,,,,,,,,,,,,,,,,,,13,11,24,14,23,27,11,28,33,27,14,8,14,19,,7,7,28,29,28,26,34,30,24,26,10,17,16,32,23,20,12,29,35,11,30,6,13,17,19,29,39,13,24,15,17,13,12,27,18,10,16,11,15,14,20,15,27,23,23,23,19,14,20,17,22,19,18,15,14,11,15,15,16,14,18,16,18,12,10,22,11,18,15,7,17,23,14,19,10,31,16,21,36,26,15,28,16,20,11,33,14,12,15,16,11,34,11,19,9,6,,14,8,11,7,14,7,9,16,,7,7,12,9,16,9,8,6,8,16,9,17,8,9,6,4,6,16,,4,3,26,40,19,16,26,27,18,18,21,,16,,14,,17,8,3,4,8,2,19,6,18,21,22,16,23,12,11,38,13,36,18,30,9,8,12,16,,,,6,,
20260403,0,O3,66,74,74,15,12,79,66,98,51,15,52,81,79,48,93,62,81,60,42,113,129,106,116,97,104,85,108,119,111,70,84,123,120,57,123,74,104,89,94,120,126,96,39,84,86,83,87,68,115,127,101,76,40,55,96,82,48,75,57,79,88,49,44,54,35,40,32,86,83,71,96,112,103,58,52,60,80,112,55,75,92,72,91,102,89,91,58,109,139,137,107,98,104,74,137,96,33,102,42,48,86,102,92,46,26,94,96,58,102,93,81,110,86,81,59,65,39,76,64,66,67,26,35,64,122,65,65,67,71,78,89,73,75,63,37,78,35,12,48,4,44,27,43,69,41,64,30,37,37,85,41,43,82,21,27,108,103,111,78,25,,,,,,,,,,,,,,,,,,,,,,,,,,,,,,75,75,68,100,100,63,102,81,7,112,83,65,104,96,,81,104,44,90,64,71,52,8,6,26,68,63,46,33,96,99,51,97,79,34,47,53,119,101,100,24,23,19,90,64,103,107,82,26,85,103,59,110,68,91,14,63,45,54,25,39,67,55,71,64,81,100,77,82,68,102,81,71,57,52,71,79,90,79,58,66,24,31,45,67,16,31,52,51,34,1,63,50,4,38,84,16,24,77,68,8,33,54,67,60,42,7,65,7,35,37,,47,86,56,49,40,72,61,41,,44,94,65,85,65,62,104,109,105,64,92,59,83,72,86,85,72,68,,70,79,13,110,1,80,104,45,98,109,22,,81,,56,,34,118,94,111,98,103,90,137,99,102,50,79,113,69,68,11,67,4,71,46,32,102,80,66,,,,73,,
20260403,0,O3_24h,66,74,74,15,12,79,66,98,51,15,52,81,79,48,93,62,81,60,42,113,129,106,116,97,104,85,108,119,111,70,84,123,120,57,123,74,104,89,94,120,126,96,39,84,86,83,87,68,115,127,101,76,40,55,96,82,48,75,57,79,88,49,44,54,35,40,32,86,83,71,96,112,103,58,52,60,80,112,55,75,92,72,91,102,89,91,58,109,139,137,107,98,104,74,137,96,33,102,42,48,86,102,92,46,26,94,96,58,102,93,81,110,86,81,59,65,39,76,64,66,67,26,35,64,122,65,65,67,71,78,89,73,75,63,37,78,35,12,48,4,44,27,43,69,41,64,30,37,37,85,41,43,82,21,27,108,103,111,78,25,,,,,,,,,,,,,,,,,,,,,,,,,,,,,,75,75,68,100,100,63,102,81,7,112,83,65,104,96,,81,104,44,90,64,71,52,8,6,26,68,63,46,33,96,99,51,97,79,34,47,53,119,101,100,24,23,19,90,64,103,107,82,26,85,103,59,110,68,91,14,63,45,54,25,39,67,55,71,64,81,100,77,82,68,102,81,71,57,52,71,79,90,79,58,66,24,31,45,67,16,31,52,51,34,1,63,50,4,38,84,16,24,77,68,8,33,54,67,60,42,7,65,7,35,37,,47,86,56,49,40,72,61,41,,44,94,65,85,65,62,104,109,105,64,92,59,83,72,86,85,72,68,,70,79,13,110,1,80,104,45,98,109,22,,81,,56,,34,118,94,111,98,103,90,137,99,102,50,79,113,69,68,11,67,4,71,46,32,102,80,66,,,,73,,
20260403,0,O3_8h,113,107,132,99,103,136,131,121,122,144,140,125,130,136,112,122,99,123,120,175,154,166,158,137,127,184,167,178,179,174,150,141,147,148,147,123,146,167,168,136,136,124,116,120,135,131,127,73,141,143,132,94,91,79,103,94,69,88,85,95,107,54,63,79,65,92,89,101,108,111,124,120,123,121,68,73,128,129,111,124,107,108,107,142,134,146,137,142,140,137,138,140,144,142,155,158,59,112,91,62,89,113,75,67,49,108,103,71,105,137,116,125,133,139,100,109,123,107,102,136,98,146,101,138,157,86,110,127,125,124,118,98,79,84,73,92,64,37,69,30,66,81,113,100,99,105,96,61,62,106,113,97,101,90,105,122,112,123,108,121,,,,,,,,,,,,,,,,,,,,,,,,,,,,,,120,122,115,131,111,138,114,113,125,123,118,87,117,120,,82,118,110,118,121,118,122,117,111,109,103,105,112,157,130,110,119,146,146,81,131,82,144,131,133,118,94,91,147,124,131,122,118,113,138,129,57,82,68,119,65,80,75,79,49,66,74,66,91,120,123,138,113,114,110,132,110,100,76,94,103,99,98,112,73,101,58,72,73,101,65,57,58,72,68,32,71,63,38,37,124,40,58,48,81,56,68,93,109,112,64,49,91,73,83,83,,70,96,96,105,78,66,114,63,,74,114,99,96,126,110,98,121,117,120,92,103,87,93,104,104,95,113,,94,109,46,127,36,102,118,101,113,106,108,,115,,85,,104,104,119,128,121,122,119,137,119,119,112,129,114,117,118,121,126,119,108,121,104,93,108,108,,,,84,,
20260403,0,O3_8h_24h,102,75,104,46,52,110,106,111,96,107,92,106,108,90,94,94,73,93,77,143,143,137,144,121,118,129,137,150,145,120,127,126,144,111,126,88,122,139,135,118,123,93,64,115,101,101,105,62,130,136,114,85,57,66,100,86,57,81,65,86,101,26,56,65,51,65,68,90,95,98,95,110,113,103,56,63,95,126,97,107,96,92,98,123,117,119,100,125,129,131,122,116,123,104,149,139,43,108,49,48,87,109,75,53,17,103,97,57,103,111,100,116,110,127,73,87,81,81,85,93,75,68,62,106,139,70,83,99,95,106,104,89,77,73,54,78,49,31,59,10,57,60,82,90,76,86,67,47,47,92,88,69,91,57,77,113,112,114,98,87,,,,,,,,,,,,,,,,,,,,,,,,,,,,,,88,94,92,120,98,106,108,89,74,116,98,76,109,103,,80,110,82,102,81,98,94,64,56,55,78,81,65,85,111,101,81,117,91,57,64,67,136,112,115,60,57,45,114,99,112,108,103,65,107,112,57,82,61,93,24,62,67,55,32,57,71,60,63,91,101,112,90,95,84,115,91,81,72,67,80,84,94,90,69,67,47,54,56,70,25,43,52,55,42,17,69,61,12,37,95,31,41,48,67,31,49,74,91,85,51,27,81,42,62,67,,59,90,71,78,66,63,93,53,,59,111,75,87,101,87,98,115,112,86,85,78,87,88,101,97,82,93,,83,95,34,120,13,92,112,84,102,100,83,,97,,74,,72,104,105,116,108,116,104,137,111,113,87,112,114,103,99,90,107,91,95,94,86,93,97,91,,,,80,,
20260403,0,CO,0.70,1.03,0.70,0.96,1.20,0.45,0.60,0.43,0.75,0.80,0.70,0.30,0.63,0.73,0.38,0.95,0.54,0.91,0.96,0.48,0.62,0.66,0.68,0.69,0.56,0.66,0.73,0.60,0.63,1.47,0.78,0.74,0.72,0.76,0.40,0.40,0.46,0.75,0.57,0.40,0.50,0.40,0.50,0.40,0.54,0.38,0.45,0.68,0.48,0.70,0.39,0.60,0.61,0.65,0.55,0.50,0.50,0.35,0.37,0.63,0.63,0.47,0.66,0.47,0.55,0.54,0.40,0.47,0.32,0.50,0.33,0.45,0.24,0.45,0.43,0.57,0.74,0.32,0.68,0.77,0.47,0.57,0.50,0.50,0.62,0.63,0.66,0.58,0.70,0.55,0.42,0.75,0.48,0.78,0.65,0.90,0.60,0.53,0.70,0.67,0.70,0.55,0.45,0.57,0.60,0.40,0.57,0.50,0.90,0.50,0.51,0.67,0.85,1.06,0.64,1.16,1.28,1.08,0.54,1.42,0.46,1.07,0.65,0.57,0.63,0.58,0.60,0.40,0.65,0.83,0.30,0.60,0.35,0.50,0.57,0.77,0.55,0.93,0.60,0.96,0.50,0.53,0.73,1.60,0.80,0.47,0.50,0.25,0.57,0.50,0.83,0.70,0.55,0.56,0.75,0.30,0.83,0.38,0.40,0.55,,,,,,,,,,,,,,,,,,,,,,,,,,,,,,0.63,0.40,0.55,0.73,0.25,0.55,0.58,0.63,0.63,0.27,0.70,0.20,0.30,0.30,,0.20,0.50,0.60,0.63,0.50,0.67,0.53,1.50,0.80,0.85,0.30,0.55,0.50,1.40,0.40,0.60,0.33,0.65,0.77,0.60,0.60,0.20,0.57,0.48,0.60,0.78,0.57,0.50,0.55,0.72,0.47,0.25,0.33,0.88,0.17,0.50,0.57,0.25,0.65,0.35,0.73,0.80,0.67,0.60,0.70,0.95,0.70,0.85,0.55,0.60,0.53,0.45,0.38,0.56,0.57,0.53,0.23,0.70,0.60,0.76,0.80,0.38,0.50,0.33,0.70,0.83,0.55,0.87,0.85,0.80,0.60,0.73,0.25,0.60,0.45,0.50,0.60,0.82,1.17,0.60,0.95,0.80,0.90,0.65,0.80,0.67,0.60,0.40,0.53,0.80,0.60,0.38,0.50,0.60,0.50,0.20,,0.25,0.45,0.47,0.67,0.60,0.45,0.50,0.60,,0.85,0.30,0.30,0.45,0.75,0.65,0.40,0.40,0.50,1.15,0.40,,0.20,0.80,0.35,0.30,0.35,1.00,,0.30,0.50,0.70,0.27,0.50,0.45,0.20,0.50,0.20,0.20,0.65,,0.35,,0.60,,0.60,0.50,0.40,0.20,0.30,0.30,0.30,0.30,0.27,0.30,0.45,0.60,,0.20,0.30,1.45,0.20,1.95,0.55,0.75,0.40,0.30,0.45,0.30,,,,0.55,,
20260403,0,CO_24h,0.49,0.74,0.54,0.81,0.55,0.55,0.50,0.37,0.50,0.55,0.47,0.38,0.55,0.62,0.50,0.82,0.44,0.71,1.07,0.65,0.80,0.81,0.82,0.81,0.50,0.76,0.86,0.73,0.74,1.00,0.68,0.80,0.47,0.67,0.46,0.33,0.46,0.75,0.65,0.43,0.55,0.60,0.50,0.40,0.69,0.40,0.43,0.82,0.52,1.10,0.50,0.73,0.68,0.72,0.59,0.50,0.63,0.40,0.53,0.70,0.60,0.70,0.73,0.47,0.58,0.54,0.57,0.47,0.33,0.59,0.63,0.75,0.44,0.35,0.52,0.63,0.69,0.38,0.78,0.63,0.53,0.55,0.53,0.70,0.58,0.67,0.58,0.48,0.66,0.58,0.37,0.60,0.38,1.14,0.60,0.68,0.70,0.60,0.63,0.77,0.75,0.60,0.60,0.77,0.70,0.50,0.63,0.65,0.50,0.40,0.59,0.80,0.73,0.78,0.56,1.02,0.92,1.10,0.62,1.13,0.56,0.87,0.40,0.60,0.80,0.66,0.72,0.53,0.63,0.80,0.50,0.50,0.45,0.63,0.68,1.00,0.50,0.83,0.73,0.89,0.50,0.60,0.75,0.77,0.73,0.47,0.50,0.30,0.60,0.50,0.73,0.60,0.45,0.52,0.55,0.50,0.63,0.82,0.38,0.40,,,,,,,,,,,,,,,,,,,,,,,,,,,,,,0.42,0.40,0.55,0.63,0.20,0.55,0.60,0.57,0.40,0.57,0.60,0.20,0.45,0.38,,0.20,0.50,0.60,0.83,0.60,0.67,0.53,0.90,0.80,0.90,0.35,0.40,0.37,1.03,0.73,0.53,0.55,0.70,0.97,0.40,0.80,0.15,0.55,0.56,0.50,0.60,0.67,0.45,0.65,0.64,0.43,0.45,0.23,0.93,0.33,0.53,0.63,0.55,0.80,0.50,0.67,0.83,0.65,0.55,0.62,1.00,0.97,0.80,0.65,0.84,0.73,0.55,0.47,0.58,0.55,0.47,0.37,0.80,0.77,0.82,0.83,0.50,0.70,0.43,0.60,0.97,0.50,0.85,0.80,0.90,0.55,0.63,0.35,0.65,0.45,0.45,0.80,0.80,0.90,0.83,0.80,0.93,0.80,0.85,0.80,0.67,0.65,0.40,0.50,0.60,0.60,0.40,0.40,0.65,0.50,0.30,,0.35,0.50,0.47,0.67,0.60,0.55,0.45,0.65,,0.65,0.30,0.30,0.50,0.75,0.55,0.40,0.40,0.50,0.85,0.45,0.65,0.35,0.55,0.45,0.30,0.30,0.80,,0.30,0.50,0.73,0.53,0.50,0.50,0.55,0.45,0.40,0.35,0.45,,0.40,,0.65,,0.40,0.50,0.40,0.30,0.30,0.30,0.40,0.40,0.43,0.45,0.40,0.70,0.20,0.25,0.30,0.60,0.20,0.60,0.75,0.85,0.30,0.30,0.55,0.55,,,,0.65,,
20260403,1,AQI,106,123,130,116,105,59,140,64,68,103,131,71,73,71,57,89,100,196,203,37,64,36,65,83,76,79,50,61,76,131,100,115,116,59,38,56,33,53,29,58,51,32,44,29,29,25,28,29,58,79,31,27,34,46,39,41,49,38,47,45,43,33,50,36,35,55,43,37,25,52,256,51,86,58,24,23,148,115,60,77,89,98,28,88,63,63,74,53,84,83,61,69,58,93,73,100,14,32,37,31,34,30,28,37,41,40,39,34,54,69,59,51,78,113,39,73,113,69,104,190,47,186,91,51,60,31,53,59,51,75,39,79,25,20,28,57,20,36,37,78,34,28,53,22,35,20,31,23,39,33,91,64,56,53,62,496,66,139,38,87,,,,,,,,,,,,,,,,,,,,,,,,,,,,,,38,37,47,70,58,68,41,78,85,500,108,19,500,41,,55,93,66,51,69,65,95,138,54,67,95,78,66,199,51,144,28,120,171,42,140,16,57,36,62,52,40,37,65,61,63,32,65,49,30,33,22,34,23,27,39,24,31,28,21,28,31,23,23,56,45,48,33,43,41,78,36,33,34,47,31,26,28,28,34,39,31,39,34,30,31,63,17,40,14,48,55,41,84,36,64,54,81,51,81,34,19,23,44,56,21,30,34,31,23,14,,13,34,47,44,24,36,39,39,,23,42,34,27,78,65,35,60,54,120,30,69,25,21,25,25,25,30,,23,24,45,50,43,25,468,42,241,200,39,,35,,40,,65,55,70,47,43,51,28,79,97,273,44,80,34,36,66,109,95,181,86,71,61,33,42,43,,,,40,,
20260403,1,PM2.5,79,93,99,86,79,42,107,32,41,77,100,52,53,35,20,66,75,147,153,20,46,22,47,61,56,58,25,43,56,100,75,87,88,42,17,38,14,35,14,40,36,17,30,15,10,17,18,20,34,58,15,19,24,24,17,18,26,21,22,22,22,22,35,25,18,39,30,21,6,25,105,29,41,24,17,16,109,43,37,55,66,73,9,65,41,44,54,35,62,61,40,50,40,69,53,75,10,18,26,21,24,18,19,26,28,28,27,24,33,50,27,36,57,84,14,53,85,39,78,143,33,140,68,36,43,22,30,42,31,43,23,58,3,14,15,17,14,19,23,57,24,15,37,7,22,6,22,16,23,16,68,46,40,30,27,138,22,80,10,25,,,,,,,,,,,,,,,,,,,,,,,,,,,,,,19,26,31,42,15,41,18,57,25,175,81,3,461,12,,18,40,48,27,50,47,71,105,38,28,71,57,48,149,36,110,19,91,130,17,107,6,38,16,42,29,28,26,47,43,45,4,47,31,21,12,7,9,9,12,27,17,22,19,15,13,22,10,11,39,10,31,23,30,26,57,20,17,22,25,18,11,17,17,24,27,18,27,24,21,22,45,3,28,10,32,31,29,62,24,46,38,60,28,60,16,10,9,31,40,15,12,24,18,16,3,,5,6,33,31,17,21,27,27,,16,26,16,5,57,47,14,43,38,91,21,45,3,12,8,5,6,21,,3,3,24,17,21,10,115,23,97,84,24,,17,,18,,34,28,30,23,23,16,3,31,65,110,21,59,9,25,12,71,44,120,36,22,9,3,5,10,,,,24,,
20260403,1,PM2.5_24h,43,46,60,45,30,59,61,24,24,55,59,41,54,33,37,58,31,90,137,46,43,47,67,73,47,67,39,49,57,80,56,67,70,31,23,23,24,38,38,23,28,20,26,14,31,11,14,36,25,64,35,33,24,21,15,15,29,18,28,20,16,35,38,24,21,28,25,23,7,41,36,22,24,23,26,25,38,19,46,46,43,32,10,86,42,39,43,27,56,46,32,38,35,74,45,47,17,11,23,24,18,15,19,29,23,16,15,25,27,41,24,42,32,47,21,57,59,49,42,125,52,128,65,31,44,26,66,67,38,70,34,50,21,25,21,18,20,29,24,55,23,30,33,18,21,14,27,15,25,19,47,37,23,35,50,60,34,36,10,30,,,,,,,,,,,,,,,,,,,,,,,,,,,,,,30,30,24,41,19,34,29,35,18,42,42,9,83,19,,5,20,38,58,58,31,64,77,56,59,51,40,44,156,106,77,55,142,176,13,125,7,40,42,41,36,30,25,48,40,48,27,39,29,23,8,18,14,19,14,30,24,36,31,19,19,31,25,22,71,63,49,34,35,26,44,32,27,34,31,30,25,33,32,20,37,16,24,31,25,23,38,19,24,14,24,40,34,41,31,39,31,43,50,46,22,9,17,21,20,20,16,22,17,16,7,,4,15,28,28,14,15,20,28,,20,28,21,7,51,41,22,39,38,68,22,45,17,10,5,6,3,24,,3,6,28,29,22,21,39,19,61,88,21,,23,,21,,19,20,18,16,23,10,7,16,28,40,16,28,19,23,20,51,28,45,38,29,11,3,19,26,,,,29,,
20260403,1,PM10,161,171,177,181,144,60,181,77,85,150,121,84,75,92,64,103,125,207,144,29,61,36,68,86,82,86,50,71,78,133,101,105,110,68,32,62,24,56,29,65,48,32,44,29,29,23,27,26,65,77,27,27,28,46,39,41,49,38,47,45,43,33,44,36,35,48,36,37,15,53,389,51,122,65,19,22,246,180,70,103,61,92,,90,75,76,82,56,95,78,71,63,66,102,65,100,14,29,33,31,30,24,28,34,41,,33,28,57,88,68,52,82,176,39,88,142,88,86,169,40,211,81,48,64,27,56,55,51,100,39,71,16,20,28,63,16,36,37,59,34,28,48,21,35,20,31,22,39,33,105,64,55,56,73,596,81,227,38,124,,,,,,,,,,,,,,,,,,,,,,,,,,,,,,38,31,47,90,65,85,41,99,120,611,146,14,1986,41,,60,135,70,52,83,77,106,142,53,83,72,80,56,279,52,130,28,139,169,42,118,13,64,36,73,53,40,36,63,72,71,7,67,49,29,16,8,15,11,21,32,19,30,28,21,28,26,23,23,61,45,48,31,39,41,70,36,33,34,47,31,26,28,28,26,39,31,32,25,30,27,68,9,34,14,48,60,39,77,36,70,50,72,51,71,34,19,23,33,53,17,30,32,31,15,14,,7,34,44,39,24,36,38,27,,21,42,34,9,97,58,35,57,48,106,27,87,9,16,15,22,19,27,,9,12,45,50,43,23,568,42,379,349,39,,35,,40,,80,59,90,47,43,51,10,108,143,401,44,106,,34,82,168,139,312,122,92,72,20,42,43,,,,40,,
20260403,1,PM10_24h,113,106,136,108,86,89,146,60,76,109,117,105,105,73,73,97,68,123,242,65,67,68,99,98,69,98,69,83,70,107,81,81,82,57,40,37,38,57,55,41,44,38,40,27,66,23,25,51,50,83,50,49,35,40,33,34,46,34,52,36,31,54,48,36,36,34,46,35,23,80,98,45,71,56,35,37,78,63,89,89,58,66,19,111,93,70,79,59,90,96,80,60,55,106,85,81,29,21,30,37,25,22,29,41,35,24,25,41,43,67,65,59,67,104,55,100,101,93,76,157,79,162,98,52,71,43,89,85,53,98,60,72,32,34,33,26,18,46,41,65,30,47,44,35,33,34,41,23,40,35,77,65,59,62,83,291,163,96,41,104,,,,,,,,,,,,,,,,,,,,,,,,,,,,,,57,49,39,73,60,76,54,64,77,143,107,23,269,43,,24,70,80,93,86,68,96,102,77,90,95,77,57,245,143,100,72,178,242,30,165,18,67,67,72,67,50,37,70,71,73,42,62,48,44,21,25,21,24,23,40,32,51,41,28,36,40,40,46,97,93,79,51,50,48,57,58,51,49,54,52,42,59,46,33,64,29,35,34,30,33,51,29,33,19,39,53,54,63,49,54,43,58,64,66,42,17,28,30,43,24,34,30,26,21,24,,8,28,43,39,23,25,23,45,,31,44,34,15,90,49,32,50,48,87,27,62,26,17,8,34,14,32,,12,9,46,70,43,39,134,41,227,296,58,,52,,46,,45,48,39,33,61,28,20,71,81,123,48,82,67,44,83,144,80,148,187,78,46,16,54,64,,,,44,,
20260403,1,SO2,5,11,3,11,18,6,6,5,4,7,8,7,8,17,11,17,7,10,9,7,7,7,6,8,10,8,7,8,6,14,10,8,8,7,5,4,7,7,6,6,6,3,3,4,6,4,2,7,7,7,5,6,4,5,5,4,7,3,6,4,5,7,3,6,8,5,4,4,4,5,5,6,7,6,3,5,16,5,16,7,6,11,3,29,11,7,14,11,11,7,7,7,9,9,6,13,5,6,6,4,8,6,6,5,5,11,6,7,4,6,13,10,13,10,67,9,12,13,8,11,5,7,7,6,9,6,11,4,7,10,5,13,6,6,7,6,9,4,6,5,4,7,6,12,6,5,3,5,8,7,5,4,4,5,11,11,38,13,5,10,,,,,,,,,,,,,,,,,,,,,,,,,,,,,,5,2,6,7,4,11,8,9,8,9,7,5,7,5,,7,8,15,7,11,19,11,8,11,10,2,6,5,15,9,5,5,6,11,8,6,7,7,8,10,8,6,5,8,7,8,5,7,4,5,3,3,3,3,5,5,4,5,13,4,6,8,7,6,8,9,3,5,6,5,4,3,7,7,9,5,4,4,5,5,4,7,7,8,4,6,5,4,3,4,9,7,5,13,9,13,5,5,5,8,3,6,7,5,9,7,4,6,8,7,5,,5,6,4,8,4,9,5,2,,5,5,6,8,7,5,5,4,4,9,6,5,6,6,7,9,6,7,,7,6,4,6,4,7,6,10,9,4,8,,4,,8,,4,9,5,10,10,17,4,15,8,8,5,4,7,6,4,6,7,6,2,6,8,5,9,8,,,,9,,
20260403,1,SO2_24h,5,10,4,12,12,6,6,5,5,5,7,8,8,10,11,12,9,10,13,8,7,7,6,9,9,11,7,9,7,13,8,8,6,7,6,5,7,7,7,6,7,3,3,5,6,4,3,8,6,7,5,8,6,6,5,4,6,4,6,4,5,11,4,6,8,5,6,4,5,7,11,15,11,7,4,6,15,7,15,10,8,20,4,18,10,7,13,10,11,8,6,6,7,11,7,12,10,6,5,7,8,6,7,6,7,5,7,7,5,6,15,10,11,14,12,13,12,14,12,11,7,9,8,7,10,6,12,4,8,11,6,14,6,8,6,8,8,7,9,7,4,7,7,11,7,6,3,5,11,7,8,5,3,7,9,26,14,19,6,9,,,,,,,,,,,,,,,,,,,,,,,,,,,,,,6,2,5,6,6,12,8,9,12,30,12,5,11,7,,6,9,15,11,10,10,8,8,10,10,2,8,9,12,12,8,7,8,13,6,13,7,6,8,8,8,7,5,8,7,8,5,7,5,7,3,7,4,6,6,5,6,6,18,5,7,10,11,11,9,10,6,6,6,6,4,5,10,7,11,10,5,6,7,6,8,8,6,8,5,7,6,5,4,4,10,8,6,13,14,19,6,6,11,8,5,6,7,6,9,7,4,6,9,6,5,,6,8,5,9,4,10,7,4,,5,6,6,8,8,6,5,4,5,9,6,5,6,6,7,9,6,9,,7,6,6,8,7,8,22,10,11,6,9,,6,,8,,4,11,7,10,12,16,5,14,7,9,6,5,8,7,3,5,10,4,2,7,6,5,12,10,,,,7,,
20260403,1,NO2,51,46,28,51,55,14,45,15,31,102,42,24,15,36,13,43,33,41,38,18,18,25,28,28,26,35,29,23,29,35,36,15,29,28,13,36,11,26,22,14,18,14,27,14,22,15,12,20,16,13,10,12,17,28,8,6,23,7,10,18,11,8,27,5,17,22,12,11,12,27,7,5,24,51,14,12,19,8,23,26,22,26,8,32,23,15,41,16,22,17,14,17,16,32,11,49,18,11,12,6,11,9,8,3,28,8,13,10,9,19,24,10,20,52,41,23,46,22,32,37,10,53,35,32,23,33,24,15,20,16,23,24,14,18,26,4,15,29,6,27,11,30,19,10,16,8,25,11,9,9,51,25,12,25,25,2,15,6,10,56,,,,,,,,,,,,,,,,,,,,,,,,,,,,,,7,15,21,15,5,27,7,42,68,4,17,6,3,11,,7,6,45,12,23,25,49,52,56,33,12,19,15,49,10,15,10,15,36,12,28,6,19,14,22,26,41,13,24,20,21,7,16,30,16,8,9,4,9,9,17,6,21,17,22,18,12,6,11,20,11,17,19,25,15,14,11,10,11,20,9,9,12,5,5,9,9,21,13,2,13,23,6,12,8,34,9,10,46,10,16,26,11,4,10,32,14,11,13,25,11,32,9,26,15,5,,18,4,11,10,23,8,11,5,,7,5,13,7,21,10,5,6,6,18,7,11,5,8,7,6,4,28,,4,2,21,13,19,19,4,39,2,5,23,,14,,12,,46,4,1,2,2,2,10,2,11,7,26,10,4,29,21,70,39,85,21,38,13,1,9,7,,,,3,,
20260403,1,NO2_24h,31,52,24,33,37,17,37,16,24,41,38,29,19,32,30,36,27,36,40,40,28,42,30,30,21,49,38,35,35,27,28,18,20,31,27,31,22,35,32,22,30,26,28,14,22,14,15,36,16,22,16,22,21,33,11,12,34,12,19,20,10,42,16,7,19,18,12,10,9,34,35,15,29,24,24,21,39,20,31,21,25,32,12,29,23,17,29,24,23,33,25,16,14,41,22,25,23,12,9,12,15,9,17,15,33,10,15,21,12,16,24,16,17,34,24,31,32,32,31,34,16,38,21,28,26,34,26,17,19,16,19,15,23,23,22,10,16,28,11,33,6,19,20,13,17,8,17,13,11,8,28,27,20,24,31,18,9,22,9,21,,,,,,,,,,,,,,,,,,,,,,,,,,,,,,13,11,24,15,23,27,11,29,33,25,15,8,14,18,,7,7,28,28,27,25,34,30,25,27,10,17,16,33,22,19,11,29,35,11,30,6,14,17,19,28,38,13,23,15,18,13,12,27,18,10,16,11,14,14,19,15,27,23,23,22,19,14,19,17,21,19,18,16,14,11,15,13,15,15,17,16,18,12,10,22,11,17,14,7,16,23,13,18,10,31,15,20,37,25,15,28,16,19,11,33,14,12,14,17,11,33,11,19,9,6,,14,8,12,7,14,7,9,15,,7,7,12,9,16,9,8,6,8,16,9,17,8,9,6,4,6,17,,4,3,26,37,19,16,23,26,17,16,20,,17,,14,,18,8,3,4,8,2,17,6,18,21,22,14,22,13,11,37,13,36,17,28,9,7,12,16,,,,6,,
20260403,1,O3,53,88,73,19,39,71,65,103,61,3,53,78,72,61,95,48,76,51,38,119,130,97,99,97,97,97,93,104,110,71,76,122,114,60,123,62,105,82,94,125,130,93,42,79,77,80,89,58,111,124,100,70,44,54,95,78,45,73,54,78,88,49,35,57,32,32,34,87,80,68,99,102,91,42,55,60,89,108,80,73,80,80,90,109,83,91,63,114,136,133,110,98,103,87,137,65,32,101,42,48,74,97,88,47,34,83,93,56,99,88,79,104,79,61,34,83,30,81,64,67,66,21,46,73,100,59,67,67,74,73,74,62,79,,33,81,30,12,48,8,40,19,43,70,41,59,29,33,39,88,32,34,77,24,72,116,109,110,78,43,,,,,,,,,,,,,,,,,,,,,,,,,,,,,,101,69,70,91,117,69,102,56,12,108,77,62,112,101,,90,105,38,99,67,64,46,11,6,32,67,61,45,21,92,92,50,103,63,47,53,50,115,92,103,51,28,31,105,72,94,103,77,35,72,105,69,108,73,86,53,63,41,44,26,38,61,61,70,58,93,88,71,66,73,96,78,67,55,36,69,83,83,77,55,97,21,23,37,67,16,28,54,48,38,,63,55,6,35,71,7,15,68,73,6,32,54,71,46,39,8,61,10,29,28,,41,80,54,51,35,68,65,39,,38,95,61,86,61,62,105,112,103,58,91,64,80,67,79,80,80,61,,72,78,13,114,1,80,103,32,97,102,52,,85,,54,,37,114,86,108,102,94,90,136,85,102,68,94,110,49,53,28,55,2,65,50,32,106,80,65,,,,81,,
20260403,1,O3_24h,53,88,73,19,39,71,65,103,61,3,53,78,72,61,95,48,76,51,38,119,130,97,99,97,97,97,93,104,110,71,76,122,114,60,123,62,105,82,94,125,130,93,42,79,77,80,89,58,111,124,100,70,44,54,95,78,45,73,54,78,88,49,35,57,32,32,34,87,80,68,99,102,91,42,55,60,89,108,80,73,80,80,90,109,83,91,63,114,136,133,110,98,103,87,137,65,32,101,42,48,74,97,88,47,34,83,93,56,99,88,79,104,79,61,34,83,30,81,64,67,66,21,46,73,100,59,67,67,74,73,74,62,79,,33,81,30,12,48,8,40,19,43,70,41,59,29,33,39,88,32,34,77,24,72,116,109,110,78,43,,,,,,,,,,,,,,,,,,,,,,,,,,,,,,101,69,70,91,117,69,102,56,12,108,77,62,112,101,,90,105,38,99,67,64,46,11,6,32,67,61,45,21,92,92,50,103,63,47,53,50,115,92,103,51,28,31,105,72,94,103,77,35,72,105,69,108,73,86,53,63,41,44,26,38,61,61,70,58,93,88,71,66,73,96,78,67,55,36,69,83,83,77,55,97,21,23,37,67,16,28,54,48,38,,63,55,6,35,71,7,15,68,73,6,32,54,71,46,39,8,61,10,29,28,,41,80,54,51,35,68,65,39,,38,95,61,86,61,62,105,112,103,58,91,64,80,67,79,80,80,61,,72,78,13,114,1,80,103,32,97,102,52,,85,,54,,37,114,86,108,102,94,90,136,85,102,68,94,110,49,53,28,55,2,65,50,32,106,80,65,,,,81,,
20260403,1,O3_8h,,,,,,,,,,,,,,,,,,,,,,,,,,,,,,,,,,,,,,,,,,,,,,,,,,,,,,,,,,,,,,,,,,,,,,,,,,,,,,,,,,,,,,,,,,,,,,,,,,,,,,,,,,,,,,,,,,,,,,,,,,,,,,,,,,,,,,,,,,25,,,,,,,,,,,,,,,,,,,,,,,,,,,,,,,,,,,,,,,,,,,,,,,,,,,,,,,,,,,,,,,,,,,,,,,,,,,,,106,,,,,,,,,,,,,,,,,,,,,,,,,,,,,,,,,,,,,,,,,,,,,,,,,,,,,,,,,,,,,,,,,,,,,,,,,,,,,,,,,,,,,,,,,,,,,,,,,,,,,,,,,,,,,,,,,,,,,,,,,,,,,,,,,,,,,,,,,,,,,,,,,,,,,,,,,,,,,,,,
20260403,1,O3_8h_24h,,,,,,,,,,,,,,,,,,,,,,,,,,,,,,,,,,,,,,,,,,,,,,,,,,,,,,,,,,,,,,,,,,,,,,,,,,,,,,,,,,,,,,,,,,,,,,,,,,,,,,,,,,,,,,,,,,,,,,,,,,,,,,,,,,,,,,,,,,,,,,,,,,,,,,,,,,,,,,,,,,,,,,,,,,,,,,,,,,,,,,,,,,,,,,,,,,,,,,,,,,,,,,,,,,,,,,,,,,,,,,,,,,,,,,,,,,,,,,,,,,,,,,,,,,,,,,,,,,,,,,,,,,,,,,,,,,,,,,,,,,,,,,,,,,,,,,,,,,,,,,,,,,,,,,,,,,,,,,,,,,,,,,,,,,,,,,,,,,,,,,,,,,,,,,,,,,,,,,,,,,,,,,,,,,,,,,,
20260403,1,CO,0.74,1.05,0.74,0.93,1.10,0.65,0.61,0.43,0.60,1.18,0.60,0.43,0.73,0.78,0.36,1.09,0.63,0.95,0.97,0.45,0.63,0.66,0.60,0.71,0.56,0.70,0.71,0.66,0.66,1.23,0.84,0.80,0.82,0.68,0.39,0.40,0.45,0.75,0.57,0.43,0.55,0.40,0.50,0.35,0.52,0.42,0.40,0.67,0.52,0.69,0.37,0.61,0.59,0.65,0.54,0.50,0.53,0.35,0.33,0.63,0.60,0.47,0.69,0.47,0.53,0.56,0.57,0.47,0.28,0.49,0.33,0.45,0.26,0.42,0.42,0.52,0.66,0.26,0.62,0.82,0.47,0.65,0.50,0.60,0.68,0.63,0.60,0.52,0.68,0.52,0.43,0.83,0.48,0.86,0.60,0.88,0.60,0.53,0.60,0.63,0.75,0.55,0.50,0.57,0.55,0.50,0.57,0.50,0.67,0.50,0.51,0.65,0.95,1.04,0.74,0.82,1.22,1.06,0.56,1.25,0.44,1.07,0.48,0.57,0.77,0.60,0.54,0.40,0.62,0.90,0.32,0.52,0.35,0.50,0.60,0.77,0.50,0.95,0.63,0.94,0.55,0.53,0.70,0.68,0.70,0.43,0.50,0.25,0.63,0.53,0.83,0.70,0.60,0.54,0.45,0.30,0.90,0.42,0.38,0.40,,,,,,,,,,,,,,,,,,,,,,,,,,,,,,0.40,0.40,0.60,0.73,0.17,0.70,0.50,0.67,0.60,0.27,0.73,0.20,0.30,0.30,,0.30,0.50,0.63,0.50,0.55,0.73,0.50,1.30,0.75,0.80,0.40,0.45,0.43,1.43,0.37,0.57,0.30,0.50,0.77,0.45,0.65,0.20,0.57,0.40,0.60,0.52,0.55,0.55,0.60,0.70,0.53,0.25,0.30,0.88,0.23,0.53,0.57,0.30,0.65,0.45,0.67,0.67,0.88,0.55,0.72,0.90,0.75,0.82,0.55,0.58,0.40,0.45,0.38,0.66,0.55,0.53,0.23,0.77,0.60,0.76,0.57,0.40,0.60,0.33,0.70,0.73,0.55,0.90,0.85,0.80,0.60,0.77,0.25,0.60,0.45,0.50,0.60,0.70,1.13,0.60,0.95,0.80,0.80,0.65,0.80,0.63,0.60,0.40,0.53,0.80,0.60,0.35,0.40,0.60,0.50,0.20,,0.25,0.35,0.43,0.63,0.60,0.50,0.45,0.55,,0.85,0.30,0.30,0.45,0.75,0.65,0.40,0.40,0.45,1.10,0.40,,0.20,0.65,0.35,0.30,0.30,1.40,,0.30,0.50,0.63,0.27,0.50,0.40,0.15,0.50,0.20,0.20,0.45,,0.30,,0.60,,0.55,0.50,0.40,0.30,0.30,0.30,0.30,0.30,0.30,0.20,0.35,0.55,,0.30,0.25,1.05,0.35,1.65,0.55,0.70,0.70,0.30,0.45,0.30,,,,0.50,,
20260403,1,CO_24h,0.51,0.76,0.54,0.82,0.60,0.52,0.51,0.37,0.50,0.60,0.47,0.38,0.55,0.62,0.50,0.84,0.46,0.71,1.08,0.62,0.77,0.79,0.82,0.77,0.50,0.76,0.86,0.73,0.74,1.00,0.70,0.80,0.53,0.67,0.46,0.37,0.45,0.75,0.63,0.43,0.55,0.57,0.50,0.40,0.68,0.40,0.43,0.78,0.52,1.07,0.50,0.73,0.68,0.72,0.59,0.50,0.60,0.40,0.53,0.67,0.60,0.70,0.73,0.47,0.58,0.54,0.57,0.47,0.35,0.57,0.63,0.75,0.42,0.35,0.52,0.63,0.69,0.34,0.78,0.70,0.53,0.55,0.53,0.63,0.58,0.67,0.60,0.48,0.66,0.58,0.38,0.63,0.38,1.10,0.60,0.70,0.70,0.57,0.63,0.77,0.75,0.55,0.60,0.77,0.70,0.50,0.63,0.65,0.50,0.40,0.59,0.77,0.77,0.80,0.56,1.02,0.95,1.12,0.62,1.10,0.54,0.90,0.40,0.57,0.80,0.66,0.72,0.53,0.63,0.83,0.50,0.53,0.45,0.63,0.65,0.95,0.50,0.87,0.73,0.89,0.50,0.57,0.75,0.77,0.73,0.47,0.50,0.30,0.60,0.50,0.73,0.65,0.45,0.54,0.55,0.50,0.63,0.84,0.38,0.40,,,,,,,,,,,,,,,,,,,,,,,,,,,,,,0.42,0.40,0.55,0.67,0.20,0.55,0.60,0.57,0.40,0.57,0.63,0.20,0.45,0.38,,0.20,0.50,0.60,0.83,0.60,0.70,0.53,0.90,0.80,0.90,0.35,0.40,0.40,1.03,0.73,0.53,0.55,0.70,0.90,0.40,0.80,0.15,0.55,0.52,0.50,0.60,0.67,0.45,0.65,0.64,0.43,0.45,0.23,0.93,0.33,0.53,0.63,0.50,0.80,0.45,0.67,0.83,0.65,0.55,0.62,1.00,0.95,0.80,0.65,0.82,0.70,0.55,0.47,0.58,0.57,0.47,0.37,0.75,0.77,0.82,0.80,0.50,0.70,0.40,0.70,0.97,0.50,0.83,0.80,0.90,0.55,0.63,0.35,0.60,0.45,0.50,0.80,0.80,0.93,0.80,0.80,0.90,0.80,0.85,0.80,0.67,0.65,0.40,0.50,0.60,0.60,0.40,0.40,0.65,0.50,0.30,,0.30,0.50,0.47,0.67,0.60,0.55,0.45,0.65,,0.65,0.30,0.30,0.50,0.75,0.55,0.40,0.40,0.50,0.85,0.40,0.65,0.35,0.55,0.45,0.30,0.30,0.80,,0.30,0.50,0.73,0.47,0.50,0.50,0.50,0.45,0.40,0.30,0.45,,0.40,,0.65,,0.40,0.50,0.40,0.30,0.30,0.30,0.40,0.40,0.43,0.45,0.40,0.65,0.20,0.25,0.30,0.60,0.20,0.60,0.75,0.85,0.30,0.30,0.55,0.50,,,,0.65,,
20260403,2,AQI,110,134,131,115,104,55,141,62,69,106,100,65,78,71,59,100,111,304,204,38,70,36,55,93,79,85,46,57,81,135,109,120,123,44,40,54,33,53,31,61,50,32,43,27,29,24,28,36,61,65,28,31,34,46,39,40,41,34,44,44,41,33,51,36,33,59,15,33,29,52,166,58,99,58,20,23,217,141,64,85,78,115,28,95,65,75,70,56,83,79,63,70,65,90,61,88,16,32,37,30,30,31,27,37,42,37,40,34,41,75,76,49,86,112,48,60,108,64,113,209,49,194,90,56,64,29,45,52,46,59,39,81,25,19,29,33,20,42,36,66,33,28,47,22,24,21,40,23,30,29,90,60,55,51,29,209,49,365,38,70,,,,,,,,,,,,,,,,,,,,,,,,,,,,,,45,50,37,60,49,63,36,80,67,500,114,18,500,43,,54,133,79,50,71,64,80,135,59,63,268,80,61,194,44,141,27,100,174,25,204,15,59,28,68,47,43,41,66,62,69,29,64,46,61,33,23,32,23,27,33,22,36,21,20,30,30,22,22,53,39,46,30,36,37,83,33,30,31,51,31,28,35,29,27,31,30,40,41,34,27,64,17,41,12,53,46,41,75,36,64,53,79,43,65,34,21,28,47,61,24,29,31,30,24,18,,12,33,35,33,22,40,36,20,,30,40,29,28,75,64,34,63,52,110,29,56,23,19,24,26,26,41,,20,20,37,35,42,23,169,39,452,144,44,,34,,41,,63,60,75,48,72,51,27,143,122,301,51,434,30,56,80,108,95,162,84,63,34,34,40,46,,,,39,,
20260403,2,PM2.5,83,102,100,87,78,39,108,29,39,80,75,46,57,36,20,75,84,254,154,21,51,21,38,69,58,63,22,38,60,103,82,91,93,28,22,37,12,36,13,43,35,17,30,14,13,17,13,25,41,47,16,22,24,24,18,19,26,22,25,21,21,22,36,25,18,42,8,21,6,29,88,32,45,24,13,16,129,55,40,63,57,87,11,71,45,55,51,40,61,58,45,51,47,67,44,65,11,16,26,21,21,17,19,26,28,26,28,24,29,55,26,34,64,83,18,43,81,40,85,159,34,146,67,40,46,20,25,33,28,40,21,60,5,11,17,22,14,28,23,48,23,16,33,10,14,7,21,16,17,15,67,43,39,26,3,70,16,151,12,19,,,,,,,,,,,,,,,,,,,,,,,,,,,,,,26,35,22,38,10,45,11,59,21,211,86,3,281,20,,15,71,58,32,52,40,59,103,37,31,218,59,44,146,26,108,19,75,132,13,154,6,40,12,49,20,30,23,48,42,50,6,46,30,44,10,5,9,7,12,23,15,25,15,14,16,21,10,12,34,11,24,21,25,26,61,23,15,20,27,14,12,21,16,19,16,19,28,29,21,19,46,3,29,8,37,30,29,55,24,46,37,58,26,47,16,11,11,33,44,17,12,22,16,17,3,,3,8,23,23,13,22,25,14,,21,26,20,3,55,46,23,45,33,83,20,40,6,5,5,6,3,29,,3,3,22,13,19,10,70,20,112,53,17,,21,,18,,35,29,35,23,25,16,3,30,85,123,21,168,12,28,22,65,42,77,31,19,3,3,5,15,,,,23,,
20260403,2,PM2.5_24h,46,49,63,47,32,57,64,25,25,58,61,41,54,33,36,58,34,96,140,45,42,46,64,71,48,66,39,48,57,80,57,67,71,32,23,24,24,38,36,24,27,21,26,15,29,12,14,36,25,63,35,32,24,21,15,15,29,18,27,19,16,36,38,24,21,28,25,22,7,41,38,23,25,22,25,24,42,20,46,47,44,35,10,83,43,40,44,28,56,47,33,38,35,74,46,49,17,12,23,24,18,15,20,28,23,16,15,25,27,42,24,41,34,49,21,56,60,48,44,124,52,130,65,31,44,26,65,65,37,68,33,52,20,24,20,18,19,30,24,55,23,29,32,18,20,14,26,15,25,19,48,38,24,36,49,62,34,42,10,29,,,,,,,,,,,,,,,,,,,,,,,,,,,,,,30,30,24,41,19,35,29,36,18,47,45,9,94,19,,6,22,39,56,57,32,65,77,54,57,54,42,45,156,106,78,55,140,172,13,125,7,38,40,42,35,30,25,47,40,48,26,39,29,24,9,18,14,19,15,29,24,36,30,19,18,31,24,22,68,58,47,33,35,26,44,31,26,33,31,29,24,32,31,20,37,16,23,30,25,23,38,18,24,13,25,40,34,42,31,41,32,44,49,47,22,8,16,21,21,20,15,22,17,16,7,,4,14,27,29,14,15,20,28,,21,28,21,7,51,41,22,40,38,69,22,44,16,10,5,6,3,25,,3,6,28,27,22,20,41,19,65,87,21,,22,,21,,20,20,19,16,23,10,6,16,30,44,16,34,19,23,20,51,28,46,36,27,11,3,17,25,,,,29,,
20260403,2,PM10,162,179,174,160,148,60,183,74,88,144,99,79,72,91,67,115,136,262,154,30,68,36,60,96,81,93,46,64,81,141,109,112,113,44,36,58,23,56,27,71,48,32,42,26,29,21,18,29,71,66,28,29,27,46,39,40,41,34,44,44,41,33,48,34,33,49,15,33,15,54,282,65,148,66,20,22,362,231,78,116,71,99,,94,80,83,77,62,93,75,69,78,72,102,59,92,15,24,37,30,27,27,25,34,42,31,35,31,39,85,101,47,98,174,48,70,145,78,96,189,44,172,88,55,73,23,45,53,46,68,39,77,14,19,29,33,18,42,36,59,32,28,43,22,24,21,40,23,30,29,116,67,57,51,18,356,49,472,38,90,,,,,,,,,,,,,,,,,,,,,,,,,,,,,,45,42,37,70,49,76,36,99,84,753,148,18,694,43,,58,215,87,50,86,78,105,119,67,76,,90,54,275,44,127,26,123,185,25,171,14,67,28,83,47,42,41,62,74,70,9,67,46,32,15,9,15,14,23,27,22,33,20,19,30,28,22,21,56,39,46,29,34,36,72,31,30,31,52,31,21,35,29,23,25,30,37,,34,17,67,9,36,12,49,46,40,56,36,50,46,77,43,68,34,21,28,36,55,22,29,29,30,18,18,,6,33,35,30,22,40,35,18,,22,40,29,11,91,53,34,60,54,105,26,58,14,12,11,19,15,32,,11,12,37,35,42,23,288,39,552,238,44,,34,,41,,76,70,99,48,94,52,12,235,193,421,52,534,30,61,109,166,140,274,118,75,34,30,40,46,,,,39,,
20260403,2,PM10_24h,117,111,139,111,89,87,149,62,78,113,117,103,102,74,72,97,71,129,244,63,66,66,97,95,70,97,68,81,69,108,82,82,83,57,39,38,38,57,53,42,43,39,40,27,63,23,25,49,50,81,50,48,35,40,33,34,46,34,51,36,31,54,49,36,36,35,46,35,23,78,104,46,75,56,34,36,88,71,89,92,58,67,19,107,91,70,77,56,90,94,78,61,55,106,83,81,29,22,30,37,25,23,30,40,36,25,26,41,42,68,66,58,69,107,54,97,103,93,76,156,78,165,97,51,70,42,88,84,53,97,59,73,31,32,32,25,18,46,40,65,30,45,44,35,32,33,40,22,40,35,78,66,58,62,80,302,161,114,41,100,,,,,,,,,,,,,,,,,,,,,,,,,,,,,,57,49,40,73,60,76,54,66,77,171,110,23,296,43,,26,78,81,91,85,69,97,102,76,89,96,79,57,250,141,101,72,177,237,30,165,18,66,66,73,66,49,37,69,71,73,41,62,47,43,21,25,21,24,23,39,32,51,40,28,35,39,39,44,95,88,76,50,49,47,58,57,50,48,54,50,41,58,45,33,62,28,34,33,30,31,52,28,32,19,40,52,53,63,49,55,42,59,64,67,42,17,28,29,43,23,33,30,26,21,23,,8,28,43,40,23,25,24,45,,32,44,34,15,91,49,31,50,48,88,27,62,25,17,8,34,13,32,,12,10,45,68,43,38,142,40,248,298,57,,52,,46,,47,49,42,34,63,29,18,80,86,137,48,100,66,44,82,143,81,149,179,74,45,17,53,62,,,,44,,
20260403,2,SO2,6,10,3,9,16,6,6,4,4,9,8,6,8,13,12,19,7,13,9,7,7,7,6,9,10,9,6,8,7,13,10,8,9,7,5,5,6,6,6,6,6,3,3,4,6,4,1,7,8,7,5,6,6,5,5,5,6,4,6,4,5,7,3,6,8,5,4,4,4,5,5,6,6,6,3,5,13,5,17,9,6,12,3,28,10,8,14,11,10,7,7,7,9,9,6,14,6,6,5,4,8,7,6,5,6,9,7,6,4,6,10,10,12,9,114,8,11,11,10,10,5,6,7,6,10,5,11,5,7,10,6,12,5,6,6,7,9,5,6,5,4,6,6,5,5,5,2,5,6,8,6,3,4,6,10,9,21,10,5,11,,,,,,,,,,,,,,,,,,,,,,,,,,,,,,5,2,7,6,4,11,7,10,7,9,5,5,7,8,,6,8,40,7,11,17,10,8,11,9,1,5,6,14,8,5,5,5,13,6,6,7,8,7,10,7,6,4,9,7,8,4,7,3,5,3,2,3,3,5,5,4,4,7,3,6,7,7,6,9,8,3,5,6,5,4,3,8,6,10,5,4,4,6,5,3,7,7,8,4,6,5,4,3,4,9,7,4,11,9,11,5,4,5,8,3,6,7,5,9,7,4,6,8,7,5,,5,6,4,7,4,9,4,2,,5,6,6,8,7,5,5,4,4,9,5,5,6,6,6,10,7,5,,7,6,5,4,4,6,4,9,9,4,7,,3,,7,,3,8,5,11,11,16,4,15,26,8,5,3,7,5,2,6,11,5,3,6,5,5,9,9,,,,7,,
20260403,2,SO2_24h,5,10,4,12,12,6,6,5,5,6,8,8,8,11,11,12,9,10,13,8,7,7,6,9,9,11,7,8,7,13,8,8,6,7,6,5,7,7,7,6,7,3,3,5,6,4,3,8,6,7,5,8,6,6,5,4,6,4,6,4,5,11,4,6,8,5,6,4,4,7,11,15,10,7,4,6,15,7,15,10,8,19,4,18,11,7,13,10,11,8,6,6,7,11,7,12,10,6,5,7,8,6,7,6,7,5,7,7,5,6,15,10,11,14,15,13,12,14,12,11,6,9,8,7,10,6,12,4,8,11,6,14,6,8,6,8,8,7,8,7,4,7,7,11,7,6,3,5,11,7,8,5,3,7,9,26,15,19,6,10,,,,,,,,,,,,,,,,,,,,,,,,,,,,,,6,2,5,6,6,12,8,9,12,28,10,5,11,7,,6,9,16,11,10,11,8,8,10,10,2,8,9,12,12,7,7,8,12,6,12,7,6,9,8,8,7,5,9,7,8,5,7,5,7,3,7,4,6,6,5,6,6,18,5,7,10,10,11,9,10,6,6,6,6,4,5,10,7,11,10,5,6,7,6,7,8,6,8,4,7,5,5,4,4,10,8,5,13,13,18,6,6,11,8,5,6,7,6,9,7,4,6,9,6,5,,6,7,5,9,4,10,6,4,,5,6,6,8,8,6,5,4,5,9,6,5,6,6,7,9,6,9,,7,6,6,7,7,8,21,10,11,6,9,,6,,8,,4,11,7,10,12,16,5,14,8,9,6,5,8,7,3,5,10,4,2,7,6,5,12,10,,,,7,,
20260403,2,NO2,56,46,24,39,62,14,46,13,32,103,34,20,15,32,13,57,27,43,39,16,18,24,31,28,26,33,30,25,30,32,36,16,31,23,13,32,11,28,17,14,17,14,20,11,27,14,9,18,15,14,14,10,13,27,10,5,20,6,11,17,10,8,29,5,18,21,9,10,4,26,6,7,14,48,11,12,13,6,20,25,24,30,8,31,18,14,33,15,23,17,16,16,12,27,10,37,19,9,10,5,10,8,7,3,25,11,13,8,11,20,13,9,25,54,53,16,46,20,30,34,12,45,37,19,24,25,22,15,24,15,28,21,16,16,27,4,14,32,5,18,9,32,18,9,12,10,26,9,6,8,39,27,15,22,8,2,7,4,11,30,,,,,,,,,,,,,,,,,,,,,,,,,,,,,,13,22,16,13,5,26,6,31,68,4,15,5,3,10,,8,5,42,11,21,23,43,35,48,29,39,20,15,68,8,23,9,15,29,7,39,4,20,12,23,22,40,11,22,18,24,8,13,30,19,6,8,4,7,8,18,6,18,10,20,16,12,5,11,21,8,18,21,22,12,15,11,14,10,18,10,8,11,5,4,13,10,15,11,2,12,21,4,12,5,32,9,9,31,14,20,25,17,3,10,28,14,14,12,20,10,29,9,21,16,4,,16,6,8,10,19,8,10,6,,9,5,10,7,19,9,6,5,8,14,8,10,5,7,5,3,3,21,,8,4,22,13,17,16,4,32,2,7,20,,15,,10,,34,3,1,2,1,2,10,2,17,8,5,5,6,55,11,70,29,78,20,33,8,2,7,9,,,,3,,
20260403,2,NO2_24h,33,52,24,34,37,17,37,16,24,45,38,28,18,32,29,36,28,35,40,37,26,40,31,30,21,47,37,33,34,27,27,18,21,29,26,31,21,33,31,22,29,26,28,14,22,14,15,34,15,22,16,21,20,32,11,11,33,11,18,19,10,41,16,7,19,18,12,10,9,32,33,15,28,24,22,21,36,18,30,21,24,31,12,29,23,16,30,23,22,32,24,16,14,41,21,26,23,12,9,12,14,10,17,14,34,11,15,20,12,16,23,16,17,33,25,30,33,31,31,34,16,39,22,26,24,34,25,17,19,16,19,16,23,22,22,9,16,29,10,32,6,19,19,13,16,8,17,12,11,8,28,27,19,24,29,17,9,20,9,22,,,,,,,,,,,,,,,,,,,,,,,,,,,,,,13,11,24,15,22,26,11,29,35,22,15,8,13,18,,7,7,29,26,27,23,34,30,26,27,10,17,16,36,22,19,11,28,35,11,30,6,14,16,19,28,39,13,22,15,18,12,12,27,17,10,15,10,14,14,19,14,27,23,23,22,19,13,19,17,20,19,17,16,14,11,15,13,15,15,17,16,17,12,10,22,11,16,14,7,16,23,12,17,10,30,15,20,37,23,16,28,15,18,11,33,14,12,14,17,10,32,11,19,9,6,,14,8,11,7,13,7,9,15,,7,7,12,9,16,9,8,6,8,16,9,17,7,9,6,4,6,18,,4,3,26,33,19,16,21,26,16,16,20,,17,,14,,19,8,2,4,8,2,15,5,17,20,22,14,20,14,11,38,13,36,16,27,9,7,11,14,,,,5,,
20260403,2,O3,43,83,75,27,38,67,55,109,50,8,58,78,64,57,87,31,75,60,36,121,122,93,84,97,93,96,83,92,101,67,69,117,99,61,129,60,105,71,99,126,127,97,51,86,73,76,91,55,115,119,91,70,47,53,90,73,46,71,51,78,90,49,31,59,30,28,43,88,94,64,100,99,102,46,58,57,93,111,91,66,66,85,91,105,93,94,73,116,134,130,113,98,109,96,135,69,29,103,43,48,72,98,87,50,36,78,87,61,91,80,110,101,63,45,18,93,27,87,76,64,63,21,41,101,96,64,72,66,68,73,67,57,80,62,24,80,29,9,52,25,40,14,41,66,42,52,19,34,74,93,43,26,65,31,93,119,118,109,71,72,,,,,,,,,,,,,,,,,,,,,,,,,,,,,,96,50,81,85,118,66,102,77,12,105,73,59,103,105,,95,104,48,104,61,60,51,22,12,34,54,55,42,11,89,75,47,92,63,51,42,49,111,90,99,49,23,39,100,64,79,93,77,26,81,107,75,103,73,87,54,59,43,55,27,38,58,59,71,60,94,79,75,68,83,88,77,61,47,45,68,91,76,78,48,100,21,28,35,66,14,28,55,47,36,,59,58,23,30,52,14,6,66,74,6,29,46,68,47,34,5,50,10,24,23,,39,66,55,55,34,72,67,36,,34,85,78,89,58,67,104,116,87,56,91,60,75,61,76,82,84,59,,65,63,10,107,1,72,104,35,106,102,56,,81,,51,,47,107,86,107,107,97,85,135,74,95,95,103,91,12,56,23,57,12,64,51,43,108,82,56,,,,86,,
20260403,2,O3_24h,43,83,75,27,38,67,55,109,50,8,58,78,64,57,87,31,75,60,36,121,122,93,84,97,93,96,83,92,101,67,69,117,99,61,129,60,105,71,99,126,127,97,51,86,73,76,91,55,115,119,91,70,47,53,90,73,46,71,51,78,90,49,31,59,30,28,43,88,94,64,100,99,102,46,58,57,93,111,91,66,66,85,91,105,93,94,73,116,134,130,113,98,109,96,135,69,29,103,43,48,72,98,87,50,36,78,87,61,91,80,110,101,63,45,18,93,27,87,76,64,63,21,41,101,96,64,72,66,68,73,67,57,80,62,24,80,29,9,52,25,40,14,41,66,42,52,19,34,74,93,43,26,65,31,93,119,118,109,71,72,,,,,,,,,,,,,,,,,,,,,,,,,,,,,,96,50,81,85,118,66,102,77,12,105,73,59,103,105,,95,104,48,104,61,60,51,22,12,34,54,55,42,11,89,75,47,92,63,51,42,49,111,90,99,49,23,39,100,64,79,93,77,26,81,107,75,103,73,87,54,59,43,55,27,38,58,59,71,60,94,79,75,68,83,88,77,61,47,45,68,91,76,78,48,100,21,28,35,66,14,28,55,47,36,,59,58,23,30,52,14,6,66,74,6,29,46,68,47,34,5,50,10,24,23,,39,66,55,55,34,72,67,36,,34,85,78,89,58,67,104,116,87,56,91,60,75,61,76,82,84,59,,65,63,10,107,1,72,104,35,106,102,56,,81,,51,,47,107,86,107,107,97,85,135,74,95,95,103,91,12,56,23,57,12,64,51,43,108,82,56,,,,86,,
20260403,2,O3_8h,,,,,,,,,,,,,,,,,,,,,,,,,,,,,,,,,,,146,,,,,,,,,,,,,,,,,,,,,,,,,,,,,,,,,,,,,,,,,,,,,,,,,,,,,,,,,,,,,,,,,,,,,,,,,,,,,,,,100,,,,,,,,,,,,,,,,,,,,,,,25,,,,,,,,,,,,,,,,,,,,,,,,,,,,,,,,,,,,,,,,,,,,,,,,,,,,,,,,,,,,,,,,,,,,,,,,,,,,,106,,,,,,,,,,,,,,,,,,,,,,,,,,,,,,,,,,,,,,,,,,,,,,,,,,,,,,,,,,,,,,,,,,,,,,,,,,,,,,,,,,,,,,,,,,,,,,,,,,,,,,,,,,,,,,,,,,,,,,,,,,,,,,,,,,,,,,,,,,,,,,,,,,,,,,,,,,,,,,,,
20260403,2,O3_8h_24h,,,,,,,,,,,,,,,,,,,,,,,,,,,,,,,,,,,,,,,,,,,,,,,,,,,,,,,,,,,,,,,,,,,,,,,,,,,,,,,,,,,,,,,,,,,,,,,,,,,,,,,,,,,,,,,,,,,,,,,,,,,,,,,,,,,,,,,,,,,,,,,,,,,,,,,,,,,,,,,,,,,,,,,,,,,,,,,,,,,,,,,,,,,,,,,,,,,,,,,,,,,,,,,,,,,,,,,,,,,,,,,,,,,,,,,,,,,,,,,,,,,,,,,,,,,,,,,,,,,,,,,,,,,,,,,,,,,,,,,,,,,,,,,,,,,,,,,,,,,,,,,,,,,,,,,,,,,,,,,,,,,,,,,,,,,,,,,,,,,,,,,,,,,,,,,,,,,,,,,,,,,,,,,,,,,,,,,
20260403,2,CO,0.78,1.04,0.64,0.96,1.05,0.50,0.63,0.40,0.60,1.45,0.53,0.43,0.78,0.72,0.36,1.20,0.71,1.21,0.96,0.45,0.62,0.67,0.58,0.71,0.56,0.76,0.70,0.60,0.70,1.17,0.90,0.88,0.85,0.63,0.40,0.37,0.44,0.78,0.53,0.47,0.55,0.37,0.50,0.30,0.52,0.45,0.40,0.65,0.58,0.61,0.37,0.62,0.59,0.65,0.54,0.47,0.50,0.30,0.33,0.63,0.55,0.47,0.67,0.47,0.53,0.57,0.43,0.48,0.24,0.50,0.33,0.45,0.24,0.40,0.42,0.50,0.56,0.24,0.62,1.13,0.50,0.70,0.50,0.64,0.70,0.70,0.62,0.53,0.68,0.50,0.47,0.85,0.52,0.86,0.50,0.86,0.73,0.50,0.70,0.63,0.70,0.60,0.50,0.57,0.60,0.40,0.57,0.50,0.43,0.60,0.43,0.63,1.03,1.04,0.80,0.72,1.17,0.98,0.64,1.28,0.42,1.03,0.52,0.58,0.67,0.58,0.53,0.43,0.62,1.10,0.35,0.50,0.38,0.53,0.60,0.77,0.50,0.95,0.65,0.80,0.55,0.53,0.75,0.55,0.70,0.53,0.50,0.25,0.50,0.53,0.80,0.65,0.60,0.50,0.30,0.40,1.00,0.42,0.44,0.40,,,,,,,,,,,,,,,,,,,,,,,,,,,,,,0.43,0.40,0.55,0.73,0.17,1.10,0.47,0.67,0.60,0.27,0.73,0.20,0.30,0.35,,0.30,0.45,0.70,0.50,0.70,0.67,0.47,1.20,0.75,0.85,0.80,0.50,0.43,1.27,0.37,0.57,0.28,0.45,0.83,0.35,0.90,0.15,0.57,0.34,0.70,0.45,0.60,0.50,0.70,0.64,0.50,0.25,0.30,0.93,0.33,0.53,0.43,0.30,0.65,0.35,0.60,0.60,0.65,0.55,0.70,0.95,0.78,0.82,0.55,0.54,0.35,0.45,0.35,0.60,0.50,0.57,0.23,0.82,0.57,0.74,0.87,0.40,0.60,0.33,0.70,0.70,0.50,0.97,0.90,0.80,0.60,0.73,0.25,0.60,0.40,0.55,0.60,0.60,0.83,0.60,0.95,0.80,0.90,0.65,0.70,0.63,0.60,0.40,0.47,0.80,0.60,0.33,0.40,0.60,0.50,0.20,,0.25,0.35,0.40,0.57,0.60,0.50,0.45,0.55,,0.80,0.30,0.30,0.40,0.75,0.55,0.40,0.40,0.50,1.00,0.40,,0.20,0.60,0.35,0.25,0.30,1.30,,0.40,0.50,0.63,0.30,0.50,0.40,0.15,0.45,0.20,0.20,0.35,,0.30,,0.60,,0.45,0.50,0.40,0.30,0.30,0.30,0.30,0.30,0.53,0.20,0.25,0.45,,0.50,0.25,1.15,0.30,1.10,0.55,0.55,0.60,0.30,0.45,0.35,,,,0.50,,
20260403,2,CO_24h,0.53,0.79,0.56,0.83,0.65,0.52,0.51,0.37,0.50,0.65,0.47,0.38,0.57,0.65,0.50,0.84,0.47,0.72,1.07,0.62,0.75,0.78,0.80,0.77,0.50,0.76,0.83,0.71,0.74,1.02,0.70,0.80,0.53,0.66,0.46,0.37,0.46,0.72,0.63,0.43,0.55,0.57,0.50,0.40,0.67,0.40,0.43,0.77,0.52,1.06,0.50,0.73,0.66,0.72,0.59,0.50,0.60,0.40,0.53,0.67,0.60,0.70,0.71,0.47,0.57,0.53,0.57,0.47,0.32,0.56,0.60,0.65,0.42,0.35,0.52,0.63,0.70,0.34,0.78,0.70,0.53,0.55,0.53,0.63,0.58,0.67,0.60,0.48,0.66,0.57,0.40,0.65,0.38,1.10,0.60,0.72,0.70,0.57,0.63,0.73,0.75,0.55,0.60,0.73,0.70,0.50,0.63,0.65,0.50,0.50,0.56,0.77,0.80,0.82,0.58,1.02,0.95,1.14,0.60,1.10,0.54,0.93,0.38,0.57,0.77,0.66,0.72,0.53,0.63,0.83,0.50,0.53,0.42,0.63,0.65,0.92,0.50,0.87,0.73,0.89,0.50,0.57,0.73,0.80,0.73,0.47,0.50,0.30,0.60,0.50,0.73,0.65,0.45,0.54,0.55,0.50,0.67,0.82,0.38,0.40,,,,,,,,,,,,,,,,,,,,,,,,,,,,,,0.45,0.40,0.55,0.67,0.20,0.65,0.58,0.57,0.40,0.57,0.60,0.20,0.45,0.38,,0.20,0.50,0.57,0.83,0.60,0.67,0.53,0.90,0.80,0.90,0.40,0.40,0.40,1.07,0.73,0.53,0.55,0.70,0.93,0.40,0.80,0.15,0.55,0.52,0.50,0.60,0.67,0.45,0.65,0.64,0.43,0.45,0.23,0.93,0.30,0.53,0.63,0.50,0.80,0.45,0.67,0.83,0.68,0.55,0.62,0.95,0.93,0.82,0.65,0.78,0.67,0.50,0.47,0.58,0.57,0.47,0.37,0.75,0.70,0.82,0.80,0.47,0.70,0.40,0.70,0.97,0.50,0.85,0.80,0.90,0.55,0.67,0.35,0.60,0.45,0.50,0.80,0.77,0.93,0.80,0.80,0.90,0.80,0.85,0.80,0.67,0.65,0.40,0.50,0.60,0.60,0.40,0.40,0.65,0.50,0.30,,0.30,0.45,0.43,0.67,0.60,0.50,0.45,0.65,,0.65,0.30,0.30,0.50,0.75,0.55,0.40,0.40,0.50,0.85,0.40,0.65,0.35,0.55,0.45,0.30,0.30,0.90,,0.30,0.50,0.73,0.47,0.50,0.50,0.50,0.45,0.40,0.30,0.45,,0.40,,0.65,,0.45,0.50,0.40,0.30,0.30,0.30,0.40,0.40,0.43,0.40,0.40,0.65,0.20,0.25,0.30,0.60,0.20,0.65,0.70,0.75,0.30,0.30,0.55,0.50,,,,0.65,,
20260403,3,AQI,114,141,133,120,101,52,141,62,66,129,76,64,76,74,86,109,120,432,183,40,73,36,51,100,80,90,43,55,81,133,115,116,131,32,53,54,33,53,32,64,51,34,35,32,34,26,29,41,64,55,30,29,31,46,40,41,39,34,41,43,35,33,53,34,33,59,17,33,30,53,133,53,241,57,18,19,445,500,71,79,74,116,28,100,69,73,64,70,81,76,69,74,73,93,59,78,21,32,36,31,30,31,30,36,46,40,40,34,42,79,78,46,86,105,48,63,111,62,125,312,43,180,95,59,59,27,46,51,48,53,42,84,23,22,27,30,17,50,39,51,32,30,44,28,20,23,41,21,25,29,86,59,53,43,27,87,42,461,37,53,,,,,,,,,,,,,,,,,,,,,,,,,,,,,,34,48,38,67,36,64,35,83,66,500,111,17,393,52,,48,194,96,49,75,69,69,148,59,62,335,81,60,199,38,140,29,77,167,17,187,19,60,28,68,39,45,32,70,57,68,28,68,44,58,32,25,33,23,28,33,19,34,20,24,29,27,18,24,51,36,47,33,34,36,76,35,29,35,51,30,29,41,27,23,29,31,40,33,36,27,55,17,34,11,46,40,40,55,38,69,52,81,41,55,32,23,24,60,61,24,30,30,27,26,13,,11,31,23,29,26,44,42,12,,30,40,25,28,79,53,40,63,52,100,33,60,22,18,23,25,25,43,,20,19,33,31,39,23,107,40,331,109,76,,32,,40,,60,69,67,57,69,46,26,168,143,383,78,500,28,61,69,95,89,135,79,63,49,33,35,47,,,,43,,
20260403,3,PM2.5,86,108,101,91,76,35,108,30,39,98,56,43,56,42,36,82,91,398,138,24,53,22,31,75,59,67,21,34,60,101,87,88,100,20,37,38,12,37,13,46,36,15,24,12,17,16,10,29,46,39,16,20,22,24,18,21,27,24,26,20,20,23,37,24,18,42,5,20,4,33,63,29,104,24,11,13,216,168,49,58,54,88,12,75,50,53,46,51,60,56,50,54,53,69,42,57,15,15,25,21,21,19,19,25,29,28,28,24,29,58,22,32,64,75,16,45,84,44,95,262,30,136,71,42,42,19,30,33,29,36,19,62,7,11,18,21,12,35,21,36,22,19,31,11,11,9,24,15,11,16,64,42,37,23,5,24,9,146,12,18,,,,,,,,,,,,,,,,,,,,,,,,,,,,,,14,25,23,45,15,45,18,61,18,227,84,10,186,21,,15,114,72,30,55,50,50,113,37,27,285,60,43,149,22,107,18,56,127,9,141,7,43,13,48,22,30,20,51,38,49,5,49,29,41,9,4,8,7,14,23,13,22,13,16,17,17,7,10,24,12,28,23,23,19,56,24,18,22,26,18,11,29,19,11,15,16,28,23,24,19,39,3,21,6,32,28,28,39,24,50,35,60,25,39,15,12,13,43,44,16,14,21,15,18,3,,3,8,16,20,13,24,28,7,,21,28,12,3,58,37,28,45,34,75,23,43,6,3,3,3,3,30,,3,3,21,16,19,10,53,20,104,41,31,,16,,14,,22,37,34,25,36,19,3,30,89,106,33,156,10,36,17,61,46,64,27,30,11,3,11,11,,,,22,,
20260403,3,PM2.5_24h,49,53,66,50,34,55,68,26,26,62,62,42,54,34,36,59,37,108,142,44,42,45,62,69,48,65,38,47,56,80,57,68,72,32,23,24,23,38,35,24,27,21,26,15,27,12,14,36,26,62,34,31,24,21,15,15,28,18,27,20,16,36,39,24,21,29,25,22,7,40,40,23,28,22,25,24,50,26,46,49,43,37,10,80,45,41,46,28,56,47,34,39,35,74,46,51,18,12,24,24,19,15,20,28,24,17,16,26,27,43,23,40,36,51,21,55,61,48,46,128,52,131,65,30,43,26,64,63,37,67,33,53,19,23,20,18,19,30,24,55,23,28,32,17,20,13,25,15,25,18,48,38,24,35,47,63,33,47,10,28,,,,,,,,,,,,,,,,,,,,,,,,,,,,,,29,30,25,42,19,35,29,38,18,55,46,9,101,19,,6,27,40,55,55,32,65,78,53,55,57,43,45,157,106,79,55,136,168,13,126,7,38,38,42,34,30,25,46,39,48,25,39,29,24,9,18,14,19,15,29,24,35,29,19,18,30,23,21,66,54,44,33,35,26,45,31,26,32,31,28,24,31,31,20,36,16,23,30,25,22,38,17,23,13,26,40,35,42,30,42,32,46,49,48,22,8,16,22,21,19,15,22,17,16,7,,4,14,27,29,14,15,21,27,,21,29,20,7,51,40,22,40,38,70,22,44,16,10,5,6,3,25,,3,6,28,26,23,19,42,19,68,84,22,,22,,21,,20,21,19,17,24,11,6,17,33,46,17,39,18,23,20,50,28,47,36,26,11,3,15,23,,,,29,,
20260403,3,PM10,162,181,171,147,145,53,179,73,82,157,77,78,79,98,121,118,151,426,128,34,73,36,52,101,76,93,43,59,74,130,113,104,122,32,50,56,23,56,27,73,49,28,35,25,34,23,12,31,75,57,30,27,28,46,40,41,38,33,41,43,35,33,48,33,33,48,13,33,12,56,216,56,379,64,15,18,545,778,91,100,69,103,,98,85,83,71,71,89,73,74,72,72,99,54,84,19,22,36,31,26,31,30,32,46,31,33,34,42,95,105,44,103,160,48,71,134,73,99,273,42,150,86,50,67,25,46,51,48,56,42,69,13,22,27,27,16,43,39,48,32,30,39,28,20,23,41,21,25,29,103,66,50,43,18,124,42,561,37,55,,,,,,,,,,,,,,,,,,,,,,,,,,,,,,34,48,38,84,36,78,35,93,81,822,137,17,494,54,,48,338,94,49,84,74,85,117,68,73,,86,42,270,38,133,29,103,162,17,153,19,66,28,85,39,45,32,67,64,70,6,69,44,47,15,6,15,12,21,30,19,34,18,24,29,27,17,22,52,36,47,32,34,36,66,35,29,35,51,30,19,36,26,23,27,31,35,24,36,,58,7,34,11,44,40,40,52,38,56,53,67,41,55,32,23,24,47,54,24,30,29,27,,13,,8,31,23,23,26,44,42,6,,,35,25,11,84,45,36,57,54,92,25,59,12,12,13,20,12,,,9,10,33,31,39,23,164,40,445,168,102,,32,,40,,70,87,84,63,88,46,10,285,236,486,105,775,20,72,88,140,128,219,107,76,49,17,35,47,,,,43,,
20260403,3,PM10_24h,121,116,141,113,92,84,152,64,78,118,116,103,101,75,73,97,74,141,242,62,66,65,94,94,71,96,67,80,69,108,83,82,84,57,39,39,38,57,51,43,42,39,41,27,61,23,25,48,51,80,50,46,34,40,34,35,46,34,51,37,31,55,49,35,36,35,45,34,23,77,107,47,88,56,32,35,108,103,89,93,58,68,19,104,90,71,76,55,89,91,77,61,55,107,80,80,29,22,30,37,26,23,30,40,38,26,27,41,43,69,67,57,72,110,54,95,105,92,77,158,77,166,96,50,68,41,87,82,53,94,58,74,30,32,31,24,18,47,40,64,30,44,43,34,32,33,39,22,40,35,79,66,57,61,77,305,159,133,41,95,,,,,,,,,,,,,,,,,,,,,,,,,,,,,,57,50,40,74,59,76,54,68,76,201,113,22,354,44,,28,91,82,88,85,70,98,103,75,87,99,81,57,253,139,103,71,175,230,30,164,18,65,63,73,64,49,38,68,71,73,39,62,47,42,21,24,21,23,23,39,31,50,38,28,35,39,37,43,92,84,73,49,49,47,58,56,48,48,54,50,40,56,44,32,61,28,32,31,31,31,52,25,31,18,41,52,53,63,49,56,42,60,63,68,41,16,28,30,44,22,33,30,26,20,23,,9,29,42,40,22,25,24,44,,31,44,34,14,91,48,31,50,49,89,27,62,24,17,9,35,13,33,,12,10,45,66,43,38,146,40,264,298,59,,51,,46,,48,51,44,36,65,30,17,91,93,153,50,129,65,46,81,140,81,151,174,72,46,17,51,58,,,,44,,
20260403,3,SO2,6,11,3,13,16,5,6,5,4,12,9,7,11,11,16,18,7,17,9,7,7,7,5,9,11,9,7,8,7,13,11,9,9,7,6,4,7,6,6,6,6,4,3,5,6,4,2,7,8,8,6,6,5,6,5,5,7,4,,5,7,10,3,6,8,5,4,5,4,6,5,6,5,6,4,5,12,5,13,6,8,12,3,30,10,8,15,12,11,8,7,6,9,9,6,13,6,6,5,5,9,6,6,4,7,11,11,6,5,5,11,10,12,9,70,8,11,11,11,16,5,6,7,8,9,5,11,5,7,11,5,14,5,6,6,6,9,5,6,5,4,7,6,9,5,6,3,6,5,8,7,4,4,7,7,9,13,8,5,10,,,,,,,,,,,,,,,,,,,,,,,,,,,,,,5,,5,6,4,10,6,10,8,9,5,5,7,6,,7,8,36,7,10,15,7,8,11,10,1,5,5,12,8,5,5,5,12,5,7,7,9,8,10,7,6,4,10,6,8,4,6,3,6,3,3,3,4,5,5,5,6,7,3,7,7,7,6,10,9,4,8,7,5,5,5,7,7,9,7,3,4,6,5,3,7,9,5,5,7,5,6,3,4,8,7,4,9,6,11,6,5,5,8,3,6,8,3,8,7,5,6,8,7,,,6,3,5,8,4,10,4,2,,5,6,6,8,7,5,5,4,4,9,5,5,6,6,6,10,7,5,,7,6,5,8,4,8,5,10,11,4,7,,3,,8,,3,8,5,11,11,19,4,16,19,8,5,3,8,5,2,5,43,5,3,6,6,5,9,9,,,,6,,
20260403,3,SO2_24h,5,10,4,12,12,6,6,5,5,6,8,8,8,11,11,13,8,10,13,7,7,7,6,9,9,11,7,8,7,13,8,8,7,7,6,5,7,7,7,6,7,3,3,5,6,4,3,8,6,7,5,8,5,6,5,4,6,4,6,4,5,11,4,6,8,5,6,4,4,7,11,14,10,7,4,6,15,7,15,10,8,18,3,19,11,7,12,10,11,8,6,5,7,11,7,13,10,6,5,7,8,6,7,6,7,5,7,7,5,6,14,10,11,14,17,13,12,14,11,11,6,9,8,7,10,6,12,4,8,11,6,14,6,7,6,7,8,8,8,6,4,7,7,11,7,6,3,5,10,7,8,5,3,7,9,26,15,19,6,10,,,,,,,,,,,,,,,,,,,,,,,,,,,,,,6,2,5,6,6,12,8,9,11,26,9,5,11,7,,6,9,17,11,10,11,8,8,10,10,2,8,9,12,12,7,7,8,12,6,12,7,7,9,8,8,7,5,9,7,8,5,7,5,7,3,7,4,6,6,5,6,5,17,5,7,10,10,11,9,10,6,6,6,6,4,5,9,7,11,10,5,6,7,6,7,8,7,8,4,7,5,5,4,4,10,8,5,12,13,17,6,6,10,8,5,6,7,6,8,7,4,6,9,6,5,,6,7,5,9,4,10,6,4,,5,6,6,9,8,6,5,4,5,9,6,5,6,6,7,9,6,9,,7,6,6,7,7,8,21,10,11,6,9,,6,,8,,4,11,6,10,12,16,5,14,9,9,6,5,8,7,3,5,11,4,3,7,6,5,12,9,,,,7,,
20260403,3,NO2,61,44,20,29,88,13,52,13,29,74,22,19,15,27,13,63,25,49,41,15,17,21,30,23,27,32,28,30,30,31,32,16,32,19,13,26,10,26,13,13,16,8,14,9,25,12,9,16,13,13,15,10,11,25,7,5,18,4,9,16,8,9,31,5,17,20,7,9,3,32,5,5,8,37,9,11,13,6,19,14,27,30,8,33,16,15,31,15,23,17,20,16,12,30,10,27,18,9,10,5,9,8,6,3,24,13,13,6,17,20,10,8,26,53,49,11,49,15,28,43,9,32,37,16,22,24,24,17,29,13,20,18,11,13,26,5,11,35,5,10,7,31,15,13,11,10,28,8,5,7,31,26,17,21,10,2,12,3,12,17,,,,,,,,,,,,,,,,,,,,,,,,,,,,,,7,18,15,21,5,23,14,31,47,3,16,6,3,8,,7,5,35,10,26,24,35,28,41,25,47,20,16,47,9,35,8,12,27,7,31,16,20,14,24,26,32,9,22,18,23,7,13,27,16,7,7,4,6,10,15,7,17,9,19,15,10,4,10,17,10,16,23,19,10,15,10,15,9,17,11,9,11,6,4,9,4,11,7,2,14,18,4,10,6,30,9,9,26,13,21,19,18,4,11,28,15,12,13,15,10,31,8,18,13,4,,17,11,7,12,14,7,7,4,,8,5,9,6,16,9,8,4,7,18,7,32,5,6,6,3,3,16,,5,3,24,13,16,20,5,33,2,6,11,,15,,11,,28,3,1,1,1,2,9,2,13,6,5,5,5,48,9,47,15,63,23,33,8,2,6,12,,,,3,,
20260403,3,NO2_24h,34,52,24,34,40,16,38,16,24,47,37,27,18,31,27,37,29,35,39,35,24,38,31,29,21,45,35,32,33,28,28,18,22,28,24,31,21,32,29,22,28,26,27,14,22,14,15,31,15,21,16,20,20,31,10,11,31,11,17,18,10,40,17,7,19,18,12,10,8,30,31,14,26,24,21,20,34,17,29,21,23,30,12,28,22,16,30,21,22,31,24,16,13,40,21,26,23,12,9,11,14,10,16,13,34,11,15,18,12,16,22,16,18,33,25,29,33,30,30,34,16,39,23,24,23,33,25,17,19,16,18,16,23,21,21,9,16,29,10,31,6,19,18,13,16,8,17,12,11,8,27,27,18,24,28,16,9,19,10,22,,,,,,,,,,,,,,,,,,,,,,,,,,,,,,12,12,24,15,22,26,11,29,35,21,15,8,13,17,,7,7,28,25,26,22,33,30,27,27,11,17,16,36,21,20,11,27,35,11,30,6,14,16,19,28,39,13,22,16,17,12,13,27,17,10,15,10,14,14,19,14,26,22,23,21,19,13,18,17,20,18,17,16,14,12,14,13,15,15,17,15,17,11,9,20,11,15,13,6,15,23,11,16,10,30,14,19,36,22,15,28,15,17,12,32,14,12,14,17,10,32,11,18,9,6,,14,8,11,7,13,7,9,14,,7,7,12,9,16,9,8,6,8,17,9,17,7,9,6,4,6,18,,4,3,27,30,19,16,19,26,15,15,20,,17,,14,,19,7,2,4,8,2,14,5,17,18,21,14,17,16,11,37,13,36,16,26,8,7,10,12,,,,5,,
20260403,3,O3,38,75,86,38,3,69,43,115,56,32,78,74,61,69,79,26,78,71,37,127,109,95,81,98,93,87,79,78,91,64,68,116,84,65,140,61,107,68,103,127,127,110,64,103,65,82,93,50,125,119,85,66,47,53,92,65,47,68,52,77,91,50,26,60,26,28,53,89,97,54,105,94,108,52,58,56,90,106,100,93,58,78,88,94,93,93,71,123,123,127,115,92,114,90,132,76,24,103,47,49,68,98,87,54,35,74,83,66,77,,111,98,57,37,23,106,24,102,83,54,65,26,41,110,91,84,56,63,59,72,63,53,75,69,24,79,35,7,57,46,46,8,42,59,39,41,18,29,77,94,46,24,54,32,87,129,107,115,68,83,,,,,,,,,,,,,,,,,,,,,,,,,,,,,,93,53,75,50,113,69,83,65,41,106,72,55,88,109,,96,104,58,107,49,56,46,,18,34,46,58,35,26,84,68,47,83,55,50,54,28,101,86,90,44,29,43,91,59,80,90,72,29,90,103,79,104,73,90,55,54,40,63,28,37,63,58,78,67,86,75,60,68,74,81,84,59,56,47,73,92,65,81,49,93,21,31,43,68,11,34,55,53,35,,59,57,27,32,45,25,4,65,73,6,25,48,61,58,29,4,41,14,25,23,,34,52,53,50,36,79,74,39,,28,83,73,91,60,66,94,119,76,45,87,41,71,57,73,80,81,52,,63,60,8,98,1,57,101,31,101,104,84,,78,,51,,53,107,84,116,108,97,82,134,81,91,93,101,89,14,55,43,78,25,57,41,43,107,81,50,,,,87,,
20260403,3,O3_24h,38,75,86,38,3,69,43,115,56,32,78,74,61,69,79,26,78,71,37,127,109,95,81,98,93,87,79,78,91,64,68,116,84,65,140,61,107,68,103,127,127,110,64,103,65,82,93,50,125,119,85,66,47,53,92,65,47,68,52,77,91,50,26,60,26,28,53,89,97,54,105,94,108,52,58,56,90,106,100,93,58,78,88,94,93,93,71,123,123,127,115,92,114,90,132,76,24,103,47,49,68,98,87,54,35,74,83,66,77,,111,98,57,37,23,106,24,102,83,54,65,26,41,110,91,84,56,63,59,72,63,53,75,69,24,79,35,7,57,46,46,8,42,59,39,41,18,29,77,94,46,24,54,32,87,129,107,115,68,83,,,,,,,,,,,,,,,,,,,,,,,,,,,,,,93,53,75,50,113,69,83,65,41,106,72,55,88,109,,96,104,58,107,49,56,46,,18,34,46,58,35,26,84,68,47,83,55,50,54,28,101,86,90,44,29,43,91,59,80,90,72,29,90,103,79,104,73,90,55,54,40,63,28,37,63,58,78,67,86,75,60,68,74,81,84,59,56,47,73,92,65,81,49,93,21,31,43,68,11,34,55,53,35,,59,57,27,32,45,25,4,65,73,6,25,48,61,58,29,4,41,14,25,23,,34,52,53,50,36,79,74,39,,28,83,73,91,60,66,94,119,76,45,87,41,71,57,73,80,81,52,,63,60,8,98,1,57,101,31,101,104,84,,78,,51,,53,107,84,116,108,97,82,134,81,91,93,101,89,14,55,43,78,25,57,41,43,107,81,50,,,,87,,
20260403,3,O3_8h,,,,,,,,,,,,,,,,,,,,,,,,,,,,,,,,,,,146,,,,,,,,,,,,,,,,136,,,,,,,,,,,,,,,,,,,,,,,,,,,,,,,,,,,,,,,,,,,,,,,,,,,,,,,,,,,,,,,,100,,,,,,,,,,,,,,,,,,,,,,,25,,,,,,,,,,,,,,,,,,,,,,,,,,,,,,,,,,,,,,,,,,,,,,,,,,,,,,,,,,,,,,,,,,,,,,,,,,,,,106,,,,,,,,,,,,,,,,,,,,,,,,,,,,,,,,,,,,,,,,,,,,,,,,,,,,,,,,,,,,,,,,,,,,,,,,,,,,,,,,,,,,,,,,,,,,,,,,,,,,,,,,,,,,,,,,,,,,,,,,,,,,,,,,,,,,,,,,,,,,,,,,,,,,,,122,,,,,,,,,,
20260403,3,O3_8h_24h,,,,,,,,,,,,,,,,,,,,,,,,,,,,,,,,,,,,,,,,,,,,,,,,,,,,,,,,,,,,,,,,,,,,,,,,,,,,,,,,,,,,,,,,,,,,,,,,,,,,,,,,,,,,,,,,,,,,,,,,,,,,,,,,,,,,,,,,,,,,,,,,,,,,,,,,,,,,,,,,,,,,,,,,,,,,,,,,,,,,,,,,,,,,,,,,,,,,,,,,,,,,,,,,,,,,,,,,,,,,,,,,,,,,,,,,,,,,,,,,,,,,,,,,,,,,,,,,,,,,,,,,,,,,,,,,,,,,,,,,,,,,,,,,,,,,,,,,,,,,,,,,,,,,,,,,,,,,,,,,,,,,,,,,,,,,,,,,,,,,,,,,,,,,,,,,,,,,,,,,,,,,,,,,,,,,,,,
20260403,3,CO,0.89,1.02,0.64,0.90,1.15,0.45,0.64,0.40,0.60,1.67,0.40,0.40,0.82,0.73,0.36,1.24,0.77,1.70,0.87,0.45,0.63,0.66,0.57,0.73,0.56,0.76,0.70,0.64,0.70,1.12,0.94,0.90,0.85,0.60,0.40,0.40,0.42,0.77,0.53,0.47,0.55,0.33,0.40,0.30,0.54,0.42,0.38,0.63,0.65,0.59,0.39,0.64,0.58,0.63,0.54,0.43,0.50,0.30,0.33,0.63,0.55,0.47,0.69,0.43,0.50,0.57,0.47,0.45,0.26,0.51,0.37,0.45,0.22,0.36,0.38,0.50,0.57,0.22,0.66,0.67,0.53,0.75,0.50,0.70,0.70,0.73,0.64,0.63,0.64,0.50,0.48,0.87,0.52,0.84,0.50,0.75,0.90,0.50,0.80,0.63,0.70,0.55,0.45,0.57,0.55,0.40,0.57,0.45,0.47,0.60,0.41,0.62,1.03,1.00,0.72,0.68,1.20,0.90,0.72,1.60,0.40,0.90,0.52,0.60,0.60,0.62,0.53,0.45,0.62,1.10,0.40,0.50,0.40,0.70,0.60,0.77,0.50,1.00,0.68,0.70,0.50,0.55,0.73,0.70,0.70,0.50,0.53,0.25,0.48,0.53,0.77,0.65,0.70,0.48,0.30,0.40,0.63,0.40,0.50,0.40,,,,,,,,,,,,,,,,,,,,,,,,,,,,,,0.32,0.50,0.55,0.73,0.17,0.65,0.50,0.67,0.70,0.23,0.70,0.20,0.30,0.35,,0.30,0.45,0.82,0.47,0.75,0.67,0.43,1.10,0.75,0.80,1.00,0.45,0.40,1.30,0.37,0.57,0.28,0.35,0.80,0.35,0.75,0.15,0.60,0.36,0.60,0.50,0.57,0.50,0.70,0.62,0.50,0.25,0.30,0.93,0.30,0.50,0.50,0.30,0.65,0.40,0.60,0.73,0.57,0.60,0.72,0.95,0.68,0.82,0.55,0.54,0.35,0.45,0.38,0.46,0.50,0.57,0.33,0.73,0.60,0.77,0.80,0.40,0.60,0.30,0.70,0.90,0.50,1.05,0.85,0.80,0.65,0.70,0.25,0.65,0.40,0.50,0.50,0.57,0.73,0.63,0.95,0.70,0.90,0.65,0.60,0.63,0.65,0.40,0.50,0.50,0.60,0.33,0.40,0.60,0.55,0.20,,0.25,0.40,0.40,0.57,0.60,0.50,0.35,0.55,,0.75,0.30,0.30,0.45,0.75,0.50,0.40,0.40,0.55,0.90,0.40,0.50,0.20,0.50,0.35,0.25,0.30,0.90,,0.35,0.50,0.63,0.37,0.50,0.45,0.35,0.45,0.20,0.25,0.30,,0.30,,0.60,,0.40,0.30,0.30,0.20,0.30,0.30,0.30,0.30,0.40,0.20,0.25,0.45,,0.40,0.20,0.75,0.20,1.15,0.80,0.60,1.10,0.30,0.45,0.35,,,,0.50,,
20260403,3,CO_24h,0.56,0.81,0.60,0.84,0.65,0.52,0.51,0.37,0.50,0.70,0.47,0.38,0.57,0.65,0.50,0.88,0.49,0.76,1.06,0.61,0.74,0.77,0.77,0.76,0.50,0.76,0.80,0.71,0.74,1.02,0.72,0.80,0.53,0.66,0.44,0.37,0.45,0.75,0.60,0.43,0.55,0.53,0.50,0.40,0.67,0.40,0.43,0.77,0.52,1.03,0.50,0.72,0.66,0.71,0.57,0.50,0.60,0.40,0.50,0.63,0.60,0.67,0.71,0.47,0.57,0.53,0.57,0.47,0.32,0.58,0.60,0.70,0.42,0.35,0.52,0.63,0.70,0.34,0.76,0.70,0.53,0.57,0.53,0.63,0.60,0.63,0.62,0.47,0.66,0.57,0.42,0.65,0.38,1.06,0.60,0.73,0.73,0.57,0.63,0.73,0.75,0.55,0.60,0.73,0.70,0.50,0.63,0.60,0.50,0.50,0.56,0.77,0.80,0.84,0.60,1.00,0.97,1.14,0.60,1.13,0.54,0.93,0.38,0.57,0.77,0.66,0.71,0.50,0.63,0.83,0.50,0.53,0.42,0.63,0.65,0.92,0.50,0.87,0.73,0.89,0.50,0.57,0.73,0.80,0.70,0.47,0.50,0.30,0.60,0.50,0.73,0.65,0.45,0.54,0.55,0.50,0.67,0.80,0.38,0.40,,,,,,,,,,,,,,,,,,,,,,,,,,,,,,0.45,0.40,0.55,0.67,0.20,0.65,0.58,0.57,0.43,0.53,0.60,0.20,0.45,0.38,,0.20,0.50,0.57,0.83,0.60,0.70,0.53,0.90,0.80,0.90,0.40,0.40,0.40,1.10,0.73,0.53,0.55,0.70,0.93,0.40,0.80,0.15,0.55,0.50,0.50,0.60,0.63,0.45,0.65,0.64,0.43,0.45,0.23,0.88,0.30,0.53,0.63,0.50,0.75,0.45,0.67,0.83,0.70,0.55,0.62,0.95,0.93,0.85,0.65,0.76,0.65,0.50,0.47,0.58,0.57,0.47,0.37,0.75,0.73,0.82,0.80,0.50,0.70,0.40,0.70,0.97,0.50,0.85,0.80,0.90,0.55,0.67,0.35,0.60,0.45,0.50,0.80,0.77,0.87,0.80,0.80,0.87,0.80,0.85,0.80,0.67,0.65,0.40,0.50,0.60,0.60,0.40,0.40,0.65,0.50,0.30,,0.30,0.40,0.43,0.67,0.60,0.50,0.45,0.65,,0.65,0.30,0.30,0.50,0.75,0.55,0.40,0.40,0.50,0.90,0.40,0.65,0.30,0.55,0.40,0.30,0.30,0.90,,0.30,0.50,0.73,0.43,0.50,0.50,0.45,0.45,0.40,0.30,0.45,,0.40,,0.65,,0.45,0.50,0.40,0.30,0.30,0.30,0.40,0.40,0.43,0.40,0.40,0.65,0.20,0.25,0.30,0.60,0.20,0.65,0.70,0.75,0.30,0.30,0.55,0.45,,,,0.65,,
20260403,4,AQI,119,138,133,124,105,53,141,67,76,140,73,64,75,74,136,93,123,487,169,43,75,35,51,100,81,90,40,51,78,114,124,113,141,25,66,59,33,46,32,69,56,36,33,31,39,26,28,44,63,63,33,27,27,45,40,46,39,36,41,45,36,34,55,34,34,56,19,32,29,61,105,48,162,55,16,18,500,500,76,74,76,120,27,104,75,75,63,78,84,73,76,80,80,94,54,75,26,33,36,31,33,34,31,34,46,41,30,34,40,79,58,40,81,101,49,69,108,63,128,500,44,173,95,58,64,27,74,50,53,53,37,58,21,21,27,27,20,54,40,46,30,31,44,26,19,24,40,21,23,31,89,59,51,40,26,56,49,464,28,54,,,,,,,,,,,,,,,,,,,,,,,,,,,,,,32,47,39,66,33,66,32,83,59,500,120,27,172,58,,45,294,106,46,76,64,71,114,59,63,322,74,86,196,41,121,28,65,159,16,136,21,60,31,65,39,44,23,75,55,68,28,70,44,56,31,25,30,23,29,32,16,35,27,24,27,23,17,24,44,39,40,31,41,37,80,31,32,34,46,25,28,92,27,37,27,27,44,29,29,27,47,16,17,10,53,40,43,46,37,71,54,83,43,51,31,22,28,61,50,20,31,31,26,24,10,,11,26,22,24,13,39,39,13,,21,44,24,29,78,50,37,66,51,100,30,56,20,15,22,25,24,44,,19,19,33,38,44,21,99,41,231,102,131,,39,,40,,66,74,70,59,75,45,24,305,184,385,110,453,28,62,66,89,86,129,79,55,56,34,34,54,,,,37,,
20260403,4,PM2.5,90,105,101,94,79,37,108,37,56,107,53,46,55,40,67,69,93,481,128,30,55,21,28,75,60,67,19,29,57,86,94,85,108,15,48,42,13,30,14,50,38,14,23,13,22,18,9,31,45,45,20,18,19,24,18,23,27,25,27,21,20,24,39,24,19,40,6,19,5,41,55,27,94,24,9,9,313,220,56,54,56,91,10,78,55,55,45,57,62,53,56,59,59,70,38,55,18,15,25,22,23,19,22,24,29,29,21,24,28,58,20,27,60,76,29,50,81,45,97,394,31,131,71,41,46,19,54,34,37,26,18,41,9,13,17,19,14,38,25,32,21,19,31,11,10,9,24,15,11,17,66,42,36,19,11,11,10,117,10,17,,,,,,,,,,,,,,,,,,,,,,,,,,,,,,8,33,26,43,15,48,19,61,20,250,91,11,88,24,,13,134,80,32,56,42,52,86,41,28,272,54,64,147,20,92,18,42,121,7,104,7,43,20,46,23,31,16,55,38,49,6,51,29,40,7,5,9,10,16,22,7,21,19,17,14,12,5,8,23,16,22,22,29,22,59,17,20,23,24,15,10,29,16,26,15,19,31,20,20,19,32,3,12,7,37,28,30,32,26,52,32,61,25,36,14,12,14,44,35,14,15,22,15,17,3,,5,3,15,17,8,23,25,7,,15,31,15,3,57,35,26,48,36,75,21,40,6,3,5,3,3,31,,3,3,18,21,24,10,49,16,100,43,55,,20,,15,,31,44,30,24,36,18,3,29,131,123,49,129,7,39,15,52,52,66,33,25,23,3,13,29,,,,21,,
20260403,4,PM2.5_24h,52,57,70,52,37,54,71,27,28,65,64,43,55,34,36,58,39,124,142,43,41,44,59,67,48,65,37,46,55,80,59,67,73,32,23,25,23,38,33,25,27,21,26,15,26,12,14,35,27,62,33,30,24,21,15,16,28,18,26,20,16,36,39,24,21,30,25,21,7,41,41,23,31,22,24,23,61,35,46,49,43,40,11,77,46,41,46,30,55,48,35,39,36,74,46,53,18,13,24,24,19,15,20,28,25,17,16,26,27,43,23,39,37,53,20,54,62,48,47,139,52,132,65,30,43,26,64,61,37,64,32,53,19,22,19,18,19,31,24,54,23,26,32,17,20,13,25,15,25,18,49,38,25,35,46,63,32,51,11,27,,,,,,,,,,,,,,,,,,,,,,,,,,,,,,28,30,25,42,18,36,29,40,18,67,49,9,104,20,,7,32,42,52,54,34,65,78,52,52,61,44,46,157,106,80,54,130,163,13,125,7,37,36,41,32,30,25,45,38,47,24,39,29,25,9,17,13,18,15,29,23,34,29,19,18,29,22,20,62,50,42,32,34,25,46,30,25,32,30,28,23,30,30,20,35,17,22,30,24,21,37,16,22,13,26,39,34,42,30,44,32,48,48,48,21,8,15,22,22,18,15,22,16,16,7,,4,13,27,29,14,15,21,26,,22,29,20,7,52,40,21,41,38,71,22,44,15,9,5,6,3,26,,3,6,28,24,23,19,43,19,70,81,24,,22,,21,,20,22,19,17,25,11,5,18,38,51,19,43,18,24,19,50,29,47,36,26,11,3,15,23,,,,28,,
20260403,4,PM10,165,169,173,156,144,52,184,84,97,168,64,72,80,98,221,107,152,551,106,43,71,35,51,98,77,92,40,51,67,110,121,104,129,25,66,60,25,46,29,76,62,27,32,25,39,20,11,33,73,64,33,27,26,45,40,46,39,28,41,45,36,34,49,30,34,46,16,32,11,72,159,48,274,59,15,13,822,1094,98,91,65,112,9,99,82,82,70,76,90,72,81,75,79,106,52,75,23,22,34,30,28,34,29,31,46,,26,32,34,85,65,40,94,147,49,79,129,76,95,639,40,180,85,49,58,24,64,50,55,55,37,57,15,18,27,27,14,48,40,43,27,31,39,26,19,24,40,21,23,31,95,54,50,40,26,61,49,564,28,57,,,,,,,,,,,,,,,,,,,,,,,,,,,,,,28,46,39,82,31,78,32,87,67,858,153,27,293,66,,45,416,93,42,70,77,80,107,68,76,,79,41,260,41,107,28,80,143,14,119,21,68,31,80,39,40,23,69,59,69,8,67,44,44,11,8,15,11,20,32,10,35,25,22,27,23,17,22,44,39,40,30,36,37,67,31,32,34,46,24,19,133,27,,27,27,36,17,29,17,47,9,16,9,47,37,36,43,37,59,57,69,43,45,31,22,28,48,49,18,31,29,26,21,10,,9,26,22,,11,39,39,6,,14,36,24,9,78,41,35,56,48,91,24,60,13,11,11,19,10,,,9,8,33,38,44,21,147,41,372,154,212,,39,,40,,81,97,90,68,99,45,11,424,317,488,169,553,11,73,81,127,121,208,107,59,62,6,34,57,,,,37,,
20260403,4,PM10_24h,125,121,143,116,95,82,154,66,80,122,114,101,100,76,78,97,76,159,244,61,65,63,90,91,71,95,67,78,68,108,84,81,85,56,39,40,38,57,50,44,42,39,40,28,60,23,25,47,53,80,49,45,34,40,34,36,45,33,50,37,31,55,49,35,36,36,45,33,22,76,118,47,98,55,31,34,141,140,89,94,57,70,19,101,89,72,76,55,88,88,76,62,56,108,76,79,28,23,31,37,26,24,30,39,39,26,27,41,42,70,66,56,73,113,54,94,106,92,78,176,77,167,95,50,67,41,87,81,53,92,56,74,30,30,30,23,17,47,40,62,30,42,43,34,32,32,39,21,40,34,79,65,57,61,75,306,157,155,41,90,,,,,,,,,,,,,,,,,,,,,,,,,,,,,,55,49,41,75,58,76,53,69,75,224,117,23,364,45,,29,107,84,86,83,71,98,103,74,86,104,82,57,252,135,103,71,172,223,30,162,18,64,61,74,62,48,37,67,70,72,38,62,46,43,21,23,20,22,24,38,29,49,37,27,34,38,36,42,88,79,70,47,48,47,59,55,47,47,54,49,39,58,43,32,59,28,31,30,30,29,52,23,29,18,42,51,52,63,48,57,43,62,63,68,41,16,28,30,44,22,32,31,26,20,22,,9,28,41,40,22,26,25,43,,32,44,34,14,91,48,31,51,49,89,27,63,23,17,9,35,13,33,,12,10,45,63,44,37,148,40,276,296,66,,51,,46,,49,52,46,38,68,31,16,107,104,169,56,149,63,47,80,138,81,154,170,71,47,17,50,55,,,,44,,
20260403,4,SO2,7,11,3,11,16,6,6,5,4,10,9,7,11,12,25,14,7,19,9,7,6,7,6,9,10,9,6,7,7,12,10,8,8,6,5,5,6,6,5,6,6,3,3,4,6,4,2,7,8,7,6,6,4,5,5,5,6,3,7,5,6,8,3,6,8,5,4,5,4,5,5,6,5,6,3,5,9,5,12,6,9,12,3,29,10,8,13,12,11,7,8,6,10,9,6,13,7,5,7,4,9,6,6,5,5,13,6,6,5,6,9,10,11,7,46,8,12,12,9,23,5,5,7,8,10,5,10,6,7,9,6,13,5,6,7,7,9,4,6,5,4,6,7,7,5,4,2,6,6,6,5,4,4,6,6,9,10,9,6,12,,,,,,,,,,,,,,,,,,,,,,,,,,,,,,5,4,4,5,4,10,7,10,9,9,6,5,6,5,,7,8,31,8,9,,7,7,12,9,2,5,6,12,8,5,4,5,12,6,7,7,9,8,10,7,6,4,8,7,7,5,7,4,6,3,4,3,4,5,5,5,6,12,4,6,6,7,6,10,10,3,7,7,6,4,4,8,7,9,9,4,4,6,5,3,7,8,7,4,7,5,4,3,4,10,7,5,9,6,11,7,5,6,8,3,6,7,4,7,7,5,6,9,7,6,,6,6,6,9,4,9,4,2,,5,6,6,8,6,5,6,5,4,10,6,5,6,6,6,9,7,6,,8,5,5,79,4,7,9,10,8,4,7,,3,,7,,3,14,5,11,11,17,4,16,4,8,5,3,7,5,3,4,51,3,3,5,10,4,9,8,,,,6,,
20260403,4,SO2_24h,6,10,4,13,13,6,6,5,5,6,8,8,8,11,12,13,8,10,13,8,7,7,6,9,9,11,7,8,7,13,9,8,7,7,6,5,7,7,7,6,7,3,3,5,6,4,2,8,7,7,5,8,5,5,5,4,6,4,6,4,5,10,4,6,8,5,6,4,4,7,11,14,9,7,4,6,15,7,15,10,8,16,3,19,10,7,12,10,11,8,6,6,7,11,7,13,9,6,5,6,8,6,7,6,7,6,7,7,5,6,14,10,11,14,18,13,12,14,11,12,6,9,8,7,10,6,12,4,8,11,6,14,6,7,6,7,9,8,8,6,4,7,7,11,7,6,3,5,10,7,8,5,3,7,9,26,14,19,6,10,,,,,,,,,,,,,,,,,,,,,,,,,,,,,,6,2,5,6,6,12,8,9,11,24,9,5,11,7,,6,9,17,11,10,11,8,8,10,10,2,8,9,12,12,7,7,8,12,6,11,7,7,9,8,8,7,5,9,7,9,5,7,5,7,3,7,4,6,6,5,6,5,16,4,7,9,9,10,9,9,6,6,6,6,4,5,9,7,11,10,5,6,7,5,7,8,7,8,4,7,5,5,4,4,10,8,5,12,12,17,6,6,9,8,5,6,7,6,8,7,4,6,9,6,5,,6,7,5,9,4,10,6,4,,5,6,6,9,7,6,5,4,5,9,6,5,6,6,6,9,7,9,,7,6,6,11,7,8,21,10,11,6,9,,5,,8,,4,11,6,10,12,16,4,14,9,9,6,5,8,7,3,5,12,4,2,6,6,5,12,9,,,,7,,
20260403,4,NO2,57,42,18,26,89,14,60,13,24,69,19,17,14,24,16,53,23,55,41,15,17,20,32,23,28,35,25,26,27,30,32,16,32,16,11,29,9,22,13,13,19,7,11,8,25,12,7,18,12,13,18,8,10,22,7,4,15,4,7,16,8,9,31,5,16,21,7,9,4,36,6,6,7,31,11,10,10,5,19,11,22,26,7,38,15,14,31,15,24,17,18,18,13,30,11,25,18,8,10,5,11,7,7,2,23,11,11,6,18,20,10,7,25,45,43,10,44,17,28,49,9,36,31,15,19,21,29,16,34,16,19,22,13,,24,5,9,30,5,8,7,27,14,15,10,7,28,6,6,6,34,21,20,22,14,1,11,3,10,14,,,,,,,,,,,,,,,,,,,,,,,,,,,,,,5,12,16,23,5,22,17,24,22,3,17,12,3,8,,8,5,32,10,27,24,40,35,37,26,42,18,16,43,9,23,7,13,26,6,22,13,21,19,22,29,43,7,23,18,19,6,15,30,17,6,6,5,6,10,12,6,17,13,18,16,8,4,9,14,13,14,21,19,10,16,15,12,7,15,6,10,12,4,7,7,8,11,6,2,11,15,5,8,6,29,9,8,19,11,19,13,18,5,6,27,14,11,12,15,8,27,8,14,10,3,,14,5,7,10,11,7,6,4,,6,6,7,6,18,7,15,6,8,13,7,13,5,8,5,3,4,12,,5,2,20,12,22,13,6,31,1,5,6,,11,,11,,16,2,1,1,1,1,8,2,3,5,5,4,3,39,9,49,15,70,37,20,10,1,6,19,,,,2,,
20260403,4,NO2_24h,35,51,23,34,41,16,38,16,24,47,36,27,17,31,26,36,29,35,39,32,23,35,30,29,22,43,34,31,32,28,28,17,22,27,23,31,20,30,27,21,28,25,26,13,23,15,15,30,15,20,16,20,20,30,10,10,30,10,16,18,10,39,18,7,19,19,12,10,8,30,29,14,25,24,21,20,32,16,28,20,22,29,12,29,22,16,30,19,21,30,23,16,13,39,20,27,22,12,9,11,13,10,15,11,34,11,15,16,12,16,21,15,18,33,26,28,33,29,29,35,16,39,23,23,21,33,25,17,20,16,17,16,23,20,21,8,16,30,9,29,6,19,18,14,16,8,17,12,11,8,27,26,17,24,27,15,9,18,10,22,,,,,,,,,,,,,,,,,,,,,,,,,,,,,,12,12,24,15,20,25,11,28,35,19,15,9,13,17,,7,7,28,23,26,22,33,30,28,27,12,17,16,36,20,20,11,26,35,11,30,6,15,16,19,28,39,13,22,16,17,12,13,27,16,10,14,9,13,13,19,14,26,22,23,20,18,13,17,17,19,18,17,16,14,12,14,13,14,15,17,15,16,11,9,19,11,14,13,6,15,22,10,16,10,29,14,18,36,21,16,27,14,16,12,32,14,12,13,17,10,31,11,19,9,6,,14,8,11,8,13,7,9,14,,7,7,12,9,16,9,8,6,8,17,9,17,7,9,6,4,6,18,,4,3,26,27,20,16,17,26,13,14,20,,17,,14,,19,7,2,4,8,2,12,5,16,16,20,13,15,16,10,36,13,37,16,25,8,7,10,11,,,,5,,
20260403,4,O3,40,65,90,39,3,65,27,120,78,31,79,72,63,71,71,43,81,70,38,133,98,97,80,97,82,73,81,76,83,61,63,113,76,74,145,58,107,79,103,122,122,114,71,100,63,81,89,42,129,120,76,62,48,53,90,58,49,64,51,75,88,52,21,63,24,21,60,90,93,45,101,85,117,49,52,56,97,107,103,102,74,84,86,80,91,89,69,129,117,125,117,85,113,91,132,79,23,104,47,52,60,96,79,56,36,76,87,69,73,74,110,94,55,42,24,114,29,104,78,47,64,20,37,106,90,65,42,59,50,69,61,45,67,68,18,77,31,11,57,51,45,11,38,54,37,47,15,30,70,94,32,26,45,32,78,126,94,105,73,84,,,,,,,,,,,,,,,,,,,,,,,,,,,,,,102,64,72,40,105,67,73,71,78,108,66,44,73,104,,74,103,58,112,48,51,39,21,18,31,46,58,36,27,81,64,41,79,59,50,58,40,86,71,83,37,20,46,73,54,73,88,67,21,84,100,79,97,72,92,56,51,37,46,26,33,59,55,76,72,76,77,61,62,70,74,81,63,62,52,79,91,59,83,44,81,16,30,45,72,12,41,51,53,32,,60,58,33,34,38,33,3,63,76,7,30,42,59,44,34,8,34,13,28,25,,34,63,55,56,40,77,78,40,,28,78,78,92,49,66,70,108,70,48,85,52,65,48,69,79,78,51,,62,62,10,94,1,58,99,29,99,103,101,,84,,50,,61,106,81,118,104,92,78,122,105,96,96,100,88,18,50,37,83,9,40,54,42,108,75,29,,,,88,,
20260403,4,O3_24h,40,65,90,39,3,65,27,120,78,31,79,72,63,71,71,43,81,70,38,133,98,97,80,97,82,73,81,76,83,61,63,113,76,74,145,58,107,79,103,122,122,114,71,100,63,81,89,42,129,120,76,62,48,53,90,58,49,64,51,75,88,52,21,63,24,21,60,90,93,45,101,85,117,49,52,56,97,107,103,102,74,84,86,80,91,89,69,129,117,125,117,85,113,91,132,79,23,104,47,52,60,96,79,56,36,76,87,69,73,74,110,94,55,42,24,114,29,104,78,47,64,20,37,106,90,65,42,59,50,69,61,45,67,68,18,77,31,11,57,51,45,11,38,54,37,47,15,30,70,94,32,26,45,32,78,126,94,105,73,84,,,,,,,,,,,,,,,,,,,,,,,,,,,,,,102,64,72,40,105,67,73,71,78,108,66,44,73,104,,74,103,58,112,48,51,39,21,18,31,46,58,36,27,81,64,41,79,59,50,58,40,86,71,83,37,20,46,73,54,73,88,67,21,84,100,79,97,72,92,56,51,37,46,26,33,59,55,76,72,76,77,61,62,70,74,81,63,62,52,79,91,59,83,44,81,16,30,45,72,12,41,51,53,32,,60,58,33,34,38,33,3,63,76,7,30,42,59,44,34,8,34,13,28,25,,34,63,55,56,40,77,78,40,,28,78,78,92,49,66,70,108,70,48,85,52,65,48,69,79,78,51,,62,62,10,94,1,58,99,29,99,103,101,,84,,50,,61,106,81,118,104,92,78,122,105,96,96,100,88,18,50,37,83,9,40,54,42,108,75,29,,,,88,,
20260403,4,O3_8h,,,,,,,,,,,,,,,,,,,,,,,,,,,,,,,,,,,146,,,,,,,,,,,,,,,,136,,,,,,,,,,,,,,,,,,,,,,,,,,,,,,,,,,,,,,,,,,,,,,,,,,,,,,,,,,,,,,,,100,,,,,,,,,,,,,,,,,,,,,,,25,,,,,,,,,,,,,,,,,,,,,,,,,,,,,,,,,,,,,,,,,,,,,,,,,,,,,,,,,,,,,,,,,,,,,,,,,,,,,106,,,,,,,,,,,,,,,,,,,,,,,,,,,,,,,,,,,,,,,,,,,,,,,,,,,,,,,,,,,,,,,,,,,,,,,,,,,,,,,,,,,,,,,,,,,,,,,,,,,,,,,,,,,,,,,,,,,,,,,,,,,,,,,,,,,,,,,,,,,,,,,,,,,,,,122,,,,,,,,,,
20260403,4,O3_8h_24h,,,,,,,,,,,,,,,,,,,,,,,,,,,,,,,,,,,,,,,,,,,,,,,,,,,,,,,,,,,,,,,,,,,,,,,,,,,,,,,,,,,,,,,,,,,,,,,,,,,,,,,,,,,,,,,,,,,,,,,,,,,,,,,,,,,,,,,,,,,,,,,,,,,,,,,,,,,,,,,,,,,,,,,,,,,,,,,,,,,,,,,,,,,,,,,,,,,,,,,,,,,,,,,,,,,,,,,,,,,,,,,,,,,,,,,,,,,,,,,,,,,,,,,,,,,,,,,,,,,,,,,,,,,,,,,,,,,,,,,,,,,,,,,,,,,,,,,,,,,,,,,,,,,,,,,,,,,,,,,,,,,,,,,,,,,,,,,,,,,,,,,,,,,,,,,,,,,,,,,,,,,,,,,,,,,,,,,
20260403,4,CO,0.95,0.95,0.66,1.14,1.20,0.50,0.64,0.43,0.55,1.35,0.45,0.40,0.95,0.77,0.38,1.19,0.80,2.07,0.89,0.46,0.61,0.64,0.55,0.70,0.56,0.74,0.70,0.62,0.68,1.00,0.96,0.80,0.93,0.55,0.50,0.37,0.42,0.73,0.53,0.47,0.55,0.33,0.40,0.30,0.56,0.42,0.38,0.63,0.64,0.63,0.40,0.65,0.58,0.61,0.55,0.43,0.50,0.30,0.37,0.60,0.53,0.47,0.66,0.43,0.47,0.55,0.47,0.49,0.26,0.60,0.37,0.45,0.22,0.35,0.38,0.48,0.49,0.22,0.66,0.63,0.53,0.75,0.45,0.69,0.78,0.73,0.64,0.72,0.64,0.50,0.57,0.87,0.52,0.82,0.50,0.72,0.93,0.50,0.73,0.63,0.70,0.55,0.45,0.53,0.60,0.40,0.53,0.45,0.47,0.60,0.43,0.52,0.93,0.96,0.67,0.70,1.22,1.20,0.70,2.12,0.44,0.90,0.50,0.63,0.60,0.60,0.62,0.45,0.63,0.93,0.40,0.43,0.40,0.50,0.63,0.77,0.50,0.95,0.70,0.66,0.55,0.53,0.70,0.68,0.67,0.47,0.53,0.20,0.50,0.47,0.77,0.60,0.65,0.46,0.35,0.30,0.60,0.40,0.46,0.35,,,,,,,,,,,,,,,,,,,,,,,,,,,,,,0.30,,0.55,0.73,0.17,0.70,0.50,0.67,0.67,0.23,0.77,0.30,0.30,0.35,,0.25,0.45,0.75,0.50,0.80,0.73,0.43,1.00,0.95,0.80,0.90,0.45,0.43,1.23,0.37,0.50,0.30,0.35,0.70,0.30,0.55,0.15,0.64,0.40,0.55,0.43,0.57,0.40,0.70,0.62,0.43,0.25,0.30,0.93,0.33,0.53,0.47,0.30,0.70,0.45,0.70,0.63,0.63,0.60,0.72,0.95,0.62,0.85,0.55,0.44,0.38,0.45,0.43,0.50,0.50,0.60,0.23,0.67,0.57,0.70,0.53,0.33,0.70,0.30,0.70,0.70,0.50,1.03,0.90,0.70,0.60,0.63,0.30,0.55,0.40,0.50,0.50,0.55,0.67,0.63,0.95,0.63,0.90,0.65,0.60,0.57,0.65,0.35,0.53,0.50,0.60,0.33,0.45,0.55,0.55,0.20,,0.20,0.35,0.40,0.57,0.50,0.55,0.40,0.55,,0.70,0.35,0.30,0.45,0.75,0.50,0.40,0.40,0.55,0.85,0.40,0.50,0.20,0.50,0.35,0.25,0.30,0.90,,0.35,0.50,0.60,0.33,0.50,0.40,0.30,0.40,0.20,0.25,0.25,,0.30,,0.60,,0.45,0.10,0.30,0.30,0.30,0.20,0.40,0.30,0.20,0.25,0.20,0.45,,0.45,0.20,0.75,0.25,0.95,0.70,0.80,0.90,0.30,0.45,0.45,,,,0.50,,
20260403,4,CO_24h,0.58,0.83,0.60,0.87,0.70,0.52,0.51,0.40,0.50,0.72,0.47,0.38,0.63,0.67,0.46,0.89,0.50,0.81,1.06,0.60,0.74,0.76,0.75,0.76,0.52,0.76,0.80,0.71,0.72,1.02,0.74,0.80,0.57,0.65,0.43,0.37,0.45,0.75,0.60,0.43,0.55,0.53,0.50,0.40,0.67,0.45,0.43,0.77,0.52,1.00,0.50,0.72,0.64,0.70,0.56,0.50,0.57,0.35,0.47,0.63,0.60,0.67,0.71,0.45,0.57,0.53,0.53,0.46,0.30,0.58,0.60,0.65,0.40,0.35,0.50,0.62,0.67,0.34,0.76,0.70,0.47,0.57,0.53,0.63,0.64,0.63,0.62,0.47,0.66,0.57,0.43,0.68,0.40,1.04,0.60,0.73,0.73,0.57,0.67,0.70,0.75,0.55,0.60,0.70,0.70,0.50,0.63,0.60,0.47,0.50,0.54,0.75,0.80,0.86,0.58,1.00,1.00,1.16,0.58,1.15,0.54,0.93,0.38,0.57,0.77,0.66,0.70,0.47,0.63,0.87,0.50,0.53,0.42,0.63,0.63,0.92,0.50,0.87,0.73,0.89,0.50,0.55,0.73,0.80,0.70,0.47,0.50,0.30,0.60,0.47,0.73,0.65,0.45,0.54,0.55,0.50,0.67,0.80,0.38,0.40,,,,,,,,,,,,,,,,,,,,,,,,,,,,,,0.45,0.40,0.55,0.70,0.20,0.65,0.58,0.57,0.43,0.50,0.67,0.20,0.45,0.38,,0.20,0.50,0.57,0.80,0.65,0.70,0.53,0.90,0.80,0.90,0.40,0.40,0.40,1.10,0.70,0.53,0.55,0.65,0.87,0.40,0.80,0.15,0.57,0.50,0.50,0.57,0.63,0.45,0.65,0.66,0.43,0.43,0.23,0.88,0.30,0.53,0.63,0.50,0.75,0.45,0.67,0.83,0.70,0.55,0.64,0.95,0.93,0.85,0.65,0.74,0.63,0.50,0.47,0.58,0.57,0.47,0.37,0.73,0.70,0.82,0.77,0.47,0.70,0.40,0.70,0.97,0.50,0.87,0.85,0.90,0.55,0.67,0.35,0.60,0.45,0.50,0.80,0.77,0.87,0.77,0.85,0.87,0.80,0.85,0.80,0.67,0.65,0.40,0.50,0.60,0.60,0.40,0.40,0.65,0.50,0.30,,0.30,0.40,0.43,0.67,0.60,0.50,0.45,0.65,,0.70,0.30,0.30,0.45,0.75,0.55,0.40,0.40,0.50,0.90,0.40,0.65,0.30,0.55,0.40,0.30,0.30,0.90,,0.35,0.50,0.73,0.43,0.60,0.50,0.45,0.45,0.30,0.25,0.45,,0.40,,0.65,,0.40,0.50,0.40,0.30,0.30,0.30,0.30,0.40,0.43,0.40,0.40,0.65,0.20,0.25,0.30,0.55,0.20,0.65,0.65,0.70,0.30,0.30,0.55,0.45,,,,0.60,,
20260403,5,AQI,129,119,131,128,99,59,141,65,79,136,73,63,86,72,309,78,120,497,167,56,75,35,42,104,83,88,39,48,78,95,130,103,145,26,69,65,33,41,33,70,56,36,29,30,43,27,28,44,64,74,35,32,17,44,39,45,40,37,39,45,37,36,55,33,32,50,23,32,28,64,103,55,161,56,15,17,500,500,75,74,78,116,26,113,79,76,68,76,90,68,84,83,84,99,46,76,34,32,36,31,30,33,41,34,47,30,29,34,40,86,48,35,81,100,51,73,106,63,125,500,50,173,98,54,69,24,84,50,53,48,39,52,21,21,28,27,19,42,44,44,29,34,40,29,16,24,38,23,22,30,88,56,50,33,26,51,57,393,27,58,,,,,,,,,,,,,,,,,,,,,,,,,,,,,,32,50,36,61,34,65,38,74,54,500,130,28,103,69,,48,350,120,54,71,63,79,106,58,59,309,69,73,205,53,110,30,56,164,15,105,15,64,43,61,41,43,26,81,47,76,29,74,42,32,31,24,30,21,29,27,15,33,34,24,31,18,17,25,46,44,41,30,37,36,86,26,36,33,45,23,23,89,28,32,28,31,37,27,29,26,49,16,16,11,51,39,39,43,40,71,54,84,38,54,31,25,22,56,55,20,28,29,25,23,20,,10,23,19,23,16,34,41,12,,16,43,31,29,76,37,36,63,49,100,26,63,20,14,21,25,23,36,,18,18,26,40,42,20,97,38,174,121,133,,53,,43,,88,65,73,55,62,53,24,64,243,413,169,199,26,58,61,81,79,138,90,48,41,34,36,63,,,,32,,
20260403,5,PM2.5,98,90,100,97,74,42,108,43,55,104,53,45,64,43,110,57,91,493,127,40,55,21,23,78,61,65,18,25,57,71,99,77,111,13,50,47,15,27,18,51,40,12,20,14,27,18,7,31,46,54,20,16,11,25,18,24,28,26,27,22,20,25,39,23,19,35,11,18,4,46,49,31,84,24,3,4,269,225,55,54,57,88,10,85,58,56,49,56,67,49,62,61,62,74,31,56,24,15,25,22,21,18,29,24,30,21,15,24,28,64,19,22,60,75,30,53,80,42,95,407,35,131,73,38,50,17,62,26,36,21,23,33,8,12,18,19,12,29,25,30,20,20,28,12,8,11,25,15,10,17,65,40,35,15,5,14,14,125,7,17,,,,,,,,,,,,,,,,,,,,,,,,,,,,,,10,35,25,44,15,46,21,54,23,215,99,11,43,33,,5,125,91,38,52,45,58,80,41,30,259,50,53,155,21,83,18,39,125,5,79,7,46,26,43,24,30,15,60,30,56,8,54,28,19,4,6,9,10,18,19,3,19,24,17,11,7,3,7,23,21,27,21,26,25,64,16,19,19,30,13,10,25,17,18,14,22,26,19,20,18,31,3,8,5,33,27,27,30,28,52,31,62,25,38,13,12,15,40,39,14,12,20,14,16,3,,3,3,13,16,3,22,29,5,,11,30,21,3,56,26,14,45,34,75,14,45,3,5,3,3,3,23,,3,3,17,26,23,11,48,16,62,49,67,,21,,14,,40,46,33,24,32,17,3,24,119,129,67,79,7,32,14,50,44,66,40,15,20,3,9,38,,,,19,,
20260403,5,PM2.5_24h,55,60,72,55,39,53,74,28,29,69,65,44,57,34,37,57,42,141,142,42,41,42,56,65,48,63,36,44,54,79,60,66,73,31,24,26,23,37,32,26,27,21,26,15,25,12,14,35,28,62,32,29,24,21,15,16,27,18,24,20,17,36,39,24,21,30,25,21,7,41,42,23,34,22,23,22,71,43,46,50,42,42,11,74,48,42,47,31,55,48,37,40,37,74,46,54,18,13,24,24,19,15,21,27,26,17,16,26,26,44,22,38,39,54,20,54,62,48,49,149,52,132,64,30,42,26,64,59,37,61,31,54,18,21,19,17,18,31,23,53,23,25,32,16,20,13,24,15,25,17,50,38,25,34,45,62,32,55,10,26,,,,,,,,,,,,,,,,,,,,,,,,,,,,,,27,30,26,42,18,36,28,40,18,75,53,9,105,20,,7,37,44,51,54,34,65,77,50,50,64,45,47,156,105,80,53,125,158,12,123,7,36,34,41,31,30,24,45,37,46,22,40,28,25,9,16,13,18,16,28,22,33,28,19,17,28,20,19,59,46,40,31,34,25,46,29,25,32,30,27,22,29,29,20,33,17,22,29,24,21,37,15,22,12,27,39,34,42,30,45,32,49,48,47,22,8,15,23,23,18,14,22,16,16,7,,4,13,26,29,14,16,22,26,,22,29,20,7,53,39,21,41,38,71,22,44,13,9,5,6,3,22,,3,6,28,23,24,19,43,19,71,79,26,,22,,20,,21,23,20,17,26,12,5,18,42,55,21,46,17,24,19,49,29,48,35,25,12,3,14,23,,,,28,,
20260403,5,PM10,173,142,168,149,147,61,191,80,107,160,72,71,88,93,427,93,148,597,129,57,68,35,42,103,80,85,39,48,66,90,123,95,130,22,70,64,26,41,33,77,62,25,29,25,43,22,11,37,73,72,35,32,17,44,39,45,37,30,38,45,37,36,49,30,32,44,23,32,9,73,155,59,272,62,8,8,1042,1117,93,91,61,101,11,106,84,86,69,74,97,65,92,80,83,111,46,72,30,22,32,30,26,33,38,33,47,27,17,33,39,97,48,35,100,146,52,84,122,75,89,645,45,193,89,45,56,19,74,50,55,48,39,53,17,18,28,23,19,42,44,44,25,34,34,29,16,24,38,23,22,30,94,56,49,33,18,51,64,494,27,65,,,,,,,,,,,,,,,,,,,,,,,,,,,,,,26,41,36,67,34,79,38,89,58,772,146,28,156,88,,48,460,108,53,76,76,77,88,65,68,,74,71,255,56,96,30,61,169,14,79,15,69,43,72,41,42,26,73,47,71,11,67,42,32,10,8,14,13,17,24,12,33,29,21,31,14,15,21,46,44,41,29,37,36,61,26,36,33,45,23,21,127,28,32,24,28,33,,23,,49,9,12,10,51,35,38,41,39,61,57,69,38,46,31,25,22,41,47,16,28,26,25,21,20,,7,23,19,17,16,34,39,,,12,41,31,14,77,34,36,56,49,86,26,41,12,13,8,17,13,36,,10,7,26,40,42,20,144,38,298,191,215,,55,,43,,126,80,96,60,74,55,10,77,380,513,287,347,21,66,72,111,107,226,130,48,41,6,36,76,,,,32,,
20260403,5,PM10_24h,130,124,145,117,99,80,156,68,82,126,114,99,99,77,91,96,79,178,242,60,65,61,87,89,71,93,66,75,67,107,85,81,87,56,40,42,37,56,48,46,42,39,40,28,58,23,24,46,55,80,48,43,33,41,35,37,45,33,49,37,32,55,50,35,36,37,45,33,21,75,123,48,106,56,29,33,183,178,88,96,56,72,19,98,88,73,75,55,88,85,75,63,59,109,73,78,28,23,31,37,26,24,31,38,40,26,27,40,42,71,65,55,75,115,54,94,107,91,78,194,75,168,94,50,65,40,87,80,53,89,55,74,28,29,30,23,17,47,40,62,29,40,43,34,32,31,38,22,40,34,81,65,56,61,73,306,155,178,41,87,,,,,,,,,,,,,,,,,,,,,,,,,,,,,,54,49,41,75,56,76,52,71,74,252,121,23,369,47,,31,118,85,83,83,72,98,102,73,84,108,84,58,255,132,102,70,167,216,30,160,18,64,60,73,60,48,37,66,68,72,36,62,46,42,21,22,19,22,24,37,28,48,36,27,34,37,35,41,85,75,66,46,47,47,59,53,47,47,54,48,37,60,42,32,58,29,31,29,30,28,52,22,27,17,43,51,52,63,47,57,42,63,62,68,41,17,28,30,45,21,32,31,26,20,23,,9,28,41,40,22,27,25,43,,31,44,34,14,91,47,31,51,50,91,27,62,22,17,9,35,13,34,,12,10,45,60,44,36,149,40,285,297,74,,51,,46,,53,53,48,40,69,32,15,109,118,187,66,160,61,47,80,135,82,156,168,69,48,17,48,55,,,,44,,
20260403,5,SO2,7,10,3,11,18,7,6,6,5,7,10,6,9,12,20,12,7,17,9,7,6,7,5,9,10,8,6,7,7,12,10,8,8,6,5,5,6,6,6,6,7,3,3,4,6,4,2,7,8,7,7,6,4,5,5,4,6,3,7,4,6,8,3,6,8,5,4,6,4,5,6,7,5,6,3,5,10,5,13,6,7,10,2,26,10,8,12,12,12,7,8,6,11,9,5,15,10,6,6,4,8,6,7,5,5,6,6,6,6,6,11,9,11,8,27,8,13,10,13,18,5,7,6,7,13,6,10,6,8,9,5,12,6,6,6,7,9,4,6,5,4,6,7,10,5,5,3,5,6,8,5,4,3,6,5,8,10,8,5,9,,,,,,,,,,,,,,,,,,,,,,,,,,,,,,5,3,4,5,4,13,7,9,8,9,6,5,7,5,,6,8,21,9,9,13,5,7,13,8,2,5,6,13,9,5,5,5,11,6,6,7,7,9,9,7,6,4,8,6,6,5,7,4,5,3,3,3,3,4,5,5,5,16,3,6,6,7,5,10,9,3,8,6,5,4,4,8,7,9,8,3,4,6,5,3,7,7,6,4,6,4,4,3,4,8,7,5,8,18,10,6,5,6,8,3,6,7,5,7,7,5,6,8,6,6,,6,6,5,10,4,9,5,2,,5,6,5,9,7,5,5,5,5,10,6,4,6,6,6,9,7,5,,8,6,6,94,4,7,15,11,8,4,7,,3,,8,,3,13,6,10,11,21,4,16,4,8,4,4,7,5,3,4,23,5,3,5,8,5,9,8,,,,7,,
20260403,5,SO2_24h,6,11,4,13,13,6,6,5,5,6,8,8,9,12,12,13,9,11,13,7,7,7,6,9,9,11,7,8,7,13,9,8,7,7,6,5,7,7,7,6,7,3,3,5,6,4,2,8,7,7,5,8,5,5,5,4,6,4,6,4,5,10,4,6,8,5,6,4,4,7,11,14,9,7,4,6,15,7,15,10,8,14,3,19,10,7,12,10,11,7,6,6,8,11,7,13,10,6,5,6,9,6,7,5,7,6,7,7,5,6,14,10,11,14,19,13,13,14,11,12,6,9,7,7,11,6,12,4,8,11,6,14,6,7,6,7,9,8,7,6,4,7,7,11,7,6,3,5,10,7,8,5,3,7,9,25,14,19,6,10,,,,,,,,,,,,,,,,,,,,,,,,,,,,,,6,2,5,6,6,12,8,10,10,23,8,5,11,7,,6,9,18,11,10,11,8,8,10,10,2,8,8,12,12,7,7,7,12,6,10,7,7,9,9,9,7,5,9,7,9,5,7,5,7,3,6,4,6,6,5,6,5,16,4,7,9,9,10,9,9,5,6,6,6,4,5,9,7,11,10,4,6,7,5,6,7,7,8,4,7,5,4,4,4,10,7,5,11,13,16,6,6,9,8,5,6,7,6,8,7,4,6,9,6,5,,6,7,5,9,4,10,6,4,,5,6,6,9,7,6,5,4,5,10,6,5,6,6,6,9,7,8,,7,6,6,14,7,8,21,10,11,5,9,,5,,8,,4,11,6,10,12,16,4,14,9,9,5,5,8,7,3,5,12,4,2,7,6,5,12,9,,,,7,,
20260403,5,NO2,52,33,22,30,87,20,63,15,28,81,18,16,15,16,12,35,25,53,44,14,18,20,24,23,23,40,24,27,35,27,34,17,31,12,12,26,9,18,14,21,16,7,11,8,23,12,9,19,13,15,24,9,10,24,7,4,14,4,8,15,8,9,29,5,13,22,6,9,4,34,8,10,7,28,11,12,10,4,18,12,20,27,8,39,15,14,30,16,25,18,24,19,14,32,11,26,20,8,8,5,12,7,10,3,21,6,10,5,24,,10,8,26,51,35,10,37,14,31,49,10,40,36,17,21,22,35,15,34,14,17,17,12,12,25,9,10,24,7,7,6,26,10,22,10,8,26,7,7,7,34,18,16,19,9,2,15,3,7,9,,,,,,,,,,,,,,,,,,,,,,,,,,,,,,6,,15,21,5,18,13,24,21,3,18,17,3,9,,7,5,29,9,16,24,51,,34,27,39,20,13,41,14,21,8,25,27,7,19,13,24,21,22,32,50,7,28,18,22,5,15,27,13,7,7,4,,8,14,8,15,20,17,17,9,4,8,15,15,22,16,17,18,14,10,12,6,14,7,13,11,5,13,8,11,9,8,2,9,13,4,,6,27,9,8,16,11,23,10,18,8,8,33,15,13,10,17,7,24,6,13,11,3,,15,6,6,10,10,7,9,4,,5,5,7,6,12,8,17,7,7,18,8,17,5,7,5,2,3,7,,5,2,17,17,21,14,7,27,2,6,9,,10,,8,,19,2,1,1,2,1,7,2,4,5,4,5,4,30,8,48,11,67,47,33,8,1,5,25,,,,3,,
20260403,5,NO2_24h,35,50,23,34,43,16,39,16,24,48,36,26,17,30,24,35,29,35,39,30,22,33,29,28,22,41,33,29,31,28,28,17,23,26,21,31,20,28,27,22,28,25,25,13,23,15,14,28,15,19,16,19,19,29,10,10,28,10,15,18,10,38,18,7,19,19,12,10,8,29,27,14,23,24,20,19,30,15,27,20,20,28,12,29,22,15,30,18,21,29,23,16,14,39,19,27,22,12,9,10,13,10,15,10,35,11,15,16,13,16,19,14,18,33,26,27,33,28,29,35,16,39,24,22,21,33,26,17,21,16,17,16,22,20,21,8,15,30,9,28,6,19,17,14,16,8,18,12,11,8,28,26,16,24,26,14,8,17,10,21,,,,,,,,,,,,,,,,,,,,,,,,,,,,,,12,12,24,15,19,25,11,29,33,17,15,9,12,16,,7,7,28,22,26,21,33,30,29,27,12,17,16,37,20,19,11,25,35,11,30,6,15,16,19,29,38,13,22,16,17,12,13,27,16,10,14,9,13,14,19,14,25,21,23,20,18,12,16,16,19,18,18,16,14,12,13,13,14,16,16,15,16,11,10,18,11,13,12,6,14,22,10,16,10,29,14,18,36,21,16,26,14,15,12,32,14,12,13,17,10,31,11,19,9,6,,14,8,11,8,13,8,9,14,,7,7,12,9,16,9,9,6,8,17,9,16,7,9,6,4,6,18,,5,3,26,25,20,15,16,26,11,13,20,,17,,15,,19,7,2,4,7,2,12,5,15,15,20,13,12,17,11,36,13,37,16,24,9,7,10,10,,,,5,,
20260403,5,O3,42,59,87,38,3,59,21,121,71,18,76,68,58,79,73,65,79,61,36,135,85,99,92,100,83,60,84,73,64,59,58,104,67,82,141,66,104,81,101,112,125,114,74,97,61,87,89,43,126,120,70,61,48,51,87,53,46,61,48,72,88,52,19,66,29,19,68,89,89,49,98,74,114,47,49,54,92,111,108,94,79,86,84,68,89,86,68,141,112,121,110,86,116,85,124,86,21,102,46,54,52,103,69,56,37,90,94,72,57,70,108,88,43,36,34,120,33,109,74,46,62,16,34,91,86,61,36,56,47,68,66,45,67,67,33,77,28,12,53,52,47,8,45,49,43,42,23,31,63,93,26,28,45,37,83,119,82,103,76,85,,,,,,,,,,,,,,,,,,,,,,,,,,,,,,101,60,72,36,99,69,65,56,76,103,61,36,71,97,,66,105,67,119,64,48,29,26,20,31,41,53,30,33,74,68,35,62,54,48,57,40,71,65,77,29,8,49,71,60,56,93,61,15,81,98,76,97,66,92,63,47,42,37,26,28,58,54,80,70,71,72,55,65,52,71,81,63,69,45,75,75,57,77,20,91,14,34,44,73,18,43,51,50,34,,58,57,35,35,33,37,2,57,69,10,24,37,58,35,31,5,33,10,26,24,,32,60,54,62,40,70,71,39,,29,75,80,92,56,64,54,100,72,38,82,38,64,45,66,81,75,58,,59,59,14,89,1,51,93,30,101,93,96,,83,,53,,54,102,78,120,98,83,77,121,104,100,101,97,83,23,52,30,71,6,28,28,44,108,74,19,,,,88,,
20260403,5,O3_24h,42,59,87,38,3,59,21,121,71,18,76,68,58,79,73,65,79,61,36,135,85,99,92,100,83,60,84,73,64,59,58,104,67,82,141,66,104,81,101,112,125,114,74,97,61,87,89,43,126,120,70,61,48,51,87,53,46,61,48,72,88,52,19,66,29,19,68,89,89,49,98,74,114,47,49,54,92,111,108,94,79,86,84,68,89,86,68,141,112,121,110,86,116,85,124,86,21,102,46,54,52,103,69,56,37,90,94,72,57,70,108,88,43,36,34,120,33,109,74,46,62,16,34,91,86,61,36,56,47,68,66,45,67,67,33,77,28,12,53,52,47,8,45,49,43,42,23,31,63,93,26,28,45,37,83,119,82,103,76,85,,,,,,,,,,,,,,,,,,,,,,,,,,,,,,101,60,72,36,99,69,65,56,76,103,61,36,71,97,,66,105,67,119,64,48,29,26,20,31,41,53,30,33,74,68,35,62,54,48,57,40,71,65,77,29,8,49,71,60,56,93,61,15,81,98,76,97,66,92,63,47,42,37,26,28,58,54,80,70,71,72,55,65,52,71,81,63,69,45,75,75,57,77,20,91,14,34,44,73,18,43,51,50,34,,58,57,35,35,33,37,2,57,69,10,24,37,58,35,31,5,33,10,26,24,,32,60,54,62,40,70,71,39,,29,75,80,92,56,64,54,100,72,38,82,38,64,45,66,81,75,58,,59,59,14,89,1,51,93,30,101,93,96,,83,,53,,54,102,78,120,98,83,77,121,104,100,101,97,83,23,52,30,71,6,28,28,44,108,74,19,,,,88,,
20260403,5,O3_8h,,,,,,,,,,,,,,,,,,,,,,,,,,,,,,,,,,,,,,,,,,,,,,,,,,,136,,,,,,,,,,,,,,,,,,,,,,,,,,,,,,,,,,,,,,,,,,,,,,,,,,,,,,,,,,,,,,,,100,,,,,,,,,,,,,,,,,,,,,,,25,,,,,,,,,,,,,,,,,,,,,,,,,,,,,,,,,,,,,,,,,,,,,,,,,,,,,,,,,,,,,,,,,,,,,,,,,,,,,106,,,,,,,,,,,,,,,,,,,,,,,,,,,,,,,,,,,,,,,,,,,,,,,,,,,,,,,,,,,,,,,,,,,,,,,,,,,,,,,,,,,,,,,,,,,,,,,,,,,,,,,,,,,,,,,,,,,,,,,,,,,,,,,,,,,,,,,,,,,,,,,,,,,,,,122,,,,,,,,,,
20260403,5,O3_8h_24h,,,,,,,,,,,,,,,,,,,,,,,,,,,,,,,,,,,,,,,,,,,,,,,,,,,,,,,,,,,,,,,,,,,,,,,,,,,,,,,,,,,,,,,,,,,,,,,,,,,,,,,,,,,,,,,,,,,,,,,,,,,,,,,,,,,,,,,,,,,,,,,,,,,,,,,,,,,,,,,,,,,,,,,,,,,,,,,,,,,,,,,,,,,,,,,,,,,,,,,,,,,,,,,,,,,,,,,,,,,,,,,,,,,,,,,,,,,,,,,,,,,,,,,,,,,,,,,,,,,,,,,,,,,,,,,,,,,,,,,,,,,,,,,,,,,,,,,,,,,,,,,,,,,,,,,,,,,,,,,,,,,,,,,,,,,,,,,,,,,,,,,,,,,,,,,,,,,,,,,,,,,,,,,,,,,,,,,
20260403,5,CO,0.96,0.85,0.68,1.09,1.20,0.57,0.66,0.43,0.55,1.02,0.47,0.38,0.97,0.80,0.36,1.08,0.80,2.08,0.87,0.50,0.64,0.64,0.50,0.76,0.58,0.74,0.70,0.68,0.72,0.90,0.98,0.80,0.93,0.53,0.50,0.43,0.42,0.70,0.53,0.50,0.60,0.30,0.40,0.30,0.59,0.42,0.38,0.63,0.65,0.69,0.43,0.70,0.56,0.61,0.54,0.43,0.53,0.30,0.37,0.60,0.53,0.47,0.66,0.40,0.49,0.56,0.40,0.53,0.26,0.58,0.37,0.45,0.22,0.36,0.40,0.52,0.51,0.22,0.70,0.63,0.50,0.75,0.50,0.64,0.82,0.73,0.68,0.77,0.66,0.45,0.65,0.82,0.52,0.80,0.40,0.72,1.23,0.50,0.70,0.63,0.70,0.50,0.50,0.53,0.55,0.40,0.50,0.45,0.43,0.60,0.44,0.55,0.97,0.98,0.68,0.72,1.40,0.86,0.72,2.33,0.44,0.90,0.60,0.62,0.60,0.62,0.68,0.40,0.67,1.10,0.40,0.38,0.40,0.50,0.57,0.77,0.50,0.90,0.68,0.66,0.55,0.53,0.65,0.83,0.67,0.50,0.60,0.20,0.50,0.57,0.83,0.60,0.65,0.42,0.30,0.30,0.60,0.36,0.42,0.35,,,,,,,,,,,,,,,,,,,,,,,,,,,,,,0.28,0.40,0.55,0.73,0.20,0.85,0.55,0.70,0.67,0.23,0.77,0.30,0.30,0.38,,0.20,0.45,0.72,0.53,0.70,0.73,0.30,0.90,1.05,0.80,0.80,0.45,0.43,1.20,0.33,0.50,0.30,0.35,0.70,0.35,0.75,0.25,0.70,0.44,0.55,0.60,0.65,0.40,0.60,0.54,0.47,0.33,0.33,1.02,0.27,0.53,0.43,0.30,0.70,0.45,0.60,0.87,0.57,0.75,0.76,0.95,0.62,0.85,0.55,0.44,0.42,0.45,0.35,0.48,0.50,0.57,0.23,0.70,0.57,0.70,0.57,0.38,0.70,0.33,0.70,0.70,0.55,0.97,1.05,0.80,0.55,0.60,0.25,0.55,0.40,0.50,0.50,0.55,0.63,0.67,0.95,0.60,0.90,0.65,0.60,0.60,0.70,0.40,0.50,0.60,0.60,0.33,0.45,0.55,0.50,0.20,,0.20,0.35,0.40,0.57,0.55,0.55,0.40,0.55,,0.70,0.35,0.30,0.45,0.70,0.50,0.40,0.40,0.55,0.85,0.40,0.50,0.20,0.45,0.30,0.25,0.30,0.50,,0.35,0.50,0.60,0.33,0.50,0.40,0.25,0.40,0.10,0.25,0.30,,0.30,,0.60,,0.35,0.50,0.30,0.20,0.40,0.30,0.30,0.30,0.20,0.30,0.20,0.50,,0.40,0.20,0.70,0.20,0.95,0.70,0.80,0.60,0.30,0.45,0.55,,,,0.50,,
20260403,5,CO_24h,0.61,0.84,0.62,0.88,0.75,0.52,0.54,0.40,0.50,0.77,0.47,0.38,0.65,0.67,0.44,0.91,0.50,0.86,1.04,0.60,0.72,0.74,0.73,0.71,0.54,0.76,0.80,0.70,0.72,1.02,0.76,0.76,0.57,0.63,0.43,0.37,0.46,0.75,0.60,0.43,0.55,0.50,0.50,0.40,0.66,0.45,0.43,0.77,0.52,0.97,0.49,0.71,0.64,0.70,0.56,0.50,0.57,0.35,0.47,0.63,0.60,0.67,0.71,0.45,0.57,0.53,0.53,0.46,0.30,0.59,0.57,0.65,0.40,0.35,0.50,0.62,0.66,0.32,0.76,0.70,0.47,0.57,0.47,0.61,0.66,0.63,0.62,0.48,0.66,0.57,0.45,0.68,0.42,1.02,0.60,0.73,0.77,0.57,0.67,0.70,0.75,0.55,0.55,0.67,0.70,0.50,0.63,0.60,0.47,0.50,0.54,0.75,0.82,0.86,0.58,0.98,1.05,1.18,0.58,1.20,0.54,0.93,0.40,0.57,0.67,0.66,0.70,0.45,0.63,0.87,0.50,0.53,0.42,0.63,0.63,0.92,0.50,0.87,0.73,0.89,0.50,0.53,0.73,0.80,0.70,0.47,0.50,0.30,0.60,0.47,0.73,0.65,0.45,0.54,0.55,0.50,0.67,0.80,0.38,0.40,,,,,,,,,,,,,,,,,,,,,,,,,,,,,,0.45,0.40,0.55,0.70,0.20,0.65,0.58,0.57,0.47,0.50,0.67,0.20,0.45,0.38,,0.20,0.50,0.57,0.77,0.65,0.73,0.53,0.90,0.80,0.85,0.40,0.40,0.40,1.10,0.70,0.50,0.55,0.65,0.87,0.40,0.80,0.15,0.57,0.48,0.50,0.57,0.63,0.45,0.65,0.66,0.43,0.40,0.23,0.85,0.30,0.53,0.60,0.45,0.80,0.45,0.67,0.83,0.68,0.55,0.64,0.95,0.93,0.85,0.65,0.72,0.62,0.50,0.47,0.58,0.57,0.47,0.33,0.73,0.70,0.82,0.77,0.47,0.70,0.40,0.70,0.97,0.50,0.87,0.85,0.90,0.55,0.67,0.35,0.60,0.45,0.50,0.80,0.77,0.87,0.73,0.85,0.83,0.80,0.85,0.80,0.70,0.65,0.40,0.50,0.60,0.60,0.38,0.40,0.60,0.50,0.30,,0.30,0.40,0.43,0.67,0.60,0.50,0.40,0.65,,0.70,0.30,0.30,0.45,0.75,0.55,0.40,0.40,0.50,0.90,0.40,0.65,0.25,0.55,0.40,0.30,0.30,0.90,,0.35,0.50,0.73,0.43,0.60,0.50,0.40,0.40,0.30,0.25,0.45,,0.35,,0.65,,0.40,0.50,0.40,0.30,0.30,0.30,0.30,0.40,0.43,0.35,0.40,0.65,0.15,0.25,0.30,0.55,0.20,0.65,0.65,0.70,0.40,0.30,0.55,0.45,,,,0.60,,
20260403,6,AQI,134,103,131,129,116,53,141,69,83,135,81,60,108,71,500,76,113,493,177,66,68,36,39,111,86,78,36,45,64,79,135,93,146,28,70,68,32,34,32,74,59,35,26,27,48,29,27,47,66,79,37,32,14,42,40,43,43,37,40,45,37,37,55,33,34,41,26,32,29,63,106,58,145,55,14,18,500,500,75,78,79,106,26,121,79,79,76,76,98,65,91,84,85,103,42,81,41,31,36,35,30,31,40,35,49,30,30,37,38,86,46,33,78,95,59,76,104,63,120,467,69,157,101,49,69,20,90,48,58,41,49,49,20,21,30,25,20,45,44,44,29,43,36,28,17,33,41,25,27,30,85,55,49,29,23,58,65,443,25,56,,,,,,,,,,,,,,,,,,,,,,,,,,,,,,30,43,35,59,58,70,41,80,57,500,138,25,157,128,,52,276,128,63,81,74,90,104,59,59,292,64,75,215,48,115,28,65,180,17,124,20,71,50,58,42,40,22,90,40,74,28,71,37,27,28,25,30,21,33,23,16,31,36,24,31,18,17,24,39,46,42,39,27,43,88,24,37,27,50,27,27,91,26,26,29,33,22,27,31,23,39,15,16,10,51,39,39,46,44,71,43,84,43,56,32,34,29,43,59,23,30,30,24,24,28,,10,22,18,24,18,33,47,11,,14,44,32,28,74,38,36,53,56,100,31,61,20,13,20,23,20,29,,18,17,28,91,35,21,135,31,122,117,147,,64,,44,,99,61,65,45,59,60,23,62,240,303,192,132,25,53,63,74,77,134,96,52,26,34,31,69,,,,30,,
20260403,6,PM2.5,102,77,100,98,88,35,108,43,54,103,60,40,81,52,208,56,85,490,134,48,49,22,21,84,64,57,16,23,46,58,103,69,112,13,51,49,16,21,17,54,42,12,18,15,30,19,8,27,48,58,22,17,10,25,19,25,30,26,28,22,18,26,39,23,17,29,14,19,4,45,50,33,69,20,4,3,177,174,55,57,58,80,7,92,58,58,56,56,73,47,68,62,63,77,28,60,29,15,25,22,21,18,28,24,32,18,16,24,23,64,22,23,57,71,42,56,78,44,91,404,50,120,76,34,50,14,67,28,41,19,34,26,7,10,17,17,14,29,25,31,20,23,25,13,9,12,23,15,15,19,63,39,34,14,9,14,20,138,6,21,,,,,,,,,,,,,,,,,,,,,,,,,,,,,,8,25,24,37,21,51,28,59,27,274,105,12,36,74,,11,116,97,45,60,54,67,78,42,31,242,46,55,165,22,87,15,47,136,7,94,6,52,35,30,17,28,14,67,17,54,10,52,25,14,5,4,8,10,23,15,3,14,25,17,12,5,3,7,24,26,25,27,17,30,65,16,20,17,23,11,17,25,18,8,13,22,12,19,22,16,24,3,6,5,36,27,27,32,31,52,30,62,24,40,12,15,15,30,42,16,12,21,14,17,6,,3,5,10,17,3,23,30,6,,8,26,22,8,54,25,13,37,40,75,22,44,8,5,3,3,5,20,,3,3,16,59,20,11,84,16,47,46,74,,22,,12,,46,41,33,25,29,23,3,26,108,98,79,64,8,25,15,30,40,64,38,12,9,3,12,39,,,,20,,
20260403,6,PM2.5_24h,59,63,75,58,42,51,77,29,31,72,66,45,59,35,42,55,45,156,143,42,41,40,54,63,49,61,35,43,53,77,61,66,74,31,24,27,23,36,29,27,28,20,26,15,25,13,14,34,29,62,31,28,23,22,15,16,27,18,23,19,17,36,40,24,21,30,25,21,7,41,43,23,36,22,22,22,77,50,46,51,42,44,11,71,49,43,48,32,54,48,39,41,39,75,45,55,19,14,24,24,19,15,21,26,27,18,17,26,26,44,22,36,40,56,20,54,63,47,50,159,52,132,64,30,41,25,64,57,37,57,29,53,17,20,19,17,18,31,23,52,23,24,32,16,20,13,24,15,25,16,52,38,26,34,45,62,32,60,10,26,,,,,,,,,,,,,,,,,,,,,,,,,,,,,,26,30,26,42,17,37,29,42,18,85,55,9,106,22,,7,42,47,50,54,34,65,76,48,47,67,46,48,157,104,80,50,119,152,12,124,7,36,33,39,30,30,24,45,35,46,20,39,28,24,9,15,12,18,16,27,21,31,27,19,17,27,19,18,56,42,37,31,32,25,46,28,25,31,30,26,22,27,28,20,32,17,21,29,24,20,37,14,21,12,28,38,34,42,30,45,33,51,47,49,21,8,15,23,23,17,14,22,16,16,7,,4,12,26,29,13,17,23,25,,22,29,20,7,53,39,20,41,38,72,22,44,12,9,5,6,3,27,,3,5,28,25,24,18,46,18,71,76,29,,22,,20,,22,24,20,18,26,12,5,19,46,58,24,47,16,24,19,47,30,49,35,24,12,3,13,23,,,,27,,
20260403,6,PM10,175,120,173,141,153,55,190,87,115,155,80,69,108,89,634,91,127,581,128,66,62,36,39,108,80,78,36,45,53,74,127,80,128,23,70,62,29,34,31,82,64,23,25,25,48,29,12,47,75,76,37,32,13,42,40,43,38,31,39,45,37,37,45,29,34,38,26,32,12,75,161,65,239,59,8,6,1039,825,92,99,,94,7,111,86,90,76,77,111,66,101,76,86,115,42,75,36,21,32,35,26,31,36,35,49,20,20,37,38,100,46,32,90,135,62,89,116,76,96,567,69,169,96,39,56,17,87,48,58,41,47,49,20,17,30,25,19,45,44,42,26,43,30,28,17,33,41,25,27,30,90,48,49,29,23,66,79,543,25,61,,,,,,,,,,,,,,,,,,,,,,,,,,,,,,30,43,35,67,66,88,41,91,64,1583,172,25,263,206,,53,403,114,56,79,78,88,88,66,68,,69,62,251,48,113,28,58,195,17,100,20,75,47,66,42,38,22,80,40,76,12,66,37,27,10,8,12,14,,23,10,31,28,24,31,14,15,19,39,46,42,36,24,42,75,24,37,27,50,27,27,131,26,26,23,33,22,,22,18,39,8,12,10,51,38,37,45,37,58,38,71,43,50,32,34,29,30,52,21,30,27,24,20,28,,8,22,18,20,18,32,47,,,14,44,32,14,76,38,36,46,50,83,27,57,15,12,8,15,13,25,,10,7,28,131,35,21,220,31,193,184,244,,78,,44,,147,72,79,45,68,69,11,73,378,422,334,213,13,55,75,98,104,217,142,53,26,6,31,88,,,,30,,
20260403,6,PM10_24h,134,127,148,120,103,78,159,71,84,130,113,98,99,78,110,95,82,196,237,60,64,59,83,88,72,91,65,72,66,104,87,79,88,56,40,42,38,54,45,47,42,38,39,28,57,23,24,44,57,80,48,42,32,41,35,38,44,33,48,38,32,55,50,35,36,37,45,32,21,75,127,49,113,56,28,31,224,212,88,97,55,72,19,95,87,74,74,56,88,83,75,64,61,110,69,78,29,24,31,37,26,25,32,37,41,26,27,40,41,72,63,54,76,117,54,94,108,90,79,210,75,168,94,49,64,39,87,78,54,85,53,74,27,28,30,22,17,47,40,60,29,39,42,33,31,31,38,22,40,33,82,65,55,60,72,306,155,197,41,83,,,,,,,,,,,,,,,,,,,,,,,,,,,,,,52,49,41,75,55,77,52,73,73,326,125,23,378,54,,32,133,87,82,83,73,98,101,72,81,113,84,58,255,128,102,68,162,210,30,160,18,63,58,73,59,47,37,65,66,71,34,62,46,42,21,20,19,22,24,36,27,47,35,27,33,35,33,39,81,72,63,46,46,46,59,51,46,46,54,47,36,61,42,32,55,29,30,27,30,28,51,21,26,17,44,50,52,63,47,58,42,65,62,68,41,17,28,29,45,21,31,31,26,20,23,,9,28,40,40,22,28,27,42,,31,45,35,14,91,47,31,51,50,92,27,62,21,17,9,34,13,35,,12,10,44,63,45,35,154,39,289,297,83,,53,,47,,58,54,50,41,70,34,15,111,131,201,78,166,60,48,80,132,85,158,168,68,48,16,47,55,,,,43,,
20260403,6,SO2,7,10,2,10,16,8,6,5,5,6,10,6,8,17,12,15,9,16,12,6,6,7,5,10,10,7,6,7,7,11,10,8,8,6,5,4,6,5,5,6,6,4,3,4,6,4,1,7,8,7,9,6,4,5,5,4,6,3,7,5,6,8,3,6,8,5,4,6,4,5,6,7,5,6,3,5,7,5,13,10,6,12,3,22,10,8,12,13,13,7,9,7,11,9,5,14,8,5,6,4,12,6,7,5,5,4,7,6,5,8,14,9,11,9,101,10,14,11,11,14,6,7,9,6,10,6,10,6,9,9,5,12,6,6,7,7,9,4,7,5,4,7,7,8,6,6,3,5,7,8,5,3,3,6,6,7,11,8,5,11,,,,,,,,,,,,,,,,,,,,,,,,,,,,,,5,2,4,4,4,15,7,11,7,9,7,6,7,6,,6,9,17,11,10,14,6,8,19,10,1,6,12,13,11,6,5,5,13,6,5,7,8,9,9,7,9,4,9,6,7,4,7,3,5,2,4,,6,4,10,4,6,18,4,7,10,9,8,9,11,3,7,5,5,4,3,12,6,9,7,5,4,5,5,3,7,6,7,4,9,4,4,5,4,8,7,5,8,24,10,6,5,6,8,3,7,7,5,7,7,5,6,8,6,5,,6,6,4,11,4,9,5,2,,5,6,5,9,6,5,6,5,4,10,6,5,6,6,6,8,7,4,,9,6,4,60,4,7,8,11,8,16,7,,3,,8,,4,10,7,10,11,18,4,15,4,8,4,4,7,5,3,4,36,6,2,6,9,4,10,8,,,,7,,
20260403,6,SO2_24h,6,11,4,13,14,6,6,5,5,7,9,8,9,12,12,13,8,11,12,8,7,7,6,9,9,11,7,8,7,13,9,8,7,7,6,5,7,7,7,6,7,3,3,4,7,4,2,8,7,7,5,8,5,5,5,4,6,4,6,4,5,10,4,6,8,5,6,4,4,7,11,14,9,7,4,5,15,7,15,10,8,13,3,20,11,7,12,11,11,7,7,6,8,11,7,13,9,6,5,6,9,6,7,5,7,6,7,7,5,6,14,10,11,14,21,13,13,14,11,12,6,9,7,7,11,6,12,5,8,11,6,14,6,7,6,7,9,8,7,6,4,7,7,11,7,6,3,5,10,7,7,5,3,7,9,25,14,19,6,10,,,,,,,,,,,,,,,,,,,,,,,,,,,,,,6,2,5,6,6,12,8,10,10,21,8,5,11,7,,6,9,18,11,10,11,8,8,11,10,2,8,8,13,12,7,7,7,13,6,9,7,7,9,9,9,7,5,9,7,9,5,7,5,6,3,6,3,6,6,5,6,5,15,4,7,9,9,10,9,9,4,6,6,6,4,4,9,7,10,10,5,6,7,5,6,7,7,8,4,7,5,4,4,4,10,7,5,11,13,15,6,6,8,8,5,6,7,6,8,7,4,6,9,6,5,,6,7,5,9,4,10,6,4,,5,6,6,9,7,6,5,4,5,10,6,5,6,6,6,9,7,8,,7,6,6,16,7,8,20,10,11,6,9,,5,,8,,4,11,6,11,12,16,4,14,8,9,5,5,8,7,3,5,14,4,2,6,6,5,12,9,,,,7,,
20260403,6,NO2,55,34,25,28,79,17,68,16,35,83,17,17,16,15,7,28,26,58,41,15,18,22,22,24,26,40,23,23,35,27,34,17,31,12,13,30,11,16,15,18,17,5,12,9,24,13,7,15,14,14,25,12,10,22,7,4,17,3,9,18,8,9,33,5,14,22,6,9,4,35,5,10,7,22,12,10,5,6,18,13,19,29,8,37,16,16,26,17,26,19,24,20,15,35,11,24,18,8,13,6,11,7,12,2,20,6,9,4,19,22,12,11,22,50,38,12,38,14,27,50,15,39,32,16,23,21,33,19,36,11,17,28,12,13,22,6,8,24,8,8,7,26,10,18,10,9,24,8,8,8,28,19,15,19,14,2,20,3,5,8,,,,,,,,,,,,,,,,,,,,,,,,,,,,,,5,15,15,21,5,15,24,31,38,3,20,12,2,11,,6,5,28,10,17,30,53,30,35,29,31,18,20,41,15,40,10,47,35,8,34,12,37,23,21,21,40,7,30,11,28,6,16,26,12,8,8,4,6,16,10,7,15,18,18,19,9,5,9,15,16,19,22,12,23,14,8,10,6,18,11,13,15,4,7,11,7,9,8,2,3,12,6,13,7,27,10,11,22,10,20,11,17,6,10,26,19,12,9,17,8,22,7,13,8,2,,13,6,7,11,8,8,16,7,,4,5,8,8,13,9,14,5,7,13,9,14,5,7,4,3,4,6,,7,1,19,17,13,16,5,25,3,6,12,,10,,11,,19,2,1,1,1,1,9,1,4,4,4,7,5,25,8,28,8,52,45,22,7,1,5,31,,,,3,,
20260403,6,NO2_24h,36,49,23,34,45,16,40,16,24,49,34,25,17,29,23,34,29,35,39,28,20,31,28,27,22,39,32,28,30,28,28,17,23,26,20,30,19,26,25,21,28,23,24,12,23,14,14,26,15,18,16,18,19,28,10,10,27,9,14,18,10,36,19,7,19,20,12,10,8,29,26,14,21,25,20,19,27,14,26,20,20,26,11,28,21,15,30,17,21,28,21,16,14,38,19,27,22,12,9,10,13,10,15,9,34,11,15,14,12,16,18,14,19,34,26,26,33,27,28,36,15,39,25,21,20,32,26,17,21,16,16,17,22,19,21,8,15,29,8,27,6,19,17,14,16,8,18,12,11,8,28,26,16,25,25,12,9,16,10,21,,,,,,,,,,,,,,,,,,,,,,,,,,,,,,12,12,23,16,17,24,12,28,34,15,15,9,12,15,,7,7,27,21,25,21,33,30,30,27,13,17,16,37,20,19,11,25,34,11,30,6,16,16,20,29,38,13,22,16,18,11,13,27,16,10,13,8,13,14,19,13,24,20,24,20,18,12,16,16,18,17,17,16,15,12,13,13,14,16,16,15,16,10,10,18,11,12,12,6,13,21,10,15,10,28,14,18,36,20,16,25,14,15,12,32,14,12,13,17,10,30,11,19,9,6,,15,7,11,8,13,8,9,13,,7,7,12,9,16,9,9,6,8,18,9,16,7,9,6,4,6,18,,5,3,26,23,21,15,14,25,9,12,19,,16,,15,,20,7,2,3,6,2,11,5,15,13,19,13,11,18,11,34,13,37,18,24,9,7,10,10,,,,5,,
20260403,6,O3,37,59,72,38,19,64,11,118,63,13,75,59,59,79,85,88,77,53,33,135,75,98,102,88,78,50,85,78,58,56,50,92,63,89,136,64,103,92,102,103,117,112,73,86,62,79,87,44,121,120,67,56,45,49,82,51,41,61,47,70,88,53,13,66,26,20,65,91,92,41,99,66,106,53,45,58,82,103,109,91,74,70,83,56,83,78,80,142,104,118,102,83,117,80,122,94,24,99,45,59,55,100,67,56,38,95,96,78,61,59,99,83,44,37,38,122,43,116,82,38,53,15,40,81,76,57,32,51,42,74,61,24,61,68,29,80,30,7,50,48,41,4,46,47,40,37,17,26,54,91,31,26,42,39,74,113,70,97,78,83,,,,,,,,,,,,,,,,,,,,,,,,,,,,,,94,65,69,33,95,70,45,46,43,95,63,40,75,92,,61,100,74,123,75,49,35,27,15,28,39,58,26,38,73,47,30,32,38,49,42,40,47,56,76,47,22,50,69,77,48,88,54,20,85,88,79,97,66,84,57,52,45,41,22,23,56,53,77,64,69,66,53,87,41,67,78,65,65,33,64,77,,72,30,94,12,30,41,69,36,49,47,51,33,,57,53,27,36,33,39,2,60,54,18,15,38,54,38,29,3,29,15,22,60,,31,60,58,63,42,53,55,34,,24,82,74,89,50,65,58,111,71,41,79,26,63,42,63,74,65,64,,59,53,10,80,,45,102,30,100,94,89,,85,,51,,51,85,78,111,106,80,73,113,103,109,99,89,80,30,55,52,77,16,30,48,39,108,65,11,,,,90,,
20260403,6,O3_24h,37,59,72,38,19,64,11,118,63,13,75,59,59,79,85,88,77,53,33,135,75,98,102,88,78,50,85,78,58,56,50,92,63,89,136,64,103,92,102,103,117,112,73,86,62,79,87,44,121,120,67,56,45,49,82,51,41,61,47,70,88,53,13,66,26,20,65,91,92,41,99,66,106,53,45,58,82,103,109,91,74,70,83,56,83,78,80,142,104,118,102,83,117,80,122,94,24,99,45,59,55,100,67,56,38,95,96,78,61,59,99,83,44,37,38,122,43,116,82,38,53,15,40,81,76,57,32,51,42,74,61,24,61,68,29,80,30,7,50,48,41,4,46,47,40,37,17,26,54,91,31,26,42,39,74,113,70,97,78,83,,,,,,,,,,,,,,,,,,,,,,,,,,,,,,94,65,69,33,95,70,45,46,43,95,63,40,75,92,,61,100,74,123,75,49,35,27,15,28,39,58,26,38,73,47,30,32,38,49,42,40,47,56,76,47,22,50,69,77,48,88,54,20,85,88,79,97,66,84,57,52,45,41,22,23,56,53,77,64,69,66,53,87,41,67,78,65,65,33,64,77,,72,30,94,12,30,41,69,36,49,47,51,33,,57,53,27,36,33,39,2,60,54,18,15,38,54,38,29,3,29,15,22,60,,31,60,58,63,42,53,55,34,,24,82,74,89,50,65,58,111,71,41,79,26,63,42,63,74,65,64,,59,53,10,80,,45,102,30,100,94,89,,85,,51,,51,85,78,111,106,80,73,113,103,109,99,89,80,30,55,52,77,16,30,48,39,108,65,11,,,,90,,
20260403,6,O3_8h,,,,,,,,,,,,,,,,,,,,,,,,,,,,,,,,,,,,,,,,,,,,,,,,,,,136,,,,,,,,,,,,,,,,,,,,,,,,,,,,,,,,,,,,,,,,,,,,,,,,,,,,,,,,,,,,,,,,100,,,,,,,,,,,,,,,,,,,,,,,25,,,,,,,,,,,,,,,,,,,,,,,,,,,,,,,,,,,,,,,,,,,,,,,,,,,,,,,,,,,,,,,,,,,,,,,,,,,,,106,,,,,,,,,,132,,,,,,,,,,,,,,,,,,,,,,,,,,,,,,,,,,,,,,,,,,,,,,,,,,,,,,,,,,,,,,,,,,,,,,,,,,,,,,,,,,,,,,,,,,,,,,,,,,,,,,,,,,,,,,,,,,,,,,,,,,,,,,,,,,,,,,,,,,,,122,,,,,,,,,,
20260403,6,O3_8h_24h,,,,,,,,,,,,,,,,,,,,,,,,,,,,,,,,,,,,,,,,,,,,,,,,,,,,,,,,,,,,,,,,,,,,,,,,,,,,,,,,,,,,,,,,,,,,,,,,,,,,,,,,,,,,,,,,,,,,,,,,,,,,,,,,,,,,,,,,,,,,,,,,,,,,,,,,,,,,,,,,,,,,,,,,,,,,,,,,,,,,,,,,,,,,,,,,,,,,,,,,,,,,,,,,,,,,,,,,,,,,,,,,,,,,,,,,,,,,,,,,,,,,,,,,,,,,,,,,,,,,,,,,,,,,,,,,,,,,,,,,,,,,,,,,,,,,,,,,,,,,,,,,,,,,,,,,,,,,,,,,,,,,,,,,,,,,,,,,,,,,,,,,,,,,,,,,,,,,,,,,,,,,,,,,,,,,,,,
20260403,6,CO,0.97,0.80,0.72,1.04,0.95,0.63,0.67,0.47,0.65,0.97,0.50,0.38,0.85,0.88,0.28,0.96,0.83,2.01,0.94,0.55,0.65,0.64,0.52,0.86,0.58,0.70,0.70,0.59,0.70,0.90,1.02,0.72,0.88,0.52,0.51,0.43,0.41,0.65,0.53,0.53,0.60,0.30,0.40,0.40,0.58,0.45,0.38,0.62,0.64,0.71,0.45,0.67,0.57,0.62,0.54,0.43,0.53,0.30,0.37,0.60,0.53,0.47,0.67,0.40,0.49,0.53,0.40,0.53,0.26,0.57,0.37,0.45,0.18,0.34,0.40,0.50,0.33,0.22,0.72,0.75,0.53,0.85,0.50,0.63,0.80,0.73,0.66,0.77,0.76,0.47,0.77,0.85,0.55,0.82,0.45,0.77,1.17,0.53,0.70,0.63,0.70,0.55,0.50,0.53,0.55,0.40,0.50,0.45,0.40,0.60,0.43,0.58,0.93,0.98,0.80,0.76,1.05,0.80,0.66,2.23,0.52,0.90,0.65,0.58,0.60,0.62,0.72,0.45,0.68,0.80,0.43,0.40,0.35,0.50,0.57,0.77,0.50,0.90,0.68,0.66,0.55,0.53,0.70,0.72,0.70,0.50,0.57,0.25,0.55,0.60,0.80,0.60,0.65,0.42,0.35,0.30,0.70,0.40,0.40,0.40,,,,,,,,,,,,,,,,,,,,,,,,,,,,,,0.30,0.40,0.55,0.70,0.17,1.00,0.55,0.73,0.80,0.23,0.80,0.30,0.30,0.35,,0.20,0.45,0.75,0.53,0.70,0.83,0.60,0.90,1.15,0.85,0.70,0.55,0.43,1.23,0.37,0.57,0.33,0.45,0.85,0.35,0.50,0.25,0.68,0.50,0.45,0.45,0.73,0.40,0.65,0.46,0.47,0.33,0.33,1.13,0.27,0.53,0.60,0.30,0.70,0.45,0.57,0.73,0.53,0.75,0.76,1.00,0.65,0.85,0.55,0.42,0.43,0.45,0.45,0.42,0.53,0.57,0.23,0.65,0.53,0.70,0.63,0.45,0.60,0.33,0.70,0.73,0.55,0.92,1.15,0.80,0.50,0.60,0.30,0.55,0.45,0.45,0.50,0.57,0.73,0.63,0.90,0.60,0.90,0.65,0.70,0.67,0.75,0.40,0.50,0.65,0.60,0.33,0.45,0.55,0.50,0.20,,0.20,0.35,0.37,0.57,0.55,0.60,0.50,0.55,,0.65,0.35,0.30,0.45,0.70,0.60,0.40,0.40,0.55,0.85,0.40,0.60,0.20,0.45,0.30,0.25,0.30,0.80,,0.35,0.50,0.60,0.30,0.50,0.40,0.20,0.40,0.20,0.35,0.30,,0.25,,0.60,,0.30,0.50,0.30,0.20,0.30,0.30,0.30,0.40,0.20,0.20,0.20,0.50,,0.30,0.15,0.45,0.20,0.75,0.80,0.70,0.30,0.30,0.50,0.60,,,,0.50,,
20260403,6,CO_24h,0.61,0.86,0.62,0.89,0.75,0.52,0.54,0.40,0.50,0.77,0.50,0.38,0.65,0.68,0.44,0.91,0.52,0.91,1.03,0.60,0.70,0.74,0.72,0.71,0.54,0.76,0.79,0.67,0.72,1.02,0.76,0.74,0.63,0.63,0.46,0.37,0.46,0.72,0.60,0.43,0.55,0.50,0.50,0.40,0.64,0.38,0.43,0.77,0.53,0.96,0.49,0.69,0.64,0.68,0.56,0.50,0.53,0.35,0.47,0.63,0.60,0.67,0.71,0.45,0.57,0.53,0.53,0.46,0.30,0.61,0.53,0.65,0.40,0.35,0.45,0.60,0.66,0.32,0.76,0.67,0.43,0.57,0.47,0.60,0.66,0.63,0.60,0.48,0.66,0.57,0.47,0.68,0.43,1.00,0.60,0.75,0.77,0.57,0.67,0.70,0.75,0.55,0.60,0.67,0.70,0.40,0.60,0.60,0.47,0.50,0.53,0.70,0.82,0.86,0.60,0.98,1.07,1.16,0.58,1.27,0.54,0.93,0.42,0.57,0.63,0.66,0.70,0.45,0.63,0.83,0.50,0.53,0.40,0.60,0.63,0.90,0.50,0.87,0.68,0.87,0.50,0.53,0.73,0.82,0.70,0.47,0.50,0.30,0.60,0.47,0.73,0.65,0.50,0.54,0.55,0.50,0.67,0.78,0.38,0.40,,,,,,,,,,,,,,,,,,,,,,,,,,,,,,0.43,0.40,0.55,0.70,0.20,0.65,0.60,0.57,0.50,0.43,0.67,0.20,0.45,0.38,,0.20,0.50,0.57,0.77,0.65,0.73,0.53,0.90,0.80,0.85,0.40,0.45,0.40,1.10,0.63,0.50,0.50,0.65,0.87,0.40,0.80,0.15,0.57,0.48,0.50,0.57,0.65,0.45,0.65,0.62,0.43,0.38,0.27,0.88,0.30,0.53,0.60,0.45,0.80,0.45,0.67,0.83,0.68,0.55,0.68,0.95,0.88,0.85,0.65,0.68,0.55,0.45,0.47,0.56,0.57,0.47,0.33,0.73,0.67,0.82,0.77,0.47,0.70,0.37,0.70,0.93,0.50,0.87,0.85,0.90,0.55,0.67,0.35,0.60,0.45,0.50,0.73,0.75,0.87,0.70,0.85,0.83,0.80,0.85,0.80,0.70,0.65,0.40,0.50,0.65,0.60,0.38,0.40,0.60,0.50,0.30,,0.30,0.40,0.43,0.67,0.60,0.50,0.40,0.65,,0.75,0.30,0.30,0.45,0.75,0.50,0.40,0.40,0.50,0.90,0.40,0.65,0.25,0.55,0.40,0.30,0.30,0.90,,0.35,0.50,0.73,0.43,0.60,0.50,0.40,0.40,0.30,0.25,0.45,,0.30,,0.65,,0.40,0.50,0.40,0.30,0.30,0.30,0.30,0.40,0.43,0.35,0.40,0.65,0.15,0.25,0.30,0.55,0.20,0.65,0.65,0.70,0.40,0.30,0.50,0.45,,,,0.60,,
20260403,7,AQI,139,99,138,128,121,49,144,71,87,143,88,56,125,70,134,81,105,425,170,70,58,34,46,114,88,60,42,42,54,64,134,85,145,28,68,69,35,33,34,76,63,33,24,26,52,26,23,35,68,81,44,30,14,42,42,42,44,39,41,44,35,39,58,33,34,36,30,34,28,62,103,59,401,51,11,16,500,452,84,80,84,96,24,131,79,76,85,74,108,64,99,84,86,105,51,88,40,28,37,33,26,29,40,36,47,34,28,41,40,86,77,38,76,89,66,75,103,70,115,426,83,159,106,37,68,19,94,50,58,42,55,40,15,20,35,26,20,43,46,46,30,50,37,31,19,33,43,28,27,30,79,55,46,28,29,161,58,500,25,52,,,,,,,,,,,,,,,,,,,,,,,,,,,,,,30,40,39,58,127,80,45,76,63,500,134,23,90,267,,70,500,135,63,80,93,110,136,73,64,281,58,110,213,47,113,26,63,179,24,115,17,73,49,54,37,44,22,94,27,85,25,59,39,28,26,24,28,19,30,15,19,26,36,25,35,16,17,23,46,46,51,35,31,41,86,28,38,26,51,31,25,39,29,37,28,33,13,23,32,31,27,14,16,10,49,55,39,49,49,71,44,86,42,59,32,26,34,44,76,26,32,24,22,24,21,,12,20,20,27,16,34,52,11,,16,54,27,28,70,50,34,58,65,100,30,66,19,13,18,21,18,49,,18,15,26,200,37,23,187,29,103,105,162,,84,,47,,114,52,63,43,59,60,25,75,230,281,273,108,25,52,60,73,77,115,76,48,27,34,26,65,,,,30,,
20260403,7,PM2.5,106,74,105,97,92,31,110,44,60,109,65,40,95,50,43,60,79,387,129,51,41,21,24,86,65,43,15,19,38,46,102,63,111,15,49,50,22,20,14,56,45,13,15,18,34,15,9,21,49,60,24,20,10,26,21,25,31,27,29,23,18,27,41,23,19,25,15,19,5,38,50,38,100,17,6,3,64,125,62,59,62,72,9,100,58,56,63,54,81,46,74,62,64,79,36,65,28,18,26,23,18,19,28,25,31,24,19,24,22,64,50,22,56,61,48,55,77,51,87,389,61,121,80,26,49,13,70,28,41,24,30,27,6,11,19,18,12,26,27,32,21,26,26,14,10,15,27,16,16,19,58,39,32,12,14,50,21,231,5,21,,,,,,,,,,,,,,,,,,,,,,,,,,,,,,15,26,27,30,94,59,25,56,30,162,102,7,23,105,,20,216,103,45,59,69,83,104,53,39,231,40,83,163,15,85,16,40,135,9,87,7,53,31,24,16,29,13,70,13,63,16,42,27,11,8,4,8,11,21,8,4,10,25,17,10,8,4,7,27,24,24,23,14,25,64,15,18,14,24,20,16,24,20,26,13,23,6,16,22,22,17,3,3,6,34,26,27,34,34,52,29,64,24,42,15,13,17,31,56,18,15,17,13,17,7,,5,3,14,19,9,19,31,8,,3,38,18,9,51,35,17,41,47,75,21,48,8,5,3,3,3,34,,5,5,18,110,21,12,73,16,42,45,84,,29,,18,,51,32,29,22,27,27,3,34,95,110,90,55,9,24,15,31,43,36,29,7,3,3,14,34,,,,20,,
20260403,7,PM2.5_24h,63,65,78,60,45,50,81,30,32,76,68,46,61,35,42,54,47,167,143,42,40,38,51,62,49,59,34,40,51,75,63,65,75,31,25,29,23,35,27,28,28,20,25,15,24,13,14,34,31,62,30,27,23,22,16,17,26,19,22,19,17,36,40,24,21,30,26,20,7,41,44,23,40,22,21,21,78,54,45,50,42,45,11,69,50,43,48,33,54,48,40,41,41,75,45,57,19,14,24,23,19,16,22,25,28,18,17,27,26,45,23,35,41,57,20,54,63,46,51,165,53,132,64,30,40,24,63,54,36,54,28,52,17,18,18,17,18,32,24,51,23,23,31,15,19,13,24,15,25,16,52,39,26,34,44,63,31,69,10,25,,,,,,,,,,,,,,,,,,,,,,,,,,,,,,25,29,26,41,20,37,29,43,19,91,58,9,106,25,,8,51,49,49,53,35,63,76,46,44,70,47,48,155,101,81,48,113,147,12,124,7,35,31,38,28,29,23,45,33,45,19,39,28,23,9,14,11,18,17,26,20,29,27,19,16,25,17,17,53,39,34,30,31,25,47,26,24,30,30,26,21,26,27,20,30,17,20,29,24,20,36,14,19,12,29,38,34,43,30,46,32,52,46,49,21,8,15,23,25,17,14,22,16,16,7,,4,11,26,30,13,17,23,25,,22,29,21,7,53,39,20,41,39,73,22,44,12,9,5,5,3,28,,3,5,27,28,24,18,48,18,71,75,32,,22,,20,,24,24,21,18,26,13,5,20,49,61,27,49,16,23,19,45,31,48,35,23,12,3,13,23,,,,26,,
20260403,7,PM10,176,116,181,141,110,49,176,92,123,157,86,60,124,89,218,92,125,514,131,69,55,34,46,113,85,67,42,42,44,63,133,74,145,25,63,62,35,32,26,81,60,24,22,26,53,22,15,35,79,81,44,30,14,42,42,42,42,31,39,44,35,36,46,29,34,36,30,34,12,74,156,67,501,51,9,6,828,552,105,102,60,94,10,122,84,87,86,82,129,71,112,92,85,112,51,82,37,23,31,32,23,29,36,35,47,,24,41,40,102,103,38,88,128,72,90,107,80,,444,89,156,101,33,55,19,86,50,57,42,60,40,15,15,35,23,20,43,46,42,28,50,31,31,19,33,43,28,27,30,83,52,44,28,29,271,65,1051,25,53,,,,,,,,,,,,,,,,,,,,,,,,,,,,,,30,40,37,66,203,91,45,90,75,904,165,23,130,397,,90,900,111,65,102,88,84,,84,78,,66,93,255,47,138,26,75,204,24,96,17,76,49,57,37,44,22,89,24,85,17,57,38,23,12,6,13,15,,14,8,26,31,25,35,14,17,20,46,46,51,35,17,41,79,28,38,26,52,31,21,39,29,,22,31,13,6,32,,27,8,16,10,43,59,38,44,36,54,44,73,42,66,32,26,34,32,64,21,32,22,22,23,20,,12,20,18,23,16,34,53,,,16,42,27,14,75,46,34,47,55,90,27,66,12,12,10,17,14,34,,13,10,24,349,37,23,324,29,155,159,273,,118,,47,,178,53,75,43,68,70,9,100,371,407,401,165,17,54,69,95,104,179,102,48,27,,26,79,,,,30,,
20260403,7,PM10_24h,139,129,150,121,104,76,161,73,86,134,113,95,100,78,116,94,84,210,235,60,63,57,79,87,72,87,63,69,64,101,88,78,89,56,41,43,38,53,43,49,42,37,39,28,56,23,24,43,59,80,48,41,31,42,36,38,44,34,46,38,32,55,50,35,36,37,45,32,20,75,131,50,134,56,26,29,253,233,87,96,55,72,18,92,85,75,74,58,88,80,75,65,63,110,67,78,29,24,31,37,26,26,32,37,42,26,28,40,41,74,64,53,76,118,54,94,108,89,78,220,74,168,93,49,62,38,86,76,54,81,52,73,27,26,30,22,16,47,40,60,29,39,41,32,31,30,38,21,40,33,83,65,54,59,71,314,155,240,41,81,,,,,,,,,,,,,,,,,,,,,,,,,,,,,,51,48,41,74,59,78,52,75,73,360,130,23,381,69,,36,175,89,81,84,74,97,100,71,79,118,85,59,254,125,103,65,157,205,31,160,18,63,56,72,57,47,36,64,62,71,32,62,46,41,21,19,19,22,24,35,26,45,35,27,33,33,32,37,78,68,59,45,44,46,60,49,46,45,54,47,34,59,41,32,53,29,28,26,30,27,51,19,25,17,44,51,51,63,47,58,42,66,61,69,40,17,28,29,45,21,31,30,26,20,23,,9,28,39,40,21,29,28,41,,31,45,35,14,92,47,30,51,51,93,27,62,20,17,10,33,13,35,,12,10,44,75,45,34,162,39,292,297,92,,56,,47,,64,54,52,41,71,36,15,115,145,214,91,169,58,48,80,129,88,158,164,67,49,16,45,55,,,,42,,
20260403,7,SO2,7,10,3,11,11,9,7,5,5,6,10,7,7,18,6,12,7,14,12,6,6,6,5,10,10,8,6,7,7,11,10,8,8,6,5,4,6,5,5,6,6,3,3,4,7,4,1,7,9,7,9,6,4,5,5,4,6,3,7,4,6,9,3,6,7,5,4,5,5,5,6,7,5,6,3,5,5,5,13,8,7,12,3,18,11,8,13,14,16,7,9,6,11,9,6,14,6,6,6,3,12,6,7,5,6,6,6,6,5,8,13,10,10,10,43,9,12,10,11,14,9,8,9,6,11,6,10,6,9,9,6,12,5,6,7,7,9,4,7,5,4,7,7,7,5,5,3,6,7,7,4,4,3,6,6,8,12,7,5,9,,,,,,,,,,,,,,,,,,,,,,,,,,,,,,5,2,4,4,4,14,7,14,7,9,14,5,7,5,,6,8,19,9,10,19,7,10,22,9,1,5,17,11,10,6,5,5,10,6,5,8,8,8,8,7,6,4,9,6,12,5,7,3,5,3,4,2,5,4,5,7,4,16,4,6,7,7,7,10,11,3,6,5,5,5,3,8,7,9,6,5,4,6,5,3,7,5,6,4,9,4,4,5,4,8,7,5,9,14,10,6,5,7,8,4,7,7,5,9,6,5,6,8,6,5,,6,6,6,10,4,10,5,2,,4,6,7,9,7,5,5,6,4,10,5,5,6,6,6,8,7,8,,7,6,4,32,4,7,5,11,8,16,8,,3,,8,,3,8,7,10,11,17,4,15,4,8,5,5,6,6,3,4,41,4,2,6,8,4,9,8,,,,9,,
20260403,7,SO2_24h,6,11,4,13,14,6,6,5,5,7,9,8,9,12,12,13,8,11,12,7,7,7,6,9,9,11,7,8,7,13,9,8,7,7,6,5,7,7,7,7,7,3,3,4,7,4,2,8,7,7,5,8,5,5,5,4,6,4,6,4,5,10,4,6,8,5,6,4,5,7,11,13,8,7,3,5,15,7,14,9,8,11,3,20,11,7,12,11,11,7,7,6,8,11,7,13,9,6,5,5,9,6,7,5,6,6,7,7,5,6,14,10,11,14,22,13,13,14,10,13,6,9,7,7,11,6,12,5,8,11,6,13,6,6,6,7,9,8,7,5,4,7,7,11,7,6,3,5,10,7,7,5,3,7,9,24,14,18,6,10,,,,,,,,,,,,,,,,,,,,,,,,,,,,,,6,2,5,6,6,12,8,10,10,20,8,5,11,7,,6,9,18,11,11,12,8,8,11,10,2,7,8,13,12,7,7,7,13,6,9,7,7,9,9,9,7,5,9,7,9,5,7,5,6,3,6,3,6,6,5,5,4,15,4,7,8,8,9,9,9,4,6,6,6,4,4,9,7,10,9,5,6,6,5,6,7,7,8,4,7,5,4,4,4,10,7,5,11,13,15,6,6,7,8,5,6,7,5,8,7,4,6,8,6,5,,6,7,5,10,4,10,6,4,,5,6,6,8,7,6,5,4,5,10,6,5,6,6,6,9,7,8,,7,6,5,18,7,8,19,10,10,6,9,,5,,8,,4,11,6,11,12,16,4,14,8,9,5,5,8,7,3,5,15,4,3,6,6,5,12,9,,,,7,,
20260403,7,NO2,55,31,27,35,37,17,60,21,37,76,17,21,19,21,4,24,27,52,44,16,19,22,24,32,30,42,23,20,37,27,35,19,35,13,15,33,14,12,12,26,23,8,12,10,30,12,11,17,18,15,31,15,10,23,10,6,16,4,10,20,8,9,32,6,16,25,8,11,5,33,10,12,7,24,15,13,4,7,25,20,24,29,13,41,19,17,29,21,31,24,29,23,19,37,13,30,18,11,14,8,12,8,13,4,22,9,11,5,20,21,14,15,21,41,42,14,37,15,28,52,26,41,34,19,24,23,30,23,37,13,23,32,17,16,28,8,10,25,10,11,9,24,16,19,12,12,27,14,8,9,28,21,26,19,25,2,30,4,6,14,,,,,,,,,,,,,,,,,,,,,,,,,,,,,,7,12,16,22,7,16,21,33,38,4,23,14,3,7,,9,4,27,11,15,50,49,34,38,30,32,14,23,42,11,47,15,31,36,13,49,10,47,28,21,21,37,8,31,11,36,9,17,24,12,10,9,5,6,18,10,15,15,19,21,18,11,7,11,23,21,21,21,10,20,17,9,12,8,21,16,12,13,8,10,14,8,11,9,2,4,12,7,13,9,26,10,9,24,13,18,12,15,10,11,31,16,12,12,24,12,23,6,12,10,3,,14,7,8,17,11,14,20,8,,6,7,11,9,15,11,9,9,10,15,14,14,5,7,5,5,7,17,,5,3,22,18,14,19,6,26,7,8,19,,10,,12,,22,4,1,1,5,2,7,2,4,5,5,9,10,21,8,12,6,23,24,10,4,2,6,40,,,,4,,
20260403,7,NO2_24h,36,48,23,34,44,15,41,16,24,49,32,24,17,28,21,32,28,35,39,25,19,28,27,27,21,37,31,26,29,28,28,16,23,25,19,30,18,24,23,21,28,22,23,12,23,14,14,24,15,16,16,18,19,27,10,10,26,9,13,18,10,35,20,7,19,20,12,10,8,29,25,13,19,25,19,18,25,13,25,19,19,25,11,27,20,15,30,17,20,27,20,16,14,38,18,27,22,12,9,10,13,10,15,8,34,10,15,13,12,16,18,13,18,34,25,25,33,26,27,36,15,39,25,20,20,31,26,16,22,16,16,18,22,19,21,8,15,30,8,26,6,19,16,14,16,8,19,12,11,8,28,25,16,24,24,10,9,15,10,21,,,,,,,,,,,,,,,,,,,,,,,,,,,,,,12,12,23,16,14,23,12,29,34,13,16,9,11,14,,7,7,27,21,24,22,32,30,30,27,13,17,16,36,19,20,11,23,34,11,31,6,17,17,19,28,37,13,23,15,18,11,13,27,15,10,13,8,13,14,19,14,23,20,24,20,17,11,15,16,18,17,17,15,15,12,12,12,14,16,16,15,15,10,9,18,10,12,12,6,13,20,9,15,10,28,13,17,35,19,16,24,14,14,12,31,14,12,13,18,10,30,11,18,10,6,,15,7,11,9,13,8,10,13,,7,8,12,9,15,9,9,6,8,18,9,16,7,9,6,5,6,17,,5,3,26,21,21,15,13,25,8,11,19,,16,,15,,20,7,2,3,6,2,11,5,14,12,18,12,10,18,11,33,14,37,18,23,9,7,10,11,,,,4,,
20260403,7,O3,36,61,72,40,57,65,14,104,59,15,74,53,60,67,71,107,75,54,31,130,63,103,108,80,68,47,90,83,53,55,45,80,51,88,129,58,100,106,110,89,107,105,77,82,57,82,75,39,114,122,60,52,44,43,72,48,40,59,47,63,86,55,11,67,25,13,54,89,91,40,92,57,99,49,35,50,80,88,102,72,74,72,76,49,73,73,88,136,92,114,92,78,114,76,125,97,24,91,42,54,54,91,65,54,36,86,90,78,57,55,92,79,40,46,34,117,64,120,76,36,41,17,42,72,67,55,32,45,42,65,51,24,45,63,28,70,29,4,46,40,34,2,32,41,33,32,20,16,49,88,31,25,28,45,61,103,56,93,74,76,,,,,,,,,,,,,,,,,,,,,,,,,,,,,,93,74,62,30,89,66,44,44,46,90,58,38,75,90,,62,95,87,120,92,25,45,27,21,29,40,76,31,41,77,31,28,52,47,43,28,47,35,48,78,49,25,48,64,85,31,79,55,26,91,83,77,90,61,82,49,39,46,39,20,23,52,45,75,57,66,63,58,100,49,63,75,50,60,26,55,80,65,67,29,89,9,26,39,61,48,43,45,49,29,,57,55,26,33,33,36,2,55,45,15,14,31,48,26,23,3,29,9,15,66,,37,57,60,58,37,34,48,26,,22,76,63,88,48,62,70,98,64,34,68,29,62,42,58,68,56,50,,58,47,7,76,1,39,98,25,91,91,74,,84,,48,,40,64,67,100,96,80,80,116,104,109,95,86,79,37,54,70,74,55,55,67,44,108,63,7,,,,92,,
20260403,7,O3_24h,36,61,72,40,57,65,14,104,59,15,74,53,60,67,71,107,75,54,31,130,63,103,108,80,68,47,90,83,53,55,45,80,51,88,129,58,100,106,110,89,107,105,77,82,57,82,75,39,114,122,60,52,44,43,72,48,40,59,47,63,86,55,11,67,25,13,54,89,91,40,92,57,99,49,35,50,80,88,102,72,74,72,76,49,73,73,88,136,92,114,92,78,114,76,125,97,24,91,42,54,54,91,65,54,36,86,90,78,57,55,92,79,40,46,34,117,64,120,76,36,41,17,42,72,67,55,32,45,42,65,51,24,45,63,28,70,29,4,46,40,34,2,32,41,33,32,20,16,49,88,31,25,28,45,61,103,56,93,74,76,,,,,,,,,,,,,,,,,,,,,,,,,,,,,,93,74,62,30,89,66,44,44,46,90,58,38,75,90,,62,95,87,120,92,25,45,27,21,29,40,76,31,41,77,31,28,52,47,43,28,47,35,48,78,49,25,48,64,85,31,79,55,26,91,83,77,90,61,82,49,39,46,39,20,23,52,45,75,57,66,63,58,100,49,63,75,50,60,26,55,80,65,67,29,89,9,26,39,61,48,43,45,49,29,,57,55,26,33,33,36,2,55,45,15,14,31,48,26,23,3,29,9,15,66,,37,57,60,58,37,34,48,26,,22,76,63,88,48,62,70,98,64,34,68,29,62,42,58,68,56,50,,58,47,7,76,1,39,98,25,91,91,74,,84,,48,,40,64,67,100,96,80,80,116,104,109,95,86,79,37,54,70,74,55,55,67,44,108,63,7,,,,92,,
20260403,7,O3_8h,,,,,,,,,,,,,,,,,,,,176,,,,,,,,,,,,,,,,,,,,,,,,,,,,,,,136,,,,,,,,,,,59,,,,,,,,,,,,,,,,,,,,,,,,,,,,,,,,,,,,,,,,,,,,,,,,,,,,,100,,,,,,,,,,,,,,,,,,,,,,,25,,,,,,,,,,,,,,,,,,,,,,,,,,,,,,,,,,,,,,,,,,,,,,,,,,,,,,,,,,,,,,,,,,,,,,,,,,,,,106,,,,,,,,,,132,,,,,,,,,,,,,,,,,,,,,,,,,,,,,,,,,,,,,,,,,,,,,,,,,,,,,,,,,,,,,,,,,,,,,,,,,,,,,,,,,,,,,,,,,,,,,,,,,,,,,,,,,,,,,,,,,,,,,,,,,,,,,,,,,,,,,,,,,,,,122,,,,,,,,,,
20260403,7,O3_8h_24h,,,,,,,,,,,,,,,,,,,,,,,,,,,,,,,,,,,,,,,,,,,,,,,,,,,,,,,,,,,,,,,,,,,,,,,,,,,,,,,,,,,,,,,,,,,,,,,,,,,,,,,,,,,,,,,,,,,,,,,,,,,,,,,,,,,,,,,,,,,,,,,,,,,,,,,,,,,,,,,,,,,,,,,,,,,,,,,,,,,,,,,,,,,,,,,,,,,,,,,,,,,,,,,,,,,,,,,,,,,,,,,,,,,,,,,,,,,,,,,,,,,,,,,,,,,,,,,,,,,,,,,,,,,,,,,,,,,,,,,,,,,,,,,,,,,,,,,,,,,,,,,,,,,,,,,,,,,,,,,,,,,,,,,,,,,,,,,,,,,,,,,,,,,,,,,,,,,,,,,,,,,,,,,,,,,,,,,
20260403,7,CO,0.99,0.82,0.74,1.01,0.55,0.70,0.66,0.50,0.70,0.90,0.55,0.38,0.88,0.93,0.18,0.82,0.82,1.68,0.92,0.57,0.65,0.62,0.52,0.87,0.60,0.70,0.64,0.56,0.78,0.92,1.06,0.72,0.85,0.52,0.59,0.47,0.42,0.65,0.48,0.57,0.65,0.30,0.40,0.40,0.71,0.45,0.38,0.62,0.68,0.73,0.46,0.63,0.54,0.64,0.54,0.43,0.50,0.30,0.40,0.63,0.53,0.47,0.70,0.40,0.52,0.54,0.50,0.52,0.26,0.58,0.43,0.45,0.20,0.38,0.43,0.48,0.30,0.22,0.76,0.80,0.60,0.70,0.50,0.70,0.80,0.73,0.72,0.82,0.82,0.50,0.78,0.90,0.57,0.86,0.50,0.82,0.73,0.55,0.67,0.63,0.70,0.55,0.50,0.53,0.55,0.40,0.57,0.45,0.40,0.60,0.43,0.72,0.85,0.94,0.80,0.78,0.93,0.76,0.60,2.07,0.58,0.97,0.58,0.53,0.60,0.64,0.78,0.53,0.73,0.83,0.65,0.42,0.43,0.47,0.60,0.77,0.50,1.00,0.68,0.67,0.60,0.60,0.75,0.78,0.70,0.53,0.50,0.25,0.57,0.55,0.77,0.60,0.65,0.42,0.35,0.30,0.70,0.38,0.38,0.35,,,,,,,,,,,,,,,,,,,,,,,,,,,,,,0.30,0.40,0.55,0.73,0.25,0.95,0.70,0.90,0.80,0.23,0.83,0.30,0.30,0.30,,0.25,0.45,0.82,0.57,0.65,1.07,0.60,1.10,1.15,0.90,0.70,0.35,0.57,1.17,0.33,0.67,0.38,0.45,0.80,0.40,0.50,0.20,0.68,0.48,0.45,0.42,0.65,0.40,0.85,0.46,0.60,0.35,0.33,1.13,0.27,0.53,0.53,0.35,0.70,0.45,0.57,1.87,0.55,0.90,0.78,1.00,0.75,0.93,0.55,0.50,0.52,0.45,0.40,0.40,0.53,0.57,0.23,0.75,0.53,0.72,0.60,0.63,0.50,0.40,0.70,0.73,0.55,0.92,1.05,0.80,0.45,0.60,0.30,0.70,0.45,0.60,0.53,0.60,0.73,0.63,0.90,0.60,0.90,0.65,0.70,0.70,0.70,0.43,0.55,0.65,0.65,0.40,0.40,0.60,0.55,0.20,,0.25,0.35,0.37,0.53,0.60,0.65,0.50,0.55,,0.65,0.35,0.40,0.45,0.70,0.65,0.40,0.40,0.60,0.85,0.40,0.60,0.20,0.50,0.35,0.25,0.35,1.00,,0.35,0.55,0.67,0.30,0.50,0.40,0.15,0.40,0.20,0.35,0.35,,0.30,,0.60,,0.35,0.50,0.30,0.20,0.30,0.30,0.20,0.30,0.20,0.20,0.20,0.50,,0.25,0.15,0.30,0.20,0.60,0.50,0.50,0.10,0.30,0.50,0.60,,,,0.55,,
20260403,7,CO_24h,0.63,0.86,0.62,0.92,0.75,0.52,0.54,0.40,0.55,0.77,0.53,0.38,0.67,0.70,0.44,0.87,0.51,0.95,1.01,0.58,0.68,0.73,0.72,0.70,0.54,0.76,0.79,0.66,0.70,1.00,0.76,0.72,0.63,0.63,0.44,0.37,0.45,0.72,0.60,0.43,0.55,0.50,0.50,0.40,0.64,0.38,0.43,0.77,0.53,0.91,0.49,0.67,0.64,0.67,0.56,0.50,0.53,0.35,0.43,0.63,0.57,0.67,0.71,0.45,0.57,0.53,0.53,0.46,0.30,0.62,0.53,0.65,0.38,0.34,0.45,0.58,0.64,0.30,0.76,0.70,0.43,0.57,0.47,0.60,0.66,0.63,0.60,0.50,0.68,0.57,0.47,0.70,0.43,0.98,0.60,0.75,0.77,0.57,0.67,0.70,0.75,0.55,0.60,0.67,0.70,0.40,0.63,0.60,0.47,0.50,0.50,0.70,0.82,0.88,0.60,0.96,1.07,1.16,0.58,1.27,0.52,0.93,0.42,0.57,0.63,0.66,0.70,0.45,0.63,0.83,0.47,0.50,0.40,0.53,0.63,0.90,0.50,0.87,0.68,0.86,0.50,0.53,0.73,0.82,0.70,0.47,0.50,0.30,0.63,0.47,0.73,0.65,0.50,0.54,0.55,0.50,0.67,0.76,0.40,0.40,,,,,,,,,,,,,,,,,,,,,,,,,,,,,,0.43,0.40,0.55,0.70,0.20,0.70,0.58,0.57,0.53,0.40,0.67,0.20,0.45,0.33,,0.20,0.50,0.57,0.77,0.65,0.73,0.53,0.90,0.80,0.85,0.45,0.45,0.40,1.10,0.63,0.53,0.47,0.60,0.83,0.40,0.80,0.15,0.57,0.48,0.50,0.55,0.65,0.45,0.65,0.62,0.43,0.35,0.27,0.90,0.27,0.53,0.60,0.45,0.80,0.45,0.67,0.90,0.68,0.55,0.68,0.95,0.85,0.85,0.65,0.64,0.55,0.45,0.47,0.56,0.57,0.47,0.33,0.73,0.67,0.76,0.73,0.50,0.70,0.37,0.70,0.90,0.50,0.87,0.85,0.90,0.55,0.67,0.35,0.60,0.45,0.50,0.70,0.75,0.87,0.70,0.85,0.83,0.80,0.85,0.80,0.67,0.65,0.40,0.50,0.65,0.60,0.35,0.45,0.60,0.50,0.30,,0.30,0.40,0.43,0.67,0.60,0.55,0.40,0.65,,0.75,0.30,0.30,0.45,0.75,0.50,0.40,0.40,0.50,0.90,0.40,0.65,0.25,0.55,0.40,0.30,0.30,0.90,,0.35,0.50,0.73,0.43,0.60,0.50,0.40,0.40,0.30,0.25,0.45,,0.30,,0.65,,0.40,0.50,0.40,0.30,0.30,0.30,0.30,0.40,0.40,0.30,0.35,0.60,0.10,0.25,0.30,0.55,0.20,0.65,0.65,0.70,0.40,0.30,0.50,0.45,,,,0.60,,
20260403,8,AQI,143,98,135,104,120,47,149,77,89,144,91,56,119,70,139,81,96,369,151,66,50,34,54,118,89,53,37,33,44,55,129,78,144,29,73,64,38,35,37,76,65,28,23,30,54,23,21,26,69,86,46,30,13,42,43,42,44,39,41,44,39,37,60,33,37,39,28,35,27,56,92,62,500,51,12,14,471,316,90,83,90,103,22,145,74,78,86,70,111,66,109,85,84,101,60,94,36,28,37,38,24,31,36,36,45,30,30,43,43,79,217,41,75,80,81,79,98,69,111,391,90,164,111,31,61,22,61,42,52,61,44,51,22,20,39,30,19,45,47,47,30,51,39,38,21,35,54,26,31,37,60,55,52,35,41,230,60,500,33,55,,,,,,,,,,,,,,,,,,,,,,,,,,,,,,29,31,37,61,259,73,49,78,64,170,131,23,76,92,,184,500,126,68,94,135,128,118,78,75,236,61,90,204,28,90,28,62,170,35,104,26,73,44,56,31,33,22,91,30,88,26,52,41,28,23,22,27,19,33,17,12,20,33,29,27,14,20,24,43,48,46,33,30,43,113,23,39,30,52,35,24,37,31,33,27,31,11,19,38,26,17,11,12,11,54,42,40,51,43,70,43,85,43,66,32,37,33,53,89,30,41,24,23,26,53,,13,19,25,26,19,37,50,13,,26,43,43,23,62,53,36,48,70,93,30,70,18,16,16,23,17,61,,18,14,28,435,38,23,150,33,105,96,234,,113,,54,,132,63,67,52,58,83,23,73,366,297,253,90,34,46,58,74,73,88,100,47,17,33,31,60,,,,32,,
20260403,8,PM2.5,109,73,103,78,91,23,114,49,59,110,68,34,90,51,31,60,72,319,116,48,32,18,32,89,66,34,13,14,31,38,98,57,110,17,53,46,26,21,23,56,47,15,15,21,38,13,9,15,50,64,20,20,9,27,22,26,31,27,29,24,20,26,43,23,19,27,13,21,7,34,47,38,151,19,5,4,40,52,67,61,67,77,10,111,54,57,64,51,84,48,82,63,62,76,43,70,25,19,26,24,17,22,25,25,31,21,21,24,28,58,117,23,55,57,60,58,73,50,84,341,67,125,84,21,44,12,44,17,31,30,16,29,7,14,19,21,13,28,25,33,21,27,27,19,11,16,33,18,18,19,41,39,29,14,20,54,18,159,9,19,,,,,,,,,,,,,,,,,,,,,,,,,,,,,,14,10,26,23,130,52,34,57,30,45,100,3,13,16,,38,155,96,49,70,103,97,89,57,50,186,44,67,154,8,67,17,36,129,7,78,10,53,27,25,16,23,14,68,4,65,18,36,29,11,10,5,8,13,23,12,6,6,23,18,12,6,5,6,16,18,19,16,8,22,85,13,23,11,23,18,17,24,21,23,13,19,4,13,18,18,11,3,5,5,38,25,27,32,30,51,30,63,24,48,15,17,18,37,66,21,22,17,15,18,9,,9,6,13,18,9,24,29,8,,18,29,30,7,40,37,19,32,51,69,21,51,6,8,5,6,6,,,5,6,17,149,24,13,70,20,44,39,94,,39,,18,,73,34,29,24,28,40,3,38,175,99,71,44,8,26,14,31,40,30,30,11,10,3,18,36,,,,19,,
20260403,8,PM2.5_24h,66,67,81,62,49,48,85,31,35,80,70,46,63,36,44,52,48,175,143,42,39,36,48,61,49,55,32,38,48,71,64,63,76,31,25,29,23,35,25,29,29,19,25,15,24,13,14,32,32,61,29,26,22,22,16,17,26,19,21,20,17,36,40,24,21,30,26,20,7,41,45,24,45,21,20,20,78,55,45,51,42,46,11,66,51,44,49,34,54,48,42,42,42,74,45,58,19,15,24,23,19,17,22,25,28,19,18,26,25,45,26,34,42,57,21,54,63,45,52,170,52,132,64,30,39,23,62,52,35,51,27,51,16,18,18,17,17,32,24,51,23,23,31,15,19,13,24,15,25,16,53,39,26,33,43,63,31,74,10,25,,,,,,,,,,,,,,,,,,,,,,,,,,,,,,25,28,25,40,25,38,29,44,19,91,62,9,106,25,,9,57,51,48,53,38,62,75,44,42,73,48,47,153,94,81,45,106,141,12,122,7,35,30,37,27,29,23,45,31,45,18,38,28,23,9,13,11,17,17,26,19,28,25,19,16,24,16,16,50,36,32,29,29,25,48,25,24,30,30,25,20,25,26,20,29,17,19,28,24,20,35,13,18,11,30,37,33,43,30,47,33,54,46,50,20,8,14,23,26,17,14,22,16,17,7,,5,11,25,29,13,18,23,25,,22,29,21,7,53,38,20,41,40,74,21,44,11,8,5,6,3,26,,3,5,27,33,25,18,49,18,71,73,35,,23,,20,,25,25,21,18,26,14,5,22,55,64,29,49,15,23,19,44,33,48,34,22,12,3,13,23,,,,25,,
20260403,8,PM10,178,116,187,121,110,47,196,103,128,160,85,62,122,86,227,93,108,400,123,65,50,30,57,114,88,55,37,33,36,60,132,69,141,29,67,58,38,35,37,79,61,27,21,29,58,20,15,26,82,86,46,30,13,42,43,42,39,31,40,44,39,35,49,29,37,35,28,35,13,62,133,73,873,52,9,7,571,433,114,106,,91,9,136,82,94,93,81,136,82,127,95,88,103,63,93,32,28,32,38,20,29,33,35,45,26,26,43,43,88,362,41,89,110,83,97,99,86,,370,104,171,113,31,55,22,72,42,53,71,44,52,22,18,39,22,16,45,47,43,29,52,33,38,21,35,58,22,31,37,70,59,53,35,41,371,69,1137,33,60,,,,,,,,,,,,,,,,,,,,,,,,,,,,,,29,31,36,72,391,96,49,100,78,290,151,23,102,134,,318,840,115,73,87,130,96,117,106,99,208,58,86,251,28,109,28,74,186,35,96,26,74,44,62,31,33,22,95,16,87,,54,41,20,11,8,12,15,,14,7,20,28,29,27,14,20,21,43,48,46,33,15,43,79,19,39,30,53,35,21,37,31,33,25,31,11,,38,25,17,9,10,11,48,42,40,51,36,59,41,74,43,68,32,37,33,37,73,20,41,21,23,25,56,,13,19,25,25,19,37,50,13,,17,43,34,17,74,51,36,48,59,87,28,56,12,16,11,19,17,71,,13,11,28,535,38,23,250,33,159,141,374,,175,,57,,214,75,83,53,66,116,15,96,473,418,387,129,34,46,65,98,96,126,150,47,17,6,31,69,,,,32,,
20260403,8,PM10_24h,143,130,153,122,105,73,164,75,89,139,113,93,100,79,123,91,85,220,232,59,62,54,75,86,71,83,61,66,62,97,90,76,91,56,41,44,38,53,41,51,43,36,38,28,54,23,24,41,61,80,47,40,29,42,37,39,43,34,45,38,32,55,50,34,36,37,45,31,20,75,134,50,169,56,25,28,274,250,86,95,54,72,18,88,84,76,74,59,88,78,75,66,65,109,64,77,29,24,31,36,26,27,32,37,44,26,28,40,39,75,74,52,76,118,54,94,108,88,77,229,73,168,93,48,61,37,85,74,54,79,50,72,26,25,30,22,16,48,40,59,29,38,40,32,31,30,38,21,40,33,83,65,53,59,69,324,155,290,41,80,,,,,,,,,,,,,,,,,,,,,,,,,,,,,,50,47,41,73,71,78,52,77,72,369,133,22,383,73,,48,209,89,80,84,76,96,99,70,77,114,85,59,252,115,104,62,150,196,31,156,18,62,54,69,55,46,36,64,59,70,28,61,46,40,20,18,18,21,24,34,24,43,34,27,33,32,31,36,74,65,56,44,42,45,61,47,45,44,53,46,32,58,40,31,50,29,27,25,30,26,49,18,24,17,45,50,51,64,46,59,42,68,61,69,39,17,28,29,47,21,31,30,25,21,24,,9,28,39,39,21,31,28,40,,32,45,36,14,91,47,30,51,52,94,27,62,19,17,10,33,13,35,,12,10,44,94,46,34,167,38,294,298,106,,61,,48,,70,55,55,42,71,40,15,118,162,227,104,172,57,47,80,125,91,157,162,67,48,16,44,55,,,,41,,
20260403,8,SO2,7,10,3,13,10,8,7,7,5,7,10,7,8,14,6,11,8,13,14,6,6,6,6,10,11,7,5,7,6,11,10,8,8,6,5,5,6,5,5,5,6,3,3,4,6,4,2,6,9,8,9,7,4,5,5,4,6,3,6,4,5,9,4,6,8,5,4,5,5,6,9,7,4,6,3,5,5,5,16,11,9,12,3,21,11,9,15,14,17,7,10,8,12,10,5,24,6,6,5,4,11,6,7,5,5,6,6,6,5,8,9,10,12,10,25,9,11,11,8,16,8,10,8,6,11,7,11,6,11,14,6,12,6,5,6,8,9,4,7,5,4,7,7,8,5,5,3,5,7,7,5,4,3,6,6,7,11,8,5,10,,,,,,,,,,,,,,,,,,,,,,,,,,,,,,5,2,4,5,4,15,7,10,8,10,16,6,8,4,,6,8,21,8,10,30,9,17,30,11,2,4,19,14,9,8,6,6,11,6,8,8,7,8,8,6,6,4,9,6,13,5,7,4,5,3,4,3,5,4,5,6,4,25,3,6,8,7,8,10,11,4,5,5,5,5,3,6,7,11,6,5,4,5,5,3,7,5,6,4,8,4,4,4,4,8,7,4,8,27,10,6,5,7,8,4,7,7,5,9,7,5,6,9,7,6,,6,7,6,12,4,10,6,3,,4,6,6,8,7,5,5,12,6,10,6,5,6,6,6,8,8,24,,8,6,5,7,4,6,4,11,8,13,7,,3,,9,,3,9,8,10,11,19,4,16,4,8,4,6,7,5,3,4,40,3,2,7,10,5,10,8,,,,7,,
20260403,8,SO2_24h,6,11,4,13,14,6,6,5,5,7,9,8,9,13,12,13,8,11,12,7,7,7,6,9,10,10,7,8,7,13,9,8,7,7,5,5,7,7,7,6,7,3,3,4,7,4,2,8,7,7,6,7,4,5,5,4,6,4,6,4,5,10,4,6,8,5,6,4,5,7,11,13,8,7,3,5,13,6,14,9,8,11,3,20,11,7,13,11,11,7,7,6,8,11,7,14,8,6,5,5,9,6,7,5,6,6,7,7,5,6,13,10,11,13,22,13,13,14,9,13,7,9,7,7,11,6,12,5,8,11,6,13,6,6,6,7,9,7,7,5,4,7,7,11,7,6,3,5,10,7,7,5,3,7,9,21,14,18,6,10,,,,,,,,,,,,,,,,,,,,,,,,,,,,,,6,2,5,6,5,13,8,10,9,17,8,5,11,7,,6,9,18,11,11,13,8,9,12,10,2,7,7,13,11,6,6,7,12,6,9,7,7,9,9,9,7,5,9,7,9,5,7,5,6,3,6,3,6,6,5,5,4,15,4,7,8,8,9,9,9,4,6,6,6,4,4,9,7,10,9,4,5,6,5,5,7,6,8,4,7,5,4,4,4,10,7,5,11,14,15,6,6,7,8,5,6,7,5,8,7,4,6,8,6,5,,6,7,5,10,4,10,6,4,,5,6,6,8,7,6,5,5,5,10,6,5,6,6,6,9,7,8,,7,6,5,18,7,8,18,10,10,6,9,,4,,8,,4,11,6,11,12,16,4,14,8,9,5,5,8,6,3,5,16,4,2,6,7,5,12,9,,,,7,,
20260403,8,NO2,53,30,29,41,33,19,58,32,42,48,19,20,22,34,4,23,27,50,45,18,22,19,26,28,32,45,16,14,36,30,37,22,38,18,16,38,19,13,16,29,18,19,16,17,30,16,18,22,18,16,30,17,12,22,14,7,15,5,12,25,11,8,32,6,19,24,12,16,8,33,17,14,8,29,15,16,6,7,23,28,23,28,14,42,18,18,30,22,34,25,33,25,21,38,14,33,19,13,16,9,13,13,11,5,23,11,15,6,25,21,14,18,23,37,48,14,34,14,26,61,32,42,40,19,29,26,24,23,34,25,20,34,19,17,24,12,16,27,13,15,10,23,20,25,19,14,31,18,9,12,23,33,33,23,27,2,36,5,7,25,,,,,,,,,,,,,,,,,,,,,,,,,,,,,,9,11,18,26,8,21,22,42,36,5,27,12,5,4,,6,5,28,12,24,67,47,38,45,41,32,19,28,39,10,29,13,18,37,14,37,8,47,26,28,23,23,11,38,8,33,17,19,25,11,15,12,8,12,21,17,16,17,12,24,19,17,12,12,20,23,23,18,12,19,20,12,16,15,21,22,16,13,10,12,14,11,14,11,2,3,14,13,17,9,25,9,10,21,15,19,16,16,18,17,31,20,15,19,30,16,24,9,13,18,8,,19,9,12,15,17,15,30,13,,7,8,20,13,24,14,15,13,16,13,22,16,6,13,10,4,12,55,,4,5,18,17,12,21,8,30,9,11,15,,16,,18,,40,13,4,3,15,10,14,4,4,6,6,13,22,20,9,14,6,17,21,15,7,2,10,39,,,,4,,
20260403,8,NO2_24h,37,46,23,33,44,14,41,17,25,49,31,23,17,28,20,31,28,35,39,23,18,26,26,26,21,36,29,24,28,28,28,16,23,24,18,29,18,23,21,21,27,21,22,12,23,14,14,23,14,15,16,17,18,26,10,9,24,8,12,19,10,34,21,6,19,20,12,10,8,28,23,12,17,25,19,18,22,11,24,19,18,23,11,27,19,14,29,17,20,25,20,15,15,37,17,27,21,12,10,9,12,10,14,7,34,10,15,12,12,16,17,13,18,33,26,24,32,25,26,37,15,39,26,20,20,31,26,16,22,16,15,18,22,18,21,8,15,30,8,25,6,20,16,14,16,8,19,12,11,8,28,25,17,24,24,8,10,14,10,22,,,,,,,,,,,,,,,,,,,,,,,,,,,,,,12,12,22,16,12,22,12,29,34,11,16,9,9,13,,7,7,26,19,24,23,32,30,30,27,13,17,16,35,18,19,10,21,32,11,32,6,19,17,19,27,36,13,23,15,18,11,13,27,15,10,12,8,13,15,19,14,22,20,24,19,17,11,14,16,17,16,17,15,15,12,12,13,14,17,16,14,15,10,9,17,10,11,11,6,12,19,9,15,10,27,13,16,35,18,16,24,14,14,12,31,15,12,13,18,10,29,11,18,10,6,,15,7,11,9,13,8,10,13,,7,8,12,9,16,9,8,6,8,18,10,15,6,9,7,5,6,18,,5,3,25,19,21,15,11,25,7,10,19,,16,,14,,21,7,2,3,4,2,10,4,13,10,15,12,9,19,11,32,14,37,18,23,8,7,10,12,,,,4,,
20260403,8,O3,36,60,66,42,58,61,16,85,52,28,70,54,55,46,75,117,82,57,35,123,60,109,115,83,65,47,102,98,59,54,44,73,48,84,124,48,93,105,108,84,119,89,73,80,59,75,67,31,111,129,66,52,41,41,62,48,40,58,47,54,80,56,6,67,21,13,42,82,86,38,84,52,95,44,37,44,82,72,100,61,94,77,71,59,74,73,95,133,85,121,88,80,114,81,131,105,29,85,41,53,55,78,67,55,34,86,83,79,54,61,86,79,47,51,32,109,95,121,74,39,36,27,40,70,54,52,44,50,51,52,65,23,40,63,33,57,19,3,45,33,38,2,25,35,23,25,11,13,53,81,37,16,19,42,58,100,53,94,69,61,,,,,,,,,,,,,,,,,,,,,,,,,,,,,,92,76,57,33,87,62,39,28,52,72,60,46,76,82,,73,96,90,116,97,18,71,43,25,28,49,66,36,52,80,55,43,69,58,50,40,51,41,50,69,45,48,51,51,97,41,64,54,31,91,74,71,85,51,78,44,33,47,50,24,22,43,36,76,67,69,64,72,95,56,56,73,43,53,28,47,77,70,60,29,85,10,25,35,59,52,38,36,39,28,2,59,55,32,30,31,27,2,48,35,21,10,30,35,20,23,3,23,10,11,41,,32,54,56,64,29,33,38,18,,16,66,38,75,35,56,61,89,55,32,59,31,59,35,51,72,48,31,,58,45,14,81,4,34,97,21,82,79,85,,78,,40,,27,51,58,93,83,71,75,108,96,101,104,80,67,39,52,67,80,65,61,55,40,107,63,6,,,,90,,
20260403,8,O3_24h,36,60,66,42,58,61,16,85,52,28,70,54,55,46,75,117,82,57,35,123,60,109,115,83,65,47,102,98,59,54,44,73,48,84,124,48,93,105,108,84,119,89,73,80,59,75,67,31,111,129,66,52,41,41,62,48,40,58,47,54,80,56,6,67,21,13,42,82,86,38,84,52,95,44,37,44,82,72,100,61,94,77,71,59,74,73,95,133,85,121,88,80,114,81,131,105,29,85,41,53,55,78,67,55,34,86,83,79,54,61,86,79,47,51,32,109,95,121,74,39,36,27,40,70,54,52,44,50,51,52,65,23,40,63,33,57,19,3,45,33,38,2,25,35,23,25,11,13,53,81,37,16,19,42,58,100,53,94,69,61,,,,,,,,,,,,,,,,,,,,,,,,,,,,,,92,76,57,33,87,62,39,28,52,72,60,46,76,82,,73,96,90,116,97,18,71,43,25,28,49,66,36,52,80,55,43,69,58,50,40,51,41,50,69,45,48,51,51,97,41,64,54,31,91,74,71,85,51,78,44,33,47,50,24,22,43,36,76,67,69,64,72,95,56,56,73,43,53,28,47,77,70,60,29,85,10,25,35,59,52,38,36,39,28,2,59,55,32,30,31,27,2,48,35,21,10,30,35,20,23,3,23,10,11,41,,32,54,56,64,29,33,38,18,,16,66,38,75,35,56,61,89,55,32,59,31,59,35,51,72,48,31,,58,45,14,81,4,34,97,21,82,79,85,,78,,40,,27,51,58,93,83,71,75,108,96,101,104,80,67,39,52,67,80,65,61,55,40,107,63,6,,,,90,,
20260403,8,O3_8h,40,69,79,35,27,66,31,109,61,19,70,67,62,67,80,67,78,59,36,130,93,99,95,93,82,70,87,85,77,61,59,102,76,76,135,60,103,86,103,111,122,105,65,89,64,80,85,45,119,122,83,61,45,50,83,59,44,64,50,71,88,54,18,63,26,21,53,88,90,50,97,79,104,46,48,54,88,101,99,82,75,79,84,77,84,85,76,129,112,124,106,88,112,86,129,84,25,99,44,52,61,95,76,53,36,84,89,70,71,70,99,91,53,44,43,108,42,105,76,49,57,20,40,88,82,59,47,57,54,67,63,42,64,66,29,75,29,13,51,38,41,8,39,52,37,41,19,26,60,90,35,26,47,35,76,116,86,103,73,73,,,,,,,,,,,,,,,,,,,,,,,,,,,,,,97,64,70,50,102,68,69,56,45,98,66,48,84,98,,77,101,65,113,69,47,43,25,17,31,77,61,35,31,81,62,40,72,56,49,48,44,76,70,84,44,25,45,77,71,63,87,65,25,84,95,76,98,67,86,54,50,43,45,25,30,56,52,75,64,78,73,62,77,60,74,78,58,59,39,66,83,68,75,38,93,16,28,40,67,26,38,49,49,33,,59,56,26,33,42,29,4,60,62,11,22,41,57,39,30,5,38,11,22,36,,35,61,55,57,37,61,62,34,,28,80,68,88,52,64,77,107,75,44,80,43,67,50,67,77,71,53,,62,58,11,92,1,54,100,29,97,96,80,,82,,50,,46,92,77,109,100,87,80,123,94,101,94,93,86,28,53,44,72,24,50,86,41,108,73,31,,,,88,,
20260403,8,O3_8h_24h,40,69,79,35,27,66,31,109,61,19,70,67,62,67,80,67,78,59,36,128,93,99,95,93,82,70,87,85,77,61,59,102,76,76,135,60,103,86,103,111,122,105,65,89,64,80,85,45,119,122,77,61,45,50,83,59,44,64,50,71,88,51,18,63,26,21,53,88,90,50,97,79,104,46,48,54,88,101,99,82,75,79,84,77,84,85,76,129,112,124,106,88,112,86,129,84,25,99,44,52,61,95,76,53,36,84,89,70,71,70,99,91,53,44,28,108,42,105,76,49,57,20,40,88,82,59,47,57,54,67,63,42,64,66,29,75,29,8,51,38,41,8,39,52,37,41,19,26,60,90,35,26,47,35,76,116,86,103,73,73,,,,,,,,,,,,,,,,,,,,,,,,,,,,,,97,64,70,50,102,68,69,56,45,98,66,48,84,98,,77,101,65,113,69,47,43,25,17,31,48,61,35,31,81,62,40,72,56,49,48,44,76,70,84,44,25,45,77,71,63,87,65,25,84,95,76,98,67,86,54,50,43,45,25,30,56,52,75,64,78,73,62,77,60,74,78,58,59,39,66,83,68,75,38,93,16,28,40,67,26,38,49,49,33,,59,56,26,33,42,29,4,60,62,11,22,41,57,39,30,5,38,11,22,36,,35,61,55,57,37,61,62,34,,28,80,68,88,52,64,77,107,75,44,80,43,67,50,67,77,71,53,,62,58,11,92,1,54,100,29,97,96,80,,82,,50,,46,92,77,109,100,87,80,123,94,101,94,93,86,28,53,44,72,24,50,50,41,108,73,31,,,,88,,
20260403,8,CO,1.01,0.81,0.72,0.92,0.60,0.68,0.71,0.57,0.70,0.85,0.60,0.38,0.95,0.92,0.24,0.80,0.80,1.52,0.90,0.60,0.62,0.60,0.58,0.84,0.64,0.78,0.63,0.50,0.78,1.02,1.02,0.68,0.95,0.56,0.60,0.53,0.47,0.65,0.55,0.63,0.75,0.37,0.40,0.40,0.80,0.47,0.43,0.65,0.68,0.74,0.50,0.62,0.58,0.64,0.55,0.47,0.50,0.30,0.37,0.63,0.55,0.47,0.69,0.40,0.55,0.58,0.50,0.55,0.32,0.59,0.47,0.50,0.20,0.41,0.42,0.50,0.29,0.22,0.80,0.98,0.67,0.75,0.57,0.74,0.80,0.77,0.76,0.77,0.88,0.50,0.85,0.93,0.58,0.88,0.50,0.87,0.77,0.63,0.67,0.70,0.75,0.55,0.55,0.67,0.60,0.40,0.60,0.50,0.47,0.60,0.39,0.68,0.98,1.04,0.95,0.86,0.85,0.86,0.68,2.02,0.66,1.00,0.53,0.53,0.63,0.68,0.67,0.50,0.72,0.93,0.45,0.48,0.43,0.47,0.63,0.85,0.60,1.05,0.68,0.76,0.60,0.65,0.75,0.77,0.73,0.53,0.63,0.35,0.57,0.55,0.73,0.70,0.70,0.56,0.45,0.30,0.83,0.36,0.42,0.40,,,,,,,,,,,,,,,,,,,,,,,,,,,,,,0.35,0.30,0.55,0.80,0.30,1.60,0.87,0.80,0.80,0.27,0.93,0.30,0.35,0.25,,0.25,0.50,0.83,0.63,0.70,1.40,0.80,1.30,1.30,1.00,0.60,0.40,0.60,1.07,0.33,0.50,0.38,0.40,0.75,0.40,0.60,0.25,0.63,0.44,0.50,0.42,0.60,0.40,0.75,0.40,0.60,0.38,0.33,1.03,0.27,0.60,0.53,0.35,0.90,0.50,0.63,1.23,0.60,0.70,0.82,1.05,0.75,0.95,0.55,0.52,0.60,0.45,0.38,0.40,0.53,0.57,0.23,0.85,0.57,0.72,0.67,0.67,0.50,0.40,0.80,0.73,0.55,0.93,1.05,0.90,0.45,0.67,0.40,0.90,0.45,0.90,0.53,0.57,0.73,0.70,0.90,0.67,1.00,0.65,0.80,0.73,0.85,0.47,0.60,0.80,0.75,0.47,0.45,0.60,0.60,0.30,,0.30,0.40,0.47,0.57,0.65,0.65,0.65,0.60,,0.70,0.40,0.40,0.45,0.80,0.70,0.50,0.50,0.70,0.90,0.55,0.70,0.25,0.65,0.40,0.30,0.40,2.00,,0.35,0.55,0.63,0.30,0.50,0.45,0.15,0.50,0.30,0.35,0.30,,0.30,,0.65,,0.50,0.70,0.40,0.30,0.30,0.60,0.30,0.40,0.20,0.30,0.20,0.55,0.10,0.20,0.30,0.35,0.20,0.65,0.45,0.60,0.40,0.30,0.55,0.60,,,,0.55,,
20260403,8,CO_24h,0.66,0.87,0.66,0.91,0.75,0.52,0.57,0.43,0.55,0.80,0.55,0.38,0.67,0.72,0.42,0.86,0.53,0.96,1.01,0.58,0.67,0.68,0.68,0.71,0.54,0.74,0.74,0.66,0.68,1.00,0.78,0.72,0.65,0.63,0.44,0.37,0.45,0.70,0.57,0.47,0.55,0.47,0.50,0.40,0.66,0.38,0.40,0.77,0.54,0.90,0.49,0.67,0.62,0.67,0.56,0.50,0.53,0.35,0.40,0.63,0.57,0.67,0.71,0.45,0.56,0.53,0.53,0.46,0.30,0.62,0.53,0.60,0.36,0.34,0.45,0.57,0.60,0.28,0.68,0.70,0.43,0.57,0.50,0.54,0.66,0.63,0.58,0.53,0.68,0.55,0.47,0.70,0.45,0.94,0.60,0.75,0.77,0.57,0.67,0.70,0.75,0.55,0.60,0.63,0.65,0.40,0.57,0.55,0.47,0.50,0.47,0.68,0.82,0.88,0.60,0.96,1.05,1.14,0.56,1.33,0.52,0.93,0.40,0.58,0.60,0.66,0.70,0.45,0.63,0.83,0.45,0.50,0.40,0.53,0.63,0.90,0.50,0.87,0.68,0.84,0.50,0.53,0.73,0.82,0.70,0.47,0.50,0.30,0.63,0.47,0.73,0.65,0.50,0.56,0.55,0.40,0.67,0.76,0.42,0.40,,,,,,,,,,,,,,,,,,,,,,,,,,,,,,0.43,0.40,0.55,0.70,0.20,0.75,0.60,0.57,0.53,0.37,0.67,0.20,0.45,0.33,,0.20,0.50,0.57,0.77,0.65,0.73,0.53,0.90,0.80,0.85,0.45,0.45,0.40,1.10,0.60,0.53,0.45,0.55,0.80,0.40,0.80,0.15,0.57,0.48,0.50,0.53,0.65,0.45,0.65,0.62,0.43,0.35,0.27,0.90,0.27,0.53,0.60,0.45,0.80,0.45,0.67,0.90,0.68,0.60,0.70,0.95,0.85,0.85,0.65,0.62,0.52,0.45,0.45,0.56,0.57,0.50,0.33,0.73,0.67,0.76,0.73,0.50,0.60,0.37,0.70,0.87,0.55,0.87,0.85,0.90,0.55,0.67,0.35,0.65,0.45,0.55,0.70,0.75,0.87,0.70,0.85,0.80,0.80,0.80,0.80,0.67,0.65,0.40,0.50,0.65,0.60,0.35,0.45,0.60,0.50,0.30,,0.30,0.40,0.43,0.67,0.60,0.55,0.40,0.65,,0.75,0.30,0.30,0.45,0.75,0.55,0.40,0.40,0.50,0.90,0.40,0.65,0.25,0.55,0.40,0.30,0.30,0.90,,0.35,0.50,0.73,0.33,0.60,0.50,0.35,0.40,0.30,0.25,0.40,,0.30,,0.65,,0.45,0.50,0.40,0.30,0.30,0.30,0.30,0.40,0.37,0.30,0.35,0.60,0.10,0.25,0.30,0.55,0.20,0.70,0.65,0.65,0.30,0.30,0.55,0.45,,,,0.60,,
20260403,9,AQI,148,98,133,93,121,46,161,89,76,149,81,56,96,71,82,81,86,320,128,56,46,43,55,120,88,46,34,33,31,48,118,70,141,37,61,59,44,40,60,73,59,28,24,33,55,23,19,14,68,80,44,34,15,42,43,42,47,40,46,44,44,37,61,31,37,47,39,34,25,57,87,62,415,53,15,13,221,489,89,86,93,114,20,146,70,69,85,66,115,75,113,83,86,103,64,95,34,31,37,37,21,35,33,34,44,30,34,43,48,60,401,46,84,75,106,65,81,72,115,403,91,170,100,36,53,25,51,46,52,58,41,53,29,24,39,29,21,53,47,49,33,54,41,41,23,29,56,34,43,38,52,58,51,54,47,216,64,500,32,57,,,,,,,,,,,,,,,,,,,,,,,,,,,,,,32,27,37,61,432,96,55,75,62,77,143,19,52,131,,293,500,121,70,86,212,103,89,86,79,235,60,76,177,27,75,24,57,156,36,91,30,76,52,54,33,32,21,86,29,90,36,56,34,26,23,23,26,20,33,20,10,18,27,37,27,12,20,22,49,51,44,29,28,49,60,24,42,36,54,41,30,33,33,47,27,36,10,21,30,37,14,13,11,12,54,38,45,51,41,71,47,85,40,63,42,37,26,58,96,30,66,23,23,31,31,,25,22,31,41,21,34,42,16,,26,66,43,23,72,75,46,47,86,96,31,71,16,30,15,25,32,130,,18,13,29,500,36,27,161,39,126,124,233,,148,,57,,137,59,63,53,59,69,23,66,500,433,162,84,53,42,56,76,71,85,123,42,54,32,36,56,,,,31,,
20260403,9,PM2.5,113,73,101,69,92,19,123,53,52,114,60,31,72,40,15,60,64,270,97,40,28,30,36,91,65,29,11,12,22,30,89,51,108,23,44,42,31,25,43,53,42,15,14,21,38,14,10,10,49,59,11,22,7,28,24,27,31,28,28,25,22,26,44,22,21,33,27,18,6,30,38,36,103,18,4,4,22,47,66,64,69,86,11,112,47,50,63,48,87,55,85,61,64,77,46,71,24,22,26,23,15,20,23,24,31,21,24,25,26,41,119,28,62,43,80,46,60,43,87,354,68,129,75,23,31,13,19,16,23,40,19,30,17,16,17,17,15,37,26,34,20,29,29,23,13,16,37,19,30,17,33,37,30,16,18,58,15,156,10,19,,,,,,,,,,,,,,,,,,,,,,,,,,,,,,16,3,26,30,146,72,39,52,27,7,109,7,8,24,,30,184,92,49,64,162,77,66,58,40,185,43,56,134,9,55,11,30,119,6,68,5,56,28,26,15,20,15,64,4,67,25,40,24,12,8,10,6,14,23,14,7,6,19,26,8,8,6,10,20,18,17,10,11,22,43,13,26,10,38,22,21,23,20,28,13,25,4,15,16,26,9,7,6,3,38,23,27,34,29,52,33,63,24,45,21,17,18,41,72,21,48,16,16,18,22,,9,11,14,29,8,22,28,11,,18,48,26,3,51,55,32,29,64,72,22,52,10,19,8,6,14,99,,6,3,19,164,25,13,61,20,76,45,80,,53,,20,,70,35,28,27,27,47,10,41,180,123,53,44,9,18,15,33,36,34,50,15,17,3,13,39,,,,18,,
20260403,9,PM2.5_24h,70,69,84,64,52,47,89,33,36,83,71,46,65,36,43,51,50,182,142,41,38,34,46,60,49,52,30,36,46,68,65,61,78,31,26,30,24,34,24,31,29,18,24,14,24,13,14,31,33,61,27,26,21,22,17,18,25,20,20,20,17,36,41,24,21,30,26,19,7,40,46,24,48,21,19,19,78,57,44,51,43,49,11,64,52,44,49,35,54,48,44,42,43,74,46,58,19,15,24,22,18,17,22,24,29,19,19,26,24,44,30,32,43,57,22,53,62,44,53,179,52,132,64,30,38,23,59,48,34,49,25,51,16,17,18,17,17,33,24,51,22,22,30,15,19,12,24,14,26,15,52,40,26,33,42,63,31,79,10,25,,,,,,,,,,,,,,,,,,,,,,,,,,,,,,24,27,26,39,30,39,29,45,20,91,65,9,106,25,,10,64,53,48,52,44,62,72,43,39,75,48,47,151,84,81,43,97,136,12,119,7,36,29,35,26,28,22,45,29,44,17,37,28,22,9,13,11,17,17,24,18,26,25,20,15,22,15,15,47,33,30,27,28,24,48,24,24,28,30,25,19,25,26,20,27,18,19,28,24,20,34,12,17,11,31,36,33,43,30,47,33,55,45,50,20,8,14,23,28,17,15,22,16,16,7,,5,10,24,30,13,19,23,24,,22,29,21,7,53,39,20,40,42,75,21,44,11,9,6,5,3,24,,4,5,27,39,25,18,50,18,73,73,38,,24,,20,,27,25,22,18,25,15,5,23,62,68,30,50,14,23,18,43,34,48,35,21,12,3,13,24,,,,25,,
20260403,9,PM10,182,117,167,103,117,46,198,127,102,152,78,61,106,91,114,96,90,346,125,53,46,43,60,115,96,46,31,31,28,48,118,65,137,37,52,50,43,40,58,71,55,28,20,33,60,22,19,13,84,82,44,34,13,42,43,42,47,33,46,44,44,35,51,29,37,35,34,34,13,64,124,73,515,55,11,7,365,589,117,116,71,96,14,140,90,87,97,82,134,92,129,87,95,106,75,100,31,31,32,37,17,35,31,33,44,24,31,43,48,70,501,46,97,100,97,79,91,93,,309,106,198,95,36,56,25,51,46,53,65,41,55,29,24,39,29,16,51,47,45,33,58,35,41,23,29,61,34,33,38,53,65,51,58,47,361,77,955,32,64,,,,,,,,,,,,,,,,,,,,,,,,,,,,,,32,22,35,72,532,134,57,99,73,104,155,19,54,212,,415,909,107,90,109,147,106,114,121,107,196,49,88,222,26,83,24,64,186,36,80,30,78,53,57,33,32,20,97,21,89,,58,33,22,14,11,9,18,,18,8,18,24,32,27,10,20,22,49,51,44,26,22,49,66,24,42,36,45,41,29,32,33,47,27,36,10,,30,31,14,13,10,12,55,38,45,51,40,65,43,84,40,71,42,37,26,40,86,23,68,22,23,31,23,,25,22,31,28,21,34,42,14,,19,52,43,12,93,63,41,47,66,79,29,63,15,30,13,21,32,154,,15,13,29,719,36,27,272,39,202,197,373,,245,,64,,223,67,75,55,67,88,23,82,877,533,273,117,56,42,61,101,91,119,195,42,57,6,36,62,,,,31,,
20260403,9,PM10_24h,147,132,154,122,108,71,167,78,89,142,111,90,100,80,128,90,86,227,229,58,61,52,72,85,72,79,58,63,60,93,90,73,92,56,41,45,39,52,40,52,43,35,37,27,53,22,24,39,62,79,46,39,28,42,38,40,43,35,45,39,33,54,51,34,36,38,45,31,19,74,137,51,187,56,23,26,285,270,85,96,54,73,18,86,82,77,75,61,88,77,76,66,68,108,64,77,29,25,31,36,25,27,33,36,44,26,29,39,39,74,92,51,77,118,54,93,107,86,75,236,73,167,92,47,60,36,83,71,53,76,48,71,25,24,30,22,15,48,40,58,29,38,39,31,30,29,38,22,40,32,83,65,52,59,68,332,155,327,41,80,,,,,,,,,,,,,,,,,,,,,,,,,,,,,,49,45,41,73,85,80,52,78,71,370,138,22,382,79,,65,245,90,80,84,79,94,97,70,76,116,84,59,247,104,105,59,141,187,31,151,19,62,53,68,53,44,35,63,57,69,27,60,45,38,20,16,17,21,23,33,23,41,33,27,32,30,29,34,71,62,55,42,40,45,60,44,45,43,53,45,30,56,40,32,47,30,26,25,30,26,48,17,22,16,46,50,51,64,46,59,42,69,60,70,39,18,27,29,48,21,33,30,25,21,24,,10,28,38,39,21,32,29,39,,32,46,36,14,91,48,30,50,53,94,27,62,17,17,10,33,14,40,,12,10,43,120,46,33,175,38,298,301,113,,65,,48,,78,55,57,42,70,42,15,121,197,245,112,173,55,46,79,122,94,157,161,66,49,15,44,55,,,,40,,
20260403,9,SO2,8,10,4,14,11,8,7,6,5,6,11,7,10,15,6,11,8,14,12,6,6,5,5,11,11,8,5,6,6,11,10,8,8,6,5,5,6,5,5,5,6,3,3,5,7,4,2,7,10,8,9,7,4,5,5,4,6,4,6,4,6,9,4,6,9,5,6,5,4,6,11,7,5,7,3,5,6,5,15,14,8,11,3,24,12,9,17,14,17,8,10,9,13,10,5,21,6,6,6,4,9,6,6,5,6,6,6,6,5,8,6,11,16,11,48,8,13,11,8,17,7,20,8,6,9,6,12,5,10,15,6,13,5,7,9,7,9,4,6,5,4,7,7,8,6,5,3,6,8,9,6,4,3,6,6,7,10,8,4,9,,,,,,,,,,,,,,,,,,,,,,,,,,,,,,5,2,3,5,4,24,15,9,9,10,15,5,8,4,,6,8,15,8,11,19,8,15,23,11,2,6,19,20,9,9,5,5,17,7,7,8,8,10,8,7,5,4,9,6,11,5,8,3,5,3,4,3,5,4,4,5,5,18,3,7,8,8,9,10,12,4,5,5,6,5,3,7,7,13,6,5,4,5,8,3,7,5,6,4,8,4,4,6,4,8,7,4,9,17,10,6,5,7,9,13,7,7,5,10,7,5,6,9,3,5,,6,8,9,10,4,10,28,3,,5,6,6,8,7,5,7,30,7,10,6,6,6,6,7,9,8,24,,7,6,6,4,4,7,4,13,9,7,7,,3,,9,,3,7,8,10,10,22,34,17,4,8,4,6,7,6,2,4,17,5,3,6,10,5,9,8,,,,6,,
20260403,9,SO2_24h,6,11,4,12,14,7,6,6,5,7,9,8,9,12,12,12,8,11,12,7,7,7,6,9,10,9,7,8,7,13,9,8,8,7,5,5,7,6,6,6,7,3,3,4,7,4,2,8,7,7,6,7,4,5,5,4,6,4,6,4,5,10,4,6,8,5,6,4,4,7,11,12,7,7,3,5,12,6,13,9,8,11,3,20,11,7,13,11,11,7,7,6,9,11,6,14,8,6,5,4,9,6,7,5,6,6,7,7,5,6,12,10,11,12,24,13,13,14,9,13,6,9,7,7,11,6,12,5,8,11,6,13,6,6,6,7,9,7,7,5,4,7,7,11,6,6,3,5,10,6,7,5,3,7,9,18,14,17,6,10,,,,,,,,,,,,,,,,,,,,,,,,,,,,,,6,2,5,6,5,14,9,10,8,15,9,5,10,6,,6,9,17,11,11,13,8,9,12,10,2,7,8,13,11,7,6,7,12,6,8,7,7,9,9,8,7,4,9,7,9,5,7,5,6,3,5,3,5,5,5,5,4,15,4,7,8,8,9,9,9,4,6,6,6,4,4,8,7,11,9,4,5,6,5,5,7,6,7,4,7,5,4,4,4,10,7,5,11,14,14,6,6,7,8,5,6,7,5,8,7,4,6,8,6,5,,6,7,6,10,4,10,7,4,,5,6,6,8,7,6,5,6,5,10,6,5,6,6,6,9,7,8,,7,6,6,17,7,8,15,10,10,6,9,,4,,8,,4,11,6,10,11,15,6,15,8,9,5,5,8,6,3,5,17,4,2,7,7,5,12,9,,,,7,,
20260403,9,NO2,53,28,26,35,34,16,49,30,33,39,19,21,23,35,4,19,24,49,40,17,23,20,25,28,36,41,14,13,28,25,35,21,42,23,16,31,24,15,17,29,18,25,16,19,31,18,26,25,17,14,18,19,12,20,14,5,15,6,11,20,12,8,33,7,18,28,16,13,12,30,16,17,9,29,13,18,6,8,24,25,18,25,21,33,15,15,27,20,35,22,32,21,26,30,13,31,25,16,19,10,13,15,11,5,26,17,19,8,24,18,10,15,23,27,58,14,21,13,27,60,27,46,26,19,24,27,18,18,26,23,12,35,20,22,27,13,16,29,10,22,9,24,28,28,17,11,34,17,12,11,24,31,33,22,25,4,17,5,15,42,,,,,,,,,,,,,,,,,,,,,,,,,,,,,,8,10,24,26,7,35,18,33,24,4,28,12,5,4,,6,5,25,11,14,65,31,29,50,41,26,18,33,31,8,16,11,12,38,12,28,7,61,30,30,23,15,11,44,10,32,18,21,32,13,16,13,12,16,23,20,20,23,15,28,16,18,12,16,16,21,20,13,13,18,18,12,18,12,16,25,16,12,9,12,15,12,14,11,2,9,17,18,19,11,28,9,9,19,15,19,24,18,11,17,33,21,13,23,31,16,29,11,10,13,8,,25,16,17,11,17,11,20,17,,7,16,14,12,35,17,16,13,19,18,19,26,9,19,10,5,23,47,,8,7,18,9,13,23,10,29,8,14,12,,13,,15,,32,8,4,6,9,10,28,5,4,4,5,26,40,24,12,26,13,27,22,19,17,6,19,34,,,,4,,
20260403,9,NO2_24h,38,45,23,34,44,13,42,18,25,49,30,22,17,28,19,29,28,35,40,22,18,24,25,26,21,35,26,22,27,27,28,16,24,24,17,29,18,21,20,21,26,20,22,12,23,14,15,23,14,14,15,17,17,25,11,9,24,8,12,19,10,32,21,6,18,21,12,10,8,28,22,10,15,24,18,17,21,10,23,19,17,23,11,26,18,14,29,17,20,24,19,15,15,36,16,27,21,12,10,9,12,10,14,6,34,11,15,11,13,16,16,12,18,32,26,23,32,24,25,38,16,40,26,20,20,30,25,16,22,16,15,20,21,18,21,8,15,30,7,25,6,20,16,14,15,8,19,12,11,8,28,25,17,25,24,5,10,12,9,22,,,,,,,,,,,,,,,,,,,,,,,,,,,,,,12,12,22,16,10,22,12,29,34,9,17,8,9,11,,7,7,26,19,23,25,32,29,31,27,13,17,16,35,16,19,10,20,31,11,32,6,20,17,20,27,35,13,24,15,19,11,13,27,15,10,12,8,13,15,19,14,22,19,24,19,17,11,14,16,17,16,16,15,15,12,12,13,13,17,16,14,15,10,9,17,10,11,11,5,11,19,9,15,9,27,13,15,34,18,17,24,14,14,12,31,15,12,13,18,10,29,11,17,10,6,,15,7,11,9,13,9,11,13,,7,8,12,9,16,9,8,6,9,18,10,15,6,9,7,5,7,17,,5,3,25,16,21,15,10,24,5,9,17,,15,,14,,22,6,2,3,3,3,10,3,12,9,13,12,9,19,11,32,14,37,18,23,9,6,10,13,,,,4,,
20260403,9,O3,40,63,67,55,53,73,34,81,70,34,75,56,60,50,81,125,93,63,42,122,62,112,115,87,62,56,108,107,76,67,47,79,47,80,123,64,86,105,114,78,122,80,77,74,61,73,59,25,113,132,89,54,47,40,57,49,43,56,50,53,77,56,10,69,27,19,52,91,80,44,86,55,100,48,47,41,84,74,104,76,103,80,63,71,84,84,110,136,80,141,100,92,108,103,141,120,26,78,44,55,62,80,65,58,28,80,76,75,65,76,83,86,55,68,35,109,123,122,75,65,44,42,56,65,63,49,64,68,74,57,81,26,40,60,31,70,24,3,51,25,53,5,23,41,30,42,9,19,53,87,35,26,22,45,58,100,80,83,60,47,,,,,,,,,,,,,,,,,,,,,,,,,,,,,,96,87,52,47,84,63,56,45,70,74,62,52,82,82,,74,82,88,119,115,43,92,71,36,49,55,60,44,76,86,73,59,81,72,64,53,57,28,45,69,50,62,56,43,92,52,64,48,34,84,74,72,83,48,73,46,30,41,48,28,30,39,40,67,82,75,72,92,89,58,66,77,37,62,52,44,80,72,55,31,83,12,28,36,67,19,34,33,36,31,2,61,58,36,31,36,19,4,53,47,18,21,38,34,22,30,9,18,16,15,38,,31,49,58,70,29,56,58,14,,17,60,60,72,34,55,61,96,66,30,66,18,51,36,48,79,39,31,,57,41,19,92,12,33,90,26,,77,102,,80,,54,,51,65,60,103,90,75,58,110,99,93,108,66,47,40,51,54,82,56,59,52,31,103,54,10,,,,88,,
20260403,9,O3_24h,40,63,67,55,53,73,34,81,70,34,75,56,60,50,81,125,93,63,42,122,62,112,115,87,62,56,108,107,76,67,47,79,47,80,123,64,86,105,114,78,122,80,77,74,61,73,59,25,113,132,89,54,47,40,57,49,43,56,50,53,77,56,10,69,27,19,52,91,80,44,86,55,100,48,47,41,84,74,104,76,103,80,63,71,84,84,110,136,80,141,100,92,108,103,141,120,26,78,44,55,62,80,65,58,28,80,76,75,65,76,83,86,55,68,35,109,123,122,75,65,44,42,56,65,63,49,64,68,74,57,81,26,40,60,31,70,24,3,51,25,53,5,23,41,30,42,9,19,53,87,35,26,22,45,58,100,80,83,60,47,,,,,,,,,,,,,,,,,,,,,,,,,,,,,,96,87,52,47,84,63,56,45,70,74,62,52,82,82,,74,82,88,119,115,43,92,71,36,49,55,60,44,76,86,73,59,81,72,64,53,57,28,45,69,50,62,56,43,92,52,64,48,34,84,74,72,83,48,73,46,30,41,48,28,30,39,40,67,82,75,72,92,89,58,66,77,37,62,52,44,80,72,55,31,83,12,28,36,67,19,34,33,36,31,2,61,58,36,31,36,19,4,53,47,18,21,38,34,22,30,9,18,16,15,38,,31,49,58,70,29,56,58,14,,17,60,60,72,34,55,61,96,66,30,66,18,51,36,48,79,39,31,,57,41,19,92,12,33,90,26,,77,102,,80,,54,,51,65,60,103,90,75,58,110,99,93,108,66,47,40,51,54,82,56,59,52,31,103,54,10,,,,88,,
20260403,9,O3_8h,41,69,79,40,30,66,32,109,62,22,73,67,62,68,80,75,81,61,37,131,93,101,97,93,82,70,89,86,77,61,59,102,76,78,135,60,103,88,105,111,122,105,70,90,65,80,85,45,120,123,84,61,47,50,83,59,45,64,50,71,88,52,18,65,27,21,55,90,90,50,97,79,105,49,48,54,88,101,102,83,78,79,84,77,84,85,82,132,112,125,106,88,113,88,130,91,26,99,44,53,62,95,76,55,36,84,89,72,71,70,100,91,53,47,44,111,53,110,77,50,57,23,42,88,82,60,48,58,54,67,65,42,64,66,30,75,29,13,51,40,43,8,39,52,37,41,19,26,62,90,35,26,47,38,76,116,86,103,73,75,,,,,,,,,,,,,,,,,,,,,,,,,,,,,,97,66,70,50,102,68,69,56,53,98,66,48,84,98,,77,101,71,115,72,47,46,34,21,33,77,61,36,38,81,62,41,72,57,51,48,46,76,70,84,44,29,48,77,73,63,87,65,26,86,95,76,98,67,86,54,50,43,47,25,30,56,52,76,80,78,73,65,80,60,74,79,58,61,41,66,83,68,75,38,93,16,30,40,67,26,38,49,49,33,,59,57,30,33,42,29,4,60,62,13,22,41,57,39,30,5,38,12,58,38,,35,61,57,60,37,61,62,34,,28,80,68,88,52,64,77,107,75,44,80,43,67,50,67,77,71,53,,62,58,12,92,3,54,100,29,97,96,86,,82,,50,,48,92,77,109,100,87,80,123,96,101,99,93,86,28,54,47,75,30,51,86,41,108,73,31,,,,89,,
20260403,9,O3_8h_24h,39,65,78,40,29,65,27,106,62,22,73,64,60,65,77,75,80,61,36,128,84,101,97,91,77,65,89,86,73,60,56,97,67,78,134,60,101,88,105,105,120,103,70,89,62,79,81,41,119,123,75,59,46,48,79,56,44,62,49,67,86,54,15,65,26,20,54,88,90,47,96,73,105,47,47,52,87,96,102,82,78,79,80,72,84,84,82,132,105,125,104,87,113,87,130,91,25,96,44,53,60,93,73,55,35,83,87,72,67,68,100,89,50,45,30,111,53,110,77,48,54,23,42,87,77,58,46,57,54,66,64,38,59,65,28,74,28,7,51,40,43,6,37,49,36,39,17,25,62,90,35,24,40,38,74,114,82,100,71,75,,,,,,,,,,,,,,,,,,,,,,,,,,,,,,96,66,68,44,97,67,63,54,53,94,65,46,81,95,,75,99,71,115,72,44,54,34,21,33,46,61,35,38,80,60,41,69,57,51,47,46,65,64,80,44,29,48,69,73,57,82,61,25,86,91,76,95,64,85,53,46,43,46,25,29,53,50,75,66,76,71,65,80,58,70,78,54,60,41,63,82,66,72,35,91,14,29,39,67,26,38,46,47,32,,59,56,30,33,38,29,3,58,59,13,21,39,52,36,29,5,32,12,21,38,,34,58,56,60,37,59,61,31,,25,76,68,86,49,63,72,105,70,41,77,37,64,46,63,77,66,50,,60,53,11,90,3,48,98,28,97,93,86,,82,,50,,48,86,74,108,99,84,76,120,96,99,99,90,78,27,53,47,75,30,49,50,41,107,69,24,,,,89,,
20260403,9,CO,1.05,0.82,0.74,0.79,0.65,0.63,0.70,0.53,0.75,0.82,0.57,0.38,1.00,1.07,0.26,0.79,0.72,1.45,0.87,0.56,0.61,0.66,0.60,0.86,0.62,0.70,0.61,0.49,0.74,0.93,0.98,0.66,0.90,0.58,0.61,0.53,0.49,0.67,0.63,0.70,0.75,0.40,0.40,0.40,0.82,0.50,0.45,0.72,0.67,0.70,0.45,0.59,0.57,0.65,0.54,0.47,0.53,0.30,0.37,0.63,0.53,0.50,0.71,0.40,0.57,0.64,0.57,0.50,0.30,0.60,0.53,0.60,0.22,0.36,0.42,0.52,0.30,0.24,0.78,1.13,0.63,0.82,0.57,0.77,0.74,0.70,0.78,0.65,0.94,0.55,0.78,0.85,0.63,0.92,0.50,0.87,0.83,0.65,0.70,0.70,0.80,0.55,0.60,0.63,0.60,0.60,0.67,0.50,0.47,0.50,0.36,0.63,1.20,0.88,1.48,0.88,0.76,0.88,0.76,1.88,0.60,1.00,0.43,0.58,0.57,0.66,0.58,0.40,0.62,0.80,0.43,0.50,0.45,0.60,0.65,0.85,0.60,1.15,0.70,0.86,0.55,0.75,0.78,0.82,0.70,0.53,0.63,0.40,0.63,0.65,0.73,0.70,0.65,0.54,0.45,0.30,0.63,0.42,0.60,0.30,,,,,,,,,,,,,,,,,,,,,,,,,,,,,,0.38,0.20,0.55,0.87,0.23,1.65,0.75,0.70,0.77,0.27,0.93,0.30,0.40,0.28,,0.30,0.50,0.73,0.70,0.60,1.43,0.55,0.90,1.35,0.95,0.60,0.30,0.60,0.90,0.30,0.43,0.33,0.40,0.65,0.40,0.50,0.25,0.68,0.52,0.45,0.42,0.55,0.45,0.75,0.40,0.60,0.43,0.37,0.88,0.27,0.60,0.53,0.45,1.10,0.55,0.63,0.90,0.68,0.65,0.82,0.95,0.75,0.93,0.65,0.53,0.52,0.45,0.38,0.46,0.53,0.53,0.23,0.85,0.57,0.66,0.67,0.48,0.60,0.43,0.80,0.73,0.55,0.92,1.05,0.80,0.60,0.67,0.50,1.05,0.50,0.95,0.50,0.57,0.77,0.70,0.90,0.73,1.00,0.70,0.70,0.90,0.80,0.47,0.65,0.80,0.72,0.45,0.50,0.60,0.50,0.30,,0.40,0.50,0.90,0.60,0.70,0.55,0.50,0.70,,0.75,0.50,0.40,0.45,0.95,0.80,0.60,0.50,0.70,1.00,0.55,0.80,0.30,0.80,0.45,0.35,0.45,1.80,,0.35,0.60,0.70,0.20,0.50,0.50,0.25,0.50,0.30,0.35,0.25,,0.30,,0.65,,0.50,0.60,0.40,0.40,0.30,0.60,0.50,0.30,0.20,0.25,0.20,0.60,0.20,0.30,0.25,0.45,0.20,0.75,0.50,0.60,0.60,0.30,0.60,0.70,,,,0.55,,
20260403,9,CO_24h,0.69,0.87,0.68,0.89,0.75,0.57,0.60,0.43,0.55,0.82,0.55,0.38,0.70,0.73,0.36,0.85,0.53,0.99,1.03,0.57,0.65,0.68,0.63,0.70,0.54,0.72,0.73,0.61,0.68,0.98,0.80,0.72,0.70,0.63,0.46,0.37,0.45,0.70,0.55,0.47,0.55,0.47,0.50,0.40,0.66,0.38,0.40,0.77,0.55,0.87,0.49,0.64,0.62,0.65,0.56,0.50,0.53,0.35,0.40,0.63,0.57,0.67,0.71,0.45,0.56,0.53,0.53,0.46,0.28,0.62,0.53,0.60,0.34,0.34,0.43,0.57,0.54,0.28,0.66,0.70,0.43,0.57,0.50,0.53,0.68,0.63,0.58,0.53,0.68,0.53,0.47,0.70,0.45,0.90,0.60,0.75,0.77,0.57,0.67,0.70,0.75,0.55,0.60,0.63,0.65,0.40,0.60,0.55,0.47,0.50,0.43,0.68,0.85,0.88,0.60,0.98,1.03,1.10,0.54,1.35,0.52,0.93,0.42,0.58,0.60,0.66,0.69,0.45,0.63,0.83,0.45,0.50,0.43,0.53,0.60,0.90,0.50,0.87,0.68,0.84,0.50,0.53,0.73,0.85,0.70,0.47,0.53,0.30,0.63,0.47,0.73,0.65,0.50,0.56,0.55,0.40,0.67,0.70,0.42,0.40,,,,,,,,,,,,,,,,,,,,,,,,,,,,,,0.40,0.40,0.55,0.70,0.20,0.75,0.60,0.60,0.57,0.30,0.67,0.20,0.40,0.33,,0.20,0.50,0.60,0.77,0.60,0.77,0.53,0.90,0.80,0.85,0.45,0.45,0.40,1.07,0.57,0.53,0.42,0.55,0.80,0.40,0.75,0.20,0.57,0.48,0.50,0.50,0.65,0.45,0.65,0.60,0.47,0.35,0.27,0.90,0.27,0.53,0.57,0.45,0.85,0.45,0.67,0.90,0.68,0.55,0.70,0.95,0.80,0.85,0.65,0.60,0.52,0.45,0.45,0.52,0.57,0.47,0.33,0.78,0.67,0.76,0.70,0.48,0.60,0.37,0.70,0.87,0.55,0.87,0.90,0.90,0.55,0.67,0.35,0.65,0.45,0.55,0.70,0.72,0.87,0.70,0.85,0.80,0.90,0.80,0.80,0.67,0.65,0.40,0.50,0.65,0.60,0.35,0.40,0.60,0.50,0.30,,0.30,0.40,0.47,0.67,0.60,0.55,0.45,0.65,,0.75,0.30,0.30,0.45,0.75,0.55,0.40,0.40,0.50,0.90,0.40,0.65,0.20,0.60,0.35,0.30,0.30,0.90,,0.35,0.50,0.73,0.33,0.60,0.50,0.30,0.40,0.20,0.25,0.40,,0.30,,0.60,,0.40,0.50,0.40,0.30,0.30,0.30,0.30,0.30,0.37,0.30,0.30,0.60,0.10,0.25,0.30,0.55,0.20,0.70,0.65,0.65,0.40,0.30,0.55,0.45,,,,0.60,,
20260403,10,AQI,156,96,118,85,109,38,169,92,84,138,69,54,60,94,57,80,74,283,135,53,47,54,55,123,81,47,34,35,32,46,100,65,140,44,38,56,51,49,55,61,47,32,26,30,58,24,19,13,66,68,38,39,18,46,44,40,46,40,46,49,42,36,63,30,35,53,41,33,25,58,83,56,335,53,20,14,130,281,83,85,91,113,20,148,73,62,81,66,111,77,105,80,86,103,67,88,34,35,37,39,20,39,30,34,46,35,41,49,40,6,165,47,76,75,131,58,74,64,119,346,96,156,90,38,39,25,45,48,48,73,39,47,24,31,42,23,19,58,46,46,31,57,39,42,19,28,73,30,36,51,57,83,77,67,69,59,83,500,56,69,,,,,,,,,,,,,,,,,,,,,,,,,,,,,,35,30,37,64,500,84,55,118,113,66,189,23,46,106,,301,500,123,76,80,179,90,91,79,69,169,53,69,173,28,66,22,54,126,26,98,23,60,44,48,34,34,20,78,29,59,44,56,24,24,20,22,24,20,31,23,14,15,23,33,24,14,21,27,43,55,36,32,33,50,49,27,47,26,36,36,32,30,32,42,26,35,10,20,26,35,11,14,16,15,58,42,41,52,41,74,54,86,45,53,47,33,25,74,83,24,73,21,26,29,17,,30,25,23,40,15,33,47,20,,21,56,41,25,79,64,50,44,74,91,33,85,19,34,17,52,46,125,,22,15,38,500,41,28,153,36,121,173,145,,254,,55,,131,71,61,57,65,63,30,124,500,500,133,85,55,50,60,83,84,105,164,53,75,33,38,63,,,,30,,
20260403,10,PM2.5,119,72,89,63,82,11,128,18,62,105,50,28,27,67,12,59,54,233,103,37,26,38,39,93,60,25,20,12,15,27,75,47,107,28,21,40,36,32,39,44,33,18,14,20,41,16,13,8,43,49,12,27,3,30,27,28,32,28,27,29,21,24,45,21,18,37,29,15,4,23,41,34,95,15,3,4,13,32,61,63,68,85,14,113,37,39,60,44,84,48,79,59,64,77,42,65,24,24,26,23,14,19,21,23,32,18,29,23,23,,41,32,56,44,100,37,54,31,90,296,72,119,67,17,17,16,15,16,16,53,15,22,17,18,22,14,13,38,19,32,18,31,27,25,11,16,53,17,25,15,30,36,35,19,17,42,15,105,8,14,,,,,,,,,,,,,,,,,,,,,,,,,,,,,,17,3,26,31,115,52,38,54,85,10,142,6,12,20,,45,181,93,42,59,135,67,68,57,38,128,37,50,131,9,48,11,38,96,8,73,3,43,30,20,14,17,13,57,8,42,31,38,17,13,10,12,9,14,22,11,5,9,16,23,3,10,5,19,12,26,6,12,15,20,34,12,29,5,25,23,20,17,22,29,11,19,4,14,18,18,7,7,8,9,37,22,25,35,27,54,38,64,24,31,28,18,17,54,61,17,53,15,18,16,12,,5,14,14,28,8,23,33,14,,11,40,25,6,54,46,26,31,54,68,23,63,11,21,11,10,11,95,,5,3,21,212,29,15,49,20,92,52,58,,59,,22,,68,34,29,29,28,37,9,40,147,216,37,44,10,11,14,33,43,41,42,12,15,3,10,31,,,,16,,
20260403,10,PM2.5_24h,74,71,85,65,55,46,92,32,39,87,72,47,64,38,42,50,52,187,142,40,37,33,45,60,48,50,29,34,44,65,65,59,79,32,26,31,25,34,24,32,29,18,23,14,24,13,14,29,33,61,26,25,20,23,18,19,26,20,21,21,17,35,41,24,21,30,27,19,6,40,47,24,51,20,18,18,77,57,44,51,45,52,12,63,51,44,50,36,55,50,46,42,44,73,47,59,19,16,24,22,18,18,23,24,30,20,19,25,23,44,31,31,44,58,25,53,61,43,55,184,52,131,64,29,37,22,57,45,33,48,24,49,15,16,18,17,16,35,23,50,22,21,29,14,18,12,25,15,26,15,52,40,27,33,40,64,30,81,10,25,,,,,,,,,,,,,,,,,,,,,,,,,,,,,,24,26,26,39,33,39,30,46,22,90,70,9,105,25,,11,71,55,48,52,48,62,71,41,37,77,49,46,148,73,82,41,89,131,12,118,7,36,28,34,25,27,21,45,27,44,17,36,28,22,9,12,10,17,17,24,16,25,23,20,14,21,14,15,44,30,29,26,27,24,47,23,24,27,30,24,18,24,25,20,26,18,18,27,23,20,33,11,17,10,31,35,33,43,30,48,33,56,44,50,20,9,14,25,29,17,17,21,15,16,7,,5,10,24,30,12,19,23,24,,22,29,21,7,52,39,20,39,42,75,21,44,10,9,6,6,3,27,,4,5,26,46,25,17,51,18,76,73,39,,25,,19,,29,25,22,19,25,16,4,24,67,75,30,50,13,22,18,42,35,48,35,21,12,3,13,23,,,,24,,
20260403,10,PM10,187,117,160,101,109,38,201,133,95,143,76,58,70,137,63,104,75,300,134,49,47,52,52,116,90,47,34,31,22,46,95,59,131,44,28,39,47,49,53,57,45,32,20,30,65,24,19,13,82,76,38,38,11,46,44,40,42,36,46,49,42,36,60,29,35,51,35,33,14,65,116,61,448,56,10,7,210,407,110,114,98,95,18,140,95,74,98,81,128,103,125,79,89,111,84,97,31,35,37,39,20,39,30,34,44,35,40,49,40,,279,47,96,100,116,66,82,78,95,240,102,167,85,38,39,25,45,48,48,77,39,47,23,31,42,23,,66,46,46,31,64,34,42,19,28,70,30,36,52,64,116,104,84,87,,115,709,61,88,,,,,,,,,,,,,,,,,,,,,,,,,,,,,,35,27,37,77,618,117,60,185,169,82,226,23,46,162,,421,926,110,101,99,,103,89,108,87,176,47,82,195,28,78,22,55,156,26,94,23,60,44,48,34,34,20,91,25,61,35,61,24,22,18,,15,18,,23,10,15,22,32,24,13,21,26,43,60,36,23,28,50,46,22,47,26,35,36,32,30,32,42,24,35,9,15,26,35,11,14,16,15,66,42,41,53,41,62,47,96,45,56,47,33,25,54,56,22,72,19,24,29,14,,30,25,22,24,15,24,41,17,,21,54,41,16,107,74,50,42,69,84,32,79,19,34,16,54,46,122,,22,13,38,1108,39,28,256,36,,296,240,,388,,59,,212,91,72,63,79,76,30,197,813,890,215,120,59,50,69,115,118,159,278,56,99,8,38,76,,,,30,,
20260403,10,PM10_24h,152,133,154,123,110,67,171,80,90,145,110,87,98,82,128,89,87,236,226,57,59,51,70,85,72,76,57,60,58,91,90,72,94,56,41,45,40,52,41,53,43,34,35,27,53,22,24,37,64,80,45,38,27,42,39,40,43,34,44,40,34,52,51,34,36,39,44,31,18,73,138,50,201,56,22,24,295,283,85,97,55,73,18,86,83,77,76,62,90,78,77,67,69,107,64,78,29,25,31,35,25,29,33,35,45,27,30,38,38,74,99,49,78,118,54,92,105,84,75,239,72,168,90,47,58,34,81,67,52,74,46,70,24,23,30,22,14,48,41,58,29,38,38,31,29,29,39,22,40,33,82,67,53,60,68,340,150,354,42,80,,,,,,,,,,,,,,,,,,,,,,,,,,,,,,48,44,41,72,108,81,53,83,75,369,143,22,381,84,,82,283,89,80,85,81,94,94,69,74,118,83,58,242,92,105,58,131,180,31,149,19,62,52,66,52,43,34,62,54,68,26,59,45,37,20,15,17,20,24,32,21,38,32,28,31,28,28,33,67,60,53,40,38,45,60,42,44,41,52,45,29,54,39,32,46,30,25,24,30,26,46,16,21,16,47,49,51,64,46,59,42,71,60,70,39,19,26,30,48,20,35,30,25,21,24,,10,28,37,38,20,32,30,37,,31,46,37,13,91,49,31,50,54,94,27,62,17,17,10,33,15,40,,12,10,42,149,46,32,182,37,307,307,121,,79,,48,,85,56,58,43,71,44,15,128,230,278,118,173,54,46,79,119,97,157,164,65,50,15,44,56,,,,39,,
20260403,10,SO2,9,10,5,15,10,7,7,3,6,6,10,6,12,10,6,10,8,14,14,6,6,5,4,11,11,8,5,6,5,11,10,8,9,6,4,5,7,5,5,6,6,3,3,5,7,4,2,7,10,8,6,6,4,5,5,4,7,3,6,4,5,13,5,7,10,5,6,4,4,6,13,7,5,6,3,5,5,5,15,10,8,11,3,25,13,9,20,13,16,7,10,8,12,10,6,16,7,6,6,4,10,6,6,5,5,6,6,6,5,6,5,10,16,11,39,8,11,10,8,15,7,16,8,7,7,6,11,5,9,19,6,16,6,8,8,7,9,8,7,6,4,7,8,11,5,6,4,6,8,8,6,3,4,6,7,8,11,7,5,7,,,,,,,,,,,,,,,,,,,,,,,,,,,,,,5,1,3,6,4,32,17,8,9,10,11,5,9,4,,6,8,11,7,10,9,6,11,18,11,2,6,17,13,8,7,6,6,10,6,7,7,8,10,9,7,5,4,10,6,9,5,7,3,5,3,4,3,5,4,5,5,4,11,4,6,8,8,10,10,12,4,5,5,7,5,3,7,6,10,6,6,4,4,7,3,6,5,7,5,5,4,4,4,4,9,7,4,9,12,11,7,5,6,9,26,7,6,6,10,7,4,6,9,4,6,,6,11,9,10,4,10,20,3,,5,6,8,8,7,6,6,17,6,10,6,6,6,7,7,11,9,21,,10,6,6,2,4,8,4,13,7,6,7,,3,,8,,3,6,9,10,10,21,16,16,4,7,4,5,8,7,4,5,26,5,2,6,9,5,9,9,,,,6,,
20260403,10,SO2_24h,6,11,4,12,14,7,7,5,5,7,9,8,9,12,12,12,8,11,13,7,6,7,6,9,10,9,6,7,6,13,9,8,8,7,5,5,7,6,6,6,7,3,3,4,7,4,2,8,7,7,6,7,4,5,5,4,6,4,6,4,5,10,4,6,8,5,5,4,4,7,11,11,7,7,3,5,12,6,13,9,7,11,3,21,11,7,13,11,11,7,7,6,9,10,6,13,8,6,5,4,9,6,7,5,6,6,7,6,5,6,11,10,11,11,25,13,13,13,9,13,6,9,7,7,10,6,12,5,8,11,6,13,6,6,6,7,9,7,7,5,4,7,7,10,6,6,3,5,10,6,7,5,3,7,9,14,14,15,6,10,,,,,,,,,,,,,,,,,,,,,,,,,,,,,,6,2,5,6,5,14,9,10,8,13,9,5,10,6,,6,9,16,11,11,13,8,9,12,10,2,7,8,13,11,7,6,6,11,6,8,7,7,9,9,8,7,4,9,7,9,5,7,5,5,3,5,3,5,5,5,5,4,14,4,7,7,8,8,9,9,4,6,6,6,4,4,8,7,10,8,4,5,6,6,5,7,6,7,4,7,5,4,4,4,10,7,5,11,14,14,6,6,6,8,6,6,7,5,8,7,4,6,8,6,5,,6,7,6,10,4,10,8,4,,5,6,6,8,7,6,5,6,5,10,6,5,6,6,6,9,7,8,,7,6,6,17,6,8,12,10,10,6,9,,4,,8,,4,10,6,10,11,15,6,15,7,9,5,5,8,6,3,5,18,4,2,6,7,5,12,9,,,,7,,
20260403,10,NO2,48,26,26,27,42,16,39,8,25,35,20,19,18,18,4,16,20,47,42,18,23,23,25,28,36,33,17,12,17,22,32,21,39,26,16,39,27,16,18,30,19,28,12,16,27,20,32,24,15,14,12,17,9,21,15,4,16,5,10,23,11,9,29,6,17,26,13,9,14,21,18,16,8,28,10,17,6,7,20,16,16,26,24,30,14,12,24,18,33,19,25,17,20,30,13,25,28,18,17,10,15,13,11,4,26,16,22,7,14,12,8,12,20,17,53,12,16,12,29,55,22,43,18,19,14,33,15,11,19,25,10,26,20,21,22,12,17,33,8,15,7,28,20,27,11,8,33,13,11,8,23,18,17,15,17,3,13,3,30,39,,,,,,,,,,,,,,,,,,,,,,,,,,,,,,9,7,24,24,6,18,14,20,13,4,29,11,5,4,,7,5,22,10,11,28,17,19,37,33,22,19,35,26,8,13,9,13,18,8,27,5,42,24,19,24,15,11,40,12,20,19,20,27,15,19,13,14,16,26,24,16,23,18,16,19,18,12,22,9,16,15,9,9,14,11,9,17,9,9,23,12,12,10,9,14,14,14,10,2,10,21,18,19,13,31,9,7,16,12,17,30,18,6,10,32,19,13,26,25,11,27,11,11,12,6,,22,19,13,9,18,10,15,14,,7,13,15,11,30,20,14,7,18,19,9,33,16,20,12,4,21,44,,13,8,18,6,12,18,7,27,5,18,11,,10,,9,,16,6,2,7,2,3,17,8,4,4,3,22,44,33,18,32,21,50,19,19,17,4,26,33,,,,3,,
20260403,10,NO2_24h,39,45,23,34,45,13,42,17,26,50,30,22,17,28,18,28,27,36,40,21,18,23,25,25,22,35,25,21,27,27,28,16,25,24,16,30,18,20,19,21,25,19,21,12,24,15,15,23,14,14,15,16,16,25,11,9,23,8,11,19,10,31,22,6,18,21,12,10,8,27,22,10,14,24,17,16,20,10,23,18,17,23,12,26,18,14,29,17,21,24,19,15,15,35,15,26,21,12,10,8,12,10,14,5,34,11,15,10,12,16,15,11,18,32,28,22,32,23,26,39,16,41,26,20,20,30,25,15,22,17,14,20,20,18,21,8,14,30,7,24,6,20,16,14,15,8,19,12,11,8,28,25,16,24,24,3,10,10,9,23,,,,,,,,,,,,,,,,,,,,,,,,,,,,,,11,11,22,16,9,22,12,29,33,7,18,8,8,10,,7,7,26,18,22,25,32,29,31,27,13,18,17,35,15,20,10,20,30,11,32,6,22,18,20,27,34,12,24,14,19,11,13,28,15,10,12,8,13,15,19,13,21,19,24,19,16,11,14,16,17,16,15,14,15,13,12,13,13,16,16,13,14,10,9,17,10,11,11,5,11,19,9,15,9,27,12,14,34,17,17,24,14,13,12,30,15,12,13,18,10,29,11,17,10,6,,15,7,12,9,13,9,11,12,,7,7,12,9,17,10,8,6,9,18,10,16,6,10,7,4,7,18,,5,3,24,14,20,15,9,24,4,8,17,,15,,13,,21,6,2,2,3,2,10,3,11,8,12,12,10,19,11,32,14,37,17,22,9,5,11,14,,,,4,,
20260403,10,O3,54,63,75,71,45,78,59,81,90,39,78,64,75,82,82,129,110,67,44,120,68,109,109,82,66,74,109,111,102,87,59,87,60,79,122,58,79,107,116,74,119,74,83,86,66,69,54,28,118,131,104,58,59,38,51,52,44,58,53,43,82,53,29,76,36,29,74,98,79,55,87,67,97,51,64,45,86,81,111,103,105,82,58,73,95,95,126,139,84,154,129,99,116,117,150,142,27,75,58,56,62,89,63,63,27,82,71,78,96,,78,94,71,89,53,115,135,121,75,87,59,63,62,70,83,44,75,88,93,65,87,51,47,64,35,74,33,10,57,44,66,7,49,57,51,55,16,33,65,101,40,67,59,66,71,104,88,80,52,52,,,,,,,,,,,,,,,,,,,,,,,,,,,,,,99,97,54,62,76,79,79,78,87,78,61,58,88,79,,76,79,76,123,127,85,117,109,88,73,63,57,56,93,88,83,63,86,101,70,64,69,61,59,88,54,62,61,50,92,82,65,53,48,77,64,69,78,49,65,42,44,40,45,62,33,41,39,53,98,79,87,103,106,65,87,85,40,73,83,45,88,85,52,41,82,22,30,42,70,17,31,38,38,37,7,63,67,47,38,50,16,12,64,65,24,37,56,30,42,51,21,21,27,28,55,,48,54,73,76,29,69,70,25,,37,85,,79,67,62,75,117,92,39,84,23,45,55,55,86,51,45,,53,47,25,86,21,48,98,35,69,73,112,,76,,71,,74,90,81,106,104,93,76,111,92,98,104,75,52,37,41,48,67,42,59,59,32,106,45,15,,,,87,,
20260403,10,O3_24h,54,63,75,71,45,78,59,81,90,39,78,64,75,82,82,129,110,67,44,120,68,109,109,82,66,74,109,111,102,87,59,87,60,79,122,58,79,107,116,74,119,74,83,86,66,69,54,28,118,131,104,58,59,38,51,52,44,58,53,43,82,53,29,76,36,29,74,98,79,55,87,67,97,51,64,45,86,81,111,103,105,82,58,73,95,95,126,139,84,154,129,99,116,117,150,142,27,75,58,56,62,89,63,63,27,82,71,78,96,,78,94,71,89,53,115,135,121,75,87,59,63,62,70,83,44,75,88,93,65,87,51,47,64,35,74,33,10,57,44,66,7,49,57,51,55,16,33,65,101,40,67,59,66,71,104,88,80,52,52,,,,,,,,,,,,,,,,,,,,,,,,,,,,,,99,97,54,62,76,79,79,78,87,78,61,58,88,79,,76,79,76,123,127,85,117,109,88,73,63,57,56,93,88,83,63,86,101,70,64,69,61,59,88,54,62,61,50,92,82,65,53,48,77,64,69,78,49,65,42,44,40,45,62,33,41,39,53,98,79,87,103,106,65,87,85,40,73,83,45,88,85,52,41,82,22,30,42,70,17,31,38,38,37,7,63,67,47,38,50,16,12,64,65,24,37,56,30,42,51,21,21,27,28,55,,48,54,73,76,29,69,70,25,,37,85,,79,67,62,75,117,92,39,84,23,45,55,55,86,51,45,,53,47,25,86,21,48,98,35,69,73,112,,76,,71,,74,90,81,106,104,93,76,111,92,98,104,75,52,37,41,48,67,42,59,59,32,106,45,15,,,,87,,
20260403,10,O3_8h,42,69,79,45,32,68,32,109,67,26,75,67,62,71,80,87,85,63,38,129,93,103,100,100,82,70,93,89,78,62,59,102,76,80,135,61,103,93,107,111,122,105,74,90,66,81,85,45,121,124,78,61,48,50,83,59,45,64,50,71,88,53,19,67,28,22,59,90,90,51,97,79,105,51,49,54,88,101,105,87,83,79,84,77,86,85,88,135,112,128,107,88,114,90,132,100,27,99,46,54,62,95,76,56,36,84,89,74,71,70,100,91,53,51,35,114,67,114,78,53,57,28,44,88,82,60,48,60,57,67,67,42,64,66,30,75,29,13,52,43,46,8,39,52,38,41,19,26,62,91,36,30,47,42,76,116,86,103,73,75,,,,,,,,,,,,,,,,,,,,,,,,,,,,,,97,72,70,50,102,68,69,56,61,98,66,48,84,98,,77,101,75,118,82,48,56,46,30,38,77,61,37,48,81,62,42,72,62,52,50,48,76,70,84,45,33,50,77,77,63,87,65,28,86,95,76,98,67,86,54,50,43,47,29,30,56,52,76,83,78,73,69,83,60,74,79,58,62,46,66,83,68,75,38,93,16,30,41,67,26,39,49,49,33,2,59,57,33,34,42,30,4,60,62,14,23,41,57,39,31,7,38,14,58,42,,36,61,58,62,38,61,64,34,,28,80,68,88,52,64,77,107,75,44,80,43,67,50,67,78,71,53,,62,58,13,92,5,54,100,29,97,96,93,,83,,52,,51,92,77,109,100,87,80,123,98,101,100,93,86,30,54,50,76,35,52,50,41,108,73,31,,,,89,,
20260403,10,O3_8h_24h,40,63,78,45,30,67,28,102,67,26,75,62,61,68,77,89,85,62,37,128,77,103,100,89,74,62,93,88,72,62,54,93,62,80,133,60,97,93,107,100,120,100,74,88,62,78,76,38,120,124,77,58,47,46,74,53,44,61,50,64,85,55,15,67,27,20,59,90,88,46,94,69,104,49,48,50,87,92,105,86,83,79,76,69,86,84,88,135,100,128,107,87,114,90,132,100,25,92,46,54,58,92,70,56,34,84,85,74,68,66,96,88,51,49,34,114,67,114,77,51,53,28,44,83,76,55,47,60,57,65,67,37,55,66,29,73,29,7,52,42,46,5,37,48,37,40,16,25,61,91,35,30,39,41,72,112,79,97,69,72,,,,,,,,,,,,,,,,,,,,,,,,,,,,,,96,72,64,42,93,68,60,53,61,91,63,46,79,92,,72,96,75,118,82,47,56,46,30,38,47,61,37,48,80,61,42,68,62,52,50,48,59,60,79,44,33,50,62,77,58,79,58,28,85,85,75,92,61,82,51,44,42,45,28,28,51,47,73,70,74,72,69,83,58,71,79,52,62,46,60,83,68,69,34,88,14,29,41,67,26,39,44,46,32,2,59,57,33,34,37,29,4,58,58,14,22,40,48,35,31,7,28,14,21,42,,35,56,58,62,37,59,62,29,,25,76,67,85,50,62,68,105,71,38,76,32,60,45,60,78,61,48,,59,52,13,87,5,45,97,28,92,91,93,,81,,52,,51,84,73,108,99,84,75,117,98,100,100,87,73,30,51,50,76,35,49,50,39,107,65,18,,,,89,,
20260403,10,CO,1.04,0.78,0.72,0.71,0.70,0.60,0.79,0.20,0.75,0.70,0.53,0.30,0.97,0.68,0.26,0.82,0.63,1.43,0.89,0.56,0.60,0.74,0.62,0.85,0.62,0.66,0.69,0.47,0.66,0.80,0.90,0.64,0.85,0.61,0.60,0.57,0.54,0.70,0.68,0.60,0.70,0.40,0.40,0.45,0.80,0.50,0.45,0.68,0.62,0.64,0.40,0.59,0.54,0.64,0.54,0.47,0.53,0.40,0.30,0.63,0.53,0.50,0.71,0.38,0.56,0.61,0.53,0.45,0.32,0.53,0.57,0.65,0.22,0.40,0.35,0.52,0.29,0.24,0.82,0.72,0.63,0.88,0.63,0.77,0.66,0.63,0.78,0.62,0.92,0.53,0.68,0.80,0.57,0.92,0.50,0.88,0.97,0.65,0.67,0.70,0.80,0.55,0.60,0.57,0.60,0.50,0.70,0.50,0.37,0.40,0.39,0.60,1.17,0.76,1.36,0.96,0.80,0.86,0.84,1.68,0.54,0.90,0.40,0.52,0.53,0.66,0.51,0.25,0.55,0.80,0.40,0.45,0.45,0.57,0.68,0.82,0.55,1.00,0.73,0.73,0.55,0.83,0.72,1.05,0.70,0.47,0.67,0.30,0.60,0.57,0.70,0.50,0.45,0.42,0.45,0.30,0.60,0.40,0.66,0.35,,,,,,,,,,,,,,,,,,,,,,,,,,,,,,0.38,0.30,0.55,0.87,0.20,0.95,0.63,0.50,0.57,0.27,1.03,0.30,0.35,0.25,,0.30,0.50,0.80,0.77,0.60,1.13,0.50,0.70,1.50,1.00,0.40,0.30,0.60,0.83,0.30,0.43,0.33,0.40,0.55,0.35,0.50,0.20,0.58,0.48,0.40,0.42,0.53,0.45,0.85,0.36,0.43,0.43,0.33,0.72,0.27,0.63,0.50,0.50,0.95,0.60,0.67,0.80,0.57,0.75,0.72,0.80,0.75,0.95,0.65,0.45,0.50,0.35,0.35,0.48,0.60,0.47,0.23,0.83,0.57,0.64,0.67,0.43,0.60,0.43,0.70,0.73,0.55,0.97,1.05,0.80,0.75,0.67,0.50,0.95,0.55,0.75,0.50,0.43,0.73,0.63,0.95,0.80,1.00,0.65,0.60,1.07,0.70,0.40,0.67,0.75,0.65,0.45,0.50,0.60,0.40,0.30,,0.40,0.70,0.60,0.60,0.70,0.55,0.55,0.65,,0.75,0.45,0.40,0.45,0.90,0.75,0.60,0.30,0.65,0.95,0.45,0.90,0.30,0.80,0.50,0.25,0.45,1.70,,0.45,0.60,0.73,0.17,0.60,0.50,0.20,0.50,0.20,0.25,0.20,,0.20,,0.60,,0.45,0.50,0.40,0.40,0.20,0.40,0.40,0.40,0.20,0.25,0.20,0.60,0.25,0.45,0.30,0.50,0.25,0.75,0.65,0.60,0.40,0.30,0.70,0.75,,,,0.50,,
20260403,10,CO_24h,0.71,0.87,0.68,0.87,0.80,0.55,0.60,0.43,0.55,0.85,0.55,0.38,0.73,0.72,0.36,0.83,0.56,1.01,1.03,0.56,0.65,0.66,0.65,0.70,0.54,0.70,0.71,0.59,0.68,0.98,0.80,0.72,0.70,0.62,0.49,0.40,0.45,0.70,0.57,0.47,0.55,0.40,0.50,0.40,0.67,0.38,0.40,0.75,0.54,0.84,0.49,0.64,0.59,0.65,0.56,0.50,0.53,0.35,0.40,0.63,0.55,0.63,0.71,0.45,0.55,0.53,0.50,0.46,0.28,0.60,0.50,0.55,0.30,0.33,0.43,0.57,0.53,0.28,0.66,0.70,0.43,0.57,0.50,0.53,0.68,0.63,0.60,0.57,0.68,0.55,0.47,0.70,0.45,0.88,0.60,0.73,0.80,0.57,0.67,0.70,0.75,0.55,0.60,0.63,0.65,0.40,0.60,0.55,0.43,0.50,0.41,0.63,0.88,0.86,0.62,0.96,1.02,1.06,0.56,1.35,0.52,0.93,0.42,0.58,0.60,0.66,0.69,0.40,0.63,0.83,0.42,0.50,0.43,0.53,0.60,0.90,0.50,0.93,0.65,0.84,0.50,0.53,0.73,0.85,0.70,0.47,0.53,0.30,0.63,0.50,0.73,0.65,0.50,0.56,0.55,0.40,0.67,0.60,0.40,0.40,,,,,,,,,,,,,,,,,,,,,,,,,,,,,,0.40,0.40,0.55,0.70,0.20,0.75,0.60,0.57,0.57,0.30,0.70,0.20,0.40,0.33,,0.20,0.50,0.60,0.77,0.60,0.83,0.53,0.90,0.85,0.85,0.45,0.45,0.40,1.07,0.53,0.53,0.42,0.55,0.77,0.40,0.75,0.20,0.57,0.48,0.50,0.50,0.63,0.45,0.65,0.58,0.47,0.35,0.27,0.90,0.27,0.53,0.57,0.45,0.80,0.45,0.67,0.90,0.63,0.60,0.70,0.95,0.80,0.85,0.65,0.58,0.52,0.45,0.45,0.52,0.57,0.47,0.33,0.78,0.67,0.76,0.73,0.48,0.60,0.37,0.70,0.83,0.55,0.87,0.90,0.90,0.55,0.67,0.35,0.70,0.45,0.55,0.70,0.72,0.87,0.70,0.85,0.77,0.90,0.75,0.80,0.70,0.65,0.40,0.50,0.65,0.60,0.35,0.40,0.60,0.50,0.30,,0.30,0.40,0.47,0.63,0.60,0.55,0.45,0.65,,0.75,0.30,0.30,0.45,0.75,0.55,0.40,0.40,0.50,0.90,0.40,0.65,0.20,0.60,0.35,0.30,0.30,0.90,,0.35,0.50,0.70,0.30,0.60,0.50,0.30,0.40,0.20,0.25,0.40,,0.30,,0.60,,0.45,0.50,0.40,0.30,0.30,0.30,0.30,0.30,0.37,0.30,0.30,0.60,0.10,0.25,0.25,0.55,0.20,0.70,0.65,0.60,0.40,0.30,0.55,0.45,,,,0.55,,
20260403,11,AQI,163,91,95,86,104,30,156,140,81,144,59,56,57,103,43,78,73,246,118,43,41,34,39,121,56,44,36,36,34,40,78,63,130,46,38,54,50,46,42,59,37,39,24,30,63,27,21,12,59,58,36,34,20,48,44,40,44,40,45,48,43,36,53,31,31,59,35,33,27,65,83,59,433,54,20,17,89,172,79,78,94,120,23,149,68,56,76,67,99,87,96,63,71,106,82,84,40,36,39,43,23,40,40,36,50,34,47,49,37,35,110,48,74,108,125,56,75,62,123,217,98,174,63,28,27,19,36,54,42,78,33,47,18,30,42,23,29,52,43,46,26,55,34,39,18,29,69,35,34,33,63,179,140,82,111,165,77,389,50,70,,,,,,,,,,,,,,,,,,,,,,,,,,,,,,36,37,40,58,306,213,59,128,264,77,254,21,42,96,,220,500,118,69,101,131,95,81,68,68,140,49,71,179,42,64,24,54,130,23,94,24,65,42,34,37,28,19,64,29,47,44,50,20,25,24,20,25,23,36,15,17,16,16,36,18,13,20,26,42,55,59,33,36,49,44,32,49,27,29,37,29,34,31,52,28,39,10,20,27,28,13,14,19,19,60,50,44,50,43,80,56,90,46,46,50,28,24,69,71,21,69,21,23,19,24,,24,26,28,29,16,26,58,27,,27,61,40,26,77,75,46,47,53,94,34,79,18,27,21,29,30,72,,21,37,45,500,46,42,121,35,193,54,123,,283,,66,,126,59,58,58,58,58,28,84,500,500,116,76,32,52,62,85,96,115,150,36,54,33,47,71,,,,34,,
20260403,11,PM2.5,124,68,70,64,78,7,119,26,60,110,37,23,29,45,7,49,53,196,89,30,23,23,27,92,37,22,25,16,14,22,57,45,99,30,6,38,35,32,28,42,24,23,14,15,45,19,14,4,33,41,14,23,6,32,28,28,31,28,27,30,21,24,37,20,19,42,21,13,4,22,35,31,104,13,3,3,8,24,58,57,70,91,16,114,30,26,55,40,74,34,72,45,52,80,38,62,28,24,27,23,15,17,25,22,35,20,33,22,21,9,11,29,50,60,95,36,48,33,93,167,73,132,45,15,16,13,9,7,17,57,15,19,11,21,23,16,9,28,22,31,17,35,24,22,8,12,50,19,22,10,25,31,43,24,23,42,17,61,6,13,,,,,,,,,,,,,,,,,,,,,,,,,,,,,,18,3,28,20,22,47,36,46,102,16,204,6,11,16,,35,129,89,36,53,100,71,60,49,49,107,34,48,135,15,43,8,38,99,8,70,3,47,29,8,18,17,13,43,13,27,31,22,14,14,17,13,10,16,25,8,8,9,11,23,3,6,3,18,17,28,5,16,12,21,31,10,24,3,15,21,12,3,22,32,6,12,4,14,19,12,4,6,8,13,43,20,25,35,30,59,40,67,26,30,26,14,13,50,52,14,50,15,16,12,11,,3,12,11,20,8,18,41,17,,19,44,27,6,48,55,25,33,35,70,24,58,7,15,5,3,3,22,,3,3,19,95,32,18,37,18,88,38,44,,54,,23,,57,30,29,26,26,29,6,29,143,182,28,20,8,12,11,30,50,42,31,6,3,3,13,30,,,,16,,
20260403,11,PM2.5_24h,78,73,86,67,58,43,95,32,41,91,72,46,63,38,40,49,53,191,141,39,36,31,44,61,48,49,28,33,42,64,65,58,80,32,25,32,25,34,24,32,29,18,22,13,24,13,14,28,34,61,25,25,19,23,18,19,26,21,21,21,18,34,41,24,21,31,27,18,6,39,47,24,54,19,17,17,76,57,44,52,46,55,12,63,50,43,51,37,55,50,47,42,44,73,47,60,20,16,24,21,18,18,23,23,30,20,20,24,23,42,30,29,45,58,28,52,60,41,59,187,53,131,63,29,36,22,54,41,32,47,23,48,14,15,17,17,16,35,23,50,22,20,28,14,17,11,25,15,26,15,52,40,28,32,39,65,30,82,10,24,,,,,,,,,,,,,,,,,,,,,,,,,,,,,,24,25,26,38,32,40,30,47,26,90,77,9,104,25,,13,75,58,48,52,51,63,71,40,37,78,49,46,146,64,82,40,80,127,12,117,7,37,27,32,25,26,20,44,26,42,17,35,27,21,10,12,10,16,17,23,16,23,23,20,13,20,13,15,41,29,28,25,25,24,47,22,23,25,29,24,17,23,25,21,25,18,18,26,23,20,31,11,16,10,32,33,32,43,30,49,34,57,43,49,20,9,13,26,31,17,18,21,15,16,7,,5,10,23,29,12,20,24,24,,23,30,21,6,52,39,20,39,42,76,21,44,9,9,6,6,4,28,,4,5,26,49,25,16,51,17,78,73,40,,27,,19,,31,26,23,19,25,17,4,25,72,82,31,50,12,22,18,42,37,48,35,20,12,3,13,24,,,,24,,
20260403,11,PM10,192,110,139,99,109,30,191,230,90,140,68,61,63,156,43,106,77,255,138,40,41,32,33,116,62,44,33,36,20,40,77,56,120,46,15,38,44,46,42,51,36,39,21,22,69,27,21,9,68,63,35,34,13,48,44,40,43,33,45,48,43,36,56,31,31,51,35,33,13,80,115,68,533,58,8,7,127,294,104,102,88,97,21,142,86,62,101,83,110,123,130,64,75,115,113,98,36,36,36,43,23,40,40,36,46,34,47,49,37,,169,48,97,165,118,61,99,74,,160,93,201,55,28,27,18,36,57,42,93,32,47,18,30,42,21,29,53,43,46,26,60,29,39,15,29,70,35,34,29,75,307,229,113,171,280,104,491,50,90,,,,,,,,,,,,,,,,,,,,,,,,,,,,,,36,37,38,65,425,359,68,206,395,104,275,21,42,142,,364,676,,88,151,83,105,67,75,84,164,45,91,189,42,78,22,55,129,21,80,10,64,42,34,37,28,19,78,25,47,34,50,20,22,17,,15,22,27,15,17,16,14,36,18,13,20,26,42,60,67,24,26,49,42,25,49,27,26,37,29,34,29,53,24,39,9,9,26,28,7,14,19,10,61,50,44,47,40,75,53,89,46,46,50,28,21,53,65,21,73,19,22,19,18,,13,26,18,,16,18,44,27,,21,58,40,22,104,73,46,38,55,102,32,79,14,27,14,27,30,93,,21,37,45,1043,43,42,191,35,335,,195,,408,,82,,201,67,66,66,66,65,25,118,804,995,181,101,32,54,73,119,141,179,250,36,58,9,47,92,,,,34,,
20260403,11,PM10_24h,156,134,154,125,112,63,173,85,91,148,108,84,95,86,127,89,89,239,223,56,58,49,68,85,71,75,55,59,56,90,90,71,96,57,40,46,41,52,40,53,43,34,35,26,53,22,24,35,65,79,43,38,26,42,39,41,43,35,44,41,35,51,52,34,36,40,44,31,17,73,140,50,220,55,21,22,297,291,85,98,55,74,18,87,83,77,78,64,91,81,79,67,69,105,66,80,28,26,31,35,25,30,33,34,45,27,31,38,37,74,103,48,79,120,55,91,105,82,76,242,74,168,88,45,57,33,78,64,51,74,45,69,22,22,31,22,15,46,41,57,29,37,36,31,28,29,40,23,40,33,83,77,60,63,73,348,144,371,42,80,,,,,,,,,,,,,,,,,,,,,,,,,,,,,,48,42,41,72,124,93,53,87,88,370,151,22,379,88,,96,303,88,81,89,80,94,92,67,72,119,82,59,237,83,106,57,120,174,31,147,19,62,51,64,51,42,33,61,52,67,25,58,43,36,19,14,17,20,23,31,20,36,30,27,29,26,28,32,65,58,53,38,37,44,59,40,44,39,50,44,27,53,38,33,44,31,25,23,30,26,44,16,21,16,48,49,51,63,46,59,42,72,58,70,39,19,26,31,49,20,37,30,25,21,23,,10,27,36,37,20,32,30,36,,31,46,37,13,91,48,32,49,54,95,27,62,16,18,11,33,16,43,,12,12,42,191,46,31,186,36,317,315,131,,93,,49,,92,57,60,44,72,45,16,130,258,315,123,173,53,46,79,118,100,156,165,61,50,14,44,57,,,,38,,
20260403,11,SO2,9,10,5,14,11,6,8,3,6,6,10,7,17,4,6,10,9,13,12,6,6,5,4,11,11,7,5,6,5,10,10,8,10,7,5,5,6,5,5,6,6,3,3,4,7,4,2,6,9,7,5,6,4,5,5,4,7,3,6,4,5,8,5,6,8,5,5,5,4,6,11,8,5,7,3,5,5,5,12,8,8,11,3,24,11,8,19,13,14,6,14,7,10,10,5,13,7,6,6,4,8,6,6,5,5,5,5,6,3,,5,10,15,11,34,8,11,10,8,15,7,16,7,6,7,6,10,5,8,18,6,21,5,9,8,8,9,6,6,7,4,10,7,19,5,7,4,6,6,6,6,3,3,7,7,9,11,7,5,11,,,,,,,,,,,,,,,,,,,,,,,,,,,,,,5,2,3,6,4,12,14,6,8,9,10,5,10,4,,6,8,10,8,11,9,7,8,11,10,1,6,12,12,9,5,6,6,11,6,8,7,7,10,8,7,5,4,10,6,6,5,6,3,5,3,5,3,5,5,4,6,4,9,3,6,7,8,7,10,11,4,5,5,7,6,3,7,6,10,6,6,3,5,7,3,7,5,7,5,5,4,4,6,4,11,7,4,9,9,12,9,5,7,9,38,17,7,5,15,7,5,6,9,8,6,,6,14,10,9,4,10,17,4,,5,7,9,8,7,6,5,6,7,10,5,7,6,6,7,11,8,8,,10,5,5,3,5,10,4,13,8,3,7,,3,,8,,3,7,8,9,10,17,13,15,4,8,4,4,8,7,3,5,55,4,2,7,6,5,10,10,,,,6,,
20260403,11,SO2_24h,6,11,4,12,14,7,7,5,5,7,9,7,9,11,11,12,8,11,13,7,6,7,6,9,10,9,6,7,6,13,9,8,8,7,5,5,7,6,6,6,6,3,3,4,6,4,2,8,7,7,6,7,4,5,5,4,6,4,6,4,5,9,4,6,8,5,5,4,4,6,10,9,6,7,3,5,12,6,13,9,7,11,3,21,11,7,13,11,11,7,7,6,9,10,6,13,8,6,5,4,9,6,6,5,6,6,7,6,4,6,10,10,11,10,26,12,13,12,9,13,6,9,7,7,10,6,12,5,8,12,5,14,6,6,7,7,9,7,6,5,4,7,7,11,6,6,3,5,10,7,7,5,3,7,9,12,14,14,6,10,,,,,,,,,,,,,,,,,,,,,,,,,,,,,,6,2,5,6,5,13,9,10,8,12,9,5,10,6,,6,8,16,11,11,13,8,9,12,10,2,7,8,13,10,6,6,6,11,6,8,7,7,9,9,8,7,4,9,7,9,5,7,4,5,3,5,3,5,5,5,5,4,14,4,7,7,8,8,9,9,4,6,6,6,4,4,8,7,10,8,4,5,6,6,5,7,6,7,4,7,5,4,4,4,10,7,5,11,13,13,7,6,6,8,6,7,7,5,8,7,4,6,8,6,5,,6,7,6,10,4,10,8,4,,5,6,6,8,7,6,5,6,5,10,6,5,6,6,6,9,7,8,,7,6,5,16,6,8,9,10,10,6,9,,4,,8,,4,10,6,10,11,15,6,15,7,9,5,5,8,6,3,5,19,4,2,6,7,5,12,9,,,,7,,
20260403,11,NO2,45,24,19,31,27,10,27,7,20,28,17,19,13,5,3,15,21,39,33,17,22,23,21,27,26,27,24,13,13,23,27,19,30,28,14,35,27,17,19,33,16,36,13,14,27,28,33,17,12,14,8,15,9,22,13,4,13,6,10,15,10,10,19,6,13,22,10,8,9,18,12,17,9,26,10,17,5,7,20,12,16,24,25,29,13,10,20,15,25,17,21,12,12,29,12,21,24,18,15,9,15,12,13,3,29,17,24,6,7,,7,11,16,15,43,12,14,12,28,44,16,44,13,17,14,34,14,8,13,23,7,27,20,20,18,12,13,29,7,9,5,22,9,25,9,6,29,16,6,9,17,7,7,10,20,2,11,3,15,30,,,,,,,,,,,,,,,,,,,,,,,,,,,,,,8,5,25,17,4,9,13,6,7,4,37,11,4,3,,8,4,22,10,9,19,12,11,11,25,18,20,35,26,8,8,6,12,21,5,21,3,40,20,15,26,16,12,25,12,13,19,9,22,13,22,15,12,20,30,25,12,21,27,8,20,16,10,19,8,13,12,8,8,12,9,7,15,7,6,24,11,10,12,9,12,12,12,9,2,8,14,19,22,13,28,8,4,10,9,18,34,20,6,16,29,13,10,21,17,9,26,10,11,8,8,,16,18,7,7,15,9,14,11,,5,15,,10,22,19,8,5,8,19,10,28,8,13,9,3,8,20,,15,7,15,6,12,18,4,23,3,8,31,,7,,8,,10,7,1,4,2,1,13,11,4,3,4,10,11,24,18,32,21,35,19,18,11,3,31,27,,,,3,,
20260403,11,NO2_24h,40,44,22,34,46,12,42,17,26,50,29,22,16,27,17,27,28,37,40,21,18,23,25,25,22,35,25,21,26,28,28,16,26,24,16,30,19,19,19,21,23,20,21,12,24,15,16,22,14,14,14,16,16,24,11,8,22,8,11,18,10,30,22,6,18,21,11,10,8,27,21,10,13,24,16,16,19,9,22,18,17,23,13,26,18,14,29,17,21,24,19,15,15,34,15,26,21,12,11,8,12,10,14,4,33,11,15,9,12,16,14,11,18,31,30,21,31,21,26,40,16,41,26,20,20,30,25,15,22,17,14,21,20,18,22,8,14,30,7,23,6,20,16,15,15,8,20,12,11,8,28,24,15,23,23,3,10,8,9,23,,,,,,,,,,,,,,,,,,,,,,,,,,,,,,11,11,22,16,9,21,12,29,33,6,19,9,6,10,,7,6,26,17,21,25,32,29,31,28,13,18,18,35,14,20,10,19,30,11,33,7,23,18,19,28,33,12,25,14,19,12,13,28,15,11,11,8,13,16,19,13,21,19,24,18,16,11,14,16,16,16,15,14,15,13,11,13,12,16,17,13,14,10,9,17,10,12,11,5,11,19,10,15,9,26,12,14,33,17,16,24,14,12,12,30,15,12,14,18,10,28,11,16,10,6,,15,7,11,9,13,9,11,11,,7,7,12,9,17,10,9,6,9,18,10,16,6,10,7,3,7,18,,5,3,24,13,20,15,7,24,4,8,17,,15,,12,,21,5,2,2,2,2,10,3,10,7,12,11,10,20,11,32,15,37,18,21,9,5,11,15,,,,4,,
20260403,11,O3,70,67,91,69,82,94,97,79,91,53,89,70,89,100,85,128,117,75,60,120,70,109,107,95,84,88,100,110,110,95,71,96,87,81,122,65,76,106,111,75,119,72,77,97,67,61,58,38,126,130,114,64,65,41,52,57,52,62,60,53,80,59,55,83,50,39,85,105,86,65,95,74,90,62,65,53,91,90,119,116,113,93,57,89,99,107,141,145,102,152,148,114,123,118,159,160,38,79,66,58,59,95,61,67,21,79,69,82,115,112,81,102,82,95,91,115,139,120,78,103,73,92,70,72,85,46,85,100,111,86,104,60,53,71,50,72,47,18,64,66,73,31,68,78,57,72,33,44,83,104,54,108,76,77,75,105,93,84,79,69,,,,,,,,,,,,,,,,,,,,,,,,,,,,,,98,101,55,85,81,90,91,90,96,85,53,64,91,83,,80,82,75,120,129,96,132,130,132,103,75,55,65,97,90,90,77,89,109,72,78,78,62,72,101,52,68,62,73,92,95,71,85,63,79,61,64,81,43,63,40,37,40,37,65,28,43,50,55,102,90,104,104,115,85,95,102,47,86,94,44,93,95,55,50,88,44,33,51,74,14,41,43,36,44,24,66,72,64,48,72,15,18,71,65,35,60,76,50,71,61,33,27,42,61,77,,76,69,88,90,49,74,88,52,,62,107,79,82,108,85,98,122,118,77,88,50,58,83,66,94,75,68,,57,55,42,77,33,57,101,49,82,90,110,,87,,81,,85,93,101,110,107,106,88,116,86,103,104,95,93,60,50,52,63,64,65,63,42,106,53,38,,,,91,,
20260403,11,O3_24h,70,67,91,69,82,94,97,79,91,53,89,70,89,100,85,128,117,75,60,120,70,109,107,95,84,88,100,110,110,95,71,96,87,81,122,65,76,106,111,75,119,72,77,97,67,61,58,38,126,130,114,64,65,41,52,57,52,62,60,53,80,59,55,83,50,39,85,105,86,65,95,74,90,62,65,53,91,90,119,116,113,93,57,89,99,107,141,145,102,152,148,114,123,118,159,160,38,79,66,58,59,95,61,67,21,79,69,82,115,112,81,102,82,95,91,115,139,120,78,103,73,92,70,72,85,46,85,100,111,86,104,60,53,71,50,72,47,18,64,66,73,31,68,78,57,72,33,44,83,104,54,108,76,77,75,105,93,84,79,69,,,,,,,,,,,,,,,,,,,,,,,,,,,,,,98,101,55,85,81,90,91,90,96,85,53,64,91,83,,80,82,75,120,129,96,132,130,132,103,75,55,65,97,90,90,77,89,109,72,78,78,62,72,101,52,68,62,73,92,95,71,85,63,79,61,64,81,43,63,40,37,40,37,65,28,43,50,55,102,90,104,104,115,85,95,102,47,86,94,44,93,95,55,50,88,44,33,51,74,14,41,43,36,44,24,66,72,64,48,72,15,18,71,65,35,60,76,50,71,61,33,27,42,61,77,,76,69,88,90,49,74,88,52,,62,107,79,82,108,85,98,122,118,77,88,50,58,83,66,94,75,68,,57,55,42,77,33,57,101,49,82,90,110,,87,,81,,85,93,101,110,107,106,88,116,86,103,104,95,93,60,50,52,63,64,65,63,42,106,53,38,,,,91,,
20260403,11,O3_8h,45,69,80,49,40,70,36,109,72,29,77,67,65,74,80,99,89,64,40,129,93,105,103,93,82,70,95,92,78,66,59,102,76,83,135,62,103,98,108,111,122,105,76,90,66,81,85,45,122,125,81,61,50,50,83,59,46,64,51,71,88,53,21,70,30,22,63,92,90,52,97,79,105,53,49,54,88,101,107,89,90,80,84,77,86,86,104,137,112,131,110,90,116,94,135,111,29,99,49,55,62,95,76,58,36,84,89,76,73,72,100,91,55,58,43,115,81,117,78,58,57,36,48,88,82,60,51,65,64,69,72,42,64,66,33,75,30,14,53,45,49,10,40,54,39,44,20,27,62,92,37,40,47,47,76,116,86,103,73,75,,,,,,,,,,,,,,,,,,,,,,,,,,,,,,97,78,70,50,102,71,69,57,69,98,66,48,84,98,,77,101,77,119,93,52,68,57,45,47,79,61,41,57,82,65,45,72,69,54,53,53,76,70,84,46,38,53,77,81,64,87,65,32,86,95,76,98,67,86,54,50,43,47,33,30,56,52,76,86,78,75,75,89,61,74,81,58,66,52,66,84,72,75,38,93,17,30,42,68,27,40,49,49,34,5,60,59,38,36,42,30,6,60,62,18,26,44,57,39,35,11,38,18,26,48,,40,61,63,67,39,61,65,34,,29,80,68,88,56,64,77,107,77,44,80,43,67,50,67,79,71,53,,62,58,16,92,9,54,100,31,97,96,96,,85,,56,,55,92,77,109,100,87,80,123,99,101,101,93,86,35,54,52,76,39,53,54,41,108,73,31,,,,89,,
20260403,11,O3_8h_24h,44,62,78,48,40,70,35,98,72,29,77,62,65,72,78,99,89,62,40,128,72,105,103,89,73,62,95,92,75,65,54,90,63,82,130,60,94,98,108,93,119,95,76,88,62,76,72,36,120,125,81,57,50,45,69,52,44,60,51,60,84,56,18,70,29,21,63,92,87,47,93,66,102,50,49,50,87,91,107,89,90,80,72,68,86,85,95,137,97,131,110,90,115,93,135,111,27,89,49,55,57,91,67,58,33,84,83,76,72,72,92,88,55,57,43,115,81,117,76,58,53,36,48,79,76,53,51,65,64,67,72,38,52,66,33,72,30,9,53,45,49,8,39,51,39,44,18,26,61,92,35,40,42,47,70,109,77,92,70,70,,,,,,,,,,,,,,,,,,,,,,,,,,,,,,97,78,62,46,89,71,61,56,69,88,60,47,79,89,,71,93,77,119,93,52,68,57,45,47,51,60,41,57,81,64,45,69,69,54,53,53,54,58,80,45,38,53,62,81,60,77,59,32,84,81,74,89,57,79,50,42,42,43,33,27,49,47,70,80,75,75,75,89,60,72,81,50,66,52,57,83,72,65,34,87,17,30,42,68,27,40,43,43,34,5,60,59,38,36,38,28,6,59,57,18,26,44,46,37,35,11,26,18,26,48,,40,58,63,67,39,58,63,31,,27,79,67,84,56,64,68,105,76,43,77,34,58,48,59,79,61,50,,58,51,16,84,9,44,97,31,89,88,96,,82,,56,,55,82,76,108,98,85,76,115,99,101,101,86,73,35,51,51,74,39,50,54,39,107,61,17,,,,89,,
20260403,11,CO,1.00,0.78,0.70,0.70,0.80,0.53,0.80,0.20,0.70,0.63,0.43,0.30,1.13,0.27,0.26,0.82,0.59,1.27,0.78,0.52,0.59,0.80,0.62,0.84,0.48,0.60,0.76,0.53,0.60,0.70,0.82,0.64,0.82,0.62,0.56,0.60,0.55,0.75,0.75,0.60,0.60,0.50,0.40,0.40,0.78,0.53,0.42,0.68,0.53,0.60,0.40,0.60,0.51,0.67,0.56,0.47,0.55,0.35,0.37,0.60,0.53,0.47,0.67,0.38,0.51,0.61,0.47,0.46,0.28,0.50,0.57,0.70,0.24,0.38,0.37,0.47,0.29,0.24,0.86,0.63,0.67,0.85,0.63,0.77,0.60,0.53,0.68,0.60,0.92,0.48,0.75,0.67,0.50,0.92,0.50,0.85,0.83,0.65,0.60,0.67,0.75,0.50,0.50,0.53,0.60,0.40,0.70,0.50,0.33,0.30,0.36,0.58,0.95,0.65,1.44,0.92,0.88,0.95,0.84,1.33,0.52,0.97,0.32,0.48,0.47,0.72,0.48,0.23,0.53,0.87,0.38,0.50,0.45,0.53,0.77,0.80,0.50,0.95,0.70,0.71,0.55,0.70,0.67,1.52,0.67,0.47,0.67,0.35,0.53,0.55,0.57,0.25,0.35,0.38,0.45,0.30,0.50,0.36,0.44,0.40,,,,,,,,,,,,,,,,,,,,,,,,,,,,,,0.38,0.30,0.60,0.80,0.17,0.40,0.63,0.30,0.50,0.27,1.30,0.30,0.35,0.28,,0.35,0.50,0.80,0.77,0.65,0.90,0.50,0.60,0.65,0.95,0.30,0.30,0.60,0.80,0.37,0.40,0.30,0.40,0.57,0.35,0.50,0.15,0.58,0.48,0.30,0.53,0.53,0.50,0.60,0.42,0.30,0.43,0.20,0.63,0.27,0.70,0.63,0.50,0.85,0.55,0.55,0.77,0.57,0.80,0.70,0.90,0.75,0.95,0.65,0.42,0.52,0.30,0.40,0.40,0.63,0.43,0.23,0.72,0.47,0.62,0.73,0.43,0.60,0.43,0.70,0.73,0.50,0.97,1.00,0.80,0.70,0.63,0.50,0.95,0.55,0.55,0.50,0.43,0.67,0.60,1.00,0.83,1.00,0.65,0.60,1.07,0.60,0.40,0.65,0.75,0.60,0.47,0.50,0.60,0.45,0.30,,0.30,0.80,0.37,0.53,0.70,0.55,0.65,0.60,,0.65,0.50,0.50,0.45,0.75,0.70,0.50,0.30,0.35,0.95,0.40,0.80,0.20,0.65,0.45,0.25,0.30,0.70,,0.50,0.60,0.67,0.25,0.60,0.55,0.15,0.45,0.20,0.30,0.20,,0.15,,0.60,,0.35,0.50,0.40,0.30,0.30,0.30,0.40,0.60,0.23,0.25,0.20,0.50,0.20,0.35,0.25,0.45,0.40,0.55,0.60,0.70,0.20,0.30,0.70,0.65,,,,0.45,,
20260403,11,CO_24h,0.73,0.87,0.68,0.87,0.80,0.55,0.60,0.40,0.60,0.85,0.55,0.38,0.73,0.68,0.36,0.81,0.57,1.06,1.03,0.55,0.64,0.66,0.65,0.70,0.54,0.68,0.70,0.56,0.68,0.98,0.78,0.70,0.70,0.62,0.47,0.40,0.46,0.70,0.57,0.47,0.55,0.40,0.50,0.40,0.67,0.40,0.40,0.73,0.54,0.83,0.48,0.64,0.59,0.65,0.55,0.50,0.50,0.35,0.40,0.63,0.55,0.63,0.71,0.45,0.55,0.53,0.50,0.45,0.28,0.60,0.50,0.50,0.28,0.33,0.43,0.55,0.53,0.28,0.66,0.70,0.43,0.63,0.50,0.53,0.68,0.63,0.62,0.58,0.68,0.55,0.48,0.70,0.45,0.84,0.60,0.73,0.80,0.57,0.67,0.70,0.75,0.55,0.60,0.63,0.65,0.40,0.60,0.50,0.40,0.50,0.41,0.62,0.88,0.86,0.68,0.94,1.02,0.94,0.60,1.35,0.52,0.93,0.42,0.58,0.60,0.66,0.68,0.40,0.63,0.83,0.40,0.50,0.43,0.53,0.60,0.90,0.50,0.90,0.65,0.84,0.50,0.53,0.73,0.88,0.70,0.47,0.57,0.25,0.63,0.50,0.73,0.65,0.50,0.54,0.55,0.40,0.70,0.52,0.40,0.40,,,,,,,,,,,,,,,,,,,,,,,,,,,,,,0.40,0.40,0.55,0.70,0.20,0.75,0.60,0.57,0.57,0.30,0.73,0.20,0.40,0.33,,0.20,0.50,0.60,0.77,0.65,0.83,0.53,0.90,0.85,0.85,0.45,0.45,0.40,1.07,0.50,0.53,0.42,0.50,0.70,0.40,0.75,0.20,0.57,0.48,0.50,0.50,0.63,0.45,0.60,0.56,0.43,0.35,0.27,0.90,0.27,0.53,0.53,0.40,0.80,0.45,0.67,0.90,0.63,0.65,0.70,0.95,0.80,0.85,0.65,0.58,0.50,0.45,0.43,0.50,0.57,0.47,0.33,0.78,0.67,0.74,0.73,0.42,0.60,0.37,0.70,0.83,0.55,0.87,0.90,0.90,0.60,0.67,0.35,0.70,0.45,0.55,0.70,0.67,0.87,0.67,0.90,0.77,0.90,0.75,0.70,0.70,0.65,0.40,0.50,0.65,0.60,0.35,0.45,0.60,0.50,0.30,,0.30,0.40,0.47,0.60,0.60,0.55,0.45,0.65,,0.75,0.30,0.30,0.45,0.75,0.55,0.40,0.40,0.50,0.90,0.40,0.65,0.20,0.60,0.35,0.25,0.30,0.90,,0.35,0.50,0.70,0.30,0.60,0.50,0.20,0.40,0.20,0.20,0.40,,0.30,,0.60,,0.45,0.50,0.40,0.30,0.30,0.30,0.30,0.30,0.33,0.30,0.30,0.55,0.10,0.25,0.25,0.55,0.20,0.70,0.65,0.60,0.40,0.30,0.55,0.45,,,,0.55,,
20260403,12,AQI,163,88,105,88,115,53,144,156,88,148,64,62,54,135,30,71,79,244,70,37,31,36,33,125,41,36,31,38,34,33,63,60,95,46,37,53,43,46,39,37,36,39,25,31,65,31,20,14,55,55,37,31,24,50,43,41,43,40,48,43,44,30,52,32,28,59,30,34,29,96,98,64,303,53,20,20,62,114,79,68,88,100,24,136,64,54,69,59,62,101,83,54,60,104,91,75,44,44,41,42,30,36,43,38,53,41,56,43,36,37,80,63,103,134,111,53,73,68,116,108,95,197,47,25,27,17,41,63,44,76,35,52,22,29,40,23,18,53,44,53,23,51,40,33,23,27,55,30,24,34,98,150,236,112,144,161,71,161,44,65,,,,,,,,,,,,,,,,,,,,,,,,,,,,,,33,39,43,58,145,223,64,137,500,55,310,23,44,92,,138,240,93,60,109,157,98,68,65,70,139,50,63,148,28,59,26,55,138,24,76,25,76,43,37,35,31,23,56,32,38,39,41,23,29,22,27,26,23,30,21,15,16,15,36,16,14,19,26,58,57,56,34,37,42,42,35,42,29,32,29,32,29,23,54,28,32,14,24,24,27,14,17,17,19,61,51,47,48,42,76,58,80,43,50,53,25,28,31,55,22,51,16,23,23,29,,32,28,29,30,18,24,54,28,,24,57,26,27,72,62,39,47,45,95,33,78,20,26,27,29,27,31,,21,21,41,346,43,81,91,70,164,101,119,,230,,98,,88,68,47,55,58,58,33,500,500,500,127,65,43,54,64,83,84,102,141,56,42,32,50,70,,,,33,,
20260403,12,PM2.5,124,65,58,65,87,10,110,23,65,113,39,5,21,59,8,45,58,194,51,26,16,15,19,95,17,16,15,17,15,18,45,43,71,30,3,37,30,32,26,26,14,24,17,13,47,22,14,3,25,35,11,22,17,33,29,27,28,27,23,28,22,21,33,20,18,42,14,13,4,25,45,33,94,18,3,4,9,13,58,48,65,75,17,104,23,16,41,33,44,25,59,37,43,78,33,55,31,27,29,23,21,19,30,22,37,22,40,23,16,8,6,36,47,46,84,34,46,48,88,81,71,148,33,16,17,8,11,18,19,56,9,22,8,18,23,16,9,31,19,33,16,29,28,18,6,12,35,16,13,6,29,30,59,36,31,44,20,31,6,15,,,,,,,,,,,,,,,,,,,,,,,,,,,,,,14,3,30,11,13,49,30,48,170,8,260,8,8,18,,27,90,69,43,44,120,73,49,47,51,52,35,34,113,16,42,10,39,105,3,56,3,56,28,8,17,18,13,38,12,20,27,13,10,16,14,19,8,15,21,9,7,7,8,23,7,5,3,15,26,29,12,14,16,14,22,8,19,3,16,15,15,8,16,37,9,21,4,13,16,11,6,5,3,13,44,20,22,33,27,56,41,59,30,31,21,13,12,22,39,14,31,10,16,11,11,,3,10,6,21,12,17,38,17,,17,40,,6,45,43,21,33,21,71,23,57,10,7,3,3,3,13,,6,3,19,47,30,35,28,27,87,38,41,,52,,36,,40,30,25,22,23,29,6,33,100,131,31,21,8,17,9,32,45,38,38,6,3,3,10,22,,,,18,,
20260403,12,PM2.5_24h,82,74,86,69,61,40,97,31,43,94,72,45,60,39,39,48,55,197,139,38,35,30,42,62,46,47,27,32,41,63,65,58,82,32,24,33,26,34,24,33,29,17,22,13,25,14,14,27,34,60,24,24,18,24,19,20,25,22,22,21,18,32,41,24,21,32,26,18,6,38,48,24,58,19,15,15,75,56,45,52,48,57,12,64,48,41,51,37,55,49,48,42,44,72,47,61,20,17,24,21,17,18,23,23,31,20,21,24,23,40,29,28,45,59,31,51,60,42,61,185,54,132,62,28,35,20,52,39,31,46,22,47,13,15,18,17,15,36,23,49,22,20,27,14,16,11,25,15,25,15,51,40,28,32,39,66,29,82,10,24,,,,,,,,,,,,,,,,,,,,,,,,,,,,,,24,24,27,37,34,41,31,47,33,90,86,9,103,25,,14,78,58,48,52,55,65,71,39,38,78,50,45,142,57,82,39,74,125,12,116,7,37,27,31,25,25,19,44,25,41,17,34,27,21,10,12,10,16,17,22,14,22,22,20,12,18,12,15,39,28,27,24,25,23,46,21,23,24,28,23,16,22,24,21,24,18,17,25,23,20,30,10,16,10,33,32,31,43,30,49,34,58,42,49,20,9,13,27,32,16,18,21,15,16,7,,5,10,22,28,12,20,24,23,,23,30,21,6,51,39,20,39,41,76,21,44,9,9,6,6,4,28,,4,5,25,50,26,16,51,17,81,73,40,,27,,19,,33,27,23,20,25,18,4,26,74,87,32,50,12,22,17,41,37,48,35,18,12,3,12,23,,,,23,,
20260403,12,PM10,194,104,160,100,99,55,173,261,98,150,78,73,57,219,30,91,85,237,88,35,31,21,25,121,41,36,23,38,21,33,62,54,93,46,11,38,41,42,39,33,23,39,25,23,75,25,19,10,60,59,35,29,21,50,43,41,43,40,48,43,44,29,54,32,28,48,30,26,11,142,145,77,422,56,10,7,74,177,99,86,74,94,23,132,78,58,88,68,73,152,116,58,65,110,131,98,40,44,39,42,29,36,39,38,49,41,51,43,33,34,110,76,155,217,121,56,95,86,,107,96,224,45,25,27,16,41,76,44,71,20,53,22,29,40,23,14,55,44,56,22,51,33,29,13,25,60,30,21,22,146,250,375,173,238,271,92,271,44,79,,,,,,,,,,,,,,,,,,,,,,,,,,,,,,33,39,40,66,239,366,78,223,609,60,340,23,44,134,,225,378,81,56,167,,126,86,59,78,227,40,75,176,23,62,17,54,131,21,62,10,71,43,37,35,31,23,61,31,38,32,41,15,29,18,13,14,23,24,21,15,16,15,36,16,14,19,26,65,63,61,27,25,42,42,26,42,24,24,29,32,29,22,58,23,32,12,24,17,27,9,15,15,15,70,51,47,48,42,73,56,81,43,50,56,25,22,26,55,21,52,13,23,17,20,,11,25,13,18,12,14,41,28,,18,64,,19,94,73,39,39,45,115,32,78,15,17,14,16,11,31,,16,10,41,457,42,112,131,90,278,151,188,,371,,146,,126,86,47,59,66,65,19,651,700,781,203,80,43,58,78,116,118,153,232,61,42,12,50,89,,,,33,,
20260403,12,PM10_24h,159,134,155,127,114,61,174,93,92,151,107,82,92,91,125,89,91,243,219,54,57,46,65,87,71,74,53,58,54,88,90,71,96,56,39,46,41,52,40,53,42,34,34,26,53,22,24,32,65,79,42,36,25,43,40,41,43,35,44,41,36,49,52,34,35,40,42,31,17,75,143,51,235,55,19,21,297,296,87,97,56,75,18,89,82,77,80,65,90,84,82,67,69,105,68,82,28,27,32,34,25,30,33,33,46,28,31,37,37,72,106,48,83,127,57,90,105,82,75,242,75,172,86,44,56,31,76,62,51,74,43,68,21,22,31,22,14,46,41,57,29,37,35,31,27,28,39,24,39,32,85,86,72,67,79,355,140,379,43,79,,,,,,,,,,,,,,,,,,,,,,,,,,,,,,47,42,41,72,131,105,54,91,111,370,161,22,377,92,,105,317,86,80,92,78,96,93,66,73,123,81,60,232,75,107,54,111,170,31,145,19,62,50,63,51,41,32,61,51,66,24,57,42,35,19,14,17,19,22,30,18,34,29,27,28,24,27,31,63,57,54,37,36,43,58,38,43,38,49,43,25,51,37,34,43,31,24,22,29,25,43,15,21,15,48,49,50,63,45,59,42,73,58,69,40,20,26,32,50,20,37,29,25,21,22,,10,27,35,36,20,32,31,35,,29,47,37,14,90,48,32,50,54,97,27,63,15,17,11,33,16,43,,12,11,41,227,46,34,188,38,326,317,136,,106,,50,,96,59,60,45,74,47,16,157,281,344,130,172,52,46,80,117,102,156,166,59,50,13,43,58,,,,38,,
20260403,12,SO2,8,11,6,14,11,6,9,3,6,6,9,7,18,4,6,11,8,11,10,6,6,5,3,11,10,6,5,5,4,9,9,9,8,6,4,5,6,5,5,6,6,4,3,4,8,4,2,6,8,7,6,7,4,5,5,4,6,4,6,4,5,7,5,7,8,5,5,5,4,5,9,10,5,8,3,5,5,5,15,7,7,12,3,23,10,8,15,12,12,6,8,8,9,11,5,12,8,6,7,4,8,5,6,5,6,4,5,6,3,6,5,9,9,6,13,8,11,10,8,10,7,16,23,6,7,6,11,4,7,17,6,15,5,8,8,8,9,11,7,7,4,13,7,21,5,8,4,6,6,6,4,3,2,6,6,10,10,7,5,10,,,,,,,,,,,,,,,,,,,,,,,,,,,,,,5,2,3,5,4,8,10,6,5,10,8,7,9,4,,5,8,12,7,12,10,9,7,10,9,1,6,8,10,9,5,5,5,16,5,7,6,9,10,7,6,4,4,9,6,5,5,5,3,5,3,11,3,4,4,5,9,3,6,4,6,8,7,6,10,10,4,5,5,7,5,4,7,7,10,6,5,4,5,7,3,7,5,7,8,5,5,4,5,4,17,7,5,9,7,11,9,5,7,8,21,17,7,4,9,7,5,6,9,7,5,,6,13,5,8,1,9,16,3,,5,7,,8,8,7,5,7,9,9,6,7,6,6,6,10,9,6,,9,6,5,2,6,6,4,13,8,4,6,,3,,8,,3,7,8,8,10,13,5,17,4,8,4,6,10,7,4,5,43,3,2,7,5,5,10,10,,,,6,,
20260403,12,SO2_24h,6,11,4,12,14,7,7,5,5,7,9,7,10,11,11,12,8,11,12,7,6,7,5,9,10,8,6,7,6,13,9,8,8,7,5,5,7,6,6,6,6,3,3,4,6,4,2,7,7,7,6,7,4,5,5,4,6,4,6,4,5,9,4,6,8,5,5,4,4,6,10,9,6,7,3,5,12,6,13,9,7,11,3,21,11,7,13,11,11,7,7,6,9,10,6,13,7,6,5,4,9,6,6,5,5,6,6,6,4,6,10,10,11,9,26,12,13,12,9,13,6,9,8,7,10,6,11,5,8,12,5,14,6,6,7,7,9,7,6,5,4,7,7,11,6,6,3,5,10,7,6,5,3,7,8,12,14,13,6,10,,,,,,,,,,,,,,,,,,,,,,,,,,,,,,6,2,5,6,5,13,9,9,8,11,9,5,9,6,,6,8,16,10,11,13,8,9,12,10,2,7,8,13,10,6,6,6,12,6,8,7,7,9,8,8,7,4,9,7,9,5,7,4,5,3,5,3,5,5,5,5,4,13,3,7,7,7,8,9,9,4,6,6,6,4,4,8,7,10,8,4,4,6,6,4,7,6,7,5,7,5,4,4,4,10,7,5,11,13,13,7,6,6,8,7,7,7,5,8,7,4,6,8,7,5,,6,8,6,10,4,10,8,3,,5,6,6,8,7,6,5,6,5,10,6,5,6,6,6,9,7,8,,7,6,5,16,6,8,7,11,10,6,8,,4,,8,,4,9,6,10,11,15,6,15,7,8,5,5,8,6,3,5,20,4,2,6,7,5,11,9,,,,7,,
20260403,12,NO2,42,23,21,33,21,9,19,7,18,24,13,18,11,5,3,15,17,43,15,17,20,22,21,27,17,19,26,15,13,18,24,17,22,27,14,38,23,19,22,29,15,31,14,15,31,31,29,13,11,10,8,12,9,22,10,4,10,5,8,8,10,7,11,5,11,20,9,7,7,15,11,15,8,27,10,14,5,6,19,11,13,22,27,28,13,10,14,12,17,15,16,10,9,30,12,20,20,18,12,8,22,13,15,3,28,19,25,5,6,10,7,8,10,9,28,12,15,13,27,27,14,40,12,15,16,28,12,7,11,16,6,17,19,20,16,9,9,29,5,7,3,13,9,19,7,5,15,11,6,9,9,8,5,7,18,2,9,3,9,14,,,,,,,,,,,,,,,,,,,,,,,,,,,,,,8,6,25,8,4,4,13,7,5,4,34,12,4,3,,7,5,22,10,12,18,16,9,11,13,9,17,24,20,9,7,4,11,28,6,19,3,32,15,10,26,17,11,19,9,8,15,6,18,13,18,22,9,15,27,25,14,19,24,13,24,18,11,23,8,12,15,8,8,9,9,6,13,5,6,16,10,10,12,9,14,11,10,7,2,14,14,14,14,11,20,7,5,10,11,14,31,12,6,10,27,11,11,13,12,8,21,7,9,5,5,,5,12,7,6,15,9,13,9,,5,10,12,10,9,12,5,5,5,12,10,21,6,8,7,3,4,13,,9,3,14,5,12,6,4,21,3,8,34,,7,,9,,8,5,1,1,1,2,4,17,4,3,3,9,9,20,12,30,21,13,22,19,9,6,11,17,,,,3,,
20260403,12,NO2_24h,40,44,23,35,46,12,41,16,26,50,28,22,16,26,16,26,28,38,40,20,18,23,25,25,23,35,25,21,26,28,29,16,27,24,15,32,19,19,19,21,23,20,21,11,25,16,16,22,14,14,14,15,15,24,11,8,21,7,11,18,10,28,22,6,17,21,11,10,7,26,20,10,12,24,15,15,18,9,22,18,17,24,14,27,17,14,29,17,21,23,19,15,15,34,14,26,21,13,11,8,13,10,13,4,33,11,16,9,12,16,14,10,18,30,31,21,31,21,26,41,16,42,26,20,20,29,24,14,22,17,13,21,19,18,21,8,14,30,7,22,6,19,15,15,14,8,19,12,11,8,28,24,15,23,23,2,11,7,9,23,,,,,,,,,,,,,,,,,,,,,,,,,,,,,,11,11,22,16,9,21,12,28,32,5,20,9,6,10,,7,6,26,17,21,26,32,29,31,27,13,18,19,35,14,20,10,19,30,11,33,7,24,18,19,29,32,12,25,14,19,12,13,28,15,11,12,8,13,16,20,13,20,19,23,18,15,10,15,15,16,16,15,14,15,12,11,13,11,15,17,12,14,10,9,17,10,12,11,5,11,19,10,15,9,26,12,13,32,16,16,24,14,12,11,31,15,12,14,18,10,28,11,16,9,5,,15,7,11,9,13,9,11,10,,7,7,12,9,16,10,9,6,9,18,10,16,6,10,7,3,7,18,,5,3,23,12,20,15,7,23,4,7,18,,14,,11,,21,5,2,2,2,2,10,3,9,7,12,11,9,20,11,32,15,35,18,21,9,5,11,15,,,,4,,
20260403,12,O3,82,73,93,64,104,107,121,80,89,81,95,87,101,102,88,117,138,72,78,119,79,114,104,104,102,99,99,104,109,98,79,113,109,77,118,66,82,101,106,80,115,77,76,100,64,59,62,45,132,134,119,76,71,48,57,62,64,72,71,66,75,69,79,87,62,60,93,110,93,81,102,101,94,82,64,64,94,98,127,124,119,107,55,106,102,112,148,155,117,152,165,128,130,120,165,173,50,80,80,65,46,98,57,68,30,79,68,88,115,119,86,113,99,98,80,118,131,115,95,111,86,115,74,72,81,55,101,110,121,102,113,82,63,79,58,72,57,21,68,86,74,66,78,105,73,86,69,62,78,109,93,109,82,96,84,105,100,87,93,89,,,,,,,,,,,,,,,,,,,,,,,,,,,,,,99,110,54,105,84,99,100,92,92,91,52,68,98,91,,79,84,78,114,117,90,124,136,136,128,76,66,86,106,91,94,83,95,104,77,81,81,82,92,107,52,65,62,82,102,101,85,103,73,75,70,54,83,51,72,36,32,38,39,62,22,41,53,58,108,104,103,108,117,104,103,112,53,92,102,57,96,93,57,57,91,57,44,66,78,14,44,54,54,51,43,69,76,72,55,109,21,29,84,82,39,78,91,78,84,70,47,50,59,73,94,,102,90,93,96,57,73,111,68,,75,126,83,87,142,118,110,125,121,110,93,81,64,83,85,93,87,82,,68,68,55,86,53,103,102,73,87,100,111,,85,,86,,88,108,107,114,113,109,106,113,90,103,104,98,94,73,79,63,76,89,75,81,77,103,92,64,,,,91,,
20260403,12,O3_24h,82,73,93,64,104,107,121,80,89,81,95,87,101,102,88,117,138,72,78,119,79,114,104,104,102,99,99,104,109,98,79,113,109,77,118,66,82,101,106,80,115,77,76,100,64,59,62,45,132,134,119,76,71,48,57,62,64,72,71,66,75,69,79,87,62,60,93,110,93,81,102,101,94,82,64,64,94,98,127,124,119,107,55,106,102,112,148,155,117,152,165,128,130,120,165,173,50,80,80,65,46,98,57,68,30,79,68,88,115,119,86,113,99,98,80,118,131,115,95,111,86,115,74,72,81,55,101,110,121,102,113,82,63,79,58,72,57,21,68,86,74,66,78,105,73,86,69,62,78,109,93,109,82,96,84,105,100,87,93,89,,,,,,,,,,,,,,,,,,,,,,,,,,,,,,99,110,54,105,84,99,100,92,92,91,52,68,98,91,,79,84,78,114,117,90,124,136,136,128,76,66,86,106,91,94,83,95,104,77,81,81,82,92,107,52,65,62,82,102,101,85,103,73,75,70,54,83,51,72,36,32,38,39,62,22,41,53,58,108,104,103,108,117,104,103,112,53,92,102,57,96,93,57,57,91,57,44,66,78,14,44,54,54,51,43,69,76,72,55,109,21,29,84,82,39,78,91,78,84,70,47,50,59,73,94,,102,90,93,96,57,73,111,68,,75,126,83,87,142,118,110,125,121,110,93,81,64,83,85,93,87,82,,68,68,55,86,53,103,102,73,87,100,111,,85,,86,,88,108,107,114,113,109,106,113,90,103,104,98,94,73,79,63,76,89,75,81,77,103,92,64,,,,91,,
20260403,12,O3_8h,50,70,81,51,53,75,47,109,75,35,79,68,70,76,81,109,96,65,45,129,93,107,106,93,83,70,97,96,80,70,60,102,76,84,135,63,103,101,109,111,122,105,77,90,66,81,85,45,123,127,86,62,52,50,83,59,47,64,53,71,88,55,26,73,34,26,67,94,90,55,97,79,105,56,51,54,89,101,110,93,95,83,84,77,87,88,112,141,112,134,116,95,117,97,137,122,31,99,53,57,62,95,76,60,36,85,89,79,77,79,100,91,60,65,50,116,95,119,80,66,57,49,52,88,82,60,58,71,73,73,79,45,64,67,37,75,33,15,54,49,53,15,45,58,42,49,26,31,63,95,43,50,47,55,76,116,86,103,75,75,,,,,,,,,,,,,,,,,,,,,,,,,,,,,,97,84,70,54,102,75,69,59,70,98,66,50,84,98,,77,101,79,119,102,57,80,71,59,59,81,61,47,67,82,68,51,73,73,57,56,58,76,70,84,47,44,55,77,87,67,87,66,39,86,95,76,98,67,86,54,50,43,47,38,30,56,52,76,89,79,79,81,96,64,76,85,58,70,57,66,84,77,75,38,93,22,31,44,69,28,40,49,49,36,10,61,62,43,38,48,30,9,62,62,22,30,51,57,42,40,16,38,24,33,57,,49,62,67,71,41,61,68,35,,33,84,68,88,68,71,77,107,82,51,80,43,67,53,67,81,71,54,,62,58,22,92,16,54,100,36,97,96,97,,86,,59,,59,92,79,109,100,87,80,123,99,102,102,93,86,43,55,56,76,49,54,58,44,108,73,31,,,,89,,
20260403,12,O3_8h_24h,50,63,79,51,53,75,47,92,73,35,79,64,70,76,80,109,96,63,45,126,70,107,106,90,76,65,97,96,78,70,57,90,66,83,127,61,91,101,109,88,118,91,76,88,62,74,69,37,120,127,86,59,52,44,65,53,46,61,53,59,82,58,25,73,34,26,67,94,87,52,93,66,100,54,51,51,86,89,110,93,95,83,68,71,87,88,103,141,97,134,116,95,117,97,137,122,30,86,53,57,56,92,64,60,32,85,81,79,77,79,89,91,60,64,50,116,95,118,78,66,56,49,52,74,74,52,58,71,73,71,79,43,52,67,37,72,33,10,54,49,53,15,45,58,42,49,25,31,62,95,43,50,47,55,71,106,78,90,73,71,,,,,,,,,,,,,,,,,,,,,,,,,,,,,,97,84,59,54,87,75,64,58,70,86,59,50,82,87,,72,90,79,119,102,57,80,71,59,59,55,61,47,67,82,68,51,71,73,57,56,58,53,60,83,47,44,55,62,87,64,76,64,39,83,77,70,87,55,76,48,40,42,42,38,26,47,46,68,84,78,79,81,96,64,76,85,49,70,57,54,84,77,62,36,88,22,31,44,69,26,40,43,43,36,10,61,62,43,38,48,26,9,62,58,22,29,51,49,42,40,16,29,24,33,57,,49,62,67,71,41,57,68,35,,30,84,68,83,68,71,73,107,82,51,77,37,58,53,61,81,62,54,,58,52,22,83,16,50,97,36,87,88,97,,82,,59,,59,82,79,107,100,87,79,114,97,102,102,86,74,43,55,54,74,49,54,58,44,106,64,21,,,,89,,
20260403,12,CO,0.96,0.83,0.64,0.74,0.75,0.43,0.77,0.23,0.65,0.60,0.33,0.23,1.02,0.25,0.26,0.80,0.59,1.24,0.53,0.53,0.57,0.78,0.62,0.90,0.36,0.54,0.80,0.53,0.52,0.60,0.78,0.62,0.65,0.59,0.54,0.57,0.53,0.83,0.78,0.65,0.60,0.50,0.40,0.40,0.80,0.57,0.42,0.62,0.51,0.57,0.40,0.60,0.50,0.66,0.54,0.50,0.50,0.35,0.33,0.63,0.57,0.47,0.59,0.38,0.48,0.54,0.43,0.42,0.28,0.42,0.47,0.60,0.22,0.43,0.35,0.45,0.29,0.24,0.92,0.63,0.67,0.85,0.60,0.73,0.54,0.47,0.55,0.57,0.72,0.42,0.58,0.63,0.43,0.87,0.50,0.83,0.73,0.67,0.60,0.63,0.85,0.60,0.55,0.53,0.50,0.50,0.70,0.50,0.30,,0.37,0.56,0.55,0.34,0.98,0.86,0.82,1.00,0.86,0.88,0.52,1.07,0.28,0.48,0.50,0.66,0.48,0.23,0.52,0.87,0.35,0.40,0.45,0.53,0.70,0.80,0.50,1.05,0.68,0.75,0.55,0.60,0.72,1.52,0.63,0.53,0.57,0.30,0.50,0.53,0.40,0.25,0.25,0.30,0.40,0.30,0.50,0.40,0.42,0.35,,,,,,,,,,,,,,,,,,,,,,,,,,,,,,0.35,0.30,0.55,0.70,0.17,0.20,0.60,0.30,0.47,0.27,1.50,0.30,0.35,0.28,,0.35,0.45,0.80,0.70,0.75,0.90,0.57,0.60,0.65,0.95,,0.30,0.47,0.73,0.37,0.40,0.30,0.40,0.73,0.35,0.40,0.15,0.58,0.40,0.30,0.47,0.53,0.50,0.55,0.40,0.30,0.38,0.25,0.60,0.27,0.70,1.53,0.40,0.75,0.55,0.60,0.93,0.63,0.70,0.70,0.90,0.75,0.95,0.65,0.55,0.50,0.35,0.38,0.38,0.55,0.37,0.23,0.72,0.47,0.60,0.63,0.43,0.50,0.40,0.70,0.73,0.50,0.87,1.00,0.80,0.75,0.63,0.45,1.05,0.50,0.50,0.50,0.43,0.63,0.60,1.00,0.83,0.90,0.65,0.60,1.05,0.60,0.40,0.47,0.60,0.60,0.38,0.45,0.60,0.40,0.30,,0.25,0.65,0.37,0.53,0.70,0.45,0.65,0.50,,0.60,0.45,,0.50,0.65,0.55,0.50,0.30,0.20,0.90,0.40,0.70,0.20,0.55,0.40,0.25,0.30,0.60,,0.40,0.55,0.50,0.25,0.60,0.40,0.15,0.40,0.20,0.20,0.20,,0.15,,0.60,,0.35,0.50,0.30,0.20,0.30,0.30,0.20,0.70,0.23,0.25,0.20,0.50,0.20,0.30,0.20,0.40,0.45,0.30,0.60,0.55,0.10,0.30,0.55,0.65,,,,0.55,,
20260403,12,CO_24h,0.75,0.87,0.68,0.86,0.80,0.53,0.61,0.40,0.60,0.85,0.55,0.38,0.75,0.67,0.36,0.83,0.58,1.09,1.02,0.53,0.63,0.67,0.63,0.70,0.54,0.68,0.70,0.57,0.68,0.98,0.80,0.70,0.70,0.61,0.47,0.40,0.46,0.72,0.57,0.47,0.55,0.40,0.50,0.40,0.64,0.40,0.40,0.72,0.55,0.80,0.48,0.63,0.59,0.64,0.55,0.50,0.50,0.35,0.40,0.63,0.55,0.60,0.71,0.45,0.53,0.54,0.50,0.46,0.28,0.59,0.47,0.50,0.28,0.32,0.42,0.53,0.51,0.28,0.66,0.70,0.47,0.63,0.53,0.53,0.66,0.63,0.62,0.58,0.70,0.53,0.52,0.70,0.45,0.82,0.60,0.75,0.80,0.57,0.67,0.67,0.75,0.55,0.55,0.60,0.65,0.40,0.60,0.50,0.40,0.50,0.41,0.57,0.88,0.84,0.70,0.94,1.02,0.92,0.60,1.38,0.52,0.97,0.42,0.57,0.60,0.66,0.66,0.40,0.63,0.83,0.40,0.50,0.43,0.53,0.60,0.90,0.50,0.93,0.65,0.84,0.50,0.53,0.73,0.88,0.70,0.47,0.53,0.30,0.63,0.50,0.73,0.65,0.50,0.54,0.55,0.30,0.70,0.50,0.42,0.40,,,,,,,,,,,,,,,,,,,,,,,,,,,,,,0.40,0.40,0.55,0.70,0.20,0.75,0.60,0.57,0.60,0.27,0.77,0.30,0.40,0.33,,0.25,0.50,0.63,0.77,0.65,0.83,0.53,0.90,0.85,0.85,0.45,0.45,0.43,1.00,0.47,0.53,0.40,0.45,0.70,0.40,0.75,0.20,0.57,0.48,0.50,0.53,0.60,0.45,0.60,0.56,0.43,0.35,0.27,0.90,0.27,0.53,0.60,0.40,0.75,0.45,0.67,0.90,0.60,0.65,0.70,0.95,0.75,0.85,0.65,0.58,0.50,0.45,0.43,0.48,0.57,0.47,0.30,0.78,0.67,0.74,0.73,0.42,0.60,0.37,0.70,0.80,0.55,0.87,0.90,0.80,0.60,0.67,0.35,0.70,0.45,0.55,0.67,0.65,0.87,0.67,0.90,0.73,0.90,0.75,0.70,0.70,0.65,0.40,0.50,0.65,0.60,0.35,0.45,0.60,0.50,0.30,,0.30,0.45,0.47,0.60,0.60,0.55,0.45,0.65,,0.75,0.30,0.30,0.45,0.70,0.55,0.40,0.40,0.50,0.90,0.40,0.65,0.20,0.60,0.35,0.25,0.30,0.90,,0.35,0.50,0.70,0.30,0.60,0.50,0.20,0.40,0.20,0.20,0.40,,0.30,,0.60,,0.45,0.50,0.40,0.20,0.30,0.30,0.30,0.30,0.33,0.25,0.30,0.55,0.10,0.30,0.25,0.55,0.25,0.65,0.60,0.60,0.40,0.30,0.55,0.45,,,,0.55,,
20260403,13,AQI,145,79,128,81,115,61,136,126,79,161,66,69,64,158,33,66,75,220,62,35,26,36,35,116,36,38,30,35,33,34,55,69,93,42,35,47,47,46,35,30,34,38,24,27,62,39,37,16,53,55,39,27,34,49,42,41,40,43,39,41,42,31,56,33,24,51,32,35,31,144,107,61,257,53,24,22,49,71,80,65,88,104,24,95,67,57,61,55,50,81,75,54,59,103,70,71,51,51,45,39,27,51,46,34,55,46,59,41,36,39,68,94,148,125,111,60,70,75,113,121,78,223,45,23,30,19,51,67,40,66,37,64,22,31,35,24,29,53,40,59,23,47,39,37,26,29,49,32,25,36,156,138,500,146,164,151,64,118,48,80,,,,,,,,,,,,,,,,,,,,,,,,,,,,,,33,50,37,79,93,246,71,151,500,54,219,26,38,57,,94,150,98,73,62,113,95,87,60,64,119,53,57,146,29,51,27,51,145,26,68,26,56,45,37,35,26,20,51,34,37,33,34,23,24,23,41,25,19,29,25,19,15,15,24,17,16,17,22,59,51,53,36,38,36,36,37,33,30,33,22,32,31,22,56,33,27,18,25,25,17,15,23,19,20,68,48,53,46,49,85,47,63,43,54,58,36,31,30,49,28,33,22,24,25,32,,31,33,30,32,22,24,43,30,,27,55,25,30,68,62,37,46,41,90,31,69,20,27,30,30,28,34,,25,26,62,162,38,106,88,108,158,95,117,,173,,144,,65,57,50,48,59,51,36,61,447,452,152,62,33,47,60,96,85,92,132,55,52,31,43,62,,,,31,,
20260403,13,PM2.5,111,58,51,60,87,6,104,18,58,123,19,6,26,57,9,43,55,170,40,20,11,10,14,88,10,19,5,15,18,24,39,50,69,28,3,33,33,32,23,10,3,24,15,12,44,27,26,3,21,36,15,19,24,33,28,27,26,26,21,28,23,22,40,21,16,36,12,13,5,28,45,28,89,19,10,13,7,10,59,43,65,78,17,71,19,6,35,26,25,18,38,28,42,77,28,40,36,31,30,22,19,19,31,20,39,25,42,22,16,8,9,49,50,43,84,42,51,55,85,92,57,173,30,15,17,7,17,32,16,48,11,26,13,17,20,12,9,27,18,40,16,24,27,10,6,13,24,13,11,6,28,26,113,33,38,41,18,19,10,20,,,,,,,,,,,,,,,,,,,,,,,,,,,,,,12,16,26,20,10,52,31,52,98,9,169,11,5,11,,29,60,73,53,38,85,71,48,43,46,34,37,25,112,20,34,7,33,111,3,49,3,40,25,7,19,17,11,36,11,10,23,4,9,17,11,26,7,12,20,6,9,3,9,13,7,5,3,10,29,20,12,11,18,7,18,8,13,3,15,7,14,8,12,31,15,12,3,13,15,4,4,3,5,10,49,21,20,29,34,63,33,45,30,38,25,14,11,9,19,17,8,3,16,11,10,,3,10,5,18,9,16,30,19,,11,36,,7,46,41,24,32,19,67,17,50,9,6,3,3,3,9,,6,3,24,32,25,42,26,37,83,44,36,,43,,58,,27,25,22,19,22,28,3,32,75,74,35,19,7,19,8,35,39,35,37,6,3,3,10,20,,,,20,,
20260403,13,PM2.5_24h,85,74,86,71,63,37,99,31,44,97,71,43,58,40,38,48,57,202,137,37,34,28,41,63,46,46,25,31,40,62,66,59,83,32,24,33,26,34,24,32,28,17,22,14,25,14,15,25,34,59,23,23,18,24,20,21,26,22,22,22,19,31,40,24,20,32,26,18,6,37,48,25,60,19,15,15,74,56,46,51,50,60,12,65,46,40,51,37,54,49,49,41,45,71,47,60,21,18,25,21,17,19,23,23,32,21,22,24,23,40,29,29,46,60,34,51,61,44,64,186,55,134,62,28,35,19,50,37,30,46,21,46,12,15,18,17,14,34,23,48,22,19,26,14,16,11,24,15,24,14,50,39,32,32,38,67,29,82,10,24,,,,,,,,,,,,,,,,,,,,,,,,,,,,,,24,24,27,37,34,41,31,47,37,90,92,9,102,25,,15,80,60,49,52,58,66,72,40,39,79,50,45,139,51,82,35,69,123,12,114,7,38,26,30,25,25,19,44,25,40,17,33,26,21,10,12,10,15,17,21,14,20,21,19,11,16,12,14,38,27,26,23,25,23,45,20,22,22,27,22,15,22,23,22,24,18,17,24,22,20,28,10,16,10,34,31,30,43,30,50,34,58,40,48,20,9,12,27,32,16,18,21,15,16,8,,5,10,21,27,11,20,25,22,,22,31,21,6,51,40,20,39,40,77,21,44,9,9,6,6,4,27,,4,5,25,51,26,17,52,18,84,73,41,,28,,19,,33,27,24,20,26,18,4,27,77,89,33,50,12,21,17,41,38,48,35,18,12,3,12,23,,,,23,,
20260403,13,PM10,178,96,205,96,105,72,182,201,99,170,81,88,78,265,33,81,83,288,74,25,24,14,19,115,28,38,10,35,24,33,54,61,83,42,11,34,41,40,35,14,11,38,21,24,73,30,35,10,55,60,39,25,27,49,42,41,40,43,39,41,42,30,62,33,24,45,32,25,11,238,164,71,390,56,15,17,49,92,99,79,70,97,20,92,83,63,72,59,50,111,100,58,66,111,90,87,46,52,45,39,,52,46,34,51,46,57,41,27,34,85,137,246,200,140,69,79,96,84,118,73,271,45,22,30,19,52,84,39,72,27,77,19,31,35,22,29,55,40,68,17,47,33,20,13,24,49,32,21,26,261,225,766,242,278,251,77,185,48,110,,,,,,,,,,,,,,,,,,,,,,,,,,,,,,33,50,36,108,136,382,91,251,842,58,165,26,38,64,,137,249,,66,74,81,117,124,53,66,188,41,64,153,25,51,14,51,159,15,52,9,54,45,27,35,26,20,49,25,29,27,30,13,24,21,41,12,18,,25,19,15,15,24,17,15,17,22,67,51,56,26,26,36,34,25,33,30,30,22,28,30,15,62,26,27,11,25,,17,8,13,11,12,74,48,55,46,44,89,47,55,43,55,65,36,17,17,49,28,33,7,24,11,16,,12,26,18,18,12,,35,30,,14,60,,18,85,74,37,38,41,106,30,71,16,13,24,17,8,13,,10,7,74,273,38,161,125,166,266,140,184,,295,,238,,80,63,50,48,68,52,14,71,547,552,253,74,33,47,70,142,119,133,214,59,54,13,43,74,,,,31,,
20260403,13,PM10_24h,162,133,158,129,115,60,175,98,93,153,105,81,89,99,124,89,93,256,216,52,56,44,63,88,70,72,50,57,53,87,90,71,98,55,38,46,42,51,39,52,40,34,34,26,53,22,24,30,66,79,41,35,25,44,41,42,43,36,44,41,37,47,53,34,35,41,41,31,16,81,147,52,248,55,19,20,291,298,88,97,56,76,18,90,81,76,80,66,89,86,85,67,70,105,69,83,29,28,32,35,25,31,34,33,46,28,33,37,37,71,108,51,91,134,61,89,104,84,75,243,76,177,84,43,55,30,75,61,51,73,42,68,20,22,31,22,14,47,41,57,29,36,34,30,27,28,40,24,38,32,90,93,101,75,87,362,138,384,43,80,,,,,,,,,,,,,,,,,,,,,,,,,,,,,,47,42,41,74,136,118,55,99,144,370,165,22,375,92,,110,325,86,80,94,77,98,95,65,73,128,79,60,226,69,107,49,103,169,31,142,19,63,49,62,51,40,31,60,50,64,23,56,41,35,19,14,17,19,21,30,17,32,28,27,27,23,26,30,61,56,54,36,34,43,57,37,42,36,48,42,24,49,36,34,42,31,24,22,29,25,41,15,21,15,48,49,49,62,44,60,43,73,57,69,41,20,25,32,50,20,37,29,25,21,22,,11,27,35,35,20,31,32,34,,28,47,37,14,90,49,33,50,54,97,27,64,14,17,11,33,16,42,,12,11,41,236,45,39,192,43,334,315,140,,116,,54,,98,60,61,46,75,49,16,159,301,364,138,171,52,46,79,117,104,156,167,58,50,13,42,58,,,,38,,
20260403,13,SO2,7,11,4,14,10,5,9,3,6,5,8,7,13,3,6,10,8,8,8,5,6,5,3,11,10,6,5,6,4,9,9,7,7,6,4,5,6,5,5,6,5,4,3,5,7,4,2,6,7,7,6,7,4,5,5,4,6,4,6,4,5,7,4,7,7,5,5,4,4,4,7,7,5,8,3,5,5,5,12,7,7,11,3,19,11,8,12,10,10,6,7,6,8,10,5,11,8,6,8,5,7,5,6,5,6,4,7,6,3,5,4,9,5,5,8,8,11,10,10,10,6,19,7,6,7,5,12,5,7,14,6,15,6,7,7,7,9,20,7,7,4,9,6,13,5,8,3,6,4,6,4,2,2,5,7,12,10,7,6,9,,,,,,,,,,,,,,,,,,,,,,,,,,,,,,5,2,4,5,4,8,9,5,4,10,8,9,8,4,,5,8,13,7,11,10,9,8,11,10,2,6,7,9,9,4,5,5,11,5,6,6,8,9,6,7,4,4,7,6,5,5,5,3,5,3,21,3,5,4,6,9,2,8,3,6,9,7,7,10,10,4,5,5,6,4,4,7,6,10,8,6,3,4,6,3,8,6,7,7,6,4,4,6,4,14,6,5,9,7,11,8,6,7,8,17,8,7,4,8,7,5,6,9,8,5,,6,14,7,7,4,9,12,3,,4,6,4,8,8,7,5,8,8,9,6,7,6,6,6,11,8,4,,7,5,5,2,6,5,5,12,7,4,7,,2,,8,,3,8,5,9,10,11,4,14,4,8,4,6,11,9,6,5,9,3,2,7,6,5,9,15,,,,6,,
20260403,13,SO2_24h,6,11,4,12,14,7,7,5,5,7,9,7,10,11,11,11,8,11,12,7,6,7,5,10,10,8,6,7,6,13,9,8,8,7,5,5,7,6,6,6,6,3,3,4,6,4,2,7,8,7,6,7,4,5,5,4,6,4,6,4,5,9,4,6,8,5,5,4,4,6,9,8,6,7,3,5,11,6,12,9,7,11,3,21,11,7,13,11,11,7,7,6,9,10,6,13,7,6,6,4,9,6,6,5,5,6,6,6,4,6,9,9,11,9,26,12,13,12,9,13,6,10,8,7,10,6,11,5,8,12,6,14,6,6,7,7,9,7,6,5,4,7,7,11,6,6,3,5,10,7,6,5,3,7,8,11,14,12,6,10,,,,,,,,,,,,,,,,,,,,,,,,,,,,,,6,2,5,6,5,13,9,9,7,10,9,5,8,6,,6,8,16,10,11,13,9,9,12,10,2,7,8,13,10,6,6,6,11,6,8,7,7,9,8,8,6,4,9,7,9,5,7,4,5,3,6,3,5,5,5,5,4,13,3,7,7,7,8,9,9,4,6,6,6,4,4,8,7,10,8,4,4,6,6,4,7,6,7,5,7,5,4,4,4,10,7,5,11,13,12,7,6,6,8,7,7,7,5,8,7,4,6,8,7,5,,6,8,6,10,4,10,8,3,,5,6,6,8,7,6,5,7,5,10,6,5,6,6,6,9,7,8,,7,6,5,16,5,8,7,11,10,5,8,,3,,8,,4,9,6,10,11,15,6,15,7,8,5,5,8,6,3,5,20,4,2,6,7,5,10,9,,,,7,,
20260403,13,NO2,38,18,13,29,20,6,18,6,16,24,11,10,7,4,3,14,14,38,17,19,18,21,17,24,12,20,26,16,16,18,19,13,20,30,15,36,24,21,24,18,15,30,16,17,28,33,32,14,10,10,8,11,7,20,6,4,10,6,6,6,9,10,9,5,9,13,8,6,6,8,8,5,9,27,7,12,5,6,20,11,13,21,24,20,12,8,11,11,11,14,12,7,9,32,11,17,20,20,11,7,16,10,17,3,28,20,26,5,6,10,7,7,4,6,19,12,14,12,24,23,10,40,9,14,13,26,12,8,10,14,6,13,18,18,13,6,8,23,5,9,3,10,8,10,9,5,13,7,5,9,6,7,4,6,12,3,8,3,12,5,,,,,,,,,,,,,,,,,,,,,,,,,,,,,,7,6,21,6,3,4,11,7,5,3,21,12,4,3,,7,5,22,10,14,17,18,8,10,10,8,13,12,17,8,7,4,10,24,7,18,3,16,12,8,31,22,11,19,9,5,11,4,17,14,15,36,8,11,29,15,13,14,24,9,21,15,13,23,9,9,12,8,8,7,6,5,13,5,4,13,10,10,6,8,13,9,7,6,,10,13,7,15,7,18,5,5,9,10,11,17,7,3,8,21,13,10,10,9,7,11,6,8,5,4,,5,13,8,6,9,9,11,7,,5,6,9,9,7,5,6,5,5,11,8,13,6,7,6,3,3,5,,6,2,10,5,11,6,4,14,3,7,23,,6,,6,,6,3,1,1,1,2,4,2,3,3,2,8,6,15,7,23,6,9,7,11,5,8,10,14,,,,4,,
20260403,13,NO2_24h,41,43,22,35,46,12,41,16,26,50,27,21,16,26,15,26,28,39,40,21,19,23,25,25,23,35,25,21,26,28,29,16,27,24,15,32,20,19,19,21,22,21,21,12,25,17,17,22,14,14,14,15,15,24,10,8,20,7,10,18,10,27,22,6,17,21,11,10,7,25,19,10,11,25,15,15,17,9,22,18,17,24,14,27,17,14,29,17,21,23,19,15,15,35,14,26,20,13,11,7,13,10,13,4,33,12,17,8,12,16,13,10,18,30,31,20,30,21,27,41,17,42,26,21,20,29,24,14,22,17,13,21,18,18,21,8,14,30,7,22,6,19,15,15,14,7,19,12,10,8,27,23,14,22,23,2,11,7,10,22,,,,,,,,,,,,,,,,,,,,,,,,,,,,,,11,11,22,16,9,20,13,28,32,5,20,9,5,9,,7,6,26,17,21,26,32,29,31,27,13,18,19,35,13,19,10,19,30,11,33,7,24,18,19,30,32,12,26,14,19,12,13,27,15,11,13,8,13,17,20,12,20,20,22,18,15,10,15,15,16,16,15,14,14,12,11,13,11,15,17,12,13,9,8,16,10,12,10,5,11,19,10,16,9,25,11,12,31,15,16,24,14,11,11,30,15,12,14,18,10,28,11,16,9,5,,15,8,11,9,13,9,12,9,,7,7,12,9,16,10,8,6,9,18,10,16,6,10,7,3,7,18,,5,3,22,12,20,15,6,23,4,7,18,,14,,11,,21,5,2,2,2,2,10,3,8,7,12,11,9,20,11,33,15,35,18,22,9,5,11,15,,,,4,,
20260403,13,O3,91,89,102,67,113,117,127,85,98,114,100,108,119,103,89,116,150,47,71,112,83,114,113,128,115,97,97,101,107,94,91,124,114,73,112,72,80,97,103,97,110,73,76,87,71,59,53,50,137,132,124,84,79,56,64,66,70,74,77,68,70,69,98,92,74,91,99,112,98,109,111,111,96,93,78,70,97,100,124,129,140,117,57,124,106,127,149,157,126,151,167,133,143,116,159,177,47,77,96,72,55,97,58,69,33,81,69,91,116,125,87,119,110,104,78,121,126,113,115,115,93,145,79,74,85,59,112,117,127,106,118,99,70,83,62,78,65,32,69,97,75,87,90,119,84,92,90,69,81,116,104,109,83,111,100,107,107,89,96,98,,,,,,,,,,,,,,,,,,,,,,,,,,,,,,101,113,60,118,93,101,119,85,89,94,55,74,101,93,,82,88,85,112,107,87,104,120,134,139,74,74,107,110,93,95,85,95,110,82,83,83,119,98,118,48,57,58,77,109,117,97,108,74,71,72,41,81,61,68,46,50,45,38,77,22,51,44,58,114,113,117,114,120,109,116,117,57,96,104,63,101,99,69,50,104,70,56,67,81,30,49,73,61,65,45,70,78,81,64,126,53,46,102,95,56,71,99,96,97,78,60,71,67,81,102,,100,104,96,101,70,76,130,79,,87,117,81,95,146,129,109,124,126,143,99,116,65,86,97,97,91,110,,81,84,71,93,70,117,105,111,92,109,112,,95,,97,,92,123,111,117,113,111,114,133,94,104,107,100,103,91,94,90,107,96,95,95,93,98,102,88,,,,90,,
20260403,13,O3_24h,91,89,102,67,113,117,127,85,98,114,100,108,119,103,89,116,150,47,71,112,83,114,113,128,115,97,97,101,107,94,91,124,114,73,112,72,80,97,103,97,110,73,76,87,71,59,53,50,137,132,124,84,79,56,64,66,70,74,77,68,70,69,98,92,74,91,99,112,98,109,111,111,96,93,78,70,97,100,124,129,140,117,57,124,106,127,149,157,126,151,167,133,143,116,159,177,47,77,96,72,55,97,58,69,33,81,69,91,116,125,87,119,110,104,78,121,126,113,115,115,93,145,79,74,85,59,112,117,127,106,118,99,70,83,62,78,65,32,69,97,75,87,90,119,84,92,90,69,81,116,104,109,83,111,100,107,107,89,96,98,,,,,,,,,,,,,,,,,,,,,,,,,,,,,,101,113,60,118,93,101,119,85,89,94,55,74,101,93,,82,88,85,112,107,87,104,120,134,139,74,74,107,110,93,95,85,95,110,82,83,83,119,98,118,48,57,58,77,109,117,97,108,74,71,72,41,81,61,68,46,50,45,38,77,22,51,44,58,114,113,117,114,120,109,116,117,57,96,104,63,101,99,69,50,104,70,56,67,81,30,49,73,61,65,45,70,78,81,64,126,53,46,102,95,56,71,99,96,97,78,60,71,67,81,102,,100,104,96,101,70,76,130,79,,87,117,81,95,146,129,109,124,126,143,99,116,65,86,97,97,91,110,,81,84,71,93,70,117,105,111,92,109,112,,95,,97,,92,123,111,117,113,111,114,133,94,104,107,100,103,91,94,90,107,96,95,95,93,98,102,88,,,,90,,
20260403,13,O3_8h,56,72,82,55,66,83,70,109,79,47,82,70,77,79,82,116,105,65,49,129,93,109,109,95,84,71,99,99,84,75,62,102,76,85,135,65,103,103,109,111,122,105,77,90,67,81,85,45,124,129,93,63,56,50,83,59,49,64,57,71,88,57,35,76,40,35,71,97,90,60,97,79,105,60,54,55,89,101,112,97,103,87,84,80,90,94,120,143,112,138,123,101,121,101,142,133,34,99,59,59,62,95,76,61,36,85,89,81,85,87,100,95,69,73,57,117,106,120,84,74,60,65,58,88,82,60,68,79,82,77,85,50,64,69,41,75,38,16,56,55,57,26,51,66,47,55,33,35,65,97,53,61,51,65,76,116,86,103,76,75,,,,,,,,,,,,,,,,,,,,,,,,,,,,,,97,90,70,64,102,79,73,62,72,98,66,55,86,98,,77,101,82,119,107,62,91,83,74,72,83,64,56,77,85,71,58,77,81,62,59,63,76,70,88,50,51,56,77,94,72,87,70,46,86,95,76,98,67,86,54,50,43,47,44,30,56,52,76,93,83,84,88,103,71,82,89,58,73,64,66,87,83,75,40,93,30,34,47,70,29,41,49,49,40,15,63,64,48,42,60,31,14,67,62,28,35,59,57,50,46,22,38,32,40,67,,57,67,73,76,45,61,75,39,,39,90,68,88,79,79,80,110,89,65,81,47,67,58,67,83,71,60,,64,58,30,92,24,60,100,46,97,96,99,,87,,65,,64,92,83,109,102,91,84,123,99,103,103,93,86,51,59,62,77,60,63,66,50,108,76,31,,,,90,,
20260403,13,O3_8h_24h,56,67,80,55,66,83,59,88,77,47,82,69,77,79,82,116,105,61,49,123,70,109,109,94,80,70,99,99,84,75,61,93,72,81,123,62,87,103,109,85,116,86,76,86,63,70,64,38,121,129,93,62,56,44,62,54,49,62,57,59,80,61,35,76,39,35,71,97,88,59,94,71,97,60,54,53,87,88,112,97,103,87,65,78,90,94,118,143,99,138,123,101,121,100,142,133,34,83,59,59,56,91,63,61,32,84,78,81,85,87,86,95,69,73,56,116,106,118,84,74,60,65,58,72,74,52,68,79,82,76,85,50,52,69,41,72,38,12,56,55,57,26,51,66,47,55,33,35,64,97,53,61,51,65,73,105,81,88,75,73,,,,,,,,,,,,,,,,,,,,,,,,,,,,,,96,90,58,64,86,79,71,62,72,85,58,55,86,86,,73,88,82,118,107,62,91,83,74,72,59,64,56,77,85,71,58,75,81,62,59,63,59,64,88,49,51,56,64,94,72,77,70,46,82,74,66,85,54,73,45,40,43,42,44,25,46,45,65,88,83,84,88,103,71,82,89,48,73,64,52,87,83,61,40,90,30,34,47,70,27,41,46,45,40,15,63,64,48,42,60,28,14,67,61,28,35,59,54,50,46,22,34,32,40,67,,57,67,73,76,45,59,75,39,,39,90,68,83,79,79,80,110,89,65,79,47,58,58,65,83,64,60,,61,55,30,83,24,60,99,46,86,90,99,,83,,65,,64,85,83,107,102,91,84,115,96,103,103,86,77,51,59,62,76,60,63,66,50,105,67,30,,,,90,,
20260403,13,CO,0.87,0.77,0.44,0.77,0.75,0.32,0.73,0.20,0.65,0.63,0.25,0.28,0.73,0.23,0.24,0.78,0.56,1.11,0.55,0.54,0.52,0.73,0.58,0.86,0.34,0.54,0.84,0.54,0.47,0.64,0.72,0.70,0.63,0.61,0.51,0.53,0.55,0.83,0.78,0.50,0.55,0.50,0.40,0.45,0.75,0.57,0.47,0.58,0.49,0.57,0.41,0.62,0.50,0.65,0.54,0.50,0.47,0.35,0.33,0.63,0.53,0.50,0.60,0.38,0.46,0.48,0.40,0.42,0.26,0.31,0.45,0.50,0.24,0.50,0.32,0.40,0.29,0.24,0.76,0.55,0.63,0.85,0.60,0.60,0.50,0.43,0.47,0.52,0.56,0.38,0.46,0.57,0.45,0.86,0.45,0.73,0.73,0.70,0.63,0.63,0.80,0.60,0.50,0.53,0.60,0.60,0.73,0.50,0.30,0.30,0.36,0.52,0.33,0.28,0.72,0.86,0.83,0.88,0.84,0.87,0.44,1.17,0.27,0.48,0.50,0.62,0.50,0.35,0.52,0.77,0.28,0.40,0.40,0.53,0.65,0.82,0.50,0.95,0.65,0.80,0.50,0.53,0.67,1.05,0.60,0.60,0.53,0.25,0.50,0.50,0.37,0.20,0.25,0.24,0.30,0.30,0.50,0.40,0.46,0.25,,,,,,,,,,,,,,,,,,,,,,,,,,,,,,0.35,0.30,0.60,0.67,0.17,0.20,0.55,0.30,0.25,0.27,0.97,0.30,0.30,0.28,,0.35,0.45,0.80,0.67,0.70,0.90,0.63,0.60,0.60,0.90,0.10,0.30,0.37,0.70,0.37,0.37,0.23,0.35,0.77,0.30,0.40,0.15,0.50,0.42,0.25,0.53,0.53,0.45,0.45,0.40,0.23,0.35,0.10,0.60,0.27,0.67,3.00,0.40,0.75,0.60,0.60,0.83,0.47,0.75,0.65,0.90,0.87,1.00,0.70,0.57,0.42,0.35,0.32,0.38,0.45,0.33,0.25,0.70,0.47,0.50,0.77,0.35,0.50,0.27,0.80,0.67,0.50,0.86,0.90,0.80,0.65,0.63,0.25,1.15,0.40,0.60,0.50,0.45,0.57,0.60,1.00,0.73,0.80,0.65,0.60,0.83,0.60,0.33,0.47,0.55,0.60,0.25,0.40,0.60,0.40,0.20,,0.25,0.70,0.60,0.53,0.60,0.45,0.55,0.50,,0.70,0.30,0.30,0.50,0.60,0.45,0.50,0.30,0.25,0.75,0.45,0.50,0.20,0.50,0.30,0.25,0.30,0.50,,0.35,0.40,0.37,0.20,0.60,0.35,0.20,0.20,0.20,0.25,0.20,,0.15,,0.50,,0.30,0.40,0.20,0.20,0.30,0.30,0.20,0.30,0.20,0.25,0.20,0.50,0.15,0.25,0.20,0.40,0.20,0.25,0.45,0.50,0.10,0.30,0.55,0.65,,,,0.55,,
20260403,13,CO_24h,0.77,0.88,0.68,0.86,0.80,0.47,0.66,0.40,0.60,0.85,0.53,0.38,0.73,0.62,0.36,0.81,0.61,1.10,1.03,0.53,0.63,0.68,0.63,0.70,0.54,0.68,0.71,0.57,0.68,1.00,0.80,0.70,0.70,0.61,0.47,0.43,0.47,0.72,0.60,0.47,0.55,0.40,0.50,0.40,0.64,0.40,0.40,0.72,0.54,0.77,0.48,0.63,0.58,0.64,0.54,0.50,0.50,0.35,0.40,0.63,0.55,0.57,0.71,0.45,0.53,0.54,0.50,0.46,0.28,0.55,0.47,0.50,0.26,0.32,0.42,0.53,0.50,0.28,0.66,0.70,0.47,0.65,0.53,0.54,0.64,0.63,0.62,0.58,0.70,0.53,0.57,0.70,0.47,0.82,0.60,0.77,0.80,0.57,0.67,0.67,0.75,0.55,0.55,0.60,0.65,0.40,0.60,0.50,0.40,0.50,0.41,0.57,0.85,0.82,0.70,0.92,1.02,0.90,0.60,1.38,0.52,0.97,0.42,0.57,0.60,0.66,0.64,0.40,0.63,0.83,0.40,0.50,0.43,0.53,0.60,0.88,0.50,0.93,0.65,0.84,0.50,0.53,0.70,0.93,0.70,0.47,0.50,0.30,0.60,0.50,0.73,0.60,0.50,0.50,0.55,0.30,0.70,0.44,0.42,0.40,,,,,,,,,,,,,,,,,,,,,,,,,,,,,,0.43,0.40,0.55,0.73,0.20,0.75,0.60,0.57,0.60,0.27,0.80,0.30,0.30,0.33,,0.25,0.50,0.63,0.73,0.65,0.83,0.53,0.90,0.85,0.90,0.45,0.40,0.43,1.00,0.47,0.53,0.40,0.45,0.73,0.40,0.75,0.20,0.57,0.48,0.50,0.50,0.58,0.45,0.60,0.54,0.43,0.35,0.27,0.90,0.27,0.53,0.70,0.40,0.75,0.45,0.67,0.87,0.60,0.65,0.70,0.95,0.75,0.88,0.65,0.58,0.50,0.45,0.38,0.48,0.55,0.47,0.23,0.78,0.60,0.74,0.73,0.42,0.60,0.37,0.70,0.80,0.55,0.87,0.90,0.80,0.60,0.67,0.35,0.75,0.45,0.55,0.60,0.65,0.87,0.67,0.90,0.73,0.90,0.75,0.70,0.70,0.65,0.40,0.50,0.65,0.60,0.35,0.45,0.60,0.50,0.30,,0.30,0.45,0.50,0.60,0.60,0.55,0.45,0.60,,0.75,0.35,0.30,0.45,0.70,0.55,0.40,0.40,0.50,0.90,0.40,0.65,0.20,0.60,0.35,0.25,0.30,0.90,,0.35,0.50,0.70,0.30,0.60,0.50,0.20,0.40,0.20,0.25,0.40,,0.30,,0.60,,0.40,0.50,0.40,0.20,0.30,0.30,0.30,0.40,0.30,0.25,0.30,0.55,0.10,0.30,0.25,0.55,0.25,0.65,0.60,0.60,0.40,0.30,0.55,0.45,,,,0.55,,
20260403,14,AQI,89,83,463,84,119,54,160,153,95,144,62,76,105,161,29,71,64,233,60,33,27,33,36,105,38,38,31,31,31,33,55,54,61,33,33,47,47,40,32,31,32,37,27,23,61,33,31,17,51,56,47,27,34,46,41,42,38,41,36,40,41,33,58,33,27,36,31,36,32,143,105,59,184,53,28,29,37,62,88,63,85,109,23,54,83,57,59,54,40,67,63,53,58,110,66,66,53,53,49,50,30,53,42,34,56,55,63,38,36,40,65,114,223,148,144,70,75,71,109,284,60,219,54,23,29,18,74,63,41,60,38,98,25,30,31,26,21,48,43,59,23,40,32,41,29,30,46,29,25,37,154,132,500,124,161,145,65,84,48,83,,,,,,,,,,,,,,,,,,,,,,,,,,,,,,33,40,31,109,69,234,87,108,376,41,129,28,33,38,,63,101,106,71,59,109,98,71,61,59,63,55,53,151,43,66,27,51,139,26,56,26,43,40,39,31,30,21,53,35,38,39,34,20,26,22,50,22,20,30,15,22,16,19,25,20,19,18,20,57,49,51,38,38,33,37,36,28,60,34,20,31,32,23,57,35,27,24,23,28,11,18,24,22,23,63,49,52,47,54,91,47,43,52,61,78,30,34,34,35,28,32,26,24,28,33,,29,38,31,33,25,30,43,33,,27,51,69,30,70,58,35,47,40,78,32,74,20,28,33,31,29,35,,28,29,103,126,34,111,88,93,155,93,121,,189,,143,,51,58,55,52,47,50,39,51,311,186,146,56,36,45,59,88,100,87,145,53,31,31,34,54,,,,34,,
20260403,14,PM2.5,60,61,60,62,90,17,69,21,51,110,22,16,48,50,6,52,46,183,43,13,12,9,14,79,7,20,3,12,18,23,39,38,44,22,3,33,33,28,17,7,3,24,17,15,40,23,22,3,15,38,18,19,24,31,29,27,24,25,20,28,25,23,41,23,15,25,11,13,5,24,52,19,67,17,11,20,6,12,65,42,63,82,16,38,9,3,18,21,11,20,24,18,40,83,34,27,37,32,34,22,21,17,28,20,40,29,45,21,13,8,9,53,70,52,110,51,55,52,82,234,43,169,38,16,16,7,29,36,15,36,13,40,10,20,19,5,8,20,17,32,16,21,19,10,5,15,30,12,8,7,23,26,83,25,35,40,20,13,11,30,,,,,,,,,,,,,,,,,,,,,,,,,,,,,,8,28,22,32,6,55,41,23,29,4,98,10,6,7,,26,43,80,52,42,82,73,51,40,42,44,39,18,116,21,48,8,36,106,3,40,3,28,24,7,16,21,9,37,10,9,27,4,9,17,12,26,8,12,21,8,8,3,13,5,5,6,9,9,28,20,11,17,20,5,16,9,12,7,9,6,15,6,11,30,15,13,4,13,9,3,3,5,3,8,43,22,23,25,38,68,33,30,36,44,34,14,12,7,5,17,5,3,16,11,10,,3,8,8,20,3,21,30,23,,12,32,50,7,39,39,18,33,18,57,17,54,5,7,5,3,3,6,,3,3,37,27,21,45,32,38,80,45,40,,57,,70,,7,22,21,21,22,27,3,25,69,50,42,17,7,18,8,40,39,34,32,7,3,3,3,11,,,,24,,
20260403,14,PM2.5_24h,85,74,86,72,67,34,100,31,45,99,69,41,57,41,38,48,58,207,136,36,34,28,40,65,45,45,24,30,39,60,66,59,83,31,23,33,27,33,23,32,27,18,22,14,26,15,15,23,33,58,22,23,18,25,20,21,26,22,22,22,20,30,40,24,20,32,25,18,6,36,49,25,62,19,14,15,73,57,48,51,52,63,12,65,44,38,49,37,53,48,50,41,45,71,47,60,21,18,25,21,18,19,23,23,33,21,24,24,22,39,29,30,48,61,38,51,61,45,67,196,54,136,61,28,35,18,49,36,29,45,21,46,11,15,18,16,14,33,23,47,21,18,26,14,16,11,25,15,24,14,49,40,35,31,37,68,28,81,10,24,,,,,,,,,,,,,,,,,,,,,,,,,,,,,,24,24,26,37,33,43,32,47,38,89,95,9,101,25,,16,81,63,49,52,61,67,73,41,40,79,49,45,138,47,82,32,65,122,12,112,7,38,26,29,25,25,18,44,24,39,17,33,25,21,10,13,10,14,17,20,13,18,21,18,11,15,12,14,37,26,25,23,24,22,44,19,21,21,26,21,15,20,22,22,23,18,16,23,22,20,27,9,15,10,34,30,29,43,30,50,34,57,39,48,20,10,12,27,32,16,18,20,15,16,8,,5,9,20,27,11,20,25,22,,22,31,23,6,50,40,20,39,39,76,21,44,8,9,6,6,4,27,,4,5,25,51,25,17,52,19,86,72,42,,30,,21,,33,27,24,21,26,19,4,27,79,91,34,50,12,21,17,41,38,49,35,17,12,3,11,22,,,,23,,
20260403,14,PM10,128,104,563,101,119,58,269,255,140,190,74,102,159,271,20,86,76,201,68,16,27,12,21,103,24,38,11,29,22,32,53,39,47,33,11,31,40,35,26,11,9,37,22,22,71,27,30,8,51,61,47,24,29,46,41,42,38,41,36,40,41,32,64,33,23,30,30,25,9,236,159,68,317,55,17,25,37,74,109,76,68,99,,57,116,63,67,58,34,83,76,56,66,126,82,70,51,55,43,50,27,56,42,34,52,59,60,38,34,34,79,177,366,245,161,86,79,89,92,307,44,242,55,23,29,14,97,76,34,69,30,146,23,28,31,13,14,48,43,67,16,40,22,21,12,27,46,29,23,19,258,214,957,198,271,239,79,117,48,116,,,,,,,,,,,,,,,,,,,,,,,,,,,,,,27,34,30,168,88,374,123,165,481,41,,24,32,38,,76,152,88,63,66,,89,92,72,66,76,39,56,157,43,57,15,49,148,8,45,12,43,40,23,31,24,21,43,30,28,31,22,12,26,19,50,13,15,20,14,15,12,17,19,20,15,18,19,63,49,52,31,24,31,37,19,28,69,32,18,31,30,16,64,28,23,14,23,14,11,7,12,11,10,75,49,54,47,46,85,45,40,54,64,106,30,25,16,35,28,32,6,24,14,20,,10,25,21,,15,,32,25,,21,51,,23,90,66,33,38,39,81,24,80,17,13,15,13,7,14,,7,7,156,202,34,172,126,136,260,135,192,,328,,236,,52,66,60,54,47,50,19,52,429,322,241,61,24,45,67,125,150,124,240,56,30,19,34,58,,,,31,,
20260403,14,PM10_24h,162,133,173,130,118,59,180,107,96,156,104,80,90,108,121,89,95,261,212,50,55,42,61,90,68,72,48,55,51,85,90,71,97,54,37,46,42,51,39,51,39,34,33,26,54,23,25,28,66,78,41,34,24,44,41,42,43,36,43,42,37,45,53,34,34,41,41,30,16,88,151,54,259,55,18,19,296,300,91,96,57,78,18,90,83,75,80,66,88,87,86,66,71,105,69,84,29,29,33,35,25,32,34,33,47,29,34,37,37,70,109,56,105,141,66,90,105,85,76,253,75,182,83,42,54,28,75,61,50,73,40,70,19,22,31,22,14,47,41,56,28,36,33,30,26,27,40,24,37,32,96,99,139,80,95,369,134,385,43,81,,,,,,,,,,,,,,,,,,,,,,,,,,,,,,47,41,41,79,139,132,58,104,162,369,165,23,373,92,,110,329,85,79,94,76,99,97,67,74,129,78,61,223,65,107,44,97,169,30,138,19,62,48,60,50,39,30,60,49,63,23,55,40,35,18,15,16,17,20,29,17,30,27,26,26,22,25,29,61,56,53,35,33,42,57,36,41,37,46,40,24,49,34,36,41,31,23,21,29,25,40,14,21,15,49,47,48,62,44,61,43,71,56,68,44,21,25,32,51,21,37,28,25,21,22,,11,28,34,34,20,30,33,33,,27,47,38,14,89,50,33,49,53,97,27,64,14,17,11,32,16,41,,12,11,46,242,45,46,195,46,342,310,144,,128,,63,,99,62,63,48,74,50,16,157,316,375,148,171,50,46,79,116,107,157,169,58,51,13,40,57,,,,38,,
20260403,14,SO2,5,11,3,13,10,6,7,3,11,5,7,7,7,3,5,10,7,7,8,5,6,5,3,11,9,5,5,5,4,8,8,6,7,6,4,5,6,5,5,5,6,3,3,5,7,4,2,6,7,7,5,7,4,5,5,4,6,4,6,4,5,7,5,7,7,4,6,4,4,4,7,6,5,7,3,5,5,5,12,7,7,11,3,14,10,7,11,10,9,7,7,6,8,10,5,11,9,6,9,6,7,6,6,5,7,5,9,6,3,5,5,8,4,5,6,8,11,10,8,11,5,17,7,6,6,5,12,5,7,14,6,13,6,6,8,7,9,17,7,7,4,8,6,14,5,7,3,6,6,6,4,2,2,6,8,13,11,7,6,9,,,,,,,,,,,,,,,,,,,,,,,,,,,,,,5,2,4,5,4,8,9,5,5,9,7,7,8,4,,4,8,11,7,11,10,10,10,11,11,2,6,6,9,9,3,5,5,10,7,7,7,7,8,6,6,5,4,8,6,5,5,5,3,5,3,13,3,4,5,4,6,3,7,3,6,9,8,6,9,10,3,5,5,5,4,4,7,6,10,9,6,4,6,6,3,8,6,7,5,5,5,4,7,4,13,6,4,9,6,10,7,5,8,8,12,11,7,4,8,7,5,6,9,8,5,,6,15,5,11,4,9,11,3,,4,6,4,8,7,7,5,7,7,9,6,7,6,6,6,10,8,4,,7,5,4,2,5,5,4,12,8,4,7,,2,,8,,4,7,5,9,11,9,4,13,4,8,4,8,11,8,4,5,5,3,1,7,6,5,11,11,,,,6,,
20260403,14,SO2_24h,6,11,4,12,14,6,7,5,5,7,9,7,10,10,11,11,8,11,12,7,6,7,5,10,10,8,6,7,6,12,9,8,8,7,5,5,7,6,6,6,6,3,3,4,7,4,2,7,8,7,6,7,4,5,5,4,6,4,6,4,5,9,4,6,8,5,5,4,4,6,9,8,6,6,3,5,11,5,13,9,7,11,3,21,11,7,13,11,11,7,7,6,9,9,6,13,7,6,6,4,9,6,6,5,5,6,7,6,4,6,9,9,10,9,26,11,13,12,9,14,6,10,8,7,9,6,11,5,8,12,6,14,6,6,7,7,9,6,6,5,4,7,7,12,6,6,3,5,10,7,6,4,3,7,8,11,14,11,6,10,,,,,,,,,,,,,,,,,,,,,,,,,,,,,,6,2,5,6,4,13,9,9,7,10,9,6,8,5,,6,8,16,10,11,13,9,9,12,10,2,7,8,13,9,6,5,6,11,6,8,7,7,9,8,8,6,4,9,7,9,5,7,4,6,3,6,3,5,5,5,5,4,12,3,7,7,7,8,9,9,4,6,6,6,4,4,8,7,10,8,4,4,6,6,4,7,6,7,5,7,5,4,5,4,10,7,5,11,12,12,7,6,6,8,8,7,7,5,8,7,5,6,8,7,5,,6,8,6,10,4,10,9,3,,5,6,6,8,7,6,5,7,6,10,6,5,6,6,6,9,7,8,,7,6,5,16,5,8,7,11,9,5,8,,3,,8,,4,9,6,10,11,15,6,15,7,8,5,5,8,6,3,5,20,4,2,6,7,5,10,9,,,,7,,
20260403,14,NO2,19,17,5,23,19,6,12,6,16,22,10,10,2,5,3,16,14,36,20,20,17,23,15,23,9,22,28,17,16,21,16,14,16,31,17,35,27,19,24,15,19,35,13,18,27,31,27,16,10,9,8,12,7,18,7,4,8,4,6,7,7,10,9,5,8,11,8,6,6,8,6,5,10,21,5,10,4,6,21,11,14,22,21,12,9,7,11,11,8,15,11,6,9,34,11,14,19,21,11,7,23,8,11,5,27,16,30,5,5,10,6,6,5,6,18,12,17,14,24,33,9,39,11,24,14,26,12,8,10,12,7,10,16,14,9,5,8,19,5,9,3,8,8,9,8,5,14,6,4,10,6,7,4,6,11,4,8,3,6,3,,,,,,,,,,,,,,,,,,,,,,,,,,,,,,5,6,20,4,5,4,11,6,6,4,15,8,4,2,,7,4,19,10,12,19,25,9,11,10,11,12,8,18,9,9,4,15,20,6,21,3,14,10,7,25,28,11,19,8,5,10,4,18,13,16,34,10,9,26,14,7,13,25,10,18,12,10,19,8,10,12,8,8,6,5,5,13,5,5,16,9,7,7,7,11,5,5,5,,7,12,6,11,5,15,5,4,8,11,9,16,4,3,9,16,10,10,10,9,7,12,5,7,3,3,,6,9,7,5,7,8,9,6,,5,5,9,8,7,4,4,4,6,9,8,12,6,6,5,2,3,4,,3,2,6,5,9,6,4,12,4,6,14,,5,,7,,2,3,1,1,1,1,2,4,3,3,2,10,4,12,7,13,4,9,3,10,6,6,12,8,,,,4,,
20260403,14,NO2_24h,41,42,21,36,47,12,41,15,26,50,27,21,15,25,15,26,28,40,40,21,19,23,24,25,23,35,25,21,26,28,29,17,28,25,15,33,20,20,20,21,21,21,21,12,26,18,18,21,14,13,14,15,14,24,10,7,19,6,10,17,10,26,21,6,17,21,11,10,7,25,18,9,11,25,14,15,17,9,22,18,17,24,14,27,17,13,29,17,21,23,20,15,15,35,14,26,20,13,11,7,13,10,12,4,32,12,17,8,12,16,13,10,18,30,31,20,30,21,27,42,17,43,26,21,20,29,24,14,22,17,13,21,18,18,21,8,14,31,7,21,6,19,15,15,14,7,20,11,10,8,26,23,14,22,23,2,11,6,10,22,,,,,,,,,,,,,,,,,,,,,,,,,,,,,,11,11,22,16,9,20,13,27,31,5,20,9,5,9,,7,6,26,17,21,26,33,29,31,28,13,18,19,34,13,20,9,19,30,11,33,7,25,18,19,30,32,12,26,14,19,12,13,27,15,11,13,8,12,17,20,12,19,20,22,18,14,10,15,16,16,16,15,14,14,12,11,13,10,15,17,12,13,9,8,16,10,12,10,5,11,18,10,16,9,25,10,11,30,14,15,23,14,11,11,30,15,12,14,18,10,28,11,16,9,5,,15,8,11,9,13,9,12,9,,7,7,13,9,16,10,8,6,9,18,10,17,6,10,7,3,7,18,,5,3,22,12,19,14,6,23,4,7,18,,14,,11,,21,5,2,2,2,2,10,3,8,7,11,11,9,20,11,33,15,35,17,22,9,5,11,15,,,,4,,
20260403,14,O3,94,104,100,81,116,125,109,92,109,130,108,118,124,102,93,114,154,50,62,104,82,107,116,142,122,91,98,100,100,84,104,113,123,68,105,71,74,96,101,100,103,65,86,75,74,63,61,55,135,131,127,85,86,59,63,65,74,69,75,67,66,68,108,96,85,104,100,114,101,114,115,118,99,102,90,84,98,101,133,133,140,128,59,135,120,137,136,156,129,155,160,133,148,115,165,173,46,77,112,79,39,93,64,69,39,81,65,91,116,129,91,119,111,101,75,128,121,116,130,83,92,153,82,62,81,58,119,124,131,111,122,122,81,95,74,82,68,47,69,63,72,100,101,132,94,95,107,74,80,119,98,106,84,115,112,108,116,93,108,102,,,,,,,,,,,,,,,,,,,,,,,,,,,,,,105,113,67,121,96,103,134,85,90,93,62,91,105,98,,84,92,117,117,106,81,88,113,131,134,66,76,112,112,93,98,85,90,103,83,80,84,129,111,124,54,48,64,77,111,121,97,110,65,70,71,40,69,65,72,49,70,52,38,81,25,60,37,63,120,116,129,120,120,106,119,114,58,99,109,65,93,101,72,60,111,85,78,67,88,36,59,77,70,75,48,69,75,86,71,131,68,60,115,109,76,77,108,110,107,85,63,83,71,89,106,,93,122,99,107,81,77,136,82,,86,116,83,97,143,127,112,124,129,153,101,128,64,89,104,99,92,111,,91,92,93,99,84,119,106,123,96,117,112,,105,,104,,97,128,112,118,114,112,126,135,99,106,107,103,116,110,100,116,105,97,105,106,98,100,110,104,,,,93,,
20260403,14,O3_24h,94,104,100,81,116,125,109,92,109,130,108,118,124,102,93,114,154,50,62,104,82,107,116,142,122,91,98,100,100,84,104,113,123,68,105,71,74,96,101,100,103,65,86,75,74,63,61,55,135,131,127,85,86,59,63,65,74,69,75,67,66,68,108,96,85,104,100,114,101,114,115,118,99,102,90,84,98,101,133,133,140,128,59,135,120,137,136,156,129,155,160,133,148,115,165,173,46,77,112,79,39,93,64,69,39,81,65,91,116,129,91,119,111,101,75,128,121,116,130,83,92,153,82,62,81,58,119,124,131,111,122,122,81,95,74,82,68,47,69,63,72,100,101,132,94,95,107,74,80,119,98,106,84,115,112,108,116,93,108,102,,,,,,,,,,,,,,,,,,,,,,,,,,,,,,105,113,67,121,96,103,134,85,90,93,62,91,105,98,,84,92,117,117,106,81,88,113,131,134,66,76,112,112,93,98,85,90,103,83,80,84,129,111,124,54,48,64,77,111,121,97,110,65,70,71,40,69,65,72,49,70,52,38,81,25,60,37,63,120,116,129,120,120,106,119,114,58,99,109,65,93,101,72,60,111,85,78,67,88,36,59,77,70,75,48,69,75,86,71,131,68,60,115,109,76,77,108,110,107,85,63,83,71,89,106,,93,122,99,107,81,77,136,82,,86,116,83,97,143,127,112,124,129,153,101,128,64,89,104,99,92,111,,91,92,93,99,84,119,106,123,96,117,112,,105,,104,,97,128,112,118,114,112,126,135,99,106,107,103,116,110,100,116,105,97,105,106,98,100,110,104,,,,93,,
20260403,14,O3_8h,63,75,85,61,79,91,80,109,83,61,86,77,85,81,83,119,115,66,53,129,93,110,111,101,88,75,100,102,89,79,67,102,80,85,135,66,103,103,109,111,122,105,78,90,68,81,85,45,125,130,100,66,62,52,83,60,53,66,60,71,88,58,48,80,47,45,75,100,90,68,98,80,105,66,60,57,90,101,115,102,111,94,84,89,94,101,126,144,112,142,131,107,124,105,148,143,36,99,67,62,62,95,76,63,36,85,89,83,92,97,100,99,78,90,62,117,117,121,90,80,65,82,63,88,82,61,79,88,94,81,93,61,64,73,47,75,43,20,58,57,60,38,58,76,55,62,44,41,68,101,62,71,56,75,78,116,88,103,79,76,,,,,,,,,,,,,,,,,,,,,,,,,,,,,,98,96,70,75,102,83,83,68,78,98,66,61,90,98,,77,101,87,119,111,65,98,94,88,85,84,66,67,86,87,78,65,82,87,67,64,68,77,72,94,51,54,58,77,97,80,87,77,52,86,95,76,98,67,86,54,50,44,47,52,30,56,52,76,98,89,92,96,108,80,88,94,58,78,74,66,88,85,75,43,93,39,40,50,72,32,43,50,49,45,21,65,67,56,46,74,32,22,74,68,36,44,66,61,58,53,30,41,37,48,72,,65,75,78,82,51,61,85,45,,48,94,70,88,90,87,87,112,96,80,83,60,67,64,71,86,71,66,,66,60,41,92,35,71,100,58,97,96,102,,88,,72,,69,92,87,109,102,95,90,123,99,103,104,93,86,61,65,70,80,70,72,74,57,108,79,41,,,,90,,
20260403,14,O3_8h_24h,63,72,83,61,79,91,70,86,82,61,86,77,85,81,83,119,115,61,53,119,71,110,111,101,85,75,100,102,89,79,67,95,80,79,120,63,84,103,109,85,114,79,78,85,65,68,61,39,123,130,100,65,62,46,60,56,53,64,60,59,77,62,48,80,47,45,75,100,90,68,97,77,96,66,60,57,89,88,115,102,111,94,62,89,94,101,125,144,102,142,131,107,124,105,148,143,36,80,67,62,54,89,62,63,31,82,74,83,92,97,86,99,78,81,61,117,117,119,90,80,65,82,63,70,75,52,79,88,94,81,93,61,55,73,47,72,43,17,58,57,60,38,58,76,55,62,44,41,67,101,62,71,56,75,78,104,86,88,79,76,,,,,,,,,,,,,,,,,,,,,,,,,,,,,,98,96,58,75,86,83,83,68,78,85,58,61,90,87,,76,87,87,117,111,65,98,94,88,85,62,66,67,86,87,78,65,82,87,67,64,68,69,71,94,50,54,58,65,97,80,78,77,52,79,72,61,81,54,72,44,42,44,42,52,25,46,43,63,95,89,92,96,108,80,88,94,48,78,74,53,88,85,61,43,91,39,40,50,72,31,42,50,48,45,21,65,67,56,46,74,32,22,74,68,36,44,66,61,58,53,30,40,37,48,72,,65,75,78,82,51,61,85,45,,48,94,70,84,90,87,87,112,96,80,82,60,58,64,71,86,67,66,,65,60,41,86,35,71,100,58,86,93,102,,86,,72,,69,90,87,108,102,95,90,118,95,102,104,88,81,61,65,70,80,70,72,74,57,104,69,41,,,,90,,
20260403,14,CO,0.53,0.72,0.16,0.62,0.85,0.35,0.38,0.20,0.55,0.63,0.23,0.28,0.47,0.23,0.24,0.77,0.52,1.06,0.57,0.53,0.52,0.73,0.55,0.84,0.32,0.56,0.88,0.57,0.52,0.77,0.66,0.68,0.50,0.60,0.50,0.57,0.54,0.80,0.80,0.43,0.50,0.55,0.40,0.50,0.76,0.57,0.43,0.58,0.44,0.60,0.43,0.57,0.50,0.63,0.55,0.47,0.47,0.30,0.30,0.63,0.53,0.50,0.62,0.38,0.45,0.46,0.40,0.44,0.28,0.25,0.37,0.60,0.24,0.44,0.30,0.37,0.29,0.22,0.76,0.55,0.57,0.82,0.63,0.41,0.44,0.43,0.38,0.45,0.50,0.38,0.43,0.53,0.43,0.88,0.50,0.67,0.70,0.70,0.63,0.63,0.80,0.50,0.50,0.53,0.60,0.50,0.73,0.50,0.27,0.30,0.36,0.38,0.28,0.28,0.66,0.86,0.85,0.96,0.78,1.43,0.34,1.13,0.32,0.48,0.50,0.60,0.51,0.38,0.52,0.70,0.30,0.38,0.42,0.50,0.60,0.82,0.50,0.85,0.60,0.87,0.50,0.47,0.65,1.10,0.60,0.53,0.57,0.20,0.57,0.50,0.33,0.20,0.25,0.24,0.30,0.30,0.60,0.40,0.44,0.20,,,,,,,,,,,,,,,,,,,,,,,,,,,,,,0.30,0.30,0.65,0.57,0.17,0.20,0.55,0.27,0.23,0.23,0.70,0.30,0.30,0.25,,0.30,0.40,0.88,0.63,0.75,0.90,0.87,0.60,0.60,0.90,0.20,0.30,0.27,0.70,0.37,0.43,0.25,0.35,0.75,0.40,0.35,0.15,0.45,0.44,0.25,0.55,0.53,0.45,0.50,0.40,0.20,0.35,0.15,0.65,0.27,0.63,2.70,0.50,0.65,0.60,0.57,0.63,0.43,0.80,0.60,0.90,0.77,1.00,0.65,0.53,0.45,0.35,0.35,0.38,0.40,0.33,0.20,0.77,0.43,0.50,0.57,0.40,0.50,0.57,0.80,0.67,0.45,0.77,0.85,0.80,0.60,0.65,0.30,0.65,0.35,0.55,0.50,0.45,0.60,0.60,0.90,0.73,0.80,0.70,0.70,0.67,0.60,0.33,0.50,0.65,0.58,0.20,0.35,0.60,0.50,0.20,,0.25,0.75,0.43,0.47,0.60,0.45,0.50,0.50,,0.70,0.30,0.30,0.50,0.60,0.35,0.40,0.30,0.20,0.60,0.40,0.40,0.20,0.45,0.25,0.25,0.30,0.60,,0.35,0.40,0.30,0.20,0.50,0.35,0.15,0.20,0.20,0.25,0.20,,0.15,,0.45,,0.25,0.50,0.30,0.20,0.30,0.30,0.20,0.40,0.20,0.25,0.20,0.50,0.15,0.20,0.15,0.30,0.20,0.25,0.45,0.50,0.10,0.30,0.35,0.45,,,,0.60,,
20260403,14,CO_24h,0.78,0.88,0.66,0.87,0.80,0.45,0.64,0.37,0.60,0.88,0.53,0.38,0.73,0.62,0.36,0.80,0.62,1.11,1.03,0.54,0.63,0.69,0.63,0.70,0.54,0.68,0.71,0.57,0.68,0.98,0.80,0.72,0.72,0.60,0.49,0.43,0.47,0.72,0.60,0.47,0.55,0.40,0.50,0.40,0.68,0.43,0.43,0.72,0.54,0.74,0.48,0.63,0.58,0.64,0.54,0.50,0.50,0.35,0.40,0.63,0.55,0.57,0.71,0.45,0.53,0.53,0.47,0.45,0.27,0.54,0.47,0.50,0.24,0.35,0.42,0.52,0.50,0.28,0.68,0.70,0.47,0.68,0.53,0.56,0.64,0.63,0.64,0.58,0.70,0.53,0.57,0.70,0.47,0.82,0.60,0.77,0.80,0.57,0.67,0.67,0.75,0.55,0.50,0.57,0.65,0.40,0.60,0.50,0.40,0.50,0.40,0.57,0.82,0.82,0.72,0.92,1.00,0.92,0.62,1.43,0.52,1.00,0.43,0.57,0.60,0.66,0.63,0.40,0.62,0.83,0.40,0.50,0.43,0.53,0.60,0.88,0.50,0.93,0.65,0.84,0.50,0.53,0.70,0.93,0.70,0.50,0.50,0.25,0.60,0.50,0.67,0.55,0.45,0.48,0.50,0.30,0.70,0.44,0.44,0.40,,,,,,,,,,,,,,,,,,,,,,,,,,,,,,0.43,0.40,0.55,0.73,0.20,0.75,0.58,0.57,0.57,0.27,0.80,0.30,0.30,0.33,,0.25,0.50,0.65,0.73,0.70,0.83,0.60,0.90,0.85,0.90,0.45,0.40,0.43,1.00,0.47,0.53,0.38,0.45,0.73,0.40,0.75,0.20,0.57,0.46,0.45,0.50,0.58,0.45,0.60,0.54,0.43,0.35,0.27,0.90,0.27,0.53,0.80,0.40,0.75,0.45,0.67,0.83,0.60,0.65,0.70,0.95,0.75,0.88,0.65,0.58,0.50,0.45,0.38,0.48,0.53,0.47,0.23,0.78,0.60,0.74,0.70,0.42,0.60,0.40,0.70,0.80,0.55,0.88,0.90,0.80,0.60,0.67,0.35,0.75,0.45,0.55,0.60,0.63,0.87,0.67,0.90,0.73,0.90,0.75,0.70,0.70,0.65,0.40,0.50,0.65,0.60,0.35,0.45,0.60,0.50,0.20,,0.25,0.45,0.50,0.60,0.60,0.55,0.45,0.60,,0.75,0.30,0.30,0.45,0.70,0.55,0.40,0.40,0.50,0.90,0.40,0.65,0.20,0.60,0.35,0.25,0.30,0.90,,0.35,0.50,0.67,0.27,0.60,0.45,0.20,0.40,0.20,0.25,0.40,,0.30,,0.60,,0.40,0.50,0.30,0.20,0.30,0.30,0.30,0.40,0.30,0.25,0.30,0.55,0.10,0.25,0.25,0.55,0.25,0.65,0.60,0.60,0.40,0.30,0.55,0.45,,,,0.55,,
20260403,15,AQI,62,108,163,88,120,72,127,86,108,138,75,117,100,118,29,76,58,251,57,31,25,30,34,99,39,35,30,31,30,26,54,35,40,25,29,46,44,33,32,30,30,32,26,23,61,29,34,18,48,61,53,27,30,44,43,40,36,36,36,39,43,33,58,34,29,36,32,37,33,142,90,58,155,51,29,28,33,58,93,63,89,114,33,45,64,53,37,54,42,65,59,49,51,103,62,56,50,53,56,42,26,62,37,36,55,50,66,45,36,41,61,119,500,162,130,74,70,74,111,225,46,225,51,25,27,18,136,62,42,74,40,108,28,33,31,26,22,50,45,46,25,36,34,42,31,32,47,33,26,39,163,141,378,102,149,145,76,70,37,75,,,,,,,,,,,,,,,,,,,,,,,,,,,,,,33,35,43,114,56,160,95,78,178,38,108,30,34,32,,49,76,106,74,66,130,88,70,65,57,69,58,54,157,39,78,26,53,109,25,36,26,42,40,40,29,34,21,49,35,38,39,35,20,23,23,23,22,20,31,16,21,20,19,23,17,19,19,18,58,52,52,38,37,33,37,35,26,74,35,22,30,33,23,55,36,30,25,23,28,12,22,26,23,25,52,51,52,46,54,90,46,47,58,65,107,37,35,37,35,29,31,28,26,30,33,,28,41,32,34,28,27,47,27,,26,51,45,31,70,56,35,43,42,64,32,76,20,27,34,30,29,35,,30,31,132,96,37,115,100,91,145,89,132,,201,,129,,47,59,54,39,52,52,39,61,231,126,156,55,38,52,55,79,90,95,200,45,33,4,36,36,,,,37,,
20260403,15,PM2.5,13,81,38,65,91,39,20,13,20,41,23,51,41,26,4,56,37,201,36,9,11,10,10,74,5,19,3,9,17,13,38,10,28,17,3,32,31,23,10,5,3,20,17,15,36,20,24,3,12,44,24,17,21,30,29,25,23,25,21,27,26,22,40,24,12,19,10,14,5,21,44,12,57,16,9,19,5,12,69,40,66,86,23,22,7,3,7,16,9,28,21,12,20,77,37,22,35,31,40,23,18,18,26,21,39,30,48,21,12,7,7,49,148,36,99,54,51,54,84,175,32,175,32,17,15,11,50,35,16,33,14,36,6,20,20,3,9,25,17,14,16,19,16,11,3,14,21,12,12,7,23,30,45,19,28,44,25,8,8,26,,,,,,,,,,,,,,,,,,,,,,,,,,,,,,3,10,30,35,7,39,39,13,29,4,81,9,6,12,,24,37,80,54,48,99,65,51,37,36,50,41,12,120,23,57,10,37,82,7,25,5,24,24,6,18,24,3,34,9,9,27,5,9,16,14,5,5,11,22,8,6,3,13,4,5,8,10,9,33,23,14,17,13,6,18,6,17,16,6,13,11,9,12,28,7,10,5,13,6,3,3,6,3,8,26,23,22,28,38,67,29,21,41,47,42,13,13,4,3,16,5,3,16,13,10,,3,7,8,16,3,19,33,19,,15,31,26,6,39,40,18,30,20,46,19,56,5,6,3,3,3,3,,3,3,34,28,19,46,34,37,79,42,51,,69,,75,,7,22,19,16,19,26,3,22,61,31,49,17,8,20,5,41,36,35,62,7,3,,17,9,,,,26,,
20260403,15,PM2.5_24h,84,75,85,72,70,33,99,30,45,97,67,41,55,42,35,49,59,214,134,34,33,26,39,67,44,44,22,29,38,59,66,58,82,31,23,34,28,33,22,32,26,18,21,14,27,16,16,21,33,57,22,22,18,25,21,21,26,23,23,23,20,29,40,24,19,32,24,18,6,35,50,25,64,19,14,14,72,58,50,52,54,66,13,65,42,37,48,37,52,48,51,40,45,71,46,59,22,19,26,21,18,19,23,23,33,22,25,24,22,38,29,31,54,62,42,53,62,47,69,201,53,138,60,27,34,17,48,36,29,44,20,45,10,15,18,16,13,33,23,45,21,19,25,14,16,11,25,15,23,14,48,39,36,30,35,67,28,81,10,25,,,,,,,,,,,,,,,,,,,,,,,,,,,,,,23,24,27,37,34,43,32,46,39,89,97,9,100,24,,17,82,64,51,52,65,68,74,42,40,80,49,45,137,43,82,27,63,120,12,109,7,39,26,28,25,25,18,44,24,38,17,33,24,21,10,12,10,14,17,20,12,17,21,18,10,15,11,14,36,25,24,22,23,21,44,18,21,20,25,20,15,20,21,22,23,17,16,22,21,19,26,9,14,10,34,29,29,42,30,51,35,56,38,48,21,10,12,27,32,16,17,20,15,15,8,,5,9,20,26,11,20,26,21,,21,31,23,6,50,41,20,38,39,75,21,44,8,9,6,6,4,26,,4,5,25,51,25,18,53,20,89,70,43,,32,,24,,33,28,25,21,26,20,4,28,80,92,35,49,11,22,17,41,39,50,36,17,12,3,12,22,,,,23,,
20260403,15,PM10,74,139,275,106,115,93,203,121,165,226,100,183,149,186,10,91,66,,64,9,25,14,16,98,27,35,14,24,19,19,55,22,39,25,11,32,36,29,17,9,9,32,23,23,71,23,31,8,48,71,55,21,29,44,43,40,36,36,36,39,43,33,65,34,23,31,32,23,11,233,130,66,260,52,19,24,33,65,120,75,76,98,,45,77,56,37,57,34,80,67,49,52,113,73,62,49,56,50,42,22,73,31,36,51,50,71,45,35,31,72,188,926,274,189,90,75,92,84,229,36,251,51,25,27,12,222,73,34,98,28,165,13,21,31,13,12,50,45,46,25,36,21,21,11,30,47,33,20,21,276,231,482,153,248,239,102,90,37,100,,,,,,,,,,,,,,,,,,,,,,,,,,,,,,21,33,40,178,62,270,140,106,306,38,106,25,30,30,,49,101,96,63,60,98,76,,79,64,,43,58,165,39,73,16,49,129,15,28,11,42,40,22,29,29,18,41,24,27,31,19,12,23,17,19,15,13,28,16,11,10,13,15,17,18,19,18,66,53,53,32,22,27,32,19,26,98,24,20,22,26,17,59,25,22,17,15,12,11,6,15,10,10,54,51,53,46,50,79,46,47,51,64,163,37,27,14,31,29,31,7,26,14,31,,13,24,21,15,13,16,,21,,21,52,45,24,89,56,32,39,42,59,28,97,14,15,6,11,8,11,,6,7,213,142,37,180,150,132,240,127,213,,351,,207,,47,68,58,39,53,53,16,71,372,201,261,59,28,53,59,108,129,140,349,45,18,,33,30,,,,33,,
20260403,15,PM10_24h,160,133,178,130,120,59,182,109,99,161,103,83,92,114,119,89,95,266,207,47,54,41,60,92,68,70,45,53,50,82,90,69,96,53,36,46,42,50,37,50,38,33,32,26,55,23,25,26,65,77,41,33,24,44,42,42,43,36,43,42,38,43,54,34,34,40,40,30,15,94,155,55,267,55,18,19,290,301,93,97,58,79,17,90,83,75,80,67,87,87,88,66,71,105,70,84,30,30,34,35,24,34,33,33,47,30,36,37,38,69,110,62,143,150,72,92,104,86,76,260,73,184,81,42,53,27,81,61,49,74,39,74,17,22,31,21,14,46,41,56,27,36,33,30,26,27,40,25,37,31,105,107,157,84,102,361,132,386,43,82,,,,,,,,,,,,,,,,,,,,,,,,,,,,,,45,41,41,84,140,141,62,106,172,368,166,23,371,92,,112,331,85,78,94,77,99,97,68,75,129,72,62,221,61,107,38,92,167,30,134,18,62,47,59,48,38,29,59,47,62,23,55,38,34,18,14,16,17,20,28,16,28,25,26,25,21,24,28,60,55,52,35,32,41,56,34,40,38,44,38,23,48,33,37,39,31,23,20,28,24,38,14,21,15,49,47,46,61,44,61,43,71,55,68,49,22,26,31,51,21,38,27,26,21,22,,11,28,33,33,19,30,33,31,,26,47,38,14,89,50,34,49,53,96,27,65,14,17,11,30,16,41,,12,11,54,246,44,52,200,51,350,298,148,,141,,70,,98,64,65,48,74,52,16,157,329,382,157,170,44,47,79,116,109,160,177,59,50,12,40,56,,,,38,,
20260403,15,SO2,3,9,3,13,11,6,4,2,5,3,7,7,5,3,5,10,7,7,7,5,6,5,3,11,8,5,5,5,4,8,8,6,6,6,5,4,6,5,5,5,6,3,3,5,6,4,2,6,7,7,5,7,4,5,5,4,6,4,6,4,5,8,5,7,7,5,7,4,4,4,7,5,6,7,3,5,5,5,14,6,7,12,3,13,10,7,9,9,9,7,6,5,7,11,5,11,7,6,11,7,7,6,6,5,7,4,7,7,3,5,4,8,3,5,6,8,11,9,9,8,6,20,7,6,6,6,10,4,7,12,7,12,6,6,8,7,9,14,7,6,4,8,6,12,5,8,3,6,5,6,3,2,2,6,14,14,22,7,5,10,,,,,,,,,,,,,,,,,,,,,,,,,,,,,,5,1,4,5,4,8,8,6,5,8,5,6,9,4,,5,8,10,7,11,9,10,8,9,9,1,6,5,9,9,5,4,5,9,8,5,6,6,8,6,8,4,4,8,6,4,5,5,3,5,3,6,3,4,5,5,6,2,9,4,6,9,8,6,9,10,3,5,5,6,3,3,23,7,9,6,6,3,6,6,3,7,6,7,6,5,5,4,6,4,13,6,4,9,7,10,6,5,8,8,12,13,7,4,8,7,5,6,9,8,5,,6,16,5,9,4,10,13,3,,3,6,5,7,7,7,5,6,7,9,6,6,6,6,6,8,8,4,,7,5,4,2,5,5,5,13,9,4,7,,2,,8,,4,7,5,9,11,9,4,14,4,8,4,8,10,9,5,4,6,3,2,7,5,5,8,10,,,,7,,
20260403,15,SO2_24h,6,11,4,12,14,6,7,5,5,7,9,7,10,10,10,11,8,11,12,7,6,7,5,10,10,7,6,7,6,12,9,8,8,7,5,5,7,6,6,6,6,3,3,4,7,4,2,7,8,7,6,7,4,5,5,4,6,4,6,4,5,8,4,6,8,5,5,4,4,6,9,8,6,6,3,5,11,5,13,9,7,11,3,21,11,8,13,11,11,7,7,6,9,9,6,13,7,6,6,4,9,6,6,5,5,6,7,6,4,6,9,10,10,9,26,11,12,12,9,14,6,11,8,7,9,6,11,5,8,12,6,14,6,6,7,7,9,6,6,5,4,7,7,12,6,6,3,5,9,7,6,4,3,7,8,11,15,11,6,10,,,,,,,,,,,,,,,,,,,,,,,,,,,,,,6,2,5,6,4,13,9,9,7,10,9,6,8,5,,6,8,16,9,10,13,9,9,12,10,2,7,8,13,9,6,5,6,11,6,8,7,7,9,8,8,6,4,8,7,9,5,7,4,6,3,6,3,4,5,5,5,4,12,3,7,7,7,8,9,9,4,6,6,6,4,4,8,7,10,8,4,4,6,6,4,7,6,7,5,7,5,4,5,4,10,7,5,11,12,11,7,5,6,8,8,8,7,5,8,7,5,6,8,7,5,,6,8,6,10,4,10,9,3,,5,6,6,8,7,6,5,7,6,9,6,5,6,6,6,9,7,8,,7,6,5,16,5,8,6,11,9,5,8,,3,,8,,4,9,6,10,10,15,6,15,6,8,5,5,8,6,3,5,20,4,2,6,7,5,10,9,,,,7,,
20260403,15,NO2,6,20,5,22,24,7,3,7,10,12,10,10,5,6,3,17,12,38,24,21,16,28,15,30,9,23,29,17,16,21,14,12,12,34,21,41,31,21,24,16,22,30,15,25,26,32,33,18,10,9,9,14,7,18,9,4,9,4,7,10,8,10,9,14,8,10,8,7,6,8,6,7,10,20,6,10,4,6,23,10,14,20,31,9,9,8,10,11,10,16,11,6,7,33,12,13,18,20,16,7,19,5,11,4,28,18,30,6,5,11,6,8,5,8,17,12,16,14,23,29,9,41,9,28,14,36,12,7,12,11,8,13,13,14,8,5,9,13,4,6,4,9,8,8,9,5,13,7,5,10,7,8,4,7,11,4,13,3,4,3,,,,,,,,,,,,,,,,,,,,,,,,,,,,,,5,6,29,5,3,6,10,6,5,3,15,7,4,3,,7,5,21,10,11,22,22,10,10,8,10,12,7,20,9,9,4,15,17,8,13,3,12,11,6,28,41,10,21,7,5,9,5,20,13,19,9,7,8,28,19,8,12,24,15,15,13,10,22,9,11,12,8,8,6,5,5,13,5,5,15,9,10,10,6,10,5,5,5,2,7,13,6,10,3,22,6,5,8,14,9,12,3,4,9,11,10,10,11,9,8,13,7,6,3,6,,5,9,7,5,8,8,10,6,,5,6,7,8,7,4,5,5,6,8,8,10,7,6,4,2,3,4,,1,2,6,5,7,6,4,13,5,5,4,,6,,9,,3,4,2,1,1,1,2,5,4,3,3,9,3,12,7,5,2,7,2,7,5,7,9,4,,,,4,,
20260403,15,NO2_24h,40,42,21,36,49,12,40,15,26,50,27,21,14,25,14,26,28,42,40,20,19,23,24,26,22,35,25,21,26,28,29,17,28,26,15,33,21,20,20,21,21,22,21,13,27,19,19,21,14,13,14,15,14,23,10,7,19,6,10,17,10,24,21,6,16,20,11,10,7,25,18,9,11,26,14,15,16,9,23,17,18,25,15,27,17,13,29,17,21,23,20,15,15,35,14,26,20,14,11,7,14,10,12,4,32,12,18,8,12,16,13,10,17,30,31,20,30,21,27,42,16,44,25,22,21,29,24,14,22,17,13,21,17,18,21,8,13,30,7,20,6,19,15,15,14,7,20,11,10,8,26,23,14,21,23,3,11,6,10,22,,,,,,,,,,,,,,,,,,,,,,,,,,,,,,11,11,22,15,9,20,13,27,31,4,20,9,5,9,,7,6,27,16,21,26,33,29,31,28,13,18,19,34,12,20,9,19,30,11,32,7,25,18,19,31,32,13,26,14,19,12,13,27,15,12,13,8,12,18,20,11,19,20,21,18,14,10,16,16,16,16,15,13,14,12,11,13,10,14,16,12,12,9,8,16,10,11,10,5,11,18,9,15,9,25,9,10,28,14,15,23,13,10,11,30,15,11,14,18,10,27,11,16,9,5,,14,8,11,9,13,9,12,9,,7,7,13,9,16,10,8,6,9,18,10,17,6,9,7,3,7,18,,5,3,21,12,19,14,6,23,4,7,19,,13,,11,,21,5,2,2,2,2,10,3,7,6,11,11,9,21,11,33,15,35,17,22,8,5,11,15,,,,4,,
20260403,15,O3,84,118,90,87,120,127,94,97,91,97,115,122,115,99,94,115,158,52,55,99,81,95,110,124,124,87,96,99,95,84,119,112,127,62,93,62,67,92,101,97,96,64,84,67,78,61,56,56,134,125,133,87,87,57,59,65,71,68,74,66,62,73,112,95,92,114,99,118,104,111,117,116,101,113,92,91,99,102,134,139,141,148,55,139,123,138,114,152,135,155,160,131,141,123,169,161,44,81,125,85,45,83,63,68,33,84,63,91,116,131,92,119,114,96,72,140,122,128,137,67,92,151,82,56,76,46,120,124,135,117,127,127,90,104,82,84,69,65,69,63,73,110,109,135,99,103,118,84,83,125,97,109,76,114,111,111,120,95,115,110,,,,,,,,,,,,,,,,,,,,,,,,,,,,,,105,112,53,120,95,99,141,92,93,95,65,95,109,102,,90,96,119,127,106,74,81,118,136,132,62,82,112,103,94,98,84,89,102,80,84,82,132,113,127,51,34,67,76,111,123,98,112,65,69,72,75,70,63,65,48,68,63,44,74,33,60,44,59,123,120,134,121,117,106,118,111,61,106,111,70,97,104,73,61,114,96,80,75,89,37,69,82,74,81,38,70,74,88,69,133,86,73,127,121,96,90,113,119,112,87,64,88,82,95,105,,91,132,102,109,88,78,136,82,,83,115,88,98,140,127,113,125,133,136,101,117,63,87,108,97,94,111,,97,98,103,101,93,122,105,125,102,119,109,,107,,106,,97,131,114,121,116,112,124,136,100,106,107,111,121,136,107,117,111,104,106,115,106,,114,114,,,,100,,
20260403,15,O3_24h,84,118,90,87,120,127,94,97,91,97,115,122,115,99,94,115,158,52,55,99,81,95,110,124,124,87,96,99,95,84,119,112,127,62,93,62,67,92,101,97,96,64,84,67,78,61,56,56,134,125,133,87,87,57,59,65,71,68,74,66,62,73,112,95,92,114,99,118,104,111,117,116,101,113,92,91,99,102,134,139,141,148,55,139,123,138,114,152,135,155,160,131,141,123,169,161,44,81,125,85,45,83,63,68,33,84,63,91,116,131,92,119,114,96,72,140,122,128,137,67,92,151,82,56,76,46,120,124,135,117,127,127,90,104,82,84,69,65,69,63,73,110,109,135,99,103,118,84,83,125,97,109,76,114,111,111,120,95,115,110,,,,,,,,,,,,,,,,,,,,,,,,,,,,,,105,112,53,120,95,99,141,92,93,95,65,95,109,102,,90,96,119,127,106,74,81,118,136,132,62,82,112,103,94,98,84,89,102,80,84,82,132,113,127,51,34,67,76,111,123,98,112,65,69,72,75,70,63,65,48,68,63,44,74,33,60,44,59,123,120,134,121,117,106,118,111,61,106,111,70,97,104,73,61,114,96,80,75,89,37,69,82,74,81,38,70,74,88,69,133,86,73,127,121,96,90,113,119,112,87,64,88,82,95,105,,91,132,102,109,88,78,136,82,,83,115,88,98,140,127,113,125,133,136,101,117,63,87,108,97,94,111,,97,98,103,101,93,122,105,125,102,119,109,,107,,106,,97,131,114,121,116,112,124,136,100,106,107,111,121,136,107,117,111,104,106,115,106,,114,114,,,,100,,
20260403,15,O3_8h,69,82,87,67,86,98,88,109,86,72,92,86,92,85,86,120,125,66,56,129,93,110,111,106,94,80,101,104,95,83,77,102,89,85,135,67,103,103,109,111,122,105,79,90,69,81,85,45,127,131,109,70,67,53,83,61,58,67,64,71,88,63,62,83,56,57,80,104,92,77,100,85,105,74,67,62,91,101,119,111,120,104,84,100,100,109,128,147,113,147,139,114,128,111,154,151,38,99,78,66,62,95,76,65,36,85,89,85,99,108,100,104,87,96,68,118,124,122,97,84,72,99,68,88,82,61,90,98,106,87,102,74,64,78,54,76,48,25,61,60,66,51,68,92,63,71,57,50,72,105,71,81,62,84,83,116,95,103,84,80,,,,,,,,,,,,,,,,,,,,,,,,,,,,,,99,101,70,86,102,87,95,74,84,98,66,68,94,98,,80,101,91,119,113,72,103,105,103,98,86,67,77,94,89,86,73,87,95,73,71,73,82,80,100,52,56,60,77,101,91,87,84,57,86,95,76,98,67,86,54,50,46,47,59,30,56,52,76,105,96,101,104,110,87,95,99,58,83,85,66,91,90,75,47,95,49,47,55,76,32,46,54,51,51,26,66,69,64,51,87,38,30,83,77,47,53,77,71,69,61,37,47,47,58,77,,72,84,83,88,58,67,96,53,,57,99,73,88,102,95,92,115,105,93,86,71,67,69,78,90,72,74,,70,67,53,92,46,83,101,71,97,98,107,,90,,80,,76,99,93,110,105,99,96,123,99,103,105,93,87,73,72,76,85,77,78,80,65,108,82,55,,,,91,,
20260403,15,O3_8h_24h,69,80,85,67,86,98,83,85,86,72,92,86,92,85,86,120,125,60,56,115,73,109,111,106,92,80,101,104,95,83,77,99,89,75,115,64,80,101,108,86,113,74,79,83,68,65,58,41,126,131,109,70,67,48,58,58,58,65,64,59,74,63,62,83,56,57,80,104,91,77,100,85,97,74,67,62,91,90,119,111,120,104,59,100,100,109,128,147,107,147,139,114,128,111,154,151,38,79,78,66,53,88,62,65,31,82,70,85,99,108,85,104,87,87,66,118,124,120,97,84,72,99,68,68,76,51,90,98,106,87,102,74,60,78,54,74,48,25,61,60,66,51,68,92,63,71,57,50,72,105,71,81,62,84,83,105,95,88,84,80,,,,,,,,,,,,,,,,,,,,,,,,,,,,,,99,101,57,86,87,87,95,74,84,86,59,68,94,89,,80,87,91,118,113,72,103,105,103,98,65,67,77,94,89,86,73,87,95,73,71,73,82,80,100,51,55,60,66,101,91,80,84,57,77,70,61,79,54,70,44,46,46,42,59,27,48,43,61,103,96,101,104,110,87,95,99,49,83,85,54,91,90,62,47,95,49,47,55,76,29,46,54,51,51,26,66,69,64,51,87,38,30,83,77,47,53,77,71,69,61,37,47,47,58,77,,72,84,83,88,58,67,96,53,,57,99,73,86,102,95,92,115,105,93,86,71,58,69,78,90,72,74,,70,67,53,89,46,83,100,71,87,97,107,,89,,80,,76,99,93,110,105,99,96,120,95,102,105,91,86,73,72,76,85,77,78,80,65,103,76,55,,,,91,,
20260403,15,CO,0.25,0.74,0.13,0.60,0.85,0.40,0.13,0.20,0.25,0.33,0.25,0.30,0.38,0.23,0.24,0.78,0.47,1.15,0.62,0.51,0.53,0.74,0.53,0.80,0.32,0.58,0.84,0.59,0.52,0.78,0.56,0.64,0.40,0.59,0.49,0.53,0.55,0.75,0.73,0.47,0.50,0.57,0.40,0.50,0.70,0.57,0.47,0.58,0.44,0.60,0.47,0.54,0.50,0.62,0.56,0.47,0.43,0.30,0.33,0.63,0.53,0.47,0.59,0.40,0.43,0.43,0.33,0.44,0.28,0.23,0.33,0.50,0.26,0.47,0.28,0.38,0.30,0.22,0.76,0.55,0.57,0.88,0.67,0.33,0.44,0.35,0.25,0.40,0.48,0.47,0.37,0.47,0.33,0.88,0.50,0.62,0.77,0.70,0.67,0.63,0.85,0.50,0.45,0.53,0.55,0.50,0.80,0.50,0.27,0.30,0.39,0.30,0.25,0.28,0.64,0.86,0.77,0.84,0.80,1.28,0.32,1.20,0.28,0.50,0.50,0.70,0.43,0.35,0.52,0.60,0.38,0.38,0.42,0.47,0.60,0.77,0.50,0.85,0.57,0.77,0.45,0.47,0.63,0.95,0.57,0.50,0.50,0.25,0.48,0.50,0.33,0.20,0.25,0.24,0.30,0.30,1.13,0.42,0.38,0.20,,,,,,,,,,,,,,,,,,,,,,,,,,,,,,0.30,0.30,0.85,0.30,0.20,0.20,0.50,0.27,0.20,0.23,0.70,0.20,0.30,0.25,,0.30,0.40,0.80,0.63,0.75,0.93,0.73,0.60,0.60,0.85,0.30,0.30,0.27,0.70,0.37,0.40,0.28,0.40,0.63,0.35,0.30,0.15,0.37,0.44,0.25,0.55,0.68,0.45,0.50,0.38,0.20,0.35,0.20,0.68,0.23,0.63,0.87,0.40,0.65,0.60,0.60,0.63,0.43,0.60,0.68,0.90,0.75,1.02,0.70,0.50,0.47,0.35,0.35,0.38,0.35,0.33,0.13,0.90,0.40,0.46,0.53,0.47,0.50,0.47,0.80,0.63,0.45,0.77,0.85,0.80,0.65,0.60,0.25,0.60,0.35,0.60,0.53,0.45,0.60,0.60,0.80,0.73,0.70,0.75,0.70,0.63,0.65,0.33,0.50,0.60,0.58,0.23,0.35,0.50,0.50,0.20,,0.25,0.80,0.40,0.40,0.60,0.45,0.50,0.50,,0.70,0.30,0.30,0.50,0.50,0.35,0.40,0.30,0.25,0.45,0.40,0.30,0.20,0.50,0.20,0.25,0.30,0.50,,0.30,0.40,0.30,0.20,0.50,0.35,0.20,0.20,0.20,0.25,0.20,,0.15,,0.45,,0.25,0.50,0.40,0.20,0.30,0.30,0.20,0.30,0.27,0.25,0.20,0.50,0.15,0.35,0.20,0.25,0.15,0.25,0.35,0.45,,,0.40,0.30,,,,0.60,,
20260403,15,CO_24h,0.77,0.88,0.62,0.88,0.90,0.45,0.60,0.37,0.60,0.85,0.53,0.38,0.73,0.60,0.36,0.80,0.62,1.18,1.04,0.54,0.63,0.70,0.63,0.74,0.52,0.64,0.71,0.57,0.66,0.98,0.80,0.72,0.72,0.62,0.49,0.47,0.50,0.72,0.63,0.47,0.55,0.40,0.50,0.40,0.68,0.43,0.43,0.72,0.54,0.71,0.47,0.63,0.58,0.64,0.54,0.50,0.50,0.35,0.40,0.63,0.55,0.57,0.70,0.45,0.53,0.53,0.47,0.45,0.27,0.53,0.47,0.50,0.24,0.35,0.42,0.48,0.50,0.28,0.70,0.70,0.47,0.68,0.57,0.56,0.64,0.63,0.64,0.58,0.70,0.53,0.57,0.70,0.47,0.82,0.60,0.77,0.77,0.57,0.67,0.63,0.75,0.55,0.50,0.53,0.65,0.50,0.60,0.50,0.40,0.50,0.41,0.55,0.77,0.82,0.74,0.90,0.97,0.90,0.64,1.45,0.52,1.00,0.43,0.57,0.60,0.64,0.62,0.40,0.62,0.83,0.40,0.48,0.43,0.53,0.60,0.88,0.50,0.93,0.65,0.83,0.50,0.53,0.70,0.95,0.70,0.50,0.57,0.25,0.60,0.50,0.67,0.55,0.45,0.48,0.50,0.30,0.70,0.42,0.44,0.35,,,,,,,,,,,,,,,,,,,,,,,,,,,,,,0.40,0.40,0.55,0.73,0.20,0.75,0.58,0.57,0.53,0.27,0.80,0.30,0.30,0.33,,0.25,0.50,0.65,0.73,0.65,0.83,0.60,0.90,0.85,0.90,0.45,0.40,0.43,1.00,0.43,0.53,0.35,0.45,0.73,0.40,0.70,0.20,0.57,0.46,0.45,0.53,0.60,0.45,0.60,0.54,0.43,0.35,0.23,0.90,0.27,0.53,0.83,0.40,0.75,0.45,0.67,0.83,0.57,0.65,0.70,0.95,0.75,0.88,0.65,0.58,0.50,0.45,0.38,0.48,0.50,0.47,0.23,0.75,0.60,0.74,0.70,0.42,0.60,0.37,0.70,0.80,0.50,0.88,0.90,0.80,0.60,0.67,0.35,0.70,0.45,0.55,0.60,0.57,0.83,0.67,0.90,0.73,0.90,0.75,0.70,0.70,0.65,0.40,0.50,0.65,0.60,0.35,0.45,0.60,0.50,0.20,,0.25,0.50,0.50,0.60,0.60,0.55,0.45,0.60,,0.75,0.35,0.30,0.45,0.70,0.55,0.40,0.40,0.50,0.90,0.40,0.65,0.20,0.60,0.35,0.25,0.30,0.90,,0.35,0.50,0.67,0.27,0.60,0.45,0.20,0.40,0.20,0.25,0.40,,0.30,,0.60,,0.40,0.50,0.40,0.20,0.30,0.30,0.30,0.40,0.30,0.25,0.30,0.50,0.10,0.25,0.25,0.55,0.25,0.65,0.60,0.55,0.40,0.30,0.50,0.45,,,,0.55,,
20260403,18,AQI,41,66,93,123,146,84,105,34,102,116,110,103,116,68,29,79,65,70,32,24,28,22,26,64,37,43,25,48,31,24,31,36,71,18,20,34,37,23,23,26,26,31,23,16,59,17,37,14,55,56,102,27,30,44,45,37,38,38,38,40,42,37,60,41,33,68,31,36,33,137,91,38,116,49,31,30,30,50,94,69,104,171,53,60,101,61,129,55,43,74,73,43,44,52,60,54,19,58,59,54,21,40,51,40,59,51,86,43,38,39,29,281,116,63,83,70,63,61,134,237,55,207,47,27,37,20,341,61,48,500,51,500,36,27,32,27,22,41,47,23,29,54,38,33,32,51,73,47,28,40,142,195,104,107,188,113,101,56,38,82,,,,,,,,,,,,,,,,,,,,,,,,,,,,,,32,42,50,328,39,65,500,44,88,30,50,28,32,31,,38,42,46,74,61,93,98,55,42,39,64,53,119,177,44,65,25,64,100,28,84,25,45,35,36,44,27,18,49,29,35,30,33,23,34,40,22,19,21,39,20,24,25,22,24,19,26,21,18,76,81,42,34,34,31,36,33,37,96,32,34,31,33,28,51,35,55,25,23,28,15,21,27,25,27,73,51,53,56,54,66,41,30,52,69,123,51,40,40,81,36,39,56,49,64,38,,28,30,31,33,28,26,44,27,,28,52,33,30,64,49,39,47,47,54,43,58,23,25,37,55,31,33,,29,29,103,60,65,121,136,67,124,91,126,,128,,116,,42,49,43,51,45,51,40,53,96,54,138,66,37,37,67,83,93,99,198,42,37,33,40,35,,,,41,,
20260403,18,PM2.5,3,8,17,87,112,48,13,10,18,13,31,27,29,14,3,58,42,51,18,8,11,13,7,46,6,25,9,25,22,17,20,6,52,10,7,24,26,16,13,3,3,22,14,9,30,9,26,3,9,37,45,17,12,28,30,24,24,25,22,28,28,25,43,29,16,18,13,22,4,29,49,19,40,15,7,14,7,11,70,49,78,130,37,40,29,14,25,21,8,54,53,10,14,30,43,13,3,30,42,30,15,25,36,21,42,35,64,25,21,10,5,82,22,17,44,51,45,44,102,187,38,157,27,16,26,10,91,44,28,95,36,89,25,18,18,3,10,15,24,4,19,24,19,14,5,14,18,15,14,13,33,56,21,29,45,57,38,9,8,31,,,,,,,,,,,,,,,,,,,,,,,,,,,,,,10,24,35,67,8,12,81,10,15,7,25,10,10,9,,16,21,30,54,44,69,73,39,13,13,46,37,30,134,25,47,10,46,75,15,62,5,22,18,8,31,18,3,34,5,7,17,3,16,24,28,11,6,12,27,13,15,12,6,9,13,14,3,7,52,40,16,24,21,18,25,22,18,34,20,21,17,6,18,34,8,36,4,10,3,6,7,6,3,8,53,27,31,32,37,48,11,21,20,50,51,19,15,7,12,13,7,24,20,21,9,,3,5,9,17,7,18,30,19,,12,34,8,11,39,34,27,33,26,36,30,41,13,15,11,7,3,14,,3,6,31,14,30,34,55,28,69,43,66,,50,,66,,17,10,17,25,19,25,3,18,11,18,51,22,16,6,16,34,36,39,59,9,3,3,10,3,,,,27,,
20260403,18,PM2.5_24h,78,70,78,77,79,33,90,29,44,90,65,41,52,41,33,53,60,227,127,29,32,24,35,69,41,41,19,26,36,53,66,54,80,29,21,35,27,31,20,30,24,18,21,14,29,16,17,17,32,53,22,21,17,26,23,23,26,24,23,24,22,26,38,25,18,32,21,18,6,32,52,28,67,20,11,13,70,57,56,53,60,76,16,67,38,34,48,37,50,49,54,39,43,67,46,54,20,21,28,22,18,20,24,23,34,24,30,24,23,35,28,40,55,60,49,53,64,48,78,216,50,143,58,27,33,16,47,33,28,45,20,47,10,15,19,14,12,31,22,38,20,20,25,14,15,12,25,16,20,14,46,43,38,27,32,62,29,78,10,25,,,,,,,,,,,,,,,,,,,,,,,,,,,,,,20,23,29,40,33,42,39,45,40,87,96,9,98,23,,18,83,70,52,53,77,70,76,41,40,125,48,46,137,37,76,16,60,115,12,96,7,38,25,26,25,25,16,45,22,36,17,31,23,19,11,11,9,13,19,19,11,15,18,16,10,13,9,12,35,25,22,20,21,19,43,16,19,19,23,19,15,18,19,23,18,19,14,20,18,17,23,7,13,10,37,28,28,41,31,53,33,52,35,49,25,12,13,26,32,16,17,20,16,16,8,,5,8,18,24,10,20,28,19,,18,32,22,6,49,41,21,37,37,71,22,47,8,9,6,6,4,27,,4,5,25,51,24,21,56,23,90,63,49,,37,,31,,33,29,26,22,26,23,4,28,81,90,40,49,10,21,16,42,40,52,41,16,12,3,11,21,,,,23,,
20260403,18,PM10,41,82,135,196,154,118,159,34,153,181,169,156,181,85,9,94,80,86,32,9,28,18,13,67,31,43,15,48,26,21,31,8,63,16,14,27,30,21,22,8,8,30,19,16,67,16,35,10,60,62,153,27,20,44,45,37,38,38,38,39,42,37,68,38,30,86,29,32,11,223,132,38,182,49,14,17,20,50,126,88,,,50,69,151,71,207,59,39,77,78,43,44,53,68,57,7,65,68,58,16,40,44,40,60,51,97,43,38,39,23,407,181,76,115,87,71,69,135,225,59,174,47,27,33,20,453,69,48,601,44,656,31,23,32,9,17,41,47,17,29,57,28,23,13,51,96,47,24,24,233,340,157,164,325,175,152,62,33,113,,,,,,,,,,,,,,,,,,,,,,,,,,,,,,22,42,45,442,39,80,644,44,125,30,50,24,31,16,,38,42,46,62,60,81,78,42,42,34,,45,187,187,44,66,20,55,97,28,77,24,45,35,35,43,27,11,39,21,27,28,23,22,,32,17,15,21,30,17,19,16,9,24,15,23,16,18,101,111,42,28,25,28,31,33,37,142,30,34,30,28,28,52,19,60,18,14,11,15,10,20,19,8,67,51,56,62,58,74,41,25,53,68,196,52,40,40,111,36,39,62,49,77,38,,21,23,15,19,16,19,44,27,,28,54,27,19,78,47,35,38,47,58,34,55,23,20,16,59,10,,,14,26,156,70,79,192,222,84,198,132,201,,206,,181,,42,49,43,51,45,51,16,55,141,57,225,81,30,28,84,116,136,148,346,42,34,19,40,28,,,,41,,
20260403,18,PM10_24h,149,130,180,138,126,64,186,108,111,170,120,104,105,121,114,91,97,275,192,40,50,36,53,94,65,66,39,49,45,74,88,64,93,49,34,47,39,47,32,47,35,32,30,26,57,23,25,20,65,75,52,33,23,45,43,42,41,36,41,43,40,38,53,34,32,44,37,30,14,112,165,58,284,55,16,18,286,302,103,98,58,83,17,92,92,76,84,68,85,88,94,65,69,101,71,82,27,34,37,38,23,36,33,35,49,34,41,37,38,66,110,105,172,155,86,92,100,87,79,276,69,195,78,40,50,23,105,61,48,106,38,118,17,22,32,21,13,45,42,50,27,40,32,28,24,30,45,28,34,31,127,139,179,93,127,324,129,381,42,87,,,,,,,,,,,,,,,,,,,,,,,,,,,,,,39,40,42,127,139,147,124,109,189,362,160,23,364,90,,116,332,85,76,90,83,96,97,71,77,145,65,74,221,55,101,25,85,164,30,102,18,61,44,56,46,37,27,57,43,59,20,52,35,30,17,13,15,16,20,24,15,25,21,24,24,21,22,25,59,58,50,32,29,38,54,29,37,50,41,34,24,47,29,38,33,32,21,18,27,23,33,13,20,14,53,47,46,59,44,63,44,66,53,70,69,26,27,33,56,23,39,29,28,24,23,,10,27,31,31,18,28,36,27,,22,48,38,14,89,52,35,48,51,93,28,66,14,18,11,28,16,40,,12,13,71,249,45,72,217,59,341,255,171,,167,,89,,101,67,68,51,71,57,17,149,347,381,182,175,30,48,79,119,119,168,206,59,50,12,40,54,,,,39,,
20260403,18,SO2,2,5,3,8,10,6,3,2,3,2,5,3,4,3,6,11,8,6,8,6,6,5,3,8,9,5,5,5,4,8,6,6,7,6,4,5,6,5,5,6,6,3,3,4,7,4,2,6,6,6,4,7,4,5,5,4,6,4,6,4,5,8,5,7,7,5,7,4,4,3,5,5,6,6,3,6,6,5,10,7,6,10,3,13,9,4,11,9,9,7,14,4,6,7,5,9,7,6,7,6,7,6,6,5,6,3,7,6,4,5,4,7,3,5,6,8,11,8,6,7,7,8,7,6,9,6,8,5,8,6,6,10,8,6,5,7,9,7,7,5,4,7,6,6,6,7,3,7,6,6,3,2,2,5,5,,18,8,6,9,,,,,,,,,,,,,,,,,,,,,,,,,,,,,,5,1,3,3,4,8,5,5,5,10,5,5,8,3,,5,8,6,7,11,6,6,7,7,8,1,5,7,8,9,4,4,5,9,6,6,6,6,7,6,8,5,4,8,6,4,5,5,4,5,3,21,3,4,4,4,8,3,4,3,6,9,7,7,8,10,3,5,6,5,3,4,9,6,10,6,5,4,5,6,4,7,6,7,5,6,5,5,3,4,10,7,5,9,8,9,5,6,9,6,8,9,8,5,7,7,5,6,9,5,5,,5,7,4,9,4,9,9,3,,6,6,5,8,8,7,5,5,8,9,6,5,6,6,6,8,7,4,,6,5,4,3,6,5,12,12,10,6,7,,3,,7,,4,5,8,10,10,9,4,14,4,8,4,6,9,7,3,4,6,4,2,7,6,5,11,8,,,,6,,
20260403,18,SO2_24h,6,10,4,12,14,6,6,4,5,6,8,7,9,10,9,12,8,11,12,6,6,6,5,10,10,7,6,6,6,12,9,8,8,6,5,5,7,6,6,6,6,3,3,4,6,4,2,7,8,7,6,7,4,5,5,4,6,3,6,4,5,8,4,6,8,5,5,5,4,5,8,8,5,7,3,5,10,5,13,8,7,11,3,21,10,7,13,11,12,7,8,6,9,9,6,13,7,6,7,4,8,6,6,5,5,6,7,6,4,6,8,9,10,9,26,10,12,11,9,13,6,11,8,6,9,6,11,5,8,11,6,14,6,6,7,7,9,6,6,5,4,7,7,11,6,6,3,6,9,7,5,4,3,6,8,11,16,8,6,10,,,,,,,,,,,,,,,,,,,,,,,,,,,,,,5,2,5,6,4,12,9,8,7,9,8,6,8,5,,6,8,16,9,10,13,9,9,12,10,1,7,8,13,9,6,5,6,11,6,7,7,7,8,8,8,6,4,8,6,8,5,6,4,5,3,7,3,4,4,5,6,4,11,3,6,8,8,7,9,10,4,6,6,5,4,4,8,7,10,7,4,4,5,6,3,7,6,7,5,6,5,4,6,4,10,7,5,10,11,11,7,5,7,8,8,8,7,5,8,7,5,6,8,7,5,,6,9,6,10,4,10,9,3,,5,6,6,8,7,6,5,7,6,9,6,5,6,6,6,9,7,8,,7,6,5,16,5,7,6,11,9,5,8,,3,,8,,4,9,6,10,10,14,6,15,6,8,4,5,8,7,3,5,20,4,2,7,7,5,10,9,,,,7,,
20260403,18,NO2,6,10,6,31,48,12,5,6,8,4,11,7,5,7,3,21,15,30,20,31,27,37,20,23,12,28,30,25,35,26,17,10,23,36,39,36,42,33,34,22,25,36,22,27,28,33,39,21,12,8,11,17,8,21,16,5,14,7,10,21,16,18,10,19,11,13,9,10,7,11,8,5,11,11,6,12,6,6,21,14,18,24,55,15,36,11,14,17,11,16,24,7,8,19,12,22,17,28,17,12,15,5,20,5,38,34,49,8,6,13,6,10,8,11,14,14,17,10,18,40,17,27,12,39,35,23,14,12,15,9,10,13,23,16,6,7,12,11,5,6,6,16,10,9,11,6,18,13,6,10,11,9,5,8,12,3,6,5,3,3,,,,,,,,,,,,,,,,,,,,,,,,,,,,,,7,7,39,8,4,8,9,7,6,3,12,7,5,3,,7,6,14,11,12,16,22,9,9,7,12,16,10,25,9,15,7,26,13,9,21,5,18,13,11,34,19,10,22,7,6,9,6,25,15,28,21,11,15,46,15,7,12,8,26,14,13,10,21,14,17,16,8,10,10,7,7,13,8,10,14,8,7,16,9,10,7,7,7,3,7,18,7,8,6,42,8,10,10,15,10,12,4,5,10,24,12,15,11,12,8,15,11,8,7,5,,5,10,6,7,8,7,9,9,,8,6,6,10,8,6,6,6,9,8,9,10,5,10,5,3,4,6,,2,2,9,6,13,6,12,13,4,4,6,,8,,9,,3,4,2,2,1,2,3,8,4,4,5,7,4,6,6,6,3,5,3,6,5,5,6,3,,,,5,,
20260403,18,NO2_24h,38,38,20,36,51,12,37,14,25,47,26,19,14,25,13,26,27,45,39,20,20,25,24,27,22,35,26,21,27,29,29,16,28,28,17,35,23,22,21,21,21,23,21,15,28,21,21,20,14,12,14,14,13,23,11,6,17,6,10,17,11,17,20,8,15,20,10,10,7,24,17,9,11,26,12,14,15,9,23,17,18,25,20,27,17,13,31,17,21,21,21,14,15,34,13,26,19,15,12,7,14,9,12,4,32,14,21,8,12,16,12,10,17,28,32,19,30,20,28,44,16,43,25,25,22,28,23,14,22,16,13,20,17,17,19,8,13,29,7,16,7,20,14,15,13,8,21,11,9,9,25,20,13,19,23,3,12,4,10,22,,,,,,,,,,,,,,,,,,,,,,,,,,,,,,10,11,23,15,8,19,13,26,31,4,19,9,4,9,,7,6,27,16,21,27,33,29,30,27,21,18,19,34,11,19,8,20,28,12,28,6,25,18,19,31,31,12,27,14,18,11,12,27,15,13,13,8,12,21,19,11,17,18,20,18,14,9,16,16,16,17,14,13,14,12,10,13,9,14,15,11,12,9,8,14,9,11,9,4,10,18,9,14,9,27,8,9,25,12,15,20,13,8,11,28,14,12,14,17,10,27,10,16,10,5,,14,9,10,10,13,9,12,8,,6,7,12,9,16,10,8,6,9,17,10,18,6,9,7,3,7,18,,5,3,19,11,17,13,6,23,4,7,18,,13,,11,,20,5,2,2,2,2,10,4,6,6,10,11,9,21,11,32,15,35,17,22,8,5,11,15,,,,4,,
20260403,18,O3,92,82,99,84,87,106,95,99,94,92,104,95,85,114,92,106,146,59,59,78,63,69,84,105,117,71,79,73,66,69,99,114,112,47,59,57,47,66,74,82,82,47,73,52,70,55,39,46,127,127,126,81,96,54,45,59,61,62,61,54,50,55,119,111,105,109,98,115,104,102,118,114,102,118,99,97,97,104,131,136,87,56,29,151,67,112,123,143,136,146,126,122,133,124,160,112,62,68,91,82,50,63,46,62,18,50,36,79,119,121,94,111,104,102,79,122,122,137,45,37,85,94,77,39,50,62,111,115,121,113,119,107,93,87,87,85,69,72,67,75,72,112,121,106,103,116,112,84,88,129,99,111,80,105,103,118,114,96,122,112,,,,,,,,,,,,,,,,,,,,,,,,,,,,,,103,107,30,109,95,113,107,101,109,97,73,90,102,99,,85,96,62,121,94,62,59,114,124,124,62,81,128,86,94,70,79,55,93,76,67,79,118,91,116,36,56,56,73,92,112,96,105,57,56,50,61,60,59,37,64,77,81,70,59,62,82,66,53,118,109,129,105,108,98,116,101,77,116,103,76,99,106,73,74,113,94,80,73,89,36,67,85,81,85,32,69,71,90,71,111,64,95,78,135,77,100,124,120,120,99,75,81,89,104,109,,91,96,100,107,90,83,122,81,,83,112,105,95,139,117,113,133,131,131,95,107,66,79,118,99,98,106,,93,94,112,103,96,112,102,125,106,117,106,,104,,105,,99,130,116,121,117,108,127,134,100,106,102,128,117,118,119,121,114,118,107,131,117,105,125,111,,,,91,,
20260403,18,O3_24h,92,82,99,84,87,106,95,99,94,92,104,95,85,114,92,106,146,59,59,78,63,69,84,105,117,71,79,73,66,69,99,114,112,47,59,57,47,66,74,82,82,47,73,52,70,55,39,46,127,127,126,81,96,54,45,59,61,62,61,54,50,55,119,111,105,109,98,115,104,102,118,114,102,118,99,97,97,104,131,136,87,56,29,151,67,112,123,143,136,146,126,122,133,124,160,112,62,68,91,82,50,63,46,62,18,50,36,79,119,121,94,111,104,102,79,122,122,137,45,37,85,94,77,39,50,62,111,115,121,113,119,107,93,87,87,85,69,72,67,75,72,112,121,106,103,116,112,84,88,129,99,111,80,105,103,118,114,96,122,112,,,,,,,,,,,,,,,,,,,,,,,,,,,,,,103,107,30,109,95,113,107,101,109,97,73,90,102,99,,85,96,62,121,94,62,59,114,124,124,62,81,128,86,94,70,79,55,93,76,67,79,118,91,116,36,56,56,73,92,112,96,105,57,56,50,61,60,59,37,64,77,81,70,59,62,82,66,53,118,109,129,105,108,98,116,101,77,116,103,76,99,106,73,74,113,94,80,73,89,36,67,85,81,85,32,69,71,90,71,111,64,95,78,135,77,100,124,120,120,99,75,81,89,104,109,,91,96,100,107,90,83,122,81,,83,112,105,95,139,117,113,133,131,131,95,107,66,79,118,99,98,106,,93,94,112,103,96,112,102,125,106,117,106,,104,,105,,99,130,116,121,117,108,127,134,100,106,102,128,117,118,119,121,114,118,107,131,117,105,125,111,,,,91,,
20260403,18,O3_8h,86,92,97,81,106,115,105,109,94,93,105,100,104,104,91,121,146,66,62,131,93,110,111,115,113,88,101,104,100,89,96,114,116,85,135,68,103,103,109,111,122,105,81,90,75,81,85,51,133,131,127,81,84,60,83,63,66,69,69,71,88,66,102,97,84,89,97,114,99,99,113,108,105,102,85,81,97,102,130,132,128,121,84,131,109,125,130,149,128,153,159,127,137,122,164,154,53,99,104,78,62,95,76,67,36,85,89,86,116,125,100,116,105,97,82,127,129,125,111,86,88,125,78,88,82,62,112,117,127,108,118,104,80,89,74,82,65,49,68,74,73,92,101,115,90,99,98,75,83,122,94,109,80,105,100,116,111,103,107,102,,,,,,,,,,,,,,,,,,,,,,,,,,,,,,103,110,70,112,102,101,116,93,97,98,67,84,103,98,,84,101,91,121,115,77,105,120,131,126,68,76,106,102,93,92,82,90,104,79,79,82,113,99,118,53,57,63,77,103,114,92,105,66,86,95,76,98,67,86,55,62,59,48,69,35,62,53,76,115,112,123,112,116,101,114,110,62,102,105,71,98,101,75,60,106,81,67,69,85,33,59,72,67,71,40,69,75,83,65,121,58,62,97,108,73,85,102,103,103,84,62,73,73,89,101,,92,108,98,104,77,78,122,75,,84,116,90,94,137,119,110,126,128,127,97,103,67,84,103,97,91,101,,85,89,89,96,79,113,104,107,97,111,110,,100,,99,,94,122,111,118,114,110,117,130,99,105,106,106,111,106,97,98,100,100,96,105,95,108,103,92,,,,93,,
20260403,18,O3_8h_24h,86,90,97,81,106,115,105,91,94,93,105,99,104,104,91,118,146,56,62,102,76,96,104,115,113,87,91,96,95,86,96,114,116,64,96,62,68,89,98,87,99,62,80,76,73,59,51,50,133,129,127,81,84,54,55,63,66,67,69,62,64,66,102,97,84,94,97,114,99,99,113,108,98,102,85,81,97,100,130,132,126,118,47,131,106,125,130,148,128,151,158,127,137,122,164,150,53,76,104,78,48,81,57,67,26,75,59,86,116,124,90,116,105,99,78,127,127,124,107,77,88,125,78,58,74,54,112,117,127,108,118,104,80,89,74,82,65,49,68,74,73,92,101,115,90,99,98,75,83,122,94,109,80,105,100,111,111,92,107,102,,,,,,,,,,,,,,,,,,,,,,,,,,,,,,103,110,50,112,92,101,115,93,97,94,63,84,103,96,,84,92,78,121,110,74,93,120,131,126,68,76,106,101,93,91,82,85,103,79,79,82,113,99,118,48,52,62,76,102,114,92,105,65,67,65,60,71,58,59,51,62,59,47,68,34,62,52,58,115,112,123,112,116,101,114,110,62,102,105,64,98,101,69,60,106,81,67,69,85,32,59,72,67,71,40,69,75,83,65,121,58,62,97,108,73,85,108,103,103,84,62,73,73,89,101,,92,108,98,104,77,78,122,75,,84,116,90,94,137,119,110,126,128,127,97,103,63,84,103,97,91,101,,85,89,89,96,79,113,104,107,97,111,110,,100,,99,,94,122,111,118,114,110,117,130,97,105,106,106,111,106,97,98,100,100,96,105,95,102,103,92,,,,93,,
20260403,18,CO,0.22,0.31,0.10,0.67,1.05,0.38,0.20,0.23,0.20,0.20,0.23,0.20,0.20,0.25,0.22,0.78,0.56,0.86,0.54,0.57,0.62,0.89,0.58,0.67,0.30,0.60,0.80,0.64,0.60,0.78,0.58,0.54,0.63,0.64,0.66,0.60,0.61,0.75,0.77,0.57,0.50,0.63,0.40,0.60,0.70,0.48,0.55,0.67,0.42,0.59,0.43,0.58,0.50,0.62,0.55,0.50,0.43,0.30,0.33,0.63,0.55,0.57,0.63,0.45,0.44,0.37,0.33,0.45,0.26,0.21,0.35,0.40,0.30,0.22,0.32,0.37,0.30,0.22,0.74,0.63,0.73,1.00,0.83,0.43,0.62,0.53,0.43,0.42,0.50,0.52,0.75,0.45,0.42,0.70,0.55,0.58,0.97,0.82,0.70,0.77,0.80,0.60,0.60,0.60,0.80,0.90,1.00,0.55,0.27,0.30,0.40,0.28,0.22,0.30,0.50,0.80,0.77,0.68,0.96,1.45,0.42,0.90,0.32,0.58,0.93,0.76,0.34,0.33,0.57,0.25,0.35,0.22,0.47,0.50,0.60,0.80,0.50,0.85,0.58,0.63,0.40,0.53,0.55,0.47,0.60,0.47,0.50,0.25,0.48,0.47,0.33,0.30,0.25,0.24,0.30,0.40,0.53,0.42,0.38,0.20,,,,,,,,,,,,,,,,,,,,,,,,,,,,,,0.30,0.30,1.05,0.17,0.20,0.20,0.20,0.30,0.20,0.27,0.57,0.30,0.30,0.23,,0.30,0.45,0.60,0.63,0.75,0.77,0.93,0.60,0.55,0.75,0.30,0.30,0.40,0.80,0.37,0.47,0.35,0.60,0.60,0.35,0.50,0.20,0.40,0.38,0.30,0.50,0.53,0.50,0.50,0.36,0.20,0.35,0.10,0.88,0.37,0.77,2.23,0.50,0.85,0.80,0.67,0.47,0.33,0.45,0.80,0.85,0.68,0.93,0.70,0.50,0.55,0.35,0.35,0.48,0.43,0.27,0.20,0.82,0.35,0.52,0.55,0.38,0.50,0.37,0.70,0.57,0.45,0.75,0.70,0.80,0.70,0.70,0.25,0.40,0.30,0.65,0.53,0.65,0.70,0.63,0.75,0.77,0.60,0.80,0.80,0.60,0.50,0.40,0.45,0.60,0.60,0.25,0.35,0.50,0.45,0.20,,0.20,0.40,0.27,0.50,0.60,0.45,0.50,0.50,,0.65,0.30,0.20,0.45,0.50,0.30,0.40,0.30,0.30,0.35,0.40,0.20,0.20,0.40,0.20,0.30,0.30,0.60,,0.30,0.35,0.23,0.23,0.50,0.30,0.20,0.20,0.20,0.25,0.20,,0.20,,0.45,,0.25,0.40,0.30,0.20,0.20,0.50,0.20,0.30,0.23,0.25,0.20,0.30,0.10,0.30,0.20,0.25,0.15,0.25,0.35,0.40,0.20,0.10,0.20,0.25,,,,0.50,,
20260403,18,CO_24h,0.72,0.85,0.56,0.86,0.90,0.45,0.56,0.37,0.55,0.82,0.50,0.35,0.67,0.58,0.34,0.84,0.62,1.25,1.02,0.52,0.63,0.71,0.62,0.74,0.52,0.66,0.74,0.59,0.64,0.98,0.82,0.70,0.72,0.63,0.50,0.47,0.54,0.72,0.63,0.50,0.55,0.43,0.40,0.40,0.69,0.47,0.45,0.67,0.53,0.66,0.43,0.63,0.58,0.63,0.54,0.50,0.50,0.35,0.37,0.63,0.55,0.57,0.64,0.43,0.50,0.52,0.43,0.46,0.27,0.49,0.43,0.50,0.24,0.37,0.40,0.48,0.46,0.24,0.70,0.70,0.57,0.75,0.57,0.56,0.64,0.63,0.64,0.58,0.68,0.53,0.57,0.70,0.45,0.82,0.60,0.73,0.77,0.63,0.67,0.63,0.75,0.55,0.50,0.53,0.65,0.50,0.67,0.50,0.40,0.50,0.41,0.53,0.77,0.78,0.76,0.92,0.97,0.90,0.70,1.52,0.52,1.03,0.42,0.57,0.60,0.64,0.60,0.40,0.62,0.77,0.40,0.45,0.45,0.53,0.63,0.80,0.50,0.93,0.63,0.81,0.50,0.55,0.70,0.93,0.70,0.50,0.53,0.25,0.60,0.53,0.63,0.55,0.45,0.44,0.45,0.30,0.73,0.42,0.44,0.35,,,,,,,,,,,,,,,,,,,,,,,,,,,,,,0.40,0.40,0.65,0.70,0.20,0.65,0.58,0.57,0.53,0.27,0.80,0.30,0.30,0.33,,0.25,0.50,0.72,0.70,0.70,0.87,0.63,0.90,0.85,0.90,0.50,0.40,0.47,1.00,0.37,0.53,0.33,0.50,0.73,0.40,0.60,0.20,0.57,0.44,0.45,0.53,0.60,0.45,0.60,0.50,0.40,0.35,0.23,0.88,0.27,0.60,0.97,0.40,0.75,0.50,0.63,0.80,0.57,0.65,0.70,0.95,0.75,0.90,0.65,0.54,0.50,0.45,0.38,0.48,0.50,0.47,0.23,0.75,0.53,0.68,0.70,0.42,0.60,0.37,0.70,0.73,0.55,0.87,0.90,0.80,0.60,0.67,0.35,0.70,0.45,0.60,0.57,0.57,0.77,0.63,0.90,0.73,0.90,0.75,0.70,0.70,0.65,0.40,0.50,0.65,0.60,0.33,0.45,0.60,0.50,0.20,,0.25,0.50,0.47,0.57,0.60,0.55,0.45,0.60,,0.70,0.30,0.30,0.45,0.70,0.55,0.40,0.40,0.40,0.85,0.40,0.65,0.20,0.60,0.35,0.25,0.30,0.90,,0.35,0.50,0.60,0.27,0.50,0.40,0.20,0.40,0.20,0.25,0.35,,0.30,,0.55,,0.40,0.50,0.40,0.20,0.30,0.30,0.30,0.30,0.27,0.25,0.30,0.50,0.10,0.30,0.25,0.55,0.25,0.65,0.55,0.55,0.40,0.30,0.50,0.45,,,,0.55,,
20260403,19,AQI,32,68,72,130,161,115,80,30,79,90,110,83,94,62,28,80,70,54,29,22,28,24,23,50,35,48,29,50,34,30,29,35,70,17,23,46,31,24,29,26,22,41,26,22,53,17,40,17,81,40,280,31,27,46,46,38,39,37,39,40,45,40,60,40,36,74,29,38,32,171,96,46,106,47,28,28,30,39,99,75,86,176,51,80,128,98,89,111,46,71,90,37,51,38,55,103,19,60,58,59,24,40,53,38,63,63,99,44,43,39,28,161,99,51,64,85,71,69,74,174,69,173,52,27,39,23,497,65,45,344,52,363,35,25,29,24,22,41,45,22,27,58,35,33,32,56,76,54,31,35,171,182,86,117,178,107,92,52,38,88,,,,,,,,,,,,,,,,,,,,,,,,,,,,,,30,36,49,186,34,78,250,36,73,30,51,33,34,29,,26,43,23,85,65,61,62,54,39,39,71,74,46,156,45,59,25,64,88,30,78,24,51,40,35,44,27,15,54,27,28,27,31,23,53,28,21,17,24,40,23,31,25,20,25,23,26,21,19,107,133,45,34,39,34,43,30,37,103,35,35,29,35,31,54,32,69,22,20,24,17,18,24,23,20,86,57,54,57,61,59,29,30,41,75,114,57,42,44,78,44,49,69,53,79,42,,28,29,30,32,23,26,41,34,,24,48,34,29,66,54,43,56,52,63,46,64,23,28,37,32,30,32,,29,29,100,52,72,119,147,61,122,78,124,,117,,125,,56,45,54,51,57,43,39,52,75,55,123,61,36,36,72,82,88,91,195,41,36,33,40,33,,,,48,,
20260403,19,PM2.5,3,7,14,99,123,41,11,8,23,10,26,23,20,16,4,59,46,38,15,14,15,11,13,34,9,30,20,28,24,21,15,5,51,10,12,32,22,17,17,4,3,29,18,13,23,10,28,5,22,14,91,18,13,30,30,25,26,26,23,28,30,26,43,28,21,20,15,26,4,44,45,21,41,13,9,16,10,12,74,55,64,133,36,59,33,17,36,22,9,52,67,11,15,10,39,32,5,31,41,34,17,28,37,21,45,45,74,28,25,12,6,44,16,10,40,63,52,50,54,132,50,131,23,19,27,16,102,36,26,72,32,63,24,16,18,3,12,29,22,5,19,27,22,16,6,16,22,20,17,17,46,53,18,33,43,45,33,13,9,36,,,,,,,,,,,,,,,,,,,,,,,,,,,,,,14,25,34,37,6,14,58,7,14,8,29,11,12,7,,13,15,12,63,47,44,44,38,12,15,52,54,32,119,25,42,11,46,65,13,57,6,24,20,11,31,19,3,38,6,10,18,5,16,37,17,13,9,3,28,13,22,13,8,14,10,16,5,3,72,54,26,23,27,15,28,17,19,39,21,18,15,17,22,38,13,46,7,13,7,8,9,10,3,14,64,29,33,34,44,42,9,21,14,55,49,20,16,8,13,17,10,29,24,31,9,,11,3,12,17,15,18,26,24,,9,33,18,16,44,38,29,40,32,45,32,46,16,8,7,6,3,18,,3,5,39,13,34,35,61,30,65,39,56,,49,,65,,27,16,21,24,19,22,3,19,17,15,47,23,14,9,19,38,33,42,54,8,10,3,14,5,,,,27,,
20260403,19,PM2.5_24h,76,68,75,79,82,33,87,28,44,87,62,39,51,40,30,54,60,227,118,28,32,23,33,69,40,40,19,26,35,52,64,52,80,28,21,36,25,30,19,30,23,18,21,14,30,16,18,15,31,51,25,21,17,27,23,23,26,25,23,25,22,25,38,25,18,31,21,18,6,32,53,28,67,20,11,13,69,57,58,54,62,80,17,68,37,33,48,37,49,50,55,39,42,64,45,53,19,22,29,23,18,20,25,23,35,25,32,24,24,35,28,41,54,58,50,53,64,48,79,218,50,141,57,27,33,15,48,32,28,45,20,47,11,15,18,14,11,31,22,35,20,21,25,14,14,12,25,16,20,14,46,43,38,27,31,57,28,77,10,26,,,,,,,,,,,,,,,,,,,,,,,,,,,,,,19,22,29,40,33,41,40,44,39,86,95,9,95,23,,18,84,69,52,53,77,69,76,40,39,89,48,45,136,34,74,15,59,113,12,89,7,38,25,25,25,24,15,45,21,35,17,30,22,20,11,11,9,11,19,17,11,14,17,16,10,13,8,11,36,26,22,20,21,19,43,16,19,19,22,18,15,18,19,24,17,20,14,19,17,16,22,7,12,10,39,27,28,40,31,53,32,51,33,49,26,13,13,26,32,16,17,20,17,17,8,,5,8,18,24,10,20,28,19,,17,32,22,6,49,41,21,37,36,70,22,47,8,9,6,5,4,27,,4,5,26,50,25,21,57,23,86,60,51,,38,,33,,34,29,27,23,26,23,4,27,80,90,42,49,10,21,16,43,40,53,41,16,11,3,11,21,,,,23,,
20260403,19,PM10,32,85,93,195,164,179,110,26,107,130,169,115,137,74,8,96,89,44,29,16,28,15,19,50,31,48,24,50,30,25,26,8,60,16,18,36,26,23,29,8,8,37,23,22,56,17,38,17,112,40,406,31,23,46,46,38,39,35,39,40,45,40,70,39,36,97,27,38,9,291,142,46,161,47,22,20,16,39,132,94,85,129,34,91,205,146,128,171,46,79,90,37,52,27,54,155,9,70,56,68,24,37,50,38,66,46,87,44,43,39,18,272,147,51,77,106,66,74,70,158,71,146,53,27,38,22,597,79,45,455,54,470,35,25,29,12,22,40,45,17,26,65,33,27,14,62,101,57,31,32,292,314,121,184,305,163,134,53,35,125,,,,,,,,,,,,,,,,,,,,,,,,,,,,,,26,,44,322,34,106,385,36,96,30,52,33,34,17,,22,43,17,,,,74,40,35,33,,44,45,178,45,59,22,52,78,30,72,24,52,40,35,41,27,13,49,25,27,23,21,21,,28,21,17,7,34,23,24,20,11,25,18,26,19,19,164,215,45,34,28,34,43,30,37,156,35,35,25,35,31,54,21,87,22,20,11,17,12,20,19,17,73,64,58,63,63,60,29,30,41,95,178,63,42,44,105,44,49,88,56,108,42,,21,23,17,20,23,23,41,30,,24,48,34,21,81,50,43,46,53,66,36,61,21,23,14,27,10,21,,15,22,149,54,93,188,243,72,193,106,198,,183,,199,,61,45,58,51,63,43,15,54,100,59,195,71,21,23,93,114,125,132,340,37,18,10,33,26,,,,48,,
20260403,19,PM10_24h,145,128,179,141,129,68,184,107,112,168,122,105,108,121,112,91,97,274,173,38,49,35,50,93,63,64,37,49,44,71,86,61,92,47,33,47,36,45,30,46,34,32,29,25,56,22,25,19,67,73,67,32,23,45,42,41,41,35,41,43,40,36,53,34,32,46,36,31,13,121,167,58,288,55,15,17,288,296,106,98,59,86,17,93,97,78,86,73,84,88,94,65,69,99,70,85,26,36,38,39,23,36,33,35,49,35,43,38,38,65,109,114,175,151,88,91,99,85,80,280,68,191,77,39,49,22,126,61,48,125,38,134,17,22,32,21,13,45,42,48,27,41,33,27,23,31,48,30,31,30,137,149,183,98,135,298,123,378,42,89,,,,,,,,,,,,,,,,,,,,,,,,,,,,,,38,38,41,137,143,148,134,107,191,360,156,23,349,89,,116,332,81,74,87,81,95,96,70,76,91,63,73,219,52,96,24,83,160,30,96,17,61,43,55,44,35,26,57,42,57,19,51,34,29,17,13,15,16,21,23,15,24,20,24,24,20,21,24,61,64,49,31,28,38,54,28,37,55,41,33,24,46,28,39,31,35,21,17,26,22,33,13,19,13,55,47,46,58,44,63,43,64,52,69,75,28,28,34,59,24,40,31,30,25,24,,11,27,29,30,18,27,38,26,,21,48,37,15,89,53,36,48,51,91,29,66,13,18,11,27,16,40,,12,13,75,246,47,79,224,61,324,240,177,,173,,95,,102,68,68,52,71,58,16,149,349,380,189,173,30,48,78,121,121,170,212,58,50,12,40,53,,,,39,,
20260403,19,SO2,2,5,3,7,9,4,3,3,2,2,5,3,4,3,6,10,8,6,8,6,6,5,3,7,9,5,5,5,4,8,6,6,6,6,5,5,6,5,5,6,6,3,3,5,6,4,2,6,5,6,2,7,4,5,5,4,6,4,7,4,5,8,5,7,8,5,6,4,4,3,6,6,6,6,3,6,6,5,10,7,5,10,4,14,8,4,8,9,9,6,11,4,6,7,5,8,7,6,7,5,9,6,6,5,6,6,6,6,4,5,4,10,3,5,6,9,12,9,5,8,7,6,7,6,8,5,7,5,7,6,7,10,8,6,5,9,9,6,7,5,4,8,6,5,6,7,3,7,8,6,3,2,2,6,21,,11,9,6,9,,,,,,,,,,,,,,,,,,,,,,,,,,,,,,5,2,4,3,4,8,5,5,5,9,7,6,7,4,,5,8,5,7,11,7,4,7,8,7,1,4,9,8,9,5,4,5,8,6,5,9,6,8,6,7,5,4,8,6,4,5,5,5,5,3,15,3,4,5,4,7,2,5,3,7,9,6,9,7,11,3,5,7,5,3,4,6,6,11,10,4,4,5,6,4,8,6,7,4,6,4,4,3,4,10,6,5,9,9,9,6,6,11,5,9,8,8,4,7,8,4,6,8,9,5,,6,6,4,10,4,10,8,3,,6,6,6,8,7,8,6,5,6,10,6,5,6,6,5,8,7,5,,7,5,4,2,7,5,8,11,11,5,7,,3,,7,,8,4,8,10,11,10,5,13,4,8,4,6,8,7,3,4,6,4,2,6,6,5,14,7,,,,7,,
20260403,19,SO2_24h,6,10,4,11,14,6,6,4,5,6,8,7,9,9,9,12,8,11,11,6,6,6,5,10,10,7,6,6,6,11,9,7,8,6,5,5,7,6,5,6,6,3,3,4,6,4,2,7,8,7,6,7,4,5,5,4,6,3,6,4,5,8,4,6,8,5,5,5,4,5,7,8,5,7,3,5,10,5,13,8,7,11,3,21,10,7,13,11,11,7,9,6,9,9,6,13,7,6,7,4,8,6,6,5,6,6,7,6,4,6,8,9,9,8,26,10,12,11,9,13,7,11,8,6,9,6,11,5,8,11,6,13,6,6,7,7,9,6,6,5,4,7,7,11,6,6,3,6,8,7,5,4,3,6,8,11,16,8,5,10,,,,,,,,,,,,,,,,,,,,,,,,,,,,,,5,2,5,5,4,12,9,8,7,9,8,6,8,5,,6,8,15,8,10,13,8,9,13,10,1,7,8,12,9,6,5,5,11,6,7,7,7,8,8,8,6,4,8,6,7,5,6,4,5,3,7,3,4,4,5,6,4,11,3,6,8,8,7,9,10,4,6,6,5,4,4,8,6,10,7,4,4,5,6,3,7,6,7,5,6,5,4,5,4,10,7,5,10,11,11,7,5,7,8,8,8,7,5,8,7,5,6,8,7,5,,6,9,6,10,4,10,9,3,,5,6,6,8,7,6,5,7,6,9,6,5,6,6,6,9,7,8,,7,6,5,16,5,7,6,11,9,6,8,,3,,8,,4,9,6,10,10,14,6,15,6,8,4,5,8,7,3,5,20,4,2,7,7,5,10,9,,,,7,,
20260403,19,NO2,6,11,6,33,64,11,6,7,8,3,16,7,5,8,4,24,18,28,19,34,30,28,21,28,15,24,27,26,42,23,18,10,24,33,46,51,45,29,29,20,33,31,21,28,25,32,45,24,13,8,10,21,14,25,18,5,16,7,10,21,20,21,12,16,16,18,11,11,8,13,10,8,13,11,11,17,10,8,23,13,17,22,49,20,38,12,13,16,14,15,21,8,11,17,12,21,16,31,14,17,15,14,20,5,41,46,54,11,8,14,7,12,9,12,14,20,20,11,15,36,17,21,16,35,27,22,15,17,17,11,14,13,32,20,9,10,18,24,6,7,6,22,11,8,12,9,21,17,9,11,13,11,6,10,16,4,6,8,4,4,,,,,,,,,,,,,,,,,,,,,,,,,,,,,,7,8,41,10,6,8,10,8,7,4,12,9,6,5,,7,6,10,16,14,13,18,7,8,6,12,24,13,20,11,13,7,21,14,10,22,6,21,14,14,26,23,10,22,9,13,13,8,21,20,22,22,18,8,55,19,9,13,13,37,12,14,11,18,12,21,22,10,13,15,9,12,10,13,12,18,12,7,17,8,16,10,12,13,10,10,14,12,11,18,57,8,11,14,21,10,10,6,7,11,22,19,15,16,18,15,25,14,10,13,5,,8,7,8,8,24,10,9,13,,11,7,8,9,10,6,9,7,8,10,9,11,6,8,8,3,5,10,,2,3,17,8,25,8,18,15,5,5,7,,11,,29,,11,6,1,3,2,1,4,2,5,4,8,9,5,8,6,5,3,6,2,6,6,4,9,3,,,,5,,
20260403,19,NO2_24h,37,35,19,35,52,12,36,14,24,46,26,18,13,24,12,27,26,45,37,20,20,25,23,27,22,34,26,21,28,28,29,16,28,28,19,36,23,22,21,21,21,22,20,15,27,22,22,19,14,12,14,14,12,23,11,6,17,6,9,17,11,15,20,9,15,20,10,10,7,23,17,9,11,26,12,13,15,8,22,16,18,25,21,27,18,13,30,17,21,20,21,14,14,33,12,26,19,16,13,8,14,9,11,4,31,15,22,7,12,16,12,10,16,28,32,19,29,19,27,44,16,41,25,25,22,28,22,14,22,16,13,20,18,18,19,8,12,29,7,15,7,21,14,15,13,8,21,11,9,9,25,20,13,18,22,3,12,4,10,22,,,,,,,,,,,,,,,,,,,,,,,,,,,,,,9,11,24,15,8,19,12,25,30,4,19,9,4,8,,7,6,26,15,21,27,32,29,29,27,16,18,19,33,11,18,8,20,28,12,27,7,25,18,18,30,30,12,27,13,18,11,12,27,15,14,14,8,11,22,19,11,17,18,20,17,13,9,16,16,16,17,14,13,14,12,10,13,9,14,16,12,11,9,8,14,9,11,9,4,10,18,9,14,9,28,8,9,24,13,15,19,12,8,11,27,14,12,14,17,10,26,10,15,10,5,,14,9,9,9,14,9,12,9,,6,7,11,9,16,10,9,6,9,16,10,19,6,9,7,3,7,18,,5,3,18,11,17,13,6,23,4,7,18,,13,,11,,21,5,2,2,2,2,10,4,6,6,10,11,9,21,11,32,15,35,17,22,9,5,11,15,,,,4,,
20260403,19,O3,93,85,97,68,55,90,94,96,93,96,84,94,91,107,91,51,132,56,59,69,56,76,75,91,111,69,73,62,54,67,93,113,107,44,54,34,40,61,72,82,70,54,64,39,67,50,30,42,102,125,116,75,87,46,41,58,54,58,58,51,44,45,98,102,98,93,92,107,101,98,111,107,100,113,91,88,96,101,84,132,45,50,27,144,59,98,97,124,125,144,124,117,122,121,150,103,61,59,84,66,48,51,40,59,13,32,22,66,124,107,91,96,108,103,78,79,100,134,58,41,79,92,69,37,55,64,109,102,106,103,112,98,82,81,82,77,43,46,66,70,71,102,111,104,102,112,100,85,81,113,95,102,87,97,97,117,113,92,120,107,,,,,,,,,,,,,,,,,,,,,,,,,,,,,,97,99,22,95,92,108,95,97,106,95,77,81,100,94,,84,96,75,81,55,72,65,111,125,126,68,69,117,79,89,64,79,56,87,74,61,75,96,88,105,45,46,49,68,85,91,85,98,58,55,60,59,47,77,21,63,78,79,64,42,75,79,66,50,111,102,122,97,97,84,108,84,73,116,95,72,94,95,71,74,102,77,70,64,78,31,59,76,73,59,14,69,68,81,58,97,65,93,75,126,74,83,119,109,111,99,64,76,88,89,107,,88,94,97,103,59,80,119,72,,73,109,104,94,138,119,111,133,128,125,92,103,63,91,119,101,96,102,,92,93,94,102,82,106,96,120,106,113,104,,100,,80,,88,125,116,118,114,107,125,141,94,103,98,124,114,115,120,121,114,119,103,131,116,104,128,106,,,,88,,
20260403,19,O3_24h,93,85,97,68,55,90,94,96,93,96,84,94,91,107,91,51,132,56,59,69,56,76,75,91,111,69,73,62,54,67,93,113,107,44,54,34,40,61,72,82,70,54,64,39,67,50,30,42,102,125,116,75,87,46,41,58,54,58,58,51,44,45,98,102,98,93,92,107,101,98,111,107,100,113,91,88,96,101,84,132,45,50,27,144,59,98,97,124,125,144,124,117,122,121,150,103,61,59,84,66,48,51,40,59,13,32,22,66,124,107,91,96,108,103,78,79,100,134,58,41,79,92,69,37,55,64,109,102,106,103,112,98,82,81,82,77,43,46,66,70,71,102,111,104,102,112,100,85,81,113,95,102,87,97,97,117,113,92,120,107,,,,,,,,,,,,,,,,,,,,,,,,,,,,,,97,99,22,95,92,108,95,97,106,95,77,81,100,94,,84,96,75,81,55,72,65,111,125,126,68,69,117,79,89,64,79,56,87,74,61,75,96,88,105,45,46,49,68,85,91,85,98,58,55,60,59,47,77,21,63,78,79,64,42,75,79,66,50,111,102,122,97,97,84,108,84,73,116,95,72,94,95,71,74,102,77,70,64,78,31,59,76,73,59,14,69,68,81,58,97,65,93,75,126,74,83,119,109,111,99,64,76,88,89,107,,88,94,97,103,59,80,119,72,,73,109,104,94,138,119,111,133,128,125,92,103,63,91,119,101,96,102,,92,93,94,102,82,106,96,120,106,113,104,,100,,80,,88,125,116,118,114,107,125,141,94,103,98,124,114,115,120,121,114,119,103,131,116,104,128,106,,,,88,,
20260403,19,O3_8h,89,94,98,82,106,115,105,109,94,98,105,103,105,105,92,121,148,66,62,131,93,110,111,115,116,88,101,104,100,89,99,116,119,85,135,68,103,103,109,111,122,105,81,90,75,81,85,51,133,131,127,83,87,61,83,63,66,69,69,71,88,66,107,100,90,94,97,114,100,104,114,113,105,109,88,85,97,102,130,133,128,121,84,138,109,125,130,149,131,153,159,127,137,123,164,154,56,99,106,79,62,95,76,67,36,85,89,86,117,125,100,116,107,99,83,127,129,127,111,86,88,125,78,88,82,64,116,118,127,110,119,109,84,90,78,82,65,53,68,75,73,101,105,118,96,104,106,80,83,124,98,109,82,108,103,116,114,103,112,106,,,,,,,,,,,,,,,,,,,,,,,,,,,,,,103,110,70,113,102,103,116,94,98,98,68,86,105,98,,85,101,91,121,115,77,105,120,131,129,68,78,113,102,93,92,83,90,104,79,79,82,117,101,119,54,57,63,77,103,114,95,107,66,86,95,76,98,67,86,56,65,64,50,69,40,66,54,76,115,114,126,112,116,101,115,110,65,106,106,73,98,101,75,63,108,85,72,70,85,34,62,77,72,73,40,69,75,84,66,123,64,71,99,116,78,87,105,110,108,88,66,80,79,92,105,,95,111,99,106,78,78,125,78,,84,116,93,95,140,123,112,128,129,133,98,110,67,85,107,98,94,105,,89,91,93,99,85,116,104,116,100,114,110,,102,,101,,95,126,113,119,115,111,122,133,99,105,106,111,113,113,106,106,107,106,101,114,104,108,114,101,,,,93,,
20260403,19,O3_8h_24h,89,93,98,81,102,114,105,93,94,98,105,103,104,105,92,109,148,54,62,96,74,92,100,114,116,85,88,89,89,82,99,116,119,60,88,58,63,83,93,88,93,59,78,69,73,58,48,50,130,128,127,82,87,55,54,63,66,67,69,62,60,65,107,100,90,100,97,114,100,104,114,113,100,109,88,85,97,102,126,133,117,113,44,138,101,124,125,145,131,151,155,127,136,122,163,144,56,74,106,79,47,75,55,66,25,69,53,84,117,124,91,115,107,101,76,122,123,126,105,70,88,124,77,53,70,57,116,118,126,110,119,109,84,90,78,82,64,53,68,75,72,101,105,118,96,104,106,80,82,124,97,108,81,108,103,112,114,93,112,106,,,,,,,,,,,,,,,,,,,,,,,,,,,,,,103,110,46,113,93,103,116,94,98,95,66,86,105,97,,85,93,78,115,101,71,84,117,130,129,66,78,113,99,93,87,82,81,100,79,77,82,117,101,119,47,50,61,75,102,113,95,107,65,65,65,60,67,62,53,53,65,64,50,65,40,66,54,57,117,114,126,111,114,101,115,108,65,106,105,68,98,101,72,63,108,85,72,70,85,34,62,77,72,73,39,69,74,84,66,121,64,71,99,116,78,87,113,110,108,88,66,80,79,92,105,,95,111,99,106,78,78,125,78,,83,116,93,95,140,123,112,128,129,133,98,110,64,85,107,98,94,105,,89,91,93,99,85,115,103,116,100,114,109,,101,,100,,95,126,113,119,115,111,122,133,98,105,105,111,113,113,106,106,107,106,101,114,104,102,114,101,,,,93,,
20260403,19,CO,0.21,0.31,0.10,0.78,1.15,0.33,0.25,0.23,0.20,0.20,0.25,0.20,0.23,0.25,0.24,1.07,0.64,0.78,0.53,0.62,0.72,0.79,0.63,0.71,0.32,0.60,0.79,0.64,0.58,0.80,0.58,0.54,0.65,0.63,0.70,0.63,0.60,0.72,0.70,0.50,0.50,0.67,0.50,0.60,0.62,0.52,0.60,0.67,0.42,0.51,0.30,0.59,0.53,0.66,0.56,0.53,0.43,0.30,0.37,0.67,0.60,0.57,0.60,0.45,0.49,0.47,0.35,0.50,0.23,0.23,0.33,0.40,0.30,0.21,0.35,0.43,0.36,0.24,0.88,0.67,0.80,0.93,0.90,0.53,0.60,0.47,0.40,0.40,0.50,0.50,0.97,0.45,0.32,0.62,0.55,0.64,0.97,0.90,0.70,0.80,0.85,0.60,0.60,0.60,0.80,1.00,1.23,0.55,0.33,0.30,0.40,0.32,0.25,0.30,0.48,1.32,0.83,0.82,0.70,1.35,0.52,0.83,0.30,0.65,0.80,0.74,0.30,0.40,0.58,0.25,0.37,0.25,0.50,0.53,0.60,0.88,0.60,0.95,0.55,0.63,0.40,0.55,0.57,0.50,0.63,0.50,0.53,0.35,0.53,0.45,0.33,0.25,0.25,0.28,0.30,0.50,0.53,0.48,0.40,0.20,,,,,,,,,,,,,,,,,,,,,,,,,,,,,,0.30,0.40,1.00,0.17,0.20,0.20,0.23,0.30,0.23,0.27,0.57,0.30,0.35,0.25,,0.30,0.45,0.40,0.87,0.95,0.67,0.83,0.60,0.50,0.80,0.35,0.40,0.43,0.73,0.33,0.40,0.35,0.45,0.57,0.35,0.50,0.20,0.42,0.40,0.35,0.50,0.53,0.50,0.55,0.36,0.23,0.35,0.17,0.82,0.43,0.73,1.53,0.65,0.70,0.95,0.77,0.50,0.45,0.55,0.86,0.80,0.70,0.97,0.75,0.45,0.57,0.45,0.35,0.45,0.45,0.33,0.23,0.80,0.35,0.52,0.60,0.43,0.50,0.37,0.70,0.60,0.45,0.83,0.75,0.90,0.70,0.73,0.30,0.50,0.50,1.10,0.53,0.65,0.73,0.70,0.65,0.73,0.60,0.75,0.80,0.60,0.50,0.47,0.45,0.70,0.63,0.40,0.30,0.60,0.55,0.20,,0.20,0.40,0.37,0.50,0.95,0.50,0.45,0.55,,0.65,0.30,0.20,0.45,0.50,0.20,0.50,0.30,0.35,0.45,0.45,0.20,0.25,0.45,0.30,0.25,0.30,1.00,,0.30,0.35,0.37,0.23,0.90,0.35,0.25,0.20,0.20,0.25,0.20,,0.20,,0.55,,0.35,0.50,0.30,0.20,0.30,0.30,0.20,0.30,0.23,0.25,0.25,0.35,0.10,0.20,0.15,0.25,0.15,0.25,0.40,0.40,0.10,,0.30,0.25,,,,0.50,,
20260403,19,CO_24h,0.71,0.82,0.52,0.84,0.95,0.45,0.54,0.33,0.55,0.80,0.50,0.33,0.67,0.58,0.30,0.85,0.64,1.26,0.94,0.52,0.62,0.72,0.62,0.74,0.52,0.66,0.74,0.59,0.66,0.98,0.82,0.68,0.72,0.63,0.50,0.47,0.54,0.72,0.63,0.50,0.55,0.43,0.40,0.40,0.69,0.47,0.45,0.67,0.54,0.64,0.42,0.63,0.57,0.62,0.55,0.50,0.50,0.35,0.37,0.63,0.53,0.50,0.63,0.43,0.51,0.52,0.43,0.48,0.27,0.46,0.43,0.50,0.24,0.37,0.40,0.47,0.46,0.22,0.74,0.70,0.57,0.78,0.57,0.57,0.62,0.60,0.64,0.58,0.68,0.53,0.62,0.70,0.45,0.82,0.55,0.73,0.80,0.63,0.67,0.63,0.75,0.55,0.50,0.53,0.65,0.50,0.70,0.50,0.40,0.50,0.41,0.53,0.70,0.78,0.76,0.92,0.97,0.90,0.72,1.52,0.52,1.00,0.42,0.57,0.60,0.64,0.57,0.40,0.62,0.77,0.40,0.45,0.45,0.53,0.63,0.80,0.50,0.93,0.63,0.76,0.50,0.57,0.67,0.93,0.70,0.50,0.53,0.25,0.57,0.53,0.63,0.50,0.45,0.42,0.45,0.30,0.70,0.42,0.44,0.35,,,,,,,,,,,,,,,,,,,,,,,,,,,,,,0.40,0.40,0.65,0.63,0.20,0.65,0.55,0.53,0.53,0.27,0.80,0.30,0.30,0.33,,0.30,0.50,0.72,0.70,0.70,0.87,0.67,0.90,0.85,0.90,0.40,0.40,0.47,1.00,0.37,0.53,0.33,0.50,0.73,0.40,0.60,0.20,0.57,0.44,0.45,0.53,0.60,0.45,0.60,0.48,0.40,0.35,0.23,0.85,0.27,0.60,0.97,0.40,0.75,0.50,0.63,0.80,0.57,0.65,0.72,0.95,0.75,0.90,0.65,0.50,0.50,0.45,0.38,0.48,0.50,0.47,0.23,0.78,0.53,0.66,0.70,0.40,0.60,0.37,0.70,0.73,0.50,0.87,0.90,0.80,0.60,0.67,0.35,0.70,0.45,0.60,0.57,0.57,0.77,0.63,0.90,0.73,0.80,0.70,0.70,0.70,0.65,0.40,0.50,0.65,0.60,0.33,0.40,0.60,0.50,0.20,,0.25,0.50,0.43,0.57,0.60,0.55,0.45,0.60,,0.70,0.30,0.30,0.45,0.70,0.55,0.40,0.40,0.40,0.85,0.40,0.70,0.20,0.60,0.35,0.25,0.30,1.00,,0.35,0.50,0.57,0.27,0.60,0.40,0.20,0.40,0.20,0.25,0.30,,0.25,,0.55,,0.40,0.50,0.40,0.20,0.30,0.30,0.30,0.30,0.27,0.25,0.30,0.50,0.10,0.30,0.25,0.55,0.25,0.65,0.55,0.55,0.40,0.30,0.50,0.45,,,,0.55,,
20260403,20,AQI,29,58,61,101,112,103,63,29,71,69,107,88,81,55,27,43,70,56,23,26,40,22,24,43,56,51,44,51,44,30,25,35,69,19,27,49,26,24,32,25,19,46,30,27,52,18,40,20,78,39,489,40,27,47,46,38,43,39,39,42,45,39,58,40,40,75,26,43,30,167,102,49,92,42,25,33,28,30,91,80,49,91,23,75,111,89,87,71,51,59,101,68,60,37,51,79,19,63,55,58,29,39,55,37,61,81,105,46,55,44,25,107,88,48,54,49,48,55,41,98,93,159,47,39,40,27,274,71,45,187,55,179,40,32,29,21,26,38,43,19,27,64,42,31,29,60,79,59,36,47,193,166,75,114,172,115,81,57,38,87,,,,,,,,,,,,,,,,,,,,,,,,,,,,,,31,34,30,141,29,70,140,38,60,40,51,31,39,28,,23,41,25,48,39,43,57,34,44,39,76,74,47,113,44,51,26,58,74,33,69,25,41,41,43,46,30,15,53,35,38,35,28,23,55,22,19,26,22,44,23,27,24,18,23,24,27,21,20,96,334,61,43,41,38,39,35,39,108,39,36,29,36,36,52,33,81,22,24,21,22,18,28,19,32,71,51,54,58,61,51,36,35,23,78,101,70,48,51,77,53,65,76,57,82,47,,25,30,28,31,34,30,36,40,,34,46,36,28,70,53,45,60,51,78,43,66,21,27,36,31,29,33,,29,28,106,44,83,150,145,64,120,77,110,,106,,125,,63,64,44,56,52,54,36,53,64,47,111,60,33,34,78,80,85,88,151,40,35,33,42,33,,,,45,,
20260403,20,PM2.5,3,5,8,50,81,31,9,9,25,8,21,17,15,13,6,9,45,40,12,18,22,13,17,27,11,32,31,27,31,21,14,6,50,12,17,34,18,17,20,6,3,32,21,18,22,11,28,9,25,14,80,27,18,31,30,26,26,27,25,29,30,27,41,27,22,24,16,28,5,37,47,22,33,14,14,23,10,11,68,59,34,68,16,55,13,19,30,23,12,42,76,13,16,8,36,35,3,43,39,32,20,27,39,21,44,60,79,32,32,14,8,25,16,14,35,32,26,35,29,73,69,121,25,27,28,19,58,36,31,58,28,41,21,20,20,5,18,16,22,11,19,34,27,18,7,23,27,25,17,15,47,45,18,37,45,42,35,15,11,43,,,,,,,,,,,,,,,,,,,,,,,,,,,,,,12,24,21,16,8,14,32,10,11,5,31,13,15,10,,15,14,14,27,9,30,34,22,10,14,56,54,33,85,26,36,12,41,54,17,50,9,15,23,13,32,21,3,37,11,14,20,6,16,39,6,13,10,3,31,16,19,13,9,13,7,19,9,3,56,80,31,30,29,13,24,17,20,57,20,18,14,22,24,34,19,42,10,17,11,11,8,16,9,17,36,28,34,41,44,28,6,24,11,57,50,22,21,11,16,27,22,31,30,37,13,,10,3,14,22,20,17,25,20,,17,32,16,19,49,37,31,43,36,57,30,48,15,11,3,3,3,23,,3,3,53,14,40,51,62,29,63,35,54,,46,,71,,27,20,20,24,22,25,3,19,19,15,44,22,15,12,22,38,34,41,51,11,16,6,12,7,,,,28,,
20260403,20,PM2.5_24h,73,66,72,78,84,33,84,27,43,83,60,38,49,39,31,53,60,224,111,26,31,21,31,68,39,40,19,26,34,50,63,50,79,26,21,37,24,29,19,29,22,18,20,14,29,16,18,14,31,49,27,20,17,27,24,23,27,25,24,25,23,24,38,25,18,31,20,19,6,32,53,29,68,19,10,13,67,57,59,54,62,81,17,70,35,32,47,37,48,49,56,38,42,63,44,51,19,23,30,23,18,20,26,23,35,26,35,24,24,34,27,41,53,55,50,51,63,46,79,216,51,140,55,26,33,15,48,32,28,45,21,46,11,15,18,13,12,31,22,33,20,22,26,13,13,12,26,16,19,14,46,43,38,26,31,52,27,77,10,27,,,,,,,,,,,,,,,,,,,,,,,,,,,,,,18,22,28,39,32,40,39,43,39,83,94,9,93,23,,19,83,69,50,52,77,67,75,39,36,90,49,44,134,31,70,14,57,110,12,81,7,38,24,24,25,24,14,45,20,34,17,29,21,20,11,11,8,11,20,17,11,13,16,16,10,13,8,10,36,27,21,20,20,18,42,16,19,20,22,18,14,18,19,24,16,21,13,19,16,15,20,6,12,10,39,27,28,39,31,52,31,49,31,48,27,13,14,26,32,17,17,21,17,18,8,,5,8,17,24,10,19,28,19,,17,32,21,7,49,40,22,37,36,69,22,47,8,9,6,5,4,28,,3,5,27,50,25,23,59,24,83,59,51,,39,,35,,35,28,25,22,26,24,4,27,80,89,43,49,10,20,16,43,41,53,42,16,11,3,11,20,,,,23,,
20260403,20,PM10,20,66,72,152,174,155,76,24,91,88,163,125,112,59,11,43,90,42,23,20,40,18,22,43,61,51,37,51,38,25,21,9,60,19,23,36,21,24,32,11,11,39,27,27,53,18,38,20,105,38,589,40,27,47,46,38,43,38,39,42,45,39,62,40,40,100,25,43,12,284,153,49,133,42,25,31,24,30,111,97,42,71,16,87,172,128,123,92,52,65,103,85,69,23,52,107,6,76,50,66,23,35,53,37,67,71,85,40,59,44,17,163,125,48,58,49,48,59,34,83,94,126,47,31,39,26,402,92,45,323,59,308,40,32,29,15,22,38,43,18,22,78,42,29,16,69,108,67,36,47,336,281,100,178,293,180,111,64,38,124,,,,,,,,,,,,,,,,,,,,,,,,,,,,,,31,31,30,232,29,89,230,38,70,40,51,31,39,23,,20,41,17,48,39,,63,31,44,38,,61,44,148,44,45,26,47,66,33,54,25,41,41,43,41,25,12,48,35,38,35,23,21,,11,18,26,7,39,21,22,21,13,23,24,24,21,20,142,447,72,41,39,38,39,35,39,165,39,36,29,36,36,54,33,111,22,22,15,22,13,28,19,32,91,51,58,62,67,52,36,35,22,96,151,89,48,51,103,55,80,101,64,114,47,,15,20,25,26,34,30,34,40,,34,46,36,27,89,56,45,53,52,83,39,81,19,20,12,19,12,23,,14,14,162,44,115,250,240,78,190,103,169,,162,,199,,75,77,44,61,53,58,15,56,77,47,171,69,32,21,105,109,119,125,251,40,35,6,42,24,,,,45,,
20260403,20,PM10_24h,139,126,176,142,132,72,180,104,113,165,123,107,109,121,110,90,98,268,145,36,48,32,47,92,63,63,36,48,43,67,83,58,91,43,33,47,34,42,29,44,33,32,29,25,56,22,25,18,69,71,91,31,23,45,42,41,41,35,41,44,41,35,53,34,32,49,34,31,13,129,170,58,291,55,15,17,286,301,107,97,59,86,16,95,100,80,87,74,83,87,94,66,69,96,70,86,25,38,39,41,22,36,34,35,50,36,45,38,40,64,108,119,177,147,89,87,98,83,78,273,69,186,75,38,47,22,139,62,48,134,39,143,18,22,32,21,13,45,43,45,26,43,33,27,22,32,51,31,30,30,149,157,185,102,143,274,111,376,41,92,,,,,,,,,,,,,,,,,,,,,,,,,,,,,,37,38,39,143,142,148,141,106,191,350,147,24,340,88,,116,330,79,71,85,79,93,94,69,74,93,61,73,215,49,92,23,81,154,30,89,18,60,42,54,42,34,24,57,40,55,19,49,32,29,17,13,15,15,21,22,16,23,20,24,24,20,21,23,63,79,50,31,27,38,53,27,36,60,40,32,25,46,28,40,30,38,20,16,25,21,31,13,19,14,57,47,47,57,45,63,43,63,51,68,79,31,29,35,61,25,41,34,31,27,25,,10,27,28,28,18,27,38,25,,21,48,37,15,89,53,36,47,50,89,29,66,13,18,11,25,16,40,,12,13,80,245,49,89,231,63,305,225,182,,178,,102,,104,68,65,52,70,58,16,148,349,379,194,173,30,47,80,124,122,172,215,58,51,11,40,53,,,,39,,
20260403,20,SO2,2,5,3,5,8,4,3,3,2,2,4,3,4,3,6,7,8,6,9,6,6,5,3,7,9,6,6,5,4,8,6,6,5,6,5,5,6,5,5,6,5,3,,5,6,4,2,7,5,6,2,7,4,5,5,4,6,3,6,5,5,8,4,6,8,5,5,4,4,3,6,6,6,6,3,6,8,5,8,7,5,10,3,15,8,5,8,10,9,6,9,3,5,7,5,7,5,6,7,6,9,6,7,5,6,16,6,6,4,5,6,14,3,5,6,7,10,9,5,8,8,5,7,6,8,5,8,3,8,6,6,10,8,6,5,7,9,6,7,8,4,7,6,5,6,7,3,7,12,6,3,2,3,8,6,,11,9,6,9,,,,,,,,,,,,,,,,,,,,,,,,,,,,,,5,2,4,3,4,8,6,6,5,9,6,6,8,6,,6,8,5,6,8,7,3,7,8,6,1,4,8,7,8,5,5,5,9,6,6,15,6,7,6,7,5,4,7,6,4,5,5,5,5,2,12,3,3,5,6,7,2,5,3,6,11,6,10,8,13,3,5,8,5,4,4,6,8,13,12,4,4,5,6,4,7,6,7,5,6,4,5,4,4,9,6,5,9,9,10,6,5,11,4,6,7,8,4,7,8,5,7,8,10,5,,6,5,5,12,4,10,7,3,,6,6,6,7,7,8,6,5,5,9,6,5,6,6,5,8,7,6,,8,5,5,3,6,5,5,12,10,4,7,,3,,8,,8,6,8,10,11,13,6,12,4,8,4,6,8,7,4,4,6,4,3,7,5,5,11,8,,,,7,,
20260403,20,SO2_24h,5,9,3,11,13,6,6,4,5,6,8,6,9,9,9,11,8,11,10,6,6,6,5,10,10,7,6,6,6,11,9,7,8,6,5,5,6,6,5,6,6,3,3,4,6,4,2,7,8,7,6,7,4,5,5,4,6,3,6,4,5,8,4,6,8,5,5,5,4,5,7,7,5,7,3,5,10,5,13,8,7,11,3,21,10,7,13,11,11,7,9,6,9,9,5,12,7,6,7,4,8,6,6,5,6,6,6,6,4,6,8,9,9,8,26,10,12,10,9,13,7,11,8,6,9,6,11,5,8,11,6,13,6,6,7,7,9,7,6,5,4,7,7,11,6,6,3,6,7,7,5,3,3,6,8,11,16,8,5,10,,,,,,,,,,,,,,,,,,,,,,,,,,,,,,5,2,5,5,4,12,8,8,7,9,8,6,8,5,,6,8,15,8,10,13,8,9,13,9,1,7,8,12,9,6,5,5,11,6,6,7,7,8,8,7,6,4,8,6,7,5,6,4,5,3,7,3,4,4,5,6,4,11,3,6,8,8,7,9,10,4,5,6,5,4,4,8,6,10,7,4,4,5,6,3,7,6,7,5,6,4,4,6,4,10,7,5,10,10,11,7,5,7,8,9,8,7,5,8,7,5,6,8,7,5,,6,9,5,9,4,10,9,3,,5,6,6,8,7,6,5,7,6,9,6,5,6,6,6,9,7,8,,8,6,5,16,5,7,6,11,9,6,8,,3,,8,,4,8,7,10,10,15,6,15,6,8,4,5,8,7,3,5,20,4,2,7,7,5,10,9,,,,7,,
20260403,20,NO2,6,11,6,19,30,10,7,8,8,3,13,9,7,9,8,15,18,26,17,33,32,25,21,22,19,23,30,21,43,19,19,10,22,30,53,56,38,22,24,20,38,26,20,31,21,32,36,31,15,8,13,19,27,25,16,5,17,8,11,20,19,17,12,18,25,33,12,11,10,15,14,19,18,12,21,31,19,13,21,12,13,19,24,23,18,19,14,17,17,15,19,8,6,17,11,14,14,35,13,14,14,10,21,4,38,61,60,13,11,14,10,14,10,18,15,21,19,14,12,24,35,20,19,30,25,20,15,14,19,12,13,12,24,23,10,12,32,21,5,11,6,47,16,8,15,20,34,31,16,21,16,12,15,17,19,12,7,14,6,7,,,,,,,,,,,,,,,,,,,,,,,,,,,,,,10,10,37,9,10,11,11,11,8,6,11,9,8,8,,12,9,10,15,10,11,15,7,8,6,12,37,16,12,12,10,5,15,13,10,22,11,18,15,17,35,26,10,15,13,18,16,9,20,15,13,18,15,10,56,22,10,14,16,19,13,13,13,17,19,11,23,12,18,17,10,19,11,29,11,19,16,10,18,8,29,16,15,20,17,10,15,21,19,19,53,9,15,15,36,11,13,8,8,10,23,27,22,27,27,28,60,14,19,26,6,,9,5,10,9,40,16,10,16,,10,7,9,11,14,8,9,9,8,16,8,13,8,8,9,4,8,15,,2,2,38,13,30,6,13,23,6,8,10,,10,,31,,14,11,1,4,5,1,6,2,9,12,20,9,9,8,9,7,6,9,4,8,9,2,10,3,,,,6,,
20260403,20,NO2_24h,36,33,19,34,52,12,35,13,23,45,24,18,13,24,11,27,24,44,34,21,20,25,23,26,22,34,26,21,28,28,28,15,27,28,20,37,23,22,21,21,21,22,19,16,26,22,23,19,14,12,14,14,13,23,11,5,16,6,9,17,11,13,20,9,15,20,10,10,8,23,16,9,11,26,12,14,14,8,22,16,18,25,22,27,18,13,30,17,21,19,21,14,14,31,12,25,19,17,13,8,14,9,12,4,31,17,24,7,12,16,12,11,16,28,32,19,29,17,26,43,17,39,25,25,22,27,21,14,22,16,13,20,18,18,18,8,13,29,7,14,7,22,14,15,13,8,22,12,8,10,24,19,14,17,22,3,12,4,10,22,,,,,,,,,,,,,,,,,,,,,,,,,,,,,,9,11,24,15,7,18,12,23,29,4,19,9,4,8,,7,6,26,15,20,26,32,28,28,24,16,19,19,32,11,18,8,19,27,11,26,7,25,18,18,30,29,11,27,13,18,11,12,26,14,14,14,8,11,24,19,11,17,17,20,17,13,9,16,16,15,17,14,13,14,12,10,13,9,13,15,12,11,9,8,15,9,11,9,3,10,17,9,14,9,30,8,9,22,13,15,19,12,7,11,27,15,12,15,18,11,27,10,15,10,5,,13,9,9,9,14,9,12,9,,7,7,11,9,16,10,9,7,9,15,10,19,6,9,7,3,7,19,,5,3,19,11,17,13,6,24,4,7,18,,12,,12,,21,5,2,2,3,2,10,4,6,6,11,11,10,21,11,32,15,35,17,22,9,5,11,15,,,,4,,
20260403,20,O3,92,86,94,56,66,87,94,92,91,96,85,87,88,102,86,56,122,59,62,63,49,71,71,91,98,69,57,58,48,66,81,112,104,41,35,21,40,61,66,79,55,51,49,23,76,43,38,34,83,126,108,71,64,38,41,56,49,53,55,49,42,43,72,82,75,60,84,103,95,97,104,90,90,106,71,62,89,96,46,130,55,63,47,113,74,83,89,89,110,136,111,114,103,118,145,100,61,46,78,55,43,49,35,58,14,16,12,54,121,104,81,91,108,94,75,41,63,104,67,58,58,89,62,45,55,70,98,91,91,91,96,90,76,71,72,66,16,52,65,62,70,63,89,99,94,92,77,67,65,105,88,96,83,79,90,104,105,80,117,104,,,,,,,,,,,,,,,,,,,,,,,,,,,,,,88,89,22,101,82,95,88,91,100,91,81,79,89,91,,73,88,81,44,54,79,65,109,124,126,67,52,102,85,82,67,80,61,83,68,59,74,86,82,95,37,38,49,78,71,75,74,91,54,58,70,60,46,71,16,51,74,76,59,49,65,76,58,63,90,109,106,92,82,73,102,66,66,84,94,64,83,89,67,72,77,56,58,53,66,24,57,49,58,36,8,65,61,75,37,98,60,83,73,107,71,54,103,86,96,77,18,66,75,64,104,,79,96,90,94,33,69,110,60,,67,98,102,90,129,112,108,126,125,114,95,94,58,87,114,99,94,99,,92,89,54,94,60,105,95,104,100,108,96,,100,,66,,83,116,106,106,107,103,115,139,85,90,84,126,106,110,120,108,113,118,101,127,109,107,120,104,,,,86,,
20260403,20,O3_24h,92,86,94,56,66,87,94,92,91,96,85,87,88,102,86,56,122,59,62,63,49,71,71,91,98,69,57,58,48,66,81,112,104,41,35,21,40,61,66,79,55,51,49,23,76,43,38,34,83,126,108,71,64,38,41,56,49,53,55,49,42,43,72,82,75,60,84,103,95,97,104,90,90,106,71,62,89,96,46,130,55,63,47,113,74,83,89,89,110,136,111,114,103,118,145,100,61,46,78,55,43,49,35,58,14,16,12,54,121,104,81,91,108,94,75,41,63,104,67,58,58,89,62,45,55,70,98,91,91,91,96,90,76,71,72,66,16,52,65,62,70,63,89,99,94,92,77,67,65,105,88,96,83,79,90,104,105,80,117,104,,,,,,,,,,,,,,,,,,,,,,,,,,,,,,88,89,22,101,82,95,88,91,100,91,81,79,89,91,,73,88,81,44,54,79,65,109,124,126,67,52,102,85,82,67,80,61,83,68,59,74,86,82,95,37,38,49,78,71,75,74,91,54,58,70,60,46,71,16,51,74,76,59,49,65,76,58,63,90,109,106,92,82,73,102,66,66,84,94,64,83,89,67,72,77,56,58,53,66,24,57,49,58,36,8,65,61,75,37,98,60,83,73,107,71,54,103,86,96,77,18,66,75,64,104,,79,96,90,94,33,69,110,60,,67,98,102,90,129,112,108,126,125,114,95,94,58,87,114,99,94,99,,92,89,54,94,60,105,95,104,100,108,96,,100,,66,,83,116,106,106,107,103,115,139,85,90,84,126,106,110,120,108,113,118,101,127,109,107,120,104,,,,86,,
20260403,20,O3_8h,90,95,98,83,106,115,105,109,95,100,105,103,105,105,92,121,149,66,62,131,93,110,111,116,117,88,101,104,100,89,100,116,119,85,135,68,103,103,109,111,122,105,81,90,76,81,85,51,133,131,127,83,87,61,83,63,66,69,69,71,88,66,107,100,92,95,97,114,101,106,115,113,105,112,89,86,98,102,130,134,128,121,84,139,109,125,129,149,131,153,159,127,137,123,164,154,57,99,106,79,62,95,76,67,36,85,89,86,118,125,100,116,109,99,83,127,129,127,111,86,88,125,78,88,82,65,116,118,127,110,119,110,86,90,80,82,65,57,68,75,73,103,107,118,97,105,108,80,83,124,98,109,83,108,103,116,114,103,115,108,,,,,,,,,,,,,,,,,,,,,,,,,,,,,,104,110,70,113,102,103,116,94,99,98,70,87,105,98,,85,101,91,121,115,77,105,120,131,129,68,78,115,102,93,92,83,90,104,79,79,82,118,101,119,54,57,63,77,103,114,95,107,66,86,95,76,98,67,86,57,71,68,53,69,46,71,54,76,114,114,126,112,116,101,115,110,67,107,106,74,98,101,75,65,108,86,73,70,85,34,63,77,72,73,40,69,75,85,66,123,69,78,99,119,82,87,106,112,110,89,66,82,81,92,106,,95,112,99,106,78,78,125,78,,84,116,95,95,140,123,112,128,130,134,98,112,67,86,111,99,94,107,,92,94,94,100,86,116,104,120,102,115,110,,104,,101,,95,127,113,119,115,111,123,137,99,105,106,115,115,117,111,112,112,110,103,119,108,108,118,106,,,,93,,
20260403,20,O3_8h_24h,90,94,98,80,98,112,101,95,95,100,103,103,103,105,91,101,147,52,60,88,71,86,96,113,116,81,83,84,81,78,100,116,118,55,77,53,58,78,88,88,85,57,75,60,75,56,45,49,124,127,126,82,86,53,52,62,64,64,67,60,55,62,106,99,91,99,96,113,101,106,115,111,99,112,89,85,97,102,116,134,109,107,42,139,97,120,117,138,130,149,148,125,133,122,160,135,57,69,106,77,47,68,52,65,23,61,46,80,118,122,91,112,109,100,76,112,114,125,101,64,85,121,76,50,67,58,115,115,122,108,117,110,85,89,80,81,59,57,68,71,72,102,107,118,97,105,108,80,80,123,97,107,82,106,103,112,114,92,115,108,,,,,,,,,,,,,,,,,,,,,,,,,,,,,,102,107,42,113,93,103,115,93,99,95,69,87,103,97,,84,94,78,107,93,69,77,114,128,129,66,76,115,96,91,84,82,77,97,77,74,82,118,100,117,46,46,59,74,98,110,93,106,62,63,65,61,63,64,46,54,71,68,53,64,46,71,54,57,114,114,126,109,110,97,115,102,67,105,104,69,96,100,73,65,106,86,73,69,84,33,63,76,72,72,34,69,72,85,64,120,69,78,97,119,82,84,114,111,110,89,62,82,81,91,106,,93,112,99,105,75,78,125,77,,81,113,95,95,139,122,112,128,130,134,98,112,63,86,111,99,94,107,,92,94,93,100,86,116,102,120,102,115,107,,103,,96,,94,127,112,118,114,110,123,137,97,103,102,115,115,117,111,112,112,110,103,119,108,103,118,106,,,,93,,
20260403,20,CO,0.21,0.31,0.10,0.62,0.70,0.32,0.25,0.20,0.20,0.20,0.25,0.18,0.22,0.27,0.26,0.75,0.64,0.72,0.50,0.69,0.70,0.74,0.63,0.67,0.36,0.60,0.80,0.61,0.56,0.78,0.58,0.54,0.65,0.64,0.77,0.70,0.57,0.85,0.65,0.53,0.55,0.60,0.60,0.65,0.59,0.52,0.60,0.70,0.42,0.51,0.30,0.58,0.70,0.66,0.57,0.50,0.47,0.30,0.37,0.67,0.60,0.50,0.57,0.45,0.55,0.62,0.30,0.49,0.25,0.23,0.30,0.40,0.30,0.23,0.47,0.65,0.39,0.28,0.96,0.72,0.60,0.72,0.70,0.55,0.44,0.47,0.38,0.45,0.54,0.47,0.82,0.45,0.28,0.58,0.50,0.62,0.73,1.13,0.67,0.73,0.90,0.60,0.65,0.53,0.75,1.10,1.23,0.60,0.37,0.40,0.46,0.37,0.25,0.30,0.44,1.18,0.90,0.92,0.52,1.17,0.68,0.80,0.37,0.68,0.70,0.68,0.30,0.28,0.62,0.30,0.35,0.25,0.53,0.53,0.65,0.90,0.65,0.90,0.55,0.67,0.40,0.70,0.63,0.50,0.67,0.57,0.57,0.40,0.60,0.45,0.37,0.25,0.30,0.34,0.30,0.50,0.53,0.65,0.42,0.25,,,,,,,,,,,,,,,,,,,,,,,,,,,,,,0.33,0.40,1.00,0.17,0.23,0.25,0.23,0.30,0.27,0.27,0.53,0.30,0.40,0.25,,0.30,0.50,0.40,0.77,0.70,0.57,0.63,0.60,0.50,0.75,0.25,0.45,0.47,0.57,0.33,0.40,0.30,0.45,0.53,0.40,0.45,0.25,0.38,0.44,0.40,0.50,0.50,0.50,0.50,0.42,0.27,0.35,0.17,0.80,0.43,0.67,0.97,0.60,0.75,1.00,0.87,0.45,0.45,0.55,0.80,0.80,0.60,1.00,0.75,0.57,0.45,0.45,0.35,0.45,0.45,0.33,0.33,0.80,0.57,0.58,0.60,0.42,0.50,0.33,0.70,0.73,0.45,0.88,0.80,1.00,0.75,0.77,0.45,0.65,0.50,1.25,0.57,0.68,0.77,0.73,0.55,0.73,0.70,0.75,0.80,0.60,0.55,0.53,0.53,0.75,0.72,0.75,0.35,0.70,0.60,0.30,,0.25,0.30,0.40,0.53,0.90,0.60,0.40,0.55,,0.65,0.30,0.20,0.50,0.55,0.20,0.50,0.40,0.35,0.55,0.40,0.30,0.25,0.50,0.25,0.30,0.30,1.20,,0.30,0.40,0.60,0.30,1.00,0.35,0.25,0.30,0.20,0.25,0.30,,0.20,,0.70,,0.35,0.50,0.40,0.30,0.30,0.30,0.20,0.30,0.27,0.30,0.30,0.35,0.20,0.30,0.25,0.25,0.20,0.25,0.45,0.40,0.20,,0.30,0.25,,,,0.50,,
20260403,20,CO_24h,0.68,0.81,0.48,0.82,0.95,0.47,0.54,0.33,0.50,0.75,0.43,0.30,0.67,0.58,0.30,0.86,0.64,1.26,0.84,0.51,0.62,0.71,0.60,0.74,0.48,0.64,0.74,0.60,0.62,0.97,0.80,0.68,0.72,0.62,0.53,0.50,0.54,0.72,0.63,0.50,0.55,0.43,0.40,0.40,0.67,0.47,0.45,0.67,0.53,0.64,0.41,0.63,0.57,0.63,0.55,0.50,0.50,0.35,0.37,0.63,0.53,0.47,0.63,0.43,0.50,0.52,0.43,0.49,0.27,0.44,0.43,0.50,0.24,0.37,0.40,0.47,0.44,0.22,0.74,0.72,0.57,0.78,0.57,0.59,0.60,0.60,0.64,0.58,0.68,0.52,0.63,0.70,0.45,0.78,0.55,0.73,0.80,0.63,0.67,0.63,0.75,0.55,0.50,0.53,0.65,0.50,0.70,0.50,0.40,0.50,0.41,0.53,0.67,0.72,0.76,0.92,0.97,0.90,0.72,1.52,0.52,1.00,0.43,0.57,0.60,0.64,0.56,0.38,0.62,0.73,0.40,0.42,0.45,0.53,0.63,0.80,0.50,0.93,0.63,0.76,0.50,0.57,0.70,0.90,0.70,0.53,0.57,0.25,0.55,0.53,0.63,0.50,0.45,0.42,0.40,0.30,0.70,0.42,0.44,0.35,,,,,,,,,,,,,,,,,,,,,,,,,,,,,,0.40,0.40,0.65,0.63,0.20,0.65,0.53,0.50,0.50,0.27,0.77,0.30,0.30,0.33,,0.30,0.50,0.70,0.70,0.70,0.87,0.63,0.90,0.80,0.90,0.35,0.40,0.47,1.00,0.37,0.53,0.33,0.50,0.73,0.40,0.55,0.20,0.57,0.44,0.45,0.53,0.60,0.45,0.60,0.48,0.40,0.35,0.23,0.83,0.27,0.60,0.97,0.40,0.75,0.55,0.63,0.80,0.53,0.65,0.72,0.95,0.73,0.90,0.65,0.50,0.50,0.45,0.38,0.48,0.50,0.47,0.23,0.78,0.53,0.64,0.67,0.40,0.60,0.37,0.70,0.73,0.50,0.88,0.90,0.80,0.60,0.67,0.35,0.70,0.45,0.65,0.57,0.57,0.77,0.63,0.90,0.73,0.80,0.70,0.70,0.70,0.65,0.40,0.53,0.65,0.60,0.35,0.40,0.60,0.50,0.20,,0.25,0.50,0.43,0.57,0.60,0.55,0.50,0.60,,0.70,0.30,0.30,0.45,0.65,0.55,0.40,0.40,0.40,0.85,0.40,0.75,0.20,0.60,0.35,0.25,0.30,1.00,,0.35,0.45,0.57,0.23,0.60,0.40,0.20,0.40,0.20,0.25,0.30,,0.25,,0.55,,0.40,0.50,0.40,0.20,0.30,0.30,0.30,0.30,0.27,0.25,0.30,0.50,0.10,0.30,0.25,0.55,0.25,0.65,0.55,0.55,0.40,0.20,0.50,0.45,,,,0.50,,
20260403,21,AQI,28,48,53,113,118,96,52,28,61,50,79,85,69,53,23,43,65,46,21,24,45,36,31,47,62,49,36,45,51,26,31,35,71,20,30,54,21,30,26,21,17,39,20,30,47,24,31,17,74,38,340,49,36,48,43,38,40,39,42,42,47,39,56,42,47,75,30,42,27,128,111,46,82,41,29,41,30,26,55,74,27,54,18,80,104,92,103,68,57,44,71,57,65,36,51,83,15,76,49,54,30,36,56,37,51,61,110,47,54,48,22,81,79,39,47,36,42,44,31,90,126,145,36,44,46,33,172,99,68,139,349,137,47,34,32,20,30,35,41,26,27,72,49,30,24,59,82,63,46,27,160,142,69,110,191,129,79,66,40,92,,,,,,,,,,,,,,,,,,,,,,,,,,,,,,37,37,23,125,29,60,137,32,56,56,50,34,42,25,,31,49,26,20,20,30,52,31,41,39,81,60,55,86,45,45,27,43,63,45,64,25,42,41,49,56,33,15,50,40,39,33,26,20,53,22,20,19,18,46,28,35,23,22,19,23,29,22,21,88,324,69,53,53,37,51,44,46,104,44,41,34,46,35,51,38,84,22,26,21,21,17,37,30,30,88,46,54,59,59,37,36,37,41,81,91,77,52,55,77,58,61,79,63,79,46,,22,28,28,30,41,47,38,41,,37,47,37,28,75,59,49,61,54,108,42,73,19,28,32,62,27,36,,28,27,104,42,77,156,141,77,124,85,108,,98,,118,,61,77,44,53,48,53,29,57,62,53,110,64,37,31,77,89,90,98,126,44,58,27,38,34,,,,40,,
20260403,21,PM2.5,3,4,8,39,78,29,6,9,17,6,14,16,11,15,8,10,40,32,10,17,29,25,22,29,14,34,25,25,36,18,14,5,52,13,21,38,15,21,17,11,10,27,14,19,18,13,22,12,25,13,59,33,21,31,29,26,28,27,26,28,31,26,39,27,21,28,15,25,5,33,49,32,31,15,19,28,13,10,36,54,19,38,5,59,5,23,30,25,12,28,52,12,19,9,34,37,3,56,34,27,21,25,40,21,32,44,83,33,35,16,8,18,12,8,31,25,10,24,22,67,96,111,19,31,32,19,33,26,35,35,65,31,21,19,16,10,21,9,22,12,19,39,30,15,13,26,32,32,20,11,38,50,25,40,55,55,37,13,9,52,,,,,,,,,,,,,,,,,,,,,,,,,,,,,,22,26,16,18,9,9,28,9,14,22,32,16,18,9,,14,11,12,14,12,21,36,22,12,12,60,43,26,64,25,26,11,30,45,23,46,9,17,24,16,40,23,3,35,14,16,23,10,14,37,4,14,5,5,32,16,17,11,11,10,10,18,12,4,39,80,32,37,37,17,36,20,23,75,21,22,19,25,23,33,21,34,11,18,11,11,8,19,17,17,65,27,32,42,42,26,4,26,12,60,51,26,25,14,19,39,21,34,37,40,8,,11,5,12,21,14,23,22,27,,23,32,18,11,55,42,34,44,38,81,27,53,13,15,9,14,8,25,,3,3,60,15,32,54,59,38,68,39,53,,40,,67,,27,28,17,24,26,25,3,18,20,26,47,28,19,13,23,42,39,47,49,17,20,11,15,11,,,,28,,
20260403,21,PM2.5_24h,70,64,69,77,85,32,80,26,42,78,56,36,47,38,28,53,60,220,97,25,31,20,29,67,37,39,18,25,34,48,60,48,78,24,22,37,23,28,18,29,22,19,20,14,29,16,18,14,31,46,28,20,17,27,24,24,27,25,24,25,23,24,39,24,18,31,19,19,6,31,54,29,69,19,10,13,67,55,58,54,61,81,16,71,34,32,47,37,47,47,55,38,41,61,42,50,18,24,30,24,19,20,27,23,35,28,38,24,25,33,26,40,52,52,51,49,61,44,78,215,52,140,53,26,32,15,46,31,28,45,23,45,12,16,18,13,12,27,22,31,20,23,26,14,12,13,27,17,18,14,45,43,38,26,31,51,25,76,9,27,,,,,,,,,,,,,,,,,,,,,,,,,,,,,,17,21,27,37,31,39,39,41,38,80,92,9,89,22,,19,82,68,47,49,76,66,72,37,34,89,48,43,130,27,67,14,54,106,12,76,7,37,24,23,25,24,13,46,19,33,17,28,21,20,11,11,8,11,21,16,11,13,16,15,10,13,7,9,35,29,21,20,21,18,42,16,19,22,21,18,14,18,18,25,16,22,12,19,15,15,19,6,11,10,41,27,28,38,32,51,30,48,29,48,28,14,14,26,32,17,18,20,18,19,9,,5,8,16,23,10,20,29,19,,16,32,21,7,49,40,22,37,35,68,23,47,8,10,6,5,4,27,,3,4,28,49,25,25,60,24,80,57,52,,40,,37,,35,28,25,23,26,24,4,27,79,89,44,49,10,20,16,44,41,54,43,16,11,2,11,20,,,,23,,
20260403,21,PM10,16,48,55,176,186,141,54,22,72,50,107,119,88,55,15,43,80,36,21,19,45,32,26,47,73,49,31,45,41,25,31,8,66,20,29,43,18,27,26,19,16,33,18,30,47,24,28,17,97,31,452,49,36,48,43,38,39,37,42,42,47,39,62,42,47,100,30,42,15,206,171,42,114,41,29,41,30,26,59,86,25,,7,85,158,134,156,85,63,44,86,64,79,25,51,116,7,81,48,58,27,33,49,37,51,58,80,44,57,48,20,112,107,39,47,35,42,44,,76,142,113,36,35,38,33,294,148,86,227,459,223,47,34,32,20,30,35,41,26,27,93,49,30,24,68,114,76,46,19,270,233,88,170,331,207,107,82,40,134,,,,,,,,,,,,,,,,,,,,,,,,,,,,,,37,,23,199,29,70,223,32,61,61,50,34,42,24,,31,49,14,,16,,53,28,41,32,63,55,60,115,45,45,27,39,56,45,53,25,42,41,49,55,27,15,50,40,39,30,25,19,38,7,18,11,8,40,28,35,22,14,19,23,29,22,17,126,439,88,54,44,37,47,44,46,157,44,41,34,46,35,52,38,117,22,24,20,21,13,37,30,30,101,46,58,53,63,35,36,27,41,82,131,103,53,59,103,66,72,108,76,108,46,,22,19,24,25,41,47,38,41,,37,47,37,25,100,63,47,55,48,110,42,76,18,24,18,74,15,28,,13,15,158,42,103,261,231,104,198,120,166,,146,,186,,72,104,44,56,48,56,15,63,73,56,169,78,37,30,103,127,129,146,202,44,65,,38,34,,,,40,,
20260403,21,PM10_24h,134,123,173,144,134,75,174,101,112,160,121,108,109,119,106,89,97,266,117,34,47,31,43,90,63,61,34,47,41,63,80,56,90,39,33,47,33,40,28,43,33,32,28,25,55,22,24,17,70,69,109,31,23,45,42,41,40,35,41,44,41,34,54,34,32,51,32,32,12,134,173,58,294,55,15,18,284,299,104,96,58,85,17,96,103,83,89,75,82,84,93,67,70,94,69,87,24,40,40,42,23,36,35,35,50,37,47,39,41,63,106,122,178,141,89,82,95,80,76,270,71,184,73,37,46,21,146,66,49,141,58,149,20,23,32,21,14,43,43,44,26,46,34,27,21,33,55,33,30,30,157,163,187,104,153,264,99,377,40,95,,,,,,,,,,,,,,,,,,,,,,,,,,,,,,35,36,38,148,141,147,148,103,190,338,138,24,329,87,,116,325,77,67,80,77,90,91,68,71,95,60,72,211,45,89,23,77,149,30,84,18,59,41,52,41,34,23,57,39,54,18,48,30,28,16,13,14,15,22,22,15,22,19,24,23,20,20,22,65,95,51,31,27,38,52,27,37,64,40,32,25,45,28,41,30,42,20,16,23,20,29,14,19,14,59,46,47,56,45,62,43,61,49,68,83,35,30,36,63,27,43,37,33,30,26,,11,26,27,27,19,27,39,25,,21,48,36,15,89,53,37,47,50,88,30,66,13,18,12,26,16,40,,12,13,85,244,51,99,237,66,287,215,186,,181,,108,,105,69,65,52,67,59,16,148,345,379,199,173,29,46,81,126,124,174,217,58,48,10,39,53,,,,38,,
20260403,21,SO2,2,5,3,4,7,3,3,3,2,2,4,3,3,3,6,8,8,6,8,5,6,5,4,7,10,6,6,5,4,8,6,6,5,6,5,5,6,5,5,6,5,3,5,5,6,4,2,7,5,6,3,7,4,5,5,4,6,3,6,4,5,10,4,6,8,5,6,3,5,4,5,6,10,6,4,6,12,5,7,7,4,10,3,17,7,5,9,10,10,6,7,3,5,7,5,7,5,6,6,6,8,6,7,5,6,5,6,6,5,5,8,12,3,5,6,7,9,9,5,7,11,5,6,6,9,5,8,3,7,7,6,11,9,7,5,7,9,5,7,7,4,7,6,12,7,7,3,7,10,9,3,2,3,7,4,,11,12,6,9,,,,,,,,,,,,,,,,,,,,,,,,,,,,,,5,2,3,3,5,8,6,6,5,9,6,6,8,6,,7,8,6,5,8,6,3,7,8,6,1,4,9,6,9,5,5,5,9,9,6,10,6,7,6,7,5,4,8,6,4,5,6,4,5,3,10,3,4,5,8,7,3,4,4,6,11,5,13,6,10,3,6,7,7,4,4,7,7,12,10,4,4,5,6,4,7,6,7,5,5,3,5,4,4,9,6,5,8,11,10,6,6,10,5,3,7,8,4,8,7,5,6,9,9,5,,6,5,5,13,4,11,6,3,,6,6,5,7,8,9,6,5,5,9,6,7,6,6,6,8,7,7,,7,6,5,3,5,9,11,13,10,4,7,,2,,7,,4,21,6,10,11,15,6,12,4,8,5,5,8,7,4,4,6,4,1,7,6,5,10,8,,,,7,,
20260403,21,SO2_24h,5,9,3,11,13,6,6,4,5,5,8,6,8,9,9,12,8,11,10,6,6,6,5,10,10,7,6,6,5,11,9,7,8,6,5,5,6,5,5,6,6,3,3,4,6,4,2,7,8,7,5,7,4,5,5,4,6,3,6,4,5,8,4,6,8,5,5,4,4,5,7,7,6,6,3,5,9,5,13,8,7,11,3,21,10,7,13,11,11,7,9,6,9,9,5,12,7,6,7,5,8,6,6,5,6,6,6,6,4,6,8,10,9,8,26,10,12,10,9,12,6,11,8,6,9,6,10,5,8,11,6,13,6,6,7,7,9,7,6,6,4,7,7,11,6,6,3,6,7,7,4,3,3,6,8,10,16,8,5,10,,,,,,,,,,,,,,,,,,,,,,,,,,,,,,5,2,4,5,4,12,8,8,7,9,8,6,8,5,,6,8,15,8,10,12,8,9,12,9,1,6,9,12,9,6,5,5,11,6,6,7,7,8,8,7,6,4,8,6,7,5,6,4,5,3,8,3,4,4,5,6,4,10,4,6,8,7,7,9,10,3,5,6,6,4,4,8,6,10,8,4,4,5,6,3,7,6,7,5,6,4,4,6,4,10,7,5,10,10,11,7,5,7,8,9,8,7,5,8,7,5,6,8,7,5,,6,8,5,9,4,10,9,3,,5,6,6,8,7,6,5,7,6,9,6,5,6,6,6,9,7,8,,8,6,5,15,5,7,6,11,9,6,8,,3,,8,,4,9,7,10,11,15,6,15,6,8,4,5,8,7,3,5,20,4,2,7,7,5,10,9,,,,7,,
20260403,21,NO2,6,11,6,11,11,10,8,8,7,3,11,11,9,11,15,13,15,19,14,28,26,25,24,21,25,23,20,18,44,17,19,10,23,27,45,59,29,24,21,23,33,24,18,35,19,32,47,34,17,9,14,20,39,28,15,5,17,10,22,20,21,17,10,17,34,47,15,12,16,22,19,17,29,18,29,41,24,20,16,11,10,15,13,23,13,31,20,20,20,14,14,8,9,16,11,17,17,39,15,11,21,8,21,5,26,31,57,19,14,20,14,16,11,15,16,18,17,27,9,28,58,20,14,26,22,19,17,12,22,13,12,13,23,21,13,28,27,14,6,14,7,58,28,13,29,26,41,48,26,37,16,20,42,26,46,19,10,27,13,12,,,,,,,,,,,,,,,,,,,,,,,,,,,,,,10,9,34,11,9,14,11,12,11,17,9,10,10,14,,13,13,9,13,7,9,11,10,7,6,13,40,12,13,13,11,5,13,12,17,18,10,18,15,21,38,28,12,12,14,15,15,11,19,13,14,19,9,14,64,23,14,14,8,15,16,11,12,15,16,13,18,17,17,16,12,20,11,30,11,15,13,11,14,8,23,11,14,24,13,12,16,27,27,13,53,11,16,12,25,20,12,5,12,10,35,42,28,42,32,41,55,22,38,33,5,,20,6,10,9,49,19,12,22,,9,6,10,10,24,12,10,8,11,29,8,17,9,8,16,4,14,16,,6,2,42,21,27,12,17,43,10,12,24,,12,,37,,15,14,3,2,14,1,20,2,13,36,54,17,16,15,12,15,9,21,7,14,22,14,14,5,,,,6,,
20260403,21,NO2_24h,35,30,18,32,50,12,33,13,23,43,22,17,13,21,9,26,23,42,32,21,21,25,23,26,22,33,26,21,28,26,28,15,27,28,21,38,24,22,21,21,21,22,18,17,26,23,25,20,14,12,14,14,13,23,11,5,16,6,10,17,12,11,20,9,16,21,10,10,8,22,14,9,11,26,12,15,13,8,22,16,18,25,22,27,17,14,29,17,20,18,20,14,13,31,12,24,19,18,14,8,14,9,12,4,30,18,25,8,12,16,11,11,16,28,31,18,28,17,25,42,18,38,25,25,21,26,21,14,22,15,14,19,18,18,18,8,13,25,7,13,7,24,15,15,13,9,23,13,9,11,24,18,14,17,22,4,12,5,10,22,,,,,,,,,,,,,,,,,,,,,,,,,,,,,,9,10,24,15,7,17,13,21,27,4,18,9,5,7,,7,6,25,14,19,26,31,26,27,23,16,19,18,31,10,18,8,19,26,11,25,7,25,17,18,30,29,11,26,13,18,11,12,25,14,14,14,8,11,27,18,11,16,16,19,17,13,9,16,16,15,17,14,13,14,12,10,13,10,13,15,12,11,9,8,15,9,11,10,4,9,17,10,14,9,31,8,10,21,14,15,18,12,7,11,27,16,13,16,18,12,27,10,15,12,5,,13,9,9,9,16,9,13,9,,7,7,10,9,16,10,9,7,9,15,10,18,6,9,7,3,7,18,,5,3,19,12,16,13,7,25,4,7,18,,11,,13,,21,5,2,2,3,2,9,4,6,7,12,11,10,21,11,32,15,35,17,22,9,5,11,15,,,,4,,
20260403,21,O3,90,86,92,59,76,87,90,91,90,95,88,85,84,97,75,67,111,61,67,64,55,59,62,90,83,64,59,58,41,68,75,112,98,40,38,12,44,51,60,66,49,51,44,11,77,38,19,27,67,122,91,68,43,32,42,55,46,48,46,46,36,45,64,69,56,36,74,92,85,87,91,81,73,96,52,33,80,83,54,125,69,68,59,95,80,62,76,76,103,126,103,104,87,116,136,93,49,30,77,55,29,49,34,56,40,29,12,41,112,88,70,85,102,93,70,51,53,36,76,53,33,87,66,52,52,74,93,79,81,85,95,84,62,69,63,46,9,52,63,53,66,36,63,91,60,79,62,44,44,85,88,77,48,57,55,89,92,63,103,93,,,,,,,,,,,,,,,,,,,,,,,,,,,,,,83,82,22,96,78,93,86,89,92,76,83,68,82,79,,62,79,84,56,65,84,68,86,126,124,64,46,98,81,79,66,79,70,80,55,63,69,79,75,81,27,32,47,82,65,73,70,82,52,72,71,53,61,56,6,46,62,73,70,49,55,76,57,66,82,99,105,84,77,73,95,65,64,73,84,64,79,88,65,67,81,58,47,41,68,15,53,21,38,30,6,62,56,76,44,76,56,83,64,97,51,28,96,58,85,38,13,44,36,36,83,,59,90,89,89,12,57,97,46,,59,86,98,90,108,101,103,118,110,85,94,77,54,90,103,97,86,89,,90,85,41,83,42,96,87,62,89,93,76,,97,,56,,73,112,92,107,91,95,93,138,76,58,35,111,88,98,113,102,109,103,95,114,88,86,99,95,,,,84,,
20260403,21,O3_24h,90,86,92,59,76,87,90,91,90,95,88,85,84,97,75,67,111,61,67,64,55,59,62,90,83,64,59,58,41,68,75,112,98,40,38,12,44,51,60,66,49,51,44,11,77,38,19,27,67,122,91,68,43,32,42,55,46,48,46,46,36,45,64,69,56,36,74,92,85,87,91,81,73,96,52,33,80,83,54,125,69,68,59,95,80,62,76,76,103,126,103,104,87,116,136,93,49,30,77,55,29,49,34,56,40,29,12,41,112,88,70,85,102,93,70,51,53,36,76,53,33,87,66,52,52,74,93,79,81,85,95,84,62,69,63,46,9,52,63,53,66,36,63,91,60,79,62,44,44,85,88,77,48,57,55,89,92,63,103,93,,,,,,,,,,,,,,,,,,,,,,,,,,,,,,83,82,22,96,78,93,86,89,92,76,83,68,82,79,,62,79,84,56,65,84,68,86,126,124,64,46,98,81,79,66,79,70,80,55,63,69,79,75,81,27,32,47,82,65,73,70,82,52,72,71,53,61,56,6,46,62,73,70,49,55,76,57,66,82,99,105,84,77,73,95,65,64,73,84,64,79,88,65,67,81,58,47,41,68,15,53,21,38,30,6,62,56,76,44,76,56,83,64,97,51,28,96,58,85,38,13,44,36,36,83,,59,90,89,89,12,57,97,46,,59,86,98,90,108,101,103,118,110,85,94,77,54,90,103,97,86,89,,90,85,41,83,42,96,87,62,89,93,76,,97,,56,,73,112,92,107,91,95,93,138,76,58,35,111,88,98,113,102,109,103,95,114,88,86,99,95,,,,84,,
20260403,21,O3_8h,91,96,98,83,106,115,105,109,95,100,105,103,105,105,92,121,149,66,62,131,93,110,111,116,117,88,101,104,100,89,100,116,119,85,135,68,103,103,109,111,122,105,81,90,77,81,85,51,133,131,127,83,87,61,83,63,66,69,69,71,88,66,107,100,93,95,97,114,101,106,115,113,105,113,89,86,98,102,130,134,128,121,84,139,109,125,128,149,131,153,159,127,137,123,164,154,57,99,106,79,62,95,76,67,36,85,89,86,118,125,100,116,109,99,83,127,129,127,111,86,88,125,78,88,82,66,116,118,127,110,119,110,86,90,81,82,65,59,68,75,73,103,107,118,97,105,108,80,83,124,98,109,83,108,103,116,114,103,116,108,,,,,,,,,,,,,,,,,,,,,,,,,,,,,,104,110,70,113,102,103,116,94,100,98,73,87,105,98,,85,101,91,121,115,77,105,120,131,129,68,78,115,102,93,92,83,90,104,79,79,82,118,101,119,54,57,63,77,103,114,95,107,66,86,95,76,98,67,86,57,72,72,57,69,50,74,56,76,112,114,126,112,116,101,115,110,68,107,106,74,98,101,75,67,108,86,73,70,85,34,64,77,72,73,40,69,75,85,66,123,70,82,99,119,83,87,106,112,110,89,66,82,81,92,106,,95,112,99,106,78,78,125,78,,84,116,97,95,140,123,112,128,130,134,98,112,67,87,112,99,94,107,,93,94,94,100,86,116,104,120,102,115,110,,105,,101,,95,127,113,119,115,111,123,137,99,105,106,117,115,118,114,114,112,111,104,122,108,108,118,107,,,,93,,
20260403,21,O3_8h_24h,90,94,97,79,93,108,97,96,93,98,102,100,98,104,89,95,142,54,59,83,68,79,90,108,112,77,79,79,73,75,98,114,116,51,67,45,54,73,83,84,78,54,71,50,76,53,40,46,115,125,122,80,81,50,49,60,62,61,63,57,50,59,102,96,89,93,93,111,99,103,112,107,96,112,86,81,95,100,107,134,100,101,43,136,94,113,108,127,127,146,140,122,126,122,157,124,57,63,104,75,43,63,49,63,22,55,39,73,118,117,89,108,108,99,75,103,105,115,96,55,78,114,74,47,63,60,113,111,117,106,114,108,84,87,80,77,52,59,67,66,71,95,103,114,94,103,104,77,77,120,95,103,78,99,98,110,113,90,116,108,,,,,,,,,,,,,,,,,,,,,,,,,,,,,,100,103,37,110,91,102,110,94,100,93,73,86,101,96,,82,93,79,100,87,69,72,110,127,127,64,72,113,93,90,81,81,74,94,74,72,80,112,96,113,43,43,58,75,92,104,90,102,60,63,65,62,60,64,39,54,72,72,57,60,50,74,56,58,110,112,125,106,104,93,112,95,68,103,102,69,93,99,72,67,104,84,72,66,82,31,64,70,69,67,30,68,70,85,61,114,69,82,92,119,81,79,114,106,108,84,56,79,77,90,104,,87,110,98,104,68,76,121,73,,77,111,97,95,134,120,111,127,128,126,97,107,62,86,112,99,94,105,,93,94,89,98,83,113,100,114,101,113,102,,103,,91,,91,126,110,117,112,108,120,137,94,98,93,117,113,118,114,114,112,111,104,122,107,101,118,107,,,,92,,
20260403,21,CO,0.20,0.32,0.10,0.50,0.50,0.28,0.25,0.23,0.20,0.20,0.20,0.18,0.22,0.27,0.30,0.61,0.63,0.56,0.49,0.64,0.66,0.76,0.65,0.61,0.42,0.58,0.79,0.59,0.54,0.72,0.58,0.52,0.63,0.64,0.73,0.77,0.55,0.80,0.60,0.63,0.60,0.60,,0.65,0.57,0.57,0.65,0.70,0.43,0.49,0.31,0.59,0.80,0.65,0.56,0.50,0.47,0.30,0.33,0.63,0.60,0.53,0.57,0.45,0.61,0.75,0.43,0.48,0.30,0.30,0.33,0.45,0.36,0.24,0.63,0.83,0.53,0.30,0.82,0.67,0.40,0.53,0.63,0.54,0.36,0.53,0.38,0.47,0.54,0.42,0.57,0.47,0.35,0.56,0.45,0.66,0.70,1.27,0.67,0.67,0.95,0.50,0.60,0.60,0.70,0.80,1.27,0.60,0.57,0.40,0.53,0.37,0.25,0.30,0.44,1.06,0.80,1.50,0.42,1.25,1.06,0.80,0.32,0.65,0.70,0.62,0.30,0.20,0.60,0.23,0.30,0.25,0.53,0.53,0.68,0.93,0.70,0.80,0.60,0.71,0.45,0.80,0.72,1.15,0.77,0.57,0.60,0.55,0.68,0.55,0.37,0.30,0.50,0.40,0.40,0.60,0.53,0.78,0.46,0.25,,,,,,,,,,,,,,,,,,,,,,,,,,,,,,0.35,0.40,1.05,0.17,0.35,0.20,0.23,0.30,0.30,0.37,0.50,0.30,0.40,0.30,,0.30,0.55,0.40,0.63,0.55,0.53,0.47,0.80,0.45,0.75,0.45,0.45,0.43,0.53,0.37,0.37,0.30,0.40,0.50,0.50,0.45,0.25,0.38,0.44,0.50,0.53,0.50,0.55,0.55,0.42,0.23,0.38,0.20,0.70,0.37,0.67,0.80,0.45,0.80,1.00,0.83,0.45,0.50,0.45,0.82,0.80,0.57,0.95,0.75,0.45,0.43,0.40,0.43,0.50,0.45,0.37,0.27,0.78,0.73,0.58,0.67,0.35,0.50,0.33,0.70,0.70,0.45,0.93,0.80,0.90,0.80,0.77,0.55,0.80,0.50,1.10,0.57,0.72,0.77,0.80,0.70,0.73,0.60,0.80,0.80,0.60,0.80,0.53,0.65,0.85,0.97,0.63,0.40,0.80,0.65,0.30,,0.25,0.30,0.37,0.53,1.15,0.65,0.40,0.60,,0.65,0.25,0.20,0.50,0.65,0.35,0.50,0.40,0.45,0.95,0.40,0.40,0.25,0.45,0.40,0.30,0.35,0.70,,0.35,0.40,0.63,0.37,0.60,0.40,0.30,0.55,0.30,0.30,0.35,,0.20,,0.75,,0.35,0.60,0.40,0.20,0.20,0.30,0.30,0.30,0.33,0.75,0.60,0.40,0.30,0.20,0.25,0.40,0.20,0.40,0.45,0.45,0.30,0.10,0.25,0.30,,,,0.55,,
20260403,21,CO_24h,0.67,0.77,0.48,0.81,0.90,0.47,0.49,0.30,0.50,0.73,0.43,0.30,0.67,0.57,0.28,0.88,0.64,1.25,0.79,0.51,0.62,0.71,0.60,0.74,0.46,0.64,0.74,0.60,0.62,0.93,0.80,0.68,0.72,0.62,0.53,0.53,0.54,0.72,0.65,0.50,0.55,0.43,0.40,0.40,0.66,0.50,0.47,0.65,0.53,0.61,0.40,0.62,0.58,0.62,0.55,0.50,0.50,0.35,0.37,0.63,0.53,0.47,0.63,0.43,0.50,0.53,0.40,0.49,0.30,0.43,0.43,0.45,0.24,0.36,0.42,0.50,0.43,0.24,0.74,0.70,0.57,0.78,0.60,0.59,0.60,0.60,0.60,0.57,0.68,0.50,0.62,0.70,0.45,0.78,0.50,0.72,0.80,0.68,0.67,0.67,0.75,0.55,0.50,0.53,0.65,0.60,0.73,0.50,0.40,0.40,0.41,0.53,0.67,0.68,0.74,0.90,0.97,0.92,0.72,1.50,0.52,0.97,0.43,0.57,0.63,0.64,0.54,0.38,0.62,0.67,0.38,0.42,0.45,0.53,0.63,0.80,0.50,0.90,0.63,0.76,0.50,0.57,0.70,0.90,0.67,0.53,0.57,0.30,0.55,0.53,0.60,0.50,0.45,0.42,0.40,0.30,0.70,0.42,0.42,0.35,,,,,,,,,,,,,,,,,,,,,,,,,,,,,,0.38,0.40,0.65,0.60,0.20,0.65,0.50,0.50,0.50,0.27,0.77,0.30,0.30,0.30,,0.30,0.50,0.70,0.67,0.70,0.83,0.63,0.90,0.75,0.90,0.40,0.40,0.43,0.93,0.37,0.47,0.30,0.45,0.70,0.40,0.55,0.20,0.55,0.44,0.45,0.50,0.58,0.45,0.60,0.48,0.40,0.35,0.23,0.83,0.27,0.60,0.97,0.40,0.75,0.55,0.63,0.80,0.53,0.65,0.72,0.95,0.70,0.93,0.65,0.48,0.48,0.45,0.38,0.48,0.50,0.47,0.23,0.78,0.53,0.64,0.67,0.40,0.60,0.37,0.70,0.73,0.50,0.88,0.90,0.80,0.60,0.67,0.35,0.70,0.45,0.65,0.53,0.57,0.77,0.63,0.90,0.73,0.80,0.70,0.70,0.70,0.65,0.40,0.53,0.65,0.63,0.38,0.40,0.60,0.50,0.20,,0.25,0.50,0.43,0.57,0.65,0.55,0.50,0.60,,0.70,0.30,0.30,0.45,0.65,0.50,0.40,0.40,0.40,0.80,0.40,0.75,0.20,0.60,0.35,0.25,0.30,1.00,,0.35,0.45,0.53,0.23,0.60,0.40,0.20,0.40,0.20,0.25,0.30,,0.25,,0.60,,0.40,0.50,0.30,0.20,0.30,0.30,0.30,0.30,0.27,0.30,0.30,0.45,0.10,0.30,0.25,0.55,0.25,0.65,0.55,0.60,0.40,0.20,0.45,0.45,,,,0.50,,
20260403,22,AQI,28,36,45,114,98,70,42,26,44,35,68,65,55,51,39,48,56,33,21,23,49,34,36,48,54,54,31,48,58,27,35,35,73,19,37,59,19,36,21,25,18,26,13,30,40,20,21,19,72,36,175,49,41,49,41,37,41,39,39,43,48,40,69,38,47,77,32,35,25,124,111,52,81,41,34,39,36,31,39,64,26,50,16,94,89,91,108,68,76,37,61,53,65,36,41,88,14,83,45,52,23,37,58,35,30,60,110,54,56,64,24,68,71,38,39,47,31,33,30,51,140,118,33,49,60,31,131,108,128,114,354,125,44,28,32,24,43,25,43,26,30,75,54,34,28,61,83,63,38,29,128,149,72,107,241,134,76,56,52,116,,,,,,,,,,,,,,,,,,,,,,,,,,,,,,35,30,19,107,31,56,119,28,55,57,52,32,45,21,,26,37,27,27,34,27,48,42,41,37,79,60,47,76,47,39,25,37,53,56,60,28,43,42,43,58,34,18,49,39,35,37,27,23,50,20,19,19,16,47,26,25,23,22,16,25,27,23,19,93,106,79,103,42,37,46,48,48,98,47,48,37,45,42,54,30,82,24,45,25,22,18,39,30,30,65,48,54,53,68,37,25,40,38,84,89,72,53,61,79,59,56,77,66,91,36,,31,25,27,30,42,55,41,45,,41,50,43,28,83,81,51,63,68,111,40,74,24,28,42,42,27,31,,27,26,104,43,78,155,128,78,145,89,106,,95,,118,,64,76,50,52,59,53,29,43,62,73,121,73,37,31,80,111,107,117,123,48,100,22,40,41,,,,61,,
20260403,22,PM2.5,3,3,6,53,64,21,9,8,16,8,14,13,10,11,18,20,34,23,13,16,31,24,25,32,20,38,22,28,41,19,21,4,53,12,26,42,13,25,15,17,11,18,9,19,15,14,15,13,26,10,35,34,23,31,27,26,29,27,27,30,32,26,50,22,23,32,14,19,6,37,46,32,24,16,21,27,16,10,21,46,18,35,6,44,5,24,17,28,12,20,31,12,20,8,29,30,4,61,29,25,12,26,41,20,18,43,83,38,37,18,10,13,10,12,24,33,9,12,21,36,107,89,16,34,43,17,24,17,53,29,68,21,26,17,17,10,28,10,24,13,21,40,34,19,16,30,39,33,23,10,39,53,22,39,63,43,33,22,16,63,,,,,,,,,,,,,,,,,,,,,,,,,,,,,,20,21,13,17,11,10,22,10,14,18,28,14,18,9,,13,8,10,19,24,15,24,21,20,10,58,43,26,49,33,25,10,26,37,29,43,10,20,27,16,41,24,5,34,16,17,26,14,16,35,8,13,7,4,33,18,15,12,9,9,10,16,13,5,19,29,30,47,29,15,32,19,25,51,21,26,19,26,27,32,19,35,12,17,12,14,12,22,15,18,25,26,30,37,49,25,5,28,14,62,51,27,29,18,26,41,17,33,42,40,7,,15,9,12,21,15,34,24,29,,29,30,17,5,61,60,36,45,49,84,28,54,15,12,14,16,11,22,,3,5,63,19,32,58,53,37,79,40,56,,40,,62,,28,37,19,22,25,27,3,21,26,32,55,39,20,16,25,49,49,59,47,26,33,12,16,15,,,,44,,
20260403,22,PM2.5_24h,67,61,65,76,85,31,76,25,42,74,52,35,45,37,29,52,59,216,86,25,30,19,27,66,36,38,17,24,34,45,59,45,77,22,22,38,23,27,18,29,22,19,19,15,29,16,18,13,31,44,29,21,17,28,24,24,27,25,24,26,24,24,39,24,18,31,17,19,6,31,54,29,68,19,10,13,66,56,56,53,60,81,16,70,33,32,45,36,45,44,54,37,40,59,41,49,18,26,30,24,19,21,28,23,34,29,40,25,25,32,25,39,51,50,51,48,59,42,77,209,53,139,51,26,32,15,43,29,28,44,25,43,12,16,18,13,13,24,22,29,19,24,26,14,12,14,28,18,17,14,44,43,38,26,30,50,24,74,8,28,,,,,,,,,,,,,,,,,,,,,,,,,,,,,,16,20,26,36,30,38,38,38,38,78,90,9,84,21,,19,79,67,43,48,75,64,68,36,31,88,47,41,127,25,65,13,50,102,12,73,7,36,24,23,25,24,12,46,18,32,18,27,20,22,11,11,8,11,21,15,11,12,15,15,9,13,7,9,32,29,21,21,21,18,41,15,19,22,21,18,15,18,19,26,15,22,12,18,15,14,18,6,10,10,40,26,28,37,33,51,29,47,27,47,29,15,15,26,32,19,18,20,19,20,9,,5,8,15,22,10,20,29,19,,16,33,20,7,49,41,23,38,35,68,23,48,9,10,6,5,4,27,,3,4,29,49,25,27,60,25,78,54,53,,40,,39,,35,29,25,23,25,25,4,27,78,88,46,49,10,20,16,44,41,54,43,16,12,3,11,19,,,,23,,
20260403,22,PM10,13,36,45,177,146,89,42,24,44,35,85,80,60,51,39,48,62,24,21,18,49,30,33,48,58,52,27,48,46,26,35,7,65,19,32,48,16,29,18,25,17,23,12,30,40,18,18,18,94,26,299,47,41,49,41,37,41,36,38,42,48,40,59,38,47,104,32,35,16,197,172,53,111,41,34,39,36,31,39,77,,,14,137,127,131,165,86,101,35,72,56,80,21,41,126,8,84,45,53,23,35,52,35,30,,81,47,62,78,24,85,92,38,39,44,31,33,,50,171,,33,38,48,31,211,165,205,178,463,199,44,28,32,24,43,25,43,26,27,99,57,34,28,71,116,75,38,19,206,247,93,164,379,217,102,61,53,182,,,,,,,,,,,,,,,,,,,,,,,,,,,,,,35,,17,164,31,62,188,23,60,64,53,32,45,21,,26,37,12,,,16,48,42,39,33,55,51,47,102,42,39,22,33,51,62,57,28,43,42,43,55,29,18,49,39,35,33,27,22,35,9,15,10,11,39,25,25,23,13,16,25,27,23,16,136,162,108,155,42,37,45,48,48,145,47,48,37,45,42,57,30,114,24,45,25,22,18,39,30,30,80,48,57,43,64,37,25,,38,80,127,94,55,71,107,67,62,103,81,131,36,,31,20,27,22,42,59,41,45,,39,50,43,20,113,69,49,63,63,127,39,82,24,20,42,42,27,23,,15,12,157,43,106,259,206,106,240,127,162,,140,,185,,77,102,50,53,67,56,13,41,73,95,192,96,37,31,109,171,164,183,196,48,149,20,40,41,,,,65,,
20260403,22,PM10_24h,127,118,169,145,135,76,168,99,110,154,118,108,107,117,104,88,96,260,101,33,46,29,40,89,62,59,32,46,41,59,78,53,89,36,33,47,31,39,27,43,32,31,27,25,54,21,24,17,72,66,120,31,23,46,42,41,40,35,41,43,41,34,54,34,33,54,31,32,12,139,175,57,293,55,15,18,282,297,101,95,56,83,17,98,105,85,91,75,82,81,93,67,70,91,68,88,24,43,40,43,23,37,36,35,49,38,50,39,41,63,104,123,179,136,88,79,93,76,74,261,74,181,71,35,45,21,151,70,56,144,77,154,21,23,32,21,15,41,43,42,26,49,35,27,20,35,59,36,29,29,162,169,189,108,164,259,95,372,39,99,,,,,,,,,,,,,,,,,,,,,,,,,,,,,,33,35,37,151,138,147,154,99,189,331,134,24,314,86,,115,319,74,62,78,75,88,87,66,68,94,58,70,206,42,85,23,72,143,30,82,17,59,40,51,41,33,22,56,38,53,18,47,29,27,16,13,14,14,23,21,15,22,18,23,23,20,20,21,66,99,52,36,27,37,52,27,37,66,40,32,26,45,28,42,29,45,20,17,23,19,27,15,19,14,60,46,48,55,46,61,42,59,47,67,86,39,30,38,65,29,44,38,35,35,26,,12,25,25,24,20,29,39,24,,21,48,36,15,89,55,38,48,51,88,31,66,13,19,13,26,16,39,,12,13,89,243,54,110,240,69,274,201,190,,184,,112,,105,70,66,53,66,60,15,147,342,379,206,173,29,46,83,127,127,177,218,57,52,11,39,53,,,,38,,
20260403,22,SO2,3,5,3,7,7,4,2,4,2,2,5,2,4,4,7,8,7,6,8,5,6,5,5,7,9,6,5,5,5,9,6,6,5,6,5,5,6,5,5,6,6,3,5,4,6,4,2,6,5,6,3,8,4,5,5,4,6,4,7,5,5,8,5,7,9,5,6,3,6,4,5,11,7,7,5,6,16,6,7,7,4,10,3,17,7,5,9,10,8,7,5,4,22,7,5,8,5,6,6,8,7,6,7,5,5,4,6,8,5,5,10,13,3,5,6,7,8,8,5,8,12,4,6,7,10,5,8,3,8,7,7,11,7,7,6,8,10,5,7,6,4,7,6,17,8,7,3,7,11,6,3,2,3,7,5,,13,14,7,9,,,,,,,,,,,,,,,,,,,,,,,,,,,,,,5,2,3,3,6,9,6,6,6,9,7,6,8,5,,5,8,6,5,10,6,4,6,7,8,2,5,7,5,9,5,5,5,7,9,6,12,6,7,6,8,5,5,8,6,4,5,5,3,5,3,8,4,4,4,10,6,3,4,4,6,12,5,13,5,9,3,6,7,5,4,4,6,7,12,9,5,4,5,6,4,8,7,6,4,5,4,4,4,4,10,7,5,8,15,12,5,5,8,5,4,7,8,4,8,8,5,6,8,9,5,,6,7,5,16,4,10,5,3,,6,6,5,7,7,8,6,6,5,10,6,6,7,6,6,9,8,9,,7,6,5,3,5,11,48,12,10,4,8,,5,,7,,4,36,6,9,10,18,7,12,6,9,6,6,7,6,5,5,7,4,2,7,7,5,12,8,,,,8,,
20260403,22,SO2_24h,5,9,3,11,12,6,5,4,5,5,8,6,8,9,9,12,8,11,10,6,6,6,4,9,10,7,6,6,5,11,9,7,7,6,5,5,6,5,5,6,6,3,3,4,6,4,2,7,7,7,5,7,4,5,5,4,6,3,6,4,5,8,4,6,8,5,5,4,4,5,7,7,6,6,3,5,9,5,12,7,7,11,3,21,10,7,13,11,11,7,9,6,9,9,5,12,7,6,7,5,8,6,6,5,6,6,6,6,4,6,8,10,8,8,25,9,11,10,9,12,7,11,8,6,9,6,10,5,8,11,6,13,6,6,7,7,9,7,6,6,4,7,6,11,6,6,3,6,7,7,4,3,3,6,8,10,16,9,5,10,,,,,,,,,,,,,,,,,,,,,,,,,,,,,,5,2,4,5,4,12,8,8,7,9,8,6,8,5,,6,8,14,8,10,12,7,9,12,9,1,6,9,11,9,5,5,5,11,6,6,8,7,8,8,7,5,4,8,6,7,5,6,3,5,3,8,3,4,4,5,6,4,10,4,6,8,7,7,9,10,3,5,6,5,4,4,8,6,10,8,5,4,5,6,3,7,6,7,5,6,4,4,6,4,10,7,5,9,11,11,6,5,7,8,8,8,8,5,8,7,5,6,8,8,5,,6,9,5,10,4,10,9,3,,5,6,6,8,7,6,5,7,6,9,6,5,6,6,6,9,7,8,,8,6,5,15,5,7,8,12,9,6,7,,3,,8,,4,10,7,10,11,15,6,15,6,8,4,5,8,7,4,5,20,4,2,7,7,5,10,9,,,,7,,
20260403,22,NO2,6,12,7,12,10,12,11,11,7,4,14,14,8,12,32,16,11,14,16,22,24,18,30,23,26,21,20,18,46,18,19,10,26,26,34,61,23,23,18,27,23,25,16,35,19,33,38,34,24,11,15,18,45,28,14,4,20,11,13,21,22,19,11,12,35,59,15,14,18,40,20,21,31,28,38,41,30,32,13,9,11,14,17,21,14,26,25,22,14,13,13,10,15,14,11,18,18,45,16,11,14,8,20,5,12,32,57,17,20,19,17,15,13,20,16,22,16,21,9,20,72,21,13,28,27,18,19,10,26,11,10,11,26,24,23,33,25,13,6,16,17,64,44,17,32,39,52,52,24,20,22,24,56,28,59,10,19,31,26,32,,,,,,,,,,,,,,,,,,,,,,,,,,,,,,10,9,30,13,15,15,10,11,15,39,9,9,14,24,,10,9,9,12,5,9,9,15,8,7,10,27,9,10,12,11,4,13,10,28,19,12,18,15,20,30,32,12,11,13,14,15,10,18,13,14,17,10,14,58,21,16,13,7,18,17,10,15,15,12,13,17,20,16,15,11,14,12,25,13,12,12,12,9,13,18,6,13,35,14,13,21,23,27,13,24,13,17,10,23,19,11,6,13,11,56,50,33,60,37,43,50,14,44,47,3,,18,10,11,7,45,17,11,33,,13,6,11,10,17,17,9,12,12,36,7,18,7,7,27,3,18,18,,9,2,40,35,23,22,24,48,14,17,31,,12,,34,,19,14,2,1,37,2,16,1,24,43,60,42,14,19,27,54,26,47,17,30,30,20,16,9,,,,11,,
20260403,22,NO2_24h,34,27,17,31,47,12,32,12,22,41,20,16,12,19,9,26,22,41,31,20,21,24,23,26,22,31,26,20,29,26,27,15,27,27,22,39,24,22,21,21,22,23,17,18,25,23,25,20,14,12,14,14,15,23,11,5,16,6,10,17,12,11,20,9,17,23,10,10,8,23,12,10,12,26,13,16,12,9,21,16,17,24,23,27,17,14,28,17,20,17,20,13,13,29,12,24,18,20,14,8,14,9,13,4,28,19,27,8,12,16,11,11,15,27,31,17,27,16,24,40,20,38,24,25,21,26,20,14,22,15,14,19,19,18,18,9,14,24,6,13,7,26,16,15,14,10,25,15,9,11,23,18,16,17,23,4,13,6,10,22,,,,,,,,,,,,,,,,,,,,,,,,,,,,,,8,10,25,14,7,16,13,20,25,6,18,9,5,8,,8,6,24,12,17,25,30,24,26,21,16,20,17,30,10,18,7,18,24,11,25,7,25,17,18,29,30,10,25,13,17,11,12,25,14,14,15,8,11,28,18,11,16,16,19,17,13,9,16,16,15,16,14,13,14,11,10,13,11,13,15,12,11,9,8,14,9,12,10,4,9,16,11,14,9,31,8,10,19,14,15,18,12,7,11,28,18,14,18,19,13,28,10,16,13,5,,13,9,9,9,18,10,13,10,,7,7,10,9,16,10,9,7,9,16,10,18,6,9,8,3,8,18,,5,3,19,12,16,13,8,25,5,8,18,,11,,14,,20,6,2,2,4,2,9,4,7,8,13,12,10,21,12,32,15,36,17,21,10,5,11,15,,,,4,,
20260403,22,O3,88,84,89,50,80,81,83,82,88,91,82,80,83,90,50,61,76,63,65,65,57,64,54,80,71,66,61,55,36,65,70,111,88,37,42,6,45,50,54,48,58,40,40,7,72,33,24,20,48,115,88,74,32,29,42,55,38,46,51,43,31,39,69,62,47,23,67,83,80,60,83,82,64,80,36,31,69,63,62,122,71,74,50,92,78,67,58,64,114,119,91,94,74,114,129,83,44,18,71,50,43,48,29,54,49,20,8,36,96,87,61,86,95,84,67,46,61,36,82,49,17,80,66,50,44,76,89,76,77,88,92,88,44,58,57,33,8,50,63,48,53,23,39,82,49,58,48,37,34,92,78,62,19,48,38,98,78,49,78,59,,,,,,,,,,,,,,,,,,,,,,,,,,,,,,83,76,24,91,62,84,95,90,81,49,81,61,74,67,,66,77,85,58,65,85,68,59,132,117,64,60,103,77,80,65,81,70,77,41,61,61,74,66,76,32,24,46,75,65,74,64,76,50,75,65,50,60,52,5,45,51,73,69,42,52,78,47,60,76,94,93,75,79,72,89,78,60,69,74,67,75,84,70,52,79,68,42,21,62,14,42,13,40,22,29,55,53,74,38,73,53,65,57,86,24,13,77,26,68,29,10,50,18,10,68,,63,81,86,89,10,52,85,24,,48,91,90,91,120,79,99,106,97,64,93,62,52,91,75,99,75,85,,85,84,35,63,35,74,82,49,78,86,48,,96,,52,,75,105,89,106,53,80,94,136,71,43,20,80,89,92,89,56,83,65,81,80,60,70,82,87,,,,77,,
20260403,22,O3_24h,88,84,89,50,80,81,83,82,88,91,82,80,83,90,50,61,76,63,65,65,57,64,54,80,71,66,61,55,36,65,70,111,88,37,42,6,45,50,54,48,58,40,40,7,72,33,24,20,48,115,88,74,32,29,42,55,38,46,51,43,31,39,69,62,47,23,67,83,80,60,83,82,64,80,36,31,69,63,62,122,71,74,50,92,78,67,58,64,114,119,91,94,74,114,129,83,44,18,71,50,43,48,29,54,49,20,8,36,96,87,61,86,95,84,67,46,61,36,82,49,17,80,66,50,44,76,89,76,77,88,92,88,44,58,57,33,8,50,63,48,53,23,39,82,49,58,48,37,34,92,78,62,19,48,38,98,78,49,78,59,,,,,,,,,,,,,,,,,,,,,,,,,,,,,,83,76,24,91,62,84,95,90,81,49,81,61,74,67,,66,77,85,58,65,85,68,59,132,117,64,60,103,77,80,65,81,70,77,41,61,61,74,66,76,32,24,46,75,65,74,64,76,50,75,65,50,60,52,5,45,51,73,69,42,52,78,47,60,76,94,93,75,79,72,89,78,60,69,74,67,75,84,70,52,79,68,42,21,62,14,42,13,40,22,29,55,53,74,38,73,53,65,57,86,24,13,77,26,68,29,10,50,18,10,68,,63,81,86,89,10,52,85,24,,48,91,90,91,120,79,99,106,97,64,93,62,52,91,75,99,75,85,,85,84,35,63,35,74,82,49,78,86,48,,96,,52,,75,105,89,106,53,80,94,136,71,43,20,80,89,92,89,56,83,65,81,80,60,70,82,87,,,,77,,
20260403,22,O3_8h,91,96,98,83,106,115,105,109,95,100,105,103,105,105,92,121,149,66,63,130,93,110,111,116,117,88,101,104,100,89,100,116,119,85,135,68,103,103,109,111,122,105,81,90,77,81,85,51,133,131,127,83,87,61,83,63,66,69,69,71,88,66,107,100,93,95,97,114,101,106,115,113,105,113,89,86,98,102,130,134,128,121,84,139,109,125,126,149,131,153,159,127,137,123,164,154,58,99,106,79,62,95,76,67,36,85,89,86,118,125,100,116,109,99,83,127,129,127,111,86,88,125,78,88,82,67,116,118,127,110,119,110,86,90,81,82,65,59,68,75,73,103,107,118,97,105,108,80,83,124,98,109,83,108,103,116,114,103,116,108,,,,,,,,,,,,,,,,,,,,,,,,,,,,,,104,110,70,113,102,103,116,95,100,98,75,87,105,98,,85,101,91,121,115,77,105,120,131,129,68,78,115,102,93,92,83,90,104,79,79,82,118,101,119,54,57,63,77,103,114,95,107,66,86,95,76,98,67,86,57,72,75,61,69,53,76,57,76,110,114,126,112,116,101,115,110,68,107,106,74,98,101,75,67,108,86,73,70,85,34,64,77,72,73,40,69,75,85,66,123,70,83,99,119,83,87,106,112,110,89,66,82,81,92,106,,95,112,99,106,78,78,125,78,,84,116,98,95,140,123,112,128,130,134,98,112,67,88,112,99,94,107,,93,94,94,100,86,116,104,120,102,115,110,,105,,101,,95,127,113,119,115,111,123,137,99,105,106,117,115,118,114,114,112,111,104,122,108,108,118,107,,,,93,,
20260403,22,O3_8h_24h,89,91,95,75,89,103,93,94,91,93,98,95,93,103,84,88,131,55,60,78,64,74,82,100,106,74,74,73,65,73,93,114,112,47,59,37,50,67,77,77,72,51,67,42,75,49,36,41,104,124,117,78,75,47,47,59,57,58,60,54,46,55,98,92,84,83,89,107,96,96,108,103,92,108,79,74,91,94,98,132,92,94,41,131,89,104,98,116,125,141,131,116,117,122,153,113,57,56,99,71,44,60,45,61,24,47,32,66,115,112,85,104,106,96,74,92,97,105,90,51,68,105,72,46,58,62,109,104,110,103,110,104,80,82,78,71,45,59,66,64,68,85,95,108,89,99,96,73,73,116,93,97,69,91,89,109,108,85,112,102,,,,,,,,,,,,,,,,,,,,,,,,,,,,,,97,99,32,106,87,99,106,95,98,87,75,83,97,92,,80,91,74,93,82,70,70,103,127,125,63,70,112,89,88,77,81,71,90,69,69,76,105,91,107,41,40,55,75,86,98,86,98,58,63,64,63,59,62,30,53,70,75,61,55,53,76,57,58,104,110,120,100,99,89,108,91,68,99,98,70,91,97,72,66,99,82,67,60,79,28,62,62,66,61,27,66,67,83,58,107,67,83,84,116,75,71,111,96,103,76,49,74,70,85,99,,82,105,96,101,59,72,115,66,,73,107,98,94,131,113,109,125,124,115,96,99,60,86,108,99,91,102,,93,94,82,94,76,107,97,105,99,109,95,,102,,84,,89,123,107,116,104,104,116,137,91,90,82,113,109,116,112,106,109,107,100,118,103,96,113,105,,,,90,,
20260403,22,CO,0.23,0.33,0.10,0.80,0.40,0.30,0.25,0.30,0.20,0.20,0.20,0.18,0.35,0.28,0.36,0.60,0.70,0.45,0.52,0.61,0.64,0.79,0.68,0.60,0.44,0.58,0.76,0.60,0.58,0.67,0.58,0.46,0.63,0.64,0.61,0.80,0.51,0.80,0.63,0.67,0.65,0.63,0.50,0.60,0.52,0.57,0.57,0.68,0.44,0.49,0.32,0.50,0.77,0.66,0.55,0.50,0.47,0.30,0.33,0.63,0.70,0.53,0.63,0.40,0.61,0.79,0.43,0.46,0.28,0.40,0.37,0.50,0.32,0.31,0.70,0.80,0.73,0.36,0.58,0.57,0.40,0.50,0.73,0.46,0.34,0.50,0.32,0.45,0.50,0.40,0.42,0.47,0.35,0.56,0.45,0.60,0.77,1.23,0.65,0.67,0.75,0.50,0.55,0.57,0.60,1.00,1.30,0.70,0.57,0.40,0.59,0.37,0.25,0.30,0.44,1.20,0.68,1.02,0.40,0.97,1.38,0.73,0.28,0.65,0.70,0.62,0.31,0.25,0.53,0.27,0.20,0.22,0.53,0.60,0.65,0.98,0.70,0.77,0.55,0.76,0.45,0.78,0.78,1.15,0.87,0.67,0.77,0.55,0.57,0.55,0.40,0.35,0.50,0.38,0.45,0.50,0.53,0.82,0.56,0.45,,,,,,,,,,,,,,,,,,,,,,,,,,,,,,0.35,0.40,1.05,0.20,0.27,0.25,0.25,0.33,0.30,0.37,0.53,0.30,0.40,0.30,,0.30,0.50,0.40,0.53,0.50,0.53,0.40,0.80,0.45,0.80,0.45,0.40,0.40,0.25,0.37,0.33,0.28,0.35,0.53,0.60,0.40,0.25,0.45,0.42,0.50,0.65,0.53,0.55,0.45,0.42,0.23,0.38,0.20,0.63,0.37,0.67,0.60,0.50,0.80,1.05,0.77,0.57,0.47,0.45,0.82,0.80,0.60,0.98,0.75,0.35,0.42,0.30,0.35,0.50,0.45,0.37,0.23,0.82,0.47,0.60,0.57,0.35,0.50,0.30,0.80,0.70,0.45,1.00,0.95,1.00,0.75,0.83,0.65,0.70,0.45,0.55,0.53,0.73,0.73,0.87,0.60,0.73,0.60,0.80,0.80,0.70,0.75,0.57,0.82,0.85,1.02,0.53,0.35,0.80,0.70,0.30,,0.20,0.50,0.33,0.53,1.05,0.60,0.40,0.75,,0.70,0.30,0.20,0.50,0.70,0.55,0.50,0.50,0.60,1.00,0.40,0.60,0.30,0.45,0.45,0.30,0.40,0.70,,0.40,0.40,0.63,0.43,0.50,0.40,0.45,0.50,0.40,0.35,0.45,,0.25,,0.70,,0.40,0.60,0.40,0.20,0.30,0.30,0.30,0.30,0.43,0.45,0.70,0.70,0.20,0.25,0.30,0.70,0.35,0.60,0.50,0.60,0.40,0.10,0.25,0.30,,,,0.65,,
20260403,22,CO_24h,0.66,0.73,0.46,0.81,0.90,0.47,0.49,0.30,0.50,0.70,0.43,0.27,0.65,0.50,0.28,0.88,0.64,1.22,0.74,0.51,0.62,0.72,0.60,0.76,0.46,0.64,0.73,0.60,0.62,0.92,0.80,0.66,0.72,0.62,0.54,0.53,0.51,0.72,0.63,0.50,0.55,0.50,0.40,0.40,0.66,0.50,0.47,0.67,0.53,0.61,0.40,0.58,0.58,0.63,0.55,0.50,0.50,0.35,0.37,0.63,0.53,0.47,0.63,0.43,0.51,0.53,0.43,0.47,0.28,0.42,0.43,0.45,0.24,0.36,0.42,0.52,0.40,0.24,0.76,0.70,0.57,0.78,0.60,0.59,0.60,0.57,0.58,0.57,0.66,0.48,0.63,0.68,0.43,0.78,0.50,0.72,0.80,0.73,0.67,0.63,0.75,0.55,0.50,0.53,0.65,0.60,0.77,0.50,0.40,0.40,0.40,0.52,0.67,0.66,0.74,0.90,0.95,0.92,0.72,1.48,0.54,0.97,0.43,0.57,0.63,0.64,0.51,0.35,0.62,0.67,0.38,0.42,0.45,0.53,0.63,0.80,0.55,0.90,0.63,0.74,0.50,0.60,0.70,0.93,0.67,0.53,0.57,0.30,0.52,0.53,0.60,0.45,0.45,0.42,0.40,0.40,0.70,0.44,0.42,0.35,,,,,,,,,,,,,,,,,,,,,,,,,,,,,,0.38,0.40,0.70,0.60,0.20,0.55,0.50,0.50,0.50,0.27,0.77,0.30,0.30,0.30,,0.30,0.50,0.70,0.67,0.70,0.83,0.60,0.90,0.75,0.85,0.40,0.40,0.43,0.93,0.37,0.47,0.30,0.40,0.67,0.40,0.50,0.20,0.55,0.44,0.45,0.50,0.58,0.45,0.60,0.48,0.40,0.35,0.23,0.83,0.27,0.63,1.00,0.40,0.75,0.60,0.63,0.77,0.53,0.65,0.72,0.95,0.70,0.93,0.65,0.48,0.48,0.40,0.38,0.48,0.50,0.43,0.23,0.78,0.50,0.62,0.67,0.40,0.60,0.37,0.70,0.70,0.50,0.88,0.90,0.80,0.65,0.67,0.35,0.70,0.45,0.65,0.53,0.57,0.77,0.67,0.90,0.73,0.80,0.70,0.70,0.70,0.65,0.40,0.55,0.65,0.65,0.40,0.40,0.60,0.55,0.20,,0.25,0.50,0.43,0.53,0.70,0.55,0.50,0.60,,0.65,0.30,0.30,0.45,0.65,0.50,0.50,0.40,0.40,0.80,0.40,0.50,0.20,0.60,0.30,0.25,0.35,1.00,,0.35,0.45,0.53,0.23,0.60,0.40,0.20,0.40,0.20,0.25,0.30,,0.25,,0.60,,0.40,0.50,0.30,0.20,0.30,0.30,0.30,0.30,0.27,0.30,0.30,0.50,0.10,0.30,0.25,0.55,0.25,0.65,0.55,0.55,0.40,0.20,0.45,0.45,,,,0.50,,
20260403,23,AQI,27,34,42,143,73,61,40,23,32,28,52,53,45,46,54,45,61,27,28,36,44,36,29,46,52,58,43,54,63,30,42,35,73,16,20,61,17,43,26,30,22,20,14,33,37,20,13,20,76,35,142,43,42,48,41,37,44,36,39,43,47,42,64,35,48,74,33,28,24,130,106,66,79,49,36,36,40,34,35,63,26,26,14,51,74,97,97,73,54,33,64,53,73,32,39,91,11,86,50,46,18,41,55,36,21,66,111,51,55,57,24,62,64,45,39,46,29,18,27,36,125,110,35,47,66,28,111,81,149,92,210,114,41,30,33,22,26,21,41,27,41,75,56,35,30,56,86,60,42,24,130,147,67,104,175,144,61,56,54,128,,,,,,,,,,,,,,,,,,,,,,,,,,,,,,36,27,18,97,38,45,109,24,57,56,52,23,39,26,,28,31,26,31,24,27,42,51,43,37,66,53,43,68,49,37,25,39,53,63,68,29,40,38,42,53,34,17,47,38,38,37,36,26,53,19,18,19,14,43,26,21,24,19,14,25,26,24,18,83,100,85,151,79,40,49,98,46,92,46,51,33,45,48,51,28,75,23,47,34,31,22,51,35,27,59,45,54,39,76,33,22,41,52,85,93,74,51,60,74,63,52,74,63,83,39,,34,23,28,27,39,54,41,41,,40,45,46,28,89,68,49,69,76,108,39,81,20,27,45,29,27,37,,56,25,93,53,74,148,123,75,153,108,105,,94,,107,,67,98,35,55,54,54,27,58,64,79,115,90,32,41,81,122,106,131,111,71,79,29,45,51,,,,64,,
20260403,23,PM2.5,3,5,6,87,41,15,10,8,10,8,12,6,5,10,29,23,42,19,17,25,29,25,20,31,28,41,30,33,45,21,26,5,53,11,13,44,12,30,18,21,7,14,7,23,14,14,9,14,27,9,39,30,26,30,28,26,30,25,26,30,31,27,46,21,24,35,14,14,7,44,46,39,24,19,23,24,23,15,21,42,18,18,8,9,5,7,7,30,11,18,30,14,21,17,22,18,5,64,28,24,7,29,39,20,12,48,84,36,39,18,9,11,10,8,27,32,16,4,15,25,95,83,18,33,48,16,22,15,36,22,48,20,25,19,20,11,18,7,24,15,20,43,37,22,18,28,43,31,25,6,44,52,23,40,52,44,24,17,17,70,,,,,,,,,,,,,,,,,,,,,,,,,,,,,,16,14,12,15,13,11,16,8,13,12,27,12,14,9,,15,6,10,22,17,8,25,27,25,12,48,37,27,49,34,22,8,27,37,36,49,15,19,23,19,37,24,3,27,20,19,26,19,18,37,13,11,11,5,30,17,10,15,4,7,6,14,14,10,13,21,13,41,31,18,30,28,28,39,23,27,17,28,26,17,18,28,12,21,14,13,14,23,21,17,42,27,33,27,56,23,6,29,16,63,51,33,30,19,30,45,16,32,39,41,8,,16,13,15,16,17,33,18,29,,28,30,18,10,66,49,32,50,56,81,27,60,14,8,18,6,11,26,,12,6,60,20,28,61,53,37,84,41,54,,41,,61,,33,40,13,24,22,28,3,23,30,22,54,53,16,24,30,62,54,75,43,29,41,6,13,25,,,,46,,
20260403,23,PM2.5_24h,64,58,61,77,84,30,72,24,40,70,48,33,43,35,29,51,59,214,78,25,30,19,24,65,35,37,17,23,34,42,57,43,77,20,22,38,23,26,19,28,21,19,18,15,29,16,17,13,31,41,30,21,17,28,25,24,27,26,25,26,24,24,40,24,18,31,16,18,6,31,54,30,67,19,10,13,65,56,55,52,57,79,16,69,31,30,43,35,43,42,54,36,40,57,39,47,17,28,31,24,18,21,29,23,33,30,43,26,25,30,25,38,49,46,52,46,56,40,76,202,55,137,49,26,32,14,41,28,28,42,26,41,13,16,19,12,13,26,22,27,19,26,27,15,11,15,29,18,17,13,44,43,38,26,30,49,23,72,9,29,,,,,,,,,,,,,,,,,,,,,,,,,,,,,,14,20,26,35,29,37,37,36,37,75,88,9,71,21,,20,78,65,41,47,73,62,64,35,30,86,46,40,123,23,62,13,46,97,12,70,7,36,24,22,25,23,11,45,17,31,18,26,20,23,11,11,8,10,22,15,10,12,14,15,9,12,7,9,31,29,21,22,21,18,40,16,20,23,21,18,15,18,19,27,14,23,11,18,15,14,17,7,10,10,40,26,28,36,34,49,27,45,26,47,30,17,16,25,32,20,18,20,20,21,9,,6,8,14,20,10,21,29,18,,16,33,20,7,49,41,23,38,36,67,23,48,9,10,6,5,5,26,,4,4,30,49,26,29,58,26,77,48,54,,40,,40,,34,29,25,23,25,26,4,27,78,83,47,50,10,20,16,44,42,54,43,15,12,3,11,19,,,,24,,
20260403,23,PM10,13,34,42,236,96,72,40,18,32,26,54,56,45,46,57,45,72,20,28,29,44,31,29,46,53,55,38,58,51,28,42,9,65,16,20,50,15,33,23,29,12,19,10,33,37,15,6,19,102,23,234,43,42,48,41,36,44,34,39,42,47,42,60,35,48,97,33,28,17,210,162,82,107,49,36,36,40,34,35,75,,17,10,51,97,143,143,95,58,27,77,55,96,32,35,131,10,84,50,46,10,37,60,36,21,,83,45,55,63,24,73,78,45,36,42,29,18,17,36,150,86,35,38,58,28,171,111,247,134,357,177,41,30,33,22,26,21,41,27,41,99,61,35,30,61,122,70,42,18,210,244,83,158,300,237,71,62,57,205,,,,,,,,,,,,,,,,,,,,,,,,,,,,,,36,27,15,144,38,45,167,21,64,61,54,21,39,26,,28,31,12,,19,8,42,51,40,33,,41,43,69,47,37,19,29,45,75,60,29,40,38,42,54,25,9,47,38,38,32,36,24,,13,16,19,10,38,26,21,24,11,14,25,26,24,18,116,149,120,252,107,40,49,146,46,134,46,51,33,45,48,52,28,99,23,47,34,31,22,51,35,27,52,45,58,34,72,27,22,29,54,78,136,97,52,69,98,67,54,98,75,115,39,,34,21,22,23,39,58,41,40,,38,45,46,19,109,64,49,65,77,113,32,99,20,15,45,17,27,37,,61,12,136,55,98,245,196,99,255,166,159,,137,,164,,83,146,35,59,57,57,15,65,78,107,180,129,32,41,112,193,162,211,172,92,108,25,45,52,,,,58,,
20260403,23,PM10_24h,121,113,164,147,132,77,162,97,107,147,113,106,105,114,103,87,95,253,93,32,45,28,36,87,61,57,31,45,40,54,76,50,88,32,32,47,31,37,26,42,31,30,25,25,53,21,22,16,73,63,128,32,24,46,42,40,40,35,40,43,42,35,55,34,33,56,30,32,13,145,177,59,293,54,16,18,280,296,98,93,55,81,16,97,106,88,92,77,81,78,93,67,71,88,66,89,24,45,41,43,22,37,38,35,48,39,52,40,42,63,103,124,178,131,87,76,89,72,72,256,78,177,68,35,45,21,154,72,64,146,91,158,22,23,33,21,15,41,43,40,27,52,36,28,20,36,62,38,29,28,167,176,190,112,172,250,91,366,39,102,,,,,,,,,,,,,,,,,,,,,,,,,,,,,,32,34,36,154,139,145,159,96,188,325,130,24,272,85,,114,315,72,57,75,72,85,83,65,65,91,56,70,198,41,81,22,67,136,30,79,18,58,39,50,39,32,21,56,36,52,19,45,28,27,16,13,14,14,23,20,15,22,18,23,23,20,19,21,67,103,56,45,31,38,51,32,37,72,40,32,26,45,29,43,27,48,20,18,23,19,25,17,19,14,60,46,48,52,47,60,41,57,46,67,90,43,32,39,68,31,44,40,37,39,27,,14,24,24,22,20,31,39,23,,21,48,36,15,89,55,39,48,51,87,31,67,14,18,15,26,16,39,,13,13,93,243,56,119,232,72,270,182,193,,188,,117,,104,74,66,53,64,60,15,134,341,369,211,176,29,46,82,128,128,179,219,57,52,12,38,54,,,,38,,
20260403,23,SO2,2,5,3,7,6,4,3,4,2,2,4,3,4,4,8,9,6,6,8,5,6,5,4,7,10,6,5,6,5,9,6,7,5,6,5,6,6,5,5,6,6,3,5,5,6,4,2,7,5,6,4,7,4,5,5,4,7,4,7,4,5,7,5,7,9,5,6,3,6,4,5,16,8,7,4,6,16,6,7,7,4,10,3,9,6,4,9,10,7,8,5,4,4,7,5,7,6,7,6,7,7,6,6,5,5,6,6,8,4,4,8,13,4,5,7,6,8,7,5,7,10,6,6,7,10,5,8,2,8,8,7,13,6,8,7,8,10,6,7,6,4,7,6,7,7,6,3,8,11,6,4,3,2,7,5,23,13,13,7,10,,,,,,,,,,,,,,,,,,,,,,,,,,,,,,5,2,3,3,6,10,7,6,6,10,7,5,9,4,,5,8,6,5,10,6,4,5,7,9,2,5,8,5,9,6,5,4,8,8,6,9,5,7,7,9,5,4,8,6,4,5,5,3,5,3,9,4,4,5,8,5,3,4,4,6,10,5,15,5,9,3,6,7,6,3,4,6,7,12,11,5,4,5,5,4,8,7,7,5,6,4,4,4,4,6,7,5,8,26,13,5,5,9,5,3,7,8,4,7,7,5,6,8,9,5,,5,8,5,19,4,11,5,2,,5,6,5,7,7,8,6,6,6,9,6,5,6,6,5,9,8,9,,7,5,4,4,4,14,37,12,10,5,7,,4,,7,,3,19,6,9,10,19,5,11,14,8,6,5,7,7,5,6,7,5,2,7,7,5,12,8,,,,7,,
20260403,23,SO2_24h,5,9,3,11,12,6,5,4,4,5,7,6,8,8,9,12,8,10,10,6,6,6,4,9,10,7,6,6,5,10,9,7,7,6,5,5,6,5,5,6,6,3,3,4,6,4,2,7,7,7,5,7,4,5,5,4,6,3,6,4,5,8,4,6,8,5,5,4,4,5,7,7,6,7,3,5,9,5,12,7,7,11,3,20,10,7,13,11,11,7,9,6,9,9,5,12,7,6,7,5,8,6,6,5,6,6,6,7,4,6,8,10,8,7,25,8,11,10,8,11,7,10,8,7,9,6,10,5,8,11,6,13,6,6,7,7,9,7,6,6,4,8,6,11,6,6,3,6,7,7,4,3,3,6,8,11,16,9,5,10,,,,,,,,,,,,,,,,,,,,,,,,,,,,,,5,2,4,5,4,12,8,7,7,9,8,6,8,5,,6,8,14,7,10,12,7,8,12,9,1,6,9,11,9,5,5,5,11,6,6,8,7,8,8,7,5,4,8,6,7,5,6,3,5,3,8,3,4,4,5,6,3,10,4,6,9,7,8,9,10,3,5,6,5,4,4,8,6,10,7,5,4,5,6,3,7,6,7,5,6,4,4,5,4,10,7,5,9,11,11,6,5,8,7,8,8,8,5,8,7,5,6,8,8,5,,6,9,5,10,4,10,9,3,,5,6,6,8,7,6,5,7,6,9,6,5,6,6,6,9,7,8,,8,6,5,15,5,7,9,12,9,6,7,,3,,8,,4,10,7,10,11,15,7,14,6,8,5,5,8,7,4,5,20,4,2,7,7,5,10,9,,,,7,,
20260403,23,NO2,7,13,7,16,8,14,13,14,6,6,13,14,7,18,35,13,11,10,19,20,21,16,27,27,34,20,21,20,39,14,32,9,28,23,24,57,20,19,15,25,13,22,16,36,19,33,26,35,31,12,16,17,52,30,14,4,21,10,22,19,22,19,11,11,37,59,16,18,17,57,29,18,34,38,41,33,43,39,11,9,13,13,28,10,14,15,20,24,13,14,11,12,17,16,9,15,21,45,19,11,10,8,24,4,8,40,55,16,19,16,20,17,14,28,16,21,17,14,8,16,61,17,14,25,28,19,21,12,20,12,13,12,30,23,21,34,21,14,6,20,18,62,37,14,32,33,59,48,24,13,37,27,51,26,45,14,14,26,19,66,,,,,,,,,,,,,,,,,,,,,,,,,,,,,,9,11,35,14,22,18,13,21,34,34,12,7,16,35,,7,7,9,15,4,9,8,13,7,6,12,21,8,11,12,11,4,9,9,33,17,13,20,16,22,25,28,9,10,12,16,15,10,18,15,18,15,14,14,55,18,14,13,12,21,23,11,15,15,10,11,17,16,17,20,13,9,14,17,13,13,12,10,10,19,21,6,16,30,18,22,23,27,41,14,22,11,19,11,30,27,17,11,14,14,53,55,34,54,53,44,47,11,43,44,7,,23,13,9,7,34,16,11,27,,13,5,11,9,17,15,8,12,19,22,7,26,5,8,26,3,18,32,,2,2,35,56,15,20,30,38,39,43,26,,14,,32,,27,9,8,1,11,2,18,2,43,34,49,61,14,24,41,87,40,61,21,24,19,6,18,18,,,,10,,
20260403,23,NO2_24h,33,25,16,30,44,12,30,12,21,39,18,15,12,17,10,25,21,39,30,20,21,24,23,26,22,30,25,20,29,24,26,15,27,26,22,40,24,22,20,22,21,23,17,19,25,24,26,21,15,12,14,15,16,23,11,5,16,6,10,17,13,12,20,9,17,24,10,10,9,23,11,10,13,26,14,17,12,10,21,15,17,23,23,26,17,14,26,17,20,17,19,13,13,28,11,24,19,21,14,9,14,9,14,4,27,21,29,8,13,16,11,11,15,27,30,16,26,15,23,38,22,36,22,24,22,26,20,14,22,15,14,19,19,18,18,11,14,22,6,12,7,27,16,15,14,12,27,17,10,11,23,18,17,17,23,5,13,7,11,21,,,,,,,,,,,,,,,,,,,,,,,,,,,,,,8,10,25,15,7,16,13,19,23,7,18,9,5,8,,8,6,23,11,15,24,28,21,25,20,16,20,17,29,10,17,7,17,23,12,24,7,25,17,18,28,30,10,24,12,17,12,12,24,14,15,15,9,11,30,18,11,16,16,19,17,13,10,16,16,14,16,14,13,14,11,10,13,11,12,15,11,11,9,9,14,9,11,11,5,9,16,11,15,9,30,8,10,18,15,16,17,11,7,11,28,19,15,19,20,15,28,10,17,15,5,,14,9,9,9,18,10,12,11,,7,7,10,9,16,10,9,7,10,15,9,18,6,9,9,3,8,18,,5,3,20,14,16,14,9,26,6,9,18,,10,,15,,19,6,2,2,5,2,9,4,8,9,13,14,10,22,13,33,15,36,17,19,10,5,12,16,,,,4,,
20260403,23,O3,85,83,89,39,81,78,77,74,87,89,81,78,85,78,43,65,72,70,58,60,62,68,56,71,60,62,58,48,40,67,47,113,82,37,54,6,44,56,52,48,71,35,46,6,67,29,36,17,41,112,91,75,21,25,42,54,34,47,43,40,30,26,71,58,39,19,59,72,76,35,70,89,56,62,33,38,49,49,70,123,66,78,38,93,75,77,60,54,109,106,84,84,71,100,125,83,30,14,59,47,56,44,17,54,56,14,5,36,85,86,51,84,90,69,64,46,60,51,86,56,22,78,61,51,41,75,85,74,76,85,83,87,28,55,53,31,8,50,63,41,45,19,41,76,39,65,31,38,36,78,49,50,16,45,48,93,84,49,79,21,,,,,,,,,,,,,,,,,,,,,,,,,,,,,,88,69,17,88,48,77,92,76,45,52,77,75,75,49,,74,86,84,50,63,85,72,61,137,118,59,62,105,70,73,68,81,71,75,31,60,51,64,59,70,36,25,53,78,64,66,60,71,45,55,53,56,45,45,4,51,44,74,61,34,40,76,42,56,75,84,83,76,75,56,84,82,58,69,69,65,75,82,67,32,61,59,34,18,53,1,35,5,11,15,34,53,48,71,28,63,44,48,52,76,23,4,80,22,37,15,4,52,14,4,50,,58,72,88,86,15,48,77,23,,43,88,90,89,94,73,97,106,87,74,93,50,52,85,68,93,68,61,,97,80,34,35,40,68,68,52,39,51,51,,92,,49,,51,104,62,104,71,71,87,137,35,47,27,48,71,83,66,21,66,36,79,74,38,94,76,71,,,,82,,
20260403,23,O3_24h,85,83,89,39,81,78,77,74,87,89,81,78,85,78,43,65,72,70,58,60,62,68,56,71,60,62,58,48,40,67,47,113,82,37,54,6,44,56,52,48,71,35,46,6,67,29,36,17,41,112,91,75,21,25,42,54,34,47,43,40,30,26,71,58,39,19,59,72,76,35,70,89,56,62,33,38,49,49,70,123,66,78,38,93,75,77,60,54,109,106,84,84,71,100,125,83,30,14,59,47,56,44,17,54,56,14,5,36,85,86,51,84,90,69,64,46,60,51,86,56,22,78,61,51,41,75,85,74,76,85,83,87,28,55,53,31,8,50,63,41,45,19,41,76,39,65,31,38,36,78,49,50,16,45,48,93,84,49,79,21,,,,,,,,,,,,,,,,,,,,,,,,,,,,,,88,69,17,88,48,77,92,76,45,52,77,75,75,49,,74,86,84,50,63,85,72,61,137,118,59,62,105,70,73,68,81,71,75,31,60,51,64,59,70,36,25,53,78,64,66,60,71,45,55,53,56,45,45,4,51,44,74,61,34,40,76,42,56,75,84,83,76,75,56,84,82,58,69,69,65,75,82,67,32,61,59,34,18,53,1,35,5,11,15,34,53,48,71,28,63,44,48,52,76,23,4,80,22,37,15,4,52,14,4,50,,58,72,88,86,15,48,77,23,,43,88,90,89,94,73,97,106,87,74,93,50,52,85,68,93,68,61,,97,80,34,35,40,68,68,52,39,51,51,,92,,49,,51,104,62,104,71,71,87,137,35,47,27,48,71,83,66,21,66,36,79,74,38,94,76,71,,,,82,,
20260403,23,O3_8h,91,96,98,83,106,115,105,109,95,100,105,103,105,105,92,121,149,66,63,129,93,110,111,116,117,88,101,104,100,89,100,116,119,85,135,68,103,103,109,111,122,105,81,90,77,81,85,51,133,131,127,83,87,61,83,63,66,69,69,71,88,66,107,100,93,97,97,114,101,106,115,113,105,113,89,86,98,102,130,134,128,121,84,139,109,125,123,149,131,153,159,127,137,123,164,154,58,99,106,79,62,95,76,67,37,85,89,86,118,125,100,116,109,99,83,127,129,127,111,86,88,125,78,88,82,69,116,118,127,110,119,110,86,90,81,82,65,59,68,75,73,103,107,118,97,105,108,80,83,124,98,109,83,108,103,116,114,103,116,108,,,,,,,,,,,,,,,,,,,,,,,,,,,,,,104,110,70,113,102,103,116,95,100,98,77,87,105,98,,85,101,91,121,115,77,105,120,131,129,68,78,115,102,93,92,83,90,104,79,79,82,118,101,119,54,57,63,77,103,114,95,107,66,86,95,76,98,67,86,57,72,76,63,69,55,78,57,76,109,114,126,112,116,101,115,110,69,107,106,74,98,101,75,67,108,86,73,70,85,34,64,77,72,73,40,69,75,85,66,123,70,83,99,119,83,87,106,112,110,89,66,82,81,92,106,,95,112,99,106,78,78,125,78,,84,116,98,95,140,123,112,128,130,134,98,112,67,88,112,99,94,107,,93,94,94,100,86,116,104,120,102,115,110,,105,,101,,95,127,113,119,115,111,123,138,99,105,106,117,115,118,114,114,112,111,104,122,108,108,118,107,,,,93,,
20260403,23,O3_8h_24h,89,87,95,69,84,96,91,91,90,92,94,89,89,100,78,82,120,58,60,73,62,71,75,93,98,71,69,66,58,71,84,114,106,45,55,30,47,63,71,71,69,48,63,34,74,45,34,37,93,122,112,77,66,43,44,58,53,56,56,51,42,49,92,87,78,70,84,101,93,87,102,99,86,102,72,68,84,88,90,130,83,85,39,126,83,96,92,103,122,135,122,110,108,119,147,101,55,48,91,67,45,55,39,59,28,38,24,60,111,106,80,100,102,93,73,82,90,96,84,50,59,96,70,45,54,66,105,98,103,99,105,99,71,77,74,65,37,58,65,62,65,74,87,100,81,94,86,67,66,112,87,90,62,82,81,106,103,78,107,91,,,,,,,,,,,,,,,,,,,,,,,,,,,,,,94,93,27,102,81,97,99,93,92,81,77,80,93,85,,77,89,70,83,77,71,69,96,128,123,63,68,112,84,86,73,80,69,87,62,66,72,97,84,100,39,39,53,75,81,91,81,92,55,61,61,61,56,60,22,54,67,76,63,50,54,78,57,57,98,105,114,95,93,82,104,87,68,94,93,69,88,94,71,63,93,77,62,52,74,25,57,52,57,52,27,64,63,81,53,98,62,80,74,111,66,60,106,83,94,67,42,70,62,57,92,,77,97,94,98,50,68,107,58,,68,103,98,93,126,106,107,122,118,107,95,90,59,86,103,98,89,95,,93,91,73,85,70,100,92,95,91,101,88,,101,,77,,83,120,101,113,98,99,112,138,83,82,73,104,106,109,107,92,103,98,97,112,94,96,108,99,,,,87,,
20260403,23,CO,0.23,0.38,0.10,0.96,0.35,0.30,0.25,0.30,0.20,0.20,0.20,0.20,0.42,0.32,0.44,0.58,0.68,0.40,0.54,0.62,0.64,0.83,0.68,0.63,0.48,0.66,0.80,0.66,0.58,0.67,0.60,0.48,0.63,0.65,0.57,0.80,0.51,0.83,0.63,0.63,0.65,0.83,0.60,0.65,0.50,0.55,0.60,0.70,0.46,0.47,0.38,0.48,0.81,0.68,0.55,0.50,0.53,0.30,0.37,0.63,0.68,0.53,0.67,0.40,0.63,0.83,0.40,0.46,0.30,0.46,0.40,0.50,0.36,0.43,0.68,0.63,0.70,0.38,0.54,0.55,0.30,0.45,0.73,0.30,0.34,0.43,0.32,0.45,0.48,0.40,0.37,0.47,0.35,0.74,0.45,0.55,0.83,1.20,0.60,0.63,0.75,0.60,0.60,0.57,0.55,1.10,1.37,0.65,0.47,0.40,0.60,0.37,0.25,0.32,0.44,1.02,0.62,0.74,0.40,0.80,1.12,0.73,0.30,0.65,0.70,0.62,0.30,0.20,0.63,0.27,0.25,0.25,0.53,0.60,0.65,1.00,0.60,0.80,0.60,0.74,0.45,0.78,0.80,0.63,0.80,0.57,0.73,0.50,0.50,0.50,0.50,0.35,0.50,0.38,0.45,0.50,0.50,0.72,0.48,0.60,,,,,,,,,,,,,,,,,,,,,,,,,,,,,,0.30,0.40,1.10,0.20,0.27,0.25,0.28,0.33,0.37,0.40,0.53,0.30,0.40,0.30,,0.30,0.50,0.40,0.60,0.45,0.50,0.37,0.60,0.45,0.80,0.35,0.30,0.40,0.20,0.37,0.33,0.28,0.35,0.50,0.65,0.45,0.35,0.42,0.40,0.40,0.75,0.57,0.55,0.45,0.38,0.23,0.38,0.23,0.65,0.43,0.70,1.03,0.60,0.80,1.05,0.73,0.53,0.47,0.50,0.82,0.80,0.55,0.98,0.70,0.35,0.33,0.20,0.23,0.46,0.47,0.37,0.17,0.77,0.30,0.58,0.53,0.38,0.50,0.27,0.80,0.70,0.45,0.93,0.95,1.00,0.70,0.87,0.65,0.95,0.45,0.55,0.60,0.65,0.67,0.93,0.65,0.70,0.70,0.85,0.80,0.67,0.80,0.50,0.75,0.90,1.05,0.43,0.35,0.80,0.80,0.30,,0.20,0.60,0.33,0.57,0.85,0.70,0.40,0.65,,0.75,0.30,0.20,0.45,0.80,0.60,0.50,0.40,0.70,0.80,0.40,0.60,0.25,0.50,0.45,0.25,0.50,1.20,,0.30,0.40,0.57,0.47,0.40,0.40,0.35,0.45,0.50,0.50,0.40,,0.25,,0.65,,0.45,0.50,0.40,0.20,0.30,0.30,0.40,0.30,0.60,0.50,0.70,0.90,0.10,0.30,0.30,1.30,0.30,0.90,0.55,0.40,0.50,0.10,0.25,0.35,,,,0.65,,
20260403,23,CO_24h,0.64,0.69,0.46,0.82,0.85,0.47,0.47,0.30,0.50,0.70,0.35,0.27,0.65,0.50,0.28,0.86,0.66,1.20,0.72,0.54,0.61,0.72,0.58,0.74,0.46,0.64,0.74,0.59,0.62,0.83,0.78,0.66,0.72,0.61,0.56,0.53,0.51,0.75,0.63,0.50,0.60,0.50,0.40,0.50,0.66,0.50,0.47,0.67,0.53,0.61,0.40,0.58,0.59,0.63,0.55,0.50,0.50,0.35,0.37,0.63,0.53,0.47,0.63,0.43,0.51,0.55,0.40,0.48,0.28,0.40,0.40,0.45,0.26,0.37,0.42,0.52,0.40,0.24,0.76,0.70,0.57,0.75,0.63,0.57,0.60,0.57,0.56,0.55,0.66,0.48,0.63,0.68,0.42,0.78,0.50,0.70,0.80,0.73,0.67,0.63,0.75,0.55,0.55,0.53,0.65,0.60,0.83,0.50,0.40,0.40,0.41,0.50,0.60,0.66,0.74,0.90,0.95,0.90,0.72,1.47,0.56,0.97,0.40,0.58,0.63,0.64,0.50,0.33,0.62,0.67,0.38,0.38,0.45,0.53,0.60,0.80,0.55,0.87,0.63,0.73,0.50,0.60,0.70,0.90,0.67,0.53,0.57,0.30,0.52,0.53,0.53,0.45,0.45,0.40,0.40,0.40,0.70,0.44,0.46,0.35,,,,,,,,,,,,,,,,,,,,,,,,,,,,,,0.35,0.40,0.75,0.57,0.20,0.55,0.47,0.50,0.50,0.27,0.77,0.30,0.30,0.30,,0.30,0.50,0.70,0.63,0.70,0.83,0.60,0.80,0.75,0.85,0.40,0.40,0.43,0.90,0.37,0.43,0.30,0.40,0.63,0.40,0.50,0.20,0.55,0.44,0.45,0.50,0.58,0.45,0.60,0.46,0.37,0.35,0.23,0.83,0.30,0.63,1.00,0.45,0.75,0.60,0.63,0.77,0.53,0.65,0.74,0.95,0.70,0.93,0.65,0.48,0.48,0.35,0.38,0.48,0.50,0.43,0.23,0.78,0.50,0.60,0.63,0.40,0.50,0.37,0.70,0.70,0.50,0.90,0.90,0.80,0.65,0.67,0.40,0.70,0.45,0.65,0.53,0.57,0.73,0.70,0.80,0.73,0.80,0.70,0.70,0.70,0.65,0.40,0.55,0.70,0.67,0.40,0.40,0.60,0.55,0.20,,0.25,0.50,0.43,0.53,0.70,0.55,0.50,0.60,,0.65,0.35,0.30,0.45,0.65,0.50,0.50,0.40,0.45,0.80,0.40,0.50,0.20,0.55,0.30,0.25,0.35,0.90,,0.35,0.45,0.53,0.27,0.60,0.40,0.20,0.40,0.20,0.25,0.30,,0.20,,0.60,,0.40,0.50,0.30,0.20,0.30,0.30,0.30,0.30,0.30,0.30,0.30,0.50,0.10,0.30,0.25,0.55,0.25,0.65,0.50,0.55,0.40,0.20,0.45,0.45,,,,0.50,,