date,hour,type,北京,天津,石家庄,唐山,秦皇岛,邯郸,保定,张家口,承德,廊坊,沧州,衡水,邢台,太原,呼和浩特,沈阳,大连,长春,哈尔滨,上海,南京,苏州,南通,连云港,徐州,扬州,无锡,常州,镇江,泰州,淮安,盐城,宿迁,杭州,宁波,温州,绍兴,湖州,嘉兴,台州,舟山,金华,衢州,丽水,合肥,福州,厦门,南昌,济南,青岛,郑州,武汉,长沙,广州,深圳,珠海,佛山,中山,江门,东莞,惠州,肇庆,南宁,海口,重庆,成都,贵阳,昆明,拉萨,西安,兰州,西宁,银川,乌鲁木齐,湘潭,株洲,包头,鄂尔多斯,营口,丹东,盘锦,葫芦岛,泉州,临沂,德州,聊城,滨州,淄博,枣庄,烟台,潍坊,济宁,泰安,日照,威海,东营,韶关,汕头,湛江,茂名,梅州,汕尾,河源,阳江,清远,潮州,揭阳,云浮,玉溪,菏泽,大同,长治,临汾,阳泉,赤峰,鞍山,抚顺,本溪,锦州,吉林,齐齐哈尔,牡丹江,大庆,芜湖,马鞍山,九江,洛阳,安阳,开封,焦作,平顶山,三门峡,宜昌,荆州,岳阳,常德,张家界,桂林,北海,柳州,三亚,绵阳,宜宾,攀枝花,泸州,自贡,德阳,南充,遵义,曲靖,咸阳,铜川,延安,宝鸡,渭南,金昌,嘉峪关,石嘴山,克拉玛依,巴音郭楞州,寿光,章丘,即墨,胶南,胶州,莱西,平度,蓬莱,招远,莱州,荣成,文登,乳山,吴江,昆山,常熟,张家港,太仓,句容,江阴,宜兴,金坛,溧阳,海门,临安,富阳,义乌,诸暨,瓦房店,信阳,周口,漳州,晋城,朔州,晋中,运城,忻州,吕梁,乌海,通辽,呼伦贝尔,巴彦淖尔,乌兰察布,兴安盟,锡林郭勒盟,阿拉善盟,阜新,辽阳,铁岭,朝阳,四平,辽源,通化,白山,松原,白城,延边朝鲜族自治州,鸡西,鹤岗,双鸭山,伊春,佳木斯,七台河,黑河,绥化,大兴安岭地区,蚌埠,淮南,淮北,铜陵,安庆,黄山,滁州,阜阳,宿州,六安,亳州,池州,宣城,莆田,三明,南平,龙岩,宁德,景德镇,萍乡,新余,鹰潭,赣州,吉安,宜春,抚州,上饶,鹤壁,新乡,濮阳,许昌,漯河,南阳,商丘,驻马店,黄石,十堰,襄阳,鄂州,荆门,孝感,黄冈,咸宁,随州,恩施土家族苗族自治州,衡阳,邵阳,益阳,郴州,永州,怀化,娄底,湘西州,梧州,防城港,钦州,贵港,玉林,百色,贺州,河池,来宾,崇左,广元,遂宁,内江,乐山,眉山,广安,达州,雅安,巴中,资阳,阿坝藏族羌族自治州,甘孜州,甘孜藏族自治州,凉山彝族自治州,六盘水,安顺,铜仁地区,毕节,黔西南布依族苗族自治州,黔东南苗族侗族自治州,黔东南州,黔南布依族苗族自治州,保山,昭通,丽江,普洱,临沧,楚雄州,红河州,文山州,西双版纳州,大理州,德宏州,怒江州,迪庆州,昌都,山南,日喀则,那曲地区,那曲,阿里地区,林芝,汉中,榆林,安康,商洛,白银,天水,武威,张掖,平凉,酒泉,庆阳,定西,陇南,临夏回族自治州,甘南州,海东地区,海北藏族自治州,黄南藏族自治州,海南藏族自治州,果洛藏族自治州,玉树藏族自治州,海西蒙古族藏族自治州,吴忠,中卫,固原,吐鲁番地区,哈密地区,昌吉州,博尔塔拉蒙古自治州,阿克苏地区,克孜勒苏柯尔克孜自治州,喀什地区,和田地区,伊犁哈萨克州,塔城地区,阿勒泰地区,石河子,五家渠,三沙,兰州新区,赣江新区,儋州,雄安新区,西咸新区
20260620,0,AQI,25,34,41,37,37,22,39,24,28,39,32,29,44,24,26,39,19,34,53,10,17,14,10,27,18,25,24,21,19,22,22,24,25,12,14,21,13,8,11,27,23,16,10,18,19,19,22,17,34,20,52,22,15,21,18,18,19,14,22,14,16,24,29,28,36,46,29,31,39,28,41,21,27,30,13,14,24,23,26,28,17,27,17,17,40,27,43,59,19,18,22,29,50,18,20,23,13,17,25,25,23,22,17,24,26,26,22,28,16,29,26,21,61,37,38,29,37,37,37,37,57,30,34,20,22,22,22,35,26,26,25,33,21,26,23,21,10,12,45,20,32,54,27,42,30,31,65,31,24,25,42,39,20,23,25,30,36,33,45,110,,,,,,,,,,,,,,,,,,,,,,,,,,,,,,27,20,19,29,26,28,30,31,46,54,43,28,55,34,,28,65,25,52,33,37,43,31,22,34,37,74,22,23,46,26,26,33,26,29,47,13,19,19,18,10,16,12,22,21,21,25,18,12,12,20,23,23,16,14,14,19,22,16,18,19,23,22,30,31,35,27,22,25,27,22,26,23,26,28,18,19,21,20,17,28,20,17,16,22,18,13,12,14,16,36,25,25,29,39,13,17,8,29,36,31,39,25,25,39,34,35,36,37,56,29,,11,17,33,36,18,23,17,34,,12,19,27,16,35,21,15,14,13,27,13,33,13,21,35,43,38,38,,43,12,38,25,22,25,55,32,28,31,38,,35,,30,,24,30,36,43,25,30,,38,46,72,39,66,28,38,39,35,46,48,42,47,42,49,45,41,,,,31,,
20260620,0,PM2.5,17,22,29,24,13,11,27,15,11,27,18,16,26,10,4,26,13,24,31,7,4,3,3,3,12,4,3,3,6,7,10,3,3,3,3,12,4,3,3,13,8,4,5,7,5,9,13,12,24,4,20,11,9,10,6,6,11,8,7,6,7,12,17,15,21,32,11,18,5,12,20,11,7,13,7,8,8,10,13,14,12,19,11,3,28,19,30,42,4,7,9,20,35,11,14,14,4,10,16,11,11,9,8,10,12,17,11,12,5,20,18,9,36,14,13,20,26,24,26,23,39,12,23,3,3,3,15,16,18,13,11,21,11,15,3,3,4,4,11,13,15,38,18,24,15,18,47,21,17,14,22,19,7,14,9,10,13,11,26,83,,,,,,,,,,,,,,,,,,,,,,,,,,,,,,5,3,10,10,11,9,21,12,22,12,25,8,12,7,,8,22,14,20,19,24,30,19,15,12,26,54,10,14,24,18,13,21,11,11,31,8,13,12,12,3,4,3,9,15,15,9,6,3,6,11,10,9,10,10,5,9,6,8,5,5,7,4,14,22,16,14,9,8,12,14,5,3,8,14,7,10,7,6,3,5,6,7,8,6,5,3,3,5,3,13,12,12,20,27,6,9,3,9,11,17,27,17,14,15,24,13,25,26,23,10,,8,7,23,25,3,9,5,24,,7,13,9,3,12,15,7,10,9,9,6,22,8,9,3,11,5,6,,3,7,24,16,9,13,38,16,9,14,15,,20,,11,,6,16,16,11,8,7,,8,11,35,15,31,11,24,21,,25,13,28,19,27,6,15,17,,,,12,,
20260620,0,PM2.5_24h,48,43,25,35,20,16,38,31,37,57,28,21,18,16,16,20,12,17,23,13,20,14,9,4,27,15,14,22,18,14,11,5,21,12,6,9,10,17,11,8,9,8,7,4,6,8,10,7,29,5,16,8,7,10,7,7,10,9,7,8,8,10,12,13,16,28,9,9,6,17,19,16,18,11,4,6,15,15,14,20,19,22,10,13,25,24,42,34,23,6,7,25,34,3,6,21,9,10,16,14,9,9,11,11,11,13,12,8,5,20,16,9,16,22,35,17,17,17,28,17,19,13,31,9,9,3,14,15,19,14,13,13,9,9,3,9,7,7,11,10,15,25,19,12,12,12,33,18,9,9,21,15,10,11,22,14,22,23,7,31,,,,,,,,,,,,,,,,,,,,,,,,,,,,,,9,16,8,8,14,16,11,18,8,22,32,17,15,13,,8,24,25,17,17,32,22,10,12,10,30,46,11,14,14,13,19,17,12,13,21,12,16,22,21,3,3,3,20,21,21,10,19,4,10,8,11,8,7,9,7,8,5,6,5,4,4,4,8,22,14,16,12,14,7,19,11,4,5,11,4,9,4,6,7,5,8,5,9,19,4,4,4,2,6,11,13,14,21,16,18,10,4,11,13,9,31,16,17,18,19,16,22,16,19,8,,8,13,12,18,4,11,7,18,,7,11,15,7,12,12,5,8,9,9,5,11,10,8,4,7,3,9,,4,6,16,14,7,11,20,13,15,19,10,,10,,14,,16,13,7,10,8,10,2,7,17,28,10,122,8,12,7,50,18,14,28,15,10,4,6,13,,,,9,,
20260620,0,PM10,25,34,41,37,37,16,38,24,28,37,32,29,44,15,7,39,16,33,56,9,8,6,6,8,13,9,4,6,8,7,13,7,6,6,13,21,7,7,7,27,23,16,10,18,9,19,22,16,31,7,53,17,15,21,18,18,19,14,22,14,16,24,29,28,36,44,29,31,11,28,41,12,24,28,13,14,21,17,26,28,11,25,17,7,,24,40,47,12,18,22,21,32,7,,23,10,17,25,25,23,22,17,24,26,26,22,28,15,,21,17,72,37,38,27,34,37,37,37,64,30,34,7,6,6,20,19,26,26,20,33,21,26,20,9,10,12,45,20,32,52,27,42,30,31,52,31,22,25,42,39,18,23,22,14,36,33,45,161,,,,,,,,,,,,,,,,,,,,,,,,,,,,,,16,12,19,29,22,13,28,26,46,57,43,28,60,20,,7,80,18,54,33,37,38,31,22,34,33,41,15,20,46,26,26,33,19,29,47,,17,14,13,8,7,9,6,19,20,,8,6,12,20,23,23,16,13,14,19,22,,18,19,23,22,30,23,35,19,13,10,21,22,13,23,26,23,17,19,18,11,17,10,20,14,16,9,18,9,12,14,16,36,25,25,27,31,10,17,8,29,36,31,37,25,23,39,31,35,31,,61,29,,8,10,30,36,18,23,12,31,,12,9,27,9,35,20,15,10,11,27,9,33,13,16,10,9,15,10,,13,12,38,25,22,25,60,32,13,,38,,35,,30,,20,22,17,27,21,25,,12,46,94,39,81,14,38,39,35,46,48,42,47,42,49,45,41,,,,31,,
20260620,0,PM10_24h,71,66,44,55,52,20,64,41,62,68,42,46,34,23,19,32,17,25,44,17,21,18,12,8,31,22,19,22,18,14,12,8,21,15,16,21,13,22,16,19,21,20,9,16,8,19,21,8,40,4,17,14,14,18,17,17,14,15,19,14,16,16,24,23,26,33,22,18,11,27,36,22,45,27,12,10,16,27,24,32,23,29,17,16,33,32,56,49,32,13,18,33,41,4,8,34,17,20,27,29,17,21,16,25,19,23,25,22,12,18,28,18,36,35,47,24,27,29,37,25,30,23,49,12,16,9,19,20,18,21,16,22,15,13,13,13,9,16,34,19,32,34,25,27,27,25,34,28,16,16,29,23,21,21,31,47,40,35,22,91,,,,,,,,,,,,,,,,,,,,,,,,,,,,,,17,17,18,21,30,21,16,30,24,60,54,28,45,27,,15,60,37,28,32,38,29,22,23,31,36,39,22,22,35,19,23,23,16,25,29,14,18,24,28,11,9,10,19,29,27,10,16,6,13,20,21,19,13,18,12,18,21,11,15,19,18,26,19,22,27,24,11,10,14,28,21,23,16,15,13,14,10,9,11,11,17,12,13,26,8,8,14,11,14,23,32,28,27,23,24,14,8,27,37,23,33,17,24,31,22,29,28,20,25,26,,16,18,18,25,11,17,14,22,,12,10,23,12,29,13,11,12,13,22,8,23,17,15,11,41,9,14,,12,10,26,24,16,20,43,27,30,26,35,,25,,31,,32,23,15,20,19,27,12,16,41,79,26,410,14,29,29,98,34,45,69,34,31,27,27,41,,,,19,,
20260620,0,SO2,3,5,3,5,6,3,3,4,3,3,4,5,4,6,8,6,7,5,7,6,5,6,5,5,7,5,4,5,4,10,7,7,5,6,5,5,6,5,6,6,6,2,4,5,7,4,2,9,5,6,4,4,6,5,5,5,5,5,5,3,4,8,3,4,9,4,5,4,5,5,17,10,5,6,6,6,6,7,6,6,6,7,2,9,10,6,9,10,8,5,5,4,6,8,4,7,7,5,6,4,7,6,5,4,5,4,4,7,4,4,7,10,8,8,10,5,8,7,6,13,4,6,6,5,6,3,8,2,7,6,5,8,8,7,3,7,7,5,3,5,2,8,9,22,3,11,5,6,3,4,5,7,2,7,6,9,6,17,6,4,,,,,,,,,,,,,,,,,,,,,,,,,,,,,,5,2,4,4,4,8,4,5,5,9,8,5,9,4,,7,10,6,8,9,5,5,8,13,10,1,4,8,9,5,8,6,4,7,6,22,6,6,6,5,8,7,4,8,5,4,5,3,4,6,5,7,3,4,6,7,8,9,5,2,7,2,5,9,6,9,4,4,4,6,4,4,6,8,6,8,8,4,5,6,3,5,10,6,4,5,4,5,5,3,10,5,3,6,3,6,14,5,6,3,6,9,10,6,6,7,5,6,8,4,3,,6,5,4,9,3,7,3,2,,4,5,9,8,5,8,2,4,3,7,6,6,5,8,7,5,7,4,,5,3,5,5,4,7,3,8,7,6,6,,5,,8,,4,8,6,9,10,15,,18,7,6,7,6,4,8,5,2,7,3,5,7,3,7,7,7,,,,6,,
20260620,0,SO2_24h,3,6,2,8,7,4,3,4,3,3,6,5,3,9,8,7,7,5,6,6,5,6,4,5,7,6,5,6,4,10,7,7,6,6,5,5,6,6,5,6,6,4,4,5,8,4,2,7,5,6,3,4,5,5,5,5,5,5,5,3,5,7,3,4,9,5,8,5,5,5,11,13,8,5,7,6,8,7,6,5,6,7,3,9,10,7,11,10,9,5,5,5,8,7,4,8,7,6,6,4,7,6,6,5,4,5,6,5,5,4,8,11,6,11,10,5,9,7,5,5,4,6,5,5,7,3,8,3,6,6,4,8,8,7,3,7,7,5,2,5,2,8,11,14,4,11,4,6,3,4,6,6,2,7,7,9,12,12,6,4,,,,,,,,,,,,,,,,,,,,,,,,,,,,,,5,2,4,4,5,9,4,7,4,19,9,6,11,5,,7,10,7,7,11,6,5,8,11,10,2,4,8,9,5,8,6,4,9,7,12,5,6,7,5,9,7,4,9,5,4,5,4,4,6,5,8,3,4,6,4,10,8,5,2,7,2,4,7,5,7,4,3,4,6,3,4,5,8,6,5,7,4,5,6,3,5,9,5,4,5,4,5,5,3,8,5,3,5,4,9,12,5,6,7,6,10,10,4,7,8,5,7,8,3,3,,6,8,7,11,3,6,4,4,,4,5,9,9,5,8,4,4,4,8,6,6,5,8,7,6,7,4,,5,6,6,11,5,7,16,9,9,7,6,,4,,9,,4,10,6,9,9,14,6,20,9,6,7,6,6,9,5,4,8,3,4,6,4,7,7,9,,,,4,,
20260620,0,NO2,10,11,20,15,8,13,14,9,12,13,13,23,21,16,4,42,9,35,58,14,9,7,14,7,10,3,5,4,11,3,7,3,6,3,4,10,4,12,8,4,11,12,9,11,7,7,7,10,20,12,10,11,9,12,6,2,8,2,6,5,7,7,8,4,22,20,13,25,10,18,14,13,5,29,12,11,5,8,18,5,10,15,8,10,22,10,26,20,12,19,21,9,14,15,12,15,10,8,10,5,11,3,12,2,10,8,5,6,5,14,12,12,24,36,11,14,39,23,20,25,10,15,12,11,7,12,12,3,13,6,10,20,11,10,7,3,8,5,3,12,8,12,17,26,15,15,15,16,18,11,29,25,13,13,14,7,23,25,24,13,,,,,,,,,,,,,,,,,,,,,,,,,,,,,,6,5,5,10,6,9,14,8,28,4,9,15,5,4,,5,6,9,16,34,6,56,60,15,16,11,6,4,7,14,9,11,6,14,11,55,2,11,8,7,19,10,2,2,8,2,4,5,7,5,9,14,14,6,8,10,13,13,1,3,4,11,4,15,9,15,9,6,9,9,9,6,4,11,10,9,10,6,6,8,6,5,7,7,7,4,6,6,13,9,21,10,6,17,7,9,7,8,11,14,6,18,20,10,12,20,32,8,26,16,4,,13,4,7,7,7,12,3,12,,5,6,14,5,7,6,6,4,6,4,8,10,10,8,5,2,3,6,,1,7,11,19,8,11,4,16,9,11,23,,21,,3,,6,12,2,1,10,2,,2,6,7,18,21,9,38,20,5,18,16,3,13,7,4,28,9,,,,5,,
20260620,0,NO2_24h,15,18,11,15,14,10,16,14,14,20,16,17,8,12,9,19,10,16,23,14,11,13,12,9,11,11,15,12,21,7,8,5,9,12,9,11,8,13,12,6,18,13,13,8,8,8,8,6,15,9,8,9,5,14,8,2,11,3,7,12,8,10,7,4,14,12,9,13,10,9,16,13,12,13,7,6,13,15,11,10,12,11,8,13,21,9,22,16,14,10,12,9,12,10,10,17,12,7,9,4,9,3,10,1,13,9,12,7,6,13,14,7,11,14,10,10,19,13,15,15,12,11,9,8,6,10,8,6,11,7,8,9,10,6,8,3,7,7,3,7,7,7,13,13,14,10,12,11,8,10,11,12,9,7,14,10,15,16,8,6,,,,,,,,,,,,,,,,,,,,,,,,,,,,,,6,6,6,8,9,7,6,11,14,15,11,8,8,9,,8,5,10,10,20,8,19,27,12,12,6,9,11,10,11,7,10,8,11,11,19,5,12,10,7,10,7,3,10,10,3,6,7,7,5,8,11,8,4,8,7,11,9,2,3,4,6,3,8,7,9,11,5,9,4,8,10,7,6,8,9,6,3,7,6,5,5,4,4,8,4,4,8,4,7,14,6,5,13,8,10,8,8,7,11,7,13,15,8,14,10,19,8,11,8,4,,17,8,10,6,6,8,6,8,,5,5,11,7,6,6,6,3,7,5,7,7,10,8,7,2,3,7,,2,7,11,13,7,8,11,12,11,10,13,,9,,6,,15,7,3,2,4,3,13,2,12,12,12,9,9,15,10,11,8,13,11,14,3,8,11,7,,,,3,,
20260620,0,O3,67,88,54,58,80,70,65,77,89,83,71,61,50,78,82,25,61,49,64,31,53,44,32,86,59,81,77,67,60,71,70,76,81,38,45,38,40,25,35,40,40,21,31,4,62,30,27,24,56,64,85,71,28,24,30,37,28,35,29,36,36,37,53,64,43,74,31,19,124,76,91,66,86,95,24,27,76,74,44,89,53,74,27,54,57,71,46,75,61,42,43,61,66,59,57,57,43,27,47,58,4,40,21,44,33,24,22,34,51,58,81,67,73,30,122,43,13,29,66,30,106,38,109,63,71,71,69,111,68,79,80,48,56,73,73,68,33,33,82,31,72,84,41,33,53,66,76,50,37,37,75,59,65,59,81,96,80,54,83,59,,,,,,,,,,,,,,,,,,,,,,,,,,,,,,85,64,28,56,82,91,65,100,95,81,84,38,75,108,,88,89,81,31,25,99,34,13,23,34,102,134,69,74,60,58,46,83,82,47,57,42,59,61,58,31,51,39,69,63,56,81,57,39,31,24,9,5,20,34,30,14,32,52,48,43,12,32,16,70,65,86,70,81,85,54,82,56,41,90,58,62,67,65,37,90,31,35,34,70,51,40,39,21,4,2,56,67,13,39,42,37,21,22,15,94,48,45,80,94,32,11,40,14,54,29,,31,55,80,59,30,37,54,28,,30,35,67,50,37,37,42,44,37,29,43,18,35,68,113,136,120,121,,136,27,55,68,24,51,103,56,88,98,67,,104,,92,,77,96,115,136,81,95,,121,87,91,82,92,90,66,70,81,76,76,93,94,66,146,75,106,,,,48,,
20260620,0,O3_24h,67,88,54,58,80,70,65,77,89,83,71,61,50,78,82,25,61,49,64,31,53,44,32,86,59,81,77,67,60,71,70,76,81,38,45,38,40,25,35,40,40,21,31,4,62,30,27,24,56,64,85,71,28,24,30,37,28,35,29,36,36,37,53,64,43,74,31,19,124,76,91,66,86,95,24,27,76,74,44,89,53,74,27,54,57,71,46,75,61,42,43,61,66,59,57,57,43,27,47,58,4,40,21,44,33,24,22,34,51,58,81,67,73,30,122,43,13,29,66,30,106,38,109,63,71,71,69,111,68,79,80,48,56,73,73,68,33,33,82,31,72,84,41,33,53,66,76,50,37,37,75,59,65,59,81,96,80,54,83,59,,,,,,,,,,,,,,,,,,,,,,,,,,,,,,85,64,28,56,82,91,65,100,95,81,84,38,75,108,,88,89,81,31,25,99,34,13,23,34,102,134,69,74,60,58,46,83,82,47,57,42,59,61,58,31,51,39,69,63,56,81,57,39,31,24,9,5,20,34,30,14,32,52,48,43,12,32,16,70,65,86,70,81,85,54,82,56,41,90,58,62,67,65,37,90,31,35,34,70,51,40,39,21,4,2,56,67,13,39,42,37,21,22,15,94,48,45,80,94,32,11,40,14,54,29,,31,55,80,59,30,37,54,28,,30,35,67,50,37,37,42,44,37,29,43,18,35,68,113,136,120,121,,136,27,55,68,24,51,103,56,88,98,67,,104,,92,,77,96,115,136,81,95,,121,87,91,82,92,90,66,70,81,76,76,93,94,66,146,75,106,,,,48,,
20260620,0,O3_8h,107,112,106,118,115,106,105,132,119,114,96,109,102,143,126,114,81,148,156,79,68,63,58,93,75,65,59,57,45,65,90,93,95,53,75,79,62,56,75,78,57,67,35,46,75,61,48,46,105,72,104,84,54,52,43,43,49,49,49,51,54,56,57,72,112,139,83,65,128,147,137,119,123,138,48,47,104,110,123,93,92,90,46,68,113,123,100,118,76,96,75,88,109,75,93,89,59,43,81,66,42,48,54,57,63,42,39,58,61,84,126,110,143,107,160,80,119,97,87,116,123,129,150,70,74,50,108,116,100,94,103,109,105,104,86,78,69,44,85,46,81,130,105,101,104,115,146,95,86,80,144,132,127,136,136,134,126,133,127,109,,,,,,,,,,,,,,,,,,,,,,,,,,,,,,88,80,49,114,127,140,120,133,138,121,136,82,110,148,,120,114,107,91,135,107,135,146,106,108,150,163,102,118,104,101,101,113,103,91,161,61,92,81,96,38,46,44,59,72,86,75,87,39,48,54,49,44,41,65,45,34,49,52,56,53,41,44,47,106,99,88,99,100,106,94,91,64,93,135,76,115,99,75,68,111,89,53,53,74,52,61,39,47,52,47,73,81,38,67,81,49,52,48,83,120,100,102,104,127,97,75,121,78,115,74,,59,108,105,98,66,95,54,82,,68,54,97,71,62,52,51,57,57,54,61,49,53,77,105,125,126,137,,149,64,118,147,96,116,108,109,112,125,131,,134,,107,,101,131,124,139,121,99,124,127,118,115,133,129,121,137,128,88,112,101,109,128,130,130,147,136,,,,59,,
20260620,0,O3_8h_24h,86,101,85,99,90,87,90,100,79,106,89,76,81,113,100,63,69,109,114,47,44,40,40,91,67,65,46,46,41,62,80,79,86,35,63,53,47,34,43,54,47,31,31,14,65,43,36,35,80,70,93,79,39,37,33,38,40,42,40,41,42,48,49,64,86,112,64,44,124,128,107,91,99,130,38,39,84,93,65,67,67,88,33,64,72,95,83,102,69,63,64,72,90,73,62,78,55,34,56,55,22,42,37,46,51,32,30,50,58,69,100,88,119,71,142,61,64,56,79,71,115,79,135,59,66,49,90,102,84,85,92,90,85,94,75,74,49,30,83,38,77,121,78,76,77,99,127,77,72,61,125,114,95,108,117,118,104,81,110,90,,,,,,,,,,,,,,,,,,,,,,,,,,,,,,87,72,37,72,103,116,105,116,128,91,103,62,83,112,,105,109,89,58,73,93,100,79,58,57,128,147,74,79,78,81,56,93,85,73,112,47,80,77,73,30,46,44,59,68,73,69,71,38,28,35,30,21,24,49,35,24,40,48,50,48,26,35,30,74,87,73,83,88,97,65,89,62,67,115,71,95,91,72,59,105,58,44,41,72,50,51,36,41,29,17,67,75,21,53,52,44,26,32,58,110,78,72,98,117,73,48,81,55,93,47,,35,83,91,84,51,74,54,58,,53,47,85,57,52,45,46,47,46,39,51,36,46,72,97,125,124,132,,137,50,99,116,66,91,99,91,101,114,109,,119,,98,,93,114,111,133,108,91,110,124,104,106,110,116,108,120,108,80,98,99,100,112,120,130,125,128,,,,53,,
20260620,0,CO,0.49,0.56,0.46,0.41,0.25,0.23,0.31,0.33,0.35,0.43,0.37,0.43,0.63,0.32,0.40,0.68,0.61,0.47,0.81,0.40,0.35,0.59,0.78,0.33,0.26,0.58,0.54,0.53,0.46,0.50,0.98,0.40,0.35,0.52,0.37,0.43,0.40,0.38,0.40,0.40,0.55,0.43,0.30,0.45,0.62,0.30,0.28,0.58,0.35,0.40,0.49,0.66,0.60,0.45,0.47,0.50,0.43,0.25,0.37,0.43,0.55,0.40,0.59,0.35,0.70,0.69,0.67,0.69,0.23,0.60,0.67,0.45,0.25,0.43,0.42,0.53,0.30,0.58,0.44,0.53,0.33,0.43,0.47,0.25,0.56,0.37,0.58,0.48,0.42,0.35,0.38,0.40,0.30,0.52,0.27,0.45,0.53,0.55,0.43,0.57,0.65,0.50,0.75,0.37,0.45,0.50,0.40,0.55,0.30,0.20,0.66,0.63,1.20,0.52,0.54,0.68,0.60,0.54,0.46,0.52,0.56,0.40,0.45,0.40,0.57,0.56,0.44,0.35,0.40,0.37,0.50,0.53,0.50,0.50,0.63,0.90,0.70,0.43,0.50,0.74,0.35,0.65,0.72,0.90,0.57,0.50,0.73,0.45,0.80,0.50,0.53,0.70,0.40,0.48,0.55,0.30,0.50,0.47,0.64,0.25,,,,,,,,,,,,,,,,,,,,,,,,,,,,,,0.55,0.40,0.40,0.53,0.23,0.30,0.75,0.50,0.40,0.30,0.47,0.40,0.40,0.40,,0.25,0.45,0.45,0.63,0.50,0.67,0.43,0.50,0.55,0.60,0.35,0.45,0.33,0.27,0.37,0.43,0.60,0.30,0.47,0.30,0.45,0.20,0.37,0.32,0.20,0.53,0.57,0.30,0.35,0.52,0.20,0.38,0.17,0.43,0.33,0.37,0.63,0.45,0.40,0.45,0.40,0.87,1.70,0.40,0.32,0.20,0.58,0.57,0.50,0.52,0.48,0.40,0.47,0.42,0.50,0.50,0.23,0.50,0.70,0.70,0.83,0.68,0.60,0.60,0.80,0.57,0.55,1.68,0.55,0.90,0.50,0.63,0.50,0.25,0.55,0.40,0.53,0.53,0.70,0.47,0.45,0.37,0.80,0.75,0.50,0.63,0.55,0.63,0.70,0.70,0.65,0.45,0.60,0.70,0.45,0.20,,0.25,0.45,0.47,0.60,0.50,0.55,0.30,0.70,,0.65,0.40,0.50,0.50,0.65,0.35,0.50,0.10,0.20,0.55,0.35,0.60,0.50,0.50,0.35,0.20,0.40,0.30,,0.25,0.45,0.53,0.30,0.40,0.80,0.20,0.35,0.10,0.40,0.55,,0.45,,0.30,,0.25,0.50,0.40,0.20,0.40,0.20,,0.30,0.37,0.40,0.30,0.60,,0.50,0.50,0.60,0.25,0.50,0.25,0.50,0.70,0.10,0.45,0.25,,,,0.50,,
20260620,0,CO_24h,0.74,0.73,0.46,0.70,0.25,0.37,0.43,0.43,0.60,0.63,0.45,0.42,0.45,0.50,0.50,0.75,0.60,0.45,0.57,0.40,0.44,0.66,0.55,0.33,0.40,0.82,0.59,0.61,0.56,0.67,0.98,0.44,0.50,0.63,0.46,0.43,0.49,0.50,0.50,0.47,0.55,0.50,0.40,0.45,0.62,0.30,0.28,0.55,0.38,0.41,0.44,0.63,0.49,0.48,0.50,0.50,0.43,0.25,0.43,0.43,0.57,0.40,0.59,0.35,0.61,0.61,0.57,0.55,0.27,0.56,0.67,0.50,0.38,0.30,0.43,0.50,0.47,0.54,0.52,0.50,0.37,0.45,0.47,0.37,0.64,0.43,0.74,0.48,0.40,0.32,0.38,0.45,0.33,0.44,0.23,0.58,0.63,0.57,0.43,0.57,0.55,0.50,0.80,0.40,0.40,0.50,0.53,0.55,0.37,0.20,0.54,0.58,0.80,0.68,0.68,0.68,0.62,0.74,0.46,0.47,0.44,0.40,0.58,0.43,0.60,0.48,0.41,0.38,0.42,0.43,0.53,0.47,0.53,0.43,0.65,0.95,0.75,0.47,0.53,0.67,0.35,0.60,0.70,0.95,0.57,0.47,0.73,0.35,0.73,0.55,0.40,0.60,0.40,0.42,0.55,0.30,0.67,1.56,0.34,0.20,,,,,,,,,,,,,,,,,,,,,,,,,,,,,,0.58,0.50,0.40,0.50,0.27,0.45,0.72,0.60,0.37,0.60,0.57,0.30,0.60,0.50,,0.25,0.45,0.60,0.60,0.55,0.70,0.40,0.50,0.55,0.55,0.35,0.50,0.37,0.27,0.23,0.53,0.60,0.35,0.50,0.30,0.50,0.20,0.47,0.42,0.40,0.55,0.45,0.35,0.55,0.64,0.30,0.42,0.30,0.45,0.23,0.37,1.07,0.40,0.40,0.65,0.50,0.67,1.07,0.35,0.32,0.20,0.55,0.55,0.50,0.48,0.37,0.45,0.43,0.44,0.47,0.50,0.30,0.45,0.63,0.72,0.73,0.65,0.60,0.57,0.70,0.57,0.60,0.87,0.45,1.00,0.50,0.57,0.55,0.25,0.40,0.40,0.53,0.60,0.73,0.43,0.55,0.47,0.80,0.65,0.50,0.60,0.55,0.60,0.65,0.65,0.50,0.42,0.55,0.65,0.40,0.20,,0.25,0.55,0.57,0.57,0.45,0.50,0.35,0.80,,0.65,0.40,0.50,0.50,0.65,0.50,0.40,0.10,0.20,0.70,0.35,0.45,0.50,0.40,0.35,0.20,0.40,0.30,,0.25,0.45,0.60,0.30,0.50,0.80,0.55,0.35,0.20,0.40,0.50,,0.35,,0.35,,0.25,0.60,0.30,0.20,0.40,0.30,0.20,0.30,0.40,0.30,0.25,0.50,0.10,0.25,0.40,0.65,0.15,0.40,0.30,0.55,0.50,0.10,0.30,0.25,,,,0.40,,
20260620,1,AQI,27,36,43,36,32,24,45,23,33,40,31,41,45,24,26,37,20,39,55,9,17,21,17,23,20,25,24,21,22,22,21,23,24,11,13,20,10,7,11,26,23,18,12,19,19,20,23,17,37,21,35,21,15,20,17,17,19,27,29,14,16,24,26,27,35,43,28,31,36,25,48,19,25,37,20,15,27,22,32,28,20,30,17,14,46,31,54,56,17,16,22,31,55,19,21,24,13,16,29,26,16,30,17,24,26,31,23,35,15,30,29,23,61,35,36,26,40,34,40,36,55,26,38,19,21,20,21,37,30,27,22,39,18,25,23,20,10,12,38,24,33,51,30,45,31,29,55,31,25,22,51,31,17,19,24,28,50,38,40,107,,,,,,,,,,,,,,,,,,,,,,,,,,,,,,26,20,19,20,23,28,28,31,53,60,38,27,56,27,,24,65,31,36,29,39,39,32,26,36,36,70,22,23,31,29,34,31,24,24,46,16,20,21,19,11,17,13,21,21,27,26,18,14,15,22,19,24,14,13,16,17,21,16,18,19,24,28,30,33,36,23,23,23,25,31,21,19,24,28,18,19,26,19,11,23,18,34,11,23,16,12,12,15,12,41,31,25,31,31,11,18,9,43,37,28,37,25,24,38,34,24,34,36,43,20,,12,18,29,37,24,23,16,33,,13,17,30,15,31,21,15,14,20,25,14,34,11,22,33,45,55,35,,43,10,34,26,24,22,77,33,29,31,37,,34,,32,,24,29,34,42,22,30,,38,38,67,33,53,28,41,38,36,40,51,29,41,38,43,36,35,,,,25,,
20260620,1,PM2.5,18,24,26,25,13,15,29,14,15,28,21,29,23,9,5,25,14,27,30,6,4,3,3,4,14,6,3,3,5,10,8,3,9,3,3,11,5,3,3,12,9,7,5,6,8,10,13,12,26,4,23,12,9,9,5,5,10,7,7,6,6,11,15,14,21,30,13,18,5,11,18,13,7,18,8,8,9,9,15,5,14,19,11,7,32,18,38,40,5,9,9,22,39,7,15,16,4,9,15,13,11,8,6,10,11,13,12,12,6,21,20,12,36,12,16,18,26,22,28,22,39,13,22,3,3,3,15,12,21,17,15,27,11,17,3,4,7,8,13,15,14,36,19,24,15,20,39,22,15,12,26,17,5,13,7,10,13,11,23,75,,,,,,,,,,,,,,,,,,,,,,,,,,,,,,6,12,10,12,9,7,18,13,21,17,24,11,9,8,,3,23,22,25,20,27,27,20,15,11,25,51,9,14,22,20,9,17,7,9,31,9,14,15,13,3,6,3,13,13,19,3,10,3,3,9,10,10,9,9,11,8,4,8,5,6,6,5,14,22,14,14,16,13,9,17,10,6,9,12,4,11,8,8,3,3,6,6,8,6,4,5,3,3,3,11,11,11,22,20,6,8,3,30,11,18,26,17,15,20,24,7,24,25,24,10,,7,9,20,26,3,9,3,23,,8,12,8,3,13,14,7,9,9,11,6,17,8,9,3,3,9,6,,3,6,24,10,10,13,49,16,7,12,10,,16,,12,,7,18,18,11,8,6,,7,11,45,13,25,12,23,19,,24,23,18,12,21,3,14,12,,,,11,,
20260620,1,PM2.5_24h,46,42,25,34,19,15,37,31,35,54,28,21,18,16,16,19,12,17,24,13,16,13,9,4,26,14,13,20,17,14,10,5,19,10,5,9,9,16,10,9,8,8,7,4,5,8,11,7,29,4,16,8,7,10,6,7,10,9,7,8,8,10,12,13,17,28,9,9,6,16,20,15,18,11,4,6,15,15,13,19,18,21,10,12,25,24,42,34,22,6,6,24,33,3,7,19,9,10,15,14,9,8,11,11,11,13,12,8,5,19,16,9,17,20,34,16,17,17,28,17,20,13,31,8,8,3,14,15,19,14,12,14,9,10,3,7,6,7,11,10,16,26,19,13,12,13,34,18,10,9,21,15,9,11,21,14,19,23,8,32,,,,,,,,,,,,,,,,,,,,,,,,,,,,,,9,16,9,9,13,16,11,17,8,22,32,17,15,13,,9,24,25,17,16,33,22,10,12,10,29,46,11,13,15,14,19,17,12,13,22,12,15,20,20,3,2,3,19,20,20,8,18,3,9,8,11,8,7,10,7,8,5,6,5,4,4,4,8,21,14,16,12,14,7,19,10,4,6,11,4,8,5,6,6,5,8,5,9,19,4,4,4,2,5,11,13,14,21,16,17,10,4,11,13,9,32,16,16,18,19,16,22,17,19,9,,8,13,12,18,4,11,7,19,,7,11,15,6,11,12,5,8,9,9,5,12,10,8,4,7,3,8,,4,6,16,13,7,11,21,14,15,18,10,,10,,14,,16,13,7,10,8,9,2,7,17,29,10,120,8,12,7,51,18,14,27,14,11,4,6,13,,,,9,,
20260620,1,PM10,27,36,43,36,32,18,45,23,33,40,31,38,45,14,7,37,16,39,59,8,9,6,7,13,18,15,6,5,7,10,10,8,9,7,13,20,8,7,7,26,23,18,12,19,12,20,23,16,29,6,35,18,15,20,17,17,19,27,29,14,16,24,26,27,35,38,28,31,8,25,48,11,24,37,20,15,27,19,32,12,,30,17,10,35,31,45,43,14,16,22,24,36,9,20,24,10,16,29,26,16,30,17,24,26,31,23,35,9,,24,23,72,35,21,24,40,34,38,36,58,26,38,8,9,7,21,18,30,27,21,33,18,25,10,15,10,12,38,24,33,52,30,45,31,29,44,29,25,22,51,31,17,19,23,17,50,38,40,164,,,,,,,,,,,,,,,,,,,,,,,,,,,,,,14,,19,20,20,14,28,20,55,70,38,27,61,24,,6,80,25,30,28,39,36,32,26,36,33,39,21,18,30,25,34,31,12,24,46,,19,19,14,7,14,9,,19,25,6,18,8,15,22,19,24,14,12,16,17,21,8,18,19,24,28,30,33,36,22,17,14,19,31,16,19,24,20,17,19,26,12,,11,18,34,10,11,13,12,12,15,12,41,31,25,31,31,6,18,8,34,37,25,35,25,24,38,34,24,31,,43,20,,12,12,24,35,24,23,13,,,13,10,30,9,31,21,15,9,20,25,7,34,11,17,10,6,60,7,,12,10,28,26,24,22,103,33,,,37,,34,,32,,24,20,,28,22,25,,24,38,83,33,56,,41,38,36,40,51,27,41,38,28,36,35,,,,25,,
20260620,1,PM10_24h,68,64,43,54,50,19,63,40,60,65,40,44,33,22,18,31,17,25,45,16,18,17,12,8,29,20,18,20,17,13,11,8,20,14,16,21,12,20,15,19,21,20,9,16,7,20,22,8,39,5,18,13,15,17,17,17,14,15,19,14,16,16,24,23,27,34,23,19,10,27,37,21,44,27,12,11,17,26,24,31,23,29,17,15,32,31,56,48,31,13,18,31,40,4,8,32,16,20,27,29,17,22,16,25,19,24,24,23,12,17,28,17,38,33,45,23,27,29,36,26,31,23,49,11,15,9,19,18,17,20,16,22,15,14,13,12,8,16,34,19,33,34,25,27,26,25,35,28,17,16,30,24,21,21,30,46,36,36,23,82,,,,,,,,,,,,,,,,,,,,,,,,,,,,,,16,16,18,21,28,20,17,29,25,61,54,28,46,27,,15,63,38,28,31,39,29,22,23,31,35,40,21,21,31,19,23,23,16,25,31,13,17,21,27,11,8,9,17,28,27,8,15,6,13,20,21,19,13,18,12,18,21,11,15,19,19,26,19,21,27,23,10,10,14,27,20,23,16,15,13,14,11,9,9,10,17,14,13,25,8,8,14,11,14,24,32,29,28,23,23,14,8,27,37,23,33,17,24,31,22,29,27,21,25,26,,16,17,18,25,12,17,15,22,,12,10,24,12,29,13,11,12,13,22,8,24,17,15,11,41,11,14,,12,10,26,23,17,20,45,27,30,25,35,,25,,31,,30,23,15,20,19,26,11,16,41,81,26,408,14,29,29,100,34,45,68,34,31,28,27,40,,,,19,,
20260620,1,SO2,2,5,3,5,6,3,3,4,3,3,5,4,5,6,8,5,7,5,7,6,5,5,4,5,7,5,5,5,5,9,7,7,5,6,5,5,6,5,5,6,6,3,4,5,7,4,2,10,5,6,3,4,6,5,5,6,5,5,5,3,4,7,3,4,10,4,7,4,5,5,12,9,5,5,6,6,5,7,6,5,6,8,2,8,9,6,8,10,8,5,5,5,6,9,4,8,10,5,6,4,7,6,5,4,5,4,4,6,6,4,7,10,8,9,12,5,8,7,7,10,4,6,6,5,6,3,8,2,7,6,5,9,8,7,3,7,7,4,3,5,2,8,9,26,3,11,4,6,2,5,5,7,3,7,7,8,7,14,6,4,,,,,,,,,,,,,,,,,,,,,,,,,,,,,,5,2,4,4,4,8,4,5,6,8,8,5,9,5,,7,10,7,8,10,5,4,8,12,10,2,5,8,9,5,8,6,4,8,7,15,7,5,6,5,8,8,4,8,5,5,5,3,3,6,5,6,3,4,6,9,8,6,4,2,8,2,4,10,6,7,4,3,4,6,4,4,5,8,6,7,7,4,5,6,3,5,10,7,4,5,4,5,5,3,10,5,3,6,4,7,13,5,6,2,7,9,10,5,6,7,5,7,8,4,3,,6,6,4,7,3,6,4,2,,4,5,9,8,5,8,2,3,4,7,5,6,4,8,7,6,7,3,,4,4,4,9,4,7,4,10,8,6,8,,5,,9,,4,9,8,10,10,14,,18,7,6,7,6,4,8,6,2,6,3,4,8,3,7,6,6,,,,5,,
20260620,1,SO2_24h,3,6,2,8,7,4,3,4,3,3,6,5,3,9,8,7,7,5,6,6,5,6,4,5,7,6,5,6,4,9,7,7,6,6,5,5,6,6,5,6,6,4,4,5,8,4,2,7,5,6,3,4,5,5,5,5,5,5,5,3,5,7,3,4,9,5,8,5,5,5,11,13,7,5,7,6,7,7,6,5,6,7,3,9,10,7,11,10,9,5,5,5,8,7,4,8,8,6,6,4,7,6,6,4,4,5,6,5,5,4,8,11,6,11,10,5,9,7,5,6,4,6,5,5,7,3,8,3,6,6,4,8,8,7,3,7,7,5,2,5,2,8,11,14,4,11,4,6,3,4,6,6,2,7,7,9,12,12,6,4,,,,,,,,,,,,,,,,,,,,,,,,,,,,,,5,2,4,4,5,9,4,6,4,18,9,6,11,5,,7,10,6,7,11,6,5,8,11,10,2,4,8,9,5,8,6,4,8,7,12,5,6,7,5,9,7,4,9,5,4,5,4,4,6,5,8,3,4,6,4,10,8,5,2,7,2,4,7,5,7,4,3,4,6,3,4,5,8,6,6,7,4,5,6,3,5,9,5,4,5,4,5,5,3,8,5,3,5,4,9,12,5,6,6,6,10,10,4,7,8,6,7,8,4,3,,6,8,7,10,3,6,4,4,,4,5,9,9,5,8,4,4,4,8,6,6,5,8,7,6,7,4,,5,6,6,10,5,7,16,9,9,7,6,,5,,9,,4,10,7,10,10,14,6,20,9,6,7,6,6,9,5,4,8,3,4,6,4,7,8,9,,,,4,,
20260620,1,NO2,11,12,14,11,6,10,13,10,10,12,18,26,24,14,3,45,10,37,56,13,8,6,12,9,11,2,5,4,10,3,6,3,7,4,7,9,6,14,7,5,18,14,8,11,6,9,9,11,17,12,9,9,9,12,5,2,7,2,6,5,6,6,7,4,22,16,12,27,10,20,12,14,4,42,11,9,4,7,18,3,12,21,8,16,26,6,26,18,13,20,21,10,14,12,15,15,10,4,9,4,11,2,11,2,10,9,5,7,6,18,13,14,28,25,11,12,38,25,21,24,10,14,13,7,5,12,12,1,13,5,13,21,13,8,5,2,10,6,3,8,8,15,18,23,21,15,18,18,18,14,30,21,12,12,11,6,12,19,19,30,,,,,,,,,,,,,,,,,,,,,,,,,,,,,,6,4,4,13,7,9,12,9,27,4,9,11,5,4,,6,6,9,50,33,6,48,58,16,13,7,6,5,6,10,7,11,6,16,10,43,2,12,8,6,17,8,2,2,7,3,4,5,7,5,9,12,12,4,10,11,13,10,1,2,4,10,3,13,9,14,10,5,10,8,7,9,4,12,10,9,9,8,6,9,6,4,7,8,5,3,6,5,6,8,20,9,7,18,7,10,6,13,12,18,6,15,18,10,14,15,28,8,26,15,4,,12,7,7,8,7,12,3,8,,7,5,16,5,6,6,5,3,6,4,7,9,9,7,5,2,3,6,,1,6,14,16,7,14,4,12,7,10,33,,17,,4,,11,9,2,1,9,1,,2,6,9,21,22,7,33,13,5,20,18,3,12,8,4,16,8,,,,4,,
20260620,1,NO2_24h,15,18,11,15,14,9,15,14,14,19,16,18,9,13,9,20,10,17,24,14,10,12,12,9,11,11,14,11,20,7,8,4,8,11,9,10,8,12,12,6,18,13,13,8,8,8,8,6,15,9,8,9,5,13,7,2,10,3,7,11,7,9,7,4,14,13,9,14,10,9,15,13,12,14,7,6,13,14,11,10,12,12,7,13,21,9,22,16,14,10,12,9,12,10,10,17,12,6,8,4,9,3,10,1,12,8,10,7,6,13,14,7,12,14,10,10,20,13,15,15,12,11,9,8,7,11,8,6,10,6,8,9,10,7,8,3,7,7,3,7,7,7,13,13,14,10,12,11,8,11,12,12,9,7,14,9,15,16,8,8,,,,,,,,,,,,,,,,,,,,,,,,,,,,,,6,5,6,8,9,6,6,11,15,14,11,8,8,9,,8,5,10,12,20,8,20,27,12,12,6,9,10,9,11,7,10,8,12,11,21,4,11,9,7,11,7,3,10,10,3,6,7,7,5,8,11,8,4,8,7,11,9,2,3,4,6,3,9,7,9,11,4,9,4,8,9,7,6,8,9,6,3,7,6,5,5,4,4,8,4,4,8,4,8,14,6,5,13,8,10,8,9,7,11,7,13,15,8,14,10,19,8,12,8,4,,17,8,9,6,6,8,6,8,,5,5,10,7,6,6,6,3,7,5,7,7,9,8,6,2,3,7,,2,7,11,11,7,8,10,12,11,10,14,,10,,6,,13,7,3,2,5,2,12,2,11,11,13,10,9,14,10,11,9,13,11,14,3,8,11,8,,,,3,,
20260620,1,O3,58,79,51,54,80,76,61,69,74,83,57,50,40,76,83,24,59,37,58,29,53,68,54,75,56,81,76,67,70,69,68,73,77,35,36,38,33,22,34,38,31,18,29,6,62,27,24,23,59,67,82,67,26,22,32,42,27,35,29,37,31,37,53,65,32,73,29,15,116,65,99,60,81,74,23,26,77,70,38,91,45,61,26,45,50,77,41,72,55,39,42,53,60,61,50,52,41,30,47,58,4,39,21,45,30,22,22,31,49,37,72,53,58,43,116,44,10,24,61,27,111,33,102,62,68,65,64,119,64,71,69,41,35,73,75,64,26,27,79,38,70,63,36,29,37,60,73,30,28,35,60,53,54,55,78,91,92,53,90,29,,,,,,,,,,,,,,,,,,,,,,,,,,,,,,83,65,26,39,75,91,63,98,86,77,84,44,72,86,,78,85,86,33,26,104,30,11,18,31,112,119,71,73,60,59,37,75,76,46,76,51,56,58,58,35,55,40,66,66,57,83,53,46,28,24,8,4,25,30,29,11,34,52,49,42,9,33,16,67,60,72,71,75,81,55,67,52,37,88,58,54,59,61,34,74,28,33,31,75,51,37,34,23,4,3,57,66,8,40,34,38,14,29,10,88,47,42,71,75,34,11,31,11,52,50,,32,57,76,52,26,30,51,32,,22,31,56,48,36,35,42,46,37,28,44,16,34,69,107,144,141,113,,137,27,47,76,19,40,96,58,94,100,46,,104,,94,,59,93,109,135,70,95,,122,84,79,70,85,89,63,74,82,72,67,94,95,56,138,98,106,,,,50,,
20260620,1,O3_24h,58,79,51,54,80,76,61,69,74,83,57,50,40,76,83,24,59,37,58,29,53,68,54,75,56,81,76,67,70,69,68,73,77,35,36,38,33,22,34,38,31,18,29,6,62,27,24,23,59,67,82,67,26,22,32,42,27,35,29,37,31,37,53,65,32,73,29,15,116,65,99,60,81,74,23,26,77,70,38,91,45,61,26,45,50,77,41,72,55,39,42,53,60,61,50,52,41,30,47,58,4,39,21,45,30,22,22,31,49,37,72,53,58,43,116,44,10,24,61,27,111,33,102,62,68,65,64,119,64,71,69,41,35,73,75,64,26,27,79,38,70,63,36,29,37,60,73,30,28,35,60,53,54,55,78,91,92,53,90,29,,,,,,,,,,,,,,,,,,,,,,,,,,,,,,83,65,26,39,75,91,63,98,86,77,84,44,72,86,,78,85,86,33,26,104,30,11,18,31,112,119,71,73,60,59,37,75,76,46,76,51,56,58,58,35,55,40,66,66,57,83,53,46,28,24,8,4,25,30,29,11,34,52,49,42,9,33,16,67,60,72,71,75,81,55,67,52,37,88,58,54,59,61,34,74,28,33,31,75,51,37,34,23,4,3,57,66,8,40,34,38,14,29,10,88,47,42,71,75,34,11,31,11,52,50,,32,57,76,52,26,30,51,32,,22,31,56,48,36,35,42,46,37,28,44,16,34,69,107,144,141,113,,137,27,47,76,19,40,96,58,94,100,46,,104,,94,,59,93,109,135,70,95,,122,84,79,70,85,89,63,74,82,72,67,94,95,56,138,98,106,,,,50,,
20260620,1,O3_8h,85,,,,,,,,,,,,,,,,,,,,,,,,,,,,,,,,,,,,,,,,,,,,,,,,,,,,,,,,,,,,,,,,,,,,,,,,,,,,,,,,,,,,,,,,,,,,,,,,,,,,,,,,,,,,,,,,,,,,,,,,,,,,,,,99,,,,,,,,,,,,,,,,,,,,,,,,,,,,,,,,,,,,,,,,,,,,,,,,,,,,,,,,,,,,,,,,,,,,,,,,,,,,,,,,,,,,,,,,,,,,,,,,,,58,,,,,,,,,,,,,,,,,,,,,,,,,,,,,,,,,,,,,,,,,,,,,,,,,,,,,,,,,,,,,,,,,,,,,,,,,,,,,,,100,,,,,,,,,,,,,,,,,,,,,,,,,,,,,,,,,,,,,,,,,,,,,,,124,,,,,,121,,,88,,,,,,,,,,,,,,
20260620,1,O3_8h_24h,,,,,,,,,,,,,,,,,,,,,,,,,,,,,,,,,,,,,,,,,,,,,,,,,,,,,,,,,,,,,,,,,,,,,,,,,,,,,,,,,,,,,,,,,,,,,,,,,,,,,,,,,,,,,,,,,,,,,,,,,,,,,,,,,,,,,,,,,,,,,,,,,,,,,,,,,,,,,,,,,,,,,,,,,,,,,,,,,,,,,,,,,,,,,,,,,,,,,,,,,,,,,,,,,,,,,,,,,,,,,,,,,,,,,,,,,,,,,,,,,,,,,,,,,,,,,,,,,,,,,,,,,,,,,,,,,,,,,,,,,,,,,,,,,,,,,,,,,,,,,,,,,,,,,,,,,,,,,,,,,,,,,,,,,,,,,,,,,,,,,,,,,,,,,,,,,,,,,,,,,,,,,,,,,,,,,,,
20260620,1,CO,0.48,0.56,0.44,0.32,0.20,0.30,0.37,0.33,0.35,0.38,0.40,0.38,1.05,0.32,0.32,0.71,0.62,0.49,0.83,0.38,0.38,0.63,0.72,0.39,0.28,0.56,0.57,0.51,0.40,0.50,0.96,0.40,0.35,0.52,0.37,0.43,0.41,0.45,0.40,0.43,0.55,0.53,0.30,0.45,0.64,0.30,0.28,0.57,0.33,0.40,0.47,0.62,0.59,0.44,0.49,0.53,0.40,0.25,0.43,0.43,0.53,0.40,0.57,0.35,0.68,0.65,0.63,0.68,0.23,0.56,0.60,0.40,0.25,0.45,0.43,0.52,0.23,0.52,0.50,0.45,0.33,0.43,0.47,0.27,0.60,0.37,0.54,0.48,0.42,0.33,0.38,0.40,0.32,0.46,0.23,0.42,0.57,0.53,0.40,0.57,0.60,0.50,0.70,0.37,0.50,0.40,0.40,0.55,0.30,0.20,0.64,0.65,1.15,0.50,0.60,0.60,0.62,0.56,0.50,0.50,0.56,0.40,0.45,0.40,0.57,0.52,0.43,0.27,0.42,0.37,0.52,0.53,0.50,0.50,0.57,0.90,0.70,0.43,0.50,0.76,0.35,0.65,0.72,0.85,0.60,0.50,0.83,0.45,0.83,0.63,0.53,0.70,0.40,0.48,0.60,0.20,0.70,0.60,0.50,0.30,,,,,,,,,,,,,,,,,,,,,,,,,,,,,,0.50,0.40,0.40,0.63,0.23,0.25,0.78,0.50,0.47,0.30,0.47,0.40,0.40,0.38,,0.20,0.45,0.55,0.60,0.50,0.67,0.43,0.50,0.60,0.60,0.35,0.45,0.33,0.27,0.35,0.40,0.60,0.30,0.47,0.25,0.45,0.20,0.37,0.30,0.20,0.50,0.63,0.30,0.35,0.46,0.20,0.35,0.20,0.55,0.27,0.37,0.63,0.45,0.35,0.55,0.40,0.77,0.93,0.30,0.32,0.20,0.60,0.57,0.50,0.60,0.43,0.45,0.47,0.38,0.52,0.50,0.27,0.47,0.77,0.68,0.83,0.70,0.60,0.63,0.80,0.60,0.50,1.48,0.40,0.90,0.50,0.63,0.50,0.25,0.50,0.40,0.53,0.53,0.73,0.47,0.40,0.33,0.90,0.80,0.50,0.63,0.55,0.60,0.65,0.70,0.60,0.38,0.60,0.75,0.40,0.20,,0.25,0.60,0.47,0.60,0.50,0.55,0.30,0.60,,0.65,0.45,0.50,0.50,0.65,0.35,0.50,0.10,0.20,0.50,0.35,0.50,0.50,0.50,0.35,0.20,0.35,0.30,,0.25,0.40,0.53,0.27,0.40,0.80,0.25,0.30,0.20,0.40,0.55,,0.40,,0.30,,0.25,0.50,0.40,0.20,0.40,0.30,,0.30,0.27,0.40,0.35,0.60,,0.40,0.40,0.60,0.15,0.45,0.25,0.45,0.70,0.10,0.35,0.25,,,,0.45,,
20260620,1,CO_24h,0.73,0.72,0.44,0.69,0.25,0.37,0.43,0.43,0.60,0.60,0.45,0.40,0.45,0.50,0.48,0.74,0.60,0.45,0.58,0.41,0.43,0.66,0.55,0.34,0.38,0.80,0.57,0.61,0.56,0.63,0.98,0.44,0.50,0.62,0.46,0.43,0.47,0.50,0.50,0.43,0.55,0.50,0.40,0.45,0.62,0.30,0.28,0.57,0.37,0.41,0.44,0.63,0.50,0.47,0.50,0.50,0.40,0.25,0.43,0.43,0.57,0.40,0.59,0.35,0.62,0.62,0.57,0.55,0.27,0.56,0.70,0.50,0.36,0.31,0.42,0.50,0.46,0.54,0.52,0.50,0.37,0.45,0.47,0.36,0.64,0.43,0.74,0.47,0.38,0.32,0.37,0.45,0.33,0.44,0.23,0.58,0.63,0.57,0.43,0.57,0.55,0.50,0.80,0.40,0.40,0.50,0.50,0.55,0.37,0.20,0.54,0.58,0.85,0.64,0.68,0.66,0.62,0.72,0.44,0.47,0.42,0.40,0.58,0.43,0.60,0.48,0.40,0.35,0.42,0.43,0.53,0.47,0.53,0.43,0.68,0.95,0.75,0.47,0.50,0.67,0.35,0.60,0.70,0.95,0.57,0.50,0.73,0.35,0.75,0.55,0.40,0.60,0.40,0.42,0.55,0.20,0.67,1.50,0.34,0.20,,,,,,,,,,,,,,,,,,,,,,,,,,,,,,0.58,0.50,0.40,0.50,0.27,0.45,0.75,0.60,0.37,0.60,0.57,0.30,0.60,0.50,,0.25,0.45,0.57,0.60,0.55,0.70,0.40,0.50,0.55,0.55,0.35,0.50,0.37,0.27,0.23,0.53,0.60,0.30,0.50,0.30,0.50,0.20,0.45,0.42,0.35,0.55,0.45,0.30,0.50,0.64,0.27,0.42,0.30,0.45,0.23,0.37,1.07,0.40,0.40,0.65,0.47,0.77,1.05,0.30,0.34,0.20,0.55,0.55,0.50,0.50,0.35,0.45,0.45,0.44,0.47,0.50,0.30,0.45,0.63,0.72,0.77,0.65,0.60,0.60,0.70,0.57,0.55,0.88,0.45,1.00,0.50,0.57,0.50,0.25,0.40,0.40,0.53,0.60,0.73,0.43,0.55,0.43,0.80,0.65,0.50,0.60,0.55,0.60,0.65,0.70,0.53,0.42,0.55,0.65,0.40,0.20,,0.25,0.60,0.57,0.57,0.45,0.50,0.35,0.60,,0.65,0.40,0.50,0.50,0.65,0.45,0.40,0.10,0.20,0.65,0.35,0.50,0.45,0.40,0.35,0.20,0.40,0.30,,0.25,0.45,0.60,0.30,0.50,0.80,0.55,0.35,0.20,0.40,0.50,,0.35,,0.30,,0.25,0.60,0.30,0.20,0.40,0.30,0.20,0.30,0.40,0.30,0.25,0.50,0.10,0.25,0.40,0.65,0.15,0.40,0.30,0.55,0.50,0.10,0.30,0.25,,,,0.40,,
20260620,2,AQI,27,40,40,43,29,26,41,21,35,39,33,47,47,22,26,35,24,41,51,10,17,21,16,18,26,25,22,21,23,21,22,22,26,9,14,21,9,8,11,25,23,17,11,12,21,21,22,17,41,23,34,19,17,19,17,17,19,17,23,13,16,24,28,25,36,43,31,26,34,27,46,20,32,44,19,14,29,30,28,27,27,23,17,20,47,23,61,56,19,57,21,34,56,16,19,24,13,16,28,27,23,26,21,25,26,32,24,32,15,29,24,26,59,34,32,23,39,34,44,34,52,31,32,18,20,23,20,31,31,31,27,35,17,29,24,18,10,12,32,23,29,50,29,51,33,35,66,37,21,23,50,34,22,20,30,28,54,42,52,100,,,,,,,,,,,,,,,,,,,,,,,,,,,,,,19,20,21,27,21,23,28,25,51,56,37,24,44,25,,27,65,34,36,30,43,40,30,28,30,41,65,23,23,34,26,28,29,21,22,50,18,23,26,21,14,16,14,23,20,29,27,17,18,12,21,24,22,11,20,17,18,20,17,16,19,23,23,29,31,38,26,22,25,23,27,21,22,22,24,20,18,24,11,10,18,19,25,15,22,15,12,11,9,16,41,32,29,34,24,11,17,10,36,30,33,36,27,24,40,36,27,36,33,32,20,,14,23,26,36,23,24,14,24,,14,12,41,15,30,19,13,14,16,21,13,37,13,22,31,42,48,33,,42,9,32,22,25,24,70,24,23,32,39,,32,,30,,28,28,34,41,27,28,,34,29,67,42,47,24,35,35,40,41,51,30,30,29,41,36,56,,,,25,,
20260620,2,PM2.5,17,28,28,30,10,13,23,14,10,27,23,26,20,8,8,23,17,28,30,5,5,3,3,4,18,5,3,3,8,10,9,5,10,3,3,12,5,3,3,12,9,4,6,4,10,10,13,12,29,5,23,10,9,8,5,6,10,7,7,5,6,11,14,13,20,30,16,15,4,12,23,14,7,18,6,7,10,8,17,6,18,15,11,11,33,16,44,40,13,13,10,24,40,6,13,17,5,9,15,13,13,9,9,10,11,12,11,10,5,20,12,10,29,14,17,16,25,23,31,21,36,12,22,3,3,3,14,11,22,17,18,23,10,17,3,3,6,6,9,14,12,35,18,27,16,21,48,24,15,12,30,17,6,13,15,12,13,14,21,67,,,,,,,,,,,,,,,,,,,,,,,,,,,,,,8,10,12,13,6,8,17,15,21,10,21,14,10,6,,6,23,21,22,21,30,28,16,16,11,29,47,8,11,24,18,14,17,10,11,32,7,16,18,15,4,10,3,16,11,20,3,12,3,3,10,9,11,8,9,12,7,4,6,7,5,6,5,12,22,20,13,14,12,13,19,10,7,8,12,4,10,3,6,3,5,13,6,9,3,4,6,6,3,3,15,11,15,24,15,6,6,3,25,9,18,25,19,16,28,25,6,25,23,22,8,,9,3,18,25,3,13,3,17,,9,7,16,3,13,13,3,8,11,9,3,15,6,5,3,3,14,3,,3,6,22,7,10,12,47,17,9,12,10,,14,,12,,10,12,18,10,9,6,,8,10,36,13,19,9,18,14,,21,22,17,8,20,3,7,16,,,,12,,
20260620,2,PM2.5_24h,44,41,24,34,19,14,36,29,34,52,27,21,17,15,16,19,12,18,24,12,13,12,9,3,25,12,12,19,16,13,10,5,19,9,5,9,8,14,9,9,8,8,7,4,4,8,11,7,28,4,16,8,8,10,6,7,10,9,8,7,8,9,12,13,17,28,9,10,6,16,20,15,18,11,4,6,14,14,13,18,18,21,10,12,25,23,41,34,21,7,6,24,33,3,7,18,8,9,15,14,10,8,11,11,11,12,12,8,5,19,16,9,18,19,33,16,17,17,27,17,20,13,31,8,8,3,14,14,18,14,12,14,9,10,2,6,5,7,11,10,16,27,19,13,12,13,36,19,10,9,21,15,9,11,20,14,18,23,9,34,,,,,,,,,,,,,,,,,,,,,,,,,,,,,,8,14,9,8,12,14,12,17,9,22,32,18,15,13,,9,25,25,17,15,33,21,10,13,10,29,46,11,13,15,14,19,17,12,13,23,12,14,18,19,2,2,3,17,18,19,6,17,3,8,9,11,8,7,10,7,8,5,6,5,4,4,4,9,21,13,15,12,13,8,18,10,5,6,10,4,8,4,6,6,5,8,5,9,19,4,5,4,3,4,11,13,14,22,17,17,10,4,12,13,10,32,16,16,18,19,16,22,17,19,9,,8,12,13,19,4,11,7,19,,7,11,15,6,11,12,5,8,9,9,5,12,9,8,4,7,3,8,,4,6,16,13,7,11,22,14,15,18,11,,10,,14,,15,13,8,10,8,9,2,7,16,30,10,113,8,12,8,53,18,15,26,14,11,4,6,13,,,,9,,
20260620,2,PM10,27,40,40,41,29,14,41,19,35,34,33,47,47,14,12,35,20,41,52,8,11,6,8,9,17,9,6,5,9,11,14,10,10,7,14,21,9,7,7,25,23,17,11,12,12,21,22,16,34,7,34,17,17,19,17,17,19,17,23,13,16,24,28,25,36,38,31,26,8,27,46,17,32,44,19,14,29,30,28,12,27,23,17,20,29,20,47,43,11,63,21,30,39,7,7,24,11,16,28,27,23,26,21,25,26,32,24,32,9,22,22,26,68,34,23,23,39,34,44,34,54,31,32,8,11,6,20,17,28,31,27,35,17,29,9,12,10,12,32,23,29,48,29,52,33,35,,37,21,23,50,34,22,20,30,17,58,42,54,149,,,,,,,,,,,,,,,,,,,,,,,,,,,,,,19,15,21,27,20,16,28,18,51,61,37,24,44,20,,9,79,34,36,27,38,32,30,28,30,38,34,15,23,28,26,28,29,14,22,50,,22,19,18,8,13,7,,14,24,7,17,8,10,21,24,22,10,20,17,18,20,13,14,19,23,23,29,22,38,26,20,14,18,24,18,22,22,17,15,18,8,11,10,12,15,25,15,9,11,12,11,9,16,41,32,29,30,24,11,17,8,32,30,33,36,27,24,35,32,27,32,24,32,15,,14,12,23,35,23,24,13,18,,14,12,41,8,30,19,10,9,13,21,8,37,13,10,7,6,48,6,,13,7,32,18,25,24,89,24,16,,39,,28,,29,,28,21,24,25,27,25,,25,29,83,42,47,11,35,35,40,41,51,30,30,20,15,24,61,,,,25,,
20260620,2,PM10_24h,65,63,42,52,49,18,61,38,59,63,39,43,32,22,18,31,17,26,45,15,16,16,12,8,28,19,17,19,16,13,10,8,18,13,15,21,11,18,14,20,21,20,9,16,5,20,22,8,38,5,18,13,15,17,17,17,14,15,19,13,16,16,24,23,27,34,23,19,10,27,38,21,44,27,13,11,18,26,24,30,23,28,17,14,31,30,54,48,29,13,18,30,39,4,8,30,16,20,27,29,18,22,16,24,19,24,24,23,12,17,27,17,39,30,44,23,28,29,36,26,32,22,48,11,15,9,19,18,17,21,16,23,16,14,13,11,8,16,34,19,33,36,25,28,26,25,36,28,17,16,31,25,22,21,30,46,30,37,24,82,,,,,,,,,,,,,,,,,,,,,,,,,,,,,,16,14,18,21,27,19,18,28,27,62,53,27,46,27,,15,65,37,28,30,38,29,22,23,30,34,41,21,20,28,19,24,23,16,25,33,13,16,19,25,10,8,9,15,26,26,7,14,6,13,20,22,19,13,18,12,18,21,12,15,19,19,27,20,21,27,22,10,9,14,25,19,23,16,15,13,14,11,9,9,10,17,15,13,25,8,8,13,11,13,25,32,29,27,24,23,14,7,27,37,23,34,17,24,31,23,29,27,21,25,25,,16,17,18,25,12,18,15,23,,12,10,24,12,29,14,10,12,13,22,8,24,16,15,10,41,13,14,,12,10,26,22,17,21,47,27,29,24,35,,26,,31,,29,23,16,19,19,26,11,16,41,84,28,377,15,28,30,100,35,46,67,32,30,27,27,40,,,,19,,
20260620,2,SO2,2,5,3,5,6,3,3,5,3,3,8,3,6,6,8,5,8,5,7,6,5,6,4,5,7,5,5,5,5,9,7,7,5,6,5,5,6,5,5,6,6,2,4,5,8,4,2,11,5,6,3,4,5,5,4,5,5,5,5,3,4,8,3,4,9,5,7,5,5,5,13,10,6,5,9,6,6,9,6,4,6,6,2,9,11,7,8,10,8,6,5,4,6,7,5,8,12,5,6,4,8,6,5,4,5,4,3,5,7,4,7,10,7,10,19,5,8,7,5,9,4,6,7,5,6,3,8,2,7,6,5,9,8,,3,7,7,4,2,5,2,9,9,44,4,10,4,6,3,4,5,6,2,6,7,10,5,13,6,4,,,,,,,,,,,,,,,,,,,,,,,,,,,,,,5,2,4,4,4,8,4,5,5,10,8,5,9,4,,7,10,8,7,11,5,4,8,13,10,1,5,7,9,5,7,5,4,9,6,11,7,6,6,5,8,7,4,8,5,5,5,3,4,6,4,6,3,4,6,9,8,6,4,3,8,2,4,12,5,7,4,3,4,6,3,4,5,8,5,5,7,4,5,6,3,5,10,7,4,5,5,5,5,3,9,5,3,6,5,6,13,5,6,2,7,9,11,4,7,7,5,7,8,3,3,,6,5,3,6,3,6,4,2,,4,5,8,8,5,8,2,3,4,7,6,6,5,8,6,6,7,4,,5,4,4,9,4,7,3,10,8,6,8,,5,,9,,4,10,8,9,9,14,,20,6,6,7,5,4,8,3,3,6,3,3,8,3,7,6,6,,,,5,,
20260620,2,SO2_24h,3,6,2,8,7,4,3,4,3,2,6,5,4,9,8,7,7,5,6,6,5,6,4,5,7,6,5,6,4,9,7,7,5,6,5,5,6,6,5,6,6,4,4,5,8,4,2,8,5,6,3,4,5,5,5,5,5,5,5,3,4,7,3,4,9,5,8,5,5,5,12,13,7,5,8,6,7,7,6,5,6,7,3,9,10,7,10,10,9,5,5,5,7,7,4,8,8,6,6,4,7,6,6,4,4,5,6,5,5,4,8,11,6,11,10,5,9,7,5,6,4,7,6,5,7,3,8,3,6,6,4,8,8,7,3,7,7,5,2,5,2,8,11,15,4,11,4,6,3,4,6,6,2,7,7,9,12,12,6,4,,,,,,,,,,,,,,,,,,,,,,,,,,,,,,5,2,4,4,4,8,4,6,4,18,9,6,11,5,,7,10,6,7,11,6,5,8,10,10,2,4,8,9,5,8,6,4,9,7,12,5,6,7,5,9,7,4,9,5,4,5,4,4,6,5,8,3,4,6,5,10,7,5,2,7,2,4,7,5,7,4,3,4,6,3,4,5,8,7,6,7,4,5,6,3,5,9,5,4,5,4,5,5,3,8,5,3,5,4,9,12,5,6,6,6,10,10,4,7,8,6,7,8,3,3,,6,8,7,9,3,6,4,4,,4,5,9,9,5,8,4,4,4,8,6,6,5,8,7,6,7,4,,5,6,6,9,5,7,16,9,8,7,6,,5,,9,,4,10,7,10,10,14,6,20,9,6,7,6,6,9,5,4,8,3,4,6,4,7,8,8,,,,4,,
20260620,2,NO2,12,13,14,10,8,10,11,8,10,12,16,29,24,15,3,42,13,45,48,10,8,6,12,18,12,2,7,4,8,3,5,4,5,5,11,9,8,15,6,5,20,12,9,9,5,9,8,10,18,9,10,8,8,12,5,2,6,2,5,5,6,6,6,4,18,13,10,24,11,20,9,20,5,35,10,8,3,7,16,4,10,14,7,27,24,6,29,16,13,23,20,13,15,14,18,17,11,4,9,4,10,3,10,1,10,8,8,5,6,16,9,15,27,21,14,14,32,25,18,26,10,16,11,9,8,9,12,3,13,8,10,16,11,9,5,3,8,6,3,8,7,12,16,23,22,15,20,16,15,17,30,17,13,10,21,5,8,18,18,39,,,,,,,,,,,,,,,,,,,,,,,,,,,,,,6,4,5,14,13,15,10,11,33,4,8,11,4,4,,4,5,12,31,29,6,46,44,17,13,8,6,4,7,12,8,12,11,17,9,42,2,10,10,7,10,11,2,2,7,2,4,5,7,3,9,11,13,3,9,11,15,9,2,3,5,11,3,9,8,13,15,7,9,7,7,8,5,10,11,7,8,7,3,7,10,5,7,9,4,3,5,7,4,7,20,8,7,18,8,9,7,6,8,20,6,17,21,10,30,13,26,8,23,12,3,,14,4,5,6,7,12,3,8,,8,6,17,5,6,6,4,2,6,4,6,9,9,6,5,5,3,4,,2,9,14,15,6,8,4,9,13,9,25,,10,,3,,15,6,2,1,5,2,,1,5,10,15,13,12,21,9,5,21,19,3,11,6,5,6,6,,,,6,,
20260620,2,NO2_24h,14,18,11,15,13,9,15,13,14,18,16,18,9,13,8,21,10,19,25,14,10,12,12,9,11,10,13,11,19,7,8,4,8,10,8,10,8,13,11,5,18,12,13,9,7,8,7,7,15,9,8,8,5,12,6,2,9,3,7,9,7,8,7,4,14,13,9,14,10,10,15,13,11,14,7,6,12,14,12,9,12,12,7,13,21,8,22,16,14,11,12,9,12,10,10,17,12,6,9,4,9,3,9,1,12,8,9,6,6,13,14,8,13,14,11,10,20,13,15,16,12,11,9,8,7,11,9,6,11,6,8,9,10,7,8,3,7,7,3,7,7,7,13,14,14,10,13,11,9,11,12,12,9,7,14,8,15,16,9,9,,,,,,,,,,,,,,,,,,,,,,,,,,,,,,5,5,6,9,9,6,7,11,15,14,11,8,7,9,,8,5,10,13,20,8,20,27,12,11,6,9,9,9,10,7,10,8,12,11,22,4,11,9,7,11,7,3,9,9,3,6,7,7,4,8,11,8,4,8,7,11,9,2,3,4,6,3,9,7,9,11,4,9,5,8,9,7,6,8,9,6,3,7,6,6,5,4,4,8,4,4,8,4,7,14,6,5,14,8,10,8,9,7,11,7,13,15,8,15,10,19,8,12,8,4,,16,7,9,6,6,8,5,8,,5,5,10,7,6,6,6,3,7,5,7,7,9,8,6,3,3,7,,2,7,11,11,7,9,10,12,11,9,14,,10,,6,,12,7,2,2,5,2,11,2,11,11,13,10,9,14,10,10,9,13,10,14,3,8,10,8,,,,4,,
20260620,2,O3,52,69,44,52,74,82,59,68,55,77,43,45,34,70,82,22,56,20,59,31,54,68,51,58,50,80,69,66,73,66,70,71,83,30,29,35,26,19,35,37,18,17,27,6,68,25,25,24,51,75,75,62,26,22,32,43,27,39,30,42,33,36,55,67,34,73,34,15,108,58,103,50,77,77,33,28,74,74,36,85,41,70,26,28,64,71,31,65,48,35,46,49,52,52,49,47,40,30,45,58,6,40,20,53,29,22,18,30,49,31,77,42,46,47,102,42,12,20,58,23,107,25,98,58,63,72,62,100,57,61,69,39,38,69,78,56,31,23,76,42,66,52,30,30,32,55,54,23,28,25,58,35,42,54,54,88,97,50,83,14,,,,,,,,,,,,,,,,,,,,,,,,,,,,,,,65,21,32,68,74,59,79,59,75,88,52,66,80,,85,73,78,36,27,104,29,10,14,29,110,114,73,66,59,59,29,56,67,40,77,58,57,57,54,44,51,44,65,65,54,85,51,57,37,24,8,3,27,25,29,9,34,55,50,45,13,34,30,63,61,42,70,80,75,59,68,49,23,78,63,47,77,,29,56,26,31,27,71,49,37,28,26,8,1,59,65,8,37,30,36,33,35,9,84,31,39,66,43,32,9,26,11,,65,,26,74,76,54,21,23,44,30,,13,33,54,49,31,39,41,45,36,27,43,15,31,69,100,135,142,106,,135,26,41,71,16,40,89,71,74,101,47,,102,,96,,54,90,109,131,87,88,,109,80,74,82,96,76,75,77,79,65,61,86,95,57,130,116,94,,,,46,,
20260620,2,O3_24h,52,69,44,52,74,82,59,68,55,77,43,45,34,70,82,22,56,20,59,31,54,68,51,58,50,80,69,66,73,66,70,71,83,30,29,35,26,19,35,37,18,17,27,6,68,25,25,24,51,75,75,62,26,22,32,43,27,39,30,42,33,36,55,67,34,73,34,15,108,58,103,50,77,77,33,28,74,74,36,85,41,70,26,28,64,71,31,65,48,35,46,49,52,52,49,47,40,30,45,58,6,40,20,53,29,22,18,30,49,31,77,42,46,47,102,42,12,20,58,23,107,25,98,58,63,72,62,100,57,61,69,39,38,69,78,56,31,23,76,42,66,52,30,30,32,55,54,23,28,25,58,35,42,54,54,88,97,50,83,14,,,,,,,,,,,,,,,,,,,,,,,,,,,,,,,65,21,32,68,74,59,79,59,75,88,52,66,80,,85,73,78,36,27,104,29,10,14,29,110,114,73,66,59,59,29,56,67,40,77,58,57,57,54,44,51,44,65,65,54,85,51,57,37,24,8,3,27,25,29,9,34,55,50,45,13,34,30,63,61,42,70,80,75,59,68,49,23,78,63,47,77,,29,56,26,31,27,71,49,37,28,26,8,1,59,65,8,37,30,36,33,35,9,84,31,39,66,43,32,9,26,11,,65,,26,74,76,54,21,23,44,30,,13,33,54,49,31,39,41,45,36,27,43,15,31,69,100,135,142,106,,135,26,41,71,16,40,89,71,74,101,47,,102,,96,,54,90,109,131,87,88,,109,80,74,82,96,76,75,77,79,65,61,86,95,57,130,116,94,,,,46,,
20260620,2,O3_8h,85,,,,,,,,,,,,,,,,,,,,,,,,,,,,,,,,,,,,,,,,,,,,,,,,,,,,,,,,,,,,,,,,,,,,,,,,,,,,,,,,,,,,,,,,,,,,,,,,,,,,,,,,,,,,,,,,,,,,,,,,,,,,,,,99,,,,,,,,,,,,,,,,,,,,,,,,,,,,,,,,,,,,,,,,,,,,,,,,,,,,,,,,,,,,,,,,,,,,,,,,,,,,,,,,,,,,,,,,,,,,,,,,,,58,,,,,,,,,,,,,,,,,,,,,,,,,,,,,,,,,,,,,,,,,,,,,,,,,,,,,,,,,,,,,,,,,,,,,,,,,,,,,,,100,,,,,,,,,,,,,,,,,,,,,,,,,,,,,,,,,,,,,,,,,,,,,,,124,,,,,,121,,,88,,,,,,,,,,,,,,
20260620,2,O3_8h_24h,,,,,,,,,,,,,,,,,,,,,,,,,,,,,,,,,,,,,,,,,,,,,,,,,,,,,,,,,,,,,,,,,,,,,,,,,,,,,,,,,,,,,,,,,,,,,,,,,,,,,,,,,,,,,,,,,,,,,,,,,,,,,,,,,,,,,,,,,,,,,,,,,,,,,,,,,,,,,,,,,,,,,,,,,,,,,,,,,,,,,,,,,,,,,,,,,,,,,,,,,,,,,,,,,,,,,,,,,,,,,,,,,,,,,,,,,,,,,,,,,,,,,,,,,,,,,,,,,,,,,,,,,,,,,,,,,,,,,,,,,,,,,,,,,,,,,,,,,,,,,,,,,,,,,,,,,,,,,,,,,,,,,,,,,,,,,,,,,,,,,,,,,,,,,,,,,,,,,,,,,,,,,,,,,,,,,,,
20260620,2,CO,0.47,0.56,0.38,0.33,0.20,0.33,0.37,0.33,0.35,0.35,0.50,0.35,1.23,0.30,0.32,0.68,0.62,0.53,1.10,0.36,0.39,0.67,0.78,0.40,0.34,0.58,0.59,0.60,0.40,0.50,0.94,0.40,0.35,0.53,0.40,0.43,0.46,0.47,0.40,0.40,0.55,0.60,0.30,0.45,0.62,0.30,0.28,0.57,0.31,0.39,0.47,0.64,0.53,0.43,0.47,0.53,0.40,0.25,0.40,0.43,0.53,0.40,0.56,0.33,0.63,0.63,0.70,0.66,0.25,0.55,0.60,0.50,0.25,0.40,0.50,0.50,0.23,0.44,0.50,0.43,0.33,0.43,0.47,0.28,0.58,0.37,0.54,0.42,0.42,0.33,0.35,0.40,0.32,0.44,0.23,0.44,0.57,0.53,0.37,0.60,0.55,0.50,0.70,0.37,0.50,0.40,0.43,0.55,0.33,0.20,0.54,0.67,1.00,0.52,0.68,0.56,0.63,0.56,0.48,0.48,0.52,0.40,0.42,0.45,0.63,0.52,0.41,0.30,0.42,0.43,0.57,0.57,0.50,0.50,0.55,0.88,0.70,0.47,0.50,0.73,0.35,0.65,0.75,0.82,0.60,0.50,0.83,0.45,0.75,0.60,0.53,0.65,0.40,0.46,0.60,0.20,0.35,0.62,0.44,0.35,,,,,,,,,,,,,,,,,,,,,,,,,,,,,,0.47,0.40,0.40,0.57,0.20,0.25,0.75,0.50,0.50,0.27,0.47,0.40,0.45,0.38,,0.20,0.45,0.55,0.67,0.45,0.67,0.47,0.50,0.70,0.60,0.35,0.40,0.33,0.27,0.23,0.40,0.70,0.40,0.47,0.25,0.45,0.20,0.37,0.28,0.25,0.53,0.65,0.30,0.35,0.46,0.20,0.35,0.17,0.68,0.27,0.37,0.60,0.45,0.30,0.55,0.40,0.70,1.00,0.35,0.32,0.25,0.60,0.55,0.50,0.48,0.38,0.50,0.47,0.36,0.55,0.50,0.20,0.57,0.67,0.70,0.70,0.73,0.60,0.60,0.80,0.60,0.50,0.83,0.40,0.90,0.50,0.60,0.50,0.25,0.40,0.40,0.60,0.55,0.70,0.47,0.45,0.33,0.80,0.75,0.50,0.63,0.55,0.60,0.65,0.70,0.58,0.35,0.65,0.70,0.35,0.20,,0.20,0.45,0.47,0.60,0.50,0.45,0.30,0.60,,0.65,0.40,0.50,0.50,0.65,0.35,0.50,0.10,0.20,0.50,0.35,0.50,0.50,0.45,0.35,0.20,0.40,0.40,,0.30,0.40,0.50,0.27,0.40,0.80,0.25,0.30,0.20,0.40,0.50,,0.40,,0.30,,0.20,0.50,0.40,0.30,0.40,0.30,,0.30,0.23,0.40,0.35,0.50,,0.20,0.45,0.60,0.20,0.45,0.35,0.45,0.60,0.10,0.30,0.20,,,,0.45,,
20260620,2,CO_24h,0.71,0.72,0.44,0.67,0.25,0.37,0.43,0.43,0.55,0.60,0.45,0.40,0.50,0.50,0.48,0.73,0.60,0.45,0.59,0.41,0.42,0.66,0.55,0.34,0.38,0.78,0.57,0.61,0.56,0.62,0.96,0.44,0.47,0.61,0.46,0.43,0.46,0.50,0.50,0.43,0.55,0.50,0.30,0.45,0.60,0.30,0.28,0.57,0.37,0.41,0.45,0.63,0.50,0.47,0.50,0.50,0.40,0.25,0.43,0.43,0.57,0.40,0.59,0.35,0.62,0.61,0.57,0.55,0.27,0.56,0.70,0.55,0.36,0.31,0.45,0.50,0.44,0.54,0.52,0.50,0.37,0.45,0.47,0.34,0.60,0.43,0.74,0.47,0.38,0.32,0.35,0.40,0.33,0.44,0.23,0.57,0.63,0.55,0.43,0.57,0.55,0.50,0.80,0.40,0.40,0.50,0.50,0.55,0.37,0.20,0.54,0.60,0.85,0.58,0.68,0.66,0.58,0.70,0.42,0.47,0.46,0.40,0.57,0.43,0.57,0.48,0.40,0.35,0.40,0.43,0.53,0.47,0.53,0.43,0.68,0.95,0.75,0.47,0.50,0.67,0.35,0.60,0.70,0.92,0.57,0.50,0.73,0.35,0.75,0.55,0.40,0.60,0.40,0.42,0.55,0.20,0.63,1.44,0.36,0.20,,,,,,,,,,,,,,,,,,,,,,,,,,,,,,0.58,0.50,0.40,0.50,0.27,0.40,0.75,0.60,0.37,0.60,0.57,0.30,0.60,0.47,,0.25,0.45,0.55,0.60,0.55,0.70,0.40,0.50,0.55,0.55,0.35,0.50,0.37,0.27,0.23,0.53,0.60,0.30,0.50,0.25,0.50,0.20,0.45,0.42,0.35,0.55,0.45,0.30,0.50,0.62,0.27,0.42,0.30,0.47,0.23,0.37,1.07,0.40,0.40,0.60,0.47,0.77,1.08,0.30,0.34,0.20,0.55,0.55,0.50,0.50,0.37,0.45,0.45,0.42,0.47,0.50,0.30,0.45,0.63,0.70,0.77,0.65,0.60,0.60,0.70,0.60,0.55,0.88,0.45,1.00,0.50,0.57,0.50,0.25,0.45,0.40,0.53,0.60,0.77,0.43,0.55,0.43,0.80,0.65,0.50,0.60,0.55,0.60,0.65,0.70,0.55,0.42,0.55,0.65,0.40,0.20,,0.25,0.55,0.57,0.57,0.45,0.50,0.35,0.60,,0.65,0.40,0.50,0.50,0.65,0.45,0.40,0.10,0.20,0.65,0.35,0.50,0.45,0.45,0.35,0.20,0.40,0.30,,0.25,0.45,0.60,0.30,0.50,0.80,0.45,0.35,0.20,0.40,0.50,,0.35,,0.30,,0.25,0.60,0.30,0.20,0.40,0.30,0.20,0.30,0.40,0.30,0.30,0.50,0.10,0.25,0.40,0.65,0.15,0.40,0.30,0.55,0.50,0.10,0.30,0.25,,,,0.40,,
20260620,3,AQI,28,43,44,50,35,24,42,25,38,40,32,46,45,19,26,36,30,46,42,13,16,20,18,18,31,23,19,18,22,20,21,23,24,8,15,20,9,9,10,26,25,15,13,14,23,19,24,23,44,21,27,19,17,18,17,17,16,13,18,13,17,24,23,25,35,56,30,24,32,27,53,23,35,50,13,15,27,31,34,27,33,30,18,26,50,27,70,60,20,29,23,30,56,13,20,32,15,18,29,29,21,30,28,23,24,19,23,31,15,24,24,21,54,33,31,21,36,35,45,34,47,25,34,15,18,6,24,25,29,32,27,37,20,25,23,16,11,15,34,23,26,53,28,43,35,33,85,33,19,23,52,32,19,21,30,29,61,47,45,93,,,,,,,,,,,,,,,,,,,,,,,,,,,,,,20,20,25,28,26,18,30,25,52,51,36,20,39,25,,16,53,32,40,31,43,40,28,24,28,49,64,23,22,33,26,33,37,21,21,47,18,30,30,26,21,18,14,24,21,29,26,19,18,14,23,22,23,17,17,17,15,23,19,18,17,23,21,23,27,35,33,26,23,22,27,23,25,24,23,21,20,22,21,15,15,17,19,14,25,15,13,14,12,17,35,30,28,32,22,14,17,14,31,35,29,38,32,25,50,33,25,36,33,31,17,,12,24,26,34,23,27,14,14,,18,19,32,15,30,21,12,13,15,22,13,32,14,21,28,43,44,27,,43,12,28,21,23,26,70,25,22,29,37,,32,,30,,35,28,33,39,29,26,,34,25,58,52,33,24,38,28,37,41,46,36,27,47,35,33,71,,,,21,,
20260620,3,PM2.5,18,30,26,35,12,11,26,17,12,28,21,26,20,8,9,25,21,32,28,4,5,3,5,12,22,4,3,3,8,12,13,5,11,3,4,12,5,3,3,13,9,3,7,3,7,9,13,11,31,8,18,10,7,8,5,6,9,7,7,5,6,11,12,13,19,40,16,13,5,13,27,16,6,18,4,7,7,8,20,4,23,20,11,15,35,19,51,43,14,17,12,21,40,7,12,20,6,10,16,14,11,10,10,10,11,13,12,9,4,17,7,11,27,14,21,15,25,24,31,22,32,14,22,3,7,3,17,15,20,21,15,26,14,15,3,4,6,6,10,13,12,37,17,25,17,23,63,23,11,12,33,18,7,13,11,14,18,13,17,61,,,,,,,,,,,,,,,,,,,,,,,,,,,,,,8,7,14,10,5,8,21,16,21,12,23,12,10,5,,9,20,19,19,22,30,28,15,17,11,34,46,9,15,23,18,16,23,10,13,28,6,21,21,17,5,9,3,17,9,20,3,13,3,7,11,10,9,8,10,10,6,4,3,7,5,7,4,11,19,17,18,18,11,13,19,5,5,8,16,6,11,3,3,7,8,7,8,9,8,6,7,7,3,3,13,12,15,22,13,6,8,3,22,9,19,24,20,17,35,23,5,25,23,21,7,,6,3,13,24,3,14,3,10,,10,13,19,3,12,15,3,6,8,8,3,12,10,3,3,3,11,3,,3,6,19,9,9,12,51,10,12,9,14,,13,,11,,18,9,23,10,16,8,,10,13,26,15,14,8,16,9,,18,15,23,11,10,3,7,22,,,,11,,
20260620,3,PM2.5_24h,42,41,24,33,18,13,35,28,32,49,26,20,16,14,16,18,12,18,24,11,10,11,8,4,24,11,10,17,14,13,10,5,18,7,4,9,7,13,8,9,8,8,7,4,3,8,11,8,28,4,15,8,8,10,6,7,9,9,8,7,8,9,12,13,17,29,10,10,6,15,20,15,17,11,5,6,14,14,14,17,18,20,11,11,25,23,40,33,19,7,7,23,33,3,7,17,8,9,15,14,10,9,11,11,11,12,12,8,5,18,16,8,18,18,32,16,17,17,27,17,21,13,31,7,7,3,14,14,18,14,12,15,10,10,2,5,5,7,11,10,16,27,18,14,12,13,38,19,10,9,21,15,9,11,20,14,17,23,9,35,,,,,,,,,,,,,,,,,,,,,,,,,,,,,,8,13,9,8,11,13,12,16,10,21,31,17,14,12,,9,26,23,17,14,32,21,10,13,10,28,46,11,13,15,14,19,17,11,13,24,12,13,15,18,2,2,2,15,16,18,5,16,3,7,9,11,8,7,10,7,8,5,6,5,4,4,4,9,21,13,15,12,13,8,18,9,4,6,10,4,8,4,6,6,5,8,5,9,18,4,5,4,3,4,11,13,14,22,17,16,9,4,12,13,10,33,16,16,18,19,16,21,18,19,9,,8,12,13,19,4,11,7,20,,7,11,15,6,11,12,5,8,9,10,5,12,9,8,4,7,4,8,,4,6,16,12,8,11,23,14,15,17,11,,10,,13,,15,13,9,10,8,9,2,7,17,31,10,98,8,12,7,55,19,15,26,13,11,3,6,13,,,,9,,
20260620,3,PM10,28,43,44,46,35,21,42,23,38,34,32,46,45,16,10,35,23,37,42,7,11,6,7,18,24,10,6,6,10,14,13,10,12,7,15,20,9,7,7,26,25,15,13,14,10,19,24,23,35,8,27,15,17,18,17,17,16,13,18,13,17,24,23,25,35,52,30,24,7,27,56,19,35,50,13,15,27,31,34,13,14,30,18,26,,26,58,53,20,29,23,27,40,6,,32,15,18,29,29,21,30,28,23,24,13,23,31,12,22,13,21,58,33,27,21,33,35,45,34,47,25,34,9,12,6,23,22,27,32,27,37,19,25,9,9,11,15,34,23,26,48,28,43,35,33,,31,19,23,53,32,19,21,30,14,71,47,45,135,,,,,,,,,,,,,,,,,,,,,,,,,,,,,,16,12,25,28,18,16,26,18,53,51,36,18,39,20,,9,55,32,40,29,38,35,28,24,28,43,36,13,22,30,20,33,37,21,21,47,,25,20,26,12,10,10,,14,24,6,12,10,11,23,22,23,17,17,17,15,23,16,18,17,23,21,23,27,35,33,23,14,20,25,17,25,24,19,11,20,17,11,15,14,17,19,14,15,6,13,14,12,17,35,30,28,32,22,14,17,6,30,35,29,38,32,25,,31,25,31,21,31,14,,12,14,26,34,23,27,12,13,,18,14,32,8,30,15,12,9,15,22,10,32,14,10,6,6,13,13,,12,6,28,14,23,26,90,25,,20,37,,32,,30,,35,24,23,32,29,20,,24,25,66,53,27,,38,28,37,41,46,36,26,47,13,21,92,,,,21,,
20260620,3,PM10_24h,62,62,41,51,48,17,60,37,57,60,38,43,32,20,17,31,17,26,44,14,15,14,12,8,27,17,16,17,15,12,10,8,17,11,15,21,10,17,13,21,20,19,10,16,5,20,22,9,37,5,18,13,15,17,17,18,14,15,19,13,16,16,24,23,27,35,23,19,10,27,39,22,44,28,13,11,18,26,24,30,23,28,17,14,31,30,54,48,27,13,18,28,38,4,8,29,15,20,27,29,18,22,17,24,19,24,24,23,12,17,27,17,41,28,43,22,27,29,36,26,33,22,48,11,14,9,19,18,18,22,16,23,16,15,13,10,8,16,34,19,33,37,25,29,26,25,37,28,17,16,31,24,22,21,31,46,32,38,25,85,,,,,,,,,,,,,,,,,,,,,,,,,,,,,,15,13,19,21,26,18,18,27,28,62,53,27,46,27,,15,66,37,28,30,38,29,23,23,30,34,41,20,19,27,19,24,23,16,25,34,13,15,17,24,10,8,8,13,23,24,6,13,6,12,20,22,19,13,18,13,18,21,12,15,19,19,27,20,21,26,22,10,9,15,25,17,23,17,15,13,14,11,9,9,10,17,15,13,25,8,8,13,11,13,25,32,29,28,24,22,14,7,27,36,24,35,18,24,31,23,29,27,21,26,25,,15,17,19,25,13,18,15,23,,12,10,25,12,29,14,10,12,13,22,8,24,15,15,9,39,13,14,,12,10,26,21,17,21,50,26,29,24,36,,26,,31,,28,23,16,19,20,25,11,16,41,85,30,333,15,27,30,102,36,48,67,32,31,27,26,42,,,,19,,
20260620,3,SO2,2,6,2,6,,3,4,4,3,2,5,5,10,6,8,4,8,5,7,7,5,5,5,7,8,5,5,7,4,9,7,8,6,7,5,5,8,6,5,7,5,3,4,,8,4,2,11,7,7,4,5,6,6,4,5,4,5,3,3,6,9,3,4,10,5,7,5,5,5,13,10,5,6,6,6,6,7,5,4,6,8,2,12,11,11,8,9,8,6,5,5,5,8,4,11,10,6,7,5,8,6,8,5,7,4,3,5,7,4,7,13,7,15,22,5,9,7,5,6,4,6,6,5,8,3,9,3,8,13,5,9,8,7,3,10,,5,3,5,2,8,10,,4,10,5,,2,4,5,6,3,7,6,7,5,17,5,4,,,,,,,,,,,,,,,,,,,,,,,,,,,,,,5,9,4,6,5,7,6,7,5,10,8,5,9,4,,7,10,8,7,9,6,5,7,12,9,3,5,7,8,5,7,6,4,8,6,10,7,7,7,5,10,6,5,8,8,23,6,3,12,6,5,7,3,3,6,9,8,6,5,3,8,2,4,9,6,7,6,4,5,7,4,5,5,8,7,4,7,,7,6,6,4,15,3,4,5,14,5,4,2,9,5,3,6,7,6,13,5,6,2,8,12,13,,6,,5,7,7,3,3,,4,6,3,6,3,6,3,2,,4,5,8,8,6,8,2,4,4,8,6,6,5,8,7,7,7,4,,5,4,5,5,4,7,3,10,8,5,8,,4,,9,,4,9,8,10,10,14,,22,7,6,7,6,3,9,6,3,6,2,4,8,3,7,6,8,,,,6,,
20260620,3,SO2_24h,3,6,2,8,7,4,3,4,3,3,6,5,4,9,8,7,7,5,6,6,5,6,4,5,7,6,5,6,4,9,7,7,5,6,5,5,6,5,5,6,6,4,4,5,8,4,2,8,5,6,3,4,5,5,5,5,5,5,5,3,4,7,3,4,9,5,8,5,5,5,12,13,7,5,7,6,7,7,6,5,6,7,3,9,10,7,10,10,9,5,5,5,7,7,4,8,8,5,6,4,7,6,6,4,4,5,6,5,5,4,8,11,6,11,11,5,9,7,5,6,4,7,6,5,7,3,8,3,7,7,4,8,8,7,3,7,7,5,2,5,2,8,10,15,4,10,4,6,3,4,6,6,2,7,7,9,11,12,6,4,,,,,,,,,,,,,,,,,,,,,,,,,,,,,,5,2,4,4,5,8,4,6,4,17,9,6,11,5,,7,10,6,7,11,6,5,8,10,9,2,4,8,9,5,8,6,4,9,7,12,5,6,6,5,9,7,4,8,5,5,5,4,4,6,5,8,3,4,6,5,10,7,5,2,7,2,4,7,5,7,4,3,4,6,3,4,5,8,7,5,7,4,5,6,3,5,9,5,4,5,5,5,5,3,8,5,3,5,4,8,12,5,6,6,6,10,10,4,7,8,6,7,8,3,3,,6,8,7,9,3,6,4,4,,4,5,9,9,5,8,4,4,4,8,6,6,5,8,7,6,7,4,,5,6,6,9,5,7,16,9,8,7,6,,5,,8,,4,10,7,10,10,14,6,20,9,6,7,6,6,9,5,4,8,3,4,6,4,7,8,8,,,,4,,
20260620,3,NO2,14,15,14,11,29,11,10,6,11,13,12,30,23,17,3,38,12,40,42,8,8,6,8,16,12,2,8,5,8,3,6,3,6,6,11,11,8,13,8,8,21,10,10,11,4,9,9,8,16,11,9,8,5,12,5,2,7,2,5,5,6,6,5,3,18,12,9,18,11,20,8,13,4,24,11,8,4,6,22,4,10,16,9,30,22,6,25,14,15,20,22,9,15,17,15,18,12,4,8,4,10,3,10,1,9,8,9,6,6,13,5,15,23,19,13,10,30,22,19,29,10,14,12,17,13,8,12,3,15,14,11,17,9,11,5,3,7,6,4,6,12,8,17,21,18,16,15,14,12,13,27,15,11,8,24,4,13,25,8,34,,,,,,,,,,,,,,,,,,,,,,,,,,,,,,5,4,9,12,4,18,9,8,27,3,8,9,4,4,,4,5,12,20,31,6,36,43,19,14,9,6,4,7,14,8,13,17,18,7,45,3,12,9,8,8,8,2,2,6,2,4,4,7,3,10,10,11,3,10,10,16,9,2,5,4,11,2,8,8,13,19,7,9,8,7,6,4,7,13,7,5,6,2,6,10,3,8,10,3,4,4,9,4,5,18,6,7,18,9,9,9,3,8,17,8,16,9,11,56,12,23,9,20,8,3,,16,5,5,5,8,12,3,5,,6,5,11,4,9,5,5,2,7,3,5,7,9,6,6,7,3,12,,2,5,12,11,6,11,5,8,13,10,19,,10,,3,,15,6,3,1,4,1,,1,6,10,7,8,10,13,8,4,16,16,3,13,4,5,9,3,,,,4,,
20260620,3,NO2_24h,14,18,11,15,14,9,15,13,14,18,16,19,9,13,8,21,10,19,26,13,10,11,12,10,11,9,12,10,17,7,8,4,8,10,8,9,7,13,11,6,18,12,12,9,7,7,7,6,15,9,8,8,5,12,6,2,8,3,7,8,7,7,7,4,14,13,9,15,10,10,15,14,11,14,7,6,12,13,12,9,11,13,7,14,21,8,22,16,14,11,12,9,12,10,11,17,11,5,8,4,8,3,10,1,11,8,8,6,6,13,13,8,13,14,11,10,19,14,16,16,11,11,9,8,7,10,9,6,11,7,9,10,10,7,8,3,7,7,3,7,7,7,13,14,14,10,13,11,9,11,13,12,10,7,14,7,14,17,9,10,,,,,,,,,,,,,,,,,,,,,,,,,,,,,,5,5,6,9,9,7,7,11,16,13,11,8,7,9,,8,5,10,14,20,8,20,27,12,11,7,8,9,8,11,8,11,8,12,10,23,4,11,9,7,11,7,3,8,9,3,5,7,7,4,8,11,8,4,8,8,12,9,2,3,4,6,3,9,7,9,12,5,9,5,8,8,6,6,8,9,7,3,7,6,6,4,4,4,8,4,4,8,4,7,14,6,5,14,8,10,8,9,7,11,7,13,14,8,16,10,19,8,12,8,4,,15,7,9,5,6,8,5,8,,5,5,10,7,7,6,6,3,7,5,6,7,9,8,6,3,3,8,,2,7,10,11,7,9,9,11,11,9,15,,10,,6,,12,7,2,2,5,2,11,2,10,10,12,10,10,14,9,10,10,14,9,13,3,8,10,8,,,,4,,
20260620,3,O3,44,61,40,50,41,78,55,79,46,62,49,39,29,61,82,17,54,24,60,43,52,63,57,49,44,75,62,58,71,63,68,75,77,25,30,30,25,28,32,28,15,20,25,4,74,25,36,24,52,66,71,62,38,23,31,41,25,42,32,41,32,35,57,65,31,60,34,20,101,58,96,53,75,81,25,28,72,74,37,87,40,59,25,26,54,72,29,65,41,38,41,54,47,42,65,43,32,29,48,59,6,39,17,54,27,19,18,29,49,,78,39,34,50,100,54,13,21,52,23,100,27,84,49,58,,56,80,49,44,58,35,26,58,73,50,22,25,71,48,61,44,27,28,30,43,47,21,29,23,54,29,41,51,43,94,89,41,97,16,,,,,,,,,,,,,,,,,,,,,,,,,,,,,,65,63,12,40,84,56,61,79,57,78,88,63,68,80,,52,71,73,48,20,97,30,,12,32,94,108,73,53,40,54,28,46,59,46,49,57,43,58,46,67,58,44,69,67,51,84,51,57,45,28,9,5,26,27,30,11,34,60,44,43,20,39,,78,63,23,56,74,71,49,73,48,49,71,68,47,70,68,24,47,23,26,24,81,48,38,,26,16,2,60,68,9,35,29,31,46,37,8,71,25,49,60,18,31,8,24,10,49,53,,24,76,69,50,19,16,44,35,,12,30,47,48,22,39,37,43,33,27,43,15,27,67,90,137,141,87,,137,38,42,67,17,33,77,76,70,93,54,,88,,93,,57,88,96,124,91,84,,110,71,68,98,107,78,93,76,80,65,65,82,87,59,112,105,90,,,,48,,
20260620,3,O3_24h,44,61,40,50,41,78,55,79,46,62,49,39,29,61,82,17,54,24,60,43,52,63,57,49,44,75,62,58,71,63,68,75,77,25,30,30,25,28,32,28,15,20,25,4,74,25,36,24,52,66,71,62,38,23,31,41,25,42,32,41,32,35,57,65,31,60,34,20,101,58,96,53,75,81,25,28,72,74,37,87,40,59,25,26,54,72,29,65,41,38,41,54,47,42,65,43,32,29,48,59,6,39,17,54,27,19,18,29,49,,78,39,34,50,100,54,13,21,52,23,100,27,84,49,58,,56,80,49,44,58,35,26,58,73,50,22,25,71,48,61,44,27,28,30,43,47,21,29,23,54,29,41,51,43,94,89,41,97,16,,,,,,,,,,,,,,,,,,,,,,,,,,,,,,65,63,12,40,84,56,61,79,57,78,88,63,68,80,,52,71,73,48,20,97,30,,12,32,94,108,73,53,40,54,28,46,59,46,49,57,43,58,46,67,58,44,69,67,51,84,51,57,45,28,9,5,26,27,30,11,34,60,44,43,20,39,,78,63,23,56,74,71,49,73,48,49,71,68,47,70,68,24,47,23,26,24,81,48,38,,26,16,2,60,68,9,35,29,31,46,37,8,71,25,49,60,18,31,8,24,10,49,53,,24,76,69,50,19,16,44,35,,12,30,47,48,22,39,37,43,33,27,43,15,27,67,90,137,141,87,,137,38,42,67,17,33,77,76,70,93,54,,88,,93,,57,88,96,124,91,84,,110,71,68,98,107,78,93,76,80,65,65,82,87,59,112,105,90,,,,48,,
20260620,3,O3_8h,85,,,,,,,,,,,,,,,,,,,,,,,,,,,,,,,,,,,,,,,,,,,,,,,,,,,,,,,,,,,,,,,,,,,,,,,,,,,,,,,,,,,,,,,,,,,,,,,,,,,,,,,,,,,,,,,,,,,,,,,,,,,,,,,99,,,,,,,,,,,,,,,,,,,,,,,,,,,,,,,,,,,,,,,,,,,,,,,,,,,,,,,,,,,,,,,,,,,,,,,,,,,,,,,,,,,,,,,,,,,,,,,,,,58,,,,,,,,,,,,,,,,,,,,,56,,61,,,,,,,,,,,,,,,,,,,,,,,,,,,,,,,,,,,,,,,,,,,,,,,,,,,,,,,,100,,,,,,,,,,,,,,,,,,,,,,,,,,,,,,,,,,,,,,,,,,,,,,,124,,,,,,121,,,88,,,,,,,,,,,,,,
20260620,3,O3_8h_24h,,,,,,,,,,,,,,,,,,,,,,,,,,,,,,,,,,,,,,,,,,,,,,,,,,,,,,,,,,,,,,,,,,,,,,,,,,,,,,,,,,,,,,,,,,,,,,,,,,,,,,,,,,,,,,,,,,,,,,,,,,,,,,,,,,,,,,,,,,,,,,,,,,,,,,,,,,,,,,,,,,,,,,,,,,,,,,,,,,,,,,,,,,,,,,,,,,,,,,,,,,,,,,,,,,,,,,,,,,,,,,,,,,,,,,,,,,,,,,,,,,,,,,,,,,,,,,,,,,,,,,,,,,,,,,,,,,,,,,,,,,,,,,,,,,,,,,,,,,,,,,,,,,,,,,,,,,,,,,,,,,,,,,,,,,,,,,,,,,,,,,,,,,,,,,,,,,,,,,,,,,,,,,,,,,,,,,,
20260620,3,CO,0.46,0.56,0.38,0.33,0.20,0.40,0.40,0.33,0.35,0.35,0.40,0.38,1.23,0.32,0.32,0.69,0.66,0.50,1.00,0.39,0.38,0.68,0.68,0.54,0.42,0.58,0.59,0.60,0.42,0.48,0.92,0.38,0.35,0.54,0.42,0.43,0.47,0.47,0.40,0.43,0.55,0.50,0.30,0.45,0.62,0.30,0.27,0.57,0.31,0.40,0.46,0.64,0.44,0.43,0.47,0.53,0.37,0.25,0.37,0.43,0.50,0.40,0.56,0.33,0.62,0.64,0.67,0.63,0.25,0.57,0.57,0.45,0.22,0.38,0.85,0.50,0.23,0.36,0.54,0.43,0.33,0.43,0.47,0.32,0.54,0.43,0.54,0.40,0.42,0.33,0.37,0.38,0.32,0.42,0.23,0.47,0.57,0.50,0.40,0.60,0.55,0.50,0.70,0.37,0.40,0.50,0.43,0.55,0.33,0.20,0.37,0.63,0.93,0.54,0.70,0.60,0.60,0.60,0.44,0.50,0.50,0.40,0.42,0.45,0.73,0.50,0.42,0.30,0.42,0.53,0.55,0.55,0.53,0.50,0.55,0.88,0.65,0.47,0.45,0.67,0.35,0.65,0.77,0.82,0.60,0.53,0.83,0.40,0.75,0.57,0.50,0.65,0.40,0.44,0.55,0.20,0.40,0.60,0.32,0.35,,,,,,,,,,,,,,,,,,,,,,,,,,,,,,0.47,0.40,0.40,0.57,0.20,0.30,0.75,0.50,0.47,0.30,0.50,0.40,0.45,0.32,,0.15,0.45,0.53,0.63,0.40,0.63,0.47,0.50,0.70,0.60,0.45,0.40,0.33,0.27,0.23,0.40,0.75,0.40,0.47,0.25,0.45,0.20,0.37,0.28,0.25,0.57,0.63,0.30,0.30,0.46,0.20,0.38,0.23,0.57,0.40,0.37,0.63,0.45,0.30,0.60,0.37,0.73,0.87,0.35,0.25,0.25,0.60,0.55,0.50,0.44,0.35,0.60,0.47,0.36,0.57,0.50,0.20,0.57,0.60,0.67,0.63,0.73,0.60,0.60,0.80,0.60,0.50,1.07,0.40,0.80,0.50,0.57,0.50,0.25,0.40,0.30,0.57,0.57,0.70,0.47,0.45,0.40,0.70,0.70,0.50,0.63,0.60,0.57,0.65,0.70,0.55,0.35,0.65,0.70,0.40,0.20,,0.20,0.50,0.43,0.60,0.50,0.45,0.30,0.50,,0.65,0.35,0.40,0.50,0.65,0.40,0.50,0.10,0.20,0.50,0.35,0.50,0.50,0.45,0.35,0.20,0.40,0.40,,0.30,0.35,0.47,0.27,0.40,0.80,0.25,0.25,0.20,0.40,0.50,,0.40,,0.30,,0.20,0.50,0.40,0.30,0.50,0.30,,0.30,0.30,0.40,0.35,0.50,,0.15,0.45,0.60,0.20,0.55,0.30,0.50,0.60,0.10,0.30,0.15,,,,0.40,,
20260620,3,CO_24h,0.68,0.71,0.44,0.62,0.25,0.37,0.43,0.43,0.55,0.55,0.45,0.40,0.55,0.50,0.48,0.71,0.60,0.46,0.62,0.41,0.41,0.66,0.58,0.34,0.38,0.76,0.57,0.59,0.54,0.60,0.96,0.44,0.47,0.61,0.44,0.43,0.46,0.50,0.47,0.43,0.55,0.50,0.30,0.45,0.60,0.30,0.28,0.57,0.37,0.41,0.45,0.62,0.50,0.46,0.49,0.53,0.40,0.25,0.43,0.43,0.57,0.40,0.59,0.35,0.61,0.62,0.60,0.55,0.27,0.56,0.67,0.55,0.32,0.31,0.45,0.50,0.44,0.54,0.52,0.50,0.37,0.45,0.47,0.36,0.60,0.43,0.74,0.47,0.38,0.32,0.35,0.40,0.33,0.44,0.23,0.57,0.63,0.55,0.43,0.57,0.55,0.50,0.80,0.40,0.40,0.50,0.43,0.55,0.37,0.20,0.54,0.60,0.85,0.56,0.68,0.64,0.58,0.70,0.42,0.47,0.46,0.40,0.57,0.42,0.57,0.48,0.40,0.35,0.40,0.43,0.53,0.47,0.53,0.43,0.68,0.93,0.75,0.47,0.50,0.67,0.35,0.60,0.70,0.90,0.57,0.50,0.73,0.35,0.75,0.55,0.40,0.60,0.40,0.42,0.55,0.20,0.60,1.38,0.36,0.25,,,,,,,,,,,,,,,,,,,,,,,,,,,,,,0.58,0.50,0.40,0.50,0.27,0.35,0.77,0.60,0.37,0.57,0.57,0.30,0.60,0.47,,0.25,0.45,0.55,0.60,0.50,0.70,0.40,0.50,0.55,0.55,0.35,0.50,0.37,0.27,0.23,0.57,0.65,0.35,0.47,0.25,0.50,0.20,0.45,0.40,0.30,0.55,0.47,0.30,0.45,0.58,0.27,0.40,0.27,0.47,0.23,0.37,1.07,0.40,0.40,0.60,0.47,0.77,1.10,0.30,0.34,0.20,0.55,0.57,0.50,0.50,0.35,0.45,0.45,0.42,0.47,0.50,0.27,0.45,0.63,0.70,0.77,0.63,0.60,0.60,0.70,0.60,0.55,0.88,0.45,1.00,0.50,0.57,0.50,0.25,0.45,0.40,0.53,0.60,0.77,0.43,0.50,0.43,0.80,0.65,0.50,0.60,0.55,0.60,0.65,0.70,0.55,0.42,0.55,0.70,0.40,0.20,,0.25,0.55,0.57,0.57,0.50,0.50,0.35,0.60,,0.65,0.40,0.50,0.50,0.65,0.45,0.40,0.10,0.20,0.65,0.35,0.50,0.45,0.45,0.35,0.20,0.40,0.30,,0.25,0.50,0.60,0.30,0.50,0.80,0.45,0.35,0.20,0.40,0.50,,0.35,,0.30,,0.25,0.60,0.30,0.20,0.40,0.30,0.20,0.30,0.37,0.30,0.30,0.50,0.10,0.25,0.40,0.65,0.15,0.40,0.30,0.55,0.50,0.10,0.30,0.25,,,,0.40,,
20260620,4,AQI,30,49,41,50,29,23,44,33,38,44,33,43,39,18,25,40,31,43,41,15,16,17,16,29,36,23,17,16,22,20,21,22,26,8,16,20,9,12,9,26,26,18,16,16,25,22,24,16,44,17,29,20,15,18,17,16,16,13,20,13,17,25,21,24,34,66,30,20,31,26,57,19,36,46,16,14,22,25,56,26,39,24,18,28,50,30,60,65,26,24,26,39,58,16,32,30,16,17,27,29,21,31,22,23,23,21,25,31,15,24,21,27,49,31,31,21,37,37,43,30,43,28,36,16,21,26,24,26,30,43,28,41,20,25,22,14,10,21,48,25,23,53,27,45,40,36,58,36,21,20,51,26,23,20,35,28,63,55,83,95,,,,,,,,,,,,,,,,,,,,,,,,,,,,,,21,19,30,28,27,15,29,23,56,45,39,24,37,24,,17,44,29,18,30,44,37,27,29,28,56,63,23,23,32,22,28,32,18,20,36,17,34,29,29,23,19,14,23,20,33,25,21,20,18,19,27,28,13,15,20,18,21,16,17,17,25,17,20,27,35,40,21,19,22,34,23,23,19,23,18,20,21,20,13,16,15,19,15,29,17,16,12,11,15,32,29,26,30,22,13,23,14,26,34,30,36,30,26,71,30,27,36,33,31,12,,12,23,23,40,29,24,14,17,,13,20,27,14,27,16,16,13,14,22,13,26,15,23,26,43,46,26,,43,17,25,20,23,27,65,26,19,27,42,,28,,28,,24,23,31,36,26,25,,31,34,42,44,31,26,33,28,37,41,37,36,25,19,33,31,76,,,,20,,
20260620,4,PM2.5,19,34,25,35,14,10,31,14,17,31,23,23,21,8,9,28,22,30,24,4,6,3,10,20,25,4,3,6,9,11,15,4,9,3,5,11,6,3,3,13,10,5,9,3,3,9,13,10,31,12,20,10,5,7,5,6,9,7,6,4,6,11,12,12,18,48,15,11,5,13,33,13,6,14,11,7,8,6,26,7,27,16,12,14,35,21,43,47,18,17,15,27,41,11,3,21,7,10,15,14,10,10,10,11,11,12,13,10,5,17,5,9,23,15,19,9,26,25,30,20,27,18,25,3,15,3,17,18,21,30,19,29,14,16,3,5,7,11,8,15,13,37,17,24,20,23,41,24,11,12,33,18,9,12,8,3,20,12,23,60,,,,,,,,,,,,,,,,,,,,,,,,,,,,,,11,9,17,14,3,3,18,11,17,10,22,17,7,5,,3,10,20,12,21,31,26,18,19,12,37,45,11,16,22,14,14,20,10,14,25,6,24,20,20,12,13,3,16,10,23,3,15,3,5,11,10,10,8,10,8,6,6,5,6,3,5,4,11,19,20,18,13,13,12,23,7,5,7,16,6,14,6,4,7,9,9,8,8,8,6,8,7,3,3,10,12,15,21,13,7,10,3,18,9,20,21,21,18,52,21,4,25,23,22,6,,5,3,13,28,3,14,3,3,,9,14,19,3,12,11,6,3,7,6,5,13,9,5,3,3,3,3,,10,6,17,10,8,11,47,7,10,10,12,,12,,10,,9,13,14,12,14,6,,9,13,13,17,18,8,11,6,,17,13,25,15,3,3,8,23,,,,10,,
20260620,4,PM2.5_24h,40,40,23,33,17,12,35,27,31,47,25,21,16,14,15,18,12,19,24,10,7,10,8,4,23,10,9,15,13,12,10,5,16,6,4,10,6,11,7,10,7,8,8,4,2,9,11,8,28,5,15,8,8,9,6,7,9,9,8,6,8,9,12,13,17,30,10,10,6,15,21,15,16,11,5,6,14,14,14,17,18,20,11,11,25,23,40,34,17,7,7,22,33,4,7,16,8,10,15,14,10,9,11,11,10,12,11,8,5,17,16,8,19,16,31,15,17,17,27,17,21,13,31,6,7,3,14,14,18,14,13,16,10,10,2,4,5,8,11,10,16,28,18,15,12,14,38,19,10,9,21,14,9,11,19,14,17,22,10,38,,,,,,,,,,,,,,,,,,,,,,,,,,,,,,8,12,10,9,11,12,13,16,10,21,31,17,13,12,,9,26,23,16,14,32,20,11,13,10,28,47,11,13,16,14,19,17,11,13,24,11,12,14,17,3,3,2,13,14,17,4,16,2,7,9,11,8,7,10,7,8,6,6,5,5,5,5,9,20,13,15,11,12,8,18,8,5,7,11,4,8,4,5,6,4,8,6,9,17,4,5,4,3,4,11,13,14,22,17,16,10,4,12,12,10,33,16,16,20,19,16,22,18,19,9,,8,11,13,20,4,11,7,20,,8,11,15,6,11,12,5,8,9,10,6,12,9,8,4,6,4,8,,4,6,17,12,8,11,25,13,15,17,11,,11,,13,,14,13,9,10,9,9,2,7,17,30,11,83,8,11,8,57,19,15,26,13,10,3,6,14,,,,9,,
20260620,4,PM10,30,47,41,47,29,15,44,33,38,43,33,43,39,16,13,38,24,38,41,7,11,6,7,24,28,10,8,9,11,13,15,11,9,8,16,20,9,6,7,26,26,18,16,16,8,22,24,16,33,9,27,15,15,18,17,16,16,13,20,13,17,25,21,24,34,51,30,20,9,26,64,12,36,46,12,14,21,25,61,13,32,24,18,28,34,28,45,55,23,,26,21,43,9,7,30,16,17,27,29,21,31,22,23,23,21,25,31,6,22,9,27,49,31,26,13,33,37,30,30,43,28,34,9,18,6,23,23,26,42,28,38,20,25,11,10,10,21,48,25,23,51,27,45,40,36,40,36,21,20,52,23,23,20,35,14,75,60,115,139,,,,,,,,,,,,,,,,,,,,,,,,,,,,,,21,13,30,28,13,9,29,18,62,45,39,21,37,19,,12,44,28,18,27,42,35,27,29,28,62,,17,20,32,22,28,32,18,17,36,,23,,22,20,11,9,,15,26,6,13,10,9,19,27,28,13,15,20,18,21,14,17,17,25,17,20,23,35,40,21,14,22,34,16,23,19,21,12,20,10,12,11,16,15,19,15,15,17,16,12,11,15,32,29,26,29,22,13,23,6,26,34,30,36,29,26,,28,27,32,24,29,12,,12,14,23,36,29,24,14,17,,12,11,26,10,27,11,16,8,14,22,8,26,15,11,8,6,7,17,,12,,25,13,23,27,78,24,18,20,42,,28,,27,,24,22,21,30,24,15,,25,34,42,44,31,8,33,28,37,41,37,36,25,18,16,27,101,,,,20,,
20260620,4,PM10_24h,59,61,41,51,46,17,59,36,56,58,36,43,31,20,17,31,17,27,44,13,13,13,11,8,25,16,15,16,13,12,10,8,16,10,14,21,9,15,12,21,21,19,10,16,4,20,22,9,36,5,19,13,15,17,17,18,14,15,20,12,16,16,24,23,28,36,23,20,10,27,41,21,44,28,13,11,19,25,25,29,24,28,17,14,30,28,53,48,25,13,19,27,38,4,8,28,16,20,27,29,18,22,17,24,19,24,24,23,12,17,26,17,42,27,43,22,28,29,36,26,33,22,47,10,14,8,19,19,17,22,17,25,16,15,13,9,7,16,35,19,33,38,25,29,26,25,38,29,17,16,32,24,22,21,31,45,34,39,29,89,,,,,,,,,,,,,,,,,,,,,,,,,,,,,,15,12,19,21,26,18,19,26,30,61,54,27,45,26,,15,67,35,28,29,38,28,23,24,30,34,41,20,19,25,19,24,23,16,25,34,13,14,15,23,10,8,8,11,22,23,6,13,6,12,20,22,20,13,18,13,18,21,13,15,19,20,27,20,21,26,22,10,9,16,25,15,22,17,16,13,14,11,9,9,10,16,16,13,25,8,9,13,11,13,25,32,29,28,24,21,14,6,26,36,24,35,18,24,31,23,29,27,22,26,24,,15,17,19,26,14,18,15,23,,12,10,25,12,30,14,11,12,13,22,8,24,15,15,9,31,13,14,,12,10,26,21,18,21,52,26,29,23,36,,27,,31,,26,23,17,19,20,25,11,17,41,86,31,272,16,27,29,102,37,47,67,31,30,27,26,43,,,,19,,
20260620,4,SO2,3,5,2,5,6,2,4,4,3,3,7,3,6,7,7,5,7,5,6,7,5,6,5,7,8,5,5,5,5,9,7,7,6,6,5,5,6,8,5,6,6,8,5,7,8,4,2,10,5,6,4,6,5,6,5,6,5,5,5,3,4,8,3,4,10,5,7,6,6,5,13,10,5,6,9,6,6,6,6,4,6,6,2,11,9,13,8,10,8,6,4,5,7,8,4,10,11,5,6,5,7,6,5,5,7,4,3,7,5,4,7,10,6,17,16,5,8,7,5,8,4,6,6,5,10,3,9,2,7,10,5,10,12,7,3,7,8,5,3,5,2,9,10,42,5,11,5,6,3,4,5,6,2,7,6,5,5,19,5,3,,,,,,,,,,,,,,,,,,,,,,,,,,,,,,5,3,4,4,4,7,5,6,4,8,8,5,9,3,,7,10,10,7,9,6,6,7,13,9,2,5,7,9,5,7,6,4,10,6,9,7,6,6,5,10,13,5,8,10,7,5,3,5,6,6,6,3,4,6,8,9,5,5,3,8,3,4,8,6,10,5,4,4,6,4,4,5,8,7,4,7,4,10,6,8,5,10,6,4,5,8,6,5,5,9,5,3,6,6,6,13,5,6,2,7,10,11,4,6,7,5,7,7,3,3,,6,6,3,6,3,6,4,2,,4,5,8,8,5,8,2,3,4,8,6,6,5,8,6,6,6,4,,5,4,5,5,5,7,2,10,8,7,10,,4,,10,,3,11,8,10,10,13,,23,9,6,7,6,3,9,4,3,6,2,4,7,3,7,7,9,,,,4,,
20260620,4,SO2_24h,3,6,2,7,7,4,3,4,3,2,6,5,4,8,8,6,7,5,6,6,5,6,4,5,7,6,5,6,4,9,7,7,5,6,5,5,6,5,5,6,6,4,4,5,8,4,2,8,5,6,3,4,5,5,5,5,5,5,5,3,4,7,3,4,9,5,8,5,5,5,12,13,7,5,8,6,7,7,6,5,6,6,3,9,10,7,10,10,9,5,5,5,7,7,4,8,8,5,6,4,7,6,6,4,4,5,5,5,5,4,8,11,6,11,11,5,9,7,5,6,4,7,6,5,7,3,8,3,7,7,4,8,8,7,3,7,7,5,2,5,2,8,10,17,4,10,4,6,3,4,6,6,2,7,7,9,11,13,6,4,,,,,,,,,,,,,,,,,,,,,,,,,,,,,,5,2,4,4,5,8,4,6,4,17,9,6,11,5,,7,10,7,7,11,6,5,8,11,9,2,4,8,9,5,8,6,4,9,7,12,5,6,6,5,9,7,4,8,5,5,5,4,4,6,5,8,3,4,6,5,10,7,5,2,7,2,4,7,5,7,4,3,4,6,3,4,5,8,7,5,7,4,5,6,3,5,9,5,4,5,4,5,5,3,8,5,3,5,4,8,12,5,6,6,6,10,10,4,7,8,6,7,8,3,3,,6,8,7,9,3,6,4,4,,4,5,9,9,5,8,4,4,4,8,6,6,5,8,7,6,7,4,,5,6,6,9,5,7,15,9,8,7,7,,5,,9,,4,11,7,10,10,14,7,20,9,6,7,6,6,9,5,4,8,3,4,6,4,7,8,8,,,,4,,
20260620,4,NO2,14,17,12,11,16,11,10,5,14,16,19,30,21,18,3,38,11,40,47,8,9,9,10,16,12,2,10,6,9,2,5,2,5,8,10,11,7,10,9,9,22,11,10,9,4,10,8,6,13,14,10,7,3,13,5,2,8,2,6,4,6,8,5,3,17,11,10,12,9,20,7,13,4,21,10,8,4,5,23,5,11,9,9,28,23,9,23,16,17,17,23,11,11,18,8,20,12,5,8,4,9,6,13,1,9,7,11,5,5,12,4,15,19,21,10,8,30,23,21,27,11,14,13,15,18,9,13,4,17,17,12,17,15,,5,4,7,6,5,6,7,8,21,22,17,15,11,17,12,12,27,16,9,7,19,4,44,20,3,20,,,,,,,,,,,,,,,,,,,,,,,,,,,,,,7,3,11,11,3,20,9,8,21,5,10,8,4,3,,3,4,14,9,37,5,32,44,19,13,8,6,3,6,16,10,14,24,20,5,32,2,11,6,8,9,6,1,2,5,2,4,4,6,3,10,11,10,3,9,8,17,13,1,3,3,10,2,8,7,13,20,6,10,9,6,6,7,5,13,14,8,7,4,6,11,3,6,8,2,4,5,8,3,3,18,6,5,17,8,11,10,3,6,17,11,16,10,12,38,10,20,8,19,8,2,,15,7,5,6,8,12,2,7,,6,5,10,6,6,5,6,3,6,4,5,7,9,6,5,5,3,5,,1,4,12,8,6,6,4,7,13,9,13,,9,,4,,9,15,2,1,3,1,,2,7,9,8,11,6,14,8,4,16,14,2,15,3,5,10,7,,,,3,,
20260620,4,NO2_24h,14,18,11,15,13,10,15,12,14,18,16,19,9,13,8,22,10,20,27,13,9,11,12,10,11,9,11,10,16,6,8,4,7,9,8,10,7,13,11,6,18,12,12,9,7,7,7,6,15,9,8,8,5,11,6,2,8,3,7,7,7,7,7,4,14,12,9,15,10,11,14,13,10,14,7,7,12,12,13,8,12,13,7,14,21,8,22,16,14,12,13,10,12,10,11,17,11,5,8,4,8,3,10,1,11,7,8,6,6,13,13,9,14,14,11,10,19,14,16,17,11,11,9,8,7,11,9,6,11,7,9,11,11,7,8,3,7,7,3,7,7,8,13,14,14,10,13,11,9,11,13,13,10,7,14,6,16,17,9,11,,,,,,,,,,,,,,,,,,,,,,,,,,,,,,5,5,6,9,9,7,7,11,17,12,11,8,7,9,,8,5,10,14,20,8,21,27,12,11,7,8,8,8,11,8,11,9,12,10,23,3,10,9,7,11,7,2,8,9,3,5,7,7,4,8,11,8,4,8,8,12,9,2,3,4,7,3,9,8,9,12,5,9,5,9,8,6,7,8,9,7,4,7,6,6,4,4,5,7,4,4,8,4,7,14,6,5,14,8,10,8,9,7,11,8,12,14,8,17,10,19,8,12,8,4,,15,7,8,5,6,8,5,8,,5,5,10,7,7,6,6,3,7,5,6,7,9,8,6,3,3,8,,2,7,10,10,7,8,9,11,11,9,14,,10,,6,,11,8,2,2,4,2,10,2,9,10,11,11,10,14,9,9,10,14,9,13,3,8,10,7,,,,4,,
20260620,4,O3,38,51,39,45,62,72,57,73,39,46,43,42,32,57,81,15,54,22,49,47,52,55,50,44,39,73,55,50,69,63,68,71,82,19,30,28,26,37,29,23,12,16,23,7,79,20,25,29,59,53,65,63,41,21,29,42,24,42,29,41,31,32,59,62,27,61,27,23,100,48,97,43,68,77,22,28,70,73,35,84,36,63,23,27,50,65,36,56,34,41,36,46,48,35,103,36,31,26,55,59,4,31,15,55,26,19,13,33,49,40,68,35,34,49,99,68,12,17,49,20,89,26,80,50,38,82,50,73,45,36,52,32,20,47,71,45,19,24,67,45,59,39,19,22,33,37,40,18,21,24,42,28,34,49,46,88,45,52,102,30,,,,,,,,,,,,,,,,,,,,,,,,,,,,,,62,62,6,47,85,48,56,72,66,77,76,74,63,78,,53,69,61,58,12,96,51,11,6,24,89,96,75,44,43,41,19,31,48,47,58,54,40,60,46,75,56,46,69,65,47,81,50,63,56,20,4,3,24,20,26,5,29,52,39,43,8,40,18,78,55,25,50,61,71,47,74,40,35,64,58,45,68,64,42,40,21,26,30,94,44,34,30,34,21,1,61,70,9,33,23,28,46,46,6,54,23,45,56,36,39,9,32,8,43,34,,31,74,58,40,16,15,42,25,,9,27,48,45,34,33,37,43,30,24,42,12,23,73,82,136,148,84,,138,54,36,64,12,32,71,84,62,86,74,,86,,90,,66,72,99,114,84,79,,100,67,74,93,85,83,85,74,82,58,70,77,73,61,106,99,74,,,,53,,
20260620,4,O3_24h,38,51,39,45,62,72,57,73,39,46,43,42,32,57,81,15,54,22,49,47,52,55,50,44,39,73,55,50,69,63,68,71,82,19,30,28,26,37,29,23,12,16,23,7,79,20,25,29,59,53,65,63,41,21,29,42,24,42,29,41,31,32,59,62,27,61,27,23,100,48,97,43,68,77,22,28,70,73,35,84,36,63,23,27,50,65,36,56,34,41,36,46,48,35,103,36,31,26,55,59,4,31,15,55,26,19,13,33,49,40,68,35,34,49,99,68,12,17,49,20,89,26,80,50,38,82,50,73,45,36,52,32,20,47,71,45,19,24,67,45,59,39,19,22,33,37,40,18,21,24,42,28,34,49,46,88,45,52,102,30,,,,,,,,,,,,,,,,,,,,,,,,,,,,,,62,62,6,47,85,48,56,72,66,77,76,74,63,78,,53,69,61,58,12,96,51,11,6,24,89,96,75,44,43,41,19,31,48,47,58,54,40,60,46,75,56,46,69,65,47,81,50,63,56,20,4,3,24,20,26,5,29,52,39,43,8,40,18,78,55,25,50,61,71,47,74,40,35,64,58,45,68,64,42,40,21,26,30,94,44,34,30,34,21,1,61,70,9,33,23,28,46,46,6,54,23,45,56,36,39,9,32,8,43,34,,31,74,58,40,16,15,42,25,,9,27,48,45,34,33,37,43,30,24,42,12,23,73,82,136,148,84,,138,54,36,64,12,32,71,84,62,86,74,,86,,90,,66,72,99,114,84,79,,100,67,74,93,85,83,85,74,82,58,70,77,73,61,106,99,74,,,,53,,
20260620,4,O3_8h,85,,,,,,,,,,,,,,,,,,,,,,,,,,,,,,,,,,,,,,,,,,,,,,,,,,,,,,,,,,,,,,,,,,,,,,,,,,,,,,,,,,,,,,,,,,,,,,,,,,,,,,,,,,,,,,,,,,,,,,,,,,,,,,,99,,,,,,,,,,,,,,,,,,,,,,,,,,,,,,,,,,,,,,,,,,,,,,,,,,,,,,,,,,,,,,,,,,,,,,,,,,,,,,,,,,,,,,,,,,,,,,,,,,58,,,,,,,,,,,,,,,,,,,,,,,61,,,,,,,,,,,,,,97,,,,,,,,,,,,,,,,,,,,,,,,,,,,,,,,,,,,,,,,,,100,,,,,,,,,,,,,,,,,,,,,,,,,,,,,,,,,,,,,,,,,,,,,,,124,,,,,,121,,,88,,,,,,,,,,,,,,
20260620,4,O3_8h_24h,,,,,,,,,,,,,,,,,,,,,,,,,,,,,,,,,,,,,,,,,,,,,,,,,,,,,,,,,,,,,,,,,,,,,,,,,,,,,,,,,,,,,,,,,,,,,,,,,,,,,,,,,,,,,,,,,,,,,,,,,,,,,,,,,,,,,,,,,,,,,,,,,,,,,,,,,,,,,,,,,,,,,,,,,,,,,,,,,,,,,,,,,,,,,,,,,,,,,,,,,,,,,,,,,,,,,,,,,,,,,,,,,,,,,,,,,,,,,,,,,,,,,,,,,,,,,,,,,,,,,,,,,,,,,,,,,,,,,,,,,,,,,,,,,,,,,,,,,,,,,,,,,,,,,,,,,,,,,,,,,,,,,,,,,,,,,,,,,,,,,,,,,,,,,,,,,,,,,,,,,,,,,,,,,,,,,,,
20260620,4,CO,0.47,0.57,0.38,0.38,0.20,0.30,0.43,0.33,0.35,0.43,0.40,0.43,0.88,0.35,0.30,0.80,0.68,0.46,1.00,0.40,0.38,0.72,0.62,0.72,0.46,0.50,0.60,0.70,0.42,0.48,0.90,0.40,0.35,0.55,0.41,0.43,0.47,0.50,0.40,0.43,0.50,0.50,0.40,0.40,0.57,0.30,0.28,0.62,0.32,0.41,0.50,0.63,0.38,0.42,0.47,0.50,0.37,0.25,0.40,0.43,0.50,0.40,0.53,0.30,0.60,0.67,0.67,0.60,0.23,0.57,0.60,0.45,0.20,0.34,0.55,0.52,0.26,0.30,0.78,0.47,0.33,0.38,0.47,0.35,0.54,0.43,0.52,0.38,0.52,0.35,0.40,0.40,0.30,0.46,0.23,0.50,0.60,0.50,0.43,0.57,0.55,0.45,0.70,0.37,0.45,0.40,0.47,0.55,0.33,0.20,0.34,0.68,0.85,0.54,0.60,0.56,0.70,0.66,0.40,0.47,0.46,0.40,0.45,0.48,0.97,0.52,0.42,0.30,0.42,0.63,0.55,0.53,0.53,0.53,0.55,0.90,0.70,0.47,0.50,0.69,0.35,0.63,0.78,0.90,0.60,0.50,0.73,0.40,0.75,0.57,0.47,0.65,0.40,0.44,0.50,0.20,0.35,0.42,0.30,0.25,,,,,,,,,,,,,,,,,,,,,,,,,,,,,,0.47,0.40,0.45,0.57,0.25,0.30,0.75,0.50,0.37,0.30,0.43,0.40,0.40,0.32,,0.15,0.40,0.53,0.57,0.40,0.63,0.47,0.40,1.00,0.60,0.45,0.40,0.33,0.27,0.30,0.40,0.65,0.40,0.43,0.25,0.45,0.20,0.36,0.33,0.30,0.60,0.63,0.30,0.30,0.46,0.20,0.42,0.27,0.57,0.57,0.40,0.63,0.45,0.30,0.55,0.43,0.77,1.90,0.30,0.27,0.20,0.63,0.55,0.50,0.46,0.42,0.55,0.45,0.40,0.60,0.50,0.20,0.57,0.65,0.70,0.63,0.70,0.60,0.60,0.80,0.60,0.50,0.88,0.40,0.80,0.50,0.63,0.50,0.25,0.40,0.30,0.57,0.53,0.70,0.47,0.45,0.37,0.70,0.65,0.50,0.63,0.60,0.60,0.68,0.70,0.50,0.35,0.65,0.75,0.35,0.20,,0.20,0.60,0.47,0.60,0.50,0.45,0.30,0.50,,0.65,0.35,0.40,0.50,0.65,0.40,0.50,0.10,0.20,0.50,0.35,0.50,0.45,0.45,0.35,0.20,0.40,0.50,,0.30,0.30,0.47,0.37,0.40,0.75,0.20,0.25,0.20,0.40,0.50,,0.40,,0.30,,0.20,0.50,0.40,0.30,0.50,0.30,,0.20,0.33,0.40,0.35,0.50,,0.25,0.40,0.60,0.20,0.45,0.30,0.50,0.50,0.10,0.30,0.20,,,,0.35,,
20260620,4,CO_24h,0.66,0.70,0.44,0.61,0.25,0.37,0.43,0.43,0.55,0.53,0.45,0.40,0.55,0.50,0.48,0.72,0.61,0.46,0.63,0.41,0.39,0.66,0.58,0.36,0.38,0.76,0.57,0.60,0.52,0.60,0.94,0.44,0.45,0.59,0.43,0.43,0.45,0.47,0.47,0.43,0.55,0.50,0.30,0.45,0.60,0.30,0.28,0.57,0.36,0.41,0.45,0.62,0.50,0.46,0.49,0.53,0.40,0.25,0.43,0.43,0.55,0.40,0.59,0.35,0.62,0.62,0.60,0.56,0.27,0.55,0.67,0.55,0.32,0.30,0.47,0.50,0.44,0.52,0.54,0.47,0.37,0.45,0.47,0.36,0.60,0.43,0.74,0.48,0.38,0.32,0.37,0.40,0.32,0.44,0.23,0.57,0.63,0.55,0.43,0.57,0.55,0.50,0.75,0.40,0.40,0.50,0.43,0.55,0.37,0.20,0.54,0.58,0.85,0.56,0.68,0.64,0.58,0.68,0.42,0.47,0.46,0.40,0.57,0.42,0.60,0.48,0.40,0.35,0.40,0.43,0.53,0.50,0.53,0.43,0.68,0.93,0.75,0.47,0.50,0.67,0.35,0.60,0.70,0.88,0.57,0.47,0.73,0.35,0.75,0.55,0.40,0.60,0.40,0.42,0.55,0.20,0.57,1.32,0.36,0.25,,,,,,,,,,,,,,,,,,,,,,,,,,,,,,0.58,0.50,0.40,0.53,0.27,0.35,0.77,0.60,0.37,0.50,0.53,0.30,0.60,0.47,,0.25,0.45,0.55,0.60,0.50,0.70,0.40,0.50,0.60,0.55,0.35,0.50,0.37,0.27,0.23,0.57,0.67,0.35,0.47,0.25,0.50,0.20,0.42,0.40,0.30,0.55,0.47,0.30,0.45,0.56,0.27,0.40,0.30,0.47,0.23,0.37,1.03,0.40,0.40,0.60,0.47,0.77,1.13,0.30,0.34,0.20,0.58,0.57,0.50,0.48,0.33,0.45,0.45,0.42,0.50,0.50,0.23,0.47,0.63,0.70,0.73,0.65,0.60,0.60,0.70,0.60,0.55,0.88,0.45,1.00,0.50,0.57,0.50,0.25,0.45,0.40,0.53,0.60,0.77,0.43,0.50,0.43,0.80,0.65,0.50,0.60,0.55,0.60,0.65,0.70,0.55,0.42,0.60,0.70,0.40,0.20,,0.25,0.55,0.57,0.57,0.50,0.50,0.35,0.60,,0.65,0.40,0.50,0.50,0.65,0.45,0.50,0.10,0.20,0.65,0.35,0.50,0.45,0.45,0.35,0.20,0.40,0.30,,0.25,0.50,0.60,0.30,0.50,0.80,0.45,0.35,0.20,0.40,0.50,,0.35,,0.30,,0.25,0.60,0.40,0.20,0.40,0.30,0.20,0.30,0.37,0.30,0.30,0.50,0.10,0.25,0.40,0.65,0.15,0.45,0.30,0.55,0.50,0.10,0.30,0.25,,,,0.40,,
20260620,5,AQI,31,51,41,54,38,21,45,24,38,49,34,45,35,17,25,40,31,44,38,14,17,15,19,27,36,23,15,21,21,19,24,21,22,8,18,20,10,13,8,25,28,23,20,18,24,23,26,16,44,33,31,19,13,18,17,16,14,21,20,14,15,28,23,22,32,53,31,21,33,28,65,21,50,44,12,13,21,22,56,26,40,21,19,25,50,33,53,68,30,23,29,44,61,29,35,30,17,15,23,28,21,23,21,21,25,17,25,32,15,24,22,22,43,31,33,20,37,36,34,30,48,22,42,18,21,25,26,21,37,46,32,40,21,26,20,13,11,23,34,26,28,50,29,39,44,37,39,33,19,23,44,29,19,20,38,70,54,58,82,113,,,,,,,,,,,,,,,,,,,,,,,,,,,,,,20,18,30,32,23,15,34,24,34,39,40,28,34,23,,14,47,31,18,27,46,36,36,35,22,52,65,23,20,29,33,39,36,20,15,29,15,30,27,27,29,17,18,22,15,33,25,26,20,17,19,27,31,14,18,20,24,24,16,21,20,26,21,30,33,42,33,27,20,24,27,21,27,23,23,19,25,21,19,14,17,16,16,15,30,14,18,15,11,15,31,20,24,29,25,14,27,13,29,38,31,37,31,40,35,31,22,30,31,33,10,,11,23,23,36,34,25,12,17,,18,20,27,14,23,19,11,13,14,23,13,24,16,23,24,40,43,26,,42,18,30,19,22,23,61,28,22,22,59,,27,,29,,28,22,33,36,28,22,,32,47,24,31,45,20,30,32,35,39,31,46,26,18,34,36,75,,,,19,,
20260620,5,PM2.5,20,36,21,38,15,11,29,13,23,34,24,20,18,12,5,28,22,31,20,4,5,3,9,19,25,6,4,13,9,12,17,4,10,3,6,10,6,3,3,13,11,8,10,3,3,10,14,11,31,23,22,9,4,7,5,6,9,7,6,4,6,13,12,12,20,37,13,11,6,15,43,15,13,14,8,7,6,5,29,3,28,14,13,15,35,21,37,49,21,16,18,31,44,15,3,21,8,10,14,13,10,9,7,11,11,12,13,9,3,16,3,8,20,16,14,8,26,24,24,21,29,15,24,4,12,3,14,13,26,32,21,28,13,18,3,5,8,9,12,16,12,35,18,18,22,23,27,23,10,14,30,20,10,13,14,29,17,11,20,64,,,,,,,,,,,,,,,,,,,,,,,,,,,,,,11,10,17,13,4,3,24,17,11,8,23,16,3,5,,3,10,22,12,19,32,25,25,21,13,36,47,11,14,18,23,14,21,11,10,20,3,21,19,19,19,11,3,15,5,23,4,18,4,10,11,10,9,8,10,11,8,7,8,7,5,7,3,21,23,24,17,17,11,16,19,8,4,5,16,7,17,3,10,3,11,9,8,8,3,4,9,6,3,3,6,12,10,20,17,8,10,3,17,11,19,21,22,28,15,22,4,21,22,23,6,,5,3,16,25,5,15,3,7,,7,14,19,4,11,13,3,3,10,7,5,11,9,6,3,3,3,3,,5,3,21,8,7,11,42,15,10,13,17,,12,,8,,12,10,6,11,8,3,,7,12,13,15,20,8,5,5,,20,17,28,12,10,3,7,25,,,,10,,
20260620,5,PM2.5_24h,38,40,22,33,17,12,34,25,29,45,25,20,15,13,14,18,12,19,24,10,6,9,8,5,22,9,7,14,12,12,11,5,15,4,3,10,5,10,6,10,7,8,7,4,2,9,12,9,27,5,16,8,8,9,6,7,10,9,8,6,8,10,13,13,17,30,10,10,6,14,22,15,16,11,5,6,13,13,15,16,18,20,11,10,25,22,39,35,16,8,7,22,33,4,6,15,8,10,15,14,10,9,11,11,10,12,11,8,5,17,15,8,20,16,30,15,17,17,27,17,21,14,30,6,7,3,14,13,18,15,13,17,11,11,2,4,4,8,11,11,15,29,18,15,12,14,38,19,10,10,21,14,9,12,19,15,18,21,11,40,,,,,,,,,,,,,,,,,,,,,,,,,,,,,,8,11,10,9,10,12,14,16,10,20,31,18,13,12,,8,26,22,15,14,32,20,11,13,10,28,47,11,13,16,15,20,18,11,13,25,11,11,12,16,3,3,2,12,12,16,3,15,3,6,10,11,8,7,10,8,8,6,6,5,5,5,5,10,20,13,15,11,12,9,19,7,5,7,11,4,9,4,6,6,4,8,6,9,15,4,5,4,3,4,11,13,14,22,17,15,10,4,13,12,11,33,16,16,19,19,15,21,19,19,9,,7,11,14,20,4,11,7,19,,8,12,16,6,11,12,5,8,9,10,6,12,8,8,4,5,3,8,,4,6,17,12,8,11,25,14,15,16,11,,11,,12,,13,13,9,10,9,9,2,7,16,30,11,68,8,11,7,60,20,16,26,13,10,3,7,14,,,,9,,
20260620,5,PM10,31,50,41,53,38,17,45,24,38,47,32,45,35,16,9,38,26,41,38,6,10,6,10,22,28,13,11,21,11,14,8,11,10,8,18,20,10,7,7,25,28,23,20,18,8,23,26,14,34,,27,16,12,18,17,16,14,21,20,14,15,28,23,22,32,40,31,21,12,28,79,,50,44,12,13,16,18,62,10,32,13,19,25,34,33,38,53,23,6,29,34,,29,6,29,17,15,23,28,21,23,21,21,25,16,25,32,7,24,8,22,43,31,25,12,34,36,34,30,48,22,42,10,21,7,26,17,34,45,32,38,21,26,12,11,11,23,34,26,28,49,29,39,44,37,33,33,19,23,44,26,19,20,38,90,58,65,113,176,,,,,,,,,,,,,,,,,,,,,,,,,,,,,,20,16,30,32,12,12,30,24,34,39,40,23,34,23,,12,47,29,15,27,33,32,30,35,22,53,,15,16,29,30,39,36,20,11,25,7,,19,19,29,9,10,,11,28,6,,11,8,19,27,31,14,18,20,24,24,16,21,20,26,21,25,31,42,33,27,20,24,25,19,27,23,22,17,25,21,14,11,17,16,16,15,10,8,18,15,6,15,31,20,24,29,25,14,27,6,29,38,31,37,25,30,35,28,22,27,25,28,10,,8,12,22,35,34,25,11,17,,18,9,26,12,23,15,10,10,12,23,6,24,16,12,9,6,7,14,,10,6,24,16,22,23,71,22,22,17,67,,27,,28,,28,18,18,25,19,22,,21,47,24,31,45,8,30,32,35,39,31,46,26,11,17,36,100,,,,19,,
20260620,5,PM10_24h,57,60,40,50,45,16,58,35,54,56,35,42,30,19,16,31,17,27,43,12,12,12,11,9,24,14,14,15,12,11,10,8,15,9,14,21,9,13,11,22,21,19,10,16,4,20,23,9,35,5,19,13,15,17,17,18,14,16,20,13,17,17,24,23,28,36,23,20,11,27,42,20,45,28,13,12,19,24,26,28,24,27,17,14,29,28,52,48,23,13,19,26,38,4,8,27,16,20,27,29,18,22,17,24,19,24,24,23,12,17,25,17,43,27,42,21,27,30,35,26,34,22,46,10,14,9,19,18,17,23,18,26,17,15,13,9,7,16,35,19,33,39,25,30,26,26,38,28,17,17,33,24,23,21,31,48,36,41,33,96,,,,,,,,,,,,,,,,,,,,,,,,,,,,,,15,10,19,22,25,17,20,26,31,61,54,26,45,27,,15,66,35,27,29,37,28,24,24,29,35,41,20,18,24,20,26,23,16,24,34,12,13,14,21,11,8,8,9,20,23,5,12,6,11,20,22,20,13,18,14,19,21,13,16,19,20,27,21,22,27,22,11,8,16,26,14,23,17,16,13,15,12,9,9,10,16,16,14,22,8,9,13,11,13,26,32,29,28,24,21,14,6,26,35,25,36,18,24,32,23,29,28,22,26,24,,14,16,20,26,15,18,15,23,,12,10,26,12,29,14,11,12,13,22,8,24,14,15,9,19,13,15,,12,10,25,20,18,21,53,26,29,22,37,,27,,30,,26,23,17,20,20,24,11,17,42,86,32,218,16,27,29,102,37,46,69,30,29,27,26,43,,,,19,,
20260620,5,SO2,2,5,2,5,6,3,3,5,3,3,5,3,5,7,8,4,7,5,7,6,5,6,4,7,8,5,5,5,5,9,6,7,5,6,6,5,6,6,5,6,6,5,5,6,8,4,3,9,5,7,4,5,5,5,5,6,5,5,6,3,4,9,3,4,10,5,6,5,6,5,12,9,5,5,7,6,6,6,6,4,6,8,2,10,9,14,8,10,9,5,5,5,6,8,4,9,14,5,6,5,7,6,5,5,5,4,3,5,4,4,7,10,6,17,13,4,8,7,7,6,4,6,6,6,12,3,9,2,7,10,5,8,8,7,3,7,7,6,3,6,2,8,10,28,5,10,4,6,3,5,5,6,2,7,6,5,5,20,6,4,,,,,,,,,,,,,,,,,,,,,,,,,,,,,,5,2,4,4,4,7,5,6,5,10,11,5,9,3,,6,9,7,8,9,6,4,8,13,10,1,5,8,8,5,8,6,4,4,6,9,6,6,6,4,9,7,4,8,7,6,5,3,4,6,5,7,3,4,5,6,11,7,5,2,9,3,4,7,5,9,5,4,5,6,4,4,4,9,7,5,6,4,7,6,5,5,10,6,4,5,8,6,5,3,8,5,3,6,7,7,12,5,6,2,7,10,12,5,6,7,4,7,7,4,3,,6,6,3,6,3,8,4,2,,4,5,8,8,5,8,2,3,4,8,5,6,5,8,7,6,7,4,,5,4,4,5,5,6,3,11,8,8,8,,5,,9,,4,11,9,10,10,14,,20,12,6,7,6,2,10,4,3,6,3,4,6,4,7,7,7,,,,6,,
20260620,5,SO2_24h,3,6,2,7,7,3,3,4,3,2,6,5,4,8,8,6,7,5,6,6,5,6,4,5,7,6,5,6,4,9,7,7,5,6,5,5,6,6,5,6,6,3,4,5,8,4,2,8,5,6,3,4,5,5,5,5,5,5,5,3,4,7,3,4,9,5,9,5,5,5,12,13,7,5,8,6,7,7,6,5,6,7,3,9,10,7,10,10,9,5,5,5,7,7,4,8,8,5,6,4,7,6,6,4,4,5,5,5,5,4,8,11,6,12,11,5,9,7,5,6,4,7,6,5,7,3,8,3,7,7,4,8,8,7,3,7,7,5,3,5,2,8,10,18,4,10,4,6,3,4,6,6,2,7,7,9,11,13,6,4,,,,,,,,,,,,,,,,,,,,,,,,,,,,,,5,2,4,4,4,8,4,6,4,16,9,6,10,5,,7,10,7,7,11,6,5,8,11,9,2,4,8,9,5,8,6,4,9,7,11,5,6,6,5,9,7,4,8,5,5,5,4,4,6,5,8,3,3,6,5,10,7,5,2,8,2,4,7,5,7,4,3,4,6,3,4,5,8,7,5,7,4,5,6,3,5,9,5,4,5,4,5,5,3,8,5,3,5,4,8,12,5,6,6,6,10,10,4,7,8,6,7,8,3,3,,6,8,7,8,3,6,4,3,,4,5,9,9,5,8,4,4,4,8,6,6,5,8,7,6,7,4,,5,6,6,9,5,7,14,9,8,7,7,,5,,9,,4,11,7,10,10,14,7,20,9,6,7,6,6,9,5,4,8,3,4,6,4,7,8,8,,,,4,,
20260620,5,NO2,13,17,12,14,7,12,10,5,13,20,22,42,20,15,3,34,10,39,48,8,10,10,6,17,16,3,12,7,10,2,6,4,6,11,12,9,7,8,10,8,26,15,13,9,5,10,8,9,14,22,9,11,3,14,5,2,8,2,7,6,5,8,5,3,16,7,10,10,8,25,7,12,4,18,6,8,4,4,19,6,18,7,9,28,24,10,22,16,22,22,25,13,10,26,6,21,15,7,10,7,11,4,14,3,10,7,11,4,4,12,4,15,17,22,9,9,31,24,17,32,11,16,16,15,19,7,15,5,15,15,23,17,13,15,7,5,8,6,5,5,12,8,19,13,17,14,10,16,10,12,27,12,9,7,26,3,26,20,3,19,,,,,,,,,,,,,,,,,,,,,,,,,,,,,,7,6,11,12,5,13,12,10,8,5,10,6,4,3,,3,5,18,9,30,8,30,,20,15,9,5,2,7,12,14,16,25,18,4,20,3,8,7,6,10,6,1,3,6,1,6,4,7,6,11,11,9,,6,8,16,11,2,4,4,10,3,13,11,15,20,6,12,9,6,7,6,6,18,9,10,12,7,5,11,,6,8,3,4,7,7,7,4,19,5,4,16,11,10,8,3,5,14,16,18,16,20,9,10,19,7,19,10,3,,10,7,6,7,7,12,4,6,,7,5,13,4,4,5,7,3,6,4,5,5,9,6,4,5,3,4,,2,4,16,8,5,6,6,5,10,9,8,,9,,4,,6,11,1,2,3,2,,2,6,9,7,8,14,15,5,4,11,13,4,22,3,3,7,12,,,,3,,
20260620,5,NO2_24h,13,18,11,14,13,10,14,11,14,17,16,19,10,13,8,22,10,20,27,12,9,11,12,10,11,9,11,9,15,6,7,4,7,9,7,9,7,12,11,6,18,12,12,9,6,7,7,7,15,10,8,9,5,11,6,2,8,3,7,7,6,7,7,4,14,12,9,15,10,11,13,13,10,14,7,7,12,12,13,8,12,13,7,15,21,8,22,17,14,12,13,10,12,11,11,17,11,5,8,4,8,3,10,1,10,7,8,5,6,13,12,9,14,14,11,10,19,15,16,17,10,11,10,8,8,11,9,6,11,8,9,11,11,7,8,3,7,7,3,7,7,8,13,14,14,10,12,12,9,11,14,13,10,7,15,6,17,17,9,11,,,,,,,,,,,,,,,,,,,,,,,,,,,,,,5,5,6,9,9,8,7,11,17,11,11,8,6,9,,8,5,11,14,21,8,21,26,12,11,7,7,8,8,11,8,11,10,12,9,23,3,10,8,6,11,7,2,7,9,3,5,7,7,4,8,10,8,4,8,8,12,9,2,4,4,7,3,9,8,9,12,5,9,5,9,7,6,7,9,8,7,4,7,6,6,4,4,5,7,4,5,7,4,7,14,6,5,15,8,10,8,8,7,11,8,13,14,9,17,11,19,8,13,8,4,,14,7,8,5,5,8,5,8,,5,5,10,7,7,6,7,3,7,5,6,7,9,8,6,3,3,8,,2,7,10,10,6,9,9,11,11,8,14,,10,,6,,10,8,2,2,4,2,10,2,9,9,11,11,10,14,9,9,11,14,8,13,3,7,10,7,,,,3,,
20260620,5,O3,37,43,35,37,55,68,52,66,44,40,32,33,32,50,79,14,59,19,44,46,55,48,60,42,34,72,49,43,67,60,64,67,71,14,27,28,25,40,26,22,11,10,17,4,76,15,21,25,56,37,60,62,40,20,28,41,25,39,26,40,30,33,58,58,23,74,18,24,104,38,98,44,65,78,25,28,67,71,30,82,32,66,21,26,46,60,40,60,30,36,32,43,58,22,111,33,29,25,58,61,3,33,17,57,25,18,11,40,48,38,69,35,35,47,105,65,12,15,50,19,91,22,72,59,38,79,44,66,46,36,40,27,20,39,65,41,18,23,63,47,54,38,17,27,31,37,45,19,20,25,34,31,32,44,29,85,52,50,104,32,,,,,,,,,,,,,,,,,,,,,,,,,,,,,,57,57,6,47,75,48,50,64,92,74,78,90,60,74,,46,62,48,57,19,89,52,11,5,20,89,85,75,37,43,32,19,33,46,47,64,49,45,56,53,71,55,56,71,47,49,79,50,63,55,19,6,3,23,17,22,8,29,50,35,42,8,39,14,62,50,29,40,55,69,45,68,38,33,48,60,48,48,60,44,28,19,25,29,96,45,31,23,35,26,2,64,70,10,28,20,29,42,48,9,39,15,32,49,73,34,4,57,6,39,26,,34,74,49,38,15,14,37,24,,8,25,47,46,48,28,34,43,29,20,42,31,23,74,77,127,139,82,,134,57,27,62,8,29,69,90,60,71,91,,85,,93,,78,71,104,114,90,70,,102,67,73,94,78,65,86,73,83,64,69,71,55,58,108,97,63,,,,54,,
20260620,5,O3_24h,37,43,35,37,55,68,52,66,44,40,32,33,32,50,79,14,59,19,44,46,55,48,60,42,34,72,49,43,67,60,64,67,71,14,27,28,25,40,26,22,11,10,17,4,76,15,21,25,56,37,60,62,40,20,28,41,25,39,26,40,30,33,58,58,23,74,18,24,104,38,98,44,65,78,25,28,67,71,30,82,32,66,21,26,46,60,40,60,30,36,32,43,58,22,111,33,29,25,58,61,3,33,17,57,25,18,11,40,48,38,69,35,35,47,105,65,12,15,50,19,91,22,72,59,38,79,44,66,46,36,40,27,20,39,65,41,18,23,63,47,54,38,17,27,31,37,45,19,20,25,34,31,32,44,29,85,52,50,104,32,,,,,,,,,,,,,,,,,,,,,,,,,,,,,,57,57,6,47,75,48,50,64,92,74,78,90,60,74,,46,62,48,57,19,89,52,11,5,20,89,85,75,37,43,32,19,33,46,47,64,49,45,56,53,71,55,56,71,47,49,79,50,63,55,19,6,3,23,17,22,8,29,50,35,42,8,39,14,62,50,29,40,55,69,45,68,38,33,48,60,48,48,60,44,28,19,25,29,96,45,31,23,35,26,2,64,70,10,28,20,29,42,48,9,39,15,32,49,73,34,4,57,6,39,26,,34,74,49,38,15,14,37,24,,8,25,47,46,48,28,34,43,29,20,42,31,23,74,77,127,139,82,,134,57,27,62,8,29,69,90,60,71,91,,85,,93,,78,71,104,114,90,70,,102,67,73,94,78,65,86,73,83,64,69,71,55,58,108,97,63,,,,54,,
20260620,5,O3_8h,85,,,,,,,,,,,,,,,,,,,,,,,,,,,,,,,,,,,,,,,,,,,,,,,,,,102,,,,,,,,,,,,,,,,,,,,,,,,,,,,,,,,,,,,,,,,,,,,,,,,,,,,,,,,,,,,,,,,,,,,,,,,,,,,,99,,,,,,,,,,,,,,,,,,,,,,,,,,,,,,,,,,,,,,,,,,,,,,,,,,,,,,,,,,,,,,,,,,,,,,,,,,,,,,,,,,,,,,,,,,,,,,,,,,58,,,,,,,,,,,,,,,,,,,,,,,61,,,,,,,,,,,,,,97,,,,,,,,,,,,,,,,,,,,,,,,,,,,,,,,,,,,,,,,,,100,,,,,,,,,,,,,,,,,,,,,,,,,,,,,,,,,,,,,,,,,,,,,,,124,,,,,,121,,,88,,,,,,,,,,,,,,
20260620,5,O3_8h_24h,,,,,,,,,,,,,,,,,,,,,,,,,,,,,,,,,,,,,,,,,,,,,,,,,,,,,,,,,,,,,,,,,,,,,,,,,,,,,,,,,,,,,,,,,,,,,,,,,,,,,,,,,,,,,,,,,,,,,,,,,,,,,,,,,,,,,,,,,,,,,,,,,,,,,,,,,,,,,,,,,,,,,,,,,,,,,,,,,,,,,,,,,,,,,,,,,,,,,,,,,,,,,,,,,,,,,,,,,,,,,,,,,,,,,,,,,,,,,,,,,,,,,,,,,,,,,,,,,,,,,,,,,,,,,,,,,,,,,,,,,,,,,,,,,,,,,,,,,,,,,,,,,,,,,,,,,,,,,,,,,,,,,,,,,,,,,,,,,,,,,,,,,,,,,,,,,,,,,,,,,,,,,,,,,,,,,,,
20260620,5,CO,0.46,0.57,0.38,0.43,0.25,0.27,0.46,0.30,0.35,0.35,0.40,0.43,1.03,0.40,0.30,0.83,0.67,0.45,0.90,0.41,0.35,0.72,0.55,0.69,0.46,0.58,0.67,0.60,0.42,0.52,0.90,0.40,0.35,0.54,0.43,0.43,0.49,0.47,0.40,0.43,0.55,0.50,0.40,0.40,0.58,0.30,0.28,0.67,0.36,0.41,0.53,0.69,0.39,0.42,0.47,0.53,0.40,0.25,0.40,0.43,0.53,0.40,0.54,0.30,0.60,0.59,0.67,0.56,0.25,0.58,0.57,0.45,0.20,0.33,0.32,0.52,0.24,0.32,0.66,0.43,0.33,0.40,0.47,0.38,0.54,0.43,0.50,0.42,0.42,0.33,0.38,0.43,0.32,0.50,0.23,0.52,0.57,0.50,0.47,0.57,0.55,0.45,0.70,0.37,0.40,0.40,0.40,0.55,0.33,0.20,0.33,0.65,0.85,0.58,0.54,0.54,0.72,0.74,0.46,0.48,0.46,0.37,0.43,0.50,1.23,0.52,0.43,0.27,0.43,0.63,0.55,0.55,0.50,0.53,0.55,0.90,0.70,0.43,0.53,0.66,0.35,0.63,0.72,0.77,0.63,0.53,0.67,0.40,0.72,0.55,0.43,0.60,0.40,0.46,0.55,0.20,0.35,0.42,0.30,0.20,,,,,,,,,,,,,,,,,,,,,,,,,,,,,,0.47,0.40,0.45,0.57,0.20,0.30,0.82,0.50,0.30,0.30,0.47,0.40,0.45,0.33,,0.10,0.40,0.53,0.60,0.35,0.63,0.30,0.50,1.25,0.60,0.45,0.40,0.33,0.27,0.25,0.43,0.73,0.40,0.47,0.25,0.45,0.20,0.37,0.30,0.25,0.63,0.60,0.35,0.35,0.52,0.20,0.42,0.27,0.55,0.60,0.40,0.63,0.40,0.30,0.55,0.40,1.00,1.33,0.30,0.27,0.20,0.60,0.55,0.55,0.54,0.42,0.50,0.45,0.40,0.65,0.43,0.20,0.50,0.65,0.70,0.60,0.75,0.60,0.60,0.70,0.63,0.45,0.73,0.40,0.80,0.50,0.67,0.50,0.30,0.45,0.30,0.53,0.53,0.60,0.47,0.45,0.37,0.70,0.65,0.50,0.63,0.60,0.60,0.68,0.55,0.50,0.35,0.60,0.70,0.35,0.20,,0.20,0.65,0.47,0.60,0.55,0.45,0.35,0.50,,0.65,0.35,0.40,0.50,0.65,0.45,0.50,0.10,0.20,0.50,0.35,0.40,0.45,0.45,0.35,0.20,0.40,0.40,,0.30,0.30,0.50,0.33,0.40,0.70,0.25,0.25,0.20,0.40,0.50,,0.35,,0.30,,0.20,0.50,0.40,0.20,0.50,0.20,,0.30,0.30,0.40,0.30,0.50,,0.55,0.40,0.60,0.20,0.55,0.30,0.55,0.50,0.10,0.30,0.30,,,,0.35,,
20260620,5,CO_24h,0.66,0.70,0.44,0.58,0.25,0.37,0.43,0.40,0.50,0.53,0.45,0.42,0.58,0.47,0.48,0.71,0.60,0.46,0.66,0.41,0.39,0.66,0.58,0.39,0.38,0.76,0.59,0.59,0.52,0.60,0.94,0.44,0.45,0.58,0.41,0.43,0.45,0.47,0.47,0.43,0.55,0.50,0.30,0.45,0.60,0.30,0.28,0.57,0.35,0.41,0.45,0.63,0.50,0.46,0.49,0.53,0.40,0.25,0.43,0.43,0.53,0.40,0.59,0.35,0.61,0.62,0.60,0.56,0.27,0.55,0.67,0.55,0.30,0.30,0.45,0.50,0.41,0.50,0.54,0.47,0.37,0.43,0.47,0.36,0.60,0.43,0.74,0.48,0.38,0.32,0.35,0.40,0.33,0.44,0.23,0.57,0.63,0.55,0.43,0.60,0.55,0.50,0.80,0.40,0.40,0.50,0.43,0.55,0.37,0.20,0.53,0.58,0.85,0.56,0.68,0.64,0.58,0.68,0.42,0.47,0.48,0.40,0.55,0.42,0.63,0.48,0.40,0.35,0.40,0.43,0.53,0.50,0.53,0.43,0.68,0.93,0.75,0.47,0.50,0.69,0.35,0.60,0.70,0.82,0.53,0.47,0.73,0.35,0.75,0.55,0.40,0.60,0.40,0.42,0.55,0.20,0.53,1.26,0.36,0.25,,,,,,,,,,,,,,,,,,,,,,,,,,,,,,0.58,0.50,0.40,0.57,0.27,0.35,0.77,0.60,0.37,0.50,0.53,0.30,0.55,0.47,,0.25,0.45,0.55,0.60,0.50,0.70,0.37,0.50,0.60,0.55,0.35,0.50,0.37,0.27,0.23,0.53,0.67,0.35,0.47,0.25,0.50,0.20,0.40,0.38,0.30,0.57,0.47,0.30,0.45,0.56,0.27,0.40,0.30,0.47,0.27,0.37,1.00,0.40,0.40,0.60,0.47,0.77,1.13,0.30,0.34,0.20,0.58,0.57,0.50,0.48,0.33,0.45,0.45,0.42,0.53,0.50,0.23,0.47,0.67,0.70,0.73,0.65,0.60,0.60,0.70,0.60,0.55,0.87,0.50,1.00,0.50,0.57,0.50,0.25,0.45,0.40,0.53,0.57,0.73,0.43,0.50,0.43,0.80,0.65,0.50,0.60,0.55,0.60,0.65,0.70,0.55,0.42,0.60,0.65,0.35,0.20,,0.25,0.55,0.57,0.57,0.50,0.50,0.35,0.60,,0.65,0.40,0.50,0.50,0.65,0.45,0.50,0.10,0.20,0.65,0.35,0.50,0.45,0.45,0.35,0.20,0.40,0.30,,0.25,0.50,0.60,0.30,0.50,0.80,0.40,0.35,0.20,0.40,0.50,,0.35,,0.30,,0.25,0.60,0.40,0.20,0.40,0.30,0.20,0.30,0.37,0.30,0.30,0.50,0.10,0.25,0.40,0.65,0.15,0.45,0.30,0.55,0.50,0.10,0.30,0.25,,,,0.40,,
20260620,6,AQI,31,53,40,47,34,19,50,20,36,48,36,44,34,21,23,40,36,41,40,12,17,13,17,29,36,22,13,28,20,18,24,20,24,8,19,22,10,11,7,26,27,25,19,17,23,24,24,12,43,39,36,19,15,18,17,16,16,14,20,22,17,22,24,22,34,40,30,20,37,30,65,27,61,36,9,13,20,21,51,25,39,27,20,24,53,30,55,64,26,21,58,46,60,23,34,39,20,17,22,27,22,21,20,21,24,20,25,28,15,24,21,19,43,32,32,19,37,33,45,31,50,27,36,19,18,23,25,27,33,46,33,44,27,24,20,13,12,19,29,28,25,37,30,45,44,33,36,33,17,20,44,30,24,20,30,73,49,54,72,108,,,,,,,,,,,,,,,,,,,,,,,,,,,,,,21,23,33,36,21,16,37,23,28,31,41,28,31,22,,15,52,33,23,26,46,34,37,33,26,50,61,24,14,23,29,23,35,32,18,30,15,23,27,30,26,18,18,21,14,33,24,30,19,18,21,29,27,15,17,24,23,26,17,21,19,26,20,27,34,44,30,28,23,27,27,21,34,24,24,19,28,20,19,17,19,19,18,11,27,13,17,15,10,13,35,27,24,24,23,15,30,13,31,47,31,34,30,47,28,30,30,23,30,37,16,,14,24,29,34,28,25,14,30,,18,14,29,14,19,24,9,14,16,24,13,20,18,22,21,40,43,24,,43,18,30,19,20,25,60,29,24,22,52,,27,,29,,28,24,32,31,27,20,,33,58,21,32,49,19,29,27,40,29,32,56,25,18,34,39,72,,,,18,,
20260620,6,PM2.5,20,37,21,32,11,9,29,9,11,32,20,24,14,10,9,28,25,29,20,4,7,3,11,20,25,7,6,17,9,12,17,8,17,3,6,11,6,3,3,14,12,10,9,3,4,9,13,7,30,27,25,8,3,7,5,7,9,7,8,5,7,10,11,11,20,28,14,13,7,15,45,19,14,10,6,6,6,5,24,5,27,19,14,14,37,21,39,46,18,15,41,32,43,16,3,27,9,11,13,13,10,9,9,11,10,14,13,9,3,17,3,12,22,14,14,9,26,23,24,22,29,19,25,7,11,3,17,17,23,28,17,29,16,15,3,6,8,9,11,16,11,26,19,15,21,20,25,22,11,13,31,21,17,14,12,31,18,14,15,65,,,,,,,,,,,,,,,,,,,,,,,,,,,,,,7,16,18,21,5,7,26,16,8,6,23,12,5,5,,3,16,23,14,17,32,24,26,21,14,35,44,8,10,16,17,15,21,15,6,21,7,16,19,21,18,11,5,15,6,23,3,21,8,12,13,11,9,8,10,15,11,6,6,8,4,6,3,14,24,22,17,19,14,15,19,11,5,6,14,9,18,3,9,3,10,3,8,8,3,5,10,6,3,5,16,14,15,17,13,8,14,3,20,12,20,18,21,33,3,21,4,10,21,26,7,,5,3,20,24,8,15,3,21,,6,10,20,3,5,17,3,6,6,8,3,6,10,5,3,3,3,3,,3,5,21,6,7,11,38,14,13,14,16,,13,,7,,10,14,12,9,13,3,,6,16,10,7,15,8,12,5,,17,16,36,14,9,3,8,20,,,,9,,
20260620,6,PM2.5_24h,36,39,21,32,17,11,34,25,28,43,24,20,14,13,14,18,13,19,23,9,5,8,8,5,21,7,6,13,11,11,11,5,14,3,3,10,5,8,5,10,8,8,7,4,2,9,12,9,27,6,16,8,8,10,7,8,10,9,8,6,8,10,13,13,17,30,10,11,7,14,24,15,16,11,5,6,13,12,15,15,18,20,11,10,25,22,38,35,14,8,9,21,33,5,6,15,8,10,15,14,10,9,11,11,10,12,11,8,5,17,15,8,20,16,29,14,17,17,26,18,22,14,29,5,6,3,14,14,18,15,14,18,11,11,2,3,4,8,11,11,15,29,18,15,13,14,38,19,10,10,22,14,9,12,18,15,17,21,11,43,,,,,,,,,,,,,,,,,,,,,,,,,,,,,,7,11,11,9,10,12,15,15,11,18,31,17,12,12,,8,26,21,15,14,31,20,12,14,10,28,46,11,13,16,15,20,18,11,12,25,10,10,11,16,3,4,1,10,11,16,3,15,3,5,10,11,8,7,10,8,8,6,6,6,5,5,5,11,21,13,14,12,12,9,19,7,4,7,11,4,9,4,6,5,5,8,6,9,13,4,5,4,3,4,11,13,14,22,17,14,9,3,13,12,11,33,16,16,18,19,15,21,19,19,9,,7,10,14,21,4,11,7,20,,8,12,16,6,11,13,5,8,9,10,6,12,8,8,4,4,3,8,,4,6,17,11,8,11,26,14,15,16,11,,11,,12,,13,14,10,10,9,8,2,7,16,30,11,55,8,11,7,62,20,16,27,13,10,3,7,14,,,,9,,
20260620,6,PM10,31,52,40,47,34,19,50,19,36,48,36,44,34,21,12,37,29,37,40,6,12,6,11,25,29,10,12,28,10,15,12,13,17,8,19,22,10,7,7,26,27,25,19,17,8,24,24,10,34,,26,15,9,18,17,16,16,14,20,14,17,22,24,22,34,34,30,20,14,30,80,,71,36,7,13,15,17,51,11,20,24,19,24,,30,48,55,23,16,41,,42,21,6,30,20,17,22,27,22,21,20,21,24,15,25,28,6,24,9,19,43,32,25,13,36,33,45,30,50,24,35,11,18,7,25,27,31,46,33,44,27,24,13,12,12,19,29,28,25,37,30,45,44,33,27,33,17,20,44,23,21,20,30,95,49,58,93,165,,,,,,,,,,,,,,,,,,,,,,,,,,,,,,21,,33,36,17,12,35,23,18,31,41,20,31,19,,8,54,31,23,26,,31,32,33,26,47,,17,14,22,29,23,35,32,18,,,,21,17,26,12,9,,10,25,6,,14,13,21,29,27,15,17,24,23,26,17,21,19,26,20,27,31,44,30,28,23,27,24,21,34,24,24,14,28,17,13,12,19,19,17,10,11,11,17,15,6,13,35,27,24,24,23,15,30,9,31,47,31,34,20,34,28,28,30,14,26,32,16,,14,10,23,29,28,25,14,26,,18,12,29,10,19,,9,11,16,24,7,20,18,14,7,6,6,7,,10,6,28,19,20,25,70,22,24,22,54,,27,,27,,28,24,26,29,26,17,,12,65,21,32,49,13,21,27,40,29,32,62,25,17,14,39,93,,,,18,,
20260620,6,PM10_24h,54,59,39,49,44,17,56,34,52,54,35,41,29,18,15,31,17,28,43,11,11,11,11,9,23,13,13,14,11,11,10,8,14,8,14,21,8,11,10,23,21,20,11,17,4,20,23,9,34,6,20,13,15,17,18,18,15,16,20,13,17,18,24,23,28,36,23,20,11,27,44,20,46,28,13,12,19,23,27,27,23,27,18,13,28,28,51,49,22,14,21,25,38,5,8,27,16,20,27,29,18,22,17,24,19,23,24,24,11,18,24,17,44,26,40,20,27,30,35,27,34,22,45,10,13,8,19,19,18,24,19,27,17,16,13,9,7,17,36,20,33,39,25,31,26,26,39,29,17,17,33,24,22,21,31,50,36,42,37,102,,,,,,,,,,,,,,,,,,,,,,,,,,,,,,15,9,20,22,25,17,21,25,31,60,54,26,45,27,,15,70,34,27,29,36,28,24,24,28,35,41,21,18,22,20,26,24,17,25,34,11,12,12,21,11,8,7,8,18,22,5,12,6,11,20,22,20,13,18,15,19,21,13,16,19,21,27,22,22,27,22,12,9,17,27,13,23,18,16,13,15,12,9,9,10,17,16,14,20,8,10,13,11,13,26,31,29,28,24,20,15,6,26,35,25,36,18,24,31,23,29,27,22,26,24,,14,16,20,27,15,18,15,23,,12,10,26,12,29,14,11,11,14,23,8,23,13,16,9,13,12,15,,12,9,26,21,18,21,55,26,29,21,38,,27,,30,,25,23,18,20,20,24,11,17,43,86,32,173,16,27,29,103,38,46,70,30,28,27,27,43,,,,19,,
20260620,6,SO2,2,6,3,6,6,3,3,4,3,3,5,3,6,7,8,6,9,5,8,6,5,6,5,6,8,6,5,5,5,10,7,8,6,6,6,5,7,5,5,6,6,4,5,6,9,5,3,10,6,7,4,5,5,5,5,5,5,5,5,3,4,8,3,4,10,5,7,5,5,5,12,9,5,5,5,6,7,7,7,4,5,7,4,10,9,10,10,11,9,5,6,5,5,8,4,10,13,6,6,4,7,6,5,5,5,4,4,4,5,4,7,10,7,14,11,5,11,7,7,13,5,7,5,5,13,3,9,2,7,11,6,9,8,7,3,7,7,5,2,5,2,9,9,14,4,10,5,6,3,4,5,6,2,7,6,5,4,14,5,3,,,,,,,,,,,,,,,,,,,,,,,,,,,,,,5,2,6,4,4,8,16,7,5,9,9,5,9,4,,6,10,9,10,10,6,4,8,16,10,2,6,7,9,6,9,7,4,13,7,10,6,5,6,6,10,6,4,9,6,5,5,4,27,6,5,8,3,6,5,8,12,5,7,7,9,27,6,11,5,9,5,4,5,6,5,4,4,9,6,5,10,4,6,12,4,5,10,5,4,5,6,36,5,3,8,6,3,7,5,7,12,5,7,2,7,9,10,4,6,7,5,7,8,4,3,,6,6,3,6,3,7,4,2,,4,5,8,8,5,8,2,3,4,8,6,6,4,8,7,5,7,4,,5,4,5,6,5,7,3,11,9,7,8,,5,,9,,4,10,12,10,10,14,,21,14,6,7,6,1,10,6,3,7,3,5,6,4,7,6,7,,,,4,,
20260620,6,SO2_24h,3,5,2,7,6,3,3,4,3,2,6,5,4,8,8,6,7,5,6,6,5,6,4,5,7,6,5,6,4,9,7,7,5,6,5,5,6,5,5,6,6,3,4,5,8,4,2,8,5,6,3,4,5,5,5,5,5,5,5,3,4,7,3,4,9,5,8,5,5,5,12,13,7,5,8,6,7,7,6,5,6,7,3,9,10,7,10,10,9,5,5,5,7,8,4,8,8,5,6,4,7,6,6,4,5,5,5,5,5,4,8,11,6,12,11,5,9,7,5,6,4,7,6,5,7,3,8,3,7,7,4,9,8,7,3,7,7,5,3,5,2,8,10,17,4,10,4,6,3,4,6,6,2,7,7,9,11,13,6,4,,,,,,,,,,,,,,,,,,,,,,,,,,,,,,5,2,4,4,4,8,5,6,4,15,8,6,10,5,,7,10,7,7,11,6,5,8,11,9,2,4,8,9,5,8,6,4,9,7,11,5,6,6,5,9,7,4,8,5,5,5,4,5,6,5,9,3,3,6,5,10,7,5,3,7,3,4,7,5,7,4,3,4,6,4,4,5,8,7,5,7,4,5,6,3,5,9,5,4,5,5,6,5,3,8,5,3,6,4,8,12,5,6,5,6,10,10,4,7,8,6,7,8,4,3,,6,8,7,8,3,6,4,3,,4,5,9,9,5,8,4,4,4,8,6,6,5,8,7,6,7,4,,5,6,6,8,5,7,14,9,8,7,7,,5,,8,,4,11,7,10,10,14,7,20,9,6,7,6,6,9,5,4,8,3,4,6,4,7,8,8,,,,4,,
20260620,6,NO2,15,21,16,15,9,15,15,4,17,20,28,33,18,20,4,37,9,37,51,11,10,12,12,19,13,4,14,8,10,3,7,5,6,12,16,12,9,11,12,12,19,15,14,8,6,12,8,6,14,20,13,12,2,15,6,3,9,2,7,5,8,9,6,4,17,6,10,12,6,23,7,15,4,11,6,9,5,6,18,8,17,15,12,21,28,11,17,22,18,21,28,13,10,24,8,24,16,6,7,5,9,4,12,3,8,8,12,3,5,13,4,12,16,22,11,8,26,23,18,24,12,16,20,18,18,13,14,11,14,16,16,18,10,11,8,8,7,6,5,5,5,7,19,10,17,16,11,13,9,11,29,11,8,8,31,4,19,25,3,34,,,,,,,,,,,,,,,,,,,,,,,,,,,,,,8,5,11,12,4,14,15,10,7,4,11,6,4,4,,3,6,21,11,22,9,25,41,21,16,13,7,6,8,11,11,15,28,21,6,14,4,7,8,7,10,7,2,2,5,3,5,5,6,5,9,12,9,2,11,11,18,8,2,4,5,11,3,12,12,15,15,8,13,14,7,8,8,4,22,11,12,8,6,5,13,4,8,9,4,5,6,7,8,4,18,6,5,14,8,10,9,4,8,16,11,18,13,19,7,12,19,5,17,11,3,,9,7,8,4,6,11,3,8,,6,5,13,5,5,6,9,3,6,4,5,4,10,6,6,2,3,4,,2,4,19,8,5,7,6,6,14,11,8,,7,,4,,4,10,1,2,4,1,,2,8,9,6,8,13,10,6,4,11,15,4,18,2,3,6,16,,,,3,,
20260620,6,NO2_24h,13,18,11,14,12,10,14,11,14,17,16,20,10,13,8,22,10,21,28,12,9,11,13,11,11,8,11,9,15,6,7,4,7,9,7,9,6,12,11,6,18,12,12,9,6,7,6,7,15,10,9,9,5,11,6,2,8,3,6,6,6,7,7,4,14,12,9,15,10,12,13,13,9,14,7,7,11,11,13,8,12,13,7,14,21,8,21,17,14,13,14,10,12,12,11,17,11,4,8,4,8,3,10,2,10,7,7,5,5,13,12,9,15,15,11,10,19,15,17,17,10,11,10,9,8,11,9,6,11,8,10,11,11,8,8,4,7,7,3,7,7,8,13,15,14,10,12,12,9,11,15,13,10,7,16,6,17,18,9,13,,,,,,,,,,,,,,,,,,,,,,,,,,,,,,5,5,6,9,8,8,8,10,17,10,11,8,6,8,,7,5,11,14,21,8,21,26,12,11,7,7,8,7,11,8,11,11,12,8,23,3,9,8,6,11,7,2,6,8,2,5,7,7,4,8,10,8,4,8,8,13,9,2,4,4,7,3,9,8,10,12,5,9,6,9,7,6,7,9,8,7,4,6,6,6,4,4,5,7,4,5,7,4,7,15,6,5,15,8,10,8,8,7,11,8,13,14,9,17,11,19,7,13,8,4,,14,6,8,5,5,8,5,8,,5,5,10,7,7,6,7,3,7,5,6,7,9,8,6,3,3,8,,1,7,10,10,6,9,8,10,10,9,14,,10,,5,,9,8,2,2,4,2,10,2,9,8,10,11,10,13,9,10,11,14,8,13,3,7,10,7,,,,3,,
20260620,6,O3,35,37,31,35,65,62,42,65,40,42,27,31,27,48,75,13,67,20,39,37,53,42,53,35,36,70,43,47,63,57,62,63,71,11,19,23,20,34,21,19,12,9,18,5,73,12,19,38,54,37,52,61,48,21,28,52,24,40,27,69,25,36,54,53,20,72,17,20,119,33,94,41,65,84,27,27,63,66,30,79,29,56,18,33,37,55,45,55,34,45,26,45,61,21,108,29,30,26,57,62,6,38,12,54,30,16,13,46,47,40,67,36,33,48,103,60,14,12,47,22,93,30,68,60,42,74,47,52,50,35,39,31,18,44,63,40,19,20,56,48,58,34,15,32,23,30,44,19,20,26,33,27,34,41,21,84,52,42,104,17,,,,,,,,,,,,,,,,,,,,,,,,,,,,,,49,58,4,45,68,50,44,63,90,72,72,91,59,71,,49,70,47,49,30,77,49,12,5,18,78,82,77,34,45,47,18,36,38,53,72,48,56,61,50,68,58,56,64,45,38,76,48,60,56,20,7,3,23,16,29,7,33,46,32,41,7,38,13,49,52,43,40,52,59,46,67,33,30,41,62,43,63,62,54,20,14,35,24,87,43,38,17,31,12,2,63,69,10,29,19,29,43,43,4,38,21,30,57,88,22,2,75,7,42,22,,28,77,40,47,13,10,39,10,,7,24,43,45,44,26,26,44,27,19,41,40,19,71,68,128,139,77,,137,59,21,62,10,25,68,92,44,61,94,,84,,92,,85,65,103,98,86,64,,104,65,67,89,87,62,93,72,78,68,54,73,52,59,110,94,50,,,,53,,
20260620,6,O3_24h,35,37,31,35,65,62,42,65,40,42,27,31,27,48,75,13,67,20,39,37,53,42,53,35,36,70,43,47,63,57,62,63,71,11,19,23,20,34,21,19,12,9,18,5,73,12,19,38,54,37,52,61,48,21,28,52,24,40,27,69,25,36,54,53,20,72,17,20,119,33,94,41,65,84,27,27,63,66,30,79,29,56,18,33,37,55,45,55,34,45,26,45,61,21,108,29,30,26,57,62,6,38,12,54,30,16,13,46,47,40,67,36,33,48,103,60,14,12,47,22,93,30,68,60,42,74,47,52,50,35,39,31,18,44,63,40,19,20,56,48,58,34,15,32,23,30,44,19,20,26,33,27,34,41,21,84,52,42,104,17,,,,,,,,,,,,,,,,,,,,,,,,,,,,,,49,58,4,45,68,50,44,63,90,72,72,91,59,71,,49,70,47,49,30,77,49,12,5,18,78,82,77,34,45,47,18,36,38,53,72,48,56,61,50,68,58,56,64,45,38,76,48,60,56,20,7,3,23,16,29,7,33,46,32,41,7,38,13,49,52,43,40,52,59,46,67,33,30,41,62,43,63,62,54,20,14,35,24,87,43,38,17,31,12,2,63,69,10,29,19,29,43,43,4,38,21,30,57,88,22,2,75,7,42,22,,28,77,40,47,13,10,39,10,,7,24,43,45,44,26,26,44,27,19,41,40,19,71,68,128,139,77,,137,59,21,62,10,25,68,92,44,61,94,,84,,92,,85,65,103,98,86,64,,104,65,67,89,87,62,93,72,78,68,54,73,52,59,110,94,50,,,,53,,
20260620,6,O3_8h,85,,,,,,,,,,,,,,,,,,,,,,,,,,,,,,,,,,,,,,,,,,,,,,,,,,102,,,,,,54,,,,,,,,,,,,,,,,,,,,,,,,,,,,,,,,,,,,,,,,,,,,,,,,,,,,,,,,,,,,,,,,,,,,,,,99,,,,,,,,,,,,,,,,,,,,,,,,,,,,,,,,,,,,,,,,,,,,,,,,,,,,,,,,,,,,,,,,,,,,,,,,,,,,,,,,,,,,,,,,,,,,,,,,,,58,,,,,,,,,,,,,,,,,,,,,,,61,,,,,,,,,,,,,,97,,,,,,,,,,,,,,,,,,,,,,,,,,,,,,,,,,,,,,,,,,,,,,,,,,,,,,,,,,,,,,,,,,,,,,,,,,,,,,,,,,,,,,,,,124,,,,,,121,,,88,,,,,,,,,,,,,,
20260620,6,O3_8h_24h,,,,,,,,,,,,,,,,,,,,,,,,,,,,,,,,,,,,,,,,,,,,,,,,,,,,,,,,,,,,,,,,,,,,,,,,,,,,,,,,,,,,,,,,,,,,,,,,,,,,,,,,,,,,,,,,,,,,,,,,,,,,,,,,,,,,,,,,,,,,,,,,,,,,,,,,,,,,,,,,,,,,,,,,,,,,,,,,,,,,,,,,,,,,,,,,,,,,,,,,,,,,,,,,,,,,,,,,,,,,,,,,,,,,,,,,,,,,,,,,,,,,,,,,,,,,,,,,,,,,,,,,,,,,,,,,,,,,,,,,,,,,,,,,,,,,,,,,,,,,,,,,,,,,,,,,,,,,,,,,,,,,,,,,,,,,,,,,,,,,,,,,,,,,,,,,,,,,,,,,,,,,,,,,,,,,,,,
20260620,6,CO,0.46,0.60,0.40,0.51,0.20,0.30,0.47,0.23,0.35,0.33,0.45,0.47,0.98,0.38,0.32,0.88,0.71,0.45,0.87,0.40,0.35,0.72,0.53,0.64,0.62,0.58,0.70,0.56,0.42,0.50,0.88,0.44,0.38,0.57,0.44,0.43,0.50,0.47,0.40,0.43,0.55,0.53,0.40,0.45,0.57,0.30,0.28,0.67,0.41,0.43,0.56,0.61,0.41,0.44,0.47,0.53,0.40,0.30,0.43,0.43,0.53,0.40,0.54,0.30,0.62,0.57,0.67,0.59,0.25,0.59,0.57,0.40,0.17,0.25,0.35,0.65,0.26,0.32,0.60,0.40,0.33,0.43,0.47,0.36,0.52,0.43,0.48,0.43,0.62,0.33,0.55,0.45,0.32,0.50,0.23,0.53,0.60,0.53,0.37,0.57,0.55,0.50,0.70,0.37,0.40,0.40,0.47,0.55,0.33,0.40,0.29,0.70,0.85,0.56,0.52,0.60,0.75,0.72,0.48,0.48,0.48,0.40,0.45,0.55,1.13,0.52,0.48,0.33,0.45,0.70,0.65,0.53,0.50,0.53,0.55,0.90,0.65,0.43,0.53,0.67,0.35,0.57,0.72,0.63,0.63,0.57,0.67,0.35,0.72,0.53,0.43,0.60,0.40,0.46,0.55,0.20,0.40,0.48,0.30,0.25,,,,,,,,,,,,,,,,,,,,,,,,,,,,,,0.47,0.40,0.45,0.80,0.20,0.30,0.90,0.50,0.30,0.30,0.50,0.40,0.40,0.35,,0.10,0.40,0.60,0.60,0.35,0.60,0.40,0.50,1.10,0.65,0.50,0.40,0.33,0.27,0.25,0.43,0.80,0.40,0.50,0.25,0.45,0.20,0.37,0.30,0.30,0.60,0.60,0.35,0.35,0.54,0.20,0.40,0.30,0.55,0.53,0.37,0.90,0.45,0.30,0.55,0.47,1.07,0.68,0.30,0.27,0.20,0.58,0.55,0.60,0.52,0.38,0.45,0.47,0.42,0.63,0.50,0.20,0.55,0.65,0.72,0.60,0.90,0.60,0.60,0.70,0.63,0.50,1.83,0.40,0.80,0.50,0.60,0.50,0.40,0.45,0.30,0.53,0.53,0.60,0.43,0.45,0.37,0.70,0.70,0.50,0.63,0.70,0.57,0.68,0.50,0.53,0.40,0.55,0.65,0.40,0.20,,0.20,0.50,0.47,0.57,0.50,0.50,0.30,0.60,,0.65,0.35,0.40,0.50,0.65,0.45,0.40,0.10,0.20,0.50,0.35,0.35,0.45,0.45,0.35,0.20,0.40,0.30,,0.30,0.30,0.50,0.30,0.40,0.70,0.25,0.25,0.20,0.40,0.50,,0.35,,0.30,,0.20,0.50,0.40,0.20,0.50,0.20,,0.30,0.23,0.40,0.35,0.50,,0.40,0.40,0.60,0.10,0.60,0.40,0.55,0.50,0.10,0.30,0.25,,,,0.35,,
20260620,6,CO_24h,0.65,0.69,0.44,0.54,0.25,0.37,0.43,0.40,0.50,0.50,0.45,0.42,0.60,0.47,0.48,0.72,0.60,0.45,0.67,0.41,0.38,0.67,0.58,0.40,0.38,0.72,0.59,0.59,0.50,0.60,0.94,0.44,0.45,0.57,0.41,0.43,0.45,0.47,0.47,0.43,0.55,0.50,0.30,0.45,0.59,0.30,0.28,0.57,0.37,0.41,0.45,0.63,0.50,0.46,0.49,0.57,0.40,0.25,0.43,0.43,0.53,0.40,0.59,0.35,0.61,0.62,0.60,0.56,0.27,0.55,0.67,0.55,0.30,0.31,0.45,0.50,0.41,0.50,0.54,0.47,0.37,0.43,0.47,0.36,0.60,0.43,0.72,0.47,0.38,0.32,0.35,0.40,0.33,0.44,0.23,0.53,0.60,0.55,0.43,0.60,0.55,0.50,0.80,0.40,0.40,0.50,0.43,0.55,0.37,0.20,0.53,0.58,0.85,0.56,0.66,0.62,0.60,0.66,0.42,0.47,0.48,0.40,0.52,0.42,0.63,0.48,0.40,0.38,0.42,0.43,0.55,0.50,0.53,0.43,0.68,0.93,0.75,0.47,0.50,0.69,0.35,0.60,0.70,0.80,0.57,0.47,0.73,0.35,0.72,0.55,0.40,0.60,0.40,0.42,0.60,0.20,0.50,1.18,0.36,0.25,,,,,,,,,,,,,,,,,,,,,,,,,,,,,,0.55,0.50,0.40,0.57,0.23,0.35,0.77,0.60,0.37,0.47,0.53,0.30,0.55,0.47,,0.25,0.45,0.55,0.60,0.50,0.70,0.37,0.50,0.60,0.55,0.35,0.50,0.37,0.27,0.23,0.50,0.67,0.35,0.47,0.25,0.50,0.20,0.38,0.34,0.30,0.57,0.47,0.30,0.40,0.54,0.23,0.40,0.30,0.47,0.27,0.37,0.97,0.40,0.35,0.60,0.47,0.80,1.10,0.30,0.34,0.20,0.58,0.57,0.50,0.48,0.35,0.45,0.45,0.42,0.53,0.50,0.23,0.47,0.67,0.70,0.73,0.68,0.60,0.60,0.70,0.60,0.55,0.93,0.50,0.90,0.50,0.57,0.50,0.25,0.45,0.40,0.53,0.55,0.73,0.43,0.50,0.43,0.80,0.65,0.50,0.60,0.55,0.60,0.65,0.65,0.55,0.42,0.60,0.65,0.35,0.20,,0.25,0.55,0.57,0.57,0.50,0.45,0.35,0.60,,0.65,0.40,0.50,0.50,0.65,0.40,0.50,0.10,0.20,0.65,0.35,0.50,0.45,0.45,0.35,0.20,0.40,0.30,,0.25,0.50,0.57,0.30,0.50,0.80,0.35,0.35,0.20,0.40,0.50,,0.35,,0.30,,0.25,0.60,0.40,0.20,0.40,0.30,0.20,0.30,0.37,0.30,0.30,0.50,0.10,0.25,0.40,0.65,0.15,0.45,0.30,0.50,0.50,0.10,0.30,0.25,,,,0.40,,
20260620,7,AQI,28,54,40,49,31,20,51,19,46,52,37,46,27,21,22,39,33,42,40,10,16,12,23,24,33,21,13,29,19,18,30,19,34,9,19,22,11,9,7,28,27,29,21,19,21,25,23,19,40,34,39,21,17,18,18,17,14,15,23,16,17,22,25,23,33,30,33,22,38,32,68,23,51,31,10,13,19,21,46,23,39,21,24,30,53,36,53,61,29,21,79,46,60,26,30,55,21,19,21,28,23,16,20,23,24,21,23,23,12,26,20,27,42,24,32,15,39,45,47,30,51,32,42,18,16,21,24,22,31,49,29,39,24,24,20,15,13,23,29,27,20,29,31,31,46,30,34,36,18,29,46,29,29,23,29,73,55,45,54,101,,,,,,,,,,,,,,,,,,,,,,,,,,,,,,23,21,34,34,21,21,44,24,26,39,42,29,28,22,,17,56,40,22,26,47,30,40,36,43,47,53,24,17,22,31,28,29,27,23,30,16,18,26,29,23,19,17,23,23,36,23,30,19,23,20,24,25,15,17,21,23,26,20,25,21,25,23,30,26,41,30,28,26,27,29,23,31,18,26,23,26,22,21,19,20,16,15,19,27,12,14,19,13,17,35,40,34,28,25,18,26,13,34,43,26,41,33,24,30,30,31,23,30,56,13,,13,24,27,29,26,25,17,36,,21,14,35,12,22,26,13,17,15,23,12,18,17,22,18,39,43,25,,43,19,34,23,22,27,61,28,30,22,51,,26,,30,,28,29,30,33,28,27,,33,64,28,26,34,15,29,22,37,29,33,54,29,16,33,33,63,,,,19,,
20260620,7,PM2.5,18,38,13,34,13,11,29,6,23,31,20,20,11,10,4,27,23,29,17,4,8,3,16,17,23,8,9,18,8,12,21,12,24,3,7,13,6,3,3,15,12,15,11,6,5,9,12,4,28,24,27,9,3,8,6,8,10,8,9,5,7,11,11,11,19,21,18,13,6,16,48,16,11,9,6,6,3,7,31,5,27,15,15,16,37,20,37,44,20,15,58,32,43,18,4,39,10,12,13,14,14,10,10,13,10,15,16,9,3,18,3,11,16,10,16,9,27,24,33,21,31,21,24,9,10,3,13,15,22,25,17,26,13,10,4,4,8,10,11,16,11,19,20,11,22,18,24,24,10,17,32,20,20,16,13,31,17,9,11,65,,,,,,,,,,,,,,,,,,,,,,,,,,,,,,9,15,19,13,4,10,31,14,9,3,23,16,5,6,,3,14,27,12,17,33,21,28,23,21,33,37,6,12,15,10,18,20,13,11,21,10,12,18,20,12,9,3,16,16,25,5,21,8,8,14,13,10,10,12,9,9,4,5,5,3,4,3,9,18,20,17,16,18,18,19,9,7,8,15,5,16,3,4,3,7,3,6,13,3,8,10,8,9,3,17,15,17,18,16,11,13,3,19,14,17,20,23,13,3,21,5,7,21,40,9,,6,5,18,20,7,14,7,25,,7,10,19,3,3,18,6,12,9,8,3,6,8,3,3,3,3,10,,3,3,24,5,9,12,40,13,18,13,14,,14,,9,,15,20,18,9,12,10,,6,16,19,6,13,7,16,8,,15,16,36,17,10,3,8,21,,,,8,,
20260620,7,PM2.5_24h,34,39,20,32,16,11,33,23,27,42,24,20,14,12,13,18,13,19,23,8,4,7,7,6,19,6,5,12,10,10,11,5,14,2,3,11,5,7,4,11,8,8,7,5,2,9,12,9,26,7,17,8,8,10,7,8,10,9,8,6,8,10,13,13,18,30,11,11,7,13,25,15,16,11,6,7,12,11,16,14,18,19,12,10,25,21,37,36,12,8,11,20,33,5,5,16,8,10,15,14,10,9,11,11,11,12,11,8,4,17,14,8,20,15,27,14,18,17,26,18,22,14,29,5,6,3,14,14,18,16,14,19,11,11,2,3,4,8,11,11,15,29,18,16,13,14,38,19,10,10,22,13,9,12,17,16,17,20,11,45,,,,,,,,,,,,,,,,,,,,,,,,,,,,,,7,10,11,10,9,11,16,14,11,18,31,16,12,11,,8,26,21,15,14,31,20,12,14,10,28,46,10,13,16,15,21,18,11,12,25,10,9,10,16,4,4,1,10,10,16,3,16,3,5,10,11,8,7,10,8,9,6,6,6,5,5,5,11,21,13,14,12,12,10,19,7,5,7,11,4,10,4,6,5,5,8,6,10,11,4,6,5,3,3,12,13,14,22,17,14,10,3,13,12,12,33,16,15,17,19,14,20,19,20,9,,7,9,15,21,4,11,7,20,,8,12,16,6,11,13,5,8,9,10,5,13,8,8,4,4,3,8,,4,6,17,11,8,11,27,14,15,16,12,,11,,11,,13,14,10,10,9,9,2,7,16,30,11,43,8,12,7,64,20,16,28,13,10,3,7,14,,,,9,,
20260620,7,PM10,28,54,40,45,31,14,51,18,46,54,37,46,27,21,11,35,25,42,40,7,14,6,14,20,26,16,13,29,11,14,23,18,26,9,19,22,11,6,7,28,27,29,21,19,9,25,23,7,35,18,34,18,8,18,18,17,14,15,23,16,17,22,25,23,33,26,33,22,15,32,86,,51,31,10,13,11,21,46,11,24,21,24,30,34,36,35,51,27,7,70,31,46,24,7,34,21,19,21,28,23,16,20,23,24,16,21,23,10,22,7,27,42,24,21,14,33,45,,29,51,32,42,11,16,8,24,22,27,49,29,39,24,24,12,9,13,23,29,27,20,29,31,31,46,30,26,36,18,29,43,22,25,22,29,95,60,45,58,152,,,,,,,,,,,,,,,,,,,,,,,,,,,,,,23,,34,34,20,21,41,24,20,39,42,20,28,19,,13,62,40,22,26,36,28,34,36,43,42,27,10,13,22,31,28,26,27,23,,,17,,22,22,17,16,,15,26,6,,13,12,17,24,25,15,15,21,23,26,20,25,21,25,23,30,26,41,30,28,24,27,29,21,31,18,26,12,26,21,12,6,20,16,15,,9,8,14,19,6,17,35,40,34,28,25,18,26,,34,43,26,41,,17,30,27,31,10,28,,13,,6,10,27,26,26,25,17,33,,21,10,35,12,22,19,,,15,23,6,18,17,12,10,6,6,13,,10,6,30,23,22,27,71,25,30,22,51,,26,,30,,28,20,25,25,20,27,,17,77,28,24,34,15,24,20,37,29,33,58,29,14,13,33,75,,,,19,,
20260620,7,PM10_24h,52,58,38,47,43,16,55,33,51,52,34,40,29,18,14,31,17,28,43,10,11,10,11,9,21,12,12,13,10,10,10,8,13,7,14,21,8,10,9,23,21,20,11,17,4,20,24,9,34,6,20,13,15,18,18,18,15,16,21,14,17,18,24,23,28,36,24,20,11,28,47,19,46,28,13,12,19,23,28,26,24,27,18,13,27,28,49,49,19,14,23,24,37,4,8,27,15,20,27,29,18,22,17,24,20,23,23,24,11,18,23,17,44,27,38,20,27,30,35,27,35,22,44,9,13,8,20,19,18,25,19,28,18,17,12,8,7,17,36,20,32,39,25,31,27,26,39,29,17,17,34,24,22,21,31,52,37,43,39,108,,,,,,,,,,,,,,,,,,,,,,,,,,,,,,15,9,20,23,24,16,23,25,31,59,53,26,44,26,,14,72,33,27,28,36,28,24,25,28,35,41,20,19,21,21,26,25,17,25,33,12,11,11,20,11,8,7,8,17,22,5,12,7,10,20,22,20,14,19,15,19,22,13,16,19,21,27,22,22,28,22,13,9,17,28,13,23,18,17,13,16,13,9,9,11,17,17,14,18,8,10,13,11,13,27,32,29,29,25,20,15,6,26,35,25,36,18,24,31,24,29,26,22,26,24,,13,15,21,27,16,18,15,23,,13,10,27,12,29,14,10,11,14,23,8,22,13,15,9,12,12,15,,12,9,26,21,18,21,57,26,30,21,38,,27,,29,,25,23,18,20,19,24,11,18,45,86,33,134,16,26,29,101,39,45,72,30,27,27,28,44,,,,19,,
20260620,7,SO2,2,6,3,5,5,4,3,4,3,3,5,2,4,9,8,6,7,5,7,6,5,6,4,6,10,5,5,5,4,9,9,7,7,7,6,5,7,5,4,6,6,3,5,5,9,5,2,8,5,7,5,5,5,5,5,5,6,5,5,3,5,9,4,4,10,4,7,5,5,5,13,9,5,5,5,6,6,6,6,4,8,6,3,12,9,8,11,11,11,5,8,6,5,9,5,11,15,5,6,5,8,6,5,4,5,5,4,5,5,4,7,10,6,9,10,5,9,7,14,7,4,7,6,5,12,3,8,4,8,12,5,9,8,8,3,7,7,6,2,5,2,8,9,18,5,10,4,6,3,4,5,6,2,7,6,5,7,8,6,3,,,,,,,,,,,,,,,,,,,,,,,,,,,,,,5,2,4,4,4,7,9,6,5,9,9,5,10,4,,6,9,10,8,10,6,4,8,14,10,1,5,7,9,5,8,7,5,13,7,9,6,5,6,5,10,7,4,8,6,5,5,4,6,6,5,13,3,5,6,5,14,7,5,3,8,4,4,7,5,8,6,4,5,6,4,4,5,9,7,5,9,4,6,9,4,5,8,5,4,5,4,8,5,3,9,6,3,6,4,8,13,5,7,4,8,9,11,3,8,7,5,7,8,4,3,,6,6,3,6,3,7,4,3,,4,5,8,8,5,8,2,3,4,8,5,6,5,8,7,6,7,4,,5,4,8,7,5,7,6,9,8,7,8,,4,,10,,3,12,12,10,10,14,,20,20,10,7,6,2,8,5,2,7,3,4,6,4,7,6,7,,,,4,,
20260620,7,SO2_24h,3,5,3,7,6,4,3,4,3,2,6,5,4,8,8,6,7,5,6,6,5,6,4,5,7,6,5,5,4,9,7,7,5,6,5,5,6,5,5,6,6,3,4,5,8,4,2,8,5,6,3,4,5,5,5,5,5,5,5,3,4,7,3,4,9,5,8,5,5,5,13,13,6,5,7,6,7,6,6,5,6,7,3,9,10,8,10,10,8,5,5,5,7,8,4,9,9,5,6,4,7,6,5,4,5,5,4,5,5,4,8,11,7,12,11,5,9,7,5,6,4,6,6,5,7,3,8,3,7,8,5,9,8,7,3,7,7,5,3,5,2,8,10,18,4,10,4,6,3,4,6,6,2,7,7,9,11,13,6,4,,,,,,,,,,,,,,,,,,,,,,,,,,,,,,5,2,4,4,4,7,5,6,4,14,8,6,10,5,,7,10,7,7,10,6,5,8,11,9,2,4,8,9,5,8,6,4,9,7,11,5,6,6,5,9,7,4,8,5,5,5,4,5,6,5,9,3,4,6,5,10,7,5,3,8,3,4,7,5,7,4,3,4,6,3,4,5,8,7,5,7,4,5,6,3,5,9,5,4,5,5,6,5,3,8,5,3,6,4,8,12,5,6,5,6,10,10,4,7,8,6,7,8,4,3,,6,8,7,8,3,6,4,3,,4,5,9,9,5,8,4,4,4,8,6,6,5,8,7,6,7,4,,5,6,5,8,5,7,13,9,8,7,7,,5,,8,,4,11,7,10,10,14,7,20,10,6,7,6,6,9,5,4,8,3,4,6,4,7,8,8,,,,4,,
20260620,7,NO2,16,25,18,17,9,13,14,5,17,16,16,28,16,19,4,35,8,40,48,13,13,13,6,19,11,4,17,9,12,5,9,7,8,12,17,14,10,13,13,12,18,13,15,8,8,10,7,4,14,18,14,12,3,14,8,2,10,2,8,6,8,10,7,5,18,8,11,13,7,23,8,19,5,9,8,9,5,7,18,10,14,22,14,17,23,11,14,20,17,20,28,11,11,25,12,26,15,6,9,6,9,4,12,3,9,9,12,6,8,13,5,10,15,17,12,12,25,25,20,22,10,12,21,20,17,14,13,13,13,13,13,19,11,13,9,5,8,8,6,6,5,6,23,12,17,15,9,14,9,13,31,12,12,10,33,5,26,17,5,35,,,,,,,,,,,,,,,,,,,,,,,,,,,,,,8,5,10,12,5,15,20,9,7,8,11,8,5,4,,3,6,18,13,24,12,26,34,25,20,14,7,6,8,12,9,17,22,16,4,12,3,7,8,6,10,10,2,4,6,4,5,5,6,3,9,11,8,3,12,3,18,10,2,7,5,10,4,10,12,13,14,10,16,15,8,8,7,5,22,11,11,7,4,7,11,4,6,11,5,6,7,7,9,4,17,7,4,14,8,12,9,6,9,14,11,17,16,8,9,14,17,5,16,11,4,,12,6,10,5,6,11,5,8,,6,5,16,9,6,6,5,3,7,4,9,6,11,6,9,4,3,7,,2,4,18,9,7,9,10,9,16,13,9,,7,,6,,5,12,2,2,5,3,,2,9,14,6,14,19,9,7,4,9,10,2,17,3,3,7,23,,,,3,,
20260620,7,NO2_24h,13,17,11,14,12,10,14,10,14,17,16,20,11,13,7,23,9,21,29,12,9,11,13,11,11,8,11,8,14,6,7,4,7,9,8,9,6,12,11,6,17,12,12,8,6,7,6,7,15,10,9,9,5,11,6,2,8,3,7,6,6,7,7,4,14,11,9,15,10,13,12,13,9,14,7,7,11,11,14,8,12,14,7,15,21,8,21,17,13,13,15,9,12,13,11,17,11,4,8,4,8,3,10,2,10,7,7,5,5,13,11,9,15,16,11,10,19,15,17,18,10,11,10,10,8,11,10,7,11,8,10,12,11,8,8,4,7,7,3,7,8,8,14,14,14,10,12,12,9,11,15,13,10,7,16,6,17,18,9,14,,,,,,,,,,,,,,,,,,,,,,,,,,,,,,5,5,5,10,8,8,8,10,15,9,10,8,5,8,,6,5,11,15,21,8,22,26,13,12,8,7,7,7,11,8,11,11,12,8,23,3,9,8,6,12,7,2,5,8,2,5,7,6,4,7,10,8,4,8,8,13,9,2,4,4,7,3,10,8,10,12,5,10,6,9,7,5,7,10,8,7,5,6,6,6,4,4,5,7,4,5,7,4,7,15,6,5,15,8,10,8,9,7,11,7,13,13,9,16,11,19,7,13,8,4,,13,6,8,5,5,8,5,8,,5,5,10,7,7,6,6,3,6,5,6,7,9,8,6,3,3,8,,1,7,10,10,6,9,8,10,9,9,14,,10,,5,,9,8,2,2,4,2,10,2,8,8,10,11,10,13,9,10,11,14,7,13,3,7,10,7,,,,3,,
20260620,7,O3,39,37,37,32,62,65,42,61,41,48,51,38,31,54,69,16,77,27,42,32,50,37,57,44,43,67,37,50,61,57,58,61,64,14,19,21,19,30,19,19,17,10,16,6,68,17,23,61,60,51,47,68,54,22,25,38,24,42,27,46,28,30,52,49,18,63,20,21,122,31,89,47,66,88,25,25,60,64,31,74,37,53,17,38,45,63,58,63,44,50,34,52,64,28,97,34,26,23,55,54,6,34,15,52,27,15,11,37,39,51,64,38,34,67,101,47,18,13,53,30,98,52,81,59,44,67,51,55,62,38,40,28,14,48,64,49,18,17,50,47,54,40,11,29,20,35,42,19,21,21,30,35,29,40,20,79,43,52,103,13,,,,,,,,,,,,,,,,,,,,,,,,,,,,,,40,64,7,42,68,48,41,74,82,63,71,92,56,69,,55,65,54,47,25,71,39,13,6,16,78,81,77,32,49,63,22,51,42,63,81,52,56,50,53,72,62,55,66,44,39,72,50,60,74,22,9,4,19,14,68,7,31,44,30,41,7,36,19,50,61,51,47,49,64,51,73,47,28,43,74,50,69,68,60,35,13,33,19,86,38,36,13,28,23,3,63,71,11,28,15,27,41,40,7,44,18,24,77,81,21,4,72,7,65,26,,41,76,32,48,13,10,36,11,,9,22,35,33,38,25,43,45,27,26,38,35,15,69,57,124,137,79,,138,60,31,65,6,22,62,88,45,51,96,,76,,80,,83,67,97,104,88,51,,104,66,57,84,90,42,93,71,73,73,56,78,50,52,106,89,43,,,,54,,
20260620,7,O3_24h,39,37,37,32,62,65,42,61,41,48,51,38,31,54,69,16,77,27,42,32,50,37,57,44,43,67,37,50,61,57,58,61,64,14,19,21,19,30,19,19,17,10,16,6,68,17,23,61,60,51,47,68,54,22,25,38,24,42,27,46,28,30,52,49,18,63,20,21,122,31,89,47,66,88,25,25,60,64,31,74,37,53,17,38,45,63,58,63,44,50,34,52,64,28,97,34,26,23,55,54,6,34,15,52,27,15,11,37,39,51,64,38,34,67,101,47,18,13,53,30,98,52,81,59,44,67,51,55,62,38,40,28,14,48,64,49,18,17,50,47,54,40,11,29,20,35,42,19,21,21,30,35,29,40,20,79,43,52,103,13,,,,,,,,,,,,,,,,,,,,,,,,,,,,,,40,64,7,42,68,48,41,74,82,63,71,92,56,69,,55,65,54,47,25,71,39,13,6,16,78,81,77,32,49,63,22,51,42,63,81,52,56,50,53,72,62,55,66,44,39,72,50,60,74,22,9,4,19,14,68,7,31,44,30,41,7,36,19,50,61,51,47,49,64,51,73,47,28,43,74,50,69,68,60,35,13,33,19,86,38,36,13,28,23,3,63,71,11,28,15,27,41,40,7,44,18,24,77,81,21,4,72,7,65,26,,41,76,32,48,13,10,36,11,,9,22,35,33,38,25,43,45,27,26,38,35,15,69,57,124,137,79,,138,60,31,65,6,22,62,88,45,51,96,,76,,80,,83,67,97,104,88,51,,104,66,57,84,90,42,93,71,73,73,56,78,50,52,106,89,43,,,,54,,
20260620,7,O3_8h,85,,,,,,,,,,,,,,,,,,,,,,,,,,,,,,,,,,,,,,,,,,,,,,,,,,,,,,,,54,,,,,,,,,,,,,,,,,,,,,,,,,,,,,,,,,,,,,,,,,,,,,,,,,,,,,,,,,,,,,,,,,,,,,,,,,,,,,,,,,,,,,,,,,,,,,,,,,,,,,,,,,,,,,,,,,,,,,,,,,,,,,,,,,,,,,,,,,,,,,,,,,,,,,,,,,,,,,,,,,,,,,,,,,58,,,,,,,,,,,,,,,,,,,,,,,61,,,,,,,,,,,,,,97,,,,,,,,,,,,,,,,,,,,,,,,,,,,,,,,,,,,,,,,,,,,,,,,,,,,,,,,,,,,,,,,,,,,,,,,,,,,,,,,,,,,,,,,,124,,,,,,121,,,88,,,,,,,,,,,,,,
20260620,7,O3_8h_24h,,,,,,,,,,,,,,,,,,,,,,,,,,,,,,,,,,,,,,,,,,,,,,,,,,,,,,,,,,,,,,,,,,,,,,,,,,,,,,,,,,,,,,,,,,,,,,,,,,,,,,,,,,,,,,,,,,,,,,,,,,,,,,,,,,,,,,,,,,,,,,,,,,,,,,,,,,,,,,,,,,,,,,,,,,,,,,,,,,,,,,,,,,,,,,,,,,,,,,,,,,,,,,,,,,,,,,,,,,,,,,,,,,,,,,,,,,,,,,,,,,,,,,,,,,,,,,,,,,,,,,,,,,,,,,,,,,,,,,,,,,,,,,,,,,,,,,,,,,,,,,,,,,,,,,,,,,,,,,,,,,,,,,,,,,,,,,,,,,,,,,,,,,,,,,,,,,,,,,,,,,,,,,,,,,,,,,,
20260620,7,CO,0.48,0.62,0.44,0.52,0.20,0.33,0.46,0.23,0.35,0.33,0.43,0.50,0.78,0.47,0.32,0.90,0.66,0.49,0.77,0.40,0.35,0.74,0.53,0.53,0.58,0.58,0.71,0.54,0.40,0.52,0.92,0.48,0.55,0.58,0.46,0.50,0.50,0.47,0.42,0.47,0.55,0.57,0.40,0.45,0.57,0.30,0.28,0.63,0.45,0.43,0.63,0.64,0.40,0.45,0.49,0.60,0.40,0.30,0.43,0.43,0.53,0.40,0.54,0.30,0.65,0.52,0.70,0.61,0.25,0.59,0.53,0.35,0.17,0.25,0.30,0.70,0.26,0.32,0.68,0.45,0.37,0.43,0.47,0.30,0.56,0.40,0.50,0.45,0.62,0.37,0.75,0.42,0.35,0.58,0.23,0.57,0.60,0.55,0.40,0.60,0.60,0.50,0.75,0.40,0.40,0.50,0.53,0.55,0.40,0.30,0.33,0.73,0.92,0.48,0.52,0.60,0.78,0.86,0.96,0.48,0.48,0.40,0.47,0.55,1.13,0.56,0.47,0.37,0.42,0.73,0.63,0.53,0.50,0.53,0.55,0.88,0.70,0.50,0.53,0.64,0.35,0.58,0.75,0.72,0.63,0.53,0.67,0.45,0.72,0.57,0.47,0.60,0.45,0.52,0.55,0.20,0.50,0.40,0.32,0.25,,,,,,,,,,,,,,,,,,,,,,,,,,,,,,0.50,0.40,0.50,0.77,0.20,0.35,1.05,0.43,0.33,0.30,0.50,0.40,0.45,0.35,,0.10,0.45,0.68,0.60,0.35,0.70,0.33,0.50,1.00,0.70,0.45,0.40,0.33,0.30,0.25,0.40,1.15,0.40,0.47,0.25,0.45,0.20,0.37,0.32,0.35,0.60,0.60,0.40,0.35,0.48,0.20,0.38,0.33,0.53,0.43,0.37,0.93,0.50,0.30,0.65,0.50,1.10,0.82,0.30,0.25,0.20,0.63,0.55,0.55,0.56,0.38,0.50,0.53,0.42,0.60,0.47,0.27,0.55,0.80,0.76,0.57,0.93,0.60,0.60,0.70,0.67,0.45,1.43,0.45,0.80,0.55,0.60,0.50,0.45,0.45,0.35,0.53,0.58,0.63,0.47,0.50,0.37,0.70,0.70,0.50,0.67,0.60,0.63,0.57,0.55,0.58,0.47,0.50,0.75,0.40,0.20,,0.20,0.50,0.47,0.57,0.50,0.55,0.30,0.70,,0.65,0.35,0.40,0.55,0.65,0.45,0.40,0.10,0.25,0.50,0.35,0.40,0.45,0.45,0.35,0.20,0.40,0.40,,0.30,0.30,0.73,0.20,0.50,0.70,0.30,0.25,0.20,0.40,0.45,,0.35,,0.30,,0.20,0.50,0.50,0.20,0.40,0.40,,0.30,0.27,0.65,0.35,0.50,,0.20,0.40,0.60,0.10,0.40,0.25,0.55,0.50,0.10,0.30,0.35,,,,0.35,,
20260620,7,CO_24h,0.64,0.68,0.44,0.52,0.25,0.37,0.43,0.40,0.50,0.50,0.42,0.42,0.63,0.43,0.46,0.71,0.62,0.44,0.68,0.41,0.39,0.68,0.58,0.40,0.40,0.72,0.59,0.59,0.48,0.60,0.94,0.44,0.45,0.57,0.41,0.43,0.45,0.47,0.47,0.43,0.55,0.50,0.30,0.45,0.59,0.30,0.28,0.58,0.35,0.41,0.45,0.64,0.51,0.46,0.49,0.53,0.40,0.25,0.43,0.43,0.53,0.40,0.59,0.35,0.61,0.61,0.57,0.57,0.27,0.56,0.67,0.50,0.28,0.30,0.45,0.52,0.40,0.48,0.54,0.47,0.33,0.43,0.47,0.34,0.60,0.43,0.68,0.47,0.40,0.32,0.37,0.40,0.33,0.44,0.23,0.52,0.60,0.50,0.43,0.60,0.55,0.50,0.80,0.40,0.40,0.50,0.43,0.55,0.37,0.20,0.50,0.58,0.85,0.56,0.66,0.62,0.60,0.66,0.46,0.47,0.48,0.40,0.50,0.42,0.63,0.50,0.41,0.38,0.42,0.43,0.55,0.50,0.53,0.43,0.68,0.93,0.75,0.47,0.50,0.69,0.35,0.60,0.65,0.80,0.53,0.47,0.73,0.35,0.72,0.55,0.40,0.60,0.40,0.42,0.60,0.20,0.50,1.10,0.36,0.25,,,,,,,,,,,,,,,,,,,,,,,,,,,,,,0.55,0.40,0.40,0.60,0.23,0.35,0.77,0.53,0.37,0.40,0.50,0.30,0.50,0.47,,0.25,0.45,0.55,0.60,0.50,0.70,0.37,0.50,0.60,0.55,0.35,0.50,0.33,0.27,0.23,0.50,0.70,0.35,0.47,0.25,0.50,0.20,0.38,0.32,0.30,0.57,0.47,0.30,0.40,0.54,0.20,0.40,0.30,0.45,0.27,0.37,1.00,0.40,0.35,0.60,0.47,0.87,1.10,0.30,0.34,0.20,0.58,0.57,0.50,0.50,0.37,0.40,0.45,0.42,0.53,0.50,0.23,0.50,0.67,0.70,0.73,0.70,0.60,0.60,0.70,0.60,0.55,0.98,0.50,0.90,0.50,0.57,0.50,0.25,0.45,0.40,0.53,0.55,0.73,0.43,0.50,0.43,0.80,0.65,0.50,0.60,0.55,0.57,0.65,0.65,0.55,0.42,0.60,0.65,0.35,0.20,,0.20,0.50,0.53,0.57,0.50,0.45,0.35,0.60,,0.65,0.40,0.50,0.50,0.65,0.40,0.50,0.10,0.20,0.65,0.35,0.50,0.45,0.45,0.35,0.20,0.40,0.30,,0.25,0.50,0.60,0.30,0.50,0.80,0.35,0.35,0.20,0.40,0.50,,0.35,,0.30,,0.20,0.60,0.40,0.20,0.40,0.30,0.20,0.30,0.37,0.30,0.30,0.50,0.10,0.25,0.40,0.65,0.15,0.45,0.30,0.50,0.50,0.10,0.30,0.25,,,,0.40,,
20260620,8,AQI,16,56,37,50,44,23,52,26,44,44,33,44,25,23,21,40,29,36,42,9,16,12,29,24,24,22,16,26,20,19,30,20,37,8,21,21,14,11,7,25,27,28,24,24,19,23,23,23,37,21,36,24,18,18,19,17,17,16,19,15,17,18,26,22,31,28,34,24,38,28,72,21,47,29,14,13,25,23,51,23,36,21,25,41,47,28,41,55,33,19,73,46,53,26,29,75,23,16,19,30,21,14,18,24,22,23,24,20,12,22,20,24,50,23,31,17,39,41,44,25,51,28,46,20,18,19,26,30,36,32,28,38,27,25,20,18,13,27,27,28,23,28,35,24,48,33,46,35,17,32,46,27,33,23,40,81,51,39,52,104,,,,,,,,,,,,,,,,,,,,,,,,,,,,,,19,31,27,31,21,26,45,25,26,40,53,26,29,23,,18,52,33,15,31,44,32,47,43,50,44,46,23,20,19,25,27,31,28,22,27,20,19,17,24,22,20,18,26,27,33,22,29,21,24,19,25,24,16,23,23,24,25,19,21,22,27,23,31,31,44,29,34,30,27,27,24,27,15,27,27,29,22,27,18,18,20,12,23,21,13,18,20,14,19,35,32,30,27,25,22,26,12,33,47,34,41,36,24,26,31,32,23,33,58,19,,20,22,31,29,30,36,12,36,,17,19,34,12,26,24,14,14,17,19,13,22,17,19,18,37,44,26,,43,18,34,21,21,29,62,26,52,24,47,,28,,29,,32,29,30,24,29,26,,32,65,45,27,40,21,26,21,41,47,27,47,29,67,32,33,57,,,,19,,
20260620,8,PM2.5,9,40,9,35,12,12,28,10,31,31,22,21,11,11,4,28,20,24,17,5,9,5,20,17,17,8,11,16,9,11,21,12,26,3,8,13,9,4,3,15,14,14,12,9,3,8,12,3,24,14,25,8,3,8,7,9,11,9,10,5,7,9,11,12,16,16,14,14,5,16,51,15,6,6,6,7,5,4,34,5,25,13,13,29,33,16,29,39,23,13,53,32,37,18,5,55,12,11,13,14,14,10,10,12,10,14,17,8,5,15,3,12,18,8,11,12,27,19,31,15,30,16,26,9,9,3,17,17,25,19,17,26,11,15,3,6,9,15,13,16,10,14,23,7,24,18,32,24,10,20,31,19,23,15,28,30,14,10,12,58,,,,,,,,,,,,,,,,,,,,,,,,,,,,,,10,22,19,16,3,8,25,12,6,5,25,16,3,6,,3,14,23,10,22,31,18,33,23,23,31,32,5,14,13,8,17,22,8,14,19,10,10,12,17,12,11,3,18,19,23,7,20,4,8,13,13,12,11,13,5,5,5,7,7,4,7,3,11,22,25,19,24,21,10,19,11,6,6,17,3,14,3,3,3,6,9,6,16,3,9,11,10,10,5,13,17,19,17,14,12,14,3,21,17,11,21,25,8,3,22,5,7,23,41,9,,3,3,21,20,5,15,5,25,,11,13,24,3,6,17,3,9,12,8,3,8,9,5,3,3,3,16,,3,5,24,4,9,13,40,11,32,13,15,,12,,8,,15,20,20,10,7,12,,6,10,10,13,17,6,8,5,,25,11,28,13,11,3,3,9,,,,9,,
20260620,8,PM2.5_24h,32,39,19,31,16,11,33,22,26,40,23,19,14,12,12,18,14,19,23,8,4,6,8,6,17,6,5,11,8,10,10,5,13,2,4,11,5,6,3,11,8,8,8,5,2,9,12,9,26,7,17,8,8,10,7,8,10,10,9,6,8,10,13,13,18,29,10,11,7,13,26,15,15,11,6,7,12,11,17,13,19,19,12,10,24,20,36,36,11,9,13,20,32,6,5,18,8,10,15,14,10,8,11,11,11,12,11,8,4,18,14,8,20,15,26,14,18,17,26,18,22,14,28,4,5,3,14,14,19,16,14,19,12,12,2,2,5,8,11,11,15,29,18,16,13,14,38,19,10,11,22,13,10,12,17,16,17,19,11,47,,,,,,,,,,,,,,,,,,,,,,,,,,,,,,7,10,11,10,9,11,17,14,11,16,31,16,11,11,,7,27,21,15,14,31,20,13,14,10,28,46,10,13,16,14,21,19,11,12,25,9,8,9,15,5,5,1,10,10,16,3,17,3,4,10,10,8,8,9,8,9,6,6,6,4,6,5,11,21,14,14,12,12,10,19,8,5,7,12,4,10,4,5,5,5,8,6,10,10,5,6,5,3,3,12,13,14,22,17,14,9,3,13,12,12,32,16,15,16,19,13,20,19,20,9,,7,8,15,21,4,12,7,20,,8,12,17,6,10,13,5,8,9,10,5,13,8,7,3,4,3,9,,4,6,17,10,8,11,28,14,16,15,12,,11,,11,,13,14,10,10,9,9,2,7,16,30,12,36,7,12,7,63,21,17,28,13,10,3,7,14,,,,9,,
20260620,8,PM10,16,57,37,46,44,17,53,26,33,39,33,44,25,21,9,34,23,36,42,8,13,8,20,18,21,19,14,26,10,14,24,15,27,8,21,21,14,6,7,25,27,28,24,24,7,23,23,6,37,14,30,17,6,18,19,17,17,16,19,15,17,18,26,22,31,28,34,24,17,28,93,16,47,29,14,13,25,23,52,12,29,17,25,37,33,28,35,56,30,19,59,37,51,22,8,47,23,15,18,30,21,,18,24,22,23,23,20,10,22,9,24,50,22,23,16,33,41,33,25,52,28,46,13,14,11,26,30,30,32,28,38,27,25,11,11,13,27,27,28,23,28,35,24,48,33,,35,17,32,46,22,28,23,37,112,51,39,53,157,,,,,,,,,,,,,,,,,,,,,,,,,,,,,,19,23,26,31,18,26,45,19,26,40,55,23,29,18,,13,54,32,15,28,39,32,41,43,50,41,24,18,18,18,25,27,26,28,22,19,20,15,14,22,21,12,6,,21,27,,,10,11,16,25,24,16,23,14,24,25,19,21,22,27,23,31,27,44,29,30,28,27,23,22,27,15,27,11,29,10,9,6,18,20,12,16,9,13,18,20,8,19,35,32,30,27,25,22,26,,33,47,34,41,33,14,26,27,32,10,30,43,19,,10,9,31,25,30,36,12,32,,17,,28,12,26,18,6,11,15,19,9,22,17,13,9,7,6,26,,10,6,32,19,21,29,74,26,53,24,47,,28,,29,,32,20,27,24,29,26,,13,80,45,25,40,21,19,14,41,47,27,47,29,84,13,33,63,,,,19,,
20260620,8,PM10_24h,49,57,37,46,43,16,54,32,49,50,33,40,29,18,13,31,17,28,43,9,11,9,11,10,20,11,12,13,9,10,10,8,13,7,14,22,8,9,8,23,22,20,12,17,4,20,24,9,33,6,21,14,15,18,18,18,16,16,22,14,17,19,24,23,28,35,24,21,11,28,49,19,47,28,13,12,19,21,29,25,24,26,18,14,26,27,48,49,18,14,25,24,37,5,8,28,16,19,27,29,18,22,17,24,20,23,23,25,11,18,23,17,45,27,37,20,28,31,35,27,36,23,44,9,12,8,20,20,19,25,20,29,19,18,12,8,7,17,37,20,32,39,25,31,27,26,38,29,17,18,35,23,22,21,31,49,38,43,40,112,,,,,,,,,,,,,,,,,,,,,,,,,,,,,,15,9,20,23,23,17,24,23,31,59,52,26,43,26,,14,74,33,27,29,36,28,25,25,28,35,41,19,19,19,21,27,25,17,25,33,12,10,10,20,12,8,7,7,16,21,5,12,7,10,20,22,21,13,18,15,19,22,14,17,19,21,27,23,23,29,23,14,10,18,28,14,23,17,17,13,17,14,9,8,11,17,16,14,15,9,10,13,11,13,27,31,29,28,25,20,15,6,26,35,25,35,18,23,31,24,29,26,23,26,24,,13,15,21,27,17,19,15,24,,13,10,27,12,28,14,10,11,14,22,8,22,13,15,9,12,12,16,,12,9,27,21,18,21,59,26,31,21,39,,28,,29,,25,23,19,20,20,24,11,18,47,87,33,101,15,26,28,96,40,45,73,30,29,27,28,44,,,,19,,
20260620,8,SO2,3,6,5,5,6,4,4,4,3,3,6,5,5,10,7,5,7,5,7,6,5,6,4,7,10,5,5,5,5,10,9,7,7,6,6,6,7,5,5,6,6,3,6,5,9,5,2,7,6,7,6,5,5,6,5,6,7,5,6,2,5,9,4,4,12,4,7,7,6,5,14,11,5,5,6,6,6,6,6,4,7,7,3,13,10,8,11,11,14,5,8,8,6,10,4,11,16,5,6,5,9,6,5,5,5,5,5,3,7,4,7,17,6,9,12,5,9,7,15,6,4,6,6,6,8,3,8,4,8,12,5,10,8,8,3,10,7,8,3,5,2,8,10,15,6,10,4,6,3,3,6,6,2,7,6,12,6,9,7,4,,,,,,,,,,,,,,,,,,,,,,,,,,,,,,5,2,4,6,4,9,7,6,5,9,8,6,11,3,,6,9,11,7,9,6,5,9,14,11,2,5,8,8,5,8,6,5,8,7,9,6,5,6,4,10,6,4,8,5,5,5,4,4,6,6,14,3,5,7,5,12,5,5,3,8,3,5,8,5,10,7,5,5,6,4,4,7,8,7,5,9,4,6,7,5,5,8,5,4,5,4,7,5,3,10,6,3,5,5,8,14,5,7,6,7,10,11,4,8,7,6,7,8,4,3,,6,7,4,6,3,7,3,9,,4,5,8,8,5,8,2,4,4,8,6,6,5,8,7,6,6,4,,5,4,7,8,5,8,6,9,8,8,8,,4,,10,,4,12,14,10,10,14,,22,17,11,7,6,4,8,5,3,11,3,4,6,4,7,6,7,,,,3,,
20260620,8,SO2_24h,3,6,3,7,6,4,3,4,3,2,6,5,4,8,8,6,7,5,6,6,5,6,4,6,7,6,5,5,4,9,7,7,6,6,5,5,6,5,5,6,6,3,4,5,8,4,2,8,5,6,3,4,5,5,5,5,5,5,5,3,4,8,3,4,9,5,8,5,5,5,13,13,6,5,7,6,7,6,6,5,6,7,3,10,10,8,10,10,8,5,5,5,7,8,4,9,9,5,6,4,7,6,5,4,5,5,4,5,5,4,8,11,7,12,11,5,9,7,6,6,4,6,6,5,7,3,8,3,7,8,4,9,8,7,3,7,7,5,3,5,2,8,10,19,4,10,4,6,3,4,6,6,2,7,7,9,11,13,6,4,,,,,,,,,,,,,,,,,,,,,,,,,,,,,,5,2,4,4,4,7,5,6,4,13,8,6,10,5,,7,10,7,7,10,6,5,8,11,9,2,4,8,9,5,8,6,4,9,7,11,5,6,6,5,9,7,4,8,5,5,5,4,5,6,5,9,3,4,6,5,10,7,5,3,8,3,4,7,5,7,4,3,4,6,4,4,5,8,7,5,7,4,5,6,3,5,9,6,4,5,5,6,5,3,8,5,3,6,4,8,12,5,6,5,6,10,10,4,7,8,6,7,8,4,3,,6,7,7,8,3,6,4,4,,4,5,9,9,5,8,3,4,4,8,6,6,5,8,7,6,7,4,,5,6,5,7,5,7,11,9,8,7,7,,5,,8,,4,11,8,10,10,14,7,20,10,7,7,6,6,9,5,4,8,3,4,6,4,7,8,8,,,,4,,
20260620,8,NO2,10,22,15,15,11,13,12,4,11,14,10,25,10,15,3,30,7,39,37,14,14,13,7,18,8,4,19,9,13,4,9,7,6,14,16,11,12,12,14,11,20,13,16,8,10,7,6,4,13,14,13,12,3,12,7,3,10,2,7,7,7,8,8,5,16,10,11,13,11,22,9,19,5,12,9,11,5,7,21,12,22,14,10,18,21,10,12,18,16,16,25,10,7,21,12,25,15,5,8,7,7,4,11,3,11,9,11,5,8,12,5,9,16,17,13,15,22,19,14,14,9,4,20,14,10,16,9,11,12,11,9,12,12,16,9,6,8,12,6,7,10,13,19,12,19,16,16,14,9,11,24,15,13,11,31,9,25,15,8,43,,,,,,,,,,,,,,,,,,,,,,,,,,,,,,8,6,9,12,7,15,20,8,8,18,12,8,6,4,,3,6,16,11,25,12,32,42,26,24,13,7,6,8,11,11,12,25,14,6,14,6,7,8,5,11,12,3,6,5,3,5,6,5,4,8,10,8,4,13,4,15,10,2,6,7,10,5,10,11,11,13,9,15,11,7,8,6,6,19,9,13,7,2,7,7,4,6,8,9,7,7,7,7,5,17,6,5,13,9,13,11,8,12,12,16,18,16,9,12,15,17,6,16,8,6,,11,8,11,7,5,8,4,7,,5,6,16,9,7,7,4,4,8,3,7,6,12,10,6,6,3,17,,2,5,17,10,6,10,17,9,13,14,8,,7,,7,,8,14,4,2,9,1,,1,10,14,6,31,24,10,9,5,16,10,2,18,4,3,11,20,,,,3,,
20260620,8,NO2_24h,13,17,11,14,12,11,13,9,14,16,15,20,11,13,7,23,9,22,30,12,10,11,12,11,10,7,11,8,13,6,7,4,7,8,8,9,6,12,11,6,17,12,12,8,6,7,6,6,15,11,9,9,5,11,6,2,8,3,6,6,6,6,7,4,14,11,9,16,10,13,11,13,8,13,8,7,10,10,14,8,12,14,7,15,21,8,20,17,13,14,15,9,11,13,11,17,11,4,8,4,8,3,10,2,10,7,6,4,5,13,11,9,15,16,10,10,20,15,17,17,10,10,11,10,8,11,10,7,11,8,10,13,11,8,8,4,7,8,4,7,8,8,14,14,13,10,12,12,9,11,16,13,10,8,16,6,18,17,9,15,,,,,,,,,,,,,,,,,,,,,,,,,,,,,,5,5,6,10,7,8,9,10,15,8,10,8,5,8,,5,5,11,15,21,8,23,27,13,12,8,7,6,7,11,9,11,12,12,7,22,3,9,8,6,11,7,2,5,8,2,5,7,6,3,7,10,8,4,8,8,13,9,2,4,4,8,3,10,8,10,12,5,10,7,9,7,6,7,10,8,8,5,5,6,6,4,4,6,7,4,5,7,5,7,14,6,5,15,8,9,8,9,7,11,8,13,13,9,15,12,19,7,13,8,4,,13,6,8,5,5,8,4,8,,5,5,10,7,6,6,6,3,6,5,6,7,9,8,6,3,3,8,,1,7,11,10,6,9,8,10,9,9,13,,10,,5,,8,8,2,2,4,2,9,2,8,8,9,11,9,13,9,10,12,14,7,13,3,7,10,7,,,,3,,
20260620,8,O3,45,54,51,38,63,72,51,62,58,51,82,53,54,73,68,25,82,34,55,29,52,38,57,55,62,70,34,52,64,62,61,63,70,15,24,27,20,34,22,24,19,12,17,9,61,24,29,72,75,68,62,77,58,27,28,40,27,42,33,39,31,38,49,50,25,58,19,23,120,37,83,48,67,84,25,23,60,66,28,73,38,67,23,56,58,81,79,80,57,59,52,67,84,44,93,50,24,28,55,53,15,33,19,52,28,19,18,45,39,70,64,52,39,72,99,42,25,36,69,48,117,85,92,65,58,60,64,69,84,50,61,41,16,45,65,57,24,14,52,46,48,37,21,31,25,42,30,22,22,22,44,42,42,42,22,74,40,56,94,6,,,,,,,,,,,,,,,,,,,,,,,,,,,,,,55,65,24,59,68,61,44,79,76,61,70,83,57,72,,56,70,60,49,24,67,38,17,7,23,84,81,72,33,52,63,46,40,43,64,77,50,61,48,62,70,63,58,67,49,45,71,54,66,77,28,17,8,20,19,74,15,30,43,33,40,6,33,22,64,72,64,59,62,79,63,77,69,30,53,87,54,69,86,57,56,17,33,26,67,29,34,21,28,25,7,67,73,14,30,12,26,38,33,9,44,21,29,76,76,28,9,72,7,82,19,,63,69,39,45,24,38,39,18,,18,27,41,38,34,22,44,44,26,34,42,32,14,60,56,118,142,69,,137,56,30,66,6,22,89,84,56,47,99,,84,,72,,76,65,96,,85,58,,103,68,56,86,75,45,84,68,55,58,54,85,51,46,101,86,53,,,,54,,
20260620,8,O3_24h,45,54,51,38,63,72,51,62,58,51,82,53,54,73,68,25,82,34,55,29,52,38,57,55,62,70,34,52,64,62,61,63,70,15,24,27,20,34,22,24,19,12,17,9,61,24,29,72,75,68,62,77,58,27,28,40,27,42,33,39,31,38,49,50,25,58,19,23,120,37,83,48,67,84,25,23,60,66,28,73,38,67,23,56,58,81,79,80,57,59,52,67,84,44,93,50,24,28,55,53,15,33,19,52,28,19,18,45,39,70,64,52,39,72,99,42,25,36,69,48,117,85,92,65,58,60,64,69,84,50,61,41,16,45,65,57,24,14,52,46,48,37,21,31,25,42,30,22,22,22,44,42,42,42,22,74,40,56,94,6,,,,,,,,,,,,,,,,,,,,,,,,,,,,,,55,65,24,59,68,61,44,79,76,61,70,83,57,72,,56,70,60,49,24,67,38,17,7,23,84,81,72,33,52,63,46,40,43,64,77,50,61,48,62,70,63,58,67,49,45,71,54,66,77,28,17,8,20,19,74,15,30,43,33,40,6,33,22,64,72,64,59,62,79,63,77,69,30,53,87,54,69,86,57,56,17,33,26,67,29,34,21,28,25,7,67,73,14,30,12,26,38,33,9,44,21,29,76,76,28,9,72,7,82,19,,63,69,39,45,24,38,39,18,,18,27,41,38,34,22,44,44,26,34,42,32,14,60,56,118,142,69,,137,56,30,66,6,22,89,84,56,47,99,,84,,72,,76,65,96,,85,58,,103,68,56,86,75,45,84,68,55,58,54,85,51,46,101,86,53,,,,54,,
20260620,8,O3_8h,46,54,42,43,63,72,52,68,50,56,48,41,35,62,77,18,63,25,51,37,53,52,55,50,45,74,53,53,67,62,65,68,74,20,26,29,24,31,27,26,17,14,21,5,71,20,25,38,58,56,64,65,42,22,29,42,29,40,29,44,30,35,55,59,26,67,25,20,111,46,95,48,70,81,25,27,68,70,31,82,37,62,22,35,50,68,45,65,43,43,39,51,60,39,85,40,31,27,53,58,6,36,17,53,28,19,15,37,46,44,70,41,39,53,103,53,15,20,55,27,100,38,85,58,51,71,55,77,57,46,52,34,23,51,69,50,21,21,64,45,59,43,22,28,29,42,47,22,24,25,44,33,39,47,39,85,64,50,97,19,,,,,,,,,,,,,,,,,,,,,,,,,,,,,,58,62,13,44,74,59,52,76,75,72,79,74,62,76,,59,70,63,47,23,88,40,12,9,23,92,96,74,46,50,52,27,46,53,51,71,53,52,56,53,64,57,50,67,57,48,79,51,59,53,23,8,4,23,21,38,9,31,50,43,42,10,36,19,64,59,44,53,62,71,51,71,47,50,59,66,48,65,67,43,42,20,30,26,82,42,36,24,29,18,2,62,69,10,33,23,30,38,39,8,59,25,36,64,62,30,7,49,8,53,37,,35,72,55,47,18,20,42,23,,12,28,46,44,36,32,38,44,31,26,42,24,23,69,80,131,141,87,,136,47,34,67,12,31,78,81,63,76,75,,89,,89,,70,76,102,117,85,74,124,107,71,68,87,88,95,84,73,82,66,62,81,70,56,114,98,72,,,,52,,
20260620,8,O3_8h_24h,42,54,42,43,63,72,52,68,50,56,48,41,35,62,77,18,63,25,51,37,53,52,55,50,45,74,53,53,67,62,65,68,74,20,26,29,24,31,27,26,17,14,21,5,71,20,25,38,58,56,64,65,42,22,29,42,25,40,29,44,30,35,55,59,26,67,25,20,111,46,95,48,70,81,25,27,68,70,31,82,37,62,22,35,50,68,45,65,43,43,39,51,60,39,85,40,31,27,53,58,6,36,17,53,28,19,15,37,46,44,70,41,39,53,103,53,15,20,55,27,100,38,85,58,51,71,55,77,57,46,52,34,23,51,69,50,21,21,64,45,59,43,22,28,29,42,47,22,24,25,44,33,39,47,39,85,64,50,97,19,,,,,,,,,,,,,,,,,,,,,,,,,,,,,,58,62,13,44,74,59,52,76,75,72,79,74,62,76,,59,70,63,47,23,88,40,12,9,23,92,96,74,46,50,52,27,46,53,51,71,53,52,56,53,64,57,50,67,57,48,79,51,59,53,23,8,4,23,21,38,9,31,50,39,42,10,36,19,64,59,44,53,62,71,51,71,47,34,59,66,48,65,67,43,42,20,30,26,82,42,36,24,29,18,2,62,69,10,33,23,30,38,39,8,59,25,36,64,62,30,7,49,8,53,37,,35,72,55,47,18,20,42,23,,12,28,46,44,36,32,38,44,31,26,42,24,23,69,80,131,141,87,,136,47,34,67,12,31,78,81,63,76,75,,89,,89,,70,76,102,117,85,74,,107,71,68,87,88,68,84,73,76,66,62,81,70,56,114,98,72,,,,52,,
20260620,8,CO,0.39,0.67,0.46,0.57,0.25,0.37,0.46,0.20,0.20,0.38,0.38,0.63,0.63,0.53,0.35,1.06,0.66,0.49,0.66,0.42,0.36,0.77,0.53,0.49,0.50,0.56,0.73,0.56,0.40,0.50,0.94,0.54,0.63,0.57,0.44,0.50,0.51,0.53,0.47,0.47,0.55,0.63,0.40,0.45,0.63,0.30,0.30,0.58,0.46,0.43,0.60,0.91,0.41,0.44,0.50,0.63,0.43,0.30,0.43,0.43,0.53,0.40,0.57,0.30,0.64,0.50,0.70,0.69,0.27,0.63,0.53,0.35,0.17,0.27,0.38,0.62,0.26,0.32,0.76,0.47,0.40,0.43,0.47,0.31,0.58,0.43,0.56,0.45,0.64,0.33,0.72,0.43,0.33,0.68,0.23,0.60,0.70,0.53,0.43,0.63,0.60,0.50,0.75,0.43,0.40,0.50,0.53,0.55,0.43,0.20,0.31,0.83,1.00,0.52,0.54,0.72,0.73,0.78,0.80,0.47,0.52,0.30,0.53,0.55,0.73,0.68,0.48,0.37,0.42,0.67,0.57,0.55,0.50,0.53,0.60,0.85,0.70,0.50,0.55,0.67,0.35,0.53,0.80,0.90,0.67,0.53,0.80,0.45,0.78,0.57,0.47,0.60,0.45,0.50,0.60,0.30,0.40,0.48,0.38,0.35,,,,,,,,,,,,,,,,,,,,,,,,,,,,,,0.58,0.40,0.45,1.03,0.20,0.35,1.18,0.40,0.33,0.30,0.53,0.40,0.45,0.38,,0.10,0.45,0.70,0.63,0.35,0.73,0.37,0.60,1.05,0.75,0.50,0.40,0.33,0.27,0.25,0.37,1.30,0.45,0.43,0.25,0.45,0.20,0.37,0.30,0.35,0.65,0.60,0.45,0.35,0.52,0.20,0.38,0.30,0.53,0.47,0.37,0.83,0.50,0.35,0.65,0.50,0.87,0.72,0.35,0.25,0.20,0.60,0.55,0.60,0.54,0.43,0.45,0.55,0.44,0.55,0.50,0.27,0.60,0.75,0.76,0.57,0.90,0.60,0.57,0.70,0.63,0.50,1.02,0.45,0.80,0.55,0.63,0.55,0.40,0.50,0.40,0.57,0.55,0.60,0.47,0.55,0.37,0.80,0.70,0.50,0.63,0.60,0.60,0.50,0.50,0.58,0.47,0.50,0.75,0.40,0.20,,0.20,0.50,0.50,0.57,0.60,0.55,0.35,0.70,,0.65,0.35,0.50,0.55,0.70,0.50,0.40,0.10,0.30,0.50,0.35,0.40,0.50,0.50,0.35,0.20,0.40,0.50,,0.30,0.30,0.83,0.20,0.40,0.80,0.60,0.25,0.20,0.45,0.40,,0.35,,0.30,,0.20,0.50,0.50,0.30,0.40,0.30,,0.30,0.27,0.65,0.35,0.55,,0.20,0.50,0.60,0.20,0.40,0.25,0.55,0.60,0.10,0.25,0.35,,,,0.35,,
20260620,8,CO_24h,0.63,0.67,0.44,0.52,0.25,0.37,0.43,0.37,0.45,0.47,0.42,0.42,0.63,0.43,0.44,0.72,0.62,0.45,0.67,0.40,0.38,0.68,0.58,0.40,0.38,0.68,0.59,0.59,0.48,0.60,0.94,0.42,0.45,0.57,0.41,0.43,0.45,0.47,0.47,0.43,0.55,0.50,0.30,0.45,0.58,0.30,0.28,0.58,0.37,0.41,0.46,0.66,0.49,0.46,0.49,0.57,0.40,0.25,0.43,0.43,0.53,0.40,0.59,0.35,0.60,0.61,0.57,0.57,0.27,0.56,0.67,0.45,0.28,0.30,0.45,0.52,0.39,0.44,0.54,0.47,0.33,0.43,0.47,0.34,0.60,0.43,0.66,0.47,0.42,0.32,0.42,0.40,0.33,0.46,0.23,0.52,0.60,0.50,0.43,0.60,0.55,0.50,0.80,0.40,0.40,0.50,0.43,0.55,0.37,0.20,0.50,0.60,0.90,0.56,0.64,0.60,0.62,0.64,0.48,0.47,0.48,0.40,0.50,0.42,0.63,0.52,0.42,0.38,0.40,0.50,0.55,0.50,0.53,0.43,0.68,0.90,0.75,0.47,0.50,0.69,0.35,0.60,0.65,0.80,0.53,0.47,0.73,0.35,0.72,0.55,0.40,0.60,0.40,0.44,0.60,0.20,0.47,1.04,0.36,0.25,,,,,,,,,,,,,,,,,,,,,,,,,,,,,,0.53,0.40,0.40,0.60,0.23,0.35,0.80,0.50,0.37,0.40,0.50,0.30,0.50,0.45,,0.25,0.45,0.55,0.60,0.45,0.70,0.37,0.50,0.60,0.55,0.40,0.50,0.33,0.27,0.23,0.50,0.72,0.35,0.43,0.25,0.50,0.20,0.38,0.32,0.30,0.57,0.50,0.30,0.40,0.54,0.20,0.38,0.30,0.45,0.27,0.37,0.93,0.40,0.30,0.65,0.50,0.87,1.07,0.35,0.34,0.20,0.60,0.57,0.50,0.52,0.38,0.40,0.45,0.42,0.53,0.50,0.23,0.53,0.67,0.70,0.73,0.73,0.60,0.60,0.80,0.60,0.55,0.97,0.50,0.90,0.50,0.57,0.50,0.25,0.45,0.40,0.53,0.55,0.73,0.43,0.50,0.40,0.80,0.65,0.50,0.60,0.55,0.57,0.65,0.60,0.55,0.42,0.55,0.65,0.35,0.20,,0.20,0.50,0.53,0.57,0.50,0.45,0.35,0.60,,0.65,0.40,0.40,0.50,0.65,0.40,0.40,0.10,0.20,0.60,0.35,0.50,0.45,0.45,0.35,0.20,0.40,0.40,,0.25,0.45,0.60,0.30,0.50,0.80,0.35,0.35,0.20,0.40,0.50,,0.35,,0.30,,0.20,0.60,0.40,0.20,0.40,0.30,0.20,0.30,0.37,0.30,0.30,0.50,0.10,0.25,0.40,0.65,0.15,0.45,0.30,0.50,0.50,0.10,0.35,0.25,,,,0.40,,
20260620,9,AQI,16,47,32,60,45,27,52,21,28,33,33,46,24,29,21,27,27,27,43,10,17,14,31,22,24,24,15,21,21,21,30,22,37,9,19,20,17,14,9,25,28,26,28,27,18,21,22,23,34,27,34,28,18,19,19,17,21,20,28,18,19,20,25,20,33,21,37,25,36,37,68,23,39,34,11,15,25,25,49,25,30,30,23,47,36,29,40,49,37,20,56,39,41,27,28,75,22,18,22,26,19,16,18,25,23,26,36,21,14,28,21,29,55,25,28,20,41,31,31,21,51,27,50,21,27,19,28,30,31,36,26,44,27,24,22,20,15,30,27,28,28,28,38,22,52,41,49,36,17,22,54,25,29,23,53,91,52,39,53,102,,,,,,,,,,,,,,,,,,,,,,,,,,,,,,25,29,25,29,21,30,45,25,30,29,49,27,30,24,,17,47,30,19,37,40,36,36,52,52,39,46,23,20,26,27,30,37,18,25,28,27,18,18,27,23,23,18,26,26,29,22,23,22,23,21,17,24,16,22,23,23,25,20,23,23,29,24,33,35,44,27,34,27,28,25,28,26,25,27,31,28,27,30,20,24,21,14,23,22,14,18,18,11,16,41,49,37,30,29,26,30,11,38,37,20,44,37,21,25,29,33,20,36,40,27,,19,21,49,27,19,34,16,36,,19,27,33,14,29,20,14,14,18,17,14,17,21,21,18,35,43,34,,40,16,33,22,23,32,54,23,78,29,44,,28,,30,,30,30,32,39,29,23,,32,62,39,26,47,28,24,21,44,58,26,40,34,30,30,32,53,,,,24,,
20260620,9,PM2.5,4,32,9,43,17,8,33,8,5,23,22,22,8,9,5,19,19,17,15,5,10,8,22,15,11,9,10,13,8,9,21,10,26,3,8,12,10,3,3,13,15,14,14,10,3,7,11,3,21,12,24,9,3,9,8,9,11,9,9,7,8,11,12,11,19,15,16,17,6,20,49,16,5,10,4,8,4,6,34,4,21,21,12,33,25,13,23,30,26,13,40,24,29,19,6,55,12,9,12,14,12,11,10,12,10,14,13,8,6,13,3,20,27,6,11,13,26,13,22,14,29,9,28,8,6,3,19,14,22,23,18,27,14,16,5,7,7,13,10,16,12,8,26,6,30,19,34,25,10,15,38,12,17,14,35,49,13,11,12,54,,,,,,,,,,,,,,,,,,,,,,,,,,,,,,7,20,14,6,4,7,24,9,8,4,20,19,3,5,,3,9,21,9,26,28,17,25,24,20,26,32,4,14,14,10,21,26,6,12,17,19,11,9,19,8,16,3,18,16,20,8,16,4,10,12,11,12,11,12,6,8,6,8,6,4,5,3,18,23,19,9,20,19,15,16,9,6,9,18,3,11,3,3,7,4,13,8,16,3,9,12,10,5,5,13,18,17,17,20,12,16,3,19,18,5,21,26,9,3,20,6,7,25,28,19,,3,7,34,19,6,23,5,25,,10,19,23,3,10,14,3,7,10,5,3,6,7,5,3,3,3,16,,3,8,23,5,11,15,32,9,49,14,16,,12,,8,,12,21,21,12,10,6,,6,11,13,14,15,8,3,3,,37,14,23,12,3,3,3,17,,,,10,,
20260620,9,PM2.5_24h,30,39,19,31,16,11,32,21,24,38,23,20,13,11,12,18,14,19,23,7,4,5,8,7,16,5,4,11,8,10,10,5,13,2,4,11,5,5,3,11,9,8,8,5,2,9,12,8,25,8,18,8,8,10,7,8,10,10,8,6,8,11,13,13,17,29,10,12,7,13,28,15,14,11,6,7,11,10,18,12,19,19,12,10,24,19,34,36,10,9,14,19,31,6,5,19,8,10,15,14,10,8,11,11,11,12,11,8,4,17,13,8,21,15,25,14,18,18,25,18,23,14,28,4,5,2,14,14,19,17,14,20,12,12,2,3,5,8,11,11,15,28,18,16,13,14,38,19,10,11,21,13,10,12,17,18,17,18,12,48,,,,,,,,,,,,,,,,,,,,,,,,,,,,,,7,10,11,10,9,10,17,13,11,16,30,16,11,11,,7,27,21,15,15,31,20,14,14,10,28,46,9,13,17,15,21,19,11,12,25,9,8,9,15,5,5,1,10,9,16,3,17,3,4,11,9,8,8,9,8,9,6,7,6,4,6,5,11,22,14,14,13,13,10,19,8,5,7,12,4,10,4,5,5,5,8,6,10,8,5,6,5,3,3,12,13,14,22,17,14,10,3,13,12,11,31,17,14,15,18,13,20,19,20,9,,7,7,16,21,4,12,7,20,,8,12,17,6,10,13,5,8,9,10,5,12,9,7,3,4,3,9,,4,6,17,10,8,11,29,14,17,15,12,,11,,11,,12,14,11,10,9,8,2,7,16,29,12,33,7,12,7,61,22,17,28,13,10,3,7,14,,,,9,,
20260620,9,PM10,8,47,32,52,45,21,54,16,28,28,26,46,23,19,7,27,20,27,43,8,15,11,25,19,20,14,15,18,11,17,24,13,31,8,19,20,17,6,6,25,28,26,28,27,6,21,22,6,34,19,34,18,7,19,19,17,21,20,28,18,19,20,25,20,33,19,37,25,17,37,80,21,39,34,10,15,25,25,47,10,23,21,23,38,32,27,40,49,34,16,56,39,37,25,10,40,22,18,22,26,19,,18,25,23,26,36,21,13,17,8,27,60,18,18,17,41,31,29,21,51,26,50,16,19,9,28,30,31,36,24,44,27,24,12,12,11,30,27,28,28,28,38,22,54,41,,33,17,22,48,25,29,23,56,132,54,39,56,154,,,,,,,,,,,,,,,,,,,,,,,,,,,,,,14,,25,29,18,23,45,23,30,29,49,27,30,20,,7,47,28,19,35,21,36,36,53,54,39,,20,16,26,27,18,31,18,25,13,,17,13,22,21,,12,,26,25,8,20,11,16,21,17,24,13,22,11,23,25,20,23,23,29,24,33,35,44,26,34,27,26,24,22,23,25,27,12,28,14,7,14,18,21,14,21,12,14,18,18,11,16,41,49,37,30,27,26,30,10,38,37,18,44,30,15,25,26,33,10,30,33,,,7,9,45,23,19,34,16,33,,19,11,31,12,29,19,6,11,18,17,10,17,21,14,8,7,7,34,,14,,31,21,23,32,57,22,106,29,44,,27,,30,,30,25,22,31,27,23,,11,73,39,22,47,28,24,20,44,65,26,40,34,30,14,32,55,,,,24,,
20260620,9,PM10_24h,45,57,37,45,42,16,53,30,46,48,32,40,29,17,12,31,18,29,43,8,11,8,12,10,19,11,12,13,9,10,10,8,13,7,15,21,8,7,8,24,23,21,13,18,5,20,24,9,33,7,21,14,14,19,18,18,16,16,22,14,17,19,24,23,28,35,25,21,12,28,52,19,47,29,13,12,19,21,30,24,23,25,19,14,26,27,46,49,18,14,26,23,36,6,8,29,16,19,27,28,18,21,17,24,21,23,23,25,11,18,22,17,46,26,35,20,28,31,35,27,37,23,44,9,12,8,21,20,19,26,21,30,19,18,12,8,8,17,37,20,32,39,25,32,28,26,38,29,17,18,35,24,22,21,32,53,39,43,42,116,,,,,,,,,,,,,,,,,,,,,,,,,,,,,,15,9,20,24,22,17,25,23,31,58,52,26,43,26,,13,75,33,27,30,35,29,26,26,28,35,41,19,19,19,22,27,26,18,25,32,12,10,10,19,12,8,7,7,16,21,5,13,7,10,20,22,21,13,18,15,19,22,14,17,19,22,27,23,23,30,24,15,10,18,27,14,23,18,17,13,18,14,9,9,12,16,16,15,13,9,10,13,11,13,28,31,29,28,25,20,16,6,26,35,25,35,19,22,30,24,29,25,23,26,24,,11,14,22,27,17,20,14,24,,13,10,27,12,28,14,9,11,14,22,8,21,13,14,9,11,11,17,,12,8,26,21,18,21,60,26,33,21,39,,28,,29,,24,23,19,21,20,24,10,18,48,87,34,86,13,25,28,90,41,44,73,30,28,27,28,45,,,,19,,
20260620,9,SO2,3,5,5,6,5,7,3,4,3,3,6,7,5,10,8,6,7,5,7,6,5,6,4,7,9,5,5,5,5,10,9,7,8,6,5,6,7,5,5,6,6,3,6,5,7,5,2,7,6,7,6,7,5,5,5,6,6,5,6,3,4,10,3,5,13,4,8,9,6,5,11,14,5,5,6,6,6,8,6,4,6,7,3,11,11,7,11,12,12,5,9,8,7,12,5,9,12,6,6,5,9,6,5,5,4,5,6,4,6,4,7,19,6,9,11,5,9,7,9,5,4,5,6,6,7,3,8,4,8,13,5,10,8,8,4,11,7,7,3,5,3,8,11,13,6,12,5,7,4,3,7,7,2,7,7,52,6,10,6,3,,,,,,,,,,,,,,,,,,,,,,,,,,,,,,5,2,4,7,3,8,5,5,4,9,8,6,11,4,,6,10,10,8,9,5,5,9,17,11,2,5,8,9,5,8,7,5,8,6,9,6,5,7,4,12,7,4,8,5,5,5,4,4,7,5,16,4,5,7,5,10,4,4,2,8,4,5,10,7,10,7,5,5,7,4,4,6,8,7,4,10,6,5,7,10,5,9,6,4,5,6,6,5,3,9,6,3,6,7,8,13,5,9,6,7,9,11,4,8,7,8,6,8,4,3,,6,6,9,6,2,7,3,10,,4,6,9,8,5,8,2,3,4,8,6,7,5,8,7,7,7,6,,5,4,5,8,8,7,4,8,8,9,8,,4,,10,,3,19,8,10,11,14,,18,15,11,7,6,6,8,3,3,14,3,4,6,5,7,6,7,,,,3,,
20260620,9,SO2_24h,3,6,3,6,6,4,3,4,3,2,5,5,4,8,8,6,7,5,6,6,5,6,4,6,7,6,5,5,4,9,7,7,6,6,5,5,6,5,5,6,6,3,4,5,8,4,2,8,5,6,4,4,5,5,5,5,5,5,5,3,4,8,3,4,9,5,8,5,5,5,12,12,6,5,7,6,7,7,6,5,6,7,3,10,10,8,10,10,9,5,5,5,7,8,4,9,9,5,6,4,7,6,5,4,5,5,4,5,5,4,7,11,7,12,11,5,9,7,6,6,4,6,6,5,7,3,8,3,7,8,4,9,8,7,3,8,7,5,3,5,2,8,10,19,4,10,4,6,3,4,5,6,2,7,7,11,11,13,6,3,,,,,,,,,,,,,,,,,,,,,,,,,,,,,,5,2,4,4,4,7,5,6,4,12,8,6,10,4,,7,10,7,7,10,6,5,8,11,9,2,4,8,9,5,8,6,4,9,7,11,5,6,6,5,10,7,4,8,5,5,5,4,5,6,5,10,3,4,6,5,10,7,5,3,8,3,4,7,5,7,5,3,4,6,4,4,5,8,7,5,8,4,5,6,4,5,9,6,4,5,5,6,5,3,8,5,3,6,5,8,12,5,6,5,6,10,10,4,7,8,6,7,8,4,3,,6,7,7,8,3,6,4,4,,4,5,9,9,5,8,2,4,4,8,6,6,5,8,7,6,7,4,,5,6,5,7,5,7,8,9,8,7,7,,5,,8,,4,11,8,10,10,14,7,20,10,7,7,6,6,9,5,4,8,3,4,6,4,7,8,8,,,,4,,
20260620,9,NO2,6,14,9,14,12,13,10,5,5,10,8,25,6,10,4,22,8,34,30,14,13,11,9,18,7,4,18,10,13,3,9,6,6,11,11,10,18,12,17,8,18,12,16,10,7,6,6,4,11,12,10,12,4,10,6,3,8,2,6,4,6,8,7,4,17,11,9,12,13,22,11,16,5,15,7,11,5,7,25,9,19,10,8,13,16,9,9,17,14,14,20,7,6,21,12,19,13,5,7,6,6,4,8,3,10,7,9,4,6,9,6,10,15,17,13,19,23,16,12,10,9,4,19,16,7,16,8,8,11,12,7,15,12,13,9,8,7,10,5,8,6,14,16,13,21,18,15,15,8,9,23,13,11,10,29,14,23,16,8,38,,,,,,,,,,,,,,,,,,,,,,,,,,,,,,6,4,7,9,11,9,14,5,7,17,10,7,5,4,,4,6,12,14,25,11,29,46,30,27,10,6,7,8,11,8,9,30,13,5,11,3,8,8,5,13,11,3,8,7,4,6,6,5,4,6,8,9,3,12,6,9,10,2,7,5,10,5,14,11,11,12,9,10,8,5,6,8,7,18,9,13,6,3,7,6,5,6,8,5,5,6,7,6,7,16,5,5,12,8,13,13,11,14,11,10,20,18,13,14,10,21,6,15,10,8,,14,11,18,6,5,8,4,7,,4,8,18,8,8,8,4,4,9,4,6,6,12,9,7,11,3,15,,10,9,14,10,7,12,15,12,8,11,7,,6,,9,,10,21,7,3,4,3,,1,9,11,9,9,24,15,11,7,23,16,2,15,5,6,15,22,,,,3,,
20260620,9,NO2_24h,13,17,12,13,12,11,13,9,13,15,14,21,11,13,6,24,9,23,31,12,10,11,12,12,10,7,10,8,12,6,7,4,6,8,8,9,7,11,11,6,17,12,12,8,6,7,6,6,14,11,9,9,5,11,6,2,8,3,6,5,6,6,7,4,14,11,9,16,10,14,11,13,8,13,8,7,9,9,14,8,12,14,7,15,21,8,19,17,13,14,16,9,11,14,11,17,11,5,8,4,8,3,10,2,10,6,6,4,5,13,10,9,16,16,11,11,20,15,17,17,9,10,12,10,8,12,10,7,12,8,10,13,11,9,8,4,7,8,4,7,8,8,14,14,13,10,12,12,9,10,17,13,10,8,17,7,19,17,9,16,,,,,,,,,,,,,,,,,,,,,,,,,,,,,,5,5,5,10,7,8,9,10,14,7,10,8,5,7,,5,5,11,15,21,8,24,28,14,12,8,7,6,7,11,9,11,13,12,7,22,3,9,8,6,12,7,2,5,7,2,5,7,6,3,7,10,8,3,8,8,13,9,2,4,4,8,3,10,9,11,12,6,10,7,8,7,6,7,11,8,8,5,5,6,6,4,5,6,7,4,5,7,5,6,14,6,5,15,7,9,8,9,7,11,8,13,13,9,15,12,19,7,13,8,4,,12,6,8,5,5,8,4,8,,5,5,11,7,6,6,5,3,6,5,6,7,9,8,6,4,3,8,,2,7,11,10,6,9,8,10,9,9,13,,10,,5,,8,8,2,2,4,2,8,2,7,8,9,11,8,13,9,10,12,14,6,13,3,7,10,8,,,,3,,
20260620,9,O3,50,73,73,48,63,87,71,66,65,65,105,69,77,93,67,50,85,48,69,31,55,46,58,69,77,76,39,67,67,68,66,70,78,30,34,35,19,44,22,35,26,20,20,14,56,36,30,75,94,86,83,90,57,33,34,41,33,46,43,45,36,46,51,57,36,53,44,31,116,48,72,66,69,84,36,24,64,68,30,80,49,79,29,79,84,92,106,99,73,63,83,93,104,62,91,80,29,32,61,55,29,33,27,52,36,29,28,53,46,90,68,78,60,79,89,63,36,64,77,58,126,87,90,67,85,60,70,92,99,58,71,50,31,47,69,65,48,19,58,44,51,42,42,33,33,37,34,24,36,25,59,68,57,46,30,65,51,60,87,11,,,,,,,,,,,,,,,,,,,,,,,,,,,,,,79,77,38,86,67,96,55,80,77,69,76,77,61,77,,55,77,75,51,30,67,50,25,8,31,101,88,72,34,54,64,69,36,45,60,88,61,59,56,69,72,65,57,67,49,50,70,60,71,75,34,31,17,30,26,75,31,32,45,34,41,10,34,24,78,81,86,68,85,91,81,88,84,48,65,99,75,86,96,64,76,25,35,33,70,36,36,30,24,24,15,70,76,20,37,13,24,36,36,17,63,26,28,67,77,49,14,63,10,81,21,,61,67,43,55,28,47,37,26,,31,36,51,46,31,22,44,44,26,39,44,30,18,66,56,112,138,75,,127,50,32,71,11,22,68,75,65,66,99,,88,,69,,73,64,101,125,93,62,,102,75,60,84,96,56,75,66,54,51,45,84,56,46,95,81,48,,,,56,,
20260620,9,O3_24h,50,73,73,48,63,87,71,66,65,65,105,69,77,93,67,50,85,48,69,31,55,46,58,69,77,76,39,67,67,68,66,70,78,30,34,35,19,44,22,35,26,20,20,14,56,36,30,75,94,86,83,90,57,33,34,41,33,46,43,45,36,46,51,57,36,53,44,31,116,48,72,66,69,84,36,24,64,68,30,80,49,79,29,79,84,92,106,99,73,63,83,93,104,62,91,80,29,32,61,55,29,33,27,52,36,29,28,53,46,90,68,78,60,79,89,63,36,64,77,58,126,87,90,67,85,60,70,92,99,58,71,50,31,47,69,65,48,19,58,44,51,42,42,33,33,37,34,24,36,25,59,68,57,46,30,65,51,60,87,11,,,,,,,,,,,,,,,,,,,,,,,,,,,,,,79,77,38,86,67,96,55,80,77,69,76,77,61,77,,55,77,75,51,30,67,50,25,8,31,101,88,72,34,54,64,69,36,45,60,88,61,59,56,69,72,65,57,67,49,50,70,60,71,75,34,31,17,30,26,75,31,32,45,34,41,10,34,24,78,81,86,68,85,91,81,88,84,48,65,99,75,86,96,64,76,25,35,33,70,36,36,30,24,24,15,70,76,20,37,13,24,36,36,17,63,26,28,67,77,49,14,63,10,81,21,,61,67,43,55,28,47,37,26,,31,36,51,46,31,22,44,44,26,39,44,30,18,66,56,112,138,75,,127,50,32,71,11,22,68,75,65,66,99,,88,,69,,73,64,101,125,93,62,,102,75,60,84,96,56,75,66,54,51,45,84,56,46,95,81,48,,,,56,,
20260620,9,O3_8h,46,55,45,43,63,73,54,69,50,56,54,44,40,64,77,22,67,27,53,38,53,52,56,51,48,74,53,54,67,62,65,68,75,21,27,29,24,34,27,26,17,14,21,6,71,22,27,45,63,58,64,68,46,24,29,42,30,42,31,44,31,36,55,59,27,67,26,22,111,46,95,49,70,82,26,27,68,70,32,82,37,64,23,40,54,70,54,69,45,46,44,56,65,39,90,44,31,27,54,58,9,36,18,54,29,20,16,39,46,51,70,44,40,58,103,55,18,24,57,30,103,45,86,59,53,72,56,77,61,46,52,35,23,51,69,51,24,21,64,46,59,44,23,29,29,42,47,22,24,25,45,37,39,47,39,85,64,51,99,19,,,,,,,,,,,,,,,,,,,,,,,,,,,,,,58,64,15,50,74,60,52,76,75,72,79,78,62,76,,59,70,63,50,23,88,42,14,9,24,92,96,74,46,50,53,31,46,53,52,73,56,52,56,54,69,58,52,67,57,48,79,52,62,59,24,11,6,24,21,45,11,32,50,43,42,10,37,20,65,62,45,53,64,72,55,74,51,51,60,72,52,69,72,47,45,20,31,27,82,42,36,24,29,21,4,63,70,11,33,23,30,41,40,9,59,25,36,64,62,32,8,53,8,57,37,,39,74,55,48,18,22,42,23,,13,28,46,44,36,32,38,44,31,27,42,26,23,69,80,131,141,87,,136,50,34,67,12,31,78,82,63,76,82,,89,,89,,72,76,102,117,88,74,,107,71,68,89,89,95,85,73,82,66,62,81,70,56,114,98,72,,,,52,,
20260620,9,O3_8h_24h,41,53,45,42,61,73,54,68,48,54,54,44,40,64,75,22,67,27,52,37,53,50,55,50,48,73,49,53,67,62,64,68,75,20,27,28,23,34,26,26,16,14,20,6,69,22,27,45,63,58,64,68,46,24,29,42,26,42,31,44,31,36,54,58,27,65,26,22,111,43,91,49,69,82,26,27,66,70,30,81,37,64,22,40,54,70,54,69,45,46,44,56,65,39,90,44,30,27,54,58,9,35,18,54,28,20,16,39,46,51,70,44,40,58,99,55,18,24,57,30,103,45,83,58,53,71,56,75,61,45,52,35,22,50,68,50,24,21,62,46,57,41,23,29,28,39,42,21,24,24,44,37,39,46,33,82,59,51,97,17,,,,,,,,,,,,,,,,,,,,,,,,,,,,,,58,64,15,50,73,60,51,73,74,71,77,78,61,75,,56,70,62,49,23,84,42,14,7,23,90,92,74,42,49,53,31,41,49,52,73,54,52,55,54,69,58,52,67,54,47,77,52,62,59,24,11,6,24,20,45,11,31,49,37,42,9,36,20,65,62,45,52,64,72,55,74,51,35,58,72,52,69,72,47,45,20,30,27,82,41,35,23,29,21,4,63,70,11,32,20,29,41,40,9,56,23,35,63,62,32,7,53,8,57,33,,39,74,51,48,18,22,40,22,,13,28,46,44,35,31,38,44,30,27,42,26,21,69,73,127,141,82,,135,50,33,66,11,28,74,82,60,72,82,,87,,87,,72,73,101,116,88,70,,104,70,66,89,89,63,85,72,73,63,59,79,65,55,108,96,65,,,,52,,
20260620,9,CO,0.26,0.63,0.44,0.71,0.25,0.60,0.46,0.20,0.10,0.33,0.35,0.73,0.50,0.52,0.32,0.99,0.67,0.46,0.63,0.44,0.41,0.84,0.62,0.41,0.42,0.58,0.77,0.59,0.40,0.53,0.94,0.52,0.70,0.59,0.44,0.50,0.53,0.60,0.50,0.47,0.55,0.63,0.40,0.45,0.60,0.30,0.28,0.58,0.49,0.41,0.60,1.21,0.44,0.45,0.47,0.60,0.43,0.35,0.43,0.43,0.53,0.43,0.57,0.25,0.63,0.54,0.67,0.69,0.28,0.62,0.57,0.35,0.20,0.32,0.50,0.70,0.26,0.40,0.94,0.47,0.40,0.40,0.47,0.30,0.66,0.43,0.46,0.52,0.54,0.33,0.65,0.42,0.38,0.78,0.23,0.58,0.70,0.53,0.43,0.60,0.55,0.50,0.75,0.43,0.45,0.50,0.47,0.55,0.37,0.20,0.30,0.97,1.05,0.54,0.52,0.72,0.83,0.76,0.58,0.45,0.50,0.33,0.50,0.53,0.67,0.64,0.48,0.40,0.42,0.70,0.60,0.60,0.50,0.53,0.63,0.80,0.70,0.53,0.50,0.70,0.35,0.53,0.83,1.18,0.70,0.73,0.80,0.45,0.90,0.53,0.50,0.60,0.45,0.52,0.70,0.40,0.50,0.50,0.34,0.30,,,,,,,,,,,,,,,,,,,,,,,,,,,,,,0.60,0.50,0.45,0.80,0.20,0.35,1.03,0.33,0.30,0.30,0.47,0.40,0.45,0.35,,0.15,0.45,0.70,0.63,0.55,0.73,0.37,0.50,1.05,0.90,0.45,0.35,0.33,0.27,0.25,0.40,1.05,0.50,0.43,0.25,0.40,0.20,0.38,0.34,0.35,0.63,0.70,0.45,0.35,0.52,0.20,0.42,0.27,0.53,0.53,0.37,0.73,0.50,0.35,0.60,0.57,0.63,0.68,0.35,0.25,0.20,0.63,0.57,0.65,0.66,0.53,0.40,0.65,0.44,0.55,0.47,0.30,0.57,0.70,0.72,0.57,0.92,0.60,0.57,0.70,0.63,0.50,1.13,0.45,0.80,0.55,0.63,0.55,0.35,0.50,0.35,0.57,0.55,0.63,0.47,0.60,0.40,0.80,0.70,0.50,0.57,0.65,0.63,0.55,0.55,0.55,0.50,0.50,0.80,0.35,0.20,,0.20,0.50,0.83,0.57,0.50,0.55,0.35,0.70,,0.65,0.45,0.50,0.55,0.70,0.45,0.40,0.10,0.30,0.50,0.35,0.40,0.50,0.50,0.35,0.20,0.45,0.40,,0.35,0.30,0.67,0.20,0.50,0.80,0.40,0.30,0.20,0.40,0.45,,0.35,,0.30,,0.20,0.60,0.50,0.30,0.40,0.40,,0.30,0.27,0.40,0.35,0.50,,0.15,0.45,0.60,0.20,0.45,0.30,0.55,0.50,0.10,0.35,0.45,,,,0.35,,
20260620,9,CO_24h,0.57,0.67,0.44,0.50,0.25,0.37,0.43,0.33,0.45,0.43,0.42,0.45,0.63,0.43,0.42,0.72,0.64,0.45,0.68,0.40,0.38,0.69,0.60,0.41,0.38,0.68,0.59,0.59,0.42,0.60,0.94,0.42,0.45,0.55,0.41,0.43,0.45,0.47,0.47,0.43,0.55,0.50,0.30,0.45,0.58,0.30,0.28,0.58,0.37,0.41,0.46,0.68,0.49,0.46,0.50,0.57,0.40,0.25,0.43,0.43,0.53,0.40,0.59,0.35,0.61,0.60,0.57,0.59,0.27,0.56,0.67,0.40,0.26,0.29,0.47,0.52,0.36,0.44,0.56,0.47,0.33,0.43,0.47,0.34,0.60,0.43,0.64,0.47,0.42,0.32,0.42,0.40,0.33,0.48,0.23,0.52,0.60,0.50,0.43,0.60,0.55,0.50,0.80,0.40,0.40,0.50,0.43,0.55,0.37,0.20,0.47,0.60,0.90,0.56,0.62,0.60,0.63,0.64,0.50,0.47,0.48,0.40,0.50,0.42,0.63,0.52,0.43,0.38,0.40,0.50,0.55,0.50,0.53,0.47,0.65,0.90,0.75,0.47,0.50,0.69,0.35,0.60,0.70,0.82,0.53,0.50,0.73,0.35,0.72,0.55,0.40,0.60,0.40,0.44,0.60,0.20,0.47,0.90,0.36,0.25,,,,,,,,,,,,,,,,,,,,,,,,,,,,,,0.55,0.40,0.40,0.63,0.23,0.30,0.82,0.50,0.37,0.40,0.50,0.30,0.50,0.45,,0.20,0.45,0.55,0.60,0.45,0.70,0.37,0.50,0.65,0.55,0.40,0.50,0.33,0.27,0.23,0.50,0.72,0.40,0.43,0.25,0.50,0.20,0.37,0.32,0.30,0.57,0.53,0.30,0.40,0.54,0.20,0.38,0.30,0.45,0.27,0.37,0.93,0.40,0.30,0.65,0.50,0.83,1.05,0.35,0.34,0.20,0.60,0.57,0.50,0.54,0.38,0.40,0.45,0.42,0.53,0.50,0.23,0.53,0.67,0.70,0.70,0.73,0.60,0.60,0.80,0.60,0.50,0.98,0.50,0.90,0.50,0.57,0.50,0.30,0.45,0.40,0.53,0.55,0.73,0.43,0.55,0.40,0.80,0.65,0.50,0.60,0.55,0.57,0.63,0.60,0.55,0.42,0.55,0.65,0.35,0.20,,0.20,0.50,0.53,0.57,0.50,0.45,0.35,0.60,,0.65,0.40,0.40,0.50,0.65,0.40,0.40,0.10,0.20,0.60,0.35,0.50,0.45,0.45,0.35,0.20,0.40,0.40,,0.25,0.45,0.60,0.30,0.40,0.80,0.30,0.30,0.20,0.40,0.50,,0.35,,0.30,,0.20,0.60,0.40,0.20,0.40,0.30,0.20,0.30,0.33,0.30,0.30,0.50,0.10,0.25,0.40,0.65,0.15,0.45,0.30,0.50,0.50,0.10,0.30,0.25,,,,0.40,,
20260620,10,AQI,17,26,30,44,46,35,48,23,24,25,35,44,33,32,21,24,27,23,44,11,26,15,34,28,28,25,21,20,22,22,24,24,29,12,22,23,13,18,11,25,29,25,36,27,17,20,22,23,35,33,41,33,18,22,18,18,18,27,29,18,19,21,24,20,27,21,42,24,37,35,66,26,38,34,13,14,22,26,49,24,23,30,24,50,36,37,41,51,33,21,56,36,38,30,26,69,20,17,25,26,21,14,17,23,25,23,27,28,15,33,23,33,52,28,27,21,39,25,27,22,50,26,44,26,31,20,31,35,37,42,33,45,29,21,27,26,22,31,25,26,29,24,41,26,56,40,51,42,20,22,52,25,21,27,49,86,63,43,46,102,,,,,,,,,,,,,,,,,,,,,,,,,,,,,,29,25,21,40,24,34,44,26,29,29,46,28,25,27,,18,45,25,20,44,39,30,31,47,55,37,47,23,29,19,29,36,40,17,38,32,22,19,20,26,23,26,21,20,26,29,22,20,25,23,27,23,16,20,25,24,16,25,25,21,24,30,23,31,40,47,33,34,33,30,30,32,32,26,27,36,29,31,33,25,31,19,18,21,23,15,16,19,26,15,33,30,37,37,37,29,25,13,39,28,21,46,43,20,24,27,33,18,36,29,22,,20,20,55,41,18,35,18,31,,17,26,47,17,31,21,14,14,15,17,16,18,16,23,21,35,44,33,,43,13,34,25,30,28,42,23,79,31,42,,27,,27,,28,33,33,32,31,25,9,32,58,50,36,46,29,30,23,48,60,40,31,40,52,29,37,60,,,,23,,
20260620,10,PM2.5,3,16,9,31,15,8,28,4,3,8,24,20,10,7,4,10,19,14,16,6,13,9,24,11,10,10,13,13,10,12,17,9,14,3,9,13,7,3,3,12,18,15,19,9,3,9,11,3,18,15,24,10,3,11,8,9,11,11,9,8,8,12,12,11,16,15,22,17,5,18,47,18,6,11,4,9,3,7,34,5,16,19,13,35,18,7,22,29,23,10,40,17,17,21,6,50,12,10,12,13,9,10,12,12,12,12,11,7,3,12,4,23,22,7,11,15,26,9,13,14,27,12,28,6,3,3,22,12,24,25,23,30,17,13,8,3,4,16,12,15,11,5,29,7,36,28,36,26,9,13,36,10,9,16,34,7,15,12,10,56,,,,,,,,,,,,,,,,,,,,,,,,,,,,,,9,13,10,6,3,10,24,9,8,3,20,16,3,3,,3,3,11,12,25,27,15,22,21,20,24,33,6,20,13,13,25,28,8,19,17,13,12,8,15,7,18,5,12,18,20,5,10,8,9,11,8,8,7,10,5,8,3,5,6,4,6,4,13,20,24,6,24,23,16,19,12,10,10,15,3,14,3,3,6,4,13,8,15,3,10,11,6,18,5,10,16,15,17,26,20,13,3,21,17,7,23,30,8,5,17,8,7,25,20,12,,5,13,39,29,7,20,3,22,,7,18,33,6,10,15,7,6,9,3,3,7,5,3,3,3,3,10,,3,8,24,6,15,15,25,11,46,15,14,,12,,6,,18,23,15,13,10,3,3,6,10,11,25,18,8,3,3,,41,20,16,12,3,3,3,18,,,,9,,
20260620,10,PM2.5_24h,27,38,19,30,16,11,32,19,22,35,23,20,13,11,11,18,14,19,23,7,4,5,9,7,15,6,5,10,8,10,10,5,12,1,4,11,5,4,3,11,9,9,9,6,2,9,12,8,24,8,18,8,8,10,7,8,11,10,8,7,7,11,13,13,17,28,11,12,7,12,29,14,14,11,6,7,11,10,19,12,19,19,12,10,23,18,33,36,10,9,15,18,29,7,5,21,9,10,15,14,10,8,11,11,11,12,11,8,4,17,12,9,21,15,23,14,19,17,25,17,24,13,28,4,4,2,15,14,19,17,15,21,12,12,2,3,5,8,12,11,14,27,18,15,14,14,37,20,10,11,21,13,10,13,17,17,16,17,12,50,,,,,,,,,,,,,,,,,,,,,,,,,,,,,,7,10,11,10,8,9,18,13,11,15,29,16,10,10,,6,27,20,15,16,31,20,14,14,11,27,46,9,13,16,15,21,20,11,12,24,9,8,9,15,5,6,1,10,9,16,3,17,3,4,11,9,8,8,9,8,8,6,6,6,4,6,5,11,22,15,14,14,13,11,19,8,5,7,12,4,10,4,5,5,5,8,6,10,7,5,6,5,4,3,12,13,15,22,18,14,10,3,14,12,11,30,17,13,14,18,11,19,20,19,9,,7,7,17,21,5,12,7,21,,8,12,17,6,10,13,5,8,9,10,5,12,8,7,3,4,3,9,,4,6,17,10,8,11,29,14,18,15,13,,11,,11,,12,15,12,10,10,8,2,7,16,29,13,30,8,11,7,59,22,17,28,13,10,3,7,14,,,,9,,
20260620,10,PM10,6,26,30,38,46,19,48,11,24,25,25,44,19,16,6,19,21,23,44,9,26,13,29,19,21,16,21,18,13,17,17,11,17,7,22,23,13,6,6,25,29,25,36,27,7,20,22,7,35,25,41,20,6,22,18,18,18,27,29,18,19,21,24,20,27,20,42,20,19,35,81,20,38,34,6,14,13,26,46,11,,30,24,43,28,20,31,52,31,16,61,32,26,29,18,34,20,17,25,26,21,9,17,23,25,23,27,28,11,19,9,26,53,19,25,18,39,18,25,22,50,22,44,16,20,7,29,24,37,42,29,45,29,21,14,8,7,31,25,26,29,24,41,26,61,37,,42,17,22,54,21,19,27,40,122,75,43,46,153,,,,,,,,,,,,,,,,,,,,,,,,,,,,,,15,23,21,40,19,14,44,26,29,29,46,24,25,22,,6,45,20,13,44,27,30,29,47,60,37,,13,21,17,29,19,39,17,38,12,,17,14,26,21,18,9,11,26,24,7,18,12,13,27,23,16,20,25,8,13,25,25,21,24,30,23,31,40,47,22,33,33,27,22,28,26,26,26,10,27,8,6,8,18,18,18,,10,15,16,19,10,15,33,30,37,37,33,25,25,9,39,28,21,46,,15,18,27,33,9,30,26,22,,,11,44,34,18,35,18,29,,17,13,,17,31,17,,11,15,17,9,18,16,14,11,8,6,29,,12,6,31,23,30,28,42,19,107,31,42,,25,,27,,28,31,21,32,28,20,9,9,66,50,,46,29,30,23,48,70,40,31,40,53,18,37,70,,,,23,,
20260620,10,PM10_24h,41,55,36,44,42,16,52,28,43,45,31,40,28,17,11,31,18,28,42,8,11,8,13,11,18,11,12,12,9,10,10,8,12,6,15,21,9,7,7,24,23,21,14,18,5,20,23,8,33,8,23,15,14,19,18,18,17,17,22,14,17,20,24,23,28,34,26,21,12,29,53,18,46,29,13,13,19,21,31,23,23,25,19,15,25,26,45,49,18,14,28,23,35,7,8,30,17,19,27,28,17,21,17,24,22,23,23,25,11,18,21,18,47,27,33,20,29,31,34,26,39,23,43,9,12,8,22,21,20,27,21,32,20,19,12,9,8,17,37,20,31,39,25,32,29,26,38,30,17,18,36,24,22,22,33,56,41,43,43,121,,,,,,,,,,,,,,,,,,,,,,,,,,,,,,15,9,20,25,22,16,26,23,31,56,51,26,42,25,,12,76,32,27,30,35,29,26,26,28,35,41,19,19,19,22,27,27,18,26,32,13,10,10,19,13,9,7,7,15,21,5,13,7,10,20,21,21,13,18,15,19,22,14,17,19,22,27,24,24,31,24,17,11,19,26,15,22,18,18,12,18,14,9,9,12,16,16,14,12,9,11,13,11,13,29,31,29,29,25,20,16,7,26,35,25,34,19,21,30,24,28,25,23,26,24,,11,13,24,28,18,20,15,25,,13,10,27,11,28,15,9,11,14,22,8,20,14,14,9,10,11,17,,12,8,26,21,18,21,61,26,35,21,40,,28,,29,,24,23,20,21,20,23,10,18,49,87,34,77,12,24,28,85,43,44,72,30,30,27,29,46,,,,19,,
20260620,10,SO2,3,5,3,5,5,10,3,4,3,3,5,8,5,9,8,6,7,5,6,6,5,6,5,7,8,6,5,5,5,9,8,7,9,6,6,6,7,5,5,6,7,3,6,5,7,5,3,7,6,7,5,7,5,5,5,6,6,5,5,3,4,8,5,4,11,4,11,7,5,5,10,17,5,5,5,6,6,9,7,4,6,6,2,10,13,8,10,13,9,5,9,6,6,13,3,9,11,5,6,5,7,6,5,4,4,5,4,4,5,4,7,17,6,8,9,5,10,8,6,5,4,6,6,6,7,3,8,4,8,14,5,11,8,8,4,8,8,7,3,5,2,8,10,14,7,11,5,6,5,4,7,6,2,7,10,18,27,14,6,3,,,,,,,,,,,,,,,,,,,,,,,,,,,,,,5,2,4,8,4,8,5,5,4,9,8,6,10,4,,6,10,8,7,11,5,6,9,15,11,2,5,7,9,5,8,6,5,7,7,9,6,5,7,5,12,6,4,8,5,5,6,4,4,6,3,13,5,4,6,4,8,6,5,2,10,5,5,10,7,11,6,5,6,7,4,4,6,9,7,5,8,4,5,7,5,6,9,6,4,5,4,6,4,4,7,6,3,9,5,11,12,5,9,6,7,10,11,4,9,7,10,6,8,3,3,,6,7,8,8,3,7,3,13,,4,6,8,8,5,7,2,4,4,8,5,9,5,10,7,6,8,4,,5,4,5,7,9,8,4,8,10,9,7,,4,,10,,3,20,7,11,12,14,6,20,9,8,7,6,8,8,6,3,15,3,4,6,4,7,7,11,,,,2,,
20260620,10,SO2_24h,3,5,3,6,6,4,3,4,3,3,5,5,4,8,8,6,7,5,6,6,5,6,4,6,7,6,5,5,4,9,7,7,6,6,5,5,6,5,5,6,6,3,4,5,8,4,2,8,5,6,4,4,5,5,4,5,5,5,5,3,4,8,3,4,9,4,8,5,5,5,12,11,6,5,7,6,7,7,6,5,6,7,3,10,10,8,10,10,9,5,6,5,7,8,4,9,10,5,6,4,7,6,5,4,5,5,4,5,5,4,7,11,7,12,11,5,9,7,6,6,4,6,6,5,7,3,8,3,7,8,4,9,8,7,3,8,7,5,3,5,2,8,10,19,4,10,4,6,3,4,5,6,2,7,7,12,11,13,6,3,,,,,,,,,,,,,,,,,,,,,,,,,,,,,,5,2,4,4,4,7,5,6,4,11,8,6,10,4,,7,10,7,7,11,6,5,8,12,9,2,4,8,9,5,8,6,4,9,7,11,5,6,6,5,9,7,4,8,5,5,5,4,5,6,5,10,3,4,6,6,10,7,5,3,8,3,4,7,5,8,5,3,4,6,4,4,5,8,7,5,8,4,5,6,4,5,9,6,4,5,5,6,5,3,8,5,3,6,5,8,12,5,6,5,6,10,10,4,7,9,6,7,8,4,3,,6,7,7,8,3,7,4,4,,4,5,9,9,5,8,2,4,4,8,6,6,5,8,7,6,7,4,,5,6,5,7,5,7,6,9,8,7,7,,5,,9,,4,11,8,10,10,14,7,20,10,7,7,6,7,9,5,4,8,3,4,6,4,7,8,8,,,,4,,
20260620,10,NO2,5,8,3,12,11,10,8,5,5,4,6,25,3,8,4,13,10,29,22,15,14,12,14,14,6,4,18,9,15,3,7,6,5,10,16,10,16,10,15,6,27,11,17,11,7,6,7,5,10,12,9,10,5,9,6,2,6,3,5,3,5,6,6,4,14,13,8,9,12,19,17,21,6,15,6,10,5,8,22,9,14,7,8,11,13,5,7,16,10,15,15,5,6,17,13,17,12,5,8,4,4,2,6,3,8,6,5,6,5,8,6,9,13,14,10,20,26,15,10,8,9,4,16,9,4,13,9,7,10,12,6,18,11,9,11,2,5,7,4,9,5,10,15,14,19,11,19,17,8,8,23,10,8,8,24,8,23,19,6,41,,,,,,,,,,,,,,,,,,,,,,,,,,,,,,5,4,4,9,10,3,11,6,6,13,11,7,4,4,,3,4,9,15,21,13,17,40,29,17,6,6,7,7,9,7,8,23,12,10,11,3,8,7,4,15,10,3,7,8,3,6,6,6,4,6,7,5,2,7,4,3,10,2,6,6,11,5,10,10,11,8,8,9,8,4,5,6,8,15,9,11,5,2,5,7,7,4,6,7,4,4,7,6,7,13,5,4,11,6,15,12,9,10,12,13,22,16,15,17,9,20,7,17,8,10,,11,14,13,6,5,8,6,8,,4,8,13,7,6,7,5,3,9,5,5,10,10,8,8,11,4,10,,5,9,11,8,9,11,13,10,9,10,10,,6,,10,,10,22,6,2,3,3,12,1,7,8,8,9,14,14,10,14,21,20,3,14,1,10,13,13,,,,3,,
20260620,10,NO2_24h,12,17,11,13,11,11,12,8,13,15,14,21,11,12,6,24,9,24,31,11,10,10,13,12,10,6,10,8,12,6,7,4,6,8,8,9,7,11,11,6,18,12,12,9,6,7,6,6,14,11,9,9,5,11,6,2,8,3,6,5,6,6,7,4,14,11,9,16,10,14,10,13,8,13,8,7,8,9,15,8,13,13,7,14,21,8,19,17,13,14,16,9,11,14,11,17,12,5,8,4,7,3,10,2,9,6,6,4,5,13,10,9,16,16,11,11,21,16,17,17,9,10,12,10,8,12,10,7,12,9,10,13,10,9,8,4,7,8,4,7,8,8,14,14,14,10,12,12,9,10,17,13,10,8,17,6,19,18,9,18,,,,,,,,,,,,,,,,,,,,,,,,,,,,,,5,5,5,10,8,8,9,9,13,7,10,8,5,7,,5,5,11,15,22,9,24,29,15,12,8,7,5,7,11,9,11,14,12,7,22,4,9,8,6,12,7,2,5,7,2,5,7,5,3,7,10,8,3,8,8,12,9,2,4,4,8,3,10,9,11,12,6,10,7,8,7,5,7,11,8,8,5,4,6,6,4,5,6,7,4,5,7,5,6,14,6,5,15,7,9,8,9,7,11,8,14,13,9,15,12,19,7,14,8,5,,12,6,8,5,5,8,4,8,,5,5,11,7,6,6,5,3,6,5,6,7,9,7,6,4,3,8,,2,7,11,10,6,9,8,10,9,9,13,,10,,5,,8,8,2,2,4,2,8,2,7,8,9,11,8,12,8,9,13,14,5,13,3,7,10,8,,,,3,,
20260620,10,O3,55,78,91,68,68,111,89,73,67,64,113,96,104,102,68,78,85,60,90,35,62,48,59,91,89,81,46,65,70,71,75,76,92,38,40,51,28,59,35,47,24,35,24,29,54,47,39,75,112,106,99,107,57,44,38,45,47,51,51,51,45,57,55,65,59,53,69,42,119,62,64,64,72,93,43,30,69,72,40,78,63,80,40,99,114,118,130,119,97,66,102,115,120,91,84,107,35,38,65,58,38,39,36,55,49,45,45,56,49,105,74,92,87,88,86,50,53,81,86,66,122,84,100,82,100,65,68,111,109,82,83,56,52,65,87,84,71,24,66,40,61,48,69,35,68,76,31,28,64,32,72,81,66,57,53,77,81,62,99,15,,,,,,,,,,,,,,,,,,,,,,,,,,,,,,93,81,49,103,77,110,76,78,82,76,82,90,69,85,,59,88,79,65,60,64,71,36,21,48,119,86,73,48,54,67,76,40,51,50,102,70,61,63,77,75,69,67,65,51,61,71,64,80,75,47,47,46,40,39,76,51,48,45,40,43,26,37,43,97,97,107,82,101,97,97,101,102,72,85,116,92,99,105,79,98,39,48,40,74,41,49,41,27,27,35,61,78,30,51,16,28,41,45,27,62,38,41,63,77,66,23,56,21,85,22,,64,64,58,68,37,49,34,41,,43,39,62,52,35,28,46,45,30,36,51,30,26,73,67,111,142,105,,136,42,36,79,14,32,77,73,71,82,93,,86,,68,,73,69,104,,100,80,,103,82,69,87,100,78,76,72,42,52,44,81,70,66,93,91,67,,,,60,,
20260620,10,O3_24h,55,78,91,68,68,111,89,73,67,64,113,96,104,102,68,78,85,60,90,35,62,48,59,91,89,81,46,65,70,71,75,76,92,38,40,51,28,59,35,47,24,35,24,29,54,47,39,75,112,106,99,107,57,44,38,45,47,51,51,51,45,57,55,65,59,53,69,42,119,62,64,64,72,93,43,30,69,72,40,78,63,80,40,99,114,118,130,119,97,66,102,115,120,91,84,107,35,38,65,58,38,39,36,55,49,45,45,56,49,105,74,92,87,88,86,50,53,81,86,66,122,84,100,82,100,65,68,111,109,82,83,56,52,65,87,84,71,24,66,40,61,48,69,35,68,76,31,28,64,32,72,81,66,57,53,77,81,62,99,15,,,,,,,,,,,,,,,,,,,,,,,,,,,,,,93,81,49,103,77,110,76,78,82,76,82,90,69,85,,59,88,79,65,60,64,71,36,21,48,119,86,73,48,54,67,76,40,51,50,102,70,61,63,77,75,69,67,65,51,61,71,64,80,75,47,47,46,40,39,76,51,48,45,40,43,26,37,43,97,97,107,82,101,97,97,101,102,72,85,116,92,99,105,79,98,39,48,40,74,41,49,41,27,27,35,61,78,30,51,16,28,41,45,27,62,38,41,63,77,66,23,56,21,85,22,,64,64,58,68,37,49,34,41,,43,39,62,52,35,28,46,45,30,36,51,30,26,73,67,111,142,105,,136,42,36,79,14,32,77,73,71,82,93,,86,,68,,73,69,104,,100,80,,103,82,69,87,100,78,76,72,42,52,44,81,70,66,93,91,67,,,,60,,
20260620,10,O3_8h,47,56,51,45,63,77,58,70,51,56,63,50,49,68,77,29,71,32,56,38,54,52,57,54,53,74,53,54,67,63,65,68,76,21,28,31,24,38,27,27,18,16,21,9,71,24,28,51,70,63,67,74,49,26,30,43,32,43,33,46,33,38,55,59,30,67,31,26,113,47,95,51,70,85,28,28,68,70,33,82,41,65,24,48,61,76,65,75,51,50,52,64,73,45,94,52,31,28,57,58,13,36,20,54,31,22,19,42,46,62,71,51,44,63,103,57,23,32,60,36,104,53,88,61,58,72,57,78,68,48,56,38,25,51,70,54,30,21,64,46,59,44,28,30,33,42,47,23,29,25,46,43,42,47,39,85,64,53,102,19,,,,,,,,,,,,,,,,,,,,,,,,,,,,,,62,66,18,59,75,65,53,76,77,72,79,82,62,77,,59,72,63,53,28,88,47,18,9,25,93,96,75,46,50,55,37,46,53,54,76,57,53,57,57,72,61,55,67,57,49,79,54,65,64,27,16,11,26,22,51,17,33,50,39,42,11,37,22,69,66,54,56,67,75,60,78,58,39,60,76,57,72,76,53,50,21,33,28,82,42,37,26,29,23,8,64,72,13,34,23,30,42,41,11,59,25,36,64,66,36,9,56,9,61,37,,43,74,55,50,20,25,42,24,,17,29,47,44,36,32,39,44,31,28,43,28,23,69,80,131,141,87,,136,52,34,67,12,31,78,83,63,76,87,,89,,89,,74,76,102,117,90,74,,107,71,68,89,90,95,86,73,82,66,62,81,70,56,114,98,72,,,,54,,
20260620,10,O3_8h_24h,42,54,51,45,60,77,58,68,50,52,63,50,49,68,73,29,71,32,56,38,54,47,56,54,53,73,46,54,66,63,65,68,76,21,28,31,23,38,26,27,17,16,20,9,68,24,28,51,70,63,67,74,49,26,30,42,29,43,33,46,33,38,55,58,30,62,31,26,113,44,88,51,68,84,28,27,65,69,31,80,41,65,24,48,61,76,65,75,51,50,52,64,73,45,94,52,29,28,57,58,13,35,20,54,31,22,19,42,46,62,69,51,44,63,97,56,23,32,60,36,104,53,83,61,58,70,56,76,68,46,56,38,25,49,70,54,30,21,61,46,56,40,28,30,33,42,39,21,29,25,46,43,42,46,33,81,57,52,98,18,,,,,,,,,,,,,,,,,,,,,,,,,,,,,,62,66,18,59,74,65,53,74,77,71,77,82,61,76,,53,72,62,53,28,79,47,18,8,23,91,88,74,39,48,54,37,39,47,54,76,50,53,56,57,72,61,55,67,52,48,76,54,65,64,27,16,11,26,22,51,17,32,47,36,42,11,37,22,69,66,54,56,67,75,60,78,58,39,59,76,57,72,76,53,50,21,33,28,82,40,37,25,29,23,8,64,72,13,34,18,28,42,41,11,53,23,34,63,66,36,9,56,9,61,28,,43,72,48,50,20,25,38,24,,17,29,47,44,35,29,39,44,29,28,43,28,20,69,69,124,141,82,,135,52,32,67,10,27,72,83,59,69,87,,84,,83,,74,70,100,113,90,68,,104,70,66,89,90,64,86,72,68,62,57,79,61,56,104,93,61,,,,54,,
20260620,10,CO,0.23,0.52,0.42,0.69,0.25,0.77,0.40,0.20,0.10,0.22,0.35,0.70,0.35,0.45,0.30,0.78,0.68,0.42,0.54,0.46,0.43,0.91,0.60,0.41,0.36,0.60,0.86,0.63,0.42,0.55,0.94,0.50,0.60,0.61,0.47,0.43,0.46,0.63,0.53,0.53,0.60,0.60,0.40,0.45,0.54,0.32,0.28,0.62,0.47,0.41,0.60,1.16,0.47,0.46,0.49,0.60,0.43,0.35,0.43,0.43,0.50,0.40,0.56,0.28,0.62,0.56,0.63,0.61,0.28,0.61,0.57,0.35,0.20,0.31,0.42,0.60,0.24,0.46,0.98,0.45,0.33,0.38,0.47,0.31,0.66,0.37,0.48,0.52,0.46,0.37,0.60,0.35,0.35,0.76,0.27,0.67,0.70,0.53,0.43,0.57,0.50,0.50,0.70,0.40,0.40,0.50,0.40,0.55,0.37,0.20,0.30,0.87,0.95,0.50,0.44,0.84,0.97,1.08,0.42,0.43,0.46,0.33,0.48,0.50,0.63,0.58,0.49,0.35,0.43,0.75,0.63,0.63,0.50,0.53,0.65,0.80,0.60,0.53,0.50,0.71,0.35,0.52,0.75,1.02,0.70,0.53,0.77,0.50,0.90,0.57,0.50,0.50,0.40,0.52,0.65,0.20,0.95,0.58,0.32,0.35,,,,,,,,,,,,,,,,,,,,,,,,,,,,,,0.60,0.50,0.40,1.10,0.20,0.30,1.08,0.37,0.30,0.30,0.50,0.40,0.45,0.35,,0.15,0.45,0.53,0.77,0.70,0.77,0.30,0.50,0.70,0.90,0.45,0.40,0.33,0.30,0.25,0.40,0.80,0.45,0.40,0.25,0.40,0.20,0.37,0.30,0.35,0.55,0.75,0.40,0.35,0.50,0.23,0.35,0.27,0.60,0.43,0.30,0.80,0.30,0.30,0.50,0.53,0.27,0.95,0.35,0.32,0.25,0.72,0.55,0.60,0.58,0.55,0.40,0.65,0.44,0.57,0.43,0.30,0.50,0.70,0.74,0.57,0.82,0.60,0.50,0.70,0.60,0.50,0.88,0.45,0.80,0.50,0.60,0.50,0.30,0.50,0.20,0.53,0.55,0.63,0.43,0.65,0.40,0.80,0.70,0.50,0.57,0.65,0.63,0.53,0.60,0.53,0.50,0.55,0.80,0.30,0.30,,0.25,0.65,0.73,0.57,0.50,0.50,0.35,0.80,,0.65,0.50,0.40,0.50,0.65,0.40,0.40,0.10,0.25,0.50,0.40,0.45,0.50,0.45,0.45,0.25,0.40,0.30,,0.30,0.30,0.67,0.20,0.70,0.85,0.40,0.35,0.20,0.40,0.50,,0.35,,0.30,,0.20,0.60,0.60,0.30,0.40,0.30,0.30,0.30,0.27,0.30,0.35,0.50,,0.20,0.45,0.70,0.20,0.45,0.35,0.55,0.50,0.20,0.35,0.35,,,,0.35,,
20260620,10,CO_24h,0.56,0.65,0.44,0.49,0.25,0.43,0.44,0.33,0.40,0.43,0.42,0.45,0.55,0.43,0.42,0.72,0.66,0.45,0.68,0.40,0.38,0.69,0.60,0.41,0.38,0.66,0.60,0.59,0.42,0.60,0.94,0.42,0.45,0.54,0.41,0.43,0.45,0.47,0.45,0.43,0.55,0.50,0.30,0.45,0.57,0.30,0.28,0.58,0.37,0.41,0.45,0.70,0.49,0.46,0.50,0.57,0.40,0.25,0.43,0.43,0.53,0.40,0.59,0.35,0.61,0.60,0.57,0.60,0.27,0.56,0.67,0.40,0.24,0.30,0.45,0.53,0.36,0.46,0.58,0.47,0.33,0.43,0.47,0.34,0.60,0.43,0.64,0.48,0.42,0.33,0.42,0.40,0.33,0.48,0.23,0.52,0.63,0.50,0.43,0.60,0.55,0.50,0.75,0.40,0.40,0.50,0.43,0.55,0.37,0.20,0.47,0.65,0.93,0.56,0.62,0.62,0.63,0.66,0.50,0.47,0.48,0.40,0.52,0.42,0.63,0.52,0.43,0.38,0.42,0.50,0.55,0.53,0.53,0.47,0.65,0.90,0.75,0.47,0.50,0.69,0.35,0.60,0.70,0.82,0.53,0.50,0.73,0.35,0.72,0.55,0.40,0.60,0.40,0.44,0.60,0.20,0.47,0.84,0.36,0.25,,,,,,,,,,,,,,,,,,,,,,,,,,,,,,0.55,0.40,0.40,0.63,0.23,0.30,0.85,0.50,0.33,0.40,0.50,0.30,0.50,0.43,,0.20,0.45,0.55,0.60,0.50,0.70,0.37,0.50,0.65,0.55,0.40,0.45,0.33,0.27,0.30,0.50,0.72,0.40,0.43,0.25,0.45,0.20,0.37,0.32,0.30,0.57,0.53,0.30,0.40,0.54,0.20,0.38,0.30,0.45,0.27,0.37,0.83,0.40,0.30,0.55,0.47,0.77,1.05,0.35,0.34,0.20,0.60,0.57,0.50,0.54,0.38,0.40,0.45,0.42,0.53,0.50,0.23,0.53,0.67,0.70,0.67,0.73,0.60,0.60,0.80,0.60,0.50,1.00,0.50,0.90,0.50,0.57,0.50,0.30,0.45,0.40,0.53,0.55,0.73,0.43,0.55,0.40,0.80,0.70,0.50,0.60,0.55,0.57,0.63,0.60,0.55,0.42,0.55,0.65,0.35,0.20,,0.20,0.50,0.53,0.57,0.50,0.45,0.35,0.60,,0.65,0.40,0.40,0.50,0.65,0.40,0.40,0.10,0.20,0.60,0.35,0.50,0.45,0.45,0.35,0.20,0.40,0.40,,0.25,0.45,0.60,0.30,0.40,0.80,0.25,0.30,0.20,0.40,0.50,,0.35,,0.30,,0.20,0.50,0.40,0.20,0.40,0.30,0.20,0.30,0.33,0.30,0.30,0.50,0.10,0.25,0.40,0.65,0.15,0.45,0.30,0.50,0.60,0.10,0.35,0.25,,,,0.40,,
20260620,11,AQI,19,22,31,46,40,43,41,25,19,20,41,52,39,33,23,24,30,26,44,15,28,17,30,34,32,28,25,24,24,23,26,24,31,14,25,25,11,22,18,25,30,24,31,19,17,22,23,24,41,40,40,39,18,23,18,19,19,32,32,20,20,22,19,22,26,26,41,19,39,38,64,39,39,36,14,15,23,25,44,25,24,23,26,49,43,43,46,52,37,22,55,41,42,39,28,68,20,23,24,26,15,15,23,22,31,35,35,25,17,37,25,40,41,31,28,26,40,24,29,22,42,26,39,29,33,23,31,40,36,45,37,45,28,31,32,27,25,23,28,24,31,20,41,28,52,41,30,39,29,28,53,26,18,25,44,74,69,49,43,87,,,,,,,,,,,,,,,,,,,,,,,,,,,,,,32,33,19,44,31,37,41,27,29,29,45,29,26,28,,19,41,25,31,45,47,29,28,31,40,40,31,23,23,21,25,31,46,22,49,35,22,24,20,28,26,26,25,23,27,24,25,25,28,25,29,18,22,24,23,22,17,38,30,18,22,27,28,31,40,44,37,37,37,33,32,34,38,25,35,38,32,34,36,27,34,21,23,23,22,16,19,15,13,16,24,29,34,31,32,24,18,11,32,31,23,38,55,19,21,27,32,15,36,27,20,,18,22,44,46,16,36,13,30,,15,19,39,20,26,19,15,16,14,17,18,34,17,23,26,33,44,35,,45,17,37,29,30,25,37,23,71,32,41,,26,,27,,28,49,37,26,33,29,32,33,53,45,33,54,29,37,26,69,44,53,31,34,25,33,36,56,,,,20,,
20260620,11,PM2.5,3,13,6,32,19,8,25,8,3,7,29,18,9,10,5,10,15,15,15,10,16,8,21,13,11,9,15,13,13,14,17,9,4,3,14,13,6,5,3,12,18,15,15,6,3,10,12,5,13,17,25,14,3,11,7,10,10,12,9,9,9,12,8,10,15,15,24,13,7,20,46,27,4,9,4,10,3,5,31,8,13,15,15,34,8,4,14,29,21,8,38,13,9,25,8,49,12,10,12,12,7,9,15,11,15,10,10,8,4,12,3,28,15,7,10,18,21,14,7,14,23,11,24,6,6,3,18,13,23,24,26,28,17,10,9,3,4,12,10,14,13,5,29,9,30,29,21,26,16,17,33,11,12,16,31,36,17,12,8,47,,,,,,,,,,,,,,,,,,,,,,,,,,,,,,9,23,12,10,4,9,26,9,3,3,18,14,3,3,,3,8,5,22,24,33,16,16,14,3,19,22,3,16,11,10,22,32,7,19,12,8,15,9,12,9,18,3,8,18,17,3,6,9,8,14,6,5,7,7,3,5,5,7,7,4,10,3,8,23,23,6,25,26,16,16,13,12,14,14,3,15,3,3,3,3,12,10,15,12,10,13,7,9,7,6,16,14,18,21,17,10,3,15,14,6,22,39,9,7,14,7,7,25,18,11,,3,15,31,32,6,18,5,21,,10,13,27,5,10,9,3,11,7,3,5,10,5,3,3,3,3,3,,3,3,26,9,16,14,24,14,52,13,10,,8,,6,,15,34,3,11,6,8,3,7,9,10,23,20,15,18,3,,26,23,22,8,3,3,3,3,,,,8,,
20260620,11,PM2.5_24h,24,37,19,30,16,11,31,17,20,33,22,19,13,11,11,19,14,19,22,6,5,4,10,7,15,6,4,10,8,10,10,5,11,1,5,11,5,3,4,11,10,9,9,6,2,9,12,8,23,9,19,9,7,10,7,8,11,10,8,7,7,11,13,13,17,27,12,12,7,12,29,15,13,11,6,7,10,9,19,11,19,18,12,11,22,17,32,35,10,9,17,17,28,8,5,22,9,10,15,14,9,8,11,11,12,12,11,8,4,16,12,10,21,14,22,14,19,18,24,17,25,13,27,3,4,2,15,14,20,18,16,21,13,12,2,3,5,8,12,12,14,27,18,15,14,15,36,20,10,11,21,13,10,13,17,18,16,17,12,51,,,,,,,,,,,,,,,,,,,,,,,,,,,,,,7,10,12,11,8,9,18,13,11,14,29,16,9,10,,6,27,19,15,16,31,21,15,14,11,27,45,9,14,16,15,21,21,11,13,24,9,9,9,14,5,7,1,10,9,16,4,16,3,4,11,9,8,8,9,8,8,6,6,6,4,6,4,11,22,16,14,14,14,11,18,8,5,8,13,4,11,4,5,5,5,8,7,11,6,6,7,5,4,3,12,13,14,21,18,14,10,3,15,12,11,29,17,13,14,18,10,19,20,19,9,,7,6,18,22,5,12,7,21,,8,12,18,6,10,13,5,8,9,10,5,12,8,6,3,4,3,9,,4,6,18,10,8,11,30,14,20,15,13,,11,,11,,12,16,12,10,10,8,2,7,16,29,14,26,8,11,7,59,23,17,28,13,10,3,7,14,,,,9,,
20260620,11,PM10,6,22,26,45,40,21,41,18,15,14,36,53,23,16,6,20,18,26,44,12,28,11,24,21,22,13,25,18,16,15,16,15,9,7,25,25,11,8,6,25,30,24,31,19,8,22,23,7,33,26,40,22,7,23,18,19,18,32,32,20,20,22,17,20,26,26,41,19,13,38,76,,39,29,6,15,12,24,43,15,7,22,26,46,24,17,28,53,34,14,60,32,21,39,13,38,20,23,24,26,15,15,23,22,31,35,35,25,8,24,11,34,41,19,16,24,40,24,18,22,42,15,39,15,20,7,31,18,35,45,30,45,28,19,16,8,7,23,28,24,31,20,41,28,53,33,29,39,17,28,56,22,18,25,42,97,87,49,43,123,,,,,,,,,,,,,,,,,,,,,,,,,,,,,,13,,19,44,20,18,41,22,23,29,45,18,26,21,,7,41,14,26,45,34,29,28,31,40,28,27,12,22,17,25,31,42,22,49,15,,24,13,16,19,22,9,8,27,22,7,10,14,17,29,18,22,24,23,10,9,38,30,18,22,27,28,31,40,44,20,37,35,29,25,27,21,23,27,13,25,21,6,6,16,21,23,23,,14,18,12,9,16,24,29,34,31,32,22,18,6,32,31,23,38,,15,19,21,32,9,33,22,20,,6,,39,37,13,36,12,24,,14,14,32,15,26,19,6,11,14,17,11,34,17,12,11,8,8,21,,11,9,28,29,30,25,37,17,88,32,41,,23,,27,,28,40,25,26,20,18,15,8,55,45,22,57,23,37,25,88,44,55,25,34,24,27,36,62,,,,18,,
20260620,11,PM10_24h,37,54,36,43,42,17,50,27,40,42,30,40,28,16,10,31,18,29,42,8,11,7,13,11,18,11,12,12,9,10,10,8,12,6,16,21,9,6,7,24,24,22,14,18,5,21,23,8,32,9,23,15,14,20,18,18,17,18,23,15,17,20,24,23,28,33,27,21,12,29,55,18,46,29,12,13,18,21,31,22,22,25,19,16,25,25,44,49,18,14,30,22,34,8,8,30,17,20,27,28,17,20,18,24,22,23,23,26,11,17,20,18,48,27,32,20,29,31,34,27,40,23,43,9,12,8,22,21,21,29,22,32,20,19,12,8,8,17,36,20,31,38,25,32,29,26,38,30,16,19,37,24,22,21,33,57,43,44,43,124,,,,,,,,,,,,,,,,,,,,,,,,,,,,,,15,10,21,26,22,15,27,22,31,55,51,25,42,25,,12,77,31,26,31,34,29,26,27,30,35,40,18,20,19,22,27,28,18,26,31,13,10,9,19,13,9,7,7,15,21,5,12,8,10,20,21,21,14,17,15,18,22,15,17,19,22,26,25,25,32,24,18,12,19,24,15,21,19,19,13,19,15,9,9,13,16,17,13,12,10,11,13,11,13,30,31,30,29,26,20,16,7,26,35,25,34,19,21,30,24,27,24,24,26,24,,10,13,25,29,18,21,15,25,,13,10,28,11,27,15,9,11,13,21,8,21,13,14,9,9,11,17,,12,9,26,21,19,21,61,25,37,21,40,,28,,29,,24,24,21,21,20,23,10,17,50,87,34,67,12,24,27,77,44,43,71,30,29,28,29,47,,,,19,,
20260620,11,SO2,3,5,2,5,5,11,3,4,3,3,6,6,4,8,7,6,7,5,6,6,5,6,5,7,8,5,5,5,5,9,8,7,7,5,6,5,7,5,5,6,7,3,6,6,7,5,2,7,6,7,5,7,4,6,5,6,7,5,6,3,4,7,4,5,9,4,15,6,5,5,10,17,5,6,5,6,5,8,8,4,7,6,2,10,13,7,9,12,9,5,7,6,7,11,4,7,18,5,6,5,7,6,5,5,4,5,4,3,4,4,7,19,6,8,9,6,11,10,5,5,4,6,6,6,7,3,9,3,8,13,5,17,8,8,4,8,8,5,3,5,2,8,9,16,6,10,4,6,5,4,8,7,2,7,13,14,17,13,6,4,,,,,,,,,,,,,,,,,,,,,,,,,,,,,,5,2,4,8,4,8,5,5,3,8,8,5,10,3,,6,9,7,8,11,5,5,8,12,10,1,5,8,8,4,8,7,4,7,7,8,7,6,6,5,11,11,4,8,5,5,5,4,4,7,3,10,6,4,6,4,8,6,5,3,9,6,5,10,7,10,6,5,5,6,4,5,5,8,7,5,7,4,6,7,5,5,9,6,4,5,3,6,4,3,7,6,2,8,3,10,11,5,7,7,8,10,10,4,9,7,13,6,8,4,3,,6,7,5,8,3,7,4,8,,4,6,8,9,5,7,2,3,3,8,6,8,5,10,7,6,7,4,,5,4,4,5,8,8,4,9,9,7,8,,4,,10,,4,18,7,11,12,15,6,21,13,7,7,6,8,9,5,5,19,3,4,6,4,7,7,12,,,,3,,
20260620,11,SO2_24h,3,5,3,6,6,4,3,4,3,3,5,5,4,8,8,6,7,5,6,6,5,6,4,6,7,6,5,5,4,9,7,7,6,6,5,5,6,5,5,6,6,3,4,5,8,4,2,8,5,6,4,4,5,5,4,5,5,5,5,3,4,8,3,4,9,4,8,5,5,5,12,11,6,5,7,6,6,7,6,5,6,7,3,10,10,8,10,10,9,5,6,5,7,8,4,9,10,5,6,4,7,6,5,4,5,4,4,5,5,4,7,12,7,12,11,5,9,7,6,6,4,6,6,5,7,3,8,3,7,9,4,9,8,7,3,8,7,5,3,5,2,8,10,19,4,10,4,6,3,4,6,6,2,7,7,10,11,13,6,3,,,,,,,,,,,,,,,,,,,,,,,,,,,,,,5,2,4,4,4,7,5,6,4,10,8,6,10,4,,7,9,7,7,11,5,5,8,12,9,2,4,8,9,5,8,6,4,9,7,11,5,6,6,5,10,7,4,8,5,5,5,4,5,6,5,10,4,4,6,6,9,7,5,3,8,3,4,7,5,8,5,3,4,6,4,4,5,8,7,5,7,4,5,7,4,5,9,6,4,5,5,6,5,3,8,5,3,6,5,8,12,5,6,5,6,10,11,4,7,7,6,7,8,4,3,,6,7,7,8,3,7,4,4,,4,5,9,9,5,8,2,3,4,8,6,6,5,8,7,6,7,4,,5,6,5,7,5,7,5,9,8,7,7,,5,,9,,4,11,8,10,10,14,7,20,10,7,7,6,7,9,5,4,8,3,4,6,4,7,8,8,,,,4,,
20260620,11,NO2,5,8,2,11,12,10,5,4,5,4,7,17,4,8,4,13,9,25,17,12,14,14,15,10,6,4,17,9,16,3,6,6,5,9,16,7,15,10,8,5,26,8,13,5,7,6,6,5,9,11,8,9,5,7,5,2,4,5,5,3,5,5,4,4,10,15,8,8,9,16,16,19,6,10,5,10,4,8,17,7,9,8,9,11,9,3,6,14,9,13,12,5,5,17,11,16,9,5,7,4,3,2,9,3,8,6,4,3,3,7,6,9,9,9,9,19,27,18,7,8,9,4,13,6,5,12,8,3,9,12,6,20,11,4,9,2,5,5,4,8,5,13,11,11,17,7,14,18,7,9,17,10,8,8,18,7,18,14,6,33,,,,,,,,,,,,,,,,,,,,,,,,,,,,,,5,3,5,10,5,2,8,6,6,11,7,7,4,4,,4,4,7,24,17,11,15,36,22,7,7,7,7,5,8,6,7,20,13,14,9,3,8,8,4,11,7,1,5,7,2,5,4,6,3,6,5,4,2,4,4,3,7,2,4,5,7,5,8,9,10,6,7,10,7,4,5,4,8,11,7,9,4,2,5,5,6,3,6,13,3,3,6,4,6,9,4,3,7,6,12,12,14,6,12,12,16,14,16,25,7,17,8,14,9,6,,20,12,11,6,4,7,6,7,,4,8,12,6,6,8,5,3,8,4,5,8,10,7,9,10,4,7,,2,7,11,7,9,8,9,11,10,9,10,,7,,8,,9,14,2,3,2,2,6,1,8,6,8,7,6,17,10,23,21,17,4,12,2,14,10,8,,,,2,,
20260620,11,NO2_24h,12,16,11,13,11,11,12,8,13,14,13,21,11,12,5,24,9,24,31,11,10,10,13,12,9,6,10,7,12,6,7,4,6,8,9,9,8,11,10,6,18,12,12,9,7,7,6,6,14,11,9,9,5,11,6,2,8,2,6,5,6,6,7,4,14,11,9,15,9,15,10,13,7,13,8,8,8,9,15,8,12,13,7,14,20,7,18,17,13,14,16,9,10,14,12,17,11,4,8,5,7,3,10,2,9,6,6,4,5,12,10,9,16,16,11,11,22,16,16,17,9,10,12,10,8,12,10,7,12,9,9,14,10,9,8,4,7,8,4,7,7,8,14,14,14,10,13,12,9,10,18,13,9,8,18,6,19,18,9,19,,,,,,,,,,,,,,,,,,,,,,,,,,,,,,5,5,5,11,8,7,9,9,13,7,10,8,5,7,,5,5,11,16,22,9,24,31,15,13,8,7,5,7,11,9,11,14,12,8,22,4,9,8,5,12,7,2,5,7,2,5,6,5,3,7,9,8,3,8,8,12,9,2,4,4,8,3,10,9,11,12,6,10,7,8,7,5,7,11,8,9,5,4,6,6,4,5,6,7,4,5,7,5,6,14,6,5,15,7,10,8,9,7,11,8,14,13,10,16,12,18,7,14,8,5,,12,6,8,5,5,8,4,8,,5,5,11,7,6,6,5,3,6,5,6,7,9,7,6,4,3,8,,2,7,11,10,6,9,8,10,9,9,13,,10,,5,,8,9,2,2,4,2,8,2,7,8,10,11,8,12,9,11,13,14,4,13,3,8,10,8,,,,3,,
20260620,11,O3,61,71,100,77,76,139,99,81,61,64,119,131,124,105,74,77,97,60,105,48,65,54,70,109,103,88,57,78,78,75,83,77,100,44,54,72,36,69,58,61,45,64,36,42,55,64,54,76,132,127,109,124,59,63,45,48,61,56,53,57,55,67,60,70,84,52,86,52,124,83,71,68,78,116,44,36,75,81,60,81,77,73,57,124,139,139,148,141,118,69,121,130,133,114,90,126,56,44,77,62,43,43,40,57,63,58,51,61,54,117,81,120,115,98,91,56,68,78,94,70,117,84,124,92,104,72,67,128,114,97,91,71,78,98,102,87,79,27,75,42,66,45,90,45,107,92,48,35,92,36,94,83,59,64,86,92,101,74,113,45,,,,,,,,,,,,,,,,,,,,,,,,,,,,,,101,95,60,119,98,117,108,87,92,79,95,94,74,88,,61,97,81,61,72,68,78,46,50,124,127,90,72,69,66,69,79,43,58,48,111,70,62,63,91,82,81,79,73,57,77,81,79,89,81,63,54,62,46,44,70,54,56,50,52,50,60,42,63,114,111,119,97,109,104,103,110,123,80,112,121,102,109,115,86,110,64,64,48,70,50,56,49,39,29,53,62,76,52,64,24,36,34,53,44,60,66,54,60,66,86,45,49,41,86,33,,59,71,76,72,52,65,42,54,,49,47,65,64,38,37,47,46,38,37,58,38,33,75,83,106,142,113,,143,55,44,87,27,53,81,74,78,97,93,,82,,76,,73,88,117,,106,94,103,107,91,77,89,104,93,86,82,51,57,64,77,85,80,106,113,96,,,,63,,
20260620,11,O3_24h,61,71,100,77,76,139,99,81,61,64,119,131,124,105,74,77,97,60,105,48,65,54,70,109,103,88,57,78,78,75,83,77,100,44,54,72,36,69,58,61,45,64,36,42,55,64,54,76,132,127,109,124,59,63,45,48,61,56,53,57,55,67,60,70,84,52,86,52,124,83,71,68,78,116,44,36,75,81,60,81,77,73,57,124,139,139,148,141,118,69,121,130,133,114,90,126,56,44,77,62,43,43,40,57,63,58,51,61,54,117,81,120,115,98,91,56,68,78,94,70,117,84,124,92,104,72,67,128,114,97,91,71,78,98,102,87,79,27,75,42,66,45,90,45,107,92,48,35,92,36,94,83,59,64,86,92,101,74,113,45,,,,,,,,,,,,,,,,,,,,,,,,,,,,,,101,95,60,119,98,117,108,87,92,79,95,94,74,88,,61,97,81,61,72,68,78,46,50,124,127,90,72,69,66,69,79,43,58,48,111,70,62,63,91,82,81,79,73,57,77,81,79,89,81,63,54,62,46,44,70,54,56,50,52,50,60,42,63,114,111,119,97,109,104,103,110,123,80,112,121,102,109,115,86,110,64,64,48,70,50,56,49,39,29,53,62,76,52,64,24,36,34,53,44,60,66,54,60,66,86,45,49,41,86,33,,59,71,76,72,52,65,42,54,,49,47,65,64,38,37,47,46,38,37,58,38,33,75,83,106,142,113,,143,55,44,87,27,53,81,74,78,97,93,,82,,76,,73,88,117,,106,94,103,107,91,77,89,104,93,86,82,51,57,64,77,85,80,106,113,96,,,,63,,
20260620,11,O3_8h,49,58,59,48,64,84,63,70,52,57,72,62,61,73,77,36,76,37,62,39,56,52,60,61,60,75,53,56,68,64,67,69,79,23,31,36,25,43,29,31,21,22,21,14,71,29,31,57,80,71,72,81,52,32,32,43,33,45,36,48,35,42,55,59,37,67,37,30,116,49,95,52,70,89,31,28,68,71,36,82,45,67,28,61,72,84,80,84,61,54,62,74,84,54,97,62,33,30,60,59,18,36,23,54,36,27,23,46,47,69,71,61,55,69,103,57,43,40,66,42,107,58,92,67,64,72,58,82,76,53,59,42,31,54,73,59,37,21,64,46,59,44,36,32,43,48,47,25,37,26,51,49,44,48,40,85,64,56,103,22,,,,,,,,,,,,,,,,,,,,,,,,,,,,,,67,70,24,69,76,72,59,76,82,72,100,86,63,77,,59,75,64,55,35,88,54,21,14,37,96,96,75,46,52,57,44,46,53,54,82,58,55,57,63,73,63,59,68,57,51,79,57,69,69,31,22,19,28,25,55,22,36,50,40,43,16,38,27,74,72,66,61,72,79,66,82,67,46,64,83,64,76,82,61,58,27,37,31,82,43,39,28,31,25,15,64,73,19,38,23,30,42,43,15,59,28,37,64,72,43,14,60,13,65,37,,48,74,55,52,25,31,42,26,,22,31,49,46,38,32,40,44,31,30,45,31,23,70,80,131,141,87,,136,54,34,69,12,31,78,84,63,76,92,,89,,89,,76,76,103,117,92,74,,107,73,68,89,90,95,86,73,76,66,62,81,70,58,114,98,72,,,,56,,
20260620,11,O3_8h_24h,45,56,59,48,64,84,63,68,52,52,72,62,61,73,73,36,76,36,62,38,55,46,58,61,60,75,45,56,68,64,67,69,79,23,31,36,24,43,29,31,21,22,21,14,65,29,30,57,80,71,72,81,52,32,32,43,33,45,36,48,35,42,55,58,37,61,37,30,116,48,85,52,68,88,31,28,66,70,35,79,45,67,28,61,72,84,80,84,61,54,62,74,84,54,97,62,33,30,60,58,18,35,23,54,36,27,23,46,46,69,69,61,55,69,97,56,29,40,66,42,107,58,88,67,64,70,58,82,76,53,59,42,31,54,73,59,37,21,61,45,57,40,36,32,43,48,39,23,37,26,51,49,44,48,38,80,58,56,100,21,,,,,,,,,,,,,,,,,,,,,,,,,,,,,,67,70,24,69,76,72,59,75,82,72,76,86,62,77,,54,75,63,54,35,75,54,21,14,37,96,86,74,42,51,56,44,39,47,54,82,57,55,57,63,73,63,59,68,51,51,75,57,69,69,31,22,19,28,25,55,22,35,47,38,42,16,37,27,74,72,66,61,72,79,66,82,67,46,64,83,64,76,82,61,58,27,37,31,80,41,39,28,31,25,15,64,73,19,38,18,28,40,43,15,51,28,35,63,72,43,14,60,13,65,25,,48,72,49,52,25,31,38,26,,22,31,49,46,38,29,40,44,29,30,45,31,21,70,68,120,141,86,,136,54,32,69,12,29,73,83,60,70,92,,84,,81,,76,70,103,,92,70,,103,73,67,88,89,66,85,72,65,61,57,78,62,58,103,94,62,,,,56,,
20260620,11,CO,0.23,0.48,0.30,0.64,0.25,0.80,0.34,0.20,0.10,0.22,0.40,0.65,0.45,0.47,0.28,0.71,0.66,0.42,0.51,0.51,0.56,0.91,0.57,0.43,0.32,0.58,0.89,0.74,0.46,0.52,0.94,0.48,0.50,0.60,0.47,0.43,0.51,0.63,0.53,0.47,0.60,0.60,0.40,0.40,0.56,0.32,0.28,0.62,0.55,0.46,0.64,1.02,0.47,0.45,0.49,0.57,0.40,0.30,0.43,0.43,0.50,0.40,0.52,0.28,0.60,0.58,0.53,0.53,0.28,0.63,0.63,0.40,0.20,0.33,0.35,0.62,0.23,0.46,0.84,0.45,0.33,0.40,0.43,0.33,0.64,0.33,0.46,0.50,0.42,0.35,0.57,0.40,0.28,0.76,0.27,0.70,0.63,0.53,0.43,0.57,0.45,0.50,0.75,0.40,0.40,0.40,0.40,0.55,0.37,0.20,0.33,0.95,0.80,0.46,0.42,1.24,1.06,1.56,0.42,0.43,0.46,0.33,0.40,0.50,0.70,0.56,0.49,0.35,0.43,0.77,0.65,0.70,0.53,0.43,0.70,0.80,0.60,0.45,0.50,0.71,0.40,0.50,0.68,0.80,0.70,0.43,0.70,0.50,0.80,0.57,0.47,0.50,0.40,0.52,0.60,0.20,0.63,0.62,0.32,0.35,,,,,,,,,,,,,,,,,,,,,,,,,,,,,,0.60,0.50,0.40,1.23,0.15,0.30,0.92,0.37,0.30,0.27,0.40,0.40,0.45,0.35,,0.15,0.45,0.50,2.00,0.70,0.80,0.30,0.50,0.55,0.50,0.40,0.40,0.33,0.27,0.25,0.40,0.63,0.40,0.40,0.35,0.35,0.20,0.37,0.26,0.35,0.55,0.75,0.35,0.35,0.48,0.27,0.35,0.27,0.57,0.47,0.30,0.60,0.35,0.30,0.45,0.53,0.27,0.77,0.30,0.32,0.25,0.85,0.57,0.45,0.52,0.53,0.30,0.63,0.44,0.57,0.40,0.30,0.47,0.70,0.72,0.67,0.77,0.60,0.50,0.70,0.60,0.60,0.75,0.45,0.80,0.55,0.60,0.50,0.35,0.50,0.15,0.57,0.55,0.63,0.37,0.60,0.37,0.80,0.65,0.50,0.60,0.60,0.63,0.55,0.55,0.47,0.45,0.60,0.75,0.25,0.20,,0.30,0.65,0.67,0.57,0.50,0.50,0.35,0.70,,0.65,0.45,0.40,0.55,0.65,0.40,0.40,0.20,0.30,0.55,0.35,0.45,0.50,0.45,0.45,0.25,0.40,0.30,,0.30,0.30,0.77,0.20,0.80,0.85,0.30,0.35,0.20,0.40,0.45,,0.35,,0.30,,0.20,0.50,0.50,0.30,0.40,0.30,0.20,0.30,0.33,0.30,0.35,0.55,,0.30,0.45,0.70,0.15,0.45,0.35,0.50,0.60,0.20,0.30,0.40,,,,0.35,,
20260620,11,CO_24h,0.53,0.64,0.44,0.50,0.25,0.43,0.44,0.33,0.40,0.43,0.42,0.45,0.55,0.42,0.40,0.73,0.66,0.45,0.69,0.40,0.37,0.69,0.60,0.43,0.36,0.66,0.60,0.57,0.44,0.60,0.94,0.42,0.45,0.54,0.43,0.43,0.45,0.47,0.45,0.43,0.55,0.50,0.30,0.45,0.58,0.30,0.28,0.58,0.37,0.41,0.46,0.71,0.48,0.45,0.49,0.57,0.40,0.25,0.43,0.43,0.53,0.40,0.59,0.33,0.61,0.60,0.57,0.59,0.27,0.56,0.60,0.40,0.22,0.30,0.42,0.53,0.36,0.46,0.60,0.47,0.33,0.43,0.47,0.34,0.60,0.43,0.64,0.50,0.42,0.33,0.43,0.40,0.35,0.52,0.23,0.52,0.63,0.50,0.43,0.60,0.55,0.50,0.75,0.40,0.40,0.50,0.43,0.55,0.37,0.20,0.46,0.68,0.93,0.56,0.58,0.62,0.65,0.72,0.50,0.47,0.48,0.40,0.50,0.43,0.63,0.54,0.43,0.38,0.42,0.53,0.55,0.53,0.53,0.47,0.65,0.90,0.70,0.47,0.50,0.69,0.35,0.60,0.70,0.80,0.53,0.47,0.73,0.40,0.72,0.55,0.40,0.60,0.40,0.44,0.60,0.20,0.47,0.74,0.36,0.25,,,,,,,,,,,,,,,,,,,,,,,,,,,,,,0.55,0.40,0.40,0.67,0.23,0.30,0.82,0.50,0.30,0.30,0.50,0.40,0.50,0.40,,0.20,0.45,0.55,0.67,0.50,0.70,0.37,0.50,0.65,0.55,0.40,0.45,0.33,0.27,0.30,0.50,0.72,0.40,0.43,0.25,0.45,0.20,0.37,0.32,0.30,0.57,0.53,0.30,0.40,0.54,0.20,0.38,0.27,0.45,0.30,0.37,0.80,0.40,0.30,0.55,0.47,0.73,1.02,0.35,0.32,0.20,0.60,0.57,0.50,0.54,0.38,0.40,0.47,0.42,0.53,0.50,0.23,0.53,0.67,0.70,0.67,0.73,0.60,0.60,0.80,0.60,0.50,1.00,0.45,0.90,0.50,0.57,0.50,0.30,0.45,0.35,0.53,0.55,0.70,0.43,0.55,0.40,0.80,0.70,0.50,0.60,0.55,0.57,0.60,0.60,0.55,0.40,0.55,0.65,0.35,0.20,,0.20,0.50,0.53,0.53,0.50,0.50,0.35,0.60,,0.65,0.40,0.40,0.50,0.65,0.35,0.40,0.10,0.20,0.60,0.35,0.50,0.45,0.45,0.35,0.20,0.40,0.40,,0.25,0.45,0.60,0.30,0.50,0.80,0.25,0.30,0.20,0.40,0.50,,0.35,,0.30,,0.20,0.50,0.40,0.30,0.40,0.30,0.20,0.30,0.33,0.30,0.30,0.50,0.10,0.25,0.40,0.65,0.15,0.45,0.30,0.50,0.60,0.10,0.35,0.25,,,,0.40,,
20260620,12,AQI,22,22,33,46,47,55,34,27,18,21,37,55,39,34,25,27,33,27,43,20,23,24,26,38,37,30,27,30,30,28,28,26,35,17,31,30,15,24,22,26,34,25,26,19,19,25,26,25,46,40,40,41,19,24,18,18,21,28,23,21,22,23,20,23,32,27,35,19,38,41,68,40,35,41,15,15,25,28,41,25,25,24,27,50,48,47,49,53,43,27,53,44,44,45,28,47,25,20,28,25,16,24,26,19,31,26,25,22,18,38,27,53,40,33,27,40,29,28,29,23,41,27,43,31,33,26,29,45,41,45,33,47,33,35,38,27,26,25,27,24,36,20,51,24,39,46,23,43,28,23,49,27,22,23,51,74,68,51,39,75,,,,,,,,,,,,,,,,,,,,,,,,,,,,,,34,32,21,44,32,37,41,31,31,28,49,23,26,28,,19,33,27,35,30,36,28,24,24,32,43,34,23,23,22,31,30,43,21,48,27,25,24,20,33,29,30,26,24,33,30,27,28,31,28,31,19,21,19,25,21,17,38,21,19,22,29,29,28,41,42,41,38,40,35,34,37,43,26,39,40,36,36,38,30,36,27,21,21,20,16,21,15,16,11,29,33,34,24,28,24,15,10,29,31,22,33,59,17,26,32,36,18,36,27,16,,22,46,33,46,18,31,16,23,,14,18,33,22,21,22,16,14,17,13,19,20,15,26,28,35,43,37,,46,21,34,34,20,33,42,24,72,37,38,,25,,27,,26,44,37,20,33,31,37,38,49,50,27,51,27,41,33,58,57,45,37,32,47,38,38,46,,,,19,,
20260620,12,PM2.5,3,6,7,32,21,4,19,5,3,7,26,21,7,7,4,10,13,16,15,13,9,7,18,15,12,8,9,10,16,11,19,8,7,4,19,15,6,8,7,13,19,14,11,6,4,12,13,7,9,20,27,14,5,12,7,10,10,12,9,10,9,13,3,10,15,17,24,10,7,22,49,28,4,11,4,8,3,4,22,8,11,17,19,32,6,3,14,29,19,8,27,10,7,27,14,33,12,10,13,11,7,9,18,10,16,10,7,7,4,12,4,30,14,14,5,28,14,8,9,14,21,5,21,5,4,3,20,12,29,29,23,26,18,18,14,4,4,13,8,14,12,7,36,9,18,32,7,26,16,15,29,11,14,16,27,35,24,15,9,43,,,,,,,,,,,,,,,,,,,,,,,,,,,,,,15,9,11,19,3,8,26,5,3,3,23,15,3,6,,3,10,8,20,21,25,15,16,10,3,22,24,3,12,9,15,21,22,6,19,5,14,17,12,11,12,17,3,6,17,11,4,5,11,7,18,8,3,6,7,3,5,6,11,6,3,12,11,5,28,26,6,26,28,15,14,13,11,14,15,7,21,3,3,8,3,8,10,15,7,11,15,9,7,3,8,15,13,15,14,17,10,3,13,17,5,20,42,10,11,13,10,6,25,18,7,,3,32,23,32,5,22,9,16,,9,12,23,5,10,12,3,9,10,5,3,6,6,11,3,3,3,3,,3,3,24,12,10,14,23,11,42,14,11,,10,,3,,7,31,7,10,6,6,3,8,8,5,18,15,10,13,3,,28,21,20,11,3,3,3,3,,,,6,,
20260620,12,PM2.5_24h,21,35,18,30,16,11,29,16,18,30,21,19,13,10,10,19,14,19,22,6,5,4,10,8,14,6,4,10,8,10,10,5,10,1,5,11,5,3,3,11,10,9,9,6,3,9,12,8,23,10,19,9,7,10,7,8,11,10,8,7,7,12,13,13,17,26,12,12,6,13,30,16,12,11,6,7,9,8,20,11,18,18,12,12,22,15,31,35,11,8,17,16,26,9,6,23,9,10,15,14,9,8,12,11,12,12,10,8,4,15,11,11,22,14,21,14,20,18,23,17,26,13,27,3,4,2,16,14,20,19,16,21,13,13,3,3,5,9,12,12,14,26,19,15,14,16,35,20,11,12,22,14,10,13,17,19,16,16,12,52,,,,,,,,,,,,,,,,,,,,,,,,,,,,,,8,10,12,11,8,9,19,12,11,14,28,16,9,10,,6,27,18,16,17,31,21,15,14,11,27,45,8,13,17,15,21,22,11,13,23,9,9,10,14,6,7,1,10,9,15,4,14,4,4,11,8,8,8,9,8,8,6,7,6,4,6,5,11,22,16,13,15,14,12,17,9,5,8,13,4,11,4,5,5,6,8,7,11,6,6,7,5,4,3,12,14,15,21,18,14,10,3,15,12,11,28,18,12,13,18,9,18,20,19,9,,7,7,18,23,5,13,7,21,,8,12,18,6,10,13,5,8,9,9,5,12,8,7,4,4,3,9,,4,6,18,10,8,11,30,14,21,15,13,,11,,10,,11,17,12,10,10,8,2,7,16,28,14,25,8,11,7,59,23,16,29,13,10,3,7,13,,,,9,,
20260620,12,PM10,6,12,23,44,47,18,33,17,6,16,37,59,24,18,6,22,18,27,43,17,19,10,24,21,24,15,20,16,19,11,19,14,12,8,31,30,11,10,9,26,34,23,26,19,8,23,26,9,33,30,40,15,6,24,18,18,17,28,23,21,22,22,9,20,25,27,35,15,14,41,82,28,35,27,8,12,9,22,41,17,19,22,25,50,22,14,29,55,36,18,55,34,25,45,14,40,19,20,24,25,11,24,23,19,31,26,25,22,13,24,11,35,39,19,12,39,29,22,28,22,41,14,38,14,13,8,29,19,38,45,33,47,27,20,23,8,6,25,27,24,36,20,48,24,35,41,23,43,16,23,49,22,22,19,52,97,86,51,39,99,,,,,,,,,,,,,,,,,,,,,,,,,,,,,,16,19,18,42,19,23,41,26,19,26,49,23,23,16,,6,33,17,35,19,31,24,24,21,14,30,29,10,19,17,31,30,43,20,48,16,9,21,19,18,22,20,6,8,33,22,8,12,18,14,31,19,16,19,25,9,10,38,21,17,22,29,29,28,38,42,18,38,35,27,29,27,17,25,28,11,30,13,7,12,17,21,21,21,11,12,19,13,6,11,29,33,34,24,28,24,14,10,29,31,19,33,,17,26,20,36,10,31,26,14,,6,,29,39,12,30,16,,,11,10,29,15,21,22,6,9,17,13,8,20,13,13,7,9,8,16,,10,6,27,33,20,33,42,20,94,26,38,,21,,23,,26,37,23,20,13,19,25,17,49,50,25,52,27,41,31,65,64,45,37,32,47,30,36,46,,,,14,,
20260620,12,PM10_24h,32,51,36,43,41,17,48,25,37,39,28,41,28,16,10,30,18,29,41,7,11,7,14,11,18,11,12,12,9,10,10,8,12,6,17,22,9,6,7,25,25,22,15,18,5,21,23,8,32,10,24,16,13,20,18,18,17,18,23,15,17,21,24,23,28,33,27,21,13,29,56,18,46,29,12,13,18,21,32,22,21,25,20,17,25,24,43,49,19,14,31,23,33,10,8,31,17,19,27,28,17,20,18,24,23,23,22,26,11,17,19,20,48,26,30,20,29,31,33,27,41,23,43,9,12,8,22,21,22,30,23,33,21,19,12,9,8,18,36,21,31,38,26,32,30,27,37,31,17,19,38,24,22,21,34,59,46,44,44,125,,,,,,,,,,,,,,,,,,,,,,,,,,,,,,15,10,21,27,22,15,28,22,30,54,50,25,41,24,,11,77,29,27,31,34,29,27,27,30,35,40,17,20,19,22,28,29,19,27,31,13,11,10,19,14,9,7,7,15,21,5,12,8,10,21,20,21,14,17,15,18,23,15,17,19,23,26,25,26,33,24,19,13,20,22,16,22,19,19,13,20,15,9,9,13,16,17,13,12,10,11,13,10,13,30,31,30,29,26,20,17,7,26,34,25,33,20,20,30,24,27,23,24,26,24,,10,12,25,29,18,22,15,25,,13,10,28,11,27,15,9,11,13,21,8,21,14,13,9,8,11,17,,12,9,26,22,19,21,62,26,39,22,41,,28,,29,,23,25,21,22,20,22,10,17,51,88,34,58,13,25,27,68,44,42,70,30,29,28,30,48,,,,19,,
20260620,12,SO2,3,5,2,4,6,10,3,4,3,2,5,8,4,9,7,6,7,5,6,6,5,6,5,7,7,6,5,5,5,9,7,7,7,6,6,5,6,5,5,6,7,2,6,6,8,5,2,7,7,7,5,6,5,5,5,6,6,5,6,2,4,7,3,4,9,4,21,6,5,6,10,13,6,7,5,6,6,8,10,4,7,6,3,10,13,8,8,11,9,5,6,6,7,11,4,7,11,5,7,5,7,6,5,4,4,5,5,5,3,4,8,22,6,8,8,7,10,9,6,5,4,6,6,6,7,2,9,4,8,14,5,15,9,7,4,8,7,5,3,5,2,8,10,20,5,10,4,6,4,5,9,6,2,6,13,9,12,12,6,4,,,,,,,,,,,,,,,,,,,,,,,,,,,,,,6,2,4,7,4,8,5,5,4,9,7,5,9,3,,6,10,7,10,11,5,5,9,11,12,1,5,8,8,5,8,6,4,6,7,9,7,6,6,5,11,5,4,8,5,6,5,4,4,7,4,12,5,4,5,3,8,8,5,3,8,4,5,9,8,11,6,6,5,6,4,5,4,8,7,5,8,4,6,6,6,5,9,5,4,5,3,6,4,3,7,5,3,6,3,9,12,5,7,7,7,10,11,4,8,8,10,6,8,4,3,,6,9,5,6,2,7,4,2,,3,6,8,9,5,7,2,3,4,8,5,8,5,8,6,6,7,4,,5,3,5,7,6,7,3,8,9,6,8,,4,,9,,3,13,6,10,12,14,6,24,16,9,7,7,15,10,6,4,10,2,4,6,5,7,7,13,,,,3,,
20260620,12,SO2_24h,3,5,3,6,6,5,3,4,3,3,5,5,4,8,8,6,7,5,6,6,5,6,4,6,7,6,5,5,4,9,7,7,6,6,5,5,6,5,5,6,6,3,4,5,8,4,2,8,5,6,4,4,5,5,4,5,5,5,5,3,4,8,3,4,9,4,9,5,5,5,11,10,5,5,7,6,6,7,6,5,6,7,3,10,10,8,10,10,9,5,6,5,7,8,4,9,10,5,6,4,7,6,5,4,5,4,4,5,5,4,7,12,7,12,11,5,9,7,6,6,4,6,6,5,7,3,8,3,7,9,5,10,8,7,3,8,7,5,3,5,2,8,10,19,4,10,4,6,3,4,6,6,2,7,8,10,10,13,6,3,,,,,,,,,,,,,,,,,,,,,,,,,,,,,,5,2,4,5,4,7,5,6,4,10,8,6,10,4,,7,9,7,7,10,5,5,8,12,9,2,4,8,9,5,8,6,4,9,7,11,5,6,6,5,10,7,4,8,5,5,5,4,5,6,5,10,4,4,6,6,9,6,5,3,8,3,4,7,5,8,5,4,4,6,4,4,5,8,7,5,8,4,5,7,4,5,9,6,4,5,5,6,5,3,8,5,3,6,5,8,12,5,6,5,6,10,11,4,7,7,6,7,8,4,3,,6,7,6,8,3,7,4,4,,4,5,8,9,5,8,2,3,4,8,6,6,5,8,7,6,7,4,,5,4,5,7,5,7,4,9,8,7,7,,5,,9,,4,11,7,10,10,14,7,20,10,7,7,6,7,9,5,4,8,3,4,6,4,7,8,8,,,,4,,
20260620,12,NO2,5,6,2,9,13,7,4,4,5,5,6,12,2,7,4,11,7,22,12,11,10,10,13,8,5,3,12,7,13,3,7,4,5,8,11,7,11,10,9,5,26,7,8,4,7,5,6,5,8,13,9,9,6,7,4,2,3,6,5,3,5,4,4,3,8,19,6,7,11,15,15,13,5,10,5,7,5,7,12,7,8,12,6,11,8,2,6,12,8,9,10,5,5,19,10,13,8,3,8,4,3,2,7,3,7,5,3,4,3,8,6,9,8,5,8,18,22,9,7,7,7,3,10,7,4,9,7,3,9,10,7,15,10,4,9,6,5,9,3,9,4,11,11,10,10,6,7,16,7,7,17,11,7,9,14,7,13,11,6,12,,,,,,,,,,,,,,,,,,,,,,,,,,,,,,4,3,3,10,6,3,9,6,5,7,8,8,4,5,,3,4,8,22,14,10,14,26,13,11,6,6,5,6,7,5,6,18,11,14,13,4,8,9,4,10,6,2,2,6,2,4,3,5,3,6,6,4,2,3,7,2,9,2,4,4,6,5,4,8,10,6,6,10,7,4,5,2,8,10,7,6,3,2,4,5,5,2,5,10,4,3,8,3,4,8,4,4,4,6,11,10,16,4,5,9,13,15,18,26,8,18,6,15,8,4,,16,13,7,5,4,5,6,4,,5,5,10,6,5,6,3,3,7,4,5,6,8,6,7,8,4,4,,1,5,9,7,5,6,8,12,10,7,8,,6,,8,,10,13,1,1,2,2,4,1,9,6,8,5,9,16,7,15,14,15,4,10,1,15,7,7,,,,2,,
20260620,12,NO2_24h,11,16,11,13,11,11,11,8,12,13,12,21,11,12,5,24,8,25,31,11,10,10,13,11,9,5,10,7,11,6,7,4,6,8,9,9,8,10,10,6,19,12,12,9,7,7,6,6,14,11,9,9,5,11,6,2,7,2,6,5,6,6,7,4,14,12,9,15,9,15,10,13,7,13,8,8,7,9,15,9,12,13,7,14,20,7,18,16,13,14,16,8,10,14,12,17,11,5,8,4,7,3,10,2,9,6,6,4,5,12,10,9,16,16,11,12,22,16,16,17,10,10,12,10,8,12,10,7,11,9,9,14,10,9,8,4,7,8,4,7,7,9,14,14,14,10,12,13,9,10,18,13,10,8,18,6,19,18,9,19,,,,,,,,,,,,,,,,,,,,,,,,,,,,,,5,4,5,11,8,7,10,9,13,7,10,8,5,6,,5,4,11,17,23,9,25,31,16,13,8,7,5,7,11,8,11,14,13,8,23,4,9,8,5,12,7,2,4,7,2,5,6,5,3,7,9,8,3,8,8,11,9,2,4,4,8,3,10,9,11,12,6,10,7,7,7,5,7,11,8,9,5,4,6,6,4,5,6,8,4,5,7,5,6,15,6,5,14,7,10,8,9,7,11,8,14,14,10,17,11,19,7,14,8,5,,13,6,8,5,5,9,4,8,,5,5,11,7,6,6,5,3,6,5,6,7,9,7,6,4,3,8,,2,7,11,10,6,9,8,10,9,9,13,,10,,5,,8,9,2,2,4,2,7,2,7,8,10,11,8,13,8,11,13,13,4,13,3,7,10,8,,,,3,,
20260620,12,O3,69,70,106,81,82,164,110,86,59,68,96,155,126,110,81,86,105,59,111,63,72,78,83,123,117,97,87,96,97,91,89,82,113,54,77,87,48,76,70,76,76,81,59,47,61,79,60,79,146,129,117,132,62,76,50,48,66,59,55,64,61,74,63,74,102,50,95,60,122,106,76,84,87,130,47,48,81,89,91,80,81,68,71,148,154,149,157,157,137,86,141,142,141,129,91,143,80,50,90,65,50,49,62,53,79,68,52,63,57,122,87,162,127,104,85,68,77,88,93,75,120,87,139,98,106,84,82,144,120,120,94,100,107,113,122,86,82,25,79,46,67,53,86,58,124,95,68,48,91,44,102,87,61,63,105,103,122,90,118,80,,,,,,,,,,,,,,,,,,,,,,,,,,,,,,108,103,68,142,102,119,114,98,100,89,119,74,83,90,,62,105,85,83,84,72,88,60,77,102,138,106,73,74,69,76,76,58,66,54,85,80,69,64,107,92,95,83,77,72,95,87,89,99,91,80,56,66,52,47,68,55,60,54,60,57,72,44,73,131,132,131,109,113,111,108,118,137,83,126,128,115,116,122,96,114,86,68,55,65,52,60,49,51,33,62,71,79,66,69,35,49,31,62,68,70,80,59,55,53,101,66,56,48,85,50,,69,70,93,79,58,85,39,69,,44,56,74,71,41,44,51,44,44,37,62,50,49,82,89,113,139,118,,146,67,58,109,44,81,82,76,91,119,98,,81,,85,,73,92,119,,106,100,119,121,104,84,87,117,84,113,104,46,81,75,77,98,101,121,121,128,,,,62,,
20260620,12,O3_24h,69,70,106,81,82,164,110,86,59,68,96,155,126,110,81,86,105,59,111,63,72,78,83,123,117,97,87,96,97,91,89,82,113,54,77,87,48,76,70,76,76,81,59,47,61,79,60,79,146,129,117,132,62,76,50,48,66,59,55,64,61,74,63,74,102,50,95,60,122,106,76,84,87,130,47,48,81,89,91,80,81,68,71,148,154,149,157,157,137,86,141,142,141,129,91,143,80,50,90,65,50,49,62,53,79,68,52,63,57,122,87,162,127,104,85,68,77,88,93,75,120,87,139,98,106,84,82,144,120,120,94,100,107,113,122,86,82,25,79,46,67,53,86,58,124,95,68,48,91,44,102,87,61,63,105,103,122,90,118,80,,,,,,,,,,,,,,,,,,,,,,,,,,,,,,108,103,68,142,102,119,114,98,100,89,119,74,83,90,,62,105,85,83,84,72,88,60,77,102,138,106,73,74,69,76,76,58,66,54,85,80,69,64,107,92,95,83,77,72,95,87,89,99,91,80,56,66,52,47,68,55,60,54,60,57,72,44,73,131,132,131,109,113,111,108,118,137,83,126,128,115,116,122,96,114,86,68,55,65,52,60,49,51,33,62,71,79,66,69,35,49,31,62,68,70,80,59,55,53,101,66,56,48,85,50,,69,70,93,79,58,85,39,69,,44,56,74,71,41,44,51,44,44,37,62,50,49,82,89,113,139,118,,146,67,58,109,44,81,82,76,91,119,98,,81,,85,,73,92,119,,106,100,119,121,104,84,87,117,84,113,104,46,81,75,77,98,101,121,121,128,,,,62,,
20260620,12,O3_8h,53,60,68,53,67,96,70,71,54,59,78,76,74,80,77,44,82,41,70,40,58,52,63,71,70,78,54,62,71,68,70,70,82,28,37,43,27,48,34,38,29,30,26,19,71,37,35,63,91,80,79,90,55,39,34,44,37,47,39,51,39,48,55,60,46,67,46,34,118,55,95,58,71,95,34,30,68,72,43,82,51,68,34,76,85,95,96,96,74,59,74,86,96,66,98,75,38,33,65,60,24,38,29,54,43,34,28,50,47,79,72,77,66,77,103,57,36,48,71,49,111,66,96,73,72,72,62,92,85,63,65,51,42,62,80,64,45,22,64,47,59,45,44,36,54,55,47,27,45,29,59,57,48,50,46,85,69,61,105,28,,,,,,,,,,,,,,,,,,,,,,,,,,,,,,73,75,32,80,78,81,67,79,86,73,101,86,65,78,,59,79,66,58,44,88,58,28,22,47,102,96,75,47,54,60,50,46,53,55,85,53,59,58,70,75,68,64,69,57,58,79,62,74,73,39,28,26,32,28,60,28,39,50,41,44,24,38,34,81,82,79,68,78,84,74,88,79,51,72,92,73,82,90,68,67,34,42,34,82,43,43,30,33,26,22,66,74,27,42,23,32,42,45,23,59,35,39,64,74,51,21,63,18,71,37,,52,74,55,57,30,40,42,32,,26,35,52,50,39,32,42,44,31,31,48,36,24,71,80,131,141,90,,137,56,35,75,16,36,78,84,64,76,95,,89,,89,,78,76,105,117,94,74,,107,77,68,89,93,95,88,76,76,66,62,81,70,64,114,99,72,,,,57,,
20260620,12,O3_8h_24h,48,58,68,53,67,96,70,70,54,55,78,76,74,80,73,44,82,41,70,40,58,49,62,71,70,78,49,62,71,68,70,70,82,28,37,43,27,48,34,38,29,30,26,19,63,37,35,63,91,80,79,90,54,39,34,44,39,47,39,51,39,48,55,60,46,59,46,34,118,55,82,58,71,95,34,30,67,72,43,78,51,67,34,76,85,95,96,96,74,59,74,86,96,66,96,75,38,33,65,59,24,38,29,54,43,34,28,50,47,79,72,77,66,77,95,56,36,48,71,49,111,66,96,73,72,70,62,92,85,63,65,51,42,62,80,64,45,21,63,45,58,42,44,36,54,55,43,27,45,29,59,57,48,50,46,82,68,61,103,28,,,,,,,,,,,,,,,,,,,,,,,,,,,,,,73,75,32,80,78,81,67,78,86,73,79,86,65,78,,56,79,66,58,44,72,58,28,22,47,102,87,74,45,54,60,50,42,49,55,85,61,59,58,70,75,68,64,69,52,58,76,62,74,73,39,28,26,32,28,60,28,39,47,41,44,24,38,34,81,82,79,68,78,84,74,88,79,51,72,92,73,82,90,68,67,34,42,34,77,42,43,30,33,26,22,65,74,27,42,19,31,38,45,23,53,35,37,63,74,51,21,63,18,71,27,,52,71,53,57,30,40,38,32,,26,35,52,50,39,31,42,44,31,31,48,36,24,71,69,117,140,90,,137,56,35,75,16,36,74,81,64,74,95,,83,,80,,77,73,105,,94,72,,106,77,68,88,93,66,88,76,63,64,58,78,65,64,105,96,68,,,,57,,
20260620,12,CO,0.21,0.41,0.24,0.66,0.40,0.60,0.35,0.20,0.10,0.22,0.38,0.70,0.25,0.48,0.28,0.77,0.63,0.44,0.51,0.57,0.54,0.87,0.53,0.46,0.32,0.60,0.89,0.71,0.48,0.53,1.00,0.46,0.50,0.61,0.46,0.43,0.49,0.67,0.60,0.50,0.60,0.60,0.30,0.35,0.56,0.32,0.28,0.60,0.41,0.46,0.65,0.83,0.49,0.43,0.49,0.57,0.40,0.30,0.43,0.43,0.53,0.40,0.49,0.30,0.55,0.59,0.53,0.49,0.28,0.63,0.55,0.35,0.22,0.34,0.38,0.60,0.23,0.36,0.78,0.45,0.33,0.43,0.43,0.37,0.62,0.33,0.42,0.47,0.42,0.37,0.52,0.40,0.30,0.70,0.30,0.53,0.67,0.53,0.43,0.60,0.45,0.50,0.70,0.40,0.40,0.40,0.37,0.55,0.37,0.20,0.33,1.13,0.70,0.42,0.38,1.50,0.82,0.78,0.44,0.42,0.46,0.33,0.43,0.50,0.67,0.56,0.49,0.42,0.50,0.73,0.63,0.65,0.50,0.43,0.72,0.80,0.50,0.50,0.47,0.76,0.40,0.50,0.70,0.83,0.63,0.43,0.57,0.50,0.70,0.50,0.47,0.50,0.35,0.54,0.55,0.20,0.60,0.64,0.32,0.20,,,,,,,,,,,,,,,,,,,,,,,,,,,,,,0.58,0.50,0.40,1.03,0.13,0.35,0.88,0.37,0.23,0.27,0.50,0.40,0.45,0.38,,0.15,0.35,0.50,2.10,0.60,0.77,0.30,0.50,0.90,0.50,0.40,0.35,0.30,0.23,0.25,0.40,0.52,0.45,0.40,0.35,0.35,0.20,0.37,0.32,0.35,0.60,0.73,0.40,0.35,0.50,0.27,0.35,0.27,0.55,0.53,0.33,0.90,0.35,0.30,0.45,0.60,0.27,0.83,0.30,0.30,0.25,0.73,0.63,0.40,0.52,0.58,0.30,0.67,0.50,0.55,0.40,0.30,0.47,0.70,0.76,0.70,0.70,0.60,0.50,0.70,0.60,0.60,0.73,0.40,0.80,0.55,0.63,0.50,0.35,0.45,0.20,0.53,0.53,0.50,0.33,0.55,0.37,0.80,0.60,0.50,0.53,0.55,0.63,0.57,0.65,0.47,0.47,0.55,0.80,0.25,0.20,,0.20,0.90,0.43,0.53,0.40,0.50,0.40,0.50,,0.65,0.45,0.40,0.50,0.65,0.45,0.40,0.10,0.20,0.55,0.30,0.40,0.50,0.40,0.45,0.25,0.45,0.30,,0.30,0.30,0.73,0.30,0.50,0.80,0.25,0.35,0.30,0.40,0.45,,0.35,,0.30,,0.25,0.50,0.40,0.30,0.40,0.30,0.20,0.30,0.43,0.30,0.35,0.50,0.40,0.30,0.35,0.75,0.10,0.40,0.35,0.50,0.50,0.20,0.30,0.40,,,,0.35,,
20260620,12,CO_24h,0.49,0.62,0.44,0.51,0.25,0.43,0.43,0.30,0.35,0.43,0.40,0.47,0.55,0.38,0.38,0.73,0.64,0.45,0.68,0.41,0.38,0.69,0.58,0.43,0.36,0.64,0.61,0.57,0.42,0.60,0.94,0.44,0.45,0.54,0.43,0.43,0.45,0.47,0.45,0.43,0.55,0.53,0.30,0.45,0.58,0.30,0.28,0.58,0.36,0.41,0.46,0.71,0.48,0.46,0.49,0.57,0.40,0.25,0.43,0.43,0.53,0.40,0.59,0.33,0.61,0.60,0.57,0.59,0.27,0.58,0.60,0.40,0.25,0.30,0.42,0.53,0.33,0.46,0.62,0.47,0.33,0.43,0.47,0.31,0.60,0.43,0.58,0.48,0.42,0.33,0.43,0.40,0.33,0.52,0.23,0.52,0.63,0.50,0.43,0.60,0.55,0.50,0.75,0.40,0.40,0.40,0.40,0.55,0.37,0.20,0.46,0.68,0.90,0.56,0.56,0.68,0.65,0.72,0.50,0.47,0.48,0.40,0.48,0.43,0.63,0.54,0.43,0.38,0.42,0.53,0.55,0.53,0.53,0.47,0.65,0.90,0.70,0.47,0.50,0.69,0.35,0.60,0.70,0.80,0.53,0.47,0.73,0.40,0.75,0.55,0.43,0.60,0.40,0.46,0.60,0.20,0.43,0.66,0.36,0.25,,,,,,,,,,,,,,,,,,,,,,,,,,,,,,0.55,0.40,0.40,0.70,0.23,0.25,0.82,0.50,0.30,0.30,0.50,0.40,0.45,0.40,,0.20,0.45,0.55,0.73,0.50,0.70,0.37,0.50,0.65,0.55,0.40,0.45,0.33,0.27,0.30,0.47,0.75,0.40,0.43,0.25,0.45,0.20,0.37,0.32,0.30,0.57,0.57,0.30,0.35,0.52,0.20,0.38,0.27,0.45,0.30,0.37,0.80,0.40,0.30,0.55,0.50,0.73,1.02,0.35,0.32,0.20,0.60,0.57,0.50,0.54,0.38,0.40,0.47,0.42,0.55,0.50,0.23,0.53,0.67,0.70,0.70,0.73,0.60,0.60,0.70,0.60,0.50,1.00,0.45,0.90,0.50,0.57,0.50,0.30,0.45,0.35,0.53,0.55,0.70,0.43,0.55,0.40,0.80,0.70,0.50,0.60,0.55,0.57,0.60,0.60,0.55,0.40,0.55,0.65,0.35,0.20,,0.20,0.50,0.53,0.53,0.50,0.50,0.35,0.60,,0.65,0.40,0.40,0.50,0.65,0.35,0.40,0.10,0.20,0.60,0.35,0.50,0.50,0.45,0.35,0.20,0.40,0.40,,0.25,0.45,0.60,0.30,0.40,0.80,0.25,0.30,0.20,0.40,0.50,,0.35,,0.30,,0.20,0.50,0.40,0.30,0.40,0.30,0.20,0.30,0.33,0.30,0.30,0.50,0.10,0.25,0.40,0.65,0.15,0.45,0.30,0.50,0.60,0.10,0.30,0.25,,,,0.40,,
20260620,13,AQI,24,24,35,33,52,70,37,28,20,23,28,58,41,36,27,28,33,26,52,25,26,30,31,42,41,31,35,34,35,31,31,27,39,17,35,30,17,27,26,28,31,25,27,17,21,32,21,26,49,44,41,42,20,24,18,17,21,29,24,21,21,22,20,24,34,26,33,19,41,48,63,36,36,44,15,16,28,29,39,25,27,31,26,54,50,48,49,59,47,27,54,48,47,51,28,46,24,21,31,27,16,19,30,21,28,30,21,23,20,36,29,54,36,32,23,46,30,30,29,24,40,27,46,32,32,27,31,48,47,44,33,40,39,38,39,28,25,24,32,31,32,21,54,23,40,47,21,36,29,23,51,29,30,23,52,65,59,51,39,74,,,,,,,,,,,,,,,,,,,,,,,,,,,,,,35,33,19,54,32,40,38,34,33,32,39,20,28,29,,20,33,30,39,30,44,30,26,24,27,41,39,23,23,24,26,25,37,27,48,29,31,27,23,36,34,34,25,25,33,31,28,30,34,30,37,20,21,17,34,21,18,36,20,20,18,23,29,22,44,47,43,47,39,38,35,39,47,27,44,40,36,38,39,31,39,28,22,35,23,19,21,15,19,13,28,35,34,22,24,25,21,14,29,26,21,36,59,20,26,35,35,20,40,27,22,,25,40,32,41,18,34,14,24,,19,18,27,22,22,20,16,13,22,13,21,20,18,24,28,36,43,38,,46,22,31,38,31,28,34,24,69,41,36,,25,,27,,26,37,37,18,34,32,40,38,41,48,28,41,32,44,41,103,58,33,61,35,39,41,43,46,,,,19,,
20260620,13,PM2.5,3,3,7,16,26,8,17,5,3,7,14,33,7,12,3,9,11,17,12,16,3,8,15,16,13,6,9,8,15,9,13,9,12,4,21,14,8,8,9,12,17,11,10,5,8,17,12,6,7,22,28,10,8,12,7,9,9,13,9,9,9,14,4,10,15,18,23,8,5,28,45,25,5,12,5,10,3,4,23,7,13,13,18,29,5,3,14,25,17,7,24,13,8,30,14,20,14,9,13,11,6,9,21,9,15,11,8,7,4,10,4,25,8,6,3,31,13,11,13,14,19,9,19,4,6,4,16,12,33,31,18,18,23,20,16,7,4,8,8,14,12,3,38,8,13,33,11,23,14,16,34,9,14,16,26,31,23,14,7,39,,,,,,,,,,,,,,,,,,,,,,,,,,,,,,7,8,9,24,3,7,16,3,3,3,23,8,3,6,,3,9,5,15,14,31,16,10,10,3,23,27,3,13,9,14,15,20,7,16,3,14,19,14,8,18,13,4,6,19,14,3,3,12,9,20,7,3,6,14,6,6,5,11,5,3,8,10,4,19,25,3,33,27,18,12,15,12,12,17,5,20,3,3,9,7,8,10,16,6,12,15,5,3,3,11,14,15,14,14,17,8,3,11,13,7,25,42,14,13,14,13,6,28,19,6,,3,28,18,29,3,24,8,17,,9,11,18,3,9,13,3,3,9,3,8,8,7,8,3,3,3,3,,3,3,22,11,18,14,18,12,41,15,16,,7,,12,,10,26,16,10,3,3,3,7,8,15,19,11,7,7,5,77,29,19,44,13,3,3,6,10,,,,7,,
20260620,13,PM2.5_24h,18,33,18,30,16,11,28,15,16,28,20,20,13,10,9,18,14,20,21,7,5,4,10,8,14,6,4,9,8,10,11,5,10,1,6,12,5,3,3,12,11,9,9,6,3,10,12,7,22,10,20,9,7,10,7,8,10,10,8,7,7,12,13,13,17,26,13,12,7,13,31,16,12,11,5,7,8,8,20,10,18,18,12,13,21,14,30,34,11,9,18,17,25,10,6,23,10,10,15,13,9,9,12,11,12,12,10,8,4,15,11,12,21,13,20,15,20,18,23,17,26,13,26,3,4,2,16,14,21,20,17,22,14,14,3,3,5,9,12,12,14,25,20,15,14,17,33,21,11,12,23,14,11,13,17,20,16,15,12,52,,,,,,,,,,,,,,,,,,,,,,,,,,,,,,8,10,12,12,8,9,19,12,11,13,28,16,8,9,,6,27,17,16,17,30,21,15,15,11,26,44,8,14,17,16,21,22,11,13,22,10,10,10,14,6,8,1,10,9,16,4,13,4,5,12,8,8,8,9,8,8,6,7,6,4,6,5,11,22,17,13,16,15,12,16,9,6,9,13,5,12,4,5,6,6,8,7,11,5,7,7,5,4,3,13,14,15,21,17,14,10,3,15,12,11,28,19,12,13,18,10,17,21,20,9,,7,8,19,23,5,14,7,21,,8,12,18,6,10,13,5,8,9,9,5,12,8,7,4,4,3,8,,3,6,18,10,9,11,30,14,22,15,13,,11,,10,,11,18,12,10,10,8,2,7,16,28,14,24,8,11,7,59,23,13,30,13,10,3,7,13,,,,9,,
20260620,13,PM10,6,7,26,33,54,18,29,11,9,18,26,62,25,18,6,21,18,26,53,19,11,12,22,23,22,15,24,15,20,11,19,14,17,8,35,30,13,9,11,27,31,20,27,17,12,32,20,16,30,31,40,14,10,23,18,17,19,29,24,21,19,21,14,21,24,25,33,12,12,48,69,29,36,29,8,15,8,17,39,14,26,31,24,49,22,18,33,48,38,12,57,37,27,52,14,36,20,21,29,27,11,19,25,21,27,30,21,23,18,24,11,39,27,13,12,46,16,17,25,22,37,22,34,11,16,12,26,18,44,44,33,40,29,22,22,11,,24,32,31,32,18,51,23,27,40,20,36,12,19,52,19,30,23,53,80,68,52,37,97,,,,,,,,,,,,,,,,,,,,,,,,,,,,,,15,26,15,40,21,23,35,14,13,20,39,20,20,13,,19,31,17,39,25,40,23,24,21,14,35,31,13,18,22,19,22,37,27,48,19,19,22,16,15,29,19,6,6,33,25,6,7,19,19,37,20,10,16,34,10,11,36,20,18,18,23,29,22,33,40,19,41,34,28,23,28,20,25,31,11,26,25,7,,17,18,22,35,13,19,18,15,7,13,28,35,34,18,24,25,,14,29,22,18,33,,20,26,22,35,10,36,20,19,,7,,19,31,16,,12,,,12,7,27,13,22,20,6,6,22,12,14,20,12,14,9,9,7,12,,11,6,29,37,31,27,34,23,88,28,36,,18,,25,,18,33,29,18,16,26,7,11,41,48,25,41,30,29,41,102,65,33,60,30,39,31,40,38,,,,13,,
20260620,13,PM10_24h,28,48,36,42,41,17,46,23,33,37,27,41,29,16,8,30,18,29,41,8,11,7,14,12,18,11,11,11,10,10,11,8,12,6,18,22,9,6,7,25,25,22,15,18,5,21,24,8,31,11,25,16,13,20,18,18,17,19,23,16,17,21,24,23,28,32,28,21,12,30,58,18,46,29,11,13,17,21,33,21,20,25,20,19,24,23,42,49,20,13,33,24,32,12,8,31,18,19,27,28,16,19,19,24,24,22,22,26,10,18,17,21,47,26,29,21,29,30,32,27,42,23,42,9,12,8,23,21,23,32,24,33,22,19,13,9,7,18,36,22,31,38,27,32,30,27,36,31,17,19,39,25,22,21,35,62,47,45,44,125,,,,,,,,,,,,,,,,,,,,,,,,,,,,,,15,11,21,28,22,15,29,22,30,53,50,25,39,24,,10,77,27,27,31,33,29,27,28,31,35,40,17,20,19,22,27,30,19,28,30,14,12,10,18,15,10,7,7,16,21,5,11,9,10,21,20,21,14,18,14,17,24,15,17,19,23,27,25,26,34,24,21,14,21,20,17,21,20,19,13,20,16,10,9,13,16,18,13,12,10,12,13,10,13,30,32,30,28,26,20,17,7,27,34,26,33,20,20,30,24,28,22,25,26,24,,10,12,25,30,18,22,15,25,,13,10,28,11,27,15,9,11,14,21,8,21,14,13,9,8,11,17,,12,7,26,23,20,22,62,26,41,22,41,,27,,29,,23,25,21,22,21,22,10,17,51,86,34,53,15,25,27,57,44,40,69,30,29,29,30,48,,,,19,,
20260620,13,SO2,3,5,2,5,6,8,3,3,3,3,5,6,4,9,8,5,7,5,6,6,5,6,5,7,7,6,5,5,5,9,8,8,7,6,6,5,6,4,5,6,6,3,6,5,8,5,2,7,7,7,5,5,5,5,4,6,5,5,6,2,4,6,3,5,8,5,22,5,6,6,10,10,5,7,5,6,6,7,8,4,6,7,2,10,12,7,8,11,9,6,5,5,8,11,4,7,8,5,7,5,7,6,5,5,4,5,3,5,4,4,8,19,6,7,9,7,11,8,5,5,4,6,6,6,7,3,9,4,8,12,5,11,9,8,4,8,6,4,3,5,2,8,9,20,4,9,4,6,3,5,7,5,2,6,11,10,6,11,6,4,,,,,,,,,,,,,,,,,,,,,,,,,,,,,,6,2,4,8,4,8,6,5,3,10,7,5,10,4,,6,9,7,9,11,6,5,7,11,13,2,5,7,9,5,7,6,5,8,5,9,7,6,6,5,11,4,4,8,5,5,5,4,4,7,4,10,4,4,6,3,9,7,5,2,7,3,5,7,9,10,6,6,5,6,4,4,5,8,7,5,7,5,6,6,5,5,9,5,4,5,3,6,5,3,7,5,3,5,3,8,12,5,7,6,10,10,10,4,7,7,8,6,8,4,3,,6,9,6,10,2,7,4,2,,4,5,8,9,5,7,2,3,4,7,5,7,5,8,7,6,7,4,,5,3,4,7,7,7,3,11,9,6,7,,4,,9,,3,13,6,10,12,13,7,21,15,8,7,6,13,10,6,4,10,3,4,7,5,7,14,17,,,,3,,
20260620,13,SO2_24h,2,5,3,6,6,5,3,4,3,3,5,5,4,7,8,6,7,5,6,6,5,6,4,6,7,6,5,5,4,9,7,7,6,6,5,5,6,5,5,6,6,3,5,5,8,4,2,8,5,6,4,5,5,5,4,5,5,5,5,3,4,8,3,4,9,4,9,5,5,5,11,10,5,5,7,6,6,7,6,5,6,7,2,10,10,8,10,10,9,5,6,5,7,9,4,8,10,5,6,4,7,6,5,4,5,4,4,5,5,4,7,13,7,12,11,5,9,7,6,6,4,6,6,5,7,3,8,3,7,9,5,10,8,7,3,8,7,5,3,5,2,8,10,20,4,10,4,6,3,4,6,6,2,7,8,10,9,13,6,3,,,,,,,,,,,,,,,,,,,,,,,,,,,,,,5,2,4,5,4,7,5,6,4,9,8,6,10,4,,7,9,7,7,10,5,5,8,12,10,2,4,8,9,5,8,6,4,9,7,11,5,6,6,5,10,7,4,8,5,5,5,4,5,6,5,9,4,4,6,5,9,7,5,3,8,3,4,8,6,8,5,4,4,6,4,4,5,8,7,5,8,4,5,7,4,5,9,6,4,5,5,6,5,3,8,5,3,6,5,8,12,5,6,5,6,10,11,4,7,7,6,6,8,4,3,,6,7,6,8,3,7,4,4,,4,5,8,9,5,8,2,3,4,8,6,6,5,8,7,6,7,4,,5,4,5,7,5,7,4,9,8,7,7,,5,,9,,4,11,7,10,10,14,7,20,10,7,7,6,7,9,5,4,8,3,4,6,4,7,8,8,,,,4,,
20260620,13,NO2,5,4,2,5,10,6,4,4,4,4,4,11,2,8,4,11,8,15,11,10,7,9,10,7,5,3,10,6,12,2,5,5,6,8,10,7,10,8,7,5,10,6,7,3,7,6,4,4,7,14,8,7,5,7,4,2,4,2,5,3,4,5,4,3,6,17,5,6,9,13,14,10,5,8,6,7,5,7,9,6,9,13,5,10,8,2,7,11,9,7,10,4,4,19,9,12,6,3,7,4,3,2,7,2,7,4,3,4,3,7,7,7,7,4,8,17,17,7,8,7,7,3,7,7,4,8,7,4,10,10,7,10,9,4,8,4,4,8,3,8,4,6,11,8,8,6,8,11,5,5,18,10,7,9,12,4,8,9,7,7,,,,,,,,,,,,,,,,,,,,,,,,,,,,,,4,4,2,9,6,2,7,6,4,6,9,5,4,5,,3,3,6,13,11,9,12,19,14,13,6,7,4,5,8,5,4,9,11,10,13,4,8,8,3,9,4,2,2,6,2,3,3,5,3,6,6,3,1,8,6,3,8,2,2,4,4,3,2,7,10,6,5,11,6,3,5,3,7,7,6,5,3,3,4,4,3,2,5,4,4,3,6,4,3,6,4,4,3,5,9,7,11,3,3,12,14,14,20,28,8,18,6,14,6,4,,6,11,7,4,4,4,5,4,,4,5,8,6,5,5,4,2,5,3,6,5,7,7,6,5,4,5,,1,5,7,8,9,6,7,13,7,6,7,,5,,6,,6,6,1,3,1,2,2,1,8,6,8,4,9,7,6,5,8,12,3,11,1,11,11,8,,,,2,,
20260620,13,NO2_24h,11,15,11,12,11,11,11,8,12,13,12,21,11,11,5,24,8,25,31,11,10,9,12,11,9,4,10,7,11,5,7,4,6,8,9,9,8,10,10,6,19,12,12,9,7,7,6,6,14,11,9,10,5,11,6,2,7,2,5,5,6,6,7,4,14,12,9,15,9,15,10,13,7,13,8,8,7,8,16,9,12,12,7,14,20,7,17,16,13,14,16,8,10,15,12,17,11,5,8,4,7,3,10,2,9,7,6,4,5,12,10,9,16,16,11,12,22,16,16,18,10,10,12,10,8,12,10,7,12,9,9,14,11,9,8,4,7,8,4,7,7,9,14,14,14,10,12,13,9,10,19,13,10,9,18,6,19,17,9,19,,,,,,,,,,,,,,,,,,,,,,,,,,,,,,5,4,5,11,8,7,10,8,13,7,10,8,5,6,,5,4,11,18,23,9,25,32,16,13,8,7,5,7,11,8,11,15,13,8,23,4,9,8,5,12,7,2,4,7,2,5,6,6,3,7,9,8,3,8,8,11,9,2,4,4,8,3,9,9,11,12,6,10,8,7,7,5,7,11,8,9,5,4,6,6,4,5,6,7,4,5,7,5,6,15,6,5,13,7,10,8,9,7,10,8,14,14,11,17,12,19,7,15,8,5,,13,7,8,5,5,9,4,8,,5,5,11,7,6,6,5,3,6,5,6,7,9,7,6,4,3,8,,2,7,11,10,6,9,8,10,10,9,13,,10,,5,,8,9,2,2,4,2,7,2,7,8,10,11,8,13,9,10,12,13,3,13,3,7,10,9,,,,3,,
20260620,13,O3,78,76,112,87,88,176,119,90,64,75,90,166,132,115,87,89,106,71,109,79,84,97,99,134,130,100,112,110,112,100,98,86,125,55,83,91,54,85,83,88,92,80,63,50,66,88,66,82,157,141,131,135,64,76,53,47,67,59,53,68,67,71,64,76,109,54,98,62,130,119,81,96,94,141,47,50,88,92,91,81,87,76,75,163,160,155,157,167,150,86,157,155,151,147,90,147,78,51,98,67,52,53,77,49,88,74,53,63,63,116,93,163,115,103,74,75,96,95,94,77,127,86,148,101,101,85,98,155,127,140,97,120,124,120,125,88,79,29,83,55,70,67,86,68,128,98,67,80,92,60,93,92,64,64,121,114,120,104,125,93,,,,,,,,,,,,,,,,,,,,,,,,,,,,,,111,106,62,163,101,127,122,109,104,101,115,37,89,93,,63,107,97,108,97,76,95,84,76,87,131,97,74,72,77,83,80,84,69,59,93,98,72,72,116,108,108,79,79,82,100,91,95,108,96,83,60,67,55,81,68,58,56,55,64,59,69,47,71,142,150,139,118,118,121,112,124,150,85,140,129,114,120,125,98,124,91,66,49,72,51,62,43,61,36,60,72,84,69,73,47,67,38,62,83,66,71,60,48,46,112,80,65,55,87,71,,79,79,101,97,58,98,45,76,,61,59,72,71,46,46,51,42,46,42,67,53,58,78,90,116,136,123,,148,70,68,123,55,90,89,76,106,130,95,,80,,86,,84,105,117,,110,103,127,120,118,95,88,131,101,140,109,79,90,74,88,111,113,130,137,148,,,,62,,
20260620,13,O3_24h,78,76,112,87,88,176,119,90,64,75,90,166,132,115,87,89,106,71,109,79,84,97,99,134,130,100,112,110,112,100,98,86,125,55,83,91,54,85,83,88,92,80,63,50,66,88,66,82,157,141,131,135,64,76,53,47,67,59,53,68,67,71,64,76,109,54,98,62,130,119,81,96,94,141,47,50,88,92,91,81,87,76,75,163,160,155,157,167,150,86,157,155,151,147,90,147,78,51,98,67,52,53,77,49,88,74,53,63,63,116,93,163,115,103,74,75,96,95,94,77,127,86,148,101,101,85,98,155,127,140,97,120,124,120,125,88,79,29,83,55,70,67,86,68,128,98,67,80,92,60,93,92,64,64,121,114,120,104,125,93,,,,,,,,,,,,,,,,,,,,,,,,,,,,,,111,106,62,163,101,127,122,109,104,101,115,37,89,93,,63,107,97,108,97,76,95,84,76,87,131,97,74,72,77,83,80,84,69,59,93,98,72,72,116,108,108,79,79,82,100,91,95,108,96,83,60,67,55,81,68,58,56,55,64,59,69,47,71,142,150,139,118,118,121,112,124,150,85,140,129,114,120,125,98,124,91,66,49,72,51,62,43,61,36,60,72,84,69,73,47,67,38,62,83,66,71,60,48,46,112,80,65,55,87,71,,79,79,101,97,58,98,45,76,,61,59,72,71,46,46,51,42,46,42,67,53,58,78,90,116,136,123,,148,70,68,123,55,90,89,76,106,130,95,,80,,86,,84,105,117,,110,103,127,120,118,95,88,131,101,140,109,79,90,74,88,111,113,130,137,148,,,,62,,
20260620,13,O3_8h,57,63,79,59,71,109,78,74,56,61,85,92,86,88,77,54,88,47,78,44,62,55,67,83,82,82,57,71,77,73,74,72,89,33,44,51,31,54,41,46,39,39,31,25,71,46,41,70,104,93,89,99,58,46,38,45,41,49,43,54,44,52,56,62,57,67,56,39,122,65,95,64,75,102,37,33,70,75,50,82,58,69,42,94,99,106,110,110,89,65,90,100,107,83,98,90,45,37,70,61,30,40,38,54,52,40,34,53,49,89,75,93,76,85,103,58,47,58,77,56,115,74,106,78,80,72,68,104,96,77,72,63,55,72,87,69,52,22,65,47,61,47,53,41,66,63,47,34,55,33,66,64,52,52,57,86,76,68,107,35,,,,,,,,,,,,,,,,,,,,,,,,,,,,,,80,81,39,95,82,91,76,84,88,76,85,86,69,81,,59,85,72,64,54,88,63,37,31,57,107,96,75,49,58,66,58,50,53,57,89,65,62,60,78,80,75,67,70,57,64,79,68,80,78,48,35,34,36,36,66,35,42,50,44,46,32,39,41,91,94,93,77,86,91,82,95,93,57,83,101,81,91,98,74,79,43,48,37,82,44,46,33,36,28,30,67,76,35,48,23,36,42,47,32,59,42,41,64,74,61,30,64,24,77,37,,58,74,61,64,36,51,42,38,,33,39,55,53,39,33,44,44,33,34,51,39,29,72,80,131,141,95,,139,58,40,83,22,44,78,84,70,82,96,,89,,89,,79,77,107,117,97,76,,108,84,71,89,100,70,95,81,76,68,62,81,73,70,114,101,79,,,,58,,
20260620,13,O3_8h_24h,54,62,79,59,71,109,78,73,56,59,85,92,86,88,74,54,88,47,78,44,62,55,67,83,82,82,57,71,77,73,74,72,89,33,44,51,31,54,41,46,39,39,31,25,62,46,41,70,104,93,89,99,58,46,38,45,44,49,43,54,44,52,56,62,57,57,56,39,122,65,80,64,75,102,37,33,70,75,50,78,58,69,42,94,99,106,110,110,89,65,90,100,107,83,94,90,45,37,70,59,30,40,38,53,52,40,34,53,49,89,75,93,76,85,91,58,47,58,77,56,115,74,106,78,80,71,68,104,96,77,72,63,55,72,87,69,52,22,65,46,59,46,53,41,66,63,46,34,55,33,66,64,52,52,57,86,76,68,105,35,,,,,,,,,,,,,,,,,,,,,,,,,,,,,,80,81,39,95,82,91,76,84,88,76,85,80,69,81,,58,85,72,64,54,70,63,37,31,57,107,89,74,49,58,66,58,49,52,57,88,65,62,60,78,80,75,67,70,57,64,77,68,80,78,48,35,34,36,36,66,35,42,48,44,46,32,39,41,91,94,93,77,86,91,82,95,93,57,83,101,81,91,98,74,79,43,48,37,74,42,46,33,36,28,30,66,76,35,48,23,36,38,47,32,57,42,41,63,71,61,30,64,24,77,33,,58,72,61,64,36,51,39,38,,33,39,55,53,38,33,44,44,33,34,51,39,29,72,71,116,139,95,,139,58,40,83,22,44,77,80,70,82,96,,83,,79,,78,77,107,,97,76,,108,84,71,87,100,70,95,81,64,68,58,80,71,70,108,101,79,,,,58,,
20260620,13,CO,0.21,0.32,0.26,0.54,0.50,0.47,0.27,0.20,,0.22,0.30,0.72,0.27,0.50,0.28,0.75,0.66,0.44,0.48,0.61,0.44,0.87,0.57,0.46,0.32,0.62,0.86,0.63,0.44,0.55,0.84,0.48,0.52,0.60,0.46,0.43,0.51,0.67,0.60,0.43,0.60,0.50,0.30,0.35,0.56,0.35,0.28,0.62,0.41,0.50,0.66,0.64,0.49,0.43,0.49,0.57,0.40,0.30,0.43,0.43,0.50,0.40,0.49,0.28,0.53,0.59,0.43,0.47,0.25,0.64,0.63,0.30,0.20,0.32,0.38,0.63,0.29,0.36,0.70,0.43,0.40,0.43,0.43,0.38,0.64,0.33,0.46,0.42,0.42,0.35,0.52,0.42,0.33,0.74,0.33,0.53,0.57,0.55,0.40,0.60,0.45,0.50,0.70,0.40,0.40,0.40,0.33,0.55,0.47,0.20,0.33,0.88,0.63,0.40,0.38,1.50,0.85,0.62,0.44,0.43,0.46,0.33,0.37,0.50,0.67,0.58,0.50,0.40,0.52,0.73,0.63,0.57,0.47,0.43,0.68,0.82,0.50,0.50,0.50,0.74,0.40,0.45,0.70,0.85,0.53,0.43,0.60,0.40,0.70,0.53,0.50,0.50,0.35,0.52,0.55,0.20,0.40,0.54,0.34,0.15,,,,,,,,,,,,,,,,,,,,,,,,,,,,,,0.55,0.50,0.40,1.23,0.13,0.35,0.82,0.33,0.23,0.27,0.50,0.30,0.45,0.35,,0.15,0.35,0.53,1.47,0.50,0.80,0.33,0.40,0.95,0.55,0.35,0.40,0.30,0.23,0.15,0.40,0.52,0.45,0.37,0.30,0.35,0.30,0.37,0.30,0.30,0.65,0.68,0.45,0.35,0.50,0.27,0.35,0.27,0.57,0.47,0.30,0.77,0.25,0.30,0.60,0.57,0.30,0.88,0.35,0.33,0.25,0.63,0.57,0.40,0.50,0.50,0.30,0.67,0.52,0.55,0.40,0.30,0.50,0.70,0.74,0.65,0.68,0.60,0.47,0.70,0.60,0.50,0.72,0.40,0.80,0.55,0.60,0.50,0.40,0.45,0.15,0.53,0.57,0.47,0.33,0.55,0.33,0.80,0.60,0.50,0.60,0.50,0.60,0.60,0.65,0.50,0.40,0.50,0.80,0.40,0.20,,0.15,0.85,0.60,0.50,0.40,0.40,0.35,0.50,,0.65,0.40,0.40,0.50,0.65,0.40,0.40,0.10,0.20,0.55,0.35,0.40,0.50,0.45,0.45,0.20,0.40,0.30,,0.30,0.20,0.55,0.27,0.60,0.85,0.25,0.35,0.20,0.40,0.50,,0.35,,0.35,,0.20,0.50,0.40,0.20,0.40,0.40,0.20,0.40,0.37,0.30,0.35,0.50,0.30,0.20,0.30,0.70,0.20,0.45,0.30,0.60,0.50,0.20,0.50,0.50,,,,0.35,,
20260620,13,CO_24h,0.46,0.60,0.42,0.49,0.25,0.43,0.40,0.30,0.35,0.38,0.37,0.47,0.55,0.38,0.38,0.74,0.64,0.45,0.67,0.43,0.38,0.70,0.58,0.43,0.36,0.64,0.64,0.57,0.42,0.60,0.92,0.44,0.45,0.54,0.44,0.43,0.46,0.47,0.47,0.43,0.55,0.53,0.30,0.45,0.58,0.30,0.28,0.58,0.37,0.41,0.51,0.72,0.47,0.46,0.49,0.57,0.40,0.25,0.43,0.43,0.53,0.40,0.57,0.30,0.60,0.60,0.60,0.59,0.27,0.58,0.60,0.40,0.25,0.30,0.42,0.53,0.33,0.44,0.62,0.47,0.33,0.43,0.47,0.31,0.60,0.43,0.56,0.48,0.42,0.33,0.45,0.40,0.33,0.54,0.23,0.52,0.63,0.53,0.43,0.60,0.55,0.50,0.75,0.40,0.40,0.40,0.40,0.55,0.37,0.20,0.44,0.70,0.90,0.52,0.56,0.72,0.67,0.72,0.48,0.47,0.48,0.40,0.48,0.43,0.67,0.54,0.46,0.35,0.42,0.53,0.55,0.55,0.50,0.47,0.65,0.88,0.70,0.47,0.50,0.69,0.35,0.60,0.70,0.80,0.53,0.47,0.73,0.40,0.75,0.53,0.47,0.60,0.40,0.48,0.60,0.20,0.43,0.60,0.36,0.25,,,,,,,,,,,,,,,,,,,,,,,,,,,,,,0.53,0.40,0.40,0.73,0.23,0.25,0.82,0.50,0.30,0.30,0.50,0.40,0.45,0.40,,0.20,0.45,0.55,0.80,0.50,0.70,0.37,0.50,0.70,0.55,0.40,0.45,0.33,0.27,0.30,0.47,0.75,0.40,0.43,0.25,0.45,0.20,0.37,0.32,0.30,0.57,0.57,0.30,0.35,0.48,0.20,0.38,0.27,0.45,0.30,0.37,0.80,0.40,0.30,0.55,0.50,0.67,1.02,0.35,0.32,0.20,0.60,0.57,0.50,0.56,0.38,0.40,0.47,0.42,0.55,0.43,0.23,0.50,0.67,0.70,0.67,0.73,0.60,0.60,0.70,0.60,0.50,1.02,0.45,0.90,0.50,0.57,0.50,0.30,0.45,0.35,0.53,0.55,0.70,0.43,0.55,0.37,0.80,0.70,0.50,0.60,0.55,0.57,0.60,0.60,0.55,0.42,0.55,0.70,0.35,0.20,,0.20,0.50,0.57,0.53,0.50,0.50,0.35,0.60,,0.65,0.40,0.40,0.50,0.65,0.35,0.40,0.10,0.20,0.60,0.35,0.50,0.50,0.45,0.40,0.20,0.40,0.30,,0.25,0.45,0.60,0.30,0.50,0.80,0.25,0.35,0.20,0.40,0.50,,0.35,,0.30,,0.20,0.50,0.40,0.30,0.40,0.30,0.20,0.30,0.33,0.30,0.30,0.50,0.10,0.25,0.40,0.65,0.15,0.45,0.30,0.50,0.60,0.10,0.35,0.25,,,,0.40,,
20260620,14,AQI,26,27,35,29,44,73,39,29,23,26,26,66,42,36,29,28,33,26,37,26,28,33,38,45,43,31,38,37,38,32,33,29,43,18,35,29,20,28,27,33,34,23,24,17,23,37,22,25,55,46,46,41,19,23,19,16,20,26,21,21,21,19,21,24,36,26,32,20,43,46,62,33,32,48,17,18,29,29,39,27,32,25,22,53,55,50,46,58,49,27,59,49,49,56,29,48,28,20,28,26,17,26,26,21,29,29,20,30,20,38,30,47,32,33,25,44,34,28,31,23,40,27,47,33,32,23,35,58,47,48,31,40,39,40,38,28,55,22,33,32,31,24,53,23,43,43,19,34,27,21,56,29,30,22,48,64,49,43,40,89,,,,,,,,,,,,,,,,,,,,,,,,,,,,,,33,35,20,56,32,40,38,37,34,36,40,15,30,30,,21,34,35,35,34,36,33,40,24,29,40,39,23,23,24,28,27,32,25,55,28,33,26,26,39,37,32,23,23,27,33,31,30,34,32,46,19,22,18,33,23,20,24,52,20,21,19,24,20,48,48,46,47,40,40,36,41,48,28,47,41,35,39,39,30,39,30,20,49,27,16,23,16,19,12,33,35,36,21,23,26,24,19,25,27,27,35,56,23,25,31,31,23,39,27,28,,25,31,33,39,18,32,19,23,,19,17,30,22,25,15,16,13,20,14,21,31,19,23,28,36,41,41,,49,23,24,38,25,33,31,26,61,43,32,,25,,35,,26,35,37,27,34,32,42,40,40,51,24,45,37,46,52,59,40,28,36,37,38,42,52,59,,,,19,,
20260620,14,PM2.5,3,3,7,16,23,12,14,6,3,6,18,31,6,9,4,10,9,18,15,15,3,9,15,16,15,5,7,6,11,7,11,11,14,3,20,14,7,9,7,14,19,7,9,4,9,21,11,7,6,22,31,9,7,13,8,9,9,13,8,8,9,13,6,11,14,18,20,7,3,26,38,23,5,8,4,7,5,5,23,7,19,16,14,25,8,3,15,20,18,11,27,10,7,31,10,19,16,9,14,11,6,9,16,8,13,11,7,7,3,8,4,22,7,9,3,30,10,16,16,14,20,7,17,3,7,5,15,8,33,30,17,18,22,18,14,6,5,10,7,12,12,3,37,7,12,29,9,21,11,15,31,10,11,12,29,29,19,15,4,34,,,,,,,,,,,,,,,,,,,,,,,,,,,,,,10,15,8,17,3,10,11,4,3,4,21,8,5,5,,3,6,10,16,3,25,17,3,12,3,19,27,3,13,10,12,14,19,11,39,10,13,15,13,11,15,10,3,6,16,14,3,3,14,11,17,5,3,6,15,7,7,5,9,6,3,4,7,3,10,22,10,33,28,12,10,17,10,10,19,5,17,3,3,6,8,7,8,17,7,10,16,4,3,3,17,13,15,14,11,18,10,3,9,11,7,23,40,8,5,12,15,5,27,15,3,,3,18,14,27,7,21,7,16,,9,12,17,3,8,10,6,3,6,10,14,11,7,11,3,2,3,3,,3,3,16,7,12,14,22,17,38,16,16,,8,,12,,9,24,16,12,6,7,3,10,10,14,15,10,6,5,12,42,28,8,15,19,3,3,8,11,,,,5,,
20260620,14,PM2.5_24h,15,32,18,29,16,11,27,13,13,27,20,20,13,10,8,18,14,20,21,7,5,4,10,9,14,6,4,8,8,10,11,5,10,2,7,12,6,3,3,12,11,9,9,6,3,10,12,7,21,11,21,9,7,11,7,8,10,10,8,7,7,12,12,13,17,26,14,12,7,14,32,17,11,11,5,7,8,8,21,10,19,18,13,14,21,13,29,34,12,8,19,17,24,11,7,23,10,10,15,13,9,9,11,11,12,12,10,8,4,15,10,12,21,13,19,16,20,18,22,17,27,13,26,4,4,3,16,14,22,21,17,22,14,14,4,4,5,9,12,12,14,25,20,15,15,18,32,21,12,12,24,14,11,14,17,21,17,15,12,52,,,,,,,,,,,,,,,,,,,,,,,,,,,,,,8,11,12,13,8,9,19,12,11,12,26,15,7,9,,6,27,16,16,17,30,22,15,15,12,26,43,8,14,17,16,21,22,11,14,21,10,11,11,14,7,8,1,10,10,16,4,12,5,5,12,8,8,8,10,8,8,6,7,6,4,7,5,11,22,17,13,17,16,13,15,9,6,9,14,5,12,4,5,6,6,8,7,12,5,7,8,5,4,3,13,13,15,21,17,14,10,3,15,11,12,28,21,12,13,18,10,16,21,20,9,,6,8,19,24,5,14,7,21,,9,12,18,6,10,13,5,7,9,9,5,12,8,7,4,4,3,8,,3,6,19,10,9,11,30,14,23,15,13,,11,,11,,11,19,13,11,9,7,2,7,15,27,15,22,8,11,7,55,23,13,29,14,10,3,7,13,,,,9,,
20260620,14,PM10,6,6,24,26,44,18,30,11,,17,26,72,22,19,7,18,17,26,37,18,12,14,25,25,26,15,23,14,15,10,20,13,18,8,35,29,12,10,10,33,31,17,24,17,12,37,20,10,28,33,46,13,11,22,19,16,15,26,21,18,20,18,17,21,23,26,30,12,10,46,73,29,32,30,8,11,11,24,39,13,32,25,22,46,28,18,37,39,38,17,59,38,29,56,14,32,24,20,25,26,10,26,26,21,24,29,20,30,15,22,9,32,29,15,13,44,18,24,31,22,36,17,30,10,16,11,26,22,47,40,27,38,26,23,21,10,59,22,33,32,31,12,47,18,24,43,18,34,12,17,61,29,30,18,48,78,49,43,37,128,,,,,,,,,,,,,,,,,,,,,,,,,,,,,,17,25,14,40,21,23,29,19,14,20,40,15,19,15,,10,26,26,35,21,31,27,21,22,16,27,33,9,18,18,20,17,32,25,33,21,17,24,15,22,33,16,13,7,23,25,7,6,23,18,46,12,15,14,33,12,11,23,54,16,21,19,24,20,26,38,18,46,36,26,20,28,19,22,31,9,20,12,9,10,16,25,16,49,15,12,18,15,9,9,33,35,36,15,20,26,12,19,25,27,27,35,,14,23,19,31,9,34,,15,,7,18,23,30,17,,12,,,9,9,30,12,25,15,,8,20,13,15,31,18,14,6,6,9,15,,8,7,21,33,25,23,31,23,72,28,32,,20,,35,,19,32,18,27,24,29,7,28,36,52,20,31,15,26,54,65,32,23,36,37,34,28,53,44,,,,12,,
20260620,14,PM10_24h,24,45,36,41,41,17,44,21,30,35,26,42,29,16,8,30,18,29,41,8,11,7,14,13,19,11,11,11,10,10,11,9,12,7,19,22,9,6,7,26,26,21,16,18,5,22,24,8,31,12,26,16,12,21,18,18,17,19,23,16,17,21,24,23,29,32,29,21,12,30,59,19,45,29,11,13,17,21,34,21,20,24,20,20,25,22,41,48,21,14,34,24,32,15,8,31,18,19,27,28,16,19,19,24,24,22,22,27,10,18,16,22,47,25,28,22,29,30,32,27,43,23,41,9,12,8,23,21,25,33,24,34,22,20,13,9,8,19,36,22,31,37,29,32,30,27,35,32,17,20,41,25,23,21,35,64,48,45,45,125,,,,,,,,,,,,,,,,,,,,,,,,,,,,,,15,11,21,28,22,16,29,22,30,53,49,25,39,23,,11,77,27,27,30,32,30,27,28,31,34,39,17,20,19,22,27,31,19,28,30,14,12,11,18,15,10,8,7,16,21,5,10,10,11,22,20,21,14,18,14,16,24,17,18,19,23,27,25,27,35,23,22,15,21,19,17,22,20,20,13,20,16,10,9,14,16,18,14,12,10,12,13,10,13,31,32,31,28,25,20,16,8,27,33,26,34,21,20,30,24,28,21,25,27,24,,10,12,25,30,18,22,15,24,,13,10,28,11,27,15,9,11,14,21,8,22,14,13,9,7,11,16,,12,7,26,23,20,23,60,26,42,23,41,,27,,29,,23,26,22,23,21,22,10,16,51,84,34,49,17,25,28,53,42,39,68,31,30,29,31,49,,,,19,,
20260620,14,SO2,3,5,2,5,6,6,3,5,3,3,5,6,3,9,8,5,7,5,5,6,5,6,8,6,7,5,5,5,5,9,7,8,6,6,6,6,6,6,5,6,6,6,7,5,8,5,2,7,7,8,5,4,5,5,5,6,5,5,6,3,4,6,3,5,8,5,22,5,6,7,11,9,5,7,4,6,6,7,7,4,7,7,3,10,11,8,8,10,8,5,6,5,8,11,4,7,7,6,6,4,7,6,5,4,4,4,3,6,4,4,8,15,5,7,8,7,10,7,5,5,4,6,6,6,8,3,9,4,8,10,5,11,9,8,3,7,7,5,3,5,2,8,9,21,4,9,4,6,4,4,6,5,3,6,11,14,5,12,6,4,,,,,,,,,,,,,,,,,,,,,,,,,,,,,,5,2,4,7,3,8,5,6,4,11,7,5,11,4,,6,9,6,8,8,6,5,7,11,10,2,5,8,8,5,7,6,4,8,6,9,8,6,6,5,10,4,4,8,5,5,5,4,4,6,5,9,4,4,7,4,9,6,5,2,8,3,5,6,7,9,6,4,5,6,4,4,5,8,7,5,7,4,6,6,4,5,9,6,4,5,3,5,5,3,7,6,3,5,2,8,10,5,7,6,10,9,10,3,6,7,9,6,8,4,3,,6,8,7,9,2,7,3,2,,4,5,9,11,6,7,1,3,4,8,6,6,5,8,7,6,8,4,,5,4,4,5,7,7,3,10,9,6,8,,4,,8,,3,13,8,10,11,14,6,17,15,8,7,6,10,9,6,4,13,3,4,8,5,7,23,22,,,,3,,
20260620,14,SO2_24h,2,5,3,6,6,5,3,4,3,3,5,5,4,7,8,6,7,5,7,6,5,6,4,6,7,6,5,5,4,9,7,7,6,6,5,5,6,5,5,6,6,3,5,5,8,4,2,8,5,6,4,5,5,5,4,5,5,5,5,3,4,8,3,4,9,4,10,5,5,5,11,11,5,5,7,6,6,7,6,5,6,7,3,10,10,8,10,10,9,5,6,5,7,9,4,8,10,5,6,4,7,6,5,4,5,4,4,6,5,4,7,13,6,12,11,5,9,7,6,6,4,6,6,5,8,3,9,3,7,9,5,10,8,7,3,8,7,5,3,5,2,8,10,20,4,10,4,6,3,4,6,6,2,7,8,11,8,13,6,3,,,,,,,,,,,,,,,,,,,,,,,,,,,,,,5,2,4,5,4,7,5,6,4,9,8,6,10,4,,7,9,7,8,10,5,5,8,12,10,2,4,8,9,5,8,6,4,9,7,10,6,6,6,5,10,7,4,8,5,5,5,4,5,6,5,9,4,4,6,6,9,7,5,3,8,3,4,8,6,8,5,4,4,6,4,4,5,8,7,5,8,4,5,7,4,5,9,6,4,5,5,6,5,3,8,5,3,6,5,8,12,5,6,5,6,10,11,4,7,7,6,6,8,4,3,,6,7,6,8,3,7,4,4,,4,5,8,9,5,8,2,3,4,8,6,6,5,8,7,6,7,4,,5,4,5,7,5,7,4,9,8,6,7,,5,,9,,4,12,7,10,10,14,7,20,10,7,7,6,7,9,5,4,8,3,4,6,4,7,8,9,,,,4,,
20260620,14,NO2,6,4,2,5,9,6,4,4,4,4,4,10,2,8,6,12,7,14,12,11,6,9,12,8,6,3,9,5,11,2,5,4,7,8,10,7,8,8,8,5,10,4,7,3,7,6,3,4,7,14,8,6,4,7,4,2,4,2,5,3,4,5,4,4,6,15,5,6,7,12,11,10,5,6,5,6,6,8,8,5,9,12,4,9,8,2,7,10,9,9,10,4,6,18,8,11,6,3,5,3,3,2,6,2,5,4,2,5,3,7,6,5,8,4,8,15,14,9,12,9,7,4,8,5,6,10,7,3,10,9,6,9,10,4,6,2,6,7,3,6,4,4,10,9,9,5,6,8,4,5,15,11,6,6,14,4,7,8,5,5,,,,,,,,,,,,,,,,,,,,,,,,,,,,,,3,4,3,7,5,2,7,6,3,4,10,5,5,4,,3,3,7,11,9,7,11,10,18,11,4,7,5,5,7,5,4,14,6,5,13,4,6,7,3,5,5,3,2,6,2,3,4,8,2,6,4,3,1,8,6,3,6,2,3,4,4,3,2,7,9,6,5,9,6,3,5,4,7,7,6,4,3,3,4,3,3,2,7,7,3,3,11,3,3,4,3,4,4,5,7,7,8,4,3,11,12,12,10,14,6,16,5,12,7,5,,2,6,8,3,3,5,5,3,,3,3,12,6,4,6,4,2,5,3,6,5,8,8,5,3,4,3,,2,5,5,6,7,6,6,11,4,5,7,,6,,6,,6,6,1,2,1,1,2,1,8,6,11,4,5,5,4,2,6,10,5,11,2,10,14,6,,,,2,,
20260620,14,NO2_24h,10,14,11,12,11,10,10,7,12,12,11,21,11,12,5,25,8,26,31,11,10,9,12,11,9,4,10,7,11,5,7,4,6,8,9,9,8,10,10,6,18,11,12,9,7,7,6,6,14,11,9,10,5,10,6,2,7,2,5,5,6,6,7,4,14,12,9,15,9,16,11,13,7,14,8,8,6,8,15,9,12,12,7,14,20,7,16,16,13,14,16,8,10,15,12,17,11,5,8,4,7,3,10,2,9,7,6,4,5,12,9,9,16,16,10,13,23,17,16,18,10,10,12,10,8,12,10,6,12,10,9,14,11,9,8,4,7,8,4,8,7,9,14,14,14,10,12,13,9,10,19,13,10,9,18,6,18,17,9,19,,,,,,,,,,,,,,,,,,,,,,,,,,,,,,5,4,5,11,8,7,10,8,13,7,10,8,5,6,,5,4,11,18,23,9,25,32,16,14,8,7,5,7,11,8,11,15,13,8,23,4,8,8,5,12,8,2,4,7,2,5,5,6,3,7,9,8,3,8,8,10,10,2,4,4,8,3,9,10,11,12,6,10,8,7,7,5,7,12,8,9,5,4,6,6,4,5,6,8,4,5,7,5,6,15,6,5,13,7,10,8,9,7,10,9,14,14,11,17,12,19,7,15,8,5,,13,7,8,5,5,9,4,8,,5,5,11,7,6,6,5,3,6,5,6,7,9,7,6,4,3,8,,2,7,11,10,6,9,8,10,10,9,13,,10,,5,,8,9,2,2,4,2,7,2,7,8,10,11,12,13,9,9,12,13,4,13,3,7,10,9,,,,3,,
20260620,14,O3,83,85,111,92,86,178,125,93,73,84,82,173,134,116,94,88,107,76,103,83,89,104,122,143,138,99,122,118,120,101,106,92,137,57,101,93,64,88,86,104,108,73,67,50,73,92,69,79,164,146,141,131,61,74,52,47,63,54,51,68,68,62,67,78,116,61,101,64,138,115,90,102,100,153,53,57,92,94,97,85,92,76,70,162,164,160,147,166,156,85,167,156,156,165,93,153,89,50,91,60,55,56,80,48,92,66,52,64,64,122,96,151,101,106,79,90,110,89,85,74,128,86,150,104,101,75,113,166,138,152,99,127,126,127,120,89,70,38,84,63,70,78,86,75,136,102,62,90,87,68,76,91,81,70,125,118,124,114,128,103,,,,,,,,,,,,,,,,,,,,,,,,,,,,,,106,112,63,165,103,128,122,119,109,116,110,33,95,97,,68,109,113,105,109,87,106,128,78,92,128,94,75,74,77,88,86,93,70,81,91,105,82,83,124,119,103,73,75,87,107,98,95,110,103,84,62,71,57,98,72,63,76,58,64,62,60,50,63,154,155,148,120,125,128,114,130,152,88,151,130,113,125,126,95,125,95,63,49,87,50,61,51,60,39,61,72,88,68,74,58,76,39,56,86,60,76,69,73,79,100,85,74,57,87,88,,80,99,107,103,58,101,60,63,,60,55,67,69,54,45,50,41,47,43,66,47,60,72,90,114,132,130,,157,74,77,122,62,107,94,82,113,137,93,,80,,90,,84,112,119,,110,102,134,127,129,108,77,144,117,148,117,91,98,88,95,116,122,134,150,167,,,,61,,
20260620,14,O3_24h,83,85,111,92,86,178,125,93,73,84,82,173,134,116,94,88,107,76,103,83,89,104,122,143,138,99,122,118,120,101,106,92,137,57,101,93,64,88,86,104,108,73,67,50,73,92,69,79,164,146,141,131,61,74,52,47,63,54,51,68,68,62,67,78,116,61,101,64,138,115,90,102,100,153,53,57,92,94,97,85,92,76,70,162,164,160,147,166,156,85,167,156,156,165,93,153,89,50,91,60,55,56,80,48,92,66,52,64,64,122,96,151,101,106,79,90,110,89,85,74,128,86,150,104,101,75,113,166,138,152,99,127,126,127,120,89,70,38,84,63,70,78,86,75,136,102,62,90,87,68,76,91,81,70,125,118,124,114,128,103,,,,,,,,,,,,,,,,,,,,,,,,,,,,,,106,112,63,165,103,128,122,119,109,116,110,33,95,97,,68,109,113,105,109,87,106,128,78,92,128,94,75,74,77,88,86,93,70,81,91,105,82,83,124,119,103,73,75,87,107,98,95,110,103,84,62,71,57,98,72,63,76,58,64,62,60,50,63,154,155,148,120,125,128,114,130,152,88,151,130,113,125,126,95,125,95,63,49,87,50,61,51,60,39,61,72,88,68,74,58,76,39,56,86,60,76,69,73,79,100,85,74,57,87,88,,80,99,107,103,58,101,60,63,,60,55,67,69,54,45,50,41,47,43,66,47,60,72,90,114,132,130,,157,74,77,122,62,107,94,82,113,137,93,,80,,90,,84,112,119,,110,102,134,127,129,108,77,144,117,148,117,91,98,88,95,116,122,134,150,167,,,,61,,
20260620,14,O3_8h,62,68,85,66,73,124,88,76,61,65,92,110,98,96,77,63,93,54,86,50,66,63,76,96,95,85,67,80,84,78,79,76,97,38,54,60,36,61,49,57,51,45,37,31,71,56,47,75,118,107,99,108,59,52,41,45,45,51,46,56,49,56,58,65,69,67,67,44,124,75,95,72,79,111,40,37,74,78,59,82,65,71,48,108,115,120,123,124,104,71,107,114,120,98,98,105,52,39,74,61,36,42,45,54,58,47,39,55,51,99,78,107,85,89,103,61,60,68,82,62,119,81,116,84,87,72,77,117,107,93,79,74,69,83,94,76,59,24,69,48,62,51,61,47,80,72,49,43,64,39,71,72,57,56,70,90,85,77,109,46,,,,,,,,,,,,,,,,,,,,,,,,,,,,,,86,88,47,110,86,101,85,90,90,82,91,86,73,84,,60,90,81,71,65,88,71,51,40,66,113,96,75,54,63,71,67,56,55,60,93,72,65,62,87,86,81,69,71,61,71,81,73,86,84,56,42,43,40,46,71,42,49,50,48,49,39,40,47,104,107,106,88,95,100,91,103,108,65,97,110,89,99,105,79,92,54,51,40,82,44,49,37,40,30,37,67,78,43,53,27,42,42,49,43,60,49,46,65,74,71,41,64,31,82,41,,64,75,69,71,42,61,43,45,,39,43,58,55,40,36,47,44,35,37,54,40,34,72,80,131,141,102,,142,59,47,90,28,54,80,84,78,91,96,,89,,89,,79,83,109,117,100,81,,111,92,76,89,107,80,102,86,76,72,64,83,80,78,114,108,94,,,,59,,
20260620,14,O3_8h_24h,60,68,85,66,73,124,88,76,61,65,92,110,98,96,76,63,93,54,86,50,66,63,76,96,95,85,67,80,84,78,79,76,97,38,54,60,36,61,49,57,51,45,37,31,62,56,47,75,118,107,99,108,59,52,41,44,48,51,46,55,49,56,58,65,69,56,67,44,124,75,79,72,79,111,40,37,74,78,59,79,65,71,48,108,115,120,123,124,104,71,107,114,120,98,91,105,52,39,74,59,36,42,45,52,58,47,39,55,51,99,78,107,85,89,88,61,60,68,82,62,119,81,116,84,87,71,77,117,107,93,79,74,69,83,94,76,59,24,69,48,61,51,61,47,80,72,48,43,64,39,71,72,57,56,70,90,85,77,108,46,,,,,,,,,,,,,,,,,,,,,,,,,,,,,,86,88,47,110,86,101,85,90,90,82,91,72,73,84,,60,90,81,71,65,71,71,51,40,66,113,91,73,54,63,71,67,56,55,60,91,72,65,62,87,86,81,69,71,61,71,80,73,86,84,56,42,43,40,46,71,42,49,49,48,49,39,40,47,104,107,106,88,95,100,91,103,108,65,97,110,89,99,105,79,92,54,51,40,74,43,49,37,40,30,37,67,78,43,53,27,42,37,49,43,59,49,46,65,69,71,41,63,31,82,41,,64,74,69,71,42,61,41,45,,39,43,58,55,39,36,47,44,35,37,54,40,34,72,73,114,138,102,,142,59,47,90,28,54,80,79,78,91,96,,82,,79,,78,83,109,,100,81,,111,92,76,86,107,80,102,86,66,72,62,83,80,78,111,108,94,,,,59,,
20260620,14,CO,0.21,0.31,0.22,0.41,0.35,0.30,0.24,0.23,,0.22,0.23,0.63,0.25,0.48,0.30,0.70,0.62,0.49,0.46,0.61,0.41,0.87,0.95,0.46,0.34,0.58,0.86,0.59,0.42,0.55,0.78,0.46,0.53,0.61,0.44,0.43,0.47,0.67,0.60,0.43,0.70,0.40,0.30,0.35,0.54,0.32,0.28,0.63,0.41,0.53,0.67,0.47,0.49,0.43,0.47,0.53,0.40,0.25,0.43,0.43,0.50,0.40,0.50,0.30,0.52,0.58,0.43,0.45,0.25,0.68,0.63,0.25,0.22,0.27,0.40,0.58,0.27,0.38,0.60,0.43,0.47,0.43,0.43,0.34,0.64,0.33,0.46,0.37,0.40,0.38,0.52,0.40,0.35,0.76,0.27,0.53,0.57,0.55,0.43,0.57,0.45,0.50,0.75,0.37,0.40,0.40,0.33,0.55,0.40,0.20,0.31,0.73,0.60,0.36,0.34,1.60,0.75,0.74,0.46,0.42,0.44,0.33,0.35,0.50,0.87,0.62,0.49,0.38,0.55,0.77,0.60,0.50,0.47,0.43,0.70,0.80,0.50,0.50,0.50,0.70,0.45,0.42,0.68,0.85,0.60,0.43,0.57,0.40,0.53,0.45,0.47,0.50,0.35,0.52,0.55,0.20,0.33,0.46,0.34,0.15,,,,,,,,,,,,,,,,,,,,,,,,,,,,,,0.50,0.50,0.40,0.87,0.15,0.25,0.68,0.33,0.20,0.30,0.50,0.20,0.45,0.35,,0.15,0.35,0.55,1.30,0.40,0.57,0.33,0.30,1.00,0.50,0.40,0.40,0.30,0.23,0.20,0.40,0.47,0.40,0.37,0.30,0.35,0.30,0.40,0.32,0.30,0.63,0.65,0.45,0.35,0.50,0.27,0.35,0.27,0.60,0.47,0.33,0.63,0.30,0.25,0.60,0.53,0.30,0.70,0.35,0.33,0.30,0.58,0.55,0.40,0.50,0.47,0.30,0.65,0.56,0.55,0.40,0.30,0.45,0.67,0.72,0.57,0.68,0.60,0.47,0.70,0.60,0.50,0.72,0.30,0.80,0.55,0.60,0.45,0.35,0.45,0.15,0.57,0.57,0.47,0.30,0.50,0.40,0.80,0.55,0.40,0.63,0.50,0.57,0.57,0.55,0.45,0.42,0.50,0.80,0.40,0.20,,0.15,0.70,0.70,0.50,0.35,0.40,0.35,0.50,,0.65,0.40,0.50,0.50,0.65,0.40,0.40,0.20,0.20,0.55,0.35,0.40,0.50,0.45,0.45,0.20,0.45,0.20,,0.25,0.30,0.47,0.20,0.50,0.80,0.25,0.30,0.20,0.35,0.50,,0.35,,0.30,,0.20,0.50,0.30,0.20,0.40,0.30,0.20,0.30,0.37,0.30,0.35,0.50,0.20,0.20,0.30,0.65,0.20,0.45,0.35,0.50,0.60,0.20,0.60,0.60,,,,0.40,,
20260620,14,CO_24h,0.45,0.59,0.40,0.48,0.25,0.43,0.39,0.30,0.30,0.38,0.35,0.47,0.55,0.38,0.36,0.75,0.64,0.45,0.67,0.44,0.38,0.70,0.62,0.43,0.36,0.64,0.64,0.57,0.42,0.55,0.94,0.44,0.45,0.56,0.44,0.43,0.47,0.47,0.50,0.43,0.55,0.50,0.30,0.45,0.58,0.30,0.28,0.58,0.38,0.41,0.53,0.72,0.47,0.46,0.49,0.57,0.40,0.25,0.43,0.43,0.53,0.40,0.57,0.30,0.60,0.59,0.57,0.58,0.27,0.58,0.60,0.40,0.25,0.30,0.42,0.53,0.33,0.44,0.62,0.47,0.33,0.43,0.47,0.33,0.60,0.37,0.54,0.48,0.42,0.33,0.45,0.40,0.33,0.56,0.23,0.52,0.60,0.53,0.43,0.60,0.55,0.50,0.75,0.40,0.40,0.40,0.40,0.55,0.37,0.20,0.43,0.70,0.90,0.52,0.56,0.76,0.68,0.72,0.48,0.47,0.48,0.40,0.48,0.43,0.70,0.54,0.46,0.35,0.42,0.57,0.55,0.57,0.50,0.47,0.65,0.88,0.70,0.47,0.50,0.69,0.35,0.60,0.70,0.80,0.53,0.47,0.73,0.40,0.75,0.53,0.47,0.60,0.40,0.48,0.60,0.20,0.40,0.52,0.36,0.25,,,,,,,,,,,,,,,,,,,,,,,,,,,,,,0.53,0.40,0.40,0.73,0.20,0.25,0.80,0.43,0.30,0.30,0.50,0.40,0.45,0.38,,0.20,0.45,0.55,0.80,0.50,0.70,0.37,0.50,0.75,0.55,0.40,0.40,0.33,0.27,0.30,0.47,0.75,0.40,0.43,0.25,0.45,0.20,0.37,0.32,0.30,0.57,0.57,0.30,0.35,0.48,0.20,0.38,0.27,0.47,0.37,0.37,0.80,0.40,0.30,0.55,0.50,0.67,1.05,0.35,0.32,0.20,0.63,0.57,0.50,0.56,0.38,0.40,0.50,0.44,0.55,0.43,0.23,0.50,0.67,0.70,0.63,0.75,0.60,0.60,0.70,0.60,0.50,0.98,0.45,0.90,0.50,0.57,0.50,0.30,0.45,0.35,0.53,0.55,0.70,0.43,0.55,0.37,0.80,0.70,0.50,0.60,0.55,0.60,0.60,0.60,0.55,0.42,0.55,0.70,0.35,0.20,,0.20,0.50,0.57,0.53,0.50,0.50,0.35,0.60,,0.65,0.40,0.40,0.50,0.65,0.35,0.40,0.10,0.20,0.60,0.35,0.50,0.50,0.45,0.40,0.20,0.40,0.30,,0.30,0.45,0.60,0.30,0.50,0.80,0.25,0.35,0.20,0.40,0.50,,0.35,,0.30,,0.20,0.50,0.40,0.20,0.40,0.30,0.20,0.30,0.33,0.30,0.30,0.50,0.20,0.25,0.40,0.65,0.15,0.45,0.30,0.50,0.60,0.10,0.35,0.30,,,,0.40,,
20260620,15,AQI,27,28,35,29,42,74,41,30,25,30,28,59,43,38,31,29,32,28,37,26,28,33,42,47,45,30,38,38,36,32,35,29,46,19,34,31,20,29,29,34,32,21,22,19,26,33,25,25,55,50,47,41,20,21,19,16,20,25,17,20,22,19,21,23,36,27,31,21,43,34,53,32,33,47,19,20,32,32,32,26,33,30,22,48,59,54,46,63,51,27,56,51,47,53,30,48,26,21,27,25,18,24,26,18,27,22,24,38,19,40,32,43,31,34,27,41,36,27,42,23,40,26,47,34,32,23,40,75,45,48,33,38,42,42,38,28,35,18,34,28,32,23,44,26,42,32,20,36,26,23,35,25,36,24,50,58,41,39,41,104,,,,,,,,,,,,,,,,,,,,,,,,,,,,,,34,37,22,50,33,39,37,38,36,39,36,23,32,31,,23,35,36,31,31,23,33,43,25,63,39,41,24,23,26,28,27,33,26,36,28,39,29,27,39,38,33,21,23,32,34,32,31,36,33,26,20,23,22,33,22,18,23,33,20,22,19,52,20,55,51,49,44,43,43,37,41,45,27,49,40,35,39,40,29,40,32,19,24,29,15,20,14,16,12,28,32,35,18,23,30,24,20,21,52,25,41,51,26,21,32,46,23,37,27,26,,24,36,34,41,19,32,18,20,,16,17,31,21,25,15,16,13,20,16,21,32,18,21,28,37,40,43,,58,25,26,40,22,36,39,25,56,45,36,,24,,37,,25,37,39,25,35,31,41,39,43,53,28,47,38,47,55,68,31,27,40,36,39,43,50,54,,,,19,,
20260620,15,PM2.5,3,3,7,8,19,10,9,4,3,6,9,33,6,7,5,9,9,16,15,17,3,11,11,18,17,8,5,6,9,8,16,7,17,3,15,16,9,13,7,14,14,8,9,4,5,21,11,5,5,24,30,8,5,11,7,8,9,13,8,7,8,11,9,11,14,19,16,5,3,18,28,20,4,10,4,4,5,5,15,7,23,21,13,22,13,3,15,15,18,12,31,9,4,28,7,22,17,10,14,10,7,9,18,8,11,11,8,5,4,8,4,23,7,4,3,27,9,19,18,14,21,9,17,4,7,6,15,16,28,32,23,11,22,15,11,5,6,12,12,9,11,3,31,8,12,17,8,25,6,12,14,10,9,12,27,24,13,15,6,32,,,,,,,,,,,,,,,,,,,,,,,,,,,,,,9,18,10,23,3,7,10,5,3,3,20,16,8,5,,3,3,9,12,3,6,16,3,5,3,23,29,3,12,10,12,12,23,11,25,11,17,13,14,13,22,12,3,7,10,13,3,3,14,12,16,5,3,6,18,7,9,5,11,7,3,4,4,3,12,19,9,30,28,19,10,14,10,10,21,3,13,3,3,11,6,12,9,17,3,9,14,3,3,3,8,11,9,12,10,19,12,6,9,14,9,29,36,3,8,9,16,5,26,16,3,,3,22,15,29,6,12,6,14,,5,10,22,3,8,9,3,8,3,11,3,12,8,8,5,2,3,3,,3,3,14,3,10,18,27,12,31,16,13,,9,,12,,9,23,6,10,3,6,3,10,10,15,15,9,5,5,12,48,19,5,13,19,3,3,11,8,,,,7,,
20260620,15,PM2.5_24h,14,29,18,28,16,10,26,12,13,24,19,21,13,10,7,18,14,20,21,7,5,4,9,9,14,6,4,7,8,10,11,6,11,2,8,12,6,4,3,13,12,9,9,6,3,11,12,7,21,12,22,9,7,10,7,8,10,10,8,7,7,12,12,13,17,26,14,12,7,14,32,18,10,11,5,7,7,8,21,10,19,18,13,14,22,12,28,33,12,9,20,17,23,12,7,23,10,10,15,13,9,9,11,11,12,12,10,8,4,15,9,13,21,12,17,16,20,18,22,18,28,13,25,4,5,3,16,14,22,22,17,22,15,14,4,4,5,10,11,12,14,24,21,15,15,18,31,21,12,12,24,14,11,14,17,22,16,15,12,52,,,,,,,,,,,,,,,,,,,,,,,,,,,,,,8,11,12,13,8,9,19,11,11,12,26,15,7,8,,6,25,16,16,17,28,22,15,15,11,26,43,7,14,17,15,20,22,10,14,21,11,11,11,13,8,9,1,10,10,16,4,11,5,5,12,8,8,8,10,8,8,6,7,6,4,7,5,11,21,18,13,18,17,13,15,9,6,9,14,5,13,4,5,6,6,8,7,12,5,7,8,5,4,3,13,13,15,21,17,13,10,3,15,12,12,27,22,12,13,18,11,15,22,20,9,,6,9,19,24,5,15,7,20,,9,12,18,5,10,13,5,7,9,9,5,12,8,7,4,3,3,8,,3,6,19,10,9,12,30,14,23,15,14,,12,,11,,11,20,12,11,9,7,2,7,15,27,15,21,9,11,8,54,23,12,28,14,10,3,8,13,,,,9,,
20260620,15,PM10,6,6,24,16,42,14,28,10,6,18,28,62,24,19,9,18,15,28,37,21,10,16,23,28,29,18,19,13,13,11,21,11,20,9,26,31,12,16,11,33,26,18,22,19,10,33,25,10,31,37,44,13,10,19,19,16,18,25,17,17,19,16,15,19,21,26,25,11,10,34,56,29,32,26,13,8,12,23,28,12,31,25,20,37,34,18,41,45,40,22,61,35,21,55,16,38,25,21,27,25,12,24,21,18,20,22,24,38,13,17,10,30,31,14,15,41,22,24,42,22,37,22,34,10,15,7,28,22,44,38,26,30,26,25,20,9,35,18,34,28,32,11,38,22,25,27,18,32,14,16,35,19,36,15,50,66,41,38,32,158,,,,,,,,,,,,,,,,,,,,,,,,,,,,,,15,23,15,41,17,17,30,15,18,21,36,23,19,15,,11,18,36,31,6,23,31,15,15,75,30,35,10,16,26,23,19,28,26,28,21,39,21,15,29,37,16,6,8,18,26,7,10,19,17,26,13,14,22,33,13,13,23,33,16,22,18,53,20,26,32,22,44,33,28,16,28,14,21,27,10,16,13,10,,14,16,17,21,14,14,16,11,12,7,28,32,35,18,19,30,18,20,21,53,25,39,,11,18,19,46,8,34,23,21,,6,,25,31,16,17,13,,,11,10,30,12,25,13,6,10,20,16,7,32,17,15,9,6,6,10,,9,6,20,15,22,24,34,23,61,29,36,,20,,37,,23,27,13,25,26,29,10,20,32,55,16,27,7,19,59,86,28,25,40,33,23,29,50,40,,,,13,,
20260620,15,PM10_24h,22,42,36,39,40,17,43,19,28,33,26,43,29,16,7,30,18,29,41,9,11,7,13,14,19,11,11,11,10,10,12,9,12,7,19,23,10,6,7,26,26,21,17,18,5,23,24,7,31,13,28,15,12,21,18,17,17,19,23,16,17,21,23,23,29,32,29,21,12,31,60,19,44,29,11,13,16,21,34,21,20,23,20,22,26,21,40,48,22,14,36,25,31,17,8,32,18,19,27,28,17,20,19,23,25,23,22,27,10,18,15,22,48,24,26,23,29,31,32,27,44,23,40,9,11,7,24,21,26,34,25,35,22,20,14,9,9,19,36,23,31,36,29,32,31,28,35,32,17,20,41,26,24,21,36,65,49,45,45,128,,,,,,,,,,,,,,,,,,,,,,,,,,,,,,15,12,21,29,22,16,30,22,31,52,47,25,38,23,,11,75,26,27,29,31,30,27,28,34,34,39,17,20,20,21,27,31,19,28,30,14,13,11,18,17,11,8,7,16,22,5,9,10,11,23,19,21,14,19,14,16,24,18,18,19,23,28,25,26,35,23,23,16,22,18,18,22,21,21,13,20,16,10,10,14,16,18,15,12,10,12,13,10,13,32,32,31,28,25,20,17,9,27,34,26,34,22,20,30,24,29,20,26,27,25,,10,13,26,31,19,23,15,24,,13,10,29,12,27,15,9,11,14,21,8,22,14,13,9,7,11,16,,11,7,26,23,21,23,58,26,44,23,41,,27,,30,,23,27,21,24,22,23,10,16,51,81,34,46,18,25,30,51,42,37,66,31,30,30,31,50,,,,19,,
20260620,15,SO2,3,5,2,5,6,4,3,5,3,3,5,5,3,9,9,4,7,5,5,6,5,6,6,6,8,6,6,5,5,9,7,8,6,6,5,6,6,5,6,6,6,4,6,5,8,5,2,6,7,9,5,4,5,5,5,6,5,5,6,3,4,5,3,4,8,5,36,6,6,6,10,9,6,6,4,5,8,7,6,4,7,7,2,9,10,8,7,9,9,5,6,5,6,10,4,7,7,5,7,4,7,6,5,5,4,4,3,5,4,4,7,13,5,6,8,6,9,7,5,5,4,6,5,6,7,3,10,4,8,9,5,9,9,7,3,7,10,6,3,5,2,8,9,17,4,9,4,6,4,3,5,5,2,6,9,18,5,12,6,3,,,,,,,,,,,,,,,,,,,,,,,,,,,,,,5,3,4,6,3,8,5,5,4,9,7,5,11,4,,6,9,5,8,7,6,6,6,10,10,1,5,8,8,4,7,6,5,8,6,9,8,6,7,5,10,5,5,7,5,6,5,4,4,6,4,9,4,4,6,4,9,5,5,2,7,2,5,5,7,8,6,4,6,6,4,4,5,8,7,5,6,4,5,6,3,5,9,5,4,4,3,5,4,4,7,5,3,5,2,8,11,4,8,6,9,9,10,3,7,7,8,6,8,3,3,,7,9,7,7,2,7,4,2,,4,6,10,11,6,7,2,3,3,8,6,6,5,8,6,4,7,4,,4,4,4,6,6,7,4,10,8,7,7,,4,,8,,3,12,7,9,12,13,6,19,14,8,7,6,8,9,6,3,12,3,4,8,5,7,12,13,,,,3,,
20260620,15,SO2_24h,2,5,3,6,6,5,3,4,3,3,5,5,4,7,8,5,7,5,7,6,5,6,4,6,7,6,5,5,4,9,7,7,6,6,5,5,6,5,5,6,6,3,5,5,8,4,2,8,5,6,4,5,5,5,4,5,5,5,5,3,4,8,3,4,9,4,11,5,5,5,11,11,5,5,7,6,6,7,6,4,6,7,3,10,10,8,9,10,9,5,6,5,7,9,4,8,10,5,6,4,7,6,5,4,5,4,4,6,5,4,7,13,6,12,11,5,9,7,6,6,4,6,6,5,8,3,9,3,7,9,5,10,8,7,3,8,7,5,3,5,2,8,10,20,4,10,4,6,3,4,6,6,2,7,8,11,7,13,6,3,,,,,,,,,,,,,,,,,,,,,,,,,,,,,,5,2,4,5,4,7,5,6,4,9,8,6,10,4,,7,9,7,8,10,5,5,8,12,10,2,4,8,9,5,8,6,4,9,7,10,6,6,6,5,10,7,4,8,5,5,5,4,5,6,5,10,4,4,6,6,9,7,5,3,8,3,4,8,6,8,5,4,5,6,4,4,5,8,7,5,8,4,5,7,4,5,9,6,4,5,5,6,5,3,8,5,3,6,5,8,12,5,7,5,7,10,11,4,7,7,6,6,8,4,3,,6,7,6,8,3,7,4,4,,4,5,8,9,5,8,2,3,4,8,6,6,5,8,7,6,7,4,,5,4,5,7,5,7,4,9,8,6,8,,5,,9,,4,12,8,10,10,14,7,20,11,7,7,6,7,9,5,4,9,3,4,7,4,7,8,9,,,,4,,
20260620,15,NO2,7,5,2,4,12,5,4,4,4,3,5,10,2,7,6,12,8,14,12,14,6,9,12,8,6,3,7,5,13,2,5,4,8,9,9,7,9,10,8,6,8,5,6,4,6,6,3,4,8,14,8,7,3,8,4,2,4,3,5,3,4,5,4,5,6,17,4,6,7,11,10,11,6,5,5,5,8,6,8,6,8,6,4,9,9,2,8,10,9,10,13,4,5,22,9,11,6,3,6,3,4,2,6,2,5,5,2,4,4,7,6,6,9,5,7,15,11,17,15,10,7,5,8,4,5,12,7,4,10,10,6,7,9,4,6,2,5,6,3,6,4,4,9,9,8,5,8,7,4,5,9,10,5,6,13,4,5,9,4,4,,,,,,,,,,,,,,,,,,,,,,,,,,,,,,3,4,3,7,4,2,8,6,4,4,12,6,6,4,,4,2,9,11,12,13,11,6,11,12,5,7,5,4,7,6,5,17,7,4,12,6,6,8,5,7,6,5,3,6,2,3,4,6,2,6,4,3,2,9,5,3,7,2,3,4,3,3,3,7,8,7,5,10,6,4,6,3,8,6,6,4,2,3,4,3,3,2,2,6,4,3,12,4,4,5,4,4,6,6,7,8,7,5,3,11,12,9,8,14,5,18,5,10,6,4,,4,6,8,4,3,4,5,4,,4,4,14,6,4,6,3,4,6,4,6,5,8,7,7,2,4,4,,2,5,5,5,8,4,5,9,4,6,11,,7,,5,,9,8,1,2,2,1,3,1,9,6,8,4,3,4,5,2,5,12,8,10,1,8,5,4,,,,2,,
20260620,15,NO2_24h,10,14,11,12,11,10,10,7,12,12,11,21,10,12,5,25,8,26,31,12,10,9,12,11,9,4,10,6,12,4,7,4,6,8,10,9,9,10,10,6,18,11,11,9,7,7,6,7,13,11,9,10,5,10,6,2,7,3,6,5,6,6,7,4,14,13,9,15,9,16,11,13,6,14,8,8,6,8,15,9,12,12,7,14,20,7,16,16,13,14,16,8,10,16,11,17,11,5,8,4,7,3,10,2,9,7,6,5,5,12,9,9,16,15,10,13,23,17,16,18,10,10,12,10,8,13,10,6,12,10,10,14,11,9,8,4,7,8,4,8,7,9,14,14,14,10,12,13,9,10,19,14,10,9,19,6,18,17,9,19,,,,,,,,,,,,,,,,,,,,,,,,,,,,,,5,4,5,10,8,7,10,8,13,7,10,8,5,6,,5,4,11,18,23,9,25,32,17,14,8,7,5,7,11,8,11,16,13,8,23,4,8,8,5,11,8,2,4,7,2,5,5,6,3,7,9,8,3,8,8,10,10,2,4,4,8,3,9,10,12,12,6,10,8,6,7,5,8,12,8,9,5,4,6,6,4,5,7,8,4,5,7,5,6,14,6,5,13,7,10,8,9,8,10,9,15,14,11,18,12,20,7,15,9,5,,13,7,8,5,5,9,4,8,,5,5,11,7,6,6,5,3,6,5,6,7,9,7,6,4,3,8,,2,7,11,10,7,9,8,10,10,9,14,,10,,5,,8,10,2,2,4,2,7,2,7,8,10,11,13,13,9,9,12,13,4,13,3,8,10,9,,,,3,,
20260620,15,O3,87,91,112,94,86,179,132,96,81,96,88,167,138,121,99,94,101,77,101,82,88,107,135,149,143,96,122,122,116,101,113,94,146,60,108,100,65,92,94,108,102,66,71,53,84,92,65,80,164,159,150,132,63,68,50,47,63,51,50,64,71,61,66,73,116,59,99,66,139,88,102,102,106,150,62,63,101,103,102,82,88,81,69,154,167,163,147,170,161,86,162,161,149,156,97,153,84,53,85,56,56,56,82,46,87,61,52,64,61,129,101,138,97,110,85,86,115,84,80,72,129,84,149,108,103,73,129,180,143,155,107,123,133,133,120,91,63,50,86,59,69,74,86,83,135,103,65,80,82,74,67,79,94,76,132,123,128,126,131,106,,,,,,,,,,,,,,,,,,,,,,,,,,,,,,110,118,71,159,104,125,119,122,115,124,99,35,101,98,,74,111,106,98,98,70,104,138,81,92,125,109,76,74,84,88,85,91,73,82,90,112,94,85,126,122,107,66,72,102,109,103,98,114,107,83,65,72,58,102,69,56,72,57,63,66,62,55,59,164,161,156,125,138,137,117,130,145,85,156,128,113,125,127,93,128,101,60,47,93,48,60,46,51,39,58,71,89,58,75,58,77,41,48,75,57,82,79,83,66,102,85,73,74,85,84,,78,114,109,103,60,103,56,65,,52,55,69,68,62,48,51,40,42,43,66,47,59,67,89,117,127,136,,166,79,84,128,56,116,101,79,115,143,82,,76,,98,,81,117,124,,111,98,130,125,138,118,91,149,122,149,121,98,99,86,98,116,124,138,160,163,,,,60,,
20260620,15,O3_24h,87,91,112,94,86,179,132,96,81,96,88,167,138,121,99,94,101,77,101,82,88,107,135,149,143,96,122,122,116,101,113,94,146,60,108,100,65,92,94,108,102,66,71,53,84,92,65,80,164,159,150,132,63,68,50,47,63,51,50,64,71,61,66,73,116,59,99,66,139,88,102,102,106,150,62,63,101,103,102,82,88,81,69,154,167,163,147,170,161,86,162,161,149,156,97,153,84,53,85,56,56,56,82,46,87,61,52,64,61,129,101,138,97,110,85,86,115,84,80,72,129,84,149,108,103,73,129,180,143,155,107,123,133,133,120,91,63,50,86,59,69,74,86,83,135,103,65,80,82,74,67,79,94,76,132,123,128,126,131,106,,,,,,,,,,,,,,,,,,,,,,,,,,,,,,110,118,71,159,104,125,119,122,115,124,99,35,101,98,,74,111,106,98,98,70,104,138,81,92,125,109,76,74,84,88,85,91,73,82,90,112,94,85,126,122,107,66,72,102,109,103,98,114,107,83,65,72,58,102,69,56,72,57,63,66,62,55,59,164,161,156,125,138,137,117,130,145,85,156,128,113,125,127,93,128,101,60,47,93,48,60,46,51,39,58,71,89,58,75,58,77,41,48,75,57,82,79,83,66,102,85,73,74,85,84,,78,114,109,103,60,103,56,65,,52,55,69,68,62,48,51,40,42,43,66,47,59,67,89,117,127,136,,166,79,84,128,56,116,101,79,115,143,82,,76,,98,,81,117,124,,111,98,130,125,138,118,91,149,122,149,121,98,99,86,98,116,124,138,160,163,,,,60,,
20260620,15,O3_8h,68,75,94,74,76,138,100,81,66,71,97,126,111,104,80,73,96,61,93,56,71,72,85,109,107,88,77,89,90,84,86,80,108,44,65,69,42,68,59,68,61,52,44,37,71,65,53,77,130,120,111,116,60,57,44,46,49,52,49,57,54,60,60,68,82,67,78,50,126,82,95,79,84,119,44,41,79,83,68,83,72,75,55,123,130,132,134,137,119,75,123,127,131,113,98,120,60,43,78,62,42,45,53,54,65,52,44,59,54,109,83,120,93,95,103,66,72,77,85,68,123,85,125,90,95,72,87,131,117,108,88,86,83,94,101,81,64,29,73,50,63,55,71,54,95,81,51,51,72,46,76,78,66,60,84,96,96,86,112,57,,,,,,,,,,,,,,,,,,,,,,,,,,,,,,95,95,54,125,90,110,95,97,94,89,95,86,79,87,,62,96,87,78,75,88,79,67,50,77,119,96,75,60,67,75,75,61,59,63,96,80,70,67,97,92,86,70,72,69,80,84,79,92,88,64,49,51,45,57,72,48,54,51,52,52,46,43,52,118,120,119,97,106,108,99,110,120,71,111,117,97,106,113,84,104,65,55,43,82,44,53,41,43,32,44,68,80,49,59,33,48,42,50,51,61,57,52,66,74,81,51,64,39,85,48,,69,79,80,78,48,73,44,52,,45,47,63,60,42,39,48,44,37,39,58,41,39,72,80,131,141,109,,145,62,54,98,34,65,85,84,87,103,96,,89,,89,,79,89,112,117,103,87,,114,101,83,89,115,84,109,92,76,75,67,86,88,87,115,117,109,,,,60,,
20260620,15,O3_8h_24h,66,75,94,74,76,138,100,81,66,71,97,126,111,104,80,73,96,61,93,56,71,72,85,109,107,88,77,89,90,84,86,80,108,44,65,69,42,68,59,68,61,52,44,37,64,65,53,77,130,120,111,116,60,57,44,45,53,52,49,57,54,60,60,68,80,55,78,50,126,82,81,79,84,119,44,41,79,83,68,80,72,75,55,123,130,132,134,137,119,75,123,127,131,113,91,120,60,43,78,60,42,45,53,52,65,52,44,59,54,109,83,120,93,95,86,66,72,77,85,68,123,85,125,90,95,71,87,131,117,108,88,86,83,94,101,81,64,29,73,49,63,55,71,54,95,81,50,51,72,46,76,78,66,60,84,96,96,86,112,57,,,,,,,,,,,,,,,,,,,,,,,,,,,,,,95,95,54,125,90,110,95,97,94,89,95,65,79,87,,62,96,87,78,75,71,79,67,50,77,119,94,74,60,67,75,75,61,59,63,92,80,70,67,97,92,86,70,72,69,80,84,79,92,88,64,49,51,45,57,71,48,54,51,52,52,46,43,52,118,120,119,97,106,108,99,110,120,71,111,117,97,106,113,84,104,65,55,43,75,44,53,41,43,32,44,68,80,49,59,33,48,37,50,51,60,57,52,66,67,81,51,64,39,85,48,,69,79,80,78,48,73,44,52,,45,47,63,60,42,39,48,43,37,39,58,41,39,72,78,114,137,109,,145,62,54,98,34,65,85,78,87,103,94,,82,,81,,77,89,112,,103,87,,114,101,83,86,115,84,109,92,69,75,66,86,88,87,115,117,109,,,,60,,
20260620,15,CO,0.21,0.33,0.26,0.30,0.35,0.33,0.27,0.17,,0.20,0.20,0.60,0.22,0.50,0.30,0.66,0.56,0.44,0.44,0.62,0.42,0.86,0.75,0.43,0.34,0.54,0.73,0.57,0.42,0.55,0.80,0.44,0.55,0.61,0.44,0.43,0.49,0.70,0.60,0.47,0.60,0.43,0.30,0.35,0.52,0.32,0.28,0.65,0.34,0.61,0.67,0.47,0.46,0.44,0.46,0.53,0.40,0.25,0.43,0.40,0.47,0.40,0.50,0.30,0.51,0.55,0.40,0.47,0.23,0.60,0.70,0.25,0.20,0.26,0.42,0.50,0.34,0.38,0.56,0.43,0.43,0.40,0.43,0.33,0.56,0.30,0.46,0.35,0.40,0.40,0.50,0.38,0.25,0.66,0.27,0.57,0.53,0.55,0.47,0.57,0.45,0.50,0.70,0.37,0.40,0.40,0.33,0.55,0.33,0.20,0.31,0.68,0.60,0.36,0.32,1.50,0.60,1.34,0.46,0.43,0.40,0.33,0.33,0.48,0.67,0.52,0.50,0.35,0.53,0.67,0.60,0.43,0.47,0.43,0.65,0.77,0.55,0.47,0.48,0.69,0.45,0.42,0.65,0.70,0.53,0.37,0.57,0.40,0.53,0.45,0.37,0.50,0.30,0.50,0.55,0.20,0.30,0.48,0.36,0.10,,,,,,,,,,,,,,,,,,,,,,,,,,,,,,0.47,0.50,0.40,0.77,0.15,0.25,0.63,0.30,0.17,0.27,0.50,0.20,0.45,0.35,,0.15,0.25,0.58,1.00,0.35,0.57,0.33,0.30,0.55,0.50,0.40,0.30,0.30,0.23,0.20,0.43,0.50,0.35,0.37,0.35,0.35,0.30,0.40,0.32,0.35,0.67,0.68,0.45,0.35,0.46,0.27,0.35,0.27,0.68,0.37,0.37,0.67,0.30,0.25,0.60,0.50,0.30,0.67,0.35,0.33,0.30,0.58,0.55,0.40,0.52,0.45,0.35,0.63,0.56,0.55,0.40,0.30,0.33,0.63,0.72,0.53,0.70,0.60,0.47,0.70,0.60,0.50,0.72,0.45,0.80,0.55,0.60,0.45,0.35,0.45,0.15,0.53,0.57,0.53,0.30,0.50,0.40,0.80,0.60,0.50,0.63,0.55,0.57,0.55,0.70,0.43,0.45,0.50,0.75,0.35,0.20,,0.15,0.65,0.60,0.53,0.35,0.40,0.35,0.50,,0.60,0.40,0.50,0.55,0.60,0.40,0.40,0.20,0.20,0.50,0.35,0.40,0.50,0.45,0.45,0.20,0.40,0.20,,0.25,0.25,0.47,0.13,0.40,0.80,0.20,0.30,0.20,0.30,0.50,,0.35,,0.30,,0.25,0.50,0.30,0.20,0.40,0.30,0.20,0.30,0.33,0.35,0.35,0.50,0.10,0.20,0.30,0.65,0.20,0.45,0.30,0.50,0.60,0.20,0.35,0.35,,,,0.40,,
20260620,15,CO_24h,0.43,0.57,0.40,0.48,0.25,0.43,0.39,0.30,0.30,0.33,0.35,0.47,0.55,0.38,0.34,0.75,0.64,0.45,0.67,0.44,0.38,0.72,0.62,0.43,0.36,0.62,0.66,0.57,0.42,0.52,0.94,0.44,0.45,0.57,0.44,0.43,0.47,0.50,0.50,0.43,0.55,0.50,0.30,0.45,0.58,0.30,0.28,0.58,0.38,0.43,0.55,0.71,0.47,0.45,0.49,0.57,0.40,0.25,0.43,0.43,0.53,0.40,0.56,0.33,0.60,0.58,0.57,0.58,0.27,0.58,0.60,0.35,0.25,0.30,0.42,0.53,0.31,0.44,0.62,0.47,0.33,0.43,0.47,0.33,0.62,0.37,0.54,0.48,0.42,0.33,0.45,0.40,0.30,0.56,0.23,0.52,0.60,0.53,0.43,0.60,0.55,0.50,0.75,0.40,0.40,0.40,0.40,0.55,0.37,0.20,0.41,0.70,0.88,0.48,0.56,0.80,0.68,0.76,0.48,0.47,0.48,0.40,0.47,0.47,0.70,0.54,0.46,0.35,0.42,0.57,0.55,0.55,0.50,0.47,0.63,0.88,0.70,0.50,0.50,0.69,0.35,0.60,0.70,0.80,0.53,0.47,0.70,0.40,0.75,0.53,0.47,0.60,0.40,0.48,0.60,0.20,0.37,0.52,0.36,0.25,,,,,,,,,,,,,,,,,,,,,,,,,,,,,,0.50,0.40,0.40,0.77,0.20,0.25,0.80,0.43,0.30,0.30,0.50,0.30,0.45,0.38,,0.20,0.45,0.55,0.83,0.45,0.70,0.37,0.50,0.75,0.60,0.40,0.40,0.33,0.27,0.30,0.47,0.73,0.40,0.43,0.25,0.45,0.20,0.37,0.32,0.25,0.57,0.57,0.35,0.35,0.48,0.20,0.38,0.27,0.47,0.37,0.37,0.80,0.40,0.30,0.60,0.50,0.63,1.05,0.35,0.32,0.20,0.63,0.57,0.50,0.56,0.40,0.40,0.53,0.44,0.55,0.43,0.23,0.50,0.67,0.70,0.63,0.75,0.60,0.60,0.70,0.60,0.50,0.98,0.45,0.90,0.50,0.57,0.50,0.30,0.45,0.35,0.53,0.55,0.70,0.40,0.55,0.37,0.80,0.70,0.50,0.60,0.55,0.60,0.60,0.60,0.55,0.42,0.55,0.70,0.35,0.20,,0.20,0.55,0.57,0.53,0.50,0.50,0.35,0.60,,0.65,0.40,0.40,0.50,0.65,0.35,0.40,0.10,0.20,0.55,0.35,0.50,0.50,0.45,0.40,0.20,0.40,0.30,,0.30,0.35,0.53,0.30,0.50,0.80,0.25,0.35,0.20,0.40,0.50,,0.35,,0.30,,0.20,0.50,0.40,0.20,0.40,0.30,0.20,0.30,0.33,0.30,0.30,0.50,0.20,0.25,0.40,0.65,0.15,0.45,0.30,0.50,0.60,0.10,0.35,0.30,,,,0.40,,
20260620,16,AQI,28,30,37,30,42,75,43,30,27,32,33,48,47,39,33,33,30,31,51,27,28,37,42,48,46,30,39,39,32,30,38,30,48,19,33,34,20,28,29,35,29,22,20,20,28,33,20,27,55,53,49,41,21,22,18,16,20,27,23,19,22,20,23,22,35,29,30,24,43,39,52,33,34,47,19,20,33,32,33,25,29,35,22,47,61,56,44,64,54,26,53,63,47,55,34,44,26,24,27,25,18,19,26,17,28,29,26,31,19,42,32,42,34,37,28,33,34,31,42,22,40,26,44,35,32,29,43,79,45,51,34,38,40,42,36,28,28,24,36,16,29,23,33,28,34,31,22,36,26,24,29,24,36,24,46,57,41,41,40,82,,,,,,,,,,,,,,,,,,,,,,,,,,,,,,35,39,23,46,33,41,37,38,36,39,35,31,33,32,,23,34,28,31,26,23,40,42,26,27,38,34,23,24,26,28,26,36,27,31,28,41,31,29,40,37,32,20,23,35,34,33,32,38,35,25,20,23,23,34,21,15,22,42,21,24,22,21,18,60,59,56,42,47,44,38,39,41,25,47,40,36,39,39,24,41,33,19,19,28,14,18,16,15,14,30,28,36,20,22,28,22,28,22,33,30,45,43,26,20,31,41,25,36,31,26,,24,37,35,39,18,32,17,18,,18,19,36,23,25,16,14,17,12,15,20,18,19,21,26,40,40,41,,63,24,27,39,22,41,50,26,49,46,35,,26,,39,,25,36,39,25,35,30,43,38,44,53,30,48,40,48,54,63,33,30,57,36,40,43,48,50,,,,19,,
20260620,16,PM2.5,3,3,6,5,13,12,12,4,3,5,5,28,12,10,4,6,6,11,16,19,3,13,9,23,18,11,4,5,9,8,19,6,18,4,14,18,12,12,11,16,14,8,10,5,3,20,12,3,4,29,30,11,5,11,7,8,9,13,7,8,8,10,10,12,14,20,17,5,4,22,24,20,5,9,3,3,7,3,11,6,20,24,13,22,15,3,12,11,17,12,24,8,3,28,7,12,17,10,15,10,8,9,13,8,13,10,8,6,3,9,4,16,8,3,3,4,6,22,22,14,15,10,21,4,7,11,18,20,28,36,24,17,20,18,5,6,7,15,10,8,11,3,23,9,16,15,8,25,6,11,6,9,9,11,19,27,10,12,8,27,,,,,,,,,,,,,,,,,,,,,,,,,,,,,,12,20,11,32,3,8,12,4,3,3,20,16,7,6,,5,3,6,5,3,8,6,3,3,3,25,10,3,14,13,15,18,25,10,22,8,13,13,14,14,22,13,3,7,8,15,3,3,12,13,16,5,3,7,21,6,7,3,10,6,7,10,4,4,26,19,9,24,33,15,16,16,7,12,20,7,18,3,8,8,6,6,7,13,3,10,4,3,3,3,10,10,16,9,10,18,12,3,10,13,13,31,30,3,3,11,16,5,25,19,3,,3,25,20,27,3,10,3,10,,3,10,25,3,8,10,3,12,6,8,3,6,10,5,7,3,3,12,,3,3,10,3,9,27,35,13,24,17,16,,11,,11,,15,20,3,14,6,6,3,7,11,14,16,6,7,5,7,45,14,6,19,16,3,3,8,3,,,,6,,
20260620,16,PM2.5_24h,13,27,18,27,15,11,24,11,12,22,19,22,13,10,7,18,14,20,20,8,5,4,9,11,14,6,5,7,7,9,12,6,11,2,8,12,6,4,3,13,12,9,9,6,3,12,13,7,20,13,22,10,7,10,7,8,10,10,8,7,7,11,12,13,18,26,15,12,6,15,32,18,9,11,5,7,6,7,21,10,19,18,13,15,22,11,26,33,13,9,21,17,23,14,7,23,10,10,15,12,9,9,11,10,13,12,10,8,4,15,9,14,21,11,16,16,19,19,22,18,28,13,25,4,5,3,16,15,23,23,18,22,15,15,4,4,6,10,11,12,14,23,22,15,16,18,31,22,12,12,24,14,11,14,17,22,16,14,12,52,,,,,,,,,,,,,,,,,,,,,,,,,,,,,,9,12,13,13,8,9,19,11,11,11,25,15,7,8,,6,25,15,16,16,27,22,15,15,11,26,41,7,14,17,15,20,23,11,15,20,11,12,12,14,9,9,1,10,10,16,4,10,6,6,12,8,8,8,11,8,8,6,8,6,4,7,6,11,21,18,12,18,18,13,15,10,7,10,15,5,14,4,6,6,6,9,8,12,5,8,8,5,4,3,13,13,15,21,16,13,10,3,15,12,12,26,23,12,13,18,11,15,23,20,9,,6,10,20,25,5,15,6,19,,9,12,19,5,10,13,5,8,9,9,5,12,8,7,4,3,3,9,,3,5,19,9,10,13,31,15,23,15,14,,12,,11,,11,20,12,11,9,7,2,7,15,26,16,20,9,11,8,54,23,12,27,14,10,3,8,13,,,,9,,
20260620,16,PM10,6,6,25,14,42,24,31,14,6,22,27,48,31,21,12,22,14,23,52,23,11,20,24,32,30,19,20,12,13,12,26,11,22,11,24,34,16,15,15,35,25,19,17,20,9,33,20,6,26,42,46,15,10,20,18,16,20,27,23,18,21,17,23,20,23,21,29,12,9,39,53,24,33,26,13,7,14,24,25,12,18,35,22,37,38,21,32,37,39,20,56,34,22,60,13,31,26,24,27,25,14,19,21,17,21,29,26,31,15,24,13,28,34,14,11,11,25,30,42,22,35,18,34,9,16,12,27,36,43,44,30,34,28,25,18,11,28,24,36,16,29,15,29,23,31,27,17,32,9,20,,18,36,19,46,63,39,36,34,113,,,,,,,,,,,,,,,,,,,,,,,,,,,,,,17,,17,38,12,22,32,15,25,20,35,31,19,19,,14,15,21,15,6,10,22,13,11,14,33,33,9,16,24,21,26,25,27,29,25,41,20,16,30,36,16,6,10,20,25,7,8,17,18,25,14,15,23,30,12,13,22,42,18,24,19,21,18,32,31,18,42,35,30,22,27,17,19,28,11,25,6,12,21,15,13,14,19,14,,9,8,8,6,30,28,36,18,17,28,18,28,22,33,30,45,,10,12,19,41,8,33,31,16,,8,23,26,30,18,16,12,14,,7,,29,13,25,12,6,,12,15,8,18,14,20,13,6,7,,,12,6,14,16,22,41,25,23,49,27,35,,21,,39,,25,27,21,25,23,29,6,20,30,55,,23,16,18,57,76,30,23,63,30,40,25,32,29,,,,17,,
20260620,16,PM10_24h,20,39,36,38,40,18,42,18,27,30,26,44,30,16,6,29,18,29,42,9,11,7,14,15,19,11,11,10,10,9,13,9,13,7,20,23,10,7,7,27,26,21,17,18,6,24,24,7,31,15,29,15,12,21,18,17,17,19,23,16,18,21,23,23,29,31,29,20,12,32,62,20,44,30,11,13,16,21,34,20,20,23,21,23,27,21,38,48,23,14,38,25,31,20,8,32,19,19,27,28,16,20,20,23,25,23,23,27,10,19,15,23,48,23,25,22,29,31,33,27,45,23,40,9,11,7,24,22,27,35,25,35,22,21,13,9,10,20,36,22,30,36,30,32,32,28,33,32,17,20,42,26,24,21,37,66,49,45,46,130,,,,,,,,,,,,,,,,,,,,,,,,,,,,,,15,12,22,30,21,16,30,22,31,49,46,25,37,22,,12,74,25,27,28,29,30,27,27,34,34,38,16,19,20,22,27,32,20,28,29,15,14,11,19,18,11,8,7,17,22,5,8,11,12,23,19,21,14,19,14,16,24,19,18,20,23,29,25,27,35,23,25,17,23,18,18,22,21,21,13,21,16,10,10,14,16,18,15,12,10,13,13,10,13,32,32,31,28,25,20,17,10,28,34,27,34,22,20,30,24,30,20,26,27,25,,10,13,26,31,19,23,15,23,,13,10,29,12,27,15,9,11,14,21,8,22,14,14,9,7,11,16,,11,6,26,22,21,24,55,26,43,23,41,,27,,30,,23,28,21,24,22,24,11,16,51,78,34,45,18,25,32,52,41,37,66,32,31,30,32,50,,,,20,,
20260620,16,SO2,3,5,2,5,6,4,3,5,4,3,5,4,3,9,9,4,7,5,5,6,5,6,6,7,8,6,5,5,5,10,7,8,6,6,6,6,6,5,5,6,6,3,4,5,8,5,2,7,6,9,5,4,4,6,4,5,5,5,6,3,5,6,3,4,8,4,40,6,6,5,10,10,6,6,4,5,9,6,6,4,6,6,2,9,9,7,7,9,9,5,6,5,6,10,4,7,14,6,8,4,7,6,5,5,5,4,3,5,4,5,8,13,5,7,8,5,9,7,5,5,4,6,5,5,8,3,9,4,8,8,5,9,10,7,3,8,10,6,2,5,2,8,9,16,4,9,4,6,3,3,5,5,2,6,8,11,5,13,6,3,,,,,,,,,,,,,,,,,,,,,,,,,,,,,,5,3,4,5,4,9,6,5,4,8,7,5,10,4,,6,9,5,8,8,5,5,6,10,10,1,4,7,8,5,9,6,5,8,6,9,7,6,7,5,9,4,4,8,5,6,5,4,5,6,4,8,4,3,7,4,8,5,5,2,7,2,4,6,7,8,6,4,6,6,4,4,5,8,7,6,7,4,6,6,4,5,7,5,5,5,3,5,4,3,7,5,3,5,3,10,11,5,8,6,12,9,10,3,6,7,8,6,8,3,3,,7,12,5,6,3,7,3,2,,4,5,10,11,6,7,2,3,3,8,6,7,5,8,6,6,7,4,,4,4,4,6,6,6,5,10,8,6,8,,4,,8,,4,11,9,9,11,12,6,22,13,8,7,6,8,10,5,3,14,2,4,7,4,7,8,11,,,,3,,
20260620,16,SO2_24h,2,5,3,5,6,5,3,4,3,3,5,5,4,8,8,5,7,5,6,6,5,6,5,6,7,6,5,5,4,9,7,7,6,6,5,5,6,5,5,6,6,3,5,5,8,4,2,8,5,6,4,5,5,5,4,5,5,5,5,3,4,8,3,4,9,4,12,5,5,5,11,11,5,5,7,6,6,7,6,4,6,7,3,10,10,8,9,10,9,5,6,5,7,9,4,8,11,5,6,4,7,6,5,4,5,4,4,6,5,4,7,13,6,11,11,5,9,7,6,6,4,6,6,5,8,3,9,3,7,9,5,10,9,7,3,8,7,5,3,5,2,8,10,20,4,10,4,6,3,4,6,6,2,7,8,11,7,13,6,3,,,,,,,,,,,,,,,,,,,,,,,,,,,,,,5,2,4,5,4,8,5,6,4,9,8,6,10,4,,6,9,7,8,9,5,5,8,12,10,2,4,8,9,5,8,6,4,9,7,10,6,6,6,5,9,7,4,8,5,6,5,4,5,6,5,9,4,4,6,6,9,7,5,3,8,3,4,8,6,8,5,4,5,6,4,4,5,8,7,5,8,4,6,7,4,5,9,6,4,5,5,6,5,3,8,5,3,6,5,8,12,5,7,5,7,10,11,4,7,7,7,6,8,4,3,,6,7,6,8,3,7,4,4,,4,5,8,9,5,8,2,3,4,8,6,7,5,8,7,6,7,4,,5,4,5,7,5,7,4,9,8,6,8,,5,,9,,4,12,8,10,10,14,6,20,11,7,7,6,7,9,5,4,9,3,4,7,4,7,8,9,,,,4,,
20260620,16,NO2,7,6,3,4,10,6,4,4,5,3,5,8,2,8,7,11,8,13,12,15,7,9,14,8,6,4,8,5,14,2,5,4,9,10,14,7,11,10,10,6,17,5,6,5,6,6,4,4,8,19,8,9,3,9,5,2,4,5,5,4,4,5,5,4,6,16,5,6,7,12,8,12,7,5,5,5,7,6,7,6,8,6,4,8,10,2,7,9,8,11,11,5,5,27,8,11,7,3,6,3,4,2,7,2,6,5,3,3,4,8,6,6,9,6,8,8,12,19,17,11,9,6,8,5,6,11,7,4,10,10,7,8,12,5,7,3,5,6,3,8,4,5,9,9,8,7,8,6,3,6,7,10,6,7,15,9,6,10,5,4,,,,,,,,,,,,,,,,,,,,,,,,,,,,,,4,3,2,6,3,3,7,6,4,4,10,6,5,4,,4,2,9,8,18,8,9,6,9,9,7,6,7,5,7,5,6,9,9,5,12,6,6,8,5,10,5,4,3,5,2,3,3,6,2,6,4,3,1,10,4,7,6,2,3,5,3,3,3,7,8,7,4,8,7,4,6,3,8,6,4,6,3,2,5,4,3,3,2,5,4,4,11,5,3,7,4,4,5,6,7,8,6,8,4,12,12,9,7,18,6,21,4,8,8,3,,5,8,8,4,3,5,4,5,,4,4,14,6,4,6,12,3,8,3,6,5,7,7,8,3,3,8,,1,4,5,5,6,6,6,9,4,6,11,,8,,8,,9,7,1,2,2,1,2,1,10,6,7,3,3,5,5,2,3,7,5,9,1,9,3,3,,,,2,,
20260620,16,NO2_24h,10,13,11,11,11,10,10,7,11,11,11,21,10,12,5,25,8,26,31,12,10,9,11,11,9,3,10,6,12,4,7,4,6,8,10,9,9,11,10,6,18,11,11,8,7,7,6,7,13,12,9,10,5,11,6,2,7,3,6,5,6,6,6,4,14,13,9,15,9,16,11,14,6,14,8,8,6,8,15,9,12,12,7,14,20,6,15,16,12,15,16,8,10,17,12,17,11,5,8,4,7,3,10,2,9,7,6,5,5,12,9,9,16,15,10,13,23,17,16,18,10,10,12,10,8,13,10,6,12,11,10,14,11,9,8,4,7,8,4,8,7,9,14,14,14,10,12,13,9,10,19,14,10,9,19,6,18,17,9,19,,,,,,,,,,,,,,,,,,,,,,,,,,,,,,5,4,5,10,7,8,10,8,13,7,10,8,5,6,,5,4,11,18,24,9,26,32,17,14,9,7,5,7,11,8,11,16,13,8,23,4,8,8,5,11,8,2,4,7,2,5,5,6,3,7,8,8,3,8,8,10,10,2,4,5,8,3,9,10,11,12,6,10,8,6,7,5,8,12,8,9,5,4,6,6,4,5,7,8,4,5,8,5,6,14,6,5,13,7,10,8,9,8,10,9,15,14,11,18,12,21,7,15,9,5,,13,7,8,5,5,9,4,7,,5,5,12,7,6,6,5,3,6,4,6,7,9,7,6,4,3,8,,2,7,11,10,7,9,8,10,9,9,14,,10,,5,,8,10,2,2,4,2,7,2,7,8,10,11,13,13,9,8,12,12,4,13,3,8,10,9,,,,3,,
20260620,16,O3,91,97,118,95,93,180,139,96,87,103,107,151,151,125,104,104,95,100,100,82,88,119,135,154,148,96,124,125,101,96,120,95,153,61,107,105,63,90,94,111,92,70,65,50,90,92,60,85,164,162,158,132,67,70,46,44,61,46,49,61,69,65,63,70,112,60,97,76,139,72,117,104,110,149,60,64,104,103,107,80,89,79,62,151,169,165,141,171,163,82,159,170,151,149,108,140,79,51,80,54,56,58,82,41,90,59,53,70,61,135,103,135,95,117,90,104,108,75,80,71,128,83,140,112,103,93,139,183,144,161,109,122,127,135,114,90,69,58,83,49,67,75,83,89,108,99,71,73,84,77,94,78,95,76,127,122,132,131,128,106,,,,,,,,,,,,,,,,,,,,,,,,,,,,,,111,125,74,120,104,132,117,122,116,124,99,36,107,101,,74,110,90,98,84,73,127,133,83,87,122,109,74,76,83,91,80,83,79,89,88,124,99,92,129,117,101,63,75,112,110,105,102,123,112,79,64,73,57,110,68,48,69,50,66,61,69,52,59,168,167,165,132,142,140,120,125,131,81,149,129,114,124,126,77,131,104,61,46,90,46,59,50,48,46,54,72,86,63,70,56,69,32,41,62,56,78,81,84,64,98,93,79,84,81,82,,78,119,112,109,58,103,55,56,,59,60,73,75,66,51,44,41,39,43,63,50,62,67,82,128,127,130,,170,78,87,125,65,117,114,82,115,148,72,,82,,90,,77,116,126,,112,97,139,120,141,121,97,155,129,152,126,106,107,95,106,114,128,136,153,159,,,,61,,
20260620,16,O3_24h,91,97,118,95,93,180,139,96,87,103,107,151,151,125,104,104,95,100,100,82,88,119,135,154,148,96,124,125,101,96,120,95,153,61,107,105,63,90,94,111,92,70,65,50,90,92,60,85,164,162,158,132,67,70,46,44,61,46,49,61,69,65,63,70,112,60,97,76,139,72,117,104,110,149,60,64,104,103,107,80,89,79,62,151,169,165,141,171,163,82,159,170,151,149,108,140,79,51,80,54,56,58,82,41,90,59,53,70,61,135,103,135,95,117,90,104,108,75,80,71,128,83,140,112,103,93,139,183,144,161,109,122,127,135,114,90,69,58,83,49,67,75,83,89,108,99,71,73,84,77,94,78,95,76,127,122,132,131,128,106,,,,,,,,,,,,,,,,,,,,,,,,,,,,,,111,125,74,120,104,132,117,122,116,124,99,36,107,101,,74,110,90,98,84,73,127,133,83,87,122,109,74,76,83,91,80,83,79,89,88,124,99,92,129,117,101,63,75,112,110,105,102,123,112,79,64,73,57,110,68,48,69,50,66,61,69,52,59,168,167,165,132,142,140,120,125,131,81,149,129,114,124,126,77,131,104,61,46,90,46,59,50,48,46,54,72,86,63,70,56,69,32,41,62,56,78,81,84,64,98,93,79,84,81,82,,78,119,112,109,58,103,55,56,,59,60,73,75,66,51,44,41,39,43,63,50,62,67,82,128,127,130,,170,78,87,125,65,117,114,82,115,148,72,,82,,90,,77,116,126,,112,97,139,120,141,121,97,155,129,152,126,106,107,95,106,114,128,136,153,159,,,,61,,
20260620,16,O3_8h,75,80,103,80,80,152,111,85,70,77,100,139,123,111,84,83,98,69,99,63,75,81,95,121,118,92,89,98,95,88,94,84,118,50,75,79,47,75,68,79,71,60,50,42,71,74,56,79,142,132,124,123,61,63,46,47,53,53,51,60,59,63,61,71,92,67,87,57,129,87,96,86,90,127,49,46,84,88,77,84,78,77,61,135,144,143,142,149,132,78,137,140,140,127,98,131,66,46,81,63,47,49,61,54,73,58,48,62,57,117,88,130,99,100,103,74,83,82,86,71,125,85,131,95,101,76,96,145,124,122,94,96,97,105,107,84,70,35,77,50,65,60,79,61,105,88,56,57,80,53,82,82,72,64,98,102,107,95,116,69,,,,,,,,,,,,,,,,,,,,,,,,,,,,,,102,102,61,133,95,119,104,102,100,97,98,86,85,91,,64,100,90,84,83,88,90,81,59,85,124,97,75,65,71,78,79,66,64,66,98,89,75,72,105,98,91,71,73,76,88,88,85,99,92,71,55,59,49,68,72,52,59,52,56,55,53,45,57,131,131,131,106,116,116,106,116,128,78,123,121,105,113,118,86,113,76,58,46,82,47,56,45,45,34,50,69,82,56,64,38,53,42,51,58,62,64,59,67,74,89,61,65,49,85,56,,71,85,89,86,53,81,46,56,,50,51,67,64,47,42,48,44,39,40,61,43,46,73,81,131,141,116,,149,64,61,106,42,77,88,84,94,115,96,,89,,89,,79,95,116,117,106,92,125,116,110,92,89,124,95,117,100,76,81,71,88,96,98,119,126,122,,,,61,,
20260620,16,O3_8h_24h,72,80,103,80,80,152,111,85,70,77,100,139,123,111,84,83,98,69,99,63,75,81,95,121,118,92,89,98,95,88,94,84,118,50,75,79,47,75,68,79,71,60,50,42,68,74,54,79,142,132,124,123,61,63,46,46,57,53,51,60,59,63,61,71,91,55,87,57,129,87,85,86,90,127,49,46,84,88,77,81,78,77,61,135,144,143,142,149,132,78,137,140,140,127,93,131,66,46,81,60,47,49,61,50,73,58,48,62,57,117,88,130,99,100,85,74,83,82,86,71,125,85,131,95,101,76,96,145,124,122,94,96,97,105,107,84,70,35,77,49,65,60,79,61,105,88,56,57,80,53,82,82,72,64,98,102,107,95,116,69,,,,,,,,,,,,,,,,,,,,,,,,,,,,,,102,102,61,133,95,119,104,102,100,97,98,60,85,91,,64,100,90,84,83,72,90,81,59,85,124,97,74,65,71,78,79,66,64,66,93,89,75,72,105,98,91,71,73,76,88,88,85,99,92,71,55,59,49,68,70,52,59,52,56,55,53,45,57,131,131,131,106,116,116,106,116,128,78,123,121,105,113,118,86,113,76,58,46,78,47,56,45,45,34,50,69,82,56,64,38,53,36,51,58,62,64,59,67,66,89,61,65,49,85,56,,71,85,89,86,53,81,46,56,,50,51,67,64,47,42,48,43,39,40,61,43,46,72,81,115,135,116,,149,64,61,106,42,77,88,77,94,115,91,,82,,84,,77,95,116,,106,92,125,116,110,92,88,124,95,117,100,76,81,71,88,96,98,119,126,122,,,,61,,
20260620,16,CO,0.22,0.33,0.28,0.34,0.45,0.30,0.27,0.20,,0.22,0.23,0.50,0.25,0.45,0.30,0.59,0.56,0.35,0.41,0.62,0.41,0.84,0.73,0.44,0.34,0.56,0.73,0.60,0.42,0.53,0.82,0.44,0.55,0.61,0.49,0.43,0.50,0.67,0.68,0.43,0.65,0.43,0.30,0.35,0.52,0.32,0.27,0.62,0.31,0.64,0.66,0.44,0.43,0.45,0.46,0.57,0.40,0.25,0.43,0.40,0.45,0.40,0.50,0.30,0.50,0.53,0.37,0.47,0.25,0.63,0.70,0.25,0.22,0.25,0.38,0.57,0.33,0.34,0.56,0.43,0.37,0.43,0.43,0.31,0.56,0.30,0.42,0.32,0.40,0.38,0.48,0.38,0.28,0.70,0.27,0.55,0.57,0.53,0.53,0.57,0.50,0.50,0.70,0.40,0.40,0.40,0.33,0.55,0.33,0.20,0.29,0.67,0.60,0.32,0.34,0.62,0.60,1.40,0.48,0.42,0.42,0.33,0.43,0.48,0.77,0.60,0.52,0.40,0.53,0.63,0.63,0.45,0.45,0.45,0.65,0.77,0.55,0.50,0.48,0.67,0.35,0.42,0.55,0.60,0.53,0.37,0.53,0.40,0.53,0.45,0.27,0.50,0.30,0.50,0.55,0.20,0.33,0.54,0.34,0.10,,,,,,,,,,,,,,,,,,,,,,,,,,,,,,0.47,0.50,0.40,0.60,0.15,0.30,0.68,0.30,0.13,0.30,0.50,0.20,0.45,0.33,,0.15,0.25,0.53,0.67,0.35,0.50,0.20,0.30,0.45,0.55,0.30,0.25,0.30,0.23,0.20,0.47,0.50,0.30,0.33,0.35,0.35,0.25,0.42,0.36,0.35,0.67,0.63,0.45,0.35,0.50,0.33,0.33,0.27,0.65,0.37,0.37,0.50,0.25,0.25,0.75,0.50,0.40,0.78,0.45,0.28,0.30,0.58,0.53,0.45,0.52,0.47,0.35,0.60,0.54,0.52,0.37,0.30,0.38,0.70,0.72,0.60,0.70,0.60,0.43,0.70,0.60,0.50,0.72,0.40,0.80,0.55,0.60,0.45,0.35,0.40,0.20,0.53,0.57,0.50,0.27,0.50,0.40,0.80,0.65,0.50,0.70,0.55,0.53,0.53,0.55,0.45,0.42,0.50,0.70,0.35,0.10,,0.10,0.80,0.43,0.50,0.40,0.40,0.35,0.50,,0.55,0.40,0.50,0.55,0.60,0.40,0.40,0.20,0.25,0.45,0.35,0.35,0.50,0.45,0.50,0.20,0.40,0.30,,0.25,0.25,0.43,0.17,0.40,0.80,0.25,0.30,0.20,0.30,0.50,,0.35,,0.35,,0.25,0.50,0.40,0.20,0.40,0.30,0.20,0.30,0.30,0.30,0.30,0.50,0.10,0.20,0.30,0.65,0.10,0.35,0.30,0.50,0.60,0.20,0.30,0.30,,,,0.40,,
20260620,16,CO_24h,0.39,0.55,0.40,0.47,0.25,0.43,0.37,0.30,0.25,0.33,0.35,0.50,0.55,0.40,0.34,0.74,0.64,0.45,0.67,0.45,0.39,0.72,0.63,0.43,0.36,0.60,0.66,0.56,0.42,0.52,0.92,0.44,0.45,0.57,0.44,0.43,0.47,0.50,0.50,0.43,0.55,0.50,0.30,0.45,0.58,0.30,0.28,0.58,0.38,0.44,0.55,0.72,0.47,0.45,0.49,0.57,0.40,0.25,0.43,0.43,0.53,0.40,0.56,0.33,0.60,0.58,0.53,0.59,0.25,0.58,0.60,0.35,0.25,0.30,0.43,0.53,0.31,0.42,0.62,0.47,0.33,0.43,0.47,0.33,0.64,0.37,0.54,0.47,0.42,0.33,0.45,0.40,0.30,0.56,0.23,0.52,0.60,0.53,0.47,0.60,0.55,0.50,0.75,0.40,0.40,0.40,0.40,0.55,0.37,0.20,0.40,0.72,0.88,0.46,0.54,0.80,0.68,0.80,0.48,0.47,0.48,0.40,0.47,0.48,0.70,0.54,0.46,0.38,0.42,0.60,0.55,0.53,0.50,0.47,0.63,0.88,0.70,0.50,0.50,0.70,0.35,0.55,0.70,0.77,0.53,0.43,0.70,0.40,0.73,0.53,0.47,0.60,0.40,0.48,0.60,0.20,0.37,0.54,0.36,0.25,,,,,,,,,,,,,,,,,,,,,,,,,,,,,,0.50,0.40,0.40,0.77,0.20,0.25,0.80,0.43,0.30,0.30,0.50,0.30,0.45,0.38,,0.20,0.40,0.55,0.83,0.45,0.70,0.37,0.50,0.75,0.65,0.40,0.40,0.33,0.27,0.30,0.47,0.70,0.40,0.43,0.25,0.40,0.20,0.37,0.32,0.25,0.57,0.57,0.40,0.35,0.48,0.20,0.38,0.27,0.50,0.37,0.37,0.73,0.40,0.30,0.60,0.47,0.63,1.00,0.35,0.32,0.20,0.60,0.57,0.50,0.56,0.42,0.40,0.53,0.44,0.55,0.43,0.27,0.50,0.67,0.70,0.63,0.75,0.60,0.57,0.70,0.60,0.50,1.00,0.45,0.90,0.50,0.60,0.50,0.30,0.45,0.35,0.53,0.55,0.67,0.40,0.55,0.37,0.80,0.70,0.50,0.60,0.55,0.60,0.60,0.60,0.55,0.42,0.55,0.70,0.35,0.20,,0.20,0.55,0.57,0.53,0.50,0.50,0.35,0.60,,0.65,0.40,0.40,0.50,0.65,0.35,0.40,0.10,0.20,0.55,0.35,0.50,0.50,0.45,0.40,0.20,0.40,0.30,,0.30,0.35,0.53,0.27,0.50,0.80,0.25,0.35,0.20,0.40,0.50,,0.35,,0.30,,0.20,0.50,0.40,0.20,0.40,0.30,0.20,0.30,0.33,0.35,0.30,0.50,0.20,0.25,0.40,0.65,0.15,0.45,0.30,0.50,0.60,0.10,0.35,0.30,,,,0.40,,
20260620,17,AQI,29,32,39,30,48,76,45,30,28,33,34,43,48,41,33,36,29,38,51,26,26,38,38,49,47,29,40,39,28,30,36,30,51,18,28,33,21,28,29,36,26,22,17,17,29,33,26,26,58,53,54,42,22,22,21,16,18,21,28,18,20,19,25,21,35,31,27,24,43,30,53,39,35,46,18,20,33,32,31,23,28,32,21,47,56,60,44,55,53,24,44,68,53,54,37,44,25,25,34,24,17,24,24,20,27,18,21,22,20,43,32,40,33,38,29,30,30,31,38,22,36,24,40,37,33,35,44,70,47,41,34,38,41,43,33,29,22,26,36,14,25,23,33,30,38,38,23,40,27,25,28,26,30,24,47,46,42,41,41,63,,,,,,,,,,,,,,,,,,,,,,,,,,,,,,36,39,22,36,33,42,35,38,37,35,35,32,34,32,,23,34,28,32,27,20,36,37,26,28,36,32,22,24,24,28,27,30,29,27,29,37,33,31,39,36,33,18,23,36,36,32,33,37,38,25,20,22,22,37,21,16,24,28,21,23,31,19,21,61,60,63,46,44,43,38,39,44,26,43,38,36,40,40,23,41,31,31,19,28,15,19,18,15,13,23,32,28,20,22,36,21,35,30,19,24,47,30,27,25,29,34,30,41,26,22,,23,37,35,29,29,31,17,16,,18,20,37,21,24,17,16,13,12,15,19,29,19,21,23,42,40,42,,61,25,28,40,20,33,53,26,44,44,32,,26,,37,,26,38,37,38,34,30,43,38,43,52,32,47,40,46,48,62,35,32,59,34,39,42,48,44,,,,21,,
20260620,17,PM2.5,3,3,6,5,22,16,13,5,3,5,12,18,15,10,8,3,6,4,14,18,3,14,8,27,17,13,6,5,8,10,19,6,20,4,10,17,14,12,13,16,9,9,8,6,3,18,12,3,3,33,32,12,5,11,8,8,9,11,7,7,9,9,11,9,14,22,14,5,4,15,22,27,7,12,4,3,5,7,12,7,17,20,12,17,11,3,9,10,19,10,15,9,4,26,5,11,16,11,15,10,7,9,13,8,13,11,9,5,3,9,5,21,10,9,6,3,5,19,14,12,14,7,24,5,7,10,28,19,28,25,23,14,19,23,6,3,5,11,11,9,10,3,23,9,20,15,7,28,8,11,7,8,10,11,12,10,10,10,6,15,,,,,,,,,,,,,,,,,,,,,,,,,,,,,,15,22,11,7,3,13,11,3,3,5,18,8,6,7,,3,3,3,3,3,6,3,3,3,3,25,7,3,13,12,11,18,21,12,17,11,10,9,14,14,22,10,3,9,8,14,4,3,15,15,16,7,3,7,20,3,3,6,12,8,6,7,5,3,31,27,13,32,27,17,12,18,10,14,17,7,21,8,7,3,9,8,10,13,3,8,3,3,3,3,13,10,9,7,5,16,11,3,13,13,15,33,21,3,5,10,14,7,29,18,6,,3,26,21,20,3,12,3,9,,7,11,26,7,8,10,6,8,8,8,5,5,11,3,3,3,3,12,,3,3,10,3,9,22,37,12,21,21,11,,9,,12,,11,18,8,24,14,7,3,8,10,16,14,6,8,5,6,38,10,12,26,19,3,3,3,3,,,,5,,
20260620,17,PM2.5_24h,12,25,17,26,16,11,23,10,11,20,18,22,14,10,6,18,14,20,20,8,5,5,9,11,15,7,5,7,8,9,13,6,12,2,8,13,6,4,4,13,12,9,9,6,3,12,13,7,20,14,23,10,7,10,7,8,10,10,8,7,7,11,12,13,18,26,15,12,6,15,32,18,10,11,5,7,6,7,21,10,19,18,13,16,22,11,25,32,13,10,22,17,23,15,7,23,10,10,15,12,9,9,12,10,12,12,10,8,4,15,9,14,20,11,15,15,19,19,22,18,28,13,25,4,5,3,17,15,24,23,18,22,15,15,4,4,6,11,11,12,13,22,22,15,16,19,30,23,12,12,24,14,11,14,18,22,15,14,12,51,,,,,,,,,,,,,,,,,,,,,,,,,,,,,,9,12,13,14,7,9,19,11,11,10,24,14,7,7,,6,21,15,15,15,26,22,15,15,11,27,39,7,14,17,15,19,22,11,15,19,11,12,12,14,10,9,1,11,11,16,4,9,7,6,13,8,8,8,11,8,8,5,8,7,4,7,6,11,22,19,13,19,18,14,15,10,7,10,15,5,14,4,6,6,6,9,8,12,5,8,8,5,4,3,13,13,14,20,16,13,10,3,15,12,13,26,23,12,13,18,11,14,23,21,8,,6,11,20,25,5,15,7,19,,9,12,19,5,9,13,5,8,9,9,6,12,8,7,4,3,3,9,,3,5,19,9,10,13,31,14,24,15,14,,12,,11,,11,20,12,11,9,7,2,7,15,25,16,19,9,11,8,53,22,12,27,15,10,3,8,13,,,,9,,
20260620,17,PM10,6,6,21,13,48,24,31,14,15,16,27,41,29,20,17,15,13,19,52,22,13,22,22,35,29,20,21,12,14,13,22,10,24,13,22,32,21,14,18,36,19,20,14,17,9,33,26,10,25,47,49,16,10,22,21,16,16,21,28,17,20,15,25,17,24,26,27,10,8,30,56,21,27,27,14,8,16,22,25,13,23,32,21,33,34,20,27,49,40,18,36,41,23,57,10,25,22,25,34,24,13,24,21,20,23,17,21,15,17,24,15,25,33,26,11,8,15,31,38,20,35,16,40,12,19,9,40,48,37,41,25,24,28,23,18,13,15,26,36,14,25,14,29,25,38,38,15,35,12,15,10,15,27,21,47,46,31,35,25,75,,,,,,,,,,,,,,,,,,,,,,,,,,,,,,17,34,22,32,14,18,29,12,28,23,35,32,20,19,,7,14,9,11,9,9,18,12,12,13,28,23,8,16,21,23,27,23,29,24,29,25,17,19,21,36,19,10,12,22,27,7,7,21,22,25,14,11,22,25,7,16,22,28,15,23,31,19,21,40,33,21,37,31,30,16,32,16,26,22,12,30,13,12,8,16,14,31,,10,11,9,7,6,5,23,32,28,17,19,36,21,35,30,19,24,46,29,10,21,20,34,9,34,26,22,,15,,25,25,29,16,13,14,,,6,29,20,24,,,,,15,10,29,19,18,8,9,6,19,,16,6,16,16,20,28,30,19,44,29,32,,20,,37,,26,23,19,33,22,24,8,13,28,53,17,20,9,17,48,73,33,26,67,29,38,21,25,22,,,,21,,
20260620,17,PM10_24h,19,36,35,37,40,18,41,18,26,28,26,44,31,17,6,29,18,30,42,10,11,8,14,16,20,12,12,10,10,9,14,9,14,7,20,24,11,7,7,27,26,21,17,18,6,24,24,7,31,16,30,15,12,21,18,17,17,19,23,16,18,21,23,23,29,31,30,20,11,32,61,20,44,30,11,13,16,20,34,20,20,23,21,24,28,21,37,48,24,15,39,26,31,22,8,32,19,20,27,27,16,21,19,23,25,22,23,27,10,20,14,23,48,23,24,22,28,31,33,28,46,23,40,9,12,7,24,23,28,36,26,35,22,21,14,10,10,21,36,22,30,35,30,32,33,29,33,33,17,20,41,26,25,21,37,66,50,45,47,130,,,,,,,,,,,,,,,,,,,,,,,,,,,,,,15,14,22,30,21,17,31,21,31,45,45,25,37,21,,11,67,25,27,27,28,30,26,27,34,34,36,15,18,21,21,26,32,20,27,29,15,14,11,19,19,11,8,7,17,22,5,8,11,13,23,19,20,15,19,13,17,24,19,18,20,24,28,26,27,35,24,26,18,23,19,19,22,22,22,13,21,15,10,10,14,16,18,14,12,11,13,13,9,13,32,32,31,27,25,20,17,11,28,34,27,35,23,19,30,25,31,19,27,27,25,,10,13,26,30,19,23,15,23,,13,10,29,12,27,15,9,10,14,21,9,22,14,14,9,7,11,16,,12,6,26,22,22,25,53,26,44,24,41,,27,,31,,24,27,21,25,22,24,11,16,50,75,34,44,18,25,33,52,41,36,65,32,32,30,32,51,,,,20,,
20260620,17,SO2,2,5,1,5,7,4,3,3,3,3,5,4,3,8,9,4,6,5,5,6,5,6,5,7,8,6,5,6,5,9,7,8,6,6,6,6,7,5,5,7,6,3,4,5,9,5,2,6,6,8,5,4,4,6,5,6,5,5,5,3,4,6,3,4,8,4,29,5,6,5,10,9,5,6,4,5,9,6,6,4,6,6,3,10,9,7,7,8,8,5,5,5,6,10,4,7,16,6,7,4,7,6,5,5,5,5,3,6,4,5,7,13,5,7,8,5,9,7,4,5,4,6,5,5,12,3,10,4,8,7,5,9,10,7,3,7,7,6,3,5,2,8,9,16,3,10,4,6,3,4,5,5,3,6,8,8,5,13,7,4,,,,,,,,,,,,,,,,,,,,,,,,,,,,,,6,3,4,4,3,8,6,6,3,9,8,5,11,4,,6,9,4,8,9,6,4,7,10,10,2,4,8,8,4,7,6,4,8,6,9,7,6,7,5,8,4,4,8,5,6,5,4,4,6,4,9,4,4,8,4,8,4,5,2,7,2,4,4,7,7,6,4,6,6,4,4,5,9,7,5,7,4,6,6,4,5,7,5,4,5,4,5,4,3,7,5,3,4,2,8,11,5,8,6,13,9,10,3,6,7,9,6,8,5,3,,6,13,5,7,3,7,4,2,,4,5,10,10,6,7,2,3,4,8,6,7,5,9,6,5,7,5,,4,4,4,6,5,7,8,8,8,6,8,,4,,8,,4,10,6,9,11,12,6,20,12,7,7,6,7,9,6,3,11,3,4,7,4,7,7,6,,,,3,,
20260620,17,SO2_24h,2,5,3,5,6,5,3,4,3,3,5,5,4,8,8,5,7,5,6,6,5,6,5,6,7,6,5,5,4,9,7,7,6,6,5,5,6,5,5,6,6,3,5,5,8,4,2,8,6,7,4,5,5,5,4,6,5,5,5,3,4,7,3,4,9,4,13,5,5,5,11,11,5,6,6,6,6,7,6,4,6,7,3,10,10,8,9,10,9,5,6,5,7,9,4,8,11,5,6,4,7,6,5,4,5,4,4,6,5,4,7,13,6,10,11,5,9,7,6,6,4,6,6,5,8,3,9,3,7,9,5,10,9,7,3,8,7,5,3,5,2,8,10,20,4,10,4,6,3,4,6,6,2,7,8,12,7,13,6,3,,,,,,,,,,,,,,,,,,,,,,,,,,,,,,5,2,4,5,4,8,5,6,4,9,8,6,10,4,,6,9,7,8,9,5,5,8,12,10,2,4,8,9,5,8,6,4,9,7,10,6,6,6,5,9,7,4,8,5,6,5,4,5,6,5,9,4,4,6,5,9,7,5,3,8,3,4,8,6,8,5,4,5,6,4,4,5,8,7,5,8,4,6,7,4,5,9,6,4,5,5,6,5,3,8,5,3,6,5,8,12,5,7,5,8,10,11,4,7,7,7,6,8,4,3,,6,7,5,8,3,7,4,4,,4,5,8,9,5,8,2,3,4,8,6,7,5,8,7,6,7,4,,5,4,5,6,5,7,4,9,8,6,8,,5,,9,,4,12,8,10,10,14,6,20,11,7,7,6,7,9,5,4,9,3,4,7,4,7,8,9,,,,4,,
20260620,17,NO2,8,6,2,4,11,7,4,4,5,4,5,9,2,8,8,9,9,8,13,15,8,9,17,9,6,4,8,6,14,3,7,4,8,13,18,8,14,11,13,6,12,6,7,5,6,6,5,3,8,21,9,7,3,8,5,2,5,3,5,4,4,4,5,3,7,16,7,6,6,9,8,10,7,6,6,6,7,6,7,8,11,12,4,9,10,2,7,10,9,9,8,5,5,28,7,10,7,4,7,4,5,1,5,2,8,6,3,3,4,8,7,7,10,5,8,7,15,20,11,11,10,7,11,6,10,11,8,4,10,7,7,8,8,5,12,2,6,7,3,9,4,5,10,9,9,9,7,7,4,6,9,10,7,7,17,13,5,11,4,4,,,,,,,,,,,,,,,,,,,,,,,,,,,,,,4,3,3,7,3,3,7,6,4,5,12,5,5,4,,4,2,9,5,15,11,9,8,10,6,6,7,7,7,8,6,8,11,12,6,12,6,5,8,6,11,3,5,3,6,2,4,3,6,2,6,6,3,2,10,4,10,5,2,3,10,5,3,4,8,9,9,5,8,7,4,7,3,9,6,7,5,3,1,4,4,3,5,4,6,3,4,10,5,4,11,4,4,4,7,7,9,6,11,7,13,13,8,6,12,6,17,5,10,10,2,,8,8,8,3,4,5,4,4,,5,3,14,8,4,6,4,2,8,4,5,6,7,7,11,3,3,12,,1,4,5,6,5,7,9,8,4,6,10,,7,,7,,6,3,2,4,2,1,3,1,10,7,5,4,3,5,6,3,3,7,5,9,2,12,3,3,,,,3,,
20260620,17,NO2_24h,10,13,10,11,11,10,10,7,11,11,11,21,10,12,5,25,8,26,31,12,9,9,11,11,9,3,10,6,12,4,7,4,6,8,11,9,9,11,10,6,18,11,11,8,7,7,6,7,13,12,9,10,5,11,6,2,7,3,6,5,6,6,6,4,14,13,8,14,9,16,11,14,6,14,8,8,6,8,15,9,12,12,7,14,20,6,15,16,12,15,16,8,9,17,11,16,11,5,8,4,7,3,10,2,9,7,6,5,5,12,9,9,16,16,10,13,23,18,16,18,10,10,12,10,8,13,10,6,12,11,10,15,11,9,8,4,7,8,4,8,7,9,14,14,14,11,12,13,9,10,20,14,10,9,19,7,18,17,9,19,,,,,,,,,,,,,,,,,,,,,,,,,,,,,,5,4,5,10,7,8,10,8,13,7,10,8,5,5,,4,4,11,18,24,9,26,32,17,14,9,7,5,7,11,8,11,16,13,8,23,4,8,8,6,11,8,2,4,7,2,5,5,6,3,7,8,8,3,9,7,10,9,2,4,5,8,3,9,10,12,12,6,10,8,6,7,5,8,12,8,9,5,4,6,6,5,5,7,8,4,5,8,5,6,15,6,5,13,7,10,8,9,8,10,9,15,14,11,19,12,21,7,15,9,5,,13,7,8,5,5,9,4,7,,5,5,12,7,6,6,6,3,6,4,6,7,9,7,7,5,3,8,,2,7,11,10,7,9,8,10,9,9,14,,10,,5,,8,10,2,2,4,2,7,1,8,8,10,11,13,13,9,8,12,13,4,14,3,8,10,9,,,,3,,
20260620,17,O3,92,103,124,95,97,181,144,96,89,107,109,138,155,130,106,115,93,123,93,84,82,121,120,158,149,93,127,125,88,96,115,97,161,59,91,104,64,88,93,107,84,69,54,52,93,91,60,84,166,162,163,133,69,71,42,40,58,50,47,59,63,61,60,68,113,62,84,78,138,75,120,107,113,148,56,65,104,102,100,75,90,64,52,149,165,168,142,164,162,76,141,174,162,144,118,140,79,47,70,49,53,56,77,43,86,56,50,70,63,136,102,129,95,121,93,96,96,70,83,70,116,78,121,117,104,112,140,176,150,126,108,121,131,137,105,94,69,58,82,41,70,75,82,96,108,83,75,71,85,81,90,83,96,77,104,122,135,130,132,108,,,,,,,,,,,,,,,,,,,,,,,,,,,,,,114,126,69,114,105,135,111,122,118,113,101,39,108,103,,74,108,88,102,86,63,115,119,82,91,106,103,71,76,77,88,75,85,80,85,82,119,104,100,126,116,107,58,74,115,115,102,105,117,120,76,64,70,58,119,68,39,77,46,66,47,52,53,59,169,168,170,139,142,138,122,125,140,72,136,121,114,127,127,74,131,100,58,43,89,48,60,56,47,40,54,74,82,64,70,52,60,43,39,56,57,68,85,86,79,93,84,97,77,74,50,,75,119,112,86,58,99,55,50,,56,64,74,68,64,54,50,43,38,41,61,52,59,67,74,133,128,135,,169,79,88,127,54,104,117,84,112,142,77,,84,,91,,77,123,117,123,110,96,136,121,139,122,102,150,129,146,122,108,112,103,104,108,126,133,152,140,,,,61,,
20260620,17,O3_24h,92,103,124,95,97,181,144,96,89,107,109,138,155,130,106,115,93,123,93,84,82,121,120,158,149,93,127,125,88,96,115,97,161,59,91,104,64,88,93,107,84,69,54,52,93,91,60,84,166,162,163,133,69,71,42,40,58,50,47,59,63,61,60,68,113,62,84,78,138,75,120,107,113,148,56,65,104,102,100,75,90,64,52,149,165,168,142,164,162,76,141,174,162,144,118,140,79,47,70,49,53,56,77,43,86,56,50,70,63,136,102,129,95,121,93,96,96,70,83,70,116,78,121,117,104,112,140,176,150,126,108,121,131,137,105,94,69,58,82,41,70,75,82,96,108,83,75,71,85,81,90,83,96,77,104,122,135,130,132,108,,,,,,,,,,,,,,,,,,,,,,,,,,,,,,114,126,69,114,105,135,111,122,118,113,101,39,108,103,,74,108,88,102,86,63,115,119,82,91,106,103,71,76,77,88,75,85,80,85,82,119,104,100,126,116,107,58,74,115,115,102,105,117,120,76,64,70,58,119,68,39,77,46,66,47,52,53,59,169,168,170,139,142,138,122,125,140,72,136,121,114,127,127,74,131,100,58,43,89,48,60,56,47,40,54,74,82,64,70,52,60,43,39,56,57,68,85,86,79,93,84,97,77,74,50,,75,119,112,86,58,99,55,50,,56,64,74,68,64,54,50,43,38,41,61,52,59,67,74,133,128,135,,169,79,88,127,54,104,117,84,112,142,77,,84,,91,,77,123,117,123,110,96,136,121,139,122,102,150,129,146,122,108,112,103,104,108,126,133,152,140,,,,61,,
20260620,17,O3_8h,80,84,109,86,85,163,119,89,73,83,101,147,133,115,89,91,100,78,102,70,79,91,103,132,127,94,100,105,98,92,100,87,128,53,83,88,53,81,77,88,78,67,55,46,73,81,60,80,151,141,133,128,63,68,47,47,61,53,51,62,62,65,62,72,101,68,92,62,131,90,99,91,95,135,51,52,89,92,86,84,83,77,63,144,154,152,146,157,143,80,144,150,146,137,100,139,73,48,82,63,51,51,67,54,79,61,51,64,59,123,92,136,104,106,103,79,91,84,87,72,125,85,135,102,103,82,105,155,131,131,99,105,110,116,112,87,73,39,81,50,68,64,84,69,114,94,61,63,85,60,86,84,77,68,107,109,118,104,122,82,,,,,,,,,,,,,,,,,,,,,,,,,,,,,,107,108,65,136,100,124,111,107,105,103,102,86,90,94,,67,104,92,90,86,88,98,93,68,93,125,99,75,70,73,81,80,72,68,70,100,96,80,78,112,104,96,72,74,85,97,92,91,105,98,75,59,66,53,80,72,53,65,52,60,56,59,48,61,142,143,142,115,124,122,112,121,135,81,132,125,110,118,122,87,120,85,61,47,82,48,58,48,48,36,54,70,83,60,68,43,58,42,51,63,62,70,66,69,74,95,70,69,57,85,60,,73,92,98,90,55,88,48,59,,53,54,70,67,51,44,49,44,41,40,62,46,51,73,83,131,141,124,,154,68,68,113,47,87,95,84,100,125,96,,89,,89,,79,103,118,117,108,96,127,118,118,100,90,131,105,126,107,82,90,79,91,102,108,124,135,134,,,,61,,
20260620,17,O3_8h_24h,77,84,109,86,85,163,119,89,73,83,100,147,133,115,89,91,98,78,102,70,79,91,103,132,127,94,100,105,98,92,100,87,128,53,83,88,53,81,77,88,78,67,55,46,72,81,60,80,151,141,133,128,63,68,47,46,61,53,51,62,62,65,62,72,102,56,91,62,131,90,92,91,95,135,51,52,89,92,86,80,83,75,62,144,154,152,146,157,143,80,144,150,146,137,97,139,73,48,82,59,51,51,67,49,79,61,51,64,59,123,92,136,104,106,85,78,91,83,87,72,123,84,135,102,103,82,105,155,131,131,99,105,110,116,112,90,73,39,81,49,68,64,84,69,114,94,61,63,85,60,86,84,77,68,107,109,118,104,122,82,,,,,,,,,,,,,,,,,,,,,,,,,,,,,,107,108,65,136,100,124,111,107,105,103,102,55,90,94,,67,104,92,90,86,72,98,93,68,93,125,99,73,70,73,81,80,72,68,70,93,96,80,78,112,104,96,71,74,85,97,92,91,105,98,75,59,66,53,80,70,53,65,52,60,56,59,48,61,142,143,142,115,124,122,112,121,135,81,132,125,110,118,122,87,120,85,61,47,80,48,58,48,48,36,54,70,83,60,68,43,58,37,51,63,61,70,66,69,66,95,70,69,57,84,60,,73,92,98,90,55,88,48,59,,53,54,70,67,51,44,49,43,41,40,62,46,51,73,83,117,134,124,,154,68,68,113,47,87,95,78,100,125,88,,82,,86,,78,103,118,,108,96,127,118,118,100,90,131,105,126,107,82,90,79,91,102,108,124,135,134,,,,61,,
20260620,17,CO,0.22,0.33,0.26,0.29,0.55,0.30,0.27,0.20,,0.22,0.17,0.48,0.25,0.45,0.30,0.52,0.58,0.30,0.40,0.62,0.41,0.86,0.63,0.49,0.32,0.54,0.71,0.61,0.44,0.52,0.76,0.44,0.57,0.62,0.51,0.43,0.53,0.67,0.68,0.47,0.65,0.43,0.30,0.35,0.53,0.35,0.28,0.62,0.30,0.64,0.69,0.48,0.44,0.44,0.49,0.50,0.40,0.30,0.43,0.40,0.50,0.37,0.50,0.28,0.50,0.55,0.37,0.46,0.25,0.58,0.67,0.25,0.17,0.24,0.38,0.53,0.30,0.34,0.50,0.45,0.37,0.50,0.43,0.31,0.54,0.30,0.38,0.32,0.40,0.38,0.42,0.38,0.24,0.76,0.23,0.53,0.57,0.53,0.57,0.60,0.50,0.50,0.70,0.40,0.40,0.40,0.37,0.55,0.37,0.20,0.30,0.58,0.63,0.34,0.32,0.64,0.65,1.30,0.44,0.40,0.42,0.33,0.42,0.48,0.97,0.60,0.58,0.43,0.57,0.53,0.63,0.47,0.47,0.45,0.65,0.70,0.60,0.50,0.45,0.69,0.35,0.45,0.55,0.68,0.53,0.37,0.53,0.40,0.53,0.47,0.30,0.50,0.30,0.48,0.50,0.30,0.33,0.48,0.34,0.10,,,,,,,,,,,,,,,,,,,,,,,,,,,,,,0.47,0.50,0.40,0.47,0.15,0.25,0.80,0.30,0.13,0.30,0.47,0.20,0.45,0.35,,0.15,0.25,0.45,0.53,0.40,0.53,0.20,0.30,0.50,0.50,0.30,0.25,0.33,0.23,0.20,0.47,0.50,0.30,0.37,0.35,0.35,0.20,0.47,0.36,0.35,0.65,0.63,0.45,0.35,0.50,0.33,0.33,0.27,0.57,0.37,0.33,0.60,0.25,0.25,0.95,0.50,0.37,0.48,0.45,0.30,0.30,0.58,0.57,0.40,0.50,0.47,0.40,0.63,0.50,0.52,0.37,0.33,0.38,0.73,0.66,0.57,0.70,0.60,0.43,0.70,0.60,0.50,0.80,0.40,0.80,0.55,0.57,0.45,0.35,0.40,0.25,0.53,0.57,0.50,0.30,0.45,0.40,0.80,0.70,0.50,0.73,0.55,0.50,0.55,0.50,0.45,0.42,0.50,0.75,0.35,0.20,,0.20,0.90,0.35,0.53,0.40,0.40,0.35,0.50,,0.60,0.40,0.50,0.50,0.60,0.40,0.40,0.10,0.25,0.55,0.35,0.40,0.45,0.45,0.50,0.20,0.40,0.30,,0.20,0.25,0.43,0.20,0.40,0.80,0.25,0.30,0.20,0.30,0.50,,0.35,,0.35,,0.20,0.50,0.40,0.20,0.40,0.30,0.20,0.30,0.30,0.25,0.25,0.45,0.10,0.20,0.35,0.65,0.10,0.35,0.30,0.45,0.70,0.20,0.30,0.25,,,,0.40,,
20260620,17,CO_24h,0.38,0.54,0.38,0.47,0.25,0.43,0.37,0.23,0.25,0.33,0.35,0.50,0.55,0.40,0.32,0.74,0.64,0.45,0.66,0.46,0.41,0.72,0.63,0.43,0.36,0.58,0.66,0.57,0.42,0.52,0.90,0.44,0.45,0.57,0.44,0.43,0.47,0.53,0.50,0.43,0.55,0.50,0.30,0.45,0.59,0.30,0.28,0.58,0.37,0.44,0.55,0.70,0.47,0.45,0.49,0.57,0.40,0.25,0.43,0.43,0.53,0.40,0.54,0.30,0.60,0.58,0.57,0.59,0.25,0.59,0.60,0.35,0.23,0.30,0.42,0.55,0.31,0.42,0.62,0.47,0.33,0.43,0.47,0.31,0.64,0.37,0.52,0.47,0.42,0.33,0.45,0.40,0.30,0.58,0.23,0.52,0.60,0.53,0.47,0.60,0.55,0.50,0.75,0.40,0.40,0.40,0.43,0.55,0.37,0.20,0.39,0.70,0.85,0.46,0.52,0.80,0.68,0.82,0.50,0.47,0.48,0.40,0.45,0.48,0.73,0.56,0.48,0.38,0.42,0.60,0.57,0.53,0.50,0.50,0.63,0.85,0.70,0.50,0.50,0.70,0.35,0.55,0.70,0.77,0.57,0.43,0.70,0.40,0.73,0.53,0.40,0.60,0.40,0.48,0.60,0.20,0.37,0.54,0.36,0.25,,,,,,,,,,,,,,,,,,,,,,,,,,,,,,0.47,0.40,0.40,0.73,0.20,0.25,0.82,0.43,0.30,0.30,0.50,0.30,0.45,0.38,,0.20,0.40,0.55,0.83,0.45,0.70,0.37,0.50,0.75,0.65,0.40,0.40,0.33,0.27,0.30,0.43,0.70,0.40,0.43,0.25,0.40,0.20,0.37,0.32,0.25,0.60,0.63,0.40,0.35,0.48,0.20,0.38,0.27,0.53,0.37,0.37,0.70,0.40,0.30,0.60,0.47,0.60,0.98,0.35,0.32,0.20,0.60,0.57,0.50,0.56,0.42,0.40,0.53,0.44,0.55,0.43,0.27,0.50,0.70,0.70,0.63,0.75,0.60,0.57,0.70,0.60,0.50,0.98,0.45,0.90,0.55,0.60,0.50,0.30,0.45,0.35,0.53,0.55,0.63,0.40,0.50,0.37,0.80,0.70,0.50,0.60,0.55,0.60,0.60,0.60,0.55,0.42,0.55,0.70,0.35,0.20,,0.20,0.60,0.53,0.53,0.50,0.50,0.35,0.60,,0.65,0.40,0.40,0.50,0.65,0.35,0.40,0.10,0.20,0.55,0.35,0.50,0.50,0.45,0.40,0.20,0.40,0.30,,0.30,0.35,0.53,0.27,0.50,0.80,0.25,0.35,0.20,0.40,0.50,,0.35,,0.30,,0.20,0.50,0.40,0.20,0.40,0.30,0.20,0.30,0.33,0.35,0.35,0.50,0.20,0.25,0.40,0.65,0.15,0.45,0.30,0.50,0.60,0.10,0.35,0.30,,,,0.40,,
20260620,18,AQI,29,33,40,29,53,74,46,30,27,34,35,42,48,41,33,32,29,34,39,26,24,36,33,49,46,28,39,38,26,30,33,31,53,18,25,32,21,25,28,36,26,19,18,22,29,32,27,24,59,55,56,40,20,24,21,16,18,25,28,17,20,18,28,20,34,34,25,24,43,26,57,40,36,46,16,20,32,31,30,22,26,36,21,45,45,60,43,60,49,24,43,65,64,54,38,43,28,20,31,24,17,24,25,19,26,25,26,23,19,41,32,38,35,38,29,25,28,26,25,21,39,23,35,36,30,33,38,66,49,43,32,35,38,39,32,29,22,27,42,16,27,22,27,28,43,34,23,40,26,22,22,23,32,24,43,38,42,40,42,57,,,,,,,,,,,,,,,,,,,,,,,,,,,,,,36,43,20,34,33,40,31,38,36,36,31,30,34,33,,23,35,22,29,31,19,35,35,22,31,34,32,21,21,27,24,29,28,29,27,29,36,32,32,40,34,33,17,25,37,37,31,33,30,36,28,20,22,15,39,22,15,19,25,20,26,32,19,20,56,46,58,44,45,41,38,40,44,22,41,39,36,40,39,28,40,30,25,20,29,15,18,15,16,11,23,32,32,19,23,33,18,12,34,35,32,36,29,26,25,26,29,29,37,24,24,,22,39,35,31,18,29,17,17,,18,20,34,19,25,17,16,13,13,20,18,22,17,20,21,43,40,40,,58,25,27,40,17,30,46,25,50,44,32,,28,,35,,27,37,34,53,33,29,39,41,40,45,32,46,39,45,40,61,37,34,59,34,38,42,47,44,,,,26,,
20260620,18,PM2.5,3,3,15,6,29,25,12,6,3,5,9,11,19,9,6,3,7,7,14,18,3,15,10,27,18,10,6,7,10,9,17,8,26,6,8,18,12,12,16,15,5,8,10,6,3,20,13,5,4,35,37,10,6,12,8,8,9,13,7,7,9,9,13,9,16,24,13,7,3,10,25,28,6,12,5,4,6,7,16,10,18,25,14,12,4,3,6,14,19,11,13,10,5,25,5,11,18,11,15,10,8,10,10,8,12,11,10,6,4,10,6,17,11,6,10,3,8,18,5,11,18,6,20,8,10,7,20,25,34,23,19,13,18,21,6,3,4,15,11,11,10,3,19,11,25,14,7,28,11,10,10,9,10,11,15,13,13,10,7,8,,,,,,,,,,,,,,,,,,,,,,,,,,,,,,13,22,12,9,3,15,12,3,3,3,16,13,5,7,,7,5,3,3,3,11,3,3,3,3,24,6,3,14,17,9,20,17,10,12,14,18,10,12,14,14,10,3,11,7,15,7,3,15,16,16,8,5,8,24,3,4,12,12,10,3,3,5,6,38,21,13,30,21,14,14,15,14,13,19,4,20,3,6,3,12,7,11,14,3,9,3,4,3,3,16,10,16,13,12,17,11,3,11,16,17,25,18,3,7,13,13,6,26,16,7,,3,27,24,22,3,15,3,12,,5,11,24,9,10,11,3,7,9,14,3,5,6,5,3,3,3,3,,3,3,10,3,8,14,32,9,24,17,5,,6,,11,,7,18,14,28,15,10,11,8,11,12,10,7,7,5,10,35,12,18,32,17,3,3,3,5,,,,12,,
20260620,18,PM2.5_24h,11,23,17,25,16,11,23,10,11,19,18,22,14,10,6,17,14,20,20,9,4,5,10,13,15,7,5,7,8,9,13,6,13,2,9,13,7,5,4,13,12,9,9,6,4,12,13,7,19,15,24,10,6,10,7,8,10,10,8,7,7,11,12,12,17,26,15,12,6,15,32,19,10,12,5,7,6,7,21,10,19,18,13,16,22,11,24,32,14,10,22,17,23,16,8,23,11,10,15,12,9,9,11,10,12,12,11,8,4,15,8,15,20,11,13,15,19,20,21,18,28,12,24,4,6,3,17,15,24,24,19,22,15,16,4,4,6,11,11,12,13,21,22,15,17,19,29,23,12,13,24,14,11,14,18,22,16,13,13,51,,,,,,,,,,,,,,,,,,,,,,,,,,,,,,9,13,13,14,7,9,19,10,10,9,23,14,7,7,,6,17,14,15,15,25,21,14,14,11,27,38,7,14,17,15,19,22,10,15,19,12,13,13,14,10,10,1,11,11,16,5,9,7,7,13,8,8,8,12,7,7,6,8,7,4,7,6,11,23,19,13,20,19,14,15,11,7,10,15,5,14,4,6,6,7,9,8,12,5,8,8,5,4,3,14,13,15,20,16,13,10,4,15,12,13,25,24,12,13,18,12,14,24,21,8,,6,12,21,25,5,15,6,18,,8,12,20,5,9,13,5,7,9,9,5,12,8,7,4,4,3,9,,3,5,19,9,10,13,32,14,24,15,14,,12,,10,,11,20,13,12,9,7,3,7,15,25,16,18,9,11,8,49,21,13,27,15,10,3,8,13,,,,9,,
20260620,18,PM10,6,6,22,15,56,34,34,12,17,16,23,42,36,18,18,16,12,15,39,23,14,23,23,38,35,21,21,16,16,13,26,10,28,14,21,32,19,15,22,36,15,19,18,22,10,32,27,7,29,50,61,16,11,24,21,16,16,25,28,17,20,15,28,19,26,29,25,14,8,24,64,23,29,31,12,11,14,22,30,17,25,,21,32,29,16,28,45,40,22,36,36,23,57,8,27,28,20,31,24,17,24,25,19,26,25,26,23,15,24,15,27,35,19,13,7,17,26,6,20,39,19,35,14,27,9,35,29,47,43,26,31,19,23,15,7,9,27,42,16,27,13,25,28,43,34,15,37,16,19,19,16,32,18,43,34,40,31,24,63,,,,,,,,,,,,,,,,,,,,,,,,,,,,,,18,43,20,28,20,19,26,14,16,18,31,30,26,19,,,15,8,7,9,10,15,12,18,15,31,21,10,19,24,21,29,24,29,27,29,,20,16,32,33,16,9,9,22,27,8,9,20,19,28,20,22,15,39,7,15,19,25,19,26,32,19,20,38,41,25,37,29,31,20,32,18,22,19,14,31,12,16,11,17,12,25,,10,12,10,10,6,9,21,32,32,16,19,33,18,12,34,35,32,34,29,9,21,21,29,9,36,24,24,,10,25,26,,18,16,10,16,,,9,28,14,25,9,6,,,18,8,22,17,14,10,8,8,13,,13,6,18,15,17,23,38,23,50,28,32,,18,,35,,27,27,23,56,23,25,,18,30,45,13,22,14,21,40,71,27,30,68,29,30,20,23,13,,,,25,,
20260620,18,PM10_24h,18,34,35,36,41,18,40,18,25,27,26,45,32,17,7,28,17,29,42,11,11,8,14,17,21,12,13,11,11,9,14,10,15,7,20,24,11,8,8,28,26,21,18,18,7,25,24,7,30,18,32,15,11,21,18,17,16,19,24,16,18,21,23,23,29,31,30,20,11,32,60,20,43,30,10,13,16,21,34,19,20,23,20,25,29,21,36,48,26,15,40,27,31,24,8,32,20,19,27,27,17,21,20,22,25,23,24,27,10,20,14,24,48,23,22,22,28,31,31,28,46,23,39,9,13,7,25,23,29,37,26,36,22,22,14,10,10,21,36,23,30,34,31,32,34,29,31,34,17,21,41,26,25,21,38,66,51,44,47,130,,,,,,,,,,,,,,,,,,,,,,,,,,,,,,15,15,22,31,20,17,31,21,31,42,44,25,36,20,,10,63,23,26,26,27,30,26,27,33,34,35,15,18,21,20,26,31,21,27,29,15,15,12,20,20,11,8,7,18,23,5,8,12,13,23,19,20,15,21,13,17,25,19,18,20,24,26,26,28,36,24,27,19,24,19,20,22,22,22,13,22,15,10,10,15,16,19,14,12,11,13,13,8,13,31,32,31,27,25,20,17,11,29,35,28,36,24,19,29,25,32,19,28,28,21,,9,14,27,30,19,23,14,23,,12,10,29,12,27,15,9,10,13,20,9,22,15,14,10,8,11,16,,12,6,26,21,22,25,52,26,45,24,41,,27,,31,,24,27,21,27,22,24,10,17,50,74,33,43,17,26,34,52,40,36,65,32,33,30,32,51,,,,20,,
20260620,18,SO2,2,5,2,5,7,4,3,3,3,3,5,5,3,9,9,4,6,5,5,6,5,6,4,7,8,6,5,6,5,8,7,8,6,6,6,5,7,5,5,6,6,3,4,5,9,5,2,7,6,9,5,4,5,6,5,6,5,5,5,3,4,7,3,4,8,5,17,5,6,5,9,8,5,6,4,6,7,6,6,4,6,6,3,9,9,7,7,9,8,5,5,5,6,11,4,6,15,5,7,4,7,6,5,5,4,5,3,6,4,4,7,13,5,7,9,5,9,7,4,5,4,6,5,6,12,3,9,3,8,6,5,9,9,7,3,7,8,6,4,5,2,8,9,20,3,10,4,6,3,3,7,5,3,7,7,7,4,10,6,4,,,,,,,,,,,,,,,,,,,,,,,,,,,,,,6,3,4,4,3,8,7,5,3,8,8,5,11,4,,6,9,4,8,10,6,4,7,12,10,2,5,7,8,5,6,6,4,8,6,9,7,6,7,5,10,5,4,8,5,6,5,4,5,6,4,10,4,4,8,4,7,3,5,2,7,3,4,6,8,6,6,4,6,6,3,4,5,9,7,6,6,4,6,6,4,5,7,6,4,5,4,5,4,3,7,5,3,5,3,7,11,5,7,6,14,9,9,3,6,7,8,6,8,5,3,,6,12,4,6,3,7,4,2,,4,5,9,10,6,7,1,3,4,8,6,7,5,9,7,6,7,4,,4,4,4,5,5,6,6,9,8,6,8,,4,,8,,3,9,5,9,11,12,6,20,9,8,7,6,7,9,3,3,7,3,4,6,4,7,7,7,,,,3,,
20260620,18,SO2_24h,2,5,3,5,6,5,3,4,3,3,5,5,4,8,8,5,7,5,6,6,5,6,5,6,7,6,5,5,4,9,7,7,6,6,5,5,6,5,5,6,6,3,5,5,8,5,2,8,6,7,4,5,5,5,4,6,5,5,6,3,4,7,3,4,9,4,13,5,5,5,12,11,5,6,6,6,6,7,6,4,6,6,3,10,10,8,9,10,9,5,6,5,7,9,4,8,11,5,6,4,7,6,5,5,5,4,4,6,5,4,7,13,6,10,11,5,9,7,6,6,4,6,6,5,8,3,9,3,7,9,5,10,9,7,3,8,7,5,3,5,2,8,10,20,4,10,4,6,3,4,6,6,2,7,8,12,7,13,6,3,,,,,,,,,,,,,,,,,,,,,,,,,,,,,,5,2,4,5,4,8,6,6,4,9,8,6,10,4,,6,9,7,8,9,6,5,8,12,10,2,4,8,9,5,7,6,4,9,7,10,6,6,6,5,9,7,4,8,5,6,5,4,5,6,5,9,4,4,6,5,9,7,5,3,8,3,4,8,6,8,5,4,5,6,4,4,5,8,7,5,8,4,6,7,5,5,9,6,4,5,5,6,5,3,8,5,3,6,5,8,12,5,7,5,8,9,10,4,7,7,7,6,8,4,3,,6,7,5,8,3,7,4,4,,4,5,8,9,5,8,2,3,4,8,6,7,5,8,7,6,7,4,,5,4,5,6,5,7,4,9,8,6,8,,5,,9,,4,12,8,10,11,14,6,20,11,7,7,6,7,9,5,4,9,3,4,7,4,7,8,9,,,,4,,
20260620,18,NO2,9,8,3,5,17,9,5,5,6,5,6,10,3,9,8,12,11,12,13,18,9,11,10,10,7,4,10,9,15,3,8,6,11,14,20,10,18,14,14,6,6,5,7,6,7,7,6,6,10,22,9,11,4,10,7,2,7,3,5,4,5,4,5,5,8,16,7,6,7,7,11,9,8,5,7,7,6,6,7,8,11,13,6,9,12,3,7,11,10,10,7,6,6,36,9,11,8,3,8,4,5,2,8,2,11,7,4,3,4,8,6,8,11,7,9,8,14,21,8,12,12,9,9,10,13,12,9,4,11,9,7,9,9,6,8,4,6,9,3,12,6,6,10,10,9,8,7,8,4,9,11,12,7,7,21,12,5,10,4,4,,,,,,,,,,,,,,,,,,,,,,,,,,,,,,4,4,3,8,3,3,9,6,4,4,12,7,6,4,,4,2,9,5,13,11,8,8,13,4,8,7,8,8,10,8,8,7,12,6,14,19,7,7,7,15,5,4,4,6,3,4,3,6,3,7,9,5,3,12,3,10,6,3,4,10,6,3,6,10,14,8,5,10,10,4,7,4,9,7,8,6,2,2,4,5,3,6,7,,4,4,10,9,6,15,4,6,5,9,8,11,8,10,12,16,11,9,6,11,7,19,7,10,13,4,,7,10,9,3,5,5,4,9,,4,4,14,7,5,5,4,3,9,4,6,6,7,7,17,3,4,15,,1,4,5,6,4,7,10,10,5,6,9,,6,,7,,7,4,4,3,3,1,5,1,12,7,6,6,4,5,5,4,2,6,3,8,4,12,3,3,,,,5,,
20260620,18,NO2_24h,10,13,10,11,11,11,9,6,10,10,11,21,10,12,5,25,8,27,31,12,10,9,11,11,9,3,10,6,12,4,7,4,7,9,11,9,10,11,10,6,17,10,11,8,7,7,7,7,13,13,10,10,5,11,6,2,7,3,6,5,6,6,6,4,14,14,8,14,9,16,11,14,6,14,8,8,6,8,15,9,12,12,7,14,20,6,14,16,12,15,16,8,10,19,11,16,11,5,8,4,7,3,10,2,9,7,6,5,5,11,8,9,16,15,10,13,23,18,16,18,10,10,13,10,9,12,10,6,12,11,10,15,11,9,8,4,7,8,4,8,7,9,14,14,14,11,12,13,9,10,20,14,10,9,19,7,17,17,9,19,,,,,,,,,,,,,,,,,,,,,,,,,,,,,,5,4,5,10,7,8,10,9,13,7,10,8,5,5,,4,4,11,18,24,9,26,32,17,14,9,7,5,7,11,8,10,16,14,8,24,5,9,8,6,12,8,2,3,7,2,4,5,6,3,8,8,8,3,9,7,10,9,2,4,5,8,3,9,10,12,12,6,10,8,6,7,5,8,12,8,9,5,4,6,6,5,5,7,7,4,5,8,5,6,14,6,5,12,7,10,9,8,8,11,10,15,14,11,19,12,22,7,16,10,5,,13,7,8,5,5,8,4,7,,5,5,12,7,6,6,5,3,7,4,6,7,9,7,7,5,3,8,,2,7,11,10,7,10,8,10,9,9,14,,10,,6,,8,10,2,2,4,2,8,1,8,8,10,11,13,13,9,8,12,13,4,14,3,8,10,9,,,,3,,
20260620,18,O3,93,106,128,94,91,179,147,97,87,109,111,132,153,132,106,103,93,109,87,80,78,116,106,156,148,89,125,122,84,96,104,99,162,57,79,98,67,79,88,99,83,53,46,48,94,85,59,78,167,164,162,128,63,65,37,39,56,50,46,55,53,59,59,65,108,64,76,77,138,84,115,107,115,147,52,63,102,99,93,70,73,76,48,143,143,168,138,168,158,77,138,172,171,132,123,137,78,44,60,44,48,51,67,44,78,51,44,66,61,132,102,120,97,120,94,81,90,62,81,66,114,72,112,116,95,104,120,173,155,111,103,113,123,125,102,92,69,50,82,36,63,70,80,89,102,81,72,63,84,69,71,72,93,77,65,121,133,127,133,110,,,,,,,,,,,,,,,,,,,,,,,,,,,,,,116,127,64,108,106,129,98,120,116,114,96,38,109,107,,73,111,71,94,98,62,113,113,71,98,96,101,67,67,85,77,75,91,75,70,72,115,103,101,127,108,104,55,80,117,117,100,105,96,116,71,60,66,49,110,69,40,56,45,63,40,50,53,56,165,148,166,141,143,130,122,127,142,62,130,125,115,128,126,88,129,97,58,38,92,49,58,48,52,36,62,72,80,60,72,51,53,37,38,52,51,64,81,84,80,84,68,93,59,67,41,,69,107,113,71,56,92,54,41,,57,65,70,62,61,53,50,41,36,39,56,50,55,65,66,139,129,129,,166,80,86,127,53,97,116,80,111,140,85,,88,,91,,73,119,108,118,107,94,125,132,128,127,102,147,126,144,122,100,117,109,108,108,122,133,149,142,,,,82,,
20260620,18,O3_24h,93,106,128,94,91,179,147,97,87,109,111,132,153,132,106,103,93,109,87,80,78,116,106,156,148,89,125,122,84,96,104,99,162,57,79,98,67,79,88,99,83,53,46,48,94,85,59,78,167,164,162,128,63,65,37,39,56,50,46,55,53,59,59,65,108,64,76,77,138,84,115,107,115,147,52,63,102,99,93,70,73,76,48,143,143,168,138,168,158,77,138,172,171,132,123,137,78,44,60,44,48,51,67,44,78,51,44,66,61,132,102,120,97,120,94,81,90,62,81,66,114,72,112,116,95,104,120,173,155,111,103,113,123,125,102,92,69,50,82,36,63,70,80,89,102,81,72,63,84,69,71,72,93,77,65,121,133,127,133,110,,,,,,,,,,,,,,,,,,,,,,,,,,,,,,116,127,64,108,106,129,98,120,116,114,96,38,109,107,,73,111,71,94,98,62,113,113,71,98,96,101,67,67,85,77,75,91,75,70,72,115,103,101,127,108,104,55,80,117,117,100,105,96,116,71,60,66,49,110,69,40,56,45,63,40,50,53,56,165,148,166,141,143,130,122,127,142,62,130,125,115,128,126,88,129,97,58,38,92,49,58,48,52,36,62,72,80,60,72,51,53,37,38,52,51,64,81,84,80,84,68,93,59,67,41,,69,107,113,71,56,92,54,41,,57,65,70,62,61,53,50,41,36,39,56,50,55,65,66,139,129,129,,166,80,86,127,53,97,116,80,111,140,85,,88,,91,,73,119,108,118,107,94,125,132,128,127,102,147,126,144,122,100,117,109,108,108,122,133,149,142,,,,82,,
20260620,18,O3_8h,84,87,114,89,87,172,127,92,75,88,101,152,139,119,94,95,101,84,102,75,81,99,109,141,134,95,109,112,100,94,104,90,137,56,88,94,58,83,83,94,85,69,57,49,77,85,62,81,158,149,141,131,64,70,47,47,62,53,51,62,63,65,63,72,106,68,93,67,134,93,99,96,100,142,53,56,93,95,93,84,85,77,63,149,158,159,147,163,151,81,148,157,152,142,103,142,78,49,82,63,52,53,71,54,83,62,51,65,60,126,96,140,105,110,103,82,96,84,87,72,125,85,137,106,103,87,111,163,136,134,101,112,119,123,114,87,73,42,82,50,68,67,85,75,118,94,66,67,88,64,87,84,80,71,108,114,124,112,126,94,,,,,,,,,,,,,,,,,,,,,,,,,,,,,,110,114,67,136,103,127,114,112,109,108,103,86,96,97,,68,107,92,94,91,88,103,103,75,97,125,101,75,73,77,83,80,79,71,71,100,103,86,83,118,108,101,72,76,93,104,96,96,107,103,78,61,68,54,89,72,53,68,52,62,56,62,49,63,151,149,149,122,129,126,115,124,140,81,138,126,113,122,125,88,124,92,63,47,82,49,60,49,51,37,58,71,83,62,71,47,61,42,51,66,62,73,71,72,74,97,76,74,62,85,62,,73,97,103,90,57,93,51,59,,55,57,70,68,54,47,49,44,41,41,62,49,54,73,83,131,141,127,,158,73,74,119,52,96,99,84,105,132,96,,89,,89,,79,109,118,117,109,98,127,122,124,107,92,137,113,135,113,87,95,87,94,107,114,129,142,143,,,,64,,
20260620,18,O3_8h_24h,82,87,114,89,87,172,127,92,75,88,100,152,139,119,94,95,100,84,101,75,81,99,109,141,134,95,109,112,100,94,104,90,137,56,88,94,58,83,83,94,85,69,57,49,77,85,62,81,158,149,141,131,63,70,47,45,62,53,51,62,63,65,63,72,107,58,92,67,134,93,96,96,100,142,53,56,93,95,93,79,85,74,63,149,158,159,147,163,151,81,148,157,152,142,101,142,78,49,81,57,52,53,71,48,83,62,51,65,60,126,96,140,105,110,86,82,96,80,86,72,122,82,136,106,102,87,111,163,136,133,101,112,119,123,114,90,72,42,82,49,68,67,85,75,118,94,66,67,87,64,86,83,80,71,108,114,124,112,126,94,,,,,,,,,,,,,,,,,,,,,,,,,,,,,,110,114,67,136,103,127,114,112,109,108,103,48,96,97,,68,107,91,94,91,71,103,103,75,97,121,101,73,73,77,83,80,79,71,71,89,103,86,83,118,108,101,70,76,93,104,96,96,107,103,77,61,68,54,89,69,52,68,52,62,55,62,49,63,151,149,149,122,129,126,115,124,140,79,138,126,113,122,125,88,124,92,63,47,82,49,60,49,51,37,58,71,83,62,71,47,61,37,50,66,60,73,71,72,67,97,76,74,62,82,62,,73,97,103,90,57,93,51,59,,55,57,70,68,54,47,49,42,41,41,62,49,54,72,83,121,133,127,,158,73,74,119,52,96,99,79,105,132,87,,82,,88,,78,109,118,,109,98,127,122,124,107,92,137,113,135,113,87,95,87,94,107,114,129,142,143,,,,64,,
20260620,18,CO,0.21,0.33,0.26,0.27,0.60,0.33,0.30,0.17,,0.22,0.20,0.50,0.30,0.45,0.30,0.54,0.60,0.29,0.40,0.62,0.40,0.87,0.62,0.49,0.34,0.54,0.76,0.61,0.44,0.52,0.84,0.46,0.60,0.69,0.53,0.43,0.55,0.70,0.73,0.47,0.65,0.43,0.30,0.40,0.56,0.38,0.28,0.63,0.31,0.67,0.70,0.51,0.48,0.42,0.51,0.50,0.40,0.30,0.43,0.40,0.50,0.40,0.51,0.28,0.50,0.58,0.40,0.44,0.25,0.51,0.70,0.25,0.20,0.23,0.40,0.58,0.26,0.32,0.48,0.47,0.33,0.47,0.43,0.30,0.48,0.33,0.38,0.32,0.42,0.37,0.42,0.40,0.26,0.80,0.23,0.52,0.60,0.50,0.60,0.57,0.50,0.50,0.70,0.40,0.40,0.50,0.37,0.55,0.33,0.20,0.32,0.57,0.63,0.34,0.34,0.64,0.58,1.14,0.42,0.40,0.52,0.33,0.37,0.52,1.10,0.60,0.52,0.37,0.58,0.57,0.63,0.50,0.40,0.47,0.63,0.70,0.60,0.53,0.45,0.74,0.35,0.45,0.55,0.57,0.53,0.40,0.53,0.40,0.50,0.47,0.30,0.45,0.35,0.46,0.55,0.30,0.30,0.40,0.34,0.10,,,,,,,,,,,,,,,,,,,,,,,,,,,,,,0.47,0.50,0.40,0.47,0.20,0.40,0.83,0.30,0.13,0.23,0.40,0.30,0.45,0.38,,0.15,0.25,0.40,0.53,0.35,0.60,0.17,0.30,0.75,0.45,0.40,0.25,0.33,0.23,0.20,0.47,0.55,0.30,0.40,0.35,0.40,0.25,0.47,0.36,0.35,0.60,0.63,0.45,0.40,0.48,0.33,0.35,0.23,0.68,0.37,0.33,0.87,0.30,0.30,1.25,0.53,0.40,0.40,0.45,0.33,0.30,0.58,0.57,0.40,0.56,0.47,0.40,0.58,0.52,0.55,0.37,0.37,0.35,0.73,0.66,0.57,0.68,0.60,0.43,0.70,0.60,0.50,0.85,0.45,0.80,0.55,0.60,0.45,0.40,0.40,0.30,0.53,0.60,0.50,0.30,0.55,0.43,0.80,0.65,0.50,0.77,0.50,0.47,0.55,0.50,0.45,0.47,0.50,0.70,0.40,0.20,,0.25,0.90,0.35,0.53,0.40,0.40,0.35,0.60,,0.55,0.40,0.50,0.55,0.60,0.35,0.40,0.10,0.30,0.55,0.35,0.40,0.50,0.45,0.50,0.20,0.40,0.30,,0.25,0.25,0.40,0.20,0.40,0.75,0.25,0.35,0.20,0.30,0.50,,0.35,,0.35,,0.25,0.50,0.40,0.20,0.30,0.40,0.20,0.30,0.27,0.25,0.25,0.45,0.10,0.20,0.35,0.65,0.10,0.35,0.25,0.45,0.70,0.20,0.30,0.25,,,,0.45,,
20260620,18,CO_24h,0.36,0.50,0.38,0.47,0.30,0.43,0.37,0.23,0.25,0.33,0.35,0.50,0.55,0.40,0.32,0.74,0.64,0.44,0.66,0.47,0.40,0.76,0.63,0.46,0.36,0.58,0.67,0.59,0.42,0.52,0.90,0.44,0.47,0.58,0.46,0.43,0.47,0.55,0.50,0.43,0.55,0.50,0.30,0.45,0.58,0.30,0.28,0.60,0.37,0.47,0.56,0.70,0.47,0.45,0.49,0.57,0.40,0.25,0.43,0.43,0.53,0.40,0.54,0.28,0.60,0.59,0.53,0.59,0.25,0.59,0.60,0.35,0.20,0.30,0.42,0.55,0.30,0.42,0.62,0.47,0.33,0.43,0.47,0.31,0.64,0.37,0.48,0.47,0.44,0.33,0.45,0.40,0.30,0.60,0.23,0.52,0.60,0.53,0.43,0.60,0.55,0.50,0.70,0.40,0.40,0.40,0.43,0.55,0.37,0.20,0.39,0.72,0.85,0.46,0.50,0.80,0.68,0.82,0.50,0.47,0.48,0.40,0.45,0.50,0.73,0.56,0.48,0.33,0.43,0.60,0.57,0.53,0.50,0.50,0.65,0.85,0.70,0.50,0.50,0.71,0.35,0.55,0.70,0.77,0.60,0.43,0.70,0.40,0.73,0.53,0.43,0.60,0.40,0.48,0.60,0.20,0.37,0.50,0.36,0.25,,,,,,,,,,,,,,,,,,,,,,,,,,,,,,0.47,0.40,0.40,0.73,0.25,0.25,0.82,0.40,0.30,0.30,0.50,0.30,0.45,0.38,,0.15,0.40,0.55,0.80,0.45,0.70,0.37,0.50,0.75,0.65,0.40,0.40,0.33,0.27,0.30,0.43,0.70,0.40,0.43,0.30,0.40,0.20,0.37,0.32,0.25,0.60,0.63,0.40,0.35,0.48,0.20,0.38,0.27,0.53,0.37,0.37,0.70,0.40,0.30,0.60,0.47,0.60,0.95,0.35,0.32,0.20,0.60,0.57,0.50,0.54,0.43,0.40,0.55,0.44,0.55,0.43,0.27,0.50,0.73,0.70,0.63,0.75,0.60,0.57,0.70,0.60,0.50,0.97,0.45,0.80,0.55,0.60,0.50,0.30,0.45,0.35,0.53,0.55,0.63,0.40,0.50,0.37,0.80,0.70,0.50,0.63,0.55,0.60,0.60,0.60,0.55,0.42,0.55,0.70,0.35,0.20,,0.20,0.60,0.53,0.53,0.50,0.50,0.35,0.60,,0.65,0.40,0.40,0.50,0.65,0.35,0.40,0.10,0.20,0.55,0.35,0.50,0.50,0.45,0.45,0.20,0.40,0.30,,0.30,0.35,0.53,0.27,0.50,0.80,0.25,0.30,0.20,0.40,0.50,,0.35,,0.30,,0.20,0.50,0.40,0.20,0.40,0.30,0.20,0.30,0.33,0.35,0.35,0.50,0.20,0.25,0.40,0.65,0.15,0.45,0.30,0.50,0.60,0.10,0.35,0.30,,,,0.40,,
20260620,19,AQI,29,33,40,28,56,63,42,30,26,32,36,44,47,40,33,30,27,29,37,26,22,33,30,46,45,28,37,35,24,29,31,30,50,15,25,33,22,24,25,35,31,18,21,21,28,32,27,23,58,52,60,40,18,25,22,17,23,17,26,18,23,18,47,20,31,34,25,22,41,27,50,32,36,45,16,18,31,29,31,21,24,22,23,44,36,60,40,54,48,24,46,50,59,52,37,40,29,23,34,25,19,24,21,19,30,26,25,18,19,38,31,36,39,34,28,27,30,29,27,20,37,22,33,33,26,25,40,58,53,36,39,34,37,33,31,27,21,26,44,21,26,19,26,26,41,37,22,30,26,25,24,22,28,23,39,57,41,39,40,40,,,,,,,,,,,,,,,,,,,,,,,,,,,,,,36,38,23,30,32,39,28,36,36,34,42,26,33,34,,23,35,20,28,29,24,34,32,23,33,39,29,20,20,26,28,30,27,25,27,28,37,31,32,35,34,28,15,24,36,33,31,32,29,24,33,19,30,16,41,20,18,21,23,20,24,32,23,21,51,47,48,43,41,37,38,38,39,26,39,37,37,40,38,23,40,29,24,21,25,16,17,19,17,13,33,27,34,19,23,31,23,16,29,32,43,25,26,26,25,26,36,26,33,28,27,,18,46,33,34,16,28,15,16,,16,19,31,18,30,16,16,13,16,20,15,15,18,20,21,42,41,41,,53,25,25,40,19,33,43,25,51,53,30,,25,,37,,22,37,33,58,32,31,38,46,36,50,32,46,39,47,39,79,36,33,58,35,37,41,44,45,,,,29,,
20260620,19,PM2.5,3,4,18,7,34,27,13,10,6,6,15,18,22,13,6,4,7,10,12,18,3,15,12,28,22,9,8,11,11,9,18,9,33,7,12,20,14,13,14,16,8,3,13,8,3,19,13,8,6,35,33,12,9,13,9,10,10,12,8,8,10,10,16,14,19,24,15,8,5,9,21,21,7,9,7,7,7,8,15,10,14,12,15,12,3,3,3,16,20,11,17,14,6,28,6,7,17,11,14,10,12,11,13,9,14,12,12,7,3,10,5,13,9,12,12,3,5,20,4,9,15,7,17,11,11,8,25,16,37,22,27,17,17,21,6,4,5,18,11,15,11,3,14,10,25,17,7,21,13,12,9,8,11,11,10,30,17,10,10,9,,,,,,,,,,,,,,,,,,,,,,,,,,,,,,14,16,14,6,5,11,10,4,3,11,9,13,11,9,,3,6,3,3,3,11,5,3,3,3,27,8,4,13,14,10,19,16,9,12,16,15,11,12,13,4,12,3,14,8,15,13,3,13,17,16,10,10,11,29,7,7,12,8,9,6,8,5,4,36,28,16,30,22,23,15,18,10,15,17,6,26,8,12,3,12,9,9,15,3,11,6,5,6,3,23,10,17,12,15,22,14,3,13,14,21,16,18,3,10,18,14,8,22,14,9,,5,32,22,24,3,15,8,9,,3,11,17,3,12,11,3,7,11,14,3,6,6,3,3,3,3,3,,3,8,15,3,9,13,30,12,36,14,8,,10,,11,,14,22,22,25,10,14,11,6,12,12,10,10,11,12,16,46,14,18,36,15,14,3,5,6,,,,15,,
20260620,19,PM2.5_24h,10,21,17,25,17,12,22,10,11,19,18,22,15,10,6,17,14,20,20,9,5,6,10,14,15,7,5,8,8,9,14,7,14,2,9,14,7,5,5,13,12,9,10,6,4,13,13,7,18,16,25,10,6,10,7,8,10,10,8,7,8,11,12,12,18,26,16,12,6,16,32,20,8,12,5,7,6,7,21,10,19,18,13,17,22,11,23,32,15,10,23,18,23,17,7,23,11,10,15,12,10,9,12,10,12,12,11,8,4,14,8,15,20,11,13,14,19,20,21,18,28,12,24,5,6,3,17,15,25,24,19,22,15,16,5,4,6,11,11,13,13,20,22,15,18,20,28,24,12,13,24,14,11,14,18,22,16,12,13,50,,,,,,,,,,,,,,,,,,,,,,,,,,,,,,9,13,13,13,6,9,19,10,10,9,22,14,7,6,,5,14,14,14,15,25,21,14,14,10,27,35,6,14,16,14,18,22,11,15,19,12,13,13,14,10,10,1,11,11,16,5,8,7,8,13,9,8,8,13,7,7,6,9,7,5,7,5,11,23,20,13,21,19,14,15,11,8,10,16,5,15,4,6,6,7,9,8,12,5,8,8,6,4,3,14,13,15,19,16,13,10,4,15,13,14,24,24,12,13,18,12,14,24,21,8,,6,13,21,25,5,15,6,10,,8,12,20,5,10,14,5,7,9,9,5,12,8,7,4,4,3,9,,3,5,19,8,10,14,32,13,24,15,13,,12,,10,,11,20,13,13,9,8,4,7,15,25,15,18,9,12,9,47,21,14,27,15,10,3,8,13,,,,10,,
20260620,19,PM10,6,7,31,20,61,37,37,16,26,19,25,44,40,20,17,16,12,19,37,24,15,22,22,38,33,21,23,20,17,13,25,14,31,15,24,33,22,17,21,35,18,18,21,21,11,32,27,9,35,53,70,19,12,25,22,17,23,16,26,18,23,17,47,19,28,32,25,12,9,20,50,24,32,31,13,15,17,23,31,16,24,,23,32,23,29,27,48,40,17,39,42,25,53,11,30,29,23,34,25,19,24,21,19,30,26,25,15,19,29,16,27,39,19,15,6,13,26,6,18,33,22,30,14,26,18,40,30,48,36,30,34,13,29,18,9,10,23,44,19,26,14,19,26,41,37,17,30,21,25,17,13,25,20,39,63,41,29,30,40,,,,,,,,,,,,,,,,,,,,,,,,,,,,,,20,32,23,28,21,25,25,20,13,24,27,26,31,22,,11,16,7,11,10,24,14,12,23,16,25,12,11,20,26,28,30,22,25,27,28,,20,20,29,26,13,13,10,21,26,,10,18,20,33,19,30,12,39,9,18,21,23,20,24,32,23,21,43,47,26,36,30,37,29,34,21,26,26,15,32,21,20,14,19,18,24,20,12,14,14,19,6,6,33,27,34,19,23,31,23,16,29,32,43,25,25,9,18,23,36,11,33,28,27,,12,29,31,,11,16,12,,,,,31,11,30,,7,8,14,20,8,14,15,16,12,9,6,17,,20,,22,17,19,24,31,19,49,55,30,,22,,37,,22,28,,66,22,31,18,18,33,50,16,21,17,21,39,108,24,28,65,21,,23,23,23,,,,29,,
20260620,19,PM10_24h,17,32,34,35,42,19,40,17,25,27,26,45,32,17,8,28,17,29,42,11,12,9,15,19,21,13,14,12,11,9,15,10,16,8,21,25,12,8,8,28,25,21,18,18,7,25,24,7,31,20,35,15,11,21,18,17,17,19,24,16,18,21,24,22,29,31,30,19,11,32,61,20,38,31,10,13,16,21,34,18,20,22,20,26,29,21,36,48,27,15,41,28,31,26,8,32,20,19,27,27,17,20,20,22,25,23,24,27,11,21,14,25,48,22,21,21,27,31,31,27,46,23,38,10,13,7,25,24,31,37,27,36,23,22,14,10,10,21,35,23,29,33,31,32,36,30,30,34,17,21,41,25,25,21,39,61,52,43,47,127,,,,,,,,,,,,,,,,,,,,,,,,,,,,,,16,16,22,31,20,17,32,21,31,40,42,25,35,20,,10,55,22,25,25,26,30,26,27,33,35,33,14,18,21,20,25,31,21,27,29,15,15,12,21,21,12,8,7,18,23,5,8,12,13,24,19,21,15,22,12,17,25,20,18,21,24,25,26,29,37,24,28,20,25,19,21,22,23,23,13,23,16,11,10,15,17,19,14,12,11,13,13,8,12,31,32,31,26,25,20,17,11,29,35,29,36,24,19,29,25,32,18,28,28,20,,10,14,27,30,19,23,14,22,,12,11,29,12,27,15,9,10,13,20,9,21,14,14,9,8,11,16,,12,6,26,21,22,25,52,26,45,25,41,,26,,32,,25,27,21,29,22,25,11,16,49,75,31,42,18,26,34,56,40,36,64,32,32,28,33,51,,,,21,,
20260620,19,SO2,3,5,1,5,6,4,3,3,4,3,6,4,3,9,9,4,7,5,5,6,6,6,4,7,8,5,5,6,5,9,7,8,6,6,5,6,7,5,6,6,7,2,5,5,8,5,2,6,6,9,4,4,5,6,5,6,6,5,5,3,4,7,3,4,8,5,14,5,6,5,9,7,5,5,5,6,6,7,6,4,6,6,2,9,9,7,8,9,8,5,6,4,6,9,4,7,5,5,7,4,7,6,5,4,4,5,3,7,4,4,6,13,5,7,9,5,9,7,4,5,4,5,5,6,11,3,8,4,9,6,4,9,9,7,3,8,8,5,4,5,2,8,9,17,4,10,5,6,3,2,6,7,2,7,7,6,5,9,6,3,,,,,,,,,,,,,,,,,,,,,,,,,,,,,,6,2,4,4,4,8,8,5,3,8,7,5,11,3,,6,9,5,8,9,7,4,7,12,10,1,5,7,8,5,6,6,4,9,6,9,7,6,7,5,9,5,4,8,5,6,5,4,5,8,4,17,4,6,8,4,7,3,5,2,7,3,4,5,7,5,6,4,6,6,3,3,5,8,8,5,7,4,6,6,4,5,6,5,4,5,4,5,5,3,7,5,3,5,4,8,11,5,7,7,15,9,9,3,6,7,6,6,8,5,3,,7,14,4,7,3,8,4,2,,4,5,9,9,6,7,1,4,4,8,6,6,5,9,7,6,8,5,,4,4,4,5,4,7,25,10,9,5,8,,4,,8,,4,9,8,9,12,14,6,20,7,8,7,6,6,9,5,3,7,2,4,7,4,7,7,7,,,,3,,
20260620,19,SO2_24h,3,5,3,5,6,5,3,4,3,3,5,5,4,8,8,5,7,5,6,6,5,6,5,6,7,6,5,5,5,9,7,7,6,6,6,5,6,5,5,6,6,3,5,5,8,5,2,8,6,7,4,5,5,5,4,6,5,5,6,3,4,8,3,4,9,4,13,5,5,5,12,11,5,6,6,6,6,7,6,4,6,6,3,10,10,8,9,10,9,5,6,5,7,9,4,8,11,5,6,4,7,6,5,5,5,4,4,6,5,4,7,13,6,10,11,5,9,7,6,6,4,6,6,5,8,3,9,3,7,9,5,10,9,7,3,8,7,5,3,5,2,8,10,20,4,10,4,6,3,4,6,6,2,7,8,12,7,13,6,3,,,,,,,,,,,,,,,,,,,,,,,,,,,,,,5,2,4,5,4,8,6,6,4,9,8,6,10,4,,6,9,7,8,9,6,5,8,12,10,2,4,8,9,5,7,6,4,9,7,10,6,6,6,5,10,7,4,8,5,6,5,4,5,6,5,10,4,4,6,5,9,6,5,3,8,3,4,8,6,8,5,4,5,6,4,4,5,8,7,5,8,4,6,7,5,5,9,6,4,5,5,6,5,3,8,5,3,6,5,8,12,5,7,5,8,9,10,4,7,7,7,6,8,4,3,,6,7,5,7,3,7,4,4,,4,5,8,9,5,8,2,3,4,8,6,7,5,8,7,6,7,4,,5,4,5,6,5,7,5,9,8,6,8,,4,,9,,4,12,8,10,11,14,6,20,11,7,7,6,7,9,5,4,9,2,4,7,4,7,8,9,,,,4,,
20260620,19,NO2,10,10,5,7,16,11,5,6,6,8,7,14,4,11,10,15,16,13,15,21,14,13,8,12,8,5,13,14,18,4,11,7,14,15,17,14,21,16,18,7,8,9,9,10,10,9,7,7,12,34,11,10,6,12,8,3,8,3,6,6,7,4,6,10,9,16,8,7,9,7,11,11,9,6,7,10,6,8,7,11,14,15,8,11,15,8,10,12,12,12,8,8,7,36,10,12,9,4,9,4,6,3,9,2,12,8,6,5,5,9,7,10,15,9,11,6,10,20,7,12,11,10,11,14,12,12,12,7,12,12,9,11,9,8,7,5,6,10,4,20,8,9,9,12,9,9,7,7,5,8,9,13,8,7,17,8,6,10,7,5,,,,,,,,,,,,,,,,,,,,,,,,,,,,,,4,5,4,12,5,5,11,7,5,4,9,6,7,6,,5,3,9,6,15,10,9,11,15,5,10,9,8,7,11,9,7,9,14,5,15,6,8,8,10,8,8,7,4,8,3,4,4,6,3,9,12,13,8,17,3,10,8,2,5,9,8,3,5,13,15,9,5,12,15,5,8,4,12,10,14,6,3,2,6,5,3,8,6,,6,5,12,8,6,13,6,7,7,10,11,13,9,8,10,20,11,9,6,13,7,23,9,14,12,8,,15,14,10,3,6,4,4,5,,4,4,19,7,5,5,4,4,9,4,8,6,7,8,16,3,3,7,,2,4,6,7,5,7,11,10,6,8,9,,11,,5,,10,6,5,1,5,1,7,2,15,9,6,6,4,5,7,5,3,5,4,8,4,10,4,3,,,,5,,
20260620,19,NO2_24h,10,12,10,10,12,11,9,6,10,10,10,21,10,12,5,25,9,27,31,13,10,10,11,12,9,3,11,7,13,4,7,5,7,9,11,10,10,11,10,6,17,10,11,8,7,7,7,7,13,14,10,10,5,11,6,2,7,3,6,5,6,6,6,4,14,14,8,13,9,16,11,14,6,14,8,8,6,7,15,9,12,12,7,14,19,6,14,16,12,15,16,8,10,20,11,16,11,5,8,4,7,3,9,2,10,7,6,5,5,11,8,9,16,16,10,13,23,19,15,18,10,10,13,10,9,12,10,6,12,11,10,15,11,9,8,4,7,8,4,9,7,9,15,14,14,11,12,13,9,10,20,14,10,9,20,7,17,16,9,19,,,,,,,,,,,,,,,,,,,,,,,,,,,,,,5,4,5,10,6,8,10,9,12,7,10,8,5,5,,4,4,11,18,23,9,25,32,17,14,9,7,6,7,11,8,10,16,14,8,23,5,9,8,6,12,8,3,3,6,2,4,5,6,3,8,9,8,3,10,7,10,9,2,4,5,8,3,9,9,12,12,6,10,9,6,7,5,9,12,8,9,5,3,6,6,5,5,7,7,4,5,8,6,6,14,6,5,12,7,10,9,8,8,11,11,15,14,11,19,12,22,7,16,10,5,,13,8,8,5,5,9,4,5,,5,5,13,6,6,6,5,3,7,4,6,7,9,7,8,5,3,8,,2,6,11,10,7,10,8,10,9,9,13,,10,,6,,8,10,2,2,4,2,8,1,8,8,10,11,12,13,9,7,12,12,4,13,3,8,10,9,,,,4,,
20260620,19,O3,93,105,129,91,92,170,135,96,84,102,114,120,151,129,105,95,85,94,81,74,70,106,97,148,145,88,118,111,77,94,98,96,160,49,81,79,63,77,80,89,98,43,41,40,89,74,54,74,166,136,147,129,58,53,34,36,48,41,41,46,47,56,61,55,98,64,68,69,132,86,110,101,115,144,51,56,99,94,85,66,69,71,40,140,114,168,127,163,153,78,146,160,167,125,118,129,58,41,56,41,42,51,58,44,71,42,38,59,58,123,100,114,89,108,90,87,96,60,85,65,119,68,106,105,83,81,103,166,153,106,97,104,119,107,99,85,67,42,81,22,62,61,83,80,93,81,69,56,83,63,77,71,88,74,71,119,129,125,128,112,,,,,,,,,,,,,,,,,,,,,,,,,,,,,,115,122,57,96,103,125,90,116,114,110,135,40,106,108,,73,112,64,91,92,71,108,103,57,105,81,92,63,62,83,70,77,85,69,66,61,117,99,101,112,109,91,48,77,115,107,98,101,94,73,62,49,42,36,89,65,40,40,43,59,38,45,60,54,149,123,155,136,130,116,120,121,124,50,126,119,113,128,122,74,127,93,47,37,79,45,54,39,53,42,44,67,78,57,68,45,45,36,40,52,41,66,75,82,79,74,53,83,46,73,29,,56,91,105,73,52,88,49,52,,51,62,60,59,57,49,50,41,32,38,49,49,56,64,67,135,131,132,,162,81,81,129,50,106,113,81,108,138,84,,79,,89,,65,118,106,102,103,94,123,148,115,128,101,146,124,149,119,88,116,107,102,111,119,132,142,143,,,,80,,
20260620,19,O3_24h,93,105,129,91,92,170,135,96,84,102,114,120,151,129,105,95,85,94,81,74,70,106,97,148,145,88,118,111,77,94,98,96,160,49,81,79,63,77,80,89,98,43,41,40,89,74,54,74,166,136,147,129,58,53,34,36,48,41,41,46,47,56,61,55,98,64,68,69,132,86,110,101,115,144,51,56,99,94,85,66,69,71,40,140,114,168,127,163,153,78,146,160,167,125,118,129,58,41,56,41,42,51,58,44,71,42,38,59,58,123,100,114,89,108,90,87,96,60,85,65,119,68,106,105,83,81,103,166,153,106,97,104,119,107,99,85,67,42,81,22,62,61,83,80,93,81,69,56,83,63,77,71,88,74,71,119,129,125,128,112,,,,,,,,,,,,,,,,,,,,,,,,,,,,,,115,122,57,96,103,125,90,116,114,110,135,40,106,108,,73,112,64,91,92,71,108,103,57,105,81,92,63,62,83,70,77,85,69,66,61,117,99,101,112,109,91,48,77,115,107,98,101,94,73,62,49,42,36,89,65,40,40,43,59,38,45,60,54,149,123,155,136,130,116,120,121,124,50,126,119,113,128,122,74,127,93,47,37,79,45,54,39,53,42,44,67,78,57,68,45,45,36,40,52,41,66,75,82,79,74,53,83,46,73,29,,56,91,105,73,52,88,49,52,,51,62,60,59,57,49,50,41,32,38,49,49,56,64,67,135,131,132,,162,81,81,129,50,106,113,81,108,138,84,,79,,89,,65,118,106,102,103,94,123,148,115,128,101,146,124,149,119,88,116,107,102,111,119,132,142,143,,,,80,,
20260620,19,O3_8h,88,92,117,91,89,176,131,94,78,93,101,152,143,122,98,97,101,89,102,78,82,106,112,145,140,95,117,117,100,97,105,92,144,57,91,95,61,84,86,98,92,69,58,49,82,87,62,81,162,150,146,132,64,70,47,47,62,53,51,62,63,65,63,72,107,69,93,69,134,94,101,100,105,146,54,58,96,97,96,84,85,77,63,151,158,162,147,166,155,83,151,161,156,144,105,143,78,49,82,63,52,54,73,54,84,62,51,65,61,127,98,140,105,111,103,86,99,84,87,72,125,85,137,108,103,89,116,168,141,135,102,116,124,125,114,87,73,44,82,50,68,69,85,80,118,94,68,70,88,67,88,84,84,72,108,118,128,118,128,102,,,,,,,,,,,,,,,,,,,,,,,,,,,,,,111,117,67,136,103,128,114,116,112,111,109,86,100,100,,70,109,92,98,94,88,107,110,75,97,125,102,75,73,79,83,80,84,73,73,100,109,90,87,121,111,102,72,76,100,108,98,99,107,103,78,61,68,54,95,72,53,68,52,63,56,62,52,63,155,150,154,127,132,128,117,125,140,81,139,126,114,124,125,88,126,96,63,47,83,49,60,49,53,39,58,71,84,63,71,50,62,42,51,67,62,74,74,75,74,97,77,77,63,85,62,,73,100,107,90,57,96,52,59,,55,59,70,68,56,49,50,44,41,41,62,50,57,73,83,131,141,129,,160,76,79,124,55,102,103,84,109,137,96,,89,,90,,79,113,118,117,109,98,129,127,127,113,93,142,117,142,117,90,102,92,97,110,119,132,145,149,,,,66,,
20260620,19,O3_8h_24h,86,92,117,91,89,176,131,94,78,93,100,150,143,122,98,97,98,89,98,78,81,106,112,145,140,95,117,117,99,97,105,92,144,56,91,95,61,84,86,98,92,66,58,49,82,87,62,80,162,150,146,131,63,69,45,43,60,51,49,61,62,64,63,70,109,59,90,69,134,93,101,100,105,146,54,58,96,97,96,77,84,74,61,151,155,162,144,166,155,82,151,161,156,144,105,143,78,49,79,55,52,54,73,46,84,60,49,65,61,127,98,139,102,111,86,86,99,78,85,72,122,81,133,108,100,88,116,168,141,134,102,116,124,125,113,90,71,44,82,46,67,69,84,80,117,93,68,70,86,67,84,80,84,72,106,118,128,118,128,102,,,,,,,,,,,,,,,,,,,,,,,,,,,,,,111,117,66,134,103,128,112,116,112,111,109,42,100,100,,70,109,89,98,94,72,107,110,75,94,116,102,72,72,79,83,79,84,73,73,83,109,90,87,121,111,102,66,76,100,108,98,99,107,102,77,60,66,53,95,68,50,65,51,63,54,60,52,62,155,150,154,127,132,128,117,125,140,76,139,125,114,124,125,87,126,96,60,45,83,49,59,47,53,39,57,71,83,63,71,50,62,37,48,67,57,73,74,75,68,96,77,77,63,80,62,,73,100,107,90,57,96,52,58,,55,59,70,68,56,49,50,42,41,41,61,50,57,71,81,124,131,129,,160,76,79,124,55,102,103,80,109,137,86,,81,,90,,77,113,117,,109,98,129,127,127,113,93,142,117,142,117,90,102,92,97,110,119,132,145,149,,,,66,,
20260620,19,CO,0.21,0.32,0.32,0.28,0.75,0.37,0.30,0.23,,0.22,0.23,0.45,0.28,0.47,0.32,0.58,0.58,0.35,0.41,0.62,0.46,0.90,0.58,0.50,0.38,0.54,0.76,0.57,0.40,0.53,0.88,0.46,0.65,0.69,0.56,0.43,0.58,0.72,0.68,0.43,0.75,0.43,0.40,0.45,0.56,0.38,0.28,0.67,0.33,0.66,0.65,0.57,0.48,0.43,0.51,0.57,0.37,0.25,0.43,0.43,0.50,0.40,0.55,0.30,0.53,0.59,0.47,0.43,0.25,0.49,0.73,0.30,0.20,0.23,0.40,0.58,0.24,0.38,0.42,0.45,0.30,0.40,0.47,0.30,0.38,0.37,0.42,0.33,0.42,0.37,0.42,0.40,0.25,0.74,0.27,0.50,0.63,0.55,0.50,0.57,0.50,0.50,0.80,0.43,0.45,0.50,0.47,0.55,0.35,0.20,0.30,0.55,0.67,0.38,0.30,0.58,0.53,0.94,0.48,0.37,0.42,0.40,0.40,0.53,0.83,0.58,0.54,0.38,0.62,0.67,0.63,0.55,0.43,0.50,0.63,0.75,0.60,0.53,0.48,0.83,0.40,0.47,0.55,0.57,0.53,0.43,0.53,0.35,0.50,0.47,0.30,0.50,0.35,0.46,0.50,0.20,0.40,0.36,0.36,0.10,,,,,,,,,,,,,,,,,,,,,,,,,,,,,,0.47,0.50,0.40,0.57,0.20,0.25,0.68,0.30,0.13,0.23,0.30,0.30,0.50,0.40,,0.15,0.25,0.43,0.53,0.40,0.60,0.17,0.40,0.80,0.45,0.40,0.30,0.33,0.27,0.20,0.50,0.60,0.30,0.40,0.35,0.40,0.20,0.47,0.32,0.35,0.57,0.60,0.45,0.40,0.50,0.30,0.42,0.27,0.60,0.37,0.33,1.60,0.55,0.40,1.45,0.57,0.40,0.40,0.50,0.28,0.30,0.63,0.63,0.45,0.60,0.50,0.35,0.58,0.56,0.57,0.40,0.37,0.42,0.73,0.66,0.60,0.75,0.60,0.43,0.70,0.60,0.50,0.82,0.50,0.80,0.55,0.60,0.45,0.45,0.35,0.25,0.53,0.57,0.50,0.33,0.65,0.40,0.90,0.40,0.50,0.87,0.45,0.47,0.50,0.50,0.47,0.45,0.55,0.75,0.35,0.30,,0.30,1.10,0.37,0.50,0.40,0.45,0.35,0.70,,0.55,0.45,0.50,0.55,0.60,0.35,0.50,0.10,0.30,0.55,0.40,0.40,0.50,0.45,0.50,0.15,0.40,0.30,,0.25,0.25,0.43,0.20,0.40,0.75,0.25,0.30,0.20,0.30,0.50,,0.35,,0.35,,0.30,0.50,0.40,0.20,0.40,0.30,0.20,0.30,0.30,0.30,0.25,0.45,0.10,0.20,0.45,0.65,0.10,0.30,0.25,0.45,0.60,0.20,0.25,0.25,,,,0.50,,
20260620,19,CO_24h,0.35,0.47,0.38,0.44,0.35,0.43,0.36,0.23,0.20,0.33,0.35,0.50,0.55,0.40,0.32,0.73,0.64,0.44,0.66,0.48,0.41,0.76,0.63,0.46,0.36,0.58,0.69,0.60,0.42,0.52,0.92,0.44,0.47,0.59,0.46,0.43,0.49,0.58,0.50,0.43,0.60,0.50,0.30,0.45,0.59,0.30,0.28,0.60,0.37,0.49,0.56,0.70,0.47,0.44,0.49,0.57,0.40,0.25,0.43,0.43,0.53,0.40,0.54,0.30,0.60,0.59,0.57,0.58,0.25,0.59,0.60,0.35,0.20,0.30,0.40,0.57,0.27,0.40,0.62,0.47,0.33,0.43,0.47,0.31,0.58,0.37,0.46,0.45,0.44,0.33,0.47,0.40,0.30,0.62,0.23,0.53,0.60,0.53,0.43,0.60,0.55,0.50,0.70,0.40,0.40,0.40,0.43,0.55,0.37,0.20,0.39,0.72,0.85,0.46,0.50,0.80,0.68,0.82,0.50,0.47,0.48,0.40,0.45,0.50,0.73,0.56,0.48,0.33,0.43,0.60,0.57,0.53,0.50,0.50,0.63,0.85,0.70,0.50,0.50,0.71,0.35,0.55,0.70,0.77,0.60,0.43,0.67,0.40,0.73,0.53,0.40,0.60,0.40,0.48,0.60,0.20,0.37,0.50,0.36,0.25,,,,,,,,,,,,,,,,,,,,,,,,,,,,,,0.47,0.40,0.40,0.73,0.25,0.25,0.82,0.40,0.30,0.30,0.50,0.30,0.45,0.38,,0.15,0.35,0.55,0.80,0.45,0.70,0.37,0.40,0.75,0.65,0.40,0.40,0.33,0.27,0.30,0.43,0.70,0.40,0.43,0.30,0.40,0.20,0.37,0.32,0.30,0.60,0.63,0.40,0.35,0.50,0.23,0.38,0.27,0.55,0.37,0.37,0.77,0.40,0.30,0.65,0.47,0.60,0.90,0.35,0.32,0.20,0.60,0.57,0.50,0.54,0.43,0.40,0.55,0.44,0.55,0.43,0.27,0.50,0.73,0.70,0.63,0.75,0.60,0.53,0.70,0.60,0.50,0.97,0.45,0.80,0.55,0.60,0.50,0.35,0.45,0.30,0.53,0.55,0.63,0.40,0.50,0.37,0.80,0.65,0.50,0.63,0.55,0.60,0.60,0.60,0.55,0.42,0.55,0.70,0.40,0.20,,0.20,0.60,0.50,0.53,0.50,0.50,0.35,0.70,,0.65,0.40,0.40,0.50,0.65,0.40,0.40,0.10,0.25,0.55,0.35,0.50,0.50,0.45,0.45,0.20,0.40,0.30,,0.30,0.35,0.53,0.23,0.50,0.80,0.25,0.30,0.20,0.40,0.50,,0.35,,0.30,,0.20,0.50,0.40,0.20,0.40,0.30,0.20,0.30,0.30,0.35,0.35,0.50,0.20,0.25,0.45,0.65,0.20,0.45,0.30,0.50,0.60,0.10,0.35,0.30,,,,0.40,,
20260620,20,AQI,28,29,39,26,61,47,45,28,24,28,35,42,44,38,32,27,26,27,30,30,19,28,23,47,42,26,33,29,19,27,30,27,49,16,31,36,26,23,21,36,29,17,20,20,26,34,27,20,47,54,52,37,16,24,24,18,22,16,27,20,23,19,35,26,33,34,25,17,38,28,33,31,39,44,15,17,29,29,23,19,24,23,24,43,32,55,35,47,44,24,45,46,48,54,35,35,28,20,22,25,20,21,20,19,32,26,27,18,17,34,30,32,40,28,26,27,28,27,24,21,33,22,31,28,23,18,44,51,49,29,41,30,35,28,25,23,19,24,45,26,27,20,26,28,35,36,21,30,30,20,24,19,30,23,27,56,56,38,39,44,,,,,,,,,,,,,,,,,,,,,,,,,,,,,,34,34,25,34,31,38,26,35,35,30,43,23,33,33,,23,35,16,28,27,21,32,27,23,33,34,23,20,20,23,21,29,23,26,26,24,33,28,29,39,28,25,16,21,32,34,30,30,27,25,31,17,17,17,41,17,16,21,17,22,24,20,20,18,51,44,44,40,47,39,34,37,33,29,37,34,33,38,37,16,36,23,19,21,17,19,15,29,16,15,33,41,33,23,31,33,32,19,27,18,43,27,26,25,24,34,35,24,35,28,7,,16,41,34,29,17,26,14,19,,15,23,34,18,34,23,15,13,16,22,15,33,18,21,23,41,40,41,,50,25,27,40,26,31,40,24,58,42,35,,25,,33,,22,36,35,42,32,38,35,48,35,51,28,44,37,43,42,71,40,33,38,35,40,40,41,45,,,,37,,
20260620,20,PM2.5,3,4,19,9,42,26,20,12,8,6,20,18,23,14,14,5,7,10,11,21,4,17,9,32,24,11,11,15,11,10,21,13,34,8,18,22,16,16,15,17,12,3,12,4,5,19,14,11,10,35,28,11,10,12,10,10,11,11,9,9,10,10,16,16,20,24,14,6,7,9,18,20,12,10,7,8,6,13,12,11,12,16,16,19,3,7,3,15,24,16,25,17,7,32,7,4,15,12,14,10,14,12,12,8,15,16,13,7,3,9,8,16,10,16,10,3,7,19,6,8,11,7,14,12,13,7,17,27,34,19,29,14,15,19,6,7,6,16,13,14,12,5,13,12,21,20,10,18,16,9,9,9,12,13,9,27,25,13,20,11,,,,,,,,,,,,,,,,,,,,,,,,,,,,,,11,17,15,16,7,8,7,7,4,10,4,6,13,12,,5,8,4,3,3,14,5,3,5,3,19,11,3,13,15,10,18,14,8,18,17,11,13,14,15,3,14,5,15,12,18,15,3,13,14,17,10,11,12,29,7,11,10,11,10,7,10,5,3,36,24,9,28,33,24,18,20,8,18,18,8,23,13,9,10,14,12,12,15,8,13,7,8,9,3,23,10,17,12,22,23,14,3,14,6,16,17,16,3,7,24,16,9,21,17,,,7,29,23,20,3,15,9,13,,5,16,16,8,15,16,3,6,9,7,5,16,11,3,3,3,3,3,,3,7,19,3,10,13,28,13,35,15,11,,12,,6,,14,25,20,17,14,18,3,3,12,11,11,12,13,22,15,52,20,20,24,20,17,9,6,15,,,,19,,
20260620,20,PM2.5_24h,10,19,17,24,18,12,22,10,10,18,18,22,15,10,6,17,14,20,20,10,5,6,10,15,16,8,6,8,9,9,15,7,15,2,9,14,8,6,5,14,12,8,10,6,4,13,13,7,18,18,25,10,7,10,7,8,10,10,8,7,8,11,12,13,18,26,16,12,6,16,32,19,8,12,5,7,6,7,21,9,18,18,13,18,21,11,23,31,16,11,24,18,23,18,8,23,11,10,14,12,10,9,12,10,12,13,11,8,4,14,8,16,20,11,12,14,19,20,20,17,27,12,23,5,6,3,17,15,26,24,20,22,15,16,5,4,6,11,11,13,13,19,23,14,19,20,27,24,12,13,24,14,11,13,18,23,16,12,13,49,,,,,,,,,,,,,,,,,,,,,,,,,,,,,,9,14,13,14,6,9,18,10,10,8,21,13,7,6,,4,13,13,13,14,24,20,14,14,10,27,34,6,14,16,14,18,22,10,15,19,12,14,14,14,10,10,2,12,12,17,6,8,8,8,13,9,8,8,14,7,7,6,9,7,5,7,5,10,23,21,13,21,20,15,16,12,8,11,16,5,15,5,6,6,7,9,9,12,5,8,8,6,4,3,14,13,14,18,16,13,11,4,15,13,14,24,24,12,13,19,12,13,24,21,8,,6,14,21,24,5,15,6,11,,8,12,20,5,10,13,5,8,9,9,5,12,8,7,4,3,3,8,,3,5,20,8,10,14,32,13,25,14,13,,12,,10,,11,20,13,13,9,8,4,7,13,24,15,17,9,13,9,48,21,13,26,15,10,3,8,14,,,,10,,
20260620,20,PM10,6,8,35,25,72,40,45,21,24,17,30,42,38,18,22,14,13,16,30,30,17,25,19,47,34,26,26,25,18,12,28,17,33,16,31,36,26,20,21,36,19,17,20,20,16,34,27,12,40,58,54,21,15,24,24,18,22,15,27,20,23,19,35,26,33,32,25,17,17,19,18,25,39,30,15,17,14,27,23,17,24,,24,41,19,35,28,46,44,22,43,46,24,57,12,28,28,20,22,25,20,21,20,19,32,26,27,18,13,24,19,26,40,28,15,6,12,27,13,16,25,22,28,17,23,18,44,38,49,29,34,30,14,28,17,11,11,24,45,26,27,20,18,28,35,36,21,30,30,20,17,15,30,22,27,61,61,31,38,44,,,,,,,,,,,,,,,,,,,,,,,,,,,,,,21,32,25,34,31,17,23,17,14,29,29,23,33,23,,8,16,9,28,14,14,13,12,23,10,29,18,10,20,23,18,29,19,26,26,23,,26,22,39,18,14,16,13,29,34,14,9,17,25,31,17,17,17,37,17,16,21,17,22,24,20,20,18,44,44,27,38,40,39,27,33,23,29,30,14,29,13,15,12,20,22,19,17,16,17,15,29,9,6,27,41,33,23,28,32,32,19,27,16,43,27,26,8,22,27,35,12,35,28,,,12,27,34,18,14,17,14,,,,,34,11,34,,8,6,16,22,7,33,13,17,13,16,8,22,,26,,24,18,26,20,33,20,66,25,35,,25,,33,,22,33,,42,32,38,10,14,35,51,18,25,7,22,42,69,29,31,38,25,40,21,22,45,,,,37,,
20260620,20,PM10_24h,16,29,34,35,42,20,40,17,24,26,26,46,33,17,8,27,18,29,42,12,12,10,15,21,23,14,15,13,12,10,16,11,17,8,21,25,12,8,9,29,25,20,19,18,8,26,24,7,31,22,36,16,11,21,19,17,17,18,24,17,18,21,24,22,30,30,30,19,12,31,61,20,36,31,10,13,16,22,33,17,20,22,20,27,29,23,36,48,28,16,42,30,31,28,8,32,20,19,26,27,17,20,20,22,25,24,24,26,10,21,14,25,48,22,19,20,27,31,29,27,45,23,37,10,14,8,26,24,32,37,27,36,23,23,15,11,10,21,35,23,29,32,31,32,37,30,29,34,18,22,40,25,26,21,39,62,53,42,48,124,,,,,,,,,,,,,,,,,,,,,,,,,,,,,,16,18,22,32,19,17,32,20,30,38,41,25,35,20,,9,48,21,24,24,26,29,25,27,32,35,32,13,18,21,20,24,30,21,27,29,15,16,12,21,21,12,8,7,19,24,5,7,13,14,24,20,21,15,23,12,17,24,20,18,21,24,24,26,30,38,25,29,21,26,20,22,23,23,23,14,23,16,11,10,16,17,19,14,12,11,14,14,8,12,31,32,31,26,25,20,18,11,29,35,29,36,24,18,28,25,33,18,29,28,19,,9,15,27,29,19,23,14,22,,12,11,30,12,28,15,8,9,13,20,9,21,15,14,9,8,11,15,,12,6,26,21,23,25,52,25,47,24,40,,26,,31,,25,27,21,30,23,25,11,16,48,75,29,42,17,26,35,58,40,36,62,32,33,28,33,52,,,,22,,
20260620,20,SO2,3,5,2,5,7,3,3,3,3,3,5,4,2,8,9,4,7,5,5,6,6,6,5,7,8,5,5,7,5,9,7,7,6,6,5,6,7,5,5,6,6,2,4,5,7,5,2,6,6,8,3,5,5,6,5,6,5,5,5,3,5,7,3,4,8,4,12,5,6,5,10,7,5,5,4,6,6,6,6,5,6,8,2,9,8,7,8,8,8,5,5,5,6,9,4,6,13,6,7,4,7,6,5,5,4,5,3,8,5,4,6,14,5,7,11,5,9,7,5,5,3,5,5,6,11,3,8,5,8,6,5,10,8,7,3,9,8,5,3,5,2,8,9,16,4,11,4,6,3,3,5,5,2,9,6,8,6,9,6,4,,,,,,,,,,,,,,,,,,,,,,,,,,,,,,5,2,4,4,4,7,7,5,3,8,7,5,13,4,,6,9,4,7,9,8,4,7,10,10,1,5,8,8,4,6,6,4,9,6,9,6,6,7,5,9,4,5,8,5,6,5,4,5,8,4,14,3,6,8,4,7,5,4,2,6,3,5,4,7,6,5,4,6,6,4,4,5,8,7,6,7,3,6,7,4,5,6,5,4,5,4,5,4,3,6,5,4,4,7,10,10,5,8,6,13,9,10,3,6,6,6,6,8,5,2,,7,12,4,8,3,8,4,2,,4,5,11,9,5,7,1,3,4,8,6,6,5,8,7,5,7,5,,4,4,4,6,5,7,30,10,8,5,8,,4,,8,,4,10,6,9,11,12,6,21,6,7,7,6,7,7,4,3,7,2,5,7,4,7,7,6,,,,3,,
20260620,20,SO2_24h,3,5,3,5,6,5,3,4,3,3,5,5,4,8,8,5,7,5,6,6,5,6,5,6,7,6,5,5,5,9,7,7,6,6,6,5,6,5,5,6,6,3,5,5,8,5,2,8,6,7,4,5,5,5,4,6,5,5,6,3,4,8,3,4,9,4,13,5,5,5,12,10,5,6,6,6,6,7,6,4,6,7,3,10,10,8,9,10,9,5,6,5,7,9,4,8,11,5,6,4,7,6,5,4,5,4,4,6,5,4,7,13,6,9,11,5,9,7,6,6,4,6,6,5,8,3,9,3,7,9,5,10,9,7,3,8,7,5,3,5,2,8,9,21,4,10,4,6,3,4,6,6,2,7,8,12,7,13,6,3,,,,,,,,,,,,,,,,,,,,,,,,,,,,,,5,2,4,5,4,8,6,6,4,9,8,6,10,4,,6,9,7,8,9,6,5,8,12,10,1,5,8,8,5,7,6,4,9,7,10,6,6,6,5,10,7,4,8,5,6,5,4,5,6,5,10,4,4,6,5,9,6,5,3,8,4,4,8,6,8,5,4,5,6,4,4,5,8,7,5,8,4,6,7,5,5,9,6,4,5,5,6,5,3,8,5,3,5,5,8,12,5,7,5,8,9,10,4,7,7,7,6,8,4,3,,6,8,4,7,3,7,4,3,,4,5,8,9,5,8,2,3,4,8,6,7,5,8,7,6,7,4,,5,4,5,6,5,7,6,9,8,6,8,,4,,9,,4,12,8,10,11,14,6,20,11,7,7,6,7,9,5,4,9,3,4,7,4,7,8,9,,,,4,,
20260620,20,NO2,12,15,6,12,20,11,9,8,9,12,12,17,6,13,12,11,15,10,19,26,16,17,11,16,11,12,14,17,24,5,19,10,14,19,20,17,20,19,20,8,10,11,11,9,12,10,9,10,15,45,13,18,7,13,8,3,9,4,7,7,8,5,7,11,11,16,8,7,9,6,4,9,12,7,8,13,8,8,7,11,13,19,12,15,18,11,11,14,15,14,9,11,9,34,10,12,11,6,11,5,8,3,9,2,16,11,7,4,5,10,8,15,15,16,11,5,11,20,9,10,12,11,11,17,14,17,10,9,15,13,10,12,11,11,7,5,8,14,6,24,4,10,9,14,10,11,11,9,5,8,9,12,13,8,14,6,7,12,9,6,,,,,,,,,,,,,,,,,,,,,,,,,,,,,,6,9,5,12,8,6,12,10,5,5,11,5,9,8,,5,3,10,6,17,12,9,14,14,6,5,11,7,8,12,9,7,12,15,4,17,5,12,9,13,14,17,5,6,13,10,6,7,8,5,10,10,13,9,19,5,11,10,3,5,10,9,3,4,14,14,10,11,17,20,9,9,4,10,13,19,6,3,3,10,8,3,12,6,,5,6,15,9,4,22,7,8,6,10,9,15,14,6,4,15,14,11,6,13,8,28,11,18,15,,,26,14,10,4,4,6,4,6,,3,6,25,7,5,6,5,4,10,4,9,7,7,8,10,3,4,8,,1,4,7,8,12,8,15,9,6,11,9,,12,,6,,14,11,2,2,6,1,10,1,17,12,9,11,7,7,6,8,3,6,4,9,4,11,8,5,,,,6,,
20260620,20,NO2_24h,10,12,9,10,12,11,9,6,10,10,10,21,10,12,5,25,9,26,31,13,10,10,11,12,9,4,11,7,13,4,8,5,7,9,12,10,10,11,11,7,16,10,11,8,7,8,7,7,13,16,10,11,5,11,6,2,7,3,6,5,6,6,6,4,14,14,9,13,9,16,11,14,6,14,8,9,6,7,15,8,12,12,7,14,19,7,14,15,13,15,16,8,9,21,11,16,10,5,8,4,7,3,9,2,9,7,6,5,5,11,8,10,16,16,10,13,23,19,15,18,10,10,13,11,9,12,10,6,12,11,10,15,11,9,8,4,7,8,4,9,7,9,14,14,14,12,12,13,9,10,20,14,10,9,20,8,17,16,9,19,,,,,,,,,,,,,,,,,,,,,,,,,,,,,,5,4,5,10,6,8,11,9,12,6,10,8,5,5,,4,4,11,17,23,9,25,32,17,13,9,7,6,7,11,8,10,16,14,8,23,5,9,8,6,12,8,3,3,7,2,4,5,6,4,8,9,8,4,10,6,10,9,2,4,6,8,3,9,10,12,11,7,11,9,6,7,5,8,12,9,8,5,4,6,7,4,5,7,6,4,5,9,6,6,15,6,5,11,8,10,9,8,8,11,11,15,15,11,18,12,22,7,17,11,5,,13,8,8,5,5,9,4,5,,5,5,13,6,6,6,5,3,7,4,7,7,9,7,8,5,3,8,,2,6,11,10,7,10,8,10,9,9,13,,10,,6,,8,10,2,2,4,2,8,1,9,9,10,11,12,13,9,7,12,12,3,13,3,8,10,9,,,,4,,
20260620,20,O3,88,92,124,82,91,151,123,88,74,89,111,105,141,122,103,87,82,86,72,59,60,91,72,135,134,78,107,94,62,87,85,85,147,37,73,64,63,65,68,78,93,36,36,39,84,63,49,65,149,109,132,119,51,42,32,35,39,35,35,39,40,46,62,48,85,59,64,55,122,88,107,99,112,141,49,46,94,92,75,60,69,66,36,137,102,164,112,150,141,77,143,144,152,117,112,113,61,36,55,39,32,49,52,40,62,33,33,50,55,110,97,103,87,86,82,85,88,47,78,67,107,63,99,90,74,58,113,161,141,87,90,94,113,90,80,72,60,33,75,18,70,57,82,67,79,74,61,49,94,59,78,60,62,72,79,119,122,121,126,112,,,,,,,,,,,,,,,,,,,,,,,,,,,,,,108,108,47,90,94,121,82,111,111,97,137,38,103,107,,73,112,51,91,87,67,101,87,48,104,110,74,65,55,74,66,74,75,63,59,53,106,89,94,93,89,80,40,59,102,91,95,97,86,58,48,48,29,26,75,48,31,43,44,56,33,42,64,52,147,114,141,121,116,105,109,118,106,41,118,109,105,122,117,52,115,75,44,33,54,44,48,25,50,49,29,67,72,57,59,48,36,21,34,58,37,58,69,79,78,71,40,77,37,64,23,,50,76,93,69,55,83,42,46,,48,56,51,59,51,44,47,40,31,42,48,48,56,66,73,131,128,130,,159,80,74,127,33,100,106,77,106,133,80,,77,,82,,56,108,111,101,93,91,111,152,106,121,91,141,117,137,125,85,128,107,98,113,115,128,131,133,,,,77,,
20260620,20,O3_24h,88,92,124,82,91,151,123,88,74,89,111,105,141,122,103,87,82,86,72,59,60,91,72,135,134,78,107,94,62,87,85,85,147,37,73,64,63,65,68,78,93,36,36,39,84,63,49,65,149,109,132,119,51,42,32,35,39,35,35,39,40,46,62,48,85,59,64,55,122,88,107,99,112,141,49,46,94,92,75,60,69,66,36,137,102,164,112,150,141,77,143,144,152,117,112,113,61,36,55,39,32,49,52,40,62,33,33,50,55,110,97,103,87,86,82,85,88,47,78,67,107,63,99,90,74,58,113,161,141,87,90,94,113,90,80,72,60,33,75,18,70,57,82,67,79,74,61,49,94,59,78,60,62,72,79,119,122,121,126,112,,,,,,,,,,,,,,,,,,,,,,,,,,,,,,108,108,47,90,94,121,82,111,111,97,137,38,103,107,,73,112,51,91,87,67,101,87,48,104,110,74,65,55,74,66,74,75,63,59,53,106,89,94,93,89,80,40,59,102,91,95,97,86,58,48,48,29,26,75,48,31,43,44,56,33,42,64,52,147,114,141,121,116,105,109,118,106,41,118,109,105,122,117,52,115,75,44,33,54,44,48,25,50,49,29,67,72,57,59,48,36,21,34,58,37,58,69,79,78,71,40,77,37,64,23,,50,76,93,69,55,83,42,46,,48,56,51,59,51,44,47,40,31,42,48,48,56,66,73,131,128,130,,159,80,74,127,33,100,106,77,106,133,80,,77,,82,,56,108,111,101,93,91,111,152,106,121,91,141,117,137,125,85,128,107,98,113,115,128,131,133,,,,77,,
20260620,20,O3_8h,90,95,120,91,91,176,133,94,80,96,102,152,144,124,100,98,101,92,102,79,82,107,112,147,142,95,120,117,100,97,106,93,149,57,91,95,63,84,86,98,94,69,58,49,84,87,62,81,163,150,148,132,65,70,47,47,62,53,51,62,63,65,63,72,108,69,93,69,135,94,115,102,108,147,54,58,98,98,96,84,85,77,63,151,158,164,147,166,156,83,152,162,157,144,107,143,78,49,82,63,52,54,73,54,84,62,51,65,61,127,99,140,105,112,103,88,100,84,87,72,125,85,137,108,103,89,119,170,144,135,102,116,125,125,114,89,73,45,82,50,68,70,85,81,118,94,68,70,88,69,88,84,84,73,108,120,128,122,129,106,,,,,,,,,,,,,,,,,,,,,,,,,,,,,,111,118,67,136,103,128,114,118,113,113,111,86,102,102,,71,110,92,99,95,88,109,113,75,97,125,102,75,73,80,83,80,86,73,74,100,112,93,91,121,111,102,72,76,104,108,99,100,107,103,78,61,68,54,98,72,53,68,52,63,56,62,54,63,157,150,155,129,132,128,117,126,140,81,139,126,114,125,125,88,126,96,63,47,83,49,60,49,53,41,58,71,84,63,71,52,62,42,51,67,62,74,75,78,74,97,77,80,63,85,62,,73,101,107,90,57,96,52,59,,55,59,70,68,58,49,50,44,41,42,62,50,58,73,83,131,141,131,,162,78,81,126,55,105,107,84,111,139,96,,89,,90,,79,115,118,117,109,98,129,131,127,117,94,145,121,145,120,95,108,96,100,112,121,133,147,150,,,,68,,
20260620,20,O3_8h_24h,88,94,120,91,91,174,133,94,80,96,101,144,144,124,100,97,95,92,93,78,80,107,111,147,142,92,120,116,95,97,105,93,149,54,90,92,63,83,86,98,94,60,55,48,84,85,60,79,162,147,148,130,62,65,43,42,57,48,46,58,60,60,63,67,107,61,86,68,134,91,105,102,108,147,54,58,98,98,94,75,82,74,57,150,148,164,139,165,155,81,152,161,157,142,107,139,76,47,74,51,49,54,72,44,82,55,47,63,61,125,99,132,97,109,86,88,100,73,83,71,121,78,128,107,96,85,119,170,144,130,101,115,125,122,108,87,68,45,82,43,68,70,83,81,111,90,67,70,86,69,81,76,84,73,103,120,128,122,129,106,,,,,,,,,,,,,,,,,,,,,,,,,,,,,,111,118,63,127,103,128,108,118,113,113,111,37,102,102,,71,110,85,98,94,71,109,113,72,94,112,98,71,70,80,81,79,86,72,74,78,112,93,91,119,111,100,60,74,104,107,99,100,106,98,73,59,61,49,98,66,47,62,50,63,51,56,54,59,157,148,155,129,132,127,117,125,136,71,138,123,113,125,125,81,126,94,57,43,82,48,58,45,53,41,53,71,83,62,70,52,60,36,45,66,53,70,75,78,71,92,73,80,61,77,58,,70,101,106,89,57,96,52,54,,55,59,67,66,58,49,49,41,39,42,59,50,58,69,79,126,130,131,,162,78,81,126,54,105,107,80,111,139,83,,81,,89,,75,115,116,,107,97,128,131,127,117,94,145,121,145,120,95,108,96,100,112,121,133,147,150,,,,68,,
20260620,20,CO,0.21,0.35,0.26,0.31,0.85,0.37,0.28,0.23,,0.27,0.25,0.42,0.27,0.38,0.36,0.56,0.57,0.35,0.46,0.63,0.51,0.91,0.70,0.53,0.40,0.54,0.76,0.57,0.46,0.53,0.80,0.50,0.63,0.73,0.60,0.47,0.59,0.70,0.73,0.47,0.75,0.43,0.30,0.40,0.57,0.38,0.28,0.72,0.34,0.79,0.70,0.60,0.49,0.45,0.51,0.57,0.40,0.30,0.43,0.43,0.50,0.40,0.57,0.33,0.57,0.58,0.47,0.45,0.30,0.49,0.70,0.30,0.26,0.24,0.40,0.58,0.26,0.38,0.45,0.47,0.30,0.45,0.47,0.34,0.36,0.47,0.42,0.32,0.42,0.38,0.48,0.42,0.20,0.74,0.27,0.43,0.67,0.55,0.47,0.57,0.60,0.50,0.75,0.40,0.45,0.50,0.43,0.55,0.27,0.20,0.27,0.58,0.67,0.42,0.30,0.56,0.62,0.80,0.54,0.35,0.46,0.30,0.42,0.52,0.77,0.56,0.51,0.38,0.67,0.63,0.65,0.55,0.45,0.50,0.60,0.80,0.60,0.57,0.50,0.83,0.35,0.50,0.50,0.63,0.53,0.43,0.57,0.30,0.55,0.47,0.30,0.45,0.40,0.50,0.45,0.30,0.37,0.38,0.32,0.20,,,,,,,,,,,,,,,,,,,,,,,,,,,,,,0.58,0.50,0.45,0.50,0.15,0.20,0.75,0.30,0.17,0.27,0.37,0.20,0.50,0.38,,0.15,0.25,0.45,0.53,0.40,0.60,0.20,0.40,0.60,0.45,0.35,0.25,0.30,0.27,0.20,0.43,0.60,0.30,0.43,0.35,0.40,0.20,0.50,0.34,0.40,0.55,0.63,0.45,0.45,0.54,0.33,0.42,0.27,0.60,0.37,0.33,0.83,0.55,0.45,1.55,0.57,0.47,0.42,0.50,0.28,0.30,0.65,0.63,0.45,0.64,0.50,0.40,0.60,0.60,0.65,0.47,0.37,0.40,0.77,0.76,0.60,0.75,0.60,0.47,0.70,0.60,0.50,0.87,0.55,0.90,0.55,0.63,0.50,0.40,0.35,0.30,0.53,0.53,0.57,0.37,0.60,0.47,1.00,0.40,0.40,0.73,0.45,0.47,0.50,0.50,0.50,0.47,0.55,0.75,0.40,,,0.30,1.00,0.43,0.53,0.40,0.50,0.35,0.60,,0.55,0.45,0.60,0.55,0.65,0.40,0.50,0.10,0.30,0.55,0.40,0.45,0.50,0.45,0.45,0.20,0.40,0.30,,0.25,0.25,0.53,0.20,0.50,0.75,0.25,0.35,0.20,0.30,0.50,,0.35,,0.35,,0.30,0.50,0.40,0.20,0.40,0.30,0.20,0.30,0.23,0.30,0.25,0.40,0.10,0.20,0.40,0.70,0.10,0.30,0.25,0.45,0.60,0.10,0.30,0.25,,,,0.50,,
20260620,20,CO_24h,0.33,0.47,0.38,0.43,0.35,0.43,0.34,0.23,0.20,0.33,0.33,0.50,0.55,0.42,0.32,0.72,0.63,0.42,0.67,0.49,0.42,0.78,0.63,0.46,0.36,0.58,0.69,0.60,0.42,0.52,0.90,0.44,0.50,0.60,0.46,0.43,0.49,0.58,0.50,0.43,0.60,0.50,0.30,0.45,0.58,0.30,0.28,0.62,0.37,0.49,0.58,0.69,0.47,0.44,0.49,0.57,0.40,0.25,0.43,0.43,0.53,0.40,0.53,0.33,0.61,0.59,0.57,0.57,0.25,0.59,0.60,0.35,0.20,0.30,0.40,0.57,0.26,0.40,0.60,0.45,0.33,0.43,0.47,0.30,0.58,0.37,0.46,0.43,0.42,0.37,0.48,0.40,0.30,0.62,0.23,0.53,0.63,0.53,0.43,0.60,0.55,0.50,0.70,0.40,0.40,0.50,0.43,0.55,0.37,0.20,0.39,0.72,0.88,0.46,0.48,0.80,0.68,0.84,0.50,0.45,0.46,0.37,0.45,0.50,0.77,0.56,0.48,0.33,0.48,0.60,0.60,0.55,0.50,0.53,0.63,0.85,0.65,0.50,0.50,0.71,0.35,0.55,0.70,0.77,0.63,0.43,0.67,0.40,0.70,0.53,0.40,0.60,0.40,0.48,0.60,0.20,0.37,0.50,0.36,0.25,,,,,,,,,,,,,,,,,,,,,,,,,,,,,,0.47,0.50,0.40,0.73,0.20,0.25,0.82,0.40,0.30,0.30,0.50,0.30,0.45,0.38,,0.15,0.35,0.53,0.80,0.45,0.70,0.37,0.40,0.75,0.55,0.40,0.40,0.33,0.27,0.30,0.43,0.70,0.40,0.43,0.30,0.40,0.20,0.37,0.32,0.30,0.60,0.63,0.40,0.35,0.50,0.23,0.38,0.27,0.55,0.40,0.37,0.77,0.40,0.30,0.70,0.47,0.60,0.88,0.35,0.32,0.25,0.63,0.57,0.50,0.54,0.43,0.40,0.55,0.44,0.55,0.43,0.30,0.50,0.70,0.70,0.63,0.75,0.60,0.53,0.70,0.60,0.50,0.97,0.45,0.80,0.55,0.60,0.50,0.35,0.45,0.30,0.53,0.55,0.63,0.40,0.55,0.37,0.80,0.65,0.50,0.63,0.55,0.60,0.57,0.60,0.55,0.42,0.55,0.75,0.40,0.20,,0.20,0.65,0.50,0.53,0.50,0.50,0.35,0.65,,0.65,0.40,0.50,0.50,0.65,0.40,0.40,0.10,0.25,0.55,0.35,0.50,0.50,0.45,0.45,0.20,0.40,0.30,,0.30,0.35,0.57,0.23,0.50,0.80,0.25,0.30,0.20,0.40,0.50,,0.35,,0.30,,0.20,0.50,0.40,0.20,0.40,0.30,0.20,0.30,0.30,0.35,0.35,0.50,0.20,0.25,0.45,0.65,0.20,0.45,0.30,0.50,0.60,0.10,0.35,0.30,,,,0.40,,
20260620,21,AQI,25,24,43,34,60,44,52,25,31,24,36,39,45,34,29,23,26,26,26,37,20,27,20,47,42,27,31,27,18,20,34,32,50,17,33,37,27,24,24,34,27,16,22,14,23,34,26,19,43,54,43,35,15,23,24,18,21,17,23,22,21,21,26,23,37,36,27,21,37,28,32,34,41,43,15,16,27,28,27,18,21,18,24,48,29,47,33,45,45,31,44,41,45,56,33,33,24,21,27,23,22,16,21,23,30,26,24,21,19,32,27,32,51,27,23,23,24,29,21,21,32,21,30,24,24,17,32,46,51,40,41,29,31,30,19,24,16,33,48,30,24,14,25,33,38,33,23,26,30,18,25,16,28,20,25,53,54,34,35,43,,,,,,,,,,,,,,,,,,,,,,,,,,,,,,32,50,24,38,33,36,29,29,27,33,39,26,40,31,,22,34,13,51,24,18,29,24,21,28,33,20,21,25,22,18,24,22,26,25,21,33,28,29,48,23,25,16,24,33,30,28,28,24,18,24,21,20,17,36,13,18,22,24,22,29,21,21,23,59,45,39,49,51,44,30,40,29,28,35,33,31,35,34,26,28,25,20,19,18,20,16,27,15,15,27,28,31,21,26,29,31,22,40,20,38,25,21,23,24,47,34,20,30,40,4,,18,40,34,27,17,23,16,19,,15,20,31,17,32,19,14,16,22,30,14,42,16,22,22,38,34,37,,59,25,30,35,24,27,39,24,48,38,37,,32,,29,,20,36,34,35,30,28,25,48,35,46,24,40,35,40,45,84,56,37,30,33,34,40,35,47,,,,36,,
20260620,21,PM2.5,3,4,17,17,35,29,17,12,19,6,20,16,24,13,15,6,9,8,9,26,5,19,5,33,29,13,15,18,12,11,24,22,35,10,22,22,16,17,17,17,19,3,14,4,8,18,15,11,13,33,30,12,10,12,10,10,11,10,8,10,10,10,11,15,21,25,14,6,8,8,14,24,15,10,8,8,11,9,15,11,8,9,16,27,3,15,3,16,28,19,27,18,8,39,9,5,14,12,14,9,13,10,13,7,14,16,13,6,8,13,10,20,16,13,12,3,9,20,5,8,11,5,16,13,13,8,15,28,36,25,29,15,16,17,5,5,8,15,14,16,13,6,16,15,22,17,13,16,16,9,8,8,13,13,11,32,25,17,13,12,,,,,,,,,,,,,,,,,,,,,,,,,,,,,,20,35,15,12,11,10,10,12,9,10,10,10,14,15,,7,11,5,3,5,11,6,3,5,3,6,9,3,10,12,8,17,14,9,15,13,10,16,18,16,8,17,9,17,15,20,16,5,13,10,15,15,11,12,25,6,9,9,14,8,7,9,6,4,42,27,13,34,36,25,20,26,6,15,22,9,22,12,7,12,14,11,9,13,12,14,7,5,6,5,8,10,12,13,18,20,12,8,10,7,11,15,15,3,9,33,14,10,20,20,,,5,28,24,19,3,16,7,13,,3,14,22,10,16,13,3,11,10,6,10,20,11,6,3,5,3,13,,10,3,21,5,10,14,27,7,33,16,14,,15,,6,,14,25,16,11,13,13,3,3,11,16,8,14,16,18,9,62,28,26,3,23,12,9,9,14,,,,20,,
20260620,21,PM2.5_24h,9,18,17,24,19,13,22,10,10,17,19,22,16,10,6,16,14,19,19,11,5,7,10,16,17,8,7,9,9,10,16,8,16,3,10,14,8,7,6,14,12,8,10,6,4,13,13,8,17,19,26,10,7,10,7,8,10,10,8,7,8,11,12,12,18,25,16,11,6,15,32,19,8,12,5,7,6,7,21,9,18,17,13,19,20,11,22,31,17,12,25,19,22,20,8,23,11,10,14,12,10,10,12,10,12,13,11,8,4,14,7,16,19,11,12,14,18,19,20,17,26,12,22,6,7,4,17,16,26,24,20,22,15,16,5,5,6,11,11,13,12,18,22,14,20,20,26,24,12,13,23,14,11,13,18,24,17,12,13,47,,,,,,,,,,,,,,,,,,,,,,,,,,,,,,10,15,13,14,5,9,18,10,10,7,20,13,8,6,,4,12,13,13,14,24,18,14,13,9,26,32,6,14,16,14,17,21,10,15,19,12,14,14,15,11,11,2,12,12,18,6,8,8,9,14,9,8,8,15,7,7,6,9,7,5,7,5,10,24,21,13,22,21,15,16,12,8,11,16,6,16,5,6,6,8,9,8,12,6,9,8,6,4,3,13,13,14,17,16,13,11,4,16,12,14,23,24,12,13,19,11,13,24,22,8,,5,15,22,24,5,15,6,11,,7,13,20,5,10,13,4,8,9,9,5,11,8,7,4,3,3,8,,3,5,20,8,10,14,33,13,26,14,14,,12,,10,,11,20,14,13,10,8,4,7,12,21,14,17,9,13,9,61,22,14,25,15,10,3,7,14,,,,10,,
20260620,21,PM10,7,11,43,34,70,39,54,23,31,21,36,39,45,20,17,16,14,13,26,35,20,26,15,46,42,27,31,27,18,16,30,32,36,17,33,37,27,21,24,34,23,16,22,14,17,34,26,12,43,57,42,22,14,23,24,18,21,17,23,22,21,21,26,23,37,35,27,21,16,16,18,29,41,30,13,16,18,24,27,17,8,8,24,48,24,41,27,45,45,31,44,41,27,62,8,19,24,21,27,23,22,16,21,23,30,26,24,21,19,29,19,32,51,27,18,8,16,28,14,15,19,21,25,24,24,15,29,42,51,40,38,29,25,30,17,15,11,33,48,30,24,14,21,33,38,33,23,26,30,18,15,16,28,20,25,56,57,34,35,43,,,,,,,,,,,,,,,,,,,,,,,,,,,,,,27,,24,38,33,22,29,27,21,33,26,26,40,29,,19,20,10,51,16,18,15,11,21,12,17,20,8,25,21,18,24,22,26,25,21,16,28,29,48,17,20,16,18,33,30,14,18,17,18,24,20,20,17,30,13,18,22,24,22,29,21,21,23,47,45,27,48,45,44,30,40,28,28,35,15,28,30,17,26,22,25,20,18,18,18,16,27,9,6,27,28,31,21,26,24,31,22,40,20,38,25,20,10,24,31,34,13,30,40,,,8,,31,20,17,22,16,,,,14,29,17,32,14,11,,22,30,11,42,10,17,9,28,8,24,,21,6,27,19,24,26,38,21,48,30,37,,32,,29,,19,31,,35,23,26,16,17,35,46,19,26,19,31,45,69,62,34,16,30,21,22,35,47,,,,36,,
20260620,21,PM10_24h,15,27,34,35,44,20,41,17,23,26,27,46,33,17,9,27,18,28,41,13,13,10,15,22,24,15,16,13,12,10,17,12,18,8,22,26,13,9,10,29,25,20,19,18,8,26,24,7,31,25,37,16,11,21,19,17,17,18,24,17,18,21,24,22,30,30,30,19,12,31,61,20,37,32,10,13,17,22,33,15,20,21,20,29,29,24,35,48,29,16,43,31,31,31,9,32,20,19,26,26,18,20,20,22,25,24,24,26,10,22,14,26,48,22,18,20,26,30,28,26,43,22,36,11,15,8,26,25,34,37,27,36,23,23,15,11,10,22,35,24,29,30,32,32,37,31,29,34,18,21,40,24,25,21,38,63,55,42,49,123,,,,,,,,,,,,,,,,,,,,,,,,,,,,,,16,19,22,32,20,18,32,20,29,36,40,24,34,20,,10,44,21,25,23,26,28,25,26,31,34,30,13,18,20,19,24,30,21,27,29,15,17,13,23,21,12,9,8,19,24,5,8,13,15,25,20,21,15,23,12,17,25,20,18,22,24,24,25,30,39,25,31,23,26,21,23,23,23,24,13,23,16,11,11,16,17,19,15,12,11,14,15,8,12,31,32,31,25,25,20,18,12,30,34,29,36,24,18,27,25,33,17,29,28,19,,8,15,28,29,19,23,14,21,,11,10,30,11,27,15,8,9,14,20,9,21,14,14,9,8,11,16,,13,5,26,21,23,26,52,24,48,24,40,,26,,31,,25,27,21,31,23,25,12,16,46,66,27,41,18,27,36,58,41,37,58,32,33,27,33,53,,,,22,,
20260620,21,SO2,3,5,4,5,6,3,3,4,2,3,6,4,2,7,8,4,7,5,5,6,6,6,6,6,8,6,6,7,5,10,7,8,6,6,5,6,7,6,5,6,6,2,5,5,7,5,2,6,6,7,3,5,5,6,5,6,5,5,5,3,4,9,3,4,8,4,9,4,6,5,11,8,6,6,4,6,6,6,6,4,6,9,2,10,8,7,8,8,8,5,5,5,5,9,4,6,10,6,10,4,10,6,5,4,5,5,3,7,5,4,7,12,6,9,14,5,10,7,6,5,4,6,4,6,18,3,8,4,8,6,5,10,7,7,4,9,8,5,3,5,2,8,9,14,4,11,5,6,3,2,5,5,2,9,6,15,5,12,6,4,,,,,,,,,,,,,,,,,,,,,,,,,,,,,,5,2,4,4,4,7,6,5,3,8,7,5,13,4,,6,9,5,8,9,7,4,7,10,9,2,5,8,8,4,6,5,4,9,6,9,6,6,7,5,8,4,4,8,5,6,5,4,4,7,4,10,3,5,7,3,8,6,5,2,7,3,4,7,7,6,5,4,6,6,3,4,6,8,7,5,7,4,6,6,4,5,6,5,4,5,4,4,5,3,7,5,3,4,6,9,10,5,7,6,10,9,9,3,6,6,6,6,8,5,,,7,8,4,8,3,7,4,3,,4,5,10,9,6,6,2,4,3,8,6,7,5,8,7,3,7,6,,4,4,4,6,5,7,9,10,9,5,8,,4,,8,,4,12,6,10,11,12,6,20,7,6,7,6,6,8,4,3,7,2,5,7,4,7,8,6,,,,3,,
20260620,21,SO2_24h,3,5,3,5,6,5,3,4,3,3,5,5,4,8,8,5,7,5,6,6,5,6,5,6,8,6,5,5,5,9,7,7,6,6,6,5,6,5,5,6,6,3,5,5,8,5,2,8,6,7,4,5,5,5,4,6,5,5,6,3,4,8,3,4,9,4,13,5,6,5,12,10,5,6,6,6,6,7,6,4,6,7,3,10,10,8,9,10,9,5,6,5,7,10,4,8,11,5,6,4,7,6,5,4,5,4,4,6,5,4,7,13,6,9,11,5,9,7,6,6,4,6,6,5,9,3,9,3,7,9,5,10,8,7,3,8,7,5,3,5,2,8,9,21,4,10,4,6,3,4,6,6,2,7,8,12,7,13,6,3,,,,,,,,,,,,,,,,,,,,,,,,,,,,,,5,2,4,5,4,8,6,6,4,9,8,6,10,4,,6,9,7,8,9,6,5,8,12,10,2,5,8,8,5,7,6,4,9,7,10,6,6,6,5,10,6,4,8,5,6,5,4,6,6,5,10,4,4,6,5,9,6,5,3,8,4,4,7,6,8,5,4,5,6,4,4,5,8,7,5,8,4,6,7,5,5,9,6,4,5,5,6,5,3,8,5,3,5,5,8,12,5,7,5,9,9,10,4,7,7,7,6,8,4,3,,6,8,4,7,3,7,4,3,,4,5,9,9,5,8,2,3,4,8,6,7,5,8,7,6,7,4,,5,4,5,6,5,7,6,9,8,6,8,,4,,9,,4,12,8,10,11,14,6,20,11,7,7,6,7,9,5,4,9,3,4,7,4,7,8,9,,,,4,,
20260620,21,NO2,15,22,10,21,14,11,13,9,12,15,16,23,9,14,14,12,12,8,19,28,17,17,11,16,16,23,16,19,32,15,18,13,24,19,20,20,18,27,25,12,14,11,15,9,16,10,8,12,16,41,13,19,6,15,9,3,9,4,7,9,8,9,6,14,14,17,9,11,12,6,10,11,16,10,9,12,13,10,7,13,13,22,12,16,19,15,11,17,20,13,12,10,10,35,11,13,13,6,16,5,10,3,10,3,16,11,8,4,6,12,11,23,26,22,15,6,11,23,9,9,12,12,11,17,14,17,11,12,20,16,16,14,19,11,8,3,9,12,6,24,4,12,10,16,11,11,16,11,7,9,8,13,16,8,12,8,9,19,15,7,,,,,,,,,,,,,,,,,,,,,,,,,,,,,,7,14,8,14,9,7,13,20,18,5,13,6,11,10,,5,4,11,4,22,12,10,14,12,6,5,8,6,9,11,6,7,12,19,4,19,4,14,12,18,19,15,6,10,15,14,8,10,7,6,11,14,14,9,15,5,11,10,3,6,13,6,3,5,15,17,11,20,23,23,14,13,6,8,16,12,7,5,4,12,12,3,10,6,15,8,7,14,8,4,21,8,9,7,8,9,12,15,7,6,23,16,12,8,20,8,28,11,19,14,5,,10,16,10,5,5,13,6,6,,3,4,14,12,4,8,6,4,9,4,10,7,8,8,12,5,5,13,,2,4,11,13,11,11,18,9,10,15,23,,16,,8,,13,15,2,1,4,1,31,1,20,13,13,24,10,12,6,6,6,8,4,13,4,14,15,11,,,,7,,
20260620,21,NO2_24h,10,12,9,11,12,10,9,6,9,10,11,20,10,12,5,24,10,26,30,14,10,10,11,12,9,4,11,8,14,4,8,5,8,10,13,10,11,12,11,7,16,10,11,8,7,8,7,7,12,17,10,11,5,11,6,2,7,3,6,5,6,6,6,5,14,15,9,13,9,16,10,14,6,14,8,9,6,7,14,8,12,13,8,15,18,7,14,15,13,15,16,8,9,22,11,16,11,5,8,4,7,3,9,2,9,7,6,5,5,11,8,11,16,16,10,12,23,19,14,17,10,9,13,11,10,12,10,6,12,11,10,15,11,9,8,4,7,8,4,10,6,9,14,15,14,12,12,13,9,10,20,14,10,9,20,8,17,16,9,19,,,,,,,,,,,,,,,,,,,,,,,,,,,,,,6,5,5,10,6,8,11,8,12,6,10,8,5,5,,4,4,11,16,23,9,24,31,17,13,8,7,6,7,11,8,9,15,14,8,23,5,9,8,7,12,8,3,4,7,3,5,5,6,4,8,9,9,4,10,6,10,9,2,4,6,8,3,8,10,12,11,7,11,10,6,7,5,8,12,9,8,5,3,6,7,4,6,7,6,4,5,9,6,5,15,6,5,11,8,10,9,9,8,11,12,15,15,11,19,11,23,7,17,11,5,,13,9,8,5,5,8,4,5,,5,5,14,7,6,6,5,3,7,4,7,7,9,7,8,5,4,8,,2,6,11,10,7,10,9,10,9,9,14,,10,,6,,9,10,2,2,4,2,9,1,9,9,10,12,12,13,9,7,11,12,4,14,3,8,11,9,,,,4,,
20260620,21,O3,80,76,113,59,95,141,111,80,51,78,101,88,135,109,94,73,82,84,67,47,52,83,63,126,114,62,93,81,49,65,82,67,113,34,65,54,61,49,51,65,71,35,28,36,72,55,43,61,132,93,114,112,49,33,27,34,33,33,32,33,36,36,62,40,69,51,55,42,117,89,102,91,110,136,48,43,86,88,74,56,68,56,36,131,94,150,104,132,124,83,128,125,143,100,106,104,59,34,40,39,26,49,46,39,54,30,29,44,50,102,87,82,66,69,72,75,76,36,66,66,103,57,96,74,63,53,103,147,121,68,73,80,98,81,60,78,51,30,74,16,78,42,80,55,72,68,51,43,82,58,80,43,47,65,77,115,113,102,104,110,,,,,,,,,,,,,,,,,,,,,,,,,,,,,,103,94,41,79,89,114,75,92,87,99,126,34,97,98,,71,108,40,89,78,51,93,76,35,89,104,50,68,57,71,59,72,69,56,61,46,105,81,83,74,74,79,34,39,87,76,88,89,78,48,42,33,23,21,61,38,25,43,48,53,29,39,58,49,131,99,126,95,99,89,89,101,92,29,102,104,86,112,109,46,91,71,38,31,56,37,44,18,49,47,27,65,68,53,59,46,39,23,29,52,30,51,61,72,64,75,40,63,29,60,,,59,56,76,64,55,64,35,34,,49,56,55,44,47,35,44,37,28,41,46,47,52,69,69,123,108,118,,167,79,58,113,28,85,93,78,97,123,57,,74,,78,,56,95,110,93,96,90,81,154,96,117,78,129,111,127,141,94,122,104,96,106,110,128,107,112,,,,66,,
20260620,21,O3_24h,80,76,113,59,95,141,111,80,51,78,101,88,135,109,94,73,82,84,67,47,52,83,63,126,114,62,93,81,49,65,82,67,113,34,65,54,61,49,51,65,71,35,28,36,72,55,43,61,132,93,114,112,49,33,27,34,33,33,32,33,36,36,62,40,69,51,55,42,117,89,102,91,110,136,48,43,86,88,74,56,68,56,36,131,94,150,104,132,124,83,128,125,143,100,106,104,59,34,40,39,26,49,46,39,54,30,29,44,50,102,87,82,66,69,72,75,76,36,66,66,103,57,96,74,63,53,103,147,121,68,73,80,98,81,60,78,51,30,74,16,78,42,80,55,72,68,51,43,82,58,80,43,47,65,77,115,113,102,104,110,,,,,,,,,,,,,,,,,,,,,,,,,,,,,,103,94,41,79,89,114,75,92,87,99,126,34,97,98,,71,108,40,89,78,51,93,76,35,89,104,50,68,57,71,59,72,69,56,61,46,105,81,83,74,74,79,34,39,87,76,88,89,78,48,42,33,23,21,61,38,25,43,48,53,29,39,58,49,131,99,126,95,99,89,89,101,92,29,102,104,86,112,109,46,91,71,38,31,56,37,44,18,49,47,27,65,68,53,59,46,39,23,29,52,30,51,61,72,64,75,40,63,29,60,,,59,56,76,64,55,64,35,34,,49,56,55,44,47,35,44,37,28,41,46,47,52,69,69,123,108,118,,167,79,58,113,28,85,93,78,97,123,57,,74,,78,,56,95,110,93,96,90,81,154,96,117,78,129,111,127,141,94,122,104,96,106,110,128,107,112,,,,66,,
20260620,21,O3_8h,90,96,120,91,92,176,133,94,80,96,103,152,145,124,101,98,101,94,102,79,82,108,112,148,142,95,120,117,100,97,106,93,149,57,92,95,64,84,86,98,94,69,58,49,85,87,62,81,163,150,148,132,65,70,47,47,62,53,51,62,63,65,63,72,108,69,93,69,135,94,114,102,110,147,54,58,98,98,96,84,85,77,63,151,158,164,147,166,156,84,152,162,158,144,109,143,78,49,82,63,52,54,73,54,84,62,51,65,61,127,100,140,105,112,103,89,100,84,87,72,125,85,137,108,103,89,121,170,144,135,102,116,125,125,114,89,73,45,82,50,69,70,85,81,118,94,68,70,89,69,88,84,84,74,108,120,128,123,129,108,,,,,,,,,,,,,,,,,,,,,,,,,,,,,,111,118,67,136,103,128,114,118,113,113,113,86,103,102,,72,110,92,99,95,88,109,113,75,97,125,102,75,73,80,83,80,86,73,74,100,113,94,92,121,111,102,72,76,105,108,99,100,107,103,78,61,68,54,98,72,53,68,52,63,56,62,56,63,157,150,155,129,132,128,117,126,140,81,139,126,114,125,125,88,126,96,63,47,83,49,60,49,53,42,58,71,84,63,71,52,62,42,51,67,62,74,75,81,74,97,77,81,63,85,62,,73,101,107,90,57,96,52,59,,55,59,70,68,58,49,50,44,41,42,62,50,58,73,83,131,141,131,,164,79,81,126,55,105,107,84,111,139,96,,89,,90,,79,115,118,117,109,98,129,135,127,120,94,145,122,145,124,97,112,100,101,112,121,133,147,150,,,,69,,
20260620,21,O3_8h_24h,88,94,120,88,91,170,132,93,79,96,103,134,145,123,101,95,92,94,88,74,76,106,107,146,140,88,117,112,87,92,103,90,147,52,88,87,64,78,83,95,91,55,51,46,85,80,57,76,159,141,146,127,60,59,40,40,53,45,44,53,56,56,62,62,102,60,81,66,133,87,107,101,110,146,54,57,98,97,92,72,80,71,52,146,140,163,132,161,152,81,148,158,156,136,109,134,73,45,67,48,46,53,68,43,77,50,44,61,59,124,99,121,91,105,86,88,97,65,80,69,118,74,122,103,91,81,120,169,143,121,98,110,122,117,100,86,65,45,81,38,69,68,83,79,104,86,66,66,85,69,79,69,82,73,98,120,127,122,126,108,,,,,,,,,,,,,,,,,,,,,,,,,,,,,,110,116,61,117,101,126,102,115,111,112,113,37,103,102,,72,110,78,96,91,68,109,112,67,95,109,92,70,68,79,78,78,84,70,74,73,113,94,92,114,107,97,54,69,105,104,98,99,102,92,69,56,56,45,95,62,42,60,49,61,47,52,56,56,156,142,153,126,130,123,114,122,129,64,134,120,110,124,123,75,122,92,54,41,80,46,56,42,51,42,49,70,80,60,69,52,57,34,42,62,49,68,75,81,74,87,69,80,58,75,57,,69,98,103,85,57,92,51,49,,54,59,65,63,58,47,48,40,37,42,57,49,57,67,76,128,127,130,,164,79,80,125,50,104,107,81,110,138,79,,80,,89,,71,114,115,,105,95,122,135,124,120,93,145,122,144,124,97,112,100,101,112,121,133,143,145,,,,69,,
20260620,21,CO,0.21,0.36,0.28,0.42,0.90,0.35,0.24,0.23,0.10,0.25,0.32,0.42,0.35,0.32,0.36,0.54,0.59,0.34,0.38,0.58,0.46,0.88,0.87,0.53,0.48,0.62,0.71,0.59,0.44,0.58,0.86,0.60,0.63,0.74,0.63,0.50,0.61,0.68,0.70,0.47,0.80,0.43,0.40,0.35,0.57,0.35,0.28,0.72,0.33,0.71,0.69,0.64,0.50,0.47,0.51,0.57,0.40,0.30,0.43,0.43,0.53,0.40,0.53,0.35,0.58,0.60,0.53,0.48,0.37,0.49,0.65,0.30,0.28,0.27,0.40,0.60,0.29,0.42,0.44,0.47,0.33,0.45,0.47,0.37,0.38,0.47,0.46,0.33,0.46,0.38,0.45,0.40,0.23,0.80,0.27,0.42,0.70,0.55,0.50,0.60,0.60,0.50,0.75,0.43,0.45,0.50,0.47,0.55,0.27,0.20,0.29,0.60,0.70,0.42,0.36,0.60,0.55,0.74,0.40,0.35,0.47,0.37,0.42,0.52,0.80,0.54,0.53,0.40,0.63,0.67,0.70,0.55,0.45,0.53,0.60,0.75,0.60,0.57,0.50,0.81,0.35,0.53,0.50,0.68,0.53,0.47,0.63,0.30,0.57,0.53,0.30,0.45,0.45,0.50,0.50,0.30,0.33,0.46,0.38,0.20,,,,,,,,,,,,,,,,,,,,,,,,,,,,,,0.60,0.60,0.45,0.53,0.20,0.20,0.77,0.37,0.23,0.27,0.40,0.30,0.55,0.38,,0.15,0.35,0.45,0.53,0.45,0.67,0.20,0.40,0.55,0.50,0.35,0.20,0.30,0.27,0.20,0.15,0.63,0.30,0.43,0.35,0.35,0.20,0.52,0.38,0.40,0.53,0.65,0.45,0.50,0.56,0.33,0.42,0.30,0.57,0.33,0.37,0.83,0.45,0.40,1.20,0.57,0.57,0.42,0.55,0.32,0.30,0.55,0.57,0.45,0.70,0.53,0.45,0.67,0.64,0.65,0.50,0.40,0.40,0.80,0.76,0.57,0.75,0.70,0.47,0.70,0.67,0.50,0.85,0.55,0.90,0.60,0.67,0.50,0.40,0.35,0.25,0.57,0.53,0.53,0.37,0.55,0.40,0.90,0.30,0.40,0.67,0.45,0.47,0.55,0.50,0.53,0.45,0.55,0.70,0.45,0.40,,0.20,0.85,0.37,0.53,0.40,0.60,0.35,0.70,,0.55,0.40,0.50,0.65,0.65,0.50,0.50,0.20,0.30,0.55,0.40,0.40,0.50,0.45,0.50,0.20,0.40,0.40,,0.25,0.25,0.50,0.27,0.40,0.80,0.25,0.30,0.20,0.35,0.50,,0.40,,0.35,,0.30,0.60,0.40,0.20,0.50,0.30,0.30,0.30,0.23,0.30,0.30,0.40,0.10,0.20,0.35,0.65,0.20,0.35,0.30,0.50,0.60,0.20,0.35,0.25,,,,0.55,,
20260620,21,CO_24h,0.31,0.47,0.36,0.44,0.35,0.40,0.31,0.23,0.15,0.33,0.33,0.53,0.55,0.42,0.32,0.72,0.63,0.41,0.67,0.50,0.42,0.78,0.63,0.47,0.38,0.58,0.70,0.60,0.42,0.52,0.90,0.46,0.50,0.60,0.46,0.43,0.49,0.58,0.50,0.43,0.60,0.50,0.30,0.45,0.58,0.30,0.28,0.62,0.37,0.49,0.58,0.69,0.47,0.45,0.49,0.57,0.40,0.25,0.43,0.43,0.50,0.40,0.53,0.30,0.60,0.59,0.57,0.55,0.25,0.59,0.60,0.35,0.20,0.30,0.38,0.58,0.24,0.40,0.60,0.45,0.33,0.43,0.47,0.31,0.58,0.37,0.46,0.42,0.44,0.37,0.48,0.40,0.30,0.64,0.23,0.53,0.63,0.53,0.43,0.60,0.55,0.50,0.70,0.40,0.40,0.50,0.43,0.55,0.37,0.20,0.39,0.73,0.85,0.46,0.48,0.80,0.68,0.84,0.50,0.45,0.46,0.37,0.45,0.50,0.80,0.56,0.48,0.35,0.50,0.60,0.60,0.53,0.50,0.53,0.63,0.85,0.60,0.50,0.50,0.71,0.35,0.55,0.70,0.77,0.63,0.47,0.67,0.40,0.68,0.53,0.40,0.60,0.40,0.48,0.55,0.20,0.37,0.50,0.36,0.25,,,,,,,,,,,,,,,,,,,,,,,,,,,,,,0.50,0.50,0.40,0.73,0.20,0.25,0.82,0.40,0.30,0.30,0.50,0.30,0.45,0.38,,0.15,0.35,0.53,0.80,0.45,0.67,0.37,0.40,0.75,0.55,0.40,0.40,0.33,0.27,0.30,0.43,0.70,0.40,0.43,0.30,0.40,0.20,0.37,0.32,0.35,0.60,0.63,0.40,0.35,0.50,0.27,0.38,0.27,0.57,0.40,0.37,0.77,0.40,0.30,0.70,0.47,0.60,0.85,0.35,0.30,0.25,0.63,0.57,0.50,0.54,0.45,0.40,0.55,0.46,0.55,0.43,0.30,0.50,0.70,0.70,0.63,0.75,0.60,0.50,0.70,0.60,0.50,0.98,0.45,0.80,0.55,0.60,0.50,0.35,0.45,0.30,0.53,0.55,0.60,0.40,0.55,0.37,0.80,0.65,0.50,0.63,0.55,0.60,0.57,0.60,0.55,0.42,0.55,0.75,0.40,0.20,,0.20,0.70,0.50,0.53,0.50,0.50,0.35,0.60,,0.65,0.40,0.50,0.55,0.65,0.40,0.40,0.10,0.25,0.55,0.35,0.45,0.50,0.45,0.45,0.20,0.40,0.30,,0.30,0.30,0.57,0.23,0.50,0.80,0.25,0.30,0.20,0.40,0.50,,0.35,,0.30,,0.20,0.50,0.40,0.20,0.40,0.30,0.20,0.30,0.30,0.35,0.35,0.50,0.20,0.25,0.35,0.65,0.20,0.45,0.30,0.50,0.60,0.10,0.35,0.30,,,,0.40,,
20260620,22,AQI,23,18,42,39,60,42,51,23,26,22,39,42,39,30,26,20,26,24,21,41,19,31,19,51,46,27,30,30,21,22,39,29,54,19,37,36,27,23,23,31,27,19,20,14,21,34,25,17,41,55,42,35,15,22,23,18,19,11,22,23,23,22,17,24,38,33,27,20,37,27,30,34,50,40,13,18,23,29,28,17,23,19,28,51,28,46,30,41,54,31,45,38,42,61,31,31,24,21,23,23,20,21,23,21,30,23,26,21,24,34,24,36,54,55,22,22,19,30,19,21,34,25,29,21,22,14,29,44,51,41,54,37,25,24,17,23,17,32,45,31,25,19,25,37,41,36,26,28,25,15,25,17,30,21,22,46,51,41,38,41,,,,,,,,,,,,,,,,,,,,,,,,,,,,,,32,42,24,41,39,30,30,48,55,47,39,32,44,31,,21,35,14,25,20,28,23,23,19,23,31,14,21,20,23,17,24,24,18,23,17,34,28,30,49,22,26,18,27,27,29,27,27,23,17,23,18,17,17,34,20,23,22,23,23,32,25,19,21,54,47,36,53,53,49,41,49,28,25,36,25,33,33,23,17,26,28,18,21,19,21,19,30,20,13,34,29,26,25,21,30,33,23,23,31,29,21,21,22,20,59,34,18,30,36,27,,16,33,34,26,20,23,14,19,,14,16,35,20,28,20,17,11,15,33,15,35,14,20,16,37,28,39,,61,24,29,26,26,27,35,24,49,36,36,,34,,31,,20,43,36,30,32,29,27,45,32,44,21,42,38,35,44,71,66,78,28,35,46,38,49,63,,,,35,,
20260620,22,PM2.5,3,6,16,15,35,29,14,12,10,8,20,16,23,12,10,8,11,7,8,29,8,22,6,36,32,14,18,20,13,14,27,20,38,11,26,22,16,16,16,16,19,4,13,4,11,18,15,11,12,34,29,14,9,11,11,11,10,8,8,11,11,9,9,15,22,23,13,7,6,8,21,24,16,11,9,10,13,8,17,11,5,13,16,30,4,21,3,16,33,19,30,19,10,44,7,6,14,14,12,9,13,9,10,7,13,14,13,7,7,17,9,20,18,14,10,4,10,19,4,7,9,3,16,15,11,9,20,28,34,29,32,26,14,17,5,4,9,18,10,14,13,8,14,17,24,19,15,15,16,10,9,9,13,13,13,32,19,17,14,18,,,,,,,,,,,,,,,,,,,,,,,,,,,,,,20,18,15,12,13,15,9,17,14,13,11,8,14,10,,6,10,3,2,8,18,7,3,6,3,6,9,2,9,13,9,16,16,9,16,8,9,17,21,18,11,18,9,19,16,20,17,4,13,10,14,11,12,12,24,8,12,8,15,8,8,5,4,8,38,25,22,37,35,29,20,32,8,10,23,12,23,17,14,7,14,8,6,15,8,15,9,9,6,3,24,10,12,16,12,15,13,9,11,9,8,11,15,3,11,42,11,8,21,22,7,,3,23,24,18,3,16,9,13,,3,11,20,14,15,14,3,8,10,3,10,12,8,7,3,9,3,20,,9,3,20,7,10,14,19,6,29,20,13,,19,,8,,14,30,11,11,8,3,3,3,9,18,3,20,25,15,3,52,35,48,3,22,18,10,12,26,,,,20,,
20260620,22,PM2.5_24h,8,17,16,23,20,14,22,9,10,16,19,22,16,10,6,15,14,19,18,12,5,8,11,18,19,8,7,10,10,10,16,9,18,3,11,15,9,7,7,14,13,8,10,6,5,13,13,7,17,20,26,11,7,10,7,8,10,10,8,7,8,11,11,12,18,25,16,11,6,15,33,19,8,11,6,7,6,7,21,8,17,17,13,20,19,11,22,30,18,12,26,19,22,22,8,23,11,11,14,11,10,10,12,10,12,13,11,8,4,14,7,17,19,10,11,13,18,19,19,16,24,11,22,6,8,4,18,17,27,24,21,22,16,17,5,5,6,12,11,13,12,16,22,14,20,21,25,23,12,13,23,13,11,13,18,24,17,13,13,45,,,,,,,,,,,,,,,,,,,,,,,,,,,,,,11,15,13,14,6,9,18,10,10,7,20,13,8,6,,4,11,12,12,14,23,17,13,13,9,25,29,5,13,15,14,17,21,10,16,18,12,14,14,15,11,12,3,13,13,18,7,8,9,9,14,9,8,9,15,7,8,6,9,7,5,7,5,9,24,22,13,24,22,16,16,14,8,10,17,6,16,5,6,6,8,9,8,13,6,9,9,6,5,3,14,13,14,16,16,13,11,4,16,12,13,23,24,11,13,20,10,12,24,22,8,,5,16,22,24,5,15,6,11,,7,13,20,5,10,13,4,8,9,8,5,11,8,7,4,4,3,8,,4,5,20,8,10,14,33,12,26,15,13,,12,,10,,11,21,14,13,10,8,4,7,12,19,14,16,10,12,9,56,22,16,24,15,10,3,8,14,,,,11,,
20260620,22,PM10,7,15,42,39,70,37,51,22,26,22,39,42,39,24,13,17,15,11,21,40,19,30,15,50,46,27,30,30,21,22,27,28,41,19,36,36,27,19,22,31,24,19,20,14,19,34,25,10,41,59,42,23,13,22,23,18,19,11,22,23,23,22,16,24,38,27,27,20,17,15,,31,50,34,13,18,22,29,28,17,9,19,28,52,26,46,27,41,57,31,45,38,27,64,7,22,24,21,23,23,20,21,23,21,30,23,26,21,24,34,18,36,57,59,15,10,14,30,9,14,18,25,25,20,22,12,29,44,51,35,58,37,23,24,17,12,10,32,45,31,22,19,20,37,41,36,26,28,25,15,15,17,30,21,22,46,52,41,38,41,,,,,,,,,,,,,,,,,,,,,,,,,,,,,,25,42,24,41,39,27,30,48,60,47,23,32,44,31,,13,31,14,8,19,28,13,16,19,20,12,14,7,18,23,16,23,24,18,22,17,18,28,27,49,22,20,18,20,27,29,,18,16,14,23,18,17,15,27,20,23,22,23,23,32,25,19,21,50,47,35,51,55,49,41,49,28,25,36,25,32,22,21,17,25,28,14,16,19,20,19,30,20,8,27,29,26,25,21,30,33,23,23,31,29,21,20,11,20,53,34,11,29,36,27,,9,,29,18,20,19,14,16,,,16,35,18,28,19,17,8,15,33,11,35,11,14,14,37,11,35,,17,8,28,17,26,27,35,20,49,36,36,,34,,31,,19,,,30,22,24,26,11,32,44,19,42,38,33,35,71,82,106,14,35,46,24,49,76,,,,35,,
20260620,22,PM10_24h,14,26,34,34,45,21,41,17,23,25,28,46,33,18,9,26,18,27,40,14,13,12,16,24,25,15,17,15,13,11,18,12,19,9,23,26,14,9,10,29,25,20,20,18,9,27,24,7,32,27,38,16,11,21,19,17,17,18,23,17,19,21,24,22,30,29,30,18,12,30,62,20,37,32,10,13,17,23,33,14,19,20,21,31,28,24,35,47,31,17,44,32,31,33,9,32,20,19,26,26,18,21,21,22,26,24,25,25,10,23,13,27,47,23,18,19,26,30,27,25,42,22,35,12,16,8,27,26,35,37,29,36,23,23,15,11,10,22,36,24,28,29,31,32,38,31,28,34,19,21,40,23,25,21,37,64,55,42,49,120,,,,,,,,,,,,,,,,,,,,,,,,,,,,,,17,20,23,33,20,18,32,21,30,36,38,24,33,20,,10,42,21,25,23,26,27,24,26,31,33,28,12,18,20,19,23,29,20,27,27,14,18,14,24,22,13,10,8,20,25,5,8,14,15,25,20,21,16,24,12,17,24,21,19,22,25,24,25,31,40,25,32,25,28,22,24,23,23,25,14,24,17,12,11,17,18,19,15,12,11,14,16,9,11,31,31,31,24,25,21,19,12,30,33,28,35,24,17,27,25,32,16,29,27,19,,8,16,28,28,18,23,14,21,,11,10,30,11,27,15,9,9,14,20,8,20,14,14,9,9,11,17,,13,5,26,21,23,26,53,24,49,25,40,,26,,31,,25,27,21,31,23,25,13,16,45,56,26,40,18,27,36,58,44,39,47,32,34,25,34,54,,,,22,,
20260620,22,SO2,3,5,3,4,6,3,3,4,3,3,5,4,3,7,8,4,7,5,5,6,6,6,6,6,8,5,6,8,5,9,7,8,6,6,5,5,7,5,5,6,6,2,4,5,7,5,2,7,5,7,3,5,5,6,5,6,5,5,9,3,4,11,4,4,8,4,8,5,5,5,11,9,6,6,4,6,7,6,6,4,6,8,2,10,10,8,9,9,10,4,5,4,6,9,8,6,11,6,9,4,10,6,5,4,5,5,3,7,6,4,7,12,6,8,10,5,9,6,6,5,4,6,5,6,7,3,8,2,8,9,5,13,8,7,4,9,8,8,3,4,2,8,9,15,4,10,5,6,3,3,5,5,2,10,6,8,5,11,6,4,,,,,,,,,,,,,,,,,,,,,,,,,,,,,,5,3,4,4,5,8,6,5,4,10,7,5,12,5,,6,10,5,7,9,6,4,7,10,10,2,5,7,9,4,7,6,4,9,6,9,6,6,7,5,8,4,4,7,5,5,5,4,4,6,4,7,3,6,6,3,8,5,5,2,7,3,4,13,7,6,5,3,6,6,4,4,5,8,8,5,7,4,6,6,4,5,6,5,4,4,4,4,4,3,7,6,3,4,4,9,11,4,11,10,9,9,9,3,7,7,6,6,7,4,3,,6,7,4,8,3,8,3,3,,5,5,10,9,5,6,2,3,4,6,6,6,5,9,7,4,7,5,,4,4,4,5,5,7,7,11,8,6,9,,5,,8,,4,16,5,10,11,12,7,20,7,8,7,7,6,8,5,4,6,2,4,6,4,7,8,6,,,,4,,
20260620,22,SO2_24h,3,5,3,5,6,5,3,4,3,3,5,5,4,8,8,5,7,5,6,6,5,6,5,6,8,6,5,6,5,9,7,7,6,6,6,5,6,5,5,6,6,3,5,5,8,5,2,8,6,7,4,5,5,6,4,6,5,5,6,3,4,8,3,4,9,5,14,5,5,5,12,10,5,6,5,6,6,7,6,4,6,7,3,10,10,8,9,10,9,5,6,5,6,10,4,8,12,5,7,4,7,6,5,4,5,5,4,5,5,4,7,13,6,9,11,5,9,7,6,6,4,6,6,5,9,3,9,3,8,9,5,10,8,7,3,8,7,5,3,5,2,8,9,21,4,10,4,6,3,4,6,6,2,7,8,12,7,13,6,3,,,,,,,,,,,,,,,,,,,,,,,,,,,,,,5,3,4,5,4,8,6,5,4,9,8,5,10,4,,6,9,7,8,9,6,5,8,12,10,2,5,8,8,5,7,6,4,9,7,10,6,6,6,5,10,6,4,8,5,6,5,4,6,6,5,10,4,4,6,5,9,6,5,3,8,4,4,8,7,8,5,4,5,6,4,4,5,8,7,5,8,4,6,7,5,5,9,6,4,5,5,6,5,3,8,5,3,5,5,8,12,5,7,5,9,9,10,4,7,7,7,6,8,4,3,,6,8,4,7,3,7,4,3,,4,5,9,9,5,7,2,3,4,8,6,7,5,8,7,6,7,4,,5,4,5,6,5,7,6,10,8,6,8,,5,,9,,4,12,8,10,11,14,6,20,11,7,7,6,7,9,5,4,9,2,4,7,4,7,8,9,,,,4,,
20260620,22,NO2,15,32,12,29,19,11,17,10,13,22,20,26,9,18,12,13,11,7,16,25,18,19,11,18,19,23,18,19,40,22,18,15,23,23,24,19,18,24,23,12,12,11,25,11,17,11,9,15,17,37,15,18,7,16,11,3,11,4,7,10,9,11,8,10,14,19,12,14,11,7,13,11,20,16,13,14,20,17,9,14,10,25,13,18,20,17,14,20,31,15,17,11,11,37,11,14,15,6,12,5,11,5,12,3,16,12,9,4,6,13,14,23,32,41,16,6,13,18,8,9,8,13,8,18,13,18,13,12,22,15,23,21,19,12,8,9,6,12,5,20,6,18,10,19,11,12,17,12,6,11,9,14,22,8,14,8,12,28,17,10,,,,,,,,,,,,,,,,,,,,,,,,,,,,,,7,12,7,17,11,15,12,31,35,12,8,6,11,11,,5,5,13,6,26,19,13,11,13,12,3,6,5,7,12,7,7,9,11,4,21,5,16,15,19,19,21,6,10,18,16,8,10,8,4,11,13,16,10,15,6,11,12,4,7,12,7,3,9,14,19,11,23,23,31,17,18,4,10,15,18,11,6,25,10,12,3,7,6,12,11,6,9,12,5,27,8,9,9,8,8,14,12,9,12,17,16,13,8,22,9,31,8,21,12,6,,14,13,10,6,6,10,4,12,,4,12,20,13,4,10,5,4,8,4,9,6,10,8,18,4,6,11,,1,4,13,22,11,13,17,8,17,37,23,,16,,9,,12,23,1,1,2,1,28,2,19,15,20,28,21,19,5,11,5,10,3,14,6,14,16,11,,,,8,,
20260620,22,NO2_24h,10,13,9,11,13,10,9,6,9,10,11,20,10,13,6,23,10,25,30,14,11,11,11,13,9,5,12,9,15,4,8,6,9,11,13,11,12,13,12,7,16,10,11,8,8,8,7,7,13,19,11,11,5,11,6,2,7,3,6,5,6,6,6,5,14,14,9,12,9,15,10,14,7,14,8,9,6,7,14,8,12,13,8,15,17,7,14,15,13,15,16,8,9,23,11,16,11,5,9,4,7,3,9,2,9,7,7,5,5,11,8,11,17,17,11,12,22,19,14,16,10,9,13,12,10,12,10,6,13,11,10,15,11,9,8,4,7,8,4,10,6,10,14,14,14,11,12,13,9,10,19,14,10,9,19,7,16,16,9,19,,,,,,,,,,,,,,,,,,,,,,,,,,,,,,6,5,6,10,6,8,11,9,12,7,10,7,5,5,,4,4,11,15,22,10,23,30,17,13,8,7,6,7,11,8,9,15,14,7,22,5,9,9,7,12,9,3,4,7,4,5,5,7,4,8,9,9,4,11,6,10,9,2,4,6,8,3,8,10,13,11,8,12,11,7,7,5,8,12,9,8,5,4,6,7,4,6,7,7,5,5,9,6,5,15,6,5,10,8,10,10,9,8,11,12,16,14,11,19,11,22,7,17,11,5,,13,9,8,5,5,8,4,5,,5,6,14,7,5,6,5,3,7,4,7,7,9,7,8,5,4,8,,2,6,11,10,7,9,9,10,9,10,14,,10,,6,,9,11,2,2,4,2,10,1,10,9,10,12,12,13,8,7,11,12,4,14,4,8,10,9,,,,4,,
20260620,22,O3,75,59,102,40,80,135,96,73,38,62,87,78,118,97,84,64,83,78,68,46,44,74,60,116,100,58,79,70,34,52,74,65,88,26,50,50,52,40,46,57,71,30,12,29,66,49,39,53,120,85,100,111,47,26,24,34,28,32,30,30,34,30,54,42,62,44,48,36,119,86,90,82,100,127,38,38,73,80,69,52,73,46,34,120,91,138,96,114,94,82,111,113,135,84,99,98,53,33,40,40,23,47,36,37,40,27,25,42,49,93,77,74,50,44,69,70,61,34,60,66,110,49,94,64,60,46,86,140,109,58,51,67,80,71,49,72,55,25,76,16,81,32,79,46,64,62,46,36,67,46,79,40,28,58,69,112,104,80,90,102,,,,,,,,,,,,,,,,,,,,,,,,,,,,,,102,91,40,62,75,96,69,62,55,93,126,31,88,83,,66,112,34,81,65,25,75,74,31,74,98,33,68,64,69,53,78,67,58,60,40,108,73,71,66,66,65,29,36,82,69,87,85,72,53,37,30,17,18,51,26,24,50,43,47,29,33,55,41,123,93,116,80,97,70,79,97,86,20,91,78,69,106,75,49,84,66,56,36,60,28,40,12,40,42,19,60,65,47,53,43,35,23,29,41,39,48,59,69,52,74,33,58,22,56,9,,50,51,71,59,55,66,35,25,,44,44,46,39,44,27,41,36,32,37,47,49,45,64,51,117,91,125,,169,77,47,82,23,67,87,78,84,76,45,,70,,72,,56,85,114,88,102,92,85,143,87,111,67,102,83,112,142,81,102,89,89,101,98,120,105,105,,,,58,,
20260620,22,O3_24h,75,59,102,40,80,135,96,73,38,62,87,78,118,97,84,64,83,78,68,46,44,74,60,116,100,58,79,70,34,52,74,65,88,26,50,50,52,40,46,57,71,30,12,29,66,49,39,53,120,85,100,111,47,26,24,34,28,32,30,30,34,30,54,42,62,44,48,36,119,86,90,82,100,127,38,38,73,80,69,52,73,46,34,120,91,138,96,114,94,82,111,113,135,84,99,98,53,33,40,40,23,47,36,37,40,27,25,42,49,93,77,74,50,44,69,70,61,34,60,66,110,49,94,64,60,46,86,140,109,58,51,67,80,71,49,72,55,25,76,16,81,32,79,46,64,62,46,36,67,46,79,40,28,58,69,112,104,80,90,102,,,,,,,,,,,,,,,,,,,,,,,,,,,,,,102,91,40,62,75,96,69,62,55,93,126,31,88,83,,66,112,34,81,65,25,75,74,31,74,98,33,68,64,69,53,78,67,58,60,40,108,73,71,66,66,65,29,36,82,69,87,85,72,53,37,30,17,18,51,26,24,50,43,47,29,33,55,41,123,93,116,80,97,70,79,97,86,20,91,78,69,106,75,49,84,66,56,36,60,28,40,12,40,42,19,60,65,47,53,43,35,23,29,41,39,48,59,69,52,74,33,58,22,56,9,,50,51,71,59,55,66,35,25,,44,44,46,39,44,27,41,36,32,37,47,49,45,64,51,117,91,125,,169,77,47,82,23,67,87,78,84,76,45,,70,,72,,56,85,114,88,102,92,85,143,87,111,67,102,83,112,142,81,102,89,89,101,98,120,105,105,,,,58,,
20260620,22,O3_8h,88,96,120,91,92,176,133,94,80,96,104,152,145,124,101,98,101,94,102,79,82,108,112,148,142,95,120,117,100,97,106,93,149,57,92,95,64,84,86,98,94,69,58,49,85,87,62,81,163,150,148,132,65,70,47,47,62,53,51,62,63,65,63,72,108,69,93,69,135,94,112,102,110,147,54,58,98,98,96,84,85,77,63,151,158,164,147,166,156,85,152,162,158,144,111,143,78,49,82,63,52,54,73,54,84,62,51,65,61,127,100,140,105,112,103,89,100,84,87,72,125,85,139,108,103,89,121,170,144,135,102,116,125,125,114,89,73,45,82,50,70,70,85,81,118,94,68,70,89,69,88,84,84,74,108,120,128,123,129,108,,,,,,,,,,,,,,,,,,,,,,,,,,,,,,112,118,67,136,103,128,114,118,113,113,115,86,103,102,,72,111,92,99,95,88,109,113,75,97,125,102,75,73,80,83,80,86,73,74,100,113,94,92,121,111,102,72,76,105,108,99,100,107,103,78,61,68,54,98,72,53,68,52,63,56,62,56,63,157,150,155,129,132,128,117,126,140,81,139,126,114,125,125,88,126,96,64,47,83,49,60,49,53,42,58,71,84,63,71,52,62,42,51,67,62,74,75,81,74,97,77,81,63,85,62,,73,101,107,90,57,96,52,59,,55,59,70,68,58,49,50,44,41,42,62,50,58,73,83,132,141,131,,166,79,81,127,55,105,107,84,111,139,96,,89,,90,,79,115,118,117,109,98,129,137,127,120,94,145,122,145,127,97,113,100,101,112,121,133,147,150,,,,69,,
20260620,22,O3_8h_24h,87,91,119,81,91,165,129,90,74,93,103,122,143,121,100,92,89,94,84,69,70,102,99,143,135,83,113,107,76,86,99,87,141,48,82,81,62,73,78,89,87,51,44,44,84,75,54,73,154,134,141,124,58,53,36,39,48,43,41,48,52,52,61,58,95,58,74,63,130,84,111,99,110,143,52,55,95,95,88,68,77,67,47,141,131,160,126,154,145,80,141,152,154,126,110,127,69,43,61,45,42,52,63,42,71,45,40,58,57,120,96,112,85,97,84,85,91,59,77,68,115,70,115,98,86,78,117,166,139,109,92,103,117,110,91,84,63,43,80,32,70,61,82,76,95,81,64,59,83,66,80,62,75,72,90,119,125,118,122,108,,,,,,,,,,,,,,,,,,,,,,,,,,,,,,110,114,58,104,98,122,95,108,104,109,115,36,103,101,,72,111,68,93,86,60,105,105,61,93,105,84,69,66,79,74,77,80,69,72,66,113,93,91,107,100,92,49,64,104,99,97,98,97,86,62,52,49,40,90,56,38,56,47,59,43,49,56,54,152,134,150,121,126,116,110,118,121,55,126,113,106,122,116,69,117,88,53,39,77,43,53,39,49,42,44,69,77,58,66,50,52,32,38,56,46,65,74,80,71,84,64,78,54,72,45,,66,92,99,79,56,87,47,44,,52,58,62,59,57,45,47,40,35,40,55,49,55,66,71,129,124,129,,166,79,76,123,45,99,106,80,106,131,73,,79,,86,,68,110,114,104,104,94,116,137,119,120,91,140,118,139,127,95,113,100,100,110,118,131,137,137,,,,68,,
20260620,22,CO,0.21,0.42,0.28,0.51,0.90,0.40,0.26,0.23,0.10,0.28,0.43,0.40,0.28,0.30,0.32,0.57,0.58,0.34,0.37,0.54,0.44,0.84,0.85,0.56,0.48,0.62,0.70,0.60,0.44,0.62,0.82,0.60,0.60,0.75,0.66,0.50,0.64,0.68,0.65,0.47,0.80,0.50,0.40,0.40,0.59,0.38,0.28,0.73,0.31,0.73,0.67,0.68,0.50,0.46,0.50,0.53,0.40,0.30,0.40,0.43,0.53,0.40,0.50,0.35,0.57,0.59,0.53,0.53,0.37,0.50,0.60,0.35,0.30,0.29,0.42,0.58,0.34,0.42,0.44,0.45,0.33,0.43,0.50,0.39,0.40,0.43,0.56,0.38,0.52,0.42,0.47,0.42,0.25,0.78,0.37,0.40,0.67,0.55,0.47,0.60,0.60,0.50,0.75,0.43,0.50,0.50,0.47,0.55,0.27,0.20,0.31,0.65,0.80,0.44,0.32,0.64,0.57,0.76,0.46,0.35,0.42,0.37,0.44,0.53,0.57,0.56,0.57,0.35,0.67,0.63,0.73,0.63,0.43,0.50,0.60,0.75,0.60,0.53,0.50,0.81,0.35,0.53,0.50,0.68,0.50,0.47,0.63,0.30,0.55,0.55,0.30,0.45,0.50,0.50,0.55,0.20,0.37,0.52,0.40,0.20,,,,,,,,,,,,,,,,,,,,,,,,,,,,,,0.60,0.60,0.45,0.63,0.17,0.25,0.83,0.40,0.27,0.40,0.30,0.30,0.45,0.38,,0.15,0.40,0.50,0.53,0.50,0.67,0.20,0.40,0.55,0.50,0.35,0.20,0.30,0.23,0.20,0.23,0.65,0.30,0.43,0.35,0.35,0.20,0.52,0.38,0.35,0.57,0.63,0.45,0.50,0.54,0.30,0.42,0.30,0.55,0.30,0.37,0.73,0.45,0.45,1.05,0.57,0.53,0.47,0.55,0.30,0.30,0.57,0.60,0.50,0.66,0.55,0.45,0.67,0.60,0.65,0.50,0.40,0.38,0.70,0.76,0.63,0.77,0.70,0.53,0.70,0.63,0.55,0.70,0.65,0.90,0.65,0.67,0.50,0.35,0.35,0.25,0.60,0.55,0.57,0.33,0.50,0.40,0.90,0.35,0.50,0.63,0.45,0.47,0.55,0.55,0.55,0.40,0.55,0.70,0.45,0.40,,0.20,0.70,0.40,0.53,0.40,0.50,0.35,0.50,,0.55,0.45,0.60,0.65,0.65,0.55,0.50,0.10,0.30,0.60,0.40,0.40,0.55,0.45,0.50,0.20,0.45,0.40,,0.30,0.25,0.53,0.27,0.40,0.80,0.25,0.25,0.30,0.45,0.55,,0.45,,0.35,,0.30,0.50,0.40,0.20,0.50,0.30,0.30,0.30,0.27,0.30,0.30,0.60,0.20,0.20,0.30,0.65,0.10,0.40,0.35,0.50,0.60,0.20,0.35,0.30,,,,0.55,,
20260620,22,CO_24h,0.28,0.46,0.34,0.44,0.40,0.40,0.31,0.23,0.15,0.33,0.33,0.53,0.55,0.40,0.32,0.72,0.62,0.41,0.64,0.51,0.42,0.79,0.63,0.47,0.38,0.58,0.71,0.60,0.42,0.52,0.90,0.46,0.50,0.60,0.46,0.43,0.50,0.58,0.50,0.43,0.65,0.50,0.30,0.45,0.58,0.32,0.28,0.63,0.37,0.50,0.60,0.69,0.47,0.44,0.49,0.57,0.40,0.30,0.43,0.43,0.53,0.40,0.51,0.33,0.60,0.59,0.57,0.55,0.27,0.59,0.60,0.35,0.20,0.31,0.37,0.58,0.24,0.40,0.60,0.45,0.33,0.43,0.47,0.31,0.54,0.37,0.48,0.42,0.42,0.37,0.50,0.40,0.30,0.66,0.27,0.53,0.63,0.53,0.47,0.60,0.55,0.50,0.70,0.40,0.40,0.50,0.43,0.55,0.37,0.20,0.37,0.73,0.82,0.46,0.46,0.80,0.68,0.86,0.48,0.45,0.46,0.37,0.45,0.50,0.80,0.56,0.48,0.35,0.52,0.60,0.63,0.55,0.50,0.53,0.63,0.80,0.60,0.50,0.50,0.73,0.35,0.55,0.68,0.77,0.63,0.47,0.63,0.40,0.68,0.53,0.40,0.60,0.40,0.50,0.60,0.20,0.37,0.50,0.36,0.25,,,,,,,,,,,,,,,,,,,,,,,,,,,,,,0.53,0.50,0.40,0.73,0.20,0.25,0.82,0.40,0.30,0.30,0.47,0.30,0.45,0.38,,0.15,0.35,0.53,0.80,0.45,0.67,0.33,0.40,0.75,0.55,0.40,0.35,0.33,0.27,0.25,0.43,0.70,0.35,0.43,0.30,0.40,0.20,0.37,0.30,0.35,0.60,0.65,0.40,0.35,0.50,0.27,0.38,0.27,0.57,0.40,0.37,0.77,0.40,0.30,0.75,0.50,0.60,0.83,0.35,0.30,0.25,0.63,0.57,0.50,0.56,0.45,0.40,0.58,0.48,0.55,0.47,0.30,0.50,0.70,0.72,0.63,0.75,0.60,0.50,0.70,0.60,0.50,0.97,0.45,0.80,0.55,0.63,0.50,0.35,0.45,0.30,0.53,0.55,0.60,0.40,0.55,0.37,0.80,0.65,0.50,0.63,0.55,0.53,0.57,0.60,0.53,0.42,0.55,0.75,0.40,0.20,,0.20,0.70,0.50,0.53,0.45,0.50,0.35,0.60,,0.65,0.40,0.50,0.55,0.65,0.40,0.40,0.10,0.25,0.50,0.35,0.40,0.50,0.45,0.45,0.20,0.40,0.30,,0.30,0.30,0.57,0.23,0.50,0.80,0.25,0.30,0.20,0.40,0.50,,0.35,,0.30,,0.20,0.50,0.40,0.20,0.40,0.30,0.20,0.30,0.30,0.35,0.35,0.50,0.20,0.25,0.35,0.65,0.20,0.45,0.30,0.50,0.60,0.20,0.35,0.30,,,,0.40,,
20260620,23,AQI,20,21,42,44,61,37,54,20,24,27,38,41,38,27,24,20,23,25,21,41,23,39,18,51,50,31,37,33,23,23,40,30,69,20,40,35,31,21,24,26,31,26,24,18,24,30,25,17,38,46,37,36,14,21,23,17,18,14,21,21,23,20,19,26,37,33,24,21,36,25,33,37,51,39,15,18,22,43,25,18,27,19,29,51,27,46,29,44,52,29,44,37,41,68,28,27,28,20,19,20,20,16,23,20,28,32,27,18,17,31,21,41,57,44,21,22,29,25,14,22,38,18,31,23,19,14,31,42,49,40,52,34,25,27,15,22,16,31,37,26,25,19,26,35,39,35,27,23,24,19,21,16,30,21,34,56,52,50,38,51,,,,,,,,,,,,,,,,,,,,,,,,,,,,,,28,31,28,44,41,33,31,39,52,60,31,33,39,25,,20,36,14,23,24,27,19,21,14,21,29,12,21,19,20,15,23,24,17,23,15,32,32,36,41,27,21,20,29,32,26,26,27,19,17,26,16,27,21,34,16,14,22,26,21,33,23,20,21,51,42,43,53,51,48,34,53,25,26,36,30,36,31,23,16,27,25,15,19,17,20,21,34,16,13,34,30,30,30,23,20,28,12,27,37,19,22,24,21,20,59,20,20,30,37,27,,16,23,31,21,16,21,15,16,,13,11,34,16,27,23,22,11,17,26,15,19,14,19,16,37,30,39,,60,23,29,25,25,26,34,23,50,55,39,,32,,32,,19,39,35,30,31,29,44,43,35,45,20,70,36,34,41,69,55,107,24,33,38,41,51,36,,,,34,,
20260620,23,PM2.5,3,9,21,18,36,26,23,12,9,9,19,11,20,11,10,9,14,5,5,29,9,27,5,36,35,15,22,23,16,16,28,20,50,13,28,23,21,15,17,14,22,7,16,4,13,17,15,12,12,24,26,17,9,10,10,10,10,8,8,11,11,8,10,13,23,23,12,10,7,9,17,26,17,12,10,9,12,13,17,11,6,10,15,34,3,21,3,17,35,20,31,19,15,49,9,7,15,13,11,8,12,8,10,8,12,15,13,7,4,20,8,23,23,9,7,14,20,13,7,5,6,3,15,16,12,9,22,24,34,28,36,21,16,19,4,5,9,16,11,15,12,8,11,19,22,22,19,15,16,10,11,8,13,11,11,27,21,20,20,23,,,,,,,,,,,,,,,,,,,,,,,,,,,,,,19,16,17,7,14,15,12,17,13,33,8,8,14,6,,6,3,3,3,17,10,8,3,6,3,5,5,3,8,11,7,14,17,6,12,6,13,21,24,17,12,15,11,20,18,18,17,5,13,12,14,11,13,13,24,8,10,5,18,8,9,5,4,8,36,26,29,37,30,25,19,26,8,12,23,13,24,17,16,3,16,8,4,13,7,14,11,7,11,3,15,12,14,18,15,14,13,3,11,9,7,9,17,3,8,42,6,5,21,26,8,,5,16,22,15,3,13,7,11,,3,6,22,9,16,15,3,6,12,9,8,9,9,7,5,6,5,11,,5,3,20,8,10,14,18,9,28,26,10,,14,,10,,6,27,3,11,8,6,3,6,19,19,5,31,21,19,7,49,34,56,6,21,19,17,19,19,,,,15,,
20260620,23,PM2.5_24h,8,16,16,23,21,15,22,10,10,16,19,21,16,10,7,15,14,18,17,13,5,9,11,19,20,9,8,10,10,11,17,9,19,4,12,15,9,8,7,14,14,8,11,5,5,14,13,7,17,21,26,11,7,10,7,8,10,10,8,7,8,11,11,12,18,25,16,11,6,15,32,20,8,11,6,7,6,7,21,8,17,17,14,21,18,11,21,28,19,13,26,19,21,23,8,22,12,11,14,11,10,10,12,10,12,13,11,8,4,14,6,17,18,10,11,13,18,19,18,15,23,11,21,7,8,4,18,18,27,25,22,22,16,17,5,5,6,12,10,14,12,15,22,14,21,21,23,23,12,13,23,13,11,13,18,24,17,13,13,43,,,,,,,,,,,,,,,,,,,,,,,,,,,,,,11,16,13,13,6,9,17,10,9,8,19,12,8,7,,4,10,12,11,14,22,16,13,13,9,24,28,5,13,15,13,17,21,10,16,17,12,15,15,15,12,13,3,13,13,18,7,8,9,10,14,9,8,9,16,7,8,6,9,7,5,7,5,9,25,22,14,25,22,17,17,14,8,11,17,6,17,5,7,6,8,9,8,13,6,9,9,6,5,3,14,13,14,16,16,14,12,4,16,12,13,22,25,11,12,21,10,11,24,22,8,,4,16,21,24,5,16,6,11,,7,12,20,5,10,13,4,8,9,8,5,11,8,7,4,3,2,8,,4,5,20,7,10,14,33,12,27,15,13,,12,,9,,11,21,14,13,10,8,4,7,12,17,13,15,11,12,9,53,23,19,22,15,10,4,7,13,,,,11,,
20260620,23,PM10,8,21,42,44,72,37,58,20,24,27,38,41,38,25,12,16,18,13,18,38,23,35,13,47,50,31,37,32,23,23,29,30,48,20,38,35,31,18,21,26,31,26,24,18,24,30,25,14,38,46,33,24,14,21,23,17,18,14,21,21,23,20,19,26,37,32,24,21,19,15,33,30,51,39,15,18,22,43,25,18,9,19,29,52,27,46,29,44,54,29,41,37,36,59,6,25,28,20,19,20,20,16,23,20,28,32,27,18,17,31,21,41,63,44,11,22,16,25,14,12,18,18,24,18,19,13,30,40,45,40,53,34,25,23,14,10,,31,37,26,24,19,15,35,39,35,27,23,24,19,19,16,30,21,34,61,54,50,38,51,,,,,,,,,,,,,,,,,,,,,,,,,,,,,,23,31,28,44,41,33,31,39,53,69,19,33,39,25,,16,22,14,19,13,27,15,17,14,21,10,9,7,18,18,11,21,22,16,23,15,21,32,36,41,27,18,20,20,32,25,14,14,16,12,26,15,27,21,31,16,14,22,22,21,33,23,20,21,47,42,43,56,51,48,34,55,25,26,36,30,36,31,19,16,27,25,12,,17,20,21,34,,7,34,30,30,30,23,16,28,12,27,37,19,22,22,10,20,,20,8,28,34,27,,16,20,17,14,10,20,15,15,,6,11,34,16,27,23,22,9,17,26,9,19,12,13,16,15,9,19,,15,7,27,25,25,26,34,19,50,59,39,,32,,32,,12,33,14,30,25,15,12,12,35,45,18,89,36,34,28,88,59,164,24,33,38,26,51,36,,,,34,,
20260620,23,PM10_24h,13,26,34,34,47,22,42,17,23,25,29,47,33,18,9,25,18,26,38,16,14,13,16,25,27,16,18,16,14,12,19,14,21,10,23,27,15,10,11,29,25,21,20,18,10,27,25,7,33,29,38,16,11,21,19,17,17,18,23,17,19,21,23,22,30,29,30,18,12,29,62,21,38,33,10,13,17,24,33,13,19,19,21,33,28,25,35,47,33,17,44,32,31,35,9,32,21,19,25,26,18,21,21,21,26,24,25,25,10,23,13,27,47,23,17,19,25,29,26,24,40,21,35,12,16,8,27,28,36,38,30,36,24,23,15,11,10,23,35,24,28,27,31,32,39,31,27,33,18,21,39,22,26,21,38,65,56,43,49,116,,,,,,,,,,,,,,,,,,,,,,,,,,,,,,17,21,23,34,21,19,32,22,31,36,38,24,32,20,,10,39,20,24,23,25,26,24,26,30,32,27,12,17,21,19,23,29,20,27,26,14,19,15,25,22,13,9,9,21,25,5,8,14,15,25,20,21,16,25,12,17,24,22,19,22,25,24,25,32,40,26,34,27,29,23,26,23,23,25,14,24,17,12,12,17,19,19,15,12,12,15,16,9,11,31,32,31,25,24,22,19,13,29,33,28,35,24,17,26,26,31,15,29,27,19,,8,16,27,27,18,23,14,20,,10,11,30,12,27,16,9,9,14,20,8,20,14,14,9,9,11,17,,13,5,26,21,23,26,52,23,50,26,40,,26,,31,,24,27,20,31,23,24,13,17,44,51,25,40,19,28,35,59,44,43,41,31,33,22,35,53,,,,23,,
20260620,23,SO2,3,5,3,5,6,3,3,3,3,3,6,5,3,7,7,4,7,5,5,6,5,6,5,6,8,5,6,10,5,9,7,7,6,6,5,6,7,5,5,6,6,2,4,5,7,5,2,7,5,7,3,5,5,6,5,6,6,5,9,3,4,8,4,4,8,5,9,5,6,5,12,9,6,6,5,6,6,6,6,4,6,11,2,11,9,8,9,9,9,4,5,4,6,15,8,6,10,6,7,4,11,6,5,5,5,6,3,8,4,4,7,12,8,8,10,5,9,6,8,5,3,6,4,7,8,3,8,2,8,7,5,12,8,7,4,9,8,9,3,5,2,8,9,29,4,9,5,6,3,3,5,6,2,8,6,9,6,10,6,4,,,,,,,,,,,,,,,,,,,,,,,,,,,,,,6,3,4,4,4,8,5,6,3,11,7,5,14,5,,6,13,5,7,8,6,4,7,11,9,2,5,8,8,4,7,6,4,9,6,9,7,7,7,4,8,4,4,8,5,5,5,4,4,6,4,7,3,7,6,4,7,3,4,3,8,2,4,11,7,7,5,3,5,6,4,5,4,8,7,7,7,6,5,6,4,5,5,5,4,5,4,4,4,3,7,5,3,4,3,10,10,5,17,8,8,9,9,3,6,7,6,6,7,4,3,,6,6,3,8,3,10,4,2,,5,5,11,8,5,6,1,4,4,7,5,6,5,8,7,6,7,4,,4,4,4,6,5,7,16,11,8,6,10,,5,,8,,4,17,9,10,11,12,6,21,6,15,7,6,6,8,5,3,6,3,4,6,4,7,8,6,,,,4,,
20260620,23,SO2_24h,3,5,3,5,6,5,3,4,3,3,5,5,4,8,8,5,7,5,6,6,5,6,5,6,8,5,5,6,5,9,7,7,7,6,6,5,6,5,5,6,6,3,5,5,8,5,2,8,6,7,4,5,5,6,4,6,5,5,6,3,4,8,3,4,9,4,14,5,6,5,11,10,5,6,5,6,6,7,6,4,6,7,3,10,10,8,9,10,9,5,6,5,6,10,5,8,12,5,7,4,8,6,5,5,5,5,4,5,5,4,7,13,6,9,11,5,9,7,6,6,4,6,6,6,9,3,9,3,8,9,5,10,8,7,3,8,7,5,3,5,2,8,9,21,4,10,4,6,3,4,6,6,2,7,8,11,7,12,6,3,,,,,,,,,,,,,,,,,,,,,,,,,,,,,,5,3,4,5,4,8,6,5,4,9,8,5,10,4,,6,10,7,8,9,6,5,8,12,10,1,5,8,8,5,7,6,4,9,7,10,6,6,6,5,9,6,4,8,5,6,5,4,6,6,5,10,4,4,6,5,9,6,5,3,8,4,4,8,7,8,5,4,5,6,4,4,5,8,7,5,8,4,6,7,5,5,9,6,4,5,5,7,5,3,8,5,3,5,5,8,11,5,8,5,9,9,10,4,7,7,7,6,8,4,3,,6,8,4,7,3,7,4,3,,4,5,9,9,6,7,2,3,4,8,6,7,5,8,7,6,7,4,,5,4,5,6,6,7,7,10,8,6,8,,4,,9,,4,12,8,10,11,13,6,20,11,8,7,6,7,9,5,4,9,2,4,7,4,7,8,9,,,,4,,
20260620,23,NO2,18,39,13,36,39,14,26,13,13,17,23,39,9,20,12,11,10,6,16,23,20,19,11,18,21,27,21,24,39,20,14,14,23,22,23,22,18,21,19,9,32,11,21,12,20,11,9,19,17,27,16,15,8,16,11,3,11,3,7,9,9,9,11,6,14,19,10,14,12,8,16,17,23,20,16,14,25,38,8,13,8,36,14,21,23,15,23,22,24,15,17,9,12,34,12,17,18,7,10,5,9,4,14,3,16,14,11,3,5,16,18,22,29,40,16,11,20,15,16,7,5,13,6,18,13,19,16,11,22,16,27,24,14,10,8,11,7,12,4,22,8,15,8,20,11,11,16,11,5,11,10,15,24,7,12,14,12,35,20,13,,,,,,,,,,,,,,,,,,,,,,,,,,,,,,9,10,11,22,9,23,15,26,48,35,7,5,11,12,,6,5,16,7,28,22,17,11,14,13,3,6,6,6,12,10,6,10,11,4,20,5,19,14,20,28,21,7,12,16,16,9,8,10,4,12,13,17,11,16,6,10,11,7,7,13,7,4,12,16,17,13,20,20,31,12,16,5,10,18,18,11,8,27,9,14,4,6,5,11,11,7,6,9,5,20,8,10,13,10,10,11,9,9,13,11,15,12,7,20,10,24,6,20,12,6,,24,12,8,5,8,10,5,8,,5,7,17,5,4,10,5,4,8,4,8,6,9,8,27,5,5,6,,1,4,12,32,10,15,20,8,13,50,26,,16,,9,,9,20,1,1,3,1,3,1,26,21,19,40,19,23,5,19,9,10,7,15,6,6,14,9,,,,7,,
20260620,23,NO2_24h,10,14,9,12,14,10,10,6,9,11,12,21,10,13,6,22,10,24,28,15,11,11,11,13,10,6,12,9,16,5,9,6,9,12,14,11,12,14,12,7,17,10,12,8,8,8,7,7,13,19,11,11,5,11,6,2,7,3,6,5,6,6,6,5,13,14,9,12,9,15,11,14,7,14,8,9,7,9,14,8,12,14,8,16,17,7,14,15,14,15,16,8,9,24,11,16,11,5,8,5,7,3,9,2,10,8,7,4,5,11,8,12,17,17,11,12,21,19,13,15,10,9,12,12,10,12,10,7,13,12,11,15,12,9,8,4,7,8,4,11,6,10,14,14,14,11,12,12,8,10,19,13,10,8,19,7,15,17,9,19,,,,,,,,,,,,,,,,,,,,,,,,,,,,,,6,5,6,11,6,9,11,10,13,8,10,7,6,5,,4,4,11,14,22,10,22,27,17,13,7,7,6,7,11,8,9,15,14,7,20,5,9,9,8,12,9,4,4,8,4,5,5,7,4,8,9,9,4,11,6,10,9,2,4,6,8,3,8,10,13,11,9,12,12,7,8,5,8,13,10,8,5,5,6,8,4,6,7,7,5,5,9,6,5,15,6,6,10,8,10,10,9,8,11,12,15,13,11,19,10,22,7,17,11,5,,13,9,9,5,5,8,4,5,,5,6,15,7,5,6,5,3,7,4,7,7,9,7,9,5,4,8,,2,5,11,10,7,9,10,9,9,12,14,,9,,6,,9,11,2,2,4,2,8,1,10,10,10,12,13,13,8,8,11,12,4,13,4,8,10,9,,,,4,,
20260620,23,O3,65,45,92,29,49,117,71,64,29,65,76,60,104,86,77,63,72,81,66,45,36,59,56,114,86,49,67,58,28,45,74,62,68,24,45,41,44,38,48,52,40,29,12,24,60,42,38,47,106,86,93,114,43,22,22,35,25,30,29,30,31,31,46,46,56,43,46,33,116,81,80,64,87,115,32,33,64,54,69,47,85,29,30,106,83,125,78,101,92,79,105,108,131,85,90,87,44,33,41,39,23,41,29,37,32,23,22,40,49,78,65,63,46,39,67,62,48,36,44,70,121,46,100,57,56,46,75,134,94,48,48,57,73,73,49,69,51,17,76,17,79,30,83,37,60,60,37,32,61,44,68,32,18,56,70,99,96,67,84,90,,,,,,,,,,,,,,,,,,,,,,,,,,,,,,88,91,32,42,66,68,61,57,35,69,99,33,82,75,,63,114,28,74,55,16,61,67,32,59,93,37,68,62,64,47,75,61,55,53,39,101,60,68,60,54,59,19,29,80,66,83,85,60,49,32,26,13,21,43,21,30,47,39,46,25,27,47,38,113,94,102,82,94,64,83,103,74,18,79,80,63,100,67,49,68,56,48,38,50,25,34,27,40,41,21,58,61,39,44,36,32,25,29,33,56,45,60,67,57,71,40,64,19,52,11,,36,41,70,54,51,67,32,35,,40,34,48,52,41,23,40,36,31,34,49,51,45,62,35,118,95,124,,168,75,35,63,19,53,91,75,89,47,40,,71,,69,,61,84,113,90,99,94,141,138,70,97,63,66,93,100,132,65,92,86,78,92,99,130,113,106,,,,49,,
20260620,23,O3_24h,65,45,92,29,49,117,71,64,29,65,76,60,104,86,77,63,72,81,66,45,36,59,56,114,86,49,67,58,28,45,74,62,68,24,45,41,44,38,48,52,40,29,12,24,60,42,38,47,106,86,93,114,43,22,22,35,25,30,29,30,31,31,46,46,56,43,46,33,116,81,80,64,87,115,32,33,64,54,69,47,85,29,30,106,83,125,78,101,92,79,105,108,131,85,90,87,44,33,41,39,23,41,29,37,32,23,22,40,49,78,65,63,46,39,67,62,48,36,44,70,121,46,100,57,56,46,75,134,94,48,48,57,73,73,49,69,51,17,76,17,79,30,83,37,60,60,37,32,61,44,68,32,18,56,70,99,96,67,84,90,,,,,,,,,,,,,,,,,,,,,,,,,,,,,,88,91,32,42,66,68,61,57,35,69,99,33,82,75,,63,114,28,74,55,16,61,67,32,59,93,37,68,62,64,47,75,61,55,53,39,101,60,68,60,54,59,19,29,80,66,83,85,60,49,32,26,13,21,43,21,30,47,39,46,25,27,47,38,113,94,102,82,94,64,83,103,74,18,79,80,63,100,67,49,68,56,48,38,50,25,34,27,40,41,21,58,61,39,44,36,32,25,29,33,56,45,60,67,57,71,40,64,19,52,11,,36,41,70,54,51,67,32,35,,40,34,48,52,41,23,40,36,31,34,49,51,45,62,35,118,95,124,,168,75,35,63,19,53,91,75,89,47,40,,71,,69,,61,84,113,90,99,94,141,138,70,97,63,66,93,100,132,65,92,86,78,92,99,130,113,106,,,,49,,
20260620,23,O3_8h,88,96,120,91,92,176,133,94,80,96,104,152,145,124,101,98,101,95,102,79,82,108,112,148,142,95,120,117,100,97,106,93,149,57,92,95,64,84,86,98,94,69,58,49,85,87,62,81,163,150,148,132,65,70,47,47,62,53,51,62,63,65,63,72,108,69,93,69,135,94,108,102,110,147,54,58,98,98,96,84,85,77,63,151,158,164,147,166,156,85,152,162,158,144,111,143,78,49,82,63,52,54,73,54,84,62,51,65,61,127,100,140,105,112,103,89,100,84,87,72,125,85,137,108,103,89,121,170,144,135,102,116,125,125,114,89,73,45,82,50,71,70,85,81,118,94,68,70,89,69,88,84,84,74,108,120,128,123,129,108,,,,,,,,,,,,,,,,,,,,,,,,,,,,,,112,118,67,136,103,128,114,118,113,113,116,86,103,102,,72,111,92,99,95,88,109,113,75,97,125,102,75,73,80,83,80,86,73,74,100,113,94,92,121,111,102,72,76,105,108,99,100,107,103,78,61,68,54,98,72,53,68,52,63,56,62,56,63,157,150,155,129,132,128,117,126,140,81,139,126,114,125,125,88,126,96,64,47,83,49,60,49,53,43,58,71,84,63,71,52,62,42,51,67,62,74,75,81,74,97,77,81,63,85,62,,73,101,107,90,57,96,52,59,,55,59,70,68,58,49,50,44,41,42,62,50,58,73,83,132,141,131,,166,79,81,127,55,105,107,84,111,139,96,,89,,90,,79,115,118,117,109,98,129,138,127,120,94,145,122,145,129,97,113,100,101,112,121,133,147,150,,,,69,,
20260620,23,O3_8h_24h,84,85,116,73,86,157,121,86,67,89,102,109,139,116,97,88,85,94,79,65,63,96,89,138,128,77,107,100,66,79,94,83,131,43,74,74,60,66,72,82,79,46,37,40,81,69,50,69,146,124,134,122,56,48,33,37,43,40,38,44,46,48,59,54,88,56,67,58,128,82,108,94,108,138,48,51,90,89,84,63,77,61,42,135,120,156,117,146,136,79,135,145,152,117,109,119,64,40,55,43,38,50,56,40,64,40,37,55,56,114,92,103,78,88,82,83,83,53,72,68,115,65,109,92,80,74,111,160,133,96,85,95,110,102,82,81,62,39,79,27,71,56,81,70,86,76,60,53,80,62,80,56,66,69,83,116,121,110,116,106,,,,,,,,,,,,,,,,,,,,,,,,,,,,,,107,110,53,89,93,115,88,100,94,102,115,36,100,98,,71,111,58,90,81,54,99,96,55,88,101,75,68,65,76,69,76,77,67,68,60,112,89,89,98,92,86,43,59,101,94,95,96,91,79,56,47,41,36,82,50,35,53,45,57,38,44,55,51,146,126,143,116,120,107,106,114,112,47,117,108,99,118,109,64,109,83,51,38,71,40,50,38,47,43,39,67,74,55,62,47,46,30,36,51,46,59,72,78,70,80,58,77,47,67,35,,60,82,94,73,55,83,45,38,,50,55,60,57,54,42,46,39,33,39,53,50,54,66,65,128,120,128,,166,79,70,113,41,91,105,80,103,118,67,,78,,82,,65,106,113,102,103,94,118,138,110,118,88,134,114,133,129,91,112,100,98,106,115,130,131,130,,,,67,,
20260620,23,CO,0.23,0.47,0.28,0.51,0.80,0.47,0.30,0.27,0.10,0.35,0.53,0.40,0.27,0.30,0.32,0.56,0.55,0.34,0.37,0.55,0.44,0.82,0.72,0.59,0.52,0.64,0.75,0.59,0.50,0.62,0.86,0.56,0.63,0.75,0.70,0.50,0.66,0.65,0.65,0.47,0.80,0.57,0.40,0.40,0.61,0.40,0.28,0.73,0.31,0.59,0.66,0.73,0.49,0.47,0.50,0.53,0.43,0.30,0.43,0.43,0.53,0.40,0.50,0.35,0.57,0.60,0.57,0.55,0.37,0.50,0.67,0.40,0.36,0.32,0.42,0.60,0.34,0.44,0.42,0.47,0.33,0.43,0.53,0.44,0.40,0.47,0.58,0.35,0.50,0.40,0.45,0.38,0.25,1.00,0.40,0.43,0.70,0.55,0.40,0.60,0.60,0.50,0.80,0.43,0.45,0.50,0.47,0.55,0.27,0.30,0.34,0.70,1.07,0.46,0.36,0.82,0.62,0.74,0.52,0.40,0.40,0.33,0.38,0.77,0.63,0.54,0.61,0.35,0.67,0.63,0.73,0.55,0.45,0.47,0.60,0.75,0.60,0.57,0.50,0.81,0.35,0.48,0.47,0.85,0.47,0.40,0.63,0.30,0.55,0.55,0.30,0.45,0.45,0.46,0.45,0.30,0.43,0.52,0.50,0.25,,,,,,,,,,,,,,,,,,,,,,,,,,,,,,0.60,0.50,0.45,0.60,0.17,0.35,0.85,0.40,0.23,0.60,0.27,0.20,0.45,0.38,,0.15,0.40,0.50,0.57,0.55,0.60,0.23,0.40,0.55,0.50,0.35,0.20,0.27,0.23,0.20,0.23,0.63,0.30,0.43,0.35,0.35,0.20,0.52,0.44,0.35,0.57,0.50,0.45,0.50,0.56,0.30,0.45,0.27,0.57,0.33,0.37,0.83,0.40,0.45,1.15,0.60,0.90,0.42,0.55,0.32,0.30,0.57,0.63,0.50,0.78,0.55,0.55,0.65,0.54,0.65,0.47,0.40,0.38,0.70,0.74,0.70,0.80,0.60,0.60,0.70,0.63,0.55,0.72,0.55,0.90,0.65,0.67,0.50,0.35,0.35,0.20,0.63,0.55,0.60,0.40,0.60,0.40,0.80,0.35,0.50,0.57,0.45,0.43,0.50,0.50,0.55,0.33,0.50,0.65,0.45,0.40,,0.25,0.65,0.37,0.50,0.40,0.50,0.35,0.45,,0.55,0.40,0.50,0.55,0.65,0.55,0.50,0.10,0.30,0.50,0.40,0.50,0.50,0.45,0.50,0.20,0.45,0.30,,0.30,0.25,0.57,0.30,0.40,0.80,0.35,0.25,0.20,0.55,0.50,,0.40,,0.35,,0.25,1.10,0.40,0.20,0.40,0.30,0.20,0.30,0.30,0.55,0.30,0.85,0.40,0.25,0.30,0.75,0.20,0.40,0.35,0.55,0.50,0.20,0.35,0.25,,,,0.55,,
20260620,23,CO_24h,0.28,0.46,0.32,0.44,0.45,0.33,0.31,0.20,0.15,0.33,0.35,0.53,0.55,0.40,0.32,0.71,0.62,0.41,0.61,0.51,0.42,0.80,0.67,0.49,0.38,0.58,0.74,0.60,0.42,0.52,0.90,0.48,0.50,0.61,0.47,0.43,0.50,0.58,0.50,0.43,0.65,0.53,0.30,0.40,0.58,0.32,0.28,0.63,0.37,0.50,0.61,0.69,0.47,0.43,0.49,0.57,0.40,0.30,0.43,0.43,0.53,0.40,0.51,0.30,0.59,0.59,0.57,0.55,0.27,0.59,0.60,0.35,0.20,0.31,0.37,0.58,0.24,0.40,0.60,0.45,0.33,0.43,0.47,0.31,0.54,0.37,0.48,0.42,0.44,0.37,0.50,0.40,0.30,0.66,0.27,0.52,0.63,0.53,0.47,0.60,0.55,0.50,0.70,0.40,0.40,0.50,0.43,0.55,0.37,0.20,0.36,0.72,0.82,0.46,0.44,0.82,0.68,0.86,0.50,0.42,0.46,0.37,0.45,0.50,0.80,0.56,0.48,0.38,0.52,0.63,0.63,0.55,0.47,0.53,0.63,0.80,0.60,0.50,0.50,0.73,0.35,0.53,0.65,0.80,0.60,0.47,0.63,0.40,0.68,0.53,0.40,0.55,0.40,0.50,0.55,0.20,0.40,0.50,0.38,0.25,,,,,,,,,,,,,,,,,,,,,,,,,,,,,,0.53,0.50,0.40,0.73,0.20,0.25,0.82,0.40,0.30,0.30,0.43,0.30,0.45,0.38,,0.15,0.35,0.53,0.80,0.45,0.67,0.30,0.40,0.75,0.55,0.40,0.35,0.33,0.27,0.25,0.43,0.70,0.35,0.43,0.30,0.40,0.20,0.38,0.32,0.35,0.60,0.65,0.40,0.35,0.50,0.27,0.38,0.27,0.57,0.40,0.37,0.77,0.40,0.30,0.75,0.50,0.57,0.80,0.40,0.28,0.25,0.63,0.57,0.50,0.56,0.45,0.40,0.58,0.48,0.55,0.43,0.30,0.50,0.70,0.74,0.63,0.77,0.60,0.50,0.70,0.60,0.50,0.93,0.45,0.80,0.55,0.63,0.50,0.35,0.45,0.30,0.53,0.55,0.57,0.40,0.55,0.40,0.80,0.65,0.50,0.63,0.55,0.53,0.57,0.60,0.53,0.42,0.55,0.75,0.40,0.20,,0.20,0.70,0.50,0.53,0.45,0.50,0.35,0.55,,0.65,0.40,0.50,0.55,0.65,0.45,0.40,0.10,0.25,0.50,0.35,0.40,0.50,0.45,0.45,0.20,0.40,0.30,,0.30,0.30,0.57,0.23,0.50,0.80,0.25,0.30,0.20,0.40,0.50,,0.35,,0.30,,0.20,0.50,0.40,0.20,0.40,0.30,0.20,0.30,0.30,0.40,0.35,0.50,0.20,0.25,0.35,0.65,0.20,0.45,0.30,0.50,0.60,0.20,0.35,0.30,,,,0.40,,