date,hour,type,北京,天津,石家庄,唐山,秦皇岛,邯郸,保定,张家口,承德,廊坊,沧州,衡水,邢台,太原,呼和浩特,沈阳,大连,长春,哈尔滨,上海,南京,苏州,南通,连云港,徐州,扬州,无锡,常州,镇江,泰州,淮安,盐城,宿迁,杭州,宁波,温州,绍兴,湖州,嘉兴,台州,舟山,金华,衢州,丽水,合肥,福州,厦门,南昌,济南,青岛,郑州,武汉,长沙,广州,深圳,珠海,佛山,中山,江门,东莞,惠州,肇庆,南宁,海口,重庆,成都,贵阳,昆明,拉萨,西安,兰州,西宁,银川,乌鲁木齐,湘潭,株洲,包头,鄂尔多斯,营口,丹东,盘锦,葫芦岛,泉州,临沂,德州,聊城,滨州,淄博,枣庄,烟台,潍坊,济宁,泰安,日照,威海,东营,韶关,汕头,湛江,茂名,梅州,汕尾,河源,阳江,清远,潮州,揭阳,云浮,玉溪,菏泽,大同,长治,临汾,阳泉,赤峰,鞍山,抚顺,本溪,锦州,吉林,齐齐哈尔,牡丹江,大庆,芜湖,马鞍山,九江,洛阳,安阳,开封,焦作,平顶山,三门峡,宜昌,荆州,岳阳,常德,张家界,桂林,北海,柳州,三亚,绵阳,宜宾,攀枝花,泸州,自贡,德阳,南充,遵义,曲靖,咸阳,铜川,延安,宝鸡,渭南,金昌,嘉峪关,石嘴山,克拉玛依,巴音郭楞州,寿光,章丘,即墨,胶南,胶州,莱西,平度,蓬莱,招远,莱州,荣成,文登,乳山,吴江,昆山,常熟,张家港,太仓,句容,江阴,宜兴,金坛,溧阳,海门,临安,富阳,义乌,诸暨,瓦房店,信阳,周口,漳州,晋城,朔州,晋中,运城,忻州,吕梁,乌海,通辽,呼伦贝尔,巴彦淖尔,乌兰察布,兴安盟,锡林郭勒盟,阿拉善盟,阜新,辽阳,铁岭,朝阳,四平,辽源,通化,白山,松原,白城,延边朝鲜族自治州,鸡西,鹤岗,双鸭山,伊春,佳木斯,七台河,黑河,绥化,大兴安岭地区,蚌埠,淮南,淮北,铜陵,安庆,黄山,滁州,阜阳,宿州,六安,亳州,池州,宣城,莆田,三明,南平,龙岩,宁德,景德镇,萍乡,新余,鹰潭,赣州,吉安,宜春,抚州,上饶,鹤壁,新乡,濮阳,许昌,漯河,南阳,商丘,驻马店,黄石,十堰,襄阳,鄂州,荆门,孝感,黄冈,咸宁,随州,恩施土家族苗族自治州,衡阳,邵阳,益阳,郴州,永州,怀化,娄底,湘西州,梧州,防城港,钦州,贵港,玉林,百色,贺州,河池,来宾,崇左,广元,遂宁,内江,乐山,眉山,广安,达州,雅安,巴中,资阳,阿坝藏族羌族自治州,甘孜州,甘孜藏族自治州,凉山彝族自治州,六盘水,安顺,铜仁地区,毕节,黔西南布依族苗族自治州,黔东南苗族侗族自治州,黔东南州,黔南布依族苗族自治州,保山,昭通,丽江,普洱,临沧,楚雄州,红河州,文山州,西双版纳州,大理州,德宏州,怒江州,迪庆州,昌都,山南,日喀则,那曲地区,那曲,阿里地区,林芝,汉中,榆林,安康,商洛,白银,天水,武威,张掖,平凉,酒泉,庆阳,定西,陇南,临夏回族自治州,甘南州,海东地区,海北藏族自治州,黄南藏族自治州,海南藏族自治州,果洛藏族自治州,玉树藏族自治州,海西蒙古族藏族自治州,吴忠,中卫,固原,吐鲁番地区,哈密地区,昌吉州,博尔塔拉蒙古自治州,阿克苏地区,克孜勒苏柯尔克孜自治州,喀什地区,和田地区,伊犁哈萨克州,塔城地区,阿勒泰地区,石河子,五家渠,三沙,兰州新区,赣江新区,儋州,雄安新区,西咸新区
20260404,0,AQI,25,65,37,130,60,55,38,24,38,27,49,50,37,43,50,41,58,23,34,41,44,50,30,56,57,65,51,58,66,33,43,35,74,14,19,60,17,50,33,31,21,13,18,32,36,23,13,26,82,31,115,40,43,43,40,37,44,33,38,46,51,44,40,34,48,78,35,31,23,138,100,84,81,58,34,35,43,33,34,61,21,24,14,44,63,82,86,85,44,31,65,56,85,39,36,74,12,90,49,41,15,41,35,34,17,61,109,53,55,53,31,60,63,56,47,43,31,17,26,32,113,110,33,39,59,30,96,70,60,91,163,107,44,29,31,23,31,22,40,33,40,76,54,40,30,56,90,61,46,25,132,126,67,104,128,131,60,58,49,130,,,,,,,,,,,,,,,,,,,,,,,,,,,,,,35,57,21,93,38,40,99,31,65,58,47,23,45,30,,23,28,27,33,24,24,46,41,41,38,59,40,40,66,54,37,23,39,50,60,71,27,37,36,48,48,36,17,43,40,34,27,43,26,41,17,19,19,13,37,27,22,23,18,17,25,25,24,19,75,82,66,135,179,41,64,177,50,87,44,46,32,44,47,45,34,68,22,42,28,29,20,44,41,24,53,46,52,31,73,29,24,41,45,86,76,68,50,62,77,60,52,72,59,68,35,,32,22,26,27,37,55,36,43,,41,39,40,28,90,73,55,64,71,99,34,83,26,27,41,28,27,37,,29,23,90,52,71,145,127,77,147,91,96,,100,,105,,64,112,35,45,53,48,19,57,72,80,104,95,27,47,88,148,103,173,109,77,70,33,43,62,,,,55,,
20260404,0,PM2.5,3,19,6,87,33,17,8,11,21,7,10,8,12,14,29,18,40,16,24,29,26,35,21,34,25,47,36,36,48,23,28,10,54,10,7,43,12,35,23,22,5,6,5,21,16,16,9,18,18,10,27,27,28,27,27,26,31,23,24,32,35,30,25,22,25,40,16,11,7,50,46,42,23,23,21,24,25,16,22,40,15,16,10,11,4,3,43,23,10,13,29,18,14,19,16,51,4,67,27,24,8,29,21,20,7,44,82,37,39,18,8,11,13,9,33,30,22,7,14,22,85,83,22,27,42,15,20,13,29,22,36,19,31,19,17,12,18,9,28,17,18,48,34,20,19,29,49,30,23,5,46,48,21,39,35,37,20,20,13,69,,,,,,,,,,,,,,,,,,,,,,,,,,,,,,18,30,15,11,9,9,18,9,17,13,25,8,21,10,,11,3,9,23,17,15,32,20,22,14,42,28,25,48,38,17,5,27,35,32,52,12,19,25,18,33,25,3,24,22,18,19,20,18,29,12,6,11,5,26,19,9,15,6,5,6,13,15,13,17,17,9,26,51,16,31,43,25,36,23,25,19,31,28,26,21,30,14,22,13,20,12,22,21,17,37,28,35,21,53,20,7,29,15,64,41,31,35,23,34,43,16,31,35,42,8,,16,9,14,17,19,37,21,30,,29,27,22,13,67,53,35,46,52,74,24,61,17,6,16,3,15,26,,13,6,53,22,28,59,51,37,84,46,51,,40,,60,,34,44,14,22,22,24,3,23,35,24,42,45,11,30,34,91,50,131,46,22,28,3,15,30,,,,39,,
20260404,0,PM2.5_24h,61,55,57,77,83,29,68,23,39,66,44,31,41,34,29,50,58,210,72,25,29,20,23,65,34,37,17,23,34,39,56,40,76,18,22,39,22,26,19,28,20,19,17,15,29,16,17,13,30,39,30,22,17,28,25,25,28,26,25,27,24,25,40,24,18,31,14,18,6,33,51,30,67,19,10,14,63,55,54,52,55,78,16,67,30,29,42,35,41,40,53,35,39,55,37,45,17,31,31,24,18,22,29,22,32,31,45,26,26,29,24,37,47,43,53,45,53,39,74,193,57,135,47,26,32,14,40,27,28,41,27,40,14,16,19,12,13,25,22,25,19,27,27,15,10,15,30,19,17,13,43,43,37,26,28,46,23,71,9,30,,,,,,,,,,,,,,,,,,,,,,,,,,,,,,14,20,25,34,29,36,37,35,36,71,86,9,54,21,,20,76,64,40,44,72,61,59,35,29,84,45,39,118,22,58,12,42,93,13,69,7,35,24,21,24,23,10,44,17,31,19,25,19,23,11,10,8,10,23,14,10,12,13,14,10,12,7,9,29,29,20,22,22,17,39,17,20,23,21,18,15,18,19,27,14,23,11,18,14,13,15,7,10,10,41,26,28,34,35,49,26,44,25,47,31,18,17,25,33,21,18,19,21,22,9,,6,8,13,20,10,22,29,18,,16,33,20,8,50,41,24,38,37,67,23,49,10,9,7,5,5,26,,4,4,32,49,26,31,55,27,77,45,55,,41,,42,,34,30,25,23,25,26,3,27,77,79,48,51,11,20,16,45,42,54,43,14,12,3,11,20,,,,25,,
20260404,0,PM10,13,80,37,209,70,59,38,24,38,25,49,50,37,43,50,41,65,18,32,35,44,42,27,61,64,68,48,66,54,25,43,8,63,14,15,48,15,39,32,30,11,9,8,32,36,15,8,23,114,19,179,40,43,43,40,34,41,32,38,44,51,44,40,34,48,105,35,31,17,225,150,118,111,65,34,35,43,33,34,72,16,17,8,44,75,113,121,120,44,28,80,61,119,39,26,98,12,84,49,41,9,37,35,34,14,45,75,48,53,56,31,70,76,62,40,39,31,17,14,32,110,89,33,37,55,30,142,89,70,131,276,164,42,29,31,23,31,22,37,33,40,102,57,40,30,62,130,72,46,16,213,201,83,158,206,212,70,66,49,210,,,,,,,,,,,,,,,,,,,,,,,,,,,,,,35,63,18,136,38,40,148,31,80,65,47,23,45,30,,23,21,13,,19,12,42,41,38,26,46,33,40,60,45,37,22,28,43,69,58,27,37,36,48,48,28,8,43,40,34,,43,25,,10,9,19,11,32,24,22,23,10,17,25,25,24,17,100,113,82,219,307,41,77,304,50,123,44,46,32,42,47,45,34,86,22,42,28,29,20,44,41,23,40,46,54,31,79,29,24,34,45,88,102,86,50,74,104,64,53,93,67,86,35,,32,19,26,27,37,60,36,42,,35,39,40,15,108,61,59,64,80,96,32,103,26,15,41,15,27,36,,10,12,129,54,92,240,203,103,243,131,141,,149,,159,,77,173,35,45,56,48,19,64,93,109,157,140,16,47,125,246,155,275,167,103,90,19,43,73,,,,55,,
20260404,0,PM10_24h,115,110,158,148,130,77,156,94,104,141,109,105,103,112,102,85,94,247,88,32,44,28,33,86,60,56,31,45,40,49,74,47,86,29,31,46,30,37,26,41,29,29,24,26,54,21,21,16,76,60,135,31,24,45,42,40,40,34,40,43,42,36,55,33,34,59,28,32,13,152,168,62,292,55,16,19,270,292,95,91,53,79,16,96,106,90,92,79,78,76,93,66,74,85,64,89,23,48,42,43,21,38,39,35,47,39,54,41,42,62,101,125,177,126,87,72,85,70,69,247,80,173,65,34,44,21,157,73,64,149,102,162,23,24,33,21,16,41,43,39,27,55,36,29,19,38,66,40,29,28,171,181,192,116,177,237,90,360,39,105,,,,,,,,,,,,,,,,,,,,,,,,,,,,,,30,35,35,157,138,144,163,94,187,314,126,24,200,85,,112,310,70,54,71,70,82,78,64,63,89,54,69,190,40,76,22,61,130,31,78,18,57,39,49,39,31,20,55,35,50,19,44,27,28,16,13,14,14,24,19,15,22,17,22,23,20,19,20,68,105,57,53,43,38,52,43,38,75,40,33,27,45,29,44,27,50,20,18,23,19,23,18,20,14,59,46,48,50,49,59,40,56,46,67,92,46,33,41,70,33,45,42,38,42,28,,15,24,22,21,21,32,39,23,,22,48,36,15,90,55,40,49,53,86,31,67,14,18,16,26,17,38,,13,13,96,244,58,129,222,74,266,162,196,,192,,123,,104,79,64,53,63,61,15,131,340,355,216,179,28,46,82,130,129,179,221,56,52,12,38,55,,,,38,,
20260404,0,SO2,2,6,3,8,6,6,3,4,2,2,4,3,4,5,7,9,6,6,8,5,6,5,4,7,10,6,5,6,5,8,6,7,5,6,5,6,6,5,5,6,5,3,5,5,6,4,2,7,5,7,3,7,7,5,5,4,7,4,7,4,5,8,5,7,9,5,6,3,4,4,5,15,10,8,4,5,12,6,8,8,4,11,3,9,8,4,7,11,7,7,5,4,5,10,5,6,7,8,7,8,7,6,6,5,5,4,6,6,4,4,11,14,3,7,7,8,8,7,5,6,9,5,6,7,10,5,8,3,7,7,8,15,6,8,7,8,9,5,7,6,4,7,8,12,7,6,4,8,12,5,4,2,2,6,6,3,14,12,5,10,,,,,,,,,,,,,,,,,,,,,,,,,,,,,,5,2,4,3,5,10,7,6,6,12,7,5,9,4,,5,8,6,5,9,7,4,5,7,8,2,4,8,6,9,5,4,5,8,7,6,8,5,7,7,11,5,4,8,6,5,5,6,3,5,3,5,3,4,5,11,4,3,5,4,6,11,6,15,7,7,2,6,7,5,3,5,7,6,12,11,8,5,5,5,4,7,7,7,5,5,5,5,3,4,6,8,5,8,21,13,5,5,9,7,2,8,6,4,8,7,5,6,8,9,5,,5,7,5,19,4,10,4,3,,6,6,12,7,7,7,8,6,5,9,5,5,7,6,5,9,8,6,,7,5,4,9,5,11,58,12,10,9,7,,3,,8,,3,19,5,9,10,19,5,11,16,9,5,5,8,7,3,6,7,7,3,6,7,5,12,9,,,,7,,
20260404,0,SO2_24h,5,8,4,11,11,6,5,4,4,5,7,5,8,8,9,11,8,10,10,6,6,6,4,9,10,7,6,6,5,10,8,7,7,6,5,5,6,5,5,6,6,3,3,4,6,4,2,7,7,7,5,7,4,5,5,4,6,3,6,4,5,8,4,7,8,5,5,4,4,5,7,8,6,7,3,5,8,5,12,7,7,11,3,19,10,7,13,11,11,7,8,6,9,9,5,12,7,6,7,5,8,6,6,5,6,6,6,7,4,6,8,10,8,7,25,8,11,10,8,11,7,10,8,7,9,6,10,5,8,11,6,13,6,7,7,7,9,7,7,6,4,8,6,10,6,6,3,6,7,7,4,3,3,6,7,10,15,9,5,10,,,,,,,,,,,,,,,,,,,,,,,,,,,,,,5,2,4,5,4,12,8,7,6,9,8,6,8,5,,6,8,14,7,10,11,7,8,12,9,2,5,9,10,9,5,5,5,11,7,6,8,7,8,8,7,5,4,8,6,7,5,6,3,5,3,8,3,4,4,6,6,4,9,4,6,9,7,8,9,10,3,5,6,5,4,4,8,6,10,8,5,4,5,6,3,7,6,7,5,6,4,4,5,4,10,7,5,9,12,11,6,5,8,7,8,8,7,4,8,7,5,6,8,8,5,,6,9,5,11,4,10,9,3,,5,6,6,8,7,6,6,8,6,9,6,5,6,6,6,9,8,8,,8,6,5,15,5,7,12,12,9,6,7,,3,,8,,4,10,7,10,11,15,7,14,7,8,5,5,8,7,4,5,20,4,2,7,7,5,10,9,,,,7,,
20260404,0,NO2,9,15,7,15,8,15,13,14,6,5,15,17,9,21,40,11,12,9,21,18,18,17,23,23,20,23,22,20,41,13,44,9,27,20,17,52,17,19,15,25,11,15,11,38,18,33,21,37,28,15,13,17,52,28,12,4,21,6,18,21,25,22,10,9,39,59,16,31,16,62,32,15,33,52,34,29,50,31,12,9,13,15,23,11,18,13,13,27,12,12,14,15,11,16,10,13,23,45,17,11,11,8,14,4,10,39,55,21,24,15,28,23,16,47,20,19,13,13,8,14,46,17,17,23,27,19,20,12,16,15,13,13,28,21,16,30,16,14,9,27,13,57,26,16,24,36,65,51,25,13,46,28,48,21,40,8,15,31,15,71,,,,,,,,,,,,,,,,,,,,,,,,,,,,,,10,16,33,13,24,17,16,27,41,35,13,6,26,28,,8,6,8,13,3,12,7,10,7,5,11,16,7,11,13,9,5,8,9,30,14,11,21,13,14,22,18,7,8,12,18,11,15,19,13,14,9,13,14,56,18,12,12,14,19,24,12,15,12,11,9,14,15,18,24,8,8,14,16,14,13,12,12,12,17,30,8,18,28,15,22,24,22,33,10,26,15,19,15,35,18,18,21,13,15,46,52,29,52,65,43,42,9,41,40,5,,28,11,12,9,29,19,8,23,,13,5,12,8,14,11,10,11,10,17,7,16,5,8,18,3,17,14,,3,5,36,79,14,24,42,52,24,24,27,,17,,28,,23,8,2,1,13,2,34,1,52,32,31,42,13,45,29,94,45,89,30,15,16,3,19,25,,,,7,,
20260404,0,NO2_24h,31,24,15,28,41,12,29,12,19,35,17,15,11,16,10,24,19,38,29,20,21,24,23,26,22,29,25,20,29,23,27,14,27,26,22,41,24,22,20,22,21,23,16,20,25,25,26,22,15,12,14,15,17,23,11,5,15,6,11,17,13,12,19,9,18,26,10,11,9,25,12,11,14,27,15,17,13,11,20,14,17,23,24,25,17,14,24,17,20,17,19,13,13,27,11,22,19,23,14,9,14,9,14,4,26,22,31,9,14,16,11,12,15,27,30,15,25,15,22,37,23,35,21,24,22,25,19,13,21,14,13,19,19,18,18,12,15,21,7,12,7,29,17,15,14,13,29,18,10,11,22,18,19,16,21,5,13,8,11,21,,,,,,,,,,,,,,,,,,,,,,,,,,,,,,8,10,26,14,7,14,13,19,22,9,18,10,6,9,,8,6,22,11,14,24,27,19,23,18,15,19,17,28,10,17,7,16,22,12,24,8,26,17,17,27,29,10,23,12,17,12,11,23,14,15,15,9,12,32,17,11,16,16,19,18,13,10,16,15,14,16,14,14,14,11,10,13,11,12,15,11,11,10,9,14,9,11,12,5,9,16,12,17,9,30,9,10,16,16,16,17,12,8,11,29,21,15,21,22,16,27,10,17,16,5,,14,9,9,9,19,11,12,12,,7,7,10,9,15,10,9,7,10,15,9,18,7,9,9,3,8,17,,5,3,20,16,16,14,11,26,7,10,17,,11,,16,,18,6,2,2,5,2,10,4,10,10,13,15,11,23,13,33,15,36,18,18,10,5,12,17,,,,4,,
20260404,0,O3,80,77,86,36,80,74,74,65,83,87,78,73,79,67,36,70,62,73,50,62,64,69,59,82,86,49,55,45,34,67,29,111,78,39,61,8,45,62,52,41,68,41,56,7,63,24,43,13,52,99,87,66,15,28,43,53,34,52,48,37,24,19,66,59,31,19,54,53,72,26,61,91,52,51,37,37,40,53,71,123,63,76,37,89,70,77,85,53,101,100,71,74,79,96,115,91,22,8,49,44,48,45,52,53,55,7,4,28,68,73,37,77,82,47,58,52,63,53,84,58,37,73,56,53,46,73,86,68,84,77,81,84,24,56,58,28,8,47,54,29,46,12,53,67,51,52,21,29,27,80,34,48,12,47,52,102,86,41,84,13,,,,,,,,,,,,,,,,,,,,,,,,,,,,,,85,60,16,86,44,74,82,60,33,45,74,62,57,48,,70,90,86,58,65,78,72,64,131,121,55,63,103,69,68,73,75,73,76,30,63,46,59,58,86,37,38,54,84,64,59,65,62,42,47,55,62,44,41,2,51,37,73,57,31,33,66,42,56,70,83,85,84,75,45,95,82,59,65,64,61,71,81,64,30,39,45,26,16,52,6,31,3,11,15,29,46,44,61,20,74,36,28,51,62,25,15,74,17,19,11,7,54,9,22,43,,44,69,83,81,14,37,82,22,,32,86,82,90,96,74,93,106,90,74,93,57,49,86,66,89,64,66,,94,73,27,10,38,57,53,30,58,59,48,,84,,47,,45,101,71,102,72,62,59,136,24,45,49,55,86,53,60,8,53,4,59,86,33,104,71,57,,,,85,,
20260404,0,O3_24h,80,77,86,36,80,74,74,65,83,87,78,73,79,67,36,70,62,73,50,62,64,69,59,82,86,49,55,45,34,67,29,111,78,39,61,8,45,62,52,41,68,41,56,7,63,24,43,13,52,99,87,66,15,28,43,53,34,52,48,37,24,19,66,59,31,19,54,53,72,26,61,91,52,51,37,37,40,53,71,123,63,76,37,89,70,77,85,53,101,100,71,74,79,96,115,91,22,8,49,44,48,45,52,53,55,7,4,28,68,73,37,77,82,47,58,52,63,53,84,58,37,73,56,53,46,73,86,68,84,77,81,84,24,56,58,28,8,47,54,29,46,12,53,67,51,52,21,29,27,80,34,48,12,47,52,102,86,41,84,13,,,,,,,,,,,,,,,,,,,,,,,,,,,,,,85,60,16,86,44,74,82,60,33,45,74,62,57,48,,70,90,86,58,65,78,72,64,131,121,55,63,103,69,68,73,75,73,76,30,63,46,59,58,86,37,38,54,84,64,59,65,62,42,47,55,62,44,41,2,51,37,73,57,31,33,66,42,56,70,83,85,84,75,45,95,82,59,65,64,61,71,81,64,30,39,45,26,16,52,6,31,3,11,15,29,46,44,61,20,74,36,28,51,62,25,15,74,17,19,11,7,54,9,22,43,,44,69,83,81,14,37,82,22,,32,86,82,90,96,74,93,106,90,74,93,57,49,86,66,89,64,66,,94,73,27,10,38,57,53,30,58,59,48,,84,,47,,45,101,71,102,72,62,59,136,24,45,49,55,86,53,60,8,53,4,59,86,33,104,71,57,,,,85,,
20260404,0,O3_8h,91,96,98,83,106,115,105,109,95,100,105,103,105,105,92,121,149,67,63,129,93,110,111,116,117,88,101,104,100,89,100,116,119,85,135,68,103,103,109,111,122,105,81,90,77,81,85,51,133,131,127,83,87,61,83,63,66,69,69,71,88,66,107,100,93,97,97,114,101,106,115,113,105,113,89,86,98,102,130,134,128,121,84,139,109,125,121,149,131,153,159,127,137,123,164,154,58,99,106,79,62,95,76,67,39,85,89,86,118,125,100,116,109,99,83,127,129,127,111,86,88,125,78,88,82,72,116,118,127,110,119,110,86,90,81,82,65,60,68,75,73,103,107,118,97,105,108,80,83,124,98,109,83,108,103,116,114,103,116,108,,,,,,,,,,,,,,,,,,,,,,,,,,,,,,104,110,70,113,102,103,116,95,100,98,78,87,105,98,,85,101,91,121,115,77,105,120,131,129,67,78,115,102,93,92,83,90,104,79,79,82,118,101,119,54,57,63,78,103,114,95,107,66,86,95,76,98,67,86,57,72,76,64,69,55,78,57,76,102,114,126,112,116,101,115,110,69,107,106,74,98,101,75,67,108,86,73,70,85,34,64,77,72,73,40,69,75,85,66,123,70,83,99,119,83,87,106,112,110,89,66,82,81,92,106,,95,112,99,106,78,78,125,78,,84,116,98,95,140,123,112,128,130,134,98,112,67,88,112,99,94,107,,93,94,94,100,86,116,104,120,102,115,110,,105,,101,,95,127,113,119,115,111,123,138,99,105,106,117,115,118,114,114,112,111,104,122,108,108,118,107,,,,93,,
20260404,0,O3_8h_24h,89,84,94,61,78,90,88,87,90,92,89,86,86,96,71,75,108,61,59,69,60,69,69,90,93,66,65,60,50,69,74,113,99,42,52,23,45,60,65,65,67,46,60,26,71,42,33,32,82,119,105,74,57,39,43,56,48,54,53,47,38,41,86,81,69,58,78,93,89,77,94,96,80,92,64,60,76,82,82,128,74,77,39,118,76,88,89,92,117,128,110,103,101,115,141,97,50,39,80,61,46,51,38,58,32,29,18,52,105,99,72,94,99,86,71,70,82,86,76,50,52,88,67,46,50,69,100,91,96,94,99,94,62,71,70,57,29,56,64,56,62,60,79,93,75,86,72,59,59,107,79,82,54,74,74,105,99,71,103,78,,,,,,,,,,,,,,,,,,,,,,,,,,,,,,91,87,23,98,75,93,95,88,84,75,78,76,86,78,,75,88,75,74,72,74,67,90,128,122,63,64,110,80,83,70,79,67,84,57,64,66,88,78,94,37,39,52,76,75,83,76,86,53,60,60,59,53,57,17,54,63,76,64,46,54,77,55,57,92,100,107,90,88,75,101,83,67,89,87,68,85,91,69,58,83,70,55,45,70,21,52,41,49,44,25,61,59,77,46,90,56,73,66,102,56,50,100,70,82,55,35,65,52,46,84,,70,90,92,95,41,64,101,51,,61,99,97,92,120,99,105,120,113,100,94,83,58,85,97,97,84,90,,93,88,63,73,62,92,86,84,85,93,80,,98,,70,,76,116,96,111,93,92,104,137,73,75,65,95,101,99,101,76,96,85,91,108,84,97,102,92,,,,86,,
20260404,0,CO,0.23,0.47,0.10,1.07,0.25,0.33,0.25,0.30,0.20,0.22,0.15,0.20,0.30,0.32,0.44,0.50,0.71,0.34,0.52,0.65,0.60,0.86,0.65,0.76,0.40,0.66,0.89,0.70,0.58,0.68,0.64,0.46,0.63,0.63,0.53,0.77,0.51,0.85,0.68,0.67,0.60,0.77,0.60,0.60,0.50,0.60,0.57,0.72,0.40,0.50,0.37,0.50,0.80,0.66,0.55,0.50,0.53,0.25,0.37,0.63,0.73,0.57,0.56,0.40,0.65,0.91,0.43,0.52,0.27,0.54,0.47,0.50,0.36,0.60,0.68,0.58,0.60,0.40,0.60,0.55,0.30,0.43,0.73,0.26,0.36,0.37,0.38,0.47,0.46,0.37,0.38,0.47,0.28,1.06,0.40,0.62,0.80,1.30,0.60,0.63,0.75,0.50,0.55,0.57,0.55,1.40,1.33,0.65,0.50,0.40,0.73,0.40,0.27,0.34,0.48,1.16,0.60,0.58,0.36,0.77,0.92,0.73,0.32,0.53,0.67,0.62,0.31,0.17,0.57,0.27,0.25,0.23,0.55,0.60,0.63,1.00,0.60,0.77,0.63,0.79,0.50,0.78,0.72,0.55,0.77,0.67,0.73,0.45,0.55,0.50,0.50,0.30,0.45,0.34,0.40,0.50,0.57,0.74,0.44,0.50,,,,,,,,,,,,,,,,,,,,,,,,,,,,,,0.30,0.40,1.00,0.20,0.30,0.25,0.23,0.37,0.33,0.40,0.57,0.20,0.50,0.35,,0.30,0.45,0.38,0.50,0.45,0.57,0.40,0.50,0.40,0.80,0.35,0.30,0.40,0.20,0.37,0.30,0.25,0.35,0.53,0.65,0.40,0.35,0.42,0.40,0.35,0.80,0.57,0.50,0.40,0.40,0.30,0.35,0.23,0.67,0.47,0.67,0.77,0.55,0.75,0.95,0.73,0.53,0.48,0.45,0.80,0.80,0.55,0.93,0.65,0.38,0.33,0.20,0.23,0.38,0.53,0.27,0.17,0.78,0.30,0.60,0.67,0.40,0.40,0.27,0.80,0.70,0.45,0.95,0.90,0.90,0.70,0.80,0.70,0.90,0.45,0.50,0.60,0.73,0.67,0.97,0.60,0.73,0.70,0.80,0.80,0.60,0.70,0.53,0.72,1.05,1.00,0.40,0.35,0.75,0.65,0.20,,0.20,0.55,0.33,0.53,0.75,0.70,0.35,0.65,,0.75,0.30,0.40,0.45,0.85,0.50,0.60,0.40,0.65,0.75,0.40,0.70,0.30,0.45,0.40,0.25,0.50,0.70,,0.35,0.40,0.50,0.47,0.40,0.35,0.55,0.45,0.40,0.40,0.40,,0.35,,0.65,,0.50,0.50,0.40,0.20,0.30,0.40,0.50,0.30,0.70,0.35,0.40,0.60,0.10,0.40,0.30,1.95,0.25,1.60,0.65,0.35,0.50,,0.25,0.40,,,,0.60,,
20260404,0,CO_24h,0.63,0.67,0.38,0.83,0.80,0.45,0.47,0.30,0.50,0.65,0.35,0.27,0.65,0.50,0.28,0.86,0.67,1.20,0.71,0.55,0.61,0.73,0.58,0.74,0.46,0.64,0.74,0.59,0.62,0.83,0.78,0.66,0.72,0.61,0.57,0.53,0.53,0.75,0.65,0.57,0.60,0.50,0.40,0.50,0.66,0.55,0.47,0.67,0.53,0.61,0.41,0.57,0.60,0.63,0.55,0.50,0.50,0.35,0.37,0.63,0.55,0.50,0.63,0.40,0.51,0.57,0.43,0.48,0.28,0.40,0.43,0.50,0.26,0.38,0.42,0.52,0.39,0.24,0.74,0.67,0.57,0.75,0.63,0.56,0.60,0.57,0.56,0.53,0.62,0.47,0.63,0.68,0.42,0.80,0.50,0.70,0.80,0.75,0.67,0.63,0.75,0.55,0.55,0.53,0.65,0.60,0.83,0.50,0.40,0.40,0.44,0.48,0.60,0.58,0.74,0.90,0.87,0.88,0.66,1.45,0.58,0.93,0.40,0.57,0.63,0.64,0.48,0.33,0.62,0.67,0.38,0.35,0.45,0.53,0.60,0.82,0.55,0.87,0.63,0.73,0.50,0.63,0.70,0.85,0.67,0.53,0.60,0.30,0.55,0.53,0.53,0.40,0.45,0.38,0.35,0.40,0.67,0.46,0.46,0.35,,,,,,,,,,,,,,,,,,,,,,,,,,,,,,0.30,0.40,0.75,0.53,0.23,0.55,0.45,0.47,0.47,0.27,0.77,0.30,0.35,0.30,,0.30,0.50,0.70,0.63,0.70,0.83,0.60,0.80,0.75,0.85,0.40,0.40,0.40,0.83,0.37,0.43,0.30,0.40,0.63,0.40,0.50,0.25,0.52,0.44,0.45,0.53,0.58,0.45,0.60,0.46,0.33,0.35,0.23,0.80,0.33,0.63,1.00,0.45,0.75,0.65,0.63,0.77,0.53,0.65,0.74,0.95,0.68,0.95,0.65,0.48,0.45,0.35,0.35,0.48,0.47,0.43,0.23,0.75,0.50,0.60,0.67,0.40,0.50,0.37,0.70,0.70,0.50,0.90,0.90,0.80,0.65,0.67,0.40,0.70,0.45,0.65,0.53,0.57,0.73,0.70,0.80,0.73,0.80,0.70,0.70,0.70,0.65,0.40,0.55,0.70,0.67,0.40,0.40,0.60,0.55,0.20,,0.25,0.50,0.43,0.53,0.70,0.55,0.45,0.60,,0.65,0.30,0.30,0.45,0.65,0.50,0.50,0.40,0.50,0.75,0.40,0.50,0.20,0.50,0.30,0.25,0.35,0.90,,0.35,0.45,0.53,0.27,0.60,0.40,0.25,0.40,0.20,0.25,0.30,,0.20,,0.60,,0.40,0.50,0.30,0.20,0.30,0.30,0.30,0.30,0.30,0.30,0.30,0.50,0.10,0.30,0.25,0.55,0.25,0.65,0.50,0.55,0.40,0.20,0.45,0.45,,,,0.50,,
20260404,1,AQI,23,69,36,97,55,43,37,20,32,24,57,44,35,45,45,44,45,30,47,47,42,59,33,52,57,66,55,59,68,36,46,34,80,14,19,60,16,58,36,34,19,17,18,36,35,24,14,23,74,28,86,46,43,37,38,36,42,37,39,46,51,43,30,33,48,77,39,34,20,140,95,97,75,66,32,37,45,30,31,57,21,24,17,45,56,72,81,81,51,36,71,60,75,33,34,80,12,91,50,36,15,47,20,33,15,56,95,51,50,60,36,54,61,57,41,34,38,32,26,30,103,119,44,36,54,29,87,63,58,86,129,99,44,24,27,22,25,19,47,41,39,72,56,33,30,58,89,58,33,23,127,121,69,100,110,133,63,60,48,115,,,,,,,,,,,,,,,,,,,,,,,,,,,,,,37,95,26,82,40,39,97,31,67,55,42,24,51,26,,21,29,27,26,30,24,43,30,38,37,59,34,45,70,54,24,22,30,34,56,78,23,38,37,52,50,49,14,37,34,45,25,53,26,33,19,15,20,12,39,31,27,24,19,19,25,25,23,24,70,71,62,104,219,45,55,164,50,83,46,47,34,44,48,38,35,64,25,49,16,36,21,44,43,24,40,49,55,35,70,31,19,51,36,64,78,62,56,63,82,56,49,68,56,68,26,,33,19,26,26,31,55,27,40,,40,39,42,28,81,68,69,65,71,91,39,81,21,26,39,26,25,36,,29,21,81,55,69,144,120,70,153,88,90,,112,,101,,70,119,36,45,44,52,19,51,80,74,98,82,31,56,88,158,100,211,112,80,38,33,45,58,,,,51,,
20260404,1,PM2.5,3,24,6,63,28,13,8,11,20,7,22,10,7,8,26,20,28,21,33,33,22,42,23,35,22,48,39,36,49,25,32,10,59,7,6,43,11,41,25,24,12,3,7,23,17,17,10,16,7,13,20,32,26,23,25,25,27,22,25,32,34,30,14,22,25,41,25,12,6,47,48,45,22,31,20,25,26,10,20,36,15,14,12,21,3,3,57,34,11,13,26,22,4,14,14,59,4,68,25,23,9,33,14,19,5,40,71,36,35,18,13,9,9,9,29,24,26,20,13,21,77,90,25,25,38,14,17,12,22,18,24,20,31,17,18,13,14,11,26,21,19,44,38,14,21,35,57,29,22,9,45,42,20,36,34,39,23,21,15,55,,,,,,,,,,,,,,,,,,,,,,,,,,,,,,18,43,18,6,8,9,20,10,16,12,25,9,22,10,,11,3,10,18,21,16,30,16,20,12,42,24,26,51,38,17,8,21,24,27,57,10,24,26,16,35,34,3,25,19,18,17,12,18,23,13,9,14,5,27,22,12,13,6,9,8,7,13,17,12,9,8,38,49,22,24,31,23,34,26,21,19,31,27,25,23,25,16,34,11,25,12,19,24,17,28,29,36,16,51,16,7,26,16,41,37,25,35,25,37,38,15,28,31,45,8,,12,9,13,14,18,35,19,28,,27,26,20,11,53,49,50,47,52,68,27,60,13,8,9,3,14,25,,3,6,46,25,26,59,50,37,78,43,47,,43,,55,,34,48,22,16,23,24,3,24,30,40,38,33,7,36,30,109,47,134,54,21,11,3,12,23,,,,35,,
20260404,1,PM2.5_24h,58,52,54,76,81,28,64,22,39,63,41,29,40,33,30,48,56,204,67,26,28,21,21,64,32,36,18,23,34,36,54,37,74,17,21,38,22,26,20,28,19,18,16,16,29,16,16,13,29,37,30,22,17,28,26,25,28,26,25,27,25,25,39,23,19,31,14,18,6,34,49,31,66,19,10,14,58,54,53,51,52,75,16,65,28,27,42,35,39,38,53,33,37,53,35,45,17,33,31,24,17,22,29,22,31,31,47,26,26,28,23,36,45,40,54,44,51,38,71,190,59,133,45,26,32,14,40,26,28,40,27,38,16,16,19,12,13,24,22,24,19,28,27,15,10,17,31,19,17,12,42,43,36,26,29,42,23,68,9,31,,,,,,,,,,,,,,,,,,,,,,,,,,,,,,13,21,24,32,30,34,37,32,36,64,84,10,36,21,,20,75,62,39,44,71,59,56,34,28,83,43,38,114,22,54,12,39,89,13,67,7,34,24,20,24,23,9,43,15,29,19,24,18,24,11,10,8,10,23,14,10,12,13,14,9,11,7,9,28,28,19,23,23,17,38,17,20,24,21,18,15,19,19,27,14,24,11,18,14,13,14,7,10,11,40,26,28,32,36,47,24,42,25,46,32,18,18,25,33,22,19,20,21,23,9,,7,8,12,19,10,22,28,18,,16,33,20,8,50,41,26,38,37,65,23,50,10,9,7,5,5,26,,4,4,32,49,26,33,52,27,76,43,55,,42,,44,,34,31,24,22,25,26,4,26,76,76,49,50,11,21,16,46,42,55,44,14,12,3,12,21,,,,25,,
20260404,1,PM10,15,88,36,144,59,43,37,17,32,19,64,44,35,45,45,44,45,19,43,38,42,49,28,53,64,65,56,68,56,25,46,14,68,12,13,49,14,47,32,31,16,8,9,36,35,23,8,22,97,22,121,40,43,37,38,33,42,37,39,45,51,43,30,33,48,104,39,34,16,229,140,144,99,81,32,37,45,30,31,64,14,,12,45,61,93,111,112,51,36,91,70,100,33,23,84,12,87,50,36,15,39,17,33,12,50,93,49,45,70,36,58,72,63,41,30,38,32,15,30,101,99,44,35,57,29,123,76,66,121,207,147,38,23,27,22,25,19,47,41,39,93,62,33,27,65,128,66,33,19,203,191,87,150,170,215,76,69,48,180,,,,,,,,,,,,,,,,,,,,,,,,,,,,,,37,139,24,114,40,39,143,31,84,59,42,24,51,26,,18,17,18,21,24,20,43,30,36,32,48,31,45,58,47,24,22,23,33,62,64,23,38,34,53,47,34,14,37,34,45,25,56,25,22,13,11,20,12,35,27,27,24,9,19,25,25,23,21,89,91,73,158,363,45,60,278,50,116,46,47,34,42,48,38,35,77,25,,14,32,21,44,43,22,32,49,60,35,82,31,19,52,36,78,106,74,61,75,113,61,49,85,61,85,26,,33,19,23,26,31,59,26,40,,40,39,42,12,111,59,70,60,76,92,32,102,21,18,39,11,25,33,,7,9,112,60,88,237,190,90,256,126,130,,174,,151,,89,188,36,45,44,54,19,51,109,97,145,113,17,61,126,266,150,358,174,110,38,16,45,66,,,,52,,
20260404,1,PM10_24h,109,106,152,149,126,76,150,91,102,136,106,103,102,110,101,82,90,238,83,33,44,29,32,85,60,55,31,44,39,44,71,43,84,27,30,46,30,36,26,40,28,29,22,26,54,21,21,15,77,58,140,32,25,45,42,39,39,34,40,43,42,36,54,34,34,61,28,31,13,160,157,66,291,55,17,19,267,286,94,89,51,76,16,94,106,91,93,81,76,75,94,66,75,82,63,88,23,50,42,44,20,39,38,35,46,41,56,41,41,61,100,125,176,121,87,70,81,67,66,242,83,170,64,34,44,22,160,74,65,150,109,165,24,24,33,21,17,40,44,38,28,58,37,30,18,40,70,41,28,27,176,188,193,120,181,221,90,354,40,107,,,,,,,,,,,,,,,,,,,,,,,,,,,,,,30,40,34,157,135,141,168,91,185,291,122,25,117,84,,111,306,68,53,69,67,80,73,63,61,88,52,69,180,40,71,22,56,125,32,76,19,55,38,48,38,31,19,54,33,49,20,43,26,27,16,13,14,14,25,19,16,21,17,22,23,20,19,20,69,107,58,59,54,38,51,53,39,79,40,34,27,46,30,44,26,51,19,19,22,20,22,19,20,15,59,47,49,48,51,57,39,55,45,68,95,49,34,43,73,35,46,45,39,45,28,,16,23,22,20,22,33,39,23,,22,48,36,15,90,55,41,49,54,86,31,68,15,18,17,25,17,38,,13,13,99,244,60,139,206,77,261,153,200,,198,,128,,104,84,62,53,63,61,16,128,338,343,220,179,28,48,84,134,130,181,222,57,50,12,39,56,,,,39,,
20260404,1,SO2,3,6,3,6,6,6,3,3,2,2,4,3,4,4,7,8,6,6,8,5,6,6,4,8,9,6,6,6,5,8,6,6,6,6,5,6,6,5,5,5,6,5,5,5,6,4,2,7,6,7,3,7,7,5,6,4,7,4,7,4,5,9,5,6,9,5,6,3,4,4,7,15,11,8,4,5,9,5,7,7,4,10,3,9,8,5,7,10,8,6,5,4,3,15,5,5,6,7,7,8,7,5,6,5,5,4,7,7,6,5,14,13,3,6,6,9,8,7,5,7,8,6,7,7,10,5,8,2,8,7,7,12,6,7,8,8,9,5,7,8,4,7,8,16,11,7,4,7,9,9,3,2,2,5,5,3,17,13,5,10,,,,,,,,,,,,,,,,,,,,,,,,,,,,,,5,2,4,3,6,11,7,7,6,15,6,5,8,5,,5,8,6,6,9,6,4,5,10,8,2,4,7,6,9,5,4,4,6,7,4,8,6,7,6,9,5,4,8,6,5,4,4,3,5,3,5,4,4,5,13,5,3,5,4,6,12,6,18,7,8,2,5,6,5,3,5,9,7,12,12,5,4,5,5,4,7,6,6,5,4,5,5,3,4,6,7,7,8,19,9,5,5,8,7,2,7,7,4,8,7,4,6,8,9,5,,5,8,4,17,4,10,5,2,,5,6,10,8,7,7,10,5,5,9,6,5,7,6,5,9,8,6,,7,6,9,9,4,10,38,13,9,7,8,,5,,8,,4,18,4,10,10,17,4,13,10,10,5,4,8,6,4,6,10,7,2,6,8,5,10,10,,,,8,,
20260404,1,SO2_24h,5,8,4,10,11,6,5,4,4,5,7,5,8,7,8,11,8,10,9,5,6,6,4,9,10,6,5,6,5,10,8,7,7,6,5,5,6,5,5,6,6,3,3,4,6,4,2,7,7,7,5,7,4,5,5,4,6,3,6,4,5,8,4,7,8,5,6,4,4,4,7,8,6,7,3,5,8,5,12,8,6,11,3,19,10,7,12,11,11,7,8,6,9,9,5,12,7,6,7,5,8,6,6,5,6,6,7,7,4,6,8,10,7,7,22,8,11,10,8,11,7,10,8,6,9,6,10,5,8,10,6,13,6,7,7,7,9,7,7,6,4,8,6,10,6,6,3,6,7,7,4,3,3,6,7,10,14,8,5,10,,,,,,,,,,,,,,,,,,,,,,,,,,,,,,5,2,4,4,4,12,8,7,6,9,8,6,8,5,,6,8,14,7,10,11,7,8,12,9,2,5,9,10,9,5,5,5,10,7,6,8,7,8,7,7,5,4,8,6,6,5,6,3,5,3,8,3,4,4,6,6,4,9,4,6,9,7,9,9,10,3,5,6,5,4,4,8,6,11,8,5,4,5,6,3,7,6,7,5,6,4,4,5,4,10,7,5,9,13,10,6,5,8,7,8,8,7,4,8,7,5,6,8,8,5,,6,9,5,11,4,10,9,3,,5,6,6,8,7,6,6,8,6,9,6,6,6,6,6,9,8,8,,8,6,5,15,5,7,13,12,9,6,7,,3,,8,,4,11,7,10,11,15,7,14,7,8,5,5,8,7,4,5,20,4,2,7,7,5,10,9,,,,7,,
20260404,1,NO2,13,16,8,10,11,16,15,11,9,10,16,14,13,26,43,12,10,10,19,16,16,18,16,18,15,26,23,19,46,14,40,9,23,15,13,46,16,13,16,23,13,10,11,36,18,34,21,37,18,17,12,20,49,25,12,4,22,5,15,23,24,24,10,8,36,57,17,36,17,62,30,13,35,60,30,28,62,24,10,9,13,13,23,13,17,15,11,16,13,14,14,16,7,15,10,13,21,46,14,10,14,10,8,3,12,30,55,35,31,14,30,19,26,49,17,15,12,11,8,11,34,20,22,30,26,18,24,12,16,18,10,17,24,21,13,30,12,13,15,27,16,52,28,12,20,41,60,44,17,25,41,23,43,19,64,5,12,31,15,48,,,,,,,,,,,,,,,,,,,,,,,,,,,,,,9,15,35,14,30,26,19,29,54,37,14,6,20,27,,7,6,8,9,3,12,7,8,7,6,10,13,7,15,13,8,5,7,8,25,13,8,19,15,7,20,17,8,8,11,15,10,5,16,12,14,12,15,13,49,20,18,12,8,18,27,14,12,12,11,11,16,15,18,26,10,6,12,16,15,13,11,10,10,10,21,7,16,30,11,20,22,21,36,9,8,14,23,16,35,11,16,26,14,10,46,52,44,52,67,34,37,9,37,37,3,,37,12,7,9,24,21,6,24,,13,5,13,7,12,11,22,10,8,18,8,13,5,7,13,2,20,23,,4,4,33,84,13,30,47,49,9,21,22,,25,,20,,42,5,2,2,19,4,28,2,38,55,20,34,7,65,14,92,41,85,43,13,17,2,16,16,,,,8,,
20260404,1,NO2_24h,30,22,14,26,39,12,28,12,18,32,16,14,11,15,12,23,19,36,28,20,21,23,23,25,22,29,25,20,30,22,27,14,27,25,22,41,24,21,19,22,21,23,15,21,25,26,26,23,15,12,14,15,19,23,11,5,15,6,11,17,14,13,18,9,19,27,11,12,9,26,13,11,14,27,15,18,15,12,19,13,17,22,24,24,16,14,23,17,19,17,19,13,12,26,11,21,19,24,14,9,15,9,14,4,25,23,33,10,15,16,11,12,15,27,29,15,23,14,21,36,24,34,21,24,22,24,19,13,21,14,13,18,20,18,17,13,14,20,7,12,8,30,17,15,14,14,30,20,10,12,22,18,20,16,23,5,13,9,11,21,,,,,,,,,,,,,,,,,,,,,,,,,,,,,,8,10,27,14,8,14,13,18,22,10,18,10,7,10,,8,6,20,11,13,23,25,17,21,17,15,19,16,26,11,17,7,16,21,12,23,8,26,17,17,27,28,10,22,11,16,12,11,23,14,15,15,10,12,34,18,12,15,15,19,18,13,10,16,15,14,16,14,13,14,11,10,13,12,12,16,12,11,10,9,15,9,12,13,6,10,16,13,17,9,29,9,10,15,17,16,17,12,8,11,29,23,16,23,24,17,28,10,18,17,5,,14,10,8,9,19,11,12,13,,8,7,10,9,15,10,10,7,10,15,9,18,7,9,9,3,9,17,,5,3,21,19,15,14,13,27,7,11,17,,11,,16,,17,6,2,2,6,2,11,4,11,12,13,16,11,24,12,33,15,36,18,17,11,5,12,17,,,,4,,
20260404,1,O3,73,72,81,42,76,72,69,65,70,77,75,75,71,56,30,70,67,71,48,68,68,67,70,91,89,39,49,45,23,63,30,109,75,46,61,11,43,68,52,35,60,54,59,4,58,20,38,12,64,89,83,56,13,32,43,52,36,51,40,29,24,16,65,59,29,18,51,40,64,22,57,88,46,37,38,34,24,57,73,124,61,76,36,80,71,71,84,80,93,88,65,63,84,97,109,84,18,6,45,44,41,41,63,54,49,7,2,6,54,77,32,75,59,42,57,61,67,61,82,59,48,70,50,41,49,74,79,65,79,72,84,74,23,55,63,20,11,45,42,26,37,16,43,74,53,35,18,27,39,72,30,50,10,46,28,106,89,42,82,39,,,,,,,,,,,,,,,,,,,,,,,,,,,,,,77,59,13,83,33,59,68,48,15,40,69,66,53,43,,67,93,86,69,67,76,72,67,121,118,57,62,103,61,63,72,68,72,75,29,65,48,55,56,94,38,39,43,79,64,71,63,89,46,47,45,47,32,37,2,46,22,70,60,29,36,56,44,58,69,78,78,85,76,37,89,82,57,60,53,55,68,76,63,39,50,42,23,9,52,9,26,1,5,11,48,41,32,52,16,73,34,20,45,76,23,5,33,10,8,14,6,47,8,17,38,,28,60,82,77,13,30,81,16,,26,89,77,90,94,71,65,108,86,67,85,60,48,82,68,84,57,55,,94,67,35,2,35,43,38,30,72,51,50,,71,,53,,25,103,71,99,52,56,55,135,21,17,63,60,98,21,67,7,45,2,39,90,31,106,72,61,,,,82,,
20260404,1,O3_24h,73,72,81,42,76,72,69,65,70,77,75,75,71,56,30,70,67,71,48,68,68,67,70,91,89,39,49,45,23,63,30,109,75,46,61,11,43,68,52,35,60,54,59,4,58,20,38,12,64,89,83,56,13,32,43,52,36,51,40,29,24,16,65,59,29,18,51,40,64,22,57,88,46,37,38,34,24,57,73,124,61,76,36,80,71,71,84,80,93,88,65,63,84,97,109,84,18,6,45,44,41,41,63,54,49,7,2,6,54,77,32,75,59,42,57,61,67,61,82,59,48,70,50,41,49,74,79,65,79,72,84,74,23,55,63,20,11,45,42,26,37,16,43,74,53,35,18,27,39,72,30,50,10,46,28,106,89,42,82,39,,,,,,,,,,,,,,,,,,,,,,,,,,,,,,77,59,13,83,33,59,68,48,15,40,69,66,53,43,,67,93,86,69,67,76,72,67,121,118,57,62,103,61,63,72,68,72,75,29,65,48,55,56,94,38,39,43,79,64,71,63,89,46,47,45,47,32,37,2,46,22,70,60,29,36,56,44,58,69,78,78,85,76,37,89,82,57,60,53,55,68,76,63,39,50,42,23,9,52,9,26,1,5,11,48,41,32,52,16,73,34,20,45,76,23,5,33,10,8,14,6,47,8,17,38,,28,60,82,77,13,30,81,16,,26,89,77,90,94,71,65,108,86,67,85,60,48,82,68,84,57,55,,94,67,35,2,35,43,38,30,72,51,50,,71,,53,,25,103,71,99,52,56,55,135,21,17,63,60,98,21,67,7,45,2,39,90,31,106,72,61,,,,82,,
20260404,1,O3_8h,,,,,,,,,,,,,,,,,,,,,,,,,,,,,,,,,,,,,,,,,,,,,,,,,,,,,,,,,,,,,,,,,,,,,,,,,,,,85,,,,,,,,,,,85,,,,,,,,,,,,,,,,,,,,,,,,,,,,,,,,,,,,,,,,,,,,,,,,,,,,,,,,,,,,,,,,,,,,,,,,,,,,,,,,,,,,,,,,,,,,,,,,,,,,,,,,,,,,,,,,,,,,,,,,,,,,,,,,,,,,,,,,,,80,,,,,,,,,,,,,,,,,,,,,,,,,,,,,46,,,,,,,,,,,,,,,,,,,70,,,,,,,,,,,,,,,,,,,,,,,,,,,,,,,,,,,,,,,,,,,,,,,,,,,,,,,,,,,,,,,,,,,,,,,,,,,,,,,,,,,,,,,,,,,,,,,,,,,,,,
20260404,1,O3_8h_24h,,,,,,,,,,,,,,,,,,,,,,,,,,,,,,,,,,,,,,,,,,,,,,,,,,,,,,,,,,,,,,,,,,,,,,,,,,,,,,,,,,,,,,,,,,,,,,,,,,,,,,,,,,,,,,,,,,,,,,,,,,,,,,,,,,,,,,,,,,,,,,,,,,,,,,,,,,,,,,,,,,,,,,,,,,,,,,,,,,,,,,,,,,,,,,,,,,,,,,,,,,,,,,,,,,,,,,,,,,,,,,,,,,,,,,,,,,,,,,,,,,,,,,,,,,,,,,,,,,,,,,,,,,,,,,,,,,,,,,,,,,,,,,,,,,,,,,,,,,,,,,,,,,,,,,,,,,,,,,,,,,,,,,,,,,,,,,,,,,,,,,,,,,,,,,,,,,,,,,,,,,,,,,,,,,,,,,,
20260404,1,CO,0.24,0.52,0.13,0.84,0.30,0.28,0.25,0.33,0.25,0.20,0.23,0.17,0.33,0.30,0.46,0.50,0.56,0.39,0.58,0.62,0.58,0.86,0.62,0.97,0.38,0.70,0.90,0.73,0.64,0.72,0.60,0.46,0.60,0.62,0.53,0.67,0.51,0.90,0.70,0.70,0.65,0.73,0.60,0.60,0.52,0.63,0.55,0.68,0.36,0.49,0.36,0.47,0.76,0.64,0.52,0.47,0.57,0.25,0.37,0.63,0.70,0.53,0.53,0.40,0.63,0.87,0.47,0.51,0.30,0.50,0.50,0.45,0.42,0.52,0.62,0.54,0.54,0.32,0.60,0.63,0.33,0.45,0.70,0.41,0.30,0.40,0.43,0.45,0.56,0.45,0.37,0.50,0.27,1.04,0.40,0.70,0.70,1.38,0.60,0.63,0.75,0.60,0.50,0.53,0.55,1.10,1.43,0.65,0.53,0.40,0.69,0.40,0.33,0.40,0.50,1.02,0.55,0.56,0.38,0.63,0.92,0.73,0.32,0.55,0.60,0.58,0.32,0.20,0.53,0.33,0.23,0.25,0.55,0.63,0.60,0.98,0.50,0.77,0.63,0.77,0.55,0.75,0.80,0.55,0.73,0.67,0.70,0.45,0.48,0.57,0.50,0.30,0.45,0.34,0.40,0.40,0.57,0.64,0.60,0.35,,,,,,,,,,,,,,,,,,,,,,,,,,,,,,0.35,0.30,0.90,0.20,0.30,0.25,0.25,0.37,0.33,0.47,0.63,0.20,0.50,0.33,,0.30,0.45,0.38,0.43,0.45,0.57,0.37,0.40,0.40,0.80,0.20,0.30,0.40,0.20,0.37,0.33,0.30,0.30,0.43,0.55,0.30,0.25,0.43,0.40,0.25,0.78,0.60,0.55,0.45,0.40,0.30,0.35,0.10,0.65,0.57,0.63,1.10,0.60,0.75,1.05,0.70,0.60,0.47,0.40,0.78,0.80,0.57,0.90,0.65,0.35,0.32,0.20,0.35,0.38,0.50,0.27,0.17,0.80,0.30,0.58,0.73,0.42,0.40,0.23,0.70,0.67,0.45,0.93,1.00,0.90,0.70,0.80,0.65,0.85,0.40,0.45,0.60,0.72,0.67,0.87,0.60,0.63,0.70,0.75,0.70,0.60,0.60,0.60,0.75,1.15,0.90,0.37,0.35,0.70,0.65,0.20,,0.25,0.50,0.33,0.57,0.70,0.70,0.30,0.70,,0.75,0.25,0.40,0.45,0.80,0.50,0.80,0.40,0.65,0.70,0.40,0.70,0.25,0.50,0.30,0.25,0.45,1.30,,0.35,0.40,0.50,0.50,0.40,0.40,0.50,0.45,0.30,0.35,0.40,,0.35,,0.55,,0.50,0.50,0.40,0.20,0.30,0.60,0.40,0.30,0.53,0.45,0.30,0.45,0.10,0.55,0.25,2.05,0.35,1.65,0.80,0.30,0.50,,0.30,0.35,,,,0.60,,
20260404,1,CO_24h,0.59,0.65,0.38,0.83,0.75,0.45,0.46,0.30,0.45,0.60,0.35,0.27,0.63,0.50,0.28,0.82,0.66,1.15,0.69,0.55,0.61,0.74,0.58,0.76,0.44,0.64,0.77,0.60,0.64,0.83,0.76,0.66,0.70,0.61,0.57,0.60,0.53,0.75,0.65,0.57,0.60,0.53,0.40,0.50,0.66,0.53,0.47,0.68,0.52,0.60,0.41,0.57,0.60,0.63,0.55,0.50,0.50,0.35,0.37,0.63,0.57,0.50,0.61,0.40,0.52,0.59,0.40,0.49,0.32,0.40,0.43,0.50,0.28,0.39,0.42,0.52,0.40,0.24,0.74,0.65,0.57,0.75,0.67,0.56,0.58,0.57,0.58,0.55,0.62,0.47,0.63,0.63,0.42,0.82,0.50,0.70,0.80,0.80,0.67,0.63,0.75,0.55,0.55,0.53,0.65,0.70,0.87,0.50,0.40,0.40,0.44,0.47,0.60,0.56,0.72,0.92,0.87,0.86,0.66,1.42,0.60,0.93,0.38,0.57,0.63,0.64,0.47,0.33,0.62,0.57,0.38,0.35,0.45,0.53,0.60,0.82,0.55,0.87,0.63,0.73,0.50,0.63,0.70,0.85,0.67,0.53,0.60,0.30,0.55,0.53,0.53,0.40,0.45,0.36,0.35,0.40,0.67,0.50,0.46,0.35,,,,,,,,,,,,,,,,,,,,,,,,,,,,,,0.30,0.30,0.75,0.50,0.23,0.55,0.43,0.43,0.47,0.27,0.77,0.30,0.35,0.30,,0.30,0.50,0.70,0.63,0.70,0.83,0.60,0.80,0.75,0.85,0.40,0.40,0.40,0.83,0.37,0.43,0.30,0.40,0.63,0.40,0.50,0.25,0.50,0.44,0.40,0.53,0.58,0.45,0.60,0.44,0.33,0.35,0.23,0.80,0.33,0.63,1.03,0.45,0.75,0.70,0.63,0.77,0.47,0.65,0.76,0.95,0.65,0.95,0.65,0.48,0.45,0.35,0.35,0.46,0.47,0.43,0.23,0.78,0.50,0.60,0.67,0.40,0.50,0.37,0.70,0.70,0.50,0.92,0.90,0.80,0.65,0.67,0.40,0.75,0.45,0.65,0.53,0.57,0.67,0.70,0.80,0.70,0.80,0.75,0.70,0.70,0.65,0.43,0.58,0.70,0.70,0.40,0.40,0.60,0.55,0.20,,0.25,0.50,0.43,0.53,0.70,0.55,0.45,0.60,,0.65,0.35,0.30,0.45,0.70,0.50,0.50,0.40,0.50,0.75,0.40,0.50,0.20,0.50,0.30,0.25,0.35,0.90,,0.35,0.45,0.53,0.27,0.50,0.40,0.25,0.40,0.20,0.30,0.30,,0.20,,0.55,,0.40,0.50,0.30,0.20,0.30,0.30,0.30,0.30,0.30,0.30,0.30,0.50,0.10,0.30,0.25,0.65,0.25,0.65,0.55,0.45,0.30,0.20,0.40,0.45,,,,0.50,,
20260404,2,AQI,21,90,39,79,46,39,34,20,42,23,118,47,29,43,26,42,38,49,56,54,41,64,31,51,57,69,54,59,66,50,52,33,65,15,20,55,16,58,47,33,23,18,19,32,37,25,14,21,79,28,80,44,37,28,36,33,41,35,39,47,53,39,28,31,45,74,36,35,21,139,95,107,73,65,30,37,44,29,29,52,20,24,21,50,62,64,71,73,57,49,64,70,64,38,29,58,17,90,45,36,14,50,20,32,13,58,96,56,54,78,36,53,68,56,47,36,39,43,25,30,106,128,44,39,53,25,80,61,60,69,115,98,37,19,28,28,23,19,54,44,38,71,54,30,27,60,89,55,31,26,122,111,62,95,111,137,64,59,40,82,,,,,,,,,,,,,,,,,,,,,,,,,,,,,,39,74,16,74,43,38,90,36,67,55,40,23,50,25,,20,30,25,29,36,21,51,26,36,36,55,31,41,75,55,27,19,31,33,47,63,25,44,37,55,49,49,14,36,34,49,26,61,33,26,21,13,14,13,37,36,24,22,16,17,24,27,20,24,59,63,62,73,107,45,64,164,48,79,49,46,35,49,46,40,33,60,23,46,16,54,27,42,47,23,21,50,57,28,69,24,18,36,34,32,75,59,51,62,75,51,42,68,53,68,20,,26,22,24,29,28,51,29,43,,33,40,41,28,84,66,52,65,76,93,34,73,16,24,26,26,26,44,,26,18,80,60,64,142,121,67,130,88,97,,99,,98,,70,127,37,43,56,45,18,65,82,76,95,70,32,72,86,130,101,196,112,79,57,34,41,61,,,,50,,
20260404,2,PM2.5,3,38,7,43,19,9,7,7,16,8,89,9,7,10,18,24,24,34,40,38,20,46,22,33,25,50,38,35,48,28,35,14,47,7,5,39,11,41,33,23,16,3,8,22,18,16,10,14,30,13,17,31,26,18,24,23,26,22,24,33,35,25,13,21,24,41,19,17,5,45,51,50,21,27,19,26,20,8,17,31,14,15,15,19,14,3,52,47,15,25,33,20,4,18,15,41,8,67,24,22,10,35,13,20,5,41,72,36,38,17,13,11,14,16,33,25,27,29,13,18,80,97,27,26,34,15,17,11,16,13,20,22,26,13,16,14,12,12,33,26,17,44,35,10,19,35,56,29,22,16,45,38,17,33,35,31,26,21,10,33,,,,,,,,,,,,,,,,,,,,,,,,,,,,,,17,22,11,7,11,11,18,11,13,13,20,12,19,9,,12,3,10,20,25,8,36,15,13,18,39,22,23,55,39,19,6,22,23,17,45,11,31,26,17,33,34,3,25,19,16,18,11,23,18,12,9,10,5,26,25,15,12,9,12,10,7,11,17,6,10,5,28,34,24,22,31,21,32,23,18,20,34,22,28,21,23,14,32,11,26,15,18,20,16,13,32,35,17,50,15,8,25,13,3,36,25,36,23,38,35,15,31,28,47,6,,10,7,14,15,14,33,20,29,,23,27,17,5,62,48,35,47,56,69,24,53,10,10,3,3,10,30,,3,7,43,24,23,55,54,33,66,43,47,,39,,56,,27,50,20,13,24,24,3,28,21,30,36,26,7,38,24,86,47,113,55,17,3,3,10,27,,,,35,,
20260404,2,PM2.5_24h,54,49,50,74,78,26,60,22,38,60,41,27,38,32,30,46,54,195,62,26,26,22,21,62,31,36,18,22,33,32,52,33,72,16,20,38,22,27,20,27,18,18,15,16,29,16,16,13,29,36,30,23,17,28,26,25,28,26,25,27,26,25,38,23,19,31,15,17,6,34,47,32,65,19,10,14,55,52,52,50,51,72,16,63,27,25,43,35,37,37,52,32,35,51,34,43,16,35,31,24,17,23,28,22,31,32,49,27,26,26,23,35,43,37,54,43,49,38,68,183,61,131,43,25,32,14,40,25,27,39,27,36,16,16,19,12,13,23,23,23,19,30,27,16,10,18,33,20,17,12,41,42,36,26,30,40,23,62,9,32,,,,,,,,,,,,,,,,,,,,,,,,,,,,,,13,20,24,31,29,33,37,30,36,57,81,10,25,20,,20,72,60,39,42,70,58,52,33,27,78,42,37,110,23,50,11,37,84,13,62,7,34,25,19,25,24,8,43,14,28,20,22,18,23,11,10,8,10,24,14,10,11,13,14,9,11,7,9,27,28,18,23,23,17,36,18,21,24,21,18,16,19,20,27,14,24,10,18,14,14,13,7,9,11,39,26,29,31,37,46,23,41,24,44,33,19,19,24,32,23,19,20,21,25,9,,7,8,12,19,10,23,28,19,,17,33,20,8,50,41,26,38,39,65,23,50,10,9,7,5,5,26,,4,4,33,50,26,35,52,28,74,43,57,,43,,45,,34,32,24,22,25,27,4,26,73,73,49,44,10,21,17,47,42,56,46,14,12,3,12,21,,,,26,,
20260404,2,PM10,15,129,39,107,46,39,34,19,42,16,143,47,29,43,25,42,38,39,53,42,41,54,27,52,64,74,55,67,57,50,53,17,55,11,13,47,14,49,40,29,22,8,11,32,37,25,10,21,108,23,109,41,36,28,36,32,41,35,39,44,55,39,28,31,45,97,36,35,14,228,139,163,96,79,30,37,44,29,29,54,14,17,,50,74,77,80,96,64,49,78,89,77,38,28,59,17,82,45,36,14,45,16,32,11,53,93,62,47,105,36,55,86,62,43,31,39,43,18,30,102,113,44,39,55,25,110,72,69,88,179,145,34,16,28,28,23,19,58,44,38,92,58,30,26,69,128,59,31,26,194,171,74,139,171,224,77,68,40,114,,,,,,,,,,,,,,,,,,,,,,,,,,,,,,39,97,16,98,43,38,129,36,84,60,40,23,50,25,,14,18,20,23,31,17,45,26,23,34,45,29,41,60,43,25,16,25,26,47,60,25,40,33,59,49,37,14,33,34,49,,71,31,26,21,13,13,13,33,33,24,22,9,17,24,27,20,23,68,75,74,95,163,45,78,277,48,108,49,46,35,44,46,37,33,70,23,36,12,57,27,42,47,22,21,50,64,28,76,24,18,36,34,25,100,67,51,73,100,52,42,86,55,86,20,,26,17,21,29,28,52,25,43,,33,40,41,12,102,52,54,60,67,85,30,89,16,19,26,10,26,44,,13,9,109,70,78,234,191,84,210,126,143,,147,,146,,90,203,37,43,62,45,17,79,114,102,139,90,17,93,121,210,152,341,173,107,64,10,41,72,,,,49,,
20260404,2,PM10_24h,103,104,147,146,122,75,144,89,101,130,108,102,100,108,98,79,86,230,78,33,42,29,31,83,59,54,31,45,38,40,69,40,81,25,30,45,29,36,27,38,27,28,21,26,54,21,20,15,79,56,143,33,25,44,42,39,40,34,40,43,43,36,53,34,35,63,29,31,13,167,148,70,289,56,17,20,249,277,92,87,49,72,16,92,105,90,94,83,75,73,95,67,75,79,62,87,23,52,43,44,20,39,38,35,44,42,58,42,42,62,97,126,175,116,87,68,77,65,63,236,85,168,62,33,43,22,162,75,66,150,116,168,25,24,33,20,17,39,44,37,28,61,38,30,19,42,74,43,29,27,179,192,194,124,187,216,91,336,40,109,,,,,,,,,,,,,,,,,,,,,,,,,,,,,,30,42,33,159,134,139,171,88,185,262,117,25,90,83,,109,297,65,51,66,64,77,69,61,59,86,50,68,171,40,67,21,52,118,32,71,19,55,39,47,38,31,18,53,31,48,20,44,26,27,16,13,14,14,25,20,15,21,16,22,23,20,19,20,69,109,59,61,60,38,52,64,39,82,39,34,28,46,31,45,27,53,19,18,21,20,20,21,21,15,57,47,50,47,52,56,38,53,45,66,98,51,35,44,74,36,47,47,40,48,28,,17,23,21,20,22,33,38,24,,23,48,37,15,91,55,42,49,55,85,31,69,15,18,17,25,17,39,,13,13,102,246,61,148,202,79,247,146,204,,203,,133,,104,90,59,52,62,60,16,122,335,330,224,160,28,49,85,136,130,184,225,59,52,11,38,57,,,,39,,
20260404,2,SO2,3,6,3,5,6,5,3,3,2,3,4,4,4,4,7,7,5,6,8,5,6,6,4,9,10,5,6,7,5,8,6,6,6,6,5,5,6,5,5,6,6,9,5,5,6,4,2,8,6,6,3,8,5,5,5,5,7,4,6,5,5,10,6,6,8,5,6,4,6,4,7,14,11,7,4,5,7,5,7,6,4,10,3,9,6,4,7,8,8,5,3,4,4,16,5,5,6,7,8,10,6,6,6,5,5,6,7,10,5,5,10,15,3,6,6,10,8,7,6,7,9,5,7,7,10,5,8,2,7,8,8,10,6,6,6,61,9,5,8,12,5,6,12,10,10,7,4,7,8,11,4,2,2,6,5,3,15,13,5,10,,,,,,,,,,,,,,,,,,,,,,,,,,,,,,5,2,5,3,5,8,7,6,7,22,5,5,8,5,,5,8,5,6,8,7,3,5,9,7,2,4,7,6,9,6,4,4,4,6,6,8,6,7,5,9,5,4,7,6,4,4,4,3,4,3,5,3,4,5,14,5,3,4,6,6,10,6,19,6,9,4,5,5,5,3,5,14,7,11,10,11,4,5,5,3,7,6,6,4,6,6,5,3,4,7,13,6,8,9,9,5,5,7,5,3,7,7,6,8,7,4,6,8,8,5,,5,6,4,21,4,10,4,2,,5,6,10,8,7,7,6,6,5,10,6,5,7,6,5,9,8,6,,7,6,7,10,4,10,19,12,9,5,7,,4,,9,,4,12,4,10,10,12,4,14,5,9,4,4,7,6,3,6,9,5,1,6,6,5,9,10,,,,10,,
20260404,2,SO2_24h,5,8,4,10,11,6,5,3,4,5,7,5,7,7,8,10,7,10,9,5,6,6,4,9,10,6,5,6,5,10,8,7,7,6,5,5,6,5,5,6,6,3,3,4,6,4,2,7,7,7,5,7,4,5,5,4,6,3,6,4,5,8,4,7,8,5,6,4,4,4,7,8,7,7,3,5,8,5,11,7,6,11,3,18,9,7,12,11,11,7,8,6,9,9,5,11,7,6,7,6,8,6,6,5,6,6,7,7,5,6,8,10,7,7,19,8,11,9,8,11,8,10,8,6,9,6,10,4,8,10,6,13,6,7,7,10,9,7,7,6,4,7,7,11,6,7,3,6,7,7,4,3,3,6,7,10,14,9,5,10,,,,,,,,,,,,,,,,,,,,,,,,,,,,,,5,2,4,4,4,11,8,7,6,10,8,6,8,5,,6,8,12,7,10,11,6,8,12,9,2,5,9,10,9,5,5,5,10,7,6,8,7,8,7,7,5,4,8,6,6,5,6,3,5,3,8,3,4,4,6,6,3,9,4,6,9,7,9,9,10,3,5,6,5,4,4,9,6,11,8,5,4,5,6,3,7,6,7,5,6,4,4,5,4,9,7,5,9,12,10,6,5,8,7,8,8,7,4,8,7,5,6,8,8,5,,6,9,5,12,4,10,9,3,,5,6,6,8,7,6,6,8,6,9,6,6,6,6,6,9,8,8,,8,6,5,15,5,7,14,12,9,6,7,,3,,8,,4,11,7,10,11,15,7,14,6,8,4,5,8,7,4,5,20,4,2,7,7,5,10,9,,,,7,,
20260404,2,NO2,17,19,11,8,6,20,18,9,11,15,18,15,14,27,46,10,8,12,20,15,14,18,23,18,18,27,21,16,46,14,22,10,20,13,12,37,15,11,12,22,11,10,11,35,19,31,17,32,14,15,12,25,43,21,11,4,25,5,13,30,24,23,12,9,32,48,17,34,13,64,36,11,38,50,23,29,61,20,10,9,11,13,24,12,15,15,11,13,15,16,6,20,8,18,12,11,19,43,13,11,17,9,6,4,12,28,49,35,24,22,27,19,26,57,15,14,12,12,9,11,26,17,23,34,23,24,25,13,17,14,11,29,20,17,11,31,9,14,16,28,14,45,26,12,17,32,54,33,15,33,39,21,33,16,62,3,15,29,16,20,,,,,,,,,,,,,,,,,,,,,,,,,,,,,,9,10,25,14,28,28,20,29,39,36,17,7,20,30,,7,5,9,9,3,13,7,6,6,7,9,13,7,16,12,8,6,6,8,12,16,6,17,13,7,16,19,8,6,12,10,11,5,16,10,13,13,12,12,47,21,18,12,11,15,22,14,10,12,10,11,15,13,15,25,9,8,13,14,17,11,10,12,8,8,20,10,13,20,8,20,23,21,22,7,6,13,24,12,33,12,16,25,9,6,48,42,39,48,65,31,32,8,33,36,3,,34,8,7,7,20,16,6,20,,12,5,15,7,12,11,41,11,9,15,10,13,6,6,7,2,13,36,,8,5,32,77,15,23,53,37,5,17,22,,13,,18,,33,3,1,1,21,3,21,1,29,58,21,25,5,67,10,80,22,81,43,11,11,1,13,19,,,,10,,
20260404,2,NO2_24h,28,21,13,25,37,13,26,12,17,28,15,14,11,15,13,21,18,35,28,20,21,23,22,25,21,28,24,19,31,22,27,14,26,25,22,41,24,20,19,23,20,23,15,22,25,26,27,23,15,12,14,16,20,23,12,5,15,6,11,18,14,14,18,10,19,28,11,13,9,28,14,11,15,28,16,19,17,12,18,13,16,21,25,24,16,14,22,17,19,17,18,13,12,25,12,20,19,25,14,9,15,9,14,4,25,24,34,11,15,16,12,12,15,27,28,15,22,14,20,35,25,33,20,24,22,24,19,13,21,14,12,19,20,18,16,14,14,20,7,13,8,30,17,15,15,15,31,21,11,13,22,17,21,16,25,5,14,11,11,20,,,,,,,,,,,,,,,,,,,,,,,,,,,,,,8,10,27,14,9,15,14,18,20,11,18,10,8,11,,8,6,19,11,12,23,24,16,19,16,15,19,16,24,11,16,7,16,20,13,23,8,25,17,16,26,27,10,22,11,16,12,11,22,14,16,15,10,12,36,18,12,15,16,19,18,13,10,16,15,14,16,13,13,15,11,10,13,12,12,16,12,11,10,9,15,9,11,13,6,10,16,13,18,10,28,9,11,14,18,16,17,13,8,11,30,24,17,24,26,18,28,10,18,18,5,,16,10,8,9,19,11,12,13,,8,7,10,9,15,10,11,8,10,16,9,19,7,8,9,3,9,18,,5,3,21,22,15,15,15,27,7,11,17,,11,,16,,17,6,2,2,7,2,12,4,12,14,14,16,11,25,12,34,15,36,19,15,11,5,12,17,,,,5,,
20260404,2,O3,67,62,72,45,80,66,61,63,57,72,59,70,68,52,24,73,76,68,47,70,69,63,69,88,79,35,51,48,21,63,54,107,72,47,63,15,43,73,63,31,69,58,60,6,47,19,38,19,78,90,78,44,13,37,44,51,30,49,39,17,23,32,58,60,29,21,46,38,67,16,49,86,36,41,36,29,21,63,73,122,63,76,30,76,75,72,79,88,81,75,84,56,83,87,94,80,19,5,44,42,34,39,65,53,43,8,2,3,56,64,31,68,53,31,53,64,69,60,80,64,58,71,49,37,51,60,71,62,69,72,83,50,22,56,64,14,12,38,39,21,39,12,46,72,51,40,21,32,42,60,25,47,17,43,26,111,81,39,75,74,,,,,,,,,,,,,,,,,,,,,,,,,,,,,,73,74,20,82,22,52,65,44,27,43,65,60,50,41,,63,97,79,69,70,68,69,73,115,114,57,59,100,57,64,71,61,70,76,42,61,50,55,58,94,43,39,41,76,58,81,57,86,49,48,42,40,29,35,2,36,15,65,52,31,46,50,43,63,70,76,76,84,77,33,85,79,46,66,48,53,65,71,60,41,52,28,25,8,52,16,18,3,12,10,47,42,28,58,13,65,31,18,50,102,17,7,32,12,4,13,9,42,10,19,32,,23,70,78,77,12,33,82,17,,25,89,71,89,86,67,30,108,80,64,78,59,45,78,73,82,56,35,,84,57,28,3,30,47,17,38,79,54,49,,85,,51,,30,94,84,96,40,54,58,131,27,9,64,69,102,8,72,10,57,3,40,92,33,108,69,52,,,,72,,
20260404,2,O3_24h,67,62,72,45,80,66,61,63,57,72,59,70,68,52,24,73,76,68,47,70,69,63,69,88,79,35,51,48,21,63,54,107,72,47,63,15,43,73,63,31,69,58,60,6,47,19,38,19,78,90,78,44,13,37,44,51,30,49,39,17,23,32,58,60,29,21,46,38,67,16,49,86,36,41,36,29,21,63,73,122,63,76,30,76,75,72,79,88,81,75,84,56,83,87,94,80,19,5,44,42,34,39,65,53,43,8,2,3,56,64,31,68,53,31,53,64,69,60,80,64,58,71,49,37,51,60,71,62,69,72,83,50,22,56,64,14,12,38,39,21,39,12,46,72,51,40,21,32,42,60,25,47,17,43,26,111,81,39,75,74,,,,,,,,,,,,,,,,,,,,,,,,,,,,,,73,74,20,82,22,52,65,44,27,43,65,60,50,41,,63,97,79,69,70,68,69,73,115,114,57,59,100,57,64,71,61,70,76,42,61,50,55,58,94,43,39,41,76,58,81,57,86,49,48,42,40,29,35,2,36,15,65,52,31,46,50,43,63,70,76,76,84,77,33,85,79,46,66,48,53,65,71,60,41,52,28,25,8,52,16,18,3,12,10,47,42,28,58,13,65,31,18,50,102,17,7,32,12,4,13,9,42,10,19,32,,23,70,78,77,12,33,82,17,,25,89,71,89,86,67,30,108,80,64,78,59,45,78,73,82,56,35,,84,57,28,3,30,47,17,38,79,54,49,,85,,51,,30,94,84,96,40,54,58,131,27,9,64,69,102,8,72,10,57,3,40,92,33,108,69,52,,,,72,,
20260404,2,O3_8h,,,,,,,,,,,,,,,,,,,,,,,,,,,,,,,,,,,,,,,,,,,,,,,,,,,,,,,,,,,,,,,,,,,,,,,,,,,,85,,,,,,,,,,,85,,,,,,,,,,,,,,,,,,,,,,,,,,,,,,,,,,,,,,,,,,,,,,,,,,,,,,,,,,,,,,,,,,,,,,,,,,,,,,,,,,,,,,,,,,,,,,,,,,,,,,,,,,,,,,,,,,,,,,,,,,,,,,,,,,,,,,,,,,,,,,,,,,,,,,,,,,,,,,,,,,,,,,,46,,,,,,,,,,,,,,,,,,,70,,,,,,,,,,,,,,,,,,,,,,,,,,,,,,,,,,,,,,,,,,,,,,,,,,,,,,,,,,,,,,,,,,,,,,,,,,,,,,,,,,,,,,,,,,,,,,,,,,,,,,
20260404,2,O3_8h_24h,,,,,,,,,,,,,,,,,,,,,,,,,,,,,,,,,,,,,,,,,,,,,,,,,,,,,,,,,,,,,,,,,,,,,,,,,,,,,,,,,,,,,,,,,,,,,,,,,,,,,,,,,,,,,,,,,,,,,,,,,,,,,,,,,,,,,,,,,,,,,,,,,,,,,,,,,,,,,,,,,,,,,,,,,,,,,,,,,,,,,,,,,,,,,,,,,,,,,,,,,,,,,,,,,,,,,,,,,,,,,,,,,,,,,,,,,,,,,,,,,,,,,,,,,,,,,,,,,,,,,,,,,,,,,,,,,,,,,,,,,,,,,,,,,,,,,,,,,,,,,,,,,,,,,,,,,,,,,,,,,,,,,,,,,,,,,,,,,,,,,,,,,,,,,,,,,,,,,,,,,,,,,,,,,,,,,,,
20260404,2,CO,0.25,0.63,0.20,0.79,0.30,0.30,0.25,0.33,0.20,0.20,0.58,0.17,0.42,0.30,0.40,0.51,0.47,0.44,0.65,0.63,0.56,0.92,0.62,0.99,0.46,0.72,0.94,0.74,0.66,0.72,0.58,0.48,0.53,0.62,0.53,0.63,0.53,0.85,0.70,0.67,0.65,0.70,0.60,0.65,0.52,0.57,0.53,0.65,0.45,0.51,0.32,0.49,0.69,0.66,0.51,0.50,0.57,0.25,0.37,0.67,0.75,0.57,0.53,0.40,0.58,0.80,0.50,0.55,0.25,0.46,0.60,0.45,0.42,0.45,0.55,0.58,0.49,0.26,0.58,0.60,0.30,0.47,0.70,0.34,0.32,0.43,0.38,0.47,0.52,0.53,0.40,0.47,0.27,1.14,0.50,0.67,0.83,1.42,0.60,0.63,0.75,0.60,0.45,0.53,0.60,0.90,1.30,0.60,0.50,0.40,0.70,0.43,0.33,0.38,0.50,1.04,0.55,0.50,0.46,0.62,0.72,0.73,0.33,0.52,0.60,0.58,0.32,0.20,0.45,0.30,0.25,0.27,0.53,0.57,0.60,1.05,0.45,0.80,0.65,0.81,0.50,0.78,0.70,0.60,0.73,0.60,0.73,0.35,0.45,0.60,0.53,0.30,0.45,0.30,0.35,0.50,0.63,0.68,0.50,0.25,,,,,,,,,,,,,,,,,,,,,,,,,,,,,,0.35,0.20,0.80,0.20,0.23,0.25,0.30,0.33,0.30,0.60,0.57,0.20,0.45,0.38,,0.30,0.50,0.38,0.43,0.45,0.57,0.37,0.40,0.35,0.80,0.20,0.30,0.40,0.17,0.33,0.33,0.30,0.30,0.43,0.45,0.40,0.25,0.45,0.40,0.25,0.75,0.60,0.55,0.40,0.42,0.27,0.35,0.10,0.67,0.50,0.63,1.13,0.60,0.70,1.05,0.77,0.63,0.48,0.35,0.76,0.80,0.57,0.90,0.65,0.33,0.32,0.20,0.35,0.40,0.53,0.23,0.17,0.83,0.30,0.60,0.63,0.42,0.50,0.23,0.60,0.63,0.45,1.00,0.90,0.90,0.70,0.83,0.45,0.70,0.35,0.40,0.63,0.77,0.67,0.83,0.60,0.63,0.70,0.75,0.70,0.60,0.60,0.57,0.93,1.05,0.85,0.35,0.35,0.70,0.70,0.20,,0.25,0.40,0.37,0.53,0.70,0.65,0.30,0.60,,0.75,0.25,0.40,0.45,0.80,0.50,0.60,0.40,0.65,0.70,0.45,0.70,0.30,0.45,0.30,0.25,0.35,2.00,,0.40,0.40,0.50,0.53,0.40,0.35,0.75,0.35,0.20,0.45,0.40,,0.20,,0.55,,0.55,0.50,0.30,0.20,0.30,0.40,0.40,0.30,0.33,0.50,0.30,0.45,0.10,0.55,0.25,1.65,0.80,1.40,0.90,0.25,0.90,,0.30,0.45,,,,0.65,,
20260404,2,CO_24h,0.57,0.63,0.36,0.80,0.75,0.45,0.40,0.30,0.40,0.55,0.35,0.27,0.60,0.47,0.28,0.79,0.64,1.14,0.69,0.56,0.60,0.74,0.58,0.77,0.44,0.64,0.77,0.60,0.60,0.78,0.76,0.60,0.70,0.61,0.57,0.60,0.53,0.75,0.68,0.57,0.60,0.53,0.50,0.50,0.64,0.53,0.50,0.68,0.52,0.60,0.41,0.57,0.61,0.63,0.55,0.50,0.50,0.30,0.37,0.63,0.57,0.50,0.61,0.40,0.53,0.60,0.43,0.50,0.28,0.41,0.43,0.50,0.28,0.39,0.42,0.52,0.40,0.24,0.74,0.65,0.57,0.75,0.67,0.53,0.54,0.57,0.58,0.55,0.62,0.47,0.62,0.63,0.40,0.80,0.50,0.70,0.80,0.85,0.67,0.63,0.75,0.55,0.55,0.53,0.65,0.70,0.90,0.50,0.40,0.40,0.44,0.45,0.53,0.54,0.72,0.92,0.87,0.84,0.66,1.40,0.62,0.93,0.37,0.57,0.63,0.64,0.47,0.33,0.62,0.57,0.38,0.33,0.45,0.53,0.60,0.85,0.55,0.87,0.63,0.73,0.50,0.65,0.70,0.85,0.67,0.53,0.60,0.30,0.53,0.53,0.53,0.40,0.45,0.36,0.35,0.40,0.67,0.50,0.46,0.35,,,,,,,,,,,,,,,,,,,,,,,,,,,,,,0.30,0.30,0.75,0.50,0.23,0.50,0.43,0.43,0.40,0.27,0.77,0.30,0.35,0.30,,0.30,0.50,0.67,0.63,0.65,0.83,0.60,0.70,0.70,0.85,0.35,0.35,0.40,0.80,0.37,0.43,0.30,0.40,0.60,0.40,0.50,0.25,0.50,0.44,0.35,0.55,0.58,0.45,0.55,0.44,0.33,0.35,0.23,0.80,0.37,0.63,1.10,0.45,0.75,0.70,0.67,0.77,0.47,0.65,0.76,0.90,0.65,0.95,0.65,0.48,0.45,0.35,0.35,0.42,0.47,0.37,0.23,0.78,0.50,0.60,0.63,0.43,0.50,0.33,0.70,0.70,0.45,0.92,0.90,0.80,0.65,0.67,0.40,0.75,0.45,0.65,0.53,0.57,0.67,0.70,0.80,0.70,0.80,0.75,0.70,0.70,0.65,0.43,0.58,0.75,0.70,0.40,0.40,0.60,0.55,0.20,,0.25,0.50,0.43,0.53,0.70,0.55,0.45,0.60,,0.65,0.35,0.30,0.45,0.70,0.50,0.50,0.40,0.50,0.70,0.40,0.50,0.20,0.50,0.30,0.25,0.35,1.00,,0.35,0.45,0.53,0.30,0.50,0.40,0.30,0.35,0.20,0.30,0.30,,0.20,,0.55,,0.40,0.50,0.30,0.20,0.30,0.40,0.30,0.30,0.30,0.30,0.30,0.50,0.10,0.30,0.25,0.65,0.25,0.65,0.55,0.45,0.40,0.20,0.40,0.45,,,,0.55,,
20260404,3,AQI,20,103,37,73,34,35,39,19,36,20,136,42,33,42,21,43,38,53,59,60,38,70,29,51,59,70,56,58,60,47,51,33,39,15,21,49,16,54,55,24,30,19,18,27,39,20,16,25,80,33,72,42,37,24,36,32,31,34,40,44,50,31,23,30,42,72,34,37,20,136,92,112,80,60,27,36,40,30,29,21,24,25,20,52,99,59,58,68,63,58,67,74,70,42,34,38,14,93,42,35,16,45,19,32,13,63,93,55,46,81,36,56,66,55,44,41,43,49,24,31,118,128,45,41,48,23,78,56,64,57,96,93,33,18,26,29,20,22,52,46,31,69,52,30,28,56,85,54,33,26,124,101,60,90,111,106,56,54,37,76,,,,,,,,,,,,,,,,,,,,,,,,,,,,,,40,59,17,69,44,38,81,30,63,65,38,20,41,27,,20,31,22,36,36,24,49,26,29,34,53,29,41,63,56,34,18,39,33,20,66,26,45,42,60,51,46,11,37,39,52,31,54,37,26,23,13,13,15,33,35,20,23,16,14,23,28,20,24,53,56,58,72,77,56,73,100,46,81,52,48,34,51,46,33,33,57,25,36,17,71,25,37,32,24,21,50,48,29,69,26,23,44,27,30,71,56,59,61,74,47,42,65,53,64,25,,21,20,27,26,28,47,27,39,,30,38,41,28,83,61,45,68,73,90,36,79,19,23,23,25,22,42,,27,18,77,59,63,138,122,67,109,91,89,,98,,101,,58,84,34,37,52,39,19,56,78,75,84,62,34,62,78,119,93,171,120,72,43,33,38,68,,,,45,,
20260404,3,PM2.5,3,51,6,40,21,8,8,6,20,6,104,11,5,12,11,26,25,37,42,43,19,51,20,32,28,51,40,35,43,31,36,16,27,8,8,34,11,38,39,17,21,5,9,18,20,14,11,17,48,20,13,24,26,15,24,22,20,24,27,31,33,19,13,20,24,41,15,17,5,43,42,54,27,23,19,24,18,11,16,8,17,14,14,17,74,4,41,48,17,39,45,15,24,18,21,24,5,69,25,22,11,31,13,19,5,45,69,38,32,14,11,12,10,15,31,29,30,34,13,20,89,97,31,29,31,16,19,12,13,7,23,17,23,11,16,11,12,11,33,32,15,44,31,12,18,32,49,31,21,16,44,33,15,31,35,33,21,20,12,27,,,,,,,,,,,,,,,,,,,,,,,,,,,,,,20,26,10,7,8,11,16,10,10,25,18,7,11,8,,9,7,10,25,25,17,34,12,3,12,37,20,23,45,40,24,7,27,23,14,48,11,21,29,19,36,32,3,26,27,18,22,11,26,18,16,9,7,7,23,24,14,9,11,10,8,12,9,17,11,5,7,28,26,22,27,30,17,28,28,16,20,36,18,19,20,23,17,25,10,37,13,19,19,17,15,30,23,20,50,18,9,26,8,8,36,25,42,22,35,31,15,27,28,41,6,,11,8,12,18,11,27,19,27,,21,24,15,6,61,44,27,49,53,67,25,58,12,10,3,3,5,21,,3,6,40,25,23,53,50,27,56,42,46,,41,,55,,26,43,17,12,23,18,3,31,32,24,26,23,9,30,19,72,47,93,55,17,3,3,12,40,,,,29,,
20260404,3,PM2.5_24h,51,47,46,72,76,25,56,20,37,56,43,26,36,30,29,44,51,178,58,27,25,23,20,60,30,35,19,23,32,29,50,30,69,16,19,38,22,27,21,25,18,17,14,17,29,16,16,12,29,35,30,23,17,28,26,25,27,26,25,28,26,25,37,23,19,31,15,18,6,34,46,33,62,19,11,15,45,45,51,47,49,69,16,60,28,23,43,35,35,36,52,31,34,49,33,42,16,37,31,24,16,23,28,22,30,33,51,27,26,24,22,34,41,34,55,42,46,37,64,173,63,129,41,24,31,14,39,24,26,38,27,34,17,17,19,11,13,22,23,23,18,31,27,16,11,19,34,21,18,13,40,42,34,27,31,41,23,57,9,33,,,,,,,,,,,,,,,,,,,,,,,,,,,,,,13,20,23,30,28,32,37,28,36,48,79,10,18,20,,19,68,58,39,41,68,57,48,31,27,72,40,36,106,24,47,11,36,80,13,58,8,33,25,17,25,24,8,41,14,27,21,20,18,22,11,11,8,10,24,14,10,11,12,14,9,10,7,10,27,28,17,24,23,17,35,18,21,25,21,18,16,20,20,28,14,24,10,17,13,14,12,8,9,11,39,25,28,30,39,44,22,40,24,43,34,20,20,23,32,23,19,20,22,26,9,,7,8,12,19,10,23,28,19,,17,33,20,8,50,42,26,39,39,65,23,51,11,9,7,4,5,26,,4,5,34,50,26,37,51,28,72,43,57,,45,,47,,34,32,23,21,24,27,4,26,71,69,49,38,10,21,17,48,42,57,47,14,12,3,12,23,,,,26,,
20260404,3,PM10,15,155,37,96,34,35,39,15,36,16,143,42,33,42,20,43,38,44,54,50,38,58,26,51,67,70,59,65,49,47,52,21,37,13,15,45,14,47,48,22,26,9,13,27,39,20,15,25,110,33,93,42,36,24,36,32,31,30,40,42,50,31,23,30,42,94,34,37,13,222,133,173,109,69,27,36,40,30,29,21,18,14,9,53,136,67,58,86,75,66,84,97,90,42,34,38,14,81,42,35,16,45,15,32,10,52,88,59,46,112,36,61,81,59,43,35,41,45,18,31,120,98,45,36,48,23,106,61,78,63,142,136,33,18,26,29,20,22,53,46,31,87,53,30,28,61,119,57,33,26,198,152,70,130,171,161,62,58,37,101,,,,,,,,,,,,,,,,,,,,,,,,,,,,,,40,68,17,88,44,38,112,30,76,80,38,20,41,27,,13,26,19,26,35,21,45,26,15,29,,25,41,54,45,31,18,,24,20,58,26,45,42,69,48,40,11,34,38,53,24,57,35,23,15,13,13,15,31,35,20,23,,14,23,28,20,22,56,61,66,93,104,61,95,150,46,111,53,48,34,44,46,33,33,63,25,28,17,91,25,37,32,20,17,50,48,26,72,26,23,44,27,20,92,62,50,72,98,47,42,79,55,77,25,,21,16,20,24,28,47,27,35,,28,38,41,10,99,,45,64,65,83,32,82,19,15,21,9,22,42,,8,8,103,67,75,226,193,83,168,132,127,,145,,152,,66,118,34,37,53,39,16,62,105,99,118,74,34,74,106,187,136,292,190,93,43,6,38,85,,,,45,,
20260404,3,PM10_24h,96,103,141,144,117,75,138,87,99,125,111,101,98,106,95,76,82,215,74,34,41,30,29,81,58,53,32,45,37,36,66,36,78,24,28,45,29,35,28,36,26,27,20,26,55,21,20,15,80,55,145,33,25,44,42,39,39,34,40,43,43,36,52,33,35,65,30,32,13,174,144,75,278,56,18,20,233,245,89,83,47,68,16,90,108,90,94,83,75,73,95,68,76,77,61,86,23,54,43,44,20,40,37,35,43,43,61,43,42,63,94,126,174,111,87,67,73,64,60,225,89,165,60,33,43,22,165,75,67,148,120,170,26,24,33,20,17,38,45,37,28,63,38,30,19,43,78,44,29,26,183,196,194,128,193,217,92,314,39,110,,,,,,,,,,,,,,,,,,,,,,,,,,,,,,30,43,32,159,134,137,175,85,185,231,113,25,71,82,,107,284,62,50,63,62,75,66,59,57,80,47,68,162,40,62,21,49,112,33,67,19,53,39,46,38,30,17,52,30,47,21,44,25,26,16,14,14,14,25,20,16,20,16,21,23,19,20,20,69,110,60,64,62,39,53,69,40,85,40,35,29,47,32,46,27,55,19,19,20,23,18,22,21,15,56,47,51,45,54,54,37,52,44,64,100,52,36,45,76,38,47,49,41,51,29,,17,22,20,20,22,33,38,25,,23,48,37,15,91,55,42,49,55,85,31,69,16,18,18,24,18,40,,12,13,105,247,63,157,203,80,235,146,207,,208,,138,,104,91,57,51,60,60,16,113,330,313,224,130,28,49,86,138,131,187,228,60,51,10,38,59,,,,39,,
20260404,3,SO2,3,8,3,5,6,5,3,3,3,3,4,5,4,5,6,7,5,6,8,6,6,6,4,8,10,5,6,7,5,8,6,6,5,6,5,6,6,5,6,5,6,9,5,4,6,4,3,8,5,7,3,7,9,5,5,5,7,4,7,5,5,9,6,7,8,5,7,3,7,4,6,11,16,8,4,6,7,5,7,6,4,12,3,9,7,5,7,7,8,5,3,4,4,8,5,5,5,7,9,10,7,6,6,5,5,12,7,12,5,6,9,14,3,9,6,10,8,7,6,6,11,5,6,7,10,6,9,3,9,7,6,11,6,6,6,27,9,5,9,13,5,6,13,7,8,8,5,7,9,7,4,2,2,5,5,3,11,11,5,10,,,,,,,,,,,,,,,,,,,,,,,,,,,,,,5,2,5,3,6,9,8,6,9,48,3,5,8,5,,5,8,6,6,10,6,3,5,8,7,3,3,7,6,8,6,4,4,4,8,6,8,6,7,6,8,5,4,8,6,4,5,6,3,5,3,4,3,3,5,10,5,3,5,5,6,9,5,18,4,8,4,5,5,5,4,5,9,6,11,6,4,4,5,5,4,7,7,6,5,6,5,5,3,4,7,8,5,8,9,10,5,5,7,6,3,7,7,6,12,7,5,6,8,9,5,,5,8,4,16,4,11,4,4,,5,6,6,7,7,8,6,5,5,10,6,5,7,6,5,9,8,6,,7,6,6,9,8,9,26,11,10,4,8,,3,,9,,3,7,5,10,10,11,4,13,7,9,4,4,9,6,3,6,16,4,2,6,5,5,9,10,,,,8,,
20260404,3,SO2_24h,5,8,3,10,10,6,5,3,4,4,7,5,7,7,8,10,7,9,9,5,6,5,4,9,10,6,5,6,5,9,8,7,7,6,5,5,6,5,5,6,6,4,4,5,6,4,2,7,7,7,5,7,4,5,5,4,6,3,6,4,5,8,4,7,8,5,5,4,4,4,7,8,7,7,3,5,8,5,11,7,6,11,3,17,9,7,12,11,11,7,8,6,8,9,5,11,7,6,7,6,8,6,6,5,6,6,6,7,5,6,7,10,7,7,17,8,11,9,7,11,8,10,8,6,9,6,10,4,8,10,6,13,6,7,7,11,9,7,7,6,4,7,7,10,6,7,3,6,8,7,4,3,3,6,7,9,14,9,5,10,,,,,,,,,,,,,,,,,,,,,,,,,,,,,,5,2,4,4,4,11,8,7,6,12,8,6,8,5,,6,8,11,7,10,10,6,8,12,9,2,5,9,10,9,6,5,5,10,7,6,8,7,8,7,7,5,4,8,6,6,5,6,3,5,3,8,3,4,4,7,6,3,8,4,6,9,7,10,8,10,3,5,6,6,4,4,9,6,11,8,5,4,5,6,4,7,6,7,5,6,4,4,5,4,9,7,5,9,12,10,6,5,8,7,8,8,7,4,8,7,5,6,8,8,5,,6,9,5,12,4,10,9,3,,5,6,6,8,7,6,6,8,6,9,6,6,6,6,6,9,8,8,,8,6,5,15,5,7,15,12,9,6,7,,3,,8,,4,11,7,10,10,15,7,14,5,8,4,5,8,7,4,5,19,4,2,7,7,5,10,9,,,,7,,
20260404,3,NO2,18,22,15,11,6,17,28,8,10,20,17,17,14,28,42,10,9,12,22,14,13,16,17,21,18,25,19,15,39,17,17,10,13,14,11,38,16,15,12,19,11,10,9,31,23,29,17,29,12,23,10,35,40,19,10,5,18,8,15,32,22,20,13,9,28,43,17,33,14,55,36,8,45,41,21,27,63,17,9,15,8,11,18,16,14,13,10,13,15,16,8,17,10,18,14,10,18,42,13,10,14,8,8,3,12,,43,28,22,18,25,22,29,59,17,14,13,11,8,11,27,17,25,37,22,31,26,12,19,11,10,29,18,13,9,25,9,14,15,28,11,44,22,11,15,14,48,21,20,19,43,19,28,13,48,3,15,25,12,11,,,,,,,,,,,,,,,,,,,,,,,,,,,,,,9,13,23,19,30,20,20,24,32,40,11,11,17,34,,7,4,13,9,3,17,8,6,8,6,10,11,8,13,12,8,7,7,8,8,17,17,13,17,10,14,20,8,8,14,17,13,6,15,10,14,11,10,15,42,19,13,14,10,13,15,14,11,12,11,11,15,16,13,21,12,12,19,19,23,12,13,9,8,4,19,10,14,16,8,19,20,18,26,7,7,11,14,12,34,11,17,22,6,6,44,39,28,42,64,24,27,7,30,30,3,,31,8,6,6,15,14,6,13,,10,5,12,6,21,9,34,10,7,15,10,11,8,6,6,2,13,30,,4,5,26,75,15,23,40,32,6,16,23,,11,,17,,21,3,1,1,16,2,17,1,29,43,19,15,6,51,10,63,12,73,38,12,9,2,12,37,,,,7,,
20260404,3,NO2_24h,26,20,13,24,33,13,25,12,17,26,15,14,11,16,14,19,17,33,27,20,20,23,22,25,21,28,24,19,31,21,26,13,26,24,22,42,25,20,19,23,20,23,15,23,25,27,27,24,15,13,14,17,21,23,12,5,15,6,11,18,15,14,17,10,20,29,11,14,10,29,16,11,17,28,16,19,19,12,18,13,15,21,25,23,16,14,21,17,19,17,18,13,12,25,12,19,19,27,14,9,15,9,14,4,24,24,35,12,15,16,13,13,16,27,27,15,20,14,20,33,26,32,20,25,22,25,19,13,20,14,12,19,20,18,16,15,14,19,8,14,8,31,18,15,15,15,32,21,12,14,22,17,22,16,27,5,14,11,11,20,,,,,,,,,,,,,,,,,,,,,,,,,,,,,,8,9,27,14,10,14,14,18,20,12,18,10,8,11,,8,6,18,11,12,23,22,15,17,16,14,18,16,23,11,15,7,16,19,13,22,8,25,17,15,26,26,10,21,11,15,13,10,22,13,16,15,10,12,37,18,12,15,16,19,18,13,10,16,15,14,16,13,13,15,11,10,13,12,12,16,12,10,10,9,16,9,11,13,6,10,16,14,19,10,27,9,11,14,19,15,17,13,9,11,31,25,18,25,28,18,28,9,18,19,5,,16,10,8,8,19,12,12,13,,8,7,10,9,15,10,12,8,10,15,10,17,7,8,9,3,9,18,,5,4,21,25,15,15,17,27,8,12,17,,11,,16,,17,6,2,2,8,2,12,4,12,16,14,17,11,25,12,35,15,36,20,14,11,5,13,18,,,,5,,
20260404,3,O3,65,54,62,42,80,66,47,62,53,64,55,66,65,47,24,74,80,64,48,73,66,64,79,77,74,33,53,51,31,56,61,105,81,47,68,12,39,65,66,30,69,60,57,8,36,22,36,21,85,73,81,27,12,39,43,51,40,43,35,16,26,44,52,60,29,21,40,34,64,21,44,85,22,46,30,27,19,63,77,66,68,81,31,68,76,76,77,84,74,62,66,56,83,78,77,82,15,5,41,43,31,41,56,54,41,14,2,8,51,61,29,58,37,24,47,64,69,61,78,66,53,65,46,24,50,43,61,63,64,73,84,43,23,57,66,11,10,33,34,20,42,9,46,67,47,69,21,42,27,61,39,47,18,43,25,111,81,40,80,87,,,,,,,,,,,,,,,,,,,,,,,,,,,,,,69,72,20,68,25,52,60,47,32,34,68,57,52,37,,65,98,70,70,68,51,63,72,94,109,54,60,95,58,60,71,58,66,76,47,59,36,65,46,86,47,38,33,71,46,69,43,82,52,45,34,33,24,29,2,36,15,63,52,29,45,42,36,62,67,75,76,75,81,40,74,70,31,50,33,45,51,59,55,50,43,23,21,11,51,15,18,3,7,8,46,43,63,56,11,59,22,15,58,97,17,6,45,10,4,10,8,42,8,14,28,,14,64,85,72,12,32,78,29,,26,84,68,89,68,67,35,109,84,60,74,56,39,72,72,79,52,28,,86,56,29,3,34,42,38,40,77,59,47,,88,,49,,35,77,84,96,46,63,62,122,23,15,65,82,98,16,60,23,65,2,33,87,39,106,65,22,,,,69,,
20260404,3,O3_24h,65,54,62,42,80,66,47,62,53,64,55,66,65,47,24,74,80,64,48,73,66,64,79,77,74,33,53,51,31,56,61,105,81,47,68,12,39,65,66,30,69,60,57,8,36,22,36,21,85,73,81,27,12,39,43,51,40,43,35,16,26,44,52,60,29,21,40,34,64,21,44,85,22,46,30,27,19,63,77,66,68,81,31,68,76,76,77,84,74,62,66,56,83,78,77,82,15,5,41,43,31,41,56,54,41,14,2,8,51,61,29,58,37,24,47,64,69,61,78,66,53,65,46,24,50,43,61,63,64,73,84,43,23,57,66,11,10,33,34,20,42,9,46,67,47,69,21,42,27,61,39,47,18,43,25,111,81,40,80,87,,,,,,,,,,,,,,,,,,,,,,,,,,,,,,69,72,20,68,25,52,60,47,32,34,68,57,52,37,,65,98,70,70,68,51,63,72,94,109,54,60,95,58,60,71,58,66,76,47,59,36,65,46,86,47,38,33,71,46,69,43,82,52,45,34,33,24,29,2,36,15,63,52,29,45,42,36,62,67,75,76,75,81,40,74,70,31,50,33,45,51,59,55,50,43,23,21,11,51,15,18,3,7,8,46,43,63,56,11,59,22,15,58,97,17,6,45,10,4,10,8,42,8,14,28,,14,64,85,72,12,32,78,29,,26,84,68,89,68,67,35,109,84,60,74,56,39,72,72,79,52,28,,86,56,29,3,34,42,38,40,77,59,47,,88,,49,,35,77,84,96,46,63,62,122,23,15,65,82,98,16,60,23,65,2,33,87,39,106,65,22,,,,69,,
20260404,3,O3_8h,,,,,,,,,,,,,,,,,,,,,,,,,,,,,,,,,,,,,,,,,,,,,,,,,,,,,,,,,,,,,,,,,,,,,,,,,,,,85,,,,,,,,,,,85,,,,,,,,,,,,,,,,,,,,,,,,,,,,,,,,,,,,,,,,,,,,,,,,,,,,,,,,,,,,,,,,,,,,,,,,,,,,,,,,,,,,,,,,,,,,,,,,,,,,,,,,,,,,,,,,,,,,,,,,,,,,,,,,,,,,,,,,,,,,,,,,,,,,,,,,,,,,,,,,,,,,,,,46,,,,,,,,,,,,,,,,,,,70,,,,,,,,,,,,,,,,,,,,,,,,,,,,,,,,,,,,,,,,,,,,,,,,,,,,,,,,,,,,,,,,,,,,,,,,,,,,,,,,,,,,,,,,,,,,,,,,,,,,,,
20260404,3,O3_8h_24h,,,,,,,,,,,,,,,,,,,,,,,,,,,,,,,,,,,,,,,,,,,,,,,,,,,,,,,,,,,,,,,,,,,,,,,,,,,,,,,,,,,,,,,,,,,,,,,,,,,,,,,,,,,,,,,,,,,,,,,,,,,,,,,,,,,,,,,,,,,,,,,,,,,,,,,,,,,,,,,,,,,,,,,,,,,,,,,,,,,,,,,,,,,,,,,,,,,,,,,,,,,,,,,,,,,,,,,,,,,,,,,,,,,,,,,,,,,,,,,,,,,,,,,,,,,,,,,,,,,,,,,,,,,,,,,,,,,,,,,,,,,,,,,,,,,,,,,,,,,,,,,,,,,,,,,,,,,,,,,,,,,,,,,,,,,,,,,,,,,,,,,,,,,,,,,,,,,,,,,,,,,,,,,,,,,,,,,
20260404,3,CO,0.25,0.87,0.22,0.91,0.30,0.30,0.28,0.27,0.20,0.22,0.60,0.20,0.35,0.33,0.36,0.51,0.44,0.44,0.60,0.62,0.56,0.91,0.57,0.87,0.42,0.68,1.03,0.73,0.64,0.77,0.56,0.52,0.42,0.61,0.53,0.60,0.53,0.83,0.70,0.60,0.65,0.67,0.60,0.60,0.56,0.55,0.53,0.60,0.53,0.53,0.30,0.51,0.70,0.66,0.51,0.50,0.53,0.30,0.33,0.70,0.68,0.57,0.51,0.40,0.58,0.76,0.47,0.53,0.28,0.39,0.60,0.45,0.46,0.39,0.58,0.52,0.46,0.26,0.54,0.65,0.30,0.40,0.67,0.33,0.62,0.43,0.38,0.50,0.54,0.60,0.48,0.47,0.36,0.62,0.65,0.55,0.73,1.50,0.57,0.63,0.75,0.50,0.50,0.53,0.65,0.70,1.23,0.60,0.50,0.30,0.97,0.47,0.33,0.46,0.52,0.94,0.55,0.56,0.36,0.62,0.74,0.77,0.35,0.63,0.57,0.60,0.38,0.20,0.45,0.27,0.28,0.30,0.50,0.57,0.60,1.02,0.45,0.80,0.70,0.83,0.50,0.72,0.70,0.60,0.70,0.60,0.70,0.30,0.53,0.58,0.53,0.35,0.35,0.30,0.35,0.50,0.50,0.62,0.48,0.25,,,,,,,,,,,,,,,,,,,,,,,,,,,,,,0.38,0.10,0.75,0.27,0.27,0.20,0.32,0.37,0.30,0.97,0.53,0.20,0.40,0.38,,0.30,0.45,0.40,0.43,0.45,0.67,0.37,0.40,0.55,0.80,0.20,0.30,0.37,0.17,0.37,0.33,0.30,0.30,0.43,0.40,0.45,0.25,0.37,0.44,0.30,0.75,0.60,0.55,0.40,0.42,0.23,0.38,0.10,0.70,0.53,0.70,0.77,0.55,0.70,0.95,0.77,0.57,0.63,0.45,0.74,0.75,0.57,0.93,0.65,0.33,0.37,0.20,0.35,0.38,0.50,0.27,0.23,0.75,0.20,0.65,0.50,0.47,0.50,0.23,0.60,0.60,0.45,1.12,0.90,0.90,0.75,0.80,0.40,0.75,0.40,0.40,0.60,0.70,0.67,0.93,0.60,0.67,0.80,0.70,0.60,0.60,0.65,0.65,1.02,1.00,0.75,0.33,0.30,0.70,0.65,0.20,,0.25,0.45,0.43,0.53,0.60,0.60,0.35,0.60,,0.65,0.25,0.30,0.45,0.75,0.50,0.50,0.40,0.65,0.70,0.45,0.70,0.30,0.40,0.25,0.25,0.40,1.40,,0.35,0.40,0.40,0.47,0.40,0.35,1.00,0.35,0.30,0.40,0.40,,0.20,,0.55,,0.50,0.50,0.30,0.20,0.20,0.30,0.40,0.30,0.30,0.45,0.35,0.35,0.10,0.55,0.25,1.55,0.20,1.10,0.85,0.30,1.20,,0.30,0.55,,,,0.60,,
20260404,3,CO_24h,0.55,0.63,0.36,0.80,0.70,0.45,0.37,0.30,0.40,0.50,0.35,0.27,0.58,0.42,0.28,0.76,0.64,1.06,0.68,0.58,0.60,0.74,0.60,0.79,0.42,0.64,0.79,0.61,0.60,0.77,0.74,0.60,0.67,0.61,0.57,0.60,0.53,0.75,0.68,0.57,0.60,0.53,0.50,0.50,0.64,0.53,0.50,0.68,0.52,0.60,0.41,0.57,0.61,0.63,0.55,0.50,0.50,0.30,0.37,0.63,0.60,0.53,0.61,0.40,0.53,0.61,0.43,0.51,0.28,0.40,0.43,0.50,0.30,0.39,0.43,0.52,0.40,0.26,0.74,0.65,0.57,0.72,0.67,0.53,0.54,0.57,0.58,0.55,0.62,0.47,0.63,0.60,0.37,0.80,0.50,0.70,0.83,0.88,0.67,0.63,0.75,0.55,0.55,0.53,0.65,0.70,0.93,0.55,0.40,0.40,0.46,0.43,0.50,0.54,0.72,0.94,0.82,0.82,0.66,1.33,0.62,0.93,0.37,0.57,0.63,0.64,0.46,0.33,0.58,0.53,0.38,0.33,0.45,0.53,0.60,0.90,0.55,0.87,0.63,0.73,0.50,0.65,0.70,0.83,0.67,0.53,0.63,0.30,0.53,0.53,0.50,0.40,0.45,0.36,0.35,0.40,0.63,0.52,0.46,0.35,,,,,,,,,,,,,,,,,,,,,,,,,,,,,,0.30,0.30,0.80,0.47,0.23,0.50,0.43,0.43,0.40,0.33,0.77,0.30,0.35,0.30,,0.30,0.50,0.63,0.63,0.65,0.83,0.60,0.70,0.70,0.85,0.35,0.35,0.40,0.70,0.37,0.43,0.30,0.40,0.60,0.40,0.50,0.25,0.48,0.44,0.35,0.55,0.58,0.45,0.55,0.42,0.30,0.35,0.23,0.75,0.37,0.67,1.10,0.45,0.75,0.70,0.67,0.77,0.47,0.60,0.76,0.90,0.65,0.95,0.65,0.48,0.45,0.35,0.35,0.42,0.47,0.37,0.23,0.78,0.47,0.60,0.63,0.43,0.50,0.33,0.70,0.70,0.45,0.92,0.90,0.90,0.65,0.67,0.40,0.75,0.45,0.65,0.53,0.57,0.67,0.73,0.80,0.70,0.80,0.75,0.70,0.70,0.65,0.43,0.63,0.75,0.72,0.40,0.40,0.60,0.55,0.20,,0.25,0.50,0.43,0.53,0.70,0.55,0.45,0.60,,0.65,0.30,0.30,0.45,0.70,0.50,0.50,0.40,0.50,0.70,0.40,0.50,0.20,0.50,0.30,0.25,0.35,1.00,,0.35,0.45,0.50,0.30,0.50,0.40,0.30,0.35,0.20,0.35,0.30,,0.20,,0.55,,0.40,0.50,0.30,0.20,0.30,0.40,0.30,0.30,0.30,0.30,0.30,0.50,0.10,0.30,0.25,0.70,0.25,0.65,0.55,0.45,0.40,0.20,0.40,0.50,,,,0.60,,
20260404,4,AQI,18,89,37,68,32,40,46,18,31,27,138,68,29,43,21,44,39,50,58,65,37,70,30,55,57,65,55,58,53,51,56,31,41,15,23,41,14,50,53,17,36,17,19,25,39,18,17,26,74,39,61,44,34,21,37,32,30,37,42,39,45,26,20,29,43,71,35,36,19,128,96,111,87,57,28,36,40,34,31,17,29,25,20,57,93,77,49,65,81,50,54,71,74,59,43,31,18,93,39,37,17,46,19,31,13,54,79,55,44,73,34,57,60,55,47,46,49,51,23,29,124,111,46,49,43,27,74,51,60,52,84,84,37,20,25,26,21,26,52,49,27,68,50,36,31,56,83,53,38,19,123,90,58,87,108,70,54,52,31,82,,,,,,,,,,,,,,,,,,,,,,,,,,,,,,63,62,29,66,46,34,81,29,60,67,36,19,39,21,,22,30,20,40,39,26,47,29,18,22,54,24,39,50,58,49,18,36,46,19,69,24,49,39,62,56,46,15,34,39,56,33,63,36,29,17,16,12,11,28,42,22,25,16,19,18,28,22,23,54,53,51,65,71,82,76,76,45,78,54,45,41,52,47,33,34,54,19,31,20,61,25,34,30,21,22,33,27,24,68,31,25,40,22,26,70,54,60,60,65,45,44,62,52,61,31,,18,20,26,26,18,46,37,32,,28,37,41,28,84,55,40,65,56,93,28,65,20,18,22,23,19,23,,30,17,72,65,68,133,114,67,96,96,94,,90,,99,,57,84,39,38,47,33,16,40,74,72,71,61,34,47,78,106,89,155,124,58,23,29,35,85,,,,58,,
20260404,4,PM2.5,3,46,7,37,18,11,17,8,16,14,105,44,8,9,11,26,27,35,41,47,19,51,21,36,25,47,39,34,37,33,40,22,29,8,12,29,10,35,37,12,25,7,13,15,23,11,12,15,47,17,12,26,23,13,24,22,17,26,28,27,30,14,14,20,24,40,16,16,5,40,41,52,30,20,19,24,19,10,18,7,20,15,14,17,69,38,31,47,16,28,28,8,36,17,27,15,9,69,24,23,11,32,7,19,3,38,58,37,31,10,8,13,9,14,33,32,34,36,13,18,94,84,32,34,30,19,15,9,12,7,23,19,23,14,15,8,13,12,36,31,13,42,30,15,20,37,47,31,18,13,44,30,14,28,34,23,22,17,8,25,,,,,,,,,,,,,,,,,,,,,,,,,,,,,,21,25,20,9,11,5,22,11,9,27,18,7,9,9,,7,3,10,28,23,18,31,20,3,3,38,17,26,35,41,34,8,25,32,10,50,10,23,27,20,40,32,5,24,24,19,23,13,25,20,12,10,6,7,19,24,13,8,7,13,4,14,8,16,10,5,7,21,24,18,22,27,23,27,30,22,25,34,15,23,22,24,13,22,9,20,14,19,17,15,10,22,13,17,49,18,11,28,11,6,37,23,43,24,32,31,16,25,28,43,6,,8,6,11,16,10,27,26,22,,19,26,14,8,62,39,19,47,40,69,18,47,12,7,3,3,7,9,,3,3,41,24,25,53,47,27,50,48,40,,35,,54,,30,36,20,11,22,14,3,28,20,25,26,26,11,22,17,69,44,89,58,20,3,3,12,40,,,,41,,
20260404,4,PM2.5_24h,47,44,42,69,73,24,52,19,35,52,46,26,34,29,26,42,48,161,54,28,24,24,20,58,28,34,20,23,31,27,47,28,66,15,18,38,22,27,22,24,17,17,14,17,29,15,16,11,29,34,30,23,17,27,26,25,27,26,25,28,27,24,36,23,19,31,15,17,6,35,46,35,59,19,11,15,34,37,50,45,48,66,17,58,28,22,43,35,33,35,51,28,33,47,33,40,16,39,30,25,16,24,27,21,28,33,53,28,26,22,22,34,39,32,55,42,44,37,61,155,66,127,40,24,31,14,38,23,26,37,27,34,18,16,19,11,13,21,24,22,18,32,27,16,11,20,35,21,18,12,39,42,33,27,32,41,24,53,9,33,,,,,,,,,,,,,,,,,,,,,,,,,,,,,,14,20,23,28,28,30,37,26,35,39,75,10,15,19,,19,64,55,39,40,67,56,45,30,26,67,39,35,101,24,44,11,35,76,14,56,8,32,26,16,26,24,7,40,14,25,21,19,18,21,12,11,8,9,25,14,10,10,12,13,8,10,8,10,27,27,17,24,23,17,33,18,21,25,21,19,17,20,20,28,14,24,9,17,13,14,11,8,9,12,38,25,28,30,39,43,21,38,23,42,35,20,21,23,32,24,19,20,23,27,9,,7,8,11,18,10,23,28,20,,17,33,20,9,51,42,26,38,39,64,23,51,11,10,7,4,6,25,,4,5,35,50,26,39,51,29,70,43,57,,45,,49,,34,32,23,21,24,26,4,26,66,65,48,34,10,20,17,49,42,58,48,14,11,3,12,23,,,,27,,
20260404,4,PM10,16,127,37,86,32,40,46,13,31,27,138,85,29,43,21,44,38,43,56,54,37,61,26,59,64,64,57,65,43,51,60,23,41,15,18,38,14,43,43,16,31,12,18,25,39,18,17,26,97,39,72,44,34,21,37,32,30,27,42,38,45,26,20,28,43,91,35,36,13,205,141,171,123,63,28,36,40,34,31,17,24,16,,63,122,104,49,70,111,50,57,91,98,68,43,31,18,83,39,37,17,43,10,31,10,42,75,59,41,95,34,63,69,59,44,38,43,48,16,29,123,95,45,36,43,25,98,51,70,54,117,118,37,18,25,26,21,26,54,49,27,86,50,36,31,61,115,56,38,19,195,130,65,123,165,90,58,53,31,113,,,,,,,,,,,,,,,,,,,,,,,,,,,,,,75,74,28,81,46,34,111,29,69,83,36,15,39,21,,13,30,20,28,39,26,47,29,11,19,41,22,39,48,50,43,18,26,31,19,60,24,49,37,74,57,37,15,33,39,61,25,75,33,22,17,16,12,11,28,42,22,25,15,19,18,28,22,22,58,56,51,80,91,113,101,102,45,106,58,45,41,54,47,32,34,58,19,22,20,71,25,34,30,21,22,33,20,20,71,31,25,38,22,13,89,57,47,70,80,45,44,73,53,71,31,,18,15,18,26,18,46,34,32,,28,36,41,10,93,47,40,63,56,83,28,67,20,14,11,9,19,23,,8,9,94,79,86,216,177,83,141,141,138,,130,,147,,64,117,39,38,47,33,16,39,97,93,91,71,34,47,105,162,127,260,198,65,23,7,35,119,,,,52,,
20260404,4,PM10_24h,90,101,135,141,112,74,133,84,96,118,114,101,96,104,87,73,78,192,70,34,40,30,28,79,58,52,33,45,35,33,63,33,74,24,26,44,29,36,28,33,25,26,19,26,54,21,20,15,81,54,146,34,26,42,42,38,39,34,40,42,44,36,51,33,35,67,31,32,13,180,143,80,272,56,18,21,190,208,86,80,46,65,16,88,109,90,94,83,76,72,94,68,77,75,60,84,23,56,44,44,19,40,36,35,41,43,63,45,42,64,93,127,173,108,87,65,69,63,56,198,92,163,58,32,42,22,167,75,67,151,124,173,27,24,33,20,17,38,46,38,28,66,39,30,19,44,81,46,30,26,188,199,195,131,197,221,92,293,40,113,,,,,,,,,,,,,,,,,,,,,,,,,,,,,,32,44,32,159,137,135,178,83,185,197,108,25,60,80,,106,273,59,50,62,60,74,62,57,55,75,45,67,153,40,60,21,47,107,33,65,19,53,39,46,39,30,16,50,30,47,21,44,25,25,16,14,14,14,26,20,16,20,15,21,22,20,20,20,70,110,61,66,68,42,54,72,41,89,40,36,30,43,32,46,27,56,18,19,20,25,17,23,21,16,55,47,50,44,55,54,36,51,44,63,103,54,37,47,78,39,48,51,43,53,30,,18,22,20,21,23,34,37,26,,24,48,38,15,92,56,43,50,55,84,32,69,16,19,18,24,18,39,,12,13,108,249,64,166,204,82,226,146,205,,212,,142,,103,92,55,50,58,60,16,97,320,297,221,109,29,48,87,139,131,189,232,60,50,10,39,61,,,,40,,
20260404,4,SO2,3,8,4,7,6,4,3,2,2,2,4,5,4,4,6,7,5,6,7,5,6,6,4,9,10,6,6,7,7,9,6,6,5,6,5,5,6,5,5,6,6,11,5,4,6,4,3,7,6,6,3,7,5,5,5,5,7,5,6,5,5,8,7,7,8,5,6,3,16,4,5,9,20,8,5,6,7,5,7,6,5,13,3,11,7,6,6,7,9,5,3,3,4,7,4,5,6,8,7,11,7,6,6,5,5,12,6,12,4,6,9,16,4,7,7,10,8,7,6,6,10,4,7,8,9,7,10,4,7,7,7,11,6,6,6,10,9,5,11,12,5,6,9,8,7,7,5,7,9,7,4,2,2,5,5,3,14,13,5,10,,,,,,,,,,,,,,,,,,,,,,,,,,,,,,5,2,5,3,6,8,7,6,8,66,3,5,8,6,,5,8,6,6,9,6,3,5,8,7,2,4,7,6,9,6,4,4,4,6,6,8,5,8,6,8,5,4,8,6,3,5,8,3,5,3,3,3,3,4,12,5,3,5,3,7,9,5,24,5,9,4,5,4,5,4,3,7,6,10,8,5,6,5,5,5,7,7,6,5,6,5,6,3,5,8,6,4,8,10,10,5,5,7,4,6,10,7,5,10,7,4,6,8,10,5,,5,6,7,15,4,11,6,3,,4,5,6,8,7,9,6,5,15,10,6,5,7,6,5,9,7,5,,8,6,6,9,8,10,23,11,10,4,9,,3,,8,,4,7,5,10,10,15,5,13,5,9,4,4,8,5,3,5,21,5,3,6,4,5,10,10,,,,10,,
20260404,4,SO2_24h,4,8,4,10,10,6,5,3,4,4,6,5,7,6,7,10,7,9,9,5,6,5,4,9,10,6,5,6,5,9,8,7,7,6,5,5,6,5,5,6,6,4,4,5,6,4,2,7,7,7,5,7,5,5,5,4,6,4,6,4,5,8,5,7,8,5,6,4,5,4,7,9,7,7,3,5,8,5,11,7,6,11,3,16,9,6,12,11,11,7,8,5,8,9,5,11,7,6,7,6,8,6,6,5,6,6,6,7,5,6,7,11,6,7,15,8,10,9,7,10,8,10,8,7,9,6,10,4,8,10,6,12,6,7,7,11,9,7,7,7,4,7,7,11,6,7,3,6,8,7,4,3,2,6,7,9,14,9,5,10,,,,,,,,,,,,,,,,,,,,,,,,,,,,,,5,2,4,4,4,11,8,7,6,14,8,6,8,5,,5,8,9,7,10,10,6,8,12,9,2,5,9,9,9,6,5,5,9,7,6,8,6,8,7,8,5,4,8,6,6,5,6,3,5,3,8,3,4,4,7,6,3,8,4,6,9,7,10,8,10,3,5,6,6,4,4,8,6,11,8,5,4,5,6,4,7,6,7,5,6,5,4,5,4,9,7,5,9,13,10,6,5,8,7,8,8,7,4,8,7,5,6,8,8,5,,6,9,6,13,4,10,9,3,,5,6,6,8,7,7,6,8,7,9,6,6,6,6,6,9,8,8,,8,6,5,12,5,7,15,12,9,6,7,,3,,8,,4,11,7,10,10,14,7,14,5,8,4,5,8,7,4,5,18,4,2,7,7,5,10,9,,,,7,,
20260404,4,NO2,20,20,16,11,7,19,26,8,10,20,20,21,14,31,39,9,9,13,23,16,13,17,12,24,19,22,20,15,34,14,18,12,13,13,12,37,18,17,11,17,13,11,10,28,28,27,18,27,14,12,10,36,33,17,13,6,20,31,16,30,20,17,13,11,28,41,16,32,15,46,36,5,43,37,20,26,53,18,9,16,12,11,16,23,13,15,10,14,15,15,7,16,8,19,15,8,19,40,13,10,15,9,7,3,12,26,38,27,14,16,27,25,22,52,16,14,12,11,9,10,42,17,25,35,21,26,29,11,19,10,10,22,15,14,9,18,10,15,15,22,9,39,20,11,14,13,53,25,17,17,43,18,21,12,41,3,13,21,8,7,,,,,,,,,,,,,,,,,,,,,,,,,,,,,,9,13,28,19,32,21,27,30,30,31,11,8,13,35,,6,5,14,10,3,21,11,7,12,11,11,16,10,11,12,13,7,8,9,11,14,14,18,16,12,13,20,7,9,15,14,14,7,14,9,13,13,8,15,35,20,12,17,10,12,12,14,11,14,12,11,15,17,11,14,15,12,24,17,21,9,24,12,10,2,19,8,14,17,6,16,20,18,23,7,7,11,9,11,31,11,15,16,9,4,44,35,24,40,52,17,26,8,27,31,2,,25,5,9,9,13,13,11,11,,10,5,10,6,15,9,27,8,7,11,10,25,8,11,5,2,11,14,,1,6,22,71,12,25,35,27,5,17,21,,10,,19,,21,3,1,1,10,2,21,2,22,46,16,13,6,37,9,55,10,68,39,10,7,2,11,40,,,,13,,
20260404,4,NO2_24h,25,20,13,23,29,13,24,11,16,24,15,14,11,16,15,17,16,32,26,20,20,23,21,25,21,28,24,18,31,20,25,13,25,24,22,42,25,20,19,23,20,23,15,24,25,28,28,24,15,12,14,18,22,23,12,5,16,7,12,19,15,14,16,10,20,30,12,15,10,29,17,11,19,28,17,20,20,13,18,13,15,20,26,22,16,14,21,17,18,17,18,13,12,24,12,18,19,28,15,10,16,9,14,4,24,25,37,13,15,15,13,14,16,27,26,15,19,13,19,32,27,31,19,26,22,25,20,13,20,14,12,19,20,18,15,16,14,18,8,14,8,31,18,15,15,15,33,22,12,14,23,17,22,15,28,5,14,12,11,20,,,,,,,,,,,,,,,,,,,,,,,,,,,,,,8,9,28,14,11,14,15,18,20,14,18,10,9,13,,8,6,17,11,10,23,21,14,16,15,13,18,15,21,11,14,7,16,18,13,21,8,25,17,15,25,25,10,20,11,15,13,10,21,13,16,16,10,12,38,18,13,15,16,18,18,13,11,16,15,14,16,13,13,15,11,10,14,12,12,16,12,10,10,9,16,9,12,13,7,11,16,15,19,10,26,9,11,13,20,15,16,13,9,10,31,26,18,27,30,19,28,9,19,19,5,,17,10,9,8,19,12,13,14,,8,7,10,9,15,11,13,8,10,15,10,19,7,9,10,3,10,19,,5,4,21,27,15,15,18,27,8,12,18,,11,,17,,17,6,2,2,8,2,12,4,13,17,14,17,11,25,12,35,14,36,20,14,11,5,13,19,,,,5,,
20260404,4,O3,57,55,55,40,78,62,50,58,48,58,51,59,60,40,23,75,81,61,45,68,62,64,87,65,68,31,51,53,41,59,57,95,73,48,73,10,35,59,69,32,66,54,49,7,29,24,33,21,79,80,78,27,16,42,36,47,37,32,34,21,28,49,50,57,24,18,38,31,60,26,43,80,21,47,25,24,25,60,77,52,62,80,31,57,71,82,76,81,72,68,66,57,92,70,65,82,15,6,39,42,27,39,60,53,40,15,4,10,57,59,26,48,44,25,46,69,71,62,74,68,33,59,45,22,47,42,51,64,62,73,81,49,17,55,64,14,6,32,36,27,46,7,41,62,39,62,15,28,32,55,24,47,21,43,24,106,84,39,87,87,,,,,,,,,,,,,,,,,,,,,,,,,,,,,,73,68,13,59,21,45,44,39,32,50,65,61,56,33,,69,97,65,69,68,42,56,70,59,71,53,54,83,65,52,62,58,65,74,40,61,40,53,45,85,48,37,36,70,46,70,35,74,52,48,31,26,25,28,4,37,14,47,51,32,42,37,35,58,62,75,71,68,87,62,64,68,33,51,21,37,39,59,45,56,38,24,17,4,52,14,17,3,6,7,43,58,85,57,11,54,23,24,50,84,15,11,44,7,3,12,4,37,7,10,25,,18,63,82,65,11,31,71,30,,24,77,68,88,77,64,44,103,91,63,74,35,35,58,69,75,51,38,,96,54,30,1,26,40,48,42,81,55,44,,87,,43,,31,79,84,98,50,58,51,107,29,10,62,74,98,23,54,24,67,1,27,83,40,94,61,15,,,,47,,
20260404,4,O3_24h,57,55,55,40,78,62,50,58,48,58,51,59,60,40,23,75,81,61,45,68,62,64,87,65,68,31,51,53,41,59,57,95,73,48,73,10,35,59,69,32,66,54,49,7,29,24,33,21,79,80,78,27,16,42,36,47,37,32,34,21,28,49,50,57,24,18,38,31,60,26,43,80,21,47,25,24,25,60,77,52,62,80,31,57,71,82,76,81,72,68,66,57,92,70,65,82,15,6,39,42,27,39,60,53,40,15,4,10,57,59,26,48,44,25,46,69,71,62,74,68,33,59,45,22,47,42,51,64,62,73,81,49,17,55,64,14,6,32,36,27,46,7,41,62,39,62,15,28,32,55,24,47,21,43,24,106,84,39,87,87,,,,,,,,,,,,,,,,,,,,,,,,,,,,,,73,68,13,59,21,45,44,39,32,50,65,61,56,33,,69,97,65,69,68,42,56,70,59,71,53,54,83,65,52,62,58,65,74,40,61,40,53,45,85,48,37,36,70,46,70,35,74,52,48,31,26,25,28,4,37,14,47,51,32,42,37,35,58,62,75,71,68,87,62,64,68,33,51,21,37,39,59,45,56,38,24,17,4,52,14,17,3,6,7,43,58,85,57,11,54,23,24,50,84,15,11,44,7,3,12,4,37,7,10,25,,18,63,82,65,11,31,71,30,,24,77,68,88,77,64,44,103,91,63,74,35,35,58,69,75,51,38,,96,54,30,1,26,40,48,42,81,55,44,,87,,43,,31,79,84,98,50,58,51,107,29,10,62,74,98,23,54,24,67,1,27,83,40,94,61,15,,,,47,,
20260404,4,O3_8h,,,,,,,,,,,,,,,,,,,,,,,,,,,,,,,,,,,,,,,,,,,,,,,,,,,,,,,,,,,,,,,,,,,,,,,,,,,,85,,,,,,,,,,,85,,,,,,,,,,,,,,,,,,,,,,,,,,,,,,,,,,,,,,,,,,,,,,,,,,,,,,,,,,,,,,,,,,,,,,,,,,,,,,,,,,,,,,,,,,,,,,,,,,,,,,,,,,,,,,,,,,,,,,,99,,,,,,,,,,,,,,,,,,,,,,,,,,,,,,,,,,,,,,,,,,,,,,,,46,,,,,,,,,,,,,,,,,,,70,,,,,,,,,,,,,,,,,,,,,,,,,,,,,,,,,,,,,,,,,,,,,,,,,,,,,,,,,,,,,,,,,,,112,,,,,,,,,,,,,,,,,,,,,,,,,,,,,,,,,,,
20260404,4,O3_8h_24h,,,,,,,,,,,,,,,,,,,,,,,,,,,,,,,,,,,,,,,,,,,,,,,,,,,,,,,,,,,,,,,,,,,,,,,,,,,,,,,,,,,,,,,,,,,,,,,,,,,,,,,,,,,,,,,,,,,,,,,,,,,,,,,,,,,,,,,,,,,,,,,,,,,,,,,,,,,,,,,,,,,,,,,,,,,,,,,,,,,,,,,,,,,,,,,,,,,,,,,,,,,,,,,,,,,,,,,,,,,,,,,,,,,,,,,,,,,,,,,,,,,,,,,,,,,,,,,,,,,,,,,,,,,,,,,,,,,,,,,,,,,,,,,,,,,,,,,,,,,,,,,,,,,,,,,,,,,,,,,,,,,,,,,,,,,,,,,,,,,,,,,,,,,,,,,,,,,,,,,,,,,,,,,,,,,,,,,
20260404,4,CO,0.25,0.78,0.24,0.87,0.30,0.30,0.25,0.23,0.25,0.33,0.58,0.35,0.45,0.32,0.34,0.51,0.44,0.42,0.61,0.66,0.55,0.88,0.57,0.84,0.42,0.66,0.93,0.71,0.66,0.77,0.56,0.54,0.48,0.58,0.53,0.60,0.51,0.83,0.67,0.60,0.65,0.73,0.60,0.60,0.54,0.55,0.55,0.58,0.54,0.54,0.32,0.49,0.67,0.68,0.52,0.47,0.57,0.35,0.37,0.73,0.60,0.57,0.51,0.40,0.55,0.71,0.47,0.54,0.28,0.36,0.50,0.45,0.54,0.42,0.65,0.54,0.46,0.26,0.54,0.67,0.33,0.47,0.67,0.33,0.68,0.57,0.30,0.52,0.58,0.50,0.37,0.38,0.37,0.58,0.60,0.48,0.73,1.57,0.57,0.63,0.75,0.50,0.45,0.50,0.60,0.70,1.07,0.60,0.50,0.30,0.76,0.48,0.33,0.48,0.50,0.98,0.55,0.55,0.36,0.60,1.12,0.73,0.33,0.85,0.50,0.62,0.38,0.20,0.47,0.30,0.30,0.27,0.50,0.53,0.63,0.98,0.40,0.83,0.67,0.83,0.50,0.73,0.73,0.60,0.67,0.53,0.77,0.35,0.50,0.60,0.50,0.35,0.35,0.28,0.35,0.40,0.53,0.64,0.44,0.25,,,,,,,,,,,,,,,,,,,,,,,,,,,,,,0.30,0.20,0.75,0.30,0.27,0.20,0.35,0.37,0.30,0.90,0.53,0.20,0.40,0.40,,0.30,0.50,0.35,0.43,0.40,0.70,0.50,0.40,0.80,1.00,0.30,0.25,0.40,0.15,0.40,0.33,0.28,0.30,0.50,0.40,0.45,0.25,0.37,0.42,0.30,0.80,0.60,0.55,0.40,0.40,0.23,0.35,0.10,0.70,0.50,0.67,0.70,0.50,0.65,0.90,0.70,0.50,0.55,0.45,0.72,0.75,0.60,0.93,0.65,0.43,0.37,0.20,0.30,0.35,0.40,0.27,0.23,0.80,0.30,0.64,0.47,0.70,0.50,0.23,0.60,0.70,0.45,1.12,0.80,0.90,0.65,0.80,0.35,0.70,0.40,0.40,0.60,0.60,0.67,0.83,0.60,0.70,0.70,0.70,0.60,0.67,0.65,0.60,0.88,0.90,0.72,0.33,0.30,0.65,0.60,0.20,,0.15,0.40,0.67,0.53,0.60,0.65,0.40,0.55,,0.65,0.25,0.30,0.45,0.70,0.50,0.50,0.40,0.45,0.65,0.50,0.70,0.35,0.40,0.25,0.25,0.40,0.90,,0.40,0.40,0.40,0.50,0.40,0.35,0.90,0.35,0.30,0.40,0.40,,0.20,,0.55,,0.55,0.50,0.30,0.20,,0.30,0.50,0.30,0.30,0.50,0.40,0.35,0.10,0.50,0.25,1.30,0.15,1.05,0.65,0.30,1.30,,0.30,0.65,,,,0.75,,
20260404,4,CO_24h,0.53,0.62,0.34,0.79,0.65,0.38,0.36,0.30,0.40,0.45,0.35,0.27,0.55,0.42,0.28,0.74,0.62,1.01,0.64,0.58,0.60,0.78,0.60,0.79,0.42,0.64,0.81,0.61,0.62,0.77,0.70,0.58,0.65,0.62,0.57,0.60,0.53,0.77,0.68,0.57,0.60,0.53,0.50,0.50,0.64,0.53,0.53,0.65,0.51,0.59,0.40,0.57,0.62,0.64,0.55,0.50,0.50,0.30,0.33,0.63,0.60,0.53,0.61,0.40,0.53,0.62,0.43,0.51,0.28,0.40,0.43,0.50,0.32,0.38,0.43,0.52,0.40,0.26,0.74,0.65,0.53,0.72,0.67,0.53,0.52,0.53,0.54,0.53,0.62,0.47,0.60,0.57,0.37,0.80,0.50,0.68,0.83,0.92,0.67,0.63,0.75,0.55,0.55,0.53,0.65,0.70,0.93,0.55,0.40,0.40,0.49,0.45,0.50,0.50,0.72,0.94,0.78,0.80,0.64,1.30,0.68,0.93,0.37,0.58,0.63,0.64,0.44,0.28,0.57,0.53,0.38,0.33,0.45,0.53,0.60,0.90,0.55,0.87,0.63,0.73,0.50,0.65,0.70,0.83,0.67,0.53,0.63,0.30,0.53,0.55,0.50,0.35,0.45,0.36,0.35,0.40,0.63,0.52,0.46,0.30,,,,,,,,,,,,,,,,,,,,,,,,,,,,,,0.30,0.30,0.80,0.47,0.23,0.50,0.43,0.43,0.40,0.37,0.73,0.30,0.40,0.30,,0.30,0.50,0.60,0.63,0.65,0.83,0.60,0.70,0.70,0.85,0.35,0.30,0.40,0.67,0.37,0.43,0.30,0.40,0.60,0.40,0.50,0.25,0.47,0.44,0.35,0.55,0.58,0.45,0.55,0.42,0.30,0.35,0.17,0.75,0.37,0.67,1.10,0.45,0.75,0.70,0.67,0.73,0.50,0.60,0.76,0.90,0.65,0.95,0.65,0.48,0.45,0.35,0.35,0.40,0.47,0.37,0.23,0.78,0.43,0.58,0.63,0.47,0.50,0.33,0.70,0.70,0.45,0.93,0.90,0.90,0.65,0.67,0.40,0.75,0.45,0.60,0.53,0.57,0.67,0.73,0.80,0.70,0.80,0.75,0.70,0.70,0.65,0.43,0.63,0.80,0.75,0.40,0.35,0.60,0.55,0.20,,0.25,0.50,0.43,0.53,0.70,0.55,0.45,0.60,,0.65,0.30,0.30,0.45,0.70,0.50,0.50,0.40,0.50,0.70,0.40,0.50,0.20,0.50,0.30,0.25,0.35,1.00,,0.35,0.45,0.50,0.33,0.50,0.40,0.30,0.35,0.20,0.35,0.30,,0.20,,0.55,,0.40,0.50,0.30,0.20,0.30,0.40,0.30,0.30,0.30,0.35,0.30,0.50,0.10,0.30,0.25,0.70,0.25,0.65,0.55,0.45,0.40,0.20,0.40,0.50,,,,0.60,,
20260404,5,AQI,17,81,38,65,32,35,48,18,34,89,114,88,30,42,22,44,33,54,61,69,35,68,34,56,65,69,53,56,53,51,58,46,46,14,26,30,15,44,46,15,40,16,24,21,39,13,18,20,69,48,56,51,38,19,38,33,21,40,43,31,42,18,37,27,40,71,36,32,18,125,98,108,84,55,29,35,38,28,34,23,27,24,21,74,86,76,37,60,82,41,48,67,78,66,38,28,23,78,37,35,20,44,18,30,12,39,58,49,45,64,34,55,59,56,53,47,44,53,22,31,126,81,46,51,41,30,73,47,55,58,77,80,36,21,21,23,22,40,51,41,22,68,48,33,31,55,80,52,36,21,121,84,56,83,102,67,53,51,30,64,,,,,,,,,,,,,,,,,,,,,,,,,,,,,,79,58,29,66,55,46,83,33,56,65,36,18,38,23,,24,36,19,43,34,26,44,44,20,18,56,27,41,44,51,54,21,44,42,22,81,15,52,36,67,58,44,14,34,44,53,37,68,31,26,11,18,17,15,20,28,24,29,20,22,20,27,25,26,47,51,50,66,73,89,76,76,48,78,54,50,53,52,49,30,39,54,19,30,15,52,27,29,27,23,21,30,27,19,65,24,33,37,38,23,67,53,60,59,62,40,39,60,50,59,23,,13,19,24,30,20,45,34,38,,29,37,39,26,85,43,39,59,34,93,25,71,31,17,21,23,20,16,,29,18,74,60,65,126,106,74,88,96,92,,88,,94,,58,83,37,42,48,35,17,42,72,68,73,63,31,41,77,91,83,177,121,44,39,31,32,84,,,,51,,
20260404,5,PM2.5,3,43,6,39,18,12,17,6,13,61,86,65,8,8,14,26,23,38,44,50,20,49,24,37,22,50,37,32,37,35,41,32,32,7,18,21,10,31,32,6,28,10,17,13,24,8,12,14,46,23,12,36,22,11,25,23,13,28,30,22,29,11,26,19,23,39,18,15,5,39,45,49,29,20,19,23,18,8,22,12,19,17,15,27,64,45,25,43,12,23,24,21,36,26,22,14,13,57,23,22,14,31,3,19,3,27,41,34,28,6,7,13,15,13,37,33,31,37,13,22,96,60,32,36,29,21,17,12,13,11,16,17,21,15,12,9,14,14,31,24,13,41,29,16,18,34,48,31,17,13,43,26,13,27,33,18,16,20,9,21,,,,,,,,,,,,,,,,,,,,,,,,,,,,,,23,28,20,9,11,5,27,8,10,30,22,11,11,13,,3,12,9,30,23,18,31,31,3,3,40,15,26,31,36,38,10,31,28,12,60,10,18,25,19,41,31,6,24,22,20,26,14,22,18,8,11,5,8,12,18,17,13,14,15,3,16,7,18,11,8,3,21,26,12,24,27,26,29,32,24,28,31,21,21,27,25,13,21,10,18,14,19,17,16,15,21,19,13,47,17,12,26,14,11,35,22,43,24,28,28,15,24,26,42,7,,5,6,8,17,9,30,23,21,,16,17,8,7,63,30,25,41,24,69,17,52,13,3,3,3,7,3,,3,3,42,23,23,53,46,29,53,47,45,,33,,52,,20,34,22,14,21,14,3,22,23,31,24,27,9,19,18,48,38,87,56,18,3,3,12,42,,,,36,,
20260404,5,PM2.5_24h,43,43,38,67,71,22,48,18,33,51,47,27,31,28,22,41,45,142,51,28,22,25,20,57,27,34,21,23,30,26,45,26,63,15,16,37,22,27,23,22,16,17,14,17,29,15,17,11,29,32,29,24,18,27,26,25,26,26,25,28,27,23,35,23,19,31,16,17,6,34,45,36,57,19,12,16,24,27,48,44,46,63,17,55,29,22,43,34,31,34,49,27,32,45,32,39,15,41,30,25,15,25,26,21,27,33,53,29,26,20,21,33,37,29,56,40,42,37,57,138,69,124,38,24,30,14,36,22,25,37,27,33,18,17,18,11,13,20,24,22,18,33,27,16,11,21,36,22,18,12,38,41,33,28,34,41,24,48,9,33,,,,,,,,,,,,,,,,,,,,,,,,,,,,,,15,20,23,27,27,28,38,24,35,31,72,10,13,18,,19,60,51,38,39,66,55,43,28,25,62,37,34,95,25,42,10,34,72,14,55,8,31,26,15,27,24,7,39,13,24,22,17,18,21,12,11,8,9,24,14,10,9,12,13,8,11,8,10,27,27,16,24,23,16,32,19,21,25,21,19,17,20,20,28,15,24,8,17,12,14,10,9,9,12,37,25,27,29,40,41,21,37,23,41,36,21,23,22,31,25,19,21,23,28,9,,7,8,11,18,10,23,28,20,,17,32,20,9,51,42,26,38,39,64,23,51,11,10,7,5,6,24,,4,5,36,50,26,41,51,29,70,43,56,,46,,51,,33,31,22,20,23,26,4,26,62,61,46,31,10,20,17,48,41,59,48,14,10,3,12,24,,,,27,,
20260404,5,PM10,16,112,38,80,32,35,48,11,34,128,111,111,30,42,22,44,33,44,54,57,35,59,33,61,79,67,56,62,43,51,58,33,46,13,26,27,15,40,39,9,32,16,23,21,39,13,18,20,87,48,62,44,38,19,38,32,21,33,40,30,42,18,37,27,40,92,36,32,13,200,146,166,117,59,29,35,38,28,34,23,22,19,10,97,112,101,37,65,114,41,48,83,106,81,38,28,23,65,37,35,17,39,9,30,9,31,53,44,45,78,34,60,68,62,46,40,42,46,19,31,121,,44,41,39,28,96,47,60,65,103,110,36,21,21,23,22,40,52,41,22,85,48,33,31,60,110,53,36,21,192,118,61,115,154,83,56,52,30,77,,,,,,,,,,,,,,,,,,,,,,,,,,,,,,108,66,25,81,59,46,115,33,61,79,36,16,38,23,,10,36,18,32,34,26,43,38,16,12,46,27,41,38,51,52,21,,42,22,63,15,53,34,83,63,35,14,32,44,55,,86,29,24,11,18,17,15,20,28,24,29,15,22,20,27,25,24,47,52,50,82,96,128,102,102,48,105,58,50,55,53,49,28,38,57,19,24,15,53,27,29,27,20,20,28,23,16,64,24,33,34,38,16,84,55,57,68,74,40,39,69,50,67,23,,13,14,17,30,20,45,34,38,,29,37,39,14,92,38,39,67,34,84,25,62,31,16,10,9,20,16,,7,9,97,70,79,201,162,98,125,142,133,,126,,138,,66,116,37,42,48,35,17,42,93,86,96,75,28,41,104,131,115,303,191,44,39,6,32,118,,,,49,,
20260404,5,PM10_24h,84,100,130,138,108,73,127,81,93,117,115,103,94,102,70,71,73,171,67,34,38,31,28,78,58,51,33,46,34,31,61,30,71,24,24,42,28,35,29,30,24,26,19,26,55,20,21,14,82,53,146,34,27,41,42,38,38,35,40,42,44,35,50,33,36,69,31,32,13,185,142,85,264,56,19,23,158,170,83,78,44,61,16,88,111,91,94,83,76,71,92,68,78,74,60,83,23,58,44,45,19,40,35,35,40,44,64,45,42,63,92,128,172,104,87,63,66,61,53,170,95,159,56,32,41,22,167,75,68,151,127,176,28,23,32,20,18,37,46,37,27,68,40,31,20,46,85,47,30,26,192,201,195,135,205,220,92,274,40,113,,,,,,,,,,,,,,,,,,,,,,,,,,,,,,36,45,31,160,136,134,182,80,185,168,104,24,55,77,,104,261,55,49,61,58,73,60,55,53,71,43,66,144,41,57,20,45,102,33,64,19,52,39,47,40,30,16,49,29,47,21,45,24,25,16,14,14,14,26,20,17,20,15,21,22,20,20,20,70,111,61,68,70,46,56,75,41,92,40,37,31,40,33,46,28,57,17,19,20,27,16,24,22,16,53,46,49,43,56,52,37,50,43,62,105,55,39,48,79,40,48,53,44,56,30,,18,21,20,22,23,34,37,28,,25,48,39,16,92,56,43,50,54,83,32,69,16,19,18,24,19,38,,12,13,111,250,66,174,206,85,219,144,202,,215,,146,,101,93,53,49,57,59,17,95,308,279,213,98,30,47,88,140,131,192,234,60,50,11,39,63,,,,41,,
20260404,5,SO2,2,8,3,11,6,4,3,3,2,6,4,5,4,5,6,7,6,6,8,5,5,6,3,9,9,6,6,7,6,9,7,6,5,6,5,5,6,5,5,5,6,13,5,4,6,4,2,7,6,6,4,7,5,5,6,5,7,5,7,5,6,9,7,7,8,5,6,4,11,4,6,8,17,8,5,6,6,5,6,6,4,15,3,11,7,5,7,8,9,5,3,3,4,7,4,6,6,8,7,9,7,6,6,5,5,14,5,12,4,6,10,14,5,7,8,11,8,7,6,7,9,4,6,7,8,7,10,4,8,7,7,12,6,6,7,11,9,6,10,18,4,6,8,8,9,7,5,6,9,6,4,2,2,5,5,3,16,17,5,10,,,,,,,,,,,,,,,,,,,,,,,,,,,,,,5,2,4,3,7,8,10,6,7,67,4,5,8,5,,5,8,6,6,9,6,3,5,8,7,2,3,7,5,9,7,4,5,6,6,6,8,6,8,6,9,6,5,8,6,4,5,8,3,5,3,4,3,3,4,9,5,4,6,3,6,9,5,36,6,8,4,7,6,5,4,4,6,7,10,7,5,5,5,5,6,7,6,6,4,5,5,5,2,5,9,7,3,8,8,9,6,6,9,5,5,13,7,4,8,7,4,6,8,10,5,,5,6,7,13,4,14,7,3,,5,6,5,8,7,8,7,5,17,10,6,6,7,6,5,9,8,5,,5,6,9,9,4,7,23,11,10,4,9,,3,,8,,3,7,8,10,10,15,4,11,6,9,4,3,8,6,2,5,11,6,27,6,5,5,9,9,,,,9,,
20260404,5,SO2_24h,4,8,3,10,9,6,5,3,4,4,6,5,7,6,6,9,7,8,9,5,6,5,4,9,10,6,5,6,5,9,7,7,7,6,5,5,6,5,5,6,6,4,4,5,6,4,2,7,7,7,5,7,5,5,5,4,6,4,6,4,5,8,5,7,8,5,6,4,5,4,7,9,8,7,3,5,7,5,10,8,6,11,3,15,9,6,12,10,11,6,8,5,8,9,5,10,6,6,7,6,8,6,6,5,6,6,6,7,4,6,8,11,6,7,15,8,10,9,7,9,8,10,8,7,9,6,10,4,8,10,6,12,6,7,7,11,9,7,7,7,4,7,7,11,7,7,3,6,8,7,4,3,2,6,7,9,14,9,5,10,,,,,,,,,,,,,,,,,,,,,,,,,,,,,,5,2,4,4,4,11,8,7,6,16,8,6,8,4,,5,8,9,7,10,10,6,8,11,9,2,5,9,9,9,6,5,5,9,7,6,8,6,8,7,8,5,4,8,6,6,5,6,3,5,3,8,3,4,4,7,6,3,8,4,6,9,7,12,8,10,3,5,5,6,4,4,8,6,11,8,5,4,5,6,4,7,6,7,5,6,5,4,5,4,9,7,5,8,12,10,6,5,8,7,8,9,7,4,8,7,5,6,8,8,5,,6,9,6,13,4,10,9,3,,5,6,6,8,7,7,6,8,7,9,6,6,6,6,6,9,8,8,,8,6,5,8,5,7,16,12,9,6,7,,3,,8,,4,10,7,10,10,14,7,14,6,8,4,5,8,7,4,5,17,4,3,7,7,5,10,9,,,,7,,
20260404,5,NO2,22,23,14,13,7,17,31,8,14,22,18,20,16,27,34,10,9,17,30,17,16,19,19,29,20,24,20,15,28,15,20,14,16,17,11,40,18,11,12,12,12,14,14,23,28,22,17,24,15,11,11,35,29,18,16,7,21,12,26,30,18,18,16,14,26,40,16,27,14,44,32,3,41,30,19,25,48,20,11,17,11,13,17,22,13,12,11,16,14,13,7,14,8,15,13,9,19,37,11,10,15,10,8,4,11,18,29,25,15,16,23,26,19,49,18,15,12,11,12,10,45,17,21,29,17,22,33,11,20,13,11,26,18,15,10,19,10,19,14,19,10,36,19,12,15,17,57,25,16,13,39,16,20,11,40,4,15,21,6,5,,,,,,,,,,,,,,,,,,,,,,,,,,,,,,11,13,26,26,37,43,35,26,35,32,14,10,12,34,,5,,16,12,4,20,12,8,12,13,14,28,13,10,14,13,9,,9,9,19,8,18,17,11,14,24,8,8,16,13,18,9,15,10,14,11,11,13,26,15,8,22,10,10,13,15,9,14,13,9,17,18,14,12,17,12,24,16,28,18,26,10,9,2,22,9,15,21,7,14,19,15,19,9,10,13,7,11,21,11,12,11,14,6,40,25,23,36,45,14,24,7,25,27,3,,16,4,11,9,14,12,10,15,,11,7,10,6,10,9,17,9,6,11,9,23,10,7,5,2,13,10,,2,3,22,66,8,19,20,28,7,15,18,,10,,17,,19,3,1,1,4,2,16,1,19,44,13,8,5,23,9,49,3,60,26,12,9,1,11,41,,,,10,,
20260404,5,NO2_24h,23,19,13,23,26,13,22,11,15,21,15,14,11,16,16,16,16,30,25,20,20,23,21,25,20,27,23,18,31,20,24,13,24,24,22,43,25,19,19,23,20,23,15,24,25,28,28,24,15,12,13,19,23,22,12,5,16,7,13,19,15,15,16,11,21,31,12,16,11,30,18,11,20,28,17,21,22,14,18,13,15,20,26,21,16,14,20,17,18,16,17,13,12,24,12,18,19,29,15,10,16,9,14,4,23,25,37,13,14,15,14,15,15,27,25,15,18,13,18,30,28,30,19,26,22,25,20,13,19,14,12,20,21,18,14,16,14,18,8,15,9,32,19,14,15,16,33,23,12,14,23,17,22,15,29,5,14,13,11,20,,,,,,,,,,,,,,,,,,,,,,,,,,,,,,8,10,28,14,12,15,15,19,21,15,18,9,9,13,,8,6,17,11,10,23,20,13,16,14,13,19,15,20,10,14,7,15,18,13,21,8,25,17,14,24,24,10,19,11,15,13,10,21,13,17,16,10,12,38,18,13,15,15,18,18,13,11,16,15,14,16,13,12,15,11,10,14,13,13,16,13,10,11,9,17,9,12,14,7,11,17,15,19,10,25,10,11,13,20,14,17,12,9,10,32,26,19,27,31,19,28,9,19,20,5,,17,9,9,8,19,12,13,14,,8,7,11,9,15,11,13,8,10,15,10,19,7,9,10,3,10,19,,5,4,21,29,14,15,19,27,8,12,18,,11,,17,,17,6,2,2,8,3,13,4,14,19,15,17,11,25,12,35,14,36,19,13,11,5,13,20,,,,6,,
20260404,5,O3,54,52,58,37,77,62,45,56,43,47,53,58,55,42,25,71,81,54,40,63,52,59,76,52,63,27,49,53,43,51,51,84,64,44,82,13,33,62,65,48,70,47,44,9,28,26,28,23,74,75,75,30,16,42,31,45,37,25,24,24,29,49,39,54,21,15,36,35,59,28,44,78,21,47,21,24,26,53,75,55,63,76,26,57,68,84,73,75,69,75,71,65,84,76,68,79,12,8,41,42,22,37,57,51,39,27,11,20,52,60,26,45,44,27,42,66,69,62,71,65,26,55,49,21,45,48,45,64,59,69,76,39,18,51,64,12,8,28,39,30,43,11,42,59,29,44,15,19,29,58,25,48,21,42,21,103,86,35,89,93,,,,,,,,,,,,,,,,,,,,,,,,,,,,,,69,66,13,44,15,25,33,43,30,55,56,58,57,33,,76,98,61,65,61,40,53,69,65,58,53,43,72,69,50,59,51,59,70,43,56,47,61,48,82,48,33,26,70,46,67,25,62,50,46,31,26,19,28,10,38,19,35,50,36,37,30,35,52,61,75,64,63,78,71,54,68,19,46,16,31,33,60,38,54,24,15,11,1,41,14,14,8,7,7,37,55,83,54,21,51,29,32,40,72,14,30,37,5,3,14,2,38,8,7,21,,22,61,76,60,11,34,66,16,,18,69,63,84,82,60,53,94,95,58,73,34,29,55,67,73,47,42,,92,56,25,1,24,42,70,36,67,54,46,,86,,43,,33,70,68,98,68,54,50,108,30,8,63,84,99,35,52,25,79,1,39,68,39,99,59,11,,,,54,,
20260404,5,O3_24h,54,52,58,37,77,62,45,56,43,47,53,58,55,42,25,71,81,54,40,63,52,59,76,52,63,27,49,53,43,51,51,84,64,44,82,13,33,62,65,48,70,47,44,9,28,26,28,23,74,75,75,30,16,42,31,45,37,25,24,24,29,49,39,54,21,15,36,35,59,28,44,78,21,47,21,24,26,53,75,55,63,76,26,57,68,84,73,75,69,75,71,65,84,76,68,79,12,8,41,42,22,37,57,51,39,27,11,20,52,60,26,45,44,27,42,66,69,62,71,65,26,55,49,21,45,48,45,64,59,69,76,39,18,51,64,12,8,28,39,30,43,11,42,59,29,44,15,19,29,58,25,48,21,42,21,103,86,35,89,93,,,,,,,,,,,,,,,,,,,,,,,,,,,,,,69,66,13,44,15,25,33,43,30,55,56,58,57,33,,76,98,61,65,61,40,53,69,65,58,53,43,72,69,50,59,51,59,70,43,56,47,61,48,82,48,33,26,70,46,67,25,62,50,46,31,26,19,28,10,38,19,35,50,36,37,30,35,52,61,75,64,63,78,71,54,68,19,46,16,31,33,60,38,54,24,15,11,1,41,14,14,8,7,7,37,55,83,54,21,51,29,32,40,72,14,30,37,5,3,14,2,38,8,7,21,,22,61,76,60,11,34,66,16,,18,69,63,84,82,60,53,94,95,58,73,34,29,55,67,73,47,42,,92,56,25,1,24,42,70,36,67,54,46,,86,,43,,33,70,68,98,68,54,50,108,30,8,63,84,99,35,52,25,79,1,39,68,39,99,59,11,,,,54,,
20260404,5,O3_8h,,,,,,,,,,,,,,,,,,,,,,,,,,,,,,,,,,,,,,,,,,,,,,,,,,,,,,,,,,,,,,,,,,,,,,,,,,,,,,,,,,,,,,,85,,,,,,,,,,,,,,,,,,,,,,,,,,,,,,,,,,,,,,,,,,,,,,,,,,,,,,,,,,,,,,,,,,,,,,,,,,,,,,,,,,,,,,,,,,,,,,,,,,,,,,,,,,,104,,,,,,,,,,,,99,,,,,,,,,,,,,,,,,,,,,,,,,,,,,,,,,,,,,,,,,,,,,,,,46,,,,,,,,,,,,,,,,,,,70,,,,,,,,,,,,,,,,,,,,,,,,,,,,,,,,,,,,,,,,,,,,,,,,,,,,,,,,,,,,,,,,,,,112,,,,,,,,,,,,,,,,,,,,,,,,,,,,,,,,,,,
20260404,5,O3_8h_24h,,,,,,,,,,,,,,,,,,,,,,,,,,,,,,,,,,,,,,,,,,,,,,,,,,,,,,,,,,,,,,,,,,,,,,,,,,,,,,,,,,,,,,,,,,,,,,,,,,,,,,,,,,,,,,,,,,,,,,,,,,,,,,,,,,,,,,,,,,,,,,,,,,,,,,,,,,,,,,,,,,,,,,,,,,,,,,,,,,,,,,,,,,,,,,,,,,,,,,,,,,,,,,,,,,,,,,,,,,,,,,,,,,,,,,,,,,,,,,,,,,,,,,,,,,,,,,,,,,,,,,,,,,,,,,,,,,,,,,,,,,,,,,,,,,,,,,,,,,,,,,,,,,,,,,,,,,,,,,,,,,,,,,,,,,,,,,,,,,,,,,,,,,,,,,,,,,,,,,,,,,,,,,,,,,,,,,,
20260404,5,CO,0.26,0.73,0.26,0.78,0.30,0.32,0.28,0.27,0.25,1.05,0.63,0.47,0.38,0.32,0.40,0.51,0.43,0.44,0.69,0.66,0.56,0.87,0.60,0.81,0.44,0.66,0.96,0.73,0.70,0.73,0.58,0.56,0.45,0.56,0.51,0.53,0.51,0.83,0.65,0.53,0.65,0.77,0.60,0.60,0.56,0.50,0.60,0.57,0.58,0.60,0.32,0.50,0.64,0.66,0.52,0.47,0.60,0.35,0.40,0.80,0.65,0.57,0.59,0.40,0.53,0.68,0.47,0.53,0.27,0.32,0.53,0.45,0.56,0.38,0.75,0.70,0.41,0.26,0.56,0.70,0.37,0.45,0.73,0.37,0.64,0.57,0.25,0.50,0.56,0.40,0.35,0.47,0.40,0.62,0.50,0.45,0.73,1.35,0.57,0.63,0.75,0.50,0.45,0.50,0.65,0.60,0.93,0.60,0.47,0.30,0.74,0.45,0.38,0.40,0.52,0.96,0.55,0.58,0.38,0.60,0.98,0.63,0.32,1.05,0.50,0.62,0.41,0.23,0.53,0.30,0.28,0.27,0.50,0.53,0.60,0.98,0.40,0.83,0.70,0.80,0.50,0.68,0.70,0.63,0.67,0.57,0.70,0.35,0.50,0.63,0.53,0.30,0.40,0.28,0.35,0.50,0.53,0.70,0.42,0.25,,,,,,,,,,,,,,,,,,,,,,,,,,,,,,0.30,0.10,0.80,0.33,0.35,0.25,0.38,0.33,0.30,0.87,0.53,0.20,0.40,0.35,,0.30,0.50,0.35,0.47,0.40,0.67,0.60,0.40,0.60,1.05,0.30,0.30,0.37,0.15,0.40,0.37,0.30,0.30,0.43,0.35,0.50,0.25,0.37,0.46,0.30,0.87,0.60,0.50,0.40,0.40,0.23,0.38,0.10,0.68,0.47,0.67,0.67,0.50,0.65,0.75,0.70,0.50,0.63,0.45,0.72,0.75,0.60,0.93,0.70,0.47,0.37,0.20,0.28,0.36,0.38,0.30,0.20,0.70,0.33,0.64,0.50,0.70,0.50,0.27,0.60,0.70,0.45,1.00,0.80,0.90,0.70,0.80,0.35,0.70,0.40,0.40,0.67,0.73,0.67,0.80,0.55,0.67,0.60,0.75,0.70,0.67,0.65,0.60,0.80,0.95,0.70,0.33,0.30,0.65,0.60,0.20,,0.15,0.40,0.63,0.53,0.60,0.60,0.35,0.60,,0.70,0.30,0.30,0.45,0.70,0.45,0.50,0.50,0.40,0.65,0.45,0.70,0.45,0.40,0.25,0.25,0.45,0.80,,0.40,0.40,0.47,0.53,0.40,0.30,0.80,0.30,0.30,0.40,0.40,,0.20,,0.55,,0.45,0.50,0.40,0.20,0.30,0.40,0.50,0.30,0.27,0.55,0.40,0.35,,0.40,0.25,0.85,0.15,0.85,0.45,0.35,1.20,,0.25,0.70,,,,0.65,,
20260404,5,CO_24h,0.50,0.61,0.28,0.78,0.65,0.38,0.34,0.30,0.40,0.43,0.35,0.27,0.55,0.40,0.28,0.71,0.60,0.95,0.64,0.59,0.60,0.80,0.60,0.80,0.42,0.64,0.81,0.61,0.60,0.77,0.68,0.56,0.65,0.61,0.57,0.60,0.53,0.80,0.68,0.60,0.60,0.60,0.50,0.50,0.64,0.53,0.53,0.65,0.49,0.59,0.39,0.57,0.61,0.64,0.55,0.50,0.50,0.30,0.33,0.63,0.60,0.53,0.61,0.40,0.54,0.61,0.43,0.50,0.28,0.40,0.43,0.50,0.32,0.38,0.47,0.52,0.40,0.26,0.74,0.65,0.50,0.72,0.67,0.51,0.52,0.50,0.54,0.52,0.62,0.47,0.58,0.57,0.37,0.80,0.50,0.67,0.80,0.95,0.67,0.63,0.75,0.55,0.55,0.53,0.65,0.70,0.93,0.55,0.40,0.40,0.50,0.43,0.47,0.48,0.68,0.96,0.77,0.80,0.64,1.20,0.70,0.93,0.37,0.62,0.63,0.64,0.42,0.28,0.55,0.47,0.35,0.33,0.45,0.53,0.60,0.90,0.55,0.87,0.63,0.76,0.50,0.68,0.70,0.83,0.67,0.53,0.63,0.30,0.55,0.55,0.50,0.35,0.40,0.34,0.35,0.40,0.63,0.52,0.46,0.30,,,,,,,,,,,,,,,,,,,,,,,,,,,,,,0.30,0.30,0.80,0.43,0.23,0.40,0.43,0.40,0.40,0.37,0.73,0.30,0.40,0.30,,0.30,0.50,0.60,0.63,0.65,0.83,0.60,0.70,0.70,0.85,0.25,0.30,0.40,0.63,0.37,0.40,0.30,0.40,0.57,0.40,0.45,0.25,0.47,0.44,0.35,0.60,0.58,0.45,0.55,0.42,0.30,0.35,0.17,0.75,0.37,0.67,1.10,0.45,0.75,0.75,0.67,0.73,0.50,0.60,0.76,0.90,0.65,0.95,0.65,0.48,0.45,0.35,0.35,0.38,0.45,0.37,0.23,0.80,0.40,0.58,0.60,0.47,0.50,0.33,0.70,0.70,0.45,0.93,0.90,0.90,0.65,0.73,0.40,0.75,0.45,0.60,0.53,0.60,0.67,0.73,0.75,0.70,0.80,0.75,0.70,0.70,0.65,0.47,0.63,0.80,0.75,0.40,0.35,0.60,0.55,0.20,,0.25,0.50,0.43,0.53,0.70,0.55,0.45,0.60,,0.65,0.30,0.30,0.45,0.70,0.50,0.50,0.40,0.50,0.70,0.40,0.60,0.25,0.50,0.30,0.25,0.35,1.00,,0.35,0.45,0.50,0.33,0.50,0.40,0.40,0.35,0.30,0.35,0.30,,0.20,,0.55,,0.40,0.50,0.30,0.20,0.30,0.40,0.30,0.30,0.30,0.35,0.30,0.50,0.10,0.30,0.25,0.70,0.25,0.65,0.55,0.45,0.40,0.10,0.40,0.50,,,,0.60,,
20260404,6,AQI,25,80,37,68,35,34,66,18,43,92,98,99,35,40,18,44,29,56,78,71,35,61,41,62,70,61,53,55,50,53,55,56,46,12,29,23,13,41,41,17,43,19,30,19,42,15,19,25,64,59,53,46,32,18,38,32,18,43,43,27,35,16,37,26,39,73,36,33,18,122,101,104,83,55,29,34,40,34,34,22,27,26,23,68,73,73,33,51,84,39,40,68,69,61,32,27,29,63,41,34,19,43,11,32,15,31,29,43,42,59,40,56,59,54,56,44,44,49,22,40,133,50,53,51,39,31,70,43,54,54,74,78,40,20,21,24,21,31,53,33,24,67,48,35,24,58,79,51,36,26,123,75,57,81,104,65,51,53,27,58,,,,,,,,,,,,,,,,,,,,,,,,,,,,,,74,58,26,73,56,35,83,33,53,66,44,20,46,25,,23,55,21,44,33,29,46,46,22,17,60,30,44,46,59,51,27,43,37,23,79,16,51,39,65,57,41,16,37,41,56,36,72,27,23,11,16,9,16,13,31,19,33,24,28,19,25,27,29,50,51,46,68,77,92,71,69,52,83,56,48,56,53,54,29,44,53,23,26,17,70,28,31,27,23,22,28,24,18,55,30,29,33,24,21,68,52,55,57,63,39,38,59,49,59,25,,12,18,21,30,23,44,29,36,,27,35,37,25,85,50,47,60,29,94,27,74,26,16,20,22,21,15,,28,16,78,59,62,124,98,76,102,89,87,,92,,95,,51,87,43,40,46,35,15,56,69,68,82,62,30,34,73,91,80,167,121,41,30,30,31,87,,,,54,,
20260404,6,PM2.5,6,44,6,39,20,9,37,5,21,56,73,74,8,10,10,27,18,40,57,52,22,44,29,38,20,44,33,29,35,37,39,40,31,7,20,16,9,29,29,3,30,13,21,12,25,5,13,14,43,40,12,28,22,10,25,22,10,30,30,19,23,9,26,17,24,40,19,17,5,39,45,50,29,20,20,23,23,11,23,13,19,18,16,27,53,45,21,35,14,23,20,37,34,33,21,12,16,45,29,23,13,30,7,18,4,22,18,30,25,3,9,12,10,12,40,31,30,34,15,28,101,35,34,36,27,17,17,13,14,10,14,19,22,14,13,10,14,12,33,20,14,37,29,17,13,34,48,30,21,18,43,25,14,25,31,18,19,17,10,18,,,,,,,,,,,,,,,,,,,,,,,,,,,,,,30,28,17,9,13,6,22,10,10,27,24,8,13,14,,6,16,8,31,23,17,32,32,5,5,43,14,31,32,42,36,11,30,26,11,58,7,17,25,21,40,29,5,26,23,21,25,14,19,16,7,10,5,11,8,22,12,15,16,17,4,14,11,14,14,6,13,20,24,13,20,22,29,31,23,27,28,28,32,18,31,21,16,18,12,22,14,22,16,16,12,17,17,12,39,15,11,23,13,10,36,24,39,24,28,27,15,23,26,37,6,,3,8,10,21,12,31,20,25,,17,22,14,3,63,35,27,43,20,70,16,54,17,7,3,3,9,9,,3,3,42,27,21,52,44,29,54,45,42,,34,,53,,25,32,18,20,20,17,3,18,21,34,29,25,5,16,19,47,32,65,50,10,3,3,13,48,,,,38,,
20260404,6,PM2.5_24h,39,41,34,64,68,22,45,16,32,49,47,28,28,26,14,39,42,123,48,28,21,26,20,55,25,33,22,23,30,25,42,25,60,15,15,35,21,27,23,20,16,17,14,16,29,15,17,10,29,32,29,24,18,26,27,25,25,26,25,28,27,23,35,22,20,31,16,17,6,34,45,36,55,19,12,17,17,21,47,42,44,60,17,53,28,21,42,33,28,33,47,26,31,43,32,36,15,42,31,25,15,25,26,21,26,33,54,29,26,17,21,32,35,26,56,40,40,36,54,121,71,121,36,24,29,14,34,21,24,36,26,32,19,17,18,10,13,19,25,22,17,33,27,16,12,22,37,22,19,12,37,40,32,28,34,41,24,43,9,33,,,,,,,,,,,,,,,,,,,,,,,,,,,,,,15,20,23,25,29,27,38,22,34,21,69,9,12,16,,19,56,47,38,37,65,54,41,26,24,58,36,33,91,26,40,10,34,67,14,54,8,30,25,15,28,24,6,37,13,22,23,15,17,21,12,11,8,10,24,15,11,10,11,13,7,11,8,11,27,26,15,23,23,16,30,19,22,26,21,20,18,20,21,28,16,24,8,17,12,15,9,9,10,13,36,25,27,28,41,39,20,35,22,39,37,21,24,21,31,25,19,21,24,29,9,,7,8,11,19,11,24,27,21,,18,32,19,8,51,43,27,39,38,64,23,52,11,10,7,5,6,24,,4,5,37,49,26,42,50,30,70,43,55,,46,,52,,32,31,21,20,23,26,4,26,58,59,44,30,10,19,17,49,41,59,49,14,10,3,13,24,,,,28,,
20260404,6,PM10,25,110,37,85,35,34,81,14,43,134,100,123,35,40,18,44,29,46,61,61,35,55,38,73,90,61,55,59,43,51,58,40,46,12,29,20,13,36,37,6,34,19,28,19,42,15,19,25,77,67,55,46,32,18,38,32,18,35,40,26,35,16,35,26,39,95,36,33,12,193,152,158,115,59,26,34,40,34,34,22,23,22,15,85,93,96,33,51,117,39,40,86,88,72,32,27,29,56,37,34,17,35,10,32,9,28,29,42,42,68,40,62,67,58,46,38,44,44,20,36,135,43,55,43,36,31,89,43,58,57,98,105,40,18,21,24,21,31,55,33,24,83,48,35,24,65,107,52,36,24,196,100,64,112,157,80,51,55,26,65,,,,,,,,,,,,,,,,,,,,,,,,,,,,,,97,66,26,96,61,35,116,33,56,81,44,20,46,25,,12,59,21,36,33,29,38,45,16,12,54,30,41,32,46,41,27,34,28,23,69,16,51,39,80,64,31,16,33,41,62,,93,26,21,11,16,9,12,12,28,19,33,24,28,19,25,27,29,50,51,46,85,103,133,91,87,54,115,61,48,62,56,57,29,43,55,20,23,13,89,28,28,27,20,22,28,21,18,54,30,29,29,24,17,86,54,43,64,75,39,38,67,49,68,25,,12,14,18,29,23,44,29,35,,27,35,37,12,96,36,47,69,29,81,27,68,26,16,10,9,21,15,,6,8,106,68,73,198,145,101,153,127,124,,134,,140,,52,123,43,40,46,35,15,62,88,85,113,73,25,34,95,132,110,284,191,41,30,6,31,123,,,,48,,
20260404,6,PM10_24h,78,100,124,136,103,72,122,78,90,117,116,105,91,100,49,69,69,149,63,34,37,31,27,76,58,51,34,47,34,30,58,29,67,23,23,41,27,35,29,27,22,25,19,25,54,20,21,13,82,53,146,35,27,40,42,37,37,35,40,41,44,34,50,33,36,72,32,32,13,190,142,89,259,56,20,24,117,136,81,74,43,58,17,87,111,91,93,82,77,70,89,69,78,72,60,81,22,60,44,45,18,41,34,35,38,44,65,45,43,61,92,130,172,100,87,61,63,60,51,152,98,155,54,32,40,22,167,75,68,152,129,178,29,23,32,20,18,37,46,37,27,69,40,31,20,48,88,49,31,25,197,203,196,138,211,221,90,252,40,113,,,,,,,,,,,,,,,,,,,,,,,,,,,,,,39,46,30,161,139,132,186,78,185,106,98,24,47,70,,102,250,52,48,59,55,71,58,52,50,68,41,65,134,41,54,20,44,95,34,63,19,51,38,47,40,29,16,47,30,46,22,46,24,25,16,15,14,14,25,20,17,20,15,21,21,21,21,21,71,111,61,70,74,50,57,77,42,95,41,38,33,37,35,46,28,58,17,20,19,29,16,24,23,17,52,46,49,42,57,50,36,48,43,60,107,56,39,49,80,40,48,54,45,58,30,,18,21,20,22,23,35,36,29,,26,47,39,16,93,56,43,51,53,83,32,69,17,19,18,23,19,38,,12,13,114,247,67,182,203,87,217,141,199,,217,,151,,97,96,51,49,56,57,17,95,296,265,204,92,30,46,89,142,131,194,237,59,50,11,38,64,,,,41,,
20260404,6,SO2,3,7,4,15,6,4,3,4,3,6,4,6,4,5,7,7,6,7,8,5,5,7,4,8,10,6,6,7,6,9,7,6,7,6,5,5,6,5,5,5,5,13,6,4,6,4,3,7,6,6,4,7,5,6,5,5,7,5,7,5,5,9,6,7,8,5,7,4,8,4,7,7,14,7,4,6,7,5,8,7,5,18,3,8,7,5,6,7,9,5,3,3,4,6,4,5,12,7,9,7,7,6,6,5,6,15,5,10,4,5,10,15,7,7,8,11,8,7,7,6,8,4,7,7,7,6,10,4,9,7,8,11,6,6,7,10,10,7,9,21,4,6,8,7,13,7,4,6,9,6,4,2,2,5,5,3,12,16,5,10,,,,,,,,,,,,,,,,,,,,,,,,,,,,,,5,2,4,3,6,8,9,5,8,62,4,5,11,6,,5,8,6,6,9,6,3,5,8,8,2,5,8,5,9,7,4,5,6,6,7,6,6,8,6,10,6,4,7,6,4,5,7,3,5,3,4,3,3,4,8,5,4,7,4,8,10,5,29,7,8,4,6,7,6,4,3,7,7,10,7,6,4,5,5,5,7,6,7,4,6,5,6,3,4,12,6,3,8,8,9,5,5,8,5,5,10,7,4,8,7,4,6,8,10,5,,6,6,6,13,4,13,6,3,,5,6,6,8,7,9,7,7,19,10,6,5,7,6,5,9,8,5,,7,6,9,10,5,6,14,12,10,4,9,,3,,8,,3,8,9,10,10,16,5,10,5,10,4,4,7,6,2,4,7,4,40,6,6,5,9,9,,,,7,,
20260404,6,SO2_24h,4,8,4,10,9,5,5,3,3,4,6,5,7,5,6,9,7,8,9,5,6,5,4,9,10,6,5,6,5,9,7,7,7,6,5,5,6,5,5,6,6,5,4,5,6,4,2,7,7,7,5,7,5,5,5,4,6,4,6,4,5,8,5,7,8,5,6,4,6,4,7,9,8,7,4,5,7,5,10,8,6,11,3,15,9,6,12,10,10,6,7,5,8,9,5,10,7,6,7,6,8,6,6,5,6,7,6,7,4,6,7,11,6,7,12,8,10,8,7,9,8,10,8,7,8,6,10,4,8,10,6,12,6,7,7,11,9,7,7,8,4,7,7,11,7,7,4,6,8,7,4,3,2,6,7,9,14,10,5,10,,,,,,,,,,,,,,,,,,,,,,,,,,,,,,5,2,4,4,5,11,8,7,6,19,7,6,8,4,,5,8,8,7,10,9,6,8,11,9,2,5,9,9,9,6,5,5,9,7,6,8,6,8,6,8,5,4,8,6,6,5,6,3,5,3,8,3,4,4,7,6,3,8,4,6,9,7,13,8,10,4,5,6,6,4,4,8,6,11,8,5,4,5,6,4,7,6,7,5,6,4,4,5,4,10,7,4,8,11,10,6,5,8,7,9,9,7,4,8,7,5,6,8,8,5,,6,9,6,13,4,10,9,3,,5,6,6,8,7,7,6,8,8,9,6,6,6,6,6,9,8,8,,8,6,5,6,5,8,16,12,9,6,7,,3,,8,,4,10,7,10,10,14,7,13,6,8,4,5,8,7,4,5,16,4,5,7,6,5,10,9,,,,7,,
20260404,6,NO2,24,28,12,18,10,16,30,9,19,18,19,19,15,33,35,13,10,19,33,19,17,19,25,25,22,24,22,16,32,21,22,17,17,16,13,34,19,14,15,12,11,16,9,26,31,22,19,25,16,15,13,34,26,19,18,6,20,19,34,31,18,19,13,10,26,39,17,23,12,45,27,6,43,25,21,20,59,23,10,15,16,18,19,10,14,14,12,16,16,13,8,13,9,15,13,11,16,33,10,9,16,9,20,3,10,24,15,14,14,17,28,31,20,52,22,17,13,11,14,11,50,17,25,32,17,21,31,11,21,15,12,20,20,18,10,20,9,18,13,17,10,31,19,13,14,17,42,26,16,11,34,15,18,12,37,3,17,25,5,7,,,,,,,,,,,,,,,,,,,,,,,,,,,,,,12,16,25,26,38,21,46,30,30,33,16,10,17,31,,5,5,18,12,3,18,14,9,11,14,17,33,15,13,15,14,13,16,10,11,19,7,17,18,14,15,23,8,9,19,15,19,11,16,12,14,12,11,11,25,18,10,20,12,10,13,16,10,12,13,12,18,22,18,14,19,10,21,14,28,17,22,12,16,5,22,8,15,20,11,13,19,12,17,8,12,8,9,12,18,10,11,9,13,6,37,24,26,34,43,14,23,7,22,27,3,,13,5,12,8,16,11,8,16,,10,7,11,8,13,9,16,11,6,11,8,22,9,7,5,2,18,10,,2,4,29,63,8,17,16,27,11,17,21,,9,,17,,16,3,1,1,4,3,17,1,19,36,14,11,5,20,7,36,2,52,26,10,12,1,14,43,,,,11,,
20260404,6,NO2_24h,22,19,13,22,23,13,21,11,15,19,15,14,11,17,17,15,15,29,25,20,20,22,21,25,20,26,24,17,31,20,24,13,23,24,22,43,25,19,19,22,20,23,15,25,25,29,28,25,16,12,13,20,23,22,13,5,16,8,14,20,16,15,15,11,21,32,13,17,11,30,19,11,22,28,17,21,25,14,17,13,14,19,26,21,16,14,19,17,17,16,16,13,12,23,12,17,19,30,15,10,16,9,14,4,23,26,37,14,14,15,14,15,15,27,24,15,17,13,17,29,30,29,18,27,22,25,19,12,19,14,12,19,21,18,14,17,14,18,9,15,9,32,19,14,16,16,34,24,13,14,23,17,22,14,30,5,14,14,11,20,,,,,,,,,,,,,,,,,,,,,,,,,,,,,,8,10,29,14,14,15,17,19,20,16,17,9,9,14,,7,6,16,11,9,22,18,13,14,14,13,19,15,19,11,13,7,14,16,13,21,7,24,17,14,24,23,10,19,11,14,14,10,20,13,17,16,11,12,38,18,13,15,15,18,18,14,11,16,15,14,16,13,13,15,11,10,15,13,13,16,13,10,11,9,17,9,12,14,7,11,17,15,20,10,24,10,11,13,21,14,17,12,9,10,32,26,19,29,32,19,28,9,20,21,5,,17,9,9,8,19,12,12,14,,8,7,11,9,15,11,13,8,10,15,10,20,7,9,10,3,11,19,,5,4,22,31,14,15,19,27,8,13,19,,11,,18,,17,6,2,2,8,3,13,4,14,20,16,18,11,25,13,35,13,36,18,13,11,5,14,21,,,,6,,
20260404,6,O3,48,45,62,34,71,64,43,56,34,52,55,57,54,34,22,66,77,48,33,60,43,57,64,52,57,25,47,50,36,38,44,72,62,37,83,13,31,58,58,54,77,41,50,5,23,24,24,21,71,60,71,25,15,40,24,44,39,20,15,24,30,46,38,55,22,15,33,39,58,20,46,66,15,50,16,25,13,49,74,57,57,71,19,80,67,79,69,73,64,79,74,77,81,73,74,77,23,17,36,40,21,37,35,53,47,20,34,32,51,58,20,36,39,21,38,63,66,62,69,63,23,57,44,17,37,58,45,61,56,64,70,43,11,42,62,8,4,27,36,32,41,16,37,53,33,38,14,18,24,72,30,49,19,38,22,110,81,28,87,92,,,,,,,,,,,,,,,,,,,,,,,,,,,,,,65,58,10,36,13,42,23,42,28,50,49,61,49,33,,74,98,56,65,57,44,46,66,70,55,45,33,64,62,46,57,42,53,68,44,55,42,64,40,74,49,37,20,61,35,58,19,57,46,39,27,21,16,30,12,34,18,34,45,37,31,26,31,53,60,71,61,56,66,72,50,72,16,46,11,30,33,53,27,46,18,18,11,2,22,14,11,14,4,5,35,64,65,50,21,52,33,31,44,67,13,28,28,3,4,19,4,35,9,8,18,,23,59,67,56,9,31,63,13,,17,65,61,79,73,60,45,80,94,56,72,32,27,50,64,70,38,38,,89,52,19,1,23,40,67,38,53,50,45,,89,,41,,32,70,66,94,67,52,47,112,27,18,66,73,97,40,53,35,85,5,38,81,38,95,52,10,,,,53,,
20260404,6,O3_24h,48,45,62,34,71,64,43,56,34,52,55,57,54,34,22,66,77,48,33,60,43,57,64,52,57,25,47,50,36,38,44,72,62,37,83,13,31,58,58,54,77,41,50,5,23,24,24,21,71,60,71,25,15,40,24,44,39,20,15,24,30,46,38,55,22,15,33,39,58,20,46,66,15,50,16,25,13,49,74,57,57,71,19,80,67,79,69,73,64,79,74,77,81,73,74,77,23,17,36,40,21,37,35,53,47,20,34,32,51,58,20,36,39,21,38,63,66,62,69,63,23,57,44,17,37,58,45,61,56,64,70,43,11,42,62,8,4,27,36,32,41,16,37,53,33,38,14,18,24,72,30,49,19,38,22,110,81,28,87,92,,,,,,,,,,,,,,,,,,,,,,,,,,,,,,65,58,10,36,13,42,23,42,28,50,49,61,49,33,,74,98,56,65,57,44,46,66,70,55,45,33,64,62,46,57,42,53,68,44,55,42,64,40,74,49,37,20,61,35,58,19,57,46,39,27,21,16,30,12,34,18,34,45,37,31,26,31,53,60,71,61,56,66,72,50,72,16,46,11,30,33,53,27,46,18,18,11,2,22,14,11,14,4,5,35,64,65,50,21,52,33,31,44,67,13,28,28,3,4,19,4,35,9,8,18,,23,59,67,56,9,31,63,13,,17,65,61,79,73,60,45,80,94,56,72,32,27,50,64,70,38,38,,89,52,19,1,23,40,67,38,53,50,45,,89,,41,,32,70,66,94,67,52,47,112,27,18,66,73,97,40,53,35,85,5,38,81,38,95,52,10,,,,53,,
20260404,6,O3_8h,,,,,,,,,,,,,,,,,,,,,,,,,,,,,,,,,,,,,,,,,,,,,,,,,,,,,,,,,,,,,,,,,,,,,,,,,,,,,,,,,,,,,,,85,,,,,,,,,,,,,,,,,,,,,,,,,,,,,,,,,,,,,,,,,,,,,,,,,,,,,,,,,,,,,,,,,,,,,,,,,,,,,,,,,,,,,,,,,,,,,,,,,,,,,,,,,,,104,,,,,,,,,,,,99,,,,,,,,,,,,,,,,,,,,,,,,,,,,,,,,,,,,,,,,,,,,,,,,46,,,,,,,,,,,,,,,,,,,70,,,,,,,,,,,,,,,,,,,,,,,,,,,,,,,,,,,,,,,,,,,,,,,,,,,,,,,,,,,,,,,,,,,,,,,,,,,,,,,,,,,,,,,,,,,,,,,,,,,,,,
20260404,6,O3_8h_24h,,,,,,,,,,,,,,,,,,,,,,,,,,,,,,,,,,,,,,,,,,,,,,,,,,,,,,,,,,,,,,,,,,,,,,,,,,,,,,,,,,,,,,,,,,,,,,,,,,,,,,,,,,,,,,,,,,,,,,,,,,,,,,,,,,,,,,,,,,,,,,,,,,,,,,,,,,,,,,,,,,,,,,,,,,,,,,,,,,,,,,,,,,,,,,,,,,,,,,,,,,,,,,,,,,,,,,,,,,,,,,,,,,,,,,,,,,,,,,,,,,,,,,,,,,,,,,,,,,,,,,,,,,,,,,,,,,,,,,,,,,,,,,,,,,,,,,,,,,,,,,,,,,,,,,,,,,,,,,,,,,,,,,,,,,,,,,,,,,,,,,,,,,,,,,,,,,,,,,,,,,,,,,,,,,,,,,,
20260404,6,CO,0.29,0.73,0.26,0.72,0.30,0.33,0.27,0.27,0.30,0.92,0.47,0.50,0.33,0.32,0.38,0.51,0.40,0.44,0.79,0.70,0.55,0.87,0.65,0.74,0.48,0.66,0.91,0.71,0.72,0.75,0.62,0.60,0.45,0.56,0.51,0.57,0.49,0.83,0.65,0.50,0.65,0.80,0.60,0.65,0.58,0.50,0.60,0.55,0.57,0.69,0.33,0.52,0.63,0.67,0.54,0.47,0.60,0.40,0.47,0.77,0.65,0.57,0.57,0.38,0.53,0.61,0.47,0.54,0.32,0.33,0.57,0.45,0.52,0.37,0.65,0.63,0.53,0.26,0.60,0.57,0.40,0.50,0.73,0.31,0.58,0.53,0.25,0.47,0.56,0.38,0.28,0.55,0.42,0.70,0.45,0.47,0.80,1.25,0.60,0.63,0.75,0.60,0.45,0.50,0.65,0.70,0.73,0.60,0.47,0.30,0.73,0.48,0.40,0.40,0.54,1.14,0.55,0.58,0.40,0.63,0.88,0.50,0.38,1.12,0.50,0.60,0.39,0.25,0.55,0.43,0.30,0.33,0.50,0.63,0.63,1.02,0.45,0.83,0.75,0.73,0.50,0.63,0.73,0.63,0.70,0.53,0.73,0.40,0.50,0.57,0.50,0.35,0.40,0.28,0.35,0.40,0.50,0.74,0.44,0.25,,,,,,,,,,,,,,,,,,,,,,,,,,,,,,0.32,0.10,0.80,0.37,0.40,0.20,0.43,0.33,0.30,0.90,0.57,0.20,0.50,0.57,,0.30,0.50,0.38,0.43,0.40,0.60,0.47,0.40,0.50,1.05,0.40,0.30,0.40,0.20,0.43,0.33,0.30,0.40,0.43,0.35,0.50,0.25,0.40,0.44,0.30,0.82,0.60,0.50,0.40,0.42,0.23,0.38,0.10,0.72,0.43,0.67,0.77,0.55,0.65,0.70,0.67,0.53,0.55,0.50,0.72,0.75,0.63,0.95,0.65,0.55,0.40,0.25,0.28,0.36,0.35,0.30,0.20,0.70,0.30,0.66,0.47,0.65,0.40,0.27,0.60,0.70,0.50,0.97,0.80,1.00,0.70,0.80,0.35,0.60,0.40,0.40,0.60,0.60,0.67,0.73,0.55,0.67,0.60,0.70,0.60,0.70,0.65,0.63,0.75,0.90,0.67,0.35,0.30,0.70,0.55,0.20,,0.15,0.40,0.57,0.53,0.60,0.55,0.35,0.60,,0.65,0.30,0.30,0.45,0.75,0.45,0.50,0.50,0.40,0.60,0.40,0.70,0.40,0.40,0.25,0.25,0.50,0.70,,0.40,0.40,0.60,0.70,0.40,0.30,0.65,0.30,0.40,0.40,0.40,,0.25,,0.55,,0.50,0.50,0.30,0.20,0.40,0.40,0.50,0.30,0.37,0.55,0.35,0.40,,0.35,0.20,0.60,0.10,0.65,0.40,0.30,1.10,,0.30,0.70,,,,0.65,,
20260404,6,CO_24h,0.47,0.59,0.28,0.76,0.60,0.38,0.33,0.30,0.40,0.43,0.35,0.27,0.53,0.40,0.28,0.70,0.60,0.88,0.63,0.59,0.60,0.80,0.60,0.79,0.42,0.64,0.81,0.61,0.60,0.77,0.66,0.56,0.63,0.61,0.57,0.60,0.54,0.80,0.68,0.57,0.60,0.63,0.50,0.50,0.64,0.53,0.53,0.65,0.49,0.59,0.39,0.56,0.61,0.65,0.55,0.50,0.50,0.30,0.33,0.63,0.60,0.53,0.59,0.40,0.54,0.61,0.47,0.48,0.28,0.39,0.43,0.50,0.32,0.39,0.47,0.52,0.41,0.26,0.74,0.65,0.50,0.70,0.67,0.51,0.52,0.50,0.54,0.50,0.60,0.47,0.55,0.57,0.37,0.80,0.50,0.65,0.80,1.00,0.63,0.63,0.75,0.55,0.55,0.53,0.65,0.70,0.97,0.55,0.40,0.40,0.51,0.43,0.45,0.44,0.66,0.96,0.75,0.78,0.62,1.17,0.70,0.90,0.37,0.62,0.63,0.64,0.41,0.30,0.55,0.47,0.33,0.33,0.47,0.53,0.60,0.90,0.55,0.87,0.63,0.76,0.50,0.68,0.70,0.80,0.67,0.53,0.63,0.30,0.55,0.53,0.50,0.35,0.35,0.34,0.35,0.40,0.63,0.54,0.46,0.30,,,,,,,,,,,,,,,,,,,,,,,,,,,,,,0.30,0.30,0.80,0.40,0.23,0.40,0.43,0.37,0.37,0.37,0.70,0.30,0.40,0.33,,0.30,0.50,0.60,0.63,0.60,0.83,0.57,0.60,0.65,0.90,0.25,0.30,0.40,0.57,0.37,0.40,0.30,0.40,0.57,0.40,0.45,0.25,0.47,0.44,0.35,0.60,0.58,0.45,0.55,0.42,0.30,0.35,0.17,0.72,0.37,0.67,1.13,0.45,0.75,0.80,0.67,0.73,0.50,0.55,0.72,0.85,0.65,0.95,0.65,0.50,0.43,0.35,0.35,0.38,0.45,0.37,0.23,0.78,0.40,0.58,0.60,0.47,0.50,0.33,0.70,0.67,0.45,0.93,0.90,0.90,0.70,0.73,0.40,0.75,0.45,0.60,0.53,0.60,0.67,0.73,0.75,0.70,0.80,0.75,0.70,0.70,0.70,0.47,0.65,0.80,0.75,0.40,0.35,0.60,0.60,0.20,,0.20,0.50,0.43,0.53,0.70,0.55,0.45,0.60,,0.65,0.30,0.30,0.45,0.70,0.50,0.50,0.40,0.45,0.70,0.40,0.60,0.25,0.50,0.30,0.25,0.35,1.00,,0.35,0.45,0.50,0.33,0.50,0.40,0.40,0.35,0.30,0.35,0.30,,0.20,,0.55,,0.40,0.50,0.40,0.20,0.30,0.40,0.30,0.30,0.30,0.35,0.30,0.50,0.10,0.30,0.25,0.70,0.25,0.65,0.50,0.40,0.40,0.10,0.40,0.50,,,,0.60,,
20260404,7,AQI,51,77,41,71,38,48,85,19,36,90,83,91,49,45,23,44,28,58,65,71,36,54,46,62,72,53,51,54,44,54,57,59,46,12,26,19,13,37,36,13,44,23,31,20,40,19,23,23,61,56,51,46,31,17,38,33,19,43,31,23,33,17,30,25,40,72,37,35,17,119,107,98,78,52,28,31,40,37,39,25,29,29,21,64,67,74,35,49,87,37,33,70,67,58,35,25,29,51,47,34,14,46,15,30,16,73,15,42,44,58,41,60,54,60,47,49,46,43,27,55,133,32,55,49,46,28,67,44,55,53,73,71,36,24,24,25,24,25,46,31,24,68,47,36,23,61,79,51,39,34,121,75,54,79,98,60,54,55,28,57,,,,,,,,,,,,,,,,,,,,,,,,,,,,,,76,66,23,68,62,38,80,35,55,65,44,20,53,30,,23,70,19,47,33,32,54,46,23,20,66,34,42,50,60,50,23,55,43,27,71,33,52,42,69,58,39,15,39,43,58,34,72,27,23,10,16,13,17,11,43,21,32,24,27,23,25,28,29,51,50,53,62,78,88,63,71,51,89,56,49,66,51,56,30,44,52,22,27,21,75,36,26,28,22,20,25,33,22,53,24,19,30,23,19,72,50,54,57,69,41,41,58,49,65,30,,16,17,23,32,27,44,31,35,,26,44,38,23,89,51,48,63,34,83,29,71,27,16,19,21,23,24,,28,15,77,61,60,121,94,70,96,90,92,,94,,98,,52,95,36,44,53,48,17,44,68,71,84,64,29,32,68,88,79,143,110,41,15,28,35,84,,,,63,,
20260404,7,PM2.5,14,44,4,42,16,16,63,5,17,62,61,68,18,11,13,30,18,41,47,52,23,38,32,37,21,37,30,27,31,37,35,42,30,7,18,13,9,26,25,3,31,16,22,8,24,5,16,16,38,37,11,27,22,9,25,23,9,30,21,16,22,9,19,17,23,40,17,19,5,37,48,47,29,17,19,21,22,10,27,15,20,18,15,25,46,46,20,33,22,21,13,37,34,32,23,7,18,36,33,24,10,32,8,19,3,53,8,26,31,8,14,16,9,11,33,34,32,30,19,39,101,17,39,34,32,17,17,11,15,8,15,16,19,17,13,10,17,17,32,18,14,37,29,18,12,40,46,30,27,24,43,26,14,25,30,18,21,25,10,19,,,,,,,,,,,,,,,,,,,,,,,,,,,,,,29,21,16,8,18,6,21,14,8,28,20,7,15,14,,5,28,13,33,23,20,38,32,9,12,48,17,12,35,43,35,5,39,30,9,52,11,18,24,26,41,27,8,27,23,23,24,13,19,16,6,11,8,12,5,30,15,13,17,18,5,14,14,14,17,10,18,12,16,14,19,19,24,33,24,24,41,29,38,19,27,21,15,19,14,20,19,18,18,15,6,17,23,12,37,16,13,21,13,12,39,24,38,24,27,28,16,23,27,38,6,,3,7,14,18,12,27,22,22,,15,31,16,5,66,36,31,45,24,61,20,52,19,7,3,3,11,17,,3,7,40,33,21,50,44,28,54,52,24,,36,,52,,24,39,15,24,21,18,3,20,21,34,30,24,7,19,17,49,30,58,47,10,3,3,16,40,,,,45,,
20260404,7,PM2.5_24h,36,40,30,62,65,21,43,15,30,47,47,30,25,24,12,38,40,108,44,28,20,27,21,53,23,33,22,24,30,24,39,24,56,15,14,34,21,27,24,17,16,17,14,16,29,14,17,10,28,31,28,24,19,25,27,25,25,26,25,27,28,22,34,22,20,32,16,17,6,34,45,37,52,19,13,18,16,16,45,40,43,58,17,49,28,21,40,32,26,32,45,25,30,41,31,34,14,43,31,25,15,26,25,21,25,35,53,29,27,15,19,32,33,24,55,39,38,35,51,106,72,116,35,24,28,14,31,20,22,36,25,32,19,17,18,10,14,19,25,21,17,34,27,17,12,23,38,23,19,12,37,39,31,29,35,40,24,34,9,33,,,,,,,,,,,,,,,,,,,,,,,,,,,,,,16,20,22,24,26,24,37,20,33,15,66,9,12,12,,18,48,44,37,35,63,52,38,25,22,54,35,30,86,27,38,10,34,63,14,53,8,28,25,15,29,24,6,35,14,21,23,14,17,21,12,12,8,10,23,16,11,10,11,13,7,11,8,11,26,26,15,23,24,15,28,19,22,27,21,20,19,20,21,28,16,24,9,17,11,15,10,10,11,13,35,24,27,27,41,38,19,33,22,38,38,21,25,21,30,25,19,21,24,29,9,,7,8,11,18,11,24,27,22,,18,32,19,8,52,43,27,39,37,63,23,52,12,10,7,5,6,23,,4,5,38,45,26,44,49,30,71,43,53,,46,,54,,31,31,21,20,23,26,4,25,55,55,41,29,10,19,17,50,41,60,50,14,10,3,12,24,,,,29,,
20260404,7,PM10,51,103,41,91,38,48,119,19,36,129,98,119,49,45,23,44,28,41,67,62,36,49,42,73,93,53,52,57,39,57,64,45,46,12,25,18,13,32,33,6,36,22,29,20,40,19,21,20,71,61,51,46,31,17,38,33,19,37,31,23,33,17,30,25,40,94,37,35,12,188,163,146,105,53,28,31,40,37,38,25,24,29,21,78,83,98,35,49,124,37,33,90,83,66,35,24,29,46,46,34,14,33,15,30,8,,14,42,41,66,41,70,58,69,47,41,41,41,24,48,140,32,60,42,35,28,83,44,60,56,95,92,36,24,24,25,24,25,46,31,24,86,47,36,23,71,107,52,39,31,191,100,57,108,145,70,58,60,28,64,,,,,,,,,,,,,,,,,,,,,,,,,,,,,,102,81,22,86,73,38,109,35,59,80,44,18,56,30,,11,90,17,34,27,32,45,45,20,20,57,34,42,38,53,45,23,,33,27,62,33,54,42,88,65,31,15,34,43,65,32,93,26,19,10,13,13,9,11,31,17,32,22,27,23,25,28,29,52,50,55,73,105,126,76,92,52,128,62,49,82,51,62,30,44,53,22,,21,99,36,24,28,22,20,25,25,22,48,24,19,28,23,19,94,50,47,63,87,41,41,66,49,80,30,,16,13,21,32,27,44,28,35,,26,34,38,10,100,39,48,70,28,83,27,69,21,16,11,11,23,18,,7,9,103,71,70,191,137,89,142,129,134,,137,,146,,53,140,36,44,55,48,17,44,85,91,117,78,29,32,86,126,108,235,170,41,11,6,35,118,,,,54,,
20260404,7,PM10_24h,72,99,119,134,100,72,120,75,86,115,117,107,88,98,38,67,65,129,59,34,36,32,27,75,59,50,35,47,33,30,55,28,64,23,21,39,26,36,29,24,21,25,19,25,53,20,21,13,81,52,146,36,28,39,41,37,36,35,39,40,44,33,49,33,36,74,32,32,13,194,142,92,243,56,21,25,84,115,78,71,41,56,17,85,111,92,91,80,77,69,86,68,78,70,59,78,22,60,44,45,18,41,33,35,36,45,65,45,43,60,89,131,170,97,86,59,60,59,49,135,100,150,53,32,39,23,167,75,68,153,131,180,30,24,31,20,18,36,47,37,27,71,41,31,21,50,91,49,31,25,202,205,197,142,215,212,90,210,40,114,,,,,,,,,,,,,,,,,,,,,,,,,,,,,,42,48,30,162,134,130,189,76,184,71,93,24,43,54,,99,214,48,47,57,53,69,56,50,48,65,40,63,125,41,50,20,43,88,34,62,20,50,39,48,41,29,15,45,31,45,22,47,23,25,16,15,14,14,25,21,17,20,14,21,21,21,21,21,72,111,61,72,78,54,57,80,42,100,41,39,35,38,36,46,30,59,18,20,19,33,16,25,23,17,51,45,48,42,58,49,35,46,42,58,110,57,40,50,81,41,49,56,46,60,30,,18,20,21,23,24,35,35,30,,26,47,39,16,94,56,44,52,52,83,31,69,17,19,18,23,19,37,,12,13,118,235,69,189,194,90,216,140,193,,218,,155,,92,99,50,49,56,56,17,92,284,252,192,88,31,45,89,143,131,197,239,59,49,11,39,66,,,,42,,
20260404,7,SO2,3,7,4,12,6,3,3,4,2,5,4,6,4,5,7,8,6,6,8,5,6,7,4,8,10,5,8,7,6,9,7,7,8,6,5,5,7,5,5,6,6,11,6,4,6,4,3,6,5,7,4,7,5,6,6,5,7,4,7,5,5,9,5,7,8,5,6,4,11,4,6,7,14,7,4,8,8,5,7,6,5,23,3,8,6,5,6,8,10,5,3,3,3,7,4,5,11,7,10,7,7,5,6,5,6,24,4,11,4,6,16,15,5,7,10,10,8,7,7,6,10,4,8,7,6,6,10,3,10,7,7,12,6,6,6,9,10,5,9,16,4,6,9,8,11,7,5,6,10,6,5,2,2,5,5,3,15,17,5,10,,,,,,,,,,,,,,,,,,,,,,,,,,,,,,5,2,4,3,7,8,11,6,9,51,4,5,11,6,,6,8,6,6,8,8,3,5,7,6,2,4,10,6,9,7,4,5,6,6,7,10,6,8,7,10,7,4,7,6,5,5,7,3,5,4,4,3,4,4,13,5,3,7,3,7,9,5,17,8,9,4,6,6,6,4,4,6,7,10,8,6,4,5,5,4,7,6,6,4,6,5,5,3,5,7,7,4,8,7,9,5,5,7,4,5,8,7,3,7,7,4,7,8,9,5,,6,6,5,14,4,11,5,2,,4,6,6,8,7,11,7,21,19,10,6,5,7,6,5,10,8,6,,9,6,9,12,5,7,12,12,10,5,7,,12,,8,,4,8,8,9,10,13,5,12,6,14,5,4,7,6,4,4,6,4,14,6,6,5,10,9,,,,8,,
20260404,7,SO2_24h,4,8,4,10,8,5,4,3,3,4,6,5,7,5,6,9,7,8,9,5,6,5,4,9,10,6,5,6,5,9,7,7,7,6,5,5,6,5,5,6,6,5,4,5,6,4,2,7,7,7,5,7,5,5,5,4,6,4,6,4,5,8,5,7,8,5,6,4,6,4,7,9,9,7,4,6,7,5,10,7,6,12,3,14,9,6,12,10,10,6,7,5,7,9,5,9,7,7,7,6,8,6,6,5,6,8,6,7,4,5,7,11,6,7,11,8,10,8,7,9,8,10,8,7,8,6,10,4,8,10,7,12,6,7,7,11,9,7,7,8,4,7,7,11,7,7,4,6,8,7,4,2,2,6,7,8,14,10,5,10,,,,,,,,,,,,,,,,,,,,,,,,,,,,,,5,2,4,4,5,11,8,6,6,21,7,6,8,5,,5,8,8,7,10,9,6,7,10,8,2,5,9,8,9,6,5,5,9,7,6,8,7,8,6,8,5,4,8,6,5,5,6,3,5,3,8,3,4,4,7,6,3,7,4,6,9,6,13,8,10,4,5,6,6,4,4,8,6,11,8,5,4,5,6,4,7,6,7,5,6,5,5,4,4,10,7,4,8,11,10,6,5,8,6,9,9,7,4,8,7,5,6,8,9,5,,6,9,6,13,4,10,9,3,,5,6,6,8,7,8,6,8,8,9,6,6,6,6,6,9,8,8,,8,6,6,5,5,8,16,12,9,5,7,,3,,8,,4,10,7,10,10,14,7,13,6,9,4,5,8,7,4,5,14,4,5,7,6,5,10,9,,,,7,,
20260404,7,NO2,29,31,17,27,20,19,25,10,21,23,22,19,21,41,34,18,10,23,33,23,22,21,24,20,27,22,25,18,42,25,21,22,16,20,16,32,22,18,17,19,11,19,11,21,29,23,26,22,18,17,17,33,25,19,22,9,19,24,28,33,20,20,13,9,28,40,19,23,13,46,33,9,44,23,21,23,64,31,12,17,23,22,20,12,16,20,14,17,19,14,10,14,12,16,13,12,16,28,15,10,14,12,18,5,10,48,11,16,14,22,34,38,20,53,31,18,16,10,19,15,47,15,27,28,19,33,37,16,25,23,19,19,22,24,13,19,9,18,12,18,12,27,19,17,15,16,40,31,19,11,33,16,20,17,39,4,17,28,5,7,,,,,,,,,,,,,,,,,,,,,,,,,,,,,,14,21,25,31,39,22,58,39,31,45,23,9,26,33,,6,8,22,11,5,25,23,9,10,15,23,37,15,14,22,21,11,17,11,14,22,21,20,19,16,18,20,8,12,20,21,21,14,19,11,15,12,12,10,19,19,13,19,11,10,21,17,14,16,18,16,21,21,20,17,21,12,20,17,25,22,23,12,25,13,26,9,14,16,16,12,17,13,17,8,18,9,12,12,20,11,12,8,11,8,34,24,26,30,48,18,23,7,23,27,4,,15,6,8,11,15,12,10,14,,9,5,10,10,16,12,15,13,7,11,12,24,11,7,5,4,16,14,,3,5,22,61,9,20,21,26,20,29,21,,13,,24,,16,4,2,3,6,3,22,1,22,36,26,11,8,22,7,26,2,46,19,16,8,2,20,44,,,,12,,
20260404,7,NO2_24h,21,19,12,22,22,13,19,10,14,17,15,14,11,18,18,15,14,27,24,20,20,22,21,25,20,25,23,17,31,20,23,13,22,25,22,42,26,20,19,22,19,24,15,25,25,29,29,25,15,12,12,21,24,22,13,5,16,9,14,20,17,15,14,11,22,32,13,17,11,31,20,11,23,28,18,21,27,15,17,13,14,19,27,19,16,14,19,17,17,16,16,12,11,22,12,16,19,31,15,10,16,9,14,4,23,28,37,14,14,15,15,16,15,28,24,15,16,13,17,27,31,28,18,27,21,25,20,12,18,15,11,19,21,18,13,17,14,18,9,15,9,32,19,14,16,17,35,24,13,14,23,16,21,14,31,5,13,15,11,19,,,,,,,,,,,,,,,,,,,,,,,,,,,,,,9,10,29,15,15,16,18,19,20,18,17,9,11,15,,7,6,16,11,9,21,17,12,14,13,13,20,15,18,11,12,7,13,16,13,20,8,23,16,14,24,23,10,18,12,14,14,10,20,13,17,16,11,13,38,19,13,16,15,17,18,14,11,17,15,13,16,13,13,15,11,10,15,14,13,17,14,10,11,9,18,9,12,15,8,12,18,15,20,10,24,10,11,12,21,14,17,12,9,10,33,27,20,29,33,20,28,9,20,21,5,,17,9,9,8,20,12,12,15,,8,7,11,9,15,11,13,9,10,15,10,20,7,9,10,3,11,19,,5,4,22,33,14,15,20,27,9,14,19,,11,,18,,17,6,2,2,8,3,14,4,15,22,16,18,11,25,12,36,13,37,18,13,11,5,14,21,,,,6,,
20260404,7,O3,41,44,57,41,59,61,46,53,34,43,54,56,53,22,24,60,76,48,34,54,37,53,60,67,51,27,44,45,27,29,51,59,62,31,76,16,26,57,57,40,83,36,50,4,26,21,17,24,70,58,67,19,13,41,16,37,41,13,27,22,27,45,42,57,17,11,24,39,55,18,36,52,17,52,15,22,9,42,73,60,48,69,21,78,66,71,65,70,61,82,74,73,76,71,76,80,31,23,27,39,25,32,38,51,51,4,48,33,48,54,17,30,36,21,30,59,61,65,61,57,30,65,42,20,33,41,35,55,52,48,63,45,10,30,56,5,4,22,42,29,36,14,33,47,33,34,15,22,17,71,34,47,17,33,18,109,79,25,86,90,,,,,,,,,,,,,,,,,,,,,,,,,,,,,,64,50,12,31,13,40,16,27,24,38,42,64,29,31,,73,93,48,67,59,38,45,67,73,63,43,26,78,58,35,49,47,51,67,45,60,34,61,47,72,47,41,21,56,32,50,15,51,38,38,25,23,13,34,22,28,11,31,45,37,21,22,24,38,53,66,59,61,60,69,46,70,14,38,14,21,26,33,19,24,15,15,12,1,14,14,12,14,5,4,29,56,49,51,25,48,30,30,46,60,13,15,31,2,3,15,3,36,5,12,15,,20,55,72,45,9,22,56,14,,21,67,54,72,67,52,38,72,91,52,70,25,22,45,62,66,41,38,,88,47,35,3,20,35,58,36,46,25,47,,84,,31,,32,68,60,82,61,55,41,112,26,17,49,70,91,39,53,42,86,8,45,62,47,89,47,6,,,,49,,
20260404,7,O3_24h,41,44,57,41,59,61,46,53,34,43,54,56,53,22,24,60,76,48,34,54,37,53,60,67,51,27,44,45,27,29,51,59,62,31,76,16,26,57,57,40,83,36,50,4,26,21,17,24,70,58,67,19,13,41,16,37,41,13,27,22,27,45,42,57,17,11,24,39,55,18,36,52,17,52,15,22,9,42,73,60,48,69,21,78,66,71,65,70,61,82,74,73,76,71,76,80,31,23,27,39,25,32,38,51,51,4,48,33,48,54,17,30,36,21,30,59,61,65,61,57,30,65,42,20,33,41,35,55,52,48,63,45,10,30,56,5,4,22,42,29,36,14,33,47,33,34,15,22,17,71,34,47,17,33,18,109,79,25,86,90,,,,,,,,,,,,,,,,,,,,,,,,,,,,,,64,50,12,31,13,40,16,27,24,38,42,64,29,31,,73,93,48,67,59,38,45,67,73,63,43,26,78,58,35,49,47,51,67,45,60,34,61,47,72,47,41,21,56,32,50,15,51,38,38,25,23,13,34,22,28,11,31,45,37,21,22,24,38,53,66,59,61,60,69,46,70,14,38,14,21,26,33,19,24,15,15,12,1,14,14,12,14,5,4,29,56,49,51,25,48,30,30,46,60,13,15,31,2,3,15,3,36,5,12,15,,20,55,72,45,9,22,56,14,,21,67,54,72,67,52,38,72,91,52,70,25,22,45,62,66,41,38,,88,47,35,3,20,35,58,36,46,25,47,,84,,31,,32,68,60,82,61,55,41,112,26,17,49,70,91,39,53,42,86,8,45,62,47,89,47,6,,,,49,,
20260404,7,O3_8h,,,,,,,,,,,,,,,,,,,,,,,,,,,,,,,,,,,,,,,,,,,,,,,,,,,,,,,,,,,,,,,,,,,,,,,,,,,,,,,,,,,,,,,85,,,,,,,,,,,,,,,,,,,,,,,,,,,,,,,,,,,,,,,,,,,,,,,,,,,,,,,,,,,,,,,,,,,,,,,,,,,,,,,,,,,,,,,,,,,,,,,,,,,,,,,,,,,,,,,,,,,,,,,99,,,,,,,,,,,,,,,,,,,,,,,,,,,,,,,,,,,,,,,,,,,,,,,,46,,,,,,,,,,,,,,,,,,,70,,,,,,,,,,,,,,,,,,,,,,,,,,,,,,,,,,,,,,,,,,,,,,,,,,,,,,,,,,,,,,,,,,,,,,,,,,,,,,,,,,,,,,,,,,,,,,,,,,,,,,
20260404,7,O3_8h_24h,,,,,,,,,,,,,,,,,,,,,,,,,,,,,,,,,,,,,,,,,,,,,,,,,,,,,,,,,,,,,,,,,,,,,,,,,,,,,,,,,,,,,,,,,,,,,,,,,,,,,,,,,,,,,,,,,,,,,,,,,,,,,,,,,,,,,,,,,,,,,,,,,,,,,,,,,,,,,,,,,,,,,,,,,,,,,,,,,,,,,,,,,,,,,,,,,,,,,,,,,,,,,,,,,,,,,,,,,,,,,,,,,,,,,,,,,,,,,,,,,,,,,,,,,,,,,,,,,,,,,,,,,,,,,,,,,,,,,,,,,,,,,,,,,,,,,,,,,,,,,,,,,,,,,,,,,,,,,,,,,,,,,,,,,,,,,,,,,,,,,,,,,,,,,,,,,,,,,,,,,,,,,,,,,,,,,,,
20260404,7,CO,0.39,0.74,0.28,0.72,0.30,0.30,0.46,0.27,0.35,0.85,0.45,0.47,0.33,0.43,0.38,0.53,0.41,0.49,0.74,0.72,0.58,0.86,0.70,0.71,0.46,0.62,0.94,0.73,0.66,0.77,0.64,0.62,0.45,0.64,0.51,0.60,0.50,0.83,0.68,0.57,0.65,0.87,0.60,0.60,0.60,0.55,0.62,0.55,0.54,0.66,0.34,0.59,0.64,0.71,0.57,0.50,0.60,0.40,0.47,0.77,0.65,0.57,0.51,0.38,0.55,0.65,0.50,0.55,0.28,0.36,0.63,0.55,0.50,0.37,0.58,0.63,0.64,0.30,0.60,0.60,0.37,0.52,0.77,0.33,0.58,0.63,0.25,0.47,0.62,0.37,0.27,0.55,0.43,0.66,0.50,0.43,0.80,1.13,0.60,0.67,0.80,0.60,0.55,0.57,0.65,1.00,0.67,0.60,0.47,0.30,0.96,0.73,0.43,0.46,0.58,0.80,0.57,0.54,0.50,0.70,0.94,0.47,0.43,1.12,0.50,0.60,0.42,0.23,0.62,0.50,0.30,0.38,0.47,0.67,0.68,1.07,0.45,0.87,0.73,0.77,0.55,0.63,0.80,0.65,0.70,0.63,0.73,0.50,0.57,0.60,0.50,0.35,0.35,0.30,0.40,0.40,0.53,0.74,0.42,0.25,,,,,,,,,,,,,,,,,,,,,,,,,,,,,,0.32,0.20,0.80,0.43,0.45,0.20,0.82,0.47,0.30,0.97,0.63,0.20,0.65,0.60,,0.30,0.50,0.43,0.47,0.40,0.80,0.43,0.40,0.50,1.10,0.50,0.30,0.50,0.15,0.53,0.43,0.33,0.40,0.50,0.40,0.45,0.35,0.40,0.46,0.40,0.90,0.60,0.50,0.50,0.42,0.30,0.43,0.13,0.77,0.40,0.67,0.80,0.55,0.70,0.65,0.73,0.63,0.47,0.55,0.70,0.85,0.75,0.98,0.70,0.58,0.42,0.25,0.23,0.38,0.38,0.30,0.20,0.72,0.30,0.66,0.47,0.60,0.50,0.33,0.70,0.73,0.50,1.02,0.80,1.10,0.70,0.83,0.35,0.70,0.45,0.40,0.63,0.63,0.67,0.73,0.55,0.67,0.60,0.70,0.70,0.73,0.60,0.53,0.78,0.85,0.70,0.40,0.30,0.75,0.55,0.20,,0.15,0.40,0.43,0.57,0.65,0.65,0.35,0.55,,0.70,0.30,0.30,0.45,0.70,0.45,0.50,0.50,0.35,0.60,0.40,0.80,0.40,0.40,0.25,0.25,0.45,0.70,,0.40,0.40,0.57,0.80,0.40,0.30,0.60,0.30,0.40,0.55,0.45,,0.25,,0.60,,0.40,0.50,0.30,0.20,0.30,0.30,0.50,0.30,0.37,0.90,0.45,0.45,,0.45,0.20,0.55,0.10,0.60,0.35,0.65,1.00,,0.35,0.75,,,,0.70,,
20260404,7,CO_24h,0.45,0.61,0.28,0.74,0.60,0.38,0.33,0.30,0.40,0.43,0.35,0.27,0.47,0.38,0.30,0.70,0.56,0.84,0.62,0.60,0.60,0.81,0.62,0.77,0.42,0.62,0.83,0.63,0.60,0.75,0.66,0.56,0.63,0.61,0.59,0.63,0.53,0.80,0.68,0.57,0.60,0.63,0.50,0.55,0.64,0.53,0.53,0.63,0.49,0.59,0.39,0.56,0.62,0.65,0.55,0.50,0.50,0.35,0.33,0.63,0.63,0.53,0.59,0.40,0.54,0.62,0.47,0.49,0.28,0.37,0.43,0.50,0.32,0.39,0.47,0.52,0.41,0.26,0.72,0.65,0.50,0.70,0.70,0.47,0.52,0.50,0.52,0.48,0.60,0.47,0.53,0.55,0.37,0.78,0.50,0.62,0.80,1.02,0.63,0.63,0.75,0.55,0.55,0.53,0.65,0.80,0.97,0.55,0.43,0.40,0.56,0.45,0.43,0.42,0.66,0.94,0.70,0.78,0.62,1.07,0.70,0.87,0.37,0.63,0.60,0.64,0.40,0.25,0.55,0.47,0.33,0.33,0.47,0.53,0.60,0.90,0.55,0.87,0.63,0.76,0.50,0.68,0.70,0.80,0.67,0.53,0.63,0.40,0.55,0.53,0.47,0.35,0.35,0.32,0.35,0.40,0.63,0.54,0.46,0.30,,,,,,,,,,,,,,,,,,,,,,,,,,,,,,0.30,0.30,0.80,0.40,0.27,0.40,0.43,0.37,0.37,0.47,0.70,0.30,0.40,0.33,,0.30,0.50,0.60,0.63,0.60,0.80,0.57,0.60,0.60,0.90,0.25,0.30,0.40,0.50,0.37,0.40,0.30,0.40,0.57,0.40,0.45,0.25,0.47,0.44,0.35,0.60,0.57,0.45,0.50,0.42,0.30,0.35,0.17,0.72,0.37,0.67,1.13,0.55,0.75,0.80,0.67,0.67,0.50,0.55,0.72,0.85,0.68,0.95,0.65,0.50,0.42,0.30,0.35,0.38,0.45,0.33,0.23,0.78,0.40,0.60,0.57,0.47,0.50,0.33,0.70,0.67,0.45,0.93,0.90,0.90,0.70,0.73,0.40,0.75,0.45,0.60,0.53,0.60,0.67,0.73,0.70,0.70,0.70,0.75,0.70,0.70,0.70,0.50,0.68,0.80,0.75,0.40,0.35,0.65,0.60,0.20,,0.20,0.50,0.43,0.53,0.70,0.55,0.45,0.60,,0.65,0.30,0.30,0.45,0.70,0.50,0.50,0.40,0.45,0.70,0.40,0.60,0.30,0.50,0.30,0.25,0.35,1.00,,0.35,0.40,0.50,0.33,0.50,0.40,0.40,0.35,0.30,0.35,0.30,,0.20,,0.60,,0.40,0.50,0.40,0.20,0.30,0.40,0.30,0.30,0.30,0.40,0.30,0.50,0.10,0.30,0.25,0.70,0.25,0.65,0.50,0.40,0.50,0.10,0.40,0.50,,,,0.60,,
20260404,8,AQI,71,76,43,67,44,53,94,20,36,131,78,78,63,50,30,42,29,66,89,69,39,50,52,60,77,49,52,53,44,65,61,64,54,13,24,20,11,30,31,12,41,26,31,20,43,34,24,34,58,51,52,49,33,16,39,34,17,43,26,20,23,18,25,26,41,68,42,36,15,111,108,96,77,51,28,31,47,46,41,29,27,30,18,62,56,73,31,41,86,31,25,69,65,52,39,26,20,33,50,38,11,46,13,34,15,39,13,49,45,68,53,59,58,55,47,53,49,46,31,69,134,29,52,50,43,29,66,48,55,63,64,75,38,31,26,23,24,27,34,26,26,71,48,41,24,60,80,53,36,36,117,76,56,78,97,53,58,60,28,54,,,,,,,,,,,,,,,,,,,,,,,,,,,,,,75,66,21,63,67,47,74,43,62,68,46,21,56,27,,23,86,27,51,33,33,54,51,23,28,98,33,25,50,49,40,20,73,47,31,55,41,58,53,68,56,39,20,46,55,66,42,72,26,19,12,26,16,20,10,34,23,36,29,24,27,25,27,30,53,51,63,60,78,81,62,76,51,94,57,58,59,58,71,51,52,49,27,33,26,78,39,31,31,26,24,21,31,24,45,28,20,24,27,20,67,58,54,57,67,41,41,57,51,64,22,,16,16,23,33,25,45,33,37,,27,36,33,18,90,51,41,65,34,88,27,75,29,21,18,16,25,37,,28,13,74,66,65,119,97,75,96,93,88,,93,,99,,64,93,38,46,52,57,20,45,69,74,87,65,32,37,62,89,80,121,107,51,30,26,34,78,,,,66,,
20260404,8,PM2.5,33,45,10,40,18,20,70,8,10,100,57,54,27,8,9,29,19,48,66,50,23,35,35,37,25,34,27,27,31,47,33,46,33,7,15,14,8,21,22,4,29,18,22,10,24,8,17,22,32,31,8,34,23,8,25,24,8,30,16,14,15,9,16,18,24,40,19,19,8,34,46,49,31,17,19,22,28,13,29,20,19,19,11,24,39,47,16,24,29,18,7,31,35,27,26,5,13,23,34,25,7,32,8,24,3,11,9,27,27,19,17,14,13,9,27,37,34,32,22,50,102,13,34,35,30,17,12,14,11,8,8,21,22,22,12,12,17,19,24,17,15,38,29,20,13,43,49,30,24,25,40,28,16,25,34,23,20,25,11,21,,,,,,,,,,,,,,,,,,,,,,,,,,,,,,22,12,15,3,18,5,26,14,9,27,29,10,13,13,,9,33,19,36,23,23,38,36,15,19,73,20,7,35,34,28,3,53,33,6,39,17,23,21,24,40,27,14,32,19,25,22,12,18,12,8,18,11,14,4,24,11,25,20,17,19,17,18,19,10,6,29,10,14,8,15,16,29,29,36,41,42,30,52,36,32,19,19,23,18,25,20,22,22,18,11,15,19,11,31,15,13,16,18,14,41,29,38,24,29,29,17,23,28,38,9,,3,10,16,19,9,29,23,20,,19,25,23,7,67,36,27,47,24,65,19,55,20,9,3,6,10,26,,3,7,35,31,26,50,43,28,49,51,44,,37,,52,,39,42,17,23,19,20,3,25,22,32,32,26,8,15,16,45,32,51,45,16,3,3,14,41,,,,48,,
20260404,8,PM2.5_24h,32,39,26,61,62,21,41,13,28,47,47,30,23,23,12,37,38,96,42,29,20,28,21,50,21,33,23,24,30,24,37,23,53,14,12,33,20,28,24,15,15,17,14,16,28,14,18,10,27,29,28,25,19,24,27,25,24,26,24,27,27,22,33,22,20,33,16,17,6,34,45,38,47,19,13,18,15,14,43,38,41,56,17,46,27,20,38,31,23,30,42,23,28,38,31,31,14,43,31,25,14,26,24,21,24,34,53,29,27,13,15,32,31,22,54,38,37,34,49,95,74,111,33,25,27,14,30,20,21,35,25,32,20,17,18,10,14,18,25,21,17,34,27,16,12,24,38,23,20,12,36,39,31,29,36,39,24,29,9,33,,,,,,,,,,,,,,,,,,,,,,,,,,,,,,16,20,22,24,21,22,37,18,32,14,62,10,12,12,,17,43,40,37,33,59,49,36,23,21,53,34,27,82,28,36,9,35,59,14,51,8,27,24,15,30,24,7,34,14,19,23,13,16,21,12,12,8,10,22,16,11,11,11,13,8,11,9,12,25,25,15,23,24,15,25,19,22,27,22,21,20,21,22,28,17,24,9,17,11,15,10,13,11,13,33,24,26,26,41,36,19,31,21,37,39,22,26,21,28,25,19,21,25,30,9,,7,8,11,19,11,24,26,22,,18,31,19,8,53,43,28,39,36,63,23,52,12,10,7,5,7,23,,4,5,39,41,27,45,47,31,71,44,51,,46,,55,,30,31,20,20,22,25,4,25,49,53,40,28,10,19,17,50,40,61,50,14,10,3,12,24,,,,30,,
20260404,8,PM10,92,101,43,83,44,55,125,20,36,158,91,106,76,50,30,42,29,41,73,60,39,45,53,70,103,49,53,56,37,68,72,55,58,11,22,15,11,27,31,7,35,26,29,20,43,34,22,34,65,52,54,46,32,16,39,33,17,37,26,20,23,18,25,26,41,86,42,36,15,171,165,142,104,51,28,30,47,46,40,29,21,30,18,74,62,95,31,41,121,31,25,88,79,54,39,21,20,25,50,38,11,34,13,31,9,39,12,49,45,85,56,68,65,60,47,44,40,41,27,53,147,29,54,40,34,29,82,48,60,75,77,99,38,27,26,23,24,26,29,26,26,91,48,41,24,67,110,55,36,35,183,101,61,105,144,56,66,70,28,58,,,,,,,,,,,,,,,,,,,,,,,,,,,,,,99,81,20,75,83,47,97,43,73,86,46,16,62,27,,16,121,24,38,30,32,51,47,23,28,48,33,24,40,44,26,17,,34,31,50,41,65,55,85,57,34,19,37,60,82,42,93,24,19,12,13,16,17,9,31,23,33,27,23,24,25,27,30,55,51,75,69,106,111,73,102,52,137,64,51,68,65,65,,54,49,18,,,105,39,24,30,23,24,20,31,24,45,28,20,24,27,20,83,65,47,64,84,41,41,64,52,77,22,,16,14,17,33,25,45,31,37,,27,31,30,16,101,42,41,70,28,85,25,78,29,21,12,14,25,35,,7,11,97,81,80,188,144,99,142,135,126,,136,,147,,78,136,38,46,53,64,20,45,88,97,124,79,32,37,73,127,110,192,163,52,30,6,34,106,,,,59,,
20260404,8,PM10_24h,69,99,113,132,97,72,117,71,82,115,117,109,86,96,30,65,62,114,57,34,36,32,27,73,59,50,35,48,33,30,53,27,61,22,19,37,25,35,29,21,20,25,20,25,53,20,22,14,81,51,145,36,29,38,41,37,35,35,39,39,43,32,48,32,36,76,33,32,13,199,144,95,211,56,21,26,62,99,75,67,40,53,18,83,110,92,89,78,76,66,82,67,78,68,58,75,21,60,44,45,18,41,32,35,35,45,66,46,43,59,78,132,169,95,85,57,58,57,47,121,102,144,50,33,39,23,168,75,68,153,132,182,31,24,31,20,19,35,46,36,27,73,42,31,21,52,93,51,31,25,207,207,197,145,219,199,90,164,40,114,,,,,,,,,,,,,,,,,,,,,,,,,,,,,,45,50,29,162,121,128,191,73,184,63,89,23,42,50,,86,184,45,45,55,49,67,53,47,44,62,39,61,116,41,46,20,41,81,34,60,20,50,39,49,42,29,15,43,33,45,23,49,23,25,17,16,14,14,25,22,18,20,14,20,21,22,21,21,78,111,63,73,82,56,57,84,43,105,42,39,38,39,37,46,31,60,18,21,18,36,17,26,24,18,50,44,47,41,58,48,34,44,41,56,112,59,40,52,81,42,49,58,47,62,29,,18,20,20,23,24,35,34,31,,26,46,39,16,95,56,44,53,51,83,31,70,18,19,18,23,20,36,,12,13,120,217,71,197,189,93,216,140,182,,216,,158,,86,102,48,49,55,54,17,90,269,238,181,86,31,45,89,144,132,200,240,59,50,11,39,67,,,,44,,
20260404,8,SO2,4,9,5,18,7,4,3,4,2,7,5,6,4,7,9,8,6,7,9,6,6,7,4,11,10,6,8,7,6,9,8,8,8,6,5,6,7,6,5,6,6,8,6,4,6,5,3,7,5,7,5,8,5,7,6,4,7,5,7,4,5,10,5,6,9,5,8,4,12,5,6,14,22,8,5,10,13,6,7,7,6,23,3,8,8,5,7,9,9,5,3,3,4,6,4,6,8,7,8,7,7,6,6,5,6,9,5,10,5,7,30,13,6,17,17,12,9,7,7,7,12,4,9,8,8,7,10,4,12,11,7,11,6,6,6,8,10,6,8,16,4,7,9,10,13,7,4,6,13,5,6,2,2,5,5,3,15,21,5,10,,,,,,,,,,,,,,,,,,,,,,,,,,,,,,5,3,6,4,11,8,11,8,15,46,6,5,10,9,,6,8,7,7,9,11,4,5,7,6,2,4,6,6,10,7,4,6,6,6,7,14,7,9,8,10,8,5,7,6,6,5,7,3,5,3,4,3,5,4,14,5,3,33,3,7,11,6,22,7,9,4,6,6,6,5,4,7,6,10,11,6,4,9,5,4,7,7,7,5,6,5,5,7,4,7,6,3,9,7,9,5,4,15,5,6,10,8,4,8,7,5,6,8,9,5,,6,6,5,13,4,12,5,3,,4,6,6,7,7,11,6,12,22,10,6,5,7,6,5,10,7,8,,8,6,7,16,27,6,14,13,11,5,9,,5,,10,,4,9,8,10,10,13,6,13,7,9,5,4,7,7,2,4,6,4,23,6,5,7,9,9,,,,7,,
20260404,8,SO2_24h,4,8,4,10,8,5,4,3,3,4,6,5,6,5,7,9,7,7,9,5,6,5,4,9,10,6,5,6,5,9,7,7,6,6,5,5,6,5,5,6,6,5,4,5,6,4,2,7,6,7,4,7,5,5,5,4,7,4,6,4,5,8,5,7,8,5,6,4,6,4,7,9,10,7,4,6,8,5,9,7,6,12,3,14,9,6,12,10,10,6,7,5,7,9,5,8,7,7,8,7,7,6,6,5,6,8,6,8,4,5,8,11,5,7,11,8,10,8,7,8,8,10,8,7,8,6,10,4,8,10,7,12,6,7,7,11,9,7,7,9,4,7,7,11,7,7,4,6,8,7,4,2,2,6,7,8,14,11,5,10,,,,,,,,,,,,,,,,,,,,,,,,,,,,,,5,2,4,4,5,10,9,6,7,22,6,6,9,5,,5,8,7,7,10,8,6,7,10,8,2,5,8,8,9,6,5,5,9,7,6,8,6,8,6,8,5,4,8,6,5,5,6,3,5,3,8,3,4,4,8,6,3,8,4,6,10,7,14,7,10,4,5,6,6,4,4,8,6,11,8,5,4,5,6,4,7,6,7,5,6,5,5,5,4,10,7,4,9,10,10,6,5,8,6,9,9,7,4,8,7,5,6,8,9,5,,6,9,6,13,4,10,9,3,,5,6,6,8,7,8,6,8,9,9,6,6,6,6,6,9,8,7,,8,6,6,6,6,8,16,12,9,5,7,,3,,8,,4,10,7,10,10,14,7,13,6,9,4,5,8,7,4,5,13,4,6,7,6,5,10,9,,,,7,,
20260404,8,NO2,25,26,21,25,22,20,20,13,25,28,24,19,23,38,28,17,11,25,31,24,24,22,25,20,24,21,23,19,36,28,19,24,15,18,17,29,21,14,18,24,11,16,14,22,28,22,25,24,15,18,16,33,21,18,23,11,20,35,28,29,14,22,13,14,30,37,20,27,18,37,40,15,42,22,19,20,59,34,13,16,17,22,15,12,16,20,13,14,17,13,8,14,12,16,14,11,12,23,14,12,11,12,15,13,12,15,17,19,15,18,33,31,21,46,24,19,14,13,17,16,36,13,24,26,16,31,37,18,24,22,15,21,19,27,24,15,11,19,10,16,13,30,21,18,16,19,36,33,17,15,30,21,23,19,37,7,30,34,6,18,,,,,,,,,,,,,,,,,,,,,,,,,,,,,,16,22,25,24,41,29,37,34,32,32,29,8,19,28,,7,15,23,16,7,24,16,11,12,14,22,27,11,14,15,26,6,24,11,14,18,20,24,22,16,18,27,11,12,16,26,23,14,17,10,14,11,11,9,20,17,12,19,17,13,18,16,18,20,23,22,23,22,18,19,20,14,19,24,25,25,18,14,31,14,23,14,12,12,17,11,16,13,17,7,15,10,10,13,16,11,11,7,15,9,36,32,30,28,43,22,24,8,21,27,6,,19,8,10,10,11,17,10,13,,8,6,9,18,24,13,23,12,9,13,18,28,13,12,6,7,10,23,,3,11,18,55,11,22,26,30,29,29,31,,20,,24,,28,15,4,2,7,4,34,1,30,31,39,13,9,26,8,19,2,37,13,32,7,4,10,45,,,,12,,
20260404,8,NO2_24h,20,19,12,21,22,13,18,10,13,16,15,14,11,18,19,15,14,27,24,21,20,23,21,24,20,25,24,18,31,19,23,14,22,25,22,42,26,20,20,22,19,24,15,26,25,29,29,25,15,12,12,21,24,22,14,5,16,10,15,21,17,16,13,11,22,33,13,18,12,31,21,11,24,28,18,21,29,17,16,13,14,19,27,18,16,14,18,16,16,15,14,12,11,21,12,16,18,31,14,11,16,9,14,4,22,28,37,15,14,15,16,17,15,28,23,16,16,13,17,25,31,27,17,28,21,25,20,12,18,15,11,18,21,19,13,17,14,17,8,15,9,32,19,14,16,17,35,25,14,15,24,16,21,14,31,6,13,16,11,19,,,,,,,,,,,,,,,,,,,,,,,,,,,,,,9,10,29,15,16,16,19,18,20,19,17,9,11,17,,7,6,16,11,8,19,15,10,12,12,13,20,14,17,12,12,6,13,15,13,19,8,22,16,14,24,23,9,17,12,14,15,9,20,13,17,16,11,13,38,19,12,16,15,17,18,14,12,17,12,13,16,13,14,15,11,10,15,14,14,17,14,10,12,9,18,9,12,15,9,12,17,15,20,10,23,9,11,12,21,13,16,11,9,10,33,27,21,30,33,20,28,10,21,22,5,,17,9,9,8,20,12,11,15,,8,7,10,9,15,11,14,8,9,15,10,21,8,9,10,3,11,17,,5,4,22,35,14,15,21,27,10,15,20,,11,,18,,16,6,2,2,8,2,15,4,16,23,18,18,11,25,12,36,13,38,18,14,11,5,14,21,,,,7,,
20260404,8,O3,45,53,55,52,58,63,53,52,35,37,56,63,59,27,34,67,75,54,43,52,43,53,58,72,56,35,47,45,36,27,61,57,64,41,77,28,30,64,57,38,84,41,50,11,31,28,20,25,77,64,71,24,18,43,15,31,42,10,30,24,40,41,42,51,18,10,21,35,47,25,33,45,25,53,19,23,19,41,69,68,57,72,30,80,71,73,71,80,71,83,80,75,77,76,79,84,23,31,31,38,34,32,42,36,49,44,41,28,46,63,28,42,38,32,45,59,68,59,72,57,51,70,51,30,39,38,39,56,57,50,69,45,14,29,39,9,4,23,56,33,35,12,27,46,30,29,16,7,27,68,39,45,15,30,20,107,69,21,84,72,,,,,,,,,,,,,,,,,,,,,,,,,,,,,,63,47,21,50,18,36,37,28,26,45,40,68,41,38,,72,81,57,60,63,48,61,64,75,68,45,44,81,59,53,41,65,50,67,47,69,45,57,53,68,48,37,26,60,52,47,27,51,42,45,31,27,20,36,27,34,17,30,39,35,24,28,22,36,52,60,62,62,62,66,53,65,18,34,16,21,41,30,23,29,16,11,15,8,17,16,18,9,7,5,33,51,44,50,29,48,32,30,38,52,8,16,28,4,4,9,4,32,7,14,13,,17,51,74,48,12,19,59,12,,18,64,70,57,55,49,29,80,89,48,63,22,22,39,59,51,54,28,,88,40,38,9,21,33,52,30,39,31,36,,79,,31,,21,54,53,76,79,46,29,110,23,22,45,72,87,38,53,51,85,17,52,38,47,84,58,3,,,,47,,
20260404,8,O3_24h,45,53,55,52,58,63,53,52,35,37,56,63,59,27,34,67,75,54,43,52,43,53,58,72,56,35,47,45,36,27,61,57,64,41,77,28,30,64,57,38,84,41,50,11,31,28,20,25,77,64,71,24,18,43,15,31,42,10,30,24,40,41,42,51,18,10,21,35,47,25,33,45,25,53,19,23,19,41,69,68,57,72,30,80,71,73,71,80,71,83,80,75,77,76,79,84,23,31,31,38,34,32,42,36,49,44,41,28,46,63,28,42,38,32,45,59,68,59,72,57,51,70,51,30,39,38,39,56,57,50,69,45,14,29,39,9,4,23,56,33,35,12,27,46,30,29,16,7,27,68,39,45,15,30,20,107,69,21,84,72,,,,,,,,,,,,,,,,,,,,,,,,,,,,,,63,47,21,50,18,36,37,28,26,45,40,68,41,38,,72,81,57,60,63,48,61,64,75,68,45,44,81,59,53,41,65,50,67,47,69,45,57,53,68,48,37,26,60,52,47,27,51,42,45,31,27,20,36,27,34,17,30,39,35,24,28,22,36,52,60,62,62,62,66,53,65,18,34,16,21,41,30,23,29,16,11,15,8,17,16,18,9,7,5,33,51,44,50,29,48,32,30,38,52,8,16,28,4,4,9,4,32,7,14,13,,17,51,74,48,12,19,59,12,,18,64,70,57,55,49,29,80,89,48,63,22,22,39,59,51,54,28,,88,40,38,9,21,33,52,30,39,31,36,,79,,31,,21,54,53,76,79,46,29,110,23,22,45,72,87,38,53,51,85,17,52,38,47,84,58,3,,,,47,,
20260404,8,O3_8h,56,55,63,42,73,64,52,58,46,56,57,63,61,40,26,70,77,59,42,64,55,60,70,70,67,32,49,49,32,48,51,86,69,43,73,15,35,63,61,38,72,49,52,5,35,23,29,21,75,74,75,31,14,39,32,45,38,31,30,22,28,40,48,56,23,16,36,36,59,21,44,73,26,45,25,25,19,53,74,76,60,75,28,72,71,76,76,79,73,77,73,65,82,78,80,81,19,13,38,41,29,37,52,51,45,17,18,17,52,62,26,50,44,28,45,63,68,62,73,62,40,64,47,24,44,50,53,61,62,65,76,48,18,47,60,11,6,31,40,27,40,13,39,60,39,44,17,25,29,65,30,48,17,40,23,108,81,34,84,79,,,,,,,,,,,,,,,,,,,,,,,,,,,,,,69,62,15,57,18,44,43,40,27,45,57,62,48,36,,70,95,65,67,64,51,57,68,84,82,51,48,84,61,53,61,56,61,72,42,61,43,59,49,82,46,37,31,68,47,64,35,69,47,44,33,30,22,32,10,36,16,46,49,33,35,36,34,52,59,72,69,69,73,56,64,72,28,48,24,37,44,55,41,42,31,22,17,6,38,13,17,7,7,7,40,51,56,53,19,56,29,25,46,76,15,15,35,6,4,13,5,39,8,13,24,,21,60,77,62,11,29,69,18,,22,76,66,81,76,61,42,94,89,58,74,41,33,60,67,72,49,38,,89,53,30,3,27,40,48,36,64,47,43,,83,,43,,30,77,71,92,58,55,49,117,26,15,60,73,96,28,58,27,71,5,39,75,39,98,60,23,,,,59,,
20260404,8,O3_8h_24h,56,55,63,42,73,64,52,58,46,56,57,63,61,40,26,70,77,59,42,64,55,60,70,70,67,32,49,49,32,48,51,86,69,43,73,15,35,63,61,38,72,49,52,5,35,23,29,21,75,74,75,31,14,39,32,45,38,31,30,22,28,40,48,56,23,16,36,36,59,21,44,73,26,45,25,25,19,53,74,76,60,75,28,72,71,76,74,79,73,77,73,65,82,78,80,81,19,13,38,41,29,37,52,51,45,17,18,17,52,62,26,50,44,28,45,63,68,62,73,62,40,64,47,24,44,50,53,61,62,65,76,48,18,47,60,11,6,31,40,27,40,13,39,60,39,44,17,25,29,65,30,48,17,40,23,108,81,34,84,79,,,,,,,,,,,,,,,,,,,,,,,,,,,,,,69,62,15,57,18,44,43,40,27,45,57,62,48,36,,70,93,65,67,64,51,57,68,84,82,51,48,84,61,53,61,56,61,72,42,61,43,59,49,82,46,37,31,68,47,64,35,69,47,44,33,30,22,32,10,36,16,46,49,33,35,36,34,52,62,72,69,69,73,56,64,72,28,48,24,37,44,55,41,42,31,22,17,6,38,13,17,7,7,7,40,51,56,53,19,56,29,25,46,76,15,15,35,6,4,13,5,39,8,13,24,,21,60,77,62,11,29,69,18,,22,76,66,81,76,61,42,94,89,58,74,41,33,60,67,72,49,38,,89,53,30,3,27,40,48,36,64,47,43,,83,,43,,30,77,71,92,58,55,49,117,26,15,60,73,96,28,58,27,71,5,39,75,39,98,60,23,,,,59,,
20260404,8,CO,0.53,0.81,0.28,0.72,0.35,0.38,0.49,0.33,0.35,0.80,0.45,0.43,0.38,0.53,0.44,0.51,0.42,0.51,0.71,0.73,0.60,0.83,0.77,0.96,0.46,0.64,0.96,0.73,0.62,0.82,0.64,0.66,0.45,0.62,0.54,0.63,0.54,0.78,0.68,0.63,0.65,0.87,0.60,0.70,0.60,0.60,0.67,0.80,0.53,0.63,0.34,0.62,0.70,0.69,0.57,0.50,0.63,0.50,0.50,0.77,0.60,0.57,0.53,0.38,0.61,0.71,0.57,0.62,0.28,0.40,0.60,0.60,0.58,0.44,0.75,0.65,0.94,0.36,0.66,0.60,0.37,0.55,0.73,0.31,0.56,0.67,0.25,0.43,0.62,0.35,0.30,0.55,0.45,0.66,0.50,0.43,0.70,0.90,0.60,0.70,0.75,0.70,0.55,0.70,0.65,0.60,0.80,0.60,0.47,0.40,0.79,0.65,0.50,0.50,0.54,1.04,0.57,0.60,0.48,0.73,0.86,0.40,0.38,1.05,0.53,0.64,0.48,0.23,0.60,0.57,0.32,0.38,0.50,0.70,0.73,1.00,0.55,0.87,0.75,0.70,0.60,0.70,0.75,0.72,0.70,0.73,0.73,0.50,0.50,0.63,0.50,0.40,0.40,0.34,0.40,0.50,0.57,0.82,0.44,0.25,,,,,,,,,,,,,,,,,,,,,,,,,,,,,,0.35,0.20,0.75,0.40,0.53,0.30,0.98,0.53,0.37,1.17,0.70,0.20,0.65,0.72,,0.30,0.60,0.53,0.53,0.35,0.87,0.53,0.50,0.50,0.90,0.70,0.30,0.60,0.15,0.50,0.43,0.28,0.50,0.50,0.45,0.45,0.30,0.45,0.44,0.45,0.80,0.60,0.50,0.50,0.40,0.33,0.45,0.13,0.75,0.40,0.73,1.03,0.55,0.75,0.70,0.73,0.63,0.50,0.55,0.72,0.85,0.72,1.10,0.75,0.50,0.43,0.35,0.25,0.36,0.40,0.30,0.20,0.70,0.40,0.68,0.57,0.60,0.60,0.37,0.70,0.83,0.55,1.20,0.80,1.20,0.65,0.77,0.40,0.95,0.45,0.45,0.63,0.60,0.67,0.77,0.55,0.67,0.60,0.75,0.70,0.83,0.75,0.63,0.85,1.05,0.85,0.45,0.35,0.75,0.65,0.20,,0.20,0.40,0.40,0.57,0.70,0.75,0.45,0.60,,0.70,0.30,0.30,0.50,0.85,0.55,0.50,0.50,0.40,0.60,0.50,0.80,0.50,0.45,0.30,0.35,0.40,1.10,,0.40,0.45,0.50,0.87,0.40,0.40,0.65,0.40,0.60,0.50,0.60,,0.25,,0.60,,0.60,0.60,0.30,0.20,0.10,0.40,0.60,0.30,0.43,0.50,0.45,0.45,,0.80,0.20,0.45,0.10,0.45,0.30,0.60,1.10,,0.30,0.75,,,,0.70,,
20260404,8,CO_24h,0.42,0.61,0.28,0.74,0.55,0.35,0.33,0.27,0.30,0.43,0.35,0.27,0.45,0.33,0.32,0.68,0.54,0.79,0.62,0.61,0.60,0.81,0.62,0.79,0.40,0.62,0.83,0.63,0.60,0.73,0.66,0.56,0.60,0.61,0.59,0.63,0.53,0.83,0.70,0.57,0.60,0.63,0.50,0.60,0.64,0.53,0.53,0.63,0.49,0.57,0.39,0.56,0.63,0.65,0.55,0.50,0.53,0.35,0.37,0.63,0.63,0.53,0.59,0.40,0.54,0.62,0.47,0.50,0.27,0.37,0.43,0.50,0.34,0.39,0.48,0.52,0.44,0.26,0.70,0.63,0.50,0.65,0.70,0.46,0.50,0.50,0.54,0.47,0.58,0.47,0.53,0.53,0.37,0.78,0.50,0.62,0.80,1.02,0.63,0.63,0.80,0.60,0.55,0.53,0.65,0.80,1.00,0.55,0.43,0.30,0.57,0.45,0.40,0.40,0.66,0.96,0.70,0.78,0.62,1.05,0.72,0.83,0.33,0.67,0.60,0.62,0.40,0.23,0.55,0.43,0.30,0.33,0.47,0.53,0.60,0.90,0.55,0.87,0.63,0.76,0.50,0.68,0.70,0.80,0.67,0.53,0.63,0.40,0.55,0.53,0.47,0.30,0.35,0.30,0.35,0.40,0.60,0.54,0.46,0.30,,,,,,,,,,,,,,,,,,,,,,,,,,,,,,0.33,0.30,0.80,0.37,0.27,0.30,0.43,0.37,0.33,0.47,0.70,0.30,0.40,0.33,,0.30,0.50,0.60,0.63,0.55,0.77,0.57,0.60,0.60,0.90,0.25,0.30,0.40,0.50,0.37,0.37,0.30,0.40,0.57,0.40,0.40,0.25,0.47,0.44,0.35,0.63,0.57,0.55,0.50,0.42,0.30,0.35,0.17,0.72,0.37,0.67,1.13,0.55,0.75,0.80,0.70,0.67,0.50,0.55,0.72,0.80,0.65,0.98,0.65,0.47,0.42,0.30,0.35,0.38,0.45,0.33,0.23,0.78,0.40,0.58,0.57,0.45,0.50,0.33,0.70,0.67,0.45,0.95,0.85,0.90,0.70,0.77,0.40,0.75,0.45,0.60,0.57,0.60,0.67,0.73,0.70,0.70,0.70,0.75,0.70,0.70,0.65,0.50,0.68,0.80,0.75,0.40,0.35,0.65,0.55,0.20,,0.20,0.50,0.43,0.53,0.70,0.55,0.45,0.60,,0.65,0.30,0.30,0.45,0.70,0.50,0.50,0.40,0.40,0.70,0.40,0.60,0.30,0.50,0.30,0.25,0.35,0.90,,0.35,0.40,0.50,0.40,0.50,0.40,0.40,0.35,0.30,0.35,0.30,,0.20,,0.60,,0.40,0.50,0.30,0.20,0.30,0.40,0.30,0.30,0.30,0.40,0.30,0.50,0.10,0.30,0.25,0.70,0.25,0.65,0.50,0.40,0.50,0.10,0.40,0.50,,,,0.60,,
20260404,9,AQI,80,76,64,58,37,61,94,25,38,129,63,72,70,50,37,44,32,63,88,60,40,47,55,57,83,54,50,53,51,57,73,65,55,19,26,15,15,23,27,20,36,28,33,16,40,17,29,51,49,42,54,51,36,16,38,41,16,35,23,20,16,16,21,29,42,68,43,43,18,104,107,96,81,52,36,31,44,47,44,26,27,40,18,57,56,73,25,37,80,31,27,64,62,41,39,28,24,23,50,48,15,34,14,34,16,19,24,54,63,78,57,60,61,56,47,50,47,41,33,70,113,25,45,42,39,29,64,56,61,47,61,70,44,36,28,27,30,27,39,33,32,67,51,40,24,59,81,54,40,33,105,78,54,77,114,60,55,63,35,66,,,,,,,,,,,,,,,,,,,,,,,,,,,,,,68,69,19,51,60,53,75,47,61,70,54,21,59,26,,24,102,33,47,34,42,54,56,29,36,103,31,27,54,30,53,23,78,47,40,37,33,64,57,73,55,40,20,47,66,72,55,71,23,20,14,23,13,27,14,34,43,30,33,41,26,33,26,30,53,50,71,58,75,78,68,80,53,96,58,52,56,54,63,40,59,47,40,31,30,70,37,31,41,31,30,25,33,27,36,21,24,20,47,21,69,65,50,60,71,47,51,56,51,59,20,,27,16,22,30,30,44,32,40,,39,50,32,21,85,65,58,74,40,86,27,73,28,29,17,19,33,54,,28,13,72,63,64,118,102,71,90,92,104,,105,,101,,64,97,42,48,56,40,34,37,70,83,91,67,36,39,62,88,82,106,120,56,37,24,33,77,,,,76,,
20260404,9,PM2.5,45,48,23,34,21,23,70,10,13,98,45,38,37,11,10,28,22,45,65,43,24,33,37,35,31,37,24,26,36,40,32,47,29,7,13,9,8,15,19,3,25,19,23,10,17,5,19,32,21,23,10,27,25,8,25,29,8,24,15,13,10,8,15,19,24,43,28,30,8,35,48,49,26,17,25,22,24,7,31,17,19,23,10,21,36,42,11,19,27,14,3,24,34,19,23,4,15,16,35,28,3,19,7,24,3,3,11,27,45,30,19,14,16,11,22,35,33,29,21,51,85,11,22,27,27,15,10,20,14,10,8,12,28,25,14,13,19,19,27,23,16,37,30,23,13,42,56,31,28,23,35,30,20,27,28,3,15,24,7,25,,,,,,,,,,,,,,,,,,,,,,,,,,,,,,20,13,13,3,11,10,5,13,10,26,36,8,13,12,,5,36,17,33,24,24,38,40,20,25,77,21,11,38,19,37,3,57,33,11,26,14,30,21,28,35,28,12,33,16,24,21,13,16,10,7,16,9,19,6,20,30,21,23,18,18,23,17,21,10,6,23,8,16,12,21,17,37,26,35,32,35,38,45,28,34,30,28,22,21,30,26,22,27,22,8,16,21,15,24,14,13,14,16,15,50,43,35,30,31,29,19,23,29,41,14,,3,11,14,18,21,31,21,28,,27,35,19,7,63,47,41,54,28,64,19,53,18,20,3,6,11,36,,7,6,36,26,28,52,43,29,51,50,46,,43,,53,,31,43,18,19,25,26,8,22,18,48,36,32,6,5,17,38,35,46,49,13,3,3,12,38,,,,56,,
20260404,9,PM2.5_24h,30,38,23,59,59,21,39,11,26,46,46,31,21,21,11,36,36,87,40,29,20,28,21,48,20,33,23,25,30,25,34,23,49,13,11,31,19,27,23,13,14,17,15,15,27,14,18,11,26,28,28,25,20,24,27,25,23,26,24,26,27,21,32,22,20,33,16,18,6,34,46,38,44,19,14,19,15,13,42,36,39,53,17,42,27,20,37,30,21,29,38,22,27,36,30,28,14,43,31,25,14,26,23,20,23,34,52,29,27,12,11,31,29,21,51,37,36,34,46,86,74,107,30,25,27,14,30,21,21,34,25,31,20,17,17,9,14,17,25,20,17,34,27,16,12,25,39,24,20,13,36,39,30,30,36,37,24,23,9,33,,,,,,,,,,,,,,,,,,,,,,,,,,,,,,17,20,21,22,15,20,35,16,31,15,60,10,13,11,,16,36,37,36,32,53,48,35,21,21,51,33,26,78,29,35,9,36,55,14,49,8,26,24,15,31,24,6,32,15,18,23,12,16,21,12,12,8,10,21,16,12,11,11,13,8,12,9,12,24,25,16,23,24,14,24,20,22,28,22,21,21,21,23,28,18,24,10,16,12,15,11,14,13,14,32,24,26,25,41,35,18,29,21,36,40,23,26,20,26,26,17,22,25,31,9,,7,8,11,18,11,25,26,23,,18,31,19,8,54,42,28,40,35,63,23,52,13,10,6,5,6,21,,4,5,40,35,27,46,46,31,70,44,49,,46,,57,,28,32,20,20,22,24,4,24,42,49,39,27,10,18,17,51,40,61,50,14,9,3,12,24,,,,32,,
20260404,9,PM10,109,102,77,66,37,72,121,25,38,157,69,93,90,50,37,44,32,52,68,52,40,41,60,63,116,58,50,55,42,64,96,69,60,11,20,11,9,21,27,6,31,28,30,16,40,15,29,52,49,42,58,52,30,16,38,34,16,35,23,20,16,14,21,29,42,86,43,41,18,158,164,142,111,54,32,30,44,47,40,26,26,40,18,63,62,95,23,37,109,31,25,78,73,41,39,22,24,17,43,48,13,34,11,33,9,12,24,57,49,105,64,69,72,61,47,41,47,39,33,53,131,25,45,42,34,29,77,61,71,47,71,90,44,33,28,27,30,27,33,31,32,83,51,40,24,63,111,58,37,32,160,106,58,103,178,70,60,76,35,82,,,,,,,,,,,,,,,,,,,,,,,,,,,,,,86,88,16,51,69,55,99,47,71,90,57,12,67,26,,16,153,33,45,31,42,48,51,24,30,84,31,27,37,30,47,15,,37,40,36,33,77,64,96,59,38,20,39,82,93,60,92,23,20,14,,12,21,14,34,28,30,29,41,25,26,26,30,55,50,92,65,99,106,85,109,54,141,65,53,61,56,68,,67,47,31,,,90,36,28,41,25,30,25,33,27,36,21,24,14,47,21,88,79,43,69,92,47,52,62,52,67,18,,27,16,17,30,,33,32,35,,31,37,32,20,117,,41,69,30,80,25,74,28,28,17,19,33,57,,8,12,94,76,78,185,154,92,129,133,158,,159,,152,,77,144,42,48,62,40,34,37,90,116,132,83,36,39,73,126,113,161,190,61,37,6,33,104,,,,70,,
20260404,9,PM10_24h,66,98,109,131,94,73,114,67,80,115,117,110,85,95,27,63,60,102,54,33,36,32,27,71,60,51,36,49,34,30,52,27,59,21,18,36,24,34,28,18,19,25,20,24,52,20,22,14,79,49,146,37,30,37,41,36,34,35,38,38,42,32,47,33,37,79,33,32,13,203,146,98,194,56,22,27,49,76,72,64,39,52,18,79,109,92,86,77,75,64,77,67,77,66,56,71,21,60,45,45,17,41,31,35,33,45,66,46,43,61,60,133,168,94,83,55,56,54,45,109,103,138,48,33,38,23,168,76,69,152,133,183,31,24,30,20,19,34,45,35,27,74,42,31,21,53,96,52,31,25,212,209,197,146,226,187,89,127,40,114,,,,,,,,,,,,,,,,,,,,,,,,,,,,,,47,53,28,161,102,124,192,71,184,62,85,23,42,42,,69,149,42,43,52,43,64,50,42,41,61,38,58,108,41,45,20,40,75,33,58,20,50,39,51,43,29,15,42,35,45,25,51,22,24,17,16,14,14,25,23,19,21,15,21,21,22,21,22,78,111,65,75,85,59,57,87,43,109,43,40,39,40,39,45,32,60,19,23,17,39,18,26,24,18,49,43,47,40,58,46,34,41,42,54,114,60,41,53,82,43,48,60,48,64,29,,18,20,20,23,24,35,34,32,,27,46,39,16,96,54,44,54,49,83,31,70,19,19,18,23,20,32,,11,13,123,190,72,199,185,95,213,137,173,,213,,162,,80,105,46,49,55,52,18,88,236,221,175,85,30,44,90,145,133,201,240,59,49,11,39,69,,,,45,,
20260404,9,SO2,4,9,3,14,7,4,3,4,2,5,6,7,6,11,12,8,5,8,9,6,6,7,4,11,10,6,8,8,6,9,8,9,8,6,5,6,6,6,5,6,6,7,6,5,6,4,4,8,5,7,4,8,6,7,6,6,8,5,7,4,5,10,5,6,9,6,10,5,12,6,7,15,19,7,5,12,12,7,7,6,6,19,3,8,9,5,7,10,10,5,3,3,4,6,4,5,9,7,6,11,7,6,6,5,6,4,6,10,5,6,41,14,6,15,16,9,9,7,10,8,9,4,8,9,11,8,11,3,10,15,6,13,6,6,7,9,10,6,9,22,4,7,11,10,14,7,4,7,18,6,8,3,2,6,10,3,12,29,5,10,,,,,,,,,,,,,,,,,,,,,,,,,,,,,,6,4,8,5,8,24,8,10,15,51,9,5,8,13,,6,9,7,7,9,13,5,5,7,6,2,6,6,6,10,7,4,6,7,9,7,8,9,9,8,10,7,4,7,7,7,5,7,3,5,3,7,3,7,5,15,11,3,31,4,7,15,6,20,6,9,4,6,6,6,5,6,11,7,11,10,7,4,18,5,6,7,10,10,8,7,5,6,16,5,8,6,4,9,6,9,5,5,10,4,17,11,9,5,8,8,6,7,9,11,5,,6,7,5,13,4,13,5,4,,5,6,6,8,7,14,6,10,21,10,6,6,7,6,5,9,7,10,,8,6,7,20,13,6,19,14,11,6,10,,8,,10,,7,10,6,10,12,16,17,13,8,10,5,6,7,7,3,4,6,5,28,6,6,8,10,8,,,,8,,
20260404,9,SO2_24h,4,7,4,10,8,5,4,3,3,4,5,5,6,4,7,9,7,7,9,5,6,5,4,9,10,6,5,6,5,9,7,7,6,6,5,5,6,5,5,6,6,5,4,5,6,4,2,7,6,7,4,7,5,5,5,4,7,4,6,4,5,9,5,7,8,5,7,4,6,4,7,9,10,7,4,6,8,5,9,7,6,13,3,13,8,6,13,9,9,6,6,4,6,9,5,8,7,7,8,7,7,6,6,5,6,8,6,8,4,5,10,12,5,7,10,8,10,8,7,8,8,9,7,7,8,6,9,4,8,10,7,13,6,7,7,11,9,7,7,10,4,7,8,11,8,7,4,6,9,6,4,2,2,6,7,8,15,12,5,10,,,,,,,,,,,,,,,,,,,,,,,,,,,,,,5,2,4,4,5,10,8,6,7,24,6,6,9,5,,5,8,7,7,10,8,6,6,9,8,2,5,8,7,9,6,4,5,8,7,6,8,6,8,6,8,5,4,8,6,5,5,6,3,5,3,8,3,4,4,8,7,3,8,4,6,10,7,14,7,10,4,5,6,6,4,4,8,6,11,9,6,4,6,6,4,7,6,7,5,6,5,5,5,4,10,7,4,9,10,10,6,5,9,6,8,9,7,4,8,7,5,6,8,9,5,,6,9,6,13,4,10,8,3,,5,6,6,8,7,8,6,8,10,9,6,6,7,6,6,9,8,7,,8,6,6,6,7,8,17,12,9,5,7,,4,,8,,4,10,7,10,10,13,6,13,6,9,5,5,8,7,4,5,13,4,7,7,6,5,10,9,,,,7,,
20260404,9,NO2,21,22,20,18,23,14,15,14,20,20,15,16,24,29,24,14,11,24,29,21,18,19,23,19,20,16,20,16,27,21,16,21,10,15,15,25,15,12,14,15,11,15,13,20,22,15,27,25,13,16,13,26,19,19,24,14,21,32,28,24,11,18,14,12,27,38,19,23,24,31,34,30,30,24,16,17,35,24,13,15,14,16,15,12,15,20,10,12,13,13,7,13,13,14,14,9,12,16,14,17,9,12,14,11,16,3,15,22,20,15,33,24,19,41,20,15,13,10,14,16,27,11,18,20,17,28,29,13,20,13,11,16,20,22,25,15,15,20,12,20,13,29,21,18,15,18,34,31,17,12,24,25,23,17,22,13,34,32,10,50,,,,,,,,,,,,,,,,,,,,,,,,,,,,,,14,19,22,12,28,24,12,30,29,29,28,9,12,23,,7,14,19,14,5,21,12,13,13,12,26,15,11,16,8,23,4,18,12,14,13,10,22,18,17,16,24,6,9,14,20,16,14,16,10,15,10,9,9,24,19,18,19,17,14,18,15,12,20,16,17,22,18,16,17,18,13,20,22,24,22,20,15,36,12,23,16,12,10,23,10,16,11,20,8,9,11,11,13,15,10,14,10,15,10,39,32,24,29,42,16,24,8,19,22,6,,17,10,13,10,13,14,10,9,,9,9,9,15,33,13,20,13,10,14,11,24,13,16,10,10,14,21,,3,9,18,38,15,20,28,26,34,38,41,,35,,29,,31,20,5,3,16,7,41,2,25,31,47,28,11,29,10,23,7,38,18,37,10,9,19,43,,,,12,,
20260404,9,NO2_24h,19,19,12,21,21,13,16,9,13,15,15,14,11,18,20,15,13,25,24,21,20,23,21,24,19,23,24,18,31,19,22,14,20,24,22,42,25,19,20,21,18,24,14,26,25,29,29,25,15,13,12,21,24,22,14,6,17,11,16,21,17,16,12,11,23,33,14,18,12,31,22,11,25,28,18,21,30,17,16,12,14,19,26,17,16,14,17,16,15,15,13,11,10,20,12,15,18,31,14,11,16,9,15,5,22,27,37,16,13,15,17,17,15,29,21,16,15,13,16,24,31,26,17,28,21,25,21,12,18,14,11,17,21,19,13,17,13,17,9,15,9,32,19,14,16,17,35,25,14,15,24,16,21,14,31,6,14,17,10,19,,,,,,,,,,,,,,,,,,,,,,,,,,,,,,9,11,29,14,17,15,19,18,20,20,17,9,11,17,,7,7,16,12,8,17,15,10,11,11,13,20,13,16,12,12,6,14,14,13,18,8,20,16,13,24,23,9,15,12,13,15,9,19,12,17,16,11,12,38,19,12,15,15,16,18,14,12,17,12,13,16,14,14,15,11,10,15,14,14,17,14,10,14,9,18,9,12,16,10,12,17,15,20,10,23,9,11,12,21,13,16,11,9,9,33,28,21,30,34,20,27,10,21,22,5,,16,9,9,8,19,12,10,14,,9,7,10,9,15,10,14,8,9,14,9,20,8,9,10,3,11,16,,5,4,22,36,14,15,21,27,11,16,21,,12,,19,,16,7,2,2,8,2,15,3,17,24,19,18,9,25,12,36,13,38,18,15,11,5,14,21,,,,7,,
20260404,9,O3,56,64,60,70,62,76,67,56,51,55,72,74,64,46,48,76,77,61,57,62,54,64,64,78,71,61,57,54,55,54,66,63,82,62,84,47,48,75,68,65,88,50,59,33,50,54,22,28,85,77,78,42,23,43,18,34,43,23,34,30,49,52,41,51,29,19,34,48,43,33,42,31,45,50,24,32,47,64,73,75,67,82,37,84,78,81,81,88,86,84,85,82,81,80,83,89,29,47,72,33,48,36,45,38,50,62,46,24,45,78,41,60,46,44,56,73,78,67,79,64,67,74,63,44,48,43,57,70,69,72,79,58,18,38,41,15,9,25,49,27,46,25,38,49,35,41,19,15,36,71,49,47,22,38,53,98,61,37,79,36,,,,,,,,,,,,,,,,,,,,,,,,,,,,,,76,55,33,79,50,50,81,41,34,52,51,68,61,56,,77,89,67,72,71,55,72,62,75,76,49,65,87,59,74,48,72,73,71,60,78,58,66,68,66,54,44,44,67,68,62,47,56,56,54,40,37,42,42,37,40,21,37,45,38,32,39,46,49,68,68,71,70,67,71,64,65,47,40,25,41,48,42,37,40,38,11,21,11,30,18,21,17,12,12,36,48,43,51,33,51,32,34,38,52,11,33,45,10,8,28,7,31,13,26,22,,22,52,70,57,20,44,63,24,,19,62,81,66,54,51,42,81,86,52,73,24,23,40,54,42,51,31,,88,40,37,37,20,37,56,40,44,22,25,,57,,29,,28,58,65,75,77,54,21,107,37,30,38,62,88,36,49,53,78,16,50,33,43,77,51,6,,,,35,,
20260404,9,O3_24h,56,64,60,70,62,76,67,56,51,55,72,74,64,46,48,76,77,61,57,62,54,64,64,78,71,61,57,54,55,54,66,63,82,62,84,47,48,75,68,65,88,50,59,33,50,54,22,28,85,77,78,42,23,43,18,34,43,23,34,30,49,52,41,51,29,19,34,48,43,33,42,31,45,50,24,32,47,64,73,75,67,82,37,84,78,81,81,88,86,84,85,82,81,80,83,89,29,47,72,33,48,36,45,38,50,62,46,24,45,78,41,60,46,44,56,73,78,67,79,64,67,74,63,44,48,43,57,70,69,72,79,58,18,38,41,15,9,25,49,27,46,25,38,49,35,41,19,15,36,71,49,47,22,38,53,98,61,37,79,36,,,,,,,,,,,,,,,,,,,,,,,,,,,,,,76,55,33,79,50,50,81,41,34,52,51,68,61,56,,77,89,67,72,71,55,72,62,75,76,49,65,87,59,74,48,72,73,71,60,78,58,66,68,66,54,44,44,67,68,62,47,56,56,54,40,37,42,42,37,40,21,37,45,38,32,39,46,49,68,68,71,70,67,71,64,65,47,40,25,41,48,42,37,40,38,11,21,11,30,18,21,17,12,12,36,48,43,51,33,51,32,34,38,52,11,33,45,10,8,28,7,31,13,26,22,,22,52,70,57,20,44,63,24,,19,62,81,66,54,51,42,81,86,52,73,24,23,40,54,42,51,31,,88,40,37,37,20,37,56,40,44,22,25,,57,,29,,28,58,65,75,77,54,21,107,37,30,38,62,88,36,49,53,78,16,50,33,43,77,51,6,,,,35,,
20260404,9,O3_8h,57,55,63,45,73,65,52,58,46,56,57,63,61,41,28,70,78,59,44,64,55,60,70,70,67,34,50,50,36,48,56,86,70,45,76,19,36,64,63,42,76,49,53,9,35,27,30,23,77,74,75,31,16,42,32,45,39,31,30,23,31,45,48,56,24,16,36,38,59,23,44,73,26,47,25,26,23,54,74,76,60,76,28,73,72,92,76,80,73,77,75,67,82,79,80,82,21,17,41,42,30,37,52,51,46,24,23,20,52,62,27,50,44,29,45,64,69,62,73,63,43,64,49,25,45,50,53,62,62,65,76,48,18,47,60,11,7,31,42,28,41,33,39,60,39,45,18,25,30,66,32,48,19,40,66,108,81,34,85,79,,,,,,,,,,,,,,,,,,,,,,,,,,,,,,69,62,18,57,21,44,45,40,29,47,57,62,50,38,,71,93,65,67,64,51,58,68,84,82,51,48,84,62,54,61,57,61,72,46,62,44,60,51,82,48,38,32,68,48,64,35,69,48,45,33,30,24,33,15,36,17,46,49,35,36,36,34,52,59,72,69,69,73,61,64,72,29,48,24,37,44,55,41,42,31,22,17,6,38,14,17,7,8,7,40,52,57,54,20,56,30,27,46,76,15,18,37,7,4,15,5,39,8,14,24,,21,60,77,62,11,31,69,20,,22,76,67,81,76,61,42,94,89,58,74,41,33,60,67,72,50,38,,89,53,30,7,27,40,51,37,64,47,43,,83,,43,,31,77,71,92,61,55,49,117,28,16,60,74,96,29,58,33,75,7,41,75,41,98,60,23,,,,59,,
20260404,9,O3_8h_24h,54,54,60,45,71,65,51,57,44,54,57,63,60,39,28,70,78,57,43,63,53,60,69,69,65,34,50,50,36,47,56,81,70,45,76,19,36,64,63,42,76,48,53,9,34,27,27,23,77,72,75,29,16,41,28,43,39,27,29,22,31,45,45,55,23,15,34,37,57,22,42,65,25,47,23,25,22,54,74,70,60,76,28,72,72,77,74,80,73,76,75,67,82,76,77,82,21,17,41,40,30,37,50,49,45,24,23,20,51,62,27,48,42,28,45,64,69,62,73,63,43,64,49,24,44,47,50,62,61,65,76,46,17,45,57,10,7,28,41,27,41,12,39,57,37,45,17,23,29,65,32,47,19,39,24,107,77,33,84,79,,,,,,,,,,,,,,,,,,,,,,,,,,,,,,69,61,18,56,20,43,45,39,29,47,55,62,50,38,,71,92,62,67,64,48,57,68,78,77,50,48,82,61,54,57,57,61,71,46,62,44,60,51,78,48,38,31,66,48,63,34,65,48,45,33,29,24,33,15,35,16,42,47,35,35,34,34,51,62,71,67,68,72,61,61,69,27,45,23,35,42,51,38,42,30,18,17,6,35,14,16,7,8,7,38,52,57,53,20,53,29,27,46,73,14,18,37,7,4,15,5,37,8,14,22,,20,59,75,60,11,31,67,19,,21,73,67,78,71,58,40,91,89,57,72,36,30,54,65,67,49,35,,89,50,30,7,25,39,51,37,61,46,40,,82,,40,,30,71,70,89,61,54,45,114,28,16,56,73,95,29,56,33,75,7,41,68,41,94,58,16,,,,53,,
20260404,9,CO,0.58,0.83,0.34,0.71,0.35,0.40,0.49,0.33,0.30,0.80,0.43,0.40,0.40,0.58,0.40,0.51,0.43,0.54,0.79,0.71,0.61,0.82,0.75,0.83,0.46,0.64,0.96,0.80,0.60,0.80,0.56,0.80,0.42,0.57,0.51,0.57,0.49,0.75,0.63,0.50,0.60,0.87,0.60,0.65,0.56,0.53,0.72,1.25,0.50,0.54,0.34,0.57,0.76,0.74,0.59,0.57,0.63,0.55,0.53,0.77,0.63,0.57,0.54,0.40,0.61,0.71,0.63,0.62,0.33,0.43,0.60,1.15,0.54,0.42,0.85,0.72,0.61,0.34,0.62,0.55,0.37,0.50,0.67,0.31,0.52,0.65,0.25,0.42,0.60,0.33,0.26,0.47,0.50,0.58,0.45,0.42,0.80,0.82,0.70,0.70,0.75,0.70,0.55,0.73,0.65,0.50,0.83,0.60,0.50,0.40,0.79,0.62,0.60,0.52,0.48,0.74,0.62,0.58,0.52,0.80,0.70,0.43,0.32,0.77,0.77,0.66,0.44,0.25,0.58,0.43,0.32,0.35,0.50,0.67,0.75,1.05,0.55,0.87,0.77,0.73,0.55,0.63,0.80,0.78,0.73,0.70,0.70,0.50,0.60,0.63,0.57,0.40,0.45,0.38,0.40,0.50,0.57,0.90,0.46,0.35,,,,,,,,,,,,,,,,,,,,,,,,,,,,,,0.30,0.20,0.85,0.37,0.37,0.45,0.40,0.60,0.40,1.07,0.70,0.20,0.50,0.65,,0.30,0.55,0.55,0.50,0.35,1.07,0.50,0.50,0.50,0.85,0.45,0.25,0.57,0.15,0.30,0.43,0.28,0.45,0.47,0.45,0.40,0.25,0.47,0.42,0.40,0.80,0.60,0.55,0.45,0.40,0.37,0.43,0.17,0.65,0.33,0.73,1.23,0.60,0.75,0.65,0.80,0.93,0.50,0.65,0.70,0.80,0.80,0.98,0.75,0.48,0.40,0.45,0.28,0.36,0.38,0.37,0.20,0.97,0.43,0.68,0.57,0.68,0.70,0.47,0.70,0.80,0.55,1.37,0.90,1.30,0.65,0.80,0.40,1.35,0.55,0.40,0.63,0.60,0.67,0.77,0.55,0.67,0.70,0.75,0.70,1.03,0.75,0.60,0.90,1.15,0.72,0.50,0.35,0.80,0.60,0.30,,0.30,0.45,0.45,0.57,0.70,0.70,0.35,0.55,,0.70,0.35,0.30,0.50,0.85,0.55,0.60,0.60,0.40,0.65,0.50,0.90,0.55,0.65,0.30,0.35,0.40,0.90,,0.40,0.45,0.47,0.63,0.40,0.40,0.80,0.40,0.70,0.65,0.60,,0.40,,0.65,,0.60,0.70,0.40,0.30,0.60,0.70,0.80,0.30,0.47,0.75,0.55,0.55,,0.80,0.20,0.50,0.15,0.60,0.35,0.50,0.80,0.10,0.35,0.80,,,,0.70,,
20260404,9,CO_24h,0.41,0.60,0.24,0.73,0.55,0.35,0.31,0.23,0.30,0.43,0.35,0.27,0.45,0.32,0.32,0.66,0.53,0.75,0.62,0.62,0.59,0.81,0.62,0.79,0.40,0.62,0.84,0.63,0.60,0.72,0.66,0.56,0.57,0.61,0.56,0.63,0.53,0.83,0.70,0.53,0.60,0.67,0.50,0.60,0.61,0.53,0.53,0.68,0.48,0.56,0.39,0.56,0.63,0.65,0.55,0.50,0.53,0.35,0.37,0.63,0.63,0.53,0.59,0.40,0.55,0.61,0.47,0.51,0.27,0.37,0.43,0.55,0.38,0.40,0.50,0.53,0.46,0.26,0.70,0.63,0.50,0.65,0.70,0.41,0.48,0.50,0.50,0.47,0.58,0.47,0.50,0.50,0.37,0.76,0.50,0.60,0.77,1.02,0.63,0.63,0.75,0.60,0.55,0.53,0.65,0.80,1.03,0.60,0.43,0.30,0.57,0.45,0.40,0.38,0.60,0.96,0.68,0.76,0.60,1.00,0.72,0.83,0.33,0.68,0.60,0.62,0.40,0.20,0.55,0.43,0.30,0.33,0.47,0.53,0.60,0.93,0.55,0.83,0.63,0.74,0.50,0.68,0.70,0.80,0.67,0.53,0.63,0.40,0.55,0.53,0.47,0.30,0.35,0.30,0.35,0.40,0.60,0.60,0.46,0.30,,,,,,,,,,,,,,,,,,,,,,,,,,,,,,0.30,0.30,0.85,0.37,0.27,0.25,0.43,0.37,0.33,0.50,0.67,0.20,0.40,0.35,,0.30,0.50,0.60,0.63,0.55,0.73,0.57,0.60,0.55,0.90,0.25,0.30,0.40,0.47,0.37,0.37,0.30,0.40,0.57,0.40,0.40,0.25,0.47,0.42,0.35,0.63,0.57,0.55,0.50,0.40,0.23,0.35,0.17,0.72,0.37,0.70,1.20,0.55,0.75,0.80,0.70,0.63,0.47,0.55,0.72,0.80,0.67,0.98,0.65,0.47,0.42,0.30,0.35,0.38,0.45,0.33,0.23,0.78,0.40,0.58,0.57,0.45,0.50,0.33,0.70,0.70,0.45,0.95,0.85,0.90,0.70,0.77,0.40,0.80,0.45,0.55,0.57,0.60,0.67,0.73,0.70,0.70,0.70,0.75,0.70,0.70,0.65,0.50,0.70,0.85,0.75,0.40,0.35,0.65,0.60,0.20,,0.20,0.50,0.40,0.53,0.70,0.55,0.45,0.60,,0.65,0.30,0.30,0.45,0.70,0.50,0.50,0.40,0.40,0.65,0.40,0.60,0.30,0.50,0.30,0.25,0.35,0.90,,0.35,0.40,0.50,0.40,0.50,0.35,0.45,0.35,0.30,0.35,0.30,,0.20,,0.60,,0.40,0.50,0.30,0.20,0.30,0.40,0.40,0.30,0.33,0.40,0.35,0.50,0.10,0.40,0.25,0.70,0.25,0.65,0.50,0.40,0.50,0.10,0.40,0.50,,,,0.60,,
20260404,10,AQI,84,73,67,54,43,62,87,27,28,114,58,67,70,54,40,44,33,50,68,55,53,50,57,51,81,56,52,55,51,57,78,67,55,23,29,22,23,27,26,26,34,27,29,17,42,24,24,50,41,38,51,50,36,17,38,46,19,35,23,22,16,18,21,29,39,73,38,45,19,105,123,97,84,51,33,27,44,55,41,25,35,37,18,43,54,65,45,40,76,34,28,60,55,34,33,29,21,21,53,39,18,16,16,36,17,26,21,57,49,78,59,59,63,55,45,53,46,41,35,74,84,30,34,45,43,30,59,64,62,55,58,65,52,42,26,23,29,28,34,32,34,67,51,38,22,48,90,47,41,39,100,80,61,84,101,60,39,72,44,92,,,,,,,,,,,,,,,,,,,,,,,,,,,,,,69,72,17,47,48,64,68,43,58,69,53,22,60,32,,24,111,31,52,43,42,47,58,33,32,90,31,32,50,26,51,25,73,36,37,27,50,66,61,77,56,42,22,50,72,78,50,70,26,25,25,18,21,26,22,46,50,35,37,41,25,27,30,27,54,48,72,55,69,79,77,77,58,101,61,54,69,60,70,31,62,44,46,36,31,58,40,28,40,36,23,27,33,20,34,26,24,25,28,24,80,56,40,63,75,53,52,55,47,58,14,,18,21,23,39,58,30,30,44,,29,47,56,26,90,60,49,66,41,83,38,99,32,31,19,28,23,54,,27,13,79,56,70,121,104,83,79,95,76,,97,,96,,57,108,37,46,42,43,40,42,73,94,87,75,36,44,59,93,93,120,164,57,68,24,37,73,,,,70,,
20260404,10,PM2.5,50,48,33,28,22,27,63,5,6,86,38,38,33,17,11,29,23,35,49,39,30,35,34,30,37,31,28,29,36,31,31,47,27,7,12,3,7,14,17,3,24,16,20,7,14,3,16,35,15,18,8,35,25,9,25,32,9,19,13,14,10,7,14,17,27,43,24,26,8,34,52,50,28,16,23,19,20,10,29,14,19,20,11,16,30,30,8,19,23,13,3,17,29,14,16,4,15,15,37,27,3,6,7,20,4,3,12,27,34,34,21,14,14,13,20,37,30,27,17,54,62,9,12,24,26,13,6,27,15,15,8,10,30,27,15,14,19,18,24,21,17,34,31,21,12,33,67,28,29,27,30,31,27,31,31,13,11,30,7,25,,,,,,,,,,,,,,,,,,,,,,,,,,,,,,22,9,9,3,14,25,6,16,7,23,37,7,11,8,,8,40,17,34,30,23,33,41,23,22,67,22,17,35,10,36,4,53,25,10,19,28,30,24,32,34,27,11,35,16,22,25,15,18,9,6,11,3,18,3,32,35,20,26,19,14,18,21,19,17,6,31,7,12,15,35,18,41,27,41,38,33,43,51,22,27,23,32,25,22,29,28,19,22,25,11,19,20,14,24,13,13,17,16,15,58,32,28,32,37,27,20,23,25,41,10,,3,15,9,27,18,21,19,31,,20,33,27,5,67,43,34,48,29,61,22,74,22,19,3,3,5,37,,3,5,35,19,33,54,38,29,41,33,39,,46,,52,,27,43,18,21,26,27,14,22,28,47,29,34,6,7,16,36,40,52,68,11,10,3,12,33,,,,51,,
20260404,10,PM2.5_24h,27,37,20,58,57,22,36,10,24,45,46,31,21,20,11,34,35,78,38,29,20,28,21,46,19,34,24,25,31,25,33,23,46,13,10,30,18,27,22,11,14,17,15,15,26,13,18,12,25,27,27,26,21,23,27,25,22,26,23,26,26,20,30,22,21,33,16,18,6,35,46,39,41,19,15,20,16,12,41,34,37,50,17,38,26,19,28,29,18,27,35,20,26,34,28,26,13,43,32,25,13,25,23,20,22,33,51,29,28,13,10,30,28,20,48,37,35,34,43,79,74,102,28,25,28,14,29,21,21,32,24,30,21,18,17,9,14,17,25,20,17,35,27,16,12,26,40,24,20,13,36,39,30,30,37,35,24,20,9,33,,,,,,,,,,,,,,,,,,,,,,,,,,,,,,17,20,21,21,11,18,34,15,28,16,55,10,12,11,,14,28,34,36,31,49,46,34,20,20,50,32,24,74,29,35,8,36,52,14,47,9,25,24,16,31,25,6,31,15,17,23,11,16,21,11,12,8,10,21,17,13,12,12,13,8,13,10,12,24,24,17,22,24,14,24,20,23,29,23,22,21,22,25,28,18,25,12,17,12,16,12,15,13,15,31,24,26,24,40,33,17,27,21,35,42,24,27,19,25,26,16,22,26,32,9,,7,8,11,18,12,25,26,24,,19,31,19,8,54,42,28,41,34,63,23,52,13,10,6,4,6,18,,4,5,40,27,27,48,46,31,68,44,48,,46,,58,,26,32,20,20,22,24,4,23,37,42,39,26,10,18,17,51,40,62,51,14,9,3,12,24,,,,34,,
20260404,10,PM10,117,96,84,57,43,74,123,27,28,142,65,84,89,58,40,44,32,47,62,48,55,44,64,52,111,62,54,59,49,63,106,83,59,12,20,8,10,19,24,8,28,27,27,16,42,10,24,46,41,38,51,49,32,17,38,40,19,35,23,22,16,15,21,29,38,96,38,45,19,160,195,144,117,52,29,25,44,60,41,23,35,37,18,43,57,79,45,40,101,34,23,69,59,34,33,18,21,21,42,39,12,,12,36,10,26,21,63,48,105,68,67,75,60,45,44,46,41,35,60,94,30,34,45,43,30,67,78,74,60,66,79,53,42,26,23,29,28,29,32,34,83,51,38,22,48,111,47,39,31,150,110,71,118,151,70,39,93,44,134,,,,,,,,,,,,,,,,,,,,,,,,,,,,,,88,93,14,47,48,77,86,43,66,88,48,17,69,32,,18,172,31,53,42,42,43,53,30,32,81,27,32,35,19,45,13,62,34,37,24,50,82,71,103,62,42,22,47,94,106,50,90,26,25,25,17,16,25,22,43,37,35,27,41,25,27,27,26,57,48,94,60,88,107,103,103,57,152,72,51,88,61,61,27,73,44,42,,,66,35,28,40,33,23,24,33,17,34,26,24,25,28,24,109,62,35,75,100,56,53,60,47,52,12,,18,20,20,28,65,19,30,37,,24,44,62,15,126,48,39,73,32,81,38,85,32,31,19,28,22,57,,11,12,108,61,89,191,158,115,108,139,101,,144,,141,,64,165,37,46,42,43,40,42,95,138,124,99,36,44,67,136,135,190,277,64,85,9,37,95,,,,70,,
20260404,10,PM10_24h,63,97,105,130,91,74,110,63,77,115,117,112,86,91,26,60,58,91,51,33,36,31,28,68,61,51,37,50,35,31,52,28,57,20,17,34,22,33,27,16,18,25,20,23,51,20,22,16,78,47,145,38,31,36,41,36,33,35,37,37,41,31,45,33,37,80,34,32,13,207,149,102,180,56,23,28,42,61,69,60,37,50,18,75,107,93,81,75,74,61,73,66,75,63,54,68,21,59,45,45,17,41,31,35,32,45,65,47,43,63,50,134,167,92,80,54,54,53,43,100,103,132,46,33,38,24,169,77,70,151,135,185,33,25,30,20,20,33,45,35,27,74,43,31,21,54,98,53,32,24,216,209,196,147,230,176,86,100,39,116,,,,,,,,,,,,,,,,,,,,,,,,,,,,,,49,55,28,160,77,123,194,65,180,62,78,23,43,37,,52,114,39,41,50,41,62,49,39,39,60,37,56,102,41,43,19,40,69,34,55,22,50,40,53,44,29,15,41,38,47,26,52,22,25,17,16,15,14,26,24,20,22,15,21,21,23,22,22,78,111,67,77,88,61,60,91,44,114,44,40,41,41,40,45,34,61,20,24,17,40,19,27,26,19,47,42,46,38,57,45,33,38,41,53,117,61,41,54,83,44,47,61,49,66,28,,18,20,19,23,25,35,33,33,,27,45,40,16,97,53,44,55,48,83,31,70,19,19,19,22,19,29,,11,13,126,140,74,202,180,98,203,134,167,,203,,166,,74,108,45,48,54,51,18,82,206,190,171,84,29,45,90,146,134,203,240,60,48,11,39,70,,,,47,,
20260404,10,SO2,5,9,3,10,7,4,4,5,18,6,7,7,6,21,12,8,6,8,11,5,6,7,4,9,9,6,6,7,5,10,7,7,8,6,5,6,6,6,6,6,5,7,7,5,6,4,5,7,5,7,3,9,6,7,6,8,9,6,8,5,6,9,7,7,10,7,10,6,14,7,14,35,14,9,9,12,11,8,7,6,6,15,3,8,9,5,6,9,10,5,3,3,6,6,4,5,8,7,5,7,7,6,6,5,6,4,6,12,6,5,26,15,6,12,15,10,9,7,8,8,7,5,7,9,16,7,10,3,9,14,7,16,6,6,8,9,10,6,10,17,4,8,13,13,12,8,5,9,26,6,10,3,3,5,13,3,13,35,5,10,,,,,,,,,,,,,,,,,,,,,,,,,,,,,,6,5,10,5,5,39,7,12,11,40,10,5,8,8,,6,9,7,7,11,14,6,5,7,5,2,7,6,6,9,8,4,6,7,6,5,9,9,10,9,10,7,4,8,8,7,6,7,4,5,3,6,6,7,5,11,27,4,31,4,11,17,6,18,6,8,4,6,6,6,4,6,18,7,11,11,6,5,13,7,5,7,14,9,8,10,5,8,21,5,9,6,4,9,6,9,5,6,11,5,43,13,9,6,10,8,7,7,9,11,5,,6,10,5,12,7,15,7,6,,6,7,6,8,7,14,7,8,15,10,8,7,7,6,5,10,8,15,,9,6,7,10,15,7,28,15,11,5,8,,6,,10,,7,13,5,10,14,16,20,12,9,11,5,6,8,8,3,5,7,6,20,7,7,6,10,9,,,,8,,
20260404,10,SO2_24h,4,7,4,10,8,5,4,3,4,4,5,5,6,5,7,9,7,7,8,5,6,5,4,9,9,6,6,6,5,9,7,7,6,6,5,5,6,5,5,6,6,6,4,5,6,4,2,7,6,7,4,7,5,5,5,5,7,4,6,4,5,8,5,7,8,5,7,4,7,4,7,10,10,7,4,6,8,6,9,7,6,13,3,12,8,5,9,9,9,6,6,4,6,8,5,7,7,7,8,7,7,6,6,5,6,7,6,8,4,5,11,12,5,7,9,9,10,8,7,8,8,9,7,7,9,6,9,4,8,9,7,13,6,7,7,11,9,7,8,10,4,7,8,11,8,7,4,7,10,6,4,2,2,6,7,8,15,13,5,10,,,,,,,,,,,,,,,,,,,,,,,,,,,,,,5,2,4,4,5,11,8,6,7,25,6,6,8,5,,5,8,7,7,10,8,6,6,8,8,2,5,7,7,9,6,4,5,8,7,6,8,6,8,6,8,5,4,8,6,5,5,6,3,5,3,9,3,4,4,8,7,3,9,4,6,10,6,15,7,10,4,5,6,6,4,4,9,7,11,9,6,4,6,6,4,7,7,7,5,6,5,5,5,4,10,7,4,9,10,10,6,5,9,6,9,9,7,4,8,7,5,6,8,9,5,,6,9,5,13,4,11,8,3,,5,6,6,8,7,8,6,7,10,9,6,6,7,6,6,9,8,6,,8,6,6,7,7,7,18,12,10,5,8,,4,,8,,4,11,6,10,11,13,6,13,6,9,5,5,8,7,4,5,12,4,8,7,6,5,10,9,,,,7,,
20260404,10,NO2,18,21,16,14,18,10,14,13,15,16,12,14,15,31,24,14,11,20,26,18,17,19,16,20,18,13,17,13,18,15,13,16,10,12,13,15,10,11,12,14,11,12,11,16,14,10,26,24,13,15,11,22,19,17,24,19,21,30,27,18,13,16,12,9,21,36,14,21,16,30,31,32,25,25,17,15,24,14,13,14,14,14,18,12,13,15,9,13,12,13,6,12,12,13,12,9,11,14,22,15,8,10,12,5,14,3,12,17,17,13,27,16,19,37,14,15,12,9,11,16,14,11,12,19,18,23,20,8,18,13,11,14,21,18,14,13,14,15,13,20,11,18,20,17,15,16,30,26,13,11,21,27,29,15,19,3,18,26,18,70,,,,,,,,,,,,,,,,,,,,,,,,,,,,,,11,17,20,9,10,26,8,26,26,23,22,9,12,10,,7,7,18,14,8,19,11,13,14,11,25,12,11,11,6,13,4,11,10,8,10,8,16,17,17,13,17,5,10,13,14,13,12,14,8,15,6,6,8,21,19,26,18,12,14,16,16,11,15,11,12,18,14,13,18,14,12,20,23,18,14,17,15,25,12,17,16,13,16,19,8,16,11,24,10,10,11,11,12,17,9,15,8,13,12,36,24,23,27,46,13,21,7,19,19,6,,17,17,10,8,15,9,9,10,,7,19,14,10,36,15,13,11,10,17,10,29,12,18,12,11,11,23,,6,12,16,24,18,17,15,27,5,18,12,,28,,24,,22,25,3,3,6,7,25,4,23,34,36,32,10,32,16,36,13,44,28,29,14,10,20,39,,,,14,,
20260404,10,NO2_24h,17,18,11,20,21,13,15,9,12,14,15,14,11,18,21,15,13,24,23,21,20,22,20,24,18,23,24,18,31,19,21,13,19,24,22,41,25,19,19,21,18,23,14,26,24,29,29,25,15,13,12,22,25,21,14,6,17,12,16,21,17,17,12,11,23,34,14,18,12,31,22,12,26,27,18,21,31,18,15,12,14,18,26,16,16,14,14,15,14,15,13,11,10,20,12,14,17,31,15,11,15,9,15,5,21,27,37,16,14,15,18,17,15,30,19,16,15,13,16,22,31,24,17,28,21,25,21,12,18,14,11,17,21,19,13,17,13,16,9,16,9,32,19,13,16,17,35,26,14,15,24,16,21,14,31,6,14,18,10,21,,,,,,,,,,,,,,,,,,,,,,,,,,,,,,9,11,29,14,17,16,18,18,21,21,17,9,12,18,,7,7,16,12,8,17,14,10,10,9,14,20,12,15,12,12,6,14,13,13,18,8,19,15,13,23,23,9,14,12,13,14,9,18,12,17,15,11,12,38,18,13,15,15,16,17,14,12,17,12,13,16,14,14,15,11,10,15,15,15,17,14,11,14,9,18,9,12,16,10,12,17,15,20,9,22,10,12,11,21,12,15,11,10,10,33,28,21,30,35,20,27,10,21,23,5,,16,9,9,8,19,12,10,14,,9,7,10,9,15,10,14,9,8,14,9,21,7,9,10,3,11,15,,4,4,22,37,14,15,22,27,11,16,21,,12,,20,,17,8,2,2,8,2,16,3,18,25,21,18,8,25,12,36,13,38,18,15,11,6,14,21,,,,8,,
20260404,10,O3,69,74,70,78,72,91,81,73,69,75,84,84,81,54,56,82,81,73,71,82,71,72,78,89,85,85,71,72,82,84,77,72,88,75,94,69,72,85,83,83,95,66,71,54,74,77,37,33,90,85,86,57,30,49,27,34,47,35,37,42,48,57,47,60,50,42,63,67,55,40,58,42,54,53,37,50,63,91,81,79,75,88,43,90,86,95,87,93,96,86,88,90,91,87,88,93,31,64,84,38,58,52,50,54,53,70,59,30,70,89,67,82,54,55,74,83,84,76,88,72,86,76,77,50,62,58,75,87,77,77,81,73,29,48,64,27,25,32,42,27,56,54,56,68,52,64,46,43,60,73,57,53,27,49,61,115,85,51,78,18,,,,,,,,,,,,,,,,,,,,,,,,,,,,,,89,62,55,87,87,62,93,51,48,69,68,71,73,90,,76,101,74,84,79,67,78,68,77,77,65,72,94,68,83,77,79,92,81,74,85,71,87,80,71,64,57,65,79,75,75,56,63,74,70,53,58,68,54,53,60,30,53,64,44,43,50,61,65,82,81,89,77,77,72,76,68,70,50,61,70,60,59,64,57,71,16,28,20,42,24,24,29,21,34,35,52,43,58,35,59,34,52,48,60,26,49,71,34,25,51,18,38,37,49,,,31,53,75,65,37,72,68,39,,43,61,74,82,66,58,74,94,92,53,81,33,30,62,59,52,74,51,,86,40,51,65,22,49,77,52,100,69,83,,58,,41,,50,60,81,92,90,71,43,110,43,39,58,62,87,38,45,46,69,14,43,49,40,78,54,17,,,,31,,
20260404,10,O3_24h,69,74,70,78,72,91,81,73,69,75,84,84,81,54,56,82,81,73,71,82,71,72,78,89,85,85,71,72,82,84,77,72,88,75,94,69,72,85,83,83,95,66,71,54,74,77,37,33,90,85,86,57,30,49,27,34,47,35,37,42,48,57,47,60,50,42,63,67,55,40,58,42,54,53,37,50,63,91,81,79,75,88,43,90,86,95,87,93,96,86,88,90,91,87,88,93,31,64,84,38,58,52,50,54,53,70,59,30,70,89,67,82,54,55,74,83,84,76,88,72,86,76,77,50,62,58,75,87,77,77,81,73,29,48,64,27,25,32,42,27,56,54,56,68,52,64,46,43,60,73,57,53,27,49,61,115,85,51,78,18,,,,,,,,,,,,,,,,,,,,,,,,,,,,,,89,62,55,87,87,62,93,51,48,69,68,71,73,90,,76,101,74,84,79,67,78,68,77,77,65,72,94,68,83,77,79,92,81,74,85,71,87,80,71,64,57,65,79,75,75,56,63,74,70,53,58,68,54,53,60,30,53,64,44,43,50,61,65,82,81,89,77,77,72,76,68,70,50,61,70,60,59,64,57,71,16,28,20,42,24,24,29,21,34,35,52,43,58,35,59,34,52,48,60,26,49,71,34,25,51,18,38,37,49,,,31,53,75,65,37,72,68,39,,43,61,74,82,66,58,74,94,92,53,81,33,30,62,59,52,74,51,,86,40,51,65,22,49,77,52,100,69,83,,58,,41,,50,60,81,92,90,71,43,110,43,39,58,62,87,38,45,46,69,14,43,49,40,78,54,17,,,,31,,
20260404,10,O3_8h,57,56,63,49,73,68,53,59,46,56,60,65,61,42,32,71,79,59,46,68,56,61,72,71,67,40,52,53,44,50,59,86,72,48,80,26,39,66,66,48,79,49,54,15,37,34,30,25,79,74,76,31,17,43,32,45,41,31,31,25,35,48,48,56,26,18,37,41,59,26,46,73,27,50,26,28,28,58,75,76,62,78,30,74,73,94,77,81,74,78,76,71,83,79,80,83,22,25,46,42,33,38,52,51,47,32,31,23,53,65,32,51,44,32,47,67,71,64,74,64,46,65,52,27,46,50,53,65,62,66,76,51,18,47,60,12,8,31,43,29,43,37,41,60,39,48,21,25,32,68,37,49,20,40,68,108,81,35,86,79,,,,,,,,,,,,,,,,,,,,,,,,,,,,,,71,62,22,57,27,44,49,41,32,50,57,64,52,43,,73,97,65,69,65,51,59,68,84,82,52,49,84,62,57,61,59,64,72,48,65,47,64,54,82,51,41,34,68,50,64,36,69,51,48,34,31,28,35,21,38,18,46,50,36,37,36,36,52,63,72,69,69,73,65,64,72,32,48,25,37,45,55,41,44,33,22,18,8,38,15,18,10,9,10,40,53,59,54,23,56,30,31,46,76,17,23,41,9,7,20,7,39,12,18,24,,23,60,77,62,15,36,69,22,,23,76,67,81,76,61,45,94,90,58,74,41,33,60,67,72,51,38,,90,53,33,15,27,40,59,39,64,47,43,,83,,43,,33,77,71,92,67,57,49,117,30,20,60,74,96,33,58,37,77,8,41,75,42,98,60,23,,,,59,,
20260404,10,O3_8h_24h,54,55,60,49,70,68,52,58,46,54,60,65,61,39,32,71,79,58,46,64,54,61,71,69,65,40,52,53,44,50,59,76,72,48,80,26,39,66,66,48,79,49,54,15,37,34,27,25,79,72,76,31,17,42,26,40,41,25,29,25,35,48,44,56,25,18,36,41,55,25,43,60,27,49,23,27,28,58,75,64,62,78,30,74,73,80,75,81,74,77,76,71,83,76,76,83,22,25,46,40,33,38,48,49,46,32,31,23,52,65,32,50,42,31,47,67,71,64,74,64,46,65,52,27,45,46,51,65,62,65,75,49,17,44,57,12,8,28,42,28,43,16,40,57,37,48,20,24,32,66,37,48,20,39,25,107,78,34,84,72,,,,,,,,,,,,,,,,,,,,,,,,,,,,,,71,60,22,57,26,44,49,40,32,50,55,64,52,42,,73,97,62,69,65,48,59,67,73,71,51,49,81,62,57,58,59,64,72,48,65,47,64,54,76,51,41,34,67,50,62,34,62,51,48,34,31,28,35,21,38,18,41,49,36,35,34,36,51,63,72,69,67,72,65,60,68,30,45,25,37,41,49,38,44,33,17,17,8,34,15,17,10,9,10,37,53,59,53,23,53,29,31,45,68,15,23,41,9,7,20,6,36,12,18,20,,21,57,75,58,15,36,65,22,,23,69,67,77,68,58,45,89,90,56,73,33,28,51,63,63,51,37,,89,48,33,15,24,40,59,39,63,47,43,,79,,39,,33,67,70,89,67,57,43,111,30,20,55,72,93,33,52,37,77,8,41,63,42,90,56,11,,,,48,,
20260404,10,CO,0.62,0.78,0.40,0.56,0.30,0.43,0.49,0.33,0.35,0.70,0.40,0.38,0.45,0.93,0.40,0.51,0.47,0.47,0.71,0.65,0.62,0.82,0.72,0.75,0.42,0.60,0.89,0.74,0.62,0.65,0.52,0.68,0.38,0.53,0.50,0.50,0.45,0.72,0.57,0.43,0.60,0.80,0.50,0.55,0.54,0.45,0.68,1.12,0.47,0.50,0.34,0.54,0.78,0.70,0.63,0.57,0.63,0.55,0.57,0.77,0.63,0.60,0.54,0.38,0.60,0.63,0.57,0.65,0.33,0.42,0.70,1.50,0.50,0.47,1.07,0.73,0.49,0.32,0.66,0.55,0.30,0.50,0.70,0.27,0.52,0.60,0.22,0.40,0.58,0.30,0.24,0.42,0.52,0.54,0.40,0.43,0.77,0.80,0.80,0.70,0.75,0.70,0.55,0.63,0.65,0.50,0.83,0.60,0.50,0.40,0.64,0.60,0.55,0.48,0.62,0.70,0.53,0.47,0.42,0.77,0.46,0.43,0.23,0.77,1.10,0.66,0.36,0.28,0.58,0.37,0.33,0.30,0.47,0.63,0.70,1.02,0.55,0.83,0.78,0.81,0.55,0.57,0.78,0.82,0.63,0.63,0.73,0.35,0.57,0.67,0.53,0.45,0.55,0.36,0.40,0.40,0.53,1.14,0.52,0.45,,,,,,,,,,,,,,,,,,,,,,,,,,,,,,0.25,0.20,0.90,0.33,0.27,0.90,0.25,0.70,0.40,0.83,0.57,0.20,0.40,0.32,,0.30,0.50,0.53,0.50,0.35,1.13,0.47,0.50,0.45,0.80,0.25,0.20,0.50,0.15,0.23,0.57,0.28,0.40,0.47,0.35,0.30,0.35,0.43,0.44,0.40,0.77,0.60,0.45,0.45,0.40,0.37,0.45,0.17,0.63,0.33,0.73,0.87,0.50,0.75,0.55,0.90,1.63,1.10,0.55,0.68,0.85,1.00,0.93,0.65,0.47,0.40,0.45,0.28,0.34,0.40,0.43,0.20,1.03,0.47,0.56,0.53,0.63,0.60,0.43,0.70,0.73,0.60,1.42,0.95,1.30,0.65,0.83,0.40,1.35,0.55,0.45,0.67,0.63,0.67,0.77,0.50,0.67,0.60,0.85,0.70,1.33,0.70,0.50,0.80,1.05,0.70,0.43,0.35,0.80,0.65,0.30,,0.30,0.65,0.40,0.53,0.75,0.55,0.35,0.55,,0.70,0.45,0.30,0.45,0.90,0.55,0.60,0.60,0.40,0.65,0.45,0.90,0.50,0.55,0.40,0.35,0.35,1.00,,0.40,0.45,0.37,0.40,0.50,0.45,0.60,0.35,0.30,0.40,0.35,,0.40,,0.65,,0.50,0.70,0.40,0.30,0.20,0.70,0.70,0.40,0.50,0.65,0.50,0.60,,0.75,0.20,0.55,0.55,0.70,0.50,0.50,0.70,0.10,0.35,0.80,,,,0.70,,
20260404,10,CO_24h,0.38,0.61,0.24,0.73,0.55,0.35,0.29,0.23,0.30,0.43,0.35,0.27,0.45,0.33,0.32,0.64,0.53,0.71,0.60,0.62,0.59,0.81,0.63,0.79,0.40,0.62,0.87,0.64,0.58,0.72,0.62,0.56,0.55,0.61,0.56,0.63,0.53,0.83,0.68,0.53,0.60,0.67,0.50,0.60,0.60,0.55,0.57,0.68,0.47,0.56,0.39,0.56,0.64,0.65,0.55,0.50,0.53,0.35,0.40,0.67,0.63,0.53,0.59,0.40,0.54,0.61,0.47,0.51,0.27,0.35,0.47,0.55,0.40,0.40,0.55,0.57,0.47,0.26,0.70,0.63,0.50,0.63,0.70,0.41,0.48,0.50,0.35,0.47,0.56,0.43,0.45,0.47,0.37,0.76,0.50,0.60,0.73,1.02,0.63,0.63,0.75,0.60,0.55,0.53,0.65,0.80,1.03,0.60,0.43,0.30,0.59,0.43,0.35,0.36,0.58,0.96,0.68,0.76,0.58,0.95,0.72,0.83,0.33,0.68,0.67,0.62,0.39,0.23,0.57,0.40,0.30,0.33,0.47,0.53,0.63,0.93,0.55,0.83,0.63,0.74,0.50,0.68,0.70,0.80,0.67,0.57,0.63,0.40,0.55,0.53,0.47,0.30,0.35,0.30,0.35,0.40,0.60,0.62,0.44,0.30,,,,,,,,,,,,,,,,,,,,,,,,,,,,,,0.30,0.30,0.85,0.33,0.27,0.30,0.40,0.37,0.33,0.57,0.67,0.20,0.40,0.35,,0.30,0.50,0.55,0.53,0.55,0.77,0.57,0.50,0.50,0.90,0.25,0.30,0.40,0.40,0.37,0.37,0.28,0.40,0.57,0.40,0.40,0.25,0.42,0.42,0.35,0.67,0.57,0.55,0.50,0.40,0.23,0.35,0.17,0.72,0.37,0.70,1.20,0.55,0.75,0.80,0.70,0.67,0.50,0.55,0.72,0.80,0.70,0.98,0.65,0.47,0.42,0.30,0.32,0.38,0.45,0.33,0.23,0.80,0.40,0.58,0.57,0.45,0.50,0.33,0.70,0.70,0.45,0.98,0.85,0.90,0.70,0.77,0.40,0.80,0.45,0.55,0.60,0.60,0.67,0.73,0.70,0.70,0.70,0.75,0.70,0.70,0.65,0.50,0.70,0.85,0.75,0.40,0.35,0.70,0.60,0.20,,0.20,0.50,0.40,0.53,0.70,0.55,0.45,0.60,,0.65,0.30,0.30,0.45,0.70,0.50,0.50,0.40,0.40,0.65,0.40,0.60,0.30,0.50,0.30,0.25,0.35,0.90,,0.35,0.40,0.43,0.40,0.50,0.35,0.45,0.35,0.30,0.35,0.35,,0.20,,0.60,,0.40,0.50,0.30,0.20,0.30,0.40,0.40,0.30,0.33,0.40,0.35,0.45,0.10,0.40,0.25,0.70,0.25,0.65,0.50,0.40,0.50,0.10,0.35,0.50,,,,0.60,,
20260404,11,AQI,86,68,69,58,38,60,90,28,25,106,58,66,66,59,44,39,33,33,70,50,57,50,58,46,80,60,55,54,53,57,79,71,52,28,33,27,26,31,29,32,32,27,27,25,52,27,21,47,32,33,48,46,36,18,32,41,23,30,26,24,16,18,25,31,37,75,31,45,21,106,125,101,91,53,32,23,42,63,40,26,35,35,20,37,47,61,30,39,63,34,29,55,51,29,33,30,20,27,50,36,21,20,17,35,19,36,33,53,48,76,56,58,57,53,35,50,36,44,33,75,67,28,29,40,46,26,57,61,62,46,61,64,66,50,25,29,28,28,33,29,40,68,47,40,23,46,84,54,37,39,93,83,76,94,106,68,34,74,52,83,,,,,,,,,,,,,,,,,,,,,,,,,,,,,,69,72,26,51,37,69,72,38,56,72,44,23,60,36,,25,112,30,53,41,32,41,52,37,33,80,25,41,56,26,60,26,59,40,24,28,59,70,65,76,58,45,24,57,74,76,38,68,31,28,23,28,23,25,23,49,41,37,39,40,25,31,33,27,55,42,70,55,68,79,78,76,52,101,64,48,72,53,56,25,62,48,59,48,31,48,47,28,52,31,24,26,32,28,34,27,22,36,29,24,80,54,35,65,75,58,52,54,40,41,26,,17,24,24,39,19,27,28,41,,21,51,59,29,78,60,34,73,44,86,30,86,28,28,23,23,29,39,,29,15,82,57,79,125,101,78,64,73,77,,79,,92,,51,114,33,56,53,42,34,58,79,95,77,97,32,48,63,89,105,134,166,60,69,36,45,69,,,,75,,
20260404,11,PM2.5,55,44,32,29,21,25,67,4,10,80,41,37,25,17,15,25,23,23,51,35,28,35,29,24,39,26,27,27,31,25,31,49,24,8,12,3,8,14,15,5,19,11,19,3,17,3,14,33,10,15,7,32,24,9,22,29,10,18,16,16,11,7,13,19,25,40,19,26,4,30,52,46,37,16,20,16,23,13,28,16,21,18,6,12,25,25,7,19,20,13,3,14,26,11,15,4,14,12,35,25,3,8,11,19,3,3,12,24,28,37,14,12,13,12,8,35,19,27,17,55,47,12,13,22,27,12,7,20,18,7,9,10,25,35,13,17,14,19,23,16,17,32,28,27,11,24,57,29,26,27,27,24,28,33,33,14,9,34,9,12,,,,,,,,,,,,,,,,,,,,,,,,,,,,,,17,3,6,3,11,26,3,17,13,21,31,6,13,12,,3,43,17,31,27,14,25,30,26,23,59,15,23,40,4,43,4,42,28,3,15,41,24,24,31,38,27,10,27,17,27,24,16,21,11,5,9,3,14,3,34,29,26,27,19,17,21,23,17,16,10,27,9,13,12,33,15,36,21,30,31,25,17,40,10,18,22,42,20,22,23,33,14,22,22,16,16,18,11,20,11,14,14,15,16,56,31,21,30,35,26,18,22,20,29,13,,3,16,12,27,13,13,16,29,,15,28,31,5,52,43,24,53,31,64,20,64,17,8,5,3,3,20,,3,5,35,20,38,59,37,29,37,35,36,,39,,49,,17,40,19,22,17,22,3,22,29,27,26,37,7,11,16,27,60,64,43,11,3,3,13,34,,,,55,,
20260404,11,PM2.5_24h,24,36,19,57,54,22,34,10,22,44,46,32,21,18,12,33,33,71,36,29,20,28,21,43,19,34,24,26,32,26,31,23,43,12,11,28,17,26,21,10,13,17,15,14,25,12,18,13,24,25,27,26,22,22,27,25,21,25,23,25,26,20,30,22,21,33,16,19,6,35,47,39,38,19,16,20,16,11,40,33,35,47,17,34,26,19,22,28,16,26,33,19,25,31,27,23,13,42,32,25,13,25,22,20,20,32,50,29,28,14,10,30,26,17,45,37,34,33,40,75,73,97,27,26,28,14,29,22,21,30,24,30,22,18,17,10,15,16,25,19,17,34,28,17,12,27,40,25,20,14,37,39,29,31,38,34,24,19,9,33,,,,,,,,,,,,,,,,,,,,,,,,,,,,,,17,20,19,21,10,18,33,14,24,16,48,10,13,11,,13,24,31,35,30,45,45,32,19,19,50,31,23,70,28,35,8,36,49,15,45,11,24,24,16,32,25,6,31,15,17,23,11,16,21,11,12,8,10,20,18,13,13,12,13,9,13,11,12,24,23,18,22,24,14,24,20,23,30,23,23,22,23,26,27,19,25,13,17,12,16,13,15,14,15,30,23,25,23,40,31,16,25,20,34,43,25,27,18,24,27,15,22,26,33,9,,7,8,11,18,12,24,25,24,,19,30,19,8,54,42,28,42,33,63,23,53,14,10,6,4,6,18,,4,5,41,24,27,50,46,32,66,43,48,,45,,59,,25,32,19,19,22,23,4,23,32,36,39,27,10,18,17,51,41,63,52,14,9,3,12,24,,,,35,,
20260404,11,PM10,121,86,87,65,38,70,127,25,25,137,65,81,82,68,44,39,32,31,56,46,64,44,66,46,110,69,59,57,55,63,108,92,54,14,21,8,12,20,23,11,26,21,26,11,53,12,20,43,32,33,48,38,36,18,32,39,23,30,26,24,16,16,25,31,37,100,31,45,21,161,199,151,132,55,32,21,42,76,39,25,35,35,10,37,47,72,23,39,76,34,22,59,52,25,33,16,20,21,39,34,12,20,14,35,9,36,33,56,48,102,62,65,63,55,35,42,36,44,33,62,84,28,29,40,46,26,64,72,74,46,72,77,82,41,25,29,28,28,32,29,40,85,47,40,21,46,118,57,34,38,136,116,101,137,161,85,34,98,53,115,,,,,,,,,,,,,,,,,,,,,,,,,,,,,,87,93,9,51,37,87,94,38,61,93,43,15,69,36,,21,174,30,55,41,32,41,53,,30,68,22,41,,16,47,11,53,37,23,19,67,90,79,101,65,45,20,63,97,102,38,85,31,23,18,28,15,25,19,39,41,36,,40,25,31,31,27,59,42,89,60,86,107,105,102,54,152,78,48,93,56,48,20,74,48,54,48,,48,41,28,54,27,24,26,32,28,34,27,22,36,29,24,110,57,35,80,100,65,53,58,40,36,26,,11,24,24,,14,16,28,34,,14,52,68,24,105,54,30,79,36,83,30,83,28,28,17,23,15,39,,8,14,113,63,108,200,152,105,78,96,103,,107,,133,,51,178,33,61,56,42,34,66,108,140,104,143,32,48,75,127,159,217,281,70,88,36,45,88,,,,74,,
20260404,11,PM10_24h,60,96,104,128,88,76,108,56,74,115,116,112,87,88,26,58,56,82,48,34,37,32,29,65,63,52,38,51,37,32,53,30,56,18,18,33,21,32,26,15,18,24,20,23,51,19,22,17,76,46,146,38,31,35,40,36,32,35,36,36,40,30,44,33,37,82,33,32,14,210,152,105,163,56,24,28,38,52,66,57,35,47,18,71,106,93,78,73,72,57,69,66,74,59,51,64,20,59,45,45,17,40,29,35,30,45,64,47,43,65,45,134,165,88,77,53,52,52,41,95,102,125,45,34,39,24,171,77,71,151,136,186,36,25,29,21,20,31,44,34,28,75,44,31,21,55,100,54,32,25,216,201,191,148,231,168,83,84,39,117,,,,,,,,,,,,,,,,,,,,,,,,,,,,,,51,58,26,159,61,111,194,60,166,62,68,23,44,32,,37,93,37,40,45,40,60,48,37,37,58,36,54,95,40,42,19,40,65,35,53,24,52,42,56,46,30,15,41,41,49,26,53,23,25,17,17,14,14,25,24,21,23,15,21,21,24,22,22,79,110,68,78,90,63,63,94,44,120,46,41,44,42,41,43,36,61,22,25,16,41,20,28,27,20,45,41,46,37,57,43,32,36,40,52,119,63,42,56,85,47,47,63,50,66,29,,18,20,20,23,25,35,32,34,,27,45,41,16,97,53,43,57,47,83,31,70,20,19,19,22,18,27,,10,12,128,99,77,204,179,101,193,130,163,,190,,168,,68,113,44,48,53,50,19,80,177,154,168,85,29,44,90,146,134,204,241,62,50,12,39,70,,,,48,,
20260404,11,SO2,4,8,3,11,7,3,4,6,12,7,9,6,5,21,11,8,6,7,10,6,7,6,4,10,9,6,6,6,5,10,7,7,7,6,6,5,6,5,5,6,6,5,7,4,6,4,3,8,5,7,3,9,7,7,5,6,10,6,8,5,6,8,6,7,10,7,9,7,15,8,22,33,13,9,8,9,15,7,8,7,6,14,3,8,10,9,35,9,10,5,3,3,6,6,4,5,8,7,5,5,7,6,6,5,7,3,5,9,9,5,13,11,7,11,11,10,9,7,7,8,6,5,6,8,13,6,11,3,9,11,7,15,6,6,8,9,10,8,11,14,4,8,12,24,12,9,7,9,17,6,9,4,3,7,10,,33,63,6,10,,,,,,,,,,,,,,,,,,,,,,,,,,,,,,6,4,9,6,4,27,9,11,9,27,13,5,8,6,,7,9,7,7,10,10,5,6,7,8,1,7,6,6,9,8,4,7,8,6,5,10,8,10,9,10,8,4,8,8,7,6,7,5,5,3,6,6,6,6,10,25,9,11,3,11,14,7,16,5,8,4,6,7,6,4,6,17,10,10,14,7,5,7,7,4,7,14,11,8,11,5,7,15,5,7,7,5,9,7,9,5,5,12,5,46,12,8,6,11,9,7,7,9,12,,,6,12,5,12,4,13,7,8,,5,7,6,8,8,12,6,6,7,12,6,8,7,7,5,10,8,8,,9,6,6,5,13,8,24,15,10,6,8,,4,,8,,4,16,6,10,13,14,10,15,10,9,4,6,10,8,3,5,83,7,15,8,7,5,10,9,,,,7,,
20260404,11,SO2_24h,3,7,4,10,8,5,4,3,4,4,5,5,5,6,7,9,7,7,9,5,6,6,4,9,9,6,6,6,5,9,7,6,6,6,5,5,6,5,5,6,6,6,5,5,6,4,2,7,6,7,4,7,5,5,5,5,7,4,7,4,5,8,5,7,8,5,7,4,7,4,7,11,11,7,4,7,9,6,9,7,6,13,3,12,8,5,36,9,9,6,6,4,6,8,5,7,7,7,8,7,7,6,6,5,6,7,6,8,4,5,11,12,4,7,8,9,10,8,7,7,8,8,7,7,9,6,9,3,8,9,7,12,7,6,7,11,9,7,8,10,4,7,8,11,8,7,4,7,10,6,5,2,2,6,7,8,16,15,6,10,,,,,,,,,,,,,,,,,,,,,,,,,,,,,,5,2,5,4,5,11,8,7,7,26,7,6,8,5,,5,8,7,7,10,8,5,6,8,8,2,5,7,7,9,6,4,5,8,7,6,9,6,8,6,9,5,4,8,6,5,5,6,3,5,3,8,3,4,5,8,8,3,9,4,7,10,6,15,7,9,4,5,6,6,4,4,9,7,11,9,6,4,6,6,4,7,7,7,5,6,5,5,6,4,10,7,4,9,10,10,6,5,9,6,10,9,7,4,8,7,5,6,8,9,5,,6,9,5,13,4,11,7,3,,5,6,6,8,7,8,6,7,10,9,6,6,7,6,6,9,8,6,,8,6,6,7,7,7,19,12,10,5,8,,4,,8,,4,11,6,10,11,13,6,13,6,9,5,5,9,7,4,5,13,4,9,7,6,5,10,9,,,,7,,
20260404,11,NO2,17,19,14,18,15,8,14,10,12,14,15,14,9,28,21,13,11,15,25,16,15,18,12,19,17,12,16,13,14,12,11,13,10,11,12,11,9,9,12,11,10,8,10,10,12,9,17,23,12,14,12,19,17,16,22,22,20,31,29,16,14,16,10,8,17,27,10,18,15,29,25,22,25,24,16,14,20,10,13,13,13,13,8,12,12,14,8,14,11,13,7,10,12,12,11,8,10,11,19,14,5,11,9,5,11,2,10,17,14,12,19,11,16,27,9,15,10,8,10,15,11,10,8,15,14,22,17,7,18,13,10,12,22,16,9,13,14,13,12,12,6,14,17,14,15,11,26,19,10,11,22,16,23,17,18,3,10,24,12,36,,,,,,,,,,,,,,,,,,,,,,,,,,,,,,10,17,16,9,5,24,8,20,24,15,15,8,9,9,,7,6,15,14,5,13,11,10,12,12,26,11,10,10,6,9,3,9,11,6,8,9,12,12,17,15,12,5,10,12,13,8,11,13,7,11,7,6,6,15,14,25,22,7,12,15,16,7,9,8,10,16,13,13,16,11,11,13,17,12,11,10,12,7,8,13,14,13,14,23,8,18,10,20,9,11,10,10,13,14,7,15,4,8,8,34,20,17,27,39,13,22,7,10,14,6,,12,16,11,5,13,8,7,8,,4,17,10,9,15,13,8,9,9,17,6,24,8,13,10,8,6,14,,5,10,12,17,22,12,9,23,5,10,10,,22,,16,,8,16,2,4,3,5,16,12,21,12,8,22,7,23,15,30,14,51,22,22,11,6,26,33,,,,13,,
20260404,11,NO2_24h,16,18,11,19,20,13,15,9,12,14,15,14,11,19,22,15,12,23,23,21,20,22,20,23,18,22,24,18,31,19,21,13,18,23,22,40,24,19,19,20,18,21,14,26,24,28,28,25,15,13,12,22,25,21,15,7,17,13,17,21,17,17,11,12,23,34,14,19,13,32,23,12,27,27,18,21,32,18,15,13,14,17,25,15,16,14,11,15,14,14,12,11,10,19,12,13,17,31,15,11,15,9,14,5,20,26,36,16,14,15,18,17,15,30,18,16,15,13,15,21,31,23,17,28,21,24,21,12,18,13,11,17,21,19,12,17,13,16,9,16,9,32,19,13,16,17,35,26,14,15,24,17,22,14,32,6,14,19,10,21,,,,,,,,,,,,,,,,,,,,,,,,,,,,,,9,12,29,13,17,16,18,19,21,21,16,9,12,18,,7,7,15,12,8,17,14,9,10,9,15,19,11,15,11,12,6,13,13,13,17,9,18,15,13,23,23,9,13,12,13,14,9,18,12,16,15,10,12,37,18,13,15,14,16,17,14,12,17,12,13,16,14,14,15,11,11,15,15,15,16,14,11,14,9,18,9,12,16,11,12,17,15,20,9,21,10,12,11,21,12,15,10,10,9,33,29,22,30,36,20,27,9,21,23,5,,16,9,9,8,19,12,10,14,,9,7,10,9,15,10,14,9,8,14,9,21,7,9,10,4,10,15,,4,4,21,37,14,15,22,27,11,16,20,,13,,20,,17,8,2,2,8,3,16,3,19,26,21,19,7,25,12,36,13,38,18,15,11,6,14,22,,,,8,,
20260404,11,O3,81,85,83,82,77,100,94,89,78,94,93,92,98,72,66,88,87,86,82,98,93,87,92,96,94,102,91,93,102,96,90,83,96,88,104,87,84,98,94,102,103,87,86,80,92,87,67,39,94,92,90,70,39,55,31,34,54,37,38,52,51,59,62,66,71,72,88,90,66,46,79,75,73,66,48,64,79,103,88,82,83,93,64,96,93,101,95,102,106,91,92,96,99,92,90,97,39,85,89,43,67,56,53,61,60,78,78,35,98,96,86,94,71,74,89,88,88,83,95,79,96,82,86,69,84,66,83,95,83,79,87,80,46,58,77,52,47,43,44,49,65,77,75,89,73,93,74,68,79,76,60,82,52,60,62,115,107,68,96,66,,,,,,,,,,,,,,,,,,,,,,,,,,,,,,100,70,82,93,95,77,96,73,67,84,83,75,90,92,,79,99,89,90,80,84,83,79,81,74,77,81,97,73,84,97,83,105,87,77,90,78,102,95,79,67,73,77,97,82,79,83,74,84,88,74,82,75,73,74,76,43,62,82,58,58,65,76,82,90,91,100,81,80,78,92,75,78,79,90,81,90,78,84,80,99,29,40,34,43,40,34,49,40,50,41,61,53,64,40,74,34,73,67,75,42,68,99,50,55,68,35,55,77,88,69,,54,68,74,80,60,86,78,67,,59,79,82,92,113,84,94,115,103,81,90,52,41,80,72,63,93,70,,92,49,68,76,18,71,88,70,101,90,94,,70,,58,,79,89,102,100,98,87,73,109,61,92,106,72,94,63,57,52,77,21,58,63,68,84,56,36,,,,43,,
20260404,11,O3_24h,81,85,83,82,77,100,94,89,78,94,93,92,98,72,66,88,87,86,82,98,93,87,92,96,94,102,91,93,102,96,90,83,96,88,104,87,84,98,94,102,103,87,86,80,92,87,67,39,94,92,90,70,39,55,31,34,54,37,38,52,51,59,62,66,71,72,88,90,66,46,79,75,73,66,48,64,79,103,88,82,83,93,64,96,93,101,95,102,106,91,92,96,99,92,90,97,39,85,89,43,67,56,53,61,60,78,78,35,98,96,86,94,71,74,89,88,88,83,95,79,96,82,86,69,84,66,83,95,83,79,87,80,46,58,77,52,47,43,44,49,65,77,75,89,73,93,74,68,79,76,60,82,52,60,62,115,107,68,96,66,,,,,,,,,,,,,,,,,,,,,,,,,,,,,,100,70,82,93,95,77,96,73,67,84,83,75,90,92,,79,99,89,90,80,84,83,79,81,74,77,81,97,73,84,97,83,105,87,77,90,78,102,95,79,67,73,77,97,82,79,83,74,84,88,74,82,75,73,74,76,43,62,82,58,58,65,76,82,90,91,100,81,80,78,92,75,78,79,90,81,90,78,84,80,99,29,40,34,43,40,34,49,40,50,41,61,53,64,40,74,34,73,67,75,42,68,99,50,55,68,35,55,77,88,69,,54,68,74,80,60,86,78,67,,59,79,82,92,113,84,94,115,103,81,90,52,41,80,72,63,93,70,,92,49,68,76,18,71,88,70,101,90,94,,70,,58,,79,89,102,100,98,87,73,109,61,92,106,72,94,63,57,52,77,21,58,63,68,84,56,36,,,,43,,
20260404,11,O3_8h,59,59,63,54,73,72,59,62,49,58,65,68,65,43,37,73,80,61,50,67,60,63,73,72,69,49,57,58,53,55,62,86,74,53,84,35,45,70,69,58,83,53,57,24,44,43,33,27,80,74,77,36,21,45,32,45,42,31,31,30,38,50,48,57,31,24,42,48,59,30,49,73,34,52,27,32,35,63,76,76,64,79,34,78,75,96,77,83,78,81,79,77,85,80,80,85,25,35,52,42,38,40,52,51,49,40,40,26,58,70,39,55,46,37,53,70,73,67,76,66,52,67,57,33,49,52,55,69,64,66,77,55,20,47,61,17,11,31,44,32,46,24,44,63,41,51,27,28,38,69,40,52,24,42,69,108,83,38,88,79,,,,,,,,,,,,,,,,,,,,,,,,,,,,,,75,62,30,60,36,47,53,43,36,56,57,66,57,50,,74,97,66,72,66,53,61,68,84,82,54,51,84,64,60,62,61,68,73,50,69,52,69,60,82,53,44,40,70,54,65,39,69,55,53,39,38,35,41,30,43,22,46,52,40,38,37,41,54,66,74,72,69,73,70,64,72,36,50,32,42,47,55,42,48,40,22,19,10,38,19,20,16,13,15,40,56,60,54,27,56,31,38,47,76,20,31,48,15,13,27,10,39,20,27,26,,26,60,77,62,21,43,69,27,,25,95,69,81,76,61,52,94,93,60,75,41,33,60,67,72,56,42,,91,53,38,24,27,43,65,43,66,51,49,,83,,43,,38,77,72,92,74,60,49,117,34,29,61,74,96,39,58,41,78,11,44,75,45,98,60,23,,,,59,,
20260404,11,O3_8h_24h,56,59,62,54,69,72,59,62,49,57,65,68,65,42,37,73,80,60,50,67,56,63,72,71,68,49,57,58,53,55,62,73,74,53,84,35,45,70,69,58,83,53,57,24,44,43,31,27,80,74,77,36,21,44,25,38,42,25,30,30,38,50,45,56,30,24,42,48,55,29,48,59,34,52,26,32,35,63,76,66,64,79,34,78,75,81,77,83,78,81,79,77,85,78,77,85,25,35,52,39,38,40,47,50,49,40,40,26,58,70,39,54,46,37,53,70,73,67,76,66,52,67,57,33,49,49,54,69,64,66,76,54,20,44,59,17,11,29,43,32,46,25,43,59,40,51,27,28,38,68,40,52,24,42,37,108,82,38,86,69,,,,,,,,,,,,,,,,,,,,,,,,,,,,,,75,60,30,60,36,47,53,43,36,56,57,66,57,48,,74,97,65,72,66,52,61,68,72,66,54,50,84,64,60,61,61,68,73,50,69,52,69,60,75,53,43,40,70,54,63,38,61,55,53,39,38,35,41,30,43,22,41,52,40,36,37,41,54,66,73,72,67,71,70,62,69,36,48,32,42,46,52,42,48,40,17,19,10,33,19,19,16,13,15,36,56,58,54,27,55,31,38,46,65,18,31,48,15,13,27,9,38,20,27,26,,26,58,73,59,21,43,66,27,,25,67,69,78,74,60,52,90,93,58,75,32,29,50,64,61,56,42,,90,47,38,24,22,43,65,43,66,51,49,,76,,40,,38,68,72,89,74,60,44,109,34,29,61,71,93,39,52,41,78,11,44,60,45,88,55,13,,,,45,,
20260404,11,CO,0.58,0.69,0.38,0.66,0.30,0.45,0.47,0.37,0.35,0.67,0.38,0.38,0.43,0.98,0.38,0.49,0.45,0.39,0.58,0.60,0.71,0.82,0.62,0.69,0.42,0.56,0.86,0.61,0.54,0.62,0.50,0.58,0.38,0.51,0.44,0.40,0.42,0.72,0.57,0.37,0.55,0.63,0.50,0.45,0.53,0.43,0.57,0.82,0.42,0.49,0.34,0.52,0.87,0.70,0.65,0.63,0.63,0.60,0.57,0.73,0.63,0.57,0.49,0.40,0.58,0.55,0.47,0.66,0.32,0.41,0.63,1.10,0.46,0.51,0.98,0.67,0.61,0.34,0.68,0.50,0.30,0.50,0.63,0.26,0.50,0.60,0.34,0.37,0.52,0.32,0.24,0.33,0.50,0.50,0.35,0.40,0.67,0.80,0.80,0.67,0.75,0.70,0.55,0.60,0.60,0.50,0.80,0.60,0.57,0.40,0.54,0.50,0.53,0.46,0.48,0.68,0.47,0.47,0.42,0.78,0.42,0.43,0.20,0.62,0.83,0.62,0.33,0.25,0.60,0.25,0.30,0.33,0.47,0.63,0.77,0.97,0.50,0.87,0.78,0.71,0.55,0.57,0.73,0.82,0.63,0.53,0.67,0.35,0.48,0.67,0.53,0.35,0.45,0.38,0.40,0.40,0.73,1.42,0.46,0.35,,,,,,,,,,,,,,,,,,,,,,,,,,,,,,0.25,0.30,0.80,0.30,0.27,0.70,0.25,0.63,0.50,0.63,0.53,0.20,0.40,0.38,,0.30,0.50,0.57,0.47,0.35,0.77,0.40,0.40,0.50,0.80,0.25,0.20,0.50,0.15,0.30,0.67,0.28,0.30,0.47,0.35,0.30,0.40,0.38,0.40,0.40,0.80,0.57,0.45,0.35,0.42,0.37,0.38,0.13,0.70,0.33,0.67,0.80,0.45,0.75,0.45,0.70,1.57,1.52,0.50,0.68,0.80,1.27,0.93,0.65,0.42,0.37,0.45,0.23,0.34,0.38,0.43,0.20,0.75,0.37,0.52,0.67,0.43,0.70,0.30,0.60,0.63,0.55,1.48,0.85,1.20,0.60,0.83,0.40,1.25,0.45,0.45,0.60,0.68,0.70,0.80,0.50,0.67,0.60,0.80,0.70,1.37,0.60,0.47,0.75,1.00,0.70,0.40,0.30,0.60,0.55,0.30,,0.25,0.65,0.37,0.53,0.70,0.45,0.35,0.50,,0.80,0.40,0.30,0.50,0.70,0.50,0.50,0.60,0.50,0.75,0.60,0.90,0.40,0.50,0.40,0.35,0.30,0.70,,0.40,0.45,0.30,0.37,0.60,0.40,0.45,0.35,0.30,0.40,0.30,,0.40,,0.55,,0.30,0.70,0.40,0.30,0.30,0.30,0.40,0.90,0.53,0.35,0.30,0.50,0.10,0.45,0.25,0.50,0.40,0.75,0.55,0.45,0.70,0.10,0.45,0.75,,,,0.70,,
20260404,11,CO_24h,0.36,0.59,0.20,0.73,0.55,0.35,0.27,0.27,0.30,0.43,0.35,0.27,0.38,0.38,0.34,0.61,0.53,0.65,0.58,0.62,0.60,0.81,0.63,0.79,0.40,0.60,0.87,0.66,0.58,0.72,0.58,0.56,0.53,0.61,0.56,0.63,0.53,0.83,0.68,0.53,0.60,0.67,0.50,0.60,0.60,0.53,0.57,0.68,0.47,0.56,0.38,0.56,0.66,0.66,0.55,0.50,0.53,0.35,0.40,0.70,0.63,0.57,0.59,0.40,0.55,0.61,0.43,0.51,0.27,0.35,0.47,0.55,0.40,0.40,0.60,0.57,0.49,0.30,0.70,0.63,0.47,0.63,0.70,0.41,0.48,0.53,0.42,0.47,0.56,0.43,0.45,0.47,0.37,0.72,0.50,0.57,0.73,1.02,0.63,0.63,0.75,0.60,0.55,0.53,0.65,0.80,1.03,0.60,0.43,0.30,0.59,0.43,0.35,0.36,0.56,0.94,0.67,0.76,0.58,0.95,0.72,0.80,0.33,0.68,0.67,0.64,0.39,0.23,0.57,0.40,0.30,0.27,0.47,0.53,0.63,0.93,0.55,0.83,0.63,0.74,0.50,0.63,0.70,0.78,0.67,0.57,0.63,0.40,0.53,0.55,0.47,0.30,0.35,0.30,0.35,0.40,0.60,0.68,0.46,0.30,,,,,,,,,,,,,,,,,,,,,,,,,,,,,,0.30,0.30,0.90,0.30,0.27,0.30,0.40,0.37,0.30,0.57,0.63,0.20,0.40,0.35,,0.30,0.50,0.53,0.53,0.55,0.77,0.57,0.50,0.50,0.85,0.25,0.30,0.40,0.37,0.37,0.37,0.28,0.40,0.53,0.40,0.40,0.25,0.42,0.40,0.35,0.67,0.57,0.55,0.45,0.42,0.23,0.35,0.17,0.72,0.37,0.70,1.20,0.55,0.75,0.80,0.73,0.70,0.55,0.55,0.72,0.80,0.70,0.98,0.65,0.47,0.42,0.30,0.32,0.40,0.45,0.33,0.23,0.82,0.37,0.58,0.57,0.45,0.50,0.33,0.70,0.67,0.45,0.98,0.85,1.00,0.70,0.77,0.40,0.80,0.45,0.55,0.60,0.63,0.67,0.73,0.65,0.70,0.70,0.75,0.70,0.77,0.65,0.50,0.70,0.85,0.75,0.40,0.35,0.70,0.60,0.20,,0.20,0.50,0.40,0.53,0.70,0.55,0.45,0.60,,0.65,0.30,0.30,0.45,0.70,0.45,0.50,0.40,0.40,0.60,0.40,0.60,0.30,0.45,0.30,0.25,0.35,0.90,,0.35,0.40,0.43,0.40,0.50,0.35,0.50,0.35,0.30,0.35,0.35,,0.20,,0.60,,0.40,0.50,0.30,0.20,0.30,0.40,0.40,0.30,0.33,0.45,0.35,0.45,0.10,0.40,0.25,0.70,0.25,0.65,0.50,0.40,0.60,0.10,0.30,0.50,,,,0.60,,
20260404,12,AQI,81,63,65,57,28,57,82,28,26,93,55,63,59,57,51,36,37,28,64,49,62,47,64,42,76,68,59,54,55,63,78,70,51,32,34,30,30,33,36,34,35,32,31,30,56,31,29,39,31,31,54,43,35,20,25,34,21,34,28,26,16,21,33,30,40,66,33,41,25,99,121,96,98,51,27,24,50,69,44,27,37,31,23,32,44,59,31,37,60,35,31,45,43,30,30,32,20,33,53,46,23,34,19,31,22,34,31,51,47,75,53,59,60,38,29,46,28,39,32,68,64,31,28,39,52,26,59,63,62,58,61,65,81,55,27,43,51,26,29,26,37,72,42,34,29,51,83,52,31,39,88,82,91,108,103,65,41,82,51,51,,,,,,,,,,,,,,,,,,,,,,,,,,,,,,72,73,29,52,41,60,63,36,53,72,47,26,76,49,,29,113,30,50,46,29,33,42,39,33,74,28,33,50,27,68,26,47,37,25,30,54,72,70,66,62,46,35,66,78,73,37,63,36,32,30,29,25,28,29,43,51,40,31,26,29,32,54,29,56,40,65,57,73,82,73,81,52,94,69,48,77,62,60,28,60,53,66,29,26,32,43,27,45,29,20,22,33,36,31,29,23,34,37,28,73,53,46,57,69,64,52,54,43,34,27,,21,29,29,29,28,28,28,27,,25,52,82,30,67,54,32,73,54,93,30,75,26,27,25,23,31,28,,32,18,89,59,85,137,107,81,67,65,76,,72,,90,,45,84,34,47,46,38,29,61,83,100,80,87,40,40,61,96,102,137,116,60,73,31,50,71,,,,65,,
20260404,12,PM2.5,52,39,30,30,16,23,59,7,3,69,39,32,19,14,12,20,26,16,46,34,24,33,26,20,37,24,23,25,28,30,30,46,22,8,12,3,9,16,14,5,20,6,17,3,19,3,17,26,7,14,9,29,20,10,17,24,11,24,17,16,11,7,12,18,25,33,9,22,5,29,50,41,37,15,14,13,28,14,26,14,20,17,4,9,24,25,7,18,16,14,4,9,24,7,14,4,14,13,37,32,3,12,11,20,4,3,8,20,24,37,8,13,14,8,6,32,14,24,17,49,46,22,11,21,32,10,8,20,19,8,10,11,25,39,9,17,19,17,20,11,18,31,25,21,9,16,47,26,22,27,28,24,28,31,35,18,13,44,8,9,,,,,,,,,,,,,,,,,,,,,,,,,,,,,,23,10,3,5,12,17,17,10,9,23,27,6,15,11,,6,44,14,24,19,3,16,17,27,23,54,14,20,35,3,49,4,30,26,3,14,38,22,25,25,33,25,11,22,18,30,21,15,23,17,4,7,3,11,3,30,36,22,22,17,19,18,38,15,15,12,23,6,15,13,28,18,32,20,28,32,23,22,43,11,18,26,48,14,18,19,30,10,23,20,10,12,23,23,21,10,15,9,13,14,45,25,16,21,26,27,16,22,20,24,10,,3,15,20,19,11,14,17,19,,10,24,45,6,44,30,12,53,38,69,17,55,13,10,3,3,3,16,,3,3,33,19,42,58,36,35,33,13,43,,34,,56,,17,40,21,16,16,20,3,18,30,28,26,28,7,11,10,32,58,70,34,13,8,3,14,35,,,,47,,
20260404,12,PM2.5_24h,21,35,17,55,51,23,32,9,20,42,45,33,21,16,12,32,32,63,36,29,20,29,21,40,20,34,24,26,32,26,31,23,41,11,11,27,16,25,21,9,14,16,16,13,24,11,18,14,23,24,27,26,22,21,26,25,20,25,22,25,26,19,29,22,21,33,16,19,6,35,46,40,36,19,16,21,17,11,38,31,33,45,16,30,27,19,21,27,15,26,30,17,24,28,27,21,12,42,33,26,12,24,21,20,19,32,49,29,29,16,10,29,25,16,41,37,32,33,37,74,72,92,26,26,29,14,29,22,21,29,24,30,22,19,16,10,15,15,25,18,17,34,28,17,12,27,40,25,20,15,37,38,28,30,38,33,23,19,9,33,,,,,,,,,,,,,,,,,,,,,,,,,,,,,,17,21,18,20,10,17,32,13,18,16,38,10,13,10,,12,23,29,35,28,40,42,31,18,18,50,31,22,67,28,35,8,36,46,15,43,12,23,24,17,33,25,6,30,16,17,22,11,17,21,11,12,8,10,19,19,14,13,13,12,9,13,13,12,24,23,18,22,24,14,25,20,24,31,24,23,22,23,27,26,19,25,15,16,12,16,14,15,14,15,29,23,25,23,40,29,14,23,20,34,43,25,27,18,24,27,14,23,26,33,9,,7,9,12,18,12,24,24,25,,19,29,20,8,54,41,28,43,34,62,23,53,14,10,6,4,6,18,,3,5,41,23,28,51,46,32,63,42,48,,44,,60,,24,33,19,19,21,23,4,22,30,32,38,28,10,18,17,51,41,64,51,14,9,3,12,25,,,,36,,
20260404,12,PM10,111,75,79,64,28,63,113,27,19,126,58,76,68,64,51,36,35,24,50,47,74,45,77,42,101,85,67,58,60,75,106,90,52,15,23,8,13,23,22,12,28,15,23,11,62,13,20,39,29,30,58,43,35,19,25,30,21,34,28,26,16,14,33,30,40,81,27,41,17,148,191,141,146,51,27,17,50,87,44,23,37,31,12,28,44,67,20,37,70,35,21,45,43,20,27,18,19,25,45,44,12,34,13,31,10,34,31,52,47,100,55,68,70,38,24,40,25,39,32,54,78,24,27,39,53,22,68,76,74,66,71,80,112,43,20,43,51,26,29,26,37,93,42,29,19,52,116,53,30,34,126,114,132,165,156,80,41,114,51,52,,,,,,,,,,,,,,,,,,,,,,,,,,,,,,94,96,7,54,41,70,76,36,55,93,47,14,102,49,,29,176,30,50,46,20,33,42,26,26,54,28,33,38,16,,12,47,33,18,22,53,94,89,82,73,46,35,81,106,96,37,76,36,32,20,17,15,28,22,37,39,40,24,26,29,32,38,26,62,40,80,63,95,113,95,112,53,138,88,48,103,73,53,28,70,55,61,29,,32,37,27,45,26,20,22,29,36,31,24,23,34,37,27,95,56,46,64,88,77,54,57,43,27,27,,9,24,24,,14,19,21,24,,13,54,114,25,84,57,22,66,51,72,18,78,26,22,13,19,12,28,,7,13,128,67,120,224,164,111,83,79,102,,93,,130,,45,118,31,47,46,38,23,72,115,150,109,123,40,40,71,141,154,224,181,70,96,31,50,92,,,,65,,
20260404,12,PM10_24h,56,95,100,126,85,76,105,46,71,114,115,112,87,81,27,56,54,73,46,34,39,33,32,62,65,54,40,52,38,34,55,31,54,17,18,32,20,31,26,14,18,23,21,23,50,19,22,18,75,45,147,38,32,33,40,36,31,35,35,35,39,29,43,32,38,84,33,33,14,210,154,108,152,55,25,29,37,48,64,55,34,45,17,66,104,94,75,72,72,52,65,66,73,55,47,60,19,58,44,45,16,39,28,34,29,44,63,48,43,67,43,134,162,80,73,53,49,50,40,93,102,116,45,34,40,24,172,78,73,151,139,187,40,26,28,21,22,31,43,33,29,77,44,31,21,56,103,55,33,25,214,195,181,148,229,160,81,77,40,117,,,,,,,,,,,,,,,,,,,,,,,,,,,,,,54,60,25,159,52,99,194,55,143,63,56,22,47,28,,29,85,36,39,40,39,56,47,35,34,55,35,53,89,40,41,19,40,61,35,51,26,52,44,58,47,31,16,42,44,52,27,55,24,24,17,17,14,15,25,25,22,24,15,21,22,25,23,22,79,109,69,80,93,67,65,98,45,125,49,42,47,44,42,42,39,62,24,26,16,41,22,28,28,20,44,39,45,37,56,41,30,34,40,51,120,64,43,57,87,48,46,65,51,67,29,,18,20,20,23,25,35,32,34,,26,44,44,16,97,52,42,58,47,83,31,70,20,19,19,22,18,27,,10,12,131,83,80,209,181,102,185,127,158,,179,,168,,64,114,43,47,52,49,19,56,152,128,164,87,29,43,90,147,136,207,239,62,52,13,39,70,,,,50,,
20260404,12,SO2,4,8,2,10,7,3,4,6,11,5,8,6,5,12,12,8,6,7,11,6,8,6,4,9,9,7,6,7,4,9,7,6,7,6,6,5,6,5,6,6,6,4,6,4,6,4,3,9,5,7,3,9,7,6,5,5,9,4,7,5,6,8,5,7,9,6,10,7,9,8,20,16,9,10,6,8,14,7,7,6,6,16,3,8,8,8,10,8,9,5,4,3,5,6,5,5,8,7,5,5,7,6,6,5,6,3,5,11,12,6,9,11,8,7,8,10,9,7,7,9,6,6,6,7,17,6,15,3,9,9,7,15,6,8,8,9,10,6,11,9,4,8,11,17,11,10,7,8,12,6,9,3,3,11,10,9,61,56,6,9,,,,,,,,,,,,,,,,,,,,,,,,,,,,,,6,4,6,7,4,14,8,10,7,27,10,5,8,8,,7,9,7,7,9,6,4,5,7,9,3,6,6,6,9,8,4,6,8,6,5,10,7,9,8,10,7,4,8,8,7,5,7,7,5,3,5,6,6,5,8,19,12,13,3,9,14,8,18,5,8,3,5,6,6,3,6,16,9,10,12,8,6,9,6,5,7,14,11,8,9,6,6,13,5,6,7,5,11,8,9,4,5,9,5,26,10,8,5,11,10,6,7,9,11,6,,6,11,5,11,4,12,5,6,,4,7,6,8,7,9,5,5,7,11,6,7,7,6,5,9,7,6,,7,6,5,7,14,13,16,16,11,5,10,,7,,8,,5,14,5,10,14,13,8,16,11,8,4,5,11,9,4,5,77,6,19,7,6,5,10,10,,,,7,,
20260404,12,SO2_24h,3,7,4,10,8,5,4,3,4,4,5,5,5,6,7,9,6,6,9,5,6,6,4,9,9,6,6,6,5,9,7,6,6,6,5,5,6,5,5,6,6,6,5,5,6,4,2,7,6,7,4,7,5,5,5,5,7,4,7,4,5,8,5,7,8,5,7,4,8,4,8,11,11,7,5,7,9,6,8,7,5,13,3,11,8,5,23,9,9,6,6,4,6,8,5,7,7,7,8,7,7,6,6,5,6,7,6,9,5,5,11,12,4,7,8,9,9,8,7,7,8,8,7,7,9,6,10,3,8,9,7,12,7,6,7,11,9,7,8,10,4,7,8,11,8,7,4,7,10,6,5,2,2,6,7,8,18,17,6,10,,,,,,,,,,,,,,,,,,,,,,,,,,,,,,5,2,5,4,5,12,8,7,7,27,7,6,8,5,,5,8,7,7,10,8,5,6,8,7,2,5,7,7,9,6,4,5,7,7,6,9,6,8,7,9,6,4,8,6,5,5,6,4,5,3,8,4,4,5,9,9,4,9,4,7,11,6,15,7,9,3,5,6,6,4,4,10,7,11,9,6,4,6,6,4,7,7,8,5,6,5,5,6,4,9,7,4,9,10,10,6,5,9,6,11,9,7,4,8,7,5,6,8,9,5,,6,8,5,13,4,11,7,3,,5,6,6,8,7,9,6,7,10,9,6,6,7,6,5,9,8,6,,8,6,6,7,8,8,19,12,10,5,8,,4,,8,,4,11,6,10,11,13,6,13,7,9,5,5,9,7,4,5,15,4,9,7,6,5,10,9,,,,7,,
20260404,12,NO2,14,17,11,16,13,7,13,12,10,13,14,15,7,13,17,11,11,11,21,17,14,17,12,18,17,12,15,15,13,12,10,12,10,9,12,10,8,8,8,10,10,5,9,6,11,9,13,17,11,13,11,14,14,14,19,21,20,32,28,14,15,14,8,8,15,16,8,12,11,30,21,11,13,24,10,11,16,8,12,12,11,13,6,11,12,12,8,14,10,14,7,9,10,12,10,9,10,10,23,14,4,13,8,6,9,3,7,19,10,12,10,11,15,13,7,15,9,8,9,13,11,9,7,12,19,15,15,5,16,9,10,13,19,18,5,9,11,8,10,8,8,13,13,13,13,7,24,15,8,8,24,17,8,16,20,2,18,26,10,6,,,,,,,,,,,,,,,,,,,,,,,,,,,,,,10,15,12,10,5,14,8,14,20,15,12,6,5,11,,6,7,14,12,5,9,6,8,10,11,20,11,9,9,5,9,3,7,11,4,8,8,12,11,15,14,9,4,9,11,12,6,9,14,7,7,6,5,5,12,13,20,23,11,11,16,15,6,10,9,9,14,14,14,13,9,9,9,12,8,12,10,11,6,3,14,15,13,10,14,7,18,9,17,6,10,9,9,12,14,6,15,4,5,6,25,13,12,16,25,12,15,7,8,8,,,7,7,10,4,10,7,6,6,,3,11,13,8,6,9,4,6,9,15,8,14,6,5,8,6,4,11,,4,9,8,13,23,15,10,19,4,6,10,,13,,10,,5,7,2,2,2,2,9,11,18,4,7,10,6,16,11,29,14,40,9,14,4,6,25,35,,,,11,,
20260404,12,NO2_24h,15,18,11,19,19,13,14,9,12,13,15,14,11,19,22,15,12,22,23,21,19,22,19,23,18,22,23,18,31,18,20,13,18,22,22,39,23,19,19,19,18,20,14,25,23,27,28,25,15,13,12,22,25,21,15,8,18,15,18,21,17,17,11,12,23,34,14,19,13,33,23,12,27,27,18,21,32,18,15,13,13,17,24,15,15,15,11,16,13,14,12,11,10,18,12,13,16,30,15,11,14,9,14,5,19,25,36,17,14,15,19,17,15,31,17,16,14,12,14,20,30,22,16,28,21,24,21,11,18,13,11,16,22,19,12,17,14,15,9,15,10,32,19,12,16,17,35,26,14,15,24,17,22,15,32,6,14,20,10,21,,,,,,,,,,,,,,,,,,,,,,,,,,,,,,9,12,28,13,17,17,18,19,22,22,15,8,12,18,,7,7,15,12,7,17,14,9,10,9,15,19,10,14,11,12,6,13,12,13,17,9,17,15,13,22,23,9,13,12,13,13,9,18,12,16,15,10,11,37,18,14,16,13,16,17,14,12,16,12,13,16,14,14,15,11,11,15,15,15,16,14,11,14,9,19,9,12,17,12,12,17,14,20,9,21,10,12,11,22,11,14,10,10,9,33,29,22,30,36,20,27,9,21,23,5,,16,9,9,8,19,12,10,14,,8,7,10,9,15,10,14,9,9,14,9,20,7,8,10,4,10,15,,4,5,21,37,15,15,23,27,11,16,18,,14,,20,,16,8,2,2,8,3,16,3,19,26,21,19,7,25,12,36,12,40,18,15,10,6,14,23,,,,8,,
20260404,12,O3,95,97,94,90,87,107,108,91,83,110,101,100,109,102,77,95,94,91,92,111,113,105,104,102,105,113,110,110,115,102,102,91,103,101,110,95,97,107,116,108,113,101,98,95,109,99,93,55,98,98,98,86,58,63,39,43,60,34,38,59,51,68,84,80,90,104,106,112,79,46,99,99,96,77,69,76,98,110,93,85,89,97,75,102,100,110,98,112,114,99,98,102,108,97,97,102,54,104,75,56,75,51,61,58,69,79,91,34,124,116,98,95,89,99,92,95,91,87,99,86,100,86,91,86,100,82,92,99,91,88,92,86,77,79,85,76,88,65,58,71,65,99,102,110,93,113,100,89,93,97,60,84,85,75,58,115,107,78,106,104,,,,,,,,,,,,,,,,,,,,,,,,,,,,,,109,88,94,99,100,99,99,93,81,93,93,84,105,95,,82,100,95,94,85,93,88,85,87,79,89,91,99,78,85,111,84,118,87,81,97,79,108,100,94,79,89,85,109,92,87,102,87,98,100,95,92,80,90,92,88,60,73,85,79,70,78,82,93,92,97,105,85,87,93,103,83,93,103,101,86,98,95,90,90,110,43,65,62,58,65,55,73,60,77,44,70,74,83,48,92,37,87,93,91,68,95,122,89,93,90,65,72,94,109,82,,66,93,73,93,89,91,91,86,,81,106,88,96,124,107,102,120,116,111,97,86,54,85,81,75,99,82,,103,57,86,89,28,80,89,87,108,104,97,,96,,81,,93,113,108,111,105,102,92,126,79,115,107,90,98,83,85,65,84,37,83,76,97,88,69,48,,,,63,,
20260404,12,O3_24h,95,97,94,90,87,107,108,91,83,110,101,100,109,102,77,95,94,91,92,111,113,105,104,102,105,113,110,110,115,102,102,91,103,101,110,95,97,107,116,108,113,101,98,95,109,99,93,55,98,98,98,86,58,63,39,43,60,34,38,59,51,68,84,80,90,104,106,112,79,46,99,99,96,77,69,76,98,110,93,85,89,97,75,102,100,110,98,112,114,99,98,102,108,97,97,102,54,104,75,56,75,51,61,58,69,79,91,34,124,116,98,95,89,99,92,95,91,87,99,86,100,86,91,86,100,82,92,99,91,88,92,86,77,79,85,76,88,65,58,71,65,99,102,110,93,113,100,89,93,97,60,84,85,75,58,115,107,78,106,104,,,,,,,,,,,,,,,,,,,,,,,,,,,,,,109,88,94,99,100,99,99,93,81,93,93,84,105,95,,82,100,95,94,85,93,88,85,87,79,89,91,99,78,85,111,84,118,87,81,97,79,108,100,94,79,89,85,109,92,87,102,87,98,100,95,92,80,90,92,88,60,73,85,79,70,78,82,93,92,97,105,85,87,93,103,83,93,103,101,86,98,95,90,90,110,43,65,62,58,65,55,73,60,77,44,70,74,83,48,92,37,87,93,91,68,95,122,89,93,90,65,72,94,109,82,,66,93,73,93,89,91,91,86,,81,106,88,96,124,107,102,120,116,111,97,86,54,85,81,75,99,82,,103,57,86,89,28,80,89,87,108,104,97,,96,,81,,93,113,108,111,105,102,92,126,79,115,107,90,98,83,85,65,84,37,83,76,97,88,69,48,,,,63,,
20260404,12,O3_8h,62,64,67,60,73,78,66,66,53,64,71,73,72,50,44,76,81,64,56,72,66,68,74,76,73,59,65,66,63,60,68,86,78,60,88,46,53,76,73,67,89,59,64,35,54,52,39,31,82,76,79,43,25,47,33,45,46,31,32,34,41,52,50,59,39,34,51,58,59,33,55,73,43,56,31,38,44,69,78,76,67,81,39,84,79,84,80,87,83,85,83,82,87,82,82,88,30,47,57,44,44,42,52,51,52,48,51,29,67,77,48,60,52,47,58,73,76,70,79,68,60,71,63,42,56,55,59,73,68,68,77,58,28,47,62,23,22,33,46,37,48,32,51,67,47,57,38,35,46,73,44,57,32,45,70,109,85,43,89,79,,,,,,,,,,,,,,,,,,,,,,,,,,,,,,79,62,40,65,47,54,60,50,42,61,60,69,63,56,,76,97,68,75,68,59,66,70,84,82,58,55,85,66,64,68,65,75,75,56,74,57,76,67,82,57,50,46,75,60,66,47,69,61,60,47,46,42,48,41,50,27,47,57,46,40,42,47,59,70,76,77,70,73,74,67,72,44,55,42,48,52,56,48,52,49,22,25,18,38,25,22,25,20,24,40,57,60,57,31,59,33,46,52,76,25,42,58,24,24,37,17,42,31,39,34,,32,62,77,63,31,50,69,34,,33,95,72,81,79,65,60,94,96,65,78,41,33,60,67,72,62,48,,91,53,45,35,27,48,70,48,70,59,62,,83,,45,,46,77,75,92,81,65,50,117,41,43,66,74,96,47,58,46,81,15,51,75,52,98,61,23,,,,59,,
20260404,12,O3_8h_24h,61,64,67,60,70,78,66,66,53,64,71,73,72,50,44,76,81,64,56,72,62,68,74,76,73,59,65,66,63,60,68,73,78,60,88,46,53,76,73,67,89,59,64,35,54,52,39,31,82,76,79,43,27,47,25,38,46,25,30,34,40,52,49,59,38,34,51,58,58,31,55,61,43,56,31,38,44,69,78,70,67,81,39,84,79,85,80,87,83,85,83,82,87,81,82,88,30,47,57,41,44,42,47,50,52,48,51,29,67,77,48,60,52,47,58,73,76,70,79,68,60,71,63,42,56,54,59,73,68,68,77,58,28,47,60,23,22,33,46,37,48,36,51,65,47,57,38,35,46,73,44,57,32,45,40,109,85,43,88,71,,,,,,,,,,,,,,,,,,,,,,,,,,,,,,79,62,40,65,47,54,60,50,42,61,60,69,63,56,,76,97,68,75,68,59,66,70,75,67,58,55,86,66,64,68,65,75,75,56,74,57,76,67,76,57,50,46,75,60,66,47,63,61,60,47,46,42,48,41,50,27,44,57,46,40,42,47,59,70,76,77,69,71,74,67,71,44,54,42,48,52,56,48,52,49,20,25,18,33,25,22,25,20,24,36,57,57,57,31,59,33,46,52,66,24,42,58,24,24,37,17,42,31,39,34,,32,62,72,63,31,50,68,34,,33,69,72,79,79,65,60,92,96,65,78,39,31,54,65,61,62,48,,91,47,45,35,22,48,70,48,70,59,62,,78,,44,,46,73,75,91,81,65,50,112,41,43,66,73,93,47,56,46,81,15,51,59,52,87,56,17,,,,47,,
20260404,12,CO,0.53,0.59,0.40,0.63,0.30,0.38,0.47,0.37,0.40,0.60,0.38,0.35,0.40,0.58,0.36,0.48,0.48,0.34,0.59,0.63,0.71,0.80,0.58,0.63,0.40,0.60,0.77,0.51,0.54,0.70,0.50,0.58,0.38,0.51,0.44,0.40,0.39,0.72,0.53,0.33,0.55,0.57,0.50,0.40,0.52,0.45,0.52,0.58,0.40,0.46,0.32,0.51,0.94,0.69,0.68,0.57,0.63,0.60,0.57,0.73,0.65,0.57,0.47,0.45,0.54,0.46,0.43,0.57,0.30,0.44,0.63,0.75,0.38,0.49,0.65,0.60,0.60,0.28,0.74,0.50,0.30,0.47,0.53,0.26,0.48,0.50,0.30,0.38,0.52,0.32,0.24,0.33,0.42,0.48,0.35,0.40,0.80,0.80,0.80,0.70,0.50,0.70,0.55,0.60,0.60,0.50,0.70,0.60,0.53,0.40,0.44,0.55,0.67,0.40,0.40,0.72,0.43,0.48,0.42,0.77,0.42,0.37,0.15,0.52,1.33,0.60,0.37,0.25,0.60,0.23,0.30,0.35,0.40,0.63,0.83,0.83,0.45,0.80,0.75,0.63,0.60,0.52,0.70,1.05,0.60,0.47,0.60,0.30,0.48,0.63,0.53,0.35,0.30,0.40,0.40,0.40,1.37,1.50,0.46,0.20,,,,,,,,,,,,,,,,,,,,,,,,,,,,,,0.25,0.20,0.55,0.27,0.27,0.40,0.28,0.53,0.55,0.67,0.53,0.20,0.35,0.45,,0.30,0.50,0.47,0.40,0.30,0.53,0.25,0.40,0.50,0.80,0.25,0.20,0.50,0.15,0.30,0.57,0.28,0.30,0.53,0.30,0.30,0.30,0.37,0.40,0.35,0.57,0.53,0.45,0.30,0.40,0.40,0.35,0.13,0.85,0.33,0.60,0.67,0.45,0.70,0.45,0.63,1.30,2.13,0.50,0.62,0.85,1.18,0.95,0.70,0.40,0.37,0.35,0.23,0.36,0.38,0.37,0.27,0.72,0.37,0.50,0.60,0.42,0.60,0.43,0.60,0.63,0.55,1.33,0.75,1.10,0.60,0.83,0.35,1.20,0.40,0.40,0.57,0.73,0.70,0.73,0.45,0.70,0.60,0.70,0.60,1.00,0.55,0.40,0.60,0.90,0.65,0.30,0.25,0.60,0.55,0.30,,0.20,0.60,0.43,0.47,0.60,0.45,0.30,0.50,,0.70,0.30,0.30,0.50,0.55,0.40,0.40,0.50,0.50,0.55,0.45,0.80,0.30,0.40,0.35,0.35,0.30,0.50,,0.40,0.45,0.30,0.37,0.60,0.40,0.35,0.35,0.30,0.25,0.30,,0.35,,0.45,,0.25,0.60,0.40,0.30,0.30,0.30,0.30,0.70,0.53,0.25,0.30,0.35,0.15,0.35,0.15,0.50,0.35,0.60,0.40,0.35,,,0.40,0.75,,,,0.65,,
20260404,12,CO_24h,0.35,0.59,0.18,0.73,0.50,0.35,0.26,0.27,0.30,0.43,0.35,0.27,0.35,0.38,0.36,0.61,0.52,0.64,0.59,0.62,0.60,0.81,0.62,0.76,0.40,0.60,0.87,0.66,0.58,0.72,0.58,0.56,0.53,0.60,0.54,0.60,0.51,0.83,0.68,0.53,0.60,0.67,0.50,0.60,0.60,0.53,0.60,0.68,0.46,0.54,0.38,0.56,0.68,0.66,0.55,0.50,0.53,0.35,0.40,0.70,0.63,0.57,0.59,0.40,0.54,0.62,0.47,0.52,0.27,0.35,0.50,0.55,0.40,0.40,0.60,0.58,0.49,0.30,0.70,0.57,0.40,0.60,0.70,0.39,0.48,0.53,0.40,0.47,0.54,0.42,0.45,0.47,0.35,0.70,0.45,0.55,0.77,1.02,0.67,0.67,0.75,0.60,0.55,0.53,0.65,0.80,1.03,0.60,0.43,0.40,0.59,0.43,0.35,0.36,0.52,0.94,0.65,0.72,0.54,0.95,0.70,0.73,0.32,0.68,0.67,0.62,0.39,0.23,0.57,0.37,0.30,0.27,0.47,0.53,0.63,0.93,0.55,0.83,0.63,0.74,0.50,0.63,0.70,0.75,0.67,0.57,0.63,0.40,0.53,0.55,0.47,0.30,0.35,0.30,0.35,0.40,0.63,0.70,0.48,0.30,,,,,,,,,,,,,,,,,,,,,,,,,,,,,,0.30,0.30,0.90,0.30,0.27,0.30,0.38,0.37,0.30,0.57,0.60,0.20,0.40,0.35,,0.30,0.50,0.50,0.53,0.55,0.73,0.57,0.50,0.50,0.85,0.25,0.30,0.40,0.37,0.37,0.40,0.30,0.40,0.53,0.40,0.40,0.25,0.40,0.40,0.35,0.67,0.57,0.50,0.45,0.42,0.27,0.35,0.17,0.72,0.37,0.67,1.13,0.55,0.75,0.80,0.73,0.73,0.63,0.55,0.72,0.80,0.70,0.98,0.65,0.47,0.42,0.30,0.30,0.40,0.43,0.33,0.20,0.82,0.37,0.56,0.57,0.47,0.50,0.33,0.70,0.67,0.45,1.02,0.85,1.00,0.70,0.77,0.40,0.80,0.45,0.55,0.60,0.63,0.67,0.77,0.60,0.70,0.70,0.75,0.70,0.73,0.65,0.50,0.70,0.85,0.75,0.40,0.35,0.70,0.60,0.20,,0.20,0.50,0.40,0.53,0.70,0.55,0.40,0.60,,0.65,0.30,0.30,0.45,0.65,0.45,0.50,0.40,0.40,0.60,0.40,0.60,0.30,0.45,0.30,0.25,0.35,0.90,,0.35,0.40,0.43,0.40,0.50,0.35,0.50,0.35,0.30,0.35,0.35,,0.25,,0.60,,0.40,0.50,0.30,0.20,0.30,0.40,0.40,0.40,0.40,0.45,0.35,0.45,0.10,0.40,0.25,0.70,0.25,0.65,0.45,0.40,0.50,0.10,0.30,0.50,,,,0.60,,
20260404,13,AQI,77,60,70,58,31,51,77,30,28,80,53,55,63,57,56,32,43,29,51,56,66,49,67,34,70,70,62,55,58,69,78,70,52,34,37,31,34,41,38,35,38,33,33,32,59,35,35,39,32,32,54,51,35,21,19,34,24,36,26,26,19,23,32,31,45,67,35,38,27,95,104,69,90,49,27,27,55,61,41,28,37,36,33,33,42,57,32,37,47,37,32,35,42,33,33,33,21,36,58,46,26,22,22,32,26,39,28,40,42,63,48,62,60,48,29,40,29,37,32,54,66,31,30,40,57,29,62,67,58,43,65,68,90,58,28,52,58,29,38,29,36,72,39,38,33,55,81,60,32,33,92,96,91,107,96,73,35,89,46,49,,,,,,,,,,,,,,,,,,,,,,,,,,,,,,71,76,34,54,49,61,70,50,62,59,46,28,100,64,,34,100,30,39,28,31,29,29,34,36,60,31,30,44,27,51,27,41,49,26,36,38,72,74,65,67,54,55,68,81,68,35,56,43,38,37,31,27,32,32,40,34,39,29,29,29,30,54,31,60,58,58,57,79,80,64,84,55,84,74,52,78,69,65,55,64,54,58,39,46,29,40,29,45,30,16,30,28,39,41,30,23,29,45,31,66,68,47,60,67,74,59,59,49,37,32,,26,33,29,31,33,29,28,30,,29,45,62,30,63,52,32,69,56,74,30,76,30,27,28,28,32,29,,33,22,83,59,78,139,101,73,75,56,79,,57,,77,,41,57,34,52,51,36,34,43,89,89,77,73,33,38,58,89,95,123,101,55,59,28,53,66,,,,49,,
20260404,13,PM2.5,47,37,26,28,21,15,46,10,6,54,37,19,17,13,10,16,30,15,36,40,18,34,21,13,31,30,25,24,25,34,28,46,22,8,15,3,10,29,15,5,20,7,17,3,19,3,17,27,7,13,10,27,16,10,12,24,12,25,18,16,13,8,12,19,24,30,7,20,5,25,44,27,33,16,11,11,28,11,24,14,19,20,11,6,22,25,8,15,10,15,4,6,21,6,14,4,12,13,41,32,3,14,12,20,4,3,4,20,18,26,6,12,12,11,5,28,13,21,17,38,42,22,11,21,30,9,7,17,14,4,10,12,20,41,8,22,16,15,22,10,19,30,21,18,9,14,30,26,17,22,34,32,26,32,33,22,13,46,11,7,,,,,,,,,,,,,,,,,,,,,,,,,,,,,,21,21,3,3,10,12,13,12,5,13,23,10,22,13,,15,37,10,21,15,3,14,9,23,25,43,15,19,31,3,36,3,17,34,5,25,26,17,24,20,26,23,15,21,15,28,20,10,23,20,6,6,3,6,3,28,24,19,17,13,17,15,38,14,12,9,12,12,21,21,16,16,27,17,25,32,26,27,47,12,19,24,41,15,32,17,28,8,14,17,11,10,17,27,29,6,15,3,14,12,40,25,17,24,16,31,16,26,20,22,9,,3,18,20,20,7,15,17,20,,5,25,28,5,35,31,19,50,40,54,13,56,14,8,8,3,3,12,,3,3,32,21,35,56,39,36,35,17,41,,26,,51,,10,29,19,12,15,12,3,18,31,26,27,23,7,9,7,36,49,91,35,13,8,3,14,20,,,,31,,
20260404,13,PM2.5_24h,18,34,16,54,48,23,30,9,18,39,46,33,20,14,12,31,31,57,36,30,21,30,21,36,21,34,25,27,33,27,30,24,39,10,12,25,15,25,21,9,14,15,16,13,23,10,18,15,23,23,27,27,22,20,26,25,19,25,22,24,25,18,28,22,21,33,15,19,6,35,47,40,34,19,17,21,18,11,37,30,31,42,16,27,27,20,20,27,14,26,29,17,23,25,26,20,11,41,33,26,11,24,21,20,18,31,48,29,29,16,10,27,23,14,38,37,31,31,34,72,71,85,25,26,29,14,29,21,21,27,24,29,23,20,16,9,15,15,25,17,17,35,27,17,12,27,41,26,20,15,37,38,25,30,38,32,23,20,9,32,,,,,,,,,,,,,,,,,,,,,,,,,,,,,,17,21,17,20,10,15,32,11,14,17,32,10,14,10,,11,22,26,33,28,37,40,30,17,17,50,30,22,63,27,35,8,36,43,15,42,13,22,23,18,33,26,6,30,16,18,22,11,18,21,10,11,7,10,19,20,15,14,13,12,10,14,14,12,23,22,18,22,24,14,24,21,25,31,24,24,23,24,28,25,20,26,17,16,13,17,15,15,15,16,27,23,25,23,39,27,14,21,19,32,44,25,27,19,24,28,14,24,26,34,9,,6,9,12,18,12,24,23,24,,18,29,20,8,54,40,28,44,35,62,23,53,14,10,6,4,6,18,,3,5,42,22,28,51,47,32,61,41,48,,43,,59,,23,33,19,19,21,22,4,22,28,30,38,28,10,18,17,51,41,67,51,14,10,3,13,25,,,,36,,
20260404,13,PM10,103,70,90,65,31,51,104,30,16,109,54,60,76,64,62,32,38,21,48,55,81,47,84,34,89,89,74,60,65,88,106,90,54,18,28,9,15,36,24,12,30,16,24,13,68,15,13,38,26,29,57,52,35,18,19,29,24,25,25,26,19,14,29,31,45,83,27,34,17,140,158,88,129,49,23,15,59,71,41,22,37,36,28,20,42,63,20,32,47,37,23,35,42,20,28,20,17,31,46,40,11,22,13,32,8,39,23,40,42,75,48,74,70,48,15,36,20,37,30,44,81,27,27,40,64,21,74,83,65,43,79,85,130,50,22,54,66,29,38,29,36,93,37,26,18,60,111,69,31,29,133,141,131,163,141,95,28,128,46,49,,,,,,,,,,,,,,,,,,,,,,,,,,,,,,92,101,6,57,49,72,89,50,74,68,46,16,150,77,,34,150,24,39,28,11,27,29,34,25,48,22,30,36,15,45,9,41,42,15,31,38,93,97,79,84,57,59,85,112,85,30,61,43,38,27,24,14,30,13,34,33,39,20,22,29,30,38,29,69,65,65,64,108,110,77,118,60,117,98,53,106,87,66,60,77,57,66,39,,29,38,24,45,28,14,30,27,37,39,14,23,29,45,29,82,85,47,69,84,98,68,68,49,31,27,,26,27,25,,12,24,,27,,15,45,73,16,76,53,23,56,55,74,23,102,30,13,10,12,9,24,,8,13,116,67,105,228,151,96,100,61,107,,63,,103,,41,64,32,54,52,33,14,43,127,127,103,95,33,38,65,127,139,196,151,59,67,16,55,81,,,,49,,
20260404,13,PM10_24h,53,94,95,125,82,75,102,39,67,112,114,111,87,73,28,54,52,62,45,35,41,34,34,58,68,56,43,53,40,36,57,33,53,16,19,30,19,31,25,14,18,22,21,22,50,18,21,19,74,43,148,39,32,32,39,35,31,34,34,35,38,29,42,32,38,86,33,33,14,206,154,109,141,55,25,28,38,47,61,53,32,43,17,63,103,94,62,70,72,49,62,65,72,51,44,57,18,57,44,45,16,39,26,34,27,44,62,47,43,69,42,131,154,74,68,51,46,47,38,90,102,106,44,35,41,24,173,77,74,150,141,187,45,27,28,22,23,29,43,31,29,80,44,31,22,57,105,56,33,25,210,192,154,145,224,153,79,74,40,116,,,,,,,,,,,,,,,,,,,,,,,,,,,,,,56,62,24,156,48,86,194,46,111,64,50,22,52,29,,24,81,34,38,38,37,52,43,34,32,52,35,51,84,39,41,18,39,57,35,50,27,54,47,60,49,32,17,43,48,54,27,57,25,25,17,17,14,15,25,25,23,25,15,21,22,25,24,22,80,110,69,81,96,70,67,101,46,128,52,43,50,46,44,42,41,63,27,27,16,41,23,28,30,20,42,39,44,36,56,38,29,33,40,50,121,66,44,59,88,50,48,67,52,68,30,,18,20,21,23,25,36,31,33,,27,43,45,16,96,51,42,59,48,82,31,71,21,19,18,21,18,27,,10,12,132,75,83,212,182,99,178,124,155,,169,,163,,63,114,42,47,52,48,19,54,135,110,158,88,29,43,90,147,137,210,237,61,52,13,39,70,,,,51,,
20260404,13,SO2,4,7,2,11,6,3,4,5,8,5,8,6,5,14,11,8,6,7,10,6,8,6,4,9,10,7,6,6,4,9,7,6,6,6,6,5,6,6,5,6,5,4,6,4,7,5,3,12,5,6,3,9,7,6,5,5,9,4,8,4,6,8,5,6,8,6,12,7,7,8,15,9,7,10,5,7,16,6,9,6,5,14,4,8,8,6,7,9,8,5,4,3,4,7,4,5,12,6,7,5,7,6,6,9,4,4,4,10,7,6,7,9,6,6,7,9,8,8,7,8,6,5,6,7,16,6,12,3,7,7,7,13,7,11,8,10,10,6,9,7,4,8,11,19,10,10,5,8,9,6,7,3,3,10,9,9,37,38,6,9,,,,,,,,,,,,,,,,,,,,,,,,,,,,,,6,3,6,8,4,13,8,12,5,14,8,5,8,9,,7,8,8,7,9,6,3,5,8,9,2,7,6,6,9,8,4,6,8,4,5,10,7,10,7,10,7,4,8,8,6,5,7,6,5,3,4,4,6,5,12,13,9,10,3,9,11,8,10,6,7,3,5,6,7,3,6,15,9,10,11,8,6,9,7,5,8,11,10,11,7,6,6,7,4,6,7,5,12,10,9,4,6,9,5,15,9,8,6,9,10,5,8,9,11,5,,6,14,4,11,4,12,4,5,,5,6,6,7,7,9,5,5,5,11,6,8,7,6,5,9,7,6,,7,6,4,9,10,9,16,18,11,4,10,,5,,8,,5,10,5,10,13,9,5,15,7,8,4,4,10,10,4,5,31,4,14,7,6,5,13,11,,,,8,,
20260404,13,SO2_24h,3,7,3,9,7,4,3,3,5,4,5,5,5,7,8,8,6,6,9,5,6,6,4,9,9,6,6,6,5,9,7,6,6,6,5,5,6,5,5,6,6,6,5,4,6,4,2,7,6,7,4,7,5,6,5,5,7,4,7,4,5,8,5,7,8,5,7,4,8,5,8,11,11,7,5,7,9,6,8,7,5,13,3,11,8,5,17,9,9,6,5,4,6,8,5,6,8,7,8,7,7,6,6,5,6,7,6,9,5,5,11,12,4,7,8,9,9,8,7,7,8,7,7,7,10,6,10,3,8,8,7,12,7,7,7,11,9,7,8,10,4,7,8,11,9,8,4,7,10,6,5,2,2,6,7,7,19,18,6,10,,,,,,,,,,,,,,,,,,,,,,,,,,,,,,5,2,5,4,5,12,7,7,7,27,6,5,8,6,,6,8,7,6,9,8,5,6,8,7,2,5,7,7,9,6,4,5,7,6,6,9,6,8,7,9,6,4,8,6,5,5,6,4,5,3,7,4,4,5,9,9,4,9,4,7,11,6,15,7,9,3,5,6,6,4,4,10,7,11,9,6,4,6,6,4,7,8,8,6,6,5,5,7,4,9,7,4,9,10,10,5,5,9,6,10,9,7,4,8,8,5,6,8,9,5,,6,8,5,13,4,11,7,3,,5,6,6,8,7,9,6,7,10,10,6,6,7,6,5,9,8,6,,8,6,6,7,8,8,20,13,10,5,8,,4,,8,,5,11,6,10,11,13,6,13,7,9,5,5,9,7,4,5,15,4,10,7,6,5,11,9,,,,7,,
20260404,13,NO2,12,16,10,13,11,6,11,11,8,10,13,11,5,9,15,10,12,10,24,21,13,17,10,13,15,12,15,15,11,11,9,12,12,9,12,9,7,9,7,11,9,7,9,5,10,8,14,18,12,12,10,12,10,13,20,19,20,32,30,13,16,13,8,6,12,11,7,10,10,25,16,7,10,22,8,10,12,6,13,11,11,14,10,11,11,11,9,13,9,13,7,8,11,11,9,9,10,9,19,10,5,11,7,9,7,4,5,14,7,11,7,7,11,8,7,14,8,8,10,11,10,9,7,11,17,13,13,5,14,7,9,13,14,17,7,7,9,7,9,7,5,11,9,12,12,5,17,11,6,7,25,18,6,16,20,2,12,23,8,3,,,,,,,,,,,,,,,,,,,,,,,,,,,,,,10,14,10,9,4,11,8,14,9,7,9,6,4,13,,6,6,13,11,5,7,6,6,10,10,17,10,10,7,6,9,2,5,13,4,9,6,10,11,12,8,8,4,9,9,9,6,7,13,8,8,4,4,4,9,14,11,18,8,9,14,12,5,8,8,8,13,12,13,13,8,8,5,10,6,9,14,10,7,2,15,10,9,9,12,6,16,6,8,5,17,8,7,11,14,6,12,4,4,4,17,9,11,12,10,11,13,10,6,7,5,,5,7,8,5,5,7,6,5,,3,6,7,7,5,5,4,6,6,11,7,14,6,6,6,4,4,5,,4,5,6,10,14,15,8,17,4,5,10,,8,,8,,3,2,2,2,1,1,4,3,5,4,5,9,4,11,6,21,14,19,6,12,4,7,17,20,,,,9,,
20260404,13,NO2_24h,14,18,10,18,19,13,14,10,11,13,15,14,11,19,23,14,12,21,23,21,19,22,19,22,18,22,23,18,31,18,20,13,17,22,22,38,23,18,18,19,17,19,14,25,22,26,27,25,15,13,12,22,25,21,16,8,18,16,19,21,17,17,11,12,23,33,14,19,13,33,23,12,27,27,19,21,32,18,15,13,13,17,24,14,15,15,11,16,13,14,11,11,10,17,12,12,16,30,15,11,14,9,14,5,19,25,35,17,14,15,19,17,15,31,17,16,14,12,14,19,30,20,16,27,21,23,21,11,18,13,11,16,22,18,12,17,14,15,9,16,10,32,19,13,16,17,35,26,14,15,25,17,22,15,33,6,14,21,9,21,,,,,,,,,,,,,,,,,,,,,,,,,,,,,,10,12,27,13,18,17,18,19,22,22,15,8,12,19,,7,7,15,12,7,16,13,9,10,9,15,19,10,14,11,12,6,13,12,13,17,9,17,15,13,21,22,8,13,12,13,13,9,18,12,16,13,10,11,36,18,14,16,12,16,17,13,11,15,12,13,16,14,14,15,11,11,15,16,15,15,14,11,14,8,19,10,12,17,12,12,18,14,19,9,21,10,12,11,22,11,14,10,10,9,33,29,22,30,36,21,27,10,21,23,5,,16,8,9,8,19,12,9,14,,8,7,10,9,15,10,14,9,9,14,9,20,7,8,10,4,10,15,,4,5,21,38,15,16,23,27,11,16,18,,14,,20,,16,8,2,2,8,3,16,3,19,26,21,19,7,25,12,36,12,40,18,15,10,6,14,23,,,,9,,
20260404,13,O3,109,105,103,100,94,112,117,96,89,124,109,106,117,112,85,99,100,93,95,121,125,120,112,106,114,118,127,128,128,111,109,100,112,110,119,99,110,113,121,113,123,106,104,101,120,112,113,67,102,103,105,101,83,67,48,47,59,42,45,57,51,73,103,86,112,125,111,121,87,53,111,108,107,90,86,86,114,114,96,89,93,102,104,107,105,112,103,117,118,104,102,108,114,104,104,105,68,114,76,78,83,54,71,70,83,87,90,47,118,118,105,103,104,111,94,100,94,91,103,95,102,91,95,99,118,92,103,103,104,96,98,91,108,96,91,94,77,83,77,89,65,120,126,120,105,121,121,108,103,105,54,80,88,82,58,113,113,95,110,110,,,,,,,,,,,,,,,,,,,,,,,,,,,,,,118,101,110,104,105,111,104,99,101,105,94,91,108,100,,89,105,97,98,89,98,92,90,89,78,94,98,94,87,85,113,85,118,92,84,104,80,114,109,108,100,104,88,116,105,106,111,100,110,106,119,98,85,102,102,92,83,85,93,93,83,90,86,99,96,99,110,95,93,99,108,94,102,111,107,102,101,110,106,98,117,70,91,84,81,80,85,92,84,96,47,79,91,98,61,96,53,92,112,98,95,109,129,113,122,110,84,83,112,118,102,,76,107,81,99,107,94,91,97,,93,115,98,96,127,118,101,124,119,137,96,105,69,86,91,88,103,94,,104,69,100,108,50,81,98,102,110,115,107,,108,,91,,100,122,108,117,115,115,108,136,107,118,115,97,106,99,99,88,92,82,94,83,97,90,86,81,,,,92,,
20260404,13,O3_24h,109,105,103,100,94,112,117,96,89,124,109,106,117,112,85,99,100,93,95,121,125,120,112,106,114,118,127,128,128,111,109,100,112,110,119,99,110,113,121,113,123,106,104,101,120,112,113,67,102,103,105,101,83,67,48,47,59,42,45,57,51,73,103,86,112,125,111,121,87,53,111,108,107,90,86,86,114,114,96,89,93,102,104,107,105,112,103,117,118,104,102,108,114,104,104,105,68,114,76,78,83,54,71,70,83,87,90,47,118,118,105,103,104,111,94,100,94,91,103,95,102,91,95,99,118,92,103,103,104,96,98,91,108,96,91,94,77,83,77,89,65,120,126,120,105,121,121,108,103,105,54,80,88,82,58,113,113,95,110,110,,,,,,,,,,,,,,,,,,,,,,,,,,,,,,118,101,110,104,105,111,104,99,101,105,94,91,108,100,,89,105,97,98,89,98,92,90,89,78,94,98,94,87,85,113,85,118,92,84,104,80,114,109,108,100,104,88,116,105,106,111,100,110,106,119,98,85,102,102,92,83,85,93,93,83,90,86,99,96,99,110,95,93,99,108,94,102,111,107,102,101,110,106,98,117,70,91,84,81,80,85,92,84,96,47,79,91,98,61,96,53,92,112,98,95,109,129,113,122,110,84,83,112,118,102,,76,107,81,99,107,94,91,97,,93,115,98,96,127,118,101,124,119,137,96,105,69,86,91,88,103,94,,104,69,100,108,50,81,98,102,110,115,107,,108,,91,,100,122,108,117,115,115,108,136,107,118,115,97,106,99,99,88,92,82,94,83,97,90,86,81,,,,92,,
20260404,13,O3_8h,68,71,73,68,74,84,76,70,59,74,78,79,80,58,52,79,83,69,63,80,74,76,79,83,79,70,74,75,73,68,75,86,83,68,93,57,62,82,81,75,96,66,71,48,66,63,49,37,86,80,82,53,33,50,33,45,48,31,34,39,44,55,57,64,50,48,60,69,62,37,63,73,54,61,39,47,56,77,81,76,71,85,49,90,83,86,84,92,90,88,87,88,91,85,86,91,37,60,61,48,51,44,52,52,58,56,61,33,75,84,58,68,60,57,65,78,79,74,83,72,69,75,69,52,65,60,66,78,73,71,80,65,39,53,65,34,31,40,51,44,51,42,62,73,57,67,51,46,55,79,65,61,41,51,72,110,88,51,92,79,,,,,,,,,,,,,,,,,,,,,,,,,,,,,,86,66,52,72,63,65,69,57,51,67,65,73,69,65,,78,98,73,79,72,66,71,73,84,82,63,63,86,68,68,74,69,82,77,62,80,61,82,74,82,63,60,54,81,68,71,58,69,68,68,58,55,50,58,52,56,35,50,62,53,45,50,53,64,74,79,82,73,74,77,74,74,55,63,53,56,61,62,56,58,60,27,35,28,38,34,32,36,29,35,40,60,61,63,37,65,36,54,61,76,35,52,69,38,39,49,28,48,44,53,46,,38,67,77,68,44,57,71,44,,43,96,76,81,85,72,66,96,99,75,81,83,36,60,69,72,69,54,,92,53,54,48,27,53,73,57,75,67,68,,83,,50,,54,79,80,93,86,73,57,117,51,57,73,75,96,55,62,54,82,25,58,75,60,98,63,28,,,,59,,
20260404,13,O3_8h_24h,68,71,73,68,73,84,76,70,59,74,78,79,80,58,52,79,83,69,63,80,73,76,78,83,79,70,74,75,73,68,75,75,83,68,93,57,62,82,81,75,96,66,71,48,66,63,49,37,86,80,82,53,35,50,27,38,48,27,33,39,43,55,57,64,50,48,60,69,61,35,63,65,54,61,39,47,56,77,81,74,71,85,49,90,83,89,84,92,90,88,87,88,91,85,86,91,37,60,61,46,51,44,49,52,58,56,61,33,75,84,58,68,60,57,65,78,79,74,83,72,69,75,69,52,65,60,66,78,73,71,80,65,39,53,64,34,31,40,51,44,51,50,62,73,57,67,51,46,55,79,48,61,41,51,43,110,88,51,91,73,,,,,,,,,,,,,,,,,,,,,,,,,,,,,,86,66,52,72,63,65,69,57,51,67,65,73,69,65,,78,98,73,79,72,66,71,73,78,70,63,63,88,68,68,74,69,82,77,62,80,61,82,74,79,63,60,54,81,68,71,58,67,68,68,58,55,50,58,52,56,35,50,62,53,45,50,53,64,74,79,82,73,73,77,74,74,55,63,53,56,61,62,56,58,60,27,35,28,38,34,32,36,29,35,38,60,58,63,37,65,36,54,61,69,35,52,69,38,39,49,28,48,44,53,46,,38,67,73,68,44,57,71,44,,43,75,76,80,85,72,66,96,99,75,81,43,36,59,68,63,69,54,,92,49,54,48,25,53,73,57,75,67,68,,80,,50,,54,79,80,93,86,73,57,115,51,57,73,75,94,55,62,54,82,25,58,61,60,86,59,26,,,,52,,
20260404,13,CO,0.49,0.53,0.40,0.69,0.30,0.35,0.37,0.33,0.40,0.50,0.30,0.38,0.38,0.48,0.38,0.46,0.48,0.33,0.51,0.69,0.73,0.79,0.54,0.57,0.38,0.66,0.73,0.47,0.60,0.65,0.48,0.60,0.35,0.49,0.47,0.37,0.41,0.80,0.53,0.33,0.55,0.47,0.50,0.40,0.51,0.42,0.47,0.57,0.40,0.44,0.31,0.49,0.89,0.68,0.68,0.60,0.63,0.65,0.60,0.73,0.63,0.57,0.46,0.45,0.50,0.42,0.27,0.54,0.30,0.47,0.50,0.55,0.32,0.43,0.52,0.53,0.56,0.26,0.50,0.50,0.30,0.47,0.63,0.20,0.52,0.50,0.20,0.37,0.48,0.30,0.26,0.37,0.42,0.52,0.35,0.40,1.10,0.75,0.73,0.73,0.50,0.70,0.55,0.70,0.55,0.50,0.63,0.60,0.40,0.30,0.40,0.40,0.55,0.34,0.40,0.68,0.43,0.48,0.42,0.78,0.40,0.43,0.17,0.48,1.23,0.58,0.37,0.25,0.55,0.25,0.28,0.33,0.30,0.53,0.82,0.85,0.40,0.73,0.78,0.63,0.55,0.50,0.65,1.15,0.63,0.43,0.50,0.30,0.43,0.58,0.60,0.35,0.30,0.38,0.50,0.40,1.30,1.18,0.50,0.25,,,,,,,,,,,,,,,,,,,,,,,,,,,,,,0.25,0.20,0.60,0.20,0.23,0.45,0.30,0.63,0.30,0.33,0.50,0.20,0.35,0.47,,0.30,0.45,0.40,0.40,0.35,0.47,0.30,0.40,0.50,0.80,0.30,0.20,0.50,0.13,0.30,0.33,0.27,0.30,0.50,0.30,0.30,0.30,0.35,0.38,0.30,0.43,0.57,0.45,0.30,0.34,0.33,0.35,0.10,0.80,0.33,0.60,0.40,0.35,0.55,0.45,0.63,1.07,1.45,0.50,0.64,0.75,0.93,0.93,0.60,0.40,0.38,0.30,0.23,0.35,0.45,0.27,0.27,0.70,0.40,0.50,0.53,0.50,0.50,0.43,0.60,0.63,0.50,1.17,0.80,1.10,0.50,0.70,0.25,0.55,0.35,0.45,0.57,0.63,0.73,0.73,0.45,0.70,0.60,0.65,0.60,0.83,0.55,0.37,0.57,0.75,0.70,0.30,0.35,0.55,0.45,0.30,,0.20,0.70,0.40,0.43,0.60,0.50,0.30,0.40,,0.55,0.30,0.30,0.50,0.50,0.30,0.40,0.50,0.40,0.45,0.50,0.70,0.30,0.40,0.30,0.25,0.30,0.50,,0.35,0.40,0.30,0.37,0.50,0.40,0.35,0.30,0.30,0.25,0.30,,0.25,,0.45,,0.25,0.40,0.40,0.20,0.30,0.20,0.30,0.30,0.30,0.25,0.25,0.35,0.20,0.25,0.15,0.45,0.25,0.40,0.50,0.40,,0.10,0.45,0.55,,,,0.60,,
20260404,13,CO_24h,0.34,0.57,0.18,0.73,0.50,0.35,0.24,0.27,0.30,0.43,0.35,0.30,0.35,0.38,0.36,0.61,0.51,0.60,0.57,0.62,0.60,0.82,0.62,0.73,0.40,0.60,0.87,0.66,0.58,0.72,0.56,0.56,0.53,0.59,0.54,0.60,0.51,0.83,0.68,0.53,0.60,0.67,0.50,0.60,0.60,0.53,0.60,0.68,0.45,0.53,0.36,0.54,0.69,0.66,0.56,0.50,0.53,0.35,0.43,0.70,0.63,0.57,0.59,0.40,0.54,0.62,0.43,0.52,0.27,0.35,0.50,0.55,0.40,0.40,0.60,0.58,0.51,0.30,0.68,0.57,0.40,0.60,0.70,0.36,0.48,0.53,0.42,0.45,0.54,0.40,0.43,0.47,0.35,0.70,0.45,0.52,0.77,1.05,0.67,0.67,0.75,0.60,0.55,0.57,0.65,0.80,1.03,0.60,0.43,0.40,0.59,0.43,0.35,0.36,0.52,0.94,0.63,0.68,0.52,0.93,0.70,0.73,0.32,0.68,0.70,0.62,0.38,0.23,0.55,0.33,0.30,0.27,0.47,0.57,0.68,0.93,0.55,0.83,0.63,0.74,0.50,0.63,0.70,0.77,0.67,0.57,0.63,0.40,0.53,0.58,0.47,0.30,0.35,0.30,0.40,0.40,0.67,0.74,0.48,0.30,,,,,,,,,,,,,,,,,,,,,,,,,,,,,,0.30,0.30,0.90,0.27,0.27,0.30,0.35,0.40,0.30,0.57,0.57,0.20,0.40,0.35,,0.30,0.50,0.50,0.53,0.55,0.70,0.57,0.50,0.50,0.85,0.25,0.30,0.40,0.33,0.37,0.40,0.30,0.40,0.53,0.40,0.40,0.25,0.38,0.40,0.35,0.67,0.57,0.50,0.45,0.42,0.27,0.35,0.17,0.72,0.37,0.67,1.03,0.55,0.75,0.75,0.73,0.73,0.65,0.50,0.72,0.80,0.72,0.98,0.65,0.45,0.42,0.30,0.30,0.38,0.43,0.33,0.20,0.80,0.37,0.56,0.57,0.47,0.50,0.33,0.70,0.67,0.45,1.02,0.80,1.00,0.65,0.77,0.40,0.75,0.45,0.55,0.60,0.65,0.67,0.77,0.60,0.70,0.70,0.75,0.70,0.73,0.65,0.50,0.70,0.85,0.75,0.40,0.35,0.70,0.60,0.20,,0.20,0.50,0.40,0.53,0.70,0.55,0.35,0.60,,0.65,0.30,0.30,0.45,0.65,0.40,0.50,0.40,0.40,0.60,0.40,0.60,0.30,0.45,0.30,0.25,0.35,0.90,,0.35,0.40,0.43,0.43,0.50,0.40,0.50,0.35,0.30,0.35,0.35,,0.25,,0.60,,0.40,0.50,0.40,0.20,0.30,0.40,0.40,0.40,0.40,0.45,0.40,0.45,0.10,0.40,0.25,0.70,0.25,0.65,0.45,0.40,0.50,0.10,0.30,0.50,,,,0.60,,
20260404,14,AQI,74,58,73,57,39,56,71,35,30,67,52,54,61,64,69,32,40,30,41,58,68,50,71,36,66,73,68,57,59,72,77,70,56,36,39,33,37,46,38,37,39,34,32,34,62,37,40,38,33,33,60,58,33,21,18,36,18,33,27,26,17,23,36,30,46,67,35,37,31,92,71,55,86,47,31,31,64,56,36,29,35,47,35,35,43,55,35,37,44,34,34,36,37,34,35,34,24,36,55,43,28,24,25,31,24,46,28,29,35,56,51,60,63,62,30,37,30,36,34,39,64,30,31,42,56,33,60,68,55,36,71,66,91,58,30,57,68,33,55,33,36,72,42,40,35,60,80,65,35,35,91,86,83,103,96,87,36,80,44,52,,,,,,,,,,,,,,,,,,,,,,,,,,,,,,69,70,38,58,52,71,73,50,66,71,38,29,103,76,,53,80,32,37,29,31,30,29,31,37,53,31,34,44,27,46,27,34,46,26,41,37,65,70,58,75,55,71,67,78,64,42,61,53,45,37,32,28,32,34,39,32,37,32,30,29,31,43,34,61,57,59,53,80,81,49,84,60,85,78,56,81,74,63,52,71,54,55,41,41,27,29,35,50,32,18,28,31,46,44,34,23,30,38,33,65,75,53,55,59,91,66,63,56,39,33,,26,35,31,31,36,30,30,31,,28,41,93,29,65,49,32,50,53,74,30,77,27,25,31,30,33,32,,33,23,75,61,84,133,90,73,101,51,90,,57,,72,,44,54,34,52,37,38,34,43,89,106,74,65,34,35,54,87,90,108,121,52,75,30,51,50,,,,47,,
20260404,14,PM2.5,42,34,29,27,17,13,34,5,6,39,33,18,19,19,14,13,28,15,27,41,14,35,22,15,26,36,25,23,23,34,26,45,24,9,16,3,11,32,23,6,18,8,14,4,16,3,17,24,7,10,10,24,12,10,12,25,12,22,17,17,11,8,11,19,20,30,6,15,5,27,30,18,28,15,9,11,24,10,21,13,17,33,11,4,21,19,9,13,9,15,5,8,18,5,18,4,11,17,39,30,3,17,12,22,3,6,6,11,10,16,7,10,12,13,6,26,12,19,17,27,41,21,12,20,24,11,7,14,11,10,12,13,20,25,9,30,17,14,39,9,19,32,18,15,8,15,28,24,16,15,29,31,22,29,33,21,9,28,12,10,,,,,,,,,,,,,,,,,,,,,,,,,,,,,,24,10,3,6,10,12,15,11,3,21,13,13,24,14,,8,24,9,20,14,7,14,8,22,26,37,17,22,31,3,32,6,12,32,6,29,26,10,17,18,23,18,18,20,12,26,18,12,23,23,3,9,3,3,3,27,11,16,15,10,12,13,30,14,11,6,23,9,18,20,14,21,24,19,24,24,22,22,38,18,21,25,33,15,29,14,19,10,10,14,11,12,15,32,28,5,14,8,12,12,32,29,16,19,14,29,19,27,23,20,8,,3,16,22,15,3,16,11,13,,3,20,29,3,36,26,15,35,37,54,10,53,15,10,9,3,3,14,,7,3,31,21,37,62,36,34,42,16,45,,26,,40,,8,21,10,13,12,7,3,22,25,38,27,20,7,6,6,36,39,62,40,11,3,3,14,15,,,,33,,
20260404,14,PM2.5_24h,17,33,15,52,45,23,28,8,16,36,47,33,19,13,12,30,30,50,35,31,21,31,22,34,22,35,26,27,33,27,30,24,38,9,12,24,14,25,21,9,15,15,15,13,22,9,17,16,23,22,26,27,21,19,25,25,19,25,22,24,25,18,26,22,22,33,15,19,6,35,46,40,32,19,16,20,19,11,35,29,29,40,16,26,27,21,19,27,14,26,28,16,22,22,25,19,10,40,33,26,11,24,20,20,16,30,46,29,29,17,10,26,21,13,34,36,29,30,31,62,71,79,24,27,30,14,28,20,21,25,24,28,23,21,15,10,15,15,26,16,17,35,27,17,12,27,41,26,21,16,37,39,22,30,38,32,23,21,10,31,,,,,,,,,,,,,,,,,,,,,,,,,,,,,,18,20,16,18,10,13,31,11,13,18,29,10,14,10,,11,21,23,32,27,34,37,28,17,16,50,29,23,60,26,35,8,35,40,15,42,14,21,23,18,34,25,6,29,16,18,22,12,18,21,10,10,7,9,18,21,15,14,13,13,10,14,15,13,23,21,18,22,24,15,24,21,25,32,25,25,23,25,29,25,20,26,18,16,14,17,16,15,15,16,26,22,25,23,39,24,13,20,18,31,44,26,27,20,24,29,15,25,27,35,9,,6,10,13,18,12,24,22,24,,18,29,20,8,54,40,28,44,36,62,22,54,14,10,6,4,6,19,,4,5,42,22,29,52,47,32,60,39,48,,42,,58,,23,33,18,19,21,21,4,22,26,29,37,28,10,17,18,51,42,68,52,15,10,3,13,25,,,,37,,
20260404,14,PM10,98,65,95,64,39,62,92,35,26,84,53,57,71,77,87,30,36,21,41,58,85,49,91,35,81,96,85,63,68,94,103,90,61,20,32,11,18,40,35,15,30,18,21,18,73,12,18,38,28,27,70,66,31,18,18,30,18,33,27,26,17,13,26,28,46,83,24,25,15,133,92,59,121,47,24,15,78,62,36,21,35,46,20,21,43,60,20,28,44,34,22,34,37,21,32,18,16,35,46,41,12,23,13,29,8,46,22,29,23,61,52,69,76,73,14,33,21,36,33,35,78,24,24,42,62,33,70,86,60,36,91,82,131,65,21,64,85,33,46,25,36,94,34,23,16,69,109,80,30,27,132,121,116,156,141,124,32,109,44,53,,,,,,,,,,,,,,,,,,,,,,,,,,,,,,88,89,7,65,53,91,95,50,81,92,38,21,156,101,,56,109,27,37,26,14,22,24,29,26,45,20,34,37,12,43,10,32,43,18,33,36,79,89,65,100,59,92,83,106,77,42,71,56,45,18,29,18,31,13,36,32,37,20,20,28,28,41,34,72,63,68,56,109,111,49,118,70,119,105,62,111,97,75,54,91,57,60,41,,27,22,35,50,21,13,28,30,38,44,20,23,24,29,28,80,99,55,60,67,132,82,76,61,39,26,,16,26,31,17,16,27,12,23,,10,41,135,15,79,49,20,40,51,67,24,104,25,14,14,11,7,32,,10,9,100,71,118,215,129,95,151,52,130,,64,,93,,44,57,32,54,37,31,10,40,127,161,98,80,21,26,57,124,130,165,191,54,100,14,51,50,,,,43,,
20260404,14,PM10_24h,52,92,77,123,79,75,93,29,62,107,113,109,84,65,31,51,51,54,44,37,43,36,37,56,70,59,45,54,42,39,60,35,54,15,20,29,18,31,26,14,19,21,21,22,50,18,20,20,73,42,149,41,33,31,38,35,30,33,34,34,37,28,40,32,39,88,33,33,14,202,151,108,133,55,25,28,39,47,58,50,32,41,18,62,99,94,60,69,73,47,60,65,71,47,42,55,16,56,44,44,15,37,25,34,25,44,60,47,43,70,40,127,142,68,62,49,44,45,36,79,103,97,42,36,42,25,172,78,75,148,144,185,50,28,27,24,27,29,44,29,30,82,45,31,22,59,108,58,33,25,206,188,119,143,220,149,77,74,40,113,,,,,,,,,,,,,,,,,,,,,,,,,,,,,,59,64,23,152,47,75,193,41,94,66,49,22,57,32,,24,79,32,37,36,35,49,40,33,31,51,34,50,79,38,40,18,39,53,35,50,28,56,49,62,52,33,20,45,51,56,28,58,27,26,17,16,15,16,25,26,23,25,15,21,22,26,25,23,80,110,70,82,100,73,67,105,47,130,55,45,52,49,47,42,43,65,28,28,16,42,23,29,31,21,40,38,43,36,56,35,28,32,39,49,120,69,46,61,89,54,50,70,53,69,30,,19,20,21,23,25,36,30,33,,26,43,49,16,96,51,41,59,48,82,31,71,21,19,18,21,18,28,,10,12,130,69,87,214,182,97,173,120,152,,158,,158,,63,114,41,47,51,47,18,54,122,103,152,89,28,42,89,147,136,212,235,61,55,13,40,70,,,,51,,
20260404,14,SO2,4,7,3,10,7,4,4,6,5,4,6,6,5,12,10,7,6,6,9,6,8,5,4,10,10,6,6,6,5,9,7,7,6,6,5,5,6,6,6,6,6,4,5,4,7,5,4,13,5,7,4,9,6,5,5,5,7,4,8,4,5,8,5,7,8,6,13,5,6,9,9,7,6,9,5,7,9,5,8,6,6,14,4,8,8,6,6,8,8,6,5,3,4,7,5,5,9,7,6,4,7,6,6,13,5,5,4,9,4,5,5,10,8,6,6,10,9,8,8,7,6,5,6,7,15,6,12,3,7,8,9,13,7,12,8,11,6,7,9,7,4,8,8,16,9,10,4,8,9,6,7,3,2,7,11,8,45,14,7,9,,,,,,,,,,,,,,,,,,,,,,,,,,,,,,6,2,6,8,4,12,7,9,5,7,6,5,7,6,,6,8,11,6,9,6,3,5,8,6,3,7,5,5,9,7,4,5,7,22,5,9,7,9,7,10,6,4,8,7,7,5,7,5,6,3,4,3,6,6,8,12,8,6,4,9,9,7,7,6,8,4,5,6,7,3,6,11,10,10,9,6,5,8,8,6,8,9,10,10,8,5,5,4,4,7,7,5,11,9,10,4,11,8,5,4,8,9,5,9,9,6,7,9,10,5,,6,16,5,11,4,11,4,4,,6,7,7,7,7,8,5,5,4,10,6,8,7,5,5,9,8,5,,7,5,4,8,9,9,12,17,11,4,11,,5,,8,,5,7,5,10,13,4,4,15,5,8,4,3,11,8,3,5,8,4,6,7,6,5,13,10,,,,7,,
20260404,14,SO2_24h,3,7,3,9,7,4,3,4,4,4,5,5,4,7,8,8,6,6,9,5,6,6,4,8,9,6,6,6,5,9,7,6,6,6,5,5,6,5,5,6,6,6,5,4,6,4,3,7,6,7,4,8,5,6,5,5,7,4,7,4,5,8,5,7,8,5,8,4,8,5,8,12,11,7,5,7,10,6,8,7,5,13,3,10,8,5,15,9,9,6,5,4,6,8,5,6,7,7,7,7,7,6,6,5,6,7,6,9,5,5,11,12,4,7,8,9,9,8,7,7,8,7,7,7,10,6,10,3,8,8,7,12,7,7,7,11,9,7,8,10,4,7,8,11,9,8,4,7,11,6,5,2,2,6,7,7,20,18,6,10,,,,,,,,,,,,,,,,,,,,,,,,,,,,,,5,2,5,4,5,12,7,7,7,27,6,5,8,6,,6,8,7,6,9,8,5,6,8,7,2,5,7,6,9,6,4,5,7,7,6,9,6,8,7,9,6,4,8,6,5,5,6,4,5,3,7,4,5,5,9,9,4,9,4,7,11,6,15,7,9,3,5,6,6,4,4,10,7,11,10,6,4,7,6,4,7,8,8,6,6,5,5,6,4,8,7,4,9,10,10,5,6,9,5,10,9,7,4,9,8,5,7,8,10,5,,6,9,5,13,4,11,6,3,,5,6,6,8,7,9,6,7,10,10,6,6,7,6,5,9,8,6,,8,6,6,7,8,8,20,13,10,5,8,,4,,8,,5,11,6,10,11,13,6,13,7,9,5,5,9,7,4,5,15,4,10,7,6,5,11,9,,,,8,,
20260404,14,NO2,11,15,10,13,12,6,9,11,8,8,12,11,5,10,24,10,12,9,20,20,12,17,10,13,14,12,15,15,12,11,9,12,9,9,13,9,8,9,9,11,9,8,10,5,9,9,12,18,12,12,9,11,8,15,23,20,20,33,31,16,14,12,8,4,10,9,7,7,8,21,10,5,8,22,7,9,9,5,13,11,12,15,11,10,11,9,9,12,9,15,8,9,11,12,10,10,9,11,11,9,5,13,6,8,10,6,5,10,5,11,6,7,11,9,6,13,9,8,10,10,9,12,7,9,16,14,13,6,14,9,9,12,15,16,8,6,8,7,8,6,4,9,8,10,11,5,11,9,6,7,20,14,5,11,31,2,9,9,6,2,,,,,,,,,,,,,,,,,,,,,,,,,,,,,,9,14,9,8,3,8,8,10,7,3,7,6,3,9,,5,6,13,13,6,8,5,5,10,9,18,9,10,9,5,8,3,4,13,4,9,7,10,8,11,7,8,5,9,8,10,6,7,14,8,7,4,4,3,8,12,10,16,5,8,12,10,5,8,8,9,14,11,12,11,8,6,4,9,5,9,8,9,6,3,15,5,7,7,8,5,18,5,6,3,14,8,6,10,14,7,11,3,3,5,9,9,10,9,9,9,12,9,5,5,6,,5,6,8,3,5,8,4,4,,3,6,8,8,5,4,4,5,6,8,7,12,7,6,5,4,3,4,,2,3,6,8,15,16,7,15,2,4,11,,9,,9,,2,3,2,1,1,2,2,1,3,4,5,6,4,7,5,8,4,7,8,14,5,6,9,9,,,,7,,
20260404,14,NO2_24h,14,18,11,18,19,13,14,10,11,12,15,14,11,20,23,14,12,20,23,21,19,22,19,22,18,21,22,18,31,18,19,13,17,20,21,36,22,17,17,18,17,18,13,24,21,25,26,26,15,13,12,22,26,21,17,9,18,17,20,22,17,17,11,12,23,33,14,19,13,34,23,12,27,27,19,21,32,18,14,13,13,16,23,15,16,15,12,16,13,14,11,11,10,17,12,12,16,30,15,11,13,9,14,6,18,24,34,17,14,15,19,18,16,31,16,16,14,12,13,18,31,19,16,27,21,23,21,11,18,13,12,16,21,18,12,17,13,14,10,15,10,32,19,13,16,17,35,26,14,15,26,18,22,15,34,6,14,21,9,21,,,,,,,,,,,,,,,,,,,,,,,,,,,,,,10,13,27,14,17,17,18,20,22,22,15,8,12,19,,7,7,14,12,7,15,13,9,10,9,15,19,10,13,11,12,6,12,12,13,16,9,17,15,13,20,22,8,12,12,14,13,9,17,11,15,12,10,11,35,18,14,16,12,16,16,13,11,15,12,13,16,15,15,16,11,10,14,16,15,15,14,11,14,8,19,10,12,17,12,12,18,14,19,9,21,10,12,12,22,11,13,10,10,9,33,28,22,30,36,21,27,10,21,23,5,,16,8,9,8,19,12,9,14,,9,7,10,9,15,10,14,9,9,14,9,20,7,8,10,4,10,15,,4,5,21,38,15,16,23,27,11,15,18,,14,,20,,16,8,2,2,8,3,16,3,19,26,21,19,7,24,12,36,12,40,18,15,10,6,14,23,,,,9,,
20260404,14,O3,119,113,116,105,99,116,119,104,97,127,116,110,122,118,103,102,104,95,94,129,132,134,117,114,118,125,141,140,137,117,118,114,123,115,126,104,119,122,123,118,126,110,101,110,125,118,129,78,107,105,112,114,106,67,42,54,59,38,49,52,54,74,116,95,122,136,112,119,98,61,120,120,112,98,98,100,116,115,101,93,95,111,113,111,109,117,113,119,124,108,108,115,117,108,113,108,76,114,84,92,88,57,80,98,76,96,89,63,111,118,108,110,110,116,96,103,97,93,108,96,104,84,98,112,127,94,108,104,111,102,101,97,114,100,95,106,82,95,95,104,67,133,134,128,112,132,138,112,113,113,66,89,91,96,43,113,116,107,114,113,,,,,,,,,,,,,,,,,,,,,,,,,,,,,,126,104,120,112,105,116,108,109,108,107,94,92,106,111,,92,107,103,103,92,99,95,93,90,79,97,98,92,87,86,109,86,110,101,84,109,82,117,116,117,111,108,91,122,113,111,118,107,121,117,118,101,88,101,108,98,102,94,102,96,93,98,91,105,100,104,120,98,95,108,113,106,107,115,111,112,115,126,124,104,122,91,103,107,104,87,92,106,100,103,57,87,99,111,77,108,68,97,122,104,112,114,136,125,130,120,97,100,121,123,105,,83,113,89,100,114,97,95,100,,91,115,102,94,129,117,102,122,119,139,96,117,85,81,98,95,104,97,,106,74,108,114,58,78,107,120,112,120,107,,109,,99,,100,128,110,121,113,121,108,139,115,118,116,105,108,112,105,118,107,99,102,102,98,97,98,99,,,,107,,
20260404,14,O3_24h,119,113,116,105,99,116,119,104,97,127,116,110,122,118,103,102,104,95,94,129,132,134,117,114,118,125,141,140,137,117,118,114,123,115,126,104,119,122,123,118,126,110,101,110,125,118,129,78,107,105,112,114,106,67,42,54,59,38,49,52,54,74,116,95,122,136,112,119,98,61,120,120,112,98,98,100,116,115,101,93,95,111,113,111,109,117,113,119,124,108,108,115,117,108,113,108,76,114,84,92,88,57,80,98,76,96,89,63,111,118,108,110,110,116,96,103,97,93,108,96,104,84,98,112,127,94,108,104,111,102,101,97,114,100,95,106,82,95,95,104,67,133,134,128,112,132,138,112,113,113,66,89,91,96,43,113,116,107,114,113,,,,,,,,,,,,,,,,,,,,,,,,,,,,,,126,104,120,112,105,116,108,109,108,107,94,92,106,111,,92,107,103,103,92,99,95,93,90,79,97,98,92,87,86,109,86,110,101,84,109,82,117,116,117,111,108,91,122,113,111,118,107,121,117,118,101,88,101,108,98,102,94,102,96,93,98,91,105,100,104,120,98,95,108,113,106,107,115,111,112,115,126,124,104,122,91,103,107,104,87,92,106,100,103,57,87,99,111,77,108,68,97,122,104,112,114,136,125,130,120,97,100,121,123,105,,83,113,89,100,114,97,95,100,,91,115,102,94,129,117,102,122,119,139,96,117,85,81,98,95,104,97,,106,74,108,114,58,78,107,120,112,120,107,,109,,99,,100,128,110,121,113,121,108,139,115,118,116,105,108,112,105,118,107,99,102,102,98,97,98,99,,,,107,,
20260404,14,O3_8h,77,79,80,77,76,91,86,77,67,83,85,86,88,69,62,84,87,75,71,89,81,86,85,91,87,83,88,86,85,78,84,86,91,78,99,68,73,90,89,84,102,75,77,61,78,75,62,44,90,85,88,64,43,53,34,45,51,31,37,42,46,59,67,68,63,64,70,79,66,41,72,73,67,67,50,57,68,85,84,79,76,89,61,94,89,90,89,97,97,92,91,92,95,90,91,95,44,72,67,52,60,46,55,58,61,65,68,37,82,92,69,77,69,69,72,83,83,78,88,76,80,79,75,64,77,64,74,83,80,76,84,72,52,59,69,47,42,48,58,53,55,54,74,82,67,79,66,58,66,85,52,66,49,58,73,111,92,61,95,79,,,,,,,,,,,,,,,,,,,,,,,,,,,,,,93,72,66,82,73,74,79,65,61,74,70,77,77,76,,80,99,79,84,77,73,77,76,84,82,70,72,88,71,74,81,75,89,81,68,86,66,89,84,85,71,69,62,88,78,89,70,74,78,78,69,65,59,66,64,64,46,58,69,60,53,59,61,71,79,83,89,79,78,82,82,78,66,71,66,67,72,72,68,65,74,35,47,47,49,43,42,48,41,48,40,63,63,71,44,72,40,62,70,76,47,62,83,54,55,61,39,56,58,68,58,,46,74,77,73,58,66,75,55,,53,99,81,82,92,80,73,101,102,87,84,88,43,63,72,72,77,61,,95,54,66,62,30,58,78,67,82,77,74,,84,,58,,63,86,86,97,92,81,64,119,62,69,79,79,96,64,68,65,85,37,66,75,67,98,65,37,,,,60,,
20260404,14,O3_8h_24h,77,79,80,77,76,91,86,77,67,83,85,86,88,69,62,84,87,75,71,89,83,86,85,91,87,83,85,86,85,78,84,80,91,78,99,68,73,90,89,84,102,75,77,61,78,75,62,44,90,85,88,64,47,53,30,39,51,29,37,42,46,59,67,68,63,64,70,79,66,40,72,71,67,67,50,57,68,85,84,79,76,89,61,94,89,95,89,97,97,92,91,92,95,90,91,95,44,72,67,52,60,46,55,58,61,65,68,37,82,92,69,77,69,69,72,83,83,78,88,76,80,79,75,64,77,64,74,83,80,76,84,72,52,59,68,47,42,48,58,53,55,66,74,82,67,79,66,58,66,85,52,66,49,58,46,111,92,61,95,76,,,,,,,,,,,,,,,,,,,,,,,,,,,,,,93,72,66,82,73,74,79,65,61,74,70,77,77,76,,80,99,79,84,77,73,77,76,81,73,70,72,91,71,74,81,75,89,81,68,86,66,89,84,85,71,69,62,88,78,76,70,74,78,78,69,65,59,66,64,64,46,58,69,60,53,59,61,71,79,83,89,79,78,82,82,78,66,71,66,67,72,72,68,65,74,35,47,47,49,43,42,48,41,48,40,63,62,71,44,72,40,62,70,74,47,62,83,54,55,61,39,56,58,68,58,,46,74,76,73,58,66,75,55,,53,81,81,82,92,80,73,101,102,87,84,49,43,63,72,66,77,61,,95,52,66,62,30,58,78,67,82,77,74,,82,,58,,63,86,86,97,92,81,64,119,62,69,79,79,95,64,68,65,85,37,66,63,67,86,65,37,,,,58,,
20260404,14,CO,0.45,0.49,0.44,0.63,0.30,0.35,0.33,0.33,0.30,0.40,0.30,0.38,0.35,0.52,0.34,0.44,0.48,0.33,0.44,0.68,0.67,0.77,0.52,0.57,0.40,0.60,0.73,0.47,0.62,0.63,0.40,0.60,0.37,0.48,0.44,0.33,0.39,0.82,0.47,0.33,0.55,0.53,0.50,0.35,0.48,0.40,0.45,0.62,0.39,0.41,0.31,0.48,0.69,0.70,0.70,0.63,0.63,0.60,0.60,0.73,0.68,0.57,0.45,0.45,0.45,0.42,0.37,0.46,0.28,0.46,0.37,0.55,0.32,0.40,0.42,0.48,0.41,0.24,0.60,0.45,0.27,0.47,0.63,0.20,0.50,0.43,0.30,0.33,0.48,0.32,0.30,0.37,0.38,0.52,0.35,0.42,0.80,0.77,0.70,0.73,0.50,0.70,0.50,0.77,0.55,0.60,0.63,0.55,0.33,0.30,0.39,0.42,0.67,0.36,0.36,0.64,0.43,0.50,0.42,0.72,0.40,0.43,0.17,0.50,1.10,0.58,0.36,0.20,0.52,0.25,0.30,0.33,0.33,0.47,0.82,0.88,0.40,0.70,0.82,0.60,0.50,0.50,0.57,1.13,0.63,0.43,0.47,0.25,0.40,0.55,0.53,0.35,0.30,0.34,0.60,0.40,0.97,0.56,0.52,0.25,,,,,,,,,,,,,,,,,,,,,,,,,,,,,,0.25,0.20,0.65,0.20,0.20,0.35,0.25,0.47,0.25,0.27,0.43,0.20,0.30,0.40,,0.30,0.40,0.40,0.40,0.35,0.50,0.27,0.40,0.45,0.85,0.30,0.20,0.47,0.17,0.30,0.37,0.28,0.25,0.47,0.30,0.30,0.30,0.32,0.34,0.25,0.43,0.55,0.45,0.30,0.26,0.25,0.35,0.10,0.72,0.40,0.63,0.37,0.35,0.50,0.40,0.60,1.33,1.25,0.50,0.62,0.80,0.70,0.88,0.60,0.40,0.40,0.35,0.20,0.33,0.45,0.20,0.23,0.60,0.37,0.48,0.43,0.37,0.60,0.30,0.60,0.63,0.45,0.88,0.65,1.00,0.50,0.57,0.25,0.40,0.30,0.40,0.57,0.60,0.73,0.70,0.45,0.70,0.60,0.65,0.60,0.57,0.50,0.37,0.50,0.70,0.60,0.30,0.30,0.55,0.45,0.20,,0.20,0.65,0.37,0.43,0.35,0.50,0.30,0.35,,0.55,0.30,0.30,0.45,0.50,0.20,0.40,0.30,0.40,0.35,0.50,0.60,0.30,0.40,0.25,0.25,0.30,0.50,,0.35,0.40,0.30,0.33,0.60,0.40,0.30,0.25,0.30,0.25,0.35,,0.25,,0.45,,0.25,0.40,0.30,0.10,0.30,0.10,0.20,0.30,0.23,0.25,0.25,0.30,0.20,0.30,0.20,0.35,0.15,0.30,0.50,0.45,,,0.35,0.45,,,,0.60,,
20260404,14,CO_24h,0.33,0.57,0.20,0.73,0.45,0.35,0.24,0.27,0.30,0.43,0.35,0.30,0.35,0.40,0.36,0.61,0.51,0.55,0.57,0.63,0.61,0.82,0.62,0.71,0.40,0.62,0.86,0.66,0.58,0.72,0.56,0.56,0.53,0.58,0.53,0.57,0.51,0.83,0.68,0.53,0.60,0.67,0.50,0.60,0.59,0.53,0.60,0.68,0.44,0.51,0.34,0.53,0.70,0.68,0.56,0.53,0.53,0.35,0.43,0.70,0.63,0.57,0.56,0.40,0.54,0.61,0.43,0.52,0.27,0.37,0.50,0.55,0.42,0.40,0.60,0.58,0.51,0.30,0.68,0.57,0.40,0.60,0.70,0.34,0.48,0.53,0.38,0.43,0.54,0.40,0.43,0.45,0.35,0.70,0.45,0.52,0.77,1.08,0.67,0.67,0.75,0.60,0.55,0.60,0.65,0.80,1.03,0.60,0.43,0.30,0.59,0.42,0.38,0.36,0.50,0.94,0.62,0.66,0.50,0.90,0.70,0.70,0.30,0.68,0.73,0.62,0.38,0.23,0.57,0.33,0.30,0.27,0.47,0.53,0.70,0.93,0.55,0.80,0.65,0.71,0.50,0.63,0.70,0.77,0.67,0.57,0.63,0.40,0.53,0.58,0.47,0.30,0.35,0.30,0.40,0.40,0.67,0.74,0.48,0.30,,,,,,,,,,,,,,,,,,,,,,,,,,,,,,0.30,0.30,0.90,0.27,0.27,0.30,0.32,0.40,0.30,0.57,0.57,0.20,0.40,0.38,,0.30,0.50,0.50,0.53,0.50,0.70,0.53,0.50,0.50,0.85,0.25,0.30,0.40,0.33,0.37,0.40,0.30,0.40,0.53,0.40,0.40,0.25,0.37,0.40,0.35,0.67,0.57,0.50,0.45,0.38,0.27,0.35,0.13,0.72,0.40,0.67,0.93,0.55,0.75,0.75,0.73,0.77,0.67,0.50,0.74,0.80,0.72,0.98,0.65,0.45,0.42,0.30,0.30,0.38,0.43,0.30,0.20,0.80,0.37,0.56,0.57,0.47,0.50,0.33,0.70,0.67,0.45,1.03,0.80,1.00,0.65,0.77,0.40,0.75,0.45,0.55,0.60,0.65,0.67,0.77,0.60,0.70,0.60,0.75,0.70,0.73,0.65,0.50,0.70,0.85,0.75,0.40,0.35,0.65,0.60,0.20,,0.20,0.50,0.40,0.53,0.70,0.55,0.35,0.60,,0.65,0.30,0.30,0.45,0.65,0.40,0.50,0.40,0.45,0.60,0.40,0.60,0.30,0.45,0.30,0.25,0.35,0.90,,0.35,0.40,0.43,0.47,0.50,0.40,0.50,0.35,0.30,0.35,0.35,,0.25,,0.60,,0.40,0.50,0.40,0.20,0.30,0.40,0.40,0.30,0.40,0.45,0.40,0.45,0.10,0.40,0.25,0.70,0.25,0.65,0.50,0.40,0.50,,0.30,0.50,,,,0.60,,
20260404,16,AQI,70,52,78,50,39,64,77,59,61,63,46,62,73,77,92,33,34,31,32,54,71,51,78,38,54,73,70,56,66,75,65,70,58,33,42,40,39,47,42,38,40,35,32,35,66,33,35,36,36,33,65,65,43,20,17,46,23,26,30,19,19,23,43,36,44,62,34,36,32,98,55,38,68,48,55,39,107,75,32,29,31,43,30,36,53,57,39,39,42,33,34,38,39,34,39,35,24,28,55,44,30,19,25,36,27,48,46,26,34,56,64,59,80,64,32,36,31,30,40,30,58,33,35,53,67,51,63,68,58,53,82,71,96,53,32,67,63,37,56,38,35,75,43,39,38,63,77,84,37,42,84,82,63,100,103,120,49,83,37,69,,,,,,,,,,,,,,,,,,,,,,,,,,,,,,78,75,41,54,64,79,94,57,61,145,30,29,70,79,,93,79,34,34,30,31,31,30,29,34,50,31,41,49,28,39,27,32,51,26,47,53,56,66,48,80,55,80,64,74,60,57,55,59,62,36,54,29,31,36,44,43,43,35,30,34,49,32,39,67,55,66,63,91,82,57,86,73,81,87,65,98,88,65,53,87,59,56,64,43,32,32,52,65,44,19,34,35,38,46,38,38,33,43,40,84,91,48,48,52,102,85,68,64,41,36,,27,32,31,33,37,31,30,33,,30,44,53,30,68,39,32,43,59,73,34,70,44,30,33,33,31,32,,32,27,80,75,97,101,60,60,89,38,80,,67,,72,,39,45,36,42,38,38,33,51,87,172,67,57,36,37,59,84,96,124,111,56,39,30,35,41,,,,53,,
20260404,16,PM2.5,36,27,32,18,17,24,41,12,38,38,25,21,17,14,29,14,24,17,19,37,9,30,26,14,18,37,24,19,26,33,21,43,24,11,18,4,13,33,24,9,15,9,13,8,16,3,7,15,10,8,15,23,14,13,11,32,16,15,21,13,10,10,14,22,16,28,5,11,4,31,19,12,19,16,13,20,34,11,18,11,14,30,7,3,21,18,12,10,8,12,4,7,16,8,17,6,11,16,39,31,3,11,9,25,4,18,18,10,11,12,13,10,23,15,7,25,11,15,22,20,29,23,21,20,20,14,16,17,11,15,21,17,25,26,8,24,18,15,40,9,23,34,18,16,6,14,29,26,17,15,26,29,19,25,39,28,12,21,7,18,,,,,,,,,,,,,,,,,,,,,,,,,,,,,,26,10,6,12,18,17,21,12,11,56,13,10,24,17,,30,25,11,22,14,4,15,8,19,24,35,14,29,34,8,27,7,13,36,8,33,37,6,11,14,21,11,23,16,13,20,14,8,23,25,3,15,6,8,5,23,12,14,16,12,14,23,17,13,11,11,48,11,29,20,15,25,22,20,30,17,30,21,29,20,26,26,17,18,30,14,18,12,13,18,12,19,16,25,30,6,10,10,12,14,27,37,16,13,12,31,28,28,26,18,7,,3,13,16,15,8,21,17,5,,3,29,18,6,43,22,17,30,42,53,16,51,25,8,3,3,3,12,,3,3,32,28,40,41,16,28,38,17,37,,33,,35,,8,9,11,10,8,6,3,22,22,50,23,14,6,9,14,34,37,94,31,14,3,3,6,11,,,,37,,
20260404,16,PM2.5_24h,19,30,15,48,39,21,29,8,16,37,45,30,18,13,14,26,29,35,34,34,21,33,23,30,23,37,28,28,33,29,28,27,38,9,14,22,13,26,22,9,16,14,15,12,20,8,16,18,22,19,25,27,20,18,23,26,18,24,22,23,23,17,24,21,22,34,15,19,6,36,44,39,30,18,17,20,20,11,31,27,25,36,14,24,28,22,20,26,14,24,27,16,22,17,24,18,9,40,33,27,9,24,18,21,13,28,43,28,28,17,11,21,14,12,27,33,26,27,26,49,71,67,23,27,30,15,25,19,21,23,24,26,24,21,15,12,16,14,27,16,18,36,28,17,12,27,41,28,21,16,37,37,20,31,39,30,21,22,9,31,,,,,,,,,,,,,,,,,,,,,,,,,,,,,,20,20,14,15,11,12,27,11,11,21,25,10,16,11,,11,20,16,29,24,24,34,24,16,16,49,27,23,53,25,32,7,33,37,15,42,17,20,22,19,34,25,8,27,16,19,21,12,19,22,9,11,7,9,16,22,16,15,14,13,11,15,16,13,21,20,19,21,25,16,24,23,26,32,26,25,24,26,31,24,22,27,19,16,16,18,16,16,16,16,24,22,24,23,39,19,11,20,15,28,43,27,28,20,25,30,17,26,27,35,8,,6,10,14,18,12,24,21,23,,17,28,20,8,54,39,28,44,37,63,22,55,16,10,6,4,6,19,,4,5,41,22,30,52,45,31,57,37,47,,39,,55,,23,32,17,18,20,20,4,22,24,31,35,28,10,16,18,50,42,72,49,15,10,2,12,26,,,,38,,
20260404,16,PM10,89,54,105,50,39,78,103,68,71,76,46,73,96,103,134,29,32,24,32,57,92,52,106,30,58,95,89,61,81,99,79,89,65,24,39,17,26,44,39,21,28,23,26,24,81,14,7,36,35,22,80,79,43,19,17,40,23,26,29,19,15,22,32,28,44,74,24,19,12,146,59,35,85,48,59,39,163,99,29,18,26,41,11,18,55,64,33,25,42,31,21,33,35,27,39,23,16,26,46,42,12,16,16,31,9,48,46,26,27,61,77,68,110,77,32,34,17,29,40,29,66,32,35,55,83,52,76,86,66,56,114,91,142,56,20,84,75,37,60,22,35,99,34,23,13,75,103,118,28,25,118,113,76,149,155,190,49,116,34,87,,,,,,,,,,,,,,,,,,,,,,,,,,,,,,106,100,12,58,77,107,137,63,71,239,30,14,90,107,,136,108,32,34,23,18,25,21,21,30,45,26,37,42,21,34,14,20,44,17,41,51,61,82,48,110,59,110,78,97,70,63,59,68,73,11,58,23,30,14,44,43,43,28,20,27,49,32,39,83,60,72,75,132,113,64,122,95,111,124,80,145,126,79,55,124,68,61,77,,28,25,54,80,44,17,34,33,30,46,18,38,24,26,30,117,131,48,48,53,154,120,85,77,40,24,,19,22,28,19,15,30,16,15,,12,44,56,24,86,39,24,33,60,81,34,83,44,26,9,20,18,16,,13,8,109,99,143,152,70,70,128,35,109,,84,,93,,39,45,28,42,35,27,10,52,123,293,84,63,25,24,68,118,141,184,172,62,39,12,31,41,,,,45,,
20260404,16,PM10_24h,54,86,68,118,72,74,85,28,54,94,100,93,79,60,40,46,48,41,43,41,49,39,45,51,74,64,51,57,47,46,62,41,55,15,22,28,17,33,28,15,21,21,21,22,50,17,19,23,72,38,149,46,34,29,36,35,29,33,33,32,35,27,37,32,41,91,32,33,14,195,146,106,121,54,28,29,48,48,50,46,29,37,17,59,94,95,61,66,73,43,56,66,70,41,42,51,15,54,43,44,14,33,24,33,21,43,57,46,43,72,41,111,94,59,48,45,39,42,32,63,106,76,41,38,47,28,160,79,77,140,150,178,60,32,26,30,33,28,45,29,31,87,46,31,22,62,112,64,34,26,193,176,94,143,213,146,72,76,40,111,,,,,,,,,,,,,,,,,,,,,,,,,,,,,,66,69,20,140,48,66,179,38,77,80,44,21,65,38,,29,80,26,35,33,30,45,38,28,28,52,33,48,68,36,37,18,36,44,34,50,31,58,53,64,59,36,28,49,58,59,31,62,31,30,17,19,16,18,24,28,26,28,17,21,23,27,26,24,81,110,71,85,108,80,69,115,52,130,62,49,62,58,51,42,51,68,32,34,17,44,25,33,37,23,36,37,41,34,56,31,28,31,36,45,114,77,47,63,91,64,57,76,57,69,29,,20,20,21,23,25,37,29,33,,26,42,50,16,96,49,40,58,49,84,31,71,23,20,18,21,19,28,,11,12,122,67,95,213,174,93,166,116,143,,137,,149,,62,113,38,48,50,45,18,54,105,114,138,90,28,40,89,148,136,215,217,63,57,13,40,71,,,,52,,
20260404,16,SO2,3,7,3,9,7,4,4,5,5,4,6,7,5,12,8,7,6,6,9,6,7,5,4,9,9,6,7,6,5,10,7,7,6,6,5,5,6,5,6,6,6,4,5,5,7,5,3,11,5,7,4,8,6,5,5,6,7,4,7,4,5,8,5,7,8,6,13,5,4,8,5,5,5,8,4,7,6,5,8,6,6,13,4,9,8,5,9,8,8,6,6,3,5,8,5,5,8,6,6,4,7,5,6,8,6,5,4,9,3,5,6,10,8,6,5,11,8,8,7,8,6,4,7,8,12,6,12,3,7,9,8,13,7,28,7,11,9,6,10,7,4,8,8,11,9,9,4,7,10,5,7,4,2,6,20,9,34,7,5,9,,,,,,,,,,,,,,,,,,,,,,,,,,,,,,6,2,5,5,4,12,8,10,4,7,5,5,8,7,,6,8,10,7,10,6,3,4,7,7,2,7,5,5,9,7,3,4,7,5,5,9,6,9,7,9,5,4,8,7,6,5,6,5,6,4,4,3,8,6,7,8,3,6,4,9,8,6,9,6,8,3,6,6,6,3,6,10,9,10,9,6,4,7,7,6,7,8,10,7,7,6,6,5,4,7,7,6,10,8,14,6,11,9,6,1,8,9,4,7,7,6,8,9,9,5,,6,9,5,10,4,11,5,3,,6,6,7,8,7,9,5,5,5,11,6,7,7,6,5,9,7,5,,7,5,5,5,7,6,4,15,13,4,9,,4,,6,,5,7,6,10,12,3,4,16,5,8,4,3,9,7,4,5,6,4,3,10,6,5,11,15,,,,7,,
20260404,16,SO2_24h,3,7,3,9,7,4,3,4,4,4,5,5,5,8,8,8,6,6,9,5,6,6,4,8,9,6,6,6,5,9,6,6,6,6,5,5,6,5,5,6,6,6,5,4,6,4,3,8,6,7,3,8,5,6,5,5,7,4,7,5,5,8,5,7,9,5,8,4,8,5,8,12,11,8,5,7,10,6,7,7,5,14,3,10,8,5,12,9,9,6,5,3,5,8,5,6,7,7,7,7,7,6,6,6,6,7,5,9,5,5,11,12,5,7,8,9,9,8,6,7,9,6,7,7,10,6,10,3,8,8,7,12,7,9,7,12,9,6,9,11,4,7,8,11,9,8,4,7,11,6,5,2,2,6,8,6,21,18,6,10,,,,,,,,,,,,,,,,,,,,,,,,,,,,,,5,2,5,4,5,12,7,7,7,26,6,5,8,6,,6,8,7,6,9,7,4,5,7,7,2,5,7,6,9,6,4,5,7,7,6,9,6,8,7,9,6,4,8,7,5,5,6,4,5,3,7,4,5,5,10,9,4,9,4,7,11,6,15,6,9,3,5,6,6,4,5,10,7,11,10,6,4,7,6,5,7,8,8,6,7,5,5,6,4,8,7,5,9,11,10,5,6,9,5,9,9,8,5,9,8,5,7,8,10,5,,6,8,5,14,4,11,6,3,,5,6,6,8,7,9,6,7,9,10,6,6,7,6,5,9,8,6,,8,6,6,8,8,8,20,13,10,5,8,,4,,8,,5,12,6,10,11,12,6,13,7,9,5,5,9,7,3,5,15,4,10,7,6,5,11,10,,,,8,,
20260404,16,NO2,11,15,10,10,11,7,10,8,12,9,11,12,5,11,7,11,13,10,22,21,11,17,12,16,14,13,16,16,14,11,9,15,10,12,15,15,11,8,10,17,9,10,12,7,9,9,8,12,11,13,9,10,7,18,20,30,23,30,30,17,13,17,9,4,9,8,7,7,7,23,5,4,7,11,7,13,6,5,12,11,13,14,9,11,12,10,11,12,10,16,9,10,10,16,11,14,10,12,10,9,6,11,5,18,9,15,15,13,5,11,10,8,15,10,8,15,9,8,13,10,9,13,8,12,15,13,14,7,14,12,12,14,14,19,8,4,9,6,10,6,5,8,7,8,11,6,12,8,6,8,16,15,5,10,22,2,7,4,3,2,,,,,,,,,,,,,,,,,,,,,,,,,,,,,,9,12,14,12,5,8,12,9,7,3,7,6,4,7,,5,5,12,13,6,9,6,9,9,10,11,8,12,12,6,9,3,3,12,4,12,8,12,10,10,9,8,4,11,9,10,7,8,14,9,8,5,4,5,9,12,7,10,4,10,11,9,4,7,8,11,14,12,12,12,9,7,7,12,6,9,9,6,4,4,13,4,5,8,8,5,15,6,6,4,11,9,7,10,13,8,10,3,3,6,6,9,8,8,9,8,10,8,6,4,6,,5,6,8,4,4,9,3,3,,3,6,10,7,6,4,4,4,8,8,8,10,16,6,4,3,3,3,,2,2,7,8,14,6,5,15,3,4,9,,11,,8,,3,2,2,1,1,2,2,3,3,5,5,5,6,8,7,5,1,6,2,13,4,8,7,5,,,,6,,
20260404,16,NO2_24h,14,17,11,17,17,13,15,10,11,12,15,14,11,20,24,14,12,17,23,21,19,21,19,21,19,20,21,18,31,17,19,13,17,18,21,34,20,16,16,18,16,17,13,23,20,23,25,25,15,13,12,22,26,21,17,11,19,19,22,22,18,18,11,11,23,33,14,19,13,35,23,12,27,27,19,21,33,18,13,13,13,16,21,14,16,15,12,16,13,14,11,12,11,15,10,12,15,29,15,11,12,10,13,6,16,24,32,18,14,15,19,18,16,31,15,16,13,12,12,17,31,17,16,25,21,21,21,11,18,13,12,16,21,19,12,17,14,14,10,16,10,32,19,13,16,17,35,26,14,14,27,18,22,16,35,6,14,22,10,21,,,,,,,,,,,,,,,,,,,,,,,,,,,,,,10,13,26,14,18,18,18,20,22,22,14,8,12,19,,7,7,14,12,6,14,11,9,10,9,15,19,10,13,10,12,5,12,11,13,16,10,16,14,14,19,20,8,11,13,14,13,9,17,11,14,12,10,10,33,17,14,16,10,15,16,13,11,14,12,12,17,15,15,16,12,11,14,17,15,15,14,11,13,8,19,10,12,17,12,11,18,14,19,9,20,10,12,12,22,11,13,10,10,8,32,28,22,30,36,21,27,10,21,22,5,,16,8,9,7,18,12,8,14,,8,7,10,9,15,10,13,9,9,14,9,20,8,8,10,4,10,15,,4,5,21,38,16,16,22,28,11,15,18,,14,,20,,16,8,2,2,8,3,16,3,19,26,21,19,8,24,12,36,12,40,18,16,10,6,14,23,,,,9,,
20260404,16,O3,129,119,123,107,99,117,127,116,120,132,113,122,124,126,115,106,107,98,90,132,136,155,131,120,122,133,158,147,144,132,126,136,134,107,135,129,124,143,135,123,128,111,101,113,133,107,113,102,116,107,120,123,125,65,51,50,63,41,58,61,61,75,138,115,131,146,109,116,103,72,123,120,111,121,124,126,114,112,103,94,99,121,96,116,118,131,125,125,129,105,110,120,124,110,114,111,78,88,104,117,97,62,81,57,86,114,74,69,108,124,108,112,102,120,98,108,99,97,113,96,99,71,103,118,134,98,112,109,114,107,105,99,120,103,101,123,83,103,119,120,68,146,138,124,121,146,166,114,119,133,87,94,103,108,66,120,121,103,118,115,,,,,,,,,,,,,,,,,,,,,,,,,,,,,,128,110,131,112,112,124,103,119,115,101,94,92,100,121,,90,108,109,108,97,98,98,96,92,82,99,100,94,89,89,103,86,102,112,84,107,88,119,120,118,122,103,95,124,119,117,125,111,125,126,115,105,93,100,115,104,122,99,112,96,109,100,100,111,102,111,123,100,104,115,119,106,118,115,115,127,124,128,141,113,125,107,108,129,122,103,102,116,110,110,62,101,111,120,98,121,89,106,136,129,119,120,142,131,136,121,108,128,124,130,114,,86,103,98,104,118,100,95,104,,95,115,106,95,135,119,102,115,124,140,99,108,91,95,104,106,100,101,,101,85,118,121,79,105,113,133,110,123,116,,113,,98,,100,136,115,122,121,122,106,138,113,119,116,115,116,118,120,130,112,108,111,124,104,97,111,106,,,,117,,
20260404,16,O3_24h,129,119,123,107,99,117,127,116,120,132,113,122,124,126,115,106,107,98,90,132,136,155,131,120,122,133,158,147,144,132,126,136,134,107,135,129,124,143,135,123,128,111,101,113,133,107,113,102,116,107,120,123,125,65,51,50,63,41,58,61,61,75,138,115,131,146,109,116,103,72,123,120,111,121,124,126,114,112,103,94,99,121,96,116,118,131,125,125,129,105,110,120,124,110,114,111,78,88,104,117,97,62,81,57,86,114,74,69,108,124,108,112,102,120,98,108,99,97,113,96,99,71,103,118,134,98,112,109,114,107,105,99,120,103,101,123,83,103,119,120,68,146,138,124,121,146,166,114,119,133,87,94,103,108,66,120,121,103,118,115,,,,,,,,,,,,,,,,,,,,,,,,,,,,,,128,110,131,112,112,124,103,119,115,101,94,92,100,121,,90,108,109,108,97,98,98,96,92,82,99,100,94,89,89,103,86,102,112,84,107,88,119,120,118,122,103,95,124,119,117,125,111,125,126,115,105,93,100,115,104,122,99,112,96,109,100,100,111,102,111,123,100,104,115,119,106,118,115,115,127,124,128,141,113,125,107,108,129,122,103,102,116,110,110,62,101,111,120,98,121,89,106,136,129,119,120,142,131,136,121,108,128,124,130,114,,86,103,98,104,118,100,95,104,,95,115,106,95,135,119,102,115,124,140,99,108,91,95,104,106,100,101,,101,85,118,121,79,105,113,133,110,123,116,,113,,98,,100,136,115,122,121,122,106,138,113,119,116,115,116,118,120,130,112,108,111,124,104,97,111,106,,,,117,,
20260404,16,O3_8h,98,97,96,92,86,104,106,92,87,106,101,101,105,94,83,94,95,87,84,109,102,112,103,103,103,108,109,112,113,102,102,98,109,97,113,93,97,110,108,105,113,93,90,88,104,96,88,62,101,97,101,89,66,59,40,47,55,36,44,51,52,67,91,83,92,99,92,99,79,52,94,89,90,83,75,81,93,103,92,87,87,101,80,102,100,100,103,110,112,98,99,104,107,99,91,102,57,89,84,71,76,55,66,66,70,87,76,46,98,107,90,96,85,92,87,95,91,86,100,86,95,81,89,87,100,79,93,97,95,91,94,85,79,78,81,76,63,68,74,75,62,79,101,102,89,107,103,83,90,99,64,78,71,77,37,113,104,83,102,84,,,,,,,,,,,,,,,,,,,,,,,,,,,,,,109,87,94,100,97,94,99,88,83,89,84,83,93,98,,85,102,93,94,86,86,89,84,85,82,84,91,90,79,84,96,83,103,92,79,97,78,104,101,97,89,86,80,104,97,92,96,89,99,102,91,85,78,84,88,82,72,75,86,75,74,78,80,89,93,95,104,88,90,94,99,88,91,91,90,92,95,96,98,87,101,58,71,71,74,64,65,74,67,73,48,74,78,87,60,89,54,81,93,90,74,88,110,85,88,89,65,78,88,96,86,,63,87,82,88,87,85,85,78,,73,86,92,89,110,96,90,111,110,111,92,59,60,77,82,78,91,78,,98,62,85,91,42,74,93,91,100,104,92,,90,,75,,81,105,100,108,104,99,82,125,84,94,97,89,101,83,84,85,91,60,81,81,81,98,80,64,,,,75,,
20260404,16,O3_8h_24h,98,97,96,92,86,104,106,92,87,106,101,101,105,94,83,94,95,87,84,109,107,112,103,103,103,108,114,112,113,102,102,98,109,97,113,93,97,110,108,105,113,93,90,88,104,96,88,62,101,97,101,89,73,59,37,43,55,36,44,51,52,67,91,83,92,99,92,99,79,52,94,89,90,83,75,81,93,103,92,87,87,101,80,102,100,110,103,110,112,98,99,104,107,99,91,102,57,89,84,71,76,55,66,66,70,87,76,46,98,107,90,96,85,92,87,95,91,86,100,86,95,80,89,87,100,79,93,97,95,91,94,85,79,78,81,76,63,68,74,75,62,99,101,102,89,107,103,83,90,99,64,78,71,77,57,113,104,83,102,84,,,,,,,,,,,,,,,,,,,,,,,,,,,,,,109,87,94,100,97,94,99,88,83,89,84,83,93,98,,85,102,93,94,86,86,89,84,85,78,84,91,94,79,84,96,83,103,92,79,97,78,104,101,97,89,86,80,104,97,92,96,89,99,102,91,85,78,84,88,82,72,75,86,75,74,78,80,89,93,95,104,88,90,94,99,88,91,91,90,92,95,96,98,87,101,58,71,71,74,64,65,74,67,73,48,74,78,87,60,89,54,81,93,90,74,88,110,85,88,89,65,78,88,96,86,,63,87,82,88,87,85,85,78,,73,94,92,89,110,96,90,111,110,111,92,81,60,77,82,78,91,78,,98,62,85,91,42,74,93,91,100,104,92,,90,,75,,81,105,100,108,104,99,82,125,84,94,97,89,101,83,84,85,91,60,81,81,81,89,80,64,,,,75,,
20260404,16,CO,0.41,0.45,0.42,0.44,0.30,0.30,0.23,0.30,0.45,0.35,0.25,0.38,0.33,0.53,0.30,0.45,0.39,0.31,0.49,0.62,0.53,0.72,0.60,0.51,0.36,0.54,0.72,0.44,0.62,0.58,0.34,0.64,0.32,0.50,0.44,0.40,0.39,0.77,0.50,0.40,0.50,0.53,0.50,0.35,0.46,0.43,0.50,0.63,0.45,0.41,0.31,0.40,0.52,0.72,0.68,0.70,0.60,0.60,0.53,0.70,0.65,0.57,0.44,0.52,0.42,0.39,0.30,0.43,0.27,0.46,0.27,0.40,0.22,0.32,0.30,0.32,0.29,0.22,0.58,0.40,0.23,0.47,0.63,0.19,0.46,0.43,0.26,0.32,0.44,0.30,0.28,0.37,0.35,0.48,0.35,0.40,0.73,0.75,0.73,0.80,0.45,0.80,0.45,0.70,0.55,0.70,0.80,0.60,0.27,0.30,0.41,0.38,0.72,0.34,0.34,0.74,0.43,0.48,0.42,0.60,0.38,0.43,0.22,0.58,0.73,0.58,0.36,0.23,0.37,0.27,0.38,0.35,0.33,0.53,0.77,0.75,0.40,0.67,0.93,0.60,0.55,0.50,0.55,0.70,0.60,0.43,0.50,0.20,0.40,0.55,0.50,0.40,0.35,0.34,0.40,0.40,0.73,0.27,0.36,0.20,,,,,,,,,,,,,,,,,,,,,,,,,,,,,,0.23,0.20,0.55,0.20,0.27,0.35,0.38,0.47,0.25,0.27,0.43,0.20,0.30,0.33,,0.30,0.40,0.40,0.40,0.35,0.53,0.30,0.40,0.40,0.80,0.25,0.20,0.43,0.17,0.33,0.30,0.28,0.25,0.53,2.00,0.35,0.35,0.27,0.32,0.25,0.43,0.45,0.40,0.30,0.26,0.30,0.30,0.10,0.73,0.37,0.60,0.37,0.35,0.55,0.50,0.60,0.87,0.35,0.45,0.64,0.75,0.55,0.85,0.60,0.50,0.40,0.30,0.23,0.34,0.45,0.23,0.27,0.57,0.40,0.48,0.47,0.38,0.40,0.45,0.60,0.57,0.45,0.70,0.60,1.00,0.40,0.47,0.25,0.40,0.20,0.40,0.60,0.60,0.70,0.55,0.50,0.70,0.50,0.60,0.60,0.53,0.45,0.33,0.40,0.65,0.50,0.27,0.35,0.50,0.40,0.20,,0.20,0.35,0.33,0.47,0.35,0.45,0.35,0.25,,0.55,0.30,0.20,0.40,0.50,0.30,0.40,0.30,0.45,0.25,0.50,0.50,0.30,0.40,0.25,0.25,0.30,0.70,,0.35,0.40,0.30,0.37,0.50,0.40,0.25,0.25,0.30,0.25,0.35,,0.30,,0.45,,0.25,0.50,0.30,0.10,0.30,0.20,0.20,0.30,0.23,0.25,0.25,0.25,0.10,0.30,0.15,0.30,0.15,0.25,0.25,0.40,,,0.30,0.50,,,,0.65,,
20260404,16,CO_24h,0.34,0.57,0.24,0.71,0.40,0.35,0.24,0.27,0.30,0.43,0.33,0.30,0.35,0.42,0.38,0.58,0.51,0.49,0.57,0.65,0.62,0.81,0.63,0.70,0.42,0.62,0.86,0.63,0.62,0.72,0.56,0.56,0.48,0.58,0.53,0.57,0.51,0.83,0.63,0.53,0.60,0.67,0.50,0.60,0.56,0.53,0.60,0.70,0.45,0.51,0.33,0.51,0.70,0.68,0.57,0.53,0.53,0.45,0.43,0.73,0.65,0.57,0.51,0.40,0.54,0.62,0.43,0.52,0.27,0.39,0.47,0.55,0.42,0.39,0.60,0.58,0.51,0.30,0.66,0.57,0.40,0.53,0.70,0.33,0.52,0.53,0.36,0.43,0.54,0.40,0.38,0.45,0.35,0.66,0.37,0.50,0.77,1.08,0.67,0.70,0.75,0.60,0.55,0.63,0.65,0.80,1.03,0.60,0.43,0.30,0.59,0.42,0.43,0.36,0.46,0.90,0.58,0.62,0.50,0.85,0.74,0.63,0.28,0.70,0.77,0.62,0.37,0.23,0.57,0.30,0.30,0.27,0.47,0.57,0.70,0.93,0.50,0.80,0.73,0.71,0.50,0.63,0.70,0.73,0.67,0.53,0.63,0.40,0.50,0.58,0.47,0.35,0.35,0.32,0.40,0.40,0.67,0.76,0.46,0.30,,,,,,,,,,,,,,,,,,,,,,,,,,,,,,0.30,0.30,0.85,0.27,0.30,0.30,0.32,0.40,0.30,0.57,0.57,0.20,0.40,0.40,,0.30,0.50,0.45,0.53,0.45,0.67,0.47,0.50,0.50,0.85,0.25,0.30,0.43,0.30,0.37,0.37,0.30,0.35,0.50,0.50,0.40,0.25,0.37,0.40,0.35,0.67,0.57,0.45,0.40,0.38,0.27,0.35,0.13,0.72,0.43,0.67,0.90,0.50,0.70,0.75,0.70,0.77,0.70,0.50,0.74,0.80,0.72,0.95,0.65,0.56,0.42,0.30,0.30,0.38,0.45,0.30,0.20,0.78,0.37,0.56,0.53,0.47,0.50,0.33,0.70,0.67,0.45,1.02,0.80,1.00,0.65,0.77,0.40,0.75,0.40,0.55,0.60,0.65,0.67,0.77,0.60,0.70,0.60,0.75,0.70,0.73,0.65,0.50,0.70,0.90,0.75,0.40,0.35,0.65,0.60,0.20,,0.20,0.50,0.40,0.53,0.65,0.55,0.35,0.55,,0.65,0.30,0.30,0.45,0.65,0.40,0.50,0.40,0.50,0.60,0.45,0.60,0.30,0.45,0.30,0.25,0.35,0.90,,0.35,0.40,0.43,0.47,0.50,0.40,0.50,0.35,0.30,0.35,0.40,,0.25,,0.60,,0.40,0.50,0.40,0.20,0.30,0.40,0.40,0.30,0.40,0.45,0.40,0.45,0.10,0.35,0.25,0.75,0.25,0.65,0.50,0.40,0.50,,0.30,0.50,,,,0.60,,
20260404,17,AQI,69,48,83,49,42,67,71,81,71,62,44,66,75,71,115,33,33,31,34,54,70,53,77,35,55,77,73,58,66,74,59,67,59,34,43,38,39,49,43,36,46,31,31,34,66,34,32,39,39,33,69,64,61,22,18,43,23,19,36,22,20,23,45,37,44,64,33,34,32,103,62,40,86,45,66,51,140,115,34,29,34,49,27,38,62,52,41,39,47,31,33,49,37,34,45,33,26,26,74,49,28,20,25,39,27,32,44,21,35,59,72,62,107,65,39,37,31,30,43,31,55,44,40,58,65,57,65,75,60,57,86,88,95,42,33,64,60,39,60,38,45,71,42,40,39,57,75,93,39,43,87,86,54,95,107,126,52,110,37,69,,,,,,,,,,,,,,,,,,,,,,,,,,,,,,80,75,34,54,67,83,88,51,63,160,31,29,95,76,,93,80,32,38,31,31,30,30,29,34,37,31,36,55,31,37,27,34,55,26,43,59,56,67,52,86,58,83,65,72,57,61,51,58,70,34,50,29,30,33,46,50,55,36,30,35,60,33,44,65,57,62,72,94,83,54,88,76,83,89,70,97,91,63,56,89,65,51,69,34,37,31,55,62,56,25,34,36,38,53,41,49,32,46,43,69,94,52,47,60,90,87,66,67,41,36,,27,33,31,33,37,33,30,33,,31,61,35,29,70,38,33,47,61,78,39,66,44,30,32,35,32,33,,30,26,79,90,100,95,60,58,103,48,79,,67,,74,,33,54,36,38,39,37,,50,88,150,71,52,38,44,62,81,102,126,116,61,33,31,35,42,,,,54,,
20260404,17,PM2.5,36,23,21,23,24,20,33,18,42,30,24,24,17,14,23,15,22,18,24,36,9,31,27,14,18,32,22,21,28,28,20,41,25,15,20,3,18,34,22,10,31,10,14,9,17,4,6,14,11,8,17,26,17,14,12,30,16,13,25,14,11,11,16,23,17,28,7,15,4,34,26,17,25,17,16,23,50,22,19,10,14,34,3,3,22,13,13,11,7,10,3,9,11,9,15,6,11,15,54,32,4,12,10,25,5,9,15,11,13,15,13,12,26,20,9,26,11,15,23,22,29,31,22,20,21,16,12,16,15,9,29,22,26,23,10,22,18,13,43,10,24,33,17,20,5,14,28,29,13,15,28,29,20,25,36,28,16,41,8,20,,,,,,,,,,,,,,,,,,,,,,,,,,,,,,29,20,3,4,17,18,16,14,19,63,16,13,26,23,,3,21,11,23,13,7,14,8,17,24,26,22,24,39,18,26,8,24,39,10,30,42,6,11,14,18,10,23,16,14,19,16,4,21,26,3,16,8,8,3,29,17,21,18,14,15,28,18,15,18,13,23,24,31,25,12,28,23,23,30,17,31,18,34,21,29,27,16,18,12,14,20,12,12,18,16,22,17,20,37,14,9,3,13,16,30,44,16,13,11,29,29,29,28,22,7,,5,12,18,23,13,23,19,6,,3,44,9,3,47,22,18,33,44,57,22,46,26,10,3,3,3,12,,3,3,32,31,36,40,20,28,46,14,48,,33,,35,,5,16,7,10,8,7,,23,31,65,27,12,6,19,20,32,41,74,32,19,3,3,7,3,,,,38,,
20260404,17,PM2.5_24h,21,30,16,45,36,20,30,8,17,38,43,29,16,13,15,24,29,29,34,35,20,33,24,29,23,37,29,28,34,29,28,28,37,9,14,21,12,27,23,9,17,13,15,12,19,8,15,18,23,17,24,28,20,17,23,26,18,24,22,22,22,16,23,21,22,34,15,19,6,36,43,38,29,18,17,21,22,11,29,25,23,33,13,22,28,22,20,26,14,22,24,16,22,16,23,18,9,39,34,27,9,23,17,21,12,28,41,27,28,18,11,17,14,12,25,32,24,26,23,43,71,60,23,27,30,15,23,18,20,21,24,23,24,21,14,13,16,14,29,16,18,37,27,18,12,27,42,28,21,17,37,36,20,31,40,29,20,23,10,30,,,,,,,,,,,,,,,,,,,,,,,,,,,,,,21,20,13,12,11,12,23,11,11,23,24,10,17,11,,11,20,13,28,22,18,30,23,16,16,48,25,23,49,25,32,7,32,36,15,41,18,19,22,19,34,24,9,27,17,20,21,12,20,23,8,11,7,9,15,23,16,15,14,13,11,16,16,13,20,19,20,21,25,17,24,23,26,31,27,25,25,26,32,23,22,28,20,17,16,19,17,16,16,17,22,21,24,23,38,16,10,19,14,27,42,28,28,20,25,30,18,27,28,34,8,,7,10,14,18,12,24,20,22,,17,29,20,8,54,38,28,44,38,64,22,53,16,10,7,4,6,19,,4,5,41,22,31,52,44,31,56,36,46,,38,,54,,23,32,17,18,19,19,4,22,24,33,34,28,10,16,19,50,42,74,47,15,10,2,12,25,,,,39,,
20260404,17,PM10,87,48,115,49,42,84,91,111,91,73,44,82,99,91,179,31,30,27,31,57,89,55,104,33,60,103,95,66,82,97,67,83,67,32,43,16,37,47,39,22,46,26,29,31,82,14,7,39,39,22,87,78,72,22,18,39,23,19,30,20,17,19,33,30,44,78,22,26,12,155,74,40,122,45,82,51,230,180,31,17,31,41,10,22,73,54,33,29,47,30,20,49,26,34,45,26,16,24,65,49,16,20,13,39,12,30,44,21,30,68,94,73,164,80,39,36,19,28,43,30,59,36,40,65,80,64,79,100,70,63,121,125,140,42,20,78,69,39,69,22,45,91,33,25,13,63,99,135,32,27,123,121,57,140,163,202,53,170,34,88,,,,,,,,,,,,,,,,,,,,,,,,,,,,,,110,99,7,58,84,115,125,52,75,270,31,25,140,101,,135,109,32,38,31,12,22,22,24,29,33,30,36,42,31,31,15,,51,20,36,52,62,83,53,121,65,115,79,93,63,72,51,66,89,16,50,24,28,17,46,50,60,34,26,30,70,29,44,79,63,73,94,137,116,58,125,102,115,127,90,144,132,76,62,127,79,52,88,19,37,29,59,74,61,25,34,36,30,41,26,49,26,28,28,88,137,54,47,69,129,123,82,84,41,14,,22,27,28,21,28,33,23,11,,7,56,11,23,90,38,25,37,61,77,39,82,44,22,12,35,22,15,,14,10,108,130,150,140,69,66,155,48,107,,83,,98,,31,58,28,34,39,35,,50,125,249,91,53,20,32,73,111,153,201,181,71,17,9,28,42,,,,47,,
20260404,17,PM10_24h,55,84,68,113,69,74,84,29,50,89,91,86,72,60,47,43,47,34,43,44,52,40,48,50,75,67,55,58,50,49,63,44,55,16,24,27,17,34,29,15,23,21,21,23,51,16,17,24,71,36,147,48,35,28,34,35,28,32,33,32,33,26,36,31,42,92,31,33,14,192,144,106,119,54,31,30,57,53,46,43,28,35,16,58,92,93,61,65,74,41,52,65,70,39,40,51,16,53,43,43,14,32,23,33,20,42,56,46,42,74,44,96,90,58,43,43,37,41,31,55,106,65,40,39,49,29,155,80,78,130,151,164,65,33,25,32,35,28,45,29,32,89,46,31,22,63,112,68,35,26,188,166,88,143,208,146,68,81,40,111,,,,,,,,,,,,,,,,,,,,,,,,,,,,,,70,72,19,119,50,67,151,39,72,90,44,21,70,40,,34,82,22,34,31,24,43,37,27,27,51,33,45,63,36,35,18,34,41,34,49,33,59,55,65,63,38,32,51,61,61,32,63,33,33,16,20,16,18,24,29,27,30,18,22,24,30,27,26,81,109,72,88,113,84,71,119,55,129,67,51,66,62,53,42,56,70,34,38,18,45,26,34,39,25,35,36,40,33,56,29,27,30,34,43,109,80,48,63,90,69,61,78,59,69,28,,21,20,22,23,25,37,28,32,,26,42,49,16,97,49,40,58,50,85,31,71,24,20,18,22,19,29,,11,11,119,68,98,210,168,92,164,112,138,,130,,144,,62,113,38,48,50,43,18,54,102,121,132,88,28,40,90,148,136,217,206,64,56,13,39,72,,,,52,,
20260404,17,SO2,4,7,2,8,8,5,4,4,5,4,7,7,5,7,6,7,6,6,8,6,7,6,4,9,10,6,7,7,5,10,7,7,6,6,6,5,7,6,5,6,6,4,6,5,7,4,2,10,6,7,4,8,6,5,5,5,7,5,7,5,5,7,5,7,9,5,10,4,4,7,6,6,6,7,4,7,5,4,8,6,5,12,4,9,9,6,8,9,8,6,6,3,4,7,6,6,11,6,8,4,7,6,6,8,6,3,4,8,3,6,6,10,8,8,7,11,8,9,7,8,6,5,6,7,10,6,11,4,7,8,9,16,7,11,7,11,10,7,10,7,4,7,8,11,8,10,4,7,11,5,6,4,3,6,16,8,30,7,5,9,,,,,,,,,,,,,,,,,,,,,,,,,,,,,,6,2,4,6,4,11,10,6,4,10,6,5,7,6,,6,8,8,6,10,6,4,5,7,9,1,6,6,5,10,8,3,4,7,5,5,8,6,9,7,8,5,4,8,7,5,5,6,5,5,4,5,3,8,6,8,8,3,10,4,8,8,6,10,7,8,3,6,6,6,3,5,8,9,10,9,6,4,8,6,5,7,8,10,5,6,7,6,5,4,6,8,7,10,7,15,6,6,14,6,2,8,9,5,8,8,6,8,9,10,5,,6,7,4,11,5,11,4,3,,5,6,7,8,7,9,5,5,5,11,6,7,7,6,5,9,7,5,,8,5,4,4,6,5,4,14,13,4,9,,5,,7,,5,7,8,10,13,3,,15,5,8,5,3,9,12,5,5,6,4,3,8,5,5,11,11,,,,7,,
20260404,17,SO2_24h,3,7,3,9,7,4,3,4,4,4,5,5,5,8,8,8,6,6,9,5,6,6,4,8,9,6,6,6,5,9,6,7,6,6,5,5,6,5,5,6,6,6,5,4,6,4,3,8,5,7,3,8,5,6,5,5,7,4,7,5,5,8,5,7,9,5,8,4,8,5,8,12,11,8,5,7,10,6,7,6,5,14,3,10,8,5,11,9,9,6,5,3,5,8,5,6,8,7,7,7,7,6,6,6,6,7,5,9,5,5,12,12,5,8,8,9,9,8,6,7,9,5,7,7,11,6,10,3,8,8,7,12,7,9,7,12,9,6,9,11,4,7,9,11,9,8,4,7,11,6,6,2,2,6,8,6,21,18,6,10,,,,,,,,,,,,,,,,,,,,,,,,,,,,,,5,2,5,4,5,12,8,7,7,26,6,5,8,6,,6,8,7,6,9,8,4,5,7,7,2,5,7,6,9,7,4,5,7,7,6,9,6,8,7,9,6,4,8,7,5,5,6,4,5,3,7,4,5,5,10,9,4,10,4,7,10,6,16,7,9,3,5,6,6,3,5,10,7,11,10,6,4,7,6,5,7,8,9,6,7,5,5,6,4,8,7,5,9,11,11,6,6,10,5,9,9,8,5,9,8,5,7,8,10,5,,6,8,5,13,4,11,6,3,,5,6,6,8,7,9,6,7,9,10,6,6,7,6,5,9,8,7,,8,6,6,8,8,8,20,13,11,5,8,,5,,8,,5,12,6,10,11,12,6,13,7,9,5,5,9,7,4,5,15,5,10,7,6,5,11,10,,,,8,,
20260404,17,NO2,12,16,10,11,11,8,10,10,14,8,11,12,6,8,5,13,14,11,25,25,11,19,16,21,14,14,18,17,14,12,10,16,12,17,20,18,17,10,11,20,16,12,13,9,10,10,10,14,11,14,10,9,8,21,19,31,23,25,37,14,11,17,9,5,10,9,8,6,6,22,5,4,7,9,7,13,6,6,13,11,18,14,9,11,12,9,13,15,11,16,9,10,8,23,11,13,10,15,11,10,7,11,6,18,10,12,17,15,6,12,10,10,16,13,8,17,10,9,16,11,10,13,9,12,15,15,14,8,15,13,13,19,15,18,9,4,11,6,9,7,9,8,7,8,11,6,12,8,6,8,17,19,7,11,17,2,7,3,10,2,,,,,,,,,,,,,,,,,,,,,,,,,,,,,,10,12,12,13,5,9,13,7,8,4,8,6,3,7,,5,6,12,13,6,10,8,8,9,10,6,8,10,12,13,11,3,4,13,6,11,8,14,11,12,10,10,6,10,9,9,7,7,14,10,9,6,5,6,10,12,6,10,7,10,10,9,4,7,12,13,16,14,13,12,9,8,7,11,9,8,9,6,6,4,15,7,5,8,5,5,16,6,6,5,10,10,7,9,12,9,9,3,5,7,8,11,8,8,9,8,12,9,5,5,4,,4,5,8,4,5,11,4,3,,3,6,7,7,6,4,4,5,9,8,8,10,16,6,5,3,3,4,,5,3,7,7,11,6,6,14,3,4,12,,11,,8,,3,5,2,2,2,1,,3,3,5,7,6,3,10,6,6,1,6,2,16,4,6,6,4,,,,6,,
20260404,17,NO2_24h,14,18,11,16,16,13,15,10,12,12,15,14,11,20,24,13,12,16,23,21,18,20,19,21,19,20,21,17,31,16,18,13,16,18,20,33,19,15,15,18,15,16,13,22,19,22,23,25,15,13,12,21,26,21,18,12,20,20,23,22,18,18,11,10,23,33,14,19,13,36,23,12,26,27,19,21,33,18,13,12,13,15,19,14,16,15,12,16,13,14,10,12,11,15,10,12,15,28,15,11,11,10,13,7,15,23,31,18,14,15,19,18,17,31,15,16,13,12,12,16,30,16,16,24,21,21,21,11,18,13,12,16,21,19,12,17,14,14,10,15,10,31,19,13,16,17,35,26,14,14,27,19,22,16,35,6,14,22,10,20,,,,,,,,,,,,,,,,,,,,,,,,,,,,,,10,14,25,14,18,18,18,20,22,22,14,8,12,19,,7,7,13,12,6,14,10,9,10,9,15,18,10,13,11,12,5,11,11,13,15,10,16,14,14,18,19,8,11,13,14,13,9,16,11,13,11,9,10,32,17,13,16,10,15,16,13,10,13,13,12,17,15,15,16,12,11,14,17,15,14,14,10,13,8,19,9,12,18,12,11,18,14,19,9,19,10,12,12,22,11,13,9,9,8,32,28,22,30,36,21,27,10,21,22,5,,16,8,9,7,18,13,8,13,,8,7,10,9,15,10,13,9,9,14,9,20,9,8,10,4,10,15,,4,5,21,37,16,16,21,28,11,15,18,,14,,20,,16,8,2,2,8,3,16,3,19,26,21,19,8,24,12,36,12,40,18,16,10,6,14,23,,,,9,,
20260404,17,O3,129,115,118,109,100,117,126,112,127,129,114,122,119,122,107,105,105,98,88,126,136,157,124,113,124,137,158,147,139,135,124,140,132,108,133,120,124,145,136,116,131,100,100,109,136,108,103,109,120,106,113,125,130,63,53,44,61,47,53,70,63,74,143,119,132,150,106,109,102,82,122,113,108,116,128,129,108,111,108,92,109,121,87,123,125,128,131,125,132,100,106,124,119,106,111,107,84,82,113,113,90,54,79,61,87,101,61,66,111,124,110,112,102,123,102,107,99,97,112,95,98,83,104,116,132,98,112,107,112,108,102,91,119,100,105,119,83,106,120,123,66,146,134,129,124,152,168,112,125,137,92,93,103,107,76,122,123,101,119,114,,,,,,,,,,,,,,,,,,,,,,,,,,,,,,125,112,110,112,112,124,103,120,117,96,94,92,100,121,,90,104,103,108,98,100,96,97,93,84,91,98,91,92,84,100,85,104,114,82,99,93,120,120,118,127,95,93,124,122,117,126,109,115,128,109,104,92,96,107,105,116,105,116,95,113,107,107,112,103,110,125,97,111,115,117,105,120,118,112,126,124,127,147,111,126,107,106,125,108,103,100,117,109,112,66,103,116,123,99,131,87,102,147,136,120,124,145,136,139,125,107,130,128,130,114,,85,104,100,105,117,101,96,104,,98,112,111,93,135,122,104,118,126,143,100,114,94,96,103,108,101,104,,97,83,122,124,91,105,113,136,111,124,114,,115,,96,,104,129,116,122,121,117,,140,115,117,117,117,121,140,125,126,114,108,108,127,105,98,113,106,,,,115,,
20260404,17,O3_24h,129,115,118,109,100,117,126,112,127,129,114,122,119,122,107,105,105,98,88,126,136,157,124,113,124,137,158,147,139,135,124,140,132,108,133,120,124,145,136,116,131,100,100,109,136,108,103,109,120,106,113,125,130,63,53,44,61,47,53,70,63,74,143,119,132,150,106,109,102,82,122,113,108,116,128,129,108,111,108,92,109,121,87,123,125,128,131,125,132,100,106,124,119,106,111,107,84,82,113,113,90,54,79,61,87,101,61,66,111,124,110,112,102,123,102,107,99,97,112,95,98,83,104,116,132,98,112,107,112,108,102,91,119,100,105,119,83,106,120,123,66,146,134,129,124,152,168,112,125,137,92,93,103,107,76,122,123,101,119,114,,,,,,,,,,,,,,,,,,,,,,,,,,,,,,125,112,110,112,112,124,103,120,117,96,94,92,100,121,,90,104,103,108,98,100,96,97,93,84,91,98,91,92,84,100,85,104,114,82,99,93,120,120,118,127,95,93,124,122,117,126,109,115,128,109,104,92,96,107,105,116,105,116,95,113,107,107,112,103,110,125,97,111,115,117,105,120,118,112,126,124,127,147,111,126,107,106,125,108,103,100,117,109,112,66,103,116,123,99,131,87,102,147,136,120,124,145,136,139,125,107,130,128,130,114,,85,104,100,105,117,101,96,104,,98,112,111,93,135,122,104,118,126,143,100,114,94,96,103,108,101,104,,97,83,122,124,91,105,113,136,111,124,114,,115,,96,,104,129,116,122,121,117,,140,115,117,117,117,121,140,125,126,114,108,108,127,105,98,113,106,,,,115,,
20260404,17,O3_8h,107,103,104,97,91,110,113,99,96,115,106,107,112,103,91,98,98,91,87,117,111,124,110,107,110,118,119,123,124,112,108,108,115,103,119,102,106,119,117,111,118,99,95,97,115,103,98,72,105,100,106,100,78,61,43,47,58,38,46,56,54,69,104,92,105,116,101,107,87,58,104,100,98,92,88,93,101,109,96,89,91,106,86,107,106,105,110,114,118,100,102,109,112,102,97,104,64,94,90,81,81,58,70,69,74,92,78,52,106,113,99,103,93,102,93,99,94,90,104,89,98,81,95,96,111,86,100,101,100,96,96,90,91,86,89,89,72,78,83,87,64,119,113,112,100,120,121,95,102,108,69,84,81,85,39,116,111,90,107,94,,,,,,,,,,,,,,,,,,,,,,,,,,,,,,115,94,104,104,104,104,101,97,93,95,90,86,98,108,,87,104,97,99,90,92,91,88,88,82,89,95,90,83,85,102,84,107,97,82,100,82,111,107,104,99,93,86,111,103,99,105,95,107,109,99,93,84,90,96,90,84,84,95,82,84,86,88,97,97,100,111,91,95,99,106,93,100,101,101,103,104,107,112,96,112,70,82,85,84,75,75,87,80,86,51,81,87,96,68,99,60,89,107,101,87,100,123,101,105,101,78,90,102,109,99,,71,94,86,93,95,92,89,87,,83,89,96,93,120,106,98,115,115,123,95,64,69,85,88,86,97,87,,99,67,96,102,51,83,100,103,108,111,103,,98,,83,,91,114,106,114,110,107,123,129,94,105,106,96,106,96,94,94,96,71,88,93,89,98,87,77,,,,85,,
20260404,17,O3_8h_24h,107,103,104,97,91,110,113,99,96,115,106,107,112,103,91,98,98,91,89,117,117,124,110,107,110,118,126,123,124,112,108,108,115,103,119,102,106,119,117,111,118,99,95,97,115,103,98,72,105,100,106,100,87,61,42,45,58,38,46,56,54,69,104,92,105,116,101,107,87,58,104,100,98,92,88,93,101,109,96,89,91,106,86,107,106,117,110,114,118,100,102,109,112,102,97,104,64,94,90,81,81,58,70,69,74,92,78,52,106,113,99,103,93,102,93,99,94,90,104,89,98,81,95,96,111,86,100,101,100,96,96,90,91,86,89,89,72,78,83,87,64,119,113,112,100,120,121,95,102,108,69,84,81,85,60,116,111,90,107,94,,,,,,,,,,,,,,,,,,,,,,,,,,,,,,115,94,104,104,104,104,101,97,93,95,90,86,98,108,,87,104,97,99,90,92,91,88,88,79,89,95,94,83,85,102,84,107,97,82,100,82,111,107,104,99,93,86,111,103,99,105,95,107,109,99,93,84,90,96,90,84,84,95,82,84,86,88,97,97,100,111,91,95,99,106,93,100,101,101,103,104,107,112,96,112,70,82,85,84,75,75,87,80,86,51,81,87,96,68,99,60,89,107,101,87,100,123,101,105,101,78,90,102,109,99,,71,94,86,93,95,92,89,87,,83,101,96,93,120,106,98,115,115,123,95,90,69,85,88,86,97,87,,99,67,96,102,51,83,100,103,108,111,103,,98,,83,,91,114,106,114,110,107,91,129,94,105,106,96,106,96,94,94,96,71,88,93,89,91,87,77,,,,85,,
20260404,17,CO,0.39,0.44,0.40,0.48,0.30,0.32,0.23,0.30,0.45,0.30,0.27,0.35,0.30,0.32,0.24,0.46,0.39,0.34,0.47,0.65,0.51,0.72,0.58,0.51,0.34,0.52,0.70,0.46,0.62,0.55,0.38,0.62,0.32,0.52,0.46,0.40,0.41,0.77,0.47,0.47,0.65,0.57,0.50,0.45,0.47,0.45,0.47,0.65,0.42,0.40,0.32,0.40,0.50,0.72,0.69,0.70,0.63,0.60,0.57,0.70,0.60,0.57,0.44,0.52,0.40,0.39,0.37,0.42,0.30,0.41,0.27,0.40,0.22,0.26,0.25,0.30,0.29,0.22,0.48,0.33,0.25,0.47,0.60,0.20,0.54,0.43,0.26,0.37,0.44,0.30,0.26,0.40,0.28,0.48,0.35,0.40,0.80,0.77,0.87,0.83,0.50,0.70,0.45,0.73,0.55,0.60,0.77,0.60,0.27,0.30,0.40,0.38,0.60,0.38,0.36,0.72,0.47,0.48,0.42,0.63,0.40,0.43,0.22,0.57,0.53,0.62,0.33,0.23,0.37,0.30,0.40,0.47,0.38,0.53,0.80,0.73,0.40,0.67,0.90,0.61,0.55,0.47,0.55,0.68,0.60,0.43,0.50,0.15,0.38,0.50,0.50,0.40,0.35,0.34,0.45,0.30,0.63,0.28,0.42,0.20,,,,,,,,,,,,,,,,,,,,,,,,,,,,,,0.23,0.20,0.55,0.27,0.23,0.30,0.45,0.33,0.25,0.27,0.43,0.20,0.30,0.37,,0.30,0.40,0.40,0.40,0.35,0.53,0.27,0.40,0.45,0.85,0.25,0.20,0.40,0.20,0.37,0.33,0.33,0.30,0.50,0.25,0.35,0.35,0.27,0.32,0.30,0.42,0.45,0.40,0.30,0.28,0.30,0.30,0.10,0.75,0.37,0.60,0.43,0.35,0.55,0.45,0.60,0.77,0.30,0.45,0.64,0.75,0.45,0.82,0.60,0.50,0.40,0.30,0.28,0.35,0.45,0.23,0.30,0.57,0.40,0.52,0.43,0.38,0.40,0.40,0.50,0.60,0.45,0.70,0.60,0.80,0.40,0.47,0.20,0.45,0.20,0.40,0.63,0.60,0.67,0.63,0.55,0.67,0.50,0.65,0.60,0.53,0.45,0.33,0.40,0.65,0.50,0.25,0.35,0.45,0.45,0.20,,0.20,0.25,0.37,0.50,0.35,0.45,0.40,0.25,,0.50,0.40,0.20,0.40,0.50,0.30,0.40,0.30,0.45,0.25,0.50,0.50,0.30,0.40,0.25,0.25,0.30,0.60,,0.40,0.40,0.30,0.40,0.40,0.40,0.25,0.15,0.30,0.25,0.35,,0.30,,0.45,,0.25,0.50,0.30,0.10,0.30,0.30,,0.30,0.23,0.25,0.30,0.25,0.10,0.30,0.20,0.30,0.15,0.25,0.30,0.35,,,0.30,0.40,,,,0.65,,
20260404,17,CO_24h,0.34,0.57,0.26,0.71,0.40,0.35,0.24,0.30,0.30,0.43,0.33,0.30,0.35,0.42,0.38,0.55,0.50,0.45,0.57,0.65,0.62,0.81,0.65,0.70,0.42,0.62,0.84,0.63,0.62,0.70,0.56,0.56,0.45,0.59,0.53,0.57,0.48,0.83,0.60,0.53,0.60,0.67,0.50,0.55,0.54,0.53,0.60,0.70,0.45,0.51,0.33,0.51,0.70,0.68,0.57,0.57,0.57,0.45,0.43,0.73,0.65,0.57,0.51,0.45,0.53,0.62,0.43,0.52,0.27,0.40,0.47,0.55,0.40,0.39,0.60,0.58,0.51,0.30,0.64,0.57,0.40,0.53,0.70,0.33,0.52,0.53,0.32,0.43,0.54,0.38,0.38,0.45,0.35,0.64,0.37,0.50,0.77,1.08,0.67,0.70,0.70,0.60,0.55,0.63,0.65,0.80,0.97,0.60,0.43,0.30,0.59,0.42,0.43,0.36,0.46,0.88,0.58,0.62,0.46,0.80,0.72,0.63,0.28,0.70,0.77,0.60,0.36,0.23,0.55,0.30,0.30,0.30,0.47,0.57,0.70,0.93,0.50,0.80,0.73,0.71,0.50,0.63,0.70,0.73,0.67,0.53,0.63,0.40,0.50,0.58,0.47,0.35,0.35,0.34,0.40,0.40,0.67,0.76,0.46,0.30,,,,,,,,,,,,,,,,,,,,,,,,,,,,,,0.30,0.30,0.80,0.27,0.30,0.30,0.35,0.40,0.30,0.57,0.57,0.20,0.40,0.43,,0.30,0.50,0.40,0.50,0.45,0.63,0.47,0.50,0.50,0.85,0.25,0.30,0.43,0.23,0.37,0.37,0.30,0.35,0.50,0.50,0.40,0.30,0.37,0.40,0.35,0.65,0.57,0.45,0.40,0.38,0.27,0.35,0.13,0.72,0.43,0.67,0.87,0.50,0.65,0.75,0.70,0.77,0.70,0.50,0.74,0.80,0.70,0.95,0.65,0.52,0.42,0.30,0.28,0.38,0.45,0.30,0.20,0.75,0.37,0.56,0.53,0.47,0.50,0.33,0.70,0.67,0.45,1.02,0.80,1.00,0.65,0.77,0.40,0.75,0.40,0.55,0.60,0.65,0.67,0.80,0.60,0.70,0.60,0.75,0.70,0.73,0.65,0.50,0.70,0.90,0.75,0.40,0.35,0.65,0.60,0.20,,0.20,0.45,0.40,0.53,0.65,0.55,0.35,0.50,,0.65,0.30,0.30,0.45,0.65,0.40,0.50,0.40,0.50,0.60,0.45,0.60,0.30,0.45,0.30,0.25,0.35,0.90,,0.35,0.40,0.43,0.47,0.50,0.40,0.50,0.35,0.30,0.35,0.40,,0.25,,0.60,,0.40,0.50,0.30,0.20,0.30,0.40,0.40,0.30,0.40,0.45,0.40,0.45,0.10,0.40,0.25,0.70,0.25,0.65,0.50,0.40,0.50,,0.30,0.50,,,,0.60,,
20260404,18,AQI,69,44,81,50,46,59,71,82,84,63,48,68,73,75,100,33,34,30,43,56,69,56,74,45,60,77,73,62,69,73,58,52,61,41,49,35,51,48,43,33,54,32,33,36,64,34,30,42,37,32,68,63,68,23,19,33,27,21,34,22,20,24,43,35,45,66,32,33,32,102,67,35,75,36,76,55,147,190,37,28,34,56,27,38,63,55,39,38,46,32,31,38,36,44,33,32,25,28,75,43,22,22,23,40,27,29,38,27,37,63,84,62,115,68,44,41,30,31,41,33,53,51,50,64,63,57,68,69,62,55,90,89,95,36,32,62,59,42,68,37,47,69,41,40,37,60,77,97,41,40,87,85,51,96,103,103,46,94,38,78,,,,,,,,,,,,,,,,,,,,,,,,,,,,,,80,72,32,58,67,87,83,58,71,152,38,28,93,74,,61,72,33,37,30,34,29,30,28,33,49,36,36,54,40,46,24,41,64,24,47,64,60,68,51,88,58,79,64,70,55,60,52,60,81,31,46,35,26,32,51,56,61,36,35,35,71,33,47,66,61,60,79,92,84,60,85,79,78,88,74,91,84,66,60,87,71,48,63,38,38,39,59,58,58,25,41,38,35,45,43,51,32,47,36,65,90,60,49,60,86,85,65,73,60,34,,25,33,31,33,38,36,33,32,,31,60,55,29,71,40,33,64,66,80,36,67,44,30,31,39,32,35,,29,25,80,96,101,90,72,62,169,54,87,,69,,69,,34,39,35,38,40,36,,46,97,170,86,53,38,36,65,77,103,117,146,61,35,30,36,32,,,,53,,
20260404,18,PM2.5,34,20,25,25,22,25,33,18,62,32,30,23,21,19,23,17,24,18,30,37,10,32,32,20,19,27,22,23,32,26,21,27,26,20,24,5,25,32,23,13,38,12,16,10,18,5,6,15,10,8,24,27,19,16,13,23,16,15,24,15,14,13,16,23,21,29,12,19,5,34,28,16,28,11,18,25,43,48,22,9,17,40,3,7,22,13,15,12,9,11,4,8,11,13,15,9,11,16,55,30,8,14,11,24,7,13,14,11,16,19,20,15,37,20,16,29,12,19,24,23,28,36,25,19,20,22,18,22,22,15,27,25,30,25,14,24,19,15,49,11,27,31,17,20,7,15,29,32,20,15,28,28,21,26,36,29,16,33,3,22,,,,,,,,,,,,,,,,,,,,,,,,,,,,,,32,25,3,14,13,22,21,13,21,67,21,13,32,20,,7,17,13,23,14,22,14,8,17,23,34,25,25,38,24,32,11,29,46,11,33,46,7,11,14,17,11,23,18,15,18,18,6,21,27,3,16,11,8,3,29,27,21,22,20,18,31,19,16,17,16,14,26,34,23,22,32,34,28,30,28,30,21,40,23,33,29,16,17,17,13,24,13,12,18,11,27,24,22,28,17,13,10,15,16,28,43,18,15,11,30,30,30,31,25,8,,8,12,22,22,21,25,23,13,,5,43,20,3,46,27,22,46,48,59,20,40,31,8,3,5,3,9,,3,3,34,33,36,40,23,28,52,15,42,,36,,39,,14,19,7,12,8,6,,13,42,76,26,14,7,14,20,31,41,64,42,15,9,3,11,6,,,,37,,
20260404,18,PM2.5_24h,22,31,16,43,33,19,31,9,18,39,43,29,16,13,16,22,28,28,35,36,21,34,25,28,24,37,29,28,34,30,28,29,35,9,15,20,12,28,23,10,19,13,15,12,19,7,14,18,23,16,24,28,21,17,22,26,18,23,22,21,22,16,22,21,23,35,15,19,6,37,42,37,28,18,17,21,24,13,27,24,21,29,11,21,28,22,19,25,14,21,22,16,21,15,22,18,10,38,34,27,9,23,16,21,10,27,39,26,27,18,12,14,15,12,23,32,23,25,20,37,70,55,23,27,30,15,20,18,20,18,24,20,25,22,14,14,17,14,30,16,18,37,27,18,13,27,42,29,21,17,37,35,20,31,39,28,19,24,10,30,,,,,,,,,,,,,,,,,,,,,,,,,,,,,,22,20,12,9,12,12,20,11,11,26,24,10,18,12,,10,19,12,26,21,16,27,22,16,17,48,24,23,45,25,31,7,32,34,15,40,20,19,22,20,33,24,10,26,17,20,21,12,20,23,7,11,8,8,14,24,16,16,15,14,11,17,17,14,17,18,20,21,26,17,24,23,26,31,27,25,25,27,32,23,23,27,20,17,16,19,18,16,17,17,21,22,24,23,38,16,10,19,14,25,41,29,28,20,25,31,19,27,28,34,8,,7,11,15,19,13,25,20,22,,17,29,20,7,54,38,27,44,38,64,21,52,17,10,6,4,6,19,,4,5,41,23,31,52,43,31,55,34,45,,38,,53,,23,33,16,17,19,18,4,22,25,35,33,27,9,16,19,50,42,75,47,15,10,2,12,25,,,,39,,
20260404,18,PM10,87,44,111,50,46,68,92,114,105,75,48,85,96,99,149,33,32,30,43,61,87,62,97,45,69,104,96,74,88,96,65,53,72,41,49,17,51,48,43,27,52,32,33,36,78,15,7,42,36,22,86,75,85,23,19,30,27,20,32,22,20,24,31,30,45,82,25,31,10,154,83,34,100,36,102,59,243,329,37,18,34,48,14,33,76,60,36,34,46,32,22,30,27,44,30,27,17,24,62,40,20,22,16,40,14,,38,27,37,75,118,73,180,86,44,39,26,31,41,32,55,44,50,77,75,63,86,88,74,59,130,128,139,36,24,74,67,42,69,23,47,87,33,29,15,69,103,144,36,35,124,120,52,142,156,156,46,137,30,105,,,,,,,,,,,,,,,,,,,,,,,,,,,,,,110,93,8,66,83,123,115,66,92,254,38,26,136,98,,71,93,26,37,30,33,20,28,28,32,40,35,36,44,40,38,23,,56,24,39,63,70,85,51,126,65,108,77,89,60,70,53,69,111,10,46,35,25,17,52,61,71,34,35,35,92,33,47,81,71,70,107,134,117,69,119,107,106,126,97,131,118,81,69,124,92,48,76,27,38,39,68,65,66,25,41,38,28,45,38,51,22,30,35,79,130,70,49,70,122,119,80,95,70,22,,23,24,29,24,38,36,27,14,,7,57,60,20,92,40,27,56,61,76,36,83,41,22,15,39,16,19,,15,12,110,141,151,130,94,73,288,57,123,,87,,88,,34,33,27,33,35,35,,46,144,290,121,55,18,28,80,103,156,184,242,71,35,24,29,23,,,,52,,
20260404,18,PM10_24h,57,82,66,107,64,71,81,33,48,85,87,83,69,61,53,41,45,32,44,46,54,42,52,49,77,70,58,59,52,53,64,46,55,17,25,26,18,35,30,16,25,21,22,24,52,16,16,26,70,34,144,50,38,27,33,34,27,31,32,31,33,26,34,31,43,92,31,33,14,189,142,105,115,53,35,32,66,65,43,40,28,34,14,56,89,93,57,64,74,40,50,63,69,38,39,49,16,51,43,43,14,31,21,33,18,40,53,45,42,76,48,82,90,59,40,41,35,39,27,46,106,60,40,41,51,31,139,81,80,108,153,142,69,33,25,35,37,28,46,29,33,90,46,32,22,64,113,72,35,26,183,157,84,143,200,145,64,84,40,110,,,,,,,,,,,,,,,,,,,,,,,,,,,,,,73,74,17,104,52,68,135,39,71,99,43,21,74,45,,35,84,22,33,30,22,41,36,27,27,51,32,38,57,36,34,18,33,39,34,47,34,60,57,66,66,39,36,53,63,62,34,65,35,37,15,22,17,18,23,31,29,32,19,22,25,33,28,27,81,108,74,91,118,88,72,123,59,128,71,54,71,66,56,43,60,71,35,41,18,46,27,36,41,28,33,36,39,32,55,28,28,30,33,42,104,83,49,64,88,72,65,79,61,69,27,,21,20,22,24,26,38,27,31,,25,42,50,16,97,48,40,59,51,85,31,72,25,20,19,21,19,29,,11,11,117,72,101,208,162,91,168,109,134,,125,,140,,61,112,37,47,50,42,19,54,102,131,128,87,27,40,90,147,136,218,202,66,56,13,39,72,,,,53,,
20260404,18,SO2,3,7,2,9,8,5,5,4,5,4,6,8,5,6,6,7,6,6,8,6,7,6,4,9,10,6,7,7,5,9,8,6,6,7,8,5,8,5,6,6,5,4,6,5,7,5,2,10,5,7,4,8,6,5,5,4,7,5,8,5,5,9,5,7,9,5,8,4,5,6,6,6,5,6,4,7,5,5,8,6,5,11,4,10,8,7,9,10,8,6,5,3,5,8,5,7,9,6,8,4,8,6,6,11,6,2,6,8,3,5,5,10,9,7,7,11,9,11,7,8,6,4,7,7,9,6,11,3,7,10,8,16,7,9,7,11,10,7,10,6,4,7,7,11,8,10,4,7,12,5,6,4,3,6,9,9,29,7,5,9,,,,,,,,,,,,,,,,,,,,,,,,,,,,,,6,2,4,7,4,10,9,8,4,8,6,5,8,4,,6,8,8,7,8,8,3,4,7,9,2,6,6,5,10,6,4,5,7,6,6,9,6,9,7,9,5,4,8,7,6,5,6,5,6,4,5,4,8,5,10,8,3,9,4,8,8,7,10,6,8,3,6,6,7,3,6,8,9,10,9,7,5,8,7,6,7,8,10,5,7,6,5,4,5,6,8,6,10,7,18,5,6,11,5,1,8,9,5,8,7,6,8,9,10,5,,6,7,4,5,4,10,5,3,,6,6,7,8,8,9,5,5,5,10,6,6,7,6,5,8,6,5,,8,5,4,3,5,5,4,13,12,3,9,,5,,7,,5,8,9,10,13,3,,15,4,8,5,3,9,7,4,5,6,4,3,7,4,5,11,8,,,,7,,
20260404,18,SO2_24h,3,7,3,9,7,4,3,4,5,4,5,5,5,8,8,8,6,6,9,6,6,6,4,8,9,6,6,6,5,9,7,7,6,6,5,5,6,5,5,6,6,6,5,5,6,4,3,8,5,7,3,8,5,6,5,5,7,5,7,5,5,8,5,7,9,5,8,4,8,5,8,12,11,8,5,7,10,6,7,6,5,14,3,10,8,5,10,9,9,6,5,3,5,8,5,6,8,7,7,7,7,6,6,6,6,7,6,9,5,5,12,13,5,8,8,9,9,8,6,7,8,5,7,7,11,6,10,3,8,8,7,13,7,9,7,12,9,6,9,11,4,7,9,12,9,8,4,7,11,6,6,2,2,6,8,6,21,18,6,10,,,,,,,,,,,,,,,,,,,,,,,,,,,,,,5,2,5,4,5,12,8,7,7,26,6,5,8,6,,6,8,7,6,9,8,3,5,7,7,2,5,7,6,9,7,4,5,7,7,6,10,6,8,7,9,6,4,8,7,5,5,6,4,5,3,6,4,5,5,10,9,4,10,4,7,10,6,16,7,9,3,6,6,6,3,5,10,8,11,10,6,4,7,6,5,7,8,9,6,7,5,5,6,4,7,7,5,9,10,11,6,6,10,5,9,9,8,5,9,8,5,7,8,10,5,,6,8,5,13,4,11,6,3,,5,6,7,8,7,9,6,7,9,10,6,6,7,6,5,9,8,7,,8,6,6,8,8,8,20,13,11,5,8,,5,,8,,5,12,6,10,11,12,6,13,7,9,5,4,9,7,4,5,15,5,10,7,6,5,11,10,,,,8,,
20260404,18,NO2,13,18,10,15,17,10,11,9,17,11,13,12,8,9,5,17,17,13,27,31,13,21,13,29,16,14,21,19,19,13,13,14,12,20,27,19,25,12,14,24,13,15,14,12,12,12,11,15,11,16,12,17,11,25,22,26,26,27,34,20,14,21,10,6,11,9,9,7,7,23,6,3,7,10,9,15,5,6,16,12,16,15,11,14,14,12,15,18,12,17,11,11,9,30,11,14,12,13,13,11,15,10,10,21,13,12,19,17,6,14,6,11,15,13,10,18,13,14,18,12,11,13,12,14,14,19,16,11,17,13,15,20,16,19,13,5,8,6,9,8,12,9,8,9,11,7,10,11,7,7,18,21,9,12,21,3,7,4,3,2,,,,,,,,,,,,,,,,,,,,,,,,,,,,,,10,11,14,14,4,9,11,8,10,4,10,7,4,5,,5,6,13,14,9,15,10,7,10,9,9,11,10,12,14,16,10,9,18,7,13,10,18,13,14,11,10,6,13,10,11,8,8,18,11,9,8,7,9,12,12,8,12,7,9,10,10,5,8,13,15,17,16,13,14,11,8,7,14,10,7,11,7,10,4,14,9,6,10,7,6,16,8,7,5,9,19,8,11,15,10,8,3,6,6,7,11,11,10,13,9,12,11,7,7,6,,8,6,9,5,5,8,4,4,,3,6,12,7,6,4,5,6,9,9,8,8,25,7,5,2,3,4,,6,3,8,6,14,7,6,16,3,4,11,,14,,9,,3,4,1,1,1,1,,4,4,5,7,6,4,6,6,8,1,6,2,12,4,8,6,3,,,,6,,
20260404,18,NO2_24h,15,18,12,15,15,13,15,10,12,13,15,14,11,20,24,13,12,15,23,21,18,19,18,21,19,19,20,17,30,16,18,14,16,17,20,32,18,15,14,18,15,15,13,22,18,21,22,25,15,14,12,21,26,21,18,13,20,21,24,22,18,18,11,10,23,33,14,19,13,36,23,12,26,27,19,21,33,18,13,12,13,15,17,14,15,15,12,16,13,14,10,12,11,16,10,12,15,28,15,11,11,10,12,7,14,22,30,19,14,15,19,18,17,31,15,16,13,12,12,15,30,15,16,23,20,21,21,11,18,13,12,17,20,19,12,17,14,14,10,16,10,31,19,12,17,17,35,26,14,14,27,19,22,16,36,6,14,22,10,20,,,,,,,,,,,,,,,,,,,,,,,,,,,,,,10,14,24,14,18,18,18,20,23,22,14,8,12,20,,7,7,13,12,6,14,10,9,10,9,15,18,11,12,11,12,6,10,11,13,15,10,16,14,14,17,18,7,10,13,15,13,9,16,11,12,11,9,10,31,17,13,16,10,14,16,13,10,13,13,12,17,15,15,16,12,11,13,17,15,14,14,10,13,8,19,10,12,18,12,11,18,14,19,9,18,11,12,12,22,12,13,9,9,8,31,28,22,30,36,21,27,10,21,23,5,,16,8,9,7,18,13,8,13,,8,7,10,9,14,10,13,9,9,14,9,19,10,8,9,4,10,15,,4,5,21,37,16,16,21,28,11,15,18,,14,,20,,16,8,2,2,8,3,17,3,19,26,22,19,8,24,12,36,12,40,18,17,10,6,14,23,,,,9,,
20260404,18,O3,127,106,113,104,94,112,122,115,135,137,112,122,116,119,100,100,100,93,89,117,133,151,116,104,119,134,149,143,130,133,118,115,125,104,120,111,119,145,131,105,119,92,96,91,135,109,96,109,117,102,109,114,128,57,46,46,58,43,52,64,58,69,138,113,130,148,103,105,103,85,120,113,102,113,124,127,101,107,109,89,96,118,85,123,120,125,124,123,131,99,98,121,116,102,106,103,80,88,121,105,69,51,73,65,85,92,54,65,111,118,114,111,101,121,101,103,97,90,111,91,95,85,96,111,132,95,110,103,105,109,96,89,116,96,103,108,85,105,114,119,66,143,130,127,119,150,161,108,132,129,93,92,96,103,76,124,127,93,120,110,,,,,,,,,,,,,,,,,,,,,,,,,,,,,,122,111,101,112,105,118,107,122,113,97,91,91,102,109,,89,100,104,105,91,109,94,97,90,85,96,90,85,92,79,92,76,102,107,78,93,97,113,115,114,123,90,88,122,121,115,125,106,105,128,100,98,84,84,101,106,106,106,115,99,109,107,107,110,99,104,116,93,110,111,116,101,120,116,104,126,123,129,146,108,127,102,103,116,121,95,104,114,108,108,63,106,117,113,89,138,84,102,151,116,120,122,141,137,142,126,102,128,127,124,109,,81,107,99,106,113,101,98,102,,98,103,105,93,135,122,106,122,126,140,102,112,88,96,99,106,102,111,,93,81,121,113,90,106,114,137,110,124,112,,112,,94,,104,125,112,123,128,116,,142,112,115,114,120,120,115,132,119,115,108,105,124,107,96,115,103,,,,115,,
20260404,18,O3_24h,127,106,113,104,94,112,122,115,135,137,112,122,116,119,100,100,100,93,89,117,133,151,116,104,119,134,149,143,130,133,118,115,125,104,120,111,119,145,131,105,119,92,96,91,135,109,96,109,117,102,109,114,128,57,46,46,58,43,52,64,58,69,138,113,130,148,103,105,103,85,120,113,102,113,124,127,101,107,109,89,96,118,85,123,120,125,124,123,131,99,98,121,116,102,106,103,80,88,121,105,69,51,73,65,85,92,54,65,111,118,114,111,101,121,101,103,97,90,111,91,95,85,96,111,132,95,110,103,105,109,96,89,116,96,103,108,85,105,114,119,66,143,130,127,119,150,161,108,132,129,93,92,96,103,76,124,127,93,120,110,,,,,,,,,,,,,,,,,,,,,,,,,,,,,,122,111,101,112,105,118,107,122,113,97,91,91,102,109,,89,100,104,105,91,109,94,97,90,85,96,90,85,92,79,92,76,102,107,78,93,97,113,115,114,123,90,88,122,121,115,125,106,105,128,100,98,84,84,101,106,106,106,115,99,109,107,107,110,99,104,116,93,110,111,116,101,120,116,104,126,123,129,146,108,127,102,103,116,121,95,104,114,108,108,63,106,117,113,89,138,84,102,151,116,120,122,141,137,142,126,102,128,127,124,109,,81,107,99,106,113,101,98,102,,98,103,105,93,135,122,106,122,126,140,102,112,88,96,99,106,102,111,,93,81,121,113,90,106,114,137,110,124,112,,112,,94,,104,125,112,123,128,116,,142,112,115,114,120,120,115,132,119,115,108,105,124,107,96,115,103,,,,115,,
20260404,18,O3_8h,114,107,109,100,94,113,117,105,105,123,109,112,117,112,96,100,101,94,89,121,118,133,115,110,114,124,128,132,130,118,114,113,119,106,123,108,112,126,123,114,121,103,99,101,122,107,105,81,109,102,108,107,100,62,45,47,59,40,48,59,55,71,116,98,115,130,106,112,93,64,112,109,103,99,99,103,105,111,100,90,94,110,91,111,110,121,114,118,122,102,103,113,115,104,101,105,70,98,94,89,82,58,73,70,79,95,78,56,111,117,104,106,99,111,96,101,95,92,107,92,100,82,97,104,120,90,104,103,104,99,98,92,103,92,94,99,80,87,92,99,66,128,122,119,108,131,136,103,111,115,74,89,90,92,40,118,117,94,112,106,,,,,,,,,,,,,,,,,,,,,,,,,,,,,,120,100,109,107,105,111,103,106,102,98,92,88,101,109,,88,104,101,102,91,98,93,92,89,82,93,96,90,86,85,104,84,108,101,82,101,86,114,112,109,106,97,89,117,109,105,114,101,110,115,105,98,86,94,102,96,93,91,101,89,92,94,93,102,99,103,115,93,98,104,111,97,106,109,107,110,113,116,122,102,119,81,92,97,94,84,86,98,91,95,55,88,96,103,75,110,66,95,119,108,99,109,131,114,119,110,88,102,113,119,100,,77,100,89,99,104,96,92,94,,91,92,100,94,129,114,102,119,119,130,97,68,76,88,94,93,100,95,,100,72,104,108,59,90,104,114,109,115,107,,104,,89,,97,122,110,117,115,113,99,133,103,114,113,103,110,106,105,103,102,83,96,102,97,98,95,87,,,,96,,
20260404,18,O3_8h_24h,114,107,109,100,94,113,117,105,105,123,109,112,117,112,96,100,101,94,91,121,125,133,115,109,114,124,136,132,130,118,114,113,119,106,123,108,112,126,123,114,121,103,99,101,122,107,105,81,109,102,108,107,100,62,44,46,59,40,48,59,55,71,116,98,115,130,106,112,93,64,112,109,103,99,99,103,105,111,100,90,94,110,91,111,110,121,114,118,122,102,103,113,115,104,101,105,70,98,94,89,82,57,73,70,79,95,78,56,111,117,104,106,99,111,96,101,95,92,107,92,100,82,97,104,120,90,104,103,104,99,98,92,103,92,94,99,80,87,92,99,66,128,122,119,108,131,136,103,111,115,74,89,90,92,62,118,117,94,112,106,,,,,,,,,,,,,,,,,,,,,,,,,,,,,,120,100,109,107,105,111,103,106,102,98,92,88,101,109,,88,104,101,102,91,98,93,92,89,80,93,96,93,86,85,104,84,108,101,82,101,86,114,112,109,106,97,89,117,109,105,114,101,110,115,105,98,86,94,102,96,93,91,101,89,92,94,93,102,99,103,115,93,98,104,111,97,106,109,107,110,113,116,122,102,119,81,92,97,94,84,86,98,91,95,55,88,96,103,75,110,66,95,119,108,99,109,131,114,119,110,88,102,113,119,100,,77,100,89,99,104,96,92,94,,91,107,100,94,129,114,102,119,119,130,97,99,76,88,94,93,100,95,,100,72,104,108,59,90,104,114,109,115,107,,104,,89,,97,122,110,117,115,113,99,133,103,114,113,103,110,106,105,103,102,83,96,102,97,94,95,87,,,,96,,
20260404,18,CO,0.39,0.46,0.38,0.49,0.35,0.30,0.23,0.33,0.50,0.32,0.30,0.35,0.30,0.30,0.20,0.47,0.41,0.35,0.53,0.68,0.53,0.72,0.60,0.54,0.34,0.50,0.69,0.52,0.58,0.57,0.36,0.52,0.32,0.60,0.53,0.43,0.42,0.77,0.50,0.43,0.60,0.53,0.50,0.50,0.48,0.43,0.45,0.68,0.40,0.43,0.37,0.49,0.52,0.74,0.66,0.70,0.63,0.60,0.57,0.70,0.65,0.63,0.46,0.55,0.43,0.37,0.40,0.43,0.30,0.41,0.33,0.40,0.22,0.22,0.28,0.35,0.29,0.22,0.52,0.33,0.23,0.50,0.67,0.20,0.50,0.43,0.28,0.42,0.48,0.32,0.32,0.40,0.30,0.50,0.30,0.46,0.90,0.73,1.13,0.87,0.60,0.70,0.45,0.77,0.60,0.70,0.87,0.60,0.27,0.30,0.39,0.38,0.60,0.38,0.46,0.74,0.53,0.52,0.44,0.67,0.38,0.47,0.25,0.55,0.43,0.78,0.34,0.20,0.38,0.27,0.38,0.50,0.40,0.57,0.82,0.75,0.40,0.70,0.85,0.63,0.60,0.45,0.55,0.75,0.60,0.43,0.50,0.15,0.35,0.47,0.47,0.40,0.40,0.38,0.50,0.30,0.60,0.30,0.33,0.20,,,,,,,,,,,,,,,,,,,,,,,,,,,,,,0.23,0.20,0.55,0.27,0.23,0.30,0.43,0.30,0.30,0.27,0.50,0.20,0.35,0.33,,0.30,0.40,0.40,0.40,0.35,0.63,0.30,0.40,0.45,1.00,0.40,0.20,0.40,0.20,0.37,0.33,0.35,0.30,0.53,0.30,0.40,0.40,0.28,0.34,0.35,0.42,0.43,0.45,0.30,0.32,0.27,0.30,0.10,0.72,0.37,0.63,0.47,0.45,0.65,0.45,0.60,0.60,0.30,0.45,0.64,0.70,0.53,0.82,0.60,0.46,0.42,0.30,0.28,0.35,0.45,0.23,0.30,0.60,0.47,0.54,0.43,0.43,0.40,0.43,0.60,0.67,0.45,0.72,0.60,0.80,0.45,0.40,0.15,0.45,0.25,0.40,0.77,0.58,0.70,0.63,0.60,0.70,0.60,0.65,0.60,0.53,0.45,0.33,0.45,0.75,0.57,0.28,0.35,0.45,0.45,0.20,,0.20,0.25,0.40,0.53,0.35,0.50,0.40,0.25,,0.50,0.35,0.20,0.40,0.50,0.30,0.40,0.40,0.50,0.30,0.45,0.50,0.30,0.40,0.25,0.25,0.30,0.70,,0.45,0.45,0.33,0.33,0.50,0.40,0.25,0.20,0.30,0.25,0.50,,0.30,,0.50,,0.25,0.50,0.30,0.10,0.30,0.30,,0.30,0.23,0.25,0.25,0.25,,0.20,0.25,0.30,0.15,0.25,0.30,0.35,,,0.30,0.30,,,,0.65,,
20260404,18,CO_24h,0.35,0.57,0.28,0.71,0.40,0.35,0.27,0.30,0.30,0.47,0.33,0.33,0.38,0.42,0.38,0.52,0.49,0.44,0.54,0.65,0.59,0.81,0.65,0.71,0.42,0.62,0.84,0.63,0.60,0.68,0.54,0.56,0.45,0.59,0.53,0.57,0.48,0.83,0.60,0.53,0.60,0.67,0.50,0.55,0.52,0.50,0.60,0.70,0.45,0.51,0.33,0.51,0.70,0.69,0.59,0.57,0.57,0.45,0.47,0.73,0.65,0.57,0.51,0.45,0.53,0.62,0.43,0.52,0.27,0.40,0.47,0.55,0.40,0.38,0.60,0.58,0.50,0.30,0.64,0.55,0.30,0.50,0.70,0.31,0.50,0.53,0.32,0.42,0.54,0.38,0.38,0.45,0.35,0.62,0.37,0.50,0.77,1.08,0.70,0.70,0.70,0.60,0.55,0.63,0.60,0.80,0.97,0.60,0.43,0.30,0.59,0.42,0.45,0.36,0.46,0.88,0.57,0.62,0.42,0.77,0.72,0.57,0.28,0.70,0.73,0.60,0.37,0.23,0.52,0.30,0.30,0.33,0.45,0.57,0.70,0.95,0.50,0.80,0.73,0.71,0.50,0.63,0.70,0.77,0.67,0.53,0.63,0.40,0.50,0.58,0.47,0.35,0.35,0.34,0.40,0.40,0.67,0.76,0.46,0.30,,,,,,,,,,,,,,,,,,,,,,,,,,,,,,0.30,0.20,0.80,0.27,0.30,0.30,0.35,0.43,0.30,0.57,0.57,0.20,0.40,0.40,,0.30,0.50,0.40,0.50,0.45,0.63,0.43,0.50,0.50,0.85,0.25,0.30,0.43,0.20,0.37,0.37,0.30,0.35,0.50,0.45,0.40,0.30,0.37,0.40,0.35,0.65,0.57,0.45,0.40,0.38,0.27,0.35,0.13,0.72,0.43,0.67,0.77,0.50,0.65,0.70,0.70,0.80,0.70,0.50,0.74,0.80,0.70,0.93,0.65,0.50,0.42,0.30,0.28,0.38,0.45,0.30,0.20,0.75,0.37,0.56,0.53,0.47,0.50,0.33,0.70,0.67,0.45,1.02,0.80,1.00,0.65,0.77,0.40,0.75,0.40,0.55,0.60,0.65,0.67,0.80,0.55,0.70,0.60,0.70,0.70,0.73,0.65,0.50,0.70,0.90,0.75,0.40,0.35,0.65,0.60,0.20,,0.20,0.45,0.40,0.53,0.65,0.55,0.35,0.50,,0.65,0.30,0.30,0.45,0.65,0.40,0.50,0.40,0.50,0.55,0.45,0.60,0.30,0.45,0.30,0.25,0.35,0.90,,0.35,0.40,0.43,0.47,0.50,0.40,0.50,0.35,0.30,0.35,0.40,,0.25,,0.60,,0.40,0.50,0.40,0.20,0.30,0.30,0.40,0.30,0.40,0.45,0.40,0.45,0.10,0.40,0.25,0.70,0.25,0.65,0.50,0.40,0.50,,0.30,0.55,,,,0.60,,
20260404,19,AQI,68,43,80,51,43,62,71,95,74,63,52,63,66,82,85,35,43,34,76,57,71,59,67,46,67,78,74,66,74,72,62,33,61,52,55,32,52,50,49,33,54,42,37,39,61,35,28,50,35,29,74,65,69,26,22,30,26,23,33,23,23,26,40,33,52,64,31,34,32,100,66,34,64,36,71,66,131,136,43,26,42,59,25,56,62,58,43,42,48,36,32,38,33,50,34,30,22,26,50,46,29,26,24,42,23,27,31,27,39,65,84,60,89,69,51,51,31,42,45,49,54,59,52,63,61,51,70,68,70,61,88,91,85,41,30,56,58,49,63,33,49,71,40,36,36,59,78,101,38,39,88,82,61,95,99,80,46,100,37,78,,,,,,,,,,,,,,,,,,,,,,,,,,,,,,77,73,30,64,62,89,83,63,77,130,43,28,118,65,,46,73,31,42,28,38,29,32,30,39,74,37,36,58,45,55,59,54,63,27,51,65,67,69,51,89,58,76,65,72,57,60,55,59,85,34,54,44,25,30,55,72,65,42,40,42,74,39,51,67,69,57,87,90,85,60,84,78,78,87,77,86,86,69,61,90,71,50,67,44,42,48,62,59,58,31,55,47,33,46,41,41,31,44,35,67,90,63,53,56,84,88,67,79,65,32,,23,34,37,32,36,44,39,32,,29,58,40,29,69,41,33,69,74,93,40,62,53,30,31,36,31,36,,30,25,78,85,105,84,61,74,171,55,81,,73,,61,,43,40,35,38,39,37,3,46,101,165,88,50,37,35,69,85,98,111,126,62,35,31,36,33,,,,49,,
20260404,19,PM2.5,33,20,26,25,18,26,31,23,54,33,34,32,23,25,18,21,30,24,56,36,18,33,39,23,24,25,24,26,39,25,25,18,25,26,32,4,27,32,26,16,38,17,19,11,22,4,6,17,10,11,28,34,23,18,14,21,15,16,23,15,16,14,17,23,26,30,17,24,5,34,29,16,26,12,21,31,33,41,26,15,26,42,6,16,25,16,16,15,11,14,7,10,11,17,16,11,14,11,35,32,13,18,14,27,9,7,20,12,19,18,24,22,28,23,26,36,15,27,29,34,33,42,32,21,22,23,20,18,21,23,29,29,27,27,18,29,25,18,45,13,28,33,22,23,10,17,34,34,23,20,28,29,21,26,35,26,15,32,7,26,,,,,,,,,,,,,,,,,,,,,,,,,,,,,,34,34,3,13,10,22,27,17,23,66,23,12,42,16,,5,25,14,29,19,26,16,22,21,27,54,26,25,41,28,39,18,38,45,13,36,47,16,14,15,18,12,26,29,19,19,22,9,22,33,7,21,17,12,3,27,39,22,23,24,19,27,21,22,21,17,13,26,35,27,23,28,38,30,33,33,31,30,45,26,36,33,22,20,23,15,28,22,15,23,21,32,31,23,31,22,18,18,16,19,29,39,18,18,15,34,43,32,34,28,8,,12,11,26,20,25,31,27,16,,10,41,22,9,45,28,21,50,54,69,28,44,37,9,3,7,3,18,,3,3,39,26,39,42,20,30,57,17,37,,41,,36,,22,16,3,16,14,10,2,9,46,74,27,22,10,5,21,48,43,56,47,16,9,3,18,6,,,,28,,
20260404,19,PM2.5_24h,23,31,16,40,28,19,32,9,20,40,44,29,16,13,16,21,28,28,36,37,21,35,26,28,24,37,29,28,35,30,28,29,34,10,16,19,13,28,23,10,20,12,15,12,19,7,13,19,22,16,21,29,21,16,21,25,17,23,22,21,21,15,21,21,23,35,15,19,6,36,42,37,28,18,18,22,25,14,25,22,19,26,10,19,28,22,19,25,14,19,20,16,21,15,21,17,10,38,34,27,9,22,15,21,9,25,37,26,27,18,12,14,16,13,23,30,21,24,19,34,69,52,23,27,30,16,17,17,20,16,24,19,25,22,14,15,18,14,31,17,18,37,27,18,13,27,43,29,21,17,37,34,20,31,39,27,19,25,10,30,,,,,,,,,,,,,,,,,,,,,,,,,,,,,,22,21,11,8,12,13,19,12,12,28,24,10,19,13,,10,20,12,25,19,15,26,21,16,17,48,23,23,42,24,31,8,31,33,15,39,22,19,21,20,32,24,11,26,18,21,21,12,20,23,7,12,8,9,13,24,19,16,15,14,11,17,18,14,15,17,19,21,26,18,24,24,27,31,28,26,26,28,33,22,24,27,21,18,17,19,18,17,17,18,19,22,24,22,38,16,11,19,14,24,40,30,28,21,25,32,20,27,29,34,8,,7,11,15,19,13,26,20,22,,17,30,20,7,54,38,27,45,39,66,21,51,18,10,6,4,6,19,,4,5,41,24,31,53,41,32,55,33,45,,37,,52,,22,33,16,17,19,18,4,21,27,38,32,27,9,16,19,50,43,75,47,16,10,2,13,25,,,,39,,
20260404,19,PM10,85,43,109,51,43,73,91,140,94,76,54,76,81,114,119,35,38,28,72,63,91,68,84,46,84,106,97,82,97,93,74,32,71,53,60,15,54,50,49,30,49,42,37,39,72,18,8,50,35,23,97,80,88,26,22,30,26,20,30,23,23,26,40,31,53,77,30,31,10,149,81,31,78,35,92,82,211,221,43,22,42,34,18,62,74,65,43,42,48,36,32,38,33,50,34,30,22,20,49,45,29,,24,42,16,,31,27,39,80,118,69,128,88,52,49,31,42,45,41,57,46,54,76,72,51,90,86,89,71,125,131,120,41,30,62,65,49,64,24,49,92,40,35,18,68,105,152,38,38,125,114,72,139,148,110,46,150,29,105,,,,,,,,,,,,,,,,,,,,,,,,,,,,,,103,96,8,78,74,127,116,76,104,209,43,26,186,80,,46,95,31,42,28,38,29,32,24,31,41,35,30,41,45,53,68,,71,27,47,66,83,87,52,127,66,101,79,94,64,69,60,68,120,14,57,44,25,11,59,93,80,42,40,42,97,39,51,84,87,64,124,129,119,69,117,106,106,123,104,122,122,88,72,130,92,50,83,44,42,48,74,68,65,31,59,47,32,46,34,41,28,25,33,84,129,75,55,61,117,125,83,107,79,19,,23,23,30,27,36,41,33,13,,10,57,40,17,87,41,32,71,71,80,36,74,51,23,17,36,12,19,,8,16,105,120,160,118,71,98,292,59,112,,95,,71,,43,40,23,37,35,35,,40,151,280,125,50,37,21,87,119,146,172,202,73,35,24,27,26,,,,49,,
20260404,19,PM10_24h,59,81,67,100,59,67,80,38,47,82,82,81,67,62,58,39,42,31,45,48,57,44,55,49,79,72,61,61,55,56,66,47,56,19,27,26,19,36,32,17,26,22,22,24,52,16,15,27,67,33,131,52,41,26,32,34,27,30,32,30,31,25,33,30,43,91,32,33,14,183,139,105,112,52,38,35,74,72,40,37,26,30,14,55,83,89,55,59,74,38,47,62,69,39,38,44,17,49,43,41,15,30,21,34,16,38,50,44,42,77,52,74,89,60,39,39,34,38,26,42,105,56,40,44,53,33,118,81,81,92,155,128,72,34,25,37,39,29,47,29,34,91,46,32,22,64,113,76,36,26,176,149,82,141,192,143,60,88,40,109,,,,,,,,,,,,,,,,,,,,,,,,,,,,,,76,77,16,93,54,69,126,40,72,107,43,21,80,47,,36,86,22,33,30,22,39,36,26,27,52,32,38,51,36,34,19,32,39,34,46,36,61,59,67,70,41,40,54,66,64,36,65,37,40,15,23,18,19,22,33,32,35,20,23,26,35,28,28,78,102,74,95,122,91,73,127,61,126,75,57,75,70,58,44,64,71,36,45,20,47,28,39,43,30,31,36,39,31,54,27,28,30,33,39,100,85,51,64,86,75,67,79,63,69,26,,21,20,23,24,26,39,27,30,,24,43,51,16,97,48,39,60,52,85,31,72,27,20,19,21,19,29,,11,11,115,75,104,205,155,92,172,107,131,,122,,135,,61,112,35,46,48,42,18,53,105,140,125,87,28,40,89,147,137,220,196,67,57,14,38,71,,,,53,,
20260404,19,SO2,3,7,3,8,8,4,4,3,4,4,6,8,5,10,6,8,7,6,8,7,7,6,4,9,10,6,7,8,5,10,8,6,6,7,7,5,8,5,6,6,5,4,8,4,7,4,2,9,5,7,4,9,6,5,5,4,7,4,9,5,5,9,5,6,9,5,7,4,5,6,6,6,5,7,4,7,6,5,8,6,5,11,4,12,7,7,9,11,8,6,5,3,4,9,4,14,7,5,6,4,10,6,6,12,6,2,5,7,4,5,5,11,11,7,8,9,9,8,8,7,7,7,7,7,8,6,11,3,7,10,8,16,7,8,8,12,9,7,10,6,4,7,7,12,8,10,4,7,12,5,5,4,3,6,8,9,26,6,6,9,,,,,,,,,,,,,,,,,,,,,,,,,,,,,,6,2,4,6,4,10,9,8,5,7,7,5,8,5,,6,8,8,6,8,8,4,6,7,7,2,6,11,6,10,7,3,6,7,7,6,9,7,8,7,8,6,4,8,7,6,5,6,4,5,3,4,4,6,5,5,7,4,7,5,8,8,8,8,6,9,3,7,6,7,3,6,10,9,10,9,8,5,8,7,7,7,8,10,6,7,6,5,4,5,6,11,6,9,7,20,5,11,9,5,2,8,9,5,8,8,6,7,9,4,5,,6,8,5,10,4,12,5,3,,6,7,7,8,7,9,5,5,5,11,6,6,7,6,6,9,6,5,,8,5,4,4,5,5,4,14,12,4,8,,5,,7,,5,7,9,10,13,3,5,13,4,8,4,4,9,6,4,5,6,3,2,7,4,5,10,7,,,,7,,
20260404,19,SO2_24h,3,7,3,9,7,4,3,4,5,4,5,5,5,8,8,8,6,6,9,6,6,6,4,8,10,6,6,7,5,9,7,7,6,6,5,5,6,5,5,6,6,6,6,5,6,4,3,8,5,7,3,8,6,6,5,5,8,5,7,5,5,8,5,7,9,5,8,4,8,6,8,12,11,8,5,7,10,6,7,6,5,14,3,10,8,5,10,9,8,6,5,3,5,8,5,6,8,7,7,7,7,6,6,6,6,7,5,9,5,5,12,13,6,8,8,9,8,8,6,7,8,5,7,7,11,6,10,3,8,9,7,13,7,9,7,12,9,6,9,11,4,7,9,12,9,8,4,7,12,6,6,3,2,6,7,6,22,18,6,10,,,,,,,,,,,,,,,,,,,,,,,,,,,,,,5,2,5,4,5,13,8,8,7,26,6,5,8,6,,6,8,7,6,9,8,3,5,7,7,2,5,7,6,9,7,4,5,7,7,6,10,6,8,7,9,6,4,8,7,5,5,6,4,5,3,6,4,5,5,10,9,4,10,4,7,10,6,16,6,9,3,6,6,6,3,5,10,8,11,10,6,5,7,6,5,7,8,9,6,7,5,6,6,4,7,7,5,9,10,11,5,6,10,5,9,9,8,5,9,8,5,7,8,10,5,,6,8,5,13,4,11,5,3,,5,6,7,8,7,9,6,7,9,10,6,6,7,6,5,9,8,7,,8,6,6,8,8,8,20,13,11,5,9,,5,,8,,5,12,6,10,11,12,6,13,7,9,5,4,9,7,4,5,15,5,10,7,6,5,11,10,,,,8,,
20260404,19,NO2,14,22,12,14,22,13,13,8,19,13,18,15,11,12,4,21,20,19,31,33,20,29,14,32,20,20,25,27,22,17,21,13,14,24,29,15,29,13,17,23,13,25,16,14,15,14,13,18,13,21,14,22,16,30,24,24,29,29,32,21,17,23,11,6,15,11,11,7,8,27,8,4,7,11,14,19,7,7,16,15,21,15,13,18,17,15,21,22,14,20,16,14,12,42,12,19,15,13,11,13,19,13,11,25,14,10,21,16,7,16,8,13,16,14,13,24,18,27,19,19,13,13,14,22,21,19,19,11,19,15,17,25,18,18,16,7,16,11,10,9,11,16,12,14,13,12,12,15,10,8,22,26,16,14,28,3,7,5,4,3,,,,,,,,,,,,,,,,,,,,,,,,,,,,,,10,13,14,15,5,12,15,10,11,4,11,6,5,5,,6,6,14,23,26,15,15,11,12,11,14,14,13,14,18,21,19,13,26,9,16,11,25,17,19,15,15,6,17,12,13,12,9,21,13,11,14,17,16,13,15,10,15,9,18,13,13,7,10,15,18,18,23,16,18,13,10,14,15,13,14,16,9,12,8,16,18,12,11,8,10,24,18,10,12,17,36,13,12,17,11,11,6,5,6,13,15,13,21,16,12,55,15,15,7,5,,10,6,9,5,6,11,4,4,,4,7,7,8,8,5,6,7,10,12,8,10,19,7,6,2,4,5,,5,2,11,8,24,7,6,24,3,5,13,,18,,14,,3,6,1,3,4,1,4,2,3,6,13,7,7,7,5,7,2,6,2,14,4,5,7,2,,,,7,,
20260404,19,NO2_24h,15,18,12,14,13,13,16,10,12,13,15,14,11,20,24,13,12,15,24,21,17,19,18,21,19,19,20,17,29,16,18,14,16,16,19,30,17,14,14,18,14,14,12,21,18,20,21,24,15,14,12,21,26,21,18,14,21,22,25,22,17,18,11,9,23,33,13,19,13,37,23,12,26,27,19,21,33,17,12,12,13,15,16,14,14,15,13,16,13,14,10,12,11,17,10,12,15,27,14,11,11,10,12,8,13,20,28,19,14,15,19,18,17,31,15,17,13,13,12,14,30,15,16,22,20,21,22,11,19,13,12,17,20,19,13,17,14,13,10,16,10,31,19,13,17,17,34,26,14,14,28,20,23,16,37,6,14,21,10,20,,,,,,,,,,,,,,,,,,,,,,,,,,,,,,10,14,23,15,18,18,18,21,23,22,14,8,12,20,,7,7,13,13,6,14,10,9,10,9,15,18,10,12,11,12,6,10,12,13,14,10,17,14,14,17,18,7,10,13,15,13,9,16,11,12,10,9,10,29,17,13,16,10,13,16,13,10,12,13,12,17,16,15,16,12,11,13,17,15,14,14,11,13,8,19,10,12,18,12,11,18,14,19,9,16,12,12,12,21,12,13,9,9,8,31,27,21,30,36,20,28,10,21,22,5,,16,8,9,7,17,13,7,13,,8,7,10,9,14,10,13,9,9,15,9,19,10,8,9,4,10,15,,4,5,21,37,16,16,20,28,11,15,18,,15,,20,,16,8,2,2,9,3,16,3,19,26,22,18,8,24,12,36,12,40,18,17,10,6,14,23,,,,9,,
20260404,19,O3,120,95,104,89,82,107,113,113,132,132,102,116,108,113,97,90,93,84,101,105,119,127,89,102,108,123,131,129,121,124,107,105,117,85,113,102,107,137,120,104,112,76,86,79,129,111,89,102,111,93,105,115,113,48,35,40,50,38,51,53,50,63,119,103,121,140,98,102,102,80,116,110,97,115,110,118,97,98,107,82,86,112,81,119,116,119,119,111,122,93,86,112,105,90,102,93,67,82,112,105,54,48,63,57,75,87,57,70,110,109,110,104,96,115,106,90,86,64,113,78,89,86,86,97,116,94,102,99,98,103,90,83,114,91,95,95,62,94,107,104,67,129,126,116,115,130,160,101,122,125,87,84,83,94,70,124,126,92,119,105,,,,,,,,,,,,,,,,,,,,,,,,,,,,,,120,102,96,108,99,108,101,117,110,96,86,89,97,101,,89,94,98,88,69,106,82,82,82,82,106,81,76,87,80,81,56,90,93,74,84,97,100,101,107,106,83,82,113,113,111,116,100,92,113,108,76,59,68,96,75,96,94,108,88,98,100,98,98,88,95,107,79,98,102,108,94,112,111,97,122,113,122,129,95,127,79,87,110,127,81,112,89,105,89,48,82,111,100,79,131,73,100,140,111,112,116,147,115,138,115,65,119,118,116,102,,75,109,99,102,105,96,95,101,,93,116,110,94,134,120,106,123,129,132,99,107,70,95,98,106,99,114,,96,81,112,112,69,102,111,122,109,124,109,,103,,88,,103,121,112,121,126,117,,146,103,117,107,121,117,113,134,126,115,109,103,121,106,100,115,104,,,,104,,
20260404,19,O3_24h,120,95,104,89,82,107,113,113,132,132,102,116,108,113,97,90,93,84,101,105,119,127,89,102,108,123,131,129,121,124,107,105,117,85,113,102,107,137,120,104,112,76,86,79,129,111,89,102,111,93,105,115,113,48,35,40,50,38,51,53,50,63,119,103,121,140,98,102,102,80,116,110,97,115,110,118,97,98,107,82,86,112,81,119,116,119,119,111,122,93,86,112,105,90,102,93,67,82,112,105,54,48,63,57,75,87,57,70,110,109,110,104,96,115,106,90,86,64,113,78,89,86,86,97,116,94,102,99,98,103,90,83,114,91,95,95,62,94,107,104,67,129,126,116,115,130,160,101,122,125,87,84,83,94,70,124,126,92,119,105,,,,,,,,,,,,,,,,,,,,,,,,,,,,,,120,102,96,108,99,108,101,117,110,96,86,89,97,101,,89,94,98,88,69,106,82,82,82,82,106,81,76,87,80,81,56,90,93,74,84,97,100,101,107,106,83,82,113,113,111,116,100,92,113,108,76,59,68,96,75,96,94,108,88,98,100,98,98,88,95,107,79,98,102,108,94,112,111,97,122,113,122,129,95,127,79,87,110,127,81,112,89,105,89,48,82,111,100,79,131,73,100,140,111,112,116,147,115,138,115,65,119,118,116,102,,75,109,99,102,105,96,95,101,,93,116,110,94,134,120,106,123,129,132,99,107,70,95,98,106,99,114,,96,81,112,112,69,102,111,122,109,124,109,,103,,88,,103,121,112,121,126,117,,146,103,117,107,121,117,113,134,126,115,109,103,121,106,100,115,104,,,,104,,
20260404,19,O3_8h,119,109,112,102,94,113,119,108,112,128,110,115,118,117,100,101,102,94,91,123,121,137,115,111,116,126,132,137,132,122,116,116,122,107,124,110,115,131,126,114,123,103,99,103,127,110,108,89,111,103,110,113,108,63,46,48,59,40,50,60,56,72,122,103,121,137,107,113,97,68,117,113,106,105,107,110,108,111,102,90,94,112,93,114,113,122,116,119,124,102,103,115,116,104,102,106,73,98,97,97,82,58,74,70,80,96,78,60,113,118,108,107,102,115,98,102,95,92,109,92,100,83,97,107,124,94,106,104,106,102,99,92,111,96,97,103,81,94,100,106,66,132,128,123,113,136,146,107,116,120,77,90,94,97,40,119,119,97,115,111,,,,,,,,,,,,,,,,,,,,,,,,,,,,,,122,104,111,109,106,114,104,111,107,100,93,90,102,110,,90,104,102,102,91,100,93,92,90,82,96,96,90,88,85,104,84,108,102,82,101,88,114,113,112,110,98,90,119,113,110,118,104,111,118,110,98,86,94,106,97,100,95,105,92,97,98,96,104,100,104,115,94,100,107,113,100,111,113,108,115,116,121,127,104,122,87,96,107,104,89,94,103,99,100,56,90,103,108,80,117,71,99,128,112,108,115,137,122,129,116,93,109,119,122,104,,79,105,92,102,110,97,94,100,,92,95,103,94,131,118,103,120,123,136,98,72,80,90,97,98,101,100,,101,76,110,112,66,94,107,120,110,120,109,,109,,93,,100,126,112,120,118,116,104,138,107,117,114,110,113,112,114,112,106,94,102,109,102,98,102,96,,,,103,,
20260404,19,O3_8h_24h,119,108,112,101,94,113,119,108,112,128,110,115,118,117,100,100,102,93,93,122,128,137,115,110,116,126,141,137,132,122,116,116,122,105,124,110,115,131,126,114,123,101,98,101,127,110,108,89,111,103,110,113,108,61,45,47,58,40,50,59,56,71,122,103,121,137,107,113,97,68,117,113,106,105,107,110,108,110,102,90,94,112,93,114,113,121,116,119,124,102,103,115,116,103,102,106,73,97,97,97,81,57,74,70,80,96,75,60,113,118,108,107,102,115,98,101,95,90,109,92,99,83,97,107,124,94,106,104,106,102,99,92,111,96,97,105,80,94,100,106,66,132,128,123,113,136,146,107,116,120,77,89,94,97,63,119,119,97,115,111,,,,,,,,,,,,,,,,,,,,,,,,,,,,,,122,104,111,109,106,114,104,111,107,100,93,90,102,109,,90,104,102,101,90,100,93,92,89,81,96,94,91,88,84,102,80,106,102,81,100,88,114,112,112,110,97,89,119,113,110,118,104,111,118,110,97,84,94,106,97,100,95,105,92,97,98,96,104,99,103,115,93,100,107,113,100,111,113,108,115,116,121,127,104,122,87,96,107,104,89,94,103,99,100,56,90,103,108,80,117,71,99,128,112,108,115,137,122,129,116,93,109,119,122,104,,79,105,92,102,110,97,94,100,,92,112,103,94,131,118,103,120,123,136,98,106,80,90,97,98,101,100,,101,76,110,112,66,94,107,120,110,120,109,,109,,93,,100,126,112,120,118,116,104,138,107,117,114,110,113,112,114,112,106,94,102,109,102,96,102,96,,,,103,,
20260404,19,CO,0.39,0.47,0.36,0.49,0.35,0.30,0.23,0.33,0.45,0.35,0.35,0.35,0.33,0.47,0.18,0.50,0.49,0.40,0.63,0.70,0.59,0.78,0.62,0.56,0.40,0.52,0.78,0.61,0.58,0.60,0.40,0.50,0.32,0.63,0.56,0.40,0.46,0.80,0.57,0.43,0.60,0.60,0.50,0.50,0.50,0.45,0.47,0.68,0.41,0.44,0.38,0.70,0.57,0.78,0.70,0.70,0.63,0.60,0.57,0.77,0.70,0.75,0.44,0.55,0.45,0.41,0.30,0.43,0.32,0.44,0.30,0.40,0.22,0.24,0.33,0.43,0.30,0.22,0.52,0.40,0.30,0.47,0.67,0.25,0.50,0.50,0.34,0.45,0.52,0.37,0.40,0.40,0.33,0.56,0.33,0.50,0.77,0.73,0.87,0.87,0.75,0.70,0.55,0.77,0.60,0.70,0.93,0.60,0.27,0.30,0.41,0.38,0.60,0.36,0.48,0.74,0.53,0.58,0.50,0.75,0.42,0.47,0.30,0.52,0.37,0.84,0.39,0.27,0.40,0.30,0.45,0.50,0.45,0.57,0.88,0.82,0.50,0.73,0.82,0.63,0.55,0.50,0.57,0.77,0.67,0.47,0.50,0.20,0.38,0.50,0.50,0.45,0.50,0.36,0.50,0.30,0.60,0.30,0.38,0.20,,,,,,,,,,,,,,,,,,,,,,,,,,,,,,0.28,0.30,0.55,0.27,0.23,0.35,0.40,0.30,0.23,0.23,0.50,0.20,0.35,0.30,,0.30,0.45,0.40,0.47,0.40,0.63,0.33,0.40,0.55,0.90,0.40,0.20,0.40,0.23,0.37,0.47,0.45,0.35,0.63,0.35,0.45,0.40,0.35,0.34,0.35,0.45,0.43,0.45,0.35,0.32,0.27,0.38,0.10,0.65,0.43,0.70,0.53,0.65,0.80,0.60,0.67,0.57,0.43,0.55,0.68,0.80,0.67,0.88,0.60,0.43,0.45,0.30,0.30,0.45,0.45,0.27,0.30,0.63,0.50,0.56,0.50,0.45,0.50,0.40,0.60,0.73,0.45,0.85,0.65,1.00,0.50,0.43,0.25,0.45,0.35,0.50,0.83,0.65,0.70,0.73,0.65,0.77,0.60,0.65,0.60,0.57,0.50,0.33,0.53,0.80,0.63,0.75,0.45,0.50,0.45,0.20,,0.25,0.30,0.43,0.53,0.35,0.50,0.40,0.30,,0.55,0.30,0.20,0.40,0.50,0.20,0.50,0.50,0.50,0.40,0.50,0.50,0.40,0.45,0.30,0.30,0.30,0.90,,0.40,0.45,0.37,0.33,0.60,0.40,0.25,0.30,0.30,0.25,0.45,,0.35,,0.50,,0.30,0.50,0.30,0.20,0.20,0.20,0.20,0.30,0.23,0.25,0.30,0.30,0.10,0.20,0.20,0.30,0.15,0.20,0.25,0.35,,,0.25,0.25,,,,0.65,,
20260404,19,CO_24h,0.36,0.57,0.28,0.69,0.35,0.35,0.29,0.33,0.30,0.47,0.35,0.33,0.38,0.43,0.38,0.51,0.49,0.42,0.57,0.66,0.60,0.81,0.63,0.71,0.42,0.62,0.84,0.63,0.62,0.68,0.52,0.56,0.45,0.58,0.53,0.57,0.48,0.83,0.60,0.53,0.60,0.67,0.50,0.55,0.51,0.50,0.60,0.70,0.45,0.51,0.33,0.52,0.70,0.69,0.60,0.57,0.57,0.45,0.47,0.73,0.65,0.57,0.51,0.45,0.53,0.62,0.43,0.52,0.27,0.40,0.50,0.55,0.40,0.39,0.62,0.58,0.50,0.30,0.64,0.55,0.30,0.50,0.70,0.30,0.50,0.53,0.32,0.43,0.54,0.38,0.33,0.45,0.37,0.60,0.37,0.50,0.77,1.08,0.70,0.70,0.70,0.60,0.55,0.63,0.60,0.80,0.97,0.60,0.43,0.30,0.59,0.42,0.47,0.38,0.46,0.88,0.57,0.60,0.40,0.75,0.72,0.53,0.27,0.68,0.70,0.62,0.37,0.20,0.52,0.30,0.30,0.33,0.45,0.57,0.70,0.95,0.50,0.77,0.73,0.71,0.50,0.63,0.70,0.80,0.67,0.53,0.63,0.35,0.48,0.58,0.47,0.35,0.40,0.34,0.40,0.40,0.67,0.74,0.46,0.30,,,,,,,,,,,,,,,,,,,,,,,,,,,,,,0.30,0.20,0.80,0.30,0.27,0.35,0.35,0.43,0.30,0.57,0.57,0.20,0.40,0.40,,0.30,0.50,0.40,0.50,0.45,0.63,0.40,0.50,0.50,0.85,0.25,0.30,0.43,0.17,0.37,0.37,0.28,0.35,0.50,0.45,0.40,0.30,0.37,0.40,0.35,0.65,0.55,0.45,0.40,0.38,0.27,0.35,0.10,0.72,0.43,0.67,0.73,0.45,0.65,0.70,0.70,0.80,0.70,0.50,0.72,0.80,0.70,0.90,0.65,0.50,0.40,0.30,0.28,0.38,0.45,0.30,0.23,0.75,0.40,0.56,0.53,0.47,0.50,0.33,0.70,0.70,0.45,1.02,0.80,1.00,0.65,0.73,0.40,0.75,0.40,0.45,0.60,0.65,0.67,0.80,0.55,0.70,0.60,0.70,0.70,0.73,0.65,0.50,0.70,0.90,0.75,0.40,0.35,0.65,0.60,0.20,,0.20,0.45,0.40,0.53,0.65,0.55,0.35,0.50,,0.65,0.30,0.30,0.45,0.65,0.40,0.50,0.40,0.50,0.55,0.45,0.70,0.35,0.45,0.30,0.25,0.35,0.90,,0.35,0.40,0.43,0.47,0.50,0.40,0.50,0.35,0.30,0.35,0.40,,0.25,,0.60,,0.40,0.50,0.40,0.20,0.30,0.30,0.40,0.30,0.40,0.45,0.40,0.45,0.10,0.40,0.25,0.75,0.25,0.65,0.45,0.40,0.50,,0.30,0.55,,,,0.65,,
20260404,20,AQI,65,47,71,53,42,55,71,135,67,62,55,62,66,89,147,42,47,41,89,56,74,64,64,51,71,79,81,71,74,75,68,33,67,57,63,31,53,52,52,31,54,53,42,33,61,30,28,53,38,30,80,70,72,30,27,33,27,22,37,29,27,28,32,33,56,64,40,37,30,100,64,38,63,33,71,73,109,102,45,27,43,46,27,65,62,61,46,40,55,44,32,39,36,51,35,35,30,24,46,46,25,26,24,44,22,26,22,26,46,64,90,60,86,73,59,75,37,51,47,58,57,64,51,64,67,45,76,69,76,67,88,93,79,49,38,55,64,55,66,28,49,75,56,46,31,65,80,116,45,43,83,83,63,89,97,58,49,101,38,76,,,,,,,,,,,,,,,,,,,,,,,,,,,,,,77,75,29,72,66,94,87,62,71,146,51,32,99,166,,28,88,30,55,36,46,32,46,34,41,83,40,37,69,45,65,65,49,70,29,54,83,70,69,55,91,59,75,69,73,65,65,57,63,83,31,49,39,31,27,55,73,66,47,49,48,74,45,53,72,72,59,88,90,87,57,85,77,81,88,81,84,89,74,65,97,70,57,68,52,42,54,72,66,60,30,57,52,34,72,36,50,29,40,29,73,98,57,58,62,84,102,68,86,66,32,,41,35,37,30,55,53,42,29,,27,54,40,28,68,47,39,73,71,103,41,66,46,29,31,32,30,34,,30,25,79,79,106,82,57,83,126,56,90,,76,,73,,58,64,33,37,40,50,6,46,94,153,106,55,37,33,70,78,97,102,129,62,34,30,35,32,,,,49,,
20260404,20,PM2.5,31,23,21,28,23,24,32,30,43,37,35,26,22,27,43,28,33,29,66,34,29,37,37,24,27,25,30,31,43,29,33,21,30,31,45,8,28,33,30,17,38,24,22,12,26,5,8,20,10,15,25,42,30,20,18,23,19,15,26,19,19,14,20,23,29,33,23,25,8,40,23,20,28,12,24,34,33,33,30,18,30,32,10,25,28,18,18,17,19,19,9,13,14,19,17,14,17,9,32,32,13,18,16,30,12,3,15,12,22,17,28,22,33,22,38,55,26,35,33,41,34,46,35,26,37,24,22,23,25,27,34,38,33,26,24,36,30,39,48,16,30,39,35,32,14,25,42,46,29,21,33,35,24,29,45,21,15,47,11,32,,,,,,,,,,,,,,,,,,,,,,,,,,,,,,32,27,3,11,19,31,36,18,25,73,22,9,37,61,,6,32,21,39,25,32,22,32,24,29,61,25,26,50,31,47,23,34,51,18,38,61,22,15,16,28,15,31,43,23,27,29,13,25,39,9,25,21,12,6,29,34,26,21,31,19,26,18,34,23,17,27,33,37,28,25,35,33,34,36,40,30,33,50,28,37,42,30,26,26,19,33,37,21,32,21,36,27,19,36,23,24,19,27,20,37,43,21,23,20,39,59,34,44,33,9,,17,12,26,18,34,37,27,17,,14,38,26,11,43,30,27,53,52,77,29,48,31,11,10,5,3,20,,3,6,49,23,41,40,26,41,54,22,46,,41,,34,,33,21,13,15,20,14,3,14,43,83,41,30,16,5,24,37,44,53,45,19,9,9,12,9,,,,29,,
20260404,20,PM2.5_24h,24,32,17,39,26,19,33,10,21,41,44,30,17,14,18,22,27,27,39,38,21,36,27,28,25,37,29,28,36,30,29,30,33,11,17,18,13,29,24,11,22,12,15,12,19,7,13,19,22,16,19,30,22,16,21,25,17,22,22,21,21,15,20,21,23,36,15,19,6,36,41,36,27,18,19,22,26,15,23,20,19,24,10,18,28,22,19,25,14,18,17,16,22,16,20,16,11,36,34,27,9,22,14,21,8,23,34,25,27,18,13,13,16,13,23,31,21,24,19,33,68,49,23,27,30,16,15,16,19,14,24,19,25,22,14,17,18,15,32,17,19,37,28,19,13,27,43,30,22,17,36,33,20,30,39,26,18,27,10,29,,,,,,,,,,,,,,,,,,,,,,,,,,,,,,23,21,10,8,12,14,19,12,12,31,23,10,20,15,,10,21,12,26,20,15,26,21,17,18,48,22,23,41,25,31,8,31,33,14,38,24,19,21,20,32,24,12,26,18,21,21,13,21,23,7,12,8,9,12,25,19,17,16,15,12,17,18,15,15,14,19,21,27,18,24,25,28,30,28,27,26,28,34,22,25,27,22,18,18,20,20,18,18,18,18,22,23,21,38,16,12,18,14,22,40,31,28,21,25,32,22,27,29,34,8,,7,11,16,19,14,26,20,21,,17,30,21,7,54,37,27,45,40,66,21,50,18,10,6,5,6,19,,4,5,41,24,31,52,39,32,54,33,44,,37,,50,,23,33,16,17,19,17,4,21,28,40,32,28,9,16,19,50,43,76,47,16,9,2,13,26,,,,39,,
20260404,20,PM10,80,47,91,55,42,60,91,219,83,73,60,73,82,128,244,42,43,37,91,62,98,77,77,51,91,108,111,91,97,99,85,31,83,64,75,18,55,54,54,31,54,55,42,33,72,16,9,55,38,30,110,90,93,30,27,30,25,22,30,29,26,28,32,33,61,77,40,37,14,149,77,38,75,27,91,96,167,153,45,27,32,38,27,80,73,72,46,40,59,44,32,39,36,52,35,35,30,16,36,43,25,19,24,44,22,,22,26,46,78,129,70,121,96,67,77,33,52,45,48,63,53,51,78,84,45,102,87,102,83,125,136,107,49,38,60,77,54,67,25,49,100,62,45,23,79,110,181,45,43,116,115,76,128,143,66,49,152,38,102,,,,,,,,,,,,,,,,,,,,,,,,,,,,,,104,100,8,94,82,138,123,73,91,242,51,32,147,282,,24,125,24,56,28,36,32,35,29,36,69,40,29,54,45,71,80,34,74,29,54,78,90,88,59,132,67,100,88,96,79,79,64,76,115,14,49,39,28,15,60,95,82,47,49,48,97,45,55,94,94,67,126,130,123,64,120,104,111,126,112,117,127,98,79,143,90,64,85,53,42,58,93,81,70,30,64,53,34,94,35,50,,33,25,96,146,64,65,74,118,154,85,122,81,32,,41,25,33,30,59,49,42,29,,17,54,40,25,85,47,36,69,69,109,39,80,46,25,20,27,16,24,,11,13,107,107,161,113,63,115,202,61,130,,102,,96,,66,77,27,37,40,50,6,39,137,255,161,59,37,17,89,105,144,153,208,73,34,13,27,16,,,,49,,
20260404,20,PM10_24h,62,80,68,96,53,63,80,46,47,82,77,79,65,65,68,39,40,31,48,49,59,47,57,50,80,74,64,63,58,59,69,48,57,21,29,25,20,37,33,18,28,22,23,24,53,16,14,29,64,33,111,54,44,25,32,34,26,30,32,29,31,25,32,30,44,90,32,32,14,178,136,104,110,52,40,37,80,77,37,35,25,29,14,55,79,86,53,57,74,37,44,60,67,40,37,41,18,46,42,40,15,29,20,34,14,35,47,43,42,79,57,70,89,62,39,40,34,38,26,40,104,54,41,45,55,33,105,81,84,81,156,121,75,35,25,39,41,29,48,30,35,92,47,33,23,64,113,81,36,26,167,141,81,138,185,138,57,92,40,108,,,,,,,,,,,,,,,,,,,,,,,,,,,,,,79,80,14,87,56,71,122,41,72,115,43,21,85,58,,36,90,23,33,29,23,37,36,26,27,53,31,37,47,36,36,21,32,39,34,46,38,63,61,67,74,43,44,56,69,66,38,67,39,44,15,25,18,20,21,34,35,38,21,24,27,39,29,30,76,87,74,99,125,95,74,130,64,123,78,60,78,73,61,45,69,70,38,48,21,47,30,41,46,32,28,36,39,30,55,26,29,29,33,36,98,87,51,65,85,78,71,78,65,68,26,,22,20,23,24,27,40,27,30,,23,43,51,16,97,47,39,60,52,87,31,73,28,20,19,22,20,29,,11,11,113,77,106,199,148,94,173,105,129,,119,,131,,60,112,35,45,48,42,18,52,107,149,125,86,28,39,89,147,138,221,195,68,57,14,38,71,,,,53,,
20260404,20,SO2,3,7,2,6,7,4,4,3,4,4,6,7,6,15,6,8,6,8,8,6,7,6,4,10,9,6,6,8,4,9,8,6,6,7,6,5,8,5,5,6,5,5,8,5,6,4,3,8,5,8,5,9,5,5,5,4,7,4,9,5,5,10,6,7,9,5,7,4,4,5,8,6,5,6,5,7,5,5,8,7,5,10,4,15,7,8,11,12,8,6,4,4,5,8,5,14,7,5,5,5,8,6,6,10,6,2,5,8,3,6,5,12,9,7,7,10,9,8,8,7,7,6,8,6,7,6,10,3,7,10,7,17,7,10,7,10,9,6,9,6,4,7,7,10,9,10,4,6,15,4,5,5,3,6,7,7,31,6,5,9,,,,,,,,,,,,,,,,,,,,,,,,,,,,,,6,2,5,6,4,11,8,7,5,8,8,5,7,4,,6,8,11,6,9,7,3,6,7,7,2,6,9,6,10,8,4,5,7,7,6,10,7,10,7,7,5,4,8,8,5,5,7,4,5,4,4,3,5,7,5,7,4,7,5,9,9,7,7,6,9,3,7,6,7,4,6,10,9,11,10,11,5,7,7,9,8,8,9,7,7,8,5,5,5,6,10,6,9,7,15,6,11,10,5,2,7,8,4,8,7,7,7,9,4,5,,6,9,5,11,4,16,5,3,,6,6,7,8,7,9,5,5,5,10,6,6,7,6,5,9,6,6,,8,6,5,11,8,7,7,13,11,3,9,,5,,7,,9,10,8,10,14,3,5,13,4,8,5,4,9,5,5,4,6,2,2,7,4,5,10,6,,,,7,,
20260404,20,SO2_24h,3,7,3,9,7,4,3,4,5,4,5,5,5,9,8,8,6,6,9,6,7,6,4,9,10,6,6,7,5,9,7,7,6,6,5,5,6,5,5,6,6,6,6,5,6,4,3,8,5,7,4,8,6,6,5,5,8,5,7,5,5,8,5,7,9,5,8,4,8,6,8,12,11,8,5,7,10,6,7,7,5,14,3,10,8,6,11,9,8,6,4,3,5,8,5,6,8,7,7,7,7,6,6,7,6,7,5,9,5,5,12,12,6,8,8,9,8,8,7,7,8,5,7,7,11,6,10,3,8,9,7,13,7,9,7,12,9,6,9,11,4,7,9,12,9,8,4,7,12,6,6,3,2,6,7,6,23,18,6,10,,,,,,,,,,,,,,,,,,,,,,,,,,,,,,6,2,5,5,5,13,8,8,7,26,7,5,8,6,,6,8,7,6,9,8,3,5,7,7,2,5,7,6,9,7,4,5,7,7,6,9,6,8,7,9,6,4,8,7,5,5,6,4,5,3,5,4,5,5,10,9,4,10,4,8,10,6,16,6,8,3,6,6,6,4,5,10,8,11,10,6,5,7,6,5,7,8,9,6,7,5,6,6,4,7,7,5,9,10,12,5,7,10,5,9,9,8,5,9,8,5,7,9,10,5,,6,8,5,13,4,11,5,3,,6,6,7,8,7,9,6,7,9,10,6,6,7,6,5,9,8,7,,8,6,6,8,8,8,20,13,11,5,9,,5,,8,,5,12,6,10,12,11,6,13,7,9,5,4,9,7,4,5,15,4,10,7,6,5,11,10,,,,8,,
20260404,20,NO2,15,25,15,16,19,15,18,6,20,16,20,16,13,19,3,32,21,26,33,29,29,37,14,37,23,27,39,35,27,21,32,14,20,31,26,18,28,15,23,23,15,34,16,14,18,17,14,27,16,27,16,32,31,33,29,23,29,26,35,27,20,25,13,7,20,18,12,8,10,41,12,10,9,12,20,29,7,9,18,14,22,16,14,22,19,18,27,22,23,26,16,15,16,33,14,22,22,11,10,12,18,13,18,24,18,8,14,20,8,16,10,15,14,17,12,36,29,34,23,23,13,24,15,35,35,23,22,13,22,22,18,31,23,21,31,9,22,14,11,13,7,21,16,25,20,20,16,60,21,8,28,32,11,19,46,3,12,4,5,4,,,,,,,,,,,,,,,,,,,,,,,,,,,,,,12,13,14,16,4,14,31,12,12,4,11,6,7,5,,8,7,15,28,23,16,19,12,12,12,16,11,11,14,18,44,23,14,28,9,17,11,37,22,20,23,23,10,27,16,20,18,13,27,18,11,18,15,10,17,17,11,21,11,38,22,15,13,24,19,20,20,30,18,20,15,11,20,18,17,21,18,12,15,10,18,12,22,14,9,14,14,17,15,19,25,44,16,13,16,15,16,5,10,13,23,39,14,42,25,20,85,25,36,10,4,,22,6,9,6,24,17,4,6,,4,6,9,10,12,4,8,7,8,20,9,15,17,7,6,3,4,9,,5,2,16,15,27,17,13,40,5,7,31,,18,,16,,13,9,1,4,6,1,2,1,6,7,16,16,10,7,6,8,2,6,6,16,5,11,8,3,,,,8,,
20260404,20,NO2_24h,15,19,12,14,13,13,16,10,13,13,15,15,11,21,24,14,12,15,24,21,17,20,18,22,19,19,20,18,28,16,19,14,16,17,18,29,17,13,14,18,13,15,12,21,18,20,20,24,15,15,12,22,26,21,19,15,21,23,26,22,18,19,11,9,23,32,13,19,13,38,23,12,26,27,19,21,32,17,12,12,14,15,16,14,14,15,13,16,13,15,9,12,11,18,11,12,15,26,14,11,12,11,12,9,12,18,26,19,14,15,19,18,18,31,15,18,13,13,12,14,29,15,16,23,20,21,22,10,19,14,12,18,20,19,14,18,13,13,11,16,10,30,19,14,17,18,33,28,14,14,28,21,23,16,38,5,14,21,10,20,,,,,,,,,,,,,,,,,,,,,,,,,,,,,,10,14,21,15,17,18,19,21,23,22,14,8,12,19,,7,7,14,13,7,14,10,9,10,10,15,16,10,12,11,14,7,10,12,13,14,10,18,15,15,16,18,7,11,13,15,12,10,16,10,12,10,9,10,27,16,13,16,10,14,16,13,10,13,14,13,16,17,15,16,13,10,14,17,15,14,14,11,12,8,18,10,12,17,12,12,19,14,19,9,15,14,12,12,21,12,13,9,9,8,31,28,21,30,36,20,29,10,22,22,5,,17,8,9,7,17,13,7,13,,8,7,10,8,14,9,13,9,9,15,9,19,11,8,9,4,10,14,,4,5,20,37,16,17,20,29,10,15,20,,15,,19,,16,8,2,2,9,3,16,3,19,26,22,18,8,24,12,36,12,40,18,17,10,6,14,23,,,,9,,
20260404,20,O3,112,86,97,68,80,99,101,101,122,111,93,108,102,101,96,73,87,73,102,92,102,104,80,93,92,108,103,110,107,107,91,107,103,69,120,100,96,119,94,99,104,58,77,81,117,96,90,78,105,81,97,98,83,37,26,33,46,33,40,40,41,55,103,88,103,116,89,101,97,55,110,106,93,107,93,96,97,94,100,77,76,101,86,108,108,110,91,100,106,83,82,106,99,99,96,82,41,77,111,104,46,41,56,56,64,84,70,68,106,101,104,97,97,104,112,70,66,49,103,67,85,73,79,75,84,84,94,92,88,87,82,63,101,81,73,103,49,74,103,88,70,112,110,91,100,109,142,52,93,110,73,67,91,80,43,122,124,93,117,99,,,,,,,,,,,,,,,,,,,,,,,,,,,,,,111,96,93,105,95,100,75,108,104,96,86,84,88,101,,88,93,93,74,66,101,76,73,80,80,106,78,77,81,82,49,43,86,84,71,84,101,81,91,99,79,69,66,95,96,91,100,91,75,86,99,57,49,98,86,53,87,80,102,54,80,83,84,69,83,88,98,65,92,92,99,91,95,97,85,106,98,118,108,85,123,56,63,100,123,56,107,77,97,59,31,79,100,84,61,114,61,93,127,93,87,65,137,81,116,97,10,85,63,106,87,,60,112,98,96,65,85,90,93,,87,119,102,89,119,120,104,118,129,112,97,97,58,92,99,102,97,109,,96,81,96,97,61,85,101,86,106,117,83,,97,,82,,90,115,106,111,118,114,,148,94,112,95,110,107,107,134,120,112,110,95,111,104,96,113,102,,,,99,,
20260404,20,O3_24h,112,86,97,68,80,99,101,101,122,111,93,108,102,101,96,73,87,73,102,92,102,104,80,93,92,108,103,110,107,107,91,107,103,69,120,100,96,119,94,99,104,58,77,81,117,96,90,78,105,81,97,98,83,37,26,33,46,33,40,40,41,55,103,88,103,116,89,101,97,55,110,106,93,107,93,96,97,94,100,77,76,101,86,108,108,110,91,100,106,83,82,106,99,99,96,82,41,77,111,104,46,41,56,56,64,84,70,68,106,101,104,97,97,104,112,70,66,49,103,67,85,73,79,75,84,84,94,92,88,87,82,63,101,81,73,103,49,74,103,88,70,112,110,91,100,109,142,52,93,110,73,67,91,80,43,122,124,93,117,99,,,,,,,,,,,,,,,,,,,,,,,,,,,,,,111,96,93,105,95,100,75,108,104,96,86,84,88,101,,88,93,93,74,66,101,76,73,80,80,106,78,77,81,82,49,43,86,84,71,84,101,81,91,99,79,69,66,95,96,91,100,91,75,86,99,57,49,98,86,53,87,80,102,54,80,83,84,69,83,88,98,65,92,92,99,91,95,97,85,106,98,118,108,85,123,56,63,100,123,56,107,77,97,59,31,79,100,84,61,114,61,93,127,93,87,65,137,81,116,97,10,85,63,106,87,,60,112,98,96,65,85,90,93,,87,119,102,89,119,120,104,118,129,112,97,97,58,92,99,102,97,109,,96,81,96,97,61,85,101,86,106,117,83,,97,,82,,90,115,106,111,118,114,,148,94,112,95,110,107,107,134,120,112,110,95,111,104,96,113,102,,,,99,,
20260404,20,O3_8h,121,109,112,102,94,113,119,109,116,128,110,116,118,117,102,101,102,94,93,123,129,138,115,111,116,126,133,137,132,123,116,118,123,107,125,110,116,132,126,114,123,103,99,103,128,110,108,92,112,103,110,114,112,63,46,48,59,40,50,60,56,72,124,104,123,139,107,113,100,69,118,114,106,109,109,112,108,111,103,90,94,113,95,115,114,122,116,119,124,102,103,116,116,105,105,106,73,98,102,103,82,58,74,70,81,97,78,64,113,118,108,108,103,116,101,102,95,92,110,92,100,83,98,107,124,94,107,104,106,103,99,92,114,96,97,106,82,96,106,108,67,134,129,123,115,136,152,107,117,122,79,90,95,97,40,120,121,99,116,111,,,,,,,,,,,,,,,,,,,,,,,,,,,,,,122,106,112,110,106,115,104,112,110,100,93,90,102,110,,90,104,102,102,91,101,93,92,90,82,98,96,90,88,85,104,84,108,102,82,101,90,114,113,113,111,98,90,119,113,111,118,105,111,118,110,98,86,95,106,97,103,95,107,92,99,98,96,104,100,104,115,94,101,107,113,101,112,113,108,118,116,124,130,104,124,89,97,111,113,89,99,104,103,100,56,91,106,108,83,120,75,100,133,113,110,115,139,123,132,117,93,111,119,122,105,,79,108,95,102,110,97,95,101,,93,95,105,94,131,120,103,120,124,136,98,72,81,91,99,101,101,104,,101,79,111,113,70,95,108,121,110,121,109,,109,,93,,101,126,112,120,120,118,104,140,109,117,114,112,114,115,120,119,110,103,103,114,103,98,107,103,,,,108,,
20260404,20,O3_8h_24h,121,107,112,100,94,112,118,109,116,128,110,116,117,117,102,97,101,91,94,119,128,137,112,109,114,126,142,136,131,123,115,118,123,101,125,110,115,132,124,113,121,96,96,100,128,109,108,92,111,101,110,114,111,58,43,46,57,40,50,57,54,70,123,104,123,139,105,111,100,69,118,114,105,109,109,112,107,108,103,89,93,113,95,115,114,121,115,118,123,100,101,116,115,104,105,104,72,94,102,103,77,55,74,69,80,97,72,64,111,116,108,108,103,116,101,98,92,85,110,89,97,81,96,106,122,94,107,103,105,102,97,89,114,96,95,108,76,95,106,107,67,134,129,120,114,135,152,102,116,122,79,87,95,97,60,120,121,99,116,110,,,,,,,,,,,,,,,,,,,,,,,,,,,,,,122,106,111,110,106,115,100,115,110,100,92,90,100,110,,90,103,102,99,87,101,91,90,88,81,98,93,89,88,84,95,75,102,101,80,99,90,111,111,113,111,95,87,117,113,110,118,105,109,116,110,93,80,94,105,92,103,95,107,90,98,98,96,102,98,102,115,90,101,107,112,101,111,112,105,118,115,124,130,103,124,89,96,111,113,88,99,103,103,98,54,91,106,108,83,120,75,100,133,113,110,111,139,121,132,117,86,111,114,122,105,,79,108,95,102,107,96,95,101,,93,113,105,93,131,120,103,120,124,136,98,107,80,91,99,101,101,104,,100,79,111,113,70,95,108,120,110,121,107,,108,,93,,100,126,111,120,120,118,,140,109,117,112,112,114,115,120,119,110,103,103,114,103,96,107,103,,,,108,,
20260404,20,CO,0.39,0.48,0.38,0.56,0.30,0.30,0.23,0.27,0.45,0.40,0.33,0.35,0.33,0.65,0.20,0.56,0.51,0.45,0.71,0.57,0.63,0.83,0.60,0.59,0.42,0.52,0.81,0.61,0.62,0.67,0.46,0.50,0.35,0.67,0.56,0.50,0.48,0.88,0.63,0.43,0.60,0.77,0.60,0.45,0.56,0.50,0.53,0.72,0.41,0.51,0.42,0.89,0.71,0.82,0.72,0.67,0.63,0.60,0.63,0.77,0.70,0.63,0.47,0.52,0.48,0.49,0.27,0.44,0.28,0.53,0.30,0.40,0.24,0.25,0.35,0.55,0.29,0.22,0.52,0.45,0.33,0.45,0.70,0.34,0.52,0.50,0.42,0.53,0.52,0.40,0.30,0.47,0.35,0.58,0.33,0.58,0.83,0.73,0.80,0.87,0.75,0.70,0.55,0.77,0.65,0.60,0.73,0.65,0.27,0.40,0.44,0.47,0.50,0.42,0.50,0.94,0.58,0.68,0.48,0.83,0.42,0.53,0.38,0.58,0.63,0.74,0.41,0.23,0.45,0.40,0.43,0.60,0.53,0.60,0.95,0.93,0.55,0.77,0.78,0.69,0.50,0.55,0.60,0.90,0.73,0.50,0.57,0.45,0.53,0.53,0.57,0.55,0.45,0.38,0.60,0.30,0.57,0.28,0.36,0.25,,,,,,,,,,,,,,,,,,,,,,,,,,,,,,0.30,0.30,0.55,0.30,0.23,0.45,0.53,0.30,0.27,0.27,0.50,0.20,0.35,0.35,,0.30,0.45,0.43,0.57,0.45,0.63,0.37,0.50,0.60,0.85,0.45,0.20,0.40,0.27,0.40,1.07,0.45,0.40,0.63,0.35,0.45,0.45,0.38,0.40,0.35,0.57,0.47,0.50,0.45,0.42,0.27,0.43,0.17,0.70,0.50,0.73,0.60,0.65,0.70,0.85,0.67,0.57,0.52,0.55,0.86,0.85,0.67,0.93,0.80,0.46,0.48,0.30,0.40,0.45,0.55,0.30,0.33,0.63,0.63,0.60,0.60,0.50,0.50,0.40,0.70,0.73,0.55,1.03,0.65,1.10,0.60,0.50,0.25,0.50,0.45,0.55,0.80,0.68,0.73,0.70,0.70,0.80,0.60,0.75,0.60,0.57,0.65,0.43,0.60,0.90,0.68,1.28,0.45,0.70,0.45,0.20,,0.40,0.35,0.43,0.53,0.55,0.50,0.40,0.30,,0.55,0.30,0.30,0.50,0.55,0.30,0.50,0.50,0.50,0.65,0.50,1.10,0.40,0.45,0.30,0.30,0.30,0.80,,0.45,0.45,0.43,0.40,0.70,0.50,0.25,0.50,0.30,0.25,0.45,,0.35,,0.55,,0.40,0.50,0.40,0.20,0.20,0.20,0.30,0.30,0.23,0.25,0.30,0.35,0.20,0.20,0.20,0.35,0.15,0.25,0.25,0.35,0.10,,0.25,0.25,,,,0.70,,
20260404,20,CO_24h,0.37,0.58,0.28,0.68,0.30,0.35,0.29,0.33,0.30,0.47,0.35,0.33,0.38,0.45,0.38,0.51,0.49,0.42,0.57,0.66,0.59,0.81,0.63,0.70,0.42,0.62,0.84,0.63,0.62,0.68,0.50,0.56,0.45,0.59,0.53,0.57,0.48,0.83,0.60,0.53,0.60,0.67,0.50,0.55,0.50,0.50,0.57,0.70,0.45,0.51,0.33,0.53,0.69,0.69,0.61,0.57,0.57,0.45,0.50,0.73,0.65,0.57,0.51,0.45,0.53,0.62,0.40,0.52,0.28,0.40,0.50,0.55,0.40,0.39,0.62,0.58,0.50,0.30,0.60,0.55,0.30,0.50,0.67,0.29,0.50,0.53,0.32,0.43,0.54,0.38,0.30,0.42,0.37,0.60,0.37,0.50,0.77,1.02,0.70,0.73,0.70,0.60,0.55,0.63,0.60,0.70,0.93,0.60,0.43,0.30,0.59,0.45,0.47,0.42,0.46,0.86,0.57,0.60,0.40,0.73,0.72,0.53,0.27,0.68,0.67,0.62,0.37,0.20,0.52,0.33,0.30,0.35,0.45,0.57,0.73,0.95,0.50,0.77,0.73,0.71,0.50,0.63,0.70,0.80,0.67,0.53,0.63,0.35,0.48,0.58,0.53,0.35,0.45,0.36,0.40,0.40,0.67,0.72,0.46,0.30,,,,,,,,,,,,,,,,,,,,,,,,,,,,,,0.30,0.20,0.75,0.30,0.27,0.35,0.38,0.43,0.30,0.57,0.57,0.20,0.40,0.40,,0.30,0.50,0.40,0.47,0.40,0.63,0.40,0.50,0.50,0.90,0.25,0.30,0.40,0.17,0.37,0.40,0.30,0.30,0.50,0.45,0.40,0.35,0.37,0.40,0.35,0.65,0.55,0.45,0.40,0.38,0.27,0.35,0.10,0.72,0.43,0.67,0.73,0.50,0.65,0.70,0.70,0.80,0.70,0.50,0.72,0.80,0.70,0.90,0.65,0.48,0.40,0.30,0.28,0.38,0.45,0.30,0.23,0.72,0.40,0.56,0.53,0.47,0.50,0.33,0.60,0.70,0.45,1.03,0.80,1.00,0.60,0.70,0.40,0.75,0.40,0.45,0.60,0.65,0.67,0.80,0.60,0.70,0.60,0.70,0.70,0.70,0.65,0.50,0.70,0.90,0.75,0.42,0.35,0.65,0.60,0.20,,0.20,0.45,0.40,0.53,0.65,0.55,0.35,0.50,,0.65,0.30,0.30,0.45,0.65,0.40,0.50,0.40,0.50,0.55,0.45,1.20,0.35,0.45,0.30,0.25,0.35,0.90,,0.35,0.40,0.43,0.47,0.50,0.40,0.50,0.35,0.40,0.35,0.40,,0.25,,0.55,,0.40,0.50,0.30,0.20,0.30,0.30,0.40,0.30,0.40,0.45,0.40,0.45,0.10,0.40,0.25,0.75,0.25,0.65,0.45,0.40,0.50,,0.30,0.55,,,,0.65,,
20260404,21,AQI,65,51,68,54,41,55,72,276,63,62,59,64,65,92,426,54,51,43,91,57,76,69,63,53,70,83,85,77,75,79,73,34,68,60,79,29,55,55,63,33,52,54,48,36,66,28,28,55,41,45,79,75,77,34,29,34,30,26,43,34,26,31,33,36,57,65,39,40,29,106,72,50,76,29,72,71,150,88,50,25,47,40,28,72,56,64,52,37,66,55,29,43,44,45,36,34,34,24,33,39,32,27,27,48,22,25,22,28,45,68,95,60,91,73,63,84,47,58,45,66,54,60,51,69,78,51,79,69,80,71,91,95,74,54,54,58,64,53,65,35,47,80,56,35,31,67,82,104,50,34,87,89,68,88,103,37,52,118,43,78,,,,,,,,,,,,,,,,,,,,,,,,,,,,,,78,69,24,66,76,104,89,60,63,150,42,50,103,356,,28,78,31,79,47,41,30,41,31,41,93,34,36,66,54,74,50,49,79,29,78,88,68,70,58,93,62,74,71,77,68,65,61,62,75,27,51,34,29,26,56,75,64,52,56,51,69,50,56,71,74,59,86,88,87,60,83,72,81,95,80,79,95,72,70,95,68,61,70,60,46,58,69,70,61,41,59,53,44,53,32,48,23,61,45,80,98,60,58,70,84,90,65,95,71,34,,44,33,39,34,53,51,42,28,,26,51,52,28,70,37,44,71,71,116,41,75,39,28,31,32,29,31,,29,25,83,76,84,83,97,79,90,61,95,,79,,72,,62,57,32,39,42,54,11,45,88,139,119,66,60,28,81,87,98,105,119,61,50,27,32,30,,,,48,,
20260404,21,PM2.5,31,25,23,28,23,21,32,58,34,36,35,28,25,29,78,38,36,30,68,35,33,44,34,29,27,31,38,36,45,35,40,22,32,35,58,14,32,37,45,19,36,25,25,14,31,5,7,26,10,21,29,48,35,22,19,24,21,16,30,23,18,15,22,22,30,37,23,26,9,47,33,26,35,11,28,31,64,28,35,17,33,28,9,32,24,19,20,15,32,29,10,14,16,19,17,15,19,6,23,27,15,19,19,32,12,3,7,12,23,20,23,21,50,26,43,62,32,41,30,48,38,43,35,31,47,26,26,21,31,32,37,37,35,29,37,35,31,35,47,20,33,45,36,23,20,32,51,50,34,21,40,46,28,33,52,8,16,62,15,37,,,,,,,,,,,,,,,,,,,,,,,,,,,,,,31,20,5,13,28,31,38,15,25,82,19,3,32,83,,6,41,17,58,33,29,21,29,22,29,69,24,25,48,38,54,24,34,58,18,57,65,23,17,18,34,17,35,43,26,37,30,18,23,37,10,25,20,11,5,35,37,24,28,27,18,24,27,31,20,20,15,29,39,30,20,31,23,37,42,31,29,40,42,33,40,39,36,45,29,19,35,40,25,30,21,42,33,26,37,21,26,16,44,25,43,39,23,25,27,46,44,33,55,33,14,,20,13,27,24,33,34,23,15,,12,34,25,16,47,26,30,52,52,88,29,48,27,12,9,7,3,22,,3,6,51,28,31,41,63,46,51,20,42,,43,,36,,29,23,15,19,20,20,3,18,39,66,50,41,27,11,30,41,47,57,47,18,16,10,9,15,,,,30,,
20260404,21,PM2.5_24h,25,33,18,38,24,18,34,12,22,42,45,30,17,14,21,23,27,27,41,38,21,37,28,28,26,37,30,29,36,31,31,31,33,12,19,17,13,29,25,11,23,12,15,12,20,7,12,20,21,16,17,30,22,15,21,25,17,22,22,21,20,14,19,20,24,36,16,19,7,37,40,36,28,18,19,22,28,16,24,19,19,24,10,17,29,22,18,24,16,18,15,16,21,16,19,15,12,34,33,27,8,22,13,22,7,21,31,24,27,18,14,14,18,14,23,33,22,25,19,33,66,46,24,27,31,16,15,16,19,14,23,19,26,23,15,17,18,16,33,17,19,38,28,19,13,27,44,31,22,17,36,33,21,30,39,25,17,28,10,28,,,,,,,,,,,,,,,,,,,,,,,,,,,,,,24,20,10,8,13,15,19,12,13,34,23,9,21,18,,10,22,12,28,21,15,25,22,17,19,49,21,22,40,26,32,8,31,34,14,39,26,19,21,20,32,23,13,27,19,22,21,13,21,23,7,13,9,9,11,26,21,17,16,15,12,17,18,16,14,11,18,21,27,19,23,25,28,29,29,27,27,29,35,22,26,27,23,20,19,20,21,19,19,19,17,23,23,21,37,15,13,18,16,21,39,31,28,22,26,33,23,27,30,34,8,,8,11,16,19,15,27,20,21,,16,30,21,7,54,37,27,46,41,66,21,49,19,10,6,4,5,19,,4,5,41,24,31,51,40,32,53,32,44,,37,,48,,23,32,15,17,18,17,4,21,29,42,32,28,10,16,19,50,43,77,46,16,9,2,13,26,,,,39,,
20260404,21,PM10,79,51,85,57,41,60,93,403,75,74,68,78,80,134,526,55,47,39,86,64,101,88,75,55,89,115,119,103,99,107,95,34,86,69,86,25,60,59,73,33,53,58,48,36,82,18,8,60,41,45,108,100,104,34,29,32,30,26,36,34,25,31,33,36,63,80,39,40,17,162,94,50,102,27,94,92,250,126,50,24,37,31,19,94,62,78,53,37,81,59,29,43,44,45,36,34,34,11,30,39,32,23,27,48,22,,10,28,45,85,139,69,131,95,75,91,47,62,45,57,58,59,52,87,105,51,107,88,109,92,131,139,97,58,57,65,77,56,59,35,43,109,62,35,31,83,113,158,50,34,124,128,86,126,156,31,54,186,43,106,,,,,,,,,,,,,,,,,,,,,,,,,,,,,,106,87,11,81,101,157,127,69,76,249,42,26,155,465,,21,106,31,74,44,32,30,41,26,40,79,34,23,57,53,90,50,38,85,29,64,83,86,90,66,136,73,97,91,104,86,80,72,74,100,20,52,34,23,16,61,100,77,54,61,51,88,50,62,91,97,68,122,125,124,70,116,94,111,139,110,108,140,93,89,140,86,72,89,69,46,66,88,89,72,41,52,56,44,50,32,48,19,56,45,109,146,70,66,90,117,129,80,140,92,34,,44,25,34,31,55,52,42,18,,12,51,54,28,89,37,44,78,65,142,38,100,35,24,17,32,13,26,,10,10,115,102,118,115,144,107,129,71,139,,108,,93,,73,64,32,39,42,58,11,35,126,227,188,82,70,27,111,123,145,159,188,72,50,11,31,30,,,,48,,
20260404,21,PM10_24h,64,80,69,91,47,60,82,62,47,83,75,77,65,68,89,40,39,31,51,51,62,49,59,50,81,77,67,65,61,63,72,49,58,23,31,24,22,39,36,19,29,23,24,25,54,16,13,31,62,34,97,56,46,25,31,33,26,29,32,29,30,24,30,30,45,89,32,33,14,176,133,105,109,51,43,40,89,81,37,32,26,29,15,55,75,84,50,55,75,38,42,59,65,41,36,38,19,43,41,40,15,29,18,34,13,33,44,43,41,80,62,68,90,65,40,42,34,39,28,40,100,51,41,48,57,34,98,78,85,75,142,117,77,36,26,41,43,31,49,30,36,92,48,33,23,65,113,84,36,27,161,137,81,137,177,131,55,96,40,107,,,,,,,,,,,,,,,,,,,,,,,,,,,,,,82,83,14,82,59,75,118,43,73,123,43,20,89,77,,36,92,23,35,30,23,36,36,25,28,53,30,36,46,36,38,22,32,39,33,47,41,65,63,68,78,44,47,57,71,68,40,68,41,46,15,26,19,20,20,36,38,40,23,26,28,41,30,31,81,73,73,102,128,98,75,133,66,121,82,63,81,77,63,46,73,69,40,52,23,49,33,43,48,34,26,36,39,29,54,26,29,29,33,35,97,89,52,65,84,80,73,77,68,68,25,,23,21,24,25,28,40,27,29,,22,44,52,16,97,46,39,61,53,88,31,73,29,20,19,20,20,29,,10,10,111,80,107,193,144,94,170,103,127,,118,,127,,60,110,34,45,48,42,18,51,109,156,126,86,30,39,89,147,139,222,194,70,56,14,38,71,,,,53,,
20260404,21,SO2,4,7,3,6,7,5,4,2,4,5,7,7,6,10,5,8,6,7,8,5,6,6,4,10,9,8,7,8,5,9,7,6,6,7,5,5,7,5,6,6,6,4,7,5,6,4,3,8,5,7,5,9,6,5,5,5,8,3,8,4,5,9,6,7,10,5,7,4,5,6,7,8,5,7,5,8,5,4,8,7,4,10,4,16,8,7,11,11,8,7,5,4,6,8,5,12,7,5,5,4,8,6,6,11,6,3,5,8,4,6,6,12,8,7,10,10,9,8,10,7,7,4,7,7,7,6,10,4,8,9,7,15,7,9,7,9,10,5,9,6,4,7,7,8,8,10,4,6,15,4,5,4,3,5,7,8,32,6,5,9,,,,,,,,,,,,,,,,,,,,,,,,,,,,,,7,3,5,7,4,20,8,7,5,8,6,5,8,4,,6,8,12,7,8,8,3,8,4,7,2,6,8,6,10,9,4,5,7,7,8,11,8,9,7,8,5,4,9,8,5,5,7,5,6,3,4,3,5,6,5,8,4,7,4,10,8,6,8,7,9,3,7,8,6,4,5,10,8,11,12,10,5,8,7,8,7,8,10,8,11,8,5,5,5,7,10,9,10,8,16,5,7,45,5,2,7,9,4,8,7,5,6,8,4,5,,6,9,4,11,4,12,5,3,,6,6,8,7,8,12,6,5,5,10,6,8,7,6,6,10,6,7,,8,6,5,12,5,7,5,12,10,4,9,,5,,8,,11,12,8,12,15,2,8,14,4,8,5,4,10,5,5,4,6,3,3,7,4,5,11,9,,,,8,,
20260404,21,SO2_24h,3,7,3,9,7,4,3,4,5,4,6,6,5,9,8,8,6,7,8,6,6,6,4,9,10,6,6,7,5,9,7,7,6,6,5,5,6,5,5,6,6,6,6,5,6,4,3,8,5,7,4,8,6,6,5,5,8,5,7,5,5,8,5,7,9,5,8,4,8,6,8,12,11,8,5,7,9,6,7,7,5,14,3,10,8,6,10,9,8,6,4,3,5,8,5,6,8,7,7,7,7,6,6,7,6,6,5,9,5,5,11,12,6,8,8,10,9,8,7,7,8,5,7,7,11,6,11,3,8,9,7,13,6,9,7,12,9,6,9,11,4,7,9,12,9,8,4,7,12,6,6,3,2,6,8,6,24,17,5,10,,,,,,,,,,,,,,,,,,,,,,,,,,,,,,6,2,5,5,5,13,8,8,7,26,7,5,8,6,,6,8,8,6,9,8,3,5,7,7,2,5,7,6,9,7,4,5,7,7,6,9,6,8,7,9,6,4,8,7,5,5,6,4,5,3,5,4,5,5,10,9,4,10,4,8,10,6,15,6,8,3,6,6,6,4,5,10,8,11,10,7,5,7,6,5,7,8,9,6,7,6,6,6,4,7,8,5,9,10,12,5,7,11,5,9,9,8,5,9,8,5,7,8,10,5,,6,9,5,13,4,11,5,3,,5,6,7,8,7,9,6,7,9,10,6,6,7,6,5,9,8,7,,8,6,6,9,8,8,19,13,11,5,9,,5,,8,,5,12,6,10,12,11,6,13,7,9,5,4,9,7,4,5,15,4,10,7,6,5,11,10,,,,8,,
20260404,21,NO2,17,31,17,19,18,15,22,5,18,19,21,20,14,22,3,48,24,23,32,19,31,40,14,29,22,33,45,47,33,25,38,15,26,32,29,24,27,20,30,24,18,39,25,16,29,17,14,37,16,33,17,38,36,36,31,23,32,28,35,28,20,27,18,8,22,27,15,9,10,54,29,14,10,20,31,35,6,14,22,10,25,14,13,29,21,16,32,20,33,32,16,16,21,32,15,23,27,10,8,11,24,13,22,23,23,9,12,25,9,17,9,17,19,19,13,45,32,34,22,24,13,31,14,48,48,25,26,15,23,25,21,29,27,34,44,9,18,17,10,21,9,34,30,16,21,26,20,57,23,8,40,47,24,25,70,3,22,5,10,10,,,,,,,,,,,,,,,,,,,,,,,,,,,,,,11,12,22,17,5,15,33,11,17,3,10,7,6,4,,6,7,15,42,41,16,20,11,11,12,19,11,10,12,20,57,17,17,31,10,24,13,44,23,26,23,35,17,23,20,27,15,15,30,22,14,20,14,8,14,16,16,26,25,49,20,16,14,30,19,23,19,29,19,18,17,11,16,20,25,23,22,13,22,18,18,9,31,18,10,16,16,12,22,13,32,41,22,19,20,15,16,6,18,42,40,46,13,27,43,27,60,23,35,12,10,,23,6,9,9,34,12,5,6,,4,6,18,12,21,6,8,10,10,32,9,17,15,7,5,8,6,14,,6,2,22,17,21,21,8,44,10,11,34,,22,,18,,16,9,1,6,25,8,6,1,10,8,27,26,31,19,13,15,9,14,15,21,7,4,11,9,,,,9,,
20260404,21,NO2_24h,16,20,12,15,13,13,17,10,14,14,16,15,12,21,24,15,12,15,25,21,17,21,17,22,19,19,21,19,28,16,20,14,16,17,17,27,17,13,14,18,12,15,13,19,18,19,19,24,15,16,12,23,26,22,19,15,22,23,27,23,17,19,11,8,23,31,13,18,13,39,23,12,25,27,19,21,31,17,13,12,14,15,15,14,14,14,14,16,14,15,9,13,11,18,11,12,15,25,14,11,12,11,12,10,12,17,24,20,14,15,19,18,18,31,15,19,14,14,13,14,27,15,16,23,21,21,22,10,19,14,13,19,20,20,15,17,13,13,11,16,11,29,19,13,17,18,33,28,15,12,29,21,22,16,39,4,14,20,10,20,,,,,,,,,,,,,,,,,,,,,,,,,,,,,,10,14,21,15,17,18,20,21,23,21,14,7,12,19,,6,7,14,14,8,14,11,9,10,10,15,15,11,12,12,16,7,10,13,13,15,10,19,15,15,16,18,7,11,13,15,12,10,17,11,12,10,9,10,25,16,14,17,11,15,16,13,10,13,14,13,17,17,15,17,13,10,14,16,16,14,15,11,13,8,18,10,13,17,12,12,19,13,19,9,14,15,13,12,21,11,13,9,9,9,31,28,20,30,37,19,29,10,22,21,5,,17,8,9,7,16,13,6,12,,7,7,11,9,14,9,13,9,9,15,9,19,11,8,9,4,10,14,,4,5,19,37,16,17,20,29,10,15,20,,16,,18,,16,8,2,2,9,3,16,3,19,24,21,19,8,24,12,36,12,40,18,17,9,6,14,23,,,,9,,
20260404,21,O3,104,73,87,53,80,92,93,102,115,94,87,99,94,90,97,52,77,72,89,97,93,89,81,97,87,95,91,86,91,87,77,109,83,61,103,93,85,100,75,92,94,40,61,63,94,88,88,62,105,74,93,85,69,28,20,28,41,28,34,33,34,46,87,68,91,92,80,99,93,34,84,97,89,92,81,82,96,85,93,80,68,99,89,95,97,109,71,96,88,70,82,102,94,98,90,72,28,78,94,87,33,36,42,54,53,80,69,54,103,94,91,92,82,100,113,52,57,39,96,59,82,56,78,52,56,78,84,83,79,73,72,57,78,53,46,101,55,53,102,72,64,87,78,89,94,96,123,44,80,97,48,38,70,59,16,118,112,91,105,89,,,,,,,,,,,,,,,,,,,,,,,,,,,,,,107,92,77,100,92,89,67,110,95,95,84,160,87,102,,90,92,90,50,35,96,72,72,76,73,111,82,78,81,77,30,49,82,72,61,77,106,69,88,88,69,53,42,98,89,76,95,83,62,76,87,44,44,93,83,41,76,64,76,26,68,76,74,52,80,80,91,64,84,89,90,86,82,84,67,92,78,106,90,66,120,49,48,100,119,46,102,83,80,51,21,78,89,68,49,93,56,72,99,47,52,43,130,100,76,84,17,72,52,99,64,,53,106,100,89,38,81,86,90,,82,112,84,87,96,113,104,113,122,76,95,80,51,91,100,91,93,94,,94,80,75,87,64,68,101,64,94,105,59,,87,,69,,81,110,101,94,84,88,,145,85,103,78,92,74,90,122,106,102,98,84,99,94,86,103,87,,,,93,,
20260404,21,O3_24h,104,73,87,53,80,92,93,102,115,94,87,99,94,90,97,52,77,72,89,97,93,89,81,97,87,95,91,86,91,87,77,109,83,61,103,93,85,100,75,92,94,40,61,63,94,88,88,62,105,74,93,85,69,28,20,28,41,28,34,33,34,46,87,68,91,92,80,99,93,34,84,97,89,92,81,82,96,85,93,80,68,99,89,95,97,109,71,96,88,70,82,102,94,98,90,72,28,78,94,87,33,36,42,54,53,80,69,54,103,94,91,92,82,100,113,52,57,39,96,59,82,56,78,52,56,78,84,83,79,73,72,57,78,53,46,101,55,53,102,72,64,87,78,89,94,96,123,44,80,97,48,38,70,59,16,118,112,91,105,89,,,,,,,,,,,,,,,,,,,,,,,,,,,,,,107,92,77,100,92,89,67,110,95,95,84,160,87,102,,90,92,90,50,35,96,72,72,76,73,111,82,78,81,77,30,49,82,72,61,77,106,69,88,88,69,53,42,98,89,76,95,83,62,76,87,44,44,93,83,41,76,64,76,26,68,76,74,52,80,80,91,64,84,89,90,86,82,84,67,92,78,106,90,66,120,49,48,100,119,46,102,83,80,51,21,78,89,68,49,93,56,72,99,47,52,43,130,100,76,84,17,72,52,99,64,,53,106,100,89,38,81,86,90,,82,112,84,87,96,113,104,113,122,76,95,80,51,91,100,91,93,94,,94,80,75,87,64,68,101,64,94,105,59,,87,,69,,81,110,101,94,84,88,,145,85,103,78,92,74,90,122,106,102,98,84,99,94,86,103,87,,,,93,,
20260404,21,O3_8h,122,109,112,102,94,113,119,110,119,128,110,116,118,117,104,101,102,94,93,123,129,138,115,112,116,126,133,137,132,123,116,119,123,107,125,110,116,132,126,114,123,103,99,103,128,110,108,93,113,103,110,115,112,63,46,48,59,40,50,60,56,72,124,104,124,139,107,113,100,69,118,114,106,110,110,114,108,111,103,90,94,113,95,115,114,122,116,119,124,102,103,116,116,105,107,106,73,98,104,105,82,58,74,70,81,97,78,65,113,118,108,108,103,116,103,102,95,92,110,92,100,83,98,107,124,95,107,104,106,103,99,92,114,96,97,107,82,96,109,108,67,134,129,123,115,136,152,107,118,122,79,90,95,97,61,120,122,99,116,111,,,,,,,,,,,,,,,,,,,,,,,,,,,,,,122,106,112,110,106,115,104,113,110,100,93,99,102,111,,90,104,102,102,91,101,93,92,90,82,101,96,90,88,86,104,84,108,102,82,101,94,114,113,113,111,98,90,119,113,111,118,105,111,118,110,98,86,95,106,97,103,95,107,92,99,98,96,104,100,104,115,94,101,107,113,101,112,113,108,118,116,124,130,104,124,89,97,113,117,89,101,105,103,100,56,92,106,108,83,120,75,100,133,113,110,115,139,123,132,117,93,111,119,122,105,,79,108,98,102,110,97,95,101,,93,96,105,94,131,120,104,120,125,136,98,104,81,91,100,102,101,104,,101,80,111,113,72,95,109,121,110,121,109,,109,,93,,101,126,112,120,120,118,104,142,109,117,114,112,114,115,123,121,111,105,103,115,103,98,109,103,,,,108,,
20260404,21,O3_8h_24h,121,103,110,93,92,110,116,110,119,124,107,115,114,114,104,92,98,89,93,116,124,133,108,108,111,123,139,131,126,120,111,119,119,95,123,109,112,131,118,110,117,87,90,95,125,106,104,92,112,97,108,112,109,53,39,43,55,38,48,54,52,67,121,101,120,135,101,109,100,67,115,113,103,109,109,113,105,105,103,88,89,112,93,114,113,121,111,115,120,96,98,115,113,103,105,100,66,89,104,104,71,53,70,67,76,96,70,65,109,114,106,106,100,115,103,92,87,78,109,85,94,77,94,100,114,92,104,100,103,99,94,85,110,91,90,109,73,91,109,105,66,130,123,116,113,132,152,95,113,121,78,82,92,94,57,120,121,99,116,108,,,,,,,,,,,,,,,,,,,,,,,,,,,,,,121,104,107,109,104,112,96,115,109,99,91,99,98,110,,90,101,101,93,80,101,89,88,87,80,101,91,87,87,83,84,71,98,99,77,96,94,105,109,111,107,89,81,115,111,106,116,102,103,112,106,86,75,93,102,86,102,93,105,81,96,97,95,96,97,100,112,87,100,106,110,99,108,109,100,117,112,124,127,99,124,86,91,113,117,84,101,102,103,92,51,91,106,104,81,119,75,97,131,106,105,103,139,119,127,113,77,110,107,119,100,,76,107,98,101,99,95,94,100,,92,114,103,92,127,119,104,118,125,128,98,104,78,91,100,102,100,104,,98,80,108,111,72,93,109,116,108,120,101,,106,,90,,98,125,110,117,116,115,,142,107,115,108,111,110,114,123,121,111,105,102,115,102,96,109,103,,,,108,,
20260404,21,CO,0.41,0.58,0.38,0.69,0.30,0.30,0.24,0.23,0.40,0.40,0.35,0.35,0.43,0.62,0.20,0.68,0.58,0.45,0.76,0.51,0.63,0.90,0.63,0.71,0.40,0.58,0.83,0.64,0.62,0.73,0.48,0.52,0.38,0.70,0.57,0.50,0.49,0.88,0.57,0.47,0.65,0.77,0.60,0.50,0.61,0.47,0.57,0.73,0.39,0.53,0.44,0.92,0.72,0.85,0.75,0.70,0.73,0.55,0.60,0.77,0.70,0.60,0.51,0.45,0.50,0.58,0.30,0.45,0.28,0.66,0.43,0.45,0.24,0.28,0.42,0.65,0.27,0.24,0.54,0.40,0.33,0.50,0.67,0.37,0.50,0.53,0.44,0.52,0.60,0.50,0.33,0.40,0.35,0.54,0.33,0.58,0.87,0.70,0.70,0.80,0.70,0.70,0.65,0.73,0.65,0.60,0.70,0.65,0.37,0.40,0.46,0.45,0.65,0.58,0.56,1.14,0.65,0.76,0.48,0.92,0.42,0.53,0.37,0.65,0.73,0.78,0.46,0.25,0.48,0.57,0.45,0.57,0.53,0.77,1.08,0.93,0.55,0.87,0.75,0.79,0.50,0.63,0.72,0.72,0.77,0.57,0.60,0.60,0.57,0.50,0.73,0.65,0.50,0.44,0.60,0.30,0.67,0.30,0.42,0.25,,,,,,,,,,,,,,,,,,,,,,,,,,,,,,0.30,0.30,0.55,0.37,0.30,0.55,0.55,0.30,0.27,0.27,0.50,0.30,0.35,0.35,,0.30,0.45,0.45,0.77,0.55,0.63,0.30,0.40,0.40,0.90,0.45,0.20,0.40,0.27,0.43,1.67,0.38,0.35,0.70,0.35,0.55,0.50,0.37,0.40,0.30,0.65,0.50,0.55,0.45,0.46,0.33,0.43,0.20,0.82,0.47,0.77,0.60,0.60,0.65,0.60,0.67,0.63,0.57,0.50,0.94,0.85,0.60,0.95,0.75,0.46,0.52,0.35,0.43,0.48,0.53,0.30,0.30,0.65,0.63,0.66,1.00,0.53,0.60,0.40,0.70,0.73,0.55,1.12,0.75,1.10,0.50,0.53,0.25,0.60,0.40,0.55,0.73,0.70,0.80,0.80,0.70,0.80,0.60,0.85,0.70,0.67,0.70,0.40,0.58,1.05,0.72,0.65,0.50,0.70,0.45,0.30,,0.30,0.40,0.43,0.53,0.70,0.50,0.40,0.35,,0.55,0.30,0.30,0.50,0.60,0.35,0.50,0.70,0.50,0.95,0.50,0.70,0.35,0.45,0.30,0.35,0.30,0.70,,0.45,0.45,0.47,0.40,0.60,0.50,0.25,0.55,0.40,0.25,0.60,,0.45,,0.55,,0.40,0.50,0.30,0.20,0.40,0.40,0.30,0.30,0.23,0.30,0.35,0.45,0.90,0.15,0.25,0.35,0.15,0.30,0.45,0.35,,,0.30,0.25,,,,0.75,,
20260404,21,CO_24h,0.38,0.59,0.30,0.68,0.30,0.35,0.29,0.33,0.30,0.50,0.38,0.33,0.38,0.47,0.38,0.51,0.48,0.41,0.58,0.65,0.59,0.81,0.63,0.70,0.42,0.62,0.84,0.63,0.62,0.68,0.50,0.56,0.43,0.59,0.51,0.53,0.48,0.83,0.60,0.53,0.60,0.67,0.60,0.50,0.51,0.50,0.57,0.70,0.45,0.50,0.33,0.53,0.70,0.69,0.63,0.57,0.63,0.50,0.50,0.73,0.65,0.57,0.51,0.45,0.53,0.61,0.40,0.52,0.28,0.44,0.50,0.55,0.40,0.39,0.58,0.55,0.47,0.30,0.58,0.50,0.30,0.50,0.67,0.27,0.52,0.50,0.32,0.43,0.54,0.38,0.30,0.42,0.37,0.60,0.37,0.48,0.80,1.00,0.70,0.73,0.70,0.65,0.55,0.63,0.60,0.70,0.93,0.60,0.43,0.30,0.59,0.45,0.50,0.42,0.46,0.88,0.55,0.58,0.40,0.73,0.68,0.53,0.27,0.68,0.67,0.64,0.38,0.20,0.52,0.33,0.30,0.35,0.45,0.63,0.73,0.95,0.50,0.77,0.73,0.71,0.50,0.63,0.68,0.78,0.67,0.53,0.63,0.35,0.48,0.58,0.53,0.40,0.40,0.36,0.40,0.40,0.67,0.72,0.44,0.30,,,,,,,,,,,,,,,,,,,,,,,,,,,,,,0.30,0.20,0.75,0.30,0.27,0.35,0.40,0.43,0.30,0.57,0.57,0.20,0.40,0.40,,0.30,0.50,0.40,0.50,0.40,0.63,0.37,0.40,0.50,0.90,0.25,0.25,0.40,0.13,0.37,0.47,0.33,0.30,0.53,0.45,0.40,0.35,0.37,0.40,0.30,0.65,0.55,0.45,0.40,0.38,0.27,0.35,0.10,0.72,0.43,0.67,0.70,0.55,0.65,0.70,0.70,0.80,0.73,0.50,0.74,0.80,0.70,0.90,0.65,0.48,0.40,0.30,0.28,0.38,0.45,0.30,0.23,0.72,0.40,0.58,0.53,0.50,0.50,0.33,0.70,0.70,0.45,1.03,0.80,1.00,0.60,0.70,0.40,0.75,0.40,0.45,0.67,0.63,0.67,0.80,0.60,0.70,0.60,0.70,0.70,0.70,0.65,0.47,0.70,0.90,0.72,0.42,0.35,0.65,0.60,0.20,,0.25,0.45,0.43,0.53,0.60,0.55,0.35,0.50,,0.65,0.30,0.30,0.45,0.65,0.40,0.50,0.50,0.50,0.55,0.45,1.20,0.40,0.45,0.30,0.25,0.35,0.90,,0.40,0.40,0.43,0.47,0.50,0.40,0.50,0.35,0.40,0.35,0.40,,0.30,,0.55,,0.40,0.50,0.30,0.20,0.30,0.30,0.40,0.30,0.40,0.40,0.40,0.45,0.10,0.40,0.25,0.75,0.25,0.65,0.45,0.40,0.50,,0.30,0.55,,,,0.65,,
20260404,22,AQI,65,53,71,43,43,58,72,500,61,61,58,64,65,90,470,63,54,37,89,58,75,80,63,51,70,85,86,81,76,74,71,41,66,62,83,30,56,63,60,36,44,54,52,39,68,23,23,59,53,43,81,79,80,38,32,39,34,32,46,40,33,31,37,38,58,71,34,45,27,114,76,53,73,38,74,72,261,158,51,25,44,39,26,70,57,64,46,37,66,60,34,47,45,42,36,32,36,24,26,43,32,26,30,46,23,25,21,31,49,70,98,60,88,77,70,86,51,56,43,69,50,61,52,71,82,52,80,71,80,68,90,91,75,56,55,62,60,59,63,38,57,81,58,36,43,72,84,102,49,38,90,92,80,86,99,36,60,118,51,92,,,,,,,,,,,,,,,,,,,,,,,,,,,,,,77,73,21,67,107,105,98,62,59,156,38,23,143,500,,24,69,31,73,56,34,33,41,30,40,104,40,37,66,60,67,37,51,75,40,69,95,68,75,61,92,62,73,72,73,68,63,60,61,69,25,46,38,27,24,58,75,63,51,57,50,68,51,56,67,79,58,92,88,86,64,81,67,80,100,75,73,89,58,70,88,66,67,73,60,47,60,67,72,58,35,54,56,45,51,36,46,26,63,51,75,91,61,52,71,85,84,61,88,69,24,,48,32,39,33,52,53,37,26,,20,51,52,29,76,59,52,74,63,120,40,80,37,28,30,46,28,33,,29,25,75,99,92,79,161,87,83,62,80,,83,,67,,60,60,33,53,42,55,12,45,82,126,123,85,53,39,88,103,102,117,129,58,52,28,37,57,,,,48,,
20260404,22,PM2.5,32,28,27,26,25,21,35,80,24,40,37,27,19,30,79,45,38,26,66,35,34,59,34,31,28,35,45,39,45,46,42,27,31,38,61,18,33,45,43,22,31,26,27,15,30,5,9,32,12,22,30,53,38,25,21,27,24,19,32,27,21,15,26,22,29,40,18,28,7,54,33,26,35,19,30,31,80,40,36,17,31,27,9,36,22,19,17,13,33,35,12,17,15,19,19,13,20,9,18,29,15,18,19,31,12,3,8,15,25,24,39,22,34,26,40,64,36,38,30,50,32,44,36,33,42,29,26,20,30,24,36,31,41,33,37,29,32,42,45,26,31,45,38,21,29,37,50,48,32,19,43,36,32,31,44,21,22,61,26,42,,,,,,,,,,,,,,,,,,,,,,,,,,,,,,34,23,9,10,38,32,39,20,21,93,17,3,42,103,,6,41,20,53,40,24,23,24,21,25,78,27,26,48,39,46,19,36,55,22,50,71,25,22,24,34,20,40,46,28,37,29,17,23,37,9,24,20,13,6,41,24,15,28,24,17,20,28,29,22,25,15,33,36,30,21,32,17,37,45,25,30,43,30,26,39,32,45,47,29,19,36,34,36,30,24,38,38,29,34,20,27,18,45,28,41,33,25,25,29,47,40,31,49,34,12,,19,16,27,23,28,30,18,15,,8,32,31,17,56,42,30,54,45,91,28,51,26,11,7,12,3,22,,3,9,45,42,36,40,92,48,38,18,40,,47,,35,,35,21,9,26,21,24,3,12,33,68,59,62,33,16,32,48,56,58,51,24,18,3,15,24,,,,30,,
20260404,22,PM2.5_24h,26,34,19,37,22,18,35,15,22,43,46,31,18,15,23,24,27,27,43,39,21,38,28,27,26,37,31,29,36,32,31,32,31,13,20,16,14,30,26,11,24,13,16,12,20,6,12,21,20,17,17,31,23,15,20,25,17,22,23,20,19,14,18,20,24,36,16,19,7,38,40,36,28,18,19,22,30,17,24,18,20,23,10,17,30,22,18,24,16,19,14,16,21,17,19,15,12,32,33,27,8,22,13,22,7,19,28,23,26,19,15,14,19,15,24,34,23,26,20,33,62,44,25,27,31,17,15,16,18,14,22,19,27,23,16,19,18,17,33,18,20,38,28,19,14,27,44,31,22,18,36,33,21,30,38,24,17,30,10,28,,,,,,,,,,,,,,,,,,,,,,,,,,,,,,24,21,9,8,14,16,20,13,13,36,22,9,21,22,,9,23,13,29,22,16,25,22,17,19,49,21,22,40,26,33,9,31,34,14,39,29,19,21,20,31,23,15,27,19,23,21,13,21,23,7,13,9,10,10,27,21,17,17,16,12,18,19,17,15,11,17,20,27,19,22,26,27,28,30,27,27,29,35,22,27,27,24,21,19,20,22,20,19,19,16,23,24,20,37,15,13,18,17,19,39,32,28,22,26,33,24,27,30,33,9,,8,11,17,19,15,26,20,20,,15,30,22,7,54,36,26,46,41,67,21,50,19,10,6,4,5,19,,4,5,40,25,32,51,41,33,52,32,43,,38,,47,,24,32,15,17,18,17,4,21,29,44,33,29,10,16,20,50,44,76,46,16,9,2,12,26,,,,39,,
20260404,22,PM10,79,56,91,43,43,65,93,616,72,71,65,78,80,130,570,60,46,36,77,66,100,107,75,52,89,119,122,111,101,97,92,41,82,74,85,30,62,71,68,36,39,57,54,39,85,16,12,67,56,43,111,107,109,38,32,35,34,32,38,40,33,31,35,38,66,91,34,45,17,177,102,56,95,38,97,94,393,266,51,24,37,32,18,90,64,78,46,37,82,70,34,47,45,42,36,32,36,11,23,43,32,,30,46,23,,9,31,49,90,145,70,125,104,90,91,52,62,40,63,50,56,53,91,113,54,109,92,109,86,129,132,99,61,59,74,69,64,56,38,63,111,66,36,43,93,117,154,49,38,130,133,110,121,148,36,70,185,51,133,,,,,,,,,,,,,,,,,,,,,,,,,,,,,,103,95,14,83,163,159,145,74,68,262,38,19,235,679,,20,87,31,83,50,33,29,41,22,40,68,40,24,58,70,84,37,39,83,40,63,86,85,100,71,134,74,96,94,96,86,76,70,71,88,21,46,38,16,16,61,100,76,52,64,50,85,51,62,84,108,66,134,125,121,77,112,84,110,150,99,96,128,66,90,125,82,83,95,70,47,69,83,93,66,35,45,62,45,52,36,46,23,61,52,100,131,71,54,91,119,117,72,126,88,24,,48,25,36,27,54,55,37,17,,17,52,54,29,101,38,54,90,66,136,40,110,33,24,10,46,16,33,,7,,100,148,134,107,271,124,115,73,109,,115,,84,,69,69,33,56,42,60,12,41,113,201,196,120,56,39,126,155,153,184,208,66,54,7,37,63,,,,48,,
20260404,22,PM10_24h,67,81,71,86,43,59,84,87,49,84,75,77,66,72,111,40,39,32,53,53,64,52,61,50,82,80,72,68,63,66,74,51,59,25,34,24,24,41,38,19,30,25,26,25,56,16,13,33,60,34,89,59,49,24,31,33,25,29,32,29,29,24,30,30,46,88,33,33,14,175,130,105,108,51,46,42,104,91,37,30,27,29,15,53,73,81,46,53,74,39,41,59,64,42,36,35,20,40,40,39,15,28,18,35,13,32,41,42,41,81,67,67,91,67,42,45,35,40,29,40,95,50,42,50,60,35,94,75,81,71,129,115,79,37,28,43,44,32,49,30,37,93,48,33,23,66,113,87,37,28,158,132,82,135,165,123,53,101,40,105,,,,,,,,,,,,,,,,,,,,,,,,,,,,,,85,86,14,79,65,79,116,45,74,132,42,20,97,105,,36,94,24,38,32,24,35,36,25,28,54,29,35,44,37,40,23,32,40,32,47,43,66,65,69,81,47,50,59,74,70,42,69,44,49,16,28,20,20,19,37,41,42,25,28,29,44,31,33,74,71,71,101,132,102,77,136,68,120,86,65,84,81,64,48,77,68,42,56,25,50,35,45,51,35,24,36,39,29,54,26,29,29,34,33,96,91,53,65,84,82,75,76,70,66,25,,23,21,24,25,28,40,27,28,,21,44,52,16,96,45,39,62,53,88,30,73,29,20,18,20,19,29,,10,10,109,84,108,187,147,95,165,101,125,,117,,123,,60,109,34,45,47,42,17,51,111,160,126,88,31,40,90,146,139,222,195,70,52,14,37,71,,,,53,,
20260404,22,SO2,4,8,3,4,7,7,5,2,5,5,7,7,7,10,5,9,6,7,9,5,7,6,5,9,10,9,7,8,5,9,8,7,8,7,5,5,7,6,6,7,6,4,6,5,6,4,3,8,6,7,6,10,6,6,5,5,7,3,8,4,5,9,6,6,9,5,7,4,5,5,7,10,5,7,6,8,5,5,7,6,5,10,4,20,10,8,11,10,9,8,5,4,8,8,5,10,6,5,5,4,7,6,6,8,6,3,5,8,7,6,6,12,9,8,13,10,9,7,10,7,7,5,10,7,8,6,11,5,7,9,7,14,7,7,7,10,11,5,9,6,4,7,7,5,9,10,6,7,14,4,5,4,3,5,6,8,16,13,5,9,,,,,,,,,,,,,,,,,,,,,,,,,,,,,,7,2,7,7,4,37,8,6,5,9,8,5,8,4,,6,8,9,7,9,8,3,7,6,7,2,5,7,6,10,9,4,5,7,8,6,11,9,9,8,8,6,4,9,8,5,5,7,5,5,3,4,3,6,5,4,8,6,8,4,12,8,6,8,8,9,3,7,10,6,4,4,10,8,11,20,7,6,7,6,14,8,8,12,8,22,9,6,5,4,6,8,8,10,11,21,8,6,44,5,2,7,9,4,9,8,6,6,8,4,5,,6,11,4,11,4,11,5,3,,6,6,8,7,7,11,6,5,5,10,6,7,7,6,6,10,7,6,,8,6,5,5,5,6,4,13,12,4,8,,7,,7,,7,13,8,11,16,5,6,13,4,9,6,4,9,5,4,5,6,3,2,7,5,5,11,8,,,,8,,
20260404,22,SO2_24h,3,7,3,9,7,4,3,4,5,4,6,6,5,9,8,8,6,7,9,6,7,6,4,9,10,6,6,7,5,9,7,7,6,6,5,5,6,6,5,6,6,6,6,5,6,4,3,8,6,7,4,8,6,6,5,5,8,5,7,5,5,9,5,7,9,5,8,4,8,6,8,12,11,8,5,7,9,6,7,6,5,14,3,10,8,6,10,9,8,6,4,3,5,8,5,7,8,7,7,6,7,6,6,7,6,6,5,9,5,5,11,13,7,8,9,10,9,7,7,7,8,5,7,7,10,6,11,3,8,9,7,14,6,9,7,12,9,6,9,11,4,7,9,11,10,8,5,7,12,6,6,3,3,6,8,6,24,18,5,10,,,,,,,,,,,,,,,,,,,,,,,,,,,,,,6,2,5,5,5,15,8,8,7,26,7,5,8,6,,6,8,8,6,9,8,3,5,7,7,2,5,7,6,9,7,4,5,7,7,6,9,7,9,7,9,6,4,8,7,5,5,7,4,5,3,5,4,5,5,10,9,5,10,4,8,10,6,15,6,8,3,6,6,6,4,5,10,8,11,10,7,5,7,6,6,7,8,9,6,8,6,6,6,4,7,8,5,9,10,12,5,7,12,5,9,9,8,4,9,8,5,7,8,10,5,,6,9,5,13,4,11,5,3,,5,6,7,8,7,9,6,6,9,10,6,6,7,6,5,9,7,6,,8,6,6,9,8,8,17,13,11,5,9,,5,,8,,5,11,6,10,12,10,6,13,7,9,5,4,9,7,4,5,15,4,10,7,6,5,11,10,,,,8,,
20260404,22,NO2,19,40,18,14,13,16,24,4,18,20,24,20,16,27,2,55,26,20,44,17,32,34,16,26,24,38,47,50,40,17,53,16,30,33,23,28,26,37,23,23,19,30,33,20,33,20,17,54,21,26,17,44,34,41,31,26,37,32,38,33,19,34,20,12,25,39,15,10,12,60,54,16,12,37,33,34,4,13,22,10,24,14,13,28,22,17,32,19,26,41,15,15,21,29,17,21,24,10,7,13,28,10,23,20,22,8,13,27,12,21,7,17,19,20,11,45,30,34,21,28,11,34,13,52,65,30,27,15,24,22,22,39,28,51,49,22,18,28,9,33,13,31,25,12,25,20,17,48,22,8,50,36,46,26,98,5,34,5,26,37,,,,,,,,,,,,,,,,,,,,,,,,,,,,,,13,12,25,18,6,17,40,14,24,4,11,7,5,4,,8,7,16,51,41,17,23,8,14,12,18,11,9,14,19,43,16,25,32,17,19,15,45,29,28,32,24,18,28,18,26,13,13,30,24,13,20,14,9,14,17,12,31,37,48,21,17,19,33,21,23,18,24,20,21,16,12,17,22,34,27,18,16,18,12,19,7,35,22,10,17,18,12,46,14,45,20,20,18,23,14,17,13,17,28,45,48,14,16,36,17,61,15,33,15,14,,33,6,9,7,22,14,4,7,,4,6,18,9,21,9,6,10,10,32,8,13,9,7,6,7,7,15,,7,1,21,18,26,28,4,48,13,11,43,,25,,26,,18,12,1,8,23,6,8,2,6,19,54,41,39,26,36,36,31,21,25,24,12,2,21,13,,,,9,,
20260404,22,NO2_24h,16,21,13,15,13,13,17,10,14,15,16,16,12,22,22,17,13,15,26,20,17,21,17,22,19,20,23,20,27,16,21,14,16,17,17,26,17,14,15,18,12,16,13,19,19,18,17,25,15,16,12,24,26,22,20,16,23,24,28,23,17,20,12,8,22,30,13,18,13,40,25,11,24,27,19,21,31,16,13,13,15,15,15,15,15,14,15,16,15,17,10,13,12,19,11,13,16,24,14,11,12,11,12,11,12,16,23,20,13,15,19,18,18,31,14,20,15,14,13,14,24,16,16,25,23,21,23,11,19,15,13,20,20,21,16,16,12,14,11,17,10,27,18,13,16,17,31,27,15,12,30,22,21,16,42,4,15,19,10,20,,,,,,,,,,,,,,,,,,,,,,,,,,,,,,10,14,21,16,17,18,21,21,23,20,14,7,11,18,,6,7,14,16,10,15,11,9,10,10,16,15,11,12,12,17,8,11,14,12,15,11,20,16,15,16,18,8,12,13,16,12,10,18,11,12,10,10,10,23,16,13,17,12,17,17,13,10,14,15,13,17,17,16,17,13,10,14,16,17,15,15,11,13,8,18,10,14,16,12,12,18,13,19,9,15,15,13,12,21,11,13,10,10,10,31,28,20,28,37,18,30,10,21,20,5,,17,8,9,7,15,12,6,11,,7,7,11,8,14,9,13,9,9,15,9,19,11,8,8,4,10,14,,4,5,18,37,16,18,19,29,10,15,20,,16,,18,,16,8,2,2,8,3,15,3,18,24,20,19,9,25,12,35,12,38,19,17,9,5,14,23,,,,9,,
20260404,22,O3,92,58,78,51,88,87,87,105,105,81,77,92,88,80,98,44,67,73,67,98,83,74,78,92,80,84,78,72,74,69,59,107,82,51,102,81,77,63,89,87,93,39,41,42,82,73,75,38,99,85,88,72,67,19,17,26,29,24,28,23,32,35,76,50,77,67,74,96,87,23,50,90,86,69,76,73,102,83,89,79,66,97,83,90,91,100,60,93,93,54,81,98,92,101,81,73,23,77,66,76,24,42,35,54,45,80,66,43,100,84,88,89,79,90,117,49,51,34,91,48,83,45,80,49,31,67,77,77,74,70,61,41,66,32,34,89,50,33,96,49,57,82,83,90,73,96,117,46,74,92,28,42,25,50,13,113,93,92,74,55,,,,,,,,,,,,,,,,,,,,,,,,,,,,,,96,91,68,94,90,80,51,101,85,89,81,74,88,105,,77,94,89,35,23,91,65,72,67,67,123,88,77,75,68,40,49,64,66,51,88,99,71,80,78,48,57,29,90,98,73,95,83,52,67,81,36,39,86,77,36,80,49,49,18,59,74,61,43,70,74,87,70,80,82,89,85,65,75,53,70,76,109,77,66,108,54,34,94,116,56,91,80,30,43,3,101,88,62,39,95,43,47,100,39,40,37,121,107,74,92,10,72,51,91,48,,39,101,97,87,42,71,83,84,,65,111,84,86,85,91,107,111,110,73,97,76,53,90,97,84,88,83,,93,81,70,75,39,32,105,48,88,100,41,,74,,52,,74,102,98,78,69,78,,145,80,83,47,71,58,74,96,78,73,92,81,88,78,88,79,76,,,,92,,
20260404,22,O3_24h,92,58,78,51,88,87,87,105,105,81,77,92,88,80,98,44,67,73,67,98,83,74,78,92,80,84,78,72,74,69,59,107,82,51,102,81,77,63,89,87,93,39,41,42,82,73,75,38,99,85,88,72,67,19,17,26,29,24,28,23,32,35,76,50,77,67,74,96,87,23,50,90,86,69,76,73,102,83,89,79,66,97,83,90,91,100,60,93,93,54,81,98,92,101,81,73,23,77,66,76,24,42,35,54,45,80,66,43,100,84,88,89,79,90,117,49,51,34,91,48,83,45,80,49,31,67,77,77,74,70,61,41,66,32,34,89,50,33,96,49,57,82,83,90,73,96,117,46,74,92,28,42,25,50,13,113,93,92,74,55,,,,,,,,,,,,,,,,,,,,,,,,,,,,,,96,91,68,94,90,80,51,101,85,89,81,74,88,105,,77,94,89,35,23,91,65,72,67,67,123,88,77,75,68,40,49,64,66,51,88,99,71,80,78,48,57,29,90,98,73,95,83,52,67,81,36,39,86,77,36,80,49,49,18,59,74,61,43,70,74,87,70,80,82,89,85,65,75,53,70,76,109,77,66,108,54,34,94,116,56,91,80,30,43,3,101,88,62,39,95,43,47,100,39,40,37,121,107,74,92,10,72,51,91,48,,39,101,97,87,42,71,83,84,,65,111,84,86,85,91,107,111,110,73,97,76,53,90,97,84,88,83,,93,81,70,75,39,32,105,48,88,100,41,,74,,52,,74,102,98,78,69,78,,145,80,83,47,71,58,74,96,78,73,92,81,88,78,88,79,76,,,,92,,
20260404,22,O3_8h,122,109,112,102,94,113,119,110,121,128,110,116,118,117,104,101,102,94,93,123,129,138,115,112,116,126,137,137,132,123,116,119,123,107,125,110,116,132,126,114,123,103,99,103,128,110,108,93,113,103,110,115,112,63,46,48,59,40,50,60,56,72,124,104,124,139,107,113,100,69,118,114,106,110,110,114,108,111,103,90,94,113,95,115,114,122,116,119,124,102,103,116,116,105,107,106,73,98,104,105,82,58,74,70,81,97,78,65,113,118,108,108,103,116,106,102,95,92,110,92,100,83,98,107,124,95,107,104,106,103,99,92,114,96,97,107,82,96,109,108,67,134,129,123,115,136,152,107,118,122,79,90,95,97,61,120,122,99,116,111,,,,,,,,,,,,,,,,,,,,,,,,,,,,,,122,106,112,110,106,115,104,113,110,100,93,99,102,111,,90,104,102,102,91,101,93,92,90,82,104,96,90,88,86,104,84,108,102,82,101,95,114,113,113,111,98,90,119,113,111,118,105,111,118,110,98,86,95,106,97,103,95,107,92,99,98,96,104,95,104,115,94,101,107,113,101,112,113,108,118,116,124,130,104,124,89,97,113,119,89,102,105,103,100,56,93,106,108,82,120,75,100,133,113,110,115,139,123,132,117,93,111,119,122,105,,79,108,98,102,110,97,95,101,,93,113,105,94,131,120,104,120,125,136,99,98,81,93,100,102,101,104,,101,81,111,113,72,95,109,121,110,121,109,,109,,93,,101,126,112,120,120,118,104,142,109,117,114,112,114,115,123,121,111,105,103,115,103,98,109,103,,,,108,,
20260404,22,O3_8h_24h,117,96,105,86,90,106,111,110,121,118,102,113,109,109,103,84,93,86,89,113,118,126,103,105,106,118,127,122,119,114,103,119,113,87,120,106,107,123,113,106,114,79,83,87,120,101,98,87,111,94,105,107,104,47,36,40,51,36,46,50,49,62,116,96,114,127,97,106,99,62,106,109,100,106,106,110,103,101,101,86,86,111,89,111,111,119,105,112,116,89,95,113,109,102,101,95,60,84,102,102,63,51,66,62,72,94,67,63,107,109,104,104,96,111,106,86,81,71,107,78,92,72,91,92,102,89,100,97,98,95,90,78,104,82,82,108,69,83,109,99,65,124,117,112,108,127,149,86,108,119,73,76,84,88,52,120,118,96,111,100,,,,,,,,,,,,,,,,,,,,,,,,,,,,,,117,103,100,107,102,108,89,115,106,97,89,97,95,109,,89,99,99,84,72,100,85,86,84,79,104,90,86,86,81,76,66,92,94,73,93,95,99,104,105,99,82,73,111,109,102,113,100,94,106,102,78,69,91,98,78,100,87,98,72,92,93,91,88,90,96,108,83,98,103,107,97,103,104,93,111,107,122,121,94,122,82,82,112,119,81,101,99,94,85,44,93,104,98,75,118,72,91,128,98,96,93,137,117,120,110,66,106,98,115,93,,70,106,98,99,89,91,93,98,,89,113,101,92,121,117,104,117,124,120,98,99,74,93,100,100,98,102,,97,81,104,106,69,91,109,107,105,117,93,,102,,85,,95,122,109,112,110,109,,142,102,110,99,107,104,109,122,116,107,105,99,114,100,95,107,100,,,,106,,
20260404,22,CO,0.43,0.67,0.40,0.54,0.30,0.57,0.27,0.23,0.45,0.43,0.38,0.35,0.50,0.65,0.24,0.74,0.56,0.42,0.80,0.50,0.64,0.86,0.92,0.66,0.42,0.62,0.89,0.69,0.64,0.73,0.48,0.53,0.35,0.72,0.60,0.50,0.50,0.92,0.57,0.47,0.65,0.83,0.60,0.55,0.61,0.50,0.57,0.88,0.40,0.50,0.47,0.93,0.73,0.89,0.78,0.70,0.73,0.60,0.67,0.80,0.73,0.60,0.54,0.45,0.51,0.67,0.30,0.47,0.27,0.70,0.57,0.50,0.26,0.36,0.47,0.65,0.26,0.28,0.52,0.40,0.37,0.50,0.70,0.37,0.54,0.50,0.46,0.45,0.60,0.57,0.40,0.40,0.37,0.56,0.30,0.57,0.77,0.70,0.60,0.83,0.75,0.65,0.65,0.77,0.70,0.60,0.67,0.65,0.50,0.40,0.46,0.48,0.73,0.58,0.54,1.14,0.70,0.82,0.48,1.00,0.38,0.53,0.35,0.62,0.73,0.80,0.46,0.32,0.50,0.53,0.48,0.55,0.55,0.93,1.05,0.88,0.55,0.90,0.78,0.86,0.55,0.65,0.72,0.63,0.87,0.57,0.57,0.50,0.55,0.50,0.80,0.60,0.70,0.44,0.60,0.40,0.70,0.30,0.60,0.50,,,,,,,,,,,,,,,,,,,,,,,,,,,,,,0.32,0.30,0.65,0.37,0.27,0.65,0.65,0.33,0.27,0.23,0.50,0.20,0.35,0.35,,0.30,0.45,0.45,0.73,0.60,0.63,0.30,0.40,0.40,0.90,0.45,0.20,0.40,0.27,0.47,1.23,0.35,0.40,0.63,0.45,0.45,0.50,0.37,0.42,0.40,0.68,0.50,0.60,0.45,0.42,0.30,0.40,0.17,0.85,0.43,0.70,0.63,0.50,0.65,0.60,0.70,0.77,0.63,0.55,0.90,0.85,0.60,0.95,0.70,0.46,0.55,0.35,0.38,0.52,0.55,0.30,0.30,0.63,0.60,0.70,1.20,0.50,0.70,0.33,0.70,0.67,0.50,1.18,0.80,1.20,0.50,0.60,0.25,0.95,0.40,0.60,0.73,0.70,0.80,0.80,0.70,0.77,0.70,1.05,0.70,0.67,0.75,0.40,0.60,0.95,0.70,0.55,0.45,0.70,0.50,0.30,,0.40,0.45,0.43,0.53,0.55,0.60,0.40,0.35,,0.55,0.30,0.40,0.50,0.75,0.40,0.50,0.60,0.50,0.75,0.50,0.80,0.35,0.45,0.35,0.30,0.35,0.70,,0.40,0.45,0.43,0.40,0.50,0.45,0.25,0.70,0.40,0.25,0.55,,0.50,,0.55,,0.45,0.50,0.30,0.30,0.50,0.40,0.30,0.40,0.23,0.40,0.50,0.65,0.30,0.20,0.35,0.45,0.30,0.40,0.40,0.50,0.20,,0.30,0.30,,,,0.70,,
20260404,22,CO_24h,0.39,0.61,0.30,0.68,0.30,0.35,0.30,0.30,0.30,0.50,0.38,0.35,0.38,0.48,0.34,0.51,0.49,0.41,0.58,0.65,0.59,0.81,0.63,0.70,0.42,0.62,0.84,0.64,0.62,0.68,0.50,0.56,0.43,0.59,0.51,0.53,0.48,0.83,0.57,0.50,0.60,0.67,0.60,0.50,0.52,0.47,0.57,0.72,0.44,0.50,0.33,0.58,0.70,0.70,0.63,0.57,0.63,0.50,0.50,0.73,0.68,0.57,0.51,0.45,0.52,0.60,0.40,0.52,0.28,0.45,0.50,0.55,0.40,0.40,0.57,0.55,0.47,0.30,0.58,0.50,0.30,0.50,0.67,0.27,0.52,0.50,0.32,0.43,0.54,0.38,0.30,0.42,0.37,0.60,0.37,0.48,0.80,0.97,0.70,0.73,0.70,0.65,0.55,0.63,0.60,0.70,0.87,0.60,0.43,0.30,0.59,0.45,0.53,0.42,0.48,0.86,0.55,0.58,0.40,0.73,0.64,0.53,0.27,0.67,0.70,0.64,0.39,0.20,0.52,0.33,0.30,0.38,0.45,0.63,0.75,0.93,0.50,0.80,0.73,0.71,0.50,0.60,0.70,0.75,0.67,0.53,0.63,0.35,0.50,0.58,0.57,0.40,0.40,0.36,0.45,0.40,0.67,0.68,0.48,0.30,,,,,,,,,,,,,,,,,,,,,,,,,,,,,,0.30,0.20,0.70,0.30,0.27,0.40,0.43,0.43,0.33,0.57,0.57,0.20,0.40,0.40,,0.30,0.50,0.40,0.50,0.45,0.63,0.37,0.40,0.50,0.90,0.25,0.20,0.43,0.17,0.37,0.50,0.30,0.30,0.53,0.45,0.40,0.35,0.37,0.40,0.30,0.67,0.55,0.45,0.40,0.38,0.27,0.35,0.10,0.72,0.43,0.67,0.70,0.55,0.65,0.70,0.70,0.80,0.73,0.50,0.74,0.80,0.70,0.90,0.65,0.46,0.40,0.30,0.28,0.38,0.45,0.30,0.23,0.72,0.40,0.58,0.57,0.50,0.50,0.33,0.60,0.70,0.45,1.05,0.80,1.00,0.60,0.67,0.40,0.75,0.40,0.45,0.67,0.63,0.67,0.80,0.60,0.70,0.60,0.70,0.70,0.70,0.65,0.47,0.70,0.90,0.70,0.42,0.35,0.65,0.55,0.20,,0.25,0.45,0.43,0.53,0.55,0.55,0.35,0.50,,0.65,0.30,0.30,0.45,0.65,0.40,0.50,0.50,0.50,0.55,0.45,1.20,0.40,0.45,0.30,0.25,0.35,0.90,,0.40,0.40,0.43,0.47,0.50,0.40,0.50,0.35,0.40,0.35,0.40,,0.30,,0.55,,0.40,0.50,0.30,0.20,0.30,0.40,0.40,0.30,0.33,0.40,0.35,0.45,0.10,0.40,0.25,0.75,0.20,0.65,0.45,0.40,0.50,,0.30,0.55,,,,0.65,,
20260404,23,AQI,65,55,66,44,37,59,75,500,64,59,56,63,64,88,177,75,54,36,90,59,73,75,60,53,67,87,83,88,76,69,69,45,70,66,79,32,55,69,53,40,39,51,55,42,70,21,21,62,59,37,80,78,81,42,36,41,41,33,49,43,30,32,43,39,60,68,35,46,24,111,73,52,68,53,75,73,358,393,51,24,40,40,23,68,60,64,47,40,72,57,35,54,47,44,28,35,38,22,27,41,33,31,33,47,25,26,19,39,46,69,203,60,93,87,83,73,52,57,40,56,47,65,52,68,82,53,81,72,85,66,92,84,76,53,56,71,58,66,59,51,61,78,60,37,52,65,87,101,47,39,91,78,80,86,93,36,50,163,57,93,,,,,,,,,,,,,,,,,,,,,,,,,,,,,,82,76,19,64,119,105,99,70,60,141,38,24,500,145,,22,64,42,68,45,37,38,39,31,36,81,33,37,61,68,67,33,61,79,51,78,108,66,78,64,85,59,64,73,70,67,62,61,62,66,22,48,37,25,20,61,74,62,47,57,50,65,49,55,70,80,62,86,83,85,62,79,62,74,101,66,63,92,52,66,80,66,67,77,54,48,61,68,75,54,40,53,55,39,50,37,46,34,60,53,70,87,63,49,75,84,83,58,84,68,25,,42,31,34,33,49,55,31,29,,18,51,58,28,91,51,53,80,63,110,42,76,30,27,31,28,28,37,,30,24,71,109,84,80,165,75,69,60,83,,83,,70,,67,66,50,45,52,58,28,46,79,112,133,88,63,60,101,108,99,159,133,62,58,28,48,46,,,,48,,
20260404,23,PM2.5,33,30,24,26,26,22,38,77,33,37,37,23,22,30,36,55,38,25,67,36,36,55,29,29,29,41,50,49,46,47,41,29,35,43,58,19,32,50,32,26,27,25,29,17,27,6,11,34,13,23,31,48,31,26,23,29,29,23,34,30,21,17,30,24,30,43,14,28,6,54,39,22,32,19,31,32,56,54,36,17,28,28,10,38,21,20,19,13,33,35,14,20,16,19,16,13,20,12,19,29,15,22,23,33,14,3,11,16,28,24,57,20,37,28,40,53,31,39,28,40,33,47,35,33,37,30,29,18,32,23,37,30,43,35,32,28,31,48,42,30,32,43,40,23,36,31,53,45,28,22,47,32,31,32,42,14,18,96,31,44,,,,,,,,,,,,,,,,,,,,,,,,,,,,,,36,28,11,18,38,32,39,18,22,78,16,7,102,33,,6,28,27,48,26,26,22,27,22,24,60,23,26,44,44,44,14,44,58,27,57,81,22,25,26,32,21,34,47,27,34,31,17,24,37,8,24,20,14,5,44,14,19,28,28,14,19,26,29,21,29,18,37,37,26,20,30,16,35,34,16,31,41,17,23,33,31,46,55,28,19,36,35,37,30,22,37,39,26,35,20,23,24,43,30,37,30,24,27,28,48,40,28,48,39,10,,19,16,24,23,24,32,20,18,,10,33,30,12,68,36,33,59,45,83,26,56,21,11,11,13,6,26,,6,12,51,45,33,41,80,44,32,23,44,,51,,38,,38,23,13,25,21,25,3,8,29,56,64,44,34,28,40,55,55,121,55,31,24,3,19,15,,,,29,,
20260404,23,PM2.5_24h,28,35,19,35,21,19,36,18,23,44,47,32,18,16,24,25,27,27,46,39,22,39,28,27,26,37,31,30,36,33,32,33,31,14,22,15,15,31,27,12,25,13,17,11,21,6,12,22,20,17,17,32,23,15,20,26,16,22,23,20,19,13,18,20,24,37,16,20,7,38,39,35,29,18,20,22,32,19,25,17,20,24,10,18,31,22,19,23,17,20,13,17,21,17,19,15,13,29,33,27,9,21,12,23,7,18,25,23,26,19,17,14,20,15,24,35,24,27,20,34,60,43,26,27,30,17,15,16,18,14,21,20,27,24,16,19,19,19,34,18,21,38,28,19,15,28,45,32,23,18,37,32,21,29,37,22,17,33,11,26,,,,,,,,,,,,,,,,,,,,,,,,,,,,,,25,21,9,8,15,16,21,13,14,39,22,9,25,23,,9,24,14,30,22,17,25,22,17,20,50,20,22,40,26,34,9,32,36,14,39,32,19,21,21,31,23,16,28,20,24,22,13,22,23,7,14,10,10,9,28,21,17,18,17,13,18,20,18,15,12,18,20,27,20,22,26,27,28,30,26,28,30,35,22,27,27,26,23,20,20,23,20,20,20,16,24,24,20,35,15,14,17,18,18,38,31,27,22,26,33,25,27,31,33,9,,8,12,17,19,16,26,20,20,,14,30,22,8,54,35,26,46,40,67,21,49,20,10,6,4,5,19,,4,5,39,26,32,50,42,33,50,31,42,,38,,47,,24,31,15,17,18,17,4,20,29,45,33,29,11,16,20,49,43,78,47,16,8,2,13,25,,,,38,,
20260404,23,PM10,80,60,81,44,37,67,99,605,78,68,62,75,78,126,303,75,47,31,79,67,96,94,70,55,83,123,115,125,102,87,87,45,90,82,80,32,60,76,55,40,38,52,59,42,90,21,14,74,68,37,110,105,111,42,36,36,31,31,41,43,30,32,41,39,69,86,35,46,17,172,96,54,86,55,99,96,466,494,51,24,30,28,16,86,69,77,47,40,94,64,35,57,47,44,28,35,38,16,26,41,33,,30,43,25,,15,39,46,88,352,69,136,123,115,73,54,64,40,49,47,51,53,85,113,56,112,93,120,81,134,118,101,56,61,92,66,62,50,52,72,106,70,37,54,79,124,152,47,39,131,106,109,121,136,19,50,275,64,135,,,,,,,,,,,,,,,,,,,,,,,,,,,,,,114,102,18,77,188,160,147,90,69,232,38,24,792,240,,17,78,42,86,45,34,38,39,31,36,66,30,24,50,85,83,33,43,86,51,71,99,81,105,78,120,68,77,95,90,83,73,71,74,81,21,48,37,21,12,62,97,74,47,63,50,79,49,59,89,110,74,122,116,119,73,107,74,98,152,82,75,134,54,81,109,82,83,104,58,48,72,86,100,58,40,40,58,39,50,37,46,32,65,56,90,123,76,49,99,117,115,65,118,85,25,,42,25,32,29,49,59,31,29,,17,52,66,28,115,41,55,91,76,120,42,101,28,22,14,28,18,36,,9,,91,167,117,109,280,99,87,69,115,,116,,90,,84,81,50,45,53,65,11,30,107,174,215,126,75,69,151,165,147,207,215,73,65,8,48,46,,,,48,,
20260404,23,PM10_24h,70,82,73,76,41,58,87,111,51,86,75,78,67,75,121,41,37,32,55,55,66,55,63,51,83,82,75,70,65,69,76,52,61,28,36,23,26,42,39,20,31,26,28,25,59,16,14,35,59,35,83,61,52,24,30,33,25,29,32,29,28,24,29,30,46,88,33,34,14,174,127,104,107,51,48,44,122,110,38,27,27,29,15,54,71,79,43,50,76,41,39,58,62,42,36,31,21,37,39,39,16,27,16,35,12,30,39,42,41,82,80,67,94,71,46,46,36,42,30,41,91,49,43,52,62,36,91,75,75,69,119,112,82,38,29,46,46,34,50,31,38,93,49,33,24,66,113,91,37,28,155,127,83,133,156,114,53,110,40,102,,,,,,,,,,,,,,,,,,,,,,,,,,,,,,88,89,14,77,72,84,115,48,74,139,41,20,129,114,,36,96,26,41,33,25,35,36,24,28,55,29,34,43,39,41,24,32,41,31,47,46,68,68,71,84,48,53,61,76,72,44,71,46,51,16,29,21,21,17,39,44,44,26,30,30,46,33,35,73,69,70,95,132,105,78,134,68,119,91,66,86,85,64,49,80,67,45,59,26,50,37,46,54,36,23,35,39,30,53,27,30,29,35,32,94,92,54,64,84,84,78,74,72,64,24,,24,21,25,25,29,40,26,28,,20,44,53,16,97,44,39,63,53,89,31,73,29,20,16,20,18,29,,9,10,107,88,109,181,150,95,158,97,123,,115,,120,,60,106,34,44,46,42,17,50,112,163,127,87,32,41,91,145,138,222,196,69,51,13,37,70,,,,53,,
20260404,23,SO2,4,8,3,4,6,7,5,2,5,5,8,8,7,9,5,9,6,7,8,5,7,5,4,8,9,11,7,8,5,9,7,7,7,7,5,5,7,6,5,7,6,4,5,4,6,4,4,7,6,6,7,10,6,5,5,4,6,3,8,5,5,9,8,6,10,5,5,4,5,5,7,12,5,8,5,7,5,6,8,6,5,10,5,24,11,8,12,11,10,7,6,5,10,8,7,10,6,6,5,6,7,6,6,9,6,3,5,8,6,6,5,12,12,9,9,10,10,7,10,6,6,5,8,7,8,6,11,5,7,11,8,14,7,7,8,12,10,5,8,12,4,6,7,5,9,9,6,6,13,4,6,3,3,5,6,8,10,9,5,9,,,,,,,,,,,,,,,,,,,,,,,,,,,,,,7,2,6,6,4,38,9,6,6,9,8,5,8,5,,6,8,12,7,9,8,5,6,7,8,2,5,6,6,10,8,4,5,7,8,7,12,6,9,8,7,10,4,8,7,5,5,7,5,5,3,3,3,7,5,4,8,9,6,4,13,8,6,9,9,9,3,7,9,6,4,5,11,7,13,16,7,8,8,6,11,7,7,14,8,20,9,5,5,4,6,9,7,12,11,24,9,6,36,5,2,7,9,4,13,7,5,7,8,4,5,,6,9,4,12,4,11,4,3,,7,6,7,7,7,11,7,5,5,9,5,6,7,6,6,9,6,8,,7,6,5,4,4,6,4,13,12,4,8,,8,,8,,5,20,9,10,15,9,5,14,4,8,6,4,9,6,4,6,6,5,2,8,5,5,11,8,,,,8,,
20260404,23,SO2_24h,3,7,3,9,7,5,3,4,5,4,6,6,5,10,8,8,6,7,9,6,7,6,4,9,9,6,6,7,5,9,7,7,6,6,5,5,7,6,5,6,6,6,6,5,6,4,3,8,6,7,4,8,6,6,5,5,8,5,7,5,5,9,6,7,9,5,8,5,8,6,9,12,10,8,5,7,8,5,8,6,5,14,4,10,8,6,10,9,9,6,4,3,5,8,5,7,8,7,7,7,7,6,6,7,6,6,5,9,5,6,11,13,7,8,9,10,9,8,8,7,8,5,7,7,10,6,11,3,8,9,7,14,6,9,7,13,9,6,9,11,4,7,9,11,10,9,5,7,12,6,6,3,3,6,8,6,24,17,5,10,,,,,,,,,,,,,,,,,,,,,,,,,,,,,,6,2,5,5,5,16,8,8,7,26,7,5,8,6,,6,8,8,6,9,8,3,5,7,7,2,5,7,6,9,7,4,5,7,7,6,9,7,9,7,9,6,4,8,7,5,5,7,4,5,3,5,4,6,5,10,9,5,10,4,8,10,6,15,6,8,3,6,6,6,4,5,11,8,11,10,7,5,7,6,6,7,8,9,6,8,6,6,6,4,7,8,5,10,9,13,5,7,14,5,9,9,8,4,9,8,5,7,8,9,5,,6,9,5,13,4,11,5,4,,5,6,7,8,7,10,6,6,9,10,6,6,7,6,5,9,7,6,,8,6,6,9,8,7,16,13,11,5,9,,5,,8,,5,11,7,10,12,10,6,14,6,9,4,4,9,7,4,5,15,4,10,7,6,5,10,10,,,,8,,
20260404,23,NO2,21,44,21,12,12,17,34,4,19,30,25,19,17,24,2,61,25,17,48,17,30,26,13,25,26,40,43,49,43,12,54,16,30,34,19,31,24,45,15,21,33,25,41,21,31,22,21,62,23,18,18,49,26,44,32,30,36,32,41,33,20,34,22,14,27,46,18,11,17,64,56,15,14,50,26,27,5,9,21,10,17,13,16,30,21,17,36,17,27,41,16,15,18,28,16,22,25,12,10,13,25,11,23,22,19,5,15,26,11,21,5,14,24,18,10,29,21,37,21,20,9,36,13,38,57,44,26,15,24,22,28,31,25,56,48,16,16,28,8,33,13,30,29,11,23,13,22,39,21,8,56,27,54,24,97,3,30,4,36,46,,,,,,,,,,,,,,,,,,,,,,,,,,,,,,15,14,26,22,6,20,32,15,43,5,10,6,4,5,,6,7,17,40,30,16,23,10,19,15,16,11,8,14,22,39,15,43,31,19,21,21,26,34,24,30,14,11,24,18,26,13,12,26,26,14,21,16,10,13,20,11,35,36,44,21,17,15,36,21,28,18,21,20,21,15,12,21,20,24,18,15,15,17,16,19,8,35,25,9,15,21,16,47,11,37,21,15,15,24,15,15,16,11,20,43,33,17,17,39,15,55,10,33,21,13,,38,5,8,7,18,16,4,14,,7,6,15,7,18,11,5,11,8,20,7,13,8,6,4,1,5,29,,5,2,25,27,23,23,4,49,14,19,40,,25,,26,,24,14,1,3,18,11,6,2,14,14,74,39,51,71,44,43,27,52,24,25,11,2,28,11,,,,9,,
20260404,23,NO2_24h,17,22,14,15,14,13,18,9,15,15,17,16,13,22,21,19,14,16,27,20,18,21,16,22,19,21,24,22,28,16,22,14,16,18,17,25,17,15,14,18,13,15,14,19,19,18,17,26,15,17,13,25,25,23,21,17,23,25,28,24,17,20,12,9,22,30,13,18,13,40,26,11,23,28,18,21,29,15,13,13,15,15,15,15,15,14,15,16,15,18,10,13,12,20,12,13,16,22,13,11,13,11,12,11,13,15,21,20,13,15,18,18,18,30,14,20,15,15,14,14,22,17,16,25,24,22,23,11,19,15,14,21,20,22,17,16,12,14,11,17,10,26,18,13,16,16,30,27,14,12,31,22,22,16,44,4,16,18,10,19,,,,,,,,,,,,,,,,,,,,,,,,,,,,,,11,14,20,16,16,18,22,21,24,18,14,7,11,17,,6,7,15,17,11,15,12,9,11,11,16,14,11,12,12,18,8,12,15,12,15,11,20,16,15,16,17,8,13,13,16,12,10,18,12,12,11,10,9,22,17,13,18,13,18,17,14,10,15,15,14,17,18,16,17,13,10,14,16,17,15,15,11,14,8,19,10,15,16,11,12,18,13,19,8,16,15,12,13,21,11,13,10,9,10,30,27,19,27,36,17,30,10,21,19,6,,18,8,9,7,14,12,5,10,,7,7,11,8,14,9,13,9,8,15,9,18,11,8,7,4,9,14,,4,5,18,36,16,17,18,29,9,14,21,,17,,18,,16,8,2,2,9,3,15,3,17,23,21,18,11,26,12,33,12,38,19,17,8,5,14,23,,,,9,,
20260404,23,O3,83,50,69,47,88,83,67,103,100,61,69,87,81,78,102,35,65,75,58,95,81,71,83,84,76,78,58,64,67,75,51,103,85,42,105,76,68,54,100,87,74,37,26,36,79,61,66,22,96,92,84,61,74,12,15,21,24,21,22,21,26,32,65,43,69,57,61,93,76,14,40,90,82,51,75,73,102,90,89,77,74,95,72,84,88,93,51,94,84,48,78,93,93,99,81,73,15,69,64,71,23,41,28,49,41,83,60,41,100,77,92,92,67,87,121,64,58,27,88,51,81,34,83,62,37,47,71,75,71,67,55,41,60,25,29,91,47,25,94,49,65,72,73,90,78,102,100,50,68,90,20,46,5,49,9,114,79,91,59,43,,,,,,,,,,,,,,,,,,,,,,,,,,,,,,88,85,62,82,82,73,55,96,55,80,83,76,93,106,,69,94,93,47,34,86,66,64,45,56,115,84,75,71,56,41,43,39,63,43,85,90,91,70,79,37,67,30,87,95,74,86,82,45,58,69,28,28,79,64,24,78,46,37,13,49,71,56,31,69,61,83,73,77,76,86,87,53,66,68,67,77,106,68,48,100,42,29,83,111,35,78,67,18,38,9,94,86,63,31,88,41,40,100,39,38,56,118,87,62,86,11,79,38,78,48,,33,99,94,84,45,58,79,61,,59,95,88,89,89,87,108,105,94,78,100,69,49,87,98,91,88,64,,97,78,53,59,34,44,105,44,82,87,37,,73,,47,,56,98,101,81,72,72,88,146,66,86,17,57,40,23,67,69,70,43,76,78,74,88,65,76,,,,88,,
20260404,23,O3_24h,83,50,69,47,88,83,67,103,100,61,69,87,81,78,102,35,65,75,58,95,81,71,83,84,76,78,58,64,67,75,51,103,85,42,105,76,68,54,100,87,74,37,26,36,79,61,66,22,96,92,84,61,74,12,15,21,24,21,22,21,26,32,65,43,69,57,61,93,76,14,40,90,82,51,75,73,102,90,89,77,74,95,72,84,88,93,51,94,84,48,78,93,93,99,81,73,15,69,64,71,23,41,28,49,41,83,60,41,100,77,92,92,67,87,121,64,58,27,88,51,81,34,83,62,37,47,71,75,71,67,55,41,60,25,29,91,47,25,94,49,65,72,73,90,78,102,100,50,68,90,20,46,5,49,9,114,79,91,59,43,,,,,,,,,,,,,,,,,,,,,,,,,,,,,,88,85,62,82,82,73,55,96,55,80,83,76,93,106,,69,94,93,47,34,86,66,64,45,56,115,84,75,71,56,41,43,39,63,43,85,90,91,70,79,37,67,30,87,95,74,86,82,45,58,69,28,28,79,64,24,78,46,37,13,49,71,56,31,69,61,83,73,77,76,86,87,53,66,68,67,77,106,68,48,100,42,29,83,111,35,78,67,18,38,9,94,86,63,31,88,41,40,100,39,38,56,118,87,62,86,11,79,38,78,48,,33,99,94,84,45,58,79,61,,59,95,88,89,89,87,108,105,94,78,100,69,49,87,98,91,88,64,,97,78,53,59,34,44,105,44,82,87,37,,73,,47,,56,98,101,81,72,72,88,146,66,86,17,57,40,23,67,69,70,43,76,78,74,88,65,76,,,,88,,
20260404,23,O3_8h,122,109,112,102,94,113,119,110,121,128,110,116,118,117,104,101,102,94,93,123,129,138,115,112,116,126,137,137,132,123,116,119,123,107,125,110,116,132,126,114,123,103,99,103,128,110,108,93,113,103,110,115,112,63,46,48,59,40,50,60,56,72,124,104,124,139,107,113,100,69,118,114,106,110,110,114,108,111,104,90,94,113,95,115,114,122,116,119,124,102,103,116,116,105,107,106,73,98,104,105,82,58,74,70,81,97,78,65,113,118,108,108,103,116,109,102,95,92,110,92,100,83,98,107,124,95,107,104,106,103,99,92,114,96,97,107,82,96,109,108,67,134,129,123,115,136,152,107,118,122,79,90,95,97,61,120,122,99,116,111,,,,,,,,,,,,,,,,,,,,,,,,,,,,,,122,106,112,110,106,115,104,113,110,100,93,99,102,111,,90,104,102,102,91,101,93,92,90,82,106,96,90,88,86,104,84,108,102,82,101,97,114,113,113,111,98,90,119,113,111,118,105,111,118,110,98,86,95,106,97,103,95,107,92,99,98,96,104,95,104,115,94,101,107,113,101,112,113,108,118,116,124,130,104,124,89,97,113,119,89,102,105,103,100,56,94,106,108,82,120,75,100,133,113,110,115,139,123,132,117,93,111,119,122,105,,79,108,98,102,110,97,95,101,,93,113,105,94,131,120,105,120,125,136,99,94,81,93,100,102,101,104,,101,81,111,113,72,95,109,121,110,121,109,,109,,93,,101,126,112,120,120,118,104,144,109,117,114,112,114,115,123,121,111,105,103,115,103,98,109,103,,,,108,,
20260404,23,O3_8h_24h,112,88,99,79,89,102,104,108,120,110,96,108,104,103,101,75,88,83,85,108,111,116,97,101,101,111,116,112,109,108,94,116,107,78,116,101,100,113,110,101,107,69,74,77,113,94,90,78,108,93,101,99,99,41,32,36,47,34,42,46,46,57,108,87,107,116,90,103,95,55,96,105,96,98,102,105,102,98,100,84,83,108,85,108,108,115,96,108,111,81,90,110,106,101,97,90,52,80,98,97,54,47,62,56,67,90,64,59,106,104,102,101,91,108,109,80,77,62,103,73,89,67,89,85,90,82,95,93,93,90,85,70,97,73,73,106,64,73,107,91,66,115,109,107,103,122,142,78,102,114,66,69,72,81,47,120,113,95,104,91,,,,,,,,,,,,,,,,,,,,,,,,,,,,,,112,100,92,103,99,102,83,114,99,94,87,95,94,108,,85,97,97,77,64,98,81,82,78,76,106,88,84,83,77,67,61,84,89,68,90,96,96,98,100,89,77,66,107,107,97,109,96,84,98,96,69,61,88,91,68,95,81,89,61,86,90,86,78,87,90,104,80,95,98,103,94,96,98,87,105,102,118,113,86,119,74,72,107,118,72,99,93,82,77,38,93,102,92,67,114,67,83,125,89,86,85,135,112,110,106,53,102,88,109,86,,64,105,98,96,81,86,91,92,,85,110,99,91,116,113,105,116,120,111,99,93,69,93,100,99,96,98,,96,81,96,99,66,88,108,96,101,113,84,,97,,78,,89,117,108,106,105,103,,144,96,106,87,101,94,98,116,109,102,97,95,109,96,94,102,95,,,,103,,
20260404,23,CO,0.47,0.71,0.42,0.56,0.30,0.45,0.27,0.27,0.45,0.47,0.35,0.33,0.57,0.60,0.22,0.81,0.59,0.42,0.87,0.50,0.64,0.79,0.70,0.57,0.42,0.64,0.91,0.70,0.64,0.72,0.50,0.70,0.38,0.73,0.60,0.50,0.50,0.92,0.50,0.47,0.55,0.83,0.60,0.50,0.59,0.47,0.57,0.95,0.43,0.49,0.48,0.93,0.64,0.90,0.79,0.70,0.73,0.60,0.67,0.83,0.75,0.60,0.54,0.50,0.53,0.70,0.30,0.48,0.30,0.77,0.60,0.45,0.24,0.54,0.45,0.62,0.27,0.32,0.60,0.40,0.33,0.50,0.63,0.39,0.54,0.53,0.50,0.43,0.70,0.58,0.33,0.40,0.37,0.62,0.33,0.63,0.77,0.73,0.60,0.83,0.70,0.70,0.65,0.83,0.70,0.60,0.70,0.65,0.53,0.40,0.41,0.48,0.90,0.50,0.48,1.08,0.65,0.80,0.50,0.85,0.38,0.57,0.37,0.58,0.83,0.78,0.47,0.30,0.50,0.53,0.50,0.50,0.55,0.87,0.93,0.85,0.50,0.97,0.77,0.87,0.55,0.63,0.78,0.57,0.83,0.50,0.60,0.35,0.55,0.50,0.77,0.50,0.70,0.44,0.60,0.40,0.50,0.26,0.78,0.30,,,,,,,,,,,,,,,,,,,,,,,,,,,,,,0.38,0.30,0.65,0.33,0.27,0.75,0.67,0.33,0.30,0.23,0.50,0.20,0.40,0.35,,0.30,0.45,0.50,0.80,0.45,0.67,0.33,0.50,0.40,0.85,0.40,0.20,0.40,0.27,0.57,1.07,0.35,0.55,0.63,0.50,0.50,0.55,0.37,0.42,0.40,0.63,0.57,0.50,0.50,0.40,0.27,0.43,0.20,0.90,0.43,0.70,0.60,0.50,0.65,0.60,0.70,0.77,0.70,0.60,0.84,0.85,0.60,0.90,0.75,0.54,0.55,0.35,0.40,0.48,0.50,0.30,0.30,0.70,0.60,0.66,0.93,0.50,0.80,0.30,0.70,0.67,0.50,1.17,0.90,1.10,0.60,0.60,0.25,1.05,0.40,0.55,0.77,0.68,0.80,0.77,0.80,0.73,0.70,0.80,0.70,0.63,0.65,0.40,0.60,0.95,0.70,0.43,0.40,0.70,0.55,0.30,,0.30,0.35,0.40,0.53,0.50,0.65,0.40,0.45,,0.65,0.30,0.40,0.50,0.85,0.45,0.50,0.60,0.60,0.65,0.50,0.80,0.35,0.45,0.30,0.30,0.30,1.10,,0.40,0.50,0.47,0.43,0.50,0.40,0.25,0.55,0.40,0.30,0.55,,0.45,,0.60,,0.45,0.50,0.40,0.20,0.20,0.60,0.30,0.30,0.30,0.25,0.70,0.55,0.40,0.60,0.35,0.55,0.20,0.65,0.50,0.55,0.20,,0.40,0.35,,,,0.70,,
20260404,23,CO_24h,0.42,0.61,0.32,0.68,0.30,0.35,0.30,0.30,0.35,0.50,0.40,0.35,0.38,0.52,0.34,0.51,0.49,0.41,0.62,0.64,0.59,0.81,0.65,0.70,0.42,0.62,0.84,0.64,0.64,0.68,0.50,0.60,0.43,0.60,0.51,0.50,0.48,0.83,0.57,0.50,0.60,0.70,0.60,0.50,0.52,0.47,0.57,0.73,0.44,0.50,0.34,0.58,0.69,0.72,0.64,0.57,0.63,0.50,0.53,0.73,0.68,0.57,0.51,0.45,0.51,0.60,0.40,0.52,0.28,0.46,0.50,0.55,0.40,0.39,0.55,0.55,0.46,0.28,0.56,0.50,0.30,0.50,0.67,0.27,0.52,0.53,0.34,0.45,0.54,0.38,0.30,0.42,0.38,0.60,0.37,0.48,0.80,0.97,0.70,0.73,0.70,0.65,0.55,0.63,0.60,0.70,0.87,0.60,0.43,0.30,0.57,0.45,0.53,0.44,0.48,0.86,0.55,0.58,0.42,0.72,0.62,0.53,0.27,0.67,0.73,0.64,0.39,0.20,0.52,0.33,0.32,0.38,0.45,0.63,0.80,0.93,0.50,0.80,0.78,0.71,0.50,0.60,0.70,0.75,0.70,0.53,0.63,0.35,0.50,0.58,0.57,0.40,0.45,0.36,0.45,0.40,0.67,0.68,0.48,0.30,,,,,,,,,,,,,,,,,,,,,,,,,,,,,,0.30,0.20,0.70,0.30,0.27,0.40,0.43,0.43,0.30,0.57,0.53,0.20,0.40,0.40,,0.30,0.45,0.43,0.50,0.45,0.67,0.37,0.40,0.50,0.90,0.30,0.20,0.43,0.17,0.37,0.57,0.30,0.35,0.53,0.45,0.40,0.35,0.37,0.40,0.30,0.65,0.55,0.45,0.40,0.38,0.27,0.35,0.10,0.72,0.43,0.67,0.70,0.50,0.65,0.70,0.67,0.83,0.73,0.50,0.74,0.80,0.70,0.90,0.65,0.46,0.40,0.30,0.28,0.38,0.45,0.30,0.23,0.70,0.43,0.60,0.57,0.50,0.50,0.33,0.60,0.70,0.45,1.07,0.80,1.00,0.55,0.67,0.35,0.75,0.40,0.40,0.67,0.65,0.70,0.80,0.60,0.70,0.60,0.70,0.70,0.70,0.65,0.47,0.70,0.90,0.70,0.42,0.35,0.65,0.55,0.20,,0.25,0.45,0.43,0.53,0.55,0.55,0.35,0.45,,0.65,0.30,0.30,0.45,0.65,0.40,0.50,0.50,0.50,0.55,0.45,1.20,0.40,0.45,0.30,0.25,0.35,0.90,,0.40,0.40,0.40,0.47,0.50,0.40,0.50,0.35,0.30,0.35,0.40,,0.35,,0.55,,0.40,0.50,0.30,0.20,0.30,0.40,0.40,0.40,0.33,0.40,0.35,0.40,0.10,0.40,0.25,0.70,0.20,0.65,0.45,0.40,0.50,,0.30,0.55,,,,0.65,,