date,hour,type,北京,天津,石家庄,唐山,秦皇岛,邯郸,保定,张家口,承德,廊坊,沧州,衡水,邢台,太原,呼和浩特,沈阳,大连,长春,哈尔滨,上海,南京,苏州,南通,连云港,徐州,扬州,无锡,常州,镇江,泰州,淮安,盐城,宿迁,杭州,宁波,温州,绍兴,湖州,嘉兴,台州,舟山,金华,衢州,丽水,合肥,福州,厦门,南昌,济南,青岛,郑州,武汉,长沙,广州,深圳,珠海,佛山,中山,江门,东莞,惠州,肇庆,南宁,海口,重庆,成都,贵阳,昆明,拉萨,西安,兰州,西宁,银川,乌鲁木齐,湘潭,株洲,包头,鄂尔多斯,营口,丹东,盘锦,葫芦岛,泉州,临沂,德州,聊城,滨州,淄博,枣庄,烟台,潍坊,济宁,泰安,日照,威海,东营,韶关,汕头,湛江,茂名,梅州,汕尾,河源,阳江,清远,潮州,揭阳,云浮,玉溪,菏泽,大同,长治,临汾,阳泉,赤峰,鞍山,抚顺,本溪,锦州,吉林,齐齐哈尔,牡丹江,大庆,芜湖,马鞍山,九江,洛阳,安阳,开封,焦作,平顶山,三门峡,宜昌,荆州,岳阳,常德,张家界,桂林,北海,柳州,三亚,绵阳,宜宾,攀枝花,泸州,自贡,德阳,南充,遵义,曲靖,咸阳,铜川,延安,宝鸡,渭南,金昌,嘉峪关,石嘴山,克拉玛依,巴音郭楞州,寿光,章丘,即墨,胶南,胶州,莱西,平度,蓬莱,招远,莱州,荣成,文登,乳山,吴江,昆山,常熟,张家港,太仓,句容,江阴,宜兴,金坛,溧阳,海门,临安,富阳,义乌,诸暨,瓦房店,信阳,周口,漳州,晋城,朔州,晋中,运城,忻州,吕梁,乌海,通辽,呼伦贝尔,巴彦淖尔,乌兰察布,兴安盟,锡林郭勒盟,阿拉善盟,阜新,辽阳,铁岭,朝阳,四平,辽源,通化,白山,松原,白城,延边朝鲜族自治州,鸡西,鹤岗,双鸭山,伊春,佳木斯,七台河,黑河,绥化,大兴安岭地区,蚌埠,淮南,淮北,铜陵,安庆,黄山,滁州,阜阳,宿州,六安,亳州,池州,宣城,莆田,三明,南平,龙岩,宁德,景德镇,萍乡,新余,鹰潭,赣州,吉安,宜春,抚州,上饶,鹤壁,新乡,濮阳,许昌,漯河,南阳,商丘,驻马店,黄石,十堰,襄阳,鄂州,荆门,孝感,黄冈,咸宁,随州,恩施土家族苗族自治州,衡阳,邵阳,益阳,郴州,永州,怀化,娄底,湘西州,梧州,防城港,钦州,贵港,玉林,百色,贺州,河池,来宾,崇左,广元,遂宁,内江,乐山,眉山,广安,达州,雅安,巴中,资阳,阿坝藏族羌族自治州,甘孜州,甘孜藏族自治州,凉山彝族自治州,六盘水,安顺,铜仁地区,毕节,黔西南布依族苗族自治州,黔东南苗族侗族自治州,黔东南州,黔南布依族苗族自治州,保山,昭通,丽江,普洱,临沧,楚雄州,红河州,文山州,西双版纳州,大理州,德宏州,怒江州,迪庆州,昌都,山南,日喀则,那曲地区,那曲,阿里地区,林芝,汉中,榆林,安康,商洛,白银,天水,武威,张掖,平凉,酒泉,庆阳,定西,陇南,临夏回族自治州,甘南州,海东地区,海北藏族自治州,黄南藏族自治州,海南藏族自治州,果洛藏族自治州,玉树藏族自治州,海西蒙古族藏族自治州,吴忠,中卫,固原,吐鲁番地区,哈密地区,昌吉州,博尔塔拉蒙古自治州,阿克苏地区,克孜勒苏柯尔克孜自治州,喀什地区,和田地区,伊犁哈萨克州,塔城地区,阿勒泰地区,石河子,五家渠,三沙,兰州新区,赣江新区,儋州,雄安新区,西咸新区
20260618,0,AQI,23,74,58,71,58,45,64,25,31,43,60,66,75,70,37,60,39,29,27,58,32,85,26,16,31,21,40,47,23,26,30,23,34,64,49,20,53,64,53,16,29,50,38,14,40,12,11,21,51,20,41,49,48,14,16,16,18,16,19,14,15,13,26,32,23,26,22,21,42,24,39,29,43,29,52,48,48,38,64,28,83,50,21,31,59,42,40,59,31,25,36,38,40,29,28,41,14,13,24,14,13,17,12,20,13,12,20,12,15,48,29,63,62,63,39,55,36,41,65,34,31,23,35,36,51,37,41,52,44,40,57,36,65,51,39,70,50,19,35,17,24,33,17,51,18,28,40,18,41,13,45,42,36,46,22,51,26,76,25,72,,,,,,,,,,,,,,,,,,,,,,,,,,,,,,43,42,18,49,47,79,40,66,58,60,31,38,47,29,,25,41,51,39,49,33,37,25,20,24,25,44,33,40,21,18,16,21,26,32,30,20,35,25,43,45,41,29,34,55,30,37,44,35,36,31,14,11,13,10,44,51,34,29,13,23,34,34,30,51,47,47,43,42,50,44,50,47,33,65,53,61,54,53,41,52,39,32,66,43,14,50,46,65,47,14,33,23,29,26,33,13,13,22,14,35,20,18,18,34,24,22,33,22,22,27,,14,20,11,20,39,13,15,20,,9,18,21,14,35,26,25,13,23,31,14,22,28,18,38,35,36,37,,48,18,22,41,18,24,32,31,40,51,44,,47,,43,,34,36,22,29,31,26,29,28,65,39,23,88,141,31,25,83,44,51,158,49,26,31,51,43,,,,27,,
20260618,0,PM2.5,12,54,41,52,34,25,46,13,16,28,42,40,55,51,18,43,27,20,10,41,15,63,18,9,18,13,28,30,16,18,18,7,24,46,28,7,35,46,37,4,19,26,21,4,18,5,7,15,32,14,23,34,33,7,5,5,10,8,13,6,7,6,12,17,13,18,12,9,6,8,20,20,15,11,36,32,24,16,46,17,61,33,15,22,42,16,28,41,17,12,17,14,25,16,16,29,4,8,15,9,9,6,8,14,8,7,14,3,8,21,12,29,31,45,27,39,25,29,47,24,12,13,20,23,27,24,22,28,31,21,28,19,47,32,27,51,35,9,23,6,12,23,12,19,6,15,28,12,29,5,29,28,16,32,12,30,15,20,13,39,,,,,,,,,,,,,,,,,,,,,,,,,,,,,,29,24,12,12,23,58,14,48,23,19,15,18,22,12,,9,10,36,27,34,23,26,15,8,13,16,31,23,28,15,11,11,11,18,19,21,11,23,12,12,29,28,20,24,26,14,15,19,24,25,9,3,3,6,5,31,25,16,18,3,6,20,11,15,32,23,26,27,25,26,16,27,22,23,47,29,44,33,37,29,32,24,21,48,30,3,35,32,47,33,5,14,13,14,18,19,3,6,8,9,12,10,6,8,14,11,11,23,12,12,7,,3,8,5,14,16,5,3,14,,6,10,6,4,14,13,14,8,16,12,6,15,16,7,3,6,3,13,,3,3,15,27,6,17,15,22,22,28,18,,26,,23,,8,19,11,11,19,10,3,7,25,27,11,44,59,12,8,45,17,24,50,21,3,7,16,12,,,,15,,
20260618,0,PM2.5_24h,11,23,33,23,20,23,18,13,13,16,32,25,33,33,9,19,24,13,16,28,15,25,9,10,17,12,22,17,15,11,19,7,26,38,26,10,34,28,24,9,16,25,24,10,20,6,6,17,19,14,24,30,27,6,4,5,7,4,5,4,6,9,11,13,23,22,15,7,8,24,23,17,16,13,29,29,11,20,31,24,23,25,8,19,22,16,26,29,17,16,16,16,25,14,12,24,5,6,10,9,5,4,8,7,9,9,8,5,5,16,13,22,25,40,8,31,19,22,29,20,16,16,19,20,21,20,25,25,25,23,26,24,36,38,24,36,29,20,11,12,11,27,14,14,11,12,29,21,27,10,32,29,23,27,23,25,26,18,10,40,,,,,,,,,,,,,,,,,,,,,,,,,,,,,,26,21,4,19,20,37,17,29,22,12,12,14,12,9,,5,10,12,28,15,15,15,12,15,17,15,23,19,18,14,11,11,13,12,14,17,12,16,19,15,21,20,11,24,20,16,19,15,19,22,5,8,6,4,16,14,28,27,23,14,21,28,25,17,33,22,19,22,22,21,18,21,23,24,38,25,40,29,27,25,25,24,26,35,31,28,35,24,34,26,8,9,9,11,13,14,11,16,7,6,28,15,12,14,16,18,15,19,24,18,7,,4,19,8,15,18,16,8,22,,17,12,10,5,11,10,6,8,10,9,5,10,10,7,4,4,2,9,,3,6,23,24,17,25,17,20,25,60,22,,22,,23,,19,18,10,12,15,8,3,10,22,26,18,38,71,12,7,20,13,17,81,19,8,3,6,18,,,,14,,
20260618,0,PM10,22,81,65,75,65,45,66,25,31,43,69,81,66,77,37,58,36,21,27,56,32,77,13,14,31,21,40,47,21,21,30,11,30,54,49,20,56,53,44,16,29,50,38,14,40,12,10,21,52,13,37,49,48,14,16,9,18,16,18,14,15,13,26,32,23,22,22,21,12,17,39,27,43,29,53,48,48,38,61,28,,50,17,28,64,42,39,68,31,25,36,38,40,29,16,30,14,13,24,14,11,17,12,20,13,8,20,12,15,48,21,43,73,73,39,50,29,39,68,32,31,23,35,36,51,37,41,53,42,40,64,36,66,52,37,46,37,19,35,17,24,31,15,51,18,28,30,16,35,13,45,42,36,35,21,51,23,102,25,93,,,,,,,,,,,,,,,,,,,,,,,,,,,,,,43,42,18,45,47,71,32,61,66,69,31,38,47,23,,17,26,,33,36,32,36,25,20,24,25,,28,30,17,18,15,15,20,32,29,20,35,22,43,45,41,23,27,59,30,19,44,35,32,31,6,11,13,7,35,51,34,29,10,23,34,34,30,51,47,47,43,42,50,44,50,47,28,64,56,57,58,55,38,53,39,32,50,,6,41,39,41,,14,33,23,29,18,33,8,11,22,14,35,20,13,12,34,16,22,28,19,16,27,,8,20,11,13,39,12,13,,,7,18,17,,35,26,25,13,19,31,14,22,28,18,6,11,14,16,,14,8,22,41,14,24,30,28,40,51,44,,47,,43,,24,36,18,19,31,26,14,13,79,35,22,126,231,31,15,115,44,51,266,49,26,30,51,43,,,,27,,
20260618,0,PM10_24h,17,36,50,32,44,36,30,20,26,21,50,59,54,62,15,27,32,16,32,37,29,32,12,16,30,20,34,30,21,13,25,11,29,49,40,22,45,30,29,19,24,42,35,21,38,16,8,21,39,17,41,44,42,11,11,8,11,8,15,10,11,15,20,23,33,25,31,14,18,41,38,23,51,40,43,41,21,46,46,35,26,31,11,29,45,36,43,52,35,24,37,36,40,19,18,38,11,11,17,13,9,13,11,11,16,12,12,16,11,36,22,38,65,63,14,43,22,28,36,26,28,20,34,29,36,27,42,42,39,41,50,45,49,50,37,44,28,33,25,20,21,37,16,35,25,22,29,29,32,15,52,47,41,35,44,65,45,53,28,109,,,,,,,,,,,,,,,,,,,,,,,,,,,,,,34,33,10,46,41,57,34,44,63,46,24,32,35,21,,12,34,18,34,22,20,22,22,25,36,18,19,23,22,22,14,15,16,13,27,22,17,28,32,31,38,30,18,26,39,31,21,24,30,28,15,15,15,9,17,20,41,45,36,25,38,38,41,32,48,42,35,35,33,41,31,43,45,35,56,41,57,50,35,33,41,37,41,41,29,35,43,35,43,31,17,18,16,10,16,30,26,29,16,18,42,22,16,16,31,25,31,24,30,20,20,,9,23,12,14,30,25,14,25,,28,13,20,8,28,15,12,12,17,20,9,19,16,14,7,12,11,15,,9,9,30,40,31,37,36,33,64,133,49,,40,,40,,40,27,20,29,25,19,13,16,58,56,31,128,200,30,23,44,35,53,398,60,32,23,38,46,,,,24,,
20260618,0,SO2,2,5,4,10,7,5,3,3,2,2,8,8,2,7,9,10,7,5,5,6,6,7,4,6,7,6,6,9,5,9,8,7,6,7,7,5,7,6,8,6,7,2,4,5,8,4,3,7,5,6,4,6,6,5,5,6,5,5,5,3,4,7,3,4,8,4,6,5,5,5,9,18,5,5,5,7,15,6,6,5,6,6,3,9,14,8,17,13,8,10,6,5,5,9,4,8,7,5,6,8,7,6,5,6,5,5,7,3,6,5,7,10,10,7,11,5,8,7,5,5,4,6,6,6,6,3,10,3,8,8,6,8,8,8,4,10,7,5,3,6,2,7,9,13,5,10,3,5,3,3,4,6,3,6,7,13,9,14,6,5,,,,,,,,,,,,,,,,,,,,,,,,,,,,,,6,5,4,5,5,8,5,6,5,11,10,4,10,5,,6,10,8,7,7,6,4,7,10,11,1,6,7,10,5,7,5,4,9,7,9,7,6,14,5,9,7,5,8,8,7,6,5,5,7,6,5,3,4,6,5,10,4,5,2,7,2,5,6,5,6,6,4,8,6,5,7,7,8,7,6,6,5,8,6,4,5,12,6,6,5,4,7,21,3,6,6,2,5,9,14,10,6,6,6,6,8,10,4,6,6,4,5,7,4,3,,6,7,4,7,2,6,3,3,,3,5,7,7,6,8,1,4,4,8,6,8,5,8,6,4,6,4,,4,3,4,5,5,6,4,8,9,7,10,,6,,8,,4,8,8,9,12,16,6,16,8,6,7,5,6,7,5,4,15,5,5,5,3,7,7,7,,,,6,,
20260618,0,SO2_24h,2,5,4,7,7,4,2,3,3,3,5,6,4,11,8,6,9,5,5,7,6,6,4,6,7,8,6,7,4,9,7,7,6,6,7,5,7,5,6,6,7,3,4,5,9,4,2,8,6,7,4,5,6,5,5,5,5,5,5,3,4,7,4,4,9,4,9,5,8,5,9,15,8,5,6,7,11,8,7,6,6,7,3,10,11,8,9,9,11,7,6,5,7,8,4,9,10,5,6,6,7,6,5,5,5,4,4,3,5,5,7,11,7,8,10,6,9,7,6,5,4,5,5,6,6,5,12,3,9,9,6,11,9,9,5,9,7,9,3,5,3,8,9,26,6,10,3,6,4,4,5,6,3,7,9,13,11,24,5,4,,,,,,,,,,,,,,,,,,,,,,,,,,,,,,6,6,4,5,7,10,6,6,4,10,8,4,12,6,,6,11,6,7,7,6,4,7,10,11,1,6,7,10,5,8,6,4,10,6,10,7,7,9,6,9,8,5,7,7,6,6,5,5,7,4,8,4,3,5,5,11,6,9,2,9,4,8,8,6,6,6,4,6,6,4,5,7,9,8,8,8,5,8,6,5,5,10,6,7,8,6,8,18,3,6,6,3,5,4,11,11,6,6,3,9,9,10,3,6,7,5,6,8,5,3,,6,7,4,7,3,7,4,2,,4,5,7,7,5,8,1,4,4,8,6,6,5,9,7,5,6,4,,4,4,7,9,5,8,9,11,9,8,11,,5,,8,,4,12,7,10,11,16,6,18,9,6,7,6,6,8,5,4,8,5,5,6,3,7,7,8,,,,5,,
20260618,0,NO2,19,23,8,14,78,18,25,13,11,19,17,37,10,14,28,25,16,24,18,17,25,35,8,18,20,12,37,39,21,8,13,2,16,26,58,20,23,29,17,7,30,32,12,16,30,10,14,26,32,16,19,31,20,22,16,4,20,5,14,16,11,15,10,5,13,16,10,14,7,6,11,20,9,19,48,17,49,17,14,8,12,54,24,23,27,14,14,28,17,14,19,16,27,29,10,8,17,11,8,8,17,4,19,13,19,12,19,8,12,22,14,10,18,9,41,12,24,25,32,19,15,6,20,24,26,41,13,21,33,15,28,17,16,20,22,6,15,4,6,12,12,15,11,29,15,13,13,7,12,10,32,19,34,12,16,12,12,13,17,8,,,,,,,,,,,,,,,,,,,,,,,,,,,,,,13,16,13,12,18,7,6,10,48,20,11,8,23,20,,7,4,12,11,18,9,31,19,12,13,8,16,11,20,17,5,8,7,14,28,16,9,18,11,7,13,15,9,11,20,7,8,16,15,17,14,7,4,9,17,15,14,9,11,6,5,7,4,5,18,18,20,30,27,13,14,18,18,7,19,23,15,27,22,11,24,5,6,12,9,7,10,13,9,8,25,22,10,15,14,11,10,4,11,10,16,11,11,11,17,4,20,11,6,3,8,,13,9,12,5,14,5,5,4,,5,11,9,5,10,8,5,5,7,7,9,8,13,9,4,1,4,9,,2,7,9,22,6,13,8,11,17,9,24,,15,,6,,6,6,8,1,17,4,22,6,11,17,16,11,6,28,11,59,9,14,5,14,5,9,32,9,,,,7,,
20260618,0,NO2_24h,12,12,8,11,13,13,9,9,11,12,11,15,12,16,11,13,16,13,17,19,15,17,9,13,9,6,18,16,13,4,10,3,11,23,31,14,18,14,15,9,22,22,21,12,18,14,11,10,13,11,13,20,12,17,12,3,16,6,12,12,10,12,10,8,16,12,12,9,11,14,12,17,17,18,21,12,19,20,11,13,10,16,11,14,15,8,14,15,13,12,14,11,11,13,8,13,13,8,11,11,10,5,12,8,16,12,12,10,7,15,11,8,14,10,15,11,14,12,16,13,12,12,14,14,13,24,14,11,16,12,21,12,16,14,19,11,10,7,6,12,10,12,12,15,13,8,13,13,10,9,18,14,17,11,14,6,10,21,9,8,,,,,,,,,,,,,,,,,,,,,,,,,,,,,,8,9,9,11,17,8,5,12,29,13,14,11,11,12,,10,6,7,10,16,8,11,7,15,14,11,12,8,12,11,7,8,10,11,20,16,6,13,11,8,12,12,6,8,14,8,9,10,14,9,10,11,6,5,17,7,12,11,8,7,9,9,10,9,16,13,12,15,17,14,9,13,11,12,13,16,15,15,11,9,13,6,10,8,14,14,10,9,7,8,17,12,13,11,10,12,10,8,10,6,23,13,8,10,20,8,24,12,15,7,5,,11,16,11,4,10,9,4,9,,11,6,13,6,6,7,5,4,7,5,7,7,9,9,5,3,3,8,,3,6,12,11,10,12,9,12,14,12,17,,9,,6,,18,11,3,1,7,2,13,2,12,14,12,11,13,12,9,10,4,13,5,11,3,9,8,7,,,,6,,
20260618,0,O3,75,119,130,86,37,136,90,64,29,88,113,75,120,130,91,42,66,46,70,97,74,77,52,51,63,43,37,40,40,44,45,74,55,74,28,31,92,99,115,52,23,46,78,14,99,39,36,50,89,62,130,103,80,26,26,51,22,46,30,42,41,25,35,55,43,52,38,39,133,76,99,66,122,81,37,76,73,115,71,50,81,36,30,40,117,125,101,84,83,76,51,97,91,45,88,129,29,39,46,45,20,51,25,37,26,38,24,36,41,107,92,170,146,145,33,42,25,16,54,35,80,50,52,91,82,49,131,120,112,122,102,97,78,92,107,106,60,46,63,25,52,36,52,10,46,53,54,57,59,41,32,61,37,57,70,92,83,124,72,93,,,,,,,,,,,,,,,,,,,,,,,,,,,,,,72,101,24,157,74,152,128,144,55,85,84,69,89,94,,81,132,93,57,53,96,34,28,29,38,75,86,24,37,21,56,34,67,51,21,76,27,63,79,81,101,103,25,77,94,72,119,98,104,83,28,44,33,21,32,40,70,62,28,40,57,89,60,72,132,132,112,87,105,88,93,113,107,80,72,95,100,59,93,75,63,40,60,71,130,46,62,55,51,22,7,38,50,17,32,48,41,40,23,33,38,43,58,56,50,78,35,43,71,70,18,,44,43,34,38,47,43,47,51,,21,41,68,44,30,31,40,42,50,22,38,33,19,49,120,112,115,118,,154,57,66,105,58,41,102,62,78,88,58,,115,,75,,110,,70,94,76,68,92,88,118,94,75,97,105,60,80,45,112,99,97,95,74,98,57,74,,,,30,,
20260618,0,O3_24h,75,119,130,86,37,136,90,64,29,88,113,75,120,130,91,42,66,46,70,97,74,77,52,51,63,43,37,40,40,44,45,74,55,74,28,31,92,99,115,52,23,46,78,14,99,39,36,50,89,62,130,103,80,26,26,51,22,46,30,42,41,25,35,55,43,52,38,39,133,76,99,66,122,81,37,76,73,115,71,50,81,36,30,40,117,125,101,84,83,76,51,97,91,45,88,129,29,39,46,45,20,51,25,37,26,38,24,36,41,107,92,170,146,145,33,42,25,16,54,35,80,50,52,91,82,49,131,120,112,122,102,97,78,92,107,106,60,46,63,25,52,36,52,10,46,53,54,57,59,41,32,61,37,57,70,92,83,124,72,93,,,,,,,,,,,,,,,,,,,,,,,,,,,,,,72,101,24,157,74,152,128,144,55,85,84,69,89,94,,81,132,93,57,53,96,34,28,29,38,75,86,24,37,21,56,34,67,51,21,76,27,63,79,81,101,103,25,77,94,72,119,98,104,83,28,44,33,21,32,40,70,62,28,40,57,89,60,72,132,132,112,87,105,88,93,113,107,80,72,95,100,59,93,75,63,40,60,71,130,46,62,55,51,22,7,38,50,17,32,48,41,40,23,33,38,43,58,56,50,78,35,43,71,70,18,,44,43,34,38,47,43,47,51,,21,41,68,44,30,31,40,42,50,22,38,33,19,49,120,112,115,118,,154,57,66,105,58,41,102,62,78,88,58,,115,,75,,110,,70,94,76,68,92,88,118,94,75,97,105,60,80,45,112,99,97,95,74,98,57,74,,,,30,,
20260618,0,O3_8h,127,172,167,126,162,205,155,125,103,163,153,190,214,203,152,106,99,89,103,135,146,159,95,97,125,107,152,146,116,101,90,78,101,161,181,95,165,146,164,94,108,147,130,83,152,65,56,115,146,102,188,182,147,55,51,58,49,53,48,60,60,59,45,73,61,84,60,61,132,140,122,109,161,114,142,136,154,170,112,90,127,125,60,130,175,176,179,186,136,118,155,141,160,97,114,177,79,56,61,53,49,62,52,58,60,61,49,51,67,174,137,176,191,168,109,94,92,86,135,88,111,75,119,134,149,127,175,193,180,199,165,152,158,165,147,161,125,104,72,62,87,83,69,76,66,79,74,65,100,73,148,162,128,108,147,117,102,169,106,111,,,,,,,,,,,,,,,,,,,,,,,,,,,,,,164,161,53,209,157,202,161,168,173,144,120,115,156,152,,101,138,104,90,93,114,94,99,84,78,107,125,51,83,92,85,98,87,79,86,95,104,122,144,133,160,167,92,122,143,132,144,157,166,132,67,60,50,51,61,126,133,127,99,81,123,138,114,114,188,199,177,164,170,180,158,172,176,129,162,174,147,172,175,136,163,94,129,127,159,105,124,121,126,114,50,40,53,40,46,82,91,80,46,76,64,84,83,76,81,91,61,63,60,80,74,,63,54,46,59,111,41,52,81,,45,65,61,57,66,62,46,58,64,49,56,61,54,64,131,131,132,138,,161,83,78,164,67,139,117,88,103,109,127,,127,,101,,107,123,134,123,132,106,138,125,160,136,117,133,117,111,114,139,141,142,121,128,74,120,111,108,,,,56,,
20260618,0,O3_8h_24h,115,152,152,115,137,178,131,101,65,133,138,144,171,157,133,83,85,58,88,122,114,133,67,65,98,81,112,101,92,76,72,69,90,129,122,46,140,125,143,63,56,102,96,36,127,51,48,84,127,73,171,143,112,35,38,55,31,50,40,50,48,36,33,61,51,70,41,51,131,80,101,81,142,98,91,108,123,144,102,62,109,102,47,91,157,159,149,153,115,96,113,129,137,73,98,141,52,48,58,46,29,57,40,52,37,46,38,38,57,146,121,156,163,164,85,77,61,53,105,43,95,60,88,105,118,91,149,169,159,165,138,128,130,120,126,125,87,64,72,38,68,62,60,41,46,67,65,65,78,64,71,116,89,70,91,108,86,148,89,104,,,,,,,,,,,,,,,,,,,,,,,,,,,,,,128,,43,198,114,160,151,141,82,112,94,90,129,128,,94,130,101,73,58,106,62,66,55,57,90,98,37,52,62,71,61,72,74,55,87,71,93,108,113,140,136,58,100,132,99,135,139,139,121,50,41,36,38,39,79,102,103,54,53,75,112,83,93,167,169,158,136,148,147,141,144,149,100,124,143,104,124,140,111,131,59,91,98,138,69,93,87,96,72,28,39,53,27,42,62,59,65,34,51,55,55,75,67,65,79,47,48,50,74,50,,54,43,42,41,79,39,52,52,,33,52,61,51,48,48,44,48,55,35,45,46,41,59,130,125,128,134,,161,75,71,141,66,60,113,77,98,97,92,,111,,83,,107,110,111,110,105,89,127,111,138,123,98,114,114,92,100,120,133,133,111,118,73,116,96,91,,,,40,,
20260618,0,CO,0.44,0.69,0.44,0.71,0.70,0.25,0.39,0.17,0.25,0.43,0.75,0.50,0.40,0.68,0.58,0.85,0.70,0.51,0.43,0.49,0.47,0.99,0.67,0.44,0.36,0.54,0.79,0.81,0.40,0.53,0.80,0.34,0.47,0.73,0.59,0.47,0.60,0.63,0.57,0.40,0.70,0.63,0.50,0.50,0.70,0.30,0.28,0.67,0.45,0.41,0.50,0.78,0.59,0.45,0.49,0.53,0.50,0.35,0.50,0.43,0.53,0.40,0.67,0.35,0.50,0.59,0.47,0.41,0.23,0.49,0.60,0.65,0.28,0.40,0.53,0.78,0.53,0.47,0.52,0.53,0.33,0.65,0.53,0.34,0.60,0.40,0.48,0.57,0.36,0.35,0.45,0.45,0.28,0.48,0.27,0.42,0.73,0.67,0.47,0.50,0.65,0.50,0.70,0.63,0.40,0.50,0.63,0.55,0.43,0.20,0.43,0.63,0.73,0.68,0.74,0.82,0.65,0.72,0.70,0.58,0.46,0.40,0.48,0.50,0.60,0.60,0.48,0.35,0.57,0.50,0.60,0.50,0.55,0.50,0.65,0.93,0.70,0.43,0.57,0.69,0.30,0.65,0.60,1.82,0.43,0.37,0.60,0.25,0.85,0.40,0.50,0.65,0.45,0.62,0.45,0.30,0.50,0.56,0.28,0.15,,,,,,,,,,,,,,,,,,,,,,,,,,,,,,0.63,0.50,0.50,0.47,0.43,0.75,0.57,0.67,0.47,0.37,0.40,0.30,0.70,0.55,,0.20,0.45,0.65,0.73,0.55,0.70,0.40,0.60,0.70,0.60,0.35,0.40,0.40,0.40,0.27,0.43,0.40,0.35,0.50,0.50,0.50,0.25,0.37,0.32,0.40,0.57,0.72,0.45,0.40,0.52,0.23,0.35,0.27,0.70,0.30,0.57,0.57,0.35,0.40,0.85,0.73,0.77,0.82,0.65,0.28,0.25,0.70,0.53,0.60,0.58,0.40,0.45,0.43,0.42,0.53,0.30,0.53,0.45,0.67,0.84,0.73,0.85,0.70,0.60,0.80,0.70,0.60,0.77,0.65,0.90,0.50,0.80,0.60,0.70,0.50,0.25,0.67,0.60,0.63,0.37,0.60,0.47,0.80,0.70,0.50,0.63,0.55,0.43,0.60,0.60,0.35,0.30,0.60,0.65,0.30,0.30,,0.25,0.65,0.50,0.40,0.55,0.60,0.30,0.50,,0.70,0.50,0.50,0.40,0.70,0.65,0.70,0.30,0.30,0.80,0.35,0.30,0.65,0.40,0.45,0.15,0.40,0.40,,0.25,0.35,0.43,0.43,0.40,0.80,0.35,0.40,0.40,0.45,0.55,,0.45,,0.25,,0.30,,0.30,0.20,0.50,0.40,0.20,0.50,0.37,0.40,0.35,0.50,0.10,0.25,0.30,1.10,0.20,0.45,0.25,0.45,0.40,0.10,0.45,0.25,,,,0.50,,
20260618,0,CO_24h,0.38,0.57,0.38,0.46,0.55,0.30,0.27,0.30,0.30,0.35,0.53,0.43,0.45,0.70,0.48,0.68,0.61,0.47,0.53,0.54,0.42,0.84,0.53,0.40,0.32,0.56,0.84,0.59,0.40,0.50,0.80,0.40,0.40,0.66,0.59,0.43,0.53,0.55,0.53,0.43,0.60,0.57,0.50,0.45,0.73,0.35,0.28,0.73,0.32,0.41,0.44,0.76,0.54,0.45,0.46,0.57,0.47,0.35,0.47,0.43,0.53,0.40,0.73,0.35,0.53,0.55,0.53,0.44,0.28,0.61,0.60,0.50,0.46,0.35,0.53,0.68,0.44,0.54,0.76,0.63,0.37,0.55,0.47,0.33,0.58,0.33,0.52,0.47,0.36,0.32,0.45,0.35,0.25,0.48,0.27,0.53,0.63,0.65,0.43,0.50,0.60,0.50,0.70,0.57,0.40,0.60,0.43,0.55,0.37,0.20,0.60,0.53,0.70,0.72,0.48,0.72,0.65,0.88,0.56,0.50,0.48,0.40,0.48,0.57,0.60,0.62,0.51,0.35,0.52,0.47,0.65,0.40,0.57,0.60,0.67,0.95,0.70,0.50,0.57,0.74,0.40,0.57,0.60,1.13,0.43,0.37,0.63,0.35,0.77,0.45,0.47,0.60,0.50,0.58,0.50,0.20,0.50,0.70,0.30,0.15,,,,,,,,,,,,,,,,,,,,,,,,,,,,,,0.58,0.50,0.45,0.47,0.43,0.60,0.55,0.57,0.50,0.43,0.40,0.30,0.55,0.47,,0.20,0.50,0.55,0.70,0.50,0.73,0.33,0.50,0.70,0.65,0.40,0.40,0.37,0.43,0.23,0.47,0.42,0.40,0.47,0.40,0.55,0.30,0.37,0.34,0.35,0.57,0.63,0.40,0.40,0.46,0.27,0.40,0.23,0.70,0.33,0.50,0.90,0.45,0.35,0.95,0.57,0.77,0.63,0.80,0.38,0.40,0.82,0.77,0.55,0.52,0.40,0.45,0.43,0.42,0.53,0.23,0.37,0.48,0.73,0.84,0.73,0.82,0.70,0.53,0.80,0.63,0.60,0.85,0.55,0.90,0.70,0.77,0.55,0.75,0.45,0.30,0.70,0.65,0.67,0.37,0.40,0.47,0.80,0.70,0.50,0.70,0.70,0.50,0.60,0.60,0.40,0.35,0.55,0.70,0.35,0.30,,0.20,0.70,0.43,0.43,0.45,0.50,0.30,0.45,,0.65,0.35,0.50,0.40,0.65,0.55,0.60,0.20,0.30,0.65,0.35,0.45,0.55,0.35,0.45,0.20,0.35,0.30,,0.25,0.35,0.60,0.47,0.50,0.85,0.35,0.40,0.30,0.45,0.60,,0.45,,0.35,,0.35,0.50,0.40,0.30,0.40,0.30,0.20,0.40,0.40,0.35,0.35,0.45,0.15,0.20,0.25,0.65,0.15,0.35,0.25,0.45,0.50,0.10,0.30,0.25,,,,0.45,,
20260618,1,AQI,24,78,61,75,68,41,59,27,32,56,57,63,75,73,32,61,43,34,27,54,35,84,37,15,38,25,37,44,33,29,29,24,30,65,44,20,50,80,51,18,31,50,37,12,39,13,12,22,50,21,39,50,49,15,16,15,19,14,21,15,15,17,24,31,22,31,20,20,41,23,62,27,39,28,54,49,49,42,63,25,54,55,24,36,65,39,46,60,41,23,30,38,47,28,31,39,10,14,28,16,19,25,18,26,13,20,26,20,19,39,27,54,66,66,32,50,34,41,69,29,26,21,35,41,50,36,41,53,49,48,61,31,60,49,36,68,51,15,31,18,22,33,19,48,23,26,41,18,40,14,51,37,39,37,28,46,34,51,21,78,,,,,,,,,,,,,,,,,,,,,,,,,,,,,,51,40,20,46,46,78,37,64,51,61,30,36,45,30,,26,44,51,36,51,43,41,25,21,23,23,41,34,40,21,20,20,19,27,25,29,24,28,26,39,45,41,24,36,50,32,36,39,35,38,22,11,11,17,14,41,42,34,17,12,18,30,29,26,52,48,47,50,47,46,51,51,48,37,55,53,58,55,50,47,51,39,31,64,46,14,54,44,60,44,29,52,23,19,20,36,12,15,30,17,23,20,18,16,34,25,23,27,23,25,25,,13,18,11,17,46,13,14,15,,14,14,22,13,32,24,24,13,23,28,12,25,31,20,36,35,34,32,,48,15,23,44,17,27,31,29,44,42,46,,53,,38,,34,27,20,29,30,29,27,28,54,39,26,86,95,27,23,132,36,47,129,38,26,33,46,44,,,,23,,
20260618,1,PM2.5,12,57,44,55,42,29,42,10,13,40,39,44,55,53,18,44,30,24,12,38,18,62,26,10,25,17,26,29,23,20,20,7,21,47,22,8,33,59,36,6,22,27,19,4,19,5,7,15,33,15,25,33,34,7,5,6,12,8,14,8,5,9,10,17,13,22,9,11,7,8,17,19,12,16,38,33,20,15,45,15,38,39,17,25,47,20,32,43,24,13,21,22,30,11,22,27,3,9,15,10,13,8,8,18,9,14,18,3,5,22,14,27,31,48,19,35,24,28,50,20,17,15,18,29,30,25,20,29,33,25,30,22,43,34,24,49,36,5,18,5,12,23,13,21,9,15,29,12,28,4,31,23,18,26,15,21,16,15,9,49,,,,,,,,,,,,,,,,,,,,,,,,,,,,,,36,22,9,17,23,57,15,46,21,25,15,16,19,14,,7,8,36,25,36,30,29,14,6,16,14,29,24,28,15,14,14,8,19,14,20,16,15,15,12,30,28,17,25,23,16,18,9,24,25,9,4,3,6,5,29,25,14,11,3,3,19,4,14,33,27,26,25,28,21,16,26,24,25,39,28,41,31,35,33,32,27,15,46,32,3,38,31,43,31,7,12,15,13,14,21,6,6,10,9,12,10,7,11,20,13,12,19,12,15,7,,3,5,5,12,19,3,5,8,,7,8,3,5,11,10,15,3,16,13,5,14,15,6,3,14,3,15,,3,5,16,26,6,18,9,18,22,26,19,,27,,22,,16,17,9,12,12,10,3,6,15,27,16,41,41,14,3,92,14,12,51,18,3,3,13,11,,,,15,,
20260618,1,PM2.5_24h,11,25,34,25,22,24,20,12,12,17,33,26,34,35,9,20,25,13,16,29,15,27,9,10,17,12,22,18,14,11,19,7,26,39,25,10,35,29,25,9,16,25,24,9,20,6,6,17,20,14,24,30,27,6,4,5,7,4,6,4,6,9,11,13,22,21,14,7,8,24,22,18,15,13,29,29,11,19,32,23,24,26,8,19,23,16,27,30,17,15,16,16,25,14,12,25,5,7,10,9,6,5,8,7,9,9,9,5,5,16,13,22,26,40,9,31,20,22,30,20,16,16,19,20,21,20,24,25,25,24,25,24,37,38,23,36,29,19,12,12,11,27,14,14,10,12,29,21,27,10,32,29,22,27,23,25,25,18,10,41,,,,,,,,,,,,,,,,,,,,,,,,,,,,,,27,21,5,19,20,38,17,30,22,12,12,14,13,9,,5,10,12,28,16,15,15,12,14,17,15,23,20,19,14,11,11,12,13,14,18,13,16,19,15,22,21,12,25,20,15,19,14,19,22,5,8,6,4,16,15,28,27,22,14,21,28,24,18,33,22,19,22,22,21,18,22,23,24,38,25,41,29,27,26,25,24,26,35,30,26,36,24,34,26,8,9,9,11,13,15,10,16,7,6,27,14,11,13,16,18,15,18,23,18,7,,4,18,8,15,18,15,7,21,,16,11,10,5,11,10,6,8,10,9,5,11,10,7,4,4,2,10,,3,6,23,25,17,25,17,20,25,54,22,,22,,23,,19,17,10,12,15,8,3,10,22,26,18,38,71,12,7,23,14,16,81,18,7,3,7,17,,,,14,,
20260618,1,PM10,24,84,59,80,85,41,67,27,32,56,64,75,70,84,32,55,38,17,27,51,35,77,,15,38,25,36,44,28,21,29,9,27,54,44,20,50,72,41,18,31,50,37,12,39,13,10,22,50,17,35,50,47,15,16,10,19,14,21,15,15,17,24,31,22,31,20,20,11,17,73,26,36,28,56,49,49,42,61,25,,54,17,29,64,39,40,64,41,22,30,38,47,28,11,30,10,14,28,16,15,25,18,21,13,,20,20,19,39,19,40,81,73,32,45,26,41,86,28,26,21,35,35,50,32,41,55,49,48,71,30,52,47,36,46,,15,31,18,22,31,16,48,23,26,31,16,34,14,52,37,39,37,28,46,34,52,21,106,,,,,,,,,,,,,,,,,,,,,,,,,,,,,,46,40,20,43,46,72,34,61,52,72,30,36,45,25,,17,25,47,36,44,42,36,25,21,20,22,,34,37,18,19,13,12,20,25,25,24,28,26,39,45,41,23,26,50,32,21,39,35,38,22,6,11,17,14,28,42,34,,10,16,30,29,26,54,48,47,50,47,46,51,52,48,37,54,55,51,59,46,33,52,33,31,,,7,44,42,46,31,29,53,23,11,18,36,10,15,30,17,23,20,15,14,34,20,23,24,19,25,25,,6,18,9,11,46,11,10,12,,14,14,18,,32,24,24,11,17,28,9,25,31,20,6,23,17,16,,12,8,19,44,13,27,24,29,44,42,46,,55,,38,,26,27,18,25,30,29,11,20,58,36,26,122,139,27,22,213,36,47,207,38,26,28,46,44,,,,23,,
20260618,1,PM10_24h,17,39,51,34,46,36,32,20,26,23,51,61,55,64,16,29,32,16,32,38,29,34,12,16,30,20,34,30,21,13,25,11,28,50,40,22,46,32,30,19,24,42,35,20,38,16,8,21,40,16,40,44,42,11,11,8,11,8,15,9,11,15,20,24,32,25,30,14,18,41,38,23,50,38,43,41,22,46,46,33,26,31,11,30,46,37,44,53,34,25,37,37,41,19,18,38,11,11,18,13,9,14,11,10,16,13,13,17,11,36,22,38,66,63,15,43,22,29,37,26,28,20,34,29,36,28,42,42,39,42,49,44,50,50,37,45,28,32,26,20,21,37,16,34,24,22,29,28,32,15,52,46,41,35,44,65,43,53,28,109,,,,,,,,,,,,,,,,,,,,,,,,,,,,,,35,33,11,46,41,58,34,45,63,46,24,32,36,21,,12,34,19,35,23,20,21,21,24,33,18,19,24,23,21,14,15,16,13,27,22,18,29,32,31,39,30,19,26,40,31,21,25,31,28,15,14,15,9,17,20,40,44,35,24,37,38,40,32,48,42,36,35,33,42,32,43,46,35,57,41,57,50,35,33,42,36,41,41,29,33,43,36,43,30,17,20,16,9,15,31,24,28,17,18,42,21,16,15,30,24,31,23,29,19,20,,9,23,12,13,31,24,14,24,,28,13,20,8,28,15,12,12,18,21,9,18,16,14,6,13,11,16,,9,9,30,41,30,36,35,32,65,119,48,,41,,40,,38,27,19,28,25,19,12,17,58,56,30,131,203,29,23,51,35,52,393,55,33,23,38,46,,,,24,,
20260618,1,SO2,3,5,4,9,6,6,3,3,3,2,5,6,2,8,9,12,7,5,5,6,6,7,4,7,7,6,6,10,5,9,8,7,6,7,9,5,7,8,7,6,7,3,4,5,9,4,2,7,5,6,4,5,6,5,5,5,5,5,5,3,5,8,3,4,8,4,6,5,5,5,10,16,4,5,5,7,11,6,6,5,6,19,3,11,14,8,11,12,9,10,5,5,6,8,4,6,12,5,8,6,7,6,5,5,4,6,5,4,5,4,7,10,12,7,9,5,8,6,5,5,3,5,6,6,7,4,10,4,8,7,6,8,8,9,5,10,7,6,3,6,2,7,9,15,6,9,4,6,2,3,4,5,2,6,7,20,7,12,5,4,,,,,,,,,,,,,,,,,,,,,,,,,,,,,,6,5,4,5,5,8,6,6,6,15,10,4,20,4,,6,10,9,7,7,6,4,7,10,11,2,5,7,9,5,7,5,4,9,7,9,7,6,13,5,9,7,5,8,8,6,6,5,5,7,5,4,3,3,5,6,11,5,4,3,7,2,5,6,6,6,6,4,6,6,5,6,8,8,7,7,8,9,7,6,4,5,9,7,6,5,5,7,23,3,6,6,2,5,6,16,11,8,6,6,6,8,10,4,6,6,4,5,7,4,3,,6,6,4,6,3,6,3,3,,3,5,7,7,6,8,1,4,4,8,6,10,5,9,7,5,6,4,,4,3,4,6,4,8,6,8,9,7,9,,7,,8,,3,8,8,9,9,14,6,22,6,6,7,6,5,7,5,3,7,5,4,5,3,7,6,7,,,,5,,
20260618,1,SO2_24h,2,5,4,7,7,5,2,3,3,3,5,6,4,11,8,6,8,5,5,7,6,7,4,6,7,7,6,7,4,9,7,7,6,6,7,5,7,5,6,6,7,3,4,5,9,4,2,8,6,6,4,5,6,5,5,5,5,5,5,3,4,7,4,4,9,4,9,5,8,5,9,16,8,5,6,7,11,8,7,6,6,7,3,10,11,8,10,10,11,7,6,5,6,8,3,9,11,5,7,6,7,6,5,5,5,4,4,3,5,5,7,11,7,8,10,6,9,7,6,5,3,5,5,6,6,5,12,3,9,9,6,11,9,9,5,9,7,9,3,5,3,8,9,26,6,10,3,6,4,4,5,6,3,7,9,13,11,24,5,4,,,,,,,,,,,,,,,,,,,,,,,,,,,,,,6,6,4,5,7,10,6,6,4,10,8,4,13,6,,6,11,6,7,7,6,4,7,10,11,1,6,7,10,5,8,6,4,10,6,10,7,7,9,6,9,8,5,7,7,6,6,5,5,7,5,8,4,3,6,5,11,6,9,2,9,4,8,8,6,6,6,4,6,6,4,5,8,9,8,8,8,6,8,6,5,5,10,6,7,8,6,8,18,3,6,6,3,5,4,11,10,6,6,3,9,9,10,3,6,7,5,6,8,5,3,,6,7,4,7,3,7,4,2,,4,5,7,7,5,8,1,4,4,8,6,6,5,9,6,5,6,4,,4,4,6,9,5,8,9,11,9,8,11,,5,,8,,4,12,7,10,11,16,6,18,9,6,7,6,6,8,5,4,9,5,4,6,3,7,7,8,,,,5,,
20260618,1,NO2,21,25,10,13,85,19,28,12,14,22,11,37,7,13,31,25,21,21,18,18,26,25,8,21,24,14,32,35,24,9,16,2,12,27,55,20,21,30,16,7,17,40,10,13,23,13,13,26,30,14,18,31,19,22,16,3,19,7,13,18,9,17,9,5,11,16,8,14,6,8,12,18,7,21,37,19,36,16,14,7,10,45,20,24,29,17,12,28,17,12,19,13,31,26,10,7,16,11,9,9,19,4,19,18,17,14,20,15,11,17,14,8,19,8,38,13,22,23,35,14,12,9,17,22,24,39,13,21,36,11,28,11,15,17,23,7,12,4,8,11,10,15,10,29,15,12,13,6,12,9,34,14,27,11,37,11,10,10,17,8,,,,,,,,,,,,,,,,,,,,,,,,,,,,,,13,17,14,14,14,7,6,9,40,5,12,5,16,18,,5,3,12,11,16,14,31,22,13,15,7,12,13,15,16,5,7,7,12,16,17,9,22,12,10,16,12,9,11,16,7,8,13,14,18,14,10,4,10,15,16,10,11,3,5,4,7,3,5,23,18,18,24,32,11,12,16,18,6,15,34,14,28,14,14,20,4,6,9,10,6,11,12,11,7,31,19,10,12,10,12,10,4,12,9,16,8,7,10,18,4,21,10,6,5,8,,16,6,10,3,13,5,4,5,,8,9,8,6,9,8,5,4,7,8,8,9,11,13,4,2,3,11,,1,5,11,22,5,17,8,14,15,8,38,,14,,6,,6,9,5,1,23,3,18,4,10,14,17,11,4,26,11,69,5,15,9,13,3,7,11,10,,,,6,,
20260618,1,NO2_24h,12,13,8,11,17,14,10,9,11,12,11,16,12,16,12,14,16,13,17,19,15,18,9,13,10,6,18,16,14,4,10,3,11,23,32,14,18,15,15,8,22,22,19,12,18,13,11,11,14,11,13,20,12,17,12,3,16,6,12,11,10,12,10,8,16,12,12,9,11,14,12,18,17,17,21,12,20,20,11,12,10,17,12,14,15,8,14,15,13,12,14,11,12,13,9,13,13,9,11,10,11,5,12,8,16,12,13,10,7,15,11,8,14,9,16,11,15,13,17,13,12,12,14,14,13,25,14,12,16,11,20,12,16,14,18,10,10,7,6,12,10,12,12,16,14,8,13,12,10,8,18,14,17,11,15,6,10,21,9,7,,,,,,,,,,,,,,,,,,,,,,,,,,,,,,8,9,9,11,16,8,5,12,29,13,14,11,12,12,,10,6,8,10,16,9,12,8,15,14,11,12,9,13,11,7,8,10,12,20,16,7,13,11,8,12,12,6,8,14,7,9,11,14,9,10,11,6,5,17,8,12,11,8,7,9,9,9,8,16,13,12,15,17,13,9,12,11,12,13,17,15,16,10,9,13,6,9,8,13,13,10,9,7,8,18,12,13,11,10,11,10,8,10,7,23,13,8,10,20,7,23,12,14,7,5,,11,16,11,4,10,9,4,9,,11,6,13,6,7,7,5,4,7,5,7,7,9,9,5,3,3,8,,3,6,12,12,10,12,8,12,14,10,17,,9,,6,,16,10,3,1,8,2,13,2,12,14,12,11,10,12,9,13,4,12,5,11,3,9,8,7,,,,5,,
20260618,1,O3,63,106,117,79,20,125,81,56,22,94,118,66,127,136,82,44,55,36,63,90,63,84,49,45,57,39,33,28,33,41,39,77,51,60,23,28,83,92,107,48,31,32,87,22,99,32,38,42,83,60,124,95,73,26,25,49,23,38,30,38,41,23,36,55,44,48,39,37,131,72,92,63,125,74,35,71,89,112,71,48,85,28,30,35,103,113,101,76,79,75,45,91,80,46,87,120,32,38,44,44,16,45,24,28,27,31,19,22,39,106,86,163,140,140,27,37,23,13,37,46,82,43,48,102,88,47,119,105,100,124,94,97,72,,104,101,63,42,56,25,55,32,47,7,41,52,46,58,62,41,28,57,32,38,58,90,86,118,66,89,,,,,,,,,,,,,,,,,,,,,,,,,,,,,,66,90,21,148,76,152,117,142,71,115,75,71,102,97,,83,140,85,57,56,76,37,25,30,33,73,85,19,39,14,56,33,62,48,27,71,21,54,73,75,92,100,23,72,85,77,115,74,96,78,27,34,31,15,27,33,84,59,53,39,56,83,55,70,118,121,106,92,83,100,79,109,93,74,65,74,83,64,99,55,45,48,60,78,125,46,52,53,36,23,4,42,50,17,36,37,37,40,24,30,32,47,56,51,47,79,28,36,73,57,17,,40,47,34,42,42,40,45,48,,10,39,70,40,33,28,41,43,48,15,37,30,20,39,116,112,108,102,,155,49,62,100,55,63,99,55,77,88,33,,118,,69,,110,78,64,92,55,69,85,89,120,89,68,85,112,56,73,23,109,94,95,92,71,104,79,68,,,,33,,
20260618,1,O3_24h,63,106,117,79,20,125,81,56,22,94,118,66,127,136,82,44,55,36,63,90,63,84,49,45,57,39,33,28,33,41,39,77,51,60,23,28,83,92,107,48,31,32,87,22,99,32,38,42,83,60,124,95,73,26,25,49,23,38,30,38,41,23,36,55,44,48,39,37,131,72,92,63,125,74,35,71,89,112,71,48,85,28,30,35,103,113,101,76,79,75,45,91,80,46,87,120,32,38,44,44,16,45,24,28,27,31,19,22,39,106,86,163,140,140,27,37,23,13,37,46,82,43,48,102,88,47,119,105,100,124,94,97,72,,104,101,63,42,56,25,55,32,47,7,41,52,46,58,62,41,28,57,32,38,58,90,86,118,66,89,,,,,,,,,,,,,,,,,,,,,,,,,,,,,,66,90,21,148,76,152,117,142,71,115,75,71,102,97,,83,140,85,57,56,76,37,25,30,33,73,85,19,39,14,56,33,62,48,27,71,21,54,73,75,92,100,23,72,85,77,115,74,96,78,27,34,31,15,27,33,84,59,53,39,56,83,55,70,118,121,106,92,83,100,79,109,93,74,65,74,83,64,99,55,45,48,60,78,125,46,52,53,36,23,4,42,50,17,36,37,37,40,24,30,32,47,56,51,47,79,28,36,73,57,17,,40,47,34,42,42,40,45,48,,10,39,70,40,33,28,41,43,48,15,37,30,20,39,116,112,108,102,,155,49,62,100,55,63,99,55,77,88,33,,118,,69,,110,78,64,92,55,69,85,89,120,89,68,85,112,56,73,23,109,94,95,92,71,104,79,68,,,,33,,
20260618,1,O3_8h,,,,,,,,,,,,,,,,,,,,,,,,,,,,,,,,,,,,,172,,,,,,,,,,,,,,,,,,,,,,,,,,,,,,,,,,,,,,,,,174,,,,,,,,,,,,,,,,,,183,,,,,,,,,,,,,,,,,195,,,,,,,,,,,,,,,,,,,,,,,,,,,,,,,,,,,,,,,,,,,,,,,,,,,,,,,,,,,,,,,,,,,,,,,,,,,,,,,,,,,,,,,,,,,,,,,,,,,,,,,,,,,,,,,,,,,,,,,,,,,,,,,,,,,,,,,,,,,,,,,,,,,155,,,,,,,,,,,,,,,,,,,,,,,,,,,,,,,,,,,,,,,,,,,,,59,,,,,,34,,,,,,,,,,,,,,,,,,,,,,,,,,,,,,,,,,,,,,,,,,,,,,,,,,,,,,,,,,,,,,,,
20260618,1,O3_8h_24h,,,,,,,,,,,,,,,,,,,,,,,,,,,,,,,,,,,,,,,,,,,,,,,,,,,,,,,,,,,,,,,,,,,,,,,,,,,,,,,,,,,,,,,,,,,,,,,,,,,,,,,,,,,,,,,,,,,,,,,,,,,,,,,,,,,,,,,,,,,,,,,,,,,,,,,,,,,,,,,,,,,,,,,,,,,,,,,,,,,,,,,,,,,,,,,,,,,,,,,,,,,,,,,,,,,,,,,,,,,,,,,,,,,,,,,,,,,,,,,,,,,,,,,,,,,,,,,,,,,,,,,,,,,,,,,,,,,,,,,,,,,,,,,,,,,,,,,,,,,,,,,,,,,,,,,,,,,,,,,,,,,,,,,,,,,,,,,,,,,,,,,,,,,,,,,,,,,,,,,,,,,,,,,,,,,,,,,
20260618,1,CO,0.45,0.71,0.40,0.72,0.70,0.22,0.36,0.30,0.35,0.40,0.55,0.42,0.47,0.70,0.56,0.88,0.69,0.54,0.46,0.48,0.44,0.81,0.77,0.41,0.38,0.58,0.67,0.89,0.44,0.57,0.80,0.34,0.43,0.75,0.59,0.47,0.59,0.65,0.57,0.40,0.70,0.63,0.60,0.45,0.69,0.33,0.28,0.67,0.44,0.43,0.49,0.77,0.60,0.45,0.49,0.53,0.47,0.30,0.47,0.47,0.53,0.40,0.66,0.35,0.50,0.59,0.60,0.44,0.22,0.48,0.77,0.60,0.28,0.37,0.53,0.73,0.50,0.45,0.60,0.47,0.37,0.65,0.57,0.36,0.60,0.37,0.44,0.54,0.36,0.33,0.50,0.50,0.28,0.48,0.27,0.44,0.57,0.67,0.53,0.43,0.70,0.50,0.75,0.60,0.40,0.60,0.53,0.55,0.47,0.20,0.44,0.58,0.77,0.68,0.62,0.88,0.68,0.72,0.72,0.53,0.42,0.40,0.50,0.55,0.60,0.62,0.50,0.40,0.62,0.50,0.65,0.47,0.53,0.50,0.65,0.93,0.70,0.43,0.60,0.67,0.30,0.65,0.60,1.88,0.40,0.33,0.63,0.20,0.85,0.43,0.50,0.55,0.45,0.58,0.50,0.50,0.50,0.50,0.32,0.20,,,,,,,,,,,,,,,,,,,,,,,,,,,,,,0.65,0.50,0.45,0.47,0.47,0.85,0.53,0.67,0.43,0.30,0.43,0.30,0.65,0.47,,0.20,0.50,0.68,0.63,0.55,0.73,0.40,0.50,0.65,0.60,0.35,0.40,0.40,0.40,0.37,0.40,0.40,0.35,0.53,0.45,0.50,0.25,0.35,0.32,0.45,0.57,0.72,0.45,0.40,0.46,0.23,0.35,0.17,0.78,0.30,0.53,0.60,0.30,0.40,0.80,0.77,0.63,1.20,0.35,0.30,0.20,0.75,0.53,0.60,0.52,0.40,0.45,0.43,0.50,0.53,0.30,0.33,0.40,0.67,0.80,0.77,0.82,0.70,0.60,0.80,0.67,0.55,0.68,0.55,0.90,0.50,0.80,0.60,0.65,0.40,0.25,0.63,0.72,0.57,0.37,0.65,0.47,0.80,0.65,0.50,0.60,0.50,0.43,0.60,0.60,0.35,0.25,0.55,0.65,0.30,0.30,,0.25,0.60,0.40,0.40,0.45,0.60,0.25,0.50,,0.70,0.45,0.50,0.40,0.65,0.65,0.70,0.20,0.30,0.75,0.35,0.30,0.60,0.45,0.45,0.20,0.40,0.40,,0.25,0.35,0.43,0.43,0.40,0.90,0.40,0.40,0.30,0.50,0.70,,0.45,,0.25,,0.25,0.60,0.30,0.20,0.50,0.50,0.20,0.40,0.30,0.40,0.35,0.50,,0.25,0.30,1.35,0.10,0.40,0.30,0.50,0.30,0.10,0.30,0.25,,,,0.45,,
20260618,1,CO_24h,0.38,0.57,0.42,0.48,0.55,0.30,0.29,0.30,0.25,0.35,0.53,0.45,0.45,0.70,0.48,0.70,0.61,0.47,0.52,0.54,0.42,0.86,0.55,0.40,0.32,0.56,0.83,0.60,0.40,0.52,0.78,0.40,0.40,0.66,0.59,0.47,0.53,0.55,0.53,0.43,0.60,0.60,0.50,0.45,0.73,0.35,0.28,0.73,0.33,0.41,0.44,0.74,0.54,0.45,0.47,0.57,0.47,0.35,0.47,0.43,0.53,0.40,0.73,0.35,0.52,0.54,0.53,0.44,0.27,0.60,0.60,0.55,0.46,0.35,0.53,0.68,0.44,0.54,0.76,0.60,0.30,0.55,0.50,0.33,0.58,0.33,0.52,0.47,0.36,0.32,0.45,0.35,0.25,0.48,0.27,0.55,0.63,0.67,0.43,0.50,0.60,0.50,0.70,0.57,0.40,0.60,0.47,0.55,0.37,0.20,0.60,0.53,0.70,0.70,0.48,0.76,0.65,0.88,0.56,0.55,0.48,0.40,0.48,0.57,0.60,0.62,0.51,0.35,0.52,0.47,0.65,0.40,0.57,0.57,0.67,0.93,0.70,0.50,0.57,0.74,0.40,0.57,0.60,1.20,0.43,0.37,0.63,0.35,0.77,0.45,0.47,0.60,0.50,0.58,0.50,0.20,0.50,0.68,0.30,0.15,,,,,,,,,,,,,,,,,,,,,,,,,,,,,,0.58,0.50,0.45,0.47,0.43,0.65,0.55,0.57,0.50,0.43,0.40,0.30,0.55,0.47,,0.20,0.50,0.55,0.70,0.50,0.73,0.33,0.50,0.70,0.65,0.40,0.40,0.37,0.43,0.27,0.47,0.42,0.40,0.47,0.40,0.50,0.30,0.37,0.34,0.35,0.57,0.63,0.40,0.40,0.50,0.27,0.40,0.23,0.70,0.33,0.50,0.90,0.45,0.35,0.95,0.60,0.77,0.68,0.80,0.38,0.40,0.82,0.77,0.55,0.52,0.40,0.45,0.43,0.42,0.53,0.23,0.37,0.45,0.70,0.84,0.77,0.85,0.70,0.53,0.80,0.63,0.60,0.85,0.55,0.90,0.70,0.77,0.55,0.75,0.45,0.30,0.70,0.67,0.63,0.37,0.40,0.47,0.80,0.70,0.50,0.70,0.70,0.50,0.60,0.60,0.40,0.35,0.55,0.70,0.35,0.30,,0.20,0.70,0.43,0.43,0.45,0.50,0.30,0.45,,0.65,0.35,0.50,0.40,0.65,0.55,0.60,0.20,0.30,0.65,0.35,0.45,0.55,0.35,0.45,0.20,0.35,0.40,,0.25,0.35,0.60,0.47,0.50,0.85,0.35,0.40,0.30,0.45,0.60,,0.45,,0.35,,0.35,0.50,0.40,0.30,0.40,0.30,0.20,0.40,0.40,0.35,0.35,0.45,0.20,0.20,0.25,0.65,0.15,0.35,0.25,0.45,0.50,0.10,0.30,0.25,,,,0.45,,
20260618,2,AQI,24,83,58,75,62,47,58,22,32,69,56,65,76,73,29,60,46,33,28,55,36,76,46,19,46,30,36,42,43,33,33,25,31,66,42,22,52,76,63,17,34,40,29,13,39,15,12,23,48,21,38,51,50,15,16,15,18,16,25,16,14,15,22,29,20,36,17,21,40,21,26,29,37,29,54,48,43,36,66,22,53,57,23,36,66,37,51,64,40,23,37,44,49,29,31,44,11,14,29,16,18,23,15,26,14,23,31,21,18,39,26,48,66,68,27,50,36,40,76,27,28,23,36,46,51,34,39,54,51,42,59,31,56,51,37,65,54,21,30,15,26,31,19,59,26,29,47,19,39,18,49,31,51,33,23,51,31,40,19,68,,,,,,,,,,,,,,,,,,,,,,,,,,,,,,50,51,22,44,48,79,34,64,50,47,28,34,42,27,,26,42,46,33,49,45,41,24,15,22,27,41,34,36,22,21,20,19,24,21,26,22,23,30,42,47,40,23,41,46,31,33,28,34,36,25,10,11,18,9,44,37,32,19,12,17,28,21,28,60,47,41,39,55,41,30,52,49,37,49,52,58,49,49,40,48,34,23,61,36,14,56,43,63,47,18,36,24,22,24,33,12,13,17,21,23,23,18,19,39,26,20,33,23,25,21,,12,16,12,16,42,12,16,12,,17,16,21,13,31,18,13,13,23,23,12,27,25,15,34,33,36,30,,49,16,34,40,17,24,26,33,51,34,46,,45,,35,,33,26,22,28,29,22,21,32,43,42,28,93,80,24,29,96,37,40,104,35,35,31,49,47,,,,22,,
20260618,2,PM2.5,12,61,41,55,37,33,41,13,13,50,35,42,56,53,16,43,32,23,12,39,21,56,32,12,32,20,25,29,30,23,23,6,22,48,20,9,35,56,45,7,24,21,12,4,20,6,8,15,32,15,24,34,35,7,5,5,12,8,14,9,5,8,11,16,12,25,6,9,5,8,15,20,8,15,38,32,26,15,48,14,37,34,16,25,48,22,36,46,28,13,26,27,33,11,22,31,3,10,15,9,9,7,7,18,9,16,22,3,5,22,15,24,35,46,15,35,25,28,56,19,12,16,19,32,32,24,23,25,36,21,33,22,40,36,26,47,38,7,20,3,12,22,13,27,11,15,33,12,27,9,34,21,14,23,14,34,16,13,6,43,,,,,,,,,,,,,,,,,,,,,,,,,,,,,,35,25,11,21,28,58,14,46,22,15,15,21,13,12,,3,5,32,23,34,27,29,14,5,13,19,29,24,25,13,12,14,6,15,9,18,15,13,17,14,32,28,16,29,21,20,23,7,24,25,7,4,3,6,5,31,26,12,4,4,3,16,3,17,43,27,27,23,36,27,14,28,26,24,34,30,41,25,34,28,29,19,9,44,25,3,40,30,45,33,8,9,11,13,17,23,6,6,7,8,12,12,8,13,27,14,11,23,11,16,7,,3,3,5,11,18,3,5,6,,12,11,3,4,13,10,8,3,16,15,3,12,17,3,3,15,3,15,,3,6,24,25,7,17,12,23,30,23,22,,26,,22,,10,16,7,12,14,3,3,7,14,23,16,43,28,12,5,67,15,5,48,18,3,3,11,8,,,,14,,
20260618,2,PM2.5_24h,11,27,35,26,23,24,21,12,12,19,34,27,36,36,10,22,26,13,15,29,14,28,10,10,17,12,22,18,15,12,19,7,25,39,25,10,35,30,25,9,16,24,23,8,19,5,7,16,21,14,24,30,27,6,4,5,7,4,6,5,6,9,11,14,21,21,13,7,8,23,22,18,15,13,29,29,12,19,34,22,24,26,9,19,24,17,27,31,17,15,16,16,26,14,12,26,5,7,10,9,6,5,8,7,9,9,10,5,5,16,13,22,26,40,9,32,20,23,31,20,16,16,19,21,21,20,24,25,26,24,26,24,37,38,24,37,29,18,12,11,11,27,14,14,10,11,29,20,26,10,32,29,21,27,22,26,24,18,10,40,,,,,,,,,,,,,,,,,,,,,,,,,,,,,,27,21,5,19,21,40,17,31,22,13,12,14,13,9,,5,10,13,28,17,16,16,13,14,17,15,24,20,19,14,11,11,12,14,14,18,13,16,19,15,22,21,12,25,19,15,19,14,20,22,5,8,5,4,15,16,28,26,21,13,20,27,23,17,34,22,20,22,23,22,18,22,24,25,39,25,41,29,28,26,25,24,25,36,30,24,36,24,35,26,8,9,9,11,13,15,10,15,7,7,27,14,10,12,16,17,15,18,23,17,7,,4,18,8,15,18,14,7,20,,16,11,10,5,11,10,6,7,10,9,5,11,11,7,4,5,2,10,,3,6,23,24,16,24,17,20,26,49,21,,22,,23,,18,17,10,12,15,8,2,9,22,26,18,38,71,11,7,25,14,16,81,17,7,3,7,16,,,,14,,
20260618,2,PM10,24,87,63,90,74,45,65,22,32,72,62,80,73,82,29,54,41,20,28,55,36,74,34,19,42,30,33,42,35,28,26,10,26,56,42,22,53,69,57,17,33,40,29,13,39,15,12,23,48,17,38,51,47,15,16,10,18,16,25,16,14,15,22,29,20,28,17,21,9,18,26,26,32,29,50,48,43,36,65,22,,63,15,32,63,34,41,74,40,20,34,44,49,29,15,32,8,14,29,16,18,23,15,19,14,18,30,21,18,39,24,40,82,85,27,46,29,39,75,26,28,21,36,41,51,33,39,58,52,42,68,31,49,46,35,48,,21,30,15,26,31,15,67,26,29,,19,31,18,49,31,51,32,17,51,31,40,19,85,,,,,,,,,,,,,,,,,,,,,,,,,,,,,,42,52,22,44,48,68,31,60,50,47,28,34,42,26,,9,16,45,33,35,45,32,24,15,22,,,28,31,22,21,15,14,24,21,23,22,23,30,42,47,38,22,26,46,31,28,28,34,33,25,10,8,18,9,34,34,32,15,10,12,28,21,28,55,47,41,39,60,41,30,53,49,37,47,53,51,49,41,35,48,34,23,,32,7,46,38,52,35,18,36,24,22,16,28,12,10,17,21,23,23,15,15,39,21,20,29,18,25,21,,6,16,7,,42,11,11,9,,12,13,16,13,31,18,12,12,20,23,11,27,25,15,6,16,24,21,,11,8,22,40,17,24,22,31,51,34,46,,45,,35,,27,26,16,21,29,22,13,24,43,42,28,135,109,24,29,141,37,40,158,35,35,24,49,47,,,,22,,
20260618,2,PM10_24h,17,41,51,38,47,37,34,19,26,25,51,61,57,65,17,30,33,16,32,38,29,36,12,15,30,20,35,31,21,14,24,11,28,51,40,22,48,33,30,19,24,42,34,20,38,16,8,20,40,16,40,44,42,11,11,8,11,9,15,10,11,15,20,24,31,25,29,15,18,40,37,23,49,38,43,41,23,46,48,32,26,32,11,29,47,37,44,55,34,25,37,37,41,20,18,38,10,12,18,13,10,14,12,10,16,13,14,17,12,37,22,38,66,63,15,44,22,29,39,26,27,20,34,30,36,28,42,43,40,42,49,44,49,50,37,44,28,31,26,19,21,37,15,36,23,22,29,28,31,15,52,46,40,36,43,66,41,53,27,105,,,,,,,,,,,,,,,,,,,,,,,,,,,,,,34,34,11,46,42,60,34,47,62,45,24,32,36,21,,12,34,19,35,24,21,21,21,23,32,18,19,24,23,21,14,15,16,13,27,21,18,29,32,31,39,31,19,26,40,31,21,26,31,28,16,14,15,9,17,21,41,44,35,23,36,37,39,32,48,43,36,35,35,42,32,43,46,35,57,41,57,50,35,33,42,35,40,40,28,32,43,36,43,31,17,20,16,9,15,30,23,26,17,18,41,20,15,14,29,24,30,23,28,19,20,,8,23,12,13,31,23,14,23,,28,13,20,8,28,15,12,12,18,21,9,18,17,14,6,13,11,16,,9,9,30,41,30,36,35,32,65,107,47,,41,,40,,36,27,19,28,25,19,12,16,58,56,30,134,203,30,23,54,36,50,389,51,33,23,39,47,,,,24,,
20260618,2,SO2,3,5,4,8,7,5,3,3,3,3,8,5,2,8,8,12,8,5,5,6,6,7,4,7,7,7,6,10,6,10,8,7,6,7,7,5,7,8,6,6,7,3,4,5,9,4,3,7,5,5,4,5,6,5,5,5,5,5,4,3,5,8,3,4,8,4,6,6,5,5,10,17,4,5,5,7,11,6,6,6,6,18,3,12,14,8,8,12,10,9,6,6,7,8,4,6,16,6,7,5,7,6,6,5,4,9,7,5,6,5,7,10,13,7,12,5,8,7,5,5,4,5,6,6,7,5,10,3,9,7,6,8,8,,5,10,7,5,3,6,2,8,9,17,6,9,4,6,2,3,5,5,3,6,7,16,7,11,5,4,,,,,,,,,,,,,,,,,,,,,,,,,,,,,,6,5,4,5,4,8,5,6,6,11,9,4,12,4,,6,10,12,7,8,6,5,7,10,9,1,4,7,9,5,7,5,4,9,7,9,7,6,10,7,10,7,5,8,7,7,5,4,5,7,5,4,3,4,5,5,10,4,4,2,8,3,5,6,9,6,6,4,6,6,5,6,8,8,5,7,7,11,9,6,4,5,8,11,6,5,6,7,45,3,6,5,3,6,5,15,10,7,6,6,6,8,10,4,6,6,4,5,8,4,3,,6,6,4,6,3,6,4,2,,3,5,7,7,6,8,1,4,4,8,6,7,5,8,7,5,6,4,,4,2,4,8,5,8,5,9,9,6,10,,7,,8,,4,9,6,9,8,14,6,20,6,6,7,6,4,7,4,4,12,4,7,5,3,7,6,7,,,,5,,
20260618,2,SO2_24h,2,5,4,8,7,5,2,3,3,3,6,6,4,11,8,6,8,5,5,7,6,7,4,6,7,8,6,7,4,9,7,7,6,6,7,5,7,6,6,6,7,3,4,5,9,4,2,8,6,6,4,5,6,5,5,5,5,5,5,3,4,7,4,4,9,4,9,5,7,5,9,16,8,5,6,7,11,8,7,6,6,7,3,10,11,8,10,10,10,7,6,5,6,8,3,9,11,5,7,6,7,6,5,5,5,5,5,3,5,5,7,10,8,8,10,6,9,7,6,5,3,5,5,6,6,5,12,3,9,9,6,11,9,9,5,10,7,9,3,5,3,8,9,26,6,10,3,6,4,3,5,6,3,7,9,14,10,23,5,5,,,,,,,,,,,,,,,,,,,,,,,,,,,,,,6,6,4,5,6,10,6,6,4,10,8,4,13,5,,6,11,7,7,7,6,4,7,10,11,1,6,7,10,5,8,5,4,11,6,10,7,7,9,6,9,8,5,7,7,6,6,5,5,7,5,8,3,3,6,5,11,6,8,2,9,4,6,8,6,6,6,4,6,6,4,5,8,9,8,8,8,6,8,6,5,5,10,6,7,8,6,8,19,3,6,6,2,5,4,11,10,6,6,3,9,9,10,3,6,7,5,6,8,5,3,,6,7,4,7,3,7,4,2,,4,5,7,7,5,8,1,4,4,8,6,7,5,9,6,5,6,4,,4,3,6,8,5,8,9,11,9,8,10,,5,,8,,4,12,7,10,11,16,6,18,9,6,7,6,6,8,5,4,9,5,4,6,3,7,7,8,,,,5,,
20260618,2,NO2,26,24,11,14,49,21,27,11,11,23,11,44,7,12,22,25,30,18,18,20,24,20,9,23,25,15,30,29,26,8,19,2,11,28,52,22,21,21,17,7,21,22,11,13,26,14,16,17,30,13,20,30,17,21,17,4,20,6,15,20,11,13,8,3,10,16,6,12,6,11,16,12,9,21,39,19,32,14,10,7,10,37,19,22,28,14,12,32,19,11,19,15,23,20,7,8,13,9,9,7,15,5,15,14,17,12,21,16,15,15,13,7,23,8,27,16,23,24,36,10,10,11,18,18,23,27,13,24,28,10,32,14,14,15,21,6,12,4,7,9,10,15,9,27,13,8,16,6,11,10,32,13,21,11,15,10,8,12,17,9,,,,,,,,,,,,,,,,,,,,,,,,,,,,,,10,15,13,18,12,7,4,8,35,4,11,6,14,24,,4,4,15,8,17,16,26,16,10,13,10,11,11,13,13,5,9,10,12,13,14,8,21,13,8,21,10,10,13,16,7,10,11,17,13,14,9,4,9,13,15,8,8,2,4,4,8,4,7,34,19,17,22,29,15,11,18,18,5,13,33,17,14,11,11,30,4,7,9,12,6,13,11,8,6,27,18,10,12,11,13,11,5,10,17,18,8,8,10,24,4,16,18,6,7,6,,14,6,8,3,10,5,3,6,,4,8,9,5,7,8,4,4,7,7,7,8,12,10,4,2,3,7,,2,5,11,19,6,13,9,16,13,7,42,,11,,5,,6,6,5,1,17,1,24,1,11,17,16,10,4,24,9,73,4,8,9,19,3,5,10,13,,,,5,,
20260618,2,NO2_24h,13,14,8,12,19,14,11,9,11,13,11,17,12,16,12,14,17,14,17,19,16,18,10,13,10,7,19,17,14,5,10,3,11,23,32,15,18,15,15,8,23,21,18,12,18,13,12,11,14,11,13,20,12,17,12,3,15,5,12,11,10,12,10,7,16,12,11,9,10,14,12,18,16,16,21,12,21,19,11,12,10,18,13,14,16,8,14,16,13,12,14,11,12,14,9,13,13,9,11,10,11,5,12,8,16,12,13,10,7,15,11,8,14,9,17,12,15,14,18,13,12,12,14,14,13,24,14,12,17,11,20,12,16,13,18,9,10,6,5,11,10,12,12,17,14,8,13,12,10,8,18,14,16,11,16,6,10,21,10,8,,,,,,,,,,,,,,,,,,,,,,,,,,,,,,8,10,9,11,15,8,5,12,30,13,14,10,12,13,,9,6,8,10,16,9,13,9,14,14,11,11,9,13,11,7,8,10,12,20,15,7,14,11,8,12,12,6,8,14,7,9,10,14,9,9,11,6,5,17,8,12,10,8,6,8,9,9,8,17,13,12,15,18,13,9,12,12,12,14,17,14,16,10,9,12,6,9,8,12,12,10,9,6,8,18,13,12,11,10,11,10,7,10,7,22,12,8,10,21,7,23,12,13,6,5,,11,16,11,4,9,9,4,9,,11,6,12,6,7,7,5,4,7,5,7,7,9,10,5,3,3,8,,3,6,12,12,10,13,8,11,14,9,17,,10,,6,,14,10,3,1,8,2,13,2,12,14,13,10,8,12,9,16,4,11,5,11,3,9,8,7,,,,5,,
20260618,2,O3,50,98,101,61,39,113,75,49,23,87,113,55,125,129,90,36,48,41,58,82,51,82,44,41,47,36,28,30,28,41,32,79,53,50,14,22,64,96,93,41,23,37,60,16,92,27,31,52,80,64,118,87,67,26,27,47,22,37,28,33,38,30,41,58,46,40,46,40,129,66,78,63,117,70,37,64,86,116,89,45,90,54,28,34,103,118,97,65,69,75,39,81,81,50,93,106,34,37,45,47,16,43,30,32,27,30,17,18,27,99,82,153,122,136,31,31,20,8,30,54,85,39,44,102,83,60,107,90,110,126,75,87,68,90,91,100,80,42,54,27,66,27,49,6,41,59,41,50,56,36,21,78,30,31,75,88,89,106,59,91,,,,,,,,,,,,,,,,,,,,,,,,,,,,,,44,,20,131,102,152,109,142,69,121,72,70,126,86,,82,134,69,57,49,50,46,32,36,32,64,78,18,43,11,57,28,62,52,28,68,15,54,69,82,74,97,17,60,76,76,107,67,81,76,25,31,35,17,24,31,81,53,61,37,55,73,45,63,90,109,98,91,78,,69,93,85,68,71,73,64,101,89,60,48,58,58,92,112,45,39,54,47,22,6,39,52,18,34,33,32,41,26,14,30,51,57,45,33,82,31,28,72,,16,,37,43,39,50,43,38,51,39,,12,37,68,41,35,28,42,42,47,14,38,26,18,38,110,107,116,97,,157,50,52,100,50,73,82,43,74,90,21,,128,,61,,106,77,70,90,56,71,68,103,119,77,64,82,114,53,69,12,112,102,94,75,60,99,83,62,,,,33,,
20260618,2,O3_24h,50,98,101,61,39,113,75,49,23,87,113,55,125,129,90,36,48,41,58,82,51,82,44,41,47,36,28,30,28,41,32,79,53,50,14,22,64,96,93,41,23,37,60,16,92,27,31,52,80,64,118,87,67,26,27,47,22,37,28,33,38,30,41,58,46,40,46,40,129,66,78,63,117,70,37,64,86,116,89,45,90,54,28,34,103,118,97,65,69,75,39,81,81,50,93,106,34,37,45,47,16,43,30,32,27,30,17,18,27,99,82,153,122,136,31,31,20,8,30,54,85,39,44,102,83,60,107,90,110,126,75,87,68,90,91,100,80,42,54,27,66,27,49,6,41,59,41,50,56,36,21,78,30,31,75,88,89,106,59,91,,,,,,,,,,,,,,,,,,,,,,,,,,,,,,44,,20,131,102,152,109,142,69,121,72,70,126,86,,82,134,69,57,49,50,46,32,36,32,64,78,18,43,11,57,28,62,52,28,68,15,54,69,82,74,97,17,60,76,76,107,67,81,76,25,31,35,17,24,31,81,53,61,37,55,73,45,63,90,109,98,91,78,,69,93,85,68,71,73,64,101,89,60,48,58,58,92,112,45,39,54,47,22,6,39,52,18,34,33,32,41,26,14,30,51,57,45,33,82,31,28,72,,16,,37,43,39,50,43,38,51,39,,12,37,68,41,35,28,42,42,47,14,38,26,18,38,110,107,116,97,,157,50,52,100,50,73,82,43,74,90,21,,128,,61,,106,77,70,90,56,71,68,103,119,77,64,82,114,53,69,12,112,102,94,75,60,99,83,62,,,,33,,
20260618,2,O3_8h,,,,,,,,,,,,,,,,,,,,,,,,,,,,,,,,,,,,,172,,,,,,,,,,,,,,,,,,,,,,,,,,,,,,,,,,,,,,,,,174,,,,,,,,,,,,,,,,,,183,,,,,,,,,,,,,,,,,195,,,,,,,,,,,,,,,,,,,,,,,,,,,,,,,,,,,,,,,,,,,,,,,,,,,,,,,,,,,,,,,,,,,,,,,,,,,,,,,,,,,,,,,,,,,,,,,,,,,,,,,,,,,,,,,,,,,,,,,,,,,,,,,,,,,,,,,,,,,,,,,,,,,155,,,,,,,,,,,,,,,,,,,,,,,,,,,,,,,,,,,,,,,,,,,,,59,,,,,,34,,,,,,,,,,,,,,,,,,,,,,,,,,,,,,,,,,,,,,,,,,,,,,,,,,,,,,,,,,,,,,,,
20260618,2,O3_8h_24h,,,,,,,,,,,,,,,,,,,,,,,,,,,,,,,,,,,,,,,,,,,,,,,,,,,,,,,,,,,,,,,,,,,,,,,,,,,,,,,,,,,,,,,,,,,,,,,,,,,,,,,,,,,,,,,,,,,,,,,,,,,,,,,,,,,,,,,,,,,,,,,,,,,,,,,,,,,,,,,,,,,,,,,,,,,,,,,,,,,,,,,,,,,,,,,,,,,,,,,,,,,,,,,,,,,,,,,,,,,,,,,,,,,,,,,,,,,,,,,,,,,,,,,,,,,,,,,,,,,,,,,,,,,,,,,,,,,,,,,,,,,,,,,,,,,,,,,,,,,,,,,,,,,,,,,,,,,,,,,,,,,,,,,,,,,,,,,,,,,,,,,,,,,,,,,,,,,,,,,,,,,,,,,,,,,,,,,
20260618,2,CO,0.44,0.72,0.42,0.74,0.65,0.25,0.37,0.23,0.35,0.40,0.53,0.42,0.45,0.75,0.56,0.95,0.64,0.54,0.44,0.48,0.43,0.76,0.90,0.46,0.38,0.58,0.66,0.97,0.42,0.53,0.76,0.34,0.43,0.75,0.63,0.47,0.59,0.63,0.55,0.43,0.65,0.60,0.50,0.50,0.67,0.35,0.30,0.67,0.41,0.43,0.51,0.79,0.63,0.43,0.50,0.53,0.47,0.30,0.47,0.43,0.53,0.40,0.64,0.33,0.49,0.60,0.57,0.46,0.22,0.48,0.83,0.65,0.28,0.36,0.52,0.73,0.54,0.53,0.62,0.47,0.37,0.65,0.53,0.39,0.60,0.37,0.50,0.60,0.40,0.35,0.50,0.55,0.28,0.48,0.27,0.46,0.50,0.65,0.53,0.43,0.60,0.50,0.65,0.57,0.40,0.50,0.50,0.55,0.57,0.20,0.47,0.60,0.83,0.68,0.52,0.98,0.75,0.72,0.78,0.52,0.42,0.43,0.50,0.58,0.57,0.60,0.49,0.38,0.62,0.47,0.65,0.47,0.53,0.53,0.65,0.90,0.70,0.43,0.63,0.66,0.35,0.63,0.57,1.73,0.40,0.25,0.63,0.20,0.88,0.47,0.50,0.55,0.40,0.56,0.60,0.30,0.50,0.48,0.32,0.15,,,,,,,,,,,,,,,,,,,,,,,,,,,,,,0.67,0.60,0.45,0.47,0.47,0.80,0.53,0.67,0.47,0.30,0.43,0.40,0.55,0.50,,0.20,0.50,0.70,0.63,0.60,0.77,0.37,0.50,0.55,0.60,0.35,0.40,0.37,0.33,0.33,0.40,0.40,0.35,0.47,0.40,0.50,0.25,0.37,0.34,0.45,0.60,0.70,0.40,0.40,0.44,0.23,0.35,0.17,0.90,0.33,0.53,0.63,0.25,0.40,0.70,0.73,0.57,0.75,0.30,0.30,0.20,0.73,0.53,0.60,0.52,0.42,0.45,0.43,0.52,0.53,0.25,0.33,0.50,0.63,0.80,0.77,0.80,0.60,0.57,0.80,0.63,0.55,0.67,0.55,0.90,0.50,0.83,0.60,0.65,0.40,0.20,0.60,0.57,0.60,0.37,0.60,0.47,0.80,0.65,0.50,0.60,0.50,0.43,0.60,0.60,0.33,0.25,0.60,0.60,0.30,0.30,,0.25,0.55,0.37,0.40,0.40,0.60,0.25,0.50,,0.70,0.45,0.50,0.45,0.65,0.65,0.70,0.20,0.30,0.70,0.35,0.35,0.60,0.35,0.45,0.20,0.40,0.40,,0.25,0.40,0.50,0.40,0.40,0.80,0.55,0.65,0.30,0.50,0.60,,0.45,,0.30,,0.25,0.60,0.30,0.20,0.60,0.40,0.20,0.40,0.33,0.40,0.40,0.50,,0.25,0.25,1.55,0.10,0.35,0.25,0.50,0.30,0.10,0.30,0.25,,,,0.40,,
20260618,2,CO_24h,0.38,0.58,0.42,0.50,0.55,0.30,0.29,0.30,0.25,0.35,0.53,0.45,0.45,0.70,0.48,0.71,0.62,0.47,0.52,0.54,0.42,0.86,0.55,0.40,0.34,0.56,0.83,0.60,0.42,0.52,0.78,0.40,0.40,0.68,0.59,0.47,0.54,0.55,0.53,0.43,0.60,0.60,0.50,0.45,0.72,0.35,0.28,0.73,0.33,0.41,0.45,0.74,0.54,0.45,0.49,0.57,0.47,0.30,0.47,0.43,0.53,0.40,0.73,0.38,0.52,0.55,0.53,0.44,0.27,0.60,0.63,0.55,0.46,0.35,0.53,0.68,0.44,0.54,0.74,0.60,0.30,0.55,0.50,0.33,0.58,0.33,0.52,0.50,0.38,0.32,0.45,0.38,0.23,0.48,0.27,0.55,0.63,0.67,0.43,0.50,0.65,0.50,0.70,0.53,0.40,0.60,0.47,0.55,0.37,0.20,0.56,0.53,0.70,0.68,0.48,0.80,0.65,0.86,0.58,0.53,0.48,0.40,0.48,0.57,0.60,0.62,0.51,0.35,0.55,0.47,0.65,0.40,0.57,0.57,0.65,0.93,0.70,0.50,0.57,0.71,0.40,0.57,0.60,1.25,0.43,0.37,0.63,0.30,0.75,0.43,0.47,0.60,0.50,0.60,0.55,0.20,0.50,0.68,0.30,0.15,,,,,,,,,,,,,,,,,,,,,,,,,,,,,,0.58,0.50,0.45,0.47,0.43,0.60,0.55,0.60,0.50,0.43,0.40,0.30,0.60,0.47,,0.20,0.50,0.58,0.70,0.50,0.73,0.37,0.50,0.70,0.65,0.40,0.40,0.37,0.43,0.27,0.47,0.42,0.40,0.47,0.40,0.50,0.25,0.35,0.34,0.35,0.57,0.63,0.40,0.40,0.50,0.27,0.40,0.23,0.73,0.33,0.53,0.90,0.45,0.35,0.95,0.60,0.73,0.68,0.70,0.36,0.40,0.82,0.77,0.60,0.50,0.40,0.45,0.43,0.42,0.53,0.23,0.37,0.45,0.70,0.84,0.77,0.85,0.70,0.53,0.80,0.63,0.60,0.85,0.55,0.90,0.70,0.77,0.60,0.75,0.45,0.30,0.67,0.63,0.63,0.37,0.40,0.47,0.80,0.70,0.50,0.70,0.70,0.50,0.60,0.60,0.40,0.35,0.55,0.65,0.35,0.30,,0.20,0.70,0.43,0.43,0.45,0.50,0.30,0.45,,0.65,0.35,0.50,0.40,0.65,0.55,0.60,0.20,0.30,0.65,0.35,0.45,0.55,0.35,0.45,0.20,0.35,0.40,,0.30,0.35,0.60,0.47,0.50,0.85,0.35,0.40,0.30,0.45,0.60,,0.45,,0.35,,0.30,0.60,0.40,0.30,0.40,0.30,0.20,0.40,0.40,0.35,0.35,0.45,0.10,0.20,0.25,0.70,0.15,0.35,0.25,0.45,0.50,0.10,0.30,0.25,,,,0.45,,
20260618,3,AQI,26,85,63,88,60,46,60,19,32,79,61,66,80,74,33,63,54,31,31,59,35,74,40,23,55,33,39,46,46,36,33,24,36,65,45,23,52,73,64,18,42,31,27,13,37,14,11,23,47,20,39,53,48,16,15,16,20,14,20,18,14,16,25,27,20,40,16,18,39,23,23,30,35,31,55,47,41,34,69,21,50,53,17,31,68,38,61,65,46,23,43,43,49,20,30,53,11,16,26,17,21,19,14,23,16,21,30,23,16,34,29,44,65,66,27,47,37,38,73,24,26,26,37,49,50,37,42,56,56,38,64,30,50,54,40,61,55,16,30,16,27,30,17,54,25,23,37,19,39,14,49,29,29,31,27,53,28,38,24,59,,,,,,,,,,,,,,,,,,,,,,,,,,,,,,47,58,27,42,52,90,34,69,54,38,25,32,44,31,,25,40,43,36,53,44,34,20,14,27,23,41,36,37,19,22,20,21,23,19,24,24,27,29,38,60,40,23,46,46,39,40,20,36,46,25,14,12,18,10,39,33,25,11,13,16,23,22,25,61,47,39,48,54,38,23,48,51,31,43,50,65,54,50,46,47,30,18,59,37,14,53,46,61,46,17,38,22,32,26,29,14,12,16,25,27,19,19,26,42,24,25,21,21,21,26,,10,15,13,16,34,12,17,14,,10,19,18,13,29,17,13,13,20,27,12,26,23,16,31,34,37,32,,47,16,30,36,17,31,22,31,56,36,47,,51,,40,,31,26,18,28,26,28,22,31,44,40,30,92,40,27,22,82,41,35,88,39,15,24,52,59,,,,20,,
20260618,3,PM2.5,13,63,45,65,33,32,39,13,12,58,44,48,59,54,16,45,38,22,12,42,23,54,28,16,39,23,27,31,32,25,23,8,25,47,27,10,36,53,46,7,28,18,5,3,21,5,7,16,33,14,25,36,33,7,6,4,13,6,12,10,4,8,11,15,10,28,6,8,6,7,16,21,10,11,39,32,27,19,50,14,35,28,12,22,49,23,44,47,32,14,30,27,34,14,21,37,3,10,14,7,6,6,6,16,10,15,21,5,9,21,15,26,33,48,8,33,26,26,53,17,12,16,21,34,33,26,25,38,40,24,33,21,35,38,28,44,39,5,20,3,11,21,9,23,10,15,26,12,27,8,33,19,15,22,16,22,11,18,9,36,,,,,,,,,,,,,,,,,,,,,,,,,,,,,,33,41,14,24,34,67,15,50,24,16,15,13,9,13,,3,8,30,25,37,30,24,13,3,18,16,29,25,26,9,11,14,13,12,11,17,17,16,20,14,34,28,16,32,26,27,28,7,25,32,9,8,3,5,3,27,23,8,3,3,3,13,4,16,44,30,22,27,35,23,10,21,27,17,30,34,47,16,35,23,31,19,7,42,26,3,37,32,44,32,9,11,14,17,18,20,7,3,7,11,12,12,9,18,28,13,11,15,11,15,7,,5,3,3,6,20,3,3,9,,7,13,3,3,13,12,3,9,14,13,6,12,12,3,3,5,3,9,,3,5,21,24,7,14,11,20,28,23,24,,25,,20,,14,16,6,11,14,9,3,7,31,22,16,33,18,9,5,57,17,5,37,16,3,10,9,16,,,,12,,
20260618,3,PM2.5_24h,10,29,35,28,23,24,23,12,12,21,34,28,37,37,10,23,26,13,15,30,14,30,11,11,17,13,22,18,15,13,19,7,24,40,25,10,36,30,26,8,16,24,22,8,19,5,7,16,21,13,24,30,27,6,4,5,8,5,6,5,6,9,11,14,20,22,13,7,8,23,22,18,14,12,29,29,13,18,35,21,25,26,9,19,25,17,28,31,17,15,17,16,26,13,12,26,5,7,11,9,6,5,8,8,9,10,10,5,5,17,13,22,26,40,9,33,20,23,32,20,16,16,19,21,21,20,24,26,27,24,26,23,37,38,23,36,29,17,13,11,11,27,13,15,10,11,29,19,26,9,33,29,21,27,22,26,23,18,10,38,,,,,,,,,,,,,,,,,,,,,,,,,,,,,,27,22,6,19,22,41,17,32,22,13,13,14,12,9,,5,10,13,29,18,16,16,13,13,17,15,24,21,20,13,11,11,11,14,14,17,13,15,19,14,22,22,12,25,19,15,19,14,20,22,5,8,5,4,15,17,28,25,20,12,19,27,22,17,34,22,20,22,24,22,19,21,24,24,39,25,42,28,28,26,25,24,24,36,30,22,36,25,34,26,8,10,9,11,13,16,9,14,7,7,26,13,9,11,15,17,15,17,22,17,7,,4,18,8,14,18,14,7,20,,16,11,10,5,11,10,6,8,10,9,5,11,11,7,4,5,2,10,,3,6,23,24,15,24,16,19,27,45,21,,22,,23,,18,18,10,12,15,8,2,9,23,26,17,39,70,11,6,27,14,15,80,17,7,3,7,16,,,,14,,
20260618,3,PM10,26,87,69,98,70,44,69,19,32,71,59,77,69,85,33,55,49,25,31,59,35,69,39,22,46,31,35,46,37,25,28,15,30,53,45,23,53,61,52,18,42,31,27,13,37,14,11,20,47,15,39,55,48,16,15,8,20,14,20,18,14,16,25,27,20,32,12,18,9,18,23,26,35,31,49,47,41,33,61,21,,55,12,26,64,38,47,80,43,21,35,43,45,15,12,39,8,16,26,17,21,19,14,17,16,21,29,23,16,34,29,38,79,80,27,47,28,38,66,24,26,26,37,43,50,32,42,61,57,38,78,28,42,45,37,46,,16,30,16,27,30,10,58,25,23,25,19,31,14,49,29,29,28,27,56,28,38,24,68,,,,,,,,,,,,,,,,,,,,,,,,,,,,,,43,48,27,42,53,68,23,63,57,38,25,32,33,31,,6,20,38,34,30,44,,20,14,27,,,29,30,19,22,15,18,23,19,21,20,27,29,38,70,34,20,28,46,29,32,18,35,32,25,14,8,18,7,33,32,25,11,11,9,23,22,25,53,47,39,48,58,38,23,48,51,19,40,50,57,57,38,46,47,30,18,,32,8,45,42,49,,17,38,22,32,15,26,14,7,16,25,27,19,19,18,42,16,25,21,17,21,26,,8,15,7,,34,10,12,14,,9,,13,13,29,16,11,,18,27,12,26,23,16,6,6,14,11,,11,7,28,36,17,27,22,31,61,36,47,,52,,40,,23,26,14,25,26,28,11,16,41,40,30,134,40,27,22,113,41,35,125,39,6,21,54,67,,,,20,,
20260618,3,PM10_24h,17,44,52,41,49,38,37,19,26,27,52,62,58,67,18,31,33,16,31,39,29,38,13,16,30,21,35,31,21,14,25,10,27,51,41,22,49,34,31,19,24,41,34,19,38,16,9,20,41,16,40,44,42,11,12,8,12,9,15,10,11,15,20,25,30,25,28,15,17,40,36,24,48,37,43,41,24,46,49,31,26,33,12,29,48,38,44,56,34,24,38,38,41,19,18,39,10,12,19,13,11,14,12,10,16,13,14,17,12,37,22,38,66,63,16,45,23,30,39,26,27,21,34,30,37,27,42,44,41,42,49,43,50,50,37,44,29,30,26,19,21,36,15,37,23,21,29,27,31,15,52,45,38,36,43,66,38,52,27,99,,,,,,,,,,,,,,,,,,,,,,,,,,,,,,35,34,12,45,42,61,33,48,62,45,24,33,37,22,,12,33,20,36,25,22,21,21,23,31,17,19,25,24,21,15,15,16,13,26,20,18,29,32,31,40,32,19,26,40,30,22,26,31,28,16,13,15,9,17,22,40,43,34,23,34,37,39,32,48,43,36,36,36,43,33,43,46,35,57,42,58,50,35,33,42,33,38,40,29,30,43,36,43,30,17,22,16,10,15,30,21,25,17,19,41,20,15,13,29,23,30,22,28,19,20,,9,23,12,13,31,22,14,22,,27,13,20,12,28,15,11,12,18,21,9,18,18,14,6,13,12,16,,10,9,30,41,29,35,34,31,67,98,47,,42,,40,,35,27,19,28,25,19,12,16,59,56,29,137,203,30,23,57,37,47,391,49,32,23,39,47,,,,23,,
20260618,3,SO2,3,6,6,10,,5,4,6,3,3,6,7,2,10,9,10,8,5,5,7,6,7,4,6,8,5,6,12,6,9,7,8,7,7,7,6,7,11,7,7,5,4,4,,9,4,3,8,5,7,4,6,6,6,5,6,6,5,3,4,5,12,3,4,8,4,6,6,5,5,8,16,4,5,6,7,14,6,5,5,6,8,3,12,13,9,9,15,12,8,6,6,7,8,3,8,7,6,6,4,7,6,6,6,7,9,5,4,6,5,7,12,13,9,12,5,8,7,6,5,5,5,6,6,6,6,12,4,10,14,7,9,8,9,5,11,,6,3,5,2,9,9,9,6,9,4,,3,2,5,5,4,6,6,15,7,11,5,4,,,,,,,,,,,,,,,,,,,,,,,,,,,,,,6,,4,6,5,8,7,7,4,10,8,4,10,4,,6,11,9,7,6,6,4,7,10,9,1,5,7,8,5,7,6,4,9,6,9,6,8,12,6,9,8,5,9,9,8,6,4,5,12,7,4,3,4,5,5,9,3,5,2,8,3,5,10,10,6,7,5,8,7,7,6,8,8,7,10,7,,9,6,5,5,9,4,6,5,6,7,37,2,6,5,3,7,4,14,10,5,6,6,7,,11,5,7,7,5,6,8,4,,,7,,4,6,3,6,3,3,,3,5,6,7,5,8,1,3,4,8,6,7,5,8,7,5,6,4,,4,3,4,8,5,8,7,8,8,6,18,,8,,9,,3,8,7,10,8,14,6,18,12,7,7,7,4,7,2,4,9,4,4,6,3,7,6,7,,,,6,,
20260618,3,SO2_24h,2,5,4,8,7,5,2,3,3,3,6,6,4,11,8,7,8,5,5,7,6,7,4,6,7,8,6,8,4,9,7,7,6,6,7,5,7,6,6,6,7,3,4,5,9,4,2,8,6,6,4,6,6,5,5,5,5,5,5,3,4,7,4,4,9,4,8,5,7,5,9,16,8,5,6,7,11,8,7,6,6,8,3,10,11,8,10,10,10,7,6,5,6,8,3,9,11,5,7,6,7,6,5,5,5,5,5,3,5,5,7,11,8,8,10,6,8,7,6,5,3,5,5,6,6,5,12,3,8,9,6,11,9,9,5,10,7,8,3,5,2,8,9,27,6,10,3,6,4,3,5,6,3,7,9,14,9,22,5,5,,,,,,,,,,,,,,,,,,,,,,,,,,,,,,6,5,4,5,6,9,6,6,4,10,9,4,13,5,,6,11,7,7,7,6,4,7,10,11,1,5,7,9,5,8,5,4,11,6,10,7,6,10,6,9,8,5,7,7,6,6,5,5,7,5,8,3,3,6,5,11,6,8,2,9,4,6,8,7,6,6,4,6,6,4,5,7,9,8,8,8,6,8,6,5,5,10,6,8,8,6,8,20,3,6,6,2,5,4,11,10,6,6,3,9,9,10,3,6,7,5,6,8,5,3,,6,8,4,6,3,7,4,2,,5,5,7,7,5,8,1,4,4,8,6,7,5,9,6,5,6,4,,4,3,6,8,5,8,9,11,9,7,10,,6,,8,,4,12,7,10,11,16,6,18,9,6,7,6,6,8,5,4,9,5,4,6,3,7,7,8,,,,5,,
20260618,3,NO2,33,21,11,16,34,19,26,10,11,23,12,47,6,12,18,23,27,13,21,30,24,20,9,25,21,11,26,26,30,6,18,1,13,25,44,23,22,19,18,9,22,13,12,15,31,12,14,16,28,17,21,35,15,21,17,3,22,5,13,31,12,11,7,4,10,16,5,8,6,8,15,15,12,23,38,17,31,15,13,6,10,25,16,20,28,14,14,34,19,10,19,13,24,13,7,12,12,10,9,5,17,5,13,15,19,14,18,13,15,15,13,7,21,12,18,16,20,25,37,8,11,8,15,19,22,25,14,24,30,10,43,12,12,11,32,6,10,4,7,9,8,15,9,25,10,5,11,6,9,8,28,14,18,9,27,5,9,16,16,7,,,,,,,,,,,,,,,,,,,,,,,,,,,,,,8,15,13,15,10,7,3,8,36,4,11,8,8,38,,6,7,17,8,17,17,22,16,8,13,7,10,11,17,9,5,9,8,13,14,10,10,23,14,7,21,9,10,16,18,7,10,11,16,14,17,9,4,7,7,16,9,6,2,3,3,7,4,8,33,20,15,26,24,11,10,15,16,3,16,28,11,14,8,11,23,3,6,11,12,6,12,12,6,6,26,24,8,15,10,12,11,6,9,10,15,7,6,9,25,4,14,9,6,6,6,,16,6,7,3,8,5,2,6,,4,7,10,5,7,7,4,3,6,6,7,6,11,11,5,1,3,4,,3,5,11,13,5,8,11,13,9,7,36,,10,,6,,5,5,8,1,7,2,15,1,13,14,15,9,5,17,9,71,4,4,8,16,4,5,8,12,,,,5,,
20260618,3,NO2_24h,14,14,8,12,20,14,12,9,11,13,11,19,12,15,13,15,18,14,18,20,16,18,10,14,10,7,20,18,15,5,10,3,11,23,32,15,18,15,15,8,23,20,17,12,18,13,12,11,15,12,13,20,12,17,13,3,16,5,12,12,10,12,10,7,16,12,11,9,10,14,12,18,15,16,21,12,21,19,12,11,10,19,13,14,16,8,14,17,13,12,14,11,13,14,8,13,12,9,11,10,12,5,12,9,16,12,14,10,7,15,11,8,14,9,17,12,16,15,19,13,13,12,14,14,13,24,14,13,18,12,20,12,16,13,18,8,10,6,5,11,9,12,12,17,14,8,13,12,9,8,19,14,16,11,16,6,10,21,10,7,,,,,,,,,,,,,,,,,,,,,,,,,,,,,,8,10,10,11,15,8,5,12,30,13,14,10,12,14,,9,6,8,10,16,9,13,9,14,14,11,11,9,14,11,7,8,10,12,19,14,7,14,11,7,12,12,6,8,13,7,9,10,14,9,10,10,6,5,17,8,11,10,7,6,8,9,8,8,17,13,12,15,18,13,9,12,12,12,14,18,14,15,10,9,12,6,8,8,12,12,10,9,6,8,18,15,11,12,11,11,10,7,10,7,22,12,8,10,20,7,23,12,13,6,6,,11,16,11,4,9,9,4,9,,10,6,12,6,7,7,5,4,7,5,7,7,9,10,5,3,3,8,,3,6,12,12,10,13,8,11,14,8,17,,10,,6,,13,10,4,1,9,2,13,2,12,14,13,10,6,13,9,19,4,10,4,12,3,9,8,7,,,,5,,
20260618,3,O3,40,99,88,56,49,106,68,46,15,82,101,53,118,124,88,40,42,40,47,58,36,68,49,35,47,38,27,26,21,42,29,77,43,49,19,19,54,93,79,38,21,34,48,10,76,26,34,43,79,58,109,72,70,27,27,51,17,39,32,17,36,33,43,59,44,40,51,45,126,74,71,55,104,62,29,62,78,109,84,42,98,51,34,36,88,107,85,48,60,73,37,77,70,63,90,83,34,31,50,48,13,42,30,30,24,27,18,22,30,,76,141,113,110,37,31,22,6,30,60,84,38,43,95,91,49,99,87,85,122,55,83,66,92,69,101,58,39,55,26,82,24,54,4,43,59,45,52,54,38,23,46,27,31,53,78,82,91,56,95,,,,,,,,,,,,,,,,,,,,,,,,,,,,,,77,79,14,130,111,147,109,144,53,114,71,65,141,57,,80,128,53,51,45,46,55,,32,22,64,72,16,40,9,66,26,66,57,19,65,10,56,65,87,76,95,13,44,65,72,106,63,80,63,25,25,39,24,33,23,70,44,,42,51,68,36,,81,96,98,72,88,97,64,96,81,99,66,77,71,80,81,63,41,55,53,80,106,44,35,51,59,19,8,38,48,15,33,35,31,39,27,22,31,53,57,42,18,77,33,33,66,50,16,,32,40,41,52,60,39,54,34,,12,40,57,40,33,26,43,42,46,11,38,28,16,28,98,109,118,103,,149,51,45,107,41,98,70,41,81,91,27,,128,,59,,100,72,57,88,59,63,71,99,96,83,59,84,102,56,63,12,115,104,92,76,47,77,84,57,,,,39,,
20260618,3,O3_24h,40,99,88,56,49,106,68,46,15,82,101,53,118,124,88,40,42,40,47,58,36,68,49,35,47,38,27,26,21,42,29,77,43,49,19,19,54,93,79,38,21,34,48,10,76,26,34,43,79,58,109,72,70,27,27,51,17,39,32,17,36,33,43,59,44,40,51,45,126,74,71,55,104,62,29,62,78,109,84,42,98,51,34,36,88,107,85,48,60,73,37,77,70,63,90,83,34,31,50,48,13,42,30,30,24,27,18,22,30,,76,141,113,110,37,31,22,6,30,60,84,38,43,95,91,49,99,87,85,122,55,83,66,92,69,101,58,39,55,26,82,24,54,4,43,59,45,52,54,38,23,46,27,31,53,78,82,91,56,95,,,,,,,,,,,,,,,,,,,,,,,,,,,,,,77,79,14,130,111,147,109,144,53,114,71,65,141,57,,80,128,53,51,45,46,55,,32,22,64,72,16,40,9,66,26,66,57,19,65,10,56,65,87,76,95,13,44,65,72,106,63,80,63,25,25,39,24,33,23,70,44,,42,51,68,36,,81,96,98,72,88,97,64,96,81,99,66,77,71,80,81,63,41,55,53,80,106,44,35,51,59,19,8,38,48,15,33,35,31,39,27,22,31,53,57,42,18,77,33,33,66,50,16,,32,40,41,52,60,39,54,34,,12,40,57,40,33,26,43,42,46,11,38,28,16,28,98,109,118,103,,149,51,45,107,41,98,70,41,81,91,27,,128,,59,,100,72,57,88,59,63,71,99,96,83,59,84,102,56,63,12,115,104,92,76,47,77,84,57,,,,39,,
20260618,3,O3_8h,,,,,,,,,,,,,,,,,,,,,,,,,,,,,,,,,,,,,172,,,,,,,,,,,,,,,,,,,,,,,,,,,,,,,,,,,,,,,,,174,,,,,,,,,,,,,,,,,,183,,,,,,,,,,,,,,,,,195,,,91,,,,,,,,,,,,,,,,,,,,,,,,,,,,,,,,,,,,,,,,,,,,,,,,,,,,,,,,,,,,,,,,,,,,,,,,,,,,,,,,,,,,,,,,,,,,,,,,,,,,,,,,,,,,,,,,,,,,,,,,,,,,,,,,,,,,,,,,,,,,,,,,155,,,,,,,,,,,,,,,,,,,,,,,,,,,,,,,,,,,,,,,,,,,,,59,,,,,,34,,,,,,,,,,,,,,,,,,,,,,,,,,,,,,,,,,,,,,,,,,,,,,,,,,,,,,,,,,,,,,,,
20260618,3,O3_8h_24h,,,,,,,,,,,,,,,,,,,,,,,,,,,,,,,,,,,,,,,,,,,,,,,,,,,,,,,,,,,,,,,,,,,,,,,,,,,,,,,,,,,,,,,,,,,,,,,,,,,,,,,,,,,,,,,,,,,,,,,,,,,,,,,,,,,,,,,,,,,,,,,,,,,,,,,,,,,,,,,,,,,,,,,,,,,,,,,,,,,,,,,,,,,,,,,,,,,,,,,,,,,,,,,,,,,,,,,,,,,,,,,,,,,,,,,,,,,,,,,,,,,,,,,,,,,,,,,,,,,,,,,,,,,,,,,,,,,,,,,,,,,,,,,,,,,,,,,,,,,,,,,,,,,,,,,,,,,,,,,,,,,,,,,,,,,,,,,,,,,,,,,,,,,,,,,,,,,,,,,,,,,,,,,,,,,,,,,
20260618,3,CO,0.46,0.78,0.44,0.80,0.65,0.27,0.39,0.17,0.35,0.40,0.47,0.38,0.43,0.77,0.68,1.02,0.62,0.50,0.50,0.47,0.45,0.76,0.88,0.44,0.36,0.58,0.64,1.01,0.46,0.53,0.78,0.34,0.47,0.72,0.60,0.47,0.57,0.63,0.55,0.40,0.65,0.57,0.40,0.50,0.67,0.33,0.30,0.68,0.39,0.41,0.51,0.86,0.62,0.42,0.49,0.53,0.50,0.25,0.47,0.50,0.53,0.40,0.63,0.35,0.48,0.60,0.47,0.47,0.23,0.50,0.77,0.60,0.28,0.37,0.50,0.73,0.59,0.50,0.60,0.47,0.37,0.65,0.47,0.39,0.58,0.37,0.54,0.82,0.46,0.33,0.47,0.53,0.30,0.46,0.27,0.52,0.53,0.65,0.47,0.43,0.60,0.50,0.70,0.53,0.45,0.50,0.47,0.55,0.47,0.20,0.47,0.63,0.77,0.68,0.44,0.82,0.78,0.66,0.84,0.48,0.46,0.40,0.50,0.58,0.57,0.62,0.51,0.38,0.63,0.53,0.68,0.47,0.47,,0.70,0.88,0.70,0.43,0.63,0.63,0.40,0.63,0.60,1.55,0.40,0.40,0.60,0.20,0.82,0.47,0.50,0.60,0.40,0.54,0.45,0.20,0.50,0.60,0.32,0.15,,,,,,,,,,,,,,,,,,,,,,,,,,,,,,0.67,0.60,0.45,0.47,0.47,0.75,0.50,0.67,0.47,0.27,0.43,0.30,0.50,0.53,,0.20,0.45,0.70,0.60,0.70,0.77,0.37,0.50,0.60,0.60,0.40,0.40,0.37,0.30,0.27,0.43,0.40,0.35,0.43,0.40,0.50,0.25,0.37,0.42,0.40,0.63,0.72,0.45,0.40,0.48,0.23,0.40,0.17,0.95,0.33,0.53,0.63,0.25,0.40,0.60,0.70,0.57,0.45,0.35,0.28,0.25,0.70,0.53,0.60,0.52,0.42,0.45,0.45,0.54,0.53,0.25,0.33,0.53,0.60,0.73,0.80,1.20,0.60,0.60,0.80,0.60,0.50,0.67,0.55,0.90,0.50,0.80,0.55,0.60,0.40,0.20,0.60,0.57,0.63,0.43,0.55,0.40,0.70,0.80,0.50,0.60,0.50,0.43,0.60,0.65,0.33,0.25,0.55,0.60,0.30,0.30,,0.25,0.55,0.37,0.40,0.40,0.60,0.25,0.50,,0.70,0.40,0.50,0.45,0.65,0.65,0.70,0.20,0.30,0.70,0.35,0.35,0.55,0.35,0.45,0.20,0.40,0.40,,0.25,0.35,0.43,0.40,0.40,0.75,0.70,0.50,0.30,0.50,0.60,,0.45,,0.30,,0.25,0.60,0.30,0.20,0.40,0.40,0.10,0.40,0.53,0.45,0.40,0.50,,0.20,0.25,1.30,0.10,0.30,0.25,0.50,0.20,0.20,0.25,0.25,,,,0.40,,
20260618,3,CO_24h,0.39,0.58,0.42,0.52,0.55,0.30,0.29,0.27,0.25,0.35,0.53,0.45,0.45,0.70,0.52,0.72,0.62,0.47,0.52,0.55,0.42,0.86,0.58,0.40,0.34,0.56,0.81,0.60,0.40,0.52,0.78,0.40,0.40,0.68,0.59,0.47,0.54,0.55,0.53,0.43,0.65,0.57,0.50,0.45,0.72,0.35,0.28,0.73,0.33,0.41,0.46,0.74,0.54,0.45,0.49,0.57,0.47,0.30,0.47,0.43,0.53,0.40,0.73,0.38,0.52,0.55,0.53,0.44,0.27,0.60,0.63,0.55,0.44,0.35,0.52,0.68,0.44,0.54,0.74,0.60,0.30,0.57,0.50,0.35,0.58,0.33,0.54,0.52,0.38,0.32,0.50,0.38,0.23,0.48,0.27,0.55,0.63,0.67,0.43,0.50,0.65,0.50,0.70,0.53,0.40,0.60,0.47,0.55,0.37,0.20,0.56,0.53,0.70,0.68,0.46,0.80,0.67,0.86,0.60,0.53,0.50,0.40,0.48,0.57,0.60,0.62,0.51,0.35,0.57,0.47,0.65,0.40,0.57,0.57,0.65,0.93,0.70,0.50,0.55,0.71,0.40,0.57,0.60,1.30,0.43,0.37,0.63,0.30,0.75,0.43,0.47,0.60,0.50,0.60,0.55,0.20,0.50,0.68,0.30,0.15,,,,,,,,,,,,,,,,,,,,,,,,,,,,,,0.58,0.50,0.45,0.47,0.43,0.65,0.55,0.60,0.50,0.43,0.40,0.30,0.60,0.50,,0.20,0.50,0.58,0.70,0.50,0.73,0.37,0.50,0.70,0.65,0.40,0.40,0.37,0.43,0.27,0.47,0.42,0.40,0.47,0.40,0.50,0.25,0.35,0.34,0.35,0.57,0.63,0.40,0.40,0.48,0.27,0.40,0.23,0.73,0.33,0.53,0.90,0.40,0.35,0.95,0.60,0.73,0.70,0.70,0.34,0.40,0.82,0.75,0.60,0.50,0.40,0.45,0.43,0.42,0.53,0.23,0.37,0.45,0.70,0.84,0.77,0.88,0.70,0.53,0.80,0.63,0.60,0.85,0.55,0.90,0.70,0.73,0.60,0.75,0.45,0.30,0.67,0.63,0.67,0.37,0.40,0.47,0.80,0.70,0.50,0.73,0.70,0.50,0.60,0.60,0.38,0.35,0.60,0.65,0.35,0.30,,0.20,0.70,0.43,0.43,0.45,0.55,0.30,0.45,,0.65,0.35,0.50,0.40,0.60,0.55,0.60,0.20,0.30,0.65,0.35,0.45,0.55,0.35,0.45,0.20,0.35,0.40,,0.25,0.35,0.60,0.47,0.50,0.85,0.35,0.45,0.30,0.45,0.60,,0.45,,0.35,,0.30,0.60,0.40,0.20,0.40,0.40,0.20,0.40,0.43,0.35,0.35,0.45,0.10,0.20,0.25,0.75,0.15,0.30,0.25,0.45,0.50,0.10,0.30,0.25,,,,0.45,,
20260618,4,AQI,29,83,62,86,60,58,60,20,31,86,54,63,75,75,33,66,56,31,34,61,40,70,29,34,60,37,51,52,43,33,39,24,43,65,51,24,65,69,56,18,45,25,23,17,40,15,12,26,44,20,43,54,46,15,14,16,20,14,19,20,14,15,26,26,20,43,15,16,39,25,24,29,41,35,55,49,42,35,68,22,49,43,17,33,76,40,68,71,49,23,47,36,49,22,30,51,12,16,28,21,19,23,15,15,18,19,27,27,15,34,32,45,58,64,30,44,37,37,68,24,29,28,34,51,53,37,41,56,56,43,63,30,46,50,38,61,58,16,29,15,23,29,17,38,25,25,29,18,37,14,38,29,26,31,24,62,28,36,20,46,,,,,,,,,,,,,,,,,,,,,,,,,,,,,,46,63,30,48,54,90,37,66,58,38,28,32,32,34,,23,39,44,36,60,37,44,20,17,27,20,33,36,29,14,22,17,20,17,16,23,17,31,34,36,55,43,24,49,50,39,46,18,37,50,22,17,12,15,8,39,34,25,13,13,15,23,21,24,59,50,42,53,51,39,19,47,49,34,43,53,64,30,54,51,49,27,15,65,50,12,55,44,60,44,17,52,27,26,23,31,12,11,18,26,28,19,16,31,47,23,22,31,19,26,16,,10,14,13,16,30,12,16,14,,14,19,18,12,26,17,13,14,16,25,12,33,27,16,28,37,37,31,,44,17,29,37,17,34,22,33,55,30,49,,42,,41,,28,23,16,25,22,28,21,26,37,37,29,65,41,22,23,88,45,31,91,31,34,28,47,37,,,,18,,
20260618,4,PM2.5,15,61,44,64,37,41,38,14,22,64,38,42,55,55,19,48,40,22,15,44,28,51,20,24,43,26,36,35,30,23,27,6,30,47,33,11,47,50,40,6,31,15,5,3,23,5,7,18,31,14,27,38,32,7,5,3,11,3,7,11,4,7,11,15,9,30,4,8,7,6,16,20,13,12,39,34,24,14,49,15,34,30,12,23,56,26,49,52,34,16,33,25,34,12,21,36,3,10,14,6,6,5,8,3,12,13,19,19,7,21,16,28,31,46,12,31,26,26,49,17,15,18,22,36,34,26,29,32,40,25,31,21,32,33,25,44,41,4,20,4,10,20,8,16,11,16,20,11,26,5,25,20,16,22,15,31,13,18,6,23,,,,,,,,,,,,,,,,,,,,,,,,,,,,,,32,45,19,23,38,67,8,48,26,11,15,22,9,14,,7,10,31,25,43,26,31,14,3,16,10,23,25,20,8,10,11,14,12,10,16,12,22,24,21,37,30,17,34,31,27,32,9,26,35,9,9,3,6,3,27,23,9,4,3,3,11,4,16,42,30,24,31,35,27,12,26,30,12,30,37,46,20,38,31,31,15,5,47,35,3,39,31,43,31,8,13,16,18,16,18,8,3,9,8,15,13,11,22,26,11,10,22,11,18,7,,5,3,3,5,20,3,3,10,,10,13,8,3,13,12,3,6,10,8,5,11,10,5,3,3,3,9,,3,3,20,25,6,14,10,19,28,21,24,,27,,19,,7,16,8,11,11,11,3,6,19,18,20,17,22,9,3,53,20,8,31,12,3,8,7,19,,,,10,,
20260618,4,PM2.5_24h,11,31,36,30,24,25,24,12,12,23,35,30,38,38,10,24,27,13,15,30,14,32,11,11,18,14,23,19,15,14,20,7,24,41,25,10,37,32,27,8,16,23,21,7,18,5,7,15,22,13,25,31,27,6,5,5,8,5,6,5,6,9,11,14,19,22,12,7,9,22,21,18,14,12,29,29,14,18,36,20,26,26,9,19,27,17,29,32,17,14,17,16,26,13,12,27,4,7,11,9,7,5,8,7,10,10,11,6,5,17,12,23,26,41,10,33,21,23,32,19,15,16,19,22,21,19,24,26,28,24,26,23,37,37,23,36,29,16,13,11,11,26,12,15,9,10,29,19,26,9,32,28,20,27,21,26,22,18,10,35,,,,,,,,,,,,,,,,,,,,,,,,,,,,,,27,23,6,19,22,43,17,34,22,13,13,15,13,9,,5,10,14,29,20,17,17,13,12,17,14,23,21,20,13,11,11,11,14,13,17,13,15,19,14,23,22,12,24,18,14,20,13,20,22,5,7,5,4,14,18,27,24,20,11,18,26,21,17,34,23,20,23,24,23,18,21,24,24,39,26,43,27,29,26,25,24,22,36,30,21,36,25,34,26,8,10,10,11,13,16,9,13,6,7,26,12,9,11,15,16,14,17,21,16,7,,4,18,8,14,19,13,7,20,,16,12,10,5,11,10,5,8,10,9,5,11,11,7,4,5,2,11,,3,6,23,24,15,23,16,19,28,42,21,,22,,23,,18,17,10,12,15,8,2,9,23,26,17,39,71,12,6,28,15,14,69,17,6,3,6,16,,,,14,,
20260618,4,PM10,29,86,73,96,70,58,70,19,,76,57,75,68,83,33,62,51,22,34,61,38,62,22,32,52,33,43,53,36,21,27,10,36,51,52,24,67,56,45,18,45,25,23,17,40,15,12,20,44,14,43,56,46,15,14,9,20,9,19,20,14,15,26,26,20,38,14,16,8,14,24,24,41,35,48,49,42,29,65,22,34,43,14,28,68,40,53,85,45,21,34,36,45,18,,38,6,16,28,21,19,23,15,12,18,19,27,26,15,34,32,45,65,76,30,43,28,37,,24,29,28,34,42,56,34,38,61,62,43,76,30,38,50,38,46,,16,27,15,19,29,11,38,25,25,23,15,30,14,38,28,26,27,24,73,20,36,19,46,,,,,,,,,,,,,,,,,,,,,,,,,,,,,,41,67,30,48,56,63,20,69,65,32,28,32,30,34,,,28,38,31,,36,40,19,17,27,20,14,30,25,14,22,17,18,11,16,20,14,27,30,36,60,32,21,32,50,36,35,16,37,36,22,17,12,15,8,35,34,25,13,10,11,23,21,24,64,50,42,55,52,37,17,47,49,17,37,48,53,30,44,52,49,27,12,55,47,7,49,40,47,32,17,53,27,23,16,31,12,6,18,26,28,18,16,22,47,15,22,30,17,23,16,,7,14,7,9,30,10,11,13,,12,8,12,11,26,16,10,6,16,25,11,33,27,16,8,6,11,12,,13,8,28,37,17,20,22,33,60,28,49,,42,,41,,21,23,13,22,22,28,9,11,37,37,29,80,41,22,23,126,45,23,131,31,34,25,47,37,,,,18,,
20260618,4,PM10_24h,17,47,53,44,50,38,39,19,25,30,53,63,58,68,19,32,34,16,31,40,29,40,13,16,31,22,35,32,22,15,25,10,28,52,41,22,50,35,32,18,25,40,32,18,38,16,9,19,41,16,40,44,42,12,12,9,12,9,15,11,12,15,20,25,30,25,27,15,17,39,36,24,47,36,43,41,25,46,50,30,26,33,12,28,50,38,45,58,34,24,38,37,42,19,18,39,10,12,20,13,11,15,12,10,16,14,15,18,12,37,21,38,66,64,18,46,23,30,40,26,27,21,34,31,37,27,42,45,42,43,50,43,50,50,36,43,28,30,27,19,21,35,14,38,22,21,28,25,31,15,52,45,38,36,42,66,37,52,27,92,,,,,,,,,,,,,,,,,,,,,,,,,,,,,,35,35,13,45,43,62,33,50,62,45,24,33,37,22,,12,33,20,36,26,23,21,21,22,31,16,19,26,24,21,15,15,16,13,26,19,18,29,32,31,41,32,20,26,39,30,22,25,31,29,16,13,15,10,17,23,40,42,33,22,33,36,38,31,48,43,37,36,36,43,32,43,46,34,57,42,59,48,35,34,42,31,37,41,29,28,43,37,43,30,17,23,17,11,14,30,19,24,17,19,41,19,15,13,29,22,29,22,27,18,20,,8,23,12,12,31,22,14,22,,28,13,20,12,28,15,11,12,18,21,9,18,18,15,7,13,12,17,,10,9,29,41,28,35,34,31,68,89,46,,42,,40,,34,27,19,27,25,20,11,16,59,56,29,139,203,29,23,61,38,43,331,47,32,24,37,47,,,,23,,
20260618,4,SO2,3,6,3,8,6,5,3,4,3,2,8,6,3,8,9,10,7,5,5,7,6,7,4,7,8,7,6,11,6,9,7,7,7,7,8,6,7,8,7,6,7,3,4,7,9,4,4,8,6,6,6,6,6,6,5,5,6,5,5,3,5,7,3,4,8,5,6,5,5,5,7,16,4,5,6,7,17,6,6,5,6,6,3,12,12,9,9,16,13,7,5,6,8,7,4,9,6,6,6,4,7,6,5,5,6,6,5,4,5,5,7,11,8,7,10,5,8,6,6,5,4,5,5,6,7,6,11,5,11,9,7,8,12,10,7,9,7,5,3,5,2,8,9,21,6,9,4,6,3,2,5,6,3,7,6,9,7,12,5,4,,,,,,,,,,,,,,,,,,,,,,,,,,,,,,6,5,4,4,4,8,5,7,4,10,8,4,10,3,,6,10,7,8,7,5,5,8,10,10,2,4,7,8,6,7,6,4,8,6,9,7,7,11,7,9,7,5,8,8,7,6,4,4,10,3,4,4,4,6,5,10,4,5,2,7,3,5,19,8,7,6,5,8,6,6,6,8,8,6,16,8,5,8,6,4,5,9,10,6,5,5,8,22,3,6,5,2,9,4,12,10,5,6,6,7,8,10,4,7,7,5,6,8,4,3,,6,5,4,6,3,6,4,3,,3,6,6,6,5,8,1,4,4,8,6,7,5,9,7,5,6,4,,4,3,5,6,4,9,7,8,9,6,15,,6,,9,,3,8,8,9,9,13,6,17,9,7,7,6,5,7,5,3,16,5,3,6,3,7,6,6,,,,5,,
20260618,4,SO2_24h,2,5,4,8,7,5,2,4,3,3,6,6,4,11,8,7,8,5,5,7,6,7,4,6,8,7,6,8,4,9,7,7,6,6,7,5,8,6,6,6,7,3,4,5,9,4,2,8,6,6,4,6,6,5,5,5,5,5,5,3,4,7,4,4,9,4,8,5,7,5,9,16,8,5,6,7,12,8,7,6,6,8,3,10,11,8,10,10,10,7,6,5,6,8,3,9,10,5,7,6,7,6,5,5,5,5,5,3,5,5,7,11,8,7,10,6,8,7,6,5,3,5,5,6,6,5,12,3,8,9,5,11,9,9,5,10,7,8,3,5,2,8,9,27,6,10,3,6,3,3,5,6,3,7,9,14,9,20,5,4,,,,,,,,,,,,,,,,,,,,,,,,,,,,,,6,5,4,5,7,9,5,6,4,10,9,4,13,5,,6,11,7,7,7,6,4,7,10,11,1,5,7,9,5,8,6,4,11,6,10,7,6,10,6,9,8,5,7,7,6,6,5,5,7,5,8,3,3,6,5,11,6,7,2,9,4,6,8,7,6,6,4,6,6,4,5,7,9,8,8,8,6,8,6,5,5,10,6,8,8,6,8,21,3,6,6,2,5,4,12,10,6,6,4,9,9,10,3,6,7,5,6,8,5,3,,6,8,4,6,3,7,4,2,,5,5,7,7,5,8,1,4,4,8,6,6,5,9,7,5,6,4,,4,3,6,7,5,8,9,11,9,7,10,,5,,8,,4,12,7,10,11,16,6,18,9,6,7,6,6,8,5,4,9,5,4,6,3,7,7,8,,,,5,,
20260618,4,NO2,34,23,11,16,27,19,23,9,10,33,15,44,5,12,18,22,21,10,27,39,26,25,6,29,20,10,26,27,28,4,15,2,19,21,44,26,27,18,21,8,19,12,12,15,36,13,16,14,22,18,21,38,16,21,15,3,22,3,10,29,10,10,7,4,10,15,5,8,5,7,19,15,14,24,34,18,37,12,13,7,11,13,15,22,29,16,17,38,18,11,18,13,22,12,7,16,12,12,9,6,18,7,12,8,20,11,17,16,8,16,12,6,18,11,21,11,19,23,38,7,15,10,15,18,24,20,14,20,29,8,53,9,6,,23,6,9,5,7,8,7,12,9,22,9,6,6,5,7,7,26,14,19,9,19,4,8,14,9,8,,,,,,,,,,,,,,,,,,,,,,,,,,,,,,8,17,15,17,10,7,3,10,40,4,10,6,11,36,,5,4,16,7,21,15,16,30,9,13,6,9,12,8,10,7,9,9,12,13,10,8,21,14,7,23,10,12,19,20,8,10,12,17,13,16,10,5,5,7,18,13,6,5,3,3,7,4,9,21,20,14,28,20,14,10,11,11,3,25,28,13,12,7,16,21,3,6,10,13,6,13,10,6,5,25,29,8,13,9,9,10,8,12,10,14,7,7,9,22,4,14,16,5,6,4,,15,6,6,4,5,5,3,7,,4,7,9,5,7,6,4,2,6,6,7,11,11,10,4,1,3,5,,3,4,10,14,5,8,10,13,13,6,32,,9,,5,,6,8,8,1,7,2,11,2,7,13,16,5,5,13,10,60,3,5,7,8,3,4,7,11,,,,5,,
20260618,4,NO2_24h,14,15,9,12,20,14,13,10,10,14,11,21,12,15,13,16,18,14,18,21,17,19,10,14,11,7,20,18,16,5,10,3,11,22,31,16,18,15,16,8,22,19,17,11,18,13,12,11,16,12,13,21,12,17,13,3,16,5,12,13,10,12,10,7,15,12,10,9,10,14,13,19,14,16,21,12,22,18,12,11,10,19,13,14,17,9,14,18,13,12,15,11,13,14,8,13,12,9,10,9,12,5,12,8,17,12,14,11,7,15,11,8,14,9,18,12,17,15,20,13,13,12,14,15,13,23,13,13,18,12,21,11,16,13,17,8,10,6,6,11,9,11,12,18,14,8,12,11,9,8,19,14,16,11,15,6,10,20,10,7,,,,,,,,,,,,,,,,,,,,,,,,,,,,,,7,10,10,11,15,8,5,12,31,12,14,10,12,15,,9,6,9,10,17,10,14,10,14,14,11,11,9,14,11,7,8,9,11,19,14,7,14,11,7,13,12,6,9,13,7,9,10,14,9,10,10,6,5,17,9,11,9,6,6,8,8,8,8,17,13,12,15,18,13,9,12,11,12,14,18,14,15,9,9,13,6,8,8,12,11,10,9,6,7,18,16,11,12,11,11,10,6,9,7,22,11,8,10,20,7,22,12,12,6,6,,12,15,11,4,9,9,4,9,,10,6,12,6,7,7,5,4,7,6,7,7,10,10,5,3,3,8,,3,6,12,12,9,12,8,11,14,8,18,,10,,6,,12,11,4,1,9,2,12,2,12,14,13,10,6,13,9,21,4,9,5,12,3,9,8,7,,,,5,,
20260618,4,O3,36,88,83,60,42,93,60,43,14,55,85,59,116,117,85,34,41,42,35,49,25,45,55,29,43,36,24,21,19,48,29,78,38,53,24,13,49,83,70,37,21,38,44,6,63,24,29,46,89,58,103,57,64,24,26,50,14,46,35,17,38,33,44,58,43,35,48,44,125,79,63,51,94,55,32,52,70,111,79,38,84,72,32,35,78,90,72,57,54,72,35,70,71,70,90,60,38,29,49,48,3,40,29,49,21,25,17,16,41,80,74,133,112,92,28,32,22,7,25,61,67,42,38,90,70,51,87,92,80,120,35,84,65,92,75,96,54,33,54,28,75,28,54,6,45,62,54,56,61,39,26,37,24,27,56,82,89,95,63,96,,,,,,,,,,,,,,,,,,,,,,,,,,,,,,69,72,14,113,100,135,118,135,41,121,70,66,101,44,,74,124,45,50,39,40,58,15,29,21,64,68,14,52,15,58,22,58,52,12,64,8,57,61,84,59,90,10,34,58,64,103,58,69,61,22,22,29,25,26,18,58,40,39,40,49,47,33,57,87,87,91,61,91,77,61,100,88,109,50,73,76,85,76,56,34,77,49,70,95,39,31,53,52,27,9,31,49,18,33,39,33,34,23,20,28,50,52,42,25,73,31,21,60,39,14,,32,39,41,51,87,37,52,30,,22,39,57,38,31,30,42,45,46,11,37,26,13,25,89,118,117,98,,142,54,47,101,34,108,66,37,71,93,31,,113,,55,,89,61,50,81,58,55,68,84,109,82,58,90,100,61,56,21,112,99,91,93,56,91,87,53,,,,47,,
20260618,4,O3_24h,36,88,83,60,42,93,60,43,14,55,85,59,116,117,85,34,41,42,35,49,25,45,55,29,43,36,24,21,19,48,29,78,38,53,24,13,49,83,70,37,21,38,44,6,63,24,29,46,89,58,103,57,64,24,26,50,14,46,35,17,38,33,44,58,43,35,48,44,125,79,63,51,94,55,32,52,70,111,79,38,84,72,32,35,78,90,72,57,54,72,35,70,71,70,90,60,38,29,49,48,3,40,29,49,21,25,17,16,41,80,74,133,112,92,28,32,22,7,25,61,67,42,38,90,70,51,87,92,80,120,35,84,65,92,75,96,54,33,54,28,75,28,54,6,45,62,54,56,61,39,26,37,24,27,56,82,89,95,63,96,,,,,,,,,,,,,,,,,,,,,,,,,,,,,,69,72,14,113,100,135,118,135,41,121,70,66,101,44,,74,124,45,50,39,40,58,15,29,21,64,68,14,52,15,58,22,58,52,12,64,8,57,61,84,59,90,10,34,58,64,103,58,69,61,22,22,29,25,26,18,58,40,39,40,49,47,33,57,87,87,91,61,91,77,61,100,88,109,50,73,76,85,76,56,34,77,49,70,95,39,31,53,52,27,9,31,49,18,33,39,33,34,23,20,28,50,52,42,25,73,31,21,60,39,14,,32,39,41,51,87,37,52,30,,22,39,57,38,31,30,42,45,46,11,37,26,13,25,89,118,117,98,,142,54,47,101,34,108,66,37,71,93,31,,113,,55,,89,61,50,81,58,55,68,84,109,82,58,90,100,61,56,21,112,99,91,93,56,91,87,53,,,,47,,
20260618,4,O3_8h,,,,,,,,,,,,,,,,,,,,,,,,,,,,,,,,,,,,,172,,,,,,,,,,,,,,,,,,,,,,,,,,,,,,,,,,,,,,,,,174,,,,,,,,,,,,,,,,,,183,,,,,,,,58,,,,,,,,,195,,,91,,,,,,,122,,,,,,,,,,,,,,,,,,,,,,,,,,,,,,,,,,,,,,,,,,,,,,,,,,,,,,,,,,,,,,,,,,,,,,,,,,,,,,,,,,,,,,,,,,,,,,,,,,,,,,,,,,,,,,,,,,,,,,,,,,,,,,,,,,,,,,,,,155,,,,,,,,,,,,,128,,,,,,,,,,,,,,,,,,,,,,,,,,,,,,,,59,,,,,,34,,,,,,,,,,,,,,,,,,,,,,,,,,,,,,,,,,,,,,,,,,,,,,,,,,,,,,,,,,,,,,,,
20260618,4,O3_8h_24h,,,,,,,,,,,,,,,,,,,,,,,,,,,,,,,,,,,,,,,,,,,,,,,,,,,,,,,,,,,,,,,,,,,,,,,,,,,,,,,,,,,,,,,,,,,,,,,,,,,,,,,,,,,,,,,,,,,,,,,,,,,,,,,,,,,,,,,,,,,,,,,,,,,,,,,,,,,,,,,,,,,,,,,,,,,,,,,,,,,,,,,,,,,,,,,,,,,,,,,,,,,,,,,,,,,,,,,,,,,,,,,,,,,,,,,,,,,,,,,,,,,,,,,,,,,,,,,,,,,,,,,,,,,,,,,,,,,,,,,,,,,,,,,,,,,,,,,,,,,,,,,,,,,,,,,,,,,,,,,,,,,,,,,,,,,,,,,,,,,,,,,,,,,,,,,,,,,,,,,,,,,,,,,,,,,,,,,
20260618,4,CO,0.45,0.83,0.44,0.93,0.70,0.30,0.39,0.20,0.35,0.43,0.47,0.38,0.43,0.78,0.88,1.19,0.79,0.49,0.61,0.46,0.51,0.74,0.72,0.50,0.42,0.60,0.60,1.13,0.54,0.53,0.82,0.34,0.57,0.73,0.63,0.47,0.60,0.60,0.55,0.40,0.60,0.57,0.40,0.50,0.68,0.33,0.30,0.65,0.39,0.41,0.57,0.91,0.59,0.42,0.49,0.53,0.47,0.25,0.40,0.50,0.53,0.40,0.64,0.35,0.46,0.60,0.47,0.50,0.22,0.50,0.87,0.60,0.30,0.34,0.48,0.77,0.67,0.53,0.58,0.47,0.37,0.63,0.45,0.39,0.60,0.37,0.62,0.72,0.42,0.33,0.52,0.57,0.28,0.42,0.27,0.62,0.53,0.65,0.50,0.47,0.55,0.50,0.70,0.40,0.50,0.50,0.50,0.55,0.43,0.20,0.47,0.63,0.73,0.68,0.48,0.93,0.73,0.76,0.74,0.48,0.42,0.40,0.52,0.62,0.57,0.64,0.54,0.33,0.62,0.50,0.68,0.47,0.45,0.57,0.70,0.93,0.70,0.43,0.63,0.64,0.40,0.63,0.57,1.42,0.37,0.30,0.57,0.20,0.78,0.47,0.43,0.60,0.40,0.60,0.50,0.20,0.53,0.68,0.26,0.15,,,,,,,,,,,,,,,,,,,,,,,,,,,,,,0.67,0.70,0.50,0.47,0.50,0.75,0.43,0.70,0.57,0.33,0.43,0.30,0.50,0.53,,0.20,0.45,0.65,0.57,0.85,0.73,0.37,0.50,0.60,0.60,0.35,0.40,0.40,0.30,0.27,0.43,0.40,0.35,0.43,0.40,0.45,0.20,0.40,0.38,0.45,0.63,0.70,0.45,0.40,0.54,0.23,0.42,0.17,1.08,0.33,0.53,0.70,0.30,0.40,0.60,0.77,0.73,0.40,0.35,0.28,0.20,0.60,0.53,0.55,0.50,0.43,0.40,0.50,0.54,0.53,0.20,0.43,0.50,0.60,0.76,0.70,1.25,0.60,0.60,0.80,0.70,0.45,0.70,0.50,0.90,0.50,0.80,0.60,0.60,0.40,0.20,0.65,0.78,0.63,0.43,0.45,0.40,0.70,0.70,0.50,0.67,0.50,0.43,0.60,0.60,0.38,0.25,0.55,0.60,0.30,0.30,,0.25,0.55,0.40,0.40,0.40,0.60,0.25,0.50,,0.70,0.40,0.50,0.45,0.65,0.65,0.60,0.20,0.30,0.70,0.35,0.35,0.55,0.35,0.45,0.20,0.40,0.50,,0.25,0.35,0.43,0.43,0.40,0.75,0.50,0.45,0.30,0.45,0.60,,0.45,,0.35,,0.25,0.60,0.30,0.20,0.40,0.40,0.10,0.40,0.37,0.45,0.40,0.45,,0.15,0.25,1.20,0.15,0.30,0.25,0.50,0.20,0.10,0.25,0.20,,,,0.35,,
20260618,4,CO_24h,0.40,0.62,0.42,0.53,0.55,0.30,0.31,0.27,0.25,0.35,0.53,0.45,0.45,0.70,0.54,0.75,0.63,0.47,0.52,0.55,0.43,0.87,0.60,0.39,0.34,0.56,0.80,0.64,0.44,0.52,0.80,0.40,0.43,0.68,0.59,0.47,0.55,0.55,0.53,0.43,0.65,0.53,0.50,0.45,0.71,0.35,0.28,0.72,0.33,0.41,0.47,0.74,0.57,0.45,0.49,0.57,0.47,0.30,0.47,0.43,0.53,0.40,0.70,0.38,0.52,0.55,0.50,0.44,0.27,0.59,0.67,0.55,0.44,0.35,0.52,0.68,0.46,0.54,0.72,0.60,0.30,0.57,0.50,0.35,0.58,0.33,0.54,0.52,0.38,0.32,0.53,0.38,0.23,0.48,0.27,0.55,0.63,0.67,0.43,0.50,0.65,0.50,0.70,0.53,0.40,0.60,0.47,0.55,0.37,0.20,0.56,0.53,0.70,0.68,0.46,0.80,0.65,0.84,0.62,0.53,0.50,0.40,0.48,0.55,0.60,0.62,0.51,0.35,0.57,0.47,0.65,0.40,0.57,0.57,0.65,0.93,0.70,0.50,0.55,0.71,0.40,0.57,0.60,1.28,0.43,0.37,0.63,0.30,0.75,0.43,0.47,0.60,0.50,0.60,0.55,0.20,0.50,0.68,0.30,0.15,,,,,,,,,,,,,,,,,,,,,,,,,,,,,,0.58,0.50,0.45,0.47,0.47,0.70,0.55,0.63,0.50,0.43,0.40,0.30,0.60,0.50,,0.20,0.50,0.58,0.70,0.50,0.73,0.37,0.50,0.70,0.65,0.40,0.40,0.37,0.43,0.27,0.47,0.42,0.40,0.47,0.40,0.50,0.25,0.37,0.36,0.40,0.57,0.63,0.40,0.40,0.46,0.27,0.40,0.23,0.75,0.33,0.53,0.90,0.40,0.35,0.95,0.60,0.73,0.68,0.70,0.34,0.40,0.82,0.75,0.60,0.50,0.40,0.45,0.43,0.42,0.53,0.23,0.37,0.45,0.70,0.84,0.73,0.90,0.70,0.53,0.80,0.63,0.60,0.82,0.55,0.90,0.70,0.73,0.60,0.75,0.45,0.30,0.67,0.63,0.67,0.37,0.45,0.47,0.80,0.70,0.50,0.73,0.65,0.50,0.60,0.60,0.38,0.35,0.60,0.65,0.35,0.30,,0.20,0.70,0.43,0.43,0.45,0.55,0.30,0.45,,0.65,0.35,0.50,0.40,0.60,0.60,0.60,0.20,0.30,0.65,0.35,0.40,0.55,0.35,0.45,0.20,0.40,0.40,,0.25,0.35,0.60,0.47,0.50,0.85,0.40,0.40,0.30,0.45,0.60,,0.45,,0.35,,0.30,0.60,0.40,0.20,0.40,0.40,0.20,0.40,0.43,0.40,0.35,0.45,0.10,0.20,0.25,0.80,0.15,0.30,0.25,0.45,0.40,0.10,0.30,0.25,,,,0.45,,
20260618,5,AQI,32,81,61,86,63,61,60,21,28,88,55,59,79,78,34,64,54,31,35,59,44,70,26,37,64,36,56,58,53,24,40,24,40,68,53,24,70,65,58,18,39,19,21,12,40,17,13,27,44,23,44,56,46,14,14,15,20,14,18,22,15,17,23,24,20,47,15,20,37,23,28,29,38,34,54,47,42,34,75,24,53,40,14,36,75,42,76,73,49,24,51,37,51,23,29,51,12,18,25,24,23,19,17,19,21,24,25,37,14,36,33,43,56,70,31,44,34,37,61,24,28,25,31,51,53,34,38,54,55,40,66,25,56,53,43,61,59,19,29,14,25,37,17,40,20,26,29,19,29,12,18,31,31,27,26,59,28,50,22,31,,,,,,,,,,,,,,,,,,,,,,,,,,,,,,49,52,33,55,55,89,37,70,57,38,30,30,37,34,,22,38,43,39,69,37,52,20,14,27,25,29,26,29,14,21,19,18,16,12,23,13,29,45,34,54,47,24,44,46,43,50,25,36,51,22,17,15,16,12,37,31,22,13,12,14,22,22,21,64,51,42,55,54,39,20,46,44,35,46,49,60,49,53,39,44,28,14,63,54,12,37,41,64,47,20,39,27,21,18,29,12,10,24,37,21,19,18,31,41,23,25,29,17,27,18,,11,13,12,14,33,12,14,17,,19,16,20,13,21,19,13,13,18,23,12,36,35,15,24,36,37,33,,43,18,24,37,16,35,22,33,52,33,47,,36,,39,,25,21,17,25,26,25,20,26,35,31,35,50,37,22,20,60,57,32,83,30,19,30,46,32,,,,16,,
20260618,5,PM2.5,16,60,44,64,36,44,38,15,17,65,39,36,58,57,19,46,38,22,14,42,31,51,18,26,46,25,40,41,37,17,28,7,28,49,32,12,51,47,41,8,27,13,3,4,25,5,7,19,31,16,27,40,32,6,5,4,10,3,5,12,4,7,10,15,9,32,3,7,6,9,17,20,13,12,38,33,25,13,55,17,37,28,10,25,55,28,56,53,34,17,36,26,36,10,20,36,3,11,14,6,7,5,7,3,14,17,17,26,5,20,21,26,27,51,13,31,24,26,44,17,17,16,18,36,37,23,26,36,36,22,34,11,40,37,26,44,42,4,16,7,10,24,9,14,6,17,20,9,20,5,9,22,15,19,10,20,18,18,6,21,,,,,,,,,,,,,,,,,,,,,,,,,,,,,,34,31,20,24,39,66,8,51,29,15,16,14,15,13,,3,10,30,27,50,26,35,14,6,19,14,20,18,20,7,6,12,11,10,5,13,6,20,30,24,38,33,17,31,32,30,35,12,25,36,8,6,3,7,3,26,19,8,5,3,3,7,4,12,46,27,15,37,38,27,8,24,31,12,32,34,43,23,37,27,28,11,5,45,36,3,26,29,46,33,9,15,17,14,11,20,5,3,10,14,11,12,12,22,27,12,9,20,11,19,7,,3,5,5,6,23,3,3,12,,13,11,11,6,14,13,3,8,10,8,3,10,9,3,3,3,3,9,,3,3,17,26,6,17,13,23,26,23,23,,18,,22,,9,15,7,11,11,8,3,6,15,19,17,11,22,5,5,43,27,3,33,7,3,3,7,19,,,,10,,
20260618,5,PM2.5_24h,10,33,36,33,24,26,25,12,12,25,35,30,40,39,11,26,28,14,15,31,14,33,11,11,19,14,23,20,16,13,20,7,23,42,25,10,39,32,27,8,16,22,19,7,18,5,7,15,22,13,25,31,28,6,5,5,8,5,6,5,6,9,11,15,19,22,11,7,9,21,21,18,14,12,29,29,15,18,37,20,27,27,10,19,29,17,30,33,18,14,18,16,26,13,11,27,4,7,11,9,7,5,8,7,10,10,11,7,5,16,12,23,26,42,10,34,21,23,33,19,15,16,19,22,21,19,24,27,28,24,26,22,37,37,23,36,30,16,13,10,11,26,12,16,8,9,28,18,26,8,32,28,20,27,20,26,22,19,9,35,,,,,,,,,,,,,,,,,,,,,,,,,,,,,,28,23,7,19,23,45,16,35,22,13,13,14,13,9,,4,10,15,29,21,17,18,13,11,16,13,23,22,20,13,11,11,12,14,13,17,13,15,19,15,23,22,13,23,18,15,20,13,21,22,6,7,5,4,13,19,27,23,19,10,17,25,21,17,35,24,20,23,25,23,18,21,25,23,39,26,43,26,29,26,25,23,21,36,30,19,36,25,34,26,8,9,10,12,13,17,9,12,6,8,25,12,9,10,15,15,14,17,21,16,7,,4,17,8,14,19,13,7,19,,16,12,10,5,12,11,5,8,10,9,5,11,11,7,4,5,2,11,,3,6,23,24,14,23,15,19,28,38,21,,22,,23,,18,17,9,12,16,8,2,8,22,26,17,38,71,11,7,29,15,13,61,16,6,3,6,17,,,,14,,
20260618,5,PM10,32,83,67,92,76,53,69,21,28,77,54,68,65,85,34,59,50,21,35,57,41,54,17,33,55,35,42,64,43,13,18,10,35,55,55,24,75,53,50,18,34,18,21,12,40,17,13,27,42,17,44,59,45,14,14,11,20,9,18,22,15,17,23,24,20,47,15,20,7,16,28,23,38,34,49,47,42,26,75,22,29,31,13,36,65,42,62,72,45,24,39,37,46,16,,39,6,18,25,24,23,19,17,6,21,,25,31,,36,33,43,62,77,31,42,26,36,38,23,28,25,31,43,46,34,38,58,59,40,81,25,37,52,43,42,,19,29,14,20,37,11,40,20,26,22,14,26,11,18,26,31,27,20,68,23,50,14,31,,,,,,,,,,,,,,,,,,,,,,,,,,,,,,38,53,33,59,56,61,16,68,64,34,30,30,37,34,,6,25,38,31,42,33,54,20,14,25,25,14,22,21,14,21,19,17,15,12,23,13,25,45,32,58,32,22,34,46,35,44,25,35,39,22,17,15,16,12,35,31,22,13,10,10,22,22,21,62,52,42,59,47,35,20,46,44,14,36,46,48,49,40,32,44,24,11,,58,6,33,40,,,20,39,27,21,18,24,11,,24,37,21,19,18,22,41,15,25,26,16,23,18,,9,13,11,,30,9,14,13,,,9,16,11,21,15,10,8,18,23,12,36,35,15,7,7,10,10,,11,7,23,32,16,23,22,31,53,25,47,,36,,39,,20,20,16,25,26,25,12,13,30,23,35,50,37,15,20,65,64,20,115,24,19,20,46,32,,,,15,,
20260618,5,PM10_24h,18,49,55,47,52,39,41,18,24,32,53,64,59,69,20,33,35,16,30,41,30,42,14,17,32,23,35,33,23,15,26,10,27,52,42,22,53,36,33,18,24,38,31,17,38,16,9,19,42,15,40,45,42,12,12,9,12,9,15,12,12,15,20,25,29,25,26,15,17,38,35,24,47,36,43,41,26,45,52,29,26,33,12,28,51,38,46,59,34,24,38,37,42,19,18,39,9,12,20,13,12,15,12,10,16,14,16,18,12,37,22,38,66,66,19,46,23,30,40,25,26,21,34,31,37,27,41,46,43,43,50,42,50,49,36,43,29,29,28,19,21,35,14,38,21,21,28,24,31,14,51,44,38,36,40,67,36,52,27,89,,,,,,,,,,,,,,,,,,,,,,,,,,,,,,36,36,14,46,44,63,32,51,62,45,24,33,37,22,,12,32,21,36,26,24,21,21,21,30,16,19,26,24,21,15,15,16,13,25,19,17,29,32,31,42,32,19,26,39,31,23,25,31,29,17,13,14,10,17,23,38,41,32,21,32,35,37,31,48,44,37,37,37,42,32,43,46,33,56,42,58,48,35,35,43,30,36,42,30,26,42,37,42,30,17,24,18,12,14,30,18,23,16,20,40,18,15,13,29,21,29,22,26,18,20,,8,23,12,12,31,21,14,21,,29,13,20,12,28,15,11,12,18,21,9,18,19,15,7,13,12,17,,10,9,29,40,27,34,34,30,70,78,46,,41,,40,,33,27,19,27,25,20,11,15,57,55,29,138,203,29,24,62,39,41,275,45,32,24,36,47,,,,23,,
20260618,5,SO2,3,6,3,7,6,5,2,3,3,2,7,7,2,7,9,10,8,5,6,7,6,7,4,6,8,6,6,10,5,9,7,7,7,7,8,5,7,7,7,5,7,2,4,5,9,4,4,8,6,6,6,7,7,5,5,5,6,5,5,3,5,7,3,4,7,4,6,5,6,4,8,13,5,5,6,8,17,5,6,5,6,8,3,13,13,9,9,18,18,7,6,6,7,7,4,9,8,6,6,4,7,6,6,5,6,7,5,5,6,5,7,11,9,7,10,5,8,7,7,5,4,5,5,8,8,6,10,5,12,8,6,8,9,8,6,9,7,5,3,6,2,8,9,15,6,9,3,6,3,3,4,5,2,6,6,7,10,25,5,5,,,,,,,,,,,,,,,,,,,,,,,,,,,,,,5,7,4,5,4,8,5,8,5,9,10,4,10,4,,6,10,6,7,8,6,4,7,10,11,2,4,7,8,5,6,6,4,9,6,9,6,6,11,7,9,8,5,8,8,6,6,5,4,8,5,4,5,4,5,5,10,3,5,2,8,3,5,19,9,7,7,6,8,6,5,8,9,8,7,14,6,4,9,6,4,5,9,7,6,5,5,7,6,3,6,5,2,10,3,17,10,5,7,6,6,8,10,4,6,6,4,5,7,4,3,,6,5,4,6,3,6,4,2,,3,5,7,7,6,8,1,4,4,8,6,8,5,8,7,6,7,4,,4,4,4,6,4,9,7,8,8,6,15,,6,,9,,3,8,7,9,8,14,6,18,7,6,7,6,5,7,5,4,14,5,3,6,3,7,6,6,,,,5,,
20260618,5,SO2_24h,2,5,4,8,7,5,2,4,3,3,6,6,4,10,9,7,8,5,5,7,6,6,4,6,8,7,6,8,4,9,7,7,6,6,7,5,8,6,6,6,7,3,4,5,9,4,2,8,6,6,4,6,6,5,5,5,5,5,5,3,4,7,4,4,9,4,8,5,7,5,9,17,8,5,6,7,12,8,7,6,6,8,3,10,11,8,10,11,10,7,6,5,6,8,4,9,10,5,7,5,7,6,5,5,5,5,5,3,5,5,7,11,8,7,10,6,8,7,6,5,3,5,5,6,6,5,11,3,8,9,6,10,9,9,5,10,7,8,3,5,2,8,9,27,6,10,3,6,3,3,5,6,3,7,9,14,9,19,5,4,,,,,,,,,,,,,,,,,,,,,,,,,,,,,,6,5,4,5,6,9,5,6,4,10,9,4,12,5,,6,11,7,7,7,6,4,7,10,11,1,5,7,9,5,8,6,4,11,6,10,7,6,10,6,9,8,5,7,7,6,6,5,5,7,5,8,3,3,6,5,11,5,7,2,9,4,5,9,7,6,6,4,6,6,4,5,7,9,8,8,8,6,8,6,5,5,10,7,8,8,6,8,21,3,6,6,2,5,4,12,10,6,6,4,9,9,10,3,6,7,5,6,8,5,3,,6,7,4,6,3,7,4,2,,5,5,7,7,5,8,1,4,4,8,6,7,5,9,7,5,6,4,,4,3,6,7,5,8,9,10,9,7,11,,5,,8,,4,11,7,9,11,16,6,18,9,6,7,6,6,8,5,4,9,5,4,6,3,7,7,8,,,,5,,
20260618,5,NO2,35,18,10,15,36,14,21,9,12,29,16,21,5,13,15,24,20,14,32,36,28,30,6,26,20,10,29,28,25,3,12,2,17,21,48,27,23,16,25,11,16,6,11,21,31,13,16,11,20,21,20,40,17,20,13,3,21,2,9,31,11,11,7,4,8,15,5,8,6,5,15,14,14,17,30,16,41,14,18,8,12,10,14,22,33,17,20,34,19,11,20,15,24,10,7,17,11,11,9,5,14,7,12,4,22,15,17,16,6,,13,13,17,14,22,10,20,21,28,12,17,6,16,17,29,23,14,18,28,9,53,10,12,11,25,5,9,5,7,7,6,16,9,20,10,5,7,4,6,8,11,14,15,9,9,4,9,17,8,7,,,,,,,,,,,,,,,,,,,,,,,,,,,,,,9,22,16,16,14,10,3,12,36,4,10,6,18,38,,7,4,19,7,20,16,15,29,8,16,8,9,9,,9,8,11,9,15,13,14,6,23,18,8,9,12,15,20,20,6,10,12,20,16,18,11,8,4,6,15,6,6,4,3,3,8,5,6,26,18,17,25,22,14,10,13,10,4,19,24,9,10,5,10,18,1,6,12,12,6,11,9,5,4,23,19,9,13,9,11,8,8,13,11,13,6,7,9,35,4,10,13,5,6,4,,9,9,6,4,5,5,3,6,,4,6,9,4,6,6,3,3,6,5,6,13,11,11,4,3,3,4,,1,4,9,12,4,9,12,11,27,7,25,,7,,6,,9,7,6,1,8,2,12,2,5,9,14,4,6,9,10,38,3,5,7,7,2,5,6,10,,,,5,,
20260618,5,NO2_24h,15,15,9,13,22,14,13,10,10,15,11,21,11,14,13,16,19,15,19,22,17,20,10,14,11,7,21,19,16,5,11,3,11,22,32,17,18,16,16,8,22,19,16,11,19,13,13,10,16,12,13,22,12,17,13,3,16,5,12,13,10,12,9,7,15,12,10,9,10,13,13,19,14,16,21,12,23,17,12,10,10,19,14,14,17,9,13,19,13,13,15,11,14,15,8,13,12,9,10,9,12,5,12,8,17,12,14,11,7,15,11,8,14,9,18,12,17,15,21,14,13,11,13,14,14,23,13,13,18,12,22,11,16,13,17,7,10,6,6,10,9,11,12,18,14,8,12,11,9,8,19,14,16,11,15,6,10,20,10,7,,,,,,,,,,,,,,,,,,,,,,,,,,,,,,7,10,10,11,14,8,5,12,31,12,14,10,12,16,,8,6,10,10,17,10,14,11,14,14,11,11,9,14,11,7,8,10,10,19,13,7,14,11,7,13,12,7,9,13,6,9,10,14,9,11,10,6,5,17,9,10,9,6,6,7,9,8,7,17,13,12,16,18,13,9,12,11,11,14,19,14,14,9,9,13,6,7,8,11,10,9,9,6,7,17,17,10,13,11,11,10,6,9,8,22,11,8,10,19,7,22,13,12,6,6,,12,15,11,4,9,9,4,9,,10,6,12,6,7,7,4,4,7,6,7,8,10,10,5,3,3,9,,3,6,12,12,9,12,8,11,14,8,18,,10,,6,,11,11,4,1,9,2,12,2,12,14,13,9,6,13,9,22,4,9,5,11,3,9,8,7,,,,5,,
20260618,5,O3,29,85,80,57,26,85,54,40,7,50,75,64,112,109,86,33,39,44,30,44,20,30,56,26,34,34,22,19,19,53,32,76,31,54,13,10,48,73,64,34,22,35,45,1,60,19,22,44,84,58,98,52,61,25,26,49,15,46,35,11,37,28,41,59,44,35,44,43,119,75,70,46,85,60,36,57,62,110,59,35,84,87,32,32,71,78,57,60,45,68,30,63,63,73,85,46,37,25,49,60,5,38,25,60,19,19,16,12,44,70,75,120,112,76,18,33,19,8,38,58,66,47,39,89,50,53,76,88,74,113,36,81,64,81,64,96,51,32,42,26,80,22,53,4,48,63,49,61,59,37,59,33,22,24,84,78,90,98,69,94,,,,,,,,,,,,,,,,,,,,,,,,,,,,,,69,60,14,114,84,122,117,135,46,122,74,59,75,37,,70,121,36,52,41,32,57,12,29,27,62,63,36,52,16,58,25,58,52,20,55,15,54,56,78,54,84,8,28,57,58,94,55,50,56,18,19,24,22,22,19,58,32,33,38,45,47,31,56,73,92,79,58,86,54,58,96,102,111,54,77,87,76,81,70,50,89,46,62,90,37,34,48,31,40,10,42,40,18,32,37,38,32,21,17,29,48,48,41,14,73,35,19,55,36,10,,34,38,39,46,81,37,45,26,,26,33,63,40,28,31,43,42,41,10,36,25,13,20,78,114,118,104,,136,56,45,105,34,113,63,40,33,91,37,,100,,52,,81,64,53,77,50,48,63,83,113,100,68,99,96,70,54,35,108,103,89,95,50,96,91,53,,,,50,,
20260618,5,O3_24h,29,85,80,57,26,85,54,40,7,50,75,64,112,109,86,33,39,44,30,44,20,30,56,26,34,34,22,19,19,53,32,76,31,54,13,10,48,73,64,34,22,35,45,1,60,19,22,44,84,58,98,52,61,25,26,49,15,46,35,11,37,28,41,59,44,35,44,43,119,75,70,46,85,60,36,57,62,110,59,35,84,87,32,32,71,78,57,60,45,68,30,63,63,73,85,46,37,25,49,60,5,38,25,60,19,19,16,12,44,70,75,120,112,76,18,33,19,8,38,58,66,47,39,89,50,53,76,88,74,113,36,81,64,81,64,96,51,32,42,26,80,22,53,4,48,63,49,61,59,37,59,33,22,24,84,78,90,98,69,94,,,,,,,,,,,,,,,,,,,,,,,,,,,,,,69,60,14,114,84,122,117,135,46,122,74,59,75,37,,70,121,36,52,41,32,57,12,29,27,62,63,36,52,16,58,25,58,52,20,55,15,54,56,78,54,84,8,28,57,58,94,55,50,56,18,19,24,22,22,19,58,32,33,38,45,47,31,56,73,92,79,58,86,54,58,96,102,111,54,77,87,76,81,70,50,89,46,62,90,37,34,48,31,40,10,42,40,18,32,37,38,32,21,17,29,48,48,41,14,73,35,19,55,36,10,,34,38,39,46,81,37,45,26,,26,33,63,40,28,31,43,42,41,10,36,25,13,20,78,114,118,104,,136,56,45,105,34,113,63,40,33,91,37,,100,,52,,81,64,53,77,50,48,63,83,113,100,68,99,96,70,54,35,108,103,89,95,50,96,91,53,,,,50,,
20260618,5,O3_8h,,,,,,,,,,,,,,,,,,,,,,,,,,,,,,,,,,,,,172,,,,,,,,,,,,,,,,,,,,,,,,,,,,,,,,,,,,,,,,,174,,,,,,,,,,,,,,,,,,183,,,,,,,,58,,,,,,,,,195,,,,,,,,,,122,,,,,,,,,,161,,,,,,,,,,,,,,,,,,,,,,,,,,,,,,,,,,,,,,,,,,,,,,,,,,,,,,,,,,,,,,,,,,,,,,,,,,,,,,,,,,,,,,,,,,,,,,,,,,,,,,,,,,,,,,,,,,,,,,,,,,,,,,,155,,,,,,,,,,,,,128,,,,,,,,,,,,,,,,,,,,,,,,,,,,,,,,59,,,,,,34,,,,,,,,,,,,,,,,,,,,,,,,,,,,,,,,,,,,,,,,,,,,,,,,,,,,,,,,,,,,,,,,
20260618,5,O3_8h_24h,,,,,,,,,,,,,,,,,,,,,,,,,,,,,,,,,,,,,,,,,,,,,,,,,,,,,,,,,,,,,,,,,,,,,,,,,,,,,,,,,,,,,,,,,,,,,,,,,,,,,,,,,,,,,,,,,,,,,,,,,,,,,,,,,,,,,,,,,,,,,,,,,,,,,,,,,,,,,,,,,,,,,,,,,,,,,,,,,,,,,,,,,,,,,,,,,,,,,,,,,,,,,,,,,,,,,,,,,,,,,,,,,,,,,,,,,,,,,,,,,,,,,,,,,,,,,,,,,,,,,,,,,,,,,,,,,,,,,,,,,,,,,,,,,,,,,,,,,,,,,,,,,,,,,,,,,,,,,,,,,,,,,,,,,,,,,,,,,,,,,,,,,,,,,,,,,,,,,,,,,,,,,,,,,,,,,,,
20260618,5,CO,0.45,0.84,0.44,0.77,0.65,0.30,0.40,0.27,0.35,0.50,0.48,0.40,0.40,0.72,0.84,1.25,0.81,0.47,0.53,0.44,0.51,0.76,0.57,0.51,0.40,0.64,0.63,0.92,0.62,0.50,0.80,0.36,0.52,0.72,0.64,0.47,0.60,0.60,0.55,0.40,0.65,0.50,0.40,0.50,0.69,0.33,0.28,0.65,0.39,0.41,0.56,1.05,0.60,0.42,0.47,0.53,0.47,0.25,0.40,0.50,0.53,0.40,0.64,0.35,0.49,0.59,0.47,0.47,0.23,0.50,0.80,0.55,0.34,0.32,0.46,0.77,0.67,0.47,0.64,0.50,0.37,0.65,0.47,0.37,0.62,0.37,0.68,0.77,0.46,0.33,0.57,0.57,0.32,0.46,0.27,0.64,0.57,0.67,0.43,0.47,0.55,0.50,0.70,0.35,0.45,0.50,0.47,0.55,0.37,0.20,0.50,0.63,0.70,0.88,0.48,0.86,0.67,0.78,0.74,0.50,0.42,0.37,0.54,0.68,0.63,0.58,0.52,0.35,0.62,0.53,0.68,0.47,0.70,0.60,0.75,0.90,0.70,0.40,0.63,0.69,0.35,0.63,0.57,1.43,0.37,0.30,0.60,0.20,0.75,0.47,0.37,0.60,0.40,0.56,0.50,0.20,0.60,0.78,0.24,0.15,,,,,,,,,,,,,,,,,,,,,,,,,,,,,,0.67,0.70,0.50,0.47,0.50,0.75,0.43,0.73,0.60,0.33,0.47,0.30,0.55,0.50,,0.20,0.45,0.75,0.57,1.00,0.77,0.30,0.60,0.65,0.65,0.35,0.40,0.37,0.30,0.27,0.50,0.42,0.35,0.47,0.40,0.40,0.25,0.37,0.40,0.45,0.65,0.75,0.45,0.40,0.54,0.27,0.45,0.17,1.05,0.30,0.53,0.70,0.30,0.35,0.60,0.80,0.60,0.40,0.30,0.28,0.25,0.55,0.53,0.55,0.54,0.40,0.45,0.55,0.54,0.65,0.20,0.60,0.47,0.60,0.74,0.70,0.95,0.60,0.60,0.80,0.60,0.45,0.63,0.50,0.90,0.60,0.70,0.55,0.65,0.45,0.20,0.60,0.82,0.60,0.43,0.60,0.40,0.70,0.80,0.50,0.67,0.50,0.43,0.63,0.70,0.35,0.25,0.55,0.60,0.35,0.30,,0.25,0.55,0.40,0.40,0.50,0.60,0.25,0.50,,0.70,0.45,0.50,0.45,0.65,0.60,0.60,0.20,0.30,0.65,0.35,0.35,0.55,0.35,0.45,0.20,0.40,0.40,,0.25,0.40,0.43,0.43,0.40,0.80,0.55,0.45,0.30,0.50,0.60,,0.40,,0.35,,0.25,0.70,0.30,0.20,0.40,0.40,0.20,0.50,0.37,0.35,0.35,0.55,0.10,0.15,0.25,0.95,0.15,0.30,0.25,0.45,0.10,0.20,0.25,0.20,,,,0.35,,
20260618,5,CO_24h,0.40,0.63,0.44,0.58,0.60,0.30,0.31,0.27,0.25,0.35,0.53,0.45,0.45,0.72,0.54,0.78,0.64,0.47,0.51,0.55,0.44,0.87,0.60,0.39,0.34,0.56,0.79,0.66,0.44,0.52,0.80,0.40,0.43,0.68,0.59,0.47,0.55,0.55,0.53,0.43,0.65,0.53,0.50,0.45,0.71,0.35,0.28,0.70,0.33,0.41,0.47,0.74,0.57,0.45,0.49,0.57,0.47,0.30,0.47,0.43,0.53,0.40,0.69,0.38,0.51,0.56,0.50,0.44,0.27,0.59,0.67,0.55,0.44,0.34,0.52,0.68,0.49,0.54,0.72,0.57,0.30,0.57,0.50,0.31,0.58,0.33,0.56,0.52,0.38,0.32,0.53,0.38,0.23,0.50,0.27,0.55,0.63,0.67,0.43,0.53,0.65,0.50,0.70,0.53,0.40,0.60,0.47,0.55,0.37,0.20,0.54,0.55,0.70,0.70,0.46,0.82,0.67,0.84,0.64,0.53,0.48,0.40,0.48,0.55,0.57,0.60,0.51,0.35,0.57,0.47,0.65,0.40,0.57,0.57,0.65,0.93,0.70,0.50,0.55,0.71,0.40,0.57,0.60,1.30,0.43,0.33,0.63,0.25,0.75,0.43,0.47,0.60,0.50,0.60,0.55,0.20,0.50,0.68,0.30,0.15,,,,,,,,,,,,,,,,,,,,,,,,,,,,,,0.58,0.50,0.45,0.47,0.47,0.70,0.55,0.63,0.50,0.43,0.40,0.30,0.60,0.50,,0.20,0.50,0.58,0.70,0.50,0.73,0.37,0.50,0.70,0.65,0.40,0.40,0.37,0.40,0.27,0.47,0.42,0.40,0.47,0.40,0.50,0.25,0.37,0.36,0.40,0.57,0.63,0.40,0.40,0.46,0.27,0.40,0.23,0.75,0.33,0.53,0.90,0.40,0.35,0.95,0.60,0.73,0.63,0.70,0.32,0.35,0.82,0.72,0.60,0.50,0.40,0.45,0.43,0.42,0.53,0.27,0.37,0.45,0.70,0.84,0.73,0.90,0.70,0.53,0.80,0.63,0.55,0.80,0.55,0.90,0.65,0.73,0.60,0.70,0.45,0.30,0.67,0.63,0.67,0.37,0.45,0.47,0.80,0.70,0.50,0.73,0.65,0.50,0.60,0.60,0.38,0.35,0.60,0.65,0.35,0.30,,0.25,0.70,0.43,0.43,0.45,0.55,0.30,0.45,,0.65,0.35,0.50,0.40,0.60,0.60,0.60,0.20,0.30,0.65,0.35,0.40,0.55,0.35,0.45,0.20,0.40,0.40,,0.25,0.35,0.60,0.47,0.50,0.85,0.40,0.40,0.30,0.45,0.60,,0.45,,0.35,,0.30,0.60,0.30,0.20,0.40,0.40,0.20,0.40,0.43,0.40,0.35,0.50,0.10,0.20,0.25,0.80,0.15,0.30,0.25,0.45,0.40,0.10,0.30,0.25,,,,0.45,,
20260618,6,AQI,36,79,64,81,62,56,60,27,25,86,53,58,79,73,39,60,51,37,36,58,47,73,29,36,64,41,61,71,69,26,36,24,41,68,50,24,71,64,58,19,34,16,18,14,40,20,14,29,41,23,47,56,46,13,13,19,17,16,13,24,15,18,23,23,18,47,18,19,37,23,32,30,41,33,43,47,41,32,74,26,53,40,16,41,71,44,83,69,49,25,50,40,55,23,26,51,11,16,24,23,24,16,17,20,23,26,22,33,13,29,32,42,58,68,28,46,37,40,56,23,29,19,31,54,63,33,41,56,55,41,59,28,46,55,44,66,59,16,29,15,23,39,17,36,17,24,34,18,21,11,25,30,33,24,25,58,32,53,19,42,,,,,,,,,,,,,,,,,,,,,,,,,,,,,,50,60,37,54,56,86,37,73,63,40,37,33,52,38,,22,38,45,43,64,30,53,30,16,26,23,27,18,20,15,18,19,17,18,13,22,13,31,47,39,60,51,26,41,49,49,50,26,34,54,18,20,18,16,14,34,23,20,15,14,15,21,20,22,61,54,43,59,54,33,23,40,41,34,43,49,53,36,47,41,38,28,13,69,54,11,20,40,65,46,18,29,36,19,33,36,12,11,28,42,29,17,20,34,43,22,22,24,16,30,19,,10,13,11,14,34,12,13,17,,17,21,19,13,23,14,13,13,20,26,13,31,43,13,23,33,35,33,,41,15,19,40,15,31,24,31,53,29,52,,34,,39,,23,21,17,25,27,26,17,23,36,35,29,35,36,21,27,51,48,30,69,29,26,27,45,29,,,,20,,
20260618,6,PM2.5,19,58,41,60,35,40,36,19,5,64,37,30,58,53,18,43,35,26,14,41,33,53,20,25,46,29,44,52,50,18,25,6,29,49,28,13,52,46,41,9,24,11,5,4,28,5,8,20,29,16,28,40,32,5,4,4,10,3,3,14,4,7,11,14,9,33,3,8,6,7,18,21,15,11,29,33,24,19,54,18,37,28,11,29,52,29,61,50,34,17,35,28,39,12,17,36,3,10,15,7,8,3,6,5,15,18,15,22,5,19,19,26,25,49,10,32,26,28,40,16,20,12,22,38,45,23,29,36,37,23,32,19,32,39,31,48,42,6,18,9,11,26,10,14,6,16,24,8,15,4,4,21,21,17,8,22,18,21,8,20,,,,,,,,,,,,,,,,,,,,,,,,,,,,,,35,43,21,25,40,64,8,53,30,25,26,20,20,13,,3,7,30,30,46,20,37,21,8,16,13,19,7,14,10,3,13,9,10,9,10,6,22,33,23,43,36,18,29,34,34,35,16,24,38,8,6,3,6,3,24,16,6,4,3,3,5,3,13,44,29,20,36,38,20,3,21,29,9,30,34,37,25,33,29,26,8,4,50,38,3,14,28,47,32,11,14,24,13,23,22,3,3,12,17,17,11,14,24,24,15,11,17,10,19,7,,3,8,6,4,24,3,3,12,,6,15,6,7,11,10,6,9,12,9,5,11,13,3,3,3,3,3,,3,6,13,28,3,14,11,22,26,20,26,,18,,19,,15,15,7,9,11,8,3,3,25,15,16,13,22,7,7,31,26,3,33,5,3,3,8,18,,,,14,,
20260618,6,PM2.5_24h,10,35,37,35,25,27,26,12,11,27,36,31,41,40,11,27,28,14,14,31,14,35,11,12,20,15,24,21,18,14,20,7,23,43,26,9,40,33,28,8,15,21,18,7,17,5,7,15,22,13,25,32,28,6,5,5,8,5,6,6,6,9,11,15,18,22,10,7,9,21,20,18,14,12,29,29,15,18,39,19,29,27,10,19,30,17,31,33,18,14,18,16,26,12,11,27,4,8,12,8,7,6,8,7,10,11,12,8,5,16,12,23,26,43,10,35,21,24,34,19,15,16,19,22,22,19,24,27,28,24,26,22,38,37,23,36,30,15,14,10,11,25,11,16,8,9,27,17,25,8,30,28,18,26,19,26,21,19,10,34,,,,,,,,,,,,,,,,,,,,,,,,,,,,,,28,24,8,19,24,46,16,36,23,14,14,15,13,10,,5,10,16,29,22,18,19,13,10,16,13,22,21,20,12,11,11,12,14,12,16,12,15,19,15,24,23,13,23,18,15,20,12,21,22,6,7,5,4,13,19,26,22,18,10,16,24,20,16,35,24,20,24,25,23,17,21,25,23,39,26,43,25,29,26,25,23,20,36,31,17,35,25,34,26,8,9,11,12,13,17,9,11,6,9,25,11,8,11,15,15,14,18,20,15,7,,4,17,8,14,19,12,7,19,,16,12,10,5,12,11,5,8,11,9,5,11,11,7,4,5,2,11,,3,6,22,24,13,23,15,19,29,36,21,,22,,23,,17,17,9,12,16,8,2,8,23,26,16,38,72,10,7,30,16,12,55,15,6,3,6,17,,,,14,,
20260618,6,PM10,36,79,78,88,74,55,70,15,25,81,55,65,72,82,39,51,52,28,36,54,39,54,22,28,57,34,52,75,57,12,27,9,36,51,50,24,66,51,42,19,34,13,18,14,40,20,14,26,40,17,47,56,44,13,13,11,17,9,11,24,15,18,23,23,18,46,18,19,7,14,32,24,41,33,43,46,41,29,73,23,,27,15,34,65,44,68,72,48,25,42,35,48,15,17,46,6,16,24,23,24,16,17,7,23,22,22,33,9,29,32,42,66,84,28,43,25,38,41,23,27,19,30,44,63,30,39,62,60,41,67,28,40,57,44,43,,16,29,15,22,39,12,36,17,24,,15,21,11,16,24,33,24,14,66,32,55,14,42,,,,,,,,,,,,,,,,,,,,,,,,,,,,,,40,62,37,57,56,73,14,73,76,40,37,33,54,38,,20,22,45,35,49,30,52,26,16,26,23,12,13,16,15,11,12,17,16,10,22,13,26,47,39,59,34,26,30,48,38,43,26,34,37,18,20,18,16,14,31,22,20,15,14,15,21,20,22,61,57,43,67,47,33,23,40,40,17,34,49,39,27,35,35,38,19,9,,45,7,17,38,46,,18,29,36,16,20,36,11,6,28,42,29,17,17,23,43,19,22,23,16,30,19,,7,13,6,8,32,9,11,15,,17,10,19,13,23,13,10,,20,26,13,31,43,13,8,6,10,6,,25,7,18,35,15,21,21,30,55,28,54,,34,,39,,16,18,17,24,27,26,9,14,31,15,29,35,36,12,27,52,48,21,87,18,26,15,45,29,,,,20,,
20260618,6,PM10_24h,18,51,56,50,53,40,43,19,23,34,54,65,60,70,21,34,36,16,30,42,30,43,14,17,33,23,36,35,24,14,26,10,28,53,42,22,54,37,34,18,24,37,29,17,38,16,9,19,42,15,40,45,42,12,12,9,12,9,15,12,12,15,20,26,28,25,25,15,17,37,34,24,47,36,43,41,27,44,53,28,26,32,12,28,53,38,46,60,35,24,39,37,42,19,18,39,9,13,21,13,13,15,12,9,17,15,16,19,12,37,22,39,66,68,19,47,23,31,41,25,26,21,33,32,38,27,41,47,44,43,50,41,50,49,36,43,29,28,28,18,22,34,14,38,20,20,27,23,30,14,49,44,36,36,38,67,35,53,27,85,,,,,,,,,,,,,,,,,,,,,,,,,,,,,,36,37,15,46,44,64,31,53,62,44,25,33,38,23,,12,32,23,36,27,25,22,21,20,29,16,18,26,24,21,15,15,16,13,24,18,18,28,32,32,43,32,20,26,38,31,23,25,31,30,18,13,14,10,17,24,37,40,31,20,31,35,36,30,49,45,37,38,38,42,32,42,46,33,56,43,58,46,35,35,43,30,34,42,30,24,41,37,42,29,16,25,19,13,14,31,17,22,17,21,40,17,15,13,30,20,28,23,26,18,20,,8,23,12,11,31,20,14,20,,31,13,20,12,28,15,11,12,18,21,10,18,20,15,7,13,12,17,,11,9,29,40,27,33,33,30,70,68,47,,41,,39,,31,26,18,27,26,20,11,15,59,55,28,136,203,28,24,63,40,39,239,42,31,24,37,46,,,,23,,
20260618,6,SO2,3,6,4,9,6,6,3,3,3,2,7,7,4,7,9,12,9,5,6,7,7,7,5,6,8,6,6,10,5,9,7,8,8,7,8,5,7,6,6,5,7,2,4,5,9,5,4,10,6,6,6,7,7,6,5,5,5,5,5,2,4,8,3,4,8,4,7,6,5,5,8,13,6,5,7,9,16,6,6,6,9,6,5,15,13,9,9,18,18,6,6,6,7,7,4,11,10,6,6,4,7,6,7,4,5,9,6,4,7,6,7,10,8,8,12,6,9,6,7,5,5,6,6,7,7,5,9,6,12,8,8,9,8,8,6,9,7,5,3,5,2,8,9,14,5,9,4,6,2,3,4,5,2,7,7,3,29,19,5,4,,,,,,,,,,,,,,,,,,,,,,,,,,,,,,6,10,5,5,4,8,5,8,4,7,9,5,10,4,,7,11,7,8,7,6,4,7,16,11,1,5,7,7,5,8,6,4,9,6,9,7,6,10,8,9,8,5,6,8,7,6,5,5,8,5,5,3,6,6,6,10,3,8,3,9,5,5,14,9,7,7,6,9,6,5,6,10,6,7,12,19,5,8,30,4,5,8,7,6,5,5,9,24,3,6,5,2,7,3,19,10,6,7,6,8,8,10,4,7,7,5,6,7,4,3,,5,5,4,5,3,6,3,2,,4,5,6,7,5,8,2,4,4,8,6,7,5,9,7,5,7,3,,4,3,4,6,4,8,6,9,10,6,17,,5,,9,,4,9,8,9,8,12,6,16,8,6,7,6,5,7,5,4,10,4,5,6,3,7,6,6,,,,6,,
20260618,6,SO2_24h,2,5,4,8,7,5,2,4,3,3,6,6,3,10,9,7,8,5,5,7,6,7,5,6,8,7,6,8,4,9,7,7,6,6,7,5,8,6,6,6,7,3,4,5,9,4,2,8,6,6,4,6,6,5,5,5,5,5,5,3,4,7,4,4,9,4,8,5,7,5,9,17,8,5,6,7,12,8,6,6,6,8,3,10,12,8,10,11,10,7,6,5,6,8,4,9,10,6,7,5,7,6,5,5,5,5,5,3,5,5,7,11,8,7,10,6,8,7,6,5,3,5,5,6,6,5,11,3,9,9,6,10,9,9,5,10,7,7,3,5,2,8,9,26,6,10,3,6,3,3,5,6,3,7,9,14,10,18,5,4,,,,,,,,,,,,,,,,,,,,,,,,,,,,,,6,5,4,5,6,9,5,7,4,10,9,4,12,5,,6,11,7,7,7,6,4,7,10,11,1,5,7,9,5,8,6,4,9,6,10,7,7,10,6,9,8,5,7,7,7,6,5,5,7,5,8,3,3,6,5,11,5,7,2,8,4,5,9,7,6,6,4,7,6,4,5,7,9,8,8,8,6,8,7,5,5,9,7,7,8,6,8,22,3,6,6,2,6,3,12,10,6,6,4,9,9,10,3,6,7,5,6,8,5,3,,6,7,4,6,3,7,4,2,,5,5,7,7,5,8,1,4,4,8,6,7,5,9,7,5,6,4,,4,3,6,7,5,8,8,10,9,7,11,,5,,8,,4,11,8,9,11,15,6,18,9,6,7,6,6,8,5,4,9,5,4,6,3,7,7,8,,,,5,,
20260618,6,NO2,35,25,11,17,34,23,22,8,11,37,19,45,8,16,18,22,18,15,32,39,28,32,6,21,23,10,29,31,27,3,11,2,21,22,49,29,25,19,21,12,16,9,11,15,30,13,15,13,21,18,25,28,13,20,13,3,20,2,7,34,11,15,8,4,9,18,6,8,6,6,19,12,19,14,17,12,41,17,21,11,14,13,14,22,36,19,28,34,21,14,23,17,29,11,8,21,11,15,7,4,13,8,16,5,20,17,16,16,6,18,14,12,15,15,24,12,17,21,20,10,17,8,15,20,32,24,17,22,27,12,50,16,9,9,29,5,9,6,9,9,12,16,9,20,10,4,10,7,7,8,6,13,18,7,9,5,24,20,10,6,,,,,,,,,,,,,,,,,,,,,,,,,,,,,,6,22,14,14,13,14,3,14,38,4,12,9,17,34,,9,4,21,8,21,15,16,20,12,12,7,11,6,9,10,8,10,10,14,15,15,7,22,18,9,22,18,9,18,22,15,13,13,19,24,14,9,7,4,11,13,8,6,5,4,4,8,6,8,23,23,16,27,25,11,12,13,16,3,18,26,7,12,6,10,11,3,8,13,17,6,7,8,5,4,20,14,9,12,12,14,7,6,12,13,21,7,6,10,42,5,16,9,6,7,6,,12,10,8,3,5,6,4,7,,4,7,8,5,6,6,5,4,7,5,6,8,10,10,4,3,3,3,,1,4,7,11,5,8,11,13,22,6,25,,8,,6,,8,6,5,2,5,2,14,2,14,7,13,5,7,10,9,20,2,6,7,8,3,6,6,9,,,,9,,
20260618,6,NO2_24h,16,16,9,13,23,14,14,10,10,16,12,23,10,14,13,17,19,15,19,22,18,20,10,15,12,7,22,20,17,5,11,3,12,22,33,17,19,16,16,8,21,18,15,11,19,13,13,10,16,12,14,22,12,17,13,3,16,5,11,14,10,12,9,6,15,13,9,9,10,13,13,19,14,15,21,12,24,16,13,10,10,18,14,14,18,9,14,20,13,12,15,11,14,15,8,13,12,9,10,9,12,5,12,8,17,12,14,11,7,15,11,9,14,10,18,13,17,16,20,14,13,11,13,15,15,22,13,13,18,11,24,12,16,13,18,7,10,5,6,10,10,11,12,18,14,8,11,10,9,8,18,14,15,11,14,6,11,19,11,7,,,,,,,,,,,,,,,,,,,,,,,,,,,,,,7,11,11,11,14,8,5,12,32,12,14,9,13,17,,8,6,10,11,18,10,15,12,13,14,12,11,9,14,11,7,8,9,10,19,13,7,14,11,7,13,12,7,9,13,7,9,10,14,10,11,10,6,5,17,9,10,8,6,6,7,8,7,7,17,13,12,16,18,13,9,12,11,11,14,18,13,14,9,9,12,6,7,8,11,9,9,9,6,7,17,17,11,13,10,11,10,6,9,8,22,10,8,10,19,7,22,13,11,6,6,,12,15,12,4,9,9,4,9,,10,6,12,6,7,7,4,4,7,6,7,8,10,10,5,3,3,9,,3,6,12,12,9,12,8,11,14,8,18,,9,,6,,11,11,4,1,9,2,12,2,12,13,12,9,6,13,10,23,4,8,5,11,3,9,8,7,,,,6,,
20260618,6,O3,25,82,81,61,31,81,51,36,8,41,68,55,106,85,80,33,47,53,32,40,17,24,59,27,29,35,22,17,21,52,37,78,27,55,10,8,42,70,71,29,23,39,45,3,58,18,21,37,82,62,82,64,60,24,24,60,15,52,42,22,33,24,37,64,44,31,39,42,119,74,58,48,74,61,44,61,57,103,41,30,90,80,31,32,67,71,42,69,39,64,25,59,55,73,82,37,36,24,50,74,7,42,23,65,36,17,17,13,43,63,75,106,115,64,23,35,23,14,62,55,67,51,43,80,46,48,64,76,72,110,34,65,55,82,54,93,48,30,52,23,75,15,53,9,49,62,45,58,44,35,81,38,15,24,81,74,71,87,62,91,,,,,,,,,,,,,,,,,,,,,,,,,,,,,,68,50,13,115,75,105,117,110,35,118,78,55,75,33,,71,123,40,56,32,31,63,21,26,34,61,61,57,53,25,58,34,55,58,23,55,20,44,50,71,53,70,7,25,50,46,87,52,46,43,20,16,20,25,19,16,50,30,26,37,42,44,30,46,70,86,70,59,79,66,57,95,95,108,57,70,95,61,77,57,75,91,42,62,60,36,40,43,14,34,11,49,34,18,22,33,38,34,22,12,15,49,49,41,6,71,28,18,50,36,11,,32,36,36,46,75,37,41,25,,23,36,59,40,29,30,40,39,40,10,37,29,11,19,72,107,112,104,,130,47,51,110,33,99,76,38,41,87,42,,94,,49,,73,63,53,79,56,44,54,75,81,111,58,89,92,68,56,59,110,95,93,93,51,86,89,57,,,,39,,
20260618,6,O3_24h,25,82,81,61,31,81,51,36,8,41,68,55,106,85,80,33,47,53,32,40,17,24,59,27,29,35,22,17,21,52,37,78,27,55,10,8,42,70,71,29,23,39,45,3,58,18,21,37,82,62,82,64,60,24,24,60,15,52,42,22,33,24,37,64,44,31,39,42,119,74,58,48,74,61,44,61,57,103,41,30,90,80,31,32,67,71,42,69,39,64,25,59,55,73,82,37,36,24,50,74,7,42,23,65,36,17,17,13,43,63,75,106,115,64,23,35,23,14,62,55,67,51,43,80,46,48,64,76,72,110,34,65,55,82,54,93,48,30,52,23,75,15,53,9,49,62,45,58,44,35,81,38,15,24,81,74,71,87,62,91,,,,,,,,,,,,,,,,,,,,,,,,,,,,,,68,50,13,115,75,105,117,110,35,118,78,55,75,33,,71,123,40,56,32,31,63,21,26,34,61,61,57,53,25,58,34,55,58,23,55,20,44,50,71,53,70,7,25,50,46,87,52,46,43,20,16,20,25,19,16,50,30,26,37,42,44,30,46,70,86,70,59,79,66,57,95,95,108,57,70,95,61,77,57,75,91,42,62,60,36,40,43,14,34,11,49,34,18,22,33,38,34,22,12,15,49,49,41,6,71,28,18,50,36,11,,32,36,36,46,75,37,41,25,,23,36,59,40,29,30,40,39,40,10,37,29,11,19,72,107,112,104,,130,47,51,110,33,99,76,38,41,87,42,,94,,49,,73,63,53,79,56,44,54,75,81,111,58,89,92,68,56,59,110,95,93,93,51,86,89,57,,,,39,,
20260618,6,O3_8h,,,,,,,,,,,,,,,,,,,,,,,,,,,,,,,,,,,,,172,,,,,,,,,,,,,,,,,,,,,,,,,,,,,,,,,,,,,,,,,174,,,,,,,,,,,,,,,,,,183,,,,,,,,,,,,,,,,,195,,,,,,,,,,122,,,,,,,,,,161,,,,,,,,,,,,,,,,,,,,,,,,,,,,,,,,,,,,,,,,,,,,,,,,,,,,,,,,,,,,,,,,,,,,,,,,,,,,,,,,,,,,,,,,,,,,,,,,,,,,,,,,,,,,,,,,,,,,,,,,,,,,,,,155,,,,,,,,,,,,,128,,,,,,,,,,,,,,,,,,,,,,,,,,,,,,,,,,,,,,34,,,,,,,,,,,,,,,,,,,,,,,,,,,,,,,,,,,,,,,,,,,,,,,,,,,,,,,,,,,,,,,,
20260618,6,O3_8h_24h,,,,,,,,,,,,,,,,,,,,,,,,,,,,,,,,,,,,,,,,,,,,,,,,,,,,,,,,,,,,,,,,,,,,,,,,,,,,,,,,,,,,,,,,,,,,,,,,,,,,,,,,,,,,,,,,,,,,,,,,,,,,,,,,,,,,,,,,,,,,,,,,,,,,,,,,,,,,,,,,,,,,,,,,,,,,,,,,,,,,,,,,,,,,,,,,,,,,,,,,,,,,,,,,,,,,,,,,,,,,,,,,,,,,,,,,,,,,,,,,,,,,,,,,,,,,,,,,,,,,,,,,,,,,,,,,,,,,,,,,,,,,,,,,,,,,,,,,,,,,,,,,,,,,,,,,,,,,,,,,,,,,,,,,,,,,,,,,,,,,,,,,,,,,,,,,,,,,,,,,,,,,,,,,,,,,,,,
20260618,6,CO,0.46,0.83,0.46,0.79,0.70,0.28,0.43,0.27,0.35,0.55,0.47,0.40,0.43,0.72,0.82,1.33,0.80,0.46,0.61,0.44,0.59,0.79,0.50,0.49,0.44,0.68,0.67,1.04,0.64,0.58,0.76,0.36,0.52,0.73,0.61,0.50,0.61,0.60,0.55,0.43,0.65,0.47,0.40,0.50,0.68,0.33,0.28,0.67,0.40,0.43,0.56,0.92,0.59,0.42,0.47,0.53,0.53,0.25,0.40,0.53,0.55,0.40,0.64,0.35,0.50,0.62,0.50,0.48,0.23,0.50,0.83,0.60,0.40,0.32,0.37,0.75,0.73,0.53,0.70,0.53,0.43,0.65,0.50,0.40,0.62,0.40,0.78,0.78,0.48,0.35,0.72,0.53,0.32,0.44,0.30,0.74,0.60,0.70,0.40,0.50,0.55,0.50,0.70,0.40,0.45,0.50,0.47,0.55,0.40,0.20,0.51,0.65,0.70,1.02,0.50,0.94,0.70,0.86,0.90,0.50,0.42,0.37,0.54,0.65,0.67,0.58,0.57,0.33,0.63,0.60,0.70,0.47,0.60,0.60,0.78,0.93,0.70,0.40,0.63,0.70,0.40,0.65,0.57,1.52,0.37,0.40,0.60,0.20,0.78,0.45,0.37,0.55,0.50,0.56,0.50,0.20,1.17,0.92,0.24,0.15,,,,,,,,,,,,,,,,,,,,,,,,,,,,,,0.60,0.80,0.50,0.50,0.53,0.75,0.43,0.77,0.63,0.33,0.50,0.20,0.60,0.53,,0.20,0.45,0.73,0.63,1.00,0.73,0.43,0.60,0.70,0.60,0.40,0.40,0.37,0.30,0.23,0.53,0.47,0.35,0.47,0.40,0.45,0.25,0.37,0.46,0.40,0.65,0.80,0.45,0.50,0.54,0.27,0.48,0.17,1.00,0.37,0.53,0.63,0.35,0.35,0.65,0.83,0.53,0.38,0.40,0.24,0.20,0.55,0.50,0.60,0.56,0.43,0.45,0.57,0.58,0.77,0.25,0.43,0.47,0.67,0.74,0.73,1.00,0.60,0.60,0.80,0.60,0.45,0.63,0.50,1.00,0.55,0.67,0.60,0.65,0.45,0.25,0.57,0.63,0.60,0.43,0.60,0.37,0.70,0.80,0.50,0.67,0.55,0.43,0.65,0.65,0.38,0.28,0.60,0.60,0.30,0.30,,0.25,0.60,0.40,0.40,0.50,0.60,0.25,0.50,,0.70,0.40,0.50,0.45,0.65,0.65,0.60,0.20,0.30,0.70,0.35,0.35,0.55,0.35,0.45,0.20,0.40,0.40,,0.25,0.40,0.43,0.47,0.40,0.75,0.45,0.45,0.30,0.45,0.60,,0.35,,0.35,,0.25,0.70,0.30,0.10,0.60,0.30,0.10,0.60,0.43,0.35,0.40,0.55,0.20,0.15,0.25,0.75,0.15,0.30,0.30,0.45,0.10,0.20,0.25,0.20,,,,0.45,,
20260618,6,CO_24h,0.40,0.63,0.44,0.58,0.65,0.30,0.31,0.27,0.25,0.38,0.53,0.42,0.45,0.72,0.56,0.80,0.64,0.49,0.51,0.54,0.45,0.87,0.60,0.40,0.34,0.56,0.77,0.69,0.44,0.53,0.80,0.40,0.43,0.68,0.57,0.47,0.59,0.58,0.55,0.43,0.65,0.57,0.50,0.45,0.71,0.32,0.28,0.70,0.34,0.41,0.47,0.77,0.57,0.44,0.49,0.53,0.47,0.30,0.47,0.43,0.53,0.40,0.64,0.38,0.51,0.57,0.50,0.45,0.27,0.59,0.67,0.55,0.44,0.35,0.50,0.68,0.50,0.54,0.72,0.60,0.33,0.57,0.50,0.31,0.58,0.37,0.56,0.53,0.40,0.32,0.53,0.40,0.23,0.50,0.27,0.55,0.63,0.67,0.43,0.50,0.65,0.50,0.70,0.53,0.45,0.60,0.47,0.55,0.37,0.20,0.51,0.55,0.70,0.70,0.46,0.86,0.67,0.84,0.66,0.53,0.48,0.40,0.48,0.55,0.60,0.60,0.51,0.35,0.57,0.47,0.65,0.40,0.57,0.57,0.65,0.93,0.70,0.50,0.55,0.71,0.40,0.57,0.60,1.30,0.43,0.33,0.63,0.25,0.75,0.43,0.47,0.60,0.50,0.60,0.55,0.20,0.53,0.68,0.30,0.15,,,,,,,,,,,,,,,,,,,,,,,,,,,,,,0.58,0.60,0.45,0.47,0.47,0.70,0.55,0.67,0.50,0.43,0.40,0.30,0.60,0.50,,0.20,0.50,0.58,0.70,0.55,0.73,0.37,0.50,0.70,0.65,0.40,0.40,0.37,0.40,0.27,0.47,0.42,0.40,0.47,0.40,0.50,0.25,0.37,0.36,0.40,0.57,0.63,0.40,0.40,0.46,0.27,0.40,0.23,0.75,0.33,0.53,0.90,0.40,0.35,0.95,0.63,0.73,0.60,0.65,0.32,0.35,0.80,0.68,0.60,0.52,0.40,0.45,0.43,0.42,0.53,0.23,0.37,0.47,0.70,0.84,0.70,0.90,0.70,0.53,0.80,0.63,0.55,0.78,0.55,0.90,0.65,0.73,0.60,0.70,0.45,0.30,0.67,0.63,0.67,0.37,0.45,0.47,0.80,0.70,0.50,0.73,0.65,0.50,0.60,0.60,0.38,0.35,0.60,0.65,0.35,0.30,,0.25,0.70,0.43,0.43,0.45,0.60,0.30,0.50,,0.65,0.40,0.50,0.40,0.60,0.60,0.60,0.20,0.30,0.65,0.35,0.40,0.55,0.35,0.45,0.20,0.40,0.40,,0.25,0.35,0.60,0.47,0.50,0.85,0.40,0.40,0.30,0.45,0.60,,0.45,,0.35,,0.30,0.60,0.30,0.20,0.50,0.40,0.20,0.40,0.43,0.40,0.35,0.50,0.10,0.20,0.30,0.80,0.15,0.30,0.25,0.45,0.40,0.10,0.30,0.25,,,,0.45,,
20260618,7,AQI,41,71,60,83,62,51,56,22,35,90,55,62,76,70,39,58,40,50,40,49,53,71,39,44,61,53,70,90,83,39,30,24,47,66,51,26,69,66,56,25,32,14,18,14,45,23,15,23,42,23,49,55,44,11,15,17,17,17,13,24,12,18,26,21,16,50,13,16,38,23,35,31,54,28,46,46,42,44,58,30,59,46,23,50,63,44,86,68,52,26,49,47,58,23,26,54,10,16,21,26,22,11,15,20,21,21,26,27,13,34,32,41,54,79,23,47,41,43,54,24,26,18,34,53,61,33,39,58,56,46,55,28,49,61,49,70,60,14,33,17,23,41,16,41,22,26,40,16,22,14,41,26,43,17,23,48,26,48,20,37,,,,,,,,,,,,,,,,,,,,,,,,,,,,,,40,63,36,53,58,88,34,71,73,49,41,30,54,30,,24,37,50,39,71,34,55,55,20,31,19,24,22,26,27,18,19,19,20,23,21,16,37,49,43,59,53,27,44,53,56,47,28,36,55,22,17,18,17,11,36,23,20,22,13,17,23,25,23,59,55,38,58,55,34,29,42,46,31,43,50,49,46,44,41,35,26,13,68,55,9,13,41,64,44,17,25,39,21,24,36,13,10,23,38,39,18,23,37,35,26,28,20,16,27,21,,9,13,10,14,34,12,13,15,,12,21,17,12,25,17,13,13,17,29,11,29,42,15,25,37,37,25,,43,13,16,51,16,30,33,34,56,31,56,,31,,42,,29,53,19,25,21,27,15,20,41,35,32,28,34,20,18,66,34,30,61,26,19,27,36,34,,,,21,,
20260618,7,PM2.5,22,52,39,61,30,36,31,11,12,67,39,40,56,51,18,41,28,35,17,34,37,52,27,31,44,37,51,67,61,27,21,6,33,48,32,15,50,48,40,12,21,10,6,5,31,5,9,16,27,16,30,39,30,4,5,5,9,3,3,13,4,8,12,13,8,35,4,9,6,4,21,22,17,10,32,32,29,21,41,21,42,32,16,35,45,29,64,49,34,14,34,33,41,12,14,38,4,10,14,9,10,6,8,8,14,15,18,13,5,21,18,26,26,58,8,33,29,30,38,17,17,9,24,37,44,23,27,37,38,25,31,14,34,43,34,51,43,3,23,11,11,27,11,17,8,13,28,10,10,4,5,18,29,12,5,22,12,18,8,20,,,,,,,,,,,,,,,,,,,,,,,,,,,,,,28,45,20,21,41,65,5,52,29,21,26,21,22,9,,3,9,35,27,52,24,39,39,8,22,11,17,3,16,19,10,13,13,7,16,15,10,26,34,30,42,37,18,31,37,40,33,19,25,39,12,12,3,6,5,25,14,4,6,3,3,4,3,16,42,33,25,38,39,21,14,27,25,10,30,32,34,25,31,29,23,6,4,49,39,3,8,29,46,31,6,14,27,15,17,25,4,3,15,17,23,10,16,26,23,18,12,14,11,19,9,,3,5,5,3,24,7,3,10,,6,15,7,6,11,12,9,9,12,8,7,9,10,3,3,3,3,16,,3,8,11,30,6,11,16,24,25,19,26,,19,,23,,20,16,13,9,15,14,3,6,25,17,21,14,24,9,6,28,18,9,29,7,3,3,5,11,,,,15,,
20260618,7,PM2.5_24h,11,36,38,36,26,27,27,12,10,29,36,32,42,42,12,28,29,15,13,31,14,37,12,12,21,15,25,23,20,14,20,7,24,44,26,9,41,34,29,7,15,20,18,6,17,4,7,14,22,13,25,32,28,6,5,5,8,4,6,6,6,8,10,15,17,22,10,7,8,20,20,18,14,12,28,29,16,18,39,18,30,27,11,19,30,17,32,34,18,14,18,16,26,12,11,28,4,8,12,8,7,6,8,7,10,12,12,8,5,16,12,23,26,44,10,36,22,24,34,19,15,16,18,22,22,18,24,28,29,25,26,21,38,37,24,36,31,14,14,10,11,24,11,16,7,9,26,16,24,8,29,28,18,26,17,25,21,19,10,32,,,,,,,,,,,,,,,,,,,,,,,,,,,,,,28,25,9,18,25,47,15,38,23,14,15,15,13,10,,4,10,17,29,24,18,20,15,10,15,12,22,21,20,13,11,11,12,14,12,15,12,15,19,16,25,23,13,22,18,15,20,12,21,23,6,7,4,4,12,20,25,21,17,9,15,23,18,16,36,24,21,24,26,23,17,21,25,22,39,27,43,25,29,27,25,22,19,36,31,16,34,25,34,27,7,10,11,12,13,18,8,11,7,9,25,10,8,11,15,14,14,18,20,14,7,,4,17,8,12,19,12,7,19,,15,12,10,5,11,10,5,8,11,10,5,11,11,6,4,5,2,11,,3,6,22,24,13,22,15,19,29,35,21,,22,,23,,17,17,9,12,16,9,2,8,23,26,16,38,71,10,7,31,16,12,51,14,6,3,7,17,,,,14,,
20260618,7,PM10,41,71,69,92,73,51,61,22,35,90,55,74,64,76,39,46,39,,40,42,42,53,39,37,53,43,57,90,68,22,22,9,39,48,51,26,62,48,43,25,32,13,18,14,45,23,15,17,42,20,49,54,44,11,15,11,17,7,11,24,12,18,26,21,16,47,13,16,7,12,35,25,58,28,44,45,42,44,64,25,36,35,22,41,62,44,75,69,53,26,44,40,51,16,19,53,10,16,21,26,22,9,15,16,21,16,26,27,10,34,32,41,58,94,23,43,28,40,44,22,26,17,30,42,71,29,35,66,61,46,60,28,43,72,43,,,14,31,17,18,41,13,41,22,26,,15,22,14,41,21,43,17,17,48,26,48,17,37,,,,,,,,,,,,,,,,,,,,,,,,,,,,,,37,61,36,56,61,79,17,71,96,49,41,25,57,30,,6,23,34,30,50,22,,,20,25,19,17,16,26,22,12,13,15,10,13,19,16,32,44,37,61,43,27,28,51,43,40,28,35,36,22,17,18,17,11,32,23,20,22,13,17,23,25,22,64,59,38,65,50,34,29,42,46,20,28,50,36,46,35,32,35,18,12,,,9,11,39,48,38,17,25,34,18,20,31,13,8,23,38,39,18,23,25,35,21,28,20,16,25,21,,7,13,9,7,33,10,12,15,,12,11,14,10,25,13,,9,15,29,9,29,42,15,7,6,7,,,17,6,15,51,16,17,20,34,61,31,61,,31,,42,,25,55,14,25,21,27,11,13,41,18,32,27,34,15,18,82,31,23,72,17,19,14,36,34,,,,21,,
20260618,7,PM10_24h,19,53,58,53,54,40,45,19,23,36,55,66,61,71,22,35,36,17,29,42,30,45,15,18,33,24,37,37,27,15,26,10,28,53,43,22,56,38,35,18,24,35,27,16,38,16,10,19,43,15,40,46,42,12,12,9,12,8,15,13,12,14,20,26,27,26,24,16,16,36,33,25,48,35,43,41,28,44,54,27,27,33,13,29,54,39,47,61,36,24,39,37,42,19,18,40,9,13,21,14,13,15,12,9,17,15,17,20,12,37,22,38,66,70,20,48,24,32,41,25,26,21,33,32,40,27,40,48,45,43,51,40,49,49,36,43,29,27,29,18,22,34,13,38,20,20,27,22,30,14,48,43,36,35,37,66,34,53,26,81,,,,,,,,,,,,,,,,,,,,,,,,,,,,,,36,39,16,46,45,65,30,54,62,45,26,32,39,23,,12,32,23,36,28,25,22,22,20,28,17,18,26,24,21,15,15,15,12,23,17,18,29,32,32,44,33,20,25,38,32,24,24,31,30,18,13,14,10,16,25,36,38,30,19,29,34,35,29,49,45,38,39,38,42,32,42,46,32,55,43,57,46,35,35,42,30,33,43,31,23,40,37,43,29,16,24,19,13,14,31,16,21,17,22,39,16,14,14,30,19,28,23,25,18,20,,8,23,12,10,31,19,14,20,,27,13,20,12,27,15,11,12,18,22,10,18,22,15,7,13,12,17,,11,9,28,41,26,33,32,30,71,63,47,,40,,39,,31,28,18,26,26,21,11,15,59,53,28,135,200,27,24,65,40,37,213,38,31,24,37,46,,,,23,,
20260618,7,SO2,3,6,4,8,7,4,3,2,3,3,8,6,2,7,10,11,9,5,5,7,6,7,4,7,8,6,6,9,4,9,7,7,7,7,8,6,7,8,6,6,8,2,4,5,9,5,3,9,6,6,5,6,8,6,5,4,5,5,5,3,5,6,3,4,8,4,6,6,6,5,9,15,6,5,9,9,17,7,6,6,6,6,3,18,13,9,10,16,31,6,7,6,8,7,5,12,11,6,6,4,8,6,7,5,5,6,6,4,7,5,7,11,8,8,11,6,8,6,5,5,4,5,6,7,7,3,9,7,12,8,5,8,8,8,7,9,7,6,2,5,2,8,9,13,6,9,4,6,2,3,4,5,2,6,6,5,19,15,5,5,,,,,,,,,,,,,,,,,,,,,,,,,,,,,,5,11,5,5,5,7,4,7,4,8,8,5,9,4,,6,10,12,8,6,7,4,7,14,10,2,5,8,9,6,7,6,4,8,6,9,7,7,10,7,10,8,4,9,8,8,6,5,5,8,5,4,5,6,6,5,10,3,4,2,9,3,4,7,8,9,7,5,8,6,6,5,9,8,7,11,11,4,7,10,3,5,9,9,6,6,5,7,23,3,6,5,2,6,3,18,10,6,6,7,9,8,10,5,7,7,5,6,8,4,3,,6,5,4,5,3,6,3,3,,3,5,6,6,5,8,2,4,4,8,6,6,4,8,7,5,7,4,,4,3,4,5,4,7,5,10,10,6,17,,5,,9,,3,8,8,10,9,14,6,19,10,6,7,5,5,7,5,4,12,4,4,6,3,7,6,7,,,,7,,
20260618,7,SO2_24h,3,6,4,8,8,5,2,4,3,3,6,6,3,10,9,7,8,5,5,7,6,7,5,6,8,7,6,8,4,9,7,7,6,6,7,5,8,6,6,6,7,3,4,5,9,4,2,8,6,6,4,6,6,5,5,5,5,5,5,3,4,7,4,4,9,4,8,5,7,5,9,17,8,5,6,7,12,8,6,6,6,8,3,10,12,8,10,11,11,7,6,5,6,8,4,9,10,6,7,5,7,6,5,5,5,5,5,3,5,5,7,11,8,7,10,6,8,7,6,5,4,5,5,6,6,5,11,4,9,9,6,10,9,8,5,10,7,7,3,5,2,7,9,24,6,10,3,6,3,3,5,6,3,7,9,13,10,18,5,4,,,,,,,,,,,,,,,,,,,,,,,,,,,,,,6,5,4,5,7,9,5,7,4,10,9,4,12,5,,6,11,7,7,7,6,4,7,10,11,1,5,7,9,5,8,6,4,8,6,10,7,7,9,6,9,8,5,7,7,7,6,5,5,7,5,8,3,3,6,5,11,5,6,2,8,4,5,9,7,6,6,4,7,6,4,5,8,9,8,8,9,6,7,7,5,5,9,7,7,8,6,8,23,3,6,5,2,6,3,12,10,6,6,4,9,9,10,4,6,7,5,6,8,4,3,,6,7,4,6,3,7,4,2,,5,5,7,7,5,8,1,4,4,8,6,7,5,9,7,5,6,4,,4,3,6,7,5,8,8,10,9,7,11,,5,,9,,4,11,8,9,10,15,6,18,9,6,7,6,6,8,5,4,9,5,4,6,3,7,7,8,,,,5,,
20260618,7,NO2,35,26,11,20,30,22,19,9,14,58,22,43,10,21,19,22,17,14,26,30,28,32,8,22,21,11,27,28,27,5,10,2,20,25,45,26,25,22,22,15,27,12,14,12,35,12,15,15,20,18,33,27,12,17,16,2,19,4,8,32,11,19,10,5,11,17,7,9,8,6,23,21,24,13,15,13,45,20,21,12,13,18,16,27,37,20,31,29,21,15,26,18,24,12,11,23,15,17,8,6,12,8,19,4,23,15,18,16,8,21,15,12,20,19,21,13,15,19,19,14,12,9,14,24,30,31,13,27,27,16,40,14,10,9,27,7,11,4,8,10,7,18,11,20,14,6,11,8,5,8,6,15,23,7,10,3,20,20,10,5,,,,,,,,,,,,,,,,,,,,,,,,,,,,,,7,21,13,17,14,15,4,18,34,5,15,6,11,31,,9,5,22,8,17,14,14,19,12,18,9,9,5,9,9,8,8,8,14,10,17,7,24,19,10,17,22,8,23,24,15,14,16,18,24,15,9,8,6,10,13,12,8,8,5,5,10,6,7,25,26,18,28,32,14,16,10,20,5,17,27,7,6,7,12,9,3,7,12,15,8,6,9,5,5,15,10,11,14,12,15,9,6,11,14,23,9,8,12,46,7,18,10,10,7,6,,18,12,10,3,5,6,4,7,,4,7,10,8,7,6,4,4,8,5,7,8,10,10,4,2,3,12,,1,4,7,14,5,10,7,14,18,7,27,,8,,10,,10,13,7,1,9,5,18,3,21,8,22,5,7,14,8,14,2,6,7,9,3,4,8,13,,,,11,,
20260618,7,NO2_24h,17,16,9,13,23,14,14,10,10,17,12,24,10,14,14,17,19,15,19,23,18,21,10,15,12,8,22,21,18,5,11,3,12,21,34,18,18,17,16,8,21,17,14,11,19,13,13,10,16,13,15,22,11,17,13,3,17,5,11,15,10,11,9,6,15,13,9,9,9,12,14,20,14,15,21,12,24,14,13,10,10,18,14,15,19,10,14,20,13,13,15,11,15,15,8,13,12,10,10,9,12,6,13,7,17,12,15,11,7,15,11,9,14,10,18,13,17,16,20,14,12,10,13,15,16,21,12,13,19,11,25,12,16,12,18,7,10,5,6,10,10,11,12,18,15,8,11,10,9,8,18,14,15,11,13,6,12,19,11,7,,,,,,,,,,,,,,,,,,,,,,,,,,,,,,7,11,11,11,13,8,5,12,32,11,14,9,13,17,,8,6,11,11,18,10,15,12,13,14,12,11,9,14,11,7,8,9,10,18,13,7,14,11,7,13,13,7,10,13,7,9,10,14,10,11,10,6,5,17,9,10,8,5,6,6,8,6,6,17,14,13,16,18,12,9,12,11,10,14,18,13,13,9,9,12,6,7,8,12,9,9,9,5,7,17,17,10,13,11,11,10,6,10,8,22,10,8,11,20,6,21,13,11,5,6,,12,15,12,4,9,9,4,9,,9,6,12,6,7,7,4,4,7,6,7,8,10,10,5,3,3,9,,3,6,11,12,9,12,8,11,14,8,18,,9,,7,,10,11,4,1,10,2,12,2,12,13,13,9,6,13,10,23,4,8,6,11,3,9,8,8,,,,6,,
20260618,7,O3,26,86,78,82,41,82,60,37,14,26,63,56,91,92,80,42,61,66,42,53,20,34,58,27,30,32,29,24,21,47,39,76,26,46,17,15,41,80,73,26,20,37,40,5,57,20,23,32,83,63,69,65,64,27,22,53,19,53,42,12,36,20,35,66,41,32,36,40,120,74,52,37,66,62,42,54,56,88,57,31,97,75,26,34,71,66,40,78,39,64,27,59,63,73,82,34,31,22,47,67,8,36,18,65,16,16,15,15,41,56,76,109,105,67,35,52,34,25,71,53,77,56,55,70,41,41,70,64,72,100,43,73,48,81,53,86,47,31,40,21,74,10,45,5,41,57,37,52,50,35,79,35,13,33,74,87,68,88,65,93,,,,,,,,,,,,,,,,,,,,,,,,,,,,,,74,51,17,110,77,100,110,93,39,106,79,65,79,45,,77,119,56,61,44,42,78,65,37,35,62,64,69,68,48,57,50,57,63,33,53,25,37,52,66,69,62,13,22,51,42,85,47,49,43,21,16,20,20,20,18,40,29,19,36,40,39,29,43,68,79,68,60,66,63,51,99,89,100,71,72,95,78,73,51,85,84,41,59,44,29,43,33,33,32,18,52,33,19,28,30,33,32,22,9,16,48,46,36,2,67,25,17,39,37,16,,24,35,31,46,68,39,42,28,,28,30,53,38,29,29,41,41,37,10,36,28,9,16,79,117,117,79,,137,40,51,110,35,96,105,38,53,76,37,,100,,44,,58,51,50,78,50,45,47,64,68,111,47,88,84,63,56,67,109,95,93,84,50,86,80,47,,,,35,,
20260618,7,O3_24h,26,86,78,82,41,82,60,37,14,26,63,56,91,92,80,42,61,66,42,53,20,34,58,27,30,32,29,24,21,47,39,76,26,46,17,15,41,80,73,26,20,37,40,5,57,20,23,32,83,63,69,65,64,27,22,53,19,53,42,12,36,20,35,66,41,32,36,40,120,74,52,37,66,62,42,54,56,88,57,31,97,75,26,34,71,66,40,78,39,64,27,59,63,73,82,34,31,22,47,67,8,36,18,65,16,16,15,15,41,56,76,109,105,67,35,52,34,25,71,53,77,56,55,70,41,41,70,64,72,100,43,73,48,81,53,86,47,31,40,21,74,10,45,5,41,57,37,52,50,35,79,35,13,33,74,87,68,88,65,93,,,,,,,,,,,,,,,,,,,,,,,,,,,,,,74,51,17,110,77,100,110,93,39,106,79,65,79,45,,77,119,56,61,44,42,78,65,37,35,62,64,69,68,48,57,50,57,63,33,53,25,37,52,66,69,62,13,22,51,42,85,47,49,43,21,16,20,20,20,18,40,29,19,36,40,39,29,43,68,79,68,60,66,63,51,99,89,100,71,72,95,78,73,51,85,84,41,59,44,29,43,33,33,32,18,52,33,19,28,30,33,32,22,9,16,48,46,36,2,67,25,17,39,37,16,,24,35,31,46,68,39,42,28,,28,30,53,38,29,29,41,41,37,10,36,28,9,16,79,117,117,79,,137,40,51,110,35,96,105,38,53,76,37,,100,,44,,58,51,50,78,50,45,47,64,68,111,47,88,84,63,56,67,109,95,93,84,50,86,80,47,,,,35,,
20260618,7,O3_8h,,,,,,,,,,,,,,,,,,,,,,,,,,,,,,,,,,,,,172,,,,,,,,,,,,,,,,,,,54,,,,,,,,,,,,,,,,,,,,,,,,,,,,,,,,,,,,,,,,183,,,,,,,,,,,,,,,,,195,,,,,,,,,,122,,,,,,,,,,161,,,,,,,,,,,,,,,,,,,,,,,,,,,,,,,,,,,,,,,,,,,,,,,,,,,,,,,,,,,,,,,,,,,,,,,,,,,,,,,,,,,,,,,,,,,,,,,,,,,,,,,,,,,,,,,,,,,,,,,,,,,,,,,155,,,,,,,,,,,,,128,,,,,,,,,,,,,,,,,,,,,,,,,,,,,,,,,,,,,,,,,,,,,,,,,,,,,,,,,,,,,,,,,,,,,,,,,,,,,,,,,,,,,,,,,,,,,,,,,,,,,,
20260618,7,O3_8h_24h,,,,,,,,,,,,,,,,,,,,,,,,,,,,,,,,,,,,,,,,,,,,,,,,,,,,,,,,,,,,,,,,,,,,,,,,,,,,,,,,,,,,,,,,,,,,,,,,,,,,,,,,,,,,,,,,,,,,,,,,,,,,,,,,,,,,,,,,,,,,,,,,,,,,,,,,,,,,,,,,,,,,,,,,,,,,,,,,,,,,,,,,,,,,,,,,,,,,,,,,,,,,,,,,,,,,,,,,,,,,,,,,,,,,,,,,,,,,,,,,,,,,,,,,,,,,,,,,,,,,,,,,,,,,,,,,,,,,,,,,,,,,,,,,,,,,,,,,,,,,,,,,,,,,,,,,,,,,,,,,,,,,,,,,,,,,,,,,,,,,,,,,,,,,,,,,,,,,,,,,,,,,,,,,,,,,,,,
20260618,7,CO,0.50,0.84,0.50,0.89,0.70,0.33,0.43,0.33,0.35,0.72,0.53,0.40,0.45,0.73,0.86,1.35,0.80,0.51,0.53,0.45,0.68,0.79,0.55,0.51,0.44,0.76,0.73,1.09,0.68,0.73,0.76,0.36,0.52,0.75,0.63,0.53,0.61,0.67,0.53,0.47,0.60,0.50,0.50,0.50,0.71,0.38,0.28,0.68,0.42,0.43,0.60,0.94,0.62,0.41,0.51,0.55,0.47,0.25,0.40,0.57,0.60,0.40,0.66,0.35,0.50,0.65,0.60,0.48,0.23,0.52,0.97,0.80,0.38,0.31,0.48,0.77,0.75,0.55,0.72,0.55,0.40,0.72,0.53,0.46,0.64,0.43,0.86,0.97,0.48,0.35,0.72,0.50,0.35,0.48,0.30,0.82,0.70,0.85,0.43,0.50,0.65,0.50,0.75,0.53,0.50,0.60,0.53,0.55,0.43,0.20,0.73,0.65,0.73,1.32,0.48,1.00,0.75,0.98,1.04,0.55,0.42,0.40,0.52,0.63,0.73,0.62,0.51,0.40,0.67,0.70,0.70,0.47,0.53,0.63,0.80,0.90,0.70,0.40,0.65,0.70,0.40,0.73,0.57,1.82,0.40,0.30,0.67,0.25,0.72,0.45,0.40,0.55,0.55,0.52,0.50,0.20,0.83,0.80,0.22,0.15,,,,,,,,,,,,,,,,,,,,,,,,,,,,,,0.63,0.70,0.50,0.53,0.57,0.75,0.43,0.77,0.60,0.33,0.60,0.30,0.60,0.55,,0.20,0.50,0.75,0.63,1.10,0.77,0.53,0.70,0.60,0.65,0.40,0.40,0.37,0.27,0.20,0.60,0.47,0.35,0.50,0.35,0.50,0.25,0.37,0.46,0.40,0.67,0.90,0.45,0.55,0.56,0.30,0.50,0.27,1.03,0.40,0.57,0.70,0.35,0.35,0.80,0.93,0.50,0.35,0.45,0.28,0.20,0.55,0.53,0.60,0.62,0.48,0.45,0.57,0.60,0.80,0.30,0.43,0.53,0.63,0.70,0.73,0.85,0.70,0.60,0.80,0.63,0.45,0.65,0.50,1.00,0.60,0.63,0.60,0.65,0.45,0.25,0.53,0.90,0.63,0.43,0.65,0.40,0.70,0.85,0.60,1.20,0.55,0.53,0.65,0.70,0.40,0.32,0.60,0.65,0.35,0.30,,0.25,0.60,0.50,0.40,0.50,0.60,0.25,0.50,,0.55,0.40,0.60,0.50,0.65,0.70,0.60,0.20,0.30,0.65,0.35,0.35,0.55,0.40,0.45,0.20,0.40,0.50,,0.25,0.40,0.43,0.47,0.40,0.70,0.40,0.45,0.30,0.50,0.60,,0.40,,0.35,,0.25,0.70,0.30,0.10,0.50,0.40,0.20,0.60,0.57,0.35,0.40,0.45,,0.25,0.25,0.65,0.15,0.25,0.25,0.45,,0.10,0.25,0.25,,,,0.45,,
20260618,7,CO_24h,0.40,0.65,0.46,0.58,0.65,0.30,0.31,0.27,0.25,0.40,0.53,0.42,0.45,0.72,0.56,0.83,0.66,0.49,0.50,0.53,0.45,0.87,0.60,0.40,0.34,0.56,0.74,0.70,0.44,0.55,0.80,0.38,0.43,0.71,0.57,0.47,0.59,0.58,0.55,0.43,0.65,0.57,0.50,0.45,0.72,0.32,0.28,0.70,0.35,0.41,0.47,0.77,0.57,0.44,0.49,0.53,0.47,0.25,0.47,0.43,0.53,0.40,0.64,0.38,0.51,0.58,0.50,0.45,0.27,0.58,0.67,0.55,0.44,0.35,0.50,0.68,0.50,0.54,0.70,0.53,0.33,0.57,0.50,0.34,0.58,0.33,0.54,0.57,0.40,0.32,0.53,0.40,0.27,0.50,0.27,0.55,0.63,0.67,0.43,0.50,0.65,0.50,0.70,0.53,0.45,0.60,0.47,0.55,0.37,0.20,0.51,0.55,0.70,0.74,0.46,0.86,0.68,0.84,0.68,0.53,0.46,0.40,0.48,0.55,0.60,0.60,0.51,0.35,0.57,0.47,0.65,0.40,0.57,0.57,0.65,0.90,0.70,0.47,0.55,0.70,0.40,0.60,0.60,1.32,0.43,0.33,0.63,0.25,0.72,0.43,0.47,0.60,0.50,0.60,0.55,0.20,0.57,0.68,0.30,0.15,,,,,,,,,,,,,,,,,,,,,,,,,,,,,,0.58,0.60,0.45,0.47,0.47,0.70,0.53,0.67,0.50,0.40,0.40,0.30,0.60,0.50,,0.20,0.50,0.60,0.73,0.60,0.73,0.37,0.50,0.65,0.65,0.40,0.40,0.37,0.40,0.27,0.47,0.42,0.35,0.47,0.40,0.50,0.25,0.37,0.38,0.40,0.57,0.65,0.40,0.40,0.48,0.27,0.40,0.23,0.70,0.33,0.53,0.90,0.40,0.35,0.95,0.63,0.73,0.60,0.65,0.30,0.35,0.80,0.65,0.60,0.52,0.42,0.45,0.43,0.42,0.53,0.23,0.37,0.47,0.70,0.82,0.70,0.90,0.70,0.53,0.80,0.63,0.55,0.75,0.55,0.90,0.65,0.73,0.60,0.70,0.45,0.30,0.67,0.65,0.67,0.40,0.45,0.43,0.80,0.70,0.50,0.73,0.65,0.50,0.60,0.60,0.38,0.35,0.60,0.65,0.35,0.30,,0.25,0.70,0.47,0.43,0.50,0.60,0.30,0.50,,0.65,0.40,0.50,0.40,0.60,0.60,0.60,0.20,0.30,0.65,0.35,0.40,0.55,0.35,0.45,0.20,0.40,0.40,,0.25,0.35,0.60,0.47,0.50,0.85,0.40,0.40,0.30,0.45,0.60,,0.45,,0.35,,0.30,0.60,0.30,0.20,0.50,0.40,0.20,0.40,0.43,0.40,0.35,0.50,0.10,0.20,0.30,0.80,0.15,0.30,0.25,0.45,0.40,0.10,0.30,0.25,,,,0.45,,
20260618,8,AQI,54,63,57,81,66,60,56,22,25,93,55,59,71,69,49,60,37,54,35,39,60,66,47,46,56,61,71,100,89,46,29,23,53,68,55,28,66,61,51,22,31,17,19,16,53,20,16,23,42,22,55,51,42,10,13,16,10,14,13,18,12,16,27,21,18,54,13,16,37,23,37,33,51,28,51,44,48,48,54,40,70,44,23,49,58,42,85,61,52,25,53,55,59,22,26,63,12,13,24,27,23,15,18,21,21,26,27,17,13,36,36,41,59,75,28,47,47,41,66,29,29,27,43,53,59,40,32,64,58,49,53,28,50,56,49,76,63,15,30,22,23,39,19,50,24,26,55,20,19,13,23,26,53,17,21,48,22,37,19,28,,,,,,,,,,,,,,,,,,,,,,,,,,,,,,37,56,31,57,59,81,31,70,76,45,41,23,55,36,,28,36,51,30,75,33,50,53,20,30,22,22,28,25,27,17,23,22,21,21,29,30,44,51,46,55,51,34,51,55,54,50,32,39,59,17,21,20,20,10,30,29,18,20,14,17,20,32,29,57,61,51,60,56,36,23,58,52,29,34,51,46,34,46,40,36,22,12,65,53,11,15,53,59,44,16,37,28,24,23,35,13,9,25,52,38,19,26,39,40,29,25,23,19,30,20,,11,13,10,15,37,13,13,18,,11,16,14,12,26,16,13,13,13,27,11,27,29,21,27,39,34,33,,43,13,17,42,20,31,40,36,54,32,53,,31,,36,,31,29,24,26,27,52,14,23,46,28,36,39,31,28,17,60,33,30,75,25,33,26,25,34,,,,22,,
20260618,8,PM2.5,32,45,38,60,36,43,32,7,10,69,37,27,52,50,20,43,26,38,21,27,43,48,33,32,40,44,52,75,66,32,20,7,37,49,37,17,48,44,36,11,22,12,12,5,37,5,10,16,25,15,36,35,28,4,5,5,6,5,3,9,5,9,13,12,7,35,3,9,5,3,16,23,17,9,36,31,32,18,38,28,51,31,16,34,41,26,63,43,35,11,33,39,42,11,10,45,6,9,15,10,13,10,10,10,15,12,19,5,4,24,25,23,24,55,8,33,33,29,48,20,16,19,20,37,42,28,20,41,41,25,33,11,35,39,34,56,45,3,13,13,14,27,13,21,10,13,39,11,6,7,5,18,37,9,5,26,9,15,5,18,,,,,,,,,,,,,,,,,,,,,,,,,,,,,,26,30,19,24,41,60,6,51,30,15,25,16,21,17,,3,3,36,21,55,23,35,37,11,21,14,12,3,17,19,11,15,14,5,14,20,21,31,36,32,37,36,22,36,39,38,35,21,27,42,12,15,7,6,5,19,15,3,8,3,3,3,3,20,38,38,20,34,40,19,16,29,23,11,24,36,32,24,32,28,22,13,4,47,37,3,3,37,42,31,11,12,15,13,16,24,6,3,16,20,20,11,18,27,27,20,13,16,13,21,14,,3,8,7,7,24,5,3,11,,8,11,9,3,10,11,3,8,9,7,3,7,10,8,3,3,7,23,,3,9,8,29,11,11,28,25,28,21,32,,19,,19,,14,20,17,10,15,22,3,8,27,18,21,11,19,3,3,28,13,10,31,7,3,3,3,9,,,,15,,
20260618,8,PM2.5_24h,11,37,39,38,26,28,28,12,10,31,37,32,43,43,13,29,29,16,13,32,15,38,13,13,21,16,26,25,22,15,20,7,24,44,27,9,43,35,30,7,15,20,17,6,17,4,7,14,22,13,25,32,27,6,5,5,8,4,6,6,5,8,10,15,16,23,9,8,8,18,20,18,15,12,28,29,17,17,40,17,32,28,11,19,31,17,33,34,18,14,19,16,26,11,11,28,4,8,13,8,7,5,8,7,10,12,13,8,6,16,13,23,26,45,10,36,22,25,35,19,15,16,18,22,23,18,24,29,29,25,27,21,38,37,24,36,31,13,14,9,11,24,10,16,7,9,27,15,23,8,28,27,18,25,17,25,20,19,9,31,,,,,,,,,,,,,,,,,,,,,,,,,,,,,,29,25,9,19,26,48,15,39,23,14,16,15,14,10,,4,10,18,29,26,19,20,16,9,15,13,20,21,20,13,10,11,12,13,12,15,12,15,19,16,25,23,14,22,18,16,20,12,21,23,7,7,4,5,11,21,25,20,16,8,14,21,17,16,35,25,21,25,26,23,17,21,26,22,38,27,42,24,29,27,25,22,18,36,31,14,32,25,35,27,7,10,12,12,13,18,8,10,8,10,24,10,8,12,16,14,14,18,19,14,7,,4,16,8,12,19,11,7,18,,12,12,10,5,11,10,5,8,11,10,5,11,11,7,4,5,2,10,,3,6,21,24,12,22,15,19,30,33,21,,21,,23,,17,17,9,12,16,9,2,7,23,25,16,37,65,10,7,31,16,12,48,14,6,3,6,17,,,,14,,
20260618,8,PM10,57,67,63,86,81,62,62,22,25,98,60,67,73,75,49,49,34,,35,34,52,51,31,40,53,52,63,96,67,32,24,8,44,52,59,28,60,42,40,22,30,17,19,16,56,20,16,21,42,22,60,52,42,9,13,12,10,6,9,18,12,16,27,21,18,58,13,16,7,9,37,27,52,28,48,42,48,48,55,30,,36,23,41,62,42,86,72,53,25,55,45,50,16,18,57,12,13,24,27,23,,18,19,20,26,27,17,12,36,34,41,67,95,28,43,41,40,65,24,29,,43,43,56,35,32,77,64,49,56,28,39,62,45,50,,15,30,22,23,39,14,50,24,26,,20,19,13,,23,49,10,11,48,20,37,17,28,,,,,,,,,,,,,,,,,,,,,,,,,,,,,,35,62,31,63,68,69,22,78,101,45,41,23,60,36,,6,20,42,27,53,29,46,,20,29,21,19,8,19,,16,18,,10,21,,,40,48,44,60,40,34,31,49,43,39,32,38,46,17,18,20,20,10,30,29,18,20,14,17,20,32,24,64,71,51,70,56,36,20,65,53,21,34,52,35,,39,36,36,14,12,,46,11,7,49,48,28,15,37,28,24,15,35,13,9,25,53,38,19,24,27,40,24,25,22,17,28,16,,6,13,9,8,37,9,12,18,,9,12,12,9,26,15,6,11,13,27,8,27,29,21,6,6,14,,,13,7,16,42,20,16,24,28,57,32,56,,31,,36,,31,,17,26,27,53,14,19,46,23,36,39,31,28,17,70,22,30,100,18,33,14,25,34,,,,22,,
20260618,8,PM10_24h,20,55,59,56,55,42,47,19,23,39,56,67,62,71,24,36,36,18,28,42,31,46,15,18,34,25,38,40,29,15,26,10,29,53,44,22,57,39,36,18,25,34,26,16,38,16,10,19,43,15,41,46,42,12,13,9,12,8,14,13,12,14,20,26,26,27,23,16,16,34,33,25,48,35,42,41,29,44,55,26,28,34,13,29,55,39,49,62,36,24,40,36,42,19,18,40,9,13,22,14,14,15,12,9,17,16,18,19,12,37,22,39,66,71,21,48,24,32,43,25,26,21,33,33,41,26,40,50,46,44,51,39,50,49,35,43,29,26,30,18,22,33,12,39,20,20,27,22,29,14,47,42,36,34,35,64,33,52,26,77,,,,,,,,,,,,,,,,,,,,,,,,,,,,,,36,40,17,47,45,66,29,56,64,44,26,32,40,24,,11,31,25,36,30,25,23,22,19,27,17,17,25,24,20,15,15,15,12,22,17,17,29,32,32,44,33,20,25,38,32,24,24,32,31,18,13,14,11,16,25,35,36,29,19,28,33,34,29,50,47,39,41,38,42,31,43,46,32,54,43,56,44,36,35,42,29,32,43,32,22,38,37,43,29,16,25,20,13,14,31,15,20,18,24,39,16,14,14,30,19,28,24,24,18,20,,8,22,12,10,31,18,14,19,,18,13,19,12,27,15,11,12,18,22,10,18,22,15,7,12,12,16,,12,9,28,41,25,31,32,30,71,60,47,,39,,39,,30,27,18,26,26,22,11,15,59,52,28,133,189,27,24,66,39,37,196,36,31,24,37,45,,,,23,,
20260618,8,SO2,3,7,4,10,7,4,3,3,3,2,10,6,2,8,10,11,8,5,6,7,7,7,4,6,8,6,5,9,4,9,6,7,7,7,6,6,7,8,6,5,7,3,4,5,10,5,4,9,7,6,6,6,7,5,5,4,4,6,5,3,5,6,3,4,9,5,8,5,6,4,10,17,6,5,11,10,20,7,7,7,6,6,3,19,13,9,13,16,24,6,8,7,9,7,4,13,10,5,6,5,9,6,6,5,5,5,5,3,6,6,8,10,8,9,13,6,9,7,5,5,4,6,6,8,7,3,8,7,12,8,5,8,8,7,6,9,7,5,3,5,2,8,9,12,5,9,5,6,2,4,4,5,3,6,6,6,13,15,5,4,,,,,,,,,,,,,,,,,,,,,,,,,,,,,,6,10,5,5,8,8,5,7,7,9,9,4,10,7,,7,11,12,8,9,8,4,7,11,11,1,4,7,8,5,7,6,5,8,7,9,7,8,13,6,11,8,5,10,7,7,7,5,5,8,5,5,5,5,6,5,10,4,5,2,8,4,5,8,9,11,7,5,8,6,6,5,8,7,7,17,8,5,6,8,4,5,9,9,6,6,5,7,27,3,6,5,2,6,2,15,10,6,6,6,9,8,10,4,7,7,5,6,8,3,3,,6,6,4,6,3,6,3,3,,3,5,6,7,5,8,1,4,4,8,6,6,5,9,7,5,7,5,,3,3,4,5,4,7,5,11,10,6,16,,5,,9,,4,7,7,10,9,14,6,19,12,6,7,5,5,7,5,3,7,5,5,6,3,7,7,6,,,,6,,
20260618,8,SO2_24h,3,6,4,8,8,5,2,4,3,3,6,6,3,10,9,7,8,5,5,7,6,7,5,6,8,7,6,8,4,9,7,7,6,7,7,5,8,7,6,6,7,3,4,5,9,4,2,8,6,6,4,6,6,5,5,5,5,5,5,3,4,7,4,4,9,4,8,5,7,5,9,17,8,5,6,7,12,8,6,6,6,8,3,11,12,8,10,11,11,7,6,5,6,8,4,10,9,6,7,5,7,6,5,5,5,5,5,3,5,5,7,11,8,8,10,6,8,7,6,5,4,5,5,6,6,5,11,4,9,9,6,9,9,8,5,9,7,6,3,5,2,7,9,21,6,10,3,6,3,3,5,6,3,7,9,13,10,18,5,4,,,,,,,,,,,,,,,,,,,,,,,,,,,,,,6,5,4,5,6,9,5,7,5,10,9,4,12,5,,6,11,7,7,7,6,4,7,10,11,1,5,7,9,5,8,5,4,8,6,10,7,7,10,6,9,8,5,8,7,7,6,5,5,7,5,8,3,3,6,5,10,4,6,2,8,3,5,8,7,6,6,4,7,6,4,5,8,9,8,8,9,6,7,8,4,5,9,7,7,8,6,8,24,3,6,5,2,6,3,13,10,6,6,4,9,8,10,4,6,7,5,6,8,4,3,,6,7,4,6,3,7,4,2,,4,5,7,7,5,8,1,4,4,8,6,7,5,9,7,5,6,4,,4,3,5,7,5,8,7,10,9,7,12,,5,,9,,4,11,8,9,10,15,6,18,10,6,7,6,6,8,5,4,9,5,4,6,3,7,7,8,,,,5,,
20260618,8,NO2,34,26,11,20,23,23,16,10,14,47,27,30,9,21,22,19,14,15,24,25,28,29,9,23,18,12,27,27,27,5,12,3,19,30,41,25,28,19,21,13,23,15,22,10,35,11,14,19,19,13,35,27,10,15,13,2,16,7,10,24,10,20,11,7,15,18,11,11,10,6,29,32,21,16,16,13,40,21,16,13,12,17,17,20,35,18,32,27,20,14,27,18,20,14,12,27,16,17,11,7,11,7,16,6,23,15,17,13,8,22,17,17,18,18,22,13,15,17,17,21,12,6,14,24,26,37,12,23,25,19,40,11,17,12,23,10,16,6,7,11,12,18,12,20,15,11,19,10,7,10,9,14,25,7,13,4,18,26,12,8,,,,,,,,,,,,,,,,,,,,,,,,,,,,,,10,22,12,25,23,12,6,20,33,7,13,8,8,26,,8,7,18,6,15,14,10,9,13,24,11,9,4,6,7,6,7,7,14,11,16,6,28,20,11,16,22,8,23,26,18,14,16,16,22,14,9,9,7,10,10,10,7,8,7,5,10,5,13,22,31,18,27,34,16,18,34,18,9,18,24,10,9,11,11,14,3,8,10,15,7,7,12,6,6,16,11,8,11,9,17,9,6,9,12,20,11,8,18,45,9,19,13,12,9,7,,15,15,14,5,8,8,5,10,,4,8,24,10,9,8,4,6,9,5,8,9,10,12,5,2,4,23,,2,8,6,14,5,13,9,15,12,14,29,,9,,10,,18,18,9,2,9,9,23,5,24,23,21,10,9,17,10,16,2,9,6,11,5,10,8,13,,,,8,,
20260618,8,NO2_24h,18,17,10,14,23,15,15,10,10,18,13,24,9,14,14,17,18,16,19,23,19,22,10,16,12,8,23,21,19,5,11,3,13,22,35,18,18,17,16,8,22,16,14,11,20,13,13,11,17,13,16,22,11,17,13,3,17,5,11,15,9,12,9,6,15,13,9,9,9,11,15,20,15,14,21,12,25,14,13,10,10,18,15,15,20,10,15,21,13,13,16,11,15,15,9,13,12,10,10,9,12,6,13,7,17,13,15,11,7,15,10,9,14,10,18,13,17,16,20,15,12,10,13,15,17,22,12,14,20,12,26,12,16,12,18,7,10,5,6,10,10,12,12,18,14,8,11,10,9,8,17,14,15,11,13,6,12,19,12,7,,,,,,,,,,,,,,,,,,,,,,,,,,,,,,7,12,11,12,13,8,5,12,32,11,14,8,13,18,,8,6,11,11,18,10,15,12,12,14,11,10,9,14,11,7,8,9,11,18,13,7,14,11,8,13,13,7,11,14,7,9,10,14,11,11,10,6,5,17,9,9,7,5,6,6,8,6,6,17,15,13,16,19,12,9,12,11,10,14,18,12,12,9,9,12,6,6,8,12,8,8,9,5,7,16,17,10,13,11,11,10,6,10,8,21,10,7,11,21,6,21,13,11,5,6,,12,15,12,4,8,9,4,8,,7,6,12,6,7,7,4,4,7,6,7,8,10,10,5,3,3,9,,3,6,11,13,9,12,8,10,13,8,19,,9,,7,,9,12,5,1,10,3,12,2,12,12,13,8,6,13,10,24,4,8,6,10,3,9,8,8,,,,6,,
20260618,8,O3,34,92,85,94,76,85,72,43,28,42,59,78,103,106,80,62,72,73,53,63,30,55,64,31,35,34,39,39,26,49,38,75,27,44,29,21,38,98,80,29,36,32,35,15,66,29,28,43,85,69,66,60,66,31,33,52,26,44,42,21,38,22,35,62,39,37,32,38,119,75,42,26,65,58,44,54,69,84,83,33,102,89,27,39,73,72,59,89,43,66,38,61,78,70,84,44,32,25,45,65,14,48,18,66,17,20,17,21,41,56,89,111,106,86,49,79,48,50,84,45,89,78,68,76,40,35,73,72,79,93,36,87,31,67,64,80,49,26,41,20,68,18,39,8,39,45,28,53,52,35,73,34,18,53,67,100,69,83,61,91,,,,,,,,,,,,,,,,,,,,,,,,,,,,,,64,59,26,90,83,113,99,92,48,94,84,70,90,77,,90,114,80,81,73,63,86,105,60,42,71,70,89,81,72,54,72,70,66,62,63,32,32,51,62,80,65,24,24,44,37,90,49,64,66,28,22,22,21,26,35,38,32,18,37,41,39,30,33,83,71,74,64,58,58,49,60,90,92,78,77,82,73,68,53,74,71,39,76,52,32,48,29,57,29,19,53,46,22,40,25,33,30,26,11,20,53,50,25,7,63,24,15,48,39,29,,34,32,23,48,55,40,42,18,,30,29,46,37,27,29,40,40,34,9,34,22,11,17,86,125,110,70,,139,35,55,112,63,100,99,37,62,66,27,,99,,49,,56,46,53,79,52,41,45,75,62,91,44,88,78,56,55,62,104,89,91,81,41,84,79,50,,,,39,,
20260618,8,O3_24h,34,92,85,94,76,85,72,43,28,42,59,78,103,106,80,62,72,73,53,63,30,55,64,31,35,34,39,39,26,49,38,75,27,44,29,21,38,98,80,29,36,32,35,15,66,29,28,43,85,69,66,60,66,31,33,52,26,44,42,21,38,22,35,62,39,37,32,38,119,75,42,26,65,58,44,54,69,84,83,33,102,89,27,39,73,72,59,89,43,66,38,61,78,70,84,44,32,25,45,65,14,48,18,66,17,20,17,21,41,56,89,111,106,86,49,79,48,50,84,45,89,78,68,76,40,35,73,72,79,93,36,87,31,67,64,80,49,26,41,20,68,18,39,8,39,45,28,53,52,35,73,34,18,53,67,100,69,83,61,91,,,,,,,,,,,,,,,,,,,,,,,,,,,,,,64,59,26,90,83,113,99,92,48,94,84,70,90,77,,90,114,80,81,73,63,86,105,60,42,71,70,89,81,72,54,72,70,66,62,63,32,32,51,62,80,65,24,24,44,37,90,49,64,66,28,22,22,21,26,35,38,32,18,37,41,39,30,33,83,71,74,64,58,58,49,60,90,92,78,77,82,73,68,53,74,71,39,76,52,32,48,29,57,29,19,53,46,22,40,25,33,30,26,11,20,53,50,25,7,63,24,15,48,39,29,,34,32,23,48,55,40,42,18,,30,29,46,37,27,29,40,40,34,9,34,22,11,17,86,125,110,70,,139,35,55,112,63,100,99,37,62,66,27,,99,,49,,56,46,53,79,52,41,45,75,62,91,44,88,78,56,55,62,104,89,91,81,41,84,79,50,,,,39,,
20260618,8,O3_8h,38,91,90,68,41,96,66,44,16,60,84,60,113,113,84,40,51,49,45,59,32,53,54,32,40,36,28,25,23,46,35,77,37,51,18,17,67,85,80,35,25,36,50,7,71,24,28,42,84,61,95,70,66,26,26,52,19,44,36,22,38,27,39,60,43,37,42,41,123,74,65,48,91,63,37,59,70,105,71,38,90,67,30,34,81,88,68,68,54,70,34,71,71,65,87,86,34,29,47,57,8,42,25,48,24,23,17,17,38,76,79,130,136,99,31,40,26,17,46,54,77,50,47,88,62,48,86,112,83,114,49,83,85,84,72,94,53,35,49,25,72,22,49,6,43,57,43,55,55,37,49,41,23,33,69,85,80,96,63,92,,,,,,,,,,,,,,,,,,,,,,,,,,,,,,69,66,17,119,89,128,112,124,50,114,76,65,96,59,,78,125,58,58,47,48,60,39,35,32,65,70,40,54,28,57,36,61,56,28,62,18,49,60,75,69,83,15,38,62,60,99,58,67,61,23,23,28,21,25,24,61,39,36,38,47,55,36,52,84,93,85,68,79,74,92,94,91,97,64,74,84,77,80,58,58,72,48,98,86,38,40,45,44,28,10,44,44,18,33,34,34,35,24,17,25,50,52,40,19,73,29,24,58,42,16,,33,39,35,48,64,38,46,31,,25,35,59,39,30,29,42,42,43,12,37,26,14,25,91,114,115,95,,143,48,51,106,43,94,81,41,62,85,32,,110,,55,,84,64,56,83,54,54,63,84,96,93,58,89,98,61,60,36,110,98,92,86,53,90,84,56,,,,40,,
20260618,8,O3_8h_24h,38,91,90,68,41,96,66,44,16,60,84,60,113,113,84,40,51,49,45,59,32,53,54,32,40,36,28,25,23,46,35,77,37,51,18,17,52,85,80,35,25,36,50,7,71,24,28,42,84,61,95,70,66,26,26,51,19,44,36,22,38,27,39,60,43,37,42,41,123,74,65,48,91,63,37,59,70,105,71,38,90,67,30,34,81,88,68,68,54,70,34,71,71,65,87,66,34,29,47,57,8,42,25,48,24,23,17,17,38,76,79,130,116,99,31,40,26,17,46,54,77,50,47,88,62,48,86,85,83,114,49,83,59,84,72,94,53,35,49,25,72,22,49,6,43,57,43,55,55,37,49,41,23,33,69,85,80,96,63,92,,,,,,,,,,,,,,,,,,,,,,,,,,,,,,69,66,17,119,89,128,112,124,50,114,76,65,96,59,,78,125,58,58,47,48,60,39,35,32,65,70,40,54,28,57,36,61,56,28,62,18,49,60,75,69,83,15,38,62,60,99,58,67,61,23,23,28,21,25,24,61,39,36,38,47,55,36,52,84,93,85,68,79,74,61,94,91,97,64,74,84,77,80,58,58,72,48,67,86,38,40,45,44,28,10,44,44,18,33,34,34,35,24,17,25,50,52,40,19,73,29,24,58,42,16,,33,39,35,48,64,38,46,31,,25,35,59,39,30,29,42,42,43,12,37,26,14,25,91,114,115,95,,143,48,51,106,43,94,81,41,62,85,32,,110,,55,,84,64,56,83,54,54,63,84,96,93,58,89,98,61,60,36,110,98,92,86,53,90,84,56,,,,40,,
20260618,8,CO,0.58,0.91,0.52,1.00,0.75,0.53,0.44,0.33,0.35,1.00,0.60,0.40,0.50,0.80,0.96,1.35,0.81,0.55,0.58,0.48,0.77,0.79,0.65,0.59,0.44,0.86,0.79,1.24,0.86,0.77,0.80,0.40,0.57,0.79,0.66,0.53,0.67,0.63,0.53,0.47,0.65,0.53,0.50,0.50,0.81,0.38,0.30,0.70,0.45,0.43,0.67,0.86,0.62,0.41,0.50,0.55,0.43,0.35,0.47,0.53,0.55,0.40,0.67,0.35,0.54,0.65,0.67,0.48,0.23,0.54,0.97,0.80,0.42,0.32,0.67,0.75,0.71,0.68,0.70,0.55,0.43,0.75,0.53,0.46,0.68,0.43,0.98,1.12,0.46,0.37,0.75,0.53,0.35,0.46,0.27,0.96,0.57,0.88,0.43,0.63,0.65,0.60,0.85,0.60,0.45,0.60,0.60,0.60,0.47,0.30,0.63,0.65,0.73,1.24,0.54,1.22,0.85,1.24,1.06,0.58,0.48,0.37,0.50,0.70,0.73,0.66,0.47,0.50,0.70,0.60,0.80,0.43,0.60,0.63,0.80,0.93,0.75,0.43,0.68,0.77,0.40,0.75,0.60,2.00,0.40,0.37,0.70,0.25,0.75,0.50,0.40,0.60,0.65,0.54,0.55,0.20,0.60,0.74,0.26,0.15,,,,,,,,,,,,,,,,,,,,,,,,,,,,,,0.65,0.70,0.50,0.57,0.70,0.70,0.47,0.77,0.60,0.37,0.50,0.30,0.60,0.68,,0.20,0.45,0.77,0.63,1.20,1.10,0.50,0.70,0.70,0.65,0.50,0.35,0.30,0.27,0.20,0.50,0.45,0.35,0.50,0.35,0.50,0.25,0.40,0.48,0.40,0.67,1.00,0.50,0.70,0.60,0.30,0.60,0.27,0.97,0.43,0.63,0.80,0.35,0.45,0.80,0.87,0.50,0.38,0.55,0.35,0.30,0.58,0.53,0.65,0.60,0.53,0.45,0.60,0.62,0.82,0.30,0.47,0.55,0.73,0.70,0.70,0.73,0.80,0.67,0.80,0.70,0.50,0.78,0.60,1.10,0.55,0.60,0.70,0.65,0.50,0.40,0.57,0.60,0.63,0.37,0.65,0.40,0.80,0.80,0.60,0.80,0.55,0.53,0.75,0.70,0.45,0.35,0.60,0.70,0.35,0.30,,0.25,0.65,0.57,0.40,0.50,0.65,0.30,0.55,,0.55,0.40,0.60,0.50,0.75,0.70,0.60,0.20,0.30,0.70,0.35,0.45,0.60,0.50,0.45,0.20,0.45,0.50,,0.30,0.40,0.43,0.50,0.50,0.70,0.35,0.45,0.30,0.50,0.65,,0.45,,0.35,,0.30,0.80,0.30,0.20,0.50,0.60,0.20,0.60,0.60,0.45,0.45,0.50,,0.20,0.35,0.70,0.10,0.30,0.25,0.45,0.10,0.10,0.30,0.25,,,,0.45,,
20260618,8,CO_24h,0.41,0.68,0.48,0.61,0.65,0.33,0.31,0.23,0.25,0.43,0.53,0.42,0.45,0.72,0.56,0.86,0.67,0.50,0.50,0.53,0.48,0.87,0.60,0.41,0.34,0.60,0.73,0.71,0.46,0.55,0.80,0.38,0.43,0.72,0.60,0.47,0.59,0.58,0.53,0.43,0.65,0.57,0.50,0.45,0.72,0.35,0.28,0.70,0.35,0.41,0.49,0.77,0.57,0.44,0.47,0.53,0.47,0.25,0.47,0.43,0.53,0.40,0.64,0.38,0.51,0.58,0.50,0.45,0.27,0.58,0.73,0.55,0.42,0.36,0.52,0.68,0.50,0.52,0.70,0.50,0.33,0.57,0.50,0.34,0.58,0.33,0.56,0.60,0.40,0.33,0.53,0.40,0.27,0.50,0.27,0.55,0.63,0.72,0.43,0.53,0.65,0.50,0.70,0.53,0.45,0.60,0.50,0.55,0.40,0.20,0.51,0.58,0.70,0.78,0.46,0.88,0.70,0.86,0.72,0.53,0.48,0.40,0.48,0.55,0.60,0.60,0.51,0.35,0.57,0.47,0.65,0.40,0.57,0.57,0.65,0.90,0.70,0.47,0.57,0.70,0.40,0.60,0.60,1.40,0.43,0.33,0.63,0.25,0.72,0.43,0.47,0.60,0.50,0.60,0.55,0.20,0.57,0.68,0.30,0.15,,,,,,,,,,,,,,,,,,,,,,,,,,,,,,0.58,0.60,0.45,0.47,0.47,0.70,0.53,0.67,0.50,0.40,0.40,0.30,0.60,0.53,,0.20,0.50,0.63,0.73,0.60,0.73,0.37,0.60,0.60,0.65,0.40,0.40,0.37,0.40,0.27,0.47,0.42,0.40,0.47,0.40,0.50,0.25,0.37,0.38,0.35,0.57,0.70,0.40,0.40,0.48,0.27,0.40,0.23,0.73,0.33,0.53,0.93,0.35,0.35,0.95,0.63,0.73,0.60,0.65,0.28,0.35,0.80,0.65,0.60,0.52,0.42,0.45,0.45,0.42,0.60,0.23,0.37,0.45,0.70,0.82,0.70,0.88,0.70,0.57,0.80,0.63,0.55,0.77,0.50,0.90,0.60,0.73,0.60,0.70,0.45,0.30,0.67,0.68,0.67,0.40,0.50,0.43,0.80,0.70,0.50,0.73,0.60,0.47,0.63,0.60,0.38,0.32,0.60,0.65,0.35,0.30,,0.25,0.70,0.47,0.43,0.50,0.60,0.30,0.50,,0.60,0.40,0.60,0.40,0.60,0.60,0.60,0.20,0.30,0.65,0.35,0.40,0.55,0.35,0.45,0.20,0.40,0.40,,0.25,0.35,0.57,0.47,0.50,0.85,0.40,0.40,0.30,0.45,0.60,,0.45,,0.30,,0.30,0.60,0.30,0.20,0.50,0.40,0.20,0.40,0.43,0.35,0.35,0.50,0.10,0.20,0.25,0.80,0.15,0.30,0.25,0.45,0.40,0.10,0.30,0.25,,,,0.45,,
20260618,9,AQI,61,54,56,74,66,60,58,30,23,85,63,59,68,64,52,64,27,51,35,33,68,65,46,47,49,64,71,100,94,43,29,23,58,68,56,26,71,59,43,21,27,17,18,17,59,21,15,26,39,23,57,53,39,10,13,14,9,11,14,14,13,14,17,21,17,49,17,16,36,24,33,36,55,29,41,44,50,54,55,34,68,49,21,49,56,43,68,65,50,30,55,53,49,23,26,71,16,10,24,29,16,28,16,21,10,24,25,15,13,39,41,40,65,78,28,37,50,33,65,37,32,28,30,54,60,39,28,62,68,50,47,30,47,58,50,85,65,29,35,26,31,39,23,56,20,27,50,20,18,15,22,29,54,18,30,48,28,39,32,31,,,,,,,,,,,,,,,,,,,,,,,,,,,,,,49,62,24,56,62,66,33,70,71,45,37,27,68,42,,34,38,46,29,70,39,51,46,28,32,26,24,31,27,27,21,26,26,25,26,24,26,51,59,41,51,44,33,60,56,49,51,31,34,66,15,26,12,16,12,24,19,17,29,14,18,21,24,27,65,58,50,60,55,44,37,59,54,28,36,53,49,44,49,40,40,27,15,59,56,10,17,48,55,49,25,32,19,17,16,27,16,20,39,37,38,19,30,41,50,29,30,26,22,33,20,,11,14,9,16,39,11,14,19,,10,13,18,14,25,14,12,11,14,29,16,15,23,32,31,39,33,32,,41,12,19,44,25,31,32,29,57,31,63,,34,,42,,27,33,20,24,23,37,19,26,53,36,38,51,49,29,21,57,31,41,85,23,46,23,27,34,,,,21,,
20260618,9,PM2.5,39,38,37,54,38,43,27,7,7,63,43,25,49,46,18,46,18,36,16,23,49,47,32,32,34,46,52,75,70,30,20,5,41,49,38,13,52,42,30,11,16,6,11,5,42,7,9,18,19,14,35,37,26,4,6,6,5,6,3,3,3,7,6,12,7,34,4,9,4,3,16,25,18,7,29,31,29,20,39,24,49,32,11,34,30,20,49,36,33,11,31,37,34,12,11,52,7,7,15,12,11,10,11,10,3,14,14,5,3,24,27,25,29,57,11,26,35,19,47,26,14,15,17,38,43,27,15,35,39,27,29,11,33,41,35,63,47,4,21,13,13,25,16,30,8,14,35,10,3,8,8,20,38,8,10,26,9,15,7,9,,,,,,,,,,,,,,,,,,,,,,,,,,,,,,34,35,16,26,43,48,5,51,31,12,21,19,26,22,,8,6,28,15,51,27,36,32,12,20,18,13,3,12,10,13,13,8,6,17,15,18,36,42,29,24,31,23,43,40,34,36,22,24,48,8,18,7,7,8,13,13,4,8,3,4,4,4,18,47,35,23,36,38,24,12,34,25,10,22,35,34,24,34,23,25,15,3,42,40,3,3,31,39,34,6,12,9,10,11,18,9,3,21,24,21,12,21,29,32,20,12,18,12,23,10,,3,10,5,9,21,6,3,12,,5,8,11,5,9,10,3,8,9,3,11,7,9,16,3,3,7,11,,3,7,8,31,10,10,22,20,30,22,30,,16,,19,,17,23,13,10,12,21,8,9,32,17,22,10,25,6,3,27,11,11,37,5,3,3,3,6,,,,11,,
20260618,9,PM2.5_24h,12,38,39,40,27,29,29,12,9,33,37,33,44,44,13,30,29,17,13,32,16,39,14,14,21,17,27,28,25,15,20,7,25,44,28,9,43,36,30,7,15,19,16,5,18,4,8,14,22,13,26,33,27,6,5,5,8,4,6,7,5,8,9,15,15,23,9,8,8,17,20,19,15,12,28,30,18,18,40,18,33,29,11,19,31,17,34,35,19,14,19,16,26,11,12,28,4,8,13,8,7,6,8,7,10,12,13,7,6,16,13,23,25,46,10,37,23,25,36,20,14,16,18,23,24,18,23,29,30,25,27,20,38,37,25,38,32,12,15,9,11,23,10,16,7,9,27,14,22,8,27,27,18,25,16,25,19,19,9,31,,,,,,,,,,,,,,,,,,,,,,,,,,,,,,29,26,10,19,27,50,14,40,24,14,16,15,14,11,,4,9,18,29,27,19,21,17,9,15,13,19,20,20,13,10,11,11,13,12,15,12,16,19,17,25,23,14,22,19,16,21,12,21,24,7,7,4,5,11,21,24,18,16,8,13,20,16,16,36,26,21,25,27,23,17,22,26,21,38,28,41,24,30,27,25,21,17,35,32,12,31,25,34,27,8,10,12,11,13,18,7,9,8,10,24,10,9,13,17,13,14,19,18,14,7,,4,16,8,12,20,10,7,18,,11,12,10,5,11,10,5,8,11,10,5,11,11,7,4,4,2,10,,3,7,20,24,12,21,15,19,30,33,21,,21,,23,,16,17,9,12,16,9,3,7,23,24,17,36,59,10,7,32,16,12,46,13,7,3,6,17,,,,14,,
20260618,9,PM10,72,57,62,77,82,64,66,30,23,92,76,68,74,72,53,66,27,44,35,30,57,50,31,47,43,56,67,92,71,31,27,8,49,52,62,26,66,42,35,21,27,17,18,17,62,21,15,24,39,20,63,50,39,10,13,13,8,10,11,7,12,14,17,21,17,45,17,16,8,10,33,30,60,29,41,42,50,58,54,27,,49,21,46,62,43,83,79,50,30,60,49,44,23,20,68,16,10,24,29,16,28,16,16,7,24,25,15,10,39,41,40,79,97,28,36,48,33,70,30,31,,30,43,56,38,28,73,86,50,47,26,45,51,48,,55,29,35,26,31,39,19,61,20,27,39,20,13,15,17,27,55,9,30,48,21,39,32,31,,,,,,,,,,,,,,,,,,,,,,,,,,,,,,34,73,24,61,74,72,16,77,91,45,37,,86,42,,,29,46,24,59,39,45,,22,32,21,23,10,13,15,21,16,14,8,26,16,19,41,53,41,52,44,30,40,52,48,44,23,32,,15,17,12,16,12,24,19,17,29,14,18,21,24,27,63,65,50,70,59,44,37,67,57,22,36,55,38,44,39,40,40,22,15,,50,9,6,48,51,,25,32,19,17,11,27,16,20,39,37,38,19,22,27,50,21,30,23,17,27,20,,6,14,9,8,39,11,14,19,,9,13,18,14,25,14,7,11,14,29,10,15,23,32,6,8,21,32,,12,10,14,38,17,23,32,27,64,31,75,,34,,42,,27,24,20,24,22,37,19,23,55,36,38,51,49,29,21,64,27,41,120,21,46,18,25,34,,,,21,,
20260618,9,PM10_24h,22,56,60,58,57,43,49,19,23,41,57,67,63,72,25,37,36,19,27,43,32,47,16,20,34,27,40,42,31,15,26,10,30,53,45,22,59,40,36,18,25,33,25,15,38,17,10,19,43,15,42,46,42,12,13,10,12,8,13,13,12,14,20,26,25,27,22,16,15,32,33,25,49,34,43,41,30,44,56,26,28,35,14,30,56,39,50,63,37,25,41,36,42,19,18,41,10,13,22,15,14,16,12,9,16,16,19,19,12,37,23,39,65,73,21,49,25,32,44,26,25,20,33,33,43,27,39,50,48,44,51,38,50,49,36,43,29,25,31,18,23,33,12,39,19,19,27,21,28,13,46,41,36,33,34,64,32,52,26,76,,,,,,,,,,,,,,,,,,,,,,,,,,,,,,36,41,18,47,46,66,28,57,65,44,27,31,43,25,,11,30,26,35,31,26,24,23,19,27,17,17,25,23,20,14,15,15,12,22,17,18,29,31,33,45,34,21,25,39,33,24,24,32,31,19,13,14,11,16,25,33,34,28,18,27,32,33,29,51,47,39,42,39,42,31,43,47,31,53,44,53,44,36,35,41,29,30,43,33,20,36,38,42,29,16,25,20,13,14,31,15,20,19,24,38,16,14,15,30,18,27,25,24,18,19,,7,22,12,10,31,17,14,19,,15,13,19,7,27,15,11,11,18,22,10,17,23,16,7,11,12,16,,12,9,26,41,24,30,32,29,72,58,49,,39,,39,,28,27,18,26,26,23,11,16,59,51,28,132,177,27,23,67,38,36,185,33,32,24,37,44,,,,23,,
20260618,9,SO2,3,8,4,10,7,7,4,3,3,2,8,6,2,10,12,10,8,5,6,6,7,6,4,6,8,6,5,10,4,9,7,7,7,6,7,6,7,8,7,6,7,2,4,5,11,5,3,9,7,5,6,6,7,5,5,4,5,5,5,2,4,6,3,4,8,6,8,5,6,5,10,23,7,5,10,11,18,8,7,6,6,6,4,18,14,10,15,16,14,6,8,7,9,7,4,14,6,6,6,5,9,5,6,5,4,6,6,3,5,6,11,11,8,8,12,6,10,8,6,5,4,5,6,9,7,3,9,6,12,8,5,10,8,7,6,10,7,5,3,5,2,8,9,17,5,9,5,6,2,5,6,6,3,6,6,7,10,13,6,4,,,,,,,,,,,,,,,,,,,,,,,,,,,,,,5,7,5,5,11,9,5,6,11,9,9,4,9,9,,6,11,13,8,9,10,5,7,10,12,1,5,7,9,5,8,5,4,6,13,11,7,8,13,6,10,9,5,11,6,7,7,6,5,8,7,8,4,5,6,5,10,4,8,2,8,3,4,10,7,10,7,5,8,6,6,6,8,8,6,15,7,4,6,7,4,5,9,8,7,5,4,7,30,3,6,5,2,6,3,10,10,6,7,6,10,8,10,4,11,7,5,6,7,4,3,,6,6,5,6,3,6,4,2,,4,5,6,7,5,7,1,4,4,8,6,6,5,9,7,5,7,4,,4,4,4,6,5,7,15,11,11,6,16,,3,,9,,4,11,9,10,10,13,6,20,22,6,7,6,5,8,4,3,6,5,6,6,3,7,6,6,,,,4,,
20260618,9,SO2_24h,3,6,4,9,8,5,3,4,3,3,7,6,3,9,9,8,8,5,5,7,6,7,5,6,8,7,6,9,4,9,7,7,6,7,7,5,8,7,6,6,7,3,4,5,9,4,2,8,6,6,4,6,6,5,5,5,5,5,5,3,4,6,4,4,8,4,8,5,6,5,9,18,8,5,6,7,12,8,7,6,6,8,3,11,12,8,10,11,11,7,6,5,6,8,4,10,9,6,7,5,7,6,5,5,5,5,5,3,5,5,7,11,8,8,10,6,8,7,6,5,3,5,5,6,6,5,11,3,9,9,5,9,9,8,5,9,7,6,3,5,2,7,9,19,5,10,3,6,3,3,5,6,3,7,8,13,10,17,5,4,,,,,,,,,,,,,,,,,,,,,,,,,,,,,,6,5,4,5,6,9,5,7,5,9,9,4,12,5,,6,11,7,7,8,6,4,7,10,11,1,5,7,9,5,8,5,4,9,7,10,7,7,10,6,9,8,5,8,7,7,6,5,5,7,5,8,3,4,6,5,10,4,6,2,8,3,5,8,7,6,6,4,7,6,4,5,8,9,8,8,8,6,7,8,4,5,9,6,7,7,6,8,24,3,6,5,2,6,3,12,10,6,6,4,9,8,10,4,7,7,5,6,8,4,3,,6,7,4,6,3,6,4,2,,4,5,7,7,5,8,1,4,4,8,6,7,5,9,7,5,6,4,,4,3,5,7,5,8,7,10,9,7,12,,5,,9,,4,11,8,9,10,15,6,18,10,6,7,6,6,8,5,4,9,5,4,6,3,7,6,8,,,,5,,
20260618,9,NO2,27,24,10,19,16,22,14,10,13,29,28,25,6,20,20,15,10,12,20,23,27,29,11,20,13,14,28,29,30,7,11,4,18,32,37,22,28,19,22,15,25,14,16,11,34,13,12,15,13,9,31,24,9,15,16,3,14,15,9,10,10,16,7,6,15,16,13,11,12,6,35,31,32,20,15,11,26,15,13,10,9,13,17,17,22,13,31,21,17,12,28,18,15,13,12,29,16,16,11,7,10,9,12,4,16,14,16,14,7,19,20,12,18,13,18,11,12,13,16,19,11,4,12,21,24,36,11,18,22,17,28,10,23,11,21,11,18,7,7,11,9,17,15,24,18,13,19,10,9,10,10,17,27,7,19,3,18,24,24,7,,,,,,,,,,,,,,,,,,,,,,,,,,,,,,10,22,11,23,18,10,4,17,34,4,13,10,8,21,,6,7,15,7,12,13,8,5,11,17,9,9,4,7,5,7,6,5,9,17,15,9,32,23,11,12,22,9,26,28,19,14,15,13,15,12,13,8,8,12,8,9,7,11,6,6,9,6,14,20,29,15,23,32,17,15,39,16,8,19,24,11,10,11,12,11,3,7,7,16,7,5,14,6,10,17,9,6,13,11,11,13,9,12,12,20,12,12,18,37,11,22,16,11,14,6,,21,15,17,5,7,12,5,11,,4,10,10,10,7,9,4,4,9,7,8,10,10,16,6,4,9,15,,2,10,6,11,6,15,10,15,13,11,21,,10,,9,,12,29,12,1,7,8,24,7,21,28,15,10,16,21,12,18,1,19,10,16,15,20,7,12,,,,6,,
20260618,9,NO2_24h,18,17,10,14,23,15,15,10,11,19,14,25,9,14,15,17,18,16,19,23,19,22,10,16,13,9,23,22,19,5,11,3,13,22,36,19,18,17,17,8,22,16,14,11,21,12,13,11,17,13,17,23,11,17,13,3,16,5,11,15,9,12,9,6,14,13,9,9,8,11,16,21,15,14,21,12,25,14,13,10,10,18,15,15,20,10,16,21,13,13,16,12,15,14,9,14,12,11,10,9,12,6,12,7,17,13,15,11,7,15,11,9,14,10,18,13,17,17,20,15,12,9,13,16,17,22,12,14,20,12,27,11,16,12,18,7,10,5,6,9,9,12,12,18,14,9,11,9,9,8,17,14,16,11,13,5,12,19,12,7,,,,,,,,,,,,,,,,,,,,,,,,,,,,,,7,12,11,12,13,8,5,12,33,11,14,8,13,18,,7,5,11,10,18,10,14,12,11,14,11,10,9,14,11,7,7,9,11,18,13,8,15,12,8,13,13,7,11,15,8,9,11,14,11,11,10,6,5,16,10,9,7,5,6,6,8,6,6,17,15,13,17,20,12,10,13,11,10,14,19,12,12,9,10,12,6,6,7,12,7,8,9,5,7,17,17,10,13,11,11,9,6,10,8,21,10,7,11,21,6,21,14,11,5,6,,12,14,11,4,8,8,4,8,,6,6,12,6,7,7,4,4,7,6,8,8,10,10,5,3,3,9,,3,6,10,12,8,12,8,10,13,8,19,,9,,7,,8,12,5,1,10,3,12,2,12,13,12,8,6,13,10,24,4,8,6,10,4,10,8,8,,,,6,,
20260618,9,O3,58,103,100,90,106,103,93,75,62,73,69,97,124,130,93,89,87,84,67,68,46,73,70,42,56,36,49,51,31,52,42,72,35,40,47,37,38,117,91,29,52,28,46,28,82,37,33,37,99,73,78,72,66,32,30,46,30,34,44,44,43,29,45,63,37,48,30,40,116,76,43,38,61,56,44,55,85,97,100,50,109,105,36,49,93,81,91,107,53,78,51,67,94,71,84,71,30,31,48,64,30,36,28,67,32,23,26,22,43,67,97,123,114,116,75,100,82,76,101,52,101,91,83,98,68,37,76,102,94,102,67,97,19,73,75,75,39,26,42,26,80,35,39,16,36,41,32,53,56,39,71,33,33,56,59,105,89,93,47,93,,,,,,,,,,,,,,,,,,,,,,,,,,,,,,52,63,32,98,111,133,107,112,47,116,88,67,97,103,,110,121,119,94,94,83,91,117,89,70,69,76,98,86,85,58,84,83,79,82,76,63,28,52,61,105,82,41,30,41,34,93,56,79,109,40,27,30,30,35,45,40,36,20,39,43,41,34,35,108,73,92,79,69,57,63,55,94,91,76,80,73,99,68,56,78,85,41,83,75,33,54,28,66,31,21,58,60,24,37,35,33,26,28,17,25,52,42,32,19,59,22,20,71,31,56,,26,33,20,50,65,35,42,20,,31,34,56,38,33,29,39,,34,14,40,19,16,27,98,125,106,82,,130,37,61,125,80,99,98,42,64,76,36,,96,,53,,81,52,55,76,72,55,,82,77,82,50,89,68,56,51,50,99,68,84,72,33,72,86,55,,,,46,,
20260618,9,O3_24h,58,103,100,90,106,103,93,75,62,73,69,97,124,130,93,89,87,84,67,68,46,73,70,42,56,36,49,51,31,52,42,72,35,40,47,37,38,117,91,29,52,28,46,28,82,37,33,37,99,73,78,72,66,32,30,46,30,34,44,44,43,29,45,63,37,48,30,40,116,76,43,38,61,56,44,55,85,97,100,50,109,105,36,49,93,81,91,107,53,78,51,67,94,71,84,71,30,31,48,64,30,36,28,67,32,23,26,22,43,67,97,123,114,116,75,100,82,76,101,52,101,91,83,98,68,37,76,102,94,102,67,97,19,73,75,75,39,26,42,26,80,35,39,16,36,41,32,53,56,39,71,33,33,56,59,105,89,93,47,93,,,,,,,,,,,,,,,,,,,,,,,,,,,,,,52,63,32,98,111,133,107,112,47,116,88,67,97,103,,110,121,119,94,94,83,91,117,89,70,69,76,98,86,85,58,84,83,79,82,76,63,28,52,61,105,82,41,30,41,34,93,56,79,109,40,27,30,30,35,45,40,36,20,39,43,41,34,35,108,73,92,79,69,57,63,55,94,91,76,80,73,99,68,56,78,85,41,83,75,33,54,28,66,31,21,58,60,24,37,35,33,26,28,17,25,52,42,32,19,59,22,20,71,31,56,,26,33,20,50,65,35,42,20,,31,34,56,38,33,29,39,,34,14,40,19,16,27,98,125,106,82,,130,37,61,125,80,99,98,42,64,76,36,,96,,53,,81,52,55,76,72,55,,82,77,82,50,89,68,56,51,50,99,68,84,72,33,72,86,55,,,,46,,
20260618,9,O3_8h,39,92,90,74,51,96,68,46,22,60,84,65,113,114,99,46,55,56,46,60,33,54,57,33,41,36,30,28,23,48,35,77,37,51,21,18,67,88,80,35,27,36,50,9,71,24,28,43,85,63,95,70,66,27,27,52,20,44,37,22,38,27,40,61,44,38,42,42,123,75,65,48,91,63,39,59,71,105,74,38,93,76,31,36,81,88,68,73,54,70,35,71,73,68,87,86,34,29,48,59,10,42,25,53,24,23,18,17,39,76,81,130,136,99,37,46,33,23,53,55,79,56,52,89,62,48,87,112,85,114,49,83,85,84,72,94,53,35,49,25,75,23,49,7,44,57,43,55,56,37,54,42,24,35,69,86,81,96,63,93,,,,,,,,,,,,,,,,,,,,,,,,,,,,,,70,66,18,119,94,128,112,124,50,115,77,65,96,61,,80,125,61,63,52,49,67,52,43,37,65,70,49,60,38,59,43,64,59,35,62,23,49,60,75,71,83,17,38,62,60,99,58,67,65,24,23,28,23,26,26,61,39,36,38,47,55,36,52,84,93,85,68,79,74,92,94,91,100,65,75,84,82,80,58,61,75,48,98,86,38,41,45,48,29,13,46,45,19,33,34,34,35,24,17,25,50,52,40,19,73,29,24,58,42,21,,33,39,35,49,67,38,47,31,,27,35,59,39,31,29,42,42,43,12,37,26,14,25,91,115,115,95,,143,48,51,109,46,98,82,41,62,85,33,,110,,55,,84,64,56,83,57,54,63,84,96,93,58,89,98,61,60,40,110,98,92,86,53,90,86,56,,,,41,,
20260618,9,O3_8h_24h,37,91,88,68,51,93,67,46,22,57,78,65,112,113,85,46,54,56,45,56,30,51,57,31,40,36,30,28,23,48,35,76,35,49,21,17,47,88,78,33,27,35,45,9,68,24,28,42,85,63,90,67,65,27,27,51,20,44,37,22,38,27,40,61,42,37,41,42,122,74,60,46,83,61,38,57,70,102,74,38,93,76,31,36,84,84,66,73,50,70,34,67,72,68,86,60,34,28,48,59,10,40,25,53,24,22,18,17,39,70,80,124,112,96,37,46,33,23,53,55,78,56,52,87,59,47,81,85,82,111,45,83,53,82,68,91,50,32,47,25,75,22,49,7,43,56,41,55,54,37,54,38,23,35,68,86,81,93,60,93,,,,,,,,,,,,,,,,,,,,,,,,,,,,,,68,62,18,113,94,126,111,121,47,114,77,65,95,60,,80,123,59,63,52,48,67,52,43,37,64,69,49,60,38,58,43,64,59,35,62,23,45,57,74,71,81,17,33,56,54,96,56,65,65,24,22,27,23,26,26,56,36,31,38,45,50,34,48,82,87,84,66,77,68,59,87,91,99,65,75,82,82,77,58,61,75,46,68,79,37,40,42,48,29,13,46,45,19,32,33,34,34,24,15,24,50,50,38,15,70,29,21,58,38,21,,32,37,34,49,67,38,47,28,,27,35,57,39,31,29,41,42,41,11,37,25,13,24,88,115,114,92,,141,47,51,109,46,98,80,40,60,84,33,,108,,53,,81,61,55,81,57,53,59,83,91,92,57,89,92,61,58,40,109,95,91,84,48,86,85,54,,,,41,,
20260618,9,CO,0.61,0.91,0.54,0.94,0.85,0.53,0.49,0.37,0.40,0.92,0.60,0.43,0.57,0.80,0.82,1.27,0.78,0.55,0.54,0.46,0.76,0.82,0.68,0.57,0.40,0.98,0.80,1.31,0.88,0.68,0.78,0.40,0.60,0.81,0.66,0.53,0.69,0.60,0.55,0.57,0.65,0.53,0.50,0.50,0.91,0.40,0.33,0.72,0.40,0.46,0.69,0.87,0.62,0.43,0.51,0.55,0.47,0.40,0.47,0.43,0.55,0.43,0.57,0.35,0.56,0.66,0.53,0.49,0.28,0.55,1.10,1.10,0.46,0.36,0.55,0.75,0.67,0.54,0.68,0.53,0.40,0.75,0.53,0.44,0.64,0.37,0.94,0.85,0.44,0.33,0.87,0.55,0.33,0.47,0.30,0.98,0.63,0.77,0.47,0.63,0.70,0.60,0.80,0.50,0.40,0.90,0.60,0.60,0.43,0.30,0.63,0.65,0.70,0.90,0.54,0.78,0.84,1.18,0.86,0.60,0.46,0.37,0.48,0.68,0.80,0.70,0.44,0.43,0.70,0.53,0.72,0.40,0.60,0.63,0.78,0.95,0.80,0.43,0.70,0.74,0.40,0.73,0.68,2.42,0.47,0.43,0.73,0.25,0.80,0.47,0.53,0.65,0.70,0.54,0.60,0.20,0.57,0.70,0.32,0.15,,,,,,,,,,,,,,,,,,,,,,,,,,,,,,0.70,0.70,0.50,0.60,0.60,0.70,0.43,0.77,0.57,0.33,0.47,0.30,0.60,0.75,,0.25,0.45,0.75,0.63,1.00,1.33,0.53,0.70,0.70,0.65,0.45,0.35,0.30,0.27,0.20,0.53,0.45,0.35,0.50,0.40,0.50,0.25,0.43,0.54,0.40,0.60,1.05,0.50,0.70,0.64,0.30,0.57,0.27,0.78,0.37,0.57,1.33,0.45,0.55,0.80,0.80,0.43,0.45,0.80,0.30,0.30,0.63,0.53,0.60,0.60,0.53,0.45,0.70,0.62,0.82,0.40,0.53,0.58,0.63,0.70,0.67,0.70,0.70,0.67,0.80,0.70,0.50,0.70,0.50,1.10,0.55,0.57,0.70,0.65,0.55,0.35,0.57,0.55,0.63,0.40,0.50,0.43,0.80,0.90,0.70,0.80,0.60,0.53,0.80,0.75,0.45,0.38,0.70,0.65,0.40,0.30,,0.30,0.70,0.57,0.43,0.50,0.70,0.30,0.60,,0.55,0.50,0.60,0.50,0.70,0.75,0.60,0.20,0.30,0.70,0.35,0.50,0.65,0.60,0.45,0.20,0.45,0.40,,0.30,0.45,0.47,0.47,0.50,0.70,0.35,0.50,0.30,0.50,0.70,,0.40,,0.35,,0.30,0.80,0.30,0.20,0.50,0.50,0.30,0.60,0.73,0.50,0.45,0.50,0.10,0.20,0.25,0.75,0.10,0.55,0.30,0.50,0.20,0.10,0.30,0.25,,,,0.40,,
20260618,9,CO_24h,0.43,0.69,0.48,0.62,0.65,0.33,0.33,0.23,0.25,0.43,0.53,0.42,0.45,0.72,0.60,0.88,0.67,0.50,0.49,0.54,0.49,0.87,0.60,0.43,0.34,0.60,0.73,0.73,0.52,0.55,0.80,0.38,0.45,0.73,0.61,0.47,0.60,0.60,0.53,0.43,0.65,0.57,0.50,0.50,0.71,0.35,0.28,0.68,0.36,0.41,0.49,0.76,0.57,0.43,0.47,0.53,0.47,0.25,0.47,0.43,0.53,0.40,0.64,0.38,0.51,0.58,0.50,0.45,0.25,0.57,0.73,0.65,0.42,0.35,0.52,0.70,0.51,0.52,0.70,0.53,0.33,0.63,0.50,0.34,0.58,0.33,0.56,0.62,0.40,0.35,0.53,0.40,0.27,0.50,0.27,0.55,0.63,0.72,0.43,0.53,0.65,0.50,0.70,0.53,0.45,0.60,0.50,0.55,0.40,0.20,0.49,0.58,0.70,0.78,0.46,0.88,0.70,0.88,0.72,0.55,0.48,0.40,0.48,0.53,0.60,0.60,0.50,0.35,0.57,0.47,0.65,0.40,0.57,0.57,0.67,0.90,0.70,0.47,0.57,0.70,0.40,0.60,0.60,1.43,0.43,0.33,0.63,0.25,0.72,0.43,0.47,0.60,0.50,0.60,0.55,0.20,0.57,0.68,0.32,0.15,,,,,,,,,,,,,,,,,,,,,,,,,,,,,,0.58,0.60,0.45,0.47,0.47,0.70,0.53,0.67,0.53,0.37,0.43,0.30,0.60,0.53,,0.20,0.45,0.63,0.73,0.60,0.80,0.37,0.60,0.60,0.65,0.40,0.40,0.37,0.40,0.27,0.47,0.42,0.35,0.50,0.40,0.50,0.25,0.37,0.38,0.35,0.60,0.70,0.40,0.40,0.50,0.27,0.40,0.23,0.70,0.30,0.53,0.93,0.35,0.35,0.95,0.67,0.73,0.60,0.65,0.28,0.35,0.77,0.65,0.60,0.52,0.42,0.45,0.45,0.44,0.60,0.23,0.37,0.45,0.67,0.82,0.67,0.85,0.70,0.57,0.80,0.63,0.55,0.77,0.50,0.90,0.60,0.70,0.60,0.60,0.45,0.30,0.67,0.65,0.63,0.37,0.50,0.43,0.80,0.70,0.50,0.73,0.60,0.47,0.63,0.60,0.38,0.32,0.60,0.65,0.35,0.30,,0.25,0.70,0.47,0.43,0.50,0.60,0.30,0.50,,0.60,0.40,0.60,0.40,0.60,0.60,0.60,0.20,0.30,0.65,0.35,0.40,0.55,0.35,0.45,0.20,0.40,0.40,,0.25,0.35,0.53,0.47,0.50,0.80,0.40,0.40,0.30,0.45,0.60,,0.45,,0.30,,0.30,0.60,0.30,0.20,0.50,0.40,0.20,0.40,0.43,0.35,0.35,0.50,0.10,0.20,0.25,0.80,0.15,0.30,0.25,0.45,0.40,0.10,0.30,0.25,,,,0.45,,
20260618,10,AQI,65,51,56,69,59,70,57,35,31,75,59,60,70,84,55,54,30,41,44,31,75,65,43,36,44,66,76,101,100,33,30,22,65,71,50,25,73,58,37,23,26,19,22,19,55,18,15,20,40,23,62,49,33,12,14,15,12,15,13,16,13,11,15,22,17,43,20,14,38,23,37,37,50,31,34,37,44,46,54,29,65,49,17,42,49,42,56,56,48,37,60,50,44,23,28,68,15,11,27,28,20,40,22,21,12,16,20,16,15,44,49,43,63,65,30,35,41,31,53,41,35,31,31,59,60,29,26,61,69,52,56,31,56,47,48,90,64,15,35,24,27,37,27,52,15,24,33,18,18,16,24,30,54,19,23,36,32,50,30,33,,,,,,,,,,,,,,,,,,,,,,,,,,,,,,41,63,20,53,66,64,34,76,70,40,33,26,76,48,,37,39,44,34,63,40,50,41,31,31,34,27,32,28,30,22,26,28,27,32,30,24,55,66,48,52,43,33,73,61,44,50,34,30,73,23,31,13,16,26,21,17,17,41,16,15,22,51,32,61,55,51,53,54,49,42,55,53,30,32,52,50,37,43,41,43,28,18,53,51,11,17,50,51,59,34,38,26,23,17,21,21,22,33,44,29,20,29,47,61,30,37,23,21,34,19,,12,14,10,14,36,14,13,23,,10,20,22,15,28,17,7,15,15,25,13,25,25,32,32,38,35,38,,38,13,23,46,28,32,36,31,56,31,53,,33,,41,,30,37,17,28,26,33,27,29,52,36,34,51,40,27,22,62,34,59,94,30,52,27,29,31,,,,21,,
20260618,10,PM2.5,47,33,36,50,35,34,36,15,14,55,42,30,51,62,23,38,14,29,17,22,55,47,30,25,31,48,56,76,75,23,20,6,47,52,32,10,53,41,26,13,16,7,14,5,39,6,10,14,15,12,38,34,23,5,6,7,5,3,4,3,3,6,3,12,7,30,6,7,6,4,23,26,15,8,23,26,24,23,38,20,47,34,10,28,21,18,29,27,33,12,26,31,31,10,13,49,7,6,15,11,8,13,12,10,4,11,10,5,3,26,30,24,24,44,14,17,29,11,34,29,16,7,15,42,43,20,16,34,38,32,40,8,40,33,31,67,46,3,21,12,13,20,19,26,7,14,21,12,3,9,3,21,35,7,15,15,7,21,8,4,,,,,,,,,,,,,,,,,,,,,,,,,,,,,,29,32,13,21,48,46,12,56,29,18,13,18,28,27,,6,5,23,12,45,17,35,29,11,19,24,17,3,9,6,11,11,11,6,15,12,13,39,48,26,23,26,23,53,44,29,35,24,20,53,6,22,3,7,9,13,11,4,14,3,3,6,3,18,44,34,22,29,38,22,23,34,25,13,21,33,35,18,30,16,26,16,4,37,36,3,3,35,36,42,14,8,8,13,12,15,6,3,17,25,12,13,20,33,44,21,12,16,14,23,7,,3,9,3,5,25,9,3,16,,3,14,9,3,13,12,3,,8,7,7,13,3,17,3,3,5,3,,3,3,7,32,8,10,18,22,32,22,28,,14,,19,,11,26,12,8,13,13,7,8,22,12,23,12,28,8,3,35,24,12,36,5,3,3,3,3,,,,8,,
20260618,10,PM2.5_24h,13,39,40,41,28,30,30,12,10,34,38,34,45,45,13,30,28,18,13,32,18,41,15,15,22,19,29,30,28,15,20,7,26,44,28,9,45,37,31,7,16,18,15,5,18,4,8,14,22,13,26,33,27,6,5,5,7,4,6,6,5,7,8,15,14,23,8,8,8,16,19,19,15,11,28,30,18,18,41,18,34,30,12,19,31,17,34,35,20,14,20,16,26,11,12,29,4,8,13,8,7,6,8,7,9,12,13,7,6,16,14,23,25,46,11,36,24,24,35,20,14,15,18,23,25,18,23,29,30,25,27,19,39,37,25,39,32,11,15,9,11,22,10,17,7,9,27,14,22,8,26,26,19,24,15,25,18,19,9,30,,,,,,,,,,,,,,,,,,,,,,,,,,,,,,29,26,10,20,28,50,14,42,25,14,16,15,15,11,,5,9,19,29,28,19,22,17,8,15,13,19,20,20,12,10,11,11,13,12,14,12,16,20,17,25,23,14,23,20,17,21,12,21,25,7,8,4,5,10,21,23,16,15,7,12,19,14,15,37,26,21,26,28,23,16,22,25,21,38,28,41,24,30,27,25,22,16,35,32,11,30,25,35,28,8,10,12,12,13,18,8,8,9,11,23,10,9,14,18,13,13,19,18,14,7,,4,16,8,11,20,9,7,17,,10,12,10,5,11,11,5,8,11,10,5,11,11,7,4,4,2,10,,3,7,19,24,11,20,15,19,31,31,22,,21,,23,,16,18,10,11,16,10,3,7,23,24,17,36,53,10,7,33,16,12,43,12,7,3,6,16,,,,14,,
20260618,10,PM10,79,51,62,73,67,89,64,32,27,78,67,70,76,77,59,52,23,38,44,29,67,52,33,33,42,62,67,96,71,29,30,10,52,50,50,25,64,46,30,23,26,19,22,19,57,13,15,19,40,20,74,49,33,9,14,15,11,9,12,9,9,11,10,22,17,34,20,14,11,9,37,37,50,31,34,37,44,46,53,25,45,44,15,42,49,42,62,62,48,37,69,50,43,19,20,76,15,11,27,28,20,40,22,17,8,,20,16,13,44,49,43,76,80,28,24,41,23,55,31,31,13,29,56,65,29,26,71,87,53,47,21,51,42,48,,,15,35,24,27,37,21,54,15,24,33,18,13,16,13,28,57,12,23,36,18,50,30,33,,,,,,,,,,,,,,,,,,,,,,,,,,,,,,34,75,20,56,73,69,14,77,89,40,29,21,102,48,,17,17,39,13,54,40,44,29,22,26,,25,10,11,9,22,17,14,13,26,16,18,46,64,48,53,43,31,49,59,44,41,23,28,43,23,29,11,16,26,21,17,17,41,16,14,22,52,32,64,59,52,55,56,49,42,60,56,26,32,53,44,33,39,41,43,28,16,,46,6,6,46,51,,34,38,26,23,15,21,21,22,33,44,29,20,25,30,58,27,37,20,18,34,19,,11,14,10,8,32,14,13,16,,6,16,22,10,28,14,6,,15,25,6,25,25,32,6,9,19,19,,14,11,14,44,13,16,36,28,62,27,56,,26,,41,,30,28,13,26,19,33,21,16,53,36,34,51,35,27,22,73,34,67,138,30,54,25,29,31,,,,21,,
20260618,10,PM10_24h,24,57,61,60,58,44,50,20,24,43,58,68,64,72,27,37,36,19,28,43,33,49,17,20,34,28,41,45,34,16,27,10,31,53,46,22,60,41,37,18,25,32,23,15,39,16,10,19,43,15,43,46,41,11,13,9,11,8,13,13,11,13,19,25,24,28,21,16,15,30,33,26,49,33,42,41,31,44,56,25,30,36,14,30,56,38,51,63,38,25,42,36,42,19,18,41,10,13,23,15,14,17,13,10,15,17,19,18,12,37,24,39,64,74,22,49,26,32,44,26,26,20,33,34,44,27,38,51,49,44,51,37,49,48,36,43,29,24,32,18,23,32,12,40,18,20,27,20,28,13,45,40,36,32,32,63,31,51,26,75,,,,,,,,,,,,,,,,,,,,,,,,,,,,,,36,43,18,48,47,66,27,60,66,44,27,30,46,26,,11,29,26,35,32,27,24,23,19,26,17,17,24,23,20,14,15,14,12,21,17,18,29,32,33,45,34,21,25,39,34,25,23,32,32,19,14,14,11,16,26,33,32,28,17,26,31,33,28,51,48,40,42,40,42,31,44,47,31,52,45,51,43,36,36,41,28,29,42,34,18,35,38,42,29,16,26,20,14,14,30,15,19,20,25,37,16,15,16,31,17,27,25,23,18,19,,8,22,12,10,31,16,14,18,,13,13,20,8,27,15,11,11,18,22,10,17,23,17,7,11,12,16,,12,9,25,40,23,29,32,29,72,56,49,,38,,39,,28,27,18,26,26,23,11,16,59,51,28,131,165,27,23,69,38,37,173,31,32,23,37,43,,,,23,,
20260618,10,SO2,3,8,4,10,10,7,4,3,4,3,8,6,2,18,13,9,8,5,6,6,6,7,4,6,8,6,5,10,4,9,7,7,7,6,7,6,7,8,7,6,7,2,4,5,12,5,3,9,6,6,6,6,7,5,4,4,5,5,5,2,4,8,3,4,8,7,8,5,5,4,14,48,7,6,9,11,15,9,7,6,7,6,3,17,13,8,15,13,12,6,9,7,10,8,4,15,5,5,6,4,9,6,5,5,4,6,7,3,5,6,11,13,8,8,11,6,9,8,7,5,5,6,6,9,7,4,9,6,11,9,5,8,8,7,6,9,7,5,2,5,2,9,9,20,5,9,4,6,2,4,5,6,2,6,6,4,8,19,6,4,,,,,,,,,,,,,,,,,,,,,,,,,,,,,,5,4,4,5,6,13,5,8,11,9,9,5,9,9,,6,10,10,7,10,8,5,7,9,11,1,5,7,8,5,8,5,4,8,11,11,8,7,12,6,10,9,5,10,6,6,7,6,4,8,4,13,4,5,6,5,10,4,12,2,7,3,5,10,6,8,8,5,7,6,7,6,8,9,6,10,8,5,6,7,4,5,9,7,12,5,4,8,16,3,6,5,2,6,2,11,11,6,6,7,9,8,10,6,28,7,6,6,8,4,3,,6,6,4,6,3,6,3,2,,4,5,6,7,5,8,2,5,4,8,6,7,5,9,6,5,8,4,,4,3,4,5,5,7,15,11,12,6,10,,3,,9,,4,15,9,10,11,13,6,16,19,6,7,6,6,7,3,3,6,6,7,5,3,7,7,8,,,,5,,
20260618,10,SO2_24h,3,6,4,9,8,5,3,4,3,3,7,6,3,9,9,8,8,5,5,7,6,7,5,6,8,7,6,9,5,9,7,7,6,7,7,5,8,7,6,6,7,3,4,5,9,4,2,8,6,6,4,6,6,5,5,5,5,5,5,3,4,6,4,4,8,5,8,5,6,5,9,19,8,5,6,8,12,8,6,6,6,8,3,11,12,8,10,11,11,7,6,5,6,8,4,10,9,6,6,5,7,6,5,5,5,5,5,3,5,5,7,11,8,8,10,6,8,7,6,5,4,5,5,6,6,5,11,4,9,9,5,9,9,8,5,9,7,5,3,5,2,7,9,18,5,10,3,6,3,3,5,6,3,7,8,12,10,17,5,4,,,,,,,,,,,,,,,,,,,,,,,,,,,,,,6,5,4,5,6,9,5,7,5,9,9,4,12,5,,6,11,8,7,8,7,4,7,10,11,1,5,7,9,5,8,5,4,9,7,10,7,7,10,6,9,8,5,8,7,6,6,5,5,7,5,8,3,4,6,5,10,4,6,2,8,3,5,8,7,6,6,4,7,6,4,5,8,9,8,9,8,6,7,8,4,5,9,6,7,7,5,8,24,3,6,5,2,6,3,12,10,6,6,4,9,8,10,4,7,7,5,6,8,4,3,,6,7,4,6,3,6,4,2,,4,5,7,7,5,8,1,4,4,8,6,7,5,9,7,5,6,4,,4,3,5,7,4,7,7,10,9,7,12,,5,,9,,4,11,8,9,10,15,6,18,10,6,7,6,6,8,5,4,9,5,4,6,3,7,6,7,,,,5,,
20260618,10,NO2,23,18,9,17,12,19,12,10,13,22,20,21,5,28,19,12,9,9,16,20,26,30,11,15,11,18,30,28,35,7,11,5,21,30,36,14,32,21,22,14,23,9,15,12,29,9,12,13,10,11,30,20,7,15,19,3,12,7,12,7,11,14,7,6,17,14,12,9,11,8,31,20,27,14,11,9,24,15,12,8,7,10,12,15,16,11,19,16,16,12,27,14,14,15,12,28,18,17,11,8,8,4,11,3,15,13,16,14,5,18,18,10,17,14,17,9,9,9,14,11,11,4,9,19,20,28,11,15,16,18,21,9,25,12,20,9,16,6,7,9,12,12,12,26,14,14,13,10,7,8,11,15,21,6,20,3,13,29,28,11,,,,,,,,,,,,,,,,,,,,,,,,,,,,,,12,20,11,16,15,10,5,13,32,4,11,6,8,15,,6,5,10,7,13,11,8,7,9,8,7,9,4,6,6,5,7,4,8,12,10,8,31,23,13,15,25,8,28,24,17,13,15,11,13,8,18,5,5,13,7,8,7,11,5,4,8,4,12,15,23,13,13,25,18,13,19,14,6,18,24,12,7,8,9,13,5,5,4,13,6,5,10,6,6,18,5,10,11,14,9,12,8,10,10,16,12,12,18,26,10,26,12,12,11,6,,23,12,15,6,6,16,4,9,,4,9,14,6,7,8,4,,8,7,7,12,9,15,4,7,8,9,,1,11,6,10,5,16,15,15,8,10,20,,8,,10,,10,31,,1,8,8,,9,19,22,15,7,18,15,13,34,2,23,16,14,8,15,7,9,,,,4,,
20260618,10,NO2_24h,19,18,10,14,23,15,15,10,11,19,14,25,9,15,15,17,18,16,19,24,20,23,10,16,13,9,24,22,20,5,11,3,14,22,37,19,19,18,17,9,22,16,14,11,21,12,13,11,17,12,18,23,11,17,13,3,16,6,11,15,9,12,9,6,14,13,9,9,8,10,16,21,16,14,21,12,25,13,13,9,10,17,15,15,20,10,16,21,14,13,17,12,15,15,9,14,13,11,10,8,12,6,12,7,17,13,15,11,7,16,11,9,14,11,19,13,17,16,20,15,12,9,13,16,18,22,12,14,21,12,27,11,16,12,19,7,10,5,6,9,9,11,12,19,15,9,11,9,9,8,17,14,16,10,14,5,13,19,12,7,,,,,,,,,,,,,,,,,,,,,,,,,,,,,,7,13,11,12,13,8,5,12,34,10,14,8,13,19,,7,6,11,10,17,10,14,13,10,13,10,10,9,14,11,7,7,9,11,18,13,8,16,12,8,13,13,7,12,15,8,9,11,14,11,11,10,6,5,16,10,9,7,5,6,6,8,5,6,17,16,13,17,20,12,10,14,11,9,14,19,11,12,9,10,12,6,6,7,12,7,8,9,5,7,17,17,10,13,11,10,9,6,10,8,20,10,7,11,22,6,20,14,10,5,6,,12,14,11,4,8,8,4,8,,5,6,12,6,7,7,4,4,7,6,8,8,10,10,5,3,3,8,,3,6,10,12,8,13,8,10,12,8,19,,9,,7,,8,13,5,1,10,3,12,3,12,13,13,8,6,13,10,24,4,8,6,10,4,10,9,8,,,,6,,
20260618,10,O3,89,122,111,99,142,132,119,111,98,109,106,116,134,141,110,107,95,95,83,79,62,79,76,56,63,41,58,75,32,56,46,70,37,51,64,57,33,127,102,38,65,49,66,34,100,56,40,39,108,75,85,83,67,39,27,43,38,47,42,52,42,34,49,65,37,62,32,46,123,74,61,48,78,80,53,63,100,99,105,64,118,119,55,57,114,91,132,128,67,100,77,85,101,74,91,117,29,29,56,59,48,36,34,67,38,29,29,26,48,77,118,136,127,126,97,112,108,98,126,73,112,99,100,132,109,40,81,129,109,107,90,98,31,82,94,80,51,28,53,37,83,56,47,33,45,47,52,59,58,46,77,49,62,60,56,106,101,93,53,89,,,,,,,,,,,,,,,,,,,,,,,,,,,,,,50,69,37,135,108,154,110,143,64,126,107,79,105,135,,118,125,140,108,102,107,104,113,100,98,87,86,102,90,97,67,82,91,86,103,96,76,30,50,63,110,87,71,34,57,41,104,67,97,131,57,32,41,46,43,44,46,41,23,44,49,50,38,41,127,86,107,109,95,63,77,102,96,95,79,93,75,118,79,64,76,85,59,78,91,34,55,54,65,62,24,54,53,26,32,41,32,27,37,23,44,54,42,45,43,61,24,35,67,41,58,,23,40,23,45,81,38,41,32,,33,40,56,47,37,35,,48,40,24,42,25,71,37,103,123,112,120,,122,43,73,133,88,103,101,49,81,77,69,,106,,55,,96,,,89,82,67,87,94,89,84,59,103,75,76,56,49,99,69,76,79,62,85,93,68,,,,54,,
20260618,10,O3_24h,89,122,111,99,142,132,119,111,98,109,106,116,134,141,110,107,95,95,83,79,62,79,76,56,63,41,58,75,32,56,46,70,37,51,64,57,33,127,102,38,65,49,66,34,100,56,40,39,108,75,85,83,67,39,27,43,38,47,42,52,42,34,49,65,37,62,32,46,123,74,61,48,78,80,53,63,100,99,105,64,118,119,55,57,114,91,132,128,67,100,77,85,101,74,91,117,29,29,56,59,48,36,34,67,38,29,29,26,48,77,118,136,127,126,97,112,108,98,126,73,112,99,100,132,109,40,81,129,109,107,90,98,31,82,94,80,51,28,53,37,83,56,47,33,45,47,52,59,58,46,77,49,62,60,56,106,101,93,53,89,,,,,,,,,,,,,,,,,,,,,,,,,,,,,,50,69,37,135,108,154,110,143,64,126,107,79,105,135,,118,125,140,108,102,107,104,113,100,98,87,86,102,90,97,67,82,91,86,103,96,76,30,50,63,110,87,71,34,57,41,104,67,97,131,57,32,41,46,43,44,46,41,23,44,49,50,38,41,127,86,107,109,95,63,77,102,96,95,79,93,75,118,79,64,76,85,59,78,91,34,55,54,65,62,24,54,53,26,32,41,32,27,37,23,44,54,42,45,43,61,24,35,67,41,58,,23,40,23,45,81,38,41,32,,33,40,56,47,37,35,,48,40,24,42,25,71,37,103,123,112,120,,122,43,73,133,88,103,101,49,81,77,69,,106,,55,,96,,,89,82,67,87,94,89,84,59,103,75,76,56,49,99,69,76,79,62,85,93,68,,,,54,,
20260618,10,O3_8h,43,94,91,75,64,97,73,54,31,61,84,72,114,115,101,55,61,62,49,61,34,55,61,35,42,36,34,34,24,50,36,77,37,52,28,22,67,91,80,35,32,36,50,11,72,28,29,43,88,64,95,70,67,29,28,51,22,45,39,25,38,28,41,62,44,40,42,45,123,77,65,48,91,69,41,60,72,118,77,40,96,84,34,39,82,88,71,79,54,73,38,71,74,71,87,66,34,29,49,61,15,42,25,58,25,23,19,19,41,76,85,130,136,99,45,56,45,32,62,57,82,64,58,92,64,48,87,90,86,114,50,84,85,84,72,94,53,35,49,26,77,26,49,11,44,57,43,56,59,38,60,44,27,38,69,89,83,96,64,93,,,,,,,,,,,,,,,,,,,,,,,,,,,,,,70,66,21,119,96,128,112,124,50,115,80,66,96,65,,85,125,69,69,59,56,73,64,52,45,68,70,60,66,49,60,50,66,64,44,66,31,49,60,75,75,83,20,38,62,60,99,58,67,72,28,23,29,26,28,28,61,39,36,39,47,55,36,52,87,93,85,71,79,74,61,94,92,102,66,77,85,84,80,59,64,77,48,99,86,38,42,45,51,32,14,47,45,20,33,34,34,35,26,17,26,51,52,41,19,73,30,24,58,42,26,,33,39,35,49,72,38,47,31,,29,35,59,40,31,30,42,42,43,13,37,27,21,25,91,117,115,95,,143,48,54,113,51,102,83,41,62,85,39,,110,,55,,84,64,56,83,60,54,63,84,96,94,58,92,98,63,60,44,110,98,92,87,53,90,87,56,,,,44,,
20260618,10,O3_8h_24h,42,94,89,74,64,96,73,54,31,60,78,72,113,115,87,55,60,62,49,56,32,50,61,33,42,36,34,34,24,50,36,75,33,49,28,22,43,92,79,33,32,36,44,11,69,28,29,40,88,64,87,64,65,29,27,51,22,45,39,25,38,28,41,62,41,40,39,42,121,75,57,44,78,61,40,57,72,100,77,40,96,84,34,39,81,82,70,79,49,72,37,67,74,71,86,61,33,27,49,61,15,40,25,58,25,22,19,19,41,67,85,122,113,95,45,56,45,32,67,57,82,64,58,91,63,44,79,90,83,109,49,84,48,81,68,88,49,31,47,26,77,26,48,11,43,55,43,56,54,38,60,38,27,38,66,89,83,91,59,93,,,,,,,,,,,,,,,,,,,,,,,,,,,,,,65,63,21,113,94,126,111,120,47,115,80,66,92,64,,85,122,69,69,59,56,73,64,52,45,68,70,60,66,49,59,50,66,64,44,66,31,42,54,71,75,79,20,29,54,50,96,56,65,72,28,22,28,26,28,28,51,36,26,39,44,47,33,44,86,84,85,71,79,67,60,88,92,100,66,77,82,84,75,59,64,77,47,69,77,35,42,42,51,32,14,47,45,20,32,34,34,32,26,16,26,51,48,38,16,68,28,22,57,39,26,,31,36,32,49,72,38,46,26,,29,35,56,40,31,30,41,42,40,13,37,25,21,23,86,117,114,95,,136,46,54,113,51,102,83,40,61,82,39,,105,,52,,79,58,53,81,60,52,62,82,87,93,56,92,87,63,56,44,107,90,89,85,49,85,86,55,,,,44,,
20260618,10,CO,0.66,0.83,0.54,1.02,0.95,0.52,0.51,0.37,0.40,0.73,0.60,0.40,0.55,0.92,0.75,1.09,0.72,0.53,0.51,0.51,0.74,0.89,0.70,0.47,0.42,1.10,0.79,1.27,1.08,0.62,0.80,0.40,0.68,0.83,0.64,0.47,0.74,0.63,0.55,0.50,0.70,0.53,0.50,0.50,0.98,0.38,0.30,0.68,0.35,0.43,0.70,0.81,0.58,0.42,0.59,0.55,0.50,0.35,0.50,0.47,0.55,0.43,0.54,0.35,0.57,0.66,0.63,0.49,0.25,0.55,1.17,1.20,0.42,0.38,0.43,0.74,0.63,0.60,0.72,0.52,0.40,0.70,0.53,0.34,0.60,0.37,0.74,0.72,0.42,0.33,0.84,0.50,0.30,0.50,0.33,0.95,0.63,0.83,0.43,0.60,0.65,0.50,0.75,0.47,0.40,0.60,0.67,0.60,0.37,0.30,0.66,0.65,0.80,0.82,0.52,0.76,0.77,0.85,0.85,0.52,0.42,0.33,0.43,0.70,0.77,0.68,0.45,0.63,0.64,0.60,0.77,0.40,0.63,0.57,0.78,1.00,0.80,0.40,0.55,0.74,0.40,0.68,0.67,2.95,0.47,0.43,0.63,0.25,0.80,0.47,0.45,0.65,0.65,0.56,0.65,0.20,0.53,0.94,0.40,0.15,,,,,,,,,,,,,,,,,,,,,,,,,,,,,,0.67,0.70,0.50,0.57,0.45,0.80,0.43,0.90,0.70,0.33,0.40,0.30,0.60,0.70,,0.25,0.35,0.75,0.67,0.95,1.10,0.55,0.70,0.65,0.60,0.40,0.35,0.30,0.27,0.20,0.47,0.47,0.35,0.50,0.30,0.50,0.25,0.48,0.60,0.45,0.65,1.03,0.45,0.80,0.64,0.37,0.60,0.33,0.70,0.37,0.47,1.83,0.35,0.45,0.85,0.63,0.43,0.55,0.70,0.30,0.30,0.58,0.53,0.60,0.54,0.50,0.45,0.70,0.58,0.77,0.40,0.53,0.53,0.70,0.68,0.67,0.68,0.60,0.67,0.80,0.70,0.50,0.72,0.50,1.00,0.60,0.53,0.60,0.55,0.55,0.30,0.53,0.60,0.63,0.43,0.45,0.43,0.80,0.85,0.70,0.77,0.55,0.53,0.82,0.75,0.47,0.35,0.60,0.70,0.30,0.30,,0.35,0.70,0.60,0.40,0.50,0.70,0.30,0.50,,0.55,0.50,0.60,0.50,0.65,0.75,0.70,0.20,0.30,0.75,0.35,0.40,0.60,0.55,0.50,0.20,0.45,0.30,,0.30,0.40,0.43,0.47,0.50,0.70,0.30,0.50,0.30,0.50,0.60,,0.35,,0.35,,0.30,0.80,0.50,0.20,0.50,0.40,0.20,0.40,0.63,0.45,0.30,0.50,0.10,0.15,0.40,0.85,0.10,0.55,0.40,0.50,0.20,0.20,0.30,0.30,,,,0.40,,
20260618,10,CO_24h,0.43,0.71,0.48,0.68,0.65,0.33,0.34,0.23,0.25,0.45,0.53,0.42,0.45,0.72,0.60,0.89,0.68,0.50,0.49,0.54,0.51,0.87,0.60,0.43,0.34,0.64,0.74,0.77,0.54,0.55,0.80,0.38,0.47,0.73,0.61,0.47,0.60,0.60,0.53,0.43,0.65,0.57,0.50,0.50,0.71,0.35,0.28,0.67,0.36,0.41,0.49,0.77,0.57,0.42,0.47,0.53,0.47,0.25,0.47,0.43,0.53,0.40,0.64,0.35,0.51,0.58,0.50,0.45,0.25,0.57,0.73,0.65,0.42,0.34,0.48,0.70,0.51,0.52,0.70,0.53,0.33,0.63,0.50,0.34,0.60,0.33,0.56,0.62,0.40,0.33,0.53,0.40,0.27,0.50,0.27,0.55,0.63,0.72,0.43,0.53,0.65,0.50,0.70,0.53,0.40,0.60,0.50,0.55,0.40,0.20,0.47,0.57,0.68,0.78,0.46,0.88,0.70,0.86,0.72,0.55,0.48,0.40,0.48,0.53,0.60,0.60,0.50,0.38,0.57,0.47,0.65,0.40,0.57,0.57,0.70,0.90,0.70,0.47,0.57,0.70,0.40,0.60,0.60,1.48,0.43,0.33,0.63,0.25,0.72,0.43,0.47,0.60,0.50,0.60,0.55,0.20,0.60,0.70,0.32,0.15,,,,,,,,,,,,,,,,,,,,,,,,,,,,,,0.63,0.60,0.45,0.47,0.47,0.70,0.53,0.67,0.53,0.33,0.43,0.30,0.60,0.53,,0.20,0.45,0.63,0.73,0.60,0.80,0.40,0.60,0.60,0.60,0.40,0.40,0.37,0.40,0.23,0.47,0.42,0.35,0.50,0.40,0.50,0.25,0.37,0.38,0.35,0.60,0.72,0.45,0.45,0.50,0.27,0.42,0.23,0.73,0.30,0.53,1.00,0.35,0.35,0.95,0.70,0.67,0.60,0.60,0.28,0.35,0.73,0.65,0.60,0.52,0.42,0.45,0.45,0.44,0.63,0.23,0.37,0.47,0.67,0.80,0.67,0.82,0.70,0.57,0.80,0.63,0.55,0.77,0.50,0.90,0.60,0.70,0.60,0.60,0.45,0.30,0.67,0.68,0.63,0.37,0.50,0.43,0.80,0.75,0.50,0.73,0.60,0.47,0.63,0.65,0.38,0.32,0.60,0.65,0.35,0.30,,0.25,0.70,0.47,0.40,0.50,0.60,0.30,0.50,,0.55,0.40,0.50,0.40,0.60,0.60,0.60,0.20,0.30,0.65,0.35,0.35,0.55,0.35,0.45,0.20,0.40,0.40,,0.25,0.35,0.53,0.47,0.50,0.80,0.35,0.40,0.30,0.45,0.60,,0.45,,0.30,,0.30,0.60,0.30,0.20,0.50,0.40,0.20,0.40,0.47,0.35,0.35,0.50,0.10,0.20,0.25,0.80,0.15,0.30,0.25,0.45,0.30,0.10,0.30,0.25,,,,0.40,,
20260618,11,AQI,68,49,56,66,58,55,57,42,41,71,59,66,65,89,57,39,30,38,48,30,85,64,37,34,47,69,79,103,105,36,31,21,71,69,50,28,78,66,39,28,22,23,23,22,52,24,17,15,37,24,61,51,36,15,15,15,14,16,13,14,13,13,14,22,16,39,23,16,40,24,34,43,41,31,30,31,41,41,55,29,65,46,23,46,48,53,52,52,46,36,63,45,47,24,33,68,11,10,25,28,19,36,14,20,14,12,18,19,17,41,56,47,58,78,36,37,38,34,49,37,37,31,35,61,65,30,36,59,59,58,50,28,54,49,54,78,64,15,28,24,34,34,27,41,18,26,29,26,20,18,25,30,54,20,26,34,29,55,32,43,,,,,,,,,,,,,,,,,,,,,,,,,,,,,,57,53,23,50,60,73,35,68,66,38,39,40,71,49,,39,36,45,36,53,44,44,36,33,33,30,32,32,28,32,26,26,32,29,36,36,28,58,81,54,46,42,36,81,59,47,53,39,33,75,26,36,16,29,26,17,20,17,20,14,18,19,47,32,61,55,51,47,49,51,41,50,52,30,43,49,47,44,50,36,38,21,24,46,37,14,15,47,50,56,54,16,21,24,17,25,24,16,31,34,21,19,26,46,60,29,30,24,21,34,21,,23,15,8,13,30,16,15,17,,11,26,19,16,25,23,47,16,15,20,16,30,12,24,32,35,38,41,,40,16,24,49,29,31,34,33,56,34,51,,33,,40,,32,29,31,37,31,27,32,33,48,34,31,44,29,31,25,71,34,59,99,38,28,31,32,36,,,,21,,
20260618,11,PM2.5,49,31,40,48,41,37,39,20,18,52,42,30,45,66,24,24,13,20,17,21,63,46,26,24,31,50,58,77,79,25,22,8,52,50,32,10,57,48,27,16,12,13,10,5,33,6,11,6,15,11,36,36,18,6,7,5,5,3,4,4,3,7,3,11,6,27,5,5,7,4,12,13,14,11,17,22,24,20,39,20,47,29,10,30,20,21,26,27,32,16,23,25,31,17,11,49,5,7,15,11,9,10,5,12,5,7,6,3,3,23,36,21,28,57,11,13,20,7,26,26,20,3,12,44,47,21,13,33,42,41,35,5,38,34,31,57,46,6,18,12,13,17,19,18,4,15,15,14,4,7,3,21,30,11,18,20,7,16,6,3,,,,,,,,,,,,,,,,,,,,,,,,,,,,,,34,30,15,13,41,53,4,49,29,15,17,15,29,27,,12,6,23,7,37,17,31,19,7,12,10,17,3,9,7,9,18,17,11,12,15,14,41,60,25,27,29,25,60,42,33,37,27,17,55,7,25,3,5,9,10,14,4,11,4,3,5,4,18,44,33,26,33,34,27,18,26,27,13,30,30,33,16,35,24,25,13,5,32,22,3,3,33,35,40,12,8,7,15,10,14,6,3,3,24,6,10,18,32,43,20,11,17,15,24,6,,16,7,3,3,21,6,3,12,,3,18,3,3,9,15,,11,9,9,3,14,7,12,3,3,3,6,,3,5,7,31,3,10,12,23,30,24,25,,13,,19,,12,17,7,9,7,3,3,3,22,18,19,11,12,8,3,52,8,12,43,7,3,3,3,9,,,,6,,
20260618,11,PM2.5_24h,15,39,40,42,30,30,30,12,10,36,39,34,45,46,14,30,28,19,13,33,20,42,16,15,23,20,31,33,30,16,20,7,27,44,29,9,48,38,32,7,16,17,14,5,19,5,8,14,22,13,26,33,27,6,5,5,7,4,5,6,5,7,8,15,14,23,8,8,7,14,19,19,15,11,28,29,19,18,42,18,34,30,12,20,31,17,34,35,21,14,20,17,26,12,12,31,4,8,13,8,7,6,8,8,9,12,13,7,5,16,15,23,25,47,11,36,24,24,36,20,14,14,18,24,26,19,22,29,31,26,28,18,39,37,26,40,33,11,16,8,11,22,11,16,6,10,26,14,21,8,25,26,19,23,14,25,17,19,9,29,,,,,,,,,,,,,,,,,,,,,,,,,,,,,,29,27,11,19,29,50,14,42,25,15,16,15,16,12,,5,10,20,28,28,19,22,17,7,14,13,19,19,20,12,10,12,11,13,12,14,12,17,21,17,26,23,15,24,21,18,21,12,21,26,7,9,4,5,10,22,23,15,15,7,11,18,13,16,37,27,22,26,28,23,16,23,25,20,37,29,40,23,31,27,25,21,16,35,31,9,28,26,35,28,8,10,12,12,13,18,8,8,8,12,21,10,10,15,19,13,12,19,17,14,7,,4,15,8,11,20,9,6,17,,10,12,9,5,11,11,5,8,11,10,5,11,11,7,4,4,2,10,,3,6,18,24,11,19,15,20,30,31,22,,20,,22,,16,18,9,11,16,10,3,7,23,23,17,35,50,10,7,34,16,11,43,12,7,3,6,16,,,,14,,
20260618,11,PM10,82,49,57,68,63,59,63,36,19,83,57,82,79,94,63,38,20,38,48,28,69,51,26,33,47,63,64,101,75,34,31,12,56,47,50,25,69,53,30,28,22,23,15,22,54,14,17,13,37,20,72,51,36,10,15,13,9,7,9,10,8,11,9,22,16,35,23,12,9,12,34,43,41,31,30,29,41,41,56,25,53,46,14,46,48,55,53,54,46,36,76,45,47,19,30,84,9,8,25,28,19,36,14,18,7,,18,19,10,41,62,40,65,84,25,18,38,17,49,27,28,13,26,61,68,28,36,68,60,63,47,13,45,42,57,52,,15,28,24,34,34,22,41,10,26,29,26,11,18,7,28,57,17,21,34,17,59,32,43,,,,,,,,,,,,,,,,,,,,,,,,,,,,,,64,55,23,50,69,82,19,77,81,35,34,40,92,45,,17,21,45,24,49,44,42,28,17,20,25,24,9,11,15,17,19,,13,20,15,21,44,72,58,46,42,27,55,47,44,45,33,24,51,26,32,9,29,26,17,18,17,20,14,15,18,47,32,67,60,51,41,46,52,41,50,54,24,30,49,46,44,41,36,38,20,22,45,37,6,6,46,45,,57,10,21,24,17,25,24,16,31,31,18,16,20,33,48,24,30,22,19,34,14,,16,12,6,9,25,13,15,12,,6,22,14,10,25,23,,12,15,20,12,30,12,24,7,8,15,18,,13,11,14,49,9,15,33,30,62,25,52,,27,,40,,24,27,12,27,19,27,14,21,48,34,31,44,28,31,25,74,34,68,147,38,28,26,28,36,,,,21,,
20260618,11,PM10_24h,27,58,61,62,60,45,52,21,24,46,59,69,65,73,29,37,35,20,29,44,35,50,19,21,35,30,42,48,36,16,27,10,32,52,47,22,63,42,37,18,25,31,22,15,40,16,10,18,43,15,44,46,41,11,13,10,11,7,12,12,11,12,19,25,23,28,20,16,14,28,33,27,48,32,42,41,32,43,57,26,31,35,14,31,56,38,51,64,38,26,43,37,42,19,18,43,10,13,23,16,15,17,13,10,15,17,19,18,12,37,25,39,64,75,23,48,26,32,45,26,26,19,33,34,46,27,37,53,49,45,51,35,49,48,37,43,29,23,32,18,23,31,13,40,17,20,27,20,27,14,43,39,36,31,31,62,29,52,26,75,,,,,,,,,,,,,,,,,,,,,,,,,,,,,,37,44,19,49,48,67,27,61,66,43,27,31,48,27,,11,29,28,35,33,28,25,23,18,25,18,18,24,23,20,14,15,14,12,21,17,18,30,32,35,46,34,22,26,39,34,25,24,32,32,20,15,13,12,15,26,32,30,27,17,26,30,33,28,51,48,40,43,41,42,31,44,48,30,51,45,50,44,36,36,41,28,28,41,34,16,33,38,43,29,17,26,20,15,15,29,14,18,21,26,35,16,15,17,32,17,26,25,23,19,20,,8,21,12,9,31,16,14,17,,12,13,19,8,27,14,11,11,18,23,10,17,23,17,7,10,13,16,,12,9,23,40,22,27,32,29,70,53,49,,37,,39,,27,27,17,25,26,24,11,16,59,50,28,129,156,26,23,69,38,37,166,29,32,23,36,42,,,,23,,
20260618,11,SO2,3,8,4,9,8,7,4,4,5,4,8,7,2,16,14,7,8,5,6,6,6,7,5,6,7,6,6,9,5,9,7,7,7,6,8,5,7,7,7,6,9,2,4,4,12,5,2,9,7,6,6,6,8,5,5,5,6,5,5,3,4,9,3,4,9,6,8,5,5,5,19,48,7,6,9,12,14,9,7,5,6,6,3,17,12,10,12,12,12,6,8,6,10,8,4,14,5,5,6,6,7,6,5,5,5,5,4,3,5,6,10,12,7,9,10,7,9,7,6,5,5,6,5,8,7,5,9,6,10,11,5,8,8,8,8,9,4,5,2,6,2,8,9,25,4,9,4,6,3,4,5,6,2,6,6,7,7,12,5,4,,,,,,,,,,,,,,,,,,,,,,,,,,,,,,6,4,4,6,5,19,5,9,8,9,11,5,9,7,,8,11,9,7,12,8,5,7,9,12,2,5,7,8,5,8,6,5,9,10,9,7,7,11,7,11,9,5,9,6,6,7,7,5,8,4,13,4,5,6,5,11,4,9,2,7,3,4,10,7,7,7,4,7,6,6,5,9,8,7,9,8,4,7,7,4,5,8,7,8,5,4,8,13,3,7,5,2,5,3,13,10,7,6,8,6,8,10,6,17,7,6,6,7,4,3,,6,6,4,5,3,5,2,2,,4,5,6,8,5,8,141,3,4,8,6,7,5,9,6,6,7,4,,5,6,4,5,5,7,10,11,11,6,8,,4,,9,,4,15,9,10,11,13,,24,14,6,8,5,6,8,5,4,6,4,6,5,3,7,6,10,,,,4,,
20260618,11,SO2_24h,3,6,4,9,8,5,3,4,3,3,7,6,3,9,9,8,8,5,5,7,6,7,5,6,8,7,6,9,5,9,7,7,6,6,7,5,8,7,7,6,7,3,4,5,9,4,2,8,6,6,5,6,6,5,5,5,5,5,5,3,4,7,4,4,8,5,8,5,6,5,10,20,7,5,7,8,12,8,6,6,6,8,3,12,12,8,10,12,11,7,6,5,6,8,4,10,9,6,6,5,7,6,5,5,5,5,5,3,6,5,7,11,8,8,10,6,8,7,6,5,4,5,5,6,6,4,10,4,9,8,5,8,9,8,5,9,7,5,3,5,2,7,9,17,5,9,3,6,3,3,5,6,3,7,8,11,10,16,5,4,,,,,,,,,,,,,,,,,,,,,,,,,,,,,,6,5,4,5,6,9,5,7,5,9,9,4,12,5,,6,11,8,7,8,7,4,7,10,11,1,5,7,9,5,8,5,4,9,7,10,7,7,10,6,9,8,5,8,7,6,6,5,5,8,5,8,3,4,6,5,10,4,6,2,8,3,5,8,7,6,6,4,7,6,4,5,8,8,8,9,8,5,7,8,4,5,9,6,7,6,5,7,24,3,6,5,2,6,3,13,10,6,6,5,8,8,10,4,8,7,5,6,8,4,3,,6,7,4,6,3,6,4,2,,4,5,7,7,5,8,7,4,4,8,6,7,5,9,7,5,6,4,,4,3,5,7,4,7,7,10,9,7,12,,5,,9,,4,11,8,9,10,15,6,19,10,6,7,6,6,8,5,4,8,5,4,6,3,7,6,7,,,,5,,
20260618,11,NO2,20,15,8,15,10,17,11,8,8,19,13,19,7,21,16,8,7,7,14,18,24,27,12,15,9,16,31,26,38,7,14,5,21,24,41,13,29,23,22,15,40,9,10,10,25,7,12,9,9,12,26,20,5,15,19,5,13,5,12,11,12,12,8,5,17,12,11,9,10,10,21,30,16,9,8,7,22,13,11,7,8,10,9,14,14,9,13,15,13,13,24,9,13,13,10,24,16,17,10,7,8,3,9,4,12,13,12,10,4,15,15,8,14,17,12,9,8,8,12,6,11,4,6,16,17,18,11,12,14,22,17,10,23,14,17,7,14,7,5,7,6,7,11,19,11,11,10,10,6,7,9,14,13,8,13,2,14,26,13,6,,,,,,,,,,,,,,,,,,,,,,,,,,,,,,9,17,13,14,15,9,5,12,27,4,12,6,8,10,,5,10,8,5,11,8,7,5,5,7,6,9,5,5,6,4,12,4,6,9,7,5,30,26,12,16,26,4,25,17,16,12,13,10,10,9,19,4,3,14,5,8,6,5,4,3,8,4,10,15,17,11,7,16,21,8,13,10,8,16,19,13,3,9,6,8,6,4,3,10,4,5,8,4,4,10,6,11,11,11,10,11,7,6,10,12,9,8,16,19,9,19,10,13,8,5,,19,6,16,6,5,12,4,7,,4,6,13,6,6,10,,4,7,4,7,12,8,11,6,6,6,5,,3,11,6,10,5,19,10,18,7,11,16,,7,,10,,6,19,3,1,2,3,8,4,16,27,15,4,10,12,12,28,4,17,14,9,4,10,5,5,,,,3,,
20260618,11,NO2_24h,19,18,10,14,23,16,15,10,11,20,14,26,9,15,15,16,17,15,19,24,20,24,11,17,13,10,25,23,21,5,12,3,14,22,38,19,20,18,18,9,23,16,14,11,22,12,13,11,17,13,18,23,11,17,14,3,16,6,11,15,9,12,9,6,14,13,9,9,8,10,17,21,16,14,20,12,26,13,13,9,10,17,15,16,21,11,16,21,14,13,18,12,15,15,9,15,13,11,10,8,12,6,12,7,17,13,15,11,7,16,12,9,14,11,19,13,17,16,20,15,12,9,13,17,18,22,12,15,21,12,26,11,16,13,19,7,11,5,6,9,9,11,12,19,15,9,11,9,8,8,17,14,16,10,14,5,13,19,12,7,,,,,,,,,,,,,,,,,,,,,,,,,,,,,,8,13,10,13,13,8,5,12,34,10,14,7,12,19,,7,6,11,10,17,10,14,13,10,13,10,10,9,13,11,7,8,9,10,18,13,8,16,13,8,13,14,7,13,15,8,9,11,14,11,11,11,6,5,16,10,9,7,5,6,6,8,5,6,18,16,13,17,20,13,10,14,11,9,14,20,11,11,9,10,12,5,6,7,12,6,8,9,5,7,17,17,10,13,11,10,9,5,10,9,19,10,7,11,22,6,19,13,10,5,6,,12,13,11,4,8,8,4,8,,5,6,12,6,7,7,4,4,7,6,8,9,10,10,5,3,4,8,,2,7,9,12,8,13,8,11,12,8,19,,9,,7,,8,13,5,1,9,3,12,3,12,14,13,7,7,14,9,25,4,9,6,10,4,9,9,8,,,,6,,
20260618,11,O3,116,141,138,111,158,151,142,134,131,148,145,146,146,155,130,126,95,106,99,93,74,93,81,64,78,53,80,105,36,65,46,68,42,84,75,89,44,138,111,68,42,70,74,45,116,76,46,48,118,78,111,95,76,47,26,49,44,52,42,44,41,41,46,69,36,74,37,52,127,76,93,59,110,98,71,78,114,113,112,85,134,130,74,67,126,124,153,146,80,113,118,95,115,76,104,172,35,30,63,58,58,39,38,63,44,39,37,39,53,102,141,150,147,131,115,117,116,108,136,85,118,99,111,147,147,52,84,161,123,111,114,91,53,74,117,100,71,36,62,55,86,68,53,57,57,55,63,59,63,50,79,65,90,65,66,109,93,100,84,100,,,,,,,,,,,,,,,,,,,,,,,,,,,,,,79,87,37,151,110,174,111,152,96,123,125,94,111,158,,126,116,141,116,115,116,114,115,106,105,96,102,101,91,101,84,82,101,92,116,116,90,28,45,75,118,89,63,47,92,48,121,91,106,155,72,44,51,51,53,46,57,51,35,46,56,62,43,49,126,110,116,139,125,65,106,126,108,95,82,107,76,112,100,81,101,66,77,72,88,46,48,75,71,57,39,50,49,39,41,45,40,34,46,31,66,60,47,66,63,61,35,64,60,53,66,,30,47,24,43,79,52,40,39,,36,49,62,52,43,40,41,47,48,36,50,32,39,57,101,113,122,130,,129,50,77,137,93,99,110,51,88,80,76,,107,,65,,103,94,100,119,99,85,103,106,104,69,75,116,92,85,78,72,104,82,77,93,73,100,103,84,,,,58,,
20260618,11,O3_24h,116,141,138,111,158,151,142,134,131,148,145,146,146,155,130,126,95,106,99,93,74,93,81,64,78,53,80,105,36,65,46,68,42,84,75,89,44,138,111,68,42,70,74,45,116,76,46,48,118,78,111,95,76,47,26,49,44,52,42,44,41,41,46,69,36,74,37,52,127,76,93,59,110,98,71,78,114,113,112,85,134,130,74,67,126,124,153,146,80,113,118,95,115,76,104,172,35,30,63,58,58,39,38,63,44,39,37,39,53,102,141,150,147,131,115,117,116,108,136,85,118,99,111,147,147,52,84,161,123,111,114,91,53,74,117,100,71,36,62,55,86,68,53,57,57,55,63,59,63,50,79,65,90,65,66,109,93,100,84,100,,,,,,,,,,,,,,,,,,,,,,,,,,,,,,79,87,37,151,110,174,111,152,96,123,125,94,111,158,,126,116,141,116,115,116,114,115,106,105,96,102,101,91,101,84,82,101,92,116,116,90,28,45,75,118,89,63,47,92,48,121,91,106,155,72,44,51,51,53,46,57,51,35,46,56,62,43,49,126,110,116,139,125,65,106,126,108,95,82,107,76,112,100,81,101,66,77,72,88,46,48,75,71,57,39,50,49,39,41,45,40,34,46,31,66,60,47,66,63,61,35,64,60,53,66,,30,47,24,43,79,52,40,39,,36,49,62,52,43,40,41,47,48,36,50,32,39,57,101,113,122,130,,129,50,77,137,93,99,110,51,88,80,76,,107,,65,,103,94,100,119,99,85,103,106,104,69,75,116,92,85,78,72,104,82,77,93,73,100,103,84,,,,58,,
20260618,11,O3_8h,52,100,96,83,78,102,83,66,45,68,86,84,117,119,105,66,67,74,55,63,37,57,65,38,46,38,40,44,26,53,39,77,37,55,35,31,67,97,83,37,35,41,50,15,75,35,30,44,93,67,96,72,68,32,28,51,25,47,40,28,39,29,41,63,44,44,42,43,123,78,65,48,91,72,46,61,77,118,81,46,102,94,39,43,86,88,79,91,55,77,48,72,80,73,88,69,35,29,51,62,21,42,27,63,27,24,21,20,44,76,93,130,119,100,55,68,57,46,73,60,87,71,66,98,71,48,88,97,89,114,57,85,85,84,76,94,56,35,50,29,78,31,49,18,46,57,45,56,61,39,68,48,35,43,70,93,84,96,66,93,,,,,,,,,,,,,,,,,,,,,,,,,,,,,,72,66,24,119,98,130,113,125,53,116,88,69,96,77,,91,125,80,77,68,65,82,70,60,54,72,74,71,72,57,62,56,71,68,56,72,41,49,60,75,81,84,26,38,62,60,100,59,69,83,35,25,30,30,31,30,61,39,36,40,47,55,36,52,92,93,87,79,84,74,65,94,95,102,68,81,85,88,80,61,71,79,49,99,86,38,44,46,54,38,18,49,46,23,34,36,36,35,28,18,31,52,52,42,22,73,30,26,59,42,32,,33,39,35,49,74,39,47,31,,31,36,59,41,33,32,42,43,43,16,39,27,24,27,91,118,115,98,,143,48,57,117,58,103,89,43,62,85,45,,110,,55,,84,64,59,85,65,55,67,84,96,94,60,95,98,67,60,52,110,98,92,88,53,90,89,58,,,,46,,
20260618,11,O3_8h_24h,51,100,96,82,78,102,83,66,45,68,84,84,117,118,92,66,67,70,55,61,37,54,65,36,46,38,40,44,26,53,39,74,33,54,35,31,42,97,83,36,35,41,48,15,74,35,30,41,93,67,87,67,66,31,27,50,25,47,40,28,39,29,41,63,40,44,38,43,121,76,60,45,79,65,46,59,77,101,80,46,102,94,39,43,86,84,79,91,52,77,48,69,80,73,88,69,34,27,51,62,21,40,27,63,27,24,21,20,44,71,93,123,118,97,55,68,57,46,80,60,87,71,66,98,71,45,77,97,87,107,57,85,46,79,75,88,50,30,48,29,78,31,48,18,45,55,45,56,55,39,68,41,35,43,68,93,84,92,63,93,,,,,,,,,,,,,,,,,,,,,,,,,,,,,,66,64,24,116,95,130,111,121,52,116,88,69,92,77,,91,120,80,77,68,65,78,70,60,54,72,74,71,72,57,62,56,71,68,56,72,41,39,52,70,81,78,26,31,57,46,98,59,69,83,35,25,30,30,31,30,50,36,27,39,46,46,34,45,92,86,87,79,84,63,65,92,95,100,68,81,82,88,78,61,71,79,49,70,74,36,44,45,52,38,18,49,45,23,33,36,35,31,28,18,31,52,47,41,22,66,28,26,56,39,32,,31,37,30,47,74,39,43,27,,31,36,56,41,32,32,41,43,40,16,39,26,24,27,86,118,114,98,,133,46,57,117,58,102,89,41,62,81,45,,102,,53,,79,62,59,85,65,55,67,83,88,91,59,95,86,67,57,52,106,88,87,87,52,88,89,58,,,,46,,
20260618,11,CO,0.69,0.83,0.56,1.00,0.65,0.53,0.49,0.43,0.40,0.73,0.50,0.40,0.65,0.98,0.75,0.80,0.63,0.49,0.49,0.51,0.71,0.89,0.65,0.45,0.50,1.07,0.79,1.23,1.20,0.58,0.80,0.40,0.70,0.83,0.63,0.45,0.73,0.65,0.57,0.53,0.70,0.60,0.40,0.45,0.99,0.38,0.33,0.58,0.33,0.40,0.69,0.90,0.52,0.44,0.57,0.63,0.47,0.30,0.43,0.50,0.57,0.40,0.57,0.35,0.57,0.57,0.50,0.45,0.22,0.58,1.23,1.20,0.35,0.30,0.30,0.67,0.59,0.60,0.80,0.50,0.40,0.70,0.50,0.36,0.56,0.35,0.56,0.68,0.40,0.40,0.88,0.50,0.33,0.64,0.25,0.92,0.60,0.85,0.43,0.57,0.55,0.50,0.70,0.47,0.40,0.60,0.53,0.60,0.40,0.30,0.66,0.62,0.77,0.86,0.48,0.76,0.68,0.82,0.72,0.52,0.40,0.33,0.40,0.68,0.83,0.60,0.42,0.50,0.62,0.63,0.77,0.38,0.57,0.57,0.78,0.95,0.75,0.47,0.55,0.70,0.40,0.63,0.65,2.17,0.50,0.30,0.63,0.25,0.72,0.47,0.40,0.65,0.60,0.58,0.55,0.20,0.53,0.93,0.30,0.10,,,,,,,,,,,,,,,,,,,,,,,,,,,,,,0.60,0.70,0.45,0.50,0.50,0.85,0.47,0.97,0.73,0.33,0.43,0.40,0.55,0.70,,0.30,0.45,0.80,0.67,0.85,0.90,0.55,0.60,0.65,0.55,0.35,0.35,0.30,0.27,0.17,0.43,0.50,0.30,0.50,0.30,0.40,0.25,0.48,0.55,0.45,0.72,0.97,0.45,0.80,0.66,0.37,0.63,0.37,0.63,0.40,0.45,1.87,0.35,0.30,0.80,0.63,0.47,0.52,0.40,0.32,0.30,0.58,0.50,0.60,0.56,0.52,0.45,0.58,0.58,0.75,0.40,0.37,0.60,0.70,0.78,0.67,0.73,0.60,0.67,0.80,0.60,0.55,0.72,0.50,0.90,0.50,0.57,0.60,0.50,0.50,0.30,0.53,0.63,0.63,0.47,0.55,0.45,0.80,0.80,0.70,0.67,0.50,0.53,0.80,0.65,0.45,0.35,0.60,0.70,0.30,0.30,,0.35,0.60,0.53,0.47,0.50,0.60,0.35,0.60,,0.55,0.45,0.50,0.45,0.65,0.70,0.70,0.20,0.20,0.70,0.35,0.40,0.40,0.45,0.40,0.20,0.45,0.30,,0.30,0.50,0.43,0.47,0.40,0.80,0.35,0.50,0.30,0.50,0.70,,0.30,,0.40,,0.25,0.60,0.70,0.20,0.40,0.30,,0.40,0.63,0.50,0.35,0.45,,0.20,0.25,0.75,0.10,0.45,0.35,0.45,0.20,0.20,0.30,0.30,,,,0.35,,
20260618,11,CO_24h,0.44,0.72,0.48,0.69,0.65,0.33,0.34,0.27,0.30,0.47,0.55,0.42,0.45,0.72,0.60,0.90,0.68,0.50,0.49,0.54,0.51,0.87,0.60,0.44,0.34,0.66,0.74,0.80,0.56,0.55,0.80,0.38,0.47,0.74,0.61,0.47,0.60,0.60,0.53,0.43,0.65,0.57,0.50,0.50,0.72,0.35,0.28,0.68,0.37,0.41,0.50,0.77,0.57,0.42,0.47,0.53,0.47,0.25,0.47,0.43,0.53,0.40,0.64,0.35,0.51,0.58,0.50,0.45,0.25,0.55,0.77,0.65,0.40,0.34,0.47,0.70,0.51,0.52,0.68,0.53,0.33,0.63,0.53,0.34,0.60,0.33,0.58,0.65,0.40,0.35,0.53,0.40,0.28,0.50,0.27,0.58,0.63,0.72,0.43,0.53,0.65,0.50,0.70,0.53,0.40,0.60,0.50,0.55,0.40,0.20,0.47,0.57,0.68,0.78,0.46,0.88,0.70,0.86,0.72,0.57,0.46,0.40,0.48,0.55,0.60,0.58,0.50,0.38,0.57,0.47,0.65,0.40,0.57,0.57,0.70,0.90,0.70,0.47,0.57,0.69,0.40,0.60,0.60,1.52,0.43,0.33,0.63,0.25,0.72,0.43,0.47,0.60,0.50,0.60,0.50,0.20,0.60,0.70,0.30,0.15,,,,,,,,,,,,,,,,,,,,,,,,,,,,,,0.65,0.60,0.45,0.47,0.47,0.70,0.50,0.70,0.53,0.33,0.43,0.30,0.60,0.55,,0.20,0.45,0.63,0.73,0.65,0.80,0.40,0.60,0.60,0.60,0.40,0.40,0.37,0.40,0.23,0.47,0.42,0.35,0.47,0.40,0.50,0.25,0.37,0.38,0.40,0.65,0.72,0.45,0.45,0.50,0.27,0.45,0.27,0.73,0.30,0.53,1.00,0.35,0.40,0.90,0.70,0.67,0.60,0.55,0.26,0.35,0.73,0.63,0.60,0.52,0.42,0.45,0.45,0.44,0.63,0.27,0.40,0.47,0.67,0.80,0.67,0.82,0.60,0.60,0.80,0.63,0.55,0.77,0.50,0.90,0.60,0.70,0.60,0.60,0.45,0.30,0.67,0.68,0.63,0.37,0.50,0.43,0.80,0.75,0.50,0.73,0.65,0.47,0.63,0.65,0.38,0.32,0.60,0.65,0.35,0.30,,0.25,0.70,0.47,0.40,0.50,0.60,0.30,0.50,,0.55,0.40,0.50,0.40,0.60,0.60,0.60,0.20,0.30,0.65,0.35,0.40,0.55,0.35,0.45,0.20,0.40,0.40,,0.25,0.35,0.53,0.47,0.50,0.80,0.35,0.45,0.30,0.45,0.60,,0.45,,0.30,,0.30,0.60,0.30,0.20,0.50,0.40,0.20,0.50,0.47,0.40,0.35,0.50,0.10,0.20,0.25,0.80,0.15,0.30,0.25,0.45,0.30,0.10,0.30,0.25,,,,0.40,,
20260618,12,AQI,65,50,60,60,59,71,58,45,42,74,51,70,68,72,54,43,31,34,48,31,89,61,41,36,40,69,70,90,104,31,32,21,71,59,45,33,75,60,44,31,28,29,18,19,47,29,18,19,41,24,57,53,32,16,13,16,15,16,13,13,15,16,14,23,17,37,22,18,42,26,39,38,44,32,33,30,47,44,55,33,63,44,22,47,49,48,64,56,42,39,61,40,51,24,33,107,14,13,24,29,15,31,14,23,17,14,12,26,18,42,58,53,57,73,39,38,37,36,51,33,36,32,41,65,70,27,27,52,55,55,54,28,51,42,56,55,61,14,22,25,34,31,29,40,18,26,25,23,21,18,28,27,52,26,24,41,36,52,32,47,,,,,,,,,,,,,,,,,,,,,,,,,,,,,,33,55,16,46,58,75,35,76,60,46,43,41,78,54,,41,36,45,37,40,37,40,37,34,34,35,36,32,30,28,28,27,35,31,39,38,28,65,88,51,43,39,36,91,51,54,50,37,38,84,37,42,17,22,27,16,22,18,21,17,18,26,21,29,55,52,44,48,46,51,43,46,51,31,41,51,49,33,47,36,36,28,22,42,35,16,14,41,47,56,13,15,16,16,23,35,23,25,20,29,25,20,27,36,47,27,26,31,20,26,26,,15,20,12,13,27,19,14,16,,12,21,20,18,24,23,17,16,19,17,17,26,21,22,33,38,40,42,,42,20,25,49,31,36,38,37,53,33,42,,35,,35,,32,38,35,39,33,29,37,35,45,27,25,40,29,31,33,96,51,63,90,33,31,34,35,47,,,,18,,
20260618,12,PM2.5,46,31,43,43,34,32,41,23,12,52,35,28,49,51,26,14,11,15,17,20,66,44,29,24,25,50,51,67,78,22,22,7,52,42,27,9,55,42,27,14,17,10,5,5,29,10,11,3,15,11,36,37,17,6,5,7,5,3,4,5,6,5,3,10,8,26,4,6,5,10,14,24,15,8,13,21,20,17,39,23,45,31,10,29,16,20,23,26,26,18,24,18,32,15,10,44,3,9,15,11,5,9,3,15,5,6,4,3,3,17,41,22,24,53,8,11,12,6,23,23,15,4,18,46,44,18,15,27,35,37,38,7,36,29,36,39,44,3,9,12,12,15,20,14,5,18,14,16,4,8,4,19,25,13,16,16,7,24,6,3,,,,,,,,,,,,,,,,,,,,,,,,,,,,,,22,39,9,15,37,51,6,56,27,20,15,10,44,22,,8,6,24,6,25,18,28,9,5,9,11,17,3,10,8,11,19,14,12,10,11,11,47,65,28,23,22,25,68,36,38,35,26,19,62,11,24,6,8,10,7,12,5,7,5,3,9,3,15,39,31,17,28,31,21,21,27,25,15,29,29,34,20,33,20,23,11,6,27,24,3,5,27,33,40,3,8,6,8,16,17,8,3,6,20,5,10,19,25,33,19,14,19,14,17,7,,3,3,4,8,19,5,3,5,,3,15,12,3,6,16,12,9,9,12,3,10,9,6,3,3,3,3,,3,3,6,30,3,13,11,26,27,23,21,,3,,22,,10,12,3,9,6,3,15,3,23,17,15,7,9,7,3,72,21,12,43,6,3,3,3,12,,,,7,,
20260618,12,PM2.5_24h,17,40,41,44,30,30,31,13,11,37,39,34,46,46,15,29,27,19,13,33,23,43,17,16,23,22,32,35,33,17,20,7,28,44,30,9,51,39,32,8,16,17,13,4,19,5,8,13,23,13,27,34,27,6,5,5,7,4,6,6,5,6,7,15,13,23,7,8,7,14,19,20,15,11,28,29,19,17,42,18,35,31,12,20,31,17,34,35,22,14,21,17,27,12,12,31,4,8,13,8,7,6,8,8,9,12,13,7,5,16,16,23,26,48,11,35,23,23,35,21,15,14,18,25,28,19,22,30,31,26,28,17,39,36,26,41,34,10,16,8,11,21,11,16,6,11,25,13,20,8,24,26,19,23,14,25,16,20,9,29,,,,,,,,,,,,,,,,,,,,,,,,,,,,,,29,28,11,20,29,51,13,43,25,15,16,15,17,13,,5,10,21,27,28,20,22,17,7,13,14,19,18,20,12,10,12,11,13,12,14,12,19,23,17,26,23,16,26,23,19,22,13,22,28,7,9,4,5,9,21,22,14,14,7,11,17,12,16,38,27,22,26,29,23,16,23,26,20,37,29,40,23,31,26,25,20,15,35,31,8,27,26,35,29,7,10,12,12,13,18,7,7,8,12,20,10,10,16,20,14,12,20,16,14,7,,4,14,8,11,20,8,6,16,,9,12,9,5,11,11,6,8,11,10,5,11,11,7,4,4,2,10,,3,6,17,25,10,18,15,20,30,30,21,,20,,22,,16,18,9,11,16,9,3,7,23,23,17,34,47,10,6,37,16,11,42,12,6,3,6,16,,,,14,,
20260618,12,PM10,80,49,61,61,68,53,65,39,23,81,51,71,79,94,58,32,19,28,48,26,72,47,35,36,40,67,68,90,80,30,32,11,56,41,45,25,68,48,31,28,28,20,12,18,47,25,18,10,36,19,63,51,32,10,12,13,9,7,11,8,14,10,13,21,17,33,22,15,8,16,32,38,44,32,33,29,47,44,54,29,47,35,17,47,46,48,53,54,42,39,71,40,51,24,22,78,6,8,24,29,15,31,6,23,9,10,11,26,13,41,66,38,63,73,19,18,30,17,51,25,27,10,31,57,70,27,27,53,60,59,47,15,40,42,62,46,,10,18,25,34,31,23,40,14,24,25,23,11,16,12,26,54,26,24,41,16,53,26,47,,,,,,,,,,,,,,,,,,,,,,,,,,,,,,32,48,16,39,66,83,16,75,70,46,22,41,106,43,,9,23,45,24,37,30,39,22,11,21,35,22,9,7,18,26,18,,,27,15,21,47,73,52,37,39,23,59,50,45,40,34,25,,37,42,16,22,27,15,22,18,21,17,16,26,21,29,58,53,44,32,36,52,43,46,52,27,36,51,43,20,39,36,31,28,22,42,35,7,8,41,45,,11,12,15,12,20,35,23,25,20,29,17,16,19,31,42,21,26,25,19,26,13,,9,12,6,9,25,12,13,9,,6,12,18,15,24,19,,9,19,16,14,26,21,15,7,9,12,12,,11,14,15,49,6,17,31,34,55,,42,,21,,35,,20,34,8,25,21,18,,21,45,27,25,40,21,29,17,39,51,76,130,27,31,25,23,47,,,,16,,
20260618,12,PM10_24h,29,59,62,63,61,45,53,21,24,48,60,70,66,74,30,37,35,21,30,44,36,51,19,22,36,32,44,50,38,17,27,10,34,51,48,22,66,43,38,19,26,31,20,15,40,17,11,18,43,15,45,47,40,11,13,10,11,7,12,12,11,11,18,25,22,28,20,16,14,27,32,27,48,32,41,41,33,42,57,26,31,35,15,31,56,39,52,64,39,27,45,37,42,19,18,45,10,13,22,16,14,18,12,11,13,16,19,18,12,38,27,38,65,76,23,47,26,32,46,26,26,19,33,35,47,27,37,53,50,46,52,33,49,48,38,43,29,22,33,17,23,31,13,40,17,20,27,19,26,14,41,38,35,30,29,60,27,52,25,74,,,,,,,,,,,,,,,,,,,,,,,,,,,,,,38,45,19,49,49,67,26,62,67,43,27,31,51,28,,11,28,29,35,33,29,25,23,17,24,18,18,23,22,19,14,16,14,12,21,17,18,31,34,36,46,35,22,27,40,35,26,24,32,33,21,16,13,13,15,26,31,29,26,17,25,29,31,28,52,49,40,43,41,42,32,44,48,29,50,46,49,44,37,37,40,28,27,41,35,15,32,38,42,29,17,26,21,15,15,29,14,17,21,26,33,16,15,17,32,17,26,26,22,19,20,,8,21,12,9,31,15,14,17,,10,13,19,9,27,15,11,11,17,23,10,18,24,17,7,10,13,15,,12,9,22,40,20,26,31,29,65,50,48,,37,,39,,26,28,17,25,26,24,11,16,59,49,28,128,148,26,22,69,39,38,162,28,32,23,35,42,,,,23,,
20260618,12,SO2,3,8,3,9,7,7,4,4,3,4,7,6,2,15,13,7,8,5,6,6,6,7,4,6,7,8,6,8,6,10,7,7,6,6,7,5,7,6,8,6,8,2,4,5,11,5,2,8,7,6,5,6,8,5,5,5,5,5,5,3,4,9,3,4,9,5,9,7,5,5,16,31,7,6,12,10,15,10,7,5,6,7,3,19,11,9,10,11,10,7,9,5,10,9,3,15,5,5,7,5,7,6,5,5,5,6,4,3,5,5,10,11,8,15,9,6,9,8,6,4,4,6,5,7,6,4,9,5,10,11,6,10,8,7,6,9,7,4,3,5,2,8,9,28,4,9,3,6,3,3,5,6,2,6,6,6,5,14,5,4,,,,,,,,,,,,,,,,,,,,,,,,,,,,,,5,5,4,5,5,19,5,10,6,8,9,4,9,6,,7,10,8,7,12,7,5,7,9,12,2,6,7,8,5,7,6,2,9,7,9,7,7,13,6,12,9,5,9,6,6,7,6,5,8,5,12,4,5,7,5,10,4,6,2,6,3,5,10,7,7,7,4,6,7,5,5,9,8,7,7,7,4,7,7,4,5,8,5,8,5,4,7,11,3,7,5,2,5,4,16,10,6,6,6,6,8,10,5,10,7,6,6,8,4,3,,7,6,4,5,3,6,4,3,,4,5,7,9,5,8,1,3,4,9,6,6,5,9,7,6,7,4,,5,3,4,6,5,7,10,12,11,6,9,,5,,9,,4,12,8,10,10,12,6,23,14,6,7,5,5,10,6,4,7,5,5,6,3,7,6,10,,,,4,,
20260618,12,SO2_24h,3,6,3,9,8,5,3,4,3,3,7,6,3,9,9,8,8,5,5,7,6,7,5,6,7,7,6,9,5,9,7,7,6,6,7,5,8,7,7,6,7,3,4,5,9,4,2,8,6,6,5,6,6,5,5,5,5,5,5,2,4,7,3,4,8,5,8,5,6,5,10,20,7,5,7,8,12,8,6,6,6,8,3,12,12,8,10,12,11,7,6,5,7,8,4,10,9,6,6,5,7,6,5,5,5,5,5,3,6,5,8,11,8,8,10,6,8,7,6,5,4,5,5,6,6,4,10,4,9,8,5,8,9,8,5,9,7,5,3,5,2,7,9,17,6,9,3,6,3,3,5,6,3,6,8,11,10,16,5,4,,,,,,,,,,,,,,,,,,,,,,,,,,,,,,6,5,4,5,5,9,5,7,6,9,9,4,11,5,,6,11,8,7,8,6,4,7,10,11,1,5,7,9,5,8,5,4,8,7,10,7,7,10,6,9,8,5,8,7,6,6,5,5,8,5,8,3,4,6,5,10,4,6,2,7,3,5,8,7,6,6,4,7,6,4,5,8,8,7,9,8,5,7,8,4,5,9,6,7,6,5,7,24,3,6,5,2,6,4,13,10,6,6,5,8,8,10,4,8,6,5,6,8,4,3,,6,7,4,6,3,6,4,2,,4,5,7,7,5,8,7,4,4,8,6,7,5,9,7,5,7,4,,4,3,5,7,4,7,7,10,9,7,11,,5,,9,,4,11,8,9,10,14,6,19,10,6,7,6,6,8,5,4,8,5,4,6,3,7,6,7,,,,5,,
20260618,12,NO2,15,13,7,12,8,12,10,9,6,16,10,13,11,19,12,7,7,5,13,18,25,25,16,14,7,16,27,22,38,7,14,6,18,18,40,11,27,17,20,11,38,7,9,8,19,7,12,5,9,13,17,18,4,14,11,6,11,5,13,18,13,10,8,4,17,11,10,8,9,9,13,17,16,8,5,7,16,11,9,7,7,7,8,11,12,7,9,13,11,11,19,7,13,14,9,22,12,16,11,5,6,4,8,5,12,15,12,9,4,11,14,6,13,14,9,8,7,8,12,6,10,3,6,13,15,15,11,8,13,19,14,10,24,12,13,4,15,5,5,7,6,5,10,16,10,10,7,11,6,7,9,11,10,7,14,3,7,21,8,6,,,,,,,,,,,,,,,,,,,,,,,,,,,,,,4,11,8,9,13,12,5,10,17,4,10,6,7,11,,5,8,8,5,10,27,8,3,5,5,5,10,4,5,9,5,11,3,7,8,6,4,30,25,11,12,16,3,23,15,12,11,11,10,9,9,17,3,4,10,4,9,7,4,6,4,7,3,7,13,12,11,5,12,22,7,10,8,9,13,16,12,2,8,6,5,4,3,3,11,4,7,7,4,11,10,6,9,6,11,10,13,7,6,10,10,8,10,10,14,9,16,8,10,5,4,,10,4,12,4,7,8,3,4,,4,8,10,5,6,8,4,3,6,4,6,9,8,9,6,6,4,5,,2,8,4,9,4,16,9,17,8,7,15,,7,,9,,5,10,2,1,2,1,2,1,12,21,16,4,10,10,8,9,8,25,9,6,4,9,6,5,,,,3,,
20260618,12,NO2_24h,20,18,10,14,23,16,16,10,11,20,14,26,9,15,16,16,17,15,19,24,21,24,11,17,13,10,25,24,23,6,12,3,14,22,39,19,21,19,18,9,24,15,13,11,22,12,13,11,17,13,19,23,11,17,14,4,16,5,11,15,9,12,9,6,14,13,9,9,8,9,17,21,16,13,21,12,26,13,13,9,10,17,15,16,21,11,16,22,14,13,18,12,15,15,9,15,13,12,9,8,12,5,12,7,17,13,15,11,7,16,12,9,15,11,19,12,17,16,20,15,12,9,13,17,19,22,12,15,21,13,26,11,16,13,19,7,11,5,6,9,9,11,12,19,14,9,11,9,8,8,17,14,16,10,14,5,12,19,12,7,,,,,,,,,,,,,,,,,,,,,,,,,,,,,,8,14,10,13,13,8,5,12,34,9,14,7,12,19,,7,6,12,9,17,11,14,12,9,12,10,10,9,13,11,7,8,9,10,18,13,7,18,13,9,14,14,7,14,16,9,10,11,14,12,11,11,5,5,16,10,9,7,5,6,5,8,5,6,18,16,14,17,20,13,10,14,12,9,14,20,11,11,9,10,12,5,6,7,12,6,8,9,5,7,17,16,10,12,11,10,10,5,10,9,18,10,7,11,22,6,19,13,10,5,6,,12,12,11,4,8,8,4,8,,5,6,12,6,7,7,4,4,7,6,8,9,10,10,5,3,4,8,,2,7,8,12,7,12,8,11,12,8,19,,9,,7,,8,13,5,1,9,3,12,3,12,14,13,7,7,14,9,25,4,10,7,10,4,9,9,8,,,,6,,
20260618,12,O3,147,159,161,120,165,177,158,144,135,179,160,176,174,167,160,137,98,109,111,99,86,110,86,75,89,67,117,140,48,73,49,68,50,111,83,107,58,168,140,99,54,92,57,62,141,92,59,61,130,78,160,108,86,52,40,51,49,50,42,41,47,50,44,74,39,83,42,57,134,82,124,85,120,101,74,79,134,135,133,107,146,141,69,81,157,152,171,165,97,125,146,107,135,77,107,214,46,33,73,59,49,42,44,57,53,44,38,41,57,135,158,162,160,140,124,123,118,114,157,95,116,101,132,172,176,79,84,159,142,133,142,91,55,82,133,125,81,46,70,63,85,81,60,78,58,61,74,53,66,56,88,83,103,80,72,107,115,107,101,107,,,,,,,,,,,,,,,,,,,,,,,,,,,,,,105,113,49,148,114,180,112,173,138,125,137,100,114,163,,131,114,145,118,128,117,122,119,110,109,108,114,101,96,88,91,80,111,98,126,122,90,32,55,88,139,82,70,64,107,64,136,119,120,171,80,57,54,52,82,52,64,55,36,51,56,75,49,59,131,134,121,153,147,70,127,138,108,99,84,111,77,107,112,97,115,64,71,81,107,51,46,81,79,45,41,47,51,52,54,54,37,42,47,42,79,64,53,90,90,62,45,100,61,76,84,,48,63,37,43,66,62,45,50,,39,47,65,56,53,49,44,50,52,52,55,40,44,69,104,120,128,135,,133,63,81,141,98,116,120,52,84,93,81,,113,,78,,102,120,112,125,107,94,117,113,126,84,70,120,93,99,104,111,109,78,88,104,80,110,111,77,,,,57,,
20260618,12,O3_24h,147,159,161,120,165,177,158,144,135,179,160,176,174,167,160,137,98,109,111,99,86,110,86,75,89,67,117,140,48,73,49,68,50,111,83,107,58,168,140,99,54,92,57,62,141,92,59,61,130,78,160,108,86,52,40,51,49,50,42,41,47,50,44,74,39,83,42,57,134,82,124,85,120,101,74,79,134,135,133,107,146,141,69,81,157,152,171,165,97,125,146,107,135,77,107,214,46,33,73,59,49,42,44,57,53,44,38,41,57,135,158,162,160,140,124,123,118,114,157,95,116,101,132,172,176,79,84,159,142,133,142,91,55,82,133,125,81,46,70,63,85,81,60,78,58,61,74,53,66,56,88,83,103,80,72,107,115,107,101,107,,,,,,,,,,,,,,,,,,,,,,,,,,,,,,105,113,49,148,114,180,112,173,138,125,137,100,114,163,,131,114,145,118,128,117,122,119,110,109,108,114,101,96,88,91,80,111,98,126,122,90,32,55,88,139,82,70,64,107,64,136,119,120,171,80,57,54,52,82,52,64,55,36,51,56,75,49,59,131,134,121,153,147,70,127,138,108,99,84,111,77,107,112,97,115,64,71,81,107,51,46,81,79,45,41,47,51,52,54,54,37,42,47,42,79,64,53,90,90,62,45,100,61,76,84,,48,63,37,43,66,62,45,50,,39,47,65,56,53,49,44,50,52,52,55,40,44,69,104,120,128,135,,133,63,81,141,98,116,120,52,84,93,81,,113,,78,,102,120,112,125,107,94,117,113,126,84,70,120,93,99,104,111,109,78,88,104,80,110,111,77,,,,57,,
20260618,12,O3_8h,65,109,107,90,93,112,96,79,61,84,93,99,125,125,113,78,74,78,65,69,45,62,69,43,52,42,52,59,29,56,41,77,37,61,42,43,67,108,92,44,39,48,51,23,84,44,34,45,98,70,98,77,71,35,30,52,30,47,41,32,44,31,42,65,45,50,42,45,124,79,69,50,91,76,52,64,85,107,88,54,111,103,44,49,97,93,92,104,58,84,64,74,89,73,90,89,35,30,54,63,27,42,28,64,32,26,24,24,46,78,104,130,125,106,67,80,69,60,86,64,93,78,76,108,84,50,88,106,96,114,71,86,59,84,81,95,59,35,52,34,79,38,50,27,48,57,48,56,63,42,76,51,44,49,71,96,87,96,70,95,,,,,,,,,,,,,,,,,,,,,,,,,,,,,,74,69,28,121,100,135,113,127,64,116,96,74,96,92,,99,125,93,86,79,74,88,83,70,65,78,79,82,77,66,66,64,77,75,71,79,52,49,60,75,91,84,34,38,64,60,102,67,75,97,42,29,33,33,37,34,61,39,36,41,47,55,36,52,98,95,91,90,91,74,74,97,98,102,72,86,85,90,82,66,82,79,52,73,86,38,46,49,58,41,23,50,46,28,37,38,36,35,31,20,37,53,52,47,30,73,30,36,59,44,41,,34,41,35,49,74,43,47,31,,33,37,59,43,35,34,42,44,43,21,41,27,28,32,91,118,116,103,,143,48,62,121,66,104,96,44,63,85,52,,110,,56,,84,70,68,90,71,60,74,86,96,94,60,99,98,72,64,63,110,98,92,88,55,90,92,61,,,,47,,
20260618,12,O3_8h_24h,65,109,107,90,93,112,96,79,61,84,93,99,125,125,102,78,74,78,65,67,45,62,69,43,52,42,52,59,29,56,41,73,34,61,42,43,43,108,92,44,39,48,50,23,84,44,34,43,98,70,94,74,68,35,28,50,30,47,41,32,40,31,41,65,40,50,37,45,122,76,68,50,82,73,51,62,85,104,88,54,111,103,44,49,97,93,92,104,57,84,64,74,89,73,90,89,35,27,54,63,27,40,28,64,32,26,24,24,46,78,104,127,125,103,67,80,69,60,96,64,93,78,76,108,84,49,76,106,96,109,71,86,44,78,81,92,54,32,50,34,79,38,49,27,47,55,48,56,56,42,76,46,44,49,70,96,87,93,68,95,,,,,,,,,,,,,,,,,,,,,,,,,,,,,,70,69,28,120,97,135,110,125,64,116,96,74,93,92,,99,119,93,86,79,74,89,83,70,65,78,79,82,77,66,66,64,77,75,71,79,52,36,51,71,91,78,34,34,64,46,102,67,75,97,42,29,33,33,37,34,50,38,27,41,46,49,36,45,98,91,91,90,91,62,74,96,98,99,72,86,83,90,82,66,82,77,52,73,76,37,46,49,55,40,23,50,45,28,36,38,35,32,31,20,37,53,47,47,30,65,30,36,56,44,41,,32,41,29,46,71,43,42,29,,33,37,58,43,35,34,41,44,41,21,41,27,28,32,88,118,116,103,,132,47,62,121,66,103,96,43,63,81,52,,103,,56,,81,70,68,90,71,60,74,86,90,92,60,99,85,72,64,63,106,85,87,88,55,90,92,61,,,,47,,
20260618,12,CO,0.69,0.76,0.56,0.68,0.50,0.45,0.49,0.43,0.40,0.70,0.42,0.45,0.60,0.98,0.68,0.72,0.64,0.42,0.57,0.47,0.72,0.94,0.68,0.43,0.38,1.06,0.83,1.06,1.18,0.57,0.82,0.38,0.63,0.75,0.57,0.43,0.71,0.67,0.57,0.50,0.65,0.53,0.40,0.45,0.86,0.35,0.33,0.55,0.34,0.40,0.62,0.90,0.48,0.42,0.51,0.63,0.43,0.30,0.43,0.50,0.67,0.40,0.57,0.35,0.57,0.57,0.50,0.46,0.22,0.58,1.03,0.80,0.34,0.28,0.34,0.65,0.57,0.58,0.76,0.50,0.40,0.63,0.47,0.34,0.56,0.40,0.45,0.62,0.38,0.42,0.82,0.45,0.32,0.66,0.27,0.82,0.60,0.82,0.47,0.60,0.50,0.50,0.75,0.53,0.40,0.60,0.47,0.60,0.37,0.30,0.67,0.60,0.77,0.90,0.48,0.85,0.70,0.88,0.67,0.52,0.45,0.33,0.40,0.67,0.87,0.58,0.44,0.40,0.60,0.60,0.78,0.42,0.57,0.60,0.78,0.93,0.75,0.43,0.50,0.67,0.40,0.60,0.63,1.68,0.47,0.33,0.60,0.30,0.72,0.47,0.37,0.60,0.55,0.56,0.50,0.20,0.50,0.88,0.50,0.15,,,,,,,,,,,,,,,,,,,,,,,,,,,,,,0.55,0.70,0.45,0.50,0.50,0.80,0.50,0.97,0.70,0.30,0.40,0.40,0.55,0.67,,0.30,0.45,0.80,0.63,0.75,0.77,0.65,0.50,0.55,0.55,0.35,0.30,0.33,0.27,0.20,0.40,0.50,0.30,0.50,0.30,0.40,0.25,0.48,0.58,0.45,0.65,0.83,0.45,0.80,0.68,0.37,0.63,0.37,0.70,0.47,0.43,1.57,0.35,0.40,1.00,0.63,0.65,0.68,0.35,0.32,0.40,0.60,0.50,0.55,0.58,0.53,0.45,0.50,0.52,0.80,0.43,0.37,0.50,0.70,0.72,0.83,0.73,0.60,0.67,0.80,0.60,0.55,0.76,0.60,1.10,0.50,0.60,0.60,0.45,0.60,0.40,0.57,0.63,0.55,0.47,0.60,0.43,0.80,0.80,0.70,0.73,0.50,0.53,0.65,0.65,0.47,0.35,0.60,0.70,0.30,0.30,,0.30,0.55,0.53,0.47,0.55,0.60,0.35,0.50,,0.55,0.50,0.50,0.45,0.65,0.60,,0.20,0.20,0.70,0.35,0.40,0.35,0.35,0.40,0.20,0.40,0.30,,0.30,0.40,0.43,0.43,0.40,0.80,0.35,0.50,0.30,0.50,0.60,,0.35,,0.45,,0.25,0.60,0.40,0.20,0.40,0.30,0.10,0.40,0.60,0.45,0.30,0.45,,0.20,0.25,0.65,0.25,0.55,0.30,0.40,0.30,0.20,0.25,0.30,,,,0.35,,
20260618,12,CO_24h,0.45,0.72,0.48,0.70,0.65,0.30,0.36,0.27,0.30,0.47,0.55,0.42,0.45,0.70,0.60,0.90,0.68,0.50,0.49,0.53,0.52,0.88,0.63,0.47,0.34,0.66,0.76,0.83,0.62,0.55,0.78,0.36,0.50,0.74,0.61,0.47,0.60,0.60,0.55,0.43,0.65,0.57,0.50,0.45,0.72,0.35,0.28,0.68,0.36,0.41,0.51,0.79,0.56,0.42,0.47,0.53,0.47,0.30,0.47,0.43,0.53,0.40,0.64,0.35,0.51,0.59,0.50,0.45,0.25,0.55,0.77,0.70,0.40,0.34,0.47,0.70,0.53,0.52,0.68,0.53,0.33,0.63,0.53,0.34,0.60,0.33,0.58,0.65,0.40,0.37,0.60,0.40,0.28,0.52,0.27,0.58,0.63,0.72,0.43,0.53,0.65,0.50,0.70,0.53,0.40,0.60,0.50,0.55,0.40,0.20,0.50,0.57,0.70,0.78,0.48,0.88,0.70,0.88,0.72,0.57,0.46,0.40,0.48,0.55,0.63,0.58,0.50,0.38,0.58,0.47,0.65,0.38,0.57,0.53,0.70,0.90,0.70,0.47,0.57,0.69,0.40,0.60,0.60,1.52,0.43,0.33,0.63,0.25,0.72,0.43,0.47,0.60,0.50,0.58,0.50,0.20,0.60,0.70,0.30,0.15,,,,,,,,,,,,,,,,,,,,,,,,,,,,,,0.60,0.60,0.45,0.47,0.47,0.70,0.50,0.70,0.53,0.33,0.43,0.30,0.60,0.55,,0.20,0.45,0.63,0.73,0.70,0.77,0.40,0.60,0.60,0.60,0.40,0.40,0.37,0.37,0.23,0.47,0.45,0.35,0.47,0.40,0.50,0.25,0.37,0.38,0.40,0.65,0.72,0.45,0.50,0.50,0.27,0.45,0.27,0.73,0.30,0.53,1.00,0.35,0.40,0.90,0.70,0.67,0.60,0.55,0.26,0.30,0.73,0.63,0.60,0.52,0.42,0.45,0.45,0.46,0.63,0.27,0.40,0.50,0.67,0.80,0.67,0.82,0.60,0.60,0.80,0.63,0.55,0.75,0.50,0.90,0.55,0.70,0.60,0.60,0.45,0.30,0.67,0.68,0.63,0.40,0.50,0.43,0.80,0.75,0.50,0.73,0.60,0.47,0.65,0.65,0.38,0.32,0.60,0.65,0.35,0.30,,0.25,0.65,0.47,0.40,0.50,0.60,0.30,0.50,,0.55,0.40,0.50,0.40,0.60,0.60,0.60,0.20,0.30,0.65,0.35,0.35,0.55,0.35,0.45,0.20,0.40,0.40,,0.25,0.35,0.50,0.47,0.40,0.80,0.35,0.45,0.30,0.45,0.60,,0.45,,0.30,,0.30,0.60,0.40,0.20,0.50,0.40,0.20,0.50,0.47,0.40,0.35,0.50,0.10,0.20,0.25,0.80,0.15,0.35,0.25,0.45,0.30,0.10,0.30,0.25,,,,0.40,,
20260618,13,AQI,66,64,65,58,52,85,71,48,43,103,60,94,98,84,66,44,33,36,40,33,86,61,40,31,36,66,56,74,99,29,33,20,61,58,44,32,55,69,55,35,28,31,21,23,49,32,21,21,44,26,70,53,31,17,13,16,15,14,13,15,14,17,15,24,19,34,20,19,42,27,45,33,43,35,31,30,49,55,47,38,46,49,20,51,69,55,75,73,38,40,61,39,52,25,32,115,17,11,26,30,15,14,15,24,18,14,12,15,18,46,60,48,61,81,40,40,38,38,54,33,34,32,41,88,84,30,31,49,55,57,54,28,46,44,56,63,58,18,23,20,28,29,30,30,19,37,27,23,23,20,27,30,39,30,29,29,38,52,36,36,,,,,,,,,,,,,,,,,,,,,,,,,,,,,,42,51,17,48,55,93,35,88,53,40,43,31,73,61,,41,37,49,38,43,38,39,39,35,35,35,35,33,32,31,31,29,34,32,39,40,30,75,81,46,48,29,21,99,50,51,49,42,38,84,27,44,26,17,30,16,23,20,15,17,19,27,17,26,55,51,45,48,48,52,44,51,50,29,40,46,51,30,54,33,34,23,20,32,41,17,16,44,41,58,13,15,16,17,37,35,24,26,20,20,28,19,23,33,49,33,28,35,23,28,29,,18,23,16,15,27,21,16,18,,15,21,21,18,26,16,14,16,20,19,18,21,16,22,36,39,40,43,,42,25,27,48,29,36,38,39,46,30,41,,35,,40,,33,42,36,39,34,31,38,36,47,32,27,39,27,34,37,83,43,65,88,35,28,35,39,56,,,,18,,
20260618,13,PM2.5,44,30,47,41,30,26,41,24,17,48,31,32,50,41,26,9,10,11,15,20,64,44,28,20,18,48,39,54,74,20,23,7,44,41,25,8,39,37,27,12,16,8,7,5,19,11,11,3,16,11,34,37,20,7,6,7,6,5,6,4,3,4,3,11,10,24,5,7,5,15,16,20,15,13,12,21,21,18,28,24,31,34,9,30,13,18,18,26,17,16,22,12,31,13,9,35,3,4,15,11,3,9,5,17,8,3,4,3,3,18,32,26,25,60,5,10,9,5,23,17,13,6,18,44,44,16,19,26,32,39,38,12,32,31,33,45,41,3,12,3,13,14,21,11,6,21,13,16,3,8,8,19,21,7,20,13,6,23,7,3,,,,,,,,,,,,,,,,,,,,,,,,,,,,,,27,36,3,17,27,48,7,52,22,14,12,20,38,22,,5,3,21,6,16,13,22,3,3,8,14,14,3,11,9,9,15,16,8,11,11,10,55,60,26,29,17,13,74,35,36,34,24,18,62,9,23,8,9,10,5,13,5,4,4,4,11,3,8,39,34,25,28,18,28,24,34,23,17,28,25,36,19,38,20,21,12,5,16,29,3,7,29,29,41,3,9,8,8,26,20,4,9,3,12,4,12,16,17,25,23,15,20,16,10,6,,3,5,3,6,16,14,7,5,,3,15,14,5,7,9,9,6,5,11,3,7,3,3,3,3,3,3,,3,3,6,29,3,15,8,27,20,15,19,,6,,26,,5,10,3,9,3,3,15,7,16,9,16,15,10,9,3,61,18,7,41,5,3,3,3,18,,,,7,,
20260618,13,PM2.5_24h,18,40,41,45,30,31,32,14,11,39,39,34,46,47,16,29,27,19,13,33,25,44,18,17,23,24,33,36,35,17,21,7,29,44,30,9,51,39,33,8,17,16,12,4,20,5,8,13,23,13,28,34,27,6,5,5,7,4,6,6,5,6,7,15,12,23,7,8,7,13,19,20,15,11,27,29,20,17,42,19,36,31,12,21,31,18,34,35,22,15,21,17,27,12,12,32,4,8,13,8,7,6,8,9,9,11,12,6,5,17,17,23,27,49,12,34,22,23,36,21,15,13,18,26,29,19,22,30,32,27,29,17,38,36,27,42,34,9,16,7,11,20,12,16,6,11,24,13,20,8,23,25,20,22,14,24,16,20,9,28,,,,,,,,,,,,,,,,,,,,,,,,,,,,,,29,28,10,20,29,51,12,43,25,15,16,15,19,14,,5,9,22,26,28,19,23,17,7,13,14,20,18,20,11,10,13,11,13,11,14,12,21,25,18,27,23,16,29,24,20,23,14,22,30,8,9,4,5,8,20,21,13,13,6,10,16,11,16,38,27,22,26,28,23,17,24,26,20,37,29,40,23,32,26,25,20,14,35,31,7,26,27,35,30,7,10,12,12,14,18,7,7,8,12,18,10,11,16,21,14,12,20,15,14,7,,4,13,7,10,20,8,6,15,,9,12,9,5,11,11,6,8,11,10,5,11,11,7,4,4,2,10,,3,6,16,25,8,17,14,20,29,29,21,,19,,22,,15,17,9,11,16,9,4,7,23,22,17,34,44,10,6,39,16,10,41,11,6,3,6,15,,,,14,,
20260618,13,PM10,81,50,65,63,53,37,73,47,30,70,49,63,77,74,49,27,19,23,40,26,74,49,33,31,36,69,62,74,72,24,33,13,50,38,44,23,52,44,31,28,28,17,13,19,39,20,16,9,38,20,55,51,31,10,11,13,12,11,12,7,8,7,7,21,19,33,20,13,8,23,30,31,43,31,31,28,43,60,46,32,45,33,20,52,45,54,48,48,38,37,71,37,54,20,17,70,6,7,25,30,8,7,6,19,12,7,9,9,14,41,70,35,60,90,14,16,24,16,43,21,26,8,29,55,75,22,29,42,52,64,46,12,36,44,61,,,18,23,20,28,27,25,30,18,37,23,23,10,12,19,21,39,18,26,27,19,53,29,36,,,,,,,,,,,,,,,,,,,,,,,,,,,,,,42,46,9,38,60,76,18,74,54,39,28,29,96,42,,,22,49,24,31,30,38,22,16,13,28,24,17,14,25,31,13,,10,18,18,18,,68,46,48,29,21,62,49,44,44,36,27,,27,44,26,16,27,9,20,16,15,17,19,27,17,26,57,52,45,33,29,54,36,51,50,23,37,46,44,29,41,25,29,23,16,32,36,6,9,44,39,,6,15,16,9,26,35,24,26,20,,16,19,,28,49,23,28,24,20,12,14,,9,12,8,10,27,14,13,10,,,10,18,12,26,15,11,7,20,18,8,21,12,15,7,8,8,11,,9,10,16,48,6,20,18,38,46,,41,,19,,40,,17,30,7,17,13,20,,20,47,12,22,39,22,23,17,33,43,80,125,23,22,23,17,61,,,,13,,
20260618,13,PM10_24h,33,60,63,65,61,45,54,22,25,51,60,70,66,74,32,38,34,21,31,44,38,52,20,22,36,34,45,52,40,18,28,10,35,50,49,22,67,43,38,19,26,30,20,15,41,17,11,17,43,15,46,48,39,11,13,10,10,7,12,12,11,11,17,25,22,28,20,16,13,25,32,27,48,32,41,41,34,44,57,25,32,36,15,32,56,40,52,64,39,27,47,37,43,19,18,46,10,12,23,17,14,18,12,12,13,16,19,17,12,38,30,39,67,77,22,45,26,31,46,26,27,18,33,36,49,27,36,54,51,47,52,31,48,47,38,43,29,21,33,17,24,31,14,40,18,21,26,19,26,14,40,37,35,28,28,58,26,52,25,73,,,,,,,,,,,,,,,,,,,,,,,,,,,,,,38,46,19,49,50,68,25,63,67,43,28,31,55,29,,10,28,31,33,33,29,26,23,16,23,19,19,23,21,19,14,16,14,11,21,17,18,32,35,37,46,34,23,29,42,36,26,25,32,34,21,17,14,13,15,26,31,28,26,16,24,28,30,28,52,49,41,43,41,43,33,45,49,29,49,47,48,44,37,36,40,28,26,40,36,13,31,38,42,29,16,26,20,15,16,29,14,17,21,26,32,17,15,18,32,17,26,26,21,19,20,,8,20,12,9,31,14,13,16,,9,13,19,9,27,15,11,11,17,23,10,17,23,17,7,10,13,15,,12,9,21,40,17,25,31,29,60,46,48,,36,,39,,26,28,17,24,25,24,11,16,59,48,28,127,140,25,22,69,39,40,157,27,31,23,34,43,,,,23,,
20260618,13,SO2,4,7,3,9,7,6,3,4,3,3,7,6,2,13,13,7,8,5,5,6,5,7,4,7,8,8,7,8,7,10,7,7,6,6,6,5,6,6,7,6,7,2,4,4,10,5,2,8,7,6,5,6,8,5,5,5,5,5,5,3,4,7,3,4,10,5,9,5,5,5,13,28,7,6,14,9,15,10,7,5,6,7,2,20,11,8,9,11,9,7,9,6,10,9,4,14,6,5,8,5,6,6,5,5,5,5,4,3,5,4,8,11,8,23,8,6,9,8,5,5,4,6,5,7,6,3,9,3,9,11,6,10,8,7,5,8,7,4,3,5,2,8,9,24,4,9,4,6,3,3,5,6,3,6,6,9,5,14,5,4,,,,,,,,,,,,,,,,,,,,,,,,,,,,,,5,5,4,4,5,17,5,11,5,9,8,5,10,6,,7,10,8,7,12,6,5,7,8,11,2,5,7,8,5,7,6,3,9,6,9,7,8,13,7,12,16,4,9,6,6,7,6,6,7,5,9,3,5,6,4,11,5,6,2,6,3,4,7,7,6,7,3,6,6,5,5,8,8,7,6,7,4,9,7,3,5,8,6,8,5,4,7,7,3,6,6,2,5,2,13,10,5,6,6,6,8,10,5,10,7,7,6,8,4,3,,6,6,4,5,3,6,4,2,,5,5,6,9,5,8,1,3,4,8,6,6,5,8,7,5,7,4,,5,4,4,6,5,7,5,10,11,6,11,,5,,9,,4,12,,9,10,12,6,23,10,6,7,6,6,12,6,4,6,5,5,6,3,7,6,10,,,,4,,
20260618,13,SO2_24h,3,6,3,9,7,5,3,4,3,3,7,6,3,9,9,8,8,5,5,7,6,7,4,6,7,7,6,9,5,9,7,7,6,6,7,5,8,7,7,6,7,3,4,5,9,4,3,8,6,6,5,6,6,5,5,5,5,5,5,3,4,6,3,4,8,5,8,5,6,5,10,21,7,5,7,8,13,8,6,6,6,8,3,12,12,8,10,12,11,7,6,5,7,8,4,10,9,6,6,5,7,6,5,5,5,5,5,3,6,5,8,11,8,9,10,6,8,7,6,5,4,5,5,6,6,4,10,4,9,8,6,8,9,8,5,9,7,5,3,5,2,7,9,17,6,9,3,6,3,3,4,6,3,6,8,10,9,16,5,4,,,,,,,,,,,,,,,,,,,,,,,,,,,,,,6,5,4,5,5,10,5,7,6,9,9,4,11,5,,6,11,8,7,8,6,4,7,10,11,1,5,7,8,5,8,5,4,8,7,10,7,7,10,6,10,8,5,8,7,6,6,5,5,8,5,8,3,4,6,5,10,4,6,2,7,3,5,8,7,6,6,4,7,6,4,5,8,8,7,9,8,5,7,8,4,5,9,6,7,6,5,7,24,3,6,5,2,6,4,13,10,6,6,5,8,8,10,4,8,6,5,6,8,4,3,,6,7,4,6,3,6,4,2,,4,5,7,7,5,8,7,4,4,8,6,7,5,9,7,5,7,4,,4,3,4,7,4,7,6,10,9,6,11,,5,,9,,4,11,8,9,10,14,6,19,9,6,7,6,6,8,5,4,8,5,4,6,3,7,6,8,,,,5,,
20260618,13,NO2,12,12,7,11,8,8,11,8,7,11,8,9,10,14,10,6,8,5,12,16,24,23,14,15,5,12,20,16,32,6,15,6,13,18,41,9,21,16,17,10,24,5,8,6,12,7,11,4,8,9,13,18,3,14,12,6,13,9,14,12,11,9,7,4,14,9,10,7,8,9,8,15,13,6,4,6,12,11,7,7,6,7,8,12,9,7,7,11,7,11,15,7,11,12,7,24,12,10,10,6,6,4,7,6,13,11,11,6,4,11,12,8,11,11,8,8,7,6,9,5,10,4,7,12,15,14,10,5,9,16,13,11,21,12,10,4,12,4,4,5,4,4,9,9,10,8,5,8,4,6,10,10,7,5,13,4,7,20,6,5,,,,,,,,,,,,,,,,,,,,,,,,,,,,,,4,9,4,7,10,10,4,11,12,3,9,5,6,10,,5,7,7,6,9,6,6,2,5,6,5,10,4,4,7,5,8,2,6,6,7,3,27,21,9,16,8,3,21,14,8,10,8,9,8,7,12,4,3,9,5,8,5,3,4,4,7,3,5,10,10,9,4,9,20,6,10,7,9,13,13,14,1,9,5,6,5,2,2,9,4,5,6,3,9,11,7,8,7,9,9,11,6,5,6,8,9,6,6,10,9,16,8,9,3,6,,7,4,10,4,5,7,4,2,,4,7,9,5,4,6,4,3,4,4,5,6,7,6,6,5,3,7,,3,5,4,8,4,17,6,14,7,7,10,,8,,8,,5,7,1,1,2,1,2,1,8,10,12,4,12,8,7,6,6,7,8,6,2,13,3,3,,,,2,,
20260618,13,NO2_24h,20,18,10,15,23,16,16,10,11,21,14,26,9,15,16,16,17,15,19,24,21,25,11,17,13,11,26,24,23,6,12,3,15,22,40,19,21,19,18,9,24,15,13,11,22,12,13,11,17,13,19,24,11,17,14,4,16,6,11,16,10,12,9,5,14,13,9,9,8,9,17,20,16,13,21,12,27,13,13,9,10,17,15,16,21,11,16,22,14,13,19,12,16,15,9,16,13,12,9,8,12,5,12,7,16,13,15,11,7,16,12,9,16,11,19,12,16,16,20,14,12,9,13,17,19,22,12,15,21,13,26,12,16,13,20,7,11,5,6,9,9,11,12,19,14,9,11,9,8,8,17,14,16,9,14,5,12,19,12,7,,,,,,,,,,,,,,,,,,,,,,,,,,,,,,8,14,10,13,13,8,5,12,33,9,14,7,12,19,,6,6,12,9,17,11,14,12,9,12,10,10,8,13,11,7,8,9,10,18,13,7,19,14,9,14,14,8,14,16,9,10,11,14,12,11,11,5,5,15,10,9,7,5,6,5,8,5,6,18,16,14,17,20,13,10,15,12,8,15,20,12,11,9,10,12,5,6,7,12,6,8,9,5,7,17,15,10,12,11,10,10,6,10,9,17,10,7,11,22,7,18,13,10,5,6,,12,11,11,4,8,8,4,8,,5,6,12,6,7,7,4,4,7,6,8,9,10,10,5,3,4,8,,2,7,8,12,6,12,8,11,12,8,19,,9,,7,,8,12,5,1,9,3,12,3,12,14,14,7,7,14,9,25,4,10,7,10,4,9,9,8,,,,5,,
20260618,13,O3,166,171,171,123,161,188,177,152,136,206,168,195,198,187,173,141,106,116,113,106,110,135,93,85,100,93,151,167,90,82,51,65,66,127,77,101,67,175,164,113,61,100,66,75,156,102,66,67,141,84,176,118,94,54,40,50,48,45,43,49,44,53,49,77,44,100,38,61,134,85,144,107,131,111,73,84,158,153,151,120,148,146,60,96,175,164,180,178,116,128,165,125,153,79,101,229,54,35,82,60,47,45,47,54,59,44,39,47,58,146,147,155,169,153,127,127,120,120,163,105,109,101,132,190,187,96,99,158,164,146,163,91,53,79,139,125,89,51,73,53,84,92,73,91,62,69,85,54,73,63,86,96,103,97,82,93,120,119,115,112,,,,,,,,,,,,,,,,,,,,,,,,,,,,,,108,134,54,155,125,194,113,190,162,128,139,98,123,169,,131,119,154,123,136,121,126,125,113,113,111,112,106,101,98,82,92,109,103,124,127,95,54,78,112,146,86,66,78,120,81,146,133,122,173,81,66,58,55,95,51,75,65,43,55,62,69,51,71,140,149,131,154,155,83,141,156,112,93,79,104,74,96,122,106,108,67,65,65,123,53,50,76,82,51,43,44,50,54,56,74,43,54,50,63,88,59,66,107,115,61,46,112,74,90,92,,57,72,50,48,57,68,50,57,,47,49,68,58,62,52,45,51,53,60,58,54,52,70,114,126,127,139,,134,79,87,144,94,115,122,57,90,96,92,,111,,89,,106,135,114,125,110,100,123,115,124,103,86,123,85,110,118,124,116,100,89,113,90,113,125,77,,,,57,,
20260618,13,O3_24h,166,171,171,123,161,188,177,152,136,206,168,195,198,187,173,141,106,116,113,106,110,135,93,85,100,93,151,167,90,82,51,65,66,127,77,101,67,175,164,113,61,100,66,75,156,102,66,67,141,84,176,118,94,54,40,50,48,45,43,49,44,53,49,77,44,100,38,61,134,85,144,107,131,111,73,84,158,153,151,120,148,146,60,96,175,164,180,178,116,128,165,125,153,79,101,229,54,35,82,60,47,45,47,54,59,44,39,47,58,146,147,155,169,153,127,127,120,120,163,105,109,101,132,190,187,96,99,158,164,146,163,91,53,79,139,125,89,51,73,53,84,92,73,91,62,69,85,54,73,63,86,96,103,97,82,93,120,119,115,112,,,,,,,,,,,,,,,,,,,,,,,,,,,,,,108,134,54,155,125,194,113,190,162,128,139,98,123,169,,131,119,154,123,136,121,126,125,113,113,111,112,106,101,98,82,92,109,103,124,127,95,54,78,112,146,86,66,78,120,81,146,133,122,173,81,66,58,55,95,51,75,65,43,55,62,69,51,71,140,149,131,154,155,83,141,156,112,93,79,104,74,96,122,106,108,67,65,65,123,53,50,76,82,51,43,44,50,54,56,74,43,54,50,63,88,59,66,107,115,61,46,112,74,90,92,,57,72,50,48,57,68,50,57,,47,49,68,58,62,52,45,51,53,60,58,54,52,70,114,126,127,139,,134,79,87,144,94,115,122,57,90,96,92,,111,,89,,106,135,114,125,110,100,123,115,124,103,86,123,85,110,118,124,116,100,89,113,90,113,125,77,,,,57,,
20260618,13,O3_8h,83,120,119,99,110,125,112,93,76,103,105,115,134,135,122,92,83,89,75,75,56,75,73,51,60,50,68,77,38,60,44,77,39,70,50,55,68,121,104,54,44,56,53,33,97,54,40,47,106,73,104,85,75,39,31,52,34,47,42,36,44,34,42,68,45,59,42,47,124,80,77,58,91,82,56,68,97,111,100,65,120,111,47,58,111,105,108,120,66,92,83,83,99,74,92,113,37,31,58,63,33,42,31,64,37,29,27,28,48,88,113,132,132,115,81,93,82,75,98,70,99,85,86,121,102,55,89,115,107,116,86,87,59,84,91,97,62,36,54,37,79,47,52,39,49,57,52,56,67,45,80,56,54,59,71,98,91,98,74,97,,,,,,,,,,,,,,,,,,,,,,,,,,,,,,79,78,33,125,104,144,113,133,79,117,105,78,99,109,,106,125,109,95,90,85,90,98,80,76,85,85,90,83,77,69,72,84,81,83,88,61,49,60,76,103,85,42,41,72,60,109,77,85,111,50,35,38,38,46,38,61,43,36,43,49,55,38,52,106,99,97,102,100,74,85,104,99,102,76,89,85,93,87,71,89,79,55,74,86,39,48,53,62,45,27,52,47,32,40,42,36,35,35,26,45,55,52,55,43,73,31,48,60,51,52,,36,45,36,49,74,47,47,34,,34,39,59,45,39,36,42,45,43,27,44,31,33,39,93,120,117,107,,143,50,67,126,73,104,106,46,70,85,59,,110,,61,,85,80,77,96,78,66,82,90,96,94,62,102,98,77,72,74,110,98,92,91,60,92,96,64,,,,48,,
20260618,13,O3_8h_24h,83,120,119,99,110,125,112,93,76,103,105,115,134,135,113,92,83,87,75,75,56,75,73,51,60,50,68,77,38,60,44,71,39,70,50,55,45,121,104,54,44,56,53,33,97,54,40,46,106,73,104,83,72,38,30,51,34,47,42,36,41,34,42,68,40,59,36,47,124,77,77,58,88,79,56,66,97,109,100,65,120,111,47,58,111,105,108,120,66,92,83,83,99,74,92,113,37,29,58,63,33,41,31,63,37,29,27,28,48,88,113,131,132,114,81,93,82,75,112,70,99,85,86,121,102,55,79,115,107,113,86,87,44,78,91,96,59,34,54,37,79,47,51,39,49,56,52,55,58,45,80,54,54,59,70,98,91,96,74,97,,,,,,,,,,,,,,,,,,,,,,,,,,,,,,75,78,33,125,102,144,110,133,79,117,105,78,99,109,,106,119,109,95,90,85,97,98,80,76,85,85,90,83,77,69,72,84,81,83,88,61,36,54,75,103,78,42,41,72,49,109,77,85,111,50,35,38,38,46,38,53,43,28,43,49,52,38,47,106,98,97,102,100,66,85,104,99,97,76,89,81,93,87,71,89,74,55,74,80,39,48,53,62,42,27,51,47,32,39,42,36,35,35,26,45,55,50,55,43,63,31,48,59,51,52,,36,45,31,46,68,47,43,34,,34,39,58,45,39,36,41,45,43,27,44,31,33,39,93,120,117,107,,132,50,67,126,73,103,106,45,70,81,59,,104,,61,,84,80,77,96,78,66,82,90,91,92,62,102,84,77,72,74,107,84,87,91,60,92,96,64,,,,48,,
20260618,13,CO,0.69,0.71,0.54,0.63,0.40,0.35,0.52,0.43,0.40,0.63,0.38,0.48,0.73,0.88,0.68,0.69,0.61,0.43,0.52,0.45,0.76,1.00,0.67,0.46,0.34,1.02,0.84,1.03,1.14,0.57,0.82,0.40,0.47,0.77,0.56,0.43,0.67,0.60,0.57,0.43,0.55,0.50,0.30,0.45,0.72,0.35,0.33,0.48,0.34,0.40,0.61,0.91,0.50,0.41,0.51,0.53,0.43,0.35,0.47,0.47,0.57,0.40,0.59,0.35,0.57,0.55,0.50,0.44,0.23,0.57,0.90,0.95,0.36,0.28,0.25,0.67,0.56,0.50,0.62,0.55,0.40,0.57,0.47,0.38,0.56,0.40,0.48,0.58,0.36,0.40,0.74,0.40,0.30,0.66,0.27,0.70,0.60,0.70,0.43,0.60,0.60,0.55,0.75,0.57,0.40,0.60,0.47,0.55,0.37,0.30,0.63,0.60,0.88,0.88,0.42,0.92,0.70,0.74,0.60,0.47,0.53,0.33,0.37,0.67,0.90,0.56,0.42,0.45,0.53,0.60,0.80,0.43,0.50,0.60,0.75,0.95,0.75,0.43,0.43,0.61,0.40,0.60,0.60,0.95,0.50,0.33,0.60,0.20,0.72,0.45,0.37,0.55,0.50,0.48,0.55,0.20,0.47,0.92,0.24,0.15,,,,,,,,,,,,,,,,,,,,,,,,,,,,,,0.53,0.60,0.45,0.50,0.37,0.85,0.50,1.00,0.53,0.23,0.40,0.30,0.50,0.60,,0.35,0.40,0.80,0.67,0.65,0.80,0.60,0.50,0.60,0.55,0.40,0.30,0.33,0.23,0.20,0.43,0.47,0.30,0.47,0.30,0.40,0.20,0.54,0.58,0.50,0.75,0.75,0.40,0.85,0.70,0.37,0.63,0.37,0.80,0.37,0.43,1.17,0.35,0.35,0.85,0.63,0.75,0.57,0.35,0.28,0.40,0.65,0.47,0.50,0.58,0.52,0.45,0.50,0.44,0.75,0.33,0.33,0.50,0.70,0.74,0.83,0.77,0.70,0.63,0.80,0.60,0.55,0.74,0.50,1.00,0.50,0.60,0.60,0.50,0.50,0.20,0.60,0.65,0.53,0.40,0.50,0.43,0.80,0.80,0.60,0.57,0.55,0.53,0.60,0.55,0.47,0.33,0.60,0.70,0.20,0.20,,0.20,0.55,0.53,0.47,0.45,0.55,0.35,0.50,,0.55,0.50,0.50,0.45,0.60,0.65,0.40,0.10,0.20,0.70,0.35,0.40,0.40,0.35,0.35,0.20,0.40,0.30,,0.30,0.35,0.43,0.40,0.50,0.80,0.25,0.50,0.30,0.50,0.65,,0.35,,0.45,,0.25,0.70,0.40,0.20,0.40,0.20,0.10,0.30,0.47,0.35,0.20,0.45,0.10,0.25,0.25,0.55,0.15,0.45,0.30,0.45,0.20,0.20,0.25,0.20,,,,0.35,,
20260618,13,CO_24h,0.45,0.72,0.48,0.72,0.65,0.30,0.36,0.27,0.30,0.50,0.55,0.42,0.45,0.72,0.60,0.88,0.68,0.50,0.50,0.52,0.55,0.90,0.65,0.47,0.34,0.68,0.76,0.86,0.64,0.55,0.78,0.36,0.50,0.74,0.61,0.47,0.60,0.63,0.57,0.43,0.65,0.57,0.50,0.45,0.72,0.35,0.28,0.68,0.36,0.41,0.53,0.79,0.56,0.42,0.49,0.53,0.47,0.30,0.47,0.43,0.53,0.40,0.64,0.35,0.51,0.59,0.50,0.45,0.25,0.54,0.77,0.70,0.40,0.34,0.45,0.70,0.53,0.52,0.68,0.53,0.37,0.63,0.53,0.34,0.60,0.37,0.58,0.65,0.40,0.37,0.60,0.42,0.28,0.52,0.27,0.58,0.63,0.72,0.43,0.53,0.65,0.50,0.75,0.53,0.40,0.60,0.50,0.55,0.40,0.20,0.50,0.57,0.70,0.78,0.48,0.88,0.72,0.88,0.72,0.57,0.44,0.40,0.48,0.55,0.63,0.58,0.49,0.38,0.58,0.47,0.65,0.38,0.57,0.53,0.72,0.90,0.70,0.43,0.57,0.67,0.40,0.63,0.60,1.55,0.43,0.33,0.63,0.25,0.72,0.43,0.47,0.60,0.50,0.58,0.50,0.20,0.57,0.72,0.30,0.15,,,,,,,,,,,,,,,,,,,,,,,,,,,,,,0.60,0.60,0.45,0.47,0.47,0.70,0.50,0.73,0.53,0.33,0.43,0.30,0.60,0.60,,0.20,0.45,0.65,0.73,0.70,0.77,0.40,0.60,0.60,0.60,0.40,0.40,0.37,0.37,0.20,0.50,0.45,0.35,0.47,0.40,0.50,0.25,0.37,0.38,0.40,0.65,0.72,0.45,0.50,0.50,0.27,0.45,0.27,0.73,0.33,0.50,1.00,0.35,0.40,0.90,0.70,0.63,0.60,0.55,0.26,0.30,0.73,0.60,0.60,0.52,0.43,0.45,0.45,0.48,0.63,0.27,0.40,0.50,0.67,0.78,0.67,0.82,0.60,0.60,0.80,0.63,0.55,0.75,0.50,0.90,0.55,0.70,0.60,0.60,0.45,0.30,0.67,0.68,0.60,0.40,0.50,0.43,0.80,0.75,0.50,0.73,0.60,0.47,0.65,0.65,0.38,0.32,0.60,0.65,0.35,0.30,,0.25,0.65,0.47,0.40,0.50,0.60,0.30,0.55,,0.55,0.40,0.50,0.40,0.60,0.60,0.60,0.20,0.30,0.65,0.35,0.35,0.55,0.35,0.45,0.20,0.40,0.40,,0.25,0.35,0.50,0.47,0.40,0.80,0.35,0.45,0.30,0.50,0.60,,0.40,,0.30,,0.30,0.60,0.40,0.20,0.50,0.40,0.20,0.50,0.43,0.35,0.35,0.50,,0.20,0.25,0.80,0.15,0.40,0.25,0.45,0.30,0.10,0.30,0.25,,,,0.40,,
20260618,14,AQI,66,81,66,55,55,81,60,49,42,104,64,91,98,100,73,45,35,38,39,37,73,70,31,29,34,60,59,76,93,30,39,20,51,70,43,34,23,85,68,40,30,28,20,15,53,26,19,22,45,27,69,51,32,17,14,15,14,14,15,15,13,17,18,24,16,37,19,20,42,26,47,38,44,35,29,28,63,53,55,38,46,54,18,48,84,53,83,75,40,38,71,38,50,25,31,116,19,10,29,27,15,32,13,20,21,15,12,15,18,49,52,48,61,74,40,40,39,37,53,34,34,32,40,95,88,29,35,51,64,54,56,28,43,47,51,73,54,16,34,18,30,32,34,29,19,29,29,20,23,22,27,31,35,28,36,35,39,47,37,36,,,,,,,,,,,,,,,,,,,,,,,,,,,,,,33,47,18,50,48,101,38,101,50,43,43,28,65,73,,42,38,49,41,43,40,41,39,35,36,36,31,31,32,31,27,31,31,33,38,43,33,78,71,42,52,28,19,96,50,41,48,44,40,64,25,30,18,15,33,17,23,20,18,18,19,23,17,23,54,49,48,46,55,52,47,49,51,28,38,41,51,29,49,39,33,20,20,24,41,18,18,41,40,58,14,16,16,16,17,36,20,26,18,31,29,21,22,37,39,30,23,38,24,30,32,,19,25,19,16,33,21,19,19,,15,19,22,18,22,18,14,16,16,21,19,18,17,23,38,38,40,44,,44,26,28,46,30,37,39,32,44,33,38,,33,,31,,32,42,36,41,35,30,39,37,42,38,31,46,30,34,39,73,41,51,83,38,33,35,39,31,,,,18,,
20260618,14,PM2.5,47,30,42,38,35,25,43,26,23,44,29,22,36,40,19,8,13,10,13,18,53,40,21,16,12,43,31,49,69,19,27,6,36,51,22,7,13,35,14,15,20,8,6,3,21,9,8,3,17,9,29,33,20,8,4,7,5,7,3,4,3,3,3,11,10,20,8,5,4,18,12,15,13,10,13,18,21,16,29,22,19,38,7,28,12,15,17,25,14,14,18,6,26,13,10,33,3,5,14,11,3,6,3,14,9,3,4,3,3,14,30,20,24,54,8,9,6,4,25,13,9,6,12,45,42,11,23,30,27,36,40,9,30,33,36,53,38,4,16,5,14,13,24,9,6,18,13,14,3,7,12,21,18,8,25,14,11,20,6,4,,,,,,,,,,,,,,,,,,,,,,,,,,,,,,13,33,3,20,24,42,10,53,17,14,10,18,33,25,,3,3,16,7,11,26,16,3,3,3,22,7,3,11,9,8,10,14,6,10,11,12,57,52,23,28,16,9,72,35,29,29,13,21,46,3,12,8,4,11,6,12,3,4,5,3,6,3,5,38,30,20,27,23,34,24,34,23,17,25,24,36,19,34,27,17,9,4,5,29,3,4,29,28,41,6,11,6,5,7,16,5,11,3,8,4,10,11,13,21,21,12,20,13,9,3,,3,5,3,7,15,11,13,6,,3,13,11,5,7,9,3,3,5,8,3,3,12,3,3,3,3,3,,3,3,7,25,3,13,3,21,24,12,19,,7,,20,,11,8,3,9,6,3,3,7,14,6,11,21,11,7,6,53,10,8,39,13,6,3,3,14,,,,8,,
20260618,14,PM2.5_24h,20,41,42,46,31,31,32,15,12,40,39,34,46,47,16,29,26,19,14,33,27,45,19,17,23,25,33,38,38,18,21,7,30,44,30,9,51,40,33,8,17,16,12,4,20,6,8,13,23,13,28,34,27,6,5,5,7,4,6,6,5,6,7,15,11,23,7,8,7,12,18,20,15,11,27,29,20,17,42,19,35,31,12,21,31,18,34,36,22,15,22,17,28,13,12,32,4,8,13,9,7,6,8,9,8,11,12,6,5,17,19,24,27,49,12,32,22,22,36,21,14,13,18,28,30,19,22,30,32,27,30,17,39,35,28,43,35,9,16,7,11,20,13,16,6,12,23,13,19,8,22,25,20,21,15,24,16,20,8,26,,,,,,,,,,,,,,,,,,,,,,,,,,,,,,29,29,10,20,30,52,12,44,25,15,15,16,20,15,,5,9,22,24,29,20,23,17,7,13,15,19,17,19,11,10,13,11,12,11,14,11,23,27,18,27,23,16,32,25,21,24,15,22,32,8,10,4,6,8,20,21,12,13,5,9,15,10,16,39,28,22,27,29,24,18,24,26,19,36,29,39,23,32,26,25,19,14,35,32,6,25,27,35,31,7,11,12,12,14,18,7,6,8,12,17,11,11,16,21,14,12,21,15,14,7,,4,12,7,10,20,8,6,15,,8,13,9,5,11,11,6,8,11,10,5,11,11,6,4,4,2,10,,3,6,15,25,7,17,14,21,28,27,21,,18,,22,,15,17,9,10,16,9,4,7,22,22,17,34,40,11,7,40,16,10,40,11,6,3,6,15,,,,14,,
20260618,14,PM10,77,50,69,60,59,35,68,45,39,66,43,51,63,61,47,27,22,22,39,24,64,49,30,27,30,61,61,72,68,28,38,11,45,53,43,23,16,39,22,31,30,16,12,9,40,20,11,8,39,17,51,51,32,10,9,13,10,10,11,8,7,7,10,19,16,27,19,12,9,26,27,26,42,31,29,23,44,47,39,31,29,48,13,48,46,48,43,50,36,37,60,36,47,24,20,66,6,8,29,27,13,32,10,19,12,6,6,13,17,41,54,36,65,93,9,16,23,15,51,17,29,9,33,55,68,18,33,44,49,57,46,22,32,41,48,,,14,34,15,30,24,28,26,17,29,21,20,9,11,24,25,35,7,31,24,23,46,18,36,,,,,,,,,,,,,,,,,,,,,,,,,,,,,,25,,7,42,48,65,19,78,37,43,28,25,79,41,,21,17,45,34,29,35,34,19,15,16,31,24,13,14,17,16,16,21,11,16,16,18,58,55,42,53,26,19,65,40,39,44,30,31,47,25,30,12,15,31,10,16,16,18,15,16,23,11,20,50,43,48,42,32,54,40,48,51,21,38,41,44,,39,37,25,17,19,12,,6,6,39,35,,11,15,16,8,17,36,20,26,17,31,20,16,18,27,34,22,23,25,19,13,17,,6,11,10,10,33,14,18,,,7,7,17,11,22,14,7,8,14,21,7,15,17,13,11,6,7,12,,8,7,16,42,6,18,12,32,44,,38,,20,,31,,18,21,6,11,16,18,6,20,34,13,12,46,20,21,13,29,41,52,115,21,32,20,14,21,,,,12,,
20260618,14,PM10_24h,35,60,64,67,62,45,56,23,26,53,60,70,66,74,33,38,34,21,32,44,40,53,21,23,36,36,46,54,42,19,28,10,35,50,50,22,66,44,37,20,26,30,20,15,41,18,12,17,43,15,46,48,39,11,13,10,10,8,12,13,11,11,17,25,21,28,19,15,13,24,32,28,48,32,40,41,35,44,56,26,32,36,15,33,56,41,52,64,40,27,48,37,43,19,18,46,10,12,23,18,15,19,12,12,12,16,18,17,12,38,31,39,68,79,22,44,27,31,47,26,26,18,34,38,50,27,36,53,51,47,53,30,47,47,39,43,29,20,33,17,24,30,15,40,18,22,26,19,25,14,39,36,35,26,27,55,25,51,24,71,,,,,,,,,,,,,,,,,,,,,,,,,,,,,,38,45,18,49,51,69,24,65,66,43,28,31,57,31,,11,27,33,32,33,30,27,23,16,23,20,19,22,21,19,14,16,14,11,21,17,18,33,36,38,47,34,23,30,42,36,27,25,32,35,22,17,14,14,16,25,30,27,25,15,23,28,29,28,53,49,42,43,41,43,34,46,49,28,49,47,48,44,38,37,40,27,25,37,36,12,29,38,42,29,16,26,20,15,16,29,14,17,21,26,31,17,15,19,33,17,26,26,20,18,20,,7,19,11,9,32,14,13,15,,9,13,19,9,27,15,11,11,17,23,10,17,23,17,7,10,13,15,,12,9,20,40,15,24,30,29,57,43,48,,35,,39,,25,28,16,24,25,24,11,17,58,47,27,126,132,25,22,69,40,41,153,26,31,22,33,42,,,,23,,
20260618,14,SO2,3,7,4,9,7,4,3,4,3,3,6,5,3,13,13,6,8,5,6,6,5,7,5,7,8,8,7,8,9,10,7,7,6,6,6,5,6,6,8,6,6,2,4,5,9,4,2,7,7,6,4,6,7,5,5,5,5,5,5,3,4,6,3,4,10,5,8,5,5,5,11,18,8,6,10,9,14,9,7,5,6,6,3,19,10,9,8,10,7,6,8,5,8,9,3,12,6,5,7,5,7,6,5,5,4,4,4,3,4,5,7,10,9,20,8,6,9,8,5,5,4,6,5,7,6,3,9,3,9,11,6,9,8,9,5,8,7,5,3,5,3,8,9,18,4,9,4,6,3,3,5,6,2,6,7,9,5,17,6,4,,,,,,,,,,,,,,,,,,,,,,,,,,,,,,5,5,3,4,4,15,4,12,5,8,9,5,10,6,,7,10,7,6,11,7,5,7,8,10,1,6,7,8,5,7,6,3,8,6,9,7,8,13,7,11,10,3,9,6,6,7,5,7,7,4,9,2,3,6,4,9,6,5,3,7,2,4,8,7,6,6,4,6,7,5,5,7,8,7,6,7,5,8,6,3,5,8,5,9,5,4,7,8,3,7,5,3,4,2,11,10,4,6,6,5,8,10,4,11,7,7,6,8,4,3,,6,6,4,8,2,5,4,2,,5,5,7,9,6,8,2,3,4,8,6,6,5,8,7,4,7,3,,5,2,4,6,5,7,5,11,11,6,10,,5,,9,,4,11,6,9,11,12,6,22,9,6,7,6,7,9,5,4,6,5,5,6,4,7,6,9,,,,4,,
20260618,14,SO2_24h,3,6,4,9,7,5,3,4,3,3,7,6,3,9,10,8,8,5,5,7,6,7,4,6,8,7,6,9,5,9,7,7,6,6,7,5,8,7,7,6,7,2,4,5,9,4,3,8,6,6,5,6,6,5,5,5,5,5,5,3,4,6,3,4,8,5,8,5,6,5,10,21,7,5,7,8,13,8,6,6,6,8,3,13,12,8,10,12,11,7,6,5,7,8,4,10,9,6,6,5,7,6,5,5,5,5,5,3,6,5,8,11,8,9,10,6,8,7,6,5,4,5,5,6,6,4,10,4,9,9,6,8,8,8,5,9,7,5,3,5,2,8,9,17,5,9,3,6,3,3,4,6,3,6,8,10,9,16,5,4,,,,,,,,,,,,,,,,,,,,,,,,,,,,,,6,5,4,5,5,10,5,7,6,9,9,4,11,6,,6,11,8,7,8,6,4,7,10,11,1,5,7,8,5,8,5,4,8,7,10,7,7,11,6,10,8,5,8,7,6,6,5,5,8,5,8,3,4,6,5,10,4,6,2,7,3,5,8,7,6,6,4,7,6,4,5,8,8,7,9,8,5,7,8,4,5,9,6,7,6,5,7,24,3,6,5,2,6,4,13,10,6,6,5,8,8,10,4,9,6,5,6,8,4,3,,6,7,4,6,3,6,4,2,,4,5,7,7,5,8,7,4,4,8,6,7,5,9,7,5,7,4,,4,3,4,7,4,7,6,10,9,6,11,,5,,9,,4,10,8,9,10,14,6,19,9,6,7,6,6,8,5,4,8,5,4,6,3,7,6,7,,,,5,,
20260618,14,NO2,11,12,6,10,6,8,10,8,8,9,7,9,7,13,10,7,9,5,12,11,21,19,12,13,4,10,19,15,29,5,12,6,10,21,47,9,12,16,11,10,17,8,9,5,12,6,8,3,8,7,12,16,3,14,11,9,11,10,8,13,10,9,6,3,13,9,13,6,7,13,7,11,11,5,4,5,9,10,9,7,8,7,6,9,8,5,7,10,6,10,12,4,8,14,8,21,10,9,10,5,5,2,7,5,13,8,10,5,3,10,11,7,13,9,7,8,7,5,8,6,10,5,9,12,10,12,10,5,9,13,13,14,20,11,13,5,14,5,4,4,11,4,9,7,12,6,5,8,5,6,10,10,6,5,11,5,6,17,6,4,,,,,,,,,,,,,,,,,,,,,,,,,,,,,,3,7,4,6,6,7,4,12,9,4,8,4,5,9,,4,6,8,7,9,6,6,4,5,5,10,11,5,4,11,5,9,6,6,5,6,5,24,17,8,17,8,2,18,12,6,10,6,11,6,7,9,3,2,9,3,7,6,2,3,3,5,3,3,9,8,9,6,9,23,6,11,8,8,15,11,13,2,6,5,5,6,3,2,7,3,4,7,1,7,14,10,9,7,10,7,10,5,3,4,6,7,7,6,10,9,13,8,7,4,4,,7,5,9,4,4,6,3,1,,3,6,11,5,4,6,4,2,5,4,5,4,7,7,5,3,3,4,,2,6,4,6,4,13,4,13,6,6,10,,8,,7,,5,4,1,1,2,1,2,1,7,7,7,4,7,6,6,3,4,8,6,5,2,9,3,4,,,,2,,
20260618,14,NO2_24h,20,19,10,15,23,16,16,10,11,21,14,26,8,15,16,16,17,15,19,24,22,25,10,17,13,11,26,24,24,6,12,4,15,23,41,19,21,19,18,10,24,15,13,11,23,12,13,11,18,13,19,24,11,17,14,4,16,6,11,16,10,12,9,5,14,13,9,9,8,9,17,20,16,14,21,12,27,13,13,9,10,17,15,17,21,11,16,22,14,13,19,12,16,15,9,16,13,12,10,8,12,5,12,7,16,13,14,11,7,16,13,9,16,11,19,12,16,16,20,14,12,9,13,18,19,22,12,15,21,13,26,12,16,13,20,7,12,5,6,9,10,11,12,19,14,9,11,9,8,8,17,14,16,9,14,5,12,19,12,7,,,,,,,,,,,,,,,,,,,,,,,,,,,,,,8,14,10,13,13,8,5,12,33,9,14,7,12,19,,6,6,12,9,17,11,14,12,9,11,10,10,8,13,11,7,8,9,10,17,13,7,19,15,9,14,14,8,15,16,9,10,11,14,12,12,11,5,5,15,10,9,7,5,6,5,8,5,6,18,16,14,17,20,14,10,15,12,8,15,20,12,11,9,10,12,5,6,7,12,6,8,9,5,7,17,15,10,12,11,10,10,6,9,9,17,10,7,11,21,7,18,13,10,5,6,,12,11,11,4,8,8,4,8,,5,7,12,6,7,7,4,4,7,6,8,8,10,10,5,3,4,8,,2,7,8,12,6,13,8,11,12,8,19,,9,,7,,8,12,5,1,8,3,12,3,12,14,14,7,7,14,9,25,4,10,7,10,4,9,9,8,,,,5,,
20260618,14,O3,173,185,173,123,153,185,168,157,135,207,171,193,198,200,178,143,112,120,118,118,133,176,99,93,110,116,167,181,117,95,59,63,83,143,62,109,73,188,174,128,63,91,64,48,162,82,61,69,144,86,175,124,90,53,46,47,46,45,49,47,41,53,57,78,51,118,31,64,135,84,150,120,142,113,80,90,170,162,164,123,147,140,57,116,187,162,186,180,129,123,177,120,159,79,100,232,60,33,88,64,47,44,41,58,66,47,37,47,57,156,138,155,169,164,129,128,124,119,162,110,108,102,128,196,190,94,112,161,171,146,165,90,61,73,133,113,83,51,75,57,77,102,85,92,61,83,94,54,74,70,85,100,107,89,93,111,126,151,118,114,,,,,,,,,,,,,,,,,,,,,,,,,,,,,,105,146,56,159,131,201,122,201,160,125,137,91,127,178,,134,123,156,132,139,129,132,125,113,116,114,99,100,101,98,85,100,100,107,121,136,107,78,113,124,151,88,60,92,129,96,155,141,127,167,67,58,56,49,105,55,73,65,49,56,62,61,55,73,147,156,142,146,164,84,150,151,115,89,81,104,71,92,121,114,104,65,63,78,125,56,56,67,84,57,46,36,52,51,52,79,45,62,58,68,92,67,69,117,124,59,51,120,76,97,101,,62,79,60,50,53,68,50,61,,48,55,69,59,61,57,45,51,52,59,60,59,52,72,123,122,127,141,,142,82,88,147,95,118,124,62,92,107,95,,107,,99,,102,135,114,132,111,96,126,118,135,120,100,127,97,110,124,126,125,122,96,120,105,113,126,99,,,,59,,
20260618,14,O3_24h,173,185,173,123,153,185,168,157,135,207,171,193,198,200,178,143,112,120,118,118,133,176,99,93,110,116,167,181,117,95,59,63,83,143,62,109,73,188,174,128,63,91,64,48,162,82,61,69,144,86,175,124,90,53,46,47,46,45,49,47,41,53,57,78,51,118,31,64,135,84,150,120,142,113,80,90,170,162,164,123,147,140,57,116,187,162,186,180,129,123,177,120,159,79,100,232,60,33,88,64,47,44,41,58,66,47,37,47,57,156,138,155,169,164,129,128,124,119,162,110,108,102,128,196,190,94,112,161,171,146,165,90,61,73,133,113,83,51,75,57,77,102,85,92,61,83,94,54,74,70,85,100,107,89,93,111,126,151,118,114,,,,,,,,,,,,,,,,,,,,,,,,,,,,,,105,146,56,159,131,201,122,201,160,125,137,91,127,178,,134,123,156,132,139,129,132,125,113,116,114,99,100,101,98,85,100,100,107,121,136,107,78,113,124,151,88,60,92,129,96,155,141,127,167,67,58,56,49,105,55,73,65,49,56,62,61,55,73,147,156,142,146,164,84,150,151,115,89,81,104,71,92,121,114,104,65,63,78,125,56,56,67,84,57,46,36,52,51,52,79,45,62,58,68,92,67,69,117,124,59,51,120,76,97,101,,62,79,60,50,53,68,50,61,,48,55,69,59,61,57,45,51,52,59,60,59,52,72,123,122,127,141,,142,82,88,147,95,118,124,62,92,107,95,,107,,99,,102,135,114,132,111,96,126,118,135,120,100,127,97,110,124,126,125,122,96,120,105,113,126,99,,,,59,,
20260618,14,O3_8h,101,133,127,107,125,138,125,106,93,124,118,132,143,147,132,106,91,96,86,85,70,94,78,59,70,60,86,98,50,65,46,77,46,82,57,68,70,137,117,67,49,62,55,39,110,62,45,50,114,77,116,92,78,42,33,52,38,47,43,39,45,38,45,69,46,70,42,50,126,81,89,67,97,87,61,71,111,117,113,77,127,118,50,68,128,117,126,134,78,100,104,90,112,75,94,139,39,31,63,63,38,42,33,64,41,33,30,32,50,99,120,138,139,124,94,105,95,89,108,77,104,91,98,136,120,61,91,125,120,120,102,90,59,84,101,99,67,37,57,42,80,57,55,48,50,58,59,56,71,49,80,62,66,67,72,102,97,105,81,100,,,,,,,,,,,,,,,,,,,,,,,,,,,,,,83,90,38,131,109,156,113,146,94,118,113,83,106,128,,115,125,124,104,104,97,95,110,91,86,92,90,96,89,86,72,80,90,87,96,99,72,49,62,81,115,85,49,49,82,60,116,88,95,127,56,40,43,41,57,43,61,47,36,46,51,56,41,53,116,107,106,113,112,75,97,111,101,102,79,94,85,97,93,78,92,79,57,72,88,42,50,55,67,45,31,52,49,36,43,48,37,38,39,33,54,57,53,65,58,73,34,60,62,58,63,,40,51,38,49,74,51,47,39,,37,42,59,48,43,40,42,47,44,33,47,35,38,45,100,122,118,112,,143,55,72,131,81,106,112,48,77,85,66,,110,,67,,88,90,85,103,85,73,93,96,98,95,68,107,98,82,80,83,110,98,92,95,67,95,100,69,,,,51,,
20260618,14,O3_8h_24h,101,133,127,107,125,138,125,106,93,124,118,132,143,147,125,106,91,94,86,85,70,94,78,59,70,60,86,98,50,65,46,70,46,82,57,68,49,137,117,67,49,62,55,39,110,62,45,50,114,77,116,91,76,42,33,49,38,46,43,39,42,38,45,69,41,70,35,50,126,78,89,67,97,85,61,70,111,116,113,77,127,118,50,68,128,117,126,134,78,100,104,90,112,75,94,139,39,30,63,62,38,41,33,62,41,33,30,32,50,99,120,138,139,123,94,105,95,89,125,77,104,91,98,136,120,61,85,125,120,117,102,90,46,76,101,98,64,37,57,42,80,57,55,48,50,58,59,55,61,49,80,62,66,67,71,102,97,104,81,100,,,,,,,,,,,,,,,,,,,,,,,,,,,,,,80,90,38,131,108,156,110,146,94,118,113,83,106,128,,115,119,124,104,104,97,106,110,91,86,92,90,96,89,86,72,80,90,87,96,99,72,40,62,81,115,80,49,49,82,55,116,88,95,127,56,40,43,41,57,43,56,47,31,46,51,55,41,50,116,107,106,113,112,68,97,111,101,94,79,94,78,97,93,78,92,70,57,70,88,42,50,55,67,43,31,50,49,36,43,48,37,38,39,33,54,57,52,65,58,62,34,60,62,58,63,,40,51,34,47,66,51,45,39,,37,42,59,48,43,40,42,47,44,33,47,35,38,45,100,122,118,112,,133,55,72,131,81,106,112,48,77,84,66,,106,,67,,88,90,85,103,85,73,93,96,98,93,68,107,84,82,80,83,109,88,87,95,67,95,100,69,,,,51,,
20260618,14,CO,0.70,0.65,0.54,0.59,0.40,0.25,0.50,0.43,0.45,0.47,0.40,0.40,0.68,0.82,0.60,0.67,0.61,0.41,0.49,0.44,0.75,0.99,0.60,0.43,0.34,0.98,0.84,1.06,1.14,0.53,0.84,0.42,0.45,0.75,0.57,0.43,0.57,0.60,0.57,0.47,0.55,0.50,0.30,0.40,0.73,0.33,0.28,0.47,0.33,0.39,0.55,0.91,0.50,0.45,0.47,0.57,0.40,0.35,0.43,0.47,0.57,0.40,0.59,0.35,0.54,0.53,0.63,0.41,0.23,0.57,0.83,0.65,0.36,0.30,0.33,0.63,0.50,0.60,0.66,0.53,0.33,0.52,0.47,0.37,0.56,0.43,0.46,0.60,0.34,0.38,0.63,0.35,0.28,0.62,0.27,0.65,0.60,0.70,0.45,0.57,0.50,0.50,0.70,0.50,0.40,0.50,0.60,0.55,0.33,0.30,0.54,0.58,0.90,0.82,0.40,0.82,0.58,0.56,0.56,0.47,0.45,0.33,0.38,0.67,0.83,0.50,0.47,0.47,0.47,0.60,0.77,0.45,0.45,0.53,0.72,0.98,0.70,0.50,0.43,0.63,0.40,0.57,0.63,0.68,0.50,0.33,0.60,0.20,0.72,0.42,0.40,0.50,0.50,0.52,0.50,0.20,0.43,1.06,0.26,0.15,,,,,,,,,,,,,,,,,,,,,,,,,,,,,,0.43,0.60,0.45,0.50,0.27,0.80,0.50,1.00,0.43,0.23,0.33,0.30,0.50,0.60,,0.30,0.40,0.80,0.73,0.60,0.80,0.50,0.50,0.60,0.55,0.50,0.30,0.33,0.23,0.20,0.43,0.47,0.30,0.47,0.30,0.40,0.20,0.58,0.58,0.55,0.65,0.70,0.40,0.75,0.64,0.37,0.60,0.33,0.93,0.37,0.43,1.37,0.35,0.30,0.80,0.53,0.57,0.63,0.30,0.28,0.40,0.60,0.47,0.50,0.56,0.50,0.45,0.55,0.44,0.80,0.33,0.33,0.43,0.70,0.76,0.80,0.75,0.70,0.67,0.80,0.60,0.55,0.76,0.40,0.90,0.50,0.53,0.60,0.50,0.55,0.30,0.65,0.63,0.50,0.40,0.40,0.43,0.80,0.70,0.50,0.57,0.50,0.50,0.55,0.55,0.47,0.32,0.60,0.65,0.30,0.20,,0.20,0.55,0.47,0.47,0.45,0.55,0.30,0.50,,0.55,0.40,0.50,0.45,0.60,0.60,0.40,0.10,0.20,0.60,0.35,0.30,0.40,0.35,0.35,0.20,0.40,0.20,,0.25,0.35,0.43,0.40,0.50,0.70,0.25,0.45,0.20,0.45,0.65,,0.35,,0.45,,0.25,0.60,,0.20,0.40,0.20,0.20,0.30,0.47,0.35,0.25,0.45,,0.20,0.25,0.55,0.15,0.40,0.30,0.45,0.20,0.20,0.25,0.20,,,,0.35,,
20260618,14,CO_24h,0.46,0.73,0.48,0.72,0.65,0.30,0.39,0.30,0.30,0.50,0.55,0.42,0.47,0.72,0.62,0.88,0.68,0.50,0.50,0.52,0.55,0.91,0.65,0.47,0.34,0.70,0.76,0.86,0.68,0.57,0.80,0.36,0.50,0.74,0.61,0.47,0.59,0.63,0.57,0.43,0.65,0.57,0.50,0.45,0.72,0.35,0.28,0.67,0.37,0.41,0.53,0.81,0.56,0.42,0.50,0.53,0.47,0.30,0.47,0.47,0.53,0.40,0.64,0.35,0.52,0.58,0.50,0.45,0.25,0.54,0.80,0.70,0.38,0.34,0.45,0.70,0.54,0.52,0.66,0.53,0.37,0.63,0.53,0.34,0.60,0.37,0.58,0.65,0.40,0.37,0.62,0.42,0.28,0.52,0.27,0.58,0.63,0.72,0.43,0.53,0.65,0.50,0.70,0.53,0.40,0.60,0.53,0.55,0.40,0.20,0.53,0.58,0.72,0.80,0.48,0.88,0.72,0.84,0.72,0.57,0.46,0.40,0.48,0.58,0.67,0.58,0.49,0.38,0.58,0.47,0.65,0.38,0.55,0.53,0.72,0.93,0.70,0.43,0.57,0.67,0.40,0.63,0.60,1.55,0.43,0.33,0.63,0.25,0.72,0.40,0.47,0.60,0.50,0.58,0.50,0.20,0.57,0.74,0.30,0.15,,,,,,,,,,,,,,,,,,,,,,,,,,,,,,0.60,0.60,0.45,0.50,0.47,0.70,0.50,0.77,0.53,0.33,0.43,0.30,0.60,0.60,,0.20,0.45,0.65,0.70,0.70,0.77,0.40,0.60,0.60,0.60,0.40,0.40,0.37,0.37,0.20,0.47,0.45,0.35,0.47,0.40,0.50,0.25,0.38,0.42,0.40,0.65,0.72,0.45,0.50,0.52,0.27,0.45,0.27,0.73,0.37,0.50,1.03,0.35,0.40,0.90,0.70,0.60,0.60,0.55,0.26,0.30,0.70,0.60,0.60,0.54,0.43,0.45,0.45,0.48,0.63,0.30,0.37,0.50,0.67,0.78,0.70,0.82,0.60,0.60,0.80,0.60,0.55,0.75,0.55,0.90,0.55,0.70,0.60,0.55,0.45,0.30,0.63,0.65,0.60,0.37,0.50,0.43,0.80,0.75,0.50,0.73,0.60,0.47,0.65,0.65,0.38,0.32,0.60,0.65,0.35,0.30,,0.25,0.65,0.47,0.40,0.50,0.60,0.30,0.55,,0.55,0.40,0.50,0.40,0.60,0.60,0.60,0.20,0.30,0.70,0.35,0.35,0.55,0.35,0.45,0.20,0.40,0.40,,0.25,0.35,0.50,0.47,0.40,0.80,0.35,0.45,0.30,0.50,0.60,,0.40,,0.30,,0.25,0.60,0.40,0.20,0.50,0.40,0.20,0.40,0.43,0.35,0.35,0.45,,0.20,0.25,0.80,0.15,0.40,0.25,0.45,0.30,0.10,0.30,0.25,,,,0.40,,
20260618,15,AQI,68,96,78,55,53,68,73,50,49,112,73,90,84,98,66,46,34,40,38,39,66,94,39,31,37,55,63,96,83,31,46,19,41,81,42,32,24,95,65,41,24,20,18,16,55,20,14,21,47,26,63,50,30,15,13,14,12,13,13,13,14,16,18,24,18,41,17,18,44,28,47,37,46,38,28,30,64,54,60,36,45,44,17,44,89,54,101,73,43,38,86,37,48,26,30,116,21,13,31,28,16,19,13,19,21,13,11,14,18,54,40,48,66,70,41,46,41,39,49,35,36,32,39,96,85,25,36,50,64,59,45,29,46,46,51,73,50,17,38,18,30,34,33,26,22,34,33,22,25,24,28,30,36,27,32,38,44,53,38,37,,,,,,,,,,,,,,,,,,,,,,,,,,,,,,31,54,15,50,39,90,33,103,46,45,43,30,55,53,,42,38,50,44,45,40,42,39,36,37,39,36,33,31,32,27,34,28,35,37,44,35,69,55,38,49,30,18,90,50,38,48,46,41,51,20,15,25,14,33,18,26,22,16,20,19,20,15,22,54,48,47,48,48,52,48,45,49,33,39,42,50,33,40,33,33,19,18,20,39,18,19,33,36,59,14,21,17,17,21,29,14,35,18,21,28,22,23,41,40,24,24,40,24,32,33,,20,26,20,16,30,23,16,19,,16,17,20,19,22,18,14,18,17,20,19,29,51,21,40,40,40,45,,46,27,28,47,28,34,38,26,47,37,35,,30,,33,,29,44,34,41,37,30,41,37,45,40,28,54,35,37,40,61,48,46,74,39,35,34,41,38,,,,18,,
20260618,15,PM2.5,49,29,48,39,34,23,42,27,20,47,27,20,28,39,21,8,17,11,17,15,48,38,27,14,9,39,29,43,61,20,32,5,29,60,24,9,6,42,13,14,15,3,3,3,32,6,5,4,18,9,34,35,17,6,4,8,4,5,3,5,3,3,4,12,9,16,7,5,6,18,16,11,14,9,13,19,20,17,20,21,15,28,5,25,12,14,19,26,14,13,15,7,22,14,9,38,4,6,15,12,2,7,5,12,5,3,3,3,3,12,19,19,23,51,8,14,5,5,25,11,12,9,12,44,51,6,21,29,28,37,28,15,32,32,36,53,35,6,14,5,14,12,23,6,5,18,13,14,5,6,15,19,16,7,16,15,11,22,6,6,,,,,,,,,,,,,,,,,,,,,,,,,,,,,,9,33,3,22,20,40,9,45,8,13,11,18,28,31,,6,5,12,7,7,17,15,3,3,3,22,5,3,12,8,10,9,14,6,8,14,13,50,39,22,26,15,8,67,35,17,30,14,24,36,4,5,9,3,11,8,9,3,3,7,4,4,3,3,38,26,22,24,29,31,21,17,26,15,27,26,35,20,28,20,15,6,4,3,24,3,3,23,14,42,8,13,11,5,15,16,3,10,3,7,4,10,11,15,19,17,15,18,10,8,3,,3,3,6,11,14,3,9,5,,9,9,14,3,5,8,3,3,7,10,3,5,14,8,3,3,3,3,,3,3,7,24,3,11,10,16,21,10,12,,12,,17,,13,10,6,9,14,6,3,3,9,17,8,22,7,3,8,44,10,16,34,11,3,3,3,5,,,,8,,
20260618,15,PM2.5_24h,22,41,42,47,31,31,33,15,13,41,38,34,46,48,17,29,25,19,14,33,29,46,20,17,23,26,34,39,40,18,22,7,30,46,30,9,50,41,32,9,17,16,12,4,22,6,8,13,23,13,28,34,26,6,5,6,7,4,6,6,5,5,7,15,11,23,7,7,7,12,18,20,15,11,27,29,20,18,41,19,35,32,12,22,31,18,34,36,22,15,22,17,28,13,13,32,4,8,13,9,7,7,7,10,8,10,11,6,5,17,19,24,27,50,12,32,21,21,36,20,14,13,18,29,32,19,22,30,33,27,31,17,38,35,28,44,36,8,16,7,12,20,14,16,7,13,22,12,18,8,21,24,20,20,14,23,15,20,8,25,,,,,,,,,,,,,,,,,,,,,,,,,,,,,,29,30,10,21,30,52,12,45,25,16,16,16,21,16,,5,9,23,23,29,21,23,17,6,13,15,19,16,19,11,10,13,12,12,11,14,12,25,28,19,28,24,16,34,26,22,25,15,22,33,8,9,5,6,8,19,20,11,12,5,9,15,9,15,39,27,23,27,29,24,18,25,26,19,36,29,39,23,32,26,25,19,13,34,31,5,23,27,35,32,8,11,12,12,15,18,6,6,8,12,16,11,11,16,21,15,12,21,14,14,7,,4,11,7,10,20,7,6,14,,8,13,9,5,11,11,6,8,10,10,5,11,11,7,4,4,2,10,,3,6,15,26,6,16,13,20,28,25,21,,18,,22,,14,17,9,10,16,9,4,7,23,22,17,34,38,10,7,41,16,11,40,11,6,3,6,14,,,,14,,
20260618,15,PM10,86,49,71,60,55,33,64,46,49,68,45,53,50,55,51,28,26,40,38,21,67,50,38,28,29,56,61,64,64,28,44,9,39,68,42,27,9,48,22,31,24,8,8,16,48,18,8,11,42,14,46,47,30,9,9,14,6,9,11,10,6,6,13,20,15,28,17,11,9,28,27,17,36,29,28,24,40,40,29,29,30,37,12,44,45,43,50,52,38,33,54,29,42,26,19,75,8,13,31,28,9,19,6,17,8,,10,11,13,44,32,33,81,78,13,27,21,14,45,17,32,18,30,55,65,11,36,45,45,68,40,29,39,45,44,,,17,38,9,30,25,25,24,14,34,21,22,13,12,20,27,33,13,25,17,25,48,14,26,,,,,,,,,,,,,,,,,,,,,,,,,,,,,,23,58,6,41,39,57,19,70,18,45,25,19,60,50,,6,19,39,33,28,27,27,15,10,17,27,19,13,24,14,16,15,24,14,14,14,26,51,54,35,48,23,14,68,47,32,37,26,35,40,7,13,25,7,23,11,18,17,16,20,16,15,12,16,52,45,39,38,48,54,34,36,49,23,34,42,44,33,35,30,24,15,11,12,,7,6,33,36,,14,21,17,17,13,29,13,35,18,21,15,14,13,29,36,20,24,22,17,14,17,,8,10,10,,30,11,10,12,,,8,20,10,22,12,6,11,9,19,8,29,52,14,9,7,8,10,,12,6,15,45,6,15,14,26,47,13,31,,29,,30,,22,17,15,9,16,15,6,30,31,,,58,21,16,20,34,48,46,97,20,8,21,11,34,,,,13,,
20260618,15,PM10_24h,39,61,65,69,63,45,58,24,28,55,60,70,65,75,35,38,34,22,32,44,41,54,22,23,36,37,47,55,43,19,29,10,36,51,50,22,65,45,37,20,27,29,20,15,42,18,12,16,43,14,47,49,39,11,13,10,10,7,12,13,12,11,17,25,20,28,19,15,12,23,32,27,48,32,40,40,36,44,54,26,32,37,15,34,56,41,52,64,40,27,49,37,43,20,18,47,9,12,24,19,15,20,12,13,12,15,18,17,11,39,32,39,68,79,22,43,26,30,47,25,26,18,34,39,52,27,36,53,51,48,54,30,46,48,40,43,30,19,34,16,24,30,16,40,18,22,25,19,24,14,37,35,35,25,26,54,25,51,24,68,,,,,,,,,,,,,,,,,,,,,,,,,,,,,,37,46,18,49,51,69,24,66,65,43,29,31,58,32,,10,27,34,32,34,30,27,23,16,22,20,19,22,21,19,14,16,14,11,21,18,18,34,37,39,48,34,23,32,44,36,28,26,33,36,22,17,15,14,16,24,29,26,25,15,22,27,28,27,53,49,42,43,42,44,34,46,50,27,48,47,47,44,38,37,40,27,24,36,36,11,28,38,42,29,16,26,21,15,16,29,14,17,21,26,30,17,15,19,33,17,25,27,20,19,20,,7,19,11,9,32,13,13,15,,9,12,19,9,27,15,11,11,17,23,10,17,23,17,6,10,13,15,,12,10,20,41,14,23,29,29,56,38,47,,35,,38,,25,28,16,23,25,24,11,17,58,46,27,126,126,25,22,69,40,42,151,26,30,22,32,42,,,,23,,
20260618,15,SO2,3,7,3,9,7,5,3,4,3,2,5,5,4,12,11,6,9,5,5,6,6,7,5,7,8,7,6,7,9,10,7,7,6,6,6,5,6,6,7,6,6,2,4,5,9,4,2,8,7,5,4,6,7,5,4,5,5,5,5,2,4,6,3,4,9,5,7,5,6,5,10,15,7,7,8,8,13,8,7,5,7,7,2,16,9,9,9,10,8,6,7,5,7,11,4,11,6,5,6,5,7,6,5,5,4,4,4,3,4,6,7,10,7,15,8,6,9,8,4,4,4,6,5,6,5,3,9,3,8,10,5,10,8,9,6,8,7,5,3,5,3,8,9,14,4,9,4,6,2,3,5,6,2,6,6,7,8,20,5,4,,,,,,,,,,,,,,,,,,,,,,,,,,,,,,6,4,3,4,4,13,4,11,3,7,9,4,10,5,,7,10,7,7,8,6,6,7,6,10,1,5,7,8,5,7,6,3,6,6,9,7,7,11,7,11,9,5,8,6,7,7,5,8,6,5,5,4,4,6,4,11,5,5,2,7,2,4,9,7,6,6,4,5,7,4,5,6,8,6,8,7,4,7,6,3,5,7,5,7,5,4,6,6,4,6,6,3,5,2,9,10,4,6,6,5,9,10,4,17,7,7,6,8,3,3,,6,6,5,12,2,5,4,2,,5,5,7,9,5,7,1,4,4,8,6,6,5,8,7,5,7,3,,5,4,4,6,5,7,6,10,9,6,9,,5,,8,,4,10,7,9,10,12,6,19,9,6,7,6,6,8,5,3,6,4,5,6,4,7,6,10,,,,4,,
20260618,15,SO2_24h,3,6,4,9,7,5,3,4,3,3,7,6,3,10,10,8,8,5,5,7,6,7,4,6,8,7,6,9,5,9,7,7,6,6,7,5,8,7,7,6,7,2,4,5,9,4,3,8,6,6,5,6,7,5,5,5,5,5,5,3,4,6,3,4,8,5,8,5,6,5,10,21,7,5,7,8,13,8,6,5,6,8,3,13,12,8,10,12,11,7,6,5,7,8,4,10,8,6,6,5,7,6,5,5,5,5,5,3,6,5,8,11,8,9,10,6,8,7,6,5,4,5,5,6,6,4,10,4,9,9,6,8,8,8,5,9,7,5,3,5,2,8,9,17,5,9,3,6,3,3,4,6,3,6,7,10,9,16,5,4,,,,,,,,,,,,,,,,,,,,,,,,,,,,,,6,5,4,5,5,10,5,7,6,9,9,4,11,6,,6,11,8,7,8,6,4,7,10,11,1,5,7,8,5,8,5,4,8,7,10,7,7,11,6,10,8,5,8,7,6,6,5,5,8,5,8,3,4,6,5,10,4,6,2,7,3,5,9,7,6,6,4,7,6,4,5,8,8,7,9,8,5,7,8,4,5,9,6,7,5,5,7,24,3,6,5,2,6,4,13,10,6,6,5,8,8,10,4,9,7,5,6,8,4,3,,6,7,4,6,3,6,3,2,,4,5,7,7,5,8,7,4,4,8,6,7,5,9,7,5,7,4,,4,3,4,7,4,7,6,9,9,6,11,,5,,9,,4,10,8,9,10,14,6,19,9,6,7,6,6,8,5,4,8,5,4,6,3,7,6,7,,,,5,,
20260618,15,NO2,12,11,6,11,9,7,10,9,10,10,7,9,5,13,10,8,12,7,11,11,18,18,27,12,5,9,24,15,29,5,11,6,8,22,48,12,9,18,9,10,10,4,8,16,15,8,9,3,9,8,12,16,3,14,13,14,14,13,13,18,11,9,6,4,12,8,13,7,8,13,6,8,8,5,4,4,9,11,8,7,9,8,7,9,8,5,7,11,8,11,10,5,8,18,8,21,11,11,12,5,4,2,7,2,10,9,10,6,3,9,14,4,11,10,7,10,8,6,8,6,9,5,10,13,12,10,12,6,9,13,11,16,15,10,11,5,13,5,3,5,12,4,9,6,8,7,5,8,5,6,10,10,6,5,8,5,6,17,4,4,,,,,,,,,,,,,,,,,,,,,,,,,,,,,,5,7,3,7,7,6,4,12,7,4,9,5,4,12,,5,5,7,7,9,6,7,4,4,6,9,7,5,6,9,7,5,9,6,7,7,6,16,14,10,12,6,2,20,13,3,12,6,14,5,8,8,4,2,9,3,8,6,2,3,4,5,3,3,8,7,7,5,11,23,6,7,8,7,15,12,14,2,4,6,7,7,5,2,6,3,4,7,3,6,12,18,11,12,11,6,7,6,5,4,5,9,8,7,9,10,13,7,6,3,4,,10,4,9,7,4,5,3,2,,3,5,16,5,4,4,3,3,5,4,5,5,7,7,4,2,3,7,,3,5,5,6,5,11,6,11,7,5,7,,8,,5,,7,5,1,3,2,1,3,2,9,7,9,3,5,6,3,3,3,5,7,5,2,10,2,4,,,,2,,
20260618,15,NO2_24h,20,19,9,15,23,15,16,10,12,21,15,26,8,15,17,16,17,14,19,24,23,25,11,18,13,11,26,25,25,6,13,4,15,23,43,19,21,20,18,10,24,15,13,11,23,12,13,11,18,13,19,24,11,17,14,5,16,6,11,16,10,13,9,5,14,13,10,9,8,9,17,19,16,14,21,12,27,13,13,9,10,17,14,17,21,11,16,22,14,13,19,12,16,16,9,17,13,12,10,8,12,5,12,7,16,13,14,11,7,16,13,9,16,12,19,12,16,16,20,14,12,8,14,18,19,22,12,15,21,13,26,12,16,13,20,7,12,5,6,9,10,11,12,19,14,9,10,8,8,8,17,14,16,9,14,5,12,20,12,7,,,,,,,,,,,,,,,,,,,,,,,,,,,,,,8,14,10,13,14,9,5,13,33,9,14,7,12,19,,6,6,12,9,17,11,14,12,9,12,10,10,8,13,11,6,8,8,10,17,12,7,20,15,9,15,14,8,15,17,9,10,12,14,12,12,11,6,5,14,10,9,7,5,6,5,8,5,6,18,16,14,17,21,15,10,15,12,8,16,20,12,11,9,10,12,5,6,7,12,6,8,9,5,7,18,15,10,12,11,10,9,6,9,9,16,10,7,11,21,7,18,13,10,6,6,,12,10,11,4,8,7,4,8,,5,7,12,6,7,7,4,4,7,6,8,8,10,9,5,3,4,8,,2,7,8,12,6,13,8,12,12,8,19,,9,,7,,8,12,5,1,8,3,11,3,12,14,14,7,7,14,9,25,4,10,7,10,4,9,9,8,,,,5,,
20260618,15,O3,167,197,182,117,138,174,178,159,129,223,178,192,187,198,173,148,108,120,123,124,144,195,91,100,117,120,170,197,130,99,73,62,100,155,58,101,77,196,172,130,77,64,57,43,164,64,44,66,149,83,170,127,95,48,43,41,39,40,41,41,45,51,59,77,58,132,35,59,140,83,151,119,148,123,79,96,171,163,168,114,145,140,53,133,191,163,201,178,136,121,189,119,153,80,96,232,66,31,89,68,51,45,43,62,68,42,34,46,58,163,129,153,155,160,131,147,131,124,156,113,114,101,124,197,188,79,108,160,171,155,143,85,70,73,131,107,84,49,79,57,75,110,94,83,71,91,104,58,80,77,88,96,114,86,101,121,141,162,120,118,,,,,,,,,,,,,,,,,,,,,,,,,,,,,,99,144,49,159,125,192,105,205,146,120,139,96,131,162,,134,120,160,142,144,129,135,125,115,119,125,115,106,100,103,86,110,89,113,119,141,113,99,127,123,157,95,56,92,134,121,152,148,132,137,64,47,55,46,104,57,84,69,49,54,61,64,48,69,152,155,151,155,154,85,152,144,117,104,89,111,64,98,109,104,105,60,56,63,125,57,61,60,59,65,46,34,55,43,46,83,46,61,53,65,89,71,73,130,127,57,53,128,76,103,105,,64,82,64,39,54,73,52,61,,52,55,65,61,67,58,46,57,54,65,60,60,51,67,127,129,128,143,,148,85,91,149,89,109,122,75,93,119,111,,97,,105,,93,141,110,132,117,96,131,117,143,128,91,129,113,118,128,129,131,132,103,125,112,108,131,123,,,,58,,
20260618,15,O3_24h,167,197,182,117,138,174,178,159,129,223,178,192,187,198,173,148,108,120,123,124,144,195,91,100,117,120,170,197,130,99,73,62,100,155,58,101,77,196,172,130,77,64,57,43,164,64,44,66,149,83,170,127,95,48,43,41,39,40,41,41,45,51,59,77,58,132,35,59,140,83,151,119,148,123,79,96,171,163,168,114,145,140,53,133,191,163,201,178,136,121,189,119,153,80,96,232,66,31,89,68,51,45,43,62,68,42,34,46,58,163,129,153,155,160,131,147,131,124,156,113,114,101,124,197,188,79,108,160,171,155,143,85,70,73,131,107,84,49,79,57,75,110,94,83,71,91,104,58,80,77,88,96,114,86,101,121,141,162,120,118,,,,,,,,,,,,,,,,,,,,,,,,,,,,,,99,144,49,159,125,192,105,205,146,120,139,96,131,162,,134,120,160,142,144,129,135,125,115,119,125,115,106,100,103,86,110,89,113,119,141,113,99,127,123,157,95,56,92,134,121,152,148,132,137,64,47,55,46,104,57,84,69,49,54,61,64,48,69,152,155,151,155,154,85,152,144,117,104,89,111,64,98,109,104,105,60,56,63,125,57,61,60,59,65,46,34,55,43,46,83,46,61,53,65,89,71,73,130,127,57,53,128,76,103,105,,64,82,64,39,54,73,52,61,,52,55,65,61,67,58,46,57,54,65,60,60,51,67,127,129,128,143,,148,85,91,149,89,109,122,75,93,119,111,,97,,105,,93,141,110,132,117,96,131,117,143,128,91,129,113,118,128,129,131,132,103,125,112,108,131,123,,,,58,,
20260618,15,O3_8h,119,147,140,112,138,150,141,122,107,148,132,149,153,160,141,119,97,102,97,94,85,115,82,69,82,71,104,119,64,71,50,77,56,95,62,79,72,153,129,79,56,65,58,44,124,68,48,55,122,79,129,100,81,45,36,52,40,47,43,42,47,42,48,70,47,83,42,52,129,81,101,78,108,94,65,75,125,126,127,87,133,127,54,81,145,130,147,147,91,107,126,97,124,76,96,164,44,32,68,64,43,43,37,64,47,36,32,36,52,113,127,144,145,135,106,118,107,102,117,85,108,97,107,152,138,67,94,137,132,125,115,92,61,84,111,101,72,40,62,46,80,70,61,57,54,63,66,56,73,55,81,69,79,74,74,106,107,114,87,103,,,,,,,,,,,,,,,,,,,,,,,,,,,,,,86,102,42,137,115,168,113,161,107,120,120,87,112,143,,123,125,137,114,117,108,100,118,101,97,100,96,100,93,93,76,88,95,92,106,110,83,51,71,88,126,87,55,57,93,65,125,100,106,139,62,44,47,44,68,48,63,52,36,48,54,58,44,55,127,117,117,125,124,76,110,117,105,102,81,99,85,99,97,84,95,79,59,76,98,45,52,59,70,48,35,52,52,40,45,55,39,42,43,40,63,60,55,77,73,73,38,74,66,66,74,,46,57,40,49,74,56,47,43,,39,45,61,51,48,44,43,49,46,40,50,39,44,52,107,123,120,120,,143,61,77,136,88,108,115,53,82,89,76,,110,,76,,92,103,94,110,94,79,105,102,107,96,74,112,98,89,89,90,112,98,92,100,74,98,107,79,,,,54,,
20260618,15,O3_8h_24h,119,147,140,112,138,150,138,122,107,148,132,149,154,160,137,119,97,102,97,94,85,115,82,69,82,71,104,119,64,71,50,68,56,95,62,79,53,153,129,79,56,65,58,44,124,68,48,55,122,79,129,100,80,44,36,47,40,45,43,42,43,42,48,70,43,83,35,52,129,80,101,78,108,93,65,75,125,126,127,87,133,127,54,81,145,130,147,147,91,107,126,97,124,76,96,164,44,31,68,62,43,42,37,62,47,36,32,36,52,113,127,143,145,135,106,118,107,102,136,85,108,97,107,152,138,67,90,137,132,124,115,91,50,75,111,101,69,40,62,46,80,70,61,57,54,63,66,55,65,55,81,69,79,74,74,106,107,114,87,103,,,,,,,,,,,,,,,,,,,,,,,,,,,,,,83,102,42,137,115,168,110,161,107,120,120,87,112,143,,123,119,137,114,117,108,113,118,101,97,100,96,100,93,93,76,88,95,92,106,110,83,47,71,88,126,84,55,57,93,65,125,100,106,139,62,44,47,44,68,48,62,52,35,48,54,58,44,54,127,117,117,125,124,71,110,117,105,95,81,99,74,99,97,84,95,67,59,71,98,45,52,59,70,48,35,49,52,40,45,55,39,42,43,40,63,60,55,77,73,60,38,74,66,66,74,,46,57,38,46,64,56,46,43,,39,45,61,51,48,44,43,49,46,40,50,39,44,52,107,123,120,120,,135,61,77,136,88,108,115,53,82,89,76,,106,,76,,92,103,94,110,94,79,105,102,107,95,74,112,88,89,89,90,112,93,88,100,74,98,107,79,,,,54,,
20260618,15,CO,0.70,0.68,0.56,0.61,0.35,0.30,0.50,0.47,0.45,0.43,0.38,0.40,0.53,0.77,0.55,0.69,0.62,0.44,0.44,0.44,0.77,0.98,0.73,0.41,0.36,0.92,0.86,1.00,0.96,0.53,0.84,0.42,0.45,0.75,0.63,0.43,0.53,0.65,0.57,0.43,0.55,0.40,0.30,0.50,0.82,0.30,0.28,0.50,0.31,0.39,0.55,0.97,0.49,0.45,0.47,0.57,0.40,0.35,0.47,0.47,0.57,0.40,0.59,0.35,0.54,0.52,0.63,0.40,0.26,0.58,0.73,0.35,0.34,0.31,0.34,0.67,0.50,0.58,0.66,0.50,0.33,0.50,0.47,0.33,0.52,0.43,0.52,0.56,0.38,0.37,0.58,0.40,0.23,0.76,0.23,0.65,0.60,0.67,0.47,0.60,0.50,0.50,0.70,0.47,0.40,0.60,0.53,0.55,0.33,0.20,0.56,0.57,0.77,0.78,0.40,0.92,0.55,0.72,0.50,0.47,0.45,0.33,0.42,0.63,0.87,0.46,0.48,0.50,0.47,0.60,0.75,0.48,0.47,0.53,0.78,0.98,0.70,0.47,0.47,0.63,0.40,0.57,0.57,0.63,0.47,0.45,0.60,0.20,0.70,0.42,0.40,0.65,0.50,0.50,0.50,0.20,0.47,1.00,0.26,0.15,,,,,,,,,,,,,,,,,,,,,,,,,,,,,,0.43,0.60,0.40,0.50,0.30,0.85,0.55,0.90,0.33,0.27,0.37,0.20,0.45,0.60,,0.35,0.40,0.78,0.87,0.55,0.77,0.43,0.50,0.55,0.55,0.45,0.30,0.30,0.23,0.17,0.47,0.42,0.35,0.50,0.30,0.40,0.25,0.58,0.50,0.55,0.72,0.70,0.40,0.70,0.65,0.37,0.57,0.33,1.02,0.33,0.40,0.80,0.30,0.35,0.80,0.57,1.00,0.80,0.30,0.26,0.40,0.58,0.47,0.45,0.58,0.50,0.45,0.47,0.42,0.82,0.33,0.27,0.38,0.63,0.76,0.73,0.70,0.70,0.57,0.80,0.60,0.55,0.73,0.45,0.90,0.50,0.57,0.55,0.45,0.50,0.30,0.65,0.68,0.57,0.37,0.40,0.37,0.80,0.70,0.50,0.50,0.50,0.50,0.60,0.60,0.47,0.32,0.55,0.65,0.30,0.20,,0.25,0.50,0.47,0.60,0.40,0.55,0.30,0.50,,0.55,0.45,0.50,0.45,0.60,0.55,0.40,0.20,0.20,0.60,0.35,0.30,0.35,0.40,0.35,0.20,0.35,0.30,,0.25,0.35,0.43,0.40,0.50,0.70,0.25,0.40,0.30,0.45,0.65,,0.35,,0.35,,0.25,0.60,,0.20,0.30,0.30,0.10,0.30,0.53,0.35,0.25,0.45,,0.20,0.25,0.55,0.15,0.30,0.25,0.45,,0.20,0.25,0.25,,,,0.35,,
20260618,15,CO_24h,0.50,0.72,0.48,0.73,0.65,0.30,0.40,0.33,0.30,0.50,0.55,0.42,0.47,0.72,0.62,0.88,0.68,0.50,0.50,0.51,0.57,0.92,0.65,0.47,0.34,0.76,0.76,0.90,0.68,0.57,0.80,0.36,0.50,0.75,0.63,0.47,0.59,0.63,0.57,0.47,0.65,0.57,0.40,0.45,0.72,0.35,0.28,0.63,0.37,0.41,0.53,0.82,0.56,0.42,0.49,0.53,0.47,0.30,0.47,0.47,0.53,0.40,0.64,0.35,0.52,0.58,0.50,0.44,0.27,0.54,0.80,0.70,0.38,0.32,0.43,0.70,0.54,0.52,0.64,0.53,0.37,0.63,0.53,0.34,0.60,0.37,0.60,0.65,0.40,0.37,0.62,0.42,0.28,0.54,0.27,0.60,0.63,0.72,0.43,0.53,0.65,0.50,0.70,0.53,0.40,0.60,0.53,0.55,0.40,0.20,0.54,0.58,0.75,0.80,0.50,0.88,0.70,0.84,0.72,0.57,0.46,0.40,0.48,0.58,0.70,0.58,0.49,0.38,0.57,0.57,0.68,0.38,0.55,0.53,0.72,0.93,0.70,0.43,0.57,0.67,0.40,0.63,0.60,1.55,0.47,0.33,0.63,0.25,0.72,0.40,0.47,0.60,0.50,0.58,0.50,0.20,0.60,0.80,0.30,0.15,,,,,,,,,,,,,,,,,,,,,,,,,,,,,,0.58,0.60,0.45,0.50,0.47,0.75,0.50,0.77,0.53,0.33,0.43,0.30,0.60,0.60,,0.20,0.45,0.70,0.70,0.70,0.80,0.43,0.60,0.60,0.60,0.40,0.40,0.37,0.37,0.23,0.47,0.45,0.35,0.47,0.40,0.50,0.25,0.38,0.42,0.40,0.65,0.72,0.45,0.50,0.52,0.27,0.45,0.27,0.75,0.37,0.50,1.00,0.35,0.40,0.90,0.70,0.63,0.57,0.50,0.26,0.30,0.68,0.60,0.60,0.54,0.43,0.45,0.47,0.48,0.63,0.30,0.37,0.50,0.67,0.78,0.70,0.82,0.60,0.60,0.80,0.60,0.55,0.73,0.55,0.90,0.55,0.70,0.60,0.55,0.45,0.30,0.60,0.65,0.63,0.40,0.50,0.43,0.80,0.75,0.50,0.73,0.60,0.50,0.65,0.65,0.38,0.32,0.60,0.65,0.35,0.30,,0.25,0.65,0.50,0.43,0.50,0.60,0.30,0.55,,0.55,0.40,0.50,0.40,0.60,0.60,0.60,0.20,0.30,0.70,0.35,0.35,0.55,0.35,0.45,0.20,0.40,0.40,,0.25,0.35,0.47,0.47,0.40,0.80,0.35,0.45,0.30,0.50,0.60,,0.45,,0.35,,0.25,0.60,0.40,0.20,0.50,0.40,0.20,0.40,0.47,0.35,0.35,0.45,,0.20,0.25,0.80,0.15,0.40,0.25,0.45,0.30,0.10,0.30,0.25,,,,0.40,,
20260618,16,AQI,69,102,71,57,54,54,81,54,46,113,74,91,81,90,63,50,36,38,38,37,69,93,37,35,42,51,69,93,70,33,46,20,37,81,43,29,24,76,63,35,25,20,18,14,60,18,13,19,48,25,51,48,32,14,11,15,12,12,12,13,15,16,18,24,19,43,20,18,44,27,47,33,45,39,38,26,58,49,54,34,45,50,13,42,89,55,107,76,44,37,85,40,46,27,29,118,21,14,30,30,16,21,15,19,18,13,10,13,18,54,40,46,42,65,42,58,43,38,48,36,37,33,38,93,86,24,36,56,68,59,40,30,43,53,45,59,49,15,37,18,37,35,31,24,21,31,34,20,26,24,29,30,34,28,33,36,44,73,37,38,,,,,,,,,,,,,,,,,,,,,,,,,,,,,,31,54,14,47,40,81,28,100,45,41,45,28,54,51,,43,39,50,44,48,42,43,40,37,39,38,36,33,32,31,26,36,32,34,38,42,34,59,47,41,46,31,18,80,51,39,53,46,43,43,18,16,16,15,28,18,26,23,16,17,18,20,15,21,51,49,50,48,45,47,46,42,50,33,39,41,49,32,37,34,31,23,17,18,38,17,19,30,18,59,15,28,31,26,19,31,14,24,15,22,29,23,26,43,43,21,25,42,27,31,33,,23,26,20,19,24,23,17,18,,14,18,21,20,26,18,14,15,17,24,19,23,16,21,42,42,41,47,,47,27,30,46,26,34,35,27,33,38,39,,32,,31,,30,45,34,41,38,30,42,38,49,41,28,60,37,38,39,59,47,52,75,41,34,33,42,42,,,,18,,
20260618,16,PM2.5,48,31,45,37,26,20,46,30,26,48,34,27,30,36,19,11,20,11,17,14,50,39,26,15,8,33,29,42,51,22,32,5,26,60,26,12,8,37,14,15,13,3,3,3,43,5,4,6,19,6,30,31,19,6,5,10,5,6,6,5,4,3,4,13,9,15,7,4,8,14,15,15,12,9,8,15,18,17,17,19,19,35,4,17,11,14,22,27,12,12,15,10,18,9,9,42,4,8,15,12,3,5,5,12,5,6,5,3,4,13,14,20,19,47,10,25,5,5,19,10,16,7,11,40,64,6,21,26,33,42,24,15,30,37,29,42,34,3,13,3,15,11,20,5,6,14,11,13,7,8,12,16,14,7,7,9,11,23,4,4,,,,,,,,,,,,,,,,,,,,,,,,,,,,,,10,38,3,17,16,42,13,42,3,15,17,17,23,25,,6,5,9,7,6,17,14,3,3,3,21,5,3,9,11,6,9,11,9,10,15,9,42,33,19,26,11,11,59,36,12,36,16,24,30,4,6,8,3,9,8,12,5,4,5,5,6,3,3,36,22,17,21,19,26,19,15,24,9,27,23,34,18,26,24,16,16,4,7,23,3,3,21,3,42,5,12,11,15,13,15,5,14,6,8,4,10,10,17,14,15,14,17,7,7,3,,3,3,10,13,7,6,5,8,,9,11,13,3,5,5,3,10,7,14,3,3,8,7,3,3,3,3,,3,3,6,19,3,12,15,14,14,9,6,,11,,12,,9,11,,9,26,14,3,3,11,19,7,43,7,3,6,42,16,9,25,5,3,3,3,5,,,,8,,
20260618,16,PM2.5_24h,24,42,42,47,32,31,35,16,14,43,39,34,46,48,17,30,25,19,14,32,31,47,20,17,23,28,34,40,42,19,22,7,30,47,30,9,48,41,32,9,17,15,11,4,23,6,8,12,23,13,29,34,26,6,5,6,8,5,6,6,5,5,7,15,11,23,7,7,7,11,18,20,15,11,26,29,21,17,40,19,35,32,12,23,31,19,34,36,23,14,22,18,28,13,13,33,4,8,14,9,7,7,7,10,8,10,11,6,5,17,19,24,27,50,12,31,21,21,36,20,14,13,18,30,35,19,22,30,33,28,31,16,37,35,29,45,37,7,17,7,12,19,14,16,7,13,21,12,17,8,20,24,20,19,14,22,14,20,8,23,,,,,,,,,,,,,,,,,,,,,,,,,,,,,,28,30,10,20,30,53,12,45,24,16,16,16,22,17,,6,9,23,22,29,21,24,16,6,13,15,19,16,19,11,10,12,12,12,12,15,12,26,29,19,28,24,17,36,27,22,26,16,23,34,8,9,5,6,8,19,19,10,11,5,8,14,8,15,39,28,23,27,29,24,19,25,26,18,35,29,39,23,32,26,25,18,12,34,31,4,22,28,34,33,8,11,12,12,15,17,6,7,8,12,14,11,11,17,21,15,12,21,14,14,7,,4,10,7,10,19,7,6,14,,8,13,9,5,11,11,6,8,11,10,5,11,11,7,4,4,2,10,,3,5,14,26,6,16,14,20,27,24,21,,18,,21,,14,17,9,10,17,9,4,7,22,22,16,36,37,10,7,42,16,11,40,11,6,3,6,13,,,,13,,
20260618,16,PM10,87,55,76,64,57,32,67,57,46,79,47,52,54,54,39,32,29,20,38,21,71,51,34,29,42,52,63,62,52,32,44,8,37,72,43,29,11,43,24,30,20,8,9,10,56,13,8,11,43,13,50,48,32,10,10,15,7,8,12,10,7,6,17,21,17,28,20,10,12,20,30,19,33,28,38,20,37,34,26,28,25,38,10,37,42,41,55,51,40,33,54,33,42,27,20,74,8,14,30,30,10,21,7,18,8,12,8,13,12,41,24,32,42,74,19,48,20,16,42,18,35,12,29,51,73,14,36,46,48,59,36,30,38,44,45,40,,13,37,10,37,19,23,24,17,26,20,18,11,17,13,24,34,11,17,9,32,39,16,29,,,,,,,,,,,,,,,,,,,,,,,,,,,,,,23,39,6,36,36,57,22,63,12,41,25,28,57,42,,6,15,32,28,27,30,29,13,15,20,30,23,7,9,14,13,16,18,24,15,14,33,50,46,41,46,23,15,68,41,33,43,27,35,35,10,8,16,6,16,12,25,15,16,17,13,13,12,13,46,39,36,26,30,47,34,36,50,15,33,41,39,20,32,,25,22,17,12,,7,6,30,9,,11,28,31,26,13,31,14,24,12,22,11,16,13,30,32,16,25,21,15,15,10,,14,9,12,,24,12,11,14,,,7,21,12,26,9,8,,11,24,10,23,10,13,7,7,10,8,,11,7,14,36,6,15,26,22,24,12,31,,24,,28,,20,19,,11,,19,6,19,28,20,8,49,24,22,23,,47,53,99,17,26,30,12,40,,,,15,,
20260618,16,PM10_24h,42,63,66,71,63,45,59,25,30,58,59,70,65,75,36,39,33,23,33,43,43,55,22,24,37,39,48,57,45,20,30,10,36,53,50,23,62,45,37,20,27,28,20,14,43,18,12,16,44,14,47,49,39,11,13,10,10,7,13,13,12,10,17,25,20,28,19,15,12,21,32,27,47,31,40,40,36,44,53,26,32,36,15,34,57,41,53,64,40,27,50,37,43,20,18,49,9,12,24,20,15,20,12,14,12,15,18,16,11,40,32,39,67,79,22,43,26,30,47,25,27,17,34,41,53,27,36,53,52,48,54,29,45,48,41,44,29,18,34,16,25,30,16,40,18,23,25,19,23,14,35,33,36,24,24,45,25,51,24,64,,,,,,,,,,,,,,,,,,,,,,,,,,,,,,37,46,18,49,51,70,23,66,63,43,29,31,60,33,,9,26,35,32,35,30,28,23,16,22,20,20,21,20,18,14,15,15,11,20,18,19,35,38,40,49,34,23,33,45,37,29,27,33,37,22,17,15,13,16,24,29,25,24,15,21,26,27,27,53,49,42,43,42,45,35,46,50,27,47,47,46,45,37,36,39,26,23,35,35,10,27,38,40,30,16,27,21,16,16,29,15,16,21,25,29,17,15,20,34,17,25,27,20,18,20,,7,18,10,8,32,12,13,14,,9,12,19,9,27,15,11,11,17,23,10,17,23,17,7,10,13,15,,12,8,19,41,13,23,30,28,54,35,47,,35,,38,,24,28,16,22,25,24,11,17,58,45,26,127,121,25,22,69,41,43,150,26,28,23,32,43,,,,23,,
20260618,16,SO2,3,7,3,10,7,3,4,4,3,2,6,5,4,11,11,6,9,5,5,6,6,7,5,8,7,7,6,7,8,10,7,7,6,6,7,5,6,6,8,6,6,2,4,5,9,4,2,7,6,6,4,6,6,6,4,5,5,5,5,3,4,6,3,4,9,5,7,4,6,5,9,11,6,6,7,7,12,7,7,5,6,6,2,14,9,8,9,9,7,6,6,5,9,9,4,9,5,5,6,4,7,6,5,5,4,6,4,3,4,5,7,10,5,14,8,7,9,8,4,4,4,6,5,6,6,3,8,3,8,10,5,10,7,38,5,8,7,4,3,5,2,8,9,11,4,10,4,6,3,2,4,5,2,7,6,4,12,16,5,4,,,,,,,,,,,,,,,,,,,,,,,,,,,,,,7,3,3,4,4,12,4,10,3,7,9,4,11,5,,7,10,7,7,12,6,6,7,8,10,1,5,7,8,5,8,6,3,6,6,8,8,7,12,6,10,8,5,8,6,6,6,5,7,6,6,4,3,3,6,4,10,4,5,2,7,2,5,8,7,8,6,3,5,6,4,4,4,8,7,6,7,4,6,6,3,5,8,5,7,5,4,6,5,3,6,5,3,6,2,9,11,5,6,6,5,9,11,4,14,7,6,6,7,3,3,,7,6,5,6,2,6,4,2,,5,5,7,10,6,8,1,3,4,8,6,6,5,9,6,5,7,,,5,4,4,6,5,7,4,9,10,6,8,,5,,8,,4,10,6,9,10,12,6,18,10,6,7,6,6,8,4,4,6,5,7,7,,7,6,11,,,,4,,
20260618,16,SO2_24h,3,6,4,9,7,5,3,4,3,3,7,6,3,10,10,8,8,5,5,7,6,7,4,6,8,7,6,9,5,9,7,7,6,6,7,5,8,7,7,6,7,2,4,5,9,4,3,8,6,6,5,6,7,5,5,5,5,5,5,3,4,6,3,4,8,5,8,5,6,5,10,21,7,5,7,8,13,8,6,5,6,8,3,13,12,8,10,12,11,7,6,5,7,8,4,10,8,6,6,5,7,6,5,5,5,6,5,3,6,5,8,11,8,10,10,6,8,7,6,5,4,5,5,6,6,4,10,4,9,9,6,9,8,10,5,9,7,5,3,5,2,8,9,17,5,9,3,6,3,3,4,6,3,6,7,10,9,16,5,4,,,,,,,,,,,,,,,,,,,,,,,,,,,,,,6,5,4,5,5,10,5,7,6,9,9,4,11,6,,6,11,8,7,8,7,4,7,10,11,1,5,7,8,5,8,5,4,8,7,10,7,7,11,6,10,8,5,8,7,6,6,5,5,8,5,8,3,4,6,5,10,4,6,2,7,3,5,9,7,7,6,4,7,6,4,5,8,8,7,9,8,5,7,8,4,5,9,6,7,5,5,7,24,3,6,5,2,6,4,13,10,6,6,5,8,8,10,4,9,7,5,6,8,4,3,,6,7,4,6,3,6,3,2,,4,5,7,7,5,8,7,4,4,8,6,7,5,9,7,5,7,4,,4,3,4,7,4,7,6,9,10,6,11,,5,,9,,4,10,8,9,10,14,6,19,9,6,7,6,6,8,5,4,8,5,4,6,3,7,6,7,,,,5,,
20260618,16,NO2,14,15,6,12,15,8,10,11,10,10,8,12,7,14,9,9,12,7,12,16,21,18,14,11,5,8,24,15,24,5,11,5,7,24,56,16,11,17,11,10,11,7,9,11,18,10,7,4,9,9,12,15,3,16,20,19,15,13,17,19,11,7,7,4,12,9,11,6,9,11,6,12,9,4,6,4,8,9,10,7,9,6,7,8,8,5,8,11,7,11,10,5,8,18,8,23,12,11,14,5,5,3,9,3,11,14,14,8,4,9,15,5,11,11,8,13,9,7,10,7,9,5,9,11,13,9,12,5,10,14,11,15,14,8,9,4,11,5,4,5,7,4,9,5,10,5,6,8,5,6,8,11,6,6,8,5,8,14,4,3,,,,,,,,,,,,,,,,,,,,,,,,,,,,,,7,6,2,9,8,7,5,10,7,3,10,5,4,12,,4,5,7,8,9,6,8,4,5,7,16,8,5,5,11,8,5,6,7,8,11,5,17,14,10,17,6,3,19,14,3,17,7,13,6,8,7,4,3,9,3,7,7,2,5,5,7,3,2,8,7,8,6,15,19,6,6,7,6,18,11,14,2,3,5,10,6,6,2,7,4,4,7,3,7,10,12,10,21,15,7,9,8,7,5,5,10,9,8,10,9,15,7,5,3,3,,6,4,9,7,6,5,2,3,,3,4,13,5,4,4,3,3,5,5,6,5,8,7,4,3,3,6,,3,5,4,5,7,10,7,11,6,6,8,,8,,4,,6,4,1,2,2,2,2,1,7,8,9,3,4,5,2,2,3,4,7,5,42,15,2,3,,,,2,,
20260618,16,NO2_24h,21,19,9,15,23,16,16,11,12,21,15,26,8,15,17,16,17,14,19,23,23,26,11,18,13,12,27,25,26,6,13,4,15,23,44,19,21,20,18,10,24,15,13,12,23,12,13,11,18,13,19,24,11,17,15,5,16,6,12,17,11,13,9,5,14,13,10,9,8,9,17,19,16,14,21,12,27,13,13,9,10,17,14,16,21,11,16,22,14,13,19,11,16,16,9,17,13,12,10,8,12,5,12,7,16,13,14,11,7,16,13,9,16,12,19,12,15,16,20,14,12,8,14,18,20,22,12,15,21,14,26,12,16,13,20,7,12,5,6,9,10,11,12,19,14,9,10,8,8,8,16,14,16,9,14,5,12,20,12,6,,,,,,,,,,,,,,,,,,,,,,,,,,,,,,8,14,9,13,14,9,5,13,33,9,14,7,12,19,,6,6,12,9,16,11,14,12,9,12,10,11,8,13,11,6,8,8,10,16,13,7,20,15,9,15,14,8,16,17,9,11,12,15,12,12,11,6,5,14,10,9,7,5,5,5,8,5,6,18,16,14,17,21,15,10,15,12,8,16,20,13,10,9,10,12,5,6,7,12,6,8,9,5,7,18,15,10,12,11,10,10,6,9,9,16,10,8,11,21,7,18,13,9,5,6,,12,10,11,4,8,7,4,8,,5,7,12,6,7,7,4,4,7,6,8,8,10,9,5,3,4,8,,2,7,7,12,6,13,8,12,12,8,19,,9,,7,,8,12,5,1,8,3,11,3,12,14,14,7,7,14,9,25,4,10,8,10,6,9,8,8,,,,5,,
20260618,16,O3,162,203,177,116,118,163,185,151,129,226,179,193,185,192,170,159,115,123,123,118,143,194,104,113,121,118,175,194,135,104,78,65,108,134,47,80,78,181,170,111,79,64,57,45,158,57,42,62,153,80,161,128,98,45,34,37,37,39,35,41,49,50,57,76,61,138,43,58,141,87,150,104,143,126,56,84,166,157,163,110,145,145,40,134,191,164,213,181,142,117,188,128,148,76,93,235,66,30,82,69,50,47,48,62,58,40,31,42,57,163,127,147,128,157,133,166,138,120,155,115,119,107,122,194,189,76,104,165,174,159,127,86,78,78,124,118,82,48,79,56,78,113,100,74,68,100,109,63,83,78,93,95,110,88,106,116,142,178,119,121,,,,,,,,,,,,,,,,,,,,,,,,,,,,,,99,139,46,151,129,185,91,200,144,119,145,88,126,161,,137,125,159,140,152,135,136,127,117,124,122,115,107,102,99,82,114,103,108,122,133,108,117,122,122,136,98,56,93,128,125,162,147,139,110,57,52,46,47,88,57,82,75,52,50,56,63,48,67,155,158,159,153,145,78,146,133,110,106,87,107,72,101,104,93,100,61,50,56,122,54,61,63,58,54,47,47,60,33,40,88,44,56,49,68,94,73,83,139,136,60,53,133,85,100,104,,72,82,65,50,51,72,53,59,,46,57,67,63,71,58,45,48,53,68,61,60,51,68,133,135,131,151,,151,86,96,148,82,109,112,85,104,123,125,,101,,100,,97,143,109,132,123,95,134,123,156,132,91,130,117,121,126,130,134,132,106,130,110,105,133,134,,,,58,,
20260618,16,O3_24h,162,203,177,116,118,163,185,151,129,226,179,193,185,192,170,159,115,123,123,118,143,194,104,113,121,118,175,194,135,104,78,65,108,134,47,80,78,181,170,111,79,64,57,45,158,57,42,62,153,80,161,128,98,45,34,37,37,39,35,41,49,50,57,76,61,138,43,58,141,87,150,104,143,126,56,84,166,157,163,110,145,145,40,134,191,164,213,181,142,117,188,128,148,76,93,235,66,30,82,69,50,47,48,62,58,40,31,42,57,163,127,147,128,157,133,166,138,120,155,115,119,107,122,194,189,76,104,165,174,159,127,86,78,78,124,118,82,48,79,56,78,113,100,74,68,100,109,63,83,78,93,95,110,88,106,116,142,178,119,121,,,,,,,,,,,,,,,,,,,,,,,,,,,,,,99,139,46,151,129,185,91,200,144,119,145,88,126,161,,137,125,159,140,152,135,136,127,117,124,122,115,107,102,99,82,114,103,108,122,133,108,117,122,122,136,98,56,93,128,125,162,147,139,110,57,52,46,47,88,57,82,75,52,50,56,63,48,67,155,158,159,153,145,78,146,133,110,106,87,107,72,101,104,93,100,61,50,56,122,54,61,63,58,54,47,47,60,33,40,88,44,56,49,68,94,73,83,139,136,60,53,133,85,100,104,,72,82,65,50,51,72,53,59,,46,57,67,63,71,58,45,48,53,68,61,60,51,68,133,135,131,151,,151,86,96,148,82,109,112,85,104,123,125,,101,,100,,97,143,109,132,123,95,134,123,156,132,91,130,117,121,126,130,134,132,106,130,110,105,133,134,,,,58,,
20260618,16,O3_8h,135,160,151,114,142,159,149,135,120,171,147,164,162,171,150,131,102,109,105,101,100,133,87,80,93,82,121,139,77,79,55,77,66,107,64,87,61,164,141,90,62,70,61,48,136,72,51,58,131,80,141,108,84,47,37,52,42,47,43,45,44,45,51,72,49,95,42,55,132,83,115,88,118,102,67,87,137,136,137,97,139,134,55,94,158,143,167,158,103,113,147,106,137,77,98,189,48,32,73,65,47,43,40,64,53,38,34,39,54,126,132,148,147,143,116,128,117,111,124,94,112,100,115,167,157,72,96,148,144,132,126,92,64,84,118,106,76,43,67,51,81,82,69,65,58,71,77,57,76,60,84,77,90,78,79,108,116,127,95,107,,,,,,,,,,,,,,,,,,,,,,,,,,,,,,90,112,45,144,119,177,113,176,120,123,128,89,117,154,,129,125,147,122,126,117,104,121,108,107,107,102,103,96,96,79,93,99,96,114,118,93,59,80,96,133,89,59,66,104,76,134,113,116,144,66,48,50,47,75,51,66,57,39,49,56,61,46,58,136,128,127,136,135,78,125,126,123,102,83,102,85,103,102,89,98,79,60,75,107,48,54,63,72,51,39,52,53,41,45,63,40,45,46,47,72,62,60,91,90,73,41,89,71,74,83,,52,64,43,49,74,60,48,48,,42,49,64,54,54,47,44,50,48,47,53,44,49,58,114,124,123,130,,143,67,82,140,90,109,116,59,87,96,89,,110,,83,,98,117,102,116,103,86,117,108,119,101,80,117,98,97,98,99,116,100,92,106,83,101,113,89,,,,56,,
20260618,16,O3_8h_24h,135,160,151,114,142,159,147,135,120,171,147,164,166,171,149,131,102,109,105,101,100,133,87,80,93,82,121,139,77,79,55,67,66,107,64,87,59,164,141,90,62,70,61,48,136,72,51,57,131,80,141,108,84,46,36,46,41,44,42,45,44,45,51,72,46,95,36,55,132,81,115,88,118,101,67,79,137,136,137,97,139,134,55,94,158,143,167,158,103,113,147,106,133,77,98,189,48,31,73,63,47,42,40,62,53,38,34,39,54,126,132,147,147,143,116,128,117,111,145,94,112,100,115,167,157,72,94,148,144,132,126,91,56,77,118,106,74,43,67,51,81,82,69,65,58,71,77,57,69,60,84,77,90,78,79,108,116,127,95,107,,,,,,,,,,,,,,,,,,,,,,,,,,,,,,87,112,45,144,119,177,109,176,120,123,128,89,117,154,,129,120,147,122,126,117,119,121,108,107,107,102,103,96,96,79,93,99,101,114,118,93,58,80,96,133,88,59,66,104,76,134,113,116,144,66,48,50,47,75,51,66,57,39,49,56,61,46,58,136,128,127,136,135,74,125,126,107,96,82,102,73,103,102,89,98,65,60,69,107,48,54,63,71,51,39,43,53,41,45,63,40,45,46,47,72,62,60,91,90,60,41,89,71,74,83,,52,64,43,46,63,60,48,48,,42,49,64,54,54,47,44,50,48,47,53,44,49,58,114,124,123,130,,136,67,82,140,90,109,115,59,87,96,89,,106,,83,,98,117,102,116,103,86,117,108,119,101,80,117,93,97,98,99,116,98,90,106,83,101,113,89,,,,56,,
20260618,16,CO,0.75,0.70,0.64,0.61,0.30,0.37,0.45,0.47,0.45,0.45,0.47,0.40,0.58,0.68,0.50,0.80,0.63,0.45,0.51,0.43,0.87,1.01,0.73,0.46,0.34,0.86,0.91,1.01,0.84,0.55,0.84,0.40,0.45,0.73,0.64,0.50,0.54,0.60,0.65,0.47,0.55,0.43,0.30,0.50,0.88,0.30,0.28,0.50,0.31,0.39,0.55,0.93,0.50,0.46,0.54,0.57,0.43,0.35,0.47,0.47,0.57,0.40,0.60,0.35,0.54,0.51,0.63,0.41,0.24,0.57,0.70,0.35,0.32,0.28,0.44,0.56,0.46,0.52,0.62,0.53,0.30,0.57,0.47,0.30,0.52,0.40,0.58,0.52,0.36,0.36,0.60,0.40,0.26,0.58,0.23,0.68,0.60,0.70,0.50,0.60,0.50,0.45,0.70,0.47,0.35,0.70,0.50,0.55,0.33,0.20,0.57,0.53,0.73,0.78,0.40,1.02,0.62,0.66,0.48,0.45,0.44,0.33,0.40,0.63,0.97,0.44,0.47,0.45,0.48,0.63,0.75,0.45,0.53,0.57,0.77,0.93,0.70,0.43,0.47,0.60,0.40,0.57,0.57,0.50,0.47,0.40,0.57,0.20,0.70,0.40,0.37,0.55,0.40,0.47,0.50,0.20,0.60,0.80,0.26,0.15,,,,,,,,,,,,,,,,,,,,,,,,,,,,,,0.47,0.50,0.40,0.50,0.27,0.90,0.60,0.87,0.27,0.27,0.43,0.30,0.45,0.55,,0.35,0.35,0.70,0.77,0.55,0.83,0.47,0.50,0.50,0.55,0.50,0.30,0.33,0.23,0.17,0.47,0.42,0.30,0.50,0.30,0.40,0.25,0.58,0.48,0.45,0.73,0.65,0.40,0.70,0.66,0.30,0.60,0.30,0.88,0.27,0.43,0.70,0.40,0.40,0.70,0.50,0.87,0.63,0.30,0.30,0.40,0.60,0.50,0.40,0.57,0.47,0.45,0.42,0.44,0.95,0.27,0.23,0.37,0.63,0.76,0.63,0.73,0.60,0.57,0.80,0.57,0.55,0.70,0.45,0.90,0.50,0.60,0.60,0.40,0.50,0.30,0.60,0.68,0.80,0.47,0.40,0.37,0.80,0.70,0.50,0.50,0.50,0.50,0.60,0.55,0.45,0.32,0.55,0.55,0.30,0.20,,0.20,0.40,0.47,0.60,0.40,0.55,0.30,0.50,,0.55,0.40,0.50,0.45,0.60,0.55,0.40,0.10,0.20,0.60,0.35,0.30,0.45,0.35,0.30,0.20,0.35,0.30,,0.25,0.35,0.43,0.33,0.50,0.70,0.25,0.40,0.20,0.40,0.65,,0.35,,0.35,,0.25,0.60,0.40,0.20,0.30,0.30,0.10,0.30,0.50,0.35,0.25,0.45,,0.20,0.25,0.55,0.15,0.30,0.30,0.45,,0.20,0.20,0.25,,,,0.35,,
20260618,16,CO_24h,0.52,0.72,0.48,0.74,0.60,0.30,0.41,0.33,0.30,0.53,0.55,0.40,0.47,0.73,0.62,0.90,0.68,0.50,0.50,0.51,0.57,0.92,0.65,0.47,0.34,0.76,0.76,0.91,0.68,0.57,0.82,0.36,0.50,0.75,0.63,0.47,0.59,0.63,0.57,0.47,0.65,0.53,0.40,0.45,0.73,0.35,0.28,0.60,0.37,0.41,0.54,0.83,0.57,0.43,0.50,0.53,0.47,0.30,0.47,0.47,0.53,0.40,0.64,0.35,0.53,0.58,0.53,0.44,0.27,0.54,0.80,0.70,0.38,0.32,0.43,0.70,0.54,0.52,0.64,0.53,0.37,0.63,0.53,0.34,0.60,0.37,0.60,0.65,0.40,0.37,0.62,0.42,0.28,0.54,0.27,0.60,0.63,0.72,0.43,0.53,0.65,0.50,0.70,0.53,0.40,0.60,0.50,0.55,0.40,0.20,0.54,0.58,0.75,0.82,0.50,0.88,0.70,0.86,0.72,0.57,0.46,0.40,0.48,0.58,0.70,0.58,0.49,0.38,0.58,0.57,0.70,0.38,0.55,0.53,0.72,0.93,0.70,0.43,0.57,0.66,0.40,0.63,0.60,1.55,0.47,0.33,0.63,0.25,0.72,0.42,0.47,0.60,0.50,0.58,0.50,0.20,0.60,0.78,0.30,0.15,,,,,,,,,,,,,,,,,,,,,,,,,,,,,,0.58,0.60,0.45,0.50,0.47,0.75,0.50,0.77,0.53,0.33,0.43,0.30,0.55,0.60,,0.20,0.45,0.70,0.70,0.70,0.80,0.43,0.60,0.60,0.60,0.40,0.40,0.37,0.37,0.20,0.47,0.45,0.35,0.47,0.40,0.50,0.25,0.40,0.42,0.40,0.65,0.75,0.45,0.55,0.54,0.27,0.50,0.27,0.77,0.37,0.50,0.97,0.35,0.40,0.85,0.70,0.63,0.57,0.50,0.26,0.30,0.68,0.55,0.60,0.54,0.43,0.45,0.47,0.48,0.65,0.30,0.37,0.47,0.67,0.78,0.70,0.82,0.60,0.60,0.80,0.60,0.55,0.73,0.55,0.90,0.55,0.70,0.60,0.55,0.45,0.30,0.60,0.63,0.63,0.40,0.55,0.43,0.80,0.75,0.50,0.70,0.55,0.50,0.65,0.65,0.38,0.32,0.60,0.65,0.30,0.30,,0.25,0.65,0.50,0.43,0.50,0.60,0.30,0.55,,0.55,0.40,0.50,0.40,0.60,0.60,0.60,0.20,0.30,0.70,0.35,0.35,0.55,0.35,0.45,0.20,0.40,0.40,,0.25,0.35,0.43,0.43,0.40,0.80,0.35,0.45,0.30,0.50,0.60,,0.40,,0.30,,0.25,0.60,0.40,0.20,0.50,0.40,0.20,0.40,0.47,0.35,0.35,0.45,,0.20,0.25,0.80,0.15,0.40,0.25,0.45,0.30,0.10,0.30,0.25,,,,0.40,,
20260618,17,AQI,69,99,65,55,54,51,88,52,51,113,74,89,59,89,48,58,35,38,39,33,76,69,32,33,38,47,63,75,60,32,47,21,46,61,50,20,25,48,49,28,23,18,19,16,61,17,11,18,48,23,54,46,30,12,14,16,14,15,20,16,14,14,17,23,21,45,16,19,45,27,42,29,44,40,14,19,49,49,48,34,45,44,11,41,89,58,101,71,44,33,79,38,45,23,26,115,20,18,26,34,14,17,15,22,17,16,13,13,18,55,39,44,44,74,41,61,44,34,47,36,36,33,40,59,93,21,32,63,58,63,44,34,37,51,49,44,46,15,38,16,37,37,34,23,20,33,36,21,25,24,29,29,33,26,28,40,43,63,35,39,,,,,,,,,,,,,,,,,,,,,,,,,,,,,,29,42,14,45,39,85,28,91,43,41,47,33,53,63,,44,40,47,40,49,46,43,39,37,40,38,36,33,32,29,29,37,35,31,37,34,29,53,43,39,33,28,19,79,51,38,64,43,46,30,16,14,15,15,21,17,17,21,15,16,19,18,15,20,51,49,55,43,45,39,45,34,48,46,41,35,51,29,37,33,30,19,17,17,37,16,19,30,18,56,20,29,21,29,17,28,14,26,15,23,29,23,26,43,45,23,24,43,26,32,33,,23,26,21,21,18,22,16,18,,13,24,21,20,31,18,14,15,16,23,18,19,17,21,43,43,40,46,,46,27,30,45,26,32,35,30,36,40,40,,36,,31,,30,38,37,42,39,30,41,39,49,41,32,65,40,40,38,59,46,62,85,40,36,39,41,40,,,,18,,
20260618,17,PM2.5,46,36,47,35,30,21,43,33,35,48,31,19,29,37,23,15,22,12,12,15,56,39,18,12,11,27,32,44,43,20,33,4,32,44,33,6,6,32,16,14,13,3,8,3,44,4,4,5,20,4,23,32,17,8,8,7,7,7,9,10,4,4,6,13,9,13,6,3,7,11,25,19,16,8,4,6,20,24,20,21,22,28,4,13,13,14,20,26,12,12,16,8,16,9,9,42,5,8,16,12,3,2,5,12,4,7,7,3,3,15,15,19,16,54,12,33,6,6,14,10,14,6,14,42,69,4,18,29,30,41,31,19,26,36,29,31,32,5,13,4,14,10,16,5,9,10,14,13,8,9,12,14,15,8,13,8,12,30,5,3,,,,,,,,,,,,,,,,,,,,,,,,,,,,,,9,22,3,24,15,44,18,36,7,17,19,17,26,20,,5,3,8,8,5,24,13,3,3,5,21,11,3,7,9,13,15,15,6,10,17,3,37,27,17,12,11,9,58,36,13,35,16,26,18,3,6,8,3,8,6,10,4,4,3,4,8,4,3,32,26,27,29,25,23,16,8,21,6,29,22,36,15,26,23,15,6,4,8,26,3,3,20,3,40,5,12,10,20,12,15,3,13,9,8,3,9,10,14,11,16,14,17,3,8,3,,3,5,10,15,6,7,5,7,,5,17,8,3,12,8,3,10,3,12,6,3,5,5,3,3,5,7,,3,3,6,16,3,13,13,12,20,10,9,,5,,16,,10,13,,9,18,14,3,6,16,17,3,28,12,8,3,42,23,8,20,6,3,3,3,6,,,,7,,
20260618,17,PM2.5_24h,26,43,42,48,33,31,36,17,15,44,39,33,46,48,18,30,25,19,14,32,33,48,21,17,23,28,35,41,43,19,23,7,31,47,30,9,41,41,32,9,18,15,11,4,24,6,8,12,24,13,29,34,26,6,5,6,8,5,6,7,5,5,7,15,11,23,7,7,7,10,18,20,15,11,25,28,21,18,40,20,35,32,12,23,31,19,34,36,23,14,23,18,28,13,13,34,3,8,14,9,7,7,7,11,8,10,11,6,5,18,19,24,27,50,12,31,20,20,36,20,14,13,18,32,37,19,22,30,33,29,31,16,37,35,29,46,37,6,17,7,12,18,14,16,7,13,22,12,16,8,19,23,20,19,14,21,14,21,8,22,,,,,,,,,,,,,,,,,,,,,,,,,,,,,,27,31,10,21,30,53,12,46,23,16,16,17,23,18,,6,8,24,21,29,22,24,16,6,12,15,19,15,19,11,10,13,12,11,12,15,11,28,30,20,28,24,17,38,29,22,27,16,23,34,8,9,5,6,8,18,19,10,11,4,7,13,7,14,39,28,23,28,29,24,18,24,26,17,35,29,38,23,32,26,25,17,12,34,31,4,21,28,33,34,7,11,12,13,10,17,6,7,8,12,13,11,12,17,21,15,12,21,14,14,7,,4,9,7,10,19,7,6,13,,8,13,9,5,11,11,6,8,11,11,5,10,11,7,4,4,2,10,,3,5,13,26,6,16,14,20,27,22,20,,17,,21,,13,17,8,10,17,10,4,7,22,22,16,36,29,9,7,43,17,11,39,11,6,3,5,12,,,,13,,
20260618,17,PM10,87,63,67,60,58,29,64,53,52,80,45,53,46,55,31,37,31,23,32,22,77,51,32,27,36,47,67,64,46,26,44,7,46,55,50,20,9,38,24,26,21,9,12,16,57,13,8,10,43,17,57,44,30,12,14,16,14,15,20,15,8,7,15,22,17,25,16,7,10,18,38,27,38,26,13,10,36,44,36,30,30,31,8,33,44,43,53,52,37,31,58,35,38,16,21,80,12,18,26,34,7,,9,22,8,16,13,9,14,41,27,34,44,76,23,62,23,26,39,16,31,15,37,51,84,12,32,50,43,75,41,34,29,43,49,37,37,15,38,15,37,18,19,22,20,27,22,19,12,13,18,20,33,15,19,17,31,75,19,25,,,,,,,,,,,,,,,,,,,,,,,,,,,,,,21,31,8,39,36,66,22,59,17,41,28,33,55,38,,11,15,30,39,33,39,28,15,13,24,37,23,14,9,17,18,21,13,20,17,,26,50,43,39,32,20,19,68,49,31,43,28,37,30,12,11,12,11,21,15,11,16,12,14,19,16,15,13,52,42,46,36,45,39,37,28,48,46,33,35,42,28,28,27,26,13,17,12,,8,6,30,7,44,20,29,19,22,11,27,10,26,15,23,12,15,13,27,39,18,24,23,14,19,7,,9,11,10,15,10,14,14,13,,10,,17,12,31,6,9,,7,22,7,10,12,14,8,7,24,18,,13,11,17,36,6,19,25,18,24,15,30,,23,,27,,25,28,,10,,22,11,12,30,20,13,80,21,20,28,,46,73,120,17,30,39,11,40,,,,14,,
20260618,17,PM10_24h,46,64,66,72,64,45,61,26,32,60,59,70,64,76,37,40,33,23,33,42,45,56,23,24,37,40,49,58,46,20,31,10,37,53,50,23,53,46,36,21,27,27,20,15,44,18,11,16,44,14,48,50,39,11,13,11,11,8,13,13,11,11,18,25,20,28,19,15,11,19,32,27,47,31,39,39,37,44,52,27,32,36,15,35,57,41,53,64,40,27,51,37,43,20,18,51,9,13,24,21,15,21,12,15,12,14,18,16,12,40,33,38,66,79,23,44,27,30,47,25,27,17,34,42,56,27,36,54,53,50,54,29,43,48,42,44,30,18,34,17,26,30,17,40,18,23,25,19,22,15,33,32,37,23,23,44,25,51,24,58,,,,,,,,,,,,,,,,,,,,,,,,,,,,,,36,47,18,49,51,71,23,66,62,43,30,31,60,34,,9,26,35,31,36,31,28,23,16,22,21,20,20,20,18,14,15,14,11,20,18,20,36,39,40,49,34,23,35,46,37,30,27,33,37,21,17,14,13,17,23,28,24,22,14,20,25,26,26,54,49,42,44,43,45,36,46,50,27,45,47,46,45,37,36,39,25,22,33,35,9,26,38,39,30,16,28,22,17,17,29,14,16,21,25,27,17,15,21,34,16,25,26,19,18,20,,7,17,10,8,32,12,13,14,,9,12,19,10,27,15,11,11,16,23,10,17,24,17,7,9,13,15,,12,8,19,41,12,22,30,27,51,32,46,,35,,37,,24,28,15,22,24,25,11,18,57,45,26,128,78,24,22,70,42,45,148,26,27,24,32,43,,,,23,,
20260618,17,SO2,3,6,3,10,7,4,3,3,3,2,6,4,4,12,10,6,9,5,5,6,6,7,5,8,7,7,6,7,8,10,7,7,6,6,7,5,6,6,7,6,6,2,4,5,8,4,2,8,6,6,3,6,6,5,5,5,5,5,5,3,4,6,3,4,9,4,7,4,6,5,10,11,6,5,9,6,8,7,7,6,7,7,2,11,9,8,8,9,7,6,6,5,7,9,4,10,4,5,6,4,7,6,5,5,4,5,4,3,4,5,8,10,5,12,8,7,9,7,7,5,4,6,5,5,6,3,8,3,8,8,5,9,8,8,4,8,7,4,2,5,2,8,10,9,4,9,4,6,3,3,5,5,2,6,6,6,26,12,5,4,,,,,,,,,,,,,,,,,,,,,,,,,,,,,,6,3,4,4,4,13,4,11,3,6,9,4,11,4,,7,10,7,7,10,6,6,7,9,11,3,5,7,8,5,8,5,4,8,6,9,9,7,11,6,9,7,4,8,6,6,7,5,7,6,6,6,3,4,5,4,8,4,5,2,6,3,4,9,6,6,7,3,5,6,4,5,4,8,6,5,6,4,5,6,3,5,9,5,7,4,4,6,5,3,6,6,2,8,3,8,11,5,8,6,5,9,10,4,10,8,5,6,7,4,3,,7,6,5,6,2,6,3,2,,6,5,8,9,5,8,1,3,3,8,6,6,5,8,7,5,6,5,,5,3,4,6,5,7,5,9,10,6,9,,5,,8,,4,10,7,9,10,12,7,23,10,7,7,5,7,5,5,4,5,4,7,7,4,7,6,8,,,,4,,
20260618,17,SO2_24h,3,6,4,10,7,5,3,3,3,2,7,6,3,10,10,8,8,5,5,7,6,7,4,6,8,7,6,9,6,9,7,7,6,6,7,5,7,7,7,6,7,2,4,5,9,4,3,8,6,6,5,6,7,5,5,5,5,5,5,3,4,7,3,4,8,5,7,5,6,5,10,21,7,5,7,8,13,8,6,5,6,7,3,14,12,8,10,12,11,7,6,5,7,8,4,10,8,6,6,5,7,6,5,5,4,6,5,3,6,5,8,11,8,10,10,6,8,7,6,5,4,6,5,6,6,4,10,4,9,9,6,9,8,10,5,9,7,5,3,5,2,8,9,17,5,9,3,6,3,3,5,6,3,6,7,10,10,16,5,4,,,,,,,,,,,,,,,,,,,,,,,,,,,,,,6,5,4,5,5,10,5,7,6,9,9,4,11,6,,6,10,8,7,8,7,4,7,10,11,1,5,7,8,5,8,5,4,9,7,10,7,7,11,6,10,8,5,8,7,6,6,5,5,8,5,7,3,4,6,5,10,4,6,2,7,3,5,9,7,7,6,4,7,6,4,5,8,8,7,9,8,5,7,8,4,5,9,6,7,5,5,7,24,3,6,5,2,6,4,13,10,6,6,6,7,8,10,4,9,7,5,6,8,4,3,,6,7,4,6,3,6,3,2,,4,5,7,7,5,8,7,4,4,8,6,7,5,9,7,5,7,4,,4,3,4,7,5,7,6,9,10,6,11,,5,,9,,4,10,8,9,10,14,6,19,10,6,7,6,6,7,5,4,8,5,5,6,3,7,6,7,,,,5,,
20260618,17,NO2,15,18,8,12,15,8,9,14,11,11,9,12,5,15,7,10,17,8,13,21,27,19,13,15,6,11,24,18,24,6,11,5,10,23,55,14,12,16,13,13,15,10,12,9,19,12,8,5,9,12,13,15,4,19,26,18,21,16,21,31,14,9,7,4,13,8,11,6,10,11,9,14,9,4,8,6,8,10,10,9,9,9,10,8,12,4,8,10,8,12,10,4,6,18,9,21,13,14,18,7,5,6,10,3,12,15,17,9,4,11,16,6,12,12,10,16,9,9,10,8,12,5,8,13,13,9,11,6,11,16,12,17,17,10,14,4,12,7,4,6,14,4,9,7,12,5,8,8,6,6,9,12,8,6,13,3,9,13,4,3,,,,,,,,,,,,,,,,,,,,,,,,,,,,,,8,8,4,10,10,12,7,11,12,3,11,5,5,9,,6,5,7,10,11,8,10,4,5,7,16,11,5,5,16,8,6,5,11,9,18,7,21,14,10,9,11,3,21,19,4,17,8,12,6,8,11,5,2,15,4,3,8,2,7,6,7,3,3,10,9,10,9,19,17,7,8,6,6,20,12,14,1,5,11,10,6,4,2,8,3,4,7,3,8,19,13,8,14,15,6,11,3,2,5,5,9,7,8,14,8,22,7,3,4,3,,5,8,9,7,5,6,4,3,,3,4,14,5,6,4,3,4,5,4,7,4,7,9,5,2,3,4,,1,7,4,5,6,11,8,7,5,5,8,,8,,4,,6,4,1,3,2,2,3,1,7,9,7,5,5,5,4,3,3,4,4,5,,9,2,3,,,,2,,
20260618,17,NO2_24h,21,19,9,15,23,16,16,11,12,21,15,26,8,15,17,16,17,14,19,23,23,26,11,18,13,11,27,25,26,6,13,4,16,24,45,19,21,20,18,10,24,15,13,12,24,12,13,11,18,13,19,24,11,18,15,6,17,7,12,18,11,12,8,5,14,13,10,9,8,9,16,19,16,13,21,12,27,13,13,9,10,17,14,16,21,11,16,22,14,13,19,12,16,16,9,18,13,13,10,8,11,6,12,7,16,13,15,11,7,16,14,9,16,12,19,12,15,16,20,14,13,7,14,18,20,23,13,15,21,14,26,13,16,13,20,7,12,5,6,9,10,10,11,19,14,9,10,8,8,8,16,14,16,9,14,5,12,19,12,6,,,,,,,,,,,,,,,,,,,,,,,,,,,,,,8,14,9,13,14,9,5,13,33,9,14,7,12,19,,6,6,12,9,16,11,15,12,9,12,9,11,8,13,11,6,8,8,10,14,13,7,21,16,9,15,14,8,17,18,9,11,12,15,12,12,11,6,5,14,10,9,7,5,5,5,8,5,6,18,16,14,17,21,16,10,15,12,8,17,20,13,9,9,10,12,6,6,7,12,5,8,9,5,8,18,15,10,13,11,10,10,6,9,9,15,10,8,11,22,7,18,12,9,5,6,,12,10,11,4,8,7,4,7,,5,7,12,6,7,7,4,4,7,6,8,8,10,10,5,3,4,8,,2,7,7,12,5,13,8,12,12,8,19,,9,,7,,8,12,5,1,8,3,11,3,12,14,14,7,7,14,9,25,4,10,8,10,6,9,8,8,,,,5,,
20260618,17,O3,162,199,169,114,119,161,190,127,127,225,179,191,167,191,154,166,111,123,124,104,139,175,92,105,123,106,170,180,124,101,80,66,105,102,47,56,81,152,156,88,73,58,60,46,146,54,36,58,153,73,138,117,79,39,28,36,33,34,33,27,45,46,54,74,66,144,48,60,144,86,135,92,140,127,45,60,157,158,155,108,145,142,36,132,191,166,202,177,140,107,183,123,145,73,83,229,63,28,72,68,45,53,49,62,55,37,27,41,57,164,126,142,123,155,131,169,141,110,150,115,116,104,129,166,183,68,84,170,166,139,119,82,65,79,139,118,77,42,80,52,72,117,109,74,65,105,115,66,81,77,92,94,104,84,89,128,136,149,112,126,,,,,,,,,,,,,,,,,,,,,,,,,,,,,,94,133,45,145,126,188,91,193,139,117,150,79,137,170,,141,127,149,129,158,147,138,124,118,128,120,116,105,101,92,92,119,113,98,119,109,94,121,115,124,104,91,49,103,120,123,171,138,146,97,51,46,47,49,56,55,54,66,48,51,54,57,49,64,153,158,164,139,129,79,145,109,102,105,78,102,70,94,98,79,95,60,49,55,114,50,61,58,57,43,37,51,66,33,40,90,46,60,47,74,94,74,82,138,144,61,47,137,83,103,105,,75,83,66,57,59,69,52,59,,42,60,68,65,69,58,46,48,52,72,56,61,53,66,139,138,127,148,,146,86,97,144,84,101,111,95,115,128,127,,116,,99,,96,122,119,135,124,97,132,125,157,132,101,127,127,128,123,132,135,136,108,129,116,114,132,124,,,,57,,
20260618,17,O3_24h,162,199,169,114,119,161,190,127,127,225,179,191,167,191,154,166,111,123,124,104,139,175,92,105,123,106,170,180,124,101,80,66,105,102,47,56,81,152,156,88,73,58,60,46,146,54,36,58,153,73,138,117,79,39,28,36,33,34,33,27,45,46,54,74,66,144,48,60,144,86,135,92,140,127,45,60,157,158,155,108,145,142,36,132,191,166,202,177,140,107,183,123,145,73,83,229,63,28,72,68,45,53,49,62,55,37,27,41,57,164,126,142,123,155,131,169,141,110,150,115,116,104,129,166,183,68,84,170,166,139,119,82,65,79,139,118,77,42,80,52,72,117,109,74,65,105,115,66,81,77,92,94,104,84,89,128,136,149,112,126,,,,,,,,,,,,,,,,,,,,,,,,,,,,,,94,133,45,145,126,188,91,193,139,117,150,79,137,170,,141,127,149,129,158,147,138,124,118,128,120,116,105,101,92,92,119,113,98,119,109,94,121,115,124,104,91,49,103,120,123,171,138,146,97,51,46,47,49,56,55,54,66,48,51,54,57,49,64,153,158,164,139,129,79,145,109,102,105,78,102,70,94,98,79,95,60,49,55,114,50,61,58,57,43,37,51,66,33,40,90,46,60,47,74,94,74,82,138,144,61,47,137,83,103,105,,75,83,66,57,59,69,52,59,,42,60,68,65,69,58,46,48,52,72,56,61,53,66,139,138,127,148,,146,86,97,144,84,101,111,95,115,128,127,,116,,99,,96,122,119,135,124,97,132,125,157,132,101,127,127,128,123,132,135,136,108,129,116,114,132,124,,,,57,,
20260618,17,O3_8h,148,172,160,116,144,166,158,142,127,190,161,175,167,179,156,141,105,114,112,105,111,144,90,87,102,91,136,155,89,85,60,77,75,114,65,88,65,168,149,97,64,74,63,51,143,73,51,60,137,80,148,113,86,48,37,52,42,47,43,45,44,48,52,74,51,106,42,57,135,84,126,92,128,110,67,88,146,144,144,104,142,138,56,103,166,151,181,168,115,117,159,113,139,77,98,210,52,33,76,65,49,44,43,64,56,40,34,41,56,138,136,150,147,148,123,136,124,115,129,102,114,102,121,175,171,75,96,158,152,137,133,92,66,84,126,111,79,45,72,54,81,92,77,73,62,78,87,58,78,65,86,85,99,81,83,111,122,134,103,111,,,,,,,,,,,,,,,,,,,,,,,,,,,,,,95,121,47,150,122,183,113,184,131,123,136,91,122,163,,132,125,150,126,134,125,108,122,111,114,110,107,104,98,97,84,97,103,99,119,122,97,70,88,104,133,90,61,75,113,87,144,123,125,145,67,50,51,49,78,52,67,61,42,51,58,63,48,62,141,138,137,144,141,80,133,133,124,102,83,105,85,103,106,92,100,79,61,75,112,50,55,67,72,53,42,52,55,42,45,70,42,50,48,54,81,65,64,104,105,73,45,104,73,83,89,,56,71,49,49,74,65,48,54,,43,52,65,57,58,51,45,50,50,54,55,49,52,63,118,126,125,138,,143,72,86,143,90,109,117,66,93,103,97,,110,,89,,99,127,111,124,109,91,119,114,130,107,84,122,100,104,107,109,119,106,93,114,94,106,119,98,,,,57,,
20260618,17,O3_8h_24h,148,172,160,116,144,166,161,142,127,190,161,175,173,179,156,141,105,114,112,105,111,144,90,87,102,91,136,155,89,85,60,66,75,114,64,87,64,167,149,97,64,74,63,51,143,73,45,59,137,80,148,113,86,47,36,45,42,44,41,43,44,48,52,74,49,106,39,57,135,82,126,92,128,110,67,80,146,144,144,104,142,138,55,103,166,151,181,168,115,117,159,113,139,77,97,210,52,31,76,63,49,44,43,61,56,40,34,41,56,138,136,150,147,148,123,136,124,115,151,102,114,102,121,174,171,75,95,158,152,137,133,89,62,78,126,111,78,45,72,54,80,92,77,73,62,78,87,58,72,65,86,85,99,81,83,111,122,134,103,111,,,,,,,,,,,,,,,,,,,,,,,,,,,,,,92,121,47,150,121,183,107,184,131,123,136,91,122,163,,132,121,150,126,134,125,125,122,111,114,110,107,104,98,97,84,97,103,99,119,122,97,70,88,104,133,89,60,75,113,87,144,123,125,143,66,50,51,49,78,52,67,61,42,51,58,63,48,62,141,138,137,144,141,76,133,133,108,98,82,105,72,102,106,92,100,64,61,67,112,50,55,67,69,53,42,44,55,42,45,70,42,50,48,54,81,65,64,104,105,60,45,104,73,83,89,,56,71,49,47,62,65,48,54,,43,52,65,57,58,51,45,50,50,54,55,49,51,63,118,126,125,138,,138,72,86,143,90,109,115,66,93,103,97,,107,,89,,99,127,111,124,109,91,119,114,130,107,84,122,100,104,107,109,119,106,93,114,94,106,119,98,,,,57,,
20260618,17,CO,0.77,0.78,0.64,0.57,0.35,0.30,0.45,0.50,0.55,0.47,0.50,0.38,0.47,0.67,0.42,0.88,0.64,0.46,0.48,0.42,1.01,1.02,0.77,0.44,0.36,0.72,0.99,1.11,0.76,0.53,0.88,0.44,0.45,0.71,0.67,0.43,0.66,0.63,0.60,0.50,0.60,0.47,0.50,0.45,0.89,0.32,0.28,0.56,0.33,0.39,0.54,0.86,0.50,0.48,0.58,0.53,0.43,0.35,0.53,0.53,0.55,0.40,0.60,0.35,0.54,0.48,0.63,0.39,0.22,0.56,0.70,0.40,0.36,0.23,0.42,0.50,0.37,0.58,0.56,0.50,0.30,0.50,0.47,0.29,0.54,0.37,0.56,0.52,0.36,0.38,0.57,0.33,0.23,0.48,0.23,0.73,0.60,0.63,0.47,0.60,0.50,0.50,0.75,0.47,0.40,0.70,0.53,0.55,0.30,0.20,0.59,0.53,0.73,0.82,0.44,1.14,0.60,0.62,0.48,0.47,0.53,0.33,0.45,0.70,0.93,0.42,0.44,0.47,0.45,0.57,0.77,0.52,0.50,0.60,0.93,0.90,0.75,0.43,0.50,0.63,0.40,0.57,0.57,0.50,0.50,0.47,0.60,0.20,0.67,0.40,0.33,0.55,0.45,0.48,0.50,0.20,0.67,0.66,0.26,0.15,,,,,,,,,,,,,,,,,,,,,,,,,,,,,,0.47,0.60,0.40,0.50,0.27,0.65,0.60,0.77,0.33,0.27,0.53,0.30,0.45,0.58,,0.35,0.25,0.70,0.73,0.55,0.90,0.43,0.50,0.55,0.60,0.35,0.40,0.33,0.23,0.30,0.53,0.42,0.30,0.50,0.30,0.40,0.25,0.60,0.42,0.40,0.53,0.62,0.40,0.75,0.64,0.37,0.57,0.30,0.85,0.33,0.37,1.07,0.40,0.30,0.75,0.50,0.33,0.57,0.25,0.30,0.40,0.60,0.53,0.45,0.60,0.47,0.45,0.42,0.44,0.90,0.40,0.23,0.33,0.63,0.78,0.63,0.77,0.70,0.57,0.80,0.60,0.60,0.73,0.45,0.90,0.50,0.57,0.65,0.40,0.50,0.40,0.55,0.60,0.70,0.50,0.35,0.40,0.80,0.70,0.50,0.50,0.50,0.53,0.55,0.50,0.43,0.38,0.55,0.60,0.30,0.20,,0.20,0.50,0.50,0.55,0.40,0.55,0.35,0.50,,0.55,0.40,0.50,0.45,0.60,0.55,0.40,0.10,0.20,0.60,0.35,0.30,0.35,0.35,0.35,0.15,0.35,,,0.25,0.30,0.43,0.30,0.50,0.70,0.25,0.40,0.20,0.40,0.85,,0.30,,0.35,,0.25,0.50,0.40,0.20,0.30,0.30,0.10,0.30,0.43,0.35,0.25,0.45,0.10,0.20,0.25,0.55,0.15,0.30,0.25,0.45,,0.20,0.20,0.20,,,,0.40,,
20260618,17,CO_24h,0.53,0.73,0.50,0.77,0.60,0.30,0.41,0.33,0.35,0.53,0.55,0.40,0.47,0.73,0.62,0.92,0.68,0.50,0.51,0.49,0.60,0.94,0.65,0.47,0.34,0.76,0.77,0.94,0.68,0.55,0.84,0.38,0.50,0.75,0.63,0.47,0.70,0.63,0.57,0.47,0.65,0.53,0.40,0.45,0.77,0.35,0.28,0.60,0.37,0.41,0.54,0.84,0.57,0.43,0.50,0.53,0.47,0.35,0.47,0.47,0.53,0.40,0.64,0.35,0.53,0.58,0.53,0.44,0.25,0.54,0.80,0.70,0.36,0.32,0.43,0.70,0.56,0.54,0.62,0.53,0.37,0.63,0.53,0.34,0.60,0.37,0.60,0.65,0.40,0.37,0.62,0.42,0.28,0.54,0.27,0.65,0.63,0.72,0.43,0.57,0.65,0.50,0.70,0.53,0.40,0.60,0.53,0.55,0.40,0.20,0.54,0.58,0.75,0.82,0.50,0.92,0.70,0.84,0.72,0.57,0.46,0.40,0.48,0.62,0.70,0.58,0.49,0.43,0.58,0.57,0.70,0.38,0.55,0.53,0.72,0.93,0.70,0.43,0.57,0.66,0.40,0.63,0.60,1.52,0.47,0.33,0.63,0.25,0.72,0.40,0.47,0.60,0.50,0.58,0.50,0.20,0.60,0.78,0.32,0.15,,,,,,,,,,,,,,,,,,,,,,,,,,,,,,0.58,0.60,0.45,0.50,0.43,0.75,0.50,0.77,0.53,0.33,0.43,0.30,0.55,0.60,,0.25,0.45,0.70,0.70,0.70,0.80,0.47,0.60,0.65,0.60,0.40,0.40,0.40,0.33,0.20,0.47,0.45,0.35,0.47,0.40,0.50,0.25,0.40,0.42,0.40,0.65,0.75,0.45,0.55,0.54,0.27,0.50,0.27,0.80,0.37,0.50,0.97,0.35,0.40,0.85,0.70,0.60,0.57,0.50,0.26,0.30,0.68,0.55,0.60,0.54,0.43,0.45,0.47,0.48,0.68,0.30,0.37,0.45,0.67,0.78,0.70,0.82,0.70,0.63,0.80,0.60,0.55,0.73,0.55,0.90,0.55,0.70,0.60,0.55,0.45,0.30,0.60,0.63,0.63,0.40,0.55,0.43,0.80,0.75,0.50,0.67,0.55,0.50,0.65,0.65,0.40,0.32,0.60,0.65,0.30,0.30,,0.25,0.60,0.50,0.43,0.50,0.60,0.30,0.55,,0.55,0.40,0.50,0.40,0.65,0.60,0.60,0.20,0.30,0.65,0.35,0.35,0.55,0.35,0.45,0.20,0.40,0.40,,0.25,0.35,0.43,0.43,0.40,0.80,0.35,0.45,0.30,0.50,0.60,,0.40,,0.30,,0.25,0.60,0.40,0.20,0.50,0.40,0.20,0.40,0.47,0.35,0.35,0.45,,0.20,0.25,0.80,0.15,0.40,0.25,0.45,0.30,0.10,0.30,0.20,,,,0.40,,
20260618,18,AQI,68,88,65,55,58,49,83,59,58,105,71,91,47,90,41,54,36,37,39,27,84,51,22,29,37,44,59,64,47,29,40,21,41,53,45,17,24,43,43,30,22,17,17,14,61,17,10,18,47,23,40,43,24,14,18,14,16,12,16,18,13,13,20,25,20,44,18,19,47,27,39,27,56,40,15,17,44,47,59,28,48,43,9,40,83,49,85,65,46,30,76,39,44,24,24,110,18,25,30,35,13,15,14,21,15,23,14,15,18,50,39,43,51,71,41,61,45,33,45,36,37,31,41,56,104,21,27,58,50,47,44,35,33,59,57,44,47,12,42,16,36,37,34,24,23,32,35,21,24,24,29,31,33,28,27,36,41,79,36,40,,,,,,,,,,,,,,,,,,,,,,,,,,,,,,27,42,13,44,37,79,31,48,39,52,47,29,67,75,,39,39,43,37,48,46,44,38,36,41,36,37,31,32,28,30,35,33,27,35,36,28,53,49,39,32,26,17,84,61,39,55,43,46,29,16,15,16,14,14,16,15,17,15,15,19,17,16,17,64,47,52,59,36,37,46,31,48,32,39,38,47,28,39,42,28,19,15,19,30,14,18,34,17,54,18,40,24,20,26,31,16,26,17,33,29,20,25,35,46,20,26,42,24,33,30,,23,27,20,18,18,21,15,16,,13,26,23,21,29,18,16,15,16,24,17,18,17,20,41,44,42,44,,45,24,30,51,24,28,36,31,37,41,39,,39,,31,,28,34,39,43,40,32,43,40,45,42,33,70,35,42,39,64,78,67,82,40,50,38,42,40,,,,18,,
20260618,18,PM2.5,45,43,47,36,35,25,44,42,41,50,33,23,25,40,15,22,25,12,13,16,62,36,5,9,13,20,38,46,33,20,28,3,26,37,29,4,5,29,14,16,12,3,9,3,44,6,4,4,21,3,27,29,12,9,10,7,11,5,11,11,6,6,9,14,11,12,4,5,7,12,19,14,20,10,4,7,21,22,29,18,19,29,6,13,15,15,20,27,16,12,18,4,14,9,7,35,4,9,17,12,3,4,5,12,4,9,10,7,3,14,19,17,23,52,17,40,7,7,12,12,17,10,18,40,78,4,18,33,29,33,31,24,23,42,36,31,33,3,13,7,15,11,15,5,11,10,14,14,8,9,12,10,15,9,11,3,13,26,8,3,,,,,,,,,,,,,,,,,,,,,,,,,,,,,,11,18,3,22,13,40,15,27,12,17,18,16,25,27,,12,5,3,8,6,32,13,3,3,7,22,12,3,9,6,17,20,12,10,10,17,17,37,30,13,11,12,8,62,44,20,39,19,28,9,3,3,8,3,10,8,4,7,4,3,4,7,3,3,46,25,22,20,22,20,24,15,16,9,27,24,33,18,27,29,19,13,5,10,21,3,3,24,3,38,10,11,10,14,18,16,4,10,6,9,3,10,11,14,9,12,12,21,3,8,3,,3,10,9,12,7,6,6,10,,5,18,7,3,11,9,3,9,5,8,5,3,5,3,3,3,3,,,3,3,7,12,3,15,12,3,18,14,11,,3,,17,,9,14,8,9,3,6,3,7,22,13,3,37,13,11,3,46,36,20,21,15,8,3,3,6,,,,8,,
20260618,18,PM2.5_24h,27,43,43,49,33,31,37,18,17,46,38,33,46,49,18,31,25,19,14,31,36,48,21,18,24,28,36,43,44,20,24,7,31,47,30,9,38,41,32,9,18,14,11,4,26,6,8,12,24,12,29,35,26,6,6,6,8,5,7,7,5,6,8,15,10,23,7,7,7,9,18,20,15,11,25,27,22,18,39,20,35,32,12,23,31,19,34,36,23,14,23,18,28,13,13,35,3,8,14,9,7,7,7,11,8,10,12,6,5,18,20,24,27,51,13,32,20,20,35,20,15,12,18,33,40,18,21,30,33,29,31,16,36,36,31,46,38,6,17,7,12,18,15,16,7,14,22,12,16,8,18,22,20,18,13,20,14,21,8,20,,,,,,,,,,,,,,,,,,,,,,,,,,,,,,26,30,9,21,29,54,12,46,23,17,16,17,23,18,,6,8,24,20,29,23,25,15,6,12,16,18,14,18,11,10,13,12,11,12,15,12,29,31,20,28,24,17,40,30,23,28,17,23,34,7,9,5,6,8,18,17,10,10,4,6,12,7,14,40,28,23,28,30,24,19,24,26,17,34,29,38,23,32,26,25,16,11,33,30,3,19,28,33,35,7,11,12,13,13,18,6,7,8,12,12,11,12,17,21,15,12,20,13,14,7,,4,9,7,9,18,7,6,13,,8,13,9,5,11,11,6,8,10,11,5,10,11,7,4,4,2,10,,3,5,13,25,5,15,14,21,26,22,20,,16,,21,,12,17,8,10,14,10,4,7,22,22,15,36,27,9,6,44,18,11,38,11,6,3,5,11,,,,13,,
20260618,18,PM10,85,76,65,60,65,39,79,52,66,87,48,65,44,56,27,42,33,24,32,22,84,49,20,22,36,44,67,64,36,28,36,6,41,39,45,17,8,35,22,30,22,11,15,14,61,17,7,17,44,11,39,43,24,14,18,13,14,12,15,16,11,9,20,25,19,25,18,8,14,17,37,21,62,24,11,11,30,38,49,27,18,32,9,32,50,48,55,48,46,30,58,27,39,24,17,75,10,25,30,35,10,,7,21,9,23,12,15,11,34,34,32,52,82,34,72,25,24,34,18,35,15,37,57,99,15,27,49,50,42,36,35,21,52,63,39,41,11,42,16,36,22,17,22,22,29,23,21,14,12,20,16,25,14,15,6,29,107,25,31,,,,,,,,,,,,,,,,,,,,,,,,,,,,,,25,34,9,44,31,66,18,47,21,53,34,29,83,46,,28,18,23,37,33,40,29,18,6,25,32,25,11,11,19,25,28,,23,24,,17,51,49,39,27,20,17,68,53,35,46,30,38,21,16,15,16,14,14,15,6,17,13,12,19,15,16,11,51,46,53,67,33,37,46,25,48,18,34,38,38,24,37,42,28,,13,13,,8,6,29,14,43,18,40,24,12,24,31,9,26,17,33,11,19,19,25,38,15,26,29,13,18,7,,8,14,13,17,16,15,12,16,,6,,19,9,29,,7,12,8,24,10,12,13,20,8,10,14,,,10,9,19,52,6,20,24,21,23,16,30,,21,,31,,27,25,24,13,18,23,31,24,30,24,9,89,15,23,24,42,105,84,114,24,50,36,14,32,,,,16,,
20260618,18,PM10_24h,49,66,66,73,65,46,63,27,34,63,59,70,64,77,38,41,33,24,33,41,48,56,23,25,38,41,50,60,47,21,31,10,38,52,49,23,51,46,36,21,27,26,20,15,45,18,11,16,44,14,48,50,38,12,13,11,11,8,13,13,11,11,18,25,19,28,19,15,10,17,32,27,47,30,38,39,38,43,52,27,32,36,14,35,57,42,54,64,41,27,51,37,43,20,18,52,9,13,25,22,15,20,12,15,12,14,18,17,11,40,33,39,66,80,23,45,27,30,47,25,28,16,34,44,58,26,35,55,53,50,54,29,41,47,43,44,30,17,34,17,26,30,17,39,19,23,25,18,21,14,30,31,37,22,22,42,25,53,24,53,,,,,,,,,,,,,,,,,,,,,,,,,,,,,,36,47,17,49,51,71,22,66,61,44,30,31,63,35,,10,25,35,31,37,32,29,23,15,22,22,21,20,19,18,15,16,13,12,20,18,20,37,40,41,48,34,23,37,47,38,31,27,34,37,21,17,15,13,16,23,27,23,21,14,19,25,26,25,54,50,43,46,43,44,36,46,50,27,44,47,45,45,37,36,39,24,21,31,35,8,24,38,39,31,16,29,22,17,17,29,14,16,21,26,25,17,15,21,34,16,25,26,19,19,19,,7,16,10,8,31,12,13,13,,8,12,19,10,27,15,11,11,15,23,11,17,24,17,7,9,14,15,,12,8,19,42,12,22,29,28,49,31,46,,34,,37,,23,28,16,21,24,25,12,18,56,45,25,129,73,23,22,70,45,47,147,27,29,24,31,41,,,,22,,
20260618,18,SO2,3,6,3,11,7,4,3,3,3,2,5,4,3,12,9,6,10,5,5,7,7,7,6,7,7,6,6,7,6,10,7,7,7,6,7,5,6,6,6,6,6,2,4,5,9,4,2,7,6,6,4,6,5,5,5,5,5,5,5,2,4,7,3,4,9,5,7,5,6,5,10,11,6,5,6,6,7,7,7,6,6,7,3,11,9,7,8,9,8,5,6,4,7,8,3,10,4,5,9,4,7,6,5,5,4,6,3,3,4,4,8,10,5,10,8,8,9,7,8,5,4,6,5,5,6,3,8,2,8,6,4,10,7,8,5,8,7,5,2,5,2,8,9,9,4,8,4,6,3,2,5,5,2,7,6,6,25,18,5,4,,,,,,,,,,,,,,,,,,,,,,,,,,,,,,6,2,4,4,4,13,4,7,3,6,10,4,14,4,,7,10,6,8,9,6,6,7,9,10,2,4,7,8,5,7,6,3,10,6,9,7,7,9,5,9,7,4,8,6,6,7,5,7,6,5,12,3,3,5,4,7,6,5,2,6,2,4,7,6,7,6,3,5,6,5,5,5,8,7,4,6,4,6,6,3,5,8,5,5,4,4,6,5,4,7,6,3,5,3,9,10,4,5,6,5,9,11,4,8,7,5,7,8,3,3,,7,7,4,6,2,6,4,2,,6,5,7,9,5,8,2,4,4,8,6,7,5,8,6,4,7,5,,4,4,4,5,5,7,9,13,8,6,10,,4,,8,,4,8,7,9,10,12,6,22,8,6,7,6,7,6,5,4,6,4,4,7,4,7,6,7,,,,4,,
20260618,18,SO2_24h,3,6,4,9,7,5,3,3,3,2,7,6,3,10,10,8,8,5,5,7,6,7,4,6,8,7,6,9,6,9,7,7,6,6,7,5,7,7,7,6,7,2,4,5,9,4,3,8,6,6,5,6,7,5,5,5,5,5,5,3,4,7,3,4,8,5,7,5,6,5,10,20,6,5,7,8,13,7,6,5,6,7,3,14,12,8,10,12,11,7,6,5,7,8,4,10,8,6,6,5,7,6,5,5,4,6,5,3,5,5,8,10,8,10,10,6,8,7,6,5,4,6,5,6,6,4,9,4,9,9,5,9,8,10,5,9,7,5,3,5,2,8,9,17,5,9,4,6,3,3,5,6,3,6,7,9,11,16,5,4,,,,,,,,,,,,,,,,,,,,,,,,,,,,,,6,5,4,5,5,10,5,7,5,9,9,4,11,6,,6,10,8,7,8,7,4,7,10,11,1,5,7,8,5,8,5,4,9,7,9,7,7,11,6,10,8,5,8,7,6,6,5,5,8,5,7,3,4,6,5,10,4,6,2,7,3,5,9,7,7,6,4,7,6,4,5,8,8,7,9,8,5,7,8,4,5,9,6,7,5,5,7,24,3,6,5,2,6,4,13,10,6,6,6,7,8,10,4,9,7,5,6,8,4,3,,6,6,4,6,3,6,3,2,,4,5,7,8,5,8,7,4,4,8,6,7,5,9,7,5,7,4,,4,3,4,7,5,7,6,10,10,6,12,,5,,9,,4,10,8,9,10,13,6,19,10,6,7,6,6,7,5,4,8,5,5,6,3,7,6,7,,,,5,,
20260618,18,NO2,16,22,9,13,20,9,10,14,11,13,11,12,6,15,9,13,20,11,16,26,37,24,12,15,7,13,28,22,26,7,12,5,11,25,57,15,15,18,13,16,23,10,14,10,21,16,8,5,11,11,13,16,5,24,32,8,25,14,24,36,16,12,9,5,14,9,13,6,11,11,8,17,11,5,8,6,12,11,11,10,10,9,14,9,13,7,9,11,9,13,12,5,9,18,9,21,14,12,18,10,6,8,12,3,14,21,17,17,4,11,19,6,15,11,11,18,11,8,11,10,12,8,10,12,18,10,11,6,13,12,14,19,16,12,14,4,14,11,4,7,10,6,9,8,11,6,8,12,6,6,11,11,7,7,15,3,9,18,4,4,,,,,,,,,,,,,,,,,,,,,,,,,,,,,,11,8,5,11,11,14,5,12,14,4,12,5,7,9,,10,5,6,12,12,8,10,4,7,8,18,13,9,6,15,7,10,6,11,12,12,8,22,16,10,10,17,4,21,21,6,18,10,13,6,9,14,6,3,27,5,8,13,2,8,5,4,3,3,14,13,10,12,20,17,8,11,5,7,22,12,13,4,6,9,12,5,4,4,6,4,5,8,2,9,20,12,8,13,16,7,12,3,6,6,6,12,7,10,13,9,20,10,5,4,4,,5,12,10,6,8,7,5,5,,3,5,12,6,5,4,4,4,5,5,8,5,7,10,9,4,3,5,,1,7,5,12,7,14,8,8,5,7,8,,8,,5,,7,4,1,3,2,1,1,1,6,9,7,5,7,5,4,3,3,4,3,5,,6,2,3,,,,3,,
20260618,18,NO2_24h,21,20,9,15,24,16,17,11,12,21,15,26,8,16,17,16,16,14,19,23,24,26,11,18,13,12,28,26,27,6,13,4,16,24,47,19,21,20,18,10,23,15,13,12,24,12,12,11,18,13,19,24,11,18,16,6,17,7,13,19,11,13,8,5,14,13,10,9,8,8,16,19,16,13,21,12,27,13,13,9,10,17,14,16,21,11,15,22,14,13,19,11,16,16,9,18,14,13,10,7,11,5,12,7,16,13,15,12,7,16,14,9,16,12,19,13,15,16,20,13,13,7,14,18,20,23,13,15,21,14,26,13,16,13,20,7,12,5,6,9,10,10,11,19,14,9,10,8,8,8,16,14,16,9,14,5,12,19,12,6,,,,,,,,,,,,,,,,,,,,,,,,,,,,,,8,14,9,13,14,9,5,12,33,9,14,7,12,19,,6,6,12,8,16,11,15,12,9,12,9,11,8,12,11,6,8,8,10,14,13,7,21,16,9,15,15,8,17,18,9,12,12,15,12,12,11,6,5,14,10,9,7,5,5,5,8,5,6,18,16,14,17,21,16,10,15,12,8,17,20,13,9,9,10,13,6,6,7,12,5,8,9,5,8,18,14,9,13,11,10,10,6,9,9,14,10,8,11,22,7,18,12,9,5,6,,12,10,11,4,8,7,4,7,,4,7,12,6,7,7,4,4,7,6,8,8,10,10,5,3,4,8,,2,7,7,12,5,14,9,12,11,8,19,,9,,7,,8,12,5,1,8,3,11,3,12,13,14,7,7,14,9,25,4,10,8,10,6,9,8,8,,,,5,,
20260618,18,O3,153,190,165,108,107,157,186,120,135,209,177,193,151,192,130,163,110,117,125,85,133,143,71,92,117,93,151,165,103,92,74,67,98,84,32,49,78,136,137,73,58,54,55,43,147,46,32,56,150,72,127,109,56,34,18,46,28,37,30,22,41,42,49,71,64,141,45,60,149,87,126,85,131,128,48,54,142,151,167,91,154,138,30,129,186,156,188,172,144,95,181,124,140,73,77,219,59,27,64,61,41,48,45,61,49,30,26,28,56,159,126,138,123,138,131,163,144,105,143,115,118,98,132,163,182,67,75,166,150,110,110,74,63,80,131,114,70,37,77,49,76,119,109,77,75,102,113,59,78,76,92,99,105,89,87,115,132,127,116,129,,,,,,,,,,,,,,,,,,,,,,,,,,,,,,85,135,40,133,118,183,98,152,126,124,151,89,122,180,,126,126,137,101,154,145,140,122,114,132,114,118,99,102,89,96,111,107,85,113,114,90,119,112,120,103,84,50,112,115,124,161,137,147,92,43,40,43,44,41,50,49,49,47,48,52,53,46,54,150,151,156,119,115,74,148,100,100,101,72,95,67,88,96,80,76,57,49,61,79,46,58,46,53,39,32,63,70,33,39,78,50,59,48,74,94,65,80,112,146,64,47,135,78,105,97,,74,86,65,59,56,66,48,52,,41,58,72,66,72,57,51,49,50,64,53,59,53,63,131,142,134,140,,144,77,95,137,78,90,116,98,117,131,125,,125,,93,,91,110,124,136,127,102,136,129,143,133,106,130,113,135,124,134,131,136,104,128,116,121,134,128,,,,56,,
20260618,18,O3_24h,153,190,165,108,107,157,186,120,135,209,177,193,151,192,130,163,110,117,125,85,133,143,71,92,117,93,151,165,103,92,74,67,98,84,32,49,78,136,137,73,58,54,55,43,147,46,32,56,150,72,127,109,56,34,18,46,28,37,30,22,41,42,49,71,64,141,45,60,149,87,126,85,131,128,48,54,142,151,167,91,154,138,30,129,186,156,188,172,144,95,181,124,140,73,77,219,59,27,64,61,41,48,45,61,49,30,26,28,56,159,126,138,123,138,131,163,144,105,143,115,118,98,132,163,182,67,75,166,150,110,110,74,63,80,131,114,70,37,77,49,76,119,109,77,75,102,113,59,78,76,92,99,105,89,87,115,132,127,116,129,,,,,,,,,,,,,,,,,,,,,,,,,,,,,,85,135,40,133,118,183,98,152,126,124,151,89,122,180,,126,126,137,101,154,145,140,122,114,132,114,118,99,102,89,96,111,107,85,113,114,90,119,112,120,103,84,50,112,115,124,161,137,147,92,43,40,43,44,41,50,49,49,47,48,52,53,46,54,150,151,156,119,115,74,148,100,100,101,72,95,67,88,96,80,76,57,49,61,79,46,58,46,53,39,32,63,70,33,39,78,50,59,48,74,94,65,80,112,146,64,47,135,78,105,97,,74,86,65,59,56,66,48,52,,41,58,72,66,72,57,51,49,50,64,53,59,53,63,131,142,134,140,,144,77,95,137,78,90,116,98,117,131,125,,125,,93,,91,110,124,136,127,102,136,129,143,133,106,130,113,135,124,134,131,136,104,128,116,121,134,128,,,,56,,
20260618,18,O3_8h,156,181,167,118,144,170,164,143,132,203,170,185,169,185,158,148,107,116,117,106,120,153,90,91,107,96,148,166,98,89,64,77,81,118,65,88,70,169,153,101,65,74,63,51,149,73,51,62,142,80,153,116,86,48,37,52,43,47,43,45,45,48,52,74,54,115,43,59,138,85,134,97,133,115,67,88,151,151,152,107,145,140,56,111,176,157,187,172,123,118,168,118,144,78,98,220,56,33,77,65,49,45,44,64,57,40,34,42,57,148,137,150,147,150,127,143,129,116,152,107,115,102,125,179,180,77,96,163,157,138,136,92,63,84,131,115,80,46,75,55,81,100,85,78,65,84,95,58,80,68,88,91,105,85,87,112,125,137,111,116,,,,,,,,,,,,,,,,,,,,,,,,,,,,,,98,129,47,150,123,187,113,185,139,123,140,92,124,168,,132,125,150,126,141,130,111,123,113,118,114,111,104,99,97,87,101,104,100,120,125,98,81,96,111,134,90,61,85,118,97,151,132,130,145,67,51,51,49,78,53,68,63,45,51,58,63,49,63,144,147,142,145,143,80,139,133,109,102,83,105,85,103,108,94,101,79,61,75,112,52,55,67,72,53,42,52,57,43,46,74,44,54,50,61,87,67,69,112,118,73,47,116,74,91,94,,60,74,54,50,74,66,49,55,,44,54,67,60,62,54,45,50,52,60,57,53,54,67,121,128,128,141,,143,76,89,143,90,109,118,72,98,110,104,,111,,91,,99,127,113,130,115,96,125,118,136,113,90,125,104,110,116,120,123,115,96,118,100,110,124,106,,,,58,,
20260618,18,O3_8h_24h,156,181,167,117,140,170,170,143,132,203,170,185,175,185,158,148,107,116,117,106,120,153,90,91,107,96,148,166,98,89,64,65,81,117,60,86,69,167,153,101,63,74,61,51,149,72,44,61,142,79,152,116,84,47,34,45,40,43,39,39,44,48,52,74,52,115,40,59,138,84,134,97,133,116,66,78,151,151,152,107,145,140,52,111,176,157,187,172,123,116,168,118,144,77,95,220,56,31,77,64,48,45,44,60,56,40,34,42,57,148,137,150,146,150,127,143,129,115,152,107,115,102,125,178,180,76,94,163,157,137,136,86,62,77,131,115,80,45,74,55,79,100,85,78,65,84,95,58,75,68,88,91,105,85,87,112,125,137,111,116,,,,,,,,,,,,,,,,,,,,,,,,,,,,,,97,129,47,150,122,187,105,183,139,123,140,92,124,168,,132,121,150,125,141,130,129,123,113,118,114,111,103,99,96,87,101,104,99,120,125,98,81,96,111,132,89,59,85,118,97,151,132,130,138,64,51,51,49,78,53,67,63,45,51,58,63,49,63,144,147,142,145,142,77,139,132,110,99,81,105,72,98,108,94,101,63,60,66,110,52,55,66,68,51,41,44,57,42,46,74,44,54,50,61,87,67,69,112,118,61,47,116,74,91,94,,60,74,54,49,59,66,49,55,,44,54,67,60,62,54,45,50,52,60,57,53,49,67,121,128,128,141,,141,76,89,143,89,107,117,72,98,110,104,,109,,91,,99,125,113,130,115,96,125,118,136,113,90,125,104,110,116,120,123,115,96,118,100,110,124,106,,,,58,,
20260618,18,CO,0.78,0.83,0.66,0.51,0.35,0.37,0.48,0.53,0.55,0.53,0.45,0.35,0.45,0.67,0.38,0.95,0.60,0.47,0.51,0.40,1.03,1.02,0.77,0.41,0.34,0.66,1.03,1.07,0.60,0.53,0.86,0.40,0.50,0.71,0.66,0.43,0.65,0.60,0.50,0.47,0.55,0.47,0.50,0.45,0.91,0.38,0.28,0.55,0.33,0.42,0.54,0.77,0.50,0.50,0.63,0.57,0.50,0.35,0.57,0.57,0.57,0.43,0.63,0.35,0.57,0.49,0.63,0.41,0.23,0.57,0.67,0.35,0.38,0.26,0.43,0.52,0.36,0.54,0.58,0.47,0.30,0.53,0.50,0.30,0.54,0.40,0.56,0.52,0.42,0.35,0.63,0.35,0.27,0.52,0.23,0.75,0.60,0.70,0.57,0.65,0.50,0.55,0.75,0.50,0.40,0.80,0.60,0.70,0.33,0.30,0.61,0.55,0.73,0.86,0.50,1.08,0.62,0.72,0.54,0.50,0.50,0.37,0.48,0.63,1.10,0.46,0.44,0.45,0.55,0.53,0.70,0.52,0.53,0.65,0.98,0.93,0.75,0.43,0.43,0.63,0.40,0.57,0.55,0.45,0.53,0.47,0.60,0.30,0.67,0.40,0.40,0.55,0.50,0.48,0.60,0.20,0.67,0.70,0.28,0.15,,,,,,,,,,,,,,,,,,,,,,,,,,,,,,0.47,0.50,0.40,0.57,0.23,0.75,0.53,0.63,0.33,0.27,0.60,0.30,0.55,0.58,,0.35,0.35,0.53,0.67,0.45,0.80,0.40,0.60,0.55,0.70,0.45,0.30,0.37,0.27,0.25,0.43,0.47,0.30,0.50,0.35,0.40,0.20,0.68,0.46,0.40,0.55,0.65,0.45,0.80,0.70,0.37,0.57,0.30,0.83,0.27,0.37,1.17,0.35,0.30,0.85,0.57,0.57,1.00,0.30,0.36,0.40,0.60,0.50,0.40,0.62,0.45,0.45,0.47,0.46,1.05,0.47,0.23,0.33,0.70,0.78,0.63,0.75,0.70,0.60,0.80,0.60,0.60,0.72,0.45,0.80,0.50,0.53,0.65,0.40,0.60,0.50,0.60,0.60,0.63,0.57,0.35,0.47,0.80,0.70,0.50,0.47,0.50,0.53,0.57,0.50,0.43,0.38,0.65,0.60,0.30,0.10,,0.20,0.60,0.50,0.57,0.50,0.55,0.35,0.50,,0.55,0.45,0.50,0.45,0.60,0.55,0.40,0.10,0.20,0.60,0.40,0.30,0.45,0.35,0.35,0.15,0.35,0.20,,0.25,0.30,0.43,0.30,0.80,0.80,0.35,0.35,0.20,0.45,0.75,,0.30,,0.30,,0.25,0.50,0.40,0.20,0.30,0.30,0.10,0.30,0.40,0.35,0.25,0.45,,0.20,0.25,0.60,0.15,0.35,0.25,0.45,,0.20,0.20,0.15,,,,0.45,,
20260618,18,CO_24h,0.56,0.75,0.50,0.76,0.60,0.30,0.43,0.33,0.35,0.53,0.55,0.40,0.47,0.73,0.64,0.93,0.69,0.50,0.50,0.48,0.63,0.94,0.67,0.47,0.34,0.76,0.81,0.97,0.70,0.55,0.84,0.38,0.50,0.76,0.63,0.47,0.68,0.63,0.57,0.47,0.65,0.53,0.40,0.45,0.78,0.35,0.28,0.60,0.37,0.41,0.54,0.84,0.57,0.45,0.50,0.53,0.47,0.35,0.47,0.47,0.53,0.40,0.64,0.35,0.53,0.58,0.53,0.44,0.25,0.54,0.80,0.70,0.38,0.32,0.42,0.70,0.56,0.56,0.60,0.53,0.37,0.63,0.53,0.34,0.60,0.37,0.60,0.65,0.40,0.37,0.62,0.42,0.28,0.54,0.27,0.67,0.63,0.72,0.43,0.57,0.65,0.50,0.70,0.53,0.40,0.60,0.53,0.55,0.40,0.20,0.54,0.58,0.75,0.82,0.52,0.92,0.68,0.80,0.72,0.55,0.46,0.40,0.48,0.62,0.73,0.58,0.49,0.43,0.58,0.57,0.70,0.40,0.53,0.57,0.72,0.93,0.70,0.43,0.57,0.66,0.40,0.63,0.60,1.52,0.47,0.37,0.63,0.25,0.72,0.40,0.47,0.60,0.50,0.54,0.50,0.20,0.60,0.78,0.32,0.15,,,,,,,,,,,,,,,,,,,,,,,,,,,,,,0.58,0.60,0.45,0.50,0.43,0.75,0.50,0.77,0.53,0.33,0.43,0.30,0.55,0.60,,0.25,0.45,0.70,0.70,0.70,0.80,0.47,0.60,0.65,0.60,0.40,0.40,0.40,0.33,0.20,0.47,0.45,0.35,0.47,0.40,0.50,0.25,0.45,0.44,0.40,0.65,0.75,0.45,0.60,0.58,0.27,0.50,0.27,0.82,0.37,0.50,0.97,0.35,0.40,0.85,0.70,0.60,0.60,0.45,0.26,0.30,0.68,0.53,0.60,0.56,0.43,0.45,0.53,0.50,0.70,0.33,0.37,0.45,0.67,0.78,0.70,0.80,0.70,0.63,0.80,0.60,0.55,0.72,0.55,0.90,0.55,0.70,0.60,0.55,0.50,0.30,0.60,0.63,0.63,0.43,0.55,0.43,0.80,0.75,0.50,0.63,0.55,0.50,0.65,0.65,0.40,0.32,0.60,0.65,0.30,0.30,,0.25,0.60,0.50,0.43,0.50,0.60,0.30,0.55,,0.55,0.40,0.50,0.40,0.65,0.60,0.60,0.20,0.30,0.70,0.35,0.35,0.55,0.35,0.40,0.20,0.40,0.40,,0.25,0.35,0.43,0.43,0.40,0.80,0.35,0.45,0.30,0.50,0.60,,0.35,,0.35,,0.25,0.60,0.40,0.20,0.50,0.40,0.20,0.40,0.47,0.35,0.30,0.45,,0.20,0.25,0.80,0.15,0.40,0.25,0.45,0.30,0.10,0.30,0.20,,,,0.40,,
20260618,19,AQI,67,71,65,57,53,48,70,59,63,75,59,90,47,88,40,46,37,34,37,23,85,47,19,25,38,47,56,69,47,29,36,20,50,51,34,19,22,50,38,33,20,15,17,17,76,23,9,16,45,22,37,43,20,17,14,13,17,12,30,22,19,13,23,26,21,42,20,18,47,26,38,28,38,40,14,14,52,42,55,26,69,45,13,38,66,50,70,56,50,29,56,38,41,22,23,101,17,15,34,33,11,13,13,24,14,22,16,18,18,46,42,40,53,66,43,58,43,28,42,33,37,28,40,45,115,20,25,48,53,37,39,29,31,56,60,53,50,11,47,15,32,36,33,27,23,32,32,24,23,23,31,30,33,29,26,37,159,59,38,39,,,,,,,,,,,,,,,,,,,,,,,,,,,,,,24,41,11,42,38,70,31,42,37,65,46,31,54,48,,41,39,42,34,44,44,40,35,33,32,41,42,28,30,28,41,34,30,26,33,34,31,59,54,37,34,30,15,91,70,47,63,41,38,29,11,13,13,13,17,17,19,18,14,14,17,15,20,16,58,49,47,61,35,36,44,34,43,30,43,44,44,36,43,31,34,16,14,19,19,15,18,28,19,56,22,41,25,21,31,32,14,24,15,43,28,21,23,35,45,20,30,38,25,28,26,,22,24,19,19,25,19,14,21,,12,18,21,31,26,17,16,17,16,24,16,21,16,18,40,43,41,45,,48,22,28,43,20,26,36,30,34,43,36,,38,,33,,51,34,36,43,39,32,41,42,39,39,34,66,55,43,38,61,92,70,84,38,58,38,40,40,,,,20,,
20260618,19,PM2.5,45,44,47,36,31,24,47,42,44,52,34,26,27,43,16,23,26,14,16,16,63,33,4,7,13,23,40,50,33,17,25,3,33,36,20,8,8,35,23,19,14,5,9,3,56,8,4,4,21,4,24,30,11,11,8,9,12,6,21,15,11,8,12,16,12,13,6,6,6,12,21,9,17,8,4,8,31,15,32,18,15,31,7,20,17,15,22,30,19,12,19,4,15,7,6,37,4,6,17,12,3,9,7,12,5,10,8,7,3,13,20,21,25,48,25,39,12,10,13,15,18,12,18,21,87,4,17,25,37,20,27,20,22,40,32,37,35,7,17,6,15,13,17,6,9,10,12,13,8,6,12,9,15,10,12,14,52,26,6,7,,,,,,,,,,,,,,,,,,,,,,,,,,,,,,8,21,3,10,13,43,8,26,13,25,30,22,29,26,,10,10,4,10,10,25,15,3,5,10,25,9,5,10,12,14,23,14,15,15,16,20,42,38,14,17,20,8,68,51,33,45,19,24,10,3,6,6,3,12,12,3,5,4,4,4,4,3,3,41,27,30,27,24,25,29,17,18,8,30,31,31,25,30,22,24,8,4,10,9,3,3,9,3,40,9,12,10,15,22,15,6,10,3,10,3,11,13,16,10,14,13,21,3,7,3,,6,13,7,11,13,8,9,15,,8,10,15,6,16,12,3,12,6,10,3,8,6,5,3,3,3,,,3,6,9,11,3,15,15,8,16,17,11,,5,,20,,36,7,12,14,16,10,12,7,19,15,3,23,19,14,3,44,50,22,23,19,19,3,3,9,,,,10,,
20260618,19,PM2.5_24h,29,44,43,49,33,31,38,20,18,48,38,33,46,49,19,31,25,20,14,30,38,48,21,18,24,29,37,45,45,20,24,6,32,47,29,10,36,42,31,10,18,14,11,4,28,6,8,12,24,12,29,35,25,7,5,7,8,6,8,8,5,6,8,15,10,22,7,7,7,9,18,19,15,11,24,27,23,17,39,20,35,32,11,24,31,19,34,36,24,14,23,18,28,12,13,35,3,8,14,10,7,7,7,11,8,10,12,6,5,18,20,24,27,50,14,32,20,19,35,19,15,12,18,34,43,18,21,30,34,29,31,16,35,36,31,47,38,6,17,7,12,18,15,16,7,14,22,12,15,8,17,21,20,17,13,19,15,21,7,18,,,,,,,,,,,,,,,,,,,,,,,,,,,,,,25,31,9,20,29,54,11,46,23,17,17,18,24,19,,6,8,23,19,29,23,25,15,6,12,16,18,13,17,11,10,13,12,11,12,16,12,30,32,20,27,24,17,43,32,24,30,17,23,34,7,10,5,6,8,18,16,9,9,4,5,12,6,13,40,28,23,28,30,24,19,24,25,16,33,29,38,23,32,26,25,16,10,32,29,3,18,28,32,35,8,11,12,13,14,18,6,6,8,12,11,11,12,18,21,15,12,20,12,14,7,,4,9,6,9,18,7,6,12,,8,13,9,5,11,11,6,8,10,10,5,10,11,7,4,4,2,10,,3,5,12,25,5,15,14,20,26,21,20,,16,,21,,14,17,8,10,14,10,4,7,21,21,14,29,27,9,6,45,20,12,36,11,6,3,5,11,,,,12,,
20260618,19,PM10,84,78,71,63,56,39,85,58,75,92,51,68,47,61,22,44,33,22,35,23,81,43,16,18,38,47,62,65,36,29,35,6,50,36,34,19,12,44,29,33,20,14,17,17,69,23,8,10,42,9,31,43,20,17,14,13,13,12,30,20,19,12,23,26,21,26,20,10,13,16,31,15,37,27,13,13,54,30,59,24,33,27,13,37,53,50,55,50,50,29,61,34,40,17,12,65,10,15,34,33,6,11,12,24,10,22,16,18,10,36,42,34,56,70,37,65,27,26,31,22,35,20,38,45,102,18,25,45,54,37,37,29,24,57,69,39,42,11,47,14,32,25,18,27,21,28,24,24,16,19,24,17,22,20,24,,267,67,20,25,,,,,,,,,,,,,,,,,,,,,,,,,,,,,,24,41,8,36,32,63,15,42,26,79,42,27,58,48,,41,19,26,34,34,35,27,17,8,30,41,30,21,14,19,41,34,13,26,29,,,56,53,37,30,30,15,75,63,43,53,30,34,15,11,13,13,6,15,13,19,18,13,12,17,13,20,14,60,49,44,71,35,31,41,34,43,17,31,43,38,32,34,,32,11,11,13,18,9,6,28,19,,22,41,25,18,22,32,10,24,15,43,17,16,23,27,34,17,30,28,12,17,15,,13,15,14,16,25,16,14,20,,12,10,17,31,26,12,14,12,9,24,16,21,11,13,8,15,10,,,14,7,20,27,7,21,29,22,21,22,29,,23,,33,,23,25,16,14,21,27,,22,31,27,7,81,59,22,16,68,134,89,117,30,66,30,18,24,,,,20,,
20260618,19,PM10_24h,52,67,66,73,65,46,65,28,36,65,59,70,64,76,38,42,33,24,33,40,50,56,23,25,38,42,51,62,47,21,32,10,39,52,48,23,47,47,36,22,27,25,21,15,47,18,11,15,44,13,48,50,38,12,13,11,11,8,14,14,12,11,19,25,19,28,19,15,10,17,31,27,46,29,38,38,40,41,52,26,32,36,14,35,57,43,54,63,42,28,52,37,43,20,17,53,9,13,26,23,14,20,12,16,12,14,17,17,11,40,34,38,66,79,24,46,27,30,47,24,28,16,35,44,61,26,35,55,54,49,54,28,40,48,45,44,30,16,34,17,27,29,17,39,19,24,25,19,21,15,29,28,36,21,22,40,34,53,23,49,,,,,,,,,,,,,,,,,,,,,,,,,,,,,,35,47,17,48,51,70,22,66,61,47,31,31,64,36,,12,24,36,31,37,33,30,23,15,23,23,21,19,19,17,15,16,13,12,20,19,20,39,40,42,48,34,23,39,48,38,32,28,34,37,20,17,14,13,16,23,25,23,20,13,19,24,25,25,55,50,43,47,43,44,37,45,50,25,43,47,44,43,38,35,38,24,20,30,35,7,22,38,38,32,16,30,22,17,17,30,13,16,21,27,24,17,16,22,35,16,25,26,18,19,19,,7,16,10,8,31,12,13,12,,8,12,18,10,28,14,11,11,15,24,11,16,23,17,7,9,14,16,,12,8,18,41,11,21,28,27,48,31,45,,33,,37,,23,28,15,21,24,26,12,18,54,44,24,113,72,23,22,71,50,50,145,27,31,25,31,39,,,,22,,
20260618,19,SO2,3,6,2,11,7,3,3,4,3,2,5,4,3,13,8,6,10,5,5,7,7,7,5,7,7,6,6,7,5,9,7,7,8,6,6,5,6,5,6,5,6,2,3,5,9,4,2,7,6,6,4,5,5,5,5,5,5,5,6,3,5,7,4,4,8,4,7,5,6,5,9,10,5,5,5,6,7,6,6,5,6,7,3,10,9,7,9,9,10,6,5,4,7,8,4,9,5,5,9,4,7,6,5,5,4,9,3,4,4,5,8,10,6,8,8,8,10,7,8,5,5,6,5,5,7,3,8,2,8,6,4,10,7,9,5,8,7,5,2,5,2,8,10,14,4,9,4,6,3,3,5,5,3,6,6,6,20,32,5,4,,,,,,,,,,,,,,,,,,,,,,,,,,,,,,6,3,4,4,4,11,4,5,3,11,9,4,14,4,,7,10,6,8,10,6,6,7,8,10,2,3,7,8,5,6,6,4,10,6,9,7,7,10,5,9,7,4,8,6,6,7,4,5,6,6,5,3,4,5,4,8,5,5,3,7,3,5,7,6,7,6,3,5,6,4,5,6,8,6,6,6,4,6,6,3,5,8,5,5,4,4,6,7,3,7,6,2,5,3,12,9,5,7,6,5,12,11,4,7,8,5,6,7,3,3,,6,6,4,6,2,6,4,2,,5,5,7,6,5,7,2,4,3,8,6,6,5,8,7,5,7,5,,4,4,4,4,5,7,6,10,9,6,10,,4,,8,,4,7,8,9,10,11,6,19,8,6,7,5,7,6,6,4,6,5,4,7,4,8,6,6,,,,4,,
20260618,19,SO2_24h,3,6,4,10,7,5,3,3,3,2,7,6,3,10,10,8,8,5,5,7,6,7,4,7,8,7,6,9,6,9,7,7,6,6,7,5,7,7,7,6,7,2,4,5,9,4,3,8,6,6,5,6,7,5,5,5,5,5,5,3,4,7,3,4,8,5,7,5,6,5,10,20,6,5,8,8,13,7,6,5,6,7,3,14,11,8,10,12,12,7,6,5,7,8,4,10,8,6,6,5,7,6,5,5,4,6,5,3,6,5,8,10,8,10,10,6,9,7,6,5,4,6,5,6,6,4,9,4,9,9,5,9,8,10,5,9,7,5,3,5,2,8,9,17,5,9,4,6,2,3,5,5,3,6,7,9,12,17,5,4,,,,,,,,,,,,,,,,,,,,,,,,,,,,,,6,5,4,5,5,11,5,7,5,9,9,4,11,5,,6,10,8,7,8,7,4,7,10,11,2,5,7,8,5,7,5,4,9,7,9,7,7,11,6,10,8,5,9,7,6,6,5,5,8,5,7,3,4,6,5,10,4,6,2,7,3,5,9,7,7,6,4,7,6,4,5,8,8,7,9,8,5,7,8,4,5,9,6,7,5,4,7,23,3,6,5,2,6,4,13,10,6,7,6,7,8,10,4,9,7,5,6,8,4,3,,6,6,4,6,3,6,3,2,,4,5,7,8,5,8,7,4,4,8,6,7,5,9,7,5,7,4,,4,3,4,7,5,7,7,10,10,6,12,,5,,9,,4,10,8,9,10,13,6,19,10,6,7,6,6,7,5,4,8,5,5,6,3,7,6,7,,,,5,,
20260618,19,NO2,18,24,11,13,16,13,13,17,13,20,15,13,9,16,9,14,19,15,19,26,34,31,12,15,8,17,31,25,27,9,14,6,15,26,46,17,19,17,16,16,13,15,16,11,22,23,8,5,12,14,16,14,8,29,27,10,27,13,33,44,20,14,8,6,15,10,14,7,10,13,9,15,11,6,8,6,14,13,12,9,14,8,15,12,15,10,15,12,10,12,14,7,11,18,10,22,15,11,17,9,6,11,11,3,17,27,15,19,4,13,19,7,19,12,12,19,15,13,14,17,13,13,10,9,22,10,13,12,14,13,17,14,14,11,12,5,13,9,5,7,7,7,10,10,15,7,9,10,6,7,10,11,7,7,15,4,10,18,4,5,,,,,,,,,,,,,,,,,,,,,,,,,,,,,,12,11,7,12,11,12,5,12,16,10,12,5,8,9,,12,6,7,13,15,9,16,5,9,12,23,8,12,9,14,8,12,10,12,14,15,7,20,16,12,10,12,6,23,23,9,19,12,12,7,10,14,7,3,22,7,13,9,4,8,5,6,3,4,19,15,17,14,21,9,9,16,4,8,22,12,15,5,6,6,14,8,4,3,6,4,4,6,1,10,23,10,6,14,15,8,14,3,6,7,7,10,9,8,14,10,19,14,4,4,3,,6,10,9,6,8,7,6,6,,5,4,13,6,7,5,5,5,6,5,10,7,9,11,7,5,3,7,,1,6,6,10,12,20,7,9,7,8,10,,8,,6,,8,7,2,2,1,1,3,1,9,11,7,4,9,5,5,8,3,5,3,5,4,10,3,3,,,,4,,
20260618,19,NO2_24h,22,20,9,15,24,16,17,11,12,22,15,26,8,16,18,16,16,14,19,23,25,27,11,18,13,12,28,26,28,6,13,4,16,24,48,19,22,21,18,11,23,14,14,12,25,12,12,11,18,13,20,24,11,19,17,6,17,8,13,21,12,13,8,5,13,13,10,9,8,9,16,19,15,13,21,12,27,13,13,9,11,17,14,16,21,12,16,22,14,13,19,11,16,16,9,19,14,13,11,7,11,5,12,7,16,14,16,12,7,16,14,9,16,12,19,13,15,16,20,13,13,7,14,18,21,22,13,15,21,14,26,13,16,13,19,7,13,5,6,9,10,11,11,18,14,9,10,8,7,8,16,14,16,9,15,5,12,19,12,7,,,,,,,,,,,,,,,,,,,,,,,,,,,,,,8,15,9,13,14,10,5,12,33,9,14,7,12,19,,7,6,12,9,15,11,15,12,9,11,10,11,8,11,11,6,8,8,11,14,13,7,22,16,10,15,15,8,18,19,9,12,12,14,12,12,11,6,5,15,10,9,7,5,5,5,8,5,6,18,17,14,17,22,16,10,15,12,7,18,20,13,9,9,10,13,6,6,7,12,5,8,9,5,8,19,14,9,13,12,10,10,6,9,9,14,10,8,11,22,7,18,12,9,5,5,,12,10,11,4,8,7,4,7,,4,7,12,6,7,7,4,4,7,6,7,8,10,10,5,3,4,8,,2,7,7,12,6,14,8,12,11,8,19,,9,,7,,8,11,5,1,8,3,11,3,11,13,14,7,7,14,8,25,4,10,8,10,6,9,8,8,,,,5,,
20260618,19,O3,144,177,159,100,111,153,176,113,138,180,167,192,141,190,128,146,104,109,117,70,130,109,62,81,107,86,118,145,94,77,64,65,98,75,29,46,69,124,121,62,58,47,52,28,150,36,29,51,144,69,117,97,50,27,23,40,24,39,24,15,34,40,48,66,61,133,40,58,151,83,122,89,123,129,46,46,127,135,159,79,175,143,27,120,173,145,176,165,143,85,160,121,130,70,75,201,53,32,60,59,35,43,43,64,44,23,29,27,56,148,118,127,107,118,136,147,139,90,134,106,119,91,129,131,183,63,72,155,140,107,102,70,66,85,111,98,67,34,77,48,79,115,104,71,73,101,102,60,75,72,98,96,104,92,82,117,130,121,123,126,,,,,,,,,,,,,,,,,,,,,,,,,,,,,,77,127,34,134,120,176,100,128,119,124,146,88,119,150,,120,125,135,96,142,142,129,112,107,101,118,133,88,95,89,96,95,96,78,104,109,100,111,109,118,109,95,46,112,107,121,145,130,122,92,35,37,39,42,34,41,45,43,45,46,48,48,44,52,139,139,150,104,110,88,142,87,91,97,71,86,65,77,89,69,68,51,45,61,62,48,57,37,48,35,21,64,73,31,33,68,46,64,48,62,91,67,72,111,143,61,44,123,79,90,84,,70,78,62,60,49,61,43,48,,37,56,66,62,71,53,52,48,50,54,49,52,51,59,129,136,131,144,,152,70,91,137,64,83,115,95,110,137,116,,122,,89,,85,110,115,139,125,101,132,133,126,124,110,117,107,139,121,138,132,138,104,123,116,123,129,129,,,,54,,
20260618,19,O3_24h,144,177,159,100,111,153,176,113,138,180,167,192,141,190,128,146,104,109,117,70,130,109,62,81,107,86,118,145,94,77,64,65,98,75,29,46,69,124,121,62,58,47,52,28,150,36,29,51,144,69,117,97,50,27,23,40,24,39,24,15,34,40,48,66,61,133,40,58,151,83,122,89,123,129,46,46,127,135,159,79,175,143,27,120,173,145,176,165,143,85,160,121,130,70,75,201,53,32,60,59,35,43,43,64,44,23,29,27,56,148,118,127,107,118,136,147,139,90,134,106,119,91,129,131,183,63,72,155,140,107,102,70,66,85,111,98,67,34,77,48,79,115,104,71,73,101,102,60,75,72,98,96,104,92,82,117,130,121,123,126,,,,,,,,,,,,,,,,,,,,,,,,,,,,,,77,127,34,134,120,176,100,128,119,124,146,88,119,150,,120,125,135,96,142,142,129,112,107,101,118,133,88,95,89,96,95,96,78,104,109,100,111,109,118,109,95,46,112,107,121,145,130,122,92,35,37,39,42,34,41,45,43,45,46,48,48,44,52,139,139,150,104,110,88,142,87,91,97,71,86,65,77,89,69,68,51,45,61,62,48,57,37,48,35,21,64,73,31,33,68,46,64,48,62,91,67,72,111,143,61,44,123,79,90,84,,70,78,62,60,49,61,43,48,,37,56,66,62,71,53,52,48,50,54,49,52,51,59,129,136,131,144,,152,70,91,137,64,83,115,95,110,137,116,,122,,89,,85,110,115,139,125,101,132,133,126,124,110,117,107,139,121,138,132,138,104,123,116,123,129,129,,,,54,,
20260618,19,O3_8h,160,185,171,119,144,170,168,143,133,207,172,191,169,190,158,151,109,117,119,106,127,155,90,93,110,100,152,171,105,91,66,77,88,118,65,88,73,169,154,101,67,74,63,51,153,73,51,62,146,80,153,116,86,48,37,52,43,47,43,45,45,48,52,75,57,122,43,59,141,85,138,100,135,118,67,80,153,153,158,107,150,142,56,118,181,159,189,175,131,118,174,121,148,78,98,224,59,33,77,65,49,46,45,64,57,40,34,42,57,154,137,150,147,150,130,146,132,116,153,110,115,102,129,179,185,79,96,163,160,138,136,92,65,84,131,115,80,46,77,55,81,106,92,80,67,89,100,58,81,71,105,95,106,88,89,114,130,139,115,119,,,,,,,,,,,,,,,,,,,,,,,,,,,,,,98,134,47,150,124,188,113,185,142,123,143,92,125,168,,132,125,150,126,144,133,134,123,114,119,116,115,104,100,97,88,103,104,100,120,125,100,91,104,116,134,91,61,93,120,107,153,137,132,145,67,51,51,49,78,53,68,63,46,51,58,63,49,64,146,150,147,145,143,82,144,133,109,102,83,105,85,103,108,94,101,79,61,75,112,52,56,67,72,53,42,53,60,43,46,77,45,57,50,64,90,67,73,118,128,73,49,123,76,95,96,,65,78,59,51,74,67,49,56,,44,54,68,61,66,55,47,50,52,62,57,56,54,67,125,131,129,143,,144,79,91,144,90,109,119,77,101,117,109,,112,,94,,99,127,115,132,118,98,129,122,139,120,95,125,106,114,121,128,126,122,99,121,106,113,128,112,,,,58,,
20260618,19,O3_8h_24h,159,185,170,115,134,170,175,140,133,207,172,191,176,190,158,151,108,117,119,103,127,155,87,93,110,100,152,171,105,91,66,65,88,116,55,81,73,165,154,101,66,71,59,49,153,67,42,61,146,78,153,116,81,44,34,44,38,41,37,35,43,48,52,74,55,122,40,59,141,84,138,100,135,119,63,74,153,152,158,107,150,142,46,118,181,159,189,175,131,113,174,121,145,76,91,224,59,31,76,64,46,46,45,60,56,38,33,40,57,154,134,147,142,148,130,146,132,113,152,110,115,101,128,176,185,78,92,162,160,137,134,84,63,79,130,115,79,45,77,54,78,106,92,80,67,89,100,58,76,71,90,95,106,88,89,114,130,139,115,119,,,,,,,,,,,,,,,,,,,,,,,,,,,,,,96,134,47,148,123,188,104,180,142,123,143,91,125,167,,132,123,149,122,144,133,134,122,114,118,116,115,101,100,94,88,103,104,98,118,124,100,91,104,116,131,90,57,93,120,107,153,137,132,130,60,50,50,48,76,52,66,61,46,51,56,61,49,64,146,150,147,140,140,80,144,128,108,99,80,103,70,94,107,93,96,61,56,65,107,52,56,61,65,48,39,46,60,41,45,77,45,57,50,64,90,67,73,118,128,61,49,123,76,95,96,,65,78,59,51,56,67,49,56,,44,54,68,61,66,55,47,50,52,62,57,56,51,67,125,131,129,143,,144,79,91,144,86,105,117,77,101,117,109,,111,,94,,97,127,115,132,118,98,129,122,139,120,95,125,106,121,121,128,126,122,99,121,106,113,128,112,,,,57,,
20260618,19,CO,0.81,0.82,0.80,0.51,0.35,0.37,0.44,0.53,0.55,0.58,0.50,0.38,0.45,0.70,0.38,0.88,0.60,0.53,0.52,0.40,1.01,0.97,0.72,0.40,0.32,0.66,1.01,1.11,0.56,0.53,0.84,0.44,0.50,0.72,0.61,0.50,0.65,0.60,0.53,0.50,0.55,0.53,0.40,0.45,1.00,0.40,0.28,0.53,0.33,0.45,0.57,0.74,0.53,0.55,0.59,0.60,0.50,0.30,0.67,0.63,0.67,0.47,0.66,0.35,0.60,0.52,0.67,0.40,0.25,0.60,0.67,0.35,0.36,0.26,0.43,0.52,0.41,0.48,0.54,0.47,0.37,0.52,0.53,0.31,0.60,0.40,0.56,0.52,0.42,0.33,0.63,0.38,0.30,0.48,0.23,0.78,0.63,0.68,0.57,0.67,0.55,0.60,0.80,0.50,0.45,0.80,0.57,0.60,0.30,0.20,0.59,0.58,1.02,0.82,0.56,1.12,0.73,0.86,0.60,0.53,0.42,0.37,0.46,0.48,1.27,0.46,0.48,0.38,0.55,0.57,0.70,0.43,0.53,0.65,0.85,0.95,0.75,0.47,0.47,0.64,0.35,0.55,0.57,0.47,0.53,0.50,0.60,0.30,0.67,0.40,0.35,0.55,0.50,0.50,0.50,0.20,0.73,0.70,0.26,0.15,,,,,,,,,,,,,,,,,,,,,,,,,,,,,,0.45,0.60,0.40,0.57,0.30,0.70,0.50,0.53,0.33,0.57,0.60,0.30,0.55,0.45,,0.35,0.40,0.53,0.67,0.55,0.80,0.43,0.50,0.55,0.70,0.50,0.30,0.40,0.30,0.23,0.47,0.50,0.30,0.50,0.35,0.40,0.20,0.70,0.52,0.40,0.53,0.57,0.45,0.90,0.74,0.37,0.65,0.30,0.78,0.23,0.40,0.70,0.35,0.35,0.95,0.63,0.87,0.93,0.30,0.36,0.40,0.58,0.53,0.40,0.62,0.48,0.50,0.47,0.48,0.63,0.47,0.27,0.30,0.70,0.78,0.75,0.80,0.70,0.60,0.70,0.70,0.60,0.68,0.45,0.80,0.45,0.53,0.55,0.35,0.60,0.60,0.60,0.58,0.67,0.60,0.45,0.50,0.80,0.80,0.50,0.47,0.50,0.53,0.60,0.55,0.50,0.43,0.65,0.60,0.30,0.20,,0.25,0.65,0.50,0.60,0.45,0.60,0.40,0.55,,0.55,0.45,0.50,0.40,0.60,0.55,0.40,0.20,0.20,0.70,0.40,0.30,0.45,0.40,0.35,0.20,0.35,0.30,,0.25,0.30,0.47,0.30,0.90,0.80,0.30,0.40,0.20,0.45,0.60,,0.25,,0.40,,0.25,0.50,0.40,0.20,0.40,0.30,0.10,0.30,0.40,0.35,0.25,0.45,,0.20,0.25,0.50,0.15,0.35,0.20,0.45,,0.10,0.20,0.15,,,,0.45,,
20260618,19,CO_24h,0.58,0.76,0.52,0.76,0.60,0.30,0.44,0.33,0.40,0.53,0.55,0.40,0.47,0.73,0.64,0.93,0.68,0.50,0.50,0.47,0.65,0.93,0.67,0.47,0.34,0.76,0.83,1.00,0.72,0.55,0.84,0.38,0.50,0.75,0.63,0.47,0.66,0.63,0.57,0.47,0.65,0.53,0.40,0.45,0.78,0.35,0.28,0.60,0.37,0.41,0.54,0.84,0.58,0.45,0.51,0.53,0.47,0.35,0.47,0.47,0.53,0.40,0.64,0.35,0.54,0.58,0.53,0.45,0.25,0.54,0.83,0.70,0.36,0.31,0.40,0.70,0.56,0.54,0.60,0.53,0.37,0.63,0.50,0.34,0.60,0.37,0.60,0.65,0.40,0.37,0.62,0.42,0.30,0.54,0.27,0.67,0.63,0.72,0.47,0.57,0.55,0.50,0.70,0.53,0.40,0.60,0.53,0.55,0.40,0.20,0.54,0.60,0.75,0.84,0.52,0.92,0.68,0.78,0.72,0.55,0.44,0.37,0.48,0.62,0.80,0.58,0.49,0.45,0.58,0.57,0.70,0.40,0.53,0.60,0.75,0.95,0.70,0.43,0.57,0.66,0.40,0.63,0.57,1.52,0.47,0.37,0.63,0.25,0.72,0.45,0.43,0.60,0.50,0.52,0.50,0.20,0.60,0.76,0.32,0.15,,,,,,,,,,,,,,,,,,,,,,,,,,,,,,0.58,0.60,0.45,0.50,0.43,0.75,0.53,0.77,0.50,0.33,0.47,0.30,0.55,0.60,,0.25,0.45,0.70,0.70,0.70,0.80,0.47,0.60,0.65,0.60,0.40,0.40,0.40,0.33,0.20,0.47,0.45,0.35,0.47,0.40,0.50,0.25,0.47,0.44,0.40,0.65,0.75,0.45,0.60,0.58,0.27,0.50,0.27,0.85,0.37,0.50,0.93,0.35,0.40,0.80,0.70,0.63,0.63,0.40,0.26,0.30,0.65,0.53,0.55,0.56,0.45,0.45,0.53,0.50,0.70,0.33,0.37,0.45,0.67,0.78,0.70,0.80,0.70,0.63,0.80,0.63,0.55,0.72,0.55,0.90,0.55,0.67,0.60,0.55,0.50,0.30,0.60,0.63,0.63,0.47,0.55,0.43,0.80,0.75,0.50,0.63,0.50,0.53,0.65,0.65,0.40,0.32,0.60,0.65,0.30,0.30,,0.25,0.60,0.50,0.43,0.50,0.60,0.30,0.55,,0.55,0.45,0.50,0.45,0.65,0.60,0.60,0.20,0.30,0.70,0.35,0.40,0.50,0.35,0.40,0.20,0.40,0.40,,0.25,0.35,0.43,0.40,0.50,0.80,0.35,0.45,0.30,0.50,0.60,,0.35,,0.35,,0.25,0.60,0.40,0.20,0.40,0.40,0.20,0.40,0.47,0.35,0.30,0.45,,0.20,0.25,0.80,0.15,0.40,0.25,0.45,0.20,0.20,0.30,0.20,,,,0.40,,
20260618,20,AQI,67,68,59,57,56,46,60,56,64,79,55,70,53,64,38,46,31,28,38,24,86,47,18,21,38,51,53,76,66,20,37,20,44,55,25,19,18,54,49,40,22,16,17,16,95,25,8,13,44,21,40,48,19,21,11,17,21,14,36,24,21,14,19,31,24,38,23,17,45,25,39,26,35,40,14,15,56,41,54,24,47,46,18,44,53,42,53,55,55,25,57,34,42,20,23,79,15,11,31,32,12,12,13,26,13,14,16,19,17,46,40,37,52,70,53,48,36,29,42,31,33,26,39,30,81,18,26,49,53,39,39,26,27,53,42,69,51,16,39,15,36,31,27,32,28,31,28,24,21,21,27,29,32,26,26,37,89,51,38,36,,,,,,,,,,,,,,,,,,,,,,,,,,,,,,23,44,9,41,44,59,30,44,33,55,52,34,65,43,,49,38,39,32,47,41,34,23,23,36,41,36,27,26,32,49,35,26,50,29,32,28,73,60,41,59,36,22,93,76,53,69,39,30,32,11,13,12,14,14,17,19,20,13,14,16,14,19,18,61,44,48,43,36,28,43,32,39,31,40,47,44,32,43,40,33,17,15,22,18,15,17,17,15,53,26,27,24,23,29,26,14,20,17,38,25,20,22,32,40,22,28,33,22,27,28,,20,26,18,17,33,17,20,16,,11,17,21,34,28,19,16,14,15,28,17,24,20,18,40,44,40,43,,48,21,27,39,18,24,35,28,33,41,33,,37,,37,,26,54,36,43,38,32,42,41,37,37,33,48,65,45,36,54,144,96,85,38,44,37,40,41,,,,21,,
20260618,20,PM2.5,46,49,42,39,34,30,41,39,41,58,37,24,22,45,11,24,22,15,18,17,64,33,4,6,16,24,37,56,48,13,26,5,29,39,11,9,11,38,34,25,15,5,11,3,71,8,4,6,22,6,28,31,10,13,6,12,15,8,25,17,13,10,11,20,13,15,10,7,8,12,27,13,16,6,4,9,28,13,30,17,27,32,8,24,19,14,23,32,26,12,24,5,15,5,7,36,4,7,17,12,7,7,9,11,7,10,11,6,3,15,20,20,25,51,37,31,20,11,19,18,15,11,19,9,60,5,18,27,31,27,27,18,19,37,27,50,36,5,13,6,15,13,19,10,14,10,11,14,8,6,15,11,12,10,16,10,41,24,8,14,,,,,,,,,,,,,,,,,,,,,,,,,,,,,,16,31,3,18,21,40,8,27,14,21,35,24,30,15,,13,9,3,13,14,24,20,9,10,15,20,10,8,7,17,15,22,18,29,13,14,11,53,43,15,42,25,12,69,56,37,50,22,17,13,3,8,6,4,10,12,4,3,7,6,3,3,4,4,44,28,22,26,25,16,27,17,15,9,28,29,31,22,30,28,23,12,5,12,8,3,3,9,5,37,18,13,13,16,20,17,4,9,5,10,3,12,13,19,14,15,11,21,3,7,6,,10,18,7,10,17,9,12,11,,5,7,10,12,16,13,3,7,5,12,5,13,7,8,3,3,3,,,3,14,11,10,3,16,16,12,18,18,12,,12,,19,,18,38,21,16,22,11,13,11,24,26,5,16,47,17,5,38,74,56,25,16,15,3,3,5,,,,12,,
20260618,20,PM2.5_24h,31,45,43,49,34,31,39,21,19,49,38,33,45,49,19,32,24,20,14,29,40,47,21,18,24,30,37,47,47,20,25,6,32,47,29,10,34,42,32,11,18,13,10,4,31,7,8,12,24,12,29,35,25,7,5,7,8,6,8,8,6,6,8,14,10,22,7,7,7,9,18,19,15,11,23,26,23,17,39,19,34,32,11,24,31,19,33,37,24,14,23,18,28,12,13,36,4,8,15,10,6,7,7,11,8,10,12,6,5,18,20,24,27,51,15,31,20,19,35,19,15,11,18,34,44,18,21,30,34,29,31,16,34,36,31,48,39,5,17,7,13,18,15,15,8,14,21,12,14,8,17,20,20,16,13,19,16,21,7,18,,,,,,,,,,,,,,,,,,,,,,,,,,,,,,25,31,9,20,29,53,11,46,23,18,18,18,24,19,,6,8,23,18,28,24,25,15,6,12,16,17,12,17,11,11,14,12,12,12,16,12,32,33,21,28,25,17,45,34,25,31,17,23,34,7,10,5,6,8,17,16,8,8,4,5,10,6,12,40,28,23,28,30,24,20,24,24,15,32,29,37,23,32,26,24,15,9,31,28,3,17,27,31,36,8,11,12,13,14,18,6,6,8,12,10,11,12,18,21,16,12,20,11,14,7,,4,9,6,9,18,7,6,12,,7,12,9,5,11,11,6,8,10,10,5,10,10,7,4,4,2,10,,3,5,12,25,5,15,14,20,25,21,20,,15,,20,,13,17,9,10,14,10,5,7,21,19,14,26,28,9,5,46,22,13,36,12,6,3,5,11,,,,12,,
20260618,20,PM10,84,86,60,63,62,46,70,62,77,88,59,86,55,62,16,46,31,27,38,23,77,43,15,16,38,51,54,71,47,19,37,9,44,39,25,19,15,49,40,40,22,16,17,16,79,25,8,13,44,10,32,48,19,21,10,17,14,14,28,22,21,14,19,31,24,29,23,13,12,16,33,19,35,23,14,15,62,22,58,24,44,35,18,44,55,42,56,59,59,25,63,31,42,6,10,68,11,7,31,32,12,12,13,26,13,12,13,19,15,46,36,33,53,76,43,48,36,29,31,26,31,26,39,20,86,14,24,49,55,35,32,25,20,44,42,50,,16,39,13,36,27,21,32,28,30,23,24,20,19,27,15,17,18,22,,127,52,16,29,,,,,,,,,,,,,,,,,,,,,,,,,,,,,,23,39,9,31,44,68,15,44,32,59,53,24,80,36,,49,18,20,29,47,36,28,23,20,36,41,23,27,26,32,49,35,23,50,27,19,21,58,51,41,54,36,22,81,65,50,66,33,23,16,11,13,12,14,14,14,19,20,11,14,16,13,19,18,57,44,48,43,34,27,40,32,39,21,33,47,41,32,34,,29,8,15,16,16,8,6,17,15,,26,27,24,18,26,26,10,17,17,38,14,19,22,28,40,22,28,29,13,19,28,,12,17,12,17,33,16,20,11,,8,12,21,34,28,,13,14,13,28,17,24,20,16,11,10,15,,,14,15,22,14,6,20,35,28,27,26,30,,23,,37,,19,38,24,24,22,25,,21,36,32,13,48,71,24,26,50,237,141,119,21,44,22,15,20,,,,21,,
20260618,20,PM10_24h,55,69,66,73,65,46,66,29,38,68,59,71,64,75,38,43,33,25,34,38,52,56,23,25,39,43,52,64,48,21,31,10,40,51,47,23,45,47,36,23,27,24,20,15,49,18,10,15,43,13,47,50,37,12,13,11,11,8,14,15,12,12,19,25,19,29,19,15,10,16,31,26,45,29,37,36,41,40,51,26,32,36,15,36,56,42,54,63,43,28,52,37,43,19,17,55,10,13,26,24,14,19,12,17,12,14,17,17,11,41,35,38,65,80,24,45,28,30,47,25,28,17,35,44,63,25,34,55,55,48,54,28,38,48,45,45,30,16,33,16,27,30,18,39,20,24,25,19,20,15,28,27,35,20,21,39,38,52,23,47,,,,,,,,,,,,,,,,,,,,,,,,,,,,,,34,46,17,47,51,70,21,65,60,47,32,31,65,36,,14,23,36,31,38,34,30,23,15,24,24,21,19,19,17,15,16,13,13,20,19,20,40,41,42,48,34,22,41,50,38,33,28,33,36,20,17,14,14,16,22,25,22,19,13,18,23,25,24,56,50,44,48,43,43,37,45,49,24,41,48,43,43,38,35,38,23,19,29,34,7,20,37,37,32,17,30,21,17,18,29,13,16,22,28,24,17,16,23,36,16,25,26,18,19,18,,7,15,9,9,31,12,12,12,,8,12,18,12,28,14,12,11,15,24,11,16,23,17,7,9,14,16,,12,8,18,40,11,21,28,27,47,30,44,,32,,37,,23,28,15,21,24,26,12,18,52,38,23,85,72,23,22,72,58,54,139,27,32,25,31,38,,,,21,,
20260618,20,SO2,3,6,2,10,6,3,3,4,3,2,6,5,4,12,8,6,8,5,5,6,7,7,6,8,7,6,6,24,6,10,7,7,7,6,5,5,6,5,6,6,6,2,,5,9,4,2,7,5,6,4,5,5,6,5,5,5,5,6,3,5,7,3,4,9,4,6,4,6,5,9,10,5,5,5,6,8,6,6,5,6,7,3,10,9,6,8,9,9,6,5,4,7,7,4,8,5,5,10,4,7,6,5,4,4,7,3,4,5,5,7,10,6,8,8,8,10,7,8,5,4,5,5,5,7,3,8,3,8,6,4,8,7,8,4,8,7,5,3,5,2,9,11,14,4,9,4,6,3,3,5,5,2,6,6,5,15,14,5,4,,,,,,,,,,,,,,,,,,,,,,,,,,,,,,6,2,4,4,5,10,4,6,3,13,9,4,12,8,,7,10,7,8,11,6,5,7,11,11,2,3,7,9,5,7,6,3,12,7,9,6,7,8,5,9,7,4,8,6,6,6,4,4,6,5,5,3,3,6,3,9,6,4,3,7,2,4,6,5,6,6,3,5,6,4,6,6,8,6,8,6,4,5,7,3,5,8,5,5,5,4,6,6,3,7,5,2,5,4,15,10,5,8,6,5,12,10,4,7,7,5,6,7,4,2,,6,6,4,9,3,6,4,2,,5,5,7,14,5,8,1,4,4,8,6,6,5,8,7,5,7,4,,5,4,4,4,5,7,3,10,9,6,9,,4,,8,,3,10,7,9,10,12,6,20,6,6,7,4,6,8,6,3,7,5,4,6,5,8,6,7,,,,4,,
20260618,20,SO2_24h,3,6,4,10,7,5,3,3,3,2,7,6,3,10,10,8,8,5,5,7,6,7,4,7,8,7,6,9,6,9,7,7,7,6,7,5,7,7,7,6,7,2,4,5,9,4,3,8,6,6,5,6,6,5,5,5,5,5,5,3,4,7,3,4,8,5,7,5,6,5,10,19,6,5,8,8,13,7,6,5,6,7,3,14,11,8,10,12,12,7,6,5,8,8,4,10,7,6,7,5,7,6,5,5,4,6,5,3,6,5,8,10,8,10,10,6,9,7,6,5,4,6,5,6,7,4,9,4,9,9,5,9,8,10,5,9,7,5,3,5,2,8,9,17,5,9,4,6,2,3,5,5,2,6,7,9,12,17,5,4,,,,,,,,,,,,,,,,,,,,,,,,,,,,,,6,5,4,5,5,11,5,7,5,9,9,4,11,6,,7,10,8,7,9,7,5,7,10,11,2,5,7,8,5,7,5,4,9,7,9,7,7,11,6,10,8,5,9,7,6,6,5,5,8,5,7,3,4,6,5,10,4,6,2,7,3,5,9,7,7,7,4,7,6,4,6,7,8,7,9,8,5,7,8,4,5,9,6,7,5,4,7,22,3,6,5,2,6,4,13,10,6,7,6,7,8,10,4,9,7,5,6,8,4,3,,6,6,4,7,3,6,4,2,,4,5,7,8,6,8,7,4,4,8,6,7,5,9,7,5,7,4,,4,3,4,7,5,7,6,10,10,6,12,,5,,9,,4,10,8,9,10,13,6,20,10,6,7,6,6,7,5,4,8,5,5,6,3,7,6,7,,,,5,,
20260618,20,NO2,19,27,10,15,13,15,15,16,16,25,21,17,13,19,11,20,14,23,23,21,27,35,12,20,11,21,36,25,34,7,14,7,14,27,31,20,24,17,18,24,14,19,18,11,23,21,11,13,14,14,16,18,9,35,19,11,29,14,40,46,19,19,9,7,16,11,13,7,13,13,12,15,14,6,9,8,13,12,12,10,15,9,16,15,19,12,18,13,13,12,16,11,14,18,10,21,15,12,13,7,8,13,13,3,20,20,21,13,6,16,11,10,17,14,13,17,23,16,14,19,14,19,9,8,16,11,14,15,14,15,15,12,15,9,9,7,13,9,5,7,14,9,12,14,17,8,9,10,8,8,14,10,9,8,12,4,15,18,5,6,,,,,,,,,,,,,,,,,,,,,,,,,,,,,,14,11,8,14,13,12,5,11,22,14,12,5,10,11,,12,7,11,11,21,10,26,15,17,22,6,9,17,11,13,18,15,14,13,14,17,11,21,16,12,10,14,5,25,24,12,19,13,12,7,11,15,6,3,12,7,14,8,5,6,5,6,3,6,21,14,15,13,21,6,8,20,5,8,19,17,13,6,8,6,13,9,2,4,5,6,4,7,2,8,27,8,7,14,14,8,12,4,6,8,15,9,12,9,17,11,20,20,5,4,6,,7,11,14,6,7,9,5,5,,4,4,14,5,7,7,6,4,6,5,9,6,11,11,8,3,5,10,,1,6,7,13,14,26,10,10,8,11,16,,8,,6,,8,12,2,4,2,1,3,1,11,13,8,4,7,8,6,13,4,6,4,4,13,11,3,2,,,,4,,
20260618,20,NO2_24h,22,21,9,15,24,16,18,11,12,23,15,26,9,16,18,16,16,15,19,23,26,27,11,18,14,13,29,26,28,6,13,4,16,25,47,19,22,21,18,12,22,14,13,12,25,12,12,12,18,13,20,24,11,19,17,6,18,8,15,22,12,13,8,5,13,13,10,9,8,9,16,18,15,14,20,12,27,13,13,9,11,17,14,16,21,12,16,21,14,13,18,11,17,17,9,19,14,13,11,7,10,6,13,7,16,14,16,12,7,16,14,9,16,12,19,13,15,16,20,13,13,7,13,18,21,22,13,15,21,14,26,13,16,13,19,6,13,5,6,8,10,11,11,18,14,9,10,8,7,8,16,14,16,9,15,5,12,19,11,6,,,,,,,,,,,,,,,,,,,,,,,,,,,,,,9,14,9,13,14,10,5,12,31,9,14,7,12,19,,7,6,12,9,15,12,16,13,9,11,10,11,8,10,11,7,9,8,11,13,13,7,22,16,10,15,15,7,19,19,10,13,12,14,12,12,11,6,5,14,10,10,8,5,5,5,8,5,6,19,17,14,17,22,15,10,16,12,7,17,20,13,9,9,10,13,5,6,7,11,5,7,9,5,8,19,14,9,13,12,10,11,6,9,9,14,10,8,11,22,7,18,12,8,5,5,,12,9,11,4,8,7,4,7,,4,7,12,6,7,7,4,4,7,5,7,8,10,10,5,3,4,8,,2,7,7,12,6,14,8,12,11,8,20,,9,,7,,8,12,5,2,8,3,11,3,11,13,13,7,7,14,8,25,4,10,8,10,7,9,8,8,,,,5,,
20260618,20,O3,139,164,155,89,114,146,140,107,130,165,149,176,129,171,123,127,89,88,105,69,132,82,58,67,100,76,85,115,97,64,57,63,90,65,34,41,56,108,104,44,49,38,47,19,146,28,24,39,134,68,109,89,45,20,34,39,21,34,12,12,31,33,48,65,54,120,38,53,144,80,115,84,113,129,38,39,120,130,136,68,150,141,24,108,151,127,153,156,137,78,130,108,115,65,75,183,49,34,58,58,30,35,37,68,37,26,20,33,55,137,128,117,93,115,135,117,114,80,135,99,106,65,122,96,157,59,69,145,131,97,101,69,66,82,105,82,62,35,79,48,76,100,86,62,62,99,91,57,68,67,84,93,102,84,82,117,119,108,123,116,,,,,,,,,,,,,,,,,,,,,,,,,,,,,,74,111,30,131,112,164,97,121,107,117,139,74,114,139,,115,122,124,102,121,131,108,72,74,63,125,116,63,82,81,79,82,82,66,94,101,90,88,104,104,134,95,36,93,104,103,132,125,96,103,29,34,35,38,29,33,36,44,42,45,46,45,38,44,131,126,141,88,100,88,137,80,72,100,75,76,75,62,82,70,64,42,44,71,58,48,55,33,45,29,15,65,69,28,29,62,45,65,44,52,79,63,66,102,117,56,41,104,71,86,63,,65,64,57,55,41,54,41,49,,34,53,61,58,69,46,52,46,48,45,50,49,46,57,128,140,128,137,,153,67,85,126,58,76,98,91,105,132,105,,118,,88,,84,118,115,139,122,101,133,130,118,117,107,119,106,143,115,127,134,131,101,122,112,117,129,130,,,,56,,
20260618,20,O3_24h,139,164,155,89,114,146,140,107,130,165,149,176,129,171,123,127,89,88,105,69,132,82,58,67,100,76,85,115,97,64,57,63,90,65,34,41,56,108,104,44,49,38,47,19,146,28,24,39,134,68,109,89,45,20,34,39,21,34,12,12,31,33,48,65,54,120,38,53,144,80,115,84,113,129,38,39,120,130,136,68,150,141,24,108,151,127,153,156,137,78,130,108,115,65,75,183,49,34,58,58,30,35,37,68,37,26,20,33,55,137,128,117,93,115,135,117,114,80,135,99,106,65,122,96,157,59,69,145,131,97,101,69,66,82,105,82,62,35,79,48,76,100,86,62,62,99,91,57,68,67,84,93,102,84,82,117,119,108,123,116,,,,,,,,,,,,,,,,,,,,,,,,,,,,,,74,111,30,131,112,164,97,121,107,117,139,74,114,139,,115,122,124,102,121,131,108,72,74,63,125,116,63,82,81,79,82,82,66,94,101,90,88,104,104,134,95,36,93,104,103,132,125,96,103,29,34,35,38,29,33,36,44,42,45,46,45,38,44,131,126,141,88,100,88,137,80,72,100,75,76,75,62,82,70,64,42,44,71,58,48,55,33,45,29,15,65,69,28,29,62,45,65,44,52,79,63,66,102,117,56,41,104,71,86,63,,65,64,57,55,41,54,41,49,,34,53,61,58,69,46,52,46,48,45,50,49,46,57,128,140,128,137,,153,67,85,126,58,76,98,91,105,132,105,,118,,88,,84,118,115,139,122,101,133,130,118,117,107,119,106,143,115,127,134,131,101,122,112,117,129,130,,,,56,,
20260618,20,O3_8h,162,186,171,119,144,170,166,143,133,207,173,191,169,190,145,151,109,117,119,106,134,155,90,94,112,101,152,171,111,91,67,77,93,118,65,88,73,169,154,101,67,74,63,51,154,73,51,62,146,80,153,116,86,48,37,52,43,47,43,45,45,48,53,75,59,127,43,60,142,86,138,101,135,121,67,80,153,153,159,107,151,143,56,121,181,159,189,175,136,118,174,121,148,78,98,224,59,33,77,65,49,46,45,64,57,40,34,42,57,154,137,150,147,150,132,146,132,116,153,110,115,102,129,179,185,79,96,163,160,138,136,92,67,84,131,115,80,46,78,55,81,109,95,80,68,94,102,59,81,72,102,96,106,89,90,115,131,140,118,120,,,,,,,,,,,,,,,,,,,,,,,,,,,,,,98,134,47,150,124,188,113,185,142,123,144,92,125,168,,132,126,150,126,144,135,134,123,114,119,119,116,104,100,97,89,104,104,100,120,125,100,98,110,118,134,93,61,97,120,112,154,137,132,145,67,51,51,49,78,53,68,63,47,51,58,63,49,64,146,150,149,145,143,83,145,133,109,102,83,105,85,103,108,94,101,79,61,75,112,52,57,67,72,53,42,54,62,43,46,78,46,60,50,66,91,67,74,120,132,73,49,124,78,97,96,,67,78,62,53,74,67,49,56,,45,55,68,61,68,55,48,50,52,62,58,57,55,67,128,134,129,143,,146,79,92,144,90,109,119,82,103,122,112,,113,,95,,99,127,115,134,120,98,131,124,139,124,99,125,108,116,123,130,130,128,101,124,110,114,130,118,,,,58,,
20260618,20,O3_8h_24h,158,186,169,111,127,166,173,135,133,205,171,190,170,190,154,149,107,114,119,99,134,151,84,92,112,101,148,168,111,89,67,65,93,110,48,73,72,157,150,94,65,64,57,43,154,59,39,58,146,77,147,113,76,40,33,42,34,39,33,32,41,46,53,73,57,127,40,59,142,84,136,100,134,123,58,69,151,151,158,101,151,142,41,121,181,156,187,173,136,107,171,121,143,74,88,220,59,31,74,63,43,45,44,61,55,36,30,39,57,154,130,142,133,145,132,145,131,108,149,110,114,96,127,167,183,75,90,160,158,132,129,81,65,78,127,110,76,43,78,52,77,109,95,78,67,94,102,59,77,72,90,96,106,89,90,115,131,140,118,120,,,,,,,,,,,,,,,,,,,,,,,,,,,,,,93,134,44,146,123,185,102,174,138,122,144,88,125,164,,130,123,147,121,143,135,131,116,109,112,119,115,97,98,94,87,103,100,94,115,121,99,98,110,118,130,91,52,97,120,112,153,137,129,121,53,47,47,46,69,50,62,61,47,50,55,58,47,62,146,149,149,132,134,82,145,120,103,99,79,98,70,88,103,89,90,58,53,64,101,51,57,55,61,47,36,48,62,38,42,78,46,60,50,66,90,67,74,120,132,60,48,124,78,97,94,,67,78,62,53,52,66,49,56,,43,55,67,61,68,55,48,50,52,61,56,57,51,65,128,134,129,143,,146,79,92,142,80,100,115,82,103,122,112,,112,,95,,94,127,115,134,120,98,131,124,138,124,99,125,108,126,123,130,130,128,101,124,110,114,130,118,,,,57,,
20260618,20,CO,0.78,0.89,0.78,0.43,0.35,0.37,0.45,0.53,0.65,0.58,0.50,0.38,0.45,0.70,0.40,0.84,0.58,0.54,0.59,0.38,1.06,1.02,0.70,0.36,0.34,0.66,0.91,1.12,0.66,0.53,0.86,0.44,0.52,0.74,0.57,0.50,0.64,0.60,0.57,0.60,0.55,0.53,,0.45,1.05,0.37,0.28,0.62,0.32,0.41,0.56,0.79,0.49,0.55,0.54,0.57,0.50,0.30,0.67,0.63,0.65,0.47,0.68,0.37,0.62,0.53,0.67,0.41,0.20,0.61,0.67,0.35,0.36,0.25,0.43,0.58,0.50,0.48,0.52,0.50,0.37,0.52,0.53,0.37,0.60,0.37,0.58,0.50,0.46,0.35,0.77,0.38,0.32,0.42,0.23,0.75,0.60,0.70,0.63,0.67,0.55,0.60,0.85,0.47,0.45,0.80,0.67,0.60,0.47,0.20,0.53,0.58,1.13,0.78,0.62,0.94,0.80,0.86,0.66,0.55,0.44,0.43,0.47,0.47,1.13,0.46,0.49,0.38,0.50,0.60,0.57,0.43,0.43,0.60,0.82,1.00,0.75,0.43,0.50,0.64,0.35,0.60,0.63,0.45,0.57,0.47,0.60,0.30,0.72,0.40,0.35,0.55,0.40,0.54,0.50,0.20,1.10,0.60,0.28,0.15,,,,,,,,,,,,,,,,,,,,,,,,,,,,,,0.47,0.60,0.45,0.57,0.30,0.70,0.53,0.57,0.37,0.63,0.60,0.30,0.55,0.47,,0.35,0.45,0.55,0.67,0.60,0.77,0.47,0.60,0.65,0.65,0.50,0.30,0.43,0.30,0.20,0.60,0.47,0.40,0.53,0.35,0.45,0.20,0.70,0.52,0.40,0.60,0.65,0.45,0.95,0.74,0.40,0.63,0.33,0.80,0.37,0.40,0.67,0.35,0.35,0.80,0.63,0.97,0.97,0.35,0.38,0.40,0.53,0.55,0.45,0.58,0.47,0.45,0.53,0.48,0.53,0.50,0.33,0.28,0.67,0.78,0.93,0.78,0.70,0.60,0.80,0.63,0.60,0.68,0.40,0.80,0.45,0.57,0.55,0.35,0.60,0.55,0.57,0.58,0.67,0.50,0.55,0.47,0.70,0.75,0.50,0.50,0.50,0.57,0.60,0.60,0.53,0.40,0.65,0.65,0.30,0.20,,0.25,0.75,0.60,0.57,0.50,0.60,0.40,0.55,,0.55,0.40,0.50,0.40,0.55,0.65,0.40,0.20,0.20,0.65,0.40,0.30,0.55,0.40,0.35,0.20,0.35,0.30,,0.25,0.35,0.47,0.30,0.60,0.85,0.35,0.50,0.20,0.45,0.55,,0.30,,0.40,,0.25,0.60,0.40,0.20,0.40,0.30,0.10,0.30,0.45,0.50,0.25,0.50,,0.15,0.35,0.55,0.15,0.35,0.30,0.45,,0.20,0.20,0.15,,,,0.40,,
20260618,20,CO_24h,0.58,0.77,0.54,0.73,0.60,0.30,0.44,0.37,0.40,0.57,0.55,0.40,0.47,0.75,0.64,0.94,0.68,0.50,0.50,0.46,0.68,0.94,0.67,0.47,0.34,0.76,0.83,1.03,0.74,0.55,0.84,0.38,0.50,0.76,0.63,0.47,0.66,0.63,0.57,0.47,0.65,0.53,0.40,0.45,0.78,0.35,0.28,0.60,0.37,0.41,0.55,0.86,0.58,0.45,0.51,0.53,0.47,0.35,0.47,0.50,0.53,0.40,0.64,0.35,0.54,0.57,0.57,0.45,0.25,0.54,0.83,0.65,0.36,0.30,0.40,0.68,0.56,0.54,0.60,0.53,0.37,0.63,0.50,0.34,0.60,0.37,0.60,0.65,0.40,0.37,0.63,0.45,0.30,0.54,0.27,0.68,0.63,0.70,0.47,0.57,0.55,0.50,0.75,0.53,0.40,0.60,0.53,0.55,0.40,0.20,0.54,0.60,0.80,0.84,0.52,0.92,0.70,0.78,0.72,0.53,0.44,0.37,0.48,0.62,0.80,0.58,0.50,0.45,0.58,0.57,0.70,0.40,0.53,0.60,0.75,0.95,0.70,0.43,0.55,0.66,0.40,0.63,0.57,1.48,0.47,0.37,0.63,0.25,0.72,0.45,0.43,0.60,0.50,0.52,0.50,0.20,0.60,0.76,0.32,0.15,,,,,,,,,,,,,,,,,,,,,,,,,,,,,,0.58,0.60,0.45,0.50,0.43,0.75,0.50,0.77,0.50,0.33,0.47,0.30,0.55,0.60,,0.25,0.45,0.70,0.67,0.70,0.80,0.47,0.60,0.65,0.60,0.40,0.35,0.40,0.30,0.20,0.50,0.45,0.35,0.47,0.40,0.50,0.25,0.47,0.46,0.40,0.65,0.75,0.45,0.60,0.62,0.27,0.53,0.27,0.85,0.37,0.50,0.93,0.35,0.40,0.80,0.70,0.63,0.65,0.40,0.26,0.30,0.63,0.53,0.50,0.56,0.45,0.45,0.50,0.50,0.70,0.33,0.40,0.45,0.67,0.78,0.70,0.80,0.70,0.63,0.80,0.63,0.55,0.70,0.55,0.90,0.55,0.63,0.60,0.55,0.50,0.30,0.60,0.63,0.63,0.47,0.55,0.43,0.80,0.75,0.50,0.63,0.50,0.53,0.65,0.65,0.40,0.32,0.60,0.65,0.30,0.30,,0.25,0.60,0.50,0.47,0.50,0.60,0.30,0.55,,0.55,0.45,0.50,0.45,0.65,0.60,0.60,0.20,0.30,0.70,0.35,0.35,0.50,0.35,0.40,0.20,0.40,0.40,,0.25,0.35,0.43,0.40,0.50,0.80,0.35,0.45,0.30,0.50,0.60,,0.35,,0.35,,0.25,0.60,0.40,0.20,0.40,0.40,0.20,0.40,0.47,0.35,0.30,0.45,,0.20,0.25,0.80,0.15,0.40,0.25,0.45,0.20,0.20,0.30,0.20,,,,0.40,,
20260618,21,AQI,69,74,52,57,56,47,61,54,65,83,55,58,53,60,46,44,31,36,42,27,93,40,17,18,49,53,54,70,75,23,41,20,56,59,23,18,23,56,49,37,18,20,18,13,99,20,7,13,46,20,41,47,19,22,11,15,21,18,37,26,16,20,26,33,27,31,21,16,40,24,33,29,35,40,14,13,53,40,50,29,47,50,17,51,54,41,55,52,55,23,54,34,45,19,24,60,13,14,32,29,10,10,14,24,15,16,21,20,17,56,36,37,44,69,51,43,44,29,47,32,35,32,38,31,55,17,30,55,42,36,34,33,27,49,78,84,53,18,45,14,32,29,26,38,31,29,26,23,19,20,26,30,30,23,29,36,56,47,37,46,,,,,,,,,,,,,,,,,,,,,,,,,,,,,,23,47,8,40,51,54,28,40,35,72,53,29,46,40,,36,38,35,32,45,43,33,32,30,40,38,36,25,36,38,40,38,29,35,32,27,27,76,66,47,37,34,19,81,86,53,86,51,28,31,17,11,14,11,10,17,19,17,16,15,16,13,16,17,63,44,47,45,46,28,48,27,30,31,31,48,44,39,41,39,29,19,13,19,17,15,15,19,18,50,24,33,25,24,24,20,14,18,19,35,23,21,23,29,42,22,29,36,18,23,29,,19,24,17,21,34,17,25,14,,10,16,24,16,30,21,15,14,15,33,15,26,13,18,35,42,38,23,,46,22,24,36,15,27,31,30,32,36,36,,35,,39,,23,34,41,41,34,32,35,41,36,53,28,56,41,43,36,55,82,132,95,38,36,42,39,40,,,,21,,
20260618,21,PM2.5,48,54,33,38,30,32,40,38,43,61,37,25,25,43,32,27,20,17,21,19,69,28,4,5,31,28,38,51,55,15,29,4,40,42,9,8,16,40,34,23,12,8,11,3,74,8,4,6,23,6,29,32,9,14,6,10,14,9,26,18,10,14,14,19,13,17,10,9,10,14,22,20,18,11,3,6,14,14,28,20,33,35,9,31,23,11,31,35,32,13,22,10,18,4,8,43,3,8,17,11,7,6,8,9,9,10,15,11,4,27,16,23,23,50,36,29,31,13,32,19,15,10,20,10,39,5,21,31,28,25,24,23,5,33,26,62,37,6,14,6,15,14,18,14,15,12,13,16,9,7,18,11,11,12,15,11,28,22,9,22,,,,,,,,,,,,,,,,,,,,,,,,,,,,,,13,33,4,21,26,38,9,28,16,21,33,20,25,12,,23,11,4,17,18,30,23,14,10,17,24,13,9,15,15,13,16,20,19,12,16,15,56,48,20,15,19,13,60,64,37,64,36,17,22,3,5,5,4,7,12,6,4,11,7,3,3,4,3,45,29,24,25,32,17,33,13,7,13,22,25,30,25,29,27,20,12,4,11,12,3,3,9,6,35,13,13,11,17,16,14,7,8,13,10,6,13,13,20,17,15,11,25,7,7,6,,8,17,6,10,21,11,11,8,,7,11,3,10,14,15,3,3,7,15,6,11,9,8,5,3,3,16,,3,14,12,13,3,19,22,16,20,21,13,,11,,24,,13,19,16,15,17,6,3,13,21,7,9,14,22,21,5,38,44,25,30,16,3,8,3,13,,,,9,,
20260618,21,PM2.5_24h,32,46,43,48,34,31,39,22,20,52,37,32,45,49,20,31,24,20,15,28,43,46,21,17,25,30,38,48,48,20,25,6,33,47,27,10,33,42,31,12,18,12,10,4,33,7,7,11,24,11,29,35,24,7,5,7,9,6,9,9,6,7,8,15,10,23,7,7,7,9,18,19,15,11,22,24,23,16,37,19,34,32,10,25,30,19,33,36,25,14,23,18,28,12,13,37,4,8,15,10,6,7,7,11,8,10,12,7,5,19,21,24,27,51,15,29,20,18,34,19,15,11,18,33,45,17,21,31,34,29,31,16,33,36,31,49,39,5,17,7,13,18,16,16,8,14,21,12,14,7,16,19,20,15,13,18,17,21,7,17,,,,,,,,,,,,,,,,,,,,,,,,,,,,,,24,32,9,20,29,53,10,45,22,18,19,18,24,18,,7,8,23,18,28,24,25,15,6,12,17,17,11,16,11,11,14,13,12,12,16,12,34,34,21,28,25,16,47,36,26,33,18,23,34,7,10,5,6,8,17,15,7,8,4,4,9,5,11,41,28,23,28,30,24,20,24,24,15,31,29,37,23,32,26,24,14,8,30,27,2,15,27,30,36,9,12,12,13,15,18,5,7,8,13,9,11,13,19,22,16,12,20,11,14,7,,4,9,6,9,18,7,5,11,,7,12,9,5,11,11,6,8,10,10,5,9,10,7,4,4,2,10,,3,5,12,24,5,14,14,19,25,20,19,,15,,20,,13,17,10,10,14,10,5,7,20,18,13,25,27,10,5,47,23,14,35,12,6,3,5,11,,,,11,,
20260618,21,PM10,88,93,53,64,62,47,72,58,80,93,60,65,56,61,34,44,31,36,42,27,80,36,17,17,49,55,50,71,48,23,37,9,54,38,23,18,22,48,44,37,18,20,18,13,81,20,7,13,46,8,33,47,19,22,11,15,21,18,35,23,16,19,26,33,27,28,21,15,11,17,33,26,35,23,14,11,55,22,50,25,37,41,17,52,58,41,60,54,59,23,58,34,45,9,11,61,12,14,32,29,10,10,14,24,15,16,18,20,17,61,24,37,44,68,40,43,36,29,47,32,35,32,38,18,44,10,23,60,42,31,31,26,27,49,106,69,45,18,45,14,32,29,22,38,31,29,24,22,19,20,25,15,17,23,19,,62,47,17,46,,,,,,,,,,,,,,,,,,,,,,,,,,,,,,19,,8,29,52,53,13,39,35,94,56,27,46,29,,30,17,15,31,45,31,33,32,30,40,34,25,25,36,38,40,25,26,35,32,25,19,56,62,47,37,34,15,81,74,53,72,45,22,21,17,11,14,7,10,15,19,17,,15,16,11,16,17,66,44,47,45,37,24,48,27,30,18,28,48,44,39,30,37,24,19,13,16,14,9,8,19,18,34,24,33,25,21,24,20,12,12,18,35,23,21,23,27,42,22,29,33,13,17,29,,9,,10,21,34,17,25,10,,8,9,24,,30,17,11,12,15,33,12,26,10,18,8,12,20,16,,17,,22,18,6,23,31,30,32,31,36,,21,,39,,19,33,17,30,29,24,6,25,36,56,16,62,41,27,24,59,114,213,139,18,26,42,15,24,,,,21,,
20260618,21,PM10_24h,58,71,65,74,66,46,67,30,39,70,58,70,64,74,39,43,32,25,34,37,54,54,24,25,40,45,52,65,49,22,31,9,41,50,46,23,42,48,35,24,27,23,21,15,50,18,10,15,44,12,47,50,36,13,13,11,12,8,15,15,12,12,19,25,19,29,19,14,10,16,32,26,43,28,36,34,43,38,51,26,32,36,15,37,57,42,54,63,44,27,52,37,43,19,17,56,9,13,27,25,14,20,12,18,13,14,17,18,12,41,35,38,64,79,25,43,28,30,47,24,29,17,35,44,63,24,33,56,55,48,53,27,37,48,47,45,30,16,34,17,28,30,18,40,20,25,25,19,19,15,26,26,36,20,21,37,40,51,22,45,,,,,,,,,,,,,,,,,,,,,,,,,,,,,,33,46,17,46,51,69,20,64,58,49,33,30,64,37,,14,22,35,30,39,34,31,23,16,24,25,21,18,18,18,15,16,14,14,21,19,20,41,42,42,48,34,22,43,51,39,34,28,33,36,20,17,14,13,15,22,24,22,18,13,17,22,24,23,56,50,44,48,43,42,38,45,48,24,38,48,43,40,38,35,37,22,18,27,33,7,19,37,37,32,18,30,22,17,18,30,12,16,22,29,23,17,16,23,36,17,26,26,17,19,19,,7,14,9,9,31,12,13,11,,8,12,18,12,28,14,12,10,14,24,11,16,23,18,6,9,14,15,,13,8,18,39,11,20,27,27,46,29,44,,32,,37,,22,28,15,21,23,26,12,18,47,32,22,74,68,23,22,73,61,62,134,27,33,25,30,36,,,,20,,
20260618,21,SO2,3,6,2,11,6,3,3,4,4,2,6,5,3,11,8,5,8,5,5,6,7,6,5,8,7,6,6,8,6,10,7,7,6,6,5,5,7,6,6,6,6,2,4,5,9,4,2,7,6,5,3,5,5,6,5,5,5,5,6,3,4,7,3,4,9,4,7,4,5,5,8,14,5,5,5,6,7,6,6,5,5,7,3,10,9,7,8,10,11,6,5,4,6,7,4,7,6,5,8,4,7,6,5,4,4,6,3,4,4,5,6,10,5,8,9,6,10,7,9,5,5,6,5,6,7,3,8,3,8,6,4,8,7,8,3,8,7,5,2,5,3,9,13,21,5,8,4,6,3,4,5,5,2,7,6,5,17,10,5,4,,,,,,,,,,,,,,,,,,,,,,,,,,,,,,5,2,4,4,5,10,4,5,3,15,9,4,11,6,,7,10,8,7,12,6,5,7,15,10,1,4,7,9,5,7,6,3,10,7,11,5,6,8,6,8,6,4,8,6,6,6,4,4,5,4,4,3,4,6,4,8,5,5,3,7,2,4,8,6,6,6,3,5,6,4,5,6,8,6,11,6,3,5,6,3,5,8,5,5,4,4,6,6,3,7,5,3,5,4,14,11,5,11,6,6,10,10,4,7,7,5,6,7,5,2,,6,6,4,8,3,6,4,2,,5,5,7,13,6,8,2,3,4,8,6,7,5,8,6,4,7,6,,5,3,4,19,4,8,5,11,9,6,9,,4,,8,,4,9,6,9,10,13,6,20,6,6,7,6,5,8,3,3,6,6,4,6,5,7,6,6,,,,4,,
20260618,21,SO2_24h,3,6,4,10,7,5,3,3,3,2,7,6,3,10,10,8,8,5,5,7,6,7,5,7,8,7,6,9,6,9,7,7,7,6,7,5,6,7,7,6,7,2,4,5,9,4,3,8,6,6,5,6,6,5,5,5,5,5,5,3,4,7,3,4,9,5,7,5,5,5,10,19,6,5,8,8,13,7,6,5,6,7,3,14,11,8,10,12,12,7,6,5,8,8,4,10,7,6,7,5,7,6,5,5,4,6,5,3,5,5,8,10,8,10,10,6,9,7,6,5,4,6,5,7,7,4,9,4,9,9,5,9,8,10,5,9,7,5,3,5,2,8,9,17,5,9,4,6,3,3,5,5,2,6,7,8,12,16,5,4,,,,,,,,,,,,,,,,,,,,,,,,,,,,,,6,5,4,5,5,11,5,7,5,10,9,4,11,6,,7,10,8,7,9,7,5,7,10,11,2,5,7,8,5,7,6,4,9,7,9,7,7,11,6,10,8,5,9,7,6,6,5,5,7,5,7,3,4,6,5,10,4,6,2,7,3,5,9,7,7,7,4,7,6,4,6,7,8,7,9,8,5,7,8,4,5,9,6,7,5,4,7,21,3,6,5,2,6,4,13,10,6,7,6,7,8,10,4,10,7,5,6,8,4,3,,6,6,4,7,3,6,4,2,,4,5,7,8,6,8,7,4,4,8,6,7,5,9,7,5,7,4,,4,3,4,7,5,7,6,10,10,6,12,,5,,9,,4,10,8,9,10,13,6,20,10,6,7,6,6,8,5,4,8,5,5,6,3,7,6,7,,,,5,,
20260618,21,NO2,18,26,9,16,17,15,14,16,16,28,21,20,17,19,11,21,12,29,25,20,24,25,13,21,11,20,35,26,30,7,15,7,17,29,26,16,20,16,20,24,14,25,14,9,22,20,13,17,18,16,14,18,8,38,18,10,30,13,35,45,19,22,9,8,17,13,13,8,17,12,17,21,14,7,7,6,15,12,10,13,15,10,18,17,21,15,19,17,15,12,18,12,16,17,9,19,15,13,13,6,9,11,14,2,21,16,26,15,6,15,13,11,15,17,13,17,29,14,13,19,17,16,10,9,11,12,11,15,14,14,17,8,15,10,9,7,13,6,3,7,11,10,14,16,19,11,10,12,9,13,16,10,13,12,8,5,13,15,7,9,,,,,,,,,,,,,,,,,,,,,,,,,,,,,,12,10,8,12,16,9,6,10,20,22,12,6,8,13,,10,8,14,11,47,11,37,33,20,11,4,10,23,15,19,15,5,12,14,16,22,9,21,16,16,5,17,5,19,24,13,18,15,10,7,13,11,7,4,11,8,16,6,3,6,4,6,3,7,25,15,19,17,28,4,9,18,7,7,15,14,14,7,6,10,11,9,4,4,5,4,5,9,2,10,23,8,8,16,18,9,12,5,8,12,9,14,14,10,16,15,26,21,8,5,7,,8,11,9,5,8,8,5,8,,5,5,13,9,9,9,5,3,6,5,10,9,12,12,14,3,3,8,,1,6,9,17,14,22,13,10,12,15,25,,10,,7,,8,12,1,5,6,1,13,1,10,10,12,6,8,6,6,15,5,7,6,7,6,15,4,3,,,,4,,
20260618,21,NO2_24h,22,21,9,15,25,16,18,11,12,24,15,25,9,16,17,17,15,14,19,23,26,27,11,18,14,13,29,26,28,6,13,4,16,25,46,19,21,21,18,12,22,15,13,12,25,12,12,12,18,13,20,24,10,20,17,7,19,8,16,23,12,13,8,5,13,13,10,9,9,9,15,18,15,14,20,11,26,13,13,9,11,17,14,16,21,12,16,21,14,13,18,11,17,17,9,19,14,13,11,7,10,6,13,6,16,14,17,12,7,16,14,9,16,12,18,13,16,15,20,13,13,8,13,17,21,22,12,15,21,14,26,13,16,13,19,6,13,5,6,8,10,11,11,18,13,9,10,8,7,8,15,13,16,8,14,5,12,19,11,7,,,,,,,,,,,,,,,,,,,,,,,,,,,,,,9,14,9,13,14,10,5,12,28,9,13,6,11,19,,7,6,12,9,17,12,17,14,9,11,10,11,9,10,11,7,9,7,11,13,13,7,22,17,10,15,15,7,19,20,10,13,12,14,12,12,11,6,5,14,10,10,7,5,5,5,7,4,7,19,17,14,17,22,15,10,16,12,7,17,20,13,9,9,10,13,5,6,7,10,5,7,9,5,7,20,13,9,13,12,10,10,6,9,9,13,9,8,11,21,8,18,12,8,5,5,,12,9,11,4,8,7,4,7,,4,7,12,6,7,7,4,4,7,5,7,8,10,10,6,3,4,8,,2,7,7,12,6,14,8,12,12,9,20,,9,,7,,7,11,5,2,8,3,11,3,11,13,13,7,8,14,8,26,4,10,8,10,7,9,8,7,,,,5,,
20260618,21,O3,131,149,142,85,100,136,122,102,129,140,127,148,116,156,127,111,81,73,92,69,126,84,51,59,90,67,67,89,103,56,49,63,87,52,35,44,58,101,92,37,44,28,55,17,137,21,23,33,118,65,110,74,40,18,31,38,18,34,12,10,33,27,52,62,46,100,33,50,129,77,100,91,107,128,36,40,104,127,122,59,135,137,20,98,137,102,147,140,125,72,104,109,105,62,76,161,43,29,54,56,24,33,35,65,30,25,14,29,52,148,115,109,92,98,133,98,86,83,137,77,93,48,113,99,148,53,80,133,126,95,94,77,66,71,80,73,57,41,81,46,84,81,65,58,46,87,82,44,54,56,75,95,97,59,93,115,115,114,119,110,,,,,,,,,,,,,,,,,,,,,,,,,,,,,,73,100,26,129,101,159,90,124,106,106,131,67,108,128,,114,122,113,103,67,125,85,46,52,66,123,116,42,59,65,67,120,87,57,87,86,87,65,96,86,106,75,30,75,95,75,131,112,91,98,24,34,30,34,31,25,27,46,47,46,46,42,44,42,115,108,125,76,79,91,137,81,61,99,81,57,72,64,69,62,65,49,38,61,53,49,49,26,39,23,18,65,70,23,27,60,44,59,40,37,69,43,58,90,98,47,30,80,59,74,51,,62,48,55,56,33,50,35,46,,32,47,56,50,55,46,48,44,47,40,48,43,42,54,111,134,122,,,148,69,76,115,48,78,96,73,90,115,73,,113,,83,,75,109,130,131,109,101,113,132,113,106,88,121,105,138,114,124,126,108,97,120,115,128,124,128,,,,58,,
20260618,21,O3_24h,131,149,142,85,100,136,122,102,129,140,127,148,116,156,127,111,81,73,92,69,126,84,51,59,90,67,67,89,103,56,49,63,87,52,35,44,58,101,92,37,44,28,55,17,137,21,23,33,118,65,110,74,40,18,31,38,18,34,12,10,33,27,52,62,46,100,33,50,129,77,100,91,107,128,36,40,104,127,122,59,135,137,20,98,137,102,147,140,125,72,104,109,105,62,76,161,43,29,54,56,24,33,35,65,30,25,14,29,52,148,115,109,92,98,133,98,86,83,137,77,93,48,113,99,148,53,80,133,126,95,94,77,66,71,80,73,57,41,81,46,84,81,65,58,46,87,82,44,54,56,75,95,97,59,93,115,115,114,119,110,,,,,,,,,,,,,,,,,,,,,,,,,,,,,,73,100,26,129,101,159,90,124,106,106,131,67,108,128,,114,122,113,103,67,125,85,46,52,66,123,116,42,59,65,67,120,87,57,87,86,87,65,96,86,106,75,30,75,95,75,131,112,91,98,24,34,30,34,31,25,27,46,47,46,46,42,44,42,115,108,125,76,79,91,137,81,61,99,81,57,72,64,69,62,65,49,38,61,53,49,49,26,39,23,18,65,70,23,27,60,44,59,40,37,69,43,58,90,98,47,30,80,59,74,51,,62,48,55,56,33,50,35,46,,32,47,56,50,55,46,48,44,47,40,48,43,42,54,111,134,122,,,148,69,76,115,48,78,96,73,90,115,73,,113,,83,,75,109,130,131,109,101,113,132,113,106,88,121,105,138,114,124,126,108,97,120,115,128,124,128,,,,58,,
20260618,21,O3_8h,162,187,171,119,144,170,167,143,133,207,173,191,169,190,145,151,109,117,119,106,136,155,90,94,112,101,152,171,114,91,67,77,96,118,65,88,85,169,154,101,67,74,63,51,154,73,51,62,146,80,153,116,86,48,37,52,43,47,43,45,45,48,53,75,59,127,43,60,142,86,138,101,135,118,67,80,153,153,159,107,151,143,56,122,181,159,189,175,137,118,174,121,145,78,98,224,59,33,77,65,49,46,45,64,57,40,34,42,57,155,137,150,147,150,132,147,132,116,153,110,115,102,129,179,185,79,96,163,160,138,136,92,69,84,135,115,80,46,79,55,81,109,95,80,68,96,102,59,81,73,90,96,106,89,92,118,131,141,119,120,,,,,,,,,,,,,,,,,,,,,,,,,,,,,,98,134,47,150,124,188,113,185,142,123,144,92,125,168,,132,126,150,126,144,136,134,123,114,119,120,116,104,100,97,89,107,104,100,120,125,100,100,112,118,134,94,61,97,120,113,154,137,132,145,67,51,51,49,78,53,68,63,47,51,58,63,49,64,146,150,149,145,143,85,145,133,109,102,83,105,85,103,108,94,101,79,61,75,112,52,58,67,72,53,42,55,64,43,46,78,54,61,50,66,91,67,74,121,133,73,49,124,78,97,96,,68,78,62,53,74,67,49,56,,45,55,68,62,68,55,48,50,52,62,58,57,55,67,128,134,129,143,,148,79,92,144,90,109,119,85,103,124,112,,113,,95,,99,127,117,134,120,99,131,126,139,125,99,125,110,118,123,131,131,129,102,125,113,116,130,124,,,,58,,
20260618,21,O3_8h_24h,154,183,165,107,120,160,169,129,131,197,166,185,160,187,148,146,104,109,116,95,136,145,79,89,111,98,140,160,113,86,67,64,96,101,43,65,71,149,143,84,63,55,56,36,151,49,35,55,143,75,139,108,69,36,32,41,31,38,29,27,39,43,53,71,58,127,39,58,142,83,131,98,131,125,54,64,145,148,154,94,149,141,36,122,176,148,183,169,137,100,164,119,137,72,84,211,57,31,71,63,41,44,42,63,51,34,27,36,56,155,126,136,124,139,132,143,127,105,146,107,112,90,124,155,177,70,88,158,153,126,120,79,67,78,120,104,73,42,79,52,77,107,94,74,65,96,101,58,76,72,88,96,105,84,92,118,130,140,119,120,,,,,,,,,,,,,,,,,,,,,,,,,,,,,,88,129,41,143,120,181,99,166,131,119,142,84,123,159,,128,124,142,118,134,135,125,107,101,109,120,116,89,93,89,85,107,97,89,111,116,99,100,112,115,125,90,48,97,117,113,151,135,125,112,47,43,44,44,61,47,56,58,47,49,53,55,46,58,143,144,149,122,124,84,145,111,96,100,79,94,70,84,96,84,85,55,49,63,92,51,57,49,55,43,33,50,64,34,38,76,46,61,49,62,88,65,73,120,132,58,46,120,76,95,89,,68,75,62,53,49,64,47,55,,41,55,66,62,68,54,48,49,51,58,55,56,50,63,127,134,129,143,,148,78,90,138,75,95,112,85,103,124,110,,113,,94,,90,124,117,134,120,99,130,126,137,125,99,125,110,130,122,131,131,129,102,125,113,116,130,124,,,,57,,
20260618,21,CO,0.79,0.96,0.66,0.47,0.35,0.33,0.50,0.53,0.70,0.53,0.50,0.42,0.42,0.68,0.50,0.77,0.62,0.53,0.57,0.38,1.17,0.83,0.77,0.36,0.38,0.66,0.82,1.09,0.66,0.53,0.92,0.46,0.55,0.76,0.53,0.50,0.64,0.58,0.55,0.65,0.60,0.53,0.40,0.45,1.10,0.43,0.28,0.68,0.36,0.41,0.55,0.83,0.46,0.56,0.55,0.57,0.47,0.30,0.70,0.60,0.63,0.47,0.66,0.38,0.62,0.57,0.67,0.39,0.23,0.58,0.70,0.40,0.38,0.26,0.40,0.53,0.47,0.50,0.56,0.50,0.37,0.52,0.53,0.39,0.64,0.33,0.66,0.58,0.48,0.33,0.67,0.45,0.27,0.42,0.23,0.70,0.60,0.72,0.50,0.57,0.60,0.60,0.80,0.43,0.50,0.70,0.63,0.55,0.43,0.30,0.56,0.62,1.00,0.80,0.65,1.06,0.85,0.64,0.66,0.58,0.44,0.43,0.45,0.47,0.67,0.48,0.44,0.38,0.55,0.63,0.55,0.40,0.45,0.60,0.70,1.05,0.80,0.40,0.50,0.63,0.35,0.60,0.63,0.53,0.60,0.47,0.63,0.30,0.75,0.45,0.40,0.50,0.40,0.52,0.50,0.20,0.80,0.46,0.32,0.20,,,,,,,,,,,,,,,,,,,,,,,,,,,,,,0.47,0.70,0.45,0.57,0.37,0.95,0.55,0.53,0.43,0.80,0.60,0.30,0.60,0.50,,0.40,0.45,0.53,0.67,0.55,0.73,0.47,0.60,0.70,0.70,0.50,0.30,0.43,0.37,0.23,0.57,0.42,0.30,0.53,0.40,0.45,0.20,0.58,0.58,0.45,0.53,0.70,0.50,0.75,0.72,0.30,0.75,0.37,0.68,0.27,0.40,0.63,0.30,0.35,0.70,0.73,0.67,0.63,0.25,0.32,0.35,0.55,0.50,0.45,0.62,0.47,0.45,0.50,0.56,0.53,0.53,0.27,0.25,0.67,0.74,0.87,0.77,0.60,0.53,0.90,0.60,0.60,0.68,0.40,0.80,0.45,0.57,0.60,0.35,0.60,0.45,0.60,0.57,0.70,0.47,0.50,0.55,0.70,0.80,0.50,0.57,0.55,0.50,0.60,0.60,0.50,0.40,0.70,0.65,0.35,0.20,,0.25,0.70,0.55,0.53,0.50,0.60,0.40,0.55,,0.60,0.45,0.50,0.45,0.65,0.65,0.40,0.20,0.20,0.70,0.40,0.40,0.50,0.40,0.50,0.20,0.35,0.30,,0.25,0.35,0.50,0.30,0.60,0.85,0.45,0.45,0.30,0.50,0.65,,0.35,,0.35,,0.25,0.60,0.40,0.20,0.50,0.20,0.20,0.30,0.40,0.50,0.30,0.40,,0.20,0.30,0.65,0.15,0.40,0.35,0.50,,0.10,0.20,0.15,,,,0.45,,
20260618,21,CO_24h,0.60,0.77,0.54,0.71,0.55,0.30,0.44,0.37,0.40,0.57,0.53,0.40,0.47,0.75,0.64,0.93,0.68,0.49,0.51,0.46,0.71,0.93,0.68,0.47,0.36,0.76,0.83,1.04,0.74,0.57,0.84,0.40,0.50,0.76,0.63,0.47,0.65,0.63,0.57,0.47,0.65,0.53,0.40,0.45,0.80,0.38,0.28,0.63,0.37,0.41,0.56,0.88,0.56,0.45,0.50,0.53,0.50,0.35,0.47,0.50,0.53,0.40,0.64,0.35,0.53,0.57,0.57,0.45,0.25,0.55,0.83,0.65,0.36,0.31,0.38,0.68,0.56,0.54,0.60,0.53,0.37,0.63,0.50,0.34,0.60,0.37,0.60,0.65,0.40,0.37,0.63,0.45,0.30,0.54,0.27,0.68,0.63,0.70,0.50,0.57,0.55,0.50,0.75,0.53,0.40,0.60,0.57,0.55,0.40,0.20,0.56,0.60,0.80,0.84,0.52,0.94,0.70,0.78,0.72,0.53,0.44,0.37,0.48,0.62,0.80,0.58,0.49,0.45,0.58,0.57,0.70,0.40,0.53,0.60,0.75,0.95,0.70,0.43,0.55,0.66,0.40,0.63,0.60,1.40,0.47,0.37,0.63,0.25,0.72,0.45,0.43,0.60,0.50,0.52,0.55,0.20,0.60,0.74,0.32,0.15,,,,,,,,,,,,,,,,,,,,,,,,,,,,,,0.58,0.60,0.45,0.50,0.43,0.75,0.50,0.77,0.50,0.33,0.47,0.30,0.55,0.60,,0.25,0.45,0.70,0.67,0.70,0.83,0.47,0.60,0.65,0.60,0.40,0.35,0.40,0.27,0.20,0.50,0.47,0.35,0.47,0.40,0.50,0.25,0.48,0.46,0.40,0.65,0.75,0.45,0.60,0.62,0.27,0.53,0.27,0.85,0.37,0.50,1.00,0.35,0.35,0.80,0.70,0.63,0.65,0.40,0.28,0.35,0.60,0.53,0.50,0.56,0.48,0.45,0.53,0.50,0.70,0.40,0.40,0.45,0.63,0.78,0.73,0.80,0.70,0.63,0.80,0.60,0.55,0.70,0.55,0.90,0.55,0.63,0.60,0.55,0.50,0.30,0.60,0.65,0.63,0.47,0.55,0.43,0.80,0.75,0.50,0.63,0.50,0.53,0.63,0.65,0.40,0.32,0.60,0.65,0.30,0.30,,0.25,0.60,0.50,0.47,0.50,0.60,0.35,0.55,,0.55,0.45,0.50,0.45,0.65,0.65,0.60,0.20,0.30,0.70,0.35,0.35,0.50,0.35,0.40,0.20,0.40,0.40,,0.25,0.35,0.43,0.40,0.50,0.80,0.35,0.45,0.30,0.50,0.60,,0.35,,0.35,,0.25,0.60,0.40,0.20,0.40,0.40,0.20,0.40,0.47,0.35,0.30,0.45,,0.20,0.25,0.80,0.15,0.40,0.25,0.45,0.20,0.20,0.30,0.20,,,,0.40,,
20260618,22,AQI,73,79,48,65,55,46,64,71,69,84,57,60,57,54,37,46,28,39,41,30,99,37,15,19,53,46,50,60,76,26,41,18,61,56,24,17,23,59,44,33,31,23,18,8,100,22,9,12,48,20,36,43,18,22,12,20,21,12,28,24,20,29,30,33,28,28,23,17,39,24,33,34,47,39,12,14,30,38,50,37,49,40,17,47,53,29,50,55,53,24,53,41,43,21,23,68,13,14,29,30,8,12,11,23,18,13,21,26,17,53,36,42,39,66,50,44,41,32,51,37,35,33,41,31,63,15,28,55,43,39,31,28,20,46,61,85,50,13,44,15,30,28,26,38,35,29,22,26,21,25,31,27,24,21,28,36,57,36,35,59,,,,,,,,,,,,,,,,,,,,,,,,,,,,,,24,55,11,38,54,60,29,37,41,56,52,29,60,41,,36,38,36,36,45,40,39,34,43,52,43,38,23,46,36,27,35,28,40,31,29,23,75,69,49,28,23,19,69,91,50,104,59,28,31,16,14,12,10,13,20,19,18,17,15,14,13,17,18,66,36,50,47,46,30,43,27,28,28,36,37,36,33,26,53,26,28,12,14,15,15,15,15,18,54,17,33,27,30,26,44,13,19,21,28,30,23,28,34,41,23,25,41,16,20,30,,19,27,18,18,46,19,30,14,,13,17,20,16,39,24,14,13,14,36,14,20,12,22,29,43,37,27,,48,18,22,33,9,29,33,33,27,37,37,,29,,37,,36,33,38,52,33,33,28,43,36,27,19,78,37,41,40,57,50,79,89,34,74,52,34,40,,,,21,,
20260618,22,PM2.5,52,58,30,47,29,32,43,52,45,62,38,29,29,35,26,32,17,21,21,21,74,26,5,7,35,24,35,43,56,18,29,5,44,40,10,6,16,42,31,22,22,9,10,3,75,9,4,5,25,6,25,30,8,14,7,9,15,5,13,17,12,20,13,18,13,17,9,8,7,17,23,24,18,9,3,4,17,18,30,26,34,28,11,33,25,8,35,39,32,13,25,14,22,3,9,49,4,10,18,11,4,7,8,9,11,9,15,18,3,32,11,23,19,48,35,30,25,20,36,24,13,15,20,11,45,5,16,31,29,27,22,19,9,32,12,63,35,3,15,7,17,14,18,12,17,11,13,16,11,9,22,12,13,11,16,22,24,19,10,27,,,,,,,,,,,,,,,,,,,,,,,,,,,,,,17,25,4,14,29,42,11,23,17,22,33,18,31,12,,14,9,3,25,26,28,26,18,11,19,30,13,8,19,11,17,11,18,13,12,18,10,55,50,27,9,7,13,50,68,35,78,42,16,22,3,5,5,3,9,11,5,4,6,7,3,3,3,6,48,23,23,32,32,18,29,11,5,10,25,14,25,23,18,37,17,16,4,10,7,3,4,9,7,38,8,13,11,21,18,16,7,7,15,12,9,14,16,24,19,15,12,29,10,9,7,,10,19,7,11,22,8,21,5,,9,12,7,10,27,17,7,8,7,12,7,12,8,6,8,3,3,19,,6,6,14,16,3,20,18,15,17,21,12,,13,,23,,18,20,7,20,19,12,3,8,13,13,11,19,26,19,11,34,18,12,38,15,54,8,7,17,,,,10,,
20260618,22,PM2.5_24h,34,46,42,48,34,31,40,23,22,53,37,32,45,48,20,31,24,20,15,27,45,45,21,17,26,31,39,49,49,21,25,6,33,47,26,10,32,43,31,13,18,11,10,4,36,7,7,11,24,11,29,35,23,8,6,7,9,6,9,9,6,8,9,14,10,23,7,7,7,9,18,19,15,11,21,23,23,17,37,19,34,32,11,26,30,19,34,37,25,14,24,19,28,11,13,38,4,8,15,10,6,7,7,11,8,10,12,7,5,20,21,23,27,51,16,28,20,17,34,18,15,11,18,33,46,17,21,31,34,29,31,16,31,35,30,49,39,4,17,7,13,18,16,15,9,14,20,12,13,7,16,18,20,14,13,19,17,21,7,17,,,,,,,,,,,,,,,,,,,,,,,,,,,,,,24,32,9,19,29,52,10,44,21,18,20,18,25,18,,8,7,21,17,29,24,25,15,7,13,18,17,10,16,11,11,14,13,12,12,16,12,36,36,21,27,24,16,48,38,27,35,19,23,33,7,10,5,6,7,17,14,7,7,4,3,9,4,11,41,29,23,29,30,23,21,23,23,14,30,29,36,22,32,26,24,14,7,28,26,2,14,26,29,36,8,11,13,14,15,18,6,7,8,13,9,11,13,19,23,16,12,20,10,14,7,,4,9,6,9,18,7,6,10,,7,12,8,5,12,11,6,8,9,10,5,9,10,7,3,4,2,10,,3,5,11,24,5,14,14,19,24,20,19,,15,,20,,13,17,10,11,14,10,5,7,20,17,13,24,26,10,5,47,23,13,35,12,8,3,5,11,,,,11,,
20260618,22,PM10,95,98,48,69,60,46,77,65,87,95,63,70,64,58,30,46,28,39,41,29,86,33,15,19,55,46,42,55,55,24,40,10,55,39,24,17,21,50,34,33,29,23,18,8,81,22,9,12,48,10,31,43,18,22,12,20,21,11,28,23,20,27,30,33,28,28,23,17,11,23,33,34,47,22,8,9,30,38,50,30,35,40,17,45,55,29,47,58,56,24,56,41,43,8,10,53,13,13,29,30,8,11,11,23,18,10,21,25,17,56,35,42,39,73,44,44,41,32,52,37,35,33,41,17,40,14,23,59,43,39,28,26,20,35,71,62,45,11,44,15,30,28,22,38,35,29,22,26,21,25,28,18,21,21,18,36,63,33,25,67,,,,,,,,,,,,,,,,,,,,,,,,,,,,,,23,59,11,27,58,69,15,36,41,62,53,29,70,23,,21,17,15,36,45,33,39,34,43,54,36,27,23,46,36,27,20,25,40,31,22,19,54,57,49,23,19,19,71,75,49,,47,20,18,16,14,12,7,11,20,19,18,10,15,14,13,17,18,61,36,50,47,37,20,43,27,28,18,28,37,36,30,22,,20,28,11,10,13,11,7,15,18,,17,33,27,26,21,44,13,19,19,28,30,23,28,31,41,23,25,39,13,20,30,,7,17,18,17,46,19,23,12,,9,10,20,,39,19,13,11,10,36,9,20,12,22,18,10,18,24,,16,13,22,21,9,26,33,33,27,37,37,,24,,37,,36,32,23,54,33,33,13,25,35,16,16,105,,27,40,64,50,108,128,22,,53,19,29,,,,21,,
20260618,22,PM10_24h,62,71,65,74,66,46,68,31,41,73,57,69,65,73,38,43,32,26,35,35,56,53,24,25,41,46,51,66,50,22,31,9,42,49,44,23,41,48,35,25,27,22,20,14,52,18,10,14,43,12,46,50,35,13,13,11,12,8,16,15,12,13,20,25,19,29,18,14,9,16,31,26,41,29,34,33,43,39,51,26,32,37,14,37,56,42,54,63,44,27,53,38,43,18,16,57,9,13,27,25,14,19,12,18,13,14,17,18,12,41,36,38,62,79,25,41,29,29,46,24,29,18,34,43,63,23,33,56,55,48,52,27,34,47,48,45,30,15,34,17,28,30,18,39,21,25,25,19,18,15,25,25,36,19,21,36,41,50,21,46,,,,,,,,,,,,,,,,,,,,,,,,,,,,,,33,48,17,45,52,69,19,63,56,50,34,30,64,36,,14,21,34,30,39,34,31,24,17,26,25,22,18,19,18,16,17,14,15,21,19,19,41,43,42,47,33,22,44,52,39,36,28,32,35,20,17,14,14,15,21,23,21,16,13,16,21,24,22,57,50,45,48,43,41,38,44,47,23,36,48,42,37,37,34,36,21,17,26,31,7,17,36,35,31,17,31,22,18,18,30,12,16,22,30,23,17,17,25,37,17,26,26,17,19,19,,7,14,8,9,31,13,13,10,,8,12,18,11,28,15,11,10,14,24,11,16,22,18,7,9,14,15,,13,9,19,38,11,20,26,27,46,27,43,,31,,36,,23,28,16,22,22,26,12,19,43,28,22,71,61,23,22,73,59,64,132,27,32,26,29,36,,,,19,,
20260618,22,SO2,3,6,2,11,7,4,3,4,3,2,6,5,3,10,8,5,7,5,5,6,7,6,5,6,7,6,6,8,6,10,7,7,7,6,5,5,6,6,7,6,6,2,3,5,9,4,2,7,5,6,3,5,5,6,5,5,5,6,5,3,4,7,3,4,8,4,7,5,5,4,8,12,5,5,6,6,8,6,6,5,6,7,3,10,10,7,7,11,9,5,6,4,6,7,4,7,6,5,6,4,8,5,5,4,4,5,3,4,4,,7,10,5,8,8,6,10,7,6,5,4,7,5,5,9,3,8,3,7,6,4,8,7,7,3,7,7,5,3,5,3,9,11,13,4,9,4,6,3,3,5,5,2,7,6,9,25,10,5,4,,,,,,,,,,,,,,,,,,,,,,,,,,,,,,5,2,4,4,5,10,4,5,4,26,9,4,10,4,,7,10,8,7,12,6,5,7,12,10,1,4,7,9,5,8,5,3,10,7,11,6,6,10,5,8,6,5,9,5,6,6,4,4,6,4,4,4,3,5,4,9,7,5,3,7,2,5,13,6,6,7,3,6,5,4,5,8,8,6,8,6,4,6,6,3,5,7,5,5,4,5,6,8,3,7,5,2,5,4,16,12,6,7,6,6,9,9,4,6,7,5,6,8,4,2,,6,6,4,9,3,6,5,2,,5,5,7,11,6,8,2,4,4,8,5,7,5,8,6,5,7,6,,4,4,4,49,4,7,4,10,9,6,11,,4,,8,,4,9,7,9,10,12,7,21,7,6,7,6,5,8,3,3,6,5,5,6,4,7,6,6,,,,4,,
20260618,22,SO2_24h,3,6,4,9,7,5,3,3,3,2,7,6,3,10,10,8,8,5,5,7,6,7,5,7,8,7,6,9,6,9,7,7,7,6,7,5,6,7,7,6,7,2,4,5,9,4,3,8,6,6,5,6,6,5,5,5,5,5,5,3,4,7,3,4,8,5,7,5,5,5,10,18,6,5,8,8,13,7,6,5,6,7,3,14,11,8,10,12,12,7,7,5,8,8,4,10,7,6,7,5,7,6,5,5,4,6,5,3,5,5,8,10,7,10,10,6,9,7,6,5,4,6,5,7,7,4,9,4,9,9,5,9,8,10,5,9,7,5,3,5,2,8,9,16,5,9,4,6,3,3,5,5,2,6,6,8,13,16,5,4,,,,,,,,,,,,,,,,,,,,,,,,,,,,,,6,5,4,5,5,11,5,7,5,10,9,4,11,5,,7,10,8,7,9,7,5,7,10,11,2,5,7,8,5,7,6,4,9,7,9,7,7,11,6,10,8,5,9,7,6,6,5,5,7,5,7,3,4,6,5,10,4,6,2,7,3,5,9,7,7,7,4,7,6,4,5,8,8,6,9,8,5,7,8,4,5,9,6,7,5,5,7,20,3,6,5,2,6,3,13,10,6,7,6,6,8,10,4,10,7,5,6,8,4,3,,6,6,4,6,3,6,4,2,,4,5,7,8,6,8,7,4,4,8,6,7,5,9,7,5,7,4,,4,4,4,8,5,7,6,10,10,6,12,,5,,9,,4,10,7,9,10,13,6,20,10,6,7,6,6,8,5,4,8,5,5,6,3,7,6,7,,,,4,,
20260618,22,NO2,20,23,9,15,14,17,13,14,14,26,20,20,17,13,11,21,12,36,23,17,22,19,12,19,12,17,32,30,26,7,16,7,22,26,27,11,17,16,18,28,25,29,11,9,21,20,13,15,19,14,13,19,7,38,21,8,30,9,22,42,20,27,8,6,21,15,11,8,14,13,22,20,14,9,7,5,19,14,12,24,12,10,20,17,24,13,15,20,17,11,19,12,15,14,9,15,17,16,10,4,12,9,12,2,23,14,24,13,6,18,12,11,14,21,10,16,31,15,13,25,18,12,10,9,11,16,9,16,14,19,14,9,14,10,7,7,13,6,3,9,8,9,16,12,21,14,11,13,11,14,14,10,23,13,8,15,15,13,9,17,,,,,,,,,,,,,,,,,,,,,,,,,,,,,,12,12,9,11,14,9,5,13,18,26,12,7,6,10,,7,6,12,12,37,10,41,52,18,18,6,9,22,16,18,11,7,9,15,12,18,9,22,15,15,4,4,5,19,21,12,15,15,8,7,13,17,7,3,17,8,15,6,2,7,5,5,4,5,19,14,18,17,26,4,9,23,7,7,14,12,13,7,8,10,6,9,4,3,6,5,5,15,2,11,24,11,9,16,17,11,12,6,9,16,7,18,17,10,15,15,26,18,8,8,8,,9,15,11,5,7,9,10,8,,6,8,15,7,14,8,6,4,7,5,9,10,11,10,24,2,4,11,,1,7,12,21,18,16,9,8,13,20,26,,9,,7,,26,12,3,3,4,2,23,2,11,14,26,13,8,8,9,12,4,5,6,14,7,12,11,3,,,,3,,
20260618,22,NO2_24h,22,21,9,15,25,16,17,11,11,23,15,25,9,16,17,17,15,14,19,22,26,26,11,19,13,13,29,26,28,6,13,4,16,25,45,18,21,20,18,13,22,16,12,11,25,13,12,12,17,13,20,24,10,21,17,7,19,8,16,25,13,14,8,5,14,13,10,9,9,9,15,17,14,13,18,11,25,13,13,9,11,17,14,16,21,12,16,21,14,12,18,11,17,17,9,19,14,13,11,7,10,6,13,6,17,14,17,12,7,16,15,9,16,13,17,13,16,15,19,13,13,8,12,16,20,22,12,15,20,15,25,13,16,12,19,6,13,5,5,8,10,10,11,17,14,9,10,9,8,8,15,13,16,9,14,6,12,18,11,7,,,,,,,,,,,,,,,,,,,,,,,,,,,,,,9,14,9,13,14,10,5,12,26,8,11,6,11,19,,7,6,12,9,17,12,17,15,10,12,9,11,9,10,11,8,8,7,11,12,13,7,23,17,10,14,14,7,19,20,10,13,12,14,12,12,12,6,5,13,9,10,7,5,5,5,7,4,6,19,17,14,17,22,15,9,16,11,7,17,20,13,9,8,9,13,5,6,7,10,5,7,9,5,8,20,13,9,13,13,10,10,6,8,10,13,10,9,11,21,8,19,12,7,6,5,,11,9,10,5,7,7,4,6,,4,7,12,6,7,7,4,4,7,5,7,8,10,10,6,3,4,8,,2,7,7,12,7,14,9,12,11,9,21,,9,,7,,8,11,4,2,7,3,11,3,12,13,14,7,8,13,8,26,4,9,8,10,6,10,8,7,,,,5,,
20260618,22,O3,114,140,124,83,110,118,107,101,113,119,118,128,110,154,113,110,72,56,91,69,111,84,47,52,82,54,54,63,86,52,44,59,73,48,30,44,56,97,88,35,37,20,53,13,136,18,22,31,110,64,111,62,34,16,23,36,16,37,23,11,27,20,52,62,35,87,33,48,125,71,86,92,108,124,37,44,96,123,101,41,128,128,16,82,122,90,146,126,107,69,86,108,104,68,73,144,38,23,54,57,18,37,35,57,25,22,14,26,52,,115,97,87,79,135,84,66,73,134,54,84,43,106,100,152,48,89,132,115,78,97,88,59,64,58,70,52,40,80,42,83,69,58,58,38,68,67,35,56,46,71,87,77,36,89,80,109,115,113,95,,,,,,,,,,,,,,,,,,,,,,,,,,,,,,65,94,21,123,102,148,93,117,111,100,129,62,113,130,,116,121,116,98,68,121,73,18,49,46,119,121,30,46,60,67,112,91,53,94,94,73,57,91,75,89,73,36,59,86,69,140,101,88,89,22,21,32,33,22,21,22,45,53,42,43,37,45,40,123,107,112,75,75,97,128,70,52,89,75,50,70,69,56,47,82,34,37,41,48,49,47,19,36,27,15,52,66,20,27,55,39,54,32,29,70,30,48,73,94,42,24,63,51,64,41,,60,34,43,56,34,50,42,45,,39,41,45,51,40,44,46,42,44,36,44,40,35,56,93,138,119,,,153,58,63,105,28,68,96,82,87,100,56,,93,,75,,40,106,121,118,107,89,89,138,115,85,61,113,107,131,118,98,129,111,94,109,110,120,110,128,,,,60,,
20260618,22,O3_24h,114,140,124,83,110,118,107,101,113,119,118,128,110,154,113,110,72,56,91,69,111,84,47,52,82,54,54,63,86,52,44,59,73,48,30,44,56,97,88,35,37,20,53,13,136,18,22,31,110,64,111,62,34,16,23,36,16,37,23,11,27,20,52,62,35,87,33,48,125,71,86,92,108,124,37,44,96,123,101,41,128,128,16,82,122,90,146,126,107,69,86,108,104,68,73,144,38,23,54,57,18,37,35,57,25,22,14,26,52,,115,97,87,79,135,84,66,73,134,54,84,43,106,100,152,48,89,132,115,78,97,88,59,64,58,70,52,40,80,42,83,69,58,58,38,68,67,35,56,46,71,87,77,36,89,80,109,115,113,95,,,,,,,,,,,,,,,,,,,,,,,,,,,,,,65,94,21,123,102,148,93,117,111,100,129,62,113,130,,116,121,116,98,68,121,73,18,49,46,119,121,30,46,60,67,112,91,53,94,94,73,57,91,75,89,73,36,59,86,69,140,101,88,89,22,21,32,33,22,21,22,45,53,42,43,37,45,40,123,107,112,75,75,97,128,70,52,89,75,50,70,69,56,47,82,34,37,41,48,49,47,19,36,27,15,52,66,20,27,55,39,54,32,29,70,30,48,73,94,42,24,63,51,64,41,,60,34,43,56,34,50,42,45,,39,41,45,51,40,44,46,42,44,36,44,40,35,56,93,138,119,,,153,58,63,105,28,68,96,82,87,100,56,,93,,75,,40,106,121,118,107,89,89,138,115,85,61,113,107,131,118,98,129,111,94,109,110,120,110,128,,,,60,,
20260618,22,O3_8h,162,187,171,119,144,170,167,143,133,207,173,191,169,190,145,151,109,117,119,106,136,155,90,94,112,101,152,171,114,91,67,77,97,118,65,88,83,169,154,101,67,74,63,51,154,73,51,62,146,80,153,116,86,48,37,52,43,47,43,45,45,48,53,75,60,127,44,60,142,86,138,101,135,119,67,80,153,153,159,107,151,143,56,122,181,159,189,175,137,118,174,121,145,78,98,224,59,33,77,65,49,46,45,64,57,40,34,42,57,155,137,150,147,150,133,147,132,116,153,110,115,102,129,179,185,79,96,163,160,138,136,92,69,84,131,115,80,46,81,55,81,109,95,80,68,96,102,59,81,73,91,96,106,89,92,118,131,141,119,120,,,,,,,,,,,,,,,,,,,,,,,,,,,,,,98,134,47,150,124,188,113,185,142,123,144,92,125,168,,132,126,150,126,144,136,134,123,114,119,120,119,104,100,97,89,108,104,100,120,125,100,100,112,118,134,94,61,97,120,113,154,137,132,145,67,51,51,49,78,53,68,63,48,51,58,63,49,64,146,150,149,145,143,86,145,133,109,103,83,105,85,103,108,94,101,79,61,75,112,52,58,67,72,53,42,56,66,43,46,78,46,61,50,66,91,67,74,121,133,73,49,124,78,97,96,,68,78,63,54,74,67,49,56,,45,55,68,62,68,55,48,50,52,62,58,57,55,67,128,136,129,144,,149,79,92,144,90,109,119,88,103,124,112,,113,,95,,99,127,118,134,120,99,131,128,139,126,99,125,112,120,123,131,131,129,102,125,113,117,130,128,,,,58,,
20260618,22,O3_8h_24h,147,178,159,102,115,153,161,122,129,186,161,177,150,181,139,142,99,101,113,88,130,133,73,84,107,90,127,145,109,81,65,64,95,90,39,58,69,137,131,72,59,46,55,32,148,41,31,50,139,72,130,100,62,31,29,39,27,37,26,22,38,39,52,69,56,123,40,56,140,81,123,94,127,127,48,58,135,143,147,84,147,139,31,117,168,139,178,163,135,93,152,118,130,71,81,200,55,30,67,62,37,43,42,63,46,31,24,34,56,155,123,129,113,130,133,137,120,98,143,100,109,82,122,143,173,64,85,154,147,118,112,78,66,79,113,98,69,41,81,50,78,103,91,70,62,94,98,55,73,69,86,95,102,77,91,114,128,135,118,117,,,,,,,,,,,,,,,,,,,,,,,,,,,,,,83,123,36,138,117,177,96,155,125,116,141,80,122,153,,126,124,137,114,126,135,118,93,93,99,120,119,80,86,85,83,108,96,83,109,111,96,97,110,109,117,89,45,92,111,109,149,130,120,102,41,39,41,42,51,42,50,55,48,47,51,52,45,54,140,138,145,113,113,85,142,101,88,100,79,87,70,82,88,76,82,51,46,59,83,50,56,43,49,39,29,52,66,30,35,74,45,60,46,58,86,61,71,110,128,56,42,113,73,90,81,,68,70,61,54,47,62,46,52,,40,54,62,60,65,52,48,48,50,55,53,53,48,61,124,136,128,144,,149,75,88,133,66,89,108,88,103,123,105,,111,,92,,83,120,118,133,119,98,125,128,135,124,95,124,112,133,121,127,131,128,102,124,113,117,128,128,,,,57,,
20260618,22,CO,0.85,0.98,0.66,0.56,0.35,0.28,0.43,0.53,0.70,0.53,0.50,0.43,0.40,0.60,0.52,0.71,0.63,0.59,0.52,0.37,1.32,0.72,0.60,0.40,0.42,0.66,0.81,1.03,0.62,0.55,0.96,0.44,0.72,0.77,0.53,0.50,0.63,0.58,0.53,0.63,0.60,0.53,0.40,0.45,1.12,0.40,0.28,0.60,0.39,0.40,0.54,0.81,0.44,0.56,0.58,0.60,0.50,0.30,0.60,0.63,0.67,0.50,0.69,0.38,0.63,0.61,0.67,0.39,0.23,0.58,0.67,0.40,0.38,0.31,0.47,0.45,0.56,0.50,0.56,0.55,0.37,0.55,0.53,0.41,0.62,0.33,0.68,0.58,0.44,0.32,0.75,0.45,0.27,0.42,0.23,0.68,0.60,0.78,0.50,0.53,0.60,0.55,0.80,0.40,0.50,0.70,0.67,0.60,0.33,0.30,0.56,0.65,0.88,0.85,0.64,0.94,0.73,0.64,0.56,0.65,0.42,0.50,0.45,0.47,0.70,0.46,0.42,0.40,0.53,0.67,0.55,0.40,0.45,0.60,0.53,1.03,0.80,0.67,0.47,0.64,0.35,0.60,0.70,0.53,0.60,0.50,0.67,0.30,0.75,0.60,0.40,0.50,0.40,0.52,0.50,0.40,0.80,0.50,0.32,0.25,,,,,,,,,,,,,,,,,,,,,,,,,,,,,,0.47,0.60,0.45,0.47,0.33,0.70,0.55,0.57,0.47,0.70,0.60,0.30,0.55,0.45,,0.30,0.45,0.47,0.60,0.60,0.73,0.43,0.60,0.65,0.65,0.60,0.35,0.40,0.37,0.23,0.63,0.40,0.30,0.57,0.40,0.40,0.20,0.60,0.56,0.35,0.50,0.55,0.45,0.60,0.72,0.23,0.82,0.40,0.50,0.27,0.43,0.70,0.35,0.30,0.80,0.73,0.60,0.68,0.25,0.32,0.35,0.55,0.50,0.55,0.64,0.43,0.45,0.47,0.54,0.55,0.53,0.23,0.28,0.70,0.76,0.80,0.77,0.60,0.43,0.80,0.50,0.60,0.60,0.40,0.80,0.45,0.57,0.55,0.35,0.60,0.40,0.60,0.53,0.70,0.47,0.65,0.47,0.80,0.75,0.60,0.57,0.70,0.55,0.63,0.60,0.55,0.42,0.65,0.65,0.35,0.20,,0.25,0.70,0.53,0.53,0.50,0.60,0.40,0.55,,0.65,0.50,0.50,0.45,0.70,0.70,0.40,0.20,0.20,0.70,0.35,0.45,0.50,0.40,0.50,0.15,0.40,0.40,,0.25,0.35,0.53,0.33,0.60,0.80,0.35,0.40,0.30,0.50,0.85,,0.35,,0.35,,0.35,0.60,0.40,0.20,0.50,0.30,0.20,0.40,0.40,0.40,0.30,0.45,,0.20,0.30,0.65,0.15,0.35,0.35,0.60,0.30,0.20,0.30,0.15,,,,0.45,,
20260618,22,CO_24h,0.63,0.81,0.54,0.70,0.55,0.30,0.44,0.37,0.45,0.60,0.50,0.40,0.47,0.75,0.64,0.95,0.68,0.49,0.51,0.45,0.74,0.89,0.68,0.47,0.38,0.76,0.81,1.06,0.74,0.57,0.84,0.40,0.52,0.76,0.63,0.47,0.65,0.63,0.57,0.47,0.65,0.53,0.40,0.45,0.80,0.38,0.28,0.62,0.38,0.41,0.56,0.88,0.54,0.45,0.51,0.53,0.50,0.30,0.47,0.50,0.57,0.40,0.64,0.35,0.53,0.57,0.57,0.44,0.25,0.55,0.83,0.65,0.34,0.31,0.37,0.68,0.56,0.54,0.60,0.50,0.40,0.63,0.50,0.34,0.60,0.37,0.60,0.67,0.40,0.35,0.65,0.47,0.30,0.54,0.27,0.68,0.60,0.70,0.50,0.57,0.55,0.50,0.75,0.53,0.40,0.60,0.57,0.55,0.40,0.20,0.56,0.62,0.80,0.84,0.52,0.94,0.70,0.78,0.70,0.52,0.42,0.40,0.47,0.62,0.80,0.58,0.48,0.45,0.58,0.57,0.70,0.40,0.53,0.60,0.75,0.95,0.75,0.43,0.55,0.66,0.40,0.63,0.60,1.33,0.47,0.40,0.63,0.25,0.75,0.47,0.43,0.60,0.50,0.52,0.55,0.20,0.63,0.74,0.30,0.15,,,,,,,,,,,,,,,,,,,,,,,,,,,,,,0.58,0.60,0.45,0.50,0.43,0.75,0.50,0.77,0.50,0.33,0.50,0.30,0.55,0.58,,0.30,0.45,0.70,0.67,0.70,0.83,0.47,0.60,0.65,0.60,0.40,0.35,0.40,0.27,0.20,0.50,0.47,0.35,0.50,0.40,0.45,0.25,0.48,0.48,0.40,0.65,0.75,0.45,0.60,0.62,0.27,0.55,0.27,0.85,0.37,0.47,0.93,0.35,0.35,0.80,0.70,0.63,0.65,0.40,0.28,0.35,0.60,0.53,0.50,0.58,0.48,0.45,0.50,0.50,0.70,0.40,0.40,0.45,0.67,0.78,0.73,0.80,0.70,0.60,0.80,0.60,0.55,0.70,0.55,0.90,0.50,0.63,0.60,0.55,0.50,0.30,0.60,0.65,0.63,0.47,0.55,0.43,0.80,0.75,0.50,0.63,0.50,0.53,0.65,0.65,0.43,0.35,0.60,0.65,0.30,0.30,,0.25,0.60,0.50,0.47,0.50,0.60,0.35,0.55,,0.55,0.45,0.50,0.45,0.65,0.65,0.50,0.20,0.25,0.65,0.35,0.40,0.50,0.40,0.40,0.20,0.40,0.40,,0.25,0.35,0.43,0.40,0.50,0.80,0.35,0.45,0.30,0.50,0.65,,0.35,,0.35,,0.25,0.60,0.40,0.20,0.40,0.40,0.20,0.40,0.47,0.40,0.30,0.45,,0.20,0.30,0.80,0.15,0.40,0.25,0.45,0.20,0.20,0.30,0.20,,,,0.40,,
20260618,23,AQI,75,78,48,65,54,50,65,56,64,99,56,56,57,47,31,55,25,40,34,31,96,43,15,20,51,42,40,61,70,29,40,18,64,56,26,17,30,61,44,27,31,27,22,8,84,20,11,10,49,21,39,40,14,25,17,15,23,15,20,23,19,30,29,31,27,28,21,19,41,26,35,33,34,35,10,12,33,35,52,43,47,47,17,33,52,31,58,58,54,23,49,51,47,21,23,71,16,23,30,32,18,12,16,23,23,13,24,30,15,37,36,40,33,68,47,47,33,36,55,37,31,31,39,31,66,15,27,54,40,40,37,25,21,19,16,80,49,12,37,17,34,29,27,47,34,28,23,26,22,30,34,26,43,20,27,39,126,32,33,202,,,,,,,,,,,,,,,,,,,,,,,,,,,,,,24,77,13,38,51,49,30,38,40,54,51,31,50,47,,34,37,37,37,54,37,41,35,36,55,50,35,19,50,34,29,31,27,20,25,41,27,74,79,45,23,32,21,63,85,55,100,64,22,26,18,18,18,9,12,20,15,17,15,17,14,12,16,18,55,34,51,47,49,31,52,28,24,25,36,26,31,29,19,43,28,26,12,12,14,16,14,12,17,55,22,34,24,24,23,39,14,17,22,17,22,22,26,29,37,24,34,41,17,22,20,,18,24,18,17,51,19,26,15,,14,23,22,16,43,26,37,13,13,29,13,32,19,21,23,43,35,41,,49,13,27,28,11,33,31,37,29,46,36,,26,,36,,42,31,27,49,33,38,22,41,32,35,19,66,33,36,33,55,39,54,89,38,30,44,30,38,,,,19,,
20260618,23,PM2.5,55,57,31,47,31,35,44,39,46,74,37,26,30,26,16,39,16,20,21,22,72,30,4,8,36,26,28,44,51,20,28,7,46,40,12,6,21,44,31,17,22,12,15,3,62,9,6,6,27,6,27,28,7,16,9,9,16,7,7,16,11,21,13,16,15,19,8,6,10,18,21,23,20,15,3,5,15,14,33,30,33,33,12,23,27,10,41,39,38,13,26,23,28,3,9,52,6,16,18,12,10,8,11,9,14,9,17,20,5,,12,24,20,49,33,32,16,24,39,22,12,14,21,17,48,3,18,36,28,28,26,16,10,7,3,59,34,3,16,10,15,15,19,10,16,12,15,18,10,14,24,13,14,10,17,21,60,19,16,152,,,,,,,,,,,,,,,,,,,,,,,,,,,,,,16,29,4,21,29,34,6,24,19,19,31,9,25,6,,19,10,3,25,33,25,29,20,14,19,35,15,9,22,8,15,8,17,9,10,11,13,54,58,26,4,21,12,45,63,39,75,46,13,12,4,6,8,3,8,14,5,3,3,5,3,3,3,6,39,21,24,27,34,8,27,12,5,11,25,5,21,15,13,30,10,10,3,8,10,3,3,8,5,39,9,13,12,17,15,17,8,9,14,12,9,13,18,20,20,16,13,29,12,11,6,,8,17,11,11,13,5,14,3,,8,16,14,8,20,18,10,8,9,11,6,14,13,10,7,3,3,21,,5,3,19,16,3,23,22,12,20,21,13,,11,,19,,15,20,8,17,23,20,10,6,13,9,6,15,6,24,18,31,13,10,50,21,,3,12,24,,,,10,,
20260618,23,PM2.5_24h,36,46,41,48,34,32,40,24,23,55,37,31,44,47,19,31,23,20,16,26,48,44,20,17,27,32,39,50,51,21,25,6,34,46,25,10,33,43,30,13,19,11,10,4,38,7,7,11,24,11,29,34,22,8,6,7,9,6,9,10,6,8,9,14,10,23,6,7,7,10,18,19,15,11,20,22,23,17,37,20,33,31,10,26,30,18,35,36,26,14,25,19,28,10,13,39,4,9,15,10,6,7,7,11,9,10,12,8,5,20,21,23,26,51,16,28,20,17,34,18,15,11,18,33,47,16,21,31,34,29,31,16,29,34,29,49,39,4,17,7,13,18,16,15,9,14,20,13,12,8,15,18,20,13,14,18,19,20,7,23,,,,,,,,,,,,,,,,,,,,,,,,,,,,,,23,32,9,20,29,51,10,43,21,17,20,18,25,18,,8,7,20,17,29,24,25,15,7,14,18,16,9,15,11,11,14,13,12,12,15,13,37,38,21,27,23,16,49,40,28,38,20,22,33,7,10,5,5,7,16,13,6,6,4,3,8,4,11,41,29,23,29,31,23,21,23,22,13,29,28,35,22,30,26,23,13,6,27,26,2,12,25,27,37,8,12,12,14,15,18,6,7,9,13,9,11,14,20,23,16,12,20,10,14,7,,4,9,6,9,18,7,7,10,,7,13,9,5,12,12,6,8,9,10,5,9,10,7,3,4,3,10,,3,5,12,23,4,15,14,19,23,19,19,,14,,20,,13,17,10,11,14,10,5,7,19,17,13,22,22,10,5,47,22,13,36,11,7,3,4,12,,,,10,,
20260618,23,PM10,96,94,48,71,58,50,79,62,74,101,62,62,63,43,23,53,25,40,34,30,80,36,12,20,50,42,38,59,60,23,34,12,55,41,26,17,25,51,35,27,31,27,22,8,68,20,11,10,49,8,33,39,14,25,17,15,23,15,20,22,19,27,29,31,27,28,21,19,19,21,35,28,34,32,10,10,21,29,54,35,33,42,16,30,53,31,52,65,58,23,49,51,47,7,11,65,16,19,30,32,18,12,14,23,23,11,20,30,14,,20,40,33,84,46,47,33,36,49,37,31,31,39,19,42,12,23,58,31,35,30,21,21,17,16,,34,12,37,17,34,29,25,47,34,28,23,26,22,30,32,16,43,20,21,39,202,30,28,348,,,,,,,,,,,,,,,,,,,,,,,,,,,,,,24,103,13,29,51,48,14,38,39,58,51,31,50,21,,28,20,15,37,57,34,40,35,36,60,45,23,19,50,34,29,18,25,20,25,,27,56,74,45,18,,21,60,67,47,,53,18,15,18,18,18,9,12,18,15,17,7,17,14,10,16,18,55,30,52,47,37,17,53,28,24,23,28,26,31,29,17,35,16,26,9,10,14,10,6,12,17,,22,34,24,23,23,39,14,17,22,14,22,22,25,25,37,24,34,38,15,22,20,,11,20,18,17,52,19,26,10,,14,13,22,13,43,20,37,11,10,29,12,32,18,21,22,7,13,32,,13,8,23,26,11,25,30,37,23,46,36,,22,,36,,42,29,16,49,30,38,16,16,29,35,14,81,12,32,,60,32,58,128,38,,44,30,38,,,,19,,
20260618,23,PM10_24h,65,72,64,74,66,47,69,32,43,75,56,68,65,71,37,43,32,26,35,34,58,52,24,26,42,46,51,67,51,22,31,9,43,49,43,23,40,48,34,26,27,21,18,14,53,18,10,14,43,12,46,49,34,14,13,11,12,8,16,16,12,14,20,25,19,30,18,14,10,16,31,26,40,29,33,31,42,39,51,27,32,37,15,37,55,42,55,62,46,26,53,38,44,17,16,58,10,13,27,26,14,19,13,18,14,14,17,19,12,41,36,38,61,80,25,41,29,29,46,24,29,18,34,42,62,22,31,56,54,48,50,26,32,45,47,46,31,15,34,17,29,30,19,40,21,25,25,20,18,16,24,24,36,18,21,36,48,48,21,54,,,,,,,,,,,,,,,,,,,,,,,,,,,,,,32,52,17,44,53,68,19,62,54,50,35,29,64,36,,15,20,33,30,41,34,32,24,18,27,26,22,18,20,18,16,16,15,16,21,18,19,42,44,41,46,32,21,45,53,39,37,28,31,33,20,18,15,14,15,21,22,20,15,13,15,19,23,22,57,49,46,48,42,40,38,43,46,22,34,46,40,35,36,33,35,20,16,24,30,7,16,35,35,31,18,31,22,18,18,31,12,17,22,30,23,17,17,25,38,17,26,26,16,19,19,,8,14,8,9,30,13,14,10,,8,12,18,11,28,15,12,10,14,25,11,16,22,18,8,9,14,16,,13,9,19,38,11,20,26,28,44,27,43,,30,,36,,24,27,16,23,23,27,12,19,40,27,22,69,45,23,21,72,59,64,130,26,31,27,28,36,,,,19,,
20260618,23,SO2,3,6,2,12,7,3,3,3,3,2,6,6,3,9,8,8,7,5,5,6,7,6,5,6,7,6,6,8,6,9,7,8,8,6,5,4,6,6,6,6,6,2,3,5,9,4,3,7,5,6,3,4,5,6,5,5,5,6,5,2,5,7,3,4,9,5,7,4,5,5,8,13,5,5,5,6,8,6,7,5,6,7,3,10,10,7,8,10,9,5,7,5,8,8,4,8,7,5,6,4,7,6,5,4,4,4,5,4,5,4,7,10,5,8,9,6,10,7,6,5,5,6,5,5,10,3,8,3,7,7,4,8,8,7,4,8,7,5,2,5,2,8,9,20,5,9,4,6,3,5,5,5,2,6,6,7,10,9,6,4,,,,,,,,,,,,,,,,,,,,,,,,,,,,,,5,2,3,4,5,8,4,5,3,23,9,4,10,4,,7,10,8,8,11,6,5,7,12,10,3,4,7,9,5,8,5,3,14,7,9,6,6,8,5,8,6,4,8,6,5,6,4,4,6,4,4,3,4,5,4,8,7,5,2,7,2,5,9,6,5,7,3,5,6,4,5,7,8,6,5,7,4,7,6,3,5,8,5,5,4,5,6,6,3,8,6,3,5,4,18,12,6,7,6,7,9,9,4,6,8,5,6,7,5,2,,6,6,4,18,3,6,4,2,,5,5,7,10,5,8,2,4,3,8,6,6,5,9,7,5,7,4,,5,3,4,17,4,7,4,9,9,6,16,,4,,8,,4,11,6,9,10,13,6,23,9,6,7,6,5,8,5,3,6,4,4,6,4,7,6,7,,,,3,,
20260618,23,SO2_24h,3,6,4,10,7,5,3,3,3,2,7,6,3,11,10,8,8,5,5,7,6,7,5,7,8,7,6,9,6,9,7,7,7,6,7,5,6,7,7,6,7,2,4,5,9,4,3,8,6,6,4,6,6,5,5,5,5,5,5,3,4,7,3,4,9,5,7,5,5,5,10,18,5,5,8,8,13,7,6,5,6,7,3,14,11,8,10,12,12,6,6,5,8,8,4,10,7,5,7,5,7,6,5,5,4,6,5,3,5,5,8,10,7,10,10,6,9,7,6,5,4,6,5,7,7,4,9,4,9,9,5,9,8,9,5,9,7,5,3,5,2,8,9,16,5,9,4,6,3,3,5,5,2,6,6,8,13,15,5,4,,,,,,,,,,,,,,,,,,,,,,,,,,,,,,5,5,4,5,5,11,4,8,5,11,9,4,11,5,,7,10,9,7,10,7,5,7,10,11,2,5,7,8,5,7,6,4,9,7,9,7,7,11,6,9,8,5,9,7,6,6,5,5,7,5,6,3,4,6,5,9,4,6,2,7,3,5,9,7,7,7,4,6,6,4,5,8,8,6,9,8,5,7,8,4,5,9,6,7,5,5,7,19,3,6,5,2,6,4,13,10,6,7,6,6,8,10,4,10,7,5,6,7,4,3,,6,6,4,7,3,6,4,2,,4,5,7,9,6,8,7,4,4,8,6,7,5,9,7,5,7,4,,4,4,4,8,5,7,6,10,10,6,12,,5,,9,,4,10,7,9,10,13,6,20,10,6,7,6,5,8,5,4,8,5,5,6,3,7,6,8,,,,4,,
20260618,23,NO2,19,24,13,15,11,18,18,13,14,29,16,20,18,9,12,24,11,30,20,15,21,19,10,16,12,16,32,28,32,6,15,8,21,22,27,14,17,14,16,17,15,26,15,10,18,20,15,10,19,12,13,16,5,37,28,4,30,10,13,40,22,30,8,5,23,16,11,9,10,12,18,19,16,13,7,6,16,19,15,26,13,9,21,15,23,13,16,19,18,11,21,14,14,13,8,18,18,20,12,4,11,7,15,2,25,12,26,16,9,,12,11,15,20,12,17,26,15,14,24,12,12,10,9,13,11,8,17,14,22,14,6,10,10,8,6,11,6,3,9,10,8,17,11,26,16,12,19,9,17,13,9,28,11,9,28,18,14,10,12,,,,,,,,,,,,,,,,,,,,,,,,,,,,,,12,9,9,9,14,8,4,16,10,26,13,12,6,6,,6,7,10,10,35,9,38,56,17,18,6,10,25,18,18,8,8,9,14,13,8,8,19,15,14,4,5,6,23,20,10,13,15,7,4,12,14,9,5,10,8,10,8,3,5,4,5,4,6,17,12,19,13,25,3,9,15,7,7,13,11,13,2,13,9,4,9,3,3,6,4,5,14,2,11,23,13,7,13,19,11,11,6,10,9,10,13,23,9,15,16,32,17,12,12,10,,9,10,10,5,6,10,10,7,,6,7,16,6,10,8,7,4,7,5,9,5,14,11,29,2,4,6,,2,7,14,29,15,19,8,9,13,38,25,,9,,7,,31,15,11,3,14,5,34,2,15,18,25,11,10,16,9,10,6,5,21,25,10,8,15,12,,,,3,,
20260618,23,NO2_24h,22,21,9,15,25,16,17,11,11,24,15,24,9,16,16,17,15,15,19,22,26,25,11,18,13,13,28,25,29,6,13,4,16,25,44,18,21,19,18,13,21,15,12,11,25,13,12,12,17,13,19,23,9,21,18,7,20,9,16,26,13,15,8,5,14,13,10,9,9,9,16,17,15,13,17,10,24,13,13,10,11,16,14,16,21,12,16,21,15,12,19,11,17,16,9,20,14,13,11,6,10,6,13,6,17,14,17,12,7,15,14,9,16,13,17,13,16,15,18,12,13,8,11,16,19,20,12,15,19,15,25,12,16,11,18,6,13,5,5,8,9,10,11,17,14,9,10,9,8,8,15,13,16,8,14,6,12,18,10,7,,,,,,,,,,,,,,,,,,,,,,,,,,,,,,9,14,9,13,13,10,5,12,25,8,11,6,9,18,,7,6,12,9,18,12,18,16,10,12,9,10,10,10,12,8,8,7,11,12,13,7,23,17,10,14,14,7,20,20,10,13,12,13,12,12,12,6,5,12,9,10,7,4,5,4,7,4,6,19,16,14,16,22,14,9,16,11,7,17,19,13,8,8,9,12,5,5,6,10,5,7,9,5,8,20,13,9,13,13,10,10,6,8,10,13,10,9,10,21,8,19,12,8,6,6,,11,9,10,5,7,7,4,6,,4,7,12,6,7,7,4,4,7,5,7,8,10,10,7,3,4,8,,2,7,7,13,7,14,9,12,11,10,21,,9,,7,,9,11,4,2,7,3,12,3,12,14,14,7,8,13,8,25,4,9,8,10,7,9,7,7,,,,4,,
20260618,23,O3,101,123,106,92,111,116,93,97,95,104,116,122,99,149,100,101,65,67,94,68,103,73,47,49,76,45,39,58,54,49,39,56,61,54,29,38,46,90,84,42,46,18,41,10,131,13,16,29,105,68,99,53,37,13,16,38,13,31,32,9,22,17,51,64,30,77,33,45,132,69,79,88,97,113,33,39,104,113,90,28,118,126,14,65,117,89,132,126,87,66,73,106,103,68,72,122,33,14,49,59,17,34,32,55,21,20,11,20,48,118,114,97,82,66,129,73,58,68,128,52,91,39,100,99,150,48,86,113,110,60,93,81,57,61,46,69,48,38,82,41,73,62,47,61,26,59,57,23,53,39,65,84,66,30,85,54,96,103,106,104,,,,,,,,,,,,,,,,,,,,,,,,,,,,,,57,97,18,122,109,143,95,100,129,92,120,47,115,149,,110,118,119,92,63,118,75,16,36,40,124,111,17,33,47,72,99,86,52,80,131,67,60,84,69,73,101,30,48,82,70,135,90,70,84,22,18,25,29,21,26,24,45,49,42,43,38,40,33,121,108,104,83,76,98,113,79,48,80,76,48,65,68,49,40,89,28,38,39,35,50,46,18,34,26,10,56,70,18,26,53,37,44,31,40,63,28,35,67,88,40,10,49,35,53,31,,58,29,42,55,38,43,50,48,,38,33,37,52,39,41,42,43,38,35,43,44,25,54,74,138,112,130,,158,42,42,88,25,63,90,77,78,74,51,,82,,74,,41,98,85,114,94,69,71,131,102,78,62,114,107,115,106,99,124,119,89,91,95,116,91,97,,,,59,,
20260618,23,O3_24h,101,123,106,92,111,116,93,97,95,104,116,122,99,149,100,101,65,67,94,68,103,73,47,49,76,45,39,58,54,49,39,56,61,54,29,38,46,90,84,42,46,18,41,10,131,13,16,29,105,68,99,53,37,13,16,38,13,31,32,9,22,17,51,64,30,77,33,45,132,69,79,88,97,113,33,39,104,113,90,28,118,126,14,65,117,89,132,126,87,66,73,106,103,68,72,122,33,14,49,59,17,34,32,55,21,20,11,20,48,118,114,97,82,66,129,73,58,68,128,52,91,39,100,99,150,48,86,113,110,60,93,81,57,61,46,69,48,38,82,41,73,62,47,61,26,59,57,23,53,39,65,84,66,30,85,54,96,103,106,104,,,,,,,,,,,,,,,,,,,,,,,,,,,,,,57,97,18,122,109,143,95,100,129,92,120,47,115,149,,110,118,119,92,63,118,75,16,36,40,124,111,17,33,47,72,99,86,52,80,131,67,60,84,69,73,101,30,48,82,70,135,90,70,84,22,18,25,29,21,26,24,45,49,42,43,38,40,33,121,108,104,83,76,98,113,79,48,80,76,48,65,68,49,40,89,28,38,39,35,50,46,18,34,26,10,56,70,18,26,53,37,44,31,40,63,28,35,67,88,40,10,49,35,53,31,,58,29,42,55,38,43,50,48,,38,33,37,52,39,41,42,43,38,35,43,44,25,54,74,138,112,130,,158,42,42,88,25,63,90,77,78,74,51,,82,,74,,41,98,85,114,94,69,71,131,102,78,62,114,107,115,106,99,124,119,89,91,95,116,91,97,,,,59,,
20260618,23,O3_8h,162,187,171,119,144,170,167,143,133,207,173,191,169,190,145,151,109,117,119,106,136,155,90,94,112,101,152,171,114,91,67,77,97,118,65,88,73,169,154,101,67,74,63,51,154,73,51,62,146,80,153,116,86,48,37,52,43,47,43,45,45,48,53,75,60,127,44,60,142,86,138,101,135,119,67,80,153,153,159,107,151,143,56,122,181,159,189,175,137,118,174,121,145,78,98,224,59,33,77,65,49,46,45,64,57,40,34,42,57,155,137,150,147,150,134,147,132,116,153,110,115,102,129,179,185,79,96,163,160,138,136,92,69,84,131,115,80,46,81,55,81,109,95,80,68,96,102,59,81,73,91,96,106,89,92,118,131,141,119,120,,,,,,,,,,,,,,,,,,,,,,,,,,,,,,98,134,47,150,124,188,113,185,142,123,144,92,125,168,,132,126,150,126,144,136,134,123,114,119,121,119,104,100,97,89,108,104,100,120,125,100,100,112,118,134,94,61,97,120,113,154,137,132,145,67,51,51,49,78,53,68,63,48,51,58,63,49,64,146,150,149,145,143,88,145,133,109,103,83,105,85,103,108,94,101,79,61,75,112,52,58,67,72,53,42,58,68,43,46,78,46,61,50,66,91,67,74,121,133,73,49,124,78,97,96,,68,78,63,56,74,67,49,56,,45,55,68,62,68,55,48,50,52,62,58,57,55,67,128,137,129,144,,150,79,92,144,90,109,119,89,103,124,112,,113,,95,,99,127,118,134,120,99,131,130,139,126,99,125,112,120,123,131,131,129,102,125,113,118,130,128,,,,58,,
20260618,23,O3_8h_24h,138,169,150,99,111,145,151,115,125,171,154,168,135,175,130,136,94,95,110,81,126,118,67,77,102,81,107,128,100,74,61,63,90,77,35,50,65,124,120,62,55,41,52,28,145,35,28,45,134,70,122,91,55,27,26,39,24,36,25,18,35,34,51,68,52,116,40,54,139,80,114,91,120,125,42,51,127,137,137,73,144,138,26,109,159,130,170,156,129,86,138,116,124,69,78,186,50,27,62,61,33,41,40,62,40,28,21,31,54,148,121,122,104,117,133,128,111,91,139,92,106,74,119,131,168,60,82,148,139,106,105,78,65,72,102,94,64,40,77,48,77,97,84,67,57,90,92,51,70,64,84,93,96,70,89,105,122,127,116,116,,,,,,,,,,,,,,,,,,,,,,,,,,,,,,78,117,32,133,115,170,94,142,123,112,139,74,120,151,,123,123,131,107,116,133,110,80,84,89,121,118,69,77,78,81,107,95,73,103,110,89,92,104,102,107,89,42,87,105,103,147,122,112,95,35,35,37,39,40,38,42,52,48,46,48,48,44,50,136,132,139,104,103,87,137,92,79,97,77,79,69,78,80,68,80,47,44,56,71,49,54,37,46,35,24,55,68,27,33,71,44,58,43,54,83,55,66,102,123,54,37,103,67,84,72,,67,63,58,56,45,58,45,51,,39,51,59,59,61,50,48,46,48,52,51,51,45,60,117,137,125,142,,150,69,82,125,58,83,104,88,101,117,97,,109,,87,,76,114,115,130,116,94,118,130,129,117,91,123,111,132,119,123,131,126,100,122,111,118,123,125,,,,57,,
20260618,23,CO,0.84,0.99,0.64,0.61,0.35,0.33,0.44,0.53,0.75,0.73,0.50,0.40,0.40,0.55,0.48,0.75,0.62,0.53,0.53,0.38,1.22,0.69,0.52,0.39,0.44,0.66,0.83,0.87,0.56,0.52,0.98,0.42,0.80,0.75,0.53,0.50,0.63,0.58,0.57,0.53,0.60,0.53,0.40,0.45,1.02,0.43,0.30,0.60,0.37,0.39,0.54,0.71,0.40,0.58,0.60,0.63,0.47,0.35,0.50,0.60,0.65,0.47,0.67,0.33,0.64,0.63,0.67,0.40,0.24,0.57,0.70,0.40,0.40,0.31,0.43,0.48,0.56,0.54,0.56,0.55,0.33,0.50,0.50,0.37,0.62,0.33,0.74,0.50,0.40,0.33,0.98,0.50,0.33,0.42,0.23,0.70,0.60,0.93,0.40,0.53,0.60,0.50,0.80,0.40,0.50,0.70,0.70,0.60,0.30,,0.56,0.63,0.80,0.80,0.66,0.86,0.77,0.72,0.58,0.58,0.42,0.43,0.47,0.48,0.73,0.44,0.46,0.42,0.50,0.63,0.57,0.40,0.53,0.57,0.57,1.00,0.75,0.40,0.47,0.64,0.35,0.60,0.73,1.10,0.60,0.53,0.67,0.40,0.75,0.73,0.37,0.55,0.40,0.50,0.45,0.50,0.77,0.50,0.32,0.20,,,,,,,,,,,,,,,,,,,,,,,,,,,,,,0.55,0.60,0.45,0.47,0.33,0.65,0.53,0.57,0.33,0.77,0.60,0.30,0.60,0.45,,0.30,0.45,0.47,0.60,0.65,0.77,0.43,0.60,0.65,0.65,0.55,0.40,0.40,0.40,0.33,0.57,0.42,0.30,0.57,0.40,0.30,0.20,0.62,0.56,0.35,0.45,0.65,0.45,0.50,0.74,0.27,0.78,0.40,0.47,0.27,0.43,0.63,0.35,0.30,0.70,0.73,0.47,0.72,0.25,0.30,0.35,0.47,0.50,0.55,0.66,0.40,0.45,0.40,0.54,0.57,0.57,0.30,0.30,0.67,0.72,0.67,0.68,0.60,0.43,0.80,0.50,0.60,0.67,0.40,0.80,0.45,0.53,0.55,0.35,0.60,0.45,0.57,0.60,0.67,0.50,0.65,0.43,0.80,0.70,0.50,0.60,0.80,0.60,0.63,0.60,0.50,0.47,0.65,0.65,0.40,0.20,,0.20,0.65,0.50,0.53,0.40,0.60,0.35,0.50,,0.65,0.50,0.50,0.45,0.70,0.70,0.50,0.20,0.20,0.70,0.40,0.40,0.55,0.45,0.45,0.15,0.40,0.30,,0.25,0.35,0.53,0.37,0.50,0.80,0.30,0.35,0.20,0.50,0.85,,0.35,,0.35,,0.35,0.60,0.30,0.20,0.40,0.40,0.20,0.30,0.50,0.40,0.30,0.45,,0.20,0.40,0.60,0.15,0.30,0.35,0.70,0.50,0.10,0.35,0.25,,,,0.40,,
20260618,23,CO_24h,0.65,0.82,0.56,0.70,0.55,0.30,0.44,0.37,0.45,0.60,0.50,0.40,0.47,0.73,0.64,0.94,0.68,0.49,0.52,0.44,0.77,0.88,0.67,0.47,0.38,0.76,0.81,1.06,0.74,0.57,0.84,0.38,0.55,0.76,0.63,0.47,0.65,0.60,0.57,0.50,0.65,0.53,0.40,0.45,0.86,0.38,0.28,0.62,0.38,0.41,0.56,0.87,0.53,0.45,0.55,0.53,0.50,0.30,0.47,0.53,0.57,0.40,0.64,0.35,0.54,0.57,0.57,0.44,0.25,0.56,0.83,0.60,0.34,0.30,0.37,0.67,0.56,0.54,0.62,0.50,0.40,0.63,0.50,0.36,0.60,0.37,0.60,0.67,0.40,0.35,0.65,0.47,0.30,0.54,0.27,0.70,0.60,0.72,0.50,0.57,0.55,0.50,0.75,0.50,0.40,0.60,0.57,0.55,0.37,0.20,0.56,0.62,0.80,0.84,0.52,0.94,0.73,0.78,0.70,0.52,0.40,0.40,0.47,0.62,0.80,0.56,0.48,0.45,0.58,0.57,0.70,0.40,0.50,0.60,0.75,0.95,0.75,0.43,0.55,0.66,0.40,0.63,0.60,1.30,0.47,0.40,0.63,0.25,0.75,0.47,0.43,0.60,0.50,0.52,0.55,0.20,0.63,0.74,0.30,0.15,,,,,,,,,,,,,,,,,,,,,,,,,,,,,,0.58,0.60,0.45,0.50,0.43,0.75,0.50,0.77,0.50,0.37,0.50,0.30,0.55,0.58,,0.30,0.45,0.70,0.67,0.70,0.83,0.47,0.60,0.65,0.60,0.40,0.35,0.37,0.27,0.20,0.50,0.47,0.35,0.50,0.40,0.40,0.25,0.48,0.48,0.40,0.65,0.75,0.45,0.65,0.62,0.30,0.55,0.27,0.83,0.37,0.47,0.93,0.35,0.35,0.80,0.70,0.63,0.65,0.35,0.28,0.35,0.60,0.53,0.50,0.58,0.48,0.45,0.50,0.50,0.70,0.40,0.33,0.45,0.67,0.74,0.73,0.77,0.70,0.60,0.80,0.60,0.55,0.70,0.50,0.90,0.50,0.63,0.60,0.50,0.50,0.30,0.60,0.65,0.63,0.47,0.55,0.43,0.80,0.75,0.50,0.63,0.50,0.53,0.65,0.65,0.45,0.35,0.60,0.65,0.30,0.30,,0.25,0.60,0.50,0.50,0.50,0.60,0.35,0.55,,0.55,0.45,0.50,0.45,0.65,0.65,0.50,0.20,0.20,0.65,0.35,0.40,0.50,0.45,0.40,0.20,0.40,0.40,,0.25,0.35,0.43,0.40,0.50,0.80,0.35,0.45,0.30,0.50,0.65,,0.35,,0.40,,0.25,0.60,0.40,0.20,0.40,0.30,0.20,0.40,0.47,0.40,0.35,0.45,,0.20,0.30,0.80,0.15,0.40,0.25,0.45,0.20,0.20,0.30,0.20,,,,0.40,,